TRACE::2026-03-19.19:59:44::SCWPlatform::Trying to open the hw design at E:/Git-Repos/CNC-FPGA/Vitis3/CNC-FPGA-FINAL-RELEASE/hw/CNC-FPGA-FINAL-RELEASE.xsa
TRACE::2026-03-19.19:59:44::SCWPlatform::DSA given E:/Git-Repos/CNC-FPGA/Vitis3/CNC-FPGA-FINAL-RELEASE/hw/CNC-FPGA-FINAL-RELEASE.xsa
TRACE::2026-03-19.19:59:44::SCWPlatform::DSA absoulate path E:/Git-Repos/CNC-FPGA/Vitis3/CNC-FPGA-FINAL-RELEASE/hw/CNC-FPGA-FINAL-RELEASE.xsa
TRACE::2026-03-19.19:59:45::SCWPlatform::DSA directory E:/Git-Repos/CNC-FPGA/Vitis3/CNC-FPGA-FINAL-RELEASE/hw
TRACE::2026-03-19.19:59:45::SCWPlatform:: Platform Path E:/Git-Repos/CNC-FPGA/Vitis3/CNC-FPGA-FINAL-RELEASE/hw/CNC-FPGA-FINAL-RELEASE.xsa
TRACE::2026-03-19.19:59:45::SCWPlatform:: Unique name xilinx:zedboard::0.0
TRACE::2026-03-19.19:59:45::SCWPlatform::Do not have an existing db opened. 
TRACE::2026-03-19.19:59:46::SCWPlatform::Opened new HwDB with name CNC_Top_wrapper_0
TRACE::2026-03-19.19:59:46::SCWWriter::formatted JSON is {
	"platformName":	"CNC-FPGA-FINAL-RELEASE",
	"sprVersion":	"2.0",
	"mode":	"gui",
	"dsaType":	"Fixed",
	"platformDesc":	"CNC-FPGA-FINAL-RELEASE",
	"platHandOff":	"E:/Git-Repos/CNC-FPGA/Zedboard-CNC/CNC-FPGA-FINAL-RELEASE.xsa",
	"platIntHandOff":	"<platformDir>/hw/CNC-FPGA-FINAL-RELEASE.xsa",
	"deviceType":	"zynq",
	"platIsPrebuiltAutogen":	"false",
	"platIsNoBootBsp":	"false",
	"hasFsblMakeHasChanges":	"false",
	"hasPmufwMakeHasChanges":	"false",
	"platPreBuiltFlag":	false,
	"platformSamplesDir":	""
}
TRACE::2026-03-19.19:59:46::SCWWriter::formatted JSON is {
	"platformName":	"CNC-FPGA-FINAL-RELEASE",
	"sprVersion":	"2.0",
	"mode":	"gui",
	"dsaType":	"Fixed",
	"platformDesc":	"CNC-FPGA-FINAL-RELEASE",
	"platHandOff":	"E:/Git-Repos/CNC-FPGA/Zedboard-CNC/CNC-FPGA-FINAL-RELEASE.xsa",
	"platIntHandOff":	"<platformDir>/hw/CNC-FPGA-FINAL-RELEASE.xsa",
	"deviceType":	"zynq",
	"platIsPrebuiltAutogen":	"false",
	"platIsNoBootBsp":	"false",
	"hasFsblMakeHasChanges":	"false",
	"hasPmufwMakeHasChanges":	"false",
	"platPreBuiltFlag":	false,
	"platformSamplesDir":	"",
	"platActiveSys":	"CNC-FPGA-FINAL-RELEASE",
	"systems":	[{
			"systemName":	"CNC-FPGA-FINAL-RELEASE",
			"systemDesc":	"CNC-FPGA-FINAL-RELEASE",
			"sysIsBootAutoGen":	"true",
			"systemDispName":	"CNC-FPGA-FINAL-RELEASE"
		}]
}
TRACE::2026-03-19.19:59:46::SCWPlatform::Boot application domains not present, creating them
TRACE::2026-03-19.19:59:46::SCWDomain::checking for install qemu data   : 
TRACE::2026-03-19.19:59:46::SCWDomain:: Using the QEMU Data from install at  : C:/Xilinx/Vitis/2024.2/data/emulation/platforms/zynq/sw/a9_standalone/qemu/
TRACE::2026-03-19.19:59:46::SCWDomain:: Using the QEMU args  from install at  : C:/Xilinx/Vitis/2024.2/data/emulation/platforms/zynq/sw/a9_standalone/qemu/qemu_args.txt
TRACE::2026-03-19.19:59:46::SCWPlatform::Trying to open the hw design at E:/Git-Repos/CNC-FPGA/Vitis3/CNC-FPGA-FINAL-RELEASE/hw/CNC-FPGA-FINAL-RELEASE.xsa
TRACE::2026-03-19.19:59:46::SCWPlatform::DSA given E:/Git-Repos/CNC-FPGA/Vitis3/CNC-FPGA-FINAL-RELEASE/hw/CNC-FPGA-FINAL-RELEASE.xsa
TRACE::2026-03-19.19:59:46::SCWPlatform::DSA absoulate path E:/Git-Repos/CNC-FPGA/Vitis3/CNC-FPGA-FINAL-RELEASE/hw/CNC-FPGA-FINAL-RELEASE.xsa
TRACE::2026-03-19.19:59:46::SCWPlatform::DSA directory E:/Git-Repos/CNC-FPGA/Vitis3/CNC-FPGA-FINAL-RELEASE/hw
TRACE::2026-03-19.19:59:46::SCWPlatform:: Platform Path E:/Git-Repos/CNC-FPGA/Vitis3/CNC-FPGA-FINAL-RELEASE/hw/CNC-FPGA-FINAL-RELEASE.xsa
TRACE::2026-03-19.19:59:46::SCWPlatform:: Unique name xilinx:zedboard::0.0
TRACE::2026-03-19.19:59:46::SCWPlatform::Trying to set the existing hwdb with name CNC_Top_wrapper_0
TRACE::2026-03-19.19:59:46::SCWPlatform::Opened existing hwdb CNC_Top_wrapper_0
TRACE::2026-03-19.19:59:46::SCWPlatform::Found the Hw Db part of the input DSA
TRACE::2026-03-19.19:59:46::SCWPlatform::Trying to open the hw design at E:/Git-Repos/CNC-FPGA/Vitis3/CNC-FPGA-FINAL-RELEASE/hw/CNC-FPGA-FINAL-RELEASE.xsa
TRACE::2026-03-19.19:59:46::SCWPlatform::DSA given E:/Git-Repos/CNC-FPGA/Vitis3/CNC-FPGA-FINAL-RELEASE/hw/CNC-FPGA-FINAL-RELEASE.xsa
TRACE::2026-03-19.19:59:46::SCWPlatform::DSA absoulate path E:/Git-Repos/CNC-FPGA/Vitis3/CNC-FPGA-FINAL-RELEASE/hw/CNC-FPGA-FINAL-RELEASE.xsa
TRACE::2026-03-19.19:59:46::SCWPlatform::DSA directory E:/Git-Repos/CNC-FPGA/Vitis3/CNC-FPGA-FINAL-RELEASE/hw
TRACE::2026-03-19.19:59:46::SCWPlatform:: Platform Path E:/Git-Repos/CNC-FPGA/Vitis3/CNC-FPGA-FINAL-RELEASE/hw/CNC-FPGA-FINAL-RELEASE.xsa
TRACE::2026-03-19.19:59:46::SCWPlatform:: Unique name xilinx:zedboard::0.0
TRACE::2026-03-19.19:59:46::SCWPlatform::Trying to set the existing hwdb with name CNC_Top_wrapper_0
TRACE::2026-03-19.19:59:46::SCWPlatform::Opened existing hwdb CNC_Top_wrapper_0
TRACE::2026-03-19.19:59:46::SCWPlatform::Found the Hw Db part of the input DSA
TRACE::2026-03-19.19:59:46::SCWPlatform::Trying to open the hw design at E:/Git-Repos/CNC-FPGA/Vitis3/CNC-FPGA-FINAL-RELEASE/hw/CNC-FPGA-FINAL-RELEASE.xsa
TRACE::2026-03-19.19:59:46::SCWPlatform::DSA given E:/Git-Repos/CNC-FPGA/Vitis3/CNC-FPGA-FINAL-RELEASE/hw/CNC-FPGA-FINAL-RELEASE.xsa
TRACE::2026-03-19.19:59:46::SCWPlatform::DSA absoulate path E:/Git-Repos/CNC-FPGA/Vitis3/CNC-FPGA-FINAL-RELEASE/hw/CNC-FPGA-FINAL-RELEASE.xsa
TRACE::2026-03-19.19:59:46::SCWPlatform::DSA directory E:/Git-Repos/CNC-FPGA/Vitis3/CNC-FPGA-FINAL-RELEASE/hw
TRACE::2026-03-19.19:59:46::SCWPlatform:: Platform Path E:/Git-Repos/CNC-FPGA/Vitis3/CNC-FPGA-FINAL-RELEASE/hw/CNC-FPGA-FINAL-RELEASE.xsa
TRACE::2026-03-19.19:59:46::SCWPlatform:: Unique name xilinx:zedboard::0.0
TRACE::2026-03-19.19:59:46::SCWPlatform::Trying to set the existing hwdb with name CNC_Top_wrapper_0
TRACE::2026-03-19.19:59:46::SCWPlatform::Opened existing hwdb CNC_Top_wrapper_0
TRACE::2026-03-19.19:59:46::SCWPlatform::Found the Hw Db part of the input DSA
TRACE::2026-03-19.19:59:46::SCWPlatform::Boot application domain added for zynq_fsbl
TRACE::2026-03-19.19:59:46::SCWPlatform::Generating the sources  .
TRACE::2026-03-19.19:59:46::SCWBDomain::Generating boot domain sources.
TRACE::2026-03-19.19:59:46::SCWBDomain:: Generating the zynq_fsbl Application.
TRACE::2026-03-19.19:59:46::SCWPlatform::Trying to open the hw design at E:/Git-Repos/CNC-FPGA/Vitis3/CNC-FPGA-FINAL-RELEASE/hw/CNC-FPGA-FINAL-RELEASE.xsa
TRACE::2026-03-19.19:59:46::SCWPlatform::DSA given E:/Git-Repos/CNC-FPGA/Vitis3/CNC-FPGA-FINAL-RELEASE/hw/CNC-FPGA-FINAL-RELEASE.xsa
TRACE::2026-03-19.19:59:46::SCWPlatform::DSA absoulate path E:/Git-Repos/CNC-FPGA/Vitis3/CNC-FPGA-FINAL-RELEASE/hw/CNC-FPGA-FINAL-RELEASE.xsa
TRACE::2026-03-19.19:59:46::SCWPlatform::DSA directory E:/Git-Repos/CNC-FPGA/Vitis3/CNC-FPGA-FINAL-RELEASE/hw
TRACE::2026-03-19.19:59:46::SCWPlatform:: Platform Path E:/Git-Repos/CNC-FPGA/Vitis3/CNC-FPGA-FINAL-RELEASE/hw/CNC-FPGA-FINAL-RELEASE.xsa
TRACE::2026-03-19.19:59:46::SCWPlatform:: Unique name xilinx:zedboard::0.0
TRACE::2026-03-19.19:59:46::SCWPlatform::Trying to set the existing hwdb with name CNC_Top_wrapper_0
TRACE::2026-03-19.19:59:46::SCWPlatform::Opened existing hwdb CNC_Top_wrapper_0
TRACE::2026-03-19.19:59:46::SCWPlatform::Found the Hw Db part of the input DSA
TRACE::2026-03-19.19:59:46::SCWMssOS::Checking the sw design at  E:/Git-Repos/CNC-FPGA/Vitis3/CNC-FPGA-FINAL-RELEASE/zynq_fsbl/zynq_fsbl_bsp/system.mss
TRACE::2026-03-19.19:59:46::SCWMssOS::DEBUG:  swdes dump  
TRACE::2026-03-19.19:59:46::SCWMssOS::No sw design opened at  E:/Git-Repos/CNC-FPGA/Vitis3/CNC-FPGA-FINAL-RELEASE/zynq_fsbl/zynq_fsbl_bsp/system.mss
TRACE::2026-03-19.19:59:46::SCWMssOS::mss does not exists at E:/Git-Repos/CNC-FPGA/Vitis3/CNC-FPGA-FINAL-RELEASE/zynq_fsbl/zynq_fsbl_bsp/system.mss
TRACE::2026-03-19.19:59:46::SCWMssOS::Creating sw design at  E:/Git-Repos/CNC-FPGA/Vitis3/CNC-FPGA-FINAL-RELEASE/zynq_fsbl/zynq_fsbl_bsp/system.mss
TRACE::2026-03-19.19:59:46::SCWMssOS::Adding the swdes entry, created swdb E:/Git-Repos/CNC-FPGA/Vitis3/CNC-FPGA-FINAL-RELEASE/zynq_fsbl/zynq_fsbl_bsp/system.mss with des name E:/Git-Repos/CNC-FPGA/Vitis3/CNC-FPGA-FINAL-RELEASE/zynq_fsbl/zynq_fsbl_bsp/system.mss
TRACE::2026-03-19.19:59:46::SCWMssOS::updating the scw layer changes to swdes at   E:/Git-Repos/CNC-FPGA/Vitis3/CNC-FPGA-FINAL-RELEASE/zynq_fsbl/zynq_fsbl_bsp/system.mss
TRACE::2026-03-19.19:59:46::SCWMssOS::Writing mss at E:/Git-Repos/CNC-FPGA/Vitis3/CNC-FPGA-FINAL-RELEASE/zynq_fsbl/zynq_fsbl_bsp/system.mss
TRACE::2026-03-19.19:59:46::SCWMssOS::Completed writing the mss file at E:/Git-Repos/CNC-FPGA/Vitis3/CNC-FPGA-FINAL-RELEASE/zynq_fsbl/zynq_fsbl_bsp
TRACE::2026-03-19.19:59:46::SCWMssOS::Picking up changes from newly written mss file into SCW Layer. 
TRACE::2026-03-19.19:59:46::SCWMssOS::Updated the changes from newly written mss file into SCW Layer. 
TRACE::2026-03-19.19:59:46::SCWBDomain::Completed writing the mss file at E:/Git-Repos/CNC-FPGA/Vitis3/CNC-FPGA-FINAL-RELEASE/zynq_fsbl/zynq_fsbl_bsp
TRACE::2026-03-19.19:59:54::SCWPlatform::Generating sources Done.
TRACE::2026-03-19.19:59:54::SCWPlatform::Trying to open the hw design at E:/Git-Repos/CNC-FPGA/Vitis3/CNC-FPGA-FINAL-RELEASE/hw/CNC-FPGA-FINAL-RELEASE.xsa
TRACE::2026-03-19.19:59:54::SCWPlatform::DSA given E:/Git-Repos/CNC-FPGA/Vitis3/CNC-FPGA-FINAL-RELEASE/hw/CNC-FPGA-FINAL-RELEASE.xsa
TRACE::2026-03-19.19:59:54::SCWPlatform::DSA absoulate path E:/Git-Repos/CNC-FPGA/Vitis3/CNC-FPGA-FINAL-RELEASE/hw/CNC-FPGA-FINAL-RELEASE.xsa
TRACE::2026-03-19.19:59:54::SCWPlatform::DSA directory E:/Git-Repos/CNC-FPGA/Vitis3/CNC-FPGA-FINAL-RELEASE/hw
TRACE::2026-03-19.19:59:54::SCWPlatform:: Platform Path E:/Git-Repos/CNC-FPGA/Vitis3/CNC-FPGA-FINAL-RELEASE/hw/CNC-FPGA-FINAL-RELEASE.xsa
TRACE::2026-03-19.19:59:54::SCWPlatform:: Unique name xilinx:zedboard::0.0
TRACE::2026-03-19.19:59:54::SCWPlatform::Trying to set the existing hwdb with name CNC_Top_wrapper_0
TRACE::2026-03-19.19:59:54::SCWPlatform::Opened existing hwdb CNC_Top_wrapper_0
TRACE::2026-03-19.19:59:54::SCWPlatform::Found the Hw Db part of the input DSA
TRACE::2026-03-19.19:59:54::SCWMssOS::Checking the sw design at  E:/Git-Repos/CNC-FPGA/Vitis3/CNC-FPGA-FINAL-RELEASE/zynq_fsbl/zynq_fsbl_bsp/system.mss
TRACE::2026-03-19.19:59:54::SCWMssOS::DEBUG:  swdes dump  
TRACE::2026-03-19.19:59:54::SCWMssOS::No sw design opened at  E:/Git-Repos/CNC-FPGA/Vitis3/CNC-FPGA-FINAL-RELEASE/zynq_fsbl/zynq_fsbl_bsp/system.mss
TRACE::2026-03-19.19:59:54::SCWMssOS::mss exists loading the mss file  E:/Git-Repos/CNC-FPGA/Vitis3/CNC-FPGA-FINAL-RELEASE/zynq_fsbl/zynq_fsbl_bsp/system.mss
TRACE::2026-03-19.19:59:54::SCWMssOS::Opened the sw design from mss  E:/Git-Repos/CNC-FPGA/Vitis3/CNC-FPGA-FINAL-RELEASE/zynq_fsbl/zynq_fsbl_bsp/system.mss
TRACE::2026-03-19.19:59:54::SCWMssOS::Adding the swdes entry E:/Git-Repos/CNC-FPGA/Vitis3/CNC-FPGA-FINAL-RELEASE/zynq_fsbl/zynq_fsbl_bsp/system.mss with des name system
TRACE::2026-03-19.19:59:54::SCWMssOS::updating the scw layer about changes
TRACE::2026-03-19.19:59:54::SCWMssOS::Opened the sw design.  E:/Git-Repos/CNC-FPGA/Vitis3/CNC-FPGA-FINAL-RELEASE/zynq_fsbl/zynq_fsbl_bsp/system.mss
TRACE::2026-03-19.19:59:54::SCWMssOS::Saving the mss changes E:/Git-Repos/CNC-FPGA/Vitis3/CNC-FPGA-FINAL-RELEASE/zynq_fsbl/zynq_fsbl_bsp/system.mss
TRACE::2026-03-19.19:59:54::SCWMssOS::Found a swdesign opened with the mssfile.
TRACE::2026-03-19.19:59:54::SCWMssOS::Completed writemss as part of save.
TRACE::2026-03-19.19:59:54::SCWMssOS::Commit changes completed.
TRACE::2026-03-19.19:59:54::SCWPlatform::Trying to open the hw design at E:/Git-Repos/CNC-FPGA/Vitis3/CNC-FPGA-FINAL-RELEASE/hw/CNC-FPGA-FINAL-RELEASE.xsa
TRACE::2026-03-19.19:59:54::SCWPlatform::DSA given E:/Git-Repos/CNC-FPGA/Vitis3/CNC-FPGA-FINAL-RELEASE/hw/CNC-FPGA-FINAL-RELEASE.xsa
TRACE::2026-03-19.19:59:54::SCWPlatform::DSA absoulate path E:/Git-Repos/CNC-FPGA/Vitis3/CNC-FPGA-FINAL-RELEASE/hw/CNC-FPGA-FINAL-RELEASE.xsa
TRACE::2026-03-19.19:59:54::SCWPlatform::DSA directory E:/Git-Repos/CNC-FPGA/Vitis3/CNC-FPGA-FINAL-RELEASE/hw
TRACE::2026-03-19.19:59:54::SCWPlatform:: Platform Path E:/Git-Repos/CNC-FPGA/Vitis3/CNC-FPGA-FINAL-RELEASE/hw/CNC-FPGA-FINAL-RELEASE.xsa
TRACE::2026-03-19.19:59:54::SCWPlatform:: Unique name xilinx:zedboard::0.0
TRACE::2026-03-19.19:59:54::SCWPlatform::Trying to set the existing hwdb with name CNC_Top_wrapper_0
TRACE::2026-03-19.19:59:54::SCWPlatform::Opened existing hwdb CNC_Top_wrapper_0
TRACE::2026-03-19.19:59:54::SCWPlatform::Found the Hw Db part of the input DSA
TRACE::2026-03-19.19:59:54::SCWMssOS::Checking the sw design at  E:/Git-Repos/CNC-FPGA/Vitis3/CNC-FPGA-FINAL-RELEASE/zynq_fsbl/zynq_fsbl_bsp/system.mss
TRACE::2026-03-19.19:59:54::SCWMssOS::DEBUG:  swdes dump  E:/Git-Repos/CNC-FPGA/Vitis3/CNC-FPGA-FINAL-RELEASE/zynq_fsbl/zynq_fsbl_bsp/system.mss|system||

TRACE::2026-03-19.19:59:54::SCWMssOS::Sw design exists and opened at  E:/Git-Repos/CNC-FPGA/Vitis3/CNC-FPGA-FINAL-RELEASE/zynq_fsbl/zynq_fsbl_bsp/system.mss
TRACE::2026-03-19.19:59:54::SCWPlatform::Trying to open the hw design at E:/Git-Repos/CNC-FPGA/Vitis3/CNC-FPGA-FINAL-RELEASE/hw/CNC-FPGA-FINAL-RELEASE.xsa
TRACE::2026-03-19.19:59:54::SCWPlatform::DSA given E:/Git-Repos/CNC-FPGA/Vitis3/CNC-FPGA-FINAL-RELEASE/hw/CNC-FPGA-FINAL-RELEASE.xsa
TRACE::2026-03-19.19:59:54::SCWPlatform::DSA absoulate path E:/Git-Repos/CNC-FPGA/Vitis3/CNC-FPGA-FINAL-RELEASE/hw/CNC-FPGA-FINAL-RELEASE.xsa
TRACE::2026-03-19.19:59:54::SCWPlatform::DSA directory E:/Git-Repos/CNC-FPGA/Vitis3/CNC-FPGA-FINAL-RELEASE/hw
TRACE::2026-03-19.19:59:54::SCWPlatform:: Platform Path E:/Git-Repos/CNC-FPGA/Vitis3/CNC-FPGA-FINAL-RELEASE/hw/CNC-FPGA-FINAL-RELEASE.xsa
TRACE::2026-03-19.19:59:54::SCWPlatform:: Unique name xilinx:zedboard::0.0
TRACE::2026-03-19.19:59:54::SCWPlatform::Trying to set the existing hwdb with name CNC_Top_wrapper_0
TRACE::2026-03-19.19:59:54::SCWPlatform::Opened existing hwdb CNC_Top_wrapper_0
TRACE::2026-03-19.19:59:54::SCWPlatform::Found the Hw Db part of the input DSA
TRACE::2026-03-19.19:59:54::SCWMssOS::Checking the sw design at  E:/Git-Repos/CNC-FPGA/Vitis3/CNC-FPGA-FINAL-RELEASE/zynq_fsbl/zynq_fsbl_bsp/system.mss
TRACE::2026-03-19.19:59:54::SCWMssOS::DEBUG:  swdes dump  E:/Git-Repos/CNC-FPGA/Vitis3/CNC-FPGA-FINAL-RELEASE/zynq_fsbl/zynq_fsbl_bsp/system.mss|system||

TRACE::2026-03-19.19:59:54::SCWMssOS::Sw design exists and opened at  E:/Git-Repos/CNC-FPGA/Vitis3/CNC-FPGA-FINAL-RELEASE/zynq_fsbl/zynq_fsbl_bsp/system.mss
TRACE::2026-03-19.19:59:54::SCWPlatform::Trying to open the hw design at E:/Git-Repos/CNC-FPGA/Vitis3/CNC-FPGA-FINAL-RELEASE/hw/CNC-FPGA-FINAL-RELEASE.xsa
TRACE::2026-03-19.19:59:54::SCWPlatform::DSA given E:/Git-Repos/CNC-FPGA/Vitis3/CNC-FPGA-FINAL-RELEASE/hw/CNC-FPGA-FINAL-RELEASE.xsa
TRACE::2026-03-19.19:59:54::SCWPlatform::DSA absoulate path E:/Git-Repos/CNC-FPGA/Vitis3/CNC-FPGA-FINAL-RELEASE/hw/CNC-FPGA-FINAL-RELEASE.xsa
TRACE::2026-03-19.19:59:54::SCWPlatform::DSA directory E:/Git-Repos/CNC-FPGA/Vitis3/CNC-FPGA-FINAL-RELEASE/hw
TRACE::2026-03-19.19:59:54::SCWPlatform:: Platform Path E:/Git-Repos/CNC-FPGA/Vitis3/CNC-FPGA-FINAL-RELEASE/hw/CNC-FPGA-FINAL-RELEASE.xsa
TRACE::2026-03-19.19:59:54::SCWPlatform:: Unique name xilinx:zedboard::0.0
TRACE::2026-03-19.19:59:54::SCWPlatform::Trying to set the existing hwdb with name CNC_Top_wrapper_0
TRACE::2026-03-19.19:59:54::SCWPlatform::Opened existing hwdb CNC_Top_wrapper_0
TRACE::2026-03-19.19:59:54::SCWPlatform::Found the Hw Db part of the input DSA
TRACE::2026-03-19.19:59:54::SCWMssOS::Checking the sw design at  E:/Git-Repos/CNC-FPGA/Vitis3/CNC-FPGA-FINAL-RELEASE/zynq_fsbl/zynq_fsbl_bsp/system.mss
TRACE::2026-03-19.19:59:54::SCWMssOS::DEBUG:  swdes dump  E:/Git-Repos/CNC-FPGA/Vitis3/CNC-FPGA-FINAL-RELEASE/zynq_fsbl/zynq_fsbl_bsp/system.mss|system||

TRACE::2026-03-19.19:59:54::SCWMssOS::Sw design exists and opened at  E:/Git-Repos/CNC-FPGA/Vitis3/CNC-FPGA-FINAL-RELEASE/zynq_fsbl/zynq_fsbl_bsp/system.mss
TRACE::2026-03-19.19:59:54::SCWWriter::formatted JSON is {
	"platformName":	"CNC-FPGA-FINAL-RELEASE",
	"sprVersion":	"2.0",
	"mode":	"gui",
	"dsaType":	"Fixed",
	"platformDesc":	"CNC-FPGA-FINAL-RELEASE",
	"platHandOff":	"E:/Git-Repos/CNC-FPGA/Zedboard-CNC/CNC-FPGA-FINAL-RELEASE.xsa",
	"platIntHandOff":	"<platformDir>/hw/CNC-FPGA-FINAL-RELEASE.xsa",
	"deviceType":	"zynq",
	"platIsPrebuiltAutogen":	"false",
	"platIsNoBootBsp":	"false",
	"platFsblTarget":	"ps7_cortexa9_0",
	"hasFsblMakeHasChanges":	"false",
	"hasPmufwMakeHasChanges":	"false",
	"fsblExtraCompilerFlags":	"-MMD -MP       -mcpu=cortex-a9 -mfpu=vfpv3 -mfloat-abi=hard ",
	"platPreBuiltFlag":	false,
	"platformSamplesDir":	"",
	"platActiveSys":	"CNC-FPGA-FINAL-RELEASE",
	"systems":	[{
			"systemName":	"CNC-FPGA-FINAL-RELEASE",
			"systemDesc":	"CNC-FPGA-FINAL-RELEASE",
			"sysIsBootAutoGen":	"true",
			"systemDispName":	"CNC-FPGA-FINAL-RELEASE",
			"sysActiveDom":	"zynq_fsbl",
			"sysDefaultDom":	"",
			"domains":	[{
					"domainName":	"zynq_fsbl",
					"domainDispName":	"zynq_fsbl",
					"domainDesc":	"FSBL Application BSP - Auto Generated.",
					"processors":	"ps7_cortexa9_0",
					"os":	"standalone",
					"sdxOs":	"standalone",
					"debugEnable":	"",
					"domRuntimes":	["cpp"],
					"swRepo":	"",
					"mssOsVer":	"9.2",
					"mssFile":	"",
					"md5Digest":	"822b05f43d93911360d956bc0e0ec2b0",
					"compatibleApp":	"zynq_fsbl",
					"domType":	"bootDomain",
					"arch":	"32-bit",
					"appSettings":	{
						"appCompilerFlags":	"",
						"appLinkerFlags":	""
					},
					"addedLibs":	["xilffs:5.3", "xilrsa:1.8"],
					"libOptions":	{
						"libsContainingOptions":	[]
					},
					"prebuiltLibs":	{
						"prebuiltIncPath":	[],
						"prebuiltLibPath":	[]
					},
					"isolation":	{
					}
				}]
		}]
}
TRACE::2026-03-19.19:59:54::SCWPlatform::Trying to open the hw design at E:/Git-Repos/CNC-FPGA/Vitis3/CNC-FPGA-FINAL-RELEASE/hw/CNC-FPGA-FINAL-RELEASE.xsa
TRACE::2026-03-19.19:59:54::SCWPlatform::DSA given E:/Git-Repos/CNC-FPGA/Vitis3/CNC-FPGA-FINAL-RELEASE/hw/CNC-FPGA-FINAL-RELEASE.xsa
TRACE::2026-03-19.19:59:54::SCWPlatform::DSA absoulate path E:/Git-Repos/CNC-FPGA/Vitis3/CNC-FPGA-FINAL-RELEASE/hw/CNC-FPGA-FINAL-RELEASE.xsa
TRACE::2026-03-19.19:59:54::SCWPlatform::DSA directory E:/Git-Repos/CNC-FPGA/Vitis3/CNC-FPGA-FINAL-RELEASE/hw
TRACE::2026-03-19.19:59:54::SCWPlatform:: Platform Path E:/Git-Repos/CNC-FPGA/Vitis3/CNC-FPGA-FINAL-RELEASE/hw/CNC-FPGA-FINAL-RELEASE.xsa
TRACE::2026-03-19.19:59:54::SCWPlatform:: Unique name xilinx:zedboard::0.0
TRACE::2026-03-19.19:59:54::SCWPlatform::Trying to set the existing hwdb with name CNC_Top_wrapper_0
TRACE::2026-03-19.19:59:54::SCWPlatform::Opened existing hwdb CNC_Top_wrapper_0
TRACE::2026-03-19.19:59:54::SCWPlatform::Found the Hw Db part of the input DSA
TRACE::2026-03-19.19:59:54::SCWPlatform::Trying to open the hw design at E:/Git-Repos/CNC-FPGA/Vitis3/CNC-FPGA-FINAL-RELEASE/hw/CNC-FPGA-FINAL-RELEASE.xsa
TRACE::2026-03-19.19:59:54::SCWPlatform::DSA given E:/Git-Repos/CNC-FPGA/Vitis3/CNC-FPGA-FINAL-RELEASE/hw/CNC-FPGA-FINAL-RELEASE.xsa
TRACE::2026-03-19.19:59:54::SCWPlatform::DSA absoulate path E:/Git-Repos/CNC-FPGA/Vitis3/CNC-FPGA-FINAL-RELEASE/hw/CNC-FPGA-FINAL-RELEASE.xsa
TRACE::2026-03-19.19:59:54::SCWPlatform::DSA directory E:/Git-Repos/CNC-FPGA/Vitis3/CNC-FPGA-FINAL-RELEASE/hw
TRACE::2026-03-19.19:59:54::SCWPlatform:: Platform Path E:/Git-Repos/CNC-FPGA/Vitis3/CNC-FPGA-FINAL-RELEASE/hw/CNC-FPGA-FINAL-RELEASE.xsa
TRACE::2026-03-19.19:59:54::SCWPlatform:: Unique name xilinx:zedboard::0.0
TRACE::2026-03-19.19:59:54::SCWPlatform::Trying to set the existing hwdb with name CNC_Top_wrapper_0
TRACE::2026-03-19.19:59:54::SCWPlatform::Opened existing hwdb CNC_Top_wrapper_0
TRACE::2026-03-19.19:59:54::SCWPlatform::Found the Hw Db part of the input DSA
TRACE::2026-03-19.19:59:54::SCWDomain::checking for install qemu data   : 
TRACE::2026-03-19.19:59:54::SCWDomain:: Using the QEMU Data from install at  : C:/Xilinx/Vitis/2024.2/data/emulation/platforms/zynq/sw/a9_standalone/qemu/
TRACE::2026-03-19.19:59:54::SCWDomain:: Using the QEMU args  from install at  : C:/Xilinx/Vitis/2024.2/data/emulation/platforms/zynq/sw/a9_standalone/qemu/qemu_args.txt
TRACE::2026-03-19.19:59:54::SCWPlatform::Trying to open the hw design at E:/Git-Repos/CNC-FPGA/Vitis3/CNC-FPGA-FINAL-RELEASE/hw/CNC-FPGA-FINAL-RELEASE.xsa
TRACE::2026-03-19.19:59:54::SCWPlatform::DSA given E:/Git-Repos/CNC-FPGA/Vitis3/CNC-FPGA-FINAL-RELEASE/hw/CNC-FPGA-FINAL-RELEASE.xsa
TRACE::2026-03-19.19:59:54::SCWPlatform::DSA absoulate path E:/Git-Repos/CNC-FPGA/Vitis3/CNC-FPGA-FINAL-RELEASE/hw/CNC-FPGA-FINAL-RELEASE.xsa
TRACE::2026-03-19.19:59:54::SCWPlatform::DSA directory E:/Git-Repos/CNC-FPGA/Vitis3/CNC-FPGA-FINAL-RELEASE/hw
TRACE::2026-03-19.19:59:54::SCWPlatform:: Platform Path E:/Git-Repos/CNC-FPGA/Vitis3/CNC-FPGA-FINAL-RELEASE/hw/CNC-FPGA-FINAL-RELEASE.xsa
TRACE::2026-03-19.19:59:54::SCWPlatform:: Unique name xilinx:zedboard::0.0
TRACE::2026-03-19.19:59:54::SCWPlatform::Trying to set the existing hwdb with name CNC_Top_wrapper_0
TRACE::2026-03-19.19:59:54::SCWPlatform::Opened existing hwdb CNC_Top_wrapper_0
TRACE::2026-03-19.19:59:54::SCWPlatform::Found the Hw Db part of the input DSA
TRACE::2026-03-19.19:59:54::SCWPlatform::Trying to open the hw design at E:/Git-Repos/CNC-FPGA/Vitis3/CNC-FPGA-FINAL-RELEASE/hw/CNC-FPGA-FINAL-RELEASE.xsa
TRACE::2026-03-19.19:59:54::SCWPlatform::DSA given E:/Git-Repos/CNC-FPGA/Vitis3/CNC-FPGA-FINAL-RELEASE/hw/CNC-FPGA-FINAL-RELEASE.xsa
TRACE::2026-03-19.19:59:54::SCWPlatform::DSA absoulate path E:/Git-Repos/CNC-FPGA/Vitis3/CNC-FPGA-FINAL-RELEASE/hw/CNC-FPGA-FINAL-RELEASE.xsa
TRACE::2026-03-19.19:59:54::SCWPlatform::DSA directory E:/Git-Repos/CNC-FPGA/Vitis3/CNC-FPGA-FINAL-RELEASE/hw
TRACE::2026-03-19.19:59:54::SCWPlatform:: Platform Path E:/Git-Repos/CNC-FPGA/Vitis3/CNC-FPGA-FINAL-RELEASE/hw/CNC-FPGA-FINAL-RELEASE.xsa
TRACE::2026-03-19.19:59:54::SCWPlatform:: Unique name xilinx:zedboard::0.0
TRACE::2026-03-19.19:59:54::SCWPlatform::Trying to set the existing hwdb with name CNC_Top_wrapper_0
TRACE::2026-03-19.19:59:54::SCWPlatform::Opened existing hwdb CNC_Top_wrapper_0
TRACE::2026-03-19.19:59:54::SCWPlatform::Found the Hw Db part of the input DSA
TRACE::2026-03-19.19:59:54::SCWDomain::Qemu Directory name is changed from "" to "qemu"
TRACE::2026-03-19.19:59:54::SCWPlatform::Trying to open the hw design at E:/Git-Repos/CNC-FPGA/Vitis3/CNC-FPGA-FINAL-RELEASE/hw/CNC-FPGA-FINAL-RELEASE.xsa
TRACE::2026-03-19.19:59:54::SCWPlatform::DSA given E:/Git-Repos/CNC-FPGA/Vitis3/CNC-FPGA-FINAL-RELEASE/hw/CNC-FPGA-FINAL-RELEASE.xsa
TRACE::2026-03-19.19:59:54::SCWPlatform::DSA absoulate path E:/Git-Repos/CNC-FPGA/Vitis3/CNC-FPGA-FINAL-RELEASE/hw/CNC-FPGA-FINAL-RELEASE.xsa
TRACE::2026-03-19.19:59:54::SCWPlatform::DSA directory E:/Git-Repos/CNC-FPGA/Vitis3/CNC-FPGA-FINAL-RELEASE/hw
TRACE::2026-03-19.19:59:54::SCWPlatform:: Platform Path E:/Git-Repos/CNC-FPGA/Vitis3/CNC-FPGA-FINAL-RELEASE/hw/CNC-FPGA-FINAL-RELEASE.xsa
TRACE::2026-03-19.19:59:54::SCWPlatform:: Unique name xilinx:zedboard::0.0
TRACE::2026-03-19.19:59:54::SCWPlatform::Trying to set the existing hwdb with name CNC_Top_wrapper_0
TRACE::2026-03-19.19:59:54::SCWPlatform::Opened existing hwdb CNC_Top_wrapper_0
TRACE::2026-03-19.19:59:54::SCWPlatform::Found the Hw Db part of the input DSA
TRACE::2026-03-19.19:59:54::SCWMssOS::Checking the sw design at  E:/Git-Repos/CNC-FPGA/Vitis3/CNC-FPGA-FINAL-RELEASE/ps7_cortexa9_0/standalone_domain/bsp/system.mss
TRACE::2026-03-19.19:59:54::SCWMssOS::DEBUG:  swdes dump  E:/Git-Repos/CNC-FPGA/Vitis3/CNC-FPGA-FINAL-RELEASE/zynq_fsbl/zynq_fsbl_bsp/system.mss|system||

TRACE::2026-03-19.19:59:54::SCWMssOS::No sw design opened at  E:/Git-Repos/CNC-FPGA/Vitis3/CNC-FPGA-FINAL-RELEASE/ps7_cortexa9_0/standalone_domain/bsp/system.mss
TRACE::2026-03-19.19:59:54::SCWMssOS::mss does not exists at E:/Git-Repos/CNC-FPGA/Vitis3/CNC-FPGA-FINAL-RELEASE/ps7_cortexa9_0/standalone_domain/bsp/system.mss
TRACE::2026-03-19.19:59:54::SCWMssOS::Creating sw design at  E:/Git-Repos/CNC-FPGA/Vitis3/CNC-FPGA-FINAL-RELEASE/ps7_cortexa9_0/standalone_domain/bsp/system.mss
TRACE::2026-03-19.19:59:54::SCWMssOS::Adding the swdes entry, created swdb E:/Git-Repos/CNC-FPGA/Vitis3/CNC-FPGA-FINAL-RELEASE/ps7_cortexa9_0/standalone_domain/bsp/system.mss with des name E:/Git-Repos/CNC-FPGA/Vitis3/CNC-FPGA-FINAL-RELEASE/ps7_cortexa9_0/standalone_domain/bsp/system.mss
TRACE::2026-03-19.19:59:54::SCWMssOS::updating the scw layer changes to swdes at   E:/Git-Repos/CNC-FPGA/Vitis3/CNC-FPGA-FINAL-RELEASE/ps7_cortexa9_0/standalone_domain/bsp/system.mss
TRACE::2026-03-19.19:59:54::SCWMssOS::Writing mss at E:/Git-Repos/CNC-FPGA/Vitis3/CNC-FPGA-FINAL-RELEASE/ps7_cortexa9_0/standalone_domain/bsp/system.mss
TRACE::2026-03-19.19:59:54::SCWMssOS::Completed writing the mss file at E:/Git-Repos/CNC-FPGA/Vitis3/CNC-FPGA-FINAL-RELEASE/ps7_cortexa9_0/standalone_domain/bsp
TRACE::2026-03-19.19:59:54::SCWMssOS::Picking up changes from newly written mss file into SCW Layer. 
TRACE::2026-03-19.19:59:54::SCWMssOS::Updated the changes from newly written mss file into SCW Layer. 
TRACE::2026-03-19.19:59:54::SCWMssOS::Completed writing the mss file at E:/Git-Repos/CNC-FPGA/Vitis3/CNC-FPGA-FINAL-RELEASE/ps7_cortexa9_0/standalone_domain/bsp
TRACE::2026-03-19.19:59:54::SCWMssOS::Forcing BSP Sources regeneration.
TRACE::2026-03-19.19:59:55::SCWMssOS::Saving the mss changes E:/Git-Repos/CNC-FPGA/Vitis3/CNC-FPGA-FINAL-RELEASE/zynq_fsbl/zynq_fsbl_bsp/system.mss
TRACE::2026-03-19.19:59:55::SCWMssOS::Found a swdesign opened with the mssfile.
TRACE::2026-03-19.19:59:55::SCWMssOS::Completed writemss as part of save.
TRACE::2026-03-19.19:59:55::SCWMssOS::Commit changes completed.
TRACE::2026-03-19.19:59:55::SCWMssOS::Saving the mss changes E:/Git-Repos/CNC-FPGA/Vitis3/CNC-FPGA-FINAL-RELEASE/ps7_cortexa9_0/standalone_domain/bsp/system.mss
TRACE::2026-03-19.19:59:55::SCWMssOS::Adding the swdes entry, mss present, able to open swdb E:/Git-Repos/CNC-FPGA/Vitis3/CNC-FPGA-FINAL-RELEASE/ps7_cortexa9_0/standalone_domain/bsp/system.mss with des name system_0
TRACE::2026-03-19.19:59:55::SCWMssOS::Writing the mss file completed E:/Git-Repos/CNC-FPGA/Vitis3/CNC-FPGA-FINAL-RELEASE/ps7_cortexa9_0/standalone_domain/bsp/system.mss
TRACE::2026-03-19.19:59:55::SCWMssOS::Commit changes completed.
TRACE::2026-03-19.19:59:55::SCWPlatform::Trying to open the hw design at E:/Git-Repos/CNC-FPGA/Vitis3/CNC-FPGA-FINAL-RELEASE/hw/CNC-FPGA-FINAL-RELEASE.xsa
TRACE::2026-03-19.19:59:55::SCWPlatform::DSA given E:/Git-Repos/CNC-FPGA/Vitis3/CNC-FPGA-FINAL-RELEASE/hw/CNC-FPGA-FINAL-RELEASE.xsa
TRACE::2026-03-19.19:59:55::SCWPlatform::DSA absoulate path E:/Git-Repos/CNC-FPGA/Vitis3/CNC-FPGA-FINAL-RELEASE/hw/CNC-FPGA-FINAL-RELEASE.xsa
TRACE::2026-03-19.19:59:55::SCWPlatform::DSA directory E:/Git-Repos/CNC-FPGA/Vitis3/CNC-FPGA-FINAL-RELEASE/hw
TRACE::2026-03-19.19:59:55::SCWPlatform:: Platform Path E:/Git-Repos/CNC-FPGA/Vitis3/CNC-FPGA-FINAL-RELEASE/hw/CNC-FPGA-FINAL-RELEASE.xsa
TRACE::2026-03-19.19:59:55::SCWPlatform:: Unique name xilinx:zedboard::0.0
TRACE::2026-03-19.19:59:55::SCWPlatform::Trying to set the existing hwdb with name CNC_Top_wrapper_0
TRACE::2026-03-19.19:59:55::SCWPlatform::Opened existing hwdb CNC_Top_wrapper_0
TRACE::2026-03-19.19:59:55::SCWPlatform::Found the Hw Db part of the input DSA
TRACE::2026-03-19.19:59:55::SCWMssOS::Checking the sw design at  E:/Git-Repos/CNC-FPGA/Vitis3/CNC-FPGA-FINAL-RELEASE/zynq_fsbl/zynq_fsbl_bsp/system.mss
TRACE::2026-03-19.19:59:55::SCWMssOS::DEBUG:  swdes dump  E:/Git-Repos/CNC-FPGA/Vitis3/CNC-FPGA-FINAL-RELEASE/ps7_cortexa9_0/standalone_domain/bsp/system.mss|system_0||
E:/Git-Repos/CNC-FPGA/Vitis3/CNC-FPGA-FINAL-RELEASE/zynq_fsbl/zynq_fsbl_bsp/system.mss|system||

TRACE::2026-03-19.19:59:55::SCWMssOS::Sw design exists and opened at  E:/Git-Repos/CNC-FPGA/Vitis3/CNC-FPGA-FINAL-RELEASE/zynq_fsbl/zynq_fsbl_bsp/system.mss
TRACE::2026-03-19.19:59:55::SCWPlatform::Trying to open the hw design at E:/Git-Repos/CNC-FPGA/Vitis3/CNC-FPGA-FINAL-RELEASE/hw/CNC-FPGA-FINAL-RELEASE.xsa
TRACE::2026-03-19.19:59:55::SCWPlatform::DSA given E:/Git-Repos/CNC-FPGA/Vitis3/CNC-FPGA-FINAL-RELEASE/hw/CNC-FPGA-FINAL-RELEASE.xsa
TRACE::2026-03-19.19:59:55::SCWPlatform::DSA absoulate path E:/Git-Repos/CNC-FPGA/Vitis3/CNC-FPGA-FINAL-RELEASE/hw/CNC-FPGA-FINAL-RELEASE.xsa
TRACE::2026-03-19.19:59:55::SCWPlatform::DSA directory E:/Git-Repos/CNC-FPGA/Vitis3/CNC-FPGA-FINAL-RELEASE/hw
TRACE::2026-03-19.19:59:55::SCWPlatform:: Platform Path E:/Git-Repos/CNC-FPGA/Vitis3/CNC-FPGA-FINAL-RELEASE/hw/CNC-FPGA-FINAL-RELEASE.xsa
TRACE::2026-03-19.19:59:55::SCWPlatform:: Unique name xilinx:zedboard::0.0
TRACE::2026-03-19.19:59:55::SCWPlatform::Trying to set the existing hwdb with name CNC_Top_wrapper_0
TRACE::2026-03-19.19:59:55::SCWPlatform::Opened existing hwdb CNC_Top_wrapper_0
TRACE::2026-03-19.19:59:55::SCWPlatform::Found the Hw Db part of the input DSA
TRACE::2026-03-19.19:59:55::SCWMssOS::Checking the sw design at  E:/Git-Repos/CNC-FPGA/Vitis3/CNC-FPGA-FINAL-RELEASE/zynq_fsbl/zynq_fsbl_bsp/system.mss
TRACE::2026-03-19.19:59:55::SCWMssOS::DEBUG:  swdes dump  E:/Git-Repos/CNC-FPGA/Vitis3/CNC-FPGA-FINAL-RELEASE/ps7_cortexa9_0/standalone_domain/bsp/system.mss|system_0||
E:/Git-Repos/CNC-FPGA/Vitis3/CNC-FPGA-FINAL-RELEASE/zynq_fsbl/zynq_fsbl_bsp/system.mss|system||

TRACE::2026-03-19.19:59:55::SCWMssOS::Sw design exists and opened at  E:/Git-Repos/CNC-FPGA/Vitis3/CNC-FPGA-FINAL-RELEASE/zynq_fsbl/zynq_fsbl_bsp/system.mss
TRACE::2026-03-19.19:59:55::SCWPlatform::Trying to open the hw design at E:/Git-Repos/CNC-FPGA/Vitis3/CNC-FPGA-FINAL-RELEASE/hw/CNC-FPGA-FINAL-RELEASE.xsa
TRACE::2026-03-19.19:59:55::SCWPlatform::DSA given E:/Git-Repos/CNC-FPGA/Vitis3/CNC-FPGA-FINAL-RELEASE/hw/CNC-FPGA-FINAL-RELEASE.xsa
TRACE::2026-03-19.19:59:55::SCWPlatform::DSA absoulate path E:/Git-Repos/CNC-FPGA/Vitis3/CNC-FPGA-FINAL-RELEASE/hw/CNC-FPGA-FINAL-RELEASE.xsa
TRACE::2026-03-19.19:59:55::SCWPlatform::DSA directory E:/Git-Repos/CNC-FPGA/Vitis3/CNC-FPGA-FINAL-RELEASE/hw
TRACE::2026-03-19.19:59:55::SCWPlatform:: Platform Path E:/Git-Repos/CNC-FPGA/Vitis3/CNC-FPGA-FINAL-RELEASE/hw/CNC-FPGA-FINAL-RELEASE.xsa
TRACE::2026-03-19.19:59:55::SCWPlatform:: Unique name xilinx:zedboard::0.0
TRACE::2026-03-19.19:59:55::SCWPlatform::Trying to set the existing hwdb with name CNC_Top_wrapper_0
TRACE::2026-03-19.19:59:55::SCWPlatform::Opened existing hwdb CNC_Top_wrapper_0
TRACE::2026-03-19.19:59:55::SCWPlatform::Found the Hw Db part of the input DSA
TRACE::2026-03-19.19:59:55::SCWMssOS::Checking the sw design at  E:/Git-Repos/CNC-FPGA/Vitis3/CNC-FPGA-FINAL-RELEASE/zynq_fsbl/zynq_fsbl_bsp/system.mss
TRACE::2026-03-19.19:59:55::SCWMssOS::DEBUG:  swdes dump  E:/Git-Repos/CNC-FPGA/Vitis3/CNC-FPGA-FINAL-RELEASE/ps7_cortexa9_0/standalone_domain/bsp/system.mss|system_0||
E:/Git-Repos/CNC-FPGA/Vitis3/CNC-FPGA-FINAL-RELEASE/zynq_fsbl/zynq_fsbl_bsp/system.mss|system||

TRACE::2026-03-19.19:59:55::SCWMssOS::Sw design exists and opened at  E:/Git-Repos/CNC-FPGA/Vitis3/CNC-FPGA-FINAL-RELEASE/zynq_fsbl/zynq_fsbl_bsp/system.mss
TRACE::2026-03-19.19:59:55::SCWPlatform::Trying to open the hw design at E:/Git-Repos/CNC-FPGA/Vitis3/CNC-FPGA-FINAL-RELEASE/hw/CNC-FPGA-FINAL-RELEASE.xsa
TRACE::2026-03-19.19:59:55::SCWPlatform::DSA given E:/Git-Repos/CNC-FPGA/Vitis3/CNC-FPGA-FINAL-RELEASE/hw/CNC-FPGA-FINAL-RELEASE.xsa
TRACE::2026-03-19.19:59:55::SCWPlatform::DSA absoulate path E:/Git-Repos/CNC-FPGA/Vitis3/CNC-FPGA-FINAL-RELEASE/hw/CNC-FPGA-FINAL-RELEASE.xsa
TRACE::2026-03-19.19:59:55::SCWPlatform::DSA directory E:/Git-Repos/CNC-FPGA/Vitis3/CNC-FPGA-FINAL-RELEASE/hw
TRACE::2026-03-19.19:59:55::SCWPlatform:: Platform Path E:/Git-Repos/CNC-FPGA/Vitis3/CNC-FPGA-FINAL-RELEASE/hw/CNC-FPGA-FINAL-RELEASE.xsa
TRACE::2026-03-19.19:59:55::SCWPlatform:: Unique name xilinx:zedboard::0.0
TRACE::2026-03-19.19:59:55::SCWPlatform::Trying to set the existing hwdb with name CNC_Top_wrapper_0
TRACE::2026-03-19.19:59:55::SCWPlatform::Opened existing hwdb CNC_Top_wrapper_0
TRACE::2026-03-19.19:59:55::SCWPlatform::Found the Hw Db part of the input DSA
TRACE::2026-03-19.19:59:55::SCWMssOS::Checking the sw design at  E:/Git-Repos/CNC-FPGA/Vitis3/CNC-FPGA-FINAL-RELEASE/ps7_cortexa9_0/standalone_domain/bsp/system.mss
TRACE::2026-03-19.19:59:55::SCWMssOS::DEBUG:  swdes dump  E:/Git-Repos/CNC-FPGA/Vitis3/CNC-FPGA-FINAL-RELEASE/ps7_cortexa9_0/standalone_domain/bsp/system.mss|system_0||
E:/Git-Repos/CNC-FPGA/Vitis3/CNC-FPGA-FINAL-RELEASE/zynq_fsbl/zynq_fsbl_bsp/system.mss|system||

TRACE::2026-03-19.19:59:55::SCWMssOS::Sw design exists and opened at  E:/Git-Repos/CNC-FPGA/Vitis3/CNC-FPGA-FINAL-RELEASE/ps7_cortexa9_0/standalone_domain/bsp/system.mss
TRACE::2026-03-19.19:59:55::SCWPlatform::Trying to open the hw design at E:/Git-Repos/CNC-FPGA/Vitis3/CNC-FPGA-FINAL-RELEASE/hw/CNC-FPGA-FINAL-RELEASE.xsa
TRACE::2026-03-19.19:59:55::SCWPlatform::DSA given E:/Git-Repos/CNC-FPGA/Vitis3/CNC-FPGA-FINAL-RELEASE/hw/CNC-FPGA-FINAL-RELEASE.xsa
TRACE::2026-03-19.19:59:55::SCWPlatform::DSA absoulate path E:/Git-Repos/CNC-FPGA/Vitis3/CNC-FPGA-FINAL-RELEASE/hw/CNC-FPGA-FINAL-RELEASE.xsa
TRACE::2026-03-19.19:59:55::SCWPlatform::DSA directory E:/Git-Repos/CNC-FPGA/Vitis3/CNC-FPGA-FINAL-RELEASE/hw
TRACE::2026-03-19.19:59:55::SCWPlatform:: Platform Path E:/Git-Repos/CNC-FPGA/Vitis3/CNC-FPGA-FINAL-RELEASE/hw/CNC-FPGA-FINAL-RELEASE.xsa
TRACE::2026-03-19.19:59:55::SCWPlatform:: Unique name xilinx:zedboard::0.0
TRACE::2026-03-19.19:59:55::SCWPlatform::Trying to set the existing hwdb with name CNC_Top_wrapper_0
TRACE::2026-03-19.19:59:55::SCWPlatform::Opened existing hwdb CNC_Top_wrapper_0
TRACE::2026-03-19.19:59:55::SCWPlatform::Found the Hw Db part of the input DSA
TRACE::2026-03-19.19:59:55::SCWMssOS::Checking the sw design at  E:/Git-Repos/CNC-FPGA/Vitis3/CNC-FPGA-FINAL-RELEASE/ps7_cortexa9_0/standalone_domain/bsp/system.mss
TRACE::2026-03-19.19:59:55::SCWMssOS::DEBUG:  swdes dump  E:/Git-Repos/CNC-FPGA/Vitis3/CNC-FPGA-FINAL-RELEASE/ps7_cortexa9_0/standalone_domain/bsp/system.mss|system_0||
E:/Git-Repos/CNC-FPGA/Vitis3/CNC-FPGA-FINAL-RELEASE/zynq_fsbl/zynq_fsbl_bsp/system.mss|system||

TRACE::2026-03-19.19:59:55::SCWMssOS::Sw design exists and opened at  E:/Git-Repos/CNC-FPGA/Vitis3/CNC-FPGA-FINAL-RELEASE/ps7_cortexa9_0/standalone_domain/bsp/system.mss
TRACE::2026-03-19.19:59:55::SCWPlatform::Trying to open the hw design at E:/Git-Repos/CNC-FPGA/Vitis3/CNC-FPGA-FINAL-RELEASE/hw/CNC-FPGA-FINAL-RELEASE.xsa
TRACE::2026-03-19.19:59:55::SCWPlatform::DSA given E:/Git-Repos/CNC-FPGA/Vitis3/CNC-FPGA-FINAL-RELEASE/hw/CNC-FPGA-FINAL-RELEASE.xsa
TRACE::2026-03-19.19:59:55::SCWPlatform::DSA absoulate path E:/Git-Repos/CNC-FPGA/Vitis3/CNC-FPGA-FINAL-RELEASE/hw/CNC-FPGA-FINAL-RELEASE.xsa
TRACE::2026-03-19.19:59:55::SCWPlatform::DSA directory E:/Git-Repos/CNC-FPGA/Vitis3/CNC-FPGA-FINAL-RELEASE/hw
TRACE::2026-03-19.19:59:55::SCWPlatform:: Platform Path E:/Git-Repos/CNC-FPGA/Vitis3/CNC-FPGA-FINAL-RELEASE/hw/CNC-FPGA-FINAL-RELEASE.xsa
TRACE::2026-03-19.19:59:55::SCWPlatform:: Unique name xilinx:zedboard::0.0
TRACE::2026-03-19.19:59:55::SCWPlatform::Trying to set the existing hwdb with name CNC_Top_wrapper_0
TRACE::2026-03-19.19:59:55::SCWPlatform::Opened existing hwdb CNC_Top_wrapper_0
TRACE::2026-03-19.19:59:55::SCWPlatform::Found the Hw Db part of the input DSA
TRACE::2026-03-19.19:59:55::SCWMssOS::Checking the sw design at  E:/Git-Repos/CNC-FPGA/Vitis3/CNC-FPGA-FINAL-RELEASE/ps7_cortexa9_0/standalone_domain/bsp/system.mss
TRACE::2026-03-19.19:59:55::SCWMssOS::DEBUG:  swdes dump  E:/Git-Repos/CNC-FPGA/Vitis3/CNC-FPGA-FINAL-RELEASE/ps7_cortexa9_0/standalone_domain/bsp/system.mss|system_0||
E:/Git-Repos/CNC-FPGA/Vitis3/CNC-FPGA-FINAL-RELEASE/zynq_fsbl/zynq_fsbl_bsp/system.mss|system||

TRACE::2026-03-19.19:59:55::SCWMssOS::Sw design exists and opened at  E:/Git-Repos/CNC-FPGA/Vitis3/CNC-FPGA-FINAL-RELEASE/ps7_cortexa9_0/standalone_domain/bsp/system.mss
TRACE::2026-03-19.19:59:55::SCWWriter::formatted JSON is {
	"platformName":	"CNC-FPGA-FINAL-RELEASE",
	"sprVersion":	"2.0",
	"mode":	"gui",
	"dsaType":	"Fixed",
	"platformDesc":	"CNC-FPGA-FINAL-RELEASE",
	"platHandOff":	"E:/Git-Repos/CNC-FPGA/Zedboard-CNC/CNC-FPGA-FINAL-RELEASE.xsa",
	"platIntHandOff":	"<platformDir>/hw/CNC-FPGA-FINAL-RELEASE.xsa",
	"deviceType":	"zynq",
	"platIsPrebuiltAutogen":	"false",
	"platIsNoBootBsp":	"false",
	"platFsblTarget":	"ps7_cortexa9_0",
	"hasFsblMakeHasChanges":	"false",
	"hasPmufwMakeHasChanges":	"false",
	"fsblExtraCompilerFlags":	"-MMD -MP       -mcpu=cortex-a9 -mfpu=vfpv3 -mfloat-abi=hard ",
	"platPreBuiltFlag":	false,
	"platformSamplesDir":	"",
	"platActiveSys":	"CNC-FPGA-FINAL-RELEASE",
	"systems":	[{
			"systemName":	"CNC-FPGA-FINAL-RELEASE",
			"systemDesc":	"CNC-FPGA-FINAL-RELEASE",
			"sysIsBootAutoGen":	"true",
			"systemDispName":	"CNC-FPGA-FINAL-RELEASE",
			"sysActiveDom":	"standalone_domain",
			"sysDefaultDom":	"standalone_domain",
			"domains":	[{
					"domainName":	"zynq_fsbl",
					"domainDispName":	"zynq_fsbl",
					"domainDesc":	"FSBL Application BSP - Auto Generated.",
					"processors":	"ps7_cortexa9_0",
					"os":	"standalone",
					"sdxOs":	"standalone",
					"debugEnable":	"",
					"domRuntimes":	["cpp"],
					"swRepo":	"",
					"mssOsVer":	"9.2",
					"mssFile":	"",
					"md5Digest":	"822b05f43d93911360d956bc0e0ec2b0",
					"compatibleApp":	"zynq_fsbl",
					"domType":	"bootDomain",
					"arch":	"32-bit",
					"appSettings":	{
						"appCompilerFlags":	"",
						"appLinkerFlags":	""
					},
					"addedLibs":	["xilffs:5.3", "xilrsa:1.8"],
					"libOptions":	{
						"libsContainingOptions":	[]
					},
					"prebuiltLibs":	{
						"prebuiltIncPath":	[],
						"prebuiltLibPath":	[]
					},
					"isolation":	{
					}
				}, {
					"domainName":	"standalone_domain",
					"domainDispName":	"standalone_domain",
					"domainDesc":	"standalone_domain",
					"processors":	"ps7_cortexa9_0",
					"os":	"standalone",
					"sdxOs":	"standalone",
					"qemuArgs":	"<platformDir>/resources/CNC-FPGA-FINAL-RELEASE/standalone_domain/qemu_args.txt",
					"qemuData":	"<platformDir>/resources/CNC-FPGA-FINAL-RELEASE/standalone_domain/qemu",
					"debugEnable":	"False",
					"domRuntimes":	["cpp"],
					"swRepo":	"",
					"mssOsVer":	"9.2",
					"mssFile":	"",
					"md5Digest":	"4bf099da2fb427a9388a4e43114e5a42",
					"compatibleApp":	"",
					"domType":	"mssDomain",
					"appSettings":	{
						"appCompilerFlags":	"",
						"appLinkerFlags":	""
					},
					"addedLibs":	[],
					"libOptions":	{
						"libsContainingOptions":	[]
					},
					"prebuiltLibs":	{
						"prebuiltIncPath":	[],
						"prebuiltLibPath":	[]
					},
					"isolation":	{
					}
				}]
		}]
}
LOG::2026-03-19.19:59:55::SCWPlatform::Started generating the artifacts platform CNC-FPGA-FINAL-RELEASE
TRACE::2026-03-19.19:59:55::SCWPlatform::Sanity checking of platform is completed
LOG::2026-03-19.19:59:55::SCWPlatform::Started generating the artifacts for system configuration CNC-FPGA-FINAL-RELEASE
LOG::2026-03-19.19:59:55::SCWSystem::Checking the domain zynq_fsbl
LOG::2026-03-19.19:59:55::SCWSystem::Doing application build for :  zynq_fsbl
TRACE::2026-03-19.19:59:55::SCWBDomain::Not a forced makefile updation, No changes are present. 
TRACE::2026-03-19.19:59:55::SCWDomain::Skipping the build for domain :  zynq_fsbl
LOG::2026-03-19.19:59:55::SCWSystem::Checking the domain standalone_domain
LOG::2026-03-19.19:59:55::SCWSystem::Not a boot domain 
LOG::2026-03-19.19:59:55::SCWSystem::Started Processing the domain standalone_domain
TRACE::2026-03-19.19:59:55::SCWDomain::Generating domain artifcats
TRACE::2026-03-19.19:59:55::SCWMssOS::Generating standalone artifcats
TRACE::2026-03-19.19:59:55::SCWMssOS::Copying the qemu file from  E:/Git-Repos/CNC-FPGA/Vitis3/CNC-FPGA-FINAL-RELEASE/resources/CNC-FPGA-FINAL-RELEASE/standalone_domain/qemu_args.txt To E:/Git-Repos/CNC-FPGA/Vitis3/CNC-FPGA-FINAL-RELEASE/export/CNC-FPGA-FINAL-RELEASE/sw/CNC-FPGA-FINAL-RELEASE/qemu/
TRACE::2026-03-19.19:59:55::SCWMssOS::Copying the qemu file from  E:/Git-Repos/CNC-FPGA/Vitis3/CNC-FPGA-FINAL-RELEASE/resources/CNC-FPGA-FINAL-RELEASE/standalone_domain/qemu_args.txt To E:/Git-Repos/CNC-FPGA/Vitis3/CNC-FPGA-FINAL-RELEASE/export/CNC-FPGA-FINAL-RELEASE/sw/CNC-FPGA-FINAL-RELEASE/standalone_domain/qemu/
TRACE::2026-03-19.19:59:55::SCWMssOS:: Copying the user libraries. 
TRACE::2026-03-19.19:59:55::SCWPlatform::Trying to open the hw design at E:/Git-Repos/CNC-FPGA/Vitis3/CNC-FPGA-FINAL-RELEASE/hw/CNC-FPGA-FINAL-RELEASE.xsa
TRACE::2026-03-19.19:59:55::SCWPlatform::DSA given E:/Git-Repos/CNC-FPGA/Vitis3/CNC-FPGA-FINAL-RELEASE/hw/CNC-FPGA-FINAL-RELEASE.xsa
TRACE::2026-03-19.19:59:55::SCWPlatform::DSA absoulate path E:/Git-Repos/CNC-FPGA/Vitis3/CNC-FPGA-FINAL-RELEASE/hw/CNC-FPGA-FINAL-RELEASE.xsa
TRACE::2026-03-19.19:59:55::SCWPlatform::DSA directory E:/Git-Repos/CNC-FPGA/Vitis3/CNC-FPGA-FINAL-RELEASE/hw
TRACE::2026-03-19.19:59:55::SCWPlatform:: Platform Path E:/Git-Repos/CNC-FPGA/Vitis3/CNC-FPGA-FINAL-RELEASE/hw/CNC-FPGA-FINAL-RELEASE.xsa
TRACE::2026-03-19.19:59:55::SCWPlatform:: Unique name xilinx:zedboard::0.0
TRACE::2026-03-19.19:59:55::SCWPlatform::Trying to set the existing hwdb with name CNC_Top_wrapper_0
TRACE::2026-03-19.19:59:55::SCWPlatform::Opened existing hwdb CNC_Top_wrapper_0
TRACE::2026-03-19.19:59:55::SCWPlatform::Found the Hw Db part of the input DSA
TRACE::2026-03-19.19:59:55::SCWMssOS::Checking the sw design at  E:/Git-Repos/CNC-FPGA/Vitis3/CNC-FPGA-FINAL-RELEASE/ps7_cortexa9_0/standalone_domain/bsp/system.mss
TRACE::2026-03-19.19:59:55::SCWMssOS::DEBUG:  swdes dump  E:/Git-Repos/CNC-FPGA/Vitis3/CNC-FPGA-FINAL-RELEASE/ps7_cortexa9_0/standalone_domain/bsp/system.mss|system_0||
E:/Git-Repos/CNC-FPGA/Vitis3/CNC-FPGA-FINAL-RELEASE/zynq_fsbl/zynq_fsbl_bsp/system.mss|system||

TRACE::2026-03-19.19:59:55::SCWMssOS::Sw design exists and opened at  E:/Git-Repos/CNC-FPGA/Vitis3/CNC-FPGA-FINAL-RELEASE/ps7_cortexa9_0/standalone_domain/bsp/system.mss
TRACE::2026-03-19.19:59:55::SCWMssOS::Completed writing the mss file at E:/Git-Repos/CNC-FPGA/Vitis3/CNC-FPGA-FINAL-RELEASE/ps7_cortexa9_0/standalone_domain/bsp
TRACE::2026-03-19.19:59:55::SCWMssOS::Mss edits present, copying mssfile into export location E:/Git-Repos/CNC-FPGA/Vitis3/CNC-FPGA-FINAL-RELEASE/ps7_cortexa9_0/standalone_domain/bsp/system.mss
TRACE::2026-03-19.19:59:55::SCWMssOS::bsp generated is upto date with the mss file. Skipping bsp generation.
TRACE::2026-03-19.19:59:55::SCWMssOS::BSP is already built. skipping the bsp build ... 
TRACE::2026-03-19.19:59:55::SCWDomain::Skipping the build for domain :  standalone_domain
TRACE::2026-03-19.19:59:55::SCWMssOS::skipping the bsp build ... 
TRACE::2026-03-19.19:59:55::SCWMssOS::Copying to export directory.
TRACE::2026-03-19.19:59:55::SCWMssOS:: Checking if to create the Supporting Applications
TRACE::2026-03-19.19:59:55::SCWMssOS:: No Linux domain exists, trying to generate FSBL 
TRACE::2026-03-19.19:59:55::SCWMssOS:: Completed Standalone Artifacts creation 
LOG::2026-03-19.19:59:55::SCWSystem::Completed Processing the domain standalone_domain
LOG::2026-03-19.19:59:55::SCWSystem::Completed Processing the sysconfig CNC-FPGA-FINAL-RELEASE
LOG::2026-03-19.19:59:55::SCWPlatform::Completed generating the artifacts for system configuration CNC-FPGA-FINAL-RELEASE
TRACE::2026-03-19.19:59:55::SCWPlatform::Started preparing the platform 
TRACE::2026-03-19.19:59:55::SCWSystem::Writing the bif file for system config CNC-FPGA-FINAL-RELEASE
TRACE::2026-03-19.19:59:55::SCWSystem::dir created 
TRACE::2026-03-19.19:59:55::SCWSystem::Writing the bif 
TRACE::2026-03-19.19:59:55::SCWPlatform::Started writing the spfm file 
TRACE::2026-03-19.19:59:55::SCWPlatform::Started writing the xpfm file 
TRACE::2026-03-19.19:59:55::SCWPlatform::Completed generating the platform
TRACE::2026-03-19.19:59:55::SCWMssOS::Saving the mss changes E:/Git-Repos/CNC-FPGA/Vitis3/CNC-FPGA-FINAL-RELEASE/zynq_fsbl/zynq_fsbl_bsp/system.mss
TRACE::2026-03-19.19:59:55::SCWMssOS::Found a swdesign opened with the mssfile.
TRACE::2026-03-19.19:59:55::SCWMssOS::Completed writemss as part of save.
TRACE::2026-03-19.19:59:55::SCWMssOS::Commit changes completed.
TRACE::2026-03-19.19:59:55::SCWMssOS::Saving the mss changes E:/Git-Repos/CNC-FPGA/Vitis3/CNC-FPGA-FINAL-RELEASE/ps7_cortexa9_0/standalone_domain/bsp/system.mss
TRACE::2026-03-19.19:59:55::SCWMssOS::Found a swdesign opened with the mssfile.
TRACE::2026-03-19.19:59:55::SCWMssOS::Completed writemss as part of save.
TRACE::2026-03-19.19:59:55::SCWMssOS::Commit changes completed.
TRACE::2026-03-19.19:59:55::SCWPlatform::Trying to open the hw design at E:/Git-Repos/CNC-FPGA/Vitis3/CNC-FPGA-FINAL-RELEASE/hw/CNC-FPGA-FINAL-RELEASE.xsa
TRACE::2026-03-19.19:59:55::SCWPlatform::DSA given E:/Git-Repos/CNC-FPGA/Vitis3/CNC-FPGA-FINAL-RELEASE/hw/CNC-FPGA-FINAL-RELEASE.xsa
TRACE::2026-03-19.19:59:55::SCWPlatform::DSA absoulate path E:/Git-Repos/CNC-FPGA/Vitis3/CNC-FPGA-FINAL-RELEASE/hw/CNC-FPGA-FINAL-RELEASE.xsa
TRACE::2026-03-19.19:59:55::SCWPlatform::DSA directory E:/Git-Repos/CNC-FPGA/Vitis3/CNC-FPGA-FINAL-RELEASE/hw
TRACE::2026-03-19.19:59:55::SCWPlatform:: Platform Path E:/Git-Repos/CNC-FPGA/Vitis3/CNC-FPGA-FINAL-RELEASE/hw/CNC-FPGA-FINAL-RELEASE.xsa
TRACE::2026-03-19.19:59:55::SCWPlatform:: Unique name xilinx:zedboard::0.0
TRACE::2026-03-19.19:59:55::SCWPlatform::Trying to set the existing hwdb with name CNC_Top_wrapper_0
TRACE::2026-03-19.19:59:55::SCWPlatform::Opened existing hwdb CNC_Top_wrapper_0
TRACE::2026-03-19.19:59:55::SCWPlatform::Found the Hw Db part of the input DSA
TRACE::2026-03-19.19:59:55::SCWMssOS::Checking the sw design at  E:/Git-Repos/CNC-FPGA/Vitis3/CNC-FPGA-FINAL-RELEASE/zynq_fsbl/zynq_fsbl_bsp/system.mss
TRACE::2026-03-19.19:59:55::SCWMssOS::DEBUG:  swdes dump  E:/Git-Repos/CNC-FPGA/Vitis3/CNC-FPGA-FINAL-RELEASE/ps7_cortexa9_0/standalone_domain/bsp/system.mss|system_0||
E:/Git-Repos/CNC-FPGA/Vitis3/CNC-FPGA-FINAL-RELEASE/zynq_fsbl/zynq_fsbl_bsp/system.mss|system||

TRACE::2026-03-19.19:59:55::SCWMssOS::Sw design exists and opened at  E:/Git-Repos/CNC-FPGA/Vitis3/CNC-FPGA-FINAL-RELEASE/zynq_fsbl/zynq_fsbl_bsp/system.mss
TRACE::2026-03-19.19:59:55::SCWPlatform::Trying to open the hw design at E:/Git-Repos/CNC-FPGA/Vitis3/CNC-FPGA-FINAL-RELEASE/hw/CNC-FPGA-FINAL-RELEASE.xsa
TRACE::2026-03-19.19:59:55::SCWPlatform::DSA given E:/Git-Repos/CNC-FPGA/Vitis3/CNC-FPGA-FINAL-RELEASE/hw/CNC-FPGA-FINAL-RELEASE.xsa
TRACE::2026-03-19.19:59:55::SCWPlatform::DSA absoulate path E:/Git-Repos/CNC-FPGA/Vitis3/CNC-FPGA-FINAL-RELEASE/hw/CNC-FPGA-FINAL-RELEASE.xsa
TRACE::2026-03-19.19:59:55::SCWPlatform::DSA directory E:/Git-Repos/CNC-FPGA/Vitis3/CNC-FPGA-FINAL-RELEASE/hw
TRACE::2026-03-19.19:59:55::SCWPlatform:: Platform Path E:/Git-Repos/CNC-FPGA/Vitis3/CNC-FPGA-FINAL-RELEASE/hw/CNC-FPGA-FINAL-RELEASE.xsa
TRACE::2026-03-19.19:59:55::SCWPlatform:: Unique name xilinx:zedboard::0.0
TRACE::2026-03-19.19:59:55::SCWPlatform::Trying to set the existing hwdb with name CNC_Top_wrapper_0
TRACE::2026-03-19.19:59:55::SCWPlatform::Opened existing hwdb CNC_Top_wrapper_0
TRACE::2026-03-19.19:59:55::SCWPlatform::Found the Hw Db part of the input DSA
TRACE::2026-03-19.19:59:55::SCWMssOS::Checking the sw design at  E:/Git-Repos/CNC-FPGA/Vitis3/CNC-FPGA-FINAL-RELEASE/zynq_fsbl/zynq_fsbl_bsp/system.mss
TRACE::2026-03-19.19:59:55::SCWMssOS::DEBUG:  swdes dump  E:/Git-Repos/CNC-FPGA/Vitis3/CNC-FPGA-FINAL-RELEASE/ps7_cortexa9_0/standalone_domain/bsp/system.mss|system_0||
E:/Git-Repos/CNC-FPGA/Vitis3/CNC-FPGA-FINAL-RELEASE/zynq_fsbl/zynq_fsbl_bsp/system.mss|system||

TRACE::2026-03-19.19:59:55::SCWMssOS::Sw design exists and opened at  E:/Git-Repos/CNC-FPGA/Vitis3/CNC-FPGA-FINAL-RELEASE/zynq_fsbl/zynq_fsbl_bsp/system.mss
TRACE::2026-03-19.19:59:55::SCWPlatform::Trying to open the hw design at E:/Git-Repos/CNC-FPGA/Vitis3/CNC-FPGA-FINAL-RELEASE/hw/CNC-FPGA-FINAL-RELEASE.xsa
TRACE::2026-03-19.19:59:55::SCWPlatform::DSA given E:/Git-Repos/CNC-FPGA/Vitis3/CNC-FPGA-FINAL-RELEASE/hw/CNC-FPGA-FINAL-RELEASE.xsa
TRACE::2026-03-19.19:59:55::SCWPlatform::DSA absoulate path E:/Git-Repos/CNC-FPGA/Vitis3/CNC-FPGA-FINAL-RELEASE/hw/CNC-FPGA-FINAL-RELEASE.xsa
TRACE::2026-03-19.19:59:55::SCWPlatform::DSA directory E:/Git-Repos/CNC-FPGA/Vitis3/CNC-FPGA-FINAL-RELEASE/hw
TRACE::2026-03-19.19:59:55::SCWPlatform:: Platform Path E:/Git-Repos/CNC-FPGA/Vitis3/CNC-FPGA-FINAL-RELEASE/hw/CNC-FPGA-FINAL-RELEASE.xsa
TRACE::2026-03-19.19:59:55::SCWPlatform:: Unique name xilinx:zedboard::0.0
TRACE::2026-03-19.19:59:55::SCWPlatform::Trying to set the existing hwdb with name CNC_Top_wrapper_0
TRACE::2026-03-19.19:59:55::SCWPlatform::Opened existing hwdb CNC_Top_wrapper_0
TRACE::2026-03-19.19:59:55::SCWPlatform::Found the Hw Db part of the input DSA
TRACE::2026-03-19.19:59:55::SCWMssOS::Checking the sw design at  E:/Git-Repos/CNC-FPGA/Vitis3/CNC-FPGA-FINAL-RELEASE/zynq_fsbl/zynq_fsbl_bsp/system.mss
TRACE::2026-03-19.19:59:55::SCWMssOS::DEBUG:  swdes dump  E:/Git-Repos/CNC-FPGA/Vitis3/CNC-FPGA-FINAL-RELEASE/ps7_cortexa9_0/standalone_domain/bsp/system.mss|system_0||
E:/Git-Repos/CNC-FPGA/Vitis3/CNC-FPGA-FINAL-RELEASE/zynq_fsbl/zynq_fsbl_bsp/system.mss|system||

TRACE::2026-03-19.19:59:55::SCWMssOS::Sw design exists and opened at  E:/Git-Repos/CNC-FPGA/Vitis3/CNC-FPGA-FINAL-RELEASE/zynq_fsbl/zynq_fsbl_bsp/system.mss
TRACE::2026-03-19.19:59:55::SCWPlatform::Trying to open the hw design at E:/Git-Repos/CNC-FPGA/Vitis3/CNC-FPGA-FINAL-RELEASE/hw/CNC-FPGA-FINAL-RELEASE.xsa
TRACE::2026-03-19.19:59:55::SCWPlatform::DSA given E:/Git-Repos/CNC-FPGA/Vitis3/CNC-FPGA-FINAL-RELEASE/hw/CNC-FPGA-FINAL-RELEASE.xsa
TRACE::2026-03-19.19:59:55::SCWPlatform::DSA absoulate path E:/Git-Repos/CNC-FPGA/Vitis3/CNC-FPGA-FINAL-RELEASE/hw/CNC-FPGA-FINAL-RELEASE.xsa
TRACE::2026-03-19.19:59:55::SCWPlatform::DSA directory E:/Git-Repos/CNC-FPGA/Vitis3/CNC-FPGA-FINAL-RELEASE/hw
TRACE::2026-03-19.19:59:55::SCWPlatform:: Platform Path E:/Git-Repos/CNC-FPGA/Vitis3/CNC-FPGA-FINAL-RELEASE/hw/CNC-FPGA-FINAL-RELEASE.xsa
TRACE::2026-03-19.19:59:55::SCWPlatform:: Unique name xilinx:zedboard::0.0
TRACE::2026-03-19.19:59:55::SCWPlatform::Trying to set the existing hwdb with name CNC_Top_wrapper_0
TRACE::2026-03-19.19:59:55::SCWPlatform::Opened existing hwdb CNC_Top_wrapper_0
TRACE::2026-03-19.19:59:55::SCWPlatform::Found the Hw Db part of the input DSA
TRACE::2026-03-19.19:59:55::SCWMssOS::Checking the sw design at  E:/Git-Repos/CNC-FPGA/Vitis3/CNC-FPGA-FINAL-RELEASE/ps7_cortexa9_0/standalone_domain/bsp/system.mss
TRACE::2026-03-19.19:59:55::SCWMssOS::DEBUG:  swdes dump  E:/Git-Repos/CNC-FPGA/Vitis3/CNC-FPGA-FINAL-RELEASE/ps7_cortexa9_0/standalone_domain/bsp/system.mss|system_0||
E:/Git-Repos/CNC-FPGA/Vitis3/CNC-FPGA-FINAL-RELEASE/zynq_fsbl/zynq_fsbl_bsp/system.mss|system||

TRACE::2026-03-19.19:59:55::SCWMssOS::Sw design exists and opened at  E:/Git-Repos/CNC-FPGA/Vitis3/CNC-FPGA-FINAL-RELEASE/ps7_cortexa9_0/standalone_domain/bsp/system.mss
TRACE::2026-03-19.19:59:55::SCWPlatform::Trying to open the hw design at E:/Git-Repos/CNC-FPGA/Vitis3/CNC-FPGA-FINAL-RELEASE/hw/CNC-FPGA-FINAL-RELEASE.xsa
TRACE::2026-03-19.19:59:55::SCWPlatform::DSA given E:/Git-Repos/CNC-FPGA/Vitis3/CNC-FPGA-FINAL-RELEASE/hw/CNC-FPGA-FINAL-RELEASE.xsa
TRACE::2026-03-19.19:59:55::SCWPlatform::DSA absoulate path E:/Git-Repos/CNC-FPGA/Vitis3/CNC-FPGA-FINAL-RELEASE/hw/CNC-FPGA-FINAL-RELEASE.xsa
TRACE::2026-03-19.19:59:55::SCWPlatform::DSA directory E:/Git-Repos/CNC-FPGA/Vitis3/CNC-FPGA-FINAL-RELEASE/hw
TRACE::2026-03-19.19:59:55::SCWPlatform:: Platform Path E:/Git-Repos/CNC-FPGA/Vitis3/CNC-FPGA-FINAL-RELEASE/hw/CNC-FPGA-FINAL-RELEASE.xsa
TRACE::2026-03-19.19:59:55::SCWPlatform:: Unique name xilinx:zedboard::0.0
TRACE::2026-03-19.19:59:55::SCWPlatform::Trying to set the existing hwdb with name CNC_Top_wrapper_0
TRACE::2026-03-19.19:59:55::SCWPlatform::Opened existing hwdb CNC_Top_wrapper_0
TRACE::2026-03-19.19:59:55::SCWPlatform::Found the Hw Db part of the input DSA
TRACE::2026-03-19.19:59:55::SCWMssOS::Checking the sw design at  E:/Git-Repos/CNC-FPGA/Vitis3/CNC-FPGA-FINAL-RELEASE/ps7_cortexa9_0/standalone_domain/bsp/system.mss
TRACE::2026-03-19.19:59:55::SCWMssOS::DEBUG:  swdes dump  E:/Git-Repos/CNC-FPGA/Vitis3/CNC-FPGA-FINAL-RELEASE/ps7_cortexa9_0/standalone_domain/bsp/system.mss|system_0||
E:/Git-Repos/CNC-FPGA/Vitis3/CNC-FPGA-FINAL-RELEASE/zynq_fsbl/zynq_fsbl_bsp/system.mss|system||

TRACE::2026-03-19.19:59:55::SCWMssOS::Sw design exists and opened at  E:/Git-Repos/CNC-FPGA/Vitis3/CNC-FPGA-FINAL-RELEASE/ps7_cortexa9_0/standalone_domain/bsp/system.mss
TRACE::2026-03-19.19:59:55::SCWPlatform::Trying to open the hw design at E:/Git-Repos/CNC-FPGA/Vitis3/CNC-FPGA-FINAL-RELEASE/hw/CNC-FPGA-FINAL-RELEASE.xsa
TRACE::2026-03-19.19:59:55::SCWPlatform::DSA given E:/Git-Repos/CNC-FPGA/Vitis3/CNC-FPGA-FINAL-RELEASE/hw/CNC-FPGA-FINAL-RELEASE.xsa
TRACE::2026-03-19.19:59:55::SCWPlatform::DSA absoulate path E:/Git-Repos/CNC-FPGA/Vitis3/CNC-FPGA-FINAL-RELEASE/hw/CNC-FPGA-FINAL-RELEASE.xsa
TRACE::2026-03-19.19:59:55::SCWPlatform::DSA directory E:/Git-Repos/CNC-FPGA/Vitis3/CNC-FPGA-FINAL-RELEASE/hw
TRACE::2026-03-19.19:59:55::SCWPlatform:: Platform Path E:/Git-Repos/CNC-FPGA/Vitis3/CNC-FPGA-FINAL-RELEASE/hw/CNC-FPGA-FINAL-RELEASE.xsa
TRACE::2026-03-19.19:59:55::SCWPlatform:: Unique name xilinx:zedboard::0.0
TRACE::2026-03-19.19:59:55::SCWPlatform::Trying to set the existing hwdb with name CNC_Top_wrapper_0
TRACE::2026-03-19.19:59:55::SCWPlatform::Opened existing hwdb CNC_Top_wrapper_0
TRACE::2026-03-19.19:59:55::SCWPlatform::Found the Hw Db part of the input DSA
TRACE::2026-03-19.19:59:55::SCWMssOS::Checking the sw design at  E:/Git-Repos/CNC-FPGA/Vitis3/CNC-FPGA-FINAL-RELEASE/ps7_cortexa9_0/standalone_domain/bsp/system.mss
TRACE::2026-03-19.19:59:55::SCWMssOS::DEBUG:  swdes dump  E:/Git-Repos/CNC-FPGA/Vitis3/CNC-FPGA-FINAL-RELEASE/ps7_cortexa9_0/standalone_domain/bsp/system.mss|system_0||
E:/Git-Repos/CNC-FPGA/Vitis3/CNC-FPGA-FINAL-RELEASE/zynq_fsbl/zynq_fsbl_bsp/system.mss|system||

TRACE::2026-03-19.19:59:55::SCWMssOS::Sw design exists and opened at  E:/Git-Repos/CNC-FPGA/Vitis3/CNC-FPGA-FINAL-RELEASE/ps7_cortexa9_0/standalone_domain/bsp/system.mss
TRACE::2026-03-19.19:59:55::SCWWriter::formatted JSON is {
	"platformName":	"CNC-FPGA-FINAL-RELEASE",
	"sprVersion":	"2.0",
	"mode":	"gui",
	"dsaType":	"Fixed",
	"platformDesc":	"CNC-FPGA-FINAL-RELEASE",
	"platHandOff":	"E:/Git-Repos/CNC-FPGA/Zedboard-CNC/CNC-FPGA-FINAL-RELEASE.xsa",
	"platIntHandOff":	"<platformDir>/hw/CNC-FPGA-FINAL-RELEASE.xsa",
	"deviceType":	"zynq",
	"platIsPrebuiltAutogen":	"false",
	"platIsNoBootBsp":	"false",
	"platFsblTarget":	"ps7_cortexa9_0",
	"hasFsblMakeHasChanges":	"false",
	"hasPmufwMakeHasChanges":	"false",
	"fsblExtraCompilerFlags":	"-MMD -MP       -mcpu=cortex-a9 -mfpu=vfpv3 -mfloat-abi=hard ",
	"platPreBuiltFlag":	false,
	"platformSamplesDir":	"",
	"platActiveSys":	"CNC-FPGA-FINAL-RELEASE",
	"systems":	[{
			"systemName":	"CNC-FPGA-FINAL-RELEASE",
			"systemDesc":	"CNC-FPGA-FINAL-RELEASE",
			"sysIsBootAutoGen":	"true",
			"systemDispName":	"CNC-FPGA-FINAL-RELEASE",
			"sysActiveDom":	"standalone_domain",
			"sysDefaultDom":	"standalone_domain",
			"domains":	[{
					"domainName":	"zynq_fsbl",
					"domainDispName":	"zynq_fsbl",
					"domainDesc":	"FSBL Application BSP - Auto Generated.",
					"processors":	"ps7_cortexa9_0",
					"os":	"standalone",
					"sdxOs":	"standalone",
					"debugEnable":	"",
					"domRuntimes":	["cpp"],
					"swRepo":	"",
					"mssOsVer":	"9.2",
					"mssFile":	"",
					"md5Digest":	"822b05f43d93911360d956bc0e0ec2b0",
					"compatibleApp":	"zynq_fsbl",
					"domType":	"bootDomain",
					"arch":	"32-bit",
					"appSettings":	{
						"appCompilerFlags":	"",
						"appLinkerFlags":	""
					},
					"addedLibs":	["xilffs:5.3", "xilrsa:1.8"],
					"libOptions":	{
						"libsContainingOptions":	[]
					},
					"prebuiltLibs":	{
						"prebuiltIncPath":	[],
						"prebuiltLibPath":	[]
					},
					"isolation":	{
					}
				}, {
					"domainName":	"standalone_domain",
					"domainDispName":	"standalone_domain",
					"domainDesc":	"standalone_domain",
					"processors":	"ps7_cortexa9_0",
					"os":	"standalone",
					"sdxOs":	"standalone",
					"qemuArgs":	"<platformDir>/resources/CNC-FPGA-FINAL-RELEASE/standalone_domain/qemu_args.txt",
					"qemuData":	"<platformDir>/resources/CNC-FPGA-FINAL-RELEASE/standalone_domain/qemu",
					"debugEnable":	"False",
					"domRuntimes":	["cpp"],
					"swRepo":	"",
					"mssOsVer":	"9.2",
					"mssFile":	"",
					"md5Digest":	"4bf099da2fb427a9388a4e43114e5a42",
					"compatibleApp":	"",
					"domType":	"mssDomain",
					"appSettings":	{
						"appCompilerFlags":	"",
						"appLinkerFlags":	""
					},
					"addedLibs":	[],
					"libOptions":	{
						"libsContainingOptions":	[]
					},
					"prebuiltLibs":	{
						"prebuiltIncPath":	[],
						"prebuiltLibPath":	[]
					},
					"isolation":	{
					}
				}]
		}]
}
KEYINFO::2026-03-19.19:59:55::SCWPlatform::updated the xpfm file.
TRACE::2026-03-19.19:59:56::SCWPlatform::Trying to open the hw design at E:/Git-Repos/CNC-FPGA/Vitis3/CNC-FPGA-FINAL-RELEASE/hw/CNC-FPGA-FINAL-RELEASE.xsa
TRACE::2026-03-19.19:59:56::SCWPlatform::DSA given E:/Git-Repos/CNC-FPGA/Vitis3/CNC-FPGA-FINAL-RELEASE/hw/CNC-FPGA-FINAL-RELEASE.xsa
TRACE::2026-03-19.19:59:56::SCWPlatform::DSA absoulate path E:/Git-Repos/CNC-FPGA/Vitis3/CNC-FPGA-FINAL-RELEASE/hw/CNC-FPGA-FINAL-RELEASE.xsa
TRACE::2026-03-19.19:59:56::SCWPlatform::DSA directory E:/Git-Repos/CNC-FPGA/Vitis3/CNC-FPGA-FINAL-RELEASE/hw
TRACE::2026-03-19.19:59:56::SCWPlatform:: Platform Path E:/Git-Repos/CNC-FPGA/Vitis3/CNC-FPGA-FINAL-RELEASE/hw/CNC-FPGA-FINAL-RELEASE.xsa
TRACE::2026-03-19.19:59:56::SCWPlatform:: Unique name xilinx:zedboard::0.0
TRACE::2026-03-19.19:59:56::SCWPlatform::Trying to set the existing hwdb with name CNC_Top_wrapper_0
TRACE::2026-03-19.19:59:56::SCWPlatform::Opened existing hwdb CNC_Top_wrapper_0
TRACE::2026-03-19.19:59:56::SCWPlatform::Found the Hw Db part of the input DSA
TRACE::2026-03-19.19:59:56::SCWMssOS::Checking the sw design at  E:/Git-Repos/CNC-FPGA/Vitis3/CNC-FPGA-FINAL-RELEASE/ps7_cortexa9_0/standalone_domain/bsp/system.mss
TRACE::2026-03-19.19:59:56::SCWMssOS::DEBUG:  swdes dump  E:/Git-Repos/CNC-FPGA/Vitis3/CNC-FPGA-FINAL-RELEASE/ps7_cortexa9_0/standalone_domain/bsp/system.mss|system_0||
E:/Git-Repos/CNC-FPGA/Vitis3/CNC-FPGA-FINAL-RELEASE/zynq_fsbl/zynq_fsbl_bsp/system.mss|system||

TRACE::2026-03-19.19:59:56::SCWMssOS::Sw design exists and opened at  E:/Git-Repos/CNC-FPGA/Vitis3/CNC-FPGA-FINAL-RELEASE/ps7_cortexa9_0/standalone_domain/bsp/system.mss
TRACE::2026-03-19.19:59:56::SCWMssOS::Saving the mss changes E:/Git-Repos/CNC-FPGA/Vitis3/CNC-FPGA-FINAL-RELEASE/zynq_fsbl/zynq_fsbl_bsp/system.mss
TRACE::2026-03-19.19:59:56::SCWMssOS::Found a swdesign opened with the mssfile.
TRACE::2026-03-19.19:59:56::SCWMssOS::Completed writemss as part of save.
TRACE::2026-03-19.19:59:56::SCWMssOS::Commit changes completed.
TRACE::2026-03-19.19:59:56::SCWMssOS::Saving the mss changes E:/Git-Repos/CNC-FPGA/Vitis3/CNC-FPGA-FINAL-RELEASE/ps7_cortexa9_0/standalone_domain/bsp/system.mss
TRACE::2026-03-19.19:59:56::SCWMssOS::Found a swdesign opened with the mssfile.
TRACE::2026-03-19.19:59:56::SCWMssOS::Completed writemss as part of save.
TRACE::2026-03-19.19:59:56::SCWMssOS::Commit changes completed.
TRACE::2026-03-19.19:59:56::SCWPlatform::Trying to open the hw design at E:/Git-Repos/CNC-FPGA/Vitis3/CNC-FPGA-FINAL-RELEASE/hw/CNC-FPGA-FINAL-RELEASE.xsa
TRACE::2026-03-19.19:59:56::SCWPlatform::DSA given E:/Git-Repos/CNC-FPGA/Vitis3/CNC-FPGA-FINAL-RELEASE/hw/CNC-FPGA-FINAL-RELEASE.xsa
TRACE::2026-03-19.19:59:56::SCWPlatform::DSA absoulate path E:/Git-Repos/CNC-FPGA/Vitis3/CNC-FPGA-FINAL-RELEASE/hw/CNC-FPGA-FINAL-RELEASE.xsa
TRACE::2026-03-19.19:59:56::SCWPlatform::DSA directory E:/Git-Repos/CNC-FPGA/Vitis3/CNC-FPGA-FINAL-RELEASE/hw
TRACE::2026-03-19.19:59:56::SCWPlatform:: Platform Path E:/Git-Repos/CNC-FPGA/Vitis3/CNC-FPGA-FINAL-RELEASE/hw/CNC-FPGA-FINAL-RELEASE.xsa
TRACE::2026-03-19.19:59:56::SCWPlatform:: Unique name xilinx:zedboard::0.0
TRACE::2026-03-19.19:59:56::SCWPlatform::Trying to set the existing hwdb with name CNC_Top_wrapper_0
TRACE::2026-03-19.19:59:56::SCWPlatform::Opened existing hwdb CNC_Top_wrapper_0
TRACE::2026-03-19.19:59:56::SCWPlatform::Found the Hw Db part of the input DSA
TRACE::2026-03-19.19:59:56::SCWMssOS::Checking the sw design at  E:/Git-Repos/CNC-FPGA/Vitis3/CNC-FPGA-FINAL-RELEASE/zynq_fsbl/zynq_fsbl_bsp/system.mss
TRACE::2026-03-19.19:59:56::SCWMssOS::DEBUG:  swdes dump  E:/Git-Repos/CNC-FPGA/Vitis3/CNC-FPGA-FINAL-RELEASE/ps7_cortexa9_0/standalone_domain/bsp/system.mss|system_0||
E:/Git-Repos/CNC-FPGA/Vitis3/CNC-FPGA-FINAL-RELEASE/zynq_fsbl/zynq_fsbl_bsp/system.mss|system||

TRACE::2026-03-19.19:59:56::SCWMssOS::Sw design exists and opened at  E:/Git-Repos/CNC-FPGA/Vitis3/CNC-FPGA-FINAL-RELEASE/zynq_fsbl/zynq_fsbl_bsp/system.mss
TRACE::2026-03-19.19:59:56::SCWPlatform::Trying to open the hw design at E:/Git-Repos/CNC-FPGA/Vitis3/CNC-FPGA-FINAL-RELEASE/hw/CNC-FPGA-FINAL-RELEASE.xsa
TRACE::2026-03-19.19:59:56::SCWPlatform::DSA given E:/Git-Repos/CNC-FPGA/Vitis3/CNC-FPGA-FINAL-RELEASE/hw/CNC-FPGA-FINAL-RELEASE.xsa
TRACE::2026-03-19.19:59:56::SCWPlatform::DSA absoulate path E:/Git-Repos/CNC-FPGA/Vitis3/CNC-FPGA-FINAL-RELEASE/hw/CNC-FPGA-FINAL-RELEASE.xsa
TRACE::2026-03-19.19:59:56::SCWPlatform::DSA directory E:/Git-Repos/CNC-FPGA/Vitis3/CNC-FPGA-FINAL-RELEASE/hw
TRACE::2026-03-19.19:59:56::SCWPlatform:: Platform Path E:/Git-Repos/CNC-FPGA/Vitis3/CNC-FPGA-FINAL-RELEASE/hw/CNC-FPGA-FINAL-RELEASE.xsa
TRACE::2026-03-19.19:59:56::SCWPlatform:: Unique name xilinx:zedboard::0.0
TRACE::2026-03-19.19:59:56::SCWPlatform::Trying to set the existing hwdb with name CNC_Top_wrapper_0
TRACE::2026-03-19.19:59:56::SCWPlatform::Opened existing hwdb CNC_Top_wrapper_0
TRACE::2026-03-19.19:59:56::SCWPlatform::Found the Hw Db part of the input DSA
TRACE::2026-03-19.19:59:56::SCWMssOS::Checking the sw design at  E:/Git-Repos/CNC-FPGA/Vitis3/CNC-FPGA-FINAL-RELEASE/zynq_fsbl/zynq_fsbl_bsp/system.mss
TRACE::2026-03-19.19:59:56::SCWMssOS::DEBUG:  swdes dump  E:/Git-Repos/CNC-FPGA/Vitis3/CNC-FPGA-FINAL-RELEASE/ps7_cortexa9_0/standalone_domain/bsp/system.mss|system_0||
E:/Git-Repos/CNC-FPGA/Vitis3/CNC-FPGA-FINAL-RELEASE/zynq_fsbl/zynq_fsbl_bsp/system.mss|system||

TRACE::2026-03-19.19:59:56::SCWMssOS::Sw design exists and opened at  E:/Git-Repos/CNC-FPGA/Vitis3/CNC-FPGA-FINAL-RELEASE/zynq_fsbl/zynq_fsbl_bsp/system.mss
TRACE::2026-03-19.19:59:56::SCWPlatform::Trying to open the hw design at E:/Git-Repos/CNC-FPGA/Vitis3/CNC-FPGA-FINAL-RELEASE/hw/CNC-FPGA-FINAL-RELEASE.xsa
TRACE::2026-03-19.19:59:56::SCWPlatform::DSA given E:/Git-Repos/CNC-FPGA/Vitis3/CNC-FPGA-FINAL-RELEASE/hw/CNC-FPGA-FINAL-RELEASE.xsa
TRACE::2026-03-19.19:59:56::SCWPlatform::DSA absoulate path E:/Git-Repos/CNC-FPGA/Vitis3/CNC-FPGA-FINAL-RELEASE/hw/CNC-FPGA-FINAL-RELEASE.xsa
TRACE::2026-03-19.19:59:56::SCWPlatform::DSA directory E:/Git-Repos/CNC-FPGA/Vitis3/CNC-FPGA-FINAL-RELEASE/hw
TRACE::2026-03-19.19:59:56::SCWPlatform:: Platform Path E:/Git-Repos/CNC-FPGA/Vitis3/CNC-FPGA-FINAL-RELEASE/hw/CNC-FPGA-FINAL-RELEASE.xsa
TRACE::2026-03-19.19:59:56::SCWPlatform:: Unique name xilinx:zedboard::0.0
TRACE::2026-03-19.19:59:56::SCWPlatform::Trying to set the existing hwdb with name CNC_Top_wrapper_0
TRACE::2026-03-19.19:59:56::SCWPlatform::Opened existing hwdb CNC_Top_wrapper_0
TRACE::2026-03-19.19:59:56::SCWPlatform::Found the Hw Db part of the input DSA
TRACE::2026-03-19.19:59:56::SCWMssOS::Checking the sw design at  E:/Git-Repos/CNC-FPGA/Vitis3/CNC-FPGA-FINAL-RELEASE/zynq_fsbl/zynq_fsbl_bsp/system.mss
TRACE::2026-03-19.19:59:56::SCWMssOS::DEBUG:  swdes dump  E:/Git-Repos/CNC-FPGA/Vitis3/CNC-FPGA-FINAL-RELEASE/ps7_cortexa9_0/standalone_domain/bsp/system.mss|system_0||
E:/Git-Repos/CNC-FPGA/Vitis3/CNC-FPGA-FINAL-RELEASE/zynq_fsbl/zynq_fsbl_bsp/system.mss|system||

TRACE::2026-03-19.19:59:56::SCWMssOS::Sw design exists and opened at  E:/Git-Repos/CNC-FPGA/Vitis3/CNC-FPGA-FINAL-RELEASE/zynq_fsbl/zynq_fsbl_bsp/system.mss
TRACE::2026-03-19.19:59:56::SCWPlatform::Trying to open the hw design at E:/Git-Repos/CNC-FPGA/Vitis3/CNC-FPGA-FINAL-RELEASE/hw/CNC-FPGA-FINAL-RELEASE.xsa
TRACE::2026-03-19.19:59:56::SCWPlatform::DSA given E:/Git-Repos/CNC-FPGA/Vitis3/CNC-FPGA-FINAL-RELEASE/hw/CNC-FPGA-FINAL-RELEASE.xsa
TRACE::2026-03-19.19:59:56::SCWPlatform::DSA absoulate path E:/Git-Repos/CNC-FPGA/Vitis3/CNC-FPGA-FINAL-RELEASE/hw/CNC-FPGA-FINAL-RELEASE.xsa
TRACE::2026-03-19.19:59:56::SCWPlatform::DSA directory E:/Git-Repos/CNC-FPGA/Vitis3/CNC-FPGA-FINAL-RELEASE/hw
TRACE::2026-03-19.19:59:56::SCWPlatform:: Platform Path E:/Git-Repos/CNC-FPGA/Vitis3/CNC-FPGA-FINAL-RELEASE/hw/CNC-FPGA-FINAL-RELEASE.xsa
TRACE::2026-03-19.19:59:56::SCWPlatform:: Unique name xilinx:zedboard::0.0
TRACE::2026-03-19.19:59:56::SCWPlatform::Trying to set the existing hwdb with name CNC_Top_wrapper_0
TRACE::2026-03-19.19:59:56::SCWPlatform::Opened existing hwdb CNC_Top_wrapper_0
TRACE::2026-03-19.19:59:56::SCWPlatform::Found the Hw Db part of the input DSA
TRACE::2026-03-19.19:59:56::SCWMssOS::Checking the sw design at  E:/Git-Repos/CNC-FPGA/Vitis3/CNC-FPGA-FINAL-RELEASE/ps7_cortexa9_0/standalone_domain/bsp/system.mss
TRACE::2026-03-19.19:59:56::SCWMssOS::DEBUG:  swdes dump  E:/Git-Repos/CNC-FPGA/Vitis3/CNC-FPGA-FINAL-RELEASE/ps7_cortexa9_0/standalone_domain/bsp/system.mss|system_0||
E:/Git-Repos/CNC-FPGA/Vitis3/CNC-FPGA-FINAL-RELEASE/zynq_fsbl/zynq_fsbl_bsp/system.mss|system||

TRACE::2026-03-19.19:59:56::SCWMssOS::Sw design exists and opened at  E:/Git-Repos/CNC-FPGA/Vitis3/CNC-FPGA-FINAL-RELEASE/ps7_cortexa9_0/standalone_domain/bsp/system.mss
TRACE::2026-03-19.19:59:56::SCWPlatform::Trying to open the hw design at E:/Git-Repos/CNC-FPGA/Vitis3/CNC-FPGA-FINAL-RELEASE/hw/CNC-FPGA-FINAL-RELEASE.xsa
TRACE::2026-03-19.19:59:56::SCWPlatform::DSA given E:/Git-Repos/CNC-FPGA/Vitis3/CNC-FPGA-FINAL-RELEASE/hw/CNC-FPGA-FINAL-RELEASE.xsa
TRACE::2026-03-19.19:59:56::SCWPlatform::DSA absoulate path E:/Git-Repos/CNC-FPGA/Vitis3/CNC-FPGA-FINAL-RELEASE/hw/CNC-FPGA-FINAL-RELEASE.xsa
TRACE::2026-03-19.19:59:56::SCWPlatform::DSA directory E:/Git-Repos/CNC-FPGA/Vitis3/CNC-FPGA-FINAL-RELEASE/hw
TRACE::2026-03-19.19:59:56::SCWPlatform:: Platform Path E:/Git-Repos/CNC-FPGA/Vitis3/CNC-FPGA-FINAL-RELEASE/hw/CNC-FPGA-FINAL-RELEASE.xsa
TRACE::2026-03-19.19:59:56::SCWPlatform:: Unique name xilinx:zedboard::0.0
TRACE::2026-03-19.19:59:56::SCWPlatform::Trying to set the existing hwdb with name CNC_Top_wrapper_0
TRACE::2026-03-19.19:59:56::SCWPlatform::Opened existing hwdb CNC_Top_wrapper_0
TRACE::2026-03-19.19:59:56::SCWPlatform::Found the Hw Db part of the input DSA
TRACE::2026-03-19.19:59:56::SCWMssOS::Checking the sw design at  E:/Git-Repos/CNC-FPGA/Vitis3/CNC-FPGA-FINAL-RELEASE/ps7_cortexa9_0/standalone_domain/bsp/system.mss
TRACE::2026-03-19.19:59:56::SCWMssOS::DEBUG:  swdes dump  E:/Git-Repos/CNC-FPGA/Vitis3/CNC-FPGA-FINAL-RELEASE/ps7_cortexa9_0/standalone_domain/bsp/system.mss|system_0||
E:/Git-Repos/CNC-FPGA/Vitis3/CNC-FPGA-FINAL-RELEASE/zynq_fsbl/zynq_fsbl_bsp/system.mss|system||

TRACE::2026-03-19.19:59:56::SCWMssOS::Sw design exists and opened at  E:/Git-Repos/CNC-FPGA/Vitis3/CNC-FPGA-FINAL-RELEASE/ps7_cortexa9_0/standalone_domain/bsp/system.mss
TRACE::2026-03-19.19:59:56::SCWPlatform::Trying to open the hw design at E:/Git-Repos/CNC-FPGA/Vitis3/CNC-FPGA-FINAL-RELEASE/hw/CNC-FPGA-FINAL-RELEASE.xsa
TRACE::2026-03-19.19:59:56::SCWPlatform::DSA given E:/Git-Repos/CNC-FPGA/Vitis3/CNC-FPGA-FINAL-RELEASE/hw/CNC-FPGA-FINAL-RELEASE.xsa
TRACE::2026-03-19.19:59:56::SCWPlatform::DSA absoulate path E:/Git-Repos/CNC-FPGA/Vitis3/CNC-FPGA-FINAL-RELEASE/hw/CNC-FPGA-FINAL-RELEASE.xsa
TRACE::2026-03-19.19:59:56::SCWPlatform::DSA directory E:/Git-Repos/CNC-FPGA/Vitis3/CNC-FPGA-FINAL-RELEASE/hw
TRACE::2026-03-19.19:59:56::SCWPlatform:: Platform Path E:/Git-Repos/CNC-FPGA/Vitis3/CNC-FPGA-FINAL-RELEASE/hw/CNC-FPGA-FINAL-RELEASE.xsa
TRACE::2026-03-19.19:59:56::SCWPlatform:: Unique name xilinx:zedboard::0.0
TRACE::2026-03-19.19:59:56::SCWPlatform::Trying to set the existing hwdb with name CNC_Top_wrapper_0
TRACE::2026-03-19.19:59:56::SCWPlatform::Opened existing hwdb CNC_Top_wrapper_0
TRACE::2026-03-19.19:59:56::SCWPlatform::Found the Hw Db part of the input DSA
TRACE::2026-03-19.19:59:56::SCWMssOS::Checking the sw design at  E:/Git-Repos/CNC-FPGA/Vitis3/CNC-FPGA-FINAL-RELEASE/ps7_cortexa9_0/standalone_domain/bsp/system.mss
TRACE::2026-03-19.19:59:56::SCWMssOS::DEBUG:  swdes dump  E:/Git-Repos/CNC-FPGA/Vitis3/CNC-FPGA-FINAL-RELEASE/ps7_cortexa9_0/standalone_domain/bsp/system.mss|system_0||
E:/Git-Repos/CNC-FPGA/Vitis3/CNC-FPGA-FINAL-RELEASE/zynq_fsbl/zynq_fsbl_bsp/system.mss|system||

TRACE::2026-03-19.19:59:56::SCWMssOS::Sw design exists and opened at  E:/Git-Repos/CNC-FPGA/Vitis3/CNC-FPGA-FINAL-RELEASE/ps7_cortexa9_0/standalone_domain/bsp/system.mss
TRACE::2026-03-19.19:59:56::SCWWriter::formatted JSON is {
	"platformName":	"CNC-FPGA-FINAL-RELEASE",
	"sprVersion":	"2.0",
	"mode":	"gui",
	"dsaType":	"Fixed",
	"platformDesc":	"CNC-FPGA-FINAL-RELEASE",
	"platHandOff":	"E:/Git-Repos/CNC-FPGA/Zedboard-CNC/CNC-FPGA-FINAL-RELEASE.xsa",
	"platIntHandOff":	"<platformDir>/hw/CNC-FPGA-FINAL-RELEASE.xsa",
	"deviceType":	"zynq",
	"platIsPrebuiltAutogen":	"false",
	"platIsNoBootBsp":	"false",
	"platFsblTarget":	"ps7_cortexa9_0",
	"hasFsblMakeHasChanges":	"false",
	"hasPmufwMakeHasChanges":	"false",
	"fsblExtraCompilerFlags":	"-MMD -MP       -mcpu=cortex-a9 -mfpu=vfpv3 -mfloat-abi=hard ",
	"platPreBuiltFlag":	false,
	"platformSamplesDir":	"",
	"platActiveSys":	"CNC-FPGA-FINAL-RELEASE",
	"systems":	[{
			"systemName":	"CNC-FPGA-FINAL-RELEASE",
			"systemDesc":	"CNC-FPGA-FINAL-RELEASE",
			"sysIsBootAutoGen":	"true",
			"systemDispName":	"CNC-FPGA-FINAL-RELEASE",
			"sysActiveDom":	"standalone_domain",
			"sysDefaultDom":	"standalone_domain",
			"domains":	[{
					"domainName":	"zynq_fsbl",
					"domainDispName":	"zynq_fsbl",
					"domainDesc":	"FSBL Application BSP - Auto Generated.",
					"processors":	"ps7_cortexa9_0",
					"os":	"standalone",
					"sdxOs":	"standalone",
					"debugEnable":	"",
					"domRuntimes":	["cpp"],
					"swRepo":	"",
					"mssOsVer":	"9.2",
					"mssFile":	"",
					"md5Digest":	"822b05f43d93911360d956bc0e0ec2b0",
					"compatibleApp":	"zynq_fsbl",
					"domType":	"bootDomain",
					"arch":	"32-bit",
					"appSettings":	{
						"appCompilerFlags":	"",
						"appLinkerFlags":	""
					},
					"addedLibs":	["xilffs:5.3", "xilrsa:1.8"],
					"libOptions":	{
						"libsContainingOptions":	[]
					},
					"prebuiltLibs":	{
						"prebuiltIncPath":	[],
						"prebuiltLibPath":	[]
					},
					"isolation":	{
					}
				}, {
					"domainName":	"standalone_domain",
					"domainDispName":	"standalone_domain",
					"domainDesc":	"standalone_domain",
					"processors":	"ps7_cortexa9_0",
					"os":	"standalone",
					"sdxOs":	"standalone",
					"qemuArgs":	"<platformDir>/resources/CNC-FPGA-FINAL-RELEASE/standalone_domain/qemu_args.txt",
					"qemuData":	"<platformDir>/resources/CNC-FPGA-FINAL-RELEASE/standalone_domain/qemu",
					"debugEnable":	"False",
					"domRuntimes":	["cpp"],
					"swRepo":	"",
					"mssOsVer":	"9.2",
					"mssFile":	"",
					"md5Digest":	"4bf099da2fb427a9388a4e43114e5a42",
					"compatibleApp":	"",
					"domType":	"mssDomain",
					"appSettings":	{
						"appCompilerFlags":	"",
						"appLinkerFlags":	""
					},
					"addedLibs":	[],
					"libOptions":	{
						"libsContainingOptions":	[]
					},
					"prebuiltLibs":	{
						"prebuiltIncPath":	[],
						"prebuiltLibPath":	[]
					},
					"isolation":	{
					}
				}]
		}]
}
TRACE::2026-03-19.19:59:56::SCWPlatform::Trying to open the hw design at E:/Git-Repos/CNC-FPGA/Vitis3/CNC-FPGA-FINAL-RELEASE/hw/CNC-FPGA-FINAL-RELEASE.xsa
TRACE::2026-03-19.19:59:56::SCWPlatform::DSA given E:/Git-Repos/CNC-FPGA/Vitis3/CNC-FPGA-FINAL-RELEASE/hw/CNC-FPGA-FINAL-RELEASE.xsa
TRACE::2026-03-19.19:59:56::SCWPlatform::DSA absoulate path E:/Git-Repos/CNC-FPGA/Vitis3/CNC-FPGA-FINAL-RELEASE/hw/CNC-FPGA-FINAL-RELEASE.xsa
TRACE::2026-03-19.19:59:56::SCWPlatform::DSA directory E:/Git-Repos/CNC-FPGA/Vitis3/CNC-FPGA-FINAL-RELEASE/hw
TRACE::2026-03-19.19:59:56::SCWPlatform:: Platform Path E:/Git-Repos/CNC-FPGA/Vitis3/CNC-FPGA-FINAL-RELEASE/hw/CNC-FPGA-FINAL-RELEASE.xsa
TRACE::2026-03-19.19:59:56::SCWPlatform:: Unique name xilinx:zedboard::0.0
TRACE::2026-03-19.19:59:56::SCWPlatform::Trying to set the existing hwdb with name CNC_Top_wrapper_0
TRACE::2026-03-19.19:59:56::SCWPlatform::Opened existing hwdb CNC_Top_wrapper_0
TRACE::2026-03-19.19:59:56::SCWPlatform::Found the Hw Db part of the input DSA
TRACE::2026-03-19.19:59:56::SCWMssOS::Checking the sw design at  E:/Git-Repos/CNC-FPGA/Vitis3/CNC-FPGA-FINAL-RELEASE/ps7_cortexa9_0/standalone_domain/bsp/system.mss
TRACE::2026-03-19.19:59:56::SCWMssOS::DEBUG:  swdes dump  E:/Git-Repos/CNC-FPGA/Vitis3/CNC-FPGA-FINAL-RELEASE/ps7_cortexa9_0/standalone_domain/bsp/system.mss|system_0||
E:/Git-Repos/CNC-FPGA/Vitis3/CNC-FPGA-FINAL-RELEASE/zynq_fsbl/zynq_fsbl_bsp/system.mss|system||

TRACE::2026-03-19.19:59:56::SCWMssOS::Sw design exists and opened at  E:/Git-Repos/CNC-FPGA/Vitis3/CNC-FPGA-FINAL-RELEASE/ps7_cortexa9_0/standalone_domain/bsp/system.mss
TRACE::2026-03-19.19:59:56::SCWPlatform::Trying to open the hw design at E:/Git-Repos/CNC-FPGA/Vitis3/CNC-FPGA-FINAL-RELEASE/hw/CNC-FPGA-FINAL-RELEASE.xsa
TRACE::2026-03-19.19:59:56::SCWPlatform::DSA given E:/Git-Repos/CNC-FPGA/Vitis3/CNC-FPGA-FINAL-RELEASE/hw/CNC-FPGA-FINAL-RELEASE.xsa
TRACE::2026-03-19.19:59:56::SCWPlatform::DSA absoulate path E:/Git-Repos/CNC-FPGA/Vitis3/CNC-FPGA-FINAL-RELEASE/hw/CNC-FPGA-FINAL-RELEASE.xsa
TRACE::2026-03-19.19:59:56::SCWPlatform::DSA directory E:/Git-Repos/CNC-FPGA/Vitis3/CNC-FPGA-FINAL-RELEASE/hw
TRACE::2026-03-19.19:59:56::SCWPlatform:: Platform Path E:/Git-Repos/CNC-FPGA/Vitis3/CNC-FPGA-FINAL-RELEASE/hw/CNC-FPGA-FINAL-RELEASE.xsa
TRACE::2026-03-19.19:59:56::SCWPlatform:: Unique name xilinx:zedboard::0.0
TRACE::2026-03-19.19:59:56::SCWPlatform::Trying to set the existing hwdb with name CNC_Top_wrapper_0
TRACE::2026-03-19.19:59:56::SCWPlatform::Opened existing hwdb CNC_Top_wrapper_0
TRACE::2026-03-19.19:59:56::SCWPlatform::Found the Hw Db part of the input DSA
TRACE::2026-03-19.19:59:56::SCWMssOS::Checking the sw design at  E:/Git-Repos/CNC-FPGA/Vitis3/CNC-FPGA-FINAL-RELEASE/ps7_cortexa9_0/standalone_domain/bsp/system.mss
TRACE::2026-03-19.19:59:56::SCWMssOS::DEBUG:  swdes dump  E:/Git-Repos/CNC-FPGA/Vitis3/CNC-FPGA-FINAL-RELEASE/ps7_cortexa9_0/standalone_domain/bsp/system.mss|system_0||
E:/Git-Repos/CNC-FPGA/Vitis3/CNC-FPGA-FINAL-RELEASE/zynq_fsbl/zynq_fsbl_bsp/system.mss|system||

TRACE::2026-03-19.19:59:56::SCWMssOS::Sw design exists and opened at  E:/Git-Repos/CNC-FPGA/Vitis3/CNC-FPGA-FINAL-RELEASE/ps7_cortexa9_0/standalone_domain/bsp/system.mss
TRACE::2026-03-19.19:59:56::SCWPlatform::Trying to open the hw design at E:/Git-Repos/CNC-FPGA/Vitis3/CNC-FPGA-FINAL-RELEASE/hw/CNC-FPGA-FINAL-RELEASE.xsa
TRACE::2026-03-19.19:59:56::SCWPlatform::DSA given E:/Git-Repos/CNC-FPGA/Vitis3/CNC-FPGA-FINAL-RELEASE/hw/CNC-FPGA-FINAL-RELEASE.xsa
TRACE::2026-03-19.19:59:56::SCWPlatform::DSA absoulate path E:/Git-Repos/CNC-FPGA/Vitis3/CNC-FPGA-FINAL-RELEASE/hw/CNC-FPGA-FINAL-RELEASE.xsa
TRACE::2026-03-19.19:59:56::SCWPlatform::DSA directory E:/Git-Repos/CNC-FPGA/Vitis3/CNC-FPGA-FINAL-RELEASE/hw
TRACE::2026-03-19.19:59:56::SCWPlatform:: Platform Path E:/Git-Repos/CNC-FPGA/Vitis3/CNC-FPGA-FINAL-RELEASE/hw/CNC-FPGA-FINAL-RELEASE.xsa
TRACE::2026-03-19.19:59:56::SCWPlatform:: Unique name xilinx:zedboard::0.0
TRACE::2026-03-19.19:59:56::SCWPlatform::Trying to set the existing hwdb with name CNC_Top_wrapper_0
TRACE::2026-03-19.19:59:56::SCWPlatform::Opened existing hwdb CNC_Top_wrapper_0
TRACE::2026-03-19.19:59:56::SCWPlatform::Found the Hw Db part of the input DSA
TRACE::2026-03-19.19:59:56::SCWMssOS::Checking the sw design at  E:/Git-Repos/CNC-FPGA/Vitis3/CNC-FPGA-FINAL-RELEASE/ps7_cortexa9_0/standalone_domain/bsp/system.mss
TRACE::2026-03-19.19:59:56::SCWMssOS::DEBUG:  swdes dump  E:/Git-Repos/CNC-FPGA/Vitis3/CNC-FPGA-FINAL-RELEASE/ps7_cortexa9_0/standalone_domain/bsp/system.mss|system_0||
E:/Git-Repos/CNC-FPGA/Vitis3/CNC-FPGA-FINAL-RELEASE/zynq_fsbl/zynq_fsbl_bsp/system.mss|system||

TRACE::2026-03-19.19:59:56::SCWMssOS::Sw design exists and opened at  E:/Git-Repos/CNC-FPGA/Vitis3/CNC-FPGA-FINAL-RELEASE/ps7_cortexa9_0/standalone_domain/bsp/system.mss
TRACE::2026-03-19.19:59:56::SCWMssOS::Saving the mss changes E:/Git-Repos/CNC-FPGA/Vitis3/CNC-FPGA-FINAL-RELEASE/zynq_fsbl/zynq_fsbl_bsp/system.mss
TRACE::2026-03-19.19:59:56::SCWMssOS::Found a swdesign opened with the mssfile.
TRACE::2026-03-19.19:59:56::SCWMssOS::Completed writemss as part of save.
TRACE::2026-03-19.19:59:56::SCWMssOS::Commit changes completed.
TRACE::2026-03-19.19:59:56::SCWMssOS::Saving the mss changes E:/Git-Repos/CNC-FPGA/Vitis3/CNC-FPGA-FINAL-RELEASE/ps7_cortexa9_0/standalone_domain/bsp/system.mss
TRACE::2026-03-19.19:59:56::SCWMssOS::Found a swdesign opened with the mssfile.
TRACE::2026-03-19.19:59:56::SCWMssOS::Completed writemss as part of save.
TRACE::2026-03-19.19:59:56::SCWMssOS::Commit changes completed.
TRACE::2026-03-19.19:59:56::SCWPlatform::Trying to open the hw design at E:/Git-Repos/CNC-FPGA/Vitis3/CNC-FPGA-FINAL-RELEASE/hw/CNC-FPGA-FINAL-RELEASE.xsa
TRACE::2026-03-19.19:59:56::SCWPlatform::DSA given E:/Git-Repos/CNC-FPGA/Vitis3/CNC-FPGA-FINAL-RELEASE/hw/CNC-FPGA-FINAL-RELEASE.xsa
TRACE::2026-03-19.19:59:56::SCWPlatform::DSA absoulate path E:/Git-Repos/CNC-FPGA/Vitis3/CNC-FPGA-FINAL-RELEASE/hw/CNC-FPGA-FINAL-RELEASE.xsa
TRACE::2026-03-19.19:59:56::SCWPlatform::DSA directory E:/Git-Repos/CNC-FPGA/Vitis3/CNC-FPGA-FINAL-RELEASE/hw
TRACE::2026-03-19.19:59:56::SCWPlatform:: Platform Path E:/Git-Repos/CNC-FPGA/Vitis3/CNC-FPGA-FINAL-RELEASE/hw/CNC-FPGA-FINAL-RELEASE.xsa
TRACE::2026-03-19.19:59:56::SCWPlatform:: Unique name xilinx:zedboard::0.0
TRACE::2026-03-19.19:59:56::SCWPlatform::Trying to set the existing hwdb with name CNC_Top_wrapper_0
TRACE::2026-03-19.19:59:56::SCWPlatform::Opened existing hwdb CNC_Top_wrapper_0
TRACE::2026-03-19.19:59:56::SCWPlatform::Found the Hw Db part of the input DSA
TRACE::2026-03-19.19:59:56::SCWMssOS::Checking the sw design at  E:/Git-Repos/CNC-FPGA/Vitis3/CNC-FPGA-FINAL-RELEASE/zynq_fsbl/zynq_fsbl_bsp/system.mss
TRACE::2026-03-19.19:59:56::SCWMssOS::DEBUG:  swdes dump  E:/Git-Repos/CNC-FPGA/Vitis3/CNC-FPGA-FINAL-RELEASE/ps7_cortexa9_0/standalone_domain/bsp/system.mss|system_0||
E:/Git-Repos/CNC-FPGA/Vitis3/CNC-FPGA-FINAL-RELEASE/zynq_fsbl/zynq_fsbl_bsp/system.mss|system||

TRACE::2026-03-19.19:59:56::SCWMssOS::Sw design exists and opened at  E:/Git-Repos/CNC-FPGA/Vitis3/CNC-FPGA-FINAL-RELEASE/zynq_fsbl/zynq_fsbl_bsp/system.mss
TRACE::2026-03-19.19:59:56::SCWPlatform::Trying to open the hw design at E:/Git-Repos/CNC-FPGA/Vitis3/CNC-FPGA-FINAL-RELEASE/hw/CNC-FPGA-FINAL-RELEASE.xsa
TRACE::2026-03-19.19:59:56::SCWPlatform::DSA given E:/Git-Repos/CNC-FPGA/Vitis3/CNC-FPGA-FINAL-RELEASE/hw/CNC-FPGA-FINAL-RELEASE.xsa
TRACE::2026-03-19.19:59:56::SCWPlatform::DSA absoulate path E:/Git-Repos/CNC-FPGA/Vitis3/CNC-FPGA-FINAL-RELEASE/hw/CNC-FPGA-FINAL-RELEASE.xsa
TRACE::2026-03-19.19:59:56::SCWPlatform::DSA directory E:/Git-Repos/CNC-FPGA/Vitis3/CNC-FPGA-FINAL-RELEASE/hw
TRACE::2026-03-19.19:59:56::SCWPlatform:: Platform Path E:/Git-Repos/CNC-FPGA/Vitis3/CNC-FPGA-FINAL-RELEASE/hw/CNC-FPGA-FINAL-RELEASE.xsa
TRACE::2026-03-19.19:59:56::SCWPlatform:: Unique name xilinx:zedboard::0.0
TRACE::2026-03-19.19:59:56::SCWPlatform::Trying to set the existing hwdb with name CNC_Top_wrapper_0
TRACE::2026-03-19.19:59:56::SCWPlatform::Opened existing hwdb CNC_Top_wrapper_0
TRACE::2026-03-19.19:59:56::SCWPlatform::Found the Hw Db part of the input DSA
TRACE::2026-03-19.19:59:56::SCWMssOS::Checking the sw design at  E:/Git-Repos/CNC-FPGA/Vitis3/CNC-FPGA-FINAL-RELEASE/zynq_fsbl/zynq_fsbl_bsp/system.mss
TRACE::2026-03-19.19:59:56::SCWMssOS::DEBUG:  swdes dump  E:/Git-Repos/CNC-FPGA/Vitis3/CNC-FPGA-FINAL-RELEASE/ps7_cortexa9_0/standalone_domain/bsp/system.mss|system_0||
E:/Git-Repos/CNC-FPGA/Vitis3/CNC-FPGA-FINAL-RELEASE/zynq_fsbl/zynq_fsbl_bsp/system.mss|system||

TRACE::2026-03-19.19:59:56::SCWMssOS::Sw design exists and opened at  E:/Git-Repos/CNC-FPGA/Vitis3/CNC-FPGA-FINAL-RELEASE/zynq_fsbl/zynq_fsbl_bsp/system.mss
TRACE::2026-03-19.19:59:56::SCWPlatform::Trying to open the hw design at E:/Git-Repos/CNC-FPGA/Vitis3/CNC-FPGA-FINAL-RELEASE/hw/CNC-FPGA-FINAL-RELEASE.xsa
TRACE::2026-03-19.19:59:56::SCWPlatform::DSA given E:/Git-Repos/CNC-FPGA/Vitis3/CNC-FPGA-FINAL-RELEASE/hw/CNC-FPGA-FINAL-RELEASE.xsa
TRACE::2026-03-19.19:59:56::SCWPlatform::DSA absoulate path E:/Git-Repos/CNC-FPGA/Vitis3/CNC-FPGA-FINAL-RELEASE/hw/CNC-FPGA-FINAL-RELEASE.xsa
TRACE::2026-03-19.19:59:56::SCWPlatform::DSA directory E:/Git-Repos/CNC-FPGA/Vitis3/CNC-FPGA-FINAL-RELEASE/hw
TRACE::2026-03-19.19:59:56::SCWPlatform:: Platform Path E:/Git-Repos/CNC-FPGA/Vitis3/CNC-FPGA-FINAL-RELEASE/hw/CNC-FPGA-FINAL-RELEASE.xsa
TRACE::2026-03-19.19:59:56::SCWPlatform:: Unique name xilinx:zedboard::0.0
TRACE::2026-03-19.19:59:56::SCWPlatform::Trying to set the existing hwdb with name CNC_Top_wrapper_0
TRACE::2026-03-19.19:59:56::SCWPlatform::Opened existing hwdb CNC_Top_wrapper_0
TRACE::2026-03-19.19:59:56::SCWPlatform::Found the Hw Db part of the input DSA
TRACE::2026-03-19.19:59:56::SCWMssOS::Checking the sw design at  E:/Git-Repos/CNC-FPGA/Vitis3/CNC-FPGA-FINAL-RELEASE/zynq_fsbl/zynq_fsbl_bsp/system.mss
TRACE::2026-03-19.19:59:56::SCWMssOS::DEBUG:  swdes dump  E:/Git-Repos/CNC-FPGA/Vitis3/CNC-FPGA-FINAL-RELEASE/ps7_cortexa9_0/standalone_domain/bsp/system.mss|system_0||
E:/Git-Repos/CNC-FPGA/Vitis3/CNC-FPGA-FINAL-RELEASE/zynq_fsbl/zynq_fsbl_bsp/system.mss|system||

TRACE::2026-03-19.19:59:56::SCWMssOS::Sw design exists and opened at  E:/Git-Repos/CNC-FPGA/Vitis3/CNC-FPGA-FINAL-RELEASE/zynq_fsbl/zynq_fsbl_bsp/system.mss
TRACE::2026-03-19.19:59:56::SCWPlatform::Trying to open the hw design at E:/Git-Repos/CNC-FPGA/Vitis3/CNC-FPGA-FINAL-RELEASE/hw/CNC-FPGA-FINAL-RELEASE.xsa
TRACE::2026-03-19.19:59:56::SCWPlatform::DSA given E:/Git-Repos/CNC-FPGA/Vitis3/CNC-FPGA-FINAL-RELEASE/hw/CNC-FPGA-FINAL-RELEASE.xsa
TRACE::2026-03-19.19:59:56::SCWPlatform::DSA absoulate path E:/Git-Repos/CNC-FPGA/Vitis3/CNC-FPGA-FINAL-RELEASE/hw/CNC-FPGA-FINAL-RELEASE.xsa
TRACE::2026-03-19.19:59:56::SCWPlatform::DSA directory E:/Git-Repos/CNC-FPGA/Vitis3/CNC-FPGA-FINAL-RELEASE/hw
TRACE::2026-03-19.19:59:56::SCWPlatform:: Platform Path E:/Git-Repos/CNC-FPGA/Vitis3/CNC-FPGA-FINAL-RELEASE/hw/CNC-FPGA-FINAL-RELEASE.xsa
TRACE::2026-03-19.19:59:56::SCWPlatform:: Unique name xilinx:zedboard::0.0
TRACE::2026-03-19.19:59:56::SCWPlatform::Trying to set the existing hwdb with name CNC_Top_wrapper_0
TRACE::2026-03-19.19:59:56::SCWPlatform::Opened existing hwdb CNC_Top_wrapper_0
TRACE::2026-03-19.19:59:56::SCWPlatform::Found the Hw Db part of the input DSA
TRACE::2026-03-19.19:59:56::SCWMssOS::Checking the sw design at  E:/Git-Repos/CNC-FPGA/Vitis3/CNC-FPGA-FINAL-RELEASE/ps7_cortexa9_0/standalone_domain/bsp/system.mss
TRACE::2026-03-19.19:59:56::SCWMssOS::DEBUG:  swdes dump  E:/Git-Repos/CNC-FPGA/Vitis3/CNC-FPGA-FINAL-RELEASE/ps7_cortexa9_0/standalone_domain/bsp/system.mss|system_0||
E:/Git-Repos/CNC-FPGA/Vitis3/CNC-FPGA-FINAL-RELEASE/zynq_fsbl/zynq_fsbl_bsp/system.mss|system||

TRACE::2026-03-19.19:59:56::SCWMssOS::Sw design exists and opened at  E:/Git-Repos/CNC-FPGA/Vitis3/CNC-FPGA-FINAL-RELEASE/ps7_cortexa9_0/standalone_domain/bsp/system.mss
TRACE::2026-03-19.19:59:56::SCWPlatform::Trying to open the hw design at E:/Git-Repos/CNC-FPGA/Vitis3/CNC-FPGA-FINAL-RELEASE/hw/CNC-FPGA-FINAL-RELEASE.xsa
TRACE::2026-03-19.19:59:56::SCWPlatform::DSA given E:/Git-Repos/CNC-FPGA/Vitis3/CNC-FPGA-FINAL-RELEASE/hw/CNC-FPGA-FINAL-RELEASE.xsa
TRACE::2026-03-19.19:59:56::SCWPlatform::DSA absoulate path E:/Git-Repos/CNC-FPGA/Vitis3/CNC-FPGA-FINAL-RELEASE/hw/CNC-FPGA-FINAL-RELEASE.xsa
TRACE::2026-03-19.19:59:56::SCWPlatform::DSA directory E:/Git-Repos/CNC-FPGA/Vitis3/CNC-FPGA-FINAL-RELEASE/hw
TRACE::2026-03-19.19:59:56::SCWPlatform:: Platform Path E:/Git-Repos/CNC-FPGA/Vitis3/CNC-FPGA-FINAL-RELEASE/hw/CNC-FPGA-FINAL-RELEASE.xsa
TRACE::2026-03-19.19:59:56::SCWPlatform:: Unique name xilinx:zedboard::0.0
TRACE::2026-03-19.19:59:56::SCWPlatform::Trying to set the existing hwdb with name CNC_Top_wrapper_0
TRACE::2026-03-19.19:59:56::SCWPlatform::Opened existing hwdb CNC_Top_wrapper_0
TRACE::2026-03-19.19:59:56::SCWPlatform::Found the Hw Db part of the input DSA
TRACE::2026-03-19.19:59:56::SCWMssOS::Checking the sw design at  E:/Git-Repos/CNC-FPGA/Vitis3/CNC-FPGA-FINAL-RELEASE/ps7_cortexa9_0/standalone_domain/bsp/system.mss
TRACE::2026-03-19.19:59:56::SCWMssOS::DEBUG:  swdes dump  E:/Git-Repos/CNC-FPGA/Vitis3/CNC-FPGA-FINAL-RELEASE/ps7_cortexa9_0/standalone_domain/bsp/system.mss|system_0||
E:/Git-Repos/CNC-FPGA/Vitis3/CNC-FPGA-FINAL-RELEASE/zynq_fsbl/zynq_fsbl_bsp/system.mss|system||

TRACE::2026-03-19.19:59:56::SCWMssOS::Sw design exists and opened at  E:/Git-Repos/CNC-FPGA/Vitis3/CNC-FPGA-FINAL-RELEASE/ps7_cortexa9_0/standalone_domain/bsp/system.mss
TRACE::2026-03-19.19:59:56::SCWPlatform::Trying to open the hw design at E:/Git-Repos/CNC-FPGA/Vitis3/CNC-FPGA-FINAL-RELEASE/hw/CNC-FPGA-FINAL-RELEASE.xsa
TRACE::2026-03-19.19:59:56::SCWPlatform::DSA given E:/Git-Repos/CNC-FPGA/Vitis3/CNC-FPGA-FINAL-RELEASE/hw/CNC-FPGA-FINAL-RELEASE.xsa
TRACE::2026-03-19.19:59:56::SCWPlatform::DSA absoulate path E:/Git-Repos/CNC-FPGA/Vitis3/CNC-FPGA-FINAL-RELEASE/hw/CNC-FPGA-FINAL-RELEASE.xsa
TRACE::2026-03-19.19:59:56::SCWPlatform::DSA directory E:/Git-Repos/CNC-FPGA/Vitis3/CNC-FPGA-FINAL-RELEASE/hw
TRACE::2026-03-19.19:59:56::SCWPlatform:: Platform Path E:/Git-Repos/CNC-FPGA/Vitis3/CNC-FPGA-FINAL-RELEASE/hw/CNC-FPGA-FINAL-RELEASE.xsa
TRACE::2026-03-19.19:59:56::SCWPlatform:: Unique name xilinx:zedboard::0.0
TRACE::2026-03-19.19:59:56::SCWPlatform::Trying to set the existing hwdb with name CNC_Top_wrapper_0
TRACE::2026-03-19.19:59:56::SCWPlatform::Opened existing hwdb CNC_Top_wrapper_0
TRACE::2026-03-19.19:59:56::SCWPlatform::Found the Hw Db part of the input DSA
TRACE::2026-03-19.19:59:56::SCWMssOS::Checking the sw design at  E:/Git-Repos/CNC-FPGA/Vitis3/CNC-FPGA-FINAL-RELEASE/ps7_cortexa9_0/standalone_domain/bsp/system.mss
TRACE::2026-03-19.19:59:56::SCWMssOS::DEBUG:  swdes dump  E:/Git-Repos/CNC-FPGA/Vitis3/CNC-FPGA-FINAL-RELEASE/ps7_cortexa9_0/standalone_domain/bsp/system.mss|system_0||
E:/Git-Repos/CNC-FPGA/Vitis3/CNC-FPGA-FINAL-RELEASE/zynq_fsbl/zynq_fsbl_bsp/system.mss|system||

TRACE::2026-03-19.19:59:56::SCWMssOS::Sw design exists and opened at  E:/Git-Repos/CNC-FPGA/Vitis3/CNC-FPGA-FINAL-RELEASE/ps7_cortexa9_0/standalone_domain/bsp/system.mss
TRACE::2026-03-19.19:59:56::SCWWriter::formatted JSON is {
	"platformName":	"CNC-FPGA-FINAL-RELEASE",
	"sprVersion":	"2.0",
	"mode":	"gui",
	"dsaType":	"Fixed",
	"platformDesc":	"CNC-FPGA-FINAL-RELEASE",
	"platHandOff":	"E:/Git-Repos/CNC-FPGA/Zedboard-CNC/CNC-FPGA-FINAL-RELEASE.xsa",
	"platIntHandOff":	"<platformDir>/hw/CNC-FPGA-FINAL-RELEASE.xsa",
	"deviceType":	"zynq",
	"platIsPrebuiltAutogen":	"false",
	"platIsNoBootBsp":	"false",
	"platFsblTarget":	"ps7_cortexa9_0",
	"hasFsblMakeHasChanges":	"false",
	"hasPmufwMakeHasChanges":	"false",
	"fsblExtraCompilerFlags":	"-MMD -MP       -mcpu=cortex-a9 -mfpu=vfpv3 -mfloat-abi=hard ",
	"platPreBuiltFlag":	false,
	"platformSamplesDir":	"",
	"platActiveSys":	"CNC-FPGA-FINAL-RELEASE",
	"systems":	[{
			"systemName":	"CNC-FPGA-FINAL-RELEASE",
			"systemDesc":	"CNC-FPGA-FINAL-RELEASE",
			"sysIsBootAutoGen":	"true",
			"systemDispName":	"CNC-FPGA-FINAL-RELEASE",
			"sysActiveDom":	"standalone_domain",
			"sysDefaultDom":	"standalone_domain",
			"domains":	[{
					"domainName":	"zynq_fsbl",
					"domainDispName":	"zynq_fsbl",
					"domainDesc":	"FSBL Application BSP - Auto Generated.",
					"processors":	"ps7_cortexa9_0",
					"os":	"standalone",
					"sdxOs":	"standalone",
					"debugEnable":	"",
					"domRuntimes":	["cpp"],
					"swRepo":	"",
					"mssOsVer":	"9.2",
					"mssFile":	"",
					"md5Digest":	"822b05f43d93911360d956bc0e0ec2b0",
					"compatibleApp":	"zynq_fsbl",
					"domType":	"bootDomain",
					"arch":	"32-bit",
					"appSettings":	{
						"appCompilerFlags":	"",
						"appLinkerFlags":	""
					},
					"addedLibs":	["xilffs:5.3", "xilrsa:1.8"],
					"libOptions":	{
						"libsContainingOptions":	[]
					},
					"prebuiltLibs":	{
						"prebuiltIncPath":	[],
						"prebuiltLibPath":	[]
					},
					"isolation":	{
					}
				}, {
					"domainName":	"standalone_domain",
					"domainDispName":	"standalone on ps7_cortexa9_0",
					"domainDesc":	"standalone_domain",
					"processors":	"ps7_cortexa9_0",
					"os":	"standalone",
					"sdxOs":	"standalone",
					"qemuArgs":	"<platformDir>/resources/CNC-FPGA-FINAL-RELEASE/standalone_domain/qemu_args.txt",
					"qemuData":	"<platformDir>/resources/CNC-FPGA-FINAL-RELEASE/standalone_domain/qemu",
					"debugEnable":	"False",
					"domRuntimes":	["cpp"],
					"swRepo":	"",
					"mssOsVer":	"9.2",
					"mssFile":	"",
					"md5Digest":	"4bf099da2fb427a9388a4e43114e5a42",
					"compatibleApp":	"",
					"domType":	"mssDomain",
					"appSettings":	{
						"appCompilerFlags":	"",
						"appLinkerFlags":	""
					},
					"addedLibs":	[],
					"libOptions":	{
						"libsContainingOptions":	[]
					},
					"prebuiltLibs":	{
						"prebuiltIncPath":	[],
						"prebuiltLibPath":	[]
					},
					"isolation":	{
					}
				}]
		}]
}
TRACE::2026-03-19.19:59:56::SCWMssOS::Saving the mss changes E:/Git-Repos/CNC-FPGA/Vitis3/CNC-FPGA-FINAL-RELEASE/zynq_fsbl/zynq_fsbl_bsp/system.mss
TRACE::2026-03-19.19:59:56::SCWMssOS::Found a swdesign opened with the mssfile.
TRACE::2026-03-19.19:59:56::SCWMssOS::Completed writemss as part of save.
TRACE::2026-03-19.19:59:56::SCWMssOS::Commit changes completed.
TRACE::2026-03-19.19:59:56::SCWMssOS::Saving the mss changes E:/Git-Repos/CNC-FPGA/Vitis3/CNC-FPGA-FINAL-RELEASE/ps7_cortexa9_0/standalone_domain/bsp/system.mss
TRACE::2026-03-19.19:59:56::SCWMssOS::Found a swdesign opened with the mssfile.
TRACE::2026-03-19.19:59:56::SCWMssOS::Completed writemss as part of save.
TRACE::2026-03-19.19:59:56::SCWMssOS::Commit changes completed.
TRACE::2026-03-19.19:59:56::SCWPlatform::Trying to open the hw design at E:/Git-Repos/CNC-FPGA/Vitis3/CNC-FPGA-FINAL-RELEASE/hw/CNC-FPGA-FINAL-RELEASE.xsa
TRACE::2026-03-19.19:59:56::SCWPlatform::DSA given E:/Git-Repos/CNC-FPGA/Vitis3/CNC-FPGA-FINAL-RELEASE/hw/CNC-FPGA-FINAL-RELEASE.xsa
TRACE::2026-03-19.19:59:56::SCWPlatform::DSA absoulate path E:/Git-Repos/CNC-FPGA/Vitis3/CNC-FPGA-FINAL-RELEASE/hw/CNC-FPGA-FINAL-RELEASE.xsa
TRACE::2026-03-19.19:59:56::SCWPlatform::DSA directory E:/Git-Repos/CNC-FPGA/Vitis3/CNC-FPGA-FINAL-RELEASE/hw
TRACE::2026-03-19.19:59:56::SCWPlatform:: Platform Path E:/Git-Repos/CNC-FPGA/Vitis3/CNC-FPGA-FINAL-RELEASE/hw/CNC-FPGA-FINAL-RELEASE.xsa
TRACE::2026-03-19.19:59:56::SCWPlatform:: Unique name xilinx:zedboard::0.0
TRACE::2026-03-19.19:59:56::SCWPlatform::Trying to set the existing hwdb with name CNC_Top_wrapper_0
TRACE::2026-03-19.19:59:56::SCWPlatform::Opened existing hwdb CNC_Top_wrapper_0
TRACE::2026-03-19.19:59:56::SCWPlatform::Found the Hw Db part of the input DSA
TRACE::2026-03-19.19:59:56::SCWMssOS::Checking the sw design at  E:/Git-Repos/CNC-FPGA/Vitis3/CNC-FPGA-FINAL-RELEASE/zynq_fsbl/zynq_fsbl_bsp/system.mss
TRACE::2026-03-19.19:59:56::SCWMssOS::DEBUG:  swdes dump  E:/Git-Repos/CNC-FPGA/Vitis3/CNC-FPGA-FINAL-RELEASE/ps7_cortexa9_0/standalone_domain/bsp/system.mss|system_0||
E:/Git-Repos/CNC-FPGA/Vitis3/CNC-FPGA-FINAL-RELEASE/zynq_fsbl/zynq_fsbl_bsp/system.mss|system||

TRACE::2026-03-19.19:59:56::SCWMssOS::Sw design exists and opened at  E:/Git-Repos/CNC-FPGA/Vitis3/CNC-FPGA-FINAL-RELEASE/zynq_fsbl/zynq_fsbl_bsp/system.mss
TRACE::2026-03-19.19:59:56::SCWPlatform::Trying to open the hw design at E:/Git-Repos/CNC-FPGA/Vitis3/CNC-FPGA-FINAL-RELEASE/hw/CNC-FPGA-FINAL-RELEASE.xsa
TRACE::2026-03-19.19:59:56::SCWPlatform::DSA given E:/Git-Repos/CNC-FPGA/Vitis3/CNC-FPGA-FINAL-RELEASE/hw/CNC-FPGA-FINAL-RELEASE.xsa
TRACE::2026-03-19.19:59:56::SCWPlatform::DSA absoulate path E:/Git-Repos/CNC-FPGA/Vitis3/CNC-FPGA-FINAL-RELEASE/hw/CNC-FPGA-FINAL-RELEASE.xsa
TRACE::2026-03-19.19:59:56::SCWPlatform::DSA directory E:/Git-Repos/CNC-FPGA/Vitis3/CNC-FPGA-FINAL-RELEASE/hw
TRACE::2026-03-19.19:59:56::SCWPlatform:: Platform Path E:/Git-Repos/CNC-FPGA/Vitis3/CNC-FPGA-FINAL-RELEASE/hw/CNC-FPGA-FINAL-RELEASE.xsa
TRACE::2026-03-19.19:59:56::SCWPlatform:: Unique name xilinx:zedboard::0.0
TRACE::2026-03-19.19:59:56::SCWPlatform::Trying to set the existing hwdb with name CNC_Top_wrapper_0
TRACE::2026-03-19.19:59:56::SCWPlatform::Opened existing hwdb CNC_Top_wrapper_0
TRACE::2026-03-19.19:59:56::SCWPlatform::Found the Hw Db part of the input DSA
TRACE::2026-03-19.19:59:56::SCWMssOS::Checking the sw design at  E:/Git-Repos/CNC-FPGA/Vitis3/CNC-FPGA-FINAL-RELEASE/zynq_fsbl/zynq_fsbl_bsp/system.mss
TRACE::2026-03-19.19:59:56::SCWMssOS::DEBUG:  swdes dump  E:/Git-Repos/CNC-FPGA/Vitis3/CNC-FPGA-FINAL-RELEASE/ps7_cortexa9_0/standalone_domain/bsp/system.mss|system_0||
E:/Git-Repos/CNC-FPGA/Vitis3/CNC-FPGA-FINAL-RELEASE/zynq_fsbl/zynq_fsbl_bsp/system.mss|system||

TRACE::2026-03-19.19:59:56::SCWMssOS::Sw design exists and opened at  E:/Git-Repos/CNC-FPGA/Vitis3/CNC-FPGA-FINAL-RELEASE/zynq_fsbl/zynq_fsbl_bsp/system.mss
TRACE::2026-03-19.19:59:56::SCWPlatform::Trying to open the hw design at E:/Git-Repos/CNC-FPGA/Vitis3/CNC-FPGA-FINAL-RELEASE/hw/CNC-FPGA-FINAL-RELEASE.xsa
TRACE::2026-03-19.19:59:56::SCWPlatform::DSA given E:/Git-Repos/CNC-FPGA/Vitis3/CNC-FPGA-FINAL-RELEASE/hw/CNC-FPGA-FINAL-RELEASE.xsa
TRACE::2026-03-19.19:59:56::SCWPlatform::DSA absoulate path E:/Git-Repos/CNC-FPGA/Vitis3/CNC-FPGA-FINAL-RELEASE/hw/CNC-FPGA-FINAL-RELEASE.xsa
TRACE::2026-03-19.19:59:56::SCWPlatform::DSA directory E:/Git-Repos/CNC-FPGA/Vitis3/CNC-FPGA-FINAL-RELEASE/hw
TRACE::2026-03-19.19:59:56::SCWPlatform:: Platform Path E:/Git-Repos/CNC-FPGA/Vitis3/CNC-FPGA-FINAL-RELEASE/hw/CNC-FPGA-FINAL-RELEASE.xsa
TRACE::2026-03-19.19:59:56::SCWPlatform:: Unique name xilinx:zedboard::0.0
TRACE::2026-03-19.19:59:56::SCWPlatform::Trying to set the existing hwdb with name CNC_Top_wrapper_0
TRACE::2026-03-19.19:59:56::SCWPlatform::Opened existing hwdb CNC_Top_wrapper_0
TRACE::2026-03-19.19:59:56::SCWPlatform::Found the Hw Db part of the input DSA
TRACE::2026-03-19.19:59:56::SCWMssOS::Checking the sw design at  E:/Git-Repos/CNC-FPGA/Vitis3/CNC-FPGA-FINAL-RELEASE/zynq_fsbl/zynq_fsbl_bsp/system.mss
TRACE::2026-03-19.19:59:56::SCWMssOS::DEBUG:  swdes dump  E:/Git-Repos/CNC-FPGA/Vitis3/CNC-FPGA-FINAL-RELEASE/ps7_cortexa9_0/standalone_domain/bsp/system.mss|system_0||
E:/Git-Repos/CNC-FPGA/Vitis3/CNC-FPGA-FINAL-RELEASE/zynq_fsbl/zynq_fsbl_bsp/system.mss|system||

TRACE::2026-03-19.19:59:56::SCWMssOS::Sw design exists and opened at  E:/Git-Repos/CNC-FPGA/Vitis3/CNC-FPGA-FINAL-RELEASE/zynq_fsbl/zynq_fsbl_bsp/system.mss
TRACE::2026-03-19.19:59:56::SCWPlatform::Trying to open the hw design at E:/Git-Repos/CNC-FPGA/Vitis3/CNC-FPGA-FINAL-RELEASE/hw/CNC-FPGA-FINAL-RELEASE.xsa
TRACE::2026-03-19.19:59:56::SCWPlatform::DSA given E:/Git-Repos/CNC-FPGA/Vitis3/CNC-FPGA-FINAL-RELEASE/hw/CNC-FPGA-FINAL-RELEASE.xsa
TRACE::2026-03-19.19:59:56::SCWPlatform::DSA absoulate path E:/Git-Repos/CNC-FPGA/Vitis3/CNC-FPGA-FINAL-RELEASE/hw/CNC-FPGA-FINAL-RELEASE.xsa
TRACE::2026-03-19.19:59:56::SCWPlatform::DSA directory E:/Git-Repos/CNC-FPGA/Vitis3/CNC-FPGA-FINAL-RELEASE/hw
TRACE::2026-03-19.19:59:56::SCWPlatform:: Platform Path E:/Git-Repos/CNC-FPGA/Vitis3/CNC-FPGA-FINAL-RELEASE/hw/CNC-FPGA-FINAL-RELEASE.xsa
TRACE::2026-03-19.19:59:56::SCWPlatform:: Unique name xilinx:zedboard::0.0
TRACE::2026-03-19.19:59:56::SCWPlatform::Trying to set the existing hwdb with name CNC_Top_wrapper_0
TRACE::2026-03-19.19:59:56::SCWPlatform::Opened existing hwdb CNC_Top_wrapper_0
TRACE::2026-03-19.19:59:56::SCWPlatform::Found the Hw Db part of the input DSA
TRACE::2026-03-19.19:59:56::SCWMssOS::Checking the sw design at  E:/Git-Repos/CNC-FPGA/Vitis3/CNC-FPGA-FINAL-RELEASE/ps7_cortexa9_0/standalone_domain/bsp/system.mss
TRACE::2026-03-19.19:59:56::SCWMssOS::DEBUG:  swdes dump  E:/Git-Repos/CNC-FPGA/Vitis3/CNC-FPGA-FINAL-RELEASE/ps7_cortexa9_0/standalone_domain/bsp/system.mss|system_0||
E:/Git-Repos/CNC-FPGA/Vitis3/CNC-FPGA-FINAL-RELEASE/zynq_fsbl/zynq_fsbl_bsp/system.mss|system||

TRACE::2026-03-19.19:59:56::SCWMssOS::Sw design exists and opened at  E:/Git-Repos/CNC-FPGA/Vitis3/CNC-FPGA-FINAL-RELEASE/ps7_cortexa9_0/standalone_domain/bsp/system.mss
TRACE::2026-03-19.19:59:56::SCWPlatform::Trying to open the hw design at E:/Git-Repos/CNC-FPGA/Vitis3/CNC-FPGA-FINAL-RELEASE/hw/CNC-FPGA-FINAL-RELEASE.xsa
TRACE::2026-03-19.19:59:56::SCWPlatform::DSA given E:/Git-Repos/CNC-FPGA/Vitis3/CNC-FPGA-FINAL-RELEASE/hw/CNC-FPGA-FINAL-RELEASE.xsa
TRACE::2026-03-19.19:59:56::SCWPlatform::DSA absoulate path E:/Git-Repos/CNC-FPGA/Vitis3/CNC-FPGA-FINAL-RELEASE/hw/CNC-FPGA-FINAL-RELEASE.xsa
TRACE::2026-03-19.19:59:56::SCWPlatform::DSA directory E:/Git-Repos/CNC-FPGA/Vitis3/CNC-FPGA-FINAL-RELEASE/hw
TRACE::2026-03-19.19:59:56::SCWPlatform:: Platform Path E:/Git-Repos/CNC-FPGA/Vitis3/CNC-FPGA-FINAL-RELEASE/hw/CNC-FPGA-FINAL-RELEASE.xsa
TRACE::2026-03-19.19:59:56::SCWPlatform:: Unique name xilinx:zedboard::0.0
TRACE::2026-03-19.19:59:56::SCWPlatform::Trying to set the existing hwdb with name CNC_Top_wrapper_0
TRACE::2026-03-19.19:59:56::SCWPlatform::Opened existing hwdb CNC_Top_wrapper_0
TRACE::2026-03-19.19:59:56::SCWPlatform::Found the Hw Db part of the input DSA
TRACE::2026-03-19.19:59:56::SCWMssOS::Checking the sw design at  E:/Git-Repos/CNC-FPGA/Vitis3/CNC-FPGA-FINAL-RELEASE/ps7_cortexa9_0/standalone_domain/bsp/system.mss
TRACE::2026-03-19.19:59:56::SCWMssOS::DEBUG:  swdes dump  E:/Git-Repos/CNC-FPGA/Vitis3/CNC-FPGA-FINAL-RELEASE/ps7_cortexa9_0/standalone_domain/bsp/system.mss|system_0||
E:/Git-Repos/CNC-FPGA/Vitis3/CNC-FPGA-FINAL-RELEASE/zynq_fsbl/zynq_fsbl_bsp/system.mss|system||

TRACE::2026-03-19.19:59:56::SCWMssOS::Sw design exists and opened at  E:/Git-Repos/CNC-FPGA/Vitis3/CNC-FPGA-FINAL-RELEASE/ps7_cortexa9_0/standalone_domain/bsp/system.mss
TRACE::2026-03-19.19:59:56::SCWPlatform::Trying to open the hw design at E:/Git-Repos/CNC-FPGA/Vitis3/CNC-FPGA-FINAL-RELEASE/hw/CNC-FPGA-FINAL-RELEASE.xsa
TRACE::2026-03-19.19:59:56::SCWPlatform::DSA given E:/Git-Repos/CNC-FPGA/Vitis3/CNC-FPGA-FINAL-RELEASE/hw/CNC-FPGA-FINAL-RELEASE.xsa
TRACE::2026-03-19.19:59:56::SCWPlatform::DSA absoulate path E:/Git-Repos/CNC-FPGA/Vitis3/CNC-FPGA-FINAL-RELEASE/hw/CNC-FPGA-FINAL-RELEASE.xsa
TRACE::2026-03-19.19:59:56::SCWPlatform::DSA directory E:/Git-Repos/CNC-FPGA/Vitis3/CNC-FPGA-FINAL-RELEASE/hw
TRACE::2026-03-19.19:59:56::SCWPlatform:: Platform Path E:/Git-Repos/CNC-FPGA/Vitis3/CNC-FPGA-FINAL-RELEASE/hw/CNC-FPGA-FINAL-RELEASE.xsa
TRACE::2026-03-19.19:59:56::SCWPlatform:: Unique name xilinx:zedboard::0.0
TRACE::2026-03-19.19:59:56::SCWPlatform::Trying to set the existing hwdb with name CNC_Top_wrapper_0
TRACE::2026-03-19.19:59:56::SCWPlatform::Opened existing hwdb CNC_Top_wrapper_0
TRACE::2026-03-19.19:59:56::SCWPlatform::Found the Hw Db part of the input DSA
TRACE::2026-03-19.19:59:56::SCWMssOS::Checking the sw design at  E:/Git-Repos/CNC-FPGA/Vitis3/CNC-FPGA-FINAL-RELEASE/ps7_cortexa9_0/standalone_domain/bsp/system.mss
TRACE::2026-03-19.19:59:56::SCWMssOS::DEBUG:  swdes dump  E:/Git-Repos/CNC-FPGA/Vitis3/CNC-FPGA-FINAL-RELEASE/ps7_cortexa9_0/standalone_domain/bsp/system.mss|system_0||
E:/Git-Repos/CNC-FPGA/Vitis3/CNC-FPGA-FINAL-RELEASE/zynq_fsbl/zynq_fsbl_bsp/system.mss|system||

TRACE::2026-03-19.19:59:56::SCWMssOS::Sw design exists and opened at  E:/Git-Repos/CNC-FPGA/Vitis3/CNC-FPGA-FINAL-RELEASE/ps7_cortexa9_0/standalone_domain/bsp/system.mss
TRACE::2026-03-19.19:59:56::SCWWriter::formatted JSON is {
	"platformName":	"CNC-FPGA-FINAL-RELEASE",
	"sprVersion":	"2.0",
	"mode":	"gui",
	"dsaType":	"Fixed",
	"platformDesc":	"CNC-FPGA-FINAL-RELEASE",
	"platHandOff":	"E:/Git-Repos/CNC-FPGA/Zedboard-CNC/CNC-FPGA-FINAL-RELEASE.xsa",
	"platIntHandOff":	"<platformDir>/hw/CNC-FPGA-FINAL-RELEASE.xsa",
	"deviceType":	"zynq",
	"platIsPrebuiltAutogen":	"false",
	"platIsNoBootBsp":	"false",
	"platFsblTarget":	"ps7_cortexa9_0",
	"hasFsblMakeHasChanges":	"false",
	"hasPmufwMakeHasChanges":	"false",
	"fsblExtraCompilerFlags":	"-MMD -MP       -mcpu=cortex-a9 -mfpu=vfpv3 -mfloat-abi=hard ",
	"platPreBuiltFlag":	false,
	"platformSamplesDir":	"",
	"platActiveSys":	"CNC-FPGA-FINAL-RELEASE",
	"systems":	[{
			"systemName":	"CNC-FPGA-FINAL-RELEASE",
			"systemDesc":	"CNC-FPGA-FINAL-RELEASE",
			"sysIsBootAutoGen":	"true",
			"systemDispName":	"CNC-FPGA-FINAL-RELEASE",
			"sysActiveDom":	"standalone_domain",
			"sysDefaultDom":	"standalone_domain",
			"domains":	[{
					"domainName":	"zynq_fsbl",
					"domainDispName":	"zynq_fsbl",
					"domainDesc":	"FSBL Application BSP - Auto Generated.",
					"processors":	"ps7_cortexa9_0",
					"os":	"standalone",
					"sdxOs":	"standalone",
					"debugEnable":	"",
					"domRuntimes":	["cpp"],
					"swRepo":	"",
					"mssOsVer":	"9.2",
					"mssFile":	"",
					"md5Digest":	"822b05f43d93911360d956bc0e0ec2b0",
					"compatibleApp":	"zynq_fsbl",
					"domType":	"bootDomain",
					"arch":	"32-bit",
					"appSettings":	{
						"appCompilerFlags":	"",
						"appLinkerFlags":	""
					},
					"addedLibs":	["xilffs:5.3", "xilrsa:1.8"],
					"libOptions":	{
						"libsContainingOptions":	[]
					},
					"prebuiltLibs":	{
						"prebuiltIncPath":	[],
						"prebuiltLibPath":	[]
					},
					"isolation":	{
					}
				}, {
					"domainName":	"standalone_domain",
					"domainDispName":	"standalone on ps7_cortexa9_0",
					"domainDesc":	"standalone_domain",
					"processors":	"ps7_cortexa9_0",
					"os":	"standalone",
					"sdxOs":	"standalone",
					"qemuArgs":	"<platformDir>/resources/CNC-FPGA-FINAL-RELEASE/standalone_domain/qemu_args.txt",
					"qemuData":	"<platformDir>/resources/CNC-FPGA-FINAL-RELEASE/standalone_domain/qemu",
					"debugEnable":	"False",
					"domRuntimes":	["cpp"],
					"swRepo":	"",
					"mssOsVer":	"9.2",
					"mssFile":	"",
					"md5Digest":	"4bf099da2fb427a9388a4e43114e5a42",
					"compatibleApp":	"",
					"domType":	"mssDomain",
					"appSettings":	{
						"appCompilerFlags":	"",
						"appLinkerFlags":	""
					},
					"addedLibs":	[],
					"libOptions":	{
						"libsContainingOptions":	[]
					},
					"prebuiltLibs":	{
						"prebuiltIncPath":	[],
						"prebuiltLibPath":	[]
					},
					"isolation":	{
					}
				}]
		}]
}
TRACE::2026-03-19.19:59:56::SCWPlatform::Clearing the existing platform
TRACE::2026-03-19.19:59:56::SCWSystem::Clearing the existing sysconfig
TRACE::2026-03-19.19:59:56::SCWBDomain::clearing the fsbl build
TRACE::2026-03-19.19:59:56::SCWMssOS::Removing the swdes entry for  E:/Git-Repos/CNC-FPGA/Vitis3/CNC-FPGA-FINAL-RELEASE/zynq_fsbl/zynq_fsbl_bsp/system.mss
TRACE::2026-03-19.19:59:56::SCWMssOS::Removing the swdes entry for  E:/Git-Repos/CNC-FPGA/Vitis3/CNC-FPGA-FINAL-RELEASE/ps7_cortexa9_0/standalone_domain/bsp/system.mss
TRACE::2026-03-19.19:59:56::SCWSystem::Clearing the domains completed.
TRACE::2026-03-19.19:59:56::SCWPlatform::Clearing the opened hw db.
TRACE::2026-03-19.19:59:56::SCWPlatform::DSA given E:/Git-Repos/CNC-FPGA/Vitis3/CNC-FPGA-FINAL-RELEASE/hw/CNC-FPGA-FINAL-RELEASE.xsa
TRACE::2026-03-19.19:59:56::SCWPlatform::DSA absoulate path E:/Git-Repos/CNC-FPGA/Vitis3/CNC-FPGA-FINAL-RELEASE/hw/CNC-FPGA-FINAL-RELEASE.xsa
TRACE::2026-03-19.19:59:56::SCWPlatform:: Platform location is E:/Git-Repos/CNC-FPGA/Vitis3/CNC-FPGA-FINAL-RELEASE/hw
TRACE::2026-03-19.19:59:56::SCWPlatform:: Platform Path E:/Git-Repos/CNC-FPGA/Vitis3/CNC-FPGA-FINAL-RELEASE/hw/CNC-FPGA-FINAL-RELEASE.xsa
TRACE::2026-03-19.19:59:56::SCWPlatform:: Unique name xilinx:zedboard::0.0
TRACE::2026-03-19.19:59:56::SCWPlatform::Removing the HwDB with name E:/Git-Repos/CNC-FPGA/Vitis3/CNC-FPGA-FINAL-RELEASE/hw/CNC-FPGA-FINAL-RELEASE.xsa
TRACE::2026-03-19.19:59:56::SCWPlatform::Trying to open the hw design at E:/Git-Repos/CNC-FPGA/Vitis3/CNC-FPGA-FINAL-RELEASE/hw/CNC-FPGA-FINAL-RELEASE.xsa
TRACE::2026-03-19.19:59:56::SCWPlatform::DSA given E:/Git-Repos/CNC-FPGA/Vitis3/CNC-FPGA-FINAL-RELEASE/hw/CNC-FPGA-FINAL-RELEASE.xsa
TRACE::2026-03-19.19:59:56::SCWPlatform::DSA absoulate path E:/Git-Repos/CNC-FPGA/Vitis3/CNC-FPGA-FINAL-RELEASE/hw/CNC-FPGA-FINAL-RELEASE.xsa
TRACE::2026-03-19.19:59:56::SCWPlatform::DSA directory E:/Git-Repos/CNC-FPGA/Vitis3/CNC-FPGA-FINAL-RELEASE/hw
TRACE::2026-03-19.19:59:56::SCWPlatform:: Platform Path E:/Git-Repos/CNC-FPGA/Vitis3/CNC-FPGA-FINAL-RELEASE/hw/CNC-FPGA-FINAL-RELEASE.xsa
TRACE::2026-03-19.19:59:56::SCWPlatform:: Unique name xilinx:zedboard::0.0
TRACE::2026-03-19.19:59:56::SCWPlatform::Do not have an existing db opened. 
TRACE::2026-03-19.19:59:58::SCWPlatform::Opened new HwDB with name CNC_Top_wrapper_1
TRACE::2026-03-19.19:59:58::SCWReader::Active system found as  CNC-FPGA-FINAL-RELEASE
TRACE::2026-03-19.19:59:58::SCWReader::Handling sysconfig CNC-FPGA-FINAL-RELEASE
TRACE::2026-03-19.19:59:58::SCWDomain::checking for install qemu data   : 
TRACE::2026-03-19.19:59:58::SCWDomain:: Using the QEMU Data from install at  : C:/Xilinx/Vitis/2024.2/data/emulation/platforms/zynq/sw/a9_standalone/qemu/
TRACE::2026-03-19.19:59:58::SCWDomain:: Using the QEMU args  from install at  : C:/Xilinx/Vitis/2024.2/data/emulation/platforms/zynq/sw/a9_standalone/qemu/qemu_args.txt
TRACE::2026-03-19.19:59:58::SCWPlatform::Trying to open the hw design at E:/Git-Repos/CNC-FPGA/Vitis3/CNC-FPGA-FINAL-RELEASE/hw/CNC-FPGA-FINAL-RELEASE.xsa
TRACE::2026-03-19.19:59:58::SCWPlatform::DSA given E:/Git-Repos/CNC-FPGA/Vitis3/CNC-FPGA-FINAL-RELEASE/hw/CNC-FPGA-FINAL-RELEASE.xsa
TRACE::2026-03-19.19:59:58::SCWPlatform::DSA absoulate path E:/Git-Repos/CNC-FPGA/Vitis3/CNC-FPGA-FINAL-RELEASE/hw/CNC-FPGA-FINAL-RELEASE.xsa
TRACE::2026-03-19.19:59:58::SCWPlatform::DSA directory E:/Git-Repos/CNC-FPGA/Vitis3/CNC-FPGA-FINAL-RELEASE/hw
TRACE::2026-03-19.19:59:58::SCWPlatform:: Platform Path E:/Git-Repos/CNC-FPGA/Vitis3/CNC-FPGA-FINAL-RELEASE/hw/CNC-FPGA-FINAL-RELEASE.xsa
TRACE::2026-03-19.19:59:58::SCWPlatform:: Unique name xilinx:zedboard::0.0
TRACE::2026-03-19.19:59:58::SCWPlatform::Trying to set the existing hwdb with name CNC_Top_wrapper_1
TRACE::2026-03-19.19:59:58::SCWPlatform::Opened existing hwdb CNC_Top_wrapper_1
TRACE::2026-03-19.19:59:58::SCWPlatform::Found the Hw Db part of the input DSA
TRACE::2026-03-19.19:59:58::SCWPlatform::Trying to open the hw design at E:/Git-Repos/CNC-FPGA/Vitis3/CNC-FPGA-FINAL-RELEASE/hw/CNC-FPGA-FINAL-RELEASE.xsa
TRACE::2026-03-19.19:59:58::SCWPlatform::DSA given E:/Git-Repos/CNC-FPGA/Vitis3/CNC-FPGA-FINAL-RELEASE/hw/CNC-FPGA-FINAL-RELEASE.xsa
TRACE::2026-03-19.19:59:58::SCWPlatform::DSA absoulate path E:/Git-Repos/CNC-FPGA/Vitis3/CNC-FPGA-FINAL-RELEASE/hw/CNC-FPGA-FINAL-RELEASE.xsa
TRACE::2026-03-19.19:59:58::SCWPlatform::DSA directory E:/Git-Repos/CNC-FPGA/Vitis3/CNC-FPGA-FINAL-RELEASE/hw
TRACE::2026-03-19.19:59:58::SCWPlatform:: Platform Path E:/Git-Repos/CNC-FPGA/Vitis3/CNC-FPGA-FINAL-RELEASE/hw/CNC-FPGA-FINAL-RELEASE.xsa
TRACE::2026-03-19.19:59:58::SCWPlatform:: Unique name xilinx:zedboard::0.0
TRACE::2026-03-19.19:59:58::SCWPlatform::Trying to set the existing hwdb with name CNC_Top_wrapper_1
TRACE::2026-03-19.19:59:58::SCWPlatform::Opened existing hwdb CNC_Top_wrapper_1
TRACE::2026-03-19.19:59:58::SCWPlatform::Found the Hw Db part of the input DSA
TRACE::2026-03-19.19:59:58::SCWPlatform::Trying to open the hw design at E:/Git-Repos/CNC-FPGA/Vitis3/CNC-FPGA-FINAL-RELEASE/hw/CNC-FPGA-FINAL-RELEASE.xsa
TRACE::2026-03-19.19:59:58::SCWPlatform::DSA given E:/Git-Repos/CNC-FPGA/Vitis3/CNC-FPGA-FINAL-RELEASE/hw/CNC-FPGA-FINAL-RELEASE.xsa
TRACE::2026-03-19.19:59:58::SCWPlatform::DSA absoulate path E:/Git-Repos/CNC-FPGA/Vitis3/CNC-FPGA-FINAL-RELEASE/hw/CNC-FPGA-FINAL-RELEASE.xsa
TRACE::2026-03-19.19:59:58::SCWPlatform::DSA directory E:/Git-Repos/CNC-FPGA/Vitis3/CNC-FPGA-FINAL-RELEASE/hw
TRACE::2026-03-19.19:59:58::SCWPlatform:: Platform Path E:/Git-Repos/CNC-FPGA/Vitis3/CNC-FPGA-FINAL-RELEASE/hw/CNC-FPGA-FINAL-RELEASE.xsa
TRACE::2026-03-19.19:59:58::SCWPlatform:: Unique name xilinx:zedboard::0.0
TRACE::2026-03-19.19:59:58::SCWPlatform::Trying to set the existing hwdb with name CNC_Top_wrapper_1
TRACE::2026-03-19.19:59:58::SCWPlatform::Opened existing hwdb CNC_Top_wrapper_1
TRACE::2026-03-19.19:59:58::SCWPlatform::Found the Hw Db part of the input DSA
TRACE::2026-03-19.19:59:58::SCWReader::Boot application domain added for zynq_fsbl
TRACE::2026-03-19.19:59:58::SCWPlatform::Trying to open the hw design at E:/Git-Repos/CNC-FPGA/Vitis3/CNC-FPGA-FINAL-RELEASE/hw/CNC-FPGA-FINAL-RELEASE.xsa
TRACE::2026-03-19.19:59:58::SCWPlatform::DSA given E:/Git-Repos/CNC-FPGA/Vitis3/CNC-FPGA-FINAL-RELEASE/hw/CNC-FPGA-FINAL-RELEASE.xsa
TRACE::2026-03-19.19:59:58::SCWPlatform::DSA absoulate path E:/Git-Repos/CNC-FPGA/Vitis3/CNC-FPGA-FINAL-RELEASE/hw/CNC-FPGA-FINAL-RELEASE.xsa
TRACE::2026-03-19.19:59:58::SCWPlatform::DSA directory E:/Git-Repos/CNC-FPGA/Vitis3/CNC-FPGA-FINAL-RELEASE/hw
TRACE::2026-03-19.19:59:58::SCWPlatform:: Platform Path E:/Git-Repos/CNC-FPGA/Vitis3/CNC-FPGA-FINAL-RELEASE/hw/CNC-FPGA-FINAL-RELEASE.xsa
TRACE::2026-03-19.19:59:58::SCWPlatform:: Unique name xilinx:zedboard::0.0
TRACE::2026-03-19.19:59:58::SCWPlatform::Trying to set the existing hwdb with name CNC_Top_wrapper_1
TRACE::2026-03-19.19:59:58::SCWPlatform::Opened existing hwdb CNC_Top_wrapper_1
TRACE::2026-03-19.19:59:58::SCWPlatform::Found the Hw Db part of the input DSA
TRACE::2026-03-19.19:59:58::SCWMssOS::Checking the sw design at  E:/Git-Repos/CNC-FPGA/Vitis3/CNC-FPGA-FINAL-RELEASE/zynq_fsbl/zynq_fsbl_bsp/system.mss
TRACE::2026-03-19.19:59:58::SCWMssOS::DEBUG:  swdes dump  
TRACE::2026-03-19.19:59:58::SCWMssOS::No sw design opened at  E:/Git-Repos/CNC-FPGA/Vitis3/CNC-FPGA-FINAL-RELEASE/zynq_fsbl/zynq_fsbl_bsp/system.mss
TRACE::2026-03-19.19:59:58::SCWMssOS::mss exists loading the mss file  E:/Git-Repos/CNC-FPGA/Vitis3/CNC-FPGA-FINAL-RELEASE/zynq_fsbl/zynq_fsbl_bsp/system.mss
TRACE::2026-03-19.19:59:58::SCWMssOS::Opened the sw design from mss  E:/Git-Repos/CNC-FPGA/Vitis3/CNC-FPGA-FINAL-RELEASE/zynq_fsbl/zynq_fsbl_bsp/system.mss
TRACE::2026-03-19.19:59:58::SCWMssOS::Adding the swdes entry E:/Git-Repos/CNC-FPGA/Vitis3/CNC-FPGA-FINAL-RELEASE/zynq_fsbl/zynq_fsbl_bsp/system.mss with des name system
TRACE::2026-03-19.19:59:58::SCWMssOS::updating the scw layer about changes
TRACE::2026-03-19.19:59:58::SCWMssOS::Opened the sw design.  E:/Git-Repos/CNC-FPGA/Vitis3/CNC-FPGA-FINAL-RELEASE/zynq_fsbl/zynq_fsbl_bsp/system.mss
TRACE::2026-03-19.19:59:58::SCWPlatform::Trying to open the hw design at E:/Git-Repos/CNC-FPGA/Vitis3/CNC-FPGA-FINAL-RELEASE/hw/CNC-FPGA-FINAL-RELEASE.xsa
TRACE::2026-03-19.19:59:58::SCWPlatform::DSA given E:/Git-Repos/CNC-FPGA/Vitis3/CNC-FPGA-FINAL-RELEASE/hw/CNC-FPGA-FINAL-RELEASE.xsa
TRACE::2026-03-19.19:59:58::SCWPlatform::DSA absoulate path E:/Git-Repos/CNC-FPGA/Vitis3/CNC-FPGA-FINAL-RELEASE/hw/CNC-FPGA-FINAL-RELEASE.xsa
TRACE::2026-03-19.19:59:58::SCWPlatform::DSA directory E:/Git-Repos/CNC-FPGA/Vitis3/CNC-FPGA-FINAL-RELEASE/hw
TRACE::2026-03-19.19:59:58::SCWPlatform:: Platform Path E:/Git-Repos/CNC-FPGA/Vitis3/CNC-FPGA-FINAL-RELEASE/hw/CNC-FPGA-FINAL-RELEASE.xsa
TRACE::2026-03-19.19:59:58::SCWPlatform:: Unique name xilinx:zedboard::0.0
TRACE::2026-03-19.19:59:58::SCWPlatform::Trying to set the existing hwdb with name CNC_Top_wrapper_1
TRACE::2026-03-19.19:59:58::SCWPlatform::Opened existing hwdb CNC_Top_wrapper_1
TRACE::2026-03-19.19:59:58::SCWPlatform::Found the Hw Db part of the input DSA
TRACE::2026-03-19.19:59:58::SCWMssOS::Checking the sw design at  E:/Git-Repos/CNC-FPGA/Vitis3/CNC-FPGA-FINAL-RELEASE/zynq_fsbl/zynq_fsbl_bsp/system.mss
TRACE::2026-03-19.19:59:58::SCWMssOS::DEBUG:  swdes dump  E:/Git-Repos/CNC-FPGA/Vitis3/CNC-FPGA-FINAL-RELEASE/zynq_fsbl/zynq_fsbl_bsp/system.mss|system||

TRACE::2026-03-19.19:59:58::SCWMssOS::Sw design exists and opened at  E:/Git-Repos/CNC-FPGA/Vitis3/CNC-FPGA-FINAL-RELEASE/zynq_fsbl/zynq_fsbl_bsp/system.mss
TRACE::2026-03-19.19:59:58::SCWMssOS:: library already available in sw design:  xilffs:5.3
TRACE::2026-03-19.19:59:58::SCWPlatform::Trying to open the hw design at E:/Git-Repos/CNC-FPGA/Vitis3/CNC-FPGA-FINAL-RELEASE/hw/CNC-FPGA-FINAL-RELEASE.xsa
TRACE::2026-03-19.19:59:58::SCWPlatform::DSA given E:/Git-Repos/CNC-FPGA/Vitis3/CNC-FPGA-FINAL-RELEASE/hw/CNC-FPGA-FINAL-RELEASE.xsa
TRACE::2026-03-19.19:59:58::SCWPlatform::DSA absoulate path E:/Git-Repos/CNC-FPGA/Vitis3/CNC-FPGA-FINAL-RELEASE/hw/CNC-FPGA-FINAL-RELEASE.xsa
TRACE::2026-03-19.19:59:58::SCWPlatform::DSA directory E:/Git-Repos/CNC-FPGA/Vitis3/CNC-FPGA-FINAL-RELEASE/hw
TRACE::2026-03-19.19:59:58::SCWPlatform:: Platform Path E:/Git-Repos/CNC-FPGA/Vitis3/CNC-FPGA-FINAL-RELEASE/hw/CNC-FPGA-FINAL-RELEASE.xsa
TRACE::2026-03-19.19:59:58::SCWPlatform:: Unique name xilinx:zedboard::0.0
TRACE::2026-03-19.19:59:58::SCWPlatform::Trying to set the existing hwdb with name CNC_Top_wrapper_1
TRACE::2026-03-19.19:59:58::SCWPlatform::Opened existing hwdb CNC_Top_wrapper_1
TRACE::2026-03-19.19:59:58::SCWPlatform::Found the Hw Db part of the input DSA
TRACE::2026-03-19.19:59:58::SCWMssOS::Checking the sw design at  E:/Git-Repos/CNC-FPGA/Vitis3/CNC-FPGA-FINAL-RELEASE/zynq_fsbl/zynq_fsbl_bsp/system.mss
TRACE::2026-03-19.19:59:58::SCWMssOS::DEBUG:  swdes dump  E:/Git-Repos/CNC-FPGA/Vitis3/CNC-FPGA-FINAL-RELEASE/zynq_fsbl/zynq_fsbl_bsp/system.mss|system||

TRACE::2026-03-19.19:59:58::SCWMssOS::Sw design exists and opened at  E:/Git-Repos/CNC-FPGA/Vitis3/CNC-FPGA-FINAL-RELEASE/zynq_fsbl/zynq_fsbl_bsp/system.mss
TRACE::2026-03-19.19:59:58::SCWMssOS:: library already available in sw design:  xilrsa:1.8
TRACE::2026-03-19.19:59:58::SCWMssOS::Saving the mss changes E:/Git-Repos/CNC-FPGA/Vitis3/CNC-FPGA-FINAL-RELEASE/zynq_fsbl/zynq_fsbl_bsp/system.mss
TRACE::2026-03-19.19:59:58::SCWMssOS::Found a swdesign opened with the mssfile.
TRACE::2026-03-19.19:59:58::SCWMssOS::Completed writemss as part of save.
TRACE::2026-03-19.19:59:58::SCWMssOS::Commit changes completed.
TRACE::2026-03-19.19:59:58::SCWReader::Adding prebuilt librarypaths as   
TRACE::2026-03-19.19:59:58::SCWReader::Adding prebuilt incpaths  as   
TRACE::2026-03-19.19:59:58::SCWPlatform::Trying to open the hw design at E:/Git-Repos/CNC-FPGA/Vitis3/CNC-FPGA-FINAL-RELEASE/hw/CNC-FPGA-FINAL-RELEASE.xsa
TRACE::2026-03-19.19:59:58::SCWPlatform::DSA given E:/Git-Repos/CNC-FPGA/Vitis3/CNC-FPGA-FINAL-RELEASE/hw/CNC-FPGA-FINAL-RELEASE.xsa
TRACE::2026-03-19.19:59:58::SCWPlatform::DSA absoulate path E:/Git-Repos/CNC-FPGA/Vitis3/CNC-FPGA-FINAL-RELEASE/hw/CNC-FPGA-FINAL-RELEASE.xsa
TRACE::2026-03-19.19:59:58::SCWPlatform::DSA directory E:/Git-Repos/CNC-FPGA/Vitis3/CNC-FPGA-FINAL-RELEASE/hw
TRACE::2026-03-19.19:59:58::SCWPlatform:: Platform Path E:/Git-Repos/CNC-FPGA/Vitis3/CNC-FPGA-FINAL-RELEASE/hw/CNC-FPGA-FINAL-RELEASE.xsa
TRACE::2026-03-19.19:59:58::SCWPlatform:: Unique name xilinx:zedboard::0.0
TRACE::2026-03-19.19:59:58::SCWPlatform::Trying to set the existing hwdb with name CNC_Top_wrapper_1
TRACE::2026-03-19.19:59:58::SCWPlatform::Opened existing hwdb CNC_Top_wrapper_1
TRACE::2026-03-19.19:59:58::SCWPlatform::Found the Hw Db part of the input DSA
TRACE::2026-03-19.19:59:58::SCWMssOS::Checking the sw design at  E:/Git-Repos/CNC-FPGA/Vitis3/CNC-FPGA-FINAL-RELEASE/zynq_fsbl/zynq_fsbl_bsp/system.mss
TRACE::2026-03-19.19:59:58::SCWMssOS::DEBUG:  swdes dump  E:/Git-Repos/CNC-FPGA/Vitis3/CNC-FPGA-FINAL-RELEASE/zynq_fsbl/zynq_fsbl_bsp/system.mss|system||

TRACE::2026-03-19.19:59:58::SCWMssOS::Sw design exists and opened at  E:/Git-Repos/CNC-FPGA/Vitis3/CNC-FPGA-FINAL-RELEASE/zynq_fsbl/zynq_fsbl_bsp/system.mss
TRACE::2026-03-19.19:59:58::SCWReader::No isolation master present  
TRACE::2026-03-19.19:59:58::SCWDomain::checking for install qemu data   : 
TRACE::2026-03-19.19:59:58::SCWDomain:: Using the QEMU Data from install at  : C:/Xilinx/Vitis/2024.2/data/emulation/platforms/zynq/sw/a9_standalone/qemu/
TRACE::2026-03-19.19:59:58::SCWDomain:: Using the QEMU args  from install at  : C:/Xilinx/Vitis/2024.2/data/emulation/platforms/zynq/sw/a9_standalone/qemu/qemu_args.txt
TRACE::2026-03-19.19:59:58::SCWPlatform::Trying to open the hw design at E:/Git-Repos/CNC-FPGA/Vitis3/CNC-FPGA-FINAL-RELEASE/hw/CNC-FPGA-FINAL-RELEASE.xsa
TRACE::2026-03-19.19:59:58::SCWPlatform::DSA given E:/Git-Repos/CNC-FPGA/Vitis3/CNC-FPGA-FINAL-RELEASE/hw/CNC-FPGA-FINAL-RELEASE.xsa
TRACE::2026-03-19.19:59:58::SCWPlatform::DSA absoulate path E:/Git-Repos/CNC-FPGA/Vitis3/CNC-FPGA-FINAL-RELEASE/hw/CNC-FPGA-FINAL-RELEASE.xsa
TRACE::2026-03-19.19:59:58::SCWPlatform::DSA directory E:/Git-Repos/CNC-FPGA/Vitis3/CNC-FPGA-FINAL-RELEASE/hw
TRACE::2026-03-19.19:59:58::SCWPlatform:: Platform Path E:/Git-Repos/CNC-FPGA/Vitis3/CNC-FPGA-FINAL-RELEASE/hw/CNC-FPGA-FINAL-RELEASE.xsa
TRACE::2026-03-19.19:59:58::SCWPlatform:: Unique name xilinx:zedboard::0.0
TRACE::2026-03-19.19:59:58::SCWPlatform::Trying to set the existing hwdb with name CNC_Top_wrapper_1
TRACE::2026-03-19.19:59:58::SCWPlatform::Opened existing hwdb CNC_Top_wrapper_1
TRACE::2026-03-19.19:59:58::SCWPlatform::Found the Hw Db part of the input DSA
TRACE::2026-03-19.19:59:58::SCWPlatform::Trying to open the hw design at E:/Git-Repos/CNC-FPGA/Vitis3/CNC-FPGA-FINAL-RELEASE/hw/CNC-FPGA-FINAL-RELEASE.xsa
TRACE::2026-03-19.19:59:58::SCWPlatform::DSA given E:/Git-Repos/CNC-FPGA/Vitis3/CNC-FPGA-FINAL-RELEASE/hw/CNC-FPGA-FINAL-RELEASE.xsa
TRACE::2026-03-19.19:59:58::SCWPlatform::DSA absoulate path E:/Git-Repos/CNC-FPGA/Vitis3/CNC-FPGA-FINAL-RELEASE/hw/CNC-FPGA-FINAL-RELEASE.xsa
TRACE::2026-03-19.19:59:58::SCWPlatform::DSA directory E:/Git-Repos/CNC-FPGA/Vitis3/CNC-FPGA-FINAL-RELEASE/hw
TRACE::2026-03-19.19:59:58::SCWPlatform:: Platform Path E:/Git-Repos/CNC-FPGA/Vitis3/CNC-FPGA-FINAL-RELEASE/hw/CNC-FPGA-FINAL-RELEASE.xsa
TRACE::2026-03-19.19:59:58::SCWPlatform:: Unique name xilinx:zedboard::0.0
TRACE::2026-03-19.19:59:58::SCWPlatform::Trying to set the existing hwdb with name CNC_Top_wrapper_1
TRACE::2026-03-19.19:59:58::SCWPlatform::Opened existing hwdb CNC_Top_wrapper_1
TRACE::2026-03-19.19:59:58::SCWPlatform::Found the Hw Db part of the input DSA
TRACE::2026-03-19.19:59:58::SCWPlatform::Trying to open the hw design at E:/Git-Repos/CNC-FPGA/Vitis3/CNC-FPGA-FINAL-RELEASE/hw/CNC-FPGA-FINAL-RELEASE.xsa
TRACE::2026-03-19.19:59:58::SCWPlatform::DSA given E:/Git-Repos/CNC-FPGA/Vitis3/CNC-FPGA-FINAL-RELEASE/hw/CNC-FPGA-FINAL-RELEASE.xsa
TRACE::2026-03-19.19:59:58::SCWPlatform::DSA absoulate path E:/Git-Repos/CNC-FPGA/Vitis3/CNC-FPGA-FINAL-RELEASE/hw/CNC-FPGA-FINAL-RELEASE.xsa
TRACE::2026-03-19.19:59:58::SCWPlatform::DSA directory E:/Git-Repos/CNC-FPGA/Vitis3/CNC-FPGA-FINAL-RELEASE/hw
TRACE::2026-03-19.19:59:58::SCWPlatform:: Platform Path E:/Git-Repos/CNC-FPGA/Vitis3/CNC-FPGA-FINAL-RELEASE/hw/CNC-FPGA-FINAL-RELEASE.xsa
TRACE::2026-03-19.19:59:58::SCWPlatform:: Unique name xilinx:zedboard::0.0
TRACE::2026-03-19.19:59:58::SCWPlatform::Trying to set the existing hwdb with name CNC_Top_wrapper_1
TRACE::2026-03-19.19:59:58::SCWPlatform::Opened existing hwdb CNC_Top_wrapper_1
TRACE::2026-03-19.19:59:58::SCWPlatform::Found the Hw Db part of the input DSA
TRACE::2026-03-19.19:59:58::SCWMssOS::Checking the sw design at  E:/Git-Repos/CNC-FPGA/Vitis3/CNC-FPGA-FINAL-RELEASE/ps7_cortexa9_0/standalone_domain/bsp/system.mss
TRACE::2026-03-19.19:59:58::SCWMssOS::DEBUG:  swdes dump  E:/Git-Repos/CNC-FPGA/Vitis3/CNC-FPGA-FINAL-RELEASE/zynq_fsbl/zynq_fsbl_bsp/system.mss|system||

TRACE::2026-03-19.19:59:58::SCWMssOS::No sw design opened at  E:/Git-Repos/CNC-FPGA/Vitis3/CNC-FPGA-FINAL-RELEASE/ps7_cortexa9_0/standalone_domain/bsp/system.mss
TRACE::2026-03-19.19:59:58::SCWMssOS::mss exists loading the mss file  E:/Git-Repos/CNC-FPGA/Vitis3/CNC-FPGA-FINAL-RELEASE/ps7_cortexa9_0/standalone_domain/bsp/system.mss
TRACE::2026-03-19.19:59:58::SCWMssOS::Opened the sw design from mss  E:/Git-Repos/CNC-FPGA/Vitis3/CNC-FPGA-FINAL-RELEASE/ps7_cortexa9_0/standalone_domain/bsp/system.mss
TRACE::2026-03-19.19:59:58::SCWMssOS::Adding the swdes entry E:/Git-Repos/CNC-FPGA/Vitis3/CNC-FPGA-FINAL-RELEASE/ps7_cortexa9_0/standalone_domain/bsp/system.mss with des name system_0
TRACE::2026-03-19.19:59:58::SCWMssOS::updating the scw layer about changes
TRACE::2026-03-19.19:59:58::SCWMssOS::Opened the sw design.  E:/Git-Repos/CNC-FPGA/Vitis3/CNC-FPGA-FINAL-RELEASE/ps7_cortexa9_0/standalone_domain/bsp/system.mss
TRACE::2026-03-19.19:59:58::SCWMssOS::Saving the mss changes E:/Git-Repos/CNC-FPGA/Vitis3/CNC-FPGA-FINAL-RELEASE/ps7_cortexa9_0/standalone_domain/bsp/system.mss
TRACE::2026-03-19.19:59:58::SCWMssOS::Found a swdesign opened with the mssfile.
TRACE::2026-03-19.19:59:58::SCWMssOS::Completed writemss as part of save.
TRACE::2026-03-19.19:59:58::SCWMssOS::Commit changes completed.
TRACE::2026-03-19.19:59:58::SCWReader::Adding prebuilt librarypaths as   
TRACE::2026-03-19.19:59:58::SCWReader::Adding prebuilt incpaths  as   
TRACE::2026-03-19.19:59:58::SCWPlatform::Trying to open the hw design at E:/Git-Repos/CNC-FPGA/Vitis3/CNC-FPGA-FINAL-RELEASE/hw/CNC-FPGA-FINAL-RELEASE.xsa
TRACE::2026-03-19.19:59:58::SCWPlatform::DSA given E:/Git-Repos/CNC-FPGA/Vitis3/CNC-FPGA-FINAL-RELEASE/hw/CNC-FPGA-FINAL-RELEASE.xsa
TRACE::2026-03-19.19:59:58::SCWPlatform::DSA absoulate path E:/Git-Repos/CNC-FPGA/Vitis3/CNC-FPGA-FINAL-RELEASE/hw/CNC-FPGA-FINAL-RELEASE.xsa
TRACE::2026-03-19.19:59:58::SCWPlatform::DSA directory E:/Git-Repos/CNC-FPGA/Vitis3/CNC-FPGA-FINAL-RELEASE/hw
TRACE::2026-03-19.19:59:58::SCWPlatform:: Platform Path E:/Git-Repos/CNC-FPGA/Vitis3/CNC-FPGA-FINAL-RELEASE/hw/CNC-FPGA-FINAL-RELEASE.xsa
TRACE::2026-03-19.19:59:58::SCWPlatform:: Unique name xilinx:zedboard::0.0
TRACE::2026-03-19.19:59:58::SCWPlatform::Trying to set the existing hwdb with name CNC_Top_wrapper_1
TRACE::2026-03-19.19:59:58::SCWPlatform::Opened existing hwdb CNC_Top_wrapper_1
TRACE::2026-03-19.19:59:58::SCWPlatform::Found the Hw Db part of the input DSA
TRACE::2026-03-19.19:59:58::SCWMssOS::Checking the sw design at  E:/Git-Repos/CNC-FPGA/Vitis3/CNC-FPGA-FINAL-RELEASE/ps7_cortexa9_0/standalone_domain/bsp/system.mss
TRACE::2026-03-19.19:59:58::SCWMssOS::DEBUG:  swdes dump  E:/Git-Repos/CNC-FPGA/Vitis3/CNC-FPGA-FINAL-RELEASE/ps7_cortexa9_0/standalone_domain/bsp/system.mss|system_0||
E:/Git-Repos/CNC-FPGA/Vitis3/CNC-FPGA-FINAL-RELEASE/zynq_fsbl/zynq_fsbl_bsp/system.mss|system||

TRACE::2026-03-19.19:59:58::SCWMssOS::Sw design exists and opened at  E:/Git-Repos/CNC-FPGA/Vitis3/CNC-FPGA-FINAL-RELEASE/ps7_cortexa9_0/standalone_domain/bsp/system.mss
TRACE::2026-03-19.19:59:58::SCWReader::No isolation master present  
TRACE::2026-03-19.20:00:08::SCWPlatform::Trying to open the hw design at E:/Git-Repos/CNC-FPGA/Vitis3/CNC-FPGA-FINAL-RELEASE/hw/CNC-FPGA-FINAL-RELEASE.xsa
TRACE::2026-03-19.20:00:08::SCWPlatform::DSA given E:/Git-Repos/CNC-FPGA/Vitis3/CNC-FPGA-FINAL-RELEASE/hw/CNC-FPGA-FINAL-RELEASE.xsa
TRACE::2026-03-19.20:00:08::SCWPlatform::DSA absoulate path E:/Git-Repos/CNC-FPGA/Vitis3/CNC-FPGA-FINAL-RELEASE/hw/CNC-FPGA-FINAL-RELEASE.xsa
TRACE::2026-03-19.20:00:08::SCWPlatform::DSA directory E:/Git-Repos/CNC-FPGA/Vitis3/CNC-FPGA-FINAL-RELEASE/hw
TRACE::2026-03-19.20:00:08::SCWPlatform:: Platform Path E:/Git-Repos/CNC-FPGA/Vitis3/CNC-FPGA-FINAL-RELEASE/hw/CNC-FPGA-FINAL-RELEASE.xsa
TRACE::2026-03-19.20:00:08::SCWPlatform:: Unique name xilinx:zedboard::0.0
TRACE::2026-03-19.20:00:08::SCWPlatform::Trying to set the existing hwdb with name CNC_Top_wrapper_1
TRACE::2026-03-19.20:00:08::SCWPlatform::Opened existing hwdb CNC_Top_wrapper_1
TRACE::2026-03-19.20:00:08::SCWPlatform::Found the Hw Db part of the input DSA
TRACE::2026-03-19.20:00:08::SCWMssOS::Checking the sw design at  E:/Git-Repos/CNC-FPGA/Vitis3/CNC-FPGA-FINAL-RELEASE/zynq_fsbl/zynq_fsbl_bsp/system.mss
TRACE::2026-03-19.20:00:08::SCWMssOS::DEBUG:  swdes dump  E:/Git-Repos/CNC-FPGA/Vitis3/CNC-FPGA-FINAL-RELEASE/ps7_cortexa9_0/standalone_domain/bsp/system.mss|system_0||
E:/Git-Repos/CNC-FPGA/Vitis3/CNC-FPGA-FINAL-RELEASE/zynq_fsbl/zynq_fsbl_bsp/system.mss|system||

TRACE::2026-03-19.20:00:08::SCWMssOS::Sw design exists and opened at  E:/Git-Repos/CNC-FPGA/Vitis3/CNC-FPGA-FINAL-RELEASE/zynq_fsbl/zynq_fsbl_bsp/system.mss
TRACE::2026-03-19.20:00:09::SCWMssOS::In reload Mss file.
TRACE::2026-03-19.20:00:09::SCWPlatform::Trying to open the hw design at E:/Git-Repos/CNC-FPGA/Vitis3/CNC-FPGA-FINAL-RELEASE/hw/CNC-FPGA-FINAL-RELEASE.xsa
TRACE::2026-03-19.20:00:09::SCWPlatform::DSA given E:/Git-Repos/CNC-FPGA/Vitis3/CNC-FPGA-FINAL-RELEASE/hw/CNC-FPGA-FINAL-RELEASE.xsa
TRACE::2026-03-19.20:00:09::SCWPlatform::DSA absoulate path E:/Git-Repos/CNC-FPGA/Vitis3/CNC-FPGA-FINAL-RELEASE/hw/CNC-FPGA-FINAL-RELEASE.xsa
TRACE::2026-03-19.20:00:09::SCWPlatform::DSA directory E:/Git-Repos/CNC-FPGA/Vitis3/CNC-FPGA-FINAL-RELEASE/hw
TRACE::2026-03-19.20:00:09::SCWPlatform:: Platform Path E:/Git-Repos/CNC-FPGA/Vitis3/CNC-FPGA-FINAL-RELEASE/hw/CNC-FPGA-FINAL-RELEASE.xsa
TRACE::2026-03-19.20:00:09::SCWPlatform:: Unique name xilinx:zedboard::0.0
TRACE::2026-03-19.20:00:09::SCWPlatform::Trying to set the existing hwdb with name CNC_Top_wrapper_1
TRACE::2026-03-19.20:00:09::SCWPlatform::Opened existing hwdb CNC_Top_wrapper_1
TRACE::2026-03-19.20:00:09::SCWPlatform::Found the Hw Db part of the input DSA
TRACE::2026-03-19.20:00:09::SCWMssOS::Checking the sw design at  E:/Git-Repos/CNC-FPGA/Vitis3/CNC-FPGA-FINAL-RELEASE/zynq_fsbl/zynq_fsbl_bsp/system.mss
TRACE::2026-03-19.20:00:09::SCWMssOS::DEBUG:  swdes dump  E:/Git-Repos/CNC-FPGA/Vitis3/CNC-FPGA-FINAL-RELEASE/ps7_cortexa9_0/standalone_domain/bsp/system.mss|system_0||

TRACE::2026-03-19.20:00:09::SCWMssOS::No sw design opened at  E:/Git-Repos/CNC-FPGA/Vitis3/CNC-FPGA-FINAL-RELEASE/zynq_fsbl/zynq_fsbl_bsp/system.mss
TRACE::2026-03-19.20:00:09::SCWMssOS::mss exists loading the mss file  E:/Git-Repos/CNC-FPGA/Vitis3/CNC-FPGA-FINAL-RELEASE/zynq_fsbl/zynq_fsbl_bsp/system.mss
TRACE::2026-03-19.20:00:09::SCWMssOS::Opened the sw design from mss  E:/Git-Repos/CNC-FPGA/Vitis3/CNC-FPGA-FINAL-RELEASE/zynq_fsbl/zynq_fsbl_bsp/system.mss
TRACE::2026-03-19.20:00:09::SCWMssOS::Adding the swdes entry E:/Git-Repos/CNC-FPGA/Vitis3/CNC-FPGA-FINAL-RELEASE/zynq_fsbl/zynq_fsbl_bsp/system.mss with des name system
TRACE::2026-03-19.20:00:09::SCWMssOS::updating the scw layer about changes
TRACE::2026-03-19.20:00:09::SCWMssOS::Opened the sw design.  E:/Git-Repos/CNC-FPGA/Vitis3/CNC-FPGA-FINAL-RELEASE/zynq_fsbl/zynq_fsbl_bsp/system.mss
TRACE::2026-03-19.20:00:09::SCWPlatform::Trying to open the hw design at E:/Git-Repos/CNC-FPGA/Vitis3/CNC-FPGA-FINAL-RELEASE/hw/CNC-FPGA-FINAL-RELEASE.xsa
TRACE::2026-03-19.20:00:09::SCWPlatform::DSA given E:/Git-Repos/CNC-FPGA/Vitis3/CNC-FPGA-FINAL-RELEASE/hw/CNC-FPGA-FINAL-RELEASE.xsa
TRACE::2026-03-19.20:00:09::SCWPlatform::DSA absoulate path E:/Git-Repos/CNC-FPGA/Vitis3/CNC-FPGA-FINAL-RELEASE/hw/CNC-FPGA-FINAL-RELEASE.xsa
TRACE::2026-03-19.20:00:09::SCWPlatform::DSA directory E:/Git-Repos/CNC-FPGA/Vitis3/CNC-FPGA-FINAL-RELEASE/hw
TRACE::2026-03-19.20:00:09::SCWPlatform:: Platform Path E:/Git-Repos/CNC-FPGA/Vitis3/CNC-FPGA-FINAL-RELEASE/hw/CNC-FPGA-FINAL-RELEASE.xsa
TRACE::2026-03-19.20:00:09::SCWPlatform:: Unique name xilinx:zedboard::0.0
TRACE::2026-03-19.20:00:09::SCWPlatform::Trying to set the existing hwdb with name CNC_Top_wrapper_1
TRACE::2026-03-19.20:00:09::SCWPlatform::Opened existing hwdb CNC_Top_wrapper_1
TRACE::2026-03-19.20:00:09::SCWPlatform::Found the Hw Db part of the input DSA
TRACE::2026-03-19.20:00:09::SCWMssOS::Checking the sw design at  E:/Git-Repos/CNC-FPGA/Vitis3/CNC-FPGA-FINAL-RELEASE/zynq_fsbl/zynq_fsbl_bsp/system.mss
TRACE::2026-03-19.20:00:09::SCWMssOS::DEBUG:  swdes dump  E:/Git-Repos/CNC-FPGA/Vitis3/CNC-FPGA-FINAL-RELEASE/ps7_cortexa9_0/standalone_domain/bsp/system.mss|system_0||
E:/Git-Repos/CNC-FPGA/Vitis3/CNC-FPGA-FINAL-RELEASE/zynq_fsbl/zynq_fsbl_bsp/system.mss|system||

TRACE::2026-03-19.20:00:09::SCWMssOS::Sw design exists and opened at  E:/Git-Repos/CNC-FPGA/Vitis3/CNC-FPGA-FINAL-RELEASE/zynq_fsbl/zynq_fsbl_bsp/system.mss
TRACE::2026-03-19.20:00:09::SCWMssOS:: library already available in sw design:  xilffs:5.3
TRACE::2026-03-19.20:00:09::SCWPlatform::Trying to open the hw design at E:/Git-Repos/CNC-FPGA/Vitis3/CNC-FPGA-FINAL-RELEASE/hw/CNC-FPGA-FINAL-RELEASE.xsa
TRACE::2026-03-19.20:00:09::SCWPlatform::DSA given E:/Git-Repos/CNC-FPGA/Vitis3/CNC-FPGA-FINAL-RELEASE/hw/CNC-FPGA-FINAL-RELEASE.xsa
TRACE::2026-03-19.20:00:09::SCWPlatform::DSA absoulate path E:/Git-Repos/CNC-FPGA/Vitis3/CNC-FPGA-FINAL-RELEASE/hw/CNC-FPGA-FINAL-RELEASE.xsa
TRACE::2026-03-19.20:00:09::SCWPlatform::DSA directory E:/Git-Repos/CNC-FPGA/Vitis3/CNC-FPGA-FINAL-RELEASE/hw
TRACE::2026-03-19.20:00:09::SCWPlatform:: Platform Path E:/Git-Repos/CNC-FPGA/Vitis3/CNC-FPGA-FINAL-RELEASE/hw/CNC-FPGA-FINAL-RELEASE.xsa
TRACE::2026-03-19.20:00:09::SCWPlatform:: Unique name xilinx:zedboard::0.0
TRACE::2026-03-19.20:00:09::SCWPlatform::Trying to set the existing hwdb with name CNC_Top_wrapper_1
TRACE::2026-03-19.20:00:09::SCWPlatform::Opened existing hwdb CNC_Top_wrapper_1
TRACE::2026-03-19.20:00:09::SCWPlatform::Found the Hw Db part of the input DSA
TRACE::2026-03-19.20:00:09::SCWMssOS::Checking the sw design at  E:/Git-Repos/CNC-FPGA/Vitis3/CNC-FPGA-FINAL-RELEASE/zynq_fsbl/zynq_fsbl_bsp/system.mss
TRACE::2026-03-19.20:00:09::SCWMssOS::DEBUG:  swdes dump  E:/Git-Repos/CNC-FPGA/Vitis3/CNC-FPGA-FINAL-RELEASE/ps7_cortexa9_0/standalone_domain/bsp/system.mss|system_0||
E:/Git-Repos/CNC-FPGA/Vitis3/CNC-FPGA-FINAL-RELEASE/zynq_fsbl/zynq_fsbl_bsp/system.mss|system||

TRACE::2026-03-19.20:00:09::SCWMssOS::Sw design exists and opened at  E:/Git-Repos/CNC-FPGA/Vitis3/CNC-FPGA-FINAL-RELEASE/zynq_fsbl/zynq_fsbl_bsp/system.mss
TRACE::2026-03-19.20:00:09::SCWMssOS:: library already available in sw design:  xilrsa:1.8
TRACE::2026-03-19.20:00:09::SCWMssOS::Saving the mss changes E:/Git-Repos/CNC-FPGA/Vitis3/CNC-FPGA-FINAL-RELEASE/zynq_fsbl/zynq_fsbl_bsp/system.mss
TRACE::2026-03-19.20:00:09::SCWMssOS::Found a swdesign opened with the mssfile.
TRACE::2026-03-19.20:00:09::SCWMssOS::Completed writemss as part of save.
TRACE::2026-03-19.20:00:09::SCWMssOS::Commit changes completed.
TRACE::2026-03-19.20:00:09::SCWPlatform::Trying to open the hw design at E:/Git-Repos/CNC-FPGA/Vitis3/CNC-FPGA-FINAL-RELEASE/hw/CNC-FPGA-FINAL-RELEASE.xsa
TRACE::2026-03-19.20:00:09::SCWPlatform::DSA given E:/Git-Repos/CNC-FPGA/Vitis3/CNC-FPGA-FINAL-RELEASE/hw/CNC-FPGA-FINAL-RELEASE.xsa
TRACE::2026-03-19.20:00:09::SCWPlatform::DSA absoulate path E:/Git-Repos/CNC-FPGA/Vitis3/CNC-FPGA-FINAL-RELEASE/hw/CNC-FPGA-FINAL-RELEASE.xsa
TRACE::2026-03-19.20:00:09::SCWPlatform::DSA directory E:/Git-Repos/CNC-FPGA/Vitis3/CNC-FPGA-FINAL-RELEASE/hw
TRACE::2026-03-19.20:00:09::SCWPlatform:: Platform Path E:/Git-Repos/CNC-FPGA/Vitis3/CNC-FPGA-FINAL-RELEASE/hw/CNC-FPGA-FINAL-RELEASE.xsa
TRACE::2026-03-19.20:00:09::SCWPlatform:: Unique name xilinx:zedboard::0.0
TRACE::2026-03-19.20:00:09::SCWPlatform::Trying to set the existing hwdb with name CNC_Top_wrapper_1
TRACE::2026-03-19.20:00:09::SCWPlatform::Opened existing hwdb CNC_Top_wrapper_1
TRACE::2026-03-19.20:00:09::SCWPlatform::Found the Hw Db part of the input DSA
TRACE::2026-03-19.20:00:09::SCWMssOS::Checking the sw design at  E:/Git-Repos/CNC-FPGA/Vitis3/CNC-FPGA-FINAL-RELEASE/zynq_fsbl/zynq_fsbl_bsp/system.mss
TRACE::2026-03-19.20:00:09::SCWMssOS::DEBUG:  swdes dump  E:/Git-Repos/CNC-FPGA/Vitis3/CNC-FPGA-FINAL-RELEASE/ps7_cortexa9_0/standalone_domain/bsp/system.mss|system_0||
E:/Git-Repos/CNC-FPGA/Vitis3/CNC-FPGA-FINAL-RELEASE/zynq_fsbl/zynq_fsbl_bsp/system.mss|system||

TRACE::2026-03-19.20:00:09::SCWMssOS::Sw design exists and opened at  E:/Git-Repos/CNC-FPGA/Vitis3/CNC-FPGA-FINAL-RELEASE/zynq_fsbl/zynq_fsbl_bsp/system.mss
TRACE::2026-03-19.20:00:09::SCWMssOS::Removing the swdes entry for  E:/Git-Repos/CNC-FPGA/Vitis3/CNC-FPGA-FINAL-RELEASE/zynq_fsbl/zynq_fsbl_bsp/system.mss
TRACE::2026-03-19.20:00:09::SCWPlatform::Trying to open the hw design at E:/Git-Repos/CNC-FPGA/Vitis3/CNC-FPGA-FINAL-RELEASE/hw/CNC-FPGA-FINAL-RELEASE.xsa
TRACE::2026-03-19.20:00:09::SCWPlatform::DSA given E:/Git-Repos/CNC-FPGA/Vitis3/CNC-FPGA-FINAL-RELEASE/hw/CNC-FPGA-FINAL-RELEASE.xsa
TRACE::2026-03-19.20:00:09::SCWPlatform::DSA absoulate path E:/Git-Repos/CNC-FPGA/Vitis3/CNC-FPGA-FINAL-RELEASE/hw/CNC-FPGA-FINAL-RELEASE.xsa
TRACE::2026-03-19.20:00:09::SCWPlatform::DSA directory E:/Git-Repos/CNC-FPGA/Vitis3/CNC-FPGA-FINAL-RELEASE/hw
TRACE::2026-03-19.20:00:09::SCWPlatform:: Platform Path E:/Git-Repos/CNC-FPGA/Vitis3/CNC-FPGA-FINAL-RELEASE/hw/CNC-FPGA-FINAL-RELEASE.xsa
TRACE::2026-03-19.20:00:09::SCWPlatform:: Unique name xilinx:zedboard::0.0
TRACE::2026-03-19.20:00:09::SCWPlatform::Trying to set the existing hwdb with name CNC_Top_wrapper_1
TRACE::2026-03-19.20:00:09::SCWPlatform::Opened existing hwdb CNC_Top_wrapper_1
TRACE::2026-03-19.20:00:09::SCWPlatform::Found the Hw Db part of the input DSA
TRACE::2026-03-19.20:00:09::SCWMssOS::Checking the sw design at  E:/Git-Repos/CNC-FPGA/Vitis3/CNC-FPGA-FINAL-RELEASE/zynq_fsbl/zynq_fsbl_bsp/system.mss
TRACE::2026-03-19.20:00:09::SCWMssOS::DEBUG:  swdes dump  E:/Git-Repos/CNC-FPGA/Vitis3/CNC-FPGA-FINAL-RELEASE/ps7_cortexa9_0/standalone_domain/bsp/system.mss|system_0||

TRACE::2026-03-19.20:00:09::SCWMssOS::No sw design opened at  E:/Git-Repos/CNC-FPGA/Vitis3/CNC-FPGA-FINAL-RELEASE/zynq_fsbl/zynq_fsbl_bsp/system.mss
TRACE::2026-03-19.20:00:09::SCWMssOS::mss exists loading the mss file  E:/Git-Repos/CNC-FPGA/Vitis3/CNC-FPGA-FINAL-RELEASE/zynq_fsbl/zynq_fsbl_bsp/system.mss
TRACE::2026-03-19.20:00:09::SCWMssOS::Opened the sw design from mss  E:/Git-Repos/CNC-FPGA/Vitis3/CNC-FPGA-FINAL-RELEASE/zynq_fsbl/zynq_fsbl_bsp/system.mss
TRACE::2026-03-19.20:00:09::SCWMssOS::Adding the swdes entry E:/Git-Repos/CNC-FPGA/Vitis3/CNC-FPGA-FINAL-RELEASE/zynq_fsbl/zynq_fsbl_bsp/system.mss with des name system
TRACE::2026-03-19.20:00:09::SCWMssOS::updating the scw layer about changes
TRACE::2026-03-19.20:00:09::SCWMssOS::Opened the sw design.  E:/Git-Repos/CNC-FPGA/Vitis3/CNC-FPGA-FINAL-RELEASE/zynq_fsbl/zynq_fsbl_bsp/system.mss
TRACE::2026-03-19.20:00:12::SCWMssOS::In reload Mss file.
TRACE::2026-03-19.20:00:12::SCWPlatform::Trying to open the hw design at E:/Git-Repos/CNC-FPGA/Vitis3/CNC-FPGA-FINAL-RELEASE/hw/CNC-FPGA-FINAL-RELEASE.xsa
TRACE::2026-03-19.20:00:12::SCWPlatform::DSA given E:/Git-Repos/CNC-FPGA/Vitis3/CNC-FPGA-FINAL-RELEASE/hw/CNC-FPGA-FINAL-RELEASE.xsa
TRACE::2026-03-19.20:00:12::SCWPlatform::DSA absoulate path E:/Git-Repos/CNC-FPGA/Vitis3/CNC-FPGA-FINAL-RELEASE/hw/CNC-FPGA-FINAL-RELEASE.xsa
TRACE::2026-03-19.20:00:12::SCWPlatform::DSA directory E:/Git-Repos/CNC-FPGA/Vitis3/CNC-FPGA-FINAL-RELEASE/hw
TRACE::2026-03-19.20:00:12::SCWPlatform:: Platform Path E:/Git-Repos/CNC-FPGA/Vitis3/CNC-FPGA-FINAL-RELEASE/hw/CNC-FPGA-FINAL-RELEASE.xsa
TRACE::2026-03-19.20:00:12::SCWPlatform:: Unique name xilinx:zedboard::0.0
TRACE::2026-03-19.20:00:12::SCWPlatform::Trying to set the existing hwdb with name CNC_Top_wrapper_1
TRACE::2026-03-19.20:00:12::SCWPlatform::Opened existing hwdb CNC_Top_wrapper_1
TRACE::2026-03-19.20:00:12::SCWPlatform::Found the Hw Db part of the input DSA
TRACE::2026-03-19.20:00:12::SCWMssOS::Checking the sw design at  E:/Git-Repos/CNC-FPGA/Vitis3/CNC-FPGA-FINAL-RELEASE/zynq_fsbl/zynq_fsbl_bsp/system.mss
TRACE::2026-03-19.20:00:12::SCWMssOS::DEBUG:  swdes dump  E:/Git-Repos/CNC-FPGA/Vitis3/CNC-FPGA-FINAL-RELEASE/ps7_cortexa9_0/standalone_domain/bsp/system.mss|system_0||

TRACE::2026-03-19.20:00:12::SCWMssOS::No sw design opened at  E:/Git-Repos/CNC-FPGA/Vitis3/CNC-FPGA-FINAL-RELEASE/zynq_fsbl/zynq_fsbl_bsp/system.mss
TRACE::2026-03-19.20:00:12::SCWMssOS::mss exists loading the mss file  E:/Git-Repos/CNC-FPGA/Vitis3/CNC-FPGA-FINAL-RELEASE/zynq_fsbl/zynq_fsbl_bsp/system.mss
TRACE::2026-03-19.20:00:12::SCWMssOS::Opened the sw design from mss  E:/Git-Repos/CNC-FPGA/Vitis3/CNC-FPGA-FINAL-RELEASE/zynq_fsbl/zynq_fsbl_bsp/system.mss
TRACE::2026-03-19.20:00:12::SCWMssOS::Adding the swdes entry E:/Git-Repos/CNC-FPGA/Vitis3/CNC-FPGA-FINAL-RELEASE/zynq_fsbl/zynq_fsbl_bsp/system.mss with des name system
TRACE::2026-03-19.20:00:12::SCWMssOS::updating the scw layer about changes
TRACE::2026-03-19.20:00:12::SCWMssOS::Opened the sw design.  E:/Git-Repos/CNC-FPGA/Vitis3/CNC-FPGA-FINAL-RELEASE/zynq_fsbl/zynq_fsbl_bsp/system.mss
TRACE::2026-03-19.20:00:12::SCWPlatform::Trying to open the hw design at E:/Git-Repos/CNC-FPGA/Vitis3/CNC-FPGA-FINAL-RELEASE/hw/CNC-FPGA-FINAL-RELEASE.xsa
TRACE::2026-03-19.20:00:12::SCWPlatform::DSA given E:/Git-Repos/CNC-FPGA/Vitis3/CNC-FPGA-FINAL-RELEASE/hw/CNC-FPGA-FINAL-RELEASE.xsa
TRACE::2026-03-19.20:00:12::SCWPlatform::DSA absoulate path E:/Git-Repos/CNC-FPGA/Vitis3/CNC-FPGA-FINAL-RELEASE/hw/CNC-FPGA-FINAL-RELEASE.xsa
TRACE::2026-03-19.20:00:12::SCWPlatform::DSA directory E:/Git-Repos/CNC-FPGA/Vitis3/CNC-FPGA-FINAL-RELEASE/hw
TRACE::2026-03-19.20:00:12::SCWPlatform:: Platform Path E:/Git-Repos/CNC-FPGA/Vitis3/CNC-FPGA-FINAL-RELEASE/hw/CNC-FPGA-FINAL-RELEASE.xsa
TRACE::2026-03-19.20:00:12::SCWPlatform:: Unique name xilinx:zedboard::0.0
TRACE::2026-03-19.20:00:12::SCWPlatform::Trying to set the existing hwdb with name CNC_Top_wrapper_1
TRACE::2026-03-19.20:00:12::SCWPlatform::Opened existing hwdb CNC_Top_wrapper_1
TRACE::2026-03-19.20:00:12::SCWPlatform::Found the Hw Db part of the input DSA
TRACE::2026-03-19.20:00:12::SCWMssOS::Checking the sw design at  E:/Git-Repos/CNC-FPGA/Vitis3/CNC-FPGA-FINAL-RELEASE/zynq_fsbl/zynq_fsbl_bsp/system.mss
TRACE::2026-03-19.20:00:12::SCWMssOS::DEBUG:  swdes dump  E:/Git-Repos/CNC-FPGA/Vitis3/CNC-FPGA-FINAL-RELEASE/ps7_cortexa9_0/standalone_domain/bsp/system.mss|system_0||
E:/Git-Repos/CNC-FPGA/Vitis3/CNC-FPGA-FINAL-RELEASE/zynq_fsbl/zynq_fsbl_bsp/system.mss|system||

TRACE::2026-03-19.20:00:12::SCWMssOS::Sw design exists and opened at  E:/Git-Repos/CNC-FPGA/Vitis3/CNC-FPGA-FINAL-RELEASE/zynq_fsbl/zynq_fsbl_bsp/system.mss
TRACE::2026-03-19.20:00:12::SCWMssOS:: library already available in sw design:  xilffs:5.3
TRACE::2026-03-19.20:00:12::SCWPlatform::Trying to open the hw design at E:/Git-Repos/CNC-FPGA/Vitis3/CNC-FPGA-FINAL-RELEASE/hw/CNC-FPGA-FINAL-RELEASE.xsa
TRACE::2026-03-19.20:00:12::SCWPlatform::DSA given E:/Git-Repos/CNC-FPGA/Vitis3/CNC-FPGA-FINAL-RELEASE/hw/CNC-FPGA-FINAL-RELEASE.xsa
TRACE::2026-03-19.20:00:12::SCWPlatform::DSA absoulate path E:/Git-Repos/CNC-FPGA/Vitis3/CNC-FPGA-FINAL-RELEASE/hw/CNC-FPGA-FINAL-RELEASE.xsa
TRACE::2026-03-19.20:00:12::SCWPlatform::DSA directory E:/Git-Repos/CNC-FPGA/Vitis3/CNC-FPGA-FINAL-RELEASE/hw
TRACE::2026-03-19.20:00:12::SCWPlatform:: Platform Path E:/Git-Repos/CNC-FPGA/Vitis3/CNC-FPGA-FINAL-RELEASE/hw/CNC-FPGA-FINAL-RELEASE.xsa
TRACE::2026-03-19.20:00:12::SCWPlatform:: Unique name xilinx:zedboard::0.0
TRACE::2026-03-19.20:00:12::SCWPlatform::Trying to set the existing hwdb with name CNC_Top_wrapper_1
TRACE::2026-03-19.20:00:12::SCWPlatform::Opened existing hwdb CNC_Top_wrapper_1
TRACE::2026-03-19.20:00:12::SCWPlatform::Found the Hw Db part of the input DSA
TRACE::2026-03-19.20:00:12::SCWMssOS::Checking the sw design at  E:/Git-Repos/CNC-FPGA/Vitis3/CNC-FPGA-FINAL-RELEASE/zynq_fsbl/zynq_fsbl_bsp/system.mss
TRACE::2026-03-19.20:00:12::SCWMssOS::DEBUG:  swdes dump  E:/Git-Repos/CNC-FPGA/Vitis3/CNC-FPGA-FINAL-RELEASE/ps7_cortexa9_0/standalone_domain/bsp/system.mss|system_0||
E:/Git-Repos/CNC-FPGA/Vitis3/CNC-FPGA-FINAL-RELEASE/zynq_fsbl/zynq_fsbl_bsp/system.mss|system||

TRACE::2026-03-19.20:00:12::SCWMssOS::Sw design exists and opened at  E:/Git-Repos/CNC-FPGA/Vitis3/CNC-FPGA-FINAL-RELEASE/zynq_fsbl/zynq_fsbl_bsp/system.mss
TRACE::2026-03-19.20:00:12::SCWMssOS:: library already available in sw design:  xilrsa:1.8
TRACE::2026-03-19.20:00:12::SCWMssOS::Saving the mss changes E:/Git-Repos/CNC-FPGA/Vitis3/CNC-FPGA-FINAL-RELEASE/zynq_fsbl/zynq_fsbl_bsp/system.mss
TRACE::2026-03-19.20:00:12::SCWMssOS::Found a swdesign opened with the mssfile.
TRACE::2026-03-19.20:00:12::SCWMssOS::Completed writemss as part of save.
TRACE::2026-03-19.20:00:12::SCWMssOS::Commit changes completed.
TRACE::2026-03-19.20:00:12::SCWPlatform::Trying to open the hw design at E:/Git-Repos/CNC-FPGA/Vitis3/CNC-FPGA-FINAL-RELEASE/hw/CNC-FPGA-FINAL-RELEASE.xsa
TRACE::2026-03-19.20:00:12::SCWPlatform::DSA given E:/Git-Repos/CNC-FPGA/Vitis3/CNC-FPGA-FINAL-RELEASE/hw/CNC-FPGA-FINAL-RELEASE.xsa
TRACE::2026-03-19.20:00:12::SCWPlatform::DSA absoulate path E:/Git-Repos/CNC-FPGA/Vitis3/CNC-FPGA-FINAL-RELEASE/hw/CNC-FPGA-FINAL-RELEASE.xsa
TRACE::2026-03-19.20:00:12::SCWPlatform::DSA directory E:/Git-Repos/CNC-FPGA/Vitis3/CNC-FPGA-FINAL-RELEASE/hw
TRACE::2026-03-19.20:00:12::SCWPlatform:: Platform Path E:/Git-Repos/CNC-FPGA/Vitis3/CNC-FPGA-FINAL-RELEASE/hw/CNC-FPGA-FINAL-RELEASE.xsa
TRACE::2026-03-19.20:00:12::SCWPlatform:: Unique name xilinx:zedboard::0.0
TRACE::2026-03-19.20:00:12::SCWPlatform::Trying to set the existing hwdb with name CNC_Top_wrapper_1
TRACE::2026-03-19.20:00:12::SCWPlatform::Opened existing hwdb CNC_Top_wrapper_1
TRACE::2026-03-19.20:00:12::SCWPlatform::Found the Hw Db part of the input DSA
TRACE::2026-03-19.20:00:12::SCWMssOS::Checking the sw design at  E:/Git-Repos/CNC-FPGA/Vitis3/CNC-FPGA-FINAL-RELEASE/zynq_fsbl/zynq_fsbl_bsp/system.mss
TRACE::2026-03-19.20:00:12::SCWMssOS::DEBUG:  swdes dump  E:/Git-Repos/CNC-FPGA/Vitis3/CNC-FPGA-FINAL-RELEASE/ps7_cortexa9_0/standalone_domain/bsp/system.mss|system_0||
E:/Git-Repos/CNC-FPGA/Vitis3/CNC-FPGA-FINAL-RELEASE/zynq_fsbl/zynq_fsbl_bsp/system.mss|system||

TRACE::2026-03-19.20:00:12::SCWMssOS::Sw design exists and opened at  E:/Git-Repos/CNC-FPGA/Vitis3/CNC-FPGA-FINAL-RELEASE/zynq_fsbl/zynq_fsbl_bsp/system.mss
TRACE::2026-03-19.20:00:12::SCWMssOS::Removing the swdes entry for  E:/Git-Repos/CNC-FPGA/Vitis3/CNC-FPGA-FINAL-RELEASE/zynq_fsbl/zynq_fsbl_bsp/system.mss
TRACE::2026-03-19.20:00:13::SCWPlatform::Trying to open the hw design at E:/Git-Repos/CNC-FPGA/Vitis3/CNC-FPGA-FINAL-RELEASE/hw/CNC-FPGA-FINAL-RELEASE.xsa
TRACE::2026-03-19.20:00:13::SCWPlatform::DSA given E:/Git-Repos/CNC-FPGA/Vitis3/CNC-FPGA-FINAL-RELEASE/hw/CNC-FPGA-FINAL-RELEASE.xsa
TRACE::2026-03-19.20:00:13::SCWPlatform::DSA absoulate path E:/Git-Repos/CNC-FPGA/Vitis3/CNC-FPGA-FINAL-RELEASE/hw/CNC-FPGA-FINAL-RELEASE.xsa
TRACE::2026-03-19.20:00:13::SCWPlatform::DSA directory E:/Git-Repos/CNC-FPGA/Vitis3/CNC-FPGA-FINAL-RELEASE/hw
TRACE::2026-03-19.20:00:13::SCWPlatform:: Platform Path E:/Git-Repos/CNC-FPGA/Vitis3/CNC-FPGA-FINAL-RELEASE/hw/CNC-FPGA-FINAL-RELEASE.xsa
TRACE::2026-03-19.20:00:13::SCWPlatform:: Unique name xilinx:zedboard::0.0
TRACE::2026-03-19.20:00:13::SCWPlatform::Trying to set the existing hwdb with name CNC_Top_wrapper_1
TRACE::2026-03-19.20:00:13::SCWPlatform::Opened existing hwdb CNC_Top_wrapper_1
TRACE::2026-03-19.20:00:13::SCWPlatform::Found the Hw Db part of the input DSA
TRACE::2026-03-19.20:00:13::SCWMssOS::Checking the sw design at  E:/Git-Repos/CNC-FPGA/Vitis3/CNC-FPGA-FINAL-RELEASE/ps7_cortexa9_0/standalone_domain/bsp/system.mss
TRACE::2026-03-19.20:00:13::SCWMssOS::DEBUG:  swdes dump  E:/Git-Repos/CNC-FPGA/Vitis3/CNC-FPGA-FINAL-RELEASE/ps7_cortexa9_0/standalone_domain/bsp/system.mss|system_0||

TRACE::2026-03-19.20:00:13::SCWMssOS::Sw design exists and opened at  E:/Git-Repos/CNC-FPGA/Vitis3/CNC-FPGA-FINAL-RELEASE/ps7_cortexa9_0/standalone_domain/bsp/system.mss
TRACE::2026-03-19.20:00:13::SCWMssOS::In reload Mss file.
TRACE::2026-03-19.20:00:13::SCWPlatform::Trying to open the hw design at E:/Git-Repos/CNC-FPGA/Vitis3/CNC-FPGA-FINAL-RELEASE/hw/CNC-FPGA-FINAL-RELEASE.xsa
TRACE::2026-03-19.20:00:13::SCWPlatform::DSA given E:/Git-Repos/CNC-FPGA/Vitis3/CNC-FPGA-FINAL-RELEASE/hw/CNC-FPGA-FINAL-RELEASE.xsa
TRACE::2026-03-19.20:00:13::SCWPlatform::DSA absoulate path E:/Git-Repos/CNC-FPGA/Vitis3/CNC-FPGA-FINAL-RELEASE/hw/CNC-FPGA-FINAL-RELEASE.xsa
TRACE::2026-03-19.20:00:13::SCWPlatform::DSA directory E:/Git-Repos/CNC-FPGA/Vitis3/CNC-FPGA-FINAL-RELEASE/hw
TRACE::2026-03-19.20:00:13::SCWPlatform:: Platform Path E:/Git-Repos/CNC-FPGA/Vitis3/CNC-FPGA-FINAL-RELEASE/hw/CNC-FPGA-FINAL-RELEASE.xsa
TRACE::2026-03-19.20:00:13::SCWPlatform:: Unique name xilinx:zedboard::0.0
TRACE::2026-03-19.20:00:13::SCWPlatform::Trying to set the existing hwdb with name CNC_Top_wrapper_1
TRACE::2026-03-19.20:00:13::SCWPlatform::Opened existing hwdb CNC_Top_wrapper_1
TRACE::2026-03-19.20:00:13::SCWPlatform::Found the Hw Db part of the input DSA
TRACE::2026-03-19.20:00:13::SCWMssOS::Checking the sw design at  E:/Git-Repos/CNC-FPGA/Vitis3/CNC-FPGA-FINAL-RELEASE/ps7_cortexa9_0/standalone_domain/bsp/system.mss
TRACE::2026-03-19.20:00:13::SCWMssOS::DEBUG:  swdes dump  
TRACE::2026-03-19.20:00:13::SCWMssOS::No sw design opened at  E:/Git-Repos/CNC-FPGA/Vitis3/CNC-FPGA-FINAL-RELEASE/ps7_cortexa9_0/standalone_domain/bsp/system.mss
TRACE::2026-03-19.20:00:13::SCWMssOS::mss exists loading the mss file  E:/Git-Repos/CNC-FPGA/Vitis3/CNC-FPGA-FINAL-RELEASE/ps7_cortexa9_0/standalone_domain/bsp/system.mss
TRACE::2026-03-19.20:00:13::SCWMssOS::Opened the sw design from mss  E:/Git-Repos/CNC-FPGA/Vitis3/CNC-FPGA-FINAL-RELEASE/ps7_cortexa9_0/standalone_domain/bsp/system.mss
TRACE::2026-03-19.20:00:13::SCWMssOS::Adding the swdes entry E:/Git-Repos/CNC-FPGA/Vitis3/CNC-FPGA-FINAL-RELEASE/ps7_cortexa9_0/standalone_domain/bsp/system.mss with des name system
TRACE::2026-03-19.20:00:13::SCWMssOS::updating the scw layer about changes
TRACE::2026-03-19.20:00:13::SCWMssOS::Opened the sw design.  E:/Git-Repos/CNC-FPGA/Vitis3/CNC-FPGA-FINAL-RELEASE/ps7_cortexa9_0/standalone_domain/bsp/system.mss
TRACE::2026-03-19.20:00:13::SCWMssOS::Saving the mss changes E:/Git-Repos/CNC-FPGA/Vitis3/CNC-FPGA-FINAL-RELEASE/ps7_cortexa9_0/standalone_domain/bsp/system.mss
TRACE::2026-03-19.20:00:13::SCWMssOS::Found a swdesign opened with the mssfile.
TRACE::2026-03-19.20:00:13::SCWMssOS::Completed writemss as part of save.
TRACE::2026-03-19.20:00:13::SCWMssOS::Commit changes completed.
TRACE::2026-03-19.20:00:13::SCWPlatform::Trying to open the hw design at E:/Git-Repos/CNC-FPGA/Vitis3/CNC-FPGA-FINAL-RELEASE/hw/CNC-FPGA-FINAL-RELEASE.xsa
TRACE::2026-03-19.20:00:13::SCWPlatform::DSA given E:/Git-Repos/CNC-FPGA/Vitis3/CNC-FPGA-FINAL-RELEASE/hw/CNC-FPGA-FINAL-RELEASE.xsa
TRACE::2026-03-19.20:00:13::SCWPlatform::DSA absoulate path E:/Git-Repos/CNC-FPGA/Vitis3/CNC-FPGA-FINAL-RELEASE/hw/CNC-FPGA-FINAL-RELEASE.xsa
TRACE::2026-03-19.20:00:13::SCWPlatform::DSA directory E:/Git-Repos/CNC-FPGA/Vitis3/CNC-FPGA-FINAL-RELEASE/hw
TRACE::2026-03-19.20:00:13::SCWPlatform:: Platform Path E:/Git-Repos/CNC-FPGA/Vitis3/CNC-FPGA-FINAL-RELEASE/hw/CNC-FPGA-FINAL-RELEASE.xsa
TRACE::2026-03-19.20:00:13::SCWPlatform:: Unique name xilinx:zedboard::0.0
TRACE::2026-03-19.20:00:13::SCWPlatform::Trying to set the existing hwdb with name CNC_Top_wrapper_1
TRACE::2026-03-19.20:00:13::SCWPlatform::Opened existing hwdb CNC_Top_wrapper_1
TRACE::2026-03-19.20:00:13::SCWPlatform::Found the Hw Db part of the input DSA
TRACE::2026-03-19.20:00:13::SCWMssOS::Checking the sw design at  E:/Git-Repos/CNC-FPGA/Vitis3/CNC-FPGA-FINAL-RELEASE/ps7_cortexa9_0/standalone_domain/bsp/system.mss
TRACE::2026-03-19.20:00:13::SCWMssOS::DEBUG:  swdes dump  E:/Git-Repos/CNC-FPGA/Vitis3/CNC-FPGA-FINAL-RELEASE/ps7_cortexa9_0/standalone_domain/bsp/system.mss|system||

TRACE::2026-03-19.20:00:13::SCWMssOS::Sw design exists and opened at  E:/Git-Repos/CNC-FPGA/Vitis3/CNC-FPGA-FINAL-RELEASE/ps7_cortexa9_0/standalone_domain/bsp/system.mss
TRACE::2026-03-19.20:00:13::SCWMssOS::Removing the swdes entry for  E:/Git-Repos/CNC-FPGA/Vitis3/CNC-FPGA-FINAL-RELEASE/ps7_cortexa9_0/standalone_domain/bsp/system.mss
TRACE::2026-03-19.20:00:13::SCWPlatform::Trying to open the hw design at E:/Git-Repos/CNC-FPGA/Vitis3/CNC-FPGA-FINAL-RELEASE/hw/CNC-FPGA-FINAL-RELEASE.xsa
TRACE::2026-03-19.20:00:13::SCWPlatform::DSA given E:/Git-Repos/CNC-FPGA/Vitis3/CNC-FPGA-FINAL-RELEASE/hw/CNC-FPGA-FINAL-RELEASE.xsa
TRACE::2026-03-19.20:00:13::SCWPlatform::DSA absoulate path E:/Git-Repos/CNC-FPGA/Vitis3/CNC-FPGA-FINAL-RELEASE/hw/CNC-FPGA-FINAL-RELEASE.xsa
TRACE::2026-03-19.20:00:13::SCWPlatform::DSA directory E:/Git-Repos/CNC-FPGA/Vitis3/CNC-FPGA-FINAL-RELEASE/hw
TRACE::2026-03-19.20:00:13::SCWPlatform:: Platform Path E:/Git-Repos/CNC-FPGA/Vitis3/CNC-FPGA-FINAL-RELEASE/hw/CNC-FPGA-FINAL-RELEASE.xsa
TRACE::2026-03-19.20:00:13::SCWPlatform:: Unique name xilinx:zedboard::0.0
TRACE::2026-03-19.20:00:13::SCWPlatform::Trying to set the existing hwdb with name CNC_Top_wrapper_1
TRACE::2026-03-19.20:00:13::SCWPlatform::Opened existing hwdb CNC_Top_wrapper_1
TRACE::2026-03-19.20:00:13::SCWPlatform::Found the Hw Db part of the input DSA
TRACE::2026-03-19.20:00:13::SCWMssOS::Checking the sw design at  E:/Git-Repos/CNC-FPGA/Vitis3/CNC-FPGA-FINAL-RELEASE/ps7_cortexa9_0/standalone_domain/bsp/system.mss
TRACE::2026-03-19.20:00:13::SCWMssOS::DEBUG:  swdes dump  
TRACE::2026-03-19.20:00:13::SCWMssOS::No sw design opened at  E:/Git-Repos/CNC-FPGA/Vitis3/CNC-FPGA-FINAL-RELEASE/ps7_cortexa9_0/standalone_domain/bsp/system.mss
TRACE::2026-03-19.20:00:13::SCWMssOS::mss exists loading the mss file  E:/Git-Repos/CNC-FPGA/Vitis3/CNC-FPGA-FINAL-RELEASE/ps7_cortexa9_0/standalone_domain/bsp/system.mss
TRACE::2026-03-19.20:00:13::SCWMssOS::Opened the sw design from mss  E:/Git-Repos/CNC-FPGA/Vitis3/CNC-FPGA-FINAL-RELEASE/ps7_cortexa9_0/standalone_domain/bsp/system.mss
TRACE::2026-03-19.20:00:13::SCWMssOS::Adding the swdes entry E:/Git-Repos/CNC-FPGA/Vitis3/CNC-FPGA-FINAL-RELEASE/ps7_cortexa9_0/standalone_domain/bsp/system.mss with des name system
TRACE::2026-03-19.20:00:13::SCWMssOS::updating the scw layer about changes
TRACE::2026-03-19.20:00:13::SCWMssOS::Opened the sw design.  E:/Git-Repos/CNC-FPGA/Vitis3/CNC-FPGA-FINAL-RELEASE/ps7_cortexa9_0/standalone_domain/bsp/system.mss
TRACE::2026-03-19.20:00:15::SCWPlatform::Trying to open the hw design at E:/Git-Repos/CNC-FPGA/Vitis3/CNC-FPGA-FINAL-RELEASE/hw/CNC-FPGA-FINAL-RELEASE.xsa
TRACE::2026-03-19.20:00:15::SCWPlatform::DSA given E:/Git-Repos/CNC-FPGA/Vitis3/CNC-FPGA-FINAL-RELEASE/hw/CNC-FPGA-FINAL-RELEASE.xsa
TRACE::2026-03-19.20:00:15::SCWPlatform::DSA absoulate path E:/Git-Repos/CNC-FPGA/Vitis3/CNC-FPGA-FINAL-RELEASE/hw/CNC-FPGA-FINAL-RELEASE.xsa
TRACE::2026-03-19.20:00:15::SCWPlatform::DSA directory E:/Git-Repos/CNC-FPGA/Vitis3/CNC-FPGA-FINAL-RELEASE/hw
TRACE::2026-03-19.20:00:15::SCWPlatform:: Platform Path E:/Git-Repos/CNC-FPGA/Vitis3/CNC-FPGA-FINAL-RELEASE/hw/CNC-FPGA-FINAL-RELEASE.xsa
TRACE::2026-03-19.20:00:15::SCWPlatform:: Unique name xilinx:zedboard::0.0
TRACE::2026-03-19.20:00:15::SCWPlatform::Trying to set the existing hwdb with name CNC_Top_wrapper_1
TRACE::2026-03-19.20:00:15::SCWPlatform::Opened existing hwdb CNC_Top_wrapper_1
TRACE::2026-03-19.20:00:15::SCWPlatform::Found the Hw Db part of the input DSA
TRACE::2026-03-19.20:00:15::SCWMssOS::Checking the sw design at  E:/Git-Repos/CNC-FPGA/Vitis3/CNC-FPGA-FINAL-RELEASE/ps7_cortexa9_0/standalone_domain/bsp/system.mss
TRACE::2026-03-19.20:00:15::SCWMssOS::DEBUG:  swdes dump  E:/Git-Repos/CNC-FPGA/Vitis3/CNC-FPGA-FINAL-RELEASE/ps7_cortexa9_0/standalone_domain/bsp/system.mss|system||

TRACE::2026-03-19.20:00:15::SCWMssOS::Sw design exists and opened at  E:/Git-Repos/CNC-FPGA/Vitis3/CNC-FPGA-FINAL-RELEASE/ps7_cortexa9_0/standalone_domain/bsp/system.mss
TRACE::2026-03-19.20:00:15::SCWMssOS::Adding Library:  xilffs:5.3
TRACE::2026-03-19.20:00:15::SCWMssOS::Added Library:  xilffs
TRACE::2026-03-19.20:00:15::SCWPlatform::Trying to open the hw design at E:/Git-Repos/CNC-FPGA/Vitis3/CNC-FPGA-FINAL-RELEASE/hw/CNC-FPGA-FINAL-RELEASE.xsa
TRACE::2026-03-19.20:00:15::SCWPlatform::DSA given E:/Git-Repos/CNC-FPGA/Vitis3/CNC-FPGA-FINAL-RELEASE/hw/CNC-FPGA-FINAL-RELEASE.xsa
TRACE::2026-03-19.20:00:15::SCWPlatform::DSA absoulate path E:/Git-Repos/CNC-FPGA/Vitis3/CNC-FPGA-FINAL-RELEASE/hw/CNC-FPGA-FINAL-RELEASE.xsa
TRACE::2026-03-19.20:00:15::SCWPlatform::DSA directory E:/Git-Repos/CNC-FPGA/Vitis3/CNC-FPGA-FINAL-RELEASE/hw
TRACE::2026-03-19.20:00:15::SCWPlatform:: Platform Path E:/Git-Repos/CNC-FPGA/Vitis3/CNC-FPGA-FINAL-RELEASE/hw/CNC-FPGA-FINAL-RELEASE.xsa
TRACE::2026-03-19.20:00:15::SCWPlatform:: Unique name xilinx:zedboard::0.0
TRACE::2026-03-19.20:00:15::SCWPlatform::Trying to set the existing hwdb with name CNC_Top_wrapper_1
TRACE::2026-03-19.20:00:15::SCWPlatform::Opened existing hwdb CNC_Top_wrapper_1
TRACE::2026-03-19.20:00:15::SCWPlatform::Found the Hw Db part of the input DSA
TRACE::2026-03-19.20:00:15::SCWMssOS::Checking the sw design at  E:/Git-Repos/CNC-FPGA/Vitis3/CNC-FPGA-FINAL-RELEASE/ps7_cortexa9_0/standalone_domain/bsp/system.mss
TRACE::2026-03-19.20:00:15::SCWMssOS::DEBUG:  swdes dump  E:/Git-Repos/CNC-FPGA/Vitis3/CNC-FPGA-FINAL-RELEASE/ps7_cortexa9_0/standalone_domain/bsp/system.mss|system||

TRACE::2026-03-19.20:00:15::SCWMssOS::Sw design exists and opened at  E:/Git-Repos/CNC-FPGA/Vitis3/CNC-FPGA-FINAL-RELEASE/ps7_cortexa9_0/standalone_domain/bsp/system.mss
TRACE::2026-03-19.20:00:16::SCWMssOS::Saving the mss changes E:/Git-Repos/CNC-FPGA/Vitis3/CNC-FPGA-FINAL-RELEASE/zynq_fsbl/zynq_fsbl_bsp/system.mss
TRACE::2026-03-19.20:00:16::SCWMssOS::Adding the swdes entry, mss present, able to open swdb E:/Git-Repos/CNC-FPGA/Vitis3/CNC-FPGA-FINAL-RELEASE/zynq_fsbl/zynq_fsbl_bsp/system.mss with des name system_0
TRACE::2026-03-19.20:00:16::SCWMssOS::Writing the mss file completed E:/Git-Repos/CNC-FPGA/Vitis3/CNC-FPGA-FINAL-RELEASE/zynq_fsbl/zynq_fsbl_bsp/system.mss
TRACE::2026-03-19.20:00:16::SCWMssOS::Commit changes completed.
TRACE::2026-03-19.20:00:16::SCWMssOS::Saving the mss changes E:/Git-Repos/CNC-FPGA/Vitis3/CNC-FPGA-FINAL-RELEASE/ps7_cortexa9_0/standalone_domain/bsp/system.mss
TRACE::2026-03-19.20:00:16::SCWMssOS::Found a swdesign opened with the mssfile.
TRACE::2026-03-19.20:00:16::SCWMssOS::Completed writemss as part of save.
TRACE::2026-03-19.20:00:16::SCWMssOS::Commit changes completed.
TRACE::2026-03-19.20:00:16::SCWPlatform::Trying to open the hw design at E:/Git-Repos/CNC-FPGA/Vitis3/CNC-FPGA-FINAL-RELEASE/hw/CNC-FPGA-FINAL-RELEASE.xsa
TRACE::2026-03-19.20:00:16::SCWPlatform::DSA given E:/Git-Repos/CNC-FPGA/Vitis3/CNC-FPGA-FINAL-RELEASE/hw/CNC-FPGA-FINAL-RELEASE.xsa
TRACE::2026-03-19.20:00:16::SCWPlatform::DSA absoulate path E:/Git-Repos/CNC-FPGA/Vitis3/CNC-FPGA-FINAL-RELEASE/hw/CNC-FPGA-FINAL-RELEASE.xsa
TRACE::2026-03-19.20:00:16::SCWPlatform::DSA directory E:/Git-Repos/CNC-FPGA/Vitis3/CNC-FPGA-FINAL-RELEASE/hw
TRACE::2026-03-19.20:00:16::SCWPlatform:: Platform Path E:/Git-Repos/CNC-FPGA/Vitis3/CNC-FPGA-FINAL-RELEASE/hw/CNC-FPGA-FINAL-RELEASE.xsa
TRACE::2026-03-19.20:00:16::SCWPlatform:: Unique name xilinx:zedboard::0.0
TRACE::2026-03-19.20:00:16::SCWPlatform::Trying to set the existing hwdb with name CNC_Top_wrapper_1
TRACE::2026-03-19.20:00:16::SCWPlatform::Opened existing hwdb CNC_Top_wrapper_1
TRACE::2026-03-19.20:00:16::SCWPlatform::Found the Hw Db part of the input DSA
TRACE::2026-03-19.20:00:16::SCWMssOS::Checking the sw design at  E:/Git-Repos/CNC-FPGA/Vitis3/CNC-FPGA-FINAL-RELEASE/zynq_fsbl/zynq_fsbl_bsp/system.mss
TRACE::2026-03-19.20:00:16::SCWMssOS::DEBUG:  swdes dump  E:/Git-Repos/CNC-FPGA/Vitis3/CNC-FPGA-FINAL-RELEASE/ps7_cortexa9_0/standalone_domain/bsp/system.mss|system||
E:/Git-Repos/CNC-FPGA/Vitis3/CNC-FPGA-FINAL-RELEASE/zynq_fsbl/zynq_fsbl_bsp/system.mss|system_0||

TRACE::2026-03-19.20:00:16::SCWMssOS::Sw design exists and opened at  E:/Git-Repos/CNC-FPGA/Vitis3/CNC-FPGA-FINAL-RELEASE/zynq_fsbl/zynq_fsbl_bsp/system.mss
TRACE::2026-03-19.20:00:16::SCWPlatform::Trying to open the hw design at E:/Git-Repos/CNC-FPGA/Vitis3/CNC-FPGA-FINAL-RELEASE/hw/CNC-FPGA-FINAL-RELEASE.xsa
TRACE::2026-03-19.20:00:16::SCWPlatform::DSA given E:/Git-Repos/CNC-FPGA/Vitis3/CNC-FPGA-FINAL-RELEASE/hw/CNC-FPGA-FINAL-RELEASE.xsa
TRACE::2026-03-19.20:00:16::SCWPlatform::DSA absoulate path E:/Git-Repos/CNC-FPGA/Vitis3/CNC-FPGA-FINAL-RELEASE/hw/CNC-FPGA-FINAL-RELEASE.xsa
TRACE::2026-03-19.20:00:16::SCWPlatform::DSA directory E:/Git-Repos/CNC-FPGA/Vitis3/CNC-FPGA-FINAL-RELEASE/hw
TRACE::2026-03-19.20:00:16::SCWPlatform:: Platform Path E:/Git-Repos/CNC-FPGA/Vitis3/CNC-FPGA-FINAL-RELEASE/hw/CNC-FPGA-FINAL-RELEASE.xsa
TRACE::2026-03-19.20:00:16::SCWPlatform:: Unique name xilinx:zedboard::0.0
TRACE::2026-03-19.20:00:16::SCWPlatform::Trying to set the existing hwdb with name CNC_Top_wrapper_1
TRACE::2026-03-19.20:00:16::SCWPlatform::Opened existing hwdb CNC_Top_wrapper_1
TRACE::2026-03-19.20:00:16::SCWPlatform::Found the Hw Db part of the input DSA
TRACE::2026-03-19.20:00:16::SCWMssOS::Checking the sw design at  E:/Git-Repos/CNC-FPGA/Vitis3/CNC-FPGA-FINAL-RELEASE/ps7_cortexa9_0/standalone_domain/bsp/system.mss
TRACE::2026-03-19.20:00:16::SCWMssOS::DEBUG:  swdes dump  E:/Git-Repos/CNC-FPGA/Vitis3/CNC-FPGA-FINAL-RELEASE/ps7_cortexa9_0/standalone_domain/bsp/system.mss|system||
E:/Git-Repos/CNC-FPGA/Vitis3/CNC-FPGA-FINAL-RELEASE/zynq_fsbl/zynq_fsbl_bsp/system.mss|system_0||

TRACE::2026-03-19.20:00:16::SCWMssOS::Sw design exists and opened at  E:/Git-Repos/CNC-FPGA/Vitis3/CNC-FPGA-FINAL-RELEASE/ps7_cortexa9_0/standalone_domain/bsp/system.mss
TRACE::2026-03-19.20:00:16::SCWWriter::formatted JSON is {
	"platformName":	"CNC-FPGA-FINAL-RELEASE",
	"sprVersion":	"2.0",
	"mode":	"gui",
	"dsaType":	"Fixed",
	"platformDesc":	"CNC-FPGA-FINAL-RELEASE",
	"platHandOff":	"E:/Git-Repos/CNC-FPGA/Zedboard-CNC/CNC-FPGA-FINAL-RELEASE.xsa",
	"platIntHandOff":	"<platformDir>/hw/CNC-FPGA-FINAL-RELEASE.xsa",
	"deviceType":	"zynq",
	"platIsPrebuiltAutogen":	"false",
	"platIsNoBootBsp":	"false",
	"hasFsblMakeHasChanges":	"false",
	"hasPmufwMakeHasChanges":	"false",
	"fsblExtraCompilerFlags":	"-MMD -MP       -mcpu=cortex-a9 -mfpu=vfpv3 -mfloat-abi=hard ",
	"platPreBuiltFlag":	false,
	"platformSamplesDir":	"",
	"platActiveSys":	"CNC-FPGA-FINAL-RELEASE",
	"systems":	[{
			"systemName":	"CNC-FPGA-FINAL-RELEASE",
			"systemDesc":	"CNC-FPGA-FINAL-RELEASE",
			"sysIsBootAutoGen":	"true",
			"systemDispName":	"CNC-FPGA-FINAL-RELEASE",
			"sysActiveDom":	"standalone_domain",
			"sysDefaultDom":	"standalone_domain",
			"domains":	[{
					"domainName":	"zynq_fsbl",
					"domainDispName":	"zynq_fsbl",
					"domainDesc":	"FSBL Application BSP - Auto Generated.",
					"processors":	"ps7_cortexa9_0",
					"os":	"standalone",
					"sdxOs":	"standalone",
					"debugEnable":	"",
					"domRuntimes":	["cpp"],
					"swRepo":	"",
					"mssOsVer":	"9.2",
					"mssFile":	"",
					"md5Digest":	"822b05f43d93911360d956bc0e0ec2b0",
					"compatibleApp":	"zynq_fsbl",
					"domType":	"bootDomain",
					"arch":	"32-bit",
					"appSettings":	{
						"appCompilerFlags":	"",
						"appLinkerFlags":	""
					},
					"addedLibs":	["xilffs:5.3", "xilrsa:1.8"],
					"libOptions":	{
						"libsContainingOptions":	[]
					},
					"prebuiltLibs":	{
						"prebuiltIncPath":	[],
						"prebuiltLibPath":	[]
					},
					"isolation":	{
					}
				}, {
					"domainName":	"standalone_domain",
					"domainDispName":	"standalone on ps7_cortexa9_0",
					"domainDesc":	"standalone_domain",
					"processors":	"ps7_cortexa9_0",
					"os":	"standalone",
					"sdxOs":	"standalone",
					"qemuArgs":	"<platformDir>/resources/CNC-FPGA-FINAL-RELEASE/standalone_domain/qemu_args.txt",
					"qemuData":	"<platformDir>/resources/CNC-FPGA-FINAL-RELEASE/standalone_domain/qemu",
					"debugEnable":	"False",
					"domRuntimes":	["cpp"],
					"swRepo":	"",
					"mssOsVer":	"9.2",
					"mssFile":	"",
					"md5Digest":	"4bf099da2fb427a9388a4e43114e5a42",
					"compatibleApp":	"",
					"domType":	"mssDomain",
					"appSettings":	{
						"appCompilerFlags":	"",
						"appLinkerFlags":	""
					},
					"addedLibs":	["xilffs:5.3"],
					"libOptions":	{
						"libsContainingOptions":	[]
					},
					"prebuiltLibs":	{
						"prebuiltIncPath":	[],
						"prebuiltLibPath":	[]
					},
					"isolation":	{
					}
				}]
		}]
}
TRACE::2026-03-19.20:00:16::SCWMssOS::Saving the mss changes E:/Git-Repos/CNC-FPGA/Vitis3/CNC-FPGA-FINAL-RELEASE/ps7_cortexa9_0/standalone_domain/bsp/system.mss
TRACE::2026-03-19.20:00:16::SCWMssOS::Found a swdesign opened with the mssfile.
TRACE::2026-03-19.20:00:16::SCWMssOS::Completed writemss as part of save.
TRACE::2026-03-19.20:00:16::SCWMssOS::Commit changes completed.
TRACE::2026-03-19.20:00:16::SCWPlatform::Trying to open the hw design at E:/Git-Repos/CNC-FPGA/Vitis3/CNC-FPGA-FINAL-RELEASE/hw/CNC-FPGA-FINAL-RELEASE.xsa
TRACE::2026-03-19.20:00:16::SCWPlatform::DSA given E:/Git-Repos/CNC-FPGA/Vitis3/CNC-FPGA-FINAL-RELEASE/hw/CNC-FPGA-FINAL-RELEASE.xsa
TRACE::2026-03-19.20:00:16::SCWPlatform::DSA absoulate path E:/Git-Repos/CNC-FPGA/Vitis3/CNC-FPGA-FINAL-RELEASE/hw/CNC-FPGA-FINAL-RELEASE.xsa
TRACE::2026-03-19.20:00:16::SCWPlatform::DSA directory E:/Git-Repos/CNC-FPGA/Vitis3/CNC-FPGA-FINAL-RELEASE/hw
TRACE::2026-03-19.20:00:16::SCWPlatform:: Platform Path E:/Git-Repos/CNC-FPGA/Vitis3/CNC-FPGA-FINAL-RELEASE/hw/CNC-FPGA-FINAL-RELEASE.xsa
TRACE::2026-03-19.20:00:16::SCWPlatform:: Unique name xilinx:zedboard::0.0
TRACE::2026-03-19.20:00:16::SCWPlatform::Trying to set the existing hwdb with name CNC_Top_wrapper_1
TRACE::2026-03-19.20:00:16::SCWPlatform::Opened existing hwdb CNC_Top_wrapper_1
TRACE::2026-03-19.20:00:16::SCWPlatform::Found the Hw Db part of the input DSA
TRACE::2026-03-19.20:00:16::SCWMssOS::Checking the sw design at  E:/Git-Repos/CNC-FPGA/Vitis3/CNC-FPGA-FINAL-RELEASE/ps7_cortexa9_0/standalone_domain/bsp/system.mss
TRACE::2026-03-19.20:00:16::SCWMssOS::DEBUG:  swdes dump  E:/Git-Repos/CNC-FPGA/Vitis3/CNC-FPGA-FINAL-RELEASE/ps7_cortexa9_0/standalone_domain/bsp/system.mss|system||
E:/Git-Repos/CNC-FPGA/Vitis3/CNC-FPGA-FINAL-RELEASE/zynq_fsbl/zynq_fsbl_bsp/system.mss|system_0||

TRACE::2026-03-19.20:00:16::SCWMssOS::Sw design exists and opened at  E:/Git-Repos/CNC-FPGA/Vitis3/CNC-FPGA-FINAL-RELEASE/ps7_cortexa9_0/standalone_domain/bsp/system.mss
TRACE::2026-03-19.20:00:16::SCWMssOS::Removing the swdes entry for  E:/Git-Repos/CNC-FPGA/Vitis3/CNC-FPGA-FINAL-RELEASE/ps7_cortexa9_0/standalone_domain/bsp/system.mss
TRACE::2026-03-19.20:00:16::SCWMssOS::In reload Mss file.
TRACE::2026-03-19.20:00:16::SCWPlatform::Trying to open the hw design at E:/Git-Repos/CNC-FPGA/Vitis3/CNC-FPGA-FINAL-RELEASE/hw/CNC-FPGA-FINAL-RELEASE.xsa
TRACE::2026-03-19.20:00:16::SCWPlatform::DSA given E:/Git-Repos/CNC-FPGA/Vitis3/CNC-FPGA-FINAL-RELEASE/hw/CNC-FPGA-FINAL-RELEASE.xsa
TRACE::2026-03-19.20:00:16::SCWPlatform::DSA absoulate path E:/Git-Repos/CNC-FPGA/Vitis3/CNC-FPGA-FINAL-RELEASE/hw/CNC-FPGA-FINAL-RELEASE.xsa
TRACE::2026-03-19.20:00:16::SCWPlatform::DSA directory E:/Git-Repos/CNC-FPGA/Vitis3/CNC-FPGA-FINAL-RELEASE/hw
TRACE::2026-03-19.20:00:16::SCWPlatform:: Platform Path E:/Git-Repos/CNC-FPGA/Vitis3/CNC-FPGA-FINAL-RELEASE/hw/CNC-FPGA-FINAL-RELEASE.xsa
TRACE::2026-03-19.20:00:16::SCWPlatform:: Unique name xilinx:zedboard::0.0
TRACE::2026-03-19.20:00:16::SCWPlatform::Trying to set the existing hwdb with name CNC_Top_wrapper_1
TRACE::2026-03-19.20:00:16::SCWPlatform::Opened existing hwdb CNC_Top_wrapper_1
TRACE::2026-03-19.20:00:16::SCWPlatform::Found the Hw Db part of the input DSA
TRACE::2026-03-19.20:00:16::SCWMssOS::Checking the sw design at  E:/Git-Repos/CNC-FPGA/Vitis3/CNC-FPGA-FINAL-RELEASE/ps7_cortexa9_0/standalone_domain/bsp/system.mss
TRACE::2026-03-19.20:00:16::SCWMssOS::DEBUG:  swdes dump  E:/Git-Repos/CNC-FPGA/Vitis3/CNC-FPGA-FINAL-RELEASE/zynq_fsbl/zynq_fsbl_bsp/system.mss|system_0||

TRACE::2026-03-19.20:00:16::SCWMssOS::No sw design opened at  E:/Git-Repos/CNC-FPGA/Vitis3/CNC-FPGA-FINAL-RELEASE/ps7_cortexa9_0/standalone_domain/bsp/system.mss
TRACE::2026-03-19.20:00:16::SCWMssOS::mss exists loading the mss file  E:/Git-Repos/CNC-FPGA/Vitis3/CNC-FPGA-FINAL-RELEASE/ps7_cortexa9_0/standalone_domain/bsp/system.mss
TRACE::2026-03-19.20:00:16::SCWMssOS::Opened the sw design from mss  E:/Git-Repos/CNC-FPGA/Vitis3/CNC-FPGA-FINAL-RELEASE/ps7_cortexa9_0/standalone_domain/bsp/system.mss
TRACE::2026-03-19.20:00:16::SCWMssOS::Adding the swdes entry E:/Git-Repos/CNC-FPGA/Vitis3/CNC-FPGA-FINAL-RELEASE/ps7_cortexa9_0/standalone_domain/bsp/system.mss with des name system
TRACE::2026-03-19.20:00:16::SCWMssOS::updating the scw layer about changes
TRACE::2026-03-19.20:00:16::SCWMssOS::Opened the sw design.  E:/Git-Repos/CNC-FPGA/Vitis3/CNC-FPGA-FINAL-RELEASE/ps7_cortexa9_0/standalone_domain/bsp/system.mss
TRACE::2026-03-19.20:00:16::SCWPlatform::Trying to open the hw design at E:/Git-Repos/CNC-FPGA/Vitis3/CNC-FPGA-FINAL-RELEASE/hw/CNC-FPGA-FINAL-RELEASE.xsa
TRACE::2026-03-19.20:00:16::SCWPlatform::DSA given E:/Git-Repos/CNC-FPGA/Vitis3/CNC-FPGA-FINAL-RELEASE/hw/CNC-FPGA-FINAL-RELEASE.xsa
TRACE::2026-03-19.20:00:16::SCWPlatform::DSA absoulate path E:/Git-Repos/CNC-FPGA/Vitis3/CNC-FPGA-FINAL-RELEASE/hw/CNC-FPGA-FINAL-RELEASE.xsa
TRACE::2026-03-19.20:00:16::SCWPlatform::DSA directory E:/Git-Repos/CNC-FPGA/Vitis3/CNC-FPGA-FINAL-RELEASE/hw
TRACE::2026-03-19.20:00:16::SCWPlatform:: Platform Path E:/Git-Repos/CNC-FPGA/Vitis3/CNC-FPGA-FINAL-RELEASE/hw/CNC-FPGA-FINAL-RELEASE.xsa
TRACE::2026-03-19.20:00:16::SCWPlatform:: Unique name xilinx:zedboard::0.0
TRACE::2026-03-19.20:00:16::SCWPlatform::Trying to set the existing hwdb with name CNC_Top_wrapper_1
TRACE::2026-03-19.20:00:16::SCWPlatform::Opened existing hwdb CNC_Top_wrapper_1
TRACE::2026-03-19.20:00:16::SCWPlatform::Found the Hw Db part of the input DSA
TRACE::2026-03-19.20:00:16::SCWMssOS::Checking the sw design at  E:/Git-Repos/CNC-FPGA/Vitis3/CNC-FPGA-FINAL-RELEASE/ps7_cortexa9_0/standalone_domain/bsp/system.mss
TRACE::2026-03-19.20:00:16::SCWMssOS::DEBUG:  swdes dump  E:/Git-Repos/CNC-FPGA/Vitis3/CNC-FPGA-FINAL-RELEASE/ps7_cortexa9_0/standalone_domain/bsp/system.mss|system||
E:/Git-Repos/CNC-FPGA/Vitis3/CNC-FPGA-FINAL-RELEASE/zynq_fsbl/zynq_fsbl_bsp/system.mss|system_0||

TRACE::2026-03-19.20:00:16::SCWMssOS::Sw design exists and opened at  E:/Git-Repos/CNC-FPGA/Vitis3/CNC-FPGA-FINAL-RELEASE/ps7_cortexa9_0/standalone_domain/bsp/system.mss
TRACE::2026-03-19.20:00:16::SCWMssOS:: library already available in sw design:  xilffs:5.3
TRACE::2026-03-19.20:00:16::SCWMssOS::Saving the mss changes E:/Git-Repos/CNC-FPGA/Vitis3/CNC-FPGA-FINAL-RELEASE/ps7_cortexa9_0/standalone_domain/bsp/system.mss
TRACE::2026-03-19.20:00:16::SCWMssOS::Found a swdesign opened with the mssfile.
TRACE::2026-03-19.20:00:16::SCWMssOS::Completed writemss as part of save.
TRACE::2026-03-19.20:00:16::SCWMssOS::Commit changes completed.
TRACE::2026-03-19.20:00:16::SCWPlatform::Trying to open the hw design at E:/Git-Repos/CNC-FPGA/Vitis3/CNC-FPGA-FINAL-RELEASE/hw/CNC-FPGA-FINAL-RELEASE.xsa
TRACE::2026-03-19.20:00:16::SCWPlatform::DSA given E:/Git-Repos/CNC-FPGA/Vitis3/CNC-FPGA-FINAL-RELEASE/hw/CNC-FPGA-FINAL-RELEASE.xsa
TRACE::2026-03-19.20:00:16::SCWPlatform::DSA absoulate path E:/Git-Repos/CNC-FPGA/Vitis3/CNC-FPGA-FINAL-RELEASE/hw/CNC-FPGA-FINAL-RELEASE.xsa
TRACE::2026-03-19.20:00:16::SCWPlatform::DSA directory E:/Git-Repos/CNC-FPGA/Vitis3/CNC-FPGA-FINAL-RELEASE/hw
TRACE::2026-03-19.20:00:16::SCWPlatform:: Platform Path E:/Git-Repos/CNC-FPGA/Vitis3/CNC-FPGA-FINAL-RELEASE/hw/CNC-FPGA-FINAL-RELEASE.xsa
TRACE::2026-03-19.20:00:16::SCWPlatform:: Unique name xilinx:zedboard::0.0
TRACE::2026-03-19.20:00:16::SCWPlatform::Trying to set the existing hwdb with name CNC_Top_wrapper_1
TRACE::2026-03-19.20:00:16::SCWPlatform::Opened existing hwdb CNC_Top_wrapper_1
TRACE::2026-03-19.20:00:16::SCWPlatform::Found the Hw Db part of the input DSA
TRACE::2026-03-19.20:00:16::SCWMssOS::Checking the sw design at  E:/Git-Repos/CNC-FPGA/Vitis3/CNC-FPGA-FINAL-RELEASE/ps7_cortexa9_0/standalone_domain/bsp/system.mss
TRACE::2026-03-19.20:00:16::SCWMssOS::DEBUG:  swdes dump  E:/Git-Repos/CNC-FPGA/Vitis3/CNC-FPGA-FINAL-RELEASE/ps7_cortexa9_0/standalone_domain/bsp/system.mss|system||
E:/Git-Repos/CNC-FPGA/Vitis3/CNC-FPGA-FINAL-RELEASE/zynq_fsbl/zynq_fsbl_bsp/system.mss|system_0||

TRACE::2026-03-19.20:00:16::SCWMssOS::Sw design exists and opened at  E:/Git-Repos/CNC-FPGA/Vitis3/CNC-FPGA-FINAL-RELEASE/ps7_cortexa9_0/standalone_domain/bsp/system.mss
TRACE::2026-03-19.20:00:16::SCWMssOS::Removing the swdes entry for  E:/Git-Repos/CNC-FPGA/Vitis3/CNC-FPGA-FINAL-RELEASE/ps7_cortexa9_0/standalone_domain/bsp/system.mss
TRACE::2026-03-19.20:00:16::SCWPlatform::Trying to open the hw design at E:/Git-Repos/CNC-FPGA/Vitis3/CNC-FPGA-FINAL-RELEASE/hw/CNC-FPGA-FINAL-RELEASE.xsa
TRACE::2026-03-19.20:00:16::SCWPlatform::DSA given E:/Git-Repos/CNC-FPGA/Vitis3/CNC-FPGA-FINAL-RELEASE/hw/CNC-FPGA-FINAL-RELEASE.xsa
TRACE::2026-03-19.20:00:16::SCWPlatform::DSA absoulate path E:/Git-Repos/CNC-FPGA/Vitis3/CNC-FPGA-FINAL-RELEASE/hw/CNC-FPGA-FINAL-RELEASE.xsa
TRACE::2026-03-19.20:00:16::SCWPlatform::DSA directory E:/Git-Repos/CNC-FPGA/Vitis3/CNC-FPGA-FINAL-RELEASE/hw
TRACE::2026-03-19.20:00:16::SCWPlatform:: Platform Path E:/Git-Repos/CNC-FPGA/Vitis3/CNC-FPGA-FINAL-RELEASE/hw/CNC-FPGA-FINAL-RELEASE.xsa
TRACE::2026-03-19.20:00:16::SCWPlatform:: Unique name xilinx:zedboard::0.0
TRACE::2026-03-19.20:00:16::SCWPlatform::Trying to set the existing hwdb with name CNC_Top_wrapper_1
TRACE::2026-03-19.20:00:16::SCWPlatform::Opened existing hwdb CNC_Top_wrapper_1
TRACE::2026-03-19.20:00:16::SCWPlatform::Found the Hw Db part of the input DSA
TRACE::2026-03-19.20:00:16::SCWMssOS::Checking the sw design at  E:/Git-Repos/CNC-FPGA/Vitis3/CNC-FPGA-FINAL-RELEASE/ps7_cortexa9_0/standalone_domain/bsp/system.mss
TRACE::2026-03-19.20:00:16::SCWMssOS::DEBUG:  swdes dump  E:/Git-Repos/CNC-FPGA/Vitis3/CNC-FPGA-FINAL-RELEASE/zynq_fsbl/zynq_fsbl_bsp/system.mss|system_0||

TRACE::2026-03-19.20:00:16::SCWMssOS::No sw design opened at  E:/Git-Repos/CNC-FPGA/Vitis3/CNC-FPGA-FINAL-RELEASE/ps7_cortexa9_0/standalone_domain/bsp/system.mss
TRACE::2026-03-19.20:00:16::SCWMssOS::mss exists loading the mss file  E:/Git-Repos/CNC-FPGA/Vitis3/CNC-FPGA-FINAL-RELEASE/ps7_cortexa9_0/standalone_domain/bsp/system.mss
TRACE::2026-03-19.20:00:16::SCWMssOS::Opened the sw design from mss  E:/Git-Repos/CNC-FPGA/Vitis3/CNC-FPGA-FINAL-RELEASE/ps7_cortexa9_0/standalone_domain/bsp/system.mss
TRACE::2026-03-19.20:00:16::SCWMssOS::Adding the swdes entry E:/Git-Repos/CNC-FPGA/Vitis3/CNC-FPGA-FINAL-RELEASE/ps7_cortexa9_0/standalone_domain/bsp/system.mss with des name system
TRACE::2026-03-19.20:00:16::SCWMssOS::updating the scw layer about changes
TRACE::2026-03-19.20:00:17::SCWMssOS::Opened the sw design.  E:/Git-Repos/CNC-FPGA/Vitis3/CNC-FPGA-FINAL-RELEASE/ps7_cortexa9_0/standalone_domain/bsp/system.mss
TRACE::2026-03-19.20:00:17::SCWMssOS::Completed writing the mss file at E:/Git-Repos/CNC-FPGA/Vitis3/CNC-FPGA-FINAL-RELEASE/ps7_cortexa9_0/standalone_domain/bsp
TRACE::2026-03-19.20:00:17::SCWMssOS::Forcing BSP Sources regeneration.
LOG::2026-03-19.20:00:53::SCWPlatform::Started generating the artifacts platform CNC-FPGA-FINAL-RELEASE
TRACE::2026-03-19.20:00:53::SCWPlatform::Sanity checking of platform is completed
LOG::2026-03-19.20:00:53::SCWPlatform::Started generating the artifacts for system configuration CNC-FPGA-FINAL-RELEASE
LOG::2026-03-19.20:00:53::SCWSystem::Checking the domain zynq_fsbl
LOG::2026-03-19.20:00:53::SCWSystem::Doing application build for :  zynq_fsbl
TRACE::2026-03-19.20:00:53::SCWBDomain::Not a forced makefile updation, No changes are present. 
TRACE::2026-03-19.20:00:53::SCWDomain::Building the domain as part of full build :  zynq_fsbl
TRACE::2026-03-19.20:00:53::SCWPlatform::Trying to open the hw design at E:/Git-Repos/CNC-FPGA/Vitis3/CNC-FPGA-FINAL-RELEASE/hw/CNC-FPGA-FINAL-RELEASE.xsa
TRACE::2026-03-19.20:00:53::SCWPlatform::DSA given E:/Git-Repos/CNC-FPGA/Vitis3/CNC-FPGA-FINAL-RELEASE/hw/CNC-FPGA-FINAL-RELEASE.xsa
TRACE::2026-03-19.20:00:53::SCWPlatform::DSA absoulate path E:/Git-Repos/CNC-FPGA/Vitis3/CNC-FPGA-FINAL-RELEASE/hw/CNC-FPGA-FINAL-RELEASE.xsa
TRACE::2026-03-19.20:00:53::SCWPlatform::DSA directory E:/Git-Repos/CNC-FPGA/Vitis3/CNC-FPGA-FINAL-RELEASE/hw
TRACE::2026-03-19.20:00:53::SCWPlatform:: Platform Path E:/Git-Repos/CNC-FPGA/Vitis3/CNC-FPGA-FINAL-RELEASE/hw/CNC-FPGA-FINAL-RELEASE.xsa
TRACE::2026-03-19.20:00:53::SCWPlatform:: Unique name xilinx:zedboard::0.0
TRACE::2026-03-19.20:00:53::SCWPlatform::Trying to set the existing hwdb with name CNC_Top_wrapper_1
TRACE::2026-03-19.20:00:53::SCWPlatform::Opened existing hwdb CNC_Top_wrapper_1
TRACE::2026-03-19.20:00:53::SCWPlatform::Found the Hw Db part of the input DSA
TRACE::2026-03-19.20:00:53::SCWMssOS::Checking the sw design at  E:/Git-Repos/CNC-FPGA/Vitis3/CNC-FPGA-FINAL-RELEASE/zynq_fsbl/zynq_fsbl_bsp/system.mss
TRACE::2026-03-19.20:00:53::SCWMssOS::DEBUG:  swdes dump  E:/Git-Repos/CNC-FPGA/Vitis3/CNC-FPGA-FINAL-RELEASE/zynq_fsbl/zynq_fsbl_bsp/system.mss|system_0||

TRACE::2026-03-19.20:00:53::SCWMssOS::Sw design exists and opened at  E:/Git-Repos/CNC-FPGA/Vitis3/CNC-FPGA-FINAL-RELEASE/zynq_fsbl/zynq_fsbl_bsp/system.mss
TRACE::2026-03-19.20:00:53::SCWBDomain::Completed writing the mss file at E:/Git-Repos/CNC-FPGA/Vitis3/CNC-FPGA-FINAL-RELEASE/zynq_fsbl/zynq_fsbl_bsp
TRACE::2026-03-19.20:00:53::SCWBDomain::bsp generated is upto date with the mss file. Skipping bsp generation.
TRACE::2026-03-19.20:00:53::SCWBDomain::Not a forced makefile updation, No changes are present. 
TRACE::2026-03-19.20:00:53::SCWBDomain::System Command Ran  E:&  cd  E:/Git-Repos/CNC-FPGA/Vitis3/CNC-FPGA-FINAL-RELEASE/zynq_fsbl& make -C  zynq_fsbl_bsp & make 
TRACE::2026-03-19.20:00:53::SCWBDomain::make: Entering directory 'E:/Git-Repos/CNC-FPGA/Vitis3/CNC-FPGA-FINAL-RELEASE/zynq_fsbl/zynq_fsbl_bsp'

TRACE::2026-03-19.20:00:53::SCWBDomain::make --no-print-directory seq_libs

TRACE::2026-03-19.20:00:54::SCWBDomain::"Running Make include in ps7_cortexa9_0/libsrc/coresightps_dcc_v1_11/src"

TRACE::2026-03-19.20:00:54::SCWBDomain::make -C ps7_cortexa9_0/libsrc/coresightps_dcc_v1_11/src -s include  "SHELL=CMD" "COMPILER=arm-none-eabi-gcc" "ASSEMBLER=arm-non
TRACE::2026-03-19.20:00:54::SCWBDomain::e-eabi-as" "ARCHIVER=arm-none-eabi-ar" "COMPILER_FLAGS=  -O2 -c" "EXTRA_COMPILER_FLAGS=-mcpu=cortex-a9 -mfpu=vfpv3 -mfloat-abi=
TRACE::2026-03-19.20:00:54::SCWBDomain::hard -nostartfiles -g -Wall -Wextra -fno-tree-loop-distribute-patterns"

TRACE::2026-03-19.20:00:54::SCWBDomain::"Running Make include in ps7_cortexa9_0/libsrc/cpu_cortexa9_v2_12/src"

TRACE::2026-03-19.20:00:54::SCWBDomain::make -C ps7_cortexa9_0/libsrc/cpu_cortexa9_v2_12/src -s include  "SHELL=CMD" "COMPILER=arm-none-eabi-gcc" "ASSEMBLER=arm-none-e
TRACE::2026-03-19.20:00:54::SCWBDomain::abi-as" "ARCHIVER=arm-none-eabi-ar" "COMPILER_FLAGS=  -O2 -c" "EXTRA_COMPILER_FLAGS=-mcpu=cortex-a9 -mfpu=vfpv3 -mfloat-abi=har
TRACE::2026-03-19.20:00:54::SCWBDomain::d -nostartfiles -g -Wall -Wextra -fno-tree-loop-distribute-patterns"

TRACE::2026-03-19.20:00:54::SCWBDomain::"Running Make include in ps7_cortexa9_0/libsrc/ddrps_v1_2/src"

TRACE::2026-03-19.20:00:54::SCWBDomain::make -C ps7_cortexa9_0/libsrc/ddrps_v1_2/src -s include  "SHELL=CMD" "COMPILER=arm-none-eabi-gcc" "ASSEMBLER=arm-none-eabi-as" 
TRACE::2026-03-19.20:00:54::SCWBDomain::"ARCHIVER=arm-none-eabi-ar" "COMPILER_FLAGS=  -O2 -c" "EXTRA_COMPILER_FLAGS=-mcpu=cortex-a9 -mfpu=vfpv3 -mfloat-abi=hard -nosta
TRACE::2026-03-19.20:00:54::SCWBDomain::rtfiles -g -Wall -Wextra -fno-tree-loop-distribute-patterns"

TRACE::2026-03-19.20:00:54::SCWBDomain::"Running Make include in ps7_cortexa9_0/libsrc/devcfg_v3_8/src"

TRACE::2026-03-19.20:00:54::SCWBDomain::make -C ps7_cortexa9_0/libsrc/devcfg_v3_8/src -s include  "SHELL=CMD" "COMPILER=arm-none-eabi-gcc" "ASSEMBLER=arm-none-eabi-as"
TRACE::2026-03-19.20:00:54::SCWBDomain:: "ARCHIVER=arm-none-eabi-ar" "COMPILER_FLAGS=  -O2 -c" "EXTRA_COMPILER_FLAGS=-mcpu=cortex-a9 -mfpu=vfpv3 -mfloat-abi=hard -nost
TRACE::2026-03-19.20:00:54::SCWBDomain::artfiles -g -Wall -Wextra -fno-tree-loop-distribute-patterns"

TRACE::2026-03-19.20:00:54::SCWBDomain::"Running Make include in ps7_cortexa9_0/libsrc/dmaps_v2_11/src"

TRACE::2026-03-19.20:00:54::SCWBDomain::make -C ps7_cortexa9_0/libsrc/dmaps_v2_11/src -s include  "SHELL=CMD" "COMPILER=arm-none-eabi-gcc" "ASSEMBLER=arm-none-eabi-as"
TRACE::2026-03-19.20:00:54::SCWBDomain:: "ARCHIVER=arm-none-eabi-ar" "COMPILER_FLAGS=  -O2 -c" "EXTRA_COMPILER_FLAGS=-mcpu=cortex-a9 -mfpu=vfpv3 -mfloat-abi=hard -nost
TRACE::2026-03-19.20:00:54::SCWBDomain::artfiles -g -Wall -Wextra -fno-tree-loop-distribute-patterns"

TRACE::2026-03-19.20:00:54::SCWBDomain::"Running Make include in ps7_cortexa9_0/libsrc/gpio_v4_12/src"

TRACE::2026-03-19.20:00:54::SCWBDomain::make -C ps7_cortexa9_0/libsrc/gpio_v4_12/src -s include  "SHELL=CMD" "COMPILER=arm-none-eabi-gcc" "ASSEMBLER=arm-none-eabi-as" 
TRACE::2026-03-19.20:00:54::SCWBDomain::"ARCHIVER=arm-none-eabi-ar" "COMPILER_FLAGS=  -O2 -c" "EXTRA_COMPILER_FLAGS=-mcpu=cortex-a9 -mfpu=vfpv3 -mfloat-abi=hard -nosta
TRACE::2026-03-19.20:00:54::SCWBDomain::rtfiles -g -Wall -Wextra -fno-tree-loop-distribute-patterns"

TRACE::2026-03-19.20:00:54::SCWBDomain::"Running Make include in ps7_cortexa9_0/libsrc/scugic_v5_4/src"

TRACE::2026-03-19.20:00:54::SCWBDomain::make -C ps7_cortexa9_0/libsrc/scugic_v5_4/src -s include  "SHELL=CMD" "COMPILER=arm-none-eabi-gcc" "ASSEMBLER=arm-none-eabi-as"
TRACE::2026-03-19.20:00:54::SCWBDomain:: "ARCHIVER=arm-none-eabi-ar" "COMPILER_FLAGS=  -O2 -c" "EXTRA_COMPILER_FLAGS=-mcpu=cortex-a9 -mfpu=vfpv3 -mfloat-abi=hard -nost
TRACE::2026-03-19.20:00:54::SCWBDomain::artfiles -g -Wall -Wextra -fno-tree-loop-distribute-patterns"

TRACE::2026-03-19.20:00:54::SCWBDomain::"Running Make include in ps7_cortexa9_0/libsrc/scutimer_v2_6/src"

TRACE::2026-03-19.20:00:54::SCWBDomain::make -C ps7_cortexa9_0/libsrc/scutimer_v2_6/src -s include  "SHELL=CMD" "COMPILER=arm-none-eabi-gcc" "ASSEMBLER=arm-none-eabi-a
TRACE::2026-03-19.20:00:54::SCWBDomain::s" "ARCHIVER=arm-none-eabi-ar" "COMPILER_FLAGS=  -O2 -c" "EXTRA_COMPILER_FLAGS=-mcpu=cortex-a9 -mfpu=vfpv3 -mfloat-abi=hard -no
TRACE::2026-03-19.20:00:54::SCWBDomain::startfiles -g -Wall -Wextra -fno-tree-loop-distribute-patterns"

TRACE::2026-03-19.20:00:55::SCWBDomain::"Running Make include in ps7_cortexa9_0/libsrc/scuwdt_v2_6/src"

TRACE::2026-03-19.20:00:55::SCWBDomain::make -C ps7_cortexa9_0/libsrc/scuwdt_v2_6/src -s include  "SHELL=CMD" "COMPILER=arm-none-eabi-gcc" "ASSEMBLER=arm-none-eabi-as"
TRACE::2026-03-19.20:00:55::SCWBDomain:: "ARCHIVER=arm-none-eabi-ar" "COMPILER_FLAGS=  -O2 -c" "EXTRA_COMPILER_FLAGS=-mcpu=cortex-a9 -mfpu=vfpv3 -mfloat-abi=hard -nost
TRACE::2026-03-19.20:00:55::SCWBDomain::artfiles -g -Wall -Wextra -fno-tree-loop-distribute-patterns"

TRACE::2026-03-19.20:00:55::SCWBDomain::"Running Make include in ps7_cortexa9_0/libsrc/sdps_v4_4/src"

TRACE::2026-03-19.20:00:55::SCWBDomain::make -C ps7_cortexa9_0/libsrc/sdps_v4_4/src -s include  "SHELL=CMD" "COMPILER=arm-none-eabi-gcc" "ASSEMBLER=arm-none-eabi-as" "
TRACE::2026-03-19.20:00:55::SCWBDomain::ARCHIVER=arm-none-eabi-ar" "COMPILER_FLAGS=  -O2 -c" "EXTRA_COMPILER_FLAGS=-mcpu=cortex-a9 -mfpu=vfpv3 -mfloat-abi=hard -nostar
TRACE::2026-03-19.20:00:55::SCWBDomain::tfiles -g -Wall -Wextra -fno-tree-loop-distribute-patterns"

TRACE::2026-03-19.20:00:55::SCWBDomain::"Running Make include in ps7_cortexa9_0/libsrc/standalone_v9_2/src"

TRACE::2026-03-19.20:00:55::SCWBDomain::make -C ps7_cortexa9_0/libsrc/standalone_v9_2/src -s include  "SHELL=CMD" "COMPILER=arm-none-eabi-gcc" "ASSEMBLER=arm-none-eabi
TRACE::2026-03-19.20:00:55::SCWBDomain::-as" "ARCHIVER=arm-none-eabi-ar" "COMPILER_FLAGS=  -O2 -c" "EXTRA_COMPILER_FLAGS=-mcpu=cortex-a9 -mfpu=vfpv3 -mfloat-abi=hard -
TRACE::2026-03-19.20:00:55::SCWBDomain::nostartfiles -g -Wall -Wextra -fno-tree-loop-distribute-patterns"

TRACE::2026-03-19.20:00:56::SCWBDomain::"Running Make include in ps7_cortexa9_0/libsrc/uartps_v3_15/src"

TRACE::2026-03-19.20:00:56::SCWBDomain::make -C ps7_cortexa9_0/libsrc/uartps_v3_15/src -s include  "SHELL=CMD" "COMPILER=arm-none-eabi-gcc" "ASSEMBLER=arm-none-eabi-as
TRACE::2026-03-19.20:00:56::SCWBDomain::" "ARCHIVER=arm-none-eabi-ar" "COMPILER_FLAGS=  -O2 -c" "EXTRA_COMPILER_FLAGS=-mcpu=cortex-a9 -mfpu=vfpv3 -mfloat-abi=hard -nos
TRACE::2026-03-19.20:00:56::SCWBDomain::tartfiles -g -Wall -Wextra -fno-tree-loop-distribute-patterns"

TRACE::2026-03-19.20:00:56::SCWBDomain::"Running Make include in ps7_cortexa9_0/libsrc/xadcps_v2_7/src"

TRACE::2026-03-19.20:00:56::SCWBDomain::make -C ps7_cortexa9_0/libsrc/xadcps_v2_7/src -s include  "SHELL=CMD" "COMPILER=arm-none-eabi-gcc" "ASSEMBLER=arm-none-eabi-as"
TRACE::2026-03-19.20:00:56::SCWBDomain:: "ARCHIVER=arm-none-eabi-ar" "COMPILER_FLAGS=  -O2 -c" "EXTRA_COMPILER_FLAGS=-mcpu=cortex-a9 -mfpu=vfpv3 -mfloat-abi=hard -nost
TRACE::2026-03-19.20:00:56::SCWBDomain::artfiles -g -Wall -Wextra -fno-tree-loop-distribute-patterns"

TRACE::2026-03-19.20:00:57::SCWBDomain::"Running Make include in ps7_cortexa9_0/libsrc/xilffs_v5_3/src"

TRACE::2026-03-19.20:00:57::SCWBDomain::make -C ps7_cortexa9_0/libsrc/xilffs_v5_3/src -s include  "SHELL=CMD" "COMPILER=arm-none-eabi-gcc" "ASSEMBLER=arm-none-eabi-as"
TRACE::2026-03-19.20:00:57::SCWBDomain:: "ARCHIVER=arm-none-eabi-ar" "COMPILER_FLAGS=  -O2 -c" "EXTRA_COMPILER_FLAGS=-mcpu=cortex-a9 -mfpu=vfpv3 -mfloat-abi=hard -nost
TRACE::2026-03-19.20:00:57::SCWBDomain::artfiles -g -Wall -Wextra -fno-tree-loop-distribute-patterns"

TRACE::2026-03-19.20:00:57::SCWBDomain::"Running Make include in ps7_cortexa9_0/libsrc/xilrsa_v1_8/src"

TRACE::2026-03-19.20:00:57::SCWBDomain::make -C ps7_cortexa9_0/libsrc/xilrsa_v1_8/src -s include  "SHELL=CMD" "COMPILER=arm-none-eabi-gcc" "ASSEMBLER=arm-none-eabi-as"
TRACE::2026-03-19.20:00:57::SCWBDomain:: "ARCHIVER=arm-none-eabi-ar" "COMPILER_FLAGS=  -O2 -c" "EXTRA_COMPILER_FLAGS=-mcpu=cortex-a9 -mfpu=vfpv3 -mfloat-abi=hard -nost
TRACE::2026-03-19.20:00:57::SCWBDomain::artfiles -g -Wall -Wextra -fno-tree-loop-distribute-patterns"

TRACE::2026-03-19.20:00:57::SCWBDomain::"Running Make libs in ps7_cortexa9_0/libsrc/xilrsa_v1_8/src"

TRACE::2026-03-19.20:00:57::SCWBDomain::make -C ps7_cortexa9_0/libsrc/xilrsa_v1_8/src -s libs  "SHELL=CMD" "COMPILER=arm-none-eabi-gcc" "ASSEMBLER=arm-none-eabi-as" "A
TRACE::2026-03-19.20:00:57::SCWBDomain::RCHIVER=arm-none-eabi-ar" "COMPILER_FLAGS=  -O2 -c" "EXTRA_COMPILER_FLAGS=-mcpu=cortex-a9 -mfpu=vfpv3 -mfloat-abi=hard -nostart
TRACE::2026-03-19.20:00:57::SCWBDomain::files -g -Wall -Wextra -fno-tree-loop-distribute-patterns"

TRACE::2026-03-19.20:00:57::SCWBDomain::'Finished building libraries sequentially.'

TRACE::2026-03-19.20:00:57::SCWBDomain::make -j 22 --no-print-directory par_libs

TRACE::2026-03-19.20:00:57::SCWBDomain::"Running Make include in ps7_cortexa9_0/libsrc/coresightps_dcc_v1_11/src"

TRACE::2026-03-19.20:00:57::SCWBDomain::make -C ps7_cortexa9_0/libsrc/coresightps_dcc_v1_11/src -s include  "SHELL=CMD" "COMPILER=arm-none-eabi-gcc" "ASSEMBLER=arm-non
TRACE::2026-03-19.20:00:57::SCWBDomain::e-eabi-as" "ARCHIVER=arm-none-eabi-ar" "COMPILER_FLAGS=  -O2 -c" "EXTRA_COMPILER_FLAGS=-mcpu=cortex-a9 -mfpu=vfpv3 -mfloat-abi=
TRACE::2026-03-19.20:00:57::SCWBDomain::hard -nostartfiles -g -Wall -Wextra -fno-tree-loop-distribute-patterns"

TRACE::2026-03-19.20:00:57::SCWBDomain::"Running Make include in ps7_cortexa9_0/libsrc/cpu_cortexa9_v2_12/src"

TRACE::2026-03-19.20:00:57::SCWBDomain::make -C ps7_cortexa9_0/libsrc/cpu_cortexa9_v2_12/src -s include  "SHELL=CMD" "COMPILER=arm-none-eabi-gcc" "ASSEMBLER=arm-none-e
TRACE::2026-03-19.20:00:57::SCWBDomain::abi-as" "ARCHIVER=arm-none-eabi-ar" "COMPILER_FLAGS=  -O2 -c" "EXTRA_COMPILER_FLAGS=-mcpu=cortex-a9 -mfpu=vfpv3 -mfloat-abi=har
TRACE::2026-03-19.20:00:57::SCWBDomain::d -nostartfiles -g -Wall -Wextra -fno-tree-loop-distribute-patterns"

TRACE::2026-03-19.20:00:57::SCWBDomain::"Running Make include in ps7_cortexa9_0/libsrc/ddrps_v1_2/src"

TRACE::2026-03-19.20:00:57::SCWBDomain::make -C ps7_cortexa9_0/libsrc/ddrps_v1_2/src -s include  "SHELL=CMD" "COMPILER=arm-none-eabi-gcc" "ASSEMBLER=arm-none-eabi-as" 
TRACE::2026-03-19.20:00:57::SCWBDomain::"ARCHIVER=arm-none-eabi-ar" "COMPILER_FLAGS=  -O2 -c" "EXTRA_COMPILER_FLAGS=-mcpu=cortex-a9 -mfpu=vfpv3 -mfloat-abi=hard -nosta
TRACE::2026-03-19.20:00:57::SCWBDomain::rtfiles -g -Wall -Wextra -fno-tree-loop-distribute-patterns"

TRACE::2026-03-19.20:00:57::SCWBDomain::"Running Make include in ps7_cortexa9_0/libsrc/devcfg_v3_8/src"

TRACE::2026-03-19.20:00:57::SCWBDomain::make -C ps7_cortexa9_0/libsrc/devcfg_v3_8/src -s include  "SHELL=CMD" "COMPILER=arm-none-eabi-gcc" "ASSEMBLER=arm-none-eabi-as"
TRACE::2026-03-19.20:00:57::SCWBDomain:: "ARCHIVER=arm-none-eabi-ar" "COMPILER_FLAGS=  -O2 -c" "EXTRA_COMPILER_FLAGS=-mcpu=cortex-a9 -mfpu=vfpv3 -mfloat-abi=hard -nost
TRACE::2026-03-19.20:00:57::SCWBDomain::artfiles -g -Wall -Wextra -fno-tree-loop-distribute-patterns"

TRACE::2026-03-19.20:00:57::SCWBDomain::"Running Make include in ps7_cortexa9_0/libsrc/dmaps_v2_11/src"

TRACE::2026-03-19.20:00:57::SCWBDomain::make -C ps7_cortexa9_0/libsrc/dmaps_v2_11/src -s include  "SHELL=CMD" "COMPILER=arm-none-eabi-gcc" "ASSEMBLER=arm-none-eabi-as"
TRACE::2026-03-19.20:00:57::SCWBDomain:: "ARCHIVER=arm-none-eabi-ar" "COMPILER_FLAGS=  -O2 -c" "EXTRA_COMPILER_FLAGS=-mcpu=cortex-a9 -mfpu=vfpv3 -mfloat-abi=hard -nost
TRACE::2026-03-19.20:00:57::SCWBDomain::artfiles -g -Wall -Wextra -fno-tree-loop-distribute-patterns"

TRACE::2026-03-19.20:00:57::SCWBDomain::"Running Make include in ps7_cortexa9_0/libsrc/gpio_v4_12/src"

TRACE::2026-03-19.20:00:57::SCWBDomain::make -C ps7_cortexa9_0/libsrc/gpio_v4_12/src -s include  "SHELL=CMD" "COMPILER=arm-none-eabi-gcc" "ASSEMBLER=arm-none-eabi-as" 
TRACE::2026-03-19.20:00:57::SCWBDomain::"ARCHIVER=arm-none-eabi-ar" "COMPILER_FLAGS=  -O2 -c" "EXTRA_COMPILER_FLAGS=-mcpu=cortex-a9 -mfpu=vfpv3 -mfloat-abi=hard -nosta
TRACE::2026-03-19.20:00:57::SCWBDomain::rtfiles -g -Wall -Wextra -fno-tree-loop-distribute-patterns"

TRACE::2026-03-19.20:00:57::SCWBDomain::"Running Make include in ps7_cortexa9_0/libsrc/scugic_v5_4/src"

TRACE::2026-03-19.20:00:57::SCWBDomain::make -C ps7_cortexa9_0/libsrc/scugic_v5_4/src -s include  "SHELL=CMD" "COMPILER=arm-none-eabi-gcc" "ASSEMBLER=arm-none-eabi-as"
TRACE::2026-03-19.20:00:57::SCWBDomain:: "ARCHIVER=arm-none-eabi-ar" "COMPILER_FLAGS=  -O2 -c" "EXTRA_COMPILER_FLAGS=-mcpu=cortex-a9 -mfpu=vfpv3 -mfloat-abi=hard -nost
TRACE::2026-03-19.20:00:57::SCWBDomain::artfiles -g -Wall -Wextra -fno-tree-loop-distribute-patterns"

TRACE::2026-03-19.20:00:57::SCWBDomain::"Running Make include in ps7_cortexa9_0/libsrc/scutimer_v2_6/src"

TRACE::2026-03-19.20:00:57::SCWBDomain::make -C ps7_cortexa9_0/libsrc/scutimer_v2_6/src -s include  "SHELL=CMD" "COMPILER=arm-none-eabi-gcc" "ASSEMBLER=arm-none-eabi-a
TRACE::2026-03-19.20:00:57::SCWBDomain::s" "ARCHIVER=arm-none-eabi-ar" "COMPILER_FLAGS=  -O2 -c" "EXTRA_COMPILER_FLAGS=-mcpu=cortex-a9 -mfpu=vfpv3 -mfloat-abi=hard -no
TRACE::2026-03-19.20:00:57::SCWBDomain::startfiles -g -Wall -Wextra -fno-tree-loop-distribute-patterns"

TRACE::2026-03-19.20:00:57::SCWBDomain::"Running Make include in ps7_cortexa9_0/libsrc/scuwdt_v2_6/src"

TRACE::2026-03-19.20:00:57::SCWBDomain::make -C ps7_cortexa9_0/libsrc/scuwdt_v2_6/src -s include  "SHELL=CMD" "COMPILER=arm-none-eabi-gcc" "ASSEMBLER=arm-none-eabi-as"
TRACE::2026-03-19.20:00:57::SCWBDomain:: "ARCHIVER=arm-none-eabi-ar" "COMPILER_FLAGS=  -O2 -c" "EXTRA_COMPILER_FLAGS=-mcpu=cortex-a9 -mfpu=vfpv3 -mfloat-abi=hard -nost
TRACE::2026-03-19.20:00:57::SCWBDomain::artfiles -g -Wall -Wextra -fno-tree-loop-distribute-patterns"

TRACE::2026-03-19.20:00:57::SCWBDomain::"Running Make include in ps7_cortexa9_0/libsrc/sdps_v4_4/src"

TRACE::2026-03-19.20:00:57::SCWBDomain::make -C ps7_cortexa9_0/libsrc/sdps_v4_4/src -s include  "SHELL=CMD" "COMPILER=arm-none-eabi-gcc" "ASSEMBLER=arm-none-eabi-as" "
TRACE::2026-03-19.20:00:57::SCWBDomain::ARCHIVER=arm-none-eabi-ar" "COMPILER_FLAGS=  -O2 -c" "EXTRA_COMPILER_FLAGS=-mcpu=cortex-a9 -mfpu=vfpv3 -mfloat-abi=hard -nostar
TRACE::2026-03-19.20:00:57::SCWBDomain::tfiles -g -Wall -Wextra -fno-tree-loop-distribute-patterns"

TRACE::2026-03-19.20:00:57::SCWBDomain::"Running Make include in ps7_cortexa9_0/libsrc/standalone_v9_2/src"

TRACE::2026-03-19.20:00:57::SCWBDomain::make -C ps7_cortexa9_0/libsrc/standalone_v9_2/src -s include  "SHELL=CMD" "COMPILER=arm-none-eabi-gcc" "ASSEMBLER=arm-none-eabi
TRACE::2026-03-19.20:00:57::SCWBDomain::-as" "ARCHIVER=arm-none-eabi-ar" "COMPILER_FLAGS=  -O2 -c" "EXTRA_COMPILER_FLAGS=-mcpu=cortex-a9 -mfpu=vfpv3 -mfloat-abi=hard -
TRACE::2026-03-19.20:00:57::SCWBDomain::nostartfiles -g -Wall -Wextra -fno-tree-loop-distribute-patterns"

TRACE::2026-03-19.20:00:57::SCWBDomain::"Running Make include in ps7_cortexa9_0/libsrc/uartps_v3_15/src"

TRACE::2026-03-19.20:00:57::SCWBDomain::make -C ps7_cortexa9_0/libsrc/uartps_v3_15/src -s include  "SHELL=CMD" "COMPILER=arm-none-eabi-gcc" "ASSEMBLER=arm-none-eabi-as
TRACE::2026-03-19.20:00:57::SCWBDomain::" "ARCHIVER=arm-none-eabi-ar" "COMPILER_FLAGS=  -O2 -c" "EXTRA_COMPILER_FLAGS=-mcpu=cortex-a9 -mfpu=vfpv3 -mfloat-abi=hard -nos
TRACE::2026-03-19.20:00:57::SCWBDomain::tartfiles -g -Wall -Wextra -fno-tree-loop-distribute-patterns"

TRACE::2026-03-19.20:00:57::SCWBDomain::"Running Make include in ps7_cortexa9_0/libsrc/xadcps_v2_7/src"

TRACE::2026-03-19.20:00:57::SCWBDomain::make -C ps7_cortexa9_0/libsrc/xadcps_v2_7/src -s include  "SHELL=CMD" "COMPILER=arm-none-eabi-gcc" "ASSEMBLER=arm-none-eabi-as"
TRACE::2026-03-19.20:00:57::SCWBDomain:: "ARCHIVER=arm-none-eabi-ar" "COMPILER_FLAGS=  -O2 -c" "EXTRA_COMPILER_FLAGS=-mcpu=cortex-a9 -mfpu=vfpv3 -mfloat-abi=hard -nost
TRACE::2026-03-19.20:00:57::SCWBDomain::artfiles -g -Wall -Wextra -fno-tree-loop-distribute-patterns"

TRACE::2026-03-19.20:00:57::SCWBDomain::"Running Make include in ps7_cortexa9_0/libsrc/xilffs_v5_3/src"

TRACE::2026-03-19.20:00:57::SCWBDomain::make -C ps7_cortexa9_0/libsrc/xilffs_v5_3/src -s include  "SHELL=CMD" "COMPILER=arm-none-eabi-gcc" "ASSEMBLER=arm-none-eabi-as"
TRACE::2026-03-19.20:00:57::SCWBDomain:: "ARCHIVER=arm-none-eabi-ar" "COMPILER_FLAGS=  -O2 -c" "EXTRA_COMPILER_FLAGS=-mcpu=cortex-a9 -mfpu=vfpv3 -mfloat-abi=hard -nost
TRACE::2026-03-19.20:00:57::SCWBDomain::artfiles -g -Wall -Wextra -fno-tree-loop-distribute-patterns"

TRACE::2026-03-19.20:00:57::SCWBDomain::"Running Make include in ps7_cortexa9_0/libsrc/xilrsa_v1_8/src"

TRACE::2026-03-19.20:00:57::SCWBDomain::make -C ps7_cortexa9_0/libsrc/xilrsa_v1_8/src -s include  "SHELL=CMD" "COMPILER=arm-none-eabi-gcc" "ASSEMBLER=arm-none-eabi-as"
TRACE::2026-03-19.20:00:57::SCWBDomain:: "ARCHIVER=arm-none-eabi-ar" "COMPILER_FLAGS=  -O2 -c" "EXTRA_COMPILER_FLAGS=-mcpu=cortex-a9 -mfpu=vfpv3 -mfloat-abi=hard -nost
TRACE::2026-03-19.20:00:57::SCWBDomain::artfiles -g -Wall -Wextra -fno-tree-loop-distribute-patterns"

TRACE::2026-03-19.20:00:57::SCWBDomain::"Running Make libs in ps7_cortexa9_0/libsrc/coresightps_dcc_v1_11/src"

TRACE::2026-03-19.20:00:57::SCWBDomain::make -C ps7_cortexa9_0/libsrc/coresightps_dcc_v1_11/src -s libs  "SHELL=CMD" "COMPILER=arm-none-eabi-gcc" "ASSEMBLER=arm-none-e
TRACE::2026-03-19.20:00:57::SCWBDomain::abi-as" "ARCHIVER=arm-none-eabi-ar" "COMPILER_FLAGS=  -O2 -c" "EXTRA_COMPILER_FLAGS=-mcpu=cortex-a9 -mfpu=vfpv3 -mfloat-abi=har
TRACE::2026-03-19.20:00:57::SCWBDomain::d -nostartfiles -g -Wall -Wextra -fno-tree-loop-distribute-patterns"

TRACE::2026-03-19.20:00:57::SCWBDomain::"Running Make libs in ps7_cortexa9_0/libsrc/cpu_cortexa9_v2_12/src"

TRACE::2026-03-19.20:00:57::SCWBDomain::make -C ps7_cortexa9_0/libsrc/cpu_cortexa9_v2_12/src -s libs  "SHELL=CMD" "COMPILER=arm-none-eabi-gcc" "ASSEMBLER=arm-none-eabi
TRACE::2026-03-19.20:00:57::SCWBDomain::-as" "ARCHIVER=arm-none-eabi-ar" "COMPILER_FLAGS=  -O2 -c" "EXTRA_COMPILER_FLAGS=-mcpu=cortex-a9 -mfpu=vfpv3 -mfloat-abi=hard -
TRACE::2026-03-19.20:00:57::SCWBDomain::nostartfiles -g -Wall -Wextra -fno-tree-loop-distribute-patterns"

TRACE::2026-03-19.20:00:57::SCWBDomain::"Running Make libs in ps7_cortexa9_0/libsrc/ddrps_v1_2/src"

TRACE::2026-03-19.20:00:57::SCWBDomain::make -C ps7_cortexa9_0/libsrc/ddrps_v1_2/src -s libs  "SHELL=CMD" "COMPILER=arm-none-eabi-gcc" "ASSEMBLER=arm-none-eabi-as" "AR
TRACE::2026-03-19.20:00:57::SCWBDomain::CHIVER=arm-none-eabi-ar" "COMPILER_FLAGS=  -O2 -c" "EXTRA_COMPILER_FLAGS=-mcpu=cortex-a9 -mfpu=vfpv3 -mfloat-abi=hard -nostartf
TRACE::2026-03-19.20:00:57::SCWBDomain::iles -g -Wall -Wextra -fno-tree-loop-distribute-patterns"

TRACE::2026-03-19.20:00:57::SCWBDomain::"Running Make libs in ps7_cortexa9_0/libsrc/devcfg_v3_8/src"

TRACE::2026-03-19.20:00:57::SCWBDomain::make -C ps7_cortexa9_0/libsrc/devcfg_v3_8/src -s libs  "SHELL=CMD" "COMPILER=arm-none-eabi-gcc" "ASSEMBLER=arm-none-eabi-as" "A
TRACE::2026-03-19.20:00:57::SCWBDomain::RCHIVER=arm-none-eabi-ar" "COMPILER_FLAGS=  -O2 -c" "EXTRA_COMPILER_FLAGS=-mcpu=cortex-a9 -mfpu=vfpv3 -mfloat-abi=hard -nostart
TRACE::2026-03-19.20:00:57::SCWBDomain::files -g -Wall -Wextra -fno-tree-loop-distribute-patterns"

TRACE::2026-03-19.20:00:57::SCWBDomain::"Running Make libs in ps7_cortexa9_0/libsrc/dmaps_v2_11/src"

TRACE::2026-03-19.20:00:57::SCWBDomain::make -C ps7_cortexa9_0/libsrc/dmaps_v2_11/src -s libs  "SHELL=CMD" "COMPILER=arm-none-eabi-gcc" "ASSEMBLER=arm-none-eabi-as" "A
TRACE::2026-03-19.20:00:57::SCWBDomain::RCHIVER=arm-none-eabi-ar" "COMPILER_FLAGS=  -O2 -c" "EXTRA_COMPILER_FLAGS=-mcpu=cortex-a9 -mfpu=vfpv3 -mfloat-abi=hard -nostart
TRACE::2026-03-19.20:00:57::SCWBDomain::files -g -Wall -Wextra -fno-tree-loop-distribute-patterns"

TRACE::2026-03-19.20:00:57::SCWBDomain::"Running Make libs in ps7_cortexa9_0/libsrc/gpio_v4_12/src"

TRACE::2026-03-19.20:00:57::SCWBDomain::make -C ps7_cortexa9_0/libsrc/gpio_v4_12/src -s libs  "SHELL=CMD" "COMPILER=arm-none-eabi-gcc" "ASSEMBLER=arm-none-eabi-as" "AR
TRACE::2026-03-19.20:00:57::SCWBDomain::CHIVER=arm-none-eabi-ar" "COMPILER_FLAGS=  -O2 -c" "EXTRA_COMPILER_FLAGS=-mcpu=cortex-a9 -mfpu=vfpv3 -mfloat-abi=hard -nostartf
TRACE::2026-03-19.20:00:57::SCWBDomain::iles -g -Wall -Wextra -fno-tree-loop-distribute-patterns"

TRACE::2026-03-19.20:00:57::SCWBDomain::"Running Make libs in ps7_cortexa9_0/libsrc/scugic_v5_4/src"

TRACE::2026-03-19.20:00:57::SCWBDomain::make -C ps7_cortexa9_0/libsrc/scugic_v5_4/src -s libs  "SHELL=CMD" "COMPILER=arm-none-eabi-gcc" "ASSEMBLER=arm-none-eabi-as" "A
TRACE::2026-03-19.20:00:57::SCWBDomain::RCHIVER=arm-none-eabi-ar" "COMPILER_FLAGS=  -O2 -c" "EXTRA_COMPILER_FLAGS=-mcpu=cortex-a9 -mfpu=vfpv3 -mfloat-abi=hard -nostart
TRACE::2026-03-19.20:00:57::SCWBDomain::files -g -Wall -Wextra -fno-tree-loop-distribute-patterns"

TRACE::2026-03-19.20:00:57::SCWBDomain::"Running Make libs in ps7_cortexa9_0/libsrc/scutimer_v2_6/src"

TRACE::2026-03-19.20:00:57::SCWBDomain::make -C ps7_cortexa9_0/libsrc/scutimer_v2_6/src -s libs  "SHELL=CMD" "COMPILER=arm-none-eabi-gcc" "ASSEMBLER=arm-none-eabi-as" 
TRACE::2026-03-19.20:00:57::SCWBDomain::"ARCHIVER=arm-none-eabi-ar" "COMPILER_FLAGS=  -O2 -c" "EXTRA_COMPILER_FLAGS=-mcpu=cortex-a9 -mfpu=vfpv3 -mfloat-abi=hard -nosta
TRACE::2026-03-19.20:00:57::SCWBDomain::rtfiles -g -Wall -Wextra -fno-tree-loop-distribute-patterns"

TRACE::2026-03-19.20:00:57::SCWBDomain::"Running Make libs in ps7_cortexa9_0/libsrc/scuwdt_v2_6/src"

TRACE::2026-03-19.20:00:58::SCWBDomain::make -C ps7_cortexa9_0/libsrc/scuwdt_v2_6/src -s libs  "SHELL=CMD" "COMPILER=arm-none-eabi-gcc" "ASSEMBLER=arm-none-eabi-as" "A
TRACE::2026-03-19.20:00:58::SCWBDomain::RCHIVER=arm-none-eabi-ar" "COMPILER_FLAGS=  -O2 -c" "EXTRA_COMPILER_FLAGS=-mcpu=cortex-a9 -mfpu=vfpv3 -mfloat-abi=hard -nostart
TRACE::2026-03-19.20:00:58::SCWBDomain::files -g -Wall -Wextra -fno-tree-loop-distribute-patterns"

TRACE::2026-03-19.20:00:58::SCWBDomain::"Running Make libs in ps7_cortexa9_0/libsrc/sdps_v4_4/src"

TRACE::2026-03-19.20:00:58::SCWBDomain::make -C ps7_cortexa9_0/libsrc/sdps_v4_4/src -s libs  "SHELL=CMD" "COMPILER=arm-none-eabi-gcc" "ASSEMBLER=arm-none-eabi-as" "ARC
TRACE::2026-03-19.20:00:58::SCWBDomain::HIVER=arm-none-eabi-ar" "COMPILER_FLAGS=  -O2 -c" "EXTRA_COMPILER_FLAGS=-mcpu=cortex-a9 -mfpu=vfpv3 -mfloat-abi=hard -nostartfi
TRACE::2026-03-19.20:00:58::SCWBDomain::les -g -Wall -Wextra -fno-tree-loop-distribute-patterns"

TRACE::2026-03-19.20:00:59::SCWBDomain::"Running Make libs in ps7_cortexa9_0/libsrc/standalone_v9_2/src"

TRACE::2026-03-19.20:00:59::SCWBDomain::make -C ps7_cortexa9_0/libsrc/standalone_v9_2/src -s libs  "SHELL=CMD" "COMPILER=arm-none-eabi-gcc" "ASSEMBLER=arm-none-eabi-as
TRACE::2026-03-19.20:00:59::SCWBDomain::" "ARCHIVER=arm-none-eabi-ar" "COMPILER_FLAGS=  -O2 -c" "EXTRA_COMPILER_FLAGS=-mcpu=cortex-a9 -mfpu=vfpv3 -mfloat-abi=hard -nos
TRACE::2026-03-19.20:00:59::SCWBDomain::tartfiles -g -Wall -Wextra -fno-tree-loop-distribute-patterns"

TRACE::2026-03-19.20:00:59::SCWBDomain::"Running Make libs in ps7_cortexa9_0/libsrc/uartps_v3_15/src"

TRACE::2026-03-19.20:00:59::SCWBDomain::make -C ps7_cortexa9_0/libsrc/uartps_v3_15/src -s libs  "SHELL=CMD" "COMPILER=arm-none-eabi-gcc" "ASSEMBLER=arm-none-eabi-as" "
TRACE::2026-03-19.20:00:59::SCWBDomain::ARCHIVER=arm-none-eabi-ar" "COMPILER_FLAGS=  -O2 -c" "EXTRA_COMPILER_FLAGS=-mcpu=cortex-a9 -mfpu=vfpv3 -mfloat-abi=hard -nostar
TRACE::2026-03-19.20:00:59::SCWBDomain::tfiles -g -Wall -Wextra -fno-tree-loop-distribute-patterns"

TRACE::2026-03-19.20:00:59::SCWBDomain::"Running Make libs in ps7_cortexa9_0/libsrc/xadcps_v2_7/src"

TRACE::2026-03-19.20:00:59::SCWBDomain::make -C ps7_cortexa9_0/libsrc/xadcps_v2_7/src -s libs  "SHELL=CMD" "COMPILER=arm-none-eabi-gcc" "ASSEMBLER=arm-none-eabi-as" "A
TRACE::2026-03-19.20:00:59::SCWBDomain::RCHIVER=arm-none-eabi-ar" "COMPILER_FLAGS=  -O2 -c" "EXTRA_COMPILER_FLAGS=-mcpu=cortex-a9 -mfpu=vfpv3 -mfloat-abi=hard -nostart
TRACE::2026-03-19.20:00:59::SCWBDomain::files -g -Wall -Wextra -fno-tree-loop-distribute-patterns"

TRACE::2026-03-19.20:00:59::SCWBDomain::"Running Make libs in ps7_cortexa9_0/libsrc/xilffs_v5_3/src"

TRACE::2026-03-19.20:00:59::SCWBDomain::make -C ps7_cortexa9_0/libsrc/xilffs_v5_3/src -s libs  "SHELL=CMD" "COMPILER=arm-none-eabi-gcc" "ASSEMBLER=arm-none-eabi-as" "A
TRACE::2026-03-19.20:00:59::SCWBDomain::RCHIVER=arm-none-eabi-ar" "COMPILER_FLAGS=  -O2 -c" "EXTRA_COMPILER_FLAGS=-mcpu=cortex-a9 -mfpu=vfpv3 -mfloat-abi=hard -nostart
TRACE::2026-03-19.20:00:59::SCWBDomain::files -g -Wall -Wextra -fno-tree-loop-distribute-patterns"

TRACE::2026-03-19.20:01:01::SCWBDomain::'Finished building libraries parallelly.'

TRACE::2026-03-19.20:01:01::SCWBDomain::make --no-print-directory archive

TRACE::2026-03-19.20:01:01::SCWBDomain::arm-none-eabi-ar -r  ps7_cortexa9_0/lib/libxil.a ps7_cortexa9_0/lib/_exit.o ps7_cortexa9_0/lib/_open.o ps7_cortexa9_0/lib/_sbrk
TRACE::2026-03-19.20:01:01::SCWBDomain::.o ps7_cortexa9_0/lib/abort.o ps7_cortexa9_0/lib/asm_vectors.o ps7_cortexa9_0/lib/boot.o ps7_cortexa9_0/lib/close.o ps7_cortexa
TRACE::2026-03-19.20:01:01::SCWBDomain::9_0/lib/cpputest_time.o ps7_cortexa9_0/lib/cpu_init.o ps7_cortexa9_0/lib/errno.o ps7_cortexa9_0/lib/fcntl.o ps7_cortexa9_0/lib/
TRACE::2026-03-19.20:01:01::SCWBDomain::fstat.o ps7_cortexa9_0/lib/getentropy.o ps7_cortexa9_0/lib/getpid.o ps7_cortexa9_0/lib/gettimeofday.o ps7_cortexa9_0/lib/inbyte
TRACE::2026-03-19.20:01:01::SCWBDomain::.o ps7_cortexa9_0/lib/isatty.o ps7_cortexa9_0/lib/kill.o ps7_cortexa9_0/lib/lseek.o ps7_cortexa9_0/lib/open.o ps7_cortexa9_0/li
TRACE::2026-03-19.20:01:01::SCWBDomain::b/outbyte.o ps7_cortexa9_0/lib/print.o ps7_cortexa9_0/lib/putnum.o ps7_cortexa9_0/lib/read.o ps7_cortexa9_0/lib/sbrk.o ps7_cort
TRACE::2026-03-19.20:01:01::SCWBDomain::exa9_0/lib/sleep.o ps7_cortexa9_0/lib/time.o ps7_cortexa9_0/lib/translation_table.o ps7_cortexa9_0/lib/unlink.o ps7_cortexa9_0/
TRACE::2026-03-19.20:01:01::SCWBDomain::lib/usleep.o ps7_cortexa9_0/lib/vectors.o ps7_cortexa9_0/lib/write.o ps7_cortexa9_0/lib/xadcps.o ps7_cortexa9_0/lib/xadcps_g.o 
TRACE::2026-03-19.20:01:01::SCWBDomain::ps7_cortexa9_0/lib/xadcps_intr.o ps7_cortexa9_0/lib/xadcps_selftest.o ps7_cortexa9_0/lib/xadcps_sinit.o ps7_cortexa9_0/lib/xcor
TRACE::2026-03-19.20:01:01::SCWBDomain::esightpsdcc.o ps7_cortexa9_0/lib/xdevcfg.o ps7_cortexa9_0/lib/xdevcfg_g.o ps7_cortexa9_0/lib/xdevcfg_hw.o ps7_cortexa9_0/lib/xd
TRACE::2026-03-19.20:01:01::SCWBDomain::evcfg_intr.o ps7_cortexa9_0/lib/xdevcfg_selftest.o ps7_cortexa9_0/lib/xdevcfg_sinit.o ps7_cortexa9_0/lib/xdmaps.o ps7_cortexa9_
TRACE::2026-03-19.20:01:01::SCWBDomain::0/lib/xdmaps_g.o ps7_cortexa9_0/lib/xdmaps_hw.o ps7_cortexa9_0/lib/xdmaps_selftest.o ps7_cortexa9_0/lib/xdmaps_sinit.o ps7_cort
TRACE::2026-03-19.20:01:01::SCWBDomain::exa9_0/lib/xgpio.o ps7_cortexa9_0/lib/xgpio_extra.o ps7_cortexa9_0/lib/xgpio_g.o ps7_cortexa9_0/lib/xgpio_intr.o ps7_cortexa9_0
TRACE::2026-03-19.20:01:01::SCWBDomain::/lib/xgpio_selftest.o ps7_cortexa9_0/lib/xgpio_sinit.o ps7_cortexa9_0/lib/xil-crt0.o ps7_cortexa9_0/lib/xil_assert.o ps7_cortex
TRACE::2026-03-19.20:01:01::SCWBDomain::a9_0/lib/xil_cache.o ps7_cortexa9_0/lib/xil_clocking.o ps7_cortexa9_0/lib/xil_exception.o ps7_cortexa9_0/lib/xil_mem.o ps7_cort
TRACE::2026-03-19.20:01:01::SCWBDomain::exa9_0/lib/xil_misc_psreset_api.o ps7_cortexa9_0/lib/xil_mmu.o ps7_cortexa9_0/lib/xil_printf.o ps7_cortexa9_0/lib/xil_sleepcomm
TRACE::2026-03-19.20:01:01::SCWBDomain::on.o ps7_cortexa9_0/lib/xil_sleeptimer.o ps7_cortexa9_0/lib/xil_spinlock.o ps7_cortexa9_0/lib/xil_sutil.o ps7_cortexa9_0/lib/xi
TRACE::2026-03-19.20:01:01::SCWBDomain::l_testcache.o ps7_cortexa9_0/lib/xil_testio.o ps7_cortexa9_0/lib/xil_testmem.o ps7_cortexa9_0/lib/xil_util.o ps7_cortexa9_0/lib
TRACE::2026-03-19.20:01:01::SCWBDomain::/xinterrupt_wrap.o ps7_cortexa9_0/lib/xl2cc_counter.o ps7_cortexa9_0/lib/xplatform_info.o ps7_cortexa9_0/lib/xpm_counter.o ps7_
TRACE::2026-03-19.20:01:01::SCWBDomain::cortexa9_0/lib/xpm_init.o ps7_cortexa9_0/lib/xscugic.o ps7_cortexa9_0/lib/xscugic_g.o ps7_cortexa9_0/lib/xscugic_hw.o ps7_corte
TRACE::2026-03-19.20:01:01::SCWBDomain::xa9_0/lib/xscugic_intr.o ps7_cortexa9_0/lib/xscugic_selftest.o ps7_cortexa9_0/lib/xscugic_sinit.o ps7_cortexa9_0/lib/xscutimer.
TRACE::2026-03-19.20:01:01::SCWBDomain::o ps7_cortexa9_0/lib/xscutimer_g.o ps7_cortexa9_0/lib/xscutimer_selftest.o ps7_cortexa9_0/lib/xscutimer_sinit.o ps7_cortexa9_0/
TRACE::2026-03-19.20:01:01::SCWBDomain::lib/xscuwdt.o ps7_cortexa9_0/lib/xscuwdt_g.o ps7_cortexa9_0/lib/xscuwdt_selftest.o ps7_cortexa9_0/lib/xscuwdt_sinit.o ps7_corte
TRACE::2026-03-19.20:01:01::SCWBDomain::xa9_0/lib/xsdps.o ps7_cortexa9_0/lib/xsdps_card.o ps7_cortexa9_0/lib/xsdps_g.o ps7_cortexa9_0/lib/xsdps_host.o ps7_cortexa9_0/l
TRACE::2026-03-19.20:01:01::SCWBDomain::ib/xsdps_options.o ps7_cortexa9_0/lib/xsdps_sinit.o ps7_cortexa9_0/lib/xtime_l.o ps7_cortexa9_0/lib/xuartps.o ps7_cortexa9_0/li
TRACE::2026-03-19.20:01:01::SCWBDomain::b/xuartps_g.o ps7_cortexa9_0/lib/xuartps_hw.o ps7_cortexa9_0/lib/xuartps_intr.o ps7_cortexa9_0/lib/xuartps_options.o ps7_cortex
TRACE::2026-03-19.20:01:01::SCWBDomain::a9_0/lib/xuartps_selftest.o ps7_cortexa9_0/lib/xuartps_sinit.o

TRACE::2026-03-19.20:01:01::SCWBDomain::'Finished building libraries'

TRACE::2026-03-19.20:01:01::SCWBDomain::make: Leaving directory 'E:/Git-Repos/CNC-FPGA/Vitis3/CNC-FPGA-FINAL-RELEASE/zynq_fsbl/zynq_fsbl_bsp'

TRACE::2026-03-19.20:01:01::SCWBDomain::arm-none-eabi-gcc  -O2 -c -MMD -MP       -mcpu=cortex-a9 -mfpu=vfpv3 -mfloat-abi=hard  -c sd.c -o sd.o -Izynq_fsbl_bsp/ps7_cort
TRACE::2026-03-19.20:01:01::SCWBDomain::exa9_0/include -I.

TRACE::2026-03-19.20:01:01::SCWBDomain::arm-none-eabi-gcc  -O2 -c -MMD -MP       -mcpu=cortex-a9 -mfpu=vfpv3 -mfloat-abi=hard  -c nand.c -o nand.o -Izynq_fsbl_bsp/ps7_
TRACE::2026-03-19.20:01:01::SCWBDomain::cortexa9_0/include -I.

TRACE::2026-03-19.20:01:01::SCWBDomain::arm-none-eabi-gcc  -O2 -c -MMD -MP       -mcpu=cortex-a9 -mfpu=vfpv3 -mfloat-abi=hard  -c nor.c -o nor.o -Izynq_fsbl_bsp/ps7_co
TRACE::2026-03-19.20:01:01::SCWBDomain::rtexa9_0/include -I.

TRACE::2026-03-19.20:01:01::SCWBDomain::arm-none-eabi-gcc  -O2 -c -MMD -MP       -mcpu=cortex-a9 -mfpu=vfpv3 -mfloat-abi=hard  -c image_mover.c -o image_mover.o -Izynq
TRACE::2026-03-19.20:01:01::SCWBDomain::_fsbl_bsp/ps7_cortexa9_0/include -I.

TRACE::2026-03-19.20:01:02::SCWBDomain::arm-none-eabi-gcc  -O2 -c -MMD -MP       -mcpu=cortex-a9 -mfpu=vfpv3 -mfloat-abi=hard  -c md5.c -o md5.o -Izynq_fsbl_bsp/ps7_co
TRACE::2026-03-19.20:01:02::SCWBDomain::rtexa9_0/include -I.

TRACE::2026-03-19.20:01:02::SCWBDomain::arm-none-eabi-gcc  -O2 -c -MMD -MP       -mcpu=cortex-a9 -mfpu=vfpv3 -mfloat-abi=hard  -c fsbl_hooks.c -o fsbl_hooks.o -Izynq_f
TRACE::2026-03-19.20:01:02::SCWBDomain::sbl_bsp/ps7_cortexa9_0/include -I.

TRACE::2026-03-19.20:01:02::SCWBDomain::arm-none-eabi-gcc  -O2 -c -MMD -MP       -mcpu=cortex-a9 -mfpu=vfpv3 -mfloat-abi=hard  -c main.c -o main.o -Izynq_fsbl_bsp/ps7_
TRACE::2026-03-19.20:01:02::SCWBDomain::cortexa9_0/include -I.

TRACE::2026-03-19.20:01:14::SCWBDomain::arm-none-eabi-gcc  -O2 -c -MMD -MP       -mcpu=cortex-a9 -mfpu=vfpv3 -mfloat-abi=hard  -c rsa.c -o rsa.o -Izynq_fsbl_bsp/ps7_co
TRACE::2026-03-19.20:01:14::SCWBDomain::rtexa9_0/include -I.

TRACE::2026-03-19.20:01:14::SCWBDomain::arm-none-eabi-gcc  -O2 -c -MMD -MP       -mcpu=cortex-a9 -mfpu=vfpv3 -mfloat-abi=hard  -c qspi.c -o qspi.o -Izynq_fsbl_bsp/ps7_
TRACE::2026-03-19.20:01:14::SCWBDomain::cortexa9_0/include -I.

TRACE::2026-03-19.20:01:14::SCWBDomain::arm-none-eabi-gcc  -O2 -c -MMD -MP       -mcpu=cortex-a9 -mfpu=vfpv3 -mfloat-abi=hard  -c ps7_init.c -o ps7_init.o -Izynq_fsbl_
TRACE::2026-03-19.20:01:14::SCWBDomain::bsp/ps7_cortexa9_0/include -I.

TRACE::2026-03-19.20:01:14::SCWBDomain::arm-none-eabi-gcc  -O2 -c -MMD -MP       -mcpu=cortex-a9 -mfpu=vfpv3 -mfloat-abi=hard  -c pcap.c -o pcap.o -Izynq_fsbl_bsp/ps7_
TRACE::2026-03-19.20:01:14::SCWBDomain::cortexa9_0/include -I.

TRACE::2026-03-19.20:01:15::SCWBDomain::arm-none-eabi-gcc  -O2 -c -MMD -MP       -mcpu=cortex-a9 -mfpu=vfpv3 -mfloat-abi=hard  -c fsbl_handoff.S -o fsbl_handoff.o -Izy
TRACE::2026-03-19.20:01:15::SCWBDomain::nq_fsbl_bsp/ps7_cortexa9_0/include -I.

TRACE::2026-03-19.20:01:15::SCWBDomain::arm-none-eabi-gcc -o fsbl.elf fsbl_handoff.o fsbl_hooks.o image_mover.o main.o md5.o nand.o nor.o pcap.o ps7_init.o qspi.o rsa.
TRACE::2026-03-19.20:01:15::SCWBDomain::o sd.o -MMD -MP       -mcpu=cortex-a9 -mfpu=vfpv3 -mfloat-abi=hard   -mcpu=cortex-a9 -mfpu=vfpv3 -mfloat-abi=hard -Wl,-build-id
TRACE::2026-03-19.20:01:15::SCWBDomain::=none -specs=Xilinx.spec  -lrsa -Wl,--start-group,-lxil,-lgcc,-lc,--end-group -Wl,--start-group,-lxilffs,-lxil,-lgcc,-lc,--end-
TRACE::2026-03-19.20:01:15::SCWBDomain::group -Wl,--start-group,-lrsa,-lxil,-lgcc,-lc,--end-group                                        -Wl,--gc-sections -Lzynq_fsbl_
TRACE::2026-03-19.20:01:15::SCWBDomain::bsp/ps7_cortexa9_0/lib -L./ -Tlscript.ld

LOG::2026-03-19.20:01:15::SCWSystem::Checking the domain standalone_domain
LOG::2026-03-19.20:01:15::SCWSystem::Not a boot domain 
LOG::2026-03-19.20:01:15::SCWSystem::Started Processing the domain standalone_domain
TRACE::2026-03-19.20:01:15::SCWDomain::Generating domain artifcats
TRACE::2026-03-19.20:01:15::SCWMssOS::Generating standalone artifcats
TRACE::2026-03-19.20:01:15::SCWMssOS::Copying the qemu file from  E:/Git-Repos/CNC-FPGA/Vitis3/CNC-FPGA-FINAL-RELEASE/resources/CNC-FPGA-FINAL-RELEASE/standalone_domain/qemu_args.txt To E:/Git-Repos/CNC-FPGA/Vitis3/CNC-FPGA-FINAL-RELEASE/export/CNC-FPGA-FINAL-RELEASE/sw/CNC-FPGA-FINAL-RELEASE/qemu/
TRACE::2026-03-19.20:01:15::SCWMssOS::Copying the qemu file from  E:/Git-Repos/CNC-FPGA/Vitis3/CNC-FPGA-FINAL-RELEASE/resources/CNC-FPGA-FINAL-RELEASE/standalone_domain/qemu_args.txt To E:/Git-Repos/CNC-FPGA/Vitis3/CNC-FPGA-FINAL-RELEASE/export/CNC-FPGA-FINAL-RELEASE/sw/CNC-FPGA-FINAL-RELEASE/standalone_domain/qemu/
TRACE::2026-03-19.20:01:15::SCWMssOS:: Copying the user libraries. 
TRACE::2026-03-19.20:01:15::SCWPlatform::Trying to open the hw design at E:/Git-Repos/CNC-FPGA/Vitis3/CNC-FPGA-FINAL-RELEASE/hw/CNC-FPGA-FINAL-RELEASE.xsa
TRACE::2026-03-19.20:01:15::SCWPlatform::DSA given E:/Git-Repos/CNC-FPGA/Vitis3/CNC-FPGA-FINAL-RELEASE/hw/CNC-FPGA-FINAL-RELEASE.xsa
TRACE::2026-03-19.20:01:15::SCWPlatform::DSA absoulate path E:/Git-Repos/CNC-FPGA/Vitis3/CNC-FPGA-FINAL-RELEASE/hw/CNC-FPGA-FINAL-RELEASE.xsa
TRACE::2026-03-19.20:01:15::SCWPlatform::DSA directory E:/Git-Repos/CNC-FPGA/Vitis3/CNC-FPGA-FINAL-RELEASE/hw
TRACE::2026-03-19.20:01:15::SCWPlatform:: Platform Path E:/Git-Repos/CNC-FPGA/Vitis3/CNC-FPGA-FINAL-RELEASE/hw/CNC-FPGA-FINAL-RELEASE.xsa
TRACE::2026-03-19.20:01:15::SCWPlatform:: Unique name xilinx:zedboard::0.0
TRACE::2026-03-19.20:01:15::SCWPlatform::Trying to set the existing hwdb with name CNC_Top_wrapper_1
TRACE::2026-03-19.20:01:15::SCWPlatform::Opened existing hwdb CNC_Top_wrapper_1
TRACE::2026-03-19.20:01:15::SCWPlatform::Found the Hw Db part of the input DSA
TRACE::2026-03-19.20:01:15::SCWMssOS::Checking the sw design at  E:/Git-Repos/CNC-FPGA/Vitis3/CNC-FPGA-FINAL-RELEASE/ps7_cortexa9_0/standalone_domain/bsp/system.mss
TRACE::2026-03-19.20:01:15::SCWMssOS::DEBUG:  swdes dump  E:/Git-Repos/CNC-FPGA/Vitis3/CNC-FPGA-FINAL-RELEASE/zynq_fsbl/zynq_fsbl_bsp/system.mss|system_0||

TRACE::2026-03-19.20:01:15::SCWMssOS::No sw design opened at  E:/Git-Repos/CNC-FPGA/Vitis3/CNC-FPGA-FINAL-RELEASE/ps7_cortexa9_0/standalone_domain/bsp/system.mss
TRACE::2026-03-19.20:01:15::SCWMssOS::mss exists loading the mss file  E:/Git-Repos/CNC-FPGA/Vitis3/CNC-FPGA-FINAL-RELEASE/ps7_cortexa9_0/standalone_domain/bsp/system.mss
TRACE::2026-03-19.20:01:15::SCWMssOS::Opened the sw design from mss  E:/Git-Repos/CNC-FPGA/Vitis3/CNC-FPGA-FINAL-RELEASE/ps7_cortexa9_0/standalone_domain/bsp/system.mss
TRACE::2026-03-19.20:01:15::SCWMssOS::Adding the swdes entry E:/Git-Repos/CNC-FPGA/Vitis3/CNC-FPGA-FINAL-RELEASE/ps7_cortexa9_0/standalone_domain/bsp/system.mss with des name system
TRACE::2026-03-19.20:01:15::SCWMssOS::updating the scw layer about changes
TRACE::2026-03-19.20:01:16::SCWMssOS::Opened the sw design.  E:/Git-Repos/CNC-FPGA/Vitis3/CNC-FPGA-FINAL-RELEASE/ps7_cortexa9_0/standalone_domain/bsp/system.mss
TRACE::2026-03-19.20:01:16::SCWMssOS::Completed writing the mss file at E:/Git-Repos/CNC-FPGA/Vitis3/CNC-FPGA-FINAL-RELEASE/ps7_cortexa9_0/standalone_domain/bsp
TRACE::2026-03-19.20:01:16::SCWMssOS::Mss edits present, copying mssfile into export location E:/Git-Repos/CNC-FPGA/Vitis3/CNC-FPGA-FINAL-RELEASE/ps7_cortexa9_0/standalone_domain/bsp/system.mss
TRACE::2026-03-19.20:01:16::SCWMssOS::bsp generated is upto date with the mss file. Skipping bsp generation.
TRACE::2026-03-19.20:01:16::SCWMssOS::BSP is already built. skipping the bsp build ... 
TRACE::2026-03-19.20:01:16::SCWDomain::Building the domain as part of full build :  standalone_domain
TRACE::2026-03-19.20:01:16::SCWMssOS::doing bsp build ... 
TRACE::2026-03-19.20:01:16::SCWMssOS::System Command Ran  E: & cd  E:/Git-Repos/CNC-FPGA/Vitis3/CNC-FPGA-FINAL-RELEASE/ps7_cortexa9_0/standalone_domain/bsp & make 
TRACE::2026-03-19.20:01:16::SCWMssOS::make --no-print-directory seq_libs

TRACE::2026-03-19.20:01:16::SCWMssOS::'Finished building libraries sequentially.'

TRACE::2026-03-19.20:01:16::SCWMssOS::make -j 22 --no-print-directory par_libs

TRACE::2026-03-19.20:01:16::SCWMssOS::"Running Make include in ps7_cortexa9_0/libsrc/coresightps_dcc_v1_11/src"

TRACE::2026-03-19.20:01:16::SCWMssOS::make -C ps7_cortexa9_0/libsrc/coresightps_dcc_v1_11/src -s include  "SHELL=CMD" "COMPILER=arm-none-eabi-gcc" "ASSEMBLER=arm-non
TRACE::2026-03-19.20:01:16::SCWMssOS::e-eabi-as" "ARCHIVER=arm-none-eabi-ar" "COMPILER_FLAGS=  -O2 -c" "EXTRA_COMPILER_FLAGS=-mcpu=cortex-a9 -mfpu=vfpv3 -mfloat-abi=
TRACE::2026-03-19.20:01:16::SCWMssOS::hard -nostartfiles -g -Wall -Wextra -fno-tree-loop-distribute-patterns"

TRACE::2026-03-19.20:01:16::SCWMssOS::"Running Make include in ps7_cortexa9_0/libsrc/cpu_cortexa9_v2_12/src"

TRACE::2026-03-19.20:01:16::SCWMssOS::make -C ps7_cortexa9_0/libsrc/cpu_cortexa9_v2_12/src -s include  "SHELL=CMD" "COMPILER=arm-none-eabi-gcc" "ASSEMBLER=arm-none-e
TRACE::2026-03-19.20:01:16::SCWMssOS::abi-as" "ARCHIVER=arm-none-eabi-ar" "COMPILER_FLAGS=  -O2 -c" "EXTRA_COMPILER_FLAGS=-mcpu=cortex-a9 -mfpu=vfpv3 -mfloat-abi=har
TRACE::2026-03-19.20:01:16::SCWMssOS::d -nostartfiles -g -Wall -Wextra -fno-tree-loop-distribute-patterns"

TRACE::2026-03-19.20:01:16::SCWMssOS::"Running Make include in ps7_cortexa9_0/libsrc/ddrps_v1_2/src"

TRACE::2026-03-19.20:01:16::SCWMssOS::make -C ps7_cortexa9_0/libsrc/ddrps_v1_2/src -s include  "SHELL=CMD" "COMPILER=arm-none-eabi-gcc" "ASSEMBLER=arm-none-eabi-as" 
TRACE::2026-03-19.20:01:16::SCWMssOS::"ARCHIVER=arm-none-eabi-ar" "COMPILER_FLAGS=  -O2 -c" "EXTRA_COMPILER_FLAGS=-mcpu=cortex-a9 -mfpu=vfpv3 -mfloat-abi=hard -nosta
TRACE::2026-03-19.20:01:16::SCWMssOS::rtfiles -g -Wall -Wextra -fno-tree-loop-distribute-patterns"

TRACE::2026-03-19.20:01:16::SCWMssOS::"Running Make include in ps7_cortexa9_0/libsrc/devcfg_v3_8/src"

TRACE::2026-03-19.20:01:16::SCWMssOS::make -C ps7_cortexa9_0/libsrc/devcfg_v3_8/src -s include  "SHELL=CMD" "COMPILER=arm-none-eabi-gcc" "ASSEMBLER=arm-none-eabi-as"
TRACE::2026-03-19.20:01:16::SCWMssOS:: "ARCHIVER=arm-none-eabi-ar" "COMPILER_FLAGS=  -O2 -c" "EXTRA_COMPILER_FLAGS=-mcpu=cortex-a9 -mfpu=vfpv3 -mfloat-abi=hard -nost
TRACE::2026-03-19.20:01:16::SCWMssOS::artfiles -g -Wall -Wextra -fno-tree-loop-distribute-patterns"

TRACE::2026-03-19.20:01:16::SCWMssOS::"Running Make include in ps7_cortexa9_0/libsrc/dmaps_v2_11/src"

TRACE::2026-03-19.20:01:16::SCWMssOS::make -C ps7_cortexa9_0/libsrc/dmaps_v2_11/src -s include  "SHELL=CMD" "COMPILER=arm-none-eabi-gcc" "ASSEMBLER=arm-none-eabi-as"
TRACE::2026-03-19.20:01:16::SCWMssOS:: "ARCHIVER=arm-none-eabi-ar" "COMPILER_FLAGS=  -O2 -c" "EXTRA_COMPILER_FLAGS=-mcpu=cortex-a9 -mfpu=vfpv3 -mfloat-abi=hard -nost
TRACE::2026-03-19.20:01:16::SCWMssOS::artfiles -g -Wall -Wextra -fno-tree-loop-distribute-patterns"

TRACE::2026-03-19.20:01:16::SCWMssOS::"Running Make include in ps7_cortexa9_0/libsrc/gpio_v4_12/src"

TRACE::2026-03-19.20:01:16::SCWMssOS::make -C ps7_cortexa9_0/libsrc/gpio_v4_12/src -s include  "SHELL=CMD" "COMPILER=arm-none-eabi-gcc" "ASSEMBLER=arm-none-eabi-as" 
TRACE::2026-03-19.20:01:16::SCWMssOS::"ARCHIVER=arm-none-eabi-ar" "COMPILER_FLAGS=  -O2 -c" "EXTRA_COMPILER_FLAGS=-mcpu=cortex-a9 -mfpu=vfpv3 -mfloat-abi=hard -nosta
TRACE::2026-03-19.20:01:16::SCWMssOS::rtfiles -g -Wall -Wextra -fno-tree-loop-distribute-patterns"

TRACE::2026-03-19.20:01:16::SCWMssOS::"Running Make include in ps7_cortexa9_0/libsrc/scugic_v5_4/src"

TRACE::2026-03-19.20:01:16::SCWMssOS::make -C ps7_cortexa9_0/libsrc/scugic_v5_4/src -s include  "SHELL=CMD" "COMPILER=arm-none-eabi-gcc" "ASSEMBLER=arm-none-eabi-as"
TRACE::2026-03-19.20:01:16::SCWMssOS:: "ARCHIVER=arm-none-eabi-ar" "COMPILER_FLAGS=  -O2 -c" "EXTRA_COMPILER_FLAGS=-mcpu=cortex-a9 -mfpu=vfpv3 -mfloat-abi=hard -nost
TRACE::2026-03-19.20:01:16::SCWMssOS::artfiles -g -Wall -Wextra -fno-tree-loop-distribute-patterns"

TRACE::2026-03-19.20:01:16::SCWMssOS::"Running Make include in ps7_cortexa9_0/libsrc/scutimer_v2_6/src"

TRACE::2026-03-19.20:01:16::SCWMssOS::make -C ps7_cortexa9_0/libsrc/scutimer_v2_6/src -s include  "SHELL=CMD" "COMPILER=arm-none-eabi-gcc" "ASSEMBLER=arm-none-eabi-a
TRACE::2026-03-19.20:01:16::SCWMssOS::s" "ARCHIVER=arm-none-eabi-ar" "COMPILER_FLAGS=  -O2 -c" "EXTRA_COMPILER_FLAGS=-mcpu=cortex-a9 -mfpu=vfpv3 -mfloat-abi=hard -no
TRACE::2026-03-19.20:01:16::SCWMssOS::startfiles -g -Wall -Wextra -fno-tree-loop-distribute-patterns"

TRACE::2026-03-19.20:01:16::SCWMssOS::"Running Make include in ps7_cortexa9_0/libsrc/scuwdt_v2_6/src"

TRACE::2026-03-19.20:01:16::SCWMssOS::make -C ps7_cortexa9_0/libsrc/scuwdt_v2_6/src -s include  "SHELL=CMD" "COMPILER=arm-none-eabi-gcc" "ASSEMBLER=arm-none-eabi-as"
TRACE::2026-03-19.20:01:16::SCWMssOS:: "ARCHIVER=arm-none-eabi-ar" "COMPILER_FLAGS=  -O2 -c" "EXTRA_COMPILER_FLAGS=-mcpu=cortex-a9 -mfpu=vfpv3 -mfloat-abi=hard -nost
TRACE::2026-03-19.20:01:16::SCWMssOS::artfiles -g -Wall -Wextra -fno-tree-loop-distribute-patterns"

TRACE::2026-03-19.20:01:16::SCWMssOS::"Running Make include in ps7_cortexa9_0/libsrc/sdps_v4_4/src"

TRACE::2026-03-19.20:01:16::SCWMssOS::make -C ps7_cortexa9_0/libsrc/sdps_v4_4/src -s include  "SHELL=CMD" "COMPILER=arm-none-eabi-gcc" "ASSEMBLER=arm-none-eabi-as" "
TRACE::2026-03-19.20:01:16::SCWMssOS::ARCHIVER=arm-none-eabi-ar" "COMPILER_FLAGS=  -O2 -c" "EXTRA_COMPILER_FLAGS=-mcpu=cortex-a9 -mfpu=vfpv3 -mfloat-abi=hard -nostar
TRACE::2026-03-19.20:01:16::SCWMssOS::tfiles -g -Wall -Wextra -fno-tree-loop-distribute-patterns"

TRACE::2026-03-19.20:01:16::SCWMssOS::"Running Make include in ps7_cortexa9_0/libsrc/standalone_v9_2/src"

TRACE::2026-03-19.20:01:16::SCWMssOS::make -C ps7_cortexa9_0/libsrc/standalone_v9_2/src -s include  "SHELL=CMD" "COMPILER=arm-none-eabi-gcc" "ASSEMBLER=arm-none-eabi
TRACE::2026-03-19.20:01:16::SCWMssOS::-as" "ARCHIVER=arm-none-eabi-ar" "COMPILER_FLAGS=  -O2 -c" "EXTRA_COMPILER_FLAGS=-mcpu=cortex-a9 -mfpu=vfpv3 -mfloat-abi=hard -
TRACE::2026-03-19.20:01:16::SCWMssOS::nostartfiles -g -Wall -Wextra -fno-tree-loop-distribute-patterns"

TRACE::2026-03-19.20:01:16::SCWMssOS::"Running Make include in ps7_cortexa9_0/libsrc/uartps_v3_15/src"

TRACE::2026-03-19.20:01:16::SCWMssOS::make -C ps7_cortexa9_0/libsrc/uartps_v3_15/src -s include  "SHELL=CMD" "COMPILER=arm-none-eabi-gcc" "ASSEMBLER=arm-none-eabi-as
TRACE::2026-03-19.20:01:16::SCWMssOS::" "ARCHIVER=arm-none-eabi-ar" "COMPILER_FLAGS=  -O2 -c" "EXTRA_COMPILER_FLAGS=-mcpu=cortex-a9 -mfpu=vfpv3 -mfloat-abi=hard -nos
TRACE::2026-03-19.20:01:16::SCWMssOS::tartfiles -g -Wall -Wextra -fno-tree-loop-distribute-patterns"

TRACE::2026-03-19.20:01:16::SCWMssOS::"Running Make include in ps7_cortexa9_0/libsrc/xadcps_v2_7/src"

TRACE::2026-03-19.20:01:16::SCWMssOS::make -C ps7_cortexa9_0/libsrc/xadcps_v2_7/src -s include  "SHELL=CMD" "COMPILER=arm-none-eabi-gcc" "ASSEMBLER=arm-none-eabi-as"
TRACE::2026-03-19.20:01:16::SCWMssOS:: "ARCHIVER=arm-none-eabi-ar" "COMPILER_FLAGS=  -O2 -c" "EXTRA_COMPILER_FLAGS=-mcpu=cortex-a9 -mfpu=vfpv3 -mfloat-abi=hard -nost
TRACE::2026-03-19.20:01:16::SCWMssOS::artfiles -g -Wall -Wextra -fno-tree-loop-distribute-patterns"

TRACE::2026-03-19.20:01:16::SCWMssOS::"Running Make include in ps7_cortexa9_0/libsrc/xilffs_v5_3/src"

TRACE::2026-03-19.20:01:16::SCWMssOS::make -C ps7_cortexa9_0/libsrc/xilffs_v5_3/src -s include  "SHELL=CMD" "COMPILER=arm-none-eabi-gcc" "ASSEMBLER=arm-none-eabi-as"
TRACE::2026-03-19.20:01:16::SCWMssOS:: "ARCHIVER=arm-none-eabi-ar" "COMPILER_FLAGS=  -O2 -c" "EXTRA_COMPILER_FLAGS=-mcpu=cortex-a9 -mfpu=vfpv3 -mfloat-abi=hard -nost
TRACE::2026-03-19.20:01:16::SCWMssOS::artfiles -g -Wall -Wextra -fno-tree-loop-distribute-patterns"

TRACE::2026-03-19.20:01:16::SCWMssOS::"Running Make libs in ps7_cortexa9_0/libsrc/coresightps_dcc_v1_11/src"

TRACE::2026-03-19.20:01:16::SCWMssOS::make -C ps7_cortexa9_0/libsrc/coresightps_dcc_v1_11/src -s libs  "SHELL=CMD" "COMPILER=arm-none-eabi-gcc" "ASSEMBLER=arm-none-e
TRACE::2026-03-19.20:01:16::SCWMssOS::abi-as" "ARCHIVER=arm-none-eabi-ar" "COMPILER_FLAGS=  -O2 -c" "EXTRA_COMPILER_FLAGS=-mcpu=cortex-a9 -mfpu=vfpv3 -mfloat-abi=har
TRACE::2026-03-19.20:01:16::SCWMssOS::d -nostartfiles -g -Wall -Wextra -fno-tree-loop-distribute-patterns"

TRACE::2026-03-19.20:01:16::SCWMssOS::"Running Make libs in ps7_cortexa9_0/libsrc/cpu_cortexa9_v2_12/src"

TRACE::2026-03-19.20:01:16::SCWMssOS::make -C ps7_cortexa9_0/libsrc/cpu_cortexa9_v2_12/src -s libs  "SHELL=CMD" "COMPILER=arm-none-eabi-gcc" "ASSEMBLER=arm-none-eabi
TRACE::2026-03-19.20:01:16::SCWMssOS::-as" "ARCHIVER=arm-none-eabi-ar" "COMPILER_FLAGS=  -O2 -c" "EXTRA_COMPILER_FLAGS=-mcpu=cortex-a9 -mfpu=vfpv3 -mfloat-abi=hard -
TRACE::2026-03-19.20:01:16::SCWMssOS::nostartfiles -g -Wall -Wextra -fno-tree-loop-distribute-patterns"

TRACE::2026-03-19.20:01:16::SCWMssOS::"Running Make libs in ps7_cortexa9_0/libsrc/ddrps_v1_2/src"

TRACE::2026-03-19.20:01:16::SCWMssOS::make -C ps7_cortexa9_0/libsrc/ddrps_v1_2/src -s libs  "SHELL=CMD" "COMPILER=arm-none-eabi-gcc" "ASSEMBLER=arm-none-eabi-as" "AR
TRACE::2026-03-19.20:01:16::SCWMssOS::CHIVER=arm-none-eabi-ar" "COMPILER_FLAGS=  -O2 -c" "EXTRA_COMPILER_FLAGS=-mcpu=cortex-a9 -mfpu=vfpv3 -mfloat-abi=hard -nostartf
TRACE::2026-03-19.20:01:16::SCWMssOS::iles -g -Wall -Wextra -fno-tree-loop-distribute-patterns"

TRACE::2026-03-19.20:01:16::SCWMssOS::"Running Make libs in ps7_cortexa9_0/libsrc/devcfg_v3_8/src"

TRACE::2026-03-19.20:01:16::SCWMssOS::make -C ps7_cortexa9_0/libsrc/devcfg_v3_8/src -s libs  "SHELL=CMD" "COMPILER=arm-none-eabi-gcc" "ASSEMBLER=arm-none-eabi-as" "A
TRACE::2026-03-19.20:01:16::SCWMssOS::RCHIVER=arm-none-eabi-ar" "COMPILER_FLAGS=  -O2 -c" "EXTRA_COMPILER_FLAGS=-mcpu=cortex-a9 -mfpu=vfpv3 -mfloat-abi=hard -nostart
TRACE::2026-03-19.20:01:16::SCWMssOS::files -g -Wall -Wextra -fno-tree-loop-distribute-patterns"

TRACE::2026-03-19.20:01:16::SCWMssOS::"Running Make libs in ps7_cortexa9_0/libsrc/dmaps_v2_11/src"

TRACE::2026-03-19.20:01:16::SCWMssOS::make -C ps7_cortexa9_0/libsrc/dmaps_v2_11/src -s libs  "SHELL=CMD" "COMPILER=arm-none-eabi-gcc" "ASSEMBLER=arm-none-eabi-as" "A
TRACE::2026-03-19.20:01:16::SCWMssOS::RCHIVER=arm-none-eabi-ar" "COMPILER_FLAGS=  -O2 -c" "EXTRA_COMPILER_FLAGS=-mcpu=cortex-a9 -mfpu=vfpv3 -mfloat-abi=hard -nostart
TRACE::2026-03-19.20:01:16::SCWMssOS::files -g -Wall -Wextra -fno-tree-loop-distribute-patterns"

TRACE::2026-03-19.20:01:16::SCWMssOS::"Running Make libs in ps7_cortexa9_0/libsrc/gpio_v4_12/src"

TRACE::2026-03-19.20:01:16::SCWMssOS::make -C ps7_cortexa9_0/libsrc/gpio_v4_12/src -s libs  "SHELL=CMD" "COMPILER=arm-none-eabi-gcc" "ASSEMBLER=arm-none-eabi-as" "AR
TRACE::2026-03-19.20:01:16::SCWMssOS::CHIVER=arm-none-eabi-ar" "COMPILER_FLAGS=  -O2 -c" "EXTRA_COMPILER_FLAGS=-mcpu=cortex-a9 -mfpu=vfpv3 -mfloat-abi=hard -nostartf
TRACE::2026-03-19.20:01:16::SCWMssOS::iles -g -Wall -Wextra -fno-tree-loop-distribute-patterns"

TRACE::2026-03-19.20:01:16::SCWMssOS::"Running Make libs in ps7_cortexa9_0/libsrc/scugic_v5_4/src"

TRACE::2026-03-19.20:01:16::SCWMssOS::make -C ps7_cortexa9_0/libsrc/scugic_v5_4/src -s libs  "SHELL=CMD" "COMPILER=arm-none-eabi-gcc" "ASSEMBLER=arm-none-eabi-as" "A
TRACE::2026-03-19.20:01:16::SCWMssOS::RCHIVER=arm-none-eabi-ar" "COMPILER_FLAGS=  -O2 -c" "EXTRA_COMPILER_FLAGS=-mcpu=cortex-a9 -mfpu=vfpv3 -mfloat-abi=hard -nostart
TRACE::2026-03-19.20:01:16::SCWMssOS::files -g -Wall -Wextra -fno-tree-loop-distribute-patterns"

TRACE::2026-03-19.20:01:16::SCWMssOS::"Running Make libs in ps7_cortexa9_0/libsrc/scutimer_v2_6/src"

TRACE::2026-03-19.20:01:16::SCWMssOS::make -C ps7_cortexa9_0/libsrc/scutimer_v2_6/src -s libs  "SHELL=CMD" "COMPILER=arm-none-eabi-gcc" "ASSEMBLER=arm-none-eabi-as" 
TRACE::2026-03-19.20:01:16::SCWMssOS::"ARCHIVER=arm-none-eabi-ar" "COMPILER_FLAGS=  -O2 -c" "EXTRA_COMPILER_FLAGS=-mcpu=cortex-a9 -mfpu=vfpv3 -mfloat-abi=hard -nosta
TRACE::2026-03-19.20:01:16::SCWMssOS::rtfiles -g -Wall -Wextra -fno-tree-loop-distribute-patterns"

TRACE::2026-03-19.20:01:17::SCWMssOS::"Running Make libs in ps7_cortexa9_0/libsrc/scuwdt_v2_6/src"

TRACE::2026-03-19.20:01:17::SCWMssOS::make -C ps7_cortexa9_0/libsrc/scuwdt_v2_6/src -s libs  "SHELL=CMD" "COMPILER=arm-none-eabi-gcc" "ASSEMBLER=arm-none-eabi-as" "A
TRACE::2026-03-19.20:01:17::SCWMssOS::RCHIVER=arm-none-eabi-ar" "COMPILER_FLAGS=  -O2 -c" "EXTRA_COMPILER_FLAGS=-mcpu=cortex-a9 -mfpu=vfpv3 -mfloat-abi=hard -nostart
TRACE::2026-03-19.20:01:17::SCWMssOS::files -g -Wall -Wextra -fno-tree-loop-distribute-patterns"

TRACE::2026-03-19.20:01:17::SCWMssOS::"Running Make libs in ps7_cortexa9_0/libsrc/sdps_v4_4/src"

TRACE::2026-03-19.20:01:17::SCWMssOS::make -C ps7_cortexa9_0/libsrc/sdps_v4_4/src -s libs  "SHELL=CMD" "COMPILER=arm-none-eabi-gcc" "ASSEMBLER=arm-none-eabi-as" "ARC
TRACE::2026-03-19.20:01:17::SCWMssOS::HIVER=arm-none-eabi-ar" "COMPILER_FLAGS=  -O2 -c" "EXTRA_COMPILER_FLAGS=-mcpu=cortex-a9 -mfpu=vfpv3 -mfloat-abi=hard -nostartfi
TRACE::2026-03-19.20:01:17::SCWMssOS::les -g -Wall -Wextra -fno-tree-loop-distribute-patterns"

TRACE::2026-03-19.20:01:17::SCWMssOS::"Running Make libs in ps7_cortexa9_0/libsrc/standalone_v9_2/src"

TRACE::2026-03-19.20:01:17::SCWMssOS::make -C ps7_cortexa9_0/libsrc/standalone_v9_2/src -s libs  "SHELL=CMD" "COMPILER=arm-none-eabi-gcc" "ASSEMBLER=arm-none-eabi-as
TRACE::2026-03-19.20:01:17::SCWMssOS::" "ARCHIVER=arm-none-eabi-ar" "COMPILER_FLAGS=  -O2 -c" "EXTRA_COMPILER_FLAGS=-mcpu=cortex-a9 -mfpu=vfpv3 -mfloat-abi=hard -nos
TRACE::2026-03-19.20:01:17::SCWMssOS::tartfiles -g -Wall -Wextra -fno-tree-loop-distribute-patterns"

TRACE::2026-03-19.20:01:17::SCWMssOS::"Running Make libs in ps7_cortexa9_0/libsrc/uartps_v3_15/src"

TRACE::2026-03-19.20:01:17::SCWMssOS::make -C ps7_cortexa9_0/libsrc/uartps_v3_15/src -s libs  "SHELL=CMD" "COMPILER=arm-none-eabi-gcc" "ASSEMBLER=arm-none-eabi-as" "
TRACE::2026-03-19.20:01:17::SCWMssOS::ARCHIVER=arm-none-eabi-ar" "COMPILER_FLAGS=  -O2 -c" "EXTRA_COMPILER_FLAGS=-mcpu=cortex-a9 -mfpu=vfpv3 -mfloat-abi=hard -nostar
TRACE::2026-03-19.20:01:17::SCWMssOS::tfiles -g -Wall -Wextra -fno-tree-loop-distribute-patterns"

TRACE::2026-03-19.20:01:17::SCWMssOS::"Running Make libs in ps7_cortexa9_0/libsrc/xadcps_v2_7/src"

TRACE::2026-03-19.20:01:17::SCWMssOS::make -C ps7_cortexa9_0/libsrc/xadcps_v2_7/src -s libs  "SHELL=CMD" "COMPILER=arm-none-eabi-gcc" "ASSEMBLER=arm-none-eabi-as" "A
TRACE::2026-03-19.20:01:17::SCWMssOS::RCHIVER=arm-none-eabi-ar" "COMPILER_FLAGS=  -O2 -c" "EXTRA_COMPILER_FLAGS=-mcpu=cortex-a9 -mfpu=vfpv3 -mfloat-abi=hard -nostart
TRACE::2026-03-19.20:01:17::SCWMssOS::files -g -Wall -Wextra -fno-tree-loop-distribute-patterns"

TRACE::2026-03-19.20:01:17::SCWMssOS::"Running Make libs in ps7_cortexa9_0/libsrc/xilffs_v5_3/src"

TRACE::2026-03-19.20:01:17::SCWMssOS::make -C ps7_cortexa9_0/libsrc/xilffs_v5_3/src -s libs  "SHELL=CMD" "COMPILER=arm-none-eabi-gcc" "ASSEMBLER=arm-none-eabi-as" "A
TRACE::2026-03-19.20:01:17::SCWMssOS::RCHIVER=arm-none-eabi-ar" "COMPILER_FLAGS=  -O2 -c" "EXTRA_COMPILER_FLAGS=-mcpu=cortex-a9 -mfpu=vfpv3 -mfloat-abi=hard -nostart
TRACE::2026-03-19.20:01:17::SCWMssOS::files -g -Wall -Wextra -fno-tree-loop-distribute-patterns"

TRACE::2026-03-19.20:01:18::SCWMssOS::'Finished building libraries parallelly.'

TRACE::2026-03-19.20:01:18::SCWMssOS::make --no-print-directory archive

TRACE::2026-03-19.20:01:18::SCWMssOS::arm-none-eabi-ar -r  ps7_cortexa9_0/lib/libxil.a ps7_cortexa9_0/lib/_exit.o ps7_cortexa9_0/lib/_open.o ps7_cortexa9_0/lib/_sbrk
TRACE::2026-03-19.20:01:18::SCWMssOS::.o ps7_cortexa9_0/lib/abort.o ps7_cortexa9_0/lib/asm_vectors.o ps7_cortexa9_0/lib/boot.o ps7_cortexa9_0/lib/close.o ps7_cortexa
TRACE::2026-03-19.20:01:18::SCWMssOS::9_0/lib/cpputest_time.o ps7_cortexa9_0/lib/cpu_init.o ps7_cortexa9_0/lib/errno.o ps7_cortexa9_0/lib/fcntl.o ps7_cortexa9_0/lib/
TRACE::2026-03-19.20:01:18::SCWMssOS::fstat.o ps7_cortexa9_0/lib/getentropy.o ps7_cortexa9_0/lib/getpid.o ps7_cortexa9_0/lib/gettimeofday.o ps7_cortexa9_0/lib/inbyte
TRACE::2026-03-19.20:01:18::SCWMssOS::.o ps7_cortexa9_0/lib/isatty.o ps7_cortexa9_0/lib/kill.o ps7_cortexa9_0/lib/lseek.o ps7_cortexa9_0/lib/open.o ps7_cortexa9_0/li
TRACE::2026-03-19.20:01:18::SCWMssOS::b/outbyte.o ps7_cortexa9_0/lib/print.o ps7_cortexa9_0/lib/putnum.o ps7_cortexa9_0/lib/read.o ps7_cortexa9_0/lib/sbrk.o ps7_cort
TRACE::2026-03-19.20:01:18::SCWMssOS::exa9_0/lib/sleep.o ps7_cortexa9_0/lib/time.o ps7_cortexa9_0/lib/translation_table.o ps7_cortexa9_0/lib/unlink.o ps7_cortexa9_0/
TRACE::2026-03-19.20:01:18::SCWMssOS::lib/usleep.o ps7_cortexa9_0/lib/vectors.o ps7_cortexa9_0/lib/write.o ps7_cortexa9_0/lib/xadcps.o ps7_cortexa9_0/lib/xadcps_g.o 
TRACE::2026-03-19.20:01:18::SCWMssOS::ps7_cortexa9_0/lib/xadcps_intr.o ps7_cortexa9_0/lib/xadcps_selftest.o ps7_cortexa9_0/lib/xadcps_sinit.o ps7_cortexa9_0/lib/xcor
TRACE::2026-03-19.20:01:18::SCWMssOS::esightpsdcc.o ps7_cortexa9_0/lib/xdevcfg.o ps7_cortexa9_0/lib/xdevcfg_g.o ps7_cortexa9_0/lib/xdevcfg_hw.o ps7_cortexa9_0/lib/xd
TRACE::2026-03-19.20:01:18::SCWMssOS::evcfg_intr.o ps7_cortexa9_0/lib/xdevcfg_selftest.o ps7_cortexa9_0/lib/xdevcfg_sinit.o ps7_cortexa9_0/lib/xdmaps.o ps7_cortexa9_
TRACE::2026-03-19.20:01:18::SCWMssOS::0/lib/xdmaps_g.o ps7_cortexa9_0/lib/xdmaps_hw.o ps7_cortexa9_0/lib/xdmaps_selftest.o ps7_cortexa9_0/lib/xdmaps_sinit.o ps7_cort
TRACE::2026-03-19.20:01:18::SCWMssOS::exa9_0/lib/xgpio.o ps7_cortexa9_0/lib/xgpio_extra.o ps7_cortexa9_0/lib/xgpio_g.o ps7_cortexa9_0/lib/xgpio_intr.o ps7_cortexa9_0
TRACE::2026-03-19.20:01:18::SCWMssOS::/lib/xgpio_selftest.o ps7_cortexa9_0/lib/xgpio_sinit.o ps7_cortexa9_0/lib/xil-crt0.o ps7_cortexa9_0/lib/xil_assert.o ps7_cortex
TRACE::2026-03-19.20:01:18::SCWMssOS::a9_0/lib/xil_cache.o ps7_cortexa9_0/lib/xil_clocking.o ps7_cortexa9_0/lib/xil_exception.o ps7_cortexa9_0/lib/xil_mem.o ps7_cort
TRACE::2026-03-19.20:01:18::SCWMssOS::exa9_0/lib/xil_misc_psreset_api.o ps7_cortexa9_0/lib/xil_mmu.o ps7_cortexa9_0/lib/xil_printf.o ps7_cortexa9_0/lib/xil_sleepcomm
TRACE::2026-03-19.20:01:18::SCWMssOS::on.o ps7_cortexa9_0/lib/xil_sleeptimer.o ps7_cortexa9_0/lib/xil_spinlock.o ps7_cortexa9_0/lib/xil_sutil.o ps7_cortexa9_0/lib/xi
TRACE::2026-03-19.20:01:18::SCWMssOS::l_testcache.o ps7_cortexa9_0/lib/xil_testio.o ps7_cortexa9_0/lib/xil_testmem.o ps7_cortexa9_0/lib/xil_util.o ps7_cortexa9_0/lib
TRACE::2026-03-19.20:01:18::SCWMssOS::/xinterrupt_wrap.o ps7_cortexa9_0/lib/xl2cc_counter.o ps7_cortexa9_0/lib/xplatform_info.o ps7_cortexa9_0/lib/xpm_counter.o ps7_
TRACE::2026-03-19.20:01:18::SCWMssOS::cortexa9_0/lib/xpm_init.o ps7_cortexa9_0/lib/xscugic.o ps7_cortexa9_0/lib/xscugic_g.o ps7_cortexa9_0/lib/xscugic_hw.o ps7_corte
TRACE::2026-03-19.20:01:18::SCWMssOS::xa9_0/lib/xscugic_intr.o ps7_cortexa9_0/lib/xscugic_selftest.o ps7_cortexa9_0/lib/xscugic_sinit.o ps7_cortexa9_0/lib/xscutimer.
TRACE::2026-03-19.20:01:18::SCWMssOS::o ps7_cortexa9_0/lib/xscutimer_g.o ps7_cortexa9_0/lib/xscutimer_selftest.o ps7_cortexa9_0/lib/xscutimer_sinit.o ps7_cortexa9_0/
TRACE::2026-03-19.20:01:18::SCWMssOS::lib/xscuwdt.o ps7_cortexa9_0/lib/xscuwdt_g.o ps7_cortexa9_0/lib/xscuwdt_selftest.o ps7_cortexa9_0/lib/xscuwdt_sinit.o ps7_corte
TRACE::2026-03-19.20:01:18::SCWMssOS::xa9_0/lib/xsdps.o ps7_cortexa9_0/lib/xsdps_card.o ps7_cortexa9_0/lib/xsdps_g.o ps7_cortexa9_0/lib/xsdps_host.o ps7_cortexa9_0/l
TRACE::2026-03-19.20:01:18::SCWMssOS::ib/xsdps_options.o ps7_cortexa9_0/lib/xsdps_sinit.o ps7_cortexa9_0/lib/xtime_l.o ps7_cortexa9_0/lib/xuartps.o ps7_cortexa9_0/li
TRACE::2026-03-19.20:01:18::SCWMssOS::b/xuartps_g.o ps7_cortexa9_0/lib/xuartps_hw.o ps7_cortexa9_0/lib/xuartps_intr.o ps7_cortexa9_0/lib/xuartps_options.o ps7_cortex
TRACE::2026-03-19.20:01:18::SCWMssOS::a9_0/lib/xuartps_selftest.o ps7_cortexa9_0/lib/xuartps_sinit.o

TRACE::2026-03-19.20:01:18::SCWMssOS::'Finished building libraries'

TRACE::2026-03-19.20:01:19::SCWMssOS::Copying to export directory.
TRACE::2026-03-19.20:01:19::SCWMssOS:: Checking if to create the Supporting Applications
TRACE::2026-03-19.20:01:19::SCWMssOS:: No Linux domain exists, trying to generate FSBL 
LOG::2026-03-19.20:01:19::SCWSystem::Completed Processing the domain standalone_domain
LOG::2026-03-19.20:01:19::SCWSystem::Completed Processing the sysconfig CNC-FPGA-FINAL-RELEASE
LOG::2026-03-19.20:01:19::SCWPlatform::Completed generating the artifacts for system configuration CNC-FPGA-FINAL-RELEASE
TRACE::2026-03-19.20:01:19::SCWPlatform::Started preparing the platform 
TRACE::2026-03-19.20:01:19::SCWSystem::Writing the bif file for system config CNC-FPGA-FINAL-RELEASE
TRACE::2026-03-19.20:01:19::SCWSystem::dir created 
TRACE::2026-03-19.20:01:19::SCWSystem::Writing the bif 
TRACE::2026-03-19.20:01:19::SCWPlatform::Started writing the spfm file 
TRACE::2026-03-19.20:01:19::SCWPlatform::Started writing the xpfm file 
TRACE::2026-03-19.20:01:19::SCWPlatform::Completed generating the platform
TRACE::2026-03-19.20:01:19::SCWMssOS::Saving the mss changes E:/Git-Repos/CNC-FPGA/Vitis3/CNC-FPGA-FINAL-RELEASE/zynq_fsbl/zynq_fsbl_bsp/system.mss
TRACE::2026-03-19.20:01:19::SCWMssOS::Found a swdesign opened with the mssfile.
TRACE::2026-03-19.20:01:19::SCWMssOS::Completed writemss as part of save.
TRACE::2026-03-19.20:01:19::SCWMssOS::Commit changes completed.
TRACE::2026-03-19.20:01:19::SCWMssOS::Saving the mss changes E:/Git-Repos/CNC-FPGA/Vitis3/CNC-FPGA-FINAL-RELEASE/ps7_cortexa9_0/standalone_domain/bsp/system.mss
TRACE::2026-03-19.20:01:19::SCWMssOS::Found a swdesign opened with the mssfile.
TRACE::2026-03-19.20:01:19::SCWMssOS::Completed writemss as part of save.
TRACE::2026-03-19.20:01:19::SCWMssOS::Commit changes completed.
TRACE::2026-03-19.20:01:19::SCWPlatform::Trying to open the hw design at E:/Git-Repos/CNC-FPGA/Vitis3/CNC-FPGA-FINAL-RELEASE/hw/CNC-FPGA-FINAL-RELEASE.xsa
TRACE::2026-03-19.20:01:19::SCWPlatform::DSA given E:/Git-Repos/CNC-FPGA/Vitis3/CNC-FPGA-FINAL-RELEASE/hw/CNC-FPGA-FINAL-RELEASE.xsa
TRACE::2026-03-19.20:01:19::SCWPlatform::DSA absoulate path E:/Git-Repos/CNC-FPGA/Vitis3/CNC-FPGA-FINAL-RELEASE/hw/CNC-FPGA-FINAL-RELEASE.xsa
TRACE::2026-03-19.20:01:19::SCWPlatform::DSA directory E:/Git-Repos/CNC-FPGA/Vitis3/CNC-FPGA-FINAL-RELEASE/hw
TRACE::2026-03-19.20:01:19::SCWPlatform:: Platform Path E:/Git-Repos/CNC-FPGA/Vitis3/CNC-FPGA-FINAL-RELEASE/hw/CNC-FPGA-FINAL-RELEASE.xsa
TRACE::2026-03-19.20:01:19::SCWPlatform:: Unique name xilinx:zedboard::0.0
TRACE::2026-03-19.20:01:19::SCWPlatform::Trying to set the existing hwdb with name CNC_Top_wrapper_1
TRACE::2026-03-19.20:01:19::SCWPlatform::Opened existing hwdb CNC_Top_wrapper_1
TRACE::2026-03-19.20:01:19::SCWPlatform::Found the Hw Db part of the input DSA
TRACE::2026-03-19.20:01:19::SCWMssOS::Checking the sw design at  E:/Git-Repos/CNC-FPGA/Vitis3/CNC-FPGA-FINAL-RELEASE/zynq_fsbl/zynq_fsbl_bsp/system.mss
TRACE::2026-03-19.20:01:19::SCWMssOS::DEBUG:  swdes dump  E:/Git-Repos/CNC-FPGA/Vitis3/CNC-FPGA-FINAL-RELEASE/ps7_cortexa9_0/standalone_domain/bsp/system.mss|system||
E:/Git-Repos/CNC-FPGA/Vitis3/CNC-FPGA-FINAL-RELEASE/zynq_fsbl/zynq_fsbl_bsp/system.mss|system_0||

TRACE::2026-03-19.20:01:19::SCWMssOS::Sw design exists and opened at  E:/Git-Repos/CNC-FPGA/Vitis3/CNC-FPGA-FINAL-RELEASE/zynq_fsbl/zynq_fsbl_bsp/system.mss
TRACE::2026-03-19.20:01:19::SCWPlatform::Trying to open the hw design at E:/Git-Repos/CNC-FPGA/Vitis3/CNC-FPGA-FINAL-RELEASE/hw/CNC-FPGA-FINAL-RELEASE.xsa
TRACE::2026-03-19.20:01:19::SCWPlatform::DSA given E:/Git-Repos/CNC-FPGA/Vitis3/CNC-FPGA-FINAL-RELEASE/hw/CNC-FPGA-FINAL-RELEASE.xsa
TRACE::2026-03-19.20:01:19::SCWPlatform::DSA absoulate path E:/Git-Repos/CNC-FPGA/Vitis3/CNC-FPGA-FINAL-RELEASE/hw/CNC-FPGA-FINAL-RELEASE.xsa
TRACE::2026-03-19.20:01:19::SCWPlatform::DSA directory E:/Git-Repos/CNC-FPGA/Vitis3/CNC-FPGA-FINAL-RELEASE/hw
TRACE::2026-03-19.20:01:19::SCWPlatform:: Platform Path E:/Git-Repos/CNC-FPGA/Vitis3/CNC-FPGA-FINAL-RELEASE/hw/CNC-FPGA-FINAL-RELEASE.xsa
TRACE::2026-03-19.20:01:19::SCWPlatform:: Unique name xilinx:zedboard::0.0
TRACE::2026-03-19.20:01:19::SCWPlatform::Trying to set the existing hwdb with name CNC_Top_wrapper_1
TRACE::2026-03-19.20:01:19::SCWPlatform::Opened existing hwdb CNC_Top_wrapper_1
TRACE::2026-03-19.20:01:19::SCWPlatform::Found the Hw Db part of the input DSA
TRACE::2026-03-19.20:01:19::SCWMssOS::Checking the sw design at  E:/Git-Repos/CNC-FPGA/Vitis3/CNC-FPGA-FINAL-RELEASE/ps7_cortexa9_0/standalone_domain/bsp/system.mss
TRACE::2026-03-19.20:01:19::SCWMssOS::DEBUG:  swdes dump  E:/Git-Repos/CNC-FPGA/Vitis3/CNC-FPGA-FINAL-RELEASE/ps7_cortexa9_0/standalone_domain/bsp/system.mss|system||
E:/Git-Repos/CNC-FPGA/Vitis3/CNC-FPGA-FINAL-RELEASE/zynq_fsbl/zynq_fsbl_bsp/system.mss|system_0||

TRACE::2026-03-19.20:01:19::SCWMssOS::Sw design exists and opened at  E:/Git-Repos/CNC-FPGA/Vitis3/CNC-FPGA-FINAL-RELEASE/ps7_cortexa9_0/standalone_domain/bsp/system.mss
TRACE::2026-03-19.20:01:19::SCWWriter::formatted JSON is {
	"platformName":	"CNC-FPGA-FINAL-RELEASE",
	"sprVersion":	"2.0",
	"mode":	"gui",
	"dsaType":	"Fixed",
	"platformDesc":	"CNC-FPGA-FINAL-RELEASE",
	"platHandOff":	"E:/Git-Repos/CNC-FPGA/Zedboard-CNC/CNC-FPGA-FINAL-RELEASE.xsa",
	"platIntHandOff":	"<platformDir>/hw/CNC-FPGA-FINAL-RELEASE.xsa",
	"deviceType":	"zynq",
	"platIsPrebuiltAutogen":	"false",
	"platIsNoBootBsp":	"false",
	"hasFsblMakeHasChanges":	"false",
	"hasPmufwMakeHasChanges":	"false",
	"fsblExtraCompilerFlags":	"-MMD -MP       -mcpu=cortex-a9 -mfpu=vfpv3 -mfloat-abi=hard ",
	"platPreBuiltFlag":	false,
	"platformSamplesDir":	"",
	"platActiveSys":	"CNC-FPGA-FINAL-RELEASE",
	"systems":	[{
			"systemName":	"CNC-FPGA-FINAL-RELEASE",
			"systemDesc":	"CNC-FPGA-FINAL-RELEASE",
			"sysIsBootAutoGen":	"true",
			"systemDispName":	"CNC-FPGA-FINAL-RELEASE",
			"sysActiveDom":	"standalone_domain",
			"sysDefaultDom":	"standalone_domain",
			"domains":	[{
					"domainName":	"zynq_fsbl",
					"domainDispName":	"zynq_fsbl",
					"domainDesc":	"FSBL Application BSP - Auto Generated.",
					"processors":	"ps7_cortexa9_0",
					"os":	"standalone",
					"sdxOs":	"standalone",
					"debugEnable":	"",
					"domRuntimes":	["cpp"],
					"swRepo":	"",
					"mssOsVer":	"9.2",
					"mssFile":	"",
					"md5Digest":	"822b05f43d93911360d956bc0e0ec2b0",
					"compatibleApp":	"zynq_fsbl",
					"domType":	"bootDomain",
					"arch":	"32-bit",
					"appSettings":	{
						"appCompilerFlags":	"",
						"appLinkerFlags":	""
					},
					"addedLibs":	["xilffs:5.3", "xilrsa:1.8"],
					"libOptions":	{
						"libsContainingOptions":	[]
					},
					"prebuiltLibs":	{
						"prebuiltIncPath":	[],
						"prebuiltLibPath":	[]
					},
					"isolation":	{
					}
				}, {
					"domainName":	"standalone_domain",
					"domainDispName":	"standalone on ps7_cortexa9_0",
					"domainDesc":	"standalone_domain",
					"processors":	"ps7_cortexa9_0",
					"os":	"standalone",
					"sdxOs":	"standalone",
					"qemuArgs":	"<platformDir>/resources/CNC-FPGA-FINAL-RELEASE/standalone_domain/qemu_args.txt",
					"qemuData":	"<platformDir>/resources/CNC-FPGA-FINAL-RELEASE/standalone_domain/qemu",
					"debugEnable":	"False",
					"domRuntimes":	["cpp"],
					"swRepo":	"",
					"mssOsVer":	"9.2",
					"mssFile":	"",
					"md5Digest":	"175ec7e7f1abe3c466dd7e87a80dc2f5",
					"compatibleApp":	"",
					"domType":	"mssDomain",
					"appSettings":	{
						"appCompilerFlags":	"",
						"appLinkerFlags":	""
					},
					"addedLibs":	["xilffs:5.3"],
					"libOptions":	{
						"libsContainingOptions":	[]
					},
					"prebuiltLibs":	{
						"prebuiltIncPath":	[],
						"prebuiltLibPath":	[]
					},
					"isolation":	{
					}
				}]
		}]
}
KEYINFO::2026-03-19.20:01:19::SCWPlatform::updated the xpfm file.
TRACE::2026-03-19.20:01:19::SCWPlatform::Trying to open the hw design at E:/Git-Repos/CNC-FPGA/Vitis3/CNC-FPGA-FINAL-RELEASE/hw/CNC-FPGA-FINAL-RELEASE.xsa
TRACE::2026-03-19.20:01:19::SCWPlatform::DSA given E:/Git-Repos/CNC-FPGA/Vitis3/CNC-FPGA-FINAL-RELEASE/hw/CNC-FPGA-FINAL-RELEASE.xsa
TRACE::2026-03-19.20:01:19::SCWPlatform::DSA absoulate path E:/Git-Repos/CNC-FPGA/Vitis3/CNC-FPGA-FINAL-RELEASE/hw/CNC-FPGA-FINAL-RELEASE.xsa
TRACE::2026-03-19.20:01:19::SCWPlatform::DSA directory E:/Git-Repos/CNC-FPGA/Vitis3/CNC-FPGA-FINAL-RELEASE/hw
TRACE::2026-03-19.20:01:19::SCWPlatform:: Platform Path E:/Git-Repos/CNC-FPGA/Vitis3/CNC-FPGA-FINAL-RELEASE/hw/CNC-FPGA-FINAL-RELEASE.xsa
TRACE::2026-03-19.20:01:19::SCWPlatform:: Unique name xilinx:zedboard::0.0
TRACE::2026-03-19.20:01:19::SCWPlatform::Trying to set the existing hwdb with name CNC_Top_wrapper_1
TRACE::2026-03-19.20:01:19::SCWPlatform::Opened existing hwdb CNC_Top_wrapper_1
TRACE::2026-03-19.20:01:19::SCWPlatform::Found the Hw Db part of the input DSA
TRACE::2026-03-19.20:01:19::SCWMssOS::Checking the sw design at  E:/Git-Repos/CNC-FPGA/Vitis3/CNC-FPGA-FINAL-RELEASE/ps7_cortexa9_0/standalone_domain/bsp/system.mss
TRACE::2026-03-19.20:01:19::SCWMssOS::DEBUG:  swdes dump  E:/Git-Repos/CNC-FPGA/Vitis3/CNC-FPGA-FINAL-RELEASE/ps7_cortexa9_0/standalone_domain/bsp/system.mss|system||
E:/Git-Repos/CNC-FPGA/Vitis3/CNC-FPGA-FINAL-RELEASE/zynq_fsbl/zynq_fsbl_bsp/system.mss|system_0||

TRACE::2026-03-19.20:01:19::SCWMssOS::Sw design exists and opened at  E:/Git-Repos/CNC-FPGA/Vitis3/CNC-FPGA-FINAL-RELEASE/ps7_cortexa9_0/standalone_domain/bsp/system.mss
TRACE::2026-03-31.00:23:17::SCWPlatform::Trying to open the hw design at E:/Git-Repos/CNC-FPGA/Vitis3/CNC-FPGA-FINAL-RELEASE/hw/CNC-FPGA-FINAL-RELEASE.xsa
TRACE::2026-03-31.00:23:17::SCWPlatform::DSA given E:/Git-Repos/CNC-FPGA/Vitis3/CNC-FPGA-FINAL-RELEASE/hw/CNC-FPGA-FINAL-RELEASE.xsa
TRACE::2026-03-31.00:23:17::SCWPlatform::DSA absoulate path E:/Git-Repos/CNC-FPGA/Vitis3/CNC-FPGA-FINAL-RELEASE/hw/CNC-FPGA-FINAL-RELEASE.xsa
TRACE::2026-03-31.00:23:17::SCWPlatform::DSA directory E:/Git-Repos/CNC-FPGA/Vitis3/CNC-FPGA-FINAL-RELEASE/hw
TRACE::2026-03-31.00:23:17::SCWPlatform:: Platform Path E:/Git-Repos/CNC-FPGA/Vitis3/CNC-FPGA-FINAL-RELEASE/hw/CNC-FPGA-FINAL-RELEASE.xsa
TRACE::2026-03-31.00:23:17::SCWPlatform:: Unique name xilinx:zedboard::0.0
TRACE::2026-03-31.00:23:17::SCWPlatform::Do not have an existing db opened. 
TRACE::2026-03-31.00:23:19::SCWPlatform::Opened new HwDB with name CNC_Top_wrapper
TRACE::2026-03-31.00:23:19::SCWReader::Active system found as  CNC-FPGA-FINAL-RELEASE
TRACE::2026-03-31.00:23:19::SCWReader::Handling sysconfig CNC-FPGA-FINAL-RELEASE
TRACE::2026-03-31.00:23:19::SCWDomain::checking for install qemu data   : 
TRACE::2026-03-31.00:23:19::SCWDomain:: Using the QEMU Data from install at  : C:/Xilinx/Vitis/2024.2/data/emulation/platforms/zynq/sw/a9_standalone/qemu/
TRACE::2026-03-31.00:23:19::SCWDomain:: Using the QEMU args  from install at  : C:/Xilinx/Vitis/2024.2/data/emulation/platforms/zynq/sw/a9_standalone/qemu/qemu_args.txt
TRACE::2026-03-31.00:23:19::SCWPlatform::Trying to open the hw design at E:/Git-Repos/CNC-FPGA/Vitis3/CNC-FPGA-FINAL-RELEASE/hw/CNC-FPGA-FINAL-RELEASE.xsa
TRACE::2026-03-31.00:23:19::SCWPlatform::DSA given E:/Git-Repos/CNC-FPGA/Vitis3/CNC-FPGA-FINAL-RELEASE/hw/CNC-FPGA-FINAL-RELEASE.xsa
TRACE::2026-03-31.00:23:19::SCWPlatform::DSA absoulate path E:/Git-Repos/CNC-FPGA/Vitis3/CNC-FPGA-FINAL-RELEASE/hw/CNC-FPGA-FINAL-RELEASE.xsa
TRACE::2026-03-31.00:23:19::SCWPlatform::DSA directory E:/Git-Repos/CNC-FPGA/Vitis3/CNC-FPGA-FINAL-RELEASE/hw
TRACE::2026-03-31.00:23:19::SCWPlatform:: Platform Path E:/Git-Repos/CNC-FPGA/Vitis3/CNC-FPGA-FINAL-RELEASE/hw/CNC-FPGA-FINAL-RELEASE.xsa
TRACE::2026-03-31.00:23:19::SCWPlatform:: Unique name xilinx:zedboard::0.0
TRACE::2026-03-31.00:23:19::SCWPlatform::Trying to set the existing hwdb with name CNC_Top_wrapper
TRACE::2026-03-31.00:23:19::SCWPlatform::Opened existing hwdb CNC_Top_wrapper
TRACE::2026-03-31.00:23:19::SCWPlatform::Found the Hw Db part of the input DSA
TRACE::2026-03-31.00:23:19::SCWPlatform::Trying to open the hw design at E:/Git-Repos/CNC-FPGA/Vitis3/CNC-FPGA-FINAL-RELEASE/hw/CNC-FPGA-FINAL-RELEASE.xsa
TRACE::2026-03-31.00:23:19::SCWPlatform::DSA given E:/Git-Repos/CNC-FPGA/Vitis3/CNC-FPGA-FINAL-RELEASE/hw/CNC-FPGA-FINAL-RELEASE.xsa
TRACE::2026-03-31.00:23:19::SCWPlatform::DSA absoulate path E:/Git-Repos/CNC-FPGA/Vitis3/CNC-FPGA-FINAL-RELEASE/hw/CNC-FPGA-FINAL-RELEASE.xsa
TRACE::2026-03-31.00:23:19::SCWPlatform::DSA directory E:/Git-Repos/CNC-FPGA/Vitis3/CNC-FPGA-FINAL-RELEASE/hw
TRACE::2026-03-31.00:23:19::SCWPlatform:: Platform Path E:/Git-Repos/CNC-FPGA/Vitis3/CNC-FPGA-FINAL-RELEASE/hw/CNC-FPGA-FINAL-RELEASE.xsa
TRACE::2026-03-31.00:23:19::SCWPlatform:: Unique name xilinx:zedboard::0.0
TRACE::2026-03-31.00:23:19::SCWPlatform::Trying to set the existing hwdb with name CNC_Top_wrapper
TRACE::2026-03-31.00:23:19::SCWPlatform::Opened existing hwdb CNC_Top_wrapper
TRACE::2026-03-31.00:23:19::SCWPlatform::Found the Hw Db part of the input DSA
TRACE::2026-03-31.00:23:19::SCWPlatform::Trying to open the hw design at E:/Git-Repos/CNC-FPGA/Vitis3/CNC-FPGA-FINAL-RELEASE/hw/CNC-FPGA-FINAL-RELEASE.xsa
TRACE::2026-03-31.00:23:19::SCWPlatform::DSA given E:/Git-Repos/CNC-FPGA/Vitis3/CNC-FPGA-FINAL-RELEASE/hw/CNC-FPGA-FINAL-RELEASE.xsa
TRACE::2026-03-31.00:23:19::SCWPlatform::DSA absoulate path E:/Git-Repos/CNC-FPGA/Vitis3/CNC-FPGA-FINAL-RELEASE/hw/CNC-FPGA-FINAL-RELEASE.xsa
TRACE::2026-03-31.00:23:19::SCWPlatform::DSA directory E:/Git-Repos/CNC-FPGA/Vitis3/CNC-FPGA-FINAL-RELEASE/hw
TRACE::2026-03-31.00:23:19::SCWPlatform:: Platform Path E:/Git-Repos/CNC-FPGA/Vitis3/CNC-FPGA-FINAL-RELEASE/hw/CNC-FPGA-FINAL-RELEASE.xsa
TRACE::2026-03-31.00:23:19::SCWPlatform:: Unique name xilinx:zedboard::0.0
TRACE::2026-03-31.00:23:19::SCWPlatform::Trying to set the existing hwdb with name CNC_Top_wrapper
TRACE::2026-03-31.00:23:19::SCWPlatform::Opened existing hwdb CNC_Top_wrapper
TRACE::2026-03-31.00:23:19::SCWPlatform::Found the Hw Db part of the input DSA
TRACE::2026-03-31.00:23:19::SCWReader::Boot application domain added for zynq_fsbl
TRACE::2026-03-31.00:23:19::SCWPlatform::Trying to open the hw design at E:/Git-Repos/CNC-FPGA/Vitis3/CNC-FPGA-FINAL-RELEASE/hw/CNC-FPGA-FINAL-RELEASE.xsa
TRACE::2026-03-31.00:23:19::SCWPlatform::DSA given E:/Git-Repos/CNC-FPGA/Vitis3/CNC-FPGA-FINAL-RELEASE/hw/CNC-FPGA-FINAL-RELEASE.xsa
TRACE::2026-03-31.00:23:19::SCWPlatform::DSA absoulate path E:/Git-Repos/CNC-FPGA/Vitis3/CNC-FPGA-FINAL-RELEASE/hw/CNC-FPGA-FINAL-RELEASE.xsa
TRACE::2026-03-31.00:23:19::SCWPlatform::DSA directory E:/Git-Repos/CNC-FPGA/Vitis3/CNC-FPGA-FINAL-RELEASE/hw
TRACE::2026-03-31.00:23:19::SCWPlatform:: Platform Path E:/Git-Repos/CNC-FPGA/Vitis3/CNC-FPGA-FINAL-RELEASE/hw/CNC-FPGA-FINAL-RELEASE.xsa
TRACE::2026-03-31.00:23:19::SCWPlatform:: Unique name xilinx:zedboard::0.0
TRACE::2026-03-31.00:23:19::SCWPlatform::Trying to set the existing hwdb with name CNC_Top_wrapper
TRACE::2026-03-31.00:23:19::SCWPlatform::Opened existing hwdb CNC_Top_wrapper
TRACE::2026-03-31.00:23:19::SCWPlatform::Found the Hw Db part of the input DSA
TRACE::2026-03-31.00:23:19::SCWMssOS::Checking the sw design at  E:/Git-Repos/CNC-FPGA/Vitis3/CNC-FPGA-FINAL-RELEASE/zynq_fsbl/zynq_fsbl_bsp/system.mss
TRACE::2026-03-31.00:23:19::SCWMssOS::DEBUG:  swdes dump  
TRACE::2026-03-31.00:23:19::SCWMssOS::No sw design opened at  E:/Git-Repos/CNC-FPGA/Vitis3/CNC-FPGA-FINAL-RELEASE/zynq_fsbl/zynq_fsbl_bsp/system.mss
TRACE::2026-03-31.00:23:19::SCWMssOS::mss exists loading the mss file  E:/Git-Repos/CNC-FPGA/Vitis3/CNC-FPGA-FINAL-RELEASE/zynq_fsbl/zynq_fsbl_bsp/system.mss
TRACE::2026-03-31.00:23:19::SCWMssOS::Opened the sw design from mss  E:/Git-Repos/CNC-FPGA/Vitis3/CNC-FPGA-FINAL-RELEASE/zynq_fsbl/zynq_fsbl_bsp/system.mss
TRACE::2026-03-31.00:23:19::SCWMssOS::Adding the swdes entry E:/Git-Repos/CNC-FPGA/Vitis3/CNC-FPGA-FINAL-RELEASE/zynq_fsbl/zynq_fsbl_bsp/system.mss with des name system
TRACE::2026-03-31.00:23:19::SCWMssOS::updating the scw layer about changes
TRACE::2026-03-31.00:23:19::SCWMssOS::Opened the sw design.  E:/Git-Repos/CNC-FPGA/Vitis3/CNC-FPGA-FINAL-RELEASE/zynq_fsbl/zynq_fsbl_bsp/system.mss
TRACE::2026-03-31.00:23:19::SCWPlatform::Trying to open the hw design at E:/Git-Repos/CNC-FPGA/Vitis3/CNC-FPGA-FINAL-RELEASE/hw/CNC-FPGA-FINAL-RELEASE.xsa
TRACE::2026-03-31.00:23:19::SCWPlatform::DSA given E:/Git-Repos/CNC-FPGA/Vitis3/CNC-FPGA-FINAL-RELEASE/hw/CNC-FPGA-FINAL-RELEASE.xsa
TRACE::2026-03-31.00:23:19::SCWPlatform::DSA absoulate path E:/Git-Repos/CNC-FPGA/Vitis3/CNC-FPGA-FINAL-RELEASE/hw/CNC-FPGA-FINAL-RELEASE.xsa
TRACE::2026-03-31.00:23:19::SCWPlatform::DSA directory E:/Git-Repos/CNC-FPGA/Vitis3/CNC-FPGA-FINAL-RELEASE/hw
TRACE::2026-03-31.00:23:19::SCWPlatform:: Platform Path E:/Git-Repos/CNC-FPGA/Vitis3/CNC-FPGA-FINAL-RELEASE/hw/CNC-FPGA-FINAL-RELEASE.xsa
TRACE::2026-03-31.00:23:19::SCWPlatform:: Unique name xilinx:zedboard::0.0
TRACE::2026-03-31.00:23:19::SCWPlatform::Trying to set the existing hwdb with name CNC_Top_wrapper
TRACE::2026-03-31.00:23:19::SCWPlatform::Opened existing hwdb CNC_Top_wrapper
TRACE::2026-03-31.00:23:19::SCWPlatform::Found the Hw Db part of the input DSA
TRACE::2026-03-31.00:23:19::SCWMssOS::Checking the sw design at  E:/Git-Repos/CNC-FPGA/Vitis3/CNC-FPGA-FINAL-RELEASE/zynq_fsbl/zynq_fsbl_bsp/system.mss
TRACE::2026-03-31.00:23:19::SCWMssOS::DEBUG:  swdes dump  E:/Git-Repos/CNC-FPGA/Vitis3/CNC-FPGA-FINAL-RELEASE/zynq_fsbl/zynq_fsbl_bsp/system.mss|system||

TRACE::2026-03-31.00:23:19::SCWMssOS::Sw design exists and opened at  E:/Git-Repos/CNC-FPGA/Vitis3/CNC-FPGA-FINAL-RELEASE/zynq_fsbl/zynq_fsbl_bsp/system.mss
TRACE::2026-03-31.00:23:19::SCWMssOS:: library already available in sw design:  xilffs:5.3
TRACE::2026-03-31.00:23:19::SCWPlatform::Trying to open the hw design at E:/Git-Repos/CNC-FPGA/Vitis3/CNC-FPGA-FINAL-RELEASE/hw/CNC-FPGA-FINAL-RELEASE.xsa
TRACE::2026-03-31.00:23:19::SCWPlatform::DSA given E:/Git-Repos/CNC-FPGA/Vitis3/CNC-FPGA-FINAL-RELEASE/hw/CNC-FPGA-FINAL-RELEASE.xsa
TRACE::2026-03-31.00:23:19::SCWPlatform::DSA absoulate path E:/Git-Repos/CNC-FPGA/Vitis3/CNC-FPGA-FINAL-RELEASE/hw/CNC-FPGA-FINAL-RELEASE.xsa
TRACE::2026-03-31.00:23:19::SCWPlatform::DSA directory E:/Git-Repos/CNC-FPGA/Vitis3/CNC-FPGA-FINAL-RELEASE/hw
TRACE::2026-03-31.00:23:19::SCWPlatform:: Platform Path E:/Git-Repos/CNC-FPGA/Vitis3/CNC-FPGA-FINAL-RELEASE/hw/CNC-FPGA-FINAL-RELEASE.xsa
TRACE::2026-03-31.00:23:19::SCWPlatform:: Unique name xilinx:zedboard::0.0
TRACE::2026-03-31.00:23:19::SCWPlatform::Trying to set the existing hwdb with name CNC_Top_wrapper
TRACE::2026-03-31.00:23:19::SCWPlatform::Opened existing hwdb CNC_Top_wrapper
TRACE::2026-03-31.00:23:19::SCWPlatform::Found the Hw Db part of the input DSA
TRACE::2026-03-31.00:23:19::SCWMssOS::Checking the sw design at  E:/Git-Repos/CNC-FPGA/Vitis3/CNC-FPGA-FINAL-RELEASE/zynq_fsbl/zynq_fsbl_bsp/system.mss
TRACE::2026-03-31.00:23:19::SCWMssOS::DEBUG:  swdes dump  E:/Git-Repos/CNC-FPGA/Vitis3/CNC-FPGA-FINAL-RELEASE/zynq_fsbl/zynq_fsbl_bsp/system.mss|system||

TRACE::2026-03-31.00:23:19::SCWMssOS::Sw design exists and opened at  E:/Git-Repos/CNC-FPGA/Vitis3/CNC-FPGA-FINAL-RELEASE/zynq_fsbl/zynq_fsbl_bsp/system.mss
TRACE::2026-03-31.00:23:19::SCWMssOS:: library already available in sw design:  xilrsa:1.8
TRACE::2026-03-31.00:23:19::SCWMssOS::Saving the mss changes E:/Git-Repos/CNC-FPGA/Vitis3/CNC-FPGA-FINAL-RELEASE/zynq_fsbl/zynq_fsbl_bsp/system.mss
TRACE::2026-03-31.00:23:19::SCWMssOS::Found a swdesign opened with the mssfile.
TRACE::2026-03-31.00:23:19::SCWMssOS::Completed writemss as part of save.
TRACE::2026-03-31.00:23:19::SCWMssOS::Commit changes completed.
TRACE::2026-03-31.00:23:19::SCWReader::Adding prebuilt librarypaths as   
TRACE::2026-03-31.00:23:19::SCWReader::Adding prebuilt incpaths  as   
TRACE::2026-03-31.00:23:19::SCWPlatform::Trying to open the hw design at E:/Git-Repos/CNC-FPGA/Vitis3/CNC-FPGA-FINAL-RELEASE/hw/CNC-FPGA-FINAL-RELEASE.xsa
TRACE::2026-03-31.00:23:19::SCWPlatform::DSA given E:/Git-Repos/CNC-FPGA/Vitis3/CNC-FPGA-FINAL-RELEASE/hw/CNC-FPGA-FINAL-RELEASE.xsa
TRACE::2026-03-31.00:23:19::SCWPlatform::DSA absoulate path E:/Git-Repos/CNC-FPGA/Vitis3/CNC-FPGA-FINAL-RELEASE/hw/CNC-FPGA-FINAL-RELEASE.xsa
TRACE::2026-03-31.00:23:19::SCWPlatform::DSA directory E:/Git-Repos/CNC-FPGA/Vitis3/CNC-FPGA-FINAL-RELEASE/hw
TRACE::2026-03-31.00:23:19::SCWPlatform:: Platform Path E:/Git-Repos/CNC-FPGA/Vitis3/CNC-FPGA-FINAL-RELEASE/hw/CNC-FPGA-FINAL-RELEASE.xsa
TRACE::2026-03-31.00:23:19::SCWPlatform:: Unique name xilinx:zedboard::0.0
TRACE::2026-03-31.00:23:19::SCWPlatform::Trying to set the existing hwdb with name CNC_Top_wrapper
TRACE::2026-03-31.00:23:19::SCWPlatform::Opened existing hwdb CNC_Top_wrapper
TRACE::2026-03-31.00:23:19::SCWPlatform::Found the Hw Db part of the input DSA
TRACE::2026-03-31.00:23:19::SCWMssOS::Checking the sw design at  E:/Git-Repos/CNC-FPGA/Vitis3/CNC-FPGA-FINAL-RELEASE/zynq_fsbl/zynq_fsbl_bsp/system.mss
TRACE::2026-03-31.00:23:19::SCWMssOS::DEBUG:  swdes dump  E:/Git-Repos/CNC-FPGA/Vitis3/CNC-FPGA-FINAL-RELEASE/zynq_fsbl/zynq_fsbl_bsp/system.mss|system||

TRACE::2026-03-31.00:23:19::SCWMssOS::Sw design exists and opened at  E:/Git-Repos/CNC-FPGA/Vitis3/CNC-FPGA-FINAL-RELEASE/zynq_fsbl/zynq_fsbl_bsp/system.mss
TRACE::2026-03-31.00:23:19::SCWReader::No isolation master present  
TRACE::2026-03-31.00:23:19::SCWDomain::checking for install qemu data   : 
TRACE::2026-03-31.00:23:19::SCWDomain:: Using the QEMU Data from install at  : C:/Xilinx/Vitis/2024.2/data/emulation/platforms/zynq/sw/a9_standalone/qemu/
TRACE::2026-03-31.00:23:19::SCWDomain:: Using the QEMU args  from install at  : C:/Xilinx/Vitis/2024.2/data/emulation/platforms/zynq/sw/a9_standalone/qemu/qemu_args.txt
TRACE::2026-03-31.00:23:19::SCWPlatform::Trying to open the hw design at E:/Git-Repos/CNC-FPGA/Vitis3/CNC-FPGA-FINAL-RELEASE/hw/CNC-FPGA-FINAL-RELEASE.xsa
TRACE::2026-03-31.00:23:19::SCWPlatform::DSA given E:/Git-Repos/CNC-FPGA/Vitis3/CNC-FPGA-FINAL-RELEASE/hw/CNC-FPGA-FINAL-RELEASE.xsa
TRACE::2026-03-31.00:23:19::SCWPlatform::DSA absoulate path E:/Git-Repos/CNC-FPGA/Vitis3/CNC-FPGA-FINAL-RELEASE/hw/CNC-FPGA-FINAL-RELEASE.xsa
TRACE::2026-03-31.00:23:19::SCWPlatform::DSA directory E:/Git-Repos/CNC-FPGA/Vitis3/CNC-FPGA-FINAL-RELEASE/hw
TRACE::2026-03-31.00:23:19::SCWPlatform:: Platform Path E:/Git-Repos/CNC-FPGA/Vitis3/CNC-FPGA-FINAL-RELEASE/hw/CNC-FPGA-FINAL-RELEASE.xsa
TRACE::2026-03-31.00:23:19::SCWPlatform:: Unique name xilinx:zedboard::0.0
TRACE::2026-03-31.00:23:19::SCWPlatform::Trying to set the existing hwdb with name CNC_Top_wrapper
TRACE::2026-03-31.00:23:19::SCWPlatform::Opened existing hwdb CNC_Top_wrapper
TRACE::2026-03-31.00:23:19::SCWPlatform::Found the Hw Db part of the input DSA
TRACE::2026-03-31.00:23:19::SCWPlatform::Trying to open the hw design at E:/Git-Repos/CNC-FPGA/Vitis3/CNC-FPGA-FINAL-RELEASE/hw/CNC-FPGA-FINAL-RELEASE.xsa
TRACE::2026-03-31.00:23:19::SCWPlatform::DSA given E:/Git-Repos/CNC-FPGA/Vitis3/CNC-FPGA-FINAL-RELEASE/hw/CNC-FPGA-FINAL-RELEASE.xsa
TRACE::2026-03-31.00:23:19::SCWPlatform::DSA absoulate path E:/Git-Repos/CNC-FPGA/Vitis3/CNC-FPGA-FINAL-RELEASE/hw/CNC-FPGA-FINAL-RELEASE.xsa
TRACE::2026-03-31.00:23:19::SCWPlatform::DSA directory E:/Git-Repos/CNC-FPGA/Vitis3/CNC-FPGA-FINAL-RELEASE/hw
TRACE::2026-03-31.00:23:20::SCWPlatform:: Platform Path E:/Git-Repos/CNC-FPGA/Vitis3/CNC-FPGA-FINAL-RELEASE/hw/CNC-FPGA-FINAL-RELEASE.xsa
TRACE::2026-03-31.00:23:20::SCWPlatform:: Unique name xilinx:zedboard::0.0
TRACE::2026-03-31.00:23:20::SCWPlatform::Trying to set the existing hwdb with name CNC_Top_wrapper
TRACE::2026-03-31.00:23:20::SCWPlatform::Opened existing hwdb CNC_Top_wrapper
TRACE::2026-03-31.00:23:20::SCWPlatform::Found the Hw Db part of the input DSA
TRACE::2026-03-31.00:23:20::SCWPlatform::Trying to open the hw design at E:/Git-Repos/CNC-FPGA/Vitis3/CNC-FPGA-FINAL-RELEASE/hw/CNC-FPGA-FINAL-RELEASE.xsa
TRACE::2026-03-31.00:23:20::SCWPlatform::DSA given E:/Git-Repos/CNC-FPGA/Vitis3/CNC-FPGA-FINAL-RELEASE/hw/CNC-FPGA-FINAL-RELEASE.xsa
TRACE::2026-03-31.00:23:20::SCWPlatform::DSA absoulate path E:/Git-Repos/CNC-FPGA/Vitis3/CNC-FPGA-FINAL-RELEASE/hw/CNC-FPGA-FINAL-RELEASE.xsa
TRACE::2026-03-31.00:23:20::SCWPlatform::DSA directory E:/Git-Repos/CNC-FPGA/Vitis3/CNC-FPGA-FINAL-RELEASE/hw
TRACE::2026-03-31.00:23:20::SCWPlatform:: Platform Path E:/Git-Repos/CNC-FPGA/Vitis3/CNC-FPGA-FINAL-RELEASE/hw/CNC-FPGA-FINAL-RELEASE.xsa
TRACE::2026-03-31.00:23:20::SCWPlatform:: Unique name xilinx:zedboard::0.0
TRACE::2026-03-31.00:23:20::SCWPlatform::Trying to set the existing hwdb with name CNC_Top_wrapper
TRACE::2026-03-31.00:23:20::SCWPlatform::Opened existing hwdb CNC_Top_wrapper
TRACE::2026-03-31.00:23:20::SCWPlatform::Found the Hw Db part of the input DSA
TRACE::2026-03-31.00:23:20::SCWMssOS::Checking the sw design at  E:/Git-Repos/CNC-FPGA/Vitis3/CNC-FPGA-FINAL-RELEASE/ps7_cortexa9_0/standalone_domain/bsp/system.mss
TRACE::2026-03-31.00:23:20::SCWMssOS::DEBUG:  swdes dump  E:/Git-Repos/CNC-FPGA/Vitis3/CNC-FPGA-FINAL-RELEASE/zynq_fsbl/zynq_fsbl_bsp/system.mss|system||

TRACE::2026-03-31.00:23:20::SCWMssOS::No sw design opened at  E:/Git-Repos/CNC-FPGA/Vitis3/CNC-FPGA-FINAL-RELEASE/ps7_cortexa9_0/standalone_domain/bsp/system.mss
TRACE::2026-03-31.00:23:20::SCWMssOS::mss exists loading the mss file  E:/Git-Repos/CNC-FPGA/Vitis3/CNC-FPGA-FINAL-RELEASE/ps7_cortexa9_0/standalone_domain/bsp/system.mss
TRACE::2026-03-31.00:23:20::SCWMssOS::Opened the sw design from mss  E:/Git-Repos/CNC-FPGA/Vitis3/CNC-FPGA-FINAL-RELEASE/ps7_cortexa9_0/standalone_domain/bsp/system.mss
TRACE::2026-03-31.00:23:20::SCWMssOS::Adding the swdes entry E:/Git-Repos/CNC-FPGA/Vitis3/CNC-FPGA-FINAL-RELEASE/ps7_cortexa9_0/standalone_domain/bsp/system.mss with des name system_0
TRACE::2026-03-31.00:23:20::SCWMssOS::updating the scw layer about changes
TRACE::2026-03-31.00:23:20::SCWMssOS::Opened the sw design.  E:/Git-Repos/CNC-FPGA/Vitis3/CNC-FPGA-FINAL-RELEASE/ps7_cortexa9_0/standalone_domain/bsp/system.mss
TRACE::2026-03-31.00:23:20::SCWPlatform::Trying to open the hw design at E:/Git-Repos/CNC-FPGA/Vitis3/CNC-FPGA-FINAL-RELEASE/hw/CNC-FPGA-FINAL-RELEASE.xsa
TRACE::2026-03-31.00:23:20::SCWPlatform::DSA given E:/Git-Repos/CNC-FPGA/Vitis3/CNC-FPGA-FINAL-RELEASE/hw/CNC-FPGA-FINAL-RELEASE.xsa
TRACE::2026-03-31.00:23:20::SCWPlatform::DSA absoulate path E:/Git-Repos/CNC-FPGA/Vitis3/CNC-FPGA-FINAL-RELEASE/hw/CNC-FPGA-FINAL-RELEASE.xsa
TRACE::2026-03-31.00:23:20::SCWPlatform::DSA directory E:/Git-Repos/CNC-FPGA/Vitis3/CNC-FPGA-FINAL-RELEASE/hw
TRACE::2026-03-31.00:23:20::SCWPlatform:: Platform Path E:/Git-Repos/CNC-FPGA/Vitis3/CNC-FPGA-FINAL-RELEASE/hw/CNC-FPGA-FINAL-RELEASE.xsa
TRACE::2026-03-31.00:23:20::SCWPlatform:: Unique name xilinx:zedboard::0.0
TRACE::2026-03-31.00:23:20::SCWPlatform::Trying to set the existing hwdb with name CNC_Top_wrapper
TRACE::2026-03-31.00:23:20::SCWPlatform::Opened existing hwdb CNC_Top_wrapper
TRACE::2026-03-31.00:23:20::SCWPlatform::Found the Hw Db part of the input DSA
TRACE::2026-03-31.00:23:20::SCWMssOS::Checking the sw design at  E:/Git-Repos/CNC-FPGA/Vitis3/CNC-FPGA-FINAL-RELEASE/ps7_cortexa9_0/standalone_domain/bsp/system.mss
TRACE::2026-03-31.00:23:20::SCWMssOS::DEBUG:  swdes dump  E:/Git-Repos/CNC-FPGA/Vitis3/CNC-FPGA-FINAL-RELEASE/ps7_cortexa9_0/standalone_domain/bsp/system.mss|system_0||
E:/Git-Repos/CNC-FPGA/Vitis3/CNC-FPGA-FINAL-RELEASE/zynq_fsbl/zynq_fsbl_bsp/system.mss|system||

TRACE::2026-03-31.00:23:20::SCWMssOS::Sw design exists and opened at  E:/Git-Repos/CNC-FPGA/Vitis3/CNC-FPGA-FINAL-RELEASE/ps7_cortexa9_0/standalone_domain/bsp/system.mss
TRACE::2026-03-31.00:23:20::SCWMssOS:: library already available in sw design:  xilffs:5.3
TRACE::2026-03-31.00:23:20::SCWMssOS::Saving the mss changes E:/Git-Repos/CNC-FPGA/Vitis3/CNC-FPGA-FINAL-RELEASE/ps7_cortexa9_0/standalone_domain/bsp/system.mss
TRACE::2026-03-31.00:23:20::SCWMssOS::Found a swdesign opened with the mssfile.
TRACE::2026-03-31.00:23:20::SCWMssOS::Completed writemss as part of save.
TRACE::2026-03-31.00:23:20::SCWMssOS::Commit changes completed.
TRACE::2026-03-31.00:23:20::SCWReader::Adding prebuilt librarypaths as   
TRACE::2026-03-31.00:23:20::SCWReader::Adding prebuilt incpaths  as   
TRACE::2026-03-31.00:23:20::SCWPlatform::Trying to open the hw design at E:/Git-Repos/CNC-FPGA/Vitis3/CNC-FPGA-FINAL-RELEASE/hw/CNC-FPGA-FINAL-RELEASE.xsa
TRACE::2026-03-31.00:23:20::SCWPlatform::DSA given E:/Git-Repos/CNC-FPGA/Vitis3/CNC-FPGA-FINAL-RELEASE/hw/CNC-FPGA-FINAL-RELEASE.xsa
TRACE::2026-03-31.00:23:20::SCWPlatform::DSA absoulate path E:/Git-Repos/CNC-FPGA/Vitis3/CNC-FPGA-FINAL-RELEASE/hw/CNC-FPGA-FINAL-RELEASE.xsa
TRACE::2026-03-31.00:23:20::SCWPlatform::DSA directory E:/Git-Repos/CNC-FPGA/Vitis3/CNC-FPGA-FINAL-RELEASE/hw
TRACE::2026-03-31.00:23:20::SCWPlatform:: Platform Path E:/Git-Repos/CNC-FPGA/Vitis3/CNC-FPGA-FINAL-RELEASE/hw/CNC-FPGA-FINAL-RELEASE.xsa
TRACE::2026-03-31.00:23:20::SCWPlatform:: Unique name xilinx:zedboard::0.0
TRACE::2026-03-31.00:23:20::SCWPlatform::Trying to set the existing hwdb with name CNC_Top_wrapper
TRACE::2026-03-31.00:23:20::SCWPlatform::Opened existing hwdb CNC_Top_wrapper
TRACE::2026-03-31.00:23:20::SCWPlatform::Found the Hw Db part of the input DSA
TRACE::2026-03-31.00:23:20::SCWMssOS::Checking the sw design at  E:/Git-Repos/CNC-FPGA/Vitis3/CNC-FPGA-FINAL-RELEASE/ps7_cortexa9_0/standalone_domain/bsp/system.mss
TRACE::2026-03-31.00:23:20::SCWMssOS::DEBUG:  swdes dump  E:/Git-Repos/CNC-FPGA/Vitis3/CNC-FPGA-FINAL-RELEASE/ps7_cortexa9_0/standalone_domain/bsp/system.mss|system_0||
E:/Git-Repos/CNC-FPGA/Vitis3/CNC-FPGA-FINAL-RELEASE/zynq_fsbl/zynq_fsbl_bsp/system.mss|system||

TRACE::2026-03-31.00:23:20::SCWMssOS::Sw design exists and opened at  E:/Git-Repos/CNC-FPGA/Vitis3/CNC-FPGA-FINAL-RELEASE/ps7_cortexa9_0/standalone_domain/bsp/system.mss
TRACE::2026-03-31.00:23:20::SCWReader::No isolation master present  
