Copyright 1986-2022 Xilinx, Inc. All Rights Reserved. Copyright 2022-2024 Advanced Micro Devices, Inc. All Rights Reserved.
------------------------------------------------------------------------------------------------------------------------------------------------------------------------------------------------------------------------------------------------
| Tool Version : Vivado v.2024.2 (win64) Build 5239630 Fri Nov 08 22:35:27 MST 2024
| Date         : Thu Dec 25 21:48:16 2025
| Host         : OBSIDIAN-NITRO running 64-bit major release  (build 9200)
| Command      : report_timing_summary -max_paths 10 -report_unconstrained -file SD_System_wrapper_timing_summary_routed.rpt -pb SD_System_wrapper_timing_summary_routed.pb -rpx SD_System_wrapper_timing_summary_routed.rpx -warn_on_violation
| Design       : SD_System_wrapper
| Device       : 7z020-clg484
| Speed File   : -1  PRODUCTION 1.12 2019-11-22
| Design State : Routed
------------------------------------------------------------------------------------------------------------------------------------------------------------------------------------------------------------------------------------------------

Timing Summary Report

------------------------------------------------------------------------------------------------
| Timer Settings
| --------------
------------------------------------------------------------------------------------------------

  Enable Multi Corner Analysis               :  Yes
  Enable Pessimism Removal                   :  Yes
  Pessimism Removal Resolution               :  Nearest Common Node
  Enable Input Delay Default Clock           :  No
  Enable Preset / Clear Arcs                 :  No
  Disable Flight Delays                      :  No
  Ignore I/O Paths                           :  No
  Timing Early Launch at Borrowing Latches   :  No
  Borrow Time for Max Delay Exceptions       :  Yes
  Merge Timing Exceptions                    :  Yes
  Inter-SLR Compensation                     :  Conservative

  Corner  Analyze    Analyze    
  Name    Max Paths  Min Paths  
  ------  ---------  ---------  
  Slow    Yes        Yes        
  Fast    Yes        Yes        


------------------------------------------------------------------------------------------------
| Report Methodology
| ------------------
------------------------------------------------------------------------------------------------

Rule       Severity  Description                    Violations  
---------  --------  -----------------------------  ----------  
TIMING-18  Warning   Missing input or output delay  9           

Note: This report is based on the most recent report_methodology run and may not be up-to-date. Run report_methodology on the current design for the latest report.



check_timing report

Table of Contents
-----------------
1. checking no_clock (0)
2. checking constant_clock (0)
3. checking pulse_width_clock (0)
4. checking unconstrained_internal_endpoints (0)
5. checking no_input_delay (1)
6. checking no_output_delay (5)
7. checking multiple_clock (0)
8. checking generated_clocks (0)
9. checking loops (0)
10. checking partial_input_delay (0)
11. checking partial_output_delay (0)
12. checking latch_loops (0)

1. checking no_clock (0)
------------------------
 There are 0 register/latch pins with no clock.


2. checking constant_clock (0)
------------------------------
 There are 0 register/latch pins with constant_clock.


3. checking pulse_width_clock (0)
---------------------------------
 There are 0 register/latch pins which need pulse_width check


4. checking unconstrained_internal_endpoints (0)
------------------------------------------------
 There are 0 pins that are not constrained for maximum delay.

 There are 0 pins that are not constrained for maximum delay due to constant clock.


5. checking no_input_delay (1)
------------------------------
 There is 1 input port with no input delay specified. (HIGH)

 There are 0 input ports with no input delay but user has a false path constraint.


6. checking no_output_delay (5)
-------------------------------
 There are 5 ports with no output delay specified. (HIGH)

 There are 0 ports with no output delay but user has a false path constraint

 There are 0 ports with no output delay but with a timing clock defined on it or propagating through it


7. checking multiple_clock (0)
------------------------------
 There are 0 register/latch pins with multiple clocks.


8. checking generated_clocks (0)
--------------------------------
 There are 0 generated clocks that are not connected to a clock source.


9. checking loops (0)
---------------------
 There are 0 combinational loops in the design.


10. checking partial_input_delay (0)
------------------------------------
 There are 0 input ports with partial input delay specified.


11. checking partial_output_delay (0)
-------------------------------------
 There are 0 ports with partial output delay specified.


12. checking latch_loops (0)
----------------------------
 There are 0 combinational latch loops in the design through latch input



------------------------------------------------------------------------------------------------
| Design Timing Summary
| ---------------------
------------------------------------------------------------------------------------------------

    WNS(ns)      TNS(ns)  TNS Failing Endpoints  TNS Total Endpoints      WHS(ns)      THS(ns)  THS Failing Endpoints  THS Total Endpoints     WPWS(ns)     TPWS(ns)  TPWS Failing Endpoints  TPWS Total Endpoints  
    -------      -------  ---------------------  -------------------      -------      -------  ---------------------  -------------------     --------     --------  ----------------------  --------------------  
      3.582        0.000                      0                 2872        0.069        0.000                      0                 2872        4.020        0.000                       0                  1437  


All user specified timing constraints are met.


------------------------------------------------------------------------------------------------
| Clock Summary
| -------------
------------------------------------------------------------------------------------------------

Clock       Waveform(ns)       Period(ns)      Frequency(MHz)
-----       ------------       ----------      --------------
clk_fpga_0  {0.000 5.000}      10.000          100.000         


------------------------------------------------------------------------------------------------
| Intra Clock Table
| -----------------
------------------------------------------------------------------------------------------------

Clock             WNS(ns)      TNS(ns)  TNS Failing Endpoints  TNS Total Endpoints      WHS(ns)      THS(ns)  THS Failing Endpoints  THS Total Endpoints     WPWS(ns)     TPWS(ns)  TPWS Failing Endpoints  TPWS Total Endpoints  
-----             -------      -------  ---------------------  -------------------      -------      -------  ---------------------  -------------------     --------     --------  ----------------------  --------------------  
clk_fpga_0          3.582        0.000                      0                 2872        0.069        0.000                      0                 2872        4.020        0.000                       0                  1437  


------------------------------------------------------------------------------------------------
| Inter Clock Table
| -----------------
------------------------------------------------------------------------------------------------

From Clock    To Clock          WNS(ns)      TNS(ns)  TNS Failing Endpoints  TNS Total Endpoints      WHS(ns)      THS(ns)  THS Failing Endpoints  THS Total Endpoints  
----------    --------          -------      -------  ---------------------  -------------------      -------      -------  ---------------------  -------------------  


------------------------------------------------------------------------------------------------
| Other Path Groups Table
| -----------------------
------------------------------------------------------------------------------------------------

Path Group    From Clock    To Clock          WNS(ns)      TNS(ns)  TNS Failing Endpoints  TNS Total Endpoints      WHS(ns)      THS(ns)  THS Failing Endpoints  THS Total Endpoints  
----------    ----------    --------          -------      -------  ---------------------  -------------------      -------      -------  ---------------------  -------------------  


------------------------------------------------------------------------------------------------
| User Ignored Path Table
| -----------------------
------------------------------------------------------------------------------------------------

Path Group    From Clock    To Clock    
----------    ----------    --------    
(none)                      clk_fpga_0    
(none)        clk_fpga_0    clk_fpga_0    


------------------------------------------------------------------------------------------------
| Unconstrained Path Table
| ------------------------
------------------------------------------------------------------------------------------------

Path Group    From Clock    To Clock    
----------    ----------    --------    
(none)        clk_fpga_0                  


------------------------------------------------------------------------------------------------
| Timing Details
| --------------
------------------------------------------------------------------------------------------------


---------------------------------------------------------------------------------------------------
From Clock:  clk_fpga_0
  To Clock:  clk_fpga_0

Setup :            0  Failing Endpoints,  Worst Slack        3.582ns,  Total Violation        0.000ns
Hold  :            0  Failing Endpoints,  Worst Slack        0.069ns,  Total Violation        0.000ns
PW    :            0  Failing Endpoints,  Worst Slack        4.020ns,  Total Violation        0.000ns
---------------------------------------------------------------------------------------------------


Max Delay Paths
--------------------------------------------------------------------------------------
Slack (MET) :             3.582ns  (required time - arrival time)
  Source:                 SD_System_i/processing_system7_0/inst/PS7_i/MAXIGP0ACLK
                            (rising edge-triggered cell PS7 clocked by clk_fpga_0  {rise@0.000ns fall@5.000ns period=10.000ns})
  Destination:            <hidden>
                            (rising edge-triggered cell FDRE clocked by clk_fpga_0  {rise@0.000ns fall@5.000ns period=10.000ns})
  Path Group:             clk_fpga_0
  Path Type:              Setup (Max at Slow Process Corner)
  Requirement:            10.000ns  (clk_fpga_0 rise@10.000ns - clk_fpga_0 rise@0.000ns)
  Data Path Delay:        5.435ns  (logic 2.168ns (39.887%)  route 3.267ns (60.113%))
  Logic Levels:           4  (LUT3=1 LUT4=1 LUT5=1 LUT6=1)
  Clock Path Skew:        -0.097ns (DCD - SCD + CPR)
    Destination Clock Delay (DCD):    2.705ns = ( 12.705 - 10.000 ) 
    Source Clock Delay      (SCD):    3.031ns
    Clock Pessimism Removal (CPR):    0.229ns
  Clock Uncertainty:      0.154ns  ((TSJ^2 + TIJ^2)^1/2 + DJ) / 2 + PE
    Total System Jitter     (TSJ):    0.071ns
    Total Input Jitter      (TIJ):    0.300ns
    Discrete Jitter          (DJ):    0.000ns
    Phase Error              (PE):    0.000ns

    Location             Delay type                Incr(ns)  Path(ns)    Netlist Resource(s)
  -------------------------------------------------------------------    -------------------
                         (clock clk_fpga_0 rise edge)
                                                      0.000     0.000 r  
    PS7_X0Y0             PS7                          0.000     0.000 r  SD_System_i/processing_system7_0/inst/PS7_i/FCLKCLK[0]
                         net (fo=1, routed)           1.193     1.193    SD_System_i/processing_system7_0/inst/FCLK_CLK0
    BUFGCTRL_X0Y16       BUFG (Prop_bufg_I_O)         0.101     1.294 r  SD_System_i/processing_system7_0/inst/FCLK_CLK0_BUFG_inst/O
                         net (fo=1437, routed)        1.737     3.031    SD_System_i/processing_system7_0/inst/M_AXI_GP0_ACLK
    PS7_X0Y0             PS7                                          r  SD_System_i/processing_system7_0/inst/PS7_i/MAXIGP0ACLK
  -------------------------------------------------------------------    -------------------
    PS7_X0Y0             PS7 (Prop_ps7_MAXIGP0ACLK_MAXIGP0AWADDR[27])
                                                      1.447     4.478 f  SD_System_i/processing_system7_0/inst/PS7_i/MAXIGP0AWADDR[27]
                         net (fo=1, routed)           0.972     5.450    <hidden>
    SLICE_X26Y98         LUT4 (Prop_lut4_I0_O)        0.124     5.574 f  <hidden>
                         net (fo=2, routed)           0.464     6.038    <hidden>
    SLICE_X26Y98         LUT5 (Prop_lut5_I3_O)        0.150     6.188 r  <hidden>
                         net (fo=6, routed)           0.501     6.689    <hidden>
    SLICE_X30Y97         LUT6 (Prop_lut6_I0_O)        0.328     7.017 f  <hidden>
                         net (fo=6, routed)           0.644     7.661    <hidden>
    SLICE_X28Y102        LUT3 (Prop_lut3_I2_O)        0.119     7.780 r  <hidden>
                         net (fo=4, routed)           0.686     8.466    <hidden>
    SLICE_X30Y99         FDRE                                         r  <hidden>
  -------------------------------------------------------------------    -------------------

                         (clock clk_fpga_0 rise edge)
                                                     10.000    10.000 r  
    PS7_X0Y0             PS7                          0.000    10.000 r  SD_System_i/processing_system7_0/inst/PS7_i/FCLKCLK[0]
                         net (fo=1, routed)           1.088    11.088    SD_System_i/processing_system7_0/inst/FCLK_CLK0
    BUFGCTRL_X0Y16       BUFG (Prop_bufg_I_O)         0.091    11.179 r  SD_System_i/processing_system7_0/inst/FCLK_CLK0_BUFG_inst/O
                         net (fo=1437, routed)        1.526    12.705    <hidden>
    SLICE_X30Y99         FDRE                                         r  <hidden>
                         clock pessimism              0.229    12.934    
                         clock uncertainty           -0.154    12.780    
    SLICE_X30Y99         FDRE (Setup_fdre_C_R)       -0.732    12.048    <hidden>
  -------------------------------------------------------------------
                         required time                         12.048    
                         arrival time                          -8.466    
  -------------------------------------------------------------------
                         slack                                  3.582    

Slack (MET) :             3.582ns  (required time - arrival time)
  Source:                 SD_System_i/processing_system7_0/inst/PS7_i/MAXIGP0ACLK
                            (rising edge-triggered cell PS7 clocked by clk_fpga_0  {rise@0.000ns fall@5.000ns period=10.000ns})
  Destination:            <hidden>
                            (rising edge-triggered cell FDRE clocked by clk_fpga_0  {rise@0.000ns fall@5.000ns period=10.000ns})
  Path Group:             clk_fpga_0
  Path Type:              Setup (Max at Slow Process Corner)
  Requirement:            10.000ns  (clk_fpga_0 rise@10.000ns - clk_fpga_0 rise@0.000ns)
  Data Path Delay:        5.435ns  (logic 2.168ns (39.887%)  route 3.267ns (60.113%))
  Logic Levels:           4  (LUT3=1 LUT4=1 LUT5=1 LUT6=1)
  Clock Path Skew:        -0.097ns (DCD - SCD + CPR)
    Destination Clock Delay (DCD):    2.705ns = ( 12.705 - 10.000 ) 
    Source Clock Delay      (SCD):    3.031ns
    Clock Pessimism Removal (CPR):    0.229ns
  Clock Uncertainty:      0.154ns  ((TSJ^2 + TIJ^2)^1/2 + DJ) / 2 + PE
    Total System Jitter     (TSJ):    0.071ns
    Total Input Jitter      (TIJ):    0.300ns
    Discrete Jitter          (DJ):    0.000ns
    Phase Error              (PE):    0.000ns

    Location             Delay type                Incr(ns)  Path(ns)    Netlist Resource(s)
  -------------------------------------------------------------------    -------------------
                         (clock clk_fpga_0 rise edge)
                                                      0.000     0.000 r  
    PS7_X0Y0             PS7                          0.000     0.000 r  SD_System_i/processing_system7_0/inst/PS7_i/FCLKCLK[0]
                         net (fo=1, routed)           1.193     1.193    SD_System_i/processing_system7_0/inst/FCLK_CLK0
    BUFGCTRL_X0Y16       BUFG (Prop_bufg_I_O)         0.101     1.294 r  SD_System_i/processing_system7_0/inst/FCLK_CLK0_BUFG_inst/O
                         net (fo=1437, routed)        1.737     3.031    SD_System_i/processing_system7_0/inst/M_AXI_GP0_ACLK
    PS7_X0Y0             PS7                                          r  SD_System_i/processing_system7_0/inst/PS7_i/MAXIGP0ACLK
  -------------------------------------------------------------------    -------------------
    PS7_X0Y0             PS7 (Prop_ps7_MAXIGP0ACLK_MAXIGP0AWADDR[27])
                                                      1.447     4.478 f  SD_System_i/processing_system7_0/inst/PS7_i/MAXIGP0AWADDR[27]
                         net (fo=1, routed)           0.972     5.450    <hidden>
    SLICE_X26Y98         LUT4 (Prop_lut4_I0_O)        0.124     5.574 f  <hidden>
                         net (fo=2, routed)           0.464     6.038    <hidden>
    SLICE_X26Y98         LUT5 (Prop_lut5_I3_O)        0.150     6.188 r  <hidden>
                         net (fo=6, routed)           0.501     6.689    <hidden>
    SLICE_X30Y97         LUT6 (Prop_lut6_I0_O)        0.328     7.017 f  <hidden>
                         net (fo=6, routed)           0.644     7.661    <hidden>
    SLICE_X28Y102        LUT3 (Prop_lut3_I2_O)        0.119     7.780 r  <hidden>
                         net (fo=4, routed)           0.686     8.466    <hidden>
    SLICE_X30Y99         FDRE                                         r  <hidden>
  -------------------------------------------------------------------    -------------------

                         (clock clk_fpga_0 rise edge)
                                                     10.000    10.000 r  
    PS7_X0Y0             PS7                          0.000    10.000 r  SD_System_i/processing_system7_0/inst/PS7_i/FCLKCLK[0]
                         net (fo=1, routed)           1.088    11.088    SD_System_i/processing_system7_0/inst/FCLK_CLK0
    BUFGCTRL_X0Y16       BUFG (Prop_bufg_I_O)         0.091    11.179 r  SD_System_i/processing_system7_0/inst/FCLK_CLK0_BUFG_inst/O
                         net (fo=1437, routed)        1.526    12.705    <hidden>
    SLICE_X30Y99         FDRE                                         r  <hidden>
                         clock pessimism              0.229    12.934    
                         clock uncertainty           -0.154    12.780    
    SLICE_X30Y99         FDRE (Setup_fdre_C_R)       -0.732    12.048    <hidden>
  -------------------------------------------------------------------
                         required time                         12.048    
                         arrival time                          -8.466    
  -------------------------------------------------------------------
                         slack                                  3.582    

Slack (MET) :             3.582ns  (required time - arrival time)
  Source:                 SD_System_i/processing_system7_0/inst/PS7_i/MAXIGP0ACLK
                            (rising edge-triggered cell PS7 clocked by clk_fpga_0  {rise@0.000ns fall@5.000ns period=10.000ns})
  Destination:            <hidden>
                            (rising edge-triggered cell FDRE clocked by clk_fpga_0  {rise@0.000ns fall@5.000ns period=10.000ns})
  Path Group:             clk_fpga_0
  Path Type:              Setup (Max at Slow Process Corner)
  Requirement:            10.000ns  (clk_fpga_0 rise@10.000ns - clk_fpga_0 rise@0.000ns)
  Data Path Delay:        5.435ns  (logic 2.168ns (39.887%)  route 3.267ns (60.113%))
  Logic Levels:           4  (LUT3=1 LUT4=1 LUT5=1 LUT6=1)
  Clock Path Skew:        -0.097ns (DCD - SCD + CPR)
    Destination Clock Delay (DCD):    2.705ns = ( 12.705 - 10.000 ) 
    Source Clock Delay      (SCD):    3.031ns
    Clock Pessimism Removal (CPR):    0.229ns
  Clock Uncertainty:      0.154ns  ((TSJ^2 + TIJ^2)^1/2 + DJ) / 2 + PE
    Total System Jitter     (TSJ):    0.071ns
    Total Input Jitter      (TIJ):    0.300ns
    Discrete Jitter          (DJ):    0.000ns
    Phase Error              (PE):    0.000ns

    Location             Delay type                Incr(ns)  Path(ns)    Netlist Resource(s)
  -------------------------------------------------------------------    -------------------
                         (clock clk_fpga_0 rise edge)
                                                      0.000     0.000 r  
    PS7_X0Y0             PS7                          0.000     0.000 r  SD_System_i/processing_system7_0/inst/PS7_i/FCLKCLK[0]
                         net (fo=1, routed)           1.193     1.193    SD_System_i/processing_system7_0/inst/FCLK_CLK0
    BUFGCTRL_X0Y16       BUFG (Prop_bufg_I_O)         0.101     1.294 r  SD_System_i/processing_system7_0/inst/FCLK_CLK0_BUFG_inst/O
                         net (fo=1437, routed)        1.737     3.031    SD_System_i/processing_system7_0/inst/M_AXI_GP0_ACLK
    PS7_X0Y0             PS7                                          r  SD_System_i/processing_system7_0/inst/PS7_i/MAXIGP0ACLK
  -------------------------------------------------------------------    -------------------
    PS7_X0Y0             PS7 (Prop_ps7_MAXIGP0ACLK_MAXIGP0AWADDR[27])
                                                      1.447     4.478 f  SD_System_i/processing_system7_0/inst/PS7_i/MAXIGP0AWADDR[27]
                         net (fo=1, routed)           0.972     5.450    <hidden>
    SLICE_X26Y98         LUT4 (Prop_lut4_I0_O)        0.124     5.574 f  <hidden>
                         net (fo=2, routed)           0.464     6.038    <hidden>
    SLICE_X26Y98         LUT5 (Prop_lut5_I3_O)        0.150     6.188 r  <hidden>
                         net (fo=6, routed)           0.501     6.689    <hidden>
    SLICE_X30Y97         LUT6 (Prop_lut6_I0_O)        0.328     7.017 f  <hidden>
                         net (fo=6, routed)           0.644     7.661    <hidden>
    SLICE_X28Y102        LUT3 (Prop_lut3_I2_O)        0.119     7.780 r  <hidden>
                         net (fo=4, routed)           0.686     8.466    <hidden>
    SLICE_X30Y99         FDRE                                         r  <hidden>
  -------------------------------------------------------------------    -------------------

                         (clock clk_fpga_0 rise edge)
                                                     10.000    10.000 r  
    PS7_X0Y0             PS7                          0.000    10.000 r  SD_System_i/processing_system7_0/inst/PS7_i/FCLKCLK[0]
                         net (fo=1, routed)           1.088    11.088    SD_System_i/processing_system7_0/inst/FCLK_CLK0
    BUFGCTRL_X0Y16       BUFG (Prop_bufg_I_O)         0.091    11.179 r  SD_System_i/processing_system7_0/inst/FCLK_CLK0_BUFG_inst/O
                         net (fo=1437, routed)        1.526    12.705    <hidden>
    SLICE_X30Y99         FDRE                                         r  <hidden>
                         clock pessimism              0.229    12.934    
                         clock uncertainty           -0.154    12.780    
    SLICE_X30Y99         FDRE (Setup_fdre_C_R)       -0.732    12.048    <hidden>
  -------------------------------------------------------------------
                         required time                         12.048    
                         arrival time                          -8.466    
  -------------------------------------------------------------------
                         slack                                  3.582    

Slack (MET) :             3.582ns  (required time - arrival time)
  Source:                 SD_System_i/processing_system7_0/inst/PS7_i/MAXIGP0ACLK
                            (rising edge-triggered cell PS7 clocked by clk_fpga_0  {rise@0.000ns fall@5.000ns period=10.000ns})
  Destination:            <hidden>
                            (rising edge-triggered cell FDRE clocked by clk_fpga_0  {rise@0.000ns fall@5.000ns period=10.000ns})
  Path Group:             clk_fpga_0
  Path Type:              Setup (Max at Slow Process Corner)
  Requirement:            10.000ns  (clk_fpga_0 rise@10.000ns - clk_fpga_0 rise@0.000ns)
  Data Path Delay:        5.435ns  (logic 2.168ns (39.887%)  route 3.267ns (60.113%))
  Logic Levels:           4  (LUT3=1 LUT4=1 LUT5=1 LUT6=1)
  Clock Path Skew:        -0.097ns (DCD - SCD + CPR)
    Destination Clock Delay (DCD):    2.705ns = ( 12.705 - 10.000 ) 
    Source Clock Delay      (SCD):    3.031ns
    Clock Pessimism Removal (CPR):    0.229ns
  Clock Uncertainty:      0.154ns  ((TSJ^2 + TIJ^2)^1/2 + DJ) / 2 + PE
    Total System Jitter     (TSJ):    0.071ns
    Total Input Jitter      (TIJ):    0.300ns
    Discrete Jitter          (DJ):    0.000ns
    Phase Error              (PE):    0.000ns

    Location             Delay type                Incr(ns)  Path(ns)    Netlist Resource(s)
  -------------------------------------------------------------------    -------------------
                         (clock clk_fpga_0 rise edge)
                                                      0.000     0.000 r  
    PS7_X0Y0             PS7                          0.000     0.000 r  SD_System_i/processing_system7_0/inst/PS7_i/FCLKCLK[0]
                         net (fo=1, routed)           1.193     1.193    SD_System_i/processing_system7_0/inst/FCLK_CLK0
    BUFGCTRL_X0Y16       BUFG (Prop_bufg_I_O)         0.101     1.294 r  SD_System_i/processing_system7_0/inst/FCLK_CLK0_BUFG_inst/O
                         net (fo=1437, routed)        1.737     3.031    SD_System_i/processing_system7_0/inst/M_AXI_GP0_ACLK
    PS7_X0Y0             PS7                                          r  SD_System_i/processing_system7_0/inst/PS7_i/MAXIGP0ACLK
  -------------------------------------------------------------------    -------------------
    PS7_X0Y0             PS7 (Prop_ps7_MAXIGP0ACLK_MAXIGP0AWADDR[27])
                                                      1.447     4.478 f  SD_System_i/processing_system7_0/inst/PS7_i/MAXIGP0AWADDR[27]
                         net (fo=1, routed)           0.972     5.450    <hidden>
    SLICE_X26Y98         LUT4 (Prop_lut4_I0_O)        0.124     5.574 f  <hidden>
                         net (fo=2, routed)           0.464     6.038    <hidden>
    SLICE_X26Y98         LUT5 (Prop_lut5_I3_O)        0.150     6.188 r  <hidden>
                         net (fo=6, routed)           0.501     6.689    <hidden>
    SLICE_X30Y97         LUT6 (Prop_lut6_I0_O)        0.328     7.017 f  <hidden>
                         net (fo=6, routed)           0.644     7.661    <hidden>
    SLICE_X28Y102        LUT3 (Prop_lut3_I2_O)        0.119     7.780 r  <hidden>
                         net (fo=4, routed)           0.686     8.466    <hidden>
    SLICE_X30Y99         FDRE                                         r  <hidden>
  -------------------------------------------------------------------    -------------------

                         (clock clk_fpga_0 rise edge)
                                                     10.000    10.000 r  
    PS7_X0Y0             PS7                          0.000    10.000 r  SD_System_i/processing_system7_0/inst/PS7_i/FCLKCLK[0]
                         net (fo=1, routed)           1.088    11.088    SD_System_i/processing_system7_0/inst/FCLK_CLK0
    BUFGCTRL_X0Y16       BUFG (Prop_bufg_I_O)         0.091    11.179 r  SD_System_i/processing_system7_0/inst/FCLK_CLK0_BUFG_inst/O
                         net (fo=1437, routed)        1.526    12.705    <hidden>
    SLICE_X30Y99         FDRE                                         r  <hidden>
                         clock pessimism              0.229    12.934    
                         clock uncertainty           -0.154    12.780    
    SLICE_X30Y99         FDRE (Setup_fdre_C_R)       -0.732    12.048    <hidden>
  -------------------------------------------------------------------
                         required time                         12.048    
                         arrival time                          -8.466    
  -------------------------------------------------------------------
                         slack                                  3.582    

Slack (MET) :             3.686ns  (required time - arrival time)
  Source:                 SD_System_i/processing_system7_0/inst/PS7_i/MAXIGP0ACLK
                            (rising edge-triggered cell PS7 clocked by clk_fpga_0  {rise@0.000ns fall@5.000ns period=10.000ns})
  Destination:            <hidden>
                            (rising edge-triggered cell FDRE clocked by clk_fpga_0  {rise@0.000ns fall@5.000ns period=10.000ns})
  Path Group:             clk_fpga_0
  Path Type:              Setup (Max at Slow Process Corner)
  Requirement:            10.000ns  (clk_fpga_0 rise@10.000ns - clk_fpga_0 rise@0.000ns)
  Data Path Delay:        5.409ns  (logic 2.165ns (40.024%)  route 3.244ns (59.976%))
  Logic Levels:           4  (LUT3=1 LUT4=1 LUT5=1 LUT6=1)
  Clock Path Skew:        -0.023ns (DCD - SCD + CPR)
    Destination Clock Delay (DCD):    2.879ns = ( 12.879 - 10.000 ) 
    Source Clock Delay      (SCD):    3.031ns
    Clock Pessimism Removal (CPR):    0.129ns
  Clock Uncertainty:      0.154ns  ((TSJ^2 + TIJ^2)^1/2 + DJ) / 2 + PE
    Total System Jitter     (TSJ):    0.071ns
    Total Input Jitter      (TIJ):    0.300ns
    Discrete Jitter          (DJ):    0.000ns
    Phase Error              (PE):    0.000ns

    Location             Delay type                Incr(ns)  Path(ns)    Netlist Resource(s)
  -------------------------------------------------------------------    -------------------
                         (clock clk_fpga_0 rise edge)
                                                      0.000     0.000 r  
    PS7_X0Y0             PS7                          0.000     0.000 r  SD_System_i/processing_system7_0/inst/PS7_i/FCLKCLK[0]
                         net (fo=1, routed)           1.193     1.193    SD_System_i/processing_system7_0/inst/FCLK_CLK0
    BUFGCTRL_X0Y16       BUFG (Prop_bufg_I_O)         0.101     1.294 r  SD_System_i/processing_system7_0/inst/FCLK_CLK0_BUFG_inst/O
                         net (fo=1437, routed)        1.737     3.031    SD_System_i/processing_system7_0/inst/M_AXI_GP0_ACLK
    PS7_X0Y0             PS7                                          r  SD_System_i/processing_system7_0/inst/PS7_i/MAXIGP0ACLK
  -------------------------------------------------------------------    -------------------
    PS7_X0Y0             PS7 (Prop_ps7_MAXIGP0ACLK_MAXIGP0AWADDR[27])
                                                      1.447     4.478 f  SD_System_i/processing_system7_0/inst/PS7_i/MAXIGP0AWADDR[27]
                         net (fo=1, routed)           0.972     5.450    <hidden>
    SLICE_X26Y98         LUT4 (Prop_lut4_I0_O)        0.124     5.574 f  <hidden>
                         net (fo=2, routed)           0.464     6.038    <hidden>
    SLICE_X26Y98         LUT5 (Prop_lut5_I3_O)        0.150     6.188 r  <hidden>
                         net (fo=6, routed)           0.501     6.689    <hidden>
    SLICE_X30Y97         LUT6 (Prop_lut6_I0_O)        0.328     7.017 f  <hidden>
                         net (fo=6, routed)           0.728     7.744    <hidden>
    SLICE_X30Y101        LUT3 (Prop_lut3_I2_O)        0.116     7.860 r  <hidden>
                         net (fo=4, routed)           0.580     8.440    <hidden>
    SLICE_X30Y101        FDRE                                         r  <hidden>
  -------------------------------------------------------------------    -------------------

                         (clock clk_fpga_0 rise edge)
                                                     10.000    10.000 r  
    PS7_X0Y0             PS7                          0.000    10.000 r  SD_System_i/processing_system7_0/inst/PS7_i/FCLKCLK[0]
                         net (fo=1, routed)           1.088    11.088    SD_System_i/processing_system7_0/inst/FCLK_CLK0
    BUFGCTRL_X0Y16       BUFG (Prop_bufg_I_O)         0.091    11.179 r  SD_System_i/processing_system7_0/inst/FCLK_CLK0_BUFG_inst/O
                         net (fo=1437, routed)        1.700    12.879    <hidden>
    SLICE_X30Y101        FDRE                                         r  <hidden>
                         clock pessimism              0.129    13.008    
                         clock uncertainty           -0.154    12.854    
    SLICE_X30Y101        FDRE (Setup_fdre_C_R)       -0.728    12.126    <hidden>
  -------------------------------------------------------------------
                         required time                         12.126    
                         arrival time                          -8.440    
  -------------------------------------------------------------------
                         slack                                  3.686    

Slack (MET) :             3.686ns  (required time - arrival time)
  Source:                 SD_System_i/processing_system7_0/inst/PS7_i/MAXIGP0ACLK
                            (rising edge-triggered cell PS7 clocked by clk_fpga_0  {rise@0.000ns fall@5.000ns period=10.000ns})
  Destination:            <hidden>
                            (rising edge-triggered cell FDRE clocked by clk_fpga_0  {rise@0.000ns fall@5.000ns period=10.000ns})
  Path Group:             clk_fpga_0
  Path Type:              Setup (Max at Slow Process Corner)
  Requirement:            10.000ns  (clk_fpga_0 rise@10.000ns - clk_fpga_0 rise@0.000ns)
  Data Path Delay:        5.409ns  (logic 2.165ns (40.024%)  route 3.244ns (59.976%))
  Logic Levels:           4  (LUT3=1 LUT4=1 LUT5=1 LUT6=1)
  Clock Path Skew:        -0.023ns (DCD - SCD + CPR)
    Destination Clock Delay (DCD):    2.879ns = ( 12.879 - 10.000 ) 
    Source Clock Delay      (SCD):    3.031ns
    Clock Pessimism Removal (CPR):    0.129ns
  Clock Uncertainty:      0.154ns  ((TSJ^2 + TIJ^2)^1/2 + DJ) / 2 + PE
    Total System Jitter     (TSJ):    0.071ns
    Total Input Jitter      (TIJ):    0.300ns
    Discrete Jitter          (DJ):    0.000ns
    Phase Error              (PE):    0.000ns

    Location             Delay type                Incr(ns)  Path(ns)    Netlist Resource(s)
  -------------------------------------------------------------------    -------------------
                         (clock clk_fpga_0 rise edge)
                                                      0.000     0.000 r  
    PS7_X0Y0             PS7                          0.000     0.000 r  SD_System_i/processing_system7_0/inst/PS7_i/FCLKCLK[0]
                         net (fo=1, routed)           1.193     1.193    SD_System_i/processing_system7_0/inst/FCLK_CLK0
    BUFGCTRL_X0Y16       BUFG (Prop_bufg_I_O)         0.101     1.294 r  SD_System_i/processing_system7_0/inst/FCLK_CLK0_BUFG_inst/O
                         net (fo=1437, routed)        1.737     3.031    SD_System_i/processing_system7_0/inst/M_AXI_GP0_ACLK
    PS7_X0Y0             PS7                                          r  SD_System_i/processing_system7_0/inst/PS7_i/MAXIGP0ACLK
  -------------------------------------------------------------------    -------------------
    PS7_X0Y0             PS7 (Prop_ps7_MAXIGP0ACLK_MAXIGP0AWADDR[27])
                                                      1.447     4.478 f  SD_System_i/processing_system7_0/inst/PS7_i/MAXIGP0AWADDR[27]
                         net (fo=1, routed)           0.972     5.450    <hidden>
    SLICE_X26Y98         LUT4 (Prop_lut4_I0_O)        0.124     5.574 f  <hidden>
                         net (fo=2, routed)           0.464     6.038    <hidden>
    SLICE_X26Y98         LUT5 (Prop_lut5_I3_O)        0.150     6.188 r  <hidden>
                         net (fo=6, routed)           0.501     6.689    <hidden>
    SLICE_X30Y97         LUT6 (Prop_lut6_I0_O)        0.328     7.017 f  <hidden>
                         net (fo=6, routed)           0.728     7.744    <hidden>
    SLICE_X30Y101        LUT3 (Prop_lut3_I2_O)        0.116     7.860 r  <hidden>
                         net (fo=4, routed)           0.580     8.440    <hidden>
    SLICE_X30Y101        FDRE                                         r  <hidden>
  -------------------------------------------------------------------    -------------------

                         (clock clk_fpga_0 rise edge)
                                                     10.000    10.000 r  
    PS7_X0Y0             PS7                          0.000    10.000 r  SD_System_i/processing_system7_0/inst/PS7_i/FCLKCLK[0]
                         net (fo=1, routed)           1.088    11.088    SD_System_i/processing_system7_0/inst/FCLK_CLK0
    BUFGCTRL_X0Y16       BUFG (Prop_bufg_I_O)         0.091    11.179 r  SD_System_i/processing_system7_0/inst/FCLK_CLK0_BUFG_inst/O
                         net (fo=1437, routed)        1.700    12.879    <hidden>
    SLICE_X30Y101        FDRE                                         r  <hidden>
                         clock pessimism              0.129    13.008    
                         clock uncertainty           -0.154    12.854    
    SLICE_X30Y101        FDRE (Setup_fdre_C_R)       -0.728    12.126    <hidden>
  -------------------------------------------------------------------
                         required time                         12.126    
                         arrival time                          -8.440    
  -------------------------------------------------------------------
                         slack                                  3.686    

Slack (MET) :             3.686ns  (required time - arrival time)
  Source:                 SD_System_i/processing_system7_0/inst/PS7_i/MAXIGP0ACLK
                            (rising edge-triggered cell PS7 clocked by clk_fpga_0  {rise@0.000ns fall@5.000ns period=10.000ns})
  Destination:            <hidden>
                            (rising edge-triggered cell FDRE clocked by clk_fpga_0  {rise@0.000ns fall@5.000ns period=10.000ns})
  Path Group:             clk_fpga_0
  Path Type:              Setup (Max at Slow Process Corner)
  Requirement:            10.000ns  (clk_fpga_0 rise@10.000ns - clk_fpga_0 rise@0.000ns)
  Data Path Delay:        5.409ns  (logic 2.165ns (40.024%)  route 3.244ns (59.976%))
  Logic Levels:           4  (LUT3=1 LUT4=1 LUT5=1 LUT6=1)
  Clock Path Skew:        -0.023ns (DCD - SCD + CPR)
    Destination Clock Delay (DCD):    2.879ns = ( 12.879 - 10.000 ) 
    Source Clock Delay      (SCD):    3.031ns
    Clock Pessimism Removal (CPR):    0.129ns
  Clock Uncertainty:      0.154ns  ((TSJ^2 + TIJ^2)^1/2 + DJ) / 2 + PE
    Total System Jitter     (TSJ):    0.071ns
    Total Input Jitter      (TIJ):    0.300ns
    Discrete Jitter          (DJ):    0.000ns
    Phase Error              (PE):    0.000ns

    Location             Delay type                Incr(ns)  Path(ns)    Netlist Resource(s)
  -------------------------------------------------------------------    -------------------
                         (clock clk_fpga_0 rise edge)
                                                      0.000     0.000 r  
    PS7_X0Y0             PS7                          0.000     0.000 r  SD_System_i/processing_system7_0/inst/PS7_i/FCLKCLK[0]
                         net (fo=1, routed)           1.193     1.193    SD_System_i/processing_system7_0/inst/FCLK_CLK0
    BUFGCTRL_X0Y16       BUFG (Prop_bufg_I_O)         0.101     1.294 r  SD_System_i/processing_system7_0/inst/FCLK_CLK0_BUFG_inst/O
                         net (fo=1437, routed)        1.737     3.031    SD_System_i/processing_system7_0/inst/M_AXI_GP0_ACLK
    PS7_X0Y0             PS7                                          r  SD_System_i/processing_system7_0/inst/PS7_i/MAXIGP0ACLK
  -------------------------------------------------------------------    -------------------
    PS7_X0Y0             PS7 (Prop_ps7_MAXIGP0ACLK_MAXIGP0AWADDR[27])
                                                      1.447     4.478 f  SD_System_i/processing_system7_0/inst/PS7_i/MAXIGP0AWADDR[27]
                         net (fo=1, routed)           0.972     5.450    <hidden>
    SLICE_X26Y98         LUT4 (Prop_lut4_I0_O)        0.124     5.574 f  <hidden>
                         net (fo=2, routed)           0.464     6.038    <hidden>
    SLICE_X26Y98         LUT5 (Prop_lut5_I3_O)        0.150     6.188 r  <hidden>
                         net (fo=6, routed)           0.501     6.689    <hidden>
    SLICE_X30Y97         LUT6 (Prop_lut6_I0_O)        0.328     7.017 f  <hidden>
                         net (fo=6, routed)           0.728     7.744    <hidden>
    SLICE_X30Y101        LUT3 (Prop_lut3_I2_O)        0.116     7.860 r  <hidden>
                         net (fo=4, routed)           0.580     8.440    <hidden>
    SLICE_X30Y101        FDRE                                         r  <hidden>
  -------------------------------------------------------------------    -------------------

                         (clock clk_fpga_0 rise edge)
                                                     10.000    10.000 r  
    PS7_X0Y0             PS7                          0.000    10.000 r  SD_System_i/processing_system7_0/inst/PS7_i/FCLKCLK[0]
                         net (fo=1, routed)           1.088    11.088    SD_System_i/processing_system7_0/inst/FCLK_CLK0
    BUFGCTRL_X0Y16       BUFG (Prop_bufg_I_O)         0.091    11.179 r  SD_System_i/processing_system7_0/inst/FCLK_CLK0_BUFG_inst/O
                         net (fo=1437, routed)        1.700    12.879    <hidden>
    SLICE_X30Y101        FDRE                                         r  <hidden>
                         clock pessimism              0.129    13.008    
                         clock uncertainty           -0.154    12.854    
    SLICE_X30Y101        FDRE (Setup_fdre_C_R)       -0.728    12.126    <hidden>
  -------------------------------------------------------------------
                         required time                         12.126    
                         arrival time                          -8.440    
  -------------------------------------------------------------------
                         slack                                  3.686    

Slack (MET) :             3.686ns  (required time - arrival time)
  Source:                 SD_System_i/processing_system7_0/inst/PS7_i/MAXIGP0ACLK
                            (rising edge-triggered cell PS7 clocked by clk_fpga_0  {rise@0.000ns fall@5.000ns period=10.000ns})
  Destination:            <hidden>
                            (rising edge-triggered cell FDRE clocked by clk_fpga_0  {rise@0.000ns fall@5.000ns period=10.000ns})
  Path Group:             clk_fpga_0
  Path Type:              Setup (Max at Slow Process Corner)
  Requirement:            10.000ns  (clk_fpga_0 rise@10.000ns - clk_fpga_0 rise@0.000ns)
  Data Path Delay:        5.409ns  (logic 2.165ns (40.024%)  route 3.244ns (59.976%))
  Logic Levels:           4  (LUT3=1 LUT4=1 LUT5=1 LUT6=1)
  Clock Path Skew:        -0.023ns (DCD - SCD + CPR)
    Destination Clock Delay (DCD):    2.879ns = ( 12.879 - 10.000 ) 
    Source Clock Delay      (SCD):    3.031ns
    Clock Pessimism Removal (CPR):    0.129ns
  Clock Uncertainty:      0.154ns  ((TSJ^2 + TIJ^2)^1/2 + DJ) / 2 + PE
    Total System Jitter     (TSJ):    0.071ns
    Total Input Jitter      (TIJ):    0.300ns
    Discrete Jitter          (DJ):    0.000ns
    Phase Error              (PE):    0.000ns

    Location             Delay type                Incr(ns)  Path(ns)    Netlist Resource(s)
  -------------------------------------------------------------------    -------------------
                         (clock clk_fpga_0 rise edge)
                                                      0.000     0.000 r  
    PS7_X0Y0             PS7                          0.000     0.000 r  SD_System_i/processing_system7_0/inst/PS7_i/FCLKCLK[0]
                         net (fo=1, routed)           1.193     1.193    SD_System_i/processing_system7_0/inst/FCLK_CLK0
    BUFGCTRL_X0Y16       BUFG (Prop_bufg_I_O)         0.101     1.294 r  SD_System_i/processing_system7_0/inst/FCLK_CLK0_BUFG_inst/O
                         net (fo=1437, routed)        1.737     3.031    SD_System_i/processing_system7_0/inst/M_AXI_GP0_ACLK
    PS7_X0Y0             PS7                                          r  SD_System_i/processing_system7_0/inst/PS7_i/MAXIGP0ACLK
  -------------------------------------------------------------------    -------------------
    PS7_X0Y0             PS7 (Prop_ps7_MAXIGP0ACLK_MAXIGP0AWADDR[27])
                                                      1.447     4.478 f  SD_System_i/processing_system7_0/inst/PS7_i/MAXIGP0AWADDR[27]
                         net (fo=1, routed)           0.972     5.450    <hidden>
    SLICE_X26Y98         LUT4 (Prop_lut4_I0_O)        0.124     5.574 f  <hidden>
                         net (fo=2, routed)           0.464     6.038    <hidden>
    SLICE_X26Y98         LUT5 (Prop_lut5_I3_O)        0.150     6.188 r  <hidden>
                         net (fo=6, routed)           0.501     6.689    <hidden>
    SLICE_X30Y97         LUT6 (Prop_lut6_I0_O)        0.328     7.017 f  <hidden>
                         net (fo=6, routed)           0.728     7.744    <hidden>
    SLICE_X30Y101        LUT3 (Prop_lut3_I2_O)        0.116     7.860 r  <hidden>
                         net (fo=4, routed)           0.580     8.440    <hidden>
    SLICE_X30Y101        FDRE                                         r  <hidden>
  -------------------------------------------------------------------    -------------------

                         (clock clk_fpga_0 rise edge)
                                                     10.000    10.000 r  
    PS7_X0Y0             PS7                          0.000    10.000 r  SD_System_i/processing_system7_0/inst/PS7_i/FCLKCLK[0]
                         net (fo=1, routed)           1.088    11.088    SD_System_i/processing_system7_0/inst/FCLK_CLK0
    BUFGCTRL_X0Y16       BUFG (Prop_bufg_I_O)         0.091    11.179 r  SD_System_i/processing_system7_0/inst/FCLK_CLK0_BUFG_inst/O
                         net (fo=1437, routed)        1.700    12.879    <hidden>
    SLICE_X30Y101        FDRE                                         r  <hidden>
                         clock pessimism              0.129    13.008    
                         clock uncertainty           -0.154    12.854    
    SLICE_X30Y101        FDRE (Setup_fdre_C_R)       -0.728    12.126    <hidden>
  -------------------------------------------------------------------
                         required time                         12.126    
                         arrival time                          -8.440    
  -------------------------------------------------------------------
                         slack                                  3.686    

Slack (MET) :             3.740ns  (required time - arrival time)
  Source:                 SD_System_i/processing_system7_0/inst/PS7_i/MAXIGP0ACLK
                            (rising edge-triggered cell PS7 clocked by clk_fpga_0  {rise@0.000ns fall@5.000ns period=10.000ns})
  Destination:            <hidden>
                            (rising edge-triggered cell FDRE clocked by clk_fpga_0  {rise@0.000ns fall@5.000ns period=10.000ns})
  Path Group:             clk_fpga_0
  Path Type:              Setup (Max at Slow Process Corner)
  Requirement:            10.000ns  (clk_fpga_0 rise@10.000ns - clk_fpga_0 rise@0.000ns)
  Data Path Delay:        5.754ns  (logic 1.960ns (34.063%)  route 3.794ns (65.937%))
  Logic Levels:           4  (LUT4=2 LUT5=1 LUT6=1)
  Clock Path Skew:        -0.101ns (DCD - SCD + CPR)
    Destination Clock Delay (DCD):    2.701ns = ( 12.701 - 10.000 ) 
    Source Clock Delay      (SCD):    3.031ns
    Clock Pessimism Removal (CPR):    0.229ns
  Clock Uncertainty:      0.154ns  ((TSJ^2 + TIJ^2)^1/2 + DJ) / 2 + PE
    Total System Jitter     (TSJ):    0.071ns
    Total Input Jitter      (TIJ):    0.300ns
    Discrete Jitter          (DJ):    0.000ns
    Phase Error              (PE):    0.000ns

    Location             Delay type                Incr(ns)  Path(ns)    Netlist Resource(s)
  -------------------------------------------------------------------    -------------------
                         (clock clk_fpga_0 rise edge)
                                                      0.000     0.000 r  
    PS7_X0Y0             PS7                          0.000     0.000 r  SD_System_i/processing_system7_0/inst/PS7_i/FCLKCLK[0]
                         net (fo=1, routed)           1.193     1.193    SD_System_i/processing_system7_0/inst/FCLK_CLK0
    BUFGCTRL_X0Y16       BUFG (Prop_bufg_I_O)         0.101     1.294 r  SD_System_i/processing_system7_0/inst/FCLK_CLK0_BUFG_inst/O
                         net (fo=1437, routed)        1.737     3.031    SD_System_i/processing_system7_0/inst/M_AXI_GP0_ACLK
    PS7_X0Y0             PS7                                          r  SD_System_i/processing_system7_0/inst/PS7_i/MAXIGP0ACLK
  -------------------------------------------------------------------    -------------------
    PS7_X0Y0             PS7 (Prop_ps7_MAXIGP0ACLK_MAXIGP0ARADDR[27])
                                                      1.438     4.469 f  SD_System_i/processing_system7_0/inst/PS7_i/MAXIGP0ARADDR[27]
                         net (fo=1, routed)           0.989     5.457    <hidden>
    SLICE_X26Y95         LUT4 (Prop_lut4_I0_O)        0.124     5.581 f  <hidden>
                         net (fo=1, routed)           0.491     6.073    <hidden>
    SLICE_X26Y96         LUT5 (Prop_lut5_I3_O)        0.124     6.197 f  <hidden>
                         net (fo=8, routed)           0.802     6.998    <hidden>
    SLICE_X27Y91         LUT6 (Prop_lut6_I5_O)        0.124     7.122 f  <hidden>
                         net (fo=4, routed)           0.900     8.022    <hidden>
    SLICE_X30Y88         LUT4 (Prop_lut4_I0_O)        0.150     8.172 r  <hidden>
                         net (fo=1, routed)           0.613     8.785    <hidden>
    SLICE_X28Y88         FDRE                                         r  <hidden>
  -------------------------------------------------------------------    -------------------

                         (clock clk_fpga_0 rise edge)
                                                     10.000    10.000 r  
    PS7_X0Y0             PS7                          0.000    10.000 r  SD_System_i/processing_system7_0/inst/PS7_i/FCLKCLK[0]
                         net (fo=1, routed)           1.088    11.088    SD_System_i/processing_system7_0/inst/FCLK_CLK0
    BUFGCTRL_X0Y16       BUFG (Prop_bufg_I_O)         0.091    11.179 r  SD_System_i/processing_system7_0/inst/FCLK_CLK0_BUFG_inst/O
                         net (fo=1437, routed)        1.522    12.701    <hidden>
    SLICE_X28Y88         FDRE                                         r  <hidden>
                         clock pessimism              0.229    12.930    
                         clock uncertainty           -0.154    12.776    
    SLICE_X28Y88         FDRE (Setup_fdre_C_D)       -0.251    12.525    <hidden>
  -------------------------------------------------------------------
                         required time                         12.525    
                         arrival time                          -8.785    
  -------------------------------------------------------------------
                         slack                                  3.740    

Slack (MET) :             4.005ns  (required time - arrival time)
  Source:                 <hidden>
                            (rising edge-triggered cell FDRE clocked by clk_fpga_0  {rise@0.000ns fall@5.000ns period=10.000ns})
  Destination:            SD_System_i/INTERCONNECT_GPIO/U0/AXI_LITE_IPIF_I/I_SLAVE_ATTACHMENT/state_reg[1]/D
                            (rising edge-triggered cell FDRE clocked by clk_fpga_0  {rise@0.000ns fall@5.000ns period=10.000ns})
  Path Group:             clk_fpga_0
  Path Type:              Setup (Max at Slow Process Corner)
  Requirement:            10.000ns  (clk_fpga_0 rise@10.000ns - clk_fpga_0 rise@0.000ns)
  Data Path Delay:        5.566ns  (logic 1.602ns (28.782%)  route 3.964ns (71.218%))
  Logic Levels:           5  (LUT2=3 LUT3=1 LUT6=1)
  Clock Path Skew:        -0.354ns (DCD - SCD + CPR)
    Destination Clock Delay (DCD):    2.656ns = ( 12.656 - 10.000 ) 
    Source Clock Delay      (SCD):    3.139ns
    Clock Pessimism Removal (CPR):    0.129ns
  Clock Uncertainty:      0.154ns  ((TSJ^2 + TIJ^2)^1/2 + DJ) / 2 + PE
    Total System Jitter     (TSJ):    0.071ns
    Total Input Jitter      (TIJ):    0.300ns
    Discrete Jitter          (DJ):    0.000ns
    Phase Error              (PE):    0.000ns

    Location             Delay type                Incr(ns)  Path(ns)    Netlist Resource(s)
  -------------------------------------------------------------------    -------------------
                         (clock clk_fpga_0 rise edge)
                                                      0.000     0.000 r  
    PS7_X0Y0             PS7                          0.000     0.000 r  SD_System_i/processing_system7_0/inst/PS7_i/FCLKCLK[0]
                         net (fo=1, routed)           1.193     1.193    SD_System_i/processing_system7_0/inst/FCLK_CLK0
    BUFGCTRL_X0Y16       BUFG (Prop_bufg_I_O)         0.101     1.294 r  SD_System_i/processing_system7_0/inst/FCLK_CLK0_BUFG_inst/O
                         net (fo=1437, routed)        1.845     3.139    <hidden>
    SLICE_X32Y100        FDRE                                         r  <hidden>
  -------------------------------------------------------------------    -------------------
    SLICE_X32Y100        FDRE (Prop_fdre_C_Q)         0.518     3.657 r  <hidden>
                         net (fo=3, routed)           1.076     4.733    <hidden>
    SLICE_X40Y99         LUT2 (Prop_lut2_I0_O)        0.150     4.883 r  <hidden>
                         net (fo=1, routed)           0.439     5.322    <hidden>
    SLICE_X41Y98         LUT2 (Prop_lut2_I0_O)        0.326     5.648 r  <hidden>
                         net (fo=2, routed)           0.774     6.422    <hidden>
    SLICE_X42Y92         LUT3 (Prop_lut3_I1_O)        0.124     6.546 r  <hidden>
                         net (fo=6, routed)           0.983     7.529    SD_System_i/INTERCONNECT_GPIO/U0/AXI_LITE_IPIF_I/I_SLAVE_ATTACHMENT/s_axi_awvalid
    SLICE_X42Y90         LUT2 (Prop_lut2_I0_O)        0.153     7.682 r  SD_System_i/INTERCONNECT_GPIO/U0/AXI_LITE_IPIF_I/I_SLAVE_ATTACHMENT/state[1]_i_2/O
                         net (fo=1, routed)           0.692     8.374    SD_System_i/INTERCONNECT_GPIO/U0/AXI_LITE_IPIF_I/I_SLAVE_ATTACHMENT/p_5_in
    SLICE_X42Y90         LUT6 (Prop_lut6_I1_O)        0.331     8.705 r  SD_System_i/INTERCONNECT_GPIO/U0/AXI_LITE_IPIF_I/I_SLAVE_ATTACHMENT/state[1]_i_1/O
                         net (fo=1, routed)           0.000     8.705    SD_System_i/INTERCONNECT_GPIO/U0/AXI_LITE_IPIF_I/I_SLAVE_ATTACHMENT/state[1]_i_1_n_0
    SLICE_X42Y90         FDRE                                         r  SD_System_i/INTERCONNECT_GPIO/U0/AXI_LITE_IPIF_I/I_SLAVE_ATTACHMENT/state_reg[1]/D
  -------------------------------------------------------------------    -------------------

                         (clock clk_fpga_0 rise edge)
                                                     10.000    10.000 r  
    PS7_X0Y0             PS7                          0.000    10.000 r  SD_System_i/processing_system7_0/inst/PS7_i/FCLKCLK[0]
                         net (fo=1, routed)           1.088    11.088    SD_System_i/processing_system7_0/inst/FCLK_CLK0
    BUFGCTRL_X0Y16       BUFG (Prop_bufg_I_O)         0.091    11.179 r  SD_System_i/processing_system7_0/inst/FCLK_CLK0_BUFG_inst/O
                         net (fo=1437, routed)        1.477    12.656    SD_System_i/INTERCONNECT_GPIO/U0/AXI_LITE_IPIF_I/I_SLAVE_ATTACHMENT/s_axi_aclk
    SLICE_X42Y90         FDRE                                         r  SD_System_i/INTERCONNECT_GPIO/U0/AXI_LITE_IPIF_I/I_SLAVE_ATTACHMENT/state_reg[1]/C
                         clock pessimism              0.129    12.785    
                         clock uncertainty           -0.154    12.631    
    SLICE_X42Y90         FDRE (Setup_fdre_C_D)        0.079    12.710    SD_System_i/INTERCONNECT_GPIO/U0/AXI_LITE_IPIF_I/I_SLAVE_ATTACHMENT/state_reg[1]
  -------------------------------------------------------------------
                         required time                         12.710    
                         arrival time                          -8.705    
  -------------------------------------------------------------------
                         slack                                  4.005    





Min Delay Paths
--------------------------------------------------------------------------------------
Slack (MET) :             0.069ns  (arrival time - required time)
  Source:                 <hidden>
                            (rising edge-triggered cell FDRE clocked by clk_fpga_0  {rise@0.000ns fall@5.000ns period=10.000ns})
  Destination:            <hidden>
                            (rising edge-triggered cell FDRE clocked by clk_fpga_0  {rise@0.000ns fall@5.000ns period=10.000ns})
  Path Group:             clk_fpga_0
  Path Type:              Hold (Min at Fast Process Corner)
  Requirement:            0.000ns  (clk_fpga_0 rise@0.000ns - clk_fpga_0 rise@0.000ns)
  Data Path Delay:        0.322ns  (logic 0.141ns (43.730%)  route 0.181ns (56.270%))
  Logic Levels:           0  
  Clock Path Skew:        0.183ns (DCD - SCD - CPR)
    Destination Clock Delay (DCD):    1.210ns
    Source Clock Delay      (SCD):    0.992ns
    Clock Pessimism Removal (CPR):    0.035ns

    Location             Delay type                Incr(ns)  Path(ns)    Netlist Resource(s)
  -------------------------------------------------------------------    -------------------
                         (clock clk_fpga_0 rise edge)
                                                      0.000     0.000 r  
    PS7_X0Y0             PS7                          0.000     0.000 r  SD_System_i/processing_system7_0/inst/PS7_i/FCLKCLK[0]
                         net (fo=1, routed)           0.310     0.310    SD_System_i/processing_system7_0/inst/FCLK_CLK0
    BUFGCTRL_X0Y16       BUFG (Prop_bufg_I_O)         0.026     0.336 r  SD_System_i/processing_system7_0/inst/FCLK_CLK0_BUFG_inst/O
                         net (fo=1437, routed)        0.656     0.992    <hidden>
    SLICE_X27Y101        FDRE                                         r  <hidden>
  -------------------------------------------------------------------    -------------------
    SLICE_X27Y101        FDRE (Prop_fdre_C_Q)         0.141     1.133 r  <hidden>
                         net (fo=2, routed)           0.181     1.314    <hidden>
    SLICE_X27Y98         FDRE                                         r  <hidden>
  -------------------------------------------------------------------    -------------------

                         (clock clk_fpga_0 rise edge)
                                                      0.000     0.000 r  
    PS7_X0Y0             PS7                          0.000     0.000 r  SD_System_i/processing_system7_0/inst/PS7_i/FCLKCLK[0]
                         net (fo=1, routed)           0.337     0.337    SD_System_i/processing_system7_0/inst/FCLK_CLK0
    BUFGCTRL_X0Y16       BUFG (Prop_bufg_I_O)         0.029     0.366 r  SD_System_i/processing_system7_0/inst/FCLK_CLK0_BUFG_inst/O
                         net (fo=1437, routed)        0.844     1.210    <hidden>
    SLICE_X27Y98         FDRE                                         r  <hidden>
                         clock pessimism             -0.035     1.175    
    SLICE_X27Y98         FDRE (Hold_fdre_C_D)         0.071     1.246    <hidden>
  -------------------------------------------------------------------
                         required time                         -1.246    
                         arrival time                           1.314    
  -------------------------------------------------------------------
                         slack                                  0.069    

Slack (MET) :             0.078ns  (arrival time - required time)
  Source:                 <hidden>
                            (rising edge-triggered cell FDRE clocked by clk_fpga_0  {rise@0.000ns fall@5.000ns period=10.000ns})
  Destination:            <hidden>
                            (rising edge-triggered cell FDRE clocked by clk_fpga_0  {rise@0.000ns fall@5.000ns period=10.000ns})
  Path Group:             clk_fpga_0
  Path Type:              Hold (Min at Fast Process Corner)
  Requirement:            0.000ns  (clk_fpga_0 rise@0.000ns - clk_fpga_0 rise@0.000ns)
  Data Path Delay:        0.324ns  (logic 0.141ns (43.460%)  route 0.183ns (56.540%))
  Logic Levels:           0  
  Clock Path Skew:        0.183ns (DCD - SCD - CPR)
    Destination Clock Delay (DCD):    1.210ns
    Source Clock Delay      (SCD):    0.992ns
    Clock Pessimism Removal (CPR):    0.035ns

    Location             Delay type                Incr(ns)  Path(ns)    Netlist Resource(s)
  -------------------------------------------------------------------    -------------------
                         (clock clk_fpga_0 rise edge)
                                                      0.000     0.000 r  
    PS7_X0Y0             PS7                          0.000     0.000 r  SD_System_i/processing_system7_0/inst/PS7_i/FCLKCLK[0]
                         net (fo=1, routed)           0.310     0.310    SD_System_i/processing_system7_0/inst/FCLK_CLK0
    BUFGCTRL_X0Y16       BUFG (Prop_bufg_I_O)         0.026     0.336 r  SD_System_i/processing_system7_0/inst/FCLK_CLK0_BUFG_inst/O
                         net (fo=1437, routed)        0.656     0.992    <hidden>
    SLICE_X27Y101        FDRE                                         r  <hidden>
  -------------------------------------------------------------------    -------------------
    SLICE_X27Y101        FDRE (Prop_fdre_C_Q)         0.141     1.133 r  <hidden>
                         net (fo=2, routed)           0.183     1.316    <hidden>
    SLICE_X26Y98         FDRE                                         r  <hidden>
  -------------------------------------------------------------------    -------------------

                         (clock clk_fpga_0 rise edge)
                                                      0.000     0.000 r  
    PS7_X0Y0             PS7                          0.000     0.000 r  SD_System_i/processing_system7_0/inst/PS7_i/FCLKCLK[0]
                         net (fo=1, routed)           0.337     0.337    SD_System_i/processing_system7_0/inst/FCLK_CLK0
    BUFGCTRL_X0Y16       BUFG (Prop_bufg_I_O)         0.029     0.366 r  SD_System_i/processing_system7_0/inst/FCLK_CLK0_BUFG_inst/O
                         net (fo=1437, routed)        0.844     1.210    <hidden>
    SLICE_X26Y98         FDRE                                         r  <hidden>
                         clock pessimism             -0.035     1.175    
    SLICE_X26Y98         FDRE (Hold_fdre_C_D)         0.064     1.239    <hidden>
  -------------------------------------------------------------------
                         required time                         -1.239    
                         arrival time                           1.316    
  -------------------------------------------------------------------
                         slack                                  0.078    

Slack (MET) :             0.106ns  (arrival time - required time)
  Source:                 SD_System_i/Z_GPIO/U0/ip2bus_data_i_D1_reg[20]/C
                            (rising edge-triggered cell FDRE clocked by clk_fpga_0  {rise@0.000ns fall@5.000ns period=10.000ns})
  Destination:            SD_System_i/Z_GPIO/U0/AXI_LITE_IPIF_I/I_SLAVE_ATTACHMENT/s_axi_rdata_i_reg[11]/D
                            (rising edge-triggered cell FDRE clocked by clk_fpga_0  {rise@0.000ns fall@5.000ns period=10.000ns})
  Path Group:             clk_fpga_0
  Path Type:              Hold (Min at Fast Process Corner)
  Requirement:            0.000ns  (clk_fpga_0 rise@0.000ns - clk_fpga_0 rise@0.000ns)
  Data Path Delay:        0.195ns  (logic 0.141ns (72.269%)  route 0.054ns (27.731%))
  Logic Levels:           0  
  Clock Path Skew:        0.013ns (DCD - SCD - CPR)
    Destination Clock Delay (DCD):    1.190ns
    Source Clock Delay      (SCD):    0.893ns
    Clock Pessimism Removal (CPR):    0.284ns

    Location             Delay type                Incr(ns)  Path(ns)    Netlist Resource(s)
  -------------------------------------------------------------------    -------------------
                         (clock clk_fpga_0 rise edge)
                                                      0.000     0.000 r  
    PS7_X0Y0             PS7                          0.000     0.000 r  SD_System_i/processing_system7_0/inst/PS7_i/FCLKCLK[0]
                         net (fo=1, routed)           0.310     0.310    SD_System_i/processing_system7_0/inst/FCLK_CLK0
    BUFGCTRL_X0Y16       BUFG (Prop_bufg_I_O)         0.026     0.336 r  SD_System_i/processing_system7_0/inst/FCLK_CLK0_BUFG_inst/O
                         net (fo=1437, routed)        0.557     0.893    SD_System_i/Z_GPIO/U0/s_axi_aclk
    SLICE_X35Y90         FDRE                                         r  SD_System_i/Z_GPIO/U0/ip2bus_data_i_D1_reg[20]/C
  -------------------------------------------------------------------    -------------------
    SLICE_X35Y90         FDRE (Prop_fdre_C_Q)         0.141     1.034 r  SD_System_i/Z_GPIO/U0/ip2bus_data_i_D1_reg[20]/Q
                         net (fo=1, routed)           0.054     1.088    SD_System_i/Z_GPIO/U0/AXI_LITE_IPIF_I/I_SLAVE_ATTACHMENT/Q[11]
    SLICE_X34Y90         FDRE                                         r  SD_System_i/Z_GPIO/U0/AXI_LITE_IPIF_I/I_SLAVE_ATTACHMENT/s_axi_rdata_i_reg[11]/D
  -------------------------------------------------------------------    -------------------

                         (clock clk_fpga_0 rise edge)
                                                      0.000     0.000 r  
    PS7_X0Y0             PS7                          0.000     0.000 r  SD_System_i/processing_system7_0/inst/PS7_i/FCLKCLK[0]
                         net (fo=1, routed)           0.337     0.337    SD_System_i/processing_system7_0/inst/FCLK_CLK0
    BUFGCTRL_X0Y16       BUFG (Prop_bufg_I_O)         0.029     0.366 r  SD_System_i/processing_system7_0/inst/FCLK_CLK0_BUFG_inst/O
                         net (fo=1437, routed)        0.824     1.190    SD_System_i/Z_GPIO/U0/AXI_LITE_IPIF_I/I_SLAVE_ATTACHMENT/s_axi_aclk
    SLICE_X34Y90         FDRE                                         r  SD_System_i/Z_GPIO/U0/AXI_LITE_IPIF_I/I_SLAVE_ATTACHMENT/s_axi_rdata_i_reg[11]/C
                         clock pessimism             -0.284     0.906    
    SLICE_X34Y90         FDRE (Hold_fdre_C_D)         0.076     0.982    SD_System_i/Z_GPIO/U0/AXI_LITE_IPIF_I/I_SLAVE_ATTACHMENT/s_axi_rdata_i_reg[11]
  -------------------------------------------------------------------
                         required time                         -0.982    
                         arrival time                           1.088    
  -------------------------------------------------------------------
                         slack                                  0.106    

Slack (MET) :             0.109ns  (arrival time - required time)
  Source:                 SD_System_i/Y_GPIO/U0/AXI_LITE_IPIF_I/I_SLAVE_ATTACHMENT/s_axi_rdata_i_reg[14]/C
                            (rising edge-triggered cell FDRE clocked by clk_fpga_0  {rise@0.000ns fall@5.000ns period=10.000ns})
  Destination:            <hidden>
                            (rising edge-triggered cell FDRE clocked by clk_fpga_0  {rise@0.000ns fall@5.000ns period=10.000ns})
  Path Group:             clk_fpga_0
  Path Type:              Hold (Min at Fast Process Corner)
  Requirement:            0.000ns  (clk_fpga_0 rise@0.000ns - clk_fpga_0 rise@0.000ns)
  Data Path Delay:        0.242ns  (logic 0.186ns (76.827%)  route 0.056ns (23.173%))
  Logic Levels:           1  (LUT6=1)
  Clock Path Skew:        0.013ns (DCD - SCD - CPR)
    Destination Clock Delay (DCD):    1.209ns
    Source Clock Delay      (SCD):    0.911ns
    Clock Pessimism Removal (CPR):    0.285ns

    Location             Delay type                Incr(ns)  Path(ns)    Netlist Resource(s)
  -------------------------------------------------------------------    -------------------
                         (clock clk_fpga_0 rise edge)
                                                      0.000     0.000 r  
    PS7_X0Y0             PS7                          0.000     0.000 r  SD_System_i/processing_system7_0/inst/PS7_i/FCLKCLK[0]
                         net (fo=1, routed)           0.310     0.310    SD_System_i/processing_system7_0/inst/FCLK_CLK0
    BUFGCTRL_X0Y16       BUFG (Prop_bufg_I_O)         0.026     0.336 r  SD_System_i/processing_system7_0/inst/FCLK_CLK0_BUFG_inst/O
                         net (fo=1437, routed)        0.575     0.911    SD_System_i/Y_GPIO/U0/AXI_LITE_IPIF_I/I_SLAVE_ATTACHMENT/s_axi_aclk
    SLICE_X31Y92         FDRE                                         r  SD_System_i/Y_GPIO/U0/AXI_LITE_IPIF_I/I_SLAVE_ATTACHMENT/s_axi_rdata_i_reg[14]/C
  -------------------------------------------------------------------    -------------------
    SLICE_X31Y92         FDRE (Prop_fdre_C_Q)         0.141     1.052 r  SD_System_i/Y_GPIO/U0/AXI_LITE_IPIF_I/I_SLAVE_ATTACHMENT/s_axi_rdata_i_reg[14]/Q
                         net (fo=1, routed)           0.056     1.108    <hidden>
    SLICE_X30Y92         LUT6 (Prop_lut6_I0_O)        0.045     1.153 r  <hidden>
                         net (fo=1, routed)           0.000     1.153    <hidden>
    SLICE_X30Y92         FDRE                                         r  <hidden>
  -------------------------------------------------------------------    -------------------

                         (clock clk_fpga_0 rise edge)
                                                      0.000     0.000 r  
    PS7_X0Y0             PS7                          0.000     0.000 r  SD_System_i/processing_system7_0/inst/PS7_i/FCLKCLK[0]
                         net (fo=1, routed)           0.337     0.337    SD_System_i/processing_system7_0/inst/FCLK_CLK0
    BUFGCTRL_X0Y16       BUFG (Prop_bufg_I_O)         0.029     0.366 r  SD_System_i/processing_system7_0/inst/FCLK_CLK0_BUFG_inst/O
                         net (fo=1437, routed)        0.843     1.209    <hidden>
    SLICE_X30Y92         FDRE                                         r  <hidden>
                         clock pessimism             -0.285     0.924    
    SLICE_X30Y92         FDRE (Hold_fdre_C_D)         0.120     1.044    <hidden>
  -------------------------------------------------------------------
                         required time                         -1.044    
                         arrival time                           1.153    
  -------------------------------------------------------------------
                         slack                                  0.109    

Slack (MET) :             0.117ns  (arrival time - required time)
  Source:                 SD_System_i/X_GPIO/U0/gpio_core_1/Not_Dual.gpio_Data_Out_reg[13]/C
                            (rising edge-triggered cell FDRE clocked by clk_fpga_0  {rise@0.000ns fall@5.000ns period=10.000ns})
  Destination:            SD_System_i/X_GPIO/U0/gpio_core_1/Not_Dual.ALLOUT_ND.READ_REG_GEN[13].reg1_reg[13]/D
                            (rising edge-triggered cell FDRE clocked by clk_fpga_0  {rise@0.000ns fall@5.000ns period=10.000ns})
  Path Group:             clk_fpga_0
  Path Type:              Hold (Min at Fast Process Corner)
  Requirement:            0.000ns  (clk_fpga_0 rise@0.000ns - clk_fpga_0 rise@0.000ns)
  Data Path Delay:        0.206ns  (logic 0.141ns (68.378%)  route 0.065ns (31.622%))
  Logic Levels:           0  
  Clock Path Skew:        0.013ns (DCD - SCD - CPR)
    Destination Clock Delay (DCD):    1.191ns
    Source Clock Delay      (SCD):    0.894ns
    Clock Pessimism Removal (CPR):    0.284ns

    Location             Delay type                Incr(ns)  Path(ns)    Netlist Resource(s)
  -------------------------------------------------------------------    -------------------
                         (clock clk_fpga_0 rise edge)
                                                      0.000     0.000 r  
    PS7_X0Y0             PS7                          0.000     0.000 r  SD_System_i/processing_system7_0/inst/PS7_i/FCLKCLK[0]
                         net (fo=1, routed)           0.310     0.310    SD_System_i/processing_system7_0/inst/FCLK_CLK0
    BUFGCTRL_X0Y16       BUFG (Prop_bufg_I_O)         0.026     0.336 r  SD_System_i/processing_system7_0/inst/FCLK_CLK0_BUFG_inst/O
                         net (fo=1437, routed)        0.558     0.894    SD_System_i/X_GPIO/U0/gpio_core_1/s_axi_aclk
    SLICE_X35Y95         FDRE                                         r  SD_System_i/X_GPIO/U0/gpio_core_1/Not_Dual.gpio_Data_Out_reg[13]/C
  -------------------------------------------------------------------    -------------------
    SLICE_X35Y95         FDRE (Prop_fdre_C_Q)         0.141     1.035 r  SD_System_i/X_GPIO/U0/gpio_core_1/Not_Dual.gpio_Data_Out_reg[13]/Q
                         net (fo=2, routed)           0.065     1.100    SD_System_i/X_GPIO/U0/gpio_core_1/gpio_io_o[18]
    SLICE_X34Y95         FDRE                                         r  SD_System_i/X_GPIO/U0/gpio_core_1/Not_Dual.ALLOUT_ND.READ_REG_GEN[13].reg1_reg[13]/D
  -------------------------------------------------------------------    -------------------

                         (clock clk_fpga_0 rise edge)
                                                      0.000     0.000 r  
    PS7_X0Y0             PS7                          0.000     0.000 r  SD_System_i/processing_system7_0/inst/PS7_i/FCLKCLK[0]
                         net (fo=1, routed)           0.337     0.337    SD_System_i/processing_system7_0/inst/FCLK_CLK0
    BUFGCTRL_X0Y16       BUFG (Prop_bufg_I_O)         0.029     0.366 r  SD_System_i/processing_system7_0/inst/FCLK_CLK0_BUFG_inst/O
                         net (fo=1437, routed)        0.825     1.191    SD_System_i/X_GPIO/U0/gpio_core_1/s_axi_aclk
    SLICE_X34Y95         FDRE                                         r  SD_System_i/X_GPIO/U0/gpio_core_1/Not_Dual.ALLOUT_ND.READ_REG_GEN[13].reg1_reg[13]/C
                         clock pessimism             -0.284     0.907    
    SLICE_X34Y95         FDRE (Hold_fdre_C_D)         0.076     0.983    SD_System_i/X_GPIO/U0/gpio_core_1/Not_Dual.ALLOUT_ND.READ_REG_GEN[13].reg1_reg[13]
  -------------------------------------------------------------------
                         required time                         -0.983    
                         arrival time                           1.100    
  -------------------------------------------------------------------
                         slack                                  0.117    

Slack (MET) :             0.122ns  (arrival time - required time)
  Source:                 SD_System_i/INTERCONNECT_GPIO/U0/gpio_core_1/Dual.INPUT_DOUBLE_REGS5/GENERATE_LEVEL_P_S_CDC.MULTI_BIT.FOR_CROSS_PLEVEL_IN2SCNDRY_bus_d2[2].CROSS2_PLEVEL_IN2SCNDRY_s_level_out_bus_d2/C
                            (rising edge-triggered cell FDRE clocked by clk_fpga_0  {rise@0.000ns fall@5.000ns period=10.000ns})
  Destination:            SD_System_i/INTERCONNECT_GPIO/U0/gpio_core_1/Dual.INPUT_DOUBLE_REGS5/GENERATE_LEVEL_P_S_CDC.MULTI_BIT.FOR_CROSS_PLEVEL_IN2SCNDRY_bus_d3[2].CROSS2_PLEVEL_IN2SCNDRY_s_level_out_bus_d3/D
                            (rising edge-triggered cell FDRE clocked by clk_fpga_0  {rise@0.000ns fall@5.000ns period=10.000ns})
  Path Group:             clk_fpga_0
  Path Type:              Hold (Min at Fast Process Corner)
  Requirement:            0.000ns  (clk_fpga_0 rise@0.000ns - clk_fpga_0 rise@0.000ns)
  Data Path Delay:        0.197ns  (logic 0.141ns (71.611%)  route 0.056ns (28.389%))
  Logic Levels:           0  
  Clock Path Skew:        0.000ns (DCD - SCD - CPR)
    Destination Clock Delay (DCD):    1.185ns
    Source Clock Delay      (SCD):    0.888ns
    Clock Pessimism Removal (CPR):    0.297ns

    Location             Delay type                Incr(ns)  Path(ns)    Netlist Resource(s)
  -------------------------------------------------------------------    -------------------
                         (clock clk_fpga_0 rise edge)
                                                      0.000     0.000 r  
    PS7_X0Y0             PS7                          0.000     0.000 r  SD_System_i/processing_system7_0/inst/PS7_i/FCLKCLK[0]
                         net (fo=1, routed)           0.310     0.310    SD_System_i/processing_system7_0/inst/FCLK_CLK0
    BUFGCTRL_X0Y16       BUFG (Prop_bufg_I_O)         0.026     0.336 r  SD_System_i/processing_system7_0/inst/FCLK_CLK0_BUFG_inst/O
                         net (fo=1437, routed)        0.552     0.888    SD_System_i/INTERCONNECT_GPIO/U0/gpio_core_1/Dual.INPUT_DOUBLE_REGS5/s_axi_aclk
    SLICE_X39Y86         FDRE                                         r  SD_System_i/INTERCONNECT_GPIO/U0/gpio_core_1/Dual.INPUT_DOUBLE_REGS5/GENERATE_LEVEL_P_S_CDC.MULTI_BIT.FOR_CROSS_PLEVEL_IN2SCNDRY_bus_d2[2].CROSS2_PLEVEL_IN2SCNDRY_s_level_out_bus_d2/C
  -------------------------------------------------------------------    -------------------
    SLICE_X39Y86         FDRE (Prop_fdre_C_Q)         0.141     1.029 r  SD_System_i/INTERCONNECT_GPIO/U0/gpio_core_1/Dual.INPUT_DOUBLE_REGS5/GENERATE_LEVEL_P_S_CDC.MULTI_BIT.FOR_CROSS_PLEVEL_IN2SCNDRY_bus_d2[2].CROSS2_PLEVEL_IN2SCNDRY_s_level_out_bus_d2/Q
                         net (fo=1, routed)           0.056     1.084    SD_System_i/INTERCONNECT_GPIO/U0/gpio_core_1/Dual.INPUT_DOUBLE_REGS5/GENERATE_LEVEL_P_S_CDC.MULTI_BIT.s_level_out_bus_d2[2]
    SLICE_X39Y86         FDRE                                         r  SD_System_i/INTERCONNECT_GPIO/U0/gpio_core_1/Dual.INPUT_DOUBLE_REGS5/GENERATE_LEVEL_P_S_CDC.MULTI_BIT.FOR_CROSS_PLEVEL_IN2SCNDRY_bus_d3[2].CROSS2_PLEVEL_IN2SCNDRY_s_level_out_bus_d3/D
  -------------------------------------------------------------------    -------------------

                         (clock clk_fpga_0 rise edge)
                                                      0.000     0.000 r  
    PS7_X0Y0             PS7                          0.000     0.000 r  SD_System_i/processing_system7_0/inst/PS7_i/FCLKCLK[0]
                         net (fo=1, routed)           0.337     0.337    SD_System_i/processing_system7_0/inst/FCLK_CLK0
    BUFGCTRL_X0Y16       BUFG (Prop_bufg_I_O)         0.029     0.366 r  SD_System_i/processing_system7_0/inst/FCLK_CLK0_BUFG_inst/O
                         net (fo=1437, routed)        0.819     1.185    SD_System_i/INTERCONNECT_GPIO/U0/gpio_core_1/Dual.INPUT_DOUBLE_REGS5/s_axi_aclk
    SLICE_X39Y86         FDRE                                         r  SD_System_i/INTERCONNECT_GPIO/U0/gpio_core_1/Dual.INPUT_DOUBLE_REGS5/GENERATE_LEVEL_P_S_CDC.MULTI_BIT.FOR_CROSS_PLEVEL_IN2SCNDRY_bus_d3[2].CROSS2_PLEVEL_IN2SCNDRY_s_level_out_bus_d3/C
                         clock pessimism             -0.297     0.888    
    SLICE_X39Y86         FDRE (Hold_fdre_C_D)         0.075     0.963    SD_System_i/INTERCONNECT_GPIO/U0/gpio_core_1/Dual.INPUT_DOUBLE_REGS5/GENERATE_LEVEL_P_S_CDC.MULTI_BIT.FOR_CROSS_PLEVEL_IN2SCNDRY_bus_d3[2].CROSS2_PLEVEL_IN2SCNDRY_s_level_out_bus_d3
  -------------------------------------------------------------------
                         required time                         -0.963    
                         arrival time                           1.084    
  -------------------------------------------------------------------
                         slack                                  0.122    

Slack (MET) :             0.122ns  (arrival time - required time)
  Source:                 SD_System_i/INTERCONNECT_GPIO/U0/gpio_core_1/Dual.INPUT_DOUBLE_REGS5/GENERATE_LEVEL_P_S_CDC.MULTI_BIT.FOR_CROSS_PLEVEL_IN2SCNDRY_bus_d2[6].CROSS2_PLEVEL_IN2SCNDRY_s_level_out_bus_d2/C
                            (rising edge-triggered cell FDRE clocked by clk_fpga_0  {rise@0.000ns fall@5.000ns period=10.000ns})
  Destination:            SD_System_i/INTERCONNECT_GPIO/U0/gpio_core_1/Dual.INPUT_DOUBLE_REGS5/GENERATE_LEVEL_P_S_CDC.MULTI_BIT.FOR_CROSS_PLEVEL_IN2SCNDRY_bus_d3[6].CROSS2_PLEVEL_IN2SCNDRY_s_level_out_bus_d3/D
                            (rising edge-triggered cell FDRE clocked by clk_fpga_0  {rise@0.000ns fall@5.000ns period=10.000ns})
  Path Group:             clk_fpga_0
  Path Type:              Hold (Min at Fast Process Corner)
  Requirement:            0.000ns  (clk_fpga_0 rise@0.000ns - clk_fpga_0 rise@0.000ns)
  Data Path Delay:        0.197ns  (logic 0.141ns (71.611%)  route 0.056ns (28.389%))
  Logic Levels:           0  
  Clock Path Skew:        0.000ns (DCD - SCD - CPR)
    Destination Clock Delay (DCD):    1.188ns
    Source Clock Delay      (SCD):    0.890ns
    Clock Pessimism Removal (CPR):    0.298ns

    Location             Delay type                Incr(ns)  Path(ns)    Netlist Resource(s)
  -------------------------------------------------------------------    -------------------
                         (clock clk_fpga_0 rise edge)
                                                      0.000     0.000 r  
    PS7_X0Y0             PS7                          0.000     0.000 r  SD_System_i/processing_system7_0/inst/PS7_i/FCLKCLK[0]
                         net (fo=1, routed)           0.310     0.310    SD_System_i/processing_system7_0/inst/FCLK_CLK0
    BUFGCTRL_X0Y16       BUFG (Prop_bufg_I_O)         0.026     0.336 r  SD_System_i/processing_system7_0/inst/FCLK_CLK0_BUFG_inst/O
                         net (fo=1437, routed)        0.554     0.890    SD_System_i/INTERCONNECT_GPIO/U0/gpio_core_1/Dual.INPUT_DOUBLE_REGS5/s_axi_aclk
    SLICE_X41Y88         FDRE                                         r  SD_System_i/INTERCONNECT_GPIO/U0/gpio_core_1/Dual.INPUT_DOUBLE_REGS5/GENERATE_LEVEL_P_S_CDC.MULTI_BIT.FOR_CROSS_PLEVEL_IN2SCNDRY_bus_d2[6].CROSS2_PLEVEL_IN2SCNDRY_s_level_out_bus_d2/C
  -------------------------------------------------------------------    -------------------
    SLICE_X41Y88         FDRE (Prop_fdre_C_Q)         0.141     1.031 r  SD_System_i/INTERCONNECT_GPIO/U0/gpio_core_1/Dual.INPUT_DOUBLE_REGS5/GENERATE_LEVEL_P_S_CDC.MULTI_BIT.FOR_CROSS_PLEVEL_IN2SCNDRY_bus_d2[6].CROSS2_PLEVEL_IN2SCNDRY_s_level_out_bus_d2/Q
                         net (fo=1, routed)           0.056     1.086    SD_System_i/INTERCONNECT_GPIO/U0/gpio_core_1/Dual.INPUT_DOUBLE_REGS5/GENERATE_LEVEL_P_S_CDC.MULTI_BIT.s_level_out_bus_d2[6]
    SLICE_X41Y88         FDRE                                         r  SD_System_i/INTERCONNECT_GPIO/U0/gpio_core_1/Dual.INPUT_DOUBLE_REGS5/GENERATE_LEVEL_P_S_CDC.MULTI_BIT.FOR_CROSS_PLEVEL_IN2SCNDRY_bus_d3[6].CROSS2_PLEVEL_IN2SCNDRY_s_level_out_bus_d3/D
  -------------------------------------------------------------------    -------------------

                         (clock clk_fpga_0 rise edge)
                                                      0.000     0.000 r  
    PS7_X0Y0             PS7                          0.000     0.000 r  SD_System_i/processing_system7_0/inst/PS7_i/FCLKCLK[0]
                         net (fo=1, routed)           0.337     0.337    SD_System_i/processing_system7_0/inst/FCLK_CLK0
    BUFGCTRL_X0Y16       BUFG (Prop_bufg_I_O)         0.029     0.366 r  SD_System_i/processing_system7_0/inst/FCLK_CLK0_BUFG_inst/O
                         net (fo=1437, routed)        0.822     1.188    SD_System_i/INTERCONNECT_GPIO/U0/gpio_core_1/Dual.INPUT_DOUBLE_REGS5/s_axi_aclk
    SLICE_X41Y88         FDRE                                         r  SD_System_i/INTERCONNECT_GPIO/U0/gpio_core_1/Dual.INPUT_DOUBLE_REGS5/GENERATE_LEVEL_P_S_CDC.MULTI_BIT.FOR_CROSS_PLEVEL_IN2SCNDRY_bus_d3[6].CROSS2_PLEVEL_IN2SCNDRY_s_level_out_bus_d3/C
                         clock pessimism             -0.298     0.890    
    SLICE_X41Y88         FDRE (Hold_fdre_C_D)         0.075     0.965    SD_System_i/INTERCONNECT_GPIO/U0/gpio_core_1/Dual.INPUT_DOUBLE_REGS5/GENERATE_LEVEL_P_S_CDC.MULTI_BIT.FOR_CROSS_PLEVEL_IN2SCNDRY_bus_d3[6].CROSS2_PLEVEL_IN2SCNDRY_s_level_out_bus_d3
  -------------------------------------------------------------------
                         required time                         -0.965    
                         arrival time                           1.086    
  -------------------------------------------------------------------
                         slack                                  0.122    

Slack (MET) :             0.122ns  (arrival time - required time)
  Source:                 <hidden>
                            (rising edge-triggered cell FDCE clocked by clk_fpga_0  {rise@0.000ns fall@5.000ns period=10.000ns})
  Destination:            <hidden>
                            (rising edge-triggered cell FDCE clocked by clk_fpga_0  {rise@0.000ns fall@5.000ns period=10.000ns})
  Path Group:             clk_fpga_0
  Path Type:              Hold (Min at Fast Process Corner)
  Requirement:            0.000ns  (clk_fpga_0 rise@0.000ns - clk_fpga_0 rise@0.000ns)
  Data Path Delay:        0.197ns  (logic 0.141ns (71.611%)  route 0.056ns (28.389%))
  Logic Levels:           0  
  Clock Path Skew:        0.000ns (DCD - SCD - CPR)
    Destination Clock Delay (DCD):    1.276ns
    Source Clock Delay      (SCD):    0.974ns
    Clock Pessimism Removal (CPR):    0.302ns

    Location             Delay type                Incr(ns)  Path(ns)    Netlist Resource(s)
  -------------------------------------------------------------------    -------------------
                         (clock clk_fpga_0 rise edge)
                                                      0.000     0.000 r  
    PS7_X0Y0             PS7                          0.000     0.000 r  SD_System_i/processing_system7_0/inst/PS7_i/FCLKCLK[0]
                         net (fo=1, routed)           0.310     0.310    SD_System_i/processing_system7_0/inst/FCLK_CLK0
    BUFGCTRL_X0Y16       BUFG (Prop_bufg_I_O)         0.026     0.336 r  SD_System_i/processing_system7_0/inst/FCLK_CLK0_BUFG_inst/O
                         net (fo=1437, routed)        0.638     0.974    <hidden>
    SLICE_X39Y103        FDCE                                         r  <hidden>
  -------------------------------------------------------------------    -------------------
    SLICE_X39Y103        FDCE (Prop_fdce_C_Q)         0.141     1.115 r  <hidden>
                         net (fo=1, routed)           0.056     1.171    <hidden>
    SLICE_X39Y103        FDCE                                         r  <hidden>
  -------------------------------------------------------------------    -------------------

                         (clock clk_fpga_0 rise edge)
                                                      0.000     0.000 r  
    PS7_X0Y0             PS7                          0.000     0.000 r  SD_System_i/processing_system7_0/inst/PS7_i/FCLKCLK[0]
                         net (fo=1, routed)           0.337     0.337    SD_System_i/processing_system7_0/inst/FCLK_CLK0
    BUFGCTRL_X0Y16       BUFG (Prop_bufg_I_O)         0.029     0.366 r  SD_System_i/processing_system7_0/inst/FCLK_CLK0_BUFG_inst/O
                         net (fo=1437, routed)        0.910     1.276    <hidden>
    SLICE_X39Y103        FDCE                                         r  <hidden>
                         clock pessimism             -0.302     0.974    
    SLICE_X39Y103        FDCE (Hold_fdce_C_D)         0.075     1.049    <hidden>
  -------------------------------------------------------------------
                         required time                         -1.049    
                         arrival time                           1.171    
  -------------------------------------------------------------------
                         slack                                  0.122    

Slack (MET) :             0.122ns  (arrival time - required time)
  Source:                 <hidden>
                            (rising edge-triggered cell FDCE clocked by clk_fpga_0  {rise@0.000ns fall@5.000ns period=10.000ns})
  Destination:            <hidden>
                            (rising edge-triggered cell FDCE clocked by clk_fpga_0  {rise@0.000ns fall@5.000ns period=10.000ns})
  Path Group:             clk_fpga_0
  Path Type:              Hold (Min at Fast Process Corner)
  Requirement:            0.000ns  (clk_fpga_0 rise@0.000ns - clk_fpga_0 rise@0.000ns)
  Data Path Delay:        0.197ns  (logic 0.141ns (71.611%)  route 0.056ns (28.389%))
  Logic Levels:           0  
  Clock Path Skew:        0.000ns (DCD - SCD - CPR)
    Destination Clock Delay (DCD):    1.277ns
    Source Clock Delay      (SCD):    0.975ns
    Clock Pessimism Removal (CPR):    0.302ns

    Location             Delay type                Incr(ns)  Path(ns)    Netlist Resource(s)
  -------------------------------------------------------------------    -------------------
                         (clock clk_fpga_0 rise edge)
                                                      0.000     0.000 r  
    PS7_X0Y0             PS7                          0.000     0.000 r  SD_System_i/processing_system7_0/inst/PS7_i/FCLKCLK[0]
                         net (fo=1, routed)           0.310     0.310    SD_System_i/processing_system7_0/inst/FCLK_CLK0
    BUFGCTRL_X0Y16       BUFG (Prop_bufg_I_O)         0.026     0.336 r  SD_System_i/processing_system7_0/inst/FCLK_CLK0_BUFG_inst/O
                         net (fo=1437, routed)        0.639     0.975    <hidden>
    SLICE_X39Y102        FDCE                                         r  <hidden>
  -------------------------------------------------------------------    -------------------
    SLICE_X39Y102        FDCE (Prop_fdce_C_Q)         0.141     1.116 r  <hidden>
                         net (fo=1, routed)           0.056     1.172    <hidden>
    SLICE_X39Y102        FDCE                                         r  <hidden>
  -------------------------------------------------------------------    -------------------

                         (clock clk_fpga_0 rise edge)
                                                      0.000     0.000 r  
    PS7_X0Y0             PS7                          0.000     0.000 r  SD_System_i/processing_system7_0/inst/PS7_i/FCLKCLK[0]
                         net (fo=1, routed)           0.337     0.337    SD_System_i/processing_system7_0/inst/FCLK_CLK0
    BUFGCTRL_X0Y16       BUFG (Prop_bufg_I_O)         0.029     0.366 r  SD_System_i/processing_system7_0/inst/FCLK_CLK0_BUFG_inst/O
                         net (fo=1437, routed)        0.911     1.277    <hidden>
    SLICE_X39Y102        FDCE                                         r  <hidden>
                         clock pessimism             -0.302     0.975    
    SLICE_X39Y102        FDCE (Hold_fdce_C_D)         0.075     1.050    <hidden>
  -------------------------------------------------------------------
                         required time                         -1.050    
                         arrival time                           1.172    
  -------------------------------------------------------------------
                         slack                                  0.122    

Slack (MET) :             0.122ns  (arrival time - required time)
  Source:                 <hidden>
                            (rising edge-triggered cell FDCE clocked by clk_fpga_0  {rise@0.000ns fall@5.000ns period=10.000ns})
  Destination:            <hidden>
                            (rising edge-triggered cell FDCE clocked by clk_fpga_0  {rise@0.000ns fall@5.000ns period=10.000ns})
  Path Group:             clk_fpga_0
  Path Type:              Hold (Min at Fast Process Corner)
  Requirement:            0.000ns  (clk_fpga_0 rise@0.000ns - clk_fpga_0 rise@0.000ns)
  Data Path Delay:        0.197ns  (logic 0.141ns (71.611%)  route 0.056ns (28.389%))
  Logic Levels:           0  
  Clock Path Skew:        0.000ns (DCD - SCD - CPR)
    Destination Clock Delay (DCD):    1.277ns
    Source Clock Delay      (SCD):    0.975ns
    Clock Pessimism Removal (CPR):    0.302ns

    Location             Delay type                Incr(ns)  Path(ns)    Netlist Resource(s)
  -------------------------------------------------------------------    -------------------
                         (clock clk_fpga_0 rise edge)
                                                      0.000     0.000 r  
    PS7_X0Y0             PS7                          0.000     0.000 r  SD_System_i/processing_system7_0/inst/PS7_i/FCLKCLK[0]
                         net (fo=1, routed)           0.310     0.310    SD_System_i/processing_system7_0/inst/FCLK_CLK0
    BUFGCTRL_X0Y16       BUFG (Prop_bufg_I_O)         0.026     0.336 r  SD_System_i/processing_system7_0/inst/FCLK_CLK0_BUFG_inst/O
                         net (fo=1437, routed)        0.639     0.975    <hidden>
    SLICE_X41Y102        FDCE                                         r  <hidden>
  -------------------------------------------------------------------    -------------------
    SLICE_X41Y102        FDCE (Prop_fdce_C_Q)         0.141     1.116 r  <hidden>
                         net (fo=1, routed)           0.056     1.172    <hidden>
    SLICE_X41Y102        FDCE                                         r  <hidden>
  -------------------------------------------------------------------    -------------------

                         (clock clk_fpga_0 rise edge)
                                                      0.000     0.000 r  
    PS7_X0Y0             PS7                          0.000     0.000 r  SD_System_i/processing_system7_0/inst/PS7_i/FCLKCLK[0]
                         net (fo=1, routed)           0.337     0.337    SD_System_i/processing_system7_0/inst/FCLK_CLK0
    BUFGCTRL_X0Y16       BUFG (Prop_bufg_I_O)         0.029     0.366 r  SD_System_i/processing_system7_0/inst/FCLK_CLK0_BUFG_inst/O
                         net (fo=1437, routed)        0.911     1.277    <hidden>
    SLICE_X41Y102        FDCE                                         r  <hidden>
                         clock pessimism             -0.302     0.975    
    SLICE_X41Y102        FDCE (Hold_fdce_C_D)         0.075     1.050    <hidden>
  -------------------------------------------------------------------
                         required time                         -1.050    
                         arrival time                           1.172    
  -------------------------------------------------------------------
                         slack                                  0.122    





Pulse Width Checks
--------------------------------------------------------------------------------------
Clock Name:         clk_fpga_0
Waveform(ns):       { 0.000 5.000 }
Period(ns):         10.000
Sources:            { SD_System_i/processing_system7_0/inst/PS7_i/FCLKCLK[0] }

Check Type        Corner  Lib Pin     Reference Pin  Required(ns)  Actual(ns)  Slack(ns)  Location        Pin
Min Period        n/a     BUFG/I      n/a            2.155         10.000      7.845      BUFGCTRL_X0Y16  SD_System_i/processing_system7_0/inst/FCLK_CLK0_BUFG_inst/I
Min Period        n/a     FDRE/C      n/a            1.000         10.000      9.000      SLICE_X41Y93    SD_System_i/COMMAND_GPIO/U0/ip2bus_data_i_D1_reg[0]/C
Min Period        n/a     FDRE/C      n/a            1.000         10.000      9.000      SLICE_X38Y92    SD_System_i/COMMAND_GPIO/U0/ip2bus_data_i_D1_reg[24]/C
Min Period        n/a     FDRE/C      n/a            1.000         10.000      9.000      SLICE_X38Y92    SD_System_i/COMMAND_GPIO/U0/ip2bus_data_i_D1_reg[25]/C
Min Period        n/a     FDRE/C      n/a            1.000         10.000      9.000      SLICE_X38Y92    SD_System_i/COMMAND_GPIO/U0/ip2bus_data_i_D1_reg[26]/C
Min Period        n/a     FDRE/C      n/a            1.000         10.000      9.000      SLICE_X40Y92    SD_System_i/COMMAND_GPIO/U0/ip2bus_data_i_D1_reg[27]/C
Min Period        n/a     FDRE/C      n/a            1.000         10.000      9.000      SLICE_X38Y92    SD_System_i/COMMAND_GPIO/U0/ip2bus_data_i_D1_reg[28]/C
Min Period        n/a     FDRE/C      n/a            1.000         10.000      9.000      SLICE_X40Y92    SD_System_i/COMMAND_GPIO/U0/ip2bus_data_i_D1_reg[29]/C
Min Period        n/a     FDRE/C      n/a            1.000         10.000      9.000      SLICE_X40Y92    SD_System_i/COMMAND_GPIO/U0/ip2bus_data_i_D1_reg[30]/C
Min Period        n/a     FDRE/C      n/a            1.000         10.000      9.000      SLICE_X40Y92    SD_System_i/COMMAND_GPIO/U0/ip2bus_data_i_D1_reg[31]/C
Low Pulse Width   Slow    SRL16E/CLK  n/a            0.980         5.000       4.020      SLICE_X46Y103   SD_System_i/axi_smc/inst/clk_map/psr_aclk/U0/EXT_LPF/POR_SRL_I/CLK
Low Pulse Width   Fast    SRL16E/CLK  n/a            0.980         5.000       4.020      SLICE_X46Y103   SD_System_i/axi_smc/inst/clk_map/psr_aclk/U0/EXT_LPF/POR_SRL_I/CLK
Low Pulse Width   Slow    SRL16E/CLK  n/a            0.980         5.000       4.020      SLICE_X46Y88    SD_System_i/rst_ps7_0_100M/U0/EXT_LPF/POR_SRL_I/CLK
Low Pulse Width   Fast    SRL16E/CLK  n/a            0.980         5.000       4.020      SLICE_X46Y88    SD_System_i/rst_ps7_0_100M/U0/EXT_LPF/POR_SRL_I/CLK
Low Pulse Width   Slow    FDRE/C      n/a            0.500         5.000       4.500      SLICE_X41Y93    SD_System_i/COMMAND_GPIO/U0/ip2bus_data_i_D1_reg[0]/C
Low Pulse Width   Fast    FDRE/C      n/a            0.500         5.000       4.500      SLICE_X41Y93    SD_System_i/COMMAND_GPIO/U0/ip2bus_data_i_D1_reg[0]/C
Low Pulse Width   Slow    FDRE/C      n/a            0.500         5.000       4.500      SLICE_X38Y92    SD_System_i/COMMAND_GPIO/U0/ip2bus_data_i_D1_reg[24]/C
Low Pulse Width   Fast    FDRE/C      n/a            0.500         5.000       4.500      SLICE_X38Y92    SD_System_i/COMMAND_GPIO/U0/ip2bus_data_i_D1_reg[24]/C
Low Pulse Width   Slow    FDRE/C      n/a            0.500         5.000       4.500      SLICE_X38Y92    SD_System_i/COMMAND_GPIO/U0/ip2bus_data_i_D1_reg[25]/C
Low Pulse Width   Fast    FDRE/C      n/a            0.500         5.000       4.500      SLICE_X38Y92    SD_System_i/COMMAND_GPIO/U0/ip2bus_data_i_D1_reg[25]/C
High Pulse Width  Slow    SRL16E/CLK  n/a            0.980         5.000       4.020      SLICE_X46Y103   SD_System_i/axi_smc/inst/clk_map/psr_aclk/U0/EXT_LPF/POR_SRL_I/CLK
High Pulse Width  Fast    SRL16E/CLK  n/a            0.980         5.000       4.020      SLICE_X46Y103   SD_System_i/axi_smc/inst/clk_map/psr_aclk/U0/EXT_LPF/POR_SRL_I/CLK
High Pulse Width  Slow    SRL16E/CLK  n/a            0.980         5.000       4.020      SLICE_X46Y88    SD_System_i/rst_ps7_0_100M/U0/EXT_LPF/POR_SRL_I/CLK
High Pulse Width  Fast    SRL16E/CLK  n/a            0.980         5.000       4.020      SLICE_X46Y88    SD_System_i/rst_ps7_0_100M/U0/EXT_LPF/POR_SRL_I/CLK
High Pulse Width  Slow    FDRE/C      n/a            0.500         5.000       4.500      SLICE_X41Y93    SD_System_i/COMMAND_GPIO/U0/ip2bus_data_i_D1_reg[0]/C
High Pulse Width  Fast    FDRE/C      n/a            0.500         5.000       4.500      SLICE_X41Y93    SD_System_i/COMMAND_GPIO/U0/ip2bus_data_i_D1_reg[0]/C
High Pulse Width  Slow    FDRE/C      n/a            0.500         5.000       4.500      SLICE_X38Y92    SD_System_i/COMMAND_GPIO/U0/ip2bus_data_i_D1_reg[24]/C
High Pulse Width  Fast    FDRE/C      n/a            0.500         5.000       4.500      SLICE_X38Y92    SD_System_i/COMMAND_GPIO/U0/ip2bus_data_i_D1_reg[24]/C
High Pulse Width  Slow    FDRE/C      n/a            0.500         5.000       4.500      SLICE_X38Y92    SD_System_i/COMMAND_GPIO/U0/ip2bus_data_i_D1_reg[25]/C
High Pulse Width  Fast    FDRE/C      n/a            0.500         5.000       4.500      SLICE_X38Y92    SD_System_i/COMMAND_GPIO/U0/ip2bus_data_i_D1_reg[25]/C



--------------------------------------------------------------------------------------
Path Group:  (none)
From Clock:  
  To Clock:  clk_fpga_0

Max Delay             2 Endpoints
Min Delay             2 Endpoints
--------------------------------------------------------------------------------------


Max Delay Paths
--------------------------------------------------------------------------------------
Slack:                    inf
  Source:                 sw0
                            (input port)
  Destination:            SD_System_i/INTERCONNECT_GPIO/U0/gpio_core_1/Dual.INPUT_DOUBLE_REGS5/GENERATE_LEVEL_P_S_CDC.MULTI_BIT.FOR_IN_cdc_to[0].CROSS2_PLEVEL_IN2SCNDRY_IN_cdc_to/D
                            (rising edge-triggered cell FDRE clocked by clk_fpga_0  {rise@0.000ns fall@5.000ns period=10.000ns})
  Path Group:             (none)
  Path Type:              Setup (Max at Slow Process Corner)
  Data Path Delay:        4.783ns  (logic 1.487ns (31.082%)  route 3.297ns (68.918%))
  Logic Levels:           1  (IBUF=1)
  Clock Path Skew:        2.654ns (DCD - SCD + CPR)
    Destination Clock Delay (DCD):    2.654ns
    Source Clock Delay      (SCD):    0.000ns
    Clock Pessimism Removal (CPR):    0.000ns
  Clock Uncertainty:      0.152ns  ((TSJ^2 + TIJ^2)^1/2 + DJ) / 2 + PE
    Total System Jitter     (TSJ):    0.050ns
    Total Input Jitter      (TIJ):    0.300ns
    Discrete Jitter          (DJ):    0.000ns
    Phase Error              (PE):    0.000ns
  Timing Exception:       False Path

    Location             Delay type                Incr(ns)  Path(ns)    Netlist Resource(s)
  -------------------------------------------------------------------    -------------------
    F22                                               0.000     0.000 r  sw0 (IN)
                         net (fo=0)                   0.000     0.000    sw0
    F22                  IBUF (Prop_ibuf_I_O)         1.487     1.487 r  sw0_IBUF_inst/O
                         net (fo=1, routed)           3.297     4.783    SD_System_i/INTERCONNECT_GPIO/U0/gpio_core_1/Dual.INPUT_DOUBLE_REGS5/gpio2_io_i[0]
    SLICE_X40Y87         FDRE                                         r  SD_System_i/INTERCONNECT_GPIO/U0/gpio_core_1/Dual.INPUT_DOUBLE_REGS5/GENERATE_LEVEL_P_S_CDC.MULTI_BIT.FOR_IN_cdc_to[0].CROSS2_PLEVEL_IN2SCNDRY_IN_cdc_to/D
  -------------------------------------------------------------------    -------------------

                         (clock clk_fpga_0 rise edge)
                                                      0.000     0.000 r  
    PS7_X0Y0             PS7                          0.000     0.000 r  SD_System_i/processing_system7_0/inst/PS7_i/FCLKCLK[0]
                         net (fo=1, routed)           1.088     1.088    SD_System_i/processing_system7_0/inst/FCLK_CLK0
    BUFGCTRL_X0Y16       BUFG (Prop_bufg_I_O)         0.091     1.179 r  SD_System_i/processing_system7_0/inst/FCLK_CLK0_BUFG_inst/O
                         net (fo=1437, routed)        1.475     2.654    SD_System_i/INTERCONNECT_GPIO/U0/gpio_core_1/Dual.INPUT_DOUBLE_REGS5/s_axi_aclk
    SLICE_X40Y87         FDRE                                         r  SD_System_i/INTERCONNECT_GPIO/U0/gpio_core_1/Dual.INPUT_DOUBLE_REGS5/GENERATE_LEVEL_P_S_CDC.MULTI_BIT.FOR_IN_cdc_to[0].CROSS2_PLEVEL_IN2SCNDRY_IN_cdc_to/C

Slack:                    inf
  Source:                 SD_System_i/processing_system7_0/inst/PS7_i/FCLKRESETN[0]
                            (internal pin)
  Destination:            SD_System_i/rst_ps7_0_100M/U0/EXT_LPF/ACTIVE_LOW_EXT.ACT_LO_EXT/GENERATE_LEVEL_P_S_CDC.SINGLE_BIT.CROSS_PLEVEL_IN2SCNDRY_IN_cdc_to/D
                            (rising edge-triggered cell FDRE clocked by clk_fpga_0  {rise@0.000ns fall@5.000ns period=10.000ns})
  Path Group:             (none)
  Path Type:              Setup (Max at Slow Process Corner)
  Data Path Delay:        1.645ns  (logic 0.124ns (7.539%)  route 1.521ns (92.461%))
  Logic Levels:           1  (LUT1=1)
  Clock Uncertainty:      0.152ns  ((TSJ^2 + TIJ^2)^1/2 + DJ) / 2 + PE
    Total System Jitter     (TSJ):    0.050ns
    Total Input Jitter      (TIJ):    0.300ns
    Discrete Jitter          (DJ):    0.000ns
    Phase Error              (PE):    0.000ns
  Timing Exception:       False Path

    Location             Delay type                Incr(ns)  Path(ns)    Netlist Resource(s)
  -------------------------------------------------------------------    -------------------
    PS7_X0Y0             PS7                          0.000     0.000 f  SD_System_i/processing_system7_0/inst/PS7_i/FCLKRESETN[0]
                         net (fo=1, routed)           1.211     1.211    SD_System_i/rst_ps7_0_100M/U0/EXT_LPF/ACTIVE_LOW_EXT.ACT_LO_EXT/ext_reset_in
    SLICE_X43Y87         LUT1 (Prop_lut1_I0_O)        0.124     1.335 r  SD_System_i/rst_ps7_0_100M/U0/EXT_LPF/ACTIVE_LOW_EXT.ACT_LO_EXT/GENERATE_LEVEL_P_S_CDC.SINGLE_BIT.CROSS_PLEVEL_IN2SCNDRY_IN_cdc_to_i_1/O
                         net (fo=1, routed)           0.309     1.645    SD_System_i/rst_ps7_0_100M/U0/EXT_LPF/ACTIVE_LOW_EXT.ACT_LO_EXT/exr_d1
    SLICE_X44Y87         FDRE                                         r  SD_System_i/rst_ps7_0_100M/U0/EXT_LPF/ACTIVE_LOW_EXT.ACT_LO_EXT/GENERATE_LEVEL_P_S_CDC.SINGLE_BIT.CROSS_PLEVEL_IN2SCNDRY_IN_cdc_to/D
  -------------------------------------------------------------------    -------------------

                         (clock clk_fpga_0 rise edge)
                                                      0.000     0.000 r  
    PS7_X0Y0             PS7                          0.000     0.000 r  SD_System_i/processing_system7_0/inst/PS7_i/FCLKCLK[0]
                         net (fo=1, routed)           1.088     1.088    SD_System_i/processing_system7_0/inst/FCLK_CLK0
    BUFGCTRL_X0Y16       BUFG (Prop_bufg_I_O)         0.091     1.179 r  SD_System_i/processing_system7_0/inst/FCLK_CLK0_BUFG_inst/O
                         net (fo=1437, routed)        1.474     2.653    SD_System_i/rst_ps7_0_100M/U0/EXT_LPF/ACTIVE_LOW_EXT.ACT_LO_EXT/slowest_sync_clk
    SLICE_X44Y87         FDRE                                         r  SD_System_i/rst_ps7_0_100M/U0/EXT_LPF/ACTIVE_LOW_EXT.ACT_LO_EXT/GENERATE_LEVEL_P_S_CDC.SINGLE_BIT.CROSS_PLEVEL_IN2SCNDRY_IN_cdc_to/C





Min Delay Paths
--------------------------------------------------------------------------------------
Slack:                    inf
  Source:                 SD_System_i/processing_system7_0/inst/PS7_i/FCLKRESETN[0]
                            (internal pin)
  Destination:            SD_System_i/rst_ps7_0_100M/U0/EXT_LPF/ACTIVE_LOW_EXT.ACT_LO_EXT/GENERATE_LEVEL_P_S_CDC.SINGLE_BIT.CROSS_PLEVEL_IN2SCNDRY_IN_cdc_to/D
                            (rising edge-triggered cell FDRE clocked by clk_fpga_0  {rise@0.000ns fall@5.000ns period=10.000ns})
  Path Group:             (none)
  Path Type:              Hold (Min at Fast Process Corner)
  Data Path Delay:        0.673ns  (logic 0.045ns (6.688%)  route 0.628ns (93.312%))
  Logic Levels:           1  (LUT1=1)
  Clock Uncertainty:      0.152ns  ((TSJ^2 + TIJ^2)^1/2 + DJ) / 2 + PE
    Total System Jitter     (TSJ):    0.050ns
    Total Input Jitter      (TIJ):    0.300ns
    Discrete Jitter          (DJ):    0.000ns
    Phase Error              (PE):    0.000ns
  Timing Exception:       False Path

    Location             Delay type                Incr(ns)  Path(ns)    Netlist Resource(s)
  -------------------------------------------------------------------    -------------------
    PS7_X0Y0             PS7                          0.000     0.000 f  SD_System_i/processing_system7_0/inst/PS7_i/FCLKRESETN[0]
                         net (fo=1, routed)           0.509     0.509    SD_System_i/rst_ps7_0_100M/U0/EXT_LPF/ACTIVE_LOW_EXT.ACT_LO_EXT/ext_reset_in
    SLICE_X43Y87         LUT1 (Prop_lut1_I0_O)        0.045     0.554 r  SD_System_i/rst_ps7_0_100M/U0/EXT_LPF/ACTIVE_LOW_EXT.ACT_LO_EXT/GENERATE_LEVEL_P_S_CDC.SINGLE_BIT.CROSS_PLEVEL_IN2SCNDRY_IN_cdc_to_i_1/O
                         net (fo=1, routed)           0.118     0.673    SD_System_i/rst_ps7_0_100M/U0/EXT_LPF/ACTIVE_LOW_EXT.ACT_LO_EXT/exr_d1
    SLICE_X44Y87         FDRE                                         r  SD_System_i/rst_ps7_0_100M/U0/EXT_LPF/ACTIVE_LOW_EXT.ACT_LO_EXT/GENERATE_LEVEL_P_S_CDC.SINGLE_BIT.CROSS_PLEVEL_IN2SCNDRY_IN_cdc_to/D
  -------------------------------------------------------------------    -------------------

                         (clock clk_fpga_0 rise edge)
                                                      0.000     0.000 r  
    PS7_X0Y0             PS7                          0.000     0.000 r  SD_System_i/processing_system7_0/inst/PS7_i/FCLKCLK[0]
                         net (fo=1, routed)           0.337     0.337    SD_System_i/processing_system7_0/inst/FCLK_CLK0
    BUFGCTRL_X0Y16       BUFG (Prop_bufg_I_O)         0.029     0.366 r  SD_System_i/processing_system7_0/inst/FCLK_CLK0_BUFG_inst/O
                         net (fo=1437, routed)        0.820     1.186    SD_System_i/rst_ps7_0_100M/U0/EXT_LPF/ACTIVE_LOW_EXT.ACT_LO_EXT/slowest_sync_clk
    SLICE_X44Y87         FDRE                                         r  SD_System_i/rst_ps7_0_100M/U0/EXT_LPF/ACTIVE_LOW_EXT.ACT_LO_EXT/GENERATE_LEVEL_P_S_CDC.SINGLE_BIT.CROSS_PLEVEL_IN2SCNDRY_IN_cdc_to/C

Slack:                    inf
  Source:                 sw0
                            (input port)
  Destination:            SD_System_i/INTERCONNECT_GPIO/U0/gpio_core_1/Dual.INPUT_DOUBLE_REGS5/GENERATE_LEVEL_P_S_CDC.MULTI_BIT.FOR_IN_cdc_to[0].CROSS2_PLEVEL_IN2SCNDRY_IN_cdc_to/D
                            (rising edge-triggered cell FDRE clocked by clk_fpga_0  {rise@0.000ns fall@5.000ns period=10.000ns})
  Path Group:             (none)
  Path Type:              Hold (Min at Fast Process Corner)
  Data Path Delay:        1.819ns  (logic 0.255ns (13.993%)  route 1.565ns (86.007%))
  Logic Levels:           1  (IBUF=1)
  Clock Path Skew:        1.186ns (DCD - SCD - CPR)
    Destination Clock Delay (DCD):    1.186ns
    Source Clock Delay      (SCD):    0.000ns
    Clock Pessimism Removal (CPR):    -0.000ns
  Timing Exception:       False Path

    Location             Delay type                Incr(ns)  Path(ns)    Netlist Resource(s)
  -------------------------------------------------------------------    -------------------
    F22                                               0.000     0.000 r  sw0 (IN)
                         net (fo=0)                   0.000     0.000    sw0
    F22                  IBUF (Prop_ibuf_I_O)         0.255     0.255 r  sw0_IBUF_inst/O
                         net (fo=1, routed)           1.565     1.819    SD_System_i/INTERCONNECT_GPIO/U0/gpio_core_1/Dual.INPUT_DOUBLE_REGS5/gpio2_io_i[0]
    SLICE_X40Y87         FDRE                                         r  SD_System_i/INTERCONNECT_GPIO/U0/gpio_core_1/Dual.INPUT_DOUBLE_REGS5/GENERATE_LEVEL_P_S_CDC.MULTI_BIT.FOR_IN_cdc_to[0].CROSS2_PLEVEL_IN2SCNDRY_IN_cdc_to/D
  -------------------------------------------------------------------    -------------------

                         (clock clk_fpga_0 rise edge)
                                                      0.000     0.000 r  
    PS7_X0Y0             PS7                          0.000     0.000 r  SD_System_i/processing_system7_0/inst/PS7_i/FCLKCLK[0]
                         net (fo=1, routed)           0.337     0.337    SD_System_i/processing_system7_0/inst/FCLK_CLK0
    BUFGCTRL_X0Y16       BUFG (Prop_bufg_I_O)         0.029     0.366 r  SD_System_i/processing_system7_0/inst/FCLK_CLK0_BUFG_inst/O
                         net (fo=1437, routed)        0.820     1.186    SD_System_i/INTERCONNECT_GPIO/U0/gpio_core_1/Dual.INPUT_DOUBLE_REGS5/s_axi_aclk
    SLICE_X40Y87         FDRE                                         r  SD_System_i/INTERCONNECT_GPIO/U0/gpio_core_1/Dual.INPUT_DOUBLE_REGS5/GENERATE_LEVEL_P_S_CDC.MULTI_BIT.FOR_IN_cdc_to[0].CROSS2_PLEVEL_IN2SCNDRY_IN_cdc_to/C





--------------------------------------------------------------------------------------
Path Group:  (none)
From Clock:  clk_fpga_0
  To Clock:  clk_fpga_0

Max Delay           130 Endpoints
Min Delay           130 Endpoints
--------------------------------------------------------------------------------------


Max Delay Paths
--------------------------------------------------------------------------------------
Slack:                    inf
  Source:                 SD_System_i/axi_smc/inst/clk_map/psr_aclk/U0/ACTIVE_LOW_BSR_OUT_DFF[0].FDRE_BSR_N/C
                            (rising edge-triggered cell FDRE clocked by clk_fpga_0  {rise@0.000ns fall@5.000ns period=10.000ns})
  Destination:            <hidden>
                            (recovery check against rising-edge clock clk_fpga_0  {rise@0.000ns fall@5.000ns period=10.000ns})
  Path Group:             (none)
  Path Type:              Recovery (Max at Slow Process Corner)
  Data Path Delay:        3.663ns  (logic 0.609ns (16.627%)  route 3.054ns (83.373%))
  Logic Levels:           1  (LUT1=1)
  Clock Path Skew:        -0.484ns (DCD - SCD + CPR)
    Destination Clock Delay (DCD):    2.653ns
    Source Clock Delay      (SCD):    3.137ns
    Clock Pessimism Removal (CPR):    0.000ns
  Clock Uncertainty:      0.154ns  ((TSJ^2 + TIJ^2)^1/2 + DJ) / 2 + PE
    Total System Jitter     (TSJ):    0.071ns
    Total Input Jitter      (TIJ):    0.300ns
    Discrete Jitter          (DJ):    0.000ns
    Phase Error              (PE):    0.000ns
  Timing Exception:       False Path

    Location             Delay type                Incr(ns)  Path(ns)    Netlist Resource(s)
  -------------------------------------------------------------------    -------------------
                         (clock clk_fpga_0 rise edge)
                                                      0.000     0.000 r  
    PS7_X0Y0             PS7                          0.000     0.000 r  SD_System_i/processing_system7_0/inst/PS7_i/FCLKCLK[0]
                         net (fo=1, routed)           1.193     1.193    SD_System_i/processing_system7_0/inst/FCLK_CLK0
    BUFGCTRL_X0Y16       BUFG (Prop_bufg_I_O)         0.101     1.294 r  SD_System_i/processing_system7_0/inst/FCLK_CLK0_BUFG_inst/O
                         net (fo=1437, routed)        1.843     3.137    SD_System_i/axi_smc/inst/clk_map/psr_aclk/U0/aclk
    SLICE_X45Y104        FDRE                                         r  SD_System_i/axi_smc/inst/clk_map/psr_aclk/U0/ACTIVE_LOW_BSR_OUT_DFF[0].FDRE_BSR_N/C
  -------------------------------------------------------------------    -------------------
    SLICE_X45Y104        FDRE (Prop_fdre_C_Q)         0.456     3.593 r  SD_System_i/axi_smc/inst/clk_map/psr_aclk/U0/ACTIVE_LOW_BSR_OUT_DFF[0].FDRE_BSR_N/Q
                         net (fo=43, routed)          2.418     6.011    <hidden>
    SLICE_X34Y84         LUT1 (Prop_lut1_I0_O)        0.153     6.164 f  <hidden>
                         net (fo=3, routed)           0.636     6.800    <hidden>
    SLICE_X34Y84         FDCE                                         f  <hidden>
  -------------------------------------------------------------------    -------------------

                         (clock clk_fpga_0 rise edge)
                                                      0.000     0.000 r  
    PS7_X0Y0             PS7                          0.000     0.000 r  SD_System_i/processing_system7_0/inst/PS7_i/FCLKCLK[0]
                         net (fo=1, routed)           1.088     1.088    SD_System_i/processing_system7_0/inst/FCLK_CLK0
    BUFGCTRL_X0Y16       BUFG (Prop_bufg_I_O)         0.091     1.179 r  SD_System_i/processing_system7_0/inst/FCLK_CLK0_BUFG_inst/O
                         net (fo=1437, routed)        1.474     2.653    <hidden>
    SLICE_X34Y84         FDCE                                         r  <hidden>

Slack:                    inf
  Source:                 SD_System_i/axi_smc/inst/clk_map/psr_aclk/U0/ACTIVE_LOW_BSR_OUT_DFF[0].FDRE_BSR_N/C
                            (rising edge-triggered cell FDRE clocked by clk_fpga_0  {rise@0.000ns fall@5.000ns period=10.000ns})
  Destination:            <hidden>
                            (recovery check against rising-edge clock clk_fpga_0  {rise@0.000ns fall@5.000ns period=10.000ns})
  Path Group:             (none)
  Path Type:              Recovery (Max at Slow Process Corner)
  Data Path Delay:        3.663ns  (logic 0.609ns (16.627%)  route 3.054ns (83.373%))
  Logic Levels:           1  (LUT1=1)
  Clock Path Skew:        -0.484ns (DCD - SCD + CPR)
    Destination Clock Delay (DCD):    2.653ns
    Source Clock Delay      (SCD):    3.137ns
    Clock Pessimism Removal (CPR):    0.000ns
  Clock Uncertainty:      0.154ns  ((TSJ^2 + TIJ^2)^1/2 + DJ) / 2 + PE
    Total System Jitter     (TSJ):    0.071ns
    Total Input Jitter      (TIJ):    0.300ns
    Discrete Jitter          (DJ):    0.000ns
    Phase Error              (PE):    0.000ns
  Timing Exception:       False Path

    Location             Delay type                Incr(ns)  Path(ns)    Netlist Resource(s)
  -------------------------------------------------------------------    -------------------
                         (clock clk_fpga_0 rise edge)
                                                      0.000     0.000 r  
    PS7_X0Y0             PS7                          0.000     0.000 r  SD_System_i/processing_system7_0/inst/PS7_i/FCLKCLK[0]
                         net (fo=1, routed)           1.193     1.193    SD_System_i/processing_system7_0/inst/FCLK_CLK0
    BUFGCTRL_X0Y16       BUFG (Prop_bufg_I_O)         0.101     1.294 r  SD_System_i/processing_system7_0/inst/FCLK_CLK0_BUFG_inst/O
                         net (fo=1437, routed)        1.843     3.137    SD_System_i/axi_smc/inst/clk_map/psr_aclk/U0/aclk
    SLICE_X45Y104        FDRE                                         r  SD_System_i/axi_smc/inst/clk_map/psr_aclk/U0/ACTIVE_LOW_BSR_OUT_DFF[0].FDRE_BSR_N/C
  -------------------------------------------------------------------    -------------------
    SLICE_X45Y104        FDRE (Prop_fdre_C_Q)         0.456     3.593 r  SD_System_i/axi_smc/inst/clk_map/psr_aclk/U0/ACTIVE_LOW_BSR_OUT_DFF[0].FDRE_BSR_N/Q
                         net (fo=43, routed)          2.418     6.011    <hidden>
    SLICE_X34Y84         LUT1 (Prop_lut1_I0_O)        0.153     6.164 f  <hidden>
                         net (fo=3, routed)           0.636     6.800    <hidden>
    SLICE_X34Y84         FDCE                                         f  <hidden>
  -------------------------------------------------------------------    -------------------

                         (clock clk_fpga_0 rise edge)
                                                      0.000     0.000 r  
    PS7_X0Y0             PS7                          0.000     0.000 r  SD_System_i/processing_system7_0/inst/PS7_i/FCLKCLK[0]
                         net (fo=1, routed)           1.088     1.088    SD_System_i/processing_system7_0/inst/FCLK_CLK0
    BUFGCTRL_X0Y16       BUFG (Prop_bufg_I_O)         0.091     1.179 r  SD_System_i/processing_system7_0/inst/FCLK_CLK0_BUFG_inst/O
                         net (fo=1437, routed)        1.474     2.653    <hidden>
    SLICE_X34Y84         FDCE                                         r  <hidden>

Slack:                    inf
  Source:                 SD_System_i/axi_smc/inst/clk_map/psr_aclk/U0/ACTIVE_LOW_BSR_OUT_DFF[0].FDRE_BSR_N/C
                            (rising edge-triggered cell FDRE clocked by clk_fpga_0  {rise@0.000ns fall@5.000ns period=10.000ns})
  Destination:            <hidden>
                            (recovery check against rising-edge clock clk_fpga_0  {rise@0.000ns fall@5.000ns period=10.000ns})
  Path Group:             (none)
  Path Type:              Recovery (Max at Slow Process Corner)
  Data Path Delay:        3.663ns  (logic 0.609ns (16.627%)  route 3.054ns (83.373%))
  Logic Levels:           1  (LUT1=1)
  Clock Path Skew:        -0.484ns (DCD - SCD + CPR)
    Destination Clock Delay (DCD):    2.653ns
    Source Clock Delay      (SCD):    3.137ns
    Clock Pessimism Removal (CPR):    0.000ns
  Clock Uncertainty:      0.154ns  ((TSJ^2 + TIJ^2)^1/2 + DJ) / 2 + PE
    Total System Jitter     (TSJ):    0.071ns
    Total Input Jitter      (TIJ):    0.300ns
    Discrete Jitter          (DJ):    0.000ns
    Phase Error              (PE):    0.000ns
  Timing Exception:       False Path

    Location             Delay type                Incr(ns)  Path(ns)    Netlist Resource(s)
  -------------------------------------------------------------------    -------------------
                         (clock clk_fpga_0 rise edge)
                                                      0.000     0.000 r  
    PS7_X0Y0             PS7                          0.000     0.000 r  SD_System_i/processing_system7_0/inst/PS7_i/FCLKCLK[0]
                         net (fo=1, routed)           1.193     1.193    SD_System_i/processing_system7_0/inst/FCLK_CLK0
    BUFGCTRL_X0Y16       BUFG (Prop_bufg_I_O)         0.101     1.294 r  SD_System_i/processing_system7_0/inst/FCLK_CLK0_BUFG_inst/O
                         net (fo=1437, routed)        1.843     3.137    SD_System_i/axi_smc/inst/clk_map/psr_aclk/U0/aclk
    SLICE_X45Y104        FDRE                                         r  SD_System_i/axi_smc/inst/clk_map/psr_aclk/U0/ACTIVE_LOW_BSR_OUT_DFF[0].FDRE_BSR_N/C
  -------------------------------------------------------------------    -------------------
    SLICE_X45Y104        FDRE (Prop_fdre_C_Q)         0.456     3.593 r  SD_System_i/axi_smc/inst/clk_map/psr_aclk/U0/ACTIVE_LOW_BSR_OUT_DFF[0].FDRE_BSR_N/Q
                         net (fo=43, routed)          2.418     6.011    <hidden>
    SLICE_X34Y84         LUT1 (Prop_lut1_I0_O)        0.153     6.164 f  <hidden>
                         net (fo=3, routed)           0.636     6.800    <hidden>
    SLICE_X34Y84         FDCE                                         f  <hidden>
  -------------------------------------------------------------------    -------------------

                         (clock clk_fpga_0 rise edge)
                                                      0.000     0.000 r  
    PS7_X0Y0             PS7                          0.000     0.000 r  SD_System_i/processing_system7_0/inst/PS7_i/FCLKCLK[0]
                         net (fo=1, routed)           1.088     1.088    SD_System_i/processing_system7_0/inst/FCLK_CLK0
    BUFGCTRL_X0Y16       BUFG (Prop_bufg_I_O)         0.091     1.179 r  SD_System_i/processing_system7_0/inst/FCLK_CLK0_BUFG_inst/O
                         net (fo=1437, routed)        1.474     2.653    <hidden>
    SLICE_X34Y84         FDCE                                         r  <hidden>

Slack:                    inf
  Source:                 SD_System_i/axi_smc/inst/clk_map/psr_aclk/U0/ACTIVE_LOW_BSR_OUT_DFF[0].FDRE_BSR_N/C
                            (rising edge-triggered cell FDRE clocked by clk_fpga_0  {rise@0.000ns fall@5.000ns period=10.000ns})
  Destination:            <hidden>
                            (recovery check against rising-edge clock clk_fpga_0  {rise@0.000ns fall@5.000ns period=10.000ns})
  Path Group:             (none)
  Path Type:              Recovery (Max at Slow Process Corner)
  Data Path Delay:        3.587ns  (logic 0.610ns (17.005%)  route 2.977ns (82.995%))
  Logic Levels:           1  (LUT1=1)
  Clock Path Skew:        -0.304ns (DCD - SCD + CPR)
    Destination Clock Delay (DCD):    2.833ns
    Source Clock Delay      (SCD):    3.137ns
    Clock Pessimism Removal (CPR):    0.000ns
  Clock Uncertainty:      0.154ns  ((TSJ^2 + TIJ^2)^1/2 + DJ) / 2 + PE
    Total System Jitter     (TSJ):    0.071ns
    Total Input Jitter      (TIJ):    0.300ns
    Discrete Jitter          (DJ):    0.000ns
    Phase Error              (PE):    0.000ns
  Timing Exception:       False Path

    Location             Delay type                Incr(ns)  Path(ns)    Netlist Resource(s)
  -------------------------------------------------------------------    -------------------
                         (clock clk_fpga_0 rise edge)
                                                      0.000     0.000 r  
    PS7_X0Y0             PS7                          0.000     0.000 r  SD_System_i/processing_system7_0/inst/PS7_i/FCLKCLK[0]
                         net (fo=1, routed)           1.193     1.193    SD_System_i/processing_system7_0/inst/FCLK_CLK0
    BUFGCTRL_X0Y16       BUFG (Prop_bufg_I_O)         0.101     1.294 r  SD_System_i/processing_system7_0/inst/FCLK_CLK0_BUFG_inst/O
                         net (fo=1437, routed)        1.843     3.137    SD_System_i/axi_smc/inst/clk_map/psr_aclk/U0/aclk
    SLICE_X45Y104        FDRE                                         r  SD_System_i/axi_smc/inst/clk_map/psr_aclk/U0/ACTIVE_LOW_BSR_OUT_DFF[0].FDRE_BSR_N/C
  -------------------------------------------------------------------    -------------------
    SLICE_X45Y104        FDRE (Prop_fdre_C_Q)         0.456     3.593 r  SD_System_i/axi_smc/inst/clk_map/psr_aclk/U0/ACTIVE_LOW_BSR_OUT_DFF[0].FDRE_BSR_N/Q
                         net (fo=43, routed)          2.175     5.768    <hidden>
    SLICE_X33Y102        LUT1 (Prop_lut1_I0_O)        0.154     5.922 f  <hidden>
                         net (fo=3, routed)           0.802     6.724    <hidden>
    SLICE_X33Y102        FDCE                                         f  <hidden>
  -------------------------------------------------------------------    -------------------

                         (clock clk_fpga_0 rise edge)
                                                      0.000     0.000 r  
    PS7_X0Y0             PS7                          0.000     0.000 r  SD_System_i/processing_system7_0/inst/PS7_i/FCLKCLK[0]
                         net (fo=1, routed)           1.088     1.088    SD_System_i/processing_system7_0/inst/FCLK_CLK0
    BUFGCTRL_X0Y16       BUFG (Prop_bufg_I_O)         0.091     1.179 r  SD_System_i/processing_system7_0/inst/FCLK_CLK0_BUFG_inst/O
                         net (fo=1437, routed)        1.654     2.833    <hidden>
    SLICE_X33Y102        FDCE                                         r  <hidden>

Slack:                    inf
  Source:                 SD_System_i/axi_smc/inst/clk_map/psr_aclk/U0/ACTIVE_LOW_BSR_OUT_DFF[0].FDRE_BSR_N/C
                            (rising edge-triggered cell FDRE clocked by clk_fpga_0  {rise@0.000ns fall@5.000ns period=10.000ns})
  Destination:            <hidden>
                            (recovery check against rising-edge clock clk_fpga_0  {rise@0.000ns fall@5.000ns period=10.000ns})
  Path Group:             (none)
  Path Type:              Recovery (Max at Slow Process Corner)
  Data Path Delay:        3.587ns  (logic 0.610ns (17.005%)  route 2.977ns (82.995%))
  Logic Levels:           1  (LUT1=1)
  Clock Path Skew:        -0.304ns (DCD - SCD + CPR)
    Destination Clock Delay (DCD):    2.833ns
    Source Clock Delay      (SCD):    3.137ns
    Clock Pessimism Removal (CPR):    0.000ns
  Clock Uncertainty:      0.154ns  ((TSJ^2 + TIJ^2)^1/2 + DJ) / 2 + PE
    Total System Jitter     (TSJ):    0.071ns
    Total Input Jitter      (TIJ):    0.300ns
    Discrete Jitter          (DJ):    0.000ns
    Phase Error              (PE):    0.000ns
  Timing Exception:       False Path

    Location             Delay type                Incr(ns)  Path(ns)    Netlist Resource(s)
  -------------------------------------------------------------------    -------------------
                         (clock clk_fpga_0 rise edge)
                                                      0.000     0.000 r  
    PS7_X0Y0             PS7                          0.000     0.000 r  SD_System_i/processing_system7_0/inst/PS7_i/FCLKCLK[0]
                         net (fo=1, routed)           1.193     1.193    SD_System_i/processing_system7_0/inst/FCLK_CLK0
    BUFGCTRL_X0Y16       BUFG (Prop_bufg_I_O)         0.101     1.294 r  SD_System_i/processing_system7_0/inst/FCLK_CLK0_BUFG_inst/O
                         net (fo=1437, routed)        1.843     3.137    SD_System_i/axi_smc/inst/clk_map/psr_aclk/U0/aclk
    SLICE_X45Y104        FDRE                                         r  SD_System_i/axi_smc/inst/clk_map/psr_aclk/U0/ACTIVE_LOW_BSR_OUT_DFF[0].FDRE_BSR_N/C
  -------------------------------------------------------------------    -------------------
    SLICE_X45Y104        FDRE (Prop_fdre_C_Q)         0.456     3.593 r  SD_System_i/axi_smc/inst/clk_map/psr_aclk/U0/ACTIVE_LOW_BSR_OUT_DFF[0].FDRE_BSR_N/Q
                         net (fo=43, routed)          2.175     5.768    <hidden>
    SLICE_X33Y102        LUT1 (Prop_lut1_I0_O)        0.154     5.922 f  <hidden>
                         net (fo=3, routed)           0.802     6.724    <hidden>
    SLICE_X33Y102        FDCE                                         f  <hidden>
  -------------------------------------------------------------------    -------------------

                         (clock clk_fpga_0 rise edge)
                                                      0.000     0.000 r  
    PS7_X0Y0             PS7                          0.000     0.000 r  SD_System_i/processing_system7_0/inst/PS7_i/FCLKCLK[0]
                         net (fo=1, routed)           1.088     1.088    SD_System_i/processing_system7_0/inst/FCLK_CLK0
    BUFGCTRL_X0Y16       BUFG (Prop_bufg_I_O)         0.091     1.179 r  SD_System_i/processing_system7_0/inst/FCLK_CLK0_BUFG_inst/O
                         net (fo=1437, routed)        1.654     2.833    <hidden>
    SLICE_X33Y102        FDCE                                         r  <hidden>

Slack:                    inf
  Source:                 SD_System_i/axi_smc/inst/clk_map/psr_aclk/U0/ACTIVE_LOW_BSR_OUT_DFF[0].FDRE_BSR_N/C
                            (rising edge-triggered cell FDRE clocked by clk_fpga_0  {rise@0.000ns fall@5.000ns period=10.000ns})
  Destination:            <hidden>
                            (recovery check against rising-edge clock clk_fpga_0  {rise@0.000ns fall@5.000ns period=10.000ns})
  Path Group:             (none)
  Path Type:              Recovery (Max at Slow Process Corner)
  Data Path Delay:        3.587ns  (logic 0.610ns (17.005%)  route 2.977ns (82.995%))
  Logic Levels:           1  (LUT1=1)
  Clock Path Skew:        -0.304ns (DCD - SCD + CPR)
    Destination Clock Delay (DCD):    2.833ns
    Source Clock Delay      (SCD):    3.137ns
    Clock Pessimism Removal (CPR):    0.000ns
  Clock Uncertainty:      0.154ns  ((TSJ^2 + TIJ^2)^1/2 + DJ) / 2 + PE
    Total System Jitter     (TSJ):    0.071ns
    Total Input Jitter      (TIJ):    0.300ns
    Discrete Jitter          (DJ):    0.000ns
    Phase Error              (PE):    0.000ns
  Timing Exception:       False Path

    Location             Delay type                Incr(ns)  Path(ns)    Netlist Resource(s)
  -------------------------------------------------------------------    -------------------
                         (clock clk_fpga_0 rise edge)
                                                      0.000     0.000 r  
    PS7_X0Y0             PS7                          0.000     0.000 r  SD_System_i/processing_system7_0/inst/PS7_i/FCLKCLK[0]
                         net (fo=1, routed)           1.193     1.193    SD_System_i/processing_system7_0/inst/FCLK_CLK0
    BUFGCTRL_X0Y16       BUFG (Prop_bufg_I_O)         0.101     1.294 r  SD_System_i/processing_system7_0/inst/FCLK_CLK0_BUFG_inst/O
                         net (fo=1437, routed)        1.843     3.137    SD_System_i/axi_smc/inst/clk_map/psr_aclk/U0/aclk
    SLICE_X45Y104        FDRE                                         r  SD_System_i/axi_smc/inst/clk_map/psr_aclk/U0/ACTIVE_LOW_BSR_OUT_DFF[0].FDRE_BSR_N/C
  -------------------------------------------------------------------    -------------------
    SLICE_X45Y104        FDRE (Prop_fdre_C_Q)         0.456     3.593 r  SD_System_i/axi_smc/inst/clk_map/psr_aclk/U0/ACTIVE_LOW_BSR_OUT_DFF[0].FDRE_BSR_N/Q
                         net (fo=43, routed)          2.175     5.768    <hidden>
    SLICE_X33Y102        LUT1 (Prop_lut1_I0_O)        0.154     5.922 f  <hidden>
                         net (fo=3, routed)           0.802     6.724    <hidden>
    SLICE_X33Y102        FDCE                                         f  <hidden>
  -------------------------------------------------------------------    -------------------

                         (clock clk_fpga_0 rise edge)
                                                      0.000     0.000 r  
    PS7_X0Y0             PS7                          0.000     0.000 r  SD_System_i/processing_system7_0/inst/PS7_i/FCLKCLK[0]
                         net (fo=1, routed)           1.088     1.088    SD_System_i/processing_system7_0/inst/FCLK_CLK0
    BUFGCTRL_X0Y16       BUFG (Prop_bufg_I_O)         0.091     1.179 r  SD_System_i/processing_system7_0/inst/FCLK_CLK0_BUFG_inst/O
                         net (fo=1437, routed)        1.654     2.833    <hidden>
    SLICE_X33Y102        FDCE                                         r  <hidden>

Slack:                    inf
  Source:                 SD_System_i/axi_smc/inst/clk_map/psr_aclk/U0/ACTIVE_LOW_BSR_OUT_DFF[0].FDRE_BSR_N/C
                            (rising edge-triggered cell FDRE clocked by clk_fpga_0  {rise@0.000ns fall@5.000ns period=10.000ns})
  Destination:            <hidden>
                            (recovery check against rising-edge clock clk_fpga_0  {rise@0.000ns fall@5.000ns period=10.000ns})
  Path Group:             (none)
  Path Type:              Recovery (Max at Slow Process Corner)
  Data Path Delay:        3.479ns  (logic 0.580ns (16.674%)  route 2.899ns (83.327%))
  Logic Levels:           1  (LUT1=1)
  Clock Path Skew:        -0.485ns (DCD - SCD + CPR)
    Destination Clock Delay (DCD):    2.652ns
    Source Clock Delay      (SCD):    3.137ns
    Clock Pessimism Removal (CPR):    0.000ns
  Clock Uncertainty:      0.154ns  ((TSJ^2 + TIJ^2)^1/2 + DJ) / 2 + PE
    Total System Jitter     (TSJ):    0.071ns
    Total Input Jitter      (TIJ):    0.300ns
    Discrete Jitter          (DJ):    0.000ns
    Phase Error              (PE):    0.000ns
  Timing Exception:       False Path

    Location             Delay type                Incr(ns)  Path(ns)    Netlist Resource(s)
  -------------------------------------------------------------------    -------------------
                         (clock clk_fpga_0 rise edge)
                                                      0.000     0.000 r  
    PS7_X0Y0             PS7                          0.000     0.000 r  SD_System_i/processing_system7_0/inst/PS7_i/FCLKCLK[0]
                         net (fo=1, routed)           1.193     1.193    SD_System_i/processing_system7_0/inst/FCLK_CLK0
    BUFGCTRL_X0Y16       BUFG (Prop_bufg_I_O)         0.101     1.294 r  SD_System_i/processing_system7_0/inst/FCLK_CLK0_BUFG_inst/O
                         net (fo=1437, routed)        1.843     3.137    SD_System_i/axi_smc/inst/clk_map/psr_aclk/U0/aclk
    SLICE_X45Y104        FDRE                                         r  SD_System_i/axi_smc/inst/clk_map/psr_aclk/U0/ACTIVE_LOW_BSR_OUT_DFF[0].FDRE_BSR_N/C
  -------------------------------------------------------------------    -------------------
    SLICE_X45Y104        FDRE (Prop_fdre_C_Q)         0.456     3.593 r  SD_System_i/axi_smc/inst/clk_map/psr_aclk/U0/ACTIVE_LOW_BSR_OUT_DFF[0].FDRE_BSR_N/Q
                         net (fo=43, routed)          2.418     6.011    <hidden>
    SLICE_X34Y84         LUT1 (Prop_lut1_I0_O)        0.124     6.135 f  <hidden>
                         net (fo=3, routed)           0.480     6.616    <hidden>
    SLICE_X34Y83         FDCE                                         f  <hidden>
  -------------------------------------------------------------------    -------------------

                         (clock clk_fpga_0 rise edge)
                                                      0.000     0.000 r  
    PS7_X0Y0             PS7                          0.000     0.000 r  SD_System_i/processing_system7_0/inst/PS7_i/FCLKCLK[0]
                         net (fo=1, routed)           1.088     1.088    SD_System_i/processing_system7_0/inst/FCLK_CLK0
    BUFGCTRL_X0Y16       BUFG (Prop_bufg_I_O)         0.091     1.179 r  SD_System_i/processing_system7_0/inst/FCLK_CLK0_BUFG_inst/O
                         net (fo=1437, routed)        1.473     2.652    <hidden>
    SLICE_X34Y83         FDCE                                         r  <hidden>

Slack:                    inf
  Source:                 SD_System_i/axi_smc/inst/clk_map/psr_aclk/U0/ACTIVE_LOW_BSR_OUT_DFF[0].FDRE_BSR_N/C
                            (rising edge-triggered cell FDRE clocked by clk_fpga_0  {rise@0.000ns fall@5.000ns period=10.000ns})
  Destination:            <hidden>
                            (recovery check against rising-edge clock clk_fpga_0  {rise@0.000ns fall@5.000ns period=10.000ns})
  Path Group:             (none)
  Path Type:              Recovery (Max at Slow Process Corner)
  Data Path Delay:        3.479ns  (logic 0.580ns (16.674%)  route 2.899ns (83.327%))
  Logic Levels:           1  (LUT1=1)
  Clock Path Skew:        -0.485ns (DCD - SCD + CPR)
    Destination Clock Delay (DCD):    2.652ns
    Source Clock Delay      (SCD):    3.137ns
    Clock Pessimism Removal (CPR):    0.000ns
  Clock Uncertainty:      0.154ns  ((TSJ^2 + TIJ^2)^1/2 + DJ) / 2 + PE
    Total System Jitter     (TSJ):    0.071ns
    Total Input Jitter      (TIJ):    0.300ns
    Discrete Jitter          (DJ):    0.000ns
    Phase Error              (PE):    0.000ns
  Timing Exception:       False Path

    Location             Delay type                Incr(ns)  Path(ns)    Netlist Resource(s)
  -------------------------------------------------------------------    -------------------
                         (clock clk_fpga_0 rise edge)
                                                      0.000     0.000 r  
    PS7_X0Y0             PS7                          0.000     0.000 r  SD_System_i/processing_system7_0/inst/PS7_i/FCLKCLK[0]
                         net (fo=1, routed)           1.193     1.193    SD_System_i/processing_system7_0/inst/FCLK_CLK0
    BUFGCTRL_X0Y16       BUFG (Prop_bufg_I_O)         0.101     1.294 r  SD_System_i/processing_system7_0/inst/FCLK_CLK0_BUFG_inst/O
                         net (fo=1437, routed)        1.843     3.137    SD_System_i/axi_smc/inst/clk_map/psr_aclk/U0/aclk
    SLICE_X45Y104        FDRE                                         r  SD_System_i/axi_smc/inst/clk_map/psr_aclk/U0/ACTIVE_LOW_BSR_OUT_DFF[0].FDRE_BSR_N/C
  -------------------------------------------------------------------    -------------------
    SLICE_X45Y104        FDRE (Prop_fdre_C_Q)         0.456     3.593 r  SD_System_i/axi_smc/inst/clk_map/psr_aclk/U0/ACTIVE_LOW_BSR_OUT_DFF[0].FDRE_BSR_N/Q
                         net (fo=43, routed)          2.418     6.011    <hidden>
    SLICE_X34Y84         LUT1 (Prop_lut1_I0_O)        0.124     6.135 f  <hidden>
                         net (fo=3, routed)           0.480     6.616    <hidden>
    SLICE_X34Y83         FDCE                                         f  <hidden>
  -------------------------------------------------------------------    -------------------

                         (clock clk_fpga_0 rise edge)
                                                      0.000     0.000 r  
    PS7_X0Y0             PS7                          0.000     0.000 r  SD_System_i/processing_system7_0/inst/PS7_i/FCLKCLK[0]
                         net (fo=1, routed)           1.088     1.088    SD_System_i/processing_system7_0/inst/FCLK_CLK0
    BUFGCTRL_X0Y16       BUFG (Prop_bufg_I_O)         0.091     1.179 r  SD_System_i/processing_system7_0/inst/FCLK_CLK0_BUFG_inst/O
                         net (fo=1437, routed)        1.473     2.652    <hidden>
    SLICE_X34Y83         FDCE                                         r  <hidden>

Slack:                    inf
  Source:                 SD_System_i/axi_smc/inst/clk_map/psr_aclk/U0/ACTIVE_LOW_BSR_OUT_DFF[0].FDRE_BSR_N/C
                            (rising edge-triggered cell FDRE clocked by clk_fpga_0  {rise@0.000ns fall@5.000ns period=10.000ns})
  Destination:            <hidden>
                            (recovery check against rising-edge clock clk_fpga_0  {rise@0.000ns fall@5.000ns period=10.000ns})
  Path Group:             (none)
  Path Type:              Recovery (Max at Slow Process Corner)
  Data Path Delay:        3.479ns  (logic 0.580ns (16.674%)  route 2.899ns (83.327%))
  Logic Levels:           1  (LUT1=1)
  Clock Path Skew:        -0.485ns (DCD - SCD + CPR)
    Destination Clock Delay (DCD):    2.652ns
    Source Clock Delay      (SCD):    3.137ns
    Clock Pessimism Removal (CPR):    0.000ns
  Clock Uncertainty:      0.154ns  ((TSJ^2 + TIJ^2)^1/2 + DJ) / 2 + PE
    Total System Jitter     (TSJ):    0.071ns
    Total Input Jitter      (TIJ):    0.300ns
    Discrete Jitter          (DJ):    0.000ns
    Phase Error              (PE):    0.000ns
  Timing Exception:       False Path

    Location             Delay type                Incr(ns)  Path(ns)    Netlist Resource(s)
  -------------------------------------------------------------------    -------------------
                         (clock clk_fpga_0 rise edge)
                                                      0.000     0.000 r  
    PS7_X0Y0             PS7                          0.000     0.000 r  SD_System_i/processing_system7_0/inst/PS7_i/FCLKCLK[0]
                         net (fo=1, routed)           1.193     1.193    SD_System_i/processing_system7_0/inst/FCLK_CLK0
    BUFGCTRL_X0Y16       BUFG (Prop_bufg_I_O)         0.101     1.294 r  SD_System_i/processing_system7_0/inst/FCLK_CLK0_BUFG_inst/O
                         net (fo=1437, routed)        1.843     3.137    SD_System_i/axi_smc/inst/clk_map/psr_aclk/U0/aclk
    SLICE_X45Y104        FDRE                                         r  SD_System_i/axi_smc/inst/clk_map/psr_aclk/U0/ACTIVE_LOW_BSR_OUT_DFF[0].FDRE_BSR_N/C
  -------------------------------------------------------------------    -------------------
    SLICE_X45Y104        FDRE (Prop_fdre_C_Q)         0.456     3.593 r  SD_System_i/axi_smc/inst/clk_map/psr_aclk/U0/ACTIVE_LOW_BSR_OUT_DFF[0].FDRE_BSR_N/Q
                         net (fo=43, routed)          2.418     6.011    <hidden>
    SLICE_X34Y84         LUT1 (Prop_lut1_I0_O)        0.124     6.135 f  <hidden>
                         net (fo=3, routed)           0.480     6.616    <hidden>
    SLICE_X34Y83         FDCE                                         f  <hidden>
  -------------------------------------------------------------------    -------------------

                         (clock clk_fpga_0 rise edge)
                                                      0.000     0.000 r  
    PS7_X0Y0             PS7                          0.000     0.000 r  SD_System_i/processing_system7_0/inst/PS7_i/FCLKCLK[0]
                         net (fo=1, routed)           1.088     1.088    SD_System_i/processing_system7_0/inst/FCLK_CLK0
    BUFGCTRL_X0Y16       BUFG (Prop_bufg_I_O)         0.091     1.179 r  SD_System_i/processing_system7_0/inst/FCLK_CLK0_BUFG_inst/O
                         net (fo=1437, routed)        1.473     2.652    <hidden>
    SLICE_X34Y83         FDCE                                         r  <hidden>

Slack:                    inf
  Source:                 SD_System_i/axi_smc/inst/clk_map/psr_aclk/U0/ACTIVE_LOW_BSR_OUT_DFF[0].FDRE_BSR_N/C
                            (rising edge-triggered cell FDRE clocked by clk_fpga_0  {rise@0.000ns fall@5.000ns period=10.000ns})
  Destination:            <hidden>
                            (recovery check against rising-edge clock clk_fpga_0  {rise@0.000ns fall@5.000ns period=10.000ns})
  Path Group:             (none)
  Path Type:              Recovery (Max at Slow Process Corner)
  Data Path Delay:        3.396ns  (logic 0.580ns (17.079%)  route 2.816ns (82.921%))
  Logic Levels:           1  (LUT1=1)
  Clock Path Skew:        -0.439ns (DCD - SCD + CPR)
    Destination Clock Delay (DCD):    2.698ns
    Source Clock Delay      (SCD):    3.137ns
    Clock Pessimism Removal (CPR):    0.000ns
  Clock Uncertainty:      0.154ns  ((TSJ^2 + TIJ^2)^1/2 + DJ) / 2 + PE
    Total System Jitter     (TSJ):    0.071ns
    Total Input Jitter      (TIJ):    0.300ns
    Discrete Jitter          (DJ):    0.000ns
    Phase Error              (PE):    0.000ns
  Timing Exception:       False Path

    Location             Delay type                Incr(ns)  Path(ns)    Netlist Resource(s)
  -------------------------------------------------------------------    -------------------
                         (clock clk_fpga_0 rise edge)
                                                      0.000     0.000 r  
    PS7_X0Y0             PS7                          0.000     0.000 r  SD_System_i/processing_system7_0/inst/PS7_i/FCLKCLK[0]
                         net (fo=1, routed)           1.193     1.193    SD_System_i/processing_system7_0/inst/FCLK_CLK0
    BUFGCTRL_X0Y16       BUFG (Prop_bufg_I_O)         0.101     1.294 r  SD_System_i/processing_system7_0/inst/FCLK_CLK0_BUFG_inst/O
                         net (fo=1437, routed)        1.843     3.137    SD_System_i/axi_smc/inst/clk_map/psr_aclk/U0/aclk
    SLICE_X45Y104        FDRE                                         r  SD_System_i/axi_smc/inst/clk_map/psr_aclk/U0/ACTIVE_LOW_BSR_OUT_DFF[0].FDRE_BSR_N/C
  -------------------------------------------------------------------    -------------------
    SLICE_X45Y104        FDRE (Prop_fdre_C_Q)         0.456     3.593 r  SD_System_i/axi_smc/inst/clk_map/psr_aclk/U0/ACTIVE_LOW_BSR_OUT_DFF[0].FDRE_BSR_N/Q
                         net (fo=43, routed)          2.194     5.787    <hidden>
    SLICE_X32Y84         LUT1 (Prop_lut1_I0_O)        0.124     5.911 f  <hidden>
                         net (fo=3, routed)           0.622     6.533    <hidden>
    SLICE_X31Y84         FDCE                                         f  <hidden>
  -------------------------------------------------------------------    -------------------

                         (clock clk_fpga_0 rise edge)
                                                      0.000     0.000 r  
    PS7_X0Y0             PS7                          0.000     0.000 r  SD_System_i/processing_system7_0/inst/PS7_i/FCLKCLK[0]
                         net (fo=1, routed)           1.088     1.088    SD_System_i/processing_system7_0/inst/FCLK_CLK0
    BUFGCTRL_X0Y16       BUFG (Prop_bufg_I_O)         0.091     1.179 r  SD_System_i/processing_system7_0/inst/FCLK_CLK0_BUFG_inst/O
                         net (fo=1437, routed)        1.519     2.698    <hidden>
    SLICE_X31Y84         FDCE                                         r  <hidden>





Min Delay Paths
--------------------------------------------------------------------------------------
Slack:                    inf
  Source:                 SD_System_i/axi_smc/inst/clk_map/psr_aclk/U0/ACTIVE_LOW_BSR_OUT_DFF[0].FDRE_BSR_N/C
                            (rising edge-triggered cell FDRE clocked by clk_fpga_0  {rise@0.000ns fall@5.000ns period=10.000ns})
  Destination:            <hidden>
                            (removal check against rising-edge clock clk_fpga_0  {rise@0.000ns fall@5.000ns period=10.000ns})
  Path Group:             (none)
  Path Type:              Removal (Min at Fast Process Corner)
  Data Path Delay:        0.523ns  (logic 0.186ns (35.559%)  route 0.337ns (64.441%))
  Logic Levels:           1  (LUT1=1)
  Clock Path Skew:        0.302ns (DCD - SCD - CPR)
    Destination Clock Delay (DCD):    1.276ns
    Source Clock Delay      (SCD):    0.974ns
    Clock Pessimism Removal (CPR):    -0.000ns
  Clock Uncertainty:      0.154ns  ((TSJ^2 + TIJ^2)^1/2 + DJ) / 2 + PE
    Total System Jitter     (TSJ):    0.071ns
    Total Input Jitter      (TIJ):    0.300ns
    Discrete Jitter          (DJ):    0.000ns
    Phase Error              (PE):    0.000ns
  Timing Exception:       False Path

    Location             Delay type                Incr(ns)  Path(ns)    Netlist Resource(s)
  -------------------------------------------------------------------    -------------------
                         (clock clk_fpga_0 rise edge)
                                                      0.000     0.000 r  
    PS7_X0Y0             PS7                          0.000     0.000 r  SD_System_i/processing_system7_0/inst/PS7_i/FCLKCLK[0]
                         net (fo=1, routed)           0.310     0.310    SD_System_i/processing_system7_0/inst/FCLK_CLK0
    BUFGCTRL_X0Y16       BUFG (Prop_bufg_I_O)         0.026     0.336 r  SD_System_i/processing_system7_0/inst/FCLK_CLK0_BUFG_inst/O
                         net (fo=1437, routed)        0.638     0.974    SD_System_i/axi_smc/inst/clk_map/psr_aclk/U0/aclk
    SLICE_X45Y104        FDRE                                         r  SD_System_i/axi_smc/inst/clk_map/psr_aclk/U0/ACTIVE_LOW_BSR_OUT_DFF[0].FDRE_BSR_N/C
  -------------------------------------------------------------------    -------------------
    SLICE_X45Y104        FDRE (Prop_fdre_C_Q)         0.141     1.115 r  SD_System_i/axi_smc/inst/clk_map/psr_aclk/U0/ACTIVE_LOW_BSR_OUT_DFF[0].FDRE_BSR_N/Q
                         net (fo=43, routed)          0.171     1.286    <hidden>
    SLICE_X42Y103        LUT1 (Prop_lut1_I0_O)        0.045     1.331 f  <hidden>
                         net (fo=3, routed)           0.166     1.497    <hidden>
    SLICE_X40Y103        FDCE                                         f  <hidden>
  -------------------------------------------------------------------    -------------------

                         (clock clk_fpga_0 rise edge)
                                                      0.000     0.000 r  
    PS7_X0Y0             PS7                          0.000     0.000 r  SD_System_i/processing_system7_0/inst/PS7_i/FCLKCLK[0]
                         net (fo=1, routed)           0.337     0.337    SD_System_i/processing_system7_0/inst/FCLK_CLK0
    BUFGCTRL_X0Y16       BUFG (Prop_bufg_I_O)         0.029     0.366 r  SD_System_i/processing_system7_0/inst/FCLK_CLK0_BUFG_inst/O
                         net (fo=1437, routed)        0.910     1.276    <hidden>
    SLICE_X40Y103        FDCE                                         r  <hidden>

Slack:                    inf
  Source:                 SD_System_i/axi_smc/inst/clk_map/psr_aclk/U0/ACTIVE_LOW_BSR_OUT_DFF[0].FDRE_BSR_N/C
                            (rising edge-triggered cell FDRE clocked by clk_fpga_0  {rise@0.000ns fall@5.000ns period=10.000ns})
  Destination:            <hidden>
                            (removal check against rising-edge clock clk_fpga_0  {rise@0.000ns fall@5.000ns period=10.000ns})
  Path Group:             (none)
  Path Type:              Removal (Min at Fast Process Corner)
  Data Path Delay:        0.523ns  (logic 0.186ns (35.559%)  route 0.337ns (64.441%))
  Logic Levels:           1  (LUT1=1)
  Clock Path Skew:        0.302ns (DCD - SCD - CPR)
    Destination Clock Delay (DCD):    1.276ns
    Source Clock Delay      (SCD):    0.974ns
    Clock Pessimism Removal (CPR):    -0.000ns
  Clock Uncertainty:      0.154ns  ((TSJ^2 + TIJ^2)^1/2 + DJ) / 2 + PE
    Total System Jitter     (TSJ):    0.071ns
    Total Input Jitter      (TIJ):    0.300ns
    Discrete Jitter          (DJ):    0.000ns
    Phase Error              (PE):    0.000ns
  Timing Exception:       False Path

    Location             Delay type                Incr(ns)  Path(ns)    Netlist Resource(s)
  -------------------------------------------------------------------    -------------------
                         (clock clk_fpga_0 rise edge)
                                                      0.000     0.000 r  
    PS7_X0Y0             PS7                          0.000     0.000 r  SD_System_i/processing_system7_0/inst/PS7_i/FCLKCLK[0]
                         net (fo=1, routed)           0.310     0.310    SD_System_i/processing_system7_0/inst/FCLK_CLK0
    BUFGCTRL_X0Y16       BUFG (Prop_bufg_I_O)         0.026     0.336 r  SD_System_i/processing_system7_0/inst/FCLK_CLK0_BUFG_inst/O
                         net (fo=1437, routed)        0.638     0.974    SD_System_i/axi_smc/inst/clk_map/psr_aclk/U0/aclk
    SLICE_X45Y104        FDRE                                         r  SD_System_i/axi_smc/inst/clk_map/psr_aclk/U0/ACTIVE_LOW_BSR_OUT_DFF[0].FDRE_BSR_N/C
  -------------------------------------------------------------------    -------------------
    SLICE_X45Y104        FDRE (Prop_fdre_C_Q)         0.141     1.115 r  SD_System_i/axi_smc/inst/clk_map/psr_aclk/U0/ACTIVE_LOW_BSR_OUT_DFF[0].FDRE_BSR_N/Q
                         net (fo=43, routed)          0.171     1.286    <hidden>
    SLICE_X42Y103        LUT1 (Prop_lut1_I0_O)        0.045     1.331 f  <hidden>
                         net (fo=3, routed)           0.166     1.497    <hidden>
    SLICE_X40Y103        FDCE                                         f  <hidden>
  -------------------------------------------------------------------    -------------------

                         (clock clk_fpga_0 rise edge)
                                                      0.000     0.000 r  
    PS7_X0Y0             PS7                          0.000     0.000 r  SD_System_i/processing_system7_0/inst/PS7_i/FCLKCLK[0]
                         net (fo=1, routed)           0.337     0.337    SD_System_i/processing_system7_0/inst/FCLK_CLK0
    BUFGCTRL_X0Y16       BUFG (Prop_bufg_I_O)         0.029     0.366 r  SD_System_i/processing_system7_0/inst/FCLK_CLK0_BUFG_inst/O
                         net (fo=1437, routed)        0.910     1.276    <hidden>
    SLICE_X40Y103        FDCE                                         r  <hidden>

Slack:                    inf
  Source:                 SD_System_i/axi_smc/inst/clk_map/psr_aclk/U0/ACTIVE_LOW_BSR_OUT_DFF[0].FDRE_BSR_N/C
                            (rising edge-triggered cell FDRE clocked by clk_fpga_0  {rise@0.000ns fall@5.000ns period=10.000ns})
  Destination:            <hidden>
                            (removal check against rising-edge clock clk_fpga_0  {rise@0.000ns fall@5.000ns period=10.000ns})
  Path Group:             (none)
  Path Type:              Removal (Min at Fast Process Corner)
  Data Path Delay:        0.523ns  (logic 0.186ns (35.559%)  route 0.337ns (64.441%))
  Logic Levels:           1  (LUT1=1)
  Clock Path Skew:        0.302ns (DCD - SCD - CPR)
    Destination Clock Delay (DCD):    1.276ns
    Source Clock Delay      (SCD):    0.974ns
    Clock Pessimism Removal (CPR):    -0.000ns
  Clock Uncertainty:      0.154ns  ((TSJ^2 + TIJ^2)^1/2 + DJ) / 2 + PE
    Total System Jitter     (TSJ):    0.071ns
    Total Input Jitter      (TIJ):    0.300ns
    Discrete Jitter          (DJ):    0.000ns
    Phase Error              (PE):    0.000ns
  Timing Exception:       False Path

    Location             Delay type                Incr(ns)  Path(ns)    Netlist Resource(s)
  -------------------------------------------------------------------    -------------------
                         (clock clk_fpga_0 rise edge)
                                                      0.000     0.000 r  
    PS7_X0Y0             PS7                          0.000     0.000 r  SD_System_i/processing_system7_0/inst/PS7_i/FCLKCLK[0]
                         net (fo=1, routed)           0.310     0.310    SD_System_i/processing_system7_0/inst/FCLK_CLK0
    BUFGCTRL_X0Y16       BUFG (Prop_bufg_I_O)         0.026     0.336 r  SD_System_i/processing_system7_0/inst/FCLK_CLK0_BUFG_inst/O
                         net (fo=1437, routed)        0.638     0.974    SD_System_i/axi_smc/inst/clk_map/psr_aclk/U0/aclk
    SLICE_X45Y104        FDRE                                         r  SD_System_i/axi_smc/inst/clk_map/psr_aclk/U0/ACTIVE_LOW_BSR_OUT_DFF[0].FDRE_BSR_N/C
  -------------------------------------------------------------------    -------------------
    SLICE_X45Y104        FDRE (Prop_fdre_C_Q)         0.141     1.115 r  SD_System_i/axi_smc/inst/clk_map/psr_aclk/U0/ACTIVE_LOW_BSR_OUT_DFF[0].FDRE_BSR_N/Q
                         net (fo=43, routed)          0.171     1.286    <hidden>
    SLICE_X42Y103        LUT1 (Prop_lut1_I0_O)        0.045     1.331 f  <hidden>
                         net (fo=3, routed)           0.166     1.497    <hidden>
    SLICE_X40Y103        FDCE                                         f  <hidden>
  -------------------------------------------------------------------    -------------------

                         (clock clk_fpga_0 rise edge)
                                                      0.000     0.000 r  
    PS7_X0Y0             PS7                          0.000     0.000 r  SD_System_i/processing_system7_0/inst/PS7_i/FCLKCLK[0]
                         net (fo=1, routed)           0.337     0.337    SD_System_i/processing_system7_0/inst/FCLK_CLK0
    BUFGCTRL_X0Y16       BUFG (Prop_bufg_I_O)         0.029     0.366 r  SD_System_i/processing_system7_0/inst/FCLK_CLK0_BUFG_inst/O
                         net (fo=1437, routed)        0.910     1.276    <hidden>
    SLICE_X40Y103        FDCE                                         r  <hidden>

Slack:                    inf
  Source:                 SD_System_i/axi_smc/inst/clk_map/psr_aclk/U0/ACTIVE_LOW_BSR_OUT_DFF[0].FDRE_BSR_N/C
                            (rising edge-triggered cell FDRE clocked by clk_fpga_0  {rise@0.000ns fall@5.000ns period=10.000ns})
  Destination:            <hidden>
                            (removal check against rising-edge clock clk_fpga_0  {rise@0.000ns fall@5.000ns period=10.000ns})
  Path Group:             (none)
  Path Type:              Removal (Min at Fast Process Corner)
  Data Path Delay:        0.538ns  (logic 0.190ns (35.307%)  route 0.348ns (64.693%))
  Logic Levels:           1  (LUT1=1)
  Clock Path Skew:        0.302ns (DCD - SCD - CPR)
    Destination Clock Delay (DCD):    1.276ns
    Source Clock Delay      (SCD):    0.974ns
    Clock Pessimism Removal (CPR):    -0.000ns
  Clock Uncertainty:      0.154ns  ((TSJ^2 + TIJ^2)^1/2 + DJ) / 2 + PE
    Total System Jitter     (TSJ):    0.071ns
    Total Input Jitter      (TIJ):    0.300ns
    Discrete Jitter          (DJ):    0.000ns
    Phase Error              (PE):    0.000ns
  Timing Exception:       False Path

    Location             Delay type                Incr(ns)  Path(ns)    Netlist Resource(s)
  -------------------------------------------------------------------    -------------------
                         (clock clk_fpga_0 rise edge)
                                                      0.000     0.000 r  
    PS7_X0Y0             PS7                          0.000     0.000 r  SD_System_i/processing_system7_0/inst/PS7_i/FCLKCLK[0]
                         net (fo=1, routed)           0.310     0.310    SD_System_i/processing_system7_0/inst/FCLK_CLK0
    BUFGCTRL_X0Y16       BUFG (Prop_bufg_I_O)         0.026     0.336 r  SD_System_i/processing_system7_0/inst/FCLK_CLK0_BUFG_inst/O
                         net (fo=1437, routed)        0.638     0.974    SD_System_i/axi_smc/inst/clk_map/psr_aclk/U0/aclk
    SLICE_X45Y104        FDRE                                         r  SD_System_i/axi_smc/inst/clk_map/psr_aclk/U0/ACTIVE_LOW_BSR_OUT_DFF[0].FDRE_BSR_N/C
  -------------------------------------------------------------------    -------------------
    SLICE_X45Y104        FDRE (Prop_fdre_C_Q)         0.141     1.115 r  SD_System_i/axi_smc/inst/clk_map/psr_aclk/U0/ACTIVE_LOW_BSR_OUT_DFF[0].FDRE_BSR_N/Q
                         net (fo=43, routed)          0.171     1.286    <hidden>
    SLICE_X42Y103        LUT1 (Prop_lut1_I0_O)        0.049     1.335 f  <hidden>
                         net (fo=3, routed)           0.177     1.512    <hidden>
    SLICE_X42Y103        FDCE                                         f  <hidden>
  -------------------------------------------------------------------    -------------------

                         (clock clk_fpga_0 rise edge)
                                                      0.000     0.000 r  
    PS7_X0Y0             PS7                          0.000     0.000 r  SD_System_i/processing_system7_0/inst/PS7_i/FCLKCLK[0]
                         net (fo=1, routed)           0.337     0.337    SD_System_i/processing_system7_0/inst/FCLK_CLK0
    BUFGCTRL_X0Y16       BUFG (Prop_bufg_I_O)         0.029     0.366 r  SD_System_i/processing_system7_0/inst/FCLK_CLK0_BUFG_inst/O
                         net (fo=1437, routed)        0.910     1.276    <hidden>
    SLICE_X42Y103        FDCE                                         r  <hidden>

Slack:                    inf
  Source:                 SD_System_i/axi_smc/inst/clk_map/psr_aclk/U0/ACTIVE_LOW_BSR_OUT_DFF[0].FDRE_BSR_N/C
                            (rising edge-triggered cell FDRE clocked by clk_fpga_0  {rise@0.000ns fall@5.000ns period=10.000ns})
  Destination:            <hidden>
                            (removal check against rising-edge clock clk_fpga_0  {rise@0.000ns fall@5.000ns period=10.000ns})
  Path Group:             (none)
  Path Type:              Removal (Min at Fast Process Corner)
  Data Path Delay:        0.538ns  (logic 0.190ns (35.307%)  route 0.348ns (64.693%))
  Logic Levels:           1  (LUT1=1)
  Clock Path Skew:        0.302ns (DCD - SCD - CPR)
    Destination Clock Delay (DCD):    1.276ns
    Source Clock Delay      (SCD):    0.974ns
    Clock Pessimism Removal (CPR):    -0.000ns
  Clock Uncertainty:      0.154ns  ((TSJ^2 + TIJ^2)^1/2 + DJ) / 2 + PE
    Total System Jitter     (TSJ):    0.071ns
    Total Input Jitter      (TIJ):    0.300ns
    Discrete Jitter          (DJ):    0.000ns
    Phase Error              (PE):    0.000ns
  Timing Exception:       False Path

    Location             Delay type                Incr(ns)  Path(ns)    Netlist Resource(s)
  -------------------------------------------------------------------    -------------------
                         (clock clk_fpga_0 rise edge)
                                                      0.000     0.000 r  
    PS7_X0Y0             PS7                          0.000     0.000 r  SD_System_i/processing_system7_0/inst/PS7_i/FCLKCLK[0]
                         net (fo=1, routed)           0.310     0.310    SD_System_i/processing_system7_0/inst/FCLK_CLK0
    BUFGCTRL_X0Y16       BUFG (Prop_bufg_I_O)         0.026     0.336 r  SD_System_i/processing_system7_0/inst/FCLK_CLK0_BUFG_inst/O
                         net (fo=1437, routed)        0.638     0.974    SD_System_i/axi_smc/inst/clk_map/psr_aclk/U0/aclk
    SLICE_X45Y104        FDRE                                         r  SD_System_i/axi_smc/inst/clk_map/psr_aclk/U0/ACTIVE_LOW_BSR_OUT_DFF[0].FDRE_BSR_N/C
  -------------------------------------------------------------------    -------------------
    SLICE_X45Y104        FDRE (Prop_fdre_C_Q)         0.141     1.115 r  SD_System_i/axi_smc/inst/clk_map/psr_aclk/U0/ACTIVE_LOW_BSR_OUT_DFF[0].FDRE_BSR_N/Q
                         net (fo=43, routed)          0.171     1.286    <hidden>
    SLICE_X42Y103        LUT1 (Prop_lut1_I0_O)        0.049     1.335 f  <hidden>
                         net (fo=3, routed)           0.177     1.512    <hidden>
    SLICE_X42Y103        FDCE                                         f  <hidden>
  -------------------------------------------------------------------    -------------------

                         (clock clk_fpga_0 rise edge)
                                                      0.000     0.000 r  
    PS7_X0Y0             PS7                          0.000     0.000 r  SD_System_i/processing_system7_0/inst/PS7_i/FCLKCLK[0]
                         net (fo=1, routed)           0.337     0.337    SD_System_i/processing_system7_0/inst/FCLK_CLK0
    BUFGCTRL_X0Y16       BUFG (Prop_bufg_I_O)         0.029     0.366 r  SD_System_i/processing_system7_0/inst/FCLK_CLK0_BUFG_inst/O
                         net (fo=1437, routed)        0.910     1.276    <hidden>
    SLICE_X42Y103        FDCE                                         r  <hidden>

Slack:                    inf
  Source:                 SD_System_i/axi_smc/inst/clk_map/psr_aclk/U0/ACTIVE_LOW_BSR_OUT_DFF[0].FDRE_BSR_N/C
                            (rising edge-triggered cell FDRE clocked by clk_fpga_0  {rise@0.000ns fall@5.000ns period=10.000ns})
  Destination:            <hidden>
                            (removal check against rising-edge clock clk_fpga_0  {rise@0.000ns fall@5.000ns period=10.000ns})
  Path Group:             (none)
  Path Type:              Removal (Min at Fast Process Corner)
  Data Path Delay:        0.538ns  (logic 0.190ns (35.307%)  route 0.348ns (64.693%))
  Logic Levels:           1  (LUT1=1)
  Clock Path Skew:        0.302ns (DCD - SCD - CPR)
    Destination Clock Delay (DCD):    1.276ns
    Source Clock Delay      (SCD):    0.974ns
    Clock Pessimism Removal (CPR):    -0.000ns
  Clock Uncertainty:      0.154ns  ((TSJ^2 + TIJ^2)^1/2 + DJ) / 2 + PE
    Total System Jitter     (TSJ):    0.071ns
    Total Input Jitter      (TIJ):    0.300ns
    Discrete Jitter          (DJ):    0.000ns
    Phase Error              (PE):    0.000ns
  Timing Exception:       False Path

    Location             Delay type                Incr(ns)  Path(ns)    Netlist Resource(s)
  -------------------------------------------------------------------    -------------------
                         (clock clk_fpga_0 rise edge)
                                                      0.000     0.000 r  
    PS7_X0Y0             PS7                          0.000     0.000 r  SD_System_i/processing_system7_0/inst/PS7_i/FCLKCLK[0]
                         net (fo=1, routed)           0.310     0.310    SD_System_i/processing_system7_0/inst/FCLK_CLK0
    BUFGCTRL_X0Y16       BUFG (Prop_bufg_I_O)         0.026     0.336 r  SD_System_i/processing_system7_0/inst/FCLK_CLK0_BUFG_inst/O
                         net (fo=1437, routed)        0.638     0.974    SD_System_i/axi_smc/inst/clk_map/psr_aclk/U0/aclk
    SLICE_X45Y104        FDRE                                         r  SD_System_i/axi_smc/inst/clk_map/psr_aclk/U0/ACTIVE_LOW_BSR_OUT_DFF[0].FDRE_BSR_N/C
  -------------------------------------------------------------------    -------------------
    SLICE_X45Y104        FDRE (Prop_fdre_C_Q)         0.141     1.115 r  SD_System_i/axi_smc/inst/clk_map/psr_aclk/U0/ACTIVE_LOW_BSR_OUT_DFF[0].FDRE_BSR_N/Q
                         net (fo=43, routed)          0.171     1.286    <hidden>
    SLICE_X42Y103        LUT1 (Prop_lut1_I0_O)        0.049     1.335 f  <hidden>
                         net (fo=3, routed)           0.177     1.512    <hidden>
    SLICE_X42Y103        FDCE                                         f  <hidden>
  -------------------------------------------------------------------    -------------------

                         (clock clk_fpga_0 rise edge)
                                                      0.000     0.000 r  
    PS7_X0Y0             PS7                          0.000     0.000 r  SD_System_i/processing_system7_0/inst/PS7_i/FCLKCLK[0]
                         net (fo=1, routed)           0.337     0.337    SD_System_i/processing_system7_0/inst/FCLK_CLK0
    BUFGCTRL_X0Y16       BUFG (Prop_bufg_I_O)         0.029     0.366 r  SD_System_i/processing_system7_0/inst/FCLK_CLK0_BUFG_inst/O
                         net (fo=1437, routed)        0.910     1.276    <hidden>
    SLICE_X42Y103        FDCE                                         r  <hidden>

Slack:                    inf
  Source:                 SD_System_i/axi_smc/inst/clk_map/psr_aclk/U0/ACTIVE_LOW_BSR_OUT_DFF[0].FDRE_BSR_N/C
                            (rising edge-triggered cell FDRE clocked by clk_fpga_0  {rise@0.000ns fall@5.000ns period=10.000ns})
  Destination:            <hidden>
                            (removal check against rising-edge clock clk_fpga_0  {rise@0.000ns fall@5.000ns period=10.000ns})
  Path Group:             (none)
  Path Type:              Removal (Min at Fast Process Corner)
  Data Path Delay:        0.582ns  (logic 0.190ns (32.626%)  route 0.392ns (67.374%))
  Logic Levels:           1  (LUT1=1)
  Clock Path Skew:        0.303ns (DCD - SCD - CPR)
    Destination Clock Delay (DCD):    1.277ns
    Source Clock Delay      (SCD):    0.974ns
    Clock Pessimism Removal (CPR):    -0.000ns
  Clock Uncertainty:      0.154ns  ((TSJ^2 + TIJ^2)^1/2 + DJ) / 2 + PE
    Total System Jitter     (TSJ):    0.071ns
    Total Input Jitter      (TIJ):    0.300ns
    Discrete Jitter          (DJ):    0.000ns
    Phase Error              (PE):    0.000ns
  Timing Exception:       False Path

    Location             Delay type                Incr(ns)  Path(ns)    Netlist Resource(s)
  -------------------------------------------------------------------    -------------------
                         (clock clk_fpga_0 rise edge)
                                                      0.000     0.000 r  
    PS7_X0Y0             PS7                          0.000     0.000 r  SD_System_i/processing_system7_0/inst/PS7_i/FCLKCLK[0]
                         net (fo=1, routed)           0.310     0.310    SD_System_i/processing_system7_0/inst/FCLK_CLK0
    BUFGCTRL_X0Y16       BUFG (Prop_bufg_I_O)         0.026     0.336 r  SD_System_i/processing_system7_0/inst/FCLK_CLK0_BUFG_inst/O
                         net (fo=1437, routed)        0.638     0.974    SD_System_i/axi_smc/inst/clk_map/psr_aclk/U0/aclk
    SLICE_X45Y104        FDRE                                         r  SD_System_i/axi_smc/inst/clk_map/psr_aclk/U0/ACTIVE_LOW_BSR_OUT_DFF[0].FDRE_BSR_N/C
  -------------------------------------------------------------------    -------------------
    SLICE_X45Y104        FDRE (Prop_fdre_C_Q)         0.141     1.115 r  SD_System_i/axi_smc/inst/clk_map/psr_aclk/U0/ACTIVE_LOW_BSR_OUT_DFF[0].FDRE_BSR_N/Q
                         net (fo=43, routed)          0.215     1.330    <hidden>
    SLICE_X46Y101        LUT1 (Prop_lut1_I0_O)        0.049     1.379 f  <hidden>
                         net (fo=3, routed)           0.177     1.556    <hidden>
    SLICE_X46Y101        FDCE                                         f  <hidden>
  -------------------------------------------------------------------    -------------------

                         (clock clk_fpga_0 rise edge)
                                                      0.000     0.000 r  
    PS7_X0Y0             PS7                          0.000     0.000 r  SD_System_i/processing_system7_0/inst/PS7_i/FCLKCLK[0]
                         net (fo=1, routed)           0.337     0.337    SD_System_i/processing_system7_0/inst/FCLK_CLK0
    BUFGCTRL_X0Y16       BUFG (Prop_bufg_I_O)         0.029     0.366 r  SD_System_i/processing_system7_0/inst/FCLK_CLK0_BUFG_inst/O
                         net (fo=1437, routed)        0.911     1.277    <hidden>
    SLICE_X46Y101        FDCE                                         r  <hidden>

Slack:                    inf
  Source:                 SD_System_i/axi_smc/inst/clk_map/psr_aclk/U0/ACTIVE_LOW_BSR_OUT_DFF[0].FDRE_BSR_N/C
                            (rising edge-triggered cell FDRE clocked by clk_fpga_0  {rise@0.000ns fall@5.000ns period=10.000ns})
  Destination:            <hidden>
                            (removal check against rising-edge clock clk_fpga_0  {rise@0.000ns fall@5.000ns period=10.000ns})
  Path Group:             (none)
  Path Type:              Removal (Min at Fast Process Corner)
  Data Path Delay:        0.582ns  (logic 0.190ns (32.626%)  route 0.392ns (67.374%))
  Logic Levels:           1  (LUT1=1)
  Clock Path Skew:        0.303ns (DCD - SCD - CPR)
    Destination Clock Delay (DCD):    1.277ns
    Source Clock Delay      (SCD):    0.974ns
    Clock Pessimism Removal (CPR):    -0.000ns
  Clock Uncertainty:      0.154ns  ((TSJ^2 + TIJ^2)^1/2 + DJ) / 2 + PE
    Total System Jitter     (TSJ):    0.071ns
    Total Input Jitter      (TIJ):    0.300ns
    Discrete Jitter          (DJ):    0.000ns
    Phase Error              (PE):    0.000ns
  Timing Exception:       False Path

    Location             Delay type                Incr(ns)  Path(ns)    Netlist Resource(s)
  -------------------------------------------------------------------    -------------------
                         (clock clk_fpga_0 rise edge)
                                                      0.000     0.000 r  
    PS7_X0Y0             PS7                          0.000     0.000 r  SD_System_i/processing_system7_0/inst/PS7_i/FCLKCLK[0]
                         net (fo=1, routed)           0.310     0.310    SD_System_i/processing_system7_0/inst/FCLK_CLK0
    BUFGCTRL_X0Y16       BUFG (Prop_bufg_I_O)         0.026     0.336 r  SD_System_i/processing_system7_0/inst/FCLK_CLK0_BUFG_inst/O
                         net (fo=1437, routed)        0.638     0.974    SD_System_i/axi_smc/inst/clk_map/psr_aclk/U0/aclk
    SLICE_X45Y104        FDRE                                         r  SD_System_i/axi_smc/inst/clk_map/psr_aclk/U0/ACTIVE_LOW_BSR_OUT_DFF[0].FDRE_BSR_N/C
  -------------------------------------------------------------------    -------------------
    SLICE_X45Y104        FDRE (Prop_fdre_C_Q)         0.141     1.115 r  SD_System_i/axi_smc/inst/clk_map/psr_aclk/U0/ACTIVE_LOW_BSR_OUT_DFF[0].FDRE_BSR_N/Q
                         net (fo=43, routed)          0.215     1.330    <hidden>
    SLICE_X46Y101        LUT1 (Prop_lut1_I0_O)        0.049     1.379 f  <hidden>
                         net (fo=3, routed)           0.177     1.556    <hidden>
    SLICE_X46Y101        FDCE                                         f  <hidden>
  -------------------------------------------------------------------    -------------------

                         (clock clk_fpga_0 rise edge)
                                                      0.000     0.000 r  
    PS7_X0Y0             PS7                          0.000     0.000 r  SD_System_i/processing_system7_0/inst/PS7_i/FCLKCLK[0]
                         net (fo=1, routed)           0.337     0.337    SD_System_i/processing_system7_0/inst/FCLK_CLK0
    BUFGCTRL_X0Y16       BUFG (Prop_bufg_I_O)         0.029     0.366 r  SD_System_i/processing_system7_0/inst/FCLK_CLK0_BUFG_inst/O
                         net (fo=1437, routed)        0.911     1.277    <hidden>
    SLICE_X46Y101        FDCE                                         r  <hidden>

Slack:                    inf
  Source:                 SD_System_i/axi_smc/inst/clk_map/psr_aclk/U0/ACTIVE_LOW_BSR_OUT_DFF[0].FDRE_BSR_N/C
                            (rising edge-triggered cell FDRE clocked by clk_fpga_0  {rise@0.000ns fall@5.000ns period=10.000ns})
  Destination:            <hidden>
                            (removal check against rising-edge clock clk_fpga_0  {rise@0.000ns fall@5.000ns period=10.000ns})
  Path Group:             (none)
  Path Type:              Removal (Min at Fast Process Corner)
  Data Path Delay:        0.582ns  (logic 0.190ns (32.626%)  route 0.392ns (67.374%))
  Logic Levels:           1  (LUT1=1)
  Clock Path Skew:        0.303ns (DCD - SCD - CPR)
    Destination Clock Delay (DCD):    1.277ns
    Source Clock Delay      (SCD):    0.974ns
    Clock Pessimism Removal (CPR):    -0.000ns
  Clock Uncertainty:      0.154ns  ((TSJ^2 + TIJ^2)^1/2 + DJ) / 2 + PE
    Total System Jitter     (TSJ):    0.071ns
    Total Input Jitter      (TIJ):    0.300ns
    Discrete Jitter          (DJ):    0.000ns
    Phase Error              (PE):    0.000ns
  Timing Exception:       False Path

    Location             Delay type                Incr(ns)  Path(ns)    Netlist Resource(s)
  -------------------------------------------------------------------    -------------------
                         (clock clk_fpga_0 rise edge)
                                                      0.000     0.000 r  
    PS7_X0Y0             PS7                          0.000     0.000 r  SD_System_i/processing_system7_0/inst/PS7_i/FCLKCLK[0]
                         net (fo=1, routed)           0.310     0.310    SD_System_i/processing_system7_0/inst/FCLK_CLK0
    BUFGCTRL_X0Y16       BUFG (Prop_bufg_I_O)         0.026     0.336 r  SD_System_i/processing_system7_0/inst/FCLK_CLK0_BUFG_inst/O
                         net (fo=1437, routed)        0.638     0.974    SD_System_i/axi_smc/inst/clk_map/psr_aclk/U0/aclk
    SLICE_X45Y104        FDRE                                         r  SD_System_i/axi_smc/inst/clk_map/psr_aclk/U0/ACTIVE_LOW_BSR_OUT_DFF[0].FDRE_BSR_N/C
  -------------------------------------------------------------------    -------------------
    SLICE_X45Y104        FDRE (Prop_fdre_C_Q)         0.141     1.115 r  SD_System_i/axi_smc/inst/clk_map/psr_aclk/U0/ACTIVE_LOW_BSR_OUT_DFF[0].FDRE_BSR_N/Q
                         net (fo=43, routed)          0.215     1.330    <hidden>
    SLICE_X46Y101        LUT1 (Prop_lut1_I0_O)        0.049     1.379 f  <hidden>
                         net (fo=3, routed)           0.177     1.556    <hidden>
    SLICE_X46Y101        FDCE                                         f  <hidden>
  -------------------------------------------------------------------    -------------------

                         (clock clk_fpga_0 rise edge)
                                                      0.000     0.000 r  
    PS7_X0Y0             PS7                          0.000     0.000 r  SD_System_i/processing_system7_0/inst/PS7_i/FCLKCLK[0]
                         net (fo=1, routed)           0.337     0.337    SD_System_i/processing_system7_0/inst/FCLK_CLK0
    BUFGCTRL_X0Y16       BUFG (Prop_bufg_I_O)         0.029     0.366 r  SD_System_i/processing_system7_0/inst/FCLK_CLK0_BUFG_inst/O
                         net (fo=1437, routed)        0.911     1.277    <hidden>
    SLICE_X46Y101        FDCE                                         r  <hidden>

Slack:                    inf
  Source:                 SD_System_i/axi_smc/inst/clk_map/psr_aclk/U0/ACTIVE_LOW_BSR_OUT_DFF[0].FDRE_BSR_N/C
                            (rising edge-triggered cell FDRE clocked by clk_fpga_0  {rise@0.000ns fall@5.000ns period=10.000ns})
  Destination:            <hidden>
                            (removal check against rising-edge clock clk_fpga_0  {rise@0.000ns fall@5.000ns period=10.000ns})
  Path Group:             (none)
  Path Type:              Removal (Min at Fast Process Corner)
  Data Path Delay:        0.635ns  (logic 0.186ns (29.294%)  route 0.449ns (70.706%))
  Logic Levels:           1  (LUT1=1)
  Clock Path Skew:        0.303ns (DCD - SCD - CPR)
    Destination Clock Delay (DCD):    1.277ns
    Source Clock Delay      (SCD):    0.974ns
    Clock Pessimism Removal (CPR):    -0.000ns
  Clock Uncertainty:      0.154ns  ((TSJ^2 + TIJ^2)^1/2 + DJ) / 2 + PE
    Total System Jitter     (TSJ):    0.071ns
    Total Input Jitter      (TIJ):    0.300ns
    Discrete Jitter          (DJ):    0.000ns
    Phase Error              (PE):    0.000ns
  Timing Exception:       False Path

    Location             Delay type                Incr(ns)  Path(ns)    Netlist Resource(s)
  -------------------------------------------------------------------    -------------------
                         (clock clk_fpga_0 rise edge)
                                                      0.000     0.000 r  
    PS7_X0Y0             PS7                          0.000     0.000 r  SD_System_i/processing_system7_0/inst/PS7_i/FCLKCLK[0]
                         net (fo=1, routed)           0.310     0.310    SD_System_i/processing_system7_0/inst/FCLK_CLK0
    BUFGCTRL_X0Y16       BUFG (Prop_bufg_I_O)         0.026     0.336 r  SD_System_i/processing_system7_0/inst/FCLK_CLK0_BUFG_inst/O
                         net (fo=1437, routed)        0.638     0.974    SD_System_i/axi_smc/inst/clk_map/psr_aclk/U0/aclk
    SLICE_X45Y104        FDRE                                         r  SD_System_i/axi_smc/inst/clk_map/psr_aclk/U0/ACTIVE_LOW_BSR_OUT_DFF[0].FDRE_BSR_N/C
  -------------------------------------------------------------------    -------------------
    SLICE_X45Y104        FDRE (Prop_fdre_C_Q)         0.141     1.115 r  SD_System_i/axi_smc/inst/clk_map/psr_aclk/U0/ACTIVE_LOW_BSR_OUT_DFF[0].FDRE_BSR_N/Q
                         net (fo=43, routed)          0.215     1.330    <hidden>
    SLICE_X46Y101        LUT1 (Prop_lut1_I0_O)        0.045     1.375 f  <hidden>
                         net (fo=3, routed)           0.233     1.609    <hidden>
    SLICE_X46Y100        FDCE                                         f  <hidden>
  -------------------------------------------------------------------    -------------------

                         (clock clk_fpga_0 rise edge)
                                                      0.000     0.000 r  
    PS7_X0Y0             PS7                          0.000     0.000 r  SD_System_i/processing_system7_0/inst/PS7_i/FCLKCLK[0]
                         net (fo=1, routed)           0.337     0.337    SD_System_i/processing_system7_0/inst/FCLK_CLK0
    BUFGCTRL_X0Y16       BUFG (Prop_bufg_I_O)         0.029     0.366 r  SD_System_i/processing_system7_0/inst/FCLK_CLK0_BUFG_inst/O
                         net (fo=1437, routed)        0.911     1.277    <hidden>
    SLICE_X46Y100        FDCE                                         r  <hidden>





--------------------------------------------------------------------------------------
Path Group:  (none)
From Clock:  clk_fpga_0
  To Clock:  

Max Delay             5 Endpoints
Min Delay             5 Endpoints
--------------------------------------------------------------------------------------


Max Delay Paths
--------------------------------------------------------------------------------------
Slack:                    inf
  Source:                 SD_System_i/X_GPIO/U0/gpio_core_1/Not_Dual.gpio_Data_Out_reg[30]/C
                            (rising edge-triggered cell FDRE clocked by clk_fpga_0  {rise@0.000ns fall@5.000ns period=10.000ns})
  Destination:            led[0]
                            (output port)
  Path Group:             (none)
  Path Type:              Max at Slow Process Corner
  Data Path Delay:        12.043ns  (logic 4.419ns (36.698%)  route 7.623ns (63.302%))
  Logic Levels:           3  (LUT2=1 LUT6=1 OBUF=1)
  Clock Uncertainty:      0.152ns  ((TSJ^2 + TIJ^2)^1/2 + DJ) / 2 + PE
    Total System Jitter     (TSJ):    0.050ns
    Total Input Jitter      (TIJ):    0.300ns
    Discrete Jitter          (DJ):    0.000ns
    Phase Error              (PE):    0.000ns

    Location             Delay type                Incr(ns)  Path(ns)    Netlist Resource(s)
  -------------------------------------------------------------------    -------------------
                         (clock clk_fpga_0 rise edge)
                                                      0.000     0.000 r  
    PS7_X0Y0             PS7                          0.000     0.000 r  SD_System_i/processing_system7_0/inst/PS7_i/FCLKCLK[0]
                         net (fo=1, routed)           1.193     1.193    SD_System_i/processing_system7_0/inst/FCLK_CLK0
    BUFGCTRL_X0Y16       BUFG (Prop_bufg_I_O)         0.101     1.294 r  SD_System_i/processing_system7_0/inst/FCLK_CLK0_BUFG_inst/O
                         net (fo=1437, routed)        1.651     2.945    SD_System_i/X_GPIO/U0/gpio_core_1/s_axi_aclk
    SLICE_X36Y91         FDRE                                         r  SD_System_i/X_GPIO/U0/gpio_core_1/Not_Dual.gpio_Data_Out_reg[30]/C
  -------------------------------------------------------------------    -------------------
    SLICE_X36Y91         FDRE (Prop_fdre_C_Q)         0.478     3.423 r  SD_System_i/X_GPIO/U0/gpio_core_1/Not_Dual.gpio_Data_Out_reg[30]/Q
                         net (fo=2, routed)           1.295     4.718    SD_System_i/Interconnect_Manager_0/inst/X[1]
    SLICE_X36Y91         LUT2 (Prop_lut2_I1_O)        0.295     5.013 r  SD_System_i/Interconnect_Manager_0/inst/led[0]_INST_0_i_5/O
                         net (fo=1, routed)           0.979     5.992    SD_System_i/Interconnect_Manager_0/inst/led[0]_INST_0_i_5_n_0
    SLICE_X33Y91         LUT6 (Prop_lut6_I4_O)        0.124     6.116 r  SD_System_i/Interconnect_Manager_0/inst/led[0]_INST_0/O
                         net (fo=1, routed)           5.350    11.465    led_OBUF[0]
    T22                  OBUF (Prop_obuf_I_O)         3.522    14.988 r  led_OBUF[0]_inst/O
                         net (fo=0)                   0.000    14.988    led[0]
    T22                                                               r  led[0] (OUT)
  -------------------------------------------------------------------    -------------------

Slack:                    inf
  Source:                 SD_System_i/Z_GPIO/U0/gpio_core_1/Not_Dual.gpio_Data_Out_reg[11]/C
                            (rising edge-triggered cell FDRE clocked by clk_fpga_0  {rise@0.000ns fall@5.000ns period=10.000ns})
  Destination:            led[2]
                            (output port)
  Path Group:             (none)
  Path Type:              Max at Slow Process Corner
  Data Path Delay:        11.174ns  (logic 4.297ns (38.454%)  route 6.877ns (61.545%))
  Logic Levels:           3  (LUT6=2 OBUF=1)
  Clock Uncertainty:      0.152ns  ((TSJ^2 + TIJ^2)^1/2 + DJ) / 2 + PE
    Total System Jitter     (TSJ):    0.050ns
    Total Input Jitter      (TIJ):    0.300ns
    Discrete Jitter          (DJ):    0.000ns
    Phase Error              (PE):    0.000ns

    Location             Delay type                Incr(ns)  Path(ns)    Netlist Resource(s)
  -------------------------------------------------------------------    -------------------
                         (clock clk_fpga_0 rise edge)
                                                      0.000     0.000 r  
    PS7_X0Y0             PS7                          0.000     0.000 r  SD_System_i/processing_system7_0/inst/PS7_i/FCLKCLK[0]
                         net (fo=1, routed)           1.193     1.193    SD_System_i/processing_system7_0/inst/FCLK_CLK0
    BUFGCTRL_X0Y16       BUFG (Prop_bufg_I_O)         0.101     1.294 r  SD_System_i/processing_system7_0/inst/FCLK_CLK0_BUFG_inst/O
                         net (fo=1437, routed)        1.651     2.945    SD_System_i/Z_GPIO/U0/gpio_core_1/s_axi_aclk
    SLICE_X34Y92         FDRE                                         r  SD_System_i/Z_GPIO/U0/gpio_core_1/Not_Dual.gpio_Data_Out_reg[11]/C
  -------------------------------------------------------------------    -------------------
    SLICE_X34Y92         FDRE (Prop_fdre_C_Q)         0.518     3.463 r  SD_System_i/Z_GPIO/U0/gpio_core_1/Not_Dual.gpio_Data_Out_reg[11]/Q
                         net (fo=2, routed)           0.891     4.354    SD_System_i/Interconnect_Manager_0/inst/Z[4]
    SLICE_X34Y92         LUT6 (Prop_lut6_I5_O)        0.124     4.478 r  SD_System_i/Interconnect_Manager_0/inst/led0_inferred__1/led[2]_INST_0_i_2/O
                         net (fo=1, routed)           0.797     5.275    SD_System_i/Interconnect_Manager_0/inst/led0_inferred__1/led[2]_INST_0_i_2_n_0
    SLICE_X35Y93         LUT6 (Prop_lut6_I5_O)        0.124     5.399 r  SD_System_i/Interconnect_Manager_0/inst/led0_inferred__1/led[2]_INST_0/O
                         net (fo=1, routed)           5.190    10.588    led_OBUF[2]
    U22                  OBUF (Prop_obuf_I_O)         3.531    14.119 r  led_OBUF[2]_inst/O
                         net (fo=0)                   0.000    14.119    led[2]
    U22                                                               r  led[2] (OUT)
  -------------------------------------------------------------------    -------------------

Slack:                    inf
  Source:                 SD_System_i/Y_GPIO/U0/gpio_core_1/Not_Dual.gpio_Data_Out_reg[23]/C
                            (rising edge-triggered cell FDRE clocked by clk_fpga_0  {rise@0.000ns fall@5.000ns period=10.000ns})
  Destination:            led[1]
                            (output port)
  Path Group:             (none)
  Path Type:              Max at Slow Process Corner
  Data Path Delay:        10.990ns  (logic 4.280ns (38.943%)  route 6.710ns (61.057%))
  Logic Levels:           3  (LUT6=2 OBUF=1)
  Clock Uncertainty:      0.152ns  ((TSJ^2 + TIJ^2)^1/2 + DJ) / 2 + PE
    Total System Jitter     (TSJ):    0.050ns
    Total Input Jitter      (TIJ):    0.300ns
    Discrete Jitter          (DJ):    0.000ns
    Phase Error              (PE):    0.000ns

    Location             Delay type                Incr(ns)  Path(ns)    Netlist Resource(s)
  -------------------------------------------------------------------    -------------------
                         (clock clk_fpga_0 rise edge)
                                                      0.000     0.000 r  
    PS7_X0Y0             PS7                          0.000     0.000 r  SD_System_i/processing_system7_0/inst/PS7_i/FCLKCLK[0]
                         net (fo=1, routed)           1.193     1.193    SD_System_i/processing_system7_0/inst/FCLK_CLK0
    BUFGCTRL_X0Y16       BUFG (Prop_bufg_I_O)         0.101     1.294 r  SD_System_i/processing_system7_0/inst/FCLK_CLK0_BUFG_inst/O
                         net (fo=1437, routed)        1.649     2.943    SD_System_i/Y_GPIO/U0/gpio_core_1/s_axi_aclk
    SLICE_X32Y88         FDRE                                         r  SD_System_i/Y_GPIO/U0/gpio_core_1/Not_Dual.gpio_Data_Out_reg[23]/C
  -------------------------------------------------------------------    -------------------
    SLICE_X32Y88         FDRE (Prop_fdre_C_Q)         0.518     3.461 r  SD_System_i/Y_GPIO/U0/gpio_core_1/Not_Dual.gpio_Data_Out_reg[23]/Q
                         net (fo=2, routed)           1.204     4.665    SD_System_i/Interconnect_Manager_0/inst/Y[8]
    SLICE_X30Y91         LUT6 (Prop_lut6_I5_O)        0.124     4.789 r  SD_System_i/Interconnect_Manager_0/inst/led0_inferred__0/led[1]_INST_0_i_1/O
                         net (fo=1, routed)           0.658     5.447    SD_System_i/Interconnect_Manager_0/inst/led0_inferred__0/led[1]_INST_0_i_1_n_0
    SLICE_X31Y91         LUT6 (Prop_lut6_I0_O)        0.124     5.571 r  SD_System_i/Interconnect_Manager_0/inst/led0_inferred__0/led[1]_INST_0/O
                         net (fo=1, routed)           4.848    10.419    led_OBUF[1]
    T21                  OBUF (Prop_obuf_I_O)         3.514    13.933 r  led_OBUF[1]_inst/O
                         net (fo=0)                   0.000    13.933    led[1]
    T21                                                               r  led[1] (OUT)
  -------------------------------------------------------------------    -------------------

Slack:                    inf
  Source:                 SD_System_i/COMMAND_GPIO/U0/gpio_core_1/Not_Dual.gpio_Data_Out_reg[1]/C
                            (rising edge-triggered cell FDRE clocked by clk_fpga_0  {rise@0.000ns fall@5.000ns period=10.000ns})
  Destination:            led[3]
                            (output port)
  Path Group:             (none)
  Path Type:              Max at Slow Process Corner
  Data Path Delay:        10.523ns  (logic 4.234ns (40.232%)  route 6.290ns (59.768%))
  Logic Levels:           3  (LUT4=1 LUT5=1 OBUF=1)
  Clock Uncertainty:      0.152ns  ((TSJ^2 + TIJ^2)^1/2 + DJ) / 2 + PE
    Total System Jitter     (TSJ):    0.050ns
    Total Input Jitter      (TIJ):    0.300ns
    Discrete Jitter          (DJ):    0.000ns
    Phase Error              (PE):    0.000ns

    Location             Delay type                Incr(ns)  Path(ns)    Netlist Resource(s)
  -------------------------------------------------------------------    -------------------
                         (clock clk_fpga_0 rise edge)
                                                      0.000     0.000 r  
    PS7_X0Y0             PS7                          0.000     0.000 r  SD_System_i/processing_system7_0/inst/PS7_i/FCLKCLK[0]
                         net (fo=1, routed)           1.193     1.193    SD_System_i/processing_system7_0/inst/FCLK_CLK0
    BUFGCTRL_X0Y16       BUFG (Prop_bufg_I_O)         0.101     1.294 r  SD_System_i/processing_system7_0/inst/FCLK_CLK0_BUFG_inst/O
                         net (fo=1437, routed)        1.652     2.946    SD_System_i/COMMAND_GPIO/U0/gpio_core_1/s_axi_aclk
    SLICE_X39Y93         FDRE                                         r  SD_System_i/COMMAND_GPIO/U0/gpio_core_1/Not_Dual.gpio_Data_Out_reg[1]/C
  -------------------------------------------------------------------    -------------------
    SLICE_X39Y93         FDRE (Prop_fdre_C_Q)         0.456     3.402 r  SD_System_i/COMMAND_GPIO/U0/gpio_core_1/Not_Dual.gpio_Data_Out_reg[1]/Q
                         net (fo=2, routed)           0.810     4.212    SD_System_i/Interconnect_Manager_0/inst/CMD[6]
    SLICE_X39Y92         LUT4 (Prop_lut4_I0_O)        0.124     4.336 f  SD_System_i/Interconnect_Manager_0/inst/led0_inferred__2/led[3]_INST_0_i_1/O
                         net (fo=1, routed)           0.670     5.007    SD_System_i/Interconnect_Manager_0/inst/led0_inferred__2/led[3]_INST_0_i_1_n_0
    SLICE_X39Y92         LUT5 (Prop_lut5_I4_O)        0.124     5.131 r  SD_System_i/Interconnect_Manager_0/inst/led0_inferred__2/led[3]_INST_0/O
                         net (fo=1, routed)           4.809     9.940    led_OBUF[3]
    U21                  OBUF (Prop_obuf_I_O)         3.530    13.469 r  led_OBUF[3]_inst/O
                         net (fo=0)                   0.000    13.469    led[3]
    U21                                                               r  led[3] (OUT)
  -------------------------------------------------------------------    -------------------

Slack:                    inf
  Source:                 SD_System_i/INTERCONNECT_GPIO/U0/gpio_core_1/Dual.gpio_Data_Out_reg[2]/C
                            (rising edge-triggered cell FDRE clocked by clk_fpga_0  {rise@0.000ns fall@5.000ns period=10.000ns})
  Destination:            led[4]
                            (output port)
  Path Group:             (none)
  Path Type:              Max at Slow Process Corner
  Data Path Delay:        10.279ns  (logic 4.241ns (41.258%)  route 6.038ns (58.742%))
  Logic Levels:           3  (LUT4=1 LUT5=1 OBUF=1)
  Clock Uncertainty:      0.152ns  ((TSJ^2 + TIJ^2)^1/2 + DJ) / 2 + PE
    Total System Jitter     (TSJ):    0.050ns
    Total Input Jitter      (TIJ):    0.300ns
    Discrete Jitter          (DJ):    0.000ns
    Phase Error              (PE):    0.000ns

    Location             Delay type                Incr(ns)  Path(ns)    Netlist Resource(s)
  -------------------------------------------------------------------    -------------------
                         (clock clk_fpga_0 rise edge)
                                                      0.000     0.000 r  
    PS7_X0Y0             PS7                          0.000     0.000 r  SD_System_i/processing_system7_0/inst/PS7_i/FCLKCLK[0]
                         net (fo=1, routed)           1.193     1.193    SD_System_i/processing_system7_0/inst/FCLK_CLK0
    BUFGCTRL_X0Y16       BUFG (Prop_bufg_I_O)         0.101     1.294 r  SD_System_i/processing_system7_0/inst/FCLK_CLK0_BUFG_inst/O
                         net (fo=1437, routed)        1.650     2.944    SD_System_i/INTERCONNECT_GPIO/U0/gpio_core_1/s_axi_aclk
    SLICE_X37Y89         FDRE                                         r  SD_System_i/INTERCONNECT_GPIO/U0/gpio_core_1/Dual.gpio_Data_Out_reg[2]/C
  -------------------------------------------------------------------    -------------------
    SLICE_X37Y89         FDRE (Prop_fdre_C_Q)         0.456     3.400 r  SD_System_i/INTERCONNECT_GPIO/U0/gpio_core_1/Dual.gpio_Data_Out_reg[2]/Q
                         net (fo=2, routed)           0.800     4.200    SD_System_i/Interconnect_Manager_0/inst/PS_Channel[5]
    SLICE_X39Y89         LUT4 (Prop_lut4_I2_O)        0.124     4.324 f  SD_System_i/Interconnect_Manager_0/inst/led0_inferred__3/led[4]_INST_0_i_1/O
                         net (fo=1, routed)           0.433     4.757    SD_System_i/Interconnect_Manager_0/inst/led0_inferred__3/led[4]_INST_0_i_1_n_0
    SLICE_X39Y89         LUT5 (Prop_lut5_I4_O)        0.124     4.881 r  SD_System_i/Interconnect_Manager_0/inst/led0_inferred__3/led[4]_INST_0/O
                         net (fo=1, routed)           4.804     9.686    led_OBUF[4]
    V22                  OBUF (Prop_obuf_I_O)         3.537    13.223 r  led_OBUF[4]_inst/O
                         net (fo=0)                   0.000    13.223    led[4]
    V22                                                               r  led[4] (OUT)
  -------------------------------------------------------------------    -------------------





Min Delay Paths
--------------------------------------------------------------------------------------
Slack:                    inf
  Source:                 SD_System_i/COMMAND_GPIO/U0/gpio_core_1/Not_Dual.gpio_Data_Out_reg[6]/C
                            (rising edge-triggered cell FDRE clocked by clk_fpga_0  {rise@0.000ns fall@5.000ns period=10.000ns})
  Destination:            led[3]
                            (output port)
  Path Group:             (none)
  Path Type:              Min at Fast Process Corner
  Data Path Delay:        3.369ns  (logic 1.417ns (42.049%)  route 1.952ns (57.951%))
  Logic Levels:           2  (LUT5=1 OBUF=1)
  Clock Uncertainty:      0.152ns  ((TSJ^2 + TIJ^2)^1/2 + DJ) / 2 + PE
    Total System Jitter     (TSJ):    0.050ns
    Total Input Jitter      (TIJ):    0.300ns
    Discrete Jitter          (DJ):    0.000ns
    Phase Error              (PE):    0.000ns

    Location             Delay type                Incr(ns)  Path(ns)    Netlist Resource(s)
  -------------------------------------------------------------------    -------------------
                         (clock clk_fpga_0 rise edge)
                                                      0.000     0.000 r  
    PS7_X0Y0             PS7                          0.000     0.000 r  SD_System_i/processing_system7_0/inst/PS7_i/FCLKCLK[0]
                         net (fo=1, routed)           0.310     0.310    SD_System_i/processing_system7_0/inst/FCLK_CLK0
    BUFGCTRL_X0Y16       BUFG (Prop_bufg_I_O)         0.026     0.336 r  SD_System_i/processing_system7_0/inst/FCLK_CLK0_BUFG_inst/O
                         net (fo=1437, routed)        0.556     0.892    SD_System_i/COMMAND_GPIO/U0/gpio_core_1/s_axi_aclk
    SLICE_X39Y94         FDRE                                         r  SD_System_i/COMMAND_GPIO/U0/gpio_core_1/Not_Dual.gpio_Data_Out_reg[6]/C
  -------------------------------------------------------------------    -------------------
    SLICE_X39Y94         FDRE (Prop_fdre_C_Q)         0.141     1.033 r  SD_System_i/COMMAND_GPIO/U0/gpio_core_1/Not_Dual.gpio_Data_Out_reg[6]/Q
                         net (fo=2, routed)           0.123     1.155    SD_System_i/Interconnect_Manager_0/inst/CMD[1]
    SLICE_X39Y92         LUT5 (Prop_lut5_I1_O)        0.045     1.200 r  SD_System_i/Interconnect_Manager_0/inst/led0_inferred__2/led[3]_INST_0/O
                         net (fo=1, routed)           1.830     3.030    led_OBUF[3]
    U21                  OBUF (Prop_obuf_I_O)         1.231     4.261 r  led_OBUF[3]_inst/O
                         net (fo=0)                   0.000     4.261    led[3]
    U21                                                               r  led[3] (OUT)
  -------------------------------------------------------------------    -------------------

Slack:                    inf
  Source:                 SD_System_i/INTERCONNECT_GPIO/U0/gpio_core_1/Dual.gpio_Data_Out_reg[7]/C
                            (rising edge-triggered cell FDRE clocked by clk_fpga_0  {rise@0.000ns fall@5.000ns period=10.000ns})
  Destination:            led[4]
                            (output port)
  Path Group:             (none)
  Path Type:              Min at Fast Process Corner
  Data Path Delay:        3.483ns  (logic 1.464ns (42.018%)  route 2.020ns (57.982%))
  Logic Levels:           2  (LUT5=1 OBUF=1)
  Clock Uncertainty:      0.152ns  ((TSJ^2 + TIJ^2)^1/2 + DJ) / 2 + PE
    Total System Jitter     (TSJ):    0.050ns
    Total Input Jitter      (TIJ):    0.300ns
    Discrete Jitter          (DJ):    0.000ns
    Phase Error              (PE):    0.000ns

    Location             Delay type                Incr(ns)  Path(ns)    Netlist Resource(s)
  -------------------------------------------------------------------    -------------------
                         (clock clk_fpga_0 rise edge)
                                                      0.000     0.000 r  
    PS7_X0Y0             PS7                          0.000     0.000 r  SD_System_i/processing_system7_0/inst/PS7_i/FCLKCLK[0]
                         net (fo=1, routed)           0.310     0.310    SD_System_i/processing_system7_0/inst/FCLK_CLK0
    BUFGCTRL_X0Y16       BUFG (Prop_bufg_I_O)         0.026     0.336 r  SD_System_i/processing_system7_0/inst/FCLK_CLK0_BUFG_inst/O
                         net (fo=1437, routed)        0.554     0.890    SD_System_i/INTERCONNECT_GPIO/U0/gpio_core_1/s_axi_aclk
    SLICE_X37Y89         FDRE                                         r  SD_System_i/INTERCONNECT_GPIO/U0/gpio_core_1/Dual.gpio_Data_Out_reg[7]/C
  -------------------------------------------------------------------    -------------------
    SLICE_X37Y89         FDRE (Prop_fdre_C_Q)         0.128     1.018 r  SD_System_i/INTERCONNECT_GPIO/U0/gpio_core_1/Dual.gpio_Data_Out_reg[7]/Q
                         net (fo=2, routed)           0.194     1.212    SD_System_i/Interconnect_Manager_0/inst/PS_Channel[0]
    SLICE_X39Y89         LUT5 (Prop_lut5_I0_O)        0.098     1.310 r  SD_System_i/Interconnect_Manager_0/inst/led0_inferred__3/led[4]_INST_0/O
                         net (fo=1, routed)           1.825     3.135    led_OBUF[4]
    V22                  OBUF (Prop_obuf_I_O)         1.238     4.373 r  led_OBUF[4]_inst/O
                         net (fo=0)                   0.000     4.373    led[4]
    V22                                                               r  led[4] (OUT)
  -------------------------------------------------------------------    -------------------

Slack:                    inf
  Source:                 SD_System_i/Y_GPIO/U0/gpio_core_1/Not_Dual.gpio_Data_Out_reg[5]/C
                            (rising edge-triggered cell FDRE clocked by clk_fpga_0  {rise@0.000ns fall@5.000ns period=10.000ns})
  Destination:            led[1]
                            (output port)
  Path Group:             (none)
  Path Type:              Min at Fast Process Corner
  Data Path Delay:        3.600ns  (logic 1.469ns (40.800%)  route 2.131ns (59.200%))
  Logic Levels:           3  (LUT6=2 OBUF=1)
  Clock Uncertainty:      0.152ns  ((TSJ^2 + TIJ^2)^1/2 + DJ) / 2 + PE
    Total System Jitter     (TSJ):    0.050ns
    Total Input Jitter      (TIJ):    0.300ns
    Discrete Jitter          (DJ):    0.000ns
    Phase Error              (PE):    0.000ns

    Location             Delay type                Incr(ns)  Path(ns)    Netlist Resource(s)
  -------------------------------------------------------------------    -------------------
                         (clock clk_fpga_0 rise edge)
                                                      0.000     0.000 r  
    PS7_X0Y0             PS7                          0.000     0.000 r  SD_System_i/processing_system7_0/inst/PS7_i/FCLKCLK[0]
                         net (fo=1, routed)           0.310     0.310    SD_System_i/processing_system7_0/inst/FCLK_CLK0
    BUFGCTRL_X0Y16       BUFG (Prop_bufg_I_O)         0.026     0.336 r  SD_System_i/processing_system7_0/inst/FCLK_CLK0_BUFG_inst/O
                         net (fo=1437, routed)        0.576     0.912    SD_System_i/Y_GPIO/U0/gpio_core_1/s_axi_aclk
    SLICE_X30Y94         FDRE                                         r  SD_System_i/Y_GPIO/U0/gpio_core_1/Not_Dual.gpio_Data_Out_reg[5]/C
  -------------------------------------------------------------------    -------------------
    SLICE_X30Y94         FDRE (Prop_fdre_C_Q)         0.164     1.076 r  SD_System_i/Y_GPIO/U0/gpio_core_1/Not_Dual.gpio_Data_Out_reg[5]/Q
                         net (fo=2, routed)           0.064     1.140    SD_System_i/Interconnect_Manager_0/inst/Y[26]
    SLICE_X31Y94         LUT6 (Prop_lut6_I5_O)        0.045     1.185 r  SD_System_i/Interconnect_Manager_0/inst/led0_inferred__0/led[1]_INST_0_i_3/O
                         net (fo=1, routed)           0.195     1.380    SD_System_i/Interconnect_Manager_0/inst/led0_inferred__0/led[1]_INST_0_i_3_n_0
    SLICE_X31Y91         LUT6 (Prop_lut6_I2_O)        0.045     1.425 r  SD_System_i/Interconnect_Manager_0/inst/led0_inferred__0/led[1]_INST_0/O
                         net (fo=1, routed)           1.872     3.297    led_OBUF[1]
    T21                  OBUF (Prop_obuf_I_O)         1.215     4.511 r  led_OBUF[1]_inst/O
                         net (fo=0)                   0.000     4.511    led[1]
    T21                                                               r  led[1] (OUT)
  -------------------------------------------------------------------    -------------------

Slack:                    inf
  Source:                 SD_System_i/Z_GPIO/U0/gpio_core_1/Not_Dual.gpio_Data_Out_reg[15]/C
                            (rising edge-triggered cell FDRE clocked by clk_fpga_0  {rise@0.000ns fall@5.000ns period=10.000ns})
  Destination:            led[2]
                            (output port)
  Path Group:             (none)
  Path Type:              Min at Fast Process Corner
  Data Path Delay:        3.663ns  (logic 1.459ns (39.831%)  route 2.204ns (60.169%))
  Logic Levels:           2  (LUT6=1 OBUF=1)
  Clock Uncertainty:      0.152ns  ((TSJ^2 + TIJ^2)^1/2 + DJ) / 2 + PE
    Total System Jitter     (TSJ):    0.050ns
    Total Input Jitter      (TIJ):    0.300ns
    Discrete Jitter          (DJ):    0.000ns
    Phase Error              (PE):    0.000ns

    Location             Delay type                Incr(ns)  Path(ns)    Netlist Resource(s)
  -------------------------------------------------------------------    -------------------
                         (clock clk_fpga_0 rise edge)
                                                      0.000     0.000 r  
    PS7_X0Y0             PS7                          0.000     0.000 r  SD_System_i/processing_system7_0/inst/PS7_i/FCLKCLK[0]
                         net (fo=1, routed)           0.310     0.310    SD_System_i/processing_system7_0/inst/FCLK_CLK0
    BUFGCTRL_X0Y16       BUFG (Prop_bufg_I_O)         0.026     0.336 r  SD_System_i/processing_system7_0/inst/FCLK_CLK0_BUFG_inst/O
                         net (fo=1437, routed)        0.558     0.894    SD_System_i/Z_GPIO/U0/gpio_core_1/s_axi_aclk
    SLICE_X35Y93         FDRE                                         r  SD_System_i/Z_GPIO/U0/gpio_core_1/Not_Dual.gpio_Data_Out_reg[15]/C
  -------------------------------------------------------------------    -------------------
    SLICE_X35Y93         FDRE (Prop_fdre_C_Q)         0.128     1.022 r  SD_System_i/Z_GPIO/U0/gpio_core_1/Not_Dual.gpio_Data_Out_reg[15]/Q
                         net (fo=2, routed)           0.155     1.177    SD_System_i/Interconnect_Manager_0/inst/Z[0]
    SLICE_X35Y93         LUT6 (Prop_lut6_I2_O)        0.099     1.276 r  SD_System_i/Interconnect_Manager_0/inst/led0_inferred__1/led[2]_INST_0/O
                         net (fo=1, routed)           2.049     3.325    led_OBUF[2]
    U22                  OBUF (Prop_obuf_I_O)         1.232     4.557 r  led_OBUF[2]_inst/O
                         net (fo=0)                   0.000     4.557    led[2]
    U22                                                               r  led[2] (OUT)
  -------------------------------------------------------------------    -------------------

Slack:                    inf
  Source:                 SD_System_i/X_GPIO/U0/gpio_core_1/Not_Dual.gpio_Data_Out_reg[14]/C
                            (rising edge-triggered cell FDRE clocked by clk_fpga_0  {rise@0.000ns fall@5.000ns period=10.000ns})
  Destination:            led[0]
                            (output port)
  Path Group:             (none)
  Path Type:              Min at Fast Process Corner
  Data Path Delay:        3.902ns  (logic 1.454ns (37.268%)  route 2.448ns (62.732%))
  Logic Levels:           3  (LUT6=2 OBUF=1)
  Clock Uncertainty:      0.152ns  ((TSJ^2 + TIJ^2)^1/2 + DJ) / 2 + PE
    Total System Jitter     (TSJ):    0.050ns
    Total Input Jitter      (TIJ):    0.300ns
    Discrete Jitter          (DJ):    0.000ns
    Phase Error              (PE):    0.000ns

    Location             Delay type                Incr(ns)  Path(ns)    Netlist Resource(s)
  -------------------------------------------------------------------    -------------------
                         (clock clk_fpga_0 rise edge)
                                                      0.000     0.000 r  
    PS7_X0Y0             PS7                          0.000     0.000 r  SD_System_i/processing_system7_0/inst/PS7_i/FCLKCLK[0]
                         net (fo=1, routed)           0.310     0.310    SD_System_i/processing_system7_0/inst/FCLK_CLK0
    BUFGCTRL_X0Y16       BUFG (Prop_bufg_I_O)         0.026     0.336 r  SD_System_i/processing_system7_0/inst/FCLK_CLK0_BUFG_inst/O
                         net (fo=1437, routed)        0.558     0.894    SD_System_i/X_GPIO/U0/gpio_core_1/s_axi_aclk
    SLICE_X35Y95         FDRE                                         r  SD_System_i/X_GPIO/U0/gpio_core_1/Not_Dual.gpio_Data_Out_reg[14]/C
  -------------------------------------------------------------------    -------------------
    SLICE_X35Y95         FDRE (Prop_fdre_C_Q)         0.141     1.035 r  SD_System_i/X_GPIO/U0/gpio_core_1/Not_Dual.gpio_Data_Out_reg[14]/Q
                         net (fo=2, routed)           0.091     1.126    SD_System_i/Interconnect_Manager_0/inst/X[17]
    SLICE_X34Y95         LUT6 (Prop_lut6_I3_O)        0.045     1.171 r  SD_System_i/Interconnect_Manager_0/inst/led[0]_INST_0_i_2/O
                         net (fo=1, routed)           0.254     1.425    SD_System_i/Interconnect_Manager_0/inst/led[0]_INST_0_i_2_n_0
    SLICE_X33Y91         LUT6 (Prop_lut6_I1_O)        0.045     1.470 r  SD_System_i/Interconnect_Manager_0/inst/led[0]_INST_0/O
                         net (fo=1, routed)           2.103     3.573    led_OBUF[0]
    T22                  OBUF (Prop_obuf_I_O)         1.223     4.796 r  led_OBUF[0]_inst/O
                         net (fo=0)                   0.000     4.796    led[0]
    T22                                                               r  led[0] (OUT)
  -------------------------------------------------------------------    -------------------





