16:08:47 DEBUG : Logs will be stored at 'E:/Git-Repos/CNC-FPGA/Vitis3/IDE.log'.
16:08:50 INFO  : Launching XSCT server: xsct.bat -n  -interactive E:\Git-Repos\CNC-FPGA\Vitis3\temp_xsdb_launch_script.tcl
16:08:50 INFO  : Registering command handlers for Vitis TCF services
16:08:51 INFO  : Platform repository initialization has completed.
16:08:53 INFO  : XSCT server has started successfully.
16:08:53 INFO  : Successfully done setting XSCT server connection channel  
16:08:53 INFO  : plnx-install-location is set to ''
16:08:53 INFO  : Successfully done query RDI_DATADIR 
16:08:53 INFO  : Successfully done setting workspace for the tool. 
16:09:42 INFO  : Result from executing command 'getProjects': CNC-PL3
16:09:42 INFO  : Result from executing command 'getPlatforms': xilinx_zcu102_base_202420_1|C:/Xilinx/Vitis/2024.2/base_platforms/xilinx_zcu102_base_202420_1/xilinx_zcu102_base_202420_1.xpfm;xilinx_zcu102_base_dfx_202420_1|C:/Xilinx/Vitis/2024.2/base_platforms/xilinx_zcu102_base_dfx_202420_1/xilinx_zcu102_base_dfx_202420_1.xpfm;xilinx_zcu104_base_202420_1|C:/Xilinx/Vitis/2024.2/base_platforms/xilinx_zcu104_base_202420_1/xilinx_zcu104_base_202420_1.xpfm
16:11:54 INFO  : Result from executing command 'getProjects': CNC-PL3
16:11:54 INFO  : Result from executing command 'getPlatforms': CNC-PL3|E:/Git-Repos/CNC-FPGA/Vitis3/CNC-PL3/export/CNC-PL3/CNC-PL3.xpfm;xilinx_zcu102_base_202420_1|C:/Xilinx/Vitis/2024.2/base_platforms/xilinx_zcu102_base_202420_1/xilinx_zcu102_base_202420_1.xpfm;xilinx_zcu102_base_dfx_202420_1|C:/Xilinx/Vitis/2024.2/base_platforms/xilinx_zcu102_base_dfx_202420_1/xilinx_zcu102_base_dfx_202420_1.xpfm;xilinx_zcu104_base_202420_1|C:/Xilinx/Vitis/2024.2/base_platforms/xilinx_zcu104_base_202420_1/xilinx_zcu104_base_202420_1.xpfm
16:11:59 INFO  : Checking for BSP changes to sync application flags for project 'SDReader'...
16:12:26 INFO  : Checking for BSP changes to sync application flags for project 'SDReader'...
16:12:45 INFO  : Checking for BSP changes to sync application flags for project 'SDReader'...
16:14:25 INFO  : Checking for BSP changes to sync application flags for project 'SDReader'...
16:14:39 INFO  : Checking for BSP changes to sync application flags for project 'SDReader'...
16:15:17 INFO  : Connected to target on host '127.0.0.1' and port '3121'.
16:15:18 INFO  : 'targets -set -filter {jtag_cable_name =~ "Digilent Zed 210248585425" && level==0 && jtag_device_ctx=="jsn-Zed-210248585425-23727093-0"}' command is executed.
16:15:20 INFO  : Device configured successfully with "E:/Git-Repos/CNC-FPGA/Vitis3/SDReader/_ide/bitstream/CNC_Top_wrapper.bit"
16:31:03 ERROR : Failed to update hardware specification for project 'CNC-PL3'.
Reason: Failed to execute command 'platform config -updatehw {E:/Git-Repos/CNC-FPGA/Zedboard-CNC/CNC_Top_wrapper.xsa}'. Click on details for more information.
16:31:37 INFO  : Checking for BSP changes to sync application flags for project 'SDReader'...
16:31:37 INFO  : Result from executing command 'getProjects': CNC-PL3;RemoteSystemsTempFiles;SDReader;SDReader_system
16:31:37 WARN  : Failed to closehw "E:/Git-Repos/CNC-FPGA/Vitis3/CNC-PL3/export/CNC-PL3/hw/CNC_Top_wrapper.xsa"
Reason: E:/Git-Repos/CNC-FPGA/Vitis3/CNC-PL3/export/CNC-PL3/hw/CNC_Top_wrapper.xsa is not available in the current workspace
use 'getprojects' command to see list of available projects in current workspace
16:31:37 INFO  : Result from executing command 'getProjects': CNC-PL3;RemoteSystemsTempFiles;SDReader;SDReader_system
16:31:37 ERROR : Failed to openhw "E:/Git-Repos/CNC-FPGA/Vitis3/CNC-PL3/export/CNC-PL3/hw/CNC_Top_wrapper.xsa"
Reason: E:/Git-Repos/CNC-FPGA/Vitis3/CNC-PL3/export/CNC-PL3/hw/CNC_Top_wrapper.xsa is not available in the current workspace
use 'getprojects' command to see list of available projects in current workspace
16:31:37 ERROR : Failed to update application flags from BSP for 'SDReader'. Reason: null
java.lang.NullPointerException: null
	at com.xilinx.sdx.sw.internal.SDxSwPlatform.<init>(SDxSwPlatform.java:305) ~[com.xilinx.sdx.sw_1.0.0.202411031917.jar:?]
	at com.xilinx.sdx.sw.internal.SDxSwPlatform.create(SDxSwPlatform.java:214) ~[com.xilinx.sdx.sw_1.0.0.202411031917.jar:?]
	at com.xilinx.sdx.sdk.core.util.SdkPlatformHelper.getSwPlatform(SdkPlatformHelper.java:64) ~[com.xilinx.sdx.sdk.core_1.0.0.202411031917.jar:?]
	at com.xilinx.sdx.sdk.core.build.SdkMakefileGenerationListener.getSwPlatform(SdkMakefileGenerationListener.java:160) ~[com.xilinx.sdx.sdk.core_1.0.0.202411031917.jar:?]
	at com.xilinx.sdx.sdk.core.build.SdkMakefileGenerationListener.syncAppFlags(SdkMakefileGenerationListener.java:78) [com.xilinx.sdx.sdk.core_1.0.0.202411031917.jar:?]
	at com.xilinx.sdx.sdk.core.build.SdkMakefileGenerationListener.preMakefileGeneration(SdkMakefileGenerationListener.java:48) [com.xilinx.sdx.sdk.core_1.0.0.202411031917.jar:?]
	at com.xilinx.sdk.managedbuilder.XilinxGnuMakefileGenerator.notifyPreMakefileGenerationListeners(XilinxGnuMakefileGenerator.java:91) [com.xilinx.sdk.managedbuilder_1.0.0.202411031917.jar:?]
	at com.xilinx.sdk.managedbuilder.XilinxGnuMakefileGenerator.generateMakefiles(XilinxGnuMakefileGenerator.java:40) [com.xilinx.sdk.managedbuilder_1.0.0.202411031917.jar:?]
	at org.eclipse.cdt.managedbuilder.internal.core.CommonBuilder.performMakefileGeneration(CommonBuilder.java:1008) [org.eclipse.cdt.managedbuilder.core_8.6.0.201802261533.jar:?]
	at org.eclipse.cdt.managedbuilder.internal.core.CommonBuilder.performPrebuildGeneration(CommonBuilder.java:873) [org.eclipse.cdt.managedbuilder.core_8.6.0.201802261533.jar:?]
	at org.eclipse.cdt.managedbuilder.internal.core.CommonBuilder.build(CommonBuilder.java:748) [org.eclipse.cdt.managedbuilder.core_8.6.0.201802261533.jar:?]
	at org.eclipse.cdt.managedbuilder.internal.core.CommonBuilder.build(CommonBuilder.java:510) [org.eclipse.cdt.managedbuilder.core_8.6.0.201802261533.jar:?]
	at org.eclipse.cdt.managedbuilder.internal.core.CommonBuilder.build(CommonBuilder.java:459) [org.eclipse.cdt.managedbuilder.core_8.6.0.201802261533.jar:?]
	at org.eclipse.core.internal.events.BuildManager$2.run(BuildManager.java:832) [org.eclipse.core.resources_3.13.700.v20200209-1624.jar:?]
	at org.eclipse.core.runtime.SafeRunner.run(SafeRunner.java:45) [org.eclipse.equinox.common_3.11.0.v20200206-0817.jar:?]
	at org.eclipse.core.internal.events.BuildManager.basicBuild(BuildManager.java:220) [org.eclipse.core.resources_3.13.700.v20200209-1624.jar:?]
	at org.eclipse.core.internal.events.BuildManager.basicBuild(BuildManager.java:263) [org.eclipse.core.resources_3.13.700.v20200209-1624.jar:?]
	at org.eclipse.core.internal.events.BuildManager$1.run(BuildManager.java:316) [org.eclipse.core.resources_3.13.700.v20200209-1624.jar:?]
	at org.eclipse.core.runtime.SafeRunner.run(SafeRunner.java:45) [org.eclipse.equinox.common_3.11.0.v20200206-0817.jar:?]
	at org.eclipse.core.internal.events.BuildManager.basicBuild(BuildManager.java:319) [org.eclipse.core.resources_3.13.700.v20200209-1624.jar:?]
	at org.eclipse.core.internal.events.BuildManager.basicBuildLoop(BuildManager.java:371) [org.eclipse.core.resources_3.13.700.v20200209-1624.jar:?]
	at org.eclipse.core.internal.events.BuildManager.build(BuildManager.java:392) [org.eclipse.core.resources_3.13.700.v20200209-1624.jar:?]
	at org.eclipse.core.internal.resources.Workspace.buildInternal(Workspace.java:515) [org.eclipse.core.resources_3.13.700.v20200209-1624.jar:?]
	at org.eclipse.core.internal.resources.Workspace.build(Workspace.java:412) [org.eclipse.core.resources_3.13.700.v20200209-1624.jar:?]
	at org.eclipse.ui.actions.BuildAction$1.runInWorkspace(BuildAction.java:291) [org.eclipse.ui.ide_3.17.0.v20200217-1511.jar:?]
	at org.eclipse.core.internal.resources.InternalWorkspaceJob.run(InternalWorkspaceJob.java:42) [org.eclipse.core.resources_3.13.700.v20200209-1624.jar:?]
	at org.eclipse.core.internal.jobs.Worker.run(Worker.java:63) [org.eclipse.core.jobs_3.10.700.v20200106-1020.jar:?]
16:31:39 ERROR : Failed to compute checksum of hardware specification file used by project 'SDReader'
16:31:39 INFO  : Result from executing command 'getProjects': CNC-PL3;RemoteSystemsTempFiles;SDReader;SDReader_system
16:31:39 ERROR : Failed to openhw "E:/Git-Repos/CNC-FPGA/Vitis3/CNC-PL3/export/CNC-PL3/hw/CNC_Top_wrapper.xsa"
Reason: E:/Git-Repos/CNC-FPGA/Vitis3/CNC-PL3/export/CNC-PL3/hw/CNC_Top_wrapper.xsa is not available in the current workspace
use 'getprojects' command to see list of available projects in current workspace
16:31:39 INFO  : Result from executing command 'getProjects': CNC-PL3;RemoteSystemsTempFiles;SDReader;SDReader_system
16:31:39 ERROR : Failed to openhw "E:/Git-Repos/CNC-FPGA/Vitis3/CNC-PL3/export/CNC-PL3/hw/CNC_Top_wrapper.xsa"
Reason: E:/Git-Repos/CNC-FPGA/Vitis3/CNC-PL3/export/CNC-PL3/hw/CNC_Top_wrapper.xsa is not available in the current workspace
use 'getprojects' command to see list of available projects in current workspace
16:31:39 INFO  : Result from executing command 'getProjects': CNC-PL3;RemoteSystemsTempFiles;SDReader;SDReader_system
16:31:39 ERROR : Failed to openhw "E:/Git-Repos/CNC-FPGA/Vitis3/CNC-PL3/export/CNC-PL3/hw/CNC_Top_wrapper.xsa"
Reason: E:/Git-Repos/CNC-FPGA/Vitis3/CNC-PL3/export/CNC-PL3/hw/CNC_Top_wrapper.xsa is not available in the current workspace
use 'getprojects' command to see list of available projects in current workspace
17:28:18 DEBUG : Logs will be stored at 'E:/Git-Repos/CNC-FPGA/Vitis3/IDE.log'.
17:28:18 INFO  : Launching XSCT server: xsct.bat -n  -interactive E:\Git-Repos\CNC-FPGA\Vitis3\temp_xsdb_launch_script.tcl
17:28:22 INFO  : Platform repository initialization has completed.
17:28:22 INFO  : Registering command handlers for Vitis TCF services
17:28:22 INFO  : XSCT server has started successfully.
17:28:22 INFO  : plnx-install-location is set to ''
17:28:23 INFO  : Successfully done setting XSCT server connection channel  
17:28:23 INFO  : Successfully done query RDI_DATADIR 
17:28:23 INFO  : Successfully done setting workspace for the tool. 
17:29:00 INFO  : No changes in MSS file content so sources will not be generated.
17:29:04 INFO  : No changes in MSS file content so sources will not be generated.
17:29:26 INFO  : Checking for BSP changes to sync application flags for project 'SDReader'...
17:29:26 ERROR : Failed to get platform details for the project 'SDReader'. Cannot sync application flags.
17:29:47 ERROR : Failed to update hardware specification for project 'CNC-PL3'.
Reason: Failed to execute command 'platform config -updatehw {E:/Git-Repos/CNC-FPGA/Zedboard-CNC/CNC_Top_wrapper.xsa}'. Click on details for more information.
17:29:55 ERROR : Failed to update hardware specification for project 'CNC-PL3'.
Reason: Failed to execute command 'platform config -updatehw {E:/Git-Repos/CNC-FPGA/Zedboard-CNC/CNC_Top_wrapper.xsa}'. Click on details for more information.
17:30:49 INFO  : Result from executing command 'getProjects': CNC-PL4
17:30:49 INFO  : Result from executing command 'getPlatforms': xilinx_zcu102_base_202420_1|C:/Xilinx/Vitis/2024.2/base_platforms/xilinx_zcu102_base_202420_1/xilinx_zcu102_base_202420_1.xpfm;xilinx_zcu102_base_dfx_202420_1|C:/Xilinx/Vitis/2024.2/base_platforms/xilinx_zcu102_base_dfx_202420_1/xilinx_zcu102_base_dfx_202420_1.xpfm;xilinx_zcu104_base_202420_1|C:/Xilinx/Vitis/2024.2/base_platforms/xilinx_zcu104_base_202420_1/xilinx_zcu104_base_202420_1.xpfm
17:30:57 INFO  : Checking for BSP changes to sync application flags for project 'SDReader'...
17:30:57 ERROR : Failed to get platform details for the project 'SDReader'. Cannot sync application flags.
17:31:11 INFO  : The hardware specification used by project 'SDReader' is out of sync with the platform. Resource files extracted from the hardware specification will be updated.
17:31:13 INFO  : The file 'E:\Git-Repos\CNC-FPGA\Vitis3\SDReader\_ide\bitstream\CNC_Top_wrapper.bit' stored in project is removed.
17:31:13 INFO  : The updated bitstream files are copied from platform to folder 'E:\Git-Repos\CNC-FPGA\Vitis3\SDReader\_ide\bitstream' in project 'SDReader'.
17:31:13 INFO  : The file 'E:\Git-Repos\CNC-FPGA\Vitis3\SDReader\_ide\psinit\ps7_init.tcl' stored in project is removed.
17:31:15 INFO  : The updated ps init files are copied from platform to folder 'E:\Git-Repos\CNC-FPGA\Vitis3\SDReader\_ide\psinit' in project 'SDReader'.
17:31:34 INFO  : Result from executing command 'getProjects': CNC-PL4
17:31:34 INFO  : Result from executing command 'getPlatforms': CNC-PL4|E:/Git-Repos/CNC-FPGA/Vitis3/CNC-PL4/export/CNC-PL4/CNC-PL4.xpfm;xilinx_zcu102_base_202420_1|C:/Xilinx/Vitis/2024.2/base_platforms/xilinx_zcu102_base_202420_1/xilinx_zcu102_base_202420_1.xpfm;xilinx_zcu102_base_dfx_202420_1|C:/Xilinx/Vitis/2024.2/base_platforms/xilinx_zcu102_base_dfx_202420_1/xilinx_zcu102_base_dfx_202420_1.xpfm;xilinx_zcu104_base_202420_1|C:/Xilinx/Vitis/2024.2/base_platforms/xilinx_zcu104_base_202420_1/xilinx_zcu104_base_202420_1.xpfm
17:31:35 INFO  : Checking for BSP changes to sync application flags for project 'SDReader'...
17:32:02 INFO  : Checking for BSP changes to sync application flags for project 'SDReader'...
17:33:32 INFO  : Connected to target on host '127.0.0.1' and port '3121'.
17:33:33 INFO  : 'targets -set -filter {jtag_cable_name =~ "Digilent Zed 210248585425" && level==0 && jtag_device_ctx=="jsn-Zed-210248585425-23727093-0"}' command is executed.
17:33:36 INFO  : Device configured successfully with "E:/Git-Repos/CNC-FPGA/Zedboard-CNC/Zedboard-CNC.runs/impl_1/CNC_Top_wrapper.bit"
17:33:54 INFO  : Connected to target on host '127.0.0.1' and port '3121'.
17:33:54 INFO  : Jtag cable 'Digilent Zed 210248585425' is selected.
17:33:54 INFO  : 'jtag frequency' command is executed.
17:33:54 INFO  : Context for 'APU' is selected.
17:33:54 INFO  : System reset is completed.
17:33:57 INFO  : 'after 3000' command is executed.
17:33:57 INFO  : 'targets -set -filter {jtag_cable_name =~ "Digilent Zed 210248585425" && level==0 && jtag_device_ctx=="jsn-Zed-210248585425-23727093-0"}' command is executed.
17:34:00 INFO  : Device configured successfully with "E:/Git-Repos/CNC-FPGA/Vitis3/SDReader/_ide/bitstream/CNC_Top_wrapper.bit"
17:34:00 INFO  : Context for 'APU' is selected.
17:34:00 INFO  : Hardware design and registers information is loaded from 'E:/Git-Repos/CNC-FPGA/Vitis3/CNC-PL4/export/CNC-PL4/hw/CNC_Top_wrapper.xsa'.
17:34:00 INFO  : 'configparams force-mem-access 1' command is executed.
17:34:00 INFO  : Context for 'APU' is selected.
17:34:00 INFO  : Sourcing of 'E:/Git-Repos/CNC-FPGA/Vitis3/SDReader/_ide/psinit/ps7_init.tcl' is done.
17:34:00 INFO  : 'ps7_init' command is executed.
17:34:00 INFO  : 'ps7_post_config' command is executed.
17:34:00 INFO  : Context for processor 'ps7_cortexa9_0' is selected.
17:34:00 INFO  : The application 'E:/Git-Repos/CNC-FPGA/Vitis3/SDReader/Debug/SDReader.elf' is downloaded to processor 'ps7_cortexa9_0'.
17:34:00 INFO  : 'configparams force-mem-access 0' command is executed.
17:34:00 INFO  : ----------------XSDB Script----------------
connect -url tcp:127.0.0.1:3121
targets -set -nocase -filter {name =~"APU*"}
rst -system
after 3000
targets -set -filter {jtag_cable_name =~ "Digilent Zed 210248585425" && level==0 && jtag_device_ctx=="jsn-Zed-210248585425-23727093-0"}
fpga -file E:/Git-Repos/CNC-FPGA/Vitis3/SDReader/_ide/bitstream/CNC_Top_wrapper.bit
targets -set -nocase -filter {name =~"APU*"}
loadhw -hw E:/Git-Repos/CNC-FPGA/Vitis3/CNC-PL4/export/CNC-PL4/hw/CNC_Top_wrapper.xsa -mem-ranges [list {0x40000000 0xbfffffff}] -regs
configparams force-mem-access 1
targets -set -nocase -filter {name =~"APU*"}
source E:/Git-Repos/CNC-FPGA/Vitis3/SDReader/_ide/psinit/ps7_init.tcl
ps7_init
ps7_post_config
targets -set -nocase -filter {name =~ "*A9*#0"}
dow E:/Git-Repos/CNC-FPGA/Vitis3/SDReader/Debug/SDReader.elf
configparams force-mem-access 0
----------------End of Script----------------

17:34:00 INFO  : Context for processor 'ps7_cortexa9_0' is selected.
17:34:00 INFO  : 'con' command is executed.
17:34:00 INFO  : ----------------XSDB Script (After Launch)----------------
targets -set -nocase -filter {name =~ "*A9*#0"}
con
----------------End of Script----------------

17:34:00 INFO  : Launch script is exported to file 'E:\Git-Repos\CNC-FPGA\Vitis3\SDReader_system\_ide\scripts\systemdebugger_sdreader_system_standalone.tcl'
17:34:35 INFO  : Checking for BSP changes to sync application flags for project 'SDReader'...
17:34:59 INFO  : Disconnected from the channel tcfchan#4.
17:35:00 INFO  : Connected to target on host '127.0.0.1' and port '3121'.
17:35:00 INFO  : Jtag cable 'Digilent Zed 210248585425' is selected.
17:35:00 INFO  : 'jtag frequency' command is executed.
17:35:03 INFO  : Context for 'APU' is selected.
17:35:03 INFO  : System reset is completed.
17:35:06 INFO  : 'after 3000' command is executed.
17:35:06 INFO  : 'targets -set -filter {jtag_cable_name =~ "Digilent Zed 210248585425" && level==0 && jtag_device_ctx=="jsn-Zed-210248585425-23727093-0"}' command is executed.
17:35:08 INFO  : Device configured successfully with "E:/Git-Repos/CNC-FPGA/Vitis3/SDReader/_ide/bitstream/CNC_Top_wrapper.bit"
17:35:08 INFO  : Context for 'APU' is selected.
17:35:08 INFO  : Hardware design and registers information is loaded from 'E:/Git-Repos/CNC-FPGA/Vitis3/CNC-PL4/export/CNC-PL4/hw/CNC_Top_wrapper.xsa'.
17:35:08 INFO  : 'configparams force-mem-access 1' command is executed.
17:35:08 INFO  : Context for 'APU' is selected.
17:35:08 INFO  : Sourcing of 'E:/Git-Repos/CNC-FPGA/Vitis3/SDReader/_ide/psinit/ps7_init.tcl' is done.
17:35:09 INFO  : 'ps7_init' command is executed.
17:35:09 INFO  : 'ps7_post_config' command is executed.
17:35:09 INFO  : Context for processor 'ps7_cortexa9_0' is selected.
17:35:09 INFO  : The application 'E:/Git-Repos/CNC-FPGA/Vitis3/SDReader/Debug/SDReader.elf' is downloaded to processor 'ps7_cortexa9_0'.
17:35:09 INFO  : 'configparams force-mem-access 0' command is executed.
17:35:09 INFO  : ----------------XSDB Script----------------
connect -url tcp:127.0.0.1:3121
targets -set -nocase -filter {name =~"APU*"}
rst -system
after 3000
targets -set -filter {jtag_cable_name =~ "Digilent Zed 210248585425" && level==0 && jtag_device_ctx=="jsn-Zed-210248585425-23727093-0"}
fpga -file E:/Git-Repos/CNC-FPGA/Vitis3/SDReader/_ide/bitstream/CNC_Top_wrapper.bit
targets -set -nocase -filter {name =~"APU*"}
loadhw -hw E:/Git-Repos/CNC-FPGA/Vitis3/CNC-PL4/export/CNC-PL4/hw/CNC_Top_wrapper.xsa -mem-ranges [list {0x40000000 0xbfffffff}] -regs
configparams force-mem-access 1
targets -set -nocase -filter {name =~"APU*"}
source E:/Git-Repos/CNC-FPGA/Vitis3/SDReader/_ide/psinit/ps7_init.tcl
ps7_init
ps7_post_config
targets -set -nocase -filter {name =~ "*A9*#0"}
dow E:/Git-Repos/CNC-FPGA/Vitis3/SDReader/Debug/SDReader.elf
configparams force-mem-access 0
----------------End of Script----------------

17:35:09 INFO  : Context for processor 'ps7_cortexa9_0' is selected.
17:35:09 INFO  : 'con' command is executed.
17:35:09 INFO  : ----------------XSDB Script (After Launch)----------------
targets -set -nocase -filter {name =~ "*A9*#0"}
con
----------------End of Script----------------

17:35:09 INFO  : Launch script is exported to file 'E:\Git-Repos\CNC-FPGA\Vitis3\SDReader_system\_ide\scripts\systemdebugger_sdreader_system_1_standalone.tcl'
17:38:07 INFO  : Disconnected from the channel tcfchan#6.
17:38:08 INFO  : Connected to target on host '127.0.0.1' and port '3121'.
17:38:08 INFO  : Jtag cable 'Digilent Zed 210248585425' is selected.
17:38:08 INFO  : 'jtag frequency' command is executed.
17:38:11 INFO  : Context for 'APU' is selected.
17:38:11 INFO  : System reset is completed.
17:38:14 INFO  : 'after 3000' command is executed.
17:38:14 INFO  : 'targets -set -filter {jtag_cable_name =~ "Digilent Zed 210248585425" && level==0 && jtag_device_ctx=="jsn-Zed-210248585425-23727093-0"}' command is executed.
17:38:17 INFO  : Device configured successfully with "E:/Git-Repos/CNC-FPGA/Vitis3/SDReader/_ide/bitstream/CNC_Top_wrapper.bit"
17:38:17 INFO  : Context for 'APU' is selected.
17:38:17 INFO  : Hardware design and registers information is loaded from 'E:/Git-Repos/CNC-FPGA/Vitis3/CNC-PL4/export/CNC-PL4/hw/CNC_Top_wrapper.xsa'.
17:38:17 INFO  : 'configparams force-mem-access 1' command is executed.
17:38:17 INFO  : Context for 'APU' is selected.
17:38:17 INFO  : Sourcing of 'E:/Git-Repos/CNC-FPGA/Vitis3/SDReader/_ide/psinit/ps7_init.tcl' is done.
17:38:17 INFO  : 'ps7_init' command is executed.
17:38:17 INFO  : 'ps7_post_config' command is executed.
17:38:17 INFO  : Context for processor 'ps7_cortexa9_0' is selected.
17:38:17 INFO  : The application 'E:/Git-Repos/CNC-FPGA/Vitis3/SDReader/Debug/SDReader.elf' is downloaded to processor 'ps7_cortexa9_0'.
17:38:17 INFO  : 'configparams force-mem-access 0' command is executed.
17:38:17 INFO  : ----------------XSDB Script----------------
connect -url tcp:127.0.0.1:3121
targets -set -nocase -filter {name =~"APU*"}
rst -system
after 3000
targets -set -filter {jtag_cable_name =~ "Digilent Zed 210248585425" && level==0 && jtag_device_ctx=="jsn-Zed-210248585425-23727093-0"}
fpga -file E:/Git-Repos/CNC-FPGA/Vitis3/SDReader/_ide/bitstream/CNC_Top_wrapper.bit
targets -set -nocase -filter {name =~"APU*"}
loadhw -hw E:/Git-Repos/CNC-FPGA/Vitis3/CNC-PL4/export/CNC-PL4/hw/CNC_Top_wrapper.xsa -mem-ranges [list {0x40000000 0xbfffffff}] -regs
configparams force-mem-access 1
targets -set -nocase -filter {name =~"APU*"}
source E:/Git-Repos/CNC-FPGA/Vitis3/SDReader/_ide/psinit/ps7_init.tcl
ps7_init
ps7_post_config
targets -set -nocase -filter {name =~ "*A9*#0"}
dow E:/Git-Repos/CNC-FPGA/Vitis3/SDReader/Debug/SDReader.elf
configparams force-mem-access 0
----------------End of Script----------------

17:38:17 INFO  : Context for processor 'ps7_cortexa9_0' is selected.
17:38:17 INFO  : 'con' command is executed.
17:38:17 INFO  : ----------------XSDB Script (After Launch)----------------
targets -set -nocase -filter {name =~ "*A9*#0"}
con
----------------End of Script----------------

17:38:17 INFO  : Launch script is exported to file 'E:\Git-Repos\CNC-FPGA\Vitis3\SDReader_system\_ide\scripts\systemdebugger_sdreader_system_2_standalone.tcl'
17:38:32 INFO  : Connected to target on host '127.0.0.1' and port '3121'.
17:38:32 INFO  : Jtag cable 'Digilent Zed 210248585425' is selected.
17:38:32 INFO  : 'jtag frequency' command is executed.
17:38:33 INFO  : Context for 'APU' is selected.
17:38:33 INFO  : System reset is completed.
17:38:36 INFO  : 'after 3000' command is executed.
17:38:36 INFO  : 'targets -set -filter {jtag_cable_name =~ "Digilent Zed 210248585425" && level==0 && jtag_device_ctx=="jsn-Zed-210248585425-23727093-0"}' command is executed.
17:38:38 INFO  : Device configured successfully with "E:/Git-Repos/CNC-FPGA/Vitis3/SDReader/_ide/bitstream/CNC_Top_wrapper.bit"
17:38:38 INFO  : Context for 'APU' is selected.
17:38:38 INFO  : Hardware design and registers information is loaded from 'E:/Git-Repos/CNC-FPGA/Vitis3/CNC-PL4/export/CNC-PL4/hw/CNC_Top_wrapper.xsa'.
17:38:38 INFO  : 'configparams force-mem-access 1' command is executed.
17:38:38 INFO  : Context for 'APU' is selected.
17:38:38 INFO  : Sourcing of 'E:/Git-Repos/CNC-FPGA/Vitis3/SDReader/_ide/psinit/ps7_init.tcl' is done.
17:38:38 INFO  : 'ps7_init' command is executed.
17:38:38 INFO  : 'ps7_post_config' command is executed.
17:38:38 INFO  : Context for processor 'ps7_cortexa9_0' is selected.
17:38:38 INFO  : The application 'E:/Git-Repos/CNC-FPGA/Vitis3/SDReader/Debug/SDReader.elf' is downloaded to processor 'ps7_cortexa9_0'.
17:38:38 INFO  : 'configparams force-mem-access 0' command is executed.
17:38:38 INFO  : ----------------XSDB Script----------------
connect -url tcp:127.0.0.1:3121
targets -set -nocase -filter {name =~"APU*"}
rst -system
after 3000
targets -set -filter {jtag_cable_name =~ "Digilent Zed 210248585425" && level==0 && jtag_device_ctx=="jsn-Zed-210248585425-23727093-0"}
fpga -file E:/Git-Repos/CNC-FPGA/Vitis3/SDReader/_ide/bitstream/CNC_Top_wrapper.bit
targets -set -nocase -filter {name =~"APU*"}
loadhw -hw E:/Git-Repos/CNC-FPGA/Vitis3/CNC-PL4/export/CNC-PL4/hw/CNC_Top_wrapper.xsa -mem-ranges [list {0x40000000 0xbfffffff}] -regs
configparams force-mem-access 1
targets -set -nocase -filter {name =~"APU*"}
source E:/Git-Repos/CNC-FPGA/Vitis3/SDReader/_ide/psinit/ps7_init.tcl
ps7_init
ps7_post_config
targets -set -nocase -filter {name =~ "*A9*#0"}
dow E:/Git-Repos/CNC-FPGA/Vitis3/SDReader/Debug/SDReader.elf
configparams force-mem-access 0
----------------End of Script----------------

17:38:39 INFO  : Context for processor 'ps7_cortexa9_0' is selected.
17:38:39 INFO  : 'con' command is executed.
17:38:39 INFO  : ----------------XSDB Script (After Launch)----------------
targets -set -nocase -filter {name =~ "*A9*#0"}
con
----------------End of Script----------------

17:38:39 INFO  : Launch script is exported to file 'E:\Git-Repos\CNC-FPGA\Vitis3\SDReader_system\_ide\scripts\systemdebugger_sdreader_system_3_standalone.tcl'
17:40:43 INFO  : Result from executing command 'removePlatformRepo': 
17:41:02 INFO  : Result from executing command 'getProjects': CNC-PL4
17:41:02 INFO  : Result from executing command 'getPlatforms': xilinx_zcu102_base_202420_1|C:/Xilinx/Vitis/2024.2/base_platforms/xilinx_zcu102_base_202420_1/xilinx_zcu102_base_202420_1.xpfm;xilinx_zcu102_base_dfx_202420_1|C:/Xilinx/Vitis/2024.2/base_platforms/xilinx_zcu102_base_dfx_202420_1/xilinx_zcu102_base_dfx_202420_1.xpfm;xilinx_zcu104_base_202420_1|C:/Xilinx/Vitis/2024.2/base_platforms/xilinx_zcu104_base_202420_1/xilinx_zcu104_base_202420_1.xpfm
17:41:03 INFO  : Checking for BSP changes to sync application flags for project 'SDReader'...
17:51:40 INFO  : Result from executing command 'getProjects': CNC-PL4;CNC-PL5
17:51:40 INFO  : Result from executing command 'getPlatforms': CNC-PL4|E:/Git-Repos/CNC-FPGA/Vitis3/CNC-PL4/export/CNC-PL4/CNC-PL4.xpfm;xilinx_zcu102_base_202420_1|C:/Xilinx/Vitis/2024.2/base_platforms/xilinx_zcu102_base_202420_1/xilinx_zcu102_base_202420_1.xpfm;xilinx_zcu102_base_dfx_202420_1|C:/Xilinx/Vitis/2024.2/base_platforms/xilinx_zcu102_base_dfx_202420_1/xilinx_zcu102_base_dfx_202420_1.xpfm;xilinx_zcu104_base_202420_1|C:/Xilinx/Vitis/2024.2/base_platforms/xilinx_zcu104_base_202420_1/xilinx_zcu104_base_202420_1.xpfm
17:52:17 INFO  : The hardware specification used by project 'SDReader' is out of sync with the platform. Resource files extracted from the hardware specification will be updated.
17:52:18 INFO  : The file 'E:\Git-Repos\CNC-FPGA\Vitis3\SDReader\_ide\bitstream\CNC_Top_wrapper.bit' stored in project is removed.
17:52:18 INFO  : The updated bitstream files are copied from platform to folder 'E:\Git-Repos\CNC-FPGA\Vitis3\SDReader\_ide\bitstream' in project 'SDReader'.
17:52:18 INFO  : The file 'E:\Git-Repos\CNC-FPGA\Vitis3\SDReader\_ide\psinit\ps7_init.tcl' stored in project is removed.
17:52:22 INFO  : The updated ps init files are copied from platform to folder 'E:\Git-Repos\CNC-FPGA\Vitis3\SDReader\_ide\psinit' in project 'SDReader'.
17:55:20 INFO  : Result from executing command 'getProjects': CNC-PL5
17:55:20 INFO  : Result from executing command 'getPlatforms': CNC-PL5|E:/Git-Repos/CNC-FPGA/Vitis3/CNC-PL5/export/CNC-PL5/CNC-PL5.xpfm;xilinx_zcu102_base_202420_1|C:/Xilinx/Vitis/2024.2/base_platforms/xilinx_zcu102_base_202420_1/xilinx_zcu102_base_202420_1.xpfm;xilinx_zcu102_base_dfx_202420_1|C:/Xilinx/Vitis/2024.2/base_platforms/xilinx_zcu102_base_dfx_202420_1/xilinx_zcu102_base_dfx_202420_1.xpfm;xilinx_zcu104_base_202420_1|C:/Xilinx/Vitis/2024.2/base_platforms/xilinx_zcu104_base_202420_1/xilinx_zcu104_base_202420_1.xpfm
17:55:25 INFO  : Checking for BSP changes to sync application flags for project 'SD-UART'...
17:55:46 INFO  : Disconnected from the channel tcfchan#7.
17:55:47 INFO  : Connected to target on host '127.0.0.1' and port '3121'.
17:55:48 INFO  : Jtag cable 'Digilent Zed 210248585425' is selected.
17:55:48 INFO  : 'jtag frequency' command is executed.
17:55:48 INFO  : Context for 'APU' is selected.
17:55:48 INFO  : System reset is completed.
17:55:51 INFO  : 'after 3000' command is executed.
17:55:51 INFO  : 'targets -set -filter {jtag_cable_name =~ "Digilent Zed 210248585425" && level==0 && jtag_device_ctx=="jsn-Zed-210248585425-23727093-0"}' command is executed.
17:55:53 INFO  : Device configured successfully with "E:/Git-Repos/CNC-FPGA/Vitis3/SD-UART/_ide/bitstream/CNC_Top_wrapper.bit"
17:55:53 INFO  : Context for 'APU' is selected.
17:55:53 INFO  : Hardware design and registers information is loaded from 'E:/Git-Repos/CNC-FPGA/Vitis3/CNC-PL5/export/CNC-PL5/hw/CNC_Top_wrapper.xsa'.
17:55:53 INFO  : 'configparams force-mem-access 1' command is executed.
17:55:53 INFO  : Context for 'APU' is selected.
17:55:53 INFO  : Sourcing of 'E:/Git-Repos/CNC-FPGA/Vitis3/SD-UART/_ide/psinit/ps7_init.tcl' is done.
17:55:53 INFO  : 'ps7_init' command is executed.
17:55:53 INFO  : 'ps7_post_config' command is executed.
17:55:53 INFO  : Context for processor 'ps7_cortexa9_0' is selected.
17:55:53 INFO  : The application 'E:/Git-Repos/CNC-FPGA/Vitis3/SD-UART/Debug/SD-UART.elf' is downloaded to processor 'ps7_cortexa9_0'.
17:55:54 INFO  : 'configparams force-mem-access 0' command is executed.
17:55:54 INFO  : ----------------XSDB Script----------------
connect -url tcp:127.0.0.1:3121
targets -set -nocase -filter {name =~"APU*"}
rst -system
after 3000
targets -set -filter {jtag_cable_name =~ "Digilent Zed 210248585425" && level==0 && jtag_device_ctx=="jsn-Zed-210248585425-23727093-0"}
fpga -file E:/Git-Repos/CNC-FPGA/Vitis3/SD-UART/_ide/bitstream/CNC_Top_wrapper.bit
targets -set -nocase -filter {name =~"APU*"}
loadhw -hw E:/Git-Repos/CNC-FPGA/Vitis3/CNC-PL5/export/CNC-PL5/hw/CNC_Top_wrapper.xsa -mem-ranges [list {0x40000000 0xbfffffff}] -regs
configparams force-mem-access 1
targets -set -nocase -filter {name =~"APU*"}
source E:/Git-Repos/CNC-FPGA/Vitis3/SD-UART/_ide/psinit/ps7_init.tcl
ps7_init
ps7_post_config
targets -set -nocase -filter {name =~ "*A9*#0"}
dow E:/Git-Repos/CNC-FPGA/Vitis3/SD-UART/Debug/SD-UART.elf
configparams force-mem-access 0
----------------End of Script----------------

17:55:54 INFO  : Context for processor 'ps7_cortexa9_0' is selected.
17:55:54 INFO  : 'con' command is executed.
17:55:54 INFO  : ----------------XSDB Script (After Launch)----------------
targets -set -nocase -filter {name =~ "*A9*#0"}
con
----------------End of Script----------------

17:55:54 INFO  : Launch script is exported to file 'E:\Git-Repos\CNC-FPGA\Vitis3\SD-UART_system\_ide\scripts\systemdebugger_sd-uart_system_standalone.tcl'
17:56:30 WARN  : channel "tcfchan#7" closed
17:56:31 INFO  : Connected to target on host '127.0.0.1' and port '3121'.
17:56:31 INFO  : Jtag cable 'Digilent Zed 210248585425' is selected.
17:56:31 INFO  : 'jtag frequency' command is executed.
17:56:31 INFO  : Context for 'APU' is selected.
17:56:32 INFO  : System reset is completed.
17:56:35 INFO  : 'after 3000' command is executed.
17:56:35 INFO  : 'targets -set -filter {jtag_cable_name =~ "Digilent Zed 210248585425" && level==0 && jtag_device_ctx=="jsn-Zed-210248585425-23727093-0"}' command is executed.
17:56:37 INFO  : Device configured successfully with "E:/Git-Repos/CNC-FPGA/Vitis3/SD-UART/_ide/bitstream/CNC_Top_wrapper.bit"
17:56:37 INFO  : Context for 'APU' is selected.
17:56:37 INFO  : Hardware design and registers information is loaded from 'E:/Git-Repos/CNC-FPGA/Vitis3/CNC-PL5/export/CNC-PL5/hw/CNC_Top_wrapper.xsa'.
17:56:37 INFO  : 'configparams force-mem-access 1' command is executed.
17:56:37 INFO  : Context for 'APU' is selected.
17:56:37 INFO  : Sourcing of 'E:/Git-Repos/CNC-FPGA/Vitis3/SD-UART/_ide/psinit/ps7_init.tcl' is done.
17:56:37 INFO  : 'ps7_init' command is executed.
17:56:37 INFO  : 'ps7_post_config' command is executed.
17:56:37 INFO  : Context for processor 'ps7_cortexa9_0' is selected.
17:56:37 INFO  : The application 'E:/Git-Repos/CNC-FPGA/Vitis3/SD-UART/Debug/SD-UART.elf' is downloaded to processor 'ps7_cortexa9_0'.
17:56:37 INFO  : 'configparams force-mem-access 0' command is executed.
17:56:37 INFO  : ----------------XSDB Script----------------
connect -url tcp:127.0.0.1:3121
targets -set -nocase -filter {name =~"APU*"}
rst -system
after 3000
targets -set -filter {jtag_cable_name =~ "Digilent Zed 210248585425" && level==0 && jtag_device_ctx=="jsn-Zed-210248585425-23727093-0"}
fpga -file E:/Git-Repos/CNC-FPGA/Vitis3/SD-UART/_ide/bitstream/CNC_Top_wrapper.bit
targets -set -nocase -filter {name =~"APU*"}
loadhw -hw E:/Git-Repos/CNC-FPGA/Vitis3/CNC-PL5/export/CNC-PL5/hw/CNC_Top_wrapper.xsa -mem-ranges [list {0x40000000 0xbfffffff}] -regs
configparams force-mem-access 1
targets -set -nocase -filter {name =~"APU*"}
source E:/Git-Repos/CNC-FPGA/Vitis3/SD-UART/_ide/psinit/ps7_init.tcl
ps7_init
ps7_post_config
targets -set -nocase -filter {name =~ "*A9*#0"}
dow E:/Git-Repos/CNC-FPGA/Vitis3/SD-UART/Debug/SD-UART.elf
configparams force-mem-access 0
----------------End of Script----------------

17:56:37 INFO  : Context for processor 'ps7_cortexa9_0' is selected.
17:56:37 INFO  : 'con' command is executed.
17:56:37 INFO  : ----------------XSDB Script (After Launch)----------------
targets -set -nocase -filter {name =~ "*A9*#0"}
con
----------------End of Script----------------

17:56:37 INFO  : Launch script is exported to file 'E:\Git-Repos\CNC-FPGA\Vitis3\SD-UART_system\_ide\scripts\systemdebugger_sd-uart_system_1_standalone.tcl'
17:58:31 INFO  : Result from executing command 'removePlatformRepo': 
17:58:53 INFO  : Result from executing command 'getProjects': CNC-PL5
17:58:53 INFO  : Result from executing command 'getPlatforms': xilinx_zcu102_base_202420_1|C:/Xilinx/Vitis/2024.2/base_platforms/xilinx_zcu102_base_202420_1/xilinx_zcu102_base_202420_1.xpfm;xilinx_zcu102_base_dfx_202420_1|C:/Xilinx/Vitis/2024.2/base_platforms/xilinx_zcu102_base_dfx_202420_1/xilinx_zcu102_base_dfx_202420_1.xpfm;xilinx_zcu104_base_202420_1|C:/Xilinx/Vitis/2024.2/base_platforms/xilinx_zcu104_base_202420_1/xilinx_zcu104_base_202420_1.xpfm
17:58:53 INFO  : Checking for BSP changes to sync application flags for project 'SD-UART'...
17:59:41 INFO  : Disconnected from the channel tcfchan#12.
17:59:42 INFO  : Connected to target on host '127.0.0.1' and port '3121'.
17:59:42 INFO  : Jtag cable 'Digilent Zed 210248585425' is selected.
17:59:42 INFO  : 'jtag frequency' command is executed.
17:59:42 INFO  : Context for 'APU' is selected.
17:59:42 INFO  : System reset is completed.
17:59:45 INFO  : 'after 3000' command is executed.
17:59:45 INFO  : 'targets -set -filter {jtag_cable_name =~ "Digilent Zed 210248585425" && level==0 && jtag_device_ctx=="jsn-Zed-210248585425-23727093-0"}' command is executed.
17:59:47 INFO  : Device configured successfully with "E:/Git-Repos/CNC-FPGA/Vitis3/SD-UART/_ide/bitstream/CNC_Top_wrapper.bit"
17:59:47 INFO  : Context for 'APU' is selected.
17:59:47 INFO  : Hardware design and registers information is loaded from 'E:/Git-Repos/CNC-FPGA/Vitis3/CNC-PL5/export/CNC-PL5/hw/CNC_Top_wrapper.xsa'.
17:59:47 INFO  : 'configparams force-mem-access 1' command is executed.
17:59:47 INFO  : Context for 'APU' is selected.
17:59:47 INFO  : Sourcing of 'E:/Git-Repos/CNC-FPGA/Vitis3/SD-UART/_ide/psinit/ps7_init.tcl' is done.
17:59:47 INFO  : 'ps7_init' command is executed.
17:59:47 INFO  : 'ps7_post_config' command is executed.
17:59:47 INFO  : Context for processor 'ps7_cortexa9_0' is selected.
17:59:48 INFO  : The application 'E:/Git-Repos/CNC-FPGA/Vitis3/SD-UART/Debug/SD-UART.elf' is downloaded to processor 'ps7_cortexa9_0'.
17:59:48 INFO  : 'configparams force-mem-access 0' command is executed.
17:59:48 INFO  : ----------------XSDB Script----------------
connect -url tcp:127.0.0.1:3121
targets -set -nocase -filter {name =~"APU*"}
rst -system
after 3000
targets -set -filter {jtag_cable_name =~ "Digilent Zed 210248585425" && level==0 && jtag_device_ctx=="jsn-Zed-210248585425-23727093-0"}
fpga -file E:/Git-Repos/CNC-FPGA/Vitis3/SD-UART/_ide/bitstream/CNC_Top_wrapper.bit
targets -set -nocase -filter {name =~"APU*"}
loadhw -hw E:/Git-Repos/CNC-FPGA/Vitis3/CNC-PL5/export/CNC-PL5/hw/CNC_Top_wrapper.xsa -mem-ranges [list {0x40000000 0xbfffffff}] -regs
configparams force-mem-access 1
targets -set -nocase -filter {name =~"APU*"}
source E:/Git-Repos/CNC-FPGA/Vitis3/SD-UART/_ide/psinit/ps7_init.tcl
ps7_init
ps7_post_config
targets -set -nocase -filter {name =~ "*A9*#0"}
dow E:/Git-Repos/CNC-FPGA/Vitis3/SD-UART/Debug/SD-UART.elf
configparams force-mem-access 0
----------------End of Script----------------

17:59:48 INFO  : Context for processor 'ps7_cortexa9_0' is selected.
17:59:48 INFO  : 'con' command is executed.
17:59:48 INFO  : ----------------XSDB Script (After Launch)----------------
targets -set -nocase -filter {name =~ "*A9*#0"}
con
----------------End of Script----------------

17:59:48 INFO  : Launch script is exported to file 'E:\Git-Repos\CNC-FPGA\Vitis3\SD-UART_system\_ide\scripts\systemdebugger_sd-uart_system_2_standalone.tcl'
18:05:03 INFO  : Checking for BSP changes to sync application flags for project 'SD-UART'...
18:05:23 WARN  : channel "tcfchan#12" closed
18:05:24 INFO  : Connected to target on host '127.0.0.1' and port '3121'.
18:05:24 INFO  : Jtag cable 'Digilent Zed 210248585425' is selected.
18:05:24 INFO  : 'jtag frequency' command is executed.
18:05:24 INFO  : Context for 'APU' is selected.
18:05:24 INFO  : System reset is completed.
18:05:27 INFO  : 'after 3000' command is executed.
18:05:27 INFO  : 'targets -set -filter {jtag_cable_name =~ "Digilent Zed 210248585425" && level==0 && jtag_device_ctx=="jsn-Zed-210248585425-23727093-0"}' command is executed.
18:05:30 INFO  : Device configured successfully with "E:/Git-Repos/CNC-FPGA/Vitis3/SD-UART/_ide/bitstream/CNC_Top_wrapper.bit"
18:05:30 INFO  : Context for 'APU' is selected.
18:05:30 INFO  : Hardware design and registers information is loaded from 'E:/Git-Repos/CNC-FPGA/Vitis3/CNC-PL5/export/CNC-PL5/hw/CNC_Top_wrapper.xsa'.
18:05:30 INFO  : 'configparams force-mem-access 1' command is executed.
18:05:30 INFO  : Context for 'APU' is selected.
18:05:30 INFO  : Sourcing of 'E:/Git-Repos/CNC-FPGA/Vitis3/SD-UART/_ide/psinit/ps7_init.tcl' is done.
18:05:30 INFO  : 'ps7_init' command is executed.
18:05:30 INFO  : 'ps7_post_config' command is executed.
18:05:30 INFO  : Context for processor 'ps7_cortexa9_0' is selected.
18:05:30 INFO  : The application 'E:/Git-Repos/CNC-FPGA/Vitis3/SD-UART/Debug/SD-UART.elf' is downloaded to processor 'ps7_cortexa9_0'.
18:05:30 INFO  : 'configparams force-mem-access 0' command is executed.
18:05:30 INFO  : ----------------XSDB Script----------------
connect -url tcp:127.0.0.1:3121
targets -set -nocase -filter {name =~"APU*"}
rst -system
after 3000
targets -set -filter {jtag_cable_name =~ "Digilent Zed 210248585425" && level==0 && jtag_device_ctx=="jsn-Zed-210248585425-23727093-0"}
fpga -file E:/Git-Repos/CNC-FPGA/Vitis3/SD-UART/_ide/bitstream/CNC_Top_wrapper.bit
targets -set -nocase -filter {name =~"APU*"}
loadhw -hw E:/Git-Repos/CNC-FPGA/Vitis3/CNC-PL5/export/CNC-PL5/hw/CNC_Top_wrapper.xsa -mem-ranges [list {0x40000000 0xbfffffff}] -regs
configparams force-mem-access 1
targets -set -nocase -filter {name =~"APU*"}
source E:/Git-Repos/CNC-FPGA/Vitis3/SD-UART/_ide/psinit/ps7_init.tcl
ps7_init
ps7_post_config
targets -set -nocase -filter {name =~ "*A9*#0"}
dow E:/Git-Repos/CNC-FPGA/Vitis3/SD-UART/Debug/SD-UART.elf
configparams force-mem-access 0
----------------End of Script----------------

18:05:30 INFO  : Context for processor 'ps7_cortexa9_0' is selected.
18:05:30 INFO  : 'con' command is executed.
18:05:30 INFO  : ----------------XSDB Script (After Launch)----------------
targets -set -nocase -filter {name =~ "*A9*#0"}
con
----------------End of Script----------------

18:05:30 INFO  : Launch script is exported to file 'E:\Git-Repos\CNC-FPGA\Vitis3\SD-UART_system\_ide\scripts\systemdebugger_sd-uart_system_3_standalone.tcl'
18:06:40 INFO  : Disconnected from the channel tcfchan#16.
18:06:41 INFO  : Connected to target on host '127.0.0.1' and port '3121'.
18:06:41 INFO  : Jtag cable 'Digilent Zed 210248585425' is selected.
18:06:41 INFO  : 'jtag frequency' command is executed.
18:06:41 INFO  : Context for 'APU' is selected.
18:06:41 INFO  : System reset is completed.
18:06:44 INFO  : 'after 3000' command is executed.
18:06:44 INFO  : 'targets -set -filter {jtag_cable_name =~ "Digilent Zed 210248585425" && level==0 && jtag_device_ctx=="jsn-Zed-210248585425-23727093-0"}' command is executed.
18:06:46 INFO  : Device configured successfully with "E:/Git-Repos/CNC-FPGA/Vitis3/SD-UART/_ide/bitstream/CNC_Top_wrapper.bit"
18:06:46 INFO  : Context for 'APU' is selected.
18:06:46 INFO  : Hardware design and registers information is loaded from 'E:/Git-Repos/CNC-FPGA/Vitis3/CNC-PL5/export/CNC-PL5/hw/CNC_Top_wrapper.xsa'.
18:06:46 INFO  : 'configparams force-mem-access 1' command is executed.
18:06:46 INFO  : Context for 'APU' is selected.
18:06:46 INFO  : Sourcing of 'E:/Git-Repos/CNC-FPGA/Vitis3/SD-UART/_ide/psinit/ps7_init.tcl' is done.
18:06:47 INFO  : 'ps7_init' command is executed.
18:06:47 INFO  : 'ps7_post_config' command is executed.
18:06:47 INFO  : Context for processor 'ps7_cortexa9_0' is selected.
18:06:47 INFO  : The application 'E:/Git-Repos/CNC-FPGA/Vitis3/SD-UART/Debug/SD-UART.elf' is downloaded to processor 'ps7_cortexa9_0'.
18:06:47 INFO  : 'configparams force-mem-access 0' command is executed.
18:06:47 INFO  : ----------------XSDB Script----------------
connect -url tcp:127.0.0.1:3121
targets -set -nocase -filter {name =~"APU*"}
rst -system
after 3000
targets -set -filter {jtag_cable_name =~ "Digilent Zed 210248585425" && level==0 && jtag_device_ctx=="jsn-Zed-210248585425-23727093-0"}
fpga -file E:/Git-Repos/CNC-FPGA/Vitis3/SD-UART/_ide/bitstream/CNC_Top_wrapper.bit
targets -set -nocase -filter {name =~"APU*"}
loadhw -hw E:/Git-Repos/CNC-FPGA/Vitis3/CNC-PL5/export/CNC-PL5/hw/CNC_Top_wrapper.xsa -mem-ranges [list {0x40000000 0xbfffffff}] -regs
configparams force-mem-access 1
targets -set -nocase -filter {name =~"APU*"}
source E:/Git-Repos/CNC-FPGA/Vitis3/SD-UART/_ide/psinit/ps7_init.tcl
ps7_init
ps7_post_config
targets -set -nocase -filter {name =~ "*A9*#0"}
dow E:/Git-Repos/CNC-FPGA/Vitis3/SD-UART/Debug/SD-UART.elf
configparams force-mem-access 0
----------------End of Script----------------

18:06:47 INFO  : Context for processor 'ps7_cortexa9_0' is selected.
18:06:47 INFO  : 'con' command is executed.
18:06:47 INFO  : ----------------XSDB Script (After Launch)----------------
targets -set -nocase -filter {name =~ "*A9*#0"}
con
----------------End of Script----------------

18:06:47 INFO  : Launch script is exported to file 'E:\Git-Repos\CNC-FPGA\Vitis3\SD-UART_system\_ide\scripts\systemdebugger_sd-uart_system_4_standalone.tcl'
18:10:32 INFO  : Result from executing command 'getProjects': CNC-PL5
18:10:32 INFO  : Result from executing command 'getPlatforms': CNC-PL5|E:/Git-Repos/CNC-FPGA/Vitis3/CNC-PL5/export/CNC-PL5/CNC-PL5.xpfm;xilinx_zcu102_base_202420_1|C:/Xilinx/Vitis/2024.2/base_platforms/xilinx_zcu102_base_202420_1/xilinx_zcu102_base_202420_1.xpfm;xilinx_zcu102_base_dfx_202420_1|C:/Xilinx/Vitis/2024.2/base_platforms/xilinx_zcu102_base_dfx_202420_1/xilinx_zcu102_base_dfx_202420_1.xpfm;xilinx_zcu104_base_202420_1|C:/Xilinx/Vitis/2024.2/base_platforms/xilinx_zcu104_base_202420_1/xilinx_zcu104_base_202420_1.xpfm
18:10:41 INFO  : Checking for BSP changes to sync application flags for project 'SD-UART'...
18:10:41 INFO  : Updating application flags with new BSP settings...
18:10:41 INFO  : Successfully updated application flags for project SD-UART.
18:11:49 INFO  : Checking for BSP changes to sync application flags for project 'SD-UART'...
18:12:12 WARN  : channel "tcfchan#16" closed
18:12:13 INFO  : Connected to target on host '127.0.0.1' and port '3121'.
18:12:13 INFO  : Jtag cable 'Digilent Zed 210248585425' is selected.
18:12:13 INFO  : 'jtag frequency' command is executed.
18:12:13 INFO  : Context for 'APU' is selected.
18:12:13 INFO  : System reset is completed.
18:12:16 INFO  : 'after 3000' command is executed.
18:12:16 INFO  : 'targets -set -filter {jtag_cable_name =~ "Digilent Zed 210248585425" && level==0 && jtag_device_ctx=="jsn-Zed-210248585425-23727093-0"}' command is executed.
18:12:19 INFO  : Device configured successfully with "E:/Git-Repos/CNC-FPGA/Vitis3/SD-UART/_ide/bitstream/CNC_Top_wrapper.bit"
18:12:19 INFO  : Context for 'APU' is selected.
18:12:19 INFO  : Hardware design and registers information is loaded from 'E:/Git-Repos/CNC-FPGA/Vitis3/CNC-PL5/export/CNC-PL5/hw/CNC_Top_wrapper.xsa'.
18:12:19 INFO  : 'configparams force-mem-access 1' command is executed.
18:12:19 INFO  : Context for 'APU' is selected.
18:12:19 INFO  : Sourcing of 'E:/Git-Repos/CNC-FPGA/Vitis3/SD-UART/_ide/psinit/ps7_init.tcl' is done.
18:12:19 INFO  : 'ps7_init' command is executed.
18:12:19 INFO  : 'ps7_post_config' command is executed.
18:12:19 INFO  : Context for processor 'ps7_cortexa9_0' is selected.
18:12:19 INFO  : The application 'E:/Git-Repos/CNC-FPGA/Vitis3/SD-UART/Debug/SD-UART.elf' is downloaded to processor 'ps7_cortexa9_0'.
18:12:19 INFO  : 'configparams force-mem-access 0' command is executed.
18:12:19 INFO  : ----------------XSDB Script----------------
connect -url tcp:127.0.0.1:3121
targets -set -nocase -filter {name =~"APU*"}
rst -system
after 3000
targets -set -filter {jtag_cable_name =~ "Digilent Zed 210248585425" && level==0 && jtag_device_ctx=="jsn-Zed-210248585425-23727093-0"}
fpga -file E:/Git-Repos/CNC-FPGA/Vitis3/SD-UART/_ide/bitstream/CNC_Top_wrapper.bit
targets -set -nocase -filter {name =~"APU*"}
loadhw -hw E:/Git-Repos/CNC-FPGA/Vitis3/CNC-PL5/export/CNC-PL5/hw/CNC_Top_wrapper.xsa -mem-ranges [list {0x40000000 0xbfffffff}] -regs
configparams force-mem-access 1
targets -set -nocase -filter {name =~"APU*"}
source E:/Git-Repos/CNC-FPGA/Vitis3/SD-UART/_ide/psinit/ps7_init.tcl
ps7_init
ps7_post_config
targets -set -nocase -filter {name =~ "*A9*#0"}
dow E:/Git-Repos/CNC-FPGA/Vitis3/SD-UART/Debug/SD-UART.elf
configparams force-mem-access 0
----------------End of Script----------------

18:12:19 INFO  : Context for processor 'ps7_cortexa9_0' is selected.
18:12:19 INFO  : 'con' command is executed.
18:12:19 INFO  : ----------------XSDB Script (After Launch)----------------
targets -set -nocase -filter {name =~ "*A9*#0"}
con
----------------End of Script----------------

18:12:19 INFO  : Launch script is exported to file 'E:\Git-Repos\CNC-FPGA\Vitis3\SD-UART_system\_ide\scripts\systemdebugger_sd-uart_system_5_standalone.tcl'
18:12:50 INFO  : Disconnected from the channel tcfchan#18.
18:12:51 INFO  : Connected to target on host '127.0.0.1' and port '3121'.
18:12:51 INFO  : Jtag cable 'Digilent Zed 210248585425' is selected.
18:12:51 INFO  : 'jtag frequency' command is executed.
18:12:51 INFO  : Context for 'APU' is selected.
18:12:51 INFO  : System reset is completed.
18:12:54 INFO  : 'after 3000' command is executed.
18:12:54 INFO  : 'targets -set -filter {jtag_cable_name =~ "Digilent Zed 210248585425" && level==0 && jtag_device_ctx=="jsn-Zed-210248585425-23727093-0"}' command is executed.
18:12:56 INFO  : Device configured successfully with "E:/Git-Repos/CNC-FPGA/Vitis3/SD-UART/_ide/bitstream/CNC_Top_wrapper.bit"
18:12:56 INFO  : Context for 'APU' is selected.
18:12:56 INFO  : Hardware design and registers information is loaded from 'E:/Git-Repos/CNC-FPGA/Vitis3/CNC-PL5/export/CNC-PL5/hw/CNC_Top_wrapper.xsa'.
18:12:56 INFO  : 'configparams force-mem-access 1' command is executed.
18:12:56 INFO  : Context for 'APU' is selected.
18:12:56 INFO  : Sourcing of 'E:/Git-Repos/CNC-FPGA/Vitis3/SD-UART/_ide/psinit/ps7_init.tcl' is done.
18:12:57 INFO  : 'ps7_init' command is executed.
18:12:57 INFO  : 'ps7_post_config' command is executed.
18:12:57 INFO  : Context for processor 'ps7_cortexa9_0' is selected.
18:12:57 INFO  : The application 'E:/Git-Repos/CNC-FPGA/Vitis3/SD-UART/Debug/SD-UART.elf' is downloaded to processor 'ps7_cortexa9_0'.
18:12:57 INFO  : 'configparams force-mem-access 0' command is executed.
18:12:57 INFO  : ----------------XSDB Script----------------
connect -url tcp:127.0.0.1:3121
targets -set -nocase -filter {name =~"APU*"}
rst -system
after 3000
targets -set -filter {jtag_cable_name =~ "Digilent Zed 210248585425" && level==0 && jtag_device_ctx=="jsn-Zed-210248585425-23727093-0"}
fpga -file E:/Git-Repos/CNC-FPGA/Vitis3/SD-UART/_ide/bitstream/CNC_Top_wrapper.bit
targets -set -nocase -filter {name =~"APU*"}
loadhw -hw E:/Git-Repos/CNC-FPGA/Vitis3/CNC-PL5/export/CNC-PL5/hw/CNC_Top_wrapper.xsa -mem-ranges [list {0x40000000 0xbfffffff}] -regs
configparams force-mem-access 1
targets -set -nocase -filter {name =~"APU*"}
source E:/Git-Repos/CNC-FPGA/Vitis3/SD-UART/_ide/psinit/ps7_init.tcl
ps7_init
ps7_post_config
targets -set -nocase -filter {name =~ "*A9*#0"}
dow E:/Git-Repos/CNC-FPGA/Vitis3/SD-UART/Debug/SD-UART.elf
configparams force-mem-access 0
----------------End of Script----------------

18:12:57 INFO  : Context for processor 'ps7_cortexa9_0' is selected.
18:12:57 INFO  : 'con' command is executed.
18:12:57 INFO  : ----------------XSDB Script (After Launch)----------------
targets -set -nocase -filter {name =~ "*A9*#0"}
con
----------------End of Script----------------

18:12:57 INFO  : Launch script is exported to file 'E:\Git-Repos\CNC-FPGA\Vitis3\SD-UART_system\_ide\scripts\systemdebugger_sd-uart_system_6_standalone.tcl'
18:15:09 WARN  : channel "tcfchan#18" closed
18:15:10 INFO  : Connected to target on host '127.0.0.1' and port '3121'.
18:15:10 INFO  : Jtag cable 'Digilent Zed 210248585425' is selected.
18:15:10 INFO  : 'jtag frequency' command is executed.
18:15:10 INFO  : Context for 'APU' is selected.
18:15:10 INFO  : System reset is completed.
18:15:13 INFO  : 'after 3000' command is executed.
18:15:13 INFO  : 'targets -set -filter {jtag_cable_name =~ "Digilent Zed 210248585425" && level==0 && jtag_device_ctx=="jsn-Zed-210248585425-23727093-0"}' command is executed.
18:15:16 INFO  : Device configured successfully with "E:/Git-Repos/CNC-FPGA/Vitis3/SD-UART/_ide/bitstream/CNC_Top_wrapper.bit"
18:15:16 INFO  : Context for 'APU' is selected.
18:15:16 INFO  : Hardware design and registers information is loaded from 'E:/Git-Repos/CNC-FPGA/Vitis3/CNC-PL5/export/CNC-PL5/hw/CNC_Top_wrapper.xsa'.
18:15:16 INFO  : 'configparams force-mem-access 1' command is executed.
18:15:16 INFO  : Context for 'APU' is selected.
18:15:16 INFO  : Sourcing of 'E:/Git-Repos/CNC-FPGA/Vitis3/SD-UART/_ide/psinit/ps7_init.tcl' is done.
18:15:16 INFO  : 'ps7_init' command is executed.
18:15:16 INFO  : 'ps7_post_config' command is executed.
18:15:16 INFO  : Context for processor 'ps7_cortexa9_0' is selected.
18:15:16 INFO  : The application 'E:/Git-Repos/CNC-FPGA/Vitis3/SD-UART/Debug/SD-UART.elf' is downloaded to processor 'ps7_cortexa9_0'.
18:15:16 INFO  : 'configparams force-mem-access 0' command is executed.
18:15:16 INFO  : ----------------XSDB Script----------------
connect -url tcp:127.0.0.1:3121
targets -set -nocase -filter {name =~"APU*"}
rst -system
after 3000
targets -set -filter {jtag_cable_name =~ "Digilent Zed 210248585425" && level==0 && jtag_device_ctx=="jsn-Zed-210248585425-23727093-0"}
fpga -file E:/Git-Repos/CNC-FPGA/Vitis3/SD-UART/_ide/bitstream/CNC_Top_wrapper.bit
targets -set -nocase -filter {name =~"APU*"}
loadhw -hw E:/Git-Repos/CNC-FPGA/Vitis3/CNC-PL5/export/CNC-PL5/hw/CNC_Top_wrapper.xsa -mem-ranges [list {0x40000000 0xbfffffff}] -regs
configparams force-mem-access 1
targets -set -nocase -filter {name =~"APU*"}
source E:/Git-Repos/CNC-FPGA/Vitis3/SD-UART/_ide/psinit/ps7_init.tcl
ps7_init
ps7_post_config
targets -set -nocase -filter {name =~ "*A9*#0"}
dow E:/Git-Repos/CNC-FPGA/Vitis3/SD-UART/Debug/SD-UART.elf
configparams force-mem-access 0
----------------End of Script----------------

18:15:16 INFO  : Context for processor 'ps7_cortexa9_0' is selected.
18:15:16 INFO  : 'con' command is executed.
18:15:16 INFO  : ----------------XSDB Script (After Launch)----------------
targets -set -nocase -filter {name =~ "*A9*#0"}
con
----------------End of Script----------------

18:15:16 INFO  : Launch script is exported to file 'E:\Git-Repos\CNC-FPGA\Vitis3\SD-UART_system\_ide\scripts\systemdebugger_sd-uart_system_7_standalone.tcl'
18:18:25 INFO  : No changes in MSS file content so sources will not be generated.
18:18:35 INFO  : Result from executing command 'getProjects': CNC-PL5
18:18:35 INFO  : Result from executing command 'getPlatforms': CNC-PL5|E:/Git-Repos/CNC-FPGA/Vitis3/CNC-PL5/export/CNC-PL5/CNC-PL5.xpfm;xilinx_zcu102_base_202420_1|C:/Xilinx/Vitis/2024.2/base_platforms/xilinx_zcu102_base_202420_1/xilinx_zcu102_base_202420_1.xpfm;xilinx_zcu102_base_dfx_202420_1|C:/Xilinx/Vitis/2024.2/base_platforms/xilinx_zcu102_base_dfx_202420_1/xilinx_zcu102_base_dfx_202420_1.xpfm;xilinx_zcu104_base_202420_1|C:/Xilinx/Vitis/2024.2/base_platforms/xilinx_zcu104_base_202420_1/xilinx_zcu104_base_202420_1.xpfm
18:18:43 INFO  : Checking for BSP changes to sync application flags for project 'SD-UART'...
18:18:43 INFO  : Updating application flags with new BSP settings...
18:18:43 INFO  : Successfully updated application flags for project SD-UART.
18:19:26 INFO  : No changes in MSS file content so sources will not be generated.
18:20:01 ERROR : (XSDB Server)rm: cannot lstat `*.o': Invalid argument

18:20:01 ERROR : (XSDB Server)make: *** [Makefile:42: clean] Error 1

18:20:22 INFO  : Result from executing command 'getProjects': CNC-PL5
18:20:22 INFO  : Result from executing command 'getPlatforms': CNC-PL5|E:/Git-Repos/CNC-FPGA/Vitis3/CNC-PL5/export/CNC-PL5/CNC-PL5.xpfm;xilinx_zcu102_base_202420_1|C:/Xilinx/Vitis/2024.2/base_platforms/xilinx_zcu102_base_202420_1/xilinx_zcu102_base_202420_1.xpfm;xilinx_zcu102_base_dfx_202420_1|C:/Xilinx/Vitis/2024.2/base_platforms/xilinx_zcu102_base_dfx_202420_1/xilinx_zcu102_base_dfx_202420_1.xpfm;xilinx_zcu104_base_202420_1|C:/Xilinx/Vitis/2024.2/base_platforms/xilinx_zcu104_base_202420_1/xilinx_zcu104_base_202420_1.xpfm
18:20:27 INFO  : No changes in MSS file content so sources will not be generated.
18:20:34 INFO  : Result from executing command 'removePlatformRepo': 
18:21:05 INFO  : Result from executing command 'getProjects': CNC-PL5
18:21:05 INFO  : Result from executing command 'getPlatforms': xilinx_zcu102_base_202420_1|C:/Xilinx/Vitis/2024.2/base_platforms/xilinx_zcu102_base_202420_1/xilinx_zcu102_base_202420_1.xpfm;xilinx_zcu102_base_dfx_202420_1|C:/Xilinx/Vitis/2024.2/base_platforms/xilinx_zcu102_base_dfx_202420_1/xilinx_zcu102_base_dfx_202420_1.xpfm;xilinx_zcu104_base_202420_1|C:/Xilinx/Vitis/2024.2/base_platforms/xilinx_zcu104_base_202420_1/xilinx_zcu104_base_202420_1.xpfm
18:21:06 INFO  : Checking for BSP changes to sync application flags for project 'SD-UART'...
18:21:27 INFO  : Disconnected from the channel tcfchan#21.
18:21:28 INFO  : Connected to target on host '127.0.0.1' and port '3121'.
18:21:28 INFO  : Jtag cable 'Digilent Zed 210248585425' is selected.
18:21:28 INFO  : 'jtag frequency' command is executed.
18:21:28 INFO  : Context for 'APU' is selected.
18:21:28 INFO  : System reset is completed.
18:21:31 INFO  : 'after 3000' command is executed.
18:21:31 INFO  : 'targets -set -filter {jtag_cable_name =~ "Digilent Zed 210248585425" && level==0 && jtag_device_ctx=="jsn-Zed-210248585425-23727093-0"}' command is executed.
18:21:33 INFO  : Device configured successfully with "E:/Git-Repos/CNC-FPGA/Vitis3/SD-UART/_ide/bitstream/CNC_Top_wrapper.bit"
18:21:33 INFO  : Context for 'APU' is selected.
18:21:33 INFO  : Hardware design and registers information is loaded from 'E:/Git-Repos/CNC-FPGA/Vitis3/CNC-PL5/export/CNC-PL5/hw/CNC_Top_wrapper.xsa'.
18:21:33 INFO  : 'configparams force-mem-access 1' command is executed.
18:21:33 INFO  : Context for 'APU' is selected.
18:21:33 INFO  : Sourcing of 'E:/Git-Repos/CNC-FPGA/Vitis3/SD-UART/_ide/psinit/ps7_init.tcl' is done.
18:21:33 INFO  : 'ps7_init' command is executed.
18:21:33 INFO  : 'ps7_post_config' command is executed.
18:21:33 INFO  : Context for processor 'ps7_cortexa9_0' is selected.
18:21:34 INFO  : The application 'E:/Git-Repos/CNC-FPGA/Vitis3/SD-UART/Debug/SD-UART.elf' is downloaded to processor 'ps7_cortexa9_0'.
18:21:34 INFO  : 'configparams force-mem-access 0' command is executed.
18:21:34 INFO  : ----------------XSDB Script----------------
connect -url tcp:127.0.0.1:3121
targets -set -nocase -filter {name =~"APU*"}
rst -system
after 3000
targets -set -filter {jtag_cable_name =~ "Digilent Zed 210248585425" && level==0 && jtag_device_ctx=="jsn-Zed-210248585425-23727093-0"}
fpga -file E:/Git-Repos/CNC-FPGA/Vitis3/SD-UART/_ide/bitstream/CNC_Top_wrapper.bit
targets -set -nocase -filter {name =~"APU*"}
loadhw -hw E:/Git-Repos/CNC-FPGA/Vitis3/CNC-PL5/export/CNC-PL5/hw/CNC_Top_wrapper.xsa -mem-ranges [list {0x40000000 0xbfffffff}] -regs
configparams force-mem-access 1
targets -set -nocase -filter {name =~"APU*"}
source E:/Git-Repos/CNC-FPGA/Vitis3/SD-UART/_ide/psinit/ps7_init.tcl
ps7_init
ps7_post_config
targets -set -nocase -filter {name =~ "*A9*#0"}
dow E:/Git-Repos/CNC-FPGA/Vitis3/SD-UART/Debug/SD-UART.elf
configparams force-mem-access 0
----------------End of Script----------------

18:21:34 INFO  : Context for processor 'ps7_cortexa9_0' is selected.
18:21:34 INFO  : 'con' command is executed.
18:21:34 INFO  : ----------------XSDB Script (After Launch)----------------
targets -set -nocase -filter {name =~ "*A9*#0"}
con
----------------End of Script----------------

18:21:34 INFO  : Launch script is exported to file 'E:\Git-Repos\CNC-FPGA\Vitis3\SD-UART_system\_ide\scripts\systemdebugger_sd-uart_system_8_standalone.tcl'
18:25:02 WARN  : channel "tcfchan#21" closed
18:25:03 INFO  : Connected to target on host '127.0.0.1' and port '3121'.
18:25:03 INFO  : Jtag cable 'Digilent Zed 210248585425' is selected.
18:25:03 INFO  : 'jtag frequency' command is executed.
18:25:03 INFO  : Context for 'APU' is selected.
18:25:03 INFO  : System reset is completed.
18:25:06 INFO  : 'after 3000' command is executed.
18:25:06 INFO  : 'targets -set -filter {jtag_cable_name =~ "Digilent Zed 210248585425" && level==0 && jtag_device_ctx=="jsn-Zed-210248585425-23727093-0"}' command is executed.
18:25:09 INFO  : Device configured successfully with "E:/Git-Repos/CNC-FPGA/Vitis3/SD-UART/_ide/bitstream/CNC_Top_wrapper.bit"
18:25:09 INFO  : Context for 'APU' is selected.
18:25:09 INFO  : Hardware design and registers information is loaded from 'E:/Git-Repos/CNC-FPGA/Vitis3/CNC-PL5/export/CNC-PL5/hw/CNC_Top_wrapper.xsa'.
18:25:09 INFO  : 'configparams force-mem-access 1' command is executed.
18:25:09 INFO  : Context for 'APU' is selected.
18:25:09 INFO  : Sourcing of 'E:/Git-Repos/CNC-FPGA/Vitis3/SD-UART/_ide/psinit/ps7_init.tcl' is done.
18:25:09 INFO  : 'ps7_init' command is executed.
18:25:09 INFO  : 'ps7_post_config' command is executed.
18:25:09 INFO  : Context for processor 'ps7_cortexa9_0' is selected.
18:25:09 INFO  : The application 'E:/Git-Repos/CNC-FPGA/Vitis3/SD-UART/Debug/SD-UART.elf' is downloaded to processor 'ps7_cortexa9_0'.
18:25:09 INFO  : 'configparams force-mem-access 0' command is executed.
18:25:09 INFO  : ----------------XSDB Script----------------
connect -url tcp:127.0.0.1:3121
targets -set -nocase -filter {name =~"APU*"}
rst -system
after 3000
targets -set -filter {jtag_cable_name =~ "Digilent Zed 210248585425" && level==0 && jtag_device_ctx=="jsn-Zed-210248585425-23727093-0"}
fpga -file E:/Git-Repos/CNC-FPGA/Vitis3/SD-UART/_ide/bitstream/CNC_Top_wrapper.bit
targets -set -nocase -filter {name =~"APU*"}
loadhw -hw E:/Git-Repos/CNC-FPGA/Vitis3/CNC-PL5/export/CNC-PL5/hw/CNC_Top_wrapper.xsa -mem-ranges [list {0x40000000 0xbfffffff}] -regs
configparams force-mem-access 1
targets -set -nocase -filter {name =~"APU*"}
source E:/Git-Repos/CNC-FPGA/Vitis3/SD-UART/_ide/psinit/ps7_init.tcl
ps7_init
ps7_post_config
targets -set -nocase -filter {name =~ "*A9*#0"}
dow E:/Git-Repos/CNC-FPGA/Vitis3/SD-UART/Debug/SD-UART.elf
configparams force-mem-access 0
----------------End of Script----------------

18:25:09 INFO  : Context for processor 'ps7_cortexa9_0' is selected.
18:25:09 INFO  : 'con' command is executed.
18:25:09 INFO  : ----------------XSDB Script (After Launch)----------------
targets -set -nocase -filter {name =~ "*A9*#0"}
con
----------------End of Script----------------

18:25:09 INFO  : Launch script is exported to file 'E:\Git-Repos\CNC-FPGA\Vitis3\SD-UART_system\_ide\scripts\systemdebugger_sd-uart_system_9_standalone.tcl'
18:25:33 INFO  : Disconnected from the channel tcfchan#27.
18:25:34 INFO  : Connected to target on host '127.0.0.1' and port '3121'.
18:25:34 INFO  : Jtag cable 'Digilent Zed 210248585425' is selected.
18:25:34 INFO  : 'jtag frequency' command is executed.
18:25:34 INFO  : Context for 'APU' is selected.
18:25:34 INFO  : System reset is completed.
18:25:37 INFO  : 'after 3000' command is executed.
18:25:37 INFO  : 'targets -set -filter {jtag_cable_name =~ "Digilent Zed 210248585425" && level==0 && jtag_device_ctx=="jsn-Zed-210248585425-23727093-0"}' command is executed.
18:25:39 INFO  : Device configured successfully with "E:/Git-Repos/CNC-FPGA/Vitis3/SD-UART/_ide/bitstream/CNC_Top_wrapper.bit"
18:25:39 INFO  : Context for 'APU' is selected.
18:25:39 INFO  : Hardware design and registers information is loaded from 'E:/Git-Repos/CNC-FPGA/Vitis3/CNC-PL5/export/CNC-PL5/hw/CNC_Top_wrapper.xsa'.
18:25:39 INFO  : 'configparams force-mem-access 1' command is executed.
18:25:39 INFO  : Context for 'APU' is selected.
18:25:39 INFO  : Sourcing of 'E:/Git-Repos/CNC-FPGA/Vitis3/SD-UART/_ide/psinit/ps7_init.tcl' is done.
18:25:39 INFO  : 'ps7_init' command is executed.
18:25:39 INFO  : 'ps7_post_config' command is executed.
18:25:39 INFO  : Context for processor 'ps7_cortexa9_0' is selected.
18:25:40 INFO  : The application 'E:/Git-Repos/CNC-FPGA/Vitis3/SD-UART/Debug/SD-UART.elf' is downloaded to processor 'ps7_cortexa9_0'.
18:25:40 INFO  : 'configparams force-mem-access 0' command is executed.
18:25:40 INFO  : ----------------XSDB Script----------------
connect -url tcp:127.0.0.1:3121
targets -set -nocase -filter {name =~"APU*"}
rst -system
after 3000
targets -set -filter {jtag_cable_name =~ "Digilent Zed 210248585425" && level==0 && jtag_device_ctx=="jsn-Zed-210248585425-23727093-0"}
fpga -file E:/Git-Repos/CNC-FPGA/Vitis3/SD-UART/_ide/bitstream/CNC_Top_wrapper.bit
targets -set -nocase -filter {name =~"APU*"}
loadhw -hw E:/Git-Repos/CNC-FPGA/Vitis3/CNC-PL5/export/CNC-PL5/hw/CNC_Top_wrapper.xsa -mem-ranges [list {0x40000000 0xbfffffff}] -regs
configparams force-mem-access 1
targets -set -nocase -filter {name =~"APU*"}
source E:/Git-Repos/CNC-FPGA/Vitis3/SD-UART/_ide/psinit/ps7_init.tcl
ps7_init
ps7_post_config
targets -set -nocase -filter {name =~ "*A9*#0"}
dow E:/Git-Repos/CNC-FPGA/Vitis3/SD-UART/Debug/SD-UART.elf
configparams force-mem-access 0
----------------End of Script----------------

18:25:40 INFO  : Context for processor 'ps7_cortexa9_0' is selected.
18:25:40 INFO  : 'con' command is executed.
18:25:40 INFO  : ----------------XSDB Script (After Launch)----------------
targets -set -nocase -filter {name =~ "*A9*#0"}
con
----------------End of Script----------------

18:25:40 INFO  : Launch script is exported to file 'E:\Git-Repos\CNC-FPGA\Vitis3\SD-UART_system\_ide\scripts\systemdebugger_sd-uart_system_10_standalone.tcl'
18:37:41 ERROR : Failed to update hardware specification for project 'CNC-PL5'.
Reason: Failed to execute command 'platform config -updatehw {E:/Git-Repos/CNC-FPGA/Zedboard-CNC/CNC_Top_wrapper.xsa}'. Click on details for more information.
18:38:23 ERROR : Failed to update hardware specification for project 'CNC-PL5'.
Reason: Failed to execute command 'platform config -updatehw {E:/Git-Repos/CNC-FPGA/Zedboard-CNC/CNC_Top_wrapper.xsa}'. Click on details for more information.
18:38:59 INFO  : Result from executing command 'getProjects': CNC-PL5;CNC-PL6
18:38:59 INFO  : Result from executing command 'getPlatforms': CNC-PL5|E:/Git-Repos/CNC-FPGA/Vitis3/CNC-PL5/export/CNC-PL5/CNC-PL5.xpfm;xilinx_zcu102_base_202420_1|C:/Xilinx/Vitis/2024.2/base_platforms/xilinx_zcu102_base_202420_1/xilinx_zcu102_base_202420_1.xpfm;xilinx_zcu102_base_dfx_202420_1|C:/Xilinx/Vitis/2024.2/base_platforms/xilinx_zcu102_base_dfx_202420_1/xilinx_zcu102_base_dfx_202420_1.xpfm;xilinx_zcu104_base_202420_1|C:/Xilinx/Vitis/2024.2/base_platforms/xilinx_zcu104_base_202420_1/xilinx_zcu104_base_202420_1.xpfm
18:39:17 INFO  : No changes in MSS file content so sources will not be generated.
18:39:22 INFO  : No changes in MSS file content so sources will not be generated.
18:39:35 INFO  : No changes in MSS file content so sources will not be generated.
18:39:39 INFO  : No changes in MSS file content so sources will not be generated.
18:39:44 INFO  : No changes in MSS file content so sources will not be generated.
18:40:01 INFO  : No changes in MSS file content so sources will not be generated.
18:40:11 INFO  : The hardware specification used by project 'SD-UART' is out of sync with the platform. Resource files extracted from the hardware specification will be updated.
18:40:12 INFO  : The file 'E:\Git-Repos\CNC-FPGA\Vitis3\SD-UART\_ide\bitstream\CNC_Top_wrapper.bit' stored in project is removed.
18:40:12 INFO  : The updated bitstream files are copied from platform to folder 'E:\Git-Repos\CNC-FPGA\Vitis3\SD-UART\_ide\bitstream' in project 'SD-UART'.
18:40:12 INFO  : The file 'E:\Git-Repos\CNC-FPGA\Vitis3\SD-UART\_ide\psinit\ps7_init.tcl' stored in project is removed.
18:40:16 INFO  : The updated ps init files are copied from platform to folder 'E:\Git-Repos\CNC-FPGA\Vitis3\SD-UART\_ide\psinit' in project 'SD-UART'.
18:40:42 INFO  : No changes in MSS file content so sources will not be generated.
18:41:06 ERROR : (XSDB Server)rm: cannot lstat `*.o': Invalid argument

18:41:06 ERROR : (XSDB Server)make: *** [Makefile:42: clean] Error 1

18:41:20 ERROR : (XSDB Server)rm: cannot lstat `*.o': Invalid argument

18:41:20 ERROR : (XSDB Server)make: *** [Makefile:42: clean] Error 1

18:42:05 INFO  : Result from executing command 'getProjects': CNC-PL5;CNC-PL6
18:42:05 INFO  : Result from executing command 'getPlatforms': CNC-PL5|E:/Git-Repos/CNC-FPGA/Vitis3/CNC-PL5/export/CNC-PL5/CNC-PL5.xpfm;CNC-PL6|E:/Git-Repos/CNC-FPGA/Vitis3/CNC-PL6/export/CNC-PL6/CNC-PL6.xpfm;xilinx_zcu102_base_202420_1|C:/Xilinx/Vitis/2024.2/base_platforms/xilinx_zcu102_base_202420_1/xilinx_zcu102_base_202420_1.xpfm;xilinx_zcu102_base_dfx_202420_1|C:/Xilinx/Vitis/2024.2/base_platforms/xilinx_zcu102_base_dfx_202420_1/xilinx_zcu102_base_dfx_202420_1.xpfm;xilinx_zcu104_base_202420_1|C:/Xilinx/Vitis/2024.2/base_platforms/xilinx_zcu104_base_202420_1/xilinx_zcu104_base_202420_1.xpfm
18:43:05 INFO  : Checking for BSP changes to sync application flags for project 'SD-UART'...
18:43:20 WARN  : channel "tcfchan#27" closed
18:43:21 INFO  : Connected to target on host '127.0.0.1' and port '3121'.
18:43:21 INFO  : Jtag cable 'Digilent Zed 210248585425' is selected.
18:43:21 INFO  : 'jtag frequency' command is executed.
18:43:21 INFO  : Context for 'APU' is selected.
18:43:22 INFO  : System reset is completed.
18:43:25 INFO  : 'after 3000' command is executed.
18:43:25 INFO  : 'targets -set -filter {jtag_cable_name =~ "Digilent Zed 210248585425" && level==0 && jtag_device_ctx=="jsn-Zed-210248585425-23727093-0"}' command is executed.
18:43:27 INFO  : Device configured successfully with "E:/Git-Repos/CNC-FPGA/Vitis3/SD-UART/_ide/bitstream/CNC_Top_wrapper.bit"
18:43:27 INFO  : Context for 'APU' is selected.
18:43:27 INFO  : Hardware design and registers information is loaded from 'E:/Git-Repos/CNC-FPGA/Vitis3/CNC-PL6/export/CNC-PL6/hw/CNC_Top_wrapper.xsa'.
18:43:27 INFO  : 'configparams force-mem-access 1' command is executed.
18:43:27 INFO  : Context for 'APU' is selected.
18:43:27 INFO  : Sourcing of 'E:/Git-Repos/CNC-FPGA/Vitis3/SD-UART/_ide/psinit/ps7_init.tcl' is done.
18:43:27 INFO  : 'ps7_init' command is executed.
18:43:27 INFO  : 'ps7_post_config' command is executed.
18:43:27 INFO  : Context for processor 'ps7_cortexa9_0' is selected.
18:43:27 INFO  : The application 'E:/Git-Repos/CNC-FPGA/Vitis3/SD-UART/Debug/SD-UART.elf' is downloaded to processor 'ps7_cortexa9_0'.
18:43:27 INFO  : 'configparams force-mem-access 0' command is executed.
18:43:27 INFO  : ----------------XSDB Script----------------
connect -url tcp:127.0.0.1:3121
targets -set -nocase -filter {name =~"APU*"}
rst -system
after 3000
targets -set -filter {jtag_cable_name =~ "Digilent Zed 210248585425" && level==0 && jtag_device_ctx=="jsn-Zed-210248585425-23727093-0"}
fpga -file E:/Git-Repos/CNC-FPGA/Vitis3/SD-UART/_ide/bitstream/CNC_Top_wrapper.bit
targets -set -nocase -filter {name =~"APU*"}
loadhw -hw E:/Git-Repos/CNC-FPGA/Vitis3/CNC-PL6/export/CNC-PL6/hw/CNC_Top_wrapper.xsa -mem-ranges [list {0x40000000 0xbfffffff}] -regs
configparams force-mem-access 1
targets -set -nocase -filter {name =~"APU*"}
source E:/Git-Repos/CNC-FPGA/Vitis3/SD-UART/_ide/psinit/ps7_init.tcl
ps7_init
ps7_post_config
targets -set -nocase -filter {name =~ "*A9*#0"}
dow E:/Git-Repos/CNC-FPGA/Vitis3/SD-UART/Debug/SD-UART.elf
configparams force-mem-access 0
----------------End of Script----------------

18:43:28 INFO  : Context for processor 'ps7_cortexa9_0' is selected.
18:43:28 INFO  : 'con' command is executed.
18:43:28 INFO  : ----------------XSDB Script (After Launch)----------------
targets -set -nocase -filter {name =~ "*A9*#0"}
con
----------------End of Script----------------

18:43:28 INFO  : Launch script is exported to file 'E:\Git-Repos\CNC-FPGA\Vitis3\SD-UART_system\_ide\scripts\systemdebugger_sd-uart_system_standalone.tcl'
18:43:49 INFO  : Disconnected from the channel tcfchan#28.
18:43:50 INFO  : Connected to target on host '127.0.0.1' and port '3121'.
18:43:50 INFO  : Jtag cable 'Digilent Zed 210248585425' is selected.
18:43:50 INFO  : 'jtag frequency' command is executed.
18:43:50 INFO  : Context for 'APU' is selected.
18:43:50 INFO  : System reset is completed.
18:43:53 INFO  : 'after 3000' command is executed.
18:43:53 INFO  : 'targets -set -filter {jtag_cable_name =~ "Digilent Zed 210248585425" && level==0 && jtag_device_ctx=="jsn-Zed-210248585425-23727093-0"}' command is executed.
18:43:55 INFO  : Device configured successfully with "E:/Git-Repos/CNC-FPGA/Vitis3/SD-UART/_ide/bitstream/CNC_Top_wrapper.bit"
18:43:55 INFO  : Context for 'APU' is selected.
18:43:55 INFO  : Hardware design and registers information is loaded from 'E:/Git-Repos/CNC-FPGA/Vitis3/CNC-PL6/export/CNC-PL6/hw/CNC_Top_wrapper.xsa'.
18:43:55 INFO  : 'configparams force-mem-access 1' command is executed.
18:43:55 INFO  : Context for 'APU' is selected.
18:43:55 INFO  : Sourcing of 'E:/Git-Repos/CNC-FPGA/Vitis3/SD-UART/_ide/psinit/ps7_init.tcl' is done.
18:43:56 INFO  : 'ps7_init' command is executed.
18:43:56 INFO  : 'ps7_post_config' command is executed.
18:43:56 INFO  : Context for processor 'ps7_cortexa9_0' is selected.
18:43:56 INFO  : The application 'E:/Git-Repos/CNC-FPGA/Vitis3/SD-UART/Debug/SD-UART.elf' is downloaded to processor 'ps7_cortexa9_0'.
18:43:56 INFO  : 'configparams force-mem-access 0' command is executed.
18:43:56 INFO  : ----------------XSDB Script----------------
connect -url tcp:127.0.0.1:3121
targets -set -nocase -filter {name =~"APU*"}
rst -system
after 3000
targets -set -filter {jtag_cable_name =~ "Digilent Zed 210248585425" && level==0 && jtag_device_ctx=="jsn-Zed-210248585425-23727093-0"}
fpga -file E:/Git-Repos/CNC-FPGA/Vitis3/SD-UART/_ide/bitstream/CNC_Top_wrapper.bit
targets -set -nocase -filter {name =~"APU*"}
loadhw -hw E:/Git-Repos/CNC-FPGA/Vitis3/CNC-PL6/export/CNC-PL6/hw/CNC_Top_wrapper.xsa -mem-ranges [list {0x40000000 0xbfffffff}] -regs
configparams force-mem-access 1
targets -set -nocase -filter {name =~"APU*"}
source E:/Git-Repos/CNC-FPGA/Vitis3/SD-UART/_ide/psinit/ps7_init.tcl
ps7_init
ps7_post_config
targets -set -nocase -filter {name =~ "*A9*#0"}
dow E:/Git-Repos/CNC-FPGA/Vitis3/SD-UART/Debug/SD-UART.elf
configparams force-mem-access 0
----------------End of Script----------------

18:43:56 INFO  : Context for processor 'ps7_cortexa9_0' is selected.
18:43:56 INFO  : 'con' command is executed.
18:43:56 INFO  : ----------------XSDB Script (After Launch)----------------
targets -set -nocase -filter {name =~ "*A9*#0"}
con
----------------End of Script----------------

18:43:56 INFO  : Launch script is exported to file 'E:\Git-Repos\CNC-FPGA\Vitis3\SD-UART_system\_ide\scripts\systemdebugger_sd-uart_system_1_standalone.tcl'
18:45:22 INFO  : Checking for BSP changes to sync application flags for project 'SD-UART'...
18:46:07 WARN  : channel "tcfchan#28" closed
18:46:08 INFO  : Connected to target on host '127.0.0.1' and port '3121'.
18:46:08 INFO  : Jtag cable 'Digilent Zed 210248585425' is selected.
18:46:08 INFO  : 'jtag frequency' command is executed.
18:46:08 INFO  : Context for 'APU' is selected.
18:46:08 INFO  : System reset is completed.
18:46:11 INFO  : 'after 3000' command is executed.
18:46:11 INFO  : 'targets -set -filter {jtag_cable_name =~ "Digilent Zed 210248585425" && level==0 && jtag_device_ctx=="jsn-Zed-210248585425-23727093-0"}' command is executed.
18:46:13 INFO  : Device configured successfully with "E:/Git-Repos/CNC-FPGA/Vitis3/SD-UART/_ide/bitstream/CNC_Top_wrapper.bit"
18:46:14 INFO  : Context for 'APU' is selected.
18:46:14 INFO  : Hardware design and registers information is loaded from 'E:/Git-Repos/CNC-FPGA/Vitis3/CNC-PL6/export/CNC-PL6/hw/CNC_Top_wrapper.xsa'.
18:46:14 INFO  : 'configparams force-mem-access 1' command is executed.
18:46:14 INFO  : Context for 'APU' is selected.
18:46:14 INFO  : Sourcing of 'E:/Git-Repos/CNC-FPGA/Vitis3/SD-UART/_ide/psinit/ps7_init.tcl' is done.
18:46:14 INFO  : 'ps7_init' command is executed.
18:46:14 INFO  : 'ps7_post_config' command is executed.
18:46:14 INFO  : Context for processor 'ps7_cortexa9_0' is selected.
18:46:14 INFO  : The application 'E:/Git-Repos/CNC-FPGA/Vitis3/SD-UART/Debug/SD-UART.elf' is downloaded to processor 'ps7_cortexa9_0'.
18:46:14 INFO  : 'configparams force-mem-access 0' command is executed.
18:46:14 INFO  : ----------------XSDB Script----------------
connect -url tcp:127.0.0.1:3121
targets -set -nocase -filter {name =~"APU*"}
rst -system
after 3000
targets -set -filter {jtag_cable_name =~ "Digilent Zed 210248585425" && level==0 && jtag_device_ctx=="jsn-Zed-210248585425-23727093-0"}
fpga -file E:/Git-Repos/CNC-FPGA/Vitis3/SD-UART/_ide/bitstream/CNC_Top_wrapper.bit
targets -set -nocase -filter {name =~"APU*"}
loadhw -hw E:/Git-Repos/CNC-FPGA/Vitis3/CNC-PL6/export/CNC-PL6/hw/CNC_Top_wrapper.xsa -mem-ranges [list {0x40000000 0xbfffffff}] -regs
configparams force-mem-access 1
targets -set -nocase -filter {name =~"APU*"}
source E:/Git-Repos/CNC-FPGA/Vitis3/SD-UART/_ide/psinit/ps7_init.tcl
ps7_init
ps7_post_config
targets -set -nocase -filter {name =~ "*A9*#0"}
dow E:/Git-Repos/CNC-FPGA/Vitis3/SD-UART/Debug/SD-UART.elf
configparams force-mem-access 0
----------------End of Script----------------

18:46:14 INFO  : Context for processor 'ps7_cortexa9_0' is selected.
18:46:14 INFO  : 'con' command is executed.
18:46:14 INFO  : ----------------XSDB Script (After Launch)----------------
targets -set -nocase -filter {name =~ "*A9*#0"}
con
----------------End of Script----------------

18:46:14 INFO  : Launch script is exported to file 'E:\Git-Repos\CNC-FPGA\Vitis3\SD-UART_system\_ide\scripts\systemdebugger_sd-uart_system_2_standalone.tcl'
18:47:53 INFO  : Checking for BSP changes to sync application flags for project 'SD-UART'...
18:48:21 ERROR : (XRT Server)C:/Xilinx/Vitis/2024.2/bin/unwrapped/win64.o/xrt_server.exe: error: illegal option '-'
Usage: agent [OPTION]...
Start Target Communication Framework agent.
  -d               run in daemon mode (output is sent to system logger)
  -i               run in interactive mode
  -L<file>         enable logging, use -L- to send log to stderr
  -l<level>        set log level, the level is comma separated list of:
      alloc        memory allocation and deallocation (0x1)
      eventcore    main event queue (0x2)
      waitpid      waitpid() events (0x4)
      events       low-level debugger events (0x8)
      protocol     communication protocol (0x20)
      context      debug context actions (0x40)
      children     debug context children (0x10)
      discovery    discovery (0x80)
      asyncreq     async I/O (0x100)
      proxy        proxy state (0x200)
      tcflog       proxy traffic (0x400)
      elf          ELF reader (0x800)
      stack        stack trace service (0x2000)
      plugin       plugins (0x4000)
      shutdown     shutdown of subsystems (0x8000)
      disasm       disassembly service (0x10000)
  -s<url>          set agent listening port and protocol, default is tcp::0
  -S               print server properties in Json format to stdout
  -g<port>         start GDB Remote Serial Protocol server at the specified TCP port
  -I<idle-seconds> exit if there are no connections for the specified time

18:49:21 ERROR : Timed out. 60 seconds have elapsed while waiting for the XRT server to launch.
18:49:23 INFO  : Disconnected from the channel tcfchan#31.
18:49:24 INFO  : Connected to target on host '127.0.0.1' and port '3121'.
18:49:25 INFO  : Jtag cable 'Digilent Zed 210248585425' is selected.
18:49:25 INFO  : 'jtag frequency' command is executed.
18:49:25 INFO  : Context for 'APU' is selected.
18:49:25 INFO  : System reset is completed.
18:49:28 INFO  : 'after 3000' command is executed.
18:49:28 INFO  : 'targets -set -filter {jtag_cable_name =~ "Digilent Zed 210248585425" && level==0 && jtag_device_ctx=="jsn-Zed-210248585425-23727093-0"}' command is executed.
18:49:30 INFO  : Device configured successfully with "E:/Git-Repos/CNC-FPGA/Vitis3/SD-UART/_ide/bitstream/CNC_Top_wrapper.bit"
18:49:30 INFO  : Context for 'APU' is selected.
18:49:30 INFO  : Hardware design and registers information is loaded from 'E:/Git-Repos/CNC-FPGA/Vitis3/CNC-PL6/export/CNC-PL6/hw/CNC_Top_wrapper.xsa'.
18:49:30 INFO  : 'configparams force-mem-access 1' command is executed.
18:49:30 INFO  : Context for 'APU' is selected.
18:49:30 INFO  : Sourcing of 'E:/Git-Repos/CNC-FPGA/Vitis3/SD-UART/_ide/psinit/ps7_init.tcl' is done.
18:49:30 INFO  : 'ps7_init' command is executed.
18:49:30 INFO  : 'ps7_post_config' command is executed.
18:49:30 INFO  : Context for processor 'ps7_cortexa9_0' is selected.
18:49:30 INFO  : The application 'E:/Git-Repos/CNC-FPGA/Vitis3/SD-UART/Debug/SD-UART.elf' is downloaded to processor 'ps7_cortexa9_0'.
18:49:30 INFO  : 'configparams force-mem-access 0' command is executed.
18:49:30 INFO  : ----------------XSDB Script----------------
connect -url tcp:127.0.0.1:3121
targets -set -nocase -filter {name =~"APU*"}
rst -system
after 3000
targets -set -filter {jtag_cable_name =~ "Digilent Zed 210248585425" && level==0 && jtag_device_ctx=="jsn-Zed-210248585425-23727093-0"}
fpga -file E:/Git-Repos/CNC-FPGA/Vitis3/SD-UART/_ide/bitstream/CNC_Top_wrapper.bit
targets -set -nocase -filter {name =~"APU*"}
loadhw -hw E:/Git-Repos/CNC-FPGA/Vitis3/CNC-PL6/export/CNC-PL6/hw/CNC_Top_wrapper.xsa -mem-ranges [list {0x40000000 0xbfffffff}] -regs
configparams force-mem-access 1
targets -set -nocase -filter {name =~"APU*"}
source E:/Git-Repos/CNC-FPGA/Vitis3/SD-UART/_ide/psinit/ps7_init.tcl
ps7_init
ps7_post_config
targets -set -nocase -filter {name =~ "*A9*#0"}
dow E:/Git-Repos/CNC-FPGA/Vitis3/SD-UART/Debug/SD-UART.elf
configparams force-mem-access 0
----------------End of Script----------------

18:49:31 INFO  : Context for processor 'ps7_cortexa9_0' is selected.
18:49:31 INFO  : 'con' command is executed.
18:49:31 INFO  : ----------------XSDB Script (After Launch)----------------
targets -set -nocase -filter {name =~ "*A9*#0"}
con
----------------End of Script----------------

18:49:31 INFO  : Launch script is exported to file 'E:\Git-Repos\CNC-FPGA\Vitis3\SD-UART_system\_ide\scripts\systemdebugger_sd-uart_system_3_standalone.tcl'
18:50:40 WARN  : channel "tcfchan#31" closed
18:50:41 INFO  : Connected to target on host '127.0.0.1' and port '3121'.
18:50:41 INFO  : Jtag cable 'Digilent Zed 210248585425' is selected.
18:50:41 INFO  : 'jtag frequency' command is executed.
18:50:41 INFO  : Context for 'APU' is selected.
18:50:42 INFO  : System reset is completed.
18:50:45 INFO  : 'after 3000' command is executed.
18:50:45 INFO  : 'targets -set -filter {jtag_cable_name =~ "Digilent Zed 210248585425" && level==0 && jtag_device_ctx=="jsn-Zed-210248585425-23727093-0"}' command is executed.
18:50:47 INFO  : Device configured successfully with "E:/Git-Repos/CNC-FPGA/Vitis3/SD-UART/_ide/bitstream/CNC_Top_wrapper.bit"
18:50:47 INFO  : Context for 'APU' is selected.
18:50:47 INFO  : Hardware design and registers information is loaded from 'E:/Git-Repos/CNC-FPGA/Vitis3/CNC-PL6/export/CNC-PL6/hw/CNC_Top_wrapper.xsa'.
18:50:47 INFO  : 'configparams force-mem-access 1' command is executed.
18:50:47 INFO  : Context for 'APU' is selected.
18:50:47 INFO  : Sourcing of 'E:/Git-Repos/CNC-FPGA/Vitis3/SD-UART/_ide/psinit/ps7_init.tcl' is done.
18:50:47 INFO  : 'ps7_init' command is executed.
18:50:47 INFO  : 'ps7_post_config' command is executed.
18:50:47 INFO  : Context for processor 'ps7_cortexa9_0' is selected.
18:50:48 INFO  : The application 'E:/Git-Repos/CNC-FPGA/Vitis3/SD-UART/Debug/SD-UART.elf' is downloaded to processor 'ps7_cortexa9_0'.
18:50:48 INFO  : 'configparams force-mem-access 0' command is executed.
18:50:48 INFO  : ----------------XSDB Script----------------
connect -url tcp:127.0.0.1:3121
targets -set -nocase -filter {name =~"APU*"}
rst -system
after 3000
targets -set -filter {jtag_cable_name =~ "Digilent Zed 210248585425" && level==0 && jtag_device_ctx=="jsn-Zed-210248585425-23727093-0"}
fpga -file E:/Git-Repos/CNC-FPGA/Vitis3/SD-UART/_ide/bitstream/CNC_Top_wrapper.bit
targets -set -nocase -filter {name =~"APU*"}
loadhw -hw E:/Git-Repos/CNC-FPGA/Vitis3/CNC-PL6/export/CNC-PL6/hw/CNC_Top_wrapper.xsa -mem-ranges [list {0x40000000 0xbfffffff}] -regs
configparams force-mem-access 1
targets -set -nocase -filter {name =~"APU*"}
source E:/Git-Repos/CNC-FPGA/Vitis3/SD-UART/_ide/psinit/ps7_init.tcl
ps7_init
ps7_post_config
targets -set -nocase -filter {name =~ "*A9*#0"}
dow E:/Git-Repos/CNC-FPGA/Vitis3/SD-UART/Debug/SD-UART.elf
configparams force-mem-access 0
----------------End of Script----------------

18:50:48 INFO  : Context for processor 'ps7_cortexa9_0' is selected.
18:50:48 INFO  : 'con' command is executed.
18:50:48 INFO  : ----------------XSDB Script (After Launch)----------------
targets -set -nocase -filter {name =~ "*A9*#0"}
con
----------------End of Script----------------

18:50:48 INFO  : Launch script is exported to file 'E:\Git-Repos\CNC-FPGA\Vitis3\SD-UART_system\_ide\scripts\systemdebugger_sd-uart_system_4_standalone.tcl'
18:52:01 INFO  : Result from executing command 'removePlatformRepo': 
18:52:14 ERROR : Error from executing command 'removePlatformRepo': ERROR: No valid directory exists at given path.
18:52:27 INFO  : Result from executing command 'getProjects': CNC-PL5;CNC-PL6
18:52:27 INFO  : Result from executing command 'getPlatforms': CNC-PL5|E:/Git-Repos/CNC-FPGA/Vitis3/CNC-PL5/export/CNC-PL5/CNC-PL5.xpfm;xilinx_zcu102_base_202420_1|C:/Xilinx/Vitis/2024.2/base_platforms/xilinx_zcu102_base_202420_1/xilinx_zcu102_base_202420_1.xpfm;xilinx_zcu102_base_dfx_202420_1|C:/Xilinx/Vitis/2024.2/base_platforms/xilinx_zcu102_base_dfx_202420_1/xilinx_zcu102_base_dfx_202420_1.xpfm;xilinx_zcu104_base_202420_1|C:/Xilinx/Vitis/2024.2/base_platforms/xilinx_zcu104_base_202420_1/xilinx_zcu104_base_202420_1.xpfm
18:52:28 INFO  : Checking for BSP changes to sync application flags for project 'SD-UART'...
18:53:08 INFO  : Disconnected from the channel tcfchan#34.
18:53:09 INFO  : Connected to target on host '127.0.0.1' and port '3121'.
18:53:09 INFO  : Jtag cable 'Digilent Zed 210248585425' is selected.
18:53:09 INFO  : 'jtag frequency' command is executed.
18:53:09 INFO  : Context for 'APU' is selected.
18:53:09 INFO  : System reset is completed.
18:53:13 INFO  : 'after 3000' command is executed.
18:53:13 INFO  : 'targets -set -filter {jtag_cable_name =~ "Digilent Zed 210248585425" && level==0 && jtag_device_ctx=="jsn-Zed-210248585425-23727093-0"}' command is executed.
18:53:15 INFO  : Device configured successfully with "E:/Git-Repos/CNC-FPGA/Vitis3/SD-UART/_ide/bitstream/CNC_Top_wrapper.bit"
18:53:15 INFO  : Context for 'APU' is selected.
18:53:15 INFO  : Hardware design and registers information is loaded from 'E:/Git-Repos/CNC-FPGA/Vitis3/CNC-PL6/export/CNC-PL6/hw/CNC_Top_wrapper.xsa'.
18:53:15 INFO  : 'configparams force-mem-access 1' command is executed.
18:53:15 INFO  : Context for 'APU' is selected.
18:53:15 INFO  : Sourcing of 'E:/Git-Repos/CNC-FPGA/Vitis3/SD-UART/_ide/psinit/ps7_init.tcl' is done.
18:53:15 INFO  : 'ps7_init' command is executed.
18:53:15 INFO  : 'ps7_post_config' command is executed.
18:53:15 INFO  : Context for processor 'ps7_cortexa9_0' is selected.
18:53:15 INFO  : The application 'E:/Git-Repos/CNC-FPGA/Vitis3/SD-UART/Debug/SD-UART.elf' is downloaded to processor 'ps7_cortexa9_0'.
18:53:15 INFO  : 'configparams force-mem-access 0' command is executed.
18:53:15 INFO  : ----------------XSDB Script----------------
connect -url tcp:127.0.0.1:3121
targets -set -nocase -filter {name =~"APU*"}
rst -system
after 3000
targets -set -filter {jtag_cable_name =~ "Digilent Zed 210248585425" && level==0 && jtag_device_ctx=="jsn-Zed-210248585425-23727093-0"}
fpga -file E:/Git-Repos/CNC-FPGA/Vitis3/SD-UART/_ide/bitstream/CNC_Top_wrapper.bit
targets -set -nocase -filter {name =~"APU*"}
loadhw -hw E:/Git-Repos/CNC-FPGA/Vitis3/CNC-PL6/export/CNC-PL6/hw/CNC_Top_wrapper.xsa -mem-ranges [list {0x40000000 0xbfffffff}] -regs
configparams force-mem-access 1
targets -set -nocase -filter {name =~"APU*"}
source E:/Git-Repos/CNC-FPGA/Vitis3/SD-UART/_ide/psinit/ps7_init.tcl
ps7_init
ps7_post_config
targets -set -nocase -filter {name =~ "*A9*#0"}
dow E:/Git-Repos/CNC-FPGA/Vitis3/SD-UART/Debug/SD-UART.elf
configparams force-mem-access 0
----------------End of Script----------------

18:53:15 INFO  : Context for processor 'ps7_cortexa9_0' is selected.
18:53:15 INFO  : 'con' command is executed.
18:53:15 INFO  : ----------------XSDB Script (After Launch)----------------
targets -set -nocase -filter {name =~ "*A9*#0"}
con
----------------End of Script----------------

18:53:15 INFO  : Launch script is exported to file 'E:\Git-Repos\CNC-FPGA\Vitis3\SD-UART_system\_ide\scripts\systemdebugger_sd-uart_system_5_standalone.tcl'
18:57:04 WARN  : channel "tcfchan#34" closed
18:57:05 INFO  : Connected to target on host '127.0.0.1' and port '3121'.
18:57:05 INFO  : Jtag cable 'Digilent Zed 210248585425' is selected.
18:57:05 INFO  : 'jtag frequency' command is executed.
18:57:05 INFO  : Context for 'APU' is selected.
18:57:05 INFO  : System reset is completed.
18:57:08 INFO  : 'after 3000' command is executed.
18:57:08 INFO  : 'targets -set -filter {jtag_cable_name =~ "Digilent Zed 210248585425" && level==0 && jtag_device_ctx=="jsn-Zed-210248585425-23727093-0"}' command is executed.
18:57:10 INFO  : Device configured successfully with "E:/Git-Repos/CNC-FPGA/Vitis3/SD-UART/_ide/bitstream/CNC_Top_wrapper.bit"
18:57:10 INFO  : Context for 'APU' is selected.
18:57:10 INFO  : Hardware design and registers information is loaded from 'E:/Git-Repos/CNC-FPGA/Vitis3/CNC-PL6/export/CNC-PL6/hw/CNC_Top_wrapper.xsa'.
18:57:10 INFO  : 'configparams force-mem-access 1' command is executed.
18:57:10 INFO  : Context for 'APU' is selected.
18:57:10 INFO  : Sourcing of 'E:/Git-Repos/CNC-FPGA/Vitis3/SD-UART/_ide/psinit/ps7_init.tcl' is done.
18:57:11 INFO  : 'ps7_init' command is executed.
18:57:11 INFO  : 'ps7_post_config' command is executed.
18:57:11 INFO  : Context for processor 'ps7_cortexa9_0' is selected.
18:57:11 INFO  : The application 'E:/Git-Repos/CNC-FPGA/Vitis3/SD-UART/Debug/SD-UART.elf' is downloaded to processor 'ps7_cortexa9_0'.
18:57:11 INFO  : 'configparams force-mem-access 0' command is executed.
18:57:11 INFO  : ----------------XSDB Script----------------
connect -url tcp:127.0.0.1:3121
targets -set -nocase -filter {name =~"APU*"}
rst -system
after 3000
targets -set -filter {jtag_cable_name =~ "Digilent Zed 210248585425" && level==0 && jtag_device_ctx=="jsn-Zed-210248585425-23727093-0"}
fpga -file E:/Git-Repos/CNC-FPGA/Vitis3/SD-UART/_ide/bitstream/CNC_Top_wrapper.bit
targets -set -nocase -filter {name =~"APU*"}
loadhw -hw E:/Git-Repos/CNC-FPGA/Vitis3/CNC-PL6/export/CNC-PL6/hw/CNC_Top_wrapper.xsa -mem-ranges [list {0x40000000 0xbfffffff}] -regs
configparams force-mem-access 1
targets -set -nocase -filter {name =~"APU*"}
source E:/Git-Repos/CNC-FPGA/Vitis3/SD-UART/_ide/psinit/ps7_init.tcl
ps7_init
ps7_post_config
targets -set -nocase -filter {name =~ "*A9*#0"}
dow E:/Git-Repos/CNC-FPGA/Vitis3/SD-UART/Debug/SD-UART.elf
configparams force-mem-access 0
----------------End of Script----------------

18:57:11 INFO  : Context for processor 'ps7_cortexa9_0' is selected.
18:57:11 INFO  : 'con' command is executed.
18:57:11 INFO  : ----------------XSDB Script (After Launch)----------------
targets -set -nocase -filter {name =~ "*A9*#0"}
con
----------------End of Script----------------

18:57:11 INFO  : Launch script is exported to file 'E:\Git-Repos\CNC-FPGA\Vitis3\SD-UART_system\_ide\scripts\systemdebugger_sd-uart_system_6_standalone.tcl'
18:57:24 INFO  : Disconnected from the channel tcfchan#39.
18:57:25 INFO  : Connected to target on host '127.0.0.1' and port '3121'.
18:57:25 INFO  : Jtag cable 'Digilent Zed 210248585425' is selected.
18:57:25 INFO  : 'jtag frequency' command is executed.
18:57:25 INFO  : Context for 'APU' is selected.
18:57:25 INFO  : System reset is completed.
18:57:28 INFO  : 'after 3000' command is executed.
18:57:28 INFO  : 'targets -set -filter {jtag_cable_name =~ "Digilent Zed 210248585425" && level==0 && jtag_device_ctx=="jsn-Zed-210248585425-23727093-0"}' command is executed.
18:57:30 INFO  : Device configured successfully with "E:/Git-Repos/CNC-FPGA/Vitis3/SD-UART/_ide/bitstream/CNC_Top_wrapper.bit"
18:57:30 INFO  : Context for 'APU' is selected.
18:57:30 INFO  : Hardware design and registers information is loaded from 'E:/Git-Repos/CNC-FPGA/Vitis3/CNC-PL6/export/CNC-PL6/hw/CNC_Top_wrapper.xsa'.
18:57:30 INFO  : 'configparams force-mem-access 1' command is executed.
18:57:30 INFO  : Context for 'APU' is selected.
18:57:30 INFO  : Sourcing of 'E:/Git-Repos/CNC-FPGA/Vitis3/SD-UART/_ide/psinit/ps7_init.tcl' is done.
18:57:30 INFO  : 'ps7_init' command is executed.
18:57:30 INFO  : 'ps7_post_config' command is executed.
18:57:30 INFO  : Context for processor 'ps7_cortexa9_0' is selected.
18:57:31 INFO  : The application 'E:/Git-Repos/CNC-FPGA/Vitis3/SD-UART/Debug/SD-UART.elf' is downloaded to processor 'ps7_cortexa9_0'.
18:57:31 INFO  : 'configparams force-mem-access 0' command is executed.
18:57:31 INFO  : ----------------XSDB Script----------------
connect -url tcp:127.0.0.1:3121
targets -set -nocase -filter {name =~"APU*"}
rst -system
after 3000
targets -set -filter {jtag_cable_name =~ "Digilent Zed 210248585425" && level==0 && jtag_device_ctx=="jsn-Zed-210248585425-23727093-0"}
fpga -file E:/Git-Repos/CNC-FPGA/Vitis3/SD-UART/_ide/bitstream/CNC_Top_wrapper.bit
targets -set -nocase -filter {name =~"APU*"}
loadhw -hw E:/Git-Repos/CNC-FPGA/Vitis3/CNC-PL6/export/CNC-PL6/hw/CNC_Top_wrapper.xsa -mem-ranges [list {0x40000000 0xbfffffff}] -regs
configparams force-mem-access 1
targets -set -nocase -filter {name =~"APU*"}
source E:/Git-Repos/CNC-FPGA/Vitis3/SD-UART/_ide/psinit/ps7_init.tcl
ps7_init
ps7_post_config
targets -set -nocase -filter {name =~ "*A9*#0"}
dow E:/Git-Repos/CNC-FPGA/Vitis3/SD-UART/Debug/SD-UART.elf
configparams force-mem-access 0
----------------End of Script----------------

18:57:31 INFO  : Context for processor 'ps7_cortexa9_0' is selected.
18:57:31 INFO  : 'con' command is executed.
18:57:31 INFO  : ----------------XSDB Script (After Launch)----------------
targets -set -nocase -filter {name =~ "*A9*#0"}
con
----------------End of Script----------------

18:57:31 INFO  : Launch script is exported to file 'E:\Git-Repos\CNC-FPGA\Vitis3\SD-UART_system\_ide\scripts\systemdebugger_sd-uart_system_7_standalone.tcl'
18:58:12 WARN  : channel "tcfchan#39" closed
18:58:13 INFO  : Connected to target on host '127.0.0.1' and port '3121'.
18:58:13 INFO  : Jtag cable 'Digilent Zed 210248585425' is selected.
18:58:13 INFO  : 'jtag frequency' command is executed.
18:58:13 INFO  : Context for 'APU' is selected.
18:58:13 INFO  : System reset is completed.
18:58:16 INFO  : 'after 3000' command is executed.
18:58:16 INFO  : 'targets -set -filter {jtag_cable_name =~ "Digilent Zed 210248585425" && level==0 && jtag_device_ctx=="jsn-Zed-210248585425-23727093-0"}' command is executed.
18:58:18 INFO  : Device configured successfully with "E:/Git-Repos/CNC-FPGA/Vitis3/SD-UART/_ide/bitstream/CNC_Top_wrapper.bit"
18:58:18 INFO  : Context for 'APU' is selected.
18:58:18 INFO  : Hardware design and registers information is loaded from 'E:/Git-Repos/CNC-FPGA/Vitis3/CNC-PL6/export/CNC-PL6/hw/CNC_Top_wrapper.xsa'.
18:58:18 INFO  : 'configparams force-mem-access 1' command is executed.
18:58:18 INFO  : Context for 'APU' is selected.
18:58:18 INFO  : Sourcing of 'E:/Git-Repos/CNC-FPGA/Vitis3/SD-UART/_ide/psinit/ps7_init.tcl' is done.
18:58:19 INFO  : 'ps7_init' command is executed.
18:58:19 INFO  : 'ps7_post_config' command is executed.
18:58:19 INFO  : Context for processor 'ps7_cortexa9_0' is selected.
18:58:19 INFO  : The application 'E:/Git-Repos/CNC-FPGA/Vitis3/SD-UART/Debug/SD-UART.elf' is downloaded to processor 'ps7_cortexa9_0'.
18:58:19 INFO  : 'configparams force-mem-access 0' command is executed.
18:58:19 INFO  : ----------------XSDB Script----------------
connect -url tcp:127.0.0.1:3121
targets -set -nocase -filter {name =~"APU*"}
rst -system
after 3000
targets -set -filter {jtag_cable_name =~ "Digilent Zed 210248585425" && level==0 && jtag_device_ctx=="jsn-Zed-210248585425-23727093-0"}
fpga -file E:/Git-Repos/CNC-FPGA/Vitis3/SD-UART/_ide/bitstream/CNC_Top_wrapper.bit
targets -set -nocase -filter {name =~"APU*"}
loadhw -hw E:/Git-Repos/CNC-FPGA/Vitis3/CNC-PL6/export/CNC-PL6/hw/CNC_Top_wrapper.xsa -mem-ranges [list {0x40000000 0xbfffffff}] -regs
configparams force-mem-access 1
targets -set -nocase -filter {name =~"APU*"}
source E:/Git-Repos/CNC-FPGA/Vitis3/SD-UART/_ide/psinit/ps7_init.tcl
ps7_init
ps7_post_config
targets -set -nocase -filter {name =~ "*A9*#0"}
dow E:/Git-Repos/CNC-FPGA/Vitis3/SD-UART/Debug/SD-UART.elf
configparams force-mem-access 0
----------------End of Script----------------

18:58:19 INFO  : Context for processor 'ps7_cortexa9_0' is selected.
18:58:19 INFO  : 'con' command is executed.
18:58:19 INFO  : ----------------XSDB Script (After Launch)----------------
targets -set -nocase -filter {name =~ "*A9*#0"}
con
----------------End of Script----------------

18:58:19 INFO  : Launch script is exported to file 'E:\Git-Repos\CNC-FPGA\Vitis3\SD-UART_system\_ide\scripts\systemdebugger_sd-uart_system_8_standalone.tcl'
19:00:18 INFO  : Disconnected from the channel tcfchan#40.
19:00:19 INFO  : Connected to target on host '127.0.0.1' and port '3121'.
19:00:19 INFO  : Jtag cable 'Digilent Zed 210248585425' is selected.
19:00:19 INFO  : 'jtag frequency' command is executed.
19:00:19 INFO  : Context for 'APU' is selected.
19:00:19 INFO  : System reset is completed.
19:00:22 INFO  : 'after 3000' command is executed.
19:00:22 INFO  : 'targets -set -filter {jtag_cable_name =~ "Digilent Zed 210248585425" && level==0 && jtag_device_ctx=="jsn-Zed-210248585425-23727093-0"}' command is executed.
19:00:24 INFO  : Device configured successfully with "E:/Git-Repos/CNC-FPGA/Vitis3/SD-UART/_ide/bitstream/CNC_Top_wrapper.bit"
19:00:24 INFO  : Context for 'APU' is selected.
19:00:24 INFO  : Hardware design and registers information is loaded from 'E:/Git-Repos/CNC-FPGA/Vitis3/CNC-PL6/export/CNC-PL6/hw/CNC_Top_wrapper.xsa'.
19:00:24 INFO  : 'configparams force-mem-access 1' command is executed.
19:00:24 INFO  : Context for 'APU' is selected.
19:00:24 INFO  : Sourcing of 'E:/Git-Repos/CNC-FPGA/Vitis3/SD-UART/_ide/psinit/ps7_init.tcl' is done.
19:00:24 INFO  : 'ps7_init' command is executed.
19:00:24 INFO  : 'ps7_post_config' command is executed.
19:00:24 INFO  : Context for processor 'ps7_cortexa9_0' is selected.
19:00:25 INFO  : The application 'E:/Git-Repos/CNC-FPGA/Vitis3/SD-UART/Debug/SD-UART.elf' is downloaded to processor 'ps7_cortexa9_0'.
19:00:25 INFO  : 'configparams force-mem-access 0' command is executed.
19:00:25 INFO  : ----------------XSDB Script----------------
connect -url tcp:127.0.0.1:3121
targets -set -nocase -filter {name =~"APU*"}
rst -system
after 3000
targets -set -filter {jtag_cable_name =~ "Digilent Zed 210248585425" && level==0 && jtag_device_ctx=="jsn-Zed-210248585425-23727093-0"}
fpga -file E:/Git-Repos/CNC-FPGA/Vitis3/SD-UART/_ide/bitstream/CNC_Top_wrapper.bit
targets -set -nocase -filter {name =~"APU*"}
loadhw -hw E:/Git-Repos/CNC-FPGA/Vitis3/CNC-PL6/export/CNC-PL6/hw/CNC_Top_wrapper.xsa -mem-ranges [list {0x40000000 0xbfffffff}] -regs
configparams force-mem-access 1
targets -set -nocase -filter {name =~"APU*"}
source E:/Git-Repos/CNC-FPGA/Vitis3/SD-UART/_ide/psinit/ps7_init.tcl
ps7_init
ps7_post_config
targets -set -nocase -filter {name =~ "*A9*#0"}
dow E:/Git-Repos/CNC-FPGA/Vitis3/SD-UART/Debug/SD-UART.elf
configparams force-mem-access 0
----------------End of Script----------------

19:00:25 INFO  : Context for processor 'ps7_cortexa9_0' is selected.
19:00:25 INFO  : 'con' command is executed.
19:00:25 INFO  : ----------------XSDB Script (After Launch)----------------
targets -set -nocase -filter {name =~ "*A9*#0"}
con
----------------End of Script----------------

19:00:25 INFO  : Launch script is exported to file 'E:\Git-Repos\CNC-FPGA\Vitis3\SD-UART_system\_ide\scripts\systemdebugger_sd-uart_system_9_standalone.tcl'
19:01:21 WARN  : channel "tcfchan#40" closed
19:01:22 INFO  : Connected to target on host '127.0.0.1' and port '3121'.
19:01:22 INFO  : Jtag cable 'Digilent Zed 210248585425' is selected.
19:01:22 INFO  : 'jtag frequency' command is executed.
19:01:22 INFO  : Context for 'APU' is selected.
19:01:22 INFO  : System reset is completed.
19:01:25 INFO  : 'after 3000' command is executed.
19:01:25 INFO  : 'targets -set -filter {jtag_cable_name =~ "Digilent Zed 210248585425" && level==0 && jtag_device_ctx=="jsn-Zed-210248585425-23727093-0"}' command is executed.
19:01:27 INFO  : Device configured successfully with "E:/Git-Repos/CNC-FPGA/Vitis3/SD-UART/_ide/bitstream/CNC_Top_wrapper.bit"
19:01:27 INFO  : Context for 'APU' is selected.
19:01:27 INFO  : Hardware design and registers information is loaded from 'E:/Git-Repos/CNC-FPGA/Vitis3/CNC-PL6/export/CNC-PL6/hw/CNC_Top_wrapper.xsa'.
19:01:27 INFO  : 'configparams force-mem-access 1' command is executed.
19:01:27 INFO  : Context for 'APU' is selected.
19:01:27 INFO  : Sourcing of 'E:/Git-Repos/CNC-FPGA/Vitis3/SD-UART/_ide/psinit/ps7_init.tcl' is done.
19:01:27 INFO  : 'ps7_init' command is executed.
19:01:27 INFO  : 'ps7_post_config' command is executed.
19:01:27 INFO  : Context for processor 'ps7_cortexa9_0' is selected.
19:01:28 INFO  : The application 'E:/Git-Repos/CNC-FPGA/Vitis3/SD-UART/Debug/SD-UART.elf' is downloaded to processor 'ps7_cortexa9_0'.
19:01:28 INFO  : 'configparams force-mem-access 0' command is executed.
19:01:28 INFO  : ----------------XSDB Script----------------
connect -url tcp:127.0.0.1:3121
targets -set -nocase -filter {name =~"APU*"}
rst -system
after 3000
targets -set -filter {jtag_cable_name =~ "Digilent Zed 210248585425" && level==0 && jtag_device_ctx=="jsn-Zed-210248585425-23727093-0"}
fpga -file E:/Git-Repos/CNC-FPGA/Vitis3/SD-UART/_ide/bitstream/CNC_Top_wrapper.bit
targets -set -nocase -filter {name =~"APU*"}
loadhw -hw E:/Git-Repos/CNC-FPGA/Vitis3/CNC-PL6/export/CNC-PL6/hw/CNC_Top_wrapper.xsa -mem-ranges [list {0x40000000 0xbfffffff}] -regs
configparams force-mem-access 1
targets -set -nocase -filter {name =~"APU*"}
source E:/Git-Repos/CNC-FPGA/Vitis3/SD-UART/_ide/psinit/ps7_init.tcl
ps7_init
ps7_post_config
targets -set -nocase -filter {name =~ "*A9*#0"}
dow E:/Git-Repos/CNC-FPGA/Vitis3/SD-UART/Debug/SD-UART.elf
configparams force-mem-access 0
----------------End of Script----------------

19:01:28 INFO  : Context for processor 'ps7_cortexa9_0' is selected.
19:01:28 INFO  : 'con' command is executed.
19:01:28 INFO  : ----------------XSDB Script (After Launch)----------------
targets -set -nocase -filter {name =~ "*A9*#0"}
con
----------------End of Script----------------

19:01:28 INFO  : Launch script is exported to file 'E:\Git-Repos\CNC-FPGA\Vitis3\SD-UART_system\_ide\scripts\systemdebugger_sd-uart_system_10_standalone.tcl'
19:02:10 INFO  : Disconnected from the channel tcfchan#41.
19:02:11 INFO  : Connected to target on host '127.0.0.1' and port '3121'.
19:02:12 INFO  : Jtag cable 'Digilent Zed 210248585425' is selected.
19:02:12 INFO  : 'jtag frequency' command is executed.
19:02:12 INFO  : Context for 'APU' is selected.
19:02:12 INFO  : System reset is completed.
19:02:15 INFO  : 'after 3000' command is executed.
19:02:15 INFO  : 'targets -set -filter {jtag_cable_name =~ "Digilent Zed 210248585425" && level==0 && jtag_device_ctx=="jsn-Zed-210248585425-23727093-0"}' command is executed.
19:02:17 INFO  : Device configured successfully with "E:/Git-Repos/CNC-FPGA/Vitis3/SD-UART/_ide/bitstream/CNC_Top_wrapper.bit"
19:02:17 INFO  : Context for 'APU' is selected.
19:02:17 INFO  : Hardware design and registers information is loaded from 'E:/Git-Repos/CNC-FPGA/Vitis3/CNC-PL6/export/CNC-PL6/hw/CNC_Top_wrapper.xsa'.
19:02:17 INFO  : 'configparams force-mem-access 1' command is executed.
19:02:17 INFO  : Context for 'APU' is selected.
19:02:17 INFO  : Sourcing of 'E:/Git-Repos/CNC-FPGA/Vitis3/SD-UART/_ide/psinit/ps7_init.tcl' is done.
19:02:17 INFO  : 'ps7_init' command is executed.
19:02:17 INFO  : 'ps7_post_config' command is executed.
19:02:17 INFO  : Context for processor 'ps7_cortexa9_0' is selected.
19:02:17 INFO  : The application 'E:/Git-Repos/CNC-FPGA/Vitis3/SD-UART/Debug/SD-UART.elf' is downloaded to processor 'ps7_cortexa9_0'.
19:02:17 INFO  : 'configparams force-mem-access 0' command is executed.
19:02:17 INFO  : ----------------XSDB Script----------------
connect -url tcp:127.0.0.1:3121
targets -set -nocase -filter {name =~"APU*"}
rst -system
after 3000
targets -set -filter {jtag_cable_name =~ "Digilent Zed 210248585425" && level==0 && jtag_device_ctx=="jsn-Zed-210248585425-23727093-0"}
fpga -file E:/Git-Repos/CNC-FPGA/Vitis3/SD-UART/_ide/bitstream/CNC_Top_wrapper.bit
targets -set -nocase -filter {name =~"APU*"}
loadhw -hw E:/Git-Repos/CNC-FPGA/Vitis3/CNC-PL6/export/CNC-PL6/hw/CNC_Top_wrapper.xsa -mem-ranges [list {0x40000000 0xbfffffff}] -regs
configparams force-mem-access 1
targets -set -nocase -filter {name =~"APU*"}
source E:/Git-Repos/CNC-FPGA/Vitis3/SD-UART/_ide/psinit/ps7_init.tcl
ps7_init
ps7_post_config
targets -set -nocase -filter {name =~ "*A9*#0"}
dow E:/Git-Repos/CNC-FPGA/Vitis3/SD-UART/Debug/SD-UART.elf
configparams force-mem-access 0
----------------End of Script----------------

19:02:18 INFO  : Context for processor 'ps7_cortexa9_0' is selected.
19:02:18 INFO  : 'con' command is executed.
19:02:18 INFO  : ----------------XSDB Script (After Launch)----------------
targets -set -nocase -filter {name =~ "*A9*#0"}
con
----------------End of Script----------------

19:02:18 INFO  : Launch script is exported to file 'E:\Git-Repos\CNC-FPGA\Vitis3\SD-UART_system\_ide\scripts\systemdebugger_sd-uart_system_11_standalone.tcl'
19:29:06 INFO  : Result from executing command 'getProjects': CNC-PL5;CNC-PL6;CNC-PL7
19:29:06 INFO  : Result from executing command 'getPlatforms': CNC-PL5|E:/Git-Repos/CNC-FPGA/Vitis3/CNC-PL5/export/CNC-PL5/CNC-PL5.xpfm;xilinx_zcu102_base_202420_1|C:/Xilinx/Vitis/2024.2/base_platforms/xilinx_zcu102_base_202420_1/xilinx_zcu102_base_202420_1.xpfm;xilinx_zcu102_base_dfx_202420_1|C:/Xilinx/Vitis/2024.2/base_platforms/xilinx_zcu102_base_dfx_202420_1/xilinx_zcu102_base_dfx_202420_1.xpfm;xilinx_zcu104_base_202420_1|C:/Xilinx/Vitis/2024.2/base_platforms/xilinx_zcu104_base_202420_1/xilinx_zcu104_base_202420_1.xpfm
19:30:39 INFO  : The hardware specification used by project 'SD-UART' is out of sync with the platform. Resource files extracted from the hardware specification will be updated.
19:30:41 INFO  : The file 'E:\Git-Repos\CNC-FPGA\Vitis3\SD-UART\_ide\bitstream\CNC_Top_wrapper.bit' stored in project is removed.
19:30:41 INFO  : The updated bitstream files are copied from platform to folder 'E:\Git-Repos\CNC-FPGA\Vitis3\SD-UART\_ide\bitstream' in project 'SD-UART'.
19:30:41 INFO  : The file 'E:\Git-Repos\CNC-FPGA\Vitis3\SD-UART\_ide\psinit\ps7_init.tcl' stored in project is removed.
19:30:47 INFO  : The updated ps init files are copied from platform to folder 'E:\Git-Repos\CNC-FPGA\Vitis3\SD-UART\_ide\psinit' in project 'SD-UART'.
19:31:43 INFO  : Result from executing command 'getProjects': CNC-PL5;CNC-PL6;CNC-PL7
19:31:43 INFO  : Result from executing command 'getPlatforms': CNC-PL5|E:/Git-Repos/CNC-FPGA/Vitis3/CNC-PL5/export/CNC-PL5/CNC-PL5.xpfm;CNC-PL6|E:/Git-Repos/CNC-FPGA/Vitis3/CNC-PL6/export/CNC-PL6/CNC-PL6.xpfm;CNC-PL7|E:/Git-Repos/CNC-FPGA/Vitis3/CNC-PL7/export/CNC-PL7/CNC-PL7.xpfm;xilinx_zcu102_base_202420_1|C:/Xilinx/Vitis/2024.2/base_platforms/xilinx_zcu102_base_202420_1/xilinx_zcu102_base_202420_1.xpfm;xilinx_zcu102_base_dfx_202420_1|C:/Xilinx/Vitis/2024.2/base_platforms/xilinx_zcu102_base_dfx_202420_1/xilinx_zcu102_base_dfx_202420_1.xpfm;xilinx_zcu104_base_202420_1|C:/Xilinx/Vitis/2024.2/base_platforms/xilinx_zcu104_base_202420_1/xilinx_zcu104_base_202420_1.xpfm
19:31:49 INFO  : Checking for BSP changes to sync application flags for project 'SD-UART'...
19:31:49 INFO  : Updating application flags with new BSP settings...
19:31:49 INFO  : Successfully updated application flags for project SD-UART.
19:32:42 INFO  : No changes in MSS file content so sources will not be generated.
19:33:06 INFO  : Result from executing command 'removePlatformRepo': 
19:33:15 ERROR : Error from executing command 'removePlatformRepo': ERROR: No valid directory exists at given path.
19:33:34 INFO  : Result from executing command 'getProjects': CNC-PL7
19:33:34 INFO  : Result from executing command 'getPlatforms': xilinx_zcu102_base_202420_1|C:/Xilinx/Vitis/2024.2/base_platforms/xilinx_zcu102_base_202420_1/xilinx_zcu102_base_202420_1.xpfm;xilinx_zcu102_base_dfx_202420_1|C:/Xilinx/Vitis/2024.2/base_platforms/xilinx_zcu102_base_dfx_202420_1/xilinx_zcu102_base_dfx_202420_1.xpfm;xilinx_zcu104_base_202420_1|C:/Xilinx/Vitis/2024.2/base_platforms/xilinx_zcu104_base_202420_1/xilinx_zcu104_base_202420_1.xpfm
19:33:39 INFO  : Checking for BSP changes to sync application flags for project 'SD-UART'...
19:33:39 INFO  : Updating application flags with new BSP settings...
19:33:39 INFO  : Successfully updated application flags for project SD-UART.
19:34:11 WARN  : channel "tcfchan#41" closed
19:34:12 INFO  : Connected to target on host '127.0.0.1' and port '3121'.
19:34:30 INFO  : ----------------XSDB Script----------------
connect -url tcp:127.0.0.1:3121
----------------End of Script----------------

19:34:30 ERROR : Could not find ARM device on the board for connection 'Local'.
Check if the target is in:
1. Split JTAG - No operations are possible with ARM DAP.
2. Non JTAG bootmode - Bootrom may need time to enable DAP.
Please try again.


Troubleshooting hints:
1. Check whether board is connected to system properly.
2. In case of zynq board, check whether Digilent/Xilinx cable switch settings are correct.
3. If you are using Xilinx Platform Cable USB, ensure that status LED is green.
19:34:42 INFO  : Disconnected from the channel tcfchan#42.
19:34:43 INFO  : Connected to target on host '127.0.0.1' and port '3121'.
19:34:44 INFO  : Jtag cable 'Digilent Zed 210248585425' is selected.
19:34:44 INFO  : 'jtag frequency' command is executed.
19:34:44 INFO  : Context for 'APU' is selected.
19:34:44 INFO  : System reset is completed.
19:34:47 INFO  : 'after 3000' command is executed.
19:34:47 INFO  : 'targets -set -filter {jtag_cable_name =~ "Digilent Zed 210248585425" && level==0 && jtag_device_ctx=="jsn-Zed-210248585425-23727093-0"}' command is executed.
19:34:49 INFO  : Device configured successfully with "E:/Git-Repos/CNC-FPGA/Vitis3/SD-UART/_ide/bitstream/CNC_Top_wrapper.bit"
19:34:49 INFO  : Context for 'APU' is selected.
19:34:49 INFO  : Hardware design and registers information is loaded from 'E:/Git-Repos/CNC-FPGA/Vitis3/CNC-PL7/export/CNC-PL7/hw/CNC_Top_wrapper.xsa'.
19:34:49 INFO  : 'configparams force-mem-access 1' command is executed.
19:34:49 INFO  : Context for 'APU' is selected.
19:34:49 INFO  : Sourcing of 'E:/Git-Repos/CNC-FPGA/Vitis3/SD-UART/_ide/psinit/ps7_init.tcl' is done.
19:34:50 INFO  : 'ps7_init' command is executed.
19:34:50 INFO  : 'ps7_post_config' command is executed.
19:34:50 INFO  : Context for processor 'ps7_cortexa9_0' is selected.
19:34:50 INFO  : The application 'E:/Git-Repos/CNC-FPGA/Vitis3/SD-UART/Debug/SD-UART.elf' is downloaded to processor 'ps7_cortexa9_0'.
19:34:50 INFO  : 'configparams force-mem-access 0' command is executed.
19:34:50 INFO  : ----------------XSDB Script----------------
connect -url tcp:127.0.0.1:3121
targets -set -nocase -filter {name =~"APU*"}
rst -system
after 3000
targets -set -filter {jtag_cable_name =~ "Digilent Zed 210248585425" && level==0 && jtag_device_ctx=="jsn-Zed-210248585425-23727093-0"}
fpga -file E:/Git-Repos/CNC-FPGA/Vitis3/SD-UART/_ide/bitstream/CNC_Top_wrapper.bit
targets -set -nocase -filter {name =~"APU*"}
loadhw -hw E:/Git-Repos/CNC-FPGA/Vitis3/CNC-PL7/export/CNC-PL7/hw/CNC_Top_wrapper.xsa -mem-ranges [list {0x40000000 0xbfffffff}] -regs
configparams force-mem-access 1
targets -set -nocase -filter {name =~"APU*"}
source E:/Git-Repos/CNC-FPGA/Vitis3/SD-UART/_ide/psinit/ps7_init.tcl
ps7_init
ps7_post_config
targets -set -nocase -filter {name =~ "*A9*#0"}
dow E:/Git-Repos/CNC-FPGA/Vitis3/SD-UART/Debug/SD-UART.elf
configparams force-mem-access 0
----------------End of Script----------------

19:34:50 INFO  : Context for processor 'ps7_cortexa9_0' is selected.
19:34:50 INFO  : 'con' command is executed.
19:34:50 INFO  : ----------------XSDB Script (After Launch)----------------
targets -set -nocase -filter {name =~ "*A9*#0"}
con
----------------End of Script----------------

19:34:50 INFO  : Launch script is exported to file 'E:\Git-Repos\CNC-FPGA\Vitis3\SD-UART_system\_ide\scripts\systemdebugger_sd-uart_system_standalone.tcl'
19:36:44 INFO  : Checking for BSP changes to sync application flags for project 'SD-UART'...
19:37:21 INFO  : Checking for BSP changes to sync application flags for project 'SD-UART'...
19:37:39 INFO  : Disconnected from the channel tcfchan#48.
19:37:39 INFO  : Connected to target on host '127.0.0.1' and port '3121'.
19:37:39 INFO  : Jtag cable 'Digilent Zed 210248585425' is selected.
19:37:39 INFO  : 'jtag frequency' command is executed.
19:37:39 INFO  : Context for 'APU' is selected.
19:37:39 INFO  : System reset is completed.
19:37:42 INFO  : 'after 3000' command is executed.
19:37:42 INFO  : 'targets -set -filter {jtag_cable_name =~ "Digilent Zed 210248585425" && level==0 && jtag_device_ctx=="jsn-Zed-210248585425-23727093-0"}' command is executed.
19:37:45 INFO  : Device configured successfully with "E:/Git-Repos/CNC-FPGA/Vitis3/SD-UART/_ide/bitstream/CNC_Top_wrapper.bit"
19:37:45 INFO  : Context for 'APU' is selected.
19:37:45 INFO  : Hardware design and registers information is loaded from 'E:/Git-Repos/CNC-FPGA/Vitis3/CNC-PL7/export/CNC-PL7/hw/CNC_Top_wrapper.xsa'.
19:37:45 INFO  : 'configparams force-mem-access 1' command is executed.
19:37:45 INFO  : Context for 'APU' is selected.
19:37:45 INFO  : Sourcing of 'E:/Git-Repos/CNC-FPGA/Vitis3/SD-UART/_ide/psinit/ps7_init.tcl' is done.
19:37:45 INFO  : 'ps7_init' command is executed.
19:37:45 INFO  : 'ps7_post_config' command is executed.
19:37:45 INFO  : Context for processor 'ps7_cortexa9_0' is selected.
19:37:45 INFO  : The application 'E:/Git-Repos/CNC-FPGA/Vitis3/SD-UART/Debug/SD-UART.elf' is downloaded to processor 'ps7_cortexa9_0'.
19:37:45 INFO  : 'configparams force-mem-access 0' command is executed.
19:37:45 INFO  : ----------------XSDB Script----------------
connect -url tcp:127.0.0.1:3121
targets -set -nocase -filter {name =~"APU*"}
rst -system
after 3000
targets -set -filter {jtag_cable_name =~ "Digilent Zed 210248585425" && level==0 && jtag_device_ctx=="jsn-Zed-210248585425-23727093-0"}
fpga -file E:/Git-Repos/CNC-FPGA/Vitis3/SD-UART/_ide/bitstream/CNC_Top_wrapper.bit
targets -set -nocase -filter {name =~"APU*"}
loadhw -hw E:/Git-Repos/CNC-FPGA/Vitis3/CNC-PL7/export/CNC-PL7/hw/CNC_Top_wrapper.xsa -mem-ranges [list {0x40000000 0xbfffffff}] -regs
configparams force-mem-access 1
targets -set -nocase -filter {name =~"APU*"}
source E:/Git-Repos/CNC-FPGA/Vitis3/SD-UART/_ide/psinit/ps7_init.tcl
ps7_init
ps7_post_config
targets -set -nocase -filter {name =~ "*A9*#0"}
dow E:/Git-Repos/CNC-FPGA/Vitis3/SD-UART/Debug/SD-UART.elf
configparams force-mem-access 0
----------------End of Script----------------

19:37:45 INFO  : Context for processor 'ps7_cortexa9_0' is selected.
19:37:45 INFO  : 'con' command is executed.
19:37:45 INFO  : ----------------XSDB Script (After Launch)----------------
targets -set -nocase -filter {name =~ "*A9*#0"}
con
----------------End of Script----------------

19:37:45 INFO  : Launch script is exported to file 'E:\Git-Repos\CNC-FPGA\Vitis3\SD-UART_system\_ide\scripts\systemdebugger_sd-uart_system_standalone.tcl'
19:38:37 INFO  : Disconnected from the channel tcfchan#51.
19:38:37 INFO  : Connected to target on host '127.0.0.1' and port '3121'.
19:38:37 INFO  : Jtag cable 'Digilent Zed 210248585425' is selected.
19:38:37 INFO  : 'jtag frequency' command is executed.
19:38:37 INFO  : Context for 'APU' is selected.
19:38:37 INFO  : System reset is completed.
19:38:40 INFO  : 'after 3000' command is executed.
19:38:40 INFO  : 'targets -set -filter {jtag_cable_name =~ "Digilent Zed 210248585425" && level==0 && jtag_device_ctx=="jsn-Zed-210248585425-23727093-0"}' command is executed.
19:38:42 INFO  : Device configured successfully with "E:/Git-Repos/CNC-FPGA/Vitis3/SD-UART/_ide/bitstream/CNC_Top_wrapper.bit"
19:38:42 INFO  : Context for 'APU' is selected.
19:38:42 INFO  : Hardware design and registers information is loaded from 'E:/Git-Repos/CNC-FPGA/Vitis3/CNC-PL7/export/CNC-PL7/hw/CNC_Top_wrapper.xsa'.
19:38:42 INFO  : 'configparams force-mem-access 1' command is executed.
19:38:42 INFO  : Context for 'APU' is selected.
19:38:42 INFO  : Sourcing of 'E:/Git-Repos/CNC-FPGA/Vitis3/SD-UART/_ide/psinit/ps7_init.tcl' is done.
19:38:43 INFO  : 'ps7_init' command is executed.
19:38:43 INFO  : 'ps7_post_config' command is executed.
19:38:43 INFO  : Context for processor 'ps7_cortexa9_0' is selected.
19:38:43 INFO  : The application 'E:/Git-Repos/CNC-FPGA/Vitis3/SD-UART/Debug/SD-UART.elf' is downloaded to processor 'ps7_cortexa9_0'.
19:38:43 INFO  : 'configparams force-mem-access 0' command is executed.
19:38:43 INFO  : ----------------XSDB Script----------------
connect -url tcp:127.0.0.1:3121
targets -set -nocase -filter {name =~"APU*"}
rst -system
after 3000
targets -set -filter {jtag_cable_name =~ "Digilent Zed 210248585425" && level==0 && jtag_device_ctx=="jsn-Zed-210248585425-23727093-0"}
fpga -file E:/Git-Repos/CNC-FPGA/Vitis3/SD-UART/_ide/bitstream/CNC_Top_wrapper.bit
targets -set -nocase -filter {name =~"APU*"}
loadhw -hw E:/Git-Repos/CNC-FPGA/Vitis3/CNC-PL7/export/CNC-PL7/hw/CNC_Top_wrapper.xsa -mem-ranges [list {0x40000000 0xbfffffff}] -regs
configparams force-mem-access 1
targets -set -nocase -filter {name =~"APU*"}
source E:/Git-Repos/CNC-FPGA/Vitis3/SD-UART/_ide/psinit/ps7_init.tcl
ps7_init
ps7_post_config
targets -set -nocase -filter {name =~ "*A9*#0"}
dow E:/Git-Repos/CNC-FPGA/Vitis3/SD-UART/Debug/SD-UART.elf
configparams force-mem-access 0
----------------End of Script----------------

19:38:43 INFO  : Context for processor 'ps7_cortexa9_0' is selected.
19:38:43 INFO  : 'con' command is executed.
19:38:43 INFO  : ----------------XSDB Script (After Launch)----------------
targets -set -nocase -filter {name =~ "*A9*#0"}
con
----------------End of Script----------------

19:38:43 INFO  : Launch script is exported to file 'E:\Git-Repos\CNC-FPGA\Vitis3\SD-UART_system\_ide\scripts\systemdebugger_sd-uart_system_standalone.tcl'
22:36:59 INFO  : Result from executing command 'getProjects': CNC-PL7;CNC-PL8
22:36:59 INFO  : Result from executing command 'getPlatforms': CNC-PL7|E:/Git-Repos/CNC-FPGA/Vitis3/CNC-PL7/export/CNC-PL7/CNC-PL7.xpfm;xilinx_zcu102_base_202420_1|C:/Xilinx/Vitis/2024.2/base_platforms/xilinx_zcu102_base_202420_1/xilinx_zcu102_base_202420_1.xpfm;xilinx_zcu102_base_dfx_202420_1|C:/Xilinx/Vitis/2024.2/base_platforms/xilinx_zcu102_base_dfx_202420_1/xilinx_zcu102_base_dfx_202420_1.xpfm;xilinx_zcu104_base_202420_1|C:/Xilinx/Vitis/2024.2/base_platforms/xilinx_zcu104_base_202420_1/xilinx_zcu104_base_202420_1.xpfm
22:37:27 INFO  : No changes in MSS file content so sources will not be generated.
22:38:00 INFO  : The hardware specification used by project 'SD-UART' is out of sync with the platform. Resource files extracted from the hardware specification will be updated.
22:38:02 INFO  : The file 'E:\Git-Repos\CNC-FPGA\Vitis3\SD-UART\_ide\bitstream\CNC_Top_wrapper.bit' stored in project is removed.
22:38:02 INFO  : The updated bitstream files are copied from platform to folder 'E:\Git-Repos\CNC-FPGA\Vitis3\SD-UART\_ide\bitstream' in project 'SD-UART'.
22:38:02 INFO  : The file 'E:\Git-Repos\CNC-FPGA\Vitis3\SD-UART\_ide\psinit\ps7_init.tcl' stored in project is removed.
22:38:07 INFO  : The updated ps init files are copied from platform to folder 'E:\Git-Repos\CNC-FPGA\Vitis3\SD-UART\_ide\psinit' in project 'SD-UART'.
22:38:35 INFO  : Result from executing command 'getProjects': CNC-PL7;CNC-PL8
22:38:35 INFO  : Result from executing command 'getPlatforms': CNC-PL7|E:/Git-Repos/CNC-FPGA/Vitis3/CNC-PL7/export/CNC-PL7/CNC-PL7.xpfm;CNC-PL8|E:/Git-Repos/CNC-FPGA/Vitis3/CNC-PL8/export/CNC-PL8/CNC-PL8.xpfm;xilinx_zcu102_base_202420_1|C:/Xilinx/Vitis/2024.2/base_platforms/xilinx_zcu102_base_202420_1/xilinx_zcu102_base_202420_1.xpfm;xilinx_zcu102_base_dfx_202420_1|C:/Xilinx/Vitis/2024.2/base_platforms/xilinx_zcu102_base_dfx_202420_1/xilinx_zcu102_base_dfx_202420_1.xpfm;xilinx_zcu104_base_202420_1|C:/Xilinx/Vitis/2024.2/base_platforms/xilinx_zcu104_base_202420_1/xilinx_zcu104_base_202420_1.xpfm
22:38:43 INFO  : Result from executing command 'removePlatformRepo': 
22:39:08 INFO  : Result from executing command 'getProjects': CNC-PL7;CNC-PL8
22:39:08 INFO  : Result from executing command 'getPlatforms': CNC-PL7|E:/Git-Repos/CNC-FPGA/Vitis3/CNC-PL7/export/CNC-PL7/CNC-PL7.xpfm;xilinx_zcu102_base_202420_1|C:/Xilinx/Vitis/2024.2/base_platforms/xilinx_zcu102_base_202420_1/xilinx_zcu102_base_202420_1.xpfm;xilinx_zcu102_base_dfx_202420_1|C:/Xilinx/Vitis/2024.2/base_platforms/xilinx_zcu102_base_dfx_202420_1/xilinx_zcu102_base_dfx_202420_1.xpfm;xilinx_zcu104_base_202420_1|C:/Xilinx/Vitis/2024.2/base_platforms/xilinx_zcu104_base_202420_1/xilinx_zcu104_base_202420_1.xpfm
22:39:09 INFO  : Checking for BSP changes to sync application flags for project 'SD-UART'...
22:39:09 INFO  : Updating application flags with new BSP settings...
22:39:09 INFO  : Successfully updated application flags for project SD-UART.
22:41:22 INFO  : Disconnected from the channel tcfchan#52.
22:41:23 INFO  : Connected to target on host '127.0.0.1' and port '3121'.
22:41:32 INFO  : ----------------XSDB Script----------------
connect -url tcp:127.0.0.1:3121
----------------End of Script----------------

22:41:32 ERROR : Could not find ARM device on the board for connection 'Local'.
Check if the target is in:
1. Split JTAG - No operations are possible with ARM DAP.
2. Non JTAG bootmode - Bootrom may need time to enable DAP.
Please try again.


Troubleshooting hints:
1. Check whether board is connected to system properly.
2. In case of zynq board, check whether Digilent/Xilinx cable switch settings are correct.
3. If you are using Xilinx Platform Cable USB, ensure that status LED is green.
22:43:47 INFO  : Result from executing command 'removePlatformRepo': 
22:44:16 INFO  : Result from executing command 'getProjects': CNC-PL7;CNC-PL8
22:44:16 INFO  : Result from executing command 'getPlatforms': CNC-PL7|E:/Git-Repos/CNC-FPGA/Vitis3/CNC-PL7/export/CNC-PL7/CNC-PL7.xpfm;xilinx_zcu102_base_202420_1|C:/Xilinx/Vitis/2024.2/base_platforms/xilinx_zcu102_base_202420_1/xilinx_zcu102_base_202420_1.xpfm;xilinx_zcu102_base_dfx_202420_1|C:/Xilinx/Vitis/2024.2/base_platforms/xilinx_zcu102_base_dfx_202420_1/xilinx_zcu102_base_dfx_202420_1.xpfm;xilinx_zcu104_base_202420_1|C:/Xilinx/Vitis/2024.2/base_platforms/xilinx_zcu104_base_202420_1/xilinx_zcu104_base_202420_1.xpfm
22:44:16 INFO  : Checking for BSP changes to sync application flags for project 'SD-UART'...
22:44:35 INFO  : Connected to target on host '127.0.0.1' and port '3121'.
22:44:35 INFO  : Jtag cable 'Digilent Zed 210248585425' is selected.
22:44:35 INFO  : 'jtag frequency' command is executed.
22:44:35 INFO  : Context for 'APU' is selected.
22:44:35 INFO  : System reset is completed.
22:44:38 INFO  : 'after 3000' command is executed.
22:44:38 INFO  : 'targets -set -filter {jtag_cable_name =~ "Digilent Zed 210248585425" && level==0 && jtag_device_ctx=="jsn-Zed-210248585425-23727093-0"}' command is executed.
22:44:40 INFO  : Device configured successfully with "E:/Git-Repos/CNC-FPGA/Vitis3/SD-UART/_ide/bitstream/CNC_Top_wrapper.bit"
22:44:40 INFO  : Context for 'APU' is selected.
22:44:40 INFO  : Hardware design and registers information is loaded from 'E:/Git-Repos/CNC-FPGA/Vitis3/CNC-PL8/export/CNC-PL8/hw/CNC_Top_wrapper.xsa'.
22:44:40 INFO  : 'configparams force-mem-access 1' command is executed.
22:44:40 INFO  : Context for 'APU' is selected.
22:44:41 INFO  : Sourcing of 'E:/Git-Repos/CNC-FPGA/Vitis3/SD-UART/_ide/psinit/ps7_init.tcl' is done.
22:44:41 INFO  : 'ps7_init' command is executed.
22:44:41 INFO  : 'ps7_post_config' command is executed.
22:44:41 INFO  : Context for processor 'ps7_cortexa9_0' is selected.
22:44:41 INFO  : The application 'E:/Git-Repos/CNC-FPGA/Vitis3/SD-UART/Debug/SD-UART.elf' is downloaded to processor 'ps7_cortexa9_0'.
22:44:41 INFO  : 'configparams force-mem-access 0' command is executed.
22:44:41 INFO  : ----------------XSDB Script----------------
connect -url tcp:127.0.0.1:3121
targets -set -nocase -filter {name =~"APU*"}
rst -system
after 3000
targets -set -filter {jtag_cable_name =~ "Digilent Zed 210248585425" && level==0 && jtag_device_ctx=="jsn-Zed-210248585425-23727093-0"}
fpga -file E:/Git-Repos/CNC-FPGA/Vitis3/SD-UART/_ide/bitstream/CNC_Top_wrapper.bit
targets -set -nocase -filter {name =~"APU*"}
loadhw -hw E:/Git-Repos/CNC-FPGA/Vitis3/CNC-PL8/export/CNC-PL8/hw/CNC_Top_wrapper.xsa -mem-ranges [list {0x40000000 0xbfffffff}] -regs
configparams force-mem-access 1
targets -set -nocase -filter {name =~"APU*"}
source E:/Git-Repos/CNC-FPGA/Vitis3/SD-UART/_ide/psinit/ps7_init.tcl
ps7_init
ps7_post_config
targets -set -nocase -filter {name =~ "*A9*#0"}
dow E:/Git-Repos/CNC-FPGA/Vitis3/SD-UART/Debug/SD-UART.elf
configparams force-mem-access 0
----------------End of Script----------------

22:44:41 INFO  : Context for processor 'ps7_cortexa9_0' is selected.
22:44:41 INFO  : 'con' command is executed.
22:44:41 INFO  : ----------------XSDB Script (After Launch)----------------
targets -set -nocase -filter {name =~ "*A9*#0"}
con
----------------End of Script----------------

22:44:41 INFO  : Launch script is exported to file 'E:\Git-Repos\CNC-FPGA\Vitis3\SD-UART_system\_ide\scripts\systemdebugger_sd-uart_system_2_standalone.tcl'
23:01:45 INFO  : Disconnected from the channel tcfchan#57.
23:06:10 DEBUG : Logs will be stored at 'E:/Git-Repos/CNC-FPGA/Vitis3/IDE.log'.
23:06:11 INFO  : Launching XSCT server: xsct.bat -n  -interactive E:\Git-Repos\CNC-FPGA\Vitis3\temp_xsdb_launch_script.tcl
23:06:14 INFO  : XSCT server has started successfully.
23:06:14 INFO  : Successfully done setting XSCT server connection channel  
23:06:15 INFO  : Registering command handlers for Vitis TCF services
23:06:15 INFO  : Platform repository initialization has completed.
23:06:17 INFO  : plnx-install-location is set to ''
23:06:17 INFO  : Successfully done setting workspace for the tool. 
23:06:17 INFO  : Successfully done query RDI_DATADIR 
23:06:41 ERROR : Failed to update hardware specification for project 'CNC-PL8'.
Reason: Failed to execute command 'platform config -updatehw {E:/Git-Repos/CNC-FPGA/Zedboard-CNC/CNC_Top_wrapper.xsa}'. Click on details for more information.
23:09:21 INFO  : Result from executing command 'getProjects': CNC-PL7;CNC-PL8;CNC-PL9
23:09:21 INFO  : Result from executing command 'getPlatforms': CNC-PL7|E:/Git-Repos/CNC-FPGA/Vitis3/CNC-PL7/export/CNC-PL7/CNC-PL7.xpfm;CNC-PL8|E:/Git-Repos/CNC-FPGA/Vitis3/CNC-PL8/export/CNC-PL8/CNC-PL8.xpfm;xilinx_zcu102_base_202420_1|C:/Xilinx/Vitis/2024.2/base_platforms/xilinx_zcu102_base_202420_1/xilinx_zcu102_base_202420_1.xpfm;xilinx_zcu102_base_dfx_202420_1|C:/Xilinx/Vitis/2024.2/base_platforms/xilinx_zcu102_base_dfx_202420_1/xilinx_zcu102_base_dfx_202420_1.xpfm;xilinx_zcu104_base_202420_1|C:/Xilinx/Vitis/2024.2/base_platforms/xilinx_zcu104_base_202420_1/xilinx_zcu104_base_202420_1.xpfm
23:09:53 INFO  : No changes in MSS file content so sources will not be generated.
23:10:02 INFO  : The hardware specification used by project 'SD-UART' is out of sync with the platform. Resource files extracted from the hardware specification will be updated.
23:10:05 INFO  : The file 'E:\Git-Repos\CNC-FPGA\Vitis3\SD-UART\_ide\bitstream\CNC_Top_wrapper.bit' stored in project is removed.
23:10:05 INFO  : The updated bitstream files are copied from platform to folder 'E:\Git-Repos\CNC-FPGA\Vitis3\SD-UART\_ide\bitstream' in project 'SD-UART'.
23:10:05 INFO  : The file 'E:\Git-Repos\CNC-FPGA\Vitis3\SD-UART\_ide\psinit\ps7_init.tcl' stored in project is removed.
23:10:10 INFO  : The updated ps init files are copied from platform to folder 'E:\Git-Repos\CNC-FPGA\Vitis3\SD-UART\_ide\psinit' in project 'SD-UART'.
23:10:36 INFO  : Result from executing command 'getProjects': CNC-PL7;CNC-PL8;CNC-PL9
23:10:36 INFO  : Result from executing command 'getPlatforms': CNC-PL7|E:/Git-Repos/CNC-FPGA/Vitis3/CNC-PL7/export/CNC-PL7/CNC-PL7.xpfm;CNC-PL8|E:/Git-Repos/CNC-FPGA/Vitis3/CNC-PL8/export/CNC-PL8/CNC-PL8.xpfm;CNC-PL9|E:/Git-Repos/CNC-FPGA/Vitis3/CNC-PL9/export/CNC-PL9/CNC-PL9.xpfm;xilinx_zcu102_base_202420_1|C:/Xilinx/Vitis/2024.2/base_platforms/xilinx_zcu102_base_202420_1/xilinx_zcu102_base_202420_1.xpfm;xilinx_zcu102_base_dfx_202420_1|C:/Xilinx/Vitis/2024.2/base_platforms/xilinx_zcu102_base_dfx_202420_1/xilinx_zcu102_base_dfx_202420_1.xpfm;xilinx_zcu104_base_202420_1|C:/Xilinx/Vitis/2024.2/base_platforms/xilinx_zcu104_base_202420_1/xilinx_zcu104_base_202420_1.xpfm
23:10:49 INFO  : Checking for BSP changes to sync application flags for project 'SD-UART'...
23:11:02 INFO  : Connected to target on host '127.0.0.1' and port '3121'.
23:11:02 INFO  : Jtag cable 'Digilent Zed 210248585425' is selected.
23:11:02 INFO  : 'jtag frequency' command is executed.
23:11:02 INFO  : Context for 'APU' is selected.
23:11:02 INFO  : System reset is completed.
23:11:05 INFO  : 'after 3000' command is executed.
23:11:05 INFO  : 'targets -set -filter {jtag_cable_name =~ "Digilent Zed 210248585425" && level==0 && jtag_device_ctx=="jsn-Zed-210248585425-23727093-0"}' command is executed.
23:11:08 INFO  : Device configured successfully with "E:/Git-Repos/CNC-FPGA/Vitis3/SD-UART/_ide/bitstream/CNC_Top_wrapper.bit"
23:11:08 INFO  : Context for 'APU' is selected.
23:11:08 INFO  : Hardware design and registers information is loaded from 'E:/Git-Repos/CNC-FPGA/Vitis3/CNC-PL9/export/CNC-PL9/hw/CNC_Top_wrapper.xsa'.
23:11:08 INFO  : 'configparams force-mem-access 1' command is executed.
23:11:08 INFO  : Context for 'APU' is selected.
23:11:08 INFO  : Sourcing of 'E:/Git-Repos/CNC-FPGA/Vitis3/SD-UART/_ide/psinit/ps7_init.tcl' is done.
23:11:08 INFO  : 'ps7_init' command is executed.
23:11:08 INFO  : 'ps7_post_config' command is executed.
23:11:08 INFO  : Context for processor 'ps7_cortexa9_0' is selected.
23:11:08 INFO  : The application 'E:/Git-Repos/CNC-FPGA/Vitis3/SD-UART/Debug/SD-UART.elf' is downloaded to processor 'ps7_cortexa9_0'.
23:11:08 INFO  : 'configparams force-mem-access 0' command is executed.
23:11:08 INFO  : ----------------XSDB Script----------------
connect -url tcp:127.0.0.1:3121
targets -set -nocase -filter {name =~"APU*"}
rst -system
after 3000
targets -set -filter {jtag_cable_name =~ "Digilent Zed 210248585425" && level==0 && jtag_device_ctx=="jsn-Zed-210248585425-23727093-0"}
fpga -file E:/Git-Repos/CNC-FPGA/Vitis3/SD-UART/_ide/bitstream/CNC_Top_wrapper.bit
targets -set -nocase -filter {name =~"APU*"}
loadhw -hw E:/Git-Repos/CNC-FPGA/Vitis3/CNC-PL9/export/CNC-PL9/hw/CNC_Top_wrapper.xsa -mem-ranges [list {0x40000000 0xbfffffff}] -regs
configparams force-mem-access 1
targets -set -nocase -filter {name =~"APU*"}
source E:/Git-Repos/CNC-FPGA/Vitis3/SD-UART/_ide/psinit/ps7_init.tcl
ps7_init
ps7_post_config
targets -set -nocase -filter {name =~ "*A9*#0"}
dow E:/Git-Repos/CNC-FPGA/Vitis3/SD-UART/Debug/SD-UART.elf
configparams force-mem-access 0
----------------End of Script----------------

23:11:08 INFO  : Context for processor 'ps7_cortexa9_0' is selected.
23:11:09 INFO  : 'con' command is executed.
23:11:09 INFO  : ----------------XSDB Script (After Launch)----------------
targets -set -nocase -filter {name =~ "*A9*#0"}
con
----------------End of Script----------------

23:11:09 INFO  : Launch script is exported to file 'E:\Git-Repos\CNC-FPGA\Vitis3\SD-UART_system\_ide\scripts\systemdebugger_sd-uart_system_3_standalone.tcl'
23:17:08 INFO  : Checking for BSP changes to sync application flags for project 'SD-UART'...
23:17:42 INFO  : Disconnected from the channel tcfchan#3.
23:17:43 INFO  : Connected to target on host '127.0.0.1' and port '3121'.
23:17:43 INFO  : Jtag cable 'Digilent Zed 210248585425' is selected.
23:17:43 INFO  : 'jtag frequency' command is executed.
23:17:43 INFO  : Context for 'APU' is selected.
23:17:43 INFO  : System reset is completed.
23:17:46 INFO  : 'after 3000' command is executed.
23:17:46 INFO  : 'targets -set -filter {jtag_cable_name =~ "Digilent Zed 210248585425" && level==0 && jtag_device_ctx=="jsn-Zed-210248585425-23727093-0"}' command is executed.
23:17:49 INFO  : Device configured successfully with "E:/Git-Repos/CNC-FPGA/Vitis3/SD-UART/_ide/bitstream/CNC_Top_wrapper.bit"
23:17:49 INFO  : Context for 'APU' is selected.
23:17:49 INFO  : Hardware design and registers information is loaded from 'E:/Git-Repos/CNC-FPGA/Vitis3/CNC-PL9/export/CNC-PL9/hw/CNC_Top_wrapper.xsa'.
23:17:49 INFO  : 'configparams force-mem-access 1' command is executed.
23:17:49 INFO  : Context for 'APU' is selected.
23:17:49 INFO  : Sourcing of 'E:/Git-Repos/CNC-FPGA/Vitis3/SD-UART/_ide/psinit/ps7_init.tcl' is done.
23:17:49 INFO  : 'ps7_init' command is executed.
23:17:49 INFO  : 'ps7_post_config' command is executed.
23:17:49 INFO  : Context for processor 'ps7_cortexa9_0' is selected.
23:17:49 INFO  : The application 'E:/Git-Repos/CNC-FPGA/Vitis3/SD-UART/Debug/SD-UART.elf' is downloaded to processor 'ps7_cortexa9_0'.
23:17:49 INFO  : 'configparams force-mem-access 0' command is executed.
23:17:49 INFO  : ----------------XSDB Script----------------
connect -url tcp:127.0.0.1:3121
targets -set -nocase -filter {name =~"APU*"}
rst -system
after 3000
targets -set -filter {jtag_cable_name =~ "Digilent Zed 210248585425" && level==0 && jtag_device_ctx=="jsn-Zed-210248585425-23727093-0"}
fpga -file E:/Git-Repos/CNC-FPGA/Vitis3/SD-UART/_ide/bitstream/CNC_Top_wrapper.bit
targets -set -nocase -filter {name =~"APU*"}
loadhw -hw E:/Git-Repos/CNC-FPGA/Vitis3/CNC-PL9/export/CNC-PL9/hw/CNC_Top_wrapper.xsa -mem-ranges [list {0x40000000 0xbfffffff}] -regs
configparams force-mem-access 1
targets -set -nocase -filter {name =~"APU*"}
source E:/Git-Repos/CNC-FPGA/Vitis3/SD-UART/_ide/psinit/ps7_init.tcl
ps7_init
ps7_post_config
targets -set -nocase -filter {name =~ "*A9*#0"}
dow E:/Git-Repos/CNC-FPGA/Vitis3/SD-UART/Debug/SD-UART.elf
configparams force-mem-access 0
----------------End of Script----------------

23:17:49 INFO  : Context for processor 'ps7_cortexa9_0' is selected.
23:17:49 INFO  : 'con' command is executed.
23:17:49 INFO  : ----------------XSDB Script (After Launch)----------------
targets -set -nocase -filter {name =~ "*A9*#0"}
con
----------------End of Script----------------

23:17:49 INFO  : Launch script is exported to file 'E:\Git-Repos\CNC-FPGA\Vitis3\SD-UART_system\_ide\scripts\systemdebugger_sd-uart_system_4_standalone.tcl'
23:28:40 INFO  : Result from executing command 'getProjects': CNC-PL10;CNC-PL7;CNC-PL8;CNC-PL9
23:28:40 INFO  : Result from executing command 'getPlatforms': CNC-PL7|E:/Git-Repos/CNC-FPGA/Vitis3/CNC-PL7/export/CNC-PL7/CNC-PL7.xpfm;CNC-PL8|E:/Git-Repos/CNC-FPGA/Vitis3/CNC-PL8/export/CNC-PL8/CNC-PL8.xpfm;CNC-PL9|E:/Git-Repos/CNC-FPGA/Vitis3/CNC-PL9/export/CNC-PL9/CNC-PL9.xpfm;xilinx_zcu102_base_202420_1|C:/Xilinx/Vitis/2024.2/base_platforms/xilinx_zcu102_base_202420_1/xilinx_zcu102_base_202420_1.xpfm;xilinx_zcu102_base_dfx_202420_1|C:/Xilinx/Vitis/2024.2/base_platforms/xilinx_zcu102_base_dfx_202420_1/xilinx_zcu102_base_dfx_202420_1.xpfm;xilinx_zcu104_base_202420_1|C:/Xilinx/Vitis/2024.2/base_platforms/xilinx_zcu104_base_202420_1/xilinx_zcu104_base_202420_1.xpfm
23:29:01 INFO  : No changes in MSS file content so sources will not be generated.
23:29:08 INFO  : The hardware specification used by project 'SD-UART' is out of sync with the platform. Resource files extracted from the hardware specification will be updated.
23:29:10 INFO  : The file 'E:\Git-Repos\CNC-FPGA\Vitis3\SD-UART\_ide\bitstream\CNC_Top_wrapper.bit' stored in project is removed.
23:29:10 INFO  : The updated bitstream files are copied from platform to folder 'E:\Git-Repos\CNC-FPGA\Vitis3\SD-UART\_ide\bitstream' in project 'SD-UART'.
23:29:10 INFO  : The file 'E:\Git-Repos\CNC-FPGA\Vitis3\SD-UART\_ide\psinit\ps7_init.tcl' stored in project is removed.
23:29:15 INFO  : The updated ps init files are copied from platform to folder 'E:\Git-Repos\CNC-FPGA\Vitis3\SD-UART\_ide\psinit' in project 'SD-UART'.
23:29:38 INFO  : Result from executing command 'getProjects': CNC-PL10;CNC-PL7;CNC-PL8;CNC-PL9
23:29:38 INFO  : Result from executing command 'getPlatforms': CNC-PL10|E:/Git-Repos/CNC-FPGA/Vitis3/CNC-PL10/export/CNC-PL10/CNC-PL10.xpfm;CNC-PL7|E:/Git-Repos/CNC-FPGA/Vitis3/CNC-PL7/export/CNC-PL7/CNC-PL7.xpfm;CNC-PL8|E:/Git-Repos/CNC-FPGA/Vitis3/CNC-PL8/export/CNC-PL8/CNC-PL8.xpfm;CNC-PL9|E:/Git-Repos/CNC-FPGA/Vitis3/CNC-PL9/export/CNC-PL9/CNC-PL9.xpfm;xilinx_zcu102_base_202420_1|C:/Xilinx/Vitis/2024.2/base_platforms/xilinx_zcu102_base_202420_1/xilinx_zcu102_base_202420_1.xpfm;xilinx_zcu102_base_dfx_202420_1|C:/Xilinx/Vitis/2024.2/base_platforms/xilinx_zcu102_base_dfx_202420_1/xilinx_zcu102_base_dfx_202420_1.xpfm;xilinx_zcu104_base_202420_1|C:/Xilinx/Vitis/2024.2/base_platforms/xilinx_zcu104_base_202420_1/xilinx_zcu104_base_202420_1.xpfm
23:29:39 INFO  : Checking for BSP changes to sync application flags for project 'SD-UART'...
23:30:13 INFO  : Disconnected from the channel tcfchan#5.
23:30:15 INFO  : Connected to target on host '127.0.0.1' and port '3121'.
23:30:15 INFO  : Jtag cable 'Digilent Zed 210248585425' is selected.
23:30:15 INFO  : 'jtag frequency' command is executed.
23:30:15 INFO  : Context for 'APU' is selected.
23:30:15 INFO  : System reset is completed.
23:30:18 INFO  : 'after 3000' command is executed.
23:30:18 INFO  : 'targets -set -filter {jtag_cable_name =~ "Digilent Zed 210248585425" && level==0 && jtag_device_ctx=="jsn-Zed-210248585425-23727093-0"}' command is executed.
23:30:20 INFO  : Device configured successfully with "E:/Git-Repos/CNC-FPGA/Vitis3/SD-UART/_ide/bitstream/CNC_Top_wrapper.bit"
23:30:20 INFO  : Context for 'APU' is selected.
23:30:20 INFO  : Hardware design and registers information is loaded from 'E:/Git-Repos/CNC-FPGA/Vitis3/CNC-PL10/export/CNC-PL10/hw/CNC_Top_wrapper.xsa'.
23:30:20 INFO  : 'configparams force-mem-access 1' command is executed.
23:30:20 INFO  : Context for 'APU' is selected.
23:30:20 INFO  : Sourcing of 'E:/Git-Repos/CNC-FPGA/Vitis3/SD-UART/_ide/psinit/ps7_init.tcl' is done.
23:30:20 INFO  : 'ps7_init' command is executed.
23:30:20 INFO  : 'ps7_post_config' command is executed.
23:30:20 INFO  : Context for processor 'ps7_cortexa9_0' is selected.
23:30:21 INFO  : The application 'E:/Git-Repos/CNC-FPGA/Vitis3/SD-UART/Debug/SD-UART.elf' is downloaded to processor 'ps7_cortexa9_0'.
23:30:21 INFO  : 'configparams force-mem-access 0' command is executed.
23:30:21 INFO  : ----------------XSDB Script----------------
connect -url tcp:127.0.0.1:3121
targets -set -nocase -filter {name =~"APU*"}
rst -system
after 3000
targets -set -filter {jtag_cable_name =~ "Digilent Zed 210248585425" && level==0 && jtag_device_ctx=="jsn-Zed-210248585425-23727093-0"}
fpga -file E:/Git-Repos/CNC-FPGA/Vitis3/SD-UART/_ide/bitstream/CNC_Top_wrapper.bit
targets -set -nocase -filter {name =~"APU*"}
loadhw -hw E:/Git-Repos/CNC-FPGA/Vitis3/CNC-PL10/export/CNC-PL10/hw/CNC_Top_wrapper.xsa -mem-ranges [list {0x40000000 0xbfffffff}] -regs
configparams force-mem-access 1
targets -set -nocase -filter {name =~"APU*"}
source E:/Git-Repos/CNC-FPGA/Vitis3/SD-UART/_ide/psinit/ps7_init.tcl
ps7_init
ps7_post_config
targets -set -nocase -filter {name =~ "*A9*#0"}
dow E:/Git-Repos/CNC-FPGA/Vitis3/SD-UART/Debug/SD-UART.elf
configparams force-mem-access 0
----------------End of Script----------------

23:30:21 INFO  : Context for processor 'ps7_cortexa9_0' is selected.
23:30:21 INFO  : 'con' command is executed.
23:30:21 INFO  : ----------------XSDB Script (After Launch)----------------
targets -set -nocase -filter {name =~ "*A9*#0"}
con
----------------End of Script----------------

23:30:21 INFO  : Launch script is exported to file 'E:\Git-Repos\CNC-FPGA\Vitis3\SD-UART_system\_ide\scripts\systemdebugger_sd-uart_system_5_standalone.tcl'
23:33:43 INFO  : Disconnected from the channel tcfchan#8.
23:33:44 INFO  : Connected to target on host '127.0.0.1' and port '3121'.
23:33:44 INFO  : Jtag cable 'Digilent Zed 210248585425' is selected.
23:33:44 INFO  : 'jtag frequency' command is executed.
23:33:44 INFO  : Context for 'APU' is selected.
23:33:44 INFO  : System reset is completed.
23:33:47 INFO  : 'after 3000' command is executed.
23:33:47 INFO  : 'targets -set -filter {jtag_cable_name =~ "Digilent Zed 210248585425" && level==0 && jtag_device_ctx=="jsn-Zed-210248585425-23727093-0"}' command is executed.
23:33:49 INFO  : Device configured successfully with "E:/Git-Repos/CNC-FPGA/Vitis3/SD-UART/_ide/bitstream/CNC_Top_wrapper.bit"
23:33:49 INFO  : Context for 'APU' is selected.
23:33:49 INFO  : Hardware design and registers information is loaded from 'E:/Git-Repos/CNC-FPGA/Vitis3/CNC-PL10/export/CNC-PL10/hw/CNC_Top_wrapper.xsa'.
23:33:49 INFO  : 'configparams force-mem-access 1' command is executed.
23:33:49 INFO  : Context for 'APU' is selected.
23:33:49 INFO  : Sourcing of 'E:/Git-Repos/CNC-FPGA/Vitis3/SD-UART/_ide/psinit/ps7_init.tcl' is done.
23:33:50 INFO  : 'ps7_init' command is executed.
23:33:50 INFO  : 'ps7_post_config' command is executed.
23:33:50 INFO  : Context for processor 'ps7_cortexa9_0' is selected.
23:33:50 INFO  : The application 'E:/Git-Repos/CNC-FPGA/Vitis3/SD-UART/Debug/SD-UART.elf' is downloaded to processor 'ps7_cortexa9_0'.
23:33:50 INFO  : 'configparams force-mem-access 0' command is executed.
23:33:50 INFO  : ----------------XSDB Script----------------
connect -url tcp:127.0.0.1:3121
targets -set -nocase -filter {name =~"APU*"}
rst -system
after 3000
targets -set -filter {jtag_cable_name =~ "Digilent Zed 210248585425" && level==0 && jtag_device_ctx=="jsn-Zed-210248585425-23727093-0"}
fpga -file E:/Git-Repos/CNC-FPGA/Vitis3/SD-UART/_ide/bitstream/CNC_Top_wrapper.bit
targets -set -nocase -filter {name =~"APU*"}
loadhw -hw E:/Git-Repos/CNC-FPGA/Vitis3/CNC-PL10/export/CNC-PL10/hw/CNC_Top_wrapper.xsa -mem-ranges [list {0x40000000 0xbfffffff}] -regs
configparams force-mem-access 1
targets -set -nocase -filter {name =~"APU*"}
source E:/Git-Repos/CNC-FPGA/Vitis3/SD-UART/_ide/psinit/ps7_init.tcl
ps7_init
ps7_post_config
targets -set -nocase -filter {name =~ "*A9*#0"}
dow E:/Git-Repos/CNC-FPGA/Vitis3/SD-UART/Debug/SD-UART.elf
configparams force-mem-access 0
----------------End of Script----------------

23:33:50 INFO  : Context for processor 'ps7_cortexa9_0' is selected.
23:33:50 INFO  : 'con' command is executed.
23:33:50 INFO  : ----------------XSDB Script (After Launch)----------------
targets -set -nocase -filter {name =~ "*A9*#0"}
con
----------------End of Script----------------

23:33:50 INFO  : Launch script is exported to file 'E:\Git-Repos\CNC-FPGA\Vitis3\SD-UART_system\_ide\scripts\systemdebugger_sd-uart_system_6_standalone.tcl'
23:35:57 INFO  : Disconnected from the channel tcfchan#9.
01:21:54 DEBUG : Logs will be stored at 'E:/Git-Repos/CNC-FPGA/Vitis3/IDE.log'.
01:21:55 INFO  : Launching XSCT server: xsct.bat -n  -interactive E:\Git-Repos\CNC-FPGA\Vitis3\temp_xsdb_launch_script.tcl
01:21:59 INFO  : Platform repository initialization has completed.
01:21:59 INFO  : Registering command handlers for Vitis TCF services
01:22:00 INFO  : XSCT server has started successfully.
01:22:00 INFO  : Successfully done setting XSCT server connection channel  
01:22:00 INFO  : plnx-install-location is set to ''
01:22:03 INFO  : Successfully done setting workspace for the tool. 
01:22:03 INFO  : Successfully done query RDI_DATADIR 
01:22:17 ERROR : Failed to update hardware specification for project 'CNC-PL9'.
Reason: Failed to execute command 'platform config -updatehw {E:/Git-Repos/CNC-FPGA/Zedboard-CNC/CNC_Top_wrapper.xsa}'. Click on details for more information.
01:24:25 INFO  : Result from executing command 'getProjects': CNC-PL10;CNC-PL11;CNC-PL7;CNC-PL8;CNC-PL9
01:24:25 INFO  : Result from executing command 'getPlatforms': CNC-PL10|E:/Git-Repos/CNC-FPGA/Vitis3/CNC-PL10/export/CNC-PL10/CNC-PL10.xpfm;CNC-PL7|E:/Git-Repos/CNC-FPGA/Vitis3/CNC-PL7/export/CNC-PL7/CNC-PL7.xpfm;CNC-PL8|E:/Git-Repos/CNC-FPGA/Vitis3/CNC-PL8/export/CNC-PL8/CNC-PL8.xpfm;CNC-PL9|E:/Git-Repos/CNC-FPGA/Vitis3/CNC-PL9/export/CNC-PL9/CNC-PL9.xpfm;xilinx_zcu102_base_202420_1|C:/Xilinx/Vitis/2024.2/base_platforms/xilinx_zcu102_base_202420_1/xilinx_zcu102_base_202420_1.xpfm;xilinx_zcu102_base_dfx_202420_1|C:/Xilinx/Vitis/2024.2/base_platforms/xilinx_zcu102_base_dfx_202420_1/xilinx_zcu102_base_dfx_202420_1.xpfm;xilinx_zcu104_base_202420_1|C:/Xilinx/Vitis/2024.2/base_platforms/xilinx_zcu104_base_202420_1/xilinx_zcu104_base_202420_1.xpfm
01:24:57 ERROR : Failed to update hardware specification for project 'CNC-PL11'.
Reason: Failed to execute command 'platform config -updatehw {E:/Git-Repos/CNC-FPGA/Zedboard-CNC/CNC_Top_wrapper.xsa}'. Click on details for more information.
01:25:29 ERROR : An unexpected exception occurred in the module 'platform project logging'
02:06:08 ERROR : Failed to update hardware specification for project 'CNC-PL9'.
Reason: Failed to execute command 'platform config -updatehw {E:/Git-Repos/CNC-FPGA/Zedboard-CNC/CNC_Top_wrapper.xsa}'. Click on details for more information.
02:09:16 INFO  : Result from executing command 'getProjects': CNC-PL10;CNC-PL9
02:09:16 INFO  : Result from executing command 'getPlatforms': CNC-PL9|E:/Git-Repos/CNC-FPGA/Vitis3/CNC-PL9/export/CNC-PL9/CNC-PL9.xpfm;xilinx_zcu102_base_202420_1|C:/Xilinx/Vitis/2024.2/base_platforms/xilinx_zcu102_base_202420_1/xilinx_zcu102_base_202420_1.xpfm;xilinx_zcu102_base_dfx_202420_1|C:/Xilinx/Vitis/2024.2/base_platforms/xilinx_zcu102_base_dfx_202420_1/xilinx_zcu102_base_dfx_202420_1.xpfm;xilinx_zcu104_base_202420_1|C:/Xilinx/Vitis/2024.2/base_platforms/xilinx_zcu104_base_202420_1/xilinx_zcu104_base_202420_1.xpfm
02:09:28 ERROR : Failed to update hardware specification for project 'CNC-PL10'.
Reason: Failed to execute command 'platform config -updatehw {E:/Git-Repos/CNC-FPGA/Zedboard-CNC/CNC_Top_wrapper.xsa}'. Click on details for more information.
02:10:19 WARN  : Failed to closehw "E:/Git-Repos/CNC-FPGA/Vitis3/CNC-PL10/hw/CNC_Top_wrapper.xsa"
Reason: ERROR: [Common 17-39] 'hsi::close_hw_design' failed due to earlier errors.

02:12:11 INFO  : Result from executing command 'getProjects': CNC-PL1;CNC-PL9
02:12:11 INFO  : Result from executing command 'getPlatforms': CNC-PL9|E:/Git-Repos/CNC-FPGA/Vitis3/CNC-PL9/export/CNC-PL9/CNC-PL9.xpfm;xilinx_zcu102_base_202420_1|C:/Xilinx/Vitis/2024.2/base_platforms/xilinx_zcu102_base_202420_1/xilinx_zcu102_base_202420_1.xpfm;xilinx_zcu102_base_dfx_202420_1|C:/Xilinx/Vitis/2024.2/base_platforms/xilinx_zcu102_base_dfx_202420_1/xilinx_zcu102_base_dfx_202420_1.xpfm;xilinx_zcu104_base_202420_1|C:/Xilinx/Vitis/2024.2/base_platforms/xilinx_zcu104_base_202420_1/xilinx_zcu104_base_202420_1.xpfm
02:12:26 INFO  : No changes in MSS file content so sources will not be generated.
02:12:58 INFO  : The hardware specification used by project 'SD-UART' is out of sync with the platform. Resource files extracted from the hardware specification will be updated.
02:13:00 INFO  : The file 'E:\Git-Repos\CNC-FPGA\Vitis3\SD-UART\_ide\bitstream\CNC_Top_wrapper.bit' stored in project is removed.
02:13:00 INFO  : The updated bitstream files are copied from platform to folder 'E:\Git-Repos\CNC-FPGA\Vitis3\SD-UART\_ide\bitstream' in project 'SD-UART'.
02:13:00 INFO  : The file 'E:\Git-Repos\CNC-FPGA\Vitis3\SD-UART\_ide\psinit\ps7_init.tcl' stored in project is removed.
02:13:04 INFO  : The updated ps init files are copied from platform to folder 'E:\Git-Repos\CNC-FPGA\Vitis3\SD-UART\_ide\psinit' in project 'SD-UART'.
02:13:43 INFO  : Result from executing command 'getProjects': CNC-PL1
02:13:43 INFO  : Result from executing command 'getPlatforms': CNC-PL1|E:/Git-Repos/CNC-FPGA/Vitis3/CNC-PL1/export/CNC-PL1/CNC-PL1.xpfm;xilinx_zcu102_base_202420_1|C:/Xilinx/Vitis/2024.2/base_platforms/xilinx_zcu102_base_202420_1/xilinx_zcu102_base_202420_1.xpfm;xilinx_zcu102_base_dfx_202420_1|C:/Xilinx/Vitis/2024.2/base_platforms/xilinx_zcu102_base_dfx_202420_1/xilinx_zcu102_base_dfx_202420_1.xpfm;xilinx_zcu104_base_202420_1|C:/Xilinx/Vitis/2024.2/base_platforms/xilinx_zcu104_base_202420_1/xilinx_zcu104_base_202420_1.xpfm
02:14:02 INFO  : Checking for BSP changes to sync application flags for project 'SD-UART'...
02:14:02 INFO  : Updating application flags with new BSP settings...
02:14:03 INFO  : Successfully updated application flags for project SD-UART.
02:14:22 INFO  : Checking for BSP changes to sync application flags for project 'SD-UART'...
16:34:27 DEBUG : Logs will be stored at 'E:/Git-Repos/CNC-FPGA/Vitis3/IDE.log'.
16:34:28 INFO  : Launching XSCT server: xsct.bat -n  -interactive E:\Git-Repos\CNC-FPGA\Vitis3\temp_xsdb_launch_script.tcl
16:34:32 INFO  : XSCT server has started successfully.
16:34:32 INFO  : plnx-install-location is set to ''
16:34:32 INFO  : Successfully done setting XSCT server connection channel  
16:34:32 INFO  : Successfully done setting workspace for the tool. 
16:34:32 INFO  : Platform repository initialization has completed.
16:34:33 INFO  : Registering command handlers for Vitis TCF services
16:34:35 INFO  : Successfully done query RDI_DATADIR 
16:40:35 INFO  : Result from executing command 'getProjects': CNC-PL-NEW;CNC-PL1
16:40:35 INFO  : Result from executing command 'getPlatforms': CNC-PL1|E:/Git-Repos/CNC-FPGA/Vitis3/CNC-PL1/export/CNC-PL1/CNC-PL1.xpfm;xilinx_zcu102_base_202420_1|C:/Xilinx/Vitis/2024.2/base_platforms/xilinx_zcu102_base_202420_1/xilinx_zcu102_base_202420_1.xpfm;xilinx_zcu102_base_dfx_202420_1|C:/Xilinx/Vitis/2024.2/base_platforms/xilinx_zcu102_base_dfx_202420_1/xilinx_zcu102_base_dfx_202420_1.xpfm;xilinx_zcu104_base_202420_1|C:/Xilinx/Vitis/2024.2/base_platforms/xilinx_zcu104_base_202420_1/xilinx_zcu104_base_202420_1.xpfm
16:41:32 ERROR : (XSDB Server)rm: cannot lstat `*.o': Invalid argument

16:41:32 ERROR : (XSDB Server)make: *** [Makefile:42: clean] Error 1

16:42:03 INFO  : The hardware specification used by project 'SD-UART' is out of sync with the platform. Resource files extracted from the hardware specification will be updated.
16:42:05 INFO  : The file 'E:\Git-Repos\CNC-FPGA\Vitis3\SD-UART\_ide\bitstream\CNC_Top_wrapper.bit' stored in project is removed.
16:42:05 INFO  : The updated bitstream files are copied from platform to folder 'E:\Git-Repos\CNC-FPGA\Vitis3\SD-UART\_ide\bitstream' in project 'SD-UART'.
16:42:05 INFO  : The file 'E:\Git-Repos\CNC-FPGA\Vitis3\SD-UART\_ide\psinit\ps7_init.tcl' stored in project is removed.
16:42:10 INFO  : The updated ps init files are copied from platform to folder 'E:\Git-Repos\CNC-FPGA\Vitis3\SD-UART\_ide\psinit' in project 'SD-UART'.
16:47:22 INFO  : Result from executing command 'getProjects': CNC-PL-NEW;CNC-PL1
16:47:22 INFO  : Result from executing command 'getPlatforms': CNC-PL1|E:/Git-Repos/CNC-FPGA/Vitis3/CNC-PL1/export/CNC-PL1/CNC-PL1.xpfm;xilinx_zcu102_base_202420_1|C:/Xilinx/Vitis/2024.2/base_platforms/xilinx_zcu102_base_202420_1/xilinx_zcu102_base_202420_1.xpfm;xilinx_zcu102_base_dfx_202420_1|C:/Xilinx/Vitis/2024.2/base_platforms/xilinx_zcu102_base_dfx_202420_1/xilinx_zcu102_base_dfx_202420_1.xpfm;xilinx_zcu104_base_202420_1|C:/Xilinx/Vitis/2024.2/base_platforms/xilinx_zcu104_base_202420_1/xilinx_zcu104_base_202420_1.xpfm
16:48:29 INFO  : Result from executing command 'getProjects': CNC-PL-NEW;CNC-PL1
16:48:29 INFO  : Result from executing command 'getPlatforms': CNC-PL-NEW|E:/Git-Repos/CNC-FPGA/Vitis3/CNC-PL-NEW/export/CNC-PL-NEW/CNC-PL-NEW.xpfm;CNC-PL1|E:/Git-Repos/CNC-FPGA/Vitis3/CNC-PL1/export/CNC-PL1/CNC-PL1.xpfm;xilinx_zcu102_base_202420_1|C:/Xilinx/Vitis/2024.2/base_platforms/xilinx_zcu102_base_202420_1/xilinx_zcu102_base_202420_1.xpfm;xilinx_zcu102_base_dfx_202420_1|C:/Xilinx/Vitis/2024.2/base_platforms/xilinx_zcu102_base_dfx_202420_1/xilinx_zcu102_base_dfx_202420_1.xpfm;xilinx_zcu104_base_202420_1|C:/Xilinx/Vitis/2024.2/base_platforms/xilinx_zcu104_base_202420_1/xilinx_zcu104_base_202420_1.xpfm
16:48:38 INFO  : Result from executing command 'removePlatformRepo': 
16:48:48 INFO  : Result from executing command 'getProjects': CNC-PL-NEW;CNC-PL1
16:48:48 INFO  : Result from executing command 'getPlatforms': CNC-PL1|E:/Git-Repos/CNC-FPGA/Vitis3/CNC-PL1/export/CNC-PL1/CNC-PL1.xpfm;xilinx_zcu102_base_202420_1|C:/Xilinx/Vitis/2024.2/base_platforms/xilinx_zcu102_base_202420_1/xilinx_zcu102_base_202420_1.xpfm;xilinx_zcu102_base_dfx_202420_1|C:/Xilinx/Vitis/2024.2/base_platforms/xilinx_zcu102_base_dfx_202420_1/xilinx_zcu102_base_dfx_202420_1.xpfm;xilinx_zcu104_base_202420_1|C:/Xilinx/Vitis/2024.2/base_platforms/xilinx_zcu104_base_202420_1/xilinx_zcu104_base_202420_1.xpfm
16:48:58 INFO  : Checking for BSP changes to sync application flags for project 'SD-UART'...
16:48:58 INFO  : Updating application flags with new BSP settings...
16:48:58 INFO  : Successfully updated application flags for project SD-UART.
16:53:53 INFO  : Checking for BSP changes to sync application flags for project 'SD-UART'...
16:56:04 INFO  : Checking for BSP changes to sync application flags for project 'SD-UART'...
16:56:36 INFO  : Connected to target on host '127.0.0.1' and port '3121'.
16:56:36 INFO  : Jtag cable 'Digilent Zed 210248585425' is selected.
16:56:36 INFO  : 'jtag frequency' command is executed.
16:56:36 INFO  : Context for 'APU' is selected.
16:56:36 INFO  : System reset is completed.
16:56:39 INFO  : 'after 3000' command is executed.
16:56:39 INFO  : 'targets -set -filter {jtag_cable_name =~ "Digilent Zed 210248585425" && level==0 && jtag_device_ctx=="jsn-Zed-210248585425-23727093-0"}' command is executed.
16:56:42 INFO  : Device configured successfully with "E:/Git-Repos/CNC-FPGA/Vitis3/SD-UART/_ide/bitstream/CNC_Top_wrapper.bit"
16:56:42 INFO  : Context for 'APU' is selected.
16:56:42 INFO  : Hardware design and registers information is loaded from 'E:/Git-Repos/CNC-FPGA/Vitis3/CNC-PL-NEW/export/CNC-PL-NEW/hw/CNC_Top_wrapper.xsa'.
16:56:42 INFO  : 'configparams force-mem-access 1' command is executed.
16:56:42 INFO  : Context for 'APU' is selected.
16:56:42 INFO  : Sourcing of 'E:/Git-Repos/CNC-FPGA/Vitis3/SD-UART/_ide/psinit/ps7_init.tcl' is done.
16:56:42 INFO  : 'ps7_init' command is executed.
16:56:42 INFO  : 'ps7_post_config' command is executed.
16:56:42 INFO  : Context for processor 'ps7_cortexa9_0' is selected.
16:56:42 INFO  : The application 'E:/Git-Repos/CNC-FPGA/Vitis3/SD-UART/Debug/SD-UART.elf' is downloaded to processor 'ps7_cortexa9_0'.
16:56:42 INFO  : 'configparams force-mem-access 0' command is executed.
16:56:42 INFO  : ----------------XSDB Script----------------
connect -url tcp:127.0.0.1:3121
targets -set -nocase -filter {name =~"APU*"}
rst -system
after 3000
targets -set -filter {jtag_cable_name =~ "Digilent Zed 210248585425" && level==0 && jtag_device_ctx=="jsn-Zed-210248585425-23727093-0"}
fpga -file E:/Git-Repos/CNC-FPGA/Vitis3/SD-UART/_ide/bitstream/CNC_Top_wrapper.bit
targets -set -nocase -filter {name =~"APU*"}
loadhw -hw E:/Git-Repos/CNC-FPGA/Vitis3/CNC-PL-NEW/export/CNC-PL-NEW/hw/CNC_Top_wrapper.xsa -mem-ranges [list {0x40000000 0xbfffffff}] -regs
configparams force-mem-access 1
targets -set -nocase -filter {name =~"APU*"}
source E:/Git-Repos/CNC-FPGA/Vitis3/SD-UART/_ide/psinit/ps7_init.tcl
ps7_init
ps7_post_config
targets -set -nocase -filter {name =~ "*A9*#0"}
dow E:/Git-Repos/CNC-FPGA/Vitis3/SD-UART/Debug/SD-UART.elf
configparams force-mem-access 0
----------------End of Script----------------

16:56:42 INFO  : Context for processor 'ps7_cortexa9_0' is selected.
16:56:42 INFO  : 'con' command is executed.
16:56:42 INFO  : ----------------XSDB Script (After Launch)----------------
targets -set -nocase -filter {name =~ "*A9*#0"}
con
----------------End of Script----------------

16:56:42 INFO  : Launch script is exported to file 'E:\Git-Repos\CNC-FPGA\Vitis3\SD-UART_system\_ide\scripts\systemdebugger_sd-uart_system_7_standalone.tcl'
17:02:00 INFO  : Result from executing command 'removePlatformRepo': 
17:02:12 INFO  : Result from executing command 'getProjects': CNC-PL-NEW;CNC-PL1
17:02:12 INFO  : Result from executing command 'getPlatforms': CNC-PL1|E:/Git-Repos/CNC-FPGA/Vitis3/CNC-PL1/export/CNC-PL1/CNC-PL1.xpfm;xilinx_zcu102_base_202420_1|C:/Xilinx/Vitis/2024.2/base_platforms/xilinx_zcu102_base_202420_1/xilinx_zcu102_base_202420_1.xpfm;xilinx_zcu102_base_dfx_202420_1|C:/Xilinx/Vitis/2024.2/base_platforms/xilinx_zcu102_base_dfx_202420_1/xilinx_zcu102_base_dfx_202420_1.xpfm;xilinx_zcu104_base_202420_1|C:/Xilinx/Vitis/2024.2/base_platforms/xilinx_zcu104_base_202420_1/xilinx_zcu104_base_202420_1.xpfm
17:02:17 INFO  : Checking for BSP changes to sync application flags for project 'SD-UART'...
17:02:43 INFO  : Checking for BSP changes to sync application flags for project 'SD-UART'...
17:03:00 INFO  : Disconnected from the channel tcfchan#8.
17:03:01 INFO  : Connected to target on host '127.0.0.1' and port '3121'.
17:03:02 INFO  : Jtag cable 'Digilent Zed 210248585425' is selected.
17:03:02 INFO  : 'jtag frequency' command is executed.
17:03:02 INFO  : Context for 'APU' is selected.
17:03:02 INFO  : System reset is completed.
17:03:05 INFO  : 'after 3000' command is executed.
17:03:05 INFO  : 'targets -set -filter {jtag_cable_name =~ "Digilent Zed 210248585425" && level==0 && jtag_device_ctx=="jsn-Zed-210248585425-23727093-0"}' command is executed.
17:03:07 INFO  : Device configured successfully with "E:/Git-Repos/CNC-FPGA/Vitis3/SD-UART/_ide/bitstream/CNC_Top_wrapper.bit"
17:03:07 INFO  : Context for 'APU' is selected.
17:03:09 INFO  : Hardware design and registers information is loaded from 'E:/Git-Repos/CNC-FPGA/Vitis3/CNC-PL-NEW/export/CNC-PL-NEW/hw/CNC_Top_wrapper.xsa'.
17:03:09 INFO  : 'configparams force-mem-access 1' command is executed.
17:03:09 INFO  : Context for 'APU' is selected.
17:03:09 INFO  : Sourcing of 'E:/Git-Repos/CNC-FPGA/Vitis3/SD-UART/_ide/psinit/ps7_init.tcl' is done.
17:03:09 INFO  : 'ps7_init' command is executed.
17:03:09 INFO  : 'ps7_post_config' command is executed.
17:03:09 INFO  : Context for processor 'ps7_cortexa9_0' is selected.
17:03:10 INFO  : The application 'E:/Git-Repos/CNC-FPGA/Vitis3/SD-UART/Debug/SD-UART.elf' is downloaded to processor 'ps7_cortexa9_0'.
17:03:10 INFO  : 'configparams force-mem-access 0' command is executed.
17:03:10 INFO  : ----------------XSDB Script----------------
connect -url tcp:127.0.0.1:3121
targets -set -nocase -filter {name =~"APU*"}
rst -system
after 3000
targets -set -filter {jtag_cable_name =~ "Digilent Zed 210248585425" && level==0 && jtag_device_ctx=="jsn-Zed-210248585425-23727093-0"}
fpga -file E:/Git-Repos/CNC-FPGA/Vitis3/SD-UART/_ide/bitstream/CNC_Top_wrapper.bit
targets -set -nocase -filter {name =~"APU*"}
loadhw -hw E:/Git-Repos/CNC-FPGA/Vitis3/CNC-PL-NEW/export/CNC-PL-NEW/hw/CNC_Top_wrapper.xsa -mem-ranges [list {0x40000000 0xbfffffff}] -regs
configparams force-mem-access 1
targets -set -nocase -filter {name =~"APU*"}
source E:/Git-Repos/CNC-FPGA/Vitis3/SD-UART/_ide/psinit/ps7_init.tcl
ps7_init
ps7_post_config
targets -set -nocase -filter {name =~ "*A9*#0"}
dow E:/Git-Repos/CNC-FPGA/Vitis3/SD-UART/Debug/SD-UART.elf
configparams force-mem-access 0
----------------End of Script----------------

17:03:10 INFO  : Context for processor 'ps7_cortexa9_0' is selected.
17:03:10 INFO  : 'con' command is executed.
17:03:10 INFO  : ----------------XSDB Script (After Launch)----------------
targets -set -nocase -filter {name =~ "*A9*#0"}
con
----------------End of Script----------------

17:03:10 INFO  : Launch script is exported to file 'E:\Git-Repos\CNC-FPGA\Vitis3\SD-UART_system\_ide\scripts\systemdebugger_sd-uart_system_8_standalone.tcl'
17:06:58 INFO  : Checking for BSP changes to sync application flags for project 'SD-UART'...
17:07:20 INFO  : Disconnected from the channel tcfchan#13.
17:07:21 INFO  : Connected to target on host '127.0.0.1' and port '3121'.
17:07:21 INFO  : Jtag cable 'Digilent Zed 210248585425' is selected.
17:07:21 INFO  : 'jtag frequency' command is executed.
17:07:21 INFO  : Context for 'APU' is selected.
17:07:21 INFO  : System reset is completed.
17:07:24 INFO  : 'after 3000' command is executed.
17:07:25 INFO  : 'targets -set -filter {jtag_cable_name =~ "Digilent Zed 210248585425" && level==0 && jtag_device_ctx=="jsn-Zed-210248585425-23727093-0"}' command is executed.
17:07:27 INFO  : Device configured successfully with "E:/Git-Repos/CNC-FPGA/Vitis3/SD-UART/_ide/bitstream/CNC_Top_wrapper.bit"
17:07:27 INFO  : Context for 'APU' is selected.
17:07:27 INFO  : Hardware design and registers information is loaded from 'E:/Git-Repos/CNC-FPGA/Vitis3/CNC-PL-NEW/export/CNC-PL-NEW/hw/CNC_Top_wrapper.xsa'.
17:07:27 INFO  : 'configparams force-mem-access 1' command is executed.
17:07:27 INFO  : Context for 'APU' is selected.
17:07:27 INFO  : Sourcing of 'E:/Git-Repos/CNC-FPGA/Vitis3/SD-UART/_ide/psinit/ps7_init.tcl' is done.
17:07:27 INFO  : 'ps7_init' command is executed.
17:07:27 INFO  : 'ps7_post_config' command is executed.
17:07:27 INFO  : Context for processor 'ps7_cortexa9_0' is selected.
17:07:27 INFO  : The application 'E:/Git-Repos/CNC-FPGA/Vitis3/SD-UART/Debug/SD-UART.elf' is downloaded to processor 'ps7_cortexa9_0'.
17:07:27 INFO  : 'configparams force-mem-access 0' command is executed.
17:07:27 INFO  : ----------------XSDB Script----------------
connect -url tcp:127.0.0.1:3121
targets -set -nocase -filter {name =~"APU*"}
rst -system
after 3000
targets -set -filter {jtag_cable_name =~ "Digilent Zed 210248585425" && level==0 && jtag_device_ctx=="jsn-Zed-210248585425-23727093-0"}
fpga -file E:/Git-Repos/CNC-FPGA/Vitis3/SD-UART/_ide/bitstream/CNC_Top_wrapper.bit
targets -set -nocase -filter {name =~"APU*"}
loadhw -hw E:/Git-Repos/CNC-FPGA/Vitis3/CNC-PL-NEW/export/CNC-PL-NEW/hw/CNC_Top_wrapper.xsa -mem-ranges [list {0x40000000 0xbfffffff}] -regs
configparams force-mem-access 1
targets -set -nocase -filter {name =~"APU*"}
source E:/Git-Repos/CNC-FPGA/Vitis3/SD-UART/_ide/psinit/ps7_init.tcl
ps7_init
ps7_post_config
targets -set -nocase -filter {name =~ "*A9*#0"}
dow E:/Git-Repos/CNC-FPGA/Vitis3/SD-UART/Debug/SD-UART.elf
configparams force-mem-access 0
----------------End of Script----------------

17:07:27 INFO  : Context for processor 'ps7_cortexa9_0' is selected.
17:07:27 INFO  : 'con' command is executed.
17:07:27 INFO  : ----------------XSDB Script (After Launch)----------------
targets -set -nocase -filter {name =~ "*A9*#0"}
con
----------------End of Script----------------

17:07:27 INFO  : Launch script is exported to file 'E:\Git-Repos\CNC-FPGA\Vitis3\SD-UART_system\_ide\scripts\systemdebugger_sd-uart_system_9_standalone.tcl'
17:08:57 INFO  : Checking for BSP changes to sync application flags for project 'SD-UART'...
17:09:15 INFO  : Disconnected from the channel tcfchan#15.
17:09:16 INFO  : Connected to target on host '127.0.0.1' and port '3121'.
17:09:16 INFO  : Jtag cable 'Digilent Zed 210248585425' is selected.
17:09:16 INFO  : 'jtag frequency' command is executed.
17:09:16 INFO  : Context for 'APU' is selected.
17:09:16 INFO  : System reset is completed.
17:09:19 INFO  : 'after 3000' command is executed.
17:09:19 INFO  : 'targets -set -filter {jtag_cable_name =~ "Digilent Zed 210248585425" && level==0 && jtag_device_ctx=="jsn-Zed-210248585425-23727093-0"}' command is executed.
17:09:21 INFO  : Device configured successfully with "E:/Git-Repos/CNC-FPGA/Vitis3/SD-UART/_ide/bitstream/CNC_Top_wrapper.bit"
17:09:22 INFO  : Context for 'APU' is selected.
17:09:22 INFO  : Hardware design and registers information is loaded from 'E:/Git-Repos/CNC-FPGA/Vitis3/CNC-PL-NEW/export/CNC-PL-NEW/hw/CNC_Top_wrapper.xsa'.
17:09:22 INFO  : 'configparams force-mem-access 1' command is executed.
17:09:22 INFO  : Context for 'APU' is selected.
17:09:22 INFO  : Sourcing of 'E:/Git-Repos/CNC-FPGA/Vitis3/SD-UART/_ide/psinit/ps7_init.tcl' is done.
17:09:22 INFO  : 'ps7_init' command is executed.
17:09:22 INFO  : 'ps7_post_config' command is executed.
17:09:22 INFO  : Context for processor 'ps7_cortexa9_0' is selected.
17:09:22 INFO  : The application 'E:/Git-Repos/CNC-FPGA/Vitis3/SD-UART/Debug/SD-UART.elf' is downloaded to processor 'ps7_cortexa9_0'.
17:09:22 INFO  : 'configparams force-mem-access 0' command is executed.
17:09:22 INFO  : ----------------XSDB Script----------------
connect -url tcp:127.0.0.1:3121
targets -set -nocase -filter {name =~"APU*"}
rst -system
after 3000
targets -set -filter {jtag_cable_name =~ "Digilent Zed 210248585425" && level==0 && jtag_device_ctx=="jsn-Zed-210248585425-23727093-0"}
fpga -file E:/Git-Repos/CNC-FPGA/Vitis3/SD-UART/_ide/bitstream/CNC_Top_wrapper.bit
targets -set -nocase -filter {name =~"APU*"}
loadhw -hw E:/Git-Repos/CNC-FPGA/Vitis3/CNC-PL-NEW/export/CNC-PL-NEW/hw/CNC_Top_wrapper.xsa -mem-ranges [list {0x40000000 0xbfffffff}] -regs
configparams force-mem-access 1
targets -set -nocase -filter {name =~"APU*"}
source E:/Git-Repos/CNC-FPGA/Vitis3/SD-UART/_ide/psinit/ps7_init.tcl
ps7_init
ps7_post_config
targets -set -nocase -filter {name =~ "*A9*#0"}
dow E:/Git-Repos/CNC-FPGA/Vitis3/SD-UART/Debug/SD-UART.elf
configparams force-mem-access 0
----------------End of Script----------------

17:09:22 INFO  : Context for processor 'ps7_cortexa9_0' is selected.
17:09:22 INFO  : 'con' command is executed.
17:09:22 INFO  : ----------------XSDB Script (After Launch)----------------
targets -set -nocase -filter {name =~ "*A9*#0"}
con
----------------End of Script----------------

17:09:22 INFO  : Launch script is exported to file 'E:\Git-Repos\CNC-FPGA\Vitis3\SD-UART_system\_ide\scripts\systemdebugger_sd-uart_system_10_standalone.tcl'
17:12:02 INFO  : Checking for BSP changes to sync application flags for project 'SD-UART'...
17:12:51 INFO  : Disconnected from the channel tcfchan#17.
17:12:52 INFO  : Connected to target on host '127.0.0.1' and port '3121'.
17:12:52 INFO  : Jtag cable 'Digilent Zed 210248585425' is selected.
17:12:52 INFO  : 'jtag frequency' command is executed.
17:12:52 INFO  : Context for 'APU' is selected.
17:12:52 INFO  : System reset is completed.
17:12:55 INFO  : 'after 3000' command is executed.
17:12:55 INFO  : 'targets -set -filter {jtag_cable_name =~ "Digilent Zed 210248585425" && level==0 && jtag_device_ctx=="jsn-Zed-210248585425-23727093-0"}' command is executed.
17:12:57 INFO  : Device configured successfully with "E:/Git-Repos/CNC-FPGA/Vitis3/SD-UART/_ide/bitstream/CNC_Top_wrapper.bit"
17:12:58 INFO  : Context for 'APU' is selected.
17:12:58 INFO  : Hardware design and registers information is loaded from 'E:/Git-Repos/CNC-FPGA/Vitis3/CNC-PL-NEW/export/CNC-PL-NEW/hw/CNC_Top_wrapper.xsa'.
17:12:58 INFO  : 'configparams force-mem-access 1' command is executed.
17:12:58 INFO  : Context for 'APU' is selected.
17:12:58 INFO  : Sourcing of 'E:/Git-Repos/CNC-FPGA/Vitis3/SD-UART/_ide/psinit/ps7_init.tcl' is done.
17:12:58 INFO  : 'ps7_init' command is executed.
17:12:58 INFO  : 'ps7_post_config' command is executed.
17:12:58 INFO  : Context for processor 'ps7_cortexa9_0' is selected.
17:12:58 INFO  : The application 'E:/Git-Repos/CNC-FPGA/Vitis3/SD-UART/Debug/SD-UART.elf' is downloaded to processor 'ps7_cortexa9_0'.
17:12:58 INFO  : 'configparams force-mem-access 0' command is executed.
17:12:58 INFO  : ----------------XSDB Script----------------
connect -url tcp:127.0.0.1:3121
targets -set -nocase -filter {name =~"APU*"}
rst -system
after 3000
targets -set -filter {jtag_cable_name =~ "Digilent Zed 210248585425" && level==0 && jtag_device_ctx=="jsn-Zed-210248585425-23727093-0"}
fpga -file E:/Git-Repos/CNC-FPGA/Vitis3/SD-UART/_ide/bitstream/CNC_Top_wrapper.bit
targets -set -nocase -filter {name =~"APU*"}
loadhw -hw E:/Git-Repos/CNC-FPGA/Vitis3/CNC-PL-NEW/export/CNC-PL-NEW/hw/CNC_Top_wrapper.xsa -mem-ranges [list {0x40000000 0xbfffffff}] -regs
configparams force-mem-access 1
targets -set -nocase -filter {name =~"APU*"}
source E:/Git-Repos/CNC-FPGA/Vitis3/SD-UART/_ide/psinit/ps7_init.tcl
ps7_init
ps7_post_config
targets -set -nocase -filter {name =~ "*A9*#0"}
dow E:/Git-Repos/CNC-FPGA/Vitis3/SD-UART/Debug/SD-UART.elf
configparams force-mem-access 0
----------------End of Script----------------

17:12:58 INFO  : Context for processor 'ps7_cortexa9_0' is selected.
17:12:58 INFO  : 'con' command is executed.
17:12:58 INFO  : ----------------XSDB Script (After Launch)----------------
targets -set -nocase -filter {name =~ "*A9*#0"}
con
----------------End of Script----------------

17:12:58 INFO  : Launch script is exported to file 'E:\Git-Repos\CNC-FPGA\Vitis3\SD-UART_system\_ide\scripts\systemdebugger_sd-uart_system_11_standalone.tcl'
17:13:27 INFO  : Disconnected from the channel tcfchan#19.
17:13:28 INFO  : Connected to target on host '127.0.0.1' and port '3121'.
17:13:28 INFO  : Jtag cable 'Digilent Zed 210248585425' is selected.
17:13:28 INFO  : 'jtag frequency' command is executed.
17:13:28 INFO  : Context for 'APU' is selected.
17:13:28 INFO  : System reset is completed.
17:13:31 INFO  : 'after 3000' command is executed.
17:13:32 INFO  : 'targets -set -filter {jtag_cable_name =~ "Digilent Zed 210248585425" && level==0 && jtag_device_ctx=="jsn-Zed-210248585425-23727093-0"}' command is executed.
17:13:34 INFO  : Device configured successfully with "E:/Git-Repos/CNC-FPGA/Vitis3/SD-UART/_ide/bitstream/CNC_Top_wrapper.bit"
17:13:34 INFO  : Context for 'APU' is selected.
17:13:34 INFO  : Hardware design and registers information is loaded from 'E:/Git-Repos/CNC-FPGA/Vitis3/CNC-PL-NEW/export/CNC-PL-NEW/hw/CNC_Top_wrapper.xsa'.
17:13:34 INFO  : 'configparams force-mem-access 1' command is executed.
17:13:34 INFO  : Context for 'APU' is selected.
17:13:34 INFO  : Sourcing of 'E:/Git-Repos/CNC-FPGA/Vitis3/SD-UART/_ide/psinit/ps7_init.tcl' is done.
17:13:34 INFO  : 'ps7_init' command is executed.
17:13:34 INFO  : 'ps7_post_config' command is executed.
17:13:34 INFO  : Context for processor 'ps7_cortexa9_0' is selected.
17:13:34 INFO  : The application 'E:/Git-Repos/CNC-FPGA/Vitis3/SD-UART/Debug/SD-UART.elf' is downloaded to processor 'ps7_cortexa9_0'.
17:13:34 INFO  : 'configparams force-mem-access 0' command is executed.
17:13:34 INFO  : ----------------XSDB Script----------------
connect -url tcp:127.0.0.1:3121
targets -set -nocase -filter {name =~"APU*"}
rst -system
after 3000
targets -set -filter {jtag_cable_name =~ "Digilent Zed 210248585425" && level==0 && jtag_device_ctx=="jsn-Zed-210248585425-23727093-0"}
fpga -file E:/Git-Repos/CNC-FPGA/Vitis3/SD-UART/_ide/bitstream/CNC_Top_wrapper.bit
targets -set -nocase -filter {name =~"APU*"}
loadhw -hw E:/Git-Repos/CNC-FPGA/Vitis3/CNC-PL-NEW/export/CNC-PL-NEW/hw/CNC_Top_wrapper.xsa -mem-ranges [list {0x40000000 0xbfffffff}] -regs
configparams force-mem-access 1
targets -set -nocase -filter {name =~"APU*"}
source E:/Git-Repos/CNC-FPGA/Vitis3/SD-UART/_ide/psinit/ps7_init.tcl
ps7_init
ps7_post_config
targets -set -nocase -filter {name =~ "*A9*#0"}
dow E:/Git-Repos/CNC-FPGA/Vitis3/SD-UART/Debug/SD-UART.elf
configparams force-mem-access 0
----------------End of Script----------------

17:13:34 INFO  : Context for processor 'ps7_cortexa9_0' is selected.
17:13:34 INFO  : 'con' command is executed.
17:13:34 INFO  : ----------------XSDB Script (After Launch)----------------
targets -set -nocase -filter {name =~ "*A9*#0"}
con
----------------End of Script----------------

17:13:34 INFO  : Launch script is exported to file 'E:\Git-Repos\CNC-FPGA\Vitis3\SD-UART_system\_ide\scripts\systemdebugger_sd-uart_system_12_standalone.tcl'
17:32:43 INFO  : Result from executing command 'getProjects': CNC-PL-FINAL;CNC-PL-NEW;CNC-PL1
17:32:43 INFO  : Result from executing command 'getPlatforms': CNC-PL-NEW|E:/Git-Repos/CNC-FPGA/Vitis3/CNC-PL-NEW/export/CNC-PL-NEW/CNC-PL-NEW.xpfm;CNC-PL1|E:/Git-Repos/CNC-FPGA/Vitis3/CNC-PL1/export/CNC-PL1/CNC-PL1.xpfm;xilinx_zcu102_base_202420_1|C:/Xilinx/Vitis/2024.2/base_platforms/xilinx_zcu102_base_202420_1/xilinx_zcu102_base_202420_1.xpfm;xilinx_zcu102_base_dfx_202420_1|C:/Xilinx/Vitis/2024.2/base_platforms/xilinx_zcu102_base_dfx_202420_1/xilinx_zcu102_base_dfx_202420_1.xpfm;xilinx_zcu104_base_202420_1|C:/Xilinx/Vitis/2024.2/base_platforms/xilinx_zcu104_base_202420_1/xilinx_zcu104_base_202420_1.xpfm
17:32:58 INFO  : No changes in MSS file content so sources will not be generated.
17:33:16 INFO  : No changes in MSS file content so sources will not be generated.
17:33:21 INFO  : No changes in MSS file content so sources will not be generated.
17:33:42 INFO  : Result from executing command 'getProjects': CNC-PL-FINAL;CNC-PL-NEW;CNC-PL1
17:33:42 INFO  : Result from executing command 'getPlatforms': CNC-PL-FINAL|E:/Git-Repos/CNC-FPGA/Vitis3/CNC-PL-FINAL/export/CNC-PL-FINAL/CNC-PL-FINAL.xpfm;CNC-PL1|E:/Git-Repos/CNC-FPGA/Vitis3/CNC-PL1/export/CNC-PL1/CNC-PL1.xpfm;xilinx_zcu102_base_202420_1|C:/Xilinx/Vitis/2024.2/base_platforms/xilinx_zcu102_base_202420_1/xilinx_zcu102_base_202420_1.xpfm;xilinx_zcu102_base_dfx_202420_1|C:/Xilinx/Vitis/2024.2/base_platforms/xilinx_zcu102_base_dfx_202420_1/xilinx_zcu102_base_dfx_202420_1.xpfm;xilinx_zcu104_base_202420_1|C:/Xilinx/Vitis/2024.2/base_platforms/xilinx_zcu104_base_202420_1/xilinx_zcu104_base_202420_1.xpfm
17:34:11 INFO  : The hardware specification used by project 'SD-UART' is out of sync with the platform. Resource files extracted from the hardware specification will be updated.
17:34:12 INFO  : The file 'E:\Git-Repos\CNC-FPGA\Vitis3\SD-UART\_ide\bitstream\CNC_Top_wrapper.bit' stored in project is removed.
17:34:12 INFO  : The updated bitstream files are copied from platform to folder 'E:\Git-Repos\CNC-FPGA\Vitis3\SD-UART\_ide\bitstream' in project 'SD-UART'.
17:34:12 INFO  : The file 'E:\Git-Repos\CNC-FPGA\Vitis3\SD-UART\_ide\psinit\ps7_init.tcl' stored in project is removed.
17:34:17 INFO  : The updated ps init files are copied from platform to folder 'E:\Git-Repos\CNC-FPGA\Vitis3\SD-UART\_ide\psinit' in project 'SD-UART'.
17:34:53 INFO  : Disconnected from the channel tcfchan#20.
17:34:54 INFO  : Connected to target on host '127.0.0.1' and port '3121'.
17:34:54 INFO  : Jtag cable 'Digilent Zed 210248585425' is selected.
17:34:54 INFO  : 'jtag frequency' command is executed.
17:34:54 INFO  : Context for 'APU' is selected.
17:34:54 INFO  : System reset is completed.
17:34:57 INFO  : 'after 3000' command is executed.
17:34:57 INFO  : 'targets -set -filter {jtag_cable_name =~ "Digilent Zed 210248585425" && level==0 && jtag_device_ctx=="jsn-Zed-210248585425-23727093-0"}' command is executed.
17:35:00 INFO  : Device configured successfully with "E:/Git-Repos/CNC-FPGA/Vitis3/SD-UART/_ide/bitstream/CNC_Top_wrapper.bit"
17:35:00 INFO  : Context for 'APU' is selected.
17:35:00 INFO  : Hardware design and registers information is loaded from 'E:/Git-Repos/CNC-FPGA/Vitis3/CNC-PL-FINAL/export/CNC-PL-FINAL/hw/CNC_Top_wrapper.xsa'.
17:35:00 INFO  : 'configparams force-mem-access 1' command is executed.
17:35:00 INFO  : Context for 'APU' is selected.
17:35:00 INFO  : Sourcing of 'E:/Git-Repos/CNC-FPGA/Vitis3/SD-UART/_ide/psinit/ps7_init.tcl' is done.
17:35:00 INFO  : 'ps7_init' command is executed.
17:35:00 INFO  : 'ps7_post_config' command is executed.
17:35:00 INFO  : Context for processor 'ps7_cortexa9_0' is selected.
17:35:00 INFO  : The application 'E:/Git-Repos/CNC-FPGA/Vitis3/SD-UART/Debug/SD-UART.elf' is downloaded to processor 'ps7_cortexa9_0'.
17:35:00 INFO  : 'configparams force-mem-access 0' command is executed.
17:35:00 INFO  : ----------------XSDB Script----------------
connect -url tcp:127.0.0.1:3121
targets -set -nocase -filter {name =~"APU*"}
rst -system
after 3000
targets -set -filter {jtag_cable_name =~ "Digilent Zed 210248585425" && level==0 && jtag_device_ctx=="jsn-Zed-210248585425-23727093-0"}
fpga -file E:/Git-Repos/CNC-FPGA/Vitis3/SD-UART/_ide/bitstream/CNC_Top_wrapper.bit
targets -set -nocase -filter {name =~"APU*"}
loadhw -hw E:/Git-Repos/CNC-FPGA/Vitis3/CNC-PL-FINAL/export/CNC-PL-FINAL/hw/CNC_Top_wrapper.xsa -mem-ranges [list {0x40000000 0xbfffffff}] -regs
configparams force-mem-access 1
targets -set -nocase -filter {name =~"APU*"}
source E:/Git-Repos/CNC-FPGA/Vitis3/SD-UART/_ide/psinit/ps7_init.tcl
ps7_init
ps7_post_config
targets -set -nocase -filter {name =~ "*A9*#0"}
dow E:/Git-Repos/CNC-FPGA/Vitis3/SD-UART/Debug/SD-UART.elf
configparams force-mem-access 0
----------------End of Script----------------

17:35:00 INFO  : Context for processor 'ps7_cortexa9_0' is selected.
17:35:00 INFO  : 'con' command is executed.
17:35:00 INFO  : ----------------XSDB Script (After Launch)----------------
targets -set -nocase -filter {name =~ "*A9*#0"}
con
----------------End of Script----------------

17:35:00 INFO  : Launch script is exported to file 'E:\Git-Repos\CNC-FPGA\Vitis3\SD-UART_system\_ide\scripts\systemdebugger_sd-uart_system_13_standalone.tcl'
17:43:02 INFO  : Checking for BSP changes to sync application flags for project 'SD-UART'...
17:43:02 INFO  : Updating application flags with new BSP settings...
17:43:02 INFO  : Successfully updated application flags for project SD-UART.
17:43:21 INFO  : Disconnected from the channel tcfchan#22.
17:43:22 INFO  : Connected to target on host '127.0.0.1' and port '3121'.
17:43:22 INFO  : Jtag cable 'Digilent Zed 210248585425' is selected.
17:43:22 INFO  : 'jtag frequency' command is executed.
17:43:22 INFO  : Context for 'APU' is selected.
17:43:22 INFO  : System reset is completed.
17:43:25 INFO  : 'after 3000' command is executed.
17:43:25 INFO  : 'targets -set -filter {jtag_cable_name =~ "Digilent Zed 210248585425" && level==0 && jtag_device_ctx=="jsn-Zed-210248585425-23727093-0"}' command is executed.
17:43:27 INFO  : Device configured successfully with "E:/Git-Repos/CNC-FPGA/Vitis3/SD-UART/_ide/bitstream/CNC_Top_wrapper.bit"
17:43:27 INFO  : Context for 'APU' is selected.
17:43:27 INFO  : Hardware design and registers information is loaded from 'E:/Git-Repos/CNC-FPGA/Vitis3/CNC-PL-FINAL/export/CNC-PL-FINAL/hw/CNC_Top_wrapper.xsa'.
17:43:27 INFO  : 'configparams force-mem-access 1' command is executed.
17:43:27 INFO  : Context for 'APU' is selected.
17:43:27 INFO  : Sourcing of 'E:/Git-Repos/CNC-FPGA/Vitis3/SD-UART/_ide/psinit/ps7_init.tcl' is done.
17:43:27 INFO  : 'ps7_init' command is executed.
17:43:27 INFO  : 'ps7_post_config' command is executed.
17:43:27 INFO  : Context for processor 'ps7_cortexa9_0' is selected.
17:43:28 INFO  : The application 'E:/Git-Repos/CNC-FPGA/Vitis3/SD-UART/Debug/SD-UART.elf' is downloaded to processor 'ps7_cortexa9_0'.
17:43:28 INFO  : 'configparams force-mem-access 0' command is executed.
17:43:28 INFO  : ----------------XSDB Script----------------
connect -url tcp:127.0.0.1:3121
targets -set -nocase -filter {name =~"APU*"}
rst -system
after 3000
targets -set -filter {jtag_cable_name =~ "Digilent Zed 210248585425" && level==0 && jtag_device_ctx=="jsn-Zed-210248585425-23727093-0"}
fpga -file E:/Git-Repos/CNC-FPGA/Vitis3/SD-UART/_ide/bitstream/CNC_Top_wrapper.bit
targets -set -nocase -filter {name =~"APU*"}
loadhw -hw E:/Git-Repos/CNC-FPGA/Vitis3/CNC-PL-FINAL/export/CNC-PL-FINAL/hw/CNC_Top_wrapper.xsa -mem-ranges [list {0x40000000 0xbfffffff}] -regs
configparams force-mem-access 1
targets -set -nocase -filter {name =~"APU*"}
source E:/Git-Repos/CNC-FPGA/Vitis3/SD-UART/_ide/psinit/ps7_init.tcl
ps7_init
ps7_post_config
targets -set -nocase -filter {name =~ "*A9*#0"}
dow E:/Git-Repos/CNC-FPGA/Vitis3/SD-UART/Debug/SD-UART.elf
configparams force-mem-access 0
----------------End of Script----------------

17:43:28 INFO  : Context for processor 'ps7_cortexa9_0' is selected.
17:43:28 INFO  : 'con' command is executed.
17:43:28 INFO  : ----------------XSDB Script (After Launch)----------------
targets -set -nocase -filter {name =~ "*A9*#0"}
con
----------------End of Script----------------

17:43:28 INFO  : Launch script is exported to file 'E:\Git-Repos\CNC-FPGA\Vitis3\SD-UART_system\_ide\scripts\systemdebugger_sd-uart_system_14_standalone.tcl'
19:01:00 DEBUG : Logs will be stored at 'E:/Git-Repos/CNC-FPGA/Vitis3/IDE.log'.
19:01:00 INFO  : Launching XSCT server: xsct.bat -n  -interactive E:\Git-Repos\CNC-FPGA\Vitis3\temp_xsdb_launch_script.tcl
19:01:03 INFO  : XSCT server has started successfully.
19:01:03 INFO  : plnx-install-location is set to ''
19:01:03 INFO  : Successfully done setting XSCT server connection channel  
19:01:03 INFO  : Successfully done setting workspace for the tool. 
19:01:04 INFO  : Successfully done query RDI_DATADIR 
19:01:04 INFO  : Platform repository initialization has completed.
19:01:04 INFO  : Registering command handlers for Vitis TCF services
19:02:07 INFO  : Result from executing command 'getProjects': CNC-PL-FINAL;CNC-PL-NEW;CNC-PL1;CNC-PL333
19:02:07 INFO  : Result from executing command 'getPlatforms': CNC-PL-FINAL|E:/Git-Repos/CNC-FPGA/Vitis3/CNC-PL-FINAL/export/CNC-PL-FINAL/CNC-PL-FINAL.xpfm;CNC-PL-NEW|E:/Git-Repos/CNC-FPGA/Vitis3/CNC-PL-NEW/export/CNC-PL-NEW/CNC-PL-NEW.xpfm;CNC-PL1|E:/Git-Repos/CNC-FPGA/Vitis3/CNC-PL1/export/CNC-PL1/CNC-PL1.xpfm;CNC-PL333|E:/Git-Repos/CNC-FPGA/Vitis3/CNC-PL333/export/CNC-PL333/CNC-PL333.xpfm;xilinx_zcu102_base_202420_1|C:/Xilinx/Vitis/2024.2/base_platforms/xilinx_zcu102_base_202420_1/xilinx_zcu102_base_202420_1.xpfm;xilinx_zcu102_base_dfx_202420_1|C:/Xilinx/Vitis/2024.2/base_platforms/xilinx_zcu102_base_dfx_202420_1/xilinx_zcu102_base_dfx_202420_1.xpfm;xilinx_zcu104_base_202420_1|C:/Xilinx/Vitis/2024.2/base_platforms/xilinx_zcu104_base_202420_1/xilinx_zcu104_base_202420_1.xpfm
19:02:09 INFO  : Checking for BSP changes to sync application flags for project 'SD-UART'...
19:02:38 INFO  : Connected to target on host '127.0.0.1' and port '3121'.
19:02:39 INFO  : Jtag cable 'Digilent Zed 210248585425' is selected.
19:02:39 INFO  : 'jtag frequency' command is executed.
19:02:39 INFO  : Context for 'APU' is selected.
19:02:39 INFO  : System reset is completed.
19:02:42 INFO  : 'after 3000' command is executed.
19:02:42 INFO  : 'targets -set -filter {jtag_cable_name =~ "Digilent Zed 210248585425" && level==0 && jtag_device_ctx=="jsn-Zed-210248585425-23727093-0"}' command is executed.
19:02:44 INFO  : Device configured successfully with "E:/Git-Repos/CNC-FPGA/Vitis3/SD-UART/_ide/bitstream/CNC_Top_wrapper.bit"
19:02:44 INFO  : Context for 'APU' is selected.
19:02:45 INFO  : Hardware design and registers information is loaded from 'E:/Git-Repos/CNC-FPGA/Vitis3/CNC-PL333/export/CNC-PL333/hw/CNC_Top_wrapper.xsa'.
19:02:45 INFO  : 'configparams force-mem-access 1' command is executed.
19:02:45 INFO  : Context for 'APU' is selected.
19:02:45 INFO  : Sourcing of 'E:/Git-Repos/CNC-FPGA/Vitis3/SD-UART/_ide/psinit/ps7_init.tcl' is done.
19:02:45 INFO  : 'ps7_init' command is executed.
19:02:45 INFO  : 'ps7_post_config' command is executed.
19:02:45 INFO  : Context for processor 'ps7_cortexa9_0' is selected.
19:02:45 INFO  : The application 'E:/Git-Repos/CNC-FPGA/Vitis3/SD-UART/Debug/SD-UART.elf' is downloaded to processor 'ps7_cortexa9_0'.
19:02:45 INFO  : 'configparams force-mem-access 0' command is executed.
19:02:45 INFO  : ----------------XSDB Script----------------
connect -url tcp:127.0.0.1:3121
targets -set -nocase -filter {name =~"APU*"}
rst -system
after 3000
targets -set -filter {jtag_cable_name =~ "Digilent Zed 210248585425" && level==0 && jtag_device_ctx=="jsn-Zed-210248585425-23727093-0"}
fpga -file E:/Git-Repos/CNC-FPGA/Vitis3/SD-UART/_ide/bitstream/CNC_Top_wrapper.bit
targets -set -nocase -filter {name =~"APU*"}
loadhw -hw E:/Git-Repos/CNC-FPGA/Vitis3/CNC-PL333/export/CNC-PL333/hw/CNC_Top_wrapper.xsa -mem-ranges [list {0x40000000 0xbfffffff}] -regs
configparams force-mem-access 1
targets -set -nocase -filter {name =~"APU*"}
source E:/Git-Repos/CNC-FPGA/Vitis3/SD-UART/_ide/psinit/ps7_init.tcl
ps7_init
ps7_post_config
targets -set -nocase -filter {name =~ "*A9*#0"}
dow E:/Git-Repos/CNC-FPGA/Vitis3/SD-UART/Debug/SD-UART.elf
configparams force-mem-access 0
----------------End of Script----------------

19:02:45 INFO  : Context for processor 'ps7_cortexa9_0' is selected.
19:02:45 INFO  : 'con' command is executed.
19:02:45 INFO  : ----------------XSDB Script (After Launch)----------------
targets -set -nocase -filter {name =~ "*A9*#0"}
con
----------------End of Script----------------

19:02:45 INFO  : Launch script is exported to file 'E:\Git-Repos\CNC-FPGA\Vitis3\SD-UART_system\_ide\scripts\systemdebugger_sd-uart_system_standalone.tcl'
19:06:59 INFO  : Disconnected from the channel tcfchan#3.
19:07:15 DEBUG : Logs will be stored at 'E:/Git-Repos/CNC-FPGA/Vitis3/IDE.log'.
19:07:16 INFO  : Launching XSCT server: xsct.bat -n  -interactive E:\Git-Repos\CNC-FPGA\Vitis3\temp_xsdb_launch_script.tcl
19:07:19 INFO  : XSCT server has started successfully.
19:07:19 INFO  : plnx-install-location is set to ''
19:07:19 INFO  : Successfully done setting XSCT server connection channel  
19:07:19 INFO  : Successfully done setting workspace for the tool. 
19:07:19 INFO  : Successfully done query RDI_DATADIR 
19:07:19 INFO  : Platform repository initialization has completed.
19:07:20 INFO  : Registering command handlers for Vitis TCF services
19:08:21 ERROR : An unexpected exception occurred in the module 'reading platform'
19:09:02 INFO  : Result from executing command 'getProjects': CNC-PL;CNC-PL333
19:09:02 INFO  : Result from executing command 'getPlatforms': CNC-PL333|E:/Git-Repos/CNC-FPGA/Vitis3/CNC-PL333/export/CNC-PL333/CNC-PL333.xpfm;xilinx_zcu102_base_202420_1|C:/Xilinx/Vitis/2024.2/base_platforms/xilinx_zcu102_base_202420_1/xilinx_zcu102_base_202420_1.xpfm;xilinx_zcu102_base_dfx_202420_1|C:/Xilinx/Vitis/2024.2/base_platforms/xilinx_zcu102_base_dfx_202420_1/xilinx_zcu102_base_dfx_202420_1.xpfm;xilinx_zcu104_base_202420_1|C:/Xilinx/Vitis/2024.2/base_platforms/xilinx_zcu104_base_202420_1/xilinx_zcu104_base_202420_1.xpfm
19:09:10 INFO  : No changes in MSS file content so sources will not be generated.
19:09:45 INFO  : Result from executing command 'getProjects': CNC-PL;CNC-PL333
19:09:45 INFO  : Result from executing command 'getPlatforms': CNC-PL333|E:/Git-Repos/CNC-FPGA/Vitis3/CNC-PL333/export/CNC-PL333/CNC-PL333.xpfm;CNC-PL|E:/Git-Repos/CNC-FPGA/Vitis3/CNC-PL/export/CNC-PL/CNC-PL.xpfm;xilinx_zcu102_base_202420_1|C:/Xilinx/Vitis/2024.2/base_platforms/xilinx_zcu102_base_202420_1/xilinx_zcu102_base_202420_1.xpfm;xilinx_zcu102_base_dfx_202420_1|C:/Xilinx/Vitis/2024.2/base_platforms/xilinx_zcu102_base_dfx_202420_1/xilinx_zcu102_base_dfx_202420_1.xpfm;xilinx_zcu104_base_202420_1|C:/Xilinx/Vitis/2024.2/base_platforms/xilinx_zcu104_base_202420_1/xilinx_zcu104_base_202420_1.xpfm
19:10:17 INFO  : Checking for BSP changes to sync application flags for project 'SD-UART'...
19:10:19 INFO  : Updating application flags with new BSP settings...
19:10:19 INFO  : Successfully updated application flags for project SD-UART.
19:10:45 INFO  : No changes in MSS file content so sources will not be generated.
19:12:18 INFO  : No changes in MSS file content so sources will not be generated.
19:12:21 INFO  : No changes in MSS file content so sources will not be generated.
19:12:28 INFO  : Result from executing command 'getProjects': CNC-PL333
19:12:28 INFO  : Result from executing command 'getPlatforms': CNC-PL333|E:/Git-Repos/CNC-FPGA/Vitis3/CNC-PL333/export/CNC-PL333/CNC-PL333.xpfm;xilinx_zcu102_base_202420_1|C:/Xilinx/Vitis/2024.2/base_platforms/xilinx_zcu102_base_202420_1/xilinx_zcu102_base_202420_1.xpfm;xilinx_zcu102_base_dfx_202420_1|C:/Xilinx/Vitis/2024.2/base_platforms/xilinx_zcu102_base_dfx_202420_1/xilinx_zcu102_base_dfx_202420_1.xpfm;xilinx_zcu104_base_202420_1|C:/Xilinx/Vitis/2024.2/base_platforms/xilinx_zcu104_base_202420_1/xilinx_zcu104_base_202420_1.xpfm
19:12:35 INFO  : Checking for BSP changes to sync application flags for project 'SD-UART'...
19:12:37 INFO  : Updating application flags with new BSP settings...
19:12:37 INFO  : Successfully updated application flags for project SD-UART.
19:13:12 INFO  : Connected to target on host '127.0.0.1' and port '3121'.
19:13:13 INFO  : Jtag cable 'Digilent Zed 210248585425' is selected.
19:13:13 INFO  : 'jtag frequency' command is executed.
19:13:13 INFO  : Context for 'APU' is selected.
19:13:13 INFO  : System reset is completed.
19:13:16 INFO  : 'after 3000' command is executed.
19:13:16 INFO  : 'targets -set -filter {jtag_cable_name =~ "Digilent Zed 210248585425" && level==0 && jtag_device_ctx=="jsn-Zed-210248585425-23727093-0"}' command is executed.
19:13:19 INFO  : Device configured successfully with "E:/Git-Repos/CNC-FPGA/Vitis3/SD-UART/_ide/bitstream/CNC_Top_wrapper.bit"
19:13:19 INFO  : Context for 'APU' is selected.
19:13:19 INFO  : Hardware design and registers information is loaded from 'E:/Git-Repos/CNC-FPGA/Vitis3/CNC-PL333/export/CNC-PL333/hw/CNC_Top_wrapper.xsa'.
19:13:19 INFO  : 'configparams force-mem-access 1' command is executed.
19:13:19 INFO  : Context for 'APU' is selected.
19:13:19 INFO  : Sourcing of 'E:/Git-Repos/CNC-FPGA/Vitis3/SD-UART/_ide/psinit/ps7_init.tcl' is done.
19:13:19 INFO  : 'ps7_init' command is executed.
19:13:19 INFO  : 'ps7_post_config' command is executed.
19:13:19 INFO  : Context for processor 'ps7_cortexa9_0' is selected.
19:13:19 INFO  : The application 'E:/Git-Repos/CNC-FPGA/Vitis3/SD-UART/Debug/SD-UART.elf' is downloaded to processor 'ps7_cortexa9_0'.
19:13:19 INFO  : 'configparams force-mem-access 0' command is executed.
19:13:19 INFO  : ----------------XSDB Script----------------
connect -url tcp:127.0.0.1:3121
targets -set -nocase -filter {name =~"APU*"}
rst -system
after 3000
targets -set -filter {jtag_cable_name =~ "Digilent Zed 210248585425" && level==0 && jtag_device_ctx=="jsn-Zed-210248585425-23727093-0"}
fpga -file E:/Git-Repos/CNC-FPGA/Vitis3/SD-UART/_ide/bitstream/CNC_Top_wrapper.bit
targets -set -nocase -filter {name =~"APU*"}
loadhw -hw E:/Git-Repos/CNC-FPGA/Vitis3/CNC-PL333/export/CNC-PL333/hw/CNC_Top_wrapper.xsa -mem-ranges [list {0x40000000 0xbfffffff}] -regs
configparams force-mem-access 1
targets -set -nocase -filter {name =~"APU*"}
source E:/Git-Repos/CNC-FPGA/Vitis3/SD-UART/_ide/psinit/ps7_init.tcl
ps7_init
ps7_post_config
targets -set -nocase -filter {name =~ "*A9*#0"}
dow E:/Git-Repos/CNC-FPGA/Vitis3/SD-UART/Debug/SD-UART.elf
configparams force-mem-access 0
----------------End of Script----------------

19:13:19 INFO  : Context for processor 'ps7_cortexa9_0' is selected.
19:13:19 INFO  : 'con' command is executed.
19:13:19 INFO  : ----------------XSDB Script (After Launch)----------------
targets -set -nocase -filter {name =~ "*A9*#0"}
con
----------------End of Script----------------

19:13:19 INFO  : Launch script is exported to file 'E:\Git-Repos\CNC-FPGA\Vitis3\SD-UART_system\_ide\scripts\systemdebugger_sd-uart_system_1_standalone.tcl'
19:22:07 INFO  : Checking for BSP changes to sync application flags for project 'SD-UART'...
19:22:23 INFO  : Disconnected from the channel tcfchan#6.
19:22:24 INFO  : Connected to target on host '127.0.0.1' and port '3121'.
19:22:25 INFO  : Jtag cable 'Digilent Zed 210248585425' is selected.
19:22:25 INFO  : 'jtag frequency' command is executed.
19:22:25 INFO  : Context for 'APU' is selected.
19:22:25 INFO  : System reset is completed.
19:22:28 INFO  : 'after 3000' command is executed.
19:22:28 INFO  : 'targets -set -filter {jtag_cable_name =~ "Digilent Zed 210248585425" && level==0 && jtag_device_ctx=="jsn-Zed-210248585425-23727093-0"}' command is executed.
19:22:30 INFO  : Device configured successfully with "E:/Git-Repos/CNC-FPGA/Vitis3/SD-UART/_ide/bitstream/CNC_Top_wrapper.bit"
19:22:30 INFO  : Context for 'APU' is selected.
19:22:30 INFO  : Hardware design and registers information is loaded from 'E:/Git-Repos/CNC-FPGA/Vitis3/CNC-PL333/export/CNC-PL333/hw/CNC_Top_wrapper.xsa'.
19:22:30 INFO  : 'configparams force-mem-access 1' command is executed.
19:22:30 INFO  : Context for 'APU' is selected.
19:22:30 INFO  : Sourcing of 'E:/Git-Repos/CNC-FPGA/Vitis3/SD-UART/_ide/psinit/ps7_init.tcl' is done.
19:22:30 INFO  : 'ps7_init' command is executed.
19:22:30 INFO  : 'ps7_post_config' command is executed.
19:22:30 INFO  : Context for processor 'ps7_cortexa9_0' is selected.
19:22:30 INFO  : The application 'E:/Git-Repos/CNC-FPGA/Vitis3/SD-UART/Debug/SD-UART.elf' is downloaded to processor 'ps7_cortexa9_0'.
19:22:30 INFO  : 'configparams force-mem-access 0' command is executed.
19:22:30 INFO  : ----------------XSDB Script----------------
connect -url tcp:127.0.0.1:3121
targets -set -nocase -filter {name =~"APU*"}
rst -system
after 3000
targets -set -filter {jtag_cable_name =~ "Digilent Zed 210248585425" && level==0 && jtag_device_ctx=="jsn-Zed-210248585425-23727093-0"}
fpga -file E:/Git-Repos/CNC-FPGA/Vitis3/SD-UART/_ide/bitstream/CNC_Top_wrapper.bit
targets -set -nocase -filter {name =~"APU*"}
loadhw -hw E:/Git-Repos/CNC-FPGA/Vitis3/CNC-PL333/export/CNC-PL333/hw/CNC_Top_wrapper.xsa -mem-ranges [list {0x40000000 0xbfffffff}] -regs
configparams force-mem-access 1
targets -set -nocase -filter {name =~"APU*"}
source E:/Git-Repos/CNC-FPGA/Vitis3/SD-UART/_ide/psinit/ps7_init.tcl
ps7_init
ps7_post_config
targets -set -nocase -filter {name =~ "*A9*#0"}
dow E:/Git-Repos/CNC-FPGA/Vitis3/SD-UART/Debug/SD-UART.elf
configparams force-mem-access 0
----------------End of Script----------------

19:22:31 INFO  : Context for processor 'ps7_cortexa9_0' is selected.
19:22:31 INFO  : 'con' command is executed.
19:22:31 INFO  : ----------------XSDB Script (After Launch)----------------
targets -set -nocase -filter {name =~ "*A9*#0"}
con
----------------End of Script----------------

19:22:31 INFO  : Launch script is exported to file 'E:\Git-Repos\CNC-FPGA\Vitis3\SD-UART_system\_ide\scripts\systemdebugger_sd-uart_system_2_standalone.tcl'
19:42:45 INFO  : Checking for BSP changes to sync application flags for project 'SD-UART'...
19:43:25 INFO  : Disconnected from the channel tcfchan#8.
19:43:26 INFO  : Connected to target on host '127.0.0.1' and port '3121'.
19:43:26 INFO  : Jtag cable 'Digilent Zed 210248585425' is selected.
19:43:26 INFO  : 'jtag frequency' command is executed.
19:43:26 INFO  : Context for 'APU' is selected.
19:43:26 INFO  : System reset is completed.
19:43:29 INFO  : 'after 3000' command is executed.
19:43:29 INFO  : 'targets -set -filter {jtag_cable_name =~ "Digilent Zed 210248585425" && level==0 && jtag_device_ctx=="jsn-Zed-210248585425-23727093-0"}' command is executed.
19:43:31 INFO  : Device configured successfully with "E:/Git-Repos/CNC-FPGA/Vitis3/SD-UART/_ide/bitstream/CNC_Top_wrapper.bit"
19:43:31 INFO  : Context for 'APU' is selected.
19:43:31 INFO  : Hardware design and registers information is loaded from 'E:/Git-Repos/CNC-FPGA/Vitis3/CNC-PL333/export/CNC-PL333/hw/CNC_Top_wrapper.xsa'.
19:43:31 INFO  : 'configparams force-mem-access 1' command is executed.
19:43:31 INFO  : Context for 'APU' is selected.
19:43:31 INFO  : Sourcing of 'E:/Git-Repos/CNC-FPGA/Vitis3/SD-UART/_ide/psinit/ps7_init.tcl' is done.
19:43:32 INFO  : 'ps7_init' command is executed.
19:43:32 INFO  : 'ps7_post_config' command is executed.
19:43:32 INFO  : Context for processor 'ps7_cortexa9_0' is selected.
19:43:32 INFO  : The application 'E:/Git-Repos/CNC-FPGA/Vitis3/SD-UART/Debug/SD-UART.elf' is downloaded to processor 'ps7_cortexa9_0'.
19:43:32 INFO  : 'configparams force-mem-access 0' command is executed.
19:43:32 INFO  : ----------------XSDB Script----------------
connect -url tcp:127.0.0.1:3121
targets -set -nocase -filter {name =~"APU*"}
rst -system
after 3000
targets -set -filter {jtag_cable_name =~ "Digilent Zed 210248585425" && level==0 && jtag_device_ctx=="jsn-Zed-210248585425-23727093-0"}
fpga -file E:/Git-Repos/CNC-FPGA/Vitis3/SD-UART/_ide/bitstream/CNC_Top_wrapper.bit
targets -set -nocase -filter {name =~"APU*"}
loadhw -hw E:/Git-Repos/CNC-FPGA/Vitis3/CNC-PL333/export/CNC-PL333/hw/CNC_Top_wrapper.xsa -mem-ranges [list {0x40000000 0xbfffffff}] -regs
configparams force-mem-access 1
targets -set -nocase -filter {name =~"APU*"}
source E:/Git-Repos/CNC-FPGA/Vitis3/SD-UART/_ide/psinit/ps7_init.tcl
ps7_init
ps7_post_config
targets -set -nocase -filter {name =~ "*A9*#0"}
dow E:/Git-Repos/CNC-FPGA/Vitis3/SD-UART/Debug/SD-UART.elf
configparams force-mem-access 0
----------------End of Script----------------

19:43:32 INFO  : Context for processor 'ps7_cortexa9_0' is selected.
19:43:32 INFO  : 'con' command is executed.
19:43:32 INFO  : ----------------XSDB Script (After Launch)----------------
targets -set -nocase -filter {name =~ "*A9*#0"}
con
----------------End of Script----------------

19:43:32 INFO  : Launch script is exported to file 'E:\Git-Repos\CNC-FPGA\Vitis3\SD-UART_system\_ide\scripts\systemdebugger_sd-uart_system_3_standalone.tcl'
19:50:32 INFO  : Checking for BSP changes to sync application flags for project 'SD-UART'...
19:50:56 INFO  : Disconnected from the channel tcfchan#10.
19:50:57 INFO  : Connected to target on host '127.0.0.1' and port '3121'.
19:50:57 INFO  : Jtag cable 'Digilent Zed 210248585425' is selected.
19:50:57 INFO  : 'jtag frequency' command is executed.
19:50:57 INFO  : Context for 'APU' is selected.
19:50:57 INFO  : System reset is completed.
19:51:00 INFO  : 'after 3000' command is executed.
19:51:00 INFO  : 'targets -set -filter {jtag_cable_name =~ "Digilent Zed 210248585425" && level==0 && jtag_device_ctx=="jsn-Zed-210248585425-23727093-0"}' command is executed.
19:51:02 INFO  : Device configured successfully with "E:/Git-Repos/CNC-FPGA/Vitis3/SD-UART/_ide/bitstream/CNC_Top_wrapper.bit"
19:51:03 INFO  : Context for 'APU' is selected.
19:51:03 INFO  : Hardware design and registers information is loaded from 'E:/Git-Repos/CNC-FPGA/Vitis3/CNC-PL333/export/CNC-PL333/hw/CNC_Top_wrapper.xsa'.
19:51:03 INFO  : 'configparams force-mem-access 1' command is executed.
19:51:03 INFO  : Context for 'APU' is selected.
19:51:03 INFO  : Sourcing of 'E:/Git-Repos/CNC-FPGA/Vitis3/SD-UART/_ide/psinit/ps7_init.tcl' is done.
19:51:03 INFO  : 'ps7_init' command is executed.
19:51:03 INFO  : 'ps7_post_config' command is executed.
19:51:03 INFO  : Context for processor 'ps7_cortexa9_0' is selected.
19:51:03 INFO  : The application 'E:/Git-Repos/CNC-FPGA/Vitis3/SD-UART/Debug/SD-UART.elf' is downloaded to processor 'ps7_cortexa9_0'.
19:51:03 INFO  : 'configparams force-mem-access 0' command is executed.
19:51:03 INFO  : ----------------XSDB Script----------------
connect -url tcp:127.0.0.1:3121
targets -set -nocase -filter {name =~"APU*"}
rst -system
after 3000
targets -set -filter {jtag_cable_name =~ "Digilent Zed 210248585425" && level==0 && jtag_device_ctx=="jsn-Zed-210248585425-23727093-0"}
fpga -file E:/Git-Repos/CNC-FPGA/Vitis3/SD-UART/_ide/bitstream/CNC_Top_wrapper.bit
targets -set -nocase -filter {name =~"APU*"}
loadhw -hw E:/Git-Repos/CNC-FPGA/Vitis3/CNC-PL333/export/CNC-PL333/hw/CNC_Top_wrapper.xsa -mem-ranges [list {0x40000000 0xbfffffff}] -regs
configparams force-mem-access 1
targets -set -nocase -filter {name =~"APU*"}
source E:/Git-Repos/CNC-FPGA/Vitis3/SD-UART/_ide/psinit/ps7_init.tcl
ps7_init
ps7_post_config
targets -set -nocase -filter {name =~ "*A9*#0"}
dow E:/Git-Repos/CNC-FPGA/Vitis3/SD-UART/Debug/SD-UART.elf
configparams force-mem-access 0
----------------End of Script----------------

19:51:03 INFO  : Context for processor 'ps7_cortexa9_0' is selected.
19:51:03 INFO  : 'con' command is executed.
19:51:03 INFO  : ----------------XSDB Script (After Launch)----------------
targets -set -nocase -filter {name =~ "*A9*#0"}
con
----------------End of Script----------------

19:51:03 INFO  : Launch script is exported to file 'E:\Git-Repos\CNC-FPGA\Vitis3\SD-UART_system\_ide\scripts\systemdebugger_sd-uart_system_4_standalone.tcl'
19:56:05 INFO  : Checking for BSP changes to sync application flags for project 'SD-UART'...
19:56:21 INFO  : Disconnected from the channel tcfchan#12.
19:56:22 INFO  : Connected to target on host '127.0.0.1' and port '3121'.
19:56:22 INFO  : Jtag cable 'Digilent Zed 210248585425' is selected.
19:56:22 INFO  : 'jtag frequency' command is executed.
19:56:24 INFO  : Context for 'APU' is selected.
19:56:24 INFO  : System reset is completed.
19:56:27 INFO  : 'after 3000' command is executed.
19:56:27 INFO  : 'targets -set -filter {jtag_cable_name =~ "Digilent Zed 210248585425" && level==0 && jtag_device_ctx=="jsn-Zed-210248585425-23727093-0"}' command is executed.
19:56:29 INFO  : Device configured successfully with "E:/Git-Repos/CNC-FPGA/Vitis3/SD-UART/_ide/bitstream/CNC_Top_wrapper.bit"
19:56:29 INFO  : Context for 'APU' is selected.
19:56:29 INFO  : Hardware design and registers information is loaded from 'E:/Git-Repos/CNC-FPGA/Vitis3/CNC-PL333/export/CNC-PL333/hw/CNC_Top_wrapper.xsa'.
19:56:29 INFO  : 'configparams force-mem-access 1' command is executed.
19:56:29 INFO  : Context for 'APU' is selected.
19:56:29 INFO  : Sourcing of 'E:/Git-Repos/CNC-FPGA/Vitis3/SD-UART/_ide/psinit/ps7_init.tcl' is done.
19:56:30 INFO  : 'ps7_init' command is executed.
19:56:30 INFO  : 'ps7_post_config' command is executed.
19:56:30 INFO  : Context for processor 'ps7_cortexa9_0' is selected.
19:56:30 INFO  : The application 'E:/Git-Repos/CNC-FPGA/Vitis3/SD-UART/Debug/SD-UART.elf' is downloaded to processor 'ps7_cortexa9_0'.
19:56:30 INFO  : 'configparams force-mem-access 0' command is executed.
19:56:30 INFO  : ----------------XSDB Script----------------
connect -url tcp:127.0.0.1:3121
targets -set -nocase -filter {name =~"APU*"}
rst -system
after 3000
targets -set -filter {jtag_cable_name =~ "Digilent Zed 210248585425" && level==0 && jtag_device_ctx=="jsn-Zed-210248585425-23727093-0"}
fpga -file E:/Git-Repos/CNC-FPGA/Vitis3/SD-UART/_ide/bitstream/CNC_Top_wrapper.bit
targets -set -nocase -filter {name =~"APU*"}
loadhw -hw E:/Git-Repos/CNC-FPGA/Vitis3/CNC-PL333/export/CNC-PL333/hw/CNC_Top_wrapper.xsa -mem-ranges [list {0x40000000 0xbfffffff}] -regs
configparams force-mem-access 1
targets -set -nocase -filter {name =~"APU*"}
source E:/Git-Repos/CNC-FPGA/Vitis3/SD-UART/_ide/psinit/ps7_init.tcl
ps7_init
ps7_post_config
targets -set -nocase -filter {name =~ "*A9*#0"}
dow E:/Git-Repos/CNC-FPGA/Vitis3/SD-UART/Debug/SD-UART.elf
configparams force-mem-access 0
----------------End of Script----------------

19:56:30 INFO  : Context for processor 'ps7_cortexa9_0' is selected.
19:56:30 INFO  : 'con' command is executed.
19:56:30 INFO  : ----------------XSDB Script (After Launch)----------------
targets -set -nocase -filter {name =~ "*A9*#0"}
con
----------------End of Script----------------

19:56:30 INFO  : Launch script is exported to file 'E:\Git-Repos\CNC-FPGA\Vitis3\SD-UART_system\_ide\scripts\systemdebugger_sd-uart_system_5_standalone.tcl'
20:00:46 INFO  : Checking for BSP changes to sync application flags for project 'SD-UART'...
20:01:02 INFO  : Disconnected from the channel tcfchan#14.
20:01:03 INFO  : Connected to target on host '127.0.0.1' and port '3121'.
20:01:04 INFO  : Jtag cable 'Digilent Zed 210248585425' is selected.
20:01:04 INFO  : 'jtag frequency' command is executed.
20:01:04 INFO  : Context for 'APU' is selected.
20:01:04 INFO  : System reset is completed.
20:01:07 INFO  : 'after 3000' command is executed.
20:01:07 INFO  : 'targets -set -filter {jtag_cable_name =~ "Digilent Zed 210248585425" && level==0 && jtag_device_ctx=="jsn-Zed-210248585425-23727093-0"}' command is executed.
20:01:09 INFO  : Device configured successfully with "E:/Git-Repos/CNC-FPGA/Vitis3/SD-UART/_ide/bitstream/CNC_Top_wrapper.bit"
20:01:09 INFO  : Context for 'APU' is selected.
20:01:09 INFO  : Hardware design and registers information is loaded from 'E:/Git-Repos/CNC-FPGA/Vitis3/CNC-PL333/export/CNC-PL333/hw/CNC_Top_wrapper.xsa'.
20:01:09 INFO  : 'configparams force-mem-access 1' command is executed.
20:01:09 INFO  : Context for 'APU' is selected.
20:01:09 INFO  : Sourcing of 'E:/Git-Repos/CNC-FPGA/Vitis3/SD-UART/_ide/psinit/ps7_init.tcl' is done.
20:01:09 INFO  : 'ps7_init' command is executed.
20:01:09 INFO  : 'ps7_post_config' command is executed.
20:01:09 INFO  : Context for processor 'ps7_cortexa9_0' is selected.
20:01:10 INFO  : The application 'E:/Git-Repos/CNC-FPGA/Vitis3/SD-UART/Debug/SD-UART.elf' is downloaded to processor 'ps7_cortexa9_0'.
20:01:10 INFO  : 'configparams force-mem-access 0' command is executed.
20:01:10 INFO  : ----------------XSDB Script----------------
connect -url tcp:127.0.0.1:3121
targets -set -nocase -filter {name =~"APU*"}
rst -system
after 3000
targets -set -filter {jtag_cable_name =~ "Digilent Zed 210248585425" && level==0 && jtag_device_ctx=="jsn-Zed-210248585425-23727093-0"}
fpga -file E:/Git-Repos/CNC-FPGA/Vitis3/SD-UART/_ide/bitstream/CNC_Top_wrapper.bit
targets -set -nocase -filter {name =~"APU*"}
loadhw -hw E:/Git-Repos/CNC-FPGA/Vitis3/CNC-PL333/export/CNC-PL333/hw/CNC_Top_wrapper.xsa -mem-ranges [list {0x40000000 0xbfffffff}] -regs
configparams force-mem-access 1
targets -set -nocase -filter {name =~"APU*"}
source E:/Git-Repos/CNC-FPGA/Vitis3/SD-UART/_ide/psinit/ps7_init.tcl
ps7_init
ps7_post_config
targets -set -nocase -filter {name =~ "*A9*#0"}
dow E:/Git-Repos/CNC-FPGA/Vitis3/SD-UART/Debug/SD-UART.elf
configparams force-mem-access 0
----------------End of Script----------------

20:01:10 INFO  : Context for processor 'ps7_cortexa9_0' is selected.
20:01:10 INFO  : 'con' command is executed.
20:01:10 INFO  : ----------------XSDB Script (After Launch)----------------
targets -set -nocase -filter {name =~ "*A9*#0"}
con
----------------End of Script----------------

20:01:10 INFO  : Launch script is exported to file 'E:\Git-Repos\CNC-FPGA\Vitis3\SD-UART_system\_ide\scripts\systemdebugger_sd-uart_system_6_standalone.tcl'
21:00:38 INFO  : Result from executing command 'removePlatformRepo': 
21:01:00 INFO  : Result from executing command 'getProjects': CNC-PL333
21:01:00 INFO  : Result from executing command 'getPlatforms': xilinx_zcu102_base_202420_1|C:/Xilinx/Vitis/2024.2/base_platforms/xilinx_zcu102_base_202420_1/xilinx_zcu102_base_202420_1.xpfm;xilinx_zcu102_base_dfx_202420_1|C:/Xilinx/Vitis/2024.2/base_platforms/xilinx_zcu102_base_dfx_202420_1/xilinx_zcu102_base_dfx_202420_1.xpfm;xilinx_zcu104_base_202420_1|C:/Xilinx/Vitis/2024.2/base_platforms/xilinx_zcu104_base_202420_1/xilinx_zcu104_base_202420_1.xpfm
21:01:01 INFO  : Checking for BSP changes to sync application flags for project 'SD-UART'...
21:01:21 INFO  : Disconnected from the channel tcfchan#16.
21:01:22 INFO  : Connected to target on host '127.0.0.1' and port '3121'.
21:01:22 INFO  : Jtag cable 'Digilent Zed 210248585425' is selected.
21:01:22 ERROR : port closed
21:01:22 INFO  : ----------------XSDB Script----------------
connect -url tcp:127.0.0.1:3121
----------------End of Script----------------

21:01:22 ERROR : port closed
21:01:33 INFO  : Connected to target on host '127.0.0.1' and port '3121'.
21:01:33 INFO  : Jtag cable 'Digilent Zed 210248585425' is selected.
21:01:33 INFO  : 'jtag frequency' command is executed.
21:01:33 INFO  : Context for 'APU' is selected.
21:01:33 INFO  : System reset is completed.
21:01:36 INFO  : 'after 3000' command is executed.
21:01:37 INFO  : 'targets -set -filter {jtag_cable_name =~ "Digilent Zed 210248585425" && level==0 && jtag_device_ctx=="jsn-Zed-210248585425-23727093-0"}' command is executed.
21:01:39 INFO  : Device configured successfully with "E:/Git-Repos/CNC-FPGA/Vitis3/SD-UART/_ide/bitstream/CNC_Top_wrapper.bit"
21:01:39 INFO  : Context for 'APU' is selected.
21:01:39 INFO  : Hardware design and registers information is loaded from 'E:/Git-Repos/CNC-FPGA/Vitis3/CNC-PL333/export/CNC-PL333/hw/CNC_Top_wrapper.xsa'.
21:01:39 INFO  : 'configparams force-mem-access 1' command is executed.
21:01:39 INFO  : Context for 'APU' is selected.
21:01:39 INFO  : Sourcing of 'E:/Git-Repos/CNC-FPGA/Vitis3/SD-UART/_ide/psinit/ps7_init.tcl' is done.
21:01:39 INFO  : 'ps7_init' command is executed.
21:01:39 INFO  : 'ps7_post_config' command is executed.
21:01:39 INFO  : Context for processor 'ps7_cortexa9_0' is selected.
21:01:39 INFO  : The application 'E:/Git-Repos/CNC-FPGA/Vitis3/SD-UART/Debug/SD-UART.elf' is downloaded to processor 'ps7_cortexa9_0'.
21:01:39 INFO  : 'configparams force-mem-access 0' command is executed.
21:01:39 INFO  : ----------------XSDB Script----------------
connect -url tcp:127.0.0.1:3121
targets -set -nocase -filter {name =~"APU*"}
rst -system
after 3000
targets -set -filter {jtag_cable_name =~ "Digilent Zed 210248585425" && level==0 && jtag_device_ctx=="jsn-Zed-210248585425-23727093-0"}
fpga -file E:/Git-Repos/CNC-FPGA/Vitis3/SD-UART/_ide/bitstream/CNC_Top_wrapper.bit
targets -set -nocase -filter {name =~"APU*"}
loadhw -hw E:/Git-Repos/CNC-FPGA/Vitis3/CNC-PL333/export/CNC-PL333/hw/CNC_Top_wrapper.xsa -mem-ranges [list {0x40000000 0xbfffffff}] -regs
configparams force-mem-access 1
targets -set -nocase -filter {name =~"APU*"}
source E:/Git-Repos/CNC-FPGA/Vitis3/SD-UART/_ide/psinit/ps7_init.tcl
ps7_init
ps7_post_config
targets -set -nocase -filter {name =~ "*A9*#0"}
dow E:/Git-Repos/CNC-FPGA/Vitis3/SD-UART/Debug/SD-UART.elf
configparams force-mem-access 0
----------------End of Script----------------

21:01:39 INFO  : Context for processor 'ps7_cortexa9_0' is selected.
21:01:39 INFO  : 'con' command is executed.
21:01:39 INFO  : ----------------XSDB Script (After Launch)----------------
targets -set -nocase -filter {name =~ "*A9*#0"}
con
----------------End of Script----------------

21:01:39 INFO  : Launch script is exported to file 'E:\Git-Repos\CNC-FPGA\Vitis3\SD-UART_system\_ide\scripts\systemdebugger_sd-uart_system_8_standalone.tcl'
21:10:59 INFO  : Checking for BSP changes to sync application flags for project 'SD-UART'...
21:11:14 INFO  : Disconnected from the channel tcfchan#20.
21:11:15 INFO  : Connected to target on host '127.0.0.1' and port '3121'.
21:11:15 INFO  : Jtag cable 'Digilent Zed 210248585425' is selected.
21:11:15 INFO  : 'jtag frequency' command is executed.
21:11:15 INFO  : Context for 'APU' is selected.
21:11:15 INFO  : System reset is completed.
21:11:18 INFO  : 'after 3000' command is executed.
21:11:18 INFO  : 'targets -set -filter {jtag_cable_name =~ "Digilent Zed 210248585425" && level==0 && jtag_device_ctx=="jsn-Zed-210248585425-23727093-0"}' command is executed.
21:11:20 INFO  : Device configured successfully with "E:/Git-Repos/CNC-FPGA/Vitis3/SD-UART/_ide/bitstream/CNC_Top_wrapper.bit"
21:11:20 INFO  : Context for 'APU' is selected.
21:11:21 INFO  : Hardware design and registers information is loaded from 'E:/Git-Repos/CNC-FPGA/Vitis3/CNC-PL333/export/CNC-PL333/hw/CNC_Top_wrapper.xsa'.
21:11:21 INFO  : 'configparams force-mem-access 1' command is executed.
21:11:21 INFO  : Context for 'APU' is selected.
21:11:21 INFO  : Sourcing of 'E:/Git-Repos/CNC-FPGA/Vitis3/SD-UART/_ide/psinit/ps7_init.tcl' is done.
21:11:21 INFO  : 'ps7_init' command is executed.
21:11:21 INFO  : 'ps7_post_config' command is executed.
21:11:21 INFO  : Context for processor 'ps7_cortexa9_0' is selected.
21:11:21 INFO  : The application 'E:/Git-Repos/CNC-FPGA/Vitis3/SD-UART/Debug/SD-UART.elf' is downloaded to processor 'ps7_cortexa9_0'.
21:11:21 INFO  : 'configparams force-mem-access 0' command is executed.
21:11:21 INFO  : ----------------XSDB Script----------------
connect -url tcp:127.0.0.1:3121
targets -set -nocase -filter {name =~"APU*"}
rst -system
after 3000
targets -set -filter {jtag_cable_name =~ "Digilent Zed 210248585425" && level==0 && jtag_device_ctx=="jsn-Zed-210248585425-23727093-0"}
fpga -file E:/Git-Repos/CNC-FPGA/Vitis3/SD-UART/_ide/bitstream/CNC_Top_wrapper.bit
targets -set -nocase -filter {name =~"APU*"}
loadhw -hw E:/Git-Repos/CNC-FPGA/Vitis3/CNC-PL333/export/CNC-PL333/hw/CNC_Top_wrapper.xsa -mem-ranges [list {0x40000000 0xbfffffff}] -regs
configparams force-mem-access 1
targets -set -nocase -filter {name =~"APU*"}
source E:/Git-Repos/CNC-FPGA/Vitis3/SD-UART/_ide/psinit/ps7_init.tcl
ps7_init
ps7_post_config
targets -set -nocase -filter {name =~ "*A9*#0"}
dow E:/Git-Repos/CNC-FPGA/Vitis3/SD-UART/Debug/SD-UART.elf
configparams force-mem-access 0
----------------End of Script----------------

21:11:21 INFO  : Context for processor 'ps7_cortexa9_0' is selected.
21:11:21 INFO  : 'con' command is executed.
21:11:21 INFO  : ----------------XSDB Script (After Launch)----------------
targets -set -nocase -filter {name =~ "*A9*#0"}
con
----------------End of Script----------------

21:11:21 INFO  : Launch script is exported to file 'E:\Git-Repos\CNC-FPGA\Vitis3\SD-UART_system\_ide\scripts\systemdebugger_sd-uart_system_9_standalone.tcl'
21:12:28 INFO  : Checking for BSP changes to sync application flags for project 'SD-UART'...
21:12:45 INFO  : Disconnected from the channel tcfchan#22.
21:12:46 INFO  : Connected to target on host '127.0.0.1' and port '3121'.
21:12:46 INFO  : Jtag cable 'Digilent Zed 210248585425' is selected.
21:12:46 INFO  : 'jtag frequency' command is executed.
21:12:46 INFO  : Context for 'APU' is selected.
21:12:46 INFO  : System reset is completed.
21:12:49 INFO  : 'after 3000' command is executed.
21:12:49 INFO  : 'targets -set -filter {jtag_cable_name =~ "Digilent Zed 210248585425" && level==0 && jtag_device_ctx=="jsn-Zed-210248585425-23727093-0"}' command is executed.
21:12:51 INFO  : Device configured successfully with "E:/Git-Repos/CNC-FPGA/Vitis3/SD-UART/_ide/bitstream/CNC_Top_wrapper.bit"
21:12:51 INFO  : Context for 'APU' is selected.
21:12:51 INFO  : Hardware design and registers information is loaded from 'E:/Git-Repos/CNC-FPGA/Vitis3/CNC-PL333/export/CNC-PL333/hw/CNC_Top_wrapper.xsa'.
21:12:51 INFO  : 'configparams force-mem-access 1' command is executed.
21:12:51 INFO  : Context for 'APU' is selected.
21:12:51 INFO  : Sourcing of 'E:/Git-Repos/CNC-FPGA/Vitis3/SD-UART/_ide/psinit/ps7_init.tcl' is done.
21:12:52 INFO  : 'ps7_init' command is executed.
21:12:52 INFO  : 'ps7_post_config' command is executed.
21:12:52 INFO  : Context for processor 'ps7_cortexa9_0' is selected.
21:12:52 INFO  : The application 'E:/Git-Repos/CNC-FPGA/Vitis3/SD-UART/Debug/SD-UART.elf' is downloaded to processor 'ps7_cortexa9_0'.
21:12:52 INFO  : 'configparams force-mem-access 0' command is executed.
21:12:52 INFO  : ----------------XSDB Script----------------
connect -url tcp:127.0.0.1:3121
targets -set -nocase -filter {name =~"APU*"}
rst -system
after 3000
targets -set -filter {jtag_cable_name =~ "Digilent Zed 210248585425" && level==0 && jtag_device_ctx=="jsn-Zed-210248585425-23727093-0"}
fpga -file E:/Git-Repos/CNC-FPGA/Vitis3/SD-UART/_ide/bitstream/CNC_Top_wrapper.bit
targets -set -nocase -filter {name =~"APU*"}
loadhw -hw E:/Git-Repos/CNC-FPGA/Vitis3/CNC-PL333/export/CNC-PL333/hw/CNC_Top_wrapper.xsa -mem-ranges [list {0x40000000 0xbfffffff}] -regs
configparams force-mem-access 1
targets -set -nocase -filter {name =~"APU*"}
source E:/Git-Repos/CNC-FPGA/Vitis3/SD-UART/_ide/psinit/ps7_init.tcl
ps7_init
ps7_post_config
targets -set -nocase -filter {name =~ "*A9*#0"}
dow E:/Git-Repos/CNC-FPGA/Vitis3/SD-UART/Debug/SD-UART.elf
configparams force-mem-access 0
----------------End of Script----------------

21:12:52 INFO  : Context for processor 'ps7_cortexa9_0' is selected.
21:12:52 INFO  : 'con' command is executed.
21:12:52 INFO  : ----------------XSDB Script (After Launch)----------------
targets -set -nocase -filter {name =~ "*A9*#0"}
con
----------------End of Script----------------

21:12:52 INFO  : Launch script is exported to file 'E:\Git-Repos\CNC-FPGA\Vitis3\SD-UART_system\_ide\scripts\systemdebugger_sd-uart_system_10_standalone.tcl'
21:42:30 INFO  : Disconnected from the channel tcfchan#24.
21:42:31 INFO  : Connected to target on host '127.0.0.1' and port '3121'.
21:42:31 INFO  : Jtag cable 'Digilent Zed 210248585425' is selected.
21:42:31 INFO  : 'jtag frequency' command is executed.
21:42:31 INFO  : Context for 'APU' is selected.
21:42:31 INFO  : System reset is completed.
21:42:34 INFO  : 'after 3000' command is executed.
21:42:34 INFO  : 'targets -set -filter {jtag_cable_name =~ "Digilent Zed 210248585425" && level==0 && jtag_device_ctx=="jsn-Zed-210248585425-23727093-0"}' command is executed.
21:42:37 INFO  : Device configured successfully with "E:/Git-Repos/CNC-FPGA/Vitis3/SD-UART/_ide/bitstream/CNC_Top_wrapper.bit"
21:42:37 INFO  : Context for 'APU' is selected.
21:42:37 INFO  : Hardware design and registers information is loaded from 'E:/Git-Repos/CNC-FPGA/Vitis3/CNC-PL333/export/CNC-PL333/hw/CNC_Top_wrapper.xsa'.
21:42:37 INFO  : 'configparams force-mem-access 1' command is executed.
21:42:37 INFO  : Context for 'APU' is selected.
21:42:37 INFO  : Sourcing of 'E:/Git-Repos/CNC-FPGA/Vitis3/SD-UART/_ide/psinit/ps7_init.tcl' is done.
21:42:37 INFO  : 'ps7_init' command is executed.
21:42:37 INFO  : 'ps7_post_config' command is executed.
21:42:37 INFO  : Context for processor 'ps7_cortexa9_0' is selected.
21:42:37 INFO  : The application 'E:/Git-Repos/CNC-FPGA/Vitis3/SD-UART/Debug/SD-UART.elf' is downloaded to processor 'ps7_cortexa9_0'.
21:42:37 INFO  : 'configparams force-mem-access 0' command is executed.
21:42:37 INFO  : ----------------XSDB Script----------------
connect -url tcp:127.0.0.1:3121
targets -set -nocase -filter {name =~"APU*"}
rst -system
after 3000
targets -set -filter {jtag_cable_name =~ "Digilent Zed 210248585425" && level==0 && jtag_device_ctx=="jsn-Zed-210248585425-23727093-0"}
fpga -file E:/Git-Repos/CNC-FPGA/Vitis3/SD-UART/_ide/bitstream/CNC_Top_wrapper.bit
targets -set -nocase -filter {name =~"APU*"}
loadhw -hw E:/Git-Repos/CNC-FPGA/Vitis3/CNC-PL333/export/CNC-PL333/hw/CNC_Top_wrapper.xsa -mem-ranges [list {0x40000000 0xbfffffff}] -regs
configparams force-mem-access 1
targets -set -nocase -filter {name =~"APU*"}
source E:/Git-Repos/CNC-FPGA/Vitis3/SD-UART/_ide/psinit/ps7_init.tcl
ps7_init
ps7_post_config
targets -set -nocase -filter {name =~ "*A9*#0"}
dow E:/Git-Repos/CNC-FPGA/Vitis3/SD-UART/Debug/SD-UART.elf
configparams force-mem-access 0
----------------End of Script----------------

21:42:37 INFO  : Context for processor 'ps7_cortexa9_0' is selected.
21:42:37 INFO  : 'con' command is executed.
21:42:37 INFO  : ----------------XSDB Script (After Launch)----------------
targets -set -nocase -filter {name =~ "*A9*#0"}
con
----------------End of Script----------------

21:42:37 INFO  : Launch script is exported to file 'E:\Git-Repos\CNC-FPGA\Vitis3\SD-UART_system\_ide\scripts\systemdebugger_sd-uart_system_11_standalone.tcl'
22:59:48 INFO  : Checking for BSP changes to sync application flags for project 'SD-UART'...
23:00:06 INFO  : Disconnected from the channel tcfchan#25.
23:00:07 INFO  : Connected to target on host '127.0.0.1' and port '3121'.
23:00:07 INFO  : Jtag cable 'Digilent Zed 210248585425' is selected.
23:00:07 ERROR : port closed
23:00:07 INFO  : ----------------XSDB Script----------------
connect -url tcp:127.0.0.1:3121
----------------End of Script----------------

23:00:07 ERROR : port closed
23:00:21 INFO  : Connected to target on host '127.0.0.1' and port '3121'.
23:00:21 INFO  : Jtag cable 'Digilent Zed 210248585425' is selected.
23:00:21 INFO  : 'jtag frequency' command is executed.
23:00:21 INFO  : Context for 'APU' is selected.
23:00:21 INFO  : System reset is completed.
23:00:24 INFO  : 'after 3000' command is executed.
23:00:24 INFO  : 'targets -set -filter {jtag_cable_name =~ "Digilent Zed 210248585425" && level==0 && jtag_device_ctx=="jsn-Zed-210248585425-23727093-0"}' command is executed.
23:00:27 INFO  : Device configured successfully with "E:/Git-Repos/CNC-FPGA/Vitis3/SD-UART/_ide/bitstream/CNC_Top_wrapper.bit"
23:00:27 INFO  : Context for 'APU' is selected.
23:00:27 INFO  : Hardware design and registers information is loaded from 'E:/Git-Repos/CNC-FPGA/Vitis3/CNC-PL333/export/CNC-PL333/hw/CNC_Top_wrapper.xsa'.
23:00:27 INFO  : 'configparams force-mem-access 1' command is executed.
23:00:27 INFO  : Context for 'APU' is selected.
23:00:27 INFO  : Sourcing of 'E:/Git-Repos/CNC-FPGA/Vitis3/SD-UART/_ide/psinit/ps7_init.tcl' is done.
23:00:27 INFO  : 'ps7_init' command is executed.
23:00:27 INFO  : 'ps7_post_config' command is executed.
23:00:27 INFO  : Context for processor 'ps7_cortexa9_0' is selected.
23:00:27 INFO  : The application 'E:/Git-Repos/CNC-FPGA/Vitis3/SD-UART/Debug/SD-UART.elf' is downloaded to processor 'ps7_cortexa9_0'.
23:00:27 INFO  : 'configparams force-mem-access 0' command is executed.
23:00:27 INFO  : ----------------XSDB Script----------------
connect -url tcp:127.0.0.1:3121
targets -set -nocase -filter {name =~"APU*"}
rst -system
after 3000
targets -set -filter {jtag_cable_name =~ "Digilent Zed 210248585425" && level==0 && jtag_device_ctx=="jsn-Zed-210248585425-23727093-0"}
fpga -file E:/Git-Repos/CNC-FPGA/Vitis3/SD-UART/_ide/bitstream/CNC_Top_wrapper.bit
targets -set -nocase -filter {name =~"APU*"}
loadhw -hw E:/Git-Repos/CNC-FPGA/Vitis3/CNC-PL333/export/CNC-PL333/hw/CNC_Top_wrapper.xsa -mem-ranges [list {0x40000000 0xbfffffff}] -regs
configparams force-mem-access 1
targets -set -nocase -filter {name =~"APU*"}
source E:/Git-Repos/CNC-FPGA/Vitis3/SD-UART/_ide/psinit/ps7_init.tcl
ps7_init
ps7_post_config
targets -set -nocase -filter {name =~ "*A9*#0"}
dow E:/Git-Repos/CNC-FPGA/Vitis3/SD-UART/Debug/SD-UART.elf
configparams force-mem-access 0
----------------End of Script----------------

23:00:27 INFO  : Context for processor 'ps7_cortexa9_0' is selected.
23:00:27 INFO  : 'con' command is executed.
23:00:27 INFO  : ----------------XSDB Script (After Launch)----------------
targets -set -nocase -filter {name =~ "*A9*#0"}
con
----------------End of Script----------------

23:00:27 INFO  : Launch script is exported to file 'E:\Git-Repos\CNC-FPGA\Vitis3\SD-UART_system\_ide\scripts\systemdebugger_sd-uart_system_13_standalone.tcl'
23:21:52 INFO  : Disconnected from the channel tcfchan#27.
23:24:13 DEBUG : Logs will be stored at 'E:/Git-Repos/CNC-FPGA/Vitis3/IDE.log'.
23:24:13 INFO  : Launching XSCT server: xsct.bat -n  -interactive E:\Git-Repos\CNC-FPGA\Vitis3\temp_xsdb_launch_script.tcl
23:24:17 INFO  : XSCT server has started successfully.
23:24:17 INFO  : plnx-install-location is set to ''
23:24:17 INFO  : Successfully done setting XSCT server connection channel  
23:24:17 INFO  : Successfully done setting workspace for the tool. 
23:24:18 INFO  : Platform repository initialization has completed.
23:24:19 INFO  : Registering command handlers for Vitis TCF services
23:24:22 INFO  : Successfully done query RDI_DATADIR 
23:26:58 INFO  : Connected to target on host '127.0.0.1' and port '3121'.
23:26:59 INFO  : Jtag cable 'Digilent Zed 210248585425' is selected.
23:26:59 INFO  : 'jtag frequency' command is executed.
23:26:59 INFO  : Context for 'APU' is selected.
23:26:59 INFO  : System reset is completed.
23:27:02 INFO  : 'after 3000' command is executed.
23:27:02 INFO  : 'targets -set -filter {jtag_cable_name =~ "Digilent Zed 210248585425" && level==0 && jtag_device_ctx=="jsn-Zed-210248585425-23727093-0"}' command is executed.
23:27:05 INFO  : Device configured successfully with "E:/Git-Repos/CNC-FPGA/Vitis3/SD-UART/_ide/bitstream/CNC_Top_wrapper.bit"
23:27:05 INFO  : Context for 'APU' is selected.
23:27:05 INFO  : Hardware design and registers information is loaded from 'E:/Git-Repos/CNC-FPGA/Vitis3/CNC-PL333/export/CNC-PL333/hw/CNC_Top_wrapper.xsa'.
23:27:05 INFO  : 'configparams force-mem-access 1' command is executed.
23:27:05 INFO  : Context for 'APU' is selected.
23:27:05 INFO  : Sourcing of 'E:/Git-Repos/CNC-FPGA/Vitis3/SD-UART/_ide/psinit/ps7_init.tcl' is done.
23:27:05 INFO  : 'ps7_init' command is executed.
23:27:05 INFO  : 'ps7_post_config' command is executed.
23:27:05 INFO  : Context for processor 'ps7_cortexa9_0' is selected.
23:27:05 INFO  : The application 'E:/Git-Repos/CNC-FPGA/Vitis3/SD-UART/Debug/SD-UART.elf' is downloaded to processor 'ps7_cortexa9_0'.
23:27:05 INFO  : 'configparams force-mem-access 0' command is executed.
23:27:05 INFO  : ----------------XSDB Script----------------
connect -url tcp:127.0.0.1:3121
targets -set -nocase -filter {name =~"APU*"}
rst -system
after 3000
targets -set -filter {jtag_cable_name =~ "Digilent Zed 210248585425" && level==0 && jtag_device_ctx=="jsn-Zed-210248585425-23727093-0"}
fpga -file E:/Git-Repos/CNC-FPGA/Vitis3/SD-UART/_ide/bitstream/CNC_Top_wrapper.bit
targets -set -nocase -filter {name =~"APU*"}
loadhw -hw E:/Git-Repos/CNC-FPGA/Vitis3/CNC-PL333/export/CNC-PL333/hw/CNC_Top_wrapper.xsa -mem-ranges [list {0x40000000 0xbfffffff}] -regs
configparams force-mem-access 1
targets -set -nocase -filter {name =~"APU*"}
source E:/Git-Repos/CNC-FPGA/Vitis3/SD-UART/_ide/psinit/ps7_init.tcl
ps7_init
ps7_post_config
targets -set -nocase -filter {name =~ "*A9*#0"}
dow E:/Git-Repos/CNC-FPGA/Vitis3/SD-UART/Debug/SD-UART.elf
configparams force-mem-access 0
----------------End of Script----------------

23:27:06 INFO  : Context for processor 'ps7_cortexa9_0' is selected.
23:27:06 INFO  : 'con' command is executed.
23:27:06 INFO  : ----------------XSDB Script (After Launch)----------------
targets -set -nocase -filter {name =~ "*A9*#0"}
con
----------------End of Script----------------

23:27:06 INFO  : Launch script is exported to file 'E:\Git-Repos\CNC-FPGA\Vitis3\SD-UART_system\_ide\scripts\systemdebugger_sd-uart_system_standalone.tcl'
23:32:45 INFO  : Disconnected from the channel tcfchan#1.
13:30:17 DEBUG : Logs will be stored at 'E:/Git-Repos/CNC-FPGA/Vitis3/IDE.log'.
13:30:18 INFO  : Launching XSCT server: xsct.bat -n  -interactive E:\Git-Repos\CNC-FPGA\Vitis3\temp_xsdb_launch_script.tcl
13:30:23 INFO  : Platform repository initialization has completed.
13:30:23 INFO  : XSCT server has started successfully.
13:30:23 INFO  : plnx-install-location is set to ''
13:30:23 INFO  : Successfully done setting XSCT server connection channel  
13:30:23 INFO  : Registering command handlers for Vitis TCF services
13:30:27 INFO  : Successfully done setting workspace for the tool. 
13:30:27 INFO  : Successfully done query RDI_DATADIR 
13:32:19 INFO  : Connected to target on host '127.0.0.1' and port '3121'.
13:32:20 INFO  : Jtag cable 'Digilent Zed 210248585425' is selected.
13:32:20 INFO  : 'jtag frequency' command is executed.
13:32:21 INFO  : Context for 'APU' is selected.
13:32:21 INFO  : System reset is completed.
13:32:24 INFO  : 'after 3000' command is executed.
13:32:24 INFO  : 'targets -set -filter {jtag_cable_name =~ "Digilent Zed 210248585425" && level==0 && jtag_device_ctx=="jsn-Zed-210248585425-23727093-0"}' command is executed.
13:32:26 INFO  : Device configured successfully with "E:/Git-Repos/CNC-FPGA/Vitis3/SD-UART/_ide/bitstream/CNC_Top_wrapper.bit"
13:32:26 INFO  : Context for 'APU' is selected.
13:32:26 INFO  : Hardware design and registers information is loaded from 'E:/Git-Repos/CNC-FPGA/Vitis3/CNC-PL333/export/CNC-PL333/hw/CNC_Top_wrapper.xsa'.
13:32:26 INFO  : 'configparams force-mem-access 1' command is executed.
13:32:26 INFO  : Context for 'APU' is selected.
13:32:26 INFO  : Sourcing of 'E:/Git-Repos/CNC-FPGA/Vitis3/SD-UART/_ide/psinit/ps7_init.tcl' is done.
13:32:26 INFO  : 'ps7_init' command is executed.
13:32:26 INFO  : 'ps7_post_config' command is executed.
13:32:26 INFO  : Context for processor 'ps7_cortexa9_0' is selected.
13:32:27 INFO  : The application 'E:/Git-Repos/CNC-FPGA/Vitis3/SD-UART/Debug/SD-UART.elf' is downloaded to processor 'ps7_cortexa9_0'.
13:32:27 INFO  : 'configparams force-mem-access 0' command is executed.
13:32:27 INFO  : ----------------XSDB Script----------------
connect -url tcp:127.0.0.1:3121
targets -set -nocase -filter {name =~"APU*"}
rst -system
after 3000
targets -set -filter {jtag_cable_name =~ "Digilent Zed 210248585425" && level==0 && jtag_device_ctx=="jsn-Zed-210248585425-23727093-0"}
fpga -file E:/Git-Repos/CNC-FPGA/Vitis3/SD-UART/_ide/bitstream/CNC_Top_wrapper.bit
targets -set -nocase -filter {name =~"APU*"}
loadhw -hw E:/Git-Repos/CNC-FPGA/Vitis3/CNC-PL333/export/CNC-PL333/hw/CNC_Top_wrapper.xsa -mem-ranges [list {0x40000000 0xbfffffff}] -regs
configparams force-mem-access 1
targets -set -nocase -filter {name =~"APU*"}
source E:/Git-Repos/CNC-FPGA/Vitis3/SD-UART/_ide/psinit/ps7_init.tcl
ps7_init
ps7_post_config
targets -set -nocase -filter {name =~ "*A9*#0"}
dow E:/Git-Repos/CNC-FPGA/Vitis3/SD-UART/Debug/SD-UART.elf
configparams force-mem-access 0
----------------End of Script----------------

13:32:27 INFO  : Context for processor 'ps7_cortexa9_0' is selected.
13:32:27 INFO  : 'con' command is executed.
13:32:27 INFO  : ----------------XSDB Script (After Launch)----------------
targets -set -nocase -filter {name =~ "*A9*#0"}
con
----------------End of Script----------------

13:32:27 INFO  : Launch script is exported to file 'E:\Git-Repos\CNC-FPGA\Vitis3\SD-UART_system\_ide\scripts\systemdebugger_sd-uart_system_1_standalone.tcl'
14:24:53 INFO  : Connected to target on host '127.0.0.1' and port '3121'.
14:24:53 INFO  : Jtag cable 'Digilent Zed 210248585425' is selected.
14:24:53 INFO  : 'jtag frequency' command is executed.
14:24:53 INFO  : Context for 'APU' is selected.
14:24:53 INFO  : System reset is completed.
14:24:56 INFO  : 'after 3000' command is executed.
14:24:56 INFO  : 'targets -set -filter {jtag_cable_name =~ "Digilent Zed 210248585425" && level==0 && jtag_device_ctx=="jsn-Zed-210248585425-23727093-0"}' command is executed.
14:24:59 INFO  : Device configured successfully with "E:/Git-Repos/CNC-FPGA/Vitis3/SD-UART/_ide/bitstream/CNC_Top_wrapper.bit"
14:24:59 INFO  : Context for 'APU' is selected.
14:24:59 INFO  : Hardware design and registers information is loaded from 'E:/Git-Repos/CNC-FPGA/Vitis3/CNC-PL333/export/CNC-PL333/hw/CNC_Top_wrapper.xsa'.
14:24:59 INFO  : 'configparams force-mem-access 1' command is executed.
14:24:59 INFO  : Context for 'APU' is selected.
14:24:59 INFO  : Sourcing of 'E:/Git-Repos/CNC-FPGA/Vitis3/SD-UART/_ide/psinit/ps7_init.tcl' is done.
14:24:59 INFO  : 'ps7_init' command is executed.
14:24:59 INFO  : 'ps7_post_config' command is executed.
14:24:59 INFO  : Context for processor 'ps7_cortexa9_0' is selected.
14:24:59 INFO  : The application 'E:/Git-Repos/CNC-FPGA/Vitis3/SD-UART/Debug/SD-UART.elf' is downloaded to processor 'ps7_cortexa9_0'.
14:24:59 INFO  : 'configparams force-mem-access 0' command is executed.
14:24:59 INFO  : ----------------XSDB Script----------------
connect -url tcp:127.0.0.1:3121
targets -set -nocase -filter {name =~"APU*"}
rst -system
after 3000
targets -set -filter {jtag_cable_name =~ "Digilent Zed 210248585425" && level==0 && jtag_device_ctx=="jsn-Zed-210248585425-23727093-0"}
fpga -file E:/Git-Repos/CNC-FPGA/Vitis3/SD-UART/_ide/bitstream/CNC_Top_wrapper.bit
targets -set -nocase -filter {name =~"APU*"}
loadhw -hw E:/Git-Repos/CNC-FPGA/Vitis3/CNC-PL333/export/CNC-PL333/hw/CNC_Top_wrapper.xsa -mem-ranges [list {0x40000000 0xbfffffff}] -regs
configparams force-mem-access 1
targets -set -nocase -filter {name =~"APU*"}
source E:/Git-Repos/CNC-FPGA/Vitis3/SD-UART/_ide/psinit/ps7_init.tcl
ps7_init
ps7_post_config
targets -set -nocase -filter {name =~ "*A9*#0"}
dow E:/Git-Repos/CNC-FPGA/Vitis3/SD-UART/Debug/SD-UART.elf
configparams force-mem-access 0
----------------End of Script----------------

14:24:59 INFO  : Context for processor 'ps7_cortexa9_0' is selected.
14:24:59 INFO  : 'con' command is executed.
14:24:59 INFO  : ----------------XSDB Script (After Launch)----------------
targets -set -nocase -filter {name =~ "*A9*#0"}
con
----------------End of Script----------------

14:24:59 INFO  : Launch script is exported to file 'E:\Git-Repos\CNC-FPGA\Vitis3\SD-UART_system\_ide\scripts\systemdebugger_sd-uart_system_2_standalone.tcl'
15:38:32 INFO  : Result from executing command 'getProjects': CNC-PL333
15:38:32 INFO  : Result from executing command 'getPlatforms': CNC-PL333|E:/Git-Repos/CNC-FPGA/Vitis3/CNC-PL333/export/CNC-PL333/CNC-PL333.xpfm;xilinx_zcu102_base_202420_1|C:/Xilinx/Vitis/2024.2/base_platforms/xilinx_zcu102_base_202420_1/xilinx_zcu102_base_202420_1.xpfm;xilinx_zcu102_base_dfx_202420_1|C:/Xilinx/Vitis/2024.2/base_platforms/xilinx_zcu102_base_dfx_202420_1/xilinx_zcu102_base_dfx_202420_1.xpfm;xilinx_zcu104_base_202420_1|C:/Xilinx/Vitis/2024.2/base_platforms/xilinx_zcu104_base_202420_1/xilinx_zcu104_base_202420_1.xpfm
15:38:32 INFO  : Checking for BSP changes to sync application flags for project 'SD-UART'...
15:39:01 INFO  : Disconnected from the channel tcfchan#1.
15:39:02 INFO  : Connected to target on host '127.0.0.1' and port '3121'.
15:39:02 INFO  : Jtag cable 'Digilent Zed 210248585425' is selected.
15:39:02 INFO  : 'jtag frequency' command is executed.
15:39:02 INFO  : Context for 'APU' is selected.
15:39:02 INFO  : System reset is completed.
15:39:05 INFO  : 'after 3000' command is executed.
15:39:05 INFO  : 'targets -set -filter {jtag_cable_name =~ "Digilent Zed 210248585425" && level==0 && jtag_device_ctx=="jsn-Zed-210248585425-23727093-0"}' command is executed.
15:39:07 INFO  : Device configured successfully with "E:/Git-Repos/CNC-FPGA/Vitis3/SD-UART/_ide/bitstream/CNC_Top_wrapper.bit"
15:39:07 INFO  : Context for 'APU' is selected.
15:39:09 INFO  : Hardware design and registers information is loaded from 'E:/Git-Repos/CNC-FPGA/Vitis3/CNC-PL333/export/CNC-PL333/hw/CNC_Top_wrapper.xsa'.
15:39:09 INFO  : 'configparams force-mem-access 1' command is executed.
15:39:09 INFO  : Context for 'APU' is selected.
15:39:09 INFO  : Sourcing of 'E:/Git-Repos/CNC-FPGA/Vitis3/SD-UART/_ide/psinit/ps7_init.tcl' is done.
15:39:10 INFO  : 'ps7_init' command is executed.
15:39:10 INFO  : 'ps7_post_config' command is executed.
15:39:10 INFO  : Context for processor 'ps7_cortexa9_0' is selected.
15:39:10 INFO  : The application 'E:/Git-Repos/CNC-FPGA/Vitis3/SD-UART/Debug/SD-UART.elf' is downloaded to processor 'ps7_cortexa9_0'.
15:39:10 INFO  : 'configparams force-mem-access 0' command is executed.
15:39:10 INFO  : ----------------XSDB Script----------------
connect -url tcp:127.0.0.1:3121
targets -set -nocase -filter {name =~"APU*"}
rst -system
after 3000
targets -set -filter {jtag_cable_name =~ "Digilent Zed 210248585425" && level==0 && jtag_device_ctx=="jsn-Zed-210248585425-23727093-0"}
fpga -file E:/Git-Repos/CNC-FPGA/Vitis3/SD-UART/_ide/bitstream/CNC_Top_wrapper.bit
targets -set -nocase -filter {name =~"APU*"}
loadhw -hw E:/Git-Repos/CNC-FPGA/Vitis3/CNC-PL333/export/CNC-PL333/hw/CNC_Top_wrapper.xsa -mem-ranges [list {0x40000000 0xbfffffff}] -regs
configparams force-mem-access 1
targets -set -nocase -filter {name =~"APU*"}
source E:/Git-Repos/CNC-FPGA/Vitis3/SD-UART/_ide/psinit/ps7_init.tcl
ps7_init
ps7_post_config
targets -set -nocase -filter {name =~ "*A9*#0"}
dow E:/Git-Repos/CNC-FPGA/Vitis3/SD-UART/Debug/SD-UART.elf
configparams force-mem-access 0
----------------End of Script----------------

15:39:10 INFO  : Context for processor 'ps7_cortexa9_0' is selected.
15:39:10 INFO  : 'con' command is executed.
15:39:10 INFO  : ----------------XSDB Script (After Launch)----------------
targets -set -nocase -filter {name =~ "*A9*#0"}
con
----------------End of Script----------------

15:39:10 INFO  : Launch script is exported to file 'E:\Git-Repos\CNC-FPGA\Vitis3\SD-UART_system\_ide\scripts\systemdebugger_sd-uart_system_3_standalone.tcl'
16:19:17 WARN  : channel "tcfchan#1" closed
16:19:18 INFO  : Connected to target on host '127.0.0.1' and port '3121'.
16:19:18 INFO  : Jtag cable 'Digilent Zed 210248585425' is selected.
16:19:18 INFO  : 'jtag frequency' command is executed.
16:19:18 INFO  : Context for 'APU' is selected.
16:19:18 INFO  : System reset is completed.
16:19:21 INFO  : 'after 3000' command is executed.
16:19:21 INFO  : 'targets -set -filter {jtag_cable_name =~ "Digilent Zed 210248585425" && level==0 && jtag_device_ctx=="jsn-Zed-210248585425-23727093-0"}' command is executed.
16:19:24 INFO  : Device configured successfully with "E:/Git-Repos/CNC-FPGA/Vitis3/SD-UART/_ide/bitstream/CNC_Top_wrapper.bit"
16:19:24 INFO  : Context for 'APU' is selected.
16:19:24 INFO  : Hardware design and registers information is loaded from 'E:/Git-Repos/CNC-FPGA/Vitis3/CNC-PL333/export/CNC-PL333/hw/CNC_Top_wrapper.xsa'.
16:19:24 INFO  : 'configparams force-mem-access 1' command is executed.
16:19:24 INFO  : Context for 'APU' is selected.
16:19:24 INFO  : Sourcing of 'E:/Git-Repos/CNC-FPGA/Vitis3/SD-UART/_ide/psinit/ps7_init.tcl' is done.
16:19:24 INFO  : 'ps7_init' command is executed.
16:19:24 INFO  : 'ps7_post_config' command is executed.
16:19:24 INFO  : Context for processor 'ps7_cortexa9_0' is selected.
16:19:24 INFO  : The application 'E:/Git-Repos/CNC-FPGA/Vitis3/SD-UART/Debug/SD-UART.elf' is downloaded to processor 'ps7_cortexa9_0'.
16:19:24 INFO  : 'configparams force-mem-access 0' command is executed.
16:19:24 INFO  : ----------------XSDB Script----------------
connect -url tcp:127.0.0.1:3121
targets -set -nocase -filter {name =~"APU*"}
rst -system
after 3000
targets -set -filter {jtag_cable_name =~ "Digilent Zed 210248585425" && level==0 && jtag_device_ctx=="jsn-Zed-210248585425-23727093-0"}
fpga -file E:/Git-Repos/CNC-FPGA/Vitis3/SD-UART/_ide/bitstream/CNC_Top_wrapper.bit
targets -set -nocase -filter {name =~"APU*"}
loadhw -hw E:/Git-Repos/CNC-FPGA/Vitis3/CNC-PL333/export/CNC-PL333/hw/CNC_Top_wrapper.xsa -mem-ranges [list {0x40000000 0xbfffffff}] -regs
configparams force-mem-access 1
targets -set -nocase -filter {name =~"APU*"}
source E:/Git-Repos/CNC-FPGA/Vitis3/SD-UART/_ide/psinit/ps7_init.tcl
ps7_init
ps7_post_config
targets -set -nocase -filter {name =~ "*A9*#0"}
dow E:/Git-Repos/CNC-FPGA/Vitis3/SD-UART/Debug/SD-UART.elf
configparams force-mem-access 0
----------------End of Script----------------

16:19:24 INFO  : Context for processor 'ps7_cortexa9_0' is selected.
16:19:24 INFO  : 'con' command is executed.
16:19:24 INFO  : ----------------XSDB Script (After Launch)----------------
targets -set -nocase -filter {name =~ "*A9*#0"}
con
----------------End of Script----------------

16:19:24 INFO  : Launch script is exported to file 'E:\Git-Repos\CNC-FPGA\Vitis3\SD-UART_system\_ide\scripts\systemdebugger_sd-uart_system_4_standalone.tcl'
16:55:26 INFO  : Disconnected from the channel tcfchan#4.
16:55:26 WARN  : channel "tcfchan#4" closed
17:10:41 DEBUG : Logs will be stored at 'E:/Git-Repos/CNC-FPGA/Vitis3/IDE.log'.
17:10:42 INFO  : Launching XSCT server: xsct.bat -n  -interactive E:\Git-Repos\CNC-FPGA\Vitis3\temp_xsdb_launch_script.tcl
17:10:46 INFO  : XSCT server has started successfully.
17:10:46 INFO  : Successfully done setting XSCT server connection channel  
17:10:46 INFO  : plnx-install-location is set to ''
17:10:46 INFO  : Platform repository initialization has completed.
17:10:47 INFO  : Registering command handlers for Vitis TCF services
17:10:50 INFO  : Successfully done setting workspace for the tool. 
17:10:50 INFO  : Successfully done query RDI_DATADIR 
17:11:29 INFO  : Connected to target on host '127.0.0.1' and port '3121'.
17:11:30 INFO  : Jtag cable 'Digilent Zed 210248585425' is selected.
17:11:30 INFO  : 'jtag frequency' command is executed.
17:11:30 INFO  : Context for 'APU' is selected.
17:11:30 INFO  : System reset is completed.
17:11:33 INFO  : 'after 3000' command is executed.
17:11:33 INFO  : 'targets -set -filter {jtag_cable_name =~ "Digilent Zed 210248585425" && level==0 && jtag_device_ctx=="jsn-Zed-210248585425-23727093-0"}' command is executed.
17:11:36 INFO  : Device configured successfully with "E:/Git-Repos/CNC-FPGA/Vitis3/SD-UART/_ide/bitstream/CNC_Top_wrapper.bit"
17:11:36 INFO  : Context for 'APU' is selected.
17:11:36 INFO  : Hardware design and registers information is loaded from 'E:/Git-Repos/CNC-FPGA/Vitis3/CNC-PL333/export/CNC-PL333/hw/CNC_Top_wrapper.xsa'.
17:11:36 INFO  : 'configparams force-mem-access 1' command is executed.
17:11:36 INFO  : Context for 'APU' is selected.
17:11:36 INFO  : Sourcing of 'E:/Git-Repos/CNC-FPGA/Vitis3/SD-UART/_ide/psinit/ps7_init.tcl' is done.
17:11:36 INFO  : 'ps7_init' command is executed.
17:11:36 INFO  : 'ps7_post_config' command is executed.
17:11:36 INFO  : Context for processor 'ps7_cortexa9_0' is selected.
17:11:36 INFO  : The application 'E:/Git-Repos/CNC-FPGA/Vitis3/SD-UART/Debug/SD-UART.elf' is downloaded to processor 'ps7_cortexa9_0'.
17:11:36 INFO  : 'configparams force-mem-access 0' command is executed.
17:11:36 INFO  : ----------------XSDB Script----------------
connect -url tcp:127.0.0.1:3121
targets -set -nocase -filter {name =~"APU*"}
rst -system
after 3000
targets -set -filter {jtag_cable_name =~ "Digilent Zed 210248585425" && level==0 && jtag_device_ctx=="jsn-Zed-210248585425-23727093-0"}
fpga -file E:/Git-Repos/CNC-FPGA/Vitis3/SD-UART/_ide/bitstream/CNC_Top_wrapper.bit
targets -set -nocase -filter {name =~"APU*"}
loadhw -hw E:/Git-Repos/CNC-FPGA/Vitis3/CNC-PL333/export/CNC-PL333/hw/CNC_Top_wrapper.xsa -mem-ranges [list {0x40000000 0xbfffffff}] -regs
configparams force-mem-access 1
targets -set -nocase -filter {name =~"APU*"}
source E:/Git-Repos/CNC-FPGA/Vitis3/SD-UART/_ide/psinit/ps7_init.tcl
ps7_init
ps7_post_config
targets -set -nocase -filter {name =~ "*A9*#0"}
dow E:/Git-Repos/CNC-FPGA/Vitis3/SD-UART/Debug/SD-UART.elf
configparams force-mem-access 0
----------------End of Script----------------

17:11:36 INFO  : Context for processor 'ps7_cortexa9_0' is selected.
17:11:36 INFO  : 'con' command is executed.
17:11:36 INFO  : ----------------XSDB Script (After Launch)----------------
targets -set -nocase -filter {name =~ "*A9*#0"}
con
----------------End of Script----------------

17:11:36 INFO  : Launch script is exported to file 'E:\Git-Repos\CNC-FPGA\Vitis3\SD-UART_system\_ide\scripts\systemdebugger_sd-uart_system_5_standalone.tcl'
17:36:47 INFO  : Disconnected from the channel tcfchan#1.
17:36:48 INFO  : Connected to target on host '127.0.0.1' and port '3121'.
17:36:58 INFO  : ----------------XSDB Script----------------
connect -url tcp:127.0.0.1:3121
----------------End of Script----------------

17:36:58 ERROR : Could not find Jtag device on the board for connection 'Local'.


Troubleshooting hints:
1. Check whether board is connected to system properly.
2. In case of zynq board, check whether Digilent/Xilinx cable switch settings are correct.
3. If you are using Xilinx Platform Cable USB, ensure that status LED is green.
17:37:03 INFO  : Connected to target on host '127.0.0.1' and port '3121'.
17:37:03 INFO  : Jtag cable 'Digilent Zed 210248585425' is selected.
17:37:03 INFO  : 'jtag frequency' command is executed.
17:37:03 INFO  : Context for 'APU' is selected.
17:37:03 INFO  : System reset is completed.
17:37:06 INFO  : 'after 3000' command is executed.
17:37:07 INFO  : 'targets -set -filter {jtag_cable_name =~ "Digilent Zed 210248585425" && level==0 && jtag_device_ctx=="jsn-Zed-210248585425-23727093-0"}' command is executed.
17:37:09 INFO  : Device configured successfully with "E:/Git-Repos/CNC-FPGA/Vitis3/SD-UART/_ide/bitstream/CNC_Top_wrapper.bit"
17:37:09 INFO  : Context for 'APU' is selected.
17:37:11 INFO  : Hardware design and registers information is loaded from 'E:/Git-Repos/CNC-FPGA/Vitis3/CNC-PL333/export/CNC-PL333/hw/CNC_Top_wrapper.xsa'.
17:37:11 INFO  : 'configparams force-mem-access 1' command is executed.
17:37:11 INFO  : Context for 'APU' is selected.
17:37:11 INFO  : Sourcing of 'E:/Git-Repos/CNC-FPGA/Vitis3/SD-UART/_ide/psinit/ps7_init.tcl' is done.
17:37:11 INFO  : 'ps7_init' command is executed.
17:37:11 INFO  : 'ps7_post_config' command is executed.
17:37:11 INFO  : Context for processor 'ps7_cortexa9_0' is selected.
17:37:11 INFO  : The application 'E:/Git-Repos/CNC-FPGA/Vitis3/SD-UART/Debug/SD-UART.elf' is downloaded to processor 'ps7_cortexa9_0'.
17:37:11 INFO  : 'configparams force-mem-access 0' command is executed.
17:37:11 INFO  : ----------------XSDB Script----------------
connect -url tcp:127.0.0.1:3121
targets -set -nocase -filter {name =~"APU*"}
rst -system
after 3000
targets -set -filter {jtag_cable_name =~ "Digilent Zed 210248585425" && level==0 && jtag_device_ctx=="jsn-Zed-210248585425-23727093-0"}
fpga -file E:/Git-Repos/CNC-FPGA/Vitis3/SD-UART/_ide/bitstream/CNC_Top_wrapper.bit
targets -set -nocase -filter {name =~"APU*"}
loadhw -hw E:/Git-Repos/CNC-FPGA/Vitis3/CNC-PL333/export/CNC-PL333/hw/CNC_Top_wrapper.xsa -mem-ranges [list {0x40000000 0xbfffffff}] -regs
configparams force-mem-access 1
targets -set -nocase -filter {name =~"APU*"}
source E:/Git-Repos/CNC-FPGA/Vitis3/SD-UART/_ide/psinit/ps7_init.tcl
ps7_init
ps7_post_config
targets -set -nocase -filter {name =~ "*A9*#0"}
dow E:/Git-Repos/CNC-FPGA/Vitis3/SD-UART/Debug/SD-UART.elf
configparams force-mem-access 0
----------------End of Script----------------

17:37:11 INFO  : Context for processor 'ps7_cortexa9_0' is selected.
17:37:11 INFO  : 'con' command is executed.
17:37:11 INFO  : ----------------XSDB Script (After Launch)----------------
targets -set -nocase -filter {name =~ "*A9*#0"}
con
----------------End of Script----------------

17:37:11 INFO  : Launch script is exported to file 'E:\Git-Repos\CNC-FPGA\Vitis3\SD-UART_system\_ide\scripts\systemdebugger_sd-uart_system_7_standalone.tcl'
18:45:05 INFO  : Disconnected from the channel tcfchan#2.
19:58:40 DEBUG : Logs will be stored at 'E:/Git-Repos/CNC-FPGA/Vitis3/IDE.log'.
19:58:41 INFO  : Launching XSCT server: xsct.bat -n  -interactive E:\Git-Repos\CNC-FPGA\Vitis3\temp_xsdb_launch_script.tcl
19:58:45 INFO  : Platform repository initialization has completed.
19:58:46 INFO  : XSCT server has started successfully.
19:58:46 INFO  : Registering command handlers for Vitis TCF services
19:58:49 INFO  : plnx-install-location is set to ''
19:58:49 INFO  : Successfully done setting XSCT server connection channel  
19:58:49 INFO  : Successfully done query RDI_DATADIR 
19:58:49 INFO  : Successfully done setting workspace for the tool. 
19:59:55 INFO  : Result from executing command 'getProjects': CNC-FPGA-FINAL-RELEASE;CNC-PL-PRE-RELEASE;CNC-PL333
19:59:55 INFO  : Result from executing command 'getPlatforms': CNC-PL-PRE-RELEASE|E:/Git-Repos/CNC-FPGA/Vitis3/CNC-PL-PRE-RELEASE/export/CNC-PL-PRE-RELEASE/CNC-PL-PRE-RELEASE.xpfm;CNC-PL333|E:/Git-Repos/CNC-FPGA/Vitis3/CNC-PL333/export/CNC-PL333/CNC-PL333.xpfm;xilinx_zcu102_base_202420_1|C:/Xilinx/Vitis/2024.2/base_platforms/xilinx_zcu102_base_202420_1/xilinx_zcu102_base_202420_1.xpfm;xilinx_zcu102_base_dfx_202420_1|C:/Xilinx/Vitis/2024.2/base_platforms/xilinx_zcu102_base_dfx_202420_1/xilinx_zcu102_base_dfx_202420_1.xpfm;xilinx_zcu104_base_202420_1|C:/Xilinx/Vitis/2024.2/base_platforms/xilinx_zcu104_base_202420_1/xilinx_zcu104_base_202420_1.xpfm
20:00:12 INFO  : No changes in MSS file content so sources will not be generated.
20:00:40 INFO  : The hardware specification used by project 'SD-UART' is out of sync with the platform. Resource files extracted from the hardware specification will be updated.
20:00:41 INFO  : The file 'E:\Git-Repos\CNC-FPGA\Vitis3\SD-UART\_ide\bitstream\CNC_Top_wrapper.bit' stored in project is removed.
20:00:41 INFO  : The updated bitstream files are copied from platform to folder 'E:\Git-Repos\CNC-FPGA\Vitis3\SD-UART\_ide\bitstream' in project 'SD-UART'.
20:00:41 INFO  : The file 'E:\Git-Repos\CNC-FPGA\Vitis3\SD-UART\_ide\psinit\ps7_init.tcl' stored in project is removed.
20:00:45 INFO  : The updated ps init files are copied from platform to folder 'E:\Git-Repos\CNC-FPGA\Vitis3\SD-UART\_ide\psinit' in project 'SD-UART'.
20:01:19 INFO  : Result from executing command 'getProjects': CNC-FPGA-FINAL-RELEASE;CNC-PL-PRE-RELEASE;CNC-PL333
20:01:19 INFO  : Result from executing command 'getPlatforms': CNC-FPGA-FINAL-RELEASE|E:/Git-Repos/CNC-FPGA/Vitis3/CNC-FPGA-FINAL-RELEASE/export/CNC-FPGA-FINAL-RELEASE/CNC-FPGA-FINAL-RELEASE.xpfm;CNC-PL-PRE-RELEASE|E:/Git-Repos/CNC-FPGA/Vitis3/CNC-PL-PRE-RELEASE/export/CNC-PL-PRE-RELEASE/CNC-PL-PRE-RELEASE.xpfm;CNC-PL333|E:/Git-Repos/CNC-FPGA/Vitis3/CNC-PL333/export/CNC-PL333/CNC-PL333.xpfm;xilinx_zcu102_base_202420_1|C:/Xilinx/Vitis/2024.2/base_platforms/xilinx_zcu102_base_202420_1/xilinx_zcu102_base_202420_1.xpfm;xilinx_zcu102_base_dfx_202420_1|C:/Xilinx/Vitis/2024.2/base_platforms/xilinx_zcu102_base_dfx_202420_1/xilinx_zcu102_base_dfx_202420_1.xpfm;xilinx_zcu104_base_202420_1|C:/Xilinx/Vitis/2024.2/base_platforms/xilinx_zcu104_base_202420_1/xilinx_zcu104_base_202420_1.xpfm
20:01:19 INFO  : Checking for BSP changes to sync application flags for project 'SD-UART'...
20:01:37 INFO  : Connected to target on host '127.0.0.1' and port '3121'.
20:01:38 INFO  : Jtag cable 'Digilent Zed 210248585425' is selected.
20:01:38 INFO  : 'jtag frequency' command is executed.
20:01:38 INFO  : Context for 'APU' is selected.
20:01:38 INFO  : System reset is completed.
20:01:41 INFO  : 'after 3000' command is executed.
20:01:41 INFO  : 'targets -set -filter {jtag_cable_name =~ "Digilent Zed 210248585425" && level==0 && jtag_device_ctx=="jsn-Zed-210248585425-23727093-0"}' command is executed.
20:01:44 INFO  : Device configured successfully with "E:/Git-Repos/CNC-FPGA/Vitis3/SD-UART/_ide/bitstream/CNC-FPGA-FINAL-RELEASE.bit"
20:01:44 INFO  : Context for 'APU' is selected.
20:01:44 INFO  : Hardware design and registers information is loaded from 'E:/Git-Repos/CNC-FPGA/Vitis3/CNC-FPGA-FINAL-RELEASE/export/CNC-FPGA-FINAL-RELEASE/hw/CNC-FPGA-FINAL-RELEASE.xsa'.
20:01:44 INFO  : 'configparams force-mem-access 1' command is executed.
20:01:44 INFO  : Context for 'APU' is selected.
20:01:44 INFO  : Sourcing of 'E:/Git-Repos/CNC-FPGA/Vitis3/SD-UART/_ide/psinit/ps7_init.tcl' is done.
20:01:44 INFO  : 'ps7_init' command is executed.
20:01:44 INFO  : 'ps7_post_config' command is executed.
20:01:44 INFO  : Context for processor 'ps7_cortexa9_0' is selected.
20:01:44 INFO  : The application 'E:/Git-Repos/CNC-FPGA/Vitis3/SD-UART/Debug/SD-UART.elf' is downloaded to processor 'ps7_cortexa9_0'.
20:01:44 INFO  : 'configparams force-mem-access 0' command is executed.
20:01:44 INFO  : ----------------XSDB Script----------------
connect -url tcp:127.0.0.1:3121
targets -set -nocase -filter {name =~"APU*"}
rst -system
after 3000
targets -set -filter {jtag_cable_name =~ "Digilent Zed 210248585425" && level==0 && jtag_device_ctx=="jsn-Zed-210248585425-23727093-0"}
fpga -file E:/Git-Repos/CNC-FPGA/Vitis3/SD-UART/_ide/bitstream/CNC-FPGA-FINAL-RELEASE.bit
targets -set -nocase -filter {name =~"APU*"}
loadhw -hw E:/Git-Repos/CNC-FPGA/Vitis3/CNC-FPGA-FINAL-RELEASE/export/CNC-FPGA-FINAL-RELEASE/hw/CNC-FPGA-FINAL-RELEASE.xsa -mem-ranges [list {0x40000000 0xbfffffff}] -regs
configparams force-mem-access 1
targets -set -nocase -filter {name =~"APU*"}
source E:/Git-Repos/CNC-FPGA/Vitis3/SD-UART/_ide/psinit/ps7_init.tcl
ps7_init
ps7_post_config
targets -set -nocase -filter {name =~ "*A9*#0"}
dow E:/Git-Repos/CNC-FPGA/Vitis3/SD-UART/Debug/SD-UART.elf
configparams force-mem-access 0
----------------End of Script----------------

20:01:44 INFO  : Context for processor 'ps7_cortexa9_0' is selected.
20:01:45 INFO  : 'con' command is executed.
20:01:45 INFO  : ----------------XSDB Script (After Launch)----------------
targets -set -nocase -filter {name =~ "*A9*#0"}
con
----------------End of Script----------------

20:01:45 INFO  : Launch script is exported to file 'E:\Git-Repos\CNC-FPGA\Vitis3\SD-UART_system\_ide\scripts\systemdebugger_sd-uart_system_10_standalone.tcl'
20:13:29 INFO  : Disconnected from the channel tcfchan#3.
00:23:02 DEBUG : Logs will be stored at 'E:/Git-Repos/CNC-FPGA/Vitis3/IDE.log'.
00:23:03 INFO  : Launching XSCT server: xsct.bat -n  -interactive E:\Git-Repos\CNC-FPGA\Vitis3\temp_xsdb_launch_script.tcl
00:23:09 INFO  : Platform repository initialization has completed.
00:23:09 INFO  : Registering command handlers for Vitis TCF services
00:23:10 INFO  : XSCT server has started successfully.
00:23:17 INFO  : Successfully done setting XSCT server connection channel  
00:23:17 INFO  : plnx-install-location is set to ''
00:23:17 INFO  : Successfully done query RDI_DATADIR 
00:23:17 INFO  : Successfully done setting workspace for the tool. 
00:24:02 INFO  : Result from executing command 'getProjects': CNC-FPGA-FINAL-RELEASE;CNC-FPGA-PLATFORM;CNC-PL-PRE-RELEASE;CNC-PL333
00:24:02 INFO  : Result from executing command 'getPlatforms': CNC-FPGA-FINAL-RELEASE|E:/Git-Repos/CNC-FPGA/Vitis3/CNC-FPGA-FINAL-RELEASE/export/CNC-FPGA-FINAL-RELEASE/CNC-FPGA-FINAL-RELEASE.xpfm;CNC-PL-PRE-RELEASE|E:/Git-Repos/CNC-FPGA/Vitis3/CNC-PL-PRE-RELEASE/export/CNC-PL-PRE-RELEASE/CNC-PL-PRE-RELEASE.xpfm;CNC-PL333|E:/Git-Repos/CNC-FPGA/Vitis3/CNC-PL333/export/CNC-PL333/CNC-PL333.xpfm;xilinx_zcu102_base_202420_1|C:/Xilinx/Vitis/2024.2/base_platforms/xilinx_zcu102_base_202420_1/xilinx_zcu102_base_202420_1.xpfm;xilinx_zcu102_base_dfx_202420_1|C:/Xilinx/Vitis/2024.2/base_platforms/xilinx_zcu102_base_dfx_202420_1/xilinx_zcu102_base_dfx_202420_1.xpfm;xilinx_zcu104_base_202420_1|C:/Xilinx/Vitis/2024.2/base_platforms/xilinx_zcu104_base_202420_1/xilinx_zcu104_base_202420_1.xpfm
00:24:55 INFO  : No changes in MSS file content so sources will not be generated.
00:25:12 INFO  : The hardware specification used by project 'SD-UART' is out of sync with the platform. Resource files extracted from the hardware specification will be updated.
00:25:14 INFO  : The file 'E:\Git-Repos\CNC-FPGA\Vitis3\SD-UART\_ide\bitstream\CNC-FPGA-FINAL-RELEASE.bit' stored in project is removed.
00:25:14 INFO  : The updated bitstream files are copied from platform to folder 'E:\Git-Repos\CNC-FPGA\Vitis3\SD-UART\_ide\bitstream' in project 'SD-UART'.
00:25:14 INFO  : The file 'E:\Git-Repos\CNC-FPGA\Vitis3\SD-UART\_ide\psinit\ps7_init.tcl' stored in project is removed.
00:25:18 INFO  : The updated ps init files are copied from platform to folder 'E:\Git-Repos\CNC-FPGA\Vitis3\SD-UART\_ide\psinit' in project 'SD-UART'.
00:25:40 INFO  : Result from executing command 'getProjects': CNC-FPGA-FINAL-RELEASE;CNC-FPGA-PLATFORM;CNC-PL-PRE-RELEASE;CNC-PL333
00:25:40 INFO  : Result from executing command 'getPlatforms': CNC-FPGA-FINAL-RELEASE|E:/Git-Repos/CNC-FPGA/Vitis3/CNC-FPGA-FINAL-RELEASE/export/CNC-FPGA-FINAL-RELEASE/CNC-FPGA-FINAL-RELEASE.xpfm;CNC-FPGA-PLATFORM|E:/Git-Repos/CNC-FPGA/Vitis3/CNC-FPGA-PLATFORM/export/CNC-FPGA-PLATFORM/CNC-FPGA-PLATFORM.xpfm;CNC-PL-PRE-RELEASE|E:/Git-Repos/CNC-FPGA/Vitis3/CNC-PL-PRE-RELEASE/export/CNC-PL-PRE-RELEASE/CNC-PL-PRE-RELEASE.xpfm;CNC-PL333|E:/Git-Repos/CNC-FPGA/Vitis3/CNC-PL333/export/CNC-PL333/CNC-PL333.xpfm;xilinx_zcu102_base_202420_1|C:/Xilinx/Vitis/2024.2/base_platforms/xilinx_zcu102_base_202420_1/xilinx_zcu102_base_202420_1.xpfm;xilinx_zcu102_base_dfx_202420_1|C:/Xilinx/Vitis/2024.2/base_platforms/xilinx_zcu102_base_dfx_202420_1/xilinx_zcu102_base_dfx_202420_1.xpfm;xilinx_zcu104_base_202420_1|C:/Xilinx/Vitis/2024.2/base_platforms/xilinx_zcu104_base_202420_1/xilinx_zcu104_base_202420_1.xpfm
00:25:54 INFO  : Checking for BSP changes to sync application flags for project 'SD-UART'...
00:26:12 INFO  : Connected to target on host '127.0.0.1' and port '3121'.
00:26:13 INFO  : Jtag cable 'Digilent Zed 210248585425' is selected.
00:26:13 INFO  : 'jtag frequency' command is executed.
00:26:13 INFO  : Context for 'APU' is selected.
00:26:13 INFO  : System reset is completed.
00:26:16 INFO  : 'after 3000' command is executed.
00:26:16 INFO  : 'targets -set -filter {jtag_cable_name =~ "Digilent Zed 210248585425" && level==0 && jtag_device_ctx=="jsn-Zed-210248585425-23727093-0"}' command is executed.
00:26:19 INFO  : Device configured successfully with "E:/Git-Repos/CNC-FPGA/Vitis3/SD-UART/_ide/bitstream/CNC_FPGA_HW.bit"
00:26:19 INFO  : Context for 'APU' is selected.
00:26:19 INFO  : Hardware design and registers information is loaded from 'E:/Git-Repos/CNC-FPGA/Vitis3/CNC-FPGA-PLATFORM/export/CNC-FPGA-PLATFORM/hw/CNC_FPGA_HW.xsa'.
00:26:19 INFO  : 'configparams force-mem-access 1' command is executed.
00:26:19 INFO  : Context for 'APU' is selected.
00:26:19 INFO  : Sourcing of 'E:/Git-Repos/CNC-FPGA/Vitis3/SD-UART/_ide/psinit/ps7_init.tcl' is done.
00:26:19 INFO  : 'ps7_init' command is executed.
00:26:19 INFO  : 'ps7_post_config' command is executed.
00:26:19 INFO  : Context for processor 'ps7_cortexa9_0' is selected.
00:26:19 INFO  : The application 'E:/Git-Repos/CNC-FPGA/Vitis3/SD-UART/Debug/SD-UART.elf' is downloaded to processor 'ps7_cortexa9_0'.
00:26:19 INFO  : 'configparams force-mem-access 0' command is executed.
00:26:19 INFO  : ----------------XSDB Script----------------
connect -url tcp:127.0.0.1:3121
targets -set -nocase -filter {name =~"APU*"}
rst -system
after 3000
targets -set -filter {jtag_cable_name =~ "Digilent Zed 210248585425" && level==0 && jtag_device_ctx=="jsn-Zed-210248585425-23727093-0"}
fpga -file E:/Git-Repos/CNC-FPGA/Vitis3/SD-UART/_ide/bitstream/CNC_FPGA_HW.bit
targets -set -nocase -filter {name =~"APU*"}
loadhw -hw E:/Git-Repos/CNC-FPGA/Vitis3/CNC-FPGA-PLATFORM/export/CNC-FPGA-PLATFORM/hw/CNC_FPGA_HW.xsa -mem-ranges [list {0x40000000 0xbfffffff}] -regs
configparams force-mem-access 1
targets -set -nocase -filter {name =~"APU*"}
source E:/Git-Repos/CNC-FPGA/Vitis3/SD-UART/_ide/psinit/ps7_init.tcl
ps7_init
ps7_post_config
targets -set -nocase -filter {name =~ "*A9*#0"}
dow E:/Git-Repos/CNC-FPGA/Vitis3/SD-UART/Debug/SD-UART.elf
configparams force-mem-access 0
----------------End of Script----------------

00:26:19 INFO  : Context for processor 'ps7_cortexa9_0' is selected.
00:26:19 INFO  : 'con' command is executed.
00:26:19 INFO  : ----------------XSDB Script (After Launch)----------------
targets -set -nocase -filter {name =~ "*A9*#0"}
con
----------------End of Script----------------

00:26:19 INFO  : Launch script is exported to file 'E:\Git-Repos\CNC-FPGA\Vitis3\SD-UART_system\_ide\scripts\systemdebugger_sd-uart_system_11_standalone.tcl'
00:31:23 INFO  : Disconnected from the channel tcfchan#3.
22:55:59 DEBUG : Logs will be stored at 'E:/Git-Repos/CNC-FPGA/Vitis3/IDE.log'.
22:56:00 INFO  : Launching XSCT server: xsct.bat -n  -interactive E:\Git-Repos\CNC-FPGA\Vitis3\temp_xsdb_launch_script.tcl
22:56:05 INFO  : Registering command handlers for Vitis TCF services
22:56:05 INFO  : Platform repository initialization has completed.
22:56:05 INFO  : XSCT server has started successfully.
22:56:11 INFO  : Successfully done setting XSCT server connection channel  
22:56:11 INFO  : plnx-install-location is set to ''
22:56:11 INFO  : Successfully done query RDI_DATADIR 
22:56:11 INFO  : Successfully done setting workspace for the tool. 
22:56:40 INFO  : Connected to target on host '127.0.0.1' and port '3121'.
22:56:41 INFO  : Jtag cable 'Digilent Zed 210248585425' is selected.
22:56:41 INFO  : 'jtag frequency' command is executed.
22:56:41 INFO  : Context for 'APU' is selected.
22:56:41 INFO  : System reset is completed.
22:56:44 INFO  : 'after 3000' command is executed.
22:56:44 INFO  : 'targets -set -filter {jtag_cable_name =~ "Digilent Zed 210248585425" && level==0 && jtag_device_ctx=="jsn-Zed-210248585425-23727093-0"}' command is executed.
22:56:46 INFO  : Device configured successfully with "E:/Git-Repos/CNC-FPGA/Vitis3/SD-UART/_ide/bitstream/CNC_FPGA_HW.bit"
22:56:46 INFO  : Context for 'APU' is selected.
22:56:47 INFO  : Hardware design and registers information is loaded from 'E:/Git-Repos/CNC-FPGA/Vitis3/CNC-FPGA-PLATFORM/export/CNC-FPGA-PLATFORM/hw/CNC_FPGA_HW.xsa'.
22:56:47 INFO  : 'configparams force-mem-access 1' command is executed.
22:56:47 INFO  : Context for 'APU' is selected.
22:56:47 INFO  : Sourcing of 'E:/Git-Repos/CNC-FPGA/Vitis3/SD-UART/_ide/psinit/ps7_init.tcl' is done.
22:56:47 INFO  : 'ps7_init' command is executed.
22:56:47 INFO  : 'ps7_post_config' command is executed.
22:56:47 INFO  : Context for processor 'ps7_cortexa9_0' is selected.
22:56:47 INFO  : The application 'E:/Git-Repos/CNC-FPGA/Vitis3/SD-UART/Debug/SD-UART.elf' is downloaded to processor 'ps7_cortexa9_0'.
22:56:47 INFO  : 'configparams force-mem-access 0' command is executed.
22:56:47 INFO  : ----------------XSDB Script----------------
connect -url tcp:127.0.0.1:3121
targets -set -nocase -filter {name =~"APU*"}
rst -system
after 3000
targets -set -filter {jtag_cable_name =~ "Digilent Zed 210248585425" && level==0 && jtag_device_ctx=="jsn-Zed-210248585425-23727093-0"}
fpga -file E:/Git-Repos/CNC-FPGA/Vitis3/SD-UART/_ide/bitstream/CNC_FPGA_HW.bit
targets -set -nocase -filter {name =~"APU*"}
loadhw -hw E:/Git-Repos/CNC-FPGA/Vitis3/CNC-FPGA-PLATFORM/export/CNC-FPGA-PLATFORM/hw/CNC_FPGA_HW.xsa -mem-ranges [list {0x40000000 0xbfffffff}] -regs
configparams force-mem-access 1
targets -set -nocase -filter {name =~"APU*"}
source E:/Git-Repos/CNC-FPGA/Vitis3/SD-UART/_ide/psinit/ps7_init.tcl
ps7_init
ps7_post_config
targets -set -nocase -filter {name =~ "*A9*#0"}
dow E:/Git-Repos/CNC-FPGA/Vitis3/SD-UART/Debug/SD-UART.elf
configparams force-mem-access 0
----------------End of Script----------------

22:56:47 INFO  : Context for processor 'ps7_cortexa9_0' is selected.
22:56:47 INFO  : 'con' command is executed.
22:56:47 INFO  : ----------------XSDB Script (After Launch)----------------
targets -set -nocase -filter {name =~ "*A9*#0"}
con
----------------End of Script----------------

22:56:47 INFO  : Launch script is exported to file 'E:\Git-Repos\CNC-FPGA\Vitis3\SD-UART_system\_ide\scripts\systemdebugger_sd-uart_system_12_standalone.tcl'
22:57:04 INFO  : Disconnected from the channel tcfchan#1.
22:57:05 INFO  : Connected to target on host '127.0.0.1' and port '3121'.
22:57:05 INFO  : Jtag cable 'Digilent Zed 210248585425' is selected.
22:57:05 INFO  : 'jtag frequency' command is executed.
22:57:08 INFO  : Context for 'APU' is selected.
22:57:08 INFO  : System reset is completed.
22:57:11 INFO  : 'after 3000' command is executed.
22:57:11 INFO  : 'targets -set -filter {jtag_cable_name =~ "Digilent Zed 210248585425" && level==0 && jtag_device_ctx=="jsn-Zed-210248585425-23727093-0"}' command is executed.
22:57:13 INFO  : Device configured successfully with "E:/Git-Repos/CNC-FPGA/Vitis3/SD-UART/_ide/bitstream/CNC_FPGA_HW.bit"
22:57:13 INFO  : Context for 'APU' is selected.
22:57:13 INFO  : Hardware design and registers information is loaded from 'E:/Git-Repos/CNC-FPGA/Vitis3/CNC-FPGA-PLATFORM/export/CNC-FPGA-PLATFORM/hw/CNC_FPGA_HW.xsa'.
22:57:13 INFO  : 'configparams force-mem-access 1' command is executed.
22:57:13 INFO  : Context for 'APU' is selected.
22:57:13 INFO  : Sourcing of 'E:/Git-Repos/CNC-FPGA/Vitis3/SD-UART/_ide/psinit/ps7_init.tcl' is done.
22:57:14 INFO  : 'ps7_init' command is executed.
22:57:14 INFO  : 'ps7_post_config' command is executed.
22:57:14 INFO  : Context for processor 'ps7_cortexa9_0' is selected.
22:57:14 INFO  : The application 'E:/Git-Repos/CNC-FPGA/Vitis3/SD-UART/Debug/SD-UART.elf' is downloaded to processor 'ps7_cortexa9_0'.
22:57:14 INFO  : 'configparams force-mem-access 0' command is executed.
22:57:14 INFO  : ----------------XSDB Script----------------
connect -url tcp:127.0.0.1:3121
targets -set -nocase -filter {name =~"APU*"}
rst -system
after 3000
targets -set -filter {jtag_cable_name =~ "Digilent Zed 210248585425" && level==0 && jtag_device_ctx=="jsn-Zed-210248585425-23727093-0"}
fpga -file E:/Git-Repos/CNC-FPGA/Vitis3/SD-UART/_ide/bitstream/CNC_FPGA_HW.bit
targets -set -nocase -filter {name =~"APU*"}
loadhw -hw E:/Git-Repos/CNC-FPGA/Vitis3/CNC-FPGA-PLATFORM/export/CNC-FPGA-PLATFORM/hw/CNC_FPGA_HW.xsa -mem-ranges [list {0x40000000 0xbfffffff}] -regs
configparams force-mem-access 1
targets -set -nocase -filter {name =~"APU*"}
source E:/Git-Repos/CNC-FPGA/Vitis3/SD-UART/_ide/psinit/ps7_init.tcl
ps7_init
ps7_post_config
targets -set -nocase -filter {name =~ "*A9*#0"}
dow E:/Git-Repos/CNC-FPGA/Vitis3/SD-UART/Debug/SD-UART.elf
configparams force-mem-access 0
----------------End of Script----------------

22:57:14 INFO  : Context for processor 'ps7_cortexa9_0' is selected.
22:57:14 INFO  : 'con' command is executed.
22:57:14 INFO  : ----------------XSDB Script (After Launch)----------------
targets -set -nocase -filter {name =~ "*A9*#0"}
con
----------------End of Script----------------

22:57:14 INFO  : Launch script is exported to file 'E:\Git-Repos\CNC-FPGA\Vitis3\SD-UART_system\_ide\scripts\systemdebugger_sd-uart_system_13_standalone.tcl'
01:17:04 INFO  : Disconnected from the channel tcfchan#2.
16:55:50 DEBUG : Logs will be stored at 'E:/Git-Repos/CNC-FPGA/Vitis3/IDE.log'.
16:55:51 INFO  : Launching XSCT server: xsct.bat -n  -interactive E:\Git-Repos\CNC-FPGA\Vitis3\temp_xsdb_launch_script.tcl
16:55:54 INFO  : Registering command handlers for Vitis TCF services
16:55:55 INFO  : Platform repository initialization has completed.
16:55:56 INFO  : XSCT server has started successfully.
16:56:01 INFO  : Successfully done setting XSCT server connection channel  
16:56:01 INFO  : plnx-install-location is set to ''
16:56:01 INFO  : Successfully done query RDI_DATADIR 
16:56:01 INFO  : Successfully done setting workspace for the tool. 
16:57:01 INFO  : Connected to target on host '127.0.0.1' and port '3121'.
16:57:02 INFO  : Jtag cable 'Digilent Zed 210248585425' is selected.
16:57:02 INFO  : 'jtag frequency' command is executed.
16:57:02 INFO  : Context for 'APU' is selected.
16:57:02 INFO  : System reset is completed.
16:57:05 INFO  : 'after 3000' command is executed.
16:57:05 INFO  : 'targets -set -filter {jtag_cable_name =~ "Digilent Zed 210248585425" && level==0 && jtag_device_ctx=="jsn-Zed-210248585425-23727093-0"}' command is executed.
16:57:08 INFO  : Device configured successfully with "E:/Git-Repos/CNC-FPGA/Vitis3/SD-UART/_ide/bitstream/CNC_FPGA_HW.bit"
16:57:08 INFO  : Context for 'APU' is selected.
16:57:08 INFO  : Hardware design and registers information is loaded from 'E:/Git-Repos/CNC-FPGA/Vitis3/CNC-FPGA-PLATFORM/export/CNC-FPGA-PLATFORM/hw/CNC_FPGA_HW.xsa'.
16:57:08 INFO  : 'configparams force-mem-access 1' command is executed.
16:57:08 INFO  : Context for 'APU' is selected.
16:57:08 INFO  : Sourcing of 'E:/Git-Repos/CNC-FPGA/Vitis3/SD-UART/_ide/psinit/ps7_init.tcl' is done.
16:57:08 INFO  : 'ps7_init' command is executed.
16:57:08 INFO  : 'ps7_post_config' command is executed.
16:57:08 INFO  : Context for processor 'ps7_cortexa9_0' is selected.
16:57:08 INFO  : The application 'E:/Git-Repos/CNC-FPGA/Vitis3/SD-UART/Debug/SD-UART.elf' is downloaded to processor 'ps7_cortexa9_0'.
16:57:08 INFO  : 'configparams force-mem-access 0' command is executed.
16:57:08 INFO  : ----------------XSDB Script----------------
connect -url tcp:127.0.0.1:3121
targets -set -nocase -filter {name =~"APU*"}
rst -system
after 3000
targets -set -filter {jtag_cable_name =~ "Digilent Zed 210248585425" && level==0 && jtag_device_ctx=="jsn-Zed-210248585425-23727093-0"}
fpga -file E:/Git-Repos/CNC-FPGA/Vitis3/SD-UART/_ide/bitstream/CNC_FPGA_HW.bit
targets -set -nocase -filter {name =~"APU*"}
loadhw -hw E:/Git-Repos/CNC-FPGA/Vitis3/CNC-FPGA-PLATFORM/export/CNC-FPGA-PLATFORM/hw/CNC_FPGA_HW.xsa -mem-ranges [list {0x40000000 0xbfffffff}] -regs
configparams force-mem-access 1
targets -set -nocase -filter {name =~"APU*"}
source E:/Git-Repos/CNC-FPGA/Vitis3/SD-UART/_ide/psinit/ps7_init.tcl
ps7_init
ps7_post_config
targets -set -nocase -filter {name =~ "*A9*#0"}
dow E:/Git-Repos/CNC-FPGA/Vitis3/SD-UART/Debug/SD-UART.elf
configparams force-mem-access 0
----------------End of Script----------------

16:57:09 INFO  : Context for processor 'ps7_cortexa9_0' is selected.
16:57:09 INFO  : 'con' command is executed.
16:57:09 INFO  : ----------------XSDB Script (After Launch)----------------
targets -set -nocase -filter {name =~ "*A9*#0"}
con
----------------End of Script----------------

16:57:09 INFO  : Launch script is exported to file 'E:\Git-Repos\CNC-FPGA\Vitis3\SD-UART_system\_ide\scripts\systemdebugger_sd-uart_system_14_standalone.tcl'
16:58:27 INFO  : Disconnected from the channel tcfchan#1.
17:20:38 DEBUG : Logs will be stored at 'E:/Git-Repos/CNC-FPGA/Vitis3/IDE.log'.
17:20:38 INFO  : Launching XSCT server: xsct.bat -n  -interactive E:\Git-Repos\CNC-FPGA\Vitis3\temp_xsdb_launch_script.tcl
17:20:41 INFO  : Registering command handlers for Vitis TCF services
17:20:41 INFO  : Platform repository initialization has completed.
17:20:41 INFO  : XSCT server has started successfully.
17:20:41 INFO  : Successfully done setting XSCT server connection channel  
17:20:42 INFO  : plnx-install-location is set to ''
17:20:42 INFO  : Successfully done setting workspace for the tool. 
17:20:42 INFO  : Successfully done query RDI_DATADIR 
20:50:49 DEBUG : Logs will be stored at 'E:/Git-Repos/CNC-FPGA/Vitis3/IDE.log'.
20:50:50 INFO  : Launching XSCT server: xsct.bat -n  -interactive E:\Git-Repos\CNC-FPGA\Vitis3\temp_xsdb_launch_script.tcl
20:50:55 INFO  : Registering command handlers for Vitis TCF services
20:50:55 INFO  : Platform repository initialization has completed.
20:50:55 INFO  : XSCT server has started successfully.
20:50:59 INFO  : plnx-install-location is set to ''
20:50:59 INFO  : Successfully done setting XSCT server connection channel  
20:50:59 INFO  : Successfully done query RDI_DATADIR 
20:51:00 INFO  : Successfully done setting workspace for the tool. 
20:55:31 INFO  : Connected to target on host '127.0.0.1' and port '3121'.
20:55:32 INFO  : Jtag cable 'Digilent Zed 210248585425' is selected.
20:55:32 INFO  : 'jtag frequency' command is executed.
20:55:32 INFO  : Context for 'APU' is selected.
20:55:32 INFO  : System reset is completed.
20:55:35 INFO  : 'after 3000' command is executed.
20:55:35 INFO  : 'targets -set -filter {jtag_cable_name =~ "Digilent Zed 210248585425" && level==0 && jtag_device_ctx=="jsn-Zed-210248585425-23727093-0"}' command is executed.
20:55:37 INFO  : Device configured successfully with "E:/Git-Repos/CNC-FPGA/Vitis3/SD-UART/_ide/bitstream/CNC_FPGA_HW.bit"
20:55:37 INFO  : Context for 'APU' is selected.
20:55:38 INFO  : Hardware design and registers information is loaded from 'E:/Git-Repos/CNC-FPGA/Vitis3/CNC-FPGA-PLATFORM/export/CNC-FPGA-PLATFORM/hw/CNC_FPGA_HW.xsa'.
20:55:38 INFO  : 'configparams force-mem-access 1' command is executed.
20:55:38 INFO  : Context for 'APU' is selected.
20:55:38 INFO  : Sourcing of 'E:/Git-Repos/CNC-FPGA/Vitis3/SD-UART/_ide/psinit/ps7_init.tcl' is done.
20:55:38 INFO  : 'ps7_init' command is executed.
20:55:38 INFO  : 'ps7_post_config' command is executed.
20:55:38 INFO  : Context for processor 'ps7_cortexa9_0' is selected.
20:55:38 INFO  : The application 'E:/Git-Repos/CNC-FPGA/Vitis3/SD-UART/Debug/SD-UART.elf' is downloaded to processor 'ps7_cortexa9_0'.
20:55:38 INFO  : 'configparams force-mem-access 0' command is executed.
20:55:38 INFO  : ----------------XSDB Script----------------
connect -url tcp:127.0.0.1:3121
targets -set -nocase -filter {name =~"APU*"}
rst -system
after 3000
targets -set -filter {jtag_cable_name =~ "Digilent Zed 210248585425" && level==0 && jtag_device_ctx=="jsn-Zed-210248585425-23727093-0"}
fpga -file E:/Git-Repos/CNC-FPGA/Vitis3/SD-UART/_ide/bitstream/CNC_FPGA_HW.bit
targets -set -nocase -filter {name =~"APU*"}
loadhw -hw E:/Git-Repos/CNC-FPGA/Vitis3/CNC-FPGA-PLATFORM/export/CNC-FPGA-PLATFORM/hw/CNC_FPGA_HW.xsa -mem-ranges [list {0x40000000 0xbfffffff}] -regs
configparams force-mem-access 1
targets -set -nocase -filter {name =~"APU*"}
source E:/Git-Repos/CNC-FPGA/Vitis3/SD-UART/_ide/psinit/ps7_init.tcl
ps7_init
ps7_post_config
targets -set -nocase -filter {name =~ "*A9*#0"}
dow E:/Git-Repos/CNC-FPGA/Vitis3/SD-UART/Debug/SD-UART.elf
configparams force-mem-access 0
----------------End of Script----------------

20:55:38 INFO  : Context for processor 'ps7_cortexa9_0' is selected.
20:55:38 INFO  : 'con' command is executed.
20:55:38 INFO  : ----------------XSDB Script (After Launch)----------------
targets -set -nocase -filter {name =~ "*A9*#0"}
con
----------------End of Script----------------

20:55:38 INFO  : Launch script is exported to file 'E:\Git-Repos\CNC-FPGA\Vitis3\SD-UART_system\_ide\scripts\systemdebugger_sd-uart_system_15_standalone.tcl'
22:48:11 INFO  : Disconnected from the channel tcfchan#1.
22:48:12 INFO  : Connected to target on host '127.0.0.1' and port '3121'.
22:48:13 INFO  : Jtag cable 'Digilent Zed 210248585425' is selected.
22:48:13 ERROR : port closed
22:48:13 INFO  : ----------------XSDB Script----------------
connect -url tcp:127.0.0.1:3121
----------------End of Script----------------

22:48:13 ERROR : port closed
22:48:20 INFO  : Connected to target on host '127.0.0.1' and port '3121'.
22:48:20 INFO  : Jtag cable 'Digilent Zed 210248585425' is selected.
22:48:20 INFO  : 'jtag frequency' command is executed.
22:48:20 INFO  : Context for 'APU' is selected.
22:48:21 INFO  : System reset is completed.
22:48:24 INFO  : 'after 3000' command is executed.
22:48:24 INFO  : 'targets -set -filter {jtag_cable_name =~ "Digilent Zed 210248585425" && level==0 && jtag_device_ctx=="jsn-Zed-210248585425-23727093-0"}' command is executed.
22:48:26 INFO  : Device configured successfully with "E:/Git-Repos/CNC-FPGA/Vitis3/SD-UART/_ide/bitstream/CNC_FPGA_HW.bit"
22:48:26 INFO  : Context for 'APU' is selected.
22:48:26 INFO  : Hardware design and registers information is loaded from 'E:/Git-Repos/CNC-FPGA/Vitis3/CNC-FPGA-PLATFORM/export/CNC-FPGA-PLATFORM/hw/CNC_FPGA_HW.xsa'.
22:48:26 INFO  : 'configparams force-mem-access 1' command is executed.
22:48:26 INFO  : Context for 'APU' is selected.
22:48:26 INFO  : Sourcing of 'E:/Git-Repos/CNC-FPGA/Vitis3/SD-UART/_ide/psinit/ps7_init.tcl' is done.
22:48:26 INFO  : 'ps7_init' command is executed.
22:48:26 INFO  : 'ps7_post_config' command is executed.
22:48:26 INFO  : Context for processor 'ps7_cortexa9_0' is selected.
22:48:26 INFO  : The application 'E:/Git-Repos/CNC-FPGA/Vitis3/SD-UART/Debug/SD-UART.elf' is downloaded to processor 'ps7_cortexa9_0'.
22:48:26 INFO  : 'configparams force-mem-access 0' command is executed.
22:48:26 INFO  : ----------------XSDB Script----------------
connect -url tcp:127.0.0.1:3121
targets -set -nocase -filter {name =~"APU*"}
rst -system
after 3000
targets -set -filter {jtag_cable_name =~ "Digilent Zed 210248585425" && level==0 && jtag_device_ctx=="jsn-Zed-210248585425-23727093-0"}
fpga -file E:/Git-Repos/CNC-FPGA/Vitis3/SD-UART/_ide/bitstream/CNC_FPGA_HW.bit
targets -set -nocase -filter {name =~"APU*"}
loadhw -hw E:/Git-Repos/CNC-FPGA/Vitis3/CNC-FPGA-PLATFORM/export/CNC-FPGA-PLATFORM/hw/CNC_FPGA_HW.xsa -mem-ranges [list {0x40000000 0xbfffffff}] -regs
configparams force-mem-access 1
targets -set -nocase -filter {name =~"APU*"}
source E:/Git-Repos/CNC-FPGA/Vitis3/SD-UART/_ide/psinit/ps7_init.tcl
ps7_init
ps7_post_config
targets -set -nocase -filter {name =~ "*A9*#0"}
dow E:/Git-Repos/CNC-FPGA/Vitis3/SD-UART/Debug/SD-UART.elf
configparams force-mem-access 0
----------------End of Script----------------

22:48:27 INFO  : Context for processor 'ps7_cortexa9_0' is selected.
22:48:27 INFO  : 'con' command is executed.
22:48:27 INFO  : ----------------XSDB Script (After Launch)----------------
targets -set -nocase -filter {name =~ "*A9*#0"}
con
----------------End of Script----------------

22:48:27 INFO  : Launch script is exported to file 'E:\Git-Repos\CNC-FPGA\Vitis3\SD-UART_system\_ide\scripts\systemdebugger_sd-uart_system_17_standalone.tcl'
22:56:27 INFO  : Disconnected from the channel tcfchan#2.
23:02:55 DEBUG : Logs will be stored at 'X:/Git-Repos/CNC-FPGA/Vitis3/IDE.log'.
23:02:55 INFO  : Launching XSCT server: xsct.bat -n  -interactive X:\Git-Repos\CNC-FPGA\Vitis3\temp_xsdb_launch_script.tcl
23:03:00 INFO  : XSCT server has started successfully.
23:03:01 INFO  : Successfully done setting XSCT server connection channel  
23:03:01 INFO  : plnx-install-location is set to ''
23:03:01 INFO  : Successfully done query RDI_DATADIR 
23:03:01 INFO  : Successfully done setting workspace for the tool. 
23:03:02 INFO  : Registering command handlers for Vitis TCF services
23:03:02 INFO  : Platform repository initialization has completed.
23:06:41 ERROR : The platform 'E:/Git-Repos/CNC-FPGA/Vitis3/CNC-FPGA-PLATFORM/export/CNC-FPGA-PLATFORM/CNC-FPGA-PLATFORM.xpfm' used by the system project 'SD-UART_system' is not valid.
23:07:20 INFO  : Result from executing command 'getProjects': CNC-FPGA-PLATFORM
23:07:20 INFO  : Result from executing command 'getPlatforms': xilinx_vck190_base_202420_1|X:/AMDs/Vitis/2024.2/base_platforms/xilinx_vck190_base_202420_1/xilinx_vck190_base_202420_1.xpfm;xilinx_vck190_base_dfx_202420_1|X:/AMDs/Vitis/2024.2/base_platforms/xilinx_vck190_base_dfx_202420_1/xilinx_vck190_base_dfx_202420_1.xpfm;xilinx_vek280_base_202420_1|X:/AMDs/Vitis/2024.2/base_platforms/xilinx_vek280_base_202420_1/xilinx_vek280_base_202420_1.xpfm;xilinx_vmk180_base_202420_1|X:/AMDs/Vitis/2024.2/base_platforms/xilinx_vmk180_base_202420_1/xilinx_vmk180_base_202420_1.xpfm;xilinx_zcu102_base_202420_1|X:/AMDs/Vitis/2024.2/base_platforms/xilinx_zcu102_base_202420_1/xilinx_zcu102_base_202420_1.xpfm;xilinx_zcu102_base_dfx_202420_1|X:/AMDs/Vitis/2024.2/base_platforms/xilinx_zcu102_base_dfx_202420_1/xilinx_zcu102_base_dfx_202420_1.xpfm;xilinx_zcu104_base_202420_1|X:/AMDs/Vitis/2024.2/base_platforms/xilinx_zcu104_base_202420_1/xilinx_zcu104_base_202420_1.xpfm
23:07:21 INFO  : Checking for BSP changes to sync application flags for project 'SD-UART'...
23:07:49 INFO  : Connected to target on host '127.0.0.1' and port '3121'.
23:07:50 INFO  : Jtag cable 'Digilent Zed 210248585425' is selected.
23:07:50 INFO  : 'jtag frequency' command is executed.
23:07:50 INFO  : Context for 'APU' is selected.
23:07:50 INFO  : System reset is completed.
23:07:53 INFO  : 'after 3000' command is executed.
23:07:53 INFO  : 'targets -set -filter {jtag_cable_name =~ "Digilent Zed 210248585425" && level==0 && jtag_device_ctx=="jsn-Zed-210248585425-23727093-0"}' command is executed.
23:07:56 INFO  : Device configured successfully with "X:/Git-Repos/CNC-FPGA/Vitis3/SD-UART/_ide/bitstream/CNC_FPGA_HW.bit"
23:07:56 INFO  : Context for 'APU' is selected.
23:07:56 INFO  : Hardware design and registers information is loaded from 'X:/Git-Repos/CNC-FPGA/Vitis3/CNC-FPGA-PLATFORM/export/CNC-FPGA-PLATFORM/hw/CNC_FPGA_HW.xsa'.
23:07:56 INFO  : 'configparams force-mem-access 1' command is executed.
23:07:56 INFO  : Context for 'APU' is selected.
23:07:56 INFO  : Sourcing of 'X:/Git-Repos/CNC-FPGA/Vitis3/SD-UART/_ide/psinit/ps7_init.tcl' is done.
23:07:56 INFO  : 'ps7_init' command is executed.
23:07:56 INFO  : 'ps7_post_config' command is executed.
23:07:56 INFO  : Context for processor 'ps7_cortexa9_0' is selected.
23:07:56 INFO  : The application 'X:/Git-Repos/CNC-FPGA/Vitis3/SD-UART/Debug/SD-UART.elf' is downloaded to processor 'ps7_cortexa9_0'.
23:07:57 INFO  : 'configparams force-mem-access 0' command is executed.
23:07:57 INFO  : ----------------XSDB Script----------------
connect -url tcp:127.0.0.1:3121
targets -set -nocase -filter {name =~"APU*"}
rst -system
after 3000
targets -set -filter {jtag_cable_name =~ "Digilent Zed 210248585425" && level==0 && jtag_device_ctx=="jsn-Zed-210248585425-23727093-0"}
fpga -file X:/Git-Repos/CNC-FPGA/Vitis3/SD-UART/_ide/bitstream/CNC_FPGA_HW.bit
targets -set -nocase -filter {name =~"APU*"}
loadhw -hw X:/Git-Repos/CNC-FPGA/Vitis3/CNC-FPGA-PLATFORM/export/CNC-FPGA-PLATFORM/hw/CNC_FPGA_HW.xsa -mem-ranges [list {0x40000000 0xbfffffff}] -regs
configparams force-mem-access 1
targets -set -nocase -filter {name =~"APU*"}
source X:/Git-Repos/CNC-FPGA/Vitis3/SD-UART/_ide/psinit/ps7_init.tcl
ps7_init
ps7_post_config
targets -set -nocase -filter {name =~ "*A9*#0"}
dow X:/Git-Repos/CNC-FPGA/Vitis3/SD-UART/Debug/SD-UART.elf
configparams force-mem-access 0
----------------End of Script----------------

23:07:57 INFO  : Context for processor 'ps7_cortexa9_0' is selected.
23:07:57 INFO  : 'con' command is executed.
23:07:57 INFO  : ----------------XSDB Script (After Launch)----------------
targets -set -nocase -filter {name =~ "*A9*#0"}
con
----------------End of Script----------------

23:07:57 INFO  : Launch script is exported to file 'X:\Git-Repos\CNC-FPGA\Vitis3\SD-UART_system\_ide\scripts\systemdebugger_sd-uart_system_1_standalone.tcl'
23:08:50 INFO  : Disconnected from the channel tcfchan#3.
23:08:51 INFO  : Connected to target on host '127.0.0.1' and port '3121'.
23:09:00 INFO  : ----------------XSDB Script----------------
connect -url tcp:127.0.0.1:3121
----------------End of Script----------------

23:09:00 ERROR : Could not find ARM device on the board for connection 'Local'.
Check if the target is in:
1. Split JTAG - No operations are possible with ARM DAP.
2. Non JTAG bootmode - Bootrom may need time to enable DAP.
Please try again.


Troubleshooting hints:
1. Check whether board is connected to system properly.
2. In case of zynq board, check whether Digilent/Xilinx cable switch settings are correct.
3. If you are using Xilinx Platform Cable USB, ensure that status LED is green.
23:09:07 INFO  : Connected to target on host '127.0.0.1' and port '3121'.
23:09:07 INFO  : Jtag cable 'Digilent Zed 210248585425' is selected.
23:09:07 INFO  : 'jtag frequency' command is executed.
23:09:07 INFO  : Context for 'APU' is selected.
23:09:07 INFO  : System reset is completed.
23:09:10 INFO  : 'after 3000' command is executed.
23:09:10 INFO  : 'targets -set -filter {jtag_cable_name =~ "Digilent Zed 210248585425" && level==0 && jtag_device_ctx=="jsn-Zed-210248585425-23727093-0"}' command is executed.
23:09:13 INFO  : Device configured successfully with "X:/Git-Repos/CNC-FPGA/Vitis3/SD-UART/_ide/bitstream/CNC_FPGA_HW.bit"
23:09:13 INFO  : Context for 'APU' is selected.
23:09:13 INFO  : Hardware design and registers information is loaded from 'X:/Git-Repos/CNC-FPGA/Vitis3/CNC-FPGA-PLATFORM/export/CNC-FPGA-PLATFORM/hw/CNC_FPGA_HW.xsa'.
23:09:13 INFO  : 'configparams force-mem-access 1' command is executed.
23:09:13 INFO  : Context for 'APU' is selected.
23:09:13 INFO  : Sourcing of 'X:/Git-Repos/CNC-FPGA/Vitis3/SD-UART/_ide/psinit/ps7_init.tcl' is done.
23:09:13 INFO  : 'ps7_init' command is executed.
23:09:13 INFO  : 'ps7_post_config' command is executed.
23:09:13 INFO  : Context for processor 'ps7_cortexa9_0' is selected.
23:09:13 INFO  : The application 'X:/Git-Repos/CNC-FPGA/Vitis3/SD-UART/Debug/SD-UART.elf' is downloaded to processor 'ps7_cortexa9_0'.
23:09:13 INFO  : 'configparams force-mem-access 0' command is executed.
23:09:13 INFO  : ----------------XSDB Script----------------
connect -url tcp:127.0.0.1:3121
targets -set -nocase -filter {name =~"APU*"}
rst -system
after 3000
targets -set -filter {jtag_cable_name =~ "Digilent Zed 210248585425" && level==0 && jtag_device_ctx=="jsn-Zed-210248585425-23727093-0"}
fpga -file X:/Git-Repos/CNC-FPGA/Vitis3/SD-UART/_ide/bitstream/CNC_FPGA_HW.bit
targets -set -nocase -filter {name =~"APU*"}
loadhw -hw X:/Git-Repos/CNC-FPGA/Vitis3/CNC-FPGA-PLATFORM/export/CNC-FPGA-PLATFORM/hw/CNC_FPGA_HW.xsa -mem-ranges [list {0x40000000 0xbfffffff}] -regs
configparams force-mem-access 1
targets -set -nocase -filter {name =~"APU*"}
source X:/Git-Repos/CNC-FPGA/Vitis3/SD-UART/_ide/psinit/ps7_init.tcl
ps7_init
ps7_post_config
targets -set -nocase -filter {name =~ "*A9*#0"}
dow X:/Git-Repos/CNC-FPGA/Vitis3/SD-UART/Debug/SD-UART.elf
configparams force-mem-access 0
----------------End of Script----------------

23:09:13 INFO  : Context for processor 'ps7_cortexa9_0' is selected.
23:09:14 INFO  : 'con' command is executed.
23:09:14 INFO  : ----------------XSDB Script (After Launch)----------------
targets -set -nocase -filter {name =~ "*A9*#0"}
con
----------------End of Script----------------

23:09:14 INFO  : Launch script is exported to file 'X:\Git-Repos\CNC-FPGA\Vitis3\SD-UART_system\_ide\scripts\systemdebugger_sd-uart_system_3_standalone.tcl'
23:12:31 INFO  : Disconnected from the channel tcfchan#4.
10:31:05 DEBUG : Logs will be stored at 'X:/Git-Repos/CNC-FPGA/Vitis3/IDE.log'.
10:31:06 INFO  : Launching XSCT server: xsct.bat -n  -interactive X:\Git-Repos\CNC-FPGA\Vitis3\temp_xsdb_launch_script.tcl
10:31:10 INFO  : XSCT server has started successfully.
10:31:10 INFO  : Successfully done setting XSCT server connection channel  
10:31:10 INFO  : plnx-install-location is set to ''
10:31:10 INFO  : Successfully done setting workspace for the tool. 
10:31:10 INFO  : Successfully done query RDI_DATADIR 
10:31:10 INFO  : Registering command handlers for Vitis TCF services
10:31:11 INFO  : Platform repository initialization has completed.
10:33:33 INFO  : Connected to target on host '127.0.0.1' and port '3121'.
10:33:35 INFO  : Jtag cable 'Digilent Zed 210248585425' is selected.
10:33:35 INFO  : 'jtag frequency' command is executed.
10:33:35 INFO  : Context for 'APU' is selected.
10:33:35 INFO  : System reset is completed.
10:33:38 INFO  : 'after 3000' command is executed.
10:33:38 INFO  : 'targets -set -filter {jtag_cable_name =~ "Digilent Zed 210248585425" && level==0 && jtag_device_ctx=="jsn-Zed-210248585425-23727093-0"}' command is executed.
10:33:40 INFO  : Device configured successfully with "X:/Git-Repos/CNC-FPGA/Vitis3/SD-UART/_ide/bitstream/CNC_FPGA_HW.bit"
10:33:40 INFO  : Context for 'APU' is selected.
10:33:40 INFO  : Hardware design and registers information is loaded from 'X:/Git-Repos/CNC-FPGA/Vitis3/CNC-FPGA-PLATFORM/export/CNC-FPGA-PLATFORM/hw/CNC_FPGA_HW.xsa'.
10:33:40 INFO  : 'configparams force-mem-access 1' command is executed.
10:33:41 INFO  : Context for 'APU' is selected.
10:33:41 INFO  : Sourcing of 'X:/Git-Repos/CNC-FPGA/Vitis3/SD-UART/_ide/psinit/ps7_init.tcl' is done.
10:33:41 INFO  : 'ps7_init' command is executed.
10:33:41 INFO  : 'ps7_post_config' command is executed.
10:33:41 INFO  : Context for processor 'ps7_cortexa9_0' is selected.
10:33:41 INFO  : The application 'X:/Git-Repos/CNC-FPGA/Vitis3/SD-UART/Debug/SD-UART.elf' is downloaded to processor 'ps7_cortexa9_0'.
10:33:41 INFO  : 'configparams force-mem-access 0' command is executed.
10:33:41 INFO  : ----------------XSDB Script----------------
connect -url tcp:127.0.0.1:3121
targets -set -nocase -filter {name =~"APU*"}
rst -system
after 3000
targets -set -filter {jtag_cable_name =~ "Digilent Zed 210248585425" && level==0 && jtag_device_ctx=="jsn-Zed-210248585425-23727093-0"}
fpga -file X:/Git-Repos/CNC-FPGA/Vitis3/SD-UART/_ide/bitstream/CNC_FPGA_HW.bit
targets -set -nocase -filter {name =~"APU*"}
loadhw -hw X:/Git-Repos/CNC-FPGA/Vitis3/CNC-FPGA-PLATFORM/export/CNC-FPGA-PLATFORM/hw/CNC_FPGA_HW.xsa -mem-ranges [list {0x40000000 0xbfffffff}] -regs
configparams force-mem-access 1
targets -set -nocase -filter {name =~"APU*"}
source X:/Git-Repos/CNC-FPGA/Vitis3/SD-UART/_ide/psinit/ps7_init.tcl
ps7_init
ps7_post_config
targets -set -nocase -filter {name =~ "*A9*#0"}
dow X:/Git-Repos/CNC-FPGA/Vitis3/SD-UART/Debug/SD-UART.elf
configparams force-mem-access 0
----------------End of Script----------------

10:33:41 INFO  : Context for processor 'ps7_cortexa9_0' is selected.
10:33:41 INFO  : 'con' command is executed.
10:33:41 INFO  : ----------------XSDB Script (After Launch)----------------
targets -set -nocase -filter {name =~ "*A9*#0"}
con
----------------End of Script----------------

10:33:41 INFO  : Launch script is exported to file 'X:\Git-Repos\CNC-FPGA\Vitis3\SD-UART_system\_ide\scripts\systemdebugger_sd-uart_system_4_standalone.tcl'
10:36:18 INFO  : Disconnected from the channel tcfchan#1.
10:36:19 INFO  : Connected to target on host '127.0.0.1' and port '3121'.
10:36:28 INFO  : ----------------XSDB Script----------------
connect -url tcp:127.0.0.1:3121
----------------End of Script----------------

10:36:28 ERROR : Could not find ARM device on the board for connection 'Local'.
Check if the target is in:
1. Split JTAG - No operations are possible with ARM DAP.
2. Non JTAG bootmode - Bootrom may need time to enable DAP.
Please try again.


Troubleshooting hints:
1. Check whether board is connected to system properly.
2. In case of zynq board, check whether Digilent/Xilinx cable switch settings are correct.
3. If you are using Xilinx Platform Cable USB, ensure that status LED is green.
10:36:43 INFO  : Connected to target on host '127.0.0.1' and port '3121'.
10:36:44 INFO  : Jtag cable 'Digilent Zed 210248585425' is selected.
10:36:44 INFO  : 'jtag frequency' command is executed.
10:36:44 INFO  : Context for 'APU' is selected.
10:36:44 INFO  : System reset is completed.
10:36:47 INFO  : 'after 3000' command is executed.
10:36:47 INFO  : 'targets -set -filter {jtag_cable_name =~ "Digilent Zed 210248585425" && level==0 && jtag_device_ctx=="jsn-Zed-210248585425-23727093-0"}' command is executed.
10:36:49 INFO  : Device configured successfully with "X:/Git-Repos/CNC-FPGA/Vitis3/SD-UART/_ide/bitstream/CNC_FPGA_HW.bit"
10:36:49 INFO  : Context for 'APU' is selected.
10:36:49 INFO  : Hardware design and registers information is loaded from 'X:/Git-Repos/CNC-FPGA/Vitis3/CNC-FPGA-PLATFORM/export/CNC-FPGA-PLATFORM/hw/CNC_FPGA_HW.xsa'.
10:36:49 INFO  : 'configparams force-mem-access 1' command is executed.
10:36:49 INFO  : Context for 'APU' is selected.
10:36:49 INFO  : Sourcing of 'X:/Git-Repos/CNC-FPGA/Vitis3/SD-UART/_ide/psinit/ps7_init.tcl' is done.
10:36:50 INFO  : 'ps7_init' command is executed.
10:36:50 INFO  : 'ps7_post_config' command is executed.
10:36:50 INFO  : Context for processor 'ps7_cortexa9_0' is selected.
10:36:50 INFO  : The application 'X:/Git-Repos/CNC-FPGA/Vitis3/SD-UART/Debug/SD-UART.elf' is downloaded to processor 'ps7_cortexa9_0'.
10:36:50 INFO  : 'configparams force-mem-access 0' command is executed.
10:36:50 INFO  : ----------------XSDB Script----------------
connect -url tcp:127.0.0.1:3121
targets -set -nocase -filter {name =~"APU*"}
rst -system
after 3000
targets -set -filter {jtag_cable_name =~ "Digilent Zed 210248585425" && level==0 && jtag_device_ctx=="jsn-Zed-210248585425-23727093-0"}
fpga -file X:/Git-Repos/CNC-FPGA/Vitis3/SD-UART/_ide/bitstream/CNC_FPGA_HW.bit
targets -set -nocase -filter {name =~"APU*"}
loadhw -hw X:/Git-Repos/CNC-FPGA/Vitis3/CNC-FPGA-PLATFORM/export/CNC-FPGA-PLATFORM/hw/CNC_FPGA_HW.xsa -mem-ranges [list {0x40000000 0xbfffffff}] -regs
configparams force-mem-access 1
targets -set -nocase -filter {name =~"APU*"}
source X:/Git-Repos/CNC-FPGA/Vitis3/SD-UART/_ide/psinit/ps7_init.tcl
ps7_init
ps7_post_config
targets -set -nocase -filter {name =~ "*A9*#0"}
dow X:/Git-Repos/CNC-FPGA/Vitis3/SD-UART/Debug/SD-UART.elf
configparams force-mem-access 0
----------------End of Script----------------

10:36:50 INFO  : Context for processor 'ps7_cortexa9_0' is selected.
10:36:50 INFO  : 'con' command is executed.
10:36:50 INFO  : ----------------XSDB Script (After Launch)----------------
targets -set -nocase -filter {name =~ "*A9*#0"}
con
----------------End of Script----------------

10:36:50 INFO  : Launch script is exported to file 'X:\Git-Repos\CNC-FPGA\Vitis3\SD-UART_system\_ide\scripts\systemdebugger_sd-uart_system_6_standalone.tcl'
10:48:40 INFO  : Disconnected from the channel tcfchan#2.
13:00:53 DEBUG : Logs will be stored at 'X:/Git-Repos/CNC-FPGA/Vitis3/IDE.log'.
13:00:54 INFO  : Launching XSCT server: xsct.bat -n  -interactive X:\Git-Repos\CNC-FPGA\Vitis3\temp_xsdb_launch_script.tcl
13:01:00 INFO  : XSCT server has started successfully.
13:01:00 INFO  : Successfully done setting XSCT server connection channel  
13:01:00 INFO  : plnx-install-location is set to ''
13:01:00 INFO  : Successfully done setting workspace for the tool. 
13:01:00 INFO  : Successfully done query RDI_DATADIR 
13:01:01 INFO  : Registering command handlers for Vitis TCF services
13:01:02 INFO  : Platform repository initialization has completed.
13:01:17 INFO  : Connected to target on host '127.0.0.1' and port '3121'.
13:01:18 INFO  : Jtag cable 'Digilent Zed 210248585425' is selected.
13:01:18 INFO  : 'jtag frequency' command is executed.
13:01:18 INFO  : Context for 'APU' is selected.
13:01:18 INFO  : System reset is completed.
13:01:21 INFO  : 'after 3000' command is executed.
13:01:21 INFO  : 'targets -set -filter {jtag_cable_name =~ "Digilent Zed 210248585425" && level==0 && jtag_device_ctx=="jsn-Zed-210248585425-23727093-0"}' command is executed.
13:01:24 INFO  : Device configured successfully with "X:/Git-Repos/CNC-FPGA/Vitis3/SD-UART/_ide/bitstream/CNC_FPGA_HW.bit"
13:01:24 INFO  : Context for 'APU' is selected.
13:01:24 INFO  : Hardware design and registers information is loaded from 'X:/Git-Repos/CNC-FPGA/Vitis3/CNC-FPGA-PLATFORM/export/CNC-FPGA-PLATFORM/hw/CNC_FPGA_HW.xsa'.
13:01:24 INFO  : 'configparams force-mem-access 1' command is executed.
13:01:24 INFO  : Context for 'APU' is selected.
13:01:24 INFO  : Sourcing of 'X:/Git-Repos/CNC-FPGA/Vitis3/SD-UART/_ide/psinit/ps7_init.tcl' is done.
13:01:24 INFO  : 'ps7_init' command is executed.
13:01:24 INFO  : 'ps7_post_config' command is executed.
13:01:24 INFO  : Context for processor 'ps7_cortexa9_0' is selected.
13:01:25 INFO  : The application 'X:/Git-Repos/CNC-FPGA/Vitis3/SD-UART/Debug/SD-UART.elf' is downloaded to processor 'ps7_cortexa9_0'.
13:01:25 INFO  : 'configparams force-mem-access 0' command is executed.
13:01:25 INFO  : ----------------XSDB Script----------------
connect -url tcp:127.0.0.1:3121
targets -set -nocase -filter {name =~"APU*"}
rst -system
after 3000
targets -set -filter {jtag_cable_name =~ "Digilent Zed 210248585425" && level==0 && jtag_device_ctx=="jsn-Zed-210248585425-23727093-0"}
fpga -file X:/Git-Repos/CNC-FPGA/Vitis3/SD-UART/_ide/bitstream/CNC_FPGA_HW.bit
targets -set -nocase -filter {name =~"APU*"}
loadhw -hw X:/Git-Repos/CNC-FPGA/Vitis3/CNC-FPGA-PLATFORM/export/CNC-FPGA-PLATFORM/hw/CNC_FPGA_HW.xsa -mem-ranges [list {0x40000000 0xbfffffff}] -regs
configparams force-mem-access 1
targets -set -nocase -filter {name =~"APU*"}
source X:/Git-Repos/CNC-FPGA/Vitis3/SD-UART/_ide/psinit/ps7_init.tcl
ps7_init
ps7_post_config
targets -set -nocase -filter {name =~ "*A9*#0"}
dow X:/Git-Repos/CNC-FPGA/Vitis3/SD-UART/Debug/SD-UART.elf
configparams force-mem-access 0
----------------End of Script----------------

13:01:25 INFO  : Context for processor 'ps7_cortexa9_0' is selected.
13:01:25 INFO  : 'con' command is executed.
13:01:25 INFO  : ----------------XSDB Script (After Launch)----------------
targets -set -nocase -filter {name =~ "*A9*#0"}
con
----------------End of Script----------------

13:01:25 INFO  : Launch script is exported to file 'X:\Git-Repos\CNC-FPGA\Vitis3\SD-UART_system\_ide\scripts\systemdebugger_sd-uart_system_7_standalone.tcl'
13:03:49 INFO  : Disconnected from the channel tcfchan#1.
14:16:26 DEBUG : Logs will be stored at 'X:/Git-Repos/CNC-FPGA/Vitis3/IDE.log'.
14:16:27 INFO  : Launching XSCT server: xsct.bat -n  -interactive X:\Git-Repos\CNC-FPGA\Vitis3\temp_xsdb_launch_script.tcl
14:16:34 INFO  : XSCT server has started successfully.
14:16:34 INFO  : Registering command handlers for Vitis TCF services
14:16:35 INFO  : Platform repository initialization has completed.
14:16:42 INFO  : Successfully done setting XSCT server connection channel  
14:16:42 INFO  : plnx-install-location is set to ''
14:16:42 INFO  : Successfully done query RDI_DATADIR 
14:16:42 INFO  : Successfully done setting workspace for the tool. 
14:18:17 ERROR : Failed to generate template bif file for SD-UART_system
Reason: xpfm path is not valid
14:18:17 ERROR : Failed to read bootgen model for 'SD-UART_system'.
java.lang.RuntimeException: Failed to generate template bif file for SD-UART_system
Reason: xpfm path is not valid
	at com.xilinx.sdk.xsdb.XsdbCommandUtils.handleResult(XsdbCommandUtils.java:389) ~[?:?]
	at com.xilinx.sdk.xsdb.XsdbCommandUtils.executeAndRespond(XsdbCommandUtils.java:327) ~[?:?]
	at com.xilinx.sdx.system.debug.tools.SDXBootGenModelInitailizer.generateBifFile(SDXBootGenModelInitailizer.java:130) ~[?:?]
	at com.xilinx.sdx.system.debug.tools.SDXBootGenModelInitailizer.lambda$0(SDXBootGenModelInitailizer.java:84) ~[?:?]
	at org.eclipse.jface.operation.ModalContext$ModalContextThread.run(ModalContext.java:122) ~[org.eclipse.jface_3.19.0.v20200218-1607.jar:?]
14:18:48 INFO  : Connected to target on host '127.0.0.1' and port '3121'.
14:19:06 INFO  : ----------------XSDB Script----------------
connect -url tcp:127.0.0.1:3121
----------------End of Script----------------

14:19:06 ERROR : Could not find ARM device on the board for connection 'Local'.
Check if the target is in:
1. Split JTAG - No operations are possible with ARM DAP.
2. Non JTAG bootmode - Bootrom may need time to enable DAP.
Please try again.


Troubleshooting hints:
1. Check whether board is connected to system properly.
2. In case of zynq board, check whether Digilent/Xilinx cable switch settings are correct.
3. If you are using Xilinx Platform Cable USB, ensure that status LED is green.
14:19:15 INFO  : Connected to target on host '127.0.0.1' and port '3121'.
14:19:15 INFO  : Jtag cable 'Digilent Zed 210248585425' is selected.
14:19:15 INFO  : 'jtag frequency' command is executed.
14:19:15 INFO  : Context for 'APU' is selected.
14:19:15 INFO  : System reset is completed.
14:19:18 INFO  : 'after 3000' command is executed.
14:19:18 INFO  : 'targets -set -filter {jtag_cable_name =~ "Digilent Zed 210248585425" && level==0 && jtag_device_ctx=="jsn-Zed-210248585425-23727093-0"}' command is executed.
14:19:20 INFO  : Device configured successfully with "X:/Git-Repos/CNC-FPGA/Vitis3/SD-UART/_ide/bitstream/CNC_FPGA_HW.bit"
14:19:20 INFO  : Context for 'APU' is selected.
14:19:20 INFO  : Hardware design and registers information is loaded from 'X:/Git-Repos/CNC-FPGA/Vitis3/CNC-FPGA-PLATFORM/export/CNC-FPGA-PLATFORM/hw/CNC_FPGA_HW.xsa'.
14:19:20 INFO  : 'configparams force-mem-access 1' command is executed.
14:19:20 INFO  : Context for 'APU' is selected.
14:19:21 INFO  : Sourcing of 'X:/Git-Repos/CNC-FPGA/Vitis3/SD-UART/_ide/psinit/ps7_init.tcl' is done.
14:19:21 INFO  : 'ps7_init' command is executed.
14:19:21 INFO  : 'ps7_post_config' command is executed.
14:19:21 INFO  : Context for processor 'ps7_cortexa9_0' is selected.
14:19:21 INFO  : The application 'X:/Git-Repos/CNC-FPGA/Vitis3/SD-UART/Debug/SD-UART.elf' is downloaded to processor 'ps7_cortexa9_0'.
14:19:21 INFO  : 'configparams force-mem-access 0' command is executed.
14:19:21 INFO  : ----------------XSDB Script----------------
connect -url tcp:127.0.0.1:3121
targets -set -nocase -filter {name =~"APU*"}
rst -system
after 3000
targets -set -filter {jtag_cable_name =~ "Digilent Zed 210248585425" && level==0 && jtag_device_ctx=="jsn-Zed-210248585425-23727093-0"}
fpga -file X:/Git-Repos/CNC-FPGA/Vitis3/SD-UART/_ide/bitstream/CNC_FPGA_HW.bit
targets -set -nocase -filter {name =~"APU*"}
loadhw -hw X:/Git-Repos/CNC-FPGA/Vitis3/CNC-FPGA-PLATFORM/export/CNC-FPGA-PLATFORM/hw/CNC_FPGA_HW.xsa -mem-ranges [list {0x40000000 0xbfffffff}] -regs
configparams force-mem-access 1
targets -set -nocase -filter {name =~"APU*"}
source X:/Git-Repos/CNC-FPGA/Vitis3/SD-UART/_ide/psinit/ps7_init.tcl
ps7_init
ps7_post_config
targets -set -nocase -filter {name =~ "*A9*#0"}
dow X:/Git-Repos/CNC-FPGA/Vitis3/SD-UART/Debug/SD-UART.elf
configparams force-mem-access 0
----------------End of Script----------------

14:19:21 INFO  : Context for processor 'ps7_cortexa9_0' is selected.
14:19:21 INFO  : 'con' command is executed.
14:19:21 INFO  : ----------------XSDB Script (After Launch)----------------
targets -set -nocase -filter {name =~ "*A9*#0"}
con
----------------End of Script----------------

14:19:21 INFO  : Launch script is exported to file 'X:\Git-Repos\CNC-FPGA\Vitis3\SD-UART_system\_ide\scripts\systemdebugger_sd-uart_system_9_standalone.tcl'
14:19:34 ERROR : Failed to generate template bif file for SD-UART_system
Reason: xpfm path is not valid
14:19:34 ERROR : Failed to read bootgen model for 'SD-UART_system'.
java.lang.RuntimeException: Failed to generate template bif file for SD-UART_system
Reason: xpfm path is not valid
	at com.xilinx.sdk.xsdb.XsdbCommandUtils.handleResult(XsdbCommandUtils.java:389) ~[?:?]
	at com.xilinx.sdk.xsdb.XsdbCommandUtils.executeAndRespond(XsdbCommandUtils.java:327) ~[?:?]
	at com.xilinx.sdx.system.debug.tools.SDXBootGenModelInitailizer.generateBifFile(SDXBootGenModelInitailizer.java:130) ~[?:?]
	at com.xilinx.sdx.system.debug.tools.SDXBootGenModelInitailizer.lambda$0(SDXBootGenModelInitailizer.java:84) ~[?:?]
	at org.eclipse.jface.operation.ModalContext$ModalContextThread.run(ModalContext.java:122) ~[org.eclipse.jface_3.19.0.v20200218-1607.jar:?]
14:28:54 INFO  : Invoking Bootgen: bootgen -image output.bif -arch zynq -o X:/Git-Repos/CNC-FPGA/Vitis3/BOOT.bin
14:28:54 INFO  : Creating new bif file X:\Git-Repos\CNC-FPGA\Vitis3\output.bif
14:28:56 INFO  : Bootgen command execution is done.
14:31:55 INFO  : Disconnected from the channel tcfchan#1.
