TRACE::2026-03-09.17:32:33::SCWPlatform::Trying to open the hw design at E:/Git-Repos/CNC-FPGA/Vitis3/CNC-PL-FINAL/hw/CNC_Top_wrapper.xsa
TRACE::2026-03-09.17:32:33::SCWPlatform::DSA given E:/Git-Repos/CNC-FPGA/Vitis3/CNC-PL-FINAL/hw/CNC_Top_wrapper.xsa
TRACE::2026-03-09.17:32:33::SCWPlatform::DSA absoulate path E:/Git-Repos/CNC-FPGA/Vitis3/CNC-PL-FINAL/hw/CNC_Top_wrapper.xsa
TRACE::2026-03-09.17:32:33::SCWPlatform::DSA directory E:/Git-Repos/CNC-FPGA/Vitis3/CNC-PL-FINAL/hw
TRACE::2026-03-09.17:32:33::SCWPlatform:: Platform Path E:/Git-Repos/CNC-FPGA/Vitis3/CNC-PL-FINAL/hw/CNC_Top_wrapper.xsa
TRACE::2026-03-09.17:32:33::SCWPlatform:: Unique name xilinx:zedboard::0.0
TRACE::2026-03-09.17:32:33::SCWPlatform::Do not have an existing db opened. 
TRACE::2026-03-09.17:32:35::SCWPlatform::Opened new HwDB with name CNC_Top_wrapper_8
TRACE::2026-03-09.17:32:35::SCWWriter::formatted JSON is {
	"platformName":	"CNC-PL-FINAL",
	"sprVersion":	"2.0",
	"mode":	"gui",
	"dsaType":	"Fixed",
	"platformDesc":	"CNC-PL-FINAL",
	"platHandOff":	"E:/Git-Repos/CNC-FPGA/Zedboard-CNC/CNC_Top_wrapper.xsa",
	"platIntHandOff":	"<platformDir>/hw/CNC_Top_wrapper.xsa",
	"deviceType":	"zynq",
	"platIsPrebuiltAutogen":	"false",
	"platIsNoBootBsp":	"false",
	"hasFsblMakeHasChanges":	"false",
	"hasPmufwMakeHasChanges":	"false",
	"platPreBuiltFlag":	false,
	"platformSamplesDir":	""
}
TRACE::2026-03-09.17:32:35::SCWWriter::formatted JSON is {
	"platformName":	"CNC-PL-FINAL",
	"sprVersion":	"2.0",
	"mode":	"gui",
	"dsaType":	"Fixed",
	"platformDesc":	"CNC-PL-FINAL",
	"platHandOff":	"E:/Git-Repos/CNC-FPGA/Zedboard-CNC/CNC_Top_wrapper.xsa",
	"platIntHandOff":	"<platformDir>/hw/CNC_Top_wrapper.xsa",
	"deviceType":	"zynq",
	"platIsPrebuiltAutogen":	"false",
	"platIsNoBootBsp":	"false",
	"hasFsblMakeHasChanges":	"false",
	"hasPmufwMakeHasChanges":	"false",
	"platPreBuiltFlag":	false,
	"platformSamplesDir":	"",
	"platActiveSys":	"CNC-PL-FINAL",
	"systems":	[{
			"systemName":	"CNC-PL-FINAL",
			"systemDesc":	"CNC-PL-FINAL",
			"sysIsBootAutoGen":	"true",
			"systemDispName":	"CNC-PL-FINAL"
		}]
}
TRACE::2026-03-09.17:32:35::SCWPlatform::Boot application domains not present, creating them
TRACE::2026-03-09.17:32:35::SCWDomain::checking for install qemu data   : 
TRACE::2026-03-09.17:32:35::SCWDomain:: Using the QEMU Data from install at  : C:/Xilinx/Vitis/2024.2/data/emulation/platforms/zynq/sw/a9_standalone/qemu/
TRACE::2026-03-09.17:32:35::SCWDomain:: Using the QEMU args  from install at  : C:/Xilinx/Vitis/2024.2/data/emulation/platforms/zynq/sw/a9_standalone/qemu/qemu_args.txt
TRACE::2026-03-09.17:32:35::SCWPlatform::Trying to open the hw design at E:/Git-Repos/CNC-FPGA/Vitis3/CNC-PL-FINAL/hw/CNC_Top_wrapper.xsa
TRACE::2026-03-09.17:32:35::SCWPlatform::DSA given E:/Git-Repos/CNC-FPGA/Vitis3/CNC-PL-FINAL/hw/CNC_Top_wrapper.xsa
TRACE::2026-03-09.17:32:35::SCWPlatform::DSA absoulate path E:/Git-Repos/CNC-FPGA/Vitis3/CNC-PL-FINAL/hw/CNC_Top_wrapper.xsa
TRACE::2026-03-09.17:32:35::SCWPlatform::DSA directory E:/Git-Repos/CNC-FPGA/Vitis3/CNC-PL-FINAL/hw
TRACE::2026-03-09.17:32:35::SCWPlatform:: Platform Path E:/Git-Repos/CNC-FPGA/Vitis3/CNC-PL-FINAL/hw/CNC_Top_wrapper.xsa
TRACE::2026-03-09.17:32:35::SCWPlatform:: Unique name xilinx:zedboard::0.0
TRACE::2026-03-09.17:32:35::SCWPlatform::Trying to set the existing hwdb with name CNC_Top_wrapper_8
TRACE::2026-03-09.17:32:35::SCWPlatform::Opened existing hwdb CNC_Top_wrapper_8
TRACE::2026-03-09.17:32:35::SCWPlatform::Found the Hw Db part of the input DSA
TRACE::2026-03-09.17:32:35::SCWPlatform::Trying to open the hw design at E:/Git-Repos/CNC-FPGA/Vitis3/CNC-PL-FINAL/hw/CNC_Top_wrapper.xsa
TRACE::2026-03-09.17:32:35::SCWPlatform::DSA given E:/Git-Repos/CNC-FPGA/Vitis3/CNC-PL-FINAL/hw/CNC_Top_wrapper.xsa
TRACE::2026-03-09.17:32:35::SCWPlatform::DSA absoulate path E:/Git-Repos/CNC-FPGA/Vitis3/CNC-PL-FINAL/hw/CNC_Top_wrapper.xsa
TRACE::2026-03-09.17:32:35::SCWPlatform::DSA directory E:/Git-Repos/CNC-FPGA/Vitis3/CNC-PL-FINAL/hw
TRACE::2026-03-09.17:32:35::SCWPlatform:: Platform Path E:/Git-Repos/CNC-FPGA/Vitis3/CNC-PL-FINAL/hw/CNC_Top_wrapper.xsa
TRACE::2026-03-09.17:32:35::SCWPlatform:: Unique name xilinx:zedboard::0.0
TRACE::2026-03-09.17:32:35::SCWPlatform::Trying to set the existing hwdb with name CNC_Top_wrapper_8
TRACE::2026-03-09.17:32:35::SCWPlatform::Opened existing hwdb CNC_Top_wrapper_8
TRACE::2026-03-09.17:32:35::SCWPlatform::Found the Hw Db part of the input DSA
TRACE::2026-03-09.17:32:35::SCWPlatform::Trying to open the hw design at E:/Git-Repos/CNC-FPGA/Vitis3/CNC-PL-FINAL/hw/CNC_Top_wrapper.xsa
TRACE::2026-03-09.17:32:35::SCWPlatform::DSA given E:/Git-Repos/CNC-FPGA/Vitis3/CNC-PL-FINAL/hw/CNC_Top_wrapper.xsa
TRACE::2026-03-09.17:32:35::SCWPlatform::DSA absoulate path E:/Git-Repos/CNC-FPGA/Vitis3/CNC-PL-FINAL/hw/CNC_Top_wrapper.xsa
TRACE::2026-03-09.17:32:35::SCWPlatform::DSA directory E:/Git-Repos/CNC-FPGA/Vitis3/CNC-PL-FINAL/hw
TRACE::2026-03-09.17:32:35::SCWPlatform:: Platform Path E:/Git-Repos/CNC-FPGA/Vitis3/CNC-PL-FINAL/hw/CNC_Top_wrapper.xsa
TRACE::2026-03-09.17:32:35::SCWPlatform:: Unique name xilinx:zedboard::0.0
TRACE::2026-03-09.17:32:35::SCWPlatform::Trying to set the existing hwdb with name CNC_Top_wrapper_8
TRACE::2026-03-09.17:32:35::SCWPlatform::Opened existing hwdb CNC_Top_wrapper_8
TRACE::2026-03-09.17:32:35::SCWPlatform::Found the Hw Db part of the input DSA
TRACE::2026-03-09.17:32:35::SCWPlatform::Boot application domain added for zynq_fsbl
TRACE::2026-03-09.17:32:35::SCWPlatform::Generating the sources  .
TRACE::2026-03-09.17:32:35::SCWBDomain::Generating boot domain sources.
TRACE::2026-03-09.17:32:35::SCWBDomain:: Generating the zynq_fsbl Application.
TRACE::2026-03-09.17:32:35::SCWPlatform::Trying to open the hw design at E:/Git-Repos/CNC-FPGA/Vitis3/CNC-PL-FINAL/hw/CNC_Top_wrapper.xsa
TRACE::2026-03-09.17:32:35::SCWPlatform::DSA given E:/Git-Repos/CNC-FPGA/Vitis3/CNC-PL-FINAL/hw/CNC_Top_wrapper.xsa
TRACE::2026-03-09.17:32:35::SCWPlatform::DSA absoulate path E:/Git-Repos/CNC-FPGA/Vitis3/CNC-PL-FINAL/hw/CNC_Top_wrapper.xsa
TRACE::2026-03-09.17:32:35::SCWPlatform::DSA directory E:/Git-Repos/CNC-FPGA/Vitis3/CNC-PL-FINAL/hw
TRACE::2026-03-09.17:32:35::SCWPlatform:: Platform Path E:/Git-Repos/CNC-FPGA/Vitis3/CNC-PL-FINAL/hw/CNC_Top_wrapper.xsa
TRACE::2026-03-09.17:32:35::SCWPlatform:: Unique name xilinx:zedboard::0.0
TRACE::2026-03-09.17:32:35::SCWPlatform::Trying to set the existing hwdb with name CNC_Top_wrapper_8
TRACE::2026-03-09.17:32:35::SCWPlatform::Opened existing hwdb CNC_Top_wrapper_8
TRACE::2026-03-09.17:32:35::SCWPlatform::Found the Hw Db part of the input DSA
TRACE::2026-03-09.17:32:35::SCWMssOS::Checking the sw design at  E:/Git-Repos/CNC-FPGA/Vitis3/CNC-PL-FINAL/zynq_fsbl/zynq_fsbl_bsp/system.mss
TRACE::2026-03-09.17:32:35::SCWMssOS::DEBUG:  swdes dump  E:/Git-Repos/CNC-FPGA/Vitis3/CNC-PL-NEW/ps7_cortexa9_0/standalone_domain/bsp/system.mss|system||

TRACE::2026-03-09.17:32:35::SCWMssOS::No sw design opened at  E:/Git-Repos/CNC-FPGA/Vitis3/CNC-PL-FINAL/zynq_fsbl/zynq_fsbl_bsp/system.mss
TRACE::2026-03-09.17:32:35::SCWMssOS::mss does not exists at E:/Git-Repos/CNC-FPGA/Vitis3/CNC-PL-FINAL/zynq_fsbl/zynq_fsbl_bsp/system.mss
TRACE::2026-03-09.17:32:35::SCWMssOS::Creating sw design at  E:/Git-Repos/CNC-FPGA/Vitis3/CNC-PL-FINAL/zynq_fsbl/zynq_fsbl_bsp/system.mss
TRACE::2026-03-09.17:32:35::SCWMssOS::Adding the swdes entry, created swdb E:/Git-Repos/CNC-FPGA/Vitis3/CNC-PL-FINAL/zynq_fsbl/zynq_fsbl_bsp/system.mss with des name E:/Git-Repos/CNC-FPGA/Vitis3/CNC-PL-FINAL/zynq_fsbl/zynq_fsbl_bsp/system.mss
TRACE::2026-03-09.17:32:35::SCWMssOS::updating the scw layer changes to swdes at   E:/Git-Repos/CNC-FPGA/Vitis3/CNC-PL-FINAL/zynq_fsbl/zynq_fsbl_bsp/system.mss
TRACE::2026-03-09.17:32:35::SCWMssOS::Writing mss at E:/Git-Repos/CNC-FPGA/Vitis3/CNC-PL-FINAL/zynq_fsbl/zynq_fsbl_bsp/system.mss
TRACE::2026-03-09.17:32:35::SCWMssOS::Completed writing the mss file at E:/Git-Repos/CNC-FPGA/Vitis3/CNC-PL-FINAL/zynq_fsbl/zynq_fsbl_bsp
TRACE::2026-03-09.17:32:35::SCWMssOS::Picking up changes from newly written mss file into SCW Layer. 
TRACE::2026-03-09.17:32:35::SCWMssOS::Updated the changes from newly written mss file into SCW Layer. 
TRACE::2026-03-09.17:32:35::SCWBDomain::Completed writing the mss file at E:/Git-Repos/CNC-FPGA/Vitis3/CNC-PL-FINAL/zynq_fsbl/zynq_fsbl_bsp
TRACE::2026-03-09.17:32:41::SCWPlatform::Generating sources Done.
TRACE::2026-03-09.17:32:41::SCWPlatform::Trying to open the hw design at E:/Git-Repos/CNC-FPGA/Vitis3/CNC-PL-FINAL/hw/CNC_Top_wrapper.xsa
TRACE::2026-03-09.17:32:41::SCWPlatform::DSA given E:/Git-Repos/CNC-FPGA/Vitis3/CNC-PL-FINAL/hw/CNC_Top_wrapper.xsa
TRACE::2026-03-09.17:32:41::SCWPlatform::DSA absoulate path E:/Git-Repos/CNC-FPGA/Vitis3/CNC-PL-FINAL/hw/CNC_Top_wrapper.xsa
TRACE::2026-03-09.17:32:41::SCWPlatform::DSA directory E:/Git-Repos/CNC-FPGA/Vitis3/CNC-PL-FINAL/hw
TRACE::2026-03-09.17:32:41::SCWPlatform:: Platform Path E:/Git-Repos/CNC-FPGA/Vitis3/CNC-PL-FINAL/hw/CNC_Top_wrapper.xsa
TRACE::2026-03-09.17:32:41::SCWPlatform:: Unique name xilinx:zedboard::0.0
TRACE::2026-03-09.17:32:41::SCWPlatform::Trying to set the existing hwdb with name CNC_Top_wrapper_8
TRACE::2026-03-09.17:32:41::SCWPlatform::Opened existing hwdb CNC_Top_wrapper_8
TRACE::2026-03-09.17:32:41::SCWPlatform::Found the Hw Db part of the input DSA
TRACE::2026-03-09.17:32:41::SCWMssOS::Checking the sw design at  E:/Git-Repos/CNC-FPGA/Vitis3/CNC-PL-FINAL/zynq_fsbl/zynq_fsbl_bsp/system.mss
TRACE::2026-03-09.17:32:41::SCWMssOS::DEBUG:  swdes dump  E:/Git-Repos/CNC-FPGA/Vitis3/CNC-PL-NEW/ps7_cortexa9_0/standalone_domain/bsp/system.mss|system||

TRACE::2026-03-09.17:32:41::SCWMssOS::No sw design opened at  E:/Git-Repos/CNC-FPGA/Vitis3/CNC-PL-FINAL/zynq_fsbl/zynq_fsbl_bsp/system.mss
TRACE::2026-03-09.17:32:41::SCWMssOS::mss exists loading the mss file  E:/Git-Repos/CNC-FPGA/Vitis3/CNC-PL-FINAL/zynq_fsbl/zynq_fsbl_bsp/system.mss
TRACE::2026-03-09.17:32:41::SCWMssOS::Opened the sw design from mss  E:/Git-Repos/CNC-FPGA/Vitis3/CNC-PL-FINAL/zynq_fsbl/zynq_fsbl_bsp/system.mss
TRACE::2026-03-09.17:32:41::SCWMssOS::Adding the swdes entry E:/Git-Repos/CNC-FPGA/Vitis3/CNC-PL-FINAL/zynq_fsbl/zynq_fsbl_bsp/system.mss with des name system_0
TRACE::2026-03-09.17:32:41::SCWMssOS::updating the scw layer about changes
TRACE::2026-03-09.17:32:41::SCWMssOS::Opened the sw design.  E:/Git-Repos/CNC-FPGA/Vitis3/CNC-PL-FINAL/zynq_fsbl/zynq_fsbl_bsp/system.mss
TRACE::2026-03-09.17:32:41::SCWMssOS::Saving the mss changes E:/Git-Repos/CNC-FPGA/Vitis3/CNC-PL-FINAL/zynq_fsbl/zynq_fsbl_bsp/system.mss
TRACE::2026-03-09.17:32:41::SCWMssOS::Found a swdesign opened with the mssfile.
TRACE::2026-03-09.17:32:41::SCWMssOS::Completed writemss as part of save.
TRACE::2026-03-09.17:32:41::SCWMssOS::Commit changes completed.
TRACE::2026-03-09.17:32:41::SCWPlatform::Trying to open the hw design at E:/Git-Repos/CNC-FPGA/Vitis3/CNC-PL-FINAL/hw/CNC_Top_wrapper.xsa
TRACE::2026-03-09.17:32:41::SCWPlatform::DSA given E:/Git-Repos/CNC-FPGA/Vitis3/CNC-PL-FINAL/hw/CNC_Top_wrapper.xsa
TRACE::2026-03-09.17:32:41::SCWPlatform::DSA absoulate path E:/Git-Repos/CNC-FPGA/Vitis3/CNC-PL-FINAL/hw/CNC_Top_wrapper.xsa
TRACE::2026-03-09.17:32:41::SCWPlatform::DSA directory E:/Git-Repos/CNC-FPGA/Vitis3/CNC-PL-FINAL/hw
TRACE::2026-03-09.17:32:41::SCWPlatform:: Platform Path E:/Git-Repos/CNC-FPGA/Vitis3/CNC-PL-FINAL/hw/CNC_Top_wrapper.xsa
TRACE::2026-03-09.17:32:41::SCWPlatform:: Unique name xilinx:zedboard::0.0
TRACE::2026-03-09.17:32:41::SCWPlatform::Trying to set the existing hwdb with name CNC_Top_wrapper_8
TRACE::2026-03-09.17:32:41::SCWPlatform::Opened existing hwdb CNC_Top_wrapper_8
TRACE::2026-03-09.17:32:41::SCWPlatform::Found the Hw Db part of the input DSA
TRACE::2026-03-09.17:32:41::SCWMssOS::Checking the sw design at  E:/Git-Repos/CNC-FPGA/Vitis3/CNC-PL-FINAL/zynq_fsbl/zynq_fsbl_bsp/system.mss
TRACE::2026-03-09.17:32:41::SCWMssOS::DEBUG:  swdes dump  E:/Git-Repos/CNC-FPGA/Vitis3/CNC-PL-FINAL/zynq_fsbl/zynq_fsbl_bsp/system.mss|system_0||
E:/Git-Repos/CNC-FPGA/Vitis3/CNC-PL-NEW/ps7_cortexa9_0/standalone_domain/bsp/system.mss|system||

TRACE::2026-03-09.17:32:41::SCWMssOS::Sw design exists and opened at  E:/Git-Repos/CNC-FPGA/Vitis3/CNC-PL-FINAL/zynq_fsbl/zynq_fsbl_bsp/system.mss
TRACE::2026-03-09.17:32:41::SCWPlatform::Trying to open the hw design at E:/Git-Repos/CNC-FPGA/Vitis3/CNC-PL-FINAL/hw/CNC_Top_wrapper.xsa
TRACE::2026-03-09.17:32:41::SCWPlatform::DSA given E:/Git-Repos/CNC-FPGA/Vitis3/CNC-PL-FINAL/hw/CNC_Top_wrapper.xsa
TRACE::2026-03-09.17:32:41::SCWPlatform::DSA absoulate path E:/Git-Repos/CNC-FPGA/Vitis3/CNC-PL-FINAL/hw/CNC_Top_wrapper.xsa
TRACE::2026-03-09.17:32:41::SCWPlatform::DSA directory E:/Git-Repos/CNC-FPGA/Vitis3/CNC-PL-FINAL/hw
TRACE::2026-03-09.17:32:41::SCWPlatform:: Platform Path E:/Git-Repos/CNC-FPGA/Vitis3/CNC-PL-FINAL/hw/CNC_Top_wrapper.xsa
TRACE::2026-03-09.17:32:41::SCWPlatform:: Unique name xilinx:zedboard::0.0
TRACE::2026-03-09.17:32:41::SCWPlatform::Trying to set the existing hwdb with name CNC_Top_wrapper_8
TRACE::2026-03-09.17:32:41::SCWPlatform::Opened existing hwdb CNC_Top_wrapper_8
TRACE::2026-03-09.17:32:41::SCWPlatform::Found the Hw Db part of the input DSA
TRACE::2026-03-09.17:32:41::SCWMssOS::Checking the sw design at  E:/Git-Repos/CNC-FPGA/Vitis3/CNC-PL-FINAL/zynq_fsbl/zynq_fsbl_bsp/system.mss
TRACE::2026-03-09.17:32:41::SCWMssOS::DEBUG:  swdes dump  E:/Git-Repos/CNC-FPGA/Vitis3/CNC-PL-FINAL/zynq_fsbl/zynq_fsbl_bsp/system.mss|system_0||
E:/Git-Repos/CNC-FPGA/Vitis3/CNC-PL-NEW/ps7_cortexa9_0/standalone_domain/bsp/system.mss|system||

TRACE::2026-03-09.17:32:41::SCWMssOS::Sw design exists and opened at  E:/Git-Repos/CNC-FPGA/Vitis3/CNC-PL-FINAL/zynq_fsbl/zynq_fsbl_bsp/system.mss
TRACE::2026-03-09.17:32:41::SCWPlatform::Trying to open the hw design at E:/Git-Repos/CNC-FPGA/Vitis3/CNC-PL-FINAL/hw/CNC_Top_wrapper.xsa
TRACE::2026-03-09.17:32:41::SCWPlatform::DSA given E:/Git-Repos/CNC-FPGA/Vitis3/CNC-PL-FINAL/hw/CNC_Top_wrapper.xsa
TRACE::2026-03-09.17:32:41::SCWPlatform::DSA absoulate path E:/Git-Repos/CNC-FPGA/Vitis3/CNC-PL-FINAL/hw/CNC_Top_wrapper.xsa
TRACE::2026-03-09.17:32:41::SCWPlatform::DSA directory E:/Git-Repos/CNC-FPGA/Vitis3/CNC-PL-FINAL/hw
TRACE::2026-03-09.17:32:41::SCWPlatform:: Platform Path E:/Git-Repos/CNC-FPGA/Vitis3/CNC-PL-FINAL/hw/CNC_Top_wrapper.xsa
TRACE::2026-03-09.17:32:41::SCWPlatform:: Unique name xilinx:zedboard::0.0
TRACE::2026-03-09.17:32:41::SCWPlatform::Trying to set the existing hwdb with name CNC_Top_wrapper_8
TRACE::2026-03-09.17:32:41::SCWPlatform::Opened existing hwdb CNC_Top_wrapper_8
TRACE::2026-03-09.17:32:41::SCWPlatform::Found the Hw Db part of the input DSA
TRACE::2026-03-09.17:32:41::SCWMssOS::Checking the sw design at  E:/Git-Repos/CNC-FPGA/Vitis3/CNC-PL-FINAL/zynq_fsbl/zynq_fsbl_bsp/system.mss
TRACE::2026-03-09.17:32:41::SCWMssOS::DEBUG:  swdes dump  E:/Git-Repos/CNC-FPGA/Vitis3/CNC-PL-FINAL/zynq_fsbl/zynq_fsbl_bsp/system.mss|system_0||
E:/Git-Repos/CNC-FPGA/Vitis3/CNC-PL-NEW/ps7_cortexa9_0/standalone_domain/bsp/system.mss|system||

TRACE::2026-03-09.17:32:41::SCWMssOS::Sw design exists and opened at  E:/Git-Repos/CNC-FPGA/Vitis3/CNC-PL-FINAL/zynq_fsbl/zynq_fsbl_bsp/system.mss
TRACE::2026-03-09.17:32:41::SCWWriter::formatted JSON is {
	"platformName":	"CNC-PL-FINAL",
	"sprVersion":	"2.0",
	"mode":	"gui",
	"dsaType":	"Fixed",
	"platformDesc":	"CNC-PL-FINAL",
	"platHandOff":	"E:/Git-Repos/CNC-FPGA/Zedboard-CNC/CNC_Top_wrapper.xsa",
	"platIntHandOff":	"<platformDir>/hw/CNC_Top_wrapper.xsa",
	"deviceType":	"zynq",
	"platIsPrebuiltAutogen":	"false",
	"platIsNoBootBsp":	"false",
	"platFsblTarget":	"ps7_cortexa9_0",
	"hasFsblMakeHasChanges":	"false",
	"hasPmufwMakeHasChanges":	"false",
	"fsblExtraCompilerFlags":	"-MMD -MP       -mcpu=cortex-a9 -mfpu=vfpv3 -mfloat-abi=hard ",
	"platPreBuiltFlag":	false,
	"platformSamplesDir":	"",
	"platActiveSys":	"CNC-PL-FINAL",
	"systems":	[{
			"systemName":	"CNC-PL-FINAL",
			"systemDesc":	"CNC-PL-FINAL",
			"sysIsBootAutoGen":	"true",
			"systemDispName":	"CNC-PL-FINAL",
			"sysActiveDom":	"zynq_fsbl",
			"sysDefaultDom":	"",
			"domains":	[{
					"domainName":	"zynq_fsbl",
					"domainDispName":	"zynq_fsbl",
					"domainDesc":	"FSBL Application BSP - Auto Generated.",
					"processors":	"ps7_cortexa9_0",
					"os":	"standalone",
					"sdxOs":	"standalone",
					"debugEnable":	"",
					"domRuntimes":	["cpp"],
					"swRepo":	"",
					"mssOsVer":	"9.2",
					"mssFile":	"",
					"md5Digest":	"ff454babd09b1b8845f41b216ffb95e0",
					"compatibleApp":	"zynq_fsbl",
					"domType":	"bootDomain",
					"arch":	"32-bit",
					"appSettings":	{
						"appCompilerFlags":	"",
						"appLinkerFlags":	""
					},
					"addedLibs":	["xilffs:5.3", "xilrsa:1.8"],
					"libOptions":	{
						"libsContainingOptions":	[]
					},
					"prebuiltLibs":	{
						"prebuiltIncPath":	[],
						"prebuiltLibPath":	[]
					},
					"isolation":	{
					}
				}]
		}]
}
TRACE::2026-03-09.17:32:41::SCWPlatform::Trying to open the hw design at E:/Git-Repos/CNC-FPGA/Vitis3/CNC-PL-FINAL/hw/CNC_Top_wrapper.xsa
TRACE::2026-03-09.17:32:41::SCWPlatform::DSA given E:/Git-Repos/CNC-FPGA/Vitis3/CNC-PL-FINAL/hw/CNC_Top_wrapper.xsa
TRACE::2026-03-09.17:32:41::SCWPlatform::DSA absoulate path E:/Git-Repos/CNC-FPGA/Vitis3/CNC-PL-FINAL/hw/CNC_Top_wrapper.xsa
TRACE::2026-03-09.17:32:41::SCWPlatform::DSA directory E:/Git-Repos/CNC-FPGA/Vitis3/CNC-PL-FINAL/hw
TRACE::2026-03-09.17:32:41::SCWPlatform:: Platform Path E:/Git-Repos/CNC-FPGA/Vitis3/CNC-PL-FINAL/hw/CNC_Top_wrapper.xsa
TRACE::2026-03-09.17:32:41::SCWPlatform:: Unique name xilinx:zedboard::0.0
TRACE::2026-03-09.17:32:41::SCWPlatform::Trying to set the existing hwdb with name CNC_Top_wrapper_8
TRACE::2026-03-09.17:32:41::SCWPlatform::Opened existing hwdb CNC_Top_wrapper_8
TRACE::2026-03-09.17:32:41::SCWPlatform::Found the Hw Db part of the input DSA
TRACE::2026-03-09.17:32:41::SCWPlatform::Trying to open the hw design at E:/Git-Repos/CNC-FPGA/Vitis3/CNC-PL-FINAL/hw/CNC_Top_wrapper.xsa
TRACE::2026-03-09.17:32:41::SCWPlatform::DSA given E:/Git-Repos/CNC-FPGA/Vitis3/CNC-PL-FINAL/hw/CNC_Top_wrapper.xsa
TRACE::2026-03-09.17:32:41::SCWPlatform::DSA absoulate path E:/Git-Repos/CNC-FPGA/Vitis3/CNC-PL-FINAL/hw/CNC_Top_wrapper.xsa
TRACE::2026-03-09.17:32:41::SCWPlatform::DSA directory E:/Git-Repos/CNC-FPGA/Vitis3/CNC-PL-FINAL/hw
TRACE::2026-03-09.17:32:41::SCWPlatform:: Platform Path E:/Git-Repos/CNC-FPGA/Vitis3/CNC-PL-FINAL/hw/CNC_Top_wrapper.xsa
TRACE::2026-03-09.17:32:41::SCWPlatform:: Unique name xilinx:zedboard::0.0
TRACE::2026-03-09.17:32:41::SCWPlatform::Trying to set the existing hwdb with name CNC_Top_wrapper_8
TRACE::2026-03-09.17:32:41::SCWPlatform::Opened existing hwdb CNC_Top_wrapper_8
TRACE::2026-03-09.17:32:41::SCWPlatform::Found the Hw Db part of the input DSA
TRACE::2026-03-09.17:32:41::SCWDomain::checking for install qemu data   : 
TRACE::2026-03-09.17:32:41::SCWDomain:: Using the QEMU Data from install at  : C:/Xilinx/Vitis/2024.2/data/emulation/platforms/zynq/sw/a9_standalone/qemu/
TRACE::2026-03-09.17:32:41::SCWDomain:: Using the QEMU args  from install at  : C:/Xilinx/Vitis/2024.2/data/emulation/platforms/zynq/sw/a9_standalone/qemu/qemu_args.txt
TRACE::2026-03-09.17:32:41::SCWPlatform::Trying to open the hw design at E:/Git-Repos/CNC-FPGA/Vitis3/CNC-PL-FINAL/hw/CNC_Top_wrapper.xsa
TRACE::2026-03-09.17:32:41::SCWPlatform::DSA given E:/Git-Repos/CNC-FPGA/Vitis3/CNC-PL-FINAL/hw/CNC_Top_wrapper.xsa
TRACE::2026-03-09.17:32:41::SCWPlatform::DSA absoulate path E:/Git-Repos/CNC-FPGA/Vitis3/CNC-PL-FINAL/hw/CNC_Top_wrapper.xsa
TRACE::2026-03-09.17:32:41::SCWPlatform::DSA directory E:/Git-Repos/CNC-FPGA/Vitis3/CNC-PL-FINAL/hw
TRACE::2026-03-09.17:32:41::SCWPlatform:: Platform Path E:/Git-Repos/CNC-FPGA/Vitis3/CNC-PL-FINAL/hw/CNC_Top_wrapper.xsa
TRACE::2026-03-09.17:32:41::SCWPlatform:: Unique name xilinx:zedboard::0.0
TRACE::2026-03-09.17:32:41::SCWPlatform::Trying to set the existing hwdb with name CNC_Top_wrapper_8
TRACE::2026-03-09.17:32:41::SCWPlatform::Opened existing hwdb CNC_Top_wrapper_8
TRACE::2026-03-09.17:32:41::SCWPlatform::Found the Hw Db part of the input DSA
TRACE::2026-03-09.17:32:41::SCWPlatform::Trying to open the hw design at E:/Git-Repos/CNC-FPGA/Vitis3/CNC-PL-FINAL/hw/CNC_Top_wrapper.xsa
TRACE::2026-03-09.17:32:41::SCWPlatform::DSA given E:/Git-Repos/CNC-FPGA/Vitis3/CNC-PL-FINAL/hw/CNC_Top_wrapper.xsa
TRACE::2026-03-09.17:32:41::SCWPlatform::DSA absoulate path E:/Git-Repos/CNC-FPGA/Vitis3/CNC-PL-FINAL/hw/CNC_Top_wrapper.xsa
TRACE::2026-03-09.17:32:41::SCWPlatform::DSA directory E:/Git-Repos/CNC-FPGA/Vitis3/CNC-PL-FINAL/hw
TRACE::2026-03-09.17:32:41::SCWPlatform:: Platform Path E:/Git-Repos/CNC-FPGA/Vitis3/CNC-PL-FINAL/hw/CNC_Top_wrapper.xsa
TRACE::2026-03-09.17:32:41::SCWPlatform:: Unique name xilinx:zedboard::0.0
TRACE::2026-03-09.17:32:41::SCWPlatform::Trying to set the existing hwdb with name CNC_Top_wrapper_8
TRACE::2026-03-09.17:32:41::SCWPlatform::Opened existing hwdb CNC_Top_wrapper_8
TRACE::2026-03-09.17:32:41::SCWPlatform::Found the Hw Db part of the input DSA
TRACE::2026-03-09.17:32:41::SCWDomain::Qemu Directory name is changed from "" to "qemu"
TRACE::2026-03-09.17:32:41::SCWPlatform::Trying to open the hw design at E:/Git-Repos/CNC-FPGA/Vitis3/CNC-PL-FINAL/hw/CNC_Top_wrapper.xsa
TRACE::2026-03-09.17:32:41::SCWPlatform::DSA given E:/Git-Repos/CNC-FPGA/Vitis3/CNC-PL-FINAL/hw/CNC_Top_wrapper.xsa
TRACE::2026-03-09.17:32:41::SCWPlatform::DSA absoulate path E:/Git-Repos/CNC-FPGA/Vitis3/CNC-PL-FINAL/hw/CNC_Top_wrapper.xsa
TRACE::2026-03-09.17:32:41::SCWPlatform::DSA directory E:/Git-Repos/CNC-FPGA/Vitis3/CNC-PL-FINAL/hw
TRACE::2026-03-09.17:32:41::SCWPlatform:: Platform Path E:/Git-Repos/CNC-FPGA/Vitis3/CNC-PL-FINAL/hw/CNC_Top_wrapper.xsa
TRACE::2026-03-09.17:32:41::SCWPlatform:: Unique name xilinx:zedboard::0.0
TRACE::2026-03-09.17:32:41::SCWPlatform::Trying to set the existing hwdb with name CNC_Top_wrapper_8
TRACE::2026-03-09.17:32:41::SCWPlatform::Opened existing hwdb CNC_Top_wrapper_8
TRACE::2026-03-09.17:32:41::SCWPlatform::Found the Hw Db part of the input DSA
TRACE::2026-03-09.17:32:41::SCWMssOS::Checking the sw design at  E:/Git-Repos/CNC-FPGA/Vitis3/CNC-PL-FINAL/ps7_cortexa9_0/standalone_domain/bsp/system.mss
TRACE::2026-03-09.17:32:41::SCWMssOS::DEBUG:  swdes dump  E:/Git-Repos/CNC-FPGA/Vitis3/CNC-PL-FINAL/zynq_fsbl/zynq_fsbl_bsp/system.mss|system_0||
E:/Git-Repos/CNC-FPGA/Vitis3/CNC-PL-NEW/ps7_cortexa9_0/standalone_domain/bsp/system.mss|system||

TRACE::2026-03-09.17:32:41::SCWMssOS::No sw design opened at  E:/Git-Repos/CNC-FPGA/Vitis3/CNC-PL-FINAL/ps7_cortexa9_0/standalone_domain/bsp/system.mss
TRACE::2026-03-09.17:32:41::SCWMssOS::mss does not exists at E:/Git-Repos/CNC-FPGA/Vitis3/CNC-PL-FINAL/ps7_cortexa9_0/standalone_domain/bsp/system.mss
TRACE::2026-03-09.17:32:41::SCWMssOS::Creating sw design at  E:/Git-Repos/CNC-FPGA/Vitis3/CNC-PL-FINAL/ps7_cortexa9_0/standalone_domain/bsp/system.mss
TRACE::2026-03-09.17:32:41::SCWMssOS::Adding the swdes entry, created swdb E:/Git-Repos/CNC-FPGA/Vitis3/CNC-PL-FINAL/ps7_cortexa9_0/standalone_domain/bsp/system.mss with des name E:/Git-Repos/CNC-FPGA/Vitis3/CNC-PL-FINAL/ps7_cortexa9_0/standalone_domain/bsp/system.mss
TRACE::2026-03-09.17:32:41::SCWMssOS::updating the scw layer changes to swdes at   E:/Git-Repos/CNC-FPGA/Vitis3/CNC-PL-FINAL/ps7_cortexa9_0/standalone_domain/bsp/system.mss
TRACE::2026-03-09.17:32:41::SCWMssOS::Writing mss at E:/Git-Repos/CNC-FPGA/Vitis3/CNC-PL-FINAL/ps7_cortexa9_0/standalone_domain/bsp/system.mss
TRACE::2026-03-09.17:32:41::SCWMssOS::Completed writing the mss file at E:/Git-Repos/CNC-FPGA/Vitis3/CNC-PL-FINAL/ps7_cortexa9_0/standalone_domain/bsp
TRACE::2026-03-09.17:32:41::SCWMssOS::Picking up changes from newly written mss file into SCW Layer. 
TRACE::2026-03-09.17:32:41::SCWMssOS::Updated the changes from newly written mss file into SCW Layer. 
TRACE::2026-03-09.17:32:41::SCWMssOS::Completed writing the mss file at E:/Git-Repos/CNC-FPGA/Vitis3/CNC-PL-FINAL/ps7_cortexa9_0/standalone_domain/bsp
TRACE::2026-03-09.17:32:41::SCWMssOS::Forcing BSP Sources regeneration.
TRACE::2026-03-09.17:32:43::SCWMssOS::Saving the mss changes E:/Git-Repos/CNC-FPGA/Vitis3/CNC-PL-FINAL/zynq_fsbl/zynq_fsbl_bsp/system.mss
TRACE::2026-03-09.17:32:43::SCWMssOS::Found a swdesign opened with the mssfile.
TRACE::2026-03-09.17:32:43::SCWMssOS::Completed writemss as part of save.
TRACE::2026-03-09.17:32:43::SCWMssOS::Commit changes completed.
TRACE::2026-03-09.17:32:43::SCWMssOS::Saving the mss changes E:/Git-Repos/CNC-FPGA/Vitis3/CNC-PL-FINAL/ps7_cortexa9_0/standalone_domain/bsp/system.mss
TRACE::2026-03-09.17:32:43::SCWMssOS::Adding the swdes entry, mss present, able to open swdb E:/Git-Repos/CNC-FPGA/Vitis3/CNC-PL-FINAL/ps7_cortexa9_0/standalone_domain/bsp/system.mss with des name system_1
TRACE::2026-03-09.17:32:43::SCWMssOS::Writing the mss file completed E:/Git-Repos/CNC-FPGA/Vitis3/CNC-PL-FINAL/ps7_cortexa9_0/standalone_domain/bsp/system.mss
TRACE::2026-03-09.17:32:43::SCWMssOS::Commit changes completed.
TRACE::2026-03-09.17:32:43::SCWPlatform::Trying to open the hw design at E:/Git-Repos/CNC-FPGA/Vitis3/CNC-PL-FINAL/hw/CNC_Top_wrapper.xsa
TRACE::2026-03-09.17:32:43::SCWPlatform::DSA given E:/Git-Repos/CNC-FPGA/Vitis3/CNC-PL-FINAL/hw/CNC_Top_wrapper.xsa
TRACE::2026-03-09.17:32:43::SCWPlatform::DSA absoulate path E:/Git-Repos/CNC-FPGA/Vitis3/CNC-PL-FINAL/hw/CNC_Top_wrapper.xsa
TRACE::2026-03-09.17:32:43::SCWPlatform::DSA directory E:/Git-Repos/CNC-FPGA/Vitis3/CNC-PL-FINAL/hw
TRACE::2026-03-09.17:32:43::SCWPlatform:: Platform Path E:/Git-Repos/CNC-FPGA/Vitis3/CNC-PL-FINAL/hw/CNC_Top_wrapper.xsa
TRACE::2026-03-09.17:32:43::SCWPlatform:: Unique name xilinx:zedboard::0.0
TRACE::2026-03-09.17:32:43::SCWPlatform::Trying to set the existing hwdb with name CNC_Top_wrapper_8
TRACE::2026-03-09.17:32:43::SCWPlatform::Opened existing hwdb CNC_Top_wrapper_8
TRACE::2026-03-09.17:32:43::SCWPlatform::Found the Hw Db part of the input DSA
TRACE::2026-03-09.17:32:43::SCWMssOS::Checking the sw design at  E:/Git-Repos/CNC-FPGA/Vitis3/CNC-PL-FINAL/zynq_fsbl/zynq_fsbl_bsp/system.mss
TRACE::2026-03-09.17:32:43::SCWMssOS::DEBUG:  swdes dump  E:/Git-Repos/CNC-FPGA/Vitis3/CNC-PL-FINAL/ps7_cortexa9_0/standalone_domain/bsp/system.mss|system_1||
E:/Git-Repos/CNC-FPGA/Vitis3/CNC-PL-FINAL/zynq_fsbl/zynq_fsbl_bsp/system.mss|system_0||
E:/Git-Repos/CNC-FPGA/Vitis3/CNC-PL-NEW/ps7_cortexa9_0/standalone_domain/bsp/system.mss|system||

TRACE::2026-03-09.17:32:43::SCWMssOS::Sw design exists and opened at  E:/Git-Repos/CNC-FPGA/Vitis3/CNC-PL-FINAL/zynq_fsbl/zynq_fsbl_bsp/system.mss
TRACE::2026-03-09.17:32:43::SCWPlatform::Trying to open the hw design at E:/Git-Repos/CNC-FPGA/Vitis3/CNC-PL-FINAL/hw/CNC_Top_wrapper.xsa
TRACE::2026-03-09.17:32:43::SCWPlatform::DSA given E:/Git-Repos/CNC-FPGA/Vitis3/CNC-PL-FINAL/hw/CNC_Top_wrapper.xsa
TRACE::2026-03-09.17:32:43::SCWPlatform::DSA absoulate path E:/Git-Repos/CNC-FPGA/Vitis3/CNC-PL-FINAL/hw/CNC_Top_wrapper.xsa
TRACE::2026-03-09.17:32:43::SCWPlatform::DSA directory E:/Git-Repos/CNC-FPGA/Vitis3/CNC-PL-FINAL/hw
TRACE::2026-03-09.17:32:43::SCWPlatform:: Platform Path E:/Git-Repos/CNC-FPGA/Vitis3/CNC-PL-FINAL/hw/CNC_Top_wrapper.xsa
TRACE::2026-03-09.17:32:43::SCWPlatform:: Unique name xilinx:zedboard::0.0
TRACE::2026-03-09.17:32:43::SCWPlatform::Trying to set the existing hwdb with name CNC_Top_wrapper_8
TRACE::2026-03-09.17:32:43::SCWPlatform::Opened existing hwdb CNC_Top_wrapper_8
TRACE::2026-03-09.17:32:43::SCWPlatform::Found the Hw Db part of the input DSA
TRACE::2026-03-09.17:32:43::SCWMssOS::Checking the sw design at  E:/Git-Repos/CNC-FPGA/Vitis3/CNC-PL-FINAL/zynq_fsbl/zynq_fsbl_bsp/system.mss
TRACE::2026-03-09.17:32:43::SCWMssOS::DEBUG:  swdes dump  E:/Git-Repos/CNC-FPGA/Vitis3/CNC-PL-FINAL/ps7_cortexa9_0/standalone_domain/bsp/system.mss|system_1||
E:/Git-Repos/CNC-FPGA/Vitis3/CNC-PL-FINAL/zynq_fsbl/zynq_fsbl_bsp/system.mss|system_0||
E:/Git-Repos/CNC-FPGA/Vitis3/CNC-PL-NEW/ps7_cortexa9_0/standalone_domain/bsp/system.mss|system||

TRACE::2026-03-09.17:32:43::SCWMssOS::Sw design exists and opened at  E:/Git-Repos/CNC-FPGA/Vitis3/CNC-PL-FINAL/zynq_fsbl/zynq_fsbl_bsp/system.mss
TRACE::2026-03-09.17:32:43::SCWPlatform::Trying to open the hw design at E:/Git-Repos/CNC-FPGA/Vitis3/CNC-PL-FINAL/hw/CNC_Top_wrapper.xsa
TRACE::2026-03-09.17:32:43::SCWPlatform::DSA given E:/Git-Repos/CNC-FPGA/Vitis3/CNC-PL-FINAL/hw/CNC_Top_wrapper.xsa
TRACE::2026-03-09.17:32:43::SCWPlatform::DSA absoulate path E:/Git-Repos/CNC-FPGA/Vitis3/CNC-PL-FINAL/hw/CNC_Top_wrapper.xsa
TRACE::2026-03-09.17:32:43::SCWPlatform::DSA directory E:/Git-Repos/CNC-FPGA/Vitis3/CNC-PL-FINAL/hw
TRACE::2026-03-09.17:32:43::SCWPlatform:: Platform Path E:/Git-Repos/CNC-FPGA/Vitis3/CNC-PL-FINAL/hw/CNC_Top_wrapper.xsa
TRACE::2026-03-09.17:32:43::SCWPlatform:: Unique name xilinx:zedboard::0.0
TRACE::2026-03-09.17:32:43::SCWPlatform::Trying to set the existing hwdb with name CNC_Top_wrapper_8
TRACE::2026-03-09.17:32:43::SCWPlatform::Opened existing hwdb CNC_Top_wrapper_8
TRACE::2026-03-09.17:32:43::SCWPlatform::Found the Hw Db part of the input DSA
TRACE::2026-03-09.17:32:43::SCWMssOS::Checking the sw design at  E:/Git-Repos/CNC-FPGA/Vitis3/CNC-PL-FINAL/zynq_fsbl/zynq_fsbl_bsp/system.mss
TRACE::2026-03-09.17:32:43::SCWMssOS::DEBUG:  swdes dump  E:/Git-Repos/CNC-FPGA/Vitis3/CNC-PL-FINAL/ps7_cortexa9_0/standalone_domain/bsp/system.mss|system_1||
E:/Git-Repos/CNC-FPGA/Vitis3/CNC-PL-FINAL/zynq_fsbl/zynq_fsbl_bsp/system.mss|system_0||
E:/Git-Repos/CNC-FPGA/Vitis3/CNC-PL-NEW/ps7_cortexa9_0/standalone_domain/bsp/system.mss|system||

TRACE::2026-03-09.17:32:43::SCWMssOS::Sw design exists and opened at  E:/Git-Repos/CNC-FPGA/Vitis3/CNC-PL-FINAL/zynq_fsbl/zynq_fsbl_bsp/system.mss
TRACE::2026-03-09.17:32:43::SCWPlatform::Trying to open the hw design at E:/Git-Repos/CNC-FPGA/Vitis3/CNC-PL-FINAL/hw/CNC_Top_wrapper.xsa
TRACE::2026-03-09.17:32:43::SCWPlatform::DSA given E:/Git-Repos/CNC-FPGA/Vitis3/CNC-PL-FINAL/hw/CNC_Top_wrapper.xsa
TRACE::2026-03-09.17:32:43::SCWPlatform::DSA absoulate path E:/Git-Repos/CNC-FPGA/Vitis3/CNC-PL-FINAL/hw/CNC_Top_wrapper.xsa
TRACE::2026-03-09.17:32:43::SCWPlatform::DSA directory E:/Git-Repos/CNC-FPGA/Vitis3/CNC-PL-FINAL/hw
TRACE::2026-03-09.17:32:43::SCWPlatform:: Platform Path E:/Git-Repos/CNC-FPGA/Vitis3/CNC-PL-FINAL/hw/CNC_Top_wrapper.xsa
TRACE::2026-03-09.17:32:43::SCWPlatform:: Unique name xilinx:zedboard::0.0
TRACE::2026-03-09.17:32:43::SCWPlatform::Trying to set the existing hwdb with name CNC_Top_wrapper_8
TRACE::2026-03-09.17:32:43::SCWPlatform::Opened existing hwdb CNC_Top_wrapper_8
TRACE::2026-03-09.17:32:43::SCWPlatform::Found the Hw Db part of the input DSA
TRACE::2026-03-09.17:32:43::SCWMssOS::Checking the sw design at  E:/Git-Repos/CNC-FPGA/Vitis3/CNC-PL-FINAL/ps7_cortexa9_0/standalone_domain/bsp/system.mss
TRACE::2026-03-09.17:32:43::SCWMssOS::DEBUG:  swdes dump  E:/Git-Repos/CNC-FPGA/Vitis3/CNC-PL-FINAL/ps7_cortexa9_0/standalone_domain/bsp/system.mss|system_1||
E:/Git-Repos/CNC-FPGA/Vitis3/CNC-PL-FINAL/zynq_fsbl/zynq_fsbl_bsp/system.mss|system_0||
E:/Git-Repos/CNC-FPGA/Vitis3/CNC-PL-NEW/ps7_cortexa9_0/standalone_domain/bsp/system.mss|system||

TRACE::2026-03-09.17:32:43::SCWMssOS::Sw design exists and opened at  E:/Git-Repos/CNC-FPGA/Vitis3/CNC-PL-FINAL/ps7_cortexa9_0/standalone_domain/bsp/system.mss
TRACE::2026-03-09.17:32:43::SCWPlatform::Trying to open the hw design at E:/Git-Repos/CNC-FPGA/Vitis3/CNC-PL-FINAL/hw/CNC_Top_wrapper.xsa
TRACE::2026-03-09.17:32:43::SCWPlatform::DSA given E:/Git-Repos/CNC-FPGA/Vitis3/CNC-PL-FINAL/hw/CNC_Top_wrapper.xsa
TRACE::2026-03-09.17:32:43::SCWPlatform::DSA absoulate path E:/Git-Repos/CNC-FPGA/Vitis3/CNC-PL-FINAL/hw/CNC_Top_wrapper.xsa
TRACE::2026-03-09.17:32:43::SCWPlatform::DSA directory E:/Git-Repos/CNC-FPGA/Vitis3/CNC-PL-FINAL/hw
TRACE::2026-03-09.17:32:43::SCWPlatform:: Platform Path E:/Git-Repos/CNC-FPGA/Vitis3/CNC-PL-FINAL/hw/CNC_Top_wrapper.xsa
TRACE::2026-03-09.17:32:43::SCWPlatform:: Unique name xilinx:zedboard::0.0
TRACE::2026-03-09.17:32:43::SCWPlatform::Trying to set the existing hwdb with name CNC_Top_wrapper_8
TRACE::2026-03-09.17:32:43::SCWPlatform::Opened existing hwdb CNC_Top_wrapper_8
TRACE::2026-03-09.17:32:43::SCWPlatform::Found the Hw Db part of the input DSA
TRACE::2026-03-09.17:32:43::SCWMssOS::Checking the sw design at  E:/Git-Repos/CNC-FPGA/Vitis3/CNC-PL-FINAL/ps7_cortexa9_0/standalone_domain/bsp/system.mss
TRACE::2026-03-09.17:32:43::SCWMssOS::DEBUG:  swdes dump  E:/Git-Repos/CNC-FPGA/Vitis3/CNC-PL-FINAL/ps7_cortexa9_0/standalone_domain/bsp/system.mss|system_1||
E:/Git-Repos/CNC-FPGA/Vitis3/CNC-PL-FINAL/zynq_fsbl/zynq_fsbl_bsp/system.mss|system_0||
E:/Git-Repos/CNC-FPGA/Vitis3/CNC-PL-NEW/ps7_cortexa9_0/standalone_domain/bsp/system.mss|system||

TRACE::2026-03-09.17:32:43::SCWMssOS::Sw design exists and opened at  E:/Git-Repos/CNC-FPGA/Vitis3/CNC-PL-FINAL/ps7_cortexa9_0/standalone_domain/bsp/system.mss
TRACE::2026-03-09.17:32:43::SCWPlatform::Trying to open the hw design at E:/Git-Repos/CNC-FPGA/Vitis3/CNC-PL-FINAL/hw/CNC_Top_wrapper.xsa
TRACE::2026-03-09.17:32:43::SCWPlatform::DSA given E:/Git-Repos/CNC-FPGA/Vitis3/CNC-PL-FINAL/hw/CNC_Top_wrapper.xsa
TRACE::2026-03-09.17:32:43::SCWPlatform::DSA absoulate path E:/Git-Repos/CNC-FPGA/Vitis3/CNC-PL-FINAL/hw/CNC_Top_wrapper.xsa
TRACE::2026-03-09.17:32:43::SCWPlatform::DSA directory E:/Git-Repos/CNC-FPGA/Vitis3/CNC-PL-FINAL/hw
TRACE::2026-03-09.17:32:43::SCWPlatform:: Platform Path E:/Git-Repos/CNC-FPGA/Vitis3/CNC-PL-FINAL/hw/CNC_Top_wrapper.xsa
TRACE::2026-03-09.17:32:43::SCWPlatform:: Unique name xilinx:zedboard::0.0
TRACE::2026-03-09.17:32:43::SCWPlatform::Trying to set the existing hwdb with name CNC_Top_wrapper_8
TRACE::2026-03-09.17:32:43::SCWPlatform::Opened existing hwdb CNC_Top_wrapper_8
TRACE::2026-03-09.17:32:43::SCWPlatform::Found the Hw Db part of the input DSA
TRACE::2026-03-09.17:32:43::SCWMssOS::Checking the sw design at  E:/Git-Repos/CNC-FPGA/Vitis3/CNC-PL-FINAL/ps7_cortexa9_0/standalone_domain/bsp/system.mss
TRACE::2026-03-09.17:32:43::SCWMssOS::DEBUG:  swdes dump  E:/Git-Repos/CNC-FPGA/Vitis3/CNC-PL-FINAL/ps7_cortexa9_0/standalone_domain/bsp/system.mss|system_1||
E:/Git-Repos/CNC-FPGA/Vitis3/CNC-PL-FINAL/zynq_fsbl/zynq_fsbl_bsp/system.mss|system_0||
E:/Git-Repos/CNC-FPGA/Vitis3/CNC-PL-NEW/ps7_cortexa9_0/standalone_domain/bsp/system.mss|system||

TRACE::2026-03-09.17:32:43::SCWMssOS::Sw design exists and opened at  E:/Git-Repos/CNC-FPGA/Vitis3/CNC-PL-FINAL/ps7_cortexa9_0/standalone_domain/bsp/system.mss
TRACE::2026-03-09.17:32:43::SCWWriter::formatted JSON is {
	"platformName":	"CNC-PL-FINAL",
	"sprVersion":	"2.0",
	"mode":	"gui",
	"dsaType":	"Fixed",
	"platformDesc":	"CNC-PL-FINAL",
	"platHandOff":	"E:/Git-Repos/CNC-FPGA/Zedboard-CNC/CNC_Top_wrapper.xsa",
	"platIntHandOff":	"<platformDir>/hw/CNC_Top_wrapper.xsa",
	"deviceType":	"zynq",
	"platIsPrebuiltAutogen":	"false",
	"platIsNoBootBsp":	"false",
	"platFsblTarget":	"ps7_cortexa9_0",
	"hasFsblMakeHasChanges":	"false",
	"hasPmufwMakeHasChanges":	"false",
	"fsblExtraCompilerFlags":	"-MMD -MP       -mcpu=cortex-a9 -mfpu=vfpv3 -mfloat-abi=hard ",
	"platPreBuiltFlag":	false,
	"platformSamplesDir":	"",
	"platActiveSys":	"CNC-PL-FINAL",
	"systems":	[{
			"systemName":	"CNC-PL-FINAL",
			"systemDesc":	"CNC-PL-FINAL",
			"sysIsBootAutoGen":	"true",
			"systemDispName":	"CNC-PL-FINAL",
			"sysActiveDom":	"standalone_domain",
			"sysDefaultDom":	"standalone_domain",
			"domains":	[{
					"domainName":	"zynq_fsbl",
					"domainDispName":	"zynq_fsbl",
					"domainDesc":	"FSBL Application BSP - Auto Generated.",
					"processors":	"ps7_cortexa9_0",
					"os":	"standalone",
					"sdxOs":	"standalone",
					"debugEnable":	"",
					"domRuntimes":	["cpp"],
					"swRepo":	"",
					"mssOsVer":	"9.2",
					"mssFile":	"",
					"md5Digest":	"ff454babd09b1b8845f41b216ffb95e0",
					"compatibleApp":	"zynq_fsbl",
					"domType":	"bootDomain",
					"arch":	"32-bit",
					"appSettings":	{
						"appCompilerFlags":	"",
						"appLinkerFlags":	""
					},
					"addedLibs":	["xilffs:5.3", "xilrsa:1.8"],
					"libOptions":	{
						"libsContainingOptions":	[]
					},
					"prebuiltLibs":	{
						"prebuiltIncPath":	[],
						"prebuiltLibPath":	[]
					},
					"isolation":	{
					}
				}, {
					"domainName":	"standalone_domain",
					"domainDispName":	"standalone_domain",
					"domainDesc":	"standalone_domain",
					"processors":	"ps7_cortexa9_0",
					"os":	"standalone",
					"sdxOs":	"standalone",
					"qemuArgs":	"<platformDir>/resources/CNC-PL-FINAL/standalone_domain/qemu_args.txt",
					"qemuData":	"<platformDir>/resources/CNC-PL-FINAL/standalone_domain/qemu",
					"debugEnable":	"False",
					"domRuntimes":	["cpp"],
					"swRepo":	"",
					"mssOsVer":	"9.2",
					"mssFile":	"",
					"md5Digest":	"e4860d8555e07b5c08cde8707d29c764",
					"compatibleApp":	"",
					"domType":	"mssDomain",
					"appSettings":	{
						"appCompilerFlags":	"",
						"appLinkerFlags":	""
					},
					"addedLibs":	[],
					"libOptions":	{
						"libsContainingOptions":	[]
					},
					"prebuiltLibs":	{
						"prebuiltIncPath":	[],
						"prebuiltLibPath":	[]
					},
					"isolation":	{
					}
				}]
		}]
}
LOG::2026-03-09.17:32:43::SCWPlatform::Started generating the artifacts platform CNC-PL-FINAL
TRACE::2026-03-09.17:32:43::SCWPlatform::Sanity checking of platform is completed
LOG::2026-03-09.17:32:43::SCWPlatform::Started generating the artifacts for system configuration CNC-PL-FINAL
LOG::2026-03-09.17:32:43::SCWSystem::Checking the domain zynq_fsbl
LOG::2026-03-09.17:32:43::SCWSystem::Doing application build for :  zynq_fsbl
TRACE::2026-03-09.17:32:43::SCWBDomain::Not a forced makefile updation, No changes are present. 
TRACE::2026-03-09.17:32:43::SCWDomain::Skipping the build for domain :  zynq_fsbl
LOG::2026-03-09.17:32:43::SCWSystem::Checking the domain standalone_domain
LOG::2026-03-09.17:32:43::SCWSystem::Not a boot domain 
LOG::2026-03-09.17:32:43::SCWSystem::Started Processing the domain standalone_domain
TRACE::2026-03-09.17:32:43::SCWDomain::Generating domain artifcats
TRACE::2026-03-09.17:32:43::SCWMssOS::Generating standalone artifcats
TRACE::2026-03-09.17:32:43::SCWMssOS::Copying the qemu file from  E:/Git-Repos/CNC-FPGA/Vitis3/CNC-PL-FINAL/resources/CNC-PL-FINAL/standalone_domain/qemu_args.txt To E:/Git-Repos/CNC-FPGA/Vitis3/CNC-PL-FINAL/export/CNC-PL-FINAL/sw/CNC-PL-FINAL/qemu/
TRACE::2026-03-09.17:32:43::SCWMssOS::Copying the qemu file from  E:/Git-Repos/CNC-FPGA/Vitis3/CNC-PL-FINAL/resources/CNC-PL-FINAL/standalone_domain/qemu_args.txt To E:/Git-Repos/CNC-FPGA/Vitis3/CNC-PL-FINAL/export/CNC-PL-FINAL/sw/CNC-PL-FINAL/standalone_domain/qemu/
TRACE::2026-03-09.17:32:43::SCWMssOS:: Copying the user libraries. 
TRACE::2026-03-09.17:32:43::SCWPlatform::Trying to open the hw design at E:/Git-Repos/CNC-FPGA/Vitis3/CNC-PL-FINAL/hw/CNC_Top_wrapper.xsa
TRACE::2026-03-09.17:32:43::SCWPlatform::DSA given E:/Git-Repos/CNC-FPGA/Vitis3/CNC-PL-FINAL/hw/CNC_Top_wrapper.xsa
TRACE::2026-03-09.17:32:43::SCWPlatform::DSA absoulate path E:/Git-Repos/CNC-FPGA/Vitis3/CNC-PL-FINAL/hw/CNC_Top_wrapper.xsa
TRACE::2026-03-09.17:32:43::SCWPlatform::DSA directory E:/Git-Repos/CNC-FPGA/Vitis3/CNC-PL-FINAL/hw
TRACE::2026-03-09.17:32:43::SCWPlatform:: Platform Path E:/Git-Repos/CNC-FPGA/Vitis3/CNC-PL-FINAL/hw/CNC_Top_wrapper.xsa
TRACE::2026-03-09.17:32:43::SCWPlatform:: Unique name xilinx:zedboard::0.0
TRACE::2026-03-09.17:32:43::SCWPlatform::Trying to set the existing hwdb with name CNC_Top_wrapper_8
TRACE::2026-03-09.17:32:43::SCWPlatform::Opened existing hwdb CNC_Top_wrapper_8
TRACE::2026-03-09.17:32:43::SCWPlatform::Found the Hw Db part of the input DSA
TRACE::2026-03-09.17:32:43::SCWMssOS::Checking the sw design at  E:/Git-Repos/CNC-FPGA/Vitis3/CNC-PL-FINAL/ps7_cortexa9_0/standalone_domain/bsp/system.mss
TRACE::2026-03-09.17:32:43::SCWMssOS::DEBUG:  swdes dump  E:/Git-Repos/CNC-FPGA/Vitis3/CNC-PL-FINAL/ps7_cortexa9_0/standalone_domain/bsp/system.mss|system_1||
E:/Git-Repos/CNC-FPGA/Vitis3/CNC-PL-FINAL/zynq_fsbl/zynq_fsbl_bsp/system.mss|system_0||
E:/Git-Repos/CNC-FPGA/Vitis3/CNC-PL-NEW/ps7_cortexa9_0/standalone_domain/bsp/system.mss|system||

TRACE::2026-03-09.17:32:43::SCWMssOS::Sw design exists and opened at  E:/Git-Repos/CNC-FPGA/Vitis3/CNC-PL-FINAL/ps7_cortexa9_0/standalone_domain/bsp/system.mss
TRACE::2026-03-09.17:32:43::SCWMssOS::Completed writing the mss file at E:/Git-Repos/CNC-FPGA/Vitis3/CNC-PL-FINAL/ps7_cortexa9_0/standalone_domain/bsp
TRACE::2026-03-09.17:32:43::SCWMssOS::Mss edits present, copying mssfile into export location E:/Git-Repos/CNC-FPGA/Vitis3/CNC-PL-FINAL/ps7_cortexa9_0/standalone_domain/bsp/system.mss
TRACE::2026-03-09.17:32:43::SCWMssOS::bsp generated is upto date with the mss file. Skipping bsp generation.
TRACE::2026-03-09.17:32:43::SCWMssOS::BSP is already built. skipping the bsp build ... 
TRACE::2026-03-09.17:32:43::SCWDomain::Skipping the build for domain :  standalone_domain
TRACE::2026-03-09.17:32:43::SCWMssOS::skipping the bsp build ... 
TRACE::2026-03-09.17:32:43::SCWMssOS::Copying to export directory.
TRACE::2026-03-09.17:32:43::SCWMssOS:: Checking if to create the Supporting Applications
TRACE::2026-03-09.17:32:43::SCWMssOS:: No Linux domain exists, trying to generate FSBL 
TRACE::2026-03-09.17:32:43::SCWMssOS:: Completed Standalone Artifacts creation 
LOG::2026-03-09.17:32:43::SCWSystem::Completed Processing the domain standalone_domain
LOG::2026-03-09.17:32:43::SCWSystem::Completed Processing the sysconfig CNC-PL-FINAL
LOG::2026-03-09.17:32:43::SCWPlatform::Completed generating the artifacts for system configuration CNC-PL-FINAL
TRACE::2026-03-09.17:32:43::SCWPlatform::Started preparing the platform 
TRACE::2026-03-09.17:32:43::SCWSystem::Writing the bif file for system config CNC-PL-FINAL
TRACE::2026-03-09.17:32:43::SCWSystem::dir created 
TRACE::2026-03-09.17:32:43::SCWSystem::Writing the bif 
TRACE::2026-03-09.17:32:43::SCWPlatform::Started writing the spfm file 
TRACE::2026-03-09.17:32:43::SCWPlatform::Started writing the xpfm file 
TRACE::2026-03-09.17:32:43::SCWPlatform::Completed generating the platform
TRACE::2026-03-09.17:32:43::SCWMssOS::Saving the mss changes E:/Git-Repos/CNC-FPGA/Vitis3/CNC-PL-FINAL/zynq_fsbl/zynq_fsbl_bsp/system.mss
TRACE::2026-03-09.17:32:43::SCWMssOS::Found a swdesign opened with the mssfile.
TRACE::2026-03-09.17:32:43::SCWMssOS::Completed writemss as part of save.
TRACE::2026-03-09.17:32:43::SCWMssOS::Commit changes completed.
TRACE::2026-03-09.17:32:43::SCWMssOS::Saving the mss changes E:/Git-Repos/CNC-FPGA/Vitis3/CNC-PL-FINAL/ps7_cortexa9_0/standalone_domain/bsp/system.mss
TRACE::2026-03-09.17:32:43::SCWMssOS::Found a swdesign opened with the mssfile.
TRACE::2026-03-09.17:32:43::SCWMssOS::Completed writemss as part of save.
TRACE::2026-03-09.17:32:43::SCWMssOS::Commit changes completed.
TRACE::2026-03-09.17:32:43::SCWPlatform::Trying to open the hw design at E:/Git-Repos/CNC-FPGA/Vitis3/CNC-PL-FINAL/hw/CNC_Top_wrapper.xsa
TRACE::2026-03-09.17:32:43::SCWPlatform::DSA given E:/Git-Repos/CNC-FPGA/Vitis3/CNC-PL-FINAL/hw/CNC_Top_wrapper.xsa
TRACE::2026-03-09.17:32:43::SCWPlatform::DSA absoulate path E:/Git-Repos/CNC-FPGA/Vitis3/CNC-PL-FINAL/hw/CNC_Top_wrapper.xsa
TRACE::2026-03-09.17:32:43::SCWPlatform::DSA directory E:/Git-Repos/CNC-FPGA/Vitis3/CNC-PL-FINAL/hw
TRACE::2026-03-09.17:32:43::SCWPlatform:: Platform Path E:/Git-Repos/CNC-FPGA/Vitis3/CNC-PL-FINAL/hw/CNC_Top_wrapper.xsa
TRACE::2026-03-09.17:32:43::SCWPlatform:: Unique name xilinx:zedboard::0.0
TRACE::2026-03-09.17:32:43::SCWPlatform::Trying to set the existing hwdb with name CNC_Top_wrapper_8
TRACE::2026-03-09.17:32:43::SCWPlatform::Opened existing hwdb CNC_Top_wrapper_8
TRACE::2026-03-09.17:32:43::SCWPlatform::Found the Hw Db part of the input DSA
TRACE::2026-03-09.17:32:43::SCWMssOS::Checking the sw design at  E:/Git-Repos/CNC-FPGA/Vitis3/CNC-PL-FINAL/zynq_fsbl/zynq_fsbl_bsp/system.mss
TRACE::2026-03-09.17:32:43::SCWMssOS::DEBUG:  swdes dump  E:/Git-Repos/CNC-FPGA/Vitis3/CNC-PL-FINAL/ps7_cortexa9_0/standalone_domain/bsp/system.mss|system_1||
E:/Git-Repos/CNC-FPGA/Vitis3/CNC-PL-FINAL/zynq_fsbl/zynq_fsbl_bsp/system.mss|system_0||
E:/Git-Repos/CNC-FPGA/Vitis3/CNC-PL-NEW/ps7_cortexa9_0/standalone_domain/bsp/system.mss|system||

TRACE::2026-03-09.17:32:43::SCWMssOS::Sw design exists and opened at  E:/Git-Repos/CNC-FPGA/Vitis3/CNC-PL-FINAL/zynq_fsbl/zynq_fsbl_bsp/system.mss
TRACE::2026-03-09.17:32:43::SCWPlatform::Trying to open the hw design at E:/Git-Repos/CNC-FPGA/Vitis3/CNC-PL-FINAL/hw/CNC_Top_wrapper.xsa
TRACE::2026-03-09.17:32:43::SCWPlatform::DSA given E:/Git-Repos/CNC-FPGA/Vitis3/CNC-PL-FINAL/hw/CNC_Top_wrapper.xsa
TRACE::2026-03-09.17:32:43::SCWPlatform::DSA absoulate path E:/Git-Repos/CNC-FPGA/Vitis3/CNC-PL-FINAL/hw/CNC_Top_wrapper.xsa
TRACE::2026-03-09.17:32:43::SCWPlatform::DSA directory E:/Git-Repos/CNC-FPGA/Vitis3/CNC-PL-FINAL/hw
TRACE::2026-03-09.17:32:43::SCWPlatform:: Platform Path E:/Git-Repos/CNC-FPGA/Vitis3/CNC-PL-FINAL/hw/CNC_Top_wrapper.xsa
TRACE::2026-03-09.17:32:43::SCWPlatform:: Unique name xilinx:zedboard::0.0
TRACE::2026-03-09.17:32:43::SCWPlatform::Trying to set the existing hwdb with name CNC_Top_wrapper_8
TRACE::2026-03-09.17:32:43::SCWPlatform::Opened existing hwdb CNC_Top_wrapper_8
TRACE::2026-03-09.17:32:43::SCWPlatform::Found the Hw Db part of the input DSA
TRACE::2026-03-09.17:32:43::SCWMssOS::Checking the sw design at  E:/Git-Repos/CNC-FPGA/Vitis3/CNC-PL-FINAL/zynq_fsbl/zynq_fsbl_bsp/system.mss
TRACE::2026-03-09.17:32:43::SCWMssOS::DEBUG:  swdes dump  E:/Git-Repos/CNC-FPGA/Vitis3/CNC-PL-FINAL/ps7_cortexa9_0/standalone_domain/bsp/system.mss|system_1||
E:/Git-Repos/CNC-FPGA/Vitis3/CNC-PL-FINAL/zynq_fsbl/zynq_fsbl_bsp/system.mss|system_0||
E:/Git-Repos/CNC-FPGA/Vitis3/CNC-PL-NEW/ps7_cortexa9_0/standalone_domain/bsp/system.mss|system||

TRACE::2026-03-09.17:32:43::SCWMssOS::Sw design exists and opened at  E:/Git-Repos/CNC-FPGA/Vitis3/CNC-PL-FINAL/zynq_fsbl/zynq_fsbl_bsp/system.mss
TRACE::2026-03-09.17:32:43::SCWPlatform::Trying to open the hw design at E:/Git-Repos/CNC-FPGA/Vitis3/CNC-PL-FINAL/hw/CNC_Top_wrapper.xsa
TRACE::2026-03-09.17:32:43::SCWPlatform::DSA given E:/Git-Repos/CNC-FPGA/Vitis3/CNC-PL-FINAL/hw/CNC_Top_wrapper.xsa
TRACE::2026-03-09.17:32:43::SCWPlatform::DSA absoulate path E:/Git-Repos/CNC-FPGA/Vitis3/CNC-PL-FINAL/hw/CNC_Top_wrapper.xsa
TRACE::2026-03-09.17:32:43::SCWPlatform::DSA directory E:/Git-Repos/CNC-FPGA/Vitis3/CNC-PL-FINAL/hw
TRACE::2026-03-09.17:32:43::SCWPlatform:: Platform Path E:/Git-Repos/CNC-FPGA/Vitis3/CNC-PL-FINAL/hw/CNC_Top_wrapper.xsa
TRACE::2026-03-09.17:32:43::SCWPlatform:: Unique name xilinx:zedboard::0.0
TRACE::2026-03-09.17:32:43::SCWPlatform::Trying to set the existing hwdb with name CNC_Top_wrapper_8
TRACE::2026-03-09.17:32:43::SCWPlatform::Opened existing hwdb CNC_Top_wrapper_8
TRACE::2026-03-09.17:32:43::SCWPlatform::Found the Hw Db part of the input DSA
TRACE::2026-03-09.17:32:43::SCWMssOS::Checking the sw design at  E:/Git-Repos/CNC-FPGA/Vitis3/CNC-PL-FINAL/zynq_fsbl/zynq_fsbl_bsp/system.mss
TRACE::2026-03-09.17:32:43::SCWMssOS::DEBUG:  swdes dump  E:/Git-Repos/CNC-FPGA/Vitis3/CNC-PL-FINAL/ps7_cortexa9_0/standalone_domain/bsp/system.mss|system_1||
E:/Git-Repos/CNC-FPGA/Vitis3/CNC-PL-FINAL/zynq_fsbl/zynq_fsbl_bsp/system.mss|system_0||
E:/Git-Repos/CNC-FPGA/Vitis3/CNC-PL-NEW/ps7_cortexa9_0/standalone_domain/bsp/system.mss|system||

TRACE::2026-03-09.17:32:43::SCWMssOS::Sw design exists and opened at  E:/Git-Repos/CNC-FPGA/Vitis3/CNC-PL-FINAL/zynq_fsbl/zynq_fsbl_bsp/system.mss
TRACE::2026-03-09.17:32:43::SCWPlatform::Trying to open the hw design at E:/Git-Repos/CNC-FPGA/Vitis3/CNC-PL-FINAL/hw/CNC_Top_wrapper.xsa
TRACE::2026-03-09.17:32:43::SCWPlatform::DSA given E:/Git-Repos/CNC-FPGA/Vitis3/CNC-PL-FINAL/hw/CNC_Top_wrapper.xsa
TRACE::2026-03-09.17:32:43::SCWPlatform::DSA absoulate path E:/Git-Repos/CNC-FPGA/Vitis3/CNC-PL-FINAL/hw/CNC_Top_wrapper.xsa
TRACE::2026-03-09.17:32:43::SCWPlatform::DSA directory E:/Git-Repos/CNC-FPGA/Vitis3/CNC-PL-FINAL/hw
TRACE::2026-03-09.17:32:43::SCWPlatform:: Platform Path E:/Git-Repos/CNC-FPGA/Vitis3/CNC-PL-FINAL/hw/CNC_Top_wrapper.xsa
TRACE::2026-03-09.17:32:43::SCWPlatform:: Unique name xilinx:zedboard::0.0
TRACE::2026-03-09.17:32:43::SCWPlatform::Trying to set the existing hwdb with name CNC_Top_wrapper_8
TRACE::2026-03-09.17:32:43::SCWPlatform::Opened existing hwdb CNC_Top_wrapper_8
TRACE::2026-03-09.17:32:43::SCWPlatform::Found the Hw Db part of the input DSA
TRACE::2026-03-09.17:32:43::SCWMssOS::Checking the sw design at  E:/Git-Repos/CNC-FPGA/Vitis3/CNC-PL-FINAL/ps7_cortexa9_0/standalone_domain/bsp/system.mss
TRACE::2026-03-09.17:32:43::SCWMssOS::DEBUG:  swdes dump  E:/Git-Repos/CNC-FPGA/Vitis3/CNC-PL-FINAL/ps7_cortexa9_0/standalone_domain/bsp/system.mss|system_1||
E:/Git-Repos/CNC-FPGA/Vitis3/CNC-PL-FINAL/zynq_fsbl/zynq_fsbl_bsp/system.mss|system_0||
E:/Git-Repos/CNC-FPGA/Vitis3/CNC-PL-NEW/ps7_cortexa9_0/standalone_domain/bsp/system.mss|system||

TRACE::2026-03-09.17:32:43::SCWMssOS::Sw design exists and opened at  E:/Git-Repos/CNC-FPGA/Vitis3/CNC-PL-FINAL/ps7_cortexa9_0/standalone_domain/bsp/system.mss
TRACE::2026-03-09.17:32:43::SCWPlatform::Trying to open the hw design at E:/Git-Repos/CNC-FPGA/Vitis3/CNC-PL-FINAL/hw/CNC_Top_wrapper.xsa
TRACE::2026-03-09.17:32:43::SCWPlatform::DSA given E:/Git-Repos/CNC-FPGA/Vitis3/CNC-PL-FINAL/hw/CNC_Top_wrapper.xsa
TRACE::2026-03-09.17:32:43::SCWPlatform::DSA absoulate path E:/Git-Repos/CNC-FPGA/Vitis3/CNC-PL-FINAL/hw/CNC_Top_wrapper.xsa
TRACE::2026-03-09.17:32:43::SCWPlatform::DSA directory E:/Git-Repos/CNC-FPGA/Vitis3/CNC-PL-FINAL/hw
TRACE::2026-03-09.17:32:43::SCWPlatform:: Platform Path E:/Git-Repos/CNC-FPGA/Vitis3/CNC-PL-FINAL/hw/CNC_Top_wrapper.xsa
TRACE::2026-03-09.17:32:43::SCWPlatform:: Unique name xilinx:zedboard::0.0
TRACE::2026-03-09.17:32:43::SCWPlatform::Trying to set the existing hwdb with name CNC_Top_wrapper_8
TRACE::2026-03-09.17:32:43::SCWPlatform::Opened existing hwdb CNC_Top_wrapper_8
TRACE::2026-03-09.17:32:43::SCWPlatform::Found the Hw Db part of the input DSA
TRACE::2026-03-09.17:32:43::SCWMssOS::Checking the sw design at  E:/Git-Repos/CNC-FPGA/Vitis3/CNC-PL-FINAL/ps7_cortexa9_0/standalone_domain/bsp/system.mss
TRACE::2026-03-09.17:32:43::SCWMssOS::DEBUG:  swdes dump  E:/Git-Repos/CNC-FPGA/Vitis3/CNC-PL-FINAL/ps7_cortexa9_0/standalone_domain/bsp/system.mss|system_1||
E:/Git-Repos/CNC-FPGA/Vitis3/CNC-PL-FINAL/zynq_fsbl/zynq_fsbl_bsp/system.mss|system_0||
E:/Git-Repos/CNC-FPGA/Vitis3/CNC-PL-NEW/ps7_cortexa9_0/standalone_domain/bsp/system.mss|system||

TRACE::2026-03-09.17:32:43::SCWMssOS::Sw design exists and opened at  E:/Git-Repos/CNC-FPGA/Vitis3/CNC-PL-FINAL/ps7_cortexa9_0/standalone_domain/bsp/system.mss
TRACE::2026-03-09.17:32:43::SCWPlatform::Trying to open the hw design at E:/Git-Repos/CNC-FPGA/Vitis3/CNC-PL-FINAL/hw/CNC_Top_wrapper.xsa
TRACE::2026-03-09.17:32:43::SCWPlatform::DSA given E:/Git-Repos/CNC-FPGA/Vitis3/CNC-PL-FINAL/hw/CNC_Top_wrapper.xsa
TRACE::2026-03-09.17:32:43::SCWPlatform::DSA absoulate path E:/Git-Repos/CNC-FPGA/Vitis3/CNC-PL-FINAL/hw/CNC_Top_wrapper.xsa
TRACE::2026-03-09.17:32:43::SCWPlatform::DSA directory E:/Git-Repos/CNC-FPGA/Vitis3/CNC-PL-FINAL/hw
TRACE::2026-03-09.17:32:43::SCWPlatform:: Platform Path E:/Git-Repos/CNC-FPGA/Vitis3/CNC-PL-FINAL/hw/CNC_Top_wrapper.xsa
TRACE::2026-03-09.17:32:43::SCWPlatform:: Unique name xilinx:zedboard::0.0
TRACE::2026-03-09.17:32:43::SCWPlatform::Trying to set the existing hwdb with name CNC_Top_wrapper_8
TRACE::2026-03-09.17:32:43::SCWPlatform::Opened existing hwdb CNC_Top_wrapper_8
TRACE::2026-03-09.17:32:43::SCWPlatform::Found the Hw Db part of the input DSA
TRACE::2026-03-09.17:32:43::SCWMssOS::Checking the sw design at  E:/Git-Repos/CNC-FPGA/Vitis3/CNC-PL-FINAL/ps7_cortexa9_0/standalone_domain/bsp/system.mss
TRACE::2026-03-09.17:32:43::SCWMssOS::DEBUG:  swdes dump  E:/Git-Repos/CNC-FPGA/Vitis3/CNC-PL-FINAL/ps7_cortexa9_0/standalone_domain/bsp/system.mss|system_1||
E:/Git-Repos/CNC-FPGA/Vitis3/CNC-PL-FINAL/zynq_fsbl/zynq_fsbl_bsp/system.mss|system_0||
E:/Git-Repos/CNC-FPGA/Vitis3/CNC-PL-NEW/ps7_cortexa9_0/standalone_domain/bsp/system.mss|system||

TRACE::2026-03-09.17:32:43::SCWMssOS::Sw design exists and opened at  E:/Git-Repos/CNC-FPGA/Vitis3/CNC-PL-FINAL/ps7_cortexa9_0/standalone_domain/bsp/system.mss
TRACE::2026-03-09.17:32:43::SCWWriter::formatted JSON is {
	"platformName":	"CNC-PL-FINAL",
	"sprVersion":	"2.0",
	"mode":	"gui",
	"dsaType":	"Fixed",
	"platformDesc":	"CNC-PL-FINAL",
	"platHandOff":	"E:/Git-Repos/CNC-FPGA/Zedboard-CNC/CNC_Top_wrapper.xsa",
	"platIntHandOff":	"<platformDir>/hw/CNC_Top_wrapper.xsa",
	"deviceType":	"zynq",
	"platIsPrebuiltAutogen":	"false",
	"platIsNoBootBsp":	"false",
	"platFsblTarget":	"ps7_cortexa9_0",
	"hasFsblMakeHasChanges":	"false",
	"hasPmufwMakeHasChanges":	"false",
	"fsblExtraCompilerFlags":	"-MMD -MP       -mcpu=cortex-a9 -mfpu=vfpv3 -mfloat-abi=hard ",
	"platPreBuiltFlag":	false,
	"platformSamplesDir":	"",
	"platActiveSys":	"CNC-PL-FINAL",
	"systems":	[{
			"systemName":	"CNC-PL-FINAL",
			"systemDesc":	"CNC-PL-FINAL",
			"sysIsBootAutoGen":	"true",
			"systemDispName":	"CNC-PL-FINAL",
			"sysActiveDom":	"standalone_domain",
			"sysDefaultDom":	"standalone_domain",
			"domains":	[{
					"domainName":	"zynq_fsbl",
					"domainDispName":	"zynq_fsbl",
					"domainDesc":	"FSBL Application BSP - Auto Generated.",
					"processors":	"ps7_cortexa9_0",
					"os":	"standalone",
					"sdxOs":	"standalone",
					"debugEnable":	"",
					"domRuntimes":	["cpp"],
					"swRepo":	"",
					"mssOsVer":	"9.2",
					"mssFile":	"",
					"md5Digest":	"ff454babd09b1b8845f41b216ffb95e0",
					"compatibleApp":	"zynq_fsbl",
					"domType":	"bootDomain",
					"arch":	"32-bit",
					"appSettings":	{
						"appCompilerFlags":	"",
						"appLinkerFlags":	""
					},
					"addedLibs":	["xilffs:5.3", "xilrsa:1.8"],
					"libOptions":	{
						"libsContainingOptions":	[]
					},
					"prebuiltLibs":	{
						"prebuiltIncPath":	[],
						"prebuiltLibPath":	[]
					},
					"isolation":	{
					}
				}, {
					"domainName":	"standalone_domain",
					"domainDispName":	"standalone_domain",
					"domainDesc":	"standalone_domain",
					"processors":	"ps7_cortexa9_0",
					"os":	"standalone",
					"sdxOs":	"standalone",
					"qemuArgs":	"<platformDir>/resources/CNC-PL-FINAL/standalone_domain/qemu_args.txt",
					"qemuData":	"<platformDir>/resources/CNC-PL-FINAL/standalone_domain/qemu",
					"debugEnable":	"False",
					"domRuntimes":	["cpp"],
					"swRepo":	"",
					"mssOsVer":	"9.2",
					"mssFile":	"",
					"md5Digest":	"e4860d8555e07b5c08cde8707d29c764",
					"compatibleApp":	"",
					"domType":	"mssDomain",
					"appSettings":	{
						"appCompilerFlags":	"",
						"appLinkerFlags":	""
					},
					"addedLibs":	[],
					"libOptions":	{
						"libsContainingOptions":	[]
					},
					"prebuiltLibs":	{
						"prebuiltIncPath":	[],
						"prebuiltLibPath":	[]
					},
					"isolation":	{
					}
				}]
		}]
}
KEYINFO::2026-03-09.17:32:43::SCWPlatform::updated the xpfm file.
TRACE::2026-03-09.17:32:43::SCWPlatform::Trying to open the hw design at E:/Git-Repos/CNC-FPGA/Vitis3/CNC-PL-FINAL/hw/CNC_Top_wrapper.xsa
TRACE::2026-03-09.17:32:43::SCWPlatform::DSA given E:/Git-Repos/CNC-FPGA/Vitis3/CNC-PL-FINAL/hw/CNC_Top_wrapper.xsa
TRACE::2026-03-09.17:32:43::SCWPlatform::DSA absoulate path E:/Git-Repos/CNC-FPGA/Vitis3/CNC-PL-FINAL/hw/CNC_Top_wrapper.xsa
TRACE::2026-03-09.17:32:43::SCWPlatform::DSA directory E:/Git-Repos/CNC-FPGA/Vitis3/CNC-PL-FINAL/hw
TRACE::2026-03-09.17:32:43::SCWPlatform:: Platform Path E:/Git-Repos/CNC-FPGA/Vitis3/CNC-PL-FINAL/hw/CNC_Top_wrapper.xsa
TRACE::2026-03-09.17:32:43::SCWPlatform:: Unique name xilinx:zedboard::0.0
TRACE::2026-03-09.17:32:43::SCWPlatform::Trying to set the existing hwdb with name CNC_Top_wrapper_8
TRACE::2026-03-09.17:32:43::SCWPlatform::Opened existing hwdb CNC_Top_wrapper_8
TRACE::2026-03-09.17:32:43::SCWPlatform::Found the Hw Db part of the input DSA
TRACE::2026-03-09.17:32:43::SCWMssOS::Checking the sw design at  E:/Git-Repos/CNC-FPGA/Vitis3/CNC-PL-FINAL/ps7_cortexa9_0/standalone_domain/bsp/system.mss
TRACE::2026-03-09.17:32:43::SCWMssOS::DEBUG:  swdes dump  E:/Git-Repos/CNC-FPGA/Vitis3/CNC-PL-FINAL/ps7_cortexa9_0/standalone_domain/bsp/system.mss|system_1||
E:/Git-Repos/CNC-FPGA/Vitis3/CNC-PL-FINAL/zynq_fsbl/zynq_fsbl_bsp/system.mss|system_0||
E:/Git-Repos/CNC-FPGA/Vitis3/CNC-PL-NEW/ps7_cortexa9_0/standalone_domain/bsp/system.mss|system||

TRACE::2026-03-09.17:32:43::SCWMssOS::Sw design exists and opened at  E:/Git-Repos/CNC-FPGA/Vitis3/CNC-PL-FINAL/ps7_cortexa9_0/standalone_domain/bsp/system.mss
TRACE::2026-03-09.17:32:43::SCWMssOS::Saving the mss changes E:/Git-Repos/CNC-FPGA/Vitis3/CNC-PL-FINAL/zynq_fsbl/zynq_fsbl_bsp/system.mss
TRACE::2026-03-09.17:32:43::SCWMssOS::Found a swdesign opened with the mssfile.
TRACE::2026-03-09.17:32:43::SCWMssOS::Completed writemss as part of save.
TRACE::2026-03-09.17:32:43::SCWMssOS::Commit changes completed.
TRACE::2026-03-09.17:32:43::SCWMssOS::Saving the mss changes E:/Git-Repos/CNC-FPGA/Vitis3/CNC-PL-FINAL/ps7_cortexa9_0/standalone_domain/bsp/system.mss
TRACE::2026-03-09.17:32:43::SCWMssOS::Found a swdesign opened with the mssfile.
TRACE::2026-03-09.17:32:43::SCWMssOS::Completed writemss as part of save.
TRACE::2026-03-09.17:32:43::SCWMssOS::Commit changes completed.
TRACE::2026-03-09.17:32:43::SCWPlatform::Trying to open the hw design at E:/Git-Repos/CNC-FPGA/Vitis3/CNC-PL-FINAL/hw/CNC_Top_wrapper.xsa
TRACE::2026-03-09.17:32:43::SCWPlatform::DSA given E:/Git-Repos/CNC-FPGA/Vitis3/CNC-PL-FINAL/hw/CNC_Top_wrapper.xsa
TRACE::2026-03-09.17:32:43::SCWPlatform::DSA absoulate path E:/Git-Repos/CNC-FPGA/Vitis3/CNC-PL-FINAL/hw/CNC_Top_wrapper.xsa
TRACE::2026-03-09.17:32:43::SCWPlatform::DSA directory E:/Git-Repos/CNC-FPGA/Vitis3/CNC-PL-FINAL/hw
TRACE::2026-03-09.17:32:43::SCWPlatform:: Platform Path E:/Git-Repos/CNC-FPGA/Vitis3/CNC-PL-FINAL/hw/CNC_Top_wrapper.xsa
TRACE::2026-03-09.17:32:43::SCWPlatform:: Unique name xilinx:zedboard::0.0
TRACE::2026-03-09.17:32:43::SCWPlatform::Trying to set the existing hwdb with name CNC_Top_wrapper_8
TRACE::2026-03-09.17:32:43::SCWPlatform::Opened existing hwdb CNC_Top_wrapper_8
TRACE::2026-03-09.17:32:43::SCWPlatform::Found the Hw Db part of the input DSA
TRACE::2026-03-09.17:32:43::SCWMssOS::Checking the sw design at  E:/Git-Repos/CNC-FPGA/Vitis3/CNC-PL-FINAL/zynq_fsbl/zynq_fsbl_bsp/system.mss
TRACE::2026-03-09.17:32:43::SCWMssOS::DEBUG:  swdes dump  E:/Git-Repos/CNC-FPGA/Vitis3/CNC-PL-FINAL/ps7_cortexa9_0/standalone_domain/bsp/system.mss|system_1||
E:/Git-Repos/CNC-FPGA/Vitis3/CNC-PL-FINAL/zynq_fsbl/zynq_fsbl_bsp/system.mss|system_0||
E:/Git-Repos/CNC-FPGA/Vitis3/CNC-PL-NEW/ps7_cortexa9_0/standalone_domain/bsp/system.mss|system||

TRACE::2026-03-09.17:32:43::SCWMssOS::Sw design exists and opened at  E:/Git-Repos/CNC-FPGA/Vitis3/CNC-PL-FINAL/zynq_fsbl/zynq_fsbl_bsp/system.mss
TRACE::2026-03-09.17:32:43::SCWPlatform::Trying to open the hw design at E:/Git-Repos/CNC-FPGA/Vitis3/CNC-PL-FINAL/hw/CNC_Top_wrapper.xsa
TRACE::2026-03-09.17:32:43::SCWPlatform::DSA given E:/Git-Repos/CNC-FPGA/Vitis3/CNC-PL-FINAL/hw/CNC_Top_wrapper.xsa
TRACE::2026-03-09.17:32:43::SCWPlatform::DSA absoulate path E:/Git-Repos/CNC-FPGA/Vitis3/CNC-PL-FINAL/hw/CNC_Top_wrapper.xsa
TRACE::2026-03-09.17:32:43::SCWPlatform::DSA directory E:/Git-Repos/CNC-FPGA/Vitis3/CNC-PL-FINAL/hw
TRACE::2026-03-09.17:32:43::SCWPlatform:: Platform Path E:/Git-Repos/CNC-FPGA/Vitis3/CNC-PL-FINAL/hw/CNC_Top_wrapper.xsa
TRACE::2026-03-09.17:32:43::SCWPlatform:: Unique name xilinx:zedboard::0.0
TRACE::2026-03-09.17:32:43::SCWPlatform::Trying to set the existing hwdb with name CNC_Top_wrapper_8
TRACE::2026-03-09.17:32:43::SCWPlatform::Opened existing hwdb CNC_Top_wrapper_8
TRACE::2026-03-09.17:32:43::SCWPlatform::Found the Hw Db part of the input DSA
TRACE::2026-03-09.17:32:43::SCWMssOS::Checking the sw design at  E:/Git-Repos/CNC-FPGA/Vitis3/CNC-PL-FINAL/zynq_fsbl/zynq_fsbl_bsp/system.mss
TRACE::2026-03-09.17:32:43::SCWMssOS::DEBUG:  swdes dump  E:/Git-Repos/CNC-FPGA/Vitis3/CNC-PL-FINAL/ps7_cortexa9_0/standalone_domain/bsp/system.mss|system_1||
E:/Git-Repos/CNC-FPGA/Vitis3/CNC-PL-FINAL/zynq_fsbl/zynq_fsbl_bsp/system.mss|system_0||
E:/Git-Repos/CNC-FPGA/Vitis3/CNC-PL-NEW/ps7_cortexa9_0/standalone_domain/bsp/system.mss|system||

TRACE::2026-03-09.17:32:43::SCWMssOS::Sw design exists and opened at  E:/Git-Repos/CNC-FPGA/Vitis3/CNC-PL-FINAL/zynq_fsbl/zynq_fsbl_bsp/system.mss
TRACE::2026-03-09.17:32:43::SCWPlatform::Trying to open the hw design at E:/Git-Repos/CNC-FPGA/Vitis3/CNC-PL-FINAL/hw/CNC_Top_wrapper.xsa
TRACE::2026-03-09.17:32:43::SCWPlatform::DSA given E:/Git-Repos/CNC-FPGA/Vitis3/CNC-PL-FINAL/hw/CNC_Top_wrapper.xsa
TRACE::2026-03-09.17:32:43::SCWPlatform::DSA absoulate path E:/Git-Repos/CNC-FPGA/Vitis3/CNC-PL-FINAL/hw/CNC_Top_wrapper.xsa
TRACE::2026-03-09.17:32:43::SCWPlatform::DSA directory E:/Git-Repos/CNC-FPGA/Vitis3/CNC-PL-FINAL/hw
TRACE::2026-03-09.17:32:43::SCWPlatform:: Platform Path E:/Git-Repos/CNC-FPGA/Vitis3/CNC-PL-FINAL/hw/CNC_Top_wrapper.xsa
TRACE::2026-03-09.17:32:43::SCWPlatform:: Unique name xilinx:zedboard::0.0
TRACE::2026-03-09.17:32:43::SCWPlatform::Trying to set the existing hwdb with name CNC_Top_wrapper_8
TRACE::2026-03-09.17:32:43::SCWPlatform::Opened existing hwdb CNC_Top_wrapper_8
TRACE::2026-03-09.17:32:43::SCWPlatform::Found the Hw Db part of the input DSA
TRACE::2026-03-09.17:32:43::SCWMssOS::Checking the sw design at  E:/Git-Repos/CNC-FPGA/Vitis3/CNC-PL-FINAL/zynq_fsbl/zynq_fsbl_bsp/system.mss
TRACE::2026-03-09.17:32:43::SCWMssOS::DEBUG:  swdes dump  E:/Git-Repos/CNC-FPGA/Vitis3/CNC-PL-FINAL/ps7_cortexa9_0/standalone_domain/bsp/system.mss|system_1||
E:/Git-Repos/CNC-FPGA/Vitis3/CNC-PL-FINAL/zynq_fsbl/zynq_fsbl_bsp/system.mss|system_0||
E:/Git-Repos/CNC-FPGA/Vitis3/CNC-PL-NEW/ps7_cortexa9_0/standalone_domain/bsp/system.mss|system||

TRACE::2026-03-09.17:32:43::SCWMssOS::Sw design exists and opened at  E:/Git-Repos/CNC-FPGA/Vitis3/CNC-PL-FINAL/zynq_fsbl/zynq_fsbl_bsp/system.mss
TRACE::2026-03-09.17:32:43::SCWPlatform::Trying to open the hw design at E:/Git-Repos/CNC-FPGA/Vitis3/CNC-PL-FINAL/hw/CNC_Top_wrapper.xsa
TRACE::2026-03-09.17:32:43::SCWPlatform::DSA given E:/Git-Repos/CNC-FPGA/Vitis3/CNC-PL-FINAL/hw/CNC_Top_wrapper.xsa
TRACE::2026-03-09.17:32:43::SCWPlatform::DSA absoulate path E:/Git-Repos/CNC-FPGA/Vitis3/CNC-PL-FINAL/hw/CNC_Top_wrapper.xsa
TRACE::2026-03-09.17:32:43::SCWPlatform::DSA directory E:/Git-Repos/CNC-FPGA/Vitis3/CNC-PL-FINAL/hw
TRACE::2026-03-09.17:32:43::SCWPlatform:: Platform Path E:/Git-Repos/CNC-FPGA/Vitis3/CNC-PL-FINAL/hw/CNC_Top_wrapper.xsa
TRACE::2026-03-09.17:32:43::SCWPlatform:: Unique name xilinx:zedboard::0.0
TRACE::2026-03-09.17:32:43::SCWPlatform::Trying to set the existing hwdb with name CNC_Top_wrapper_8
TRACE::2026-03-09.17:32:43::SCWPlatform::Opened existing hwdb CNC_Top_wrapper_8
TRACE::2026-03-09.17:32:43::SCWPlatform::Found the Hw Db part of the input DSA
TRACE::2026-03-09.17:32:43::SCWMssOS::Checking the sw design at  E:/Git-Repos/CNC-FPGA/Vitis3/CNC-PL-FINAL/ps7_cortexa9_0/standalone_domain/bsp/system.mss
TRACE::2026-03-09.17:32:43::SCWMssOS::DEBUG:  swdes dump  E:/Git-Repos/CNC-FPGA/Vitis3/CNC-PL-FINAL/ps7_cortexa9_0/standalone_domain/bsp/system.mss|system_1||
E:/Git-Repos/CNC-FPGA/Vitis3/CNC-PL-FINAL/zynq_fsbl/zynq_fsbl_bsp/system.mss|system_0||
E:/Git-Repos/CNC-FPGA/Vitis3/CNC-PL-NEW/ps7_cortexa9_0/standalone_domain/bsp/system.mss|system||

TRACE::2026-03-09.17:32:43::SCWMssOS::Sw design exists and opened at  E:/Git-Repos/CNC-FPGA/Vitis3/CNC-PL-FINAL/ps7_cortexa9_0/standalone_domain/bsp/system.mss
TRACE::2026-03-09.17:32:43::SCWPlatform::Trying to open the hw design at E:/Git-Repos/CNC-FPGA/Vitis3/CNC-PL-FINAL/hw/CNC_Top_wrapper.xsa
TRACE::2026-03-09.17:32:43::SCWPlatform::DSA given E:/Git-Repos/CNC-FPGA/Vitis3/CNC-PL-FINAL/hw/CNC_Top_wrapper.xsa
TRACE::2026-03-09.17:32:43::SCWPlatform::DSA absoulate path E:/Git-Repos/CNC-FPGA/Vitis3/CNC-PL-FINAL/hw/CNC_Top_wrapper.xsa
TRACE::2026-03-09.17:32:43::SCWPlatform::DSA directory E:/Git-Repos/CNC-FPGA/Vitis3/CNC-PL-FINAL/hw
TRACE::2026-03-09.17:32:43::SCWPlatform:: Platform Path E:/Git-Repos/CNC-FPGA/Vitis3/CNC-PL-FINAL/hw/CNC_Top_wrapper.xsa
TRACE::2026-03-09.17:32:43::SCWPlatform:: Unique name xilinx:zedboard::0.0
TRACE::2026-03-09.17:32:43::SCWPlatform::Trying to set the existing hwdb with name CNC_Top_wrapper_8
TRACE::2026-03-09.17:32:43::SCWPlatform::Opened existing hwdb CNC_Top_wrapper_8
TRACE::2026-03-09.17:32:43::SCWPlatform::Found the Hw Db part of the input DSA
TRACE::2026-03-09.17:32:43::SCWMssOS::Checking the sw design at  E:/Git-Repos/CNC-FPGA/Vitis3/CNC-PL-FINAL/ps7_cortexa9_0/standalone_domain/bsp/system.mss
TRACE::2026-03-09.17:32:43::SCWMssOS::DEBUG:  swdes dump  E:/Git-Repos/CNC-FPGA/Vitis3/CNC-PL-FINAL/ps7_cortexa9_0/standalone_domain/bsp/system.mss|system_1||
E:/Git-Repos/CNC-FPGA/Vitis3/CNC-PL-FINAL/zynq_fsbl/zynq_fsbl_bsp/system.mss|system_0||
E:/Git-Repos/CNC-FPGA/Vitis3/CNC-PL-NEW/ps7_cortexa9_0/standalone_domain/bsp/system.mss|system||

TRACE::2026-03-09.17:32:43::SCWMssOS::Sw design exists and opened at  E:/Git-Repos/CNC-FPGA/Vitis3/CNC-PL-FINAL/ps7_cortexa9_0/standalone_domain/bsp/system.mss
TRACE::2026-03-09.17:32:43::SCWPlatform::Trying to open the hw design at E:/Git-Repos/CNC-FPGA/Vitis3/CNC-PL-FINAL/hw/CNC_Top_wrapper.xsa
TRACE::2026-03-09.17:32:43::SCWPlatform::DSA given E:/Git-Repos/CNC-FPGA/Vitis3/CNC-PL-FINAL/hw/CNC_Top_wrapper.xsa
TRACE::2026-03-09.17:32:43::SCWPlatform::DSA absoulate path E:/Git-Repos/CNC-FPGA/Vitis3/CNC-PL-FINAL/hw/CNC_Top_wrapper.xsa
TRACE::2026-03-09.17:32:43::SCWPlatform::DSA directory E:/Git-Repos/CNC-FPGA/Vitis3/CNC-PL-FINAL/hw
TRACE::2026-03-09.17:32:43::SCWPlatform:: Platform Path E:/Git-Repos/CNC-FPGA/Vitis3/CNC-PL-FINAL/hw/CNC_Top_wrapper.xsa
TRACE::2026-03-09.17:32:43::SCWPlatform:: Unique name xilinx:zedboard::0.0
TRACE::2026-03-09.17:32:43::SCWPlatform::Trying to set the existing hwdb with name CNC_Top_wrapper_8
TRACE::2026-03-09.17:32:43::SCWPlatform::Opened existing hwdb CNC_Top_wrapper_8
TRACE::2026-03-09.17:32:43::SCWPlatform::Found the Hw Db part of the input DSA
TRACE::2026-03-09.17:32:43::SCWMssOS::Checking the sw design at  E:/Git-Repos/CNC-FPGA/Vitis3/CNC-PL-FINAL/ps7_cortexa9_0/standalone_domain/bsp/system.mss
TRACE::2026-03-09.17:32:43::SCWMssOS::DEBUG:  swdes dump  E:/Git-Repos/CNC-FPGA/Vitis3/CNC-PL-FINAL/ps7_cortexa9_0/standalone_domain/bsp/system.mss|system_1||
E:/Git-Repos/CNC-FPGA/Vitis3/CNC-PL-FINAL/zynq_fsbl/zynq_fsbl_bsp/system.mss|system_0||
E:/Git-Repos/CNC-FPGA/Vitis3/CNC-PL-NEW/ps7_cortexa9_0/standalone_domain/bsp/system.mss|system||

TRACE::2026-03-09.17:32:43::SCWMssOS::Sw design exists and opened at  E:/Git-Repos/CNC-FPGA/Vitis3/CNC-PL-FINAL/ps7_cortexa9_0/standalone_domain/bsp/system.mss
TRACE::2026-03-09.17:32:43::SCWWriter::formatted JSON is {
	"platformName":	"CNC-PL-FINAL",
	"sprVersion":	"2.0",
	"mode":	"gui",
	"dsaType":	"Fixed",
	"platformDesc":	"CNC-PL-FINAL",
	"platHandOff":	"E:/Git-Repos/CNC-FPGA/Zedboard-CNC/CNC_Top_wrapper.xsa",
	"platIntHandOff":	"<platformDir>/hw/CNC_Top_wrapper.xsa",
	"deviceType":	"zynq",
	"platIsPrebuiltAutogen":	"false",
	"platIsNoBootBsp":	"false",
	"platFsblTarget":	"ps7_cortexa9_0",
	"hasFsblMakeHasChanges":	"false",
	"hasPmufwMakeHasChanges":	"false",
	"fsblExtraCompilerFlags":	"-MMD -MP       -mcpu=cortex-a9 -mfpu=vfpv3 -mfloat-abi=hard ",
	"platPreBuiltFlag":	false,
	"platformSamplesDir":	"",
	"platActiveSys":	"CNC-PL-FINAL",
	"systems":	[{
			"systemName":	"CNC-PL-FINAL",
			"systemDesc":	"CNC-PL-FINAL",
			"sysIsBootAutoGen":	"true",
			"systemDispName":	"CNC-PL-FINAL",
			"sysActiveDom":	"standalone_domain",
			"sysDefaultDom":	"standalone_domain",
			"domains":	[{
					"domainName":	"zynq_fsbl",
					"domainDispName":	"zynq_fsbl",
					"domainDesc":	"FSBL Application BSP - Auto Generated.",
					"processors":	"ps7_cortexa9_0",
					"os":	"standalone",
					"sdxOs":	"standalone",
					"debugEnable":	"",
					"domRuntimes":	["cpp"],
					"swRepo":	"",
					"mssOsVer":	"9.2",
					"mssFile":	"",
					"md5Digest":	"ff454babd09b1b8845f41b216ffb95e0",
					"compatibleApp":	"zynq_fsbl",
					"domType":	"bootDomain",
					"arch":	"32-bit",
					"appSettings":	{
						"appCompilerFlags":	"",
						"appLinkerFlags":	""
					},
					"addedLibs":	["xilffs:5.3", "xilrsa:1.8"],
					"libOptions":	{
						"libsContainingOptions":	[]
					},
					"prebuiltLibs":	{
						"prebuiltIncPath":	[],
						"prebuiltLibPath":	[]
					},
					"isolation":	{
					}
				}, {
					"domainName":	"standalone_domain",
					"domainDispName":	"standalone_domain",
					"domainDesc":	"standalone_domain",
					"processors":	"ps7_cortexa9_0",
					"os":	"standalone",
					"sdxOs":	"standalone",
					"qemuArgs":	"<platformDir>/resources/CNC-PL-FINAL/standalone_domain/qemu_args.txt",
					"qemuData":	"<platformDir>/resources/CNC-PL-FINAL/standalone_domain/qemu",
					"debugEnable":	"False",
					"domRuntimes":	["cpp"],
					"swRepo":	"",
					"mssOsVer":	"9.2",
					"mssFile":	"",
					"md5Digest":	"e4860d8555e07b5c08cde8707d29c764",
					"compatibleApp":	"",
					"domType":	"mssDomain",
					"appSettings":	{
						"appCompilerFlags":	"",
						"appLinkerFlags":	""
					},
					"addedLibs":	[],
					"libOptions":	{
						"libsContainingOptions":	[]
					},
					"prebuiltLibs":	{
						"prebuiltIncPath":	[],
						"prebuiltLibPath":	[]
					},
					"isolation":	{
					}
				}]
		}]
}
TRACE::2026-03-09.17:32:43::SCWPlatform::Trying to open the hw design at E:/Git-Repos/CNC-FPGA/Vitis3/CNC-PL-FINAL/hw/CNC_Top_wrapper.xsa
TRACE::2026-03-09.17:32:43::SCWPlatform::DSA given E:/Git-Repos/CNC-FPGA/Vitis3/CNC-PL-FINAL/hw/CNC_Top_wrapper.xsa
TRACE::2026-03-09.17:32:43::SCWPlatform::DSA absoulate path E:/Git-Repos/CNC-FPGA/Vitis3/CNC-PL-FINAL/hw/CNC_Top_wrapper.xsa
TRACE::2026-03-09.17:32:43::SCWPlatform::DSA directory E:/Git-Repos/CNC-FPGA/Vitis3/CNC-PL-FINAL/hw
TRACE::2026-03-09.17:32:43::SCWPlatform:: Platform Path E:/Git-Repos/CNC-FPGA/Vitis3/CNC-PL-FINAL/hw/CNC_Top_wrapper.xsa
TRACE::2026-03-09.17:32:43::SCWPlatform:: Unique name xilinx:zedboard::0.0
TRACE::2026-03-09.17:32:43::SCWPlatform::Trying to set the existing hwdb with name CNC_Top_wrapper_8
TRACE::2026-03-09.17:32:43::SCWPlatform::Opened existing hwdb CNC_Top_wrapper_8
TRACE::2026-03-09.17:32:43::SCWPlatform::Found the Hw Db part of the input DSA
TRACE::2026-03-09.17:32:43::SCWMssOS::Checking the sw design at  E:/Git-Repos/CNC-FPGA/Vitis3/CNC-PL-FINAL/ps7_cortexa9_0/standalone_domain/bsp/system.mss
TRACE::2026-03-09.17:32:43::SCWMssOS::DEBUG:  swdes dump  E:/Git-Repos/CNC-FPGA/Vitis3/CNC-PL-FINAL/ps7_cortexa9_0/standalone_domain/bsp/system.mss|system_1||
E:/Git-Repos/CNC-FPGA/Vitis3/CNC-PL-FINAL/zynq_fsbl/zynq_fsbl_bsp/system.mss|system_0||
E:/Git-Repos/CNC-FPGA/Vitis3/CNC-PL-NEW/ps7_cortexa9_0/standalone_domain/bsp/system.mss|system||

TRACE::2026-03-09.17:32:43::SCWMssOS::Sw design exists and opened at  E:/Git-Repos/CNC-FPGA/Vitis3/CNC-PL-FINAL/ps7_cortexa9_0/standalone_domain/bsp/system.mss
TRACE::2026-03-09.17:32:43::SCWPlatform::Trying to open the hw design at E:/Git-Repos/CNC-FPGA/Vitis3/CNC-PL-FINAL/hw/CNC_Top_wrapper.xsa
TRACE::2026-03-09.17:32:43::SCWPlatform::DSA given E:/Git-Repos/CNC-FPGA/Vitis3/CNC-PL-FINAL/hw/CNC_Top_wrapper.xsa
TRACE::2026-03-09.17:32:43::SCWPlatform::DSA absoulate path E:/Git-Repos/CNC-FPGA/Vitis3/CNC-PL-FINAL/hw/CNC_Top_wrapper.xsa
TRACE::2026-03-09.17:32:43::SCWPlatform::DSA directory E:/Git-Repos/CNC-FPGA/Vitis3/CNC-PL-FINAL/hw
TRACE::2026-03-09.17:32:43::SCWPlatform:: Platform Path E:/Git-Repos/CNC-FPGA/Vitis3/CNC-PL-FINAL/hw/CNC_Top_wrapper.xsa
TRACE::2026-03-09.17:32:43::SCWPlatform:: Unique name xilinx:zedboard::0.0
TRACE::2026-03-09.17:32:43::SCWPlatform::Trying to set the existing hwdb with name CNC_Top_wrapper_8
TRACE::2026-03-09.17:32:43::SCWPlatform::Opened existing hwdb CNC_Top_wrapper_8
TRACE::2026-03-09.17:32:43::SCWPlatform::Found the Hw Db part of the input DSA
TRACE::2026-03-09.17:32:43::SCWMssOS::Checking the sw design at  E:/Git-Repos/CNC-FPGA/Vitis3/CNC-PL-FINAL/ps7_cortexa9_0/standalone_domain/bsp/system.mss
TRACE::2026-03-09.17:32:43::SCWMssOS::DEBUG:  swdes dump  E:/Git-Repos/CNC-FPGA/Vitis3/CNC-PL-FINAL/ps7_cortexa9_0/standalone_domain/bsp/system.mss|system_1||
E:/Git-Repos/CNC-FPGA/Vitis3/CNC-PL-FINAL/zynq_fsbl/zynq_fsbl_bsp/system.mss|system_0||
E:/Git-Repos/CNC-FPGA/Vitis3/CNC-PL-NEW/ps7_cortexa9_0/standalone_domain/bsp/system.mss|system||

TRACE::2026-03-09.17:32:43::SCWMssOS::Sw design exists and opened at  E:/Git-Repos/CNC-FPGA/Vitis3/CNC-PL-FINAL/ps7_cortexa9_0/standalone_domain/bsp/system.mss
TRACE::2026-03-09.17:32:43::SCWPlatform::Trying to open the hw design at E:/Git-Repos/CNC-FPGA/Vitis3/CNC-PL-FINAL/hw/CNC_Top_wrapper.xsa
TRACE::2026-03-09.17:32:43::SCWPlatform::DSA given E:/Git-Repos/CNC-FPGA/Vitis3/CNC-PL-FINAL/hw/CNC_Top_wrapper.xsa
TRACE::2026-03-09.17:32:43::SCWPlatform::DSA absoulate path E:/Git-Repos/CNC-FPGA/Vitis3/CNC-PL-FINAL/hw/CNC_Top_wrapper.xsa
TRACE::2026-03-09.17:32:43::SCWPlatform::DSA directory E:/Git-Repos/CNC-FPGA/Vitis3/CNC-PL-FINAL/hw
TRACE::2026-03-09.17:32:43::SCWPlatform:: Platform Path E:/Git-Repos/CNC-FPGA/Vitis3/CNC-PL-FINAL/hw/CNC_Top_wrapper.xsa
TRACE::2026-03-09.17:32:43::SCWPlatform:: Unique name xilinx:zedboard::0.0
TRACE::2026-03-09.17:32:43::SCWPlatform::Trying to set the existing hwdb with name CNC_Top_wrapper_8
TRACE::2026-03-09.17:32:43::SCWPlatform::Opened existing hwdb CNC_Top_wrapper_8
TRACE::2026-03-09.17:32:43::SCWPlatform::Found the Hw Db part of the input DSA
TRACE::2026-03-09.17:32:43::SCWMssOS::Checking the sw design at  E:/Git-Repos/CNC-FPGA/Vitis3/CNC-PL-FINAL/ps7_cortexa9_0/standalone_domain/bsp/system.mss
TRACE::2026-03-09.17:32:43::SCWMssOS::DEBUG:  swdes dump  E:/Git-Repos/CNC-FPGA/Vitis3/CNC-PL-FINAL/ps7_cortexa9_0/standalone_domain/bsp/system.mss|system_1||
E:/Git-Repos/CNC-FPGA/Vitis3/CNC-PL-FINAL/zynq_fsbl/zynq_fsbl_bsp/system.mss|system_0||
E:/Git-Repos/CNC-FPGA/Vitis3/CNC-PL-NEW/ps7_cortexa9_0/standalone_domain/bsp/system.mss|system||

TRACE::2026-03-09.17:32:43::SCWMssOS::Sw design exists and opened at  E:/Git-Repos/CNC-FPGA/Vitis3/CNC-PL-FINAL/ps7_cortexa9_0/standalone_domain/bsp/system.mss
TRACE::2026-03-09.17:32:43::SCWMssOS::Saving the mss changes E:/Git-Repos/CNC-FPGA/Vitis3/CNC-PL-FINAL/zynq_fsbl/zynq_fsbl_bsp/system.mss
TRACE::2026-03-09.17:32:43::SCWMssOS::Found a swdesign opened with the mssfile.
TRACE::2026-03-09.17:32:43::SCWMssOS::Completed writemss as part of save.
TRACE::2026-03-09.17:32:43::SCWMssOS::Commit changes completed.
TRACE::2026-03-09.17:32:43::SCWMssOS::Saving the mss changes E:/Git-Repos/CNC-FPGA/Vitis3/CNC-PL-FINAL/ps7_cortexa9_0/standalone_domain/bsp/system.mss
TRACE::2026-03-09.17:32:43::SCWMssOS::Found a swdesign opened with the mssfile.
TRACE::2026-03-09.17:32:43::SCWMssOS::Completed writemss as part of save.
TRACE::2026-03-09.17:32:43::SCWMssOS::Commit changes completed.
TRACE::2026-03-09.17:32:43::SCWPlatform::Trying to open the hw design at E:/Git-Repos/CNC-FPGA/Vitis3/CNC-PL-FINAL/hw/CNC_Top_wrapper.xsa
TRACE::2026-03-09.17:32:43::SCWPlatform::DSA given E:/Git-Repos/CNC-FPGA/Vitis3/CNC-PL-FINAL/hw/CNC_Top_wrapper.xsa
TRACE::2026-03-09.17:32:43::SCWPlatform::DSA absoulate path E:/Git-Repos/CNC-FPGA/Vitis3/CNC-PL-FINAL/hw/CNC_Top_wrapper.xsa
TRACE::2026-03-09.17:32:43::SCWPlatform::DSA directory E:/Git-Repos/CNC-FPGA/Vitis3/CNC-PL-FINAL/hw
TRACE::2026-03-09.17:32:43::SCWPlatform:: Platform Path E:/Git-Repos/CNC-FPGA/Vitis3/CNC-PL-FINAL/hw/CNC_Top_wrapper.xsa
TRACE::2026-03-09.17:32:43::SCWPlatform:: Unique name xilinx:zedboard::0.0
TRACE::2026-03-09.17:32:43::SCWPlatform::Trying to set the existing hwdb with name CNC_Top_wrapper_8
TRACE::2026-03-09.17:32:43::SCWPlatform::Opened existing hwdb CNC_Top_wrapper_8
TRACE::2026-03-09.17:32:43::SCWPlatform::Found the Hw Db part of the input DSA
TRACE::2026-03-09.17:32:43::SCWMssOS::Checking the sw design at  E:/Git-Repos/CNC-FPGA/Vitis3/CNC-PL-FINAL/zynq_fsbl/zynq_fsbl_bsp/system.mss
TRACE::2026-03-09.17:32:43::SCWMssOS::DEBUG:  swdes dump  E:/Git-Repos/CNC-FPGA/Vitis3/CNC-PL-FINAL/ps7_cortexa9_0/standalone_domain/bsp/system.mss|system_1||
E:/Git-Repos/CNC-FPGA/Vitis3/CNC-PL-FINAL/zynq_fsbl/zynq_fsbl_bsp/system.mss|system_0||
E:/Git-Repos/CNC-FPGA/Vitis3/CNC-PL-NEW/ps7_cortexa9_0/standalone_domain/bsp/system.mss|system||

TRACE::2026-03-09.17:32:43::SCWMssOS::Sw design exists and opened at  E:/Git-Repos/CNC-FPGA/Vitis3/CNC-PL-FINAL/zynq_fsbl/zynq_fsbl_bsp/system.mss
TRACE::2026-03-09.17:32:43::SCWPlatform::Trying to open the hw design at E:/Git-Repos/CNC-FPGA/Vitis3/CNC-PL-FINAL/hw/CNC_Top_wrapper.xsa
TRACE::2026-03-09.17:32:43::SCWPlatform::DSA given E:/Git-Repos/CNC-FPGA/Vitis3/CNC-PL-FINAL/hw/CNC_Top_wrapper.xsa
TRACE::2026-03-09.17:32:43::SCWPlatform::DSA absoulate path E:/Git-Repos/CNC-FPGA/Vitis3/CNC-PL-FINAL/hw/CNC_Top_wrapper.xsa
TRACE::2026-03-09.17:32:43::SCWPlatform::DSA directory E:/Git-Repos/CNC-FPGA/Vitis3/CNC-PL-FINAL/hw
TRACE::2026-03-09.17:32:43::SCWPlatform:: Platform Path E:/Git-Repos/CNC-FPGA/Vitis3/CNC-PL-FINAL/hw/CNC_Top_wrapper.xsa
TRACE::2026-03-09.17:32:43::SCWPlatform:: Unique name xilinx:zedboard::0.0
TRACE::2026-03-09.17:32:43::SCWPlatform::Trying to set the existing hwdb with name CNC_Top_wrapper_8
TRACE::2026-03-09.17:32:43::SCWPlatform::Opened existing hwdb CNC_Top_wrapper_8
TRACE::2026-03-09.17:32:43::SCWPlatform::Found the Hw Db part of the input DSA
TRACE::2026-03-09.17:32:43::SCWMssOS::Checking the sw design at  E:/Git-Repos/CNC-FPGA/Vitis3/CNC-PL-FINAL/zynq_fsbl/zynq_fsbl_bsp/system.mss
TRACE::2026-03-09.17:32:43::SCWMssOS::DEBUG:  swdes dump  E:/Git-Repos/CNC-FPGA/Vitis3/CNC-PL-FINAL/ps7_cortexa9_0/standalone_domain/bsp/system.mss|system_1||
E:/Git-Repos/CNC-FPGA/Vitis3/CNC-PL-FINAL/zynq_fsbl/zynq_fsbl_bsp/system.mss|system_0||
E:/Git-Repos/CNC-FPGA/Vitis3/CNC-PL-NEW/ps7_cortexa9_0/standalone_domain/bsp/system.mss|system||

TRACE::2026-03-09.17:32:43::SCWMssOS::Sw design exists and opened at  E:/Git-Repos/CNC-FPGA/Vitis3/CNC-PL-FINAL/zynq_fsbl/zynq_fsbl_bsp/system.mss
TRACE::2026-03-09.17:32:43::SCWPlatform::Trying to open the hw design at E:/Git-Repos/CNC-FPGA/Vitis3/CNC-PL-FINAL/hw/CNC_Top_wrapper.xsa
TRACE::2026-03-09.17:32:43::SCWPlatform::DSA given E:/Git-Repos/CNC-FPGA/Vitis3/CNC-PL-FINAL/hw/CNC_Top_wrapper.xsa
TRACE::2026-03-09.17:32:43::SCWPlatform::DSA absoulate path E:/Git-Repos/CNC-FPGA/Vitis3/CNC-PL-FINAL/hw/CNC_Top_wrapper.xsa
TRACE::2026-03-09.17:32:43::SCWPlatform::DSA directory E:/Git-Repos/CNC-FPGA/Vitis3/CNC-PL-FINAL/hw
TRACE::2026-03-09.17:32:43::SCWPlatform:: Platform Path E:/Git-Repos/CNC-FPGA/Vitis3/CNC-PL-FINAL/hw/CNC_Top_wrapper.xsa
TRACE::2026-03-09.17:32:43::SCWPlatform:: Unique name xilinx:zedboard::0.0
TRACE::2026-03-09.17:32:43::SCWPlatform::Trying to set the existing hwdb with name CNC_Top_wrapper_8
TRACE::2026-03-09.17:32:43::SCWPlatform::Opened existing hwdb CNC_Top_wrapper_8
TRACE::2026-03-09.17:32:43::SCWPlatform::Found the Hw Db part of the input DSA
TRACE::2026-03-09.17:32:43::SCWMssOS::Checking the sw design at  E:/Git-Repos/CNC-FPGA/Vitis3/CNC-PL-FINAL/zynq_fsbl/zynq_fsbl_bsp/system.mss
TRACE::2026-03-09.17:32:43::SCWMssOS::DEBUG:  swdes dump  E:/Git-Repos/CNC-FPGA/Vitis3/CNC-PL-FINAL/ps7_cortexa9_0/standalone_domain/bsp/system.mss|system_1||
E:/Git-Repos/CNC-FPGA/Vitis3/CNC-PL-FINAL/zynq_fsbl/zynq_fsbl_bsp/system.mss|system_0||
E:/Git-Repos/CNC-FPGA/Vitis3/CNC-PL-NEW/ps7_cortexa9_0/standalone_domain/bsp/system.mss|system||

TRACE::2026-03-09.17:32:43::SCWMssOS::Sw design exists and opened at  E:/Git-Repos/CNC-FPGA/Vitis3/CNC-PL-FINAL/zynq_fsbl/zynq_fsbl_bsp/system.mss
TRACE::2026-03-09.17:32:43::SCWPlatform::Trying to open the hw design at E:/Git-Repos/CNC-FPGA/Vitis3/CNC-PL-FINAL/hw/CNC_Top_wrapper.xsa
TRACE::2026-03-09.17:32:43::SCWPlatform::DSA given E:/Git-Repos/CNC-FPGA/Vitis3/CNC-PL-FINAL/hw/CNC_Top_wrapper.xsa
TRACE::2026-03-09.17:32:43::SCWPlatform::DSA absoulate path E:/Git-Repos/CNC-FPGA/Vitis3/CNC-PL-FINAL/hw/CNC_Top_wrapper.xsa
TRACE::2026-03-09.17:32:43::SCWPlatform::DSA directory E:/Git-Repos/CNC-FPGA/Vitis3/CNC-PL-FINAL/hw
TRACE::2026-03-09.17:32:43::SCWPlatform:: Platform Path E:/Git-Repos/CNC-FPGA/Vitis3/CNC-PL-FINAL/hw/CNC_Top_wrapper.xsa
TRACE::2026-03-09.17:32:43::SCWPlatform:: Unique name xilinx:zedboard::0.0
TRACE::2026-03-09.17:32:43::SCWPlatform::Trying to set the existing hwdb with name CNC_Top_wrapper_8
TRACE::2026-03-09.17:32:43::SCWPlatform::Opened existing hwdb CNC_Top_wrapper_8
TRACE::2026-03-09.17:32:43::SCWPlatform::Found the Hw Db part of the input DSA
TRACE::2026-03-09.17:32:43::SCWMssOS::Checking the sw design at  E:/Git-Repos/CNC-FPGA/Vitis3/CNC-PL-FINAL/ps7_cortexa9_0/standalone_domain/bsp/system.mss
TRACE::2026-03-09.17:32:43::SCWMssOS::DEBUG:  swdes dump  E:/Git-Repos/CNC-FPGA/Vitis3/CNC-PL-FINAL/ps7_cortexa9_0/standalone_domain/bsp/system.mss|system_1||
E:/Git-Repos/CNC-FPGA/Vitis3/CNC-PL-FINAL/zynq_fsbl/zynq_fsbl_bsp/system.mss|system_0||
E:/Git-Repos/CNC-FPGA/Vitis3/CNC-PL-NEW/ps7_cortexa9_0/standalone_domain/bsp/system.mss|system||

TRACE::2026-03-09.17:32:43::SCWMssOS::Sw design exists and opened at  E:/Git-Repos/CNC-FPGA/Vitis3/CNC-PL-FINAL/ps7_cortexa9_0/standalone_domain/bsp/system.mss
TRACE::2026-03-09.17:32:43::SCWPlatform::Trying to open the hw design at E:/Git-Repos/CNC-FPGA/Vitis3/CNC-PL-FINAL/hw/CNC_Top_wrapper.xsa
TRACE::2026-03-09.17:32:43::SCWPlatform::DSA given E:/Git-Repos/CNC-FPGA/Vitis3/CNC-PL-FINAL/hw/CNC_Top_wrapper.xsa
TRACE::2026-03-09.17:32:43::SCWPlatform::DSA absoulate path E:/Git-Repos/CNC-FPGA/Vitis3/CNC-PL-FINAL/hw/CNC_Top_wrapper.xsa
TRACE::2026-03-09.17:32:43::SCWPlatform::DSA directory E:/Git-Repos/CNC-FPGA/Vitis3/CNC-PL-FINAL/hw
TRACE::2026-03-09.17:32:43::SCWPlatform:: Platform Path E:/Git-Repos/CNC-FPGA/Vitis3/CNC-PL-FINAL/hw/CNC_Top_wrapper.xsa
TRACE::2026-03-09.17:32:43::SCWPlatform:: Unique name xilinx:zedboard::0.0
TRACE::2026-03-09.17:32:43::SCWPlatform::Trying to set the existing hwdb with name CNC_Top_wrapper_8
TRACE::2026-03-09.17:32:43::SCWPlatform::Opened existing hwdb CNC_Top_wrapper_8
TRACE::2026-03-09.17:32:43::SCWPlatform::Found the Hw Db part of the input DSA
TRACE::2026-03-09.17:32:43::SCWMssOS::Checking the sw design at  E:/Git-Repos/CNC-FPGA/Vitis3/CNC-PL-FINAL/ps7_cortexa9_0/standalone_domain/bsp/system.mss
TRACE::2026-03-09.17:32:43::SCWMssOS::DEBUG:  swdes dump  E:/Git-Repos/CNC-FPGA/Vitis3/CNC-PL-FINAL/ps7_cortexa9_0/standalone_domain/bsp/system.mss|system_1||
E:/Git-Repos/CNC-FPGA/Vitis3/CNC-PL-FINAL/zynq_fsbl/zynq_fsbl_bsp/system.mss|system_0||
E:/Git-Repos/CNC-FPGA/Vitis3/CNC-PL-NEW/ps7_cortexa9_0/standalone_domain/bsp/system.mss|system||

TRACE::2026-03-09.17:32:43::SCWMssOS::Sw design exists and opened at  E:/Git-Repos/CNC-FPGA/Vitis3/CNC-PL-FINAL/ps7_cortexa9_0/standalone_domain/bsp/system.mss
TRACE::2026-03-09.17:32:43::SCWPlatform::Trying to open the hw design at E:/Git-Repos/CNC-FPGA/Vitis3/CNC-PL-FINAL/hw/CNC_Top_wrapper.xsa
TRACE::2026-03-09.17:32:43::SCWPlatform::DSA given E:/Git-Repos/CNC-FPGA/Vitis3/CNC-PL-FINAL/hw/CNC_Top_wrapper.xsa
TRACE::2026-03-09.17:32:43::SCWPlatform::DSA absoulate path E:/Git-Repos/CNC-FPGA/Vitis3/CNC-PL-FINAL/hw/CNC_Top_wrapper.xsa
TRACE::2026-03-09.17:32:43::SCWPlatform::DSA directory E:/Git-Repos/CNC-FPGA/Vitis3/CNC-PL-FINAL/hw
TRACE::2026-03-09.17:32:43::SCWPlatform:: Platform Path E:/Git-Repos/CNC-FPGA/Vitis3/CNC-PL-FINAL/hw/CNC_Top_wrapper.xsa
TRACE::2026-03-09.17:32:43::SCWPlatform:: Unique name xilinx:zedboard::0.0
TRACE::2026-03-09.17:32:43::SCWPlatform::Trying to set the existing hwdb with name CNC_Top_wrapper_8
TRACE::2026-03-09.17:32:43::SCWPlatform::Opened existing hwdb CNC_Top_wrapper_8
TRACE::2026-03-09.17:32:43::SCWPlatform::Found the Hw Db part of the input DSA
TRACE::2026-03-09.17:32:43::SCWMssOS::Checking the sw design at  E:/Git-Repos/CNC-FPGA/Vitis3/CNC-PL-FINAL/ps7_cortexa9_0/standalone_domain/bsp/system.mss
TRACE::2026-03-09.17:32:43::SCWMssOS::DEBUG:  swdes dump  E:/Git-Repos/CNC-FPGA/Vitis3/CNC-PL-FINAL/ps7_cortexa9_0/standalone_domain/bsp/system.mss|system_1||
E:/Git-Repos/CNC-FPGA/Vitis3/CNC-PL-FINAL/zynq_fsbl/zynq_fsbl_bsp/system.mss|system_0||
E:/Git-Repos/CNC-FPGA/Vitis3/CNC-PL-NEW/ps7_cortexa9_0/standalone_domain/bsp/system.mss|system||

TRACE::2026-03-09.17:32:43::SCWMssOS::Sw design exists and opened at  E:/Git-Repos/CNC-FPGA/Vitis3/CNC-PL-FINAL/ps7_cortexa9_0/standalone_domain/bsp/system.mss
TRACE::2026-03-09.17:32:43::SCWWriter::formatted JSON is {
	"platformName":	"CNC-PL-FINAL",
	"sprVersion":	"2.0",
	"mode":	"gui",
	"dsaType":	"Fixed",
	"platformDesc":	"CNC-PL-FINAL",
	"platHandOff":	"E:/Git-Repos/CNC-FPGA/Zedboard-CNC/CNC_Top_wrapper.xsa",
	"platIntHandOff":	"<platformDir>/hw/CNC_Top_wrapper.xsa",
	"deviceType":	"zynq",
	"platIsPrebuiltAutogen":	"false",
	"platIsNoBootBsp":	"false",
	"platFsblTarget":	"ps7_cortexa9_0",
	"hasFsblMakeHasChanges":	"false",
	"hasPmufwMakeHasChanges":	"false",
	"fsblExtraCompilerFlags":	"-MMD -MP       -mcpu=cortex-a9 -mfpu=vfpv3 -mfloat-abi=hard ",
	"platPreBuiltFlag":	false,
	"platformSamplesDir":	"",
	"platActiveSys":	"CNC-PL-FINAL",
	"systems":	[{
			"systemName":	"CNC-PL-FINAL",
			"systemDesc":	"CNC-PL-FINAL",
			"sysIsBootAutoGen":	"true",
			"systemDispName":	"CNC-PL-FINAL",
			"sysActiveDom":	"standalone_domain",
			"sysDefaultDom":	"standalone_domain",
			"domains":	[{
					"domainName":	"zynq_fsbl",
					"domainDispName":	"zynq_fsbl",
					"domainDesc":	"FSBL Application BSP - Auto Generated.",
					"processors":	"ps7_cortexa9_0",
					"os":	"standalone",
					"sdxOs":	"standalone",
					"debugEnable":	"",
					"domRuntimes":	["cpp"],
					"swRepo":	"",
					"mssOsVer":	"9.2",
					"mssFile":	"",
					"md5Digest":	"ff454babd09b1b8845f41b216ffb95e0",
					"compatibleApp":	"zynq_fsbl",
					"domType":	"bootDomain",
					"arch":	"32-bit",
					"appSettings":	{
						"appCompilerFlags":	"",
						"appLinkerFlags":	""
					},
					"addedLibs":	["xilffs:5.3", "xilrsa:1.8"],
					"libOptions":	{
						"libsContainingOptions":	[]
					},
					"prebuiltLibs":	{
						"prebuiltIncPath":	[],
						"prebuiltLibPath":	[]
					},
					"isolation":	{
					}
				}, {
					"domainName":	"standalone_domain",
					"domainDispName":	"standalone on ps7_cortexa9_0",
					"domainDesc":	"standalone_domain",
					"processors":	"ps7_cortexa9_0",
					"os":	"standalone",
					"sdxOs":	"standalone",
					"qemuArgs":	"<platformDir>/resources/CNC-PL-FINAL/standalone_domain/qemu_args.txt",
					"qemuData":	"<platformDir>/resources/CNC-PL-FINAL/standalone_domain/qemu",
					"debugEnable":	"False",
					"domRuntimes":	["cpp"],
					"swRepo":	"",
					"mssOsVer":	"9.2",
					"mssFile":	"",
					"md5Digest":	"e4860d8555e07b5c08cde8707d29c764",
					"compatibleApp":	"",
					"domType":	"mssDomain",
					"appSettings":	{
						"appCompilerFlags":	"",
						"appLinkerFlags":	""
					},
					"addedLibs":	[],
					"libOptions":	{
						"libsContainingOptions":	[]
					},
					"prebuiltLibs":	{
						"prebuiltIncPath":	[],
						"prebuiltLibPath":	[]
					},
					"isolation":	{
					}
				}]
		}]
}
TRACE::2026-03-09.17:32:43::SCWMssOS::Saving the mss changes E:/Git-Repos/CNC-FPGA/Vitis3/CNC-PL-FINAL/zynq_fsbl/zynq_fsbl_bsp/system.mss
TRACE::2026-03-09.17:32:43::SCWMssOS::Found a swdesign opened with the mssfile.
TRACE::2026-03-09.17:32:43::SCWMssOS::Completed writemss as part of save.
TRACE::2026-03-09.17:32:43::SCWMssOS::Commit changes completed.
TRACE::2026-03-09.17:32:43::SCWMssOS::Saving the mss changes E:/Git-Repos/CNC-FPGA/Vitis3/CNC-PL-FINAL/ps7_cortexa9_0/standalone_domain/bsp/system.mss
TRACE::2026-03-09.17:32:43::SCWMssOS::Found a swdesign opened with the mssfile.
TRACE::2026-03-09.17:32:43::SCWMssOS::Completed writemss as part of save.
TRACE::2026-03-09.17:32:43::SCWMssOS::Commit changes completed.
TRACE::2026-03-09.17:32:43::SCWPlatform::Trying to open the hw design at E:/Git-Repos/CNC-FPGA/Vitis3/CNC-PL-FINAL/hw/CNC_Top_wrapper.xsa
TRACE::2026-03-09.17:32:43::SCWPlatform::DSA given E:/Git-Repos/CNC-FPGA/Vitis3/CNC-PL-FINAL/hw/CNC_Top_wrapper.xsa
TRACE::2026-03-09.17:32:43::SCWPlatform::DSA absoulate path E:/Git-Repos/CNC-FPGA/Vitis3/CNC-PL-FINAL/hw/CNC_Top_wrapper.xsa
TRACE::2026-03-09.17:32:43::SCWPlatform::DSA directory E:/Git-Repos/CNC-FPGA/Vitis3/CNC-PL-FINAL/hw
TRACE::2026-03-09.17:32:43::SCWPlatform:: Platform Path E:/Git-Repos/CNC-FPGA/Vitis3/CNC-PL-FINAL/hw/CNC_Top_wrapper.xsa
TRACE::2026-03-09.17:32:43::SCWPlatform:: Unique name xilinx:zedboard::0.0
TRACE::2026-03-09.17:32:43::SCWPlatform::Trying to set the existing hwdb with name CNC_Top_wrapper_8
TRACE::2026-03-09.17:32:43::SCWPlatform::Opened existing hwdb CNC_Top_wrapper_8
TRACE::2026-03-09.17:32:43::SCWPlatform::Found the Hw Db part of the input DSA
TRACE::2026-03-09.17:32:43::SCWMssOS::Checking the sw design at  E:/Git-Repos/CNC-FPGA/Vitis3/CNC-PL-FINAL/zynq_fsbl/zynq_fsbl_bsp/system.mss
TRACE::2026-03-09.17:32:43::SCWMssOS::DEBUG:  swdes dump  E:/Git-Repos/CNC-FPGA/Vitis3/CNC-PL-FINAL/ps7_cortexa9_0/standalone_domain/bsp/system.mss|system_1||
E:/Git-Repos/CNC-FPGA/Vitis3/CNC-PL-FINAL/zynq_fsbl/zynq_fsbl_bsp/system.mss|system_0||
E:/Git-Repos/CNC-FPGA/Vitis3/CNC-PL-NEW/ps7_cortexa9_0/standalone_domain/bsp/system.mss|system||

TRACE::2026-03-09.17:32:43::SCWMssOS::Sw design exists and opened at  E:/Git-Repos/CNC-FPGA/Vitis3/CNC-PL-FINAL/zynq_fsbl/zynq_fsbl_bsp/system.mss
TRACE::2026-03-09.17:32:43::SCWPlatform::Trying to open the hw design at E:/Git-Repos/CNC-FPGA/Vitis3/CNC-PL-FINAL/hw/CNC_Top_wrapper.xsa
TRACE::2026-03-09.17:32:43::SCWPlatform::DSA given E:/Git-Repos/CNC-FPGA/Vitis3/CNC-PL-FINAL/hw/CNC_Top_wrapper.xsa
TRACE::2026-03-09.17:32:43::SCWPlatform::DSA absoulate path E:/Git-Repos/CNC-FPGA/Vitis3/CNC-PL-FINAL/hw/CNC_Top_wrapper.xsa
TRACE::2026-03-09.17:32:43::SCWPlatform::DSA directory E:/Git-Repos/CNC-FPGA/Vitis3/CNC-PL-FINAL/hw
TRACE::2026-03-09.17:32:43::SCWPlatform:: Platform Path E:/Git-Repos/CNC-FPGA/Vitis3/CNC-PL-FINAL/hw/CNC_Top_wrapper.xsa
TRACE::2026-03-09.17:32:43::SCWPlatform:: Unique name xilinx:zedboard::0.0
TRACE::2026-03-09.17:32:43::SCWPlatform::Trying to set the existing hwdb with name CNC_Top_wrapper_8
TRACE::2026-03-09.17:32:43::SCWPlatform::Opened existing hwdb CNC_Top_wrapper_8
TRACE::2026-03-09.17:32:43::SCWPlatform::Found the Hw Db part of the input DSA
TRACE::2026-03-09.17:32:43::SCWMssOS::Checking the sw design at  E:/Git-Repos/CNC-FPGA/Vitis3/CNC-PL-FINAL/zynq_fsbl/zynq_fsbl_bsp/system.mss
TRACE::2026-03-09.17:32:43::SCWMssOS::DEBUG:  swdes dump  E:/Git-Repos/CNC-FPGA/Vitis3/CNC-PL-FINAL/ps7_cortexa9_0/standalone_domain/bsp/system.mss|system_1||
E:/Git-Repos/CNC-FPGA/Vitis3/CNC-PL-FINAL/zynq_fsbl/zynq_fsbl_bsp/system.mss|system_0||
E:/Git-Repos/CNC-FPGA/Vitis3/CNC-PL-NEW/ps7_cortexa9_0/standalone_domain/bsp/system.mss|system||

TRACE::2026-03-09.17:32:43::SCWMssOS::Sw design exists and opened at  E:/Git-Repos/CNC-FPGA/Vitis3/CNC-PL-FINAL/zynq_fsbl/zynq_fsbl_bsp/system.mss
TRACE::2026-03-09.17:32:43::SCWPlatform::Trying to open the hw design at E:/Git-Repos/CNC-FPGA/Vitis3/CNC-PL-FINAL/hw/CNC_Top_wrapper.xsa
TRACE::2026-03-09.17:32:43::SCWPlatform::DSA given E:/Git-Repos/CNC-FPGA/Vitis3/CNC-PL-FINAL/hw/CNC_Top_wrapper.xsa
TRACE::2026-03-09.17:32:43::SCWPlatform::DSA absoulate path E:/Git-Repos/CNC-FPGA/Vitis3/CNC-PL-FINAL/hw/CNC_Top_wrapper.xsa
TRACE::2026-03-09.17:32:43::SCWPlatform::DSA directory E:/Git-Repos/CNC-FPGA/Vitis3/CNC-PL-FINAL/hw
TRACE::2026-03-09.17:32:43::SCWPlatform:: Platform Path E:/Git-Repos/CNC-FPGA/Vitis3/CNC-PL-FINAL/hw/CNC_Top_wrapper.xsa
TRACE::2026-03-09.17:32:43::SCWPlatform:: Unique name xilinx:zedboard::0.0
TRACE::2026-03-09.17:32:43::SCWPlatform::Trying to set the existing hwdb with name CNC_Top_wrapper_8
TRACE::2026-03-09.17:32:43::SCWPlatform::Opened existing hwdb CNC_Top_wrapper_8
TRACE::2026-03-09.17:32:43::SCWPlatform::Found the Hw Db part of the input DSA
TRACE::2026-03-09.17:32:43::SCWMssOS::Checking the sw design at  E:/Git-Repos/CNC-FPGA/Vitis3/CNC-PL-FINAL/zynq_fsbl/zynq_fsbl_bsp/system.mss
TRACE::2026-03-09.17:32:43::SCWMssOS::DEBUG:  swdes dump  E:/Git-Repos/CNC-FPGA/Vitis3/CNC-PL-FINAL/ps7_cortexa9_0/standalone_domain/bsp/system.mss|system_1||
E:/Git-Repos/CNC-FPGA/Vitis3/CNC-PL-FINAL/zynq_fsbl/zynq_fsbl_bsp/system.mss|system_0||
E:/Git-Repos/CNC-FPGA/Vitis3/CNC-PL-NEW/ps7_cortexa9_0/standalone_domain/bsp/system.mss|system||

TRACE::2026-03-09.17:32:43::SCWMssOS::Sw design exists and opened at  E:/Git-Repos/CNC-FPGA/Vitis3/CNC-PL-FINAL/zynq_fsbl/zynq_fsbl_bsp/system.mss
TRACE::2026-03-09.17:32:43::SCWPlatform::Trying to open the hw design at E:/Git-Repos/CNC-FPGA/Vitis3/CNC-PL-FINAL/hw/CNC_Top_wrapper.xsa
TRACE::2026-03-09.17:32:43::SCWPlatform::DSA given E:/Git-Repos/CNC-FPGA/Vitis3/CNC-PL-FINAL/hw/CNC_Top_wrapper.xsa
TRACE::2026-03-09.17:32:43::SCWPlatform::DSA absoulate path E:/Git-Repos/CNC-FPGA/Vitis3/CNC-PL-FINAL/hw/CNC_Top_wrapper.xsa
TRACE::2026-03-09.17:32:43::SCWPlatform::DSA directory E:/Git-Repos/CNC-FPGA/Vitis3/CNC-PL-FINAL/hw
TRACE::2026-03-09.17:32:43::SCWPlatform:: Platform Path E:/Git-Repos/CNC-FPGA/Vitis3/CNC-PL-FINAL/hw/CNC_Top_wrapper.xsa
TRACE::2026-03-09.17:32:43::SCWPlatform:: Unique name xilinx:zedboard::0.0
TRACE::2026-03-09.17:32:43::SCWPlatform::Trying to set the existing hwdb with name CNC_Top_wrapper_8
TRACE::2026-03-09.17:32:43::SCWPlatform::Opened existing hwdb CNC_Top_wrapper_8
TRACE::2026-03-09.17:32:43::SCWPlatform::Found the Hw Db part of the input DSA
TRACE::2026-03-09.17:32:43::SCWMssOS::Checking the sw design at  E:/Git-Repos/CNC-FPGA/Vitis3/CNC-PL-FINAL/ps7_cortexa9_0/standalone_domain/bsp/system.mss
TRACE::2026-03-09.17:32:43::SCWMssOS::DEBUG:  swdes dump  E:/Git-Repos/CNC-FPGA/Vitis3/CNC-PL-FINAL/ps7_cortexa9_0/standalone_domain/bsp/system.mss|system_1||
E:/Git-Repos/CNC-FPGA/Vitis3/CNC-PL-FINAL/zynq_fsbl/zynq_fsbl_bsp/system.mss|system_0||
E:/Git-Repos/CNC-FPGA/Vitis3/CNC-PL-NEW/ps7_cortexa9_0/standalone_domain/bsp/system.mss|system||

TRACE::2026-03-09.17:32:43::SCWMssOS::Sw design exists and opened at  E:/Git-Repos/CNC-FPGA/Vitis3/CNC-PL-FINAL/ps7_cortexa9_0/standalone_domain/bsp/system.mss
TRACE::2026-03-09.17:32:43::SCWPlatform::Trying to open the hw design at E:/Git-Repos/CNC-FPGA/Vitis3/CNC-PL-FINAL/hw/CNC_Top_wrapper.xsa
TRACE::2026-03-09.17:32:43::SCWPlatform::DSA given E:/Git-Repos/CNC-FPGA/Vitis3/CNC-PL-FINAL/hw/CNC_Top_wrapper.xsa
TRACE::2026-03-09.17:32:43::SCWPlatform::DSA absoulate path E:/Git-Repos/CNC-FPGA/Vitis3/CNC-PL-FINAL/hw/CNC_Top_wrapper.xsa
TRACE::2026-03-09.17:32:43::SCWPlatform::DSA directory E:/Git-Repos/CNC-FPGA/Vitis3/CNC-PL-FINAL/hw
TRACE::2026-03-09.17:32:43::SCWPlatform:: Platform Path E:/Git-Repos/CNC-FPGA/Vitis3/CNC-PL-FINAL/hw/CNC_Top_wrapper.xsa
TRACE::2026-03-09.17:32:43::SCWPlatform:: Unique name xilinx:zedboard::0.0
TRACE::2026-03-09.17:32:43::SCWPlatform::Trying to set the existing hwdb with name CNC_Top_wrapper_8
TRACE::2026-03-09.17:32:43::SCWPlatform::Opened existing hwdb CNC_Top_wrapper_8
TRACE::2026-03-09.17:32:43::SCWPlatform::Found the Hw Db part of the input DSA
TRACE::2026-03-09.17:32:43::SCWMssOS::Checking the sw design at  E:/Git-Repos/CNC-FPGA/Vitis3/CNC-PL-FINAL/ps7_cortexa9_0/standalone_domain/bsp/system.mss
TRACE::2026-03-09.17:32:43::SCWMssOS::DEBUG:  swdes dump  E:/Git-Repos/CNC-FPGA/Vitis3/CNC-PL-FINAL/ps7_cortexa9_0/standalone_domain/bsp/system.mss|system_1||
E:/Git-Repos/CNC-FPGA/Vitis3/CNC-PL-FINAL/zynq_fsbl/zynq_fsbl_bsp/system.mss|system_0||
E:/Git-Repos/CNC-FPGA/Vitis3/CNC-PL-NEW/ps7_cortexa9_0/standalone_domain/bsp/system.mss|system||

TRACE::2026-03-09.17:32:43::SCWMssOS::Sw design exists and opened at  E:/Git-Repos/CNC-FPGA/Vitis3/CNC-PL-FINAL/ps7_cortexa9_0/standalone_domain/bsp/system.mss
TRACE::2026-03-09.17:32:43::SCWPlatform::Trying to open the hw design at E:/Git-Repos/CNC-FPGA/Vitis3/CNC-PL-FINAL/hw/CNC_Top_wrapper.xsa
TRACE::2026-03-09.17:32:43::SCWPlatform::DSA given E:/Git-Repos/CNC-FPGA/Vitis3/CNC-PL-FINAL/hw/CNC_Top_wrapper.xsa
TRACE::2026-03-09.17:32:43::SCWPlatform::DSA absoulate path E:/Git-Repos/CNC-FPGA/Vitis3/CNC-PL-FINAL/hw/CNC_Top_wrapper.xsa
TRACE::2026-03-09.17:32:43::SCWPlatform::DSA directory E:/Git-Repos/CNC-FPGA/Vitis3/CNC-PL-FINAL/hw
TRACE::2026-03-09.17:32:43::SCWPlatform:: Platform Path E:/Git-Repos/CNC-FPGA/Vitis3/CNC-PL-FINAL/hw/CNC_Top_wrapper.xsa
TRACE::2026-03-09.17:32:43::SCWPlatform:: Unique name xilinx:zedboard::0.0
TRACE::2026-03-09.17:32:43::SCWPlatform::Trying to set the existing hwdb with name CNC_Top_wrapper_8
TRACE::2026-03-09.17:32:43::SCWPlatform::Opened existing hwdb CNC_Top_wrapper_8
TRACE::2026-03-09.17:32:43::SCWPlatform::Found the Hw Db part of the input DSA
TRACE::2026-03-09.17:32:43::SCWMssOS::Checking the sw design at  E:/Git-Repos/CNC-FPGA/Vitis3/CNC-PL-FINAL/ps7_cortexa9_0/standalone_domain/bsp/system.mss
TRACE::2026-03-09.17:32:43::SCWMssOS::DEBUG:  swdes dump  E:/Git-Repos/CNC-FPGA/Vitis3/CNC-PL-FINAL/ps7_cortexa9_0/standalone_domain/bsp/system.mss|system_1||
E:/Git-Repos/CNC-FPGA/Vitis3/CNC-PL-FINAL/zynq_fsbl/zynq_fsbl_bsp/system.mss|system_0||
E:/Git-Repos/CNC-FPGA/Vitis3/CNC-PL-NEW/ps7_cortexa9_0/standalone_domain/bsp/system.mss|system||

TRACE::2026-03-09.17:32:43::SCWMssOS::Sw design exists and opened at  E:/Git-Repos/CNC-FPGA/Vitis3/CNC-PL-FINAL/ps7_cortexa9_0/standalone_domain/bsp/system.mss
TRACE::2026-03-09.17:32:43::SCWWriter::formatted JSON is {
	"platformName":	"CNC-PL-FINAL",
	"sprVersion":	"2.0",
	"mode":	"gui",
	"dsaType":	"Fixed",
	"platformDesc":	"CNC-PL-FINAL",
	"platHandOff":	"E:/Git-Repos/CNC-FPGA/Zedboard-CNC/CNC_Top_wrapper.xsa",
	"platIntHandOff":	"<platformDir>/hw/CNC_Top_wrapper.xsa",
	"deviceType":	"zynq",
	"platIsPrebuiltAutogen":	"false",
	"platIsNoBootBsp":	"false",
	"platFsblTarget":	"ps7_cortexa9_0",
	"hasFsblMakeHasChanges":	"false",
	"hasPmufwMakeHasChanges":	"false",
	"fsblExtraCompilerFlags":	"-MMD -MP       -mcpu=cortex-a9 -mfpu=vfpv3 -mfloat-abi=hard ",
	"platPreBuiltFlag":	false,
	"platformSamplesDir":	"",
	"platActiveSys":	"CNC-PL-FINAL",
	"systems":	[{
			"systemName":	"CNC-PL-FINAL",
			"systemDesc":	"CNC-PL-FINAL",
			"sysIsBootAutoGen":	"true",
			"systemDispName":	"CNC-PL-FINAL",
			"sysActiveDom":	"standalone_domain",
			"sysDefaultDom":	"standalone_domain",
			"domains":	[{
					"domainName":	"zynq_fsbl",
					"domainDispName":	"zynq_fsbl",
					"domainDesc":	"FSBL Application BSP - Auto Generated.",
					"processors":	"ps7_cortexa9_0",
					"os":	"standalone",
					"sdxOs":	"standalone",
					"debugEnable":	"",
					"domRuntimes":	["cpp"],
					"swRepo":	"",
					"mssOsVer":	"9.2",
					"mssFile":	"",
					"md5Digest":	"ff454babd09b1b8845f41b216ffb95e0",
					"compatibleApp":	"zynq_fsbl",
					"domType":	"bootDomain",
					"arch":	"32-bit",
					"appSettings":	{
						"appCompilerFlags":	"",
						"appLinkerFlags":	""
					},
					"addedLibs":	["xilffs:5.3", "xilrsa:1.8"],
					"libOptions":	{
						"libsContainingOptions":	[]
					},
					"prebuiltLibs":	{
						"prebuiltIncPath":	[],
						"prebuiltLibPath":	[]
					},
					"isolation":	{
					}
				}, {
					"domainName":	"standalone_domain",
					"domainDispName":	"standalone on ps7_cortexa9_0",
					"domainDesc":	"standalone_domain",
					"processors":	"ps7_cortexa9_0",
					"os":	"standalone",
					"sdxOs":	"standalone",
					"qemuArgs":	"<platformDir>/resources/CNC-PL-FINAL/standalone_domain/qemu_args.txt",
					"qemuData":	"<platformDir>/resources/CNC-PL-FINAL/standalone_domain/qemu",
					"debugEnable":	"False",
					"domRuntimes":	["cpp"],
					"swRepo":	"",
					"mssOsVer":	"9.2",
					"mssFile":	"",
					"md5Digest":	"e4860d8555e07b5c08cde8707d29c764",
					"compatibleApp":	"",
					"domType":	"mssDomain",
					"appSettings":	{
						"appCompilerFlags":	"",
						"appLinkerFlags":	""
					},
					"addedLibs":	[],
					"libOptions":	{
						"libsContainingOptions":	[]
					},
					"prebuiltLibs":	{
						"prebuiltIncPath":	[],
						"prebuiltLibPath":	[]
					},
					"isolation":	{
					}
				}]
		}]
}
TRACE::2026-03-09.17:32:43::SCWPlatform::Clearing the existing platform
TRACE::2026-03-09.17:32:43::SCWSystem::Clearing the existing sysconfig
TRACE::2026-03-09.17:32:43::SCWBDomain::clearing the fsbl build
TRACE::2026-03-09.17:32:43::SCWMssOS::Removing the swdes entry for  E:/Git-Repos/CNC-FPGA/Vitis3/CNC-PL-FINAL/zynq_fsbl/zynq_fsbl_bsp/system.mss
TRACE::2026-03-09.17:32:43::SCWMssOS::Removing the swdes entry for  E:/Git-Repos/CNC-FPGA/Vitis3/CNC-PL-FINAL/ps7_cortexa9_0/standalone_domain/bsp/system.mss
TRACE::2026-03-09.17:32:43::SCWSystem::Clearing the domains completed.
TRACE::2026-03-09.17:32:43::SCWPlatform::Clearing the opened hw db.
TRACE::2026-03-09.17:32:43::SCWPlatform::DSA given E:/Git-Repos/CNC-FPGA/Vitis3/CNC-PL-FINAL/hw/CNC_Top_wrapper.xsa
TRACE::2026-03-09.17:32:43::SCWPlatform::DSA absoulate path E:/Git-Repos/CNC-FPGA/Vitis3/CNC-PL-FINAL/hw/CNC_Top_wrapper.xsa
TRACE::2026-03-09.17:32:43::SCWPlatform:: Platform location is E:/Git-Repos/CNC-FPGA/Vitis3/CNC-PL-FINAL/hw
TRACE::2026-03-09.17:32:43::SCWPlatform:: Platform Path E:/Git-Repos/CNC-FPGA/Vitis3/CNC-PL-FINAL/hw/CNC_Top_wrapper.xsa
TRACE::2026-03-09.17:32:43::SCWPlatform:: Unique name xilinx:zedboard::0.0
TRACE::2026-03-09.17:32:43::SCWPlatform::Removing the HwDB with name E:/Git-Repos/CNC-FPGA/Vitis3/CNC-PL-FINAL/hw/CNC_Top_wrapper.xsa
TRACE::2026-03-09.17:32:43::SCWPlatform::Trying to open the hw design at E:/Git-Repos/CNC-FPGA/Vitis3/CNC-PL-FINAL/hw/CNC_Top_wrapper.xsa
TRACE::2026-03-09.17:32:43::SCWPlatform::DSA given E:/Git-Repos/CNC-FPGA/Vitis3/CNC-PL-FINAL/hw/CNC_Top_wrapper.xsa
TRACE::2026-03-09.17:32:43::SCWPlatform::DSA absoulate path E:/Git-Repos/CNC-FPGA/Vitis3/CNC-PL-FINAL/hw/CNC_Top_wrapper.xsa
TRACE::2026-03-09.17:32:43::SCWPlatform::DSA directory E:/Git-Repos/CNC-FPGA/Vitis3/CNC-PL-FINAL/hw
TRACE::2026-03-09.17:32:43::SCWPlatform:: Platform Path E:/Git-Repos/CNC-FPGA/Vitis3/CNC-PL-FINAL/hw/CNC_Top_wrapper.xsa
TRACE::2026-03-09.17:32:43::SCWPlatform:: Unique name xilinx:zedboard::0.0
TRACE::2026-03-09.17:32:43::SCWPlatform::Do not have an existing db opened. 
TRACE::2026-03-09.17:32:45::SCWPlatform::Opened new HwDB with name CNC_Top_wrapper_9
TRACE::2026-03-09.17:32:45::SCWReader::Active system found as  CNC-PL-FINAL
TRACE::2026-03-09.17:32:45::SCWReader::Handling sysconfig CNC-PL-FINAL
TRACE::2026-03-09.17:32:45::SCWDomain::checking for install qemu data   : 
TRACE::2026-03-09.17:32:45::SCWDomain:: Using the QEMU Data from install at  : C:/Xilinx/Vitis/2024.2/data/emulation/platforms/zynq/sw/a9_standalone/qemu/
TRACE::2026-03-09.17:32:45::SCWDomain:: Using the QEMU args  from install at  : C:/Xilinx/Vitis/2024.2/data/emulation/platforms/zynq/sw/a9_standalone/qemu/qemu_args.txt
TRACE::2026-03-09.17:32:45::SCWPlatform::Trying to open the hw design at E:/Git-Repos/CNC-FPGA/Vitis3/CNC-PL-FINAL/hw/CNC_Top_wrapper.xsa
TRACE::2026-03-09.17:32:45::SCWPlatform::DSA given E:/Git-Repos/CNC-FPGA/Vitis3/CNC-PL-FINAL/hw/CNC_Top_wrapper.xsa
TRACE::2026-03-09.17:32:45::SCWPlatform::DSA absoulate path E:/Git-Repos/CNC-FPGA/Vitis3/CNC-PL-FINAL/hw/CNC_Top_wrapper.xsa
TRACE::2026-03-09.17:32:45::SCWPlatform::DSA directory E:/Git-Repos/CNC-FPGA/Vitis3/CNC-PL-FINAL/hw
TRACE::2026-03-09.17:32:45::SCWPlatform:: Platform Path E:/Git-Repos/CNC-FPGA/Vitis3/CNC-PL-FINAL/hw/CNC_Top_wrapper.xsa
TRACE::2026-03-09.17:32:45::SCWPlatform:: Unique name xilinx:zedboard::0.0
TRACE::2026-03-09.17:32:45::SCWPlatform::Trying to set the existing hwdb with name CNC_Top_wrapper_9
TRACE::2026-03-09.17:32:45::SCWPlatform::Opened existing hwdb CNC_Top_wrapper_9
TRACE::2026-03-09.17:32:45::SCWPlatform::Found the Hw Db part of the input DSA
TRACE::2026-03-09.17:32:45::SCWPlatform::Trying to open the hw design at E:/Git-Repos/CNC-FPGA/Vitis3/CNC-PL-FINAL/hw/CNC_Top_wrapper.xsa
TRACE::2026-03-09.17:32:45::SCWPlatform::DSA given E:/Git-Repos/CNC-FPGA/Vitis3/CNC-PL-FINAL/hw/CNC_Top_wrapper.xsa
TRACE::2026-03-09.17:32:45::SCWPlatform::DSA absoulate path E:/Git-Repos/CNC-FPGA/Vitis3/CNC-PL-FINAL/hw/CNC_Top_wrapper.xsa
TRACE::2026-03-09.17:32:45::SCWPlatform::DSA directory E:/Git-Repos/CNC-FPGA/Vitis3/CNC-PL-FINAL/hw
TRACE::2026-03-09.17:32:45::SCWPlatform:: Platform Path E:/Git-Repos/CNC-FPGA/Vitis3/CNC-PL-FINAL/hw/CNC_Top_wrapper.xsa
TRACE::2026-03-09.17:32:45::SCWPlatform:: Unique name xilinx:zedboard::0.0
TRACE::2026-03-09.17:32:45::SCWPlatform::Trying to set the existing hwdb with name CNC_Top_wrapper_9
TRACE::2026-03-09.17:32:45::SCWPlatform::Opened existing hwdb CNC_Top_wrapper_9
TRACE::2026-03-09.17:32:45::SCWPlatform::Found the Hw Db part of the input DSA
TRACE::2026-03-09.17:32:45::SCWPlatform::Trying to open the hw design at E:/Git-Repos/CNC-FPGA/Vitis3/CNC-PL-FINAL/hw/CNC_Top_wrapper.xsa
TRACE::2026-03-09.17:32:45::SCWPlatform::DSA given E:/Git-Repos/CNC-FPGA/Vitis3/CNC-PL-FINAL/hw/CNC_Top_wrapper.xsa
TRACE::2026-03-09.17:32:45::SCWPlatform::DSA absoulate path E:/Git-Repos/CNC-FPGA/Vitis3/CNC-PL-FINAL/hw/CNC_Top_wrapper.xsa
TRACE::2026-03-09.17:32:45::SCWPlatform::DSA directory E:/Git-Repos/CNC-FPGA/Vitis3/CNC-PL-FINAL/hw
TRACE::2026-03-09.17:32:45::SCWPlatform:: Platform Path E:/Git-Repos/CNC-FPGA/Vitis3/CNC-PL-FINAL/hw/CNC_Top_wrapper.xsa
TRACE::2026-03-09.17:32:45::SCWPlatform:: Unique name xilinx:zedboard::0.0
TRACE::2026-03-09.17:32:45::SCWPlatform::Trying to set the existing hwdb with name CNC_Top_wrapper_9
TRACE::2026-03-09.17:32:45::SCWPlatform::Opened existing hwdb CNC_Top_wrapper_9
TRACE::2026-03-09.17:32:45::SCWPlatform::Found the Hw Db part of the input DSA
TRACE::2026-03-09.17:32:45::SCWReader::Boot application domain added for zynq_fsbl
TRACE::2026-03-09.17:32:45::SCWPlatform::Trying to open the hw design at E:/Git-Repos/CNC-FPGA/Vitis3/CNC-PL-FINAL/hw/CNC_Top_wrapper.xsa
TRACE::2026-03-09.17:32:45::SCWPlatform::DSA given E:/Git-Repos/CNC-FPGA/Vitis3/CNC-PL-FINAL/hw/CNC_Top_wrapper.xsa
TRACE::2026-03-09.17:32:45::SCWPlatform::DSA absoulate path E:/Git-Repos/CNC-FPGA/Vitis3/CNC-PL-FINAL/hw/CNC_Top_wrapper.xsa
TRACE::2026-03-09.17:32:45::SCWPlatform::DSA directory E:/Git-Repos/CNC-FPGA/Vitis3/CNC-PL-FINAL/hw
TRACE::2026-03-09.17:32:45::SCWPlatform:: Platform Path E:/Git-Repos/CNC-FPGA/Vitis3/CNC-PL-FINAL/hw/CNC_Top_wrapper.xsa
TRACE::2026-03-09.17:32:45::SCWPlatform:: Unique name xilinx:zedboard::0.0
TRACE::2026-03-09.17:32:45::SCWPlatform::Trying to set the existing hwdb with name CNC_Top_wrapper_9
TRACE::2026-03-09.17:32:45::SCWPlatform::Opened existing hwdb CNC_Top_wrapper_9
TRACE::2026-03-09.17:32:45::SCWPlatform::Found the Hw Db part of the input DSA
TRACE::2026-03-09.17:32:45::SCWMssOS::Checking the sw design at  E:/Git-Repos/CNC-FPGA/Vitis3/CNC-PL-FINAL/zynq_fsbl/zynq_fsbl_bsp/system.mss
TRACE::2026-03-09.17:32:45::SCWMssOS::DEBUG:  swdes dump  E:/Git-Repos/CNC-FPGA/Vitis3/CNC-PL-NEW/ps7_cortexa9_0/standalone_domain/bsp/system.mss|system||

TRACE::2026-03-09.17:32:45::SCWMssOS::No sw design opened at  E:/Git-Repos/CNC-FPGA/Vitis3/CNC-PL-FINAL/zynq_fsbl/zynq_fsbl_bsp/system.mss
TRACE::2026-03-09.17:32:45::SCWMssOS::mss exists loading the mss file  E:/Git-Repos/CNC-FPGA/Vitis3/CNC-PL-FINAL/zynq_fsbl/zynq_fsbl_bsp/system.mss
TRACE::2026-03-09.17:32:45::SCWMssOS::Opened the sw design from mss  E:/Git-Repos/CNC-FPGA/Vitis3/CNC-PL-FINAL/zynq_fsbl/zynq_fsbl_bsp/system.mss
TRACE::2026-03-09.17:32:45::SCWMssOS::Adding the swdes entry E:/Git-Repos/CNC-FPGA/Vitis3/CNC-PL-FINAL/zynq_fsbl/zynq_fsbl_bsp/system.mss with des name system_0
TRACE::2026-03-09.17:32:45::SCWMssOS::updating the scw layer about changes
TRACE::2026-03-09.17:32:45::SCWMssOS::Opened the sw design.  E:/Git-Repos/CNC-FPGA/Vitis3/CNC-PL-FINAL/zynq_fsbl/zynq_fsbl_bsp/system.mss
TRACE::2026-03-09.17:32:45::SCWPlatform::Trying to open the hw design at E:/Git-Repos/CNC-FPGA/Vitis3/CNC-PL-FINAL/hw/CNC_Top_wrapper.xsa
TRACE::2026-03-09.17:32:45::SCWPlatform::DSA given E:/Git-Repos/CNC-FPGA/Vitis3/CNC-PL-FINAL/hw/CNC_Top_wrapper.xsa
TRACE::2026-03-09.17:32:45::SCWPlatform::DSA absoulate path E:/Git-Repos/CNC-FPGA/Vitis3/CNC-PL-FINAL/hw/CNC_Top_wrapper.xsa
TRACE::2026-03-09.17:32:45::SCWPlatform::DSA directory E:/Git-Repos/CNC-FPGA/Vitis3/CNC-PL-FINAL/hw
TRACE::2026-03-09.17:32:45::SCWPlatform:: Platform Path E:/Git-Repos/CNC-FPGA/Vitis3/CNC-PL-FINAL/hw/CNC_Top_wrapper.xsa
TRACE::2026-03-09.17:32:45::SCWPlatform:: Unique name xilinx:zedboard::0.0
TRACE::2026-03-09.17:32:45::SCWPlatform::Trying to set the existing hwdb with name CNC_Top_wrapper_9
TRACE::2026-03-09.17:32:45::SCWPlatform::Opened existing hwdb CNC_Top_wrapper_9
TRACE::2026-03-09.17:32:45::SCWPlatform::Found the Hw Db part of the input DSA
TRACE::2026-03-09.17:32:45::SCWMssOS::Checking the sw design at  E:/Git-Repos/CNC-FPGA/Vitis3/CNC-PL-FINAL/zynq_fsbl/zynq_fsbl_bsp/system.mss
TRACE::2026-03-09.17:32:45::SCWMssOS::DEBUG:  swdes dump  E:/Git-Repos/CNC-FPGA/Vitis3/CNC-PL-FINAL/zynq_fsbl/zynq_fsbl_bsp/system.mss|system_0||
E:/Git-Repos/CNC-FPGA/Vitis3/CNC-PL-NEW/ps7_cortexa9_0/standalone_domain/bsp/system.mss|system||

TRACE::2026-03-09.17:32:45::SCWMssOS::Sw design exists and opened at  E:/Git-Repos/CNC-FPGA/Vitis3/CNC-PL-FINAL/zynq_fsbl/zynq_fsbl_bsp/system.mss
TRACE::2026-03-09.17:32:45::SCWMssOS:: library already available in sw design:  xilffs:5.3
TRACE::2026-03-09.17:32:45::SCWPlatform::Trying to open the hw design at E:/Git-Repos/CNC-FPGA/Vitis3/CNC-PL-FINAL/hw/CNC_Top_wrapper.xsa
TRACE::2026-03-09.17:32:45::SCWPlatform::DSA given E:/Git-Repos/CNC-FPGA/Vitis3/CNC-PL-FINAL/hw/CNC_Top_wrapper.xsa
TRACE::2026-03-09.17:32:45::SCWPlatform::DSA absoulate path E:/Git-Repos/CNC-FPGA/Vitis3/CNC-PL-FINAL/hw/CNC_Top_wrapper.xsa
TRACE::2026-03-09.17:32:45::SCWPlatform::DSA directory E:/Git-Repos/CNC-FPGA/Vitis3/CNC-PL-FINAL/hw
TRACE::2026-03-09.17:32:45::SCWPlatform:: Platform Path E:/Git-Repos/CNC-FPGA/Vitis3/CNC-PL-FINAL/hw/CNC_Top_wrapper.xsa
TRACE::2026-03-09.17:32:45::SCWPlatform:: Unique name xilinx:zedboard::0.0
TRACE::2026-03-09.17:32:45::SCWPlatform::Trying to set the existing hwdb with name CNC_Top_wrapper_9
TRACE::2026-03-09.17:32:45::SCWPlatform::Opened existing hwdb CNC_Top_wrapper_9
TRACE::2026-03-09.17:32:45::SCWPlatform::Found the Hw Db part of the input DSA
TRACE::2026-03-09.17:32:45::SCWMssOS::Checking the sw design at  E:/Git-Repos/CNC-FPGA/Vitis3/CNC-PL-FINAL/zynq_fsbl/zynq_fsbl_bsp/system.mss
TRACE::2026-03-09.17:32:45::SCWMssOS::DEBUG:  swdes dump  E:/Git-Repos/CNC-FPGA/Vitis3/CNC-PL-FINAL/zynq_fsbl/zynq_fsbl_bsp/system.mss|system_0||
E:/Git-Repos/CNC-FPGA/Vitis3/CNC-PL-NEW/ps7_cortexa9_0/standalone_domain/bsp/system.mss|system||

TRACE::2026-03-09.17:32:45::SCWMssOS::Sw design exists and opened at  E:/Git-Repos/CNC-FPGA/Vitis3/CNC-PL-FINAL/zynq_fsbl/zynq_fsbl_bsp/system.mss
TRACE::2026-03-09.17:32:45::SCWMssOS:: library already available in sw design:  xilrsa:1.8
TRACE::2026-03-09.17:32:45::SCWMssOS::Saving the mss changes E:/Git-Repos/CNC-FPGA/Vitis3/CNC-PL-FINAL/zynq_fsbl/zynq_fsbl_bsp/system.mss
TRACE::2026-03-09.17:32:45::SCWMssOS::Found a swdesign opened with the mssfile.
TRACE::2026-03-09.17:32:45::SCWMssOS::Completed writemss as part of save.
TRACE::2026-03-09.17:32:45::SCWMssOS::Commit changes completed.
TRACE::2026-03-09.17:32:45::SCWReader::Adding prebuilt librarypaths as   
TRACE::2026-03-09.17:32:45::SCWReader::Adding prebuilt incpaths  as   
TRACE::2026-03-09.17:32:45::SCWPlatform::Trying to open the hw design at E:/Git-Repos/CNC-FPGA/Vitis3/CNC-PL-FINAL/hw/CNC_Top_wrapper.xsa
TRACE::2026-03-09.17:32:45::SCWPlatform::DSA given E:/Git-Repos/CNC-FPGA/Vitis3/CNC-PL-FINAL/hw/CNC_Top_wrapper.xsa
TRACE::2026-03-09.17:32:45::SCWPlatform::DSA absoulate path E:/Git-Repos/CNC-FPGA/Vitis3/CNC-PL-FINAL/hw/CNC_Top_wrapper.xsa
TRACE::2026-03-09.17:32:45::SCWPlatform::DSA directory E:/Git-Repos/CNC-FPGA/Vitis3/CNC-PL-FINAL/hw
TRACE::2026-03-09.17:32:45::SCWPlatform:: Platform Path E:/Git-Repos/CNC-FPGA/Vitis3/CNC-PL-FINAL/hw/CNC_Top_wrapper.xsa
TRACE::2026-03-09.17:32:45::SCWPlatform:: Unique name xilinx:zedboard::0.0
TRACE::2026-03-09.17:32:45::SCWPlatform::Trying to set the existing hwdb with name CNC_Top_wrapper_9
TRACE::2026-03-09.17:32:45::SCWPlatform::Opened existing hwdb CNC_Top_wrapper_9
TRACE::2026-03-09.17:32:45::SCWPlatform::Found the Hw Db part of the input DSA
TRACE::2026-03-09.17:32:45::SCWMssOS::Checking the sw design at  E:/Git-Repos/CNC-FPGA/Vitis3/CNC-PL-FINAL/zynq_fsbl/zynq_fsbl_bsp/system.mss
TRACE::2026-03-09.17:32:45::SCWMssOS::DEBUG:  swdes dump  E:/Git-Repos/CNC-FPGA/Vitis3/CNC-PL-FINAL/zynq_fsbl/zynq_fsbl_bsp/system.mss|system_0||
E:/Git-Repos/CNC-FPGA/Vitis3/CNC-PL-NEW/ps7_cortexa9_0/standalone_domain/bsp/system.mss|system||

TRACE::2026-03-09.17:32:45::SCWMssOS::Sw design exists and opened at  E:/Git-Repos/CNC-FPGA/Vitis3/CNC-PL-FINAL/zynq_fsbl/zynq_fsbl_bsp/system.mss
TRACE::2026-03-09.17:32:45::SCWReader::No isolation master present  
TRACE::2026-03-09.17:32:45::SCWDomain::checking for install qemu data   : 
TRACE::2026-03-09.17:32:45::SCWDomain:: Using the QEMU Data from install at  : C:/Xilinx/Vitis/2024.2/data/emulation/platforms/zynq/sw/a9_standalone/qemu/
TRACE::2026-03-09.17:32:45::SCWDomain:: Using the QEMU args  from install at  : C:/Xilinx/Vitis/2024.2/data/emulation/platforms/zynq/sw/a9_standalone/qemu/qemu_args.txt
TRACE::2026-03-09.17:32:45::SCWPlatform::Trying to open the hw design at E:/Git-Repos/CNC-FPGA/Vitis3/CNC-PL-FINAL/hw/CNC_Top_wrapper.xsa
TRACE::2026-03-09.17:32:45::SCWPlatform::DSA given E:/Git-Repos/CNC-FPGA/Vitis3/CNC-PL-FINAL/hw/CNC_Top_wrapper.xsa
TRACE::2026-03-09.17:32:45::SCWPlatform::DSA absoulate path E:/Git-Repos/CNC-FPGA/Vitis3/CNC-PL-FINAL/hw/CNC_Top_wrapper.xsa
TRACE::2026-03-09.17:32:45::SCWPlatform::DSA directory E:/Git-Repos/CNC-FPGA/Vitis3/CNC-PL-FINAL/hw
TRACE::2026-03-09.17:32:45::SCWPlatform:: Platform Path E:/Git-Repos/CNC-FPGA/Vitis3/CNC-PL-FINAL/hw/CNC_Top_wrapper.xsa
TRACE::2026-03-09.17:32:45::SCWPlatform:: Unique name xilinx:zedboard::0.0
TRACE::2026-03-09.17:32:45::SCWPlatform::Trying to set the existing hwdb with name CNC_Top_wrapper_9
TRACE::2026-03-09.17:32:45::SCWPlatform::Opened existing hwdb CNC_Top_wrapper_9
TRACE::2026-03-09.17:32:45::SCWPlatform::Found the Hw Db part of the input DSA
TRACE::2026-03-09.17:32:45::SCWPlatform::Trying to open the hw design at E:/Git-Repos/CNC-FPGA/Vitis3/CNC-PL-FINAL/hw/CNC_Top_wrapper.xsa
TRACE::2026-03-09.17:32:45::SCWPlatform::DSA given E:/Git-Repos/CNC-FPGA/Vitis3/CNC-PL-FINAL/hw/CNC_Top_wrapper.xsa
TRACE::2026-03-09.17:32:45::SCWPlatform::DSA absoulate path E:/Git-Repos/CNC-FPGA/Vitis3/CNC-PL-FINAL/hw/CNC_Top_wrapper.xsa
TRACE::2026-03-09.17:32:45::SCWPlatform::DSA directory E:/Git-Repos/CNC-FPGA/Vitis3/CNC-PL-FINAL/hw
TRACE::2026-03-09.17:32:45::SCWPlatform:: Platform Path E:/Git-Repos/CNC-FPGA/Vitis3/CNC-PL-FINAL/hw/CNC_Top_wrapper.xsa
TRACE::2026-03-09.17:32:45::SCWPlatform:: Unique name xilinx:zedboard::0.0
TRACE::2026-03-09.17:32:45::SCWPlatform::Trying to set the existing hwdb with name CNC_Top_wrapper_9
TRACE::2026-03-09.17:32:45::SCWPlatform::Opened existing hwdb CNC_Top_wrapper_9
TRACE::2026-03-09.17:32:45::SCWPlatform::Found the Hw Db part of the input DSA
TRACE::2026-03-09.17:32:45::SCWPlatform::Trying to open the hw design at E:/Git-Repos/CNC-FPGA/Vitis3/CNC-PL-FINAL/hw/CNC_Top_wrapper.xsa
TRACE::2026-03-09.17:32:45::SCWPlatform::DSA given E:/Git-Repos/CNC-FPGA/Vitis3/CNC-PL-FINAL/hw/CNC_Top_wrapper.xsa
TRACE::2026-03-09.17:32:45::SCWPlatform::DSA absoulate path E:/Git-Repos/CNC-FPGA/Vitis3/CNC-PL-FINAL/hw/CNC_Top_wrapper.xsa
TRACE::2026-03-09.17:32:45::SCWPlatform::DSA directory E:/Git-Repos/CNC-FPGA/Vitis3/CNC-PL-FINAL/hw
TRACE::2026-03-09.17:32:45::SCWPlatform:: Platform Path E:/Git-Repos/CNC-FPGA/Vitis3/CNC-PL-FINAL/hw/CNC_Top_wrapper.xsa
TRACE::2026-03-09.17:32:45::SCWPlatform:: Unique name xilinx:zedboard::0.0
TRACE::2026-03-09.17:32:45::SCWPlatform::Trying to set the existing hwdb with name CNC_Top_wrapper_9
TRACE::2026-03-09.17:32:45::SCWPlatform::Opened existing hwdb CNC_Top_wrapper_9
TRACE::2026-03-09.17:32:45::SCWPlatform::Found the Hw Db part of the input DSA
TRACE::2026-03-09.17:32:45::SCWMssOS::Checking the sw design at  E:/Git-Repos/CNC-FPGA/Vitis3/CNC-PL-FINAL/ps7_cortexa9_0/standalone_domain/bsp/system.mss
TRACE::2026-03-09.17:32:45::SCWMssOS::DEBUG:  swdes dump  E:/Git-Repos/CNC-FPGA/Vitis3/CNC-PL-FINAL/zynq_fsbl/zynq_fsbl_bsp/system.mss|system_0||
E:/Git-Repos/CNC-FPGA/Vitis3/CNC-PL-NEW/ps7_cortexa9_0/standalone_domain/bsp/system.mss|system||

TRACE::2026-03-09.17:32:45::SCWMssOS::No sw design opened at  E:/Git-Repos/CNC-FPGA/Vitis3/CNC-PL-FINAL/ps7_cortexa9_0/standalone_domain/bsp/system.mss
TRACE::2026-03-09.17:32:45::SCWMssOS::mss exists loading the mss file  E:/Git-Repos/CNC-FPGA/Vitis3/CNC-PL-FINAL/ps7_cortexa9_0/standalone_domain/bsp/system.mss
TRACE::2026-03-09.17:32:45::SCWMssOS::Opened the sw design from mss  E:/Git-Repos/CNC-FPGA/Vitis3/CNC-PL-FINAL/ps7_cortexa9_0/standalone_domain/bsp/system.mss
TRACE::2026-03-09.17:32:45::SCWMssOS::Adding the swdes entry E:/Git-Repos/CNC-FPGA/Vitis3/CNC-PL-FINAL/ps7_cortexa9_0/standalone_domain/bsp/system.mss with des name system_1
TRACE::2026-03-09.17:32:45::SCWMssOS::updating the scw layer about changes
TRACE::2026-03-09.17:32:45::SCWMssOS::Opened the sw design.  E:/Git-Repos/CNC-FPGA/Vitis3/CNC-PL-FINAL/ps7_cortexa9_0/standalone_domain/bsp/system.mss
TRACE::2026-03-09.17:32:45::SCWMssOS::Saving the mss changes E:/Git-Repos/CNC-FPGA/Vitis3/CNC-PL-FINAL/ps7_cortexa9_0/standalone_domain/bsp/system.mss
TRACE::2026-03-09.17:32:45::SCWMssOS::Found a swdesign opened with the mssfile.
TRACE::2026-03-09.17:32:45::SCWMssOS::Completed writemss as part of save.
TRACE::2026-03-09.17:32:45::SCWMssOS::Commit changes completed.
TRACE::2026-03-09.17:32:45::SCWReader::Adding prebuilt librarypaths as   
TRACE::2026-03-09.17:32:45::SCWReader::Adding prebuilt incpaths  as   
TRACE::2026-03-09.17:32:45::SCWPlatform::Trying to open the hw design at E:/Git-Repos/CNC-FPGA/Vitis3/CNC-PL-FINAL/hw/CNC_Top_wrapper.xsa
TRACE::2026-03-09.17:32:45::SCWPlatform::DSA given E:/Git-Repos/CNC-FPGA/Vitis3/CNC-PL-FINAL/hw/CNC_Top_wrapper.xsa
TRACE::2026-03-09.17:32:45::SCWPlatform::DSA absoulate path E:/Git-Repos/CNC-FPGA/Vitis3/CNC-PL-FINAL/hw/CNC_Top_wrapper.xsa
TRACE::2026-03-09.17:32:45::SCWPlatform::DSA directory E:/Git-Repos/CNC-FPGA/Vitis3/CNC-PL-FINAL/hw
TRACE::2026-03-09.17:32:45::SCWPlatform:: Platform Path E:/Git-Repos/CNC-FPGA/Vitis3/CNC-PL-FINAL/hw/CNC_Top_wrapper.xsa
TRACE::2026-03-09.17:32:45::SCWPlatform:: Unique name xilinx:zedboard::0.0
TRACE::2026-03-09.17:32:45::SCWPlatform::Trying to set the existing hwdb with name CNC_Top_wrapper_9
TRACE::2026-03-09.17:32:45::SCWPlatform::Opened existing hwdb CNC_Top_wrapper_9
TRACE::2026-03-09.17:32:45::SCWPlatform::Found the Hw Db part of the input DSA
TRACE::2026-03-09.17:32:45::SCWMssOS::Checking the sw design at  E:/Git-Repos/CNC-FPGA/Vitis3/CNC-PL-FINAL/ps7_cortexa9_0/standalone_domain/bsp/system.mss
TRACE::2026-03-09.17:32:45::SCWMssOS::DEBUG:  swdes dump  E:/Git-Repos/CNC-FPGA/Vitis3/CNC-PL-FINAL/ps7_cortexa9_0/standalone_domain/bsp/system.mss|system_1||
E:/Git-Repos/CNC-FPGA/Vitis3/CNC-PL-FINAL/zynq_fsbl/zynq_fsbl_bsp/system.mss|system_0||
E:/Git-Repos/CNC-FPGA/Vitis3/CNC-PL-NEW/ps7_cortexa9_0/standalone_domain/bsp/system.mss|system||

TRACE::2026-03-09.17:32:45::SCWMssOS::Sw design exists and opened at  E:/Git-Repos/CNC-FPGA/Vitis3/CNC-PL-FINAL/ps7_cortexa9_0/standalone_domain/bsp/system.mss
TRACE::2026-03-09.17:32:45::SCWReader::No isolation master present  
TRACE::2026-03-09.17:32:53::SCWPlatform::Trying to open the hw design at E:/Git-Repos/CNC-FPGA/Vitis3/CNC-PL-FINAL/hw/CNC_Top_wrapper.xsa
TRACE::2026-03-09.17:32:53::SCWPlatform::DSA given E:/Git-Repos/CNC-FPGA/Vitis3/CNC-PL-FINAL/hw/CNC_Top_wrapper.xsa
TRACE::2026-03-09.17:32:53::SCWPlatform::DSA absoulate path E:/Git-Repos/CNC-FPGA/Vitis3/CNC-PL-FINAL/hw/CNC_Top_wrapper.xsa
TRACE::2026-03-09.17:32:53::SCWPlatform::DSA directory E:/Git-Repos/CNC-FPGA/Vitis3/CNC-PL-FINAL/hw
TRACE::2026-03-09.17:32:53::SCWPlatform:: Platform Path E:/Git-Repos/CNC-FPGA/Vitis3/CNC-PL-FINAL/hw/CNC_Top_wrapper.xsa
TRACE::2026-03-09.17:32:53::SCWPlatform:: Unique name xilinx:zedboard::0.0
TRACE::2026-03-09.17:32:53::SCWPlatform::Trying to set the existing hwdb with name CNC_Top_wrapper_9
TRACE::2026-03-09.17:32:53::SCWPlatform::Opened existing hwdb CNC_Top_wrapper_9
TRACE::2026-03-09.17:32:53::SCWPlatform::Found the Hw Db part of the input DSA
TRACE::2026-03-09.17:32:53::SCWMssOS::Checking the sw design at  E:/Git-Repos/CNC-FPGA/Vitis3/CNC-PL-FINAL/zynq_fsbl/zynq_fsbl_bsp/system.mss
TRACE::2026-03-09.17:32:53::SCWMssOS::DEBUG:  swdes dump  E:/Git-Repos/CNC-FPGA/Vitis3/CNC-PL-FINAL/ps7_cortexa9_0/standalone_domain/bsp/system.mss|system_1||
E:/Git-Repos/CNC-FPGA/Vitis3/CNC-PL-FINAL/zynq_fsbl/zynq_fsbl_bsp/system.mss|system_0||
E:/Git-Repos/CNC-FPGA/Vitis3/CNC-PL-NEW/ps7_cortexa9_0/standalone_domain/bsp/system.mss|system||

TRACE::2026-03-09.17:32:53::SCWMssOS::Sw design exists and opened at  E:/Git-Repos/CNC-FPGA/Vitis3/CNC-PL-FINAL/zynq_fsbl/zynq_fsbl_bsp/system.mss
TRACE::2026-03-09.17:32:53::SCWMssOS::In reload Mss file.
TRACE::2026-03-09.17:32:53::SCWPlatform::Trying to open the hw design at E:/Git-Repos/CNC-FPGA/Vitis3/CNC-PL-FINAL/hw/CNC_Top_wrapper.xsa
TRACE::2026-03-09.17:32:53::SCWPlatform::DSA given E:/Git-Repos/CNC-FPGA/Vitis3/CNC-PL-FINAL/hw/CNC_Top_wrapper.xsa
TRACE::2026-03-09.17:32:53::SCWPlatform::DSA absoulate path E:/Git-Repos/CNC-FPGA/Vitis3/CNC-PL-FINAL/hw/CNC_Top_wrapper.xsa
TRACE::2026-03-09.17:32:53::SCWPlatform::DSA directory E:/Git-Repos/CNC-FPGA/Vitis3/CNC-PL-FINAL/hw
TRACE::2026-03-09.17:32:53::SCWPlatform:: Platform Path E:/Git-Repos/CNC-FPGA/Vitis3/CNC-PL-FINAL/hw/CNC_Top_wrapper.xsa
TRACE::2026-03-09.17:32:53::SCWPlatform:: Unique name xilinx:zedboard::0.0
TRACE::2026-03-09.17:32:53::SCWPlatform::Trying to set the existing hwdb with name CNC_Top_wrapper_9
TRACE::2026-03-09.17:32:53::SCWPlatform::Opened existing hwdb CNC_Top_wrapper_9
TRACE::2026-03-09.17:32:53::SCWPlatform::Found the Hw Db part of the input DSA
TRACE::2026-03-09.17:32:53::SCWMssOS::Checking the sw design at  E:/Git-Repos/CNC-FPGA/Vitis3/CNC-PL-FINAL/zynq_fsbl/zynq_fsbl_bsp/system.mss
TRACE::2026-03-09.17:32:53::SCWMssOS::DEBUG:  swdes dump  E:/Git-Repos/CNC-FPGA/Vitis3/CNC-PL-FINAL/ps7_cortexa9_0/standalone_domain/bsp/system.mss|system_1||
E:/Git-Repos/CNC-FPGA/Vitis3/CNC-PL-NEW/ps7_cortexa9_0/standalone_domain/bsp/system.mss|system||

TRACE::2026-03-09.17:32:53::SCWMssOS::No sw design opened at  E:/Git-Repos/CNC-FPGA/Vitis3/CNC-PL-FINAL/zynq_fsbl/zynq_fsbl_bsp/system.mss
TRACE::2026-03-09.17:32:53::SCWMssOS::mss exists loading the mss file  E:/Git-Repos/CNC-FPGA/Vitis3/CNC-PL-FINAL/zynq_fsbl/zynq_fsbl_bsp/system.mss
TRACE::2026-03-09.17:32:53::SCWMssOS::Opened the sw design from mss  E:/Git-Repos/CNC-FPGA/Vitis3/CNC-PL-FINAL/zynq_fsbl/zynq_fsbl_bsp/system.mss
TRACE::2026-03-09.17:32:53::SCWMssOS::Adding the swdes entry E:/Git-Repos/CNC-FPGA/Vitis3/CNC-PL-FINAL/zynq_fsbl/zynq_fsbl_bsp/system.mss with des name system_0
TRACE::2026-03-09.17:32:53::SCWMssOS::updating the scw layer about changes
TRACE::2026-03-09.17:32:53::SCWMssOS::Opened the sw design.  E:/Git-Repos/CNC-FPGA/Vitis3/CNC-PL-FINAL/zynq_fsbl/zynq_fsbl_bsp/system.mss
TRACE::2026-03-09.17:32:53::SCWPlatform::Trying to open the hw design at E:/Git-Repos/CNC-FPGA/Vitis3/CNC-PL-FINAL/hw/CNC_Top_wrapper.xsa
TRACE::2026-03-09.17:32:53::SCWPlatform::DSA given E:/Git-Repos/CNC-FPGA/Vitis3/CNC-PL-FINAL/hw/CNC_Top_wrapper.xsa
TRACE::2026-03-09.17:32:53::SCWPlatform::DSA absoulate path E:/Git-Repos/CNC-FPGA/Vitis3/CNC-PL-FINAL/hw/CNC_Top_wrapper.xsa
TRACE::2026-03-09.17:32:53::SCWPlatform::DSA directory E:/Git-Repos/CNC-FPGA/Vitis3/CNC-PL-FINAL/hw
TRACE::2026-03-09.17:32:53::SCWPlatform:: Platform Path E:/Git-Repos/CNC-FPGA/Vitis3/CNC-PL-FINAL/hw/CNC_Top_wrapper.xsa
TRACE::2026-03-09.17:32:53::SCWPlatform:: Unique name xilinx:zedboard::0.0
TRACE::2026-03-09.17:32:53::SCWPlatform::Trying to set the existing hwdb with name CNC_Top_wrapper_9
TRACE::2026-03-09.17:32:53::SCWPlatform::Opened existing hwdb CNC_Top_wrapper_9
TRACE::2026-03-09.17:32:53::SCWPlatform::Found the Hw Db part of the input DSA
TRACE::2026-03-09.17:32:53::SCWMssOS::Checking the sw design at  E:/Git-Repos/CNC-FPGA/Vitis3/CNC-PL-FINAL/zynq_fsbl/zynq_fsbl_bsp/system.mss
TRACE::2026-03-09.17:32:53::SCWMssOS::DEBUG:  swdes dump  E:/Git-Repos/CNC-FPGA/Vitis3/CNC-PL-FINAL/ps7_cortexa9_0/standalone_domain/bsp/system.mss|system_1||
E:/Git-Repos/CNC-FPGA/Vitis3/CNC-PL-FINAL/zynq_fsbl/zynq_fsbl_bsp/system.mss|system_0||
E:/Git-Repos/CNC-FPGA/Vitis3/CNC-PL-NEW/ps7_cortexa9_0/standalone_domain/bsp/system.mss|system||

TRACE::2026-03-09.17:32:53::SCWMssOS::Sw design exists and opened at  E:/Git-Repos/CNC-FPGA/Vitis3/CNC-PL-FINAL/zynq_fsbl/zynq_fsbl_bsp/system.mss
TRACE::2026-03-09.17:32:53::SCWMssOS:: library already available in sw design:  xilffs:5.3
TRACE::2026-03-09.17:32:53::SCWPlatform::Trying to open the hw design at E:/Git-Repos/CNC-FPGA/Vitis3/CNC-PL-FINAL/hw/CNC_Top_wrapper.xsa
TRACE::2026-03-09.17:32:53::SCWPlatform::DSA given E:/Git-Repos/CNC-FPGA/Vitis3/CNC-PL-FINAL/hw/CNC_Top_wrapper.xsa
TRACE::2026-03-09.17:32:53::SCWPlatform::DSA absoulate path E:/Git-Repos/CNC-FPGA/Vitis3/CNC-PL-FINAL/hw/CNC_Top_wrapper.xsa
TRACE::2026-03-09.17:32:53::SCWPlatform::DSA directory E:/Git-Repos/CNC-FPGA/Vitis3/CNC-PL-FINAL/hw
TRACE::2026-03-09.17:32:53::SCWPlatform:: Platform Path E:/Git-Repos/CNC-FPGA/Vitis3/CNC-PL-FINAL/hw/CNC_Top_wrapper.xsa
TRACE::2026-03-09.17:32:53::SCWPlatform:: Unique name xilinx:zedboard::0.0
TRACE::2026-03-09.17:32:53::SCWPlatform::Trying to set the existing hwdb with name CNC_Top_wrapper_9
TRACE::2026-03-09.17:32:53::SCWPlatform::Opened existing hwdb CNC_Top_wrapper_9
TRACE::2026-03-09.17:32:53::SCWPlatform::Found the Hw Db part of the input DSA
TRACE::2026-03-09.17:32:53::SCWMssOS::Checking the sw design at  E:/Git-Repos/CNC-FPGA/Vitis3/CNC-PL-FINAL/zynq_fsbl/zynq_fsbl_bsp/system.mss
TRACE::2026-03-09.17:32:53::SCWMssOS::DEBUG:  swdes dump  E:/Git-Repos/CNC-FPGA/Vitis3/CNC-PL-FINAL/ps7_cortexa9_0/standalone_domain/bsp/system.mss|system_1||
E:/Git-Repos/CNC-FPGA/Vitis3/CNC-PL-FINAL/zynq_fsbl/zynq_fsbl_bsp/system.mss|system_0||
E:/Git-Repos/CNC-FPGA/Vitis3/CNC-PL-NEW/ps7_cortexa9_0/standalone_domain/bsp/system.mss|system||

TRACE::2026-03-09.17:32:53::SCWMssOS::Sw design exists and opened at  E:/Git-Repos/CNC-FPGA/Vitis3/CNC-PL-FINAL/zynq_fsbl/zynq_fsbl_bsp/system.mss
TRACE::2026-03-09.17:32:53::SCWMssOS:: library already available in sw design:  xilrsa:1.8
TRACE::2026-03-09.17:32:53::SCWMssOS::Saving the mss changes E:/Git-Repos/CNC-FPGA/Vitis3/CNC-PL-FINAL/zynq_fsbl/zynq_fsbl_bsp/system.mss
TRACE::2026-03-09.17:32:53::SCWMssOS::Found a swdesign opened with the mssfile.
TRACE::2026-03-09.17:32:53::SCWMssOS::Completed writemss as part of save.
TRACE::2026-03-09.17:32:53::SCWMssOS::Commit changes completed.
TRACE::2026-03-09.17:32:53::SCWPlatform::Trying to open the hw design at E:/Git-Repos/CNC-FPGA/Vitis3/CNC-PL-FINAL/hw/CNC_Top_wrapper.xsa
TRACE::2026-03-09.17:32:53::SCWPlatform::DSA given E:/Git-Repos/CNC-FPGA/Vitis3/CNC-PL-FINAL/hw/CNC_Top_wrapper.xsa
TRACE::2026-03-09.17:32:53::SCWPlatform::DSA absoulate path E:/Git-Repos/CNC-FPGA/Vitis3/CNC-PL-FINAL/hw/CNC_Top_wrapper.xsa
TRACE::2026-03-09.17:32:53::SCWPlatform::DSA directory E:/Git-Repos/CNC-FPGA/Vitis3/CNC-PL-FINAL/hw
TRACE::2026-03-09.17:32:53::SCWPlatform:: Platform Path E:/Git-Repos/CNC-FPGA/Vitis3/CNC-PL-FINAL/hw/CNC_Top_wrapper.xsa
TRACE::2026-03-09.17:32:53::SCWPlatform:: Unique name xilinx:zedboard::0.0
TRACE::2026-03-09.17:32:53::SCWPlatform::Trying to set the existing hwdb with name CNC_Top_wrapper_9
TRACE::2026-03-09.17:32:53::SCWPlatform::Opened existing hwdb CNC_Top_wrapper_9
TRACE::2026-03-09.17:32:53::SCWPlatform::Found the Hw Db part of the input DSA
TRACE::2026-03-09.17:32:53::SCWMssOS::Checking the sw design at  E:/Git-Repos/CNC-FPGA/Vitis3/CNC-PL-FINAL/zynq_fsbl/zynq_fsbl_bsp/system.mss
TRACE::2026-03-09.17:32:53::SCWMssOS::DEBUG:  swdes dump  E:/Git-Repos/CNC-FPGA/Vitis3/CNC-PL-FINAL/ps7_cortexa9_0/standalone_domain/bsp/system.mss|system_1||
E:/Git-Repos/CNC-FPGA/Vitis3/CNC-PL-FINAL/zynq_fsbl/zynq_fsbl_bsp/system.mss|system_0||
E:/Git-Repos/CNC-FPGA/Vitis3/CNC-PL-NEW/ps7_cortexa9_0/standalone_domain/bsp/system.mss|system||

TRACE::2026-03-09.17:32:53::SCWMssOS::Sw design exists and opened at  E:/Git-Repos/CNC-FPGA/Vitis3/CNC-PL-FINAL/zynq_fsbl/zynq_fsbl_bsp/system.mss
TRACE::2026-03-09.17:32:53::SCWMssOS::Removing the swdes entry for  E:/Git-Repos/CNC-FPGA/Vitis3/CNC-PL-FINAL/zynq_fsbl/zynq_fsbl_bsp/system.mss
TRACE::2026-03-09.17:32:54::SCWPlatform::Trying to open the hw design at E:/Git-Repos/CNC-FPGA/Vitis3/CNC-PL-FINAL/hw/CNC_Top_wrapper.xsa
TRACE::2026-03-09.17:32:54::SCWPlatform::DSA given E:/Git-Repos/CNC-FPGA/Vitis3/CNC-PL-FINAL/hw/CNC_Top_wrapper.xsa
TRACE::2026-03-09.17:32:54::SCWPlatform::DSA absoulate path E:/Git-Repos/CNC-FPGA/Vitis3/CNC-PL-FINAL/hw/CNC_Top_wrapper.xsa
TRACE::2026-03-09.17:32:54::SCWPlatform::DSA directory E:/Git-Repos/CNC-FPGA/Vitis3/CNC-PL-FINAL/hw
TRACE::2026-03-09.17:32:54::SCWPlatform:: Platform Path E:/Git-Repos/CNC-FPGA/Vitis3/CNC-PL-FINAL/hw/CNC_Top_wrapper.xsa
TRACE::2026-03-09.17:32:54::SCWPlatform:: Unique name xilinx:zedboard::0.0
TRACE::2026-03-09.17:32:54::SCWPlatform::Trying to set the existing hwdb with name CNC_Top_wrapper_9
TRACE::2026-03-09.17:32:54::SCWPlatform::Opened existing hwdb CNC_Top_wrapper_9
TRACE::2026-03-09.17:32:54::SCWPlatform::Found the Hw Db part of the input DSA
TRACE::2026-03-09.17:32:54::SCWMssOS::Checking the sw design at  E:/Git-Repos/CNC-FPGA/Vitis3/CNC-PL-FINAL/zynq_fsbl/zynq_fsbl_bsp/system.mss
TRACE::2026-03-09.17:32:54::SCWMssOS::DEBUG:  swdes dump  E:/Git-Repos/CNC-FPGA/Vitis3/CNC-PL-FINAL/ps7_cortexa9_0/standalone_domain/bsp/system.mss|system_1||
E:/Git-Repos/CNC-FPGA/Vitis3/CNC-PL-NEW/ps7_cortexa9_0/standalone_domain/bsp/system.mss|system||

TRACE::2026-03-09.17:32:54::SCWMssOS::No sw design opened at  E:/Git-Repos/CNC-FPGA/Vitis3/CNC-PL-FINAL/zynq_fsbl/zynq_fsbl_bsp/system.mss
TRACE::2026-03-09.17:32:54::SCWMssOS::mss exists loading the mss file  E:/Git-Repos/CNC-FPGA/Vitis3/CNC-PL-FINAL/zynq_fsbl/zynq_fsbl_bsp/system.mss
TRACE::2026-03-09.17:32:54::SCWMssOS::Opened the sw design from mss  E:/Git-Repos/CNC-FPGA/Vitis3/CNC-PL-FINAL/zynq_fsbl/zynq_fsbl_bsp/system.mss
TRACE::2026-03-09.17:32:54::SCWMssOS::Adding the swdes entry E:/Git-Repos/CNC-FPGA/Vitis3/CNC-PL-FINAL/zynq_fsbl/zynq_fsbl_bsp/system.mss with des name system_0
TRACE::2026-03-09.17:32:54::SCWMssOS::updating the scw layer about changes
TRACE::2026-03-09.17:32:54::SCWMssOS::Opened the sw design.  E:/Git-Repos/CNC-FPGA/Vitis3/CNC-PL-FINAL/zynq_fsbl/zynq_fsbl_bsp/system.mss
TRACE::2026-03-09.17:32:58::SCWMssOS::Saving the mss changes E:/Git-Repos/CNC-FPGA/Vitis3/CNC-PL-FINAL/zynq_fsbl/zynq_fsbl_bsp/system.mss
TRACE::2026-03-09.17:32:58::SCWMssOS::Found a swdesign opened with the mssfile.
TRACE::2026-03-09.17:32:58::SCWMssOS::Completed writemss as part of save.
TRACE::2026-03-09.17:32:58::SCWMssOS::Commit changes completed.
TRACE::2026-03-09.17:32:58::SCWMssOS::Saving the mss changes E:/Git-Repos/CNC-FPGA/Vitis3/CNC-PL-FINAL/ps7_cortexa9_0/standalone_domain/bsp/system.mss
TRACE::2026-03-09.17:32:58::SCWMssOS::Found a swdesign opened with the mssfile.
TRACE::2026-03-09.17:32:58::SCWMssOS::Completed writemss as part of save.
TRACE::2026-03-09.17:32:58::SCWMssOS::Commit changes completed.
TRACE::2026-03-09.17:32:58::SCWPlatform::Trying to open the hw design at E:/Git-Repos/CNC-FPGA/Vitis3/CNC-PL-FINAL/hw/CNC_Top_wrapper.xsa
TRACE::2026-03-09.17:32:58::SCWPlatform::DSA given E:/Git-Repos/CNC-FPGA/Vitis3/CNC-PL-FINAL/hw/CNC_Top_wrapper.xsa
TRACE::2026-03-09.17:32:58::SCWPlatform::DSA absoulate path E:/Git-Repos/CNC-FPGA/Vitis3/CNC-PL-FINAL/hw/CNC_Top_wrapper.xsa
TRACE::2026-03-09.17:32:58::SCWPlatform::DSA directory E:/Git-Repos/CNC-FPGA/Vitis3/CNC-PL-FINAL/hw
TRACE::2026-03-09.17:32:58::SCWPlatform:: Platform Path E:/Git-Repos/CNC-FPGA/Vitis3/CNC-PL-FINAL/hw/CNC_Top_wrapper.xsa
TRACE::2026-03-09.17:32:58::SCWPlatform:: Unique name xilinx:zedboard::0.0
TRACE::2026-03-09.17:32:58::SCWPlatform::Trying to set the existing hwdb with name CNC_Top_wrapper_9
TRACE::2026-03-09.17:32:58::SCWPlatform::Opened existing hwdb CNC_Top_wrapper_9
TRACE::2026-03-09.17:32:58::SCWPlatform::Found the Hw Db part of the input DSA
TRACE::2026-03-09.17:32:58::SCWMssOS::Checking the sw design at  E:/Git-Repos/CNC-FPGA/Vitis3/CNC-PL-FINAL/zynq_fsbl/zynq_fsbl_bsp/system.mss
TRACE::2026-03-09.17:32:58::SCWMssOS::DEBUG:  swdes dump  E:/Git-Repos/CNC-FPGA/Vitis3/CNC-PL-FINAL/ps7_cortexa9_0/standalone_domain/bsp/system.mss|system_1||
E:/Git-Repos/CNC-FPGA/Vitis3/CNC-PL-FINAL/zynq_fsbl/zynq_fsbl_bsp/system.mss|system_0||
E:/Git-Repos/CNC-FPGA/Vitis3/CNC-PL-NEW/ps7_cortexa9_0/standalone_domain/bsp/system.mss|system||

TRACE::2026-03-09.17:32:58::SCWMssOS::Sw design exists and opened at  E:/Git-Repos/CNC-FPGA/Vitis3/CNC-PL-FINAL/zynq_fsbl/zynq_fsbl_bsp/system.mss
TRACE::2026-03-09.17:32:58::SCWPlatform::Trying to open the hw design at E:/Git-Repos/CNC-FPGA/Vitis3/CNC-PL-FINAL/hw/CNC_Top_wrapper.xsa
TRACE::2026-03-09.17:32:58::SCWPlatform::DSA given E:/Git-Repos/CNC-FPGA/Vitis3/CNC-PL-FINAL/hw/CNC_Top_wrapper.xsa
TRACE::2026-03-09.17:32:58::SCWPlatform::DSA absoulate path E:/Git-Repos/CNC-FPGA/Vitis3/CNC-PL-FINAL/hw/CNC_Top_wrapper.xsa
TRACE::2026-03-09.17:32:58::SCWPlatform::DSA directory E:/Git-Repos/CNC-FPGA/Vitis3/CNC-PL-FINAL/hw
TRACE::2026-03-09.17:32:58::SCWPlatform:: Platform Path E:/Git-Repos/CNC-FPGA/Vitis3/CNC-PL-FINAL/hw/CNC_Top_wrapper.xsa
TRACE::2026-03-09.17:32:58::SCWPlatform:: Unique name xilinx:zedboard::0.0
TRACE::2026-03-09.17:32:58::SCWPlatform::Trying to set the existing hwdb with name CNC_Top_wrapper_9
TRACE::2026-03-09.17:32:58::SCWPlatform::Opened existing hwdb CNC_Top_wrapper_9
TRACE::2026-03-09.17:32:58::SCWPlatform::Found the Hw Db part of the input DSA
TRACE::2026-03-09.17:32:58::SCWMssOS::Checking the sw design at  E:/Git-Repos/CNC-FPGA/Vitis3/CNC-PL-FINAL/ps7_cortexa9_0/standalone_domain/bsp/system.mss
TRACE::2026-03-09.17:32:58::SCWMssOS::DEBUG:  swdes dump  E:/Git-Repos/CNC-FPGA/Vitis3/CNC-PL-FINAL/ps7_cortexa9_0/standalone_domain/bsp/system.mss|system_1||
E:/Git-Repos/CNC-FPGA/Vitis3/CNC-PL-FINAL/zynq_fsbl/zynq_fsbl_bsp/system.mss|system_0||
E:/Git-Repos/CNC-FPGA/Vitis3/CNC-PL-NEW/ps7_cortexa9_0/standalone_domain/bsp/system.mss|system||

TRACE::2026-03-09.17:32:58::SCWMssOS::Sw design exists and opened at  E:/Git-Repos/CNC-FPGA/Vitis3/CNC-PL-FINAL/ps7_cortexa9_0/standalone_domain/bsp/system.mss
TRACE::2026-03-09.17:32:58::SCWWriter::formatted JSON is {
	"platformName":	"CNC-PL-FINAL",
	"sprVersion":	"2.0",
	"mode":	"gui",
	"dsaType":	"Fixed",
	"platformDesc":	"CNC-PL-FINAL",
	"platHandOff":	"E:/Git-Repos/CNC-FPGA/Zedboard-CNC/CNC_Top_wrapper.xsa",
	"platIntHandOff":	"<platformDir>/hw/CNC_Top_wrapper.xsa",
	"deviceType":	"zynq",
	"platIsPrebuiltAutogen":	"false",
	"platIsNoBootBsp":	"false",
	"hasFsblMakeHasChanges":	"false",
	"hasPmufwMakeHasChanges":	"false",
	"fsblExtraCompilerFlags":	"-MMD -MP       -mcpu=cortex-a9 -mfpu=vfpv3 -mfloat-abi=hard ",
	"platPreBuiltFlag":	false,
	"platformSamplesDir":	"",
	"platActiveSys":	"CNC-PL-FINAL",
	"systems":	[{
			"systemName":	"CNC-PL-FINAL",
			"systemDesc":	"CNC-PL-FINAL",
			"sysIsBootAutoGen":	"true",
			"systemDispName":	"CNC-PL-FINAL",
			"sysActiveDom":	"zynq_fsbl",
			"sysDefaultDom":	"standalone_domain",
			"domains":	[{
					"domainName":	"zynq_fsbl",
					"domainDispName":	"zynq_fsbl",
					"domainDesc":	"FSBL Application BSP - Auto Generated.",
					"processors":	"ps7_cortexa9_0",
					"os":	"standalone",
					"sdxOs":	"standalone",
					"debugEnable":	"",
					"domRuntimes":	["cpp"],
					"swRepo":	"",
					"mssOsVer":	"9.2",
					"mssFile":	"",
					"md5Digest":	"ff454babd09b1b8845f41b216ffb95e0",
					"compatibleApp":	"zynq_fsbl",
					"domType":	"bootDomain",
					"arch":	"32-bit",
					"appSettings":	{
						"appCompilerFlags":	"",
						"appLinkerFlags":	""
					},
					"addedLibs":	["xilffs:5.3", "xilrsa:1.8"],
					"libOptions":	{
						"libsContainingOptions":	[]
					},
					"prebuiltLibs":	{
						"prebuiltIncPath":	[],
						"prebuiltLibPath":	[]
					},
					"isolation":	{
					}
				}, {
					"domainName":	"standalone_domain",
					"domainDispName":	"standalone on ps7_cortexa9_0",
					"domainDesc":	"standalone_domain",
					"processors":	"ps7_cortexa9_0",
					"os":	"standalone",
					"sdxOs":	"standalone",
					"qemuArgs":	"<platformDir>/resources/CNC-PL-FINAL/standalone_domain/qemu_args.txt",
					"qemuData":	"<platformDir>/resources/CNC-PL-FINAL/standalone_domain/qemu",
					"debugEnable":	"False",
					"domRuntimes":	["cpp"],
					"swRepo":	"",
					"mssOsVer":	"9.2",
					"mssFile":	"",
					"md5Digest":	"e4860d8555e07b5c08cde8707d29c764",
					"compatibleApp":	"",
					"domType":	"mssDomain",
					"appSettings":	{
						"appCompilerFlags":	"",
						"appLinkerFlags":	""
					},
					"addedLibs":	[],
					"libOptions":	{
						"libsContainingOptions":	[]
					},
					"prebuiltLibs":	{
						"prebuiltIncPath":	[],
						"prebuiltLibPath":	[]
					},
					"isolation":	{
					}
				}]
		}]
}
TRACE::2026-03-09.17:32:58::SCWMssOS::Saving the mss changes E:/Git-Repos/CNC-FPGA/Vitis3/CNC-PL-FINAL/zynq_fsbl/zynq_fsbl_bsp/system.mss
TRACE::2026-03-09.17:32:58::SCWMssOS::Found a swdesign opened with the mssfile.
TRACE::2026-03-09.17:32:58::SCWMssOS::Completed writemss as part of save.
TRACE::2026-03-09.17:32:58::SCWMssOS::Commit changes completed.
TRACE::2026-03-09.17:32:58::SCWPlatform::Trying to open the hw design at E:/Git-Repos/CNC-FPGA/Vitis3/CNC-PL-FINAL/hw/CNC_Top_wrapper.xsa
TRACE::2026-03-09.17:32:58::SCWPlatform::DSA given E:/Git-Repos/CNC-FPGA/Vitis3/CNC-PL-FINAL/hw/CNC_Top_wrapper.xsa
TRACE::2026-03-09.17:32:58::SCWPlatform::DSA absoulate path E:/Git-Repos/CNC-FPGA/Vitis3/CNC-PL-FINAL/hw/CNC_Top_wrapper.xsa
TRACE::2026-03-09.17:32:58::SCWPlatform::DSA directory E:/Git-Repos/CNC-FPGA/Vitis3/CNC-PL-FINAL/hw
TRACE::2026-03-09.17:32:58::SCWPlatform:: Platform Path E:/Git-Repos/CNC-FPGA/Vitis3/CNC-PL-FINAL/hw/CNC_Top_wrapper.xsa
TRACE::2026-03-09.17:32:58::SCWPlatform:: Unique name xilinx:zedboard::0.0
TRACE::2026-03-09.17:32:58::SCWPlatform::Trying to set the existing hwdb with name CNC_Top_wrapper_9
TRACE::2026-03-09.17:32:58::SCWPlatform::Opened existing hwdb CNC_Top_wrapper_9
TRACE::2026-03-09.17:32:58::SCWPlatform::Found the Hw Db part of the input DSA
TRACE::2026-03-09.17:32:58::SCWMssOS::Checking the sw design at  E:/Git-Repos/CNC-FPGA/Vitis3/CNC-PL-FINAL/zynq_fsbl/zynq_fsbl_bsp/system.mss
TRACE::2026-03-09.17:32:58::SCWMssOS::DEBUG:  swdes dump  E:/Git-Repos/CNC-FPGA/Vitis3/CNC-PL-FINAL/ps7_cortexa9_0/standalone_domain/bsp/system.mss|system_1||
E:/Git-Repos/CNC-FPGA/Vitis3/CNC-PL-FINAL/zynq_fsbl/zynq_fsbl_bsp/system.mss|system_0||
E:/Git-Repos/CNC-FPGA/Vitis3/CNC-PL-NEW/ps7_cortexa9_0/standalone_domain/bsp/system.mss|system||

TRACE::2026-03-09.17:32:58::SCWMssOS::Sw design exists and opened at  E:/Git-Repos/CNC-FPGA/Vitis3/CNC-PL-FINAL/zynq_fsbl/zynq_fsbl_bsp/system.mss
TRACE::2026-03-09.17:32:58::SCWMssOS::Removing the swdes entry for  E:/Git-Repos/CNC-FPGA/Vitis3/CNC-PL-FINAL/zynq_fsbl/zynq_fsbl_bsp/system.mss
TRACE::2026-03-09.17:32:59::SCWPlatform::Trying to open the hw design at E:/Git-Repos/CNC-FPGA/Vitis3/CNC-PL-FINAL/hw/CNC_Top_wrapper.xsa
TRACE::2026-03-09.17:32:59::SCWPlatform::DSA given E:/Git-Repos/CNC-FPGA/Vitis3/CNC-PL-FINAL/hw/CNC_Top_wrapper.xsa
TRACE::2026-03-09.17:32:59::SCWPlatform::DSA absoulate path E:/Git-Repos/CNC-FPGA/Vitis3/CNC-PL-FINAL/hw/CNC_Top_wrapper.xsa
TRACE::2026-03-09.17:32:59::SCWPlatform::DSA directory E:/Git-Repos/CNC-FPGA/Vitis3/CNC-PL-FINAL/hw
TRACE::2026-03-09.17:32:59::SCWPlatform:: Platform Path E:/Git-Repos/CNC-FPGA/Vitis3/CNC-PL-FINAL/hw/CNC_Top_wrapper.xsa
TRACE::2026-03-09.17:32:59::SCWPlatform:: Unique name xilinx:zedboard::0.0
TRACE::2026-03-09.17:32:59::SCWPlatform::Trying to set the existing hwdb with name CNC_Top_wrapper_9
TRACE::2026-03-09.17:32:59::SCWPlatform::Opened existing hwdb CNC_Top_wrapper_9
TRACE::2026-03-09.17:32:59::SCWPlatform::Found the Hw Db part of the input DSA
TRACE::2026-03-09.17:32:59::SCWMssOS::Checking the sw design at  E:/Git-Repos/CNC-FPGA/Vitis3/CNC-PL-FINAL/ps7_cortexa9_0/standalone_domain/bsp/system.mss
TRACE::2026-03-09.17:32:59::SCWMssOS::DEBUG:  swdes dump  E:/Git-Repos/CNC-FPGA/Vitis3/CNC-PL-FINAL/ps7_cortexa9_0/standalone_domain/bsp/system.mss|system_1||
E:/Git-Repos/CNC-FPGA/Vitis3/CNC-PL-NEW/ps7_cortexa9_0/standalone_domain/bsp/system.mss|system||

TRACE::2026-03-09.17:32:59::SCWMssOS::Sw design exists and opened at  E:/Git-Repos/CNC-FPGA/Vitis3/CNC-PL-FINAL/ps7_cortexa9_0/standalone_domain/bsp/system.mss
TRACE::2026-03-09.17:32:59::SCWMssOS::In reload Mss file.
TRACE::2026-03-09.17:32:59::SCWPlatform::Trying to open the hw design at E:/Git-Repos/CNC-FPGA/Vitis3/CNC-PL-FINAL/hw/CNC_Top_wrapper.xsa
TRACE::2026-03-09.17:32:59::SCWPlatform::DSA given E:/Git-Repos/CNC-FPGA/Vitis3/CNC-PL-FINAL/hw/CNC_Top_wrapper.xsa
TRACE::2026-03-09.17:32:59::SCWPlatform::DSA absoulate path E:/Git-Repos/CNC-FPGA/Vitis3/CNC-PL-FINAL/hw/CNC_Top_wrapper.xsa
TRACE::2026-03-09.17:32:59::SCWPlatform::DSA directory E:/Git-Repos/CNC-FPGA/Vitis3/CNC-PL-FINAL/hw
TRACE::2026-03-09.17:32:59::SCWPlatform:: Platform Path E:/Git-Repos/CNC-FPGA/Vitis3/CNC-PL-FINAL/hw/CNC_Top_wrapper.xsa
TRACE::2026-03-09.17:32:59::SCWPlatform:: Unique name xilinx:zedboard::0.0
TRACE::2026-03-09.17:32:59::SCWPlatform::Trying to set the existing hwdb with name CNC_Top_wrapper_9
TRACE::2026-03-09.17:32:59::SCWPlatform::Opened existing hwdb CNC_Top_wrapper_9
TRACE::2026-03-09.17:32:59::SCWPlatform::Found the Hw Db part of the input DSA
TRACE::2026-03-09.17:32:59::SCWMssOS::Checking the sw design at  E:/Git-Repos/CNC-FPGA/Vitis3/CNC-PL-FINAL/ps7_cortexa9_0/standalone_domain/bsp/system.mss
TRACE::2026-03-09.17:32:59::SCWMssOS::DEBUG:  swdes dump  E:/Git-Repos/CNC-FPGA/Vitis3/CNC-PL-NEW/ps7_cortexa9_0/standalone_domain/bsp/system.mss|system||

TRACE::2026-03-09.17:32:59::SCWMssOS::No sw design opened at  E:/Git-Repos/CNC-FPGA/Vitis3/CNC-PL-FINAL/ps7_cortexa9_0/standalone_domain/bsp/system.mss
TRACE::2026-03-09.17:32:59::SCWMssOS::mss exists loading the mss file  E:/Git-Repos/CNC-FPGA/Vitis3/CNC-PL-FINAL/ps7_cortexa9_0/standalone_domain/bsp/system.mss
TRACE::2026-03-09.17:32:59::SCWMssOS::Opened the sw design from mss  E:/Git-Repos/CNC-FPGA/Vitis3/CNC-PL-FINAL/ps7_cortexa9_0/standalone_domain/bsp/system.mss
TRACE::2026-03-09.17:32:59::SCWMssOS::Adding the swdes entry E:/Git-Repos/CNC-FPGA/Vitis3/CNC-PL-FINAL/ps7_cortexa9_0/standalone_domain/bsp/system.mss with des name system_0
TRACE::2026-03-09.17:32:59::SCWMssOS::updating the scw layer about changes
TRACE::2026-03-09.17:32:59::SCWMssOS::Opened the sw design.  E:/Git-Repos/CNC-FPGA/Vitis3/CNC-PL-FINAL/ps7_cortexa9_0/standalone_domain/bsp/system.mss
TRACE::2026-03-09.17:32:59::SCWMssOS::Saving the mss changes E:/Git-Repos/CNC-FPGA/Vitis3/CNC-PL-FINAL/ps7_cortexa9_0/standalone_domain/bsp/system.mss
TRACE::2026-03-09.17:32:59::SCWMssOS::Found a swdesign opened with the mssfile.
TRACE::2026-03-09.17:32:59::SCWMssOS::Completed writemss as part of save.
TRACE::2026-03-09.17:32:59::SCWMssOS::Commit changes completed.
TRACE::2026-03-09.17:32:59::SCWPlatform::Trying to open the hw design at E:/Git-Repos/CNC-FPGA/Vitis3/CNC-PL-FINAL/hw/CNC_Top_wrapper.xsa
TRACE::2026-03-09.17:32:59::SCWPlatform::DSA given E:/Git-Repos/CNC-FPGA/Vitis3/CNC-PL-FINAL/hw/CNC_Top_wrapper.xsa
TRACE::2026-03-09.17:32:59::SCWPlatform::DSA absoulate path E:/Git-Repos/CNC-FPGA/Vitis3/CNC-PL-FINAL/hw/CNC_Top_wrapper.xsa
TRACE::2026-03-09.17:32:59::SCWPlatform::DSA directory E:/Git-Repos/CNC-FPGA/Vitis3/CNC-PL-FINAL/hw
TRACE::2026-03-09.17:32:59::SCWPlatform:: Platform Path E:/Git-Repos/CNC-FPGA/Vitis3/CNC-PL-FINAL/hw/CNC_Top_wrapper.xsa
TRACE::2026-03-09.17:32:59::SCWPlatform:: Unique name xilinx:zedboard::0.0
TRACE::2026-03-09.17:32:59::SCWPlatform::Trying to set the existing hwdb with name CNC_Top_wrapper_9
TRACE::2026-03-09.17:32:59::SCWPlatform::Opened existing hwdb CNC_Top_wrapper_9
TRACE::2026-03-09.17:32:59::SCWPlatform::Found the Hw Db part of the input DSA
TRACE::2026-03-09.17:32:59::SCWMssOS::Checking the sw design at  E:/Git-Repos/CNC-FPGA/Vitis3/CNC-PL-FINAL/ps7_cortexa9_0/standalone_domain/bsp/system.mss
TRACE::2026-03-09.17:32:59::SCWMssOS::DEBUG:  swdes dump  E:/Git-Repos/CNC-FPGA/Vitis3/CNC-PL-FINAL/ps7_cortexa9_0/standalone_domain/bsp/system.mss|system_0||
E:/Git-Repos/CNC-FPGA/Vitis3/CNC-PL-NEW/ps7_cortexa9_0/standalone_domain/bsp/system.mss|system||

TRACE::2026-03-09.17:32:59::SCWMssOS::Sw design exists and opened at  E:/Git-Repos/CNC-FPGA/Vitis3/CNC-PL-FINAL/ps7_cortexa9_0/standalone_domain/bsp/system.mss
TRACE::2026-03-09.17:32:59::SCWMssOS::Removing the swdes entry for  E:/Git-Repos/CNC-FPGA/Vitis3/CNC-PL-FINAL/ps7_cortexa9_0/standalone_domain/bsp/system.mss
TRACE::2026-03-09.17:32:59::SCWPlatform::Trying to open the hw design at E:/Git-Repos/CNC-FPGA/Vitis3/CNC-PL-FINAL/hw/CNC_Top_wrapper.xsa
TRACE::2026-03-09.17:32:59::SCWPlatform::DSA given E:/Git-Repos/CNC-FPGA/Vitis3/CNC-PL-FINAL/hw/CNC_Top_wrapper.xsa
TRACE::2026-03-09.17:32:59::SCWPlatform::DSA absoulate path E:/Git-Repos/CNC-FPGA/Vitis3/CNC-PL-FINAL/hw/CNC_Top_wrapper.xsa
TRACE::2026-03-09.17:32:59::SCWPlatform::DSA directory E:/Git-Repos/CNC-FPGA/Vitis3/CNC-PL-FINAL/hw
TRACE::2026-03-09.17:32:59::SCWPlatform:: Platform Path E:/Git-Repos/CNC-FPGA/Vitis3/CNC-PL-FINAL/hw/CNC_Top_wrapper.xsa
TRACE::2026-03-09.17:32:59::SCWPlatform:: Unique name xilinx:zedboard::0.0
TRACE::2026-03-09.17:32:59::SCWPlatform::Trying to set the existing hwdb with name CNC_Top_wrapper_9
TRACE::2026-03-09.17:32:59::SCWPlatform::Opened existing hwdb CNC_Top_wrapper_9
TRACE::2026-03-09.17:32:59::SCWPlatform::Found the Hw Db part of the input DSA
TRACE::2026-03-09.17:32:59::SCWMssOS::Checking the sw design at  E:/Git-Repos/CNC-FPGA/Vitis3/CNC-PL-FINAL/ps7_cortexa9_0/standalone_domain/bsp/system.mss
TRACE::2026-03-09.17:32:59::SCWMssOS::DEBUG:  swdes dump  E:/Git-Repos/CNC-FPGA/Vitis3/CNC-PL-NEW/ps7_cortexa9_0/standalone_domain/bsp/system.mss|system||

TRACE::2026-03-09.17:32:59::SCWMssOS::No sw design opened at  E:/Git-Repos/CNC-FPGA/Vitis3/CNC-PL-FINAL/ps7_cortexa9_0/standalone_domain/bsp/system.mss
TRACE::2026-03-09.17:32:59::SCWMssOS::mss exists loading the mss file  E:/Git-Repos/CNC-FPGA/Vitis3/CNC-PL-FINAL/ps7_cortexa9_0/standalone_domain/bsp/system.mss
TRACE::2026-03-09.17:32:59::SCWMssOS::Opened the sw design from mss  E:/Git-Repos/CNC-FPGA/Vitis3/CNC-PL-FINAL/ps7_cortexa9_0/standalone_domain/bsp/system.mss
TRACE::2026-03-09.17:32:59::SCWMssOS::Adding the swdes entry E:/Git-Repos/CNC-FPGA/Vitis3/CNC-PL-FINAL/ps7_cortexa9_0/standalone_domain/bsp/system.mss with des name system_0
TRACE::2026-03-09.17:32:59::SCWMssOS::updating the scw layer about changes
TRACE::2026-03-09.17:32:59::SCWMssOS::Opened the sw design.  E:/Git-Repos/CNC-FPGA/Vitis3/CNC-PL-FINAL/ps7_cortexa9_0/standalone_domain/bsp/system.mss
TRACE::2026-03-09.17:33:01::SCWPlatform::Trying to open the hw design at E:/Git-Repos/CNC-FPGA/Vitis3/CNC-PL-FINAL/hw/CNC_Top_wrapper.xsa
TRACE::2026-03-09.17:33:01::SCWPlatform::DSA given E:/Git-Repos/CNC-FPGA/Vitis3/CNC-PL-FINAL/hw/CNC_Top_wrapper.xsa
TRACE::2026-03-09.17:33:01::SCWPlatform::DSA absoulate path E:/Git-Repos/CNC-FPGA/Vitis3/CNC-PL-FINAL/hw/CNC_Top_wrapper.xsa
TRACE::2026-03-09.17:33:01::SCWPlatform::DSA directory E:/Git-Repos/CNC-FPGA/Vitis3/CNC-PL-FINAL/hw
TRACE::2026-03-09.17:33:01::SCWPlatform:: Platform Path E:/Git-Repos/CNC-FPGA/Vitis3/CNC-PL-FINAL/hw/CNC_Top_wrapper.xsa
TRACE::2026-03-09.17:33:01::SCWPlatform:: Unique name xilinx:zedboard::0.0
TRACE::2026-03-09.17:33:01::SCWPlatform::Trying to set the existing hwdb with name CNC_Top_wrapper_9
TRACE::2026-03-09.17:33:01::SCWPlatform::Opened existing hwdb CNC_Top_wrapper_9
TRACE::2026-03-09.17:33:01::SCWPlatform::Found the Hw Db part of the input DSA
TRACE::2026-03-09.17:33:01::SCWMssOS::Checking the sw design at  E:/Git-Repos/CNC-FPGA/Vitis3/CNC-PL-FINAL/ps7_cortexa9_0/standalone_domain/bsp/system.mss
TRACE::2026-03-09.17:33:01::SCWMssOS::DEBUG:  swdes dump  E:/Git-Repos/CNC-FPGA/Vitis3/CNC-PL-FINAL/ps7_cortexa9_0/standalone_domain/bsp/system.mss|system_0||
E:/Git-Repos/CNC-FPGA/Vitis3/CNC-PL-NEW/ps7_cortexa9_0/standalone_domain/bsp/system.mss|system||

TRACE::2026-03-09.17:33:01::SCWMssOS::Sw design exists and opened at  E:/Git-Repos/CNC-FPGA/Vitis3/CNC-PL-FINAL/ps7_cortexa9_0/standalone_domain/bsp/system.mss
TRACE::2026-03-09.17:33:01::SCWMssOS::Adding Library:  xilffs:5.3
TRACE::2026-03-09.17:33:01::SCWMssOS::Added Library:  xilffs
TRACE::2026-03-09.17:33:01::SCWPlatform::Trying to open the hw design at E:/Git-Repos/CNC-FPGA/Vitis3/CNC-PL-FINAL/hw/CNC_Top_wrapper.xsa
TRACE::2026-03-09.17:33:01::SCWPlatform::DSA given E:/Git-Repos/CNC-FPGA/Vitis3/CNC-PL-FINAL/hw/CNC_Top_wrapper.xsa
TRACE::2026-03-09.17:33:01::SCWPlatform::DSA absoulate path E:/Git-Repos/CNC-FPGA/Vitis3/CNC-PL-FINAL/hw/CNC_Top_wrapper.xsa
TRACE::2026-03-09.17:33:01::SCWPlatform::DSA directory E:/Git-Repos/CNC-FPGA/Vitis3/CNC-PL-FINAL/hw
TRACE::2026-03-09.17:33:01::SCWPlatform:: Platform Path E:/Git-Repos/CNC-FPGA/Vitis3/CNC-PL-FINAL/hw/CNC_Top_wrapper.xsa
TRACE::2026-03-09.17:33:01::SCWPlatform:: Unique name xilinx:zedboard::0.0
TRACE::2026-03-09.17:33:01::SCWPlatform::Trying to set the existing hwdb with name CNC_Top_wrapper_9
TRACE::2026-03-09.17:33:01::SCWPlatform::Opened existing hwdb CNC_Top_wrapper_9
TRACE::2026-03-09.17:33:01::SCWPlatform::Found the Hw Db part of the input DSA
TRACE::2026-03-09.17:33:01::SCWMssOS::Checking the sw design at  E:/Git-Repos/CNC-FPGA/Vitis3/CNC-PL-FINAL/ps7_cortexa9_0/standalone_domain/bsp/system.mss
TRACE::2026-03-09.17:33:01::SCWMssOS::DEBUG:  swdes dump  E:/Git-Repos/CNC-FPGA/Vitis3/CNC-PL-FINAL/ps7_cortexa9_0/standalone_domain/bsp/system.mss|system_0||
E:/Git-Repos/CNC-FPGA/Vitis3/CNC-PL-NEW/ps7_cortexa9_0/standalone_domain/bsp/system.mss|system||

TRACE::2026-03-09.17:33:01::SCWMssOS::Sw design exists and opened at  E:/Git-Repos/CNC-FPGA/Vitis3/CNC-PL-FINAL/ps7_cortexa9_0/standalone_domain/bsp/system.mss
TRACE::2026-03-09.17:33:02::SCWPlatform::Trying to open the hw design at E:/Git-Repos/CNC-FPGA/Vitis3/CNC-PL-FINAL/hw/CNC_Top_wrapper.xsa
TRACE::2026-03-09.17:33:02::SCWPlatform::DSA given E:/Git-Repos/CNC-FPGA/Vitis3/CNC-PL-FINAL/hw/CNC_Top_wrapper.xsa
TRACE::2026-03-09.17:33:02::SCWPlatform::DSA absoulate path E:/Git-Repos/CNC-FPGA/Vitis3/CNC-PL-FINAL/hw/CNC_Top_wrapper.xsa
TRACE::2026-03-09.17:33:02::SCWPlatform::DSA directory E:/Git-Repos/CNC-FPGA/Vitis3/CNC-PL-FINAL/hw
TRACE::2026-03-09.17:33:02::SCWPlatform:: Platform Path E:/Git-Repos/CNC-FPGA/Vitis3/CNC-PL-FINAL/hw/CNC_Top_wrapper.xsa
TRACE::2026-03-09.17:33:02::SCWPlatform:: Unique name xilinx:zedboard::0.0
TRACE::2026-03-09.17:33:02::SCWPlatform::Trying to set the existing hwdb with name CNC_Top_wrapper_9
TRACE::2026-03-09.17:33:02::SCWPlatform::Opened existing hwdb CNC_Top_wrapper_9
TRACE::2026-03-09.17:33:02::SCWPlatform::Found the Hw Db part of the input DSA
TRACE::2026-03-09.17:33:02::SCWMssOS::Checking the sw design at  E:/Git-Repos/CNC-FPGA/Vitis3/CNC-PL-FINAL/ps7_cortexa9_0/standalone_domain/bsp/system.mss
TRACE::2026-03-09.17:33:02::SCWMssOS::DEBUG:  swdes dump  E:/Git-Repos/CNC-FPGA/Vitis3/CNC-PL-FINAL/ps7_cortexa9_0/standalone_domain/bsp/system.mss|system_0||
E:/Git-Repos/CNC-FPGA/Vitis3/CNC-PL-NEW/ps7_cortexa9_0/standalone_domain/bsp/system.mss|system||

TRACE::2026-03-09.17:33:02::SCWMssOS::Sw design exists and opened at  E:/Git-Repos/CNC-FPGA/Vitis3/CNC-PL-FINAL/ps7_cortexa9_0/standalone_domain/bsp/system.mss
TRACE::2026-03-09.17:33:02::SCWMssOS::Adding Library:  xiltimer:2.1
TRACE::2026-03-09.17:33:02::SCWMssOS::Added Library:  xiltimer
TRACE::2026-03-09.17:33:02::SCWPlatform::Trying to open the hw design at E:/Git-Repos/CNC-FPGA/Vitis3/CNC-PL-FINAL/hw/CNC_Top_wrapper.xsa
TRACE::2026-03-09.17:33:02::SCWPlatform::DSA given E:/Git-Repos/CNC-FPGA/Vitis3/CNC-PL-FINAL/hw/CNC_Top_wrapper.xsa
TRACE::2026-03-09.17:33:02::SCWPlatform::DSA absoulate path E:/Git-Repos/CNC-FPGA/Vitis3/CNC-PL-FINAL/hw/CNC_Top_wrapper.xsa
TRACE::2026-03-09.17:33:02::SCWPlatform::DSA directory E:/Git-Repos/CNC-FPGA/Vitis3/CNC-PL-FINAL/hw
TRACE::2026-03-09.17:33:02::SCWPlatform:: Platform Path E:/Git-Repos/CNC-FPGA/Vitis3/CNC-PL-FINAL/hw/CNC_Top_wrapper.xsa
TRACE::2026-03-09.17:33:02::SCWPlatform:: Unique name xilinx:zedboard::0.0
TRACE::2026-03-09.17:33:02::SCWPlatform::Trying to set the existing hwdb with name CNC_Top_wrapper_9
TRACE::2026-03-09.17:33:02::SCWPlatform::Opened existing hwdb CNC_Top_wrapper_9
TRACE::2026-03-09.17:33:02::SCWPlatform::Found the Hw Db part of the input DSA
TRACE::2026-03-09.17:33:02::SCWMssOS::Checking the sw design at  E:/Git-Repos/CNC-FPGA/Vitis3/CNC-PL-FINAL/ps7_cortexa9_0/standalone_domain/bsp/system.mss
TRACE::2026-03-09.17:33:02::SCWMssOS::DEBUG:  swdes dump  E:/Git-Repos/CNC-FPGA/Vitis3/CNC-PL-FINAL/ps7_cortexa9_0/standalone_domain/bsp/system.mss|system_0||
E:/Git-Repos/CNC-FPGA/Vitis3/CNC-PL-NEW/ps7_cortexa9_0/standalone_domain/bsp/system.mss|system||

TRACE::2026-03-09.17:33:02::SCWMssOS::Sw design exists and opened at  E:/Git-Repos/CNC-FPGA/Vitis3/CNC-PL-FINAL/ps7_cortexa9_0/standalone_domain/bsp/system.mss
TRACE::2026-03-09.17:33:04::SCWMssOS::Saving the mss changes E:/Git-Repos/CNC-FPGA/Vitis3/CNC-PL-FINAL/zynq_fsbl/zynq_fsbl_bsp/system.mss
TRACE::2026-03-09.17:33:04::SCWMssOS::Adding the swdes entry, mss present, able to open swdb E:/Git-Repos/CNC-FPGA/Vitis3/CNC-PL-FINAL/zynq_fsbl/zynq_fsbl_bsp/system.mss with des name system_1
TRACE::2026-03-09.17:33:04::SCWMssOS::Writing the mss file completed E:/Git-Repos/CNC-FPGA/Vitis3/CNC-PL-FINAL/zynq_fsbl/zynq_fsbl_bsp/system.mss
TRACE::2026-03-09.17:33:04::SCWMssOS::Commit changes completed.
TRACE::2026-03-09.17:33:04::SCWMssOS::Saving the mss changes E:/Git-Repos/CNC-FPGA/Vitis3/CNC-PL-FINAL/ps7_cortexa9_0/standalone_domain/bsp/system.mss
TRACE::2026-03-09.17:33:04::SCWMssOS::Found a swdesign opened with the mssfile.
TRACE::2026-03-09.17:33:04::SCWMssOS::Completed writemss as part of save.
TRACE::2026-03-09.17:33:04::SCWMssOS::Commit changes completed.
TRACE::2026-03-09.17:33:04::SCWPlatform::Trying to open the hw design at E:/Git-Repos/CNC-FPGA/Vitis3/CNC-PL-FINAL/hw/CNC_Top_wrapper.xsa
TRACE::2026-03-09.17:33:04::SCWPlatform::DSA given E:/Git-Repos/CNC-FPGA/Vitis3/CNC-PL-FINAL/hw/CNC_Top_wrapper.xsa
TRACE::2026-03-09.17:33:04::SCWPlatform::DSA absoulate path E:/Git-Repos/CNC-FPGA/Vitis3/CNC-PL-FINAL/hw/CNC_Top_wrapper.xsa
TRACE::2026-03-09.17:33:04::SCWPlatform::DSA directory E:/Git-Repos/CNC-FPGA/Vitis3/CNC-PL-FINAL/hw
TRACE::2026-03-09.17:33:04::SCWPlatform:: Platform Path E:/Git-Repos/CNC-FPGA/Vitis3/CNC-PL-FINAL/hw/CNC_Top_wrapper.xsa
TRACE::2026-03-09.17:33:04::SCWPlatform:: Unique name xilinx:zedboard::0.0
TRACE::2026-03-09.17:33:04::SCWPlatform::Trying to set the existing hwdb with name CNC_Top_wrapper_9
TRACE::2026-03-09.17:33:04::SCWPlatform::Opened existing hwdb CNC_Top_wrapper_9
TRACE::2026-03-09.17:33:04::SCWPlatform::Found the Hw Db part of the input DSA
TRACE::2026-03-09.17:33:04::SCWMssOS::Checking the sw design at  E:/Git-Repos/CNC-FPGA/Vitis3/CNC-PL-FINAL/zynq_fsbl/zynq_fsbl_bsp/system.mss
TRACE::2026-03-09.17:33:04::SCWMssOS::DEBUG:  swdes dump  E:/Git-Repos/CNC-FPGA/Vitis3/CNC-PL-FINAL/ps7_cortexa9_0/standalone_domain/bsp/system.mss|system_0||
E:/Git-Repos/CNC-FPGA/Vitis3/CNC-PL-FINAL/zynq_fsbl/zynq_fsbl_bsp/system.mss|system_1||
E:/Git-Repos/CNC-FPGA/Vitis3/CNC-PL-NEW/ps7_cortexa9_0/standalone_domain/bsp/system.mss|system||

TRACE::2026-03-09.17:33:04::SCWMssOS::Sw design exists and opened at  E:/Git-Repos/CNC-FPGA/Vitis3/CNC-PL-FINAL/zynq_fsbl/zynq_fsbl_bsp/system.mss
TRACE::2026-03-09.17:33:04::SCWPlatform::Trying to open the hw design at E:/Git-Repos/CNC-FPGA/Vitis3/CNC-PL-FINAL/hw/CNC_Top_wrapper.xsa
TRACE::2026-03-09.17:33:04::SCWPlatform::DSA given E:/Git-Repos/CNC-FPGA/Vitis3/CNC-PL-FINAL/hw/CNC_Top_wrapper.xsa
TRACE::2026-03-09.17:33:04::SCWPlatform::DSA absoulate path E:/Git-Repos/CNC-FPGA/Vitis3/CNC-PL-FINAL/hw/CNC_Top_wrapper.xsa
TRACE::2026-03-09.17:33:04::SCWPlatform::DSA directory E:/Git-Repos/CNC-FPGA/Vitis3/CNC-PL-FINAL/hw
TRACE::2026-03-09.17:33:04::SCWPlatform:: Platform Path E:/Git-Repos/CNC-FPGA/Vitis3/CNC-PL-FINAL/hw/CNC_Top_wrapper.xsa
TRACE::2026-03-09.17:33:04::SCWPlatform:: Unique name xilinx:zedboard::0.0
TRACE::2026-03-09.17:33:04::SCWPlatform::Trying to set the existing hwdb with name CNC_Top_wrapper_9
TRACE::2026-03-09.17:33:04::SCWPlatform::Opened existing hwdb CNC_Top_wrapper_9
TRACE::2026-03-09.17:33:04::SCWPlatform::Found the Hw Db part of the input DSA
TRACE::2026-03-09.17:33:04::SCWMssOS::Checking the sw design at  E:/Git-Repos/CNC-FPGA/Vitis3/CNC-PL-FINAL/ps7_cortexa9_0/standalone_domain/bsp/system.mss
TRACE::2026-03-09.17:33:04::SCWMssOS::DEBUG:  swdes dump  E:/Git-Repos/CNC-FPGA/Vitis3/CNC-PL-FINAL/ps7_cortexa9_0/standalone_domain/bsp/system.mss|system_0||
E:/Git-Repos/CNC-FPGA/Vitis3/CNC-PL-FINAL/zynq_fsbl/zynq_fsbl_bsp/system.mss|system_1||
E:/Git-Repos/CNC-FPGA/Vitis3/CNC-PL-NEW/ps7_cortexa9_0/standalone_domain/bsp/system.mss|system||

TRACE::2026-03-09.17:33:04::SCWMssOS::Sw design exists and opened at  E:/Git-Repos/CNC-FPGA/Vitis3/CNC-PL-FINAL/ps7_cortexa9_0/standalone_domain/bsp/system.mss
TRACE::2026-03-09.17:33:04::SCWWriter::formatted JSON is {
	"platformName":	"CNC-PL-FINAL",
	"sprVersion":	"2.0",
	"mode":	"gui",
	"dsaType":	"Fixed",
	"platformDesc":	"CNC-PL-FINAL",
	"platHandOff":	"E:/Git-Repos/CNC-FPGA/Zedboard-CNC/CNC_Top_wrapper.xsa",
	"platIntHandOff":	"<platformDir>/hw/CNC_Top_wrapper.xsa",
	"deviceType":	"zynq",
	"platIsPrebuiltAutogen":	"false",
	"platIsNoBootBsp":	"false",
	"hasFsblMakeHasChanges":	"false",
	"hasPmufwMakeHasChanges":	"false",
	"fsblExtraCompilerFlags":	"-MMD -MP       -mcpu=cortex-a9 -mfpu=vfpv3 -mfloat-abi=hard ",
	"platPreBuiltFlag":	false,
	"platformSamplesDir":	"",
	"platActiveSys":	"CNC-PL-FINAL",
	"systems":	[{
			"systemName":	"CNC-PL-FINAL",
			"systemDesc":	"CNC-PL-FINAL",
			"sysIsBootAutoGen":	"true",
			"systemDispName":	"CNC-PL-FINAL",
			"sysActiveDom":	"standalone_domain",
			"sysDefaultDom":	"standalone_domain",
			"domains":	[{
					"domainName":	"zynq_fsbl",
					"domainDispName":	"zynq_fsbl",
					"domainDesc":	"FSBL Application BSP - Auto Generated.",
					"processors":	"ps7_cortexa9_0",
					"os":	"standalone",
					"sdxOs":	"standalone",
					"debugEnable":	"",
					"domRuntimes":	["cpp"],
					"swRepo":	"",
					"mssOsVer":	"9.2",
					"mssFile":	"",
					"md5Digest":	"ff454babd09b1b8845f41b216ffb95e0",
					"compatibleApp":	"zynq_fsbl",
					"domType":	"bootDomain",
					"arch":	"32-bit",
					"appSettings":	{
						"appCompilerFlags":	"",
						"appLinkerFlags":	""
					},
					"addedLibs":	["xilffs:5.3", "xilrsa:1.8"],
					"libOptions":	{
						"libsContainingOptions":	[]
					},
					"prebuiltLibs":	{
						"prebuiltIncPath":	[],
						"prebuiltLibPath":	[]
					},
					"isolation":	{
					}
				}, {
					"domainName":	"standalone_domain",
					"domainDispName":	"standalone on ps7_cortexa9_0",
					"domainDesc":	"standalone_domain",
					"processors":	"ps7_cortexa9_0",
					"os":	"standalone",
					"sdxOs":	"standalone",
					"qemuArgs":	"<platformDir>/resources/CNC-PL-FINAL/standalone_domain/qemu_args.txt",
					"qemuData":	"<platformDir>/resources/CNC-PL-FINAL/standalone_domain/qemu",
					"debugEnable":	"False",
					"domRuntimes":	["cpp"],
					"swRepo":	"",
					"mssOsVer":	"9.2",
					"mssFile":	"",
					"md5Digest":	"e4860d8555e07b5c08cde8707d29c764",
					"compatibleApp":	"",
					"domType":	"mssDomain",
					"appSettings":	{
						"appCompilerFlags":	"",
						"appLinkerFlags":	""
					},
					"addedLibs":	["xilffs:5.3", "xiltimer:2.1"],
					"libOptions":	{
						"libsContainingOptions":	[]
					},
					"prebuiltLibs":	{
						"prebuiltIncPath":	[],
						"prebuiltLibPath":	[]
					},
					"isolation":	{
					}
				}]
		}]
}
TRACE::2026-03-09.17:33:04::SCWMssOS::Saving the mss changes E:/Git-Repos/CNC-FPGA/Vitis3/CNC-PL-FINAL/ps7_cortexa9_0/standalone_domain/bsp/system.mss
TRACE::2026-03-09.17:33:04::SCWMssOS::Found a swdesign opened with the mssfile.
TRACE::2026-03-09.17:33:04::SCWMssOS::Completed writemss as part of save.
TRACE::2026-03-09.17:33:04::SCWMssOS::Commit changes completed.
TRACE::2026-03-09.17:33:04::SCWPlatform::Trying to open the hw design at E:/Git-Repos/CNC-FPGA/Vitis3/CNC-PL-FINAL/hw/CNC_Top_wrapper.xsa
TRACE::2026-03-09.17:33:04::SCWPlatform::DSA given E:/Git-Repos/CNC-FPGA/Vitis3/CNC-PL-FINAL/hw/CNC_Top_wrapper.xsa
TRACE::2026-03-09.17:33:04::SCWPlatform::DSA absoulate path E:/Git-Repos/CNC-FPGA/Vitis3/CNC-PL-FINAL/hw/CNC_Top_wrapper.xsa
TRACE::2026-03-09.17:33:04::SCWPlatform::DSA directory E:/Git-Repos/CNC-FPGA/Vitis3/CNC-PL-FINAL/hw
TRACE::2026-03-09.17:33:04::SCWPlatform:: Platform Path E:/Git-Repos/CNC-FPGA/Vitis3/CNC-PL-FINAL/hw/CNC_Top_wrapper.xsa
TRACE::2026-03-09.17:33:04::SCWPlatform:: Unique name xilinx:zedboard::0.0
TRACE::2026-03-09.17:33:04::SCWPlatform::Trying to set the existing hwdb with name CNC_Top_wrapper_9
TRACE::2026-03-09.17:33:04::SCWPlatform::Opened existing hwdb CNC_Top_wrapper_9
TRACE::2026-03-09.17:33:04::SCWPlatform::Found the Hw Db part of the input DSA
TRACE::2026-03-09.17:33:04::SCWMssOS::Checking the sw design at  E:/Git-Repos/CNC-FPGA/Vitis3/CNC-PL-FINAL/ps7_cortexa9_0/standalone_domain/bsp/system.mss
TRACE::2026-03-09.17:33:04::SCWMssOS::DEBUG:  swdes dump  E:/Git-Repos/CNC-FPGA/Vitis3/CNC-PL-FINAL/ps7_cortexa9_0/standalone_domain/bsp/system.mss|system_0||
E:/Git-Repos/CNC-FPGA/Vitis3/CNC-PL-FINAL/zynq_fsbl/zynq_fsbl_bsp/system.mss|system_1||
E:/Git-Repos/CNC-FPGA/Vitis3/CNC-PL-NEW/ps7_cortexa9_0/standalone_domain/bsp/system.mss|system||

TRACE::2026-03-09.17:33:04::SCWMssOS::Sw design exists and opened at  E:/Git-Repos/CNC-FPGA/Vitis3/CNC-PL-FINAL/ps7_cortexa9_0/standalone_domain/bsp/system.mss
TRACE::2026-03-09.17:33:04::SCWMssOS::Removing the swdes entry for  E:/Git-Repos/CNC-FPGA/Vitis3/CNC-PL-FINAL/ps7_cortexa9_0/standalone_domain/bsp/system.mss
TRACE::2026-03-09.17:33:04::SCWMssOS::In reload Mss file.
TRACE::2026-03-09.17:33:04::SCWPlatform::Trying to open the hw design at E:/Git-Repos/CNC-FPGA/Vitis3/CNC-PL-FINAL/hw/CNC_Top_wrapper.xsa
TRACE::2026-03-09.17:33:04::SCWPlatform::DSA given E:/Git-Repos/CNC-FPGA/Vitis3/CNC-PL-FINAL/hw/CNC_Top_wrapper.xsa
TRACE::2026-03-09.17:33:04::SCWPlatform::DSA absoulate path E:/Git-Repos/CNC-FPGA/Vitis3/CNC-PL-FINAL/hw/CNC_Top_wrapper.xsa
TRACE::2026-03-09.17:33:04::SCWPlatform::DSA directory E:/Git-Repos/CNC-FPGA/Vitis3/CNC-PL-FINAL/hw
TRACE::2026-03-09.17:33:04::SCWPlatform:: Platform Path E:/Git-Repos/CNC-FPGA/Vitis3/CNC-PL-FINAL/hw/CNC_Top_wrapper.xsa
TRACE::2026-03-09.17:33:04::SCWPlatform:: Unique name xilinx:zedboard::0.0
TRACE::2026-03-09.17:33:04::SCWPlatform::Trying to set the existing hwdb with name CNC_Top_wrapper_9
TRACE::2026-03-09.17:33:04::SCWPlatform::Opened existing hwdb CNC_Top_wrapper_9
TRACE::2026-03-09.17:33:04::SCWPlatform::Found the Hw Db part of the input DSA
TRACE::2026-03-09.17:33:04::SCWMssOS::Checking the sw design at  E:/Git-Repos/CNC-FPGA/Vitis3/CNC-PL-FINAL/ps7_cortexa9_0/standalone_domain/bsp/system.mss
TRACE::2026-03-09.17:33:04::SCWMssOS::DEBUG:  swdes dump  E:/Git-Repos/CNC-FPGA/Vitis3/CNC-PL-FINAL/zynq_fsbl/zynq_fsbl_bsp/system.mss|system_1||
E:/Git-Repos/CNC-FPGA/Vitis3/CNC-PL-NEW/ps7_cortexa9_0/standalone_domain/bsp/system.mss|system||

TRACE::2026-03-09.17:33:04::SCWMssOS::No sw design opened at  E:/Git-Repos/CNC-FPGA/Vitis3/CNC-PL-FINAL/ps7_cortexa9_0/standalone_domain/bsp/system.mss
TRACE::2026-03-09.17:33:04::SCWMssOS::mss exists loading the mss file  E:/Git-Repos/CNC-FPGA/Vitis3/CNC-PL-FINAL/ps7_cortexa9_0/standalone_domain/bsp/system.mss
TRACE::2026-03-09.17:33:04::SCWMssOS::Opened the sw design from mss  E:/Git-Repos/CNC-FPGA/Vitis3/CNC-PL-FINAL/ps7_cortexa9_0/standalone_domain/bsp/system.mss
TRACE::2026-03-09.17:33:04::SCWMssOS::Adding the swdes entry E:/Git-Repos/CNC-FPGA/Vitis3/CNC-PL-FINAL/ps7_cortexa9_0/standalone_domain/bsp/system.mss with des name system_0
TRACE::2026-03-09.17:33:04::SCWMssOS::updating the scw layer about changes
TRACE::2026-03-09.17:33:04::SCWMssOS::Opened the sw design.  E:/Git-Repos/CNC-FPGA/Vitis3/CNC-PL-FINAL/ps7_cortexa9_0/standalone_domain/bsp/system.mss
TRACE::2026-03-09.17:33:04::SCWPlatform::Trying to open the hw design at E:/Git-Repos/CNC-FPGA/Vitis3/CNC-PL-FINAL/hw/CNC_Top_wrapper.xsa
TRACE::2026-03-09.17:33:04::SCWPlatform::DSA given E:/Git-Repos/CNC-FPGA/Vitis3/CNC-PL-FINAL/hw/CNC_Top_wrapper.xsa
TRACE::2026-03-09.17:33:04::SCWPlatform::DSA absoulate path E:/Git-Repos/CNC-FPGA/Vitis3/CNC-PL-FINAL/hw/CNC_Top_wrapper.xsa
TRACE::2026-03-09.17:33:04::SCWPlatform::DSA directory E:/Git-Repos/CNC-FPGA/Vitis3/CNC-PL-FINAL/hw
TRACE::2026-03-09.17:33:04::SCWPlatform:: Platform Path E:/Git-Repos/CNC-FPGA/Vitis3/CNC-PL-FINAL/hw/CNC_Top_wrapper.xsa
TRACE::2026-03-09.17:33:04::SCWPlatform:: Unique name xilinx:zedboard::0.0
TRACE::2026-03-09.17:33:04::SCWPlatform::Trying to set the existing hwdb with name CNC_Top_wrapper_9
TRACE::2026-03-09.17:33:04::SCWPlatform::Opened existing hwdb CNC_Top_wrapper_9
TRACE::2026-03-09.17:33:04::SCWPlatform::Found the Hw Db part of the input DSA
TRACE::2026-03-09.17:33:04::SCWMssOS::Checking the sw design at  E:/Git-Repos/CNC-FPGA/Vitis3/CNC-PL-FINAL/ps7_cortexa9_0/standalone_domain/bsp/system.mss
TRACE::2026-03-09.17:33:04::SCWMssOS::DEBUG:  swdes dump  E:/Git-Repos/CNC-FPGA/Vitis3/CNC-PL-FINAL/ps7_cortexa9_0/standalone_domain/bsp/system.mss|system_0||
E:/Git-Repos/CNC-FPGA/Vitis3/CNC-PL-FINAL/zynq_fsbl/zynq_fsbl_bsp/system.mss|system_1||
E:/Git-Repos/CNC-FPGA/Vitis3/CNC-PL-NEW/ps7_cortexa9_0/standalone_domain/bsp/system.mss|system||

TRACE::2026-03-09.17:33:04::SCWMssOS::Sw design exists and opened at  E:/Git-Repos/CNC-FPGA/Vitis3/CNC-PL-FINAL/ps7_cortexa9_0/standalone_domain/bsp/system.mss
TRACE::2026-03-09.17:33:04::SCWMssOS:: library already available in sw design:  xilffs:5.3
TRACE::2026-03-09.17:33:04::SCWPlatform::Trying to open the hw design at E:/Git-Repos/CNC-FPGA/Vitis3/CNC-PL-FINAL/hw/CNC_Top_wrapper.xsa
TRACE::2026-03-09.17:33:04::SCWPlatform::DSA given E:/Git-Repos/CNC-FPGA/Vitis3/CNC-PL-FINAL/hw/CNC_Top_wrapper.xsa
TRACE::2026-03-09.17:33:04::SCWPlatform::DSA absoulate path E:/Git-Repos/CNC-FPGA/Vitis3/CNC-PL-FINAL/hw/CNC_Top_wrapper.xsa
TRACE::2026-03-09.17:33:04::SCWPlatform::DSA directory E:/Git-Repos/CNC-FPGA/Vitis3/CNC-PL-FINAL/hw
TRACE::2026-03-09.17:33:04::SCWPlatform:: Platform Path E:/Git-Repos/CNC-FPGA/Vitis3/CNC-PL-FINAL/hw/CNC_Top_wrapper.xsa
TRACE::2026-03-09.17:33:04::SCWPlatform:: Unique name xilinx:zedboard::0.0
TRACE::2026-03-09.17:33:04::SCWPlatform::Trying to set the existing hwdb with name CNC_Top_wrapper_9
TRACE::2026-03-09.17:33:04::SCWPlatform::Opened existing hwdb CNC_Top_wrapper_9
TRACE::2026-03-09.17:33:04::SCWPlatform::Found the Hw Db part of the input DSA
TRACE::2026-03-09.17:33:04::SCWMssOS::Checking the sw design at  E:/Git-Repos/CNC-FPGA/Vitis3/CNC-PL-FINAL/ps7_cortexa9_0/standalone_domain/bsp/system.mss
TRACE::2026-03-09.17:33:04::SCWMssOS::DEBUG:  swdes dump  E:/Git-Repos/CNC-FPGA/Vitis3/CNC-PL-FINAL/ps7_cortexa9_0/standalone_domain/bsp/system.mss|system_0||
E:/Git-Repos/CNC-FPGA/Vitis3/CNC-PL-FINAL/zynq_fsbl/zynq_fsbl_bsp/system.mss|system_1||
E:/Git-Repos/CNC-FPGA/Vitis3/CNC-PL-NEW/ps7_cortexa9_0/standalone_domain/bsp/system.mss|system||

TRACE::2026-03-09.17:33:04::SCWMssOS::Sw design exists and opened at  E:/Git-Repos/CNC-FPGA/Vitis3/CNC-PL-FINAL/ps7_cortexa9_0/standalone_domain/bsp/system.mss
TRACE::2026-03-09.17:33:04::SCWMssOS:: library already available in sw design:  xiltimer:2.1
TRACE::2026-03-09.17:33:04::SCWMssOS::Saving the mss changes E:/Git-Repos/CNC-FPGA/Vitis3/CNC-PL-FINAL/ps7_cortexa9_0/standalone_domain/bsp/system.mss
TRACE::2026-03-09.17:33:04::SCWMssOS::Found a swdesign opened with the mssfile.
TRACE::2026-03-09.17:33:04::SCWMssOS::Completed writemss as part of save.
TRACE::2026-03-09.17:33:04::SCWMssOS::Commit changes completed.
TRACE::2026-03-09.17:33:04::SCWPlatform::Trying to open the hw design at E:/Git-Repos/CNC-FPGA/Vitis3/CNC-PL-FINAL/hw/CNC_Top_wrapper.xsa
TRACE::2026-03-09.17:33:04::SCWPlatform::DSA given E:/Git-Repos/CNC-FPGA/Vitis3/CNC-PL-FINAL/hw/CNC_Top_wrapper.xsa
TRACE::2026-03-09.17:33:04::SCWPlatform::DSA absoulate path E:/Git-Repos/CNC-FPGA/Vitis3/CNC-PL-FINAL/hw/CNC_Top_wrapper.xsa
TRACE::2026-03-09.17:33:04::SCWPlatform::DSA directory E:/Git-Repos/CNC-FPGA/Vitis3/CNC-PL-FINAL/hw
TRACE::2026-03-09.17:33:04::SCWPlatform:: Platform Path E:/Git-Repos/CNC-FPGA/Vitis3/CNC-PL-FINAL/hw/CNC_Top_wrapper.xsa
TRACE::2026-03-09.17:33:04::SCWPlatform:: Unique name xilinx:zedboard::0.0
TRACE::2026-03-09.17:33:04::SCWPlatform::Trying to set the existing hwdb with name CNC_Top_wrapper_9
TRACE::2026-03-09.17:33:04::SCWPlatform::Opened existing hwdb CNC_Top_wrapper_9
TRACE::2026-03-09.17:33:04::SCWPlatform::Found the Hw Db part of the input DSA
TRACE::2026-03-09.17:33:04::SCWMssOS::Checking the sw design at  E:/Git-Repos/CNC-FPGA/Vitis3/CNC-PL-FINAL/ps7_cortexa9_0/standalone_domain/bsp/system.mss
TRACE::2026-03-09.17:33:04::SCWMssOS::DEBUG:  swdes dump  E:/Git-Repos/CNC-FPGA/Vitis3/CNC-PL-FINAL/ps7_cortexa9_0/standalone_domain/bsp/system.mss|system_0||
E:/Git-Repos/CNC-FPGA/Vitis3/CNC-PL-FINAL/zynq_fsbl/zynq_fsbl_bsp/system.mss|system_1||
E:/Git-Repos/CNC-FPGA/Vitis3/CNC-PL-NEW/ps7_cortexa9_0/standalone_domain/bsp/system.mss|system||

TRACE::2026-03-09.17:33:04::SCWMssOS::Sw design exists and opened at  E:/Git-Repos/CNC-FPGA/Vitis3/CNC-PL-FINAL/ps7_cortexa9_0/standalone_domain/bsp/system.mss
TRACE::2026-03-09.17:33:04::SCWMssOS::Removing the swdes entry for  E:/Git-Repos/CNC-FPGA/Vitis3/CNC-PL-FINAL/ps7_cortexa9_0/standalone_domain/bsp/system.mss
TRACE::2026-03-09.17:33:04::SCWPlatform::Trying to open the hw design at E:/Git-Repos/CNC-FPGA/Vitis3/CNC-PL-FINAL/hw/CNC_Top_wrapper.xsa
TRACE::2026-03-09.17:33:04::SCWPlatform::DSA given E:/Git-Repos/CNC-FPGA/Vitis3/CNC-PL-FINAL/hw/CNC_Top_wrapper.xsa
TRACE::2026-03-09.17:33:04::SCWPlatform::DSA absoulate path E:/Git-Repos/CNC-FPGA/Vitis3/CNC-PL-FINAL/hw/CNC_Top_wrapper.xsa
TRACE::2026-03-09.17:33:04::SCWPlatform::DSA directory E:/Git-Repos/CNC-FPGA/Vitis3/CNC-PL-FINAL/hw
TRACE::2026-03-09.17:33:04::SCWPlatform:: Platform Path E:/Git-Repos/CNC-FPGA/Vitis3/CNC-PL-FINAL/hw/CNC_Top_wrapper.xsa
TRACE::2026-03-09.17:33:04::SCWPlatform:: Unique name xilinx:zedboard::0.0
TRACE::2026-03-09.17:33:04::SCWPlatform::Trying to set the existing hwdb with name CNC_Top_wrapper_9
TRACE::2026-03-09.17:33:04::SCWPlatform::Opened existing hwdb CNC_Top_wrapper_9
TRACE::2026-03-09.17:33:04::SCWPlatform::Found the Hw Db part of the input DSA
TRACE::2026-03-09.17:33:04::SCWMssOS::Checking the sw design at  E:/Git-Repos/CNC-FPGA/Vitis3/CNC-PL-FINAL/ps7_cortexa9_0/standalone_domain/bsp/system.mss
TRACE::2026-03-09.17:33:04::SCWMssOS::DEBUG:  swdes dump  E:/Git-Repos/CNC-FPGA/Vitis3/CNC-PL-FINAL/zynq_fsbl/zynq_fsbl_bsp/system.mss|system_1||
E:/Git-Repos/CNC-FPGA/Vitis3/CNC-PL-NEW/ps7_cortexa9_0/standalone_domain/bsp/system.mss|system||

TRACE::2026-03-09.17:33:04::SCWMssOS::No sw design opened at  E:/Git-Repos/CNC-FPGA/Vitis3/CNC-PL-FINAL/ps7_cortexa9_0/standalone_domain/bsp/system.mss
TRACE::2026-03-09.17:33:04::SCWMssOS::mss exists loading the mss file  E:/Git-Repos/CNC-FPGA/Vitis3/CNC-PL-FINAL/ps7_cortexa9_0/standalone_domain/bsp/system.mss
TRACE::2026-03-09.17:33:04::SCWMssOS::Opened the sw design from mss  E:/Git-Repos/CNC-FPGA/Vitis3/CNC-PL-FINAL/ps7_cortexa9_0/standalone_domain/bsp/system.mss
TRACE::2026-03-09.17:33:04::SCWMssOS::Adding the swdes entry E:/Git-Repos/CNC-FPGA/Vitis3/CNC-PL-FINAL/ps7_cortexa9_0/standalone_domain/bsp/system.mss with des name system_0
TRACE::2026-03-09.17:33:04::SCWMssOS::updating the scw layer about changes
TRACE::2026-03-09.17:33:04::SCWMssOS::Opened the sw design.  E:/Git-Repos/CNC-FPGA/Vitis3/CNC-PL-FINAL/ps7_cortexa9_0/standalone_domain/bsp/system.mss
TRACE::2026-03-09.17:33:04::SCWMssOS::Completed writing the mss file at E:/Git-Repos/CNC-FPGA/Vitis3/CNC-PL-FINAL/ps7_cortexa9_0/standalone_domain/bsp
TRACE::2026-03-09.17:33:04::SCWMssOS::Forcing BSP Sources regeneration.
KEYINFO::2026-03-09.17:33:05::SCWMssOS::Removing file E:/Git-Repos/CNC-FPGA/Vitis3/CNC-PL-FINAL/ps7_cortexa9_0/standalone_domain/bsp\system_0.mss
TRACE::2026-03-09.17:33:13::SCWPlatform::Trying to open the hw design at E:/Git-Repos/CNC-FPGA/Vitis3/CNC-PL-FINAL/hw/CNC_Top_wrapper.xsa
TRACE::2026-03-09.17:33:13::SCWPlatform::DSA given E:/Git-Repos/CNC-FPGA/Vitis3/CNC-PL-FINAL/hw/CNC_Top_wrapper.xsa
TRACE::2026-03-09.17:33:13::SCWPlatform::DSA absoulate path E:/Git-Repos/CNC-FPGA/Vitis3/CNC-PL-FINAL/hw/CNC_Top_wrapper.xsa
TRACE::2026-03-09.17:33:13::SCWPlatform::DSA directory E:/Git-Repos/CNC-FPGA/Vitis3/CNC-PL-FINAL/hw
TRACE::2026-03-09.17:33:13::SCWPlatform:: Platform Path E:/Git-Repos/CNC-FPGA/Vitis3/CNC-PL-FINAL/hw/CNC_Top_wrapper.xsa
TRACE::2026-03-09.17:33:13::SCWPlatform:: Unique name xilinx:zedboard::0.0
TRACE::2026-03-09.17:33:13::SCWPlatform::Trying to set the existing hwdb with name CNC_Top_wrapper_9
TRACE::2026-03-09.17:33:13::SCWPlatform::Opened existing hwdb CNC_Top_wrapper_9
TRACE::2026-03-09.17:33:13::SCWPlatform::Found the Hw Db part of the input DSA
TRACE::2026-03-09.17:33:13::SCWMssOS::Checking the sw design at  E:/Git-Repos/CNC-FPGA/Vitis3/CNC-PL-FINAL/zynq_fsbl/zynq_fsbl_bsp/system.mss
TRACE::2026-03-09.17:33:13::SCWMssOS::DEBUG:  swdes dump  E:/Git-Repos/CNC-FPGA/Vitis3/CNC-PL-FINAL/zynq_fsbl/zynq_fsbl_bsp/system.mss|system_1||
E:/Git-Repos/CNC-FPGA/Vitis3/CNC-PL-NEW/ps7_cortexa9_0/standalone_domain/bsp/system.mss|system||

TRACE::2026-03-09.17:33:13::SCWMssOS::Sw design exists and opened at  E:/Git-Repos/CNC-FPGA/Vitis3/CNC-PL-FINAL/zynq_fsbl/zynq_fsbl_bsp/system.mss
TRACE::2026-03-09.17:33:16::SCWMssOS::In reload Mss file.
TRACE::2026-03-09.17:33:16::SCWPlatform::Trying to open the hw design at E:/Git-Repos/CNC-FPGA/Vitis3/CNC-PL-FINAL/hw/CNC_Top_wrapper.xsa
TRACE::2026-03-09.17:33:16::SCWPlatform::DSA given E:/Git-Repos/CNC-FPGA/Vitis3/CNC-PL-FINAL/hw/CNC_Top_wrapper.xsa
TRACE::2026-03-09.17:33:16::SCWPlatform::DSA absoulate path E:/Git-Repos/CNC-FPGA/Vitis3/CNC-PL-FINAL/hw/CNC_Top_wrapper.xsa
TRACE::2026-03-09.17:33:16::SCWPlatform::DSA directory E:/Git-Repos/CNC-FPGA/Vitis3/CNC-PL-FINAL/hw
TRACE::2026-03-09.17:33:16::SCWPlatform:: Platform Path E:/Git-Repos/CNC-FPGA/Vitis3/CNC-PL-FINAL/hw/CNC_Top_wrapper.xsa
TRACE::2026-03-09.17:33:16::SCWPlatform:: Unique name xilinx:zedboard::0.0
TRACE::2026-03-09.17:33:16::SCWPlatform::Trying to set the existing hwdb with name CNC_Top_wrapper_9
TRACE::2026-03-09.17:33:16::SCWPlatform::Opened existing hwdb CNC_Top_wrapper_9
TRACE::2026-03-09.17:33:16::SCWPlatform::Found the Hw Db part of the input DSA
TRACE::2026-03-09.17:33:16::SCWMssOS::Checking the sw design at  E:/Git-Repos/CNC-FPGA/Vitis3/CNC-PL-FINAL/zynq_fsbl/zynq_fsbl_bsp/system.mss
TRACE::2026-03-09.17:33:16::SCWMssOS::DEBUG:  swdes dump  E:/Git-Repos/CNC-FPGA/Vitis3/CNC-PL-NEW/ps7_cortexa9_0/standalone_domain/bsp/system.mss|system||

TRACE::2026-03-09.17:33:16::SCWMssOS::No sw design opened at  E:/Git-Repos/CNC-FPGA/Vitis3/CNC-PL-FINAL/zynq_fsbl/zynq_fsbl_bsp/system.mss
TRACE::2026-03-09.17:33:16::SCWMssOS::mss exists loading the mss file  E:/Git-Repos/CNC-FPGA/Vitis3/CNC-PL-FINAL/zynq_fsbl/zynq_fsbl_bsp/system.mss
TRACE::2026-03-09.17:33:16::SCWMssOS::Opened the sw design from mss  E:/Git-Repos/CNC-FPGA/Vitis3/CNC-PL-FINAL/zynq_fsbl/zynq_fsbl_bsp/system.mss
TRACE::2026-03-09.17:33:16::SCWMssOS::Adding the swdes entry E:/Git-Repos/CNC-FPGA/Vitis3/CNC-PL-FINAL/zynq_fsbl/zynq_fsbl_bsp/system.mss with des name system_0
TRACE::2026-03-09.17:33:16::SCWMssOS::updating the scw layer about changes
TRACE::2026-03-09.17:33:16::SCWMssOS::Opened the sw design.  E:/Git-Repos/CNC-FPGA/Vitis3/CNC-PL-FINAL/zynq_fsbl/zynq_fsbl_bsp/system.mss
TRACE::2026-03-09.17:33:16::SCWPlatform::Trying to open the hw design at E:/Git-Repos/CNC-FPGA/Vitis3/CNC-PL-FINAL/hw/CNC_Top_wrapper.xsa
TRACE::2026-03-09.17:33:16::SCWPlatform::DSA given E:/Git-Repos/CNC-FPGA/Vitis3/CNC-PL-FINAL/hw/CNC_Top_wrapper.xsa
TRACE::2026-03-09.17:33:16::SCWPlatform::DSA absoulate path E:/Git-Repos/CNC-FPGA/Vitis3/CNC-PL-FINAL/hw/CNC_Top_wrapper.xsa
TRACE::2026-03-09.17:33:16::SCWPlatform::DSA directory E:/Git-Repos/CNC-FPGA/Vitis3/CNC-PL-FINAL/hw
TRACE::2026-03-09.17:33:16::SCWPlatform:: Platform Path E:/Git-Repos/CNC-FPGA/Vitis3/CNC-PL-FINAL/hw/CNC_Top_wrapper.xsa
TRACE::2026-03-09.17:33:16::SCWPlatform:: Unique name xilinx:zedboard::0.0
TRACE::2026-03-09.17:33:16::SCWPlatform::Trying to set the existing hwdb with name CNC_Top_wrapper_9
TRACE::2026-03-09.17:33:16::SCWPlatform::Opened existing hwdb CNC_Top_wrapper_9
TRACE::2026-03-09.17:33:16::SCWPlatform::Found the Hw Db part of the input DSA
TRACE::2026-03-09.17:33:16::SCWMssOS::Checking the sw design at  E:/Git-Repos/CNC-FPGA/Vitis3/CNC-PL-FINAL/zynq_fsbl/zynq_fsbl_bsp/system.mss
TRACE::2026-03-09.17:33:16::SCWMssOS::DEBUG:  swdes dump  E:/Git-Repos/CNC-FPGA/Vitis3/CNC-PL-FINAL/zynq_fsbl/zynq_fsbl_bsp/system.mss|system_0||
E:/Git-Repos/CNC-FPGA/Vitis3/CNC-PL-NEW/ps7_cortexa9_0/standalone_domain/bsp/system.mss|system||

TRACE::2026-03-09.17:33:16::SCWMssOS::Sw design exists and opened at  E:/Git-Repos/CNC-FPGA/Vitis3/CNC-PL-FINAL/zynq_fsbl/zynq_fsbl_bsp/system.mss
TRACE::2026-03-09.17:33:16::SCWMssOS:: library already available in sw design:  xilffs:5.3
TRACE::2026-03-09.17:33:16::SCWPlatform::Trying to open the hw design at E:/Git-Repos/CNC-FPGA/Vitis3/CNC-PL-FINAL/hw/CNC_Top_wrapper.xsa
TRACE::2026-03-09.17:33:16::SCWPlatform::DSA given E:/Git-Repos/CNC-FPGA/Vitis3/CNC-PL-FINAL/hw/CNC_Top_wrapper.xsa
TRACE::2026-03-09.17:33:16::SCWPlatform::DSA absoulate path E:/Git-Repos/CNC-FPGA/Vitis3/CNC-PL-FINAL/hw/CNC_Top_wrapper.xsa
TRACE::2026-03-09.17:33:16::SCWPlatform::DSA directory E:/Git-Repos/CNC-FPGA/Vitis3/CNC-PL-FINAL/hw
TRACE::2026-03-09.17:33:16::SCWPlatform:: Platform Path E:/Git-Repos/CNC-FPGA/Vitis3/CNC-PL-FINAL/hw/CNC_Top_wrapper.xsa
TRACE::2026-03-09.17:33:16::SCWPlatform:: Unique name xilinx:zedboard::0.0
TRACE::2026-03-09.17:33:16::SCWPlatform::Trying to set the existing hwdb with name CNC_Top_wrapper_9
TRACE::2026-03-09.17:33:16::SCWPlatform::Opened existing hwdb CNC_Top_wrapper_9
TRACE::2026-03-09.17:33:16::SCWPlatform::Found the Hw Db part of the input DSA
TRACE::2026-03-09.17:33:16::SCWMssOS::Checking the sw design at  E:/Git-Repos/CNC-FPGA/Vitis3/CNC-PL-FINAL/zynq_fsbl/zynq_fsbl_bsp/system.mss
TRACE::2026-03-09.17:33:16::SCWMssOS::DEBUG:  swdes dump  E:/Git-Repos/CNC-FPGA/Vitis3/CNC-PL-FINAL/zynq_fsbl/zynq_fsbl_bsp/system.mss|system_0||
E:/Git-Repos/CNC-FPGA/Vitis3/CNC-PL-NEW/ps7_cortexa9_0/standalone_domain/bsp/system.mss|system||

TRACE::2026-03-09.17:33:16::SCWMssOS::Sw design exists and opened at  E:/Git-Repos/CNC-FPGA/Vitis3/CNC-PL-FINAL/zynq_fsbl/zynq_fsbl_bsp/system.mss
TRACE::2026-03-09.17:33:16::SCWMssOS:: library already available in sw design:  xilrsa:1.8
TRACE::2026-03-09.17:33:16::SCWMssOS::Saving the mss changes E:/Git-Repos/CNC-FPGA/Vitis3/CNC-PL-FINAL/zynq_fsbl/zynq_fsbl_bsp/system.mss
TRACE::2026-03-09.17:33:16::SCWMssOS::Found a swdesign opened with the mssfile.
TRACE::2026-03-09.17:33:16::SCWMssOS::Completed writemss as part of save.
TRACE::2026-03-09.17:33:16::SCWMssOS::Commit changes completed.
TRACE::2026-03-09.17:33:16::SCWPlatform::Trying to open the hw design at E:/Git-Repos/CNC-FPGA/Vitis3/CNC-PL-FINAL/hw/CNC_Top_wrapper.xsa
TRACE::2026-03-09.17:33:16::SCWPlatform::DSA given E:/Git-Repos/CNC-FPGA/Vitis3/CNC-PL-FINAL/hw/CNC_Top_wrapper.xsa
TRACE::2026-03-09.17:33:16::SCWPlatform::DSA absoulate path E:/Git-Repos/CNC-FPGA/Vitis3/CNC-PL-FINAL/hw/CNC_Top_wrapper.xsa
TRACE::2026-03-09.17:33:16::SCWPlatform::DSA directory E:/Git-Repos/CNC-FPGA/Vitis3/CNC-PL-FINAL/hw
TRACE::2026-03-09.17:33:16::SCWPlatform:: Platform Path E:/Git-Repos/CNC-FPGA/Vitis3/CNC-PL-FINAL/hw/CNC_Top_wrapper.xsa
TRACE::2026-03-09.17:33:16::SCWPlatform:: Unique name xilinx:zedboard::0.0
TRACE::2026-03-09.17:33:16::SCWPlatform::Trying to set the existing hwdb with name CNC_Top_wrapper_9
TRACE::2026-03-09.17:33:16::SCWPlatform::Opened existing hwdb CNC_Top_wrapper_9
TRACE::2026-03-09.17:33:16::SCWPlatform::Found the Hw Db part of the input DSA
TRACE::2026-03-09.17:33:16::SCWMssOS::Checking the sw design at  E:/Git-Repos/CNC-FPGA/Vitis3/CNC-PL-FINAL/zynq_fsbl/zynq_fsbl_bsp/system.mss
TRACE::2026-03-09.17:33:16::SCWMssOS::DEBUG:  swdes dump  E:/Git-Repos/CNC-FPGA/Vitis3/CNC-PL-FINAL/zynq_fsbl/zynq_fsbl_bsp/system.mss|system_0||
E:/Git-Repos/CNC-FPGA/Vitis3/CNC-PL-NEW/ps7_cortexa9_0/standalone_domain/bsp/system.mss|system||

TRACE::2026-03-09.17:33:16::SCWMssOS::Sw design exists and opened at  E:/Git-Repos/CNC-FPGA/Vitis3/CNC-PL-FINAL/zynq_fsbl/zynq_fsbl_bsp/system.mss
TRACE::2026-03-09.17:33:16::SCWMssOS::Removing the swdes entry for  E:/Git-Repos/CNC-FPGA/Vitis3/CNC-PL-FINAL/zynq_fsbl/zynq_fsbl_bsp/system.mss
TRACE::2026-03-09.17:33:17::SCWPlatform::Trying to open the hw design at E:/Git-Repos/CNC-FPGA/Vitis3/CNC-PL-FINAL/hw/CNC_Top_wrapper.xsa
TRACE::2026-03-09.17:33:17::SCWPlatform::DSA given E:/Git-Repos/CNC-FPGA/Vitis3/CNC-PL-FINAL/hw/CNC_Top_wrapper.xsa
TRACE::2026-03-09.17:33:17::SCWPlatform::DSA absoulate path E:/Git-Repos/CNC-FPGA/Vitis3/CNC-PL-FINAL/hw/CNC_Top_wrapper.xsa
TRACE::2026-03-09.17:33:17::SCWPlatform::DSA directory E:/Git-Repos/CNC-FPGA/Vitis3/CNC-PL-FINAL/hw
TRACE::2026-03-09.17:33:17::SCWPlatform:: Platform Path E:/Git-Repos/CNC-FPGA/Vitis3/CNC-PL-FINAL/hw/CNC_Top_wrapper.xsa
TRACE::2026-03-09.17:33:17::SCWPlatform:: Unique name xilinx:zedboard::0.0
TRACE::2026-03-09.17:33:17::SCWPlatform::Trying to set the existing hwdb with name CNC_Top_wrapper_9
TRACE::2026-03-09.17:33:17::SCWPlatform::Opened existing hwdb CNC_Top_wrapper_9
TRACE::2026-03-09.17:33:17::SCWPlatform::Found the Hw Db part of the input DSA
TRACE::2026-03-09.17:33:17::SCWMssOS::Checking the sw design at  E:/Git-Repos/CNC-FPGA/Vitis3/CNC-PL-FINAL/ps7_cortexa9_0/standalone_domain/bsp/system.mss
TRACE::2026-03-09.17:33:17::SCWMssOS::DEBUG:  swdes dump  E:/Git-Repos/CNC-FPGA/Vitis3/CNC-PL-NEW/ps7_cortexa9_0/standalone_domain/bsp/system.mss|system||

TRACE::2026-03-09.17:33:17::SCWMssOS::No sw design opened at  E:/Git-Repos/CNC-FPGA/Vitis3/CNC-PL-FINAL/ps7_cortexa9_0/standalone_domain/bsp/system.mss
TRACE::2026-03-09.17:33:17::SCWMssOS::mss exists loading the mss file  E:/Git-Repos/CNC-FPGA/Vitis3/CNC-PL-FINAL/ps7_cortexa9_0/standalone_domain/bsp/system.mss
TRACE::2026-03-09.17:33:17::SCWMssOS::Opened the sw design from mss  E:/Git-Repos/CNC-FPGA/Vitis3/CNC-PL-FINAL/ps7_cortexa9_0/standalone_domain/bsp/system.mss
TRACE::2026-03-09.17:33:17::SCWMssOS::Adding the swdes entry E:/Git-Repos/CNC-FPGA/Vitis3/CNC-PL-FINAL/ps7_cortexa9_0/standalone_domain/bsp/system.mss with des name system_0
TRACE::2026-03-09.17:33:17::SCWMssOS::updating the scw layer about changes
TRACE::2026-03-09.17:33:17::SCWMssOS::Opened the sw design.  E:/Git-Repos/CNC-FPGA/Vitis3/CNC-PL-FINAL/ps7_cortexa9_0/standalone_domain/bsp/system.mss
TRACE::2026-03-09.17:33:21::SCWMssOS::In reload Mss file.
TRACE::2026-03-09.17:33:21::SCWPlatform::Trying to open the hw design at E:/Git-Repos/CNC-FPGA/Vitis3/CNC-PL-FINAL/hw/CNC_Top_wrapper.xsa
TRACE::2026-03-09.17:33:21::SCWPlatform::DSA given E:/Git-Repos/CNC-FPGA/Vitis3/CNC-PL-FINAL/hw/CNC_Top_wrapper.xsa
TRACE::2026-03-09.17:33:21::SCWPlatform::DSA absoulate path E:/Git-Repos/CNC-FPGA/Vitis3/CNC-PL-FINAL/hw/CNC_Top_wrapper.xsa
TRACE::2026-03-09.17:33:21::SCWPlatform::DSA directory E:/Git-Repos/CNC-FPGA/Vitis3/CNC-PL-FINAL/hw
TRACE::2026-03-09.17:33:21::SCWPlatform:: Platform Path E:/Git-Repos/CNC-FPGA/Vitis3/CNC-PL-FINAL/hw/CNC_Top_wrapper.xsa
TRACE::2026-03-09.17:33:21::SCWPlatform:: Unique name xilinx:zedboard::0.0
TRACE::2026-03-09.17:33:21::SCWPlatform::Trying to set the existing hwdb with name CNC_Top_wrapper_9
TRACE::2026-03-09.17:33:21::SCWPlatform::Opened existing hwdb CNC_Top_wrapper_9
TRACE::2026-03-09.17:33:21::SCWPlatform::Found the Hw Db part of the input DSA
TRACE::2026-03-09.17:33:21::SCWMssOS::Checking the sw design at  E:/Git-Repos/CNC-FPGA/Vitis3/CNC-PL-FINAL/ps7_cortexa9_0/standalone_domain/bsp/system.mss
TRACE::2026-03-09.17:33:21::SCWMssOS::DEBUG:  swdes dump  E:/Git-Repos/CNC-FPGA/Vitis3/CNC-PL-NEW/ps7_cortexa9_0/standalone_domain/bsp/system.mss|system||

TRACE::2026-03-09.17:33:21::SCWMssOS::No sw design opened at  E:/Git-Repos/CNC-FPGA/Vitis3/CNC-PL-FINAL/ps7_cortexa9_0/standalone_domain/bsp/system.mss
TRACE::2026-03-09.17:33:21::SCWMssOS::mss exists loading the mss file  E:/Git-Repos/CNC-FPGA/Vitis3/CNC-PL-FINAL/ps7_cortexa9_0/standalone_domain/bsp/system.mss
TRACE::2026-03-09.17:33:21::SCWMssOS::Opened the sw design from mss  E:/Git-Repos/CNC-FPGA/Vitis3/CNC-PL-FINAL/ps7_cortexa9_0/standalone_domain/bsp/system.mss
TRACE::2026-03-09.17:33:21::SCWMssOS::Adding the swdes entry E:/Git-Repos/CNC-FPGA/Vitis3/CNC-PL-FINAL/ps7_cortexa9_0/standalone_domain/bsp/system.mss with des name system_0
TRACE::2026-03-09.17:33:21::SCWMssOS::updating the scw layer about changes
TRACE::2026-03-09.17:33:21::SCWMssOS::Opened the sw design.  E:/Git-Repos/CNC-FPGA/Vitis3/CNC-PL-FINAL/ps7_cortexa9_0/standalone_domain/bsp/system.mss
TRACE::2026-03-09.17:33:21::SCWPlatform::Trying to open the hw design at E:/Git-Repos/CNC-FPGA/Vitis3/CNC-PL-FINAL/hw/CNC_Top_wrapper.xsa
TRACE::2026-03-09.17:33:21::SCWPlatform::DSA given E:/Git-Repos/CNC-FPGA/Vitis3/CNC-PL-FINAL/hw/CNC_Top_wrapper.xsa
TRACE::2026-03-09.17:33:21::SCWPlatform::DSA absoulate path E:/Git-Repos/CNC-FPGA/Vitis3/CNC-PL-FINAL/hw/CNC_Top_wrapper.xsa
TRACE::2026-03-09.17:33:21::SCWPlatform::DSA directory E:/Git-Repos/CNC-FPGA/Vitis3/CNC-PL-FINAL/hw
TRACE::2026-03-09.17:33:21::SCWPlatform:: Platform Path E:/Git-Repos/CNC-FPGA/Vitis3/CNC-PL-FINAL/hw/CNC_Top_wrapper.xsa
TRACE::2026-03-09.17:33:21::SCWPlatform:: Unique name xilinx:zedboard::0.0
TRACE::2026-03-09.17:33:21::SCWPlatform::Trying to set the existing hwdb with name CNC_Top_wrapper_9
TRACE::2026-03-09.17:33:21::SCWPlatform::Opened existing hwdb CNC_Top_wrapper_9
TRACE::2026-03-09.17:33:21::SCWPlatform::Found the Hw Db part of the input DSA
TRACE::2026-03-09.17:33:21::SCWMssOS::Checking the sw design at  E:/Git-Repos/CNC-FPGA/Vitis3/CNC-PL-FINAL/ps7_cortexa9_0/standalone_domain/bsp/system.mss
TRACE::2026-03-09.17:33:21::SCWMssOS::DEBUG:  swdes dump  E:/Git-Repos/CNC-FPGA/Vitis3/CNC-PL-FINAL/ps7_cortexa9_0/standalone_domain/bsp/system.mss|system_0||
E:/Git-Repos/CNC-FPGA/Vitis3/CNC-PL-NEW/ps7_cortexa9_0/standalone_domain/bsp/system.mss|system||

TRACE::2026-03-09.17:33:21::SCWMssOS::Sw design exists and opened at  E:/Git-Repos/CNC-FPGA/Vitis3/CNC-PL-FINAL/ps7_cortexa9_0/standalone_domain/bsp/system.mss
TRACE::2026-03-09.17:33:21::SCWMssOS:: library already available in sw design:  xilffs:5.3
TRACE::2026-03-09.17:33:21::SCWPlatform::Trying to open the hw design at E:/Git-Repos/CNC-FPGA/Vitis3/CNC-PL-FINAL/hw/CNC_Top_wrapper.xsa
TRACE::2026-03-09.17:33:21::SCWPlatform::DSA given E:/Git-Repos/CNC-FPGA/Vitis3/CNC-PL-FINAL/hw/CNC_Top_wrapper.xsa
TRACE::2026-03-09.17:33:21::SCWPlatform::DSA absoulate path E:/Git-Repos/CNC-FPGA/Vitis3/CNC-PL-FINAL/hw/CNC_Top_wrapper.xsa
TRACE::2026-03-09.17:33:21::SCWPlatform::DSA directory E:/Git-Repos/CNC-FPGA/Vitis3/CNC-PL-FINAL/hw
TRACE::2026-03-09.17:33:21::SCWPlatform:: Platform Path E:/Git-Repos/CNC-FPGA/Vitis3/CNC-PL-FINAL/hw/CNC_Top_wrapper.xsa
TRACE::2026-03-09.17:33:21::SCWPlatform:: Unique name xilinx:zedboard::0.0
TRACE::2026-03-09.17:33:21::SCWPlatform::Trying to set the existing hwdb with name CNC_Top_wrapper_9
TRACE::2026-03-09.17:33:21::SCWPlatform::Opened existing hwdb CNC_Top_wrapper_9
TRACE::2026-03-09.17:33:21::SCWPlatform::Found the Hw Db part of the input DSA
TRACE::2026-03-09.17:33:21::SCWMssOS::Checking the sw design at  E:/Git-Repos/CNC-FPGA/Vitis3/CNC-PL-FINAL/ps7_cortexa9_0/standalone_domain/bsp/system.mss
TRACE::2026-03-09.17:33:21::SCWMssOS::DEBUG:  swdes dump  E:/Git-Repos/CNC-FPGA/Vitis3/CNC-PL-FINAL/ps7_cortexa9_0/standalone_domain/bsp/system.mss|system_0||
E:/Git-Repos/CNC-FPGA/Vitis3/CNC-PL-NEW/ps7_cortexa9_0/standalone_domain/bsp/system.mss|system||

TRACE::2026-03-09.17:33:21::SCWMssOS::Sw design exists and opened at  E:/Git-Repos/CNC-FPGA/Vitis3/CNC-PL-FINAL/ps7_cortexa9_0/standalone_domain/bsp/system.mss
TRACE::2026-03-09.17:33:21::SCWMssOS:: library already available in sw design:  xiltimer:2.1
TRACE::2026-03-09.17:33:21::SCWMssOS::Saving the mss changes E:/Git-Repos/CNC-FPGA/Vitis3/CNC-PL-FINAL/ps7_cortexa9_0/standalone_domain/bsp/system.mss
TRACE::2026-03-09.17:33:21::SCWMssOS::Found a swdesign opened with the mssfile.
TRACE::2026-03-09.17:33:21::SCWMssOS::Completed writemss as part of save.
TRACE::2026-03-09.17:33:21::SCWMssOS::Commit changes completed.
TRACE::2026-03-09.17:33:21::SCWPlatform::Trying to open the hw design at E:/Git-Repos/CNC-FPGA/Vitis3/CNC-PL-FINAL/hw/CNC_Top_wrapper.xsa
TRACE::2026-03-09.17:33:21::SCWPlatform::DSA given E:/Git-Repos/CNC-FPGA/Vitis3/CNC-PL-FINAL/hw/CNC_Top_wrapper.xsa
TRACE::2026-03-09.17:33:21::SCWPlatform::DSA absoulate path E:/Git-Repos/CNC-FPGA/Vitis3/CNC-PL-FINAL/hw/CNC_Top_wrapper.xsa
TRACE::2026-03-09.17:33:21::SCWPlatform::DSA directory E:/Git-Repos/CNC-FPGA/Vitis3/CNC-PL-FINAL/hw
TRACE::2026-03-09.17:33:21::SCWPlatform:: Platform Path E:/Git-Repos/CNC-FPGA/Vitis3/CNC-PL-FINAL/hw/CNC_Top_wrapper.xsa
TRACE::2026-03-09.17:33:21::SCWPlatform:: Unique name xilinx:zedboard::0.0
TRACE::2026-03-09.17:33:21::SCWPlatform::Trying to set the existing hwdb with name CNC_Top_wrapper_9
TRACE::2026-03-09.17:33:21::SCWPlatform::Opened existing hwdb CNC_Top_wrapper_9
TRACE::2026-03-09.17:33:21::SCWPlatform::Found the Hw Db part of the input DSA
TRACE::2026-03-09.17:33:21::SCWMssOS::Checking the sw design at  E:/Git-Repos/CNC-FPGA/Vitis3/CNC-PL-FINAL/ps7_cortexa9_0/standalone_domain/bsp/system.mss
TRACE::2026-03-09.17:33:21::SCWMssOS::DEBUG:  swdes dump  E:/Git-Repos/CNC-FPGA/Vitis3/CNC-PL-FINAL/ps7_cortexa9_0/standalone_domain/bsp/system.mss|system_0||
E:/Git-Repos/CNC-FPGA/Vitis3/CNC-PL-NEW/ps7_cortexa9_0/standalone_domain/bsp/system.mss|system||

TRACE::2026-03-09.17:33:21::SCWMssOS::Sw design exists and opened at  E:/Git-Repos/CNC-FPGA/Vitis3/CNC-PL-FINAL/ps7_cortexa9_0/standalone_domain/bsp/system.mss
TRACE::2026-03-09.17:33:21::SCWMssOS::Removing the swdes entry for  E:/Git-Repos/CNC-FPGA/Vitis3/CNC-PL-FINAL/ps7_cortexa9_0/standalone_domain/bsp/system.mss
LOG::2026-03-09.17:33:29::SCWPlatform::Started generating the artifacts platform CNC-PL-FINAL
TRACE::2026-03-09.17:33:29::SCWPlatform::Sanity checking of platform is completed
LOG::2026-03-09.17:33:29::SCWPlatform::Started generating the artifacts for system configuration CNC-PL-FINAL
LOG::2026-03-09.17:33:29::SCWSystem::Checking the domain zynq_fsbl
LOG::2026-03-09.17:33:29::SCWSystem::Doing application build for :  zynq_fsbl
TRACE::2026-03-09.17:33:29::SCWBDomain::Not a forced makefile updation, No changes are present. 
TRACE::2026-03-09.17:33:29::SCWDomain::Building the domain as part of full build :  zynq_fsbl
TRACE::2026-03-09.17:33:29::SCWPlatform::Trying to open the hw design at E:/Git-Repos/CNC-FPGA/Vitis3/CNC-PL-FINAL/hw/CNC_Top_wrapper.xsa
TRACE::2026-03-09.17:33:29::SCWPlatform::DSA given E:/Git-Repos/CNC-FPGA/Vitis3/CNC-PL-FINAL/hw/CNC_Top_wrapper.xsa
TRACE::2026-03-09.17:33:29::SCWPlatform::DSA absoulate path E:/Git-Repos/CNC-FPGA/Vitis3/CNC-PL-FINAL/hw/CNC_Top_wrapper.xsa
TRACE::2026-03-09.17:33:29::SCWPlatform::DSA directory E:/Git-Repos/CNC-FPGA/Vitis3/CNC-PL-FINAL/hw
TRACE::2026-03-09.17:33:29::SCWPlatform:: Platform Path E:/Git-Repos/CNC-FPGA/Vitis3/CNC-PL-FINAL/hw/CNC_Top_wrapper.xsa
TRACE::2026-03-09.17:33:29::SCWPlatform:: Unique name xilinx:zedboard::0.0
TRACE::2026-03-09.17:33:29::SCWPlatform::Trying to set the existing hwdb with name CNC_Top_wrapper_9
TRACE::2026-03-09.17:33:29::SCWPlatform::Opened existing hwdb CNC_Top_wrapper_9
TRACE::2026-03-09.17:33:29::SCWPlatform::Found the Hw Db part of the input DSA
TRACE::2026-03-09.17:33:29::SCWMssOS::Checking the sw design at  E:/Git-Repos/CNC-FPGA/Vitis3/CNC-PL-FINAL/zynq_fsbl/zynq_fsbl_bsp/system.mss
TRACE::2026-03-09.17:33:29::SCWMssOS::DEBUG:  swdes dump  E:/Git-Repos/CNC-FPGA/Vitis3/CNC-PL-NEW/ps7_cortexa9_0/standalone_domain/bsp/system.mss|system||

TRACE::2026-03-09.17:33:29::SCWMssOS::No sw design opened at  E:/Git-Repos/CNC-FPGA/Vitis3/CNC-PL-FINAL/zynq_fsbl/zynq_fsbl_bsp/system.mss
TRACE::2026-03-09.17:33:29::SCWMssOS::mss exists loading the mss file  E:/Git-Repos/CNC-FPGA/Vitis3/CNC-PL-FINAL/zynq_fsbl/zynq_fsbl_bsp/system.mss
TRACE::2026-03-09.17:33:29::SCWMssOS::Opened the sw design from mss  E:/Git-Repos/CNC-FPGA/Vitis3/CNC-PL-FINAL/zynq_fsbl/zynq_fsbl_bsp/system.mss
TRACE::2026-03-09.17:33:29::SCWMssOS::Adding the swdes entry E:/Git-Repos/CNC-FPGA/Vitis3/CNC-PL-FINAL/zynq_fsbl/zynq_fsbl_bsp/system.mss with des name system_0
TRACE::2026-03-09.17:33:29::SCWMssOS::updating the scw layer about changes
TRACE::2026-03-09.17:33:29::SCWMssOS::Opened the sw design.  E:/Git-Repos/CNC-FPGA/Vitis3/CNC-PL-FINAL/zynq_fsbl/zynq_fsbl_bsp/system.mss
TRACE::2026-03-09.17:33:29::SCWBDomain::Completed writing the mss file at E:/Git-Repos/CNC-FPGA/Vitis3/CNC-PL-FINAL/zynq_fsbl/zynq_fsbl_bsp
TRACE::2026-03-09.17:33:29::SCWBDomain::bsp generated is upto date with the mss file. Skipping bsp generation.
TRACE::2026-03-09.17:33:29::SCWBDomain::Not a forced makefile updation, No changes are present. 
TRACE::2026-03-09.17:33:29::SCWBDomain::System Command Ran  E:&  cd  E:/Git-Repos/CNC-FPGA/Vitis3/CNC-PL-FINAL/zynq_fsbl& make -C  zynq_fsbl_bsp & make 
TRACE::2026-03-09.17:33:29::SCWBDomain::make: Entering directory 'E:/Git-Repos/CNC-FPGA/Vitis3/CNC-PL-FINAL/zynq_fsbl/zynq_fsbl_bsp'

TRACE::2026-03-09.17:33:29::SCWBDomain::make --no-print-directory seq_libs

TRACE::2026-03-09.17:33:29::SCWBDomain::"Running Make include in ps7_cortexa9_0/libsrc/coresightps_dcc_v1_11/src"

TRACE::2026-03-09.17:33:29::SCWBDomain::make -C ps7_cortexa9_0/libsrc/coresightps_dcc_v1_11/src -s include  "SHELL=CMD" "COMPILER=arm-none-eabi-gcc" "ASSEMBLER=arm-non
TRACE::2026-03-09.17:33:29::SCWBDomain::e-eabi-as" "ARCHIVER=arm-none-eabi-ar" "COMPILER_FLAGS=  -O2 -c" "EXTRA_COMPILER_FLAGS=-mcpu=cortex-a9 -mfpu=vfpv3 -mfloat-abi=
TRACE::2026-03-09.17:33:29::SCWBDomain::hard -nostartfiles -g -Wall -Wextra -fno-tree-loop-distribute-patterns"

TRACE::2026-03-09.17:33:29::SCWBDomain::"Running Make include in ps7_cortexa9_0/libsrc/cpu_cortexa9_v2_12/src"

TRACE::2026-03-09.17:33:29::SCWBDomain::make -C ps7_cortexa9_0/libsrc/cpu_cortexa9_v2_12/src -s include  "SHELL=CMD" "COMPILER=arm-none-eabi-gcc" "ASSEMBLER=arm-none-e
TRACE::2026-03-09.17:33:29::SCWBDomain::abi-as" "ARCHIVER=arm-none-eabi-ar" "COMPILER_FLAGS=  -O2 -c" "EXTRA_COMPILER_FLAGS=-mcpu=cortex-a9 -mfpu=vfpv3 -mfloat-abi=har
TRACE::2026-03-09.17:33:29::SCWBDomain::d -nostartfiles -g -Wall -Wextra -fno-tree-loop-distribute-patterns"

TRACE::2026-03-09.17:33:29::SCWBDomain::"Running Make include in ps7_cortexa9_0/libsrc/ddrps_v1_2/src"

TRACE::2026-03-09.17:33:29::SCWBDomain::make -C ps7_cortexa9_0/libsrc/ddrps_v1_2/src -s include  "SHELL=CMD" "COMPILER=arm-none-eabi-gcc" "ASSEMBLER=arm-none-eabi-as" 
TRACE::2026-03-09.17:33:29::SCWBDomain::"ARCHIVER=arm-none-eabi-ar" "COMPILER_FLAGS=  -O2 -c" "EXTRA_COMPILER_FLAGS=-mcpu=cortex-a9 -mfpu=vfpv3 -mfloat-abi=hard -nosta
TRACE::2026-03-09.17:33:29::SCWBDomain::rtfiles -g -Wall -Wextra -fno-tree-loop-distribute-patterns"

TRACE::2026-03-09.17:33:30::SCWBDomain::"Running Make include in ps7_cortexa9_0/libsrc/devcfg_v3_8/src"

TRACE::2026-03-09.17:33:30::SCWBDomain::make -C ps7_cortexa9_0/libsrc/devcfg_v3_8/src -s include  "SHELL=CMD" "COMPILER=arm-none-eabi-gcc" "ASSEMBLER=arm-none-eabi-as"
TRACE::2026-03-09.17:33:30::SCWBDomain:: "ARCHIVER=arm-none-eabi-ar" "COMPILER_FLAGS=  -O2 -c" "EXTRA_COMPILER_FLAGS=-mcpu=cortex-a9 -mfpu=vfpv3 -mfloat-abi=hard -nost
TRACE::2026-03-09.17:33:30::SCWBDomain::artfiles -g -Wall -Wextra -fno-tree-loop-distribute-patterns"

TRACE::2026-03-09.17:33:30::SCWBDomain::"Running Make include in ps7_cortexa9_0/libsrc/dmaps_v2_11/src"

TRACE::2026-03-09.17:33:30::SCWBDomain::make -C ps7_cortexa9_0/libsrc/dmaps_v2_11/src -s include  "SHELL=CMD" "COMPILER=arm-none-eabi-gcc" "ASSEMBLER=arm-none-eabi-as"
TRACE::2026-03-09.17:33:30::SCWBDomain:: "ARCHIVER=arm-none-eabi-ar" "COMPILER_FLAGS=  -O2 -c" "EXTRA_COMPILER_FLAGS=-mcpu=cortex-a9 -mfpu=vfpv3 -mfloat-abi=hard -nost
TRACE::2026-03-09.17:33:30::SCWBDomain::artfiles -g -Wall -Wextra -fno-tree-loop-distribute-patterns"

TRACE::2026-03-09.17:33:30::SCWBDomain::"Running Make include in ps7_cortexa9_0/libsrc/gpio_v4_12/src"

TRACE::2026-03-09.17:33:30::SCWBDomain::make -C ps7_cortexa9_0/libsrc/gpio_v4_12/src -s include  "SHELL=CMD" "COMPILER=arm-none-eabi-gcc" "ASSEMBLER=arm-none-eabi-as" 
TRACE::2026-03-09.17:33:30::SCWBDomain::"ARCHIVER=arm-none-eabi-ar" "COMPILER_FLAGS=  -O2 -c" "EXTRA_COMPILER_FLAGS=-mcpu=cortex-a9 -mfpu=vfpv3 -mfloat-abi=hard -nosta
TRACE::2026-03-09.17:33:30::SCWBDomain::rtfiles -g -Wall -Wextra -fno-tree-loop-distribute-patterns"

TRACE::2026-03-09.17:33:30::SCWBDomain::"Running Make include in ps7_cortexa9_0/libsrc/scugic_v5_4/src"

TRACE::2026-03-09.17:33:30::SCWBDomain::make -C ps7_cortexa9_0/libsrc/scugic_v5_4/src -s include  "SHELL=CMD" "COMPILER=arm-none-eabi-gcc" "ASSEMBLER=arm-none-eabi-as"
TRACE::2026-03-09.17:33:30::SCWBDomain:: "ARCHIVER=arm-none-eabi-ar" "COMPILER_FLAGS=  -O2 -c" "EXTRA_COMPILER_FLAGS=-mcpu=cortex-a9 -mfpu=vfpv3 -mfloat-abi=hard -nost
TRACE::2026-03-09.17:33:30::SCWBDomain::artfiles -g -Wall -Wextra -fno-tree-loop-distribute-patterns"

TRACE::2026-03-09.17:33:30::SCWBDomain::"Running Make include in ps7_cortexa9_0/libsrc/scutimer_v2_6/src"

TRACE::2026-03-09.17:33:30::SCWBDomain::make -C ps7_cortexa9_0/libsrc/scutimer_v2_6/src -s include  "SHELL=CMD" "COMPILER=arm-none-eabi-gcc" "ASSEMBLER=arm-none-eabi-a
TRACE::2026-03-09.17:33:30::SCWBDomain::s" "ARCHIVER=arm-none-eabi-ar" "COMPILER_FLAGS=  -O2 -c" "EXTRA_COMPILER_FLAGS=-mcpu=cortex-a9 -mfpu=vfpv3 -mfloat-abi=hard -no
TRACE::2026-03-09.17:33:30::SCWBDomain::startfiles -g -Wall -Wextra -fno-tree-loop-distribute-patterns"

TRACE::2026-03-09.17:33:30::SCWBDomain::"Running Make include in ps7_cortexa9_0/libsrc/scuwdt_v2_6/src"

TRACE::2026-03-09.17:33:30::SCWBDomain::make -C ps7_cortexa9_0/libsrc/scuwdt_v2_6/src -s include  "SHELL=CMD" "COMPILER=arm-none-eabi-gcc" "ASSEMBLER=arm-none-eabi-as"
TRACE::2026-03-09.17:33:30::SCWBDomain:: "ARCHIVER=arm-none-eabi-ar" "COMPILER_FLAGS=  -O2 -c" "EXTRA_COMPILER_FLAGS=-mcpu=cortex-a9 -mfpu=vfpv3 -mfloat-abi=hard -nost
TRACE::2026-03-09.17:33:30::SCWBDomain::artfiles -g -Wall -Wextra -fno-tree-loop-distribute-patterns"

TRACE::2026-03-09.17:33:30::SCWBDomain::"Running Make include in ps7_cortexa9_0/libsrc/sdps_v4_4/src"

TRACE::2026-03-09.17:33:30::SCWBDomain::make -C ps7_cortexa9_0/libsrc/sdps_v4_4/src -s include  "SHELL=CMD" "COMPILER=arm-none-eabi-gcc" "ASSEMBLER=arm-none-eabi-as" "
TRACE::2026-03-09.17:33:30::SCWBDomain::ARCHIVER=arm-none-eabi-ar" "COMPILER_FLAGS=  -O2 -c" "EXTRA_COMPILER_FLAGS=-mcpu=cortex-a9 -mfpu=vfpv3 -mfloat-abi=hard -nostar
TRACE::2026-03-09.17:33:30::SCWBDomain::tfiles -g -Wall -Wextra -fno-tree-loop-distribute-patterns"

TRACE::2026-03-09.17:33:30::SCWBDomain::"Running Make include in ps7_cortexa9_0/libsrc/standalone_v9_2/src"

TRACE::2026-03-09.17:33:30::SCWBDomain::make -C ps7_cortexa9_0/libsrc/standalone_v9_2/src -s include  "SHELL=CMD" "COMPILER=arm-none-eabi-gcc" "ASSEMBLER=arm-none-eabi
TRACE::2026-03-09.17:33:30::SCWBDomain::-as" "ARCHIVER=arm-none-eabi-ar" "COMPILER_FLAGS=  -O2 -c" "EXTRA_COMPILER_FLAGS=-mcpu=cortex-a9 -mfpu=vfpv3 -mfloat-abi=hard -
TRACE::2026-03-09.17:33:30::SCWBDomain::nostartfiles -g -Wall -Wextra -fno-tree-loop-distribute-patterns"

TRACE::2026-03-09.17:33:32::SCWBDomain::"Running Make include in ps7_cortexa9_0/libsrc/uartps_v3_15/src"

TRACE::2026-03-09.17:33:32::SCWBDomain::make -C ps7_cortexa9_0/libsrc/uartps_v3_15/src -s include  "SHELL=CMD" "COMPILER=arm-none-eabi-gcc" "ASSEMBLER=arm-none-eabi-as
TRACE::2026-03-09.17:33:32::SCWBDomain::" "ARCHIVER=arm-none-eabi-ar" "COMPILER_FLAGS=  -O2 -c" "EXTRA_COMPILER_FLAGS=-mcpu=cortex-a9 -mfpu=vfpv3 -mfloat-abi=hard -nos
TRACE::2026-03-09.17:33:32::SCWBDomain::tartfiles -g -Wall -Wextra -fno-tree-loop-distribute-patterns"

TRACE::2026-03-09.17:33:32::SCWBDomain::"Running Make include in ps7_cortexa9_0/libsrc/xadcps_v2_7/src"

TRACE::2026-03-09.17:33:32::SCWBDomain::make -C ps7_cortexa9_0/libsrc/xadcps_v2_7/src -s include  "SHELL=CMD" "COMPILER=arm-none-eabi-gcc" "ASSEMBLER=arm-none-eabi-as"
TRACE::2026-03-09.17:33:32::SCWBDomain:: "ARCHIVER=arm-none-eabi-ar" "COMPILER_FLAGS=  -O2 -c" "EXTRA_COMPILER_FLAGS=-mcpu=cortex-a9 -mfpu=vfpv3 -mfloat-abi=hard -nost
TRACE::2026-03-09.17:33:32::SCWBDomain::artfiles -g -Wall -Wextra -fno-tree-loop-distribute-patterns"

TRACE::2026-03-09.17:33:32::SCWBDomain::"Running Make include in ps7_cortexa9_0/libsrc/xilffs_v5_3/src"

TRACE::2026-03-09.17:33:32::SCWBDomain::make -C ps7_cortexa9_0/libsrc/xilffs_v5_3/src -s include  "SHELL=CMD" "COMPILER=arm-none-eabi-gcc" "ASSEMBLER=arm-none-eabi-as"
TRACE::2026-03-09.17:33:32::SCWBDomain:: "ARCHIVER=arm-none-eabi-ar" "COMPILER_FLAGS=  -O2 -c" "EXTRA_COMPILER_FLAGS=-mcpu=cortex-a9 -mfpu=vfpv3 -mfloat-abi=hard -nost
TRACE::2026-03-09.17:33:32::SCWBDomain::artfiles -g -Wall -Wextra -fno-tree-loop-distribute-patterns"

TRACE::2026-03-09.17:33:32::SCWBDomain::"Running Make include in ps7_cortexa9_0/libsrc/xilrsa_v1_8/src"

TRACE::2026-03-09.17:33:32::SCWBDomain::make -C ps7_cortexa9_0/libsrc/xilrsa_v1_8/src -s include  "SHELL=CMD" "COMPILER=arm-none-eabi-gcc" "ASSEMBLER=arm-none-eabi-as"
TRACE::2026-03-09.17:33:32::SCWBDomain:: "ARCHIVER=arm-none-eabi-ar" "COMPILER_FLAGS=  -O2 -c" "EXTRA_COMPILER_FLAGS=-mcpu=cortex-a9 -mfpu=vfpv3 -mfloat-abi=hard -nost
TRACE::2026-03-09.17:33:32::SCWBDomain::artfiles -g -Wall -Wextra -fno-tree-loop-distribute-patterns"

TRACE::2026-03-09.17:33:33::SCWBDomain::"Running Make libs in ps7_cortexa9_0/libsrc/xilrsa_v1_8/src"

TRACE::2026-03-09.17:33:33::SCWBDomain::make -C ps7_cortexa9_0/libsrc/xilrsa_v1_8/src -s libs  "SHELL=CMD" "COMPILER=arm-none-eabi-gcc" "ASSEMBLER=arm-none-eabi-as" "A
TRACE::2026-03-09.17:33:33::SCWBDomain::RCHIVER=arm-none-eabi-ar" "COMPILER_FLAGS=  -O2 -c" "EXTRA_COMPILER_FLAGS=-mcpu=cortex-a9 -mfpu=vfpv3 -mfloat-abi=hard -nostart
TRACE::2026-03-09.17:33:33::SCWBDomain::files -g -Wall -Wextra -fno-tree-loop-distribute-patterns"

TRACE::2026-03-09.17:33:33::SCWBDomain::'Finished building libraries sequentially.'

TRACE::2026-03-09.17:33:33::SCWBDomain::make -j 22 --no-print-directory par_libs

TRACE::2026-03-09.17:33:33::SCWBDomain::"Running Make include in ps7_cortexa9_0/libsrc/coresightps_dcc_v1_11/src"

TRACE::2026-03-09.17:33:33::SCWBDomain::make -C ps7_cortexa9_0/libsrc/coresightps_dcc_v1_11/src -s include  "SHELL=CMD" "COMPILER=arm-none-eabi-gcc" "ASSEMBLER=arm-non
TRACE::2026-03-09.17:33:33::SCWBDomain::e-eabi-as" "ARCHIVER=arm-none-eabi-ar" "COMPILER_FLAGS=  -O2 -c" "EXTRA_COMPILER_FLAGS=-mcpu=cortex-a9 -mfpu=vfpv3 -mfloat-abi=
TRACE::2026-03-09.17:33:33::SCWBDomain::hard -nostartfiles -g -Wall -Wextra -fno-tree-loop-distribute-patterns"

TRACE::2026-03-09.17:33:33::SCWBDomain::"Running Make include in ps7_cortexa9_0/libsrc/cpu_cortexa9_v2_12/src"

TRACE::2026-03-09.17:33:33::SCWBDomain::make -C ps7_cortexa9_0/libsrc/cpu_cortexa9_v2_12/src -s include  "SHELL=CMD" "COMPILER=arm-none-eabi-gcc" "ASSEMBLER=arm-none-e
TRACE::2026-03-09.17:33:33::SCWBDomain::abi-as" "ARCHIVER=arm-none-eabi-ar" "COMPILER_FLAGS=  -O2 -c" "EXTRA_COMPILER_FLAGS=-mcpu=cortex-a9 -mfpu=vfpv3 -mfloat-abi=har
TRACE::2026-03-09.17:33:33::SCWBDomain::d -nostartfiles -g -Wall -Wextra -fno-tree-loop-distribute-patterns"

TRACE::2026-03-09.17:33:33::SCWBDomain::"Running Make include in ps7_cortexa9_0/libsrc/ddrps_v1_2/src"

TRACE::2026-03-09.17:33:33::SCWBDomain::make -C ps7_cortexa9_0/libsrc/ddrps_v1_2/src -s include  "SHELL=CMD" "COMPILER=arm-none-eabi-gcc" "ASSEMBLER=arm-none-eabi-as" 
TRACE::2026-03-09.17:33:33::SCWBDomain::"ARCHIVER=arm-none-eabi-ar" "COMPILER_FLAGS=  -O2 -c" "EXTRA_COMPILER_FLAGS=-mcpu=cortex-a9 -mfpu=vfpv3 -mfloat-abi=hard -nosta
TRACE::2026-03-09.17:33:33::SCWBDomain::rtfiles -g -Wall -Wextra -fno-tree-loop-distribute-patterns"

TRACE::2026-03-09.17:33:33::SCWBDomain::"Running Make include in ps7_cortexa9_0/libsrc/devcfg_v3_8/src"

TRACE::2026-03-09.17:33:33::SCWBDomain::make -C ps7_cortexa9_0/libsrc/devcfg_v3_8/src -s include  "SHELL=CMD" "COMPILER=arm-none-eabi-gcc" "ASSEMBLER=arm-none-eabi-as"
TRACE::2026-03-09.17:33:33::SCWBDomain:: "ARCHIVER=arm-none-eabi-ar" "COMPILER_FLAGS=  -O2 -c" "EXTRA_COMPILER_FLAGS=-mcpu=cortex-a9 -mfpu=vfpv3 -mfloat-abi=hard -nost
TRACE::2026-03-09.17:33:33::SCWBDomain::artfiles -g -Wall -Wextra -fno-tree-loop-distribute-patterns"

TRACE::2026-03-09.17:33:33::SCWBDomain::"Running Make include in ps7_cortexa9_0/libsrc/dmaps_v2_11/src"

TRACE::2026-03-09.17:33:33::SCWBDomain::make -C ps7_cortexa9_0/libsrc/dmaps_v2_11/src -s include  "SHELL=CMD" "COMPILER=arm-none-eabi-gcc" "ASSEMBLER=arm-none-eabi-as"
TRACE::2026-03-09.17:33:33::SCWBDomain:: "ARCHIVER=arm-none-eabi-ar" "COMPILER_FLAGS=  -O2 -c" "EXTRA_COMPILER_FLAGS=-mcpu=cortex-a9 -mfpu=vfpv3 -mfloat-abi=hard -nost
TRACE::2026-03-09.17:33:33::SCWBDomain::artfiles -g -Wall -Wextra -fno-tree-loop-distribute-patterns"

TRACE::2026-03-09.17:33:33::SCWBDomain::"Running Make include in ps7_cortexa9_0/libsrc/gpio_v4_12/src"

TRACE::2026-03-09.17:33:33::SCWBDomain::make -C ps7_cortexa9_0/libsrc/gpio_v4_12/src -s include  "SHELL=CMD" "COMPILER=arm-none-eabi-gcc" "ASSEMBLER=arm-none-eabi-as" 
TRACE::2026-03-09.17:33:33::SCWBDomain::"ARCHIVER=arm-none-eabi-ar" "COMPILER_FLAGS=  -O2 -c" "EXTRA_COMPILER_FLAGS=-mcpu=cortex-a9 -mfpu=vfpv3 -mfloat-abi=hard -nosta
TRACE::2026-03-09.17:33:33::SCWBDomain::rtfiles -g -Wall -Wextra -fno-tree-loop-distribute-patterns"

TRACE::2026-03-09.17:33:33::SCWBDomain::"Running Make include in ps7_cortexa9_0/libsrc/scugic_v5_4/src"

TRACE::2026-03-09.17:33:33::SCWBDomain::make -C ps7_cortexa9_0/libsrc/scugic_v5_4/src -s include  "SHELL=CMD" "COMPILER=arm-none-eabi-gcc" "ASSEMBLER=arm-none-eabi-as"
TRACE::2026-03-09.17:33:33::SCWBDomain:: "ARCHIVER=arm-none-eabi-ar" "COMPILER_FLAGS=  -O2 -c" "EXTRA_COMPILER_FLAGS=-mcpu=cortex-a9 -mfpu=vfpv3 -mfloat-abi=hard -nost
TRACE::2026-03-09.17:33:33::SCWBDomain::artfiles -g -Wall -Wextra -fno-tree-loop-distribute-patterns"

TRACE::2026-03-09.17:33:33::SCWBDomain::"Running Make include in ps7_cortexa9_0/libsrc/scutimer_v2_6/src"

TRACE::2026-03-09.17:33:33::SCWBDomain::make -C ps7_cortexa9_0/libsrc/scutimer_v2_6/src -s include  "SHELL=CMD" "COMPILER=arm-none-eabi-gcc" "ASSEMBLER=arm-none-eabi-a
TRACE::2026-03-09.17:33:33::SCWBDomain::s" "ARCHIVER=arm-none-eabi-ar" "COMPILER_FLAGS=  -O2 -c" "EXTRA_COMPILER_FLAGS=-mcpu=cortex-a9 -mfpu=vfpv3 -mfloat-abi=hard -no
TRACE::2026-03-09.17:33:33::SCWBDomain::startfiles -g -Wall -Wextra -fno-tree-loop-distribute-patterns"

TRACE::2026-03-09.17:33:33::SCWBDomain::"Running Make include in ps7_cortexa9_0/libsrc/scuwdt_v2_6/src"

TRACE::2026-03-09.17:33:33::SCWBDomain::make -C ps7_cortexa9_0/libsrc/scuwdt_v2_6/src -s include  "SHELL=CMD" "COMPILER=arm-none-eabi-gcc" "ASSEMBLER=arm-none-eabi-as"
TRACE::2026-03-09.17:33:33::SCWBDomain:: "ARCHIVER=arm-none-eabi-ar" "COMPILER_FLAGS=  -O2 -c" "EXTRA_COMPILER_FLAGS=-mcpu=cortex-a9 -mfpu=vfpv3 -mfloat-abi=hard -nost
TRACE::2026-03-09.17:33:33::SCWBDomain::artfiles -g -Wall -Wextra -fno-tree-loop-distribute-patterns"

TRACE::2026-03-09.17:33:33::SCWBDomain::"Running Make include in ps7_cortexa9_0/libsrc/sdps_v4_4/src"

TRACE::2026-03-09.17:33:33::SCWBDomain::make -C ps7_cortexa9_0/libsrc/sdps_v4_4/src -s include  "SHELL=CMD" "COMPILER=arm-none-eabi-gcc" "ASSEMBLER=arm-none-eabi-as" "
TRACE::2026-03-09.17:33:33::SCWBDomain::ARCHIVER=arm-none-eabi-ar" "COMPILER_FLAGS=  -O2 -c" "EXTRA_COMPILER_FLAGS=-mcpu=cortex-a9 -mfpu=vfpv3 -mfloat-abi=hard -nostar
TRACE::2026-03-09.17:33:33::SCWBDomain::tfiles -g -Wall -Wextra -fno-tree-loop-distribute-patterns"

TRACE::2026-03-09.17:33:33::SCWBDomain::"Running Make include in ps7_cortexa9_0/libsrc/standalone_v9_2/src"

TRACE::2026-03-09.17:33:33::SCWBDomain::make -C ps7_cortexa9_0/libsrc/standalone_v9_2/src -s include  "SHELL=CMD" "COMPILER=arm-none-eabi-gcc" "ASSEMBLER=arm-none-eabi
TRACE::2026-03-09.17:33:33::SCWBDomain::-as" "ARCHIVER=arm-none-eabi-ar" "COMPILER_FLAGS=  -O2 -c" "EXTRA_COMPILER_FLAGS=-mcpu=cortex-a9 -mfpu=vfpv3 -mfloat-abi=hard -
TRACE::2026-03-09.17:33:33::SCWBDomain::nostartfiles -g -Wall -Wextra -fno-tree-loop-distribute-patterns"

TRACE::2026-03-09.17:33:33::SCWBDomain::"Running Make include in ps7_cortexa9_0/libsrc/uartps_v3_15/src"

TRACE::2026-03-09.17:33:33::SCWBDomain::make -C ps7_cortexa9_0/libsrc/uartps_v3_15/src -s include  "SHELL=CMD" "COMPILER=arm-none-eabi-gcc" "ASSEMBLER=arm-none-eabi-as
TRACE::2026-03-09.17:33:33::SCWBDomain::" "ARCHIVER=arm-none-eabi-ar" "COMPILER_FLAGS=  -O2 -c" "EXTRA_COMPILER_FLAGS=-mcpu=cortex-a9 -mfpu=vfpv3 -mfloat-abi=hard -nos
TRACE::2026-03-09.17:33:33::SCWBDomain::tartfiles -g -Wall -Wextra -fno-tree-loop-distribute-patterns"

TRACE::2026-03-09.17:33:33::SCWBDomain::"Running Make include in ps7_cortexa9_0/libsrc/xadcps_v2_7/src"

TRACE::2026-03-09.17:33:33::SCWBDomain::make -C ps7_cortexa9_0/libsrc/xadcps_v2_7/src -s include  "SHELL=CMD" "COMPILER=arm-none-eabi-gcc" "ASSEMBLER=arm-none-eabi-as"
TRACE::2026-03-09.17:33:33::SCWBDomain:: "ARCHIVER=arm-none-eabi-ar" "COMPILER_FLAGS=  -O2 -c" "EXTRA_COMPILER_FLAGS=-mcpu=cortex-a9 -mfpu=vfpv3 -mfloat-abi=hard -nost
TRACE::2026-03-09.17:33:33::SCWBDomain::artfiles -g -Wall -Wextra -fno-tree-loop-distribute-patterns"

TRACE::2026-03-09.17:33:33::SCWBDomain::"Running Make include in ps7_cortexa9_0/libsrc/xilffs_v5_3/src"

TRACE::2026-03-09.17:33:33::SCWBDomain::make -C ps7_cortexa9_0/libsrc/xilffs_v5_3/src -s include  "SHELL=CMD" "COMPILER=arm-none-eabi-gcc" "ASSEMBLER=arm-none-eabi-as"
TRACE::2026-03-09.17:33:33::SCWBDomain:: "ARCHIVER=arm-none-eabi-ar" "COMPILER_FLAGS=  -O2 -c" "EXTRA_COMPILER_FLAGS=-mcpu=cortex-a9 -mfpu=vfpv3 -mfloat-abi=hard -nost
TRACE::2026-03-09.17:33:33::SCWBDomain::artfiles -g -Wall -Wextra -fno-tree-loop-distribute-patterns"

TRACE::2026-03-09.17:33:33::SCWBDomain::"Running Make include in ps7_cortexa9_0/libsrc/xilrsa_v1_8/src"

TRACE::2026-03-09.17:33:33::SCWBDomain::make -C ps7_cortexa9_0/libsrc/xilrsa_v1_8/src -s include  "SHELL=CMD" "COMPILER=arm-none-eabi-gcc" "ASSEMBLER=arm-none-eabi-as"
TRACE::2026-03-09.17:33:33::SCWBDomain:: "ARCHIVER=arm-none-eabi-ar" "COMPILER_FLAGS=  -O2 -c" "EXTRA_COMPILER_FLAGS=-mcpu=cortex-a9 -mfpu=vfpv3 -mfloat-abi=hard -nost
TRACE::2026-03-09.17:33:33::SCWBDomain::artfiles -g -Wall -Wextra -fno-tree-loop-distribute-patterns"

TRACE::2026-03-09.17:33:33::SCWBDomain::"Running Make libs in ps7_cortexa9_0/libsrc/coresightps_dcc_v1_11/src"

TRACE::2026-03-09.17:33:33::SCWBDomain::make -C ps7_cortexa9_0/libsrc/coresightps_dcc_v1_11/src -s libs  "SHELL=CMD" "COMPILER=arm-none-eabi-gcc" "ASSEMBLER=arm-none-e
TRACE::2026-03-09.17:33:33::SCWBDomain::abi-as" "ARCHIVER=arm-none-eabi-ar" "COMPILER_FLAGS=  -O2 -c" "EXTRA_COMPILER_FLAGS=-mcpu=cortex-a9 -mfpu=vfpv3 -mfloat-abi=har
TRACE::2026-03-09.17:33:33::SCWBDomain::d -nostartfiles -g -Wall -Wextra -fno-tree-loop-distribute-patterns"

TRACE::2026-03-09.17:33:33::SCWBDomain::"Running Make libs in ps7_cortexa9_0/libsrc/cpu_cortexa9_v2_12/src"

TRACE::2026-03-09.17:33:33::SCWBDomain::make -C ps7_cortexa9_0/libsrc/cpu_cortexa9_v2_12/src -s libs  "SHELL=CMD" "COMPILER=arm-none-eabi-gcc" "ASSEMBLER=arm-none-eabi
TRACE::2026-03-09.17:33:33::SCWBDomain::-as" "ARCHIVER=arm-none-eabi-ar" "COMPILER_FLAGS=  -O2 -c" "EXTRA_COMPILER_FLAGS=-mcpu=cortex-a9 -mfpu=vfpv3 -mfloat-abi=hard -
TRACE::2026-03-09.17:33:33::SCWBDomain::nostartfiles -g -Wall -Wextra -fno-tree-loop-distribute-patterns"

TRACE::2026-03-09.17:33:33::SCWBDomain::"Running Make libs in ps7_cortexa9_0/libsrc/ddrps_v1_2/src"

TRACE::2026-03-09.17:33:33::SCWBDomain::make -C ps7_cortexa9_0/libsrc/ddrps_v1_2/src -s libs  "SHELL=CMD" "COMPILER=arm-none-eabi-gcc" "ASSEMBLER=arm-none-eabi-as" "AR
TRACE::2026-03-09.17:33:33::SCWBDomain::CHIVER=arm-none-eabi-ar" "COMPILER_FLAGS=  -O2 -c" "EXTRA_COMPILER_FLAGS=-mcpu=cortex-a9 -mfpu=vfpv3 -mfloat-abi=hard -nostartf
TRACE::2026-03-09.17:33:33::SCWBDomain::iles -g -Wall -Wextra -fno-tree-loop-distribute-patterns"

TRACE::2026-03-09.17:33:33::SCWBDomain::"Running Make libs in ps7_cortexa9_0/libsrc/devcfg_v3_8/src"

TRACE::2026-03-09.17:33:33::SCWBDomain::make -C ps7_cortexa9_0/libsrc/devcfg_v3_8/src -s libs  "SHELL=CMD" "COMPILER=arm-none-eabi-gcc" "ASSEMBLER=arm-none-eabi-as" "A
TRACE::2026-03-09.17:33:33::SCWBDomain::RCHIVER=arm-none-eabi-ar" "COMPILER_FLAGS=  -O2 -c" "EXTRA_COMPILER_FLAGS=-mcpu=cortex-a9 -mfpu=vfpv3 -mfloat-abi=hard -nostart
TRACE::2026-03-09.17:33:33::SCWBDomain::files -g -Wall -Wextra -fno-tree-loop-distribute-patterns"

TRACE::2026-03-09.17:33:33::SCWBDomain::"Running Make libs in ps7_cortexa9_0/libsrc/dmaps_v2_11/src"

TRACE::2026-03-09.17:33:33::SCWBDomain::make -C ps7_cortexa9_0/libsrc/dmaps_v2_11/src -s libs  "SHELL=CMD" "COMPILER=arm-none-eabi-gcc" "ASSEMBLER=arm-none-eabi-as" "A
TRACE::2026-03-09.17:33:33::SCWBDomain::RCHIVER=arm-none-eabi-ar" "COMPILER_FLAGS=  -O2 -c" "EXTRA_COMPILER_FLAGS=-mcpu=cortex-a9 -mfpu=vfpv3 -mfloat-abi=hard -nostart
TRACE::2026-03-09.17:33:33::SCWBDomain::files -g -Wall -Wextra -fno-tree-loop-distribute-patterns"

TRACE::2026-03-09.17:33:33::SCWBDomain::"Running Make libs in ps7_cortexa9_0/libsrc/gpio_v4_12/src"

TRACE::2026-03-09.17:33:33::SCWBDomain::make -C ps7_cortexa9_0/libsrc/gpio_v4_12/src -s libs  "SHELL=CMD" "COMPILER=arm-none-eabi-gcc" "ASSEMBLER=arm-none-eabi-as" "AR
TRACE::2026-03-09.17:33:33::SCWBDomain::CHIVER=arm-none-eabi-ar" "COMPILER_FLAGS=  -O2 -c" "EXTRA_COMPILER_FLAGS=-mcpu=cortex-a9 -mfpu=vfpv3 -mfloat-abi=hard -nostartf
TRACE::2026-03-09.17:33:33::SCWBDomain::iles -g -Wall -Wextra -fno-tree-loop-distribute-patterns"

TRACE::2026-03-09.17:33:33::SCWBDomain::"Running Make libs in ps7_cortexa9_0/libsrc/scugic_v5_4/src"

TRACE::2026-03-09.17:33:33::SCWBDomain::make -C ps7_cortexa9_0/libsrc/scugic_v5_4/src -s libs  "SHELL=CMD" "COMPILER=arm-none-eabi-gcc" "ASSEMBLER=arm-none-eabi-as" "A
TRACE::2026-03-09.17:33:33::SCWBDomain::RCHIVER=arm-none-eabi-ar" "COMPILER_FLAGS=  -O2 -c" "EXTRA_COMPILER_FLAGS=-mcpu=cortex-a9 -mfpu=vfpv3 -mfloat-abi=hard -nostart
TRACE::2026-03-09.17:33:33::SCWBDomain::files -g -Wall -Wextra -fno-tree-loop-distribute-patterns"

TRACE::2026-03-09.17:33:33::SCWBDomain::"Running Make libs in ps7_cortexa9_0/libsrc/scutimer_v2_6/src"

TRACE::2026-03-09.17:33:33::SCWBDomain::make -C ps7_cortexa9_0/libsrc/scutimer_v2_6/src -s libs  "SHELL=CMD" "COMPILER=arm-none-eabi-gcc" "ASSEMBLER=arm-none-eabi-as" 
TRACE::2026-03-09.17:33:33::SCWBDomain::"ARCHIVER=arm-none-eabi-ar" "COMPILER_FLAGS=  -O2 -c" "EXTRA_COMPILER_FLAGS=-mcpu=cortex-a9 -mfpu=vfpv3 -mfloat-abi=hard -nosta
TRACE::2026-03-09.17:33:33::SCWBDomain::rtfiles -g -Wall -Wextra -fno-tree-loop-distribute-patterns"

TRACE::2026-03-09.17:33:33::SCWBDomain::"Running Make libs in ps7_cortexa9_0/libsrc/scuwdt_v2_6/src"

TRACE::2026-03-09.17:33:33::SCWBDomain::make -C ps7_cortexa9_0/libsrc/scuwdt_v2_6/src -s libs  "SHELL=CMD" "COMPILER=arm-none-eabi-gcc" "ASSEMBLER=arm-none-eabi-as" "A
TRACE::2026-03-09.17:33:33::SCWBDomain::RCHIVER=arm-none-eabi-ar" "COMPILER_FLAGS=  -O2 -c" "EXTRA_COMPILER_FLAGS=-mcpu=cortex-a9 -mfpu=vfpv3 -mfloat-abi=hard -nostart
TRACE::2026-03-09.17:33:33::SCWBDomain::files -g -Wall -Wextra -fno-tree-loop-distribute-patterns"

TRACE::2026-03-09.17:33:33::SCWBDomain::"Running Make libs in ps7_cortexa9_0/libsrc/sdps_v4_4/src"

TRACE::2026-03-09.17:33:33::SCWBDomain::make -C ps7_cortexa9_0/libsrc/sdps_v4_4/src -s libs  "SHELL=CMD" "COMPILER=arm-none-eabi-gcc" "ASSEMBLER=arm-none-eabi-as" "ARC
TRACE::2026-03-09.17:33:33::SCWBDomain::HIVER=arm-none-eabi-ar" "COMPILER_FLAGS=  -O2 -c" "EXTRA_COMPILER_FLAGS=-mcpu=cortex-a9 -mfpu=vfpv3 -mfloat-abi=hard -nostartfi
TRACE::2026-03-09.17:33:33::SCWBDomain::les -g -Wall -Wextra -fno-tree-loop-distribute-patterns"

TRACE::2026-03-09.17:33:34::SCWBDomain::"Running Make libs in ps7_cortexa9_0/libsrc/standalone_v9_2/src"

TRACE::2026-03-09.17:33:34::SCWBDomain::make -C ps7_cortexa9_0/libsrc/standalone_v9_2/src -s libs  "SHELL=CMD" "COMPILER=arm-none-eabi-gcc" "ASSEMBLER=arm-none-eabi-as
TRACE::2026-03-09.17:33:34::SCWBDomain::" "ARCHIVER=arm-none-eabi-ar" "COMPILER_FLAGS=  -O2 -c" "EXTRA_COMPILER_FLAGS=-mcpu=cortex-a9 -mfpu=vfpv3 -mfloat-abi=hard -nos
TRACE::2026-03-09.17:33:34::SCWBDomain::tartfiles -g -Wall -Wextra -fno-tree-loop-distribute-patterns"

TRACE::2026-03-09.17:33:34::SCWBDomain::"Running Make libs in ps7_cortexa9_0/libsrc/uartps_v3_15/src"

TRACE::2026-03-09.17:33:34::SCWBDomain::make -C ps7_cortexa9_0/libsrc/uartps_v3_15/src -s libs  "SHELL=CMD" "COMPILER=arm-none-eabi-gcc" "ASSEMBLER=arm-none-eabi-as" "
TRACE::2026-03-09.17:33:34::SCWBDomain::ARCHIVER=arm-none-eabi-ar" "COMPILER_FLAGS=  -O2 -c" "EXTRA_COMPILER_FLAGS=-mcpu=cortex-a9 -mfpu=vfpv3 -mfloat-abi=hard -nostar
TRACE::2026-03-09.17:33:34::SCWBDomain::tfiles -g -Wall -Wextra -fno-tree-loop-distribute-patterns"

TRACE::2026-03-09.17:33:34::SCWBDomain::"Running Make libs in ps7_cortexa9_0/libsrc/xadcps_v2_7/src"

TRACE::2026-03-09.17:33:34::SCWBDomain::make -C ps7_cortexa9_0/libsrc/xadcps_v2_7/src -s libs  "SHELL=CMD" "COMPILER=arm-none-eabi-gcc" "ASSEMBLER=arm-none-eabi-as" "A
TRACE::2026-03-09.17:33:34::SCWBDomain::RCHIVER=arm-none-eabi-ar" "COMPILER_FLAGS=  -O2 -c" "EXTRA_COMPILER_FLAGS=-mcpu=cortex-a9 -mfpu=vfpv3 -mfloat-abi=hard -nostart
TRACE::2026-03-09.17:33:34::SCWBDomain::files -g -Wall -Wextra -fno-tree-loop-distribute-patterns"

TRACE::2026-03-09.17:33:34::SCWBDomain::"Running Make libs in ps7_cortexa9_0/libsrc/xilffs_v5_3/src"

TRACE::2026-03-09.17:33:34::SCWBDomain::make -C ps7_cortexa9_0/libsrc/xilffs_v5_3/src -s libs  "SHELL=CMD" "COMPILER=arm-none-eabi-gcc" "ASSEMBLER=arm-none-eabi-as" "A
TRACE::2026-03-09.17:33:34::SCWBDomain::RCHIVER=arm-none-eabi-ar" "COMPILER_FLAGS=  -O2 -c" "EXTRA_COMPILER_FLAGS=-mcpu=cortex-a9 -mfpu=vfpv3 -mfloat-abi=hard -nostart
TRACE::2026-03-09.17:33:34::SCWBDomain::files -g -Wall -Wextra -fno-tree-loop-distribute-patterns"

TRACE::2026-03-09.17:33:35::SCWBDomain::'Finished building libraries parallelly.'

TRACE::2026-03-09.17:33:35::SCWBDomain::make --no-print-directory archive

TRACE::2026-03-09.17:33:35::SCWBDomain::arm-none-eabi-ar -r  ps7_cortexa9_0/lib/libxil.a ps7_cortexa9_0/lib/_exit.o ps7_cortexa9_0/lib/_open.o ps7_cortexa9_0/lib/_sbrk
TRACE::2026-03-09.17:33:35::SCWBDomain::.o ps7_cortexa9_0/lib/abort.o ps7_cortexa9_0/lib/asm_vectors.o ps7_cortexa9_0/lib/boot.o ps7_cortexa9_0/lib/close.o ps7_cortexa
TRACE::2026-03-09.17:33:35::SCWBDomain::9_0/lib/cpputest_time.o ps7_cortexa9_0/lib/cpu_init.o ps7_cortexa9_0/lib/errno.o ps7_cortexa9_0/lib/fcntl.o ps7_cortexa9_0/lib/
TRACE::2026-03-09.17:33:35::SCWBDomain::fstat.o ps7_cortexa9_0/lib/getentropy.o ps7_cortexa9_0/lib/getpid.o ps7_cortexa9_0/lib/gettimeofday.o ps7_cortexa9_0/lib/inbyte
TRACE::2026-03-09.17:33:35::SCWBDomain::.o ps7_cortexa9_0/lib/isatty.o ps7_cortexa9_0/lib/kill.o ps7_cortexa9_0/lib/lseek.o ps7_cortexa9_0/lib/open.o ps7_cortexa9_0/li
TRACE::2026-03-09.17:33:35::SCWBDomain::b/outbyte.o ps7_cortexa9_0/lib/print.o ps7_cortexa9_0/lib/putnum.o ps7_cortexa9_0/lib/read.o ps7_cortexa9_0/lib/sbrk.o ps7_cort
TRACE::2026-03-09.17:33:35::SCWBDomain::exa9_0/lib/sleep.o ps7_cortexa9_0/lib/time.o ps7_cortexa9_0/lib/translation_table.o ps7_cortexa9_0/lib/unlink.o ps7_cortexa9_0/
TRACE::2026-03-09.17:33:35::SCWBDomain::lib/usleep.o ps7_cortexa9_0/lib/vectors.o ps7_cortexa9_0/lib/write.o ps7_cortexa9_0/lib/xadcps.o ps7_cortexa9_0/lib/xadcps_g.o 
TRACE::2026-03-09.17:33:35::SCWBDomain::ps7_cortexa9_0/lib/xadcps_intr.o ps7_cortexa9_0/lib/xadcps_selftest.o ps7_cortexa9_0/lib/xadcps_sinit.o ps7_cortexa9_0/lib/xcor
TRACE::2026-03-09.17:33:35::SCWBDomain::esightpsdcc.o ps7_cortexa9_0/lib/xdevcfg.o ps7_cortexa9_0/lib/xdevcfg_g.o ps7_cortexa9_0/lib/xdevcfg_hw.o ps7_cortexa9_0/lib/xd
TRACE::2026-03-09.17:33:35::SCWBDomain::evcfg_intr.o ps7_cortexa9_0/lib/xdevcfg_selftest.o ps7_cortexa9_0/lib/xdevcfg_sinit.o ps7_cortexa9_0/lib/xdmaps.o ps7_cortexa9_
TRACE::2026-03-09.17:33:35::SCWBDomain::0/lib/xdmaps_g.o ps7_cortexa9_0/lib/xdmaps_hw.o ps7_cortexa9_0/lib/xdmaps_selftest.o ps7_cortexa9_0/lib/xdmaps_sinit.o ps7_cort
TRACE::2026-03-09.17:33:35::SCWBDomain::exa9_0/lib/xgpio.o ps7_cortexa9_0/lib/xgpio_extra.o ps7_cortexa9_0/lib/xgpio_g.o ps7_cortexa9_0/lib/xgpio_intr.o ps7_cortexa9_0
TRACE::2026-03-09.17:33:35::SCWBDomain::/lib/xgpio_selftest.o ps7_cortexa9_0/lib/xgpio_sinit.o ps7_cortexa9_0/lib/xil-crt0.o ps7_cortexa9_0/lib/xil_assert.o ps7_cortex
TRACE::2026-03-09.17:33:35::SCWBDomain::a9_0/lib/xil_cache.o ps7_cortexa9_0/lib/xil_clocking.o ps7_cortexa9_0/lib/xil_exception.o ps7_cortexa9_0/lib/xil_mem.o ps7_cort
TRACE::2026-03-09.17:33:35::SCWBDomain::exa9_0/lib/xil_misc_psreset_api.o ps7_cortexa9_0/lib/xil_mmu.o ps7_cortexa9_0/lib/xil_printf.o ps7_cortexa9_0/lib/xil_sleepcomm
TRACE::2026-03-09.17:33:35::SCWBDomain::on.o ps7_cortexa9_0/lib/xil_sleeptimer.o ps7_cortexa9_0/lib/xil_spinlock.o ps7_cortexa9_0/lib/xil_sutil.o ps7_cortexa9_0/lib/xi
TRACE::2026-03-09.17:33:35::SCWBDomain::l_testcache.o ps7_cortexa9_0/lib/xil_testio.o ps7_cortexa9_0/lib/xil_testmem.o ps7_cortexa9_0/lib/xil_util.o ps7_cortexa9_0/lib
TRACE::2026-03-09.17:33:35::SCWBDomain::/xinterrupt_wrap.o ps7_cortexa9_0/lib/xl2cc_counter.o ps7_cortexa9_0/lib/xplatform_info.o ps7_cortexa9_0/lib/xpm_counter.o ps7_
TRACE::2026-03-09.17:33:35::SCWBDomain::cortexa9_0/lib/xpm_init.o ps7_cortexa9_0/lib/xscugic.o ps7_cortexa9_0/lib/xscugic_g.o ps7_cortexa9_0/lib/xscugic_hw.o ps7_corte
TRACE::2026-03-09.17:33:35::SCWBDomain::xa9_0/lib/xscugic_intr.o ps7_cortexa9_0/lib/xscugic_selftest.o ps7_cortexa9_0/lib/xscugic_sinit.o ps7_cortexa9_0/lib/xscutimer.
TRACE::2026-03-09.17:33:35::SCWBDomain::o ps7_cortexa9_0/lib/xscutimer_g.o ps7_cortexa9_0/lib/xscutimer_selftest.o ps7_cortexa9_0/lib/xscutimer_sinit.o ps7_cortexa9_0/
TRACE::2026-03-09.17:33:35::SCWBDomain::lib/xscuwdt.o ps7_cortexa9_0/lib/xscuwdt_g.o ps7_cortexa9_0/lib/xscuwdt_selftest.o ps7_cortexa9_0/lib/xscuwdt_sinit.o ps7_corte
TRACE::2026-03-09.17:33:35::SCWBDomain::xa9_0/lib/xsdps.o ps7_cortexa9_0/lib/xsdps_card.o ps7_cortexa9_0/lib/xsdps_g.o ps7_cortexa9_0/lib/xsdps_host.o ps7_cortexa9_0/l
TRACE::2026-03-09.17:33:35::SCWBDomain::ib/xsdps_options.o ps7_cortexa9_0/lib/xsdps_sinit.o ps7_cortexa9_0/lib/xtime_l.o ps7_cortexa9_0/lib/xuartps.o ps7_cortexa9_0/li
TRACE::2026-03-09.17:33:35::SCWBDomain::b/xuartps_g.o ps7_cortexa9_0/lib/xuartps_hw.o ps7_cortexa9_0/lib/xuartps_intr.o ps7_cortexa9_0/lib/xuartps_options.o ps7_cortex
TRACE::2026-03-09.17:33:35::SCWBDomain::a9_0/lib/xuartps_selftest.o ps7_cortexa9_0/lib/xuartps_sinit.o

TRACE::2026-03-09.17:33:35::SCWBDomain::'Finished building libraries'

TRACE::2026-03-09.17:33:35::SCWBDomain::make: Leaving directory 'E:/Git-Repos/CNC-FPGA/Vitis3/CNC-PL-FINAL/zynq_fsbl/zynq_fsbl_bsp'

TRACE::2026-03-09.17:33:35::SCWBDomain::arm-none-eabi-gcc  -O2 -c -MMD -MP       -mcpu=cortex-a9 -mfpu=vfpv3 -mfloat-abi=hard  -c sd.c -o sd.o -Izynq_fsbl_bsp/ps7_cort
TRACE::2026-03-09.17:33:35::SCWBDomain::exa9_0/include -I.

TRACE::2026-03-09.17:33:36::SCWBDomain::arm-none-eabi-gcc  -O2 -c -MMD -MP       -mcpu=cortex-a9 -mfpu=vfpv3 -mfloat-abi=hard  -c nand.c -o nand.o -Izynq_fsbl_bsp/ps7_
TRACE::2026-03-09.17:33:36::SCWBDomain::cortexa9_0/include -I.

TRACE::2026-03-09.17:33:36::SCWBDomain::arm-none-eabi-gcc  -O2 -c -MMD -MP       -mcpu=cortex-a9 -mfpu=vfpv3 -mfloat-abi=hard  -c nor.c -o nor.o -Izynq_fsbl_bsp/ps7_co
TRACE::2026-03-09.17:33:36::SCWBDomain::rtexa9_0/include -I.

TRACE::2026-03-09.17:33:36::SCWBDomain::arm-none-eabi-gcc  -O2 -c -MMD -MP       -mcpu=cortex-a9 -mfpu=vfpv3 -mfloat-abi=hard  -c image_mover.c -o image_mover.o -Izynq
TRACE::2026-03-09.17:33:36::SCWBDomain::_fsbl_bsp/ps7_cortexa9_0/include -I.

TRACE::2026-03-09.17:33:36::SCWBDomain::arm-none-eabi-gcc  -O2 -c -MMD -MP       -mcpu=cortex-a9 -mfpu=vfpv3 -mfloat-abi=hard  -c md5.c -o md5.o -Izynq_fsbl_bsp/ps7_co
TRACE::2026-03-09.17:33:36::SCWBDomain::rtexa9_0/include -I.

TRACE::2026-03-09.17:33:37::SCWBDomain::arm-none-eabi-gcc  -O2 -c -MMD -MP       -mcpu=cortex-a9 -mfpu=vfpv3 -mfloat-abi=hard  -c fsbl_hooks.c -o fsbl_hooks.o -Izynq_f
TRACE::2026-03-09.17:33:37::SCWBDomain::sbl_bsp/ps7_cortexa9_0/include -I.

TRACE::2026-03-09.17:33:37::SCWBDomain::arm-none-eabi-gcc  -O2 -c -MMD -MP       -mcpu=cortex-a9 -mfpu=vfpv3 -mfloat-abi=hard  -c main.c -o main.o -Izynq_fsbl_bsp/ps7_
TRACE::2026-03-09.17:33:37::SCWBDomain::cortexa9_0/include -I.

TRACE::2026-03-09.17:33:37::SCWBDomain::arm-none-eabi-gcc  -O2 -c -MMD -MP       -mcpu=cortex-a9 -mfpu=vfpv3 -mfloat-abi=hard  -c rsa.c -o rsa.o -Izynq_fsbl_bsp/ps7_co
TRACE::2026-03-09.17:33:37::SCWBDomain::rtexa9_0/include -I.

TRACE::2026-03-09.17:33:37::SCWBDomain::arm-none-eabi-gcc  -O2 -c -MMD -MP       -mcpu=cortex-a9 -mfpu=vfpv3 -mfloat-abi=hard  -c qspi.c -o qspi.o -Izynq_fsbl_bsp/ps7_
TRACE::2026-03-09.17:33:37::SCWBDomain::cortexa9_0/include -I.

TRACE::2026-03-09.17:33:38::SCWBDomain::arm-none-eabi-gcc  -O2 -c -MMD -MP       -mcpu=cortex-a9 -mfpu=vfpv3 -mfloat-abi=hard  -c ps7_init.c -o ps7_init.o -Izynq_fsbl_
TRACE::2026-03-09.17:33:38::SCWBDomain::bsp/ps7_cortexa9_0/include -I.

TRACE::2026-03-09.17:33:38::SCWBDomain::arm-none-eabi-gcc  -O2 -c -MMD -MP       -mcpu=cortex-a9 -mfpu=vfpv3 -mfloat-abi=hard  -c pcap.c -o pcap.o -Izynq_fsbl_bsp/ps7_
TRACE::2026-03-09.17:33:38::SCWBDomain::cortexa9_0/include -I.

TRACE::2026-03-09.17:33:38::SCWBDomain::arm-none-eabi-gcc  -O2 -c -MMD -MP       -mcpu=cortex-a9 -mfpu=vfpv3 -mfloat-abi=hard  -c fsbl_handoff.S -o fsbl_handoff.o -Izy
TRACE::2026-03-09.17:33:38::SCWBDomain::nq_fsbl_bsp/ps7_cortexa9_0/include -I.

TRACE::2026-03-09.17:33:38::SCWBDomain::arm-none-eabi-gcc -o fsbl.elf fsbl_handoff.o fsbl_hooks.o image_mover.o main.o md5.o nand.o nor.o pcap.o ps7_init.o qspi.o rsa.
TRACE::2026-03-09.17:33:38::SCWBDomain::o sd.o -MMD -MP       -mcpu=cortex-a9 -mfpu=vfpv3 -mfloat-abi=hard   -mcpu=cortex-a9 -mfpu=vfpv3 -mfloat-abi=hard -Wl,-build-id
TRACE::2026-03-09.17:33:38::SCWBDomain::=none -specs=Xilinx.spec  -lrsa -Wl,--start-group,-lxil,-lgcc,-lc,--end-group -Wl,--start-group,-lxilffs,-lxil,-lgcc,-lc,--end-
TRACE::2026-03-09.17:33:38::SCWBDomain::group -Wl,--start-group,-lrsa,-lxil,-lgcc,-lc,--end-group                                       -Wl,--gc-sections -Lzynq_fsbl_b
TRACE::2026-03-09.17:33:38::SCWBDomain::sp/ps7_cortexa9_0/lib -L./ -Tlscript.ld

LOG::2026-03-09.17:33:39::SCWSystem::Checking the domain standalone_domain
LOG::2026-03-09.17:33:39::SCWSystem::Not a boot domain 
LOG::2026-03-09.17:33:39::SCWSystem::Started Processing the domain standalone_domain
TRACE::2026-03-09.17:33:39::SCWDomain::Generating domain artifcats
TRACE::2026-03-09.17:33:39::SCWMssOS::Generating standalone artifcats
TRACE::2026-03-09.17:33:39::SCWMssOS::Copying the qemu file from  E:/Git-Repos/CNC-FPGA/Vitis3/CNC-PL-FINAL/resources/CNC-PL-FINAL/standalone_domain/qemu_args.txt To E:/Git-Repos/CNC-FPGA/Vitis3/CNC-PL-FINAL/export/CNC-PL-FINAL/sw/CNC-PL-FINAL/qemu/
TRACE::2026-03-09.17:33:39::SCWMssOS::Copying the qemu file from  E:/Git-Repos/CNC-FPGA/Vitis3/CNC-PL-FINAL/resources/CNC-PL-FINAL/standalone_domain/qemu_args.txt To E:/Git-Repos/CNC-FPGA/Vitis3/CNC-PL-FINAL/export/CNC-PL-FINAL/sw/CNC-PL-FINAL/standalone_domain/qemu/
TRACE::2026-03-09.17:33:39::SCWMssOS:: Copying the user libraries. 
TRACE::2026-03-09.17:33:39::SCWPlatform::Trying to open the hw design at E:/Git-Repos/CNC-FPGA/Vitis3/CNC-PL-FINAL/hw/CNC_Top_wrapper.xsa
TRACE::2026-03-09.17:33:39::SCWPlatform::DSA given E:/Git-Repos/CNC-FPGA/Vitis3/CNC-PL-FINAL/hw/CNC_Top_wrapper.xsa
TRACE::2026-03-09.17:33:39::SCWPlatform::DSA absoulate path E:/Git-Repos/CNC-FPGA/Vitis3/CNC-PL-FINAL/hw/CNC_Top_wrapper.xsa
TRACE::2026-03-09.17:33:39::SCWPlatform::DSA directory E:/Git-Repos/CNC-FPGA/Vitis3/CNC-PL-FINAL/hw
TRACE::2026-03-09.17:33:39::SCWPlatform:: Platform Path E:/Git-Repos/CNC-FPGA/Vitis3/CNC-PL-FINAL/hw/CNC_Top_wrapper.xsa
TRACE::2026-03-09.17:33:39::SCWPlatform:: Unique name xilinx:zedboard::0.0
TRACE::2026-03-09.17:33:39::SCWPlatform::Trying to set the existing hwdb with name CNC_Top_wrapper_9
TRACE::2026-03-09.17:33:39::SCWPlatform::Opened existing hwdb CNC_Top_wrapper_9
TRACE::2026-03-09.17:33:39::SCWPlatform::Found the Hw Db part of the input DSA
TRACE::2026-03-09.17:33:39::SCWMssOS::Checking the sw design at  E:/Git-Repos/CNC-FPGA/Vitis3/CNC-PL-FINAL/ps7_cortexa9_0/standalone_domain/bsp/system.mss
TRACE::2026-03-09.17:33:39::SCWMssOS::DEBUG:  swdes dump  E:/Git-Repos/CNC-FPGA/Vitis3/CNC-PL-FINAL/zynq_fsbl/zynq_fsbl_bsp/system.mss|system_0||
E:/Git-Repos/CNC-FPGA/Vitis3/CNC-PL-NEW/ps7_cortexa9_0/standalone_domain/bsp/system.mss|system||

TRACE::2026-03-09.17:33:39::SCWMssOS::No sw design opened at  E:/Git-Repos/CNC-FPGA/Vitis3/CNC-PL-FINAL/ps7_cortexa9_0/standalone_domain/bsp/system.mss
TRACE::2026-03-09.17:33:39::SCWMssOS::mss exists loading the mss file  E:/Git-Repos/CNC-FPGA/Vitis3/CNC-PL-FINAL/ps7_cortexa9_0/standalone_domain/bsp/system.mss
TRACE::2026-03-09.17:33:39::SCWMssOS::Opened the sw design from mss  E:/Git-Repos/CNC-FPGA/Vitis3/CNC-PL-FINAL/ps7_cortexa9_0/standalone_domain/bsp/system.mss
TRACE::2026-03-09.17:33:39::SCWMssOS::Adding the swdes entry E:/Git-Repos/CNC-FPGA/Vitis3/CNC-PL-FINAL/ps7_cortexa9_0/standalone_domain/bsp/system.mss with des name system_1
TRACE::2026-03-09.17:33:39::SCWMssOS::updating the scw layer about changes
TRACE::2026-03-09.17:33:39::SCWMssOS::Opened the sw design.  E:/Git-Repos/CNC-FPGA/Vitis3/CNC-PL-FINAL/ps7_cortexa9_0/standalone_domain/bsp/system.mss
TRACE::2026-03-09.17:33:39::SCWMssOS::Completed writing the mss file at E:/Git-Repos/CNC-FPGA/Vitis3/CNC-PL-FINAL/ps7_cortexa9_0/standalone_domain/bsp
TRACE::2026-03-09.17:33:39::SCWMssOS::Mss edits present, copying mssfile into export location E:/Git-Repos/CNC-FPGA/Vitis3/CNC-PL-FINAL/ps7_cortexa9_0/standalone_domain/bsp/system.mss
TRACE::2026-03-09.17:33:39::SCWMssOS::bsp generated is upto date with the mss file. Skipping bsp generation.
TRACE::2026-03-09.17:33:39::SCWMssOS::BSP is already built. skipping the bsp build ... 
TRACE::2026-03-09.17:33:39::SCWDomain::Building the domain as part of full build :  standalone_domain
TRACE::2026-03-09.17:33:39::SCWMssOS::doing bsp build ... 
TRACE::2026-03-09.17:33:39::SCWMssOS::System Command Ran  E: & cd  E:/Git-Repos/CNC-FPGA/Vitis3/CNC-PL-FINAL/ps7_cortexa9_0/standalone_domain/bsp & make 
TRACE::2026-03-09.17:33:39::SCWMssOS::make --no-print-directory seq_libs

TRACE::2026-03-09.17:33:39::SCWMssOS::'Finished building libraries sequentially.'

TRACE::2026-03-09.17:33:39::SCWMssOS::make -j 22 --no-print-directory par_libs

TRACE::2026-03-09.17:33:39::SCWMssOS::"Running Make include in ps7_cortexa9_0/libsrc/coresightps_dcc_v1_11/src"

TRACE::2026-03-09.17:33:39::SCWMssOS::make -C ps7_cortexa9_0/libsrc/coresightps_dcc_v1_11/src -s include  "SHELL=CMD" "COMPILER=arm-none-eabi-gcc" "ASSEMBLER=arm-non
TRACE::2026-03-09.17:33:39::SCWMssOS::e-eabi-as" "ARCHIVER=arm-none-eabi-ar" "COMPILER_FLAGS=  -O2 -c" "EXTRA_COMPILER_FLAGS=-mcpu=cortex-a9 -mfpu=vfpv3 -mfloat-abi=
TRACE::2026-03-09.17:33:39::SCWMssOS::hard -nostartfiles -g -Wall -Wextra -fno-tree-loop-distribute-patterns"

TRACE::2026-03-09.17:33:39::SCWMssOS::"Running Make include in ps7_cortexa9_0/libsrc/cpu_cortexa9_v2_12/src"

TRACE::2026-03-09.17:33:39::SCWMssOS::make -C ps7_cortexa9_0/libsrc/cpu_cortexa9_v2_12/src -s include  "SHELL=CMD" "COMPILER=arm-none-eabi-gcc" "ASSEMBLER=arm-none-e
TRACE::2026-03-09.17:33:39::SCWMssOS::abi-as" "ARCHIVER=arm-none-eabi-ar" "COMPILER_FLAGS=  -O2 -c" "EXTRA_COMPILER_FLAGS=-mcpu=cortex-a9 -mfpu=vfpv3 -mfloat-abi=har
TRACE::2026-03-09.17:33:39::SCWMssOS::d -nostartfiles -g -Wall -Wextra -fno-tree-loop-distribute-patterns"

TRACE::2026-03-09.17:33:39::SCWMssOS::"Running Make include in ps7_cortexa9_0/libsrc/ddrps_v1_2/src"

TRACE::2026-03-09.17:33:39::SCWMssOS::make -C ps7_cortexa9_0/libsrc/ddrps_v1_2/src -s include  "SHELL=CMD" "COMPILER=arm-none-eabi-gcc" "ASSEMBLER=arm-none-eabi-as" 
TRACE::2026-03-09.17:33:39::SCWMssOS::"ARCHIVER=arm-none-eabi-ar" "COMPILER_FLAGS=  -O2 -c" "EXTRA_COMPILER_FLAGS=-mcpu=cortex-a9 -mfpu=vfpv3 -mfloat-abi=hard -nosta
TRACE::2026-03-09.17:33:39::SCWMssOS::rtfiles -g -Wall -Wextra -fno-tree-loop-distribute-patterns"

TRACE::2026-03-09.17:33:39::SCWMssOS::"Running Make include in ps7_cortexa9_0/libsrc/devcfg_v3_8/src"

TRACE::2026-03-09.17:33:39::SCWMssOS::make -C ps7_cortexa9_0/libsrc/devcfg_v3_8/src -s include  "SHELL=CMD" "COMPILER=arm-none-eabi-gcc" "ASSEMBLER=arm-none-eabi-as"
TRACE::2026-03-09.17:33:39::SCWMssOS:: "ARCHIVER=arm-none-eabi-ar" "COMPILER_FLAGS=  -O2 -c" "EXTRA_COMPILER_FLAGS=-mcpu=cortex-a9 -mfpu=vfpv3 -mfloat-abi=hard -nost
TRACE::2026-03-09.17:33:39::SCWMssOS::artfiles -g -Wall -Wextra -fno-tree-loop-distribute-patterns"

TRACE::2026-03-09.17:33:39::SCWMssOS::"Running Make include in ps7_cortexa9_0/libsrc/dmaps_v2_11/src"

TRACE::2026-03-09.17:33:39::SCWMssOS::make -C ps7_cortexa9_0/libsrc/dmaps_v2_11/src -s include  "SHELL=CMD" "COMPILER=arm-none-eabi-gcc" "ASSEMBLER=arm-none-eabi-as"
TRACE::2026-03-09.17:33:39::SCWMssOS:: "ARCHIVER=arm-none-eabi-ar" "COMPILER_FLAGS=  -O2 -c" "EXTRA_COMPILER_FLAGS=-mcpu=cortex-a9 -mfpu=vfpv3 -mfloat-abi=hard -nost
TRACE::2026-03-09.17:33:39::SCWMssOS::artfiles -g -Wall -Wextra -fno-tree-loop-distribute-patterns"

TRACE::2026-03-09.17:33:39::SCWMssOS::"Running Make include in ps7_cortexa9_0/libsrc/gpio_v4_12/src"

TRACE::2026-03-09.17:33:39::SCWMssOS::make -C ps7_cortexa9_0/libsrc/gpio_v4_12/src -s include  "SHELL=CMD" "COMPILER=arm-none-eabi-gcc" "ASSEMBLER=arm-none-eabi-as" 
TRACE::2026-03-09.17:33:39::SCWMssOS::"ARCHIVER=arm-none-eabi-ar" "COMPILER_FLAGS=  -O2 -c" "EXTRA_COMPILER_FLAGS=-mcpu=cortex-a9 -mfpu=vfpv3 -mfloat-abi=hard -nosta
TRACE::2026-03-09.17:33:39::SCWMssOS::rtfiles -g -Wall -Wextra -fno-tree-loop-distribute-patterns"

TRACE::2026-03-09.17:33:39::SCWMssOS::"Running Make include in ps7_cortexa9_0/libsrc/scugic_v5_4/src"

TRACE::2026-03-09.17:33:39::SCWMssOS::make -C ps7_cortexa9_0/libsrc/scugic_v5_4/src -s include  "SHELL=CMD" "COMPILER=arm-none-eabi-gcc" "ASSEMBLER=arm-none-eabi-as"
TRACE::2026-03-09.17:33:39::SCWMssOS:: "ARCHIVER=arm-none-eabi-ar" "COMPILER_FLAGS=  -O2 -c" "EXTRA_COMPILER_FLAGS=-mcpu=cortex-a9 -mfpu=vfpv3 -mfloat-abi=hard -nost
TRACE::2026-03-09.17:33:39::SCWMssOS::artfiles -g -Wall -Wextra -fno-tree-loop-distribute-patterns"

TRACE::2026-03-09.17:33:39::SCWMssOS::"Running Make include in ps7_cortexa9_0/libsrc/scutimer_v2_6/src"

TRACE::2026-03-09.17:33:39::SCWMssOS::make -C ps7_cortexa9_0/libsrc/scutimer_v2_6/src -s include  "SHELL=CMD" "COMPILER=arm-none-eabi-gcc" "ASSEMBLER=arm-none-eabi-a
TRACE::2026-03-09.17:33:39::SCWMssOS::s" "ARCHIVER=arm-none-eabi-ar" "COMPILER_FLAGS=  -O2 -c" "EXTRA_COMPILER_FLAGS=-mcpu=cortex-a9 -mfpu=vfpv3 -mfloat-abi=hard -no
TRACE::2026-03-09.17:33:39::SCWMssOS::startfiles -g -Wall -Wextra -fno-tree-loop-distribute-patterns"

TRACE::2026-03-09.17:33:39::SCWMssOS::"Running Make include in ps7_cortexa9_0/libsrc/scuwdt_v2_6/src"

TRACE::2026-03-09.17:33:39::SCWMssOS::make -C ps7_cortexa9_0/libsrc/scuwdt_v2_6/src -s include  "SHELL=CMD" "COMPILER=arm-none-eabi-gcc" "ASSEMBLER=arm-none-eabi-as"
TRACE::2026-03-09.17:33:39::SCWMssOS:: "ARCHIVER=arm-none-eabi-ar" "COMPILER_FLAGS=  -O2 -c" "EXTRA_COMPILER_FLAGS=-mcpu=cortex-a9 -mfpu=vfpv3 -mfloat-abi=hard -nost
TRACE::2026-03-09.17:33:39::SCWMssOS::artfiles -g -Wall -Wextra -fno-tree-loop-distribute-patterns"

TRACE::2026-03-09.17:33:39::SCWMssOS::"Running Make include in ps7_cortexa9_0/libsrc/sdps_v4_4/src"

TRACE::2026-03-09.17:33:39::SCWMssOS::make -C ps7_cortexa9_0/libsrc/sdps_v4_4/src -s include  "SHELL=CMD" "COMPILER=arm-none-eabi-gcc" "ASSEMBLER=arm-none-eabi-as" "
TRACE::2026-03-09.17:33:39::SCWMssOS::ARCHIVER=arm-none-eabi-ar" "COMPILER_FLAGS=  -O2 -c" "EXTRA_COMPILER_FLAGS=-mcpu=cortex-a9 -mfpu=vfpv3 -mfloat-abi=hard -nostar
TRACE::2026-03-09.17:33:39::SCWMssOS::tfiles -g -Wall -Wextra -fno-tree-loop-distribute-patterns"

TRACE::2026-03-09.17:33:39::SCWMssOS::"Running Make include in ps7_cortexa9_0/libsrc/standalone_v9_2/src"

TRACE::2026-03-09.17:33:39::SCWMssOS::make -C ps7_cortexa9_0/libsrc/standalone_v9_2/src -s include  "SHELL=CMD" "COMPILER=arm-none-eabi-gcc" "ASSEMBLER=arm-none-eabi
TRACE::2026-03-09.17:33:39::SCWMssOS::-as" "ARCHIVER=arm-none-eabi-ar" "COMPILER_FLAGS=  -O2 -c" "EXTRA_COMPILER_FLAGS=-mcpu=cortex-a9 -mfpu=vfpv3 -mfloat-abi=hard -
TRACE::2026-03-09.17:33:39::SCWMssOS::nostartfiles -g -Wall -Wextra -fno-tree-loop-distribute-patterns"

TRACE::2026-03-09.17:33:39::SCWMssOS::"Running Make include in ps7_cortexa9_0/libsrc/uartps_v3_15/src"

TRACE::2026-03-09.17:33:39::SCWMssOS::make -C ps7_cortexa9_0/libsrc/uartps_v3_15/src -s include  "SHELL=CMD" "COMPILER=arm-none-eabi-gcc" "ASSEMBLER=arm-none-eabi-as
TRACE::2026-03-09.17:33:39::SCWMssOS::" "ARCHIVER=arm-none-eabi-ar" "COMPILER_FLAGS=  -O2 -c" "EXTRA_COMPILER_FLAGS=-mcpu=cortex-a9 -mfpu=vfpv3 -mfloat-abi=hard -nos
TRACE::2026-03-09.17:33:39::SCWMssOS::tartfiles -g -Wall -Wextra -fno-tree-loop-distribute-patterns"

TRACE::2026-03-09.17:33:39::SCWMssOS::"Running Make include in ps7_cortexa9_0/libsrc/xadcps_v2_7/src"

TRACE::2026-03-09.17:33:39::SCWMssOS::make -C ps7_cortexa9_0/libsrc/xadcps_v2_7/src -s include  "SHELL=CMD" "COMPILER=arm-none-eabi-gcc" "ASSEMBLER=arm-none-eabi-as"
TRACE::2026-03-09.17:33:39::SCWMssOS:: "ARCHIVER=arm-none-eabi-ar" "COMPILER_FLAGS=  -O2 -c" "EXTRA_COMPILER_FLAGS=-mcpu=cortex-a9 -mfpu=vfpv3 -mfloat-abi=hard -nost
TRACE::2026-03-09.17:33:39::SCWMssOS::artfiles -g -Wall -Wextra -fno-tree-loop-distribute-patterns"

TRACE::2026-03-09.17:33:39::SCWMssOS::"Running Make include in ps7_cortexa9_0/libsrc/xilffs_v5_3/src"

TRACE::2026-03-09.17:33:39::SCWMssOS::make -C ps7_cortexa9_0/libsrc/xilffs_v5_3/src -s include  "SHELL=CMD" "COMPILER=arm-none-eabi-gcc" "ASSEMBLER=arm-none-eabi-as"
TRACE::2026-03-09.17:33:39::SCWMssOS:: "ARCHIVER=arm-none-eabi-ar" "COMPILER_FLAGS=  -O2 -c" "EXTRA_COMPILER_FLAGS=-mcpu=cortex-a9 -mfpu=vfpv3 -mfloat-abi=hard -nost
TRACE::2026-03-09.17:33:39::SCWMssOS::artfiles -g -Wall -Wextra -fno-tree-loop-distribute-patterns"

TRACE::2026-03-09.17:33:39::SCWMssOS::"Running Make include in ps7_cortexa9_0/libsrc/xiltimer_v2_1/src"

TRACE::2026-03-09.17:33:39::SCWMssOS::make -C ps7_cortexa9_0/libsrc/xiltimer_v2_1/src -s include  "SHELL=CMD" "COMPILER=arm-none-eabi-gcc" "ASSEMBLER=arm-none-eabi-a
TRACE::2026-03-09.17:33:39::SCWMssOS::s" "ARCHIVER=arm-none-eabi-ar" "COMPILER_FLAGS=  -O2 -c" "EXTRA_COMPILER_FLAGS=-mcpu=cortex-a9 -mfpu=vfpv3 -mfloat-abi=hard -no
TRACE::2026-03-09.17:33:39::SCWMssOS::startfiles -g -Wall -Wextra -fno-tree-loop-distribute-patterns"

TRACE::2026-03-09.17:33:39::SCWMssOS::"Running Make libs in ps7_cortexa9_0/libsrc/coresightps_dcc_v1_11/src"

TRACE::2026-03-09.17:33:39::SCWMssOS::make -C ps7_cortexa9_0/libsrc/coresightps_dcc_v1_11/src -s libs  "SHELL=CMD" "COMPILER=arm-none-eabi-gcc" "ASSEMBLER=arm-none-e
TRACE::2026-03-09.17:33:39::SCWMssOS::abi-as" "ARCHIVER=arm-none-eabi-ar" "COMPILER_FLAGS=  -O2 -c" "EXTRA_COMPILER_FLAGS=-mcpu=cortex-a9 -mfpu=vfpv3 -mfloat-abi=har
TRACE::2026-03-09.17:33:39::SCWMssOS::d -nostartfiles -g -Wall -Wextra -fno-tree-loop-distribute-patterns"

TRACE::2026-03-09.17:33:39::SCWMssOS::"Running Make libs in ps7_cortexa9_0/libsrc/cpu_cortexa9_v2_12/src"

TRACE::2026-03-09.17:33:39::SCWMssOS::make -C ps7_cortexa9_0/libsrc/cpu_cortexa9_v2_12/src -s libs  "SHELL=CMD" "COMPILER=arm-none-eabi-gcc" "ASSEMBLER=arm-none-eabi
TRACE::2026-03-09.17:33:39::SCWMssOS::-as" "ARCHIVER=arm-none-eabi-ar" "COMPILER_FLAGS=  -O2 -c" "EXTRA_COMPILER_FLAGS=-mcpu=cortex-a9 -mfpu=vfpv3 -mfloat-abi=hard -
TRACE::2026-03-09.17:33:39::SCWMssOS::nostartfiles -g -Wall -Wextra -fno-tree-loop-distribute-patterns"

TRACE::2026-03-09.17:33:39::SCWMssOS::"Running Make libs in ps7_cortexa9_0/libsrc/ddrps_v1_2/src"

TRACE::2026-03-09.17:33:39::SCWMssOS::make -C ps7_cortexa9_0/libsrc/ddrps_v1_2/src -s libs  "SHELL=CMD" "COMPILER=arm-none-eabi-gcc" "ASSEMBLER=arm-none-eabi-as" "AR
TRACE::2026-03-09.17:33:39::SCWMssOS::CHIVER=arm-none-eabi-ar" "COMPILER_FLAGS=  -O2 -c" "EXTRA_COMPILER_FLAGS=-mcpu=cortex-a9 -mfpu=vfpv3 -mfloat-abi=hard -nostartf
TRACE::2026-03-09.17:33:39::SCWMssOS::iles -g -Wall -Wextra -fno-tree-loop-distribute-patterns"

TRACE::2026-03-09.17:33:39::SCWMssOS::"Running Make libs in ps7_cortexa9_0/libsrc/devcfg_v3_8/src"

TRACE::2026-03-09.17:33:39::SCWMssOS::make -C ps7_cortexa9_0/libsrc/devcfg_v3_8/src -s libs  "SHELL=CMD" "COMPILER=arm-none-eabi-gcc" "ASSEMBLER=arm-none-eabi-as" "A
TRACE::2026-03-09.17:33:39::SCWMssOS::RCHIVER=arm-none-eabi-ar" "COMPILER_FLAGS=  -O2 -c" "EXTRA_COMPILER_FLAGS=-mcpu=cortex-a9 -mfpu=vfpv3 -mfloat-abi=hard -nostart
TRACE::2026-03-09.17:33:40::SCWMssOS::files -g -Wall -Wextra -fno-tree-loop-distribute-patterns"

TRACE::2026-03-09.17:33:40::SCWMssOS::"Running Make libs in ps7_cortexa9_0/libsrc/dmaps_v2_11/src"

TRACE::2026-03-09.17:33:40::SCWMssOS::make -C ps7_cortexa9_0/libsrc/dmaps_v2_11/src -s libs  "SHELL=CMD" "COMPILER=arm-none-eabi-gcc" "ASSEMBLER=arm-none-eabi-as" "A
TRACE::2026-03-09.17:33:40::SCWMssOS::RCHIVER=arm-none-eabi-ar" "COMPILER_FLAGS=  -O2 -c" "EXTRA_COMPILER_FLAGS=-mcpu=cortex-a9 -mfpu=vfpv3 -mfloat-abi=hard -nostart
TRACE::2026-03-09.17:33:40::SCWMssOS::files -g -Wall -Wextra -fno-tree-loop-distribute-patterns"

TRACE::2026-03-09.17:33:40::SCWMssOS::"Running Make libs in ps7_cortexa9_0/libsrc/gpio_v4_12/src"

TRACE::2026-03-09.17:33:40::SCWMssOS::make -C ps7_cortexa9_0/libsrc/gpio_v4_12/src -s libs  "SHELL=CMD" "COMPILER=arm-none-eabi-gcc" "ASSEMBLER=arm-none-eabi-as" "AR
TRACE::2026-03-09.17:33:40::SCWMssOS::CHIVER=arm-none-eabi-ar" "COMPILER_FLAGS=  -O2 -c" "EXTRA_COMPILER_FLAGS=-mcpu=cortex-a9 -mfpu=vfpv3 -mfloat-abi=hard -nostartf
TRACE::2026-03-09.17:33:40::SCWMssOS::iles -g -Wall -Wextra -fno-tree-loop-distribute-patterns"

TRACE::2026-03-09.17:33:40::SCWMssOS::"Running Make libs in ps7_cortexa9_0/libsrc/scugic_v5_4/src"

TRACE::2026-03-09.17:33:40::SCWMssOS::make -C ps7_cortexa9_0/libsrc/scugic_v5_4/src -s libs  "SHELL=CMD" "COMPILER=arm-none-eabi-gcc" "ASSEMBLER=arm-none-eabi-as" "A
TRACE::2026-03-09.17:33:40::SCWMssOS::RCHIVER=arm-none-eabi-ar" "COMPILER_FLAGS=  -O2 -c" "EXTRA_COMPILER_FLAGS=-mcpu=cortex-a9 -mfpu=vfpv3 -mfloat-abi=hard -nostart
TRACE::2026-03-09.17:33:40::SCWMssOS::files -g -Wall -Wextra -fno-tree-loop-distribute-patterns"

TRACE::2026-03-09.17:33:40::SCWMssOS::"Running Make libs in ps7_cortexa9_0/libsrc/scutimer_v2_6/src"

TRACE::2026-03-09.17:33:40::SCWMssOS::make -C ps7_cortexa9_0/libsrc/scutimer_v2_6/src -s libs  "SHELL=CMD" "COMPILER=arm-none-eabi-gcc" "ASSEMBLER=arm-none-eabi-as" 
TRACE::2026-03-09.17:33:40::SCWMssOS::"ARCHIVER=arm-none-eabi-ar" "COMPILER_FLAGS=  -O2 -c" "EXTRA_COMPILER_FLAGS=-mcpu=cortex-a9 -mfpu=vfpv3 -mfloat-abi=hard -nosta
TRACE::2026-03-09.17:33:40::SCWMssOS::rtfiles -g -Wall -Wextra -fno-tree-loop-distribute-patterns"

TRACE::2026-03-09.17:33:40::SCWMssOS::"Running Make libs in ps7_cortexa9_0/libsrc/scuwdt_v2_6/src"

TRACE::2026-03-09.17:33:40::SCWMssOS::make -C ps7_cortexa9_0/libsrc/scuwdt_v2_6/src -s libs  "SHELL=CMD" "COMPILER=arm-none-eabi-gcc" "ASSEMBLER=arm-none-eabi-as" "A
TRACE::2026-03-09.17:33:40::SCWMssOS::RCHIVER=arm-none-eabi-ar" "COMPILER_FLAGS=  -O2 -c" "EXTRA_COMPILER_FLAGS=-mcpu=cortex-a9 -mfpu=vfpv3 -mfloat-abi=hard -nostart
TRACE::2026-03-09.17:33:40::SCWMssOS::files -g -Wall -Wextra -fno-tree-loop-distribute-patterns"

TRACE::2026-03-09.17:33:40::SCWMssOS::"Running Make libs in ps7_cortexa9_0/libsrc/sdps_v4_4/src"

TRACE::2026-03-09.17:33:40::SCWMssOS::make -C ps7_cortexa9_0/libsrc/sdps_v4_4/src -s libs  "SHELL=CMD" "COMPILER=arm-none-eabi-gcc" "ASSEMBLER=arm-none-eabi-as" "ARC
TRACE::2026-03-09.17:33:40::SCWMssOS::HIVER=arm-none-eabi-ar" "COMPILER_FLAGS=  -O2 -c" "EXTRA_COMPILER_FLAGS=-mcpu=cortex-a9 -mfpu=vfpv3 -mfloat-abi=hard -nostartfi
TRACE::2026-03-09.17:33:40::SCWMssOS::les -g -Wall -Wextra -fno-tree-loop-distribute-patterns"

TRACE::2026-03-09.17:33:40::SCWMssOS::"Running Make libs in ps7_cortexa9_0/libsrc/standalone_v9_2/src"

TRACE::2026-03-09.17:33:40::SCWMssOS::make -C ps7_cortexa9_0/libsrc/standalone_v9_2/src -s libs  "SHELL=CMD" "COMPILER=arm-none-eabi-gcc" "ASSEMBLER=arm-none-eabi-as
TRACE::2026-03-09.17:33:40::SCWMssOS::" "ARCHIVER=arm-none-eabi-ar" "COMPILER_FLAGS=  -O2 -c" "EXTRA_COMPILER_FLAGS=-mcpu=cortex-a9 -mfpu=vfpv3 -mfloat-abi=hard -nos
TRACE::2026-03-09.17:33:40::SCWMssOS::tartfiles -g -Wall -Wextra -fno-tree-loop-distribute-patterns"

TRACE::2026-03-09.17:33:40::SCWMssOS::"Running Make libs in ps7_cortexa9_0/libsrc/uartps_v3_15/src"

TRACE::2026-03-09.17:33:40::SCWMssOS::make -C ps7_cortexa9_0/libsrc/uartps_v3_15/src -s libs  "SHELL=CMD" "COMPILER=arm-none-eabi-gcc" "ASSEMBLER=arm-none-eabi-as" "
TRACE::2026-03-09.17:33:40::SCWMssOS::ARCHIVER=arm-none-eabi-ar" "COMPILER_FLAGS=  -O2 -c" "EXTRA_COMPILER_FLAGS=-mcpu=cortex-a9 -mfpu=vfpv3 -mfloat-abi=hard -nostar
TRACE::2026-03-09.17:33:40::SCWMssOS::tfiles -g -Wall -Wextra -fno-tree-loop-distribute-patterns"

TRACE::2026-03-09.17:33:40::SCWMssOS::"Running Make libs in ps7_cortexa9_0/libsrc/xadcps_v2_7/src"

TRACE::2026-03-09.17:33:40::SCWMssOS::"Running Make libs in ps7_cortexa9_0/libsrc/xilffs_v5_3/src"

TRACE::2026-03-09.17:33:40::SCWMssOS::make -C ps7_cortexa9_0/libsrc/xadcps_v2_7/src -s libs  "SHELL=CMD" "COMPILER=arm-none-eabi-gcc" "ASSEMBLER=arm-none-eabi-as" "A
TRACE::2026-03-09.17:33:40::SCWMssOS::RCHIVER=arm-none-eabi-ar" "COMPILER_FLAGS=  -O2 -c" "EXTRA_COMPILER_FLAGS=-mcpu=cortex-a9 -mfpu=vfpv3 -mfloat-abi=hard -nostart
TRACE::2026-03-09.17:33:40::SCWMssOS::files -g -Wall -Wextra -fno-tree-loop-distribute-patterns"

TRACE::2026-03-09.17:33:40::SCWMssOS::make -C ps7_cortexa9_0/libsrc/xilffs_v5_3/src -s libs  "SHELL=CMD" "COMPILER=arm-none-eabi-gcc" "ASSEMBLER=arm-none-eabi-as" "A
TRACE::2026-03-09.17:33:40::SCWMssOS::RCHIVER=arm-none-eabi-ar" "COMPILER_FLAGS=  -O2 -c" "EXTRA_COMPILER_FLAGS=-mcpu=cortex-a9 -mfpu=vfpv3 -mfloat-abi=hard -nostart
TRACE::2026-03-09.17:33:40::SCWMssOS::files -g -Wall -Wextra -fno-tree-loop-distribute-patterns"

TRACE::2026-03-09.17:33:40::SCWMssOS::"Running Make libs in ps7_cortexa9_0/libsrc/xiltimer_v2_1/src"

TRACE::2026-03-09.17:33:40::SCWMssOS::make -C ps7_cortexa9_0/libsrc/xiltimer_v2_1/src -s libs  "SHELL=CMD" "COMPILER=arm-none-eabi-gcc" "ASSEMBLER=arm-none-eabi-as" 
TRACE::2026-03-09.17:33:40::SCWMssOS::"ARCHIVER=arm-none-eabi-ar" "COMPILER_FLAGS=  -O2 -c" "EXTRA_COMPILER_FLAGS=-mcpu=cortex-a9 -mfpu=vfpv3 -mfloat-abi=hard -nosta
TRACE::2026-03-09.17:33:40::SCWMssOS::rtfiles -g -Wall -Wextra -fno-tree-loop-distribute-patterns"

TRACE::2026-03-09.17:33:40::SCWMssOS::"Compiling xiltimer Library"

TRACE::2026-03-09.17:33:41::SCWMssOS::'Finished building libraries parallelly.'

TRACE::2026-03-09.17:33:41::SCWMssOS::make --no-print-directory archive

TRACE::2026-03-09.17:33:41::SCWMssOS::arm-none-eabi-ar -r  ps7_cortexa9_0/lib/libxil.a ps7_cortexa9_0/lib/_exit.o ps7_cortexa9_0/lib/_open.o ps7_cortexa9_0/lib/_sbrk
TRACE::2026-03-09.17:33:41::SCWMssOS::.o ps7_cortexa9_0/lib/abort.o ps7_cortexa9_0/lib/asm_vectors.o ps7_cortexa9_0/lib/boot.o ps7_cortexa9_0/lib/close.o ps7_cortexa
TRACE::2026-03-09.17:33:41::SCWMssOS::9_0/lib/cpputest_time.o ps7_cortexa9_0/lib/cpu_init.o ps7_cortexa9_0/lib/errno.o ps7_cortexa9_0/lib/fcntl.o ps7_cortexa9_0/lib/
TRACE::2026-03-09.17:33:41::SCWMssOS::fstat.o ps7_cortexa9_0/lib/getentropy.o ps7_cortexa9_0/lib/getpid.o ps7_cortexa9_0/lib/gettimeofday.o ps7_cortexa9_0/lib/inbyte
TRACE::2026-03-09.17:33:41::SCWMssOS::.o ps7_cortexa9_0/lib/isatty.o ps7_cortexa9_0/lib/kill.o ps7_cortexa9_0/lib/lseek.o ps7_cortexa9_0/lib/open.o ps7_cortexa9_0/li
TRACE::2026-03-09.17:33:41::SCWMssOS::b/outbyte.o ps7_cortexa9_0/lib/print.o ps7_cortexa9_0/lib/putnum.o ps7_cortexa9_0/lib/read.o ps7_cortexa9_0/lib/sbrk.o ps7_cort
TRACE::2026-03-09.17:33:41::SCWMssOS::exa9_0/lib/time.o ps7_cortexa9_0/lib/translation_table.o ps7_cortexa9_0/lib/unlink.o ps7_cortexa9_0/lib/vectors.o ps7_cortexa9_
TRACE::2026-03-09.17:33:41::SCWMssOS::0/lib/write.o ps7_cortexa9_0/lib/xadcps.o ps7_cortexa9_0/lib/xadcps_g.o ps7_cortexa9_0/lib/xadcps_intr.o ps7_cortexa9_0/lib/xad
TRACE::2026-03-09.17:33:41::SCWMssOS::cps_selftest.o ps7_cortexa9_0/lib/xadcps_sinit.o ps7_cortexa9_0/lib/xcoresightpsdcc.o ps7_cortexa9_0/lib/xdevcfg.o ps7_cortexa9
TRACE::2026-03-09.17:33:41::SCWMssOS::_0/lib/xdevcfg_g.o ps7_cortexa9_0/lib/xdevcfg_hw.o ps7_cortexa9_0/lib/xdevcfg_intr.o ps7_cortexa9_0/lib/xdevcfg_selftest.o ps7_
TRACE::2026-03-09.17:33:41::SCWMssOS::cortexa9_0/lib/xdevcfg_sinit.o ps7_cortexa9_0/lib/xdmaps.o ps7_cortexa9_0/lib/xdmaps_g.o ps7_cortexa9_0/lib/xdmaps_hw.o ps7_cor
TRACE::2026-03-09.17:33:41::SCWMssOS::texa9_0/lib/xdmaps_selftest.o ps7_cortexa9_0/lib/xdmaps_sinit.o ps7_cortexa9_0/lib/xgpio.o ps7_cortexa9_0/lib/xgpio_extra.o ps7
TRACE::2026-03-09.17:33:41::SCWMssOS::_cortexa9_0/lib/xgpio_g.o ps7_cortexa9_0/lib/xgpio_intr.o ps7_cortexa9_0/lib/xgpio_selftest.o ps7_cortexa9_0/lib/xgpio_sinit.o 
TRACE::2026-03-09.17:33:41::SCWMssOS::ps7_cortexa9_0/lib/xil-crt0.o ps7_cortexa9_0/lib/xil_assert.o ps7_cortexa9_0/lib/xil_cache.o ps7_cortexa9_0/lib/xil_clocking.o 
TRACE::2026-03-09.17:33:41::SCWMssOS::ps7_cortexa9_0/lib/xil_exception.o ps7_cortexa9_0/lib/xil_mem.o ps7_cortexa9_0/lib/xil_misc_psreset_api.o ps7_cortexa9_0/lib/xi
TRACE::2026-03-09.17:33:41::SCWMssOS::l_mmu.o ps7_cortexa9_0/lib/xil_printf.o ps7_cortexa9_0/lib/xil_spinlock.o ps7_cortexa9_0/lib/xil_sutil.o ps7_cortexa9_0/lib/xil
TRACE::2026-03-09.17:33:41::SCWMssOS::_testcache.o ps7_cortexa9_0/lib/xil_testio.o ps7_cortexa9_0/lib/xil_testmem.o ps7_cortexa9_0/lib/xil_util.o ps7_cortexa9_0/lib/
TRACE::2026-03-09.17:33:41::SCWMssOS::xinterrupt_wrap.o ps7_cortexa9_0/lib/xl2cc_counter.o ps7_cortexa9_0/lib/xplatform_info.o ps7_cortexa9_0/lib/xpm_counter.o ps7_c
TRACE::2026-03-09.17:33:41::SCWMssOS::ortexa9_0/lib/xpm_init.o ps7_cortexa9_0/lib/xscugic.o ps7_cortexa9_0/lib/xscugic_g.o ps7_cortexa9_0/lib/xscugic_hw.o ps7_cortex
TRACE::2026-03-09.17:33:41::SCWMssOS::a9_0/lib/xscugic_intr.o ps7_cortexa9_0/lib/xscugic_selftest.o ps7_cortexa9_0/lib/xscugic_sinit.o ps7_cortexa9_0/lib/xscutimer.o
TRACE::2026-03-09.17:33:41::SCWMssOS:: ps7_cortexa9_0/lib/xscutimer_g.o ps7_cortexa9_0/lib/xscutimer_selftest.o ps7_cortexa9_0/lib/xscutimer_sinit.o ps7_cortexa9_0/l
TRACE::2026-03-09.17:33:41::SCWMssOS::ib/xscuwdt.o ps7_cortexa9_0/lib/xscuwdt_g.o ps7_cortexa9_0/lib/xscuwdt_selftest.o ps7_cortexa9_0/lib/xscuwdt_sinit.o ps7_cortex
TRACE::2026-03-09.17:33:41::SCWMssOS::a9_0/lib/xsdps.o ps7_cortexa9_0/lib/xsdps_card.o ps7_cortexa9_0/lib/xsdps_g.o ps7_cortexa9_0/lib/xsdps_host.o ps7_cortexa9_0/li
TRACE::2026-03-09.17:33:41::SCWMssOS::b/xsdps_options.o ps7_cortexa9_0/lib/xsdps_sinit.o ps7_cortexa9_0/lib/xuartps.o ps7_cortexa9_0/lib/xuartps_g.o ps7_cortexa9_0/l
TRACE::2026-03-09.17:33:41::SCWMssOS::ib/xuartps_hw.o ps7_cortexa9_0/lib/xuartps_intr.o ps7_cortexa9_0/lib/xuartps_options.o ps7_cortexa9_0/lib/xuartps_selftest.o ps
TRACE::2026-03-09.17:33:41::SCWMssOS::7_cortexa9_0/lib/xuartps_sinit.o

TRACE::2026-03-09.17:33:42::SCWMssOS::'Finished building libraries'

TRACE::2026-03-09.17:33:42::SCWMssOS::Copying to export directory.
TRACE::2026-03-09.17:33:42::SCWMssOS:: Checking if to create the Supporting Applications
TRACE::2026-03-09.17:33:42::SCWMssOS:: No Linux domain exists, trying to generate FSBL 
LOG::2026-03-09.17:33:42::SCWSystem::Completed Processing the domain standalone_domain
LOG::2026-03-09.17:33:42::SCWSystem::Completed Processing the sysconfig CNC-PL-FINAL
LOG::2026-03-09.17:33:42::SCWPlatform::Completed generating the artifacts for system configuration CNC-PL-FINAL
TRACE::2026-03-09.17:33:42::SCWPlatform::Started preparing the platform 
TRACE::2026-03-09.17:33:42::SCWSystem::Writing the bif file for system config CNC-PL-FINAL
TRACE::2026-03-09.17:33:42::SCWSystem::dir created 
TRACE::2026-03-09.17:33:42::SCWSystem::Writing the bif 
TRACE::2026-03-09.17:33:42::SCWPlatform::Started writing the spfm file 
TRACE::2026-03-09.17:33:42::SCWPlatform::Started writing the xpfm file 
TRACE::2026-03-09.17:33:42::SCWPlatform::Completed generating the platform
TRACE::2026-03-09.17:33:42::SCWMssOS::Saving the mss changes E:/Git-Repos/CNC-FPGA/Vitis3/CNC-PL-FINAL/zynq_fsbl/zynq_fsbl_bsp/system.mss
TRACE::2026-03-09.17:33:42::SCWMssOS::Found a swdesign opened with the mssfile.
TRACE::2026-03-09.17:33:42::SCWMssOS::Completed writemss as part of save.
TRACE::2026-03-09.17:33:42::SCWMssOS::Commit changes completed.
TRACE::2026-03-09.17:33:42::SCWMssOS::Saving the mss changes E:/Git-Repos/CNC-FPGA/Vitis3/CNC-PL-FINAL/ps7_cortexa9_0/standalone_domain/bsp/system.mss
TRACE::2026-03-09.17:33:42::SCWMssOS::Found a swdesign opened with the mssfile.
TRACE::2026-03-09.17:33:42::SCWMssOS::Completed writemss as part of save.
TRACE::2026-03-09.17:33:42::SCWMssOS::Commit changes completed.
TRACE::2026-03-09.17:33:42::SCWPlatform::Trying to open the hw design at E:/Git-Repos/CNC-FPGA/Vitis3/CNC-PL-FINAL/hw/CNC_Top_wrapper.xsa
TRACE::2026-03-09.17:33:42::SCWPlatform::DSA given E:/Git-Repos/CNC-FPGA/Vitis3/CNC-PL-FINAL/hw/CNC_Top_wrapper.xsa
TRACE::2026-03-09.17:33:42::SCWPlatform::DSA absoulate path E:/Git-Repos/CNC-FPGA/Vitis3/CNC-PL-FINAL/hw/CNC_Top_wrapper.xsa
TRACE::2026-03-09.17:33:42::SCWPlatform::DSA directory E:/Git-Repos/CNC-FPGA/Vitis3/CNC-PL-FINAL/hw
TRACE::2026-03-09.17:33:42::SCWPlatform:: Platform Path E:/Git-Repos/CNC-FPGA/Vitis3/CNC-PL-FINAL/hw/CNC_Top_wrapper.xsa
TRACE::2026-03-09.17:33:42::SCWPlatform:: Unique name xilinx:zedboard::0.0
TRACE::2026-03-09.17:33:42::SCWPlatform::Trying to set the existing hwdb with name CNC_Top_wrapper_9
TRACE::2026-03-09.17:33:42::SCWPlatform::Opened existing hwdb CNC_Top_wrapper_9
TRACE::2026-03-09.17:33:42::SCWPlatform::Found the Hw Db part of the input DSA
TRACE::2026-03-09.17:33:42::SCWMssOS::Checking the sw design at  E:/Git-Repos/CNC-FPGA/Vitis3/CNC-PL-FINAL/zynq_fsbl/zynq_fsbl_bsp/system.mss
TRACE::2026-03-09.17:33:42::SCWMssOS::DEBUG:  swdes dump  E:/Git-Repos/CNC-FPGA/Vitis3/CNC-PL-FINAL/ps7_cortexa9_0/standalone_domain/bsp/system.mss|system_1||
E:/Git-Repos/CNC-FPGA/Vitis3/CNC-PL-FINAL/zynq_fsbl/zynq_fsbl_bsp/system.mss|system_0||
E:/Git-Repos/CNC-FPGA/Vitis3/CNC-PL-NEW/ps7_cortexa9_0/standalone_domain/bsp/system.mss|system||

TRACE::2026-03-09.17:33:42::SCWMssOS::Sw design exists and opened at  E:/Git-Repos/CNC-FPGA/Vitis3/CNC-PL-FINAL/zynq_fsbl/zynq_fsbl_bsp/system.mss
TRACE::2026-03-09.17:33:42::SCWPlatform::Trying to open the hw design at E:/Git-Repos/CNC-FPGA/Vitis3/CNC-PL-FINAL/hw/CNC_Top_wrapper.xsa
TRACE::2026-03-09.17:33:42::SCWPlatform::DSA given E:/Git-Repos/CNC-FPGA/Vitis3/CNC-PL-FINAL/hw/CNC_Top_wrapper.xsa
TRACE::2026-03-09.17:33:42::SCWPlatform::DSA absoulate path E:/Git-Repos/CNC-FPGA/Vitis3/CNC-PL-FINAL/hw/CNC_Top_wrapper.xsa
TRACE::2026-03-09.17:33:42::SCWPlatform::DSA directory E:/Git-Repos/CNC-FPGA/Vitis3/CNC-PL-FINAL/hw
TRACE::2026-03-09.17:33:42::SCWPlatform:: Platform Path E:/Git-Repos/CNC-FPGA/Vitis3/CNC-PL-FINAL/hw/CNC_Top_wrapper.xsa
TRACE::2026-03-09.17:33:42::SCWPlatform:: Unique name xilinx:zedboard::0.0
TRACE::2026-03-09.17:33:42::SCWPlatform::Trying to set the existing hwdb with name CNC_Top_wrapper_9
TRACE::2026-03-09.17:33:42::SCWPlatform::Opened existing hwdb CNC_Top_wrapper_9
TRACE::2026-03-09.17:33:42::SCWPlatform::Found the Hw Db part of the input DSA
TRACE::2026-03-09.17:33:42::SCWMssOS::Checking the sw design at  E:/Git-Repos/CNC-FPGA/Vitis3/CNC-PL-FINAL/ps7_cortexa9_0/standalone_domain/bsp/system.mss
TRACE::2026-03-09.17:33:42::SCWMssOS::DEBUG:  swdes dump  E:/Git-Repos/CNC-FPGA/Vitis3/CNC-PL-FINAL/ps7_cortexa9_0/standalone_domain/bsp/system.mss|system_1||
E:/Git-Repos/CNC-FPGA/Vitis3/CNC-PL-FINAL/zynq_fsbl/zynq_fsbl_bsp/system.mss|system_0||
E:/Git-Repos/CNC-FPGA/Vitis3/CNC-PL-NEW/ps7_cortexa9_0/standalone_domain/bsp/system.mss|system||

TRACE::2026-03-09.17:33:42::SCWMssOS::Sw design exists and opened at  E:/Git-Repos/CNC-FPGA/Vitis3/CNC-PL-FINAL/ps7_cortexa9_0/standalone_domain/bsp/system.mss
TRACE::2026-03-09.17:33:42::SCWWriter::formatted JSON is {
	"platformName":	"CNC-PL-FINAL",
	"sprVersion":	"2.0",
	"mode":	"gui",
	"dsaType":	"Fixed",
	"platformDesc":	"CNC-PL-FINAL",
	"platHandOff":	"E:/Git-Repos/CNC-FPGA/Zedboard-CNC/CNC_Top_wrapper.xsa",
	"platIntHandOff":	"<platformDir>/hw/CNC_Top_wrapper.xsa",
	"deviceType":	"zynq",
	"platIsPrebuiltAutogen":	"false",
	"platIsNoBootBsp":	"false",
	"hasFsblMakeHasChanges":	"false",
	"hasPmufwMakeHasChanges":	"false",
	"fsblExtraCompilerFlags":	"-MMD -MP       -mcpu=cortex-a9 -mfpu=vfpv3 -mfloat-abi=hard ",
	"platPreBuiltFlag":	false,
	"platformSamplesDir":	"",
	"platActiveSys":	"CNC-PL-FINAL",
	"systems":	[{
			"systemName":	"CNC-PL-FINAL",
			"systemDesc":	"CNC-PL-FINAL",
			"sysIsBootAutoGen":	"true",
			"systemDispName":	"CNC-PL-FINAL",
			"sysActiveDom":	"standalone_domain",
			"sysDefaultDom":	"standalone_domain",
			"domains":	[{
					"domainName":	"zynq_fsbl",
					"domainDispName":	"zynq_fsbl",
					"domainDesc":	"FSBL Application BSP - Auto Generated.",
					"processors":	"ps7_cortexa9_0",
					"os":	"standalone",
					"sdxOs":	"standalone",
					"debugEnable":	"",
					"domRuntimes":	["cpp"],
					"swRepo":	"",
					"mssOsVer":	"9.2",
					"mssFile":	"",
					"md5Digest":	"ff454babd09b1b8845f41b216ffb95e0",
					"compatibleApp":	"zynq_fsbl",
					"domType":	"bootDomain",
					"arch":	"32-bit",
					"appSettings":	{
						"appCompilerFlags":	"",
						"appLinkerFlags":	""
					},
					"addedLibs":	["xilffs:5.3", "xilrsa:1.8"],
					"libOptions":	{
						"libsContainingOptions":	[]
					},
					"prebuiltLibs":	{
						"prebuiltIncPath":	[],
						"prebuiltLibPath":	[]
					},
					"isolation":	{
					}
				}, {
					"domainName":	"standalone_domain",
					"domainDispName":	"standalone on ps7_cortexa9_0",
					"domainDesc":	"standalone_domain",
					"processors":	"ps7_cortexa9_0",
					"os":	"standalone",
					"sdxOs":	"standalone",
					"qemuArgs":	"<platformDir>/resources/CNC-PL-FINAL/standalone_domain/qemu_args.txt",
					"qemuData":	"<platformDir>/resources/CNC-PL-FINAL/standalone_domain/qemu",
					"debugEnable":	"False",
					"domRuntimes":	["cpp"],
					"swRepo":	"",
					"mssOsVer":	"9.2",
					"mssFile":	"",
					"md5Digest":	"610983247b11c0cbc7df4ce35fb43cad",
					"compatibleApp":	"",
					"domType":	"mssDomain",
					"appSettings":	{
						"appCompilerFlags":	"",
						"appLinkerFlags":	""
					},
					"addedLibs":	["xilffs:5.3", "xiltimer:2.1"],
					"libOptions":	{
						"libsContainingOptions":	[]
					},
					"prebuiltLibs":	{
						"prebuiltIncPath":	[],
						"prebuiltLibPath":	[]
					},
					"isolation":	{
					}
				}]
		}]
}
KEYINFO::2026-03-09.17:33:42::SCWPlatform::updated the xpfm file.
TRACE::2026-03-09.17:33:42::SCWPlatform::Trying to open the hw design at E:/Git-Repos/CNC-FPGA/Vitis3/CNC-PL-FINAL/hw/CNC_Top_wrapper.xsa
TRACE::2026-03-09.17:33:42::SCWPlatform::DSA given E:/Git-Repos/CNC-FPGA/Vitis3/CNC-PL-FINAL/hw/CNC_Top_wrapper.xsa
TRACE::2026-03-09.17:33:42::SCWPlatform::DSA absoulate path E:/Git-Repos/CNC-FPGA/Vitis3/CNC-PL-FINAL/hw/CNC_Top_wrapper.xsa
TRACE::2026-03-09.17:33:42::SCWPlatform::DSA directory E:/Git-Repos/CNC-FPGA/Vitis3/CNC-PL-FINAL/hw
TRACE::2026-03-09.17:33:42::SCWPlatform:: Platform Path E:/Git-Repos/CNC-FPGA/Vitis3/CNC-PL-FINAL/hw/CNC_Top_wrapper.xsa
TRACE::2026-03-09.17:33:42::SCWPlatform:: Unique name xilinx:zedboard::0.0
TRACE::2026-03-09.17:33:42::SCWPlatform::Trying to set the existing hwdb with name CNC_Top_wrapper_9
TRACE::2026-03-09.17:33:42::SCWPlatform::Opened existing hwdb CNC_Top_wrapper_9
TRACE::2026-03-09.17:33:42::SCWPlatform::Found the Hw Db part of the input DSA
TRACE::2026-03-09.17:33:42::SCWMssOS::Checking the sw design at  E:/Git-Repos/CNC-FPGA/Vitis3/CNC-PL-FINAL/ps7_cortexa9_0/standalone_domain/bsp/system.mss
TRACE::2026-03-09.17:33:42::SCWMssOS::DEBUG:  swdes dump  E:/Git-Repos/CNC-FPGA/Vitis3/CNC-PL-FINAL/ps7_cortexa9_0/standalone_domain/bsp/system.mss|system_1||
E:/Git-Repos/CNC-FPGA/Vitis3/CNC-PL-FINAL/zynq_fsbl/zynq_fsbl_bsp/system.mss|system_0||
E:/Git-Repos/CNC-FPGA/Vitis3/CNC-PL-NEW/ps7_cortexa9_0/standalone_domain/bsp/system.mss|system||

TRACE::2026-03-09.17:33:42::SCWMssOS::Sw design exists and opened at  E:/Git-Repos/CNC-FPGA/Vitis3/CNC-PL-FINAL/ps7_cortexa9_0/standalone_domain/bsp/system.mss
