TRACE::2026-03-06.19:28:54::SCWPlatform::Trying to open the hw design at E:/Git-Repos/CNC-FPGA/Vitis3/CNC-PL7/hw/CNC_Top_wrapper.xsa
TRACE::2026-03-06.19:28:54::SCWPlatform::DSA given E:/Git-Repos/CNC-FPGA/Vitis3/CNC-PL7/hw/CNC_Top_wrapper.xsa
TRACE::2026-03-06.19:28:54::SCWPlatform::DSA absoulate path E:/Git-Repos/CNC-FPGA/Vitis3/CNC-PL7/hw/CNC_Top_wrapper.xsa
TRACE::2026-03-06.19:28:54::SCWPlatform::DSA directory E:/Git-Repos/CNC-FPGA/Vitis3/CNC-PL7/hw
TRACE::2026-03-06.19:28:54::SCWPlatform:: Platform Path E:/Git-Repos/CNC-FPGA/Vitis3/CNC-PL7/hw/CNC_Top_wrapper.xsa
TRACE::2026-03-06.19:28:54::SCWPlatform:: Unique name xilinx:zedboard::0.0
TRACE::2026-03-06.19:28:54::SCWPlatform::Do not have an existing db opened. 
TRACE::2026-03-06.19:28:56::SCWPlatform::Opened new HwDB with name CNC_Top_wrapper_22
TRACE::2026-03-06.19:28:56::SCWWriter::formatted JSON is {
	"platformName":	"CNC-PL7",
	"sprVersion":	"2.0",
	"mode":	"gui",
	"dsaType":	"Fixed",
	"platformDesc":	"CNC-PL7",
	"platHandOff":	"E:/Git-Repos/CNC-FPGA/Zedboard-CNC/CNC_Top_wrapper.xsa",
	"platIntHandOff":	"<platformDir>/hw/CNC_Top_wrapper.xsa",
	"deviceType":	"zynq",
	"platIsPrebuiltAutogen":	"false",
	"platIsNoBootBsp":	"false",
	"hasFsblMakeHasChanges":	"false",
	"hasPmufwMakeHasChanges":	"false",
	"platPreBuiltFlag":	false,
	"platformSamplesDir":	""
}
TRACE::2026-03-06.19:28:56::SCWWriter::formatted JSON is {
	"platformName":	"CNC-PL7",
	"sprVersion":	"2.0",
	"mode":	"gui",
	"dsaType":	"Fixed",
	"platformDesc":	"CNC-PL7",
	"platHandOff":	"E:/Git-Repos/CNC-FPGA/Zedboard-CNC/CNC_Top_wrapper.xsa",
	"platIntHandOff":	"<platformDir>/hw/CNC_Top_wrapper.xsa",
	"deviceType":	"zynq",
	"platIsPrebuiltAutogen":	"false",
	"platIsNoBootBsp":	"false",
	"hasFsblMakeHasChanges":	"false",
	"hasPmufwMakeHasChanges":	"false",
	"platPreBuiltFlag":	false,
	"platformSamplesDir":	"",
	"platActiveSys":	"CNC-PL7",
	"systems":	[{
			"systemName":	"CNC-PL7",
			"systemDesc":	"CNC-PL7",
			"sysIsBootAutoGen":	"true",
			"systemDispName":	"CNC-PL7"
		}]
}
TRACE::2026-03-06.19:28:56::SCWPlatform::Boot application domains not present, creating them
TRACE::2026-03-06.19:28:56::SCWDomain::checking for install qemu data   : 
TRACE::2026-03-06.19:28:56::SCWDomain:: Using the QEMU Data from install at  : C:/Xilinx/Vitis/2024.2/data/emulation/platforms/zynq/sw/a9_standalone/qemu/
TRACE::2026-03-06.19:28:56::SCWDomain:: Using the QEMU args  from install at  : C:/Xilinx/Vitis/2024.2/data/emulation/platforms/zynq/sw/a9_standalone/qemu/qemu_args.txt
TRACE::2026-03-06.19:28:56::SCWPlatform::Trying to open the hw design at E:/Git-Repos/CNC-FPGA/Vitis3/CNC-PL7/hw/CNC_Top_wrapper.xsa
TRACE::2026-03-06.19:28:56::SCWPlatform::DSA given E:/Git-Repos/CNC-FPGA/Vitis3/CNC-PL7/hw/CNC_Top_wrapper.xsa
TRACE::2026-03-06.19:28:56::SCWPlatform::DSA absoulate path E:/Git-Repos/CNC-FPGA/Vitis3/CNC-PL7/hw/CNC_Top_wrapper.xsa
TRACE::2026-03-06.19:28:56::SCWPlatform::DSA directory E:/Git-Repos/CNC-FPGA/Vitis3/CNC-PL7/hw
TRACE::2026-03-06.19:28:56::SCWPlatform:: Platform Path E:/Git-Repos/CNC-FPGA/Vitis3/CNC-PL7/hw/CNC_Top_wrapper.xsa
TRACE::2026-03-06.19:28:56::SCWPlatform:: Unique name xilinx:zedboard::0.0
TRACE::2026-03-06.19:28:56::SCWPlatform::Trying to set the existing hwdb with name CNC_Top_wrapper_22
TRACE::2026-03-06.19:28:56::SCWPlatform::Opened existing hwdb CNC_Top_wrapper_22
TRACE::2026-03-06.19:28:56::SCWPlatform::Found the Hw Db part of the input DSA
TRACE::2026-03-06.19:28:56::SCWPlatform::Trying to open the hw design at E:/Git-Repos/CNC-FPGA/Vitis3/CNC-PL7/hw/CNC_Top_wrapper.xsa
TRACE::2026-03-06.19:28:56::SCWPlatform::DSA given E:/Git-Repos/CNC-FPGA/Vitis3/CNC-PL7/hw/CNC_Top_wrapper.xsa
TRACE::2026-03-06.19:28:56::SCWPlatform::DSA absoulate path E:/Git-Repos/CNC-FPGA/Vitis3/CNC-PL7/hw/CNC_Top_wrapper.xsa
TRACE::2026-03-06.19:28:56::SCWPlatform::DSA directory E:/Git-Repos/CNC-FPGA/Vitis3/CNC-PL7/hw
TRACE::2026-03-06.19:28:56::SCWPlatform:: Platform Path E:/Git-Repos/CNC-FPGA/Vitis3/CNC-PL7/hw/CNC_Top_wrapper.xsa
TRACE::2026-03-06.19:28:56::SCWPlatform:: Unique name xilinx:zedboard::0.0
TRACE::2026-03-06.19:28:56::SCWPlatform::Trying to set the existing hwdb with name CNC_Top_wrapper_22
TRACE::2026-03-06.19:28:56::SCWPlatform::Opened existing hwdb CNC_Top_wrapper_22
TRACE::2026-03-06.19:28:56::SCWPlatform::Found the Hw Db part of the input DSA
TRACE::2026-03-06.19:28:56::SCWPlatform::Trying to open the hw design at E:/Git-Repos/CNC-FPGA/Vitis3/CNC-PL7/hw/CNC_Top_wrapper.xsa
TRACE::2026-03-06.19:28:56::SCWPlatform::DSA given E:/Git-Repos/CNC-FPGA/Vitis3/CNC-PL7/hw/CNC_Top_wrapper.xsa
TRACE::2026-03-06.19:28:56::SCWPlatform::DSA absoulate path E:/Git-Repos/CNC-FPGA/Vitis3/CNC-PL7/hw/CNC_Top_wrapper.xsa
TRACE::2026-03-06.19:28:56::SCWPlatform::DSA directory E:/Git-Repos/CNC-FPGA/Vitis3/CNC-PL7/hw
TRACE::2026-03-06.19:28:56::SCWPlatform:: Platform Path E:/Git-Repos/CNC-FPGA/Vitis3/CNC-PL7/hw/CNC_Top_wrapper.xsa
TRACE::2026-03-06.19:28:56::SCWPlatform:: Unique name xilinx:zedboard::0.0
TRACE::2026-03-06.19:28:56::SCWPlatform::Trying to set the existing hwdb with name CNC_Top_wrapper_22
TRACE::2026-03-06.19:28:56::SCWPlatform::Opened existing hwdb CNC_Top_wrapper_22
TRACE::2026-03-06.19:28:56::SCWPlatform::Found the Hw Db part of the input DSA
TRACE::2026-03-06.19:28:56::SCWPlatform::Boot application domain added for zynq_fsbl
TRACE::2026-03-06.19:28:56::SCWPlatform::Generating the sources  .
TRACE::2026-03-06.19:28:56::SCWBDomain::Generating boot domain sources.
TRACE::2026-03-06.19:28:56::SCWBDomain:: Generating the zynq_fsbl Application.
TRACE::2026-03-06.19:28:56::SCWPlatform::Trying to open the hw design at E:/Git-Repos/CNC-FPGA/Vitis3/CNC-PL7/hw/CNC_Top_wrapper.xsa
TRACE::2026-03-06.19:28:56::SCWPlatform::DSA given E:/Git-Repos/CNC-FPGA/Vitis3/CNC-PL7/hw/CNC_Top_wrapper.xsa
TRACE::2026-03-06.19:28:56::SCWPlatform::DSA absoulate path E:/Git-Repos/CNC-FPGA/Vitis3/CNC-PL7/hw/CNC_Top_wrapper.xsa
TRACE::2026-03-06.19:28:56::SCWPlatform::DSA directory E:/Git-Repos/CNC-FPGA/Vitis3/CNC-PL7/hw
TRACE::2026-03-06.19:28:56::SCWPlatform:: Platform Path E:/Git-Repos/CNC-FPGA/Vitis3/CNC-PL7/hw/CNC_Top_wrapper.xsa
TRACE::2026-03-06.19:28:56::SCWPlatform:: Unique name xilinx:zedboard::0.0
TRACE::2026-03-06.19:28:56::SCWPlatform::Trying to set the existing hwdb with name CNC_Top_wrapper_22
TRACE::2026-03-06.19:28:56::SCWPlatform::Opened existing hwdb CNC_Top_wrapper_22
TRACE::2026-03-06.19:28:56::SCWPlatform::Found the Hw Db part of the input DSA
TRACE::2026-03-06.19:28:56::SCWMssOS::Checking the sw design at  E:/Git-Repos/CNC-FPGA/Vitis3/CNC-PL7/zynq_fsbl/zynq_fsbl_bsp/system.mss
TRACE::2026-03-06.19:28:56::SCWMssOS::DEBUG:  swdes dump  E:/Git-Repos/CNC-FPGA/Vitis3/CNC-PL6/ps7_cortexa9_0/standalone_domain/bsp/system.mss|system_0||
E:/Git-Repos/CNC-FPGA/Vitis3/CNC-PL6/zynq_fsbl/zynq_fsbl_bsp/system.mss|system||

TRACE::2026-03-06.19:28:56::SCWMssOS::No sw design opened at  E:/Git-Repos/CNC-FPGA/Vitis3/CNC-PL7/zynq_fsbl/zynq_fsbl_bsp/system.mss
TRACE::2026-03-06.19:28:56::SCWMssOS::mss does not exists at E:/Git-Repos/CNC-FPGA/Vitis3/CNC-PL7/zynq_fsbl/zynq_fsbl_bsp/system.mss
TRACE::2026-03-06.19:28:56::SCWMssOS::Creating sw design at  E:/Git-Repos/CNC-FPGA/Vitis3/CNC-PL7/zynq_fsbl/zynq_fsbl_bsp/system.mss
TRACE::2026-03-06.19:28:56::SCWMssOS::Adding the swdes entry, created swdb E:/Git-Repos/CNC-FPGA/Vitis3/CNC-PL7/zynq_fsbl/zynq_fsbl_bsp/system.mss with des name E:/Git-Repos/CNC-FPGA/Vitis3/CNC-PL7/zynq_fsbl/zynq_fsbl_bsp/system.mss
TRACE::2026-03-06.19:28:56::SCWMssOS::updating the scw layer changes to swdes at   E:/Git-Repos/CNC-FPGA/Vitis3/CNC-PL7/zynq_fsbl/zynq_fsbl_bsp/system.mss
TRACE::2026-03-06.19:28:56::SCWMssOS::Writing mss at E:/Git-Repos/CNC-FPGA/Vitis3/CNC-PL7/zynq_fsbl/zynq_fsbl_bsp/system.mss
TRACE::2026-03-06.19:28:56::SCWMssOS::Completed writing the mss file at E:/Git-Repos/CNC-FPGA/Vitis3/CNC-PL7/zynq_fsbl/zynq_fsbl_bsp
TRACE::2026-03-06.19:28:56::SCWMssOS::Picking up changes from newly written mss file into SCW Layer. 
TRACE::2026-03-06.19:28:56::SCWMssOS::Updated the changes from newly written mss file into SCW Layer. 
TRACE::2026-03-06.19:28:56::SCWBDomain::Completed writing the mss file at E:/Git-Repos/CNC-FPGA/Vitis3/CNC-PL7/zynq_fsbl/zynq_fsbl_bsp
TRACE::2026-03-06.19:29:04::SCWPlatform::Generating sources Done.
TRACE::2026-03-06.19:29:04::SCWPlatform::Trying to open the hw design at E:/Git-Repos/CNC-FPGA/Vitis3/CNC-PL7/hw/CNC_Top_wrapper.xsa
TRACE::2026-03-06.19:29:04::SCWPlatform::DSA given E:/Git-Repos/CNC-FPGA/Vitis3/CNC-PL7/hw/CNC_Top_wrapper.xsa
TRACE::2026-03-06.19:29:04::SCWPlatform::DSA absoulate path E:/Git-Repos/CNC-FPGA/Vitis3/CNC-PL7/hw/CNC_Top_wrapper.xsa
TRACE::2026-03-06.19:29:04::SCWPlatform::DSA directory E:/Git-Repos/CNC-FPGA/Vitis3/CNC-PL7/hw
TRACE::2026-03-06.19:29:04::SCWPlatform:: Platform Path E:/Git-Repos/CNC-FPGA/Vitis3/CNC-PL7/hw/CNC_Top_wrapper.xsa
TRACE::2026-03-06.19:29:04::SCWPlatform:: Unique name xilinx:zedboard::0.0
TRACE::2026-03-06.19:29:04::SCWPlatform::Trying to set the existing hwdb with name CNC_Top_wrapper_22
TRACE::2026-03-06.19:29:04::SCWPlatform::Opened existing hwdb CNC_Top_wrapper_22
TRACE::2026-03-06.19:29:04::SCWPlatform::Found the Hw Db part of the input DSA
TRACE::2026-03-06.19:29:04::SCWMssOS::Checking the sw design at  E:/Git-Repos/CNC-FPGA/Vitis3/CNC-PL7/zynq_fsbl/zynq_fsbl_bsp/system.mss
TRACE::2026-03-06.19:29:04::SCWMssOS::DEBUG:  swdes dump  E:/Git-Repos/CNC-FPGA/Vitis3/CNC-PL6/ps7_cortexa9_0/standalone_domain/bsp/system.mss|system_0||
E:/Git-Repos/CNC-FPGA/Vitis3/CNC-PL6/zynq_fsbl/zynq_fsbl_bsp/system.mss|system||

TRACE::2026-03-06.19:29:04::SCWMssOS::No sw design opened at  E:/Git-Repos/CNC-FPGA/Vitis3/CNC-PL7/zynq_fsbl/zynq_fsbl_bsp/system.mss
TRACE::2026-03-06.19:29:04::SCWMssOS::mss exists loading the mss file  E:/Git-Repos/CNC-FPGA/Vitis3/CNC-PL7/zynq_fsbl/zynq_fsbl_bsp/system.mss
TRACE::2026-03-06.19:29:04::SCWMssOS::Opened the sw design from mss  E:/Git-Repos/CNC-FPGA/Vitis3/CNC-PL7/zynq_fsbl/zynq_fsbl_bsp/system.mss
TRACE::2026-03-06.19:29:04::SCWMssOS::Adding the swdes entry E:/Git-Repos/CNC-FPGA/Vitis3/CNC-PL7/zynq_fsbl/zynq_fsbl_bsp/system.mss with des name system_1
TRACE::2026-03-06.19:29:04::SCWMssOS::updating the scw layer about changes
TRACE::2026-03-06.19:29:04::SCWMssOS::Opened the sw design.  E:/Git-Repos/CNC-FPGA/Vitis3/CNC-PL7/zynq_fsbl/zynq_fsbl_bsp/system.mss
TRACE::2026-03-06.19:29:04::SCWMssOS::Saving the mss changes E:/Git-Repos/CNC-FPGA/Vitis3/CNC-PL7/zynq_fsbl/zynq_fsbl_bsp/system.mss
TRACE::2026-03-06.19:29:04::SCWMssOS::Found a swdesign opened with the mssfile.
TRACE::2026-03-06.19:29:04::SCWMssOS::Completed writemss as part of save.
TRACE::2026-03-06.19:29:04::SCWMssOS::Commit changes completed.
TRACE::2026-03-06.19:29:04::SCWPlatform::Trying to open the hw design at E:/Git-Repos/CNC-FPGA/Vitis3/CNC-PL7/hw/CNC_Top_wrapper.xsa
TRACE::2026-03-06.19:29:04::SCWPlatform::DSA given E:/Git-Repos/CNC-FPGA/Vitis3/CNC-PL7/hw/CNC_Top_wrapper.xsa
TRACE::2026-03-06.19:29:04::SCWPlatform::DSA absoulate path E:/Git-Repos/CNC-FPGA/Vitis3/CNC-PL7/hw/CNC_Top_wrapper.xsa
TRACE::2026-03-06.19:29:04::SCWPlatform::DSA directory E:/Git-Repos/CNC-FPGA/Vitis3/CNC-PL7/hw
TRACE::2026-03-06.19:29:04::SCWPlatform:: Platform Path E:/Git-Repos/CNC-FPGA/Vitis3/CNC-PL7/hw/CNC_Top_wrapper.xsa
TRACE::2026-03-06.19:29:04::SCWPlatform:: Unique name xilinx:zedboard::0.0
TRACE::2026-03-06.19:29:04::SCWPlatform::Trying to set the existing hwdb with name CNC_Top_wrapper_22
TRACE::2026-03-06.19:29:04::SCWPlatform::Opened existing hwdb CNC_Top_wrapper_22
TRACE::2026-03-06.19:29:04::SCWPlatform::Found the Hw Db part of the input DSA
TRACE::2026-03-06.19:29:04::SCWMssOS::Checking the sw design at  E:/Git-Repos/CNC-FPGA/Vitis3/CNC-PL7/zynq_fsbl/zynq_fsbl_bsp/system.mss
TRACE::2026-03-06.19:29:04::SCWMssOS::DEBUG:  swdes dump  E:/Git-Repos/CNC-FPGA/Vitis3/CNC-PL6/ps7_cortexa9_0/standalone_domain/bsp/system.mss|system_0||
E:/Git-Repos/CNC-FPGA/Vitis3/CNC-PL6/zynq_fsbl/zynq_fsbl_bsp/system.mss|system||
E:/Git-Repos/CNC-FPGA/Vitis3/CNC-PL7/zynq_fsbl/zynq_fsbl_bsp/system.mss|system_1||

TRACE::2026-03-06.19:29:04::SCWMssOS::Sw design exists and opened at  E:/Git-Repos/CNC-FPGA/Vitis3/CNC-PL7/zynq_fsbl/zynq_fsbl_bsp/system.mss
TRACE::2026-03-06.19:29:04::SCWPlatform::Trying to open the hw design at E:/Git-Repos/CNC-FPGA/Vitis3/CNC-PL7/hw/CNC_Top_wrapper.xsa
TRACE::2026-03-06.19:29:04::SCWPlatform::DSA given E:/Git-Repos/CNC-FPGA/Vitis3/CNC-PL7/hw/CNC_Top_wrapper.xsa
TRACE::2026-03-06.19:29:04::SCWPlatform::DSA absoulate path E:/Git-Repos/CNC-FPGA/Vitis3/CNC-PL7/hw/CNC_Top_wrapper.xsa
TRACE::2026-03-06.19:29:04::SCWPlatform::DSA directory E:/Git-Repos/CNC-FPGA/Vitis3/CNC-PL7/hw
TRACE::2026-03-06.19:29:04::SCWPlatform:: Platform Path E:/Git-Repos/CNC-FPGA/Vitis3/CNC-PL7/hw/CNC_Top_wrapper.xsa
TRACE::2026-03-06.19:29:04::SCWPlatform:: Unique name xilinx:zedboard::0.0
TRACE::2026-03-06.19:29:04::SCWPlatform::Trying to set the existing hwdb with name CNC_Top_wrapper_22
TRACE::2026-03-06.19:29:04::SCWPlatform::Opened existing hwdb CNC_Top_wrapper_22
TRACE::2026-03-06.19:29:04::SCWPlatform::Found the Hw Db part of the input DSA
TRACE::2026-03-06.19:29:04::SCWMssOS::Checking the sw design at  E:/Git-Repos/CNC-FPGA/Vitis3/CNC-PL7/zynq_fsbl/zynq_fsbl_bsp/system.mss
TRACE::2026-03-06.19:29:04::SCWMssOS::DEBUG:  swdes dump  E:/Git-Repos/CNC-FPGA/Vitis3/CNC-PL6/ps7_cortexa9_0/standalone_domain/bsp/system.mss|system_0||
E:/Git-Repos/CNC-FPGA/Vitis3/CNC-PL6/zynq_fsbl/zynq_fsbl_bsp/system.mss|system||
E:/Git-Repos/CNC-FPGA/Vitis3/CNC-PL7/zynq_fsbl/zynq_fsbl_bsp/system.mss|system_1||

TRACE::2026-03-06.19:29:04::SCWMssOS::Sw design exists and opened at  E:/Git-Repos/CNC-FPGA/Vitis3/CNC-PL7/zynq_fsbl/zynq_fsbl_bsp/system.mss
TRACE::2026-03-06.19:29:04::SCWPlatform::Trying to open the hw design at E:/Git-Repos/CNC-FPGA/Vitis3/CNC-PL7/hw/CNC_Top_wrapper.xsa
TRACE::2026-03-06.19:29:04::SCWPlatform::DSA given E:/Git-Repos/CNC-FPGA/Vitis3/CNC-PL7/hw/CNC_Top_wrapper.xsa
TRACE::2026-03-06.19:29:04::SCWPlatform::DSA absoulate path E:/Git-Repos/CNC-FPGA/Vitis3/CNC-PL7/hw/CNC_Top_wrapper.xsa
TRACE::2026-03-06.19:29:04::SCWPlatform::DSA directory E:/Git-Repos/CNC-FPGA/Vitis3/CNC-PL7/hw
TRACE::2026-03-06.19:29:04::SCWPlatform:: Platform Path E:/Git-Repos/CNC-FPGA/Vitis3/CNC-PL7/hw/CNC_Top_wrapper.xsa
TRACE::2026-03-06.19:29:04::SCWPlatform:: Unique name xilinx:zedboard::0.0
TRACE::2026-03-06.19:29:04::SCWPlatform::Trying to set the existing hwdb with name CNC_Top_wrapper_22
TRACE::2026-03-06.19:29:04::SCWPlatform::Opened existing hwdb CNC_Top_wrapper_22
TRACE::2026-03-06.19:29:04::SCWPlatform::Found the Hw Db part of the input DSA
TRACE::2026-03-06.19:29:04::SCWMssOS::Checking the sw design at  E:/Git-Repos/CNC-FPGA/Vitis3/CNC-PL7/zynq_fsbl/zynq_fsbl_bsp/system.mss
TRACE::2026-03-06.19:29:04::SCWMssOS::DEBUG:  swdes dump  E:/Git-Repos/CNC-FPGA/Vitis3/CNC-PL6/ps7_cortexa9_0/standalone_domain/bsp/system.mss|system_0||
E:/Git-Repos/CNC-FPGA/Vitis3/CNC-PL6/zynq_fsbl/zynq_fsbl_bsp/system.mss|system||
E:/Git-Repos/CNC-FPGA/Vitis3/CNC-PL7/zynq_fsbl/zynq_fsbl_bsp/system.mss|system_1||

TRACE::2026-03-06.19:29:04::SCWMssOS::Sw design exists and opened at  E:/Git-Repos/CNC-FPGA/Vitis3/CNC-PL7/zynq_fsbl/zynq_fsbl_bsp/system.mss
TRACE::2026-03-06.19:29:04::SCWWriter::formatted JSON is {
	"platformName":	"CNC-PL7",
	"sprVersion":	"2.0",
	"mode":	"gui",
	"dsaType":	"Fixed",
	"platformDesc":	"CNC-PL7",
	"platHandOff":	"E:/Git-Repos/CNC-FPGA/Zedboard-CNC/CNC_Top_wrapper.xsa",
	"platIntHandOff":	"<platformDir>/hw/CNC_Top_wrapper.xsa",
	"deviceType":	"zynq",
	"platIsPrebuiltAutogen":	"false",
	"platIsNoBootBsp":	"false",
	"platFsblTarget":	"ps7_cortexa9_0",
	"hasFsblMakeHasChanges":	"false",
	"hasPmufwMakeHasChanges":	"false",
	"fsblExtraCompilerFlags":	"-MMD -MP       -mcpu=cortex-a9 -mfpu=vfpv3 -mfloat-abi=hard ",
	"platPreBuiltFlag":	false,
	"platformSamplesDir":	"",
	"platActiveSys":	"CNC-PL7",
	"systems":	[{
			"systemName":	"CNC-PL7",
			"systemDesc":	"CNC-PL7",
			"sysIsBootAutoGen":	"true",
			"systemDispName":	"CNC-PL7",
			"sysActiveDom":	"zynq_fsbl",
			"sysDefaultDom":	"",
			"domains":	[{
					"domainName":	"zynq_fsbl",
					"domainDispName":	"zynq_fsbl",
					"domainDesc":	"FSBL Application BSP - Auto Generated.",
					"processors":	"ps7_cortexa9_0",
					"os":	"standalone",
					"sdxOs":	"standalone",
					"debugEnable":	"",
					"domRuntimes":	["cpp"],
					"swRepo":	"",
					"mssOsVer":	"9.2",
					"mssFile":	"",
					"md5Digest":	"8e05dff6cf2b7a5e245cc7c2f785ee81",
					"compatibleApp":	"zynq_fsbl",
					"domType":	"bootDomain",
					"arch":	"32-bit",
					"appSettings":	{
						"appCompilerFlags":	"",
						"appLinkerFlags":	""
					},
					"addedLibs":	["xilffs:5.3", "xilrsa:1.8"],
					"libOptions":	{
						"libsContainingOptions":	[]
					},
					"prebuiltLibs":	{
						"prebuiltIncPath":	[],
						"prebuiltLibPath":	[]
					},
					"isolation":	{
					}
				}]
		}]
}
TRACE::2026-03-06.19:29:04::SCWPlatform::Trying to open the hw design at E:/Git-Repos/CNC-FPGA/Vitis3/CNC-PL7/hw/CNC_Top_wrapper.xsa
TRACE::2026-03-06.19:29:04::SCWPlatform::DSA given E:/Git-Repos/CNC-FPGA/Vitis3/CNC-PL7/hw/CNC_Top_wrapper.xsa
TRACE::2026-03-06.19:29:04::SCWPlatform::DSA absoulate path E:/Git-Repos/CNC-FPGA/Vitis3/CNC-PL7/hw/CNC_Top_wrapper.xsa
TRACE::2026-03-06.19:29:04::SCWPlatform::DSA directory E:/Git-Repos/CNC-FPGA/Vitis3/CNC-PL7/hw
TRACE::2026-03-06.19:29:04::SCWPlatform:: Platform Path E:/Git-Repos/CNC-FPGA/Vitis3/CNC-PL7/hw/CNC_Top_wrapper.xsa
TRACE::2026-03-06.19:29:04::SCWPlatform:: Unique name xilinx:zedboard::0.0
TRACE::2026-03-06.19:29:04::SCWPlatform::Trying to set the existing hwdb with name CNC_Top_wrapper_22
TRACE::2026-03-06.19:29:04::SCWPlatform::Opened existing hwdb CNC_Top_wrapper_22
TRACE::2026-03-06.19:29:04::SCWPlatform::Found the Hw Db part of the input DSA
TRACE::2026-03-06.19:29:04::SCWPlatform::Trying to open the hw design at E:/Git-Repos/CNC-FPGA/Vitis3/CNC-PL7/hw/CNC_Top_wrapper.xsa
TRACE::2026-03-06.19:29:04::SCWPlatform::DSA given E:/Git-Repos/CNC-FPGA/Vitis3/CNC-PL7/hw/CNC_Top_wrapper.xsa
TRACE::2026-03-06.19:29:04::SCWPlatform::DSA absoulate path E:/Git-Repos/CNC-FPGA/Vitis3/CNC-PL7/hw/CNC_Top_wrapper.xsa
TRACE::2026-03-06.19:29:04::SCWPlatform::DSA directory E:/Git-Repos/CNC-FPGA/Vitis3/CNC-PL7/hw
TRACE::2026-03-06.19:29:04::SCWPlatform:: Platform Path E:/Git-Repos/CNC-FPGA/Vitis3/CNC-PL7/hw/CNC_Top_wrapper.xsa
TRACE::2026-03-06.19:29:04::SCWPlatform:: Unique name xilinx:zedboard::0.0
TRACE::2026-03-06.19:29:04::SCWPlatform::Trying to set the existing hwdb with name CNC_Top_wrapper_22
TRACE::2026-03-06.19:29:04::SCWPlatform::Opened existing hwdb CNC_Top_wrapper_22
TRACE::2026-03-06.19:29:04::SCWPlatform::Found the Hw Db part of the input DSA
TRACE::2026-03-06.19:29:04::SCWDomain::checking for install qemu data   : 
TRACE::2026-03-06.19:29:04::SCWDomain:: Using the QEMU Data from install at  : C:/Xilinx/Vitis/2024.2/data/emulation/platforms/zynq/sw/a9_standalone/qemu/
TRACE::2026-03-06.19:29:04::SCWDomain:: Using the QEMU args  from install at  : C:/Xilinx/Vitis/2024.2/data/emulation/platforms/zynq/sw/a9_standalone/qemu/qemu_args.txt
TRACE::2026-03-06.19:29:04::SCWPlatform::Trying to open the hw design at E:/Git-Repos/CNC-FPGA/Vitis3/CNC-PL7/hw/CNC_Top_wrapper.xsa
TRACE::2026-03-06.19:29:04::SCWPlatform::DSA given E:/Git-Repos/CNC-FPGA/Vitis3/CNC-PL7/hw/CNC_Top_wrapper.xsa
TRACE::2026-03-06.19:29:04::SCWPlatform::DSA absoulate path E:/Git-Repos/CNC-FPGA/Vitis3/CNC-PL7/hw/CNC_Top_wrapper.xsa
TRACE::2026-03-06.19:29:04::SCWPlatform::DSA directory E:/Git-Repos/CNC-FPGA/Vitis3/CNC-PL7/hw
TRACE::2026-03-06.19:29:04::SCWPlatform:: Platform Path E:/Git-Repos/CNC-FPGA/Vitis3/CNC-PL7/hw/CNC_Top_wrapper.xsa
TRACE::2026-03-06.19:29:04::SCWPlatform:: Unique name xilinx:zedboard::0.0
TRACE::2026-03-06.19:29:04::SCWPlatform::Trying to set the existing hwdb with name CNC_Top_wrapper_22
TRACE::2026-03-06.19:29:04::SCWPlatform::Opened existing hwdb CNC_Top_wrapper_22
TRACE::2026-03-06.19:29:04::SCWPlatform::Found the Hw Db part of the input DSA
TRACE::2026-03-06.19:29:04::SCWPlatform::Trying to open the hw design at E:/Git-Repos/CNC-FPGA/Vitis3/CNC-PL7/hw/CNC_Top_wrapper.xsa
TRACE::2026-03-06.19:29:04::SCWPlatform::DSA given E:/Git-Repos/CNC-FPGA/Vitis3/CNC-PL7/hw/CNC_Top_wrapper.xsa
TRACE::2026-03-06.19:29:04::SCWPlatform::DSA absoulate path E:/Git-Repos/CNC-FPGA/Vitis3/CNC-PL7/hw/CNC_Top_wrapper.xsa
TRACE::2026-03-06.19:29:04::SCWPlatform::DSA directory E:/Git-Repos/CNC-FPGA/Vitis3/CNC-PL7/hw
TRACE::2026-03-06.19:29:04::SCWPlatform:: Platform Path E:/Git-Repos/CNC-FPGA/Vitis3/CNC-PL7/hw/CNC_Top_wrapper.xsa
TRACE::2026-03-06.19:29:04::SCWPlatform:: Unique name xilinx:zedboard::0.0
TRACE::2026-03-06.19:29:04::SCWPlatform::Trying to set the existing hwdb with name CNC_Top_wrapper_22
TRACE::2026-03-06.19:29:04::SCWPlatform::Opened existing hwdb CNC_Top_wrapper_22
TRACE::2026-03-06.19:29:04::SCWPlatform::Found the Hw Db part of the input DSA
TRACE::2026-03-06.19:29:04::SCWDomain::Qemu Directory name is changed from "" to "qemu"
TRACE::2026-03-06.19:29:04::SCWPlatform::Trying to open the hw design at E:/Git-Repos/CNC-FPGA/Vitis3/CNC-PL7/hw/CNC_Top_wrapper.xsa
TRACE::2026-03-06.19:29:04::SCWPlatform::DSA given E:/Git-Repos/CNC-FPGA/Vitis3/CNC-PL7/hw/CNC_Top_wrapper.xsa
TRACE::2026-03-06.19:29:04::SCWPlatform::DSA absoulate path E:/Git-Repos/CNC-FPGA/Vitis3/CNC-PL7/hw/CNC_Top_wrapper.xsa
TRACE::2026-03-06.19:29:04::SCWPlatform::DSA directory E:/Git-Repos/CNC-FPGA/Vitis3/CNC-PL7/hw
TRACE::2026-03-06.19:29:04::SCWPlatform:: Platform Path E:/Git-Repos/CNC-FPGA/Vitis3/CNC-PL7/hw/CNC_Top_wrapper.xsa
TRACE::2026-03-06.19:29:04::SCWPlatform:: Unique name xilinx:zedboard::0.0
TRACE::2026-03-06.19:29:04::SCWPlatform::Trying to set the existing hwdb with name CNC_Top_wrapper_22
TRACE::2026-03-06.19:29:04::SCWPlatform::Opened existing hwdb CNC_Top_wrapper_22
TRACE::2026-03-06.19:29:04::SCWPlatform::Found the Hw Db part of the input DSA
TRACE::2026-03-06.19:29:04::SCWMssOS::Checking the sw design at  E:/Git-Repos/CNC-FPGA/Vitis3/CNC-PL7/ps7_cortexa9_0/standalone_domain/bsp/system.mss
TRACE::2026-03-06.19:29:04::SCWMssOS::DEBUG:  swdes dump  E:/Git-Repos/CNC-FPGA/Vitis3/CNC-PL6/ps7_cortexa9_0/standalone_domain/bsp/system.mss|system_0||
E:/Git-Repos/CNC-FPGA/Vitis3/CNC-PL6/zynq_fsbl/zynq_fsbl_bsp/system.mss|system||
E:/Git-Repos/CNC-FPGA/Vitis3/CNC-PL7/zynq_fsbl/zynq_fsbl_bsp/system.mss|system_1||

TRACE::2026-03-06.19:29:04::SCWMssOS::No sw design opened at  E:/Git-Repos/CNC-FPGA/Vitis3/CNC-PL7/ps7_cortexa9_0/standalone_domain/bsp/system.mss
TRACE::2026-03-06.19:29:04::SCWMssOS::mss does not exists at E:/Git-Repos/CNC-FPGA/Vitis3/CNC-PL7/ps7_cortexa9_0/standalone_domain/bsp/system.mss
TRACE::2026-03-06.19:29:04::SCWMssOS::Creating sw design at  E:/Git-Repos/CNC-FPGA/Vitis3/CNC-PL7/ps7_cortexa9_0/standalone_domain/bsp/system.mss
TRACE::2026-03-06.19:29:04::SCWMssOS::Adding the swdes entry, created swdb E:/Git-Repos/CNC-FPGA/Vitis3/CNC-PL7/ps7_cortexa9_0/standalone_domain/bsp/system.mss with des name E:/Git-Repos/CNC-FPGA/Vitis3/CNC-PL7/ps7_cortexa9_0/standalone_domain/bsp/system.mss
TRACE::2026-03-06.19:29:04::SCWMssOS::updating the scw layer changes to swdes at   E:/Git-Repos/CNC-FPGA/Vitis3/CNC-PL7/ps7_cortexa9_0/standalone_domain/bsp/system.mss
TRACE::2026-03-06.19:29:04::SCWMssOS::Writing mss at E:/Git-Repos/CNC-FPGA/Vitis3/CNC-PL7/ps7_cortexa9_0/standalone_domain/bsp/system.mss
TRACE::2026-03-06.19:29:04::SCWMssOS::Completed writing the mss file at E:/Git-Repos/CNC-FPGA/Vitis3/CNC-PL7/ps7_cortexa9_0/standalone_domain/bsp
TRACE::2026-03-06.19:29:04::SCWMssOS::Picking up changes from newly written mss file into SCW Layer. 
TRACE::2026-03-06.19:29:04::SCWMssOS::Updated the changes from newly written mss file into SCW Layer. 
TRACE::2026-03-06.19:29:04::SCWMssOS::Completed writing the mss file at E:/Git-Repos/CNC-FPGA/Vitis3/CNC-PL7/ps7_cortexa9_0/standalone_domain/bsp
TRACE::2026-03-06.19:29:04::SCWMssOS::Forcing BSP Sources regeneration.
TRACE::2026-03-06.19:29:06::SCWMssOS::Saving the mss changes E:/Git-Repos/CNC-FPGA/Vitis3/CNC-PL7/zynq_fsbl/zynq_fsbl_bsp/system.mss
TRACE::2026-03-06.19:29:06::SCWMssOS::Found a swdesign opened with the mssfile.
TRACE::2026-03-06.19:29:06::SCWMssOS::Completed writemss as part of save.
TRACE::2026-03-06.19:29:06::SCWMssOS::Commit changes completed.
TRACE::2026-03-06.19:29:06::SCWMssOS::Saving the mss changes E:/Git-Repos/CNC-FPGA/Vitis3/CNC-PL7/ps7_cortexa9_0/standalone_domain/bsp/system.mss
TRACE::2026-03-06.19:29:06::SCWMssOS::Adding the swdes entry, mss present, able to open swdb E:/Git-Repos/CNC-FPGA/Vitis3/CNC-PL7/ps7_cortexa9_0/standalone_domain/bsp/system.mss with des name system_2
TRACE::2026-03-06.19:29:06::SCWMssOS::Writing the mss file completed E:/Git-Repos/CNC-FPGA/Vitis3/CNC-PL7/ps7_cortexa9_0/standalone_domain/bsp/system.mss
TRACE::2026-03-06.19:29:06::SCWMssOS::Commit changes completed.
TRACE::2026-03-06.19:29:06::SCWPlatform::Trying to open the hw design at E:/Git-Repos/CNC-FPGA/Vitis3/CNC-PL7/hw/CNC_Top_wrapper.xsa
TRACE::2026-03-06.19:29:06::SCWPlatform::DSA given E:/Git-Repos/CNC-FPGA/Vitis3/CNC-PL7/hw/CNC_Top_wrapper.xsa
TRACE::2026-03-06.19:29:06::SCWPlatform::DSA absoulate path E:/Git-Repos/CNC-FPGA/Vitis3/CNC-PL7/hw/CNC_Top_wrapper.xsa
TRACE::2026-03-06.19:29:06::SCWPlatform::DSA directory E:/Git-Repos/CNC-FPGA/Vitis3/CNC-PL7/hw
TRACE::2026-03-06.19:29:06::SCWPlatform:: Platform Path E:/Git-Repos/CNC-FPGA/Vitis3/CNC-PL7/hw/CNC_Top_wrapper.xsa
TRACE::2026-03-06.19:29:06::SCWPlatform:: Unique name xilinx:zedboard::0.0
TRACE::2026-03-06.19:29:06::SCWPlatform::Trying to set the existing hwdb with name CNC_Top_wrapper_22
TRACE::2026-03-06.19:29:06::SCWPlatform::Opened existing hwdb CNC_Top_wrapper_22
TRACE::2026-03-06.19:29:06::SCWPlatform::Found the Hw Db part of the input DSA
TRACE::2026-03-06.19:29:06::SCWMssOS::Checking the sw design at  E:/Git-Repos/CNC-FPGA/Vitis3/CNC-PL7/zynq_fsbl/zynq_fsbl_bsp/system.mss
TRACE::2026-03-06.19:29:06::SCWMssOS::DEBUG:  swdes dump  E:/Git-Repos/CNC-FPGA/Vitis3/CNC-PL6/ps7_cortexa9_0/standalone_domain/bsp/system.mss|system_0||
E:/Git-Repos/CNC-FPGA/Vitis3/CNC-PL6/zynq_fsbl/zynq_fsbl_bsp/system.mss|system||
E:/Git-Repos/CNC-FPGA/Vitis3/CNC-PL7/ps7_cortexa9_0/standalone_domain/bsp/system.mss|system_2||
E:/Git-Repos/CNC-FPGA/Vitis3/CNC-PL7/zynq_fsbl/zynq_fsbl_bsp/system.mss|system_1||

TRACE::2026-03-06.19:29:06::SCWMssOS::Sw design exists and opened at  E:/Git-Repos/CNC-FPGA/Vitis3/CNC-PL7/zynq_fsbl/zynq_fsbl_bsp/system.mss
TRACE::2026-03-06.19:29:06::SCWPlatform::Trying to open the hw design at E:/Git-Repos/CNC-FPGA/Vitis3/CNC-PL7/hw/CNC_Top_wrapper.xsa
TRACE::2026-03-06.19:29:06::SCWPlatform::DSA given E:/Git-Repos/CNC-FPGA/Vitis3/CNC-PL7/hw/CNC_Top_wrapper.xsa
TRACE::2026-03-06.19:29:06::SCWPlatform::DSA absoulate path E:/Git-Repos/CNC-FPGA/Vitis3/CNC-PL7/hw/CNC_Top_wrapper.xsa
TRACE::2026-03-06.19:29:06::SCWPlatform::DSA directory E:/Git-Repos/CNC-FPGA/Vitis3/CNC-PL7/hw
TRACE::2026-03-06.19:29:06::SCWPlatform:: Platform Path E:/Git-Repos/CNC-FPGA/Vitis3/CNC-PL7/hw/CNC_Top_wrapper.xsa
TRACE::2026-03-06.19:29:06::SCWPlatform:: Unique name xilinx:zedboard::0.0
TRACE::2026-03-06.19:29:06::SCWPlatform::Trying to set the existing hwdb with name CNC_Top_wrapper_22
TRACE::2026-03-06.19:29:06::SCWPlatform::Opened existing hwdb CNC_Top_wrapper_22
TRACE::2026-03-06.19:29:06::SCWPlatform::Found the Hw Db part of the input DSA
TRACE::2026-03-06.19:29:06::SCWMssOS::Checking the sw design at  E:/Git-Repos/CNC-FPGA/Vitis3/CNC-PL7/zynq_fsbl/zynq_fsbl_bsp/system.mss
TRACE::2026-03-06.19:29:06::SCWMssOS::DEBUG:  swdes dump  E:/Git-Repos/CNC-FPGA/Vitis3/CNC-PL6/ps7_cortexa9_0/standalone_domain/bsp/system.mss|system_0||
E:/Git-Repos/CNC-FPGA/Vitis3/CNC-PL6/zynq_fsbl/zynq_fsbl_bsp/system.mss|system||
E:/Git-Repos/CNC-FPGA/Vitis3/CNC-PL7/ps7_cortexa9_0/standalone_domain/bsp/system.mss|system_2||
E:/Git-Repos/CNC-FPGA/Vitis3/CNC-PL7/zynq_fsbl/zynq_fsbl_bsp/system.mss|system_1||

TRACE::2026-03-06.19:29:06::SCWMssOS::Sw design exists and opened at  E:/Git-Repos/CNC-FPGA/Vitis3/CNC-PL7/zynq_fsbl/zynq_fsbl_bsp/system.mss
TRACE::2026-03-06.19:29:06::SCWPlatform::Trying to open the hw design at E:/Git-Repos/CNC-FPGA/Vitis3/CNC-PL7/hw/CNC_Top_wrapper.xsa
TRACE::2026-03-06.19:29:06::SCWPlatform::DSA given E:/Git-Repos/CNC-FPGA/Vitis3/CNC-PL7/hw/CNC_Top_wrapper.xsa
TRACE::2026-03-06.19:29:06::SCWPlatform::DSA absoulate path E:/Git-Repos/CNC-FPGA/Vitis3/CNC-PL7/hw/CNC_Top_wrapper.xsa
TRACE::2026-03-06.19:29:06::SCWPlatform::DSA directory E:/Git-Repos/CNC-FPGA/Vitis3/CNC-PL7/hw
TRACE::2026-03-06.19:29:06::SCWPlatform:: Platform Path E:/Git-Repos/CNC-FPGA/Vitis3/CNC-PL7/hw/CNC_Top_wrapper.xsa
TRACE::2026-03-06.19:29:06::SCWPlatform:: Unique name xilinx:zedboard::0.0
TRACE::2026-03-06.19:29:06::SCWPlatform::Trying to set the existing hwdb with name CNC_Top_wrapper_22
TRACE::2026-03-06.19:29:06::SCWPlatform::Opened existing hwdb CNC_Top_wrapper_22
TRACE::2026-03-06.19:29:06::SCWPlatform::Found the Hw Db part of the input DSA
TRACE::2026-03-06.19:29:06::SCWMssOS::Checking the sw design at  E:/Git-Repos/CNC-FPGA/Vitis3/CNC-PL7/zynq_fsbl/zynq_fsbl_bsp/system.mss
TRACE::2026-03-06.19:29:06::SCWMssOS::DEBUG:  swdes dump  E:/Git-Repos/CNC-FPGA/Vitis3/CNC-PL6/ps7_cortexa9_0/standalone_domain/bsp/system.mss|system_0||
E:/Git-Repos/CNC-FPGA/Vitis3/CNC-PL6/zynq_fsbl/zynq_fsbl_bsp/system.mss|system||
E:/Git-Repos/CNC-FPGA/Vitis3/CNC-PL7/ps7_cortexa9_0/standalone_domain/bsp/system.mss|system_2||
E:/Git-Repos/CNC-FPGA/Vitis3/CNC-PL7/zynq_fsbl/zynq_fsbl_bsp/system.mss|system_1||

TRACE::2026-03-06.19:29:06::SCWMssOS::Sw design exists and opened at  E:/Git-Repos/CNC-FPGA/Vitis3/CNC-PL7/zynq_fsbl/zynq_fsbl_bsp/system.mss
TRACE::2026-03-06.19:29:06::SCWPlatform::Trying to open the hw design at E:/Git-Repos/CNC-FPGA/Vitis3/CNC-PL7/hw/CNC_Top_wrapper.xsa
TRACE::2026-03-06.19:29:06::SCWPlatform::DSA given E:/Git-Repos/CNC-FPGA/Vitis3/CNC-PL7/hw/CNC_Top_wrapper.xsa
TRACE::2026-03-06.19:29:06::SCWPlatform::DSA absoulate path E:/Git-Repos/CNC-FPGA/Vitis3/CNC-PL7/hw/CNC_Top_wrapper.xsa
TRACE::2026-03-06.19:29:06::SCWPlatform::DSA directory E:/Git-Repos/CNC-FPGA/Vitis3/CNC-PL7/hw
TRACE::2026-03-06.19:29:06::SCWPlatform:: Platform Path E:/Git-Repos/CNC-FPGA/Vitis3/CNC-PL7/hw/CNC_Top_wrapper.xsa
TRACE::2026-03-06.19:29:06::SCWPlatform:: Unique name xilinx:zedboard::0.0
TRACE::2026-03-06.19:29:06::SCWPlatform::Trying to set the existing hwdb with name CNC_Top_wrapper_22
TRACE::2026-03-06.19:29:06::SCWPlatform::Opened existing hwdb CNC_Top_wrapper_22
TRACE::2026-03-06.19:29:06::SCWPlatform::Found the Hw Db part of the input DSA
TRACE::2026-03-06.19:29:06::SCWMssOS::Checking the sw design at  E:/Git-Repos/CNC-FPGA/Vitis3/CNC-PL7/ps7_cortexa9_0/standalone_domain/bsp/system.mss
TRACE::2026-03-06.19:29:06::SCWMssOS::DEBUG:  swdes dump  E:/Git-Repos/CNC-FPGA/Vitis3/CNC-PL6/ps7_cortexa9_0/standalone_domain/bsp/system.mss|system_0||
E:/Git-Repos/CNC-FPGA/Vitis3/CNC-PL6/zynq_fsbl/zynq_fsbl_bsp/system.mss|system||
E:/Git-Repos/CNC-FPGA/Vitis3/CNC-PL7/ps7_cortexa9_0/standalone_domain/bsp/system.mss|system_2||
E:/Git-Repos/CNC-FPGA/Vitis3/CNC-PL7/zynq_fsbl/zynq_fsbl_bsp/system.mss|system_1||

TRACE::2026-03-06.19:29:06::SCWMssOS::Sw design exists and opened at  E:/Git-Repos/CNC-FPGA/Vitis3/CNC-PL7/ps7_cortexa9_0/standalone_domain/bsp/system.mss
TRACE::2026-03-06.19:29:06::SCWPlatform::Trying to open the hw design at E:/Git-Repos/CNC-FPGA/Vitis3/CNC-PL7/hw/CNC_Top_wrapper.xsa
TRACE::2026-03-06.19:29:06::SCWPlatform::DSA given E:/Git-Repos/CNC-FPGA/Vitis3/CNC-PL7/hw/CNC_Top_wrapper.xsa
TRACE::2026-03-06.19:29:06::SCWPlatform::DSA absoulate path E:/Git-Repos/CNC-FPGA/Vitis3/CNC-PL7/hw/CNC_Top_wrapper.xsa
TRACE::2026-03-06.19:29:06::SCWPlatform::DSA directory E:/Git-Repos/CNC-FPGA/Vitis3/CNC-PL7/hw
TRACE::2026-03-06.19:29:06::SCWPlatform:: Platform Path E:/Git-Repos/CNC-FPGA/Vitis3/CNC-PL7/hw/CNC_Top_wrapper.xsa
TRACE::2026-03-06.19:29:06::SCWPlatform:: Unique name xilinx:zedboard::0.0
TRACE::2026-03-06.19:29:06::SCWPlatform::Trying to set the existing hwdb with name CNC_Top_wrapper_22
TRACE::2026-03-06.19:29:06::SCWPlatform::Opened existing hwdb CNC_Top_wrapper_22
TRACE::2026-03-06.19:29:06::SCWPlatform::Found the Hw Db part of the input DSA
TRACE::2026-03-06.19:29:06::SCWMssOS::Checking the sw design at  E:/Git-Repos/CNC-FPGA/Vitis3/CNC-PL7/ps7_cortexa9_0/standalone_domain/bsp/system.mss
TRACE::2026-03-06.19:29:06::SCWMssOS::DEBUG:  swdes dump  E:/Git-Repos/CNC-FPGA/Vitis3/CNC-PL6/ps7_cortexa9_0/standalone_domain/bsp/system.mss|system_0||
E:/Git-Repos/CNC-FPGA/Vitis3/CNC-PL6/zynq_fsbl/zynq_fsbl_bsp/system.mss|system||
E:/Git-Repos/CNC-FPGA/Vitis3/CNC-PL7/ps7_cortexa9_0/standalone_domain/bsp/system.mss|system_2||
E:/Git-Repos/CNC-FPGA/Vitis3/CNC-PL7/zynq_fsbl/zynq_fsbl_bsp/system.mss|system_1||

TRACE::2026-03-06.19:29:06::SCWMssOS::Sw design exists and opened at  E:/Git-Repos/CNC-FPGA/Vitis3/CNC-PL7/ps7_cortexa9_0/standalone_domain/bsp/system.mss
TRACE::2026-03-06.19:29:06::SCWPlatform::Trying to open the hw design at E:/Git-Repos/CNC-FPGA/Vitis3/CNC-PL7/hw/CNC_Top_wrapper.xsa
TRACE::2026-03-06.19:29:06::SCWPlatform::DSA given E:/Git-Repos/CNC-FPGA/Vitis3/CNC-PL7/hw/CNC_Top_wrapper.xsa
TRACE::2026-03-06.19:29:06::SCWPlatform::DSA absoulate path E:/Git-Repos/CNC-FPGA/Vitis3/CNC-PL7/hw/CNC_Top_wrapper.xsa
TRACE::2026-03-06.19:29:06::SCWPlatform::DSA directory E:/Git-Repos/CNC-FPGA/Vitis3/CNC-PL7/hw
TRACE::2026-03-06.19:29:06::SCWPlatform:: Platform Path E:/Git-Repos/CNC-FPGA/Vitis3/CNC-PL7/hw/CNC_Top_wrapper.xsa
TRACE::2026-03-06.19:29:06::SCWPlatform:: Unique name xilinx:zedboard::0.0
TRACE::2026-03-06.19:29:06::SCWPlatform::Trying to set the existing hwdb with name CNC_Top_wrapper_22
TRACE::2026-03-06.19:29:06::SCWPlatform::Opened existing hwdb CNC_Top_wrapper_22
TRACE::2026-03-06.19:29:06::SCWPlatform::Found the Hw Db part of the input DSA
TRACE::2026-03-06.19:29:06::SCWMssOS::Checking the sw design at  E:/Git-Repos/CNC-FPGA/Vitis3/CNC-PL7/ps7_cortexa9_0/standalone_domain/bsp/system.mss
TRACE::2026-03-06.19:29:06::SCWMssOS::DEBUG:  swdes dump  E:/Git-Repos/CNC-FPGA/Vitis3/CNC-PL6/ps7_cortexa9_0/standalone_domain/bsp/system.mss|system_0||
E:/Git-Repos/CNC-FPGA/Vitis3/CNC-PL6/zynq_fsbl/zynq_fsbl_bsp/system.mss|system||
E:/Git-Repos/CNC-FPGA/Vitis3/CNC-PL7/ps7_cortexa9_0/standalone_domain/bsp/system.mss|system_2||
E:/Git-Repos/CNC-FPGA/Vitis3/CNC-PL7/zynq_fsbl/zynq_fsbl_bsp/system.mss|system_1||

TRACE::2026-03-06.19:29:06::SCWMssOS::Sw design exists and opened at  E:/Git-Repos/CNC-FPGA/Vitis3/CNC-PL7/ps7_cortexa9_0/standalone_domain/bsp/system.mss
TRACE::2026-03-06.19:29:06::SCWWriter::formatted JSON is {
	"platformName":	"CNC-PL7",
	"sprVersion":	"2.0",
	"mode":	"gui",
	"dsaType":	"Fixed",
	"platformDesc":	"CNC-PL7",
	"platHandOff":	"E:/Git-Repos/CNC-FPGA/Zedboard-CNC/CNC_Top_wrapper.xsa",
	"platIntHandOff":	"<platformDir>/hw/CNC_Top_wrapper.xsa",
	"deviceType":	"zynq",
	"platIsPrebuiltAutogen":	"false",
	"platIsNoBootBsp":	"false",
	"platFsblTarget":	"ps7_cortexa9_0",
	"hasFsblMakeHasChanges":	"false",
	"hasPmufwMakeHasChanges":	"false",
	"fsblExtraCompilerFlags":	"-MMD -MP       -mcpu=cortex-a9 -mfpu=vfpv3 -mfloat-abi=hard ",
	"platPreBuiltFlag":	false,
	"platformSamplesDir":	"",
	"platActiveSys":	"CNC-PL7",
	"systems":	[{
			"systemName":	"CNC-PL7",
			"systemDesc":	"CNC-PL7",
			"sysIsBootAutoGen":	"true",
			"systemDispName":	"CNC-PL7",
			"sysActiveDom":	"standalone_domain",
			"sysDefaultDom":	"standalone_domain",
			"domains":	[{
					"domainName":	"zynq_fsbl",
					"domainDispName":	"zynq_fsbl",
					"domainDesc":	"FSBL Application BSP - Auto Generated.",
					"processors":	"ps7_cortexa9_0",
					"os":	"standalone",
					"sdxOs":	"standalone",
					"debugEnable":	"",
					"domRuntimes":	["cpp"],
					"swRepo":	"",
					"mssOsVer":	"9.2",
					"mssFile":	"",
					"md5Digest":	"8e05dff6cf2b7a5e245cc7c2f785ee81",
					"compatibleApp":	"zynq_fsbl",
					"domType":	"bootDomain",
					"arch":	"32-bit",
					"appSettings":	{
						"appCompilerFlags":	"",
						"appLinkerFlags":	""
					},
					"addedLibs":	["xilffs:5.3", "xilrsa:1.8"],
					"libOptions":	{
						"libsContainingOptions":	[]
					},
					"prebuiltLibs":	{
						"prebuiltIncPath":	[],
						"prebuiltLibPath":	[]
					},
					"isolation":	{
					}
				}, {
					"domainName":	"standalone_domain",
					"domainDispName":	"standalone_domain",
					"domainDesc":	"standalone_domain",
					"processors":	"ps7_cortexa9_0",
					"os":	"standalone",
					"sdxOs":	"standalone",
					"qemuArgs":	"<platformDir>/resources/CNC-PL7/standalone_domain/qemu_args.txt",
					"qemuData":	"<platformDir>/resources/CNC-PL7/standalone_domain/qemu",
					"debugEnable":	"False",
					"domRuntimes":	["cpp"],
					"swRepo":	"",
					"mssOsVer":	"9.2",
					"mssFile":	"",
					"md5Digest":	"aed75abb87964b40d6efb9b45e153c20",
					"compatibleApp":	"",
					"domType":	"mssDomain",
					"appSettings":	{
						"appCompilerFlags":	"",
						"appLinkerFlags":	""
					},
					"addedLibs":	[],
					"libOptions":	{
						"libsContainingOptions":	[]
					},
					"prebuiltLibs":	{
						"prebuiltIncPath":	[],
						"prebuiltLibPath":	[]
					},
					"isolation":	{
					}
				}]
		}]
}
LOG::2026-03-06.19:29:06::SCWPlatform::Started generating the artifacts platform CNC-PL7
TRACE::2026-03-06.19:29:06::SCWPlatform::Sanity checking of platform is completed
LOG::2026-03-06.19:29:06::SCWPlatform::Started generating the artifacts for system configuration CNC-PL7
LOG::2026-03-06.19:29:06::SCWSystem::Checking the domain zynq_fsbl
LOG::2026-03-06.19:29:06::SCWSystem::Doing application build for :  zynq_fsbl
TRACE::2026-03-06.19:29:06::SCWBDomain::Not a forced makefile updation, No changes are present. 
TRACE::2026-03-06.19:29:06::SCWDomain::Skipping the build for domain :  zynq_fsbl
LOG::2026-03-06.19:29:06::SCWSystem::Checking the domain standalone_domain
LOG::2026-03-06.19:29:06::SCWSystem::Not a boot domain 
LOG::2026-03-06.19:29:06::SCWSystem::Started Processing the domain standalone_domain
TRACE::2026-03-06.19:29:06::SCWDomain::Generating domain artifcats
TRACE::2026-03-06.19:29:06::SCWMssOS::Generating standalone artifcats
TRACE::2026-03-06.19:29:06::SCWMssOS::Copying the qemu file from  E:/Git-Repos/CNC-FPGA/Vitis3/CNC-PL7/resources/CNC-PL7/standalone_domain/qemu_args.txt To E:/Git-Repos/CNC-FPGA/Vitis3/CNC-PL7/export/CNC-PL7/sw/CNC-PL7/qemu/
TRACE::2026-03-06.19:29:06::SCWMssOS::Copying the qemu file from  E:/Git-Repos/CNC-FPGA/Vitis3/CNC-PL7/resources/CNC-PL7/standalone_domain/qemu_args.txt To E:/Git-Repos/CNC-FPGA/Vitis3/CNC-PL7/export/CNC-PL7/sw/CNC-PL7/standalone_domain/qemu/
TRACE::2026-03-06.19:29:06::SCWMssOS:: Copying the user libraries. 
TRACE::2026-03-06.19:29:06::SCWPlatform::Trying to open the hw design at E:/Git-Repos/CNC-FPGA/Vitis3/CNC-PL7/hw/CNC_Top_wrapper.xsa
TRACE::2026-03-06.19:29:06::SCWPlatform::DSA given E:/Git-Repos/CNC-FPGA/Vitis3/CNC-PL7/hw/CNC_Top_wrapper.xsa
TRACE::2026-03-06.19:29:06::SCWPlatform::DSA absoulate path E:/Git-Repos/CNC-FPGA/Vitis3/CNC-PL7/hw/CNC_Top_wrapper.xsa
TRACE::2026-03-06.19:29:06::SCWPlatform::DSA directory E:/Git-Repos/CNC-FPGA/Vitis3/CNC-PL7/hw
TRACE::2026-03-06.19:29:06::SCWPlatform:: Platform Path E:/Git-Repos/CNC-FPGA/Vitis3/CNC-PL7/hw/CNC_Top_wrapper.xsa
TRACE::2026-03-06.19:29:06::SCWPlatform:: Unique name xilinx:zedboard::0.0
TRACE::2026-03-06.19:29:06::SCWPlatform::Trying to set the existing hwdb with name CNC_Top_wrapper_22
TRACE::2026-03-06.19:29:06::SCWPlatform::Opened existing hwdb CNC_Top_wrapper_22
TRACE::2026-03-06.19:29:06::SCWPlatform::Found the Hw Db part of the input DSA
TRACE::2026-03-06.19:29:06::SCWMssOS::Checking the sw design at  E:/Git-Repos/CNC-FPGA/Vitis3/CNC-PL7/ps7_cortexa9_0/standalone_domain/bsp/system.mss
TRACE::2026-03-06.19:29:06::SCWMssOS::DEBUG:  swdes dump  E:/Git-Repos/CNC-FPGA/Vitis3/CNC-PL6/ps7_cortexa9_0/standalone_domain/bsp/system.mss|system_0||
E:/Git-Repos/CNC-FPGA/Vitis3/CNC-PL6/zynq_fsbl/zynq_fsbl_bsp/system.mss|system||
E:/Git-Repos/CNC-FPGA/Vitis3/CNC-PL7/ps7_cortexa9_0/standalone_domain/bsp/system.mss|system_2||
E:/Git-Repos/CNC-FPGA/Vitis3/CNC-PL7/zynq_fsbl/zynq_fsbl_bsp/system.mss|system_1||

TRACE::2026-03-06.19:29:06::SCWMssOS::Sw design exists and opened at  E:/Git-Repos/CNC-FPGA/Vitis3/CNC-PL7/ps7_cortexa9_0/standalone_domain/bsp/system.mss
TRACE::2026-03-06.19:29:06::SCWMssOS::Completed writing the mss file at E:/Git-Repos/CNC-FPGA/Vitis3/CNC-PL7/ps7_cortexa9_0/standalone_domain/bsp
TRACE::2026-03-06.19:29:06::SCWMssOS::Mss edits present, copying mssfile into export location E:/Git-Repos/CNC-FPGA/Vitis3/CNC-PL7/ps7_cortexa9_0/standalone_domain/bsp/system.mss
TRACE::2026-03-06.19:29:06::SCWMssOS::bsp generated is upto date with the mss file. Skipping bsp generation.
TRACE::2026-03-06.19:29:06::SCWMssOS::BSP is already built. skipping the bsp build ... 
TRACE::2026-03-06.19:29:06::SCWDomain::Skipping the build for domain :  standalone_domain
TRACE::2026-03-06.19:29:06::SCWMssOS::skipping the bsp build ... 
TRACE::2026-03-06.19:29:06::SCWMssOS::Copying to export directory.
TRACE::2026-03-06.19:29:06::SCWMssOS:: Checking if to create the Supporting Applications
TRACE::2026-03-06.19:29:06::SCWMssOS:: No Linux domain exists, trying to generate FSBL 
TRACE::2026-03-06.19:29:06::SCWMssOS:: Completed Standalone Artifacts creation 
LOG::2026-03-06.19:29:06::SCWSystem::Completed Processing the domain standalone_domain
LOG::2026-03-06.19:29:06::SCWSystem::Completed Processing the sysconfig CNC-PL7
LOG::2026-03-06.19:29:06::SCWPlatform::Completed generating the artifacts for system configuration CNC-PL7
TRACE::2026-03-06.19:29:06::SCWPlatform::Started preparing the platform 
TRACE::2026-03-06.19:29:06::SCWSystem::Writing the bif file for system config CNC-PL7
TRACE::2026-03-06.19:29:06::SCWSystem::dir created 
TRACE::2026-03-06.19:29:06::SCWSystem::Writing the bif 
TRACE::2026-03-06.19:29:06::SCWPlatform::Started writing the spfm file 
TRACE::2026-03-06.19:29:06::SCWPlatform::Started writing the xpfm file 
TRACE::2026-03-06.19:29:06::SCWPlatform::Completed generating the platform
TRACE::2026-03-06.19:29:06::SCWMssOS::Saving the mss changes E:/Git-Repos/CNC-FPGA/Vitis3/CNC-PL7/zynq_fsbl/zynq_fsbl_bsp/system.mss
TRACE::2026-03-06.19:29:06::SCWMssOS::Found a swdesign opened with the mssfile.
TRACE::2026-03-06.19:29:06::SCWMssOS::Completed writemss as part of save.
TRACE::2026-03-06.19:29:06::SCWMssOS::Commit changes completed.
TRACE::2026-03-06.19:29:06::SCWMssOS::Saving the mss changes E:/Git-Repos/CNC-FPGA/Vitis3/CNC-PL7/ps7_cortexa9_0/standalone_domain/bsp/system.mss
TRACE::2026-03-06.19:29:06::SCWMssOS::Found a swdesign opened with the mssfile.
TRACE::2026-03-06.19:29:06::SCWMssOS::Completed writemss as part of save.
TRACE::2026-03-06.19:29:06::SCWMssOS::Commit changes completed.
TRACE::2026-03-06.19:29:06::SCWPlatform::Trying to open the hw design at E:/Git-Repos/CNC-FPGA/Vitis3/CNC-PL7/hw/CNC_Top_wrapper.xsa
TRACE::2026-03-06.19:29:06::SCWPlatform::DSA given E:/Git-Repos/CNC-FPGA/Vitis3/CNC-PL7/hw/CNC_Top_wrapper.xsa
TRACE::2026-03-06.19:29:06::SCWPlatform::DSA absoulate path E:/Git-Repos/CNC-FPGA/Vitis3/CNC-PL7/hw/CNC_Top_wrapper.xsa
TRACE::2026-03-06.19:29:06::SCWPlatform::DSA directory E:/Git-Repos/CNC-FPGA/Vitis3/CNC-PL7/hw
TRACE::2026-03-06.19:29:06::SCWPlatform:: Platform Path E:/Git-Repos/CNC-FPGA/Vitis3/CNC-PL7/hw/CNC_Top_wrapper.xsa
TRACE::2026-03-06.19:29:06::SCWPlatform:: Unique name xilinx:zedboard::0.0
TRACE::2026-03-06.19:29:06::SCWPlatform::Trying to set the existing hwdb with name CNC_Top_wrapper_22
TRACE::2026-03-06.19:29:06::SCWPlatform::Opened existing hwdb CNC_Top_wrapper_22
TRACE::2026-03-06.19:29:06::SCWPlatform::Found the Hw Db part of the input DSA
TRACE::2026-03-06.19:29:06::SCWMssOS::Checking the sw design at  E:/Git-Repos/CNC-FPGA/Vitis3/CNC-PL7/zynq_fsbl/zynq_fsbl_bsp/system.mss
TRACE::2026-03-06.19:29:06::SCWMssOS::DEBUG:  swdes dump  E:/Git-Repos/CNC-FPGA/Vitis3/CNC-PL6/ps7_cortexa9_0/standalone_domain/bsp/system.mss|system_0||
E:/Git-Repos/CNC-FPGA/Vitis3/CNC-PL6/zynq_fsbl/zynq_fsbl_bsp/system.mss|system||
E:/Git-Repos/CNC-FPGA/Vitis3/CNC-PL7/ps7_cortexa9_0/standalone_domain/bsp/system.mss|system_2||
E:/Git-Repos/CNC-FPGA/Vitis3/CNC-PL7/zynq_fsbl/zynq_fsbl_bsp/system.mss|system_1||

TRACE::2026-03-06.19:29:06::SCWMssOS::Sw design exists and opened at  E:/Git-Repos/CNC-FPGA/Vitis3/CNC-PL7/zynq_fsbl/zynq_fsbl_bsp/system.mss
TRACE::2026-03-06.19:29:06::SCWPlatform::Trying to open the hw design at E:/Git-Repos/CNC-FPGA/Vitis3/CNC-PL7/hw/CNC_Top_wrapper.xsa
TRACE::2026-03-06.19:29:06::SCWPlatform::DSA given E:/Git-Repos/CNC-FPGA/Vitis3/CNC-PL7/hw/CNC_Top_wrapper.xsa
TRACE::2026-03-06.19:29:06::SCWPlatform::DSA absoulate path E:/Git-Repos/CNC-FPGA/Vitis3/CNC-PL7/hw/CNC_Top_wrapper.xsa
TRACE::2026-03-06.19:29:06::SCWPlatform::DSA directory E:/Git-Repos/CNC-FPGA/Vitis3/CNC-PL7/hw
TRACE::2026-03-06.19:29:06::SCWPlatform:: Platform Path E:/Git-Repos/CNC-FPGA/Vitis3/CNC-PL7/hw/CNC_Top_wrapper.xsa
TRACE::2026-03-06.19:29:06::SCWPlatform:: Unique name xilinx:zedboard::0.0
TRACE::2026-03-06.19:29:06::SCWPlatform::Trying to set the existing hwdb with name CNC_Top_wrapper_22
TRACE::2026-03-06.19:29:06::SCWPlatform::Opened existing hwdb CNC_Top_wrapper_22
TRACE::2026-03-06.19:29:06::SCWPlatform::Found the Hw Db part of the input DSA
TRACE::2026-03-06.19:29:06::SCWMssOS::Checking the sw design at  E:/Git-Repos/CNC-FPGA/Vitis3/CNC-PL7/zynq_fsbl/zynq_fsbl_bsp/system.mss
TRACE::2026-03-06.19:29:06::SCWMssOS::DEBUG:  swdes dump  E:/Git-Repos/CNC-FPGA/Vitis3/CNC-PL6/ps7_cortexa9_0/standalone_domain/bsp/system.mss|system_0||
E:/Git-Repos/CNC-FPGA/Vitis3/CNC-PL6/zynq_fsbl/zynq_fsbl_bsp/system.mss|system||
E:/Git-Repos/CNC-FPGA/Vitis3/CNC-PL7/ps7_cortexa9_0/standalone_domain/bsp/system.mss|system_2||
E:/Git-Repos/CNC-FPGA/Vitis3/CNC-PL7/zynq_fsbl/zynq_fsbl_bsp/system.mss|system_1||

TRACE::2026-03-06.19:29:06::SCWMssOS::Sw design exists and opened at  E:/Git-Repos/CNC-FPGA/Vitis3/CNC-PL7/zynq_fsbl/zynq_fsbl_bsp/system.mss
TRACE::2026-03-06.19:29:06::SCWPlatform::Trying to open the hw design at E:/Git-Repos/CNC-FPGA/Vitis3/CNC-PL7/hw/CNC_Top_wrapper.xsa
TRACE::2026-03-06.19:29:06::SCWPlatform::DSA given E:/Git-Repos/CNC-FPGA/Vitis3/CNC-PL7/hw/CNC_Top_wrapper.xsa
TRACE::2026-03-06.19:29:06::SCWPlatform::DSA absoulate path E:/Git-Repos/CNC-FPGA/Vitis3/CNC-PL7/hw/CNC_Top_wrapper.xsa
TRACE::2026-03-06.19:29:06::SCWPlatform::DSA directory E:/Git-Repos/CNC-FPGA/Vitis3/CNC-PL7/hw
TRACE::2026-03-06.19:29:06::SCWPlatform:: Platform Path E:/Git-Repos/CNC-FPGA/Vitis3/CNC-PL7/hw/CNC_Top_wrapper.xsa
TRACE::2026-03-06.19:29:06::SCWPlatform:: Unique name xilinx:zedboard::0.0
TRACE::2026-03-06.19:29:06::SCWPlatform::Trying to set the existing hwdb with name CNC_Top_wrapper_22
TRACE::2026-03-06.19:29:06::SCWPlatform::Opened existing hwdb CNC_Top_wrapper_22
TRACE::2026-03-06.19:29:06::SCWPlatform::Found the Hw Db part of the input DSA
TRACE::2026-03-06.19:29:06::SCWMssOS::Checking the sw design at  E:/Git-Repos/CNC-FPGA/Vitis3/CNC-PL7/zynq_fsbl/zynq_fsbl_bsp/system.mss
TRACE::2026-03-06.19:29:06::SCWMssOS::DEBUG:  swdes dump  E:/Git-Repos/CNC-FPGA/Vitis3/CNC-PL6/ps7_cortexa9_0/standalone_domain/bsp/system.mss|system_0||
E:/Git-Repos/CNC-FPGA/Vitis3/CNC-PL6/zynq_fsbl/zynq_fsbl_bsp/system.mss|system||
E:/Git-Repos/CNC-FPGA/Vitis3/CNC-PL7/ps7_cortexa9_0/standalone_domain/bsp/system.mss|system_2||
E:/Git-Repos/CNC-FPGA/Vitis3/CNC-PL7/zynq_fsbl/zynq_fsbl_bsp/system.mss|system_1||

TRACE::2026-03-06.19:29:06::SCWMssOS::Sw design exists and opened at  E:/Git-Repos/CNC-FPGA/Vitis3/CNC-PL7/zynq_fsbl/zynq_fsbl_bsp/system.mss
TRACE::2026-03-06.19:29:06::SCWPlatform::Trying to open the hw design at E:/Git-Repos/CNC-FPGA/Vitis3/CNC-PL7/hw/CNC_Top_wrapper.xsa
TRACE::2026-03-06.19:29:06::SCWPlatform::DSA given E:/Git-Repos/CNC-FPGA/Vitis3/CNC-PL7/hw/CNC_Top_wrapper.xsa
TRACE::2026-03-06.19:29:06::SCWPlatform::DSA absoulate path E:/Git-Repos/CNC-FPGA/Vitis3/CNC-PL7/hw/CNC_Top_wrapper.xsa
TRACE::2026-03-06.19:29:06::SCWPlatform::DSA directory E:/Git-Repos/CNC-FPGA/Vitis3/CNC-PL7/hw
TRACE::2026-03-06.19:29:06::SCWPlatform:: Platform Path E:/Git-Repos/CNC-FPGA/Vitis3/CNC-PL7/hw/CNC_Top_wrapper.xsa
TRACE::2026-03-06.19:29:06::SCWPlatform:: Unique name xilinx:zedboard::0.0
TRACE::2026-03-06.19:29:06::SCWPlatform::Trying to set the existing hwdb with name CNC_Top_wrapper_22
TRACE::2026-03-06.19:29:06::SCWPlatform::Opened existing hwdb CNC_Top_wrapper_22
TRACE::2026-03-06.19:29:06::SCWPlatform::Found the Hw Db part of the input DSA
TRACE::2026-03-06.19:29:06::SCWMssOS::Checking the sw design at  E:/Git-Repos/CNC-FPGA/Vitis3/CNC-PL7/ps7_cortexa9_0/standalone_domain/bsp/system.mss
TRACE::2026-03-06.19:29:06::SCWMssOS::DEBUG:  swdes dump  E:/Git-Repos/CNC-FPGA/Vitis3/CNC-PL6/ps7_cortexa9_0/standalone_domain/bsp/system.mss|system_0||
E:/Git-Repos/CNC-FPGA/Vitis3/CNC-PL6/zynq_fsbl/zynq_fsbl_bsp/system.mss|system||
E:/Git-Repos/CNC-FPGA/Vitis3/CNC-PL7/ps7_cortexa9_0/standalone_domain/bsp/system.mss|system_2||
E:/Git-Repos/CNC-FPGA/Vitis3/CNC-PL7/zynq_fsbl/zynq_fsbl_bsp/system.mss|system_1||

TRACE::2026-03-06.19:29:06::SCWMssOS::Sw design exists and opened at  E:/Git-Repos/CNC-FPGA/Vitis3/CNC-PL7/ps7_cortexa9_0/standalone_domain/bsp/system.mss
TRACE::2026-03-06.19:29:06::SCWPlatform::Trying to open the hw design at E:/Git-Repos/CNC-FPGA/Vitis3/CNC-PL7/hw/CNC_Top_wrapper.xsa
TRACE::2026-03-06.19:29:06::SCWPlatform::DSA given E:/Git-Repos/CNC-FPGA/Vitis3/CNC-PL7/hw/CNC_Top_wrapper.xsa
TRACE::2026-03-06.19:29:06::SCWPlatform::DSA absoulate path E:/Git-Repos/CNC-FPGA/Vitis3/CNC-PL7/hw/CNC_Top_wrapper.xsa
TRACE::2026-03-06.19:29:06::SCWPlatform::DSA directory E:/Git-Repos/CNC-FPGA/Vitis3/CNC-PL7/hw
TRACE::2026-03-06.19:29:06::SCWPlatform:: Platform Path E:/Git-Repos/CNC-FPGA/Vitis3/CNC-PL7/hw/CNC_Top_wrapper.xsa
TRACE::2026-03-06.19:29:06::SCWPlatform:: Unique name xilinx:zedboard::0.0
TRACE::2026-03-06.19:29:06::SCWPlatform::Trying to set the existing hwdb with name CNC_Top_wrapper_22
TRACE::2026-03-06.19:29:06::SCWPlatform::Opened existing hwdb CNC_Top_wrapper_22
TRACE::2026-03-06.19:29:06::SCWPlatform::Found the Hw Db part of the input DSA
TRACE::2026-03-06.19:29:06::SCWMssOS::Checking the sw design at  E:/Git-Repos/CNC-FPGA/Vitis3/CNC-PL7/ps7_cortexa9_0/standalone_domain/bsp/system.mss
TRACE::2026-03-06.19:29:06::SCWMssOS::DEBUG:  swdes dump  E:/Git-Repos/CNC-FPGA/Vitis3/CNC-PL6/ps7_cortexa9_0/standalone_domain/bsp/system.mss|system_0||
E:/Git-Repos/CNC-FPGA/Vitis3/CNC-PL6/zynq_fsbl/zynq_fsbl_bsp/system.mss|system||
E:/Git-Repos/CNC-FPGA/Vitis3/CNC-PL7/ps7_cortexa9_0/standalone_domain/bsp/system.mss|system_2||
E:/Git-Repos/CNC-FPGA/Vitis3/CNC-PL7/zynq_fsbl/zynq_fsbl_bsp/system.mss|system_1||

TRACE::2026-03-06.19:29:06::SCWMssOS::Sw design exists and opened at  E:/Git-Repos/CNC-FPGA/Vitis3/CNC-PL7/ps7_cortexa9_0/standalone_domain/bsp/system.mss
TRACE::2026-03-06.19:29:06::SCWPlatform::Trying to open the hw design at E:/Git-Repos/CNC-FPGA/Vitis3/CNC-PL7/hw/CNC_Top_wrapper.xsa
TRACE::2026-03-06.19:29:06::SCWPlatform::DSA given E:/Git-Repos/CNC-FPGA/Vitis3/CNC-PL7/hw/CNC_Top_wrapper.xsa
TRACE::2026-03-06.19:29:06::SCWPlatform::DSA absoulate path E:/Git-Repos/CNC-FPGA/Vitis3/CNC-PL7/hw/CNC_Top_wrapper.xsa
TRACE::2026-03-06.19:29:06::SCWPlatform::DSA directory E:/Git-Repos/CNC-FPGA/Vitis3/CNC-PL7/hw
TRACE::2026-03-06.19:29:06::SCWPlatform:: Platform Path E:/Git-Repos/CNC-FPGA/Vitis3/CNC-PL7/hw/CNC_Top_wrapper.xsa
TRACE::2026-03-06.19:29:06::SCWPlatform:: Unique name xilinx:zedboard::0.0
TRACE::2026-03-06.19:29:06::SCWPlatform::Trying to set the existing hwdb with name CNC_Top_wrapper_22
TRACE::2026-03-06.19:29:06::SCWPlatform::Opened existing hwdb CNC_Top_wrapper_22
TRACE::2026-03-06.19:29:06::SCWPlatform::Found the Hw Db part of the input DSA
TRACE::2026-03-06.19:29:06::SCWMssOS::Checking the sw design at  E:/Git-Repos/CNC-FPGA/Vitis3/CNC-PL7/ps7_cortexa9_0/standalone_domain/bsp/system.mss
TRACE::2026-03-06.19:29:06::SCWMssOS::DEBUG:  swdes dump  E:/Git-Repos/CNC-FPGA/Vitis3/CNC-PL6/ps7_cortexa9_0/standalone_domain/bsp/system.mss|system_0||
E:/Git-Repos/CNC-FPGA/Vitis3/CNC-PL6/zynq_fsbl/zynq_fsbl_bsp/system.mss|system||
E:/Git-Repos/CNC-FPGA/Vitis3/CNC-PL7/ps7_cortexa9_0/standalone_domain/bsp/system.mss|system_2||
E:/Git-Repos/CNC-FPGA/Vitis3/CNC-PL7/zynq_fsbl/zynq_fsbl_bsp/system.mss|system_1||

TRACE::2026-03-06.19:29:06::SCWMssOS::Sw design exists and opened at  E:/Git-Repos/CNC-FPGA/Vitis3/CNC-PL7/ps7_cortexa9_0/standalone_domain/bsp/system.mss
TRACE::2026-03-06.19:29:06::SCWWriter::formatted JSON is {
	"platformName":	"CNC-PL7",
	"sprVersion":	"2.0",
	"mode":	"gui",
	"dsaType":	"Fixed",
	"platformDesc":	"CNC-PL7",
	"platHandOff":	"E:/Git-Repos/CNC-FPGA/Zedboard-CNC/CNC_Top_wrapper.xsa",
	"platIntHandOff":	"<platformDir>/hw/CNC_Top_wrapper.xsa",
	"deviceType":	"zynq",
	"platIsPrebuiltAutogen":	"false",
	"platIsNoBootBsp":	"false",
	"platFsblTarget":	"ps7_cortexa9_0",
	"hasFsblMakeHasChanges":	"false",
	"hasPmufwMakeHasChanges":	"false",
	"fsblExtraCompilerFlags":	"-MMD -MP       -mcpu=cortex-a9 -mfpu=vfpv3 -mfloat-abi=hard ",
	"platPreBuiltFlag":	false,
	"platformSamplesDir":	"",
	"platActiveSys":	"CNC-PL7",
	"systems":	[{
			"systemName":	"CNC-PL7",
			"systemDesc":	"CNC-PL7",
			"sysIsBootAutoGen":	"true",
			"systemDispName":	"CNC-PL7",
			"sysActiveDom":	"standalone_domain",
			"sysDefaultDom":	"standalone_domain",
			"domains":	[{
					"domainName":	"zynq_fsbl",
					"domainDispName":	"zynq_fsbl",
					"domainDesc":	"FSBL Application BSP - Auto Generated.",
					"processors":	"ps7_cortexa9_0",
					"os":	"standalone",
					"sdxOs":	"standalone",
					"debugEnable":	"",
					"domRuntimes":	["cpp"],
					"swRepo":	"",
					"mssOsVer":	"9.2",
					"mssFile":	"",
					"md5Digest":	"8e05dff6cf2b7a5e245cc7c2f785ee81",
					"compatibleApp":	"zynq_fsbl",
					"domType":	"bootDomain",
					"arch":	"32-bit",
					"appSettings":	{
						"appCompilerFlags":	"",
						"appLinkerFlags":	""
					},
					"addedLibs":	["xilffs:5.3", "xilrsa:1.8"],
					"libOptions":	{
						"libsContainingOptions":	[]
					},
					"prebuiltLibs":	{
						"prebuiltIncPath":	[],
						"prebuiltLibPath":	[]
					},
					"isolation":	{
					}
				}, {
					"domainName":	"standalone_domain",
					"domainDispName":	"standalone_domain",
					"domainDesc":	"standalone_domain",
					"processors":	"ps7_cortexa9_0",
					"os":	"standalone",
					"sdxOs":	"standalone",
					"qemuArgs":	"<platformDir>/resources/CNC-PL7/standalone_domain/qemu_args.txt",
					"qemuData":	"<platformDir>/resources/CNC-PL7/standalone_domain/qemu",
					"debugEnable":	"False",
					"domRuntimes":	["cpp"],
					"swRepo":	"",
					"mssOsVer":	"9.2",
					"mssFile":	"",
					"md5Digest":	"aed75abb87964b40d6efb9b45e153c20",
					"compatibleApp":	"",
					"domType":	"mssDomain",
					"appSettings":	{
						"appCompilerFlags":	"",
						"appLinkerFlags":	""
					},
					"addedLibs":	[],
					"libOptions":	{
						"libsContainingOptions":	[]
					},
					"prebuiltLibs":	{
						"prebuiltIncPath":	[],
						"prebuiltLibPath":	[]
					},
					"isolation":	{
					}
				}]
		}]
}
KEYINFO::2026-03-06.19:29:06::SCWPlatform::updated the xpfm file.
TRACE::2026-03-06.19:29:06::SCWPlatform::Trying to open the hw design at E:/Git-Repos/CNC-FPGA/Vitis3/CNC-PL7/hw/CNC_Top_wrapper.xsa
TRACE::2026-03-06.19:29:06::SCWPlatform::DSA given E:/Git-Repos/CNC-FPGA/Vitis3/CNC-PL7/hw/CNC_Top_wrapper.xsa
TRACE::2026-03-06.19:29:06::SCWPlatform::DSA absoulate path E:/Git-Repos/CNC-FPGA/Vitis3/CNC-PL7/hw/CNC_Top_wrapper.xsa
TRACE::2026-03-06.19:29:06::SCWPlatform::DSA directory E:/Git-Repos/CNC-FPGA/Vitis3/CNC-PL7/hw
TRACE::2026-03-06.19:29:06::SCWPlatform:: Platform Path E:/Git-Repos/CNC-FPGA/Vitis3/CNC-PL7/hw/CNC_Top_wrapper.xsa
TRACE::2026-03-06.19:29:06::SCWPlatform:: Unique name xilinx:zedboard::0.0
TRACE::2026-03-06.19:29:06::SCWPlatform::Trying to set the existing hwdb with name CNC_Top_wrapper_22
TRACE::2026-03-06.19:29:06::SCWPlatform::Opened existing hwdb CNC_Top_wrapper_22
TRACE::2026-03-06.19:29:06::SCWPlatform::Found the Hw Db part of the input DSA
TRACE::2026-03-06.19:29:06::SCWMssOS::Checking the sw design at  E:/Git-Repos/CNC-FPGA/Vitis3/CNC-PL7/ps7_cortexa9_0/standalone_domain/bsp/system.mss
TRACE::2026-03-06.19:29:06::SCWMssOS::DEBUG:  swdes dump  E:/Git-Repos/CNC-FPGA/Vitis3/CNC-PL6/ps7_cortexa9_0/standalone_domain/bsp/system.mss|system_0||
E:/Git-Repos/CNC-FPGA/Vitis3/CNC-PL6/zynq_fsbl/zynq_fsbl_bsp/system.mss|system||
E:/Git-Repos/CNC-FPGA/Vitis3/CNC-PL7/ps7_cortexa9_0/standalone_domain/bsp/system.mss|system_2||
E:/Git-Repos/CNC-FPGA/Vitis3/CNC-PL7/zynq_fsbl/zynq_fsbl_bsp/system.mss|system_1||

TRACE::2026-03-06.19:29:06::SCWMssOS::Sw design exists and opened at  E:/Git-Repos/CNC-FPGA/Vitis3/CNC-PL7/ps7_cortexa9_0/standalone_domain/bsp/system.mss
TRACE::2026-03-06.19:29:06::SCWMssOS::Saving the mss changes E:/Git-Repos/CNC-FPGA/Vitis3/CNC-PL7/zynq_fsbl/zynq_fsbl_bsp/system.mss
TRACE::2026-03-06.19:29:06::SCWMssOS::Found a swdesign opened with the mssfile.
TRACE::2026-03-06.19:29:06::SCWMssOS::Completed writemss as part of save.
TRACE::2026-03-06.19:29:06::SCWMssOS::Commit changes completed.
TRACE::2026-03-06.19:29:06::SCWMssOS::Saving the mss changes E:/Git-Repos/CNC-FPGA/Vitis3/CNC-PL7/ps7_cortexa9_0/standalone_domain/bsp/system.mss
TRACE::2026-03-06.19:29:06::SCWMssOS::Found a swdesign opened with the mssfile.
TRACE::2026-03-06.19:29:06::SCWMssOS::Completed writemss as part of save.
TRACE::2026-03-06.19:29:06::SCWMssOS::Commit changes completed.
TRACE::2026-03-06.19:29:06::SCWPlatform::Trying to open the hw design at E:/Git-Repos/CNC-FPGA/Vitis3/CNC-PL7/hw/CNC_Top_wrapper.xsa
TRACE::2026-03-06.19:29:06::SCWPlatform::DSA given E:/Git-Repos/CNC-FPGA/Vitis3/CNC-PL7/hw/CNC_Top_wrapper.xsa
TRACE::2026-03-06.19:29:06::SCWPlatform::DSA absoulate path E:/Git-Repos/CNC-FPGA/Vitis3/CNC-PL7/hw/CNC_Top_wrapper.xsa
TRACE::2026-03-06.19:29:06::SCWPlatform::DSA directory E:/Git-Repos/CNC-FPGA/Vitis3/CNC-PL7/hw
TRACE::2026-03-06.19:29:06::SCWPlatform:: Platform Path E:/Git-Repos/CNC-FPGA/Vitis3/CNC-PL7/hw/CNC_Top_wrapper.xsa
TRACE::2026-03-06.19:29:06::SCWPlatform:: Unique name xilinx:zedboard::0.0
TRACE::2026-03-06.19:29:06::SCWPlatform::Trying to set the existing hwdb with name CNC_Top_wrapper_22
TRACE::2026-03-06.19:29:06::SCWPlatform::Opened existing hwdb CNC_Top_wrapper_22
TRACE::2026-03-06.19:29:06::SCWPlatform::Found the Hw Db part of the input DSA
TRACE::2026-03-06.19:29:06::SCWMssOS::Checking the sw design at  E:/Git-Repos/CNC-FPGA/Vitis3/CNC-PL7/zynq_fsbl/zynq_fsbl_bsp/system.mss
TRACE::2026-03-06.19:29:06::SCWMssOS::DEBUG:  swdes dump  E:/Git-Repos/CNC-FPGA/Vitis3/CNC-PL6/ps7_cortexa9_0/standalone_domain/bsp/system.mss|system_0||
E:/Git-Repos/CNC-FPGA/Vitis3/CNC-PL6/zynq_fsbl/zynq_fsbl_bsp/system.mss|system||
E:/Git-Repos/CNC-FPGA/Vitis3/CNC-PL7/ps7_cortexa9_0/standalone_domain/bsp/system.mss|system_2||
E:/Git-Repos/CNC-FPGA/Vitis3/CNC-PL7/zynq_fsbl/zynq_fsbl_bsp/system.mss|system_1||

TRACE::2026-03-06.19:29:06::SCWMssOS::Sw design exists and opened at  E:/Git-Repos/CNC-FPGA/Vitis3/CNC-PL7/zynq_fsbl/zynq_fsbl_bsp/system.mss
TRACE::2026-03-06.19:29:06::SCWPlatform::Trying to open the hw design at E:/Git-Repos/CNC-FPGA/Vitis3/CNC-PL7/hw/CNC_Top_wrapper.xsa
TRACE::2026-03-06.19:29:06::SCWPlatform::DSA given E:/Git-Repos/CNC-FPGA/Vitis3/CNC-PL7/hw/CNC_Top_wrapper.xsa
TRACE::2026-03-06.19:29:06::SCWPlatform::DSA absoulate path E:/Git-Repos/CNC-FPGA/Vitis3/CNC-PL7/hw/CNC_Top_wrapper.xsa
TRACE::2026-03-06.19:29:06::SCWPlatform::DSA directory E:/Git-Repos/CNC-FPGA/Vitis3/CNC-PL7/hw
TRACE::2026-03-06.19:29:06::SCWPlatform:: Platform Path E:/Git-Repos/CNC-FPGA/Vitis3/CNC-PL7/hw/CNC_Top_wrapper.xsa
TRACE::2026-03-06.19:29:06::SCWPlatform:: Unique name xilinx:zedboard::0.0
TRACE::2026-03-06.19:29:06::SCWPlatform::Trying to set the existing hwdb with name CNC_Top_wrapper_22
TRACE::2026-03-06.19:29:06::SCWPlatform::Opened existing hwdb CNC_Top_wrapper_22
TRACE::2026-03-06.19:29:06::SCWPlatform::Found the Hw Db part of the input DSA
TRACE::2026-03-06.19:29:06::SCWMssOS::Checking the sw design at  E:/Git-Repos/CNC-FPGA/Vitis3/CNC-PL7/zynq_fsbl/zynq_fsbl_bsp/system.mss
TRACE::2026-03-06.19:29:06::SCWMssOS::DEBUG:  swdes dump  E:/Git-Repos/CNC-FPGA/Vitis3/CNC-PL6/ps7_cortexa9_0/standalone_domain/bsp/system.mss|system_0||
E:/Git-Repos/CNC-FPGA/Vitis3/CNC-PL6/zynq_fsbl/zynq_fsbl_bsp/system.mss|system||
E:/Git-Repos/CNC-FPGA/Vitis3/CNC-PL7/ps7_cortexa9_0/standalone_domain/bsp/system.mss|system_2||
E:/Git-Repos/CNC-FPGA/Vitis3/CNC-PL7/zynq_fsbl/zynq_fsbl_bsp/system.mss|system_1||

TRACE::2026-03-06.19:29:06::SCWMssOS::Sw design exists and opened at  E:/Git-Repos/CNC-FPGA/Vitis3/CNC-PL7/zynq_fsbl/zynq_fsbl_bsp/system.mss
TRACE::2026-03-06.19:29:06::SCWPlatform::Trying to open the hw design at E:/Git-Repos/CNC-FPGA/Vitis3/CNC-PL7/hw/CNC_Top_wrapper.xsa
TRACE::2026-03-06.19:29:06::SCWPlatform::DSA given E:/Git-Repos/CNC-FPGA/Vitis3/CNC-PL7/hw/CNC_Top_wrapper.xsa
TRACE::2026-03-06.19:29:06::SCWPlatform::DSA absoulate path E:/Git-Repos/CNC-FPGA/Vitis3/CNC-PL7/hw/CNC_Top_wrapper.xsa
TRACE::2026-03-06.19:29:06::SCWPlatform::DSA directory E:/Git-Repos/CNC-FPGA/Vitis3/CNC-PL7/hw
TRACE::2026-03-06.19:29:06::SCWPlatform:: Platform Path E:/Git-Repos/CNC-FPGA/Vitis3/CNC-PL7/hw/CNC_Top_wrapper.xsa
TRACE::2026-03-06.19:29:06::SCWPlatform:: Unique name xilinx:zedboard::0.0
TRACE::2026-03-06.19:29:06::SCWPlatform::Trying to set the existing hwdb with name CNC_Top_wrapper_22
TRACE::2026-03-06.19:29:06::SCWPlatform::Opened existing hwdb CNC_Top_wrapper_22
TRACE::2026-03-06.19:29:06::SCWPlatform::Found the Hw Db part of the input DSA
TRACE::2026-03-06.19:29:06::SCWMssOS::Checking the sw design at  E:/Git-Repos/CNC-FPGA/Vitis3/CNC-PL7/zynq_fsbl/zynq_fsbl_bsp/system.mss
TRACE::2026-03-06.19:29:06::SCWMssOS::DEBUG:  swdes dump  E:/Git-Repos/CNC-FPGA/Vitis3/CNC-PL6/ps7_cortexa9_0/standalone_domain/bsp/system.mss|system_0||
E:/Git-Repos/CNC-FPGA/Vitis3/CNC-PL6/zynq_fsbl/zynq_fsbl_bsp/system.mss|system||
E:/Git-Repos/CNC-FPGA/Vitis3/CNC-PL7/ps7_cortexa9_0/standalone_domain/bsp/system.mss|system_2||
E:/Git-Repos/CNC-FPGA/Vitis3/CNC-PL7/zynq_fsbl/zynq_fsbl_bsp/system.mss|system_1||

TRACE::2026-03-06.19:29:06::SCWMssOS::Sw design exists and opened at  E:/Git-Repos/CNC-FPGA/Vitis3/CNC-PL7/zynq_fsbl/zynq_fsbl_bsp/system.mss
TRACE::2026-03-06.19:29:06::SCWPlatform::Trying to open the hw design at E:/Git-Repos/CNC-FPGA/Vitis3/CNC-PL7/hw/CNC_Top_wrapper.xsa
TRACE::2026-03-06.19:29:06::SCWPlatform::DSA given E:/Git-Repos/CNC-FPGA/Vitis3/CNC-PL7/hw/CNC_Top_wrapper.xsa
TRACE::2026-03-06.19:29:06::SCWPlatform::DSA absoulate path E:/Git-Repos/CNC-FPGA/Vitis3/CNC-PL7/hw/CNC_Top_wrapper.xsa
TRACE::2026-03-06.19:29:06::SCWPlatform::DSA directory E:/Git-Repos/CNC-FPGA/Vitis3/CNC-PL7/hw
TRACE::2026-03-06.19:29:06::SCWPlatform:: Platform Path E:/Git-Repos/CNC-FPGA/Vitis3/CNC-PL7/hw/CNC_Top_wrapper.xsa
TRACE::2026-03-06.19:29:06::SCWPlatform:: Unique name xilinx:zedboard::0.0
TRACE::2026-03-06.19:29:06::SCWPlatform::Trying to set the existing hwdb with name CNC_Top_wrapper_22
TRACE::2026-03-06.19:29:06::SCWPlatform::Opened existing hwdb CNC_Top_wrapper_22
TRACE::2026-03-06.19:29:06::SCWPlatform::Found the Hw Db part of the input DSA
TRACE::2026-03-06.19:29:06::SCWMssOS::Checking the sw design at  E:/Git-Repos/CNC-FPGA/Vitis3/CNC-PL7/ps7_cortexa9_0/standalone_domain/bsp/system.mss
TRACE::2026-03-06.19:29:06::SCWMssOS::DEBUG:  swdes dump  E:/Git-Repos/CNC-FPGA/Vitis3/CNC-PL6/ps7_cortexa9_0/standalone_domain/bsp/system.mss|system_0||
E:/Git-Repos/CNC-FPGA/Vitis3/CNC-PL6/zynq_fsbl/zynq_fsbl_bsp/system.mss|system||
E:/Git-Repos/CNC-FPGA/Vitis3/CNC-PL7/ps7_cortexa9_0/standalone_domain/bsp/system.mss|system_2||
E:/Git-Repos/CNC-FPGA/Vitis3/CNC-PL7/zynq_fsbl/zynq_fsbl_bsp/system.mss|system_1||

TRACE::2026-03-06.19:29:06::SCWMssOS::Sw design exists and opened at  E:/Git-Repos/CNC-FPGA/Vitis3/CNC-PL7/ps7_cortexa9_0/standalone_domain/bsp/system.mss
TRACE::2026-03-06.19:29:06::SCWPlatform::Trying to open the hw design at E:/Git-Repos/CNC-FPGA/Vitis3/CNC-PL7/hw/CNC_Top_wrapper.xsa
TRACE::2026-03-06.19:29:06::SCWPlatform::DSA given E:/Git-Repos/CNC-FPGA/Vitis3/CNC-PL7/hw/CNC_Top_wrapper.xsa
TRACE::2026-03-06.19:29:06::SCWPlatform::DSA absoulate path E:/Git-Repos/CNC-FPGA/Vitis3/CNC-PL7/hw/CNC_Top_wrapper.xsa
TRACE::2026-03-06.19:29:06::SCWPlatform::DSA directory E:/Git-Repos/CNC-FPGA/Vitis3/CNC-PL7/hw
TRACE::2026-03-06.19:29:06::SCWPlatform:: Platform Path E:/Git-Repos/CNC-FPGA/Vitis3/CNC-PL7/hw/CNC_Top_wrapper.xsa
TRACE::2026-03-06.19:29:06::SCWPlatform:: Unique name xilinx:zedboard::0.0
TRACE::2026-03-06.19:29:06::SCWPlatform::Trying to set the existing hwdb with name CNC_Top_wrapper_22
TRACE::2026-03-06.19:29:06::SCWPlatform::Opened existing hwdb CNC_Top_wrapper_22
TRACE::2026-03-06.19:29:06::SCWPlatform::Found the Hw Db part of the input DSA
TRACE::2026-03-06.19:29:06::SCWMssOS::Checking the sw design at  E:/Git-Repos/CNC-FPGA/Vitis3/CNC-PL7/ps7_cortexa9_0/standalone_domain/bsp/system.mss
TRACE::2026-03-06.19:29:06::SCWMssOS::DEBUG:  swdes dump  E:/Git-Repos/CNC-FPGA/Vitis3/CNC-PL6/ps7_cortexa9_0/standalone_domain/bsp/system.mss|system_0||
E:/Git-Repos/CNC-FPGA/Vitis3/CNC-PL6/zynq_fsbl/zynq_fsbl_bsp/system.mss|system||
E:/Git-Repos/CNC-FPGA/Vitis3/CNC-PL7/ps7_cortexa9_0/standalone_domain/bsp/system.mss|system_2||
E:/Git-Repos/CNC-FPGA/Vitis3/CNC-PL7/zynq_fsbl/zynq_fsbl_bsp/system.mss|system_1||

TRACE::2026-03-06.19:29:06::SCWMssOS::Sw design exists and opened at  E:/Git-Repos/CNC-FPGA/Vitis3/CNC-PL7/ps7_cortexa9_0/standalone_domain/bsp/system.mss
TRACE::2026-03-06.19:29:06::SCWPlatform::Trying to open the hw design at E:/Git-Repos/CNC-FPGA/Vitis3/CNC-PL7/hw/CNC_Top_wrapper.xsa
TRACE::2026-03-06.19:29:06::SCWPlatform::DSA given E:/Git-Repos/CNC-FPGA/Vitis3/CNC-PL7/hw/CNC_Top_wrapper.xsa
TRACE::2026-03-06.19:29:06::SCWPlatform::DSA absoulate path E:/Git-Repos/CNC-FPGA/Vitis3/CNC-PL7/hw/CNC_Top_wrapper.xsa
TRACE::2026-03-06.19:29:06::SCWPlatform::DSA directory E:/Git-Repos/CNC-FPGA/Vitis3/CNC-PL7/hw
TRACE::2026-03-06.19:29:06::SCWPlatform:: Platform Path E:/Git-Repos/CNC-FPGA/Vitis3/CNC-PL7/hw/CNC_Top_wrapper.xsa
TRACE::2026-03-06.19:29:06::SCWPlatform:: Unique name xilinx:zedboard::0.0
TRACE::2026-03-06.19:29:06::SCWPlatform::Trying to set the existing hwdb with name CNC_Top_wrapper_22
TRACE::2026-03-06.19:29:06::SCWPlatform::Opened existing hwdb CNC_Top_wrapper_22
TRACE::2026-03-06.19:29:06::SCWPlatform::Found the Hw Db part of the input DSA
TRACE::2026-03-06.19:29:06::SCWMssOS::Checking the sw design at  E:/Git-Repos/CNC-FPGA/Vitis3/CNC-PL7/ps7_cortexa9_0/standalone_domain/bsp/system.mss
TRACE::2026-03-06.19:29:06::SCWMssOS::DEBUG:  swdes dump  E:/Git-Repos/CNC-FPGA/Vitis3/CNC-PL6/ps7_cortexa9_0/standalone_domain/bsp/system.mss|system_0||
E:/Git-Repos/CNC-FPGA/Vitis3/CNC-PL6/zynq_fsbl/zynq_fsbl_bsp/system.mss|system||
E:/Git-Repos/CNC-FPGA/Vitis3/CNC-PL7/ps7_cortexa9_0/standalone_domain/bsp/system.mss|system_2||
E:/Git-Repos/CNC-FPGA/Vitis3/CNC-PL7/zynq_fsbl/zynq_fsbl_bsp/system.mss|system_1||

TRACE::2026-03-06.19:29:06::SCWMssOS::Sw design exists and opened at  E:/Git-Repos/CNC-FPGA/Vitis3/CNC-PL7/ps7_cortexa9_0/standalone_domain/bsp/system.mss
TRACE::2026-03-06.19:29:06::SCWWriter::formatted JSON is {
	"platformName":	"CNC-PL7",
	"sprVersion":	"2.0",
	"mode":	"gui",
	"dsaType":	"Fixed",
	"platformDesc":	"CNC-PL7",
	"platHandOff":	"E:/Git-Repos/CNC-FPGA/Zedboard-CNC/CNC_Top_wrapper.xsa",
	"platIntHandOff":	"<platformDir>/hw/CNC_Top_wrapper.xsa",
	"deviceType":	"zynq",
	"platIsPrebuiltAutogen":	"false",
	"platIsNoBootBsp":	"false",
	"platFsblTarget":	"ps7_cortexa9_0",
	"hasFsblMakeHasChanges":	"false",
	"hasPmufwMakeHasChanges":	"false",
	"fsblExtraCompilerFlags":	"-MMD -MP       -mcpu=cortex-a9 -mfpu=vfpv3 -mfloat-abi=hard ",
	"platPreBuiltFlag":	false,
	"platformSamplesDir":	"",
	"platActiveSys":	"CNC-PL7",
	"systems":	[{
			"systemName":	"CNC-PL7",
			"systemDesc":	"CNC-PL7",
			"sysIsBootAutoGen":	"true",
			"systemDispName":	"CNC-PL7",
			"sysActiveDom":	"standalone_domain",
			"sysDefaultDom":	"standalone_domain",
			"domains":	[{
					"domainName":	"zynq_fsbl",
					"domainDispName":	"zynq_fsbl",
					"domainDesc":	"FSBL Application BSP - Auto Generated.",
					"processors":	"ps7_cortexa9_0",
					"os":	"standalone",
					"sdxOs":	"standalone",
					"debugEnable":	"",
					"domRuntimes":	["cpp"],
					"swRepo":	"",
					"mssOsVer":	"9.2",
					"mssFile":	"",
					"md5Digest":	"8e05dff6cf2b7a5e245cc7c2f785ee81",
					"compatibleApp":	"zynq_fsbl",
					"domType":	"bootDomain",
					"arch":	"32-bit",
					"appSettings":	{
						"appCompilerFlags":	"",
						"appLinkerFlags":	""
					},
					"addedLibs":	["xilffs:5.3", "xilrsa:1.8"],
					"libOptions":	{
						"libsContainingOptions":	[]
					},
					"prebuiltLibs":	{
						"prebuiltIncPath":	[],
						"prebuiltLibPath":	[]
					},
					"isolation":	{
					}
				}, {
					"domainName":	"standalone_domain",
					"domainDispName":	"standalone_domain",
					"domainDesc":	"standalone_domain",
					"processors":	"ps7_cortexa9_0",
					"os":	"standalone",
					"sdxOs":	"standalone",
					"qemuArgs":	"<platformDir>/resources/CNC-PL7/standalone_domain/qemu_args.txt",
					"qemuData":	"<platformDir>/resources/CNC-PL7/standalone_domain/qemu",
					"debugEnable":	"False",
					"domRuntimes":	["cpp"],
					"swRepo":	"",
					"mssOsVer":	"9.2",
					"mssFile":	"",
					"md5Digest":	"aed75abb87964b40d6efb9b45e153c20",
					"compatibleApp":	"",
					"domType":	"mssDomain",
					"appSettings":	{
						"appCompilerFlags":	"",
						"appLinkerFlags":	""
					},
					"addedLibs":	[],
					"libOptions":	{
						"libsContainingOptions":	[]
					},
					"prebuiltLibs":	{
						"prebuiltIncPath":	[],
						"prebuiltLibPath":	[]
					},
					"isolation":	{
					}
				}]
		}]
}
TRACE::2026-03-06.19:29:06::SCWPlatform::Trying to open the hw design at E:/Git-Repos/CNC-FPGA/Vitis3/CNC-PL7/hw/CNC_Top_wrapper.xsa
TRACE::2026-03-06.19:29:06::SCWPlatform::DSA given E:/Git-Repos/CNC-FPGA/Vitis3/CNC-PL7/hw/CNC_Top_wrapper.xsa
TRACE::2026-03-06.19:29:06::SCWPlatform::DSA absoulate path E:/Git-Repos/CNC-FPGA/Vitis3/CNC-PL7/hw/CNC_Top_wrapper.xsa
TRACE::2026-03-06.19:29:06::SCWPlatform::DSA directory E:/Git-Repos/CNC-FPGA/Vitis3/CNC-PL7/hw
TRACE::2026-03-06.19:29:06::SCWPlatform:: Platform Path E:/Git-Repos/CNC-FPGA/Vitis3/CNC-PL7/hw/CNC_Top_wrapper.xsa
TRACE::2026-03-06.19:29:06::SCWPlatform:: Unique name xilinx:zedboard::0.0
TRACE::2026-03-06.19:29:06::SCWPlatform::Trying to set the existing hwdb with name CNC_Top_wrapper_22
TRACE::2026-03-06.19:29:06::SCWPlatform::Opened existing hwdb CNC_Top_wrapper_22
TRACE::2026-03-06.19:29:06::SCWPlatform::Found the Hw Db part of the input DSA
TRACE::2026-03-06.19:29:06::SCWMssOS::Checking the sw design at  E:/Git-Repos/CNC-FPGA/Vitis3/CNC-PL7/ps7_cortexa9_0/standalone_domain/bsp/system.mss
TRACE::2026-03-06.19:29:06::SCWMssOS::DEBUG:  swdes dump  E:/Git-Repos/CNC-FPGA/Vitis3/CNC-PL6/ps7_cortexa9_0/standalone_domain/bsp/system.mss|system_0||
E:/Git-Repos/CNC-FPGA/Vitis3/CNC-PL6/zynq_fsbl/zynq_fsbl_bsp/system.mss|system||
E:/Git-Repos/CNC-FPGA/Vitis3/CNC-PL7/ps7_cortexa9_0/standalone_domain/bsp/system.mss|system_2||
E:/Git-Repos/CNC-FPGA/Vitis3/CNC-PL7/zynq_fsbl/zynq_fsbl_bsp/system.mss|system_1||

TRACE::2026-03-06.19:29:06::SCWMssOS::Sw design exists and opened at  E:/Git-Repos/CNC-FPGA/Vitis3/CNC-PL7/ps7_cortexa9_0/standalone_domain/bsp/system.mss
TRACE::2026-03-06.19:29:06::SCWPlatform::Trying to open the hw design at E:/Git-Repos/CNC-FPGA/Vitis3/CNC-PL7/hw/CNC_Top_wrapper.xsa
TRACE::2026-03-06.19:29:06::SCWPlatform::DSA given E:/Git-Repos/CNC-FPGA/Vitis3/CNC-PL7/hw/CNC_Top_wrapper.xsa
TRACE::2026-03-06.19:29:06::SCWPlatform::DSA absoulate path E:/Git-Repos/CNC-FPGA/Vitis3/CNC-PL7/hw/CNC_Top_wrapper.xsa
TRACE::2026-03-06.19:29:06::SCWPlatform::DSA directory E:/Git-Repos/CNC-FPGA/Vitis3/CNC-PL7/hw
TRACE::2026-03-06.19:29:06::SCWPlatform:: Platform Path E:/Git-Repos/CNC-FPGA/Vitis3/CNC-PL7/hw/CNC_Top_wrapper.xsa
TRACE::2026-03-06.19:29:06::SCWPlatform:: Unique name xilinx:zedboard::0.0
TRACE::2026-03-06.19:29:06::SCWPlatform::Trying to set the existing hwdb with name CNC_Top_wrapper_22
TRACE::2026-03-06.19:29:06::SCWPlatform::Opened existing hwdb CNC_Top_wrapper_22
TRACE::2026-03-06.19:29:06::SCWPlatform::Found the Hw Db part of the input DSA
TRACE::2026-03-06.19:29:06::SCWMssOS::Checking the sw design at  E:/Git-Repos/CNC-FPGA/Vitis3/CNC-PL7/ps7_cortexa9_0/standalone_domain/bsp/system.mss
TRACE::2026-03-06.19:29:06::SCWMssOS::DEBUG:  swdes dump  E:/Git-Repos/CNC-FPGA/Vitis3/CNC-PL6/ps7_cortexa9_0/standalone_domain/bsp/system.mss|system_0||
E:/Git-Repos/CNC-FPGA/Vitis3/CNC-PL6/zynq_fsbl/zynq_fsbl_bsp/system.mss|system||
E:/Git-Repos/CNC-FPGA/Vitis3/CNC-PL7/ps7_cortexa9_0/standalone_domain/bsp/system.mss|system_2||
E:/Git-Repos/CNC-FPGA/Vitis3/CNC-PL7/zynq_fsbl/zynq_fsbl_bsp/system.mss|system_1||

TRACE::2026-03-06.19:29:06::SCWMssOS::Sw design exists and opened at  E:/Git-Repos/CNC-FPGA/Vitis3/CNC-PL7/ps7_cortexa9_0/standalone_domain/bsp/system.mss
TRACE::2026-03-06.19:29:06::SCWPlatform::Trying to open the hw design at E:/Git-Repos/CNC-FPGA/Vitis3/CNC-PL7/hw/CNC_Top_wrapper.xsa
TRACE::2026-03-06.19:29:06::SCWPlatform::DSA given E:/Git-Repos/CNC-FPGA/Vitis3/CNC-PL7/hw/CNC_Top_wrapper.xsa
TRACE::2026-03-06.19:29:06::SCWPlatform::DSA absoulate path E:/Git-Repos/CNC-FPGA/Vitis3/CNC-PL7/hw/CNC_Top_wrapper.xsa
TRACE::2026-03-06.19:29:06::SCWPlatform::DSA directory E:/Git-Repos/CNC-FPGA/Vitis3/CNC-PL7/hw
TRACE::2026-03-06.19:29:06::SCWPlatform:: Platform Path E:/Git-Repos/CNC-FPGA/Vitis3/CNC-PL7/hw/CNC_Top_wrapper.xsa
TRACE::2026-03-06.19:29:06::SCWPlatform:: Unique name xilinx:zedboard::0.0
TRACE::2026-03-06.19:29:06::SCWPlatform::Trying to set the existing hwdb with name CNC_Top_wrapper_22
TRACE::2026-03-06.19:29:06::SCWPlatform::Opened existing hwdb CNC_Top_wrapper_22
TRACE::2026-03-06.19:29:06::SCWPlatform::Found the Hw Db part of the input DSA
TRACE::2026-03-06.19:29:06::SCWMssOS::Checking the sw design at  E:/Git-Repos/CNC-FPGA/Vitis3/CNC-PL7/ps7_cortexa9_0/standalone_domain/bsp/system.mss
TRACE::2026-03-06.19:29:06::SCWMssOS::DEBUG:  swdes dump  E:/Git-Repos/CNC-FPGA/Vitis3/CNC-PL6/ps7_cortexa9_0/standalone_domain/bsp/system.mss|system_0||
E:/Git-Repos/CNC-FPGA/Vitis3/CNC-PL6/zynq_fsbl/zynq_fsbl_bsp/system.mss|system||
E:/Git-Repos/CNC-FPGA/Vitis3/CNC-PL7/ps7_cortexa9_0/standalone_domain/bsp/system.mss|system_2||
E:/Git-Repos/CNC-FPGA/Vitis3/CNC-PL7/zynq_fsbl/zynq_fsbl_bsp/system.mss|system_1||

TRACE::2026-03-06.19:29:06::SCWMssOS::Sw design exists and opened at  E:/Git-Repos/CNC-FPGA/Vitis3/CNC-PL7/ps7_cortexa9_0/standalone_domain/bsp/system.mss
TRACE::2026-03-06.19:29:06::SCWMssOS::Saving the mss changes E:/Git-Repos/CNC-FPGA/Vitis3/CNC-PL7/zynq_fsbl/zynq_fsbl_bsp/system.mss
TRACE::2026-03-06.19:29:06::SCWMssOS::Found a swdesign opened with the mssfile.
TRACE::2026-03-06.19:29:06::SCWMssOS::Completed writemss as part of save.
TRACE::2026-03-06.19:29:06::SCWMssOS::Commit changes completed.
TRACE::2026-03-06.19:29:06::SCWMssOS::Saving the mss changes E:/Git-Repos/CNC-FPGA/Vitis3/CNC-PL7/ps7_cortexa9_0/standalone_domain/bsp/system.mss
TRACE::2026-03-06.19:29:06::SCWMssOS::Found a swdesign opened with the mssfile.
TRACE::2026-03-06.19:29:06::SCWMssOS::Completed writemss as part of save.
TRACE::2026-03-06.19:29:06::SCWMssOS::Commit changes completed.
TRACE::2026-03-06.19:29:06::SCWPlatform::Trying to open the hw design at E:/Git-Repos/CNC-FPGA/Vitis3/CNC-PL7/hw/CNC_Top_wrapper.xsa
TRACE::2026-03-06.19:29:06::SCWPlatform::DSA given E:/Git-Repos/CNC-FPGA/Vitis3/CNC-PL7/hw/CNC_Top_wrapper.xsa
TRACE::2026-03-06.19:29:06::SCWPlatform::DSA absoulate path E:/Git-Repos/CNC-FPGA/Vitis3/CNC-PL7/hw/CNC_Top_wrapper.xsa
TRACE::2026-03-06.19:29:06::SCWPlatform::DSA directory E:/Git-Repos/CNC-FPGA/Vitis3/CNC-PL7/hw
TRACE::2026-03-06.19:29:06::SCWPlatform:: Platform Path E:/Git-Repos/CNC-FPGA/Vitis3/CNC-PL7/hw/CNC_Top_wrapper.xsa
TRACE::2026-03-06.19:29:06::SCWPlatform:: Unique name xilinx:zedboard::0.0
TRACE::2026-03-06.19:29:06::SCWPlatform::Trying to set the existing hwdb with name CNC_Top_wrapper_22
TRACE::2026-03-06.19:29:06::SCWPlatform::Opened existing hwdb CNC_Top_wrapper_22
TRACE::2026-03-06.19:29:06::SCWPlatform::Found the Hw Db part of the input DSA
TRACE::2026-03-06.19:29:06::SCWMssOS::Checking the sw design at  E:/Git-Repos/CNC-FPGA/Vitis3/CNC-PL7/zynq_fsbl/zynq_fsbl_bsp/system.mss
TRACE::2026-03-06.19:29:06::SCWMssOS::DEBUG:  swdes dump  E:/Git-Repos/CNC-FPGA/Vitis3/CNC-PL6/ps7_cortexa9_0/standalone_domain/bsp/system.mss|system_0||
E:/Git-Repos/CNC-FPGA/Vitis3/CNC-PL6/zynq_fsbl/zynq_fsbl_bsp/system.mss|system||
E:/Git-Repos/CNC-FPGA/Vitis3/CNC-PL7/ps7_cortexa9_0/standalone_domain/bsp/system.mss|system_2||
E:/Git-Repos/CNC-FPGA/Vitis3/CNC-PL7/zynq_fsbl/zynq_fsbl_bsp/system.mss|system_1||

TRACE::2026-03-06.19:29:06::SCWMssOS::Sw design exists and opened at  E:/Git-Repos/CNC-FPGA/Vitis3/CNC-PL7/zynq_fsbl/zynq_fsbl_bsp/system.mss
TRACE::2026-03-06.19:29:06::SCWPlatform::Trying to open the hw design at E:/Git-Repos/CNC-FPGA/Vitis3/CNC-PL7/hw/CNC_Top_wrapper.xsa
TRACE::2026-03-06.19:29:06::SCWPlatform::DSA given E:/Git-Repos/CNC-FPGA/Vitis3/CNC-PL7/hw/CNC_Top_wrapper.xsa
TRACE::2026-03-06.19:29:06::SCWPlatform::DSA absoulate path E:/Git-Repos/CNC-FPGA/Vitis3/CNC-PL7/hw/CNC_Top_wrapper.xsa
TRACE::2026-03-06.19:29:06::SCWPlatform::DSA directory E:/Git-Repos/CNC-FPGA/Vitis3/CNC-PL7/hw
TRACE::2026-03-06.19:29:06::SCWPlatform:: Platform Path E:/Git-Repos/CNC-FPGA/Vitis3/CNC-PL7/hw/CNC_Top_wrapper.xsa
TRACE::2026-03-06.19:29:06::SCWPlatform:: Unique name xilinx:zedboard::0.0
TRACE::2026-03-06.19:29:06::SCWPlatform::Trying to set the existing hwdb with name CNC_Top_wrapper_22
TRACE::2026-03-06.19:29:06::SCWPlatform::Opened existing hwdb CNC_Top_wrapper_22
TRACE::2026-03-06.19:29:06::SCWPlatform::Found the Hw Db part of the input DSA
TRACE::2026-03-06.19:29:06::SCWMssOS::Checking the sw design at  E:/Git-Repos/CNC-FPGA/Vitis3/CNC-PL7/zynq_fsbl/zynq_fsbl_bsp/system.mss
TRACE::2026-03-06.19:29:06::SCWMssOS::DEBUG:  swdes dump  E:/Git-Repos/CNC-FPGA/Vitis3/CNC-PL6/ps7_cortexa9_0/standalone_domain/bsp/system.mss|system_0||
E:/Git-Repos/CNC-FPGA/Vitis3/CNC-PL6/zynq_fsbl/zynq_fsbl_bsp/system.mss|system||
E:/Git-Repos/CNC-FPGA/Vitis3/CNC-PL7/ps7_cortexa9_0/standalone_domain/bsp/system.mss|system_2||
E:/Git-Repos/CNC-FPGA/Vitis3/CNC-PL7/zynq_fsbl/zynq_fsbl_bsp/system.mss|system_1||

TRACE::2026-03-06.19:29:06::SCWMssOS::Sw design exists and opened at  E:/Git-Repos/CNC-FPGA/Vitis3/CNC-PL7/zynq_fsbl/zynq_fsbl_bsp/system.mss
TRACE::2026-03-06.19:29:06::SCWPlatform::Trying to open the hw design at E:/Git-Repos/CNC-FPGA/Vitis3/CNC-PL7/hw/CNC_Top_wrapper.xsa
TRACE::2026-03-06.19:29:06::SCWPlatform::DSA given E:/Git-Repos/CNC-FPGA/Vitis3/CNC-PL7/hw/CNC_Top_wrapper.xsa
TRACE::2026-03-06.19:29:06::SCWPlatform::DSA absoulate path E:/Git-Repos/CNC-FPGA/Vitis3/CNC-PL7/hw/CNC_Top_wrapper.xsa
TRACE::2026-03-06.19:29:06::SCWPlatform::DSA directory E:/Git-Repos/CNC-FPGA/Vitis3/CNC-PL7/hw
TRACE::2026-03-06.19:29:06::SCWPlatform:: Platform Path E:/Git-Repos/CNC-FPGA/Vitis3/CNC-PL7/hw/CNC_Top_wrapper.xsa
TRACE::2026-03-06.19:29:06::SCWPlatform:: Unique name xilinx:zedboard::0.0
TRACE::2026-03-06.19:29:06::SCWPlatform::Trying to set the existing hwdb with name CNC_Top_wrapper_22
TRACE::2026-03-06.19:29:06::SCWPlatform::Opened existing hwdb CNC_Top_wrapper_22
TRACE::2026-03-06.19:29:06::SCWPlatform::Found the Hw Db part of the input DSA
TRACE::2026-03-06.19:29:06::SCWMssOS::Checking the sw design at  E:/Git-Repos/CNC-FPGA/Vitis3/CNC-PL7/zynq_fsbl/zynq_fsbl_bsp/system.mss
TRACE::2026-03-06.19:29:06::SCWMssOS::DEBUG:  swdes dump  E:/Git-Repos/CNC-FPGA/Vitis3/CNC-PL6/ps7_cortexa9_0/standalone_domain/bsp/system.mss|system_0||
E:/Git-Repos/CNC-FPGA/Vitis3/CNC-PL6/zynq_fsbl/zynq_fsbl_bsp/system.mss|system||
E:/Git-Repos/CNC-FPGA/Vitis3/CNC-PL7/ps7_cortexa9_0/standalone_domain/bsp/system.mss|system_2||
E:/Git-Repos/CNC-FPGA/Vitis3/CNC-PL7/zynq_fsbl/zynq_fsbl_bsp/system.mss|system_1||

TRACE::2026-03-06.19:29:06::SCWMssOS::Sw design exists and opened at  E:/Git-Repos/CNC-FPGA/Vitis3/CNC-PL7/zynq_fsbl/zynq_fsbl_bsp/system.mss
TRACE::2026-03-06.19:29:06::SCWPlatform::Trying to open the hw design at E:/Git-Repos/CNC-FPGA/Vitis3/CNC-PL7/hw/CNC_Top_wrapper.xsa
TRACE::2026-03-06.19:29:06::SCWPlatform::DSA given E:/Git-Repos/CNC-FPGA/Vitis3/CNC-PL7/hw/CNC_Top_wrapper.xsa
TRACE::2026-03-06.19:29:06::SCWPlatform::DSA absoulate path E:/Git-Repos/CNC-FPGA/Vitis3/CNC-PL7/hw/CNC_Top_wrapper.xsa
TRACE::2026-03-06.19:29:06::SCWPlatform::DSA directory E:/Git-Repos/CNC-FPGA/Vitis3/CNC-PL7/hw
TRACE::2026-03-06.19:29:06::SCWPlatform:: Platform Path E:/Git-Repos/CNC-FPGA/Vitis3/CNC-PL7/hw/CNC_Top_wrapper.xsa
TRACE::2026-03-06.19:29:06::SCWPlatform:: Unique name xilinx:zedboard::0.0
TRACE::2026-03-06.19:29:06::SCWPlatform::Trying to set the existing hwdb with name CNC_Top_wrapper_22
TRACE::2026-03-06.19:29:06::SCWPlatform::Opened existing hwdb CNC_Top_wrapper_22
TRACE::2026-03-06.19:29:06::SCWPlatform::Found the Hw Db part of the input DSA
TRACE::2026-03-06.19:29:06::SCWMssOS::Checking the sw design at  E:/Git-Repos/CNC-FPGA/Vitis3/CNC-PL7/ps7_cortexa9_0/standalone_domain/bsp/system.mss
TRACE::2026-03-06.19:29:06::SCWMssOS::DEBUG:  swdes dump  E:/Git-Repos/CNC-FPGA/Vitis3/CNC-PL6/ps7_cortexa9_0/standalone_domain/bsp/system.mss|system_0||
E:/Git-Repos/CNC-FPGA/Vitis3/CNC-PL6/zynq_fsbl/zynq_fsbl_bsp/system.mss|system||
E:/Git-Repos/CNC-FPGA/Vitis3/CNC-PL7/ps7_cortexa9_0/standalone_domain/bsp/system.mss|system_2||
E:/Git-Repos/CNC-FPGA/Vitis3/CNC-PL7/zynq_fsbl/zynq_fsbl_bsp/system.mss|system_1||

TRACE::2026-03-06.19:29:06::SCWMssOS::Sw design exists and opened at  E:/Git-Repos/CNC-FPGA/Vitis3/CNC-PL7/ps7_cortexa9_0/standalone_domain/bsp/system.mss
TRACE::2026-03-06.19:29:06::SCWPlatform::Trying to open the hw design at E:/Git-Repos/CNC-FPGA/Vitis3/CNC-PL7/hw/CNC_Top_wrapper.xsa
TRACE::2026-03-06.19:29:06::SCWPlatform::DSA given E:/Git-Repos/CNC-FPGA/Vitis3/CNC-PL7/hw/CNC_Top_wrapper.xsa
TRACE::2026-03-06.19:29:06::SCWPlatform::DSA absoulate path E:/Git-Repos/CNC-FPGA/Vitis3/CNC-PL7/hw/CNC_Top_wrapper.xsa
TRACE::2026-03-06.19:29:06::SCWPlatform::DSA directory E:/Git-Repos/CNC-FPGA/Vitis3/CNC-PL7/hw
TRACE::2026-03-06.19:29:06::SCWPlatform:: Platform Path E:/Git-Repos/CNC-FPGA/Vitis3/CNC-PL7/hw/CNC_Top_wrapper.xsa
TRACE::2026-03-06.19:29:06::SCWPlatform:: Unique name xilinx:zedboard::0.0
TRACE::2026-03-06.19:29:06::SCWPlatform::Trying to set the existing hwdb with name CNC_Top_wrapper_22
TRACE::2026-03-06.19:29:06::SCWPlatform::Opened existing hwdb CNC_Top_wrapper_22
TRACE::2026-03-06.19:29:06::SCWPlatform::Found the Hw Db part of the input DSA
TRACE::2026-03-06.19:29:06::SCWMssOS::Checking the sw design at  E:/Git-Repos/CNC-FPGA/Vitis3/CNC-PL7/ps7_cortexa9_0/standalone_domain/bsp/system.mss
TRACE::2026-03-06.19:29:06::SCWMssOS::DEBUG:  swdes dump  E:/Git-Repos/CNC-FPGA/Vitis3/CNC-PL6/ps7_cortexa9_0/standalone_domain/bsp/system.mss|system_0||
E:/Git-Repos/CNC-FPGA/Vitis3/CNC-PL6/zynq_fsbl/zynq_fsbl_bsp/system.mss|system||
E:/Git-Repos/CNC-FPGA/Vitis3/CNC-PL7/ps7_cortexa9_0/standalone_domain/bsp/system.mss|system_2||
E:/Git-Repos/CNC-FPGA/Vitis3/CNC-PL7/zynq_fsbl/zynq_fsbl_bsp/system.mss|system_1||

TRACE::2026-03-06.19:29:06::SCWMssOS::Sw design exists and opened at  E:/Git-Repos/CNC-FPGA/Vitis3/CNC-PL7/ps7_cortexa9_0/standalone_domain/bsp/system.mss
TRACE::2026-03-06.19:29:06::SCWPlatform::Trying to open the hw design at E:/Git-Repos/CNC-FPGA/Vitis3/CNC-PL7/hw/CNC_Top_wrapper.xsa
TRACE::2026-03-06.19:29:06::SCWPlatform::DSA given E:/Git-Repos/CNC-FPGA/Vitis3/CNC-PL7/hw/CNC_Top_wrapper.xsa
TRACE::2026-03-06.19:29:06::SCWPlatform::DSA absoulate path E:/Git-Repos/CNC-FPGA/Vitis3/CNC-PL7/hw/CNC_Top_wrapper.xsa
TRACE::2026-03-06.19:29:06::SCWPlatform::DSA directory E:/Git-Repos/CNC-FPGA/Vitis3/CNC-PL7/hw
TRACE::2026-03-06.19:29:06::SCWPlatform:: Platform Path E:/Git-Repos/CNC-FPGA/Vitis3/CNC-PL7/hw/CNC_Top_wrapper.xsa
TRACE::2026-03-06.19:29:06::SCWPlatform:: Unique name xilinx:zedboard::0.0
TRACE::2026-03-06.19:29:06::SCWPlatform::Trying to set the existing hwdb with name CNC_Top_wrapper_22
TRACE::2026-03-06.19:29:06::SCWPlatform::Opened existing hwdb CNC_Top_wrapper_22
TRACE::2026-03-06.19:29:06::SCWPlatform::Found the Hw Db part of the input DSA
TRACE::2026-03-06.19:29:06::SCWMssOS::Checking the sw design at  E:/Git-Repos/CNC-FPGA/Vitis3/CNC-PL7/ps7_cortexa9_0/standalone_domain/bsp/system.mss
TRACE::2026-03-06.19:29:06::SCWMssOS::DEBUG:  swdes dump  E:/Git-Repos/CNC-FPGA/Vitis3/CNC-PL6/ps7_cortexa9_0/standalone_domain/bsp/system.mss|system_0||
E:/Git-Repos/CNC-FPGA/Vitis3/CNC-PL6/zynq_fsbl/zynq_fsbl_bsp/system.mss|system||
E:/Git-Repos/CNC-FPGA/Vitis3/CNC-PL7/ps7_cortexa9_0/standalone_domain/bsp/system.mss|system_2||
E:/Git-Repos/CNC-FPGA/Vitis3/CNC-PL7/zynq_fsbl/zynq_fsbl_bsp/system.mss|system_1||

TRACE::2026-03-06.19:29:06::SCWMssOS::Sw design exists and opened at  E:/Git-Repos/CNC-FPGA/Vitis3/CNC-PL7/ps7_cortexa9_0/standalone_domain/bsp/system.mss
TRACE::2026-03-06.19:29:06::SCWWriter::formatted JSON is {
	"platformName":	"CNC-PL7",
	"sprVersion":	"2.0",
	"mode":	"gui",
	"dsaType":	"Fixed",
	"platformDesc":	"CNC-PL7",
	"platHandOff":	"E:/Git-Repos/CNC-FPGA/Zedboard-CNC/CNC_Top_wrapper.xsa",
	"platIntHandOff":	"<platformDir>/hw/CNC_Top_wrapper.xsa",
	"deviceType":	"zynq",
	"platIsPrebuiltAutogen":	"false",
	"platIsNoBootBsp":	"false",
	"platFsblTarget":	"ps7_cortexa9_0",
	"hasFsblMakeHasChanges":	"false",
	"hasPmufwMakeHasChanges":	"false",
	"fsblExtraCompilerFlags":	"-MMD -MP       -mcpu=cortex-a9 -mfpu=vfpv3 -mfloat-abi=hard ",
	"platPreBuiltFlag":	false,
	"platformSamplesDir":	"",
	"platActiveSys":	"CNC-PL7",
	"systems":	[{
			"systemName":	"CNC-PL7",
			"systemDesc":	"CNC-PL7",
			"sysIsBootAutoGen":	"true",
			"systemDispName":	"CNC-PL7",
			"sysActiveDom":	"standalone_domain",
			"sysDefaultDom":	"standalone_domain",
			"domains":	[{
					"domainName":	"zynq_fsbl",
					"domainDispName":	"zynq_fsbl",
					"domainDesc":	"FSBL Application BSP - Auto Generated.",
					"processors":	"ps7_cortexa9_0",
					"os":	"standalone",
					"sdxOs":	"standalone",
					"debugEnable":	"",
					"domRuntimes":	["cpp"],
					"swRepo":	"",
					"mssOsVer":	"9.2",
					"mssFile":	"",
					"md5Digest":	"8e05dff6cf2b7a5e245cc7c2f785ee81",
					"compatibleApp":	"zynq_fsbl",
					"domType":	"bootDomain",
					"arch":	"32-bit",
					"appSettings":	{
						"appCompilerFlags":	"",
						"appLinkerFlags":	""
					},
					"addedLibs":	["xilffs:5.3", "xilrsa:1.8"],
					"libOptions":	{
						"libsContainingOptions":	[]
					},
					"prebuiltLibs":	{
						"prebuiltIncPath":	[],
						"prebuiltLibPath":	[]
					},
					"isolation":	{
					}
				}, {
					"domainName":	"standalone_domain",
					"domainDispName":	"standalone on ps7_cortexa9_0",
					"domainDesc":	"standalone_domain",
					"processors":	"ps7_cortexa9_0",
					"os":	"standalone",
					"sdxOs":	"standalone",
					"qemuArgs":	"<platformDir>/resources/CNC-PL7/standalone_domain/qemu_args.txt",
					"qemuData":	"<platformDir>/resources/CNC-PL7/standalone_domain/qemu",
					"debugEnable":	"False",
					"domRuntimes":	["cpp"],
					"swRepo":	"",
					"mssOsVer":	"9.2",
					"mssFile":	"",
					"md5Digest":	"aed75abb87964b40d6efb9b45e153c20",
					"compatibleApp":	"",
					"domType":	"mssDomain",
					"appSettings":	{
						"appCompilerFlags":	"",
						"appLinkerFlags":	""
					},
					"addedLibs":	[],
					"libOptions":	{
						"libsContainingOptions":	[]
					},
					"prebuiltLibs":	{
						"prebuiltIncPath":	[],
						"prebuiltLibPath":	[]
					},
					"isolation":	{
					}
				}]
		}]
}
TRACE::2026-03-06.19:29:06::SCWMssOS::Saving the mss changes E:/Git-Repos/CNC-FPGA/Vitis3/CNC-PL7/zynq_fsbl/zynq_fsbl_bsp/system.mss
TRACE::2026-03-06.19:29:06::SCWMssOS::Found a swdesign opened with the mssfile.
TRACE::2026-03-06.19:29:06::SCWMssOS::Completed writemss as part of save.
TRACE::2026-03-06.19:29:06::SCWMssOS::Commit changes completed.
TRACE::2026-03-06.19:29:06::SCWMssOS::Saving the mss changes E:/Git-Repos/CNC-FPGA/Vitis3/CNC-PL7/ps7_cortexa9_0/standalone_domain/bsp/system.mss
TRACE::2026-03-06.19:29:06::SCWMssOS::Found a swdesign opened with the mssfile.
TRACE::2026-03-06.19:29:06::SCWMssOS::Completed writemss as part of save.
TRACE::2026-03-06.19:29:06::SCWMssOS::Commit changes completed.
TRACE::2026-03-06.19:29:06::SCWPlatform::Trying to open the hw design at E:/Git-Repos/CNC-FPGA/Vitis3/CNC-PL7/hw/CNC_Top_wrapper.xsa
TRACE::2026-03-06.19:29:06::SCWPlatform::DSA given E:/Git-Repos/CNC-FPGA/Vitis3/CNC-PL7/hw/CNC_Top_wrapper.xsa
TRACE::2026-03-06.19:29:06::SCWPlatform::DSA absoulate path E:/Git-Repos/CNC-FPGA/Vitis3/CNC-PL7/hw/CNC_Top_wrapper.xsa
TRACE::2026-03-06.19:29:06::SCWPlatform::DSA directory E:/Git-Repos/CNC-FPGA/Vitis3/CNC-PL7/hw
TRACE::2026-03-06.19:29:06::SCWPlatform:: Platform Path E:/Git-Repos/CNC-FPGA/Vitis3/CNC-PL7/hw/CNC_Top_wrapper.xsa
TRACE::2026-03-06.19:29:06::SCWPlatform:: Unique name xilinx:zedboard::0.0
TRACE::2026-03-06.19:29:06::SCWPlatform::Trying to set the existing hwdb with name CNC_Top_wrapper_22
TRACE::2026-03-06.19:29:06::SCWPlatform::Opened existing hwdb CNC_Top_wrapper_22
TRACE::2026-03-06.19:29:06::SCWPlatform::Found the Hw Db part of the input DSA
TRACE::2026-03-06.19:29:06::SCWMssOS::Checking the sw design at  E:/Git-Repos/CNC-FPGA/Vitis3/CNC-PL7/zynq_fsbl/zynq_fsbl_bsp/system.mss
TRACE::2026-03-06.19:29:06::SCWMssOS::DEBUG:  swdes dump  E:/Git-Repos/CNC-FPGA/Vitis3/CNC-PL6/ps7_cortexa9_0/standalone_domain/bsp/system.mss|system_0||
E:/Git-Repos/CNC-FPGA/Vitis3/CNC-PL6/zynq_fsbl/zynq_fsbl_bsp/system.mss|system||
E:/Git-Repos/CNC-FPGA/Vitis3/CNC-PL7/ps7_cortexa9_0/standalone_domain/bsp/system.mss|system_2||
E:/Git-Repos/CNC-FPGA/Vitis3/CNC-PL7/zynq_fsbl/zynq_fsbl_bsp/system.mss|system_1||

TRACE::2026-03-06.19:29:06::SCWMssOS::Sw design exists and opened at  E:/Git-Repos/CNC-FPGA/Vitis3/CNC-PL7/zynq_fsbl/zynq_fsbl_bsp/system.mss
TRACE::2026-03-06.19:29:06::SCWPlatform::Trying to open the hw design at E:/Git-Repos/CNC-FPGA/Vitis3/CNC-PL7/hw/CNC_Top_wrapper.xsa
TRACE::2026-03-06.19:29:06::SCWPlatform::DSA given E:/Git-Repos/CNC-FPGA/Vitis3/CNC-PL7/hw/CNC_Top_wrapper.xsa
TRACE::2026-03-06.19:29:06::SCWPlatform::DSA absoulate path E:/Git-Repos/CNC-FPGA/Vitis3/CNC-PL7/hw/CNC_Top_wrapper.xsa
TRACE::2026-03-06.19:29:06::SCWPlatform::DSA directory E:/Git-Repos/CNC-FPGA/Vitis3/CNC-PL7/hw
TRACE::2026-03-06.19:29:06::SCWPlatform:: Platform Path E:/Git-Repos/CNC-FPGA/Vitis3/CNC-PL7/hw/CNC_Top_wrapper.xsa
TRACE::2026-03-06.19:29:06::SCWPlatform:: Unique name xilinx:zedboard::0.0
TRACE::2026-03-06.19:29:06::SCWPlatform::Trying to set the existing hwdb with name CNC_Top_wrapper_22
TRACE::2026-03-06.19:29:06::SCWPlatform::Opened existing hwdb CNC_Top_wrapper_22
TRACE::2026-03-06.19:29:06::SCWPlatform::Found the Hw Db part of the input DSA
TRACE::2026-03-06.19:29:06::SCWMssOS::Checking the sw design at  E:/Git-Repos/CNC-FPGA/Vitis3/CNC-PL7/zynq_fsbl/zynq_fsbl_bsp/system.mss
TRACE::2026-03-06.19:29:06::SCWMssOS::DEBUG:  swdes dump  E:/Git-Repos/CNC-FPGA/Vitis3/CNC-PL6/ps7_cortexa9_0/standalone_domain/bsp/system.mss|system_0||
E:/Git-Repos/CNC-FPGA/Vitis3/CNC-PL6/zynq_fsbl/zynq_fsbl_bsp/system.mss|system||
E:/Git-Repos/CNC-FPGA/Vitis3/CNC-PL7/ps7_cortexa9_0/standalone_domain/bsp/system.mss|system_2||
E:/Git-Repos/CNC-FPGA/Vitis3/CNC-PL7/zynq_fsbl/zynq_fsbl_bsp/system.mss|system_1||

TRACE::2026-03-06.19:29:06::SCWMssOS::Sw design exists and opened at  E:/Git-Repos/CNC-FPGA/Vitis3/CNC-PL7/zynq_fsbl/zynq_fsbl_bsp/system.mss
TRACE::2026-03-06.19:29:06::SCWPlatform::Trying to open the hw design at E:/Git-Repos/CNC-FPGA/Vitis3/CNC-PL7/hw/CNC_Top_wrapper.xsa
TRACE::2026-03-06.19:29:06::SCWPlatform::DSA given E:/Git-Repos/CNC-FPGA/Vitis3/CNC-PL7/hw/CNC_Top_wrapper.xsa
TRACE::2026-03-06.19:29:06::SCWPlatform::DSA absoulate path E:/Git-Repos/CNC-FPGA/Vitis3/CNC-PL7/hw/CNC_Top_wrapper.xsa
TRACE::2026-03-06.19:29:06::SCWPlatform::DSA directory E:/Git-Repos/CNC-FPGA/Vitis3/CNC-PL7/hw
TRACE::2026-03-06.19:29:06::SCWPlatform:: Platform Path E:/Git-Repos/CNC-FPGA/Vitis3/CNC-PL7/hw/CNC_Top_wrapper.xsa
TRACE::2026-03-06.19:29:06::SCWPlatform:: Unique name xilinx:zedboard::0.0
TRACE::2026-03-06.19:29:06::SCWPlatform::Trying to set the existing hwdb with name CNC_Top_wrapper_22
TRACE::2026-03-06.19:29:06::SCWPlatform::Opened existing hwdb CNC_Top_wrapper_22
TRACE::2026-03-06.19:29:06::SCWPlatform::Found the Hw Db part of the input DSA
TRACE::2026-03-06.19:29:06::SCWMssOS::Checking the sw design at  E:/Git-Repos/CNC-FPGA/Vitis3/CNC-PL7/zynq_fsbl/zynq_fsbl_bsp/system.mss
TRACE::2026-03-06.19:29:06::SCWMssOS::DEBUG:  swdes dump  E:/Git-Repos/CNC-FPGA/Vitis3/CNC-PL6/ps7_cortexa9_0/standalone_domain/bsp/system.mss|system_0||
E:/Git-Repos/CNC-FPGA/Vitis3/CNC-PL6/zynq_fsbl/zynq_fsbl_bsp/system.mss|system||
E:/Git-Repos/CNC-FPGA/Vitis3/CNC-PL7/ps7_cortexa9_0/standalone_domain/bsp/system.mss|system_2||
E:/Git-Repos/CNC-FPGA/Vitis3/CNC-PL7/zynq_fsbl/zynq_fsbl_bsp/system.mss|system_1||

TRACE::2026-03-06.19:29:06::SCWMssOS::Sw design exists and opened at  E:/Git-Repos/CNC-FPGA/Vitis3/CNC-PL7/zynq_fsbl/zynq_fsbl_bsp/system.mss
TRACE::2026-03-06.19:29:06::SCWPlatform::Trying to open the hw design at E:/Git-Repos/CNC-FPGA/Vitis3/CNC-PL7/hw/CNC_Top_wrapper.xsa
TRACE::2026-03-06.19:29:06::SCWPlatform::DSA given E:/Git-Repos/CNC-FPGA/Vitis3/CNC-PL7/hw/CNC_Top_wrapper.xsa
TRACE::2026-03-06.19:29:06::SCWPlatform::DSA absoulate path E:/Git-Repos/CNC-FPGA/Vitis3/CNC-PL7/hw/CNC_Top_wrapper.xsa
TRACE::2026-03-06.19:29:06::SCWPlatform::DSA directory E:/Git-Repos/CNC-FPGA/Vitis3/CNC-PL7/hw
TRACE::2026-03-06.19:29:06::SCWPlatform:: Platform Path E:/Git-Repos/CNC-FPGA/Vitis3/CNC-PL7/hw/CNC_Top_wrapper.xsa
TRACE::2026-03-06.19:29:06::SCWPlatform:: Unique name xilinx:zedboard::0.0
TRACE::2026-03-06.19:29:06::SCWPlatform::Trying to set the existing hwdb with name CNC_Top_wrapper_22
TRACE::2026-03-06.19:29:06::SCWPlatform::Opened existing hwdb CNC_Top_wrapper_22
TRACE::2026-03-06.19:29:06::SCWPlatform::Found the Hw Db part of the input DSA
TRACE::2026-03-06.19:29:06::SCWMssOS::Checking the sw design at  E:/Git-Repos/CNC-FPGA/Vitis3/CNC-PL7/ps7_cortexa9_0/standalone_domain/bsp/system.mss
TRACE::2026-03-06.19:29:06::SCWMssOS::DEBUG:  swdes dump  E:/Git-Repos/CNC-FPGA/Vitis3/CNC-PL6/ps7_cortexa9_0/standalone_domain/bsp/system.mss|system_0||
E:/Git-Repos/CNC-FPGA/Vitis3/CNC-PL6/zynq_fsbl/zynq_fsbl_bsp/system.mss|system||
E:/Git-Repos/CNC-FPGA/Vitis3/CNC-PL7/ps7_cortexa9_0/standalone_domain/bsp/system.mss|system_2||
E:/Git-Repos/CNC-FPGA/Vitis3/CNC-PL7/zynq_fsbl/zynq_fsbl_bsp/system.mss|system_1||

TRACE::2026-03-06.19:29:06::SCWMssOS::Sw design exists and opened at  E:/Git-Repos/CNC-FPGA/Vitis3/CNC-PL7/ps7_cortexa9_0/standalone_domain/bsp/system.mss
TRACE::2026-03-06.19:29:06::SCWPlatform::Trying to open the hw design at E:/Git-Repos/CNC-FPGA/Vitis3/CNC-PL7/hw/CNC_Top_wrapper.xsa
TRACE::2026-03-06.19:29:06::SCWPlatform::DSA given E:/Git-Repos/CNC-FPGA/Vitis3/CNC-PL7/hw/CNC_Top_wrapper.xsa
TRACE::2026-03-06.19:29:06::SCWPlatform::DSA absoulate path E:/Git-Repos/CNC-FPGA/Vitis3/CNC-PL7/hw/CNC_Top_wrapper.xsa
TRACE::2026-03-06.19:29:06::SCWPlatform::DSA directory E:/Git-Repos/CNC-FPGA/Vitis3/CNC-PL7/hw
TRACE::2026-03-06.19:29:06::SCWPlatform:: Platform Path E:/Git-Repos/CNC-FPGA/Vitis3/CNC-PL7/hw/CNC_Top_wrapper.xsa
TRACE::2026-03-06.19:29:06::SCWPlatform:: Unique name xilinx:zedboard::0.0
TRACE::2026-03-06.19:29:06::SCWPlatform::Trying to set the existing hwdb with name CNC_Top_wrapper_22
TRACE::2026-03-06.19:29:06::SCWPlatform::Opened existing hwdb CNC_Top_wrapper_22
TRACE::2026-03-06.19:29:06::SCWPlatform::Found the Hw Db part of the input DSA
TRACE::2026-03-06.19:29:06::SCWMssOS::Checking the sw design at  E:/Git-Repos/CNC-FPGA/Vitis3/CNC-PL7/ps7_cortexa9_0/standalone_domain/bsp/system.mss
TRACE::2026-03-06.19:29:06::SCWMssOS::DEBUG:  swdes dump  E:/Git-Repos/CNC-FPGA/Vitis3/CNC-PL6/ps7_cortexa9_0/standalone_domain/bsp/system.mss|system_0||
E:/Git-Repos/CNC-FPGA/Vitis3/CNC-PL6/zynq_fsbl/zynq_fsbl_bsp/system.mss|system||
E:/Git-Repos/CNC-FPGA/Vitis3/CNC-PL7/ps7_cortexa9_0/standalone_domain/bsp/system.mss|system_2||
E:/Git-Repos/CNC-FPGA/Vitis3/CNC-PL7/zynq_fsbl/zynq_fsbl_bsp/system.mss|system_1||

TRACE::2026-03-06.19:29:06::SCWMssOS::Sw design exists and opened at  E:/Git-Repos/CNC-FPGA/Vitis3/CNC-PL7/ps7_cortexa9_0/standalone_domain/bsp/system.mss
TRACE::2026-03-06.19:29:06::SCWPlatform::Trying to open the hw design at E:/Git-Repos/CNC-FPGA/Vitis3/CNC-PL7/hw/CNC_Top_wrapper.xsa
TRACE::2026-03-06.19:29:06::SCWPlatform::DSA given E:/Git-Repos/CNC-FPGA/Vitis3/CNC-PL7/hw/CNC_Top_wrapper.xsa
TRACE::2026-03-06.19:29:06::SCWPlatform::DSA absoulate path E:/Git-Repos/CNC-FPGA/Vitis3/CNC-PL7/hw/CNC_Top_wrapper.xsa
TRACE::2026-03-06.19:29:06::SCWPlatform::DSA directory E:/Git-Repos/CNC-FPGA/Vitis3/CNC-PL7/hw
TRACE::2026-03-06.19:29:06::SCWPlatform:: Platform Path E:/Git-Repos/CNC-FPGA/Vitis3/CNC-PL7/hw/CNC_Top_wrapper.xsa
TRACE::2026-03-06.19:29:06::SCWPlatform:: Unique name xilinx:zedboard::0.0
TRACE::2026-03-06.19:29:06::SCWPlatform::Trying to set the existing hwdb with name CNC_Top_wrapper_22
TRACE::2026-03-06.19:29:06::SCWPlatform::Opened existing hwdb CNC_Top_wrapper_22
TRACE::2026-03-06.19:29:06::SCWPlatform::Found the Hw Db part of the input DSA
TRACE::2026-03-06.19:29:06::SCWMssOS::Checking the sw design at  E:/Git-Repos/CNC-FPGA/Vitis3/CNC-PL7/ps7_cortexa9_0/standalone_domain/bsp/system.mss
TRACE::2026-03-06.19:29:06::SCWMssOS::DEBUG:  swdes dump  E:/Git-Repos/CNC-FPGA/Vitis3/CNC-PL6/ps7_cortexa9_0/standalone_domain/bsp/system.mss|system_0||
E:/Git-Repos/CNC-FPGA/Vitis3/CNC-PL6/zynq_fsbl/zynq_fsbl_bsp/system.mss|system||
E:/Git-Repos/CNC-FPGA/Vitis3/CNC-PL7/ps7_cortexa9_0/standalone_domain/bsp/system.mss|system_2||
E:/Git-Repos/CNC-FPGA/Vitis3/CNC-PL7/zynq_fsbl/zynq_fsbl_bsp/system.mss|system_1||

TRACE::2026-03-06.19:29:06::SCWMssOS::Sw design exists and opened at  E:/Git-Repos/CNC-FPGA/Vitis3/CNC-PL7/ps7_cortexa9_0/standalone_domain/bsp/system.mss
TRACE::2026-03-06.19:29:06::SCWWriter::formatted JSON is {
	"platformName":	"CNC-PL7",
	"sprVersion":	"2.0",
	"mode":	"gui",
	"dsaType":	"Fixed",
	"platformDesc":	"CNC-PL7",
	"platHandOff":	"E:/Git-Repos/CNC-FPGA/Zedboard-CNC/CNC_Top_wrapper.xsa",
	"platIntHandOff":	"<platformDir>/hw/CNC_Top_wrapper.xsa",
	"deviceType":	"zynq",
	"platIsPrebuiltAutogen":	"false",
	"platIsNoBootBsp":	"false",
	"platFsblTarget":	"ps7_cortexa9_0",
	"hasFsblMakeHasChanges":	"false",
	"hasPmufwMakeHasChanges":	"false",
	"fsblExtraCompilerFlags":	"-MMD -MP       -mcpu=cortex-a9 -mfpu=vfpv3 -mfloat-abi=hard ",
	"platPreBuiltFlag":	false,
	"platformSamplesDir":	"",
	"platActiveSys":	"CNC-PL7",
	"systems":	[{
			"systemName":	"CNC-PL7",
			"systemDesc":	"CNC-PL7",
			"sysIsBootAutoGen":	"true",
			"systemDispName":	"CNC-PL7",
			"sysActiveDom":	"standalone_domain",
			"sysDefaultDom":	"standalone_domain",
			"domains":	[{
					"domainName":	"zynq_fsbl",
					"domainDispName":	"zynq_fsbl",
					"domainDesc":	"FSBL Application BSP - Auto Generated.",
					"processors":	"ps7_cortexa9_0",
					"os":	"standalone",
					"sdxOs":	"standalone",
					"debugEnable":	"",
					"domRuntimes":	["cpp"],
					"swRepo":	"",
					"mssOsVer":	"9.2",
					"mssFile":	"",
					"md5Digest":	"8e05dff6cf2b7a5e245cc7c2f785ee81",
					"compatibleApp":	"zynq_fsbl",
					"domType":	"bootDomain",
					"arch":	"32-bit",
					"appSettings":	{
						"appCompilerFlags":	"",
						"appLinkerFlags":	""
					},
					"addedLibs":	["xilffs:5.3", "xilrsa:1.8"],
					"libOptions":	{
						"libsContainingOptions":	[]
					},
					"prebuiltLibs":	{
						"prebuiltIncPath":	[],
						"prebuiltLibPath":	[]
					},
					"isolation":	{
					}
				}, {
					"domainName":	"standalone_domain",
					"domainDispName":	"standalone on ps7_cortexa9_0",
					"domainDesc":	"standalone_domain",
					"processors":	"ps7_cortexa9_0",
					"os":	"standalone",
					"sdxOs":	"standalone",
					"qemuArgs":	"<platformDir>/resources/CNC-PL7/standalone_domain/qemu_args.txt",
					"qemuData":	"<platformDir>/resources/CNC-PL7/standalone_domain/qemu",
					"debugEnable":	"False",
					"domRuntimes":	["cpp"],
					"swRepo":	"",
					"mssOsVer":	"9.2",
					"mssFile":	"",
					"md5Digest":	"aed75abb87964b40d6efb9b45e153c20",
					"compatibleApp":	"",
					"domType":	"mssDomain",
					"appSettings":	{
						"appCompilerFlags":	"",
						"appLinkerFlags":	""
					},
					"addedLibs":	[],
					"libOptions":	{
						"libsContainingOptions":	[]
					},
					"prebuiltLibs":	{
						"prebuiltIncPath":	[],
						"prebuiltLibPath":	[]
					},
					"isolation":	{
					}
				}]
		}]
}
TRACE::2026-03-06.19:29:06::SCWPlatform::Clearing the existing platform
TRACE::2026-03-06.19:29:06::SCWSystem::Clearing the existing sysconfig
TRACE::2026-03-06.19:29:06::SCWBDomain::clearing the fsbl build
TRACE::2026-03-06.19:29:06::SCWMssOS::Removing the swdes entry for  E:/Git-Repos/CNC-FPGA/Vitis3/CNC-PL7/zynq_fsbl/zynq_fsbl_bsp/system.mss
TRACE::2026-03-06.19:29:06::SCWMssOS::Removing the swdes entry for  E:/Git-Repos/CNC-FPGA/Vitis3/CNC-PL7/ps7_cortexa9_0/standalone_domain/bsp/system.mss
TRACE::2026-03-06.19:29:06::SCWSystem::Clearing the domains completed.
TRACE::2026-03-06.19:29:06::SCWPlatform::Clearing the opened hw db.
TRACE::2026-03-06.19:29:06::SCWPlatform::DSA given E:/Git-Repos/CNC-FPGA/Vitis3/CNC-PL7/hw/CNC_Top_wrapper.xsa
TRACE::2026-03-06.19:29:06::SCWPlatform::DSA absoulate path E:/Git-Repos/CNC-FPGA/Vitis3/CNC-PL7/hw/CNC_Top_wrapper.xsa
TRACE::2026-03-06.19:29:06::SCWPlatform:: Platform location is E:/Git-Repos/CNC-FPGA/Vitis3/CNC-PL7/hw
TRACE::2026-03-06.19:29:06::SCWPlatform:: Platform Path E:/Git-Repos/CNC-FPGA/Vitis3/CNC-PL7/hw/CNC_Top_wrapper.xsa
TRACE::2026-03-06.19:29:06::SCWPlatform:: Unique name xilinx:zedboard::0.0
TRACE::2026-03-06.19:29:06::SCWPlatform::Removing the HwDB with name E:/Git-Repos/CNC-FPGA/Vitis3/CNC-PL7/hw/CNC_Top_wrapper.xsa
TRACE::2026-03-06.19:29:06::SCWPlatform::Trying to open the hw design at E:/Git-Repos/CNC-FPGA/Vitis3/CNC-PL7/hw/CNC_Top_wrapper.xsa
TRACE::2026-03-06.19:29:06::SCWPlatform::DSA given E:/Git-Repos/CNC-FPGA/Vitis3/CNC-PL7/hw/CNC_Top_wrapper.xsa
TRACE::2026-03-06.19:29:06::SCWPlatform::DSA absoulate path E:/Git-Repos/CNC-FPGA/Vitis3/CNC-PL7/hw/CNC_Top_wrapper.xsa
TRACE::2026-03-06.19:29:06::SCWPlatform::DSA directory E:/Git-Repos/CNC-FPGA/Vitis3/CNC-PL7/hw
TRACE::2026-03-06.19:29:06::SCWPlatform:: Platform Path E:/Git-Repos/CNC-FPGA/Vitis3/CNC-PL7/hw/CNC_Top_wrapper.xsa
TRACE::2026-03-06.19:29:06::SCWPlatform:: Unique name xilinx:zedboard::0.0
TRACE::2026-03-06.19:29:06::SCWPlatform::Do not have an existing db opened. 
TRACE::2026-03-06.19:29:09::SCWPlatform::Opened new HwDB with name CNC_Top_wrapper_23
TRACE::2026-03-06.19:29:09::SCWReader::Active system found as  CNC-PL7
TRACE::2026-03-06.19:29:09::SCWReader::Handling sysconfig CNC-PL7
TRACE::2026-03-06.19:29:09::SCWDomain::checking for install qemu data   : 
TRACE::2026-03-06.19:29:09::SCWDomain:: Using the QEMU Data from install at  : C:/Xilinx/Vitis/2024.2/data/emulation/platforms/zynq/sw/a9_standalone/qemu/
TRACE::2026-03-06.19:29:09::SCWDomain:: Using the QEMU args  from install at  : C:/Xilinx/Vitis/2024.2/data/emulation/platforms/zynq/sw/a9_standalone/qemu/qemu_args.txt
TRACE::2026-03-06.19:29:09::SCWPlatform::Trying to open the hw design at E:/Git-Repos/CNC-FPGA/Vitis3/CNC-PL7/hw/CNC_Top_wrapper.xsa
TRACE::2026-03-06.19:29:09::SCWPlatform::DSA given E:/Git-Repos/CNC-FPGA/Vitis3/CNC-PL7/hw/CNC_Top_wrapper.xsa
TRACE::2026-03-06.19:29:09::SCWPlatform::DSA absoulate path E:/Git-Repos/CNC-FPGA/Vitis3/CNC-PL7/hw/CNC_Top_wrapper.xsa
TRACE::2026-03-06.19:29:09::SCWPlatform::DSA directory E:/Git-Repos/CNC-FPGA/Vitis3/CNC-PL7/hw
TRACE::2026-03-06.19:29:09::SCWPlatform:: Platform Path E:/Git-Repos/CNC-FPGA/Vitis3/CNC-PL7/hw/CNC_Top_wrapper.xsa
TRACE::2026-03-06.19:29:09::SCWPlatform:: Unique name xilinx:zedboard::0.0
TRACE::2026-03-06.19:29:09::SCWPlatform::Trying to set the existing hwdb with name CNC_Top_wrapper_23
TRACE::2026-03-06.19:29:09::SCWPlatform::Opened existing hwdb CNC_Top_wrapper_23
TRACE::2026-03-06.19:29:09::SCWPlatform::Found the Hw Db part of the input DSA
TRACE::2026-03-06.19:29:09::SCWPlatform::Trying to open the hw design at E:/Git-Repos/CNC-FPGA/Vitis3/CNC-PL7/hw/CNC_Top_wrapper.xsa
TRACE::2026-03-06.19:29:09::SCWPlatform::DSA given E:/Git-Repos/CNC-FPGA/Vitis3/CNC-PL7/hw/CNC_Top_wrapper.xsa
TRACE::2026-03-06.19:29:09::SCWPlatform::DSA absoulate path E:/Git-Repos/CNC-FPGA/Vitis3/CNC-PL7/hw/CNC_Top_wrapper.xsa
TRACE::2026-03-06.19:29:09::SCWPlatform::DSA directory E:/Git-Repos/CNC-FPGA/Vitis3/CNC-PL7/hw
TRACE::2026-03-06.19:29:09::SCWPlatform:: Platform Path E:/Git-Repos/CNC-FPGA/Vitis3/CNC-PL7/hw/CNC_Top_wrapper.xsa
TRACE::2026-03-06.19:29:09::SCWPlatform:: Unique name xilinx:zedboard::0.0
TRACE::2026-03-06.19:29:09::SCWPlatform::Trying to set the existing hwdb with name CNC_Top_wrapper_23
TRACE::2026-03-06.19:29:09::SCWPlatform::Opened existing hwdb CNC_Top_wrapper_23
TRACE::2026-03-06.19:29:09::SCWPlatform::Found the Hw Db part of the input DSA
TRACE::2026-03-06.19:29:09::SCWPlatform::Trying to open the hw design at E:/Git-Repos/CNC-FPGA/Vitis3/CNC-PL7/hw/CNC_Top_wrapper.xsa
TRACE::2026-03-06.19:29:09::SCWPlatform::DSA given E:/Git-Repos/CNC-FPGA/Vitis3/CNC-PL7/hw/CNC_Top_wrapper.xsa
TRACE::2026-03-06.19:29:09::SCWPlatform::DSA absoulate path E:/Git-Repos/CNC-FPGA/Vitis3/CNC-PL7/hw/CNC_Top_wrapper.xsa
TRACE::2026-03-06.19:29:09::SCWPlatform::DSA directory E:/Git-Repos/CNC-FPGA/Vitis3/CNC-PL7/hw
TRACE::2026-03-06.19:29:09::SCWPlatform:: Platform Path E:/Git-Repos/CNC-FPGA/Vitis3/CNC-PL7/hw/CNC_Top_wrapper.xsa
TRACE::2026-03-06.19:29:09::SCWPlatform:: Unique name xilinx:zedboard::0.0
TRACE::2026-03-06.19:29:09::SCWPlatform::Trying to set the existing hwdb with name CNC_Top_wrapper_23
TRACE::2026-03-06.19:29:09::SCWPlatform::Opened existing hwdb CNC_Top_wrapper_23
TRACE::2026-03-06.19:29:09::SCWPlatform::Found the Hw Db part of the input DSA
TRACE::2026-03-06.19:29:09::SCWReader::Boot application domain added for zynq_fsbl
TRACE::2026-03-06.19:29:09::SCWPlatform::Trying to open the hw design at E:/Git-Repos/CNC-FPGA/Vitis3/CNC-PL7/hw/CNC_Top_wrapper.xsa
TRACE::2026-03-06.19:29:09::SCWPlatform::DSA given E:/Git-Repos/CNC-FPGA/Vitis3/CNC-PL7/hw/CNC_Top_wrapper.xsa
TRACE::2026-03-06.19:29:09::SCWPlatform::DSA absoulate path E:/Git-Repos/CNC-FPGA/Vitis3/CNC-PL7/hw/CNC_Top_wrapper.xsa
TRACE::2026-03-06.19:29:09::SCWPlatform::DSA directory E:/Git-Repos/CNC-FPGA/Vitis3/CNC-PL7/hw
TRACE::2026-03-06.19:29:09::SCWPlatform:: Platform Path E:/Git-Repos/CNC-FPGA/Vitis3/CNC-PL7/hw/CNC_Top_wrapper.xsa
TRACE::2026-03-06.19:29:09::SCWPlatform:: Unique name xilinx:zedboard::0.0
TRACE::2026-03-06.19:29:09::SCWPlatform::Trying to set the existing hwdb with name CNC_Top_wrapper_23
TRACE::2026-03-06.19:29:09::SCWPlatform::Opened existing hwdb CNC_Top_wrapper_23
TRACE::2026-03-06.19:29:09::SCWPlatform::Found the Hw Db part of the input DSA
TRACE::2026-03-06.19:29:09::SCWMssOS::Checking the sw design at  E:/Git-Repos/CNC-FPGA/Vitis3/CNC-PL7/zynq_fsbl/zynq_fsbl_bsp/system.mss
TRACE::2026-03-06.19:29:09::SCWMssOS::DEBUG:  swdes dump  E:/Git-Repos/CNC-FPGA/Vitis3/CNC-PL6/ps7_cortexa9_0/standalone_domain/bsp/system.mss|system_0||
E:/Git-Repos/CNC-FPGA/Vitis3/CNC-PL6/zynq_fsbl/zynq_fsbl_bsp/system.mss|system||

TRACE::2026-03-06.19:29:09::SCWMssOS::No sw design opened at  E:/Git-Repos/CNC-FPGA/Vitis3/CNC-PL7/zynq_fsbl/zynq_fsbl_bsp/system.mss
TRACE::2026-03-06.19:29:09::SCWMssOS::mss exists loading the mss file  E:/Git-Repos/CNC-FPGA/Vitis3/CNC-PL7/zynq_fsbl/zynq_fsbl_bsp/system.mss
TRACE::2026-03-06.19:29:09::SCWMssOS::Opened the sw design from mss  E:/Git-Repos/CNC-FPGA/Vitis3/CNC-PL7/zynq_fsbl/zynq_fsbl_bsp/system.mss
TRACE::2026-03-06.19:29:09::SCWMssOS::Adding the swdes entry E:/Git-Repos/CNC-FPGA/Vitis3/CNC-PL7/zynq_fsbl/zynq_fsbl_bsp/system.mss with des name system_1
TRACE::2026-03-06.19:29:09::SCWMssOS::updating the scw layer about changes
TRACE::2026-03-06.19:29:09::SCWMssOS::Opened the sw design.  E:/Git-Repos/CNC-FPGA/Vitis3/CNC-PL7/zynq_fsbl/zynq_fsbl_bsp/system.mss
TRACE::2026-03-06.19:29:09::SCWPlatform::Trying to open the hw design at E:/Git-Repos/CNC-FPGA/Vitis3/CNC-PL7/hw/CNC_Top_wrapper.xsa
TRACE::2026-03-06.19:29:09::SCWPlatform::DSA given E:/Git-Repos/CNC-FPGA/Vitis3/CNC-PL7/hw/CNC_Top_wrapper.xsa
TRACE::2026-03-06.19:29:09::SCWPlatform::DSA absoulate path E:/Git-Repos/CNC-FPGA/Vitis3/CNC-PL7/hw/CNC_Top_wrapper.xsa
TRACE::2026-03-06.19:29:09::SCWPlatform::DSA directory E:/Git-Repos/CNC-FPGA/Vitis3/CNC-PL7/hw
TRACE::2026-03-06.19:29:09::SCWPlatform:: Platform Path E:/Git-Repos/CNC-FPGA/Vitis3/CNC-PL7/hw/CNC_Top_wrapper.xsa
TRACE::2026-03-06.19:29:09::SCWPlatform:: Unique name xilinx:zedboard::0.0
TRACE::2026-03-06.19:29:09::SCWPlatform::Trying to set the existing hwdb with name CNC_Top_wrapper_23
TRACE::2026-03-06.19:29:09::SCWPlatform::Opened existing hwdb CNC_Top_wrapper_23
TRACE::2026-03-06.19:29:09::SCWPlatform::Found the Hw Db part of the input DSA
TRACE::2026-03-06.19:29:09::SCWMssOS::Checking the sw design at  E:/Git-Repos/CNC-FPGA/Vitis3/CNC-PL7/zynq_fsbl/zynq_fsbl_bsp/system.mss
TRACE::2026-03-06.19:29:09::SCWMssOS::DEBUG:  swdes dump  E:/Git-Repos/CNC-FPGA/Vitis3/CNC-PL6/ps7_cortexa9_0/standalone_domain/bsp/system.mss|system_0||
E:/Git-Repos/CNC-FPGA/Vitis3/CNC-PL6/zynq_fsbl/zynq_fsbl_bsp/system.mss|system||
E:/Git-Repos/CNC-FPGA/Vitis3/CNC-PL7/zynq_fsbl/zynq_fsbl_bsp/system.mss|system_1||

TRACE::2026-03-06.19:29:09::SCWMssOS::Sw design exists and opened at  E:/Git-Repos/CNC-FPGA/Vitis3/CNC-PL7/zynq_fsbl/zynq_fsbl_bsp/system.mss
TRACE::2026-03-06.19:29:09::SCWMssOS:: library already available in sw design:  xilffs:5.3
TRACE::2026-03-06.19:29:09::SCWPlatform::Trying to open the hw design at E:/Git-Repos/CNC-FPGA/Vitis3/CNC-PL7/hw/CNC_Top_wrapper.xsa
TRACE::2026-03-06.19:29:09::SCWPlatform::DSA given E:/Git-Repos/CNC-FPGA/Vitis3/CNC-PL7/hw/CNC_Top_wrapper.xsa
TRACE::2026-03-06.19:29:09::SCWPlatform::DSA absoulate path E:/Git-Repos/CNC-FPGA/Vitis3/CNC-PL7/hw/CNC_Top_wrapper.xsa
TRACE::2026-03-06.19:29:09::SCWPlatform::DSA directory E:/Git-Repos/CNC-FPGA/Vitis3/CNC-PL7/hw
TRACE::2026-03-06.19:29:09::SCWPlatform:: Platform Path E:/Git-Repos/CNC-FPGA/Vitis3/CNC-PL7/hw/CNC_Top_wrapper.xsa
TRACE::2026-03-06.19:29:09::SCWPlatform:: Unique name xilinx:zedboard::0.0
TRACE::2026-03-06.19:29:09::SCWPlatform::Trying to set the existing hwdb with name CNC_Top_wrapper_23
TRACE::2026-03-06.19:29:09::SCWPlatform::Opened existing hwdb CNC_Top_wrapper_23
TRACE::2026-03-06.19:29:09::SCWPlatform::Found the Hw Db part of the input DSA
TRACE::2026-03-06.19:29:09::SCWMssOS::Checking the sw design at  E:/Git-Repos/CNC-FPGA/Vitis3/CNC-PL7/zynq_fsbl/zynq_fsbl_bsp/system.mss
TRACE::2026-03-06.19:29:09::SCWMssOS::DEBUG:  swdes dump  E:/Git-Repos/CNC-FPGA/Vitis3/CNC-PL6/ps7_cortexa9_0/standalone_domain/bsp/system.mss|system_0||
E:/Git-Repos/CNC-FPGA/Vitis3/CNC-PL6/zynq_fsbl/zynq_fsbl_bsp/system.mss|system||
E:/Git-Repos/CNC-FPGA/Vitis3/CNC-PL7/zynq_fsbl/zynq_fsbl_bsp/system.mss|system_1||

TRACE::2026-03-06.19:29:09::SCWMssOS::Sw design exists and opened at  E:/Git-Repos/CNC-FPGA/Vitis3/CNC-PL7/zynq_fsbl/zynq_fsbl_bsp/system.mss
TRACE::2026-03-06.19:29:09::SCWMssOS:: library already available in sw design:  xilrsa:1.8
TRACE::2026-03-06.19:29:09::SCWMssOS::Saving the mss changes E:/Git-Repos/CNC-FPGA/Vitis3/CNC-PL7/zynq_fsbl/zynq_fsbl_bsp/system.mss
TRACE::2026-03-06.19:29:09::SCWMssOS::Found a swdesign opened with the mssfile.
TRACE::2026-03-06.19:29:09::SCWMssOS::Completed writemss as part of save.
TRACE::2026-03-06.19:29:09::SCWMssOS::Commit changes completed.
TRACE::2026-03-06.19:29:09::SCWReader::Adding prebuilt librarypaths as   
TRACE::2026-03-06.19:29:09::SCWReader::Adding prebuilt incpaths  as   
TRACE::2026-03-06.19:29:09::SCWPlatform::Trying to open the hw design at E:/Git-Repos/CNC-FPGA/Vitis3/CNC-PL7/hw/CNC_Top_wrapper.xsa
TRACE::2026-03-06.19:29:09::SCWPlatform::DSA given E:/Git-Repos/CNC-FPGA/Vitis3/CNC-PL7/hw/CNC_Top_wrapper.xsa
TRACE::2026-03-06.19:29:09::SCWPlatform::DSA absoulate path E:/Git-Repos/CNC-FPGA/Vitis3/CNC-PL7/hw/CNC_Top_wrapper.xsa
TRACE::2026-03-06.19:29:09::SCWPlatform::DSA directory E:/Git-Repos/CNC-FPGA/Vitis3/CNC-PL7/hw
TRACE::2026-03-06.19:29:09::SCWPlatform:: Platform Path E:/Git-Repos/CNC-FPGA/Vitis3/CNC-PL7/hw/CNC_Top_wrapper.xsa
TRACE::2026-03-06.19:29:09::SCWPlatform:: Unique name xilinx:zedboard::0.0
TRACE::2026-03-06.19:29:09::SCWPlatform::Trying to set the existing hwdb with name CNC_Top_wrapper_23
TRACE::2026-03-06.19:29:09::SCWPlatform::Opened existing hwdb CNC_Top_wrapper_23
TRACE::2026-03-06.19:29:09::SCWPlatform::Found the Hw Db part of the input DSA
TRACE::2026-03-06.19:29:09::SCWMssOS::Checking the sw design at  E:/Git-Repos/CNC-FPGA/Vitis3/CNC-PL7/zynq_fsbl/zynq_fsbl_bsp/system.mss
TRACE::2026-03-06.19:29:09::SCWMssOS::DEBUG:  swdes dump  E:/Git-Repos/CNC-FPGA/Vitis3/CNC-PL6/ps7_cortexa9_0/standalone_domain/bsp/system.mss|system_0||
E:/Git-Repos/CNC-FPGA/Vitis3/CNC-PL6/zynq_fsbl/zynq_fsbl_bsp/system.mss|system||
E:/Git-Repos/CNC-FPGA/Vitis3/CNC-PL7/zynq_fsbl/zynq_fsbl_bsp/system.mss|system_1||

TRACE::2026-03-06.19:29:09::SCWMssOS::Sw design exists and opened at  E:/Git-Repos/CNC-FPGA/Vitis3/CNC-PL7/zynq_fsbl/zynq_fsbl_bsp/system.mss
TRACE::2026-03-06.19:29:09::SCWReader::No isolation master present  
TRACE::2026-03-06.19:29:09::SCWDomain::checking for install qemu data   : 
TRACE::2026-03-06.19:29:09::SCWDomain:: Using the QEMU Data from install at  : C:/Xilinx/Vitis/2024.2/data/emulation/platforms/zynq/sw/a9_standalone/qemu/
TRACE::2026-03-06.19:29:09::SCWDomain:: Using the QEMU args  from install at  : C:/Xilinx/Vitis/2024.2/data/emulation/platforms/zynq/sw/a9_standalone/qemu/qemu_args.txt
TRACE::2026-03-06.19:29:09::SCWPlatform::Trying to open the hw design at E:/Git-Repos/CNC-FPGA/Vitis3/CNC-PL7/hw/CNC_Top_wrapper.xsa
TRACE::2026-03-06.19:29:09::SCWPlatform::DSA given E:/Git-Repos/CNC-FPGA/Vitis3/CNC-PL7/hw/CNC_Top_wrapper.xsa
TRACE::2026-03-06.19:29:09::SCWPlatform::DSA absoulate path E:/Git-Repos/CNC-FPGA/Vitis3/CNC-PL7/hw/CNC_Top_wrapper.xsa
TRACE::2026-03-06.19:29:09::SCWPlatform::DSA directory E:/Git-Repos/CNC-FPGA/Vitis3/CNC-PL7/hw
TRACE::2026-03-06.19:29:09::SCWPlatform:: Platform Path E:/Git-Repos/CNC-FPGA/Vitis3/CNC-PL7/hw/CNC_Top_wrapper.xsa
TRACE::2026-03-06.19:29:09::SCWPlatform:: Unique name xilinx:zedboard::0.0
TRACE::2026-03-06.19:29:09::SCWPlatform::Trying to set the existing hwdb with name CNC_Top_wrapper_23
TRACE::2026-03-06.19:29:09::SCWPlatform::Opened existing hwdb CNC_Top_wrapper_23
TRACE::2026-03-06.19:29:09::SCWPlatform::Found the Hw Db part of the input DSA
TRACE::2026-03-06.19:29:09::SCWPlatform::Trying to open the hw design at E:/Git-Repos/CNC-FPGA/Vitis3/CNC-PL7/hw/CNC_Top_wrapper.xsa
TRACE::2026-03-06.19:29:09::SCWPlatform::DSA given E:/Git-Repos/CNC-FPGA/Vitis3/CNC-PL7/hw/CNC_Top_wrapper.xsa
TRACE::2026-03-06.19:29:09::SCWPlatform::DSA absoulate path E:/Git-Repos/CNC-FPGA/Vitis3/CNC-PL7/hw/CNC_Top_wrapper.xsa
TRACE::2026-03-06.19:29:09::SCWPlatform::DSA directory E:/Git-Repos/CNC-FPGA/Vitis3/CNC-PL7/hw
TRACE::2026-03-06.19:29:09::SCWPlatform:: Platform Path E:/Git-Repos/CNC-FPGA/Vitis3/CNC-PL7/hw/CNC_Top_wrapper.xsa
TRACE::2026-03-06.19:29:09::SCWPlatform:: Unique name xilinx:zedboard::0.0
TRACE::2026-03-06.19:29:09::SCWPlatform::Trying to set the existing hwdb with name CNC_Top_wrapper_23
TRACE::2026-03-06.19:29:09::SCWPlatform::Opened existing hwdb CNC_Top_wrapper_23
TRACE::2026-03-06.19:29:09::SCWPlatform::Found the Hw Db part of the input DSA
TRACE::2026-03-06.19:29:09::SCWPlatform::Trying to open the hw design at E:/Git-Repos/CNC-FPGA/Vitis3/CNC-PL7/hw/CNC_Top_wrapper.xsa
TRACE::2026-03-06.19:29:09::SCWPlatform::DSA given E:/Git-Repos/CNC-FPGA/Vitis3/CNC-PL7/hw/CNC_Top_wrapper.xsa
TRACE::2026-03-06.19:29:09::SCWPlatform::DSA absoulate path E:/Git-Repos/CNC-FPGA/Vitis3/CNC-PL7/hw/CNC_Top_wrapper.xsa
TRACE::2026-03-06.19:29:09::SCWPlatform::DSA directory E:/Git-Repos/CNC-FPGA/Vitis3/CNC-PL7/hw
TRACE::2026-03-06.19:29:09::SCWPlatform:: Platform Path E:/Git-Repos/CNC-FPGA/Vitis3/CNC-PL7/hw/CNC_Top_wrapper.xsa
TRACE::2026-03-06.19:29:09::SCWPlatform:: Unique name xilinx:zedboard::0.0
TRACE::2026-03-06.19:29:09::SCWPlatform::Trying to set the existing hwdb with name CNC_Top_wrapper_23
TRACE::2026-03-06.19:29:09::SCWPlatform::Opened existing hwdb CNC_Top_wrapper_23
TRACE::2026-03-06.19:29:09::SCWPlatform::Found the Hw Db part of the input DSA
TRACE::2026-03-06.19:29:09::SCWMssOS::Checking the sw design at  E:/Git-Repos/CNC-FPGA/Vitis3/CNC-PL7/ps7_cortexa9_0/standalone_domain/bsp/system.mss
TRACE::2026-03-06.19:29:09::SCWMssOS::DEBUG:  swdes dump  E:/Git-Repos/CNC-FPGA/Vitis3/CNC-PL6/ps7_cortexa9_0/standalone_domain/bsp/system.mss|system_0||
E:/Git-Repos/CNC-FPGA/Vitis3/CNC-PL6/zynq_fsbl/zynq_fsbl_bsp/system.mss|system||
E:/Git-Repos/CNC-FPGA/Vitis3/CNC-PL7/zynq_fsbl/zynq_fsbl_bsp/system.mss|system_1||

TRACE::2026-03-06.19:29:09::SCWMssOS::No sw design opened at  E:/Git-Repos/CNC-FPGA/Vitis3/CNC-PL7/ps7_cortexa9_0/standalone_domain/bsp/system.mss
TRACE::2026-03-06.19:29:09::SCWMssOS::mss exists loading the mss file  E:/Git-Repos/CNC-FPGA/Vitis3/CNC-PL7/ps7_cortexa9_0/standalone_domain/bsp/system.mss
TRACE::2026-03-06.19:29:09::SCWMssOS::Opened the sw design from mss  E:/Git-Repos/CNC-FPGA/Vitis3/CNC-PL7/ps7_cortexa9_0/standalone_domain/bsp/system.mss
TRACE::2026-03-06.19:29:09::SCWMssOS::Adding the swdes entry E:/Git-Repos/CNC-FPGA/Vitis3/CNC-PL7/ps7_cortexa9_0/standalone_domain/bsp/system.mss with des name system_2
TRACE::2026-03-06.19:29:09::SCWMssOS::updating the scw layer about changes
TRACE::2026-03-06.19:29:09::SCWMssOS::Opened the sw design.  E:/Git-Repos/CNC-FPGA/Vitis3/CNC-PL7/ps7_cortexa9_0/standalone_domain/bsp/system.mss
TRACE::2026-03-06.19:29:09::SCWMssOS::Saving the mss changes E:/Git-Repos/CNC-FPGA/Vitis3/CNC-PL7/ps7_cortexa9_0/standalone_domain/bsp/system.mss
TRACE::2026-03-06.19:29:09::SCWMssOS::Found a swdesign opened with the mssfile.
TRACE::2026-03-06.19:29:09::SCWMssOS::Completed writemss as part of save.
TRACE::2026-03-06.19:29:09::SCWMssOS::Commit changes completed.
TRACE::2026-03-06.19:29:09::SCWReader::Adding prebuilt librarypaths as   
TRACE::2026-03-06.19:29:09::SCWReader::Adding prebuilt incpaths  as   
TRACE::2026-03-06.19:29:09::SCWPlatform::Trying to open the hw design at E:/Git-Repos/CNC-FPGA/Vitis3/CNC-PL7/hw/CNC_Top_wrapper.xsa
TRACE::2026-03-06.19:29:09::SCWPlatform::DSA given E:/Git-Repos/CNC-FPGA/Vitis3/CNC-PL7/hw/CNC_Top_wrapper.xsa
TRACE::2026-03-06.19:29:09::SCWPlatform::DSA absoulate path E:/Git-Repos/CNC-FPGA/Vitis3/CNC-PL7/hw/CNC_Top_wrapper.xsa
TRACE::2026-03-06.19:29:09::SCWPlatform::DSA directory E:/Git-Repos/CNC-FPGA/Vitis3/CNC-PL7/hw
TRACE::2026-03-06.19:29:09::SCWPlatform:: Platform Path E:/Git-Repos/CNC-FPGA/Vitis3/CNC-PL7/hw/CNC_Top_wrapper.xsa
TRACE::2026-03-06.19:29:09::SCWPlatform:: Unique name xilinx:zedboard::0.0
TRACE::2026-03-06.19:29:09::SCWPlatform::Trying to set the existing hwdb with name CNC_Top_wrapper_23
TRACE::2026-03-06.19:29:09::SCWPlatform::Opened existing hwdb CNC_Top_wrapper_23
TRACE::2026-03-06.19:29:09::SCWPlatform::Found the Hw Db part of the input DSA
TRACE::2026-03-06.19:29:09::SCWMssOS::Checking the sw design at  E:/Git-Repos/CNC-FPGA/Vitis3/CNC-PL7/ps7_cortexa9_0/standalone_domain/bsp/system.mss
TRACE::2026-03-06.19:29:09::SCWMssOS::DEBUG:  swdes dump  E:/Git-Repos/CNC-FPGA/Vitis3/CNC-PL6/ps7_cortexa9_0/standalone_domain/bsp/system.mss|system_0||
E:/Git-Repos/CNC-FPGA/Vitis3/CNC-PL6/zynq_fsbl/zynq_fsbl_bsp/system.mss|system||
E:/Git-Repos/CNC-FPGA/Vitis3/CNC-PL7/ps7_cortexa9_0/standalone_domain/bsp/system.mss|system_2||
E:/Git-Repos/CNC-FPGA/Vitis3/CNC-PL7/zynq_fsbl/zynq_fsbl_bsp/system.mss|system_1||

TRACE::2026-03-06.19:29:09::SCWMssOS::Sw design exists and opened at  E:/Git-Repos/CNC-FPGA/Vitis3/CNC-PL7/ps7_cortexa9_0/standalone_domain/bsp/system.mss
TRACE::2026-03-06.19:29:09::SCWReader::No isolation master present  
TRACE::2026-03-06.19:29:44::SCWPlatform::Trying to open the hw design at E:/Git-Repos/CNC-FPGA/Vitis3/CNC-PL7/hw/CNC_Top_wrapper.xsa
TRACE::2026-03-06.19:29:44::SCWPlatform::DSA given E:/Git-Repos/CNC-FPGA/Vitis3/CNC-PL7/hw/CNC_Top_wrapper.xsa
TRACE::2026-03-06.19:29:44::SCWPlatform::DSA absoulate path E:/Git-Repos/CNC-FPGA/Vitis3/CNC-PL7/hw/CNC_Top_wrapper.xsa
TRACE::2026-03-06.19:29:44::SCWPlatform::DSA directory E:/Git-Repos/CNC-FPGA/Vitis3/CNC-PL7/hw
TRACE::2026-03-06.19:29:44::SCWPlatform:: Platform Path E:/Git-Repos/CNC-FPGA/Vitis3/CNC-PL7/hw/CNC_Top_wrapper.xsa
TRACE::2026-03-06.19:29:44::SCWPlatform:: Unique name xilinx:zedboard::0.0
TRACE::2026-03-06.19:29:44::SCWPlatform::Trying to set the existing hwdb with name CNC_Top_wrapper_23
TRACE::2026-03-06.19:29:44::SCWPlatform::Opened existing hwdb CNC_Top_wrapper_23
TRACE::2026-03-06.19:29:44::SCWPlatform::Found the Hw Db part of the input DSA
TRACE::2026-03-06.19:29:44::SCWMssOS::Checking the sw design at  E:/Git-Repos/CNC-FPGA/Vitis3/CNC-PL7/zynq_fsbl/zynq_fsbl_bsp/system.mss
TRACE::2026-03-06.19:29:44::SCWMssOS::DEBUG:  swdes dump  E:/Git-Repos/CNC-FPGA/Vitis3/CNC-PL6/ps7_cortexa9_0/standalone_domain/bsp/system.mss|system_0||
E:/Git-Repos/CNC-FPGA/Vitis3/CNC-PL6/zynq_fsbl/zynq_fsbl_bsp/system.mss|system||
E:/Git-Repos/CNC-FPGA/Vitis3/CNC-PL7/ps7_cortexa9_0/standalone_domain/bsp/system.mss|system_2||
E:/Git-Repos/CNC-FPGA/Vitis3/CNC-PL7/zynq_fsbl/zynq_fsbl_bsp/system.mss|system_1||

TRACE::2026-03-06.19:29:44::SCWMssOS::Sw design exists and opened at  E:/Git-Repos/CNC-FPGA/Vitis3/CNC-PL7/zynq_fsbl/zynq_fsbl_bsp/system.mss
TRACE::2026-03-06.19:29:44::SCWMssOS::In reload Mss file.
TRACE::2026-03-06.19:29:44::SCWPlatform::Trying to open the hw design at E:/Git-Repos/CNC-FPGA/Vitis3/CNC-PL7/hw/CNC_Top_wrapper.xsa
TRACE::2026-03-06.19:29:44::SCWPlatform::DSA given E:/Git-Repos/CNC-FPGA/Vitis3/CNC-PL7/hw/CNC_Top_wrapper.xsa
TRACE::2026-03-06.19:29:44::SCWPlatform::DSA absoulate path E:/Git-Repos/CNC-FPGA/Vitis3/CNC-PL7/hw/CNC_Top_wrapper.xsa
TRACE::2026-03-06.19:29:44::SCWPlatform::DSA directory E:/Git-Repos/CNC-FPGA/Vitis3/CNC-PL7/hw
TRACE::2026-03-06.19:29:44::SCWPlatform:: Platform Path E:/Git-Repos/CNC-FPGA/Vitis3/CNC-PL7/hw/CNC_Top_wrapper.xsa
TRACE::2026-03-06.19:29:44::SCWPlatform:: Unique name xilinx:zedboard::0.0
TRACE::2026-03-06.19:29:44::SCWPlatform::Trying to set the existing hwdb with name CNC_Top_wrapper_23
TRACE::2026-03-06.19:29:44::SCWPlatform::Opened existing hwdb CNC_Top_wrapper_23
TRACE::2026-03-06.19:29:44::SCWPlatform::Found the Hw Db part of the input DSA
TRACE::2026-03-06.19:29:44::SCWMssOS::Checking the sw design at  E:/Git-Repos/CNC-FPGA/Vitis3/CNC-PL7/zynq_fsbl/zynq_fsbl_bsp/system.mss
TRACE::2026-03-06.19:29:44::SCWMssOS::DEBUG:  swdes dump  E:/Git-Repos/CNC-FPGA/Vitis3/CNC-PL6/ps7_cortexa9_0/standalone_domain/bsp/system.mss|system_0||
E:/Git-Repos/CNC-FPGA/Vitis3/CNC-PL6/zynq_fsbl/zynq_fsbl_bsp/system.mss|system||
E:/Git-Repos/CNC-FPGA/Vitis3/CNC-PL7/ps7_cortexa9_0/standalone_domain/bsp/system.mss|system_2||

TRACE::2026-03-06.19:29:44::SCWMssOS::No sw design opened at  E:/Git-Repos/CNC-FPGA/Vitis3/CNC-PL7/zynq_fsbl/zynq_fsbl_bsp/system.mss
TRACE::2026-03-06.19:29:44::SCWMssOS::mss exists loading the mss file  E:/Git-Repos/CNC-FPGA/Vitis3/CNC-PL7/zynq_fsbl/zynq_fsbl_bsp/system.mss
TRACE::2026-03-06.19:29:44::SCWMssOS::Opened the sw design from mss  E:/Git-Repos/CNC-FPGA/Vitis3/CNC-PL7/zynq_fsbl/zynq_fsbl_bsp/system.mss
TRACE::2026-03-06.19:29:44::SCWMssOS::Adding the swdes entry E:/Git-Repos/CNC-FPGA/Vitis3/CNC-PL7/zynq_fsbl/zynq_fsbl_bsp/system.mss with des name system_1
TRACE::2026-03-06.19:29:44::SCWMssOS::updating the scw layer about changes
TRACE::2026-03-06.19:29:44::SCWMssOS::Opened the sw design.  E:/Git-Repos/CNC-FPGA/Vitis3/CNC-PL7/zynq_fsbl/zynq_fsbl_bsp/system.mss
TRACE::2026-03-06.19:29:44::SCWPlatform::Trying to open the hw design at E:/Git-Repos/CNC-FPGA/Vitis3/CNC-PL7/hw/CNC_Top_wrapper.xsa
TRACE::2026-03-06.19:29:44::SCWPlatform::DSA given E:/Git-Repos/CNC-FPGA/Vitis3/CNC-PL7/hw/CNC_Top_wrapper.xsa
TRACE::2026-03-06.19:29:44::SCWPlatform::DSA absoulate path E:/Git-Repos/CNC-FPGA/Vitis3/CNC-PL7/hw/CNC_Top_wrapper.xsa
TRACE::2026-03-06.19:29:44::SCWPlatform::DSA directory E:/Git-Repos/CNC-FPGA/Vitis3/CNC-PL7/hw
TRACE::2026-03-06.19:29:44::SCWPlatform:: Platform Path E:/Git-Repos/CNC-FPGA/Vitis3/CNC-PL7/hw/CNC_Top_wrapper.xsa
TRACE::2026-03-06.19:29:44::SCWPlatform:: Unique name xilinx:zedboard::0.0
TRACE::2026-03-06.19:29:44::SCWPlatform::Trying to set the existing hwdb with name CNC_Top_wrapper_23
TRACE::2026-03-06.19:29:44::SCWPlatform::Opened existing hwdb CNC_Top_wrapper_23
TRACE::2026-03-06.19:29:44::SCWPlatform::Found the Hw Db part of the input DSA
TRACE::2026-03-06.19:29:44::SCWMssOS::Checking the sw design at  E:/Git-Repos/CNC-FPGA/Vitis3/CNC-PL7/zynq_fsbl/zynq_fsbl_bsp/system.mss
TRACE::2026-03-06.19:29:44::SCWMssOS::DEBUG:  swdes dump  E:/Git-Repos/CNC-FPGA/Vitis3/CNC-PL6/ps7_cortexa9_0/standalone_domain/bsp/system.mss|system_0||
E:/Git-Repos/CNC-FPGA/Vitis3/CNC-PL6/zynq_fsbl/zynq_fsbl_bsp/system.mss|system||
E:/Git-Repos/CNC-FPGA/Vitis3/CNC-PL7/ps7_cortexa9_0/standalone_domain/bsp/system.mss|system_2||
E:/Git-Repos/CNC-FPGA/Vitis3/CNC-PL7/zynq_fsbl/zynq_fsbl_bsp/system.mss|system_1||

TRACE::2026-03-06.19:29:44::SCWMssOS::Sw design exists and opened at  E:/Git-Repos/CNC-FPGA/Vitis3/CNC-PL7/zynq_fsbl/zynq_fsbl_bsp/system.mss
TRACE::2026-03-06.19:29:44::SCWMssOS:: library already available in sw design:  xilffs:5.3
TRACE::2026-03-06.19:29:44::SCWPlatform::Trying to open the hw design at E:/Git-Repos/CNC-FPGA/Vitis3/CNC-PL7/hw/CNC_Top_wrapper.xsa
TRACE::2026-03-06.19:29:44::SCWPlatform::DSA given E:/Git-Repos/CNC-FPGA/Vitis3/CNC-PL7/hw/CNC_Top_wrapper.xsa
TRACE::2026-03-06.19:29:44::SCWPlatform::DSA absoulate path E:/Git-Repos/CNC-FPGA/Vitis3/CNC-PL7/hw/CNC_Top_wrapper.xsa
TRACE::2026-03-06.19:29:44::SCWPlatform::DSA directory E:/Git-Repos/CNC-FPGA/Vitis3/CNC-PL7/hw
TRACE::2026-03-06.19:29:44::SCWPlatform:: Platform Path E:/Git-Repos/CNC-FPGA/Vitis3/CNC-PL7/hw/CNC_Top_wrapper.xsa
TRACE::2026-03-06.19:29:44::SCWPlatform:: Unique name xilinx:zedboard::0.0
TRACE::2026-03-06.19:29:44::SCWPlatform::Trying to set the existing hwdb with name CNC_Top_wrapper_23
TRACE::2026-03-06.19:29:44::SCWPlatform::Opened existing hwdb CNC_Top_wrapper_23
TRACE::2026-03-06.19:29:44::SCWPlatform::Found the Hw Db part of the input DSA
TRACE::2026-03-06.19:29:44::SCWMssOS::Checking the sw design at  E:/Git-Repos/CNC-FPGA/Vitis3/CNC-PL7/zynq_fsbl/zynq_fsbl_bsp/system.mss
TRACE::2026-03-06.19:29:44::SCWMssOS::DEBUG:  swdes dump  E:/Git-Repos/CNC-FPGA/Vitis3/CNC-PL6/ps7_cortexa9_0/standalone_domain/bsp/system.mss|system_0||
E:/Git-Repos/CNC-FPGA/Vitis3/CNC-PL6/zynq_fsbl/zynq_fsbl_bsp/system.mss|system||
E:/Git-Repos/CNC-FPGA/Vitis3/CNC-PL7/ps7_cortexa9_0/standalone_domain/bsp/system.mss|system_2||
E:/Git-Repos/CNC-FPGA/Vitis3/CNC-PL7/zynq_fsbl/zynq_fsbl_bsp/system.mss|system_1||

TRACE::2026-03-06.19:29:44::SCWMssOS::Sw design exists and opened at  E:/Git-Repos/CNC-FPGA/Vitis3/CNC-PL7/zynq_fsbl/zynq_fsbl_bsp/system.mss
TRACE::2026-03-06.19:29:44::SCWMssOS:: library already available in sw design:  xilrsa:1.8
TRACE::2026-03-06.19:29:44::SCWMssOS::Saving the mss changes E:/Git-Repos/CNC-FPGA/Vitis3/CNC-PL7/zynq_fsbl/zynq_fsbl_bsp/system.mss
TRACE::2026-03-06.19:29:44::SCWMssOS::Found a swdesign opened with the mssfile.
TRACE::2026-03-06.19:29:44::SCWMssOS::Completed writemss as part of save.
TRACE::2026-03-06.19:29:44::SCWMssOS::Commit changes completed.
TRACE::2026-03-06.19:29:44::SCWPlatform::Trying to open the hw design at E:/Git-Repos/CNC-FPGA/Vitis3/CNC-PL7/hw/CNC_Top_wrapper.xsa
TRACE::2026-03-06.19:29:44::SCWPlatform::DSA given E:/Git-Repos/CNC-FPGA/Vitis3/CNC-PL7/hw/CNC_Top_wrapper.xsa
TRACE::2026-03-06.19:29:44::SCWPlatform::DSA absoulate path E:/Git-Repos/CNC-FPGA/Vitis3/CNC-PL7/hw/CNC_Top_wrapper.xsa
TRACE::2026-03-06.19:29:44::SCWPlatform::DSA directory E:/Git-Repos/CNC-FPGA/Vitis3/CNC-PL7/hw
TRACE::2026-03-06.19:29:44::SCWPlatform:: Platform Path E:/Git-Repos/CNC-FPGA/Vitis3/CNC-PL7/hw/CNC_Top_wrapper.xsa
TRACE::2026-03-06.19:29:44::SCWPlatform:: Unique name xilinx:zedboard::0.0
TRACE::2026-03-06.19:29:44::SCWPlatform::Trying to set the existing hwdb with name CNC_Top_wrapper_23
TRACE::2026-03-06.19:29:44::SCWPlatform::Opened existing hwdb CNC_Top_wrapper_23
TRACE::2026-03-06.19:29:44::SCWPlatform::Found the Hw Db part of the input DSA
TRACE::2026-03-06.19:29:44::SCWMssOS::Checking the sw design at  E:/Git-Repos/CNC-FPGA/Vitis3/CNC-PL7/zynq_fsbl/zynq_fsbl_bsp/system.mss
TRACE::2026-03-06.19:29:44::SCWMssOS::DEBUG:  swdes dump  E:/Git-Repos/CNC-FPGA/Vitis3/CNC-PL6/ps7_cortexa9_0/standalone_domain/bsp/system.mss|system_0||
E:/Git-Repos/CNC-FPGA/Vitis3/CNC-PL6/zynq_fsbl/zynq_fsbl_bsp/system.mss|system||
E:/Git-Repos/CNC-FPGA/Vitis3/CNC-PL7/ps7_cortexa9_0/standalone_domain/bsp/system.mss|system_2||
E:/Git-Repos/CNC-FPGA/Vitis3/CNC-PL7/zynq_fsbl/zynq_fsbl_bsp/system.mss|system_1||

TRACE::2026-03-06.19:29:44::SCWMssOS::Sw design exists and opened at  E:/Git-Repos/CNC-FPGA/Vitis3/CNC-PL7/zynq_fsbl/zynq_fsbl_bsp/system.mss
TRACE::2026-03-06.19:29:44::SCWMssOS::Removing the swdes entry for  E:/Git-Repos/CNC-FPGA/Vitis3/CNC-PL7/zynq_fsbl/zynq_fsbl_bsp/system.mss
TRACE::2026-03-06.19:29:45::SCWPlatform::Trying to open the hw design at E:/Git-Repos/CNC-FPGA/Vitis3/CNC-PL7/hw/CNC_Top_wrapper.xsa
TRACE::2026-03-06.19:29:45::SCWPlatform::DSA given E:/Git-Repos/CNC-FPGA/Vitis3/CNC-PL7/hw/CNC_Top_wrapper.xsa
TRACE::2026-03-06.19:29:45::SCWPlatform::DSA absoulate path E:/Git-Repos/CNC-FPGA/Vitis3/CNC-PL7/hw/CNC_Top_wrapper.xsa
TRACE::2026-03-06.19:29:45::SCWPlatform::DSA directory E:/Git-Repos/CNC-FPGA/Vitis3/CNC-PL7/hw
TRACE::2026-03-06.19:29:45::SCWPlatform:: Platform Path E:/Git-Repos/CNC-FPGA/Vitis3/CNC-PL7/hw/CNC_Top_wrapper.xsa
TRACE::2026-03-06.19:29:45::SCWPlatform:: Unique name xilinx:zedboard::0.0
TRACE::2026-03-06.19:29:45::SCWPlatform::Trying to set the existing hwdb with name CNC_Top_wrapper_23
TRACE::2026-03-06.19:29:45::SCWPlatform::Opened existing hwdb CNC_Top_wrapper_23
TRACE::2026-03-06.19:29:45::SCWPlatform::Found the Hw Db part of the input DSA
TRACE::2026-03-06.19:29:45::SCWMssOS::Checking the sw design at  E:/Git-Repos/CNC-FPGA/Vitis3/CNC-PL7/ps7_cortexa9_0/standalone_domain/bsp/system.mss
TRACE::2026-03-06.19:29:45::SCWMssOS::DEBUG:  swdes dump  E:/Git-Repos/CNC-FPGA/Vitis3/CNC-PL6/ps7_cortexa9_0/standalone_domain/bsp/system.mss|system_0||
E:/Git-Repos/CNC-FPGA/Vitis3/CNC-PL6/zynq_fsbl/zynq_fsbl_bsp/system.mss|system||
E:/Git-Repos/CNC-FPGA/Vitis3/CNC-PL7/ps7_cortexa9_0/standalone_domain/bsp/system.mss|system_2||

TRACE::2026-03-06.19:29:45::SCWMssOS::Sw design exists and opened at  E:/Git-Repos/CNC-FPGA/Vitis3/CNC-PL7/ps7_cortexa9_0/standalone_domain/bsp/system.mss
TRACE::2026-03-06.19:29:45::SCWMssOS::In reload Mss file.
TRACE::2026-03-06.19:29:45::SCWPlatform::Trying to open the hw design at E:/Git-Repos/CNC-FPGA/Vitis3/CNC-PL7/hw/CNC_Top_wrapper.xsa
TRACE::2026-03-06.19:29:45::SCWPlatform::DSA given E:/Git-Repos/CNC-FPGA/Vitis3/CNC-PL7/hw/CNC_Top_wrapper.xsa
TRACE::2026-03-06.19:29:45::SCWPlatform::DSA absoulate path E:/Git-Repos/CNC-FPGA/Vitis3/CNC-PL7/hw/CNC_Top_wrapper.xsa
TRACE::2026-03-06.19:29:45::SCWPlatform::DSA directory E:/Git-Repos/CNC-FPGA/Vitis3/CNC-PL7/hw
TRACE::2026-03-06.19:29:45::SCWPlatform:: Platform Path E:/Git-Repos/CNC-FPGA/Vitis3/CNC-PL7/hw/CNC_Top_wrapper.xsa
TRACE::2026-03-06.19:29:45::SCWPlatform:: Unique name xilinx:zedboard::0.0
TRACE::2026-03-06.19:29:45::SCWPlatform::Trying to set the existing hwdb with name CNC_Top_wrapper_23
TRACE::2026-03-06.19:29:45::SCWPlatform::Opened existing hwdb CNC_Top_wrapper_23
TRACE::2026-03-06.19:29:45::SCWPlatform::Found the Hw Db part of the input DSA
TRACE::2026-03-06.19:29:45::SCWMssOS::Checking the sw design at  E:/Git-Repos/CNC-FPGA/Vitis3/CNC-PL7/ps7_cortexa9_0/standalone_domain/bsp/system.mss
TRACE::2026-03-06.19:29:45::SCWMssOS::DEBUG:  swdes dump  E:/Git-Repos/CNC-FPGA/Vitis3/CNC-PL6/ps7_cortexa9_0/standalone_domain/bsp/system.mss|system_0||
E:/Git-Repos/CNC-FPGA/Vitis3/CNC-PL6/zynq_fsbl/zynq_fsbl_bsp/system.mss|system||

TRACE::2026-03-06.19:29:45::SCWMssOS::No sw design opened at  E:/Git-Repos/CNC-FPGA/Vitis3/CNC-PL7/ps7_cortexa9_0/standalone_domain/bsp/system.mss
TRACE::2026-03-06.19:29:45::SCWMssOS::mss exists loading the mss file  E:/Git-Repos/CNC-FPGA/Vitis3/CNC-PL7/ps7_cortexa9_0/standalone_domain/bsp/system.mss
TRACE::2026-03-06.19:29:45::SCWMssOS::Opened the sw design from mss  E:/Git-Repos/CNC-FPGA/Vitis3/CNC-PL7/ps7_cortexa9_0/standalone_domain/bsp/system.mss
TRACE::2026-03-06.19:29:45::SCWMssOS::Adding the swdes entry E:/Git-Repos/CNC-FPGA/Vitis3/CNC-PL7/ps7_cortexa9_0/standalone_domain/bsp/system.mss with des name system_1
TRACE::2026-03-06.19:29:45::SCWMssOS::updating the scw layer about changes
TRACE::2026-03-06.19:29:45::SCWMssOS::Opened the sw design.  E:/Git-Repos/CNC-FPGA/Vitis3/CNC-PL7/ps7_cortexa9_0/standalone_domain/bsp/system.mss
TRACE::2026-03-06.19:29:45::SCWMssOS::Saving the mss changes E:/Git-Repos/CNC-FPGA/Vitis3/CNC-PL7/ps7_cortexa9_0/standalone_domain/bsp/system.mss
TRACE::2026-03-06.19:29:45::SCWMssOS::Found a swdesign opened with the mssfile.
TRACE::2026-03-06.19:29:45::SCWMssOS::Completed writemss as part of save.
TRACE::2026-03-06.19:29:45::SCWMssOS::Commit changes completed.
TRACE::2026-03-06.19:29:45::SCWPlatform::Trying to open the hw design at E:/Git-Repos/CNC-FPGA/Vitis3/CNC-PL7/hw/CNC_Top_wrapper.xsa
TRACE::2026-03-06.19:29:45::SCWPlatform::DSA given E:/Git-Repos/CNC-FPGA/Vitis3/CNC-PL7/hw/CNC_Top_wrapper.xsa
TRACE::2026-03-06.19:29:45::SCWPlatform::DSA absoulate path E:/Git-Repos/CNC-FPGA/Vitis3/CNC-PL7/hw/CNC_Top_wrapper.xsa
TRACE::2026-03-06.19:29:45::SCWPlatform::DSA directory E:/Git-Repos/CNC-FPGA/Vitis3/CNC-PL7/hw
TRACE::2026-03-06.19:29:45::SCWPlatform:: Platform Path E:/Git-Repos/CNC-FPGA/Vitis3/CNC-PL7/hw/CNC_Top_wrapper.xsa
TRACE::2026-03-06.19:29:45::SCWPlatform:: Unique name xilinx:zedboard::0.0
TRACE::2026-03-06.19:29:45::SCWPlatform::Trying to set the existing hwdb with name CNC_Top_wrapper_23
TRACE::2026-03-06.19:29:45::SCWPlatform::Opened existing hwdb CNC_Top_wrapper_23
TRACE::2026-03-06.19:29:45::SCWPlatform::Found the Hw Db part of the input DSA
TRACE::2026-03-06.19:29:45::SCWMssOS::Checking the sw design at  E:/Git-Repos/CNC-FPGA/Vitis3/CNC-PL7/ps7_cortexa9_0/standalone_domain/bsp/system.mss
TRACE::2026-03-06.19:29:45::SCWMssOS::DEBUG:  swdes dump  E:/Git-Repos/CNC-FPGA/Vitis3/CNC-PL6/ps7_cortexa9_0/standalone_domain/bsp/system.mss|system_0||
E:/Git-Repos/CNC-FPGA/Vitis3/CNC-PL6/zynq_fsbl/zynq_fsbl_bsp/system.mss|system||
E:/Git-Repos/CNC-FPGA/Vitis3/CNC-PL7/ps7_cortexa9_0/standalone_domain/bsp/system.mss|system_1||

TRACE::2026-03-06.19:29:45::SCWMssOS::Sw design exists and opened at  E:/Git-Repos/CNC-FPGA/Vitis3/CNC-PL7/ps7_cortexa9_0/standalone_domain/bsp/system.mss
TRACE::2026-03-06.19:29:45::SCWMssOS::Removing the swdes entry for  E:/Git-Repos/CNC-FPGA/Vitis3/CNC-PL7/ps7_cortexa9_0/standalone_domain/bsp/system.mss
TRACE::2026-03-06.19:29:57::SCWPlatform::Trying to open the hw design at E:/Git-Repos/CNC-FPGA/Vitis3/CNC-PL7/hw/CNC_Top_wrapper.xsa
TRACE::2026-03-06.19:29:57::SCWPlatform::DSA given E:/Git-Repos/CNC-FPGA/Vitis3/CNC-PL7/hw/CNC_Top_wrapper.xsa
TRACE::2026-03-06.19:29:57::SCWPlatform::DSA absoulate path E:/Git-Repos/CNC-FPGA/Vitis3/CNC-PL7/hw/CNC_Top_wrapper.xsa
TRACE::2026-03-06.19:29:57::SCWPlatform::DSA directory E:/Git-Repos/CNC-FPGA/Vitis3/CNC-PL7/hw
TRACE::2026-03-06.19:29:57::SCWPlatform:: Platform Path E:/Git-Repos/CNC-FPGA/Vitis3/CNC-PL7/hw/CNC_Top_wrapper.xsa
TRACE::2026-03-06.19:29:57::SCWPlatform:: Unique name xilinx:zedboard::0.0
TRACE::2026-03-06.19:29:57::SCWPlatform::Trying to set the existing hwdb with name CNC_Top_wrapper_23
TRACE::2026-03-06.19:29:57::SCWPlatform::Opened existing hwdb CNC_Top_wrapper_23
TRACE::2026-03-06.19:29:57::SCWPlatform::Found the Hw Db part of the input DSA
TRACE::2026-03-06.19:29:57::SCWMssOS::Checking the sw design at  E:/Git-Repos/CNC-FPGA/Vitis3/CNC-PL7/ps7_cortexa9_0/standalone_domain/bsp/system.mss
TRACE::2026-03-06.19:29:57::SCWMssOS::DEBUG:  swdes dump  E:/Git-Repos/CNC-FPGA/Vitis3/CNC-PL6/ps7_cortexa9_0/standalone_domain/bsp/system.mss|system_0||
E:/Git-Repos/CNC-FPGA/Vitis3/CNC-PL6/zynq_fsbl/zynq_fsbl_bsp/system.mss|system||

TRACE::2026-03-06.19:29:57::SCWMssOS::No sw design opened at  E:/Git-Repos/CNC-FPGA/Vitis3/CNC-PL7/ps7_cortexa9_0/standalone_domain/bsp/system.mss
TRACE::2026-03-06.19:29:57::SCWMssOS::mss exists loading the mss file  E:/Git-Repos/CNC-FPGA/Vitis3/CNC-PL7/ps7_cortexa9_0/standalone_domain/bsp/system.mss
TRACE::2026-03-06.19:29:57::SCWMssOS::Opened the sw design from mss  E:/Git-Repos/CNC-FPGA/Vitis3/CNC-PL7/ps7_cortexa9_0/standalone_domain/bsp/system.mss
TRACE::2026-03-06.19:29:57::SCWMssOS::Adding the swdes entry E:/Git-Repos/CNC-FPGA/Vitis3/CNC-PL7/ps7_cortexa9_0/standalone_domain/bsp/system.mss with des name system_1
TRACE::2026-03-06.19:29:57::SCWMssOS::updating the scw layer about changes
TRACE::2026-03-06.19:29:57::SCWMssOS::Opened the sw design.  E:/Git-Repos/CNC-FPGA/Vitis3/CNC-PL7/ps7_cortexa9_0/standalone_domain/bsp/system.mss
TRACE::2026-03-06.19:29:59::SCWPlatform::Trying to open the hw design at E:/Git-Repos/CNC-FPGA/Vitis3/CNC-PL7/hw/CNC_Top_wrapper.xsa
TRACE::2026-03-06.19:29:59::SCWPlatform::DSA given E:/Git-Repos/CNC-FPGA/Vitis3/CNC-PL7/hw/CNC_Top_wrapper.xsa
TRACE::2026-03-06.19:29:59::SCWPlatform::DSA absoulate path E:/Git-Repos/CNC-FPGA/Vitis3/CNC-PL7/hw/CNC_Top_wrapper.xsa
TRACE::2026-03-06.19:29:59::SCWPlatform::DSA directory E:/Git-Repos/CNC-FPGA/Vitis3/CNC-PL7/hw
TRACE::2026-03-06.19:29:59::SCWPlatform:: Platform Path E:/Git-Repos/CNC-FPGA/Vitis3/CNC-PL7/hw/CNC_Top_wrapper.xsa
TRACE::2026-03-06.19:29:59::SCWPlatform:: Unique name xilinx:zedboard::0.0
TRACE::2026-03-06.19:29:59::SCWPlatform::Trying to set the existing hwdb with name CNC_Top_wrapper_23
TRACE::2026-03-06.19:29:59::SCWPlatform::Opened existing hwdb CNC_Top_wrapper_23
TRACE::2026-03-06.19:29:59::SCWPlatform::Found the Hw Db part of the input DSA
TRACE::2026-03-06.19:29:59::SCWMssOS::Checking the sw design at  E:/Git-Repos/CNC-FPGA/Vitis3/CNC-PL7/ps7_cortexa9_0/standalone_domain/bsp/system.mss
TRACE::2026-03-06.19:29:59::SCWMssOS::DEBUG:  swdes dump  E:/Git-Repos/CNC-FPGA/Vitis3/CNC-PL6/ps7_cortexa9_0/standalone_domain/bsp/system.mss|system_0||
E:/Git-Repos/CNC-FPGA/Vitis3/CNC-PL6/zynq_fsbl/zynq_fsbl_bsp/system.mss|system||
E:/Git-Repos/CNC-FPGA/Vitis3/CNC-PL7/ps7_cortexa9_0/standalone_domain/bsp/system.mss|system_1||

TRACE::2026-03-06.19:29:59::SCWMssOS::Sw design exists and opened at  E:/Git-Repos/CNC-FPGA/Vitis3/CNC-PL7/ps7_cortexa9_0/standalone_domain/bsp/system.mss
TRACE::2026-03-06.19:29:59::SCWMssOS::Adding Library:  xilffs:5.3
TRACE::2026-03-06.19:29:59::SCWMssOS::Added Library:  xilffs
TRACE::2026-03-06.19:29:59::SCWPlatform::Trying to open the hw design at E:/Git-Repos/CNC-FPGA/Vitis3/CNC-PL7/hw/CNC_Top_wrapper.xsa
TRACE::2026-03-06.19:29:59::SCWPlatform::DSA given E:/Git-Repos/CNC-FPGA/Vitis3/CNC-PL7/hw/CNC_Top_wrapper.xsa
TRACE::2026-03-06.19:29:59::SCWPlatform::DSA absoulate path E:/Git-Repos/CNC-FPGA/Vitis3/CNC-PL7/hw/CNC_Top_wrapper.xsa
TRACE::2026-03-06.19:29:59::SCWPlatform::DSA directory E:/Git-Repos/CNC-FPGA/Vitis3/CNC-PL7/hw
TRACE::2026-03-06.19:29:59::SCWPlatform:: Platform Path E:/Git-Repos/CNC-FPGA/Vitis3/CNC-PL7/hw/CNC_Top_wrapper.xsa
TRACE::2026-03-06.19:29:59::SCWPlatform:: Unique name xilinx:zedboard::0.0
TRACE::2026-03-06.19:29:59::SCWPlatform::Trying to set the existing hwdb with name CNC_Top_wrapper_23
TRACE::2026-03-06.19:29:59::SCWPlatform::Opened existing hwdb CNC_Top_wrapper_23
TRACE::2026-03-06.19:29:59::SCWPlatform::Found the Hw Db part of the input DSA
TRACE::2026-03-06.19:29:59::SCWMssOS::Checking the sw design at  E:/Git-Repos/CNC-FPGA/Vitis3/CNC-PL7/ps7_cortexa9_0/standalone_domain/bsp/system.mss
TRACE::2026-03-06.19:29:59::SCWMssOS::DEBUG:  swdes dump  E:/Git-Repos/CNC-FPGA/Vitis3/CNC-PL6/ps7_cortexa9_0/standalone_domain/bsp/system.mss|system_0||
E:/Git-Repos/CNC-FPGA/Vitis3/CNC-PL6/zynq_fsbl/zynq_fsbl_bsp/system.mss|system||
E:/Git-Repos/CNC-FPGA/Vitis3/CNC-PL7/ps7_cortexa9_0/standalone_domain/bsp/system.mss|system_1||

TRACE::2026-03-06.19:29:59::SCWMssOS::Sw design exists and opened at  E:/Git-Repos/CNC-FPGA/Vitis3/CNC-PL7/ps7_cortexa9_0/standalone_domain/bsp/system.mss
TRACE::2026-03-06.19:30:00::SCWPlatform::Trying to open the hw design at E:/Git-Repos/CNC-FPGA/Vitis3/CNC-PL7/hw/CNC_Top_wrapper.xsa
TRACE::2026-03-06.19:30:00::SCWPlatform::DSA given E:/Git-Repos/CNC-FPGA/Vitis3/CNC-PL7/hw/CNC_Top_wrapper.xsa
TRACE::2026-03-06.19:30:00::SCWPlatform::DSA absoulate path E:/Git-Repos/CNC-FPGA/Vitis3/CNC-PL7/hw/CNC_Top_wrapper.xsa
TRACE::2026-03-06.19:30:00::SCWPlatform::DSA directory E:/Git-Repos/CNC-FPGA/Vitis3/CNC-PL7/hw
TRACE::2026-03-06.19:30:00::SCWPlatform:: Platform Path E:/Git-Repos/CNC-FPGA/Vitis3/CNC-PL7/hw/CNC_Top_wrapper.xsa
TRACE::2026-03-06.19:30:00::SCWPlatform:: Unique name xilinx:zedboard::0.0
TRACE::2026-03-06.19:30:00::SCWPlatform::Trying to set the existing hwdb with name CNC_Top_wrapper_23
TRACE::2026-03-06.19:30:00::SCWPlatform::Opened existing hwdb CNC_Top_wrapper_23
TRACE::2026-03-06.19:30:00::SCWPlatform::Found the Hw Db part of the input DSA
TRACE::2026-03-06.19:30:00::SCWMssOS::Checking the sw design at  E:/Git-Repos/CNC-FPGA/Vitis3/CNC-PL7/ps7_cortexa9_0/standalone_domain/bsp/system.mss
TRACE::2026-03-06.19:30:00::SCWMssOS::DEBUG:  swdes dump  E:/Git-Repos/CNC-FPGA/Vitis3/CNC-PL6/ps7_cortexa9_0/standalone_domain/bsp/system.mss|system_0||
E:/Git-Repos/CNC-FPGA/Vitis3/CNC-PL6/zynq_fsbl/zynq_fsbl_bsp/system.mss|system||
E:/Git-Repos/CNC-FPGA/Vitis3/CNC-PL7/ps7_cortexa9_0/standalone_domain/bsp/system.mss|system_1||

TRACE::2026-03-06.19:30:00::SCWMssOS::Sw design exists and opened at  E:/Git-Repos/CNC-FPGA/Vitis3/CNC-PL7/ps7_cortexa9_0/standalone_domain/bsp/system.mss
TRACE::2026-03-06.19:30:00::SCWMssOS::Adding Library:  xiltimer:2.1
TRACE::2026-03-06.19:30:00::SCWMssOS::Added Library:  xiltimer
TRACE::2026-03-06.19:30:00::SCWPlatform::Trying to open the hw design at E:/Git-Repos/CNC-FPGA/Vitis3/CNC-PL7/hw/CNC_Top_wrapper.xsa
TRACE::2026-03-06.19:30:00::SCWPlatform::DSA given E:/Git-Repos/CNC-FPGA/Vitis3/CNC-PL7/hw/CNC_Top_wrapper.xsa
TRACE::2026-03-06.19:30:00::SCWPlatform::DSA absoulate path E:/Git-Repos/CNC-FPGA/Vitis3/CNC-PL7/hw/CNC_Top_wrapper.xsa
TRACE::2026-03-06.19:30:00::SCWPlatform::DSA directory E:/Git-Repos/CNC-FPGA/Vitis3/CNC-PL7/hw
TRACE::2026-03-06.19:30:00::SCWPlatform:: Platform Path E:/Git-Repos/CNC-FPGA/Vitis3/CNC-PL7/hw/CNC_Top_wrapper.xsa
TRACE::2026-03-06.19:30:00::SCWPlatform:: Unique name xilinx:zedboard::0.0
TRACE::2026-03-06.19:30:00::SCWPlatform::Trying to set the existing hwdb with name CNC_Top_wrapper_23
TRACE::2026-03-06.19:30:00::SCWPlatform::Opened existing hwdb CNC_Top_wrapper_23
TRACE::2026-03-06.19:30:00::SCWPlatform::Found the Hw Db part of the input DSA
TRACE::2026-03-06.19:30:00::SCWMssOS::Checking the sw design at  E:/Git-Repos/CNC-FPGA/Vitis3/CNC-PL7/ps7_cortexa9_0/standalone_domain/bsp/system.mss
TRACE::2026-03-06.19:30:00::SCWMssOS::DEBUG:  swdes dump  E:/Git-Repos/CNC-FPGA/Vitis3/CNC-PL6/ps7_cortexa9_0/standalone_domain/bsp/system.mss|system_0||
E:/Git-Repos/CNC-FPGA/Vitis3/CNC-PL6/zynq_fsbl/zynq_fsbl_bsp/system.mss|system||
E:/Git-Repos/CNC-FPGA/Vitis3/CNC-PL7/ps7_cortexa9_0/standalone_domain/bsp/system.mss|system_1||

TRACE::2026-03-06.19:30:00::SCWMssOS::Sw design exists and opened at  E:/Git-Repos/CNC-FPGA/Vitis3/CNC-PL7/ps7_cortexa9_0/standalone_domain/bsp/system.mss
TRACE::2026-03-06.19:30:03::SCWMssOS::Saving the mss changes E:/Git-Repos/CNC-FPGA/Vitis3/CNC-PL7/zynq_fsbl/zynq_fsbl_bsp/system.mss
TRACE::2026-03-06.19:30:03::SCWMssOS::Adding the swdes entry, mss present, able to open swdb E:/Git-Repos/CNC-FPGA/Vitis3/CNC-PL7/zynq_fsbl/zynq_fsbl_bsp/system.mss with des name system_2
TRACE::2026-03-06.19:30:03::SCWMssOS::Writing the mss file completed E:/Git-Repos/CNC-FPGA/Vitis3/CNC-PL7/zynq_fsbl/zynq_fsbl_bsp/system.mss
TRACE::2026-03-06.19:30:03::SCWMssOS::Commit changes completed.
TRACE::2026-03-06.19:30:03::SCWMssOS::Saving the mss changes E:/Git-Repos/CNC-FPGA/Vitis3/CNC-PL7/ps7_cortexa9_0/standalone_domain/bsp/system.mss
TRACE::2026-03-06.19:30:03::SCWMssOS::Found a swdesign opened with the mssfile.
TRACE::2026-03-06.19:30:03::SCWMssOS::Completed writemss as part of save.
TRACE::2026-03-06.19:30:03::SCWMssOS::Commit changes completed.
TRACE::2026-03-06.19:30:03::SCWPlatform::Trying to open the hw design at E:/Git-Repos/CNC-FPGA/Vitis3/CNC-PL7/hw/CNC_Top_wrapper.xsa
TRACE::2026-03-06.19:30:03::SCWPlatform::DSA given E:/Git-Repos/CNC-FPGA/Vitis3/CNC-PL7/hw/CNC_Top_wrapper.xsa
TRACE::2026-03-06.19:30:03::SCWPlatform::DSA absoulate path E:/Git-Repos/CNC-FPGA/Vitis3/CNC-PL7/hw/CNC_Top_wrapper.xsa
TRACE::2026-03-06.19:30:03::SCWPlatform::DSA directory E:/Git-Repos/CNC-FPGA/Vitis3/CNC-PL7/hw
TRACE::2026-03-06.19:30:03::SCWPlatform:: Platform Path E:/Git-Repos/CNC-FPGA/Vitis3/CNC-PL7/hw/CNC_Top_wrapper.xsa
TRACE::2026-03-06.19:30:03::SCWPlatform:: Unique name xilinx:zedboard::0.0
TRACE::2026-03-06.19:30:03::SCWPlatform::Trying to set the existing hwdb with name CNC_Top_wrapper_23
TRACE::2026-03-06.19:30:03::SCWPlatform::Opened existing hwdb CNC_Top_wrapper_23
TRACE::2026-03-06.19:30:03::SCWPlatform::Found the Hw Db part of the input DSA
TRACE::2026-03-06.19:30:03::SCWMssOS::Checking the sw design at  E:/Git-Repos/CNC-FPGA/Vitis3/CNC-PL7/zynq_fsbl/zynq_fsbl_bsp/system.mss
TRACE::2026-03-06.19:30:03::SCWMssOS::DEBUG:  swdes dump  E:/Git-Repos/CNC-FPGA/Vitis3/CNC-PL6/ps7_cortexa9_0/standalone_domain/bsp/system.mss|system_0||
E:/Git-Repos/CNC-FPGA/Vitis3/CNC-PL6/zynq_fsbl/zynq_fsbl_bsp/system.mss|system||
E:/Git-Repos/CNC-FPGA/Vitis3/CNC-PL7/ps7_cortexa9_0/standalone_domain/bsp/system.mss|system_1||
E:/Git-Repos/CNC-FPGA/Vitis3/CNC-PL7/zynq_fsbl/zynq_fsbl_bsp/system.mss|system_2||

TRACE::2026-03-06.19:30:03::SCWMssOS::Sw design exists and opened at  E:/Git-Repos/CNC-FPGA/Vitis3/CNC-PL7/zynq_fsbl/zynq_fsbl_bsp/system.mss
TRACE::2026-03-06.19:30:03::SCWPlatform::Trying to open the hw design at E:/Git-Repos/CNC-FPGA/Vitis3/CNC-PL7/hw/CNC_Top_wrapper.xsa
TRACE::2026-03-06.19:30:03::SCWPlatform::DSA given E:/Git-Repos/CNC-FPGA/Vitis3/CNC-PL7/hw/CNC_Top_wrapper.xsa
TRACE::2026-03-06.19:30:03::SCWPlatform::DSA absoulate path E:/Git-Repos/CNC-FPGA/Vitis3/CNC-PL7/hw/CNC_Top_wrapper.xsa
TRACE::2026-03-06.19:30:03::SCWPlatform::DSA directory E:/Git-Repos/CNC-FPGA/Vitis3/CNC-PL7/hw
TRACE::2026-03-06.19:30:03::SCWPlatform:: Platform Path E:/Git-Repos/CNC-FPGA/Vitis3/CNC-PL7/hw/CNC_Top_wrapper.xsa
TRACE::2026-03-06.19:30:03::SCWPlatform:: Unique name xilinx:zedboard::0.0
TRACE::2026-03-06.19:30:03::SCWPlatform::Trying to set the existing hwdb with name CNC_Top_wrapper_23
TRACE::2026-03-06.19:30:03::SCWPlatform::Opened existing hwdb CNC_Top_wrapper_23
TRACE::2026-03-06.19:30:03::SCWPlatform::Found the Hw Db part of the input DSA
TRACE::2026-03-06.19:30:03::SCWMssOS::Checking the sw design at  E:/Git-Repos/CNC-FPGA/Vitis3/CNC-PL7/ps7_cortexa9_0/standalone_domain/bsp/system.mss
TRACE::2026-03-06.19:30:03::SCWMssOS::DEBUG:  swdes dump  E:/Git-Repos/CNC-FPGA/Vitis3/CNC-PL6/ps7_cortexa9_0/standalone_domain/bsp/system.mss|system_0||
E:/Git-Repos/CNC-FPGA/Vitis3/CNC-PL6/zynq_fsbl/zynq_fsbl_bsp/system.mss|system||
E:/Git-Repos/CNC-FPGA/Vitis3/CNC-PL7/ps7_cortexa9_0/standalone_domain/bsp/system.mss|system_1||
E:/Git-Repos/CNC-FPGA/Vitis3/CNC-PL7/zynq_fsbl/zynq_fsbl_bsp/system.mss|system_2||

TRACE::2026-03-06.19:30:03::SCWMssOS::Sw design exists and opened at  E:/Git-Repos/CNC-FPGA/Vitis3/CNC-PL7/ps7_cortexa9_0/standalone_domain/bsp/system.mss
TRACE::2026-03-06.19:30:03::SCWWriter::formatted JSON is {
	"platformName":	"CNC-PL7",
	"sprVersion":	"2.0",
	"mode":	"gui",
	"dsaType":	"Fixed",
	"platformDesc":	"CNC-PL7",
	"platHandOff":	"E:/Git-Repos/CNC-FPGA/Zedboard-CNC/CNC_Top_wrapper.xsa",
	"platIntHandOff":	"<platformDir>/hw/CNC_Top_wrapper.xsa",
	"deviceType":	"zynq",
	"platIsPrebuiltAutogen":	"false",
	"platIsNoBootBsp":	"false",
	"hasFsblMakeHasChanges":	"false",
	"hasPmufwMakeHasChanges":	"false",
	"fsblExtraCompilerFlags":	"-MMD -MP       -mcpu=cortex-a9 -mfpu=vfpv3 -mfloat-abi=hard ",
	"platPreBuiltFlag":	false,
	"platformSamplesDir":	"",
	"platActiveSys":	"CNC-PL7",
	"systems":	[{
			"systemName":	"CNC-PL7",
			"systemDesc":	"CNC-PL7",
			"sysIsBootAutoGen":	"true",
			"systemDispName":	"CNC-PL7",
			"sysActiveDom":	"standalone_domain",
			"sysDefaultDom":	"standalone_domain",
			"domains":	[{
					"domainName":	"zynq_fsbl",
					"domainDispName":	"zynq_fsbl",
					"domainDesc":	"FSBL Application BSP - Auto Generated.",
					"processors":	"ps7_cortexa9_0",
					"os":	"standalone",
					"sdxOs":	"standalone",
					"debugEnable":	"",
					"domRuntimes":	["cpp"],
					"swRepo":	"",
					"mssOsVer":	"9.2",
					"mssFile":	"",
					"md5Digest":	"8e05dff6cf2b7a5e245cc7c2f785ee81",
					"compatibleApp":	"zynq_fsbl",
					"domType":	"bootDomain",
					"arch":	"32-bit",
					"appSettings":	{
						"appCompilerFlags":	"",
						"appLinkerFlags":	""
					},
					"addedLibs":	["xilffs:5.3", "xilrsa:1.8"],
					"libOptions":	{
						"libsContainingOptions":	[]
					},
					"prebuiltLibs":	{
						"prebuiltIncPath":	[],
						"prebuiltLibPath":	[]
					},
					"isolation":	{
					}
				}, {
					"domainName":	"standalone_domain",
					"domainDispName":	"standalone on ps7_cortexa9_0",
					"domainDesc":	"standalone_domain",
					"processors":	"ps7_cortexa9_0",
					"os":	"standalone",
					"sdxOs":	"standalone",
					"qemuArgs":	"<platformDir>/resources/CNC-PL7/standalone_domain/qemu_args.txt",
					"qemuData":	"<platformDir>/resources/CNC-PL7/standalone_domain/qemu",
					"debugEnable":	"False",
					"domRuntimes":	["cpp"],
					"swRepo":	"",
					"mssOsVer":	"9.2",
					"mssFile":	"",
					"md5Digest":	"aed75abb87964b40d6efb9b45e153c20",
					"compatibleApp":	"",
					"domType":	"mssDomain",
					"appSettings":	{
						"appCompilerFlags":	"",
						"appLinkerFlags":	""
					},
					"addedLibs":	["xilffs:5.3", "xiltimer:2.1"],
					"libOptions":	{
						"libsContainingOptions":	[]
					},
					"prebuiltLibs":	{
						"prebuiltIncPath":	[],
						"prebuiltLibPath":	[]
					},
					"isolation":	{
					}
				}]
		}]
}
TRACE::2026-03-06.19:30:03::SCWMssOS::Saving the mss changes E:/Git-Repos/CNC-FPGA/Vitis3/CNC-PL7/ps7_cortexa9_0/standalone_domain/bsp/system.mss
TRACE::2026-03-06.19:30:03::SCWMssOS::Found a swdesign opened with the mssfile.
TRACE::2026-03-06.19:30:03::SCWMssOS::Completed writemss as part of save.
TRACE::2026-03-06.19:30:03::SCWMssOS::Commit changes completed.
TRACE::2026-03-06.19:30:03::SCWPlatform::Trying to open the hw design at E:/Git-Repos/CNC-FPGA/Vitis3/CNC-PL7/hw/CNC_Top_wrapper.xsa
TRACE::2026-03-06.19:30:03::SCWPlatform::DSA given E:/Git-Repos/CNC-FPGA/Vitis3/CNC-PL7/hw/CNC_Top_wrapper.xsa
TRACE::2026-03-06.19:30:03::SCWPlatform::DSA absoulate path E:/Git-Repos/CNC-FPGA/Vitis3/CNC-PL7/hw/CNC_Top_wrapper.xsa
TRACE::2026-03-06.19:30:03::SCWPlatform::DSA directory E:/Git-Repos/CNC-FPGA/Vitis3/CNC-PL7/hw
TRACE::2026-03-06.19:30:03::SCWPlatform:: Platform Path E:/Git-Repos/CNC-FPGA/Vitis3/CNC-PL7/hw/CNC_Top_wrapper.xsa
TRACE::2026-03-06.19:30:03::SCWPlatform:: Unique name xilinx:zedboard::0.0
TRACE::2026-03-06.19:30:03::SCWPlatform::Trying to set the existing hwdb with name CNC_Top_wrapper_23
TRACE::2026-03-06.19:30:03::SCWPlatform::Opened existing hwdb CNC_Top_wrapper_23
TRACE::2026-03-06.19:30:03::SCWPlatform::Found the Hw Db part of the input DSA
TRACE::2026-03-06.19:30:03::SCWMssOS::Checking the sw design at  E:/Git-Repos/CNC-FPGA/Vitis3/CNC-PL7/ps7_cortexa9_0/standalone_domain/bsp/system.mss
TRACE::2026-03-06.19:30:03::SCWMssOS::DEBUG:  swdes dump  E:/Git-Repos/CNC-FPGA/Vitis3/CNC-PL6/ps7_cortexa9_0/standalone_domain/bsp/system.mss|system_0||
E:/Git-Repos/CNC-FPGA/Vitis3/CNC-PL6/zynq_fsbl/zynq_fsbl_bsp/system.mss|system||
E:/Git-Repos/CNC-FPGA/Vitis3/CNC-PL7/ps7_cortexa9_0/standalone_domain/bsp/system.mss|system_1||
E:/Git-Repos/CNC-FPGA/Vitis3/CNC-PL7/zynq_fsbl/zynq_fsbl_bsp/system.mss|system_2||

TRACE::2026-03-06.19:30:03::SCWMssOS::Sw design exists and opened at  E:/Git-Repos/CNC-FPGA/Vitis3/CNC-PL7/ps7_cortexa9_0/standalone_domain/bsp/system.mss
TRACE::2026-03-06.19:30:03::SCWMssOS::Removing the swdes entry for  E:/Git-Repos/CNC-FPGA/Vitis3/CNC-PL7/ps7_cortexa9_0/standalone_domain/bsp/system.mss
TRACE::2026-03-06.19:30:04::SCWMssOS::In reload Mss file.
TRACE::2026-03-06.19:30:04::SCWPlatform::Trying to open the hw design at E:/Git-Repos/CNC-FPGA/Vitis3/CNC-PL7/hw/CNC_Top_wrapper.xsa
TRACE::2026-03-06.19:30:04::SCWPlatform::DSA given E:/Git-Repos/CNC-FPGA/Vitis3/CNC-PL7/hw/CNC_Top_wrapper.xsa
TRACE::2026-03-06.19:30:04::SCWPlatform::DSA absoulate path E:/Git-Repos/CNC-FPGA/Vitis3/CNC-PL7/hw/CNC_Top_wrapper.xsa
TRACE::2026-03-06.19:30:04::SCWPlatform::DSA directory E:/Git-Repos/CNC-FPGA/Vitis3/CNC-PL7/hw
TRACE::2026-03-06.19:30:04::SCWPlatform:: Platform Path E:/Git-Repos/CNC-FPGA/Vitis3/CNC-PL7/hw/CNC_Top_wrapper.xsa
TRACE::2026-03-06.19:30:04::SCWPlatform:: Unique name xilinx:zedboard::0.0
TRACE::2026-03-06.19:30:04::SCWPlatform::Trying to set the existing hwdb with name CNC_Top_wrapper_23
TRACE::2026-03-06.19:30:04::SCWPlatform::Opened existing hwdb CNC_Top_wrapper_23
TRACE::2026-03-06.19:30:04::SCWPlatform::Found the Hw Db part of the input DSA
TRACE::2026-03-06.19:30:04::SCWMssOS::Checking the sw design at  E:/Git-Repos/CNC-FPGA/Vitis3/CNC-PL7/ps7_cortexa9_0/standalone_domain/bsp/system.mss
TRACE::2026-03-06.19:30:04::SCWMssOS::DEBUG:  swdes dump  E:/Git-Repos/CNC-FPGA/Vitis3/CNC-PL6/ps7_cortexa9_0/standalone_domain/bsp/system.mss|system_0||
E:/Git-Repos/CNC-FPGA/Vitis3/CNC-PL6/zynq_fsbl/zynq_fsbl_bsp/system.mss|system||
E:/Git-Repos/CNC-FPGA/Vitis3/CNC-PL7/zynq_fsbl/zynq_fsbl_bsp/system.mss|system_2||

TRACE::2026-03-06.19:30:04::SCWMssOS::No sw design opened at  E:/Git-Repos/CNC-FPGA/Vitis3/CNC-PL7/ps7_cortexa9_0/standalone_domain/bsp/system.mss
TRACE::2026-03-06.19:30:04::SCWMssOS::mss exists loading the mss file  E:/Git-Repos/CNC-FPGA/Vitis3/CNC-PL7/ps7_cortexa9_0/standalone_domain/bsp/system.mss
TRACE::2026-03-06.19:30:04::SCWMssOS::Opened the sw design from mss  E:/Git-Repos/CNC-FPGA/Vitis3/CNC-PL7/ps7_cortexa9_0/standalone_domain/bsp/system.mss
TRACE::2026-03-06.19:30:04::SCWMssOS::Adding the swdes entry E:/Git-Repos/CNC-FPGA/Vitis3/CNC-PL7/ps7_cortexa9_0/standalone_domain/bsp/system.mss with des name system_1
TRACE::2026-03-06.19:30:04::SCWMssOS::updating the scw layer about changes
TRACE::2026-03-06.19:30:04::SCWMssOS::Opened the sw design.  E:/Git-Repos/CNC-FPGA/Vitis3/CNC-PL7/ps7_cortexa9_0/standalone_domain/bsp/system.mss
TRACE::2026-03-06.19:30:04::SCWPlatform::Trying to open the hw design at E:/Git-Repos/CNC-FPGA/Vitis3/CNC-PL7/hw/CNC_Top_wrapper.xsa
TRACE::2026-03-06.19:30:04::SCWPlatform::DSA given E:/Git-Repos/CNC-FPGA/Vitis3/CNC-PL7/hw/CNC_Top_wrapper.xsa
TRACE::2026-03-06.19:30:04::SCWPlatform::DSA absoulate path E:/Git-Repos/CNC-FPGA/Vitis3/CNC-PL7/hw/CNC_Top_wrapper.xsa
TRACE::2026-03-06.19:30:04::SCWPlatform::DSA directory E:/Git-Repos/CNC-FPGA/Vitis3/CNC-PL7/hw
TRACE::2026-03-06.19:30:04::SCWPlatform:: Platform Path E:/Git-Repos/CNC-FPGA/Vitis3/CNC-PL7/hw/CNC_Top_wrapper.xsa
TRACE::2026-03-06.19:30:04::SCWPlatform:: Unique name xilinx:zedboard::0.0
TRACE::2026-03-06.19:30:04::SCWPlatform::Trying to set the existing hwdb with name CNC_Top_wrapper_23
TRACE::2026-03-06.19:30:04::SCWPlatform::Opened existing hwdb CNC_Top_wrapper_23
TRACE::2026-03-06.19:30:04::SCWPlatform::Found the Hw Db part of the input DSA
TRACE::2026-03-06.19:30:04::SCWMssOS::Checking the sw design at  E:/Git-Repos/CNC-FPGA/Vitis3/CNC-PL7/ps7_cortexa9_0/standalone_domain/bsp/system.mss
TRACE::2026-03-06.19:30:04::SCWMssOS::DEBUG:  swdes dump  E:/Git-Repos/CNC-FPGA/Vitis3/CNC-PL6/ps7_cortexa9_0/standalone_domain/bsp/system.mss|system_0||
E:/Git-Repos/CNC-FPGA/Vitis3/CNC-PL6/zynq_fsbl/zynq_fsbl_bsp/system.mss|system||
E:/Git-Repos/CNC-FPGA/Vitis3/CNC-PL7/ps7_cortexa9_0/standalone_domain/bsp/system.mss|system_1||
E:/Git-Repos/CNC-FPGA/Vitis3/CNC-PL7/zynq_fsbl/zynq_fsbl_bsp/system.mss|system_2||

TRACE::2026-03-06.19:30:04::SCWMssOS::Sw design exists and opened at  E:/Git-Repos/CNC-FPGA/Vitis3/CNC-PL7/ps7_cortexa9_0/standalone_domain/bsp/system.mss
TRACE::2026-03-06.19:30:04::SCWMssOS:: library already available in sw design:  xilffs:5.3
TRACE::2026-03-06.19:30:04::SCWPlatform::Trying to open the hw design at E:/Git-Repos/CNC-FPGA/Vitis3/CNC-PL7/hw/CNC_Top_wrapper.xsa
TRACE::2026-03-06.19:30:04::SCWPlatform::DSA given E:/Git-Repos/CNC-FPGA/Vitis3/CNC-PL7/hw/CNC_Top_wrapper.xsa
TRACE::2026-03-06.19:30:04::SCWPlatform::DSA absoulate path E:/Git-Repos/CNC-FPGA/Vitis3/CNC-PL7/hw/CNC_Top_wrapper.xsa
TRACE::2026-03-06.19:30:04::SCWPlatform::DSA directory E:/Git-Repos/CNC-FPGA/Vitis3/CNC-PL7/hw
TRACE::2026-03-06.19:30:04::SCWPlatform:: Platform Path E:/Git-Repos/CNC-FPGA/Vitis3/CNC-PL7/hw/CNC_Top_wrapper.xsa
TRACE::2026-03-06.19:30:04::SCWPlatform:: Unique name xilinx:zedboard::0.0
TRACE::2026-03-06.19:30:04::SCWPlatform::Trying to set the existing hwdb with name CNC_Top_wrapper_23
TRACE::2026-03-06.19:30:04::SCWPlatform::Opened existing hwdb CNC_Top_wrapper_23
TRACE::2026-03-06.19:30:04::SCWPlatform::Found the Hw Db part of the input DSA
TRACE::2026-03-06.19:30:04::SCWMssOS::Checking the sw design at  E:/Git-Repos/CNC-FPGA/Vitis3/CNC-PL7/ps7_cortexa9_0/standalone_domain/bsp/system.mss
TRACE::2026-03-06.19:30:04::SCWMssOS::DEBUG:  swdes dump  E:/Git-Repos/CNC-FPGA/Vitis3/CNC-PL6/ps7_cortexa9_0/standalone_domain/bsp/system.mss|system_0||
E:/Git-Repos/CNC-FPGA/Vitis3/CNC-PL6/zynq_fsbl/zynq_fsbl_bsp/system.mss|system||
E:/Git-Repos/CNC-FPGA/Vitis3/CNC-PL7/ps7_cortexa9_0/standalone_domain/bsp/system.mss|system_1||
E:/Git-Repos/CNC-FPGA/Vitis3/CNC-PL7/zynq_fsbl/zynq_fsbl_bsp/system.mss|system_2||

TRACE::2026-03-06.19:30:04::SCWMssOS::Sw design exists and opened at  E:/Git-Repos/CNC-FPGA/Vitis3/CNC-PL7/ps7_cortexa9_0/standalone_domain/bsp/system.mss
TRACE::2026-03-06.19:30:04::SCWMssOS:: library already available in sw design:  xiltimer:2.1
TRACE::2026-03-06.19:30:04::SCWMssOS::Saving the mss changes E:/Git-Repos/CNC-FPGA/Vitis3/CNC-PL7/ps7_cortexa9_0/standalone_domain/bsp/system.mss
TRACE::2026-03-06.19:30:04::SCWMssOS::Found a swdesign opened with the mssfile.
TRACE::2026-03-06.19:30:04::SCWMssOS::Completed writemss as part of save.
TRACE::2026-03-06.19:30:04::SCWMssOS::Commit changes completed.
TRACE::2026-03-06.19:30:04::SCWPlatform::Trying to open the hw design at E:/Git-Repos/CNC-FPGA/Vitis3/CNC-PL7/hw/CNC_Top_wrapper.xsa
TRACE::2026-03-06.19:30:04::SCWPlatform::DSA given E:/Git-Repos/CNC-FPGA/Vitis3/CNC-PL7/hw/CNC_Top_wrapper.xsa
TRACE::2026-03-06.19:30:04::SCWPlatform::DSA absoulate path E:/Git-Repos/CNC-FPGA/Vitis3/CNC-PL7/hw/CNC_Top_wrapper.xsa
TRACE::2026-03-06.19:30:04::SCWPlatform::DSA directory E:/Git-Repos/CNC-FPGA/Vitis3/CNC-PL7/hw
TRACE::2026-03-06.19:30:04::SCWPlatform:: Platform Path E:/Git-Repos/CNC-FPGA/Vitis3/CNC-PL7/hw/CNC_Top_wrapper.xsa
TRACE::2026-03-06.19:30:04::SCWPlatform:: Unique name xilinx:zedboard::0.0
TRACE::2026-03-06.19:30:04::SCWPlatform::Trying to set the existing hwdb with name CNC_Top_wrapper_23
TRACE::2026-03-06.19:30:04::SCWPlatform::Opened existing hwdb CNC_Top_wrapper_23
TRACE::2026-03-06.19:30:04::SCWPlatform::Found the Hw Db part of the input DSA
TRACE::2026-03-06.19:30:04::SCWMssOS::Checking the sw design at  E:/Git-Repos/CNC-FPGA/Vitis3/CNC-PL7/ps7_cortexa9_0/standalone_domain/bsp/system.mss
TRACE::2026-03-06.19:30:04::SCWMssOS::DEBUG:  swdes dump  E:/Git-Repos/CNC-FPGA/Vitis3/CNC-PL6/ps7_cortexa9_0/standalone_domain/bsp/system.mss|system_0||
E:/Git-Repos/CNC-FPGA/Vitis3/CNC-PL6/zynq_fsbl/zynq_fsbl_bsp/system.mss|system||
E:/Git-Repos/CNC-FPGA/Vitis3/CNC-PL7/ps7_cortexa9_0/standalone_domain/bsp/system.mss|system_1||
E:/Git-Repos/CNC-FPGA/Vitis3/CNC-PL7/zynq_fsbl/zynq_fsbl_bsp/system.mss|system_2||

TRACE::2026-03-06.19:30:04::SCWMssOS::Sw design exists and opened at  E:/Git-Repos/CNC-FPGA/Vitis3/CNC-PL7/ps7_cortexa9_0/standalone_domain/bsp/system.mss
TRACE::2026-03-06.19:30:04::SCWMssOS::Removing the swdes entry for  E:/Git-Repos/CNC-FPGA/Vitis3/CNC-PL7/ps7_cortexa9_0/standalone_domain/bsp/system.mss
TRACE::2026-03-06.19:30:04::SCWPlatform::Trying to open the hw design at E:/Git-Repos/CNC-FPGA/Vitis3/CNC-PL7/hw/CNC_Top_wrapper.xsa
TRACE::2026-03-06.19:30:04::SCWPlatform::DSA given E:/Git-Repos/CNC-FPGA/Vitis3/CNC-PL7/hw/CNC_Top_wrapper.xsa
TRACE::2026-03-06.19:30:04::SCWPlatform::DSA absoulate path E:/Git-Repos/CNC-FPGA/Vitis3/CNC-PL7/hw/CNC_Top_wrapper.xsa
TRACE::2026-03-06.19:30:04::SCWPlatform::DSA directory E:/Git-Repos/CNC-FPGA/Vitis3/CNC-PL7/hw
TRACE::2026-03-06.19:30:04::SCWPlatform:: Platform Path E:/Git-Repos/CNC-FPGA/Vitis3/CNC-PL7/hw/CNC_Top_wrapper.xsa
TRACE::2026-03-06.19:30:04::SCWPlatform:: Unique name xilinx:zedboard::0.0
TRACE::2026-03-06.19:30:04::SCWPlatform::Trying to set the existing hwdb with name CNC_Top_wrapper_23
TRACE::2026-03-06.19:30:04::SCWPlatform::Opened existing hwdb CNC_Top_wrapper_23
TRACE::2026-03-06.19:30:04::SCWPlatform::Found the Hw Db part of the input DSA
TRACE::2026-03-06.19:30:04::SCWMssOS::Checking the sw design at  E:/Git-Repos/CNC-FPGA/Vitis3/CNC-PL7/ps7_cortexa9_0/standalone_domain/bsp/system.mss
TRACE::2026-03-06.19:30:04::SCWMssOS::DEBUG:  swdes dump  E:/Git-Repos/CNC-FPGA/Vitis3/CNC-PL6/ps7_cortexa9_0/standalone_domain/bsp/system.mss|system_0||
E:/Git-Repos/CNC-FPGA/Vitis3/CNC-PL6/zynq_fsbl/zynq_fsbl_bsp/system.mss|system||
E:/Git-Repos/CNC-FPGA/Vitis3/CNC-PL7/zynq_fsbl/zynq_fsbl_bsp/system.mss|system_2||

TRACE::2026-03-06.19:30:04::SCWMssOS::No sw design opened at  E:/Git-Repos/CNC-FPGA/Vitis3/CNC-PL7/ps7_cortexa9_0/standalone_domain/bsp/system.mss
TRACE::2026-03-06.19:30:04::SCWMssOS::mss exists loading the mss file  E:/Git-Repos/CNC-FPGA/Vitis3/CNC-PL7/ps7_cortexa9_0/standalone_domain/bsp/system.mss
TRACE::2026-03-06.19:30:04::SCWMssOS::Opened the sw design from mss  E:/Git-Repos/CNC-FPGA/Vitis3/CNC-PL7/ps7_cortexa9_0/standalone_domain/bsp/system.mss
TRACE::2026-03-06.19:30:04::SCWMssOS::Adding the swdes entry E:/Git-Repos/CNC-FPGA/Vitis3/CNC-PL7/ps7_cortexa9_0/standalone_domain/bsp/system.mss with des name system_1
TRACE::2026-03-06.19:30:04::SCWMssOS::updating the scw layer about changes
TRACE::2026-03-06.19:30:04::SCWMssOS::Opened the sw design.  E:/Git-Repos/CNC-FPGA/Vitis3/CNC-PL7/ps7_cortexa9_0/standalone_domain/bsp/system.mss
TRACE::2026-03-06.19:30:04::SCWMssOS::Completed writing the mss file at E:/Git-Repos/CNC-FPGA/Vitis3/CNC-PL7/ps7_cortexa9_0/standalone_domain/bsp
TRACE::2026-03-06.19:30:04::SCWMssOS::Forcing BSP Sources regeneration.
KEYINFO::2026-03-06.19:30:05::SCWMssOS::Removing file E:/Git-Repos/CNC-FPGA/Vitis3/CNC-PL7/ps7_cortexa9_0/standalone_domain/bsp\system_1.mss
LOG::2026-03-06.19:31:26::SCWPlatform::Started generating the artifacts platform CNC-PL7
TRACE::2026-03-06.19:31:26::SCWPlatform::Sanity checking of platform is completed
LOG::2026-03-06.19:31:26::SCWPlatform::Started generating the artifacts for system configuration CNC-PL7
LOG::2026-03-06.19:31:26::SCWSystem::Checking the domain zynq_fsbl
LOG::2026-03-06.19:31:26::SCWSystem::Doing application build for :  zynq_fsbl
TRACE::2026-03-06.19:31:26::SCWBDomain::Not a forced makefile updation, No changes are present. 
TRACE::2026-03-06.19:31:26::SCWDomain::Building the domain as part of full build :  zynq_fsbl
TRACE::2026-03-06.19:31:26::SCWPlatform::Trying to open the hw design at E:/Git-Repos/CNC-FPGA/Vitis3/CNC-PL7/hw/CNC_Top_wrapper.xsa
TRACE::2026-03-06.19:31:26::SCWPlatform::DSA given E:/Git-Repos/CNC-FPGA/Vitis3/CNC-PL7/hw/CNC_Top_wrapper.xsa
TRACE::2026-03-06.19:31:26::SCWPlatform::DSA absoulate path E:/Git-Repos/CNC-FPGA/Vitis3/CNC-PL7/hw/CNC_Top_wrapper.xsa
TRACE::2026-03-06.19:31:26::SCWPlatform::DSA directory E:/Git-Repos/CNC-FPGA/Vitis3/CNC-PL7/hw
TRACE::2026-03-06.19:31:26::SCWPlatform:: Platform Path E:/Git-Repos/CNC-FPGA/Vitis3/CNC-PL7/hw/CNC_Top_wrapper.xsa
TRACE::2026-03-06.19:31:26::SCWPlatform:: Unique name xilinx:zedboard::0.0
TRACE::2026-03-06.19:31:26::SCWPlatform::Trying to set the existing hwdb with name CNC_Top_wrapper_23
TRACE::2026-03-06.19:31:26::SCWPlatform::Opened existing hwdb CNC_Top_wrapper_23
TRACE::2026-03-06.19:31:26::SCWPlatform::Found the Hw Db part of the input DSA
TRACE::2026-03-06.19:31:26::SCWMssOS::Checking the sw design at  E:/Git-Repos/CNC-FPGA/Vitis3/CNC-PL7/zynq_fsbl/zynq_fsbl_bsp/system.mss
TRACE::2026-03-06.19:31:26::SCWMssOS::DEBUG:  swdes dump  E:/Git-Repos/CNC-FPGA/Vitis3/CNC-PL6/ps7_cortexa9_0/standalone_domain/bsp/system.mss|system_0||
E:/Git-Repos/CNC-FPGA/Vitis3/CNC-PL6/zynq_fsbl/zynq_fsbl_bsp/system.mss|system||
E:/Git-Repos/CNC-FPGA/Vitis3/CNC-PL7/zynq_fsbl/zynq_fsbl_bsp/system.mss|system_2||

TRACE::2026-03-06.19:31:26::SCWMssOS::Sw design exists and opened at  E:/Git-Repos/CNC-FPGA/Vitis3/CNC-PL7/zynq_fsbl/zynq_fsbl_bsp/system.mss
TRACE::2026-03-06.19:31:26::SCWBDomain::Completed writing the mss file at E:/Git-Repos/CNC-FPGA/Vitis3/CNC-PL7/zynq_fsbl/zynq_fsbl_bsp
TRACE::2026-03-06.19:31:26::SCWBDomain::bsp generated is upto date with the mss file. Skipping bsp generation.
TRACE::2026-03-06.19:31:26::SCWBDomain::Not a forced makefile updation, No changes are present. 
TRACE::2026-03-06.19:31:26::SCWBDomain::System Command Ran  E:&  cd  E:/Git-Repos/CNC-FPGA/Vitis3/CNC-PL7/zynq_fsbl& make -C  zynq_fsbl_bsp & make 
TRACE::2026-03-06.19:31:27::SCWBDomain::make: Entering directory 'E:/Git-Repos/CNC-FPGA/Vitis3/CNC-PL7/zynq_fsbl/zynq_fsbl_bsp'

TRACE::2026-03-06.19:31:27::SCWBDomain::make --no-print-directory seq_libs

TRACE::2026-03-06.19:31:27::SCWBDomain::"Running Make include in ps7_cortexa9_0/libsrc/coresightps_dcc_v1_11/src"

TRACE::2026-03-06.19:31:27::SCWBDomain::make -C ps7_cortexa9_0/libsrc/coresightps_dcc_v1_11/src -s include  "SHELL=CMD" "COMPILER=arm-none-eabi-gcc" "ASSEMBLER=arm-non
TRACE::2026-03-06.19:31:27::SCWBDomain::e-eabi-as" "ARCHIVER=arm-none-eabi-ar" "COMPILER_FLAGS=  -O2 -c" "EXTRA_COMPILER_FLAGS=-mcpu=cortex-a9 -mfpu=vfpv3 -mfloat-abi=
TRACE::2026-03-06.19:31:27::SCWBDomain::hard -nostartfiles -g -Wall -Wextra -fno-tree-loop-distribute-patterns"

TRACE::2026-03-06.19:31:27::SCWBDomain::"Running Make include in ps7_cortexa9_0/libsrc/cpu_cortexa9_v2_12/src"

TRACE::2026-03-06.19:31:27::SCWBDomain::make -C ps7_cortexa9_0/libsrc/cpu_cortexa9_v2_12/src -s include  "SHELL=CMD" "COMPILER=arm-none-eabi-gcc" "ASSEMBLER=arm-none-e
TRACE::2026-03-06.19:31:27::SCWBDomain::abi-as" "ARCHIVER=arm-none-eabi-ar" "COMPILER_FLAGS=  -O2 -c" "EXTRA_COMPILER_FLAGS=-mcpu=cortex-a9 -mfpu=vfpv3 -mfloat-abi=har
TRACE::2026-03-06.19:31:27::SCWBDomain::d -nostartfiles -g -Wall -Wextra -fno-tree-loop-distribute-patterns"

TRACE::2026-03-06.19:31:27::SCWBDomain::"Running Make include in ps7_cortexa9_0/libsrc/ddrps_v1_2/src"

TRACE::2026-03-06.19:31:27::SCWBDomain::make -C ps7_cortexa9_0/libsrc/ddrps_v1_2/src -s include  "SHELL=CMD" "COMPILER=arm-none-eabi-gcc" "ASSEMBLER=arm-none-eabi-as" 
TRACE::2026-03-06.19:31:27::SCWBDomain::"ARCHIVER=arm-none-eabi-ar" "COMPILER_FLAGS=  -O2 -c" "EXTRA_COMPILER_FLAGS=-mcpu=cortex-a9 -mfpu=vfpv3 -mfloat-abi=hard -nosta
TRACE::2026-03-06.19:31:27::SCWBDomain::rtfiles -g -Wall -Wextra -fno-tree-loop-distribute-patterns"

TRACE::2026-03-06.19:31:27::SCWBDomain::"Running Make include in ps7_cortexa9_0/libsrc/devcfg_v3_8/src"

TRACE::2026-03-06.19:31:27::SCWBDomain::make -C ps7_cortexa9_0/libsrc/devcfg_v3_8/src -s include  "SHELL=CMD" "COMPILER=arm-none-eabi-gcc" "ASSEMBLER=arm-none-eabi-as"
TRACE::2026-03-06.19:31:27::SCWBDomain:: "ARCHIVER=arm-none-eabi-ar" "COMPILER_FLAGS=  -O2 -c" "EXTRA_COMPILER_FLAGS=-mcpu=cortex-a9 -mfpu=vfpv3 -mfloat-abi=hard -nost
TRACE::2026-03-06.19:31:27::SCWBDomain::artfiles -g -Wall -Wextra -fno-tree-loop-distribute-patterns"

TRACE::2026-03-06.19:31:27::SCWBDomain::"Running Make include in ps7_cortexa9_0/libsrc/dmaps_v2_11/src"

TRACE::2026-03-06.19:31:27::SCWBDomain::make -C ps7_cortexa9_0/libsrc/dmaps_v2_11/src -s include  "SHELL=CMD" "COMPILER=arm-none-eabi-gcc" "ASSEMBLER=arm-none-eabi-as"
TRACE::2026-03-06.19:31:27::SCWBDomain:: "ARCHIVER=arm-none-eabi-ar" "COMPILER_FLAGS=  -O2 -c" "EXTRA_COMPILER_FLAGS=-mcpu=cortex-a9 -mfpu=vfpv3 -mfloat-abi=hard -nost
TRACE::2026-03-06.19:31:27::SCWBDomain::artfiles -g -Wall -Wextra -fno-tree-loop-distribute-patterns"

TRACE::2026-03-06.19:31:27::SCWBDomain::"Running Make include in ps7_cortexa9_0/libsrc/emacps_v3_21/src"

TRACE::2026-03-06.19:31:27::SCWBDomain::make -C ps7_cortexa9_0/libsrc/emacps_v3_21/src -s include  "SHELL=CMD" "COMPILER=arm-none-eabi-gcc" "ASSEMBLER=arm-none-eabi-as
TRACE::2026-03-06.19:31:27::SCWBDomain::" "ARCHIVER=arm-none-eabi-ar" "COMPILER_FLAGS=  -O2 -c" "EXTRA_COMPILER_FLAGS=-mcpu=cortex-a9 -mfpu=vfpv3 -mfloat-abi=hard -nos
TRACE::2026-03-06.19:31:27::SCWBDomain::tartfiles -g -Wall -Wextra -fno-tree-loop-distribute-patterns"

TRACE::2026-03-06.19:31:27::SCWBDomain::"Running Make include in ps7_cortexa9_0/libsrc/gpiops_v3_13/src"

TRACE::2026-03-06.19:31:27::SCWBDomain::make -C ps7_cortexa9_0/libsrc/gpiops_v3_13/src -s include  "SHELL=CMD" "COMPILER=arm-none-eabi-gcc" "ASSEMBLER=arm-none-eabi-as
TRACE::2026-03-06.19:31:27::SCWBDomain::" "ARCHIVER=arm-none-eabi-ar" "COMPILER_FLAGS=  -O2 -c" "EXTRA_COMPILER_FLAGS=-mcpu=cortex-a9 -mfpu=vfpv3 -mfloat-abi=hard -nos
TRACE::2026-03-06.19:31:27::SCWBDomain::tartfiles -g -Wall -Wextra -fno-tree-loop-distribute-patterns"

TRACE::2026-03-06.19:31:28::SCWBDomain::"Running Make include in ps7_cortexa9_0/libsrc/gpio_v4_12/src"

TRACE::2026-03-06.19:31:28::SCWBDomain::make -C ps7_cortexa9_0/libsrc/gpio_v4_12/src -s include  "SHELL=CMD" "COMPILER=arm-none-eabi-gcc" "ASSEMBLER=arm-none-eabi-as" 
TRACE::2026-03-06.19:31:28::SCWBDomain::"ARCHIVER=arm-none-eabi-ar" "COMPILER_FLAGS=  -O2 -c" "EXTRA_COMPILER_FLAGS=-mcpu=cortex-a9 -mfpu=vfpv3 -mfloat-abi=hard -nosta
TRACE::2026-03-06.19:31:28::SCWBDomain::rtfiles -g -Wall -Wextra -fno-tree-loop-distribute-patterns"

TRACE::2026-03-06.19:31:28::SCWBDomain::"Running Make include in ps7_cortexa9_0/libsrc/qspips_v3_13/src"

TRACE::2026-03-06.19:31:28::SCWBDomain::make -C ps7_cortexa9_0/libsrc/qspips_v3_13/src -s include  "SHELL=CMD" "COMPILER=arm-none-eabi-gcc" "ASSEMBLER=arm-none-eabi-as
TRACE::2026-03-06.19:31:28::SCWBDomain::" "ARCHIVER=arm-none-eabi-ar" "COMPILER_FLAGS=  -O2 -c" "EXTRA_COMPILER_FLAGS=-mcpu=cortex-a9 -mfpu=vfpv3 -mfloat-abi=hard -nos
TRACE::2026-03-06.19:31:28::SCWBDomain::tartfiles -g -Wall -Wextra -fno-tree-loop-distribute-patterns"

TRACE::2026-03-06.19:31:28::SCWBDomain::"Running Make include in ps7_cortexa9_0/libsrc/scugic_v5_4/src"

TRACE::2026-03-06.19:31:28::SCWBDomain::make -C ps7_cortexa9_0/libsrc/scugic_v5_4/src -s include  "SHELL=CMD" "COMPILER=arm-none-eabi-gcc" "ASSEMBLER=arm-none-eabi-as"
TRACE::2026-03-06.19:31:28::SCWBDomain:: "ARCHIVER=arm-none-eabi-ar" "COMPILER_FLAGS=  -O2 -c" "EXTRA_COMPILER_FLAGS=-mcpu=cortex-a9 -mfpu=vfpv3 -mfloat-abi=hard -nost
TRACE::2026-03-06.19:31:28::SCWBDomain::artfiles -g -Wall -Wextra -fno-tree-loop-distribute-patterns"

TRACE::2026-03-06.19:31:28::SCWBDomain::"Running Make include in ps7_cortexa9_0/libsrc/scutimer_v2_6/src"

TRACE::2026-03-06.19:31:28::SCWBDomain::make -C ps7_cortexa9_0/libsrc/scutimer_v2_6/src -s include  "SHELL=CMD" "COMPILER=arm-none-eabi-gcc" "ASSEMBLER=arm-none-eabi-a
TRACE::2026-03-06.19:31:28::SCWBDomain::s" "ARCHIVER=arm-none-eabi-ar" "COMPILER_FLAGS=  -O2 -c" "EXTRA_COMPILER_FLAGS=-mcpu=cortex-a9 -mfpu=vfpv3 -mfloat-abi=hard -no
TRACE::2026-03-06.19:31:28::SCWBDomain::startfiles -g -Wall -Wextra -fno-tree-loop-distribute-patterns"

TRACE::2026-03-06.19:31:28::SCWBDomain::"Running Make include in ps7_cortexa9_0/libsrc/scuwdt_v2_6/src"

TRACE::2026-03-06.19:31:28::SCWBDomain::make -C ps7_cortexa9_0/libsrc/scuwdt_v2_6/src -s include  "SHELL=CMD" "COMPILER=arm-none-eabi-gcc" "ASSEMBLER=arm-none-eabi-as"
TRACE::2026-03-06.19:31:28::SCWBDomain:: "ARCHIVER=arm-none-eabi-ar" "COMPILER_FLAGS=  -O2 -c" "EXTRA_COMPILER_FLAGS=-mcpu=cortex-a9 -mfpu=vfpv3 -mfloat-abi=hard -nost
TRACE::2026-03-06.19:31:28::SCWBDomain::artfiles -g -Wall -Wextra -fno-tree-loop-distribute-patterns"

TRACE::2026-03-06.19:31:28::SCWBDomain::"Running Make include in ps7_cortexa9_0/libsrc/sdps_v4_4/src"

TRACE::2026-03-06.19:31:28::SCWBDomain::make -C ps7_cortexa9_0/libsrc/sdps_v4_4/src -s include  "SHELL=CMD" "COMPILER=arm-none-eabi-gcc" "ASSEMBLER=arm-none-eabi-as" "
TRACE::2026-03-06.19:31:28::SCWBDomain::ARCHIVER=arm-none-eabi-ar" "COMPILER_FLAGS=  -O2 -c" "EXTRA_COMPILER_FLAGS=-mcpu=cortex-a9 -mfpu=vfpv3 -mfloat-abi=hard -nostar
TRACE::2026-03-06.19:31:28::SCWBDomain::tfiles -g -Wall -Wextra -fno-tree-loop-distribute-patterns"

TRACE::2026-03-06.19:31:28::SCWBDomain::"Running Make include in ps7_cortexa9_0/libsrc/standalone_v9_2/src"

TRACE::2026-03-06.19:31:28::SCWBDomain::make -C ps7_cortexa9_0/libsrc/standalone_v9_2/src -s include  "SHELL=CMD" "COMPILER=arm-none-eabi-gcc" "ASSEMBLER=arm-none-eabi
TRACE::2026-03-06.19:31:28::SCWBDomain::-as" "ARCHIVER=arm-none-eabi-ar" "COMPILER_FLAGS=  -O2 -c" "EXTRA_COMPILER_FLAGS=-mcpu=cortex-a9 -mfpu=vfpv3 -mfloat-abi=hard -
TRACE::2026-03-06.19:31:28::SCWBDomain::nostartfiles -g -Wall -Wextra -fno-tree-loop-distribute-patterns"

TRACE::2026-03-06.19:31:30::SCWBDomain::"Running Make include in ps7_cortexa9_0/libsrc/ttcps_v3_20/src"

TRACE::2026-03-06.19:31:30::SCWBDomain::make -C ps7_cortexa9_0/libsrc/ttcps_v3_20/src -s include  "SHELL=CMD" "COMPILER=arm-none-eabi-gcc" "ASSEMBLER=arm-none-eabi-as"
TRACE::2026-03-06.19:31:30::SCWBDomain:: "ARCHIVER=arm-none-eabi-ar" "COMPILER_FLAGS=  -O2 -c" "EXTRA_COMPILER_FLAGS=-mcpu=cortex-a9 -mfpu=vfpv3 -mfloat-abi=hard -nost
TRACE::2026-03-06.19:31:30::SCWBDomain::artfiles -g -Wall -Wextra -fno-tree-loop-distribute-patterns"

TRACE::2026-03-06.19:31:30::SCWBDomain::"Running Make include in ps7_cortexa9_0/libsrc/uartps_v3_15/src"

TRACE::2026-03-06.19:31:30::SCWBDomain::make -C ps7_cortexa9_0/libsrc/uartps_v3_15/src -s include  "SHELL=CMD" "COMPILER=arm-none-eabi-gcc" "ASSEMBLER=arm-none-eabi-as
TRACE::2026-03-06.19:31:30::SCWBDomain::" "ARCHIVER=arm-none-eabi-ar" "COMPILER_FLAGS=  -O2 -c" "EXTRA_COMPILER_FLAGS=-mcpu=cortex-a9 -mfpu=vfpv3 -mfloat-abi=hard -nos
TRACE::2026-03-06.19:31:30::SCWBDomain::tartfiles -g -Wall -Wextra -fno-tree-loop-distribute-patterns"

TRACE::2026-03-06.19:31:30::SCWBDomain::"Running Make include in ps7_cortexa9_0/libsrc/usbps_v2_9/src"

TRACE::2026-03-06.19:31:30::SCWBDomain::make -C ps7_cortexa9_0/libsrc/usbps_v2_9/src -s include  "SHELL=CMD" "COMPILER=arm-none-eabi-gcc" "ASSEMBLER=arm-none-eabi-as" 
TRACE::2026-03-06.19:31:30::SCWBDomain::"ARCHIVER=arm-none-eabi-ar" "COMPILER_FLAGS=  -O2 -c" "EXTRA_COMPILER_FLAGS=-mcpu=cortex-a9 -mfpu=vfpv3 -mfloat-abi=hard -nosta
TRACE::2026-03-06.19:31:30::SCWBDomain::rtfiles -g -Wall -Wextra -fno-tree-loop-distribute-patterns"

TRACE::2026-03-06.19:31:30::SCWBDomain::"Running Make include in ps7_cortexa9_0/libsrc/xadcps_v2_7/src"

TRACE::2026-03-06.19:31:30::SCWBDomain::make -C ps7_cortexa9_0/libsrc/xadcps_v2_7/src -s include  "SHELL=CMD" "COMPILER=arm-none-eabi-gcc" "ASSEMBLER=arm-none-eabi-as"
TRACE::2026-03-06.19:31:30::SCWBDomain:: "ARCHIVER=arm-none-eabi-ar" "COMPILER_FLAGS=  -O2 -c" "EXTRA_COMPILER_FLAGS=-mcpu=cortex-a9 -mfpu=vfpv3 -mfloat-abi=hard -nost
TRACE::2026-03-06.19:31:30::SCWBDomain::artfiles -g -Wall -Wextra -fno-tree-loop-distribute-patterns"

TRACE::2026-03-06.19:31:31::SCWBDomain::"Running Make include in ps7_cortexa9_0/libsrc/xilffs_v5_3/src"

TRACE::2026-03-06.19:31:31::SCWBDomain::make -C ps7_cortexa9_0/libsrc/xilffs_v5_3/src -s include  "SHELL=CMD" "COMPILER=arm-none-eabi-gcc" "ASSEMBLER=arm-none-eabi-as"
TRACE::2026-03-06.19:31:31::SCWBDomain:: "ARCHIVER=arm-none-eabi-ar" "COMPILER_FLAGS=  -O2 -c" "EXTRA_COMPILER_FLAGS=-mcpu=cortex-a9 -mfpu=vfpv3 -mfloat-abi=hard -nost
TRACE::2026-03-06.19:31:31::SCWBDomain::artfiles -g -Wall -Wextra -fno-tree-loop-distribute-patterns"

TRACE::2026-03-06.19:31:31::SCWBDomain::"Running Make include in ps7_cortexa9_0/libsrc/xilrsa_v1_8/src"

TRACE::2026-03-06.19:31:31::SCWBDomain::make -C ps7_cortexa9_0/libsrc/xilrsa_v1_8/src -s include  "SHELL=CMD" "COMPILER=arm-none-eabi-gcc" "ASSEMBLER=arm-none-eabi-as"
TRACE::2026-03-06.19:31:31::SCWBDomain:: "ARCHIVER=arm-none-eabi-ar" "COMPILER_FLAGS=  -O2 -c" "EXTRA_COMPILER_FLAGS=-mcpu=cortex-a9 -mfpu=vfpv3 -mfloat-abi=hard -nost
TRACE::2026-03-06.19:31:31::SCWBDomain::artfiles -g -Wall -Wextra -fno-tree-loop-distribute-patterns"

TRACE::2026-03-06.19:31:31::SCWBDomain::"Running Make libs in ps7_cortexa9_0/libsrc/xilrsa_v1_8/src"

TRACE::2026-03-06.19:31:31::SCWBDomain::make -C ps7_cortexa9_0/libsrc/xilrsa_v1_8/src -s libs  "SHELL=CMD" "COMPILER=arm-none-eabi-gcc" "ASSEMBLER=arm-none-eabi-as" "A
TRACE::2026-03-06.19:31:31::SCWBDomain::RCHIVER=arm-none-eabi-ar" "COMPILER_FLAGS=  -O2 -c" "EXTRA_COMPILER_FLAGS=-mcpu=cortex-a9 -mfpu=vfpv3 -mfloat-abi=hard -nostart
TRACE::2026-03-06.19:31:31::SCWBDomain::files -g -Wall -Wextra -fno-tree-loop-distribute-patterns"

TRACE::2026-03-06.19:31:31::SCWBDomain::'Finished building libraries sequentially.'

TRACE::2026-03-06.19:31:31::SCWBDomain::make -j 22 --no-print-directory par_libs

TRACE::2026-03-06.19:31:31::SCWBDomain::"Running Make include in ps7_cortexa9_0/libsrc/coresightps_dcc_v1_11/src"

TRACE::2026-03-06.19:31:31::SCWBDomain::make -C ps7_cortexa9_0/libsrc/coresightps_dcc_v1_11/src -s include  "SHELL=CMD" "COMPILER=arm-none-eabi-gcc" "ASSEMBLER=arm-non
TRACE::2026-03-06.19:31:31::SCWBDomain::e-eabi-as" "ARCHIVER=arm-none-eabi-ar" "COMPILER_FLAGS=  -O2 -c" "EXTRA_COMPILER_FLAGS=-mcpu=cortex-a9 -mfpu=vfpv3 -mfloat-abi=
TRACE::2026-03-06.19:31:31::SCWBDomain::hard -nostartfiles -g -Wall -Wextra -fno-tree-loop-distribute-patterns"

TRACE::2026-03-06.19:31:31::SCWBDomain::"Running Make include in ps7_cortexa9_0/libsrc/cpu_cortexa9_v2_12/src"

TRACE::2026-03-06.19:31:31::SCWBDomain::make -C ps7_cortexa9_0/libsrc/cpu_cortexa9_v2_12/src -s include  "SHELL=CMD" "COMPILER=arm-none-eabi-gcc" "ASSEMBLER=arm-none-e
TRACE::2026-03-06.19:31:31::SCWBDomain::abi-as" "ARCHIVER=arm-none-eabi-ar" "COMPILER_FLAGS=  -O2 -c" "EXTRA_COMPILER_FLAGS=-mcpu=cortex-a9 -mfpu=vfpv3 -mfloat-abi=har
TRACE::2026-03-06.19:31:31::SCWBDomain::d -nostartfiles -g -Wall -Wextra -fno-tree-loop-distribute-patterns"

TRACE::2026-03-06.19:31:31::SCWBDomain::"Running Make include in ps7_cortexa9_0/libsrc/ddrps_v1_2/src"

TRACE::2026-03-06.19:31:31::SCWBDomain::make -C ps7_cortexa9_0/libsrc/ddrps_v1_2/src -s include  "SHELL=CMD" "COMPILER=arm-none-eabi-gcc" "ASSEMBLER=arm-none-eabi-as" 
TRACE::2026-03-06.19:31:31::SCWBDomain::"ARCHIVER=arm-none-eabi-ar" "COMPILER_FLAGS=  -O2 -c" "EXTRA_COMPILER_FLAGS=-mcpu=cortex-a9 -mfpu=vfpv3 -mfloat-abi=hard -nosta
TRACE::2026-03-06.19:31:31::SCWBDomain::rtfiles -g -Wall -Wextra -fno-tree-loop-distribute-patterns"

TRACE::2026-03-06.19:31:31::SCWBDomain::"Running Make include in ps7_cortexa9_0/libsrc/devcfg_v3_8/src"

TRACE::2026-03-06.19:31:31::SCWBDomain::make -C ps7_cortexa9_0/libsrc/devcfg_v3_8/src -s include  "SHELL=CMD" "COMPILER=arm-none-eabi-gcc" "ASSEMBLER=arm-none-eabi-as"
TRACE::2026-03-06.19:31:31::SCWBDomain:: "ARCHIVER=arm-none-eabi-ar" "COMPILER_FLAGS=  -O2 -c" "EXTRA_COMPILER_FLAGS=-mcpu=cortex-a9 -mfpu=vfpv3 -mfloat-abi=hard -nost
TRACE::2026-03-06.19:31:31::SCWBDomain::artfiles -g -Wall -Wextra -fno-tree-loop-distribute-patterns"

TRACE::2026-03-06.19:31:31::SCWBDomain::"Running Make include in ps7_cortexa9_0/libsrc/dmaps_v2_11/src"

TRACE::2026-03-06.19:31:31::SCWBDomain::make -C ps7_cortexa9_0/libsrc/dmaps_v2_11/src -s include  "SHELL=CMD" "COMPILER=arm-none-eabi-gcc" "ASSEMBLER=arm-none-eabi-as"
TRACE::2026-03-06.19:31:31::SCWBDomain:: "ARCHIVER=arm-none-eabi-ar" "COMPILER_FLAGS=  -O2 -c" "EXTRA_COMPILER_FLAGS=-mcpu=cortex-a9 -mfpu=vfpv3 -mfloat-abi=hard -nost
TRACE::2026-03-06.19:31:31::SCWBDomain::artfiles -g -Wall -Wextra -fno-tree-loop-distribute-patterns"

TRACE::2026-03-06.19:31:31::SCWBDomain::"Running Make include in ps7_cortexa9_0/libsrc/emacps_v3_21/src"

TRACE::2026-03-06.19:31:31::SCWBDomain::make -C ps7_cortexa9_0/libsrc/emacps_v3_21/src -s include  "SHELL=CMD" "COMPILER=arm-none-eabi-gcc" "ASSEMBLER=arm-none-eabi-as
TRACE::2026-03-06.19:31:31::SCWBDomain::" "ARCHIVER=arm-none-eabi-ar" "COMPILER_FLAGS=  -O2 -c" "EXTRA_COMPILER_FLAGS=-mcpu=cortex-a9 -mfpu=vfpv3 -mfloat-abi=hard -nos
TRACE::2026-03-06.19:31:31::SCWBDomain::tartfiles -g -Wall -Wextra -fno-tree-loop-distribute-patterns"

TRACE::2026-03-06.19:31:31::SCWBDomain::"Running Make include in ps7_cortexa9_0/libsrc/gpiops_v3_13/src"

TRACE::2026-03-06.19:31:31::SCWBDomain::make -C ps7_cortexa9_0/libsrc/gpiops_v3_13/src -s include  "SHELL=CMD" "COMPILER=arm-none-eabi-gcc" "ASSEMBLER=arm-none-eabi-as
TRACE::2026-03-06.19:31:31::SCWBDomain::" "ARCHIVER=arm-none-eabi-ar" "COMPILER_FLAGS=  -O2 -c" "EXTRA_COMPILER_FLAGS=-mcpu=cortex-a9 -mfpu=vfpv3 -mfloat-abi=hard -nos
TRACE::2026-03-06.19:31:31::SCWBDomain::tartfiles -g -Wall -Wextra -fno-tree-loop-distribute-patterns"

TRACE::2026-03-06.19:31:31::SCWBDomain::"Running Make include in ps7_cortexa9_0/libsrc/gpio_v4_12/src"

TRACE::2026-03-06.19:31:31::SCWBDomain::make -C ps7_cortexa9_0/libsrc/gpio_v4_12/src -s include  "SHELL=CMD" "COMPILER=arm-none-eabi-gcc" "ASSEMBLER=arm-none-eabi-as" 
TRACE::2026-03-06.19:31:31::SCWBDomain::"ARCHIVER=arm-none-eabi-ar" "COMPILER_FLAGS=  -O2 -c" "EXTRA_COMPILER_FLAGS=-mcpu=cortex-a9 -mfpu=vfpv3 -mfloat-abi=hard -nosta
TRACE::2026-03-06.19:31:31::SCWBDomain::rtfiles -g -Wall -Wextra -fno-tree-loop-distribute-patterns"

TRACE::2026-03-06.19:31:31::SCWBDomain::"Running Make include in ps7_cortexa9_0/libsrc/qspips_v3_13/src"

TRACE::2026-03-06.19:31:31::SCWBDomain::make -C ps7_cortexa9_0/libsrc/qspips_v3_13/src -s include  "SHELL=CMD" "COMPILER=arm-none-eabi-gcc" "ASSEMBLER=arm-none-eabi-as
TRACE::2026-03-06.19:31:31::SCWBDomain::" "ARCHIVER=arm-none-eabi-ar" "COMPILER_FLAGS=  -O2 -c" "EXTRA_COMPILER_FLAGS=-mcpu=cortex-a9 -mfpu=vfpv3 -mfloat-abi=hard -nos
TRACE::2026-03-06.19:31:31::SCWBDomain::tartfiles -g -Wall -Wextra -fno-tree-loop-distribute-patterns"

TRACE::2026-03-06.19:31:31::SCWBDomain::"Running Make include in ps7_cortexa9_0/libsrc/scugic_v5_4/src"

TRACE::2026-03-06.19:31:31::SCWBDomain::make -C ps7_cortexa9_0/libsrc/scugic_v5_4/src -s include  "SHELL=CMD" "COMPILER=arm-none-eabi-gcc" "ASSEMBLER=arm-none-eabi-as"
TRACE::2026-03-06.19:31:31::SCWBDomain:: "ARCHIVER=arm-none-eabi-ar" "COMPILER_FLAGS=  -O2 -c" "EXTRA_COMPILER_FLAGS=-mcpu=cortex-a9 -mfpu=vfpv3 -mfloat-abi=hard -nost
TRACE::2026-03-06.19:31:31::SCWBDomain::artfiles -g -Wall -Wextra -fno-tree-loop-distribute-patterns"

TRACE::2026-03-06.19:31:31::SCWBDomain::"Running Make include in ps7_cortexa9_0/libsrc/scutimer_v2_6/src"

TRACE::2026-03-06.19:31:31::SCWBDomain::make -C ps7_cortexa9_0/libsrc/scutimer_v2_6/src -s include  "SHELL=CMD" "COMPILER=arm-none-eabi-gcc" "ASSEMBLER=arm-none-eabi-a
TRACE::2026-03-06.19:31:31::SCWBDomain::s" "ARCHIVER=arm-none-eabi-ar" "COMPILER_FLAGS=  -O2 -c" "EXTRA_COMPILER_FLAGS=-mcpu=cortex-a9 -mfpu=vfpv3 -mfloat-abi=hard -no
TRACE::2026-03-06.19:31:31::SCWBDomain::startfiles -g -Wall -Wextra -fno-tree-loop-distribute-patterns"

TRACE::2026-03-06.19:31:31::SCWBDomain::"Running Make include in ps7_cortexa9_0/libsrc/scuwdt_v2_6/src"

TRACE::2026-03-06.19:31:31::SCWBDomain::make -C ps7_cortexa9_0/libsrc/scuwdt_v2_6/src -s include  "SHELL=CMD" "COMPILER=arm-none-eabi-gcc" "ASSEMBLER=arm-none-eabi-as"
TRACE::2026-03-06.19:31:31::SCWBDomain:: "ARCHIVER=arm-none-eabi-ar" "COMPILER_FLAGS=  -O2 -c" "EXTRA_COMPILER_FLAGS=-mcpu=cortex-a9 -mfpu=vfpv3 -mfloat-abi=hard -nost
TRACE::2026-03-06.19:31:31::SCWBDomain::artfiles -g -Wall -Wextra -fno-tree-loop-distribute-patterns"

TRACE::2026-03-06.19:31:31::SCWBDomain::"Running Make include in ps7_cortexa9_0/libsrc/sdps_v4_4/src"

TRACE::2026-03-06.19:31:31::SCWBDomain::make -C ps7_cortexa9_0/libsrc/sdps_v4_4/src -s include  "SHELL=CMD" "COMPILER=arm-none-eabi-gcc" "ASSEMBLER=arm-none-eabi-as" "
TRACE::2026-03-06.19:31:31::SCWBDomain::ARCHIVER=arm-none-eabi-ar" "COMPILER_FLAGS=  -O2 -c" "EXTRA_COMPILER_FLAGS=-mcpu=cortex-a9 -mfpu=vfpv3 -mfloat-abi=hard -nostar
TRACE::2026-03-06.19:31:31::SCWBDomain::tfiles -g -Wall -Wextra -fno-tree-loop-distribute-patterns"

TRACE::2026-03-06.19:31:31::SCWBDomain::"Running Make include in ps7_cortexa9_0/libsrc/standalone_v9_2/src"

TRACE::2026-03-06.19:31:31::SCWBDomain::make -C ps7_cortexa9_0/libsrc/standalone_v9_2/src -s include  "SHELL=CMD" "COMPILER=arm-none-eabi-gcc" "ASSEMBLER=arm-none-eabi
TRACE::2026-03-06.19:31:31::SCWBDomain::-as" "ARCHIVER=arm-none-eabi-ar" "COMPILER_FLAGS=  -O2 -c" "EXTRA_COMPILER_FLAGS=-mcpu=cortex-a9 -mfpu=vfpv3 -mfloat-abi=hard -
TRACE::2026-03-06.19:31:31::SCWBDomain::nostartfiles -g -Wall -Wextra -fno-tree-loop-distribute-patterns"

TRACE::2026-03-06.19:31:31::SCWBDomain::"Running Make include in ps7_cortexa9_0/libsrc/ttcps_v3_20/src"

TRACE::2026-03-06.19:31:31::SCWBDomain::make -C ps7_cortexa9_0/libsrc/ttcps_v3_20/src -s include  "SHELL=CMD" "COMPILER=arm-none-eabi-gcc" "ASSEMBLER=arm-none-eabi-as"
TRACE::2026-03-06.19:31:31::SCWBDomain:: "ARCHIVER=arm-none-eabi-ar" "COMPILER_FLAGS=  -O2 -c" "EXTRA_COMPILER_FLAGS=-mcpu=cortex-a9 -mfpu=vfpv3 -mfloat-abi=hard -nost
TRACE::2026-03-06.19:31:31::SCWBDomain::artfiles -g -Wall -Wextra -fno-tree-loop-distribute-patterns"

TRACE::2026-03-06.19:31:31::SCWBDomain::"Running Make include in ps7_cortexa9_0/libsrc/uartps_v3_15/src"

TRACE::2026-03-06.19:31:31::SCWBDomain::make -C ps7_cortexa9_0/libsrc/uartps_v3_15/src -s include  "SHELL=CMD" "COMPILER=arm-none-eabi-gcc" "ASSEMBLER=arm-none-eabi-as
TRACE::2026-03-06.19:31:31::SCWBDomain::" "ARCHIVER=arm-none-eabi-ar" "COMPILER_FLAGS=  -O2 -c" "EXTRA_COMPILER_FLAGS=-mcpu=cortex-a9 -mfpu=vfpv3 -mfloat-abi=hard -nos
TRACE::2026-03-06.19:31:31::SCWBDomain::tartfiles -g -Wall -Wextra -fno-tree-loop-distribute-patterns"

TRACE::2026-03-06.19:31:31::SCWBDomain::"Running Make include in ps7_cortexa9_0/libsrc/usbps_v2_9/src"

TRACE::2026-03-06.19:31:31::SCWBDomain::make -C ps7_cortexa9_0/libsrc/usbps_v2_9/src -s include  "SHELL=CMD" "COMPILER=arm-none-eabi-gcc" "ASSEMBLER=arm-none-eabi-as" 
TRACE::2026-03-06.19:31:31::SCWBDomain::"ARCHIVER=arm-none-eabi-ar" "COMPILER_FLAGS=  -O2 -c" "EXTRA_COMPILER_FLAGS=-mcpu=cortex-a9 -mfpu=vfpv3 -mfloat-abi=hard -nosta
TRACE::2026-03-06.19:31:31::SCWBDomain::rtfiles -g -Wall -Wextra -fno-tree-loop-distribute-patterns"

TRACE::2026-03-06.19:31:31::SCWBDomain::"Running Make include in ps7_cortexa9_0/libsrc/xadcps_v2_7/src"

TRACE::2026-03-06.19:31:31::SCWBDomain::make -C ps7_cortexa9_0/libsrc/xadcps_v2_7/src -s include  "SHELL=CMD" "COMPILER=arm-none-eabi-gcc" "ASSEMBLER=arm-none-eabi-as"
TRACE::2026-03-06.19:31:31::SCWBDomain:: "ARCHIVER=arm-none-eabi-ar" "COMPILER_FLAGS=  -O2 -c" "EXTRA_COMPILER_FLAGS=-mcpu=cortex-a9 -mfpu=vfpv3 -mfloat-abi=hard -nost
TRACE::2026-03-06.19:31:31::SCWBDomain::artfiles -g -Wall -Wextra -fno-tree-loop-distribute-patterns"

TRACE::2026-03-06.19:31:31::SCWBDomain::"Running Make include in ps7_cortexa9_0/libsrc/xilffs_v5_3/src"

TRACE::2026-03-06.19:31:31::SCWBDomain::make -C ps7_cortexa9_0/libsrc/xilffs_v5_3/src -s include  "SHELL=CMD" "COMPILER=arm-none-eabi-gcc" "ASSEMBLER=arm-none-eabi-as"
TRACE::2026-03-06.19:31:31::SCWBDomain:: "ARCHIVER=arm-none-eabi-ar" "COMPILER_FLAGS=  -O2 -c" "EXTRA_COMPILER_FLAGS=-mcpu=cortex-a9 -mfpu=vfpv3 -mfloat-abi=hard -nost
TRACE::2026-03-06.19:31:31::SCWBDomain::artfiles -g -Wall -Wextra -fno-tree-loop-distribute-patterns"

TRACE::2026-03-06.19:31:31::SCWBDomain::"Running Make include in ps7_cortexa9_0/libsrc/xilrsa_v1_8/src"

TRACE::2026-03-06.19:31:31::SCWBDomain::make -C ps7_cortexa9_0/libsrc/xilrsa_v1_8/src -s include  "SHELL=CMD" "COMPILER=arm-none-eabi-gcc" "ASSEMBLER=arm-none-eabi-as"
TRACE::2026-03-06.19:31:31::SCWBDomain:: "ARCHIVER=arm-none-eabi-ar" "COMPILER_FLAGS=  -O2 -c" "EXTRA_COMPILER_FLAGS=-mcpu=cortex-a9 -mfpu=vfpv3 -mfloat-abi=hard -nost
TRACE::2026-03-06.19:31:31::SCWBDomain::artfiles -g -Wall -Wextra -fno-tree-loop-distribute-patterns"

TRACE::2026-03-06.19:31:31::SCWBDomain::"Running Make libs in ps7_cortexa9_0/libsrc/coresightps_dcc_v1_11/src"

TRACE::2026-03-06.19:31:31::SCWBDomain::make -C ps7_cortexa9_0/libsrc/coresightps_dcc_v1_11/src -s libs  "SHELL=CMD" "COMPILER=arm-none-eabi-gcc" "ASSEMBLER=arm-none-e
TRACE::2026-03-06.19:31:31::SCWBDomain::abi-as" "ARCHIVER=arm-none-eabi-ar" "COMPILER_FLAGS=  -O2 -c" "EXTRA_COMPILER_FLAGS=-mcpu=cortex-a9 -mfpu=vfpv3 -mfloat-abi=har
TRACE::2026-03-06.19:31:31::SCWBDomain::d -nostartfiles -g -Wall -Wextra -fno-tree-loop-distribute-patterns"

TRACE::2026-03-06.19:31:31::SCWBDomain::"Running Make libs in ps7_cortexa9_0/libsrc/cpu_cortexa9_v2_12/src"

TRACE::2026-03-06.19:31:31::SCWBDomain::make -C ps7_cortexa9_0/libsrc/cpu_cortexa9_v2_12/src -s libs  "SHELL=CMD" "COMPILER=arm-none-eabi-gcc" "ASSEMBLER=arm-none-eabi
TRACE::2026-03-06.19:31:31::SCWBDomain::-as" "ARCHIVER=arm-none-eabi-ar" "COMPILER_FLAGS=  -O2 -c" "EXTRA_COMPILER_FLAGS=-mcpu=cortex-a9 -mfpu=vfpv3 -mfloat-abi=hard -
TRACE::2026-03-06.19:31:31::SCWBDomain::nostartfiles -g -Wall -Wextra -fno-tree-loop-distribute-patterns"

TRACE::2026-03-06.19:31:31::SCWBDomain::"Running Make libs in ps7_cortexa9_0/libsrc/ddrps_v1_2/src"

TRACE::2026-03-06.19:31:31::SCWBDomain::make -C ps7_cortexa9_0/libsrc/ddrps_v1_2/src -s libs  "SHELL=CMD" "COMPILER=arm-none-eabi-gcc" "ASSEMBLER=arm-none-eabi-as" "AR
TRACE::2026-03-06.19:31:31::SCWBDomain::CHIVER=arm-none-eabi-ar" "COMPILER_FLAGS=  -O2 -c" "EXTRA_COMPILER_FLAGS=-mcpu=cortex-a9 -mfpu=vfpv3 -mfloat-abi=hard -nostartf
TRACE::2026-03-06.19:31:31::SCWBDomain::iles -g -Wall -Wextra -fno-tree-loop-distribute-patterns"

TRACE::2026-03-06.19:31:31::SCWBDomain::"Running Make libs in ps7_cortexa9_0/libsrc/devcfg_v3_8/src"

TRACE::2026-03-06.19:31:32::SCWBDomain::make -C ps7_cortexa9_0/libsrc/devcfg_v3_8/src -s libs  "SHELL=CMD" "COMPILER=arm-none-eabi-gcc" "ASSEMBLER=arm-none-eabi-as" "A
TRACE::2026-03-06.19:31:32::SCWBDomain::RCHIVER=arm-none-eabi-ar" "COMPILER_FLAGS=  -O2 -c" "EXTRA_COMPILER_FLAGS=-mcpu=cortex-a9 -mfpu=vfpv3 -mfloat-abi=hard -nostart
TRACE::2026-03-06.19:31:32::SCWBDomain::files -g -Wall -Wextra -fno-tree-loop-distribute-patterns"

TRACE::2026-03-06.19:31:32::SCWBDomain::"Running Make libs in ps7_cortexa9_0/libsrc/dmaps_v2_11/src"

TRACE::2026-03-06.19:31:32::SCWBDomain::make -C ps7_cortexa9_0/libsrc/dmaps_v2_11/src -s libs  "SHELL=CMD" "COMPILER=arm-none-eabi-gcc" "ASSEMBLER=arm-none-eabi-as" "A
TRACE::2026-03-06.19:31:32::SCWBDomain::RCHIVER=arm-none-eabi-ar" "COMPILER_FLAGS=  -O2 -c" "EXTRA_COMPILER_FLAGS=-mcpu=cortex-a9 -mfpu=vfpv3 -mfloat-abi=hard -nostart
TRACE::2026-03-06.19:31:32::SCWBDomain::files -g -Wall -Wextra -fno-tree-loop-distribute-patterns"

TRACE::2026-03-06.19:31:32::SCWBDomain::"Running Make libs in ps7_cortexa9_0/libsrc/emacps_v3_21/src"

TRACE::2026-03-06.19:31:32::SCWBDomain::make -C ps7_cortexa9_0/libsrc/emacps_v3_21/src -s libs  "SHELL=CMD" "COMPILER=arm-none-eabi-gcc" "ASSEMBLER=arm-none-eabi-as" "
TRACE::2026-03-06.19:31:32::SCWBDomain::ARCHIVER=arm-none-eabi-ar" "COMPILER_FLAGS=  -O2 -c" "EXTRA_COMPILER_FLAGS=-mcpu=cortex-a9 -mfpu=vfpv3 -mfloat-abi=hard -nostar
TRACE::2026-03-06.19:31:32::SCWBDomain::tfiles -g -Wall -Wextra -fno-tree-loop-distribute-patterns"

TRACE::2026-03-06.19:31:32::SCWBDomain::"Running Make libs in ps7_cortexa9_0/libsrc/gpiops_v3_13/src"

TRACE::2026-03-06.19:31:32::SCWBDomain::make -C ps7_cortexa9_0/libsrc/gpiops_v3_13/src -s libs  "SHELL=CMD" "COMPILER=arm-none-eabi-gcc" "ASSEMBLER=arm-none-eabi-as" "
TRACE::2026-03-06.19:31:32::SCWBDomain::ARCHIVER=arm-none-eabi-ar" "COMPILER_FLAGS=  -O2 -c" "EXTRA_COMPILER_FLAGS=-mcpu=cortex-a9 -mfpu=vfpv3 -mfloat-abi=hard -nostar
TRACE::2026-03-06.19:31:32::SCWBDomain::tfiles -g -Wall -Wextra -fno-tree-loop-distribute-patterns"

TRACE::2026-03-06.19:31:32::SCWBDomain::"Running Make libs in ps7_cortexa9_0/libsrc/gpio_v4_12/src"

TRACE::2026-03-06.19:31:32::SCWBDomain::make -C ps7_cortexa9_0/libsrc/gpio_v4_12/src -s libs  "SHELL=CMD" "COMPILER=arm-none-eabi-gcc" "ASSEMBLER=arm-none-eabi-as" "AR
TRACE::2026-03-06.19:31:32::SCWBDomain::CHIVER=arm-none-eabi-ar" "COMPILER_FLAGS=  -O2 -c" "EXTRA_COMPILER_FLAGS=-mcpu=cortex-a9 -mfpu=vfpv3 -mfloat-abi=hard -nostartf
TRACE::2026-03-06.19:31:32::SCWBDomain::iles -g -Wall -Wextra -fno-tree-loop-distribute-patterns"

TRACE::2026-03-06.19:31:32::SCWBDomain::"Running Make libs in ps7_cortexa9_0/libsrc/qspips_v3_13/src"

TRACE::2026-03-06.19:31:32::SCWBDomain::make -C ps7_cortexa9_0/libsrc/qspips_v3_13/src -s libs  "SHELL=CMD" "COMPILER=arm-none-eabi-gcc" "ASSEMBLER=arm-none-eabi-as" "
TRACE::2026-03-06.19:31:32::SCWBDomain::ARCHIVER=arm-none-eabi-ar" "COMPILER_FLAGS=  -O2 -c" "EXTRA_COMPILER_FLAGS=-mcpu=cortex-a9 -mfpu=vfpv3 -mfloat-abi=hard -nostar
TRACE::2026-03-06.19:31:32::SCWBDomain::tfiles -g -Wall -Wextra -fno-tree-loop-distribute-patterns"

TRACE::2026-03-06.19:31:32::SCWBDomain::"Running Make libs in ps7_cortexa9_0/libsrc/scugic_v5_4/src"

TRACE::2026-03-06.19:31:32::SCWBDomain::"Running Make libs in ps7_cortexa9_0/libsrc/scutimer_v2_6/src"

TRACE::2026-03-06.19:31:32::SCWBDomain::make -C ps7_cortexa9_0/libsrc/scugic_v5_4/src -s libs  "SHELL=CMD" "COMPILER=arm-none-eabi-gcc" "ASSEMBLER=arm-none-eabi-as" "A
TRACE::2026-03-06.19:31:32::SCWBDomain::RCHIVER=arm-none-eabi-ar" "COMPILER_FLAGS=  -O2 -c" "EXTRA_COMPILER_FLAGS=-mcpu=cortex-a9 -mfpu=vfpv3 -mfloat-abi=hard -nostart
TRACE::2026-03-06.19:31:32::SCWBDomain::files -g -Wall -Wextra -fno-tree-loop-distribute-patterns"

TRACE::2026-03-06.19:31:32::SCWBDomain::make -C ps7_cortexa9_0/libsrc/scutimer_v2_6/src -s libs  "SHELL=CMD" "COMPILER=arm-none-eabi-gcc" "ASSEMBLER=arm-none-eabi-as" 
TRACE::2026-03-06.19:31:32::SCWBDomain::"ARCHIVER=arm-none-eabi-ar" "COMPILER_FLAGS=  -O2 -c" "EXTRA_COMPILER_FLAGS=-mcpu=cortex-a9 -mfpu=vfpv3 -mfloat-abi=hard -nosta
TRACE::2026-03-06.19:31:32::SCWBDomain::rtfiles -g -Wall -Wextra -fno-tree-loop-distribute-patterns"

TRACE::2026-03-06.19:31:32::SCWBDomain::"Running Make libs in ps7_cortexa9_0/libsrc/scuwdt_v2_6/src"

TRACE::2026-03-06.19:31:32::SCWBDomain::make -C ps7_cortexa9_0/libsrc/scuwdt_v2_6/src -s libs  "SHELL=CMD" "COMPILER=arm-none-eabi-gcc" "ASSEMBLER=arm-none-eabi-as" "A
TRACE::2026-03-06.19:31:32::SCWBDomain::RCHIVER=arm-none-eabi-ar" "COMPILER_FLAGS=  -O2 -c" "EXTRA_COMPILER_FLAGS=-mcpu=cortex-a9 -mfpu=vfpv3 -mfloat-abi=hard -nostart
TRACE::2026-03-06.19:31:32::SCWBDomain::files -g -Wall -Wextra -fno-tree-loop-distribute-patterns"

TRACE::2026-03-06.19:31:32::SCWBDomain::"Running Make libs in ps7_cortexa9_0/libsrc/sdps_v4_4/src"

TRACE::2026-03-06.19:31:32::SCWBDomain::"Running Make libs in ps7_cortexa9_0/libsrc/standalone_v9_2/src"

TRACE::2026-03-06.19:31:32::SCWBDomain::make -C ps7_cortexa9_0/libsrc/sdps_v4_4/src -s libs  "SHELL=CMD" "COMPILER=arm-none-eabi-gcc" "ASSEMBLER=arm-none-eabi-as" "ARC
TRACE::2026-03-06.19:31:32::SCWBDomain::HIVER=arm-none-eabi-ar" "COMPILER_FLAGS=  -O2 -c" "EXTRA_COMPILER_FLAGS=-mcpu=cortex-a9 -mfpu=vfpv3 -mfloat-abi=hard -nostartfi
TRACE::2026-03-06.19:31:32::SCWBDomain::les -g -Wall -Wextra -fno-tree-loop-distribute-patterns"

TRACE::2026-03-06.19:31:33::SCWBDomain::make -C ps7_cortexa9_0/libsrc/standalone_v9_2/src -s libs  "SHELL=CMD" "COMPILER=arm-none-eabi-gcc" "ASSEMBLER=arm-none-eabi-as
TRACE::2026-03-06.19:31:33::SCWBDomain::" "ARCHIVER=arm-none-eabi-ar" "COMPILER_FLAGS=  -O2 -c" "EXTRA_COMPILER_FLAGS=-mcpu=cortex-a9 -mfpu=vfpv3 -mfloat-abi=hard -nos
TRACE::2026-03-06.19:31:33::SCWBDomain::tartfiles -g -Wall -Wextra -fno-tree-loop-distribute-patterns"

TRACE::2026-03-06.19:31:33::SCWBDomain::"Running Make libs in ps7_cortexa9_0/libsrc/ttcps_v3_20/src"

TRACE::2026-03-06.19:31:33::SCWBDomain::make -C ps7_cortexa9_0/libsrc/ttcps_v3_20/src -s libs  "SHELL=CMD" "COMPILER=arm-none-eabi-gcc" "ASSEMBLER=arm-none-eabi-as" "A
TRACE::2026-03-06.19:31:33::SCWBDomain::RCHIVER=arm-none-eabi-ar" "COMPILER_FLAGS=  -O2 -c" "EXTRA_COMPILER_FLAGS=-mcpu=cortex-a9 -mfpu=vfpv3 -mfloat-abi=hard -nostart
TRACE::2026-03-06.19:31:33::SCWBDomain::files -g -Wall -Wextra -fno-tree-loop-distribute-patterns"

TRACE::2026-03-06.19:31:33::SCWBDomain::"Running Make libs in ps7_cortexa9_0/libsrc/uartps_v3_15/src"

TRACE::2026-03-06.19:31:33::SCWBDomain::make -C ps7_cortexa9_0/libsrc/uartps_v3_15/src -s libs  "SHELL=CMD" "COMPILER=arm-none-eabi-gcc" "ASSEMBLER=arm-none-eabi-as" "
TRACE::2026-03-06.19:31:33::SCWBDomain::ARCHIVER=arm-none-eabi-ar" "COMPILER_FLAGS=  -O2 -c" "EXTRA_COMPILER_FLAGS=-mcpu=cortex-a9 -mfpu=vfpv3 -mfloat-abi=hard -nostar
TRACE::2026-03-06.19:31:33::SCWBDomain::tfiles -g -Wall -Wextra -fno-tree-loop-distribute-patterns"

TRACE::2026-03-06.19:31:33::SCWBDomain::"Running Make libs in ps7_cortexa9_0/libsrc/usbps_v2_9/src"

TRACE::2026-03-06.19:31:33::SCWBDomain::make -C ps7_cortexa9_0/libsrc/usbps_v2_9/src -s libs  "SHELL=CMD" "COMPILER=arm-none-eabi-gcc" "ASSEMBLER=arm-none-eabi-as" "AR
TRACE::2026-03-06.19:31:33::SCWBDomain::CHIVER=arm-none-eabi-ar" "COMPILER_FLAGS=  -O2 -c" "EXTRA_COMPILER_FLAGS=-mcpu=cortex-a9 -mfpu=vfpv3 -mfloat-abi=hard -nostartf
TRACE::2026-03-06.19:31:33::SCWBDomain::iles -g -Wall -Wextra -fno-tree-loop-distribute-patterns"

TRACE::2026-03-06.19:31:33::SCWBDomain::"Running Make libs in ps7_cortexa9_0/libsrc/xadcps_v2_7/src"

TRACE::2026-03-06.19:31:33::SCWBDomain::make -C ps7_cortexa9_0/libsrc/xadcps_v2_7/src -s libs  "SHELL=CMD" "COMPILER=arm-none-eabi-gcc" "ASSEMBLER=arm-none-eabi-as" "A
TRACE::2026-03-06.19:31:33::SCWBDomain::RCHIVER=arm-none-eabi-ar" "COMPILER_FLAGS=  -O2 -c" "EXTRA_COMPILER_FLAGS=-mcpu=cortex-a9 -mfpu=vfpv3 -mfloat-abi=hard -nostart
TRACE::2026-03-06.19:31:33::SCWBDomain::files -g -Wall -Wextra -fno-tree-loop-distribute-patterns"

TRACE::2026-03-06.19:31:33::SCWBDomain::"Running Make libs in ps7_cortexa9_0/libsrc/xilffs_v5_3/src"

TRACE::2026-03-06.19:31:33::SCWBDomain::make -C ps7_cortexa9_0/libsrc/xilffs_v5_3/src -s libs  "SHELL=CMD" "COMPILER=arm-none-eabi-gcc" "ASSEMBLER=arm-none-eabi-as" "A
TRACE::2026-03-06.19:31:33::SCWBDomain::RCHIVER=arm-none-eabi-ar" "COMPILER_FLAGS=  -O2 -c" "EXTRA_COMPILER_FLAGS=-mcpu=cortex-a9 -mfpu=vfpv3 -mfloat-abi=hard -nostart
TRACE::2026-03-06.19:31:33::SCWBDomain::files -g -Wall -Wextra -fno-tree-loop-distribute-patterns"

TRACE::2026-03-06.19:31:34::SCWBDomain::'Finished building libraries parallelly.'

TRACE::2026-03-06.19:31:34::SCWBDomain::make --no-print-directory archive

TRACE::2026-03-06.19:31:34::SCWBDomain::arm-none-eabi-ar -r  ps7_cortexa9_0/lib/libxil.a ps7_cortexa9_0/lib/_exit.o ps7_cortexa9_0/lib/_open.o ps7_cortexa9_0/lib/_sbrk
TRACE::2026-03-06.19:31:34::SCWBDomain::.o ps7_cortexa9_0/lib/abort.o ps7_cortexa9_0/lib/asm_vectors.o ps7_cortexa9_0/lib/boot.o ps7_cortexa9_0/lib/close.o ps7_cortexa
TRACE::2026-03-06.19:31:34::SCWBDomain::9_0/lib/cpputest_time.o ps7_cortexa9_0/lib/cpu_init.o ps7_cortexa9_0/lib/errno.o ps7_cortexa9_0/lib/fcntl.o ps7_cortexa9_0/lib/
TRACE::2026-03-06.19:31:34::SCWBDomain::fstat.o ps7_cortexa9_0/lib/getentropy.o ps7_cortexa9_0/lib/getpid.o ps7_cortexa9_0/lib/gettimeofday.o ps7_cortexa9_0/lib/inbyte
TRACE::2026-03-06.19:31:34::SCWBDomain::.o ps7_cortexa9_0/lib/isatty.o ps7_cortexa9_0/lib/kill.o ps7_cortexa9_0/lib/lseek.o ps7_cortexa9_0/lib/open.o ps7_cortexa9_0/li
TRACE::2026-03-06.19:31:34::SCWBDomain::b/outbyte.o ps7_cortexa9_0/lib/print.o ps7_cortexa9_0/lib/putnum.o ps7_cortexa9_0/lib/read.o ps7_cortexa9_0/lib/sbrk.o ps7_cort
TRACE::2026-03-06.19:31:34::SCWBDomain::exa9_0/lib/sleep.o ps7_cortexa9_0/lib/time.o ps7_cortexa9_0/lib/translation_table.o ps7_cortexa9_0/lib/unlink.o ps7_cortexa9_0/
TRACE::2026-03-06.19:31:34::SCWBDomain::lib/usleep.o ps7_cortexa9_0/lib/vectors.o ps7_cortexa9_0/lib/write.o ps7_cortexa9_0/lib/xadcps.o ps7_cortexa9_0/lib/xadcps_g.o 
TRACE::2026-03-06.19:31:34::SCWBDomain::ps7_cortexa9_0/lib/xadcps_intr.o ps7_cortexa9_0/lib/xadcps_selftest.o ps7_cortexa9_0/lib/xadcps_sinit.o ps7_cortexa9_0/lib/xcor
TRACE::2026-03-06.19:31:34::SCWBDomain::esightpsdcc.o ps7_cortexa9_0/lib/xdevcfg.o ps7_cortexa9_0/lib/xdevcfg_g.o ps7_cortexa9_0/lib/xdevcfg_hw.o ps7_cortexa9_0/lib/xd
TRACE::2026-03-06.19:31:34::SCWBDomain::evcfg_intr.o ps7_cortexa9_0/lib/xdevcfg_selftest.o ps7_cortexa9_0/lib/xdevcfg_sinit.o ps7_cortexa9_0/lib/xdmaps.o ps7_cortexa9_
TRACE::2026-03-06.19:31:34::SCWBDomain::0/lib/xdmaps_g.o ps7_cortexa9_0/lib/xdmaps_hw.o ps7_cortexa9_0/lib/xdmaps_selftest.o ps7_cortexa9_0/lib/xdmaps_sinit.o ps7_cort
TRACE::2026-03-06.19:31:34::SCWBDomain::exa9_0/lib/xemacps.o ps7_cortexa9_0/lib/xemacps_bdring.o ps7_cortexa9_0/lib/xemacps_control.o ps7_cortexa9_0/lib/xemacps_g.o ps
TRACE::2026-03-06.19:31:34::SCWBDomain::7_cortexa9_0/lib/xemacps_hw.o ps7_cortexa9_0/lib/xemacps_intr.o ps7_cortexa9_0/lib/xemacps_sinit.o ps7_cortexa9_0/lib/xgpio.o p
TRACE::2026-03-06.19:31:34::SCWBDomain::s7_cortexa9_0/lib/xgpio_extra.o ps7_cortexa9_0/lib/xgpio_g.o ps7_cortexa9_0/lib/xgpio_intr.o ps7_cortexa9_0/lib/xgpio_selftest.
TRACE::2026-03-06.19:31:34::SCWBDomain::o ps7_cortexa9_0/lib/xgpio_sinit.o ps7_cortexa9_0/lib/xgpiops.o ps7_cortexa9_0/lib/xgpiops_g.o ps7_cortexa9_0/lib/xgpiops_hw.o 
TRACE::2026-03-06.19:31:34::SCWBDomain::ps7_cortexa9_0/lib/xgpiops_intr.o ps7_cortexa9_0/lib/xgpiops_selftest.o ps7_cortexa9_0/lib/xgpiops_sinit.o ps7_cortexa9_0/lib/x
TRACE::2026-03-06.19:31:34::SCWBDomain::il-crt0.o ps7_cortexa9_0/lib/xil_assert.o ps7_cortexa9_0/lib/xil_cache.o ps7_cortexa9_0/lib/xil_clocking.o ps7_cortexa9_0/lib/x
TRACE::2026-03-06.19:31:34::SCWBDomain::il_exception.o ps7_cortexa9_0/lib/xil_mem.o ps7_cortexa9_0/lib/xil_misc_psreset_api.o ps7_cortexa9_0/lib/xil_mmu.o ps7_cortexa9
TRACE::2026-03-06.19:31:34::SCWBDomain::_0/lib/xil_printf.o ps7_cortexa9_0/lib/xil_sleepcommon.o ps7_cortexa9_0/lib/xil_sleeptimer.o ps7_cortexa9_0/lib/xil_spinlock.o 
TRACE::2026-03-06.19:31:34::SCWBDomain::ps7_cortexa9_0/lib/xil_sutil.o ps7_cortexa9_0/lib/xil_testcache.o ps7_cortexa9_0/lib/xil_testio.o ps7_cortexa9_0/lib/xil_testme
TRACE::2026-03-06.19:31:34::SCWBDomain::m.o ps7_cortexa9_0/lib/xil_util.o ps7_cortexa9_0/lib/xinterrupt_wrap.o ps7_cortexa9_0/lib/xl2cc_counter.o ps7_cortexa9_0/lib/xp
TRACE::2026-03-06.19:31:34::SCWBDomain::latform_info.o ps7_cortexa9_0/lib/xpm_counter.o ps7_cortexa9_0/lib/xpm_init.o ps7_cortexa9_0/lib/xqspips.o ps7_cortexa9_0/lib/x
TRACE::2026-03-06.19:31:34::SCWBDomain::qspips_g.o ps7_cortexa9_0/lib/xqspips_hw.o ps7_cortexa9_0/lib/xqspips_options.o ps7_cortexa9_0/lib/xqspips_selftest.o ps7_corte
TRACE::2026-03-06.19:31:34::SCWBDomain::xa9_0/lib/xqspips_sinit.o ps7_cortexa9_0/lib/xscugic.o ps7_cortexa9_0/lib/xscugic_g.o ps7_cortexa9_0/lib/xscugic_hw.o ps7_corte
TRACE::2026-03-06.19:31:34::SCWBDomain::xa9_0/lib/xscugic_intr.o ps7_cortexa9_0/lib/xscugic_selftest.o ps7_cortexa9_0/lib/xscugic_sinit.o ps7_cortexa9_0/lib/xscutimer.
TRACE::2026-03-06.19:31:34::SCWBDomain::o ps7_cortexa9_0/lib/xscutimer_g.o ps7_cortexa9_0/lib/xscutimer_selftest.o ps7_cortexa9_0/lib/xscutimer_sinit.o ps7_cortexa9_0/
TRACE::2026-03-06.19:31:34::SCWBDomain::lib/xscuwdt.o ps7_cortexa9_0/lib/xscuwdt_g.o ps7_cortexa9_0/lib/xscuwdt_selftest.o ps7_cortexa9_0/lib/xscuwdt_sinit.o ps7_corte
TRACE::2026-03-06.19:31:34::SCWBDomain::xa9_0/lib/xsdps.o ps7_cortexa9_0/lib/xsdps_card.o ps7_cortexa9_0/lib/xsdps_g.o ps7_cortexa9_0/lib/xsdps_host.o ps7_cortexa9_0/l
TRACE::2026-03-06.19:31:34::SCWBDomain::ib/xsdps_options.o ps7_cortexa9_0/lib/xsdps_sinit.o ps7_cortexa9_0/lib/xtime_l.o ps7_cortexa9_0/lib/xttcps.o ps7_cortexa9_0/lib
TRACE::2026-03-06.19:31:34::SCWBDomain::/xttcps_g.o ps7_cortexa9_0/lib/xttcps_options.o ps7_cortexa9_0/lib/xttcps_selftest.o ps7_cortexa9_0/lib/xttcps_sinit.o ps7_cort
TRACE::2026-03-06.19:31:34::SCWBDomain::exa9_0/lib/xuartps.o ps7_cortexa9_0/lib/xuartps_g.o ps7_cortexa9_0/lib/xuartps_hw.o ps7_cortexa9_0/lib/xuartps_intr.o ps7_corte
TRACE::2026-03-06.19:31:34::SCWBDomain::xa9_0/lib/xuartps_options.o ps7_cortexa9_0/lib/xuartps_selftest.o ps7_cortexa9_0/lib/xuartps_sinit.o ps7_cortexa9_0/lib/xusbps.
TRACE::2026-03-06.19:31:34::SCWBDomain::o ps7_cortexa9_0/lib/xusbps_endpoint.o ps7_cortexa9_0/lib/xusbps_g.o ps7_cortexa9_0/lib/xusbps_hw.o ps7_cortexa9_0/lib/xusbps_i
TRACE::2026-03-06.19:31:34::SCWBDomain::ntr.o ps7_cortexa9_0/lib/xusbps_sinit.o

TRACE::2026-03-06.19:31:35::SCWBDomain::'Finished building libraries'

TRACE::2026-03-06.19:31:35::SCWBDomain::make: Leaving directory 'E:/Git-Repos/CNC-FPGA/Vitis3/CNC-PL7/zynq_fsbl/zynq_fsbl_bsp'

TRACE::2026-03-06.19:31:35::SCWBDomain::arm-none-eabi-gcc  -O2 -c -MMD -MP       -mcpu=cortex-a9 -mfpu=vfpv3 -mfloat-abi=hard  -c sd.c -o sd.o -Izynq_fsbl_bsp/ps7_cort
TRACE::2026-03-06.19:31:35::SCWBDomain::exa9_0/include -I.

TRACE::2026-03-06.19:31:35::SCWBDomain::arm-none-eabi-gcc  -O2 -c -MMD -MP       -mcpu=cortex-a9 -mfpu=vfpv3 -mfloat-abi=hard  -c nand.c -o nand.o -Izynq_fsbl_bsp/ps7_
TRACE::2026-03-06.19:31:35::SCWBDomain::cortexa9_0/include -I.

TRACE::2026-03-06.19:31:35::SCWBDomain::arm-none-eabi-gcc  -O2 -c -MMD -MP       -mcpu=cortex-a9 -mfpu=vfpv3 -mfloat-abi=hard  -c nor.c -o nor.o -Izynq_fsbl_bsp/ps7_co
TRACE::2026-03-06.19:31:35::SCWBDomain::rtexa9_0/include -I.

TRACE::2026-03-06.19:31:35::SCWBDomain::arm-none-eabi-gcc  -O2 -c -MMD -MP       -mcpu=cortex-a9 -mfpu=vfpv3 -mfloat-abi=hard  -c image_mover.c -o image_mover.o -Izynq
TRACE::2026-03-06.19:31:35::SCWBDomain::_fsbl_bsp/ps7_cortexa9_0/include -I.

TRACE::2026-03-06.19:31:36::SCWBDomain::arm-none-eabi-gcc  -O2 -c -MMD -MP       -mcpu=cortex-a9 -mfpu=vfpv3 -mfloat-abi=hard  -c md5.c -o md5.o -Izynq_fsbl_bsp/ps7_co
TRACE::2026-03-06.19:31:36::SCWBDomain::rtexa9_0/include -I.

TRACE::2026-03-06.19:31:36::SCWBDomain::arm-none-eabi-gcc  -O2 -c -MMD -MP       -mcpu=cortex-a9 -mfpu=vfpv3 -mfloat-abi=hard  -c fsbl_hooks.c -o fsbl_hooks.o -Izynq_f
TRACE::2026-03-06.19:31:36::SCWBDomain::sbl_bsp/ps7_cortexa9_0/include -I.

TRACE::2026-03-06.19:31:36::SCWBDomain::arm-none-eabi-gcc  -O2 -c -MMD -MP       -mcpu=cortex-a9 -mfpu=vfpv3 -mfloat-abi=hard  -c main.c -o main.o -Izynq_fsbl_bsp/ps7_
TRACE::2026-03-06.19:31:36::SCWBDomain::cortexa9_0/include -I.

TRACE::2026-03-06.19:31:37::SCWBDomain::arm-none-eabi-gcc  -O2 -c -MMD -MP       -mcpu=cortex-a9 -mfpu=vfpv3 -mfloat-abi=hard  -c rsa.c -o rsa.o -Izynq_fsbl_bsp/ps7_co
TRACE::2026-03-06.19:31:37::SCWBDomain::rtexa9_0/include -I.

TRACE::2026-03-06.19:31:37::SCWBDomain::arm-none-eabi-gcc  -O2 -c -MMD -MP       -mcpu=cortex-a9 -mfpu=vfpv3 -mfloat-abi=hard  -c qspi.c -o qspi.o -Izynq_fsbl_bsp/ps7_
TRACE::2026-03-06.19:31:37::SCWBDomain::cortexa9_0/include -I.

TRACE::2026-03-06.19:31:37::SCWBDomain::arm-none-eabi-gcc  -O2 -c -MMD -MP       -mcpu=cortex-a9 -mfpu=vfpv3 -mfloat-abi=hard  -c ps7_init.c -o ps7_init.o -Izynq_fsbl_
TRACE::2026-03-06.19:31:37::SCWBDomain::bsp/ps7_cortexa9_0/include -I.

TRACE::2026-03-06.19:31:37::SCWBDomain::arm-none-eabi-gcc  -O2 -c -MMD -MP       -mcpu=cortex-a9 -mfpu=vfpv3 -mfloat-abi=hard  -c pcap.c -o pcap.o -Izynq_fsbl_bsp/ps7_
TRACE::2026-03-06.19:31:37::SCWBDomain::cortexa9_0/include -I.

TRACE::2026-03-06.19:31:38::SCWBDomain::arm-none-eabi-gcc  -O2 -c -MMD -MP       -mcpu=cortex-a9 -mfpu=vfpv3 -mfloat-abi=hard  -c fsbl_handoff.S -o fsbl_handoff.o -Izy
TRACE::2026-03-06.19:31:38::SCWBDomain::nq_fsbl_bsp/ps7_cortexa9_0/include -I.

TRACE::2026-03-06.19:31:38::SCWBDomain::arm-none-eabi-gcc -o fsbl.elf fsbl_handoff.o fsbl_hooks.o image_mover.o main.o md5.o nand.o nor.o pcap.o ps7_init.o qspi.o rsa.
TRACE::2026-03-06.19:31:38::SCWBDomain::o sd.o -MMD -MP       -mcpu=cortex-a9 -mfpu=vfpv3 -mfloat-abi=hard   -mcpu=cortex-a9 -mfpu=vfpv3 -mfloat-abi=hard -Wl,-build-id
TRACE::2026-03-06.19:31:38::SCWBDomain::=none -specs=Xilinx.spec  -lrsa -Wl,--start-group,-lxil,-lgcc,-lc,--end-group -Wl,--start-group,-lxilffs,-lxil,-lgcc,-lc,--end-
TRACE::2026-03-06.19:31:38::SCWBDomain::group -Wl,--start-group,-lrsa,-lxil,-lgcc,-lc,--end-group                                         -Wl,--gc-sections -Lzynq_fsbl
TRACE::2026-03-06.19:31:38::SCWBDomain::_bsp/ps7_cortexa9_0/lib -L./ -Tlscript.ld

LOG::2026-03-06.19:31:38::SCWSystem::Checking the domain standalone_domain
LOG::2026-03-06.19:31:38::SCWSystem::Not a boot domain 
LOG::2026-03-06.19:31:38::SCWSystem::Started Processing the domain standalone_domain
TRACE::2026-03-06.19:31:38::SCWDomain::Generating domain artifcats
TRACE::2026-03-06.19:31:38::SCWMssOS::Generating standalone artifcats
TRACE::2026-03-06.19:31:38::SCWMssOS::Copying the qemu file from  E:/Git-Repos/CNC-FPGA/Vitis3/CNC-PL7/resources/CNC-PL7/standalone_domain/qemu_args.txt To E:/Git-Repos/CNC-FPGA/Vitis3/CNC-PL7/export/CNC-PL7/sw/CNC-PL7/qemu/
TRACE::2026-03-06.19:31:38::SCWMssOS::Copying the qemu file from  E:/Git-Repos/CNC-FPGA/Vitis3/CNC-PL7/resources/CNC-PL7/standalone_domain/qemu_args.txt To E:/Git-Repos/CNC-FPGA/Vitis3/CNC-PL7/export/CNC-PL7/sw/CNC-PL7/standalone_domain/qemu/
TRACE::2026-03-06.19:31:38::SCWMssOS:: Copying the user libraries. 
TRACE::2026-03-06.19:31:38::SCWPlatform::Trying to open the hw design at E:/Git-Repos/CNC-FPGA/Vitis3/CNC-PL7/hw/CNC_Top_wrapper.xsa
TRACE::2026-03-06.19:31:38::SCWPlatform::DSA given E:/Git-Repos/CNC-FPGA/Vitis3/CNC-PL7/hw/CNC_Top_wrapper.xsa
TRACE::2026-03-06.19:31:38::SCWPlatform::DSA absoulate path E:/Git-Repos/CNC-FPGA/Vitis3/CNC-PL7/hw/CNC_Top_wrapper.xsa
TRACE::2026-03-06.19:31:38::SCWPlatform::DSA directory E:/Git-Repos/CNC-FPGA/Vitis3/CNC-PL7/hw
TRACE::2026-03-06.19:31:38::SCWPlatform:: Platform Path E:/Git-Repos/CNC-FPGA/Vitis3/CNC-PL7/hw/CNC_Top_wrapper.xsa
TRACE::2026-03-06.19:31:38::SCWPlatform:: Unique name xilinx:zedboard::0.0
TRACE::2026-03-06.19:31:38::SCWPlatform::Trying to set the existing hwdb with name CNC_Top_wrapper_23
TRACE::2026-03-06.19:31:38::SCWPlatform::Opened existing hwdb CNC_Top_wrapper_23
TRACE::2026-03-06.19:31:38::SCWPlatform::Found the Hw Db part of the input DSA
TRACE::2026-03-06.19:31:38::SCWMssOS::Checking the sw design at  E:/Git-Repos/CNC-FPGA/Vitis3/CNC-PL7/ps7_cortexa9_0/standalone_domain/bsp/system.mss
TRACE::2026-03-06.19:31:38::SCWMssOS::DEBUG:  swdes dump  E:/Git-Repos/CNC-FPGA/Vitis3/CNC-PL6/ps7_cortexa9_0/standalone_domain/bsp/system.mss|system_0||
E:/Git-Repos/CNC-FPGA/Vitis3/CNC-PL6/zynq_fsbl/zynq_fsbl_bsp/system.mss|system||
E:/Git-Repos/CNC-FPGA/Vitis3/CNC-PL7/zynq_fsbl/zynq_fsbl_bsp/system.mss|system_2||

TRACE::2026-03-06.19:31:38::SCWMssOS::No sw design opened at  E:/Git-Repos/CNC-FPGA/Vitis3/CNC-PL7/ps7_cortexa9_0/standalone_domain/bsp/system.mss
TRACE::2026-03-06.19:31:38::SCWMssOS::mss exists loading the mss file  E:/Git-Repos/CNC-FPGA/Vitis3/CNC-PL7/ps7_cortexa9_0/standalone_domain/bsp/system.mss
TRACE::2026-03-06.19:31:38::SCWMssOS::Opened the sw design from mss  E:/Git-Repos/CNC-FPGA/Vitis3/CNC-PL7/ps7_cortexa9_0/standalone_domain/bsp/system.mss
TRACE::2026-03-06.19:31:38::SCWMssOS::Adding the swdes entry E:/Git-Repos/CNC-FPGA/Vitis3/CNC-PL7/ps7_cortexa9_0/standalone_domain/bsp/system.mss with des name system_1
TRACE::2026-03-06.19:31:38::SCWMssOS::updating the scw layer about changes
TRACE::2026-03-06.19:31:38::SCWMssOS::Opened the sw design.  E:/Git-Repos/CNC-FPGA/Vitis3/CNC-PL7/ps7_cortexa9_0/standalone_domain/bsp/system.mss
TRACE::2026-03-06.19:31:38::SCWMssOS::Completed writing the mss file at E:/Git-Repos/CNC-FPGA/Vitis3/CNC-PL7/ps7_cortexa9_0/standalone_domain/bsp
TRACE::2026-03-06.19:31:38::SCWMssOS::Mss edits present, copying mssfile into export location E:/Git-Repos/CNC-FPGA/Vitis3/CNC-PL7/ps7_cortexa9_0/standalone_domain/bsp/system.mss
TRACE::2026-03-06.19:31:38::SCWMssOS::bsp generated is upto date with the mss file. Skipping bsp generation.
TRACE::2026-03-06.19:31:38::SCWMssOS::BSP is already built. skipping the bsp build ... 
TRACE::2026-03-06.19:31:38::SCWDomain::Building the domain as part of full build :  standalone_domain
TRACE::2026-03-06.19:31:38::SCWMssOS::doing bsp build ... 
TRACE::2026-03-06.19:31:38::SCWMssOS::System Command Ran  E: & cd  E:/Git-Repos/CNC-FPGA/Vitis3/CNC-PL7/ps7_cortexa9_0/standalone_domain/bsp & make 
TRACE::2026-03-06.19:31:38::SCWMssOS::make --no-print-directory seq_libs

TRACE::2026-03-06.19:31:38::SCWMssOS::'Finished building libraries sequentially.'

TRACE::2026-03-06.19:31:38::SCWMssOS::make -j 22 --no-print-directory par_libs

TRACE::2026-03-06.19:31:38::SCWMssOS::"Running Make include in ps7_cortexa9_0/libsrc/coresightps_dcc_v1_11/src"

TRACE::2026-03-06.19:31:38::SCWMssOS::make -C ps7_cortexa9_0/libsrc/coresightps_dcc_v1_11/src -s include  "SHELL=CMD" "COMPILER=arm-none-eabi-gcc" "ASSEMBLER=arm-non
TRACE::2026-03-06.19:31:38::SCWMssOS::e-eabi-as" "ARCHIVER=arm-none-eabi-ar" "COMPILER_FLAGS=  -O2 -c" "EXTRA_COMPILER_FLAGS=-mcpu=cortex-a9 -mfpu=vfpv3 -mfloat-abi=
TRACE::2026-03-06.19:31:38::SCWMssOS::hard -nostartfiles -g -Wall -Wextra -fno-tree-loop-distribute-patterns"

TRACE::2026-03-06.19:31:38::SCWMssOS::"Running Make include in ps7_cortexa9_0/libsrc/cpu_cortexa9_v2_12/src"

TRACE::2026-03-06.19:31:38::SCWMssOS::make -C ps7_cortexa9_0/libsrc/cpu_cortexa9_v2_12/src -s include  "SHELL=CMD" "COMPILER=arm-none-eabi-gcc" "ASSEMBLER=arm-none-e
TRACE::2026-03-06.19:31:38::SCWMssOS::abi-as" "ARCHIVER=arm-none-eabi-ar" "COMPILER_FLAGS=  -O2 -c" "EXTRA_COMPILER_FLAGS=-mcpu=cortex-a9 -mfpu=vfpv3 -mfloat-abi=har
TRACE::2026-03-06.19:31:38::SCWMssOS::d -nostartfiles -g -Wall -Wextra -fno-tree-loop-distribute-patterns"

TRACE::2026-03-06.19:31:38::SCWMssOS::"Running Make include in ps7_cortexa9_0/libsrc/ddrps_v1_2/src"

TRACE::2026-03-06.19:31:38::SCWMssOS::make -C ps7_cortexa9_0/libsrc/ddrps_v1_2/src -s include  "SHELL=CMD" "COMPILER=arm-none-eabi-gcc" "ASSEMBLER=arm-none-eabi-as" 
TRACE::2026-03-06.19:31:38::SCWMssOS::"ARCHIVER=arm-none-eabi-ar" "COMPILER_FLAGS=  -O2 -c" "EXTRA_COMPILER_FLAGS=-mcpu=cortex-a9 -mfpu=vfpv3 -mfloat-abi=hard -nosta
TRACE::2026-03-06.19:31:38::SCWMssOS::rtfiles -g -Wall -Wextra -fno-tree-loop-distribute-patterns"

TRACE::2026-03-06.19:31:38::SCWMssOS::"Running Make include in ps7_cortexa9_0/libsrc/devcfg_v3_8/src"

TRACE::2026-03-06.19:31:39::SCWMssOS::make -C ps7_cortexa9_0/libsrc/devcfg_v3_8/src -s include  "SHELL=CMD" "COMPILER=arm-none-eabi-gcc" "ASSEMBLER=arm-none-eabi-as"
TRACE::2026-03-06.19:31:39::SCWMssOS:: "ARCHIVER=arm-none-eabi-ar" "COMPILER_FLAGS=  -O2 -c" "EXTRA_COMPILER_FLAGS=-mcpu=cortex-a9 -mfpu=vfpv3 -mfloat-abi=hard -nost
TRACE::2026-03-06.19:31:39::SCWMssOS::artfiles -g -Wall -Wextra -fno-tree-loop-distribute-patterns"

TRACE::2026-03-06.19:31:39::SCWMssOS::"Running Make include in ps7_cortexa9_0/libsrc/dmaps_v2_11/src"

TRACE::2026-03-06.19:31:39::SCWMssOS::make -C ps7_cortexa9_0/libsrc/dmaps_v2_11/src -s include  "SHELL=CMD" "COMPILER=arm-none-eabi-gcc" "ASSEMBLER=arm-none-eabi-as"
TRACE::2026-03-06.19:31:39::SCWMssOS:: "ARCHIVER=arm-none-eabi-ar" "COMPILER_FLAGS=  -O2 -c" "EXTRA_COMPILER_FLAGS=-mcpu=cortex-a9 -mfpu=vfpv3 -mfloat-abi=hard -nost
TRACE::2026-03-06.19:31:39::SCWMssOS::artfiles -g -Wall -Wextra -fno-tree-loop-distribute-patterns"

TRACE::2026-03-06.19:31:39::SCWMssOS::"Running Make include in ps7_cortexa9_0/libsrc/emacps_v3_21/src"

TRACE::2026-03-06.19:31:39::SCWMssOS::make -C ps7_cortexa9_0/libsrc/emacps_v3_21/src -s include  "SHELL=CMD" "COMPILER=arm-none-eabi-gcc" "ASSEMBLER=arm-none-eabi-as
TRACE::2026-03-06.19:31:39::SCWMssOS::" "ARCHIVER=arm-none-eabi-ar" "COMPILER_FLAGS=  -O2 -c" "EXTRA_COMPILER_FLAGS=-mcpu=cortex-a9 -mfpu=vfpv3 -mfloat-abi=hard -nos
TRACE::2026-03-06.19:31:39::SCWMssOS::tartfiles -g -Wall -Wextra -fno-tree-loop-distribute-patterns"

TRACE::2026-03-06.19:31:39::SCWMssOS::"Running Make include in ps7_cortexa9_0/libsrc/gpiops_v3_13/src"

TRACE::2026-03-06.19:31:39::SCWMssOS::make -C ps7_cortexa9_0/libsrc/gpiops_v3_13/src -s include  "SHELL=CMD" "COMPILER=arm-none-eabi-gcc" "ASSEMBLER=arm-none-eabi-as
TRACE::2026-03-06.19:31:39::SCWMssOS::" "ARCHIVER=arm-none-eabi-ar" "COMPILER_FLAGS=  -O2 -c" "EXTRA_COMPILER_FLAGS=-mcpu=cortex-a9 -mfpu=vfpv3 -mfloat-abi=hard -nos
TRACE::2026-03-06.19:31:39::SCWMssOS::tartfiles -g -Wall -Wextra -fno-tree-loop-distribute-patterns"

TRACE::2026-03-06.19:31:39::SCWMssOS::"Running Make include in ps7_cortexa9_0/libsrc/gpio_v4_12/src"

TRACE::2026-03-06.19:31:39::SCWMssOS::make -C ps7_cortexa9_0/libsrc/gpio_v4_12/src -s include  "SHELL=CMD" "COMPILER=arm-none-eabi-gcc" "ASSEMBLER=arm-none-eabi-as" 
TRACE::2026-03-06.19:31:39::SCWMssOS::"ARCHIVER=arm-none-eabi-ar" "COMPILER_FLAGS=  -O2 -c" "EXTRA_COMPILER_FLAGS=-mcpu=cortex-a9 -mfpu=vfpv3 -mfloat-abi=hard -nosta
TRACE::2026-03-06.19:31:39::SCWMssOS::rtfiles -g -Wall -Wextra -fno-tree-loop-distribute-patterns"

TRACE::2026-03-06.19:31:39::SCWMssOS::"Running Make include in ps7_cortexa9_0/libsrc/qspips_v3_13/src"

TRACE::2026-03-06.19:31:39::SCWMssOS::make -C ps7_cortexa9_0/libsrc/qspips_v3_13/src -s include  "SHELL=CMD" "COMPILER=arm-none-eabi-gcc" "ASSEMBLER=arm-none-eabi-as
TRACE::2026-03-06.19:31:39::SCWMssOS::" "ARCHIVER=arm-none-eabi-ar" "COMPILER_FLAGS=  -O2 -c" "EXTRA_COMPILER_FLAGS=-mcpu=cortex-a9 -mfpu=vfpv3 -mfloat-abi=hard -nos
TRACE::2026-03-06.19:31:39::SCWMssOS::tartfiles -g -Wall -Wextra -fno-tree-loop-distribute-patterns"

TRACE::2026-03-06.19:31:39::SCWMssOS::"Running Make include in ps7_cortexa9_0/libsrc/scugic_v5_4/src"

TRACE::2026-03-06.19:31:39::SCWMssOS::make -C ps7_cortexa9_0/libsrc/scugic_v5_4/src -s include  "SHELL=CMD" "COMPILER=arm-none-eabi-gcc" "ASSEMBLER=arm-none-eabi-as"
TRACE::2026-03-06.19:31:39::SCWMssOS:: "ARCHIVER=arm-none-eabi-ar" "COMPILER_FLAGS=  -O2 -c" "EXTRA_COMPILER_FLAGS=-mcpu=cortex-a9 -mfpu=vfpv3 -mfloat-abi=hard -nost
TRACE::2026-03-06.19:31:39::SCWMssOS::artfiles -g -Wall -Wextra -fno-tree-loop-distribute-patterns"

TRACE::2026-03-06.19:31:39::SCWMssOS::"Running Make include in ps7_cortexa9_0/libsrc/scutimer_v2_6/src"

TRACE::2026-03-06.19:31:39::SCWMssOS::make -C ps7_cortexa9_0/libsrc/scutimer_v2_6/src -s include  "SHELL=CMD" "COMPILER=arm-none-eabi-gcc" "ASSEMBLER=arm-none-eabi-a
TRACE::2026-03-06.19:31:39::SCWMssOS::s" "ARCHIVER=arm-none-eabi-ar" "COMPILER_FLAGS=  -O2 -c" "EXTRA_COMPILER_FLAGS=-mcpu=cortex-a9 -mfpu=vfpv3 -mfloat-abi=hard -no
TRACE::2026-03-06.19:31:39::SCWMssOS::startfiles -g -Wall -Wextra -fno-tree-loop-distribute-patterns"

TRACE::2026-03-06.19:31:39::SCWMssOS::"Running Make include in ps7_cortexa9_0/libsrc/scuwdt_v2_6/src"

TRACE::2026-03-06.19:31:39::SCWMssOS::make -C ps7_cortexa9_0/libsrc/scuwdt_v2_6/src -s include  "SHELL=CMD" "COMPILER=arm-none-eabi-gcc" "ASSEMBLER=arm-none-eabi-as"
TRACE::2026-03-06.19:31:39::SCWMssOS:: "ARCHIVER=arm-none-eabi-ar" "COMPILER_FLAGS=  -O2 -c" "EXTRA_COMPILER_FLAGS=-mcpu=cortex-a9 -mfpu=vfpv3 -mfloat-abi=hard -nost
TRACE::2026-03-06.19:31:39::SCWMssOS::artfiles -g -Wall -Wextra -fno-tree-loop-distribute-patterns"

TRACE::2026-03-06.19:31:39::SCWMssOS::"Running Make include in ps7_cortexa9_0/libsrc/sdps_v4_4/src"

TRACE::2026-03-06.19:31:39::SCWMssOS::make -C ps7_cortexa9_0/libsrc/sdps_v4_4/src -s include  "SHELL=CMD" "COMPILER=arm-none-eabi-gcc" "ASSEMBLER=arm-none-eabi-as" "
TRACE::2026-03-06.19:31:39::SCWMssOS::ARCHIVER=arm-none-eabi-ar" "COMPILER_FLAGS=  -O2 -c" "EXTRA_COMPILER_FLAGS=-mcpu=cortex-a9 -mfpu=vfpv3 -mfloat-abi=hard -nostar
TRACE::2026-03-06.19:31:39::SCWMssOS::tfiles -g -Wall -Wextra -fno-tree-loop-distribute-patterns"

TRACE::2026-03-06.19:31:39::SCWMssOS::"Running Make include in ps7_cortexa9_0/libsrc/standalone_v9_2/src"

TRACE::2026-03-06.19:31:39::SCWMssOS::make -C ps7_cortexa9_0/libsrc/standalone_v9_2/src -s include  "SHELL=CMD" "COMPILER=arm-none-eabi-gcc" "ASSEMBLER=arm-none-eabi
TRACE::2026-03-06.19:31:39::SCWMssOS::-as" "ARCHIVER=arm-none-eabi-ar" "COMPILER_FLAGS=  -O2 -c" "EXTRA_COMPILER_FLAGS=-mcpu=cortex-a9 -mfpu=vfpv3 -mfloat-abi=hard -
TRACE::2026-03-06.19:31:39::SCWMssOS::nostartfiles -g -Wall -Wextra -fno-tree-loop-distribute-patterns"

TRACE::2026-03-06.19:31:39::SCWMssOS::"Running Make include in ps7_cortexa9_0/libsrc/ttcps_v3_20/src"

TRACE::2026-03-06.19:31:39::SCWMssOS::make -C ps7_cortexa9_0/libsrc/ttcps_v3_20/src -s include  "SHELL=CMD" "COMPILER=arm-none-eabi-gcc" "ASSEMBLER=arm-none-eabi-as"
TRACE::2026-03-06.19:31:39::SCWMssOS:: "ARCHIVER=arm-none-eabi-ar" "COMPILER_FLAGS=  -O2 -c" "EXTRA_COMPILER_FLAGS=-mcpu=cortex-a9 -mfpu=vfpv3 -mfloat-abi=hard -nost
TRACE::2026-03-06.19:31:39::SCWMssOS::artfiles -g -Wall -Wextra -fno-tree-loop-distribute-patterns"

TRACE::2026-03-06.19:31:39::SCWMssOS::"Running Make include in ps7_cortexa9_0/libsrc/uartps_v3_15/src"

TRACE::2026-03-06.19:31:39::SCWMssOS::make -C ps7_cortexa9_0/libsrc/uartps_v3_15/src -s include  "SHELL=CMD" "COMPILER=arm-none-eabi-gcc" "ASSEMBLER=arm-none-eabi-as
TRACE::2026-03-06.19:31:39::SCWMssOS::" "ARCHIVER=arm-none-eabi-ar" "COMPILER_FLAGS=  -O2 -c" "EXTRA_COMPILER_FLAGS=-mcpu=cortex-a9 -mfpu=vfpv3 -mfloat-abi=hard -nos
TRACE::2026-03-06.19:31:39::SCWMssOS::tartfiles -g -Wall -Wextra -fno-tree-loop-distribute-patterns"

TRACE::2026-03-06.19:31:39::SCWMssOS::"Running Make include in ps7_cortexa9_0/libsrc/usbps_v2_9/src"

TRACE::2026-03-06.19:31:39::SCWMssOS::make -C ps7_cortexa9_0/libsrc/usbps_v2_9/src -s include  "SHELL=CMD" "COMPILER=arm-none-eabi-gcc" "ASSEMBLER=arm-none-eabi-as" 
TRACE::2026-03-06.19:31:39::SCWMssOS::"ARCHIVER=arm-none-eabi-ar" "COMPILER_FLAGS=  -O2 -c" "EXTRA_COMPILER_FLAGS=-mcpu=cortex-a9 -mfpu=vfpv3 -mfloat-abi=hard -nosta
TRACE::2026-03-06.19:31:39::SCWMssOS::rtfiles -g -Wall -Wextra -fno-tree-loop-distribute-patterns"

TRACE::2026-03-06.19:31:39::SCWMssOS::"Running Make include in ps7_cortexa9_0/libsrc/xadcps_v2_7/src"

TRACE::2026-03-06.19:31:39::SCWMssOS::make -C ps7_cortexa9_0/libsrc/xadcps_v2_7/src -s include  "SHELL=CMD" "COMPILER=arm-none-eabi-gcc" "ASSEMBLER=arm-none-eabi-as"
TRACE::2026-03-06.19:31:39::SCWMssOS:: "ARCHIVER=arm-none-eabi-ar" "COMPILER_FLAGS=  -O2 -c" "EXTRA_COMPILER_FLAGS=-mcpu=cortex-a9 -mfpu=vfpv3 -mfloat-abi=hard -nost
TRACE::2026-03-06.19:31:39::SCWMssOS::artfiles -g -Wall -Wextra -fno-tree-loop-distribute-patterns"

TRACE::2026-03-06.19:31:39::SCWMssOS::"Running Make include in ps7_cortexa9_0/libsrc/xilffs_v5_3/src"

TRACE::2026-03-06.19:31:39::SCWMssOS::make -C ps7_cortexa9_0/libsrc/xilffs_v5_3/src -s include  "SHELL=CMD" "COMPILER=arm-none-eabi-gcc" "ASSEMBLER=arm-none-eabi-as"
TRACE::2026-03-06.19:31:39::SCWMssOS:: "ARCHIVER=arm-none-eabi-ar" "COMPILER_FLAGS=  -O2 -c" "EXTRA_COMPILER_FLAGS=-mcpu=cortex-a9 -mfpu=vfpv3 -mfloat-abi=hard -nost
TRACE::2026-03-06.19:31:39::SCWMssOS::artfiles -g -Wall -Wextra -fno-tree-loop-distribute-patterns"

TRACE::2026-03-06.19:31:39::SCWMssOS::"Running Make include in ps7_cortexa9_0/libsrc/xiltimer_v2_1/src"

TRACE::2026-03-06.19:31:39::SCWMssOS::make -C ps7_cortexa9_0/libsrc/xiltimer_v2_1/src -s include  "SHELL=CMD" "COMPILER=arm-none-eabi-gcc" "ASSEMBLER=arm-none-eabi-a
TRACE::2026-03-06.19:31:39::SCWMssOS::s" "ARCHIVER=arm-none-eabi-ar" "COMPILER_FLAGS=  -O2 -c" "EXTRA_COMPILER_FLAGS=-mcpu=cortex-a9 -mfpu=vfpv3 -mfloat-abi=hard -no
TRACE::2026-03-06.19:31:39::SCWMssOS::startfiles -g -Wall -Wextra -fno-tree-loop-distribute-patterns"

TRACE::2026-03-06.19:31:39::SCWMssOS::"Running Make libs in ps7_cortexa9_0/libsrc/coresightps_dcc_v1_11/src"

TRACE::2026-03-06.19:31:40::SCWMssOS::make -C ps7_cortexa9_0/libsrc/coresightps_dcc_v1_11/src -s libs  "SHELL=CMD" "COMPILER=arm-none-eabi-gcc" "ASSEMBLER=arm-none-e
TRACE::2026-03-06.19:31:40::SCWMssOS::abi-as" "ARCHIVER=arm-none-eabi-ar" "COMPILER_FLAGS=  -O2 -c" "EXTRA_COMPILER_FLAGS=-mcpu=cortex-a9 -mfpu=vfpv3 -mfloat-abi=har
TRACE::2026-03-06.19:31:40::SCWMssOS::d -nostartfiles -g -Wall -Wextra -fno-tree-loop-distribute-patterns"

TRACE::2026-03-06.19:31:40::SCWMssOS::"Running Make libs in ps7_cortexa9_0/libsrc/cpu_cortexa9_v2_12/src"

TRACE::2026-03-06.19:31:40::SCWMssOS::make -C ps7_cortexa9_0/libsrc/cpu_cortexa9_v2_12/src -s libs  "SHELL=CMD" "COMPILER=arm-none-eabi-gcc" "ASSEMBLER=arm-none-eabi
TRACE::2026-03-06.19:31:40::SCWMssOS::-as" "ARCHIVER=arm-none-eabi-ar" "COMPILER_FLAGS=  -O2 -c" "EXTRA_COMPILER_FLAGS=-mcpu=cortex-a9 -mfpu=vfpv3 -mfloat-abi=hard -
TRACE::2026-03-06.19:31:40::SCWMssOS::nostartfiles -g -Wall -Wextra -fno-tree-loop-distribute-patterns"

TRACE::2026-03-06.19:31:40::SCWMssOS::"Running Make libs in ps7_cortexa9_0/libsrc/ddrps_v1_2/src"

TRACE::2026-03-06.19:31:40::SCWMssOS::make -C ps7_cortexa9_0/libsrc/ddrps_v1_2/src -s libs  "SHELL=CMD" "COMPILER=arm-none-eabi-gcc" "ASSEMBLER=arm-none-eabi-as" "AR
TRACE::2026-03-06.19:31:40::SCWMssOS::CHIVER=arm-none-eabi-ar" "COMPILER_FLAGS=  -O2 -c" "EXTRA_COMPILER_FLAGS=-mcpu=cortex-a9 -mfpu=vfpv3 -mfloat-abi=hard -nostartf
TRACE::2026-03-06.19:31:40::SCWMssOS::iles -g -Wall -Wextra -fno-tree-loop-distribute-patterns"

TRACE::2026-03-06.19:31:40::SCWMssOS::"Running Make libs in ps7_cortexa9_0/libsrc/devcfg_v3_8/src"

TRACE::2026-03-06.19:31:40::SCWMssOS::make -C ps7_cortexa9_0/libsrc/devcfg_v3_8/src -s libs  "SHELL=CMD" "COMPILER=arm-none-eabi-gcc" "ASSEMBLER=arm-none-eabi-as" "A
TRACE::2026-03-06.19:31:40::SCWMssOS::RCHIVER=arm-none-eabi-ar" "COMPILER_FLAGS=  -O2 -c" "EXTRA_COMPILER_FLAGS=-mcpu=cortex-a9 -mfpu=vfpv3 -mfloat-abi=hard -nostart
TRACE::2026-03-06.19:31:40::SCWMssOS::files -g -Wall -Wextra -fno-tree-loop-distribute-patterns"

TRACE::2026-03-06.19:31:40::SCWMssOS::"Running Make libs in ps7_cortexa9_0/libsrc/dmaps_v2_11/src"

TRACE::2026-03-06.19:31:40::SCWMssOS::make -C ps7_cortexa9_0/libsrc/dmaps_v2_11/src -s libs  "SHELL=CMD" "COMPILER=arm-none-eabi-gcc" "ASSEMBLER=arm-none-eabi-as" "A
TRACE::2026-03-06.19:31:40::SCWMssOS::RCHIVER=arm-none-eabi-ar" "COMPILER_FLAGS=  -O2 -c" "EXTRA_COMPILER_FLAGS=-mcpu=cortex-a9 -mfpu=vfpv3 -mfloat-abi=hard -nostart
TRACE::2026-03-06.19:31:40::SCWMssOS::files -g -Wall -Wextra -fno-tree-loop-distribute-patterns"

TRACE::2026-03-06.19:31:40::SCWMssOS::"Running Make libs in ps7_cortexa9_0/libsrc/emacps_v3_21/src"

TRACE::2026-03-06.19:31:40::SCWMssOS::make -C ps7_cortexa9_0/libsrc/emacps_v3_21/src -s libs  "SHELL=CMD" "COMPILER=arm-none-eabi-gcc" "ASSEMBLER=arm-none-eabi-as" "
TRACE::2026-03-06.19:31:40::SCWMssOS::ARCHIVER=arm-none-eabi-ar" "COMPILER_FLAGS=  -O2 -c" "EXTRA_COMPILER_FLAGS=-mcpu=cortex-a9 -mfpu=vfpv3 -mfloat-abi=hard -nostar
TRACE::2026-03-06.19:31:40::SCWMssOS::tfiles -g -Wall -Wextra -fno-tree-loop-distribute-patterns"

TRACE::2026-03-06.19:31:40::SCWMssOS::"Running Make libs in ps7_cortexa9_0/libsrc/gpiops_v3_13/src"

TRACE::2026-03-06.19:31:40::SCWMssOS::make -C ps7_cortexa9_0/libsrc/gpiops_v3_13/src -s libs  "SHELL=CMD" "COMPILER=arm-none-eabi-gcc" "ASSEMBLER=arm-none-eabi-as" "
TRACE::2026-03-06.19:31:40::SCWMssOS::ARCHIVER=arm-none-eabi-ar" "COMPILER_FLAGS=  -O2 -c" "EXTRA_COMPILER_FLAGS=-mcpu=cortex-a9 -mfpu=vfpv3 -mfloat-abi=hard -nostar
TRACE::2026-03-06.19:31:40::SCWMssOS::tfiles -g -Wall -Wextra -fno-tree-loop-distribute-patterns"

TRACE::2026-03-06.19:31:40::SCWMssOS::"Running Make libs in ps7_cortexa9_0/libsrc/gpio_v4_12/src"

TRACE::2026-03-06.19:31:40::SCWMssOS::make -C ps7_cortexa9_0/libsrc/gpio_v4_12/src -s libs  "SHELL=CMD" "COMPILER=arm-none-eabi-gcc" "ASSEMBLER=arm-none-eabi-as" "AR
TRACE::2026-03-06.19:31:40::SCWMssOS::CHIVER=arm-none-eabi-ar" "COMPILER_FLAGS=  -O2 -c" "EXTRA_COMPILER_FLAGS=-mcpu=cortex-a9 -mfpu=vfpv3 -mfloat-abi=hard -nostartf
TRACE::2026-03-06.19:31:40::SCWMssOS::iles -g -Wall -Wextra -fno-tree-loop-distribute-patterns"

TRACE::2026-03-06.19:31:40::SCWMssOS::"Running Make libs in ps7_cortexa9_0/libsrc/qspips_v3_13/src"

TRACE::2026-03-06.19:31:40::SCWMssOS::make -C ps7_cortexa9_0/libsrc/qspips_v3_13/src -s libs  "SHELL=CMD" "COMPILER=arm-none-eabi-gcc" "ASSEMBLER=arm-none-eabi-as" "
TRACE::2026-03-06.19:31:40::SCWMssOS::ARCHIVER=arm-none-eabi-ar" "COMPILER_FLAGS=  -O2 -c" "EXTRA_COMPILER_FLAGS=-mcpu=cortex-a9 -mfpu=vfpv3 -mfloat-abi=hard -nostar
TRACE::2026-03-06.19:31:40::SCWMssOS::tfiles -g -Wall -Wextra -fno-tree-loop-distribute-patterns"

TRACE::2026-03-06.19:31:40::SCWMssOS::"Running Make libs in ps7_cortexa9_0/libsrc/scugic_v5_4/src"

TRACE::2026-03-06.19:31:40::SCWMssOS::make -C ps7_cortexa9_0/libsrc/scugic_v5_4/src -s libs  "SHELL=CMD" "COMPILER=arm-none-eabi-gcc" "ASSEMBLER=arm-none-eabi-as" "A
TRACE::2026-03-06.19:31:40::SCWMssOS::RCHIVER=arm-none-eabi-ar" "COMPILER_FLAGS=  -O2 -c" "EXTRA_COMPILER_FLAGS=-mcpu=cortex-a9 -mfpu=vfpv3 -mfloat-abi=hard -nostart
TRACE::2026-03-06.19:31:40::SCWMssOS::files -g -Wall -Wextra -fno-tree-loop-distribute-patterns"

TRACE::2026-03-06.19:31:40::SCWMssOS::"Running Make libs in ps7_cortexa9_0/libsrc/scutimer_v2_6/src"

TRACE::2026-03-06.19:31:40::SCWMssOS::make -C ps7_cortexa9_0/libsrc/scutimer_v2_6/src -s libs  "SHELL=CMD" "COMPILER=arm-none-eabi-gcc" "ASSEMBLER=arm-none-eabi-as" 
TRACE::2026-03-06.19:31:40::SCWMssOS::"ARCHIVER=arm-none-eabi-ar" "COMPILER_FLAGS=  -O2 -c" "EXTRA_COMPILER_FLAGS=-mcpu=cortex-a9 -mfpu=vfpv3 -mfloat-abi=hard -nosta
TRACE::2026-03-06.19:31:40::SCWMssOS::rtfiles -g -Wall -Wextra -fno-tree-loop-distribute-patterns"

TRACE::2026-03-06.19:31:40::SCWMssOS::"Running Make libs in ps7_cortexa9_0/libsrc/scuwdt_v2_6/src"

TRACE::2026-03-06.19:31:40::SCWMssOS::make -C ps7_cortexa9_0/libsrc/scuwdt_v2_6/src -s libs  "SHELL=CMD" "COMPILER=arm-none-eabi-gcc" "ASSEMBLER=arm-none-eabi-as" "A
TRACE::2026-03-06.19:31:40::SCWMssOS::RCHIVER=arm-none-eabi-ar" "COMPILER_FLAGS=  -O2 -c" "EXTRA_COMPILER_FLAGS=-mcpu=cortex-a9 -mfpu=vfpv3 -mfloat-abi=hard -nostart
TRACE::2026-03-06.19:31:40::SCWMssOS::files -g -Wall -Wextra -fno-tree-loop-distribute-patterns"

TRACE::2026-03-06.19:31:40::SCWMssOS::"Running Make libs in ps7_cortexa9_0/libsrc/sdps_v4_4/src"

TRACE::2026-03-06.19:31:40::SCWMssOS::make -C ps7_cortexa9_0/libsrc/sdps_v4_4/src -s libs  "SHELL=CMD" "COMPILER=arm-none-eabi-gcc" "ASSEMBLER=arm-none-eabi-as" "ARC
TRACE::2026-03-06.19:31:40::SCWMssOS::HIVER=arm-none-eabi-ar" "COMPILER_FLAGS=  -O2 -c" "EXTRA_COMPILER_FLAGS=-mcpu=cortex-a9 -mfpu=vfpv3 -mfloat-abi=hard -nostartfi
TRACE::2026-03-06.19:31:40::SCWMssOS::les -g -Wall -Wextra -fno-tree-loop-distribute-patterns"

TRACE::2026-03-06.19:31:40::SCWMssOS::"Running Make libs in ps7_cortexa9_0/libsrc/standalone_v9_2/src"

TRACE::2026-03-06.19:31:40::SCWMssOS::make -C ps7_cortexa9_0/libsrc/standalone_v9_2/src -s libs  "SHELL=CMD" "COMPILER=arm-none-eabi-gcc" "ASSEMBLER=arm-none-eabi-as
TRACE::2026-03-06.19:31:40::SCWMssOS::" "ARCHIVER=arm-none-eabi-ar" "COMPILER_FLAGS=  -O2 -c" "EXTRA_COMPILER_FLAGS=-mcpu=cortex-a9 -mfpu=vfpv3 -mfloat-abi=hard -nos
TRACE::2026-03-06.19:31:40::SCWMssOS::tartfiles -g -Wall -Wextra -fno-tree-loop-distribute-patterns"

TRACE::2026-03-06.19:31:40::SCWMssOS::"Running Make libs in ps7_cortexa9_0/libsrc/ttcps_v3_20/src"

TRACE::2026-03-06.19:31:40::SCWMssOS::make -C ps7_cortexa9_0/libsrc/ttcps_v3_20/src -s libs  "SHELL=CMD" "COMPILER=arm-none-eabi-gcc" "ASSEMBLER=arm-none-eabi-as" "A
TRACE::2026-03-06.19:31:40::SCWMssOS::RCHIVER=arm-none-eabi-ar" "COMPILER_FLAGS=  -O2 -c" "EXTRA_COMPILER_FLAGS=-mcpu=cortex-a9 -mfpu=vfpv3 -mfloat-abi=hard -nostart
TRACE::2026-03-06.19:31:40::SCWMssOS::files -g -Wall -Wextra -fno-tree-loop-distribute-patterns"

TRACE::2026-03-06.19:31:40::SCWMssOS::"Running Make libs in ps7_cortexa9_0/libsrc/uartps_v3_15/src"

TRACE::2026-03-06.19:31:40::SCWMssOS::make -C ps7_cortexa9_0/libsrc/uartps_v3_15/src -s libs  "SHELL=CMD" "COMPILER=arm-none-eabi-gcc" "ASSEMBLER=arm-none-eabi-as" "
TRACE::2026-03-06.19:31:40::SCWMssOS::ARCHIVER=arm-none-eabi-ar" "COMPILER_FLAGS=  -O2 -c" "EXTRA_COMPILER_FLAGS=-mcpu=cortex-a9 -mfpu=vfpv3 -mfloat-abi=hard -nostar
TRACE::2026-03-06.19:31:40::SCWMssOS::tfiles -g -Wall -Wextra -fno-tree-loop-distribute-patterns"

TRACE::2026-03-06.19:31:41::SCWMssOS::"Running Make libs in ps7_cortexa9_0/libsrc/usbps_v2_9/src"

TRACE::2026-03-06.19:31:41::SCWMssOS::make -C ps7_cortexa9_0/libsrc/usbps_v2_9/src -s libs  "SHELL=CMD" "COMPILER=arm-none-eabi-gcc" "ASSEMBLER=arm-none-eabi-as" "AR
TRACE::2026-03-06.19:31:41::SCWMssOS::CHIVER=arm-none-eabi-ar" "COMPILER_FLAGS=  -O2 -c" "EXTRA_COMPILER_FLAGS=-mcpu=cortex-a9 -mfpu=vfpv3 -mfloat-abi=hard -nostartf
TRACE::2026-03-06.19:31:41::SCWMssOS::iles -g -Wall -Wextra -fno-tree-loop-distribute-patterns"

TRACE::2026-03-06.19:31:41::SCWMssOS::"Running Make libs in ps7_cortexa9_0/libsrc/xadcps_v2_7/src"

TRACE::2026-03-06.19:31:41::SCWMssOS::make -C ps7_cortexa9_0/libsrc/xadcps_v2_7/src -s libs  "SHELL=CMD" "COMPILER=arm-none-eabi-gcc" "ASSEMBLER=arm-none-eabi-as" "A
TRACE::2026-03-06.19:31:41::SCWMssOS::RCHIVER=arm-none-eabi-ar" "COMPILER_FLAGS=  -O2 -c" "EXTRA_COMPILER_FLAGS=-mcpu=cortex-a9 -mfpu=vfpv3 -mfloat-abi=hard -nostart
TRACE::2026-03-06.19:31:41::SCWMssOS::files -g -Wall -Wextra -fno-tree-loop-distribute-patterns"

TRACE::2026-03-06.19:31:41::SCWMssOS::"Running Make libs in ps7_cortexa9_0/libsrc/xilffs_v5_3/src"

TRACE::2026-03-06.19:31:41::SCWMssOS::make -C ps7_cortexa9_0/libsrc/xilffs_v5_3/src -s libs  "SHELL=CMD" "COMPILER=arm-none-eabi-gcc" "ASSEMBLER=arm-none-eabi-as" "A
TRACE::2026-03-06.19:31:41::SCWMssOS::RCHIVER=arm-none-eabi-ar" "COMPILER_FLAGS=  -O2 -c" "EXTRA_COMPILER_FLAGS=-mcpu=cortex-a9 -mfpu=vfpv3 -mfloat-abi=hard -nostart
TRACE::2026-03-06.19:31:41::SCWMssOS::files -g -Wall -Wextra -fno-tree-loop-distribute-patterns"

TRACE::2026-03-06.19:31:41::SCWMssOS::"Running Make libs in ps7_cortexa9_0/libsrc/xiltimer_v2_1/src"

TRACE::2026-03-06.19:31:41::SCWMssOS::make -C ps7_cortexa9_0/libsrc/xiltimer_v2_1/src -s libs  "SHELL=CMD" "COMPILER=arm-none-eabi-gcc" "ASSEMBLER=arm-none-eabi-as" 
TRACE::2026-03-06.19:31:41::SCWMssOS::"ARCHIVER=arm-none-eabi-ar" "COMPILER_FLAGS=  -O2 -c" "EXTRA_COMPILER_FLAGS=-mcpu=cortex-a9 -mfpu=vfpv3 -mfloat-abi=hard -nosta
TRACE::2026-03-06.19:31:41::SCWMssOS::rtfiles -g -Wall -Wextra -fno-tree-loop-distribute-patterns"

TRACE::2026-03-06.19:31:41::SCWMssOS::"Compiling xiltimer Library"

TRACE::2026-03-06.19:31:42::SCWMssOS::'Finished building libraries parallelly.'

TRACE::2026-03-06.19:31:42::SCWMssOS::make --no-print-directory archive

TRACE::2026-03-06.19:31:42::SCWMssOS::arm-none-eabi-ar -r  ps7_cortexa9_0/lib/libxil.a ps7_cortexa9_0/lib/_exit.o ps7_cortexa9_0/lib/_open.o ps7_cortexa9_0/lib/_sbrk
TRACE::2026-03-06.19:31:42::SCWMssOS::.o ps7_cortexa9_0/lib/abort.o ps7_cortexa9_0/lib/asm_vectors.o ps7_cortexa9_0/lib/boot.o ps7_cortexa9_0/lib/close.o ps7_cortexa
TRACE::2026-03-06.19:31:42::SCWMssOS::9_0/lib/cpputest_time.o ps7_cortexa9_0/lib/cpu_init.o ps7_cortexa9_0/lib/errno.o ps7_cortexa9_0/lib/fcntl.o ps7_cortexa9_0/lib/
TRACE::2026-03-06.19:31:42::SCWMssOS::fstat.o ps7_cortexa9_0/lib/getentropy.o ps7_cortexa9_0/lib/getpid.o ps7_cortexa9_0/lib/gettimeofday.o ps7_cortexa9_0/lib/inbyte
TRACE::2026-03-06.19:31:42::SCWMssOS::.o ps7_cortexa9_0/lib/isatty.o ps7_cortexa9_0/lib/kill.o ps7_cortexa9_0/lib/lseek.o ps7_cortexa9_0/lib/open.o ps7_cortexa9_0/li
TRACE::2026-03-06.19:31:42::SCWMssOS::b/outbyte.o ps7_cortexa9_0/lib/print.o ps7_cortexa9_0/lib/putnum.o ps7_cortexa9_0/lib/read.o ps7_cortexa9_0/lib/sbrk.o ps7_cort
TRACE::2026-03-06.19:31:42::SCWMssOS::exa9_0/lib/time.o ps7_cortexa9_0/lib/translation_table.o ps7_cortexa9_0/lib/unlink.o ps7_cortexa9_0/lib/vectors.o ps7_cortexa9_
TRACE::2026-03-06.19:31:42::SCWMssOS::0/lib/write.o ps7_cortexa9_0/lib/xadcps.o ps7_cortexa9_0/lib/xadcps_g.o ps7_cortexa9_0/lib/xadcps_intr.o ps7_cortexa9_0/lib/xad
TRACE::2026-03-06.19:31:42::SCWMssOS::cps_selftest.o ps7_cortexa9_0/lib/xadcps_sinit.o ps7_cortexa9_0/lib/xcoresightpsdcc.o ps7_cortexa9_0/lib/xdevcfg.o ps7_cortexa9
TRACE::2026-03-06.19:31:42::SCWMssOS::_0/lib/xdevcfg_g.o ps7_cortexa9_0/lib/xdevcfg_hw.o ps7_cortexa9_0/lib/xdevcfg_intr.o ps7_cortexa9_0/lib/xdevcfg_selftest.o ps7_
TRACE::2026-03-06.19:31:42::SCWMssOS::cortexa9_0/lib/xdevcfg_sinit.o ps7_cortexa9_0/lib/xdmaps.o ps7_cortexa9_0/lib/xdmaps_g.o ps7_cortexa9_0/lib/xdmaps_hw.o ps7_cor
TRACE::2026-03-06.19:31:42::SCWMssOS::texa9_0/lib/xdmaps_selftest.o ps7_cortexa9_0/lib/xdmaps_sinit.o ps7_cortexa9_0/lib/xemacps.o ps7_cortexa9_0/lib/xemacps_bdring.
TRACE::2026-03-06.19:31:42::SCWMssOS::o ps7_cortexa9_0/lib/xemacps_control.o ps7_cortexa9_0/lib/xemacps_g.o ps7_cortexa9_0/lib/xemacps_hw.o ps7_cortexa9_0/lib/xemacp
TRACE::2026-03-06.19:31:42::SCWMssOS::s_intr.o ps7_cortexa9_0/lib/xemacps_sinit.o ps7_cortexa9_0/lib/xgpio.o ps7_cortexa9_0/lib/xgpio_extra.o ps7_cortexa9_0/lib/xgpi
TRACE::2026-03-06.19:31:42::SCWMssOS::o_g.o ps7_cortexa9_0/lib/xgpio_intr.o ps7_cortexa9_0/lib/xgpio_selftest.o ps7_cortexa9_0/lib/xgpio_sinit.o ps7_cortexa9_0/lib/x
TRACE::2026-03-06.19:31:42::SCWMssOS::gpiops.o ps7_cortexa9_0/lib/xgpiops_g.o ps7_cortexa9_0/lib/xgpiops_hw.o ps7_cortexa9_0/lib/xgpiops_intr.o ps7_cortexa9_0/lib/xg
TRACE::2026-03-06.19:31:42::SCWMssOS::piops_selftest.o ps7_cortexa9_0/lib/xgpiops_sinit.o ps7_cortexa9_0/lib/xil-crt0.o ps7_cortexa9_0/lib/xil_assert.o ps7_cortexa9_
TRACE::2026-03-06.19:31:42::SCWMssOS::0/lib/xil_cache.o ps7_cortexa9_0/lib/xil_clocking.o ps7_cortexa9_0/lib/xil_exception.o ps7_cortexa9_0/lib/xil_mem.o ps7_cortexa
TRACE::2026-03-06.19:31:42::SCWMssOS::9_0/lib/xil_misc_psreset_api.o ps7_cortexa9_0/lib/xil_mmu.o ps7_cortexa9_0/lib/xil_printf.o ps7_cortexa9_0/lib/xil_spinlock.o p
TRACE::2026-03-06.19:31:42::SCWMssOS::s7_cortexa9_0/lib/xil_sutil.o ps7_cortexa9_0/lib/xil_testcache.o ps7_cortexa9_0/lib/xil_testio.o ps7_cortexa9_0/lib/xil_testmem
TRACE::2026-03-06.19:31:42::SCWMssOS::.o ps7_cortexa9_0/lib/xil_util.o ps7_cortexa9_0/lib/xinterrupt_wrap.o ps7_cortexa9_0/lib/xl2cc_counter.o ps7_cortexa9_0/lib/xpl
TRACE::2026-03-06.19:31:42::SCWMssOS::atform_info.o ps7_cortexa9_0/lib/xpm_counter.o ps7_cortexa9_0/lib/xpm_init.o ps7_cortexa9_0/lib/xqspips.o ps7_cortexa9_0/lib/xq
TRACE::2026-03-06.19:31:42::SCWMssOS::spips_g.o ps7_cortexa9_0/lib/xqspips_hw.o ps7_cortexa9_0/lib/xqspips_options.o ps7_cortexa9_0/lib/xqspips_selftest.o ps7_cortex
TRACE::2026-03-06.19:31:42::SCWMssOS::a9_0/lib/xqspips_sinit.o ps7_cortexa9_0/lib/xscugic.o ps7_cortexa9_0/lib/xscugic_g.o ps7_cortexa9_0/lib/xscugic_hw.o ps7_cortex
TRACE::2026-03-06.19:31:42::SCWMssOS::a9_0/lib/xscugic_intr.o ps7_cortexa9_0/lib/xscugic_selftest.o ps7_cortexa9_0/lib/xscugic_sinit.o ps7_cortexa9_0/lib/xscutimer.o
TRACE::2026-03-06.19:31:42::SCWMssOS:: ps7_cortexa9_0/lib/xscutimer_g.o ps7_cortexa9_0/lib/xscutimer_selftest.o ps7_cortexa9_0/lib/xscutimer_sinit.o ps7_cortexa9_0/l
TRACE::2026-03-06.19:31:42::SCWMssOS::ib/xscuwdt.o ps7_cortexa9_0/lib/xscuwdt_g.o ps7_cortexa9_0/lib/xscuwdt_selftest.o ps7_cortexa9_0/lib/xscuwdt_sinit.o ps7_cortex
TRACE::2026-03-06.19:31:42::SCWMssOS::a9_0/lib/xsdps.o ps7_cortexa9_0/lib/xsdps_card.o ps7_cortexa9_0/lib/xsdps_g.o ps7_cortexa9_0/lib/xsdps_host.o ps7_cortexa9_0/li
TRACE::2026-03-06.19:31:42::SCWMssOS::b/xsdps_options.o ps7_cortexa9_0/lib/xsdps_sinit.o ps7_cortexa9_0/lib/xttcps.o ps7_cortexa9_0/lib/xttcps_g.o ps7_cortexa9_0/lib
TRACE::2026-03-06.19:31:42::SCWMssOS::/xttcps_options.o ps7_cortexa9_0/lib/xttcps_selftest.o ps7_cortexa9_0/lib/xttcps_sinit.o ps7_cortexa9_0/lib/xuartps.o ps7_corte
TRACE::2026-03-06.19:31:42::SCWMssOS::xa9_0/lib/xuartps_g.o ps7_cortexa9_0/lib/xuartps_hw.o ps7_cortexa9_0/lib/xuartps_intr.o ps7_cortexa9_0/lib/xuartps_options.o ps
TRACE::2026-03-06.19:31:42::SCWMssOS::7_cortexa9_0/lib/xuartps_selftest.o ps7_cortexa9_0/lib/xuartps_sinit.o ps7_cortexa9_0/lib/xusbps.o ps7_cortexa9_0/lib/xusbps_en
TRACE::2026-03-06.19:31:42::SCWMssOS::dpoint.o ps7_cortexa9_0/lib/xusbps_g.o ps7_cortexa9_0/lib/xusbps_hw.o ps7_cortexa9_0/lib/xusbps_intr.o ps7_cortexa9_0/lib/xusbp
TRACE::2026-03-06.19:31:42::SCWMssOS::s_sinit.o

TRACE::2026-03-06.19:31:42::SCWMssOS::'Finished building libraries'

TRACE::2026-03-06.19:31:43::SCWMssOS::Copying to export directory.
TRACE::2026-03-06.19:31:43::SCWMssOS:: Checking if to create the Supporting Applications
TRACE::2026-03-06.19:31:43::SCWMssOS:: No Linux domain exists, trying to generate FSBL 
LOG::2026-03-06.19:31:43::SCWSystem::Completed Processing the domain standalone_domain
LOG::2026-03-06.19:31:43::SCWSystem::Completed Processing the sysconfig CNC-PL7
LOG::2026-03-06.19:31:43::SCWPlatform::Completed generating the artifacts for system configuration CNC-PL7
TRACE::2026-03-06.19:31:43::SCWPlatform::Started preparing the platform 
TRACE::2026-03-06.19:31:43::SCWSystem::Writing the bif file for system config CNC-PL7
TRACE::2026-03-06.19:31:43::SCWSystem::dir created 
TRACE::2026-03-06.19:31:43::SCWSystem::Writing the bif 
TRACE::2026-03-06.19:31:43::SCWPlatform::Started writing the spfm file 
TRACE::2026-03-06.19:31:43::SCWPlatform::Started writing the xpfm file 
TRACE::2026-03-06.19:31:43::SCWPlatform::Completed generating the platform
TRACE::2026-03-06.19:31:43::SCWMssOS::Saving the mss changes E:/Git-Repos/CNC-FPGA/Vitis3/CNC-PL7/zynq_fsbl/zynq_fsbl_bsp/system.mss
TRACE::2026-03-06.19:31:43::SCWMssOS::Found a swdesign opened with the mssfile.
TRACE::2026-03-06.19:31:43::SCWMssOS::Completed writemss as part of save.
TRACE::2026-03-06.19:31:43::SCWMssOS::Commit changes completed.
TRACE::2026-03-06.19:31:43::SCWMssOS::Saving the mss changes E:/Git-Repos/CNC-FPGA/Vitis3/CNC-PL7/ps7_cortexa9_0/standalone_domain/bsp/system.mss
TRACE::2026-03-06.19:31:43::SCWMssOS::Found a swdesign opened with the mssfile.
TRACE::2026-03-06.19:31:43::SCWMssOS::Completed writemss as part of save.
TRACE::2026-03-06.19:31:43::SCWMssOS::Commit changes completed.
TRACE::2026-03-06.19:31:43::SCWPlatform::Trying to open the hw design at E:/Git-Repos/CNC-FPGA/Vitis3/CNC-PL7/hw/CNC_Top_wrapper.xsa
TRACE::2026-03-06.19:31:43::SCWPlatform::DSA given E:/Git-Repos/CNC-FPGA/Vitis3/CNC-PL7/hw/CNC_Top_wrapper.xsa
TRACE::2026-03-06.19:31:43::SCWPlatform::DSA absoulate path E:/Git-Repos/CNC-FPGA/Vitis3/CNC-PL7/hw/CNC_Top_wrapper.xsa
TRACE::2026-03-06.19:31:43::SCWPlatform::DSA directory E:/Git-Repos/CNC-FPGA/Vitis3/CNC-PL7/hw
TRACE::2026-03-06.19:31:43::SCWPlatform:: Platform Path E:/Git-Repos/CNC-FPGA/Vitis3/CNC-PL7/hw/CNC_Top_wrapper.xsa
TRACE::2026-03-06.19:31:43::SCWPlatform:: Unique name xilinx:zedboard::0.0
TRACE::2026-03-06.19:31:43::SCWPlatform::Trying to set the existing hwdb with name CNC_Top_wrapper_23
TRACE::2026-03-06.19:31:43::SCWPlatform::Opened existing hwdb CNC_Top_wrapper_23
TRACE::2026-03-06.19:31:43::SCWPlatform::Found the Hw Db part of the input DSA
TRACE::2026-03-06.19:31:43::SCWMssOS::Checking the sw design at  E:/Git-Repos/CNC-FPGA/Vitis3/CNC-PL7/zynq_fsbl/zynq_fsbl_bsp/system.mss
TRACE::2026-03-06.19:31:43::SCWMssOS::DEBUG:  swdes dump  E:/Git-Repos/CNC-FPGA/Vitis3/CNC-PL6/ps7_cortexa9_0/standalone_domain/bsp/system.mss|system_0||
E:/Git-Repos/CNC-FPGA/Vitis3/CNC-PL6/zynq_fsbl/zynq_fsbl_bsp/system.mss|system||
E:/Git-Repos/CNC-FPGA/Vitis3/CNC-PL7/ps7_cortexa9_0/standalone_domain/bsp/system.mss|system_1||
E:/Git-Repos/CNC-FPGA/Vitis3/CNC-PL7/zynq_fsbl/zynq_fsbl_bsp/system.mss|system_2||

TRACE::2026-03-06.19:31:43::SCWMssOS::Sw design exists and opened at  E:/Git-Repos/CNC-FPGA/Vitis3/CNC-PL7/zynq_fsbl/zynq_fsbl_bsp/system.mss
TRACE::2026-03-06.19:31:43::SCWPlatform::Trying to open the hw design at E:/Git-Repos/CNC-FPGA/Vitis3/CNC-PL7/hw/CNC_Top_wrapper.xsa
TRACE::2026-03-06.19:31:43::SCWPlatform::DSA given E:/Git-Repos/CNC-FPGA/Vitis3/CNC-PL7/hw/CNC_Top_wrapper.xsa
TRACE::2026-03-06.19:31:43::SCWPlatform::DSA absoulate path E:/Git-Repos/CNC-FPGA/Vitis3/CNC-PL7/hw/CNC_Top_wrapper.xsa
TRACE::2026-03-06.19:31:43::SCWPlatform::DSA directory E:/Git-Repos/CNC-FPGA/Vitis3/CNC-PL7/hw
TRACE::2026-03-06.19:31:43::SCWPlatform:: Platform Path E:/Git-Repos/CNC-FPGA/Vitis3/CNC-PL7/hw/CNC_Top_wrapper.xsa
TRACE::2026-03-06.19:31:43::SCWPlatform:: Unique name xilinx:zedboard::0.0
TRACE::2026-03-06.19:31:43::SCWPlatform::Trying to set the existing hwdb with name CNC_Top_wrapper_23
TRACE::2026-03-06.19:31:43::SCWPlatform::Opened existing hwdb CNC_Top_wrapper_23
TRACE::2026-03-06.19:31:43::SCWPlatform::Found the Hw Db part of the input DSA
TRACE::2026-03-06.19:31:43::SCWMssOS::Checking the sw design at  E:/Git-Repos/CNC-FPGA/Vitis3/CNC-PL7/ps7_cortexa9_0/standalone_domain/bsp/system.mss
TRACE::2026-03-06.19:31:43::SCWMssOS::DEBUG:  swdes dump  E:/Git-Repos/CNC-FPGA/Vitis3/CNC-PL6/ps7_cortexa9_0/standalone_domain/bsp/system.mss|system_0||
E:/Git-Repos/CNC-FPGA/Vitis3/CNC-PL6/zynq_fsbl/zynq_fsbl_bsp/system.mss|system||
E:/Git-Repos/CNC-FPGA/Vitis3/CNC-PL7/ps7_cortexa9_0/standalone_domain/bsp/system.mss|system_1||
E:/Git-Repos/CNC-FPGA/Vitis3/CNC-PL7/zynq_fsbl/zynq_fsbl_bsp/system.mss|system_2||

TRACE::2026-03-06.19:31:43::SCWMssOS::Sw design exists and opened at  E:/Git-Repos/CNC-FPGA/Vitis3/CNC-PL7/ps7_cortexa9_0/standalone_domain/bsp/system.mss
TRACE::2026-03-06.19:31:43::SCWWriter::formatted JSON is {
	"platformName":	"CNC-PL7",
	"sprVersion":	"2.0",
	"mode":	"gui",
	"dsaType":	"Fixed",
	"platformDesc":	"CNC-PL7",
	"platHandOff":	"E:/Git-Repos/CNC-FPGA/Zedboard-CNC/CNC_Top_wrapper.xsa",
	"platIntHandOff":	"<platformDir>/hw/CNC_Top_wrapper.xsa",
	"deviceType":	"zynq",
	"platIsPrebuiltAutogen":	"false",
	"platIsNoBootBsp":	"false",
	"hasFsblMakeHasChanges":	"false",
	"hasPmufwMakeHasChanges":	"false",
	"fsblExtraCompilerFlags":	"-MMD -MP       -mcpu=cortex-a9 -mfpu=vfpv3 -mfloat-abi=hard ",
	"platPreBuiltFlag":	false,
	"platformSamplesDir":	"",
	"platActiveSys":	"CNC-PL7",
	"systems":	[{
			"systemName":	"CNC-PL7",
			"systemDesc":	"CNC-PL7",
			"sysIsBootAutoGen":	"true",
			"systemDispName":	"CNC-PL7",
			"sysActiveDom":	"standalone_domain",
			"sysDefaultDom":	"standalone_domain",
			"domains":	[{
					"domainName":	"zynq_fsbl",
					"domainDispName":	"zynq_fsbl",
					"domainDesc":	"FSBL Application BSP - Auto Generated.",
					"processors":	"ps7_cortexa9_0",
					"os":	"standalone",
					"sdxOs":	"standalone",
					"debugEnable":	"",
					"domRuntimes":	["cpp"],
					"swRepo":	"",
					"mssOsVer":	"9.2",
					"mssFile":	"",
					"md5Digest":	"8e05dff6cf2b7a5e245cc7c2f785ee81",
					"compatibleApp":	"zynq_fsbl",
					"domType":	"bootDomain",
					"arch":	"32-bit",
					"appSettings":	{
						"appCompilerFlags":	"",
						"appLinkerFlags":	""
					},
					"addedLibs":	["xilffs:5.3", "xilrsa:1.8"],
					"libOptions":	{
						"libsContainingOptions":	[]
					},
					"prebuiltLibs":	{
						"prebuiltIncPath":	[],
						"prebuiltLibPath":	[]
					},
					"isolation":	{
					}
				}, {
					"domainName":	"standalone_domain",
					"domainDispName":	"standalone on ps7_cortexa9_0",
					"domainDesc":	"standalone_domain",
					"processors":	"ps7_cortexa9_0",
					"os":	"standalone",
					"sdxOs":	"standalone",
					"qemuArgs":	"<platformDir>/resources/CNC-PL7/standalone_domain/qemu_args.txt",
					"qemuData":	"<platformDir>/resources/CNC-PL7/standalone_domain/qemu",
					"debugEnable":	"False",
					"domRuntimes":	["cpp"],
					"swRepo":	"",
					"mssOsVer":	"9.2",
					"mssFile":	"",
					"md5Digest":	"c640075ff209ed2086a63792a36be901",
					"compatibleApp":	"",
					"domType":	"mssDomain",
					"appSettings":	{
						"appCompilerFlags":	"",
						"appLinkerFlags":	""
					},
					"addedLibs":	["xilffs:5.3", "xiltimer:2.1"],
					"libOptions":	{
						"libsContainingOptions":	[]
					},
					"prebuiltLibs":	{
						"prebuiltIncPath":	[],
						"prebuiltLibPath":	[]
					},
					"isolation":	{
					}
				}]
		}]
}
KEYINFO::2026-03-06.19:31:43::SCWPlatform::updated the xpfm file.
TRACE::2026-03-06.19:31:43::SCWPlatform::Trying to open the hw design at E:/Git-Repos/CNC-FPGA/Vitis3/CNC-PL7/hw/CNC_Top_wrapper.xsa
TRACE::2026-03-06.19:31:43::SCWPlatform::DSA given E:/Git-Repos/CNC-FPGA/Vitis3/CNC-PL7/hw/CNC_Top_wrapper.xsa
TRACE::2026-03-06.19:31:43::SCWPlatform::DSA absoulate path E:/Git-Repos/CNC-FPGA/Vitis3/CNC-PL7/hw/CNC_Top_wrapper.xsa
TRACE::2026-03-06.19:31:43::SCWPlatform::DSA directory E:/Git-Repos/CNC-FPGA/Vitis3/CNC-PL7/hw
TRACE::2026-03-06.19:31:43::SCWPlatform:: Platform Path E:/Git-Repos/CNC-FPGA/Vitis3/CNC-PL7/hw/CNC_Top_wrapper.xsa
TRACE::2026-03-06.19:31:43::SCWPlatform:: Unique name xilinx:zedboard::0.0
TRACE::2026-03-06.19:31:43::SCWPlatform::Trying to set the existing hwdb with name CNC_Top_wrapper_23
TRACE::2026-03-06.19:31:43::SCWPlatform::Opened existing hwdb CNC_Top_wrapper_23
TRACE::2026-03-06.19:31:43::SCWPlatform::Found the Hw Db part of the input DSA
TRACE::2026-03-06.19:31:43::SCWMssOS::Checking the sw design at  E:/Git-Repos/CNC-FPGA/Vitis3/CNC-PL7/ps7_cortexa9_0/standalone_domain/bsp/system.mss
TRACE::2026-03-06.19:31:43::SCWMssOS::DEBUG:  swdes dump  E:/Git-Repos/CNC-FPGA/Vitis3/CNC-PL6/ps7_cortexa9_0/standalone_domain/bsp/system.mss|system_0||
E:/Git-Repos/CNC-FPGA/Vitis3/CNC-PL6/zynq_fsbl/zynq_fsbl_bsp/system.mss|system||
E:/Git-Repos/CNC-FPGA/Vitis3/CNC-PL7/ps7_cortexa9_0/standalone_domain/bsp/system.mss|system_1||
E:/Git-Repos/CNC-FPGA/Vitis3/CNC-PL7/zynq_fsbl/zynq_fsbl_bsp/system.mss|system_2||

TRACE::2026-03-06.19:31:43::SCWMssOS::Sw design exists and opened at  E:/Git-Repos/CNC-FPGA/Vitis3/CNC-PL7/ps7_cortexa9_0/standalone_domain/bsp/system.mss
TRACE::2026-03-06.19:32:35::SCWPlatform::Trying to open the hw design at E:/Git-Repos/CNC-FPGA/Vitis3/CNC-PL7/hw/CNC_Top_wrapper.xsa
TRACE::2026-03-06.19:32:35::SCWPlatform::DSA given E:/Git-Repos/CNC-FPGA/Vitis3/CNC-PL7/hw/CNC_Top_wrapper.xsa
TRACE::2026-03-06.19:32:35::SCWPlatform::DSA absoulate path E:/Git-Repos/CNC-FPGA/Vitis3/CNC-PL7/hw/CNC_Top_wrapper.xsa
TRACE::2026-03-06.19:32:35::SCWPlatform::DSA directory E:/Git-Repos/CNC-FPGA/Vitis3/CNC-PL7/hw
TRACE::2026-03-06.19:32:35::SCWPlatform:: Platform Path E:/Git-Repos/CNC-FPGA/Vitis3/CNC-PL7/hw/CNC_Top_wrapper.xsa
TRACE::2026-03-06.19:32:35::SCWPlatform:: Unique name xilinx:zedboard::0.0
TRACE::2026-03-06.19:32:35::SCWPlatform::Trying to set the existing hwdb with name CNC_Top_wrapper_23
TRACE::2026-03-06.19:32:35::SCWPlatform::Opened existing hwdb CNC_Top_wrapper_23
TRACE::2026-03-06.19:32:35::SCWPlatform::Found the Hw Db part of the input DSA
TRACE::2026-03-06.19:32:35::SCWMssOS::Checking the sw design at  E:/Git-Repos/CNC-FPGA/Vitis3/CNC-PL7/zynq_fsbl/zynq_fsbl_bsp/system.mss
TRACE::2026-03-06.19:32:35::SCWMssOS::DEBUG:  swdes dump  E:/Git-Repos/CNC-FPGA/Vitis3/CNC-PL6/ps7_cortexa9_0/standalone_domain/bsp/system.mss|system_0||
E:/Git-Repos/CNC-FPGA/Vitis3/CNC-PL6/zynq_fsbl/zynq_fsbl_bsp/system.mss|system||
E:/Git-Repos/CNC-FPGA/Vitis3/CNC-PL7/ps7_cortexa9_0/standalone_domain/bsp/system.mss|system_1||
E:/Git-Repos/CNC-FPGA/Vitis3/CNC-PL7/zynq_fsbl/zynq_fsbl_bsp/system.mss|system_2||

TRACE::2026-03-06.19:32:35::SCWMssOS::Sw design exists and opened at  E:/Git-Repos/CNC-FPGA/Vitis3/CNC-PL7/zynq_fsbl/zynq_fsbl_bsp/system.mss
TRACE::2026-03-06.19:32:42::SCWMssOS::In reload Mss file.
TRACE::2026-03-06.19:32:42::SCWPlatform::Trying to open the hw design at E:/Git-Repos/CNC-FPGA/Vitis3/CNC-PL7/hw/CNC_Top_wrapper.xsa
TRACE::2026-03-06.19:32:42::SCWPlatform::DSA given E:/Git-Repos/CNC-FPGA/Vitis3/CNC-PL7/hw/CNC_Top_wrapper.xsa
TRACE::2026-03-06.19:32:42::SCWPlatform::DSA absoulate path E:/Git-Repos/CNC-FPGA/Vitis3/CNC-PL7/hw/CNC_Top_wrapper.xsa
TRACE::2026-03-06.19:32:42::SCWPlatform::DSA directory E:/Git-Repos/CNC-FPGA/Vitis3/CNC-PL7/hw
TRACE::2026-03-06.19:32:42::SCWPlatform:: Platform Path E:/Git-Repos/CNC-FPGA/Vitis3/CNC-PL7/hw/CNC_Top_wrapper.xsa
TRACE::2026-03-06.19:32:42::SCWPlatform:: Unique name xilinx:zedboard::0.0
TRACE::2026-03-06.19:32:42::SCWPlatform::Trying to set the existing hwdb with name CNC_Top_wrapper_23
TRACE::2026-03-06.19:32:42::SCWPlatform::Opened existing hwdb CNC_Top_wrapper_23
TRACE::2026-03-06.19:32:42::SCWPlatform::Found the Hw Db part of the input DSA
TRACE::2026-03-06.19:32:42::SCWMssOS::Checking the sw design at  E:/Git-Repos/CNC-FPGA/Vitis3/CNC-PL7/zynq_fsbl/zynq_fsbl_bsp/system.mss
TRACE::2026-03-06.19:32:42::SCWMssOS::DEBUG:  swdes dump  E:/Git-Repos/CNC-FPGA/Vitis3/CNC-PL6/ps7_cortexa9_0/standalone_domain/bsp/system.mss|system_0||
E:/Git-Repos/CNC-FPGA/Vitis3/CNC-PL6/zynq_fsbl/zynq_fsbl_bsp/system.mss|system||
E:/Git-Repos/CNC-FPGA/Vitis3/CNC-PL7/ps7_cortexa9_0/standalone_domain/bsp/system.mss|system_1||

TRACE::2026-03-06.19:32:42::SCWMssOS::No sw design opened at  E:/Git-Repos/CNC-FPGA/Vitis3/CNC-PL7/zynq_fsbl/zynq_fsbl_bsp/system.mss
TRACE::2026-03-06.19:32:42::SCWMssOS::mss exists loading the mss file  E:/Git-Repos/CNC-FPGA/Vitis3/CNC-PL7/zynq_fsbl/zynq_fsbl_bsp/system.mss
TRACE::2026-03-06.19:32:42::SCWMssOS::Opened the sw design from mss  E:/Git-Repos/CNC-FPGA/Vitis3/CNC-PL7/zynq_fsbl/zynq_fsbl_bsp/system.mss
TRACE::2026-03-06.19:32:42::SCWMssOS::Adding the swdes entry E:/Git-Repos/CNC-FPGA/Vitis3/CNC-PL7/zynq_fsbl/zynq_fsbl_bsp/system.mss with des name system_2
TRACE::2026-03-06.19:32:42::SCWMssOS::updating the scw layer about changes
TRACE::2026-03-06.19:32:42::SCWMssOS::Opened the sw design.  E:/Git-Repos/CNC-FPGA/Vitis3/CNC-PL7/zynq_fsbl/zynq_fsbl_bsp/system.mss
TRACE::2026-03-06.19:32:42::SCWPlatform::Trying to open the hw design at E:/Git-Repos/CNC-FPGA/Vitis3/CNC-PL7/hw/CNC_Top_wrapper.xsa
TRACE::2026-03-06.19:32:42::SCWPlatform::DSA given E:/Git-Repos/CNC-FPGA/Vitis3/CNC-PL7/hw/CNC_Top_wrapper.xsa
TRACE::2026-03-06.19:32:42::SCWPlatform::DSA absoulate path E:/Git-Repos/CNC-FPGA/Vitis3/CNC-PL7/hw/CNC_Top_wrapper.xsa
TRACE::2026-03-06.19:32:42::SCWPlatform::DSA directory E:/Git-Repos/CNC-FPGA/Vitis3/CNC-PL7/hw
TRACE::2026-03-06.19:32:42::SCWPlatform:: Platform Path E:/Git-Repos/CNC-FPGA/Vitis3/CNC-PL7/hw/CNC_Top_wrapper.xsa
TRACE::2026-03-06.19:32:42::SCWPlatform:: Unique name xilinx:zedboard::0.0
TRACE::2026-03-06.19:32:42::SCWPlatform::Trying to set the existing hwdb with name CNC_Top_wrapper_23
TRACE::2026-03-06.19:32:42::SCWPlatform::Opened existing hwdb CNC_Top_wrapper_23
TRACE::2026-03-06.19:32:42::SCWPlatform::Found the Hw Db part of the input DSA
TRACE::2026-03-06.19:32:42::SCWMssOS::Checking the sw design at  E:/Git-Repos/CNC-FPGA/Vitis3/CNC-PL7/zynq_fsbl/zynq_fsbl_bsp/system.mss
TRACE::2026-03-06.19:32:42::SCWMssOS::DEBUG:  swdes dump  E:/Git-Repos/CNC-FPGA/Vitis3/CNC-PL6/ps7_cortexa9_0/standalone_domain/bsp/system.mss|system_0||
E:/Git-Repos/CNC-FPGA/Vitis3/CNC-PL6/zynq_fsbl/zynq_fsbl_bsp/system.mss|system||
E:/Git-Repos/CNC-FPGA/Vitis3/CNC-PL7/ps7_cortexa9_0/standalone_domain/bsp/system.mss|system_1||
E:/Git-Repos/CNC-FPGA/Vitis3/CNC-PL7/zynq_fsbl/zynq_fsbl_bsp/system.mss|system_2||

TRACE::2026-03-06.19:32:42::SCWMssOS::Sw design exists and opened at  E:/Git-Repos/CNC-FPGA/Vitis3/CNC-PL7/zynq_fsbl/zynq_fsbl_bsp/system.mss
TRACE::2026-03-06.19:32:42::SCWMssOS:: library already available in sw design:  xilffs:5.3
TRACE::2026-03-06.19:32:42::SCWPlatform::Trying to open the hw design at E:/Git-Repos/CNC-FPGA/Vitis3/CNC-PL7/hw/CNC_Top_wrapper.xsa
TRACE::2026-03-06.19:32:42::SCWPlatform::DSA given E:/Git-Repos/CNC-FPGA/Vitis3/CNC-PL7/hw/CNC_Top_wrapper.xsa
TRACE::2026-03-06.19:32:42::SCWPlatform::DSA absoulate path E:/Git-Repos/CNC-FPGA/Vitis3/CNC-PL7/hw/CNC_Top_wrapper.xsa
TRACE::2026-03-06.19:32:42::SCWPlatform::DSA directory E:/Git-Repos/CNC-FPGA/Vitis3/CNC-PL7/hw
TRACE::2026-03-06.19:32:42::SCWPlatform:: Platform Path E:/Git-Repos/CNC-FPGA/Vitis3/CNC-PL7/hw/CNC_Top_wrapper.xsa
TRACE::2026-03-06.19:32:42::SCWPlatform:: Unique name xilinx:zedboard::0.0
TRACE::2026-03-06.19:32:42::SCWPlatform::Trying to set the existing hwdb with name CNC_Top_wrapper_23
TRACE::2026-03-06.19:32:42::SCWPlatform::Opened existing hwdb CNC_Top_wrapper_23
TRACE::2026-03-06.19:32:42::SCWPlatform::Found the Hw Db part of the input DSA
TRACE::2026-03-06.19:32:42::SCWMssOS::Checking the sw design at  E:/Git-Repos/CNC-FPGA/Vitis3/CNC-PL7/zynq_fsbl/zynq_fsbl_bsp/system.mss
TRACE::2026-03-06.19:32:42::SCWMssOS::DEBUG:  swdes dump  E:/Git-Repos/CNC-FPGA/Vitis3/CNC-PL6/ps7_cortexa9_0/standalone_domain/bsp/system.mss|system_0||
E:/Git-Repos/CNC-FPGA/Vitis3/CNC-PL6/zynq_fsbl/zynq_fsbl_bsp/system.mss|system||
E:/Git-Repos/CNC-FPGA/Vitis3/CNC-PL7/ps7_cortexa9_0/standalone_domain/bsp/system.mss|system_1||
E:/Git-Repos/CNC-FPGA/Vitis3/CNC-PL7/zynq_fsbl/zynq_fsbl_bsp/system.mss|system_2||

TRACE::2026-03-06.19:32:42::SCWMssOS::Sw design exists and opened at  E:/Git-Repos/CNC-FPGA/Vitis3/CNC-PL7/zynq_fsbl/zynq_fsbl_bsp/system.mss
TRACE::2026-03-06.19:32:42::SCWMssOS:: library already available in sw design:  xilrsa:1.8
TRACE::2026-03-06.19:32:42::SCWMssOS::Saving the mss changes E:/Git-Repos/CNC-FPGA/Vitis3/CNC-PL7/zynq_fsbl/zynq_fsbl_bsp/system.mss
TRACE::2026-03-06.19:32:42::SCWMssOS::Found a swdesign opened with the mssfile.
TRACE::2026-03-06.19:32:42::SCWMssOS::Completed writemss as part of save.
TRACE::2026-03-06.19:32:42::SCWMssOS::Commit changes completed.
TRACE::2026-03-06.19:32:42::SCWPlatform::Trying to open the hw design at E:/Git-Repos/CNC-FPGA/Vitis3/CNC-PL7/hw/CNC_Top_wrapper.xsa
TRACE::2026-03-06.19:32:42::SCWPlatform::DSA given E:/Git-Repos/CNC-FPGA/Vitis3/CNC-PL7/hw/CNC_Top_wrapper.xsa
TRACE::2026-03-06.19:32:42::SCWPlatform::DSA absoulate path E:/Git-Repos/CNC-FPGA/Vitis3/CNC-PL7/hw/CNC_Top_wrapper.xsa
TRACE::2026-03-06.19:32:42::SCWPlatform::DSA directory E:/Git-Repos/CNC-FPGA/Vitis3/CNC-PL7/hw
TRACE::2026-03-06.19:32:42::SCWPlatform:: Platform Path E:/Git-Repos/CNC-FPGA/Vitis3/CNC-PL7/hw/CNC_Top_wrapper.xsa
TRACE::2026-03-06.19:32:42::SCWPlatform:: Unique name xilinx:zedboard::0.0
TRACE::2026-03-06.19:32:42::SCWPlatform::Trying to set the existing hwdb with name CNC_Top_wrapper_23
TRACE::2026-03-06.19:32:42::SCWPlatform::Opened existing hwdb CNC_Top_wrapper_23
TRACE::2026-03-06.19:32:42::SCWPlatform::Found the Hw Db part of the input DSA
TRACE::2026-03-06.19:32:42::SCWMssOS::Checking the sw design at  E:/Git-Repos/CNC-FPGA/Vitis3/CNC-PL7/zynq_fsbl/zynq_fsbl_bsp/system.mss
TRACE::2026-03-06.19:32:42::SCWMssOS::DEBUG:  swdes dump  E:/Git-Repos/CNC-FPGA/Vitis3/CNC-PL6/ps7_cortexa9_0/standalone_domain/bsp/system.mss|system_0||
E:/Git-Repos/CNC-FPGA/Vitis3/CNC-PL6/zynq_fsbl/zynq_fsbl_bsp/system.mss|system||
E:/Git-Repos/CNC-FPGA/Vitis3/CNC-PL7/ps7_cortexa9_0/standalone_domain/bsp/system.mss|system_1||
E:/Git-Repos/CNC-FPGA/Vitis3/CNC-PL7/zynq_fsbl/zynq_fsbl_bsp/system.mss|system_2||

TRACE::2026-03-06.19:32:42::SCWMssOS::Sw design exists and opened at  E:/Git-Repos/CNC-FPGA/Vitis3/CNC-PL7/zynq_fsbl/zynq_fsbl_bsp/system.mss
TRACE::2026-03-06.19:32:42::SCWMssOS::Removing the swdes entry for  E:/Git-Repos/CNC-FPGA/Vitis3/CNC-PL7/zynq_fsbl/zynq_fsbl_bsp/system.mss
TRACE::2026-03-06.19:32:44::SCWPlatform::Trying to open the hw design at E:/Git-Repos/CNC-FPGA/Vitis3/CNC-PL7/hw/CNC_Top_wrapper.xsa
TRACE::2026-03-06.19:32:44::SCWPlatform::DSA given E:/Git-Repos/CNC-FPGA/Vitis3/CNC-PL7/hw/CNC_Top_wrapper.xsa
TRACE::2026-03-06.19:32:44::SCWPlatform::DSA absoulate path E:/Git-Repos/CNC-FPGA/Vitis3/CNC-PL7/hw/CNC_Top_wrapper.xsa
TRACE::2026-03-06.19:32:44::SCWPlatform::DSA directory E:/Git-Repos/CNC-FPGA/Vitis3/CNC-PL7/hw
TRACE::2026-03-06.19:32:44::SCWPlatform:: Platform Path E:/Git-Repos/CNC-FPGA/Vitis3/CNC-PL7/hw/CNC_Top_wrapper.xsa
TRACE::2026-03-06.19:32:44::SCWPlatform:: Unique name xilinx:zedboard::0.0
TRACE::2026-03-06.19:32:44::SCWPlatform::Trying to set the existing hwdb with name CNC_Top_wrapper_23
TRACE::2026-03-06.19:32:44::SCWPlatform::Opened existing hwdb CNC_Top_wrapper_23
TRACE::2026-03-06.19:32:44::SCWPlatform::Found the Hw Db part of the input DSA
TRACE::2026-03-06.19:32:44::SCWMssOS::Checking the sw design at  E:/Git-Repos/CNC-FPGA/Vitis3/CNC-PL7/ps7_cortexa9_0/standalone_domain/bsp/system.mss
TRACE::2026-03-06.19:32:44::SCWMssOS::DEBUG:  swdes dump  E:/Git-Repos/CNC-FPGA/Vitis3/CNC-PL6/ps7_cortexa9_0/standalone_domain/bsp/system.mss|system_0||
E:/Git-Repos/CNC-FPGA/Vitis3/CNC-PL6/zynq_fsbl/zynq_fsbl_bsp/system.mss|system||
E:/Git-Repos/CNC-FPGA/Vitis3/CNC-PL7/ps7_cortexa9_0/standalone_domain/bsp/system.mss|system_1||

TRACE::2026-03-06.19:32:44::SCWMssOS::Sw design exists and opened at  E:/Git-Repos/CNC-FPGA/Vitis3/CNC-PL7/ps7_cortexa9_0/standalone_domain/bsp/system.mss
TRACE::2026-03-06.19:32:47::SCWPlatform::Trying to open the hw design at E:/Git-Repos/CNC-FPGA/Vitis3/CNC-PL7/hw/CNC_Top_wrapper.xsa
TRACE::2026-03-06.19:32:47::SCWPlatform::DSA given E:/Git-Repos/CNC-FPGA/Vitis3/CNC-PL7/hw/CNC_Top_wrapper.xsa
TRACE::2026-03-06.19:32:47::SCWPlatform::DSA absoulate path E:/Git-Repos/CNC-FPGA/Vitis3/CNC-PL7/hw/CNC_Top_wrapper.xsa
TRACE::2026-03-06.19:32:47::SCWPlatform::DSA directory E:/Git-Repos/CNC-FPGA/Vitis3/CNC-PL7/hw
TRACE::2026-03-06.19:32:47::SCWPlatform:: Platform Path E:/Git-Repos/CNC-FPGA/Vitis3/CNC-PL7/hw/CNC_Top_wrapper.xsa
TRACE::2026-03-06.19:32:47::SCWPlatform:: Unique name xilinx:zedboard::0.0
TRACE::2026-03-06.19:32:47::SCWPlatform::Trying to set the existing hwdb with name CNC_Top_wrapper_23
TRACE::2026-03-06.19:32:47::SCWPlatform::Opened existing hwdb CNC_Top_wrapper_23
TRACE::2026-03-06.19:32:47::SCWPlatform::Found the Hw Db part of the input DSA
TRACE::2026-03-06.19:32:47::SCWMssOS::Checking the sw design at  E:/Git-Repos/CNC-FPGA/Vitis3/CNC-PL7/ps7_cortexa9_0/standalone_domain/bsp/system.mss
TRACE::2026-03-06.19:32:47::SCWMssOS::DEBUG:  swdes dump  E:/Git-Repos/CNC-FPGA/Vitis3/CNC-PL6/ps7_cortexa9_0/standalone_domain/bsp/system.mss|system_0||
E:/Git-Repos/CNC-FPGA/Vitis3/CNC-PL6/zynq_fsbl/zynq_fsbl_bsp/system.mss|system||
E:/Git-Repos/CNC-FPGA/Vitis3/CNC-PL7/ps7_cortexa9_0/standalone_domain/bsp/system.mss|system_1||

TRACE::2026-03-06.19:32:47::SCWMssOS::Sw design exists and opened at  E:/Git-Repos/CNC-FPGA/Vitis3/CNC-PL7/ps7_cortexa9_0/standalone_domain/bsp/system.mss
TRACE::2026-03-06.19:32:49::SCWMssOS::Saving the mss changes E:/Git-Repos/CNC-FPGA/Vitis3/CNC-PL7/zynq_fsbl/zynq_fsbl_bsp/system.mss
TRACE::2026-03-06.19:32:49::SCWMssOS::Adding the swdes entry, mss present, able to open swdb E:/Git-Repos/CNC-FPGA/Vitis3/CNC-PL7/zynq_fsbl/zynq_fsbl_bsp/system.mss with des name system_2
TRACE::2026-03-06.19:32:49::SCWMssOS::Writing the mss file completed E:/Git-Repos/CNC-FPGA/Vitis3/CNC-PL7/zynq_fsbl/zynq_fsbl_bsp/system.mss
TRACE::2026-03-06.19:32:49::SCWMssOS::Commit changes completed.
TRACE::2026-03-06.19:32:49::SCWMssOS::Saving the mss changes E:/Git-Repos/CNC-FPGA/Vitis3/CNC-PL7/ps7_cortexa9_0/standalone_domain/bsp/system.mss
TRACE::2026-03-06.19:32:49::SCWMssOS::Found a swdesign opened with the mssfile.
TRACE::2026-03-06.19:32:49::SCWMssOS::Completed writemss as part of save.
TRACE::2026-03-06.19:32:49::SCWMssOS::Commit changes completed.
TRACE::2026-03-06.19:32:49::SCWPlatform::Trying to open the hw design at E:/Git-Repos/CNC-FPGA/Vitis3/CNC-PL7/hw/CNC_Top_wrapper.xsa
TRACE::2026-03-06.19:32:49::SCWPlatform::DSA given E:/Git-Repos/CNC-FPGA/Vitis3/CNC-PL7/hw/CNC_Top_wrapper.xsa
TRACE::2026-03-06.19:32:49::SCWPlatform::DSA absoulate path E:/Git-Repos/CNC-FPGA/Vitis3/CNC-PL7/hw/CNC_Top_wrapper.xsa
TRACE::2026-03-06.19:32:49::SCWPlatform::DSA directory E:/Git-Repos/CNC-FPGA/Vitis3/CNC-PL7/hw
TRACE::2026-03-06.19:32:49::SCWPlatform:: Platform Path E:/Git-Repos/CNC-FPGA/Vitis3/CNC-PL7/hw/CNC_Top_wrapper.xsa
TRACE::2026-03-06.19:32:49::SCWPlatform:: Unique name xilinx:zedboard::0.0
TRACE::2026-03-06.19:32:49::SCWPlatform::Trying to set the existing hwdb with name CNC_Top_wrapper_23
TRACE::2026-03-06.19:32:49::SCWPlatform::Opened existing hwdb CNC_Top_wrapper_23
TRACE::2026-03-06.19:32:49::SCWPlatform::Found the Hw Db part of the input DSA
TRACE::2026-03-06.19:32:49::SCWMssOS::Checking the sw design at  E:/Git-Repos/CNC-FPGA/Vitis3/CNC-PL7/zynq_fsbl/zynq_fsbl_bsp/system.mss
TRACE::2026-03-06.19:32:49::SCWMssOS::DEBUG:  swdes dump  E:/Git-Repos/CNC-FPGA/Vitis3/CNC-PL6/ps7_cortexa9_0/standalone_domain/bsp/system.mss|system_0||
E:/Git-Repos/CNC-FPGA/Vitis3/CNC-PL6/zynq_fsbl/zynq_fsbl_bsp/system.mss|system||
E:/Git-Repos/CNC-FPGA/Vitis3/CNC-PL7/ps7_cortexa9_0/standalone_domain/bsp/system.mss|system_1||
E:/Git-Repos/CNC-FPGA/Vitis3/CNC-PL7/zynq_fsbl/zynq_fsbl_bsp/system.mss|system_2||

TRACE::2026-03-06.19:32:49::SCWMssOS::Sw design exists and opened at  E:/Git-Repos/CNC-FPGA/Vitis3/CNC-PL7/zynq_fsbl/zynq_fsbl_bsp/system.mss
TRACE::2026-03-06.19:32:49::SCWPlatform::Trying to open the hw design at E:/Git-Repos/CNC-FPGA/Vitis3/CNC-PL7/hw/CNC_Top_wrapper.xsa
TRACE::2026-03-06.19:32:49::SCWPlatform::DSA given E:/Git-Repos/CNC-FPGA/Vitis3/CNC-PL7/hw/CNC_Top_wrapper.xsa
TRACE::2026-03-06.19:32:49::SCWPlatform::DSA absoulate path E:/Git-Repos/CNC-FPGA/Vitis3/CNC-PL7/hw/CNC_Top_wrapper.xsa
TRACE::2026-03-06.19:32:49::SCWPlatform::DSA directory E:/Git-Repos/CNC-FPGA/Vitis3/CNC-PL7/hw
TRACE::2026-03-06.19:32:49::SCWPlatform:: Platform Path E:/Git-Repos/CNC-FPGA/Vitis3/CNC-PL7/hw/CNC_Top_wrapper.xsa
TRACE::2026-03-06.19:32:49::SCWPlatform:: Unique name xilinx:zedboard::0.0
TRACE::2026-03-06.19:32:49::SCWPlatform::Trying to set the existing hwdb with name CNC_Top_wrapper_23
TRACE::2026-03-06.19:32:49::SCWPlatform::Opened existing hwdb CNC_Top_wrapper_23
TRACE::2026-03-06.19:32:49::SCWPlatform::Found the Hw Db part of the input DSA
TRACE::2026-03-06.19:32:49::SCWMssOS::Checking the sw design at  E:/Git-Repos/CNC-FPGA/Vitis3/CNC-PL7/ps7_cortexa9_0/standalone_domain/bsp/system.mss
TRACE::2026-03-06.19:32:49::SCWMssOS::DEBUG:  swdes dump  E:/Git-Repos/CNC-FPGA/Vitis3/CNC-PL6/ps7_cortexa9_0/standalone_domain/bsp/system.mss|system_0||
E:/Git-Repos/CNC-FPGA/Vitis3/CNC-PL6/zynq_fsbl/zynq_fsbl_bsp/system.mss|system||
E:/Git-Repos/CNC-FPGA/Vitis3/CNC-PL7/ps7_cortexa9_0/standalone_domain/bsp/system.mss|system_1||
E:/Git-Repos/CNC-FPGA/Vitis3/CNC-PL7/zynq_fsbl/zynq_fsbl_bsp/system.mss|system_2||

TRACE::2026-03-06.19:32:49::SCWMssOS::Sw design exists and opened at  E:/Git-Repos/CNC-FPGA/Vitis3/CNC-PL7/ps7_cortexa9_0/standalone_domain/bsp/system.mss
TRACE::2026-03-06.19:32:49::SCWWriter::formatted JSON is {
	"platformName":	"CNC-PL7",
	"sprVersion":	"2.0",
	"mode":	"gui",
	"dsaType":	"Fixed",
	"platformDesc":	"CNC-PL7",
	"platHandOff":	"E:/Git-Repos/CNC-FPGA/Zedboard-CNC/CNC_Top_wrapper.xsa",
	"platIntHandOff":	"<platformDir>/hw/CNC_Top_wrapper.xsa",
	"deviceType":	"zynq",
	"platIsPrebuiltAutogen":	"false",
	"platIsNoBootBsp":	"false",
	"hasFsblMakeHasChanges":	"false",
	"hasPmufwMakeHasChanges":	"false",
	"fsblExtraCompilerFlags":	"-MMD -MP       -mcpu=cortex-a9 -mfpu=vfpv3 -mfloat-abi=hard ",
	"platPreBuiltFlag":	false,
	"platformSamplesDir":	"",
	"platActiveSys":	"CNC-PL7",
	"systems":	[{
			"systemName":	"CNC-PL7",
			"systemDesc":	"CNC-PL7",
			"sysIsBootAutoGen":	"true",
			"systemDispName":	"CNC-PL7",
			"sysActiveDom":	"standalone_domain",
			"sysDefaultDom":	"standalone_domain",
			"domains":	[{
					"domainName":	"zynq_fsbl",
					"domainDispName":	"zynq_fsbl",
					"domainDesc":	"FSBL Application BSP - Auto Generated.",
					"processors":	"ps7_cortexa9_0",
					"os":	"standalone",
					"sdxOs":	"standalone",
					"debugEnable":	"",
					"domRuntimes":	["cpp"],
					"swRepo":	"",
					"mssOsVer":	"9.2",
					"mssFile":	"",
					"md5Digest":	"8e05dff6cf2b7a5e245cc7c2f785ee81",
					"compatibleApp":	"zynq_fsbl",
					"domType":	"bootDomain",
					"arch":	"32-bit",
					"appSettings":	{
						"appCompilerFlags":	"",
						"appLinkerFlags":	""
					},
					"addedLibs":	["xilffs:5.3", "xilrsa:1.8"],
					"libOptions":	{
						"libsContainingOptions":	[]
					},
					"prebuiltLibs":	{
						"prebuiltIncPath":	[],
						"prebuiltLibPath":	[]
					},
					"isolation":	{
					}
				}, {
					"domainName":	"standalone_domain",
					"domainDispName":	"standalone on ps7_cortexa9_0",
					"domainDesc":	"standalone_domain",
					"processors":	"ps7_cortexa9_0",
					"os":	"standalone",
					"sdxOs":	"standalone",
					"qemuArgs":	"<platformDir>/resources/CNC-PL7/standalone_domain/qemu_args.txt",
					"qemuData":	"<platformDir>/resources/CNC-PL7/standalone_domain/qemu",
					"debugEnable":	"False",
					"domRuntimes":	["cpp"],
					"swRepo":	"",
					"mssOsVer":	"9.2",
					"mssFile":	"",
					"md5Digest":	"c640075ff209ed2086a63792a36be901",
					"compatibleApp":	"",
					"domType":	"mssDomain",
					"appSettings":	{
						"appCompilerFlags":	"",
						"appLinkerFlags":	""
					},
					"addedLibs":	["xilffs:5.3"],
					"libOptions":	{
						"libsContainingOptions":	[]
					},
					"prebuiltLibs":	{
						"prebuiltIncPath":	[],
						"prebuiltLibPath":	[]
					},
					"isolation":	{
					}
				}]
		}]
}
TRACE::2026-03-06.19:32:49::SCWMssOS::Saving the mss changes E:/Git-Repos/CNC-FPGA/Vitis3/CNC-PL7/ps7_cortexa9_0/standalone_domain/bsp/system.mss
TRACE::2026-03-06.19:32:49::SCWMssOS::Found a swdesign opened with the mssfile.
TRACE::2026-03-06.19:32:49::SCWMssOS::Completed writemss as part of save.
TRACE::2026-03-06.19:32:49::SCWMssOS::Commit changes completed.
TRACE::2026-03-06.19:32:49::SCWPlatform::Trying to open the hw design at E:/Git-Repos/CNC-FPGA/Vitis3/CNC-PL7/hw/CNC_Top_wrapper.xsa
TRACE::2026-03-06.19:32:49::SCWPlatform::DSA given E:/Git-Repos/CNC-FPGA/Vitis3/CNC-PL7/hw/CNC_Top_wrapper.xsa
TRACE::2026-03-06.19:32:49::SCWPlatform::DSA absoulate path E:/Git-Repos/CNC-FPGA/Vitis3/CNC-PL7/hw/CNC_Top_wrapper.xsa
TRACE::2026-03-06.19:32:49::SCWPlatform::DSA directory E:/Git-Repos/CNC-FPGA/Vitis3/CNC-PL7/hw
TRACE::2026-03-06.19:32:49::SCWPlatform:: Platform Path E:/Git-Repos/CNC-FPGA/Vitis3/CNC-PL7/hw/CNC_Top_wrapper.xsa
TRACE::2026-03-06.19:32:49::SCWPlatform:: Unique name xilinx:zedboard::0.0
TRACE::2026-03-06.19:32:49::SCWPlatform::Trying to set the existing hwdb with name CNC_Top_wrapper_23
TRACE::2026-03-06.19:32:49::SCWPlatform::Opened existing hwdb CNC_Top_wrapper_23
TRACE::2026-03-06.19:32:49::SCWPlatform::Found the Hw Db part of the input DSA
TRACE::2026-03-06.19:32:49::SCWMssOS::Checking the sw design at  E:/Git-Repos/CNC-FPGA/Vitis3/CNC-PL7/ps7_cortexa9_0/standalone_domain/bsp/system.mss
TRACE::2026-03-06.19:32:49::SCWMssOS::DEBUG:  swdes dump  E:/Git-Repos/CNC-FPGA/Vitis3/CNC-PL6/ps7_cortexa9_0/standalone_domain/bsp/system.mss|system_0||
E:/Git-Repos/CNC-FPGA/Vitis3/CNC-PL6/zynq_fsbl/zynq_fsbl_bsp/system.mss|system||
E:/Git-Repos/CNC-FPGA/Vitis3/CNC-PL7/ps7_cortexa9_0/standalone_domain/bsp/system.mss|system_1||
E:/Git-Repos/CNC-FPGA/Vitis3/CNC-PL7/zynq_fsbl/zynq_fsbl_bsp/system.mss|system_2||

TRACE::2026-03-06.19:32:49::SCWMssOS::Sw design exists and opened at  E:/Git-Repos/CNC-FPGA/Vitis3/CNC-PL7/ps7_cortexa9_0/standalone_domain/bsp/system.mss
TRACE::2026-03-06.19:32:49::SCWMssOS::Removing the swdes entry for  E:/Git-Repos/CNC-FPGA/Vitis3/CNC-PL7/ps7_cortexa9_0/standalone_domain/bsp/system.mss
TRACE::2026-03-06.19:32:49::SCWMssOS::In reload Mss file.
TRACE::2026-03-06.19:32:49::SCWPlatform::Trying to open the hw design at E:/Git-Repos/CNC-FPGA/Vitis3/CNC-PL7/hw/CNC_Top_wrapper.xsa
TRACE::2026-03-06.19:32:49::SCWPlatform::DSA given E:/Git-Repos/CNC-FPGA/Vitis3/CNC-PL7/hw/CNC_Top_wrapper.xsa
TRACE::2026-03-06.19:32:49::SCWPlatform::DSA absoulate path E:/Git-Repos/CNC-FPGA/Vitis3/CNC-PL7/hw/CNC_Top_wrapper.xsa
TRACE::2026-03-06.19:32:49::SCWPlatform::DSA directory E:/Git-Repos/CNC-FPGA/Vitis3/CNC-PL7/hw
TRACE::2026-03-06.19:32:49::SCWPlatform:: Platform Path E:/Git-Repos/CNC-FPGA/Vitis3/CNC-PL7/hw/CNC_Top_wrapper.xsa
TRACE::2026-03-06.19:32:49::SCWPlatform:: Unique name xilinx:zedboard::0.0
TRACE::2026-03-06.19:32:49::SCWPlatform::Trying to set the existing hwdb with name CNC_Top_wrapper_23
TRACE::2026-03-06.19:32:49::SCWPlatform::Opened existing hwdb CNC_Top_wrapper_23
TRACE::2026-03-06.19:32:49::SCWPlatform::Found the Hw Db part of the input DSA
TRACE::2026-03-06.19:32:49::SCWMssOS::Checking the sw design at  E:/Git-Repos/CNC-FPGA/Vitis3/CNC-PL7/ps7_cortexa9_0/standalone_domain/bsp/system.mss
TRACE::2026-03-06.19:32:49::SCWMssOS::DEBUG:  swdes dump  E:/Git-Repos/CNC-FPGA/Vitis3/CNC-PL6/ps7_cortexa9_0/standalone_domain/bsp/system.mss|system_0||
E:/Git-Repos/CNC-FPGA/Vitis3/CNC-PL6/zynq_fsbl/zynq_fsbl_bsp/system.mss|system||
E:/Git-Repos/CNC-FPGA/Vitis3/CNC-PL7/zynq_fsbl/zynq_fsbl_bsp/system.mss|system_2||

TRACE::2026-03-06.19:32:49::SCWMssOS::No sw design opened at  E:/Git-Repos/CNC-FPGA/Vitis3/CNC-PL7/ps7_cortexa9_0/standalone_domain/bsp/system.mss
TRACE::2026-03-06.19:32:49::SCWMssOS::mss exists loading the mss file  E:/Git-Repos/CNC-FPGA/Vitis3/CNC-PL7/ps7_cortexa9_0/standalone_domain/bsp/system.mss
TRACE::2026-03-06.19:32:49::SCWMssOS::Opened the sw design from mss  E:/Git-Repos/CNC-FPGA/Vitis3/CNC-PL7/ps7_cortexa9_0/standalone_domain/bsp/system.mss
TRACE::2026-03-06.19:32:49::SCWMssOS::Adding the swdes entry E:/Git-Repos/CNC-FPGA/Vitis3/CNC-PL7/ps7_cortexa9_0/standalone_domain/bsp/system.mss with des name system_1
TRACE::2026-03-06.19:32:49::SCWMssOS::updating the scw layer about changes
TRACE::2026-03-06.19:32:49::SCWMssOS::Opened the sw design.  E:/Git-Repos/CNC-FPGA/Vitis3/CNC-PL7/ps7_cortexa9_0/standalone_domain/bsp/system.mss
TRACE::2026-03-06.19:32:49::SCWPlatform::Trying to open the hw design at E:/Git-Repos/CNC-FPGA/Vitis3/CNC-PL7/hw/CNC_Top_wrapper.xsa
TRACE::2026-03-06.19:32:49::SCWPlatform::DSA given E:/Git-Repos/CNC-FPGA/Vitis3/CNC-PL7/hw/CNC_Top_wrapper.xsa
TRACE::2026-03-06.19:32:49::SCWPlatform::DSA absoulate path E:/Git-Repos/CNC-FPGA/Vitis3/CNC-PL7/hw/CNC_Top_wrapper.xsa
TRACE::2026-03-06.19:32:49::SCWPlatform::DSA directory E:/Git-Repos/CNC-FPGA/Vitis3/CNC-PL7/hw
TRACE::2026-03-06.19:32:49::SCWPlatform:: Platform Path E:/Git-Repos/CNC-FPGA/Vitis3/CNC-PL7/hw/CNC_Top_wrapper.xsa
TRACE::2026-03-06.19:32:49::SCWPlatform:: Unique name xilinx:zedboard::0.0
TRACE::2026-03-06.19:32:49::SCWPlatform::Trying to set the existing hwdb with name CNC_Top_wrapper_23
TRACE::2026-03-06.19:32:49::SCWPlatform::Opened existing hwdb CNC_Top_wrapper_23
TRACE::2026-03-06.19:32:49::SCWPlatform::Found the Hw Db part of the input DSA
TRACE::2026-03-06.19:32:49::SCWMssOS::Checking the sw design at  E:/Git-Repos/CNC-FPGA/Vitis3/CNC-PL7/ps7_cortexa9_0/standalone_domain/bsp/system.mss
TRACE::2026-03-06.19:32:49::SCWMssOS::DEBUG:  swdes dump  E:/Git-Repos/CNC-FPGA/Vitis3/CNC-PL6/ps7_cortexa9_0/standalone_domain/bsp/system.mss|system_0||
E:/Git-Repos/CNC-FPGA/Vitis3/CNC-PL6/zynq_fsbl/zynq_fsbl_bsp/system.mss|system||
E:/Git-Repos/CNC-FPGA/Vitis3/CNC-PL7/ps7_cortexa9_0/standalone_domain/bsp/system.mss|system_1||
E:/Git-Repos/CNC-FPGA/Vitis3/CNC-PL7/zynq_fsbl/zynq_fsbl_bsp/system.mss|system_2||

TRACE::2026-03-06.19:32:49::SCWMssOS::Sw design exists and opened at  E:/Git-Repos/CNC-FPGA/Vitis3/CNC-PL7/ps7_cortexa9_0/standalone_domain/bsp/system.mss
TRACE::2026-03-06.19:32:49::SCWMssOS:: library already available in sw design:  xilffs:5.3
TRACE::2026-03-06.19:32:49::SCWMssOS::Saving the mss changes E:/Git-Repos/CNC-FPGA/Vitis3/CNC-PL7/ps7_cortexa9_0/standalone_domain/bsp/system.mss
TRACE::2026-03-06.19:32:49::SCWMssOS::Found a swdesign opened with the mssfile.
TRACE::2026-03-06.19:32:49::SCWMssOS::Completed writemss as part of save.
TRACE::2026-03-06.19:32:49::SCWMssOS::Commit changes completed.
TRACE::2026-03-06.19:32:49::SCWPlatform::Trying to open the hw design at E:/Git-Repos/CNC-FPGA/Vitis3/CNC-PL7/hw/CNC_Top_wrapper.xsa
TRACE::2026-03-06.19:32:49::SCWPlatform::DSA given E:/Git-Repos/CNC-FPGA/Vitis3/CNC-PL7/hw/CNC_Top_wrapper.xsa
TRACE::2026-03-06.19:32:49::SCWPlatform::DSA absoulate path E:/Git-Repos/CNC-FPGA/Vitis3/CNC-PL7/hw/CNC_Top_wrapper.xsa
TRACE::2026-03-06.19:32:49::SCWPlatform::DSA directory E:/Git-Repos/CNC-FPGA/Vitis3/CNC-PL7/hw
TRACE::2026-03-06.19:32:49::SCWPlatform:: Platform Path E:/Git-Repos/CNC-FPGA/Vitis3/CNC-PL7/hw/CNC_Top_wrapper.xsa
TRACE::2026-03-06.19:32:49::SCWPlatform:: Unique name xilinx:zedboard::0.0
TRACE::2026-03-06.19:32:49::SCWPlatform::Trying to set the existing hwdb with name CNC_Top_wrapper_23
TRACE::2026-03-06.19:32:49::SCWPlatform::Opened existing hwdb CNC_Top_wrapper_23
TRACE::2026-03-06.19:32:49::SCWPlatform::Found the Hw Db part of the input DSA
TRACE::2026-03-06.19:32:49::SCWMssOS::Checking the sw design at  E:/Git-Repos/CNC-FPGA/Vitis3/CNC-PL7/ps7_cortexa9_0/standalone_domain/bsp/system.mss
TRACE::2026-03-06.19:32:49::SCWMssOS::DEBUG:  swdes dump  E:/Git-Repos/CNC-FPGA/Vitis3/CNC-PL6/ps7_cortexa9_0/standalone_domain/bsp/system.mss|system_0||
E:/Git-Repos/CNC-FPGA/Vitis3/CNC-PL6/zynq_fsbl/zynq_fsbl_bsp/system.mss|system||
E:/Git-Repos/CNC-FPGA/Vitis3/CNC-PL7/ps7_cortexa9_0/standalone_domain/bsp/system.mss|system_1||
E:/Git-Repos/CNC-FPGA/Vitis3/CNC-PL7/zynq_fsbl/zynq_fsbl_bsp/system.mss|system_2||

TRACE::2026-03-06.19:32:49::SCWMssOS::Sw design exists and opened at  E:/Git-Repos/CNC-FPGA/Vitis3/CNC-PL7/ps7_cortexa9_0/standalone_domain/bsp/system.mss
TRACE::2026-03-06.19:32:49::SCWMssOS::Removing the swdes entry for  E:/Git-Repos/CNC-FPGA/Vitis3/CNC-PL7/ps7_cortexa9_0/standalone_domain/bsp/system.mss
TRACE::2026-03-06.19:32:49::SCWPlatform::Trying to open the hw design at E:/Git-Repos/CNC-FPGA/Vitis3/CNC-PL7/hw/CNC_Top_wrapper.xsa
TRACE::2026-03-06.19:32:49::SCWPlatform::DSA given E:/Git-Repos/CNC-FPGA/Vitis3/CNC-PL7/hw/CNC_Top_wrapper.xsa
TRACE::2026-03-06.19:32:49::SCWPlatform::DSA absoulate path E:/Git-Repos/CNC-FPGA/Vitis3/CNC-PL7/hw/CNC_Top_wrapper.xsa
TRACE::2026-03-06.19:32:49::SCWPlatform::DSA directory E:/Git-Repos/CNC-FPGA/Vitis3/CNC-PL7/hw
TRACE::2026-03-06.19:32:49::SCWPlatform:: Platform Path E:/Git-Repos/CNC-FPGA/Vitis3/CNC-PL7/hw/CNC_Top_wrapper.xsa
TRACE::2026-03-06.19:32:49::SCWPlatform:: Unique name xilinx:zedboard::0.0
TRACE::2026-03-06.19:32:49::SCWPlatform::Trying to set the existing hwdb with name CNC_Top_wrapper_23
TRACE::2026-03-06.19:32:49::SCWPlatform::Opened existing hwdb CNC_Top_wrapper_23
TRACE::2026-03-06.19:32:49::SCWPlatform::Found the Hw Db part of the input DSA
TRACE::2026-03-06.19:32:49::SCWMssOS::Checking the sw design at  E:/Git-Repos/CNC-FPGA/Vitis3/CNC-PL7/ps7_cortexa9_0/standalone_domain/bsp/system.mss
TRACE::2026-03-06.19:32:49::SCWMssOS::DEBUG:  swdes dump  E:/Git-Repos/CNC-FPGA/Vitis3/CNC-PL6/ps7_cortexa9_0/standalone_domain/bsp/system.mss|system_0||
E:/Git-Repos/CNC-FPGA/Vitis3/CNC-PL6/zynq_fsbl/zynq_fsbl_bsp/system.mss|system||
E:/Git-Repos/CNC-FPGA/Vitis3/CNC-PL7/zynq_fsbl/zynq_fsbl_bsp/system.mss|system_2||

TRACE::2026-03-06.19:32:49::SCWMssOS::No sw design opened at  E:/Git-Repos/CNC-FPGA/Vitis3/CNC-PL7/ps7_cortexa9_0/standalone_domain/bsp/system.mss
TRACE::2026-03-06.19:32:49::SCWMssOS::mss exists loading the mss file  E:/Git-Repos/CNC-FPGA/Vitis3/CNC-PL7/ps7_cortexa9_0/standalone_domain/bsp/system.mss
TRACE::2026-03-06.19:32:49::SCWMssOS::Opened the sw design from mss  E:/Git-Repos/CNC-FPGA/Vitis3/CNC-PL7/ps7_cortexa9_0/standalone_domain/bsp/system.mss
TRACE::2026-03-06.19:32:49::SCWMssOS::Adding the swdes entry E:/Git-Repos/CNC-FPGA/Vitis3/CNC-PL7/ps7_cortexa9_0/standalone_domain/bsp/system.mss with des name system_1
TRACE::2026-03-06.19:32:49::SCWMssOS::updating the scw layer about changes
TRACE::2026-03-06.19:32:49::SCWMssOS::Opened the sw design.  E:/Git-Repos/CNC-FPGA/Vitis3/CNC-PL7/ps7_cortexa9_0/standalone_domain/bsp/system.mss
TRACE::2026-03-06.19:32:49::SCWMssOS::Completed writing the mss file at E:/Git-Repos/CNC-FPGA/Vitis3/CNC-PL7/ps7_cortexa9_0/standalone_domain/bsp
TRACE::2026-03-06.19:32:49::SCWMssOS::Forcing BSP Sources regeneration.
KEYINFO::2026-03-06.19:32:51::SCWMssOS::Removing file E:/Git-Repos/CNC-FPGA/Vitis3/CNC-PL7/ps7_cortexa9_0/standalone_domain/bsp\system_1.mss
TRACE::2026-03-06.19:33:06::SCWBDomain::System Command Ran  E:&  cd  E:/Git-Repos/CNC-FPGA/Vitis3/CNC-PL7/zynq_fsbl & make clean
TRACE::2026-03-06.19:33:07::SCWBDomain::rm -rf  sd.o  nand.o  image_mover.o  md5.o  fsbl_hooks.o  main.o  nor.o  qspi.o  rsa.o  ps7_init.o  pcap.o  fsbl_handoff.o zynq
TRACE::2026-03-06.19:33:07::SCWBDomain::_fsbl_bsp/ps7_cortexa9_0/lib/libxil.a fsbl.elf *.o

TRACE::2026-03-06.19:33:07::SCWBDomain::System Command Ran  E:&  cd  E:/Git-Repos/CNC-FPGA/Vitis3/CNC-PL7/zynq_fsbl/zynq_fsbl_bsp & make clean
TRACE::2026-03-06.19:33:07::SCWBDomain::make -C ps7_cortexa9_0/libsrc/coresightps_dcc_v1_11/src -s clean 

TRACE::2026-03-06.19:33:07::SCWBDomain::make -C ps7_cortexa9_0/libsrc/cpu_cortexa9_v2_12/src -s clean 

TRACE::2026-03-06.19:33:07::SCWBDomain::make -C ps7_cortexa9_0/libsrc/ddrps_v1_2/src -s clean 

TRACE::2026-03-06.19:33:07::SCWBDomain::make -C ps7_cortexa9_0/libsrc/devcfg_v3_8/src -s clean 

TRACE::2026-03-06.19:33:07::SCWBDomain::make -C ps7_cortexa9_0/libsrc/dmaps_v2_11/src -s clean 

TRACE::2026-03-06.19:33:07::SCWBDomain::make -C ps7_cortexa9_0/libsrc/emacps_v3_21/src -s clean 

TRACE::2026-03-06.19:33:07::SCWBDomain::make -C ps7_cortexa9_0/libsrc/gpiops_v3_13/src -s clean 

TRACE::2026-03-06.19:33:08::SCWBDomain::make -C ps7_cortexa9_0/libsrc/gpio_v4_12/src -s clean 

TRACE::2026-03-06.19:33:08::SCWBDomain::make -C ps7_cortexa9_0/libsrc/qspips_v3_13/src -s clean 

TRACE::2026-03-06.19:33:08::SCWBDomain::make -C ps7_cortexa9_0/libsrc/scugic_v5_4/src -s clean 

TRACE::2026-03-06.19:33:08::SCWBDomain::make -C ps7_cortexa9_0/libsrc/scutimer_v2_6/src -s clean 

TRACE::2026-03-06.19:33:08::SCWBDomain::make -C ps7_cortexa9_0/libsrc/scuwdt_v2_6/src -s clean 

TRACE::2026-03-06.19:33:08::SCWBDomain::make -C ps7_cortexa9_0/libsrc/sdps_v4_4/src -s clean 

TRACE::2026-03-06.19:33:08::SCWBDomain::make -C ps7_cortexa9_0/libsrc/standalone_v9_2/src -s clean 

TRACE::2026-03-06.19:33:09::SCWBDomain::make -C ps7_cortexa9_0/libsrc/ttcps_v3_20/src -s clean 

TRACE::2026-03-06.19:33:09::SCWBDomain::make -C ps7_cortexa9_0/libsrc/uartps_v3_15/src -s clean 

TRACE::2026-03-06.19:33:09::SCWBDomain::make -C ps7_cortexa9_0/libsrc/usbps_v2_9/src -s clean 

TRACE::2026-03-06.19:33:10::SCWBDomain::make -C ps7_cortexa9_0/libsrc/xadcps_v2_7/src -s clean 

TRACE::2026-03-06.19:33:10::SCWBDomain::make -C ps7_cortexa9_0/libsrc/xilffs_v5_3/src -s clean 

TRACE::2026-03-06.19:33:10::SCWBDomain::make -C ps7_cortexa9_0/libsrc/xilrsa_v1_8/src -s clean 

TRACE::2026-03-06.19:33:10::SCWBDomain::rm -f ps7_cortexa9_0/lib/libxil.a

TRACE::2026-03-06.19:33:10::SCWMssOS::cleaning the bsp 
TRACE::2026-03-06.19:33:10::SCWMssOS::System Command Ran  E: & cd  E:/Git-Repos/CNC-FPGA/Vitis3/CNC-PL7/ps7_cortexa9_0/standalone_domain/bsp & make clean 
TRACE::2026-03-06.19:33:10::SCWMssOS::make -C ps7_cortexa9_0/libsrc/coresightps_dcc_v1_11/src -s clean 

TRACE::2026-03-06.19:33:10::SCWMssOS::make -C ps7_cortexa9_0/libsrc/cpu_cortexa9_v2_12/src -s clean 

TRACE::2026-03-06.19:33:10::SCWMssOS::make -C ps7_cortexa9_0/libsrc/ddrps_v1_2/src -s clean 

TRACE::2026-03-06.19:33:10::SCWMssOS::make -C ps7_cortexa9_0/libsrc/devcfg_v3_8/src -s clean 

TRACE::2026-03-06.19:33:10::SCWMssOS::make -C ps7_cortexa9_0/libsrc/dmaps_v2_11/src -s clean 

TRACE::2026-03-06.19:33:11::SCWMssOS::make -C ps7_cortexa9_0/libsrc/emacps_v3_21/src -s clean 

TRACE::2026-03-06.19:33:11::SCWMssOS::make -C ps7_cortexa9_0/libsrc/gpiops_v3_13/src -s clean 

TRACE::2026-03-06.19:33:11::SCWMssOS::make -C ps7_cortexa9_0/libsrc/gpio_v4_12/src -s clean 

TRACE::2026-03-06.19:33:11::SCWMssOS::make -C ps7_cortexa9_0/libsrc/qspips_v3_13/src -s clean 

TRACE::2026-03-06.19:33:11::SCWMssOS::make -C ps7_cortexa9_0/libsrc/scugic_v5_4/src -s clean 

TRACE::2026-03-06.19:33:11::SCWMssOS::make -C ps7_cortexa9_0/libsrc/scutimer_v2_6/src -s clean 

TRACE::2026-03-06.19:33:11::SCWMssOS::make -C ps7_cortexa9_0/libsrc/scuwdt_v2_6/src -s clean 

TRACE::2026-03-06.19:33:11::SCWMssOS::make -C ps7_cortexa9_0/libsrc/sdps_v4_4/src -s clean 

TRACE::2026-03-06.19:33:11::SCWMssOS::make -C ps7_cortexa9_0/libsrc/standalone_v9_2/src -s clean 

TRACE::2026-03-06.19:33:11::SCWMssOS::make -C ps7_cortexa9_0/libsrc/ttcps_v3_20/src -s clean 

TRACE::2026-03-06.19:33:12::SCWMssOS::make -C ps7_cortexa9_0/libsrc/uartps_v3_15/src -s clean 

TRACE::2026-03-06.19:33:12::SCWMssOS::make -C ps7_cortexa9_0/libsrc/usbps_v2_9/src -s clean 

TRACE::2026-03-06.19:33:12::SCWMssOS::make -C ps7_cortexa9_0/libsrc/xadcps_v2_7/src -s clean 

TRACE::2026-03-06.19:33:12::SCWMssOS::make -C ps7_cortexa9_0/libsrc/xilffs_v5_3/src -s clean 

TRACE::2026-03-06.19:33:12::SCWMssOS::rm -f ps7_cortexa9_0/lib/libxil.a

TRACE::2026-03-06.19:33:15::SCWBDomain::System Command Ran  E:&  cd  E:/Git-Repos/CNC-FPGA/Vitis3/CNC-PL7/zynq_fsbl & make clean
TRACE::2026-03-06.19:33:15::SCWBDomain::rm -rf  sd.o  nand.o  image_mover.o  md5.o  fsbl_hooks.o  main.o  rsa.o  nor.o  qspi.o  ps7_init.o  pcap.o  fsbl_handoff.o zynq
TRACE::2026-03-06.19:33:15::SCWBDomain::_fsbl_bsp/ps7_cortexa9_0/lib/libxil.a fsbl.elf *.o

ERROR::2026-03-06.19:33:15::SCWSystem::Error in Processing the domain zynq_fsbl
LOG::2026-03-06.19:33:22::SCWPlatform::Started generating the artifacts platform CNC-PL7
TRACE::2026-03-06.19:33:22::SCWPlatform::Sanity checking of platform is completed
LOG::2026-03-06.19:33:22::SCWPlatform::Started generating the artifacts for system configuration CNC-PL7
LOG::2026-03-06.19:33:22::SCWSystem::Checking the domain zynq_fsbl
LOG::2026-03-06.19:33:22::SCWSystem::Doing application build for :  zynq_fsbl
TRACE::2026-03-06.19:33:22::SCWBDomain::Not a forced makefile updation, No changes are present. 
TRACE::2026-03-06.19:33:22::SCWDomain::Building the domain as part of full build :  zynq_fsbl
TRACE::2026-03-06.19:33:22::SCWPlatform::Trying to open the hw design at E:/Git-Repos/CNC-FPGA/Vitis3/CNC-PL7/hw/CNC_Top_wrapper.xsa
TRACE::2026-03-06.19:33:22::SCWPlatform::DSA given E:/Git-Repos/CNC-FPGA/Vitis3/CNC-PL7/hw/CNC_Top_wrapper.xsa
TRACE::2026-03-06.19:33:22::SCWPlatform::DSA absoulate path E:/Git-Repos/CNC-FPGA/Vitis3/CNC-PL7/hw/CNC_Top_wrapper.xsa
TRACE::2026-03-06.19:33:22::SCWPlatform::DSA directory E:/Git-Repos/CNC-FPGA/Vitis3/CNC-PL7/hw
TRACE::2026-03-06.19:33:22::SCWPlatform:: Platform Path E:/Git-Repos/CNC-FPGA/Vitis3/CNC-PL7/hw/CNC_Top_wrapper.xsa
TRACE::2026-03-06.19:33:22::SCWPlatform:: Unique name xilinx:zedboard::0.0
TRACE::2026-03-06.19:33:22::SCWPlatform::Trying to set the existing hwdb with name CNC_Top_wrapper_23
TRACE::2026-03-06.19:33:22::SCWPlatform::Opened existing hwdb CNC_Top_wrapper_23
TRACE::2026-03-06.19:33:22::SCWPlatform::Found the Hw Db part of the input DSA
TRACE::2026-03-06.19:33:22::SCWMssOS::Checking the sw design at  E:/Git-Repos/CNC-FPGA/Vitis3/CNC-PL7/zynq_fsbl/zynq_fsbl_bsp/system.mss
TRACE::2026-03-06.19:33:22::SCWMssOS::DEBUG:  swdes dump  E:/Git-Repos/CNC-FPGA/Vitis3/CNC-PL7/zynq_fsbl/zynq_fsbl_bsp/system.mss|system_2||

TRACE::2026-03-06.19:33:22::SCWMssOS::Sw design exists and opened at  E:/Git-Repos/CNC-FPGA/Vitis3/CNC-PL7/zynq_fsbl/zynq_fsbl_bsp/system.mss
TRACE::2026-03-06.19:33:22::SCWBDomain::Completed writing the mss file at E:/Git-Repos/CNC-FPGA/Vitis3/CNC-PL7/zynq_fsbl/zynq_fsbl_bsp
TRACE::2026-03-06.19:33:22::SCWBDomain::bsp generated is upto date with the mss file. Skipping bsp generation.
TRACE::2026-03-06.19:33:22::SCWBDomain::Not a forced makefile updation, No changes are present. 
TRACE::2026-03-06.19:33:22::SCWBDomain::System Command Ran  E:&  cd  E:/Git-Repos/CNC-FPGA/Vitis3/CNC-PL7/zynq_fsbl& make -C  zynq_fsbl_bsp & make 
TRACE::2026-03-06.19:33:22::SCWBDomain::make: Entering directory 'E:/Git-Repos/CNC-FPGA/Vitis3/CNC-PL7/zynq_fsbl/zynq_fsbl_bsp'

TRACE::2026-03-06.19:33:22::SCWBDomain::make --no-print-directory seq_libs

TRACE::2026-03-06.19:33:22::SCWBDomain::"Running Make include in ps7_cortexa9_0/libsrc/coresightps_dcc_v1_11/src"

TRACE::2026-03-06.19:33:22::SCWBDomain::make -C ps7_cortexa9_0/libsrc/coresightps_dcc_v1_11/src -s include  "SHELL=CMD" "COMPILER=arm-none-eabi-gcc" "ASSEMBLER=arm-non
TRACE::2026-03-06.19:33:22::SCWBDomain::e-eabi-as" "ARCHIVER=arm-none-eabi-ar" "COMPILER_FLAGS=  -O2 -c" "EXTRA_COMPILER_FLAGS=-mcpu=cortex-a9 -mfpu=vfpv3 -mfloat-abi=
TRACE::2026-03-06.19:33:22::SCWBDomain::hard -nostartfiles -g -Wall -Wextra -fno-tree-loop-distribute-patterns"

TRACE::2026-03-06.19:33:22::SCWBDomain::"Running Make include in ps7_cortexa9_0/libsrc/cpu_cortexa9_v2_12/src"

TRACE::2026-03-06.19:33:22::SCWBDomain::make -C ps7_cortexa9_0/libsrc/cpu_cortexa9_v2_12/src -s include  "SHELL=CMD" "COMPILER=arm-none-eabi-gcc" "ASSEMBLER=arm-none-e
TRACE::2026-03-06.19:33:22::SCWBDomain::abi-as" "ARCHIVER=arm-none-eabi-ar" "COMPILER_FLAGS=  -O2 -c" "EXTRA_COMPILER_FLAGS=-mcpu=cortex-a9 -mfpu=vfpv3 -mfloat-abi=har
TRACE::2026-03-06.19:33:22::SCWBDomain::d -nostartfiles -g -Wall -Wextra -fno-tree-loop-distribute-patterns"

TRACE::2026-03-06.19:33:22::SCWBDomain::"Running Make include in ps7_cortexa9_0/libsrc/ddrps_v1_2/src"

TRACE::2026-03-06.19:33:22::SCWBDomain::make -C ps7_cortexa9_0/libsrc/ddrps_v1_2/src -s include  "SHELL=CMD" "COMPILER=arm-none-eabi-gcc" "ASSEMBLER=arm-none-eabi-as" 
TRACE::2026-03-06.19:33:22::SCWBDomain::"ARCHIVER=arm-none-eabi-ar" "COMPILER_FLAGS=  -O2 -c" "EXTRA_COMPILER_FLAGS=-mcpu=cortex-a9 -mfpu=vfpv3 -mfloat-abi=hard -nosta
TRACE::2026-03-06.19:33:22::SCWBDomain::rtfiles -g -Wall -Wextra -fno-tree-loop-distribute-patterns"

TRACE::2026-03-06.19:33:22::SCWBDomain::"Running Make include in ps7_cortexa9_0/libsrc/devcfg_v3_8/src"

TRACE::2026-03-06.19:33:22::SCWBDomain::make -C ps7_cortexa9_0/libsrc/devcfg_v3_8/src -s include  "SHELL=CMD" "COMPILER=arm-none-eabi-gcc" "ASSEMBLER=arm-none-eabi-as"
TRACE::2026-03-06.19:33:22::SCWBDomain:: "ARCHIVER=arm-none-eabi-ar" "COMPILER_FLAGS=  -O2 -c" "EXTRA_COMPILER_FLAGS=-mcpu=cortex-a9 -mfpu=vfpv3 -mfloat-abi=hard -nost
TRACE::2026-03-06.19:33:22::SCWBDomain::artfiles -g -Wall -Wextra -fno-tree-loop-distribute-patterns"

TRACE::2026-03-06.19:33:22::SCWBDomain::"Running Make include in ps7_cortexa9_0/libsrc/dmaps_v2_11/src"

TRACE::2026-03-06.19:33:22::SCWBDomain::make -C ps7_cortexa9_0/libsrc/dmaps_v2_11/src -s include  "SHELL=CMD" "COMPILER=arm-none-eabi-gcc" "ASSEMBLER=arm-none-eabi-as"
TRACE::2026-03-06.19:33:22::SCWBDomain:: "ARCHIVER=arm-none-eabi-ar" "COMPILER_FLAGS=  -O2 -c" "EXTRA_COMPILER_FLAGS=-mcpu=cortex-a9 -mfpu=vfpv3 -mfloat-abi=hard -nost
TRACE::2026-03-06.19:33:22::SCWBDomain::artfiles -g -Wall -Wextra -fno-tree-loop-distribute-patterns"

TRACE::2026-03-06.19:33:22::SCWBDomain::"Running Make include in ps7_cortexa9_0/libsrc/emacps_v3_21/src"

TRACE::2026-03-06.19:33:22::SCWBDomain::make -C ps7_cortexa9_0/libsrc/emacps_v3_21/src -s include  "SHELL=CMD" "COMPILER=arm-none-eabi-gcc" "ASSEMBLER=arm-none-eabi-as
TRACE::2026-03-06.19:33:22::SCWBDomain::" "ARCHIVER=arm-none-eabi-ar" "COMPILER_FLAGS=  -O2 -c" "EXTRA_COMPILER_FLAGS=-mcpu=cortex-a9 -mfpu=vfpv3 -mfloat-abi=hard -nos
TRACE::2026-03-06.19:33:22::SCWBDomain::tartfiles -g -Wall -Wextra -fno-tree-loop-distribute-patterns"

TRACE::2026-03-06.19:33:22::SCWBDomain::"Running Make include in ps7_cortexa9_0/libsrc/gpiops_v3_13/src"

TRACE::2026-03-06.19:33:22::SCWBDomain::make -C ps7_cortexa9_0/libsrc/gpiops_v3_13/src -s include  "SHELL=CMD" "COMPILER=arm-none-eabi-gcc" "ASSEMBLER=arm-none-eabi-as
TRACE::2026-03-06.19:33:22::SCWBDomain::" "ARCHIVER=arm-none-eabi-ar" "COMPILER_FLAGS=  -O2 -c" "EXTRA_COMPILER_FLAGS=-mcpu=cortex-a9 -mfpu=vfpv3 -mfloat-abi=hard -nos
TRACE::2026-03-06.19:33:22::SCWBDomain::tartfiles -g -Wall -Wextra -fno-tree-loop-distribute-patterns"

TRACE::2026-03-06.19:33:22::SCWBDomain::"Running Make include in ps7_cortexa9_0/libsrc/gpio_v4_12/src"

TRACE::2026-03-06.19:33:22::SCWBDomain::make -C ps7_cortexa9_0/libsrc/gpio_v4_12/src -s include  "SHELL=CMD" "COMPILER=arm-none-eabi-gcc" "ASSEMBLER=arm-none-eabi-as" 
TRACE::2026-03-06.19:33:22::SCWBDomain::"ARCHIVER=arm-none-eabi-ar" "COMPILER_FLAGS=  -O2 -c" "EXTRA_COMPILER_FLAGS=-mcpu=cortex-a9 -mfpu=vfpv3 -mfloat-abi=hard -nosta
TRACE::2026-03-06.19:33:22::SCWBDomain::rtfiles -g -Wall -Wextra -fno-tree-loop-distribute-patterns"

TRACE::2026-03-06.19:33:22::SCWBDomain::"Running Make include in ps7_cortexa9_0/libsrc/qspips_v3_13/src"

TRACE::2026-03-06.19:33:22::SCWBDomain::make -C ps7_cortexa9_0/libsrc/qspips_v3_13/src -s include  "SHELL=CMD" "COMPILER=arm-none-eabi-gcc" "ASSEMBLER=arm-none-eabi-as
TRACE::2026-03-06.19:33:22::SCWBDomain::" "ARCHIVER=arm-none-eabi-ar" "COMPILER_FLAGS=  -O2 -c" "EXTRA_COMPILER_FLAGS=-mcpu=cortex-a9 -mfpu=vfpv3 -mfloat-abi=hard -nos
TRACE::2026-03-06.19:33:22::SCWBDomain::tartfiles -g -Wall -Wextra -fno-tree-loop-distribute-patterns"

TRACE::2026-03-06.19:33:22::SCWBDomain::"Running Make include in ps7_cortexa9_0/libsrc/scugic_v5_4/src"

TRACE::2026-03-06.19:33:22::SCWBDomain::make -C ps7_cortexa9_0/libsrc/scugic_v5_4/src -s include  "SHELL=CMD" "COMPILER=arm-none-eabi-gcc" "ASSEMBLER=arm-none-eabi-as"
TRACE::2026-03-06.19:33:22::SCWBDomain:: "ARCHIVER=arm-none-eabi-ar" "COMPILER_FLAGS=  -O2 -c" "EXTRA_COMPILER_FLAGS=-mcpu=cortex-a9 -mfpu=vfpv3 -mfloat-abi=hard -nost
TRACE::2026-03-06.19:33:22::SCWBDomain::artfiles -g -Wall -Wextra -fno-tree-loop-distribute-patterns"

TRACE::2026-03-06.19:33:22::SCWBDomain::"Running Make include in ps7_cortexa9_0/libsrc/scutimer_v2_6/src"

TRACE::2026-03-06.19:33:22::SCWBDomain::make -C ps7_cortexa9_0/libsrc/scutimer_v2_6/src -s include  "SHELL=CMD" "COMPILER=arm-none-eabi-gcc" "ASSEMBLER=arm-none-eabi-a
TRACE::2026-03-06.19:33:22::SCWBDomain::s" "ARCHIVER=arm-none-eabi-ar" "COMPILER_FLAGS=  -O2 -c" "EXTRA_COMPILER_FLAGS=-mcpu=cortex-a9 -mfpu=vfpv3 -mfloat-abi=hard -no
TRACE::2026-03-06.19:33:22::SCWBDomain::startfiles -g -Wall -Wextra -fno-tree-loop-distribute-patterns"

TRACE::2026-03-06.19:33:22::SCWBDomain::"Running Make include in ps7_cortexa9_0/libsrc/scuwdt_v2_6/src"

TRACE::2026-03-06.19:33:22::SCWBDomain::make -C ps7_cortexa9_0/libsrc/scuwdt_v2_6/src -s include  "SHELL=CMD" "COMPILER=arm-none-eabi-gcc" "ASSEMBLER=arm-none-eabi-as"
TRACE::2026-03-06.19:33:22::SCWBDomain:: "ARCHIVER=arm-none-eabi-ar" "COMPILER_FLAGS=  -O2 -c" "EXTRA_COMPILER_FLAGS=-mcpu=cortex-a9 -mfpu=vfpv3 -mfloat-abi=hard -nost
TRACE::2026-03-06.19:33:22::SCWBDomain::artfiles -g -Wall -Wextra -fno-tree-loop-distribute-patterns"

TRACE::2026-03-06.19:33:22::SCWBDomain::"Running Make include in ps7_cortexa9_0/libsrc/sdps_v4_4/src"

TRACE::2026-03-06.19:33:22::SCWBDomain::make -C ps7_cortexa9_0/libsrc/sdps_v4_4/src -s include  "SHELL=CMD" "COMPILER=arm-none-eabi-gcc" "ASSEMBLER=arm-none-eabi-as" "
TRACE::2026-03-06.19:33:22::SCWBDomain::ARCHIVER=arm-none-eabi-ar" "COMPILER_FLAGS=  -O2 -c" "EXTRA_COMPILER_FLAGS=-mcpu=cortex-a9 -mfpu=vfpv3 -mfloat-abi=hard -nostar
TRACE::2026-03-06.19:33:22::SCWBDomain::tfiles -g -Wall -Wextra -fno-tree-loop-distribute-patterns"

TRACE::2026-03-06.19:33:22::SCWBDomain::"Running Make include in ps7_cortexa9_0/libsrc/standalone_v9_2/src"

TRACE::2026-03-06.19:33:22::SCWBDomain::make -C ps7_cortexa9_0/libsrc/standalone_v9_2/src -s include  "SHELL=CMD" "COMPILER=arm-none-eabi-gcc" "ASSEMBLER=arm-none-eabi
TRACE::2026-03-06.19:33:22::SCWBDomain::-as" "ARCHIVER=arm-none-eabi-ar" "COMPILER_FLAGS=  -O2 -c" "EXTRA_COMPILER_FLAGS=-mcpu=cortex-a9 -mfpu=vfpv3 -mfloat-abi=hard -
TRACE::2026-03-06.19:33:22::SCWBDomain::nostartfiles -g -Wall -Wextra -fno-tree-loop-distribute-patterns"

TRACE::2026-03-06.19:33:23::SCWBDomain::"Running Make include in ps7_cortexa9_0/libsrc/ttcps_v3_20/src"

TRACE::2026-03-06.19:33:23::SCWBDomain::make -C ps7_cortexa9_0/libsrc/ttcps_v3_20/src -s include  "SHELL=CMD" "COMPILER=arm-none-eabi-gcc" "ASSEMBLER=arm-none-eabi-as"
TRACE::2026-03-06.19:33:23::SCWBDomain:: "ARCHIVER=arm-none-eabi-ar" "COMPILER_FLAGS=  -O2 -c" "EXTRA_COMPILER_FLAGS=-mcpu=cortex-a9 -mfpu=vfpv3 -mfloat-abi=hard -nost
TRACE::2026-03-06.19:33:23::SCWBDomain::artfiles -g -Wall -Wextra -fno-tree-loop-distribute-patterns"

TRACE::2026-03-06.19:33:23::SCWBDomain::"Running Make include in ps7_cortexa9_0/libsrc/uartps_v3_15/src"

TRACE::2026-03-06.19:33:23::SCWBDomain::make -C ps7_cortexa9_0/libsrc/uartps_v3_15/src -s include  "SHELL=CMD" "COMPILER=arm-none-eabi-gcc" "ASSEMBLER=arm-none-eabi-as
TRACE::2026-03-06.19:33:23::SCWBDomain::" "ARCHIVER=arm-none-eabi-ar" "COMPILER_FLAGS=  -O2 -c" "EXTRA_COMPILER_FLAGS=-mcpu=cortex-a9 -mfpu=vfpv3 -mfloat-abi=hard -nos
TRACE::2026-03-06.19:33:23::SCWBDomain::tartfiles -g -Wall -Wextra -fno-tree-loop-distribute-patterns"

TRACE::2026-03-06.19:33:23::SCWBDomain::"Running Make include in ps7_cortexa9_0/libsrc/usbps_v2_9/src"

TRACE::2026-03-06.19:33:23::SCWBDomain::make -C ps7_cortexa9_0/libsrc/usbps_v2_9/src -s include  "SHELL=CMD" "COMPILER=arm-none-eabi-gcc" "ASSEMBLER=arm-none-eabi-as" 
TRACE::2026-03-06.19:33:23::SCWBDomain::"ARCHIVER=arm-none-eabi-ar" "COMPILER_FLAGS=  -O2 -c" "EXTRA_COMPILER_FLAGS=-mcpu=cortex-a9 -mfpu=vfpv3 -mfloat-abi=hard -nosta
TRACE::2026-03-06.19:33:23::SCWBDomain::rtfiles -g -Wall -Wextra -fno-tree-loop-distribute-patterns"

TRACE::2026-03-06.19:33:23::SCWBDomain::"Running Make include in ps7_cortexa9_0/libsrc/xadcps_v2_7/src"

TRACE::2026-03-06.19:33:23::SCWBDomain::make -C ps7_cortexa9_0/libsrc/xadcps_v2_7/src -s include  "SHELL=CMD" "COMPILER=arm-none-eabi-gcc" "ASSEMBLER=arm-none-eabi-as"
TRACE::2026-03-06.19:33:23::SCWBDomain:: "ARCHIVER=arm-none-eabi-ar" "COMPILER_FLAGS=  -O2 -c" "EXTRA_COMPILER_FLAGS=-mcpu=cortex-a9 -mfpu=vfpv3 -mfloat-abi=hard -nost
TRACE::2026-03-06.19:33:23::SCWBDomain::artfiles -g -Wall -Wextra -fno-tree-loop-distribute-patterns"

TRACE::2026-03-06.19:33:23::SCWBDomain::"Running Make include in ps7_cortexa9_0/libsrc/xilffs_v5_3/src"

TRACE::2026-03-06.19:33:23::SCWBDomain::make -C ps7_cortexa9_0/libsrc/xilffs_v5_3/src -s include  "SHELL=CMD" "COMPILER=arm-none-eabi-gcc" "ASSEMBLER=arm-none-eabi-as"
TRACE::2026-03-06.19:33:23::SCWBDomain:: "ARCHIVER=arm-none-eabi-ar" "COMPILER_FLAGS=  -O2 -c" "EXTRA_COMPILER_FLAGS=-mcpu=cortex-a9 -mfpu=vfpv3 -mfloat-abi=hard -nost
TRACE::2026-03-06.19:33:23::SCWBDomain::artfiles -g -Wall -Wextra -fno-tree-loop-distribute-patterns"

TRACE::2026-03-06.19:33:23::SCWBDomain::"Running Make include in ps7_cortexa9_0/libsrc/xilrsa_v1_8/src"

TRACE::2026-03-06.19:33:23::SCWBDomain::make -C ps7_cortexa9_0/libsrc/xilrsa_v1_8/src -s include  "SHELL=CMD" "COMPILER=arm-none-eabi-gcc" "ASSEMBLER=arm-none-eabi-as"
TRACE::2026-03-06.19:33:23::SCWBDomain:: "ARCHIVER=arm-none-eabi-ar" "COMPILER_FLAGS=  -O2 -c" "EXTRA_COMPILER_FLAGS=-mcpu=cortex-a9 -mfpu=vfpv3 -mfloat-abi=hard -nost
TRACE::2026-03-06.19:33:23::SCWBDomain::artfiles -g -Wall -Wextra -fno-tree-loop-distribute-patterns"

TRACE::2026-03-06.19:33:23::SCWBDomain::"Running Make libs in ps7_cortexa9_0/libsrc/xilrsa_v1_8/src"

TRACE::2026-03-06.19:33:23::SCWBDomain::make -C ps7_cortexa9_0/libsrc/xilrsa_v1_8/src -s libs  "SHELL=CMD" "COMPILER=arm-none-eabi-gcc" "ASSEMBLER=arm-none-eabi-as" "A
TRACE::2026-03-06.19:33:23::SCWBDomain::RCHIVER=arm-none-eabi-ar" "COMPILER_FLAGS=  -O2 -c" "EXTRA_COMPILER_FLAGS=-mcpu=cortex-a9 -mfpu=vfpv3 -mfloat-abi=hard -nostart
TRACE::2026-03-06.19:33:23::SCWBDomain::files -g -Wall -Wextra -fno-tree-loop-distribute-patterns"

TRACE::2026-03-06.19:33:23::SCWBDomain::'Finished building libraries sequentially.'

TRACE::2026-03-06.19:33:23::SCWBDomain::make -j 22 --no-print-directory par_libs

TRACE::2026-03-06.19:33:23::SCWBDomain::"Running Make include in ps7_cortexa9_0/libsrc/coresightps_dcc_v1_11/src"

TRACE::2026-03-06.19:33:23::SCWBDomain::make -C ps7_cortexa9_0/libsrc/coresightps_dcc_v1_11/src -s include  "SHELL=CMD" "COMPILER=arm-none-eabi-gcc" "ASSEMBLER=arm-non
TRACE::2026-03-06.19:33:23::SCWBDomain::e-eabi-as" "ARCHIVER=arm-none-eabi-ar" "COMPILER_FLAGS=  -O2 -c" "EXTRA_COMPILER_FLAGS=-mcpu=cortex-a9 -mfpu=vfpv3 -mfloat-abi=
TRACE::2026-03-06.19:33:23::SCWBDomain::hard -nostartfiles -g -Wall -Wextra -fno-tree-loop-distribute-patterns"

TRACE::2026-03-06.19:33:23::SCWBDomain::"Running Make include in ps7_cortexa9_0/libsrc/cpu_cortexa9_v2_12/src"

TRACE::2026-03-06.19:33:23::SCWBDomain::make -C ps7_cortexa9_0/libsrc/cpu_cortexa9_v2_12/src -s include  "SHELL=CMD" "COMPILER=arm-none-eabi-gcc" "ASSEMBLER=arm-none-e
TRACE::2026-03-06.19:33:23::SCWBDomain::abi-as" "ARCHIVER=arm-none-eabi-ar" "COMPILER_FLAGS=  -O2 -c" "EXTRA_COMPILER_FLAGS=-mcpu=cortex-a9 -mfpu=vfpv3 -mfloat-abi=har
TRACE::2026-03-06.19:33:23::SCWBDomain::d -nostartfiles -g -Wall -Wextra -fno-tree-loop-distribute-patterns"

TRACE::2026-03-06.19:33:23::SCWBDomain::"Running Make include in ps7_cortexa9_0/libsrc/ddrps_v1_2/src"

TRACE::2026-03-06.19:33:23::SCWBDomain::make -C ps7_cortexa9_0/libsrc/ddrps_v1_2/src -s include  "SHELL=CMD" "COMPILER=arm-none-eabi-gcc" "ASSEMBLER=arm-none-eabi-as" 
TRACE::2026-03-06.19:33:23::SCWBDomain::"ARCHIVER=arm-none-eabi-ar" "COMPILER_FLAGS=  -O2 -c" "EXTRA_COMPILER_FLAGS=-mcpu=cortex-a9 -mfpu=vfpv3 -mfloat-abi=hard -nosta
TRACE::2026-03-06.19:33:23::SCWBDomain::rtfiles -g -Wall -Wextra -fno-tree-loop-distribute-patterns"

TRACE::2026-03-06.19:33:23::SCWBDomain::"Running Make include in ps7_cortexa9_0/libsrc/devcfg_v3_8/src"

TRACE::2026-03-06.19:33:23::SCWBDomain::make -C ps7_cortexa9_0/libsrc/devcfg_v3_8/src -s include  "SHELL=CMD" "COMPILER=arm-none-eabi-gcc" "ASSEMBLER=arm-none-eabi-as"
TRACE::2026-03-06.19:33:23::SCWBDomain:: "ARCHIVER=arm-none-eabi-ar" "COMPILER_FLAGS=  -O2 -c" "EXTRA_COMPILER_FLAGS=-mcpu=cortex-a9 -mfpu=vfpv3 -mfloat-abi=hard -nost
TRACE::2026-03-06.19:33:23::SCWBDomain::artfiles -g -Wall -Wextra -fno-tree-loop-distribute-patterns"

TRACE::2026-03-06.19:33:23::SCWBDomain::"Running Make include in ps7_cortexa9_0/libsrc/dmaps_v2_11/src"

TRACE::2026-03-06.19:33:23::SCWBDomain::make -C ps7_cortexa9_0/libsrc/dmaps_v2_11/src -s include  "SHELL=CMD" "COMPILER=arm-none-eabi-gcc" "ASSEMBLER=arm-none-eabi-as"
TRACE::2026-03-06.19:33:23::SCWBDomain:: "ARCHIVER=arm-none-eabi-ar" "COMPILER_FLAGS=  -O2 -c" "EXTRA_COMPILER_FLAGS=-mcpu=cortex-a9 -mfpu=vfpv3 -mfloat-abi=hard -nost
TRACE::2026-03-06.19:33:23::SCWBDomain::artfiles -g -Wall -Wextra -fno-tree-loop-distribute-patterns"

TRACE::2026-03-06.19:33:23::SCWBDomain::"Running Make include in ps7_cortexa9_0/libsrc/emacps_v3_21/src"

TRACE::2026-03-06.19:33:23::SCWBDomain::make -C ps7_cortexa9_0/libsrc/emacps_v3_21/src -s include  "SHELL=CMD" "COMPILER=arm-none-eabi-gcc" "ASSEMBLER=arm-none-eabi-as
TRACE::2026-03-06.19:33:23::SCWBDomain::" "ARCHIVER=arm-none-eabi-ar" "COMPILER_FLAGS=  -O2 -c" "EXTRA_COMPILER_FLAGS=-mcpu=cortex-a9 -mfpu=vfpv3 -mfloat-abi=hard -nos
TRACE::2026-03-06.19:33:23::SCWBDomain::tartfiles -g -Wall -Wextra -fno-tree-loop-distribute-patterns"

TRACE::2026-03-06.19:33:23::SCWBDomain::"Running Make include in ps7_cortexa9_0/libsrc/gpiops_v3_13/src"

TRACE::2026-03-06.19:33:23::SCWBDomain::make -C ps7_cortexa9_0/libsrc/gpiops_v3_13/src -s include  "SHELL=CMD" "COMPILER=arm-none-eabi-gcc" "ASSEMBLER=arm-none-eabi-as
TRACE::2026-03-06.19:33:23::SCWBDomain::" "ARCHIVER=arm-none-eabi-ar" "COMPILER_FLAGS=  -O2 -c" "EXTRA_COMPILER_FLAGS=-mcpu=cortex-a9 -mfpu=vfpv3 -mfloat-abi=hard -nos
TRACE::2026-03-06.19:33:23::SCWBDomain::tartfiles -g -Wall -Wextra -fno-tree-loop-distribute-patterns"

TRACE::2026-03-06.19:33:23::SCWBDomain::"Running Make include in ps7_cortexa9_0/libsrc/gpio_v4_12/src"

TRACE::2026-03-06.19:33:23::SCWBDomain::make -C ps7_cortexa9_0/libsrc/gpio_v4_12/src -s include  "SHELL=CMD" "COMPILER=arm-none-eabi-gcc" "ASSEMBLER=arm-none-eabi-as" 
TRACE::2026-03-06.19:33:23::SCWBDomain::"ARCHIVER=arm-none-eabi-ar" "COMPILER_FLAGS=  -O2 -c" "EXTRA_COMPILER_FLAGS=-mcpu=cortex-a9 -mfpu=vfpv3 -mfloat-abi=hard -nosta
TRACE::2026-03-06.19:33:23::SCWBDomain::rtfiles -g -Wall -Wextra -fno-tree-loop-distribute-patterns"

TRACE::2026-03-06.19:33:23::SCWBDomain::"Running Make include in ps7_cortexa9_0/libsrc/qspips_v3_13/src"

TRACE::2026-03-06.19:33:23::SCWBDomain::make -C ps7_cortexa9_0/libsrc/qspips_v3_13/src -s include  "SHELL=CMD" "COMPILER=arm-none-eabi-gcc" "ASSEMBLER=arm-none-eabi-as
TRACE::2026-03-06.19:33:23::SCWBDomain::" "ARCHIVER=arm-none-eabi-ar" "COMPILER_FLAGS=  -O2 -c" "EXTRA_COMPILER_FLAGS=-mcpu=cortex-a9 -mfpu=vfpv3 -mfloat-abi=hard -nos
TRACE::2026-03-06.19:33:23::SCWBDomain::tartfiles -g -Wall -Wextra -fno-tree-loop-distribute-patterns"

TRACE::2026-03-06.19:33:23::SCWBDomain::"Running Make include in ps7_cortexa9_0/libsrc/scugic_v5_4/src"

TRACE::2026-03-06.19:33:23::SCWBDomain::make -C ps7_cortexa9_0/libsrc/scugic_v5_4/src -s include  "SHELL=CMD" "COMPILER=arm-none-eabi-gcc" "ASSEMBLER=arm-none-eabi-as"
TRACE::2026-03-06.19:33:23::SCWBDomain:: "ARCHIVER=arm-none-eabi-ar" "COMPILER_FLAGS=  -O2 -c" "EXTRA_COMPILER_FLAGS=-mcpu=cortex-a9 -mfpu=vfpv3 -mfloat-abi=hard -nost
TRACE::2026-03-06.19:33:23::SCWBDomain::artfiles -g -Wall -Wextra -fno-tree-loop-distribute-patterns"

TRACE::2026-03-06.19:33:23::SCWBDomain::"Running Make include in ps7_cortexa9_0/libsrc/scutimer_v2_6/src"

TRACE::2026-03-06.19:33:23::SCWBDomain::make -C ps7_cortexa9_0/libsrc/scutimer_v2_6/src -s include  "SHELL=CMD" "COMPILER=arm-none-eabi-gcc" "ASSEMBLER=arm-none-eabi-a
TRACE::2026-03-06.19:33:23::SCWBDomain::s" "ARCHIVER=arm-none-eabi-ar" "COMPILER_FLAGS=  -O2 -c" "EXTRA_COMPILER_FLAGS=-mcpu=cortex-a9 -mfpu=vfpv3 -mfloat-abi=hard -no
TRACE::2026-03-06.19:33:23::SCWBDomain::startfiles -g -Wall -Wextra -fno-tree-loop-distribute-patterns"

TRACE::2026-03-06.19:33:23::SCWBDomain::"Running Make include in ps7_cortexa9_0/libsrc/scuwdt_v2_6/src"

TRACE::2026-03-06.19:33:23::SCWBDomain::make -C ps7_cortexa9_0/libsrc/scuwdt_v2_6/src -s include  "SHELL=CMD" "COMPILER=arm-none-eabi-gcc" "ASSEMBLER=arm-none-eabi-as"
TRACE::2026-03-06.19:33:23::SCWBDomain:: "ARCHIVER=arm-none-eabi-ar" "COMPILER_FLAGS=  -O2 -c" "EXTRA_COMPILER_FLAGS=-mcpu=cortex-a9 -mfpu=vfpv3 -mfloat-abi=hard -nost
TRACE::2026-03-06.19:33:23::SCWBDomain::artfiles -g -Wall -Wextra -fno-tree-loop-distribute-patterns"

TRACE::2026-03-06.19:33:23::SCWBDomain::"Running Make include in ps7_cortexa9_0/libsrc/sdps_v4_4/src"

TRACE::2026-03-06.19:33:24::SCWBDomain::make -C ps7_cortexa9_0/libsrc/sdps_v4_4/src -s include  "SHELL=CMD" "COMPILER=arm-none-eabi-gcc" "ASSEMBLER=arm-none-eabi-as" "
TRACE::2026-03-06.19:33:24::SCWBDomain::ARCHIVER=arm-none-eabi-ar" "COMPILER_FLAGS=  -O2 -c" "EXTRA_COMPILER_FLAGS=-mcpu=cortex-a9 -mfpu=vfpv3 -mfloat-abi=hard -nostar
TRACE::2026-03-06.19:33:24::SCWBDomain::tfiles -g -Wall -Wextra -fno-tree-loop-distribute-patterns"

TRACE::2026-03-06.19:33:24::SCWBDomain::"Running Make include in ps7_cortexa9_0/libsrc/standalone_v9_2/src"

TRACE::2026-03-06.19:33:24::SCWBDomain::make -C ps7_cortexa9_0/libsrc/standalone_v9_2/src -s include  "SHELL=CMD" "COMPILER=arm-none-eabi-gcc" "ASSEMBLER=arm-none-eabi
TRACE::2026-03-06.19:33:24::SCWBDomain::-as" "ARCHIVER=arm-none-eabi-ar" "COMPILER_FLAGS=  -O2 -c" "EXTRA_COMPILER_FLAGS=-mcpu=cortex-a9 -mfpu=vfpv3 -mfloat-abi=hard -
TRACE::2026-03-06.19:33:24::SCWBDomain::nostartfiles -g -Wall -Wextra -fno-tree-loop-distribute-patterns"

TRACE::2026-03-06.19:33:24::SCWBDomain::"Running Make include in ps7_cortexa9_0/libsrc/ttcps_v3_20/src"

TRACE::2026-03-06.19:33:24::SCWBDomain::make -C ps7_cortexa9_0/libsrc/ttcps_v3_20/src -s include  "SHELL=CMD" "COMPILER=arm-none-eabi-gcc" "ASSEMBLER=arm-none-eabi-as"
TRACE::2026-03-06.19:33:24::SCWBDomain:: "ARCHIVER=arm-none-eabi-ar" "COMPILER_FLAGS=  -O2 -c" "EXTRA_COMPILER_FLAGS=-mcpu=cortex-a9 -mfpu=vfpv3 -mfloat-abi=hard -nost
TRACE::2026-03-06.19:33:24::SCWBDomain::artfiles -g -Wall -Wextra -fno-tree-loop-distribute-patterns"

TRACE::2026-03-06.19:33:24::SCWBDomain::"Running Make include in ps7_cortexa9_0/libsrc/uartps_v3_15/src"

TRACE::2026-03-06.19:33:24::SCWBDomain::make -C ps7_cortexa9_0/libsrc/uartps_v3_15/src -s include  "SHELL=CMD" "COMPILER=arm-none-eabi-gcc" "ASSEMBLER=arm-none-eabi-as
TRACE::2026-03-06.19:33:24::SCWBDomain::" "ARCHIVER=arm-none-eabi-ar" "COMPILER_FLAGS=  -O2 -c" "EXTRA_COMPILER_FLAGS=-mcpu=cortex-a9 -mfpu=vfpv3 -mfloat-abi=hard -nos
TRACE::2026-03-06.19:33:24::SCWBDomain::tartfiles -g -Wall -Wextra -fno-tree-loop-distribute-patterns"

TRACE::2026-03-06.19:33:24::SCWBDomain::"Running Make include in ps7_cortexa9_0/libsrc/usbps_v2_9/src"

TRACE::2026-03-06.19:33:24::SCWBDomain::make -C ps7_cortexa9_0/libsrc/usbps_v2_9/src -s include  "SHELL=CMD" "COMPILER=arm-none-eabi-gcc" "ASSEMBLER=arm-none-eabi-as" 
TRACE::2026-03-06.19:33:24::SCWBDomain::"ARCHIVER=arm-none-eabi-ar" "COMPILER_FLAGS=  -O2 -c" "EXTRA_COMPILER_FLAGS=-mcpu=cortex-a9 -mfpu=vfpv3 -mfloat-abi=hard -nosta
TRACE::2026-03-06.19:33:24::SCWBDomain::rtfiles -g -Wall -Wextra -fno-tree-loop-distribute-patterns"

TRACE::2026-03-06.19:33:24::SCWBDomain::"Running Make include in ps7_cortexa9_0/libsrc/xadcps_v2_7/src"

TRACE::2026-03-06.19:33:24::SCWBDomain::make -C ps7_cortexa9_0/libsrc/xadcps_v2_7/src -s include  "SHELL=CMD" "COMPILER=arm-none-eabi-gcc" "ASSEMBLER=arm-none-eabi-as"
TRACE::2026-03-06.19:33:24::SCWBDomain:: "ARCHIVER=arm-none-eabi-ar" "COMPILER_FLAGS=  -O2 -c" "EXTRA_COMPILER_FLAGS=-mcpu=cortex-a9 -mfpu=vfpv3 -mfloat-abi=hard -nost
TRACE::2026-03-06.19:33:24::SCWBDomain::artfiles -g -Wall -Wextra -fno-tree-loop-distribute-patterns"

TRACE::2026-03-06.19:33:24::SCWBDomain::"Running Make include in ps7_cortexa9_0/libsrc/xilffs_v5_3/src"

TRACE::2026-03-06.19:33:24::SCWBDomain::make -C ps7_cortexa9_0/libsrc/xilffs_v5_3/src -s include  "SHELL=CMD" "COMPILER=arm-none-eabi-gcc" "ASSEMBLER=arm-none-eabi-as"
TRACE::2026-03-06.19:33:24::SCWBDomain:: "ARCHIVER=arm-none-eabi-ar" "COMPILER_FLAGS=  -O2 -c" "EXTRA_COMPILER_FLAGS=-mcpu=cortex-a9 -mfpu=vfpv3 -mfloat-abi=hard -nost
TRACE::2026-03-06.19:33:24::SCWBDomain::artfiles -g -Wall -Wextra -fno-tree-loop-distribute-patterns"

TRACE::2026-03-06.19:33:24::SCWBDomain::"Running Make include in ps7_cortexa9_0/libsrc/xilrsa_v1_8/src"

TRACE::2026-03-06.19:33:24::SCWBDomain::make -C ps7_cortexa9_0/libsrc/xilrsa_v1_8/src -s include  "SHELL=CMD" "COMPILER=arm-none-eabi-gcc" "ASSEMBLER=arm-none-eabi-as"
TRACE::2026-03-06.19:33:24::SCWBDomain:: "ARCHIVER=arm-none-eabi-ar" "COMPILER_FLAGS=  -O2 -c" "EXTRA_COMPILER_FLAGS=-mcpu=cortex-a9 -mfpu=vfpv3 -mfloat-abi=hard -nost
TRACE::2026-03-06.19:33:24::SCWBDomain::artfiles -g -Wall -Wextra -fno-tree-loop-distribute-patterns"

TRACE::2026-03-06.19:33:24::SCWBDomain::"Running Make libs in ps7_cortexa9_0/libsrc/coresightps_dcc_v1_11/src"

TRACE::2026-03-06.19:33:24::SCWBDomain::make -C ps7_cortexa9_0/libsrc/coresightps_dcc_v1_11/src -s libs  "SHELL=CMD" "COMPILER=arm-none-eabi-gcc" "ASSEMBLER=arm-none-e
TRACE::2026-03-06.19:33:24::SCWBDomain::abi-as" "ARCHIVER=arm-none-eabi-ar" "COMPILER_FLAGS=  -O2 -c" "EXTRA_COMPILER_FLAGS=-mcpu=cortex-a9 -mfpu=vfpv3 -mfloat-abi=har
TRACE::2026-03-06.19:33:24::SCWBDomain::d -nostartfiles -g -Wall -Wextra -fno-tree-loop-distribute-patterns"

TRACE::2026-03-06.19:33:24::SCWBDomain::"Running Make libs in ps7_cortexa9_0/libsrc/cpu_cortexa9_v2_12/src"

TRACE::2026-03-06.19:33:24::SCWBDomain::make -C ps7_cortexa9_0/libsrc/cpu_cortexa9_v2_12/src -s libs  "SHELL=CMD" "COMPILER=arm-none-eabi-gcc" "ASSEMBLER=arm-none-eabi
TRACE::2026-03-06.19:33:24::SCWBDomain::-as" "ARCHIVER=arm-none-eabi-ar" "COMPILER_FLAGS=  -O2 -c" "EXTRA_COMPILER_FLAGS=-mcpu=cortex-a9 -mfpu=vfpv3 -mfloat-abi=hard -
TRACE::2026-03-06.19:33:24::SCWBDomain::nostartfiles -g -Wall -Wextra -fno-tree-loop-distribute-patterns"

TRACE::2026-03-06.19:33:24::SCWBDomain::"Running Make libs in ps7_cortexa9_0/libsrc/ddrps_v1_2/src"

TRACE::2026-03-06.19:33:24::SCWBDomain::make -C ps7_cortexa9_0/libsrc/ddrps_v1_2/src -s libs  "SHELL=CMD" "COMPILER=arm-none-eabi-gcc" "ASSEMBLER=arm-none-eabi-as" "AR
TRACE::2026-03-06.19:33:24::SCWBDomain::CHIVER=arm-none-eabi-ar" "COMPILER_FLAGS=  -O2 -c" "EXTRA_COMPILER_FLAGS=-mcpu=cortex-a9 -mfpu=vfpv3 -mfloat-abi=hard -nostartf
TRACE::2026-03-06.19:33:24::SCWBDomain::iles -g -Wall -Wextra -fno-tree-loop-distribute-patterns"

TRACE::2026-03-06.19:33:24::SCWBDomain::"Running Make libs in ps7_cortexa9_0/libsrc/devcfg_v3_8/src"

TRACE::2026-03-06.19:33:24::SCWBDomain::make -C ps7_cortexa9_0/libsrc/devcfg_v3_8/src -s libs  "SHELL=CMD" "COMPILER=arm-none-eabi-gcc" "ASSEMBLER=arm-none-eabi-as" "A
TRACE::2026-03-06.19:33:24::SCWBDomain::RCHIVER=arm-none-eabi-ar" "COMPILER_FLAGS=  -O2 -c" "EXTRA_COMPILER_FLAGS=-mcpu=cortex-a9 -mfpu=vfpv3 -mfloat-abi=hard -nostart
TRACE::2026-03-06.19:33:24::SCWBDomain::files -g -Wall -Wextra -fno-tree-loop-distribute-patterns"

TRACE::2026-03-06.19:33:24::SCWBDomain::"Running Make libs in ps7_cortexa9_0/libsrc/dmaps_v2_11/src"

TRACE::2026-03-06.19:33:24::SCWBDomain::make -C ps7_cortexa9_0/libsrc/dmaps_v2_11/src -s libs  "SHELL=CMD" "COMPILER=arm-none-eabi-gcc" "ASSEMBLER=arm-none-eabi-as" "A
TRACE::2026-03-06.19:33:24::SCWBDomain::RCHIVER=arm-none-eabi-ar" "COMPILER_FLAGS=  -O2 -c" "EXTRA_COMPILER_FLAGS=-mcpu=cortex-a9 -mfpu=vfpv3 -mfloat-abi=hard -nostart
TRACE::2026-03-06.19:33:24::SCWBDomain::files -g -Wall -Wextra -fno-tree-loop-distribute-patterns"

TRACE::2026-03-06.19:33:24::SCWBDomain::"Running Make libs in ps7_cortexa9_0/libsrc/emacps_v3_21/src"

TRACE::2026-03-06.19:33:24::SCWBDomain::make -C ps7_cortexa9_0/libsrc/emacps_v3_21/src -s libs  "SHELL=CMD" "COMPILER=arm-none-eabi-gcc" "ASSEMBLER=arm-none-eabi-as" "
TRACE::2026-03-06.19:33:24::SCWBDomain::ARCHIVER=arm-none-eabi-ar" "COMPILER_FLAGS=  -O2 -c" "EXTRA_COMPILER_FLAGS=-mcpu=cortex-a9 -mfpu=vfpv3 -mfloat-abi=hard -nostar
TRACE::2026-03-06.19:33:24::SCWBDomain::tfiles -g -Wall -Wextra -fno-tree-loop-distribute-patterns"

TRACE::2026-03-06.19:33:24::SCWBDomain::"Running Make libs in ps7_cortexa9_0/libsrc/gpiops_v3_13/src"

TRACE::2026-03-06.19:33:24::SCWBDomain::make -C ps7_cortexa9_0/libsrc/gpiops_v3_13/src -s libs  "SHELL=CMD" "COMPILER=arm-none-eabi-gcc" "ASSEMBLER=arm-none-eabi-as" "
TRACE::2026-03-06.19:33:24::SCWBDomain::ARCHIVER=arm-none-eabi-ar" "COMPILER_FLAGS=  -O2 -c" "EXTRA_COMPILER_FLAGS=-mcpu=cortex-a9 -mfpu=vfpv3 -mfloat-abi=hard -nostar
TRACE::2026-03-06.19:33:24::SCWBDomain::tfiles -g -Wall -Wextra -fno-tree-loop-distribute-patterns"

TRACE::2026-03-06.19:33:24::SCWBDomain::"Running Make libs in ps7_cortexa9_0/libsrc/gpio_v4_12/src"

TRACE::2026-03-06.19:33:24::SCWBDomain::make -C ps7_cortexa9_0/libsrc/gpio_v4_12/src -s libs  "SHELL=CMD" "COMPILER=arm-none-eabi-gcc" "ASSEMBLER=arm-none-eabi-as" "AR
TRACE::2026-03-06.19:33:24::SCWBDomain::CHIVER=arm-none-eabi-ar" "COMPILER_FLAGS=  -O2 -c" "EXTRA_COMPILER_FLAGS=-mcpu=cortex-a9 -mfpu=vfpv3 -mfloat-abi=hard -nostartf
TRACE::2026-03-06.19:33:24::SCWBDomain::iles -g -Wall -Wextra -fno-tree-loop-distribute-patterns"

TRACE::2026-03-06.19:33:24::SCWBDomain::"Running Make libs in ps7_cortexa9_0/libsrc/qspips_v3_13/src"

TRACE::2026-03-06.19:33:24::SCWBDomain::make -C ps7_cortexa9_0/libsrc/qspips_v3_13/src -s libs  "SHELL=CMD" "COMPILER=arm-none-eabi-gcc" "ASSEMBLER=arm-none-eabi-as" "
TRACE::2026-03-06.19:33:24::SCWBDomain::ARCHIVER=arm-none-eabi-ar" "COMPILER_FLAGS=  -O2 -c" "EXTRA_COMPILER_FLAGS=-mcpu=cortex-a9 -mfpu=vfpv3 -mfloat-abi=hard -nostar
TRACE::2026-03-06.19:33:24::SCWBDomain::tfiles -g -Wall -Wextra -fno-tree-loop-distribute-patterns"

TRACE::2026-03-06.19:33:24::SCWBDomain::"Running Make libs in ps7_cortexa9_0/libsrc/scugic_v5_4/src"

TRACE::2026-03-06.19:33:24::SCWBDomain::make -C ps7_cortexa9_0/libsrc/scugic_v5_4/src -s libs  "SHELL=CMD" "COMPILER=arm-none-eabi-gcc" "ASSEMBLER=arm-none-eabi-as" "A
TRACE::2026-03-06.19:33:24::SCWBDomain::RCHIVER=arm-none-eabi-ar" "COMPILER_FLAGS=  -O2 -c" "EXTRA_COMPILER_FLAGS=-mcpu=cortex-a9 -mfpu=vfpv3 -mfloat-abi=hard -nostart
TRACE::2026-03-06.19:33:24::SCWBDomain::files -g -Wall -Wextra -fno-tree-loop-distribute-patterns"

TRACE::2026-03-06.19:33:24::SCWBDomain::"Running Make libs in ps7_cortexa9_0/libsrc/scutimer_v2_6/src"

TRACE::2026-03-06.19:33:24::SCWBDomain::make -C ps7_cortexa9_0/libsrc/scutimer_v2_6/src -s libs  "SHELL=CMD" "COMPILER=arm-none-eabi-gcc" "ASSEMBLER=arm-none-eabi-as" 
TRACE::2026-03-06.19:33:24::SCWBDomain::"ARCHIVER=arm-none-eabi-ar" "COMPILER_FLAGS=  -O2 -c" "EXTRA_COMPILER_FLAGS=-mcpu=cortex-a9 -mfpu=vfpv3 -mfloat-abi=hard -nosta
TRACE::2026-03-06.19:33:24::SCWBDomain::rtfiles -g -Wall -Wextra -fno-tree-loop-distribute-patterns"

TRACE::2026-03-06.19:33:24::SCWBDomain::"Running Make libs in ps7_cortexa9_0/libsrc/scuwdt_v2_6/src"

TRACE::2026-03-06.19:33:24::SCWBDomain::make -C ps7_cortexa9_0/libsrc/scuwdt_v2_6/src -s libs  "SHELL=CMD" "COMPILER=arm-none-eabi-gcc" "ASSEMBLER=arm-none-eabi-as" "A
TRACE::2026-03-06.19:33:24::SCWBDomain::RCHIVER=arm-none-eabi-ar" "COMPILER_FLAGS=  -O2 -c" "EXTRA_COMPILER_FLAGS=-mcpu=cortex-a9 -mfpu=vfpv3 -mfloat-abi=hard -nostart
TRACE::2026-03-06.19:33:24::SCWBDomain::files -g -Wall -Wextra -fno-tree-loop-distribute-patterns"

TRACE::2026-03-06.19:33:24::SCWBDomain::"Running Make libs in ps7_cortexa9_0/libsrc/sdps_v4_4/src"

TRACE::2026-03-06.19:33:24::SCWBDomain::make -C ps7_cortexa9_0/libsrc/sdps_v4_4/src -s libs  "SHELL=CMD" "COMPILER=arm-none-eabi-gcc" "ASSEMBLER=arm-none-eabi-as" "ARC
TRACE::2026-03-06.19:33:24::SCWBDomain::HIVER=arm-none-eabi-ar" "COMPILER_FLAGS=  -O2 -c" "EXTRA_COMPILER_FLAGS=-mcpu=cortex-a9 -mfpu=vfpv3 -mfloat-abi=hard -nostartfi
TRACE::2026-03-06.19:33:24::SCWBDomain::les -g -Wall -Wextra -fno-tree-loop-distribute-patterns"

TRACE::2026-03-06.19:33:25::SCWBDomain::"Running Make libs in ps7_cortexa9_0/libsrc/standalone_v9_2/src"

TRACE::2026-03-06.19:33:25::SCWBDomain::make -C ps7_cortexa9_0/libsrc/standalone_v9_2/src -s libs  "SHELL=CMD" "COMPILER=arm-none-eabi-gcc" "ASSEMBLER=arm-none-eabi-as
TRACE::2026-03-06.19:33:25::SCWBDomain::" "ARCHIVER=arm-none-eabi-ar" "COMPILER_FLAGS=  -O2 -c" "EXTRA_COMPILER_FLAGS=-mcpu=cortex-a9 -mfpu=vfpv3 -mfloat-abi=hard -nos
TRACE::2026-03-06.19:33:25::SCWBDomain::tartfiles -g -Wall -Wextra -fno-tree-loop-distribute-patterns"

TRACE::2026-03-06.19:33:25::SCWBDomain::"Running Make libs in ps7_cortexa9_0/libsrc/ttcps_v3_20/src"

TRACE::2026-03-06.19:33:25::SCWBDomain::make -C ps7_cortexa9_0/libsrc/ttcps_v3_20/src -s libs  "SHELL=CMD" "COMPILER=arm-none-eabi-gcc" "ASSEMBLER=arm-none-eabi-as" "A
TRACE::2026-03-06.19:33:25::SCWBDomain::RCHIVER=arm-none-eabi-ar" "COMPILER_FLAGS=  -O2 -c" "EXTRA_COMPILER_FLAGS=-mcpu=cortex-a9 -mfpu=vfpv3 -mfloat-abi=hard -nostart
TRACE::2026-03-06.19:33:25::SCWBDomain::files -g -Wall -Wextra -fno-tree-loop-distribute-patterns"

TRACE::2026-03-06.19:33:25::SCWBDomain::"Running Make libs in ps7_cortexa9_0/libsrc/uartps_v3_15/src"

TRACE::2026-03-06.19:33:25::SCWBDomain::make -C ps7_cortexa9_0/libsrc/uartps_v3_15/src -s libs  "SHELL=CMD" "COMPILER=arm-none-eabi-gcc" "ASSEMBLER=arm-none-eabi-as" "
TRACE::2026-03-06.19:33:25::SCWBDomain::ARCHIVER=arm-none-eabi-ar" "COMPILER_FLAGS=  -O2 -c" "EXTRA_COMPILER_FLAGS=-mcpu=cortex-a9 -mfpu=vfpv3 -mfloat-abi=hard -nostar
TRACE::2026-03-06.19:33:25::SCWBDomain::tfiles -g -Wall -Wextra -fno-tree-loop-distribute-patterns"

TRACE::2026-03-06.19:33:25::SCWBDomain::"Running Make libs in ps7_cortexa9_0/libsrc/usbps_v2_9/src"

TRACE::2026-03-06.19:33:25::SCWBDomain::make -C ps7_cortexa9_0/libsrc/usbps_v2_9/src -s libs  "SHELL=CMD" "COMPILER=arm-none-eabi-gcc" "ASSEMBLER=arm-none-eabi-as" "AR
TRACE::2026-03-06.19:33:25::SCWBDomain::CHIVER=arm-none-eabi-ar" "COMPILER_FLAGS=  -O2 -c" "EXTRA_COMPILER_FLAGS=-mcpu=cortex-a9 -mfpu=vfpv3 -mfloat-abi=hard -nostartf
TRACE::2026-03-06.19:33:25::SCWBDomain::iles -g -Wall -Wextra -fno-tree-loop-distribute-patterns"

TRACE::2026-03-06.19:33:25::SCWBDomain::"Running Make libs in ps7_cortexa9_0/libsrc/xadcps_v2_7/src"

TRACE::2026-03-06.19:33:25::SCWBDomain::make -C ps7_cortexa9_0/libsrc/xadcps_v2_7/src -s libs  "SHELL=CMD" "COMPILER=arm-none-eabi-gcc" "ASSEMBLER=arm-none-eabi-as" "A
TRACE::2026-03-06.19:33:25::SCWBDomain::RCHIVER=arm-none-eabi-ar" "COMPILER_FLAGS=  -O2 -c" "EXTRA_COMPILER_FLAGS=-mcpu=cortex-a9 -mfpu=vfpv3 -mfloat-abi=hard -nostart
TRACE::2026-03-06.19:33:25::SCWBDomain::files -g -Wall -Wextra -fno-tree-loop-distribute-patterns"

TRACE::2026-03-06.19:33:25::SCWBDomain::"Running Make libs in ps7_cortexa9_0/libsrc/xilffs_v5_3/src"

TRACE::2026-03-06.19:33:25::SCWBDomain::make -C ps7_cortexa9_0/libsrc/xilffs_v5_3/src -s libs  "SHELL=CMD" "COMPILER=arm-none-eabi-gcc" "ASSEMBLER=arm-none-eabi-as" "A
TRACE::2026-03-06.19:33:25::SCWBDomain::RCHIVER=arm-none-eabi-ar" "COMPILER_FLAGS=  -O2 -c" "EXTRA_COMPILER_FLAGS=-mcpu=cortex-a9 -mfpu=vfpv3 -mfloat-abi=hard -nostart
TRACE::2026-03-06.19:33:25::SCWBDomain::files -g -Wall -Wextra -fno-tree-loop-distribute-patterns"

TRACE::2026-03-06.19:33:26::SCWBDomain::'Finished building libraries parallelly.'

TRACE::2026-03-06.19:33:26::SCWBDomain::make --no-print-directory archive

TRACE::2026-03-06.19:33:26::SCWBDomain::arm-none-eabi-ar -r  ps7_cortexa9_0/lib/libxil.a ps7_cortexa9_0/lib/_exit.o ps7_cortexa9_0/lib/_open.o ps7_cortexa9_0/lib/_sbrk
TRACE::2026-03-06.19:33:26::SCWBDomain::.o ps7_cortexa9_0/lib/abort.o ps7_cortexa9_0/lib/asm_vectors.o ps7_cortexa9_0/lib/boot.o ps7_cortexa9_0/lib/close.o ps7_cortexa
TRACE::2026-03-06.19:33:26::SCWBDomain::9_0/lib/cpputest_time.o ps7_cortexa9_0/lib/cpu_init.o ps7_cortexa9_0/lib/errno.o ps7_cortexa9_0/lib/fcntl.o ps7_cortexa9_0/lib/
TRACE::2026-03-06.19:33:26::SCWBDomain::fstat.o ps7_cortexa9_0/lib/getentropy.o ps7_cortexa9_0/lib/getpid.o ps7_cortexa9_0/lib/gettimeofday.o ps7_cortexa9_0/lib/inbyte
TRACE::2026-03-06.19:33:26::SCWBDomain::.o ps7_cortexa9_0/lib/isatty.o ps7_cortexa9_0/lib/kill.o ps7_cortexa9_0/lib/lseek.o ps7_cortexa9_0/lib/open.o ps7_cortexa9_0/li
TRACE::2026-03-06.19:33:26::SCWBDomain::b/outbyte.o ps7_cortexa9_0/lib/print.o ps7_cortexa9_0/lib/putnum.o ps7_cortexa9_0/lib/read.o ps7_cortexa9_0/lib/sbrk.o ps7_cort
TRACE::2026-03-06.19:33:26::SCWBDomain::exa9_0/lib/sleep.o ps7_cortexa9_0/lib/time.o ps7_cortexa9_0/lib/translation_table.o ps7_cortexa9_0/lib/unlink.o ps7_cortexa9_0/
TRACE::2026-03-06.19:33:26::SCWBDomain::lib/usleep.o ps7_cortexa9_0/lib/vectors.o ps7_cortexa9_0/lib/write.o ps7_cortexa9_0/lib/xadcps.o ps7_cortexa9_0/lib/xadcps_g.o 
TRACE::2026-03-06.19:33:26::SCWBDomain::ps7_cortexa9_0/lib/xadcps_intr.o ps7_cortexa9_0/lib/xadcps_selftest.o ps7_cortexa9_0/lib/xadcps_sinit.o ps7_cortexa9_0/lib/xcor
TRACE::2026-03-06.19:33:26::SCWBDomain::esightpsdcc.o ps7_cortexa9_0/lib/xdevcfg.o ps7_cortexa9_0/lib/xdevcfg_g.o ps7_cortexa9_0/lib/xdevcfg_hw.o ps7_cortexa9_0/lib/xd
TRACE::2026-03-06.19:33:26::SCWBDomain::evcfg_intr.o ps7_cortexa9_0/lib/xdevcfg_selftest.o ps7_cortexa9_0/lib/xdevcfg_sinit.o ps7_cortexa9_0/lib/xdmaps.o ps7_cortexa9_
TRACE::2026-03-06.19:33:26::SCWBDomain::0/lib/xdmaps_g.o ps7_cortexa9_0/lib/xdmaps_hw.o ps7_cortexa9_0/lib/xdmaps_selftest.o ps7_cortexa9_0/lib/xdmaps_sinit.o ps7_cort
TRACE::2026-03-06.19:33:26::SCWBDomain::exa9_0/lib/xemacps.o ps7_cortexa9_0/lib/xemacps_bdring.o ps7_cortexa9_0/lib/xemacps_control.o ps7_cortexa9_0/lib/xemacps_g.o ps
TRACE::2026-03-06.19:33:26::SCWBDomain::7_cortexa9_0/lib/xemacps_hw.o ps7_cortexa9_0/lib/xemacps_intr.o ps7_cortexa9_0/lib/xemacps_sinit.o ps7_cortexa9_0/lib/xgpio.o p
TRACE::2026-03-06.19:33:26::SCWBDomain::s7_cortexa9_0/lib/xgpio_extra.o ps7_cortexa9_0/lib/xgpio_g.o ps7_cortexa9_0/lib/xgpio_intr.o ps7_cortexa9_0/lib/xgpio_selftest.
TRACE::2026-03-06.19:33:26::SCWBDomain::o ps7_cortexa9_0/lib/xgpio_sinit.o ps7_cortexa9_0/lib/xgpiops.o ps7_cortexa9_0/lib/xgpiops_g.o ps7_cortexa9_0/lib/xgpiops_hw.o 
TRACE::2026-03-06.19:33:26::SCWBDomain::ps7_cortexa9_0/lib/xgpiops_intr.o ps7_cortexa9_0/lib/xgpiops_selftest.o ps7_cortexa9_0/lib/xgpiops_sinit.o ps7_cortexa9_0/lib/x
TRACE::2026-03-06.19:33:26::SCWBDomain::il-crt0.o ps7_cortexa9_0/lib/xil_assert.o ps7_cortexa9_0/lib/xil_cache.o ps7_cortexa9_0/lib/xil_clocking.o ps7_cortexa9_0/lib/x
TRACE::2026-03-06.19:33:26::SCWBDomain::il_exception.o ps7_cortexa9_0/lib/xil_mem.o ps7_cortexa9_0/lib/xil_misc_psreset_api.o ps7_cortexa9_0/lib/xil_mmu.o ps7_cortexa9
TRACE::2026-03-06.19:33:26::SCWBDomain::_0/lib/xil_printf.o ps7_cortexa9_0/lib/xil_sleepcommon.o ps7_cortexa9_0/lib/xil_sleeptimer.o ps7_cortexa9_0/lib/xil_spinlock.o 
TRACE::2026-03-06.19:33:26::SCWBDomain::ps7_cortexa9_0/lib/xil_sutil.o ps7_cortexa9_0/lib/xil_testcache.o ps7_cortexa9_0/lib/xil_testio.o ps7_cortexa9_0/lib/xil_testme
TRACE::2026-03-06.19:33:26::SCWBDomain::m.o ps7_cortexa9_0/lib/xil_util.o ps7_cortexa9_0/lib/xinterrupt_wrap.o ps7_cortexa9_0/lib/xl2cc_counter.o ps7_cortexa9_0/lib/xp
TRACE::2026-03-06.19:33:26::SCWBDomain::latform_info.o ps7_cortexa9_0/lib/xpm_counter.o ps7_cortexa9_0/lib/xpm_init.o ps7_cortexa9_0/lib/xqspips.o ps7_cortexa9_0/lib/x
TRACE::2026-03-06.19:33:26::SCWBDomain::qspips_g.o ps7_cortexa9_0/lib/xqspips_hw.o ps7_cortexa9_0/lib/xqspips_options.o ps7_cortexa9_0/lib/xqspips_selftest.o ps7_corte
TRACE::2026-03-06.19:33:26::SCWBDomain::xa9_0/lib/xqspips_sinit.o ps7_cortexa9_0/lib/xscugic.o ps7_cortexa9_0/lib/xscugic_g.o ps7_cortexa9_0/lib/xscugic_hw.o ps7_corte
TRACE::2026-03-06.19:33:26::SCWBDomain::xa9_0/lib/xscugic_intr.o ps7_cortexa9_0/lib/xscugic_selftest.o ps7_cortexa9_0/lib/xscugic_sinit.o ps7_cortexa9_0/lib/xscutimer.
TRACE::2026-03-06.19:33:26::SCWBDomain::o ps7_cortexa9_0/lib/xscutimer_g.o ps7_cortexa9_0/lib/xscutimer_selftest.o ps7_cortexa9_0/lib/xscutimer_sinit.o ps7_cortexa9_0/
TRACE::2026-03-06.19:33:26::SCWBDomain::lib/xscuwdt.o ps7_cortexa9_0/lib/xscuwdt_g.o ps7_cortexa9_0/lib/xscuwdt_selftest.o ps7_cortexa9_0/lib/xscuwdt_sinit.o ps7_corte
TRACE::2026-03-06.19:33:26::SCWBDomain::xa9_0/lib/xsdps.o ps7_cortexa9_0/lib/xsdps_card.o ps7_cortexa9_0/lib/xsdps_g.o ps7_cortexa9_0/lib/xsdps_host.o ps7_cortexa9_0/l
TRACE::2026-03-06.19:33:26::SCWBDomain::ib/xsdps_options.o ps7_cortexa9_0/lib/xsdps_sinit.o ps7_cortexa9_0/lib/xtime_l.o ps7_cortexa9_0/lib/xttcps.o ps7_cortexa9_0/lib
TRACE::2026-03-06.19:33:26::SCWBDomain::/xttcps_g.o ps7_cortexa9_0/lib/xttcps_options.o ps7_cortexa9_0/lib/xttcps_selftest.o ps7_cortexa9_0/lib/xttcps_sinit.o ps7_cort
TRACE::2026-03-06.19:33:26::SCWBDomain::exa9_0/lib/xuartps.o ps7_cortexa9_0/lib/xuartps_g.o ps7_cortexa9_0/lib/xuartps_hw.o ps7_cortexa9_0/lib/xuartps_intr.o ps7_corte
TRACE::2026-03-06.19:33:26::SCWBDomain::xa9_0/lib/xuartps_options.o ps7_cortexa9_0/lib/xuartps_selftest.o ps7_cortexa9_0/lib/xuartps_sinit.o ps7_cortexa9_0/lib/xusbps.
TRACE::2026-03-06.19:33:26::SCWBDomain::o ps7_cortexa9_0/lib/xusbps_endpoint.o ps7_cortexa9_0/lib/xusbps_g.o ps7_cortexa9_0/lib/xusbps_hw.o ps7_cortexa9_0/lib/xusbps_i
TRACE::2026-03-06.19:33:26::SCWBDomain::ntr.o ps7_cortexa9_0/lib/xusbps_sinit.o

TRACE::2026-03-06.19:33:26::SCWBDomain::'Finished building libraries'

TRACE::2026-03-06.19:33:26::SCWBDomain::make: Leaving directory 'E:/Git-Repos/CNC-FPGA/Vitis3/CNC-PL7/zynq_fsbl/zynq_fsbl_bsp'

TRACE::2026-03-06.19:33:27::SCWBDomain::arm-none-eabi-gcc  -O2 -c -MMD -MP       -mcpu=cortex-a9 -mfpu=vfpv3 -mfloat-abi=hard  -c sd.c -o sd.o -Izynq_fsbl_bsp/ps7_cort
TRACE::2026-03-06.19:33:27::SCWBDomain::exa9_0/include -I.

TRACE::2026-03-06.19:33:27::SCWBDomain::arm-none-eabi-gcc  -O2 -c -MMD -MP       -mcpu=cortex-a9 -mfpu=vfpv3 -mfloat-abi=hard  -c nand.c -o nand.o -Izynq_fsbl_bsp/ps7_
TRACE::2026-03-06.19:33:27::SCWBDomain::cortexa9_0/include -I.

TRACE::2026-03-06.19:33:27::SCWBDomain::arm-none-eabi-gcc  -O2 -c -MMD -MP       -mcpu=cortex-a9 -mfpu=vfpv3 -mfloat-abi=hard  -c image_mover.c -o image_mover.o -Izynq
TRACE::2026-03-06.19:33:27::SCWBDomain::_fsbl_bsp/ps7_cortexa9_0/include -I.

TRACE::2026-03-06.19:33:27::SCWBDomain::arm-none-eabi-gcc  -O2 -c -MMD -MP       -mcpu=cortex-a9 -mfpu=vfpv3 -mfloat-abi=hard  -c md5.c -o md5.o -Izynq_fsbl_bsp/ps7_co
TRACE::2026-03-06.19:33:27::SCWBDomain::rtexa9_0/include -I.

TRACE::2026-03-06.19:33:28::SCWBDomain::arm-none-eabi-gcc  -O2 -c -MMD -MP       -mcpu=cortex-a9 -mfpu=vfpv3 -mfloat-abi=hard  -c fsbl_hooks.c -o fsbl_hooks.o -Izynq_f
TRACE::2026-03-06.19:33:28::SCWBDomain::sbl_bsp/ps7_cortexa9_0/include -I.

TRACE::2026-03-06.19:33:28::SCWBDomain::arm-none-eabi-gcc  -O2 -c -MMD -MP       -mcpu=cortex-a9 -mfpu=vfpv3 -mfloat-abi=hard  -c main.c -o main.o -Izynq_fsbl_bsp/ps7_
TRACE::2026-03-06.19:33:28::SCWBDomain::cortexa9_0/include -I.

TRACE::2026-03-06.19:33:28::SCWBDomain::arm-none-eabi-gcc  -O2 -c -MMD -MP       -mcpu=cortex-a9 -mfpu=vfpv3 -mfloat-abi=hard  -c rsa.c -o rsa.o -Izynq_fsbl_bsp/ps7_co
TRACE::2026-03-06.19:33:28::SCWBDomain::rtexa9_0/include -I.

TRACE::2026-03-06.19:33:28::SCWBDomain::arm-none-eabi-gcc  -O2 -c -MMD -MP       -mcpu=cortex-a9 -mfpu=vfpv3 -mfloat-abi=hard  -c nor.c -o nor.o -Izynq_fsbl_bsp/ps7_co
TRACE::2026-03-06.19:33:28::SCWBDomain::rtexa9_0/include -I.

TRACE::2026-03-06.19:33:29::SCWBDomain::arm-none-eabi-gcc  -O2 -c -MMD -MP       -mcpu=cortex-a9 -mfpu=vfpv3 -mfloat-abi=hard  -c qspi.c -o qspi.o -Izynq_fsbl_bsp/ps7_
TRACE::2026-03-06.19:33:29::SCWBDomain::cortexa9_0/include -I.

TRACE::2026-03-06.19:33:29::SCWBDomain::arm-none-eabi-gcc  -O2 -c -MMD -MP       -mcpu=cortex-a9 -mfpu=vfpv3 -mfloat-abi=hard  -c ps7_init.c -o ps7_init.o -Izynq_fsbl_
TRACE::2026-03-06.19:33:29::SCWBDomain::bsp/ps7_cortexa9_0/include -I.

TRACE::2026-03-06.19:33:29::SCWBDomain::arm-none-eabi-gcc  -O2 -c -MMD -MP       -mcpu=cortex-a9 -mfpu=vfpv3 -mfloat-abi=hard  -c pcap.c -o pcap.o -Izynq_fsbl_bsp/ps7_
TRACE::2026-03-06.19:33:29::SCWBDomain::cortexa9_0/include -I.

TRACE::2026-03-06.19:33:29::SCWBDomain::arm-none-eabi-gcc  -O2 -c -MMD -MP       -mcpu=cortex-a9 -mfpu=vfpv3 -mfloat-abi=hard  -c fsbl_handoff.S -o fsbl_handoff.o -Izy
TRACE::2026-03-06.19:33:29::SCWBDomain::nq_fsbl_bsp/ps7_cortexa9_0/include -I.

TRACE::2026-03-06.19:33:30::SCWBDomain::arm-none-eabi-gcc -o fsbl.elf fsbl_handoff.o fsbl_hooks.o image_mover.o main.o md5.o nand.o nor.o pcap.o ps7_init.o qspi.o rsa.
TRACE::2026-03-06.19:33:30::SCWBDomain::o sd.o -MMD -MP       -mcpu=cortex-a9 -mfpu=vfpv3 -mfloat-abi=hard   -mcpu=cortex-a9 -mfpu=vfpv3 -mfloat-abi=hard -Wl,-build-id
TRACE::2026-03-06.19:33:30::SCWBDomain::=none -specs=Xilinx.spec  -lrsa -Wl,--start-group,-lxil,-lgcc,-lc,--end-group -Wl,--start-group,-lxilffs,-lxil,-lgcc,-lc,--end-
TRACE::2026-03-06.19:33:30::SCWBDomain::group -Wl,--start-group,-lrsa,-lxil,-lgcc,-lc,--end-group                                         -Wl,--gc-sections -Lzynq_fsbl
TRACE::2026-03-06.19:33:30::SCWBDomain::_bsp/ps7_cortexa9_0/lib -L./ -Tlscript.ld

LOG::2026-03-06.19:33:30::SCWSystem::Checking the domain standalone_domain
LOG::2026-03-06.19:33:30::SCWSystem::Not a boot domain 
LOG::2026-03-06.19:33:30::SCWSystem::Started Processing the domain standalone_domain
TRACE::2026-03-06.19:33:30::SCWDomain::Generating domain artifcats
TRACE::2026-03-06.19:33:30::SCWMssOS::Generating standalone artifcats
TRACE::2026-03-06.19:33:30::SCWMssOS::Copying the qemu file from  E:/Git-Repos/CNC-FPGA/Vitis3/CNC-PL7/resources/CNC-PL7/standalone_domain/qemu_args.txt To E:/Git-Repos/CNC-FPGA/Vitis3/CNC-PL7/export/CNC-PL7/sw/CNC-PL7/qemu/
TRACE::2026-03-06.19:33:30::SCWMssOS::Copying the qemu file from  E:/Git-Repos/CNC-FPGA/Vitis3/CNC-PL7/resources/CNC-PL7/standalone_domain/qemu_args.txt To E:/Git-Repos/CNC-FPGA/Vitis3/CNC-PL7/export/CNC-PL7/sw/CNC-PL7/standalone_domain/qemu/
TRACE::2026-03-06.19:33:30::SCWMssOS:: Copying the user libraries. 
TRACE::2026-03-06.19:33:30::SCWPlatform::Trying to open the hw design at E:/Git-Repos/CNC-FPGA/Vitis3/CNC-PL7/hw/CNC_Top_wrapper.xsa
TRACE::2026-03-06.19:33:30::SCWPlatform::DSA given E:/Git-Repos/CNC-FPGA/Vitis3/CNC-PL7/hw/CNC_Top_wrapper.xsa
TRACE::2026-03-06.19:33:30::SCWPlatform::DSA absoulate path E:/Git-Repos/CNC-FPGA/Vitis3/CNC-PL7/hw/CNC_Top_wrapper.xsa
TRACE::2026-03-06.19:33:30::SCWPlatform::DSA directory E:/Git-Repos/CNC-FPGA/Vitis3/CNC-PL7/hw
TRACE::2026-03-06.19:33:30::SCWPlatform:: Platform Path E:/Git-Repos/CNC-FPGA/Vitis3/CNC-PL7/hw/CNC_Top_wrapper.xsa
TRACE::2026-03-06.19:33:30::SCWPlatform:: Unique name xilinx:zedboard::0.0
TRACE::2026-03-06.19:33:30::SCWPlatform::Trying to set the existing hwdb with name CNC_Top_wrapper_23
TRACE::2026-03-06.19:33:30::SCWPlatform::Opened existing hwdb CNC_Top_wrapper_23
TRACE::2026-03-06.19:33:30::SCWPlatform::Found the Hw Db part of the input DSA
TRACE::2026-03-06.19:33:30::SCWMssOS::Checking the sw design at  E:/Git-Repos/CNC-FPGA/Vitis3/CNC-PL7/ps7_cortexa9_0/standalone_domain/bsp/system.mss
TRACE::2026-03-06.19:33:30::SCWMssOS::DEBUG:  swdes dump  E:/Git-Repos/CNC-FPGA/Vitis3/CNC-PL7/zynq_fsbl/zynq_fsbl_bsp/system.mss|system_2||

TRACE::2026-03-06.19:33:30::SCWMssOS::No sw design opened at  E:/Git-Repos/CNC-FPGA/Vitis3/CNC-PL7/ps7_cortexa9_0/standalone_domain/bsp/system.mss
TRACE::2026-03-06.19:33:30::SCWMssOS::mss exists loading the mss file  E:/Git-Repos/CNC-FPGA/Vitis3/CNC-PL7/ps7_cortexa9_0/standalone_domain/bsp/system.mss
TRACE::2026-03-06.19:33:30::SCWMssOS::Opened the sw design from mss  E:/Git-Repos/CNC-FPGA/Vitis3/CNC-PL7/ps7_cortexa9_0/standalone_domain/bsp/system.mss
TRACE::2026-03-06.19:33:30::SCWMssOS::Adding the swdes entry E:/Git-Repos/CNC-FPGA/Vitis3/CNC-PL7/ps7_cortexa9_0/standalone_domain/bsp/system.mss with des name system
TRACE::2026-03-06.19:33:30::SCWMssOS::updating the scw layer about changes
TRACE::2026-03-06.19:33:30::SCWMssOS::Opened the sw design.  E:/Git-Repos/CNC-FPGA/Vitis3/CNC-PL7/ps7_cortexa9_0/standalone_domain/bsp/system.mss
TRACE::2026-03-06.19:33:30::SCWMssOS::Completed writing the mss file at E:/Git-Repos/CNC-FPGA/Vitis3/CNC-PL7/ps7_cortexa9_0/standalone_domain/bsp
TRACE::2026-03-06.19:33:30::SCWMssOS::Mss edits present, copying mssfile into export location E:/Git-Repos/CNC-FPGA/Vitis3/CNC-PL7/ps7_cortexa9_0/standalone_domain/bsp/system.mss
TRACE::2026-03-06.19:33:30::SCWMssOS::bsp generated is upto date with the mss file. Skipping bsp generation.
TRACE::2026-03-06.19:33:30::SCWMssOS::BSP is already built. skipping the bsp build ... 
TRACE::2026-03-06.19:33:30::SCWDomain::Building the domain as part of full build :  standalone_domain
TRACE::2026-03-06.19:33:30::SCWMssOS::doing bsp build ... 
TRACE::2026-03-06.19:33:30::SCWMssOS::System Command Ran  E: & cd  E:/Git-Repos/CNC-FPGA/Vitis3/CNC-PL7/ps7_cortexa9_0/standalone_domain/bsp & make 
TRACE::2026-03-06.19:33:30::SCWMssOS::make --no-print-directory seq_libs

TRACE::2026-03-06.19:33:30::SCWMssOS::'Finished building libraries sequentially.'

TRACE::2026-03-06.19:33:30::SCWMssOS::make -j 22 --no-print-directory par_libs

TRACE::2026-03-06.19:33:30::SCWMssOS::"Running Make include in ps7_cortexa9_0/libsrc/coresightps_dcc_v1_11/src"

TRACE::2026-03-06.19:33:30::SCWMssOS::make -C ps7_cortexa9_0/libsrc/coresightps_dcc_v1_11/src -s include  "SHELL=CMD" "COMPILER=arm-none-eabi-gcc" "ASSEMBLER=arm-non
TRACE::2026-03-06.19:33:30::SCWMssOS::e-eabi-as" "ARCHIVER=arm-none-eabi-ar" "COMPILER_FLAGS=  -O2 -c" "EXTRA_COMPILER_FLAGS=-mcpu=cortex-a9 -mfpu=vfpv3 -mfloat-abi=
TRACE::2026-03-06.19:33:30::SCWMssOS::hard -nostartfiles -g -Wall -Wextra -fno-tree-loop-distribute-patterns"

TRACE::2026-03-06.19:33:30::SCWMssOS::"Running Make include in ps7_cortexa9_0/libsrc/cpu_cortexa9_v2_12/src"

TRACE::2026-03-06.19:33:30::SCWMssOS::make -C ps7_cortexa9_0/libsrc/cpu_cortexa9_v2_12/src -s include  "SHELL=CMD" "COMPILER=arm-none-eabi-gcc" "ASSEMBLER=arm-none-e
TRACE::2026-03-06.19:33:30::SCWMssOS::abi-as" "ARCHIVER=arm-none-eabi-ar" "COMPILER_FLAGS=  -O2 -c" "EXTRA_COMPILER_FLAGS=-mcpu=cortex-a9 -mfpu=vfpv3 -mfloat-abi=har
TRACE::2026-03-06.19:33:30::SCWMssOS::d -nostartfiles -g -Wall -Wextra -fno-tree-loop-distribute-patterns"

TRACE::2026-03-06.19:33:30::SCWMssOS::"Running Make include in ps7_cortexa9_0/libsrc/ddrps_v1_2/src"

TRACE::2026-03-06.19:33:30::SCWMssOS::make -C ps7_cortexa9_0/libsrc/ddrps_v1_2/src -s include  "SHELL=CMD" "COMPILER=arm-none-eabi-gcc" "ASSEMBLER=arm-none-eabi-as" 
TRACE::2026-03-06.19:33:30::SCWMssOS::"ARCHIVER=arm-none-eabi-ar" "COMPILER_FLAGS=  -O2 -c" "EXTRA_COMPILER_FLAGS=-mcpu=cortex-a9 -mfpu=vfpv3 -mfloat-abi=hard -nosta
TRACE::2026-03-06.19:33:30::SCWMssOS::rtfiles -g -Wall -Wextra -fno-tree-loop-distribute-patterns"

TRACE::2026-03-06.19:33:30::SCWMssOS::"Running Make include in ps7_cortexa9_0/libsrc/devcfg_v3_8/src"

TRACE::2026-03-06.19:33:30::SCWMssOS::make -C ps7_cortexa9_0/libsrc/devcfg_v3_8/src -s include  "SHELL=CMD" "COMPILER=arm-none-eabi-gcc" "ASSEMBLER=arm-none-eabi-as"
TRACE::2026-03-06.19:33:30::SCWMssOS:: "ARCHIVER=arm-none-eabi-ar" "COMPILER_FLAGS=  -O2 -c" "EXTRA_COMPILER_FLAGS=-mcpu=cortex-a9 -mfpu=vfpv3 -mfloat-abi=hard -nost
TRACE::2026-03-06.19:33:30::SCWMssOS::artfiles -g -Wall -Wextra -fno-tree-loop-distribute-patterns"

TRACE::2026-03-06.19:33:30::SCWMssOS::"Running Make include in ps7_cortexa9_0/libsrc/dmaps_v2_11/src"

TRACE::2026-03-06.19:33:30::SCWMssOS::make -C ps7_cortexa9_0/libsrc/dmaps_v2_11/src -s include  "SHELL=CMD" "COMPILER=arm-none-eabi-gcc" "ASSEMBLER=arm-none-eabi-as"
TRACE::2026-03-06.19:33:30::SCWMssOS:: "ARCHIVER=arm-none-eabi-ar" "COMPILER_FLAGS=  -O2 -c" "EXTRA_COMPILER_FLAGS=-mcpu=cortex-a9 -mfpu=vfpv3 -mfloat-abi=hard -nost
TRACE::2026-03-06.19:33:30::SCWMssOS::artfiles -g -Wall -Wextra -fno-tree-loop-distribute-patterns"

TRACE::2026-03-06.19:33:30::SCWMssOS::"Running Make include in ps7_cortexa9_0/libsrc/emacps_v3_21/src"

TRACE::2026-03-06.19:33:30::SCWMssOS::make -C ps7_cortexa9_0/libsrc/emacps_v3_21/src -s include  "SHELL=CMD" "COMPILER=arm-none-eabi-gcc" "ASSEMBLER=arm-none-eabi-as
TRACE::2026-03-06.19:33:30::SCWMssOS::" "ARCHIVER=arm-none-eabi-ar" "COMPILER_FLAGS=  -O2 -c" "EXTRA_COMPILER_FLAGS=-mcpu=cortex-a9 -mfpu=vfpv3 -mfloat-abi=hard -nos
TRACE::2026-03-06.19:33:30::SCWMssOS::tartfiles -g -Wall -Wextra -fno-tree-loop-distribute-patterns"

TRACE::2026-03-06.19:33:30::SCWMssOS::"Running Make include in ps7_cortexa9_0/libsrc/gpiops_v3_13/src"

TRACE::2026-03-06.19:33:30::SCWMssOS::make -C ps7_cortexa9_0/libsrc/gpiops_v3_13/src -s include  "SHELL=CMD" "COMPILER=arm-none-eabi-gcc" "ASSEMBLER=arm-none-eabi-as
TRACE::2026-03-06.19:33:30::SCWMssOS::" "ARCHIVER=arm-none-eabi-ar" "COMPILER_FLAGS=  -O2 -c" "EXTRA_COMPILER_FLAGS=-mcpu=cortex-a9 -mfpu=vfpv3 -mfloat-abi=hard -nos
TRACE::2026-03-06.19:33:30::SCWMssOS::tartfiles -g -Wall -Wextra -fno-tree-loop-distribute-patterns"

TRACE::2026-03-06.19:33:30::SCWMssOS::"Running Make include in ps7_cortexa9_0/libsrc/gpio_v4_12/src"

TRACE::2026-03-06.19:33:30::SCWMssOS::make -C ps7_cortexa9_0/libsrc/gpio_v4_12/src -s include  "SHELL=CMD" "COMPILER=arm-none-eabi-gcc" "ASSEMBLER=arm-none-eabi-as" 
TRACE::2026-03-06.19:33:30::SCWMssOS::"ARCHIVER=arm-none-eabi-ar" "COMPILER_FLAGS=  -O2 -c" "EXTRA_COMPILER_FLAGS=-mcpu=cortex-a9 -mfpu=vfpv3 -mfloat-abi=hard -nosta
TRACE::2026-03-06.19:33:30::SCWMssOS::rtfiles -g -Wall -Wextra -fno-tree-loop-distribute-patterns"

TRACE::2026-03-06.19:33:30::SCWMssOS::"Running Make include in ps7_cortexa9_0/libsrc/qspips_v3_13/src"

TRACE::2026-03-06.19:33:30::SCWMssOS::make -C ps7_cortexa9_0/libsrc/qspips_v3_13/src -s include  "SHELL=CMD" "COMPILER=arm-none-eabi-gcc" "ASSEMBLER=arm-none-eabi-as
TRACE::2026-03-06.19:33:30::SCWMssOS::" "ARCHIVER=arm-none-eabi-ar" "COMPILER_FLAGS=  -O2 -c" "EXTRA_COMPILER_FLAGS=-mcpu=cortex-a9 -mfpu=vfpv3 -mfloat-abi=hard -nos
TRACE::2026-03-06.19:33:30::SCWMssOS::tartfiles -g -Wall -Wextra -fno-tree-loop-distribute-patterns"

TRACE::2026-03-06.19:33:30::SCWMssOS::"Running Make include in ps7_cortexa9_0/libsrc/scugic_v5_4/src"

TRACE::2026-03-06.19:33:30::SCWMssOS::make -C ps7_cortexa9_0/libsrc/scugic_v5_4/src -s include  "SHELL=CMD" "COMPILER=arm-none-eabi-gcc" "ASSEMBLER=arm-none-eabi-as"
TRACE::2026-03-06.19:33:30::SCWMssOS:: "ARCHIVER=arm-none-eabi-ar" "COMPILER_FLAGS=  -O2 -c" "EXTRA_COMPILER_FLAGS=-mcpu=cortex-a9 -mfpu=vfpv3 -mfloat-abi=hard -nost
TRACE::2026-03-06.19:33:30::SCWMssOS::artfiles -g -Wall -Wextra -fno-tree-loop-distribute-patterns"

TRACE::2026-03-06.19:33:30::SCWMssOS::"Running Make include in ps7_cortexa9_0/libsrc/scutimer_v2_6/src"

TRACE::2026-03-06.19:33:30::SCWMssOS::make -C ps7_cortexa9_0/libsrc/scutimer_v2_6/src -s include  "SHELL=CMD" "COMPILER=arm-none-eabi-gcc" "ASSEMBLER=arm-none-eabi-a
TRACE::2026-03-06.19:33:30::SCWMssOS::s" "ARCHIVER=arm-none-eabi-ar" "COMPILER_FLAGS=  -O2 -c" "EXTRA_COMPILER_FLAGS=-mcpu=cortex-a9 -mfpu=vfpv3 -mfloat-abi=hard -no
TRACE::2026-03-06.19:33:30::SCWMssOS::startfiles -g -Wall -Wextra -fno-tree-loop-distribute-patterns"

TRACE::2026-03-06.19:33:30::SCWMssOS::"Running Make include in ps7_cortexa9_0/libsrc/scuwdt_v2_6/src"

TRACE::2026-03-06.19:33:30::SCWMssOS::make -C ps7_cortexa9_0/libsrc/scuwdt_v2_6/src -s include  "SHELL=CMD" "COMPILER=arm-none-eabi-gcc" "ASSEMBLER=arm-none-eabi-as"
TRACE::2026-03-06.19:33:30::SCWMssOS:: "ARCHIVER=arm-none-eabi-ar" "COMPILER_FLAGS=  -O2 -c" "EXTRA_COMPILER_FLAGS=-mcpu=cortex-a9 -mfpu=vfpv3 -mfloat-abi=hard -nost
TRACE::2026-03-06.19:33:30::SCWMssOS::artfiles -g -Wall -Wextra -fno-tree-loop-distribute-patterns"

TRACE::2026-03-06.19:33:30::SCWMssOS::"Running Make include in ps7_cortexa9_0/libsrc/sdps_v4_4/src"

TRACE::2026-03-06.19:33:30::SCWMssOS::make -C ps7_cortexa9_0/libsrc/sdps_v4_4/src -s include  "SHELL=CMD" "COMPILER=arm-none-eabi-gcc" "ASSEMBLER=arm-none-eabi-as" "
TRACE::2026-03-06.19:33:30::SCWMssOS::ARCHIVER=arm-none-eabi-ar" "COMPILER_FLAGS=  -O2 -c" "EXTRA_COMPILER_FLAGS=-mcpu=cortex-a9 -mfpu=vfpv3 -mfloat-abi=hard -nostar
TRACE::2026-03-06.19:33:30::SCWMssOS::tfiles -g -Wall -Wextra -fno-tree-loop-distribute-patterns"

TRACE::2026-03-06.19:33:30::SCWMssOS::"Running Make include in ps7_cortexa9_0/libsrc/standalone_v9_2/src"

TRACE::2026-03-06.19:33:30::SCWMssOS::make -C ps7_cortexa9_0/libsrc/standalone_v9_2/src -s include  "SHELL=CMD" "COMPILER=arm-none-eabi-gcc" "ASSEMBLER=arm-none-eabi
TRACE::2026-03-06.19:33:30::SCWMssOS::-as" "ARCHIVER=arm-none-eabi-ar" "COMPILER_FLAGS=  -O2 -c" "EXTRA_COMPILER_FLAGS=-mcpu=cortex-a9 -mfpu=vfpv3 -mfloat-abi=hard -
TRACE::2026-03-06.19:33:30::SCWMssOS::nostartfiles -g -Wall -Wextra -fno-tree-loop-distribute-patterns"

TRACE::2026-03-06.19:33:30::SCWMssOS::"Running Make include in ps7_cortexa9_0/libsrc/ttcps_v3_20/src"

TRACE::2026-03-06.19:33:30::SCWMssOS::make -C ps7_cortexa9_0/libsrc/ttcps_v3_20/src -s include  "SHELL=CMD" "COMPILER=arm-none-eabi-gcc" "ASSEMBLER=arm-none-eabi-as"
TRACE::2026-03-06.19:33:30::SCWMssOS:: "ARCHIVER=arm-none-eabi-ar" "COMPILER_FLAGS=  -O2 -c" "EXTRA_COMPILER_FLAGS=-mcpu=cortex-a9 -mfpu=vfpv3 -mfloat-abi=hard -nost
TRACE::2026-03-06.19:33:30::SCWMssOS::artfiles -g -Wall -Wextra -fno-tree-loop-distribute-patterns"

TRACE::2026-03-06.19:33:30::SCWMssOS::"Running Make include in ps7_cortexa9_0/libsrc/uartps_v3_15/src"

TRACE::2026-03-06.19:33:30::SCWMssOS::make -C ps7_cortexa9_0/libsrc/uartps_v3_15/src -s include  "SHELL=CMD" "COMPILER=arm-none-eabi-gcc" "ASSEMBLER=arm-none-eabi-as
TRACE::2026-03-06.19:33:30::SCWMssOS::" "ARCHIVER=arm-none-eabi-ar" "COMPILER_FLAGS=  -O2 -c" "EXTRA_COMPILER_FLAGS=-mcpu=cortex-a9 -mfpu=vfpv3 -mfloat-abi=hard -nos
TRACE::2026-03-06.19:33:30::SCWMssOS::tartfiles -g -Wall -Wextra -fno-tree-loop-distribute-patterns"

TRACE::2026-03-06.19:33:30::SCWMssOS::"Running Make include in ps7_cortexa9_0/libsrc/usbps_v2_9/src"

TRACE::2026-03-06.19:33:30::SCWMssOS::make -C ps7_cortexa9_0/libsrc/usbps_v2_9/src -s include  "SHELL=CMD" "COMPILER=arm-none-eabi-gcc" "ASSEMBLER=arm-none-eabi-as" 
TRACE::2026-03-06.19:33:30::SCWMssOS::"ARCHIVER=arm-none-eabi-ar" "COMPILER_FLAGS=  -O2 -c" "EXTRA_COMPILER_FLAGS=-mcpu=cortex-a9 -mfpu=vfpv3 -mfloat-abi=hard -nosta
TRACE::2026-03-06.19:33:30::SCWMssOS::rtfiles -g -Wall -Wextra -fno-tree-loop-distribute-patterns"

TRACE::2026-03-06.19:33:30::SCWMssOS::"Running Make include in ps7_cortexa9_0/libsrc/xadcps_v2_7/src"

TRACE::2026-03-06.19:33:31::SCWMssOS::make -C ps7_cortexa9_0/libsrc/xadcps_v2_7/src -s include  "SHELL=CMD" "COMPILER=arm-none-eabi-gcc" "ASSEMBLER=arm-none-eabi-as"
TRACE::2026-03-06.19:33:31::SCWMssOS:: "ARCHIVER=arm-none-eabi-ar" "COMPILER_FLAGS=  -O2 -c" "EXTRA_COMPILER_FLAGS=-mcpu=cortex-a9 -mfpu=vfpv3 -mfloat-abi=hard -nost
TRACE::2026-03-06.19:33:31::SCWMssOS::artfiles -g -Wall -Wextra -fno-tree-loop-distribute-patterns"

TRACE::2026-03-06.19:33:31::SCWMssOS::"Running Make include in ps7_cortexa9_0/libsrc/xilffs_v5_3/src"

TRACE::2026-03-06.19:33:31::SCWMssOS::make -C ps7_cortexa9_0/libsrc/xilffs_v5_3/src -s include  "SHELL=CMD" "COMPILER=arm-none-eabi-gcc" "ASSEMBLER=arm-none-eabi-as"
TRACE::2026-03-06.19:33:31::SCWMssOS:: "ARCHIVER=arm-none-eabi-ar" "COMPILER_FLAGS=  -O2 -c" "EXTRA_COMPILER_FLAGS=-mcpu=cortex-a9 -mfpu=vfpv3 -mfloat-abi=hard -nost
TRACE::2026-03-06.19:33:31::SCWMssOS::artfiles -g -Wall -Wextra -fno-tree-loop-distribute-patterns"

TRACE::2026-03-06.19:33:31::SCWMssOS::"Running Make libs in ps7_cortexa9_0/libsrc/coresightps_dcc_v1_11/src"

TRACE::2026-03-06.19:33:31::SCWMssOS::make -C ps7_cortexa9_0/libsrc/coresightps_dcc_v1_11/src -s libs  "SHELL=CMD" "COMPILER=arm-none-eabi-gcc" "ASSEMBLER=arm-none-e
TRACE::2026-03-06.19:33:31::SCWMssOS::abi-as" "ARCHIVER=arm-none-eabi-ar" "COMPILER_FLAGS=  -O2 -c" "EXTRA_COMPILER_FLAGS=-mcpu=cortex-a9 -mfpu=vfpv3 -mfloat-abi=har
TRACE::2026-03-06.19:33:31::SCWMssOS::d -nostartfiles -g -Wall -Wextra -fno-tree-loop-distribute-patterns"

TRACE::2026-03-06.19:33:31::SCWMssOS::"Running Make libs in ps7_cortexa9_0/libsrc/cpu_cortexa9_v2_12/src"

TRACE::2026-03-06.19:33:31::SCWMssOS::make -C ps7_cortexa9_0/libsrc/cpu_cortexa9_v2_12/src -s libs  "SHELL=CMD" "COMPILER=arm-none-eabi-gcc" "ASSEMBLER=arm-none-eabi
TRACE::2026-03-06.19:33:31::SCWMssOS::-as" "ARCHIVER=arm-none-eabi-ar" "COMPILER_FLAGS=  -O2 -c" "EXTRA_COMPILER_FLAGS=-mcpu=cortex-a9 -mfpu=vfpv3 -mfloat-abi=hard -
TRACE::2026-03-06.19:33:31::SCWMssOS::nostartfiles -g -Wall -Wextra -fno-tree-loop-distribute-patterns"

TRACE::2026-03-06.19:33:31::SCWMssOS::"Running Make libs in ps7_cortexa9_0/libsrc/ddrps_v1_2/src"

TRACE::2026-03-06.19:33:31::SCWMssOS::make -C ps7_cortexa9_0/libsrc/ddrps_v1_2/src -s libs  "SHELL=CMD" "COMPILER=arm-none-eabi-gcc" "ASSEMBLER=arm-none-eabi-as" "AR
TRACE::2026-03-06.19:33:31::SCWMssOS::CHIVER=arm-none-eabi-ar" "COMPILER_FLAGS=  -O2 -c" "EXTRA_COMPILER_FLAGS=-mcpu=cortex-a9 -mfpu=vfpv3 -mfloat-abi=hard -nostartf
TRACE::2026-03-06.19:33:31::SCWMssOS::iles -g -Wall -Wextra -fno-tree-loop-distribute-patterns"

TRACE::2026-03-06.19:33:31::SCWMssOS::"Running Make libs in ps7_cortexa9_0/libsrc/devcfg_v3_8/src"

TRACE::2026-03-06.19:33:31::SCWMssOS::make -C ps7_cortexa9_0/libsrc/devcfg_v3_8/src -s libs  "SHELL=CMD" "COMPILER=arm-none-eabi-gcc" "ASSEMBLER=arm-none-eabi-as" "A
TRACE::2026-03-06.19:33:31::SCWMssOS::RCHIVER=arm-none-eabi-ar" "COMPILER_FLAGS=  -O2 -c" "EXTRA_COMPILER_FLAGS=-mcpu=cortex-a9 -mfpu=vfpv3 -mfloat-abi=hard -nostart
TRACE::2026-03-06.19:33:31::SCWMssOS::files -g -Wall -Wextra -fno-tree-loop-distribute-patterns"

TRACE::2026-03-06.19:33:31::SCWMssOS::"Running Make libs in ps7_cortexa9_0/libsrc/dmaps_v2_11/src"

TRACE::2026-03-06.19:33:31::SCWMssOS::make -C ps7_cortexa9_0/libsrc/dmaps_v2_11/src -s libs  "SHELL=CMD" "COMPILER=arm-none-eabi-gcc" "ASSEMBLER=arm-none-eabi-as" "A
TRACE::2026-03-06.19:33:31::SCWMssOS::RCHIVER=arm-none-eabi-ar" "COMPILER_FLAGS=  -O2 -c" "EXTRA_COMPILER_FLAGS=-mcpu=cortex-a9 -mfpu=vfpv3 -mfloat-abi=hard -nostart
TRACE::2026-03-06.19:33:31::SCWMssOS::files -g -Wall -Wextra -fno-tree-loop-distribute-patterns"

TRACE::2026-03-06.19:33:31::SCWMssOS::"Running Make libs in ps7_cortexa9_0/libsrc/emacps_v3_21/src"

TRACE::2026-03-06.19:33:31::SCWMssOS::make -C ps7_cortexa9_0/libsrc/emacps_v3_21/src -s libs  "SHELL=CMD" "COMPILER=arm-none-eabi-gcc" "ASSEMBLER=arm-none-eabi-as" "
TRACE::2026-03-06.19:33:31::SCWMssOS::ARCHIVER=arm-none-eabi-ar" "COMPILER_FLAGS=  -O2 -c" "EXTRA_COMPILER_FLAGS=-mcpu=cortex-a9 -mfpu=vfpv3 -mfloat-abi=hard -nostar
TRACE::2026-03-06.19:33:31::SCWMssOS::tfiles -g -Wall -Wextra -fno-tree-loop-distribute-patterns"

TRACE::2026-03-06.19:33:31::SCWMssOS::"Running Make libs in ps7_cortexa9_0/libsrc/gpiops_v3_13/src"

TRACE::2026-03-06.19:33:31::SCWMssOS::make -C ps7_cortexa9_0/libsrc/gpiops_v3_13/src -s libs  "SHELL=CMD" "COMPILER=arm-none-eabi-gcc" "ASSEMBLER=arm-none-eabi-as" "
TRACE::2026-03-06.19:33:31::SCWMssOS::ARCHIVER=arm-none-eabi-ar" "COMPILER_FLAGS=  -O2 -c" "EXTRA_COMPILER_FLAGS=-mcpu=cortex-a9 -mfpu=vfpv3 -mfloat-abi=hard -nostar
TRACE::2026-03-06.19:33:31::SCWMssOS::tfiles -g -Wall -Wextra -fno-tree-loop-distribute-patterns"

TRACE::2026-03-06.19:33:31::SCWMssOS::"Running Make libs in ps7_cortexa9_0/libsrc/gpio_v4_12/src"

TRACE::2026-03-06.19:33:31::SCWMssOS::make -C ps7_cortexa9_0/libsrc/gpio_v4_12/src -s libs  "SHELL=CMD" "COMPILER=arm-none-eabi-gcc" "ASSEMBLER=arm-none-eabi-as" "AR
TRACE::2026-03-06.19:33:31::SCWMssOS::CHIVER=arm-none-eabi-ar" "COMPILER_FLAGS=  -O2 -c" "EXTRA_COMPILER_FLAGS=-mcpu=cortex-a9 -mfpu=vfpv3 -mfloat-abi=hard -nostartf
TRACE::2026-03-06.19:33:31::SCWMssOS::iles -g -Wall -Wextra -fno-tree-loop-distribute-patterns"

TRACE::2026-03-06.19:33:31::SCWMssOS::"Running Make libs in ps7_cortexa9_0/libsrc/qspips_v3_13/src"

TRACE::2026-03-06.19:33:31::SCWMssOS::make -C ps7_cortexa9_0/libsrc/qspips_v3_13/src -s libs  "SHELL=CMD" "COMPILER=arm-none-eabi-gcc" "ASSEMBLER=arm-none-eabi-as" "
TRACE::2026-03-06.19:33:31::SCWMssOS::ARCHIVER=arm-none-eabi-ar" "COMPILER_FLAGS=  -O2 -c" "EXTRA_COMPILER_FLAGS=-mcpu=cortex-a9 -mfpu=vfpv3 -mfloat-abi=hard -nostar
TRACE::2026-03-06.19:33:31::SCWMssOS::tfiles -g -Wall -Wextra -fno-tree-loop-distribute-patterns"

TRACE::2026-03-06.19:33:31::SCWMssOS::"Running Make libs in ps7_cortexa9_0/libsrc/scugic_v5_4/src"

TRACE::2026-03-06.19:33:31::SCWMssOS::make -C ps7_cortexa9_0/libsrc/scugic_v5_4/src -s libs  "SHELL=CMD" "COMPILER=arm-none-eabi-gcc" "ASSEMBLER=arm-none-eabi-as" "A
TRACE::2026-03-06.19:33:31::SCWMssOS::RCHIVER=arm-none-eabi-ar" "COMPILER_FLAGS=  -O2 -c" "EXTRA_COMPILER_FLAGS=-mcpu=cortex-a9 -mfpu=vfpv3 -mfloat-abi=hard -nostart
TRACE::2026-03-06.19:33:31::SCWMssOS::files -g -Wall -Wextra -fno-tree-loop-distribute-patterns"

TRACE::2026-03-06.19:33:32::SCWMssOS::"Running Make libs in ps7_cortexa9_0/libsrc/scutimer_v2_6/src"

TRACE::2026-03-06.19:33:32::SCWMssOS::make -C ps7_cortexa9_0/libsrc/scutimer_v2_6/src -s libs  "SHELL=CMD" "COMPILER=arm-none-eabi-gcc" "ASSEMBLER=arm-none-eabi-as" 
TRACE::2026-03-06.19:33:32::SCWMssOS::"ARCHIVER=arm-none-eabi-ar" "COMPILER_FLAGS=  -O2 -c" "EXTRA_COMPILER_FLAGS=-mcpu=cortex-a9 -mfpu=vfpv3 -mfloat-abi=hard -nosta
TRACE::2026-03-06.19:33:32::SCWMssOS::rtfiles -g -Wall -Wextra -fno-tree-loop-distribute-patterns"

TRACE::2026-03-06.19:33:32::SCWMssOS::"Running Make libs in ps7_cortexa9_0/libsrc/scuwdt_v2_6/src"

TRACE::2026-03-06.19:33:32::SCWMssOS::make -C ps7_cortexa9_0/libsrc/scuwdt_v2_6/src -s libs  "SHELL=CMD" "COMPILER=arm-none-eabi-gcc" "ASSEMBLER=arm-none-eabi-as" "A
TRACE::2026-03-06.19:33:32::SCWMssOS::RCHIVER=arm-none-eabi-ar" "COMPILER_FLAGS=  -O2 -c" "EXTRA_COMPILER_FLAGS=-mcpu=cortex-a9 -mfpu=vfpv3 -mfloat-abi=hard -nostart
TRACE::2026-03-06.19:33:32::SCWMssOS::files -g -Wall -Wextra -fno-tree-loop-distribute-patterns"

TRACE::2026-03-06.19:33:32::SCWMssOS::"Running Make libs in ps7_cortexa9_0/libsrc/sdps_v4_4/src"

TRACE::2026-03-06.19:33:32::SCWMssOS::make -C ps7_cortexa9_0/libsrc/sdps_v4_4/src -s libs  "SHELL=CMD" "COMPILER=arm-none-eabi-gcc" "ASSEMBLER=arm-none-eabi-as" "ARC
TRACE::2026-03-06.19:33:32::SCWMssOS::HIVER=arm-none-eabi-ar" "COMPILER_FLAGS=  -O2 -c" "EXTRA_COMPILER_FLAGS=-mcpu=cortex-a9 -mfpu=vfpv3 -mfloat-abi=hard -nostartfi
TRACE::2026-03-06.19:33:32::SCWMssOS::les -g -Wall -Wextra -fno-tree-loop-distribute-patterns"

TRACE::2026-03-06.19:33:32::SCWMssOS::"Running Make libs in ps7_cortexa9_0/libsrc/standalone_v9_2/src"

TRACE::2026-03-06.19:33:32::SCWMssOS::make -C ps7_cortexa9_0/libsrc/standalone_v9_2/src -s libs  "SHELL=CMD" "COMPILER=arm-none-eabi-gcc" "ASSEMBLER=arm-none-eabi-as
TRACE::2026-03-06.19:33:32::SCWMssOS::" "ARCHIVER=arm-none-eabi-ar" "COMPILER_FLAGS=  -O2 -c" "EXTRA_COMPILER_FLAGS=-mcpu=cortex-a9 -mfpu=vfpv3 -mfloat-abi=hard -nos
TRACE::2026-03-06.19:33:32::SCWMssOS::tartfiles -g -Wall -Wextra -fno-tree-loop-distribute-patterns"

TRACE::2026-03-06.19:33:32::SCWMssOS::"Running Make libs in ps7_cortexa9_0/libsrc/ttcps_v3_20/src"

TRACE::2026-03-06.19:33:32::SCWMssOS::make -C ps7_cortexa9_0/libsrc/ttcps_v3_20/src -s libs  "SHELL=CMD" "COMPILER=arm-none-eabi-gcc" "ASSEMBLER=arm-none-eabi-as" "A
TRACE::2026-03-06.19:33:32::SCWMssOS::RCHIVER=arm-none-eabi-ar" "COMPILER_FLAGS=  -O2 -c" "EXTRA_COMPILER_FLAGS=-mcpu=cortex-a9 -mfpu=vfpv3 -mfloat-abi=hard -nostart
TRACE::2026-03-06.19:33:32::SCWMssOS::files -g -Wall -Wextra -fno-tree-loop-distribute-patterns"

TRACE::2026-03-06.19:33:32::SCWMssOS::"Running Make libs in ps7_cortexa9_0/libsrc/uartps_v3_15/src"

TRACE::2026-03-06.19:33:32::SCWMssOS::make -C ps7_cortexa9_0/libsrc/uartps_v3_15/src -s libs  "SHELL=CMD" "COMPILER=arm-none-eabi-gcc" "ASSEMBLER=arm-none-eabi-as" "
TRACE::2026-03-06.19:33:32::SCWMssOS::ARCHIVER=arm-none-eabi-ar" "COMPILER_FLAGS=  -O2 -c" "EXTRA_COMPILER_FLAGS=-mcpu=cortex-a9 -mfpu=vfpv3 -mfloat-abi=hard -nostar
TRACE::2026-03-06.19:33:32::SCWMssOS::tfiles -g -Wall -Wextra -fno-tree-loop-distribute-patterns"

TRACE::2026-03-06.19:33:32::SCWMssOS::"Running Make libs in ps7_cortexa9_0/libsrc/usbps_v2_9/src"

TRACE::2026-03-06.19:33:32::SCWMssOS::make -C ps7_cortexa9_0/libsrc/usbps_v2_9/src -s libs  "SHELL=CMD" "COMPILER=arm-none-eabi-gcc" "ASSEMBLER=arm-none-eabi-as" "AR
TRACE::2026-03-06.19:33:32::SCWMssOS::CHIVER=arm-none-eabi-ar" "COMPILER_FLAGS=  -O2 -c" "EXTRA_COMPILER_FLAGS=-mcpu=cortex-a9 -mfpu=vfpv3 -mfloat-abi=hard -nostartf
TRACE::2026-03-06.19:33:32::SCWMssOS::iles -g -Wall -Wextra -fno-tree-loop-distribute-patterns"

TRACE::2026-03-06.19:33:32::SCWMssOS::"Running Make libs in ps7_cortexa9_0/libsrc/xadcps_v2_7/src"

TRACE::2026-03-06.19:33:32::SCWMssOS::make -C ps7_cortexa9_0/libsrc/xadcps_v2_7/src -s libs  "SHELL=CMD" "COMPILER=arm-none-eabi-gcc" "ASSEMBLER=arm-none-eabi-as" "A
TRACE::2026-03-06.19:33:32::SCWMssOS::RCHIVER=arm-none-eabi-ar" "COMPILER_FLAGS=  -O2 -c" "EXTRA_COMPILER_FLAGS=-mcpu=cortex-a9 -mfpu=vfpv3 -mfloat-abi=hard -nostart
TRACE::2026-03-06.19:33:32::SCWMssOS::files -g -Wall -Wextra -fno-tree-loop-distribute-patterns"

TRACE::2026-03-06.19:33:32::SCWMssOS::"Running Make libs in ps7_cortexa9_0/libsrc/xilffs_v5_3/src"

TRACE::2026-03-06.19:33:32::SCWMssOS::make -C ps7_cortexa9_0/libsrc/xilffs_v5_3/src -s libs  "SHELL=CMD" "COMPILER=arm-none-eabi-gcc" "ASSEMBLER=arm-none-eabi-as" "A
TRACE::2026-03-06.19:33:32::SCWMssOS::RCHIVER=arm-none-eabi-ar" "COMPILER_FLAGS=  -O2 -c" "EXTRA_COMPILER_FLAGS=-mcpu=cortex-a9 -mfpu=vfpv3 -mfloat-abi=hard -nostart
TRACE::2026-03-06.19:33:32::SCWMssOS::files -g -Wall -Wextra -fno-tree-loop-distribute-patterns"

TRACE::2026-03-06.19:33:33::SCWMssOS::'Finished building libraries parallelly.'

TRACE::2026-03-06.19:33:33::SCWMssOS::make --no-print-directory archive

TRACE::2026-03-06.19:33:33::SCWMssOS::arm-none-eabi-ar -r  ps7_cortexa9_0/lib/libxil.a ps7_cortexa9_0/lib/_exit.o ps7_cortexa9_0/lib/_open.o ps7_cortexa9_0/lib/_sbrk
TRACE::2026-03-06.19:33:33::SCWMssOS::.o ps7_cortexa9_0/lib/abort.o ps7_cortexa9_0/lib/asm_vectors.o ps7_cortexa9_0/lib/boot.o ps7_cortexa9_0/lib/close.o ps7_cortexa
TRACE::2026-03-06.19:33:33::SCWMssOS::9_0/lib/cpputest_time.o ps7_cortexa9_0/lib/cpu_init.o ps7_cortexa9_0/lib/errno.o ps7_cortexa9_0/lib/fcntl.o ps7_cortexa9_0/lib/
TRACE::2026-03-06.19:33:33::SCWMssOS::fstat.o ps7_cortexa9_0/lib/getentropy.o ps7_cortexa9_0/lib/getpid.o ps7_cortexa9_0/lib/gettimeofday.o ps7_cortexa9_0/lib/inbyte
TRACE::2026-03-06.19:33:33::SCWMssOS::.o ps7_cortexa9_0/lib/isatty.o ps7_cortexa9_0/lib/kill.o ps7_cortexa9_0/lib/lseek.o ps7_cortexa9_0/lib/open.o ps7_cortexa9_0/li
TRACE::2026-03-06.19:33:33::SCWMssOS::b/outbyte.o ps7_cortexa9_0/lib/print.o ps7_cortexa9_0/lib/putnum.o ps7_cortexa9_0/lib/read.o ps7_cortexa9_0/lib/sbrk.o ps7_cort
TRACE::2026-03-06.19:33:33::SCWMssOS::exa9_0/lib/sleep.o ps7_cortexa9_0/lib/time.o ps7_cortexa9_0/lib/translation_table.o ps7_cortexa9_0/lib/unlink.o ps7_cortexa9_0/
TRACE::2026-03-06.19:33:33::SCWMssOS::lib/usleep.o ps7_cortexa9_0/lib/vectors.o ps7_cortexa9_0/lib/write.o ps7_cortexa9_0/lib/xadcps.o ps7_cortexa9_0/lib/xadcps_g.o 
TRACE::2026-03-06.19:33:33::SCWMssOS::ps7_cortexa9_0/lib/xadcps_intr.o ps7_cortexa9_0/lib/xadcps_selftest.o ps7_cortexa9_0/lib/xadcps_sinit.o ps7_cortexa9_0/lib/xcor
TRACE::2026-03-06.19:33:33::SCWMssOS::esightpsdcc.o ps7_cortexa9_0/lib/xdevcfg.o ps7_cortexa9_0/lib/xdevcfg_g.o ps7_cortexa9_0/lib/xdevcfg_hw.o ps7_cortexa9_0/lib/xd
TRACE::2026-03-06.19:33:33::SCWMssOS::evcfg_intr.o ps7_cortexa9_0/lib/xdevcfg_selftest.o ps7_cortexa9_0/lib/xdevcfg_sinit.o ps7_cortexa9_0/lib/xdmaps.o ps7_cortexa9_
TRACE::2026-03-06.19:33:33::SCWMssOS::0/lib/xdmaps_g.o ps7_cortexa9_0/lib/xdmaps_hw.o ps7_cortexa9_0/lib/xdmaps_selftest.o ps7_cortexa9_0/lib/xdmaps_sinit.o ps7_cort
TRACE::2026-03-06.19:33:33::SCWMssOS::exa9_0/lib/xemacps.o ps7_cortexa9_0/lib/xemacps_bdring.o ps7_cortexa9_0/lib/xemacps_control.o ps7_cortexa9_0/lib/xemacps_g.o ps
TRACE::2026-03-06.19:33:33::SCWMssOS::7_cortexa9_0/lib/xemacps_hw.o ps7_cortexa9_0/lib/xemacps_intr.o ps7_cortexa9_0/lib/xemacps_sinit.o ps7_cortexa9_0/lib/xgpio.o p
TRACE::2026-03-06.19:33:33::SCWMssOS::s7_cortexa9_0/lib/xgpio_extra.o ps7_cortexa9_0/lib/xgpio_g.o ps7_cortexa9_0/lib/xgpio_intr.o ps7_cortexa9_0/lib/xgpio_selftest.
TRACE::2026-03-06.19:33:33::SCWMssOS::o ps7_cortexa9_0/lib/xgpio_sinit.o ps7_cortexa9_0/lib/xgpiops.o ps7_cortexa9_0/lib/xgpiops_g.o ps7_cortexa9_0/lib/xgpiops_hw.o 
TRACE::2026-03-06.19:33:33::SCWMssOS::ps7_cortexa9_0/lib/xgpiops_intr.o ps7_cortexa9_0/lib/xgpiops_selftest.o ps7_cortexa9_0/lib/xgpiops_sinit.o ps7_cortexa9_0/lib/x
TRACE::2026-03-06.19:33:33::SCWMssOS::il-crt0.o ps7_cortexa9_0/lib/xil_assert.o ps7_cortexa9_0/lib/xil_cache.o ps7_cortexa9_0/lib/xil_clocking.o ps7_cortexa9_0/lib/x
TRACE::2026-03-06.19:33:33::SCWMssOS::il_exception.o ps7_cortexa9_0/lib/xil_mem.o ps7_cortexa9_0/lib/xil_misc_psreset_api.o ps7_cortexa9_0/lib/xil_mmu.o ps7_cortexa9
TRACE::2026-03-06.19:33:33::SCWMssOS::_0/lib/xil_printf.o ps7_cortexa9_0/lib/xil_sleepcommon.o ps7_cortexa9_0/lib/xil_sleeptimer.o ps7_cortexa9_0/lib/xil_spinlock.o 
TRACE::2026-03-06.19:33:33::SCWMssOS::ps7_cortexa9_0/lib/xil_sutil.o ps7_cortexa9_0/lib/xil_testcache.o ps7_cortexa9_0/lib/xil_testio.o ps7_cortexa9_0/lib/xil_testme
TRACE::2026-03-06.19:33:33::SCWMssOS::m.o ps7_cortexa9_0/lib/xil_util.o ps7_cortexa9_0/lib/xinterrupt_wrap.o ps7_cortexa9_0/lib/xl2cc_counter.o ps7_cortexa9_0/lib/xp
TRACE::2026-03-06.19:33:33::SCWMssOS::latform_info.o ps7_cortexa9_0/lib/xpm_counter.o ps7_cortexa9_0/lib/xpm_init.o ps7_cortexa9_0/lib/xqspips.o ps7_cortexa9_0/lib/x
TRACE::2026-03-06.19:33:33::SCWMssOS::qspips_g.o ps7_cortexa9_0/lib/xqspips_hw.o ps7_cortexa9_0/lib/xqspips_options.o ps7_cortexa9_0/lib/xqspips_selftest.o ps7_corte
TRACE::2026-03-06.19:33:33::SCWMssOS::xa9_0/lib/xqspips_sinit.o ps7_cortexa9_0/lib/xscugic.o ps7_cortexa9_0/lib/xscugic_g.o ps7_cortexa9_0/lib/xscugic_hw.o ps7_corte
TRACE::2026-03-06.19:33:33::SCWMssOS::xa9_0/lib/xscugic_intr.o ps7_cortexa9_0/lib/xscugic_selftest.o ps7_cortexa9_0/lib/xscugic_sinit.o ps7_cortexa9_0/lib/xscutimer.
TRACE::2026-03-06.19:33:33::SCWMssOS::o ps7_cortexa9_0/lib/xscutimer_g.o ps7_cortexa9_0/lib/xscutimer_selftest.o ps7_cortexa9_0/lib/xscutimer_sinit.o ps7_cortexa9_0/
TRACE::2026-03-06.19:33:33::SCWMssOS::lib/xscuwdt.o ps7_cortexa9_0/lib/xscuwdt_g.o ps7_cortexa9_0/lib/xscuwdt_selftest.o ps7_cortexa9_0/lib/xscuwdt_sinit.o ps7_corte
TRACE::2026-03-06.19:33:33::SCWMssOS::xa9_0/lib/xsdps.o ps7_cortexa9_0/lib/xsdps_card.o ps7_cortexa9_0/lib/xsdps_g.o ps7_cortexa9_0/lib/xsdps_host.o ps7_cortexa9_0/l
TRACE::2026-03-06.19:33:33::SCWMssOS::ib/xsdps_options.o ps7_cortexa9_0/lib/xsdps_sinit.o ps7_cortexa9_0/lib/xtime_l.o ps7_cortexa9_0/lib/xttcps.o ps7_cortexa9_0/lib
TRACE::2026-03-06.19:33:33::SCWMssOS::/xttcps_g.o ps7_cortexa9_0/lib/xttcps_options.o ps7_cortexa9_0/lib/xttcps_selftest.o ps7_cortexa9_0/lib/xttcps_sinit.o ps7_cort
TRACE::2026-03-06.19:33:33::SCWMssOS::exa9_0/lib/xuartps.o ps7_cortexa9_0/lib/xuartps_g.o ps7_cortexa9_0/lib/xuartps_hw.o ps7_cortexa9_0/lib/xuartps_intr.o ps7_corte
TRACE::2026-03-06.19:33:33::SCWMssOS::xa9_0/lib/xuartps_options.o ps7_cortexa9_0/lib/xuartps_selftest.o ps7_cortexa9_0/lib/xuartps_sinit.o ps7_cortexa9_0/lib/xusbps.
TRACE::2026-03-06.19:33:33::SCWMssOS::o ps7_cortexa9_0/lib/xusbps_endpoint.o ps7_cortexa9_0/lib/xusbps_g.o ps7_cortexa9_0/lib/xusbps_hw.o ps7_cortexa9_0/lib/xusbps_i
TRACE::2026-03-06.19:33:33::SCWMssOS::ntr.o ps7_cortexa9_0/lib/xusbps_sinit.o

TRACE::2026-03-06.19:33:34::SCWMssOS::'Finished building libraries'

TRACE::2026-03-06.19:33:34::SCWMssOS::Copying to export directory.
TRACE::2026-03-06.19:33:34::SCWMssOS:: Checking if to create the Supporting Applications
TRACE::2026-03-06.19:33:34::SCWMssOS:: No Linux domain exists, trying to generate FSBL 
LOG::2026-03-06.19:33:34::SCWSystem::Completed Processing the domain standalone_domain
LOG::2026-03-06.19:33:34::SCWSystem::Completed Processing the sysconfig CNC-PL7
LOG::2026-03-06.19:33:34::SCWPlatform::Completed generating the artifacts for system configuration CNC-PL7
TRACE::2026-03-06.19:33:34::SCWPlatform::Started preparing the platform 
TRACE::2026-03-06.19:33:34::SCWSystem::Writing the bif file for system config CNC-PL7
TRACE::2026-03-06.19:33:34::SCWSystem::dir created 
TRACE::2026-03-06.19:33:34::SCWSystem::Writing the bif 
TRACE::2026-03-06.19:33:34::SCWPlatform::Started writing the spfm file 
TRACE::2026-03-06.19:33:34::SCWPlatform::Started writing the xpfm file 
TRACE::2026-03-06.19:33:34::SCWPlatform::Completed generating the platform
TRACE::2026-03-06.19:33:34::SCWMssOS::Saving the mss changes E:/Git-Repos/CNC-FPGA/Vitis3/CNC-PL7/zynq_fsbl/zynq_fsbl_bsp/system.mss
TRACE::2026-03-06.19:33:34::SCWMssOS::Found a swdesign opened with the mssfile.
TRACE::2026-03-06.19:33:34::SCWMssOS::Completed writemss as part of save.
TRACE::2026-03-06.19:33:34::SCWMssOS::Commit changes completed.
TRACE::2026-03-06.19:33:34::SCWMssOS::Saving the mss changes E:/Git-Repos/CNC-FPGA/Vitis3/CNC-PL7/ps7_cortexa9_0/standalone_domain/bsp/system.mss
TRACE::2026-03-06.19:33:34::SCWMssOS::Found a swdesign opened with the mssfile.
TRACE::2026-03-06.19:33:34::SCWMssOS::Completed writemss as part of save.
TRACE::2026-03-06.19:33:34::SCWMssOS::Commit changes completed.
TRACE::2026-03-06.19:33:34::SCWPlatform::Trying to open the hw design at E:/Git-Repos/CNC-FPGA/Vitis3/CNC-PL7/hw/CNC_Top_wrapper.xsa
TRACE::2026-03-06.19:33:34::SCWPlatform::DSA given E:/Git-Repos/CNC-FPGA/Vitis3/CNC-PL7/hw/CNC_Top_wrapper.xsa
TRACE::2026-03-06.19:33:34::SCWPlatform::DSA absoulate path E:/Git-Repos/CNC-FPGA/Vitis3/CNC-PL7/hw/CNC_Top_wrapper.xsa
TRACE::2026-03-06.19:33:34::SCWPlatform::DSA directory E:/Git-Repos/CNC-FPGA/Vitis3/CNC-PL7/hw
TRACE::2026-03-06.19:33:34::SCWPlatform:: Platform Path E:/Git-Repos/CNC-FPGA/Vitis3/CNC-PL7/hw/CNC_Top_wrapper.xsa
TRACE::2026-03-06.19:33:34::SCWPlatform:: Unique name xilinx:zedboard::0.0
TRACE::2026-03-06.19:33:34::SCWPlatform::Trying to set the existing hwdb with name CNC_Top_wrapper_23
TRACE::2026-03-06.19:33:34::SCWPlatform::Opened existing hwdb CNC_Top_wrapper_23
TRACE::2026-03-06.19:33:34::SCWPlatform::Found the Hw Db part of the input DSA
TRACE::2026-03-06.19:33:34::SCWMssOS::Checking the sw design at  E:/Git-Repos/CNC-FPGA/Vitis3/CNC-PL7/zynq_fsbl/zynq_fsbl_bsp/system.mss
TRACE::2026-03-06.19:33:34::SCWMssOS::DEBUG:  swdes dump  E:/Git-Repos/CNC-FPGA/Vitis3/CNC-PL7/ps7_cortexa9_0/standalone_domain/bsp/system.mss|system||
E:/Git-Repos/CNC-FPGA/Vitis3/CNC-PL7/zynq_fsbl/zynq_fsbl_bsp/system.mss|system_2||

TRACE::2026-03-06.19:33:34::SCWMssOS::Sw design exists and opened at  E:/Git-Repos/CNC-FPGA/Vitis3/CNC-PL7/zynq_fsbl/zynq_fsbl_bsp/system.mss
TRACE::2026-03-06.19:33:34::SCWPlatform::Trying to open the hw design at E:/Git-Repos/CNC-FPGA/Vitis3/CNC-PL7/hw/CNC_Top_wrapper.xsa
TRACE::2026-03-06.19:33:34::SCWPlatform::DSA given E:/Git-Repos/CNC-FPGA/Vitis3/CNC-PL7/hw/CNC_Top_wrapper.xsa
TRACE::2026-03-06.19:33:34::SCWPlatform::DSA absoulate path E:/Git-Repos/CNC-FPGA/Vitis3/CNC-PL7/hw/CNC_Top_wrapper.xsa
TRACE::2026-03-06.19:33:34::SCWPlatform::DSA directory E:/Git-Repos/CNC-FPGA/Vitis3/CNC-PL7/hw
TRACE::2026-03-06.19:33:34::SCWPlatform:: Platform Path E:/Git-Repos/CNC-FPGA/Vitis3/CNC-PL7/hw/CNC_Top_wrapper.xsa
TRACE::2026-03-06.19:33:34::SCWPlatform:: Unique name xilinx:zedboard::0.0
TRACE::2026-03-06.19:33:34::SCWPlatform::Trying to set the existing hwdb with name CNC_Top_wrapper_23
TRACE::2026-03-06.19:33:34::SCWPlatform::Opened existing hwdb CNC_Top_wrapper_23
TRACE::2026-03-06.19:33:34::SCWPlatform::Found the Hw Db part of the input DSA
TRACE::2026-03-06.19:33:34::SCWMssOS::Checking the sw design at  E:/Git-Repos/CNC-FPGA/Vitis3/CNC-PL7/ps7_cortexa9_0/standalone_domain/bsp/system.mss
TRACE::2026-03-06.19:33:34::SCWMssOS::DEBUG:  swdes dump  E:/Git-Repos/CNC-FPGA/Vitis3/CNC-PL7/ps7_cortexa9_0/standalone_domain/bsp/system.mss|system||
E:/Git-Repos/CNC-FPGA/Vitis3/CNC-PL7/zynq_fsbl/zynq_fsbl_bsp/system.mss|system_2||

TRACE::2026-03-06.19:33:34::SCWMssOS::Sw design exists and opened at  E:/Git-Repos/CNC-FPGA/Vitis3/CNC-PL7/ps7_cortexa9_0/standalone_domain/bsp/system.mss
TRACE::2026-03-06.19:33:34::SCWWriter::formatted JSON is {
	"platformName":	"CNC-PL7",
	"sprVersion":	"2.0",
	"mode":	"gui",
	"dsaType":	"Fixed",
	"platformDesc":	"CNC-PL7",
	"platHandOff":	"E:/Git-Repos/CNC-FPGA/Zedboard-CNC/CNC_Top_wrapper.xsa",
	"platIntHandOff":	"<platformDir>/hw/CNC_Top_wrapper.xsa",
	"deviceType":	"zynq",
	"platIsPrebuiltAutogen":	"false",
	"platIsNoBootBsp":	"false",
	"hasFsblMakeHasChanges":	"false",
	"hasPmufwMakeHasChanges":	"false",
	"fsblExtraCompilerFlags":	"-MMD -MP       -mcpu=cortex-a9 -mfpu=vfpv3 -mfloat-abi=hard ",
	"platPreBuiltFlag":	false,
	"platformSamplesDir":	"",
	"platActiveSys":	"CNC-PL7",
	"systems":	[{
			"systemName":	"CNC-PL7",
			"systemDesc":	"CNC-PL7",
			"sysIsBootAutoGen":	"true",
			"systemDispName":	"CNC-PL7",
			"sysActiveDom":	"standalone_domain",
			"sysDefaultDom":	"standalone_domain",
			"domains":	[{
					"domainName":	"zynq_fsbl",
					"domainDispName":	"zynq_fsbl",
					"domainDesc":	"FSBL Application BSP - Auto Generated.",
					"processors":	"ps7_cortexa9_0",
					"os":	"standalone",
					"sdxOs":	"standalone",
					"debugEnable":	"",
					"domRuntimes":	["cpp"],
					"swRepo":	"",
					"mssOsVer":	"9.2",
					"mssFile":	"",
					"md5Digest":	"8e05dff6cf2b7a5e245cc7c2f785ee81",
					"compatibleApp":	"zynq_fsbl",
					"domType":	"bootDomain",
					"arch":	"32-bit",
					"appSettings":	{
						"appCompilerFlags":	"",
						"appLinkerFlags":	""
					},
					"addedLibs":	["xilffs:5.3", "xilrsa:1.8"],
					"libOptions":	{
						"libsContainingOptions":	[]
					},
					"prebuiltLibs":	{
						"prebuiltIncPath":	[],
						"prebuiltLibPath":	[]
					},
					"isolation":	{
					}
				}, {
					"domainName":	"standalone_domain",
					"domainDispName":	"standalone on ps7_cortexa9_0",
					"domainDesc":	"standalone_domain",
					"processors":	"ps7_cortexa9_0",
					"os":	"standalone",
					"sdxOs":	"standalone",
					"qemuArgs":	"<platformDir>/resources/CNC-PL7/standalone_domain/qemu_args.txt",
					"qemuData":	"<platformDir>/resources/CNC-PL7/standalone_domain/qemu",
					"debugEnable":	"False",
					"domRuntimes":	["cpp"],
					"swRepo":	"",
					"mssOsVer":	"9.2",
					"mssFile":	"",
					"md5Digest":	"27e9a78ef1c4c79adaa2c1984abf43d3",
					"compatibleApp":	"",
					"domType":	"mssDomain",
					"appSettings":	{
						"appCompilerFlags":	"",
						"appLinkerFlags":	""
					},
					"addedLibs":	["xilffs:5.3"],
					"libOptions":	{
						"libsContainingOptions":	[]
					},
					"prebuiltLibs":	{
						"prebuiltIncPath":	[],
						"prebuiltLibPath":	[]
					},
					"isolation":	{
					}
				}]
		}]
}
KEYINFO::2026-03-06.19:33:34::SCWPlatform::updated the xpfm file.
TRACE::2026-03-06.19:33:34::SCWPlatform::Trying to open the hw design at E:/Git-Repos/CNC-FPGA/Vitis3/CNC-PL7/hw/CNC_Top_wrapper.xsa
TRACE::2026-03-06.19:33:34::SCWPlatform::DSA given E:/Git-Repos/CNC-FPGA/Vitis3/CNC-PL7/hw/CNC_Top_wrapper.xsa
TRACE::2026-03-06.19:33:34::SCWPlatform::DSA absoulate path E:/Git-Repos/CNC-FPGA/Vitis3/CNC-PL7/hw/CNC_Top_wrapper.xsa
TRACE::2026-03-06.19:33:34::SCWPlatform::DSA directory E:/Git-Repos/CNC-FPGA/Vitis3/CNC-PL7/hw
TRACE::2026-03-06.19:33:34::SCWPlatform:: Platform Path E:/Git-Repos/CNC-FPGA/Vitis3/CNC-PL7/hw/CNC_Top_wrapper.xsa
TRACE::2026-03-06.19:33:34::SCWPlatform:: Unique name xilinx:zedboard::0.0
TRACE::2026-03-06.19:33:34::SCWPlatform::Trying to set the existing hwdb with name CNC_Top_wrapper_23
TRACE::2026-03-06.19:33:34::SCWPlatform::Opened existing hwdb CNC_Top_wrapper_23
TRACE::2026-03-06.19:33:34::SCWPlatform::Found the Hw Db part of the input DSA
TRACE::2026-03-06.19:33:34::SCWMssOS::Checking the sw design at  E:/Git-Repos/CNC-FPGA/Vitis3/CNC-PL7/ps7_cortexa9_0/standalone_domain/bsp/system.mss
TRACE::2026-03-06.19:33:34::SCWMssOS::DEBUG:  swdes dump  E:/Git-Repos/CNC-FPGA/Vitis3/CNC-PL7/ps7_cortexa9_0/standalone_domain/bsp/system.mss|system||
E:/Git-Repos/CNC-FPGA/Vitis3/CNC-PL7/zynq_fsbl/zynq_fsbl_bsp/system.mss|system_2||

TRACE::2026-03-06.19:33:34::SCWMssOS::Sw design exists and opened at  E:/Git-Repos/CNC-FPGA/Vitis3/CNC-PL7/ps7_cortexa9_0/standalone_domain/bsp/system.mss
