TRACE::2026-03-31.00:23:42::SCWPlatform::Trying to open the hw design at E:/Git-Repos/CNC-FPGA/Vitis3/CNC-FPGA-PLATFORM/hw/CNC_FPGA_HW.xsa
TRACE::2026-03-31.00:23:42::SCWPlatform::DSA given E:/Git-Repos/CNC-FPGA/Vitis3/CNC-FPGA-PLATFORM/hw/CNC_FPGA_HW.xsa
TRACE::2026-03-31.00:23:42::SCWPlatform::DSA absoulate path E:/Git-Repos/CNC-FPGA/Vitis3/CNC-FPGA-PLATFORM/hw/CNC_FPGA_HW.xsa
TRACE::2026-03-31.00:23:42::SCWPlatform::DSA directory E:/Git-Repos/CNC-FPGA/Vitis3/CNC-FPGA-PLATFORM/hw
TRACE::2026-03-31.00:23:42::SCWPlatform:: Platform Path E:/Git-Repos/CNC-FPGA/Vitis3/CNC-FPGA-PLATFORM/hw/CNC_FPGA_HW.xsa
TRACE::2026-03-31.00:23:42::SCWPlatform:: Unique name xilinx:zedboard::0.0
TRACE::2026-03-31.00:23:42::SCWPlatform::Do not have an existing db opened. 
TRACE::2026-03-31.00:23:44::SCWPlatform::Opened new HwDB with name CNC_Top_wrapper_1
TRACE::2026-03-31.00:23:44::SCWWriter::formatted JSON is {
	"platformName":	"CNC-FPGA-PLATFORM",
	"sprVersion":	"2.0",
	"mode":	"gui",
	"dsaType":	"Fixed",
	"platformDesc":	"CNC-FPGA-PLATFORM",
	"platHandOff":	"E:/Git-Repos/CNC-FPGA/Zedboard-CNC/CNC_FPGA_HW.xsa",
	"platIntHandOff":	"<platformDir>/hw/CNC_FPGA_HW.xsa",
	"deviceType":	"zynq",
	"platIsPrebuiltAutogen":	"false",
	"platIsNoBootBsp":	"false",
	"hasFsblMakeHasChanges":	"false",
	"hasPmufwMakeHasChanges":	"false",
	"platPreBuiltFlag":	false,
	"platformSamplesDir":	""
}
TRACE::2026-03-31.00:23:44::SCWWriter::formatted JSON is {
	"platformName":	"CNC-FPGA-PLATFORM",
	"sprVersion":	"2.0",
	"mode":	"gui",
	"dsaType":	"Fixed",
	"platformDesc":	"CNC-FPGA-PLATFORM",
	"platHandOff":	"E:/Git-Repos/CNC-FPGA/Zedboard-CNC/CNC_FPGA_HW.xsa",
	"platIntHandOff":	"<platformDir>/hw/CNC_FPGA_HW.xsa",
	"deviceType":	"zynq",
	"platIsPrebuiltAutogen":	"false",
	"platIsNoBootBsp":	"false",
	"hasFsblMakeHasChanges":	"false",
	"hasPmufwMakeHasChanges":	"false",
	"platPreBuiltFlag":	false,
	"platformSamplesDir":	"",
	"platActiveSys":	"CNC-FPGA-PLATFORM",
	"systems":	[{
			"systemName":	"CNC-FPGA-PLATFORM",
			"systemDesc":	"CNC-FPGA-PLATFORM",
			"sysIsBootAutoGen":	"true",
			"systemDispName":	"CNC-FPGA-PLATFORM"
		}]
}
TRACE::2026-03-31.00:23:44::SCWPlatform::Boot application domains not present, creating them
TRACE::2026-03-31.00:23:44::SCWDomain::checking for install qemu data   : 
TRACE::2026-03-31.00:23:44::SCWDomain:: Using the QEMU Data from install at  : C:/Xilinx/Vitis/2024.2/data/emulation/platforms/zynq/sw/a9_standalone/qemu/
TRACE::2026-03-31.00:23:44::SCWDomain:: Using the QEMU args  from install at  : C:/Xilinx/Vitis/2024.2/data/emulation/platforms/zynq/sw/a9_standalone/qemu/qemu_args.txt
TRACE::2026-03-31.00:23:44::SCWPlatform::Trying to open the hw design at E:/Git-Repos/CNC-FPGA/Vitis3/CNC-FPGA-PLATFORM/hw/CNC_FPGA_HW.xsa
TRACE::2026-03-31.00:23:44::SCWPlatform::DSA given E:/Git-Repos/CNC-FPGA/Vitis3/CNC-FPGA-PLATFORM/hw/CNC_FPGA_HW.xsa
TRACE::2026-03-31.00:23:44::SCWPlatform::DSA absoulate path E:/Git-Repos/CNC-FPGA/Vitis3/CNC-FPGA-PLATFORM/hw/CNC_FPGA_HW.xsa
TRACE::2026-03-31.00:23:44::SCWPlatform::DSA directory E:/Git-Repos/CNC-FPGA/Vitis3/CNC-FPGA-PLATFORM/hw
TRACE::2026-03-31.00:23:44::SCWPlatform:: Platform Path E:/Git-Repos/CNC-FPGA/Vitis3/CNC-FPGA-PLATFORM/hw/CNC_FPGA_HW.xsa
TRACE::2026-03-31.00:23:44::SCWPlatform:: Unique name xilinx:zedboard::0.0
TRACE::2026-03-31.00:23:44::SCWPlatform::Trying to set the existing hwdb with name CNC_Top_wrapper_1
TRACE::2026-03-31.00:23:44::SCWPlatform::Opened existing hwdb CNC_Top_wrapper_1
TRACE::2026-03-31.00:23:44::SCWPlatform::Found the Hw Db part of the input DSA
TRACE::2026-03-31.00:23:44::SCWPlatform::Trying to open the hw design at E:/Git-Repos/CNC-FPGA/Vitis3/CNC-FPGA-PLATFORM/hw/CNC_FPGA_HW.xsa
TRACE::2026-03-31.00:23:44::SCWPlatform::DSA given E:/Git-Repos/CNC-FPGA/Vitis3/CNC-FPGA-PLATFORM/hw/CNC_FPGA_HW.xsa
TRACE::2026-03-31.00:23:44::SCWPlatform::DSA absoulate path E:/Git-Repos/CNC-FPGA/Vitis3/CNC-FPGA-PLATFORM/hw/CNC_FPGA_HW.xsa
TRACE::2026-03-31.00:23:44::SCWPlatform::DSA directory E:/Git-Repos/CNC-FPGA/Vitis3/CNC-FPGA-PLATFORM/hw
TRACE::2026-03-31.00:23:44::SCWPlatform:: Platform Path E:/Git-Repos/CNC-FPGA/Vitis3/CNC-FPGA-PLATFORM/hw/CNC_FPGA_HW.xsa
TRACE::2026-03-31.00:23:44::SCWPlatform:: Unique name xilinx:zedboard::0.0
TRACE::2026-03-31.00:23:44::SCWPlatform::Trying to set the existing hwdb with name CNC_Top_wrapper_1
TRACE::2026-03-31.00:23:44::SCWPlatform::Opened existing hwdb CNC_Top_wrapper_1
TRACE::2026-03-31.00:23:44::SCWPlatform::Found the Hw Db part of the input DSA
TRACE::2026-03-31.00:23:44::SCWPlatform::Trying to open the hw design at E:/Git-Repos/CNC-FPGA/Vitis3/CNC-FPGA-PLATFORM/hw/CNC_FPGA_HW.xsa
TRACE::2026-03-31.00:23:44::SCWPlatform::DSA given E:/Git-Repos/CNC-FPGA/Vitis3/CNC-FPGA-PLATFORM/hw/CNC_FPGA_HW.xsa
TRACE::2026-03-31.00:23:44::SCWPlatform::DSA absoulate path E:/Git-Repos/CNC-FPGA/Vitis3/CNC-FPGA-PLATFORM/hw/CNC_FPGA_HW.xsa
TRACE::2026-03-31.00:23:44::SCWPlatform::DSA directory E:/Git-Repos/CNC-FPGA/Vitis3/CNC-FPGA-PLATFORM/hw
TRACE::2026-03-31.00:23:44::SCWPlatform:: Platform Path E:/Git-Repos/CNC-FPGA/Vitis3/CNC-FPGA-PLATFORM/hw/CNC_FPGA_HW.xsa
TRACE::2026-03-31.00:23:44::SCWPlatform:: Unique name xilinx:zedboard::0.0
TRACE::2026-03-31.00:23:44::SCWPlatform::Trying to set the existing hwdb with name CNC_Top_wrapper_1
TRACE::2026-03-31.00:23:44::SCWPlatform::Opened existing hwdb CNC_Top_wrapper_1
TRACE::2026-03-31.00:23:44::SCWPlatform::Found the Hw Db part of the input DSA
TRACE::2026-03-31.00:23:44::SCWPlatform::Boot application domain added for zynq_fsbl
TRACE::2026-03-31.00:23:44::SCWPlatform::Generating the sources  .
TRACE::2026-03-31.00:23:44::SCWBDomain::Generating boot domain sources.
TRACE::2026-03-31.00:23:44::SCWBDomain:: Generating the zynq_fsbl Application.
TRACE::2026-03-31.00:23:44::SCWPlatform::Trying to open the hw design at E:/Git-Repos/CNC-FPGA/Vitis3/CNC-FPGA-PLATFORM/hw/CNC_FPGA_HW.xsa
TRACE::2026-03-31.00:23:44::SCWPlatform::DSA given E:/Git-Repos/CNC-FPGA/Vitis3/CNC-FPGA-PLATFORM/hw/CNC_FPGA_HW.xsa
TRACE::2026-03-31.00:23:44::SCWPlatform::DSA absoulate path E:/Git-Repos/CNC-FPGA/Vitis3/CNC-FPGA-PLATFORM/hw/CNC_FPGA_HW.xsa
TRACE::2026-03-31.00:23:44::SCWPlatform::DSA directory E:/Git-Repos/CNC-FPGA/Vitis3/CNC-FPGA-PLATFORM/hw
TRACE::2026-03-31.00:23:44::SCWPlatform:: Platform Path E:/Git-Repos/CNC-FPGA/Vitis3/CNC-FPGA-PLATFORM/hw/CNC_FPGA_HW.xsa
TRACE::2026-03-31.00:23:44::SCWPlatform:: Unique name xilinx:zedboard::0.0
TRACE::2026-03-31.00:23:44::SCWPlatform::Trying to set the existing hwdb with name CNC_Top_wrapper_1
TRACE::2026-03-31.00:23:44::SCWPlatform::Opened existing hwdb CNC_Top_wrapper_1
TRACE::2026-03-31.00:23:44::SCWPlatform::Found the Hw Db part of the input DSA
TRACE::2026-03-31.00:23:44::SCWMssOS::Checking the sw design at  E:/Git-Repos/CNC-FPGA/Vitis3/CNC-FPGA-PLATFORM/zynq_fsbl/zynq_fsbl_bsp/system.mss
TRACE::2026-03-31.00:23:44::SCWMssOS::DEBUG:  swdes dump  E:/Git-Repos/CNC-FPGA/Vitis3/CNC-FPGA-FINAL-RELEASE/ps7_cortexa9_0/standalone_domain/bsp/system.mss|system_0||
E:/Git-Repos/CNC-FPGA/Vitis3/CNC-FPGA-FINAL-RELEASE/zynq_fsbl/zynq_fsbl_bsp/system.mss|system||

TRACE::2026-03-31.00:23:44::SCWMssOS::No sw design opened at  E:/Git-Repos/CNC-FPGA/Vitis3/CNC-FPGA-PLATFORM/zynq_fsbl/zynq_fsbl_bsp/system.mss
TRACE::2026-03-31.00:23:44::SCWMssOS::mss does not exists at E:/Git-Repos/CNC-FPGA/Vitis3/CNC-FPGA-PLATFORM/zynq_fsbl/zynq_fsbl_bsp/system.mss
TRACE::2026-03-31.00:23:44::SCWMssOS::Creating sw design at  E:/Git-Repos/CNC-FPGA/Vitis3/CNC-FPGA-PLATFORM/zynq_fsbl/zynq_fsbl_bsp/system.mss
TRACE::2026-03-31.00:23:44::SCWMssOS::Adding the swdes entry, created swdb E:/Git-Repos/CNC-FPGA/Vitis3/CNC-FPGA-PLATFORM/zynq_fsbl/zynq_fsbl_bsp/system.mss with des name E:/Git-Repos/CNC-FPGA/Vitis3/CNC-FPGA-PLATFORM/zynq_fsbl/zynq_fsbl_bsp/system.mss
TRACE::2026-03-31.00:23:44::SCWMssOS::updating the scw layer changes to swdes at   E:/Git-Repos/CNC-FPGA/Vitis3/CNC-FPGA-PLATFORM/zynq_fsbl/zynq_fsbl_bsp/system.mss
TRACE::2026-03-31.00:23:44::SCWMssOS::Writing mss at E:/Git-Repos/CNC-FPGA/Vitis3/CNC-FPGA-PLATFORM/zynq_fsbl/zynq_fsbl_bsp/system.mss
TRACE::2026-03-31.00:23:44::SCWMssOS::Completed writing the mss file at E:/Git-Repos/CNC-FPGA/Vitis3/CNC-FPGA-PLATFORM/zynq_fsbl/zynq_fsbl_bsp
TRACE::2026-03-31.00:23:44::SCWMssOS::Picking up changes from newly written mss file into SCW Layer. 
TRACE::2026-03-31.00:23:44::SCWMssOS::Updated the changes from newly written mss file into SCW Layer. 
TRACE::2026-03-31.00:23:44::SCWBDomain::Completed writing the mss file at E:/Git-Repos/CNC-FPGA/Vitis3/CNC-FPGA-PLATFORM/zynq_fsbl/zynq_fsbl_bsp
TRACE::2026-03-31.00:24:00::SCWPlatform::Generating sources Done.
TRACE::2026-03-31.00:24:00::SCWPlatform::Trying to open the hw design at E:/Git-Repos/CNC-FPGA/Vitis3/CNC-FPGA-PLATFORM/hw/CNC_FPGA_HW.xsa
TRACE::2026-03-31.00:24:00::SCWPlatform::DSA given E:/Git-Repos/CNC-FPGA/Vitis3/CNC-FPGA-PLATFORM/hw/CNC_FPGA_HW.xsa
TRACE::2026-03-31.00:24:00::SCWPlatform::DSA absoulate path E:/Git-Repos/CNC-FPGA/Vitis3/CNC-FPGA-PLATFORM/hw/CNC_FPGA_HW.xsa
TRACE::2026-03-31.00:24:00::SCWPlatform::DSA directory E:/Git-Repos/CNC-FPGA/Vitis3/CNC-FPGA-PLATFORM/hw
TRACE::2026-03-31.00:24:00::SCWPlatform:: Platform Path E:/Git-Repos/CNC-FPGA/Vitis3/CNC-FPGA-PLATFORM/hw/CNC_FPGA_HW.xsa
TRACE::2026-03-31.00:24:00::SCWPlatform:: Unique name xilinx:zedboard::0.0
TRACE::2026-03-31.00:24:00::SCWPlatform::Trying to set the existing hwdb with name CNC_Top_wrapper_1
TRACE::2026-03-31.00:24:00::SCWPlatform::Opened existing hwdb CNC_Top_wrapper_1
TRACE::2026-03-31.00:24:00::SCWPlatform::Found the Hw Db part of the input DSA
TRACE::2026-03-31.00:24:00::SCWMssOS::Checking the sw design at  E:/Git-Repos/CNC-FPGA/Vitis3/CNC-FPGA-PLATFORM/zynq_fsbl/zynq_fsbl_bsp/system.mss
TRACE::2026-03-31.00:24:00::SCWMssOS::DEBUG:  swdes dump  E:/Git-Repos/CNC-FPGA/Vitis3/CNC-FPGA-FINAL-RELEASE/ps7_cortexa9_0/standalone_domain/bsp/system.mss|system_0||
E:/Git-Repos/CNC-FPGA/Vitis3/CNC-FPGA-FINAL-RELEASE/zynq_fsbl/zynq_fsbl_bsp/system.mss|system||

TRACE::2026-03-31.00:24:00::SCWMssOS::No sw design opened at  E:/Git-Repos/CNC-FPGA/Vitis3/CNC-FPGA-PLATFORM/zynq_fsbl/zynq_fsbl_bsp/system.mss
TRACE::2026-03-31.00:24:00::SCWMssOS::mss exists loading the mss file  E:/Git-Repos/CNC-FPGA/Vitis3/CNC-FPGA-PLATFORM/zynq_fsbl/zynq_fsbl_bsp/system.mss
TRACE::2026-03-31.00:24:00::SCWMssOS::Opened the sw design from mss  E:/Git-Repos/CNC-FPGA/Vitis3/CNC-FPGA-PLATFORM/zynq_fsbl/zynq_fsbl_bsp/system.mss
TRACE::2026-03-31.00:24:00::SCWMssOS::Adding the swdes entry E:/Git-Repos/CNC-FPGA/Vitis3/CNC-FPGA-PLATFORM/zynq_fsbl/zynq_fsbl_bsp/system.mss with des name system_1
TRACE::2026-03-31.00:24:00::SCWMssOS::updating the scw layer about changes
TRACE::2026-03-31.00:24:00::SCWMssOS::Opened the sw design.  E:/Git-Repos/CNC-FPGA/Vitis3/CNC-FPGA-PLATFORM/zynq_fsbl/zynq_fsbl_bsp/system.mss
TRACE::2026-03-31.00:24:00::SCWMssOS::Saving the mss changes E:/Git-Repos/CNC-FPGA/Vitis3/CNC-FPGA-PLATFORM/zynq_fsbl/zynq_fsbl_bsp/system.mss
TRACE::2026-03-31.00:24:00::SCWMssOS::Found a swdesign opened with the mssfile.
TRACE::2026-03-31.00:24:00::SCWMssOS::Completed writemss as part of save.
TRACE::2026-03-31.00:24:00::SCWMssOS::Commit changes completed.
TRACE::2026-03-31.00:24:00::SCWPlatform::Trying to open the hw design at E:/Git-Repos/CNC-FPGA/Vitis3/CNC-FPGA-PLATFORM/hw/CNC_FPGA_HW.xsa
TRACE::2026-03-31.00:24:00::SCWPlatform::DSA given E:/Git-Repos/CNC-FPGA/Vitis3/CNC-FPGA-PLATFORM/hw/CNC_FPGA_HW.xsa
TRACE::2026-03-31.00:24:00::SCWPlatform::DSA absoulate path E:/Git-Repos/CNC-FPGA/Vitis3/CNC-FPGA-PLATFORM/hw/CNC_FPGA_HW.xsa
TRACE::2026-03-31.00:24:00::SCWPlatform::DSA directory E:/Git-Repos/CNC-FPGA/Vitis3/CNC-FPGA-PLATFORM/hw
TRACE::2026-03-31.00:24:00::SCWPlatform:: Platform Path E:/Git-Repos/CNC-FPGA/Vitis3/CNC-FPGA-PLATFORM/hw/CNC_FPGA_HW.xsa
TRACE::2026-03-31.00:24:00::SCWPlatform:: Unique name xilinx:zedboard::0.0
TRACE::2026-03-31.00:24:00::SCWPlatform::Trying to set the existing hwdb with name CNC_Top_wrapper_1
TRACE::2026-03-31.00:24:00::SCWPlatform::Opened existing hwdb CNC_Top_wrapper_1
TRACE::2026-03-31.00:24:00::SCWPlatform::Found the Hw Db part of the input DSA
TRACE::2026-03-31.00:24:00::SCWMssOS::Checking the sw design at  E:/Git-Repos/CNC-FPGA/Vitis3/CNC-FPGA-PLATFORM/zynq_fsbl/zynq_fsbl_bsp/system.mss
TRACE::2026-03-31.00:24:00::SCWMssOS::DEBUG:  swdes dump  E:/Git-Repos/CNC-FPGA/Vitis3/CNC-FPGA-FINAL-RELEASE/ps7_cortexa9_0/standalone_domain/bsp/system.mss|system_0||
E:/Git-Repos/CNC-FPGA/Vitis3/CNC-FPGA-FINAL-RELEASE/zynq_fsbl/zynq_fsbl_bsp/system.mss|system||
E:/Git-Repos/CNC-FPGA/Vitis3/CNC-FPGA-PLATFORM/zynq_fsbl/zynq_fsbl_bsp/system.mss|system_1||

TRACE::2026-03-31.00:24:00::SCWMssOS::Sw design exists and opened at  E:/Git-Repos/CNC-FPGA/Vitis3/CNC-FPGA-PLATFORM/zynq_fsbl/zynq_fsbl_bsp/system.mss
TRACE::2026-03-31.00:24:00::SCWPlatform::Trying to open the hw design at E:/Git-Repos/CNC-FPGA/Vitis3/CNC-FPGA-PLATFORM/hw/CNC_FPGA_HW.xsa
TRACE::2026-03-31.00:24:00::SCWPlatform::DSA given E:/Git-Repos/CNC-FPGA/Vitis3/CNC-FPGA-PLATFORM/hw/CNC_FPGA_HW.xsa
TRACE::2026-03-31.00:24:00::SCWPlatform::DSA absoulate path E:/Git-Repos/CNC-FPGA/Vitis3/CNC-FPGA-PLATFORM/hw/CNC_FPGA_HW.xsa
TRACE::2026-03-31.00:24:00::SCWPlatform::DSA directory E:/Git-Repos/CNC-FPGA/Vitis3/CNC-FPGA-PLATFORM/hw
TRACE::2026-03-31.00:24:00::SCWPlatform:: Platform Path E:/Git-Repos/CNC-FPGA/Vitis3/CNC-FPGA-PLATFORM/hw/CNC_FPGA_HW.xsa
TRACE::2026-03-31.00:24:00::SCWPlatform:: Unique name xilinx:zedboard::0.0
TRACE::2026-03-31.00:24:00::SCWPlatform::Trying to set the existing hwdb with name CNC_Top_wrapper_1
TRACE::2026-03-31.00:24:00::SCWPlatform::Opened existing hwdb CNC_Top_wrapper_1
TRACE::2026-03-31.00:24:00::SCWPlatform::Found the Hw Db part of the input DSA
TRACE::2026-03-31.00:24:00::SCWMssOS::Checking the sw design at  E:/Git-Repos/CNC-FPGA/Vitis3/CNC-FPGA-PLATFORM/zynq_fsbl/zynq_fsbl_bsp/system.mss
TRACE::2026-03-31.00:24:00::SCWMssOS::DEBUG:  swdes dump  E:/Git-Repos/CNC-FPGA/Vitis3/CNC-FPGA-FINAL-RELEASE/ps7_cortexa9_0/standalone_domain/bsp/system.mss|system_0||
E:/Git-Repos/CNC-FPGA/Vitis3/CNC-FPGA-FINAL-RELEASE/zynq_fsbl/zynq_fsbl_bsp/system.mss|system||
E:/Git-Repos/CNC-FPGA/Vitis3/CNC-FPGA-PLATFORM/zynq_fsbl/zynq_fsbl_bsp/system.mss|system_1||

TRACE::2026-03-31.00:24:00::SCWMssOS::Sw design exists and opened at  E:/Git-Repos/CNC-FPGA/Vitis3/CNC-FPGA-PLATFORM/zynq_fsbl/zynq_fsbl_bsp/system.mss
TRACE::2026-03-31.00:24:00::SCWPlatform::Trying to open the hw design at E:/Git-Repos/CNC-FPGA/Vitis3/CNC-FPGA-PLATFORM/hw/CNC_FPGA_HW.xsa
TRACE::2026-03-31.00:24:00::SCWPlatform::DSA given E:/Git-Repos/CNC-FPGA/Vitis3/CNC-FPGA-PLATFORM/hw/CNC_FPGA_HW.xsa
TRACE::2026-03-31.00:24:00::SCWPlatform::DSA absoulate path E:/Git-Repos/CNC-FPGA/Vitis3/CNC-FPGA-PLATFORM/hw/CNC_FPGA_HW.xsa
TRACE::2026-03-31.00:24:00::SCWPlatform::DSA directory E:/Git-Repos/CNC-FPGA/Vitis3/CNC-FPGA-PLATFORM/hw
TRACE::2026-03-31.00:24:00::SCWPlatform:: Platform Path E:/Git-Repos/CNC-FPGA/Vitis3/CNC-FPGA-PLATFORM/hw/CNC_FPGA_HW.xsa
TRACE::2026-03-31.00:24:00::SCWPlatform:: Unique name xilinx:zedboard::0.0
TRACE::2026-03-31.00:24:00::SCWPlatform::Trying to set the existing hwdb with name CNC_Top_wrapper_1
TRACE::2026-03-31.00:24:00::SCWPlatform::Opened existing hwdb CNC_Top_wrapper_1
TRACE::2026-03-31.00:24:00::SCWPlatform::Found the Hw Db part of the input DSA
TRACE::2026-03-31.00:24:00::SCWMssOS::Checking the sw design at  E:/Git-Repos/CNC-FPGA/Vitis3/CNC-FPGA-PLATFORM/zynq_fsbl/zynq_fsbl_bsp/system.mss
TRACE::2026-03-31.00:24:00::SCWMssOS::DEBUG:  swdes dump  E:/Git-Repos/CNC-FPGA/Vitis3/CNC-FPGA-FINAL-RELEASE/ps7_cortexa9_0/standalone_domain/bsp/system.mss|system_0||
E:/Git-Repos/CNC-FPGA/Vitis3/CNC-FPGA-FINAL-RELEASE/zynq_fsbl/zynq_fsbl_bsp/system.mss|system||
E:/Git-Repos/CNC-FPGA/Vitis3/CNC-FPGA-PLATFORM/zynq_fsbl/zynq_fsbl_bsp/system.mss|system_1||

TRACE::2026-03-31.00:24:00::SCWMssOS::Sw design exists and opened at  E:/Git-Repos/CNC-FPGA/Vitis3/CNC-FPGA-PLATFORM/zynq_fsbl/zynq_fsbl_bsp/system.mss
TRACE::2026-03-31.00:24:00::SCWWriter::formatted JSON is {
	"platformName":	"CNC-FPGA-PLATFORM",
	"sprVersion":	"2.0",
	"mode":	"gui",
	"dsaType":	"Fixed",
	"platformDesc":	"CNC-FPGA-PLATFORM",
	"platHandOff":	"E:/Git-Repos/CNC-FPGA/Zedboard-CNC/CNC_FPGA_HW.xsa",
	"platIntHandOff":	"<platformDir>/hw/CNC_FPGA_HW.xsa",
	"deviceType":	"zynq",
	"platIsPrebuiltAutogen":	"false",
	"platIsNoBootBsp":	"false",
	"platFsblTarget":	"ps7_cortexa9_0",
	"hasFsblMakeHasChanges":	"false",
	"hasPmufwMakeHasChanges":	"false",
	"fsblExtraCompilerFlags":	"-MMD -MP       -mcpu=cortex-a9 -mfpu=vfpv3 -mfloat-abi=hard ",
	"platPreBuiltFlag":	false,
	"platformSamplesDir":	"",
	"platActiveSys":	"CNC-FPGA-PLATFORM",
	"systems":	[{
			"systemName":	"CNC-FPGA-PLATFORM",
			"systemDesc":	"CNC-FPGA-PLATFORM",
			"sysIsBootAutoGen":	"true",
			"systemDispName":	"CNC-FPGA-PLATFORM",
			"sysActiveDom":	"zynq_fsbl",
			"sysDefaultDom":	"",
			"domains":	[{
					"domainName":	"zynq_fsbl",
					"domainDispName":	"zynq_fsbl",
					"domainDesc":	"FSBL Application BSP - Auto Generated.",
					"processors":	"ps7_cortexa9_0",
					"os":	"standalone",
					"sdxOs":	"standalone",
					"debugEnable":	"",
					"domRuntimes":	["cpp"],
					"swRepo":	"",
					"mssOsVer":	"9.2",
					"mssFile":	"",
					"md5Digest":	"822b05f43d93911360d956bc0e0ec2b0",
					"compatibleApp":	"zynq_fsbl",
					"domType":	"bootDomain",
					"arch":	"32-bit",
					"appSettings":	{
						"appCompilerFlags":	"",
						"appLinkerFlags":	""
					},
					"addedLibs":	["xilffs:5.3", "xilrsa:1.8"],
					"libOptions":	{
						"libsContainingOptions":	[]
					},
					"prebuiltLibs":	{
						"prebuiltIncPath":	[],
						"prebuiltLibPath":	[]
					},
					"isolation":	{
					}
				}]
		}]
}
TRACE::2026-03-31.00:24:00::SCWPlatform::Trying to open the hw design at E:/Git-Repos/CNC-FPGA/Vitis3/CNC-FPGA-PLATFORM/hw/CNC_FPGA_HW.xsa
TRACE::2026-03-31.00:24:00::SCWPlatform::DSA given E:/Git-Repos/CNC-FPGA/Vitis3/CNC-FPGA-PLATFORM/hw/CNC_FPGA_HW.xsa
TRACE::2026-03-31.00:24:00::SCWPlatform::DSA absoulate path E:/Git-Repos/CNC-FPGA/Vitis3/CNC-FPGA-PLATFORM/hw/CNC_FPGA_HW.xsa
TRACE::2026-03-31.00:24:00::SCWPlatform::DSA directory E:/Git-Repos/CNC-FPGA/Vitis3/CNC-FPGA-PLATFORM/hw
TRACE::2026-03-31.00:24:00::SCWPlatform:: Platform Path E:/Git-Repos/CNC-FPGA/Vitis3/CNC-FPGA-PLATFORM/hw/CNC_FPGA_HW.xsa
TRACE::2026-03-31.00:24:00::SCWPlatform:: Unique name xilinx:zedboard::0.0
TRACE::2026-03-31.00:24:00::SCWPlatform::Trying to set the existing hwdb with name CNC_Top_wrapper_1
TRACE::2026-03-31.00:24:00::SCWPlatform::Opened existing hwdb CNC_Top_wrapper_1
TRACE::2026-03-31.00:24:00::SCWPlatform::Found the Hw Db part of the input DSA
TRACE::2026-03-31.00:24:00::SCWPlatform::Trying to open the hw design at E:/Git-Repos/CNC-FPGA/Vitis3/CNC-FPGA-PLATFORM/hw/CNC_FPGA_HW.xsa
TRACE::2026-03-31.00:24:00::SCWPlatform::DSA given E:/Git-Repos/CNC-FPGA/Vitis3/CNC-FPGA-PLATFORM/hw/CNC_FPGA_HW.xsa
TRACE::2026-03-31.00:24:00::SCWPlatform::DSA absoulate path E:/Git-Repos/CNC-FPGA/Vitis3/CNC-FPGA-PLATFORM/hw/CNC_FPGA_HW.xsa
TRACE::2026-03-31.00:24:00::SCWPlatform::DSA directory E:/Git-Repos/CNC-FPGA/Vitis3/CNC-FPGA-PLATFORM/hw
TRACE::2026-03-31.00:24:00::SCWPlatform:: Platform Path E:/Git-Repos/CNC-FPGA/Vitis3/CNC-FPGA-PLATFORM/hw/CNC_FPGA_HW.xsa
TRACE::2026-03-31.00:24:00::SCWPlatform:: Unique name xilinx:zedboard::0.0
TRACE::2026-03-31.00:24:00::SCWPlatform::Trying to set the existing hwdb with name CNC_Top_wrapper_1
TRACE::2026-03-31.00:24:00::SCWPlatform::Opened existing hwdb CNC_Top_wrapper_1
TRACE::2026-03-31.00:24:00::SCWPlatform::Found the Hw Db part of the input DSA
TRACE::2026-03-31.00:24:00::SCWDomain::checking for install qemu data   : 
TRACE::2026-03-31.00:24:00::SCWDomain:: Using the QEMU Data from install at  : C:/Xilinx/Vitis/2024.2/data/emulation/platforms/zynq/sw/a9_standalone/qemu/
TRACE::2026-03-31.00:24:00::SCWDomain:: Using the QEMU args  from install at  : C:/Xilinx/Vitis/2024.2/data/emulation/platforms/zynq/sw/a9_standalone/qemu/qemu_args.txt
TRACE::2026-03-31.00:24:00::SCWPlatform::Trying to open the hw design at E:/Git-Repos/CNC-FPGA/Vitis3/CNC-FPGA-PLATFORM/hw/CNC_FPGA_HW.xsa
TRACE::2026-03-31.00:24:00::SCWPlatform::DSA given E:/Git-Repos/CNC-FPGA/Vitis3/CNC-FPGA-PLATFORM/hw/CNC_FPGA_HW.xsa
TRACE::2026-03-31.00:24:00::SCWPlatform::DSA absoulate path E:/Git-Repos/CNC-FPGA/Vitis3/CNC-FPGA-PLATFORM/hw/CNC_FPGA_HW.xsa
TRACE::2026-03-31.00:24:00::SCWPlatform::DSA directory E:/Git-Repos/CNC-FPGA/Vitis3/CNC-FPGA-PLATFORM/hw
TRACE::2026-03-31.00:24:00::SCWPlatform:: Platform Path E:/Git-Repos/CNC-FPGA/Vitis3/CNC-FPGA-PLATFORM/hw/CNC_FPGA_HW.xsa
TRACE::2026-03-31.00:24:00::SCWPlatform:: Unique name xilinx:zedboard::0.0
TRACE::2026-03-31.00:24:00::SCWPlatform::Trying to set the existing hwdb with name CNC_Top_wrapper_1
TRACE::2026-03-31.00:24:00::SCWPlatform::Opened existing hwdb CNC_Top_wrapper_1
TRACE::2026-03-31.00:24:00::SCWPlatform::Found the Hw Db part of the input DSA
TRACE::2026-03-31.00:24:00::SCWPlatform::Trying to open the hw design at E:/Git-Repos/CNC-FPGA/Vitis3/CNC-FPGA-PLATFORM/hw/CNC_FPGA_HW.xsa
TRACE::2026-03-31.00:24:00::SCWPlatform::DSA given E:/Git-Repos/CNC-FPGA/Vitis3/CNC-FPGA-PLATFORM/hw/CNC_FPGA_HW.xsa
TRACE::2026-03-31.00:24:00::SCWPlatform::DSA absoulate path E:/Git-Repos/CNC-FPGA/Vitis3/CNC-FPGA-PLATFORM/hw/CNC_FPGA_HW.xsa
TRACE::2026-03-31.00:24:00::SCWPlatform::DSA directory E:/Git-Repos/CNC-FPGA/Vitis3/CNC-FPGA-PLATFORM/hw
TRACE::2026-03-31.00:24:00::SCWPlatform:: Platform Path E:/Git-Repos/CNC-FPGA/Vitis3/CNC-FPGA-PLATFORM/hw/CNC_FPGA_HW.xsa
TRACE::2026-03-31.00:24:00::SCWPlatform:: Unique name xilinx:zedboard::0.0
TRACE::2026-03-31.00:24:00::SCWPlatform::Trying to set the existing hwdb with name CNC_Top_wrapper_1
TRACE::2026-03-31.00:24:00::SCWPlatform::Opened existing hwdb CNC_Top_wrapper_1
TRACE::2026-03-31.00:24:00::SCWPlatform::Found the Hw Db part of the input DSA
TRACE::2026-03-31.00:24:00::SCWDomain::Qemu Directory name is changed from "" to "qemu"
TRACE::2026-03-31.00:24:00::SCWPlatform::Trying to open the hw design at E:/Git-Repos/CNC-FPGA/Vitis3/CNC-FPGA-PLATFORM/hw/CNC_FPGA_HW.xsa
TRACE::2026-03-31.00:24:00::SCWPlatform::DSA given E:/Git-Repos/CNC-FPGA/Vitis3/CNC-FPGA-PLATFORM/hw/CNC_FPGA_HW.xsa
TRACE::2026-03-31.00:24:00::SCWPlatform::DSA absoulate path E:/Git-Repos/CNC-FPGA/Vitis3/CNC-FPGA-PLATFORM/hw/CNC_FPGA_HW.xsa
TRACE::2026-03-31.00:24:00::SCWPlatform::DSA directory E:/Git-Repos/CNC-FPGA/Vitis3/CNC-FPGA-PLATFORM/hw
TRACE::2026-03-31.00:24:00::SCWPlatform:: Platform Path E:/Git-Repos/CNC-FPGA/Vitis3/CNC-FPGA-PLATFORM/hw/CNC_FPGA_HW.xsa
TRACE::2026-03-31.00:24:00::SCWPlatform:: Unique name xilinx:zedboard::0.0
TRACE::2026-03-31.00:24:00::SCWPlatform::Trying to set the existing hwdb with name CNC_Top_wrapper_1
TRACE::2026-03-31.00:24:00::SCWPlatform::Opened existing hwdb CNC_Top_wrapper_1
TRACE::2026-03-31.00:24:00::SCWPlatform::Found the Hw Db part of the input DSA
TRACE::2026-03-31.00:24:00::SCWMssOS::Checking the sw design at  E:/Git-Repos/CNC-FPGA/Vitis3/CNC-FPGA-PLATFORM/ps7_cortexa9_0/standalone_domain/bsp/system.mss
TRACE::2026-03-31.00:24:00::SCWMssOS::DEBUG:  swdes dump  E:/Git-Repos/CNC-FPGA/Vitis3/CNC-FPGA-FINAL-RELEASE/ps7_cortexa9_0/standalone_domain/bsp/system.mss|system_0||
E:/Git-Repos/CNC-FPGA/Vitis3/CNC-FPGA-FINAL-RELEASE/zynq_fsbl/zynq_fsbl_bsp/system.mss|system||
E:/Git-Repos/CNC-FPGA/Vitis3/CNC-FPGA-PLATFORM/zynq_fsbl/zynq_fsbl_bsp/system.mss|system_1||

TRACE::2026-03-31.00:24:00::SCWMssOS::No sw design opened at  E:/Git-Repos/CNC-FPGA/Vitis3/CNC-FPGA-PLATFORM/ps7_cortexa9_0/standalone_domain/bsp/system.mss
TRACE::2026-03-31.00:24:00::SCWMssOS::mss does not exists at E:/Git-Repos/CNC-FPGA/Vitis3/CNC-FPGA-PLATFORM/ps7_cortexa9_0/standalone_domain/bsp/system.mss
TRACE::2026-03-31.00:24:00::SCWMssOS::Creating sw design at  E:/Git-Repos/CNC-FPGA/Vitis3/CNC-FPGA-PLATFORM/ps7_cortexa9_0/standalone_domain/bsp/system.mss
TRACE::2026-03-31.00:24:00::SCWMssOS::Adding the swdes entry, created swdb E:/Git-Repos/CNC-FPGA/Vitis3/CNC-FPGA-PLATFORM/ps7_cortexa9_0/standalone_domain/bsp/system.mss with des name E:/Git-Repos/CNC-FPGA/Vitis3/CNC-FPGA-PLATFORM/ps7_cortexa9_0/standalone_domain/bsp/system.mss
TRACE::2026-03-31.00:24:00::SCWMssOS::updating the scw layer changes to swdes at   E:/Git-Repos/CNC-FPGA/Vitis3/CNC-FPGA-PLATFORM/ps7_cortexa9_0/standalone_domain/bsp/system.mss
TRACE::2026-03-31.00:24:00::SCWMssOS::Writing mss at E:/Git-Repos/CNC-FPGA/Vitis3/CNC-FPGA-PLATFORM/ps7_cortexa9_0/standalone_domain/bsp/system.mss
TRACE::2026-03-31.00:24:00::SCWMssOS::Completed writing the mss file at E:/Git-Repos/CNC-FPGA/Vitis3/CNC-FPGA-PLATFORM/ps7_cortexa9_0/standalone_domain/bsp
TRACE::2026-03-31.00:24:00::SCWMssOS::Picking up changes from newly written mss file into SCW Layer. 
TRACE::2026-03-31.00:24:00::SCWMssOS::Updated the changes from newly written mss file into SCW Layer. 
TRACE::2026-03-31.00:24:00::SCWMssOS::Completed writing the mss file at E:/Git-Repos/CNC-FPGA/Vitis3/CNC-FPGA-PLATFORM/ps7_cortexa9_0/standalone_domain/bsp
TRACE::2026-03-31.00:24:00::SCWMssOS::Forcing BSP Sources regeneration.
TRACE::2026-03-31.00:24:01::SCWMssOS::Saving the mss changes E:/Git-Repos/CNC-FPGA/Vitis3/CNC-FPGA-PLATFORM/zynq_fsbl/zynq_fsbl_bsp/system.mss
TRACE::2026-03-31.00:24:01::SCWMssOS::Found a swdesign opened with the mssfile.
TRACE::2026-03-31.00:24:01::SCWMssOS::Completed writemss as part of save.
TRACE::2026-03-31.00:24:01::SCWMssOS::Commit changes completed.
TRACE::2026-03-31.00:24:01::SCWMssOS::Saving the mss changes E:/Git-Repos/CNC-FPGA/Vitis3/CNC-FPGA-PLATFORM/ps7_cortexa9_0/standalone_domain/bsp/system.mss
TRACE::2026-03-31.00:24:01::SCWMssOS::Adding the swdes entry, mss present, able to open swdb E:/Git-Repos/CNC-FPGA/Vitis3/CNC-FPGA-PLATFORM/ps7_cortexa9_0/standalone_domain/bsp/system.mss with des name system_2
TRACE::2026-03-31.00:24:01::SCWMssOS::Writing the mss file completed E:/Git-Repos/CNC-FPGA/Vitis3/CNC-FPGA-PLATFORM/ps7_cortexa9_0/standalone_domain/bsp/system.mss
TRACE::2026-03-31.00:24:01::SCWMssOS::Commit changes completed.
TRACE::2026-03-31.00:24:01::SCWPlatform::Trying to open the hw design at E:/Git-Repos/CNC-FPGA/Vitis3/CNC-FPGA-PLATFORM/hw/CNC_FPGA_HW.xsa
TRACE::2026-03-31.00:24:01::SCWPlatform::DSA given E:/Git-Repos/CNC-FPGA/Vitis3/CNC-FPGA-PLATFORM/hw/CNC_FPGA_HW.xsa
TRACE::2026-03-31.00:24:01::SCWPlatform::DSA absoulate path E:/Git-Repos/CNC-FPGA/Vitis3/CNC-FPGA-PLATFORM/hw/CNC_FPGA_HW.xsa
TRACE::2026-03-31.00:24:01::SCWPlatform::DSA directory E:/Git-Repos/CNC-FPGA/Vitis3/CNC-FPGA-PLATFORM/hw
TRACE::2026-03-31.00:24:01::SCWPlatform:: Platform Path E:/Git-Repos/CNC-FPGA/Vitis3/CNC-FPGA-PLATFORM/hw/CNC_FPGA_HW.xsa
TRACE::2026-03-31.00:24:01::SCWPlatform:: Unique name xilinx:zedboard::0.0
TRACE::2026-03-31.00:24:01::SCWPlatform::Trying to set the existing hwdb with name CNC_Top_wrapper_1
TRACE::2026-03-31.00:24:01::SCWPlatform::Opened existing hwdb CNC_Top_wrapper_1
TRACE::2026-03-31.00:24:01::SCWPlatform::Found the Hw Db part of the input DSA
TRACE::2026-03-31.00:24:01::SCWMssOS::Checking the sw design at  E:/Git-Repos/CNC-FPGA/Vitis3/CNC-FPGA-PLATFORM/zynq_fsbl/zynq_fsbl_bsp/system.mss
TRACE::2026-03-31.00:24:01::SCWMssOS::DEBUG:  swdes dump  E:/Git-Repos/CNC-FPGA/Vitis3/CNC-FPGA-FINAL-RELEASE/ps7_cortexa9_0/standalone_domain/bsp/system.mss|system_0||
E:/Git-Repos/CNC-FPGA/Vitis3/CNC-FPGA-FINAL-RELEASE/zynq_fsbl/zynq_fsbl_bsp/system.mss|system||
E:/Git-Repos/CNC-FPGA/Vitis3/CNC-FPGA-PLATFORM/ps7_cortexa9_0/standalone_domain/bsp/system.mss|system_2||
E:/Git-Repos/CNC-FPGA/Vitis3/CNC-FPGA-PLATFORM/zynq_fsbl/zynq_fsbl_bsp/system.mss|system_1||

TRACE::2026-03-31.00:24:01::SCWMssOS::Sw design exists and opened at  E:/Git-Repos/CNC-FPGA/Vitis3/CNC-FPGA-PLATFORM/zynq_fsbl/zynq_fsbl_bsp/system.mss
TRACE::2026-03-31.00:24:01::SCWPlatform::Trying to open the hw design at E:/Git-Repos/CNC-FPGA/Vitis3/CNC-FPGA-PLATFORM/hw/CNC_FPGA_HW.xsa
TRACE::2026-03-31.00:24:01::SCWPlatform::DSA given E:/Git-Repos/CNC-FPGA/Vitis3/CNC-FPGA-PLATFORM/hw/CNC_FPGA_HW.xsa
TRACE::2026-03-31.00:24:01::SCWPlatform::DSA absoulate path E:/Git-Repos/CNC-FPGA/Vitis3/CNC-FPGA-PLATFORM/hw/CNC_FPGA_HW.xsa
TRACE::2026-03-31.00:24:01::SCWPlatform::DSA directory E:/Git-Repos/CNC-FPGA/Vitis3/CNC-FPGA-PLATFORM/hw
TRACE::2026-03-31.00:24:01::SCWPlatform:: Platform Path E:/Git-Repos/CNC-FPGA/Vitis3/CNC-FPGA-PLATFORM/hw/CNC_FPGA_HW.xsa
TRACE::2026-03-31.00:24:01::SCWPlatform:: Unique name xilinx:zedboard::0.0
TRACE::2026-03-31.00:24:01::SCWPlatform::Trying to set the existing hwdb with name CNC_Top_wrapper_1
TRACE::2026-03-31.00:24:01::SCWPlatform::Opened existing hwdb CNC_Top_wrapper_1
TRACE::2026-03-31.00:24:01::SCWPlatform::Found the Hw Db part of the input DSA
TRACE::2026-03-31.00:24:01::SCWMssOS::Checking the sw design at  E:/Git-Repos/CNC-FPGA/Vitis3/CNC-FPGA-PLATFORM/zynq_fsbl/zynq_fsbl_bsp/system.mss
TRACE::2026-03-31.00:24:01::SCWMssOS::DEBUG:  swdes dump  E:/Git-Repos/CNC-FPGA/Vitis3/CNC-FPGA-FINAL-RELEASE/ps7_cortexa9_0/standalone_domain/bsp/system.mss|system_0||
E:/Git-Repos/CNC-FPGA/Vitis3/CNC-FPGA-FINAL-RELEASE/zynq_fsbl/zynq_fsbl_bsp/system.mss|system||
E:/Git-Repos/CNC-FPGA/Vitis3/CNC-FPGA-PLATFORM/ps7_cortexa9_0/standalone_domain/bsp/system.mss|system_2||
E:/Git-Repos/CNC-FPGA/Vitis3/CNC-FPGA-PLATFORM/zynq_fsbl/zynq_fsbl_bsp/system.mss|system_1||

TRACE::2026-03-31.00:24:01::SCWMssOS::Sw design exists and opened at  E:/Git-Repos/CNC-FPGA/Vitis3/CNC-FPGA-PLATFORM/zynq_fsbl/zynq_fsbl_bsp/system.mss
TRACE::2026-03-31.00:24:01::SCWPlatform::Trying to open the hw design at E:/Git-Repos/CNC-FPGA/Vitis3/CNC-FPGA-PLATFORM/hw/CNC_FPGA_HW.xsa
TRACE::2026-03-31.00:24:01::SCWPlatform::DSA given E:/Git-Repos/CNC-FPGA/Vitis3/CNC-FPGA-PLATFORM/hw/CNC_FPGA_HW.xsa
TRACE::2026-03-31.00:24:01::SCWPlatform::DSA absoulate path E:/Git-Repos/CNC-FPGA/Vitis3/CNC-FPGA-PLATFORM/hw/CNC_FPGA_HW.xsa
TRACE::2026-03-31.00:24:01::SCWPlatform::DSA directory E:/Git-Repos/CNC-FPGA/Vitis3/CNC-FPGA-PLATFORM/hw
TRACE::2026-03-31.00:24:01::SCWPlatform:: Platform Path E:/Git-Repos/CNC-FPGA/Vitis3/CNC-FPGA-PLATFORM/hw/CNC_FPGA_HW.xsa
TRACE::2026-03-31.00:24:01::SCWPlatform:: Unique name xilinx:zedboard::0.0
TRACE::2026-03-31.00:24:01::SCWPlatform::Trying to set the existing hwdb with name CNC_Top_wrapper_1
TRACE::2026-03-31.00:24:01::SCWPlatform::Opened existing hwdb CNC_Top_wrapper_1
TRACE::2026-03-31.00:24:01::SCWPlatform::Found the Hw Db part of the input DSA
TRACE::2026-03-31.00:24:01::SCWMssOS::Checking the sw design at  E:/Git-Repos/CNC-FPGA/Vitis3/CNC-FPGA-PLATFORM/zynq_fsbl/zynq_fsbl_bsp/system.mss
TRACE::2026-03-31.00:24:01::SCWMssOS::DEBUG:  swdes dump  E:/Git-Repos/CNC-FPGA/Vitis3/CNC-FPGA-FINAL-RELEASE/ps7_cortexa9_0/standalone_domain/bsp/system.mss|system_0||
E:/Git-Repos/CNC-FPGA/Vitis3/CNC-FPGA-FINAL-RELEASE/zynq_fsbl/zynq_fsbl_bsp/system.mss|system||
E:/Git-Repos/CNC-FPGA/Vitis3/CNC-FPGA-PLATFORM/ps7_cortexa9_0/standalone_domain/bsp/system.mss|system_2||
E:/Git-Repos/CNC-FPGA/Vitis3/CNC-FPGA-PLATFORM/zynq_fsbl/zynq_fsbl_bsp/system.mss|system_1||

TRACE::2026-03-31.00:24:01::SCWMssOS::Sw design exists and opened at  E:/Git-Repos/CNC-FPGA/Vitis3/CNC-FPGA-PLATFORM/zynq_fsbl/zynq_fsbl_bsp/system.mss
TRACE::2026-03-31.00:24:01::SCWPlatform::Trying to open the hw design at E:/Git-Repos/CNC-FPGA/Vitis3/CNC-FPGA-PLATFORM/hw/CNC_FPGA_HW.xsa
TRACE::2026-03-31.00:24:01::SCWPlatform::DSA given E:/Git-Repos/CNC-FPGA/Vitis3/CNC-FPGA-PLATFORM/hw/CNC_FPGA_HW.xsa
TRACE::2026-03-31.00:24:01::SCWPlatform::DSA absoulate path E:/Git-Repos/CNC-FPGA/Vitis3/CNC-FPGA-PLATFORM/hw/CNC_FPGA_HW.xsa
TRACE::2026-03-31.00:24:01::SCWPlatform::DSA directory E:/Git-Repos/CNC-FPGA/Vitis3/CNC-FPGA-PLATFORM/hw
TRACE::2026-03-31.00:24:01::SCWPlatform:: Platform Path E:/Git-Repos/CNC-FPGA/Vitis3/CNC-FPGA-PLATFORM/hw/CNC_FPGA_HW.xsa
TRACE::2026-03-31.00:24:01::SCWPlatform:: Unique name xilinx:zedboard::0.0
TRACE::2026-03-31.00:24:01::SCWPlatform::Trying to set the existing hwdb with name CNC_Top_wrapper_1
TRACE::2026-03-31.00:24:01::SCWPlatform::Opened existing hwdb CNC_Top_wrapper_1
TRACE::2026-03-31.00:24:01::SCWPlatform::Found the Hw Db part of the input DSA
TRACE::2026-03-31.00:24:01::SCWMssOS::Checking the sw design at  E:/Git-Repos/CNC-FPGA/Vitis3/CNC-FPGA-PLATFORM/ps7_cortexa9_0/standalone_domain/bsp/system.mss
TRACE::2026-03-31.00:24:01::SCWMssOS::DEBUG:  swdes dump  E:/Git-Repos/CNC-FPGA/Vitis3/CNC-FPGA-FINAL-RELEASE/ps7_cortexa9_0/standalone_domain/bsp/system.mss|system_0||
E:/Git-Repos/CNC-FPGA/Vitis3/CNC-FPGA-FINAL-RELEASE/zynq_fsbl/zynq_fsbl_bsp/system.mss|system||
E:/Git-Repos/CNC-FPGA/Vitis3/CNC-FPGA-PLATFORM/ps7_cortexa9_0/standalone_domain/bsp/system.mss|system_2||
E:/Git-Repos/CNC-FPGA/Vitis3/CNC-FPGA-PLATFORM/zynq_fsbl/zynq_fsbl_bsp/system.mss|system_1||

TRACE::2026-03-31.00:24:01::SCWMssOS::Sw design exists and opened at  E:/Git-Repos/CNC-FPGA/Vitis3/CNC-FPGA-PLATFORM/ps7_cortexa9_0/standalone_domain/bsp/system.mss
TRACE::2026-03-31.00:24:01::SCWPlatform::Trying to open the hw design at E:/Git-Repos/CNC-FPGA/Vitis3/CNC-FPGA-PLATFORM/hw/CNC_FPGA_HW.xsa
TRACE::2026-03-31.00:24:01::SCWPlatform::DSA given E:/Git-Repos/CNC-FPGA/Vitis3/CNC-FPGA-PLATFORM/hw/CNC_FPGA_HW.xsa
TRACE::2026-03-31.00:24:01::SCWPlatform::DSA absoulate path E:/Git-Repos/CNC-FPGA/Vitis3/CNC-FPGA-PLATFORM/hw/CNC_FPGA_HW.xsa
TRACE::2026-03-31.00:24:01::SCWPlatform::DSA directory E:/Git-Repos/CNC-FPGA/Vitis3/CNC-FPGA-PLATFORM/hw
TRACE::2026-03-31.00:24:01::SCWPlatform:: Platform Path E:/Git-Repos/CNC-FPGA/Vitis3/CNC-FPGA-PLATFORM/hw/CNC_FPGA_HW.xsa
TRACE::2026-03-31.00:24:01::SCWPlatform:: Unique name xilinx:zedboard::0.0
TRACE::2026-03-31.00:24:01::SCWPlatform::Trying to set the existing hwdb with name CNC_Top_wrapper_1
TRACE::2026-03-31.00:24:01::SCWPlatform::Opened existing hwdb CNC_Top_wrapper_1
TRACE::2026-03-31.00:24:01::SCWPlatform::Found the Hw Db part of the input DSA
TRACE::2026-03-31.00:24:01::SCWMssOS::Checking the sw design at  E:/Git-Repos/CNC-FPGA/Vitis3/CNC-FPGA-PLATFORM/ps7_cortexa9_0/standalone_domain/bsp/system.mss
TRACE::2026-03-31.00:24:01::SCWMssOS::DEBUG:  swdes dump  E:/Git-Repos/CNC-FPGA/Vitis3/CNC-FPGA-FINAL-RELEASE/ps7_cortexa9_0/standalone_domain/bsp/system.mss|system_0||
E:/Git-Repos/CNC-FPGA/Vitis3/CNC-FPGA-FINAL-RELEASE/zynq_fsbl/zynq_fsbl_bsp/system.mss|system||
E:/Git-Repos/CNC-FPGA/Vitis3/CNC-FPGA-PLATFORM/ps7_cortexa9_0/standalone_domain/bsp/system.mss|system_2||
E:/Git-Repos/CNC-FPGA/Vitis3/CNC-FPGA-PLATFORM/zynq_fsbl/zynq_fsbl_bsp/system.mss|system_1||

TRACE::2026-03-31.00:24:01::SCWMssOS::Sw design exists and opened at  E:/Git-Repos/CNC-FPGA/Vitis3/CNC-FPGA-PLATFORM/ps7_cortexa9_0/standalone_domain/bsp/system.mss
TRACE::2026-03-31.00:24:01::SCWPlatform::Trying to open the hw design at E:/Git-Repos/CNC-FPGA/Vitis3/CNC-FPGA-PLATFORM/hw/CNC_FPGA_HW.xsa
TRACE::2026-03-31.00:24:01::SCWPlatform::DSA given E:/Git-Repos/CNC-FPGA/Vitis3/CNC-FPGA-PLATFORM/hw/CNC_FPGA_HW.xsa
TRACE::2026-03-31.00:24:01::SCWPlatform::DSA absoulate path E:/Git-Repos/CNC-FPGA/Vitis3/CNC-FPGA-PLATFORM/hw/CNC_FPGA_HW.xsa
TRACE::2026-03-31.00:24:01::SCWPlatform::DSA directory E:/Git-Repos/CNC-FPGA/Vitis3/CNC-FPGA-PLATFORM/hw
TRACE::2026-03-31.00:24:01::SCWPlatform:: Platform Path E:/Git-Repos/CNC-FPGA/Vitis3/CNC-FPGA-PLATFORM/hw/CNC_FPGA_HW.xsa
TRACE::2026-03-31.00:24:01::SCWPlatform:: Unique name xilinx:zedboard::0.0
TRACE::2026-03-31.00:24:01::SCWPlatform::Trying to set the existing hwdb with name CNC_Top_wrapper_1
TRACE::2026-03-31.00:24:01::SCWPlatform::Opened existing hwdb CNC_Top_wrapper_1
TRACE::2026-03-31.00:24:01::SCWPlatform::Found the Hw Db part of the input DSA
TRACE::2026-03-31.00:24:01::SCWMssOS::Checking the sw design at  E:/Git-Repos/CNC-FPGA/Vitis3/CNC-FPGA-PLATFORM/ps7_cortexa9_0/standalone_domain/bsp/system.mss
TRACE::2026-03-31.00:24:01::SCWMssOS::DEBUG:  swdes dump  E:/Git-Repos/CNC-FPGA/Vitis3/CNC-FPGA-FINAL-RELEASE/ps7_cortexa9_0/standalone_domain/bsp/system.mss|system_0||
E:/Git-Repos/CNC-FPGA/Vitis3/CNC-FPGA-FINAL-RELEASE/zynq_fsbl/zynq_fsbl_bsp/system.mss|system||
E:/Git-Repos/CNC-FPGA/Vitis3/CNC-FPGA-PLATFORM/ps7_cortexa9_0/standalone_domain/bsp/system.mss|system_2||
E:/Git-Repos/CNC-FPGA/Vitis3/CNC-FPGA-PLATFORM/zynq_fsbl/zynq_fsbl_bsp/system.mss|system_1||

TRACE::2026-03-31.00:24:01::SCWMssOS::Sw design exists and opened at  E:/Git-Repos/CNC-FPGA/Vitis3/CNC-FPGA-PLATFORM/ps7_cortexa9_0/standalone_domain/bsp/system.mss
TRACE::2026-03-31.00:24:01::SCWWriter::formatted JSON is {
	"platformName":	"CNC-FPGA-PLATFORM",
	"sprVersion":	"2.0",
	"mode":	"gui",
	"dsaType":	"Fixed",
	"platformDesc":	"CNC-FPGA-PLATFORM",
	"platHandOff":	"E:/Git-Repos/CNC-FPGA/Zedboard-CNC/CNC_FPGA_HW.xsa",
	"platIntHandOff":	"<platformDir>/hw/CNC_FPGA_HW.xsa",
	"deviceType":	"zynq",
	"platIsPrebuiltAutogen":	"false",
	"platIsNoBootBsp":	"false",
	"platFsblTarget":	"ps7_cortexa9_0",
	"hasFsblMakeHasChanges":	"false",
	"hasPmufwMakeHasChanges":	"false",
	"fsblExtraCompilerFlags":	"-MMD -MP       -mcpu=cortex-a9 -mfpu=vfpv3 -mfloat-abi=hard ",
	"platPreBuiltFlag":	false,
	"platformSamplesDir":	"",
	"platActiveSys":	"CNC-FPGA-PLATFORM",
	"systems":	[{
			"systemName":	"CNC-FPGA-PLATFORM",
			"systemDesc":	"CNC-FPGA-PLATFORM",
			"sysIsBootAutoGen":	"true",
			"systemDispName":	"CNC-FPGA-PLATFORM",
			"sysActiveDom":	"standalone_domain",
			"sysDefaultDom":	"standalone_domain",
			"domains":	[{
					"domainName":	"zynq_fsbl",
					"domainDispName":	"zynq_fsbl",
					"domainDesc":	"FSBL Application BSP - Auto Generated.",
					"processors":	"ps7_cortexa9_0",
					"os":	"standalone",
					"sdxOs":	"standalone",
					"debugEnable":	"",
					"domRuntimes":	["cpp"],
					"swRepo":	"",
					"mssOsVer":	"9.2",
					"mssFile":	"",
					"md5Digest":	"822b05f43d93911360d956bc0e0ec2b0",
					"compatibleApp":	"zynq_fsbl",
					"domType":	"bootDomain",
					"arch":	"32-bit",
					"appSettings":	{
						"appCompilerFlags":	"",
						"appLinkerFlags":	""
					},
					"addedLibs":	["xilffs:5.3", "xilrsa:1.8"],
					"libOptions":	{
						"libsContainingOptions":	[]
					},
					"prebuiltLibs":	{
						"prebuiltIncPath":	[],
						"prebuiltLibPath":	[]
					},
					"isolation":	{
					}
				}, {
					"domainName":	"standalone_domain",
					"domainDispName":	"standalone_domain",
					"domainDesc":	"standalone_domain",
					"processors":	"ps7_cortexa9_0",
					"os":	"standalone",
					"sdxOs":	"standalone",
					"qemuArgs":	"<platformDir>/resources/CNC-FPGA-PLATFORM/standalone_domain/qemu_args.txt",
					"qemuData":	"<platformDir>/resources/CNC-FPGA-PLATFORM/standalone_domain/qemu",
					"debugEnable":	"False",
					"domRuntimes":	["cpp"],
					"swRepo":	"",
					"mssOsVer":	"9.2",
					"mssFile":	"",
					"md5Digest":	"4bf099da2fb427a9388a4e43114e5a42",
					"compatibleApp":	"",
					"domType":	"mssDomain",
					"appSettings":	{
						"appCompilerFlags":	"",
						"appLinkerFlags":	""
					},
					"addedLibs":	[],
					"libOptions":	{
						"libsContainingOptions":	[]
					},
					"prebuiltLibs":	{
						"prebuiltIncPath":	[],
						"prebuiltLibPath":	[]
					},
					"isolation":	{
					}
				}]
		}]
}
LOG::2026-03-31.00:24:01::SCWPlatform::Started generating the artifacts platform CNC-FPGA-PLATFORM
TRACE::2026-03-31.00:24:02::SCWPlatform::Sanity checking of platform is completed
LOG::2026-03-31.00:24:02::SCWPlatform::Started generating the artifacts for system configuration CNC-FPGA-PLATFORM
LOG::2026-03-31.00:24:02::SCWSystem::Checking the domain zynq_fsbl
LOG::2026-03-31.00:24:02::SCWSystem::Doing application build for :  zynq_fsbl
TRACE::2026-03-31.00:24:02::SCWBDomain::Not a forced makefile updation, No changes are present. 
TRACE::2026-03-31.00:24:02::SCWDomain::Skipping the build for domain :  zynq_fsbl
LOG::2026-03-31.00:24:02::SCWSystem::Checking the domain standalone_domain
LOG::2026-03-31.00:24:02::SCWSystem::Not a boot domain 
LOG::2026-03-31.00:24:02::SCWSystem::Started Processing the domain standalone_domain
TRACE::2026-03-31.00:24:02::SCWDomain::Generating domain artifcats
TRACE::2026-03-31.00:24:02::SCWMssOS::Generating standalone artifcats
TRACE::2026-03-31.00:24:02::SCWMssOS::Copying the qemu file from  E:/Git-Repos/CNC-FPGA/Vitis3/CNC-FPGA-PLATFORM/resources/CNC-FPGA-PLATFORM/standalone_domain/qemu_args.txt To E:/Git-Repos/CNC-FPGA/Vitis3/CNC-FPGA-PLATFORM/export/CNC-FPGA-PLATFORM/sw/CNC-FPGA-PLATFORM/qemu/
TRACE::2026-03-31.00:24:02::SCWMssOS::Copying the qemu file from  E:/Git-Repos/CNC-FPGA/Vitis3/CNC-FPGA-PLATFORM/resources/CNC-FPGA-PLATFORM/standalone_domain/qemu_args.txt To E:/Git-Repos/CNC-FPGA/Vitis3/CNC-FPGA-PLATFORM/export/CNC-FPGA-PLATFORM/sw/CNC-FPGA-PLATFORM/standalone_domain/qemu/
TRACE::2026-03-31.00:24:02::SCWMssOS:: Copying the user libraries. 
TRACE::2026-03-31.00:24:02::SCWPlatform::Trying to open the hw design at E:/Git-Repos/CNC-FPGA/Vitis3/CNC-FPGA-PLATFORM/hw/CNC_FPGA_HW.xsa
TRACE::2026-03-31.00:24:02::SCWPlatform::DSA given E:/Git-Repos/CNC-FPGA/Vitis3/CNC-FPGA-PLATFORM/hw/CNC_FPGA_HW.xsa
TRACE::2026-03-31.00:24:02::SCWPlatform::DSA absoulate path E:/Git-Repos/CNC-FPGA/Vitis3/CNC-FPGA-PLATFORM/hw/CNC_FPGA_HW.xsa
TRACE::2026-03-31.00:24:02::SCWPlatform::DSA directory E:/Git-Repos/CNC-FPGA/Vitis3/CNC-FPGA-PLATFORM/hw
TRACE::2026-03-31.00:24:02::SCWPlatform:: Platform Path E:/Git-Repos/CNC-FPGA/Vitis3/CNC-FPGA-PLATFORM/hw/CNC_FPGA_HW.xsa
TRACE::2026-03-31.00:24:02::SCWPlatform:: Unique name xilinx:zedboard::0.0
TRACE::2026-03-31.00:24:02::SCWPlatform::Trying to set the existing hwdb with name CNC_Top_wrapper_1
TRACE::2026-03-31.00:24:02::SCWPlatform::Opened existing hwdb CNC_Top_wrapper_1
TRACE::2026-03-31.00:24:02::SCWPlatform::Found the Hw Db part of the input DSA
TRACE::2026-03-31.00:24:02::SCWMssOS::Checking the sw design at  E:/Git-Repos/CNC-FPGA/Vitis3/CNC-FPGA-PLATFORM/ps7_cortexa9_0/standalone_domain/bsp/system.mss
TRACE::2026-03-31.00:24:02::SCWMssOS::DEBUG:  swdes dump  E:/Git-Repos/CNC-FPGA/Vitis3/CNC-FPGA-FINAL-RELEASE/ps7_cortexa9_0/standalone_domain/bsp/system.mss|system_0||
E:/Git-Repos/CNC-FPGA/Vitis3/CNC-FPGA-FINAL-RELEASE/zynq_fsbl/zynq_fsbl_bsp/system.mss|system||
E:/Git-Repos/CNC-FPGA/Vitis3/CNC-FPGA-PLATFORM/ps7_cortexa9_0/standalone_domain/bsp/system.mss|system_2||
E:/Git-Repos/CNC-FPGA/Vitis3/CNC-FPGA-PLATFORM/zynq_fsbl/zynq_fsbl_bsp/system.mss|system_1||

TRACE::2026-03-31.00:24:02::SCWMssOS::Sw design exists and opened at  E:/Git-Repos/CNC-FPGA/Vitis3/CNC-FPGA-PLATFORM/ps7_cortexa9_0/standalone_domain/bsp/system.mss
TRACE::2026-03-31.00:24:02::SCWMssOS::Completed writing the mss file at E:/Git-Repos/CNC-FPGA/Vitis3/CNC-FPGA-PLATFORM/ps7_cortexa9_0/standalone_domain/bsp
TRACE::2026-03-31.00:24:02::SCWMssOS::Mss edits present, copying mssfile into export location E:/Git-Repos/CNC-FPGA/Vitis3/CNC-FPGA-PLATFORM/ps7_cortexa9_0/standalone_domain/bsp/system.mss
TRACE::2026-03-31.00:24:02::SCWMssOS::bsp generated is upto date with the mss file. Skipping bsp generation.
TRACE::2026-03-31.00:24:02::SCWMssOS::BSP is already built. skipping the bsp build ... 
TRACE::2026-03-31.00:24:02::SCWDomain::Skipping the build for domain :  standalone_domain
TRACE::2026-03-31.00:24:02::SCWMssOS::skipping the bsp build ... 
TRACE::2026-03-31.00:24:02::SCWMssOS::Copying to export directory.
TRACE::2026-03-31.00:24:02::SCWMssOS:: Checking if to create the Supporting Applications
TRACE::2026-03-31.00:24:02::SCWMssOS:: No Linux domain exists, trying to generate FSBL 
TRACE::2026-03-31.00:24:02::SCWMssOS:: Completed Standalone Artifacts creation 
LOG::2026-03-31.00:24:02::SCWSystem::Completed Processing the domain standalone_domain
LOG::2026-03-31.00:24:02::SCWSystem::Completed Processing the sysconfig CNC-FPGA-PLATFORM
LOG::2026-03-31.00:24:02::SCWPlatform::Completed generating the artifacts for system configuration CNC-FPGA-PLATFORM
TRACE::2026-03-31.00:24:02::SCWPlatform::Started preparing the platform 
TRACE::2026-03-31.00:24:02::SCWSystem::Writing the bif file for system config CNC-FPGA-PLATFORM
TRACE::2026-03-31.00:24:02::SCWSystem::dir created 
TRACE::2026-03-31.00:24:02::SCWSystem::Writing the bif 
TRACE::2026-03-31.00:24:02::SCWPlatform::Started writing the spfm file 
TRACE::2026-03-31.00:24:02::SCWPlatform::Started writing the xpfm file 
TRACE::2026-03-31.00:24:02::SCWPlatform::Completed generating the platform
TRACE::2026-03-31.00:24:02::SCWMssOS::Saving the mss changes E:/Git-Repos/CNC-FPGA/Vitis3/CNC-FPGA-PLATFORM/zynq_fsbl/zynq_fsbl_bsp/system.mss
TRACE::2026-03-31.00:24:02::SCWMssOS::Found a swdesign opened with the mssfile.
TRACE::2026-03-31.00:24:02::SCWMssOS::Completed writemss as part of save.
TRACE::2026-03-31.00:24:02::SCWMssOS::Commit changes completed.
TRACE::2026-03-31.00:24:02::SCWMssOS::Saving the mss changes E:/Git-Repos/CNC-FPGA/Vitis3/CNC-FPGA-PLATFORM/ps7_cortexa9_0/standalone_domain/bsp/system.mss
TRACE::2026-03-31.00:24:02::SCWMssOS::Found a swdesign opened with the mssfile.
TRACE::2026-03-31.00:24:02::SCWMssOS::Completed writemss as part of save.
TRACE::2026-03-31.00:24:02::SCWMssOS::Commit changes completed.
TRACE::2026-03-31.00:24:02::SCWPlatform::Trying to open the hw design at E:/Git-Repos/CNC-FPGA/Vitis3/CNC-FPGA-PLATFORM/hw/CNC_FPGA_HW.xsa
TRACE::2026-03-31.00:24:02::SCWPlatform::DSA given E:/Git-Repos/CNC-FPGA/Vitis3/CNC-FPGA-PLATFORM/hw/CNC_FPGA_HW.xsa
TRACE::2026-03-31.00:24:02::SCWPlatform::DSA absoulate path E:/Git-Repos/CNC-FPGA/Vitis3/CNC-FPGA-PLATFORM/hw/CNC_FPGA_HW.xsa
TRACE::2026-03-31.00:24:02::SCWPlatform::DSA directory E:/Git-Repos/CNC-FPGA/Vitis3/CNC-FPGA-PLATFORM/hw
TRACE::2026-03-31.00:24:02::SCWPlatform:: Platform Path E:/Git-Repos/CNC-FPGA/Vitis3/CNC-FPGA-PLATFORM/hw/CNC_FPGA_HW.xsa
TRACE::2026-03-31.00:24:02::SCWPlatform:: Unique name xilinx:zedboard::0.0
TRACE::2026-03-31.00:24:02::SCWPlatform::Trying to set the existing hwdb with name CNC_Top_wrapper_1
TRACE::2026-03-31.00:24:02::SCWPlatform::Opened existing hwdb CNC_Top_wrapper_1
TRACE::2026-03-31.00:24:02::SCWPlatform::Found the Hw Db part of the input DSA
TRACE::2026-03-31.00:24:02::SCWMssOS::Checking the sw design at  E:/Git-Repos/CNC-FPGA/Vitis3/CNC-FPGA-PLATFORM/zynq_fsbl/zynq_fsbl_bsp/system.mss
TRACE::2026-03-31.00:24:02::SCWMssOS::DEBUG:  swdes dump  E:/Git-Repos/CNC-FPGA/Vitis3/CNC-FPGA-FINAL-RELEASE/ps7_cortexa9_0/standalone_domain/bsp/system.mss|system_0||
E:/Git-Repos/CNC-FPGA/Vitis3/CNC-FPGA-FINAL-RELEASE/zynq_fsbl/zynq_fsbl_bsp/system.mss|system||
E:/Git-Repos/CNC-FPGA/Vitis3/CNC-FPGA-PLATFORM/ps7_cortexa9_0/standalone_domain/bsp/system.mss|system_2||
E:/Git-Repos/CNC-FPGA/Vitis3/CNC-FPGA-PLATFORM/zynq_fsbl/zynq_fsbl_bsp/system.mss|system_1||

TRACE::2026-03-31.00:24:02::SCWMssOS::Sw design exists and opened at  E:/Git-Repos/CNC-FPGA/Vitis3/CNC-FPGA-PLATFORM/zynq_fsbl/zynq_fsbl_bsp/system.mss
TRACE::2026-03-31.00:24:02::SCWPlatform::Trying to open the hw design at E:/Git-Repos/CNC-FPGA/Vitis3/CNC-FPGA-PLATFORM/hw/CNC_FPGA_HW.xsa
TRACE::2026-03-31.00:24:02::SCWPlatform::DSA given E:/Git-Repos/CNC-FPGA/Vitis3/CNC-FPGA-PLATFORM/hw/CNC_FPGA_HW.xsa
TRACE::2026-03-31.00:24:02::SCWPlatform::DSA absoulate path E:/Git-Repos/CNC-FPGA/Vitis3/CNC-FPGA-PLATFORM/hw/CNC_FPGA_HW.xsa
TRACE::2026-03-31.00:24:02::SCWPlatform::DSA directory E:/Git-Repos/CNC-FPGA/Vitis3/CNC-FPGA-PLATFORM/hw
TRACE::2026-03-31.00:24:02::SCWPlatform:: Platform Path E:/Git-Repos/CNC-FPGA/Vitis3/CNC-FPGA-PLATFORM/hw/CNC_FPGA_HW.xsa
TRACE::2026-03-31.00:24:02::SCWPlatform:: Unique name xilinx:zedboard::0.0
TRACE::2026-03-31.00:24:02::SCWPlatform::Trying to set the existing hwdb with name CNC_Top_wrapper_1
TRACE::2026-03-31.00:24:02::SCWPlatform::Opened existing hwdb CNC_Top_wrapper_1
TRACE::2026-03-31.00:24:02::SCWPlatform::Found the Hw Db part of the input DSA
TRACE::2026-03-31.00:24:02::SCWMssOS::Checking the sw design at  E:/Git-Repos/CNC-FPGA/Vitis3/CNC-FPGA-PLATFORM/zynq_fsbl/zynq_fsbl_bsp/system.mss
TRACE::2026-03-31.00:24:02::SCWMssOS::DEBUG:  swdes dump  E:/Git-Repos/CNC-FPGA/Vitis3/CNC-FPGA-FINAL-RELEASE/ps7_cortexa9_0/standalone_domain/bsp/system.mss|system_0||
E:/Git-Repos/CNC-FPGA/Vitis3/CNC-FPGA-FINAL-RELEASE/zynq_fsbl/zynq_fsbl_bsp/system.mss|system||
E:/Git-Repos/CNC-FPGA/Vitis3/CNC-FPGA-PLATFORM/ps7_cortexa9_0/standalone_domain/bsp/system.mss|system_2||
E:/Git-Repos/CNC-FPGA/Vitis3/CNC-FPGA-PLATFORM/zynq_fsbl/zynq_fsbl_bsp/system.mss|system_1||

TRACE::2026-03-31.00:24:02::SCWMssOS::Sw design exists and opened at  E:/Git-Repos/CNC-FPGA/Vitis3/CNC-FPGA-PLATFORM/zynq_fsbl/zynq_fsbl_bsp/system.mss
TRACE::2026-03-31.00:24:02::SCWPlatform::Trying to open the hw design at E:/Git-Repos/CNC-FPGA/Vitis3/CNC-FPGA-PLATFORM/hw/CNC_FPGA_HW.xsa
TRACE::2026-03-31.00:24:02::SCWPlatform::DSA given E:/Git-Repos/CNC-FPGA/Vitis3/CNC-FPGA-PLATFORM/hw/CNC_FPGA_HW.xsa
TRACE::2026-03-31.00:24:02::SCWPlatform::DSA absoulate path E:/Git-Repos/CNC-FPGA/Vitis3/CNC-FPGA-PLATFORM/hw/CNC_FPGA_HW.xsa
TRACE::2026-03-31.00:24:02::SCWPlatform::DSA directory E:/Git-Repos/CNC-FPGA/Vitis3/CNC-FPGA-PLATFORM/hw
TRACE::2026-03-31.00:24:02::SCWPlatform:: Platform Path E:/Git-Repos/CNC-FPGA/Vitis3/CNC-FPGA-PLATFORM/hw/CNC_FPGA_HW.xsa
TRACE::2026-03-31.00:24:02::SCWPlatform:: Unique name xilinx:zedboard::0.0
TRACE::2026-03-31.00:24:02::SCWPlatform::Trying to set the existing hwdb with name CNC_Top_wrapper_1
TRACE::2026-03-31.00:24:02::SCWPlatform::Opened existing hwdb CNC_Top_wrapper_1
TRACE::2026-03-31.00:24:02::SCWPlatform::Found the Hw Db part of the input DSA
TRACE::2026-03-31.00:24:02::SCWMssOS::Checking the sw design at  E:/Git-Repos/CNC-FPGA/Vitis3/CNC-FPGA-PLATFORM/zynq_fsbl/zynq_fsbl_bsp/system.mss
TRACE::2026-03-31.00:24:02::SCWMssOS::DEBUG:  swdes dump  E:/Git-Repos/CNC-FPGA/Vitis3/CNC-FPGA-FINAL-RELEASE/ps7_cortexa9_0/standalone_domain/bsp/system.mss|system_0||
E:/Git-Repos/CNC-FPGA/Vitis3/CNC-FPGA-FINAL-RELEASE/zynq_fsbl/zynq_fsbl_bsp/system.mss|system||
E:/Git-Repos/CNC-FPGA/Vitis3/CNC-FPGA-PLATFORM/ps7_cortexa9_0/standalone_domain/bsp/system.mss|system_2||
E:/Git-Repos/CNC-FPGA/Vitis3/CNC-FPGA-PLATFORM/zynq_fsbl/zynq_fsbl_bsp/system.mss|system_1||

TRACE::2026-03-31.00:24:02::SCWMssOS::Sw design exists and opened at  E:/Git-Repos/CNC-FPGA/Vitis3/CNC-FPGA-PLATFORM/zynq_fsbl/zynq_fsbl_bsp/system.mss
TRACE::2026-03-31.00:24:02::SCWPlatform::Trying to open the hw design at E:/Git-Repos/CNC-FPGA/Vitis3/CNC-FPGA-PLATFORM/hw/CNC_FPGA_HW.xsa
TRACE::2026-03-31.00:24:02::SCWPlatform::DSA given E:/Git-Repos/CNC-FPGA/Vitis3/CNC-FPGA-PLATFORM/hw/CNC_FPGA_HW.xsa
TRACE::2026-03-31.00:24:02::SCWPlatform::DSA absoulate path E:/Git-Repos/CNC-FPGA/Vitis3/CNC-FPGA-PLATFORM/hw/CNC_FPGA_HW.xsa
TRACE::2026-03-31.00:24:02::SCWPlatform::DSA directory E:/Git-Repos/CNC-FPGA/Vitis3/CNC-FPGA-PLATFORM/hw
TRACE::2026-03-31.00:24:02::SCWPlatform:: Platform Path E:/Git-Repos/CNC-FPGA/Vitis3/CNC-FPGA-PLATFORM/hw/CNC_FPGA_HW.xsa
TRACE::2026-03-31.00:24:02::SCWPlatform:: Unique name xilinx:zedboard::0.0
TRACE::2026-03-31.00:24:02::SCWPlatform::Trying to set the existing hwdb with name CNC_Top_wrapper_1
TRACE::2026-03-31.00:24:02::SCWPlatform::Opened existing hwdb CNC_Top_wrapper_1
TRACE::2026-03-31.00:24:02::SCWPlatform::Found the Hw Db part of the input DSA
TRACE::2026-03-31.00:24:02::SCWMssOS::Checking the sw design at  E:/Git-Repos/CNC-FPGA/Vitis3/CNC-FPGA-PLATFORM/ps7_cortexa9_0/standalone_domain/bsp/system.mss
TRACE::2026-03-31.00:24:02::SCWMssOS::DEBUG:  swdes dump  E:/Git-Repos/CNC-FPGA/Vitis3/CNC-FPGA-FINAL-RELEASE/ps7_cortexa9_0/standalone_domain/bsp/system.mss|system_0||
E:/Git-Repos/CNC-FPGA/Vitis3/CNC-FPGA-FINAL-RELEASE/zynq_fsbl/zynq_fsbl_bsp/system.mss|system||
E:/Git-Repos/CNC-FPGA/Vitis3/CNC-FPGA-PLATFORM/ps7_cortexa9_0/standalone_domain/bsp/system.mss|system_2||
E:/Git-Repos/CNC-FPGA/Vitis3/CNC-FPGA-PLATFORM/zynq_fsbl/zynq_fsbl_bsp/system.mss|system_1||

TRACE::2026-03-31.00:24:02::SCWMssOS::Sw design exists and opened at  E:/Git-Repos/CNC-FPGA/Vitis3/CNC-FPGA-PLATFORM/ps7_cortexa9_0/standalone_domain/bsp/system.mss
TRACE::2026-03-31.00:24:02::SCWPlatform::Trying to open the hw design at E:/Git-Repos/CNC-FPGA/Vitis3/CNC-FPGA-PLATFORM/hw/CNC_FPGA_HW.xsa
TRACE::2026-03-31.00:24:02::SCWPlatform::DSA given E:/Git-Repos/CNC-FPGA/Vitis3/CNC-FPGA-PLATFORM/hw/CNC_FPGA_HW.xsa
TRACE::2026-03-31.00:24:02::SCWPlatform::DSA absoulate path E:/Git-Repos/CNC-FPGA/Vitis3/CNC-FPGA-PLATFORM/hw/CNC_FPGA_HW.xsa
TRACE::2026-03-31.00:24:02::SCWPlatform::DSA directory E:/Git-Repos/CNC-FPGA/Vitis3/CNC-FPGA-PLATFORM/hw
TRACE::2026-03-31.00:24:02::SCWPlatform:: Platform Path E:/Git-Repos/CNC-FPGA/Vitis3/CNC-FPGA-PLATFORM/hw/CNC_FPGA_HW.xsa
TRACE::2026-03-31.00:24:02::SCWPlatform:: Unique name xilinx:zedboard::0.0
TRACE::2026-03-31.00:24:02::SCWPlatform::Trying to set the existing hwdb with name CNC_Top_wrapper_1
TRACE::2026-03-31.00:24:02::SCWPlatform::Opened existing hwdb CNC_Top_wrapper_1
TRACE::2026-03-31.00:24:02::SCWPlatform::Found the Hw Db part of the input DSA
TRACE::2026-03-31.00:24:02::SCWMssOS::Checking the sw design at  E:/Git-Repos/CNC-FPGA/Vitis3/CNC-FPGA-PLATFORM/ps7_cortexa9_0/standalone_domain/bsp/system.mss
TRACE::2026-03-31.00:24:02::SCWMssOS::DEBUG:  swdes dump  E:/Git-Repos/CNC-FPGA/Vitis3/CNC-FPGA-FINAL-RELEASE/ps7_cortexa9_0/standalone_domain/bsp/system.mss|system_0||
E:/Git-Repos/CNC-FPGA/Vitis3/CNC-FPGA-FINAL-RELEASE/zynq_fsbl/zynq_fsbl_bsp/system.mss|system||
E:/Git-Repos/CNC-FPGA/Vitis3/CNC-FPGA-PLATFORM/ps7_cortexa9_0/standalone_domain/bsp/system.mss|system_2||
E:/Git-Repos/CNC-FPGA/Vitis3/CNC-FPGA-PLATFORM/zynq_fsbl/zynq_fsbl_bsp/system.mss|system_1||

TRACE::2026-03-31.00:24:02::SCWMssOS::Sw design exists and opened at  E:/Git-Repos/CNC-FPGA/Vitis3/CNC-FPGA-PLATFORM/ps7_cortexa9_0/standalone_domain/bsp/system.mss
TRACE::2026-03-31.00:24:02::SCWPlatform::Trying to open the hw design at E:/Git-Repos/CNC-FPGA/Vitis3/CNC-FPGA-PLATFORM/hw/CNC_FPGA_HW.xsa
TRACE::2026-03-31.00:24:02::SCWPlatform::DSA given E:/Git-Repos/CNC-FPGA/Vitis3/CNC-FPGA-PLATFORM/hw/CNC_FPGA_HW.xsa
TRACE::2026-03-31.00:24:02::SCWPlatform::DSA absoulate path E:/Git-Repos/CNC-FPGA/Vitis3/CNC-FPGA-PLATFORM/hw/CNC_FPGA_HW.xsa
TRACE::2026-03-31.00:24:02::SCWPlatform::DSA directory E:/Git-Repos/CNC-FPGA/Vitis3/CNC-FPGA-PLATFORM/hw
TRACE::2026-03-31.00:24:02::SCWPlatform:: Platform Path E:/Git-Repos/CNC-FPGA/Vitis3/CNC-FPGA-PLATFORM/hw/CNC_FPGA_HW.xsa
TRACE::2026-03-31.00:24:02::SCWPlatform:: Unique name xilinx:zedboard::0.0
TRACE::2026-03-31.00:24:02::SCWPlatform::Trying to set the existing hwdb with name CNC_Top_wrapper_1
TRACE::2026-03-31.00:24:02::SCWPlatform::Opened existing hwdb CNC_Top_wrapper_1
TRACE::2026-03-31.00:24:02::SCWPlatform::Found the Hw Db part of the input DSA
TRACE::2026-03-31.00:24:02::SCWMssOS::Checking the sw design at  E:/Git-Repos/CNC-FPGA/Vitis3/CNC-FPGA-PLATFORM/ps7_cortexa9_0/standalone_domain/bsp/system.mss
TRACE::2026-03-31.00:24:02::SCWMssOS::DEBUG:  swdes dump  E:/Git-Repos/CNC-FPGA/Vitis3/CNC-FPGA-FINAL-RELEASE/ps7_cortexa9_0/standalone_domain/bsp/system.mss|system_0||
E:/Git-Repos/CNC-FPGA/Vitis3/CNC-FPGA-FINAL-RELEASE/zynq_fsbl/zynq_fsbl_bsp/system.mss|system||
E:/Git-Repos/CNC-FPGA/Vitis3/CNC-FPGA-PLATFORM/ps7_cortexa9_0/standalone_domain/bsp/system.mss|system_2||
E:/Git-Repos/CNC-FPGA/Vitis3/CNC-FPGA-PLATFORM/zynq_fsbl/zynq_fsbl_bsp/system.mss|system_1||

TRACE::2026-03-31.00:24:02::SCWMssOS::Sw design exists and opened at  E:/Git-Repos/CNC-FPGA/Vitis3/CNC-FPGA-PLATFORM/ps7_cortexa9_0/standalone_domain/bsp/system.mss
TRACE::2026-03-31.00:24:02::SCWWriter::formatted JSON is {
	"platformName":	"CNC-FPGA-PLATFORM",
	"sprVersion":	"2.0",
	"mode":	"gui",
	"dsaType":	"Fixed",
	"platformDesc":	"CNC-FPGA-PLATFORM",
	"platHandOff":	"E:/Git-Repos/CNC-FPGA/Zedboard-CNC/CNC_FPGA_HW.xsa",
	"platIntHandOff":	"<platformDir>/hw/CNC_FPGA_HW.xsa",
	"deviceType":	"zynq",
	"platIsPrebuiltAutogen":	"false",
	"platIsNoBootBsp":	"false",
	"platFsblTarget":	"ps7_cortexa9_0",
	"hasFsblMakeHasChanges":	"false",
	"hasPmufwMakeHasChanges":	"false",
	"fsblExtraCompilerFlags":	"-MMD -MP       -mcpu=cortex-a9 -mfpu=vfpv3 -mfloat-abi=hard ",
	"platPreBuiltFlag":	false,
	"platformSamplesDir":	"",
	"platActiveSys":	"CNC-FPGA-PLATFORM",
	"systems":	[{
			"systemName":	"CNC-FPGA-PLATFORM",
			"systemDesc":	"CNC-FPGA-PLATFORM",
			"sysIsBootAutoGen":	"true",
			"systemDispName":	"CNC-FPGA-PLATFORM",
			"sysActiveDom":	"standalone_domain",
			"sysDefaultDom":	"standalone_domain",
			"domains":	[{
					"domainName":	"zynq_fsbl",
					"domainDispName":	"zynq_fsbl",
					"domainDesc":	"FSBL Application BSP - Auto Generated.",
					"processors":	"ps7_cortexa9_0",
					"os":	"standalone",
					"sdxOs":	"standalone",
					"debugEnable":	"",
					"domRuntimes":	["cpp"],
					"swRepo":	"",
					"mssOsVer":	"9.2",
					"mssFile":	"",
					"md5Digest":	"822b05f43d93911360d956bc0e0ec2b0",
					"compatibleApp":	"zynq_fsbl",
					"domType":	"bootDomain",
					"arch":	"32-bit",
					"appSettings":	{
						"appCompilerFlags":	"",
						"appLinkerFlags":	""
					},
					"addedLibs":	["xilffs:5.3", "xilrsa:1.8"],
					"libOptions":	{
						"libsContainingOptions":	[]
					},
					"prebuiltLibs":	{
						"prebuiltIncPath":	[],
						"prebuiltLibPath":	[]
					},
					"isolation":	{
					}
				}, {
					"domainName":	"standalone_domain",
					"domainDispName":	"standalone_domain",
					"domainDesc":	"standalone_domain",
					"processors":	"ps7_cortexa9_0",
					"os":	"standalone",
					"sdxOs":	"standalone",
					"qemuArgs":	"<platformDir>/resources/CNC-FPGA-PLATFORM/standalone_domain/qemu_args.txt",
					"qemuData":	"<platformDir>/resources/CNC-FPGA-PLATFORM/standalone_domain/qemu",
					"debugEnable":	"False",
					"domRuntimes":	["cpp"],
					"swRepo":	"",
					"mssOsVer":	"9.2",
					"mssFile":	"",
					"md5Digest":	"4bf099da2fb427a9388a4e43114e5a42",
					"compatibleApp":	"",
					"domType":	"mssDomain",
					"appSettings":	{
						"appCompilerFlags":	"",
						"appLinkerFlags":	""
					},
					"addedLibs":	[],
					"libOptions":	{
						"libsContainingOptions":	[]
					},
					"prebuiltLibs":	{
						"prebuiltIncPath":	[],
						"prebuiltLibPath":	[]
					},
					"isolation":	{
					}
				}]
		}]
}
KEYINFO::2026-03-31.00:24:02::SCWPlatform::updated the xpfm file.
TRACE::2026-03-31.00:24:03::SCWPlatform::Trying to open the hw design at E:/Git-Repos/CNC-FPGA/Vitis3/CNC-FPGA-PLATFORM/hw/CNC_FPGA_HW.xsa
TRACE::2026-03-31.00:24:03::SCWPlatform::DSA given E:/Git-Repos/CNC-FPGA/Vitis3/CNC-FPGA-PLATFORM/hw/CNC_FPGA_HW.xsa
TRACE::2026-03-31.00:24:03::SCWPlatform::DSA absoulate path E:/Git-Repos/CNC-FPGA/Vitis3/CNC-FPGA-PLATFORM/hw/CNC_FPGA_HW.xsa
TRACE::2026-03-31.00:24:03::SCWPlatform::DSA directory E:/Git-Repos/CNC-FPGA/Vitis3/CNC-FPGA-PLATFORM/hw
TRACE::2026-03-31.00:24:03::SCWPlatform:: Platform Path E:/Git-Repos/CNC-FPGA/Vitis3/CNC-FPGA-PLATFORM/hw/CNC_FPGA_HW.xsa
TRACE::2026-03-31.00:24:03::SCWPlatform:: Unique name xilinx:zedboard::0.0
TRACE::2026-03-31.00:24:03::SCWPlatform::Trying to set the existing hwdb with name CNC_Top_wrapper_1
TRACE::2026-03-31.00:24:03::SCWPlatform::Opened existing hwdb CNC_Top_wrapper_1
TRACE::2026-03-31.00:24:03::SCWPlatform::Found the Hw Db part of the input DSA
TRACE::2026-03-31.00:24:03::SCWMssOS::Checking the sw design at  E:/Git-Repos/CNC-FPGA/Vitis3/CNC-FPGA-PLATFORM/ps7_cortexa9_0/standalone_domain/bsp/system.mss
TRACE::2026-03-31.00:24:03::SCWMssOS::DEBUG:  swdes dump  E:/Git-Repos/CNC-FPGA/Vitis3/CNC-FPGA-FINAL-RELEASE/ps7_cortexa9_0/standalone_domain/bsp/system.mss|system_0||
E:/Git-Repos/CNC-FPGA/Vitis3/CNC-FPGA-FINAL-RELEASE/zynq_fsbl/zynq_fsbl_bsp/system.mss|system||
E:/Git-Repos/CNC-FPGA/Vitis3/CNC-FPGA-PLATFORM/ps7_cortexa9_0/standalone_domain/bsp/system.mss|system_2||
E:/Git-Repos/CNC-FPGA/Vitis3/CNC-FPGA-PLATFORM/zynq_fsbl/zynq_fsbl_bsp/system.mss|system_1||

TRACE::2026-03-31.00:24:03::SCWMssOS::Sw design exists and opened at  E:/Git-Repos/CNC-FPGA/Vitis3/CNC-FPGA-PLATFORM/ps7_cortexa9_0/standalone_domain/bsp/system.mss
TRACE::2026-03-31.00:24:03::SCWMssOS::Saving the mss changes E:/Git-Repos/CNC-FPGA/Vitis3/CNC-FPGA-PLATFORM/zynq_fsbl/zynq_fsbl_bsp/system.mss
TRACE::2026-03-31.00:24:03::SCWMssOS::Found a swdesign opened with the mssfile.
TRACE::2026-03-31.00:24:03::SCWMssOS::Completed writemss as part of save.
TRACE::2026-03-31.00:24:03::SCWMssOS::Commit changes completed.
TRACE::2026-03-31.00:24:03::SCWMssOS::Saving the mss changes E:/Git-Repos/CNC-FPGA/Vitis3/CNC-FPGA-PLATFORM/ps7_cortexa9_0/standalone_domain/bsp/system.mss
TRACE::2026-03-31.00:24:03::SCWMssOS::Found a swdesign opened with the mssfile.
TRACE::2026-03-31.00:24:03::SCWMssOS::Completed writemss as part of save.
TRACE::2026-03-31.00:24:03::SCWMssOS::Commit changes completed.
TRACE::2026-03-31.00:24:03::SCWPlatform::Trying to open the hw design at E:/Git-Repos/CNC-FPGA/Vitis3/CNC-FPGA-PLATFORM/hw/CNC_FPGA_HW.xsa
TRACE::2026-03-31.00:24:03::SCWPlatform::DSA given E:/Git-Repos/CNC-FPGA/Vitis3/CNC-FPGA-PLATFORM/hw/CNC_FPGA_HW.xsa
TRACE::2026-03-31.00:24:03::SCWPlatform::DSA absoulate path E:/Git-Repos/CNC-FPGA/Vitis3/CNC-FPGA-PLATFORM/hw/CNC_FPGA_HW.xsa
TRACE::2026-03-31.00:24:03::SCWPlatform::DSA directory E:/Git-Repos/CNC-FPGA/Vitis3/CNC-FPGA-PLATFORM/hw
TRACE::2026-03-31.00:24:03::SCWPlatform:: Platform Path E:/Git-Repos/CNC-FPGA/Vitis3/CNC-FPGA-PLATFORM/hw/CNC_FPGA_HW.xsa
TRACE::2026-03-31.00:24:03::SCWPlatform:: Unique name xilinx:zedboard::0.0
TRACE::2026-03-31.00:24:03::SCWPlatform::Trying to set the existing hwdb with name CNC_Top_wrapper_1
TRACE::2026-03-31.00:24:03::SCWPlatform::Opened existing hwdb CNC_Top_wrapper_1
TRACE::2026-03-31.00:24:03::SCWPlatform::Found the Hw Db part of the input DSA
TRACE::2026-03-31.00:24:03::SCWMssOS::Checking the sw design at  E:/Git-Repos/CNC-FPGA/Vitis3/CNC-FPGA-PLATFORM/zynq_fsbl/zynq_fsbl_bsp/system.mss
TRACE::2026-03-31.00:24:03::SCWMssOS::DEBUG:  swdes dump  E:/Git-Repos/CNC-FPGA/Vitis3/CNC-FPGA-FINAL-RELEASE/ps7_cortexa9_0/standalone_domain/bsp/system.mss|system_0||
E:/Git-Repos/CNC-FPGA/Vitis3/CNC-FPGA-FINAL-RELEASE/zynq_fsbl/zynq_fsbl_bsp/system.mss|system||
E:/Git-Repos/CNC-FPGA/Vitis3/CNC-FPGA-PLATFORM/ps7_cortexa9_0/standalone_domain/bsp/system.mss|system_2||
E:/Git-Repos/CNC-FPGA/Vitis3/CNC-FPGA-PLATFORM/zynq_fsbl/zynq_fsbl_bsp/system.mss|system_1||

TRACE::2026-03-31.00:24:03::SCWMssOS::Sw design exists and opened at  E:/Git-Repos/CNC-FPGA/Vitis3/CNC-FPGA-PLATFORM/zynq_fsbl/zynq_fsbl_bsp/system.mss
TRACE::2026-03-31.00:24:03::SCWPlatform::Trying to open the hw design at E:/Git-Repos/CNC-FPGA/Vitis3/CNC-FPGA-PLATFORM/hw/CNC_FPGA_HW.xsa
TRACE::2026-03-31.00:24:03::SCWPlatform::DSA given E:/Git-Repos/CNC-FPGA/Vitis3/CNC-FPGA-PLATFORM/hw/CNC_FPGA_HW.xsa
TRACE::2026-03-31.00:24:03::SCWPlatform::DSA absoulate path E:/Git-Repos/CNC-FPGA/Vitis3/CNC-FPGA-PLATFORM/hw/CNC_FPGA_HW.xsa
TRACE::2026-03-31.00:24:03::SCWPlatform::DSA directory E:/Git-Repos/CNC-FPGA/Vitis3/CNC-FPGA-PLATFORM/hw
TRACE::2026-03-31.00:24:03::SCWPlatform:: Platform Path E:/Git-Repos/CNC-FPGA/Vitis3/CNC-FPGA-PLATFORM/hw/CNC_FPGA_HW.xsa
TRACE::2026-03-31.00:24:03::SCWPlatform:: Unique name xilinx:zedboard::0.0
TRACE::2026-03-31.00:24:03::SCWPlatform::Trying to set the existing hwdb with name CNC_Top_wrapper_1
TRACE::2026-03-31.00:24:03::SCWPlatform::Opened existing hwdb CNC_Top_wrapper_1
TRACE::2026-03-31.00:24:03::SCWPlatform::Found the Hw Db part of the input DSA
TRACE::2026-03-31.00:24:03::SCWMssOS::Checking the sw design at  E:/Git-Repos/CNC-FPGA/Vitis3/CNC-FPGA-PLATFORM/zynq_fsbl/zynq_fsbl_bsp/system.mss
TRACE::2026-03-31.00:24:03::SCWMssOS::DEBUG:  swdes dump  E:/Git-Repos/CNC-FPGA/Vitis3/CNC-FPGA-FINAL-RELEASE/ps7_cortexa9_0/standalone_domain/bsp/system.mss|system_0||
E:/Git-Repos/CNC-FPGA/Vitis3/CNC-FPGA-FINAL-RELEASE/zynq_fsbl/zynq_fsbl_bsp/system.mss|system||
E:/Git-Repos/CNC-FPGA/Vitis3/CNC-FPGA-PLATFORM/ps7_cortexa9_0/standalone_domain/bsp/system.mss|system_2||
E:/Git-Repos/CNC-FPGA/Vitis3/CNC-FPGA-PLATFORM/zynq_fsbl/zynq_fsbl_bsp/system.mss|system_1||

TRACE::2026-03-31.00:24:03::SCWMssOS::Sw design exists and opened at  E:/Git-Repos/CNC-FPGA/Vitis3/CNC-FPGA-PLATFORM/zynq_fsbl/zynq_fsbl_bsp/system.mss
TRACE::2026-03-31.00:24:03::SCWPlatform::Trying to open the hw design at E:/Git-Repos/CNC-FPGA/Vitis3/CNC-FPGA-PLATFORM/hw/CNC_FPGA_HW.xsa
TRACE::2026-03-31.00:24:03::SCWPlatform::DSA given E:/Git-Repos/CNC-FPGA/Vitis3/CNC-FPGA-PLATFORM/hw/CNC_FPGA_HW.xsa
TRACE::2026-03-31.00:24:03::SCWPlatform::DSA absoulate path E:/Git-Repos/CNC-FPGA/Vitis3/CNC-FPGA-PLATFORM/hw/CNC_FPGA_HW.xsa
TRACE::2026-03-31.00:24:03::SCWPlatform::DSA directory E:/Git-Repos/CNC-FPGA/Vitis3/CNC-FPGA-PLATFORM/hw
TRACE::2026-03-31.00:24:03::SCWPlatform:: Platform Path E:/Git-Repos/CNC-FPGA/Vitis3/CNC-FPGA-PLATFORM/hw/CNC_FPGA_HW.xsa
TRACE::2026-03-31.00:24:03::SCWPlatform:: Unique name xilinx:zedboard::0.0
TRACE::2026-03-31.00:24:03::SCWPlatform::Trying to set the existing hwdb with name CNC_Top_wrapper_1
TRACE::2026-03-31.00:24:03::SCWPlatform::Opened existing hwdb CNC_Top_wrapper_1
TRACE::2026-03-31.00:24:03::SCWPlatform::Found the Hw Db part of the input DSA
TRACE::2026-03-31.00:24:03::SCWMssOS::Checking the sw design at  E:/Git-Repos/CNC-FPGA/Vitis3/CNC-FPGA-PLATFORM/zynq_fsbl/zynq_fsbl_bsp/system.mss
TRACE::2026-03-31.00:24:03::SCWMssOS::DEBUG:  swdes dump  E:/Git-Repos/CNC-FPGA/Vitis3/CNC-FPGA-FINAL-RELEASE/ps7_cortexa9_0/standalone_domain/bsp/system.mss|system_0||
E:/Git-Repos/CNC-FPGA/Vitis3/CNC-FPGA-FINAL-RELEASE/zynq_fsbl/zynq_fsbl_bsp/system.mss|system||
E:/Git-Repos/CNC-FPGA/Vitis3/CNC-FPGA-PLATFORM/ps7_cortexa9_0/standalone_domain/bsp/system.mss|system_2||
E:/Git-Repos/CNC-FPGA/Vitis3/CNC-FPGA-PLATFORM/zynq_fsbl/zynq_fsbl_bsp/system.mss|system_1||

TRACE::2026-03-31.00:24:03::SCWMssOS::Sw design exists and opened at  E:/Git-Repos/CNC-FPGA/Vitis3/CNC-FPGA-PLATFORM/zynq_fsbl/zynq_fsbl_bsp/system.mss
TRACE::2026-03-31.00:24:03::SCWPlatform::Trying to open the hw design at E:/Git-Repos/CNC-FPGA/Vitis3/CNC-FPGA-PLATFORM/hw/CNC_FPGA_HW.xsa
TRACE::2026-03-31.00:24:03::SCWPlatform::DSA given E:/Git-Repos/CNC-FPGA/Vitis3/CNC-FPGA-PLATFORM/hw/CNC_FPGA_HW.xsa
TRACE::2026-03-31.00:24:03::SCWPlatform::DSA absoulate path E:/Git-Repos/CNC-FPGA/Vitis3/CNC-FPGA-PLATFORM/hw/CNC_FPGA_HW.xsa
TRACE::2026-03-31.00:24:03::SCWPlatform::DSA directory E:/Git-Repos/CNC-FPGA/Vitis3/CNC-FPGA-PLATFORM/hw
TRACE::2026-03-31.00:24:03::SCWPlatform:: Platform Path E:/Git-Repos/CNC-FPGA/Vitis3/CNC-FPGA-PLATFORM/hw/CNC_FPGA_HW.xsa
TRACE::2026-03-31.00:24:03::SCWPlatform:: Unique name xilinx:zedboard::0.0
TRACE::2026-03-31.00:24:03::SCWPlatform::Trying to set the existing hwdb with name CNC_Top_wrapper_1
TRACE::2026-03-31.00:24:03::SCWPlatform::Opened existing hwdb CNC_Top_wrapper_1
TRACE::2026-03-31.00:24:03::SCWPlatform::Found the Hw Db part of the input DSA
TRACE::2026-03-31.00:24:03::SCWMssOS::Checking the sw design at  E:/Git-Repos/CNC-FPGA/Vitis3/CNC-FPGA-PLATFORM/ps7_cortexa9_0/standalone_domain/bsp/system.mss
TRACE::2026-03-31.00:24:03::SCWMssOS::DEBUG:  swdes dump  E:/Git-Repos/CNC-FPGA/Vitis3/CNC-FPGA-FINAL-RELEASE/ps7_cortexa9_0/standalone_domain/bsp/system.mss|system_0||
E:/Git-Repos/CNC-FPGA/Vitis3/CNC-FPGA-FINAL-RELEASE/zynq_fsbl/zynq_fsbl_bsp/system.mss|system||
E:/Git-Repos/CNC-FPGA/Vitis3/CNC-FPGA-PLATFORM/ps7_cortexa9_0/standalone_domain/bsp/system.mss|system_2||
E:/Git-Repos/CNC-FPGA/Vitis3/CNC-FPGA-PLATFORM/zynq_fsbl/zynq_fsbl_bsp/system.mss|system_1||

TRACE::2026-03-31.00:24:03::SCWMssOS::Sw design exists and opened at  E:/Git-Repos/CNC-FPGA/Vitis3/CNC-FPGA-PLATFORM/ps7_cortexa9_0/standalone_domain/bsp/system.mss
TRACE::2026-03-31.00:24:03::SCWPlatform::Trying to open the hw design at E:/Git-Repos/CNC-FPGA/Vitis3/CNC-FPGA-PLATFORM/hw/CNC_FPGA_HW.xsa
TRACE::2026-03-31.00:24:03::SCWPlatform::DSA given E:/Git-Repos/CNC-FPGA/Vitis3/CNC-FPGA-PLATFORM/hw/CNC_FPGA_HW.xsa
TRACE::2026-03-31.00:24:03::SCWPlatform::DSA absoulate path E:/Git-Repos/CNC-FPGA/Vitis3/CNC-FPGA-PLATFORM/hw/CNC_FPGA_HW.xsa
TRACE::2026-03-31.00:24:03::SCWPlatform::DSA directory E:/Git-Repos/CNC-FPGA/Vitis3/CNC-FPGA-PLATFORM/hw
TRACE::2026-03-31.00:24:03::SCWPlatform:: Platform Path E:/Git-Repos/CNC-FPGA/Vitis3/CNC-FPGA-PLATFORM/hw/CNC_FPGA_HW.xsa
TRACE::2026-03-31.00:24:03::SCWPlatform:: Unique name xilinx:zedboard::0.0
TRACE::2026-03-31.00:24:03::SCWPlatform::Trying to set the existing hwdb with name CNC_Top_wrapper_1
TRACE::2026-03-31.00:24:03::SCWPlatform::Opened existing hwdb CNC_Top_wrapper_1
TRACE::2026-03-31.00:24:03::SCWPlatform::Found the Hw Db part of the input DSA
TRACE::2026-03-31.00:24:03::SCWMssOS::Checking the sw design at  E:/Git-Repos/CNC-FPGA/Vitis3/CNC-FPGA-PLATFORM/ps7_cortexa9_0/standalone_domain/bsp/system.mss
TRACE::2026-03-31.00:24:03::SCWMssOS::DEBUG:  swdes dump  E:/Git-Repos/CNC-FPGA/Vitis3/CNC-FPGA-FINAL-RELEASE/ps7_cortexa9_0/standalone_domain/bsp/system.mss|system_0||
E:/Git-Repos/CNC-FPGA/Vitis3/CNC-FPGA-FINAL-RELEASE/zynq_fsbl/zynq_fsbl_bsp/system.mss|system||
E:/Git-Repos/CNC-FPGA/Vitis3/CNC-FPGA-PLATFORM/ps7_cortexa9_0/standalone_domain/bsp/system.mss|system_2||
E:/Git-Repos/CNC-FPGA/Vitis3/CNC-FPGA-PLATFORM/zynq_fsbl/zynq_fsbl_bsp/system.mss|system_1||

TRACE::2026-03-31.00:24:03::SCWMssOS::Sw design exists and opened at  E:/Git-Repos/CNC-FPGA/Vitis3/CNC-FPGA-PLATFORM/ps7_cortexa9_0/standalone_domain/bsp/system.mss
TRACE::2026-03-31.00:24:03::SCWPlatform::Trying to open the hw design at E:/Git-Repos/CNC-FPGA/Vitis3/CNC-FPGA-PLATFORM/hw/CNC_FPGA_HW.xsa
TRACE::2026-03-31.00:24:03::SCWPlatform::DSA given E:/Git-Repos/CNC-FPGA/Vitis3/CNC-FPGA-PLATFORM/hw/CNC_FPGA_HW.xsa
TRACE::2026-03-31.00:24:03::SCWPlatform::DSA absoulate path E:/Git-Repos/CNC-FPGA/Vitis3/CNC-FPGA-PLATFORM/hw/CNC_FPGA_HW.xsa
TRACE::2026-03-31.00:24:03::SCWPlatform::DSA directory E:/Git-Repos/CNC-FPGA/Vitis3/CNC-FPGA-PLATFORM/hw
TRACE::2026-03-31.00:24:03::SCWPlatform:: Platform Path E:/Git-Repos/CNC-FPGA/Vitis3/CNC-FPGA-PLATFORM/hw/CNC_FPGA_HW.xsa
TRACE::2026-03-31.00:24:03::SCWPlatform:: Unique name xilinx:zedboard::0.0
TRACE::2026-03-31.00:24:03::SCWPlatform::Trying to set the existing hwdb with name CNC_Top_wrapper_1
TRACE::2026-03-31.00:24:03::SCWPlatform::Opened existing hwdb CNC_Top_wrapper_1
TRACE::2026-03-31.00:24:03::SCWPlatform::Found the Hw Db part of the input DSA
TRACE::2026-03-31.00:24:03::SCWMssOS::Checking the sw design at  E:/Git-Repos/CNC-FPGA/Vitis3/CNC-FPGA-PLATFORM/ps7_cortexa9_0/standalone_domain/bsp/system.mss
TRACE::2026-03-31.00:24:03::SCWMssOS::DEBUG:  swdes dump  E:/Git-Repos/CNC-FPGA/Vitis3/CNC-FPGA-FINAL-RELEASE/ps7_cortexa9_0/standalone_domain/bsp/system.mss|system_0||
E:/Git-Repos/CNC-FPGA/Vitis3/CNC-FPGA-FINAL-RELEASE/zynq_fsbl/zynq_fsbl_bsp/system.mss|system||
E:/Git-Repos/CNC-FPGA/Vitis3/CNC-FPGA-PLATFORM/ps7_cortexa9_0/standalone_domain/bsp/system.mss|system_2||
E:/Git-Repos/CNC-FPGA/Vitis3/CNC-FPGA-PLATFORM/zynq_fsbl/zynq_fsbl_bsp/system.mss|system_1||

TRACE::2026-03-31.00:24:03::SCWMssOS::Sw design exists and opened at  E:/Git-Repos/CNC-FPGA/Vitis3/CNC-FPGA-PLATFORM/ps7_cortexa9_0/standalone_domain/bsp/system.mss
TRACE::2026-03-31.00:24:03::SCWWriter::formatted JSON is {
	"platformName":	"CNC-FPGA-PLATFORM",
	"sprVersion":	"2.0",
	"mode":	"gui",
	"dsaType":	"Fixed",
	"platformDesc":	"CNC-FPGA-PLATFORM",
	"platHandOff":	"E:/Git-Repos/CNC-FPGA/Zedboard-CNC/CNC_FPGA_HW.xsa",
	"platIntHandOff":	"<platformDir>/hw/CNC_FPGA_HW.xsa",
	"deviceType":	"zynq",
	"platIsPrebuiltAutogen":	"false",
	"platIsNoBootBsp":	"false",
	"platFsblTarget":	"ps7_cortexa9_0",
	"hasFsblMakeHasChanges":	"false",
	"hasPmufwMakeHasChanges":	"false",
	"fsblExtraCompilerFlags":	"-MMD -MP       -mcpu=cortex-a9 -mfpu=vfpv3 -mfloat-abi=hard ",
	"platPreBuiltFlag":	false,
	"platformSamplesDir":	"",
	"platActiveSys":	"CNC-FPGA-PLATFORM",
	"systems":	[{
			"systemName":	"CNC-FPGA-PLATFORM",
			"systemDesc":	"CNC-FPGA-PLATFORM",
			"sysIsBootAutoGen":	"true",
			"systemDispName":	"CNC-FPGA-PLATFORM",
			"sysActiveDom":	"standalone_domain",
			"sysDefaultDom":	"standalone_domain",
			"domains":	[{
					"domainName":	"zynq_fsbl",
					"domainDispName":	"zynq_fsbl",
					"domainDesc":	"FSBL Application BSP - Auto Generated.",
					"processors":	"ps7_cortexa9_0",
					"os":	"standalone",
					"sdxOs":	"standalone",
					"debugEnable":	"",
					"domRuntimes":	["cpp"],
					"swRepo":	"",
					"mssOsVer":	"9.2",
					"mssFile":	"",
					"md5Digest":	"822b05f43d93911360d956bc0e0ec2b0",
					"compatibleApp":	"zynq_fsbl",
					"domType":	"bootDomain",
					"arch":	"32-bit",
					"appSettings":	{
						"appCompilerFlags":	"",
						"appLinkerFlags":	""
					},
					"addedLibs":	["xilffs:5.3", "xilrsa:1.8"],
					"libOptions":	{
						"libsContainingOptions":	[]
					},
					"prebuiltLibs":	{
						"prebuiltIncPath":	[],
						"prebuiltLibPath":	[]
					},
					"isolation":	{
					}
				}, {
					"domainName":	"standalone_domain",
					"domainDispName":	"standalone_domain",
					"domainDesc":	"standalone_domain",
					"processors":	"ps7_cortexa9_0",
					"os":	"standalone",
					"sdxOs":	"standalone",
					"qemuArgs":	"<platformDir>/resources/CNC-FPGA-PLATFORM/standalone_domain/qemu_args.txt",
					"qemuData":	"<platformDir>/resources/CNC-FPGA-PLATFORM/standalone_domain/qemu",
					"debugEnable":	"False",
					"domRuntimes":	["cpp"],
					"swRepo":	"",
					"mssOsVer":	"9.2",
					"mssFile":	"",
					"md5Digest":	"4bf099da2fb427a9388a4e43114e5a42",
					"compatibleApp":	"",
					"domType":	"mssDomain",
					"appSettings":	{
						"appCompilerFlags":	"",
						"appLinkerFlags":	""
					},
					"addedLibs":	[],
					"libOptions":	{
						"libsContainingOptions":	[]
					},
					"prebuiltLibs":	{
						"prebuiltIncPath":	[],
						"prebuiltLibPath":	[]
					},
					"isolation":	{
					}
				}]
		}]
}
TRACE::2026-03-31.00:24:03::SCWPlatform::Trying to open the hw design at E:/Git-Repos/CNC-FPGA/Vitis3/CNC-FPGA-PLATFORM/hw/CNC_FPGA_HW.xsa
TRACE::2026-03-31.00:24:03::SCWPlatform::DSA given E:/Git-Repos/CNC-FPGA/Vitis3/CNC-FPGA-PLATFORM/hw/CNC_FPGA_HW.xsa
TRACE::2026-03-31.00:24:03::SCWPlatform::DSA absoulate path E:/Git-Repos/CNC-FPGA/Vitis3/CNC-FPGA-PLATFORM/hw/CNC_FPGA_HW.xsa
TRACE::2026-03-31.00:24:03::SCWPlatform::DSA directory E:/Git-Repos/CNC-FPGA/Vitis3/CNC-FPGA-PLATFORM/hw
TRACE::2026-03-31.00:24:03::SCWPlatform:: Platform Path E:/Git-Repos/CNC-FPGA/Vitis3/CNC-FPGA-PLATFORM/hw/CNC_FPGA_HW.xsa
TRACE::2026-03-31.00:24:03::SCWPlatform:: Unique name xilinx:zedboard::0.0
TRACE::2026-03-31.00:24:03::SCWPlatform::Trying to set the existing hwdb with name CNC_Top_wrapper_1
TRACE::2026-03-31.00:24:03::SCWPlatform::Opened existing hwdb CNC_Top_wrapper_1
TRACE::2026-03-31.00:24:03::SCWPlatform::Found the Hw Db part of the input DSA
TRACE::2026-03-31.00:24:03::SCWMssOS::Checking the sw design at  E:/Git-Repos/CNC-FPGA/Vitis3/CNC-FPGA-PLATFORM/ps7_cortexa9_0/standalone_domain/bsp/system.mss
TRACE::2026-03-31.00:24:03::SCWMssOS::DEBUG:  swdes dump  E:/Git-Repos/CNC-FPGA/Vitis3/CNC-FPGA-FINAL-RELEASE/ps7_cortexa9_0/standalone_domain/bsp/system.mss|system_0||
E:/Git-Repos/CNC-FPGA/Vitis3/CNC-FPGA-FINAL-RELEASE/zynq_fsbl/zynq_fsbl_bsp/system.mss|system||
E:/Git-Repos/CNC-FPGA/Vitis3/CNC-FPGA-PLATFORM/ps7_cortexa9_0/standalone_domain/bsp/system.mss|system_2||
E:/Git-Repos/CNC-FPGA/Vitis3/CNC-FPGA-PLATFORM/zynq_fsbl/zynq_fsbl_bsp/system.mss|system_1||

TRACE::2026-03-31.00:24:03::SCWMssOS::Sw design exists and opened at  E:/Git-Repos/CNC-FPGA/Vitis3/CNC-FPGA-PLATFORM/ps7_cortexa9_0/standalone_domain/bsp/system.mss
TRACE::2026-03-31.00:24:03::SCWPlatform::Trying to open the hw design at E:/Git-Repos/CNC-FPGA/Vitis3/CNC-FPGA-PLATFORM/hw/CNC_FPGA_HW.xsa
TRACE::2026-03-31.00:24:03::SCWPlatform::DSA given E:/Git-Repos/CNC-FPGA/Vitis3/CNC-FPGA-PLATFORM/hw/CNC_FPGA_HW.xsa
TRACE::2026-03-31.00:24:03::SCWPlatform::DSA absoulate path E:/Git-Repos/CNC-FPGA/Vitis3/CNC-FPGA-PLATFORM/hw/CNC_FPGA_HW.xsa
TRACE::2026-03-31.00:24:03::SCWPlatform::DSA directory E:/Git-Repos/CNC-FPGA/Vitis3/CNC-FPGA-PLATFORM/hw
TRACE::2026-03-31.00:24:03::SCWPlatform:: Platform Path E:/Git-Repos/CNC-FPGA/Vitis3/CNC-FPGA-PLATFORM/hw/CNC_FPGA_HW.xsa
TRACE::2026-03-31.00:24:03::SCWPlatform:: Unique name xilinx:zedboard::0.0
TRACE::2026-03-31.00:24:03::SCWPlatform::Trying to set the existing hwdb with name CNC_Top_wrapper_1
TRACE::2026-03-31.00:24:03::SCWPlatform::Opened existing hwdb CNC_Top_wrapper_1
TRACE::2026-03-31.00:24:03::SCWPlatform::Found the Hw Db part of the input DSA
TRACE::2026-03-31.00:24:03::SCWMssOS::Checking the sw design at  E:/Git-Repos/CNC-FPGA/Vitis3/CNC-FPGA-PLATFORM/ps7_cortexa9_0/standalone_domain/bsp/system.mss
TRACE::2026-03-31.00:24:03::SCWMssOS::DEBUG:  swdes dump  E:/Git-Repos/CNC-FPGA/Vitis3/CNC-FPGA-FINAL-RELEASE/ps7_cortexa9_0/standalone_domain/bsp/system.mss|system_0||
E:/Git-Repos/CNC-FPGA/Vitis3/CNC-FPGA-FINAL-RELEASE/zynq_fsbl/zynq_fsbl_bsp/system.mss|system||
E:/Git-Repos/CNC-FPGA/Vitis3/CNC-FPGA-PLATFORM/ps7_cortexa9_0/standalone_domain/bsp/system.mss|system_2||
E:/Git-Repos/CNC-FPGA/Vitis3/CNC-FPGA-PLATFORM/zynq_fsbl/zynq_fsbl_bsp/system.mss|system_1||

TRACE::2026-03-31.00:24:03::SCWMssOS::Sw design exists and opened at  E:/Git-Repos/CNC-FPGA/Vitis3/CNC-FPGA-PLATFORM/ps7_cortexa9_0/standalone_domain/bsp/system.mss
TRACE::2026-03-31.00:24:03::SCWPlatform::Trying to open the hw design at E:/Git-Repos/CNC-FPGA/Vitis3/CNC-FPGA-PLATFORM/hw/CNC_FPGA_HW.xsa
TRACE::2026-03-31.00:24:03::SCWPlatform::DSA given E:/Git-Repos/CNC-FPGA/Vitis3/CNC-FPGA-PLATFORM/hw/CNC_FPGA_HW.xsa
TRACE::2026-03-31.00:24:03::SCWPlatform::DSA absoulate path E:/Git-Repos/CNC-FPGA/Vitis3/CNC-FPGA-PLATFORM/hw/CNC_FPGA_HW.xsa
TRACE::2026-03-31.00:24:03::SCWPlatform::DSA directory E:/Git-Repos/CNC-FPGA/Vitis3/CNC-FPGA-PLATFORM/hw
TRACE::2026-03-31.00:24:03::SCWPlatform:: Platform Path E:/Git-Repos/CNC-FPGA/Vitis3/CNC-FPGA-PLATFORM/hw/CNC_FPGA_HW.xsa
TRACE::2026-03-31.00:24:03::SCWPlatform:: Unique name xilinx:zedboard::0.0
TRACE::2026-03-31.00:24:03::SCWPlatform::Trying to set the existing hwdb with name CNC_Top_wrapper_1
TRACE::2026-03-31.00:24:03::SCWPlatform::Opened existing hwdb CNC_Top_wrapper_1
TRACE::2026-03-31.00:24:03::SCWPlatform::Found the Hw Db part of the input DSA
TRACE::2026-03-31.00:24:03::SCWMssOS::Checking the sw design at  E:/Git-Repos/CNC-FPGA/Vitis3/CNC-FPGA-PLATFORM/ps7_cortexa9_0/standalone_domain/bsp/system.mss
TRACE::2026-03-31.00:24:03::SCWMssOS::DEBUG:  swdes dump  E:/Git-Repos/CNC-FPGA/Vitis3/CNC-FPGA-FINAL-RELEASE/ps7_cortexa9_0/standalone_domain/bsp/system.mss|system_0||
E:/Git-Repos/CNC-FPGA/Vitis3/CNC-FPGA-FINAL-RELEASE/zynq_fsbl/zynq_fsbl_bsp/system.mss|system||
E:/Git-Repos/CNC-FPGA/Vitis3/CNC-FPGA-PLATFORM/ps7_cortexa9_0/standalone_domain/bsp/system.mss|system_2||
E:/Git-Repos/CNC-FPGA/Vitis3/CNC-FPGA-PLATFORM/zynq_fsbl/zynq_fsbl_bsp/system.mss|system_1||

TRACE::2026-03-31.00:24:03::SCWMssOS::Sw design exists and opened at  E:/Git-Repos/CNC-FPGA/Vitis3/CNC-FPGA-PLATFORM/ps7_cortexa9_0/standalone_domain/bsp/system.mss
TRACE::2026-03-31.00:24:03::SCWMssOS::Saving the mss changes E:/Git-Repos/CNC-FPGA/Vitis3/CNC-FPGA-PLATFORM/zynq_fsbl/zynq_fsbl_bsp/system.mss
TRACE::2026-03-31.00:24:03::SCWMssOS::Found a swdesign opened with the mssfile.
TRACE::2026-03-31.00:24:03::SCWMssOS::Completed writemss as part of save.
TRACE::2026-03-31.00:24:03::SCWMssOS::Commit changes completed.
TRACE::2026-03-31.00:24:03::SCWMssOS::Saving the mss changes E:/Git-Repos/CNC-FPGA/Vitis3/CNC-FPGA-PLATFORM/ps7_cortexa9_0/standalone_domain/bsp/system.mss
TRACE::2026-03-31.00:24:03::SCWMssOS::Found a swdesign opened with the mssfile.
TRACE::2026-03-31.00:24:03::SCWMssOS::Completed writemss as part of save.
TRACE::2026-03-31.00:24:03::SCWMssOS::Commit changes completed.
TRACE::2026-03-31.00:24:03::SCWPlatform::Trying to open the hw design at E:/Git-Repos/CNC-FPGA/Vitis3/CNC-FPGA-PLATFORM/hw/CNC_FPGA_HW.xsa
TRACE::2026-03-31.00:24:03::SCWPlatform::DSA given E:/Git-Repos/CNC-FPGA/Vitis3/CNC-FPGA-PLATFORM/hw/CNC_FPGA_HW.xsa
TRACE::2026-03-31.00:24:03::SCWPlatform::DSA absoulate path E:/Git-Repos/CNC-FPGA/Vitis3/CNC-FPGA-PLATFORM/hw/CNC_FPGA_HW.xsa
TRACE::2026-03-31.00:24:03::SCWPlatform::DSA directory E:/Git-Repos/CNC-FPGA/Vitis3/CNC-FPGA-PLATFORM/hw
TRACE::2026-03-31.00:24:03::SCWPlatform:: Platform Path E:/Git-Repos/CNC-FPGA/Vitis3/CNC-FPGA-PLATFORM/hw/CNC_FPGA_HW.xsa
TRACE::2026-03-31.00:24:03::SCWPlatform:: Unique name xilinx:zedboard::0.0
TRACE::2026-03-31.00:24:03::SCWPlatform::Trying to set the existing hwdb with name CNC_Top_wrapper_1
TRACE::2026-03-31.00:24:03::SCWPlatform::Opened existing hwdb CNC_Top_wrapper_1
TRACE::2026-03-31.00:24:03::SCWPlatform::Found the Hw Db part of the input DSA
TRACE::2026-03-31.00:24:03::SCWMssOS::Checking the sw design at  E:/Git-Repos/CNC-FPGA/Vitis3/CNC-FPGA-PLATFORM/zynq_fsbl/zynq_fsbl_bsp/system.mss
TRACE::2026-03-31.00:24:03::SCWMssOS::DEBUG:  swdes dump  E:/Git-Repos/CNC-FPGA/Vitis3/CNC-FPGA-FINAL-RELEASE/ps7_cortexa9_0/standalone_domain/bsp/system.mss|system_0||
E:/Git-Repos/CNC-FPGA/Vitis3/CNC-FPGA-FINAL-RELEASE/zynq_fsbl/zynq_fsbl_bsp/system.mss|system||
E:/Git-Repos/CNC-FPGA/Vitis3/CNC-FPGA-PLATFORM/ps7_cortexa9_0/standalone_domain/bsp/system.mss|system_2||
E:/Git-Repos/CNC-FPGA/Vitis3/CNC-FPGA-PLATFORM/zynq_fsbl/zynq_fsbl_bsp/system.mss|system_1||

TRACE::2026-03-31.00:24:03::SCWMssOS::Sw design exists and opened at  E:/Git-Repos/CNC-FPGA/Vitis3/CNC-FPGA-PLATFORM/zynq_fsbl/zynq_fsbl_bsp/system.mss
TRACE::2026-03-31.00:24:03::SCWPlatform::Trying to open the hw design at E:/Git-Repos/CNC-FPGA/Vitis3/CNC-FPGA-PLATFORM/hw/CNC_FPGA_HW.xsa
TRACE::2026-03-31.00:24:03::SCWPlatform::DSA given E:/Git-Repos/CNC-FPGA/Vitis3/CNC-FPGA-PLATFORM/hw/CNC_FPGA_HW.xsa
TRACE::2026-03-31.00:24:03::SCWPlatform::DSA absoulate path E:/Git-Repos/CNC-FPGA/Vitis3/CNC-FPGA-PLATFORM/hw/CNC_FPGA_HW.xsa
TRACE::2026-03-31.00:24:03::SCWPlatform::DSA directory E:/Git-Repos/CNC-FPGA/Vitis3/CNC-FPGA-PLATFORM/hw
TRACE::2026-03-31.00:24:03::SCWPlatform:: Platform Path E:/Git-Repos/CNC-FPGA/Vitis3/CNC-FPGA-PLATFORM/hw/CNC_FPGA_HW.xsa
TRACE::2026-03-31.00:24:03::SCWPlatform:: Unique name xilinx:zedboard::0.0
TRACE::2026-03-31.00:24:03::SCWPlatform::Trying to set the existing hwdb with name CNC_Top_wrapper_1
TRACE::2026-03-31.00:24:03::SCWPlatform::Opened existing hwdb CNC_Top_wrapper_1
TRACE::2026-03-31.00:24:03::SCWPlatform::Found the Hw Db part of the input DSA
TRACE::2026-03-31.00:24:03::SCWMssOS::Checking the sw design at  E:/Git-Repos/CNC-FPGA/Vitis3/CNC-FPGA-PLATFORM/zynq_fsbl/zynq_fsbl_bsp/system.mss
TRACE::2026-03-31.00:24:03::SCWMssOS::DEBUG:  swdes dump  E:/Git-Repos/CNC-FPGA/Vitis3/CNC-FPGA-FINAL-RELEASE/ps7_cortexa9_0/standalone_domain/bsp/system.mss|system_0||
E:/Git-Repos/CNC-FPGA/Vitis3/CNC-FPGA-FINAL-RELEASE/zynq_fsbl/zynq_fsbl_bsp/system.mss|system||
E:/Git-Repos/CNC-FPGA/Vitis3/CNC-FPGA-PLATFORM/ps7_cortexa9_0/standalone_domain/bsp/system.mss|system_2||
E:/Git-Repos/CNC-FPGA/Vitis3/CNC-FPGA-PLATFORM/zynq_fsbl/zynq_fsbl_bsp/system.mss|system_1||

TRACE::2026-03-31.00:24:03::SCWMssOS::Sw design exists and opened at  E:/Git-Repos/CNC-FPGA/Vitis3/CNC-FPGA-PLATFORM/zynq_fsbl/zynq_fsbl_bsp/system.mss
TRACE::2026-03-31.00:24:03::SCWPlatform::Trying to open the hw design at E:/Git-Repos/CNC-FPGA/Vitis3/CNC-FPGA-PLATFORM/hw/CNC_FPGA_HW.xsa
TRACE::2026-03-31.00:24:03::SCWPlatform::DSA given E:/Git-Repos/CNC-FPGA/Vitis3/CNC-FPGA-PLATFORM/hw/CNC_FPGA_HW.xsa
TRACE::2026-03-31.00:24:03::SCWPlatform::DSA absoulate path E:/Git-Repos/CNC-FPGA/Vitis3/CNC-FPGA-PLATFORM/hw/CNC_FPGA_HW.xsa
TRACE::2026-03-31.00:24:03::SCWPlatform::DSA directory E:/Git-Repos/CNC-FPGA/Vitis3/CNC-FPGA-PLATFORM/hw
TRACE::2026-03-31.00:24:03::SCWPlatform:: Platform Path E:/Git-Repos/CNC-FPGA/Vitis3/CNC-FPGA-PLATFORM/hw/CNC_FPGA_HW.xsa
TRACE::2026-03-31.00:24:03::SCWPlatform:: Unique name xilinx:zedboard::0.0
TRACE::2026-03-31.00:24:03::SCWPlatform::Trying to set the existing hwdb with name CNC_Top_wrapper_1
TRACE::2026-03-31.00:24:03::SCWPlatform::Opened existing hwdb CNC_Top_wrapper_1
TRACE::2026-03-31.00:24:03::SCWPlatform::Found the Hw Db part of the input DSA
TRACE::2026-03-31.00:24:03::SCWMssOS::Checking the sw design at  E:/Git-Repos/CNC-FPGA/Vitis3/CNC-FPGA-PLATFORM/zynq_fsbl/zynq_fsbl_bsp/system.mss
TRACE::2026-03-31.00:24:03::SCWMssOS::DEBUG:  swdes dump  E:/Git-Repos/CNC-FPGA/Vitis3/CNC-FPGA-FINAL-RELEASE/ps7_cortexa9_0/standalone_domain/bsp/system.mss|system_0||
E:/Git-Repos/CNC-FPGA/Vitis3/CNC-FPGA-FINAL-RELEASE/zynq_fsbl/zynq_fsbl_bsp/system.mss|system||
E:/Git-Repos/CNC-FPGA/Vitis3/CNC-FPGA-PLATFORM/ps7_cortexa9_0/standalone_domain/bsp/system.mss|system_2||
E:/Git-Repos/CNC-FPGA/Vitis3/CNC-FPGA-PLATFORM/zynq_fsbl/zynq_fsbl_bsp/system.mss|system_1||

TRACE::2026-03-31.00:24:03::SCWMssOS::Sw design exists and opened at  E:/Git-Repos/CNC-FPGA/Vitis3/CNC-FPGA-PLATFORM/zynq_fsbl/zynq_fsbl_bsp/system.mss
TRACE::2026-03-31.00:24:03::SCWPlatform::Trying to open the hw design at E:/Git-Repos/CNC-FPGA/Vitis3/CNC-FPGA-PLATFORM/hw/CNC_FPGA_HW.xsa
TRACE::2026-03-31.00:24:03::SCWPlatform::DSA given E:/Git-Repos/CNC-FPGA/Vitis3/CNC-FPGA-PLATFORM/hw/CNC_FPGA_HW.xsa
TRACE::2026-03-31.00:24:03::SCWPlatform::DSA absoulate path E:/Git-Repos/CNC-FPGA/Vitis3/CNC-FPGA-PLATFORM/hw/CNC_FPGA_HW.xsa
TRACE::2026-03-31.00:24:03::SCWPlatform::DSA directory E:/Git-Repos/CNC-FPGA/Vitis3/CNC-FPGA-PLATFORM/hw
TRACE::2026-03-31.00:24:03::SCWPlatform:: Platform Path E:/Git-Repos/CNC-FPGA/Vitis3/CNC-FPGA-PLATFORM/hw/CNC_FPGA_HW.xsa
TRACE::2026-03-31.00:24:03::SCWPlatform:: Unique name xilinx:zedboard::0.0
TRACE::2026-03-31.00:24:03::SCWPlatform::Trying to set the existing hwdb with name CNC_Top_wrapper_1
TRACE::2026-03-31.00:24:03::SCWPlatform::Opened existing hwdb CNC_Top_wrapper_1
TRACE::2026-03-31.00:24:03::SCWPlatform::Found the Hw Db part of the input DSA
TRACE::2026-03-31.00:24:03::SCWMssOS::Checking the sw design at  E:/Git-Repos/CNC-FPGA/Vitis3/CNC-FPGA-PLATFORM/ps7_cortexa9_0/standalone_domain/bsp/system.mss
TRACE::2026-03-31.00:24:03::SCWMssOS::DEBUG:  swdes dump  E:/Git-Repos/CNC-FPGA/Vitis3/CNC-FPGA-FINAL-RELEASE/ps7_cortexa9_0/standalone_domain/bsp/system.mss|system_0||
E:/Git-Repos/CNC-FPGA/Vitis3/CNC-FPGA-FINAL-RELEASE/zynq_fsbl/zynq_fsbl_bsp/system.mss|system||
E:/Git-Repos/CNC-FPGA/Vitis3/CNC-FPGA-PLATFORM/ps7_cortexa9_0/standalone_domain/bsp/system.mss|system_2||
E:/Git-Repos/CNC-FPGA/Vitis3/CNC-FPGA-PLATFORM/zynq_fsbl/zynq_fsbl_bsp/system.mss|system_1||

TRACE::2026-03-31.00:24:03::SCWMssOS::Sw design exists and opened at  E:/Git-Repos/CNC-FPGA/Vitis3/CNC-FPGA-PLATFORM/ps7_cortexa9_0/standalone_domain/bsp/system.mss
TRACE::2026-03-31.00:24:03::SCWPlatform::Trying to open the hw design at E:/Git-Repos/CNC-FPGA/Vitis3/CNC-FPGA-PLATFORM/hw/CNC_FPGA_HW.xsa
TRACE::2026-03-31.00:24:03::SCWPlatform::DSA given E:/Git-Repos/CNC-FPGA/Vitis3/CNC-FPGA-PLATFORM/hw/CNC_FPGA_HW.xsa
TRACE::2026-03-31.00:24:03::SCWPlatform::DSA absoulate path E:/Git-Repos/CNC-FPGA/Vitis3/CNC-FPGA-PLATFORM/hw/CNC_FPGA_HW.xsa
TRACE::2026-03-31.00:24:03::SCWPlatform::DSA directory E:/Git-Repos/CNC-FPGA/Vitis3/CNC-FPGA-PLATFORM/hw
TRACE::2026-03-31.00:24:03::SCWPlatform:: Platform Path E:/Git-Repos/CNC-FPGA/Vitis3/CNC-FPGA-PLATFORM/hw/CNC_FPGA_HW.xsa
TRACE::2026-03-31.00:24:03::SCWPlatform:: Unique name xilinx:zedboard::0.0
TRACE::2026-03-31.00:24:03::SCWPlatform::Trying to set the existing hwdb with name CNC_Top_wrapper_1
TRACE::2026-03-31.00:24:03::SCWPlatform::Opened existing hwdb CNC_Top_wrapper_1
TRACE::2026-03-31.00:24:03::SCWPlatform::Found the Hw Db part of the input DSA
TRACE::2026-03-31.00:24:03::SCWMssOS::Checking the sw design at  E:/Git-Repos/CNC-FPGA/Vitis3/CNC-FPGA-PLATFORM/ps7_cortexa9_0/standalone_domain/bsp/system.mss
TRACE::2026-03-31.00:24:03::SCWMssOS::DEBUG:  swdes dump  E:/Git-Repos/CNC-FPGA/Vitis3/CNC-FPGA-FINAL-RELEASE/ps7_cortexa9_0/standalone_domain/bsp/system.mss|system_0||
E:/Git-Repos/CNC-FPGA/Vitis3/CNC-FPGA-FINAL-RELEASE/zynq_fsbl/zynq_fsbl_bsp/system.mss|system||
E:/Git-Repos/CNC-FPGA/Vitis3/CNC-FPGA-PLATFORM/ps7_cortexa9_0/standalone_domain/bsp/system.mss|system_2||
E:/Git-Repos/CNC-FPGA/Vitis3/CNC-FPGA-PLATFORM/zynq_fsbl/zynq_fsbl_bsp/system.mss|system_1||

TRACE::2026-03-31.00:24:03::SCWMssOS::Sw design exists and opened at  E:/Git-Repos/CNC-FPGA/Vitis3/CNC-FPGA-PLATFORM/ps7_cortexa9_0/standalone_domain/bsp/system.mss
TRACE::2026-03-31.00:24:03::SCWPlatform::Trying to open the hw design at E:/Git-Repos/CNC-FPGA/Vitis3/CNC-FPGA-PLATFORM/hw/CNC_FPGA_HW.xsa
TRACE::2026-03-31.00:24:03::SCWPlatform::DSA given E:/Git-Repos/CNC-FPGA/Vitis3/CNC-FPGA-PLATFORM/hw/CNC_FPGA_HW.xsa
TRACE::2026-03-31.00:24:03::SCWPlatform::DSA absoulate path E:/Git-Repos/CNC-FPGA/Vitis3/CNC-FPGA-PLATFORM/hw/CNC_FPGA_HW.xsa
TRACE::2026-03-31.00:24:03::SCWPlatform::DSA directory E:/Git-Repos/CNC-FPGA/Vitis3/CNC-FPGA-PLATFORM/hw
TRACE::2026-03-31.00:24:03::SCWPlatform:: Platform Path E:/Git-Repos/CNC-FPGA/Vitis3/CNC-FPGA-PLATFORM/hw/CNC_FPGA_HW.xsa
TRACE::2026-03-31.00:24:03::SCWPlatform:: Unique name xilinx:zedboard::0.0
TRACE::2026-03-31.00:24:03::SCWPlatform::Trying to set the existing hwdb with name CNC_Top_wrapper_1
TRACE::2026-03-31.00:24:03::SCWPlatform::Opened existing hwdb CNC_Top_wrapper_1
TRACE::2026-03-31.00:24:03::SCWPlatform::Found the Hw Db part of the input DSA
TRACE::2026-03-31.00:24:03::SCWMssOS::Checking the sw design at  E:/Git-Repos/CNC-FPGA/Vitis3/CNC-FPGA-PLATFORM/ps7_cortexa9_0/standalone_domain/bsp/system.mss
TRACE::2026-03-31.00:24:03::SCWMssOS::DEBUG:  swdes dump  E:/Git-Repos/CNC-FPGA/Vitis3/CNC-FPGA-FINAL-RELEASE/ps7_cortexa9_0/standalone_domain/bsp/system.mss|system_0||
E:/Git-Repos/CNC-FPGA/Vitis3/CNC-FPGA-FINAL-RELEASE/zynq_fsbl/zynq_fsbl_bsp/system.mss|system||
E:/Git-Repos/CNC-FPGA/Vitis3/CNC-FPGA-PLATFORM/ps7_cortexa9_0/standalone_domain/bsp/system.mss|system_2||
E:/Git-Repos/CNC-FPGA/Vitis3/CNC-FPGA-PLATFORM/zynq_fsbl/zynq_fsbl_bsp/system.mss|system_1||

TRACE::2026-03-31.00:24:03::SCWMssOS::Sw design exists and opened at  E:/Git-Repos/CNC-FPGA/Vitis3/CNC-FPGA-PLATFORM/ps7_cortexa9_0/standalone_domain/bsp/system.mss
TRACE::2026-03-31.00:24:03::SCWWriter::formatted JSON is {
	"platformName":	"CNC-FPGA-PLATFORM",
	"sprVersion":	"2.0",
	"mode":	"gui",
	"dsaType":	"Fixed",
	"platformDesc":	"CNC-FPGA-PLATFORM",
	"platHandOff":	"E:/Git-Repos/CNC-FPGA/Zedboard-CNC/CNC_FPGA_HW.xsa",
	"platIntHandOff":	"<platformDir>/hw/CNC_FPGA_HW.xsa",
	"deviceType":	"zynq",
	"platIsPrebuiltAutogen":	"false",
	"platIsNoBootBsp":	"false",
	"platFsblTarget":	"ps7_cortexa9_0",
	"hasFsblMakeHasChanges":	"false",
	"hasPmufwMakeHasChanges":	"false",
	"fsblExtraCompilerFlags":	"-MMD -MP       -mcpu=cortex-a9 -mfpu=vfpv3 -mfloat-abi=hard ",
	"platPreBuiltFlag":	false,
	"platformSamplesDir":	"",
	"platActiveSys":	"CNC-FPGA-PLATFORM",
	"systems":	[{
			"systemName":	"CNC-FPGA-PLATFORM",
			"systemDesc":	"CNC-FPGA-PLATFORM",
			"sysIsBootAutoGen":	"true",
			"systemDispName":	"CNC-FPGA-PLATFORM",
			"sysActiveDom":	"standalone_domain",
			"sysDefaultDom":	"standalone_domain",
			"domains":	[{
					"domainName":	"zynq_fsbl",
					"domainDispName":	"zynq_fsbl",
					"domainDesc":	"FSBL Application BSP - Auto Generated.",
					"processors":	"ps7_cortexa9_0",
					"os":	"standalone",
					"sdxOs":	"standalone",
					"debugEnable":	"",
					"domRuntimes":	["cpp"],
					"swRepo":	"",
					"mssOsVer":	"9.2",
					"mssFile":	"",
					"md5Digest":	"822b05f43d93911360d956bc0e0ec2b0",
					"compatibleApp":	"zynq_fsbl",
					"domType":	"bootDomain",
					"arch":	"32-bit",
					"appSettings":	{
						"appCompilerFlags":	"",
						"appLinkerFlags":	""
					},
					"addedLibs":	["xilffs:5.3", "xilrsa:1.8"],
					"libOptions":	{
						"libsContainingOptions":	[]
					},
					"prebuiltLibs":	{
						"prebuiltIncPath":	[],
						"prebuiltLibPath":	[]
					},
					"isolation":	{
					}
				}, {
					"domainName":	"standalone_domain",
					"domainDispName":	"standalone on ps7_cortexa9_0",
					"domainDesc":	"standalone_domain",
					"processors":	"ps7_cortexa9_0",
					"os":	"standalone",
					"sdxOs":	"standalone",
					"qemuArgs":	"<platformDir>/resources/CNC-FPGA-PLATFORM/standalone_domain/qemu_args.txt",
					"qemuData":	"<platformDir>/resources/CNC-FPGA-PLATFORM/standalone_domain/qemu",
					"debugEnable":	"False",
					"domRuntimes":	["cpp"],
					"swRepo":	"",
					"mssOsVer":	"9.2",
					"mssFile":	"",
					"md5Digest":	"4bf099da2fb427a9388a4e43114e5a42",
					"compatibleApp":	"",
					"domType":	"mssDomain",
					"appSettings":	{
						"appCompilerFlags":	"",
						"appLinkerFlags":	""
					},
					"addedLibs":	[],
					"libOptions":	{
						"libsContainingOptions":	[]
					},
					"prebuiltLibs":	{
						"prebuiltIncPath":	[],
						"prebuiltLibPath":	[]
					},
					"isolation":	{
					}
				}]
		}]
}
TRACE::2026-03-31.00:24:03::SCWMssOS::Saving the mss changes E:/Git-Repos/CNC-FPGA/Vitis3/CNC-FPGA-PLATFORM/zynq_fsbl/zynq_fsbl_bsp/system.mss
TRACE::2026-03-31.00:24:03::SCWMssOS::Found a swdesign opened with the mssfile.
TRACE::2026-03-31.00:24:03::SCWMssOS::Completed writemss as part of save.
TRACE::2026-03-31.00:24:03::SCWMssOS::Commit changes completed.
TRACE::2026-03-31.00:24:03::SCWMssOS::Saving the mss changes E:/Git-Repos/CNC-FPGA/Vitis3/CNC-FPGA-PLATFORM/ps7_cortexa9_0/standalone_domain/bsp/system.mss
TRACE::2026-03-31.00:24:03::SCWMssOS::Found a swdesign opened with the mssfile.
TRACE::2026-03-31.00:24:03::SCWMssOS::Completed writemss as part of save.
TRACE::2026-03-31.00:24:03::SCWMssOS::Commit changes completed.
TRACE::2026-03-31.00:24:03::SCWPlatform::Trying to open the hw design at E:/Git-Repos/CNC-FPGA/Vitis3/CNC-FPGA-PLATFORM/hw/CNC_FPGA_HW.xsa
TRACE::2026-03-31.00:24:03::SCWPlatform::DSA given E:/Git-Repos/CNC-FPGA/Vitis3/CNC-FPGA-PLATFORM/hw/CNC_FPGA_HW.xsa
TRACE::2026-03-31.00:24:03::SCWPlatform::DSA absoulate path E:/Git-Repos/CNC-FPGA/Vitis3/CNC-FPGA-PLATFORM/hw/CNC_FPGA_HW.xsa
TRACE::2026-03-31.00:24:03::SCWPlatform::DSA directory E:/Git-Repos/CNC-FPGA/Vitis3/CNC-FPGA-PLATFORM/hw
TRACE::2026-03-31.00:24:03::SCWPlatform:: Platform Path E:/Git-Repos/CNC-FPGA/Vitis3/CNC-FPGA-PLATFORM/hw/CNC_FPGA_HW.xsa
TRACE::2026-03-31.00:24:03::SCWPlatform:: Unique name xilinx:zedboard::0.0
TRACE::2026-03-31.00:24:03::SCWPlatform::Trying to set the existing hwdb with name CNC_Top_wrapper_1
TRACE::2026-03-31.00:24:03::SCWPlatform::Opened existing hwdb CNC_Top_wrapper_1
TRACE::2026-03-31.00:24:03::SCWPlatform::Found the Hw Db part of the input DSA
TRACE::2026-03-31.00:24:03::SCWMssOS::Checking the sw design at  E:/Git-Repos/CNC-FPGA/Vitis3/CNC-FPGA-PLATFORM/zynq_fsbl/zynq_fsbl_bsp/system.mss
TRACE::2026-03-31.00:24:03::SCWMssOS::DEBUG:  swdes dump  E:/Git-Repos/CNC-FPGA/Vitis3/CNC-FPGA-FINAL-RELEASE/ps7_cortexa9_0/standalone_domain/bsp/system.mss|system_0||
E:/Git-Repos/CNC-FPGA/Vitis3/CNC-FPGA-FINAL-RELEASE/zynq_fsbl/zynq_fsbl_bsp/system.mss|system||
E:/Git-Repos/CNC-FPGA/Vitis3/CNC-FPGA-PLATFORM/ps7_cortexa9_0/standalone_domain/bsp/system.mss|system_2||
E:/Git-Repos/CNC-FPGA/Vitis3/CNC-FPGA-PLATFORM/zynq_fsbl/zynq_fsbl_bsp/system.mss|system_1||

TRACE::2026-03-31.00:24:03::SCWMssOS::Sw design exists and opened at  E:/Git-Repos/CNC-FPGA/Vitis3/CNC-FPGA-PLATFORM/zynq_fsbl/zynq_fsbl_bsp/system.mss
TRACE::2026-03-31.00:24:03::SCWPlatform::Trying to open the hw design at E:/Git-Repos/CNC-FPGA/Vitis3/CNC-FPGA-PLATFORM/hw/CNC_FPGA_HW.xsa
TRACE::2026-03-31.00:24:03::SCWPlatform::DSA given E:/Git-Repos/CNC-FPGA/Vitis3/CNC-FPGA-PLATFORM/hw/CNC_FPGA_HW.xsa
TRACE::2026-03-31.00:24:03::SCWPlatform::DSA absoulate path E:/Git-Repos/CNC-FPGA/Vitis3/CNC-FPGA-PLATFORM/hw/CNC_FPGA_HW.xsa
TRACE::2026-03-31.00:24:03::SCWPlatform::DSA directory E:/Git-Repos/CNC-FPGA/Vitis3/CNC-FPGA-PLATFORM/hw
TRACE::2026-03-31.00:24:03::SCWPlatform:: Platform Path E:/Git-Repos/CNC-FPGA/Vitis3/CNC-FPGA-PLATFORM/hw/CNC_FPGA_HW.xsa
TRACE::2026-03-31.00:24:03::SCWPlatform:: Unique name xilinx:zedboard::0.0
TRACE::2026-03-31.00:24:03::SCWPlatform::Trying to set the existing hwdb with name CNC_Top_wrapper_1
TRACE::2026-03-31.00:24:03::SCWPlatform::Opened existing hwdb CNC_Top_wrapper_1
TRACE::2026-03-31.00:24:03::SCWPlatform::Found the Hw Db part of the input DSA
TRACE::2026-03-31.00:24:03::SCWMssOS::Checking the sw design at  E:/Git-Repos/CNC-FPGA/Vitis3/CNC-FPGA-PLATFORM/zynq_fsbl/zynq_fsbl_bsp/system.mss
TRACE::2026-03-31.00:24:03::SCWMssOS::DEBUG:  swdes dump  E:/Git-Repos/CNC-FPGA/Vitis3/CNC-FPGA-FINAL-RELEASE/ps7_cortexa9_0/standalone_domain/bsp/system.mss|system_0||
E:/Git-Repos/CNC-FPGA/Vitis3/CNC-FPGA-FINAL-RELEASE/zynq_fsbl/zynq_fsbl_bsp/system.mss|system||
E:/Git-Repos/CNC-FPGA/Vitis3/CNC-FPGA-PLATFORM/ps7_cortexa9_0/standalone_domain/bsp/system.mss|system_2||
E:/Git-Repos/CNC-FPGA/Vitis3/CNC-FPGA-PLATFORM/zynq_fsbl/zynq_fsbl_bsp/system.mss|system_1||

TRACE::2026-03-31.00:24:03::SCWMssOS::Sw design exists and opened at  E:/Git-Repos/CNC-FPGA/Vitis3/CNC-FPGA-PLATFORM/zynq_fsbl/zynq_fsbl_bsp/system.mss
TRACE::2026-03-31.00:24:03::SCWPlatform::Trying to open the hw design at E:/Git-Repos/CNC-FPGA/Vitis3/CNC-FPGA-PLATFORM/hw/CNC_FPGA_HW.xsa
TRACE::2026-03-31.00:24:03::SCWPlatform::DSA given E:/Git-Repos/CNC-FPGA/Vitis3/CNC-FPGA-PLATFORM/hw/CNC_FPGA_HW.xsa
TRACE::2026-03-31.00:24:03::SCWPlatform::DSA absoulate path E:/Git-Repos/CNC-FPGA/Vitis3/CNC-FPGA-PLATFORM/hw/CNC_FPGA_HW.xsa
TRACE::2026-03-31.00:24:03::SCWPlatform::DSA directory E:/Git-Repos/CNC-FPGA/Vitis3/CNC-FPGA-PLATFORM/hw
TRACE::2026-03-31.00:24:03::SCWPlatform:: Platform Path E:/Git-Repos/CNC-FPGA/Vitis3/CNC-FPGA-PLATFORM/hw/CNC_FPGA_HW.xsa
TRACE::2026-03-31.00:24:03::SCWPlatform:: Unique name xilinx:zedboard::0.0
TRACE::2026-03-31.00:24:03::SCWPlatform::Trying to set the existing hwdb with name CNC_Top_wrapper_1
TRACE::2026-03-31.00:24:03::SCWPlatform::Opened existing hwdb CNC_Top_wrapper_1
TRACE::2026-03-31.00:24:03::SCWPlatform::Found the Hw Db part of the input DSA
TRACE::2026-03-31.00:24:03::SCWMssOS::Checking the sw design at  E:/Git-Repos/CNC-FPGA/Vitis3/CNC-FPGA-PLATFORM/zynq_fsbl/zynq_fsbl_bsp/system.mss
TRACE::2026-03-31.00:24:03::SCWMssOS::DEBUG:  swdes dump  E:/Git-Repos/CNC-FPGA/Vitis3/CNC-FPGA-FINAL-RELEASE/ps7_cortexa9_0/standalone_domain/bsp/system.mss|system_0||
E:/Git-Repos/CNC-FPGA/Vitis3/CNC-FPGA-FINAL-RELEASE/zynq_fsbl/zynq_fsbl_bsp/system.mss|system||
E:/Git-Repos/CNC-FPGA/Vitis3/CNC-FPGA-PLATFORM/ps7_cortexa9_0/standalone_domain/bsp/system.mss|system_2||
E:/Git-Repos/CNC-FPGA/Vitis3/CNC-FPGA-PLATFORM/zynq_fsbl/zynq_fsbl_bsp/system.mss|system_1||

TRACE::2026-03-31.00:24:03::SCWMssOS::Sw design exists and opened at  E:/Git-Repos/CNC-FPGA/Vitis3/CNC-FPGA-PLATFORM/zynq_fsbl/zynq_fsbl_bsp/system.mss
TRACE::2026-03-31.00:24:03::SCWPlatform::Trying to open the hw design at E:/Git-Repos/CNC-FPGA/Vitis3/CNC-FPGA-PLATFORM/hw/CNC_FPGA_HW.xsa
TRACE::2026-03-31.00:24:03::SCWPlatform::DSA given E:/Git-Repos/CNC-FPGA/Vitis3/CNC-FPGA-PLATFORM/hw/CNC_FPGA_HW.xsa
TRACE::2026-03-31.00:24:03::SCWPlatform::DSA absoulate path E:/Git-Repos/CNC-FPGA/Vitis3/CNC-FPGA-PLATFORM/hw/CNC_FPGA_HW.xsa
TRACE::2026-03-31.00:24:03::SCWPlatform::DSA directory E:/Git-Repos/CNC-FPGA/Vitis3/CNC-FPGA-PLATFORM/hw
TRACE::2026-03-31.00:24:03::SCWPlatform:: Platform Path E:/Git-Repos/CNC-FPGA/Vitis3/CNC-FPGA-PLATFORM/hw/CNC_FPGA_HW.xsa
TRACE::2026-03-31.00:24:03::SCWPlatform:: Unique name xilinx:zedboard::0.0
TRACE::2026-03-31.00:24:03::SCWPlatform::Trying to set the existing hwdb with name CNC_Top_wrapper_1
TRACE::2026-03-31.00:24:03::SCWPlatform::Opened existing hwdb CNC_Top_wrapper_1
TRACE::2026-03-31.00:24:03::SCWPlatform::Found the Hw Db part of the input DSA
TRACE::2026-03-31.00:24:03::SCWMssOS::Checking the sw design at  E:/Git-Repos/CNC-FPGA/Vitis3/CNC-FPGA-PLATFORM/ps7_cortexa9_0/standalone_domain/bsp/system.mss
TRACE::2026-03-31.00:24:03::SCWMssOS::DEBUG:  swdes dump  E:/Git-Repos/CNC-FPGA/Vitis3/CNC-FPGA-FINAL-RELEASE/ps7_cortexa9_0/standalone_domain/bsp/system.mss|system_0||
E:/Git-Repos/CNC-FPGA/Vitis3/CNC-FPGA-FINAL-RELEASE/zynq_fsbl/zynq_fsbl_bsp/system.mss|system||
E:/Git-Repos/CNC-FPGA/Vitis3/CNC-FPGA-PLATFORM/ps7_cortexa9_0/standalone_domain/bsp/system.mss|system_2||
E:/Git-Repos/CNC-FPGA/Vitis3/CNC-FPGA-PLATFORM/zynq_fsbl/zynq_fsbl_bsp/system.mss|system_1||

TRACE::2026-03-31.00:24:03::SCWMssOS::Sw design exists and opened at  E:/Git-Repos/CNC-FPGA/Vitis3/CNC-FPGA-PLATFORM/ps7_cortexa9_0/standalone_domain/bsp/system.mss
TRACE::2026-03-31.00:24:03::SCWPlatform::Trying to open the hw design at E:/Git-Repos/CNC-FPGA/Vitis3/CNC-FPGA-PLATFORM/hw/CNC_FPGA_HW.xsa
TRACE::2026-03-31.00:24:03::SCWPlatform::DSA given E:/Git-Repos/CNC-FPGA/Vitis3/CNC-FPGA-PLATFORM/hw/CNC_FPGA_HW.xsa
TRACE::2026-03-31.00:24:03::SCWPlatform::DSA absoulate path E:/Git-Repos/CNC-FPGA/Vitis3/CNC-FPGA-PLATFORM/hw/CNC_FPGA_HW.xsa
TRACE::2026-03-31.00:24:03::SCWPlatform::DSA directory E:/Git-Repos/CNC-FPGA/Vitis3/CNC-FPGA-PLATFORM/hw
TRACE::2026-03-31.00:24:03::SCWPlatform:: Platform Path E:/Git-Repos/CNC-FPGA/Vitis3/CNC-FPGA-PLATFORM/hw/CNC_FPGA_HW.xsa
TRACE::2026-03-31.00:24:03::SCWPlatform:: Unique name xilinx:zedboard::0.0
TRACE::2026-03-31.00:24:03::SCWPlatform::Trying to set the existing hwdb with name CNC_Top_wrapper_1
TRACE::2026-03-31.00:24:03::SCWPlatform::Opened existing hwdb CNC_Top_wrapper_1
TRACE::2026-03-31.00:24:03::SCWPlatform::Found the Hw Db part of the input DSA
TRACE::2026-03-31.00:24:03::SCWMssOS::Checking the sw design at  E:/Git-Repos/CNC-FPGA/Vitis3/CNC-FPGA-PLATFORM/ps7_cortexa9_0/standalone_domain/bsp/system.mss
TRACE::2026-03-31.00:24:03::SCWMssOS::DEBUG:  swdes dump  E:/Git-Repos/CNC-FPGA/Vitis3/CNC-FPGA-FINAL-RELEASE/ps7_cortexa9_0/standalone_domain/bsp/system.mss|system_0||
E:/Git-Repos/CNC-FPGA/Vitis3/CNC-FPGA-FINAL-RELEASE/zynq_fsbl/zynq_fsbl_bsp/system.mss|system||
E:/Git-Repos/CNC-FPGA/Vitis3/CNC-FPGA-PLATFORM/ps7_cortexa9_0/standalone_domain/bsp/system.mss|system_2||
E:/Git-Repos/CNC-FPGA/Vitis3/CNC-FPGA-PLATFORM/zynq_fsbl/zynq_fsbl_bsp/system.mss|system_1||

TRACE::2026-03-31.00:24:03::SCWMssOS::Sw design exists and opened at  E:/Git-Repos/CNC-FPGA/Vitis3/CNC-FPGA-PLATFORM/ps7_cortexa9_0/standalone_domain/bsp/system.mss
TRACE::2026-03-31.00:24:03::SCWPlatform::Trying to open the hw design at E:/Git-Repos/CNC-FPGA/Vitis3/CNC-FPGA-PLATFORM/hw/CNC_FPGA_HW.xsa
TRACE::2026-03-31.00:24:03::SCWPlatform::DSA given E:/Git-Repos/CNC-FPGA/Vitis3/CNC-FPGA-PLATFORM/hw/CNC_FPGA_HW.xsa
TRACE::2026-03-31.00:24:03::SCWPlatform::DSA absoulate path E:/Git-Repos/CNC-FPGA/Vitis3/CNC-FPGA-PLATFORM/hw/CNC_FPGA_HW.xsa
TRACE::2026-03-31.00:24:03::SCWPlatform::DSA directory E:/Git-Repos/CNC-FPGA/Vitis3/CNC-FPGA-PLATFORM/hw
TRACE::2026-03-31.00:24:03::SCWPlatform:: Platform Path E:/Git-Repos/CNC-FPGA/Vitis3/CNC-FPGA-PLATFORM/hw/CNC_FPGA_HW.xsa
TRACE::2026-03-31.00:24:03::SCWPlatform:: Unique name xilinx:zedboard::0.0
TRACE::2026-03-31.00:24:03::SCWPlatform::Trying to set the existing hwdb with name CNC_Top_wrapper_1
TRACE::2026-03-31.00:24:03::SCWPlatform::Opened existing hwdb CNC_Top_wrapper_1
TRACE::2026-03-31.00:24:03::SCWPlatform::Found the Hw Db part of the input DSA
TRACE::2026-03-31.00:24:03::SCWMssOS::Checking the sw design at  E:/Git-Repos/CNC-FPGA/Vitis3/CNC-FPGA-PLATFORM/ps7_cortexa9_0/standalone_domain/bsp/system.mss
TRACE::2026-03-31.00:24:03::SCWMssOS::DEBUG:  swdes dump  E:/Git-Repos/CNC-FPGA/Vitis3/CNC-FPGA-FINAL-RELEASE/ps7_cortexa9_0/standalone_domain/bsp/system.mss|system_0||
E:/Git-Repos/CNC-FPGA/Vitis3/CNC-FPGA-FINAL-RELEASE/zynq_fsbl/zynq_fsbl_bsp/system.mss|system||
E:/Git-Repos/CNC-FPGA/Vitis3/CNC-FPGA-PLATFORM/ps7_cortexa9_0/standalone_domain/bsp/system.mss|system_2||
E:/Git-Repos/CNC-FPGA/Vitis3/CNC-FPGA-PLATFORM/zynq_fsbl/zynq_fsbl_bsp/system.mss|system_1||

TRACE::2026-03-31.00:24:03::SCWMssOS::Sw design exists and opened at  E:/Git-Repos/CNC-FPGA/Vitis3/CNC-FPGA-PLATFORM/ps7_cortexa9_0/standalone_domain/bsp/system.mss
TRACE::2026-03-31.00:24:03::SCWWriter::formatted JSON is {
	"platformName":	"CNC-FPGA-PLATFORM",
	"sprVersion":	"2.0",
	"mode":	"gui",
	"dsaType":	"Fixed",
	"platformDesc":	"CNC-FPGA-PLATFORM",
	"platHandOff":	"E:/Git-Repos/CNC-FPGA/Zedboard-CNC/CNC_FPGA_HW.xsa",
	"platIntHandOff":	"<platformDir>/hw/CNC_FPGA_HW.xsa",
	"deviceType":	"zynq",
	"platIsPrebuiltAutogen":	"false",
	"platIsNoBootBsp":	"false",
	"platFsblTarget":	"ps7_cortexa9_0",
	"hasFsblMakeHasChanges":	"false",
	"hasPmufwMakeHasChanges":	"false",
	"fsblExtraCompilerFlags":	"-MMD -MP       -mcpu=cortex-a9 -mfpu=vfpv3 -mfloat-abi=hard ",
	"platPreBuiltFlag":	false,
	"platformSamplesDir":	"",
	"platActiveSys":	"CNC-FPGA-PLATFORM",
	"systems":	[{
			"systemName":	"CNC-FPGA-PLATFORM",
			"systemDesc":	"CNC-FPGA-PLATFORM",
			"sysIsBootAutoGen":	"true",
			"systemDispName":	"CNC-FPGA-PLATFORM",
			"sysActiveDom":	"standalone_domain",
			"sysDefaultDom":	"standalone_domain",
			"domains":	[{
					"domainName":	"zynq_fsbl",
					"domainDispName":	"zynq_fsbl",
					"domainDesc":	"FSBL Application BSP - Auto Generated.",
					"processors":	"ps7_cortexa9_0",
					"os":	"standalone",
					"sdxOs":	"standalone",
					"debugEnable":	"",
					"domRuntimes":	["cpp"],
					"swRepo":	"",
					"mssOsVer":	"9.2",
					"mssFile":	"",
					"md5Digest":	"822b05f43d93911360d956bc0e0ec2b0",
					"compatibleApp":	"zynq_fsbl",
					"domType":	"bootDomain",
					"arch":	"32-bit",
					"appSettings":	{
						"appCompilerFlags":	"",
						"appLinkerFlags":	""
					},
					"addedLibs":	["xilffs:5.3", "xilrsa:1.8"],
					"libOptions":	{
						"libsContainingOptions":	[]
					},
					"prebuiltLibs":	{
						"prebuiltIncPath":	[],
						"prebuiltLibPath":	[]
					},
					"isolation":	{
					}
				}, {
					"domainName":	"standalone_domain",
					"domainDispName":	"standalone on ps7_cortexa9_0",
					"domainDesc":	"standalone_domain",
					"processors":	"ps7_cortexa9_0",
					"os":	"standalone",
					"sdxOs":	"standalone",
					"qemuArgs":	"<platformDir>/resources/CNC-FPGA-PLATFORM/standalone_domain/qemu_args.txt",
					"qemuData":	"<platformDir>/resources/CNC-FPGA-PLATFORM/standalone_domain/qemu",
					"debugEnable":	"False",
					"domRuntimes":	["cpp"],
					"swRepo":	"",
					"mssOsVer":	"9.2",
					"mssFile":	"",
					"md5Digest":	"4bf099da2fb427a9388a4e43114e5a42",
					"compatibleApp":	"",
					"domType":	"mssDomain",
					"appSettings":	{
						"appCompilerFlags":	"",
						"appLinkerFlags":	""
					},
					"addedLibs":	[],
					"libOptions":	{
						"libsContainingOptions":	[]
					},
					"prebuiltLibs":	{
						"prebuiltIncPath":	[],
						"prebuiltLibPath":	[]
					},
					"isolation":	{
					}
				}]
		}]
}
TRACE::2026-03-31.00:24:03::SCWPlatform::Clearing the existing platform
TRACE::2026-03-31.00:24:03::SCWSystem::Clearing the existing sysconfig
TRACE::2026-03-31.00:24:03::SCWBDomain::clearing the fsbl build
TRACE::2026-03-31.00:24:03::SCWMssOS::Removing the swdes entry for  E:/Git-Repos/CNC-FPGA/Vitis3/CNC-FPGA-PLATFORM/zynq_fsbl/zynq_fsbl_bsp/system.mss
TRACE::2026-03-31.00:24:03::SCWMssOS::Removing the swdes entry for  E:/Git-Repos/CNC-FPGA/Vitis3/CNC-FPGA-PLATFORM/ps7_cortexa9_0/standalone_domain/bsp/system.mss
TRACE::2026-03-31.00:24:03::SCWSystem::Clearing the domains completed.
TRACE::2026-03-31.00:24:03::SCWPlatform::Clearing the opened hw db.
TRACE::2026-03-31.00:24:03::SCWPlatform::DSA given E:/Git-Repos/CNC-FPGA/Vitis3/CNC-FPGA-PLATFORM/hw/CNC_FPGA_HW.xsa
TRACE::2026-03-31.00:24:03::SCWPlatform::DSA absoulate path E:/Git-Repos/CNC-FPGA/Vitis3/CNC-FPGA-PLATFORM/hw/CNC_FPGA_HW.xsa
TRACE::2026-03-31.00:24:03::SCWPlatform:: Platform location is E:/Git-Repos/CNC-FPGA/Vitis3/CNC-FPGA-PLATFORM/hw
TRACE::2026-03-31.00:24:03::SCWPlatform:: Platform Path E:/Git-Repos/CNC-FPGA/Vitis3/CNC-FPGA-PLATFORM/hw/CNC_FPGA_HW.xsa
TRACE::2026-03-31.00:24:03::SCWPlatform:: Unique name xilinx:zedboard::0.0
TRACE::2026-03-31.00:24:03::SCWPlatform::Removing the HwDB with name E:/Git-Repos/CNC-FPGA/Vitis3/CNC-FPGA-PLATFORM/hw/CNC_FPGA_HW.xsa
TRACE::2026-03-31.00:24:03::SCWPlatform::Trying to open the hw design at E:/Git-Repos/CNC-FPGA/Vitis3/CNC-FPGA-PLATFORM/hw/CNC_FPGA_HW.xsa
TRACE::2026-03-31.00:24:03::SCWPlatform::DSA given E:/Git-Repos/CNC-FPGA/Vitis3/CNC-FPGA-PLATFORM/hw/CNC_FPGA_HW.xsa
TRACE::2026-03-31.00:24:03::SCWPlatform::DSA absoulate path E:/Git-Repos/CNC-FPGA/Vitis3/CNC-FPGA-PLATFORM/hw/CNC_FPGA_HW.xsa
TRACE::2026-03-31.00:24:03::SCWPlatform::DSA directory E:/Git-Repos/CNC-FPGA/Vitis3/CNC-FPGA-PLATFORM/hw
TRACE::2026-03-31.00:24:03::SCWPlatform:: Platform Path E:/Git-Repos/CNC-FPGA/Vitis3/CNC-FPGA-PLATFORM/hw/CNC_FPGA_HW.xsa
TRACE::2026-03-31.00:24:03::SCWPlatform:: Unique name xilinx:zedboard::0.0
TRACE::2026-03-31.00:24:03::SCWPlatform::Do not have an existing db opened. 
TRACE::2026-03-31.00:24:05::SCWPlatform::Opened new HwDB with name CNC_Top_wrapper_2
TRACE::2026-03-31.00:24:05::SCWReader::Active system found as  CNC-FPGA-PLATFORM
TRACE::2026-03-31.00:24:05::SCWReader::Handling sysconfig CNC-FPGA-PLATFORM
TRACE::2026-03-31.00:24:05::SCWDomain::checking for install qemu data   : 
TRACE::2026-03-31.00:24:05::SCWDomain:: Using the QEMU Data from install at  : C:/Xilinx/Vitis/2024.2/data/emulation/platforms/zynq/sw/a9_standalone/qemu/
TRACE::2026-03-31.00:24:05::SCWDomain:: Using the QEMU args  from install at  : C:/Xilinx/Vitis/2024.2/data/emulation/platforms/zynq/sw/a9_standalone/qemu/qemu_args.txt
TRACE::2026-03-31.00:24:05::SCWPlatform::Trying to open the hw design at E:/Git-Repos/CNC-FPGA/Vitis3/CNC-FPGA-PLATFORM/hw/CNC_FPGA_HW.xsa
TRACE::2026-03-31.00:24:05::SCWPlatform::DSA given E:/Git-Repos/CNC-FPGA/Vitis3/CNC-FPGA-PLATFORM/hw/CNC_FPGA_HW.xsa
TRACE::2026-03-31.00:24:05::SCWPlatform::DSA absoulate path E:/Git-Repos/CNC-FPGA/Vitis3/CNC-FPGA-PLATFORM/hw/CNC_FPGA_HW.xsa
TRACE::2026-03-31.00:24:05::SCWPlatform::DSA directory E:/Git-Repos/CNC-FPGA/Vitis3/CNC-FPGA-PLATFORM/hw
TRACE::2026-03-31.00:24:05::SCWPlatform:: Platform Path E:/Git-Repos/CNC-FPGA/Vitis3/CNC-FPGA-PLATFORM/hw/CNC_FPGA_HW.xsa
TRACE::2026-03-31.00:24:05::SCWPlatform:: Unique name xilinx:zedboard::0.0
TRACE::2026-03-31.00:24:05::SCWPlatform::Trying to set the existing hwdb with name CNC_Top_wrapper_2
TRACE::2026-03-31.00:24:05::SCWPlatform::Opened existing hwdb CNC_Top_wrapper_2
TRACE::2026-03-31.00:24:05::SCWPlatform::Found the Hw Db part of the input DSA
TRACE::2026-03-31.00:24:05::SCWPlatform::Trying to open the hw design at E:/Git-Repos/CNC-FPGA/Vitis3/CNC-FPGA-PLATFORM/hw/CNC_FPGA_HW.xsa
TRACE::2026-03-31.00:24:05::SCWPlatform::DSA given E:/Git-Repos/CNC-FPGA/Vitis3/CNC-FPGA-PLATFORM/hw/CNC_FPGA_HW.xsa
TRACE::2026-03-31.00:24:05::SCWPlatform::DSA absoulate path E:/Git-Repos/CNC-FPGA/Vitis3/CNC-FPGA-PLATFORM/hw/CNC_FPGA_HW.xsa
TRACE::2026-03-31.00:24:05::SCWPlatform::DSA directory E:/Git-Repos/CNC-FPGA/Vitis3/CNC-FPGA-PLATFORM/hw
TRACE::2026-03-31.00:24:05::SCWPlatform:: Platform Path E:/Git-Repos/CNC-FPGA/Vitis3/CNC-FPGA-PLATFORM/hw/CNC_FPGA_HW.xsa
TRACE::2026-03-31.00:24:05::SCWPlatform:: Unique name xilinx:zedboard::0.0
TRACE::2026-03-31.00:24:05::SCWPlatform::Trying to set the existing hwdb with name CNC_Top_wrapper_2
TRACE::2026-03-31.00:24:05::SCWPlatform::Opened existing hwdb CNC_Top_wrapper_2
TRACE::2026-03-31.00:24:05::SCWPlatform::Found the Hw Db part of the input DSA
TRACE::2026-03-31.00:24:05::SCWPlatform::Trying to open the hw design at E:/Git-Repos/CNC-FPGA/Vitis3/CNC-FPGA-PLATFORM/hw/CNC_FPGA_HW.xsa
TRACE::2026-03-31.00:24:05::SCWPlatform::DSA given E:/Git-Repos/CNC-FPGA/Vitis3/CNC-FPGA-PLATFORM/hw/CNC_FPGA_HW.xsa
TRACE::2026-03-31.00:24:05::SCWPlatform::DSA absoulate path E:/Git-Repos/CNC-FPGA/Vitis3/CNC-FPGA-PLATFORM/hw/CNC_FPGA_HW.xsa
TRACE::2026-03-31.00:24:05::SCWPlatform::DSA directory E:/Git-Repos/CNC-FPGA/Vitis3/CNC-FPGA-PLATFORM/hw
TRACE::2026-03-31.00:24:05::SCWPlatform:: Platform Path E:/Git-Repos/CNC-FPGA/Vitis3/CNC-FPGA-PLATFORM/hw/CNC_FPGA_HW.xsa
TRACE::2026-03-31.00:24:05::SCWPlatform:: Unique name xilinx:zedboard::0.0
TRACE::2026-03-31.00:24:05::SCWPlatform::Trying to set the existing hwdb with name CNC_Top_wrapper_2
TRACE::2026-03-31.00:24:05::SCWPlatform::Opened existing hwdb CNC_Top_wrapper_2
TRACE::2026-03-31.00:24:05::SCWPlatform::Found the Hw Db part of the input DSA
TRACE::2026-03-31.00:24:05::SCWReader::Boot application domain added for zynq_fsbl
TRACE::2026-03-31.00:24:05::SCWPlatform::Trying to open the hw design at E:/Git-Repos/CNC-FPGA/Vitis3/CNC-FPGA-PLATFORM/hw/CNC_FPGA_HW.xsa
TRACE::2026-03-31.00:24:05::SCWPlatform::DSA given E:/Git-Repos/CNC-FPGA/Vitis3/CNC-FPGA-PLATFORM/hw/CNC_FPGA_HW.xsa
TRACE::2026-03-31.00:24:05::SCWPlatform::DSA absoulate path E:/Git-Repos/CNC-FPGA/Vitis3/CNC-FPGA-PLATFORM/hw/CNC_FPGA_HW.xsa
TRACE::2026-03-31.00:24:05::SCWPlatform::DSA directory E:/Git-Repos/CNC-FPGA/Vitis3/CNC-FPGA-PLATFORM/hw
TRACE::2026-03-31.00:24:05::SCWPlatform:: Platform Path E:/Git-Repos/CNC-FPGA/Vitis3/CNC-FPGA-PLATFORM/hw/CNC_FPGA_HW.xsa
TRACE::2026-03-31.00:24:05::SCWPlatform:: Unique name xilinx:zedboard::0.0
TRACE::2026-03-31.00:24:05::SCWPlatform::Trying to set the existing hwdb with name CNC_Top_wrapper_2
TRACE::2026-03-31.00:24:05::SCWPlatform::Opened existing hwdb CNC_Top_wrapper_2
TRACE::2026-03-31.00:24:05::SCWPlatform::Found the Hw Db part of the input DSA
TRACE::2026-03-31.00:24:05::SCWMssOS::Checking the sw design at  E:/Git-Repos/CNC-FPGA/Vitis3/CNC-FPGA-PLATFORM/zynq_fsbl/zynq_fsbl_bsp/system.mss
TRACE::2026-03-31.00:24:05::SCWMssOS::DEBUG:  swdes dump  E:/Git-Repos/CNC-FPGA/Vitis3/CNC-FPGA-FINAL-RELEASE/ps7_cortexa9_0/standalone_domain/bsp/system.mss|system_0||
E:/Git-Repos/CNC-FPGA/Vitis3/CNC-FPGA-FINAL-RELEASE/zynq_fsbl/zynq_fsbl_bsp/system.mss|system||

TRACE::2026-03-31.00:24:05::SCWMssOS::No sw design opened at  E:/Git-Repos/CNC-FPGA/Vitis3/CNC-FPGA-PLATFORM/zynq_fsbl/zynq_fsbl_bsp/system.mss
TRACE::2026-03-31.00:24:05::SCWMssOS::mss exists loading the mss file  E:/Git-Repos/CNC-FPGA/Vitis3/CNC-FPGA-PLATFORM/zynq_fsbl/zynq_fsbl_bsp/system.mss
TRACE::2026-03-31.00:24:05::SCWMssOS::Opened the sw design from mss  E:/Git-Repos/CNC-FPGA/Vitis3/CNC-FPGA-PLATFORM/zynq_fsbl/zynq_fsbl_bsp/system.mss
TRACE::2026-03-31.00:24:05::SCWMssOS::Adding the swdes entry E:/Git-Repos/CNC-FPGA/Vitis3/CNC-FPGA-PLATFORM/zynq_fsbl/zynq_fsbl_bsp/system.mss with des name system_1
TRACE::2026-03-31.00:24:05::SCWMssOS::updating the scw layer about changes
TRACE::2026-03-31.00:24:05::SCWMssOS::Opened the sw design.  E:/Git-Repos/CNC-FPGA/Vitis3/CNC-FPGA-PLATFORM/zynq_fsbl/zynq_fsbl_bsp/system.mss
TRACE::2026-03-31.00:24:05::SCWPlatform::Trying to open the hw design at E:/Git-Repos/CNC-FPGA/Vitis3/CNC-FPGA-PLATFORM/hw/CNC_FPGA_HW.xsa
TRACE::2026-03-31.00:24:05::SCWPlatform::DSA given E:/Git-Repos/CNC-FPGA/Vitis3/CNC-FPGA-PLATFORM/hw/CNC_FPGA_HW.xsa
TRACE::2026-03-31.00:24:05::SCWPlatform::DSA absoulate path E:/Git-Repos/CNC-FPGA/Vitis3/CNC-FPGA-PLATFORM/hw/CNC_FPGA_HW.xsa
TRACE::2026-03-31.00:24:05::SCWPlatform::DSA directory E:/Git-Repos/CNC-FPGA/Vitis3/CNC-FPGA-PLATFORM/hw
TRACE::2026-03-31.00:24:05::SCWPlatform:: Platform Path E:/Git-Repos/CNC-FPGA/Vitis3/CNC-FPGA-PLATFORM/hw/CNC_FPGA_HW.xsa
TRACE::2026-03-31.00:24:05::SCWPlatform:: Unique name xilinx:zedboard::0.0
TRACE::2026-03-31.00:24:05::SCWPlatform::Trying to set the existing hwdb with name CNC_Top_wrapper_2
TRACE::2026-03-31.00:24:05::SCWPlatform::Opened existing hwdb CNC_Top_wrapper_2
TRACE::2026-03-31.00:24:05::SCWPlatform::Found the Hw Db part of the input DSA
TRACE::2026-03-31.00:24:05::SCWMssOS::Checking the sw design at  E:/Git-Repos/CNC-FPGA/Vitis3/CNC-FPGA-PLATFORM/zynq_fsbl/zynq_fsbl_bsp/system.mss
TRACE::2026-03-31.00:24:05::SCWMssOS::DEBUG:  swdes dump  E:/Git-Repos/CNC-FPGA/Vitis3/CNC-FPGA-FINAL-RELEASE/ps7_cortexa9_0/standalone_domain/bsp/system.mss|system_0||
E:/Git-Repos/CNC-FPGA/Vitis3/CNC-FPGA-FINAL-RELEASE/zynq_fsbl/zynq_fsbl_bsp/system.mss|system||
E:/Git-Repos/CNC-FPGA/Vitis3/CNC-FPGA-PLATFORM/zynq_fsbl/zynq_fsbl_bsp/system.mss|system_1||

TRACE::2026-03-31.00:24:05::SCWMssOS::Sw design exists and opened at  E:/Git-Repos/CNC-FPGA/Vitis3/CNC-FPGA-PLATFORM/zynq_fsbl/zynq_fsbl_bsp/system.mss
TRACE::2026-03-31.00:24:05::SCWMssOS:: library already available in sw design:  xilffs:5.3
TRACE::2026-03-31.00:24:05::SCWPlatform::Trying to open the hw design at E:/Git-Repos/CNC-FPGA/Vitis3/CNC-FPGA-PLATFORM/hw/CNC_FPGA_HW.xsa
TRACE::2026-03-31.00:24:05::SCWPlatform::DSA given E:/Git-Repos/CNC-FPGA/Vitis3/CNC-FPGA-PLATFORM/hw/CNC_FPGA_HW.xsa
TRACE::2026-03-31.00:24:05::SCWPlatform::DSA absoulate path E:/Git-Repos/CNC-FPGA/Vitis3/CNC-FPGA-PLATFORM/hw/CNC_FPGA_HW.xsa
TRACE::2026-03-31.00:24:05::SCWPlatform::DSA directory E:/Git-Repos/CNC-FPGA/Vitis3/CNC-FPGA-PLATFORM/hw
TRACE::2026-03-31.00:24:05::SCWPlatform:: Platform Path E:/Git-Repos/CNC-FPGA/Vitis3/CNC-FPGA-PLATFORM/hw/CNC_FPGA_HW.xsa
TRACE::2026-03-31.00:24:05::SCWPlatform:: Unique name xilinx:zedboard::0.0
TRACE::2026-03-31.00:24:05::SCWPlatform::Trying to set the existing hwdb with name CNC_Top_wrapper_2
TRACE::2026-03-31.00:24:05::SCWPlatform::Opened existing hwdb CNC_Top_wrapper_2
TRACE::2026-03-31.00:24:05::SCWPlatform::Found the Hw Db part of the input DSA
TRACE::2026-03-31.00:24:05::SCWMssOS::Checking the sw design at  E:/Git-Repos/CNC-FPGA/Vitis3/CNC-FPGA-PLATFORM/zynq_fsbl/zynq_fsbl_bsp/system.mss
TRACE::2026-03-31.00:24:05::SCWMssOS::DEBUG:  swdes dump  E:/Git-Repos/CNC-FPGA/Vitis3/CNC-FPGA-FINAL-RELEASE/ps7_cortexa9_0/standalone_domain/bsp/system.mss|system_0||
E:/Git-Repos/CNC-FPGA/Vitis3/CNC-FPGA-FINAL-RELEASE/zynq_fsbl/zynq_fsbl_bsp/system.mss|system||
E:/Git-Repos/CNC-FPGA/Vitis3/CNC-FPGA-PLATFORM/zynq_fsbl/zynq_fsbl_bsp/system.mss|system_1||

TRACE::2026-03-31.00:24:05::SCWMssOS::Sw design exists and opened at  E:/Git-Repos/CNC-FPGA/Vitis3/CNC-FPGA-PLATFORM/zynq_fsbl/zynq_fsbl_bsp/system.mss
TRACE::2026-03-31.00:24:05::SCWMssOS:: library already available in sw design:  xilrsa:1.8
TRACE::2026-03-31.00:24:05::SCWMssOS::Saving the mss changes E:/Git-Repos/CNC-FPGA/Vitis3/CNC-FPGA-PLATFORM/zynq_fsbl/zynq_fsbl_bsp/system.mss
TRACE::2026-03-31.00:24:05::SCWMssOS::Found a swdesign opened with the mssfile.
TRACE::2026-03-31.00:24:05::SCWMssOS::Completed writemss as part of save.
TRACE::2026-03-31.00:24:05::SCWMssOS::Commit changes completed.
TRACE::2026-03-31.00:24:05::SCWReader::Adding prebuilt librarypaths as   
TRACE::2026-03-31.00:24:05::SCWReader::Adding prebuilt incpaths  as   
TRACE::2026-03-31.00:24:05::SCWPlatform::Trying to open the hw design at E:/Git-Repos/CNC-FPGA/Vitis3/CNC-FPGA-PLATFORM/hw/CNC_FPGA_HW.xsa
TRACE::2026-03-31.00:24:05::SCWPlatform::DSA given E:/Git-Repos/CNC-FPGA/Vitis3/CNC-FPGA-PLATFORM/hw/CNC_FPGA_HW.xsa
TRACE::2026-03-31.00:24:05::SCWPlatform::DSA absoulate path E:/Git-Repos/CNC-FPGA/Vitis3/CNC-FPGA-PLATFORM/hw/CNC_FPGA_HW.xsa
TRACE::2026-03-31.00:24:05::SCWPlatform::DSA directory E:/Git-Repos/CNC-FPGA/Vitis3/CNC-FPGA-PLATFORM/hw
TRACE::2026-03-31.00:24:05::SCWPlatform:: Platform Path E:/Git-Repos/CNC-FPGA/Vitis3/CNC-FPGA-PLATFORM/hw/CNC_FPGA_HW.xsa
TRACE::2026-03-31.00:24:05::SCWPlatform:: Unique name xilinx:zedboard::0.0
TRACE::2026-03-31.00:24:05::SCWPlatform::Trying to set the existing hwdb with name CNC_Top_wrapper_2
TRACE::2026-03-31.00:24:05::SCWPlatform::Opened existing hwdb CNC_Top_wrapper_2
TRACE::2026-03-31.00:24:05::SCWPlatform::Found the Hw Db part of the input DSA
TRACE::2026-03-31.00:24:05::SCWMssOS::Checking the sw design at  E:/Git-Repos/CNC-FPGA/Vitis3/CNC-FPGA-PLATFORM/zynq_fsbl/zynq_fsbl_bsp/system.mss
TRACE::2026-03-31.00:24:05::SCWMssOS::DEBUG:  swdes dump  E:/Git-Repos/CNC-FPGA/Vitis3/CNC-FPGA-FINAL-RELEASE/ps7_cortexa9_0/standalone_domain/bsp/system.mss|system_0||
E:/Git-Repos/CNC-FPGA/Vitis3/CNC-FPGA-FINAL-RELEASE/zynq_fsbl/zynq_fsbl_bsp/system.mss|system||
E:/Git-Repos/CNC-FPGA/Vitis3/CNC-FPGA-PLATFORM/zynq_fsbl/zynq_fsbl_bsp/system.mss|system_1||

TRACE::2026-03-31.00:24:05::SCWMssOS::Sw design exists and opened at  E:/Git-Repos/CNC-FPGA/Vitis3/CNC-FPGA-PLATFORM/zynq_fsbl/zynq_fsbl_bsp/system.mss
TRACE::2026-03-31.00:24:05::SCWReader::No isolation master present  
TRACE::2026-03-31.00:24:05::SCWDomain::checking for install qemu data   : 
TRACE::2026-03-31.00:24:05::SCWDomain:: Using the QEMU Data from install at  : C:/Xilinx/Vitis/2024.2/data/emulation/platforms/zynq/sw/a9_standalone/qemu/
TRACE::2026-03-31.00:24:05::SCWDomain:: Using the QEMU args  from install at  : C:/Xilinx/Vitis/2024.2/data/emulation/platforms/zynq/sw/a9_standalone/qemu/qemu_args.txt
TRACE::2026-03-31.00:24:05::SCWPlatform::Trying to open the hw design at E:/Git-Repos/CNC-FPGA/Vitis3/CNC-FPGA-PLATFORM/hw/CNC_FPGA_HW.xsa
TRACE::2026-03-31.00:24:05::SCWPlatform::DSA given E:/Git-Repos/CNC-FPGA/Vitis3/CNC-FPGA-PLATFORM/hw/CNC_FPGA_HW.xsa
TRACE::2026-03-31.00:24:05::SCWPlatform::DSA absoulate path E:/Git-Repos/CNC-FPGA/Vitis3/CNC-FPGA-PLATFORM/hw/CNC_FPGA_HW.xsa
TRACE::2026-03-31.00:24:05::SCWPlatform::DSA directory E:/Git-Repos/CNC-FPGA/Vitis3/CNC-FPGA-PLATFORM/hw
TRACE::2026-03-31.00:24:05::SCWPlatform:: Platform Path E:/Git-Repos/CNC-FPGA/Vitis3/CNC-FPGA-PLATFORM/hw/CNC_FPGA_HW.xsa
TRACE::2026-03-31.00:24:05::SCWPlatform:: Unique name xilinx:zedboard::0.0
TRACE::2026-03-31.00:24:05::SCWPlatform::Trying to set the existing hwdb with name CNC_Top_wrapper_2
TRACE::2026-03-31.00:24:05::SCWPlatform::Opened existing hwdb CNC_Top_wrapper_2
TRACE::2026-03-31.00:24:05::SCWPlatform::Found the Hw Db part of the input DSA
TRACE::2026-03-31.00:24:05::SCWPlatform::Trying to open the hw design at E:/Git-Repos/CNC-FPGA/Vitis3/CNC-FPGA-PLATFORM/hw/CNC_FPGA_HW.xsa
TRACE::2026-03-31.00:24:05::SCWPlatform::DSA given E:/Git-Repos/CNC-FPGA/Vitis3/CNC-FPGA-PLATFORM/hw/CNC_FPGA_HW.xsa
TRACE::2026-03-31.00:24:05::SCWPlatform::DSA absoulate path E:/Git-Repos/CNC-FPGA/Vitis3/CNC-FPGA-PLATFORM/hw/CNC_FPGA_HW.xsa
TRACE::2026-03-31.00:24:05::SCWPlatform::DSA directory E:/Git-Repos/CNC-FPGA/Vitis3/CNC-FPGA-PLATFORM/hw
TRACE::2026-03-31.00:24:05::SCWPlatform:: Platform Path E:/Git-Repos/CNC-FPGA/Vitis3/CNC-FPGA-PLATFORM/hw/CNC_FPGA_HW.xsa
TRACE::2026-03-31.00:24:05::SCWPlatform:: Unique name xilinx:zedboard::0.0
TRACE::2026-03-31.00:24:05::SCWPlatform::Trying to set the existing hwdb with name CNC_Top_wrapper_2
TRACE::2026-03-31.00:24:05::SCWPlatform::Opened existing hwdb CNC_Top_wrapper_2
TRACE::2026-03-31.00:24:05::SCWPlatform::Found the Hw Db part of the input DSA
TRACE::2026-03-31.00:24:05::SCWPlatform::Trying to open the hw design at E:/Git-Repos/CNC-FPGA/Vitis3/CNC-FPGA-PLATFORM/hw/CNC_FPGA_HW.xsa
TRACE::2026-03-31.00:24:05::SCWPlatform::DSA given E:/Git-Repos/CNC-FPGA/Vitis3/CNC-FPGA-PLATFORM/hw/CNC_FPGA_HW.xsa
TRACE::2026-03-31.00:24:05::SCWPlatform::DSA absoulate path E:/Git-Repos/CNC-FPGA/Vitis3/CNC-FPGA-PLATFORM/hw/CNC_FPGA_HW.xsa
TRACE::2026-03-31.00:24:05::SCWPlatform::DSA directory E:/Git-Repos/CNC-FPGA/Vitis3/CNC-FPGA-PLATFORM/hw
TRACE::2026-03-31.00:24:05::SCWPlatform:: Platform Path E:/Git-Repos/CNC-FPGA/Vitis3/CNC-FPGA-PLATFORM/hw/CNC_FPGA_HW.xsa
TRACE::2026-03-31.00:24:05::SCWPlatform:: Unique name xilinx:zedboard::0.0
TRACE::2026-03-31.00:24:05::SCWPlatform::Trying to set the existing hwdb with name CNC_Top_wrapper_2
TRACE::2026-03-31.00:24:05::SCWPlatform::Opened existing hwdb CNC_Top_wrapper_2
TRACE::2026-03-31.00:24:05::SCWPlatform::Found the Hw Db part of the input DSA
TRACE::2026-03-31.00:24:05::SCWMssOS::Checking the sw design at  E:/Git-Repos/CNC-FPGA/Vitis3/CNC-FPGA-PLATFORM/ps7_cortexa9_0/standalone_domain/bsp/system.mss
TRACE::2026-03-31.00:24:05::SCWMssOS::DEBUG:  swdes dump  E:/Git-Repos/CNC-FPGA/Vitis3/CNC-FPGA-FINAL-RELEASE/ps7_cortexa9_0/standalone_domain/bsp/system.mss|system_0||
E:/Git-Repos/CNC-FPGA/Vitis3/CNC-FPGA-FINAL-RELEASE/zynq_fsbl/zynq_fsbl_bsp/system.mss|system||
E:/Git-Repos/CNC-FPGA/Vitis3/CNC-FPGA-PLATFORM/zynq_fsbl/zynq_fsbl_bsp/system.mss|system_1||

TRACE::2026-03-31.00:24:05::SCWMssOS::No sw design opened at  E:/Git-Repos/CNC-FPGA/Vitis3/CNC-FPGA-PLATFORM/ps7_cortexa9_0/standalone_domain/bsp/system.mss
TRACE::2026-03-31.00:24:05::SCWMssOS::mss exists loading the mss file  E:/Git-Repos/CNC-FPGA/Vitis3/CNC-FPGA-PLATFORM/ps7_cortexa9_0/standalone_domain/bsp/system.mss
TRACE::2026-03-31.00:24:05::SCWMssOS::Opened the sw design from mss  E:/Git-Repos/CNC-FPGA/Vitis3/CNC-FPGA-PLATFORM/ps7_cortexa9_0/standalone_domain/bsp/system.mss
TRACE::2026-03-31.00:24:05::SCWMssOS::Adding the swdes entry E:/Git-Repos/CNC-FPGA/Vitis3/CNC-FPGA-PLATFORM/ps7_cortexa9_0/standalone_domain/bsp/system.mss with des name system_2
TRACE::2026-03-31.00:24:05::SCWMssOS::updating the scw layer about changes
TRACE::2026-03-31.00:24:05::SCWMssOS::Opened the sw design.  E:/Git-Repos/CNC-FPGA/Vitis3/CNC-FPGA-PLATFORM/ps7_cortexa9_0/standalone_domain/bsp/system.mss
TRACE::2026-03-31.00:24:05::SCWMssOS::Saving the mss changes E:/Git-Repos/CNC-FPGA/Vitis3/CNC-FPGA-PLATFORM/ps7_cortexa9_0/standalone_domain/bsp/system.mss
TRACE::2026-03-31.00:24:05::SCWMssOS::Found a swdesign opened with the mssfile.
TRACE::2026-03-31.00:24:05::SCWMssOS::Completed writemss as part of save.
TRACE::2026-03-31.00:24:05::SCWMssOS::Commit changes completed.
TRACE::2026-03-31.00:24:05::SCWReader::Adding prebuilt librarypaths as   
TRACE::2026-03-31.00:24:05::SCWReader::Adding prebuilt incpaths  as   
TRACE::2026-03-31.00:24:05::SCWPlatform::Trying to open the hw design at E:/Git-Repos/CNC-FPGA/Vitis3/CNC-FPGA-PLATFORM/hw/CNC_FPGA_HW.xsa
TRACE::2026-03-31.00:24:05::SCWPlatform::DSA given E:/Git-Repos/CNC-FPGA/Vitis3/CNC-FPGA-PLATFORM/hw/CNC_FPGA_HW.xsa
TRACE::2026-03-31.00:24:05::SCWPlatform::DSA absoulate path E:/Git-Repos/CNC-FPGA/Vitis3/CNC-FPGA-PLATFORM/hw/CNC_FPGA_HW.xsa
TRACE::2026-03-31.00:24:05::SCWPlatform::DSA directory E:/Git-Repos/CNC-FPGA/Vitis3/CNC-FPGA-PLATFORM/hw
TRACE::2026-03-31.00:24:05::SCWPlatform:: Platform Path E:/Git-Repos/CNC-FPGA/Vitis3/CNC-FPGA-PLATFORM/hw/CNC_FPGA_HW.xsa
TRACE::2026-03-31.00:24:05::SCWPlatform:: Unique name xilinx:zedboard::0.0
TRACE::2026-03-31.00:24:05::SCWPlatform::Trying to set the existing hwdb with name CNC_Top_wrapper_2
TRACE::2026-03-31.00:24:05::SCWPlatform::Opened existing hwdb CNC_Top_wrapper_2
TRACE::2026-03-31.00:24:05::SCWPlatform::Found the Hw Db part of the input DSA
TRACE::2026-03-31.00:24:05::SCWMssOS::Checking the sw design at  E:/Git-Repos/CNC-FPGA/Vitis3/CNC-FPGA-PLATFORM/ps7_cortexa9_0/standalone_domain/bsp/system.mss
TRACE::2026-03-31.00:24:05::SCWMssOS::DEBUG:  swdes dump  E:/Git-Repos/CNC-FPGA/Vitis3/CNC-FPGA-FINAL-RELEASE/ps7_cortexa9_0/standalone_domain/bsp/system.mss|system_0||
E:/Git-Repos/CNC-FPGA/Vitis3/CNC-FPGA-FINAL-RELEASE/zynq_fsbl/zynq_fsbl_bsp/system.mss|system||
E:/Git-Repos/CNC-FPGA/Vitis3/CNC-FPGA-PLATFORM/ps7_cortexa9_0/standalone_domain/bsp/system.mss|system_2||
E:/Git-Repos/CNC-FPGA/Vitis3/CNC-FPGA-PLATFORM/zynq_fsbl/zynq_fsbl_bsp/system.mss|system_1||

TRACE::2026-03-31.00:24:05::SCWMssOS::Sw design exists and opened at  E:/Git-Repos/CNC-FPGA/Vitis3/CNC-FPGA-PLATFORM/ps7_cortexa9_0/standalone_domain/bsp/system.mss
TRACE::2026-03-31.00:24:05::SCWReader::No isolation master present  
TRACE::2026-03-31.00:24:49::SCWPlatform::Trying to open the hw design at E:/Git-Repos/CNC-FPGA/Vitis3/CNC-FPGA-PLATFORM/hw/CNC_FPGA_HW.xsa
TRACE::2026-03-31.00:24:49::SCWPlatform::DSA given E:/Git-Repos/CNC-FPGA/Vitis3/CNC-FPGA-PLATFORM/hw/CNC_FPGA_HW.xsa
TRACE::2026-03-31.00:24:49::SCWPlatform::DSA absoulate path E:/Git-Repos/CNC-FPGA/Vitis3/CNC-FPGA-PLATFORM/hw/CNC_FPGA_HW.xsa
TRACE::2026-03-31.00:24:49::SCWPlatform::DSA directory E:/Git-Repos/CNC-FPGA/Vitis3/CNC-FPGA-PLATFORM/hw
TRACE::2026-03-31.00:24:49::SCWPlatform:: Platform Path E:/Git-Repos/CNC-FPGA/Vitis3/CNC-FPGA-PLATFORM/hw/CNC_FPGA_HW.xsa
TRACE::2026-03-31.00:24:49::SCWPlatform:: Unique name xilinx:zedboard::0.0
TRACE::2026-03-31.00:24:49::SCWPlatform::Trying to set the existing hwdb with name CNC_Top_wrapper_2
TRACE::2026-03-31.00:24:49::SCWPlatform::Opened existing hwdb CNC_Top_wrapper_2
TRACE::2026-03-31.00:24:49::SCWPlatform::Found the Hw Db part of the input DSA
TRACE::2026-03-31.00:24:49::SCWMssOS::Checking the sw design at  E:/Git-Repos/CNC-FPGA/Vitis3/CNC-FPGA-PLATFORM/zynq_fsbl/zynq_fsbl_bsp/system.mss
TRACE::2026-03-31.00:24:49::SCWMssOS::DEBUG:  swdes dump  E:/Git-Repos/CNC-FPGA/Vitis3/CNC-FPGA-FINAL-RELEASE/ps7_cortexa9_0/standalone_domain/bsp/system.mss|system_0||
E:/Git-Repos/CNC-FPGA/Vitis3/CNC-FPGA-FINAL-RELEASE/zynq_fsbl/zynq_fsbl_bsp/system.mss|system||
E:/Git-Repos/CNC-FPGA/Vitis3/CNC-FPGA-PLATFORM/ps7_cortexa9_0/standalone_domain/bsp/system.mss|system_2||
E:/Git-Repos/CNC-FPGA/Vitis3/CNC-FPGA-PLATFORM/zynq_fsbl/zynq_fsbl_bsp/system.mss|system_1||

TRACE::2026-03-31.00:24:49::SCWMssOS::Sw design exists and opened at  E:/Git-Repos/CNC-FPGA/Vitis3/CNC-FPGA-PLATFORM/zynq_fsbl/zynq_fsbl_bsp/system.mss
TRACE::2026-03-31.00:24:50::SCWMssOS::In reload Mss file.
TRACE::2026-03-31.00:24:50::SCWPlatform::Trying to open the hw design at E:/Git-Repos/CNC-FPGA/Vitis3/CNC-FPGA-PLATFORM/hw/CNC_FPGA_HW.xsa
TRACE::2026-03-31.00:24:50::SCWPlatform::DSA given E:/Git-Repos/CNC-FPGA/Vitis3/CNC-FPGA-PLATFORM/hw/CNC_FPGA_HW.xsa
TRACE::2026-03-31.00:24:50::SCWPlatform::DSA absoulate path E:/Git-Repos/CNC-FPGA/Vitis3/CNC-FPGA-PLATFORM/hw/CNC_FPGA_HW.xsa
TRACE::2026-03-31.00:24:50::SCWPlatform::DSA directory E:/Git-Repos/CNC-FPGA/Vitis3/CNC-FPGA-PLATFORM/hw
TRACE::2026-03-31.00:24:50::SCWPlatform:: Platform Path E:/Git-Repos/CNC-FPGA/Vitis3/CNC-FPGA-PLATFORM/hw/CNC_FPGA_HW.xsa
TRACE::2026-03-31.00:24:50::SCWPlatform:: Unique name xilinx:zedboard::0.0
TRACE::2026-03-31.00:24:50::SCWPlatform::Trying to set the existing hwdb with name CNC_Top_wrapper_2
TRACE::2026-03-31.00:24:50::SCWPlatform::Opened existing hwdb CNC_Top_wrapper_2
TRACE::2026-03-31.00:24:50::SCWPlatform::Found the Hw Db part of the input DSA
TRACE::2026-03-31.00:24:50::SCWMssOS::Checking the sw design at  E:/Git-Repos/CNC-FPGA/Vitis3/CNC-FPGA-PLATFORM/zynq_fsbl/zynq_fsbl_bsp/system.mss
TRACE::2026-03-31.00:24:50::SCWMssOS::DEBUG:  swdes dump  E:/Git-Repos/CNC-FPGA/Vitis3/CNC-FPGA-FINAL-RELEASE/ps7_cortexa9_0/standalone_domain/bsp/system.mss|system_0||
E:/Git-Repos/CNC-FPGA/Vitis3/CNC-FPGA-FINAL-RELEASE/zynq_fsbl/zynq_fsbl_bsp/system.mss|system||
E:/Git-Repos/CNC-FPGA/Vitis3/CNC-FPGA-PLATFORM/ps7_cortexa9_0/standalone_domain/bsp/system.mss|system_2||

TRACE::2026-03-31.00:24:50::SCWMssOS::No sw design opened at  E:/Git-Repos/CNC-FPGA/Vitis3/CNC-FPGA-PLATFORM/zynq_fsbl/zynq_fsbl_bsp/system.mss
TRACE::2026-03-31.00:24:50::SCWMssOS::mss exists loading the mss file  E:/Git-Repos/CNC-FPGA/Vitis3/CNC-FPGA-PLATFORM/zynq_fsbl/zynq_fsbl_bsp/system.mss
TRACE::2026-03-31.00:24:50::SCWMssOS::Opened the sw design from mss  E:/Git-Repos/CNC-FPGA/Vitis3/CNC-FPGA-PLATFORM/zynq_fsbl/zynq_fsbl_bsp/system.mss
TRACE::2026-03-31.00:24:50::SCWMssOS::Adding the swdes entry E:/Git-Repos/CNC-FPGA/Vitis3/CNC-FPGA-PLATFORM/zynq_fsbl/zynq_fsbl_bsp/system.mss with des name system_1
TRACE::2026-03-31.00:24:50::SCWMssOS::updating the scw layer about changes
TRACE::2026-03-31.00:24:50::SCWMssOS::Opened the sw design.  E:/Git-Repos/CNC-FPGA/Vitis3/CNC-FPGA-PLATFORM/zynq_fsbl/zynq_fsbl_bsp/system.mss
TRACE::2026-03-31.00:24:50::SCWPlatform::Trying to open the hw design at E:/Git-Repos/CNC-FPGA/Vitis3/CNC-FPGA-PLATFORM/hw/CNC_FPGA_HW.xsa
TRACE::2026-03-31.00:24:50::SCWPlatform::DSA given E:/Git-Repos/CNC-FPGA/Vitis3/CNC-FPGA-PLATFORM/hw/CNC_FPGA_HW.xsa
TRACE::2026-03-31.00:24:50::SCWPlatform::DSA absoulate path E:/Git-Repos/CNC-FPGA/Vitis3/CNC-FPGA-PLATFORM/hw/CNC_FPGA_HW.xsa
TRACE::2026-03-31.00:24:50::SCWPlatform::DSA directory E:/Git-Repos/CNC-FPGA/Vitis3/CNC-FPGA-PLATFORM/hw
TRACE::2026-03-31.00:24:50::SCWPlatform:: Platform Path E:/Git-Repos/CNC-FPGA/Vitis3/CNC-FPGA-PLATFORM/hw/CNC_FPGA_HW.xsa
TRACE::2026-03-31.00:24:50::SCWPlatform:: Unique name xilinx:zedboard::0.0
TRACE::2026-03-31.00:24:50::SCWPlatform::Trying to set the existing hwdb with name CNC_Top_wrapper_2
TRACE::2026-03-31.00:24:50::SCWPlatform::Opened existing hwdb CNC_Top_wrapper_2
TRACE::2026-03-31.00:24:50::SCWPlatform::Found the Hw Db part of the input DSA
TRACE::2026-03-31.00:24:50::SCWMssOS::Checking the sw design at  E:/Git-Repos/CNC-FPGA/Vitis3/CNC-FPGA-PLATFORM/zynq_fsbl/zynq_fsbl_bsp/system.mss
TRACE::2026-03-31.00:24:50::SCWMssOS::DEBUG:  swdes dump  E:/Git-Repos/CNC-FPGA/Vitis3/CNC-FPGA-FINAL-RELEASE/ps7_cortexa9_0/standalone_domain/bsp/system.mss|system_0||
E:/Git-Repos/CNC-FPGA/Vitis3/CNC-FPGA-FINAL-RELEASE/zynq_fsbl/zynq_fsbl_bsp/system.mss|system||
E:/Git-Repos/CNC-FPGA/Vitis3/CNC-FPGA-PLATFORM/ps7_cortexa9_0/standalone_domain/bsp/system.mss|system_2||
E:/Git-Repos/CNC-FPGA/Vitis3/CNC-FPGA-PLATFORM/zynq_fsbl/zynq_fsbl_bsp/system.mss|system_1||

TRACE::2026-03-31.00:24:50::SCWMssOS::Sw design exists and opened at  E:/Git-Repos/CNC-FPGA/Vitis3/CNC-FPGA-PLATFORM/zynq_fsbl/zynq_fsbl_bsp/system.mss
TRACE::2026-03-31.00:24:50::SCWMssOS:: library already available in sw design:  xilffs:5.3
TRACE::2026-03-31.00:24:50::SCWPlatform::Trying to open the hw design at E:/Git-Repos/CNC-FPGA/Vitis3/CNC-FPGA-PLATFORM/hw/CNC_FPGA_HW.xsa
TRACE::2026-03-31.00:24:50::SCWPlatform::DSA given E:/Git-Repos/CNC-FPGA/Vitis3/CNC-FPGA-PLATFORM/hw/CNC_FPGA_HW.xsa
TRACE::2026-03-31.00:24:50::SCWPlatform::DSA absoulate path E:/Git-Repos/CNC-FPGA/Vitis3/CNC-FPGA-PLATFORM/hw/CNC_FPGA_HW.xsa
TRACE::2026-03-31.00:24:50::SCWPlatform::DSA directory E:/Git-Repos/CNC-FPGA/Vitis3/CNC-FPGA-PLATFORM/hw
TRACE::2026-03-31.00:24:50::SCWPlatform:: Platform Path E:/Git-Repos/CNC-FPGA/Vitis3/CNC-FPGA-PLATFORM/hw/CNC_FPGA_HW.xsa
TRACE::2026-03-31.00:24:50::SCWPlatform:: Unique name xilinx:zedboard::0.0
TRACE::2026-03-31.00:24:50::SCWPlatform::Trying to set the existing hwdb with name CNC_Top_wrapper_2
TRACE::2026-03-31.00:24:50::SCWPlatform::Opened existing hwdb CNC_Top_wrapper_2
TRACE::2026-03-31.00:24:50::SCWPlatform::Found the Hw Db part of the input DSA
TRACE::2026-03-31.00:24:50::SCWMssOS::Checking the sw design at  E:/Git-Repos/CNC-FPGA/Vitis3/CNC-FPGA-PLATFORM/zynq_fsbl/zynq_fsbl_bsp/system.mss
TRACE::2026-03-31.00:24:50::SCWMssOS::DEBUG:  swdes dump  E:/Git-Repos/CNC-FPGA/Vitis3/CNC-FPGA-FINAL-RELEASE/ps7_cortexa9_0/standalone_domain/bsp/system.mss|system_0||
E:/Git-Repos/CNC-FPGA/Vitis3/CNC-FPGA-FINAL-RELEASE/zynq_fsbl/zynq_fsbl_bsp/system.mss|system||
E:/Git-Repos/CNC-FPGA/Vitis3/CNC-FPGA-PLATFORM/ps7_cortexa9_0/standalone_domain/bsp/system.mss|system_2||
E:/Git-Repos/CNC-FPGA/Vitis3/CNC-FPGA-PLATFORM/zynq_fsbl/zynq_fsbl_bsp/system.mss|system_1||

TRACE::2026-03-31.00:24:50::SCWMssOS::Sw design exists and opened at  E:/Git-Repos/CNC-FPGA/Vitis3/CNC-FPGA-PLATFORM/zynq_fsbl/zynq_fsbl_bsp/system.mss
TRACE::2026-03-31.00:24:50::SCWMssOS:: library already available in sw design:  xilrsa:1.8
TRACE::2026-03-31.00:24:50::SCWMssOS::Saving the mss changes E:/Git-Repos/CNC-FPGA/Vitis3/CNC-FPGA-PLATFORM/zynq_fsbl/zynq_fsbl_bsp/system.mss
TRACE::2026-03-31.00:24:50::SCWMssOS::Found a swdesign opened with the mssfile.
TRACE::2026-03-31.00:24:50::SCWMssOS::Completed writemss as part of save.
TRACE::2026-03-31.00:24:50::SCWMssOS::Commit changes completed.
TRACE::2026-03-31.00:24:50::SCWPlatform::Trying to open the hw design at E:/Git-Repos/CNC-FPGA/Vitis3/CNC-FPGA-PLATFORM/hw/CNC_FPGA_HW.xsa
TRACE::2026-03-31.00:24:50::SCWPlatform::DSA given E:/Git-Repos/CNC-FPGA/Vitis3/CNC-FPGA-PLATFORM/hw/CNC_FPGA_HW.xsa
TRACE::2026-03-31.00:24:50::SCWPlatform::DSA absoulate path E:/Git-Repos/CNC-FPGA/Vitis3/CNC-FPGA-PLATFORM/hw/CNC_FPGA_HW.xsa
TRACE::2026-03-31.00:24:50::SCWPlatform::DSA directory E:/Git-Repos/CNC-FPGA/Vitis3/CNC-FPGA-PLATFORM/hw
TRACE::2026-03-31.00:24:50::SCWPlatform:: Platform Path E:/Git-Repos/CNC-FPGA/Vitis3/CNC-FPGA-PLATFORM/hw/CNC_FPGA_HW.xsa
TRACE::2026-03-31.00:24:50::SCWPlatform:: Unique name xilinx:zedboard::0.0
TRACE::2026-03-31.00:24:50::SCWPlatform::Trying to set the existing hwdb with name CNC_Top_wrapper_2
TRACE::2026-03-31.00:24:50::SCWPlatform::Opened existing hwdb CNC_Top_wrapper_2
TRACE::2026-03-31.00:24:50::SCWPlatform::Found the Hw Db part of the input DSA
TRACE::2026-03-31.00:24:50::SCWMssOS::Checking the sw design at  E:/Git-Repos/CNC-FPGA/Vitis3/CNC-FPGA-PLATFORM/zynq_fsbl/zynq_fsbl_bsp/system.mss
TRACE::2026-03-31.00:24:50::SCWMssOS::DEBUG:  swdes dump  E:/Git-Repos/CNC-FPGA/Vitis3/CNC-FPGA-FINAL-RELEASE/ps7_cortexa9_0/standalone_domain/bsp/system.mss|system_0||
E:/Git-Repos/CNC-FPGA/Vitis3/CNC-FPGA-FINAL-RELEASE/zynq_fsbl/zynq_fsbl_bsp/system.mss|system||
E:/Git-Repos/CNC-FPGA/Vitis3/CNC-FPGA-PLATFORM/ps7_cortexa9_0/standalone_domain/bsp/system.mss|system_2||
E:/Git-Repos/CNC-FPGA/Vitis3/CNC-FPGA-PLATFORM/zynq_fsbl/zynq_fsbl_bsp/system.mss|system_1||

TRACE::2026-03-31.00:24:50::SCWMssOS::Sw design exists and opened at  E:/Git-Repos/CNC-FPGA/Vitis3/CNC-FPGA-PLATFORM/zynq_fsbl/zynq_fsbl_bsp/system.mss
TRACE::2026-03-31.00:24:50::SCWMssOS::Removing the swdes entry for  E:/Git-Repos/CNC-FPGA/Vitis3/CNC-FPGA-PLATFORM/zynq_fsbl/zynq_fsbl_bsp/system.mss
TRACE::2026-03-31.00:24:51::SCWPlatform::Trying to open the hw design at E:/Git-Repos/CNC-FPGA/Vitis3/CNC-FPGA-PLATFORM/hw/CNC_FPGA_HW.xsa
TRACE::2026-03-31.00:24:51::SCWPlatform::DSA given E:/Git-Repos/CNC-FPGA/Vitis3/CNC-FPGA-PLATFORM/hw/CNC_FPGA_HW.xsa
TRACE::2026-03-31.00:24:51::SCWPlatform::DSA absoulate path E:/Git-Repos/CNC-FPGA/Vitis3/CNC-FPGA-PLATFORM/hw/CNC_FPGA_HW.xsa
TRACE::2026-03-31.00:24:51::SCWPlatform::DSA directory E:/Git-Repos/CNC-FPGA/Vitis3/CNC-FPGA-PLATFORM/hw
TRACE::2026-03-31.00:24:51::SCWPlatform:: Platform Path E:/Git-Repos/CNC-FPGA/Vitis3/CNC-FPGA-PLATFORM/hw/CNC_FPGA_HW.xsa
TRACE::2026-03-31.00:24:51::SCWPlatform:: Unique name xilinx:zedboard::0.0
TRACE::2026-03-31.00:24:51::SCWPlatform::Trying to set the existing hwdb with name CNC_Top_wrapper_2
TRACE::2026-03-31.00:24:51::SCWPlatform::Opened existing hwdb CNC_Top_wrapper_2
TRACE::2026-03-31.00:24:51::SCWPlatform::Found the Hw Db part of the input DSA
TRACE::2026-03-31.00:24:51::SCWMssOS::Checking the sw design at  E:/Git-Repos/CNC-FPGA/Vitis3/CNC-FPGA-PLATFORM/ps7_cortexa9_0/standalone_domain/bsp/system.mss
TRACE::2026-03-31.00:24:51::SCWMssOS::DEBUG:  swdes dump  E:/Git-Repos/CNC-FPGA/Vitis3/CNC-FPGA-FINAL-RELEASE/ps7_cortexa9_0/standalone_domain/bsp/system.mss|system_0||
E:/Git-Repos/CNC-FPGA/Vitis3/CNC-FPGA-FINAL-RELEASE/zynq_fsbl/zynq_fsbl_bsp/system.mss|system||
E:/Git-Repos/CNC-FPGA/Vitis3/CNC-FPGA-PLATFORM/ps7_cortexa9_0/standalone_domain/bsp/system.mss|system_2||

TRACE::2026-03-31.00:24:51::SCWMssOS::Sw design exists and opened at  E:/Git-Repos/CNC-FPGA/Vitis3/CNC-FPGA-PLATFORM/ps7_cortexa9_0/standalone_domain/bsp/system.mss
TRACE::2026-03-31.00:24:51::SCWMssOS::In reload Mss file.
TRACE::2026-03-31.00:24:51::SCWPlatform::Trying to open the hw design at E:/Git-Repos/CNC-FPGA/Vitis3/CNC-FPGA-PLATFORM/hw/CNC_FPGA_HW.xsa
TRACE::2026-03-31.00:24:51::SCWPlatform::DSA given E:/Git-Repos/CNC-FPGA/Vitis3/CNC-FPGA-PLATFORM/hw/CNC_FPGA_HW.xsa
TRACE::2026-03-31.00:24:51::SCWPlatform::DSA absoulate path E:/Git-Repos/CNC-FPGA/Vitis3/CNC-FPGA-PLATFORM/hw/CNC_FPGA_HW.xsa
TRACE::2026-03-31.00:24:51::SCWPlatform::DSA directory E:/Git-Repos/CNC-FPGA/Vitis3/CNC-FPGA-PLATFORM/hw
TRACE::2026-03-31.00:24:51::SCWPlatform:: Platform Path E:/Git-Repos/CNC-FPGA/Vitis3/CNC-FPGA-PLATFORM/hw/CNC_FPGA_HW.xsa
TRACE::2026-03-31.00:24:51::SCWPlatform:: Unique name xilinx:zedboard::0.0
TRACE::2026-03-31.00:24:51::SCWPlatform::Trying to set the existing hwdb with name CNC_Top_wrapper_2
TRACE::2026-03-31.00:24:51::SCWPlatform::Opened existing hwdb CNC_Top_wrapper_2
TRACE::2026-03-31.00:24:51::SCWPlatform::Found the Hw Db part of the input DSA
TRACE::2026-03-31.00:24:51::SCWMssOS::Checking the sw design at  E:/Git-Repos/CNC-FPGA/Vitis3/CNC-FPGA-PLATFORM/ps7_cortexa9_0/standalone_domain/bsp/system.mss
TRACE::2026-03-31.00:24:51::SCWMssOS::DEBUG:  swdes dump  E:/Git-Repos/CNC-FPGA/Vitis3/CNC-FPGA-FINAL-RELEASE/ps7_cortexa9_0/standalone_domain/bsp/system.mss|system_0||
E:/Git-Repos/CNC-FPGA/Vitis3/CNC-FPGA-FINAL-RELEASE/zynq_fsbl/zynq_fsbl_bsp/system.mss|system||

TRACE::2026-03-31.00:24:51::SCWMssOS::No sw design opened at  E:/Git-Repos/CNC-FPGA/Vitis3/CNC-FPGA-PLATFORM/ps7_cortexa9_0/standalone_domain/bsp/system.mss
TRACE::2026-03-31.00:24:51::SCWMssOS::mss exists loading the mss file  E:/Git-Repos/CNC-FPGA/Vitis3/CNC-FPGA-PLATFORM/ps7_cortexa9_0/standalone_domain/bsp/system.mss
TRACE::2026-03-31.00:24:51::SCWMssOS::Opened the sw design from mss  E:/Git-Repos/CNC-FPGA/Vitis3/CNC-FPGA-PLATFORM/ps7_cortexa9_0/standalone_domain/bsp/system.mss
TRACE::2026-03-31.00:24:51::SCWMssOS::Adding the swdes entry E:/Git-Repos/CNC-FPGA/Vitis3/CNC-FPGA-PLATFORM/ps7_cortexa9_0/standalone_domain/bsp/system.mss with des name system_1
TRACE::2026-03-31.00:24:51::SCWMssOS::updating the scw layer about changes
TRACE::2026-03-31.00:24:51::SCWMssOS::Opened the sw design.  E:/Git-Repos/CNC-FPGA/Vitis3/CNC-FPGA-PLATFORM/ps7_cortexa9_0/standalone_domain/bsp/system.mss
TRACE::2026-03-31.00:24:51::SCWMssOS::Saving the mss changes E:/Git-Repos/CNC-FPGA/Vitis3/CNC-FPGA-PLATFORM/ps7_cortexa9_0/standalone_domain/bsp/system.mss
TRACE::2026-03-31.00:24:51::SCWMssOS::Found a swdesign opened with the mssfile.
TRACE::2026-03-31.00:24:51::SCWMssOS::Completed writemss as part of save.
TRACE::2026-03-31.00:24:51::SCWMssOS::Commit changes completed.
TRACE::2026-03-31.00:24:51::SCWPlatform::Trying to open the hw design at E:/Git-Repos/CNC-FPGA/Vitis3/CNC-FPGA-PLATFORM/hw/CNC_FPGA_HW.xsa
TRACE::2026-03-31.00:24:51::SCWPlatform::DSA given E:/Git-Repos/CNC-FPGA/Vitis3/CNC-FPGA-PLATFORM/hw/CNC_FPGA_HW.xsa
TRACE::2026-03-31.00:24:51::SCWPlatform::DSA absoulate path E:/Git-Repos/CNC-FPGA/Vitis3/CNC-FPGA-PLATFORM/hw/CNC_FPGA_HW.xsa
TRACE::2026-03-31.00:24:51::SCWPlatform::DSA directory E:/Git-Repos/CNC-FPGA/Vitis3/CNC-FPGA-PLATFORM/hw
TRACE::2026-03-31.00:24:51::SCWPlatform:: Platform Path E:/Git-Repos/CNC-FPGA/Vitis3/CNC-FPGA-PLATFORM/hw/CNC_FPGA_HW.xsa
TRACE::2026-03-31.00:24:51::SCWPlatform:: Unique name xilinx:zedboard::0.0
TRACE::2026-03-31.00:24:51::SCWPlatform::Trying to set the existing hwdb with name CNC_Top_wrapper_2
TRACE::2026-03-31.00:24:51::SCWPlatform::Opened existing hwdb CNC_Top_wrapper_2
TRACE::2026-03-31.00:24:51::SCWPlatform::Found the Hw Db part of the input DSA
TRACE::2026-03-31.00:24:51::SCWMssOS::Checking the sw design at  E:/Git-Repos/CNC-FPGA/Vitis3/CNC-FPGA-PLATFORM/ps7_cortexa9_0/standalone_domain/bsp/system.mss
TRACE::2026-03-31.00:24:51::SCWMssOS::DEBUG:  swdes dump  E:/Git-Repos/CNC-FPGA/Vitis3/CNC-FPGA-FINAL-RELEASE/ps7_cortexa9_0/standalone_domain/bsp/system.mss|system_0||
E:/Git-Repos/CNC-FPGA/Vitis3/CNC-FPGA-FINAL-RELEASE/zynq_fsbl/zynq_fsbl_bsp/system.mss|system||
E:/Git-Repos/CNC-FPGA/Vitis3/CNC-FPGA-PLATFORM/ps7_cortexa9_0/standalone_domain/bsp/system.mss|system_1||

TRACE::2026-03-31.00:24:51::SCWMssOS::Sw design exists and opened at  E:/Git-Repos/CNC-FPGA/Vitis3/CNC-FPGA-PLATFORM/ps7_cortexa9_0/standalone_domain/bsp/system.mss
TRACE::2026-03-31.00:24:51::SCWMssOS::Removing the swdes entry for  E:/Git-Repos/CNC-FPGA/Vitis3/CNC-FPGA-PLATFORM/ps7_cortexa9_0/standalone_domain/bsp/system.mss
TRACE::2026-03-31.00:24:53::SCWPlatform::Trying to open the hw design at E:/Git-Repos/CNC-FPGA/Vitis3/CNC-FPGA-PLATFORM/hw/CNC_FPGA_HW.xsa
TRACE::2026-03-31.00:24:53::SCWPlatform::DSA given E:/Git-Repos/CNC-FPGA/Vitis3/CNC-FPGA-PLATFORM/hw/CNC_FPGA_HW.xsa
TRACE::2026-03-31.00:24:53::SCWPlatform::DSA absoulate path E:/Git-Repos/CNC-FPGA/Vitis3/CNC-FPGA-PLATFORM/hw/CNC_FPGA_HW.xsa
TRACE::2026-03-31.00:24:53::SCWPlatform::DSA directory E:/Git-Repos/CNC-FPGA/Vitis3/CNC-FPGA-PLATFORM/hw
TRACE::2026-03-31.00:24:53::SCWPlatform:: Platform Path E:/Git-Repos/CNC-FPGA/Vitis3/CNC-FPGA-PLATFORM/hw/CNC_FPGA_HW.xsa
TRACE::2026-03-31.00:24:53::SCWPlatform:: Unique name xilinx:zedboard::0.0
TRACE::2026-03-31.00:24:53::SCWPlatform::Trying to set the existing hwdb with name CNC_Top_wrapper_2
TRACE::2026-03-31.00:24:53::SCWPlatform::Opened existing hwdb CNC_Top_wrapper_2
TRACE::2026-03-31.00:24:53::SCWPlatform::Found the Hw Db part of the input DSA
TRACE::2026-03-31.00:24:53::SCWMssOS::Checking the sw design at  E:/Git-Repos/CNC-FPGA/Vitis3/CNC-FPGA-PLATFORM/zynq_fsbl/zynq_fsbl_bsp/system.mss
TRACE::2026-03-31.00:24:53::SCWMssOS::DEBUG:  swdes dump  E:/Git-Repos/CNC-FPGA/Vitis3/CNC-FPGA-FINAL-RELEASE/ps7_cortexa9_0/standalone_domain/bsp/system.mss|system_0||
E:/Git-Repos/CNC-FPGA/Vitis3/CNC-FPGA-FINAL-RELEASE/zynq_fsbl/zynq_fsbl_bsp/system.mss|system||

TRACE::2026-03-31.00:24:53::SCWMssOS::No sw design opened at  E:/Git-Repos/CNC-FPGA/Vitis3/CNC-FPGA-PLATFORM/zynq_fsbl/zynq_fsbl_bsp/system.mss
TRACE::2026-03-31.00:24:53::SCWMssOS::mss exists loading the mss file  E:/Git-Repos/CNC-FPGA/Vitis3/CNC-FPGA-PLATFORM/zynq_fsbl/zynq_fsbl_bsp/system.mss
TRACE::2026-03-31.00:24:53::SCWMssOS::Opened the sw design from mss  E:/Git-Repos/CNC-FPGA/Vitis3/CNC-FPGA-PLATFORM/zynq_fsbl/zynq_fsbl_bsp/system.mss
TRACE::2026-03-31.00:24:53::SCWMssOS::Adding the swdes entry E:/Git-Repos/CNC-FPGA/Vitis3/CNC-FPGA-PLATFORM/zynq_fsbl/zynq_fsbl_bsp/system.mss with des name system_1
TRACE::2026-03-31.00:24:53::SCWMssOS::updating the scw layer about changes
TRACE::2026-03-31.00:24:53::SCWMssOS::Opened the sw design.  E:/Git-Repos/CNC-FPGA/Vitis3/CNC-FPGA-PLATFORM/zynq_fsbl/zynq_fsbl_bsp/system.mss
TRACE::2026-03-31.00:24:55::SCWMssOS::Saving the mss changes E:/Git-Repos/CNC-FPGA/Vitis3/CNC-FPGA-PLATFORM/zynq_fsbl/zynq_fsbl_bsp/system.mss
TRACE::2026-03-31.00:24:55::SCWMssOS::Found a swdesign opened with the mssfile.
TRACE::2026-03-31.00:24:55::SCWMssOS::Completed writemss as part of save.
TRACE::2026-03-31.00:24:55::SCWMssOS::Commit changes completed.
TRACE::2026-03-31.00:24:55::SCWMssOS::Saving the mss changes E:/Git-Repos/CNC-FPGA/Vitis3/CNC-FPGA-PLATFORM/ps7_cortexa9_0/standalone_domain/bsp/system.mss
TRACE::2026-03-31.00:24:55::SCWMssOS::Adding the swdes entry, mss present, able to open swdb E:/Git-Repos/CNC-FPGA/Vitis3/CNC-FPGA-PLATFORM/ps7_cortexa9_0/standalone_domain/bsp/system.mss with des name system_2
TRACE::2026-03-31.00:24:55::SCWMssOS::Writing the mss file completed E:/Git-Repos/CNC-FPGA/Vitis3/CNC-FPGA-PLATFORM/ps7_cortexa9_0/standalone_domain/bsp/system.mss
TRACE::2026-03-31.00:24:55::SCWMssOS::Commit changes completed.
TRACE::2026-03-31.00:24:55::SCWPlatform::Trying to open the hw design at E:/Git-Repos/CNC-FPGA/Vitis3/CNC-FPGA-PLATFORM/hw/CNC_FPGA_HW.xsa
TRACE::2026-03-31.00:24:55::SCWPlatform::DSA given E:/Git-Repos/CNC-FPGA/Vitis3/CNC-FPGA-PLATFORM/hw/CNC_FPGA_HW.xsa
TRACE::2026-03-31.00:24:55::SCWPlatform::DSA absoulate path E:/Git-Repos/CNC-FPGA/Vitis3/CNC-FPGA-PLATFORM/hw/CNC_FPGA_HW.xsa
TRACE::2026-03-31.00:24:55::SCWPlatform::DSA directory E:/Git-Repos/CNC-FPGA/Vitis3/CNC-FPGA-PLATFORM/hw
TRACE::2026-03-31.00:24:55::SCWPlatform:: Platform Path E:/Git-Repos/CNC-FPGA/Vitis3/CNC-FPGA-PLATFORM/hw/CNC_FPGA_HW.xsa
TRACE::2026-03-31.00:24:55::SCWPlatform:: Unique name xilinx:zedboard::0.0
TRACE::2026-03-31.00:24:55::SCWPlatform::Trying to set the existing hwdb with name CNC_Top_wrapper_2
TRACE::2026-03-31.00:24:55::SCWPlatform::Opened existing hwdb CNC_Top_wrapper_2
TRACE::2026-03-31.00:24:55::SCWPlatform::Found the Hw Db part of the input DSA
TRACE::2026-03-31.00:24:55::SCWMssOS::Checking the sw design at  E:/Git-Repos/CNC-FPGA/Vitis3/CNC-FPGA-PLATFORM/zynq_fsbl/zynq_fsbl_bsp/system.mss
TRACE::2026-03-31.00:24:55::SCWMssOS::DEBUG:  swdes dump  E:/Git-Repos/CNC-FPGA/Vitis3/CNC-FPGA-FINAL-RELEASE/ps7_cortexa9_0/standalone_domain/bsp/system.mss|system_0||
E:/Git-Repos/CNC-FPGA/Vitis3/CNC-FPGA-FINAL-RELEASE/zynq_fsbl/zynq_fsbl_bsp/system.mss|system||
E:/Git-Repos/CNC-FPGA/Vitis3/CNC-FPGA-PLATFORM/ps7_cortexa9_0/standalone_domain/bsp/system.mss|system_2||
E:/Git-Repos/CNC-FPGA/Vitis3/CNC-FPGA-PLATFORM/zynq_fsbl/zynq_fsbl_bsp/system.mss|system_1||

TRACE::2026-03-31.00:24:55::SCWMssOS::Sw design exists and opened at  E:/Git-Repos/CNC-FPGA/Vitis3/CNC-FPGA-PLATFORM/zynq_fsbl/zynq_fsbl_bsp/system.mss
TRACE::2026-03-31.00:24:55::SCWPlatform::Trying to open the hw design at E:/Git-Repos/CNC-FPGA/Vitis3/CNC-FPGA-PLATFORM/hw/CNC_FPGA_HW.xsa
TRACE::2026-03-31.00:24:55::SCWPlatform::DSA given E:/Git-Repos/CNC-FPGA/Vitis3/CNC-FPGA-PLATFORM/hw/CNC_FPGA_HW.xsa
TRACE::2026-03-31.00:24:55::SCWPlatform::DSA absoulate path E:/Git-Repos/CNC-FPGA/Vitis3/CNC-FPGA-PLATFORM/hw/CNC_FPGA_HW.xsa
TRACE::2026-03-31.00:24:55::SCWPlatform::DSA directory E:/Git-Repos/CNC-FPGA/Vitis3/CNC-FPGA-PLATFORM/hw
TRACE::2026-03-31.00:24:55::SCWPlatform:: Platform Path E:/Git-Repos/CNC-FPGA/Vitis3/CNC-FPGA-PLATFORM/hw/CNC_FPGA_HW.xsa
TRACE::2026-03-31.00:24:55::SCWPlatform:: Unique name xilinx:zedboard::0.0
TRACE::2026-03-31.00:24:55::SCWPlatform::Trying to set the existing hwdb with name CNC_Top_wrapper_2
TRACE::2026-03-31.00:24:55::SCWPlatform::Opened existing hwdb CNC_Top_wrapper_2
TRACE::2026-03-31.00:24:55::SCWPlatform::Found the Hw Db part of the input DSA
TRACE::2026-03-31.00:24:55::SCWMssOS::Checking the sw design at  E:/Git-Repos/CNC-FPGA/Vitis3/CNC-FPGA-PLATFORM/ps7_cortexa9_0/standalone_domain/bsp/system.mss
TRACE::2026-03-31.00:24:55::SCWMssOS::DEBUG:  swdes dump  E:/Git-Repos/CNC-FPGA/Vitis3/CNC-FPGA-FINAL-RELEASE/ps7_cortexa9_0/standalone_domain/bsp/system.mss|system_0||
E:/Git-Repos/CNC-FPGA/Vitis3/CNC-FPGA-FINAL-RELEASE/zynq_fsbl/zynq_fsbl_bsp/system.mss|system||
E:/Git-Repos/CNC-FPGA/Vitis3/CNC-FPGA-PLATFORM/ps7_cortexa9_0/standalone_domain/bsp/system.mss|system_2||
E:/Git-Repos/CNC-FPGA/Vitis3/CNC-FPGA-PLATFORM/zynq_fsbl/zynq_fsbl_bsp/system.mss|system_1||

TRACE::2026-03-31.00:24:55::SCWMssOS::Sw design exists and opened at  E:/Git-Repos/CNC-FPGA/Vitis3/CNC-FPGA-PLATFORM/ps7_cortexa9_0/standalone_domain/bsp/system.mss
TRACE::2026-03-31.00:24:55::SCWWriter::formatted JSON is {
	"platformName":	"CNC-FPGA-PLATFORM",
	"sprVersion":	"2.0",
	"mode":	"gui",
	"dsaType":	"Fixed",
	"platformDesc":	"CNC-FPGA-PLATFORM",
	"platHandOff":	"E:/Git-Repos/CNC-FPGA/Zedboard-CNC/CNC_FPGA_HW.xsa",
	"platIntHandOff":	"<platformDir>/hw/CNC_FPGA_HW.xsa",
	"deviceType":	"zynq",
	"platIsPrebuiltAutogen":	"false",
	"platIsNoBootBsp":	"false",
	"hasFsblMakeHasChanges":	"false",
	"hasPmufwMakeHasChanges":	"false",
	"fsblExtraCompilerFlags":	"-MMD -MP       -mcpu=cortex-a9 -mfpu=vfpv3 -mfloat-abi=hard ",
	"platPreBuiltFlag":	false,
	"platformSamplesDir":	"",
	"platActiveSys":	"CNC-FPGA-PLATFORM",
	"systems":	[{
			"systemName":	"CNC-FPGA-PLATFORM",
			"systemDesc":	"CNC-FPGA-PLATFORM",
			"sysIsBootAutoGen":	"true",
			"systemDispName":	"CNC-FPGA-PLATFORM",
			"sysActiveDom":	"zynq_fsbl",
			"sysDefaultDom":	"standalone_domain",
			"domains":	[{
					"domainName":	"zynq_fsbl",
					"domainDispName":	"zynq_fsbl",
					"domainDesc":	"FSBL Application BSP - Auto Generated.",
					"processors":	"ps7_cortexa9_0",
					"os":	"standalone",
					"sdxOs":	"standalone",
					"debugEnable":	"",
					"domRuntimes":	["cpp"],
					"swRepo":	"",
					"mssOsVer":	"9.2",
					"mssFile":	"",
					"md5Digest":	"822b05f43d93911360d956bc0e0ec2b0",
					"compatibleApp":	"zynq_fsbl",
					"domType":	"bootDomain",
					"arch":	"32-bit",
					"appSettings":	{
						"appCompilerFlags":	"",
						"appLinkerFlags":	""
					},
					"addedLibs":	["xilffs:5.3", "xilrsa:1.8"],
					"libOptions":	{
						"libsContainingOptions":	[]
					},
					"prebuiltLibs":	{
						"prebuiltIncPath":	[],
						"prebuiltLibPath":	[]
					},
					"isolation":	{
					}
				}, {
					"domainName":	"standalone_domain",
					"domainDispName":	"standalone on ps7_cortexa9_0",
					"domainDesc":	"standalone_domain",
					"processors":	"ps7_cortexa9_0",
					"os":	"standalone",
					"sdxOs":	"standalone",
					"qemuArgs":	"<platformDir>/resources/CNC-FPGA-PLATFORM/standalone_domain/qemu_args.txt",
					"qemuData":	"<platformDir>/resources/CNC-FPGA-PLATFORM/standalone_domain/qemu",
					"debugEnable":	"False",
					"domRuntimes":	["cpp"],
					"swRepo":	"",
					"mssOsVer":	"9.2",
					"mssFile":	"",
					"md5Digest":	"4bf099da2fb427a9388a4e43114e5a42",
					"compatibleApp":	"",
					"domType":	"mssDomain",
					"appSettings":	{
						"appCompilerFlags":	"",
						"appLinkerFlags":	""
					},
					"addedLibs":	[],
					"libOptions":	{
						"libsContainingOptions":	[]
					},
					"prebuiltLibs":	{
						"prebuiltIncPath":	[],
						"prebuiltLibPath":	[]
					},
					"isolation":	{
					}
				}]
		}]
}
TRACE::2026-03-31.00:24:55::SCWMssOS::Saving the mss changes E:/Git-Repos/CNC-FPGA/Vitis3/CNC-FPGA-PLATFORM/zynq_fsbl/zynq_fsbl_bsp/system.mss
TRACE::2026-03-31.00:24:55::SCWMssOS::Found a swdesign opened with the mssfile.
TRACE::2026-03-31.00:24:55::SCWMssOS::Completed writemss as part of save.
TRACE::2026-03-31.00:24:55::SCWMssOS::Commit changes completed.
TRACE::2026-03-31.00:24:55::SCWPlatform::Trying to open the hw design at E:/Git-Repos/CNC-FPGA/Vitis3/CNC-FPGA-PLATFORM/hw/CNC_FPGA_HW.xsa
TRACE::2026-03-31.00:24:55::SCWPlatform::DSA given E:/Git-Repos/CNC-FPGA/Vitis3/CNC-FPGA-PLATFORM/hw/CNC_FPGA_HW.xsa
TRACE::2026-03-31.00:24:55::SCWPlatform::DSA absoulate path E:/Git-Repos/CNC-FPGA/Vitis3/CNC-FPGA-PLATFORM/hw/CNC_FPGA_HW.xsa
TRACE::2026-03-31.00:24:55::SCWPlatform::DSA directory E:/Git-Repos/CNC-FPGA/Vitis3/CNC-FPGA-PLATFORM/hw
TRACE::2026-03-31.00:24:55::SCWPlatform:: Platform Path E:/Git-Repos/CNC-FPGA/Vitis3/CNC-FPGA-PLATFORM/hw/CNC_FPGA_HW.xsa
TRACE::2026-03-31.00:24:55::SCWPlatform:: Unique name xilinx:zedboard::0.0
TRACE::2026-03-31.00:24:55::SCWPlatform::Trying to set the existing hwdb with name CNC_Top_wrapper_2
TRACE::2026-03-31.00:24:55::SCWPlatform::Opened existing hwdb CNC_Top_wrapper_2
TRACE::2026-03-31.00:24:55::SCWPlatform::Found the Hw Db part of the input DSA
TRACE::2026-03-31.00:24:55::SCWMssOS::Checking the sw design at  E:/Git-Repos/CNC-FPGA/Vitis3/CNC-FPGA-PLATFORM/zynq_fsbl/zynq_fsbl_bsp/system.mss
TRACE::2026-03-31.00:24:55::SCWMssOS::DEBUG:  swdes dump  E:/Git-Repos/CNC-FPGA/Vitis3/CNC-FPGA-FINAL-RELEASE/ps7_cortexa9_0/standalone_domain/bsp/system.mss|system_0||
E:/Git-Repos/CNC-FPGA/Vitis3/CNC-FPGA-FINAL-RELEASE/zynq_fsbl/zynq_fsbl_bsp/system.mss|system||
E:/Git-Repos/CNC-FPGA/Vitis3/CNC-FPGA-PLATFORM/ps7_cortexa9_0/standalone_domain/bsp/system.mss|system_2||
E:/Git-Repos/CNC-FPGA/Vitis3/CNC-FPGA-PLATFORM/zynq_fsbl/zynq_fsbl_bsp/system.mss|system_1||

TRACE::2026-03-31.00:24:55::SCWMssOS::Sw design exists and opened at  E:/Git-Repos/CNC-FPGA/Vitis3/CNC-FPGA-PLATFORM/zynq_fsbl/zynq_fsbl_bsp/system.mss
TRACE::2026-03-31.00:24:55::SCWMssOS::Removing the swdes entry for  E:/Git-Repos/CNC-FPGA/Vitis3/CNC-FPGA-PLATFORM/zynq_fsbl/zynq_fsbl_bsp/system.mss
TRACE::2026-03-31.00:24:56::SCWPlatform::Trying to open the hw design at E:/Git-Repos/CNC-FPGA/Vitis3/CNC-FPGA-PLATFORM/hw/CNC_FPGA_HW.xsa
TRACE::2026-03-31.00:24:56::SCWPlatform::DSA given E:/Git-Repos/CNC-FPGA/Vitis3/CNC-FPGA-PLATFORM/hw/CNC_FPGA_HW.xsa
TRACE::2026-03-31.00:24:56::SCWPlatform::DSA absoulate path E:/Git-Repos/CNC-FPGA/Vitis3/CNC-FPGA-PLATFORM/hw/CNC_FPGA_HW.xsa
TRACE::2026-03-31.00:24:56::SCWPlatform::DSA directory E:/Git-Repos/CNC-FPGA/Vitis3/CNC-FPGA-PLATFORM/hw
TRACE::2026-03-31.00:24:56::SCWPlatform:: Platform Path E:/Git-Repos/CNC-FPGA/Vitis3/CNC-FPGA-PLATFORM/hw/CNC_FPGA_HW.xsa
TRACE::2026-03-31.00:24:56::SCWPlatform:: Unique name xilinx:zedboard::0.0
TRACE::2026-03-31.00:24:56::SCWPlatform::Trying to set the existing hwdb with name CNC_Top_wrapper_2
TRACE::2026-03-31.00:24:56::SCWPlatform::Opened existing hwdb CNC_Top_wrapper_2
TRACE::2026-03-31.00:24:56::SCWPlatform::Found the Hw Db part of the input DSA
TRACE::2026-03-31.00:24:56::SCWMssOS::Checking the sw design at  E:/Git-Repos/CNC-FPGA/Vitis3/CNC-FPGA-PLATFORM/ps7_cortexa9_0/standalone_domain/bsp/system.mss
TRACE::2026-03-31.00:24:56::SCWMssOS::DEBUG:  swdes dump  E:/Git-Repos/CNC-FPGA/Vitis3/CNC-FPGA-FINAL-RELEASE/ps7_cortexa9_0/standalone_domain/bsp/system.mss|system_0||
E:/Git-Repos/CNC-FPGA/Vitis3/CNC-FPGA-FINAL-RELEASE/zynq_fsbl/zynq_fsbl_bsp/system.mss|system||
E:/Git-Repos/CNC-FPGA/Vitis3/CNC-FPGA-PLATFORM/ps7_cortexa9_0/standalone_domain/bsp/system.mss|system_2||

TRACE::2026-03-31.00:24:56::SCWMssOS::Sw design exists and opened at  E:/Git-Repos/CNC-FPGA/Vitis3/CNC-FPGA-PLATFORM/ps7_cortexa9_0/standalone_domain/bsp/system.mss
TRACE::2026-03-31.00:24:58::SCWPlatform::Trying to open the hw design at E:/Git-Repos/CNC-FPGA/Vitis3/CNC-FPGA-PLATFORM/hw/CNC_FPGA_HW.xsa
TRACE::2026-03-31.00:24:58::SCWPlatform::DSA given E:/Git-Repos/CNC-FPGA/Vitis3/CNC-FPGA-PLATFORM/hw/CNC_FPGA_HW.xsa
TRACE::2026-03-31.00:24:58::SCWPlatform::DSA absoulate path E:/Git-Repos/CNC-FPGA/Vitis3/CNC-FPGA-PLATFORM/hw/CNC_FPGA_HW.xsa
TRACE::2026-03-31.00:24:58::SCWPlatform::DSA directory E:/Git-Repos/CNC-FPGA/Vitis3/CNC-FPGA-PLATFORM/hw
TRACE::2026-03-31.00:24:58::SCWPlatform:: Platform Path E:/Git-Repos/CNC-FPGA/Vitis3/CNC-FPGA-PLATFORM/hw/CNC_FPGA_HW.xsa
TRACE::2026-03-31.00:24:58::SCWPlatform:: Unique name xilinx:zedboard::0.0
TRACE::2026-03-31.00:24:58::SCWPlatform::Trying to set the existing hwdb with name CNC_Top_wrapper_2
TRACE::2026-03-31.00:24:58::SCWPlatform::Opened existing hwdb CNC_Top_wrapper_2
TRACE::2026-03-31.00:24:58::SCWPlatform::Found the Hw Db part of the input DSA
TRACE::2026-03-31.00:24:58::SCWMssOS::Checking the sw design at  E:/Git-Repos/CNC-FPGA/Vitis3/CNC-FPGA-PLATFORM/ps7_cortexa9_0/standalone_domain/bsp/system.mss
TRACE::2026-03-31.00:24:58::SCWMssOS::DEBUG:  swdes dump  E:/Git-Repos/CNC-FPGA/Vitis3/CNC-FPGA-FINAL-RELEASE/ps7_cortexa9_0/standalone_domain/bsp/system.mss|system_0||
E:/Git-Repos/CNC-FPGA/Vitis3/CNC-FPGA-FINAL-RELEASE/zynq_fsbl/zynq_fsbl_bsp/system.mss|system||
E:/Git-Repos/CNC-FPGA/Vitis3/CNC-FPGA-PLATFORM/ps7_cortexa9_0/standalone_domain/bsp/system.mss|system_2||

TRACE::2026-03-31.00:24:58::SCWMssOS::Sw design exists and opened at  E:/Git-Repos/CNC-FPGA/Vitis3/CNC-FPGA-PLATFORM/ps7_cortexa9_0/standalone_domain/bsp/system.mss
TRACE::2026-03-31.00:24:58::SCWMssOS::Adding Library:  xilffs:5.3
TRACE::2026-03-31.00:24:58::SCWMssOS::Added Library:  xilffs
TRACE::2026-03-31.00:24:58::SCWPlatform::Trying to open the hw design at E:/Git-Repos/CNC-FPGA/Vitis3/CNC-FPGA-PLATFORM/hw/CNC_FPGA_HW.xsa
TRACE::2026-03-31.00:24:58::SCWPlatform::DSA given E:/Git-Repos/CNC-FPGA/Vitis3/CNC-FPGA-PLATFORM/hw/CNC_FPGA_HW.xsa
TRACE::2026-03-31.00:24:58::SCWPlatform::DSA absoulate path E:/Git-Repos/CNC-FPGA/Vitis3/CNC-FPGA-PLATFORM/hw/CNC_FPGA_HW.xsa
TRACE::2026-03-31.00:24:58::SCWPlatform::DSA directory E:/Git-Repos/CNC-FPGA/Vitis3/CNC-FPGA-PLATFORM/hw
TRACE::2026-03-31.00:24:58::SCWPlatform:: Platform Path E:/Git-Repos/CNC-FPGA/Vitis3/CNC-FPGA-PLATFORM/hw/CNC_FPGA_HW.xsa
TRACE::2026-03-31.00:24:58::SCWPlatform:: Unique name xilinx:zedboard::0.0
TRACE::2026-03-31.00:24:58::SCWPlatform::Trying to set the existing hwdb with name CNC_Top_wrapper_2
TRACE::2026-03-31.00:24:58::SCWPlatform::Opened existing hwdb CNC_Top_wrapper_2
TRACE::2026-03-31.00:24:58::SCWPlatform::Found the Hw Db part of the input DSA
TRACE::2026-03-31.00:24:58::SCWMssOS::Checking the sw design at  E:/Git-Repos/CNC-FPGA/Vitis3/CNC-FPGA-PLATFORM/ps7_cortexa9_0/standalone_domain/bsp/system.mss
TRACE::2026-03-31.00:24:58::SCWMssOS::DEBUG:  swdes dump  E:/Git-Repos/CNC-FPGA/Vitis3/CNC-FPGA-FINAL-RELEASE/ps7_cortexa9_0/standalone_domain/bsp/system.mss|system_0||
E:/Git-Repos/CNC-FPGA/Vitis3/CNC-FPGA-FINAL-RELEASE/zynq_fsbl/zynq_fsbl_bsp/system.mss|system||
E:/Git-Repos/CNC-FPGA/Vitis3/CNC-FPGA-PLATFORM/ps7_cortexa9_0/standalone_domain/bsp/system.mss|system_2||

TRACE::2026-03-31.00:24:58::SCWMssOS::Sw design exists and opened at  E:/Git-Repos/CNC-FPGA/Vitis3/CNC-FPGA-PLATFORM/ps7_cortexa9_0/standalone_domain/bsp/system.mss
TRACE::2026-03-31.00:24:59::SCWMssOS::Saving the mss changes E:/Git-Repos/CNC-FPGA/Vitis3/CNC-FPGA-PLATFORM/zynq_fsbl/zynq_fsbl_bsp/system.mss
TRACE::2026-03-31.00:24:59::SCWMssOS::Adding the swdes entry, mss present, able to open swdb E:/Git-Repos/CNC-FPGA/Vitis3/CNC-FPGA-PLATFORM/zynq_fsbl/zynq_fsbl_bsp/system.mss with des name system_1
TRACE::2026-03-31.00:24:59::SCWMssOS::Writing the mss file completed E:/Git-Repos/CNC-FPGA/Vitis3/CNC-FPGA-PLATFORM/zynq_fsbl/zynq_fsbl_bsp/system.mss
TRACE::2026-03-31.00:24:59::SCWMssOS::Commit changes completed.
TRACE::2026-03-31.00:24:59::SCWMssOS::Saving the mss changes E:/Git-Repos/CNC-FPGA/Vitis3/CNC-FPGA-PLATFORM/ps7_cortexa9_0/standalone_domain/bsp/system.mss
TRACE::2026-03-31.00:24:59::SCWMssOS::Found a swdesign opened with the mssfile.
TRACE::2026-03-31.00:24:59::SCWMssOS::Completed writemss as part of save.
TRACE::2026-03-31.00:24:59::SCWMssOS::Commit changes completed.
TRACE::2026-03-31.00:24:59::SCWPlatform::Trying to open the hw design at E:/Git-Repos/CNC-FPGA/Vitis3/CNC-FPGA-PLATFORM/hw/CNC_FPGA_HW.xsa
TRACE::2026-03-31.00:24:59::SCWPlatform::DSA given E:/Git-Repos/CNC-FPGA/Vitis3/CNC-FPGA-PLATFORM/hw/CNC_FPGA_HW.xsa
TRACE::2026-03-31.00:24:59::SCWPlatform::DSA absoulate path E:/Git-Repos/CNC-FPGA/Vitis3/CNC-FPGA-PLATFORM/hw/CNC_FPGA_HW.xsa
TRACE::2026-03-31.00:24:59::SCWPlatform::DSA directory E:/Git-Repos/CNC-FPGA/Vitis3/CNC-FPGA-PLATFORM/hw
TRACE::2026-03-31.00:24:59::SCWPlatform:: Platform Path E:/Git-Repos/CNC-FPGA/Vitis3/CNC-FPGA-PLATFORM/hw/CNC_FPGA_HW.xsa
TRACE::2026-03-31.00:24:59::SCWPlatform:: Unique name xilinx:zedboard::0.0
TRACE::2026-03-31.00:24:59::SCWPlatform::Trying to set the existing hwdb with name CNC_Top_wrapper_2
TRACE::2026-03-31.00:24:59::SCWPlatform::Opened existing hwdb CNC_Top_wrapper_2
TRACE::2026-03-31.00:24:59::SCWPlatform::Found the Hw Db part of the input DSA
TRACE::2026-03-31.00:24:59::SCWMssOS::Checking the sw design at  E:/Git-Repos/CNC-FPGA/Vitis3/CNC-FPGA-PLATFORM/zynq_fsbl/zynq_fsbl_bsp/system.mss
TRACE::2026-03-31.00:24:59::SCWMssOS::DEBUG:  swdes dump  E:/Git-Repos/CNC-FPGA/Vitis3/CNC-FPGA-FINAL-RELEASE/ps7_cortexa9_0/standalone_domain/bsp/system.mss|system_0||
E:/Git-Repos/CNC-FPGA/Vitis3/CNC-FPGA-FINAL-RELEASE/zynq_fsbl/zynq_fsbl_bsp/system.mss|system||
E:/Git-Repos/CNC-FPGA/Vitis3/CNC-FPGA-PLATFORM/ps7_cortexa9_0/standalone_domain/bsp/system.mss|system_2||
E:/Git-Repos/CNC-FPGA/Vitis3/CNC-FPGA-PLATFORM/zynq_fsbl/zynq_fsbl_bsp/system.mss|system_1||

TRACE::2026-03-31.00:24:59::SCWMssOS::Sw design exists and opened at  E:/Git-Repos/CNC-FPGA/Vitis3/CNC-FPGA-PLATFORM/zynq_fsbl/zynq_fsbl_bsp/system.mss
TRACE::2026-03-31.00:24:59::SCWPlatform::Trying to open the hw design at E:/Git-Repos/CNC-FPGA/Vitis3/CNC-FPGA-PLATFORM/hw/CNC_FPGA_HW.xsa
TRACE::2026-03-31.00:24:59::SCWPlatform::DSA given E:/Git-Repos/CNC-FPGA/Vitis3/CNC-FPGA-PLATFORM/hw/CNC_FPGA_HW.xsa
TRACE::2026-03-31.00:24:59::SCWPlatform::DSA absoulate path E:/Git-Repos/CNC-FPGA/Vitis3/CNC-FPGA-PLATFORM/hw/CNC_FPGA_HW.xsa
TRACE::2026-03-31.00:24:59::SCWPlatform::DSA directory E:/Git-Repos/CNC-FPGA/Vitis3/CNC-FPGA-PLATFORM/hw
TRACE::2026-03-31.00:24:59::SCWPlatform:: Platform Path E:/Git-Repos/CNC-FPGA/Vitis3/CNC-FPGA-PLATFORM/hw/CNC_FPGA_HW.xsa
TRACE::2026-03-31.00:24:59::SCWPlatform:: Unique name xilinx:zedboard::0.0
TRACE::2026-03-31.00:24:59::SCWPlatform::Trying to set the existing hwdb with name CNC_Top_wrapper_2
TRACE::2026-03-31.00:24:59::SCWPlatform::Opened existing hwdb CNC_Top_wrapper_2
TRACE::2026-03-31.00:24:59::SCWPlatform::Found the Hw Db part of the input DSA
TRACE::2026-03-31.00:24:59::SCWMssOS::Checking the sw design at  E:/Git-Repos/CNC-FPGA/Vitis3/CNC-FPGA-PLATFORM/ps7_cortexa9_0/standalone_domain/bsp/system.mss
TRACE::2026-03-31.00:24:59::SCWMssOS::DEBUG:  swdes dump  E:/Git-Repos/CNC-FPGA/Vitis3/CNC-FPGA-FINAL-RELEASE/ps7_cortexa9_0/standalone_domain/bsp/system.mss|system_0||
E:/Git-Repos/CNC-FPGA/Vitis3/CNC-FPGA-FINAL-RELEASE/zynq_fsbl/zynq_fsbl_bsp/system.mss|system||
E:/Git-Repos/CNC-FPGA/Vitis3/CNC-FPGA-PLATFORM/ps7_cortexa9_0/standalone_domain/bsp/system.mss|system_2||
E:/Git-Repos/CNC-FPGA/Vitis3/CNC-FPGA-PLATFORM/zynq_fsbl/zynq_fsbl_bsp/system.mss|system_1||

TRACE::2026-03-31.00:24:59::SCWMssOS::Sw design exists and opened at  E:/Git-Repos/CNC-FPGA/Vitis3/CNC-FPGA-PLATFORM/ps7_cortexa9_0/standalone_domain/bsp/system.mss
TRACE::2026-03-31.00:24:59::SCWWriter::formatted JSON is {
	"platformName":	"CNC-FPGA-PLATFORM",
	"sprVersion":	"2.0",
	"mode":	"gui",
	"dsaType":	"Fixed",
	"platformDesc":	"CNC-FPGA-PLATFORM",
	"platHandOff":	"E:/Git-Repos/CNC-FPGA/Zedboard-CNC/CNC_FPGA_HW.xsa",
	"platIntHandOff":	"<platformDir>/hw/CNC_FPGA_HW.xsa",
	"deviceType":	"zynq",
	"platIsPrebuiltAutogen":	"false",
	"platIsNoBootBsp":	"false",
	"hasFsblMakeHasChanges":	"false",
	"hasPmufwMakeHasChanges":	"false",
	"fsblExtraCompilerFlags":	"-MMD -MP       -mcpu=cortex-a9 -mfpu=vfpv3 -mfloat-abi=hard ",
	"platPreBuiltFlag":	false,
	"platformSamplesDir":	"",
	"platActiveSys":	"CNC-FPGA-PLATFORM",
	"systems":	[{
			"systemName":	"CNC-FPGA-PLATFORM",
			"systemDesc":	"CNC-FPGA-PLATFORM",
			"sysIsBootAutoGen":	"true",
			"systemDispName":	"CNC-FPGA-PLATFORM",
			"sysActiveDom":	"standalone_domain",
			"sysDefaultDom":	"standalone_domain",
			"domains":	[{
					"domainName":	"zynq_fsbl",
					"domainDispName":	"zynq_fsbl",
					"domainDesc":	"FSBL Application BSP - Auto Generated.",
					"processors":	"ps7_cortexa9_0",
					"os":	"standalone",
					"sdxOs":	"standalone",
					"debugEnable":	"",
					"domRuntimes":	["cpp"],
					"swRepo":	"",
					"mssOsVer":	"9.2",
					"mssFile":	"",
					"md5Digest":	"822b05f43d93911360d956bc0e0ec2b0",
					"compatibleApp":	"zynq_fsbl",
					"domType":	"bootDomain",
					"arch":	"32-bit",
					"appSettings":	{
						"appCompilerFlags":	"",
						"appLinkerFlags":	""
					},
					"addedLibs":	["xilffs:5.3", "xilrsa:1.8"],
					"libOptions":	{
						"libsContainingOptions":	[]
					},
					"prebuiltLibs":	{
						"prebuiltIncPath":	[],
						"prebuiltLibPath":	[]
					},
					"isolation":	{
					}
				}, {
					"domainName":	"standalone_domain",
					"domainDispName":	"standalone on ps7_cortexa9_0",
					"domainDesc":	"standalone_domain",
					"processors":	"ps7_cortexa9_0",
					"os":	"standalone",
					"sdxOs":	"standalone",
					"qemuArgs":	"<platformDir>/resources/CNC-FPGA-PLATFORM/standalone_domain/qemu_args.txt",
					"qemuData":	"<platformDir>/resources/CNC-FPGA-PLATFORM/standalone_domain/qemu",
					"debugEnable":	"False",
					"domRuntimes":	["cpp"],
					"swRepo":	"",
					"mssOsVer":	"9.2",
					"mssFile":	"",
					"md5Digest":	"4bf099da2fb427a9388a4e43114e5a42",
					"compatibleApp":	"",
					"domType":	"mssDomain",
					"appSettings":	{
						"appCompilerFlags":	"",
						"appLinkerFlags":	""
					},
					"addedLibs":	["xilffs:5.3"],
					"libOptions":	{
						"libsContainingOptions":	[]
					},
					"prebuiltLibs":	{
						"prebuiltIncPath":	[],
						"prebuiltLibPath":	[]
					},
					"isolation":	{
					}
				}]
		}]
}
TRACE::2026-03-31.00:24:59::SCWMssOS::Saving the mss changes E:/Git-Repos/CNC-FPGA/Vitis3/CNC-FPGA-PLATFORM/ps7_cortexa9_0/standalone_domain/bsp/system.mss
TRACE::2026-03-31.00:24:59::SCWMssOS::Found a swdesign opened with the mssfile.
TRACE::2026-03-31.00:24:59::SCWMssOS::Completed writemss as part of save.
TRACE::2026-03-31.00:24:59::SCWMssOS::Commit changes completed.
TRACE::2026-03-31.00:24:59::SCWPlatform::Trying to open the hw design at E:/Git-Repos/CNC-FPGA/Vitis3/CNC-FPGA-PLATFORM/hw/CNC_FPGA_HW.xsa
TRACE::2026-03-31.00:24:59::SCWPlatform::DSA given E:/Git-Repos/CNC-FPGA/Vitis3/CNC-FPGA-PLATFORM/hw/CNC_FPGA_HW.xsa
TRACE::2026-03-31.00:24:59::SCWPlatform::DSA absoulate path E:/Git-Repos/CNC-FPGA/Vitis3/CNC-FPGA-PLATFORM/hw/CNC_FPGA_HW.xsa
TRACE::2026-03-31.00:24:59::SCWPlatform::DSA directory E:/Git-Repos/CNC-FPGA/Vitis3/CNC-FPGA-PLATFORM/hw
TRACE::2026-03-31.00:24:59::SCWPlatform:: Platform Path E:/Git-Repos/CNC-FPGA/Vitis3/CNC-FPGA-PLATFORM/hw/CNC_FPGA_HW.xsa
TRACE::2026-03-31.00:24:59::SCWPlatform:: Unique name xilinx:zedboard::0.0
TRACE::2026-03-31.00:24:59::SCWPlatform::Trying to set the existing hwdb with name CNC_Top_wrapper_2
TRACE::2026-03-31.00:24:59::SCWPlatform::Opened existing hwdb CNC_Top_wrapper_2
TRACE::2026-03-31.00:24:59::SCWPlatform::Found the Hw Db part of the input DSA
TRACE::2026-03-31.00:24:59::SCWMssOS::Checking the sw design at  E:/Git-Repos/CNC-FPGA/Vitis3/CNC-FPGA-PLATFORM/ps7_cortexa9_0/standalone_domain/bsp/system.mss
TRACE::2026-03-31.00:24:59::SCWMssOS::DEBUG:  swdes dump  E:/Git-Repos/CNC-FPGA/Vitis3/CNC-FPGA-FINAL-RELEASE/ps7_cortexa9_0/standalone_domain/bsp/system.mss|system_0||
E:/Git-Repos/CNC-FPGA/Vitis3/CNC-FPGA-FINAL-RELEASE/zynq_fsbl/zynq_fsbl_bsp/system.mss|system||
E:/Git-Repos/CNC-FPGA/Vitis3/CNC-FPGA-PLATFORM/ps7_cortexa9_0/standalone_domain/bsp/system.mss|system_2||
E:/Git-Repos/CNC-FPGA/Vitis3/CNC-FPGA-PLATFORM/zynq_fsbl/zynq_fsbl_bsp/system.mss|system_1||

TRACE::2026-03-31.00:24:59::SCWMssOS::Sw design exists and opened at  E:/Git-Repos/CNC-FPGA/Vitis3/CNC-FPGA-PLATFORM/ps7_cortexa9_0/standalone_domain/bsp/system.mss
TRACE::2026-03-31.00:24:59::SCWMssOS::Removing the swdes entry for  E:/Git-Repos/CNC-FPGA/Vitis3/CNC-FPGA-PLATFORM/ps7_cortexa9_0/standalone_domain/bsp/system.mss
TRACE::2026-03-31.00:24:59::SCWMssOS::In reload Mss file.
TRACE::2026-03-31.00:24:59::SCWPlatform::Trying to open the hw design at E:/Git-Repos/CNC-FPGA/Vitis3/CNC-FPGA-PLATFORM/hw/CNC_FPGA_HW.xsa
TRACE::2026-03-31.00:24:59::SCWPlatform::DSA given E:/Git-Repos/CNC-FPGA/Vitis3/CNC-FPGA-PLATFORM/hw/CNC_FPGA_HW.xsa
TRACE::2026-03-31.00:24:59::SCWPlatform::DSA absoulate path E:/Git-Repos/CNC-FPGA/Vitis3/CNC-FPGA-PLATFORM/hw/CNC_FPGA_HW.xsa
TRACE::2026-03-31.00:24:59::SCWPlatform::DSA directory E:/Git-Repos/CNC-FPGA/Vitis3/CNC-FPGA-PLATFORM/hw
TRACE::2026-03-31.00:24:59::SCWPlatform:: Platform Path E:/Git-Repos/CNC-FPGA/Vitis3/CNC-FPGA-PLATFORM/hw/CNC_FPGA_HW.xsa
TRACE::2026-03-31.00:24:59::SCWPlatform:: Unique name xilinx:zedboard::0.0
TRACE::2026-03-31.00:24:59::SCWPlatform::Trying to set the existing hwdb with name CNC_Top_wrapper_2
TRACE::2026-03-31.00:24:59::SCWPlatform::Opened existing hwdb CNC_Top_wrapper_2
TRACE::2026-03-31.00:24:59::SCWPlatform::Found the Hw Db part of the input DSA
TRACE::2026-03-31.00:24:59::SCWMssOS::Checking the sw design at  E:/Git-Repos/CNC-FPGA/Vitis3/CNC-FPGA-PLATFORM/ps7_cortexa9_0/standalone_domain/bsp/system.mss
TRACE::2026-03-31.00:24:59::SCWMssOS::DEBUG:  swdes dump  E:/Git-Repos/CNC-FPGA/Vitis3/CNC-FPGA-FINAL-RELEASE/ps7_cortexa9_0/standalone_domain/bsp/system.mss|system_0||
E:/Git-Repos/CNC-FPGA/Vitis3/CNC-FPGA-FINAL-RELEASE/zynq_fsbl/zynq_fsbl_bsp/system.mss|system||
E:/Git-Repos/CNC-FPGA/Vitis3/CNC-FPGA-PLATFORM/zynq_fsbl/zynq_fsbl_bsp/system.mss|system_1||

TRACE::2026-03-31.00:24:59::SCWMssOS::No sw design opened at  E:/Git-Repos/CNC-FPGA/Vitis3/CNC-FPGA-PLATFORM/ps7_cortexa9_0/standalone_domain/bsp/system.mss
TRACE::2026-03-31.00:24:59::SCWMssOS::mss exists loading the mss file  E:/Git-Repos/CNC-FPGA/Vitis3/CNC-FPGA-PLATFORM/ps7_cortexa9_0/standalone_domain/bsp/system.mss
TRACE::2026-03-31.00:24:59::SCWMssOS::Opened the sw design from mss  E:/Git-Repos/CNC-FPGA/Vitis3/CNC-FPGA-PLATFORM/ps7_cortexa9_0/standalone_domain/bsp/system.mss
TRACE::2026-03-31.00:24:59::SCWMssOS::Adding the swdes entry E:/Git-Repos/CNC-FPGA/Vitis3/CNC-FPGA-PLATFORM/ps7_cortexa9_0/standalone_domain/bsp/system.mss with des name system_2
TRACE::2026-03-31.00:24:59::SCWMssOS::updating the scw layer about changes
TRACE::2026-03-31.00:24:59::SCWMssOS::Opened the sw design.  E:/Git-Repos/CNC-FPGA/Vitis3/CNC-FPGA-PLATFORM/ps7_cortexa9_0/standalone_domain/bsp/system.mss
TRACE::2026-03-31.00:24:59::SCWPlatform::Trying to open the hw design at E:/Git-Repos/CNC-FPGA/Vitis3/CNC-FPGA-PLATFORM/hw/CNC_FPGA_HW.xsa
TRACE::2026-03-31.00:24:59::SCWPlatform::DSA given E:/Git-Repos/CNC-FPGA/Vitis3/CNC-FPGA-PLATFORM/hw/CNC_FPGA_HW.xsa
TRACE::2026-03-31.00:24:59::SCWPlatform::DSA absoulate path E:/Git-Repos/CNC-FPGA/Vitis3/CNC-FPGA-PLATFORM/hw/CNC_FPGA_HW.xsa
TRACE::2026-03-31.00:24:59::SCWPlatform::DSA directory E:/Git-Repos/CNC-FPGA/Vitis3/CNC-FPGA-PLATFORM/hw
TRACE::2026-03-31.00:24:59::SCWPlatform:: Platform Path E:/Git-Repos/CNC-FPGA/Vitis3/CNC-FPGA-PLATFORM/hw/CNC_FPGA_HW.xsa
TRACE::2026-03-31.00:24:59::SCWPlatform:: Unique name xilinx:zedboard::0.0
TRACE::2026-03-31.00:24:59::SCWPlatform::Trying to set the existing hwdb with name CNC_Top_wrapper_2
TRACE::2026-03-31.00:24:59::SCWPlatform::Opened existing hwdb CNC_Top_wrapper_2
TRACE::2026-03-31.00:24:59::SCWPlatform::Found the Hw Db part of the input DSA
TRACE::2026-03-31.00:24:59::SCWMssOS::Checking the sw design at  E:/Git-Repos/CNC-FPGA/Vitis3/CNC-FPGA-PLATFORM/ps7_cortexa9_0/standalone_domain/bsp/system.mss
TRACE::2026-03-31.00:24:59::SCWMssOS::DEBUG:  swdes dump  E:/Git-Repos/CNC-FPGA/Vitis3/CNC-FPGA-FINAL-RELEASE/ps7_cortexa9_0/standalone_domain/bsp/system.mss|system_0||
E:/Git-Repos/CNC-FPGA/Vitis3/CNC-FPGA-FINAL-RELEASE/zynq_fsbl/zynq_fsbl_bsp/system.mss|system||
E:/Git-Repos/CNC-FPGA/Vitis3/CNC-FPGA-PLATFORM/ps7_cortexa9_0/standalone_domain/bsp/system.mss|system_2||
E:/Git-Repos/CNC-FPGA/Vitis3/CNC-FPGA-PLATFORM/zynq_fsbl/zynq_fsbl_bsp/system.mss|system_1||

TRACE::2026-03-31.00:24:59::SCWMssOS::Sw design exists and opened at  E:/Git-Repos/CNC-FPGA/Vitis3/CNC-FPGA-PLATFORM/ps7_cortexa9_0/standalone_domain/bsp/system.mss
TRACE::2026-03-31.00:24:59::SCWMssOS:: library already available in sw design:  xilffs:5.3
TRACE::2026-03-31.00:24:59::SCWMssOS::Saving the mss changes E:/Git-Repos/CNC-FPGA/Vitis3/CNC-FPGA-PLATFORM/ps7_cortexa9_0/standalone_domain/bsp/system.mss
TRACE::2026-03-31.00:24:59::SCWMssOS::Found a swdesign opened with the mssfile.
TRACE::2026-03-31.00:24:59::SCWMssOS::Completed writemss as part of save.
TRACE::2026-03-31.00:24:59::SCWMssOS::Commit changes completed.
TRACE::2026-03-31.00:24:59::SCWPlatform::Trying to open the hw design at E:/Git-Repos/CNC-FPGA/Vitis3/CNC-FPGA-PLATFORM/hw/CNC_FPGA_HW.xsa
TRACE::2026-03-31.00:24:59::SCWPlatform::DSA given E:/Git-Repos/CNC-FPGA/Vitis3/CNC-FPGA-PLATFORM/hw/CNC_FPGA_HW.xsa
TRACE::2026-03-31.00:24:59::SCWPlatform::DSA absoulate path E:/Git-Repos/CNC-FPGA/Vitis3/CNC-FPGA-PLATFORM/hw/CNC_FPGA_HW.xsa
TRACE::2026-03-31.00:24:59::SCWPlatform::DSA directory E:/Git-Repos/CNC-FPGA/Vitis3/CNC-FPGA-PLATFORM/hw
TRACE::2026-03-31.00:24:59::SCWPlatform:: Platform Path E:/Git-Repos/CNC-FPGA/Vitis3/CNC-FPGA-PLATFORM/hw/CNC_FPGA_HW.xsa
TRACE::2026-03-31.00:24:59::SCWPlatform:: Unique name xilinx:zedboard::0.0
TRACE::2026-03-31.00:24:59::SCWPlatform::Trying to set the existing hwdb with name CNC_Top_wrapper_2
TRACE::2026-03-31.00:24:59::SCWPlatform::Opened existing hwdb CNC_Top_wrapper_2
TRACE::2026-03-31.00:24:59::SCWPlatform::Found the Hw Db part of the input DSA
TRACE::2026-03-31.00:24:59::SCWMssOS::Checking the sw design at  E:/Git-Repos/CNC-FPGA/Vitis3/CNC-FPGA-PLATFORM/ps7_cortexa9_0/standalone_domain/bsp/system.mss
TRACE::2026-03-31.00:24:59::SCWMssOS::DEBUG:  swdes dump  E:/Git-Repos/CNC-FPGA/Vitis3/CNC-FPGA-FINAL-RELEASE/ps7_cortexa9_0/standalone_domain/bsp/system.mss|system_0||
E:/Git-Repos/CNC-FPGA/Vitis3/CNC-FPGA-FINAL-RELEASE/zynq_fsbl/zynq_fsbl_bsp/system.mss|system||
E:/Git-Repos/CNC-FPGA/Vitis3/CNC-FPGA-PLATFORM/ps7_cortexa9_0/standalone_domain/bsp/system.mss|system_2||
E:/Git-Repos/CNC-FPGA/Vitis3/CNC-FPGA-PLATFORM/zynq_fsbl/zynq_fsbl_bsp/system.mss|system_1||

TRACE::2026-03-31.00:24:59::SCWMssOS::Sw design exists and opened at  E:/Git-Repos/CNC-FPGA/Vitis3/CNC-FPGA-PLATFORM/ps7_cortexa9_0/standalone_domain/bsp/system.mss
TRACE::2026-03-31.00:24:59::SCWMssOS::Removing the swdes entry for  E:/Git-Repos/CNC-FPGA/Vitis3/CNC-FPGA-PLATFORM/ps7_cortexa9_0/standalone_domain/bsp/system.mss
TRACE::2026-03-31.00:24:59::SCWPlatform::Trying to open the hw design at E:/Git-Repos/CNC-FPGA/Vitis3/CNC-FPGA-PLATFORM/hw/CNC_FPGA_HW.xsa
TRACE::2026-03-31.00:24:59::SCWPlatform::DSA given E:/Git-Repos/CNC-FPGA/Vitis3/CNC-FPGA-PLATFORM/hw/CNC_FPGA_HW.xsa
TRACE::2026-03-31.00:24:59::SCWPlatform::DSA absoulate path E:/Git-Repos/CNC-FPGA/Vitis3/CNC-FPGA-PLATFORM/hw/CNC_FPGA_HW.xsa
TRACE::2026-03-31.00:24:59::SCWPlatform::DSA directory E:/Git-Repos/CNC-FPGA/Vitis3/CNC-FPGA-PLATFORM/hw
TRACE::2026-03-31.00:24:59::SCWPlatform:: Platform Path E:/Git-Repos/CNC-FPGA/Vitis3/CNC-FPGA-PLATFORM/hw/CNC_FPGA_HW.xsa
TRACE::2026-03-31.00:24:59::SCWPlatform:: Unique name xilinx:zedboard::0.0
TRACE::2026-03-31.00:24:59::SCWPlatform::Trying to set the existing hwdb with name CNC_Top_wrapper_2
TRACE::2026-03-31.00:24:59::SCWPlatform::Opened existing hwdb CNC_Top_wrapper_2
TRACE::2026-03-31.00:24:59::SCWPlatform::Found the Hw Db part of the input DSA
TRACE::2026-03-31.00:24:59::SCWMssOS::Checking the sw design at  E:/Git-Repos/CNC-FPGA/Vitis3/CNC-FPGA-PLATFORM/ps7_cortexa9_0/standalone_domain/bsp/system.mss
TRACE::2026-03-31.00:24:59::SCWMssOS::DEBUG:  swdes dump  E:/Git-Repos/CNC-FPGA/Vitis3/CNC-FPGA-FINAL-RELEASE/ps7_cortexa9_0/standalone_domain/bsp/system.mss|system_0||
E:/Git-Repos/CNC-FPGA/Vitis3/CNC-FPGA-FINAL-RELEASE/zynq_fsbl/zynq_fsbl_bsp/system.mss|system||
E:/Git-Repos/CNC-FPGA/Vitis3/CNC-FPGA-PLATFORM/zynq_fsbl/zynq_fsbl_bsp/system.mss|system_1||

TRACE::2026-03-31.00:24:59::SCWMssOS::No sw design opened at  E:/Git-Repos/CNC-FPGA/Vitis3/CNC-FPGA-PLATFORM/ps7_cortexa9_0/standalone_domain/bsp/system.mss
TRACE::2026-03-31.00:24:59::SCWMssOS::mss exists loading the mss file  E:/Git-Repos/CNC-FPGA/Vitis3/CNC-FPGA-PLATFORM/ps7_cortexa9_0/standalone_domain/bsp/system.mss
TRACE::2026-03-31.00:24:59::SCWMssOS::Opened the sw design from mss  E:/Git-Repos/CNC-FPGA/Vitis3/CNC-FPGA-PLATFORM/ps7_cortexa9_0/standalone_domain/bsp/system.mss
TRACE::2026-03-31.00:24:59::SCWMssOS::Adding the swdes entry E:/Git-Repos/CNC-FPGA/Vitis3/CNC-FPGA-PLATFORM/ps7_cortexa9_0/standalone_domain/bsp/system.mss with des name system_2
TRACE::2026-03-31.00:24:59::SCWMssOS::updating the scw layer about changes
TRACE::2026-03-31.00:24:59::SCWMssOS::Opened the sw design.  E:/Git-Repos/CNC-FPGA/Vitis3/CNC-FPGA-PLATFORM/ps7_cortexa9_0/standalone_domain/bsp/system.mss
TRACE::2026-03-31.00:24:59::SCWMssOS::Completed writing the mss file at E:/Git-Repos/CNC-FPGA/Vitis3/CNC-FPGA-PLATFORM/ps7_cortexa9_0/standalone_domain/bsp
TRACE::2026-03-31.00:24:59::SCWMssOS::Forcing BSP Sources regeneration.
KEYINFO::2026-03-31.00:25:00::SCWMssOS::Removing file E:/Git-Repos/CNC-FPGA/Vitis3/CNC-FPGA-PLATFORM/ps7_cortexa9_0/standalone_domain/bsp\system_2.mss
LOG::2026-03-31.00:25:27::SCWPlatform::Started generating the artifacts platform CNC-FPGA-PLATFORM
TRACE::2026-03-31.00:25:27::SCWPlatform::Sanity checking of platform is completed
LOG::2026-03-31.00:25:27::SCWPlatform::Started generating the artifacts for system configuration CNC-FPGA-PLATFORM
LOG::2026-03-31.00:25:27::SCWSystem::Checking the domain zynq_fsbl
LOG::2026-03-31.00:25:27::SCWSystem::Doing application build for :  zynq_fsbl
TRACE::2026-03-31.00:25:27::SCWBDomain::Not a forced makefile updation, No changes are present. 
TRACE::2026-03-31.00:25:27::SCWDomain::Building the domain as part of full build :  zynq_fsbl
TRACE::2026-03-31.00:25:27::SCWPlatform::Trying to open the hw design at E:/Git-Repos/CNC-FPGA/Vitis3/CNC-FPGA-PLATFORM/hw/CNC_FPGA_HW.xsa
TRACE::2026-03-31.00:25:27::SCWPlatform::DSA given E:/Git-Repos/CNC-FPGA/Vitis3/CNC-FPGA-PLATFORM/hw/CNC_FPGA_HW.xsa
TRACE::2026-03-31.00:25:27::SCWPlatform::DSA absoulate path E:/Git-Repos/CNC-FPGA/Vitis3/CNC-FPGA-PLATFORM/hw/CNC_FPGA_HW.xsa
TRACE::2026-03-31.00:25:27::SCWPlatform::DSA directory E:/Git-Repos/CNC-FPGA/Vitis3/CNC-FPGA-PLATFORM/hw
TRACE::2026-03-31.00:25:27::SCWPlatform:: Platform Path E:/Git-Repos/CNC-FPGA/Vitis3/CNC-FPGA-PLATFORM/hw/CNC_FPGA_HW.xsa
TRACE::2026-03-31.00:25:27::SCWPlatform:: Unique name xilinx:zedboard::0.0
TRACE::2026-03-31.00:25:27::SCWPlatform::Trying to set the existing hwdb with name CNC_Top_wrapper_2
TRACE::2026-03-31.00:25:27::SCWPlatform::Opened existing hwdb CNC_Top_wrapper_2
TRACE::2026-03-31.00:25:27::SCWPlatform::Found the Hw Db part of the input DSA
TRACE::2026-03-31.00:25:27::SCWMssOS::Checking the sw design at  E:/Git-Repos/CNC-FPGA/Vitis3/CNC-FPGA-PLATFORM/zynq_fsbl/zynq_fsbl_bsp/system.mss
TRACE::2026-03-31.00:25:27::SCWMssOS::DEBUG:  swdes dump  E:/Git-Repos/CNC-FPGA/Vitis3/CNC-FPGA-FINAL-RELEASE/ps7_cortexa9_0/standalone_domain/bsp/system.mss|system_0||
E:/Git-Repos/CNC-FPGA/Vitis3/CNC-FPGA-FINAL-RELEASE/zynq_fsbl/zynq_fsbl_bsp/system.mss|system||
E:/Git-Repos/CNC-FPGA/Vitis3/CNC-FPGA-PLATFORM/zynq_fsbl/zynq_fsbl_bsp/system.mss|system_1||

TRACE::2026-03-31.00:25:27::SCWMssOS::Sw design exists and opened at  E:/Git-Repos/CNC-FPGA/Vitis3/CNC-FPGA-PLATFORM/zynq_fsbl/zynq_fsbl_bsp/system.mss
TRACE::2026-03-31.00:25:27::SCWBDomain::Completed writing the mss file at E:/Git-Repos/CNC-FPGA/Vitis3/CNC-FPGA-PLATFORM/zynq_fsbl/zynq_fsbl_bsp
TRACE::2026-03-31.00:25:27::SCWBDomain::bsp generated is upto date with the mss file. Skipping bsp generation.
TRACE::2026-03-31.00:25:27::SCWBDomain::Not a forced makefile updation, No changes are present. 
TRACE::2026-03-31.00:25:27::SCWBDomain::System Command Ran  E:&  cd  E:/Git-Repos/CNC-FPGA/Vitis3/CNC-FPGA-PLATFORM/zynq_fsbl& make -C  zynq_fsbl_bsp & make 
TRACE::2026-03-31.00:25:28::SCWBDomain::make: Entering directory 'E:/Git-Repos/CNC-FPGA/Vitis3/CNC-FPGA-PLATFORM/zynq_fsbl/zynq_fsbl_bsp'

TRACE::2026-03-31.00:25:28::SCWBDomain::make --no-print-directory seq_libs

TRACE::2026-03-31.00:25:28::SCWBDomain::"Running Make include in ps7_cortexa9_0/libsrc/coresightps_dcc_v1_11/src"

TRACE::2026-03-31.00:25:28::SCWBDomain::make -C ps7_cortexa9_0/libsrc/coresightps_dcc_v1_11/src -s include  "SHELL=CMD" "COMPILER=arm-none-eabi-gcc" "ASSEMBLER=arm-non
TRACE::2026-03-31.00:25:28::SCWBDomain::e-eabi-as" "ARCHIVER=arm-none-eabi-ar" "COMPILER_FLAGS=  -O2 -c" "EXTRA_COMPILER_FLAGS=-mcpu=cortex-a9 -mfpu=vfpv3 -mfloat-abi=
TRACE::2026-03-31.00:25:28::SCWBDomain::hard -nostartfiles -g -Wall -Wextra -fno-tree-loop-distribute-patterns"

TRACE::2026-03-31.00:25:28::SCWBDomain::"Running Make include in ps7_cortexa9_0/libsrc/cpu_cortexa9_v2_12/src"

TRACE::2026-03-31.00:25:28::SCWBDomain::make -C ps7_cortexa9_0/libsrc/cpu_cortexa9_v2_12/src -s include  "SHELL=CMD" "COMPILER=arm-none-eabi-gcc" "ASSEMBLER=arm-none-e
TRACE::2026-03-31.00:25:28::SCWBDomain::abi-as" "ARCHIVER=arm-none-eabi-ar" "COMPILER_FLAGS=  -O2 -c" "EXTRA_COMPILER_FLAGS=-mcpu=cortex-a9 -mfpu=vfpv3 -mfloat-abi=har
TRACE::2026-03-31.00:25:28::SCWBDomain::d -nostartfiles -g -Wall -Wextra -fno-tree-loop-distribute-patterns"

TRACE::2026-03-31.00:25:28::SCWBDomain::"Running Make include in ps7_cortexa9_0/libsrc/ddrps_v1_2/src"

TRACE::2026-03-31.00:25:28::SCWBDomain::make -C ps7_cortexa9_0/libsrc/ddrps_v1_2/src -s include  "SHELL=CMD" "COMPILER=arm-none-eabi-gcc" "ASSEMBLER=arm-none-eabi-as" 
TRACE::2026-03-31.00:25:28::SCWBDomain::"ARCHIVER=arm-none-eabi-ar" "COMPILER_FLAGS=  -O2 -c" "EXTRA_COMPILER_FLAGS=-mcpu=cortex-a9 -mfpu=vfpv3 -mfloat-abi=hard -nosta
TRACE::2026-03-31.00:25:28::SCWBDomain::rtfiles -g -Wall -Wextra -fno-tree-loop-distribute-patterns"

TRACE::2026-03-31.00:25:28::SCWBDomain::"Running Make include in ps7_cortexa9_0/libsrc/devcfg_v3_8/src"

TRACE::2026-03-31.00:25:28::SCWBDomain::make -C ps7_cortexa9_0/libsrc/devcfg_v3_8/src -s include  "SHELL=CMD" "COMPILER=arm-none-eabi-gcc" "ASSEMBLER=arm-none-eabi-as"
TRACE::2026-03-31.00:25:28::SCWBDomain:: "ARCHIVER=arm-none-eabi-ar" "COMPILER_FLAGS=  -O2 -c" "EXTRA_COMPILER_FLAGS=-mcpu=cortex-a9 -mfpu=vfpv3 -mfloat-abi=hard -nost
TRACE::2026-03-31.00:25:28::SCWBDomain::artfiles -g -Wall -Wextra -fno-tree-loop-distribute-patterns"

TRACE::2026-03-31.00:25:28::SCWBDomain::"Running Make include in ps7_cortexa9_0/libsrc/dmaps_v2_11/src"

TRACE::2026-03-31.00:25:28::SCWBDomain::make -C ps7_cortexa9_0/libsrc/dmaps_v2_11/src -s include  "SHELL=CMD" "COMPILER=arm-none-eabi-gcc" "ASSEMBLER=arm-none-eabi-as"
TRACE::2026-03-31.00:25:28::SCWBDomain:: "ARCHIVER=arm-none-eabi-ar" "COMPILER_FLAGS=  -O2 -c" "EXTRA_COMPILER_FLAGS=-mcpu=cortex-a9 -mfpu=vfpv3 -mfloat-abi=hard -nost
TRACE::2026-03-31.00:25:28::SCWBDomain::artfiles -g -Wall -Wextra -fno-tree-loop-distribute-patterns"

TRACE::2026-03-31.00:25:28::SCWBDomain::"Running Make include in ps7_cortexa9_0/libsrc/gpio_v4_12/src"

TRACE::2026-03-31.00:25:28::SCWBDomain::make -C ps7_cortexa9_0/libsrc/gpio_v4_12/src -s include  "SHELL=CMD" "COMPILER=arm-none-eabi-gcc" "ASSEMBLER=arm-none-eabi-as" 
TRACE::2026-03-31.00:25:28::SCWBDomain::"ARCHIVER=arm-none-eabi-ar" "COMPILER_FLAGS=  -O2 -c" "EXTRA_COMPILER_FLAGS=-mcpu=cortex-a9 -mfpu=vfpv3 -mfloat-abi=hard -nosta
TRACE::2026-03-31.00:25:28::SCWBDomain::rtfiles -g -Wall -Wextra -fno-tree-loop-distribute-patterns"

TRACE::2026-03-31.00:25:28::SCWBDomain::"Running Make include in ps7_cortexa9_0/libsrc/scugic_v5_4/src"

TRACE::2026-03-31.00:25:28::SCWBDomain::make -C ps7_cortexa9_0/libsrc/scugic_v5_4/src -s include  "SHELL=CMD" "COMPILER=arm-none-eabi-gcc" "ASSEMBLER=arm-none-eabi-as"
TRACE::2026-03-31.00:25:28::SCWBDomain:: "ARCHIVER=arm-none-eabi-ar" "COMPILER_FLAGS=  -O2 -c" "EXTRA_COMPILER_FLAGS=-mcpu=cortex-a9 -mfpu=vfpv3 -mfloat-abi=hard -nost
TRACE::2026-03-31.00:25:28::SCWBDomain::artfiles -g -Wall -Wextra -fno-tree-loop-distribute-patterns"

TRACE::2026-03-31.00:25:29::SCWBDomain::"Running Make include in ps7_cortexa9_0/libsrc/scutimer_v2_6/src"

TRACE::2026-03-31.00:25:29::SCWBDomain::make -C ps7_cortexa9_0/libsrc/scutimer_v2_6/src -s include  "SHELL=CMD" "COMPILER=arm-none-eabi-gcc" "ASSEMBLER=arm-none-eabi-a
TRACE::2026-03-31.00:25:29::SCWBDomain::s" "ARCHIVER=arm-none-eabi-ar" "COMPILER_FLAGS=  -O2 -c" "EXTRA_COMPILER_FLAGS=-mcpu=cortex-a9 -mfpu=vfpv3 -mfloat-abi=hard -no
TRACE::2026-03-31.00:25:29::SCWBDomain::startfiles -g -Wall -Wextra -fno-tree-loop-distribute-patterns"

TRACE::2026-03-31.00:25:29::SCWBDomain::"Running Make include in ps7_cortexa9_0/libsrc/scuwdt_v2_6/src"

TRACE::2026-03-31.00:25:29::SCWBDomain::make -C ps7_cortexa9_0/libsrc/scuwdt_v2_6/src -s include  "SHELL=CMD" "COMPILER=arm-none-eabi-gcc" "ASSEMBLER=arm-none-eabi-as"
TRACE::2026-03-31.00:25:29::SCWBDomain:: "ARCHIVER=arm-none-eabi-ar" "COMPILER_FLAGS=  -O2 -c" "EXTRA_COMPILER_FLAGS=-mcpu=cortex-a9 -mfpu=vfpv3 -mfloat-abi=hard -nost
TRACE::2026-03-31.00:25:29::SCWBDomain::artfiles -g -Wall -Wextra -fno-tree-loop-distribute-patterns"

TRACE::2026-03-31.00:25:29::SCWBDomain::"Running Make include in ps7_cortexa9_0/libsrc/sdps_v4_4/src"

TRACE::2026-03-31.00:25:29::SCWBDomain::make -C ps7_cortexa9_0/libsrc/sdps_v4_4/src -s include  "SHELL=CMD" "COMPILER=arm-none-eabi-gcc" "ASSEMBLER=arm-none-eabi-as" "
TRACE::2026-03-31.00:25:29::SCWBDomain::ARCHIVER=arm-none-eabi-ar" "COMPILER_FLAGS=  -O2 -c" "EXTRA_COMPILER_FLAGS=-mcpu=cortex-a9 -mfpu=vfpv3 -mfloat-abi=hard -nostar
TRACE::2026-03-31.00:25:29::SCWBDomain::tfiles -g -Wall -Wextra -fno-tree-loop-distribute-patterns"

TRACE::2026-03-31.00:25:29::SCWBDomain::"Running Make include in ps7_cortexa9_0/libsrc/standalone_v9_2/src"

TRACE::2026-03-31.00:25:29::SCWBDomain::make -C ps7_cortexa9_0/libsrc/standalone_v9_2/src -s include  "SHELL=CMD" "COMPILER=arm-none-eabi-gcc" "ASSEMBLER=arm-none-eabi
TRACE::2026-03-31.00:25:29::SCWBDomain::-as" "ARCHIVER=arm-none-eabi-ar" "COMPILER_FLAGS=  -O2 -c" "EXTRA_COMPILER_FLAGS=-mcpu=cortex-a9 -mfpu=vfpv3 -mfloat-abi=hard -
TRACE::2026-03-31.00:25:29::SCWBDomain::nostartfiles -g -Wall -Wextra -fno-tree-loop-distribute-patterns"

TRACE::2026-03-31.00:25:30::SCWBDomain::"Running Make include in ps7_cortexa9_0/libsrc/uartps_v3_15/src"

TRACE::2026-03-31.00:25:30::SCWBDomain::make -C ps7_cortexa9_0/libsrc/uartps_v3_15/src -s include  "SHELL=CMD" "COMPILER=arm-none-eabi-gcc" "ASSEMBLER=arm-none-eabi-as
TRACE::2026-03-31.00:25:30::SCWBDomain::" "ARCHIVER=arm-none-eabi-ar" "COMPILER_FLAGS=  -O2 -c" "EXTRA_COMPILER_FLAGS=-mcpu=cortex-a9 -mfpu=vfpv3 -mfloat-abi=hard -nos
TRACE::2026-03-31.00:25:30::SCWBDomain::tartfiles -g -Wall -Wextra -fno-tree-loop-distribute-patterns"

TRACE::2026-03-31.00:25:30::SCWBDomain::"Running Make include in ps7_cortexa9_0/libsrc/xadcps_v2_7/src"

TRACE::2026-03-31.00:25:30::SCWBDomain::make -C ps7_cortexa9_0/libsrc/xadcps_v2_7/src -s include  "SHELL=CMD" "COMPILER=arm-none-eabi-gcc" "ASSEMBLER=arm-none-eabi-as"
TRACE::2026-03-31.00:25:30::SCWBDomain:: "ARCHIVER=arm-none-eabi-ar" "COMPILER_FLAGS=  -O2 -c" "EXTRA_COMPILER_FLAGS=-mcpu=cortex-a9 -mfpu=vfpv3 -mfloat-abi=hard -nost
TRACE::2026-03-31.00:25:30::SCWBDomain::artfiles -g -Wall -Wextra -fno-tree-loop-distribute-patterns"

TRACE::2026-03-31.00:25:31::SCWBDomain::"Running Make include in ps7_cortexa9_0/libsrc/xilffs_v5_3/src"

TRACE::2026-03-31.00:25:31::SCWBDomain::make -C ps7_cortexa9_0/libsrc/xilffs_v5_3/src -s include  "SHELL=CMD" "COMPILER=arm-none-eabi-gcc" "ASSEMBLER=arm-none-eabi-as"
TRACE::2026-03-31.00:25:31::SCWBDomain:: "ARCHIVER=arm-none-eabi-ar" "COMPILER_FLAGS=  -O2 -c" "EXTRA_COMPILER_FLAGS=-mcpu=cortex-a9 -mfpu=vfpv3 -mfloat-abi=hard -nost
TRACE::2026-03-31.00:25:31::SCWBDomain::artfiles -g -Wall -Wextra -fno-tree-loop-distribute-patterns"

TRACE::2026-03-31.00:25:31::SCWBDomain::"Running Make include in ps7_cortexa9_0/libsrc/xilrsa_v1_8/src"

TRACE::2026-03-31.00:25:31::SCWBDomain::make -C ps7_cortexa9_0/libsrc/xilrsa_v1_8/src -s include  "SHELL=CMD" "COMPILER=arm-none-eabi-gcc" "ASSEMBLER=arm-none-eabi-as"
TRACE::2026-03-31.00:25:31::SCWBDomain:: "ARCHIVER=arm-none-eabi-ar" "COMPILER_FLAGS=  -O2 -c" "EXTRA_COMPILER_FLAGS=-mcpu=cortex-a9 -mfpu=vfpv3 -mfloat-abi=hard -nost
TRACE::2026-03-31.00:25:31::SCWBDomain::artfiles -g -Wall -Wextra -fno-tree-loop-distribute-patterns"

TRACE::2026-03-31.00:25:31::SCWBDomain::"Running Make libs in ps7_cortexa9_0/libsrc/xilrsa_v1_8/src"

TRACE::2026-03-31.00:25:31::SCWBDomain::make -C ps7_cortexa9_0/libsrc/xilrsa_v1_8/src -s libs  "SHELL=CMD" "COMPILER=arm-none-eabi-gcc" "ASSEMBLER=arm-none-eabi-as" "A
TRACE::2026-03-31.00:25:31::SCWBDomain::RCHIVER=arm-none-eabi-ar" "COMPILER_FLAGS=  -O2 -c" "EXTRA_COMPILER_FLAGS=-mcpu=cortex-a9 -mfpu=vfpv3 -mfloat-abi=hard -nostart
TRACE::2026-03-31.00:25:31::SCWBDomain::files -g -Wall -Wextra -fno-tree-loop-distribute-patterns"

TRACE::2026-03-31.00:25:31::SCWBDomain::'Finished building libraries sequentially.'

TRACE::2026-03-31.00:25:31::SCWBDomain::make -j 22 --no-print-directory par_libs

TRACE::2026-03-31.00:25:31::SCWBDomain::"Running Make include in ps7_cortexa9_0/libsrc/coresightps_dcc_v1_11/src"

TRACE::2026-03-31.00:25:31::SCWBDomain::make -C ps7_cortexa9_0/libsrc/coresightps_dcc_v1_11/src -s include  "SHELL=CMD" "COMPILER=arm-none-eabi-gcc" "ASSEMBLER=arm-non
TRACE::2026-03-31.00:25:31::SCWBDomain::e-eabi-as" "ARCHIVER=arm-none-eabi-ar" "COMPILER_FLAGS=  -O2 -c" "EXTRA_COMPILER_FLAGS=-mcpu=cortex-a9 -mfpu=vfpv3 -mfloat-abi=
TRACE::2026-03-31.00:25:31::SCWBDomain::hard -nostartfiles -g -Wall -Wextra -fno-tree-loop-distribute-patterns"

TRACE::2026-03-31.00:25:31::SCWBDomain::"Running Make include in ps7_cortexa9_0/libsrc/cpu_cortexa9_v2_12/src"

TRACE::2026-03-31.00:25:31::SCWBDomain::make -C ps7_cortexa9_0/libsrc/cpu_cortexa9_v2_12/src -s include  "SHELL=CMD" "COMPILER=arm-none-eabi-gcc" "ASSEMBLER=arm-none-e
TRACE::2026-03-31.00:25:31::SCWBDomain::abi-as" "ARCHIVER=arm-none-eabi-ar" "COMPILER_FLAGS=  -O2 -c" "EXTRA_COMPILER_FLAGS=-mcpu=cortex-a9 -mfpu=vfpv3 -mfloat-abi=har
TRACE::2026-03-31.00:25:31::SCWBDomain::d -nostartfiles -g -Wall -Wextra -fno-tree-loop-distribute-patterns"

TRACE::2026-03-31.00:25:31::SCWBDomain::"Running Make include in ps7_cortexa9_0/libsrc/ddrps_v1_2/src"

TRACE::2026-03-31.00:25:31::SCWBDomain::make -C ps7_cortexa9_0/libsrc/ddrps_v1_2/src -s include  "SHELL=CMD" "COMPILER=arm-none-eabi-gcc" "ASSEMBLER=arm-none-eabi-as" 
TRACE::2026-03-31.00:25:31::SCWBDomain::"ARCHIVER=arm-none-eabi-ar" "COMPILER_FLAGS=  -O2 -c" "EXTRA_COMPILER_FLAGS=-mcpu=cortex-a9 -mfpu=vfpv3 -mfloat-abi=hard -nosta
TRACE::2026-03-31.00:25:31::SCWBDomain::rtfiles -g -Wall -Wextra -fno-tree-loop-distribute-patterns"

TRACE::2026-03-31.00:25:31::SCWBDomain::"Running Make include in ps7_cortexa9_0/libsrc/devcfg_v3_8/src"

TRACE::2026-03-31.00:25:31::SCWBDomain::make -C ps7_cortexa9_0/libsrc/devcfg_v3_8/src -s include  "SHELL=CMD" "COMPILER=arm-none-eabi-gcc" "ASSEMBLER=arm-none-eabi-as"
TRACE::2026-03-31.00:25:31::SCWBDomain:: "ARCHIVER=arm-none-eabi-ar" "COMPILER_FLAGS=  -O2 -c" "EXTRA_COMPILER_FLAGS=-mcpu=cortex-a9 -mfpu=vfpv3 -mfloat-abi=hard -nost
TRACE::2026-03-31.00:25:31::SCWBDomain::artfiles -g -Wall -Wextra -fno-tree-loop-distribute-patterns"

TRACE::2026-03-31.00:25:31::SCWBDomain::"Running Make include in ps7_cortexa9_0/libsrc/dmaps_v2_11/src"

TRACE::2026-03-31.00:25:31::SCWBDomain::make -C ps7_cortexa9_0/libsrc/dmaps_v2_11/src -s include  "SHELL=CMD" "COMPILER=arm-none-eabi-gcc" "ASSEMBLER=arm-none-eabi-as"
TRACE::2026-03-31.00:25:31::SCWBDomain:: "ARCHIVER=arm-none-eabi-ar" "COMPILER_FLAGS=  -O2 -c" "EXTRA_COMPILER_FLAGS=-mcpu=cortex-a9 -mfpu=vfpv3 -mfloat-abi=hard -nost
TRACE::2026-03-31.00:25:31::SCWBDomain::artfiles -g -Wall -Wextra -fno-tree-loop-distribute-patterns"

TRACE::2026-03-31.00:25:31::SCWBDomain::"Running Make include in ps7_cortexa9_0/libsrc/gpio_v4_12/src"

TRACE::2026-03-31.00:25:31::SCWBDomain::make -C ps7_cortexa9_0/libsrc/gpio_v4_12/src -s include  "SHELL=CMD" "COMPILER=arm-none-eabi-gcc" "ASSEMBLER=arm-none-eabi-as" 
TRACE::2026-03-31.00:25:31::SCWBDomain::"ARCHIVER=arm-none-eabi-ar" "COMPILER_FLAGS=  -O2 -c" "EXTRA_COMPILER_FLAGS=-mcpu=cortex-a9 -mfpu=vfpv3 -mfloat-abi=hard -nosta
TRACE::2026-03-31.00:25:31::SCWBDomain::rtfiles -g -Wall -Wextra -fno-tree-loop-distribute-patterns"

TRACE::2026-03-31.00:25:31::SCWBDomain::"Running Make include in ps7_cortexa9_0/libsrc/scugic_v5_4/src"

TRACE::2026-03-31.00:25:31::SCWBDomain::make -C ps7_cortexa9_0/libsrc/scugic_v5_4/src -s include  "SHELL=CMD" "COMPILER=arm-none-eabi-gcc" "ASSEMBLER=arm-none-eabi-as"
TRACE::2026-03-31.00:25:31::SCWBDomain:: "ARCHIVER=arm-none-eabi-ar" "COMPILER_FLAGS=  -O2 -c" "EXTRA_COMPILER_FLAGS=-mcpu=cortex-a9 -mfpu=vfpv3 -mfloat-abi=hard -nost
TRACE::2026-03-31.00:25:31::SCWBDomain::artfiles -g -Wall -Wextra -fno-tree-loop-distribute-patterns"

TRACE::2026-03-31.00:25:31::SCWBDomain::"Running Make include in ps7_cortexa9_0/libsrc/scutimer_v2_6/src"

TRACE::2026-03-31.00:25:31::SCWBDomain::make -C ps7_cortexa9_0/libsrc/scutimer_v2_6/src -s include  "SHELL=CMD" "COMPILER=arm-none-eabi-gcc" "ASSEMBLER=arm-none-eabi-a
TRACE::2026-03-31.00:25:31::SCWBDomain::s" "ARCHIVER=arm-none-eabi-ar" "COMPILER_FLAGS=  -O2 -c" "EXTRA_COMPILER_FLAGS=-mcpu=cortex-a9 -mfpu=vfpv3 -mfloat-abi=hard -no
TRACE::2026-03-31.00:25:31::SCWBDomain::startfiles -g -Wall -Wextra -fno-tree-loop-distribute-patterns"

TRACE::2026-03-31.00:25:31::SCWBDomain::"Running Make include in ps7_cortexa9_0/libsrc/scuwdt_v2_6/src"

TRACE::2026-03-31.00:25:31::SCWBDomain::make -C ps7_cortexa9_0/libsrc/scuwdt_v2_6/src -s include  "SHELL=CMD" "COMPILER=arm-none-eabi-gcc" "ASSEMBLER=arm-none-eabi-as"
TRACE::2026-03-31.00:25:31::SCWBDomain:: "ARCHIVER=arm-none-eabi-ar" "COMPILER_FLAGS=  -O2 -c" "EXTRA_COMPILER_FLAGS=-mcpu=cortex-a9 -mfpu=vfpv3 -mfloat-abi=hard -nost
TRACE::2026-03-31.00:25:31::SCWBDomain::artfiles -g -Wall -Wextra -fno-tree-loop-distribute-patterns"

TRACE::2026-03-31.00:25:31::SCWBDomain::"Running Make include in ps7_cortexa9_0/libsrc/sdps_v4_4/src"

TRACE::2026-03-31.00:25:31::SCWBDomain::make -C ps7_cortexa9_0/libsrc/sdps_v4_4/src -s include  "SHELL=CMD" "COMPILER=arm-none-eabi-gcc" "ASSEMBLER=arm-none-eabi-as" "
TRACE::2026-03-31.00:25:31::SCWBDomain::ARCHIVER=arm-none-eabi-ar" "COMPILER_FLAGS=  -O2 -c" "EXTRA_COMPILER_FLAGS=-mcpu=cortex-a9 -mfpu=vfpv3 -mfloat-abi=hard -nostar
TRACE::2026-03-31.00:25:31::SCWBDomain::tfiles -g -Wall -Wextra -fno-tree-loop-distribute-patterns"

TRACE::2026-03-31.00:25:31::SCWBDomain::"Running Make include in ps7_cortexa9_0/libsrc/standalone_v9_2/src"

TRACE::2026-03-31.00:25:31::SCWBDomain::make -C ps7_cortexa9_0/libsrc/standalone_v9_2/src -s include  "SHELL=CMD" "COMPILER=arm-none-eabi-gcc" "ASSEMBLER=arm-none-eabi
TRACE::2026-03-31.00:25:31::SCWBDomain::-as" "ARCHIVER=arm-none-eabi-ar" "COMPILER_FLAGS=  -O2 -c" "EXTRA_COMPILER_FLAGS=-mcpu=cortex-a9 -mfpu=vfpv3 -mfloat-abi=hard -
TRACE::2026-03-31.00:25:31::SCWBDomain::nostartfiles -g -Wall -Wextra -fno-tree-loop-distribute-patterns"

TRACE::2026-03-31.00:25:31::SCWBDomain::"Running Make include in ps7_cortexa9_0/libsrc/uartps_v3_15/src"

TRACE::2026-03-31.00:25:31::SCWBDomain::make -C ps7_cortexa9_0/libsrc/uartps_v3_15/src -s include  "SHELL=CMD" "COMPILER=arm-none-eabi-gcc" "ASSEMBLER=arm-none-eabi-as
TRACE::2026-03-31.00:25:31::SCWBDomain::" "ARCHIVER=arm-none-eabi-ar" "COMPILER_FLAGS=  -O2 -c" "EXTRA_COMPILER_FLAGS=-mcpu=cortex-a9 -mfpu=vfpv3 -mfloat-abi=hard -nos
TRACE::2026-03-31.00:25:31::SCWBDomain::tartfiles -g -Wall -Wextra -fno-tree-loop-distribute-patterns"

TRACE::2026-03-31.00:25:31::SCWBDomain::"Running Make include in ps7_cortexa9_0/libsrc/xadcps_v2_7/src"

TRACE::2026-03-31.00:25:31::SCWBDomain::make -C ps7_cortexa9_0/libsrc/xadcps_v2_7/src -s include  "SHELL=CMD" "COMPILER=arm-none-eabi-gcc" "ASSEMBLER=arm-none-eabi-as"
TRACE::2026-03-31.00:25:31::SCWBDomain:: "ARCHIVER=arm-none-eabi-ar" "COMPILER_FLAGS=  -O2 -c" "EXTRA_COMPILER_FLAGS=-mcpu=cortex-a9 -mfpu=vfpv3 -mfloat-abi=hard -nost
TRACE::2026-03-31.00:25:31::SCWBDomain::artfiles -g -Wall -Wextra -fno-tree-loop-distribute-patterns"

TRACE::2026-03-31.00:25:31::SCWBDomain::"Running Make include in ps7_cortexa9_0/libsrc/xilffs_v5_3/src"

TRACE::2026-03-31.00:25:31::SCWBDomain::make -C ps7_cortexa9_0/libsrc/xilffs_v5_3/src -s include  "SHELL=CMD" "COMPILER=arm-none-eabi-gcc" "ASSEMBLER=arm-none-eabi-as"
TRACE::2026-03-31.00:25:31::SCWBDomain:: "ARCHIVER=arm-none-eabi-ar" "COMPILER_FLAGS=  -O2 -c" "EXTRA_COMPILER_FLAGS=-mcpu=cortex-a9 -mfpu=vfpv3 -mfloat-abi=hard -nost
TRACE::2026-03-31.00:25:31::SCWBDomain::artfiles -g -Wall -Wextra -fno-tree-loop-distribute-patterns"

TRACE::2026-03-31.00:25:31::SCWBDomain::"Running Make include in ps7_cortexa9_0/libsrc/xilrsa_v1_8/src"

TRACE::2026-03-31.00:25:31::SCWBDomain::make -C ps7_cortexa9_0/libsrc/xilrsa_v1_8/src -s include  "SHELL=CMD" "COMPILER=arm-none-eabi-gcc" "ASSEMBLER=arm-none-eabi-as"
TRACE::2026-03-31.00:25:31::SCWBDomain:: "ARCHIVER=arm-none-eabi-ar" "COMPILER_FLAGS=  -O2 -c" "EXTRA_COMPILER_FLAGS=-mcpu=cortex-a9 -mfpu=vfpv3 -mfloat-abi=hard -nost
TRACE::2026-03-31.00:25:31::SCWBDomain::artfiles -g -Wall -Wextra -fno-tree-loop-distribute-patterns"

TRACE::2026-03-31.00:25:31::SCWBDomain::"Running Make libs in ps7_cortexa9_0/libsrc/coresightps_dcc_v1_11/src"

TRACE::2026-03-31.00:25:31::SCWBDomain::make -C ps7_cortexa9_0/libsrc/coresightps_dcc_v1_11/src -s libs  "SHELL=CMD" "COMPILER=arm-none-eabi-gcc" "ASSEMBLER=arm-none-e
TRACE::2026-03-31.00:25:31::SCWBDomain::abi-as" "ARCHIVER=arm-none-eabi-ar" "COMPILER_FLAGS=  -O2 -c" "EXTRA_COMPILER_FLAGS=-mcpu=cortex-a9 -mfpu=vfpv3 -mfloat-abi=har
TRACE::2026-03-31.00:25:31::SCWBDomain::d -nostartfiles -g -Wall -Wextra -fno-tree-loop-distribute-patterns"

TRACE::2026-03-31.00:25:31::SCWBDomain::"Running Make libs in ps7_cortexa9_0/libsrc/cpu_cortexa9_v2_12/src"

TRACE::2026-03-31.00:25:31::SCWBDomain::make -C ps7_cortexa9_0/libsrc/cpu_cortexa9_v2_12/src -s libs  "SHELL=CMD" "COMPILER=arm-none-eabi-gcc" "ASSEMBLER=arm-none-eabi
TRACE::2026-03-31.00:25:31::SCWBDomain::-as" "ARCHIVER=arm-none-eabi-ar" "COMPILER_FLAGS=  -O2 -c" "EXTRA_COMPILER_FLAGS=-mcpu=cortex-a9 -mfpu=vfpv3 -mfloat-abi=hard -
TRACE::2026-03-31.00:25:31::SCWBDomain::nostartfiles -g -Wall -Wextra -fno-tree-loop-distribute-patterns"

TRACE::2026-03-31.00:25:31::SCWBDomain::"Running Make libs in ps7_cortexa9_0/libsrc/ddrps_v1_2/src"

TRACE::2026-03-31.00:25:31::SCWBDomain::make -C ps7_cortexa9_0/libsrc/ddrps_v1_2/src -s libs  "SHELL=CMD" "COMPILER=arm-none-eabi-gcc" "ASSEMBLER=arm-none-eabi-as" "AR
TRACE::2026-03-31.00:25:31::SCWBDomain::CHIVER=arm-none-eabi-ar" "COMPILER_FLAGS=  -O2 -c" "EXTRA_COMPILER_FLAGS=-mcpu=cortex-a9 -mfpu=vfpv3 -mfloat-abi=hard -nostartf
TRACE::2026-03-31.00:25:31::SCWBDomain::iles -g -Wall -Wextra -fno-tree-loop-distribute-patterns"

TRACE::2026-03-31.00:25:31::SCWBDomain::"Running Make libs in ps7_cortexa9_0/libsrc/devcfg_v3_8/src"

TRACE::2026-03-31.00:25:31::SCWBDomain::make -C ps7_cortexa9_0/libsrc/devcfg_v3_8/src -s libs  "SHELL=CMD" "COMPILER=arm-none-eabi-gcc" "ASSEMBLER=arm-none-eabi-as" "A
TRACE::2026-03-31.00:25:31::SCWBDomain::RCHIVER=arm-none-eabi-ar" "COMPILER_FLAGS=  -O2 -c" "EXTRA_COMPILER_FLAGS=-mcpu=cortex-a9 -mfpu=vfpv3 -mfloat-abi=hard -nostart
TRACE::2026-03-31.00:25:31::SCWBDomain::files -g -Wall -Wextra -fno-tree-loop-distribute-patterns"

TRACE::2026-03-31.00:25:31::SCWBDomain::"Running Make libs in ps7_cortexa9_0/libsrc/dmaps_v2_11/src"

TRACE::2026-03-31.00:25:31::SCWBDomain::make -C ps7_cortexa9_0/libsrc/dmaps_v2_11/src -s libs  "SHELL=CMD" "COMPILER=arm-none-eabi-gcc" "ASSEMBLER=arm-none-eabi-as" "A
TRACE::2026-03-31.00:25:31::SCWBDomain::RCHIVER=arm-none-eabi-ar" "COMPILER_FLAGS=  -O2 -c" "EXTRA_COMPILER_FLAGS=-mcpu=cortex-a9 -mfpu=vfpv3 -mfloat-abi=hard -nostart
TRACE::2026-03-31.00:25:31::SCWBDomain::files -g -Wall -Wextra -fno-tree-loop-distribute-patterns"

TRACE::2026-03-31.00:25:31::SCWBDomain::"Running Make libs in ps7_cortexa9_0/libsrc/gpio_v4_12/src"

TRACE::2026-03-31.00:25:31::SCWBDomain::make -C ps7_cortexa9_0/libsrc/gpio_v4_12/src -s libs  "SHELL=CMD" "COMPILER=arm-none-eabi-gcc" "ASSEMBLER=arm-none-eabi-as" "AR
TRACE::2026-03-31.00:25:31::SCWBDomain::CHIVER=arm-none-eabi-ar" "COMPILER_FLAGS=  -O2 -c" "EXTRA_COMPILER_FLAGS=-mcpu=cortex-a9 -mfpu=vfpv3 -mfloat-abi=hard -nostartf
TRACE::2026-03-31.00:25:31::SCWBDomain::iles -g -Wall -Wextra -fno-tree-loop-distribute-patterns"

TRACE::2026-03-31.00:25:31::SCWBDomain::"Running Make libs in ps7_cortexa9_0/libsrc/scugic_v5_4/src"

TRACE::2026-03-31.00:25:31::SCWBDomain::make -C ps7_cortexa9_0/libsrc/scugic_v5_4/src -s libs  "SHELL=CMD" "COMPILER=arm-none-eabi-gcc" "ASSEMBLER=arm-none-eabi-as" "A
TRACE::2026-03-31.00:25:31::SCWBDomain::RCHIVER=arm-none-eabi-ar" "COMPILER_FLAGS=  -O2 -c" "EXTRA_COMPILER_FLAGS=-mcpu=cortex-a9 -mfpu=vfpv3 -mfloat-abi=hard -nostart
TRACE::2026-03-31.00:25:31::SCWBDomain::files -g -Wall -Wextra -fno-tree-loop-distribute-patterns"

TRACE::2026-03-31.00:25:31::SCWBDomain::"Running Make libs in ps7_cortexa9_0/libsrc/scutimer_v2_6/src"

TRACE::2026-03-31.00:25:31::SCWBDomain::make -C ps7_cortexa9_0/libsrc/scutimer_v2_6/src -s libs  "SHELL=CMD" "COMPILER=arm-none-eabi-gcc" "ASSEMBLER=arm-none-eabi-as" 
TRACE::2026-03-31.00:25:31::SCWBDomain::"ARCHIVER=arm-none-eabi-ar" "COMPILER_FLAGS=  -O2 -c" "EXTRA_COMPILER_FLAGS=-mcpu=cortex-a9 -mfpu=vfpv3 -mfloat-abi=hard -nosta
TRACE::2026-03-31.00:25:31::SCWBDomain::rtfiles -g -Wall -Wextra -fno-tree-loop-distribute-patterns"

TRACE::2026-03-31.00:25:31::SCWBDomain::"Running Make libs in ps7_cortexa9_0/libsrc/scuwdt_v2_6/src"

TRACE::2026-03-31.00:25:32::SCWBDomain::make -C ps7_cortexa9_0/libsrc/scuwdt_v2_6/src -s libs  "SHELL=CMD" "COMPILER=arm-none-eabi-gcc" "ASSEMBLER=arm-none-eabi-as" "A
TRACE::2026-03-31.00:25:32::SCWBDomain::RCHIVER=arm-none-eabi-ar" "COMPILER_FLAGS=  -O2 -c" "EXTRA_COMPILER_FLAGS=-mcpu=cortex-a9 -mfpu=vfpv3 -mfloat-abi=hard -nostart
TRACE::2026-03-31.00:25:32::SCWBDomain::files -g -Wall -Wextra -fno-tree-loop-distribute-patterns"

TRACE::2026-03-31.00:25:32::SCWBDomain::"Running Make libs in ps7_cortexa9_0/libsrc/sdps_v4_4/src"

TRACE::2026-03-31.00:25:32::SCWBDomain::make -C ps7_cortexa9_0/libsrc/sdps_v4_4/src -s libs  "SHELL=CMD" "COMPILER=arm-none-eabi-gcc" "ASSEMBLER=arm-none-eabi-as" "ARC
TRACE::2026-03-31.00:25:32::SCWBDomain::HIVER=arm-none-eabi-ar" "COMPILER_FLAGS=  -O2 -c" "EXTRA_COMPILER_FLAGS=-mcpu=cortex-a9 -mfpu=vfpv3 -mfloat-abi=hard -nostartfi
TRACE::2026-03-31.00:25:32::SCWBDomain::les -g -Wall -Wextra -fno-tree-loop-distribute-patterns"

TRACE::2026-03-31.00:25:32::SCWBDomain::"Running Make libs in ps7_cortexa9_0/libsrc/standalone_v9_2/src"

TRACE::2026-03-31.00:25:32::SCWBDomain::make -C ps7_cortexa9_0/libsrc/standalone_v9_2/src -s libs  "SHELL=CMD" "COMPILER=arm-none-eabi-gcc" "ASSEMBLER=arm-none-eabi-as
TRACE::2026-03-31.00:25:32::SCWBDomain::" "ARCHIVER=arm-none-eabi-ar" "COMPILER_FLAGS=  -O2 -c" "EXTRA_COMPILER_FLAGS=-mcpu=cortex-a9 -mfpu=vfpv3 -mfloat-abi=hard -nos
TRACE::2026-03-31.00:25:32::SCWBDomain::tartfiles -g -Wall -Wextra -fno-tree-loop-distribute-patterns"

TRACE::2026-03-31.00:25:32::SCWBDomain::"Running Make libs in ps7_cortexa9_0/libsrc/uartps_v3_15/src"

TRACE::2026-03-31.00:25:32::SCWBDomain::make -C ps7_cortexa9_0/libsrc/uartps_v3_15/src -s libs  "SHELL=CMD" "COMPILER=arm-none-eabi-gcc" "ASSEMBLER=arm-none-eabi-as" "
TRACE::2026-03-31.00:25:32::SCWBDomain::ARCHIVER=arm-none-eabi-ar" "COMPILER_FLAGS=  -O2 -c" "EXTRA_COMPILER_FLAGS=-mcpu=cortex-a9 -mfpu=vfpv3 -mfloat-abi=hard -nostar
TRACE::2026-03-31.00:25:32::SCWBDomain::tfiles -g -Wall -Wextra -fno-tree-loop-distribute-patterns"

TRACE::2026-03-31.00:25:32::SCWBDomain::"Running Make libs in ps7_cortexa9_0/libsrc/xadcps_v2_7/src"

TRACE::2026-03-31.00:25:32::SCWBDomain::make -C ps7_cortexa9_0/libsrc/xadcps_v2_7/src -s libs  "SHELL=CMD" "COMPILER=arm-none-eabi-gcc" "ASSEMBLER=arm-none-eabi-as" "A
TRACE::2026-03-31.00:25:32::SCWBDomain::RCHIVER=arm-none-eabi-ar" "COMPILER_FLAGS=  -O2 -c" "EXTRA_COMPILER_FLAGS=-mcpu=cortex-a9 -mfpu=vfpv3 -mfloat-abi=hard -nostart
TRACE::2026-03-31.00:25:32::SCWBDomain::files -g -Wall -Wextra -fno-tree-loop-distribute-patterns"

TRACE::2026-03-31.00:25:32::SCWBDomain::"Running Make libs in ps7_cortexa9_0/libsrc/xilffs_v5_3/src"

TRACE::2026-03-31.00:25:32::SCWBDomain::make -C ps7_cortexa9_0/libsrc/xilffs_v5_3/src -s libs  "SHELL=CMD" "COMPILER=arm-none-eabi-gcc" "ASSEMBLER=arm-none-eabi-as" "A
TRACE::2026-03-31.00:25:32::SCWBDomain::RCHIVER=arm-none-eabi-ar" "COMPILER_FLAGS=  -O2 -c" "EXTRA_COMPILER_FLAGS=-mcpu=cortex-a9 -mfpu=vfpv3 -mfloat-abi=hard -nostart
TRACE::2026-03-31.00:25:32::SCWBDomain::files -g -Wall -Wextra -fno-tree-loop-distribute-patterns"

TRACE::2026-03-31.00:25:34::SCWBDomain::'Finished building libraries parallelly.'

TRACE::2026-03-31.00:25:34::SCWBDomain::make --no-print-directory archive

TRACE::2026-03-31.00:25:34::SCWBDomain::arm-none-eabi-ar -r  ps7_cortexa9_0/lib/libxil.a ps7_cortexa9_0/lib/_exit.o ps7_cortexa9_0/lib/_open.o ps7_cortexa9_0/lib/_sbrk
TRACE::2026-03-31.00:25:34::SCWBDomain::.o ps7_cortexa9_0/lib/abort.o ps7_cortexa9_0/lib/asm_vectors.o ps7_cortexa9_0/lib/boot.o ps7_cortexa9_0/lib/close.o ps7_cortexa
TRACE::2026-03-31.00:25:34::SCWBDomain::9_0/lib/cpputest_time.o ps7_cortexa9_0/lib/cpu_init.o ps7_cortexa9_0/lib/errno.o ps7_cortexa9_0/lib/fcntl.o ps7_cortexa9_0/lib/
TRACE::2026-03-31.00:25:34::SCWBDomain::fstat.o ps7_cortexa9_0/lib/getentropy.o ps7_cortexa9_0/lib/getpid.o ps7_cortexa9_0/lib/gettimeofday.o ps7_cortexa9_0/lib/inbyte
TRACE::2026-03-31.00:25:34::SCWBDomain::.o ps7_cortexa9_0/lib/isatty.o ps7_cortexa9_0/lib/kill.o ps7_cortexa9_0/lib/lseek.o ps7_cortexa9_0/lib/open.o ps7_cortexa9_0/li
TRACE::2026-03-31.00:25:34::SCWBDomain::b/outbyte.o ps7_cortexa9_0/lib/print.o ps7_cortexa9_0/lib/putnum.o ps7_cortexa9_0/lib/read.o ps7_cortexa9_0/lib/sbrk.o ps7_cort
TRACE::2026-03-31.00:25:34::SCWBDomain::exa9_0/lib/sleep.o ps7_cortexa9_0/lib/time.o ps7_cortexa9_0/lib/translation_table.o ps7_cortexa9_0/lib/unlink.o ps7_cortexa9_0/
TRACE::2026-03-31.00:25:34::SCWBDomain::lib/usleep.o ps7_cortexa9_0/lib/vectors.o ps7_cortexa9_0/lib/write.o ps7_cortexa9_0/lib/xadcps.o ps7_cortexa9_0/lib/xadcps_g.o 
TRACE::2026-03-31.00:25:34::SCWBDomain::ps7_cortexa9_0/lib/xadcps_intr.o ps7_cortexa9_0/lib/xadcps_selftest.o ps7_cortexa9_0/lib/xadcps_sinit.o ps7_cortexa9_0/lib/xcor
TRACE::2026-03-31.00:25:34::SCWBDomain::esightpsdcc.o ps7_cortexa9_0/lib/xdevcfg.o ps7_cortexa9_0/lib/xdevcfg_g.o ps7_cortexa9_0/lib/xdevcfg_hw.o ps7_cortexa9_0/lib/xd
TRACE::2026-03-31.00:25:34::SCWBDomain::evcfg_intr.o ps7_cortexa9_0/lib/xdevcfg_selftest.o ps7_cortexa9_0/lib/xdevcfg_sinit.o ps7_cortexa9_0/lib/xdmaps.o ps7_cortexa9_
TRACE::2026-03-31.00:25:34::SCWBDomain::0/lib/xdmaps_g.o ps7_cortexa9_0/lib/xdmaps_hw.o ps7_cortexa9_0/lib/xdmaps_selftest.o ps7_cortexa9_0/lib/xdmaps_sinit.o ps7_cort
TRACE::2026-03-31.00:25:34::SCWBDomain::exa9_0/lib/xgpio.o ps7_cortexa9_0/lib/xgpio_extra.o ps7_cortexa9_0/lib/xgpio_g.o ps7_cortexa9_0/lib/xgpio_intr.o ps7_cortexa9_0
TRACE::2026-03-31.00:25:34::SCWBDomain::/lib/xgpio_selftest.o ps7_cortexa9_0/lib/xgpio_sinit.o ps7_cortexa9_0/lib/xil-crt0.o ps7_cortexa9_0/lib/xil_assert.o ps7_cortex
TRACE::2026-03-31.00:25:34::SCWBDomain::a9_0/lib/xil_cache.o ps7_cortexa9_0/lib/xil_clocking.o ps7_cortexa9_0/lib/xil_exception.o ps7_cortexa9_0/lib/xil_mem.o ps7_cort
TRACE::2026-03-31.00:25:34::SCWBDomain::exa9_0/lib/xil_misc_psreset_api.o ps7_cortexa9_0/lib/xil_mmu.o ps7_cortexa9_0/lib/xil_printf.o ps7_cortexa9_0/lib/xil_sleepcomm
TRACE::2026-03-31.00:25:34::SCWBDomain::on.o ps7_cortexa9_0/lib/xil_sleeptimer.o ps7_cortexa9_0/lib/xil_spinlock.o ps7_cortexa9_0/lib/xil_sutil.o ps7_cortexa9_0/lib/xi
TRACE::2026-03-31.00:25:34::SCWBDomain::l_testcache.o ps7_cortexa9_0/lib/xil_testio.o ps7_cortexa9_0/lib/xil_testmem.o ps7_cortexa9_0/lib/xil_util.o ps7_cortexa9_0/lib
TRACE::2026-03-31.00:25:34::SCWBDomain::/xinterrupt_wrap.o ps7_cortexa9_0/lib/xl2cc_counter.o ps7_cortexa9_0/lib/xplatform_info.o ps7_cortexa9_0/lib/xpm_counter.o ps7_
TRACE::2026-03-31.00:25:34::SCWBDomain::cortexa9_0/lib/xpm_init.o ps7_cortexa9_0/lib/xscugic.o ps7_cortexa9_0/lib/xscugic_g.o ps7_cortexa9_0/lib/xscugic_hw.o ps7_corte
TRACE::2026-03-31.00:25:34::SCWBDomain::xa9_0/lib/xscugic_intr.o ps7_cortexa9_0/lib/xscugic_selftest.o ps7_cortexa9_0/lib/xscugic_sinit.o ps7_cortexa9_0/lib/xscutimer.
TRACE::2026-03-31.00:25:34::SCWBDomain::o ps7_cortexa9_0/lib/xscutimer_g.o ps7_cortexa9_0/lib/xscutimer_selftest.o ps7_cortexa9_0/lib/xscutimer_sinit.o ps7_cortexa9_0/
TRACE::2026-03-31.00:25:34::SCWBDomain::lib/xscuwdt.o ps7_cortexa9_0/lib/xscuwdt_g.o ps7_cortexa9_0/lib/xscuwdt_selftest.o ps7_cortexa9_0/lib/xscuwdt_sinit.o ps7_corte
TRACE::2026-03-31.00:25:34::SCWBDomain::xa9_0/lib/xsdps.o ps7_cortexa9_0/lib/xsdps_card.o ps7_cortexa9_0/lib/xsdps_g.o ps7_cortexa9_0/lib/xsdps_host.o ps7_cortexa9_0/l
TRACE::2026-03-31.00:25:34::SCWBDomain::ib/xsdps_options.o ps7_cortexa9_0/lib/xsdps_sinit.o ps7_cortexa9_0/lib/xtime_l.o ps7_cortexa9_0/lib/xuartps.o ps7_cortexa9_0/li
TRACE::2026-03-31.00:25:34::SCWBDomain::b/xuartps_g.o ps7_cortexa9_0/lib/xuartps_hw.o ps7_cortexa9_0/lib/xuartps_intr.o ps7_cortexa9_0/lib/xuartps_options.o ps7_cortex
TRACE::2026-03-31.00:25:34::SCWBDomain::a9_0/lib/xuartps_selftest.o ps7_cortexa9_0/lib/xuartps_sinit.o

TRACE::2026-03-31.00:25:34::SCWBDomain::'Finished building libraries'

TRACE::2026-03-31.00:25:34::SCWBDomain::make: Leaving directory 'E:/Git-Repos/CNC-FPGA/Vitis3/CNC-FPGA-PLATFORM/zynq_fsbl/zynq_fsbl_bsp'

TRACE::2026-03-31.00:25:34::SCWBDomain::arm-none-eabi-gcc  -O2 -c -MMD -MP       -mcpu=cortex-a9 -mfpu=vfpv3 -mfloat-abi=hard  -c sd.c -o sd.o -Izynq_fsbl_bsp/ps7_cort
TRACE::2026-03-31.00:25:34::SCWBDomain::exa9_0/include -I.

TRACE::2026-03-31.00:25:34::SCWBDomain::arm-none-eabi-gcc  -O2 -c -MMD -MP       -mcpu=cortex-a9 -mfpu=vfpv3 -mfloat-abi=hard  -c nand.c -o nand.o -Izynq_fsbl_bsp/ps7_
TRACE::2026-03-31.00:25:34::SCWBDomain::cortexa9_0/include -I.

TRACE::2026-03-31.00:25:35::SCWBDomain::arm-none-eabi-gcc  -O2 -c -MMD -MP       -mcpu=cortex-a9 -mfpu=vfpv3 -mfloat-abi=hard  -c nor.c -o nor.o -Izynq_fsbl_bsp/ps7_co
TRACE::2026-03-31.00:25:35::SCWBDomain::rtexa9_0/include -I.

TRACE::2026-03-31.00:25:35::SCWBDomain::arm-none-eabi-gcc  -O2 -c -MMD -MP       -mcpu=cortex-a9 -mfpu=vfpv3 -mfloat-abi=hard  -c image_mover.c -o image_mover.o -Izynq
TRACE::2026-03-31.00:25:35::SCWBDomain::_fsbl_bsp/ps7_cortexa9_0/include -I.

TRACE::2026-03-31.00:25:35::SCWBDomain::arm-none-eabi-gcc  -O2 -c -MMD -MP       -mcpu=cortex-a9 -mfpu=vfpv3 -mfloat-abi=hard  -c md5.c -o md5.o -Izynq_fsbl_bsp/ps7_co
TRACE::2026-03-31.00:25:35::SCWBDomain::rtexa9_0/include -I.

TRACE::2026-03-31.00:25:35::SCWBDomain::arm-none-eabi-gcc  -O2 -c -MMD -MP       -mcpu=cortex-a9 -mfpu=vfpv3 -mfloat-abi=hard  -c fsbl_hooks.c -o fsbl_hooks.o -Izynq_f
TRACE::2026-03-31.00:25:35::SCWBDomain::sbl_bsp/ps7_cortexa9_0/include -I.

TRACE::2026-03-31.00:25:35::SCWBDomain::arm-none-eabi-gcc  -O2 -c -MMD -MP       -mcpu=cortex-a9 -mfpu=vfpv3 -mfloat-abi=hard  -c main.c -o main.o -Izynq_fsbl_bsp/ps7_
TRACE::2026-03-31.00:25:35::SCWBDomain::cortexa9_0/include -I.

TRACE::2026-03-31.00:25:36::SCWBDomain::arm-none-eabi-gcc  -O2 -c -MMD -MP       -mcpu=cortex-a9 -mfpu=vfpv3 -mfloat-abi=hard  -c rsa.c -o rsa.o -Izynq_fsbl_bsp/ps7_co
TRACE::2026-03-31.00:25:36::SCWBDomain::rtexa9_0/include -I.

TRACE::2026-03-31.00:25:36::SCWBDomain::arm-none-eabi-gcc  -O2 -c -MMD -MP       -mcpu=cortex-a9 -mfpu=vfpv3 -mfloat-abi=hard  -c qspi.c -o qspi.o -Izynq_fsbl_bsp/ps7_
TRACE::2026-03-31.00:25:36::SCWBDomain::cortexa9_0/include -I.

TRACE::2026-03-31.00:25:36::SCWBDomain::arm-none-eabi-gcc  -O2 -c -MMD -MP       -mcpu=cortex-a9 -mfpu=vfpv3 -mfloat-abi=hard  -c ps7_init.c -o ps7_init.o -Izynq_fsbl_
TRACE::2026-03-31.00:25:36::SCWBDomain::bsp/ps7_cortexa9_0/include -I.

TRACE::2026-03-31.00:25:36::SCWBDomain::arm-none-eabi-gcc  -O2 -c -MMD -MP       -mcpu=cortex-a9 -mfpu=vfpv3 -mfloat-abi=hard  -c pcap.c -o pcap.o -Izynq_fsbl_bsp/ps7_
TRACE::2026-03-31.00:25:36::SCWBDomain::cortexa9_0/include -I.

TRACE::2026-03-31.00:25:37::SCWBDomain::arm-none-eabi-gcc  -O2 -c -MMD -MP       -mcpu=cortex-a9 -mfpu=vfpv3 -mfloat-abi=hard  -c fsbl_handoff.S -o fsbl_handoff.o -Izy
TRACE::2026-03-31.00:25:37::SCWBDomain::nq_fsbl_bsp/ps7_cortexa9_0/include -I.

TRACE::2026-03-31.00:25:37::SCWBDomain::arm-none-eabi-gcc -o fsbl.elf fsbl_handoff.o fsbl_hooks.o image_mover.o main.o md5.o nand.o nor.o pcap.o ps7_init.o qspi.o rsa.
TRACE::2026-03-31.00:25:37::SCWBDomain::o sd.o -MMD -MP       -mcpu=cortex-a9 -mfpu=vfpv3 -mfloat-abi=hard   -mcpu=cortex-a9 -mfpu=vfpv3 -mfloat-abi=hard -Wl,-build-id
TRACE::2026-03-31.00:25:37::SCWBDomain::=none -specs=Xilinx.spec  -lrsa -Wl,--start-group,-lxil,-lgcc,-lc,--end-group -Wl,--start-group,-lxilffs,-lxil,-lgcc,-lc,--end-
TRACE::2026-03-31.00:25:37::SCWBDomain::group -Wl,--start-group,-lrsa,-lxil,-lgcc,-lc,--end-group                                        -Wl,--gc-sections -Lzynq_fsbl_
TRACE::2026-03-31.00:25:37::SCWBDomain::bsp/ps7_cortexa9_0/lib -L./ -Tlscript.ld

LOG::2026-03-31.00:25:37::SCWSystem::Checking the domain standalone_domain
LOG::2026-03-31.00:25:37::SCWSystem::Not a boot domain 
LOG::2026-03-31.00:25:37::SCWSystem::Started Processing the domain standalone_domain
TRACE::2026-03-31.00:25:37::SCWDomain::Generating domain artifcats
TRACE::2026-03-31.00:25:37::SCWMssOS::Generating standalone artifcats
TRACE::2026-03-31.00:25:37::SCWMssOS::Copying the qemu file from  E:/Git-Repos/CNC-FPGA/Vitis3/CNC-FPGA-PLATFORM/resources/CNC-FPGA-PLATFORM/standalone_domain/qemu_args.txt To E:/Git-Repos/CNC-FPGA/Vitis3/CNC-FPGA-PLATFORM/export/CNC-FPGA-PLATFORM/sw/CNC-FPGA-PLATFORM/qemu/
TRACE::2026-03-31.00:25:37::SCWMssOS::Copying the qemu file from  E:/Git-Repos/CNC-FPGA/Vitis3/CNC-FPGA-PLATFORM/resources/CNC-FPGA-PLATFORM/standalone_domain/qemu_args.txt To E:/Git-Repos/CNC-FPGA/Vitis3/CNC-FPGA-PLATFORM/export/CNC-FPGA-PLATFORM/sw/CNC-FPGA-PLATFORM/standalone_domain/qemu/
TRACE::2026-03-31.00:25:37::SCWMssOS:: Copying the user libraries. 
TRACE::2026-03-31.00:25:37::SCWPlatform::Trying to open the hw design at E:/Git-Repos/CNC-FPGA/Vitis3/CNC-FPGA-PLATFORM/hw/CNC_FPGA_HW.xsa
TRACE::2026-03-31.00:25:37::SCWPlatform::DSA given E:/Git-Repos/CNC-FPGA/Vitis3/CNC-FPGA-PLATFORM/hw/CNC_FPGA_HW.xsa
TRACE::2026-03-31.00:25:37::SCWPlatform::DSA absoulate path E:/Git-Repos/CNC-FPGA/Vitis3/CNC-FPGA-PLATFORM/hw/CNC_FPGA_HW.xsa
TRACE::2026-03-31.00:25:37::SCWPlatform::DSA directory E:/Git-Repos/CNC-FPGA/Vitis3/CNC-FPGA-PLATFORM/hw
TRACE::2026-03-31.00:25:37::SCWPlatform:: Platform Path E:/Git-Repos/CNC-FPGA/Vitis3/CNC-FPGA-PLATFORM/hw/CNC_FPGA_HW.xsa
TRACE::2026-03-31.00:25:37::SCWPlatform:: Unique name xilinx:zedboard::0.0
TRACE::2026-03-31.00:25:37::SCWPlatform::Trying to set the existing hwdb with name CNC_Top_wrapper_2
TRACE::2026-03-31.00:25:37::SCWPlatform::Opened existing hwdb CNC_Top_wrapper_2
TRACE::2026-03-31.00:25:37::SCWPlatform::Found the Hw Db part of the input DSA
TRACE::2026-03-31.00:25:37::SCWMssOS::Checking the sw design at  E:/Git-Repos/CNC-FPGA/Vitis3/CNC-FPGA-PLATFORM/ps7_cortexa9_0/standalone_domain/bsp/system.mss
TRACE::2026-03-31.00:25:37::SCWMssOS::DEBUG:  swdes dump  E:/Git-Repos/CNC-FPGA/Vitis3/CNC-FPGA-FINAL-RELEASE/ps7_cortexa9_0/standalone_domain/bsp/system.mss|system_0||
E:/Git-Repos/CNC-FPGA/Vitis3/CNC-FPGA-FINAL-RELEASE/zynq_fsbl/zynq_fsbl_bsp/system.mss|system||
E:/Git-Repos/CNC-FPGA/Vitis3/CNC-FPGA-PLATFORM/zynq_fsbl/zynq_fsbl_bsp/system.mss|system_1||

TRACE::2026-03-31.00:25:37::SCWMssOS::No sw design opened at  E:/Git-Repos/CNC-FPGA/Vitis3/CNC-FPGA-PLATFORM/ps7_cortexa9_0/standalone_domain/bsp/system.mss
TRACE::2026-03-31.00:25:37::SCWMssOS::mss exists loading the mss file  E:/Git-Repos/CNC-FPGA/Vitis3/CNC-FPGA-PLATFORM/ps7_cortexa9_0/standalone_domain/bsp/system.mss
TRACE::2026-03-31.00:25:37::SCWMssOS::Opened the sw design from mss  E:/Git-Repos/CNC-FPGA/Vitis3/CNC-FPGA-PLATFORM/ps7_cortexa9_0/standalone_domain/bsp/system.mss
TRACE::2026-03-31.00:25:37::SCWMssOS::Adding the swdes entry E:/Git-Repos/CNC-FPGA/Vitis3/CNC-FPGA-PLATFORM/ps7_cortexa9_0/standalone_domain/bsp/system.mss with des name system_2
TRACE::2026-03-31.00:25:37::SCWMssOS::updating the scw layer about changes
TRACE::2026-03-31.00:25:37::SCWMssOS::Opened the sw design.  E:/Git-Repos/CNC-FPGA/Vitis3/CNC-FPGA-PLATFORM/ps7_cortexa9_0/standalone_domain/bsp/system.mss
TRACE::2026-03-31.00:25:37::SCWMssOS::Completed writing the mss file at E:/Git-Repos/CNC-FPGA/Vitis3/CNC-FPGA-PLATFORM/ps7_cortexa9_0/standalone_domain/bsp
TRACE::2026-03-31.00:25:37::SCWMssOS::Mss edits present, copying mssfile into export location E:/Git-Repos/CNC-FPGA/Vitis3/CNC-FPGA-PLATFORM/ps7_cortexa9_0/standalone_domain/bsp/system.mss
TRACE::2026-03-31.00:25:37::SCWMssOS::bsp generated is upto date with the mss file. Skipping bsp generation.
TRACE::2026-03-31.00:25:37::SCWMssOS::BSP is already built. skipping the bsp build ... 
TRACE::2026-03-31.00:25:37::SCWDomain::Building the domain as part of full build :  standalone_domain
TRACE::2026-03-31.00:25:37::SCWMssOS::doing bsp build ... 
TRACE::2026-03-31.00:25:37::SCWMssOS::System Command Ran  E: & cd  E:/Git-Repos/CNC-FPGA/Vitis3/CNC-FPGA-PLATFORM/ps7_cortexa9_0/standalone_domain/bsp & make 
TRACE::2026-03-31.00:25:37::SCWMssOS::make --no-print-directory seq_libs

TRACE::2026-03-31.00:25:37::SCWMssOS::'Finished building libraries sequentially.'

TRACE::2026-03-31.00:25:37::SCWMssOS::make -j 22 --no-print-directory par_libs

TRACE::2026-03-31.00:25:37::SCWMssOS::"Running Make include in ps7_cortexa9_0/libsrc/coresightps_dcc_v1_11/src"

TRACE::2026-03-31.00:25:37::SCWMssOS::make -C ps7_cortexa9_0/libsrc/coresightps_dcc_v1_11/src -s include  "SHELL=CMD" "COMPILER=arm-none-eabi-gcc" "ASSEMBLER=arm-non
TRACE::2026-03-31.00:25:37::SCWMssOS::e-eabi-as" "ARCHIVER=arm-none-eabi-ar" "COMPILER_FLAGS=  -O2 -c" "EXTRA_COMPILER_FLAGS=-mcpu=cortex-a9 -mfpu=vfpv3 -mfloat-abi=
TRACE::2026-03-31.00:25:37::SCWMssOS::hard -nostartfiles -g -Wall -Wextra -fno-tree-loop-distribute-patterns"

TRACE::2026-03-31.00:25:37::SCWMssOS::"Running Make include in ps7_cortexa9_0/libsrc/cpu_cortexa9_v2_12/src"

TRACE::2026-03-31.00:25:37::SCWMssOS::make -C ps7_cortexa9_0/libsrc/cpu_cortexa9_v2_12/src -s include  "SHELL=CMD" "COMPILER=arm-none-eabi-gcc" "ASSEMBLER=arm-none-e
TRACE::2026-03-31.00:25:37::SCWMssOS::abi-as" "ARCHIVER=arm-none-eabi-ar" "COMPILER_FLAGS=  -O2 -c" "EXTRA_COMPILER_FLAGS=-mcpu=cortex-a9 -mfpu=vfpv3 -mfloat-abi=har
TRACE::2026-03-31.00:25:37::SCWMssOS::d -nostartfiles -g -Wall -Wextra -fno-tree-loop-distribute-patterns"

TRACE::2026-03-31.00:25:37::SCWMssOS::"Running Make include in ps7_cortexa9_0/libsrc/ddrps_v1_2/src"

TRACE::2026-03-31.00:25:37::SCWMssOS::make -C ps7_cortexa9_0/libsrc/ddrps_v1_2/src -s include  "SHELL=CMD" "COMPILER=arm-none-eabi-gcc" "ASSEMBLER=arm-none-eabi-as" 
TRACE::2026-03-31.00:25:37::SCWMssOS::"ARCHIVER=arm-none-eabi-ar" "COMPILER_FLAGS=  -O2 -c" "EXTRA_COMPILER_FLAGS=-mcpu=cortex-a9 -mfpu=vfpv3 -mfloat-abi=hard -nosta
TRACE::2026-03-31.00:25:37::SCWMssOS::rtfiles -g -Wall -Wextra -fno-tree-loop-distribute-patterns"

TRACE::2026-03-31.00:25:37::SCWMssOS::"Running Make include in ps7_cortexa9_0/libsrc/devcfg_v3_8/src"

TRACE::2026-03-31.00:25:38::SCWMssOS::make -C ps7_cortexa9_0/libsrc/devcfg_v3_8/src -s include  "SHELL=CMD" "COMPILER=arm-none-eabi-gcc" "ASSEMBLER=arm-none-eabi-as"
TRACE::2026-03-31.00:25:38::SCWMssOS:: "ARCHIVER=arm-none-eabi-ar" "COMPILER_FLAGS=  -O2 -c" "EXTRA_COMPILER_FLAGS=-mcpu=cortex-a9 -mfpu=vfpv3 -mfloat-abi=hard -nost
TRACE::2026-03-31.00:25:38::SCWMssOS::artfiles -g -Wall -Wextra -fno-tree-loop-distribute-patterns"

TRACE::2026-03-31.00:25:38::SCWMssOS::"Running Make include in ps7_cortexa9_0/libsrc/dmaps_v2_11/src"

TRACE::2026-03-31.00:25:38::SCWMssOS::make -C ps7_cortexa9_0/libsrc/dmaps_v2_11/src -s include  "SHELL=CMD" "COMPILER=arm-none-eabi-gcc" "ASSEMBLER=arm-none-eabi-as"
TRACE::2026-03-31.00:25:38::SCWMssOS:: "ARCHIVER=arm-none-eabi-ar" "COMPILER_FLAGS=  -O2 -c" "EXTRA_COMPILER_FLAGS=-mcpu=cortex-a9 -mfpu=vfpv3 -mfloat-abi=hard -nost
TRACE::2026-03-31.00:25:38::SCWMssOS::artfiles -g -Wall -Wextra -fno-tree-loop-distribute-patterns"

TRACE::2026-03-31.00:25:38::SCWMssOS::"Running Make include in ps7_cortexa9_0/libsrc/gpio_v4_12/src"

TRACE::2026-03-31.00:25:38::SCWMssOS::make -C ps7_cortexa9_0/libsrc/gpio_v4_12/src -s include  "SHELL=CMD" "COMPILER=arm-none-eabi-gcc" "ASSEMBLER=arm-none-eabi-as" 
TRACE::2026-03-31.00:25:38::SCWMssOS::"ARCHIVER=arm-none-eabi-ar" "COMPILER_FLAGS=  -O2 -c" "EXTRA_COMPILER_FLAGS=-mcpu=cortex-a9 -mfpu=vfpv3 -mfloat-abi=hard -nosta
TRACE::2026-03-31.00:25:38::SCWMssOS::rtfiles -g -Wall -Wextra -fno-tree-loop-distribute-patterns"

TRACE::2026-03-31.00:25:38::SCWMssOS::"Running Make include in ps7_cortexa9_0/libsrc/scugic_v5_4/src"

TRACE::2026-03-31.00:25:38::SCWMssOS::make -C ps7_cortexa9_0/libsrc/scugic_v5_4/src -s include  "SHELL=CMD" "COMPILER=arm-none-eabi-gcc" "ASSEMBLER=arm-none-eabi-as"
TRACE::2026-03-31.00:25:38::SCWMssOS:: "ARCHIVER=arm-none-eabi-ar" "COMPILER_FLAGS=  -O2 -c" "EXTRA_COMPILER_FLAGS=-mcpu=cortex-a9 -mfpu=vfpv3 -mfloat-abi=hard -nost
TRACE::2026-03-31.00:25:38::SCWMssOS::artfiles -g -Wall -Wextra -fno-tree-loop-distribute-patterns"

TRACE::2026-03-31.00:25:38::SCWMssOS::"Running Make include in ps7_cortexa9_0/libsrc/scutimer_v2_6/src"

TRACE::2026-03-31.00:25:38::SCWMssOS::make -C ps7_cortexa9_0/libsrc/scutimer_v2_6/src -s include  "SHELL=CMD" "COMPILER=arm-none-eabi-gcc" "ASSEMBLER=arm-none-eabi-a
TRACE::2026-03-31.00:25:38::SCWMssOS::s" "ARCHIVER=arm-none-eabi-ar" "COMPILER_FLAGS=  -O2 -c" "EXTRA_COMPILER_FLAGS=-mcpu=cortex-a9 -mfpu=vfpv3 -mfloat-abi=hard -no
TRACE::2026-03-31.00:25:38::SCWMssOS::startfiles -g -Wall -Wextra -fno-tree-loop-distribute-patterns"

TRACE::2026-03-31.00:25:38::SCWMssOS::"Running Make include in ps7_cortexa9_0/libsrc/scuwdt_v2_6/src"

TRACE::2026-03-31.00:25:38::SCWMssOS::make -C ps7_cortexa9_0/libsrc/scuwdt_v2_6/src -s include  "SHELL=CMD" "COMPILER=arm-none-eabi-gcc" "ASSEMBLER=arm-none-eabi-as"
TRACE::2026-03-31.00:25:38::SCWMssOS:: "ARCHIVER=arm-none-eabi-ar" "COMPILER_FLAGS=  -O2 -c" "EXTRA_COMPILER_FLAGS=-mcpu=cortex-a9 -mfpu=vfpv3 -mfloat-abi=hard -nost
TRACE::2026-03-31.00:25:38::SCWMssOS::artfiles -g -Wall -Wextra -fno-tree-loop-distribute-patterns"

TRACE::2026-03-31.00:25:38::SCWMssOS::"Running Make include in ps7_cortexa9_0/libsrc/sdps_v4_4/src"

TRACE::2026-03-31.00:25:38::SCWMssOS::make -C ps7_cortexa9_0/libsrc/sdps_v4_4/src -s include  "SHELL=CMD" "COMPILER=arm-none-eabi-gcc" "ASSEMBLER=arm-none-eabi-as" "
TRACE::2026-03-31.00:25:38::SCWMssOS::ARCHIVER=arm-none-eabi-ar" "COMPILER_FLAGS=  -O2 -c" "EXTRA_COMPILER_FLAGS=-mcpu=cortex-a9 -mfpu=vfpv3 -mfloat-abi=hard -nostar
TRACE::2026-03-31.00:25:38::SCWMssOS::tfiles -g -Wall -Wextra -fno-tree-loop-distribute-patterns"

TRACE::2026-03-31.00:25:38::SCWMssOS::"Running Make include in ps7_cortexa9_0/libsrc/standalone_v9_2/src"

TRACE::2026-03-31.00:25:38::SCWMssOS::make -C ps7_cortexa9_0/libsrc/standalone_v9_2/src -s include  "SHELL=CMD" "COMPILER=arm-none-eabi-gcc" "ASSEMBLER=arm-none-eabi
TRACE::2026-03-31.00:25:38::SCWMssOS::-as" "ARCHIVER=arm-none-eabi-ar" "COMPILER_FLAGS=  -O2 -c" "EXTRA_COMPILER_FLAGS=-mcpu=cortex-a9 -mfpu=vfpv3 -mfloat-abi=hard -
TRACE::2026-03-31.00:25:38::SCWMssOS::nostartfiles -g -Wall -Wextra -fno-tree-loop-distribute-patterns"

TRACE::2026-03-31.00:25:38::SCWMssOS::"Running Make include in ps7_cortexa9_0/libsrc/uartps_v3_15/src"

TRACE::2026-03-31.00:25:38::SCWMssOS::make -C ps7_cortexa9_0/libsrc/uartps_v3_15/src -s include  "SHELL=CMD" "COMPILER=arm-none-eabi-gcc" "ASSEMBLER=arm-none-eabi-as
TRACE::2026-03-31.00:25:38::SCWMssOS::" "ARCHIVER=arm-none-eabi-ar" "COMPILER_FLAGS=  -O2 -c" "EXTRA_COMPILER_FLAGS=-mcpu=cortex-a9 -mfpu=vfpv3 -mfloat-abi=hard -nos
TRACE::2026-03-31.00:25:38::SCWMssOS::tartfiles -g -Wall -Wextra -fno-tree-loop-distribute-patterns"

TRACE::2026-03-31.00:25:38::SCWMssOS::"Running Make include in ps7_cortexa9_0/libsrc/xadcps_v2_7/src"

TRACE::2026-03-31.00:25:38::SCWMssOS::make -C ps7_cortexa9_0/libsrc/xadcps_v2_7/src -s include  "SHELL=CMD" "COMPILER=arm-none-eabi-gcc" "ASSEMBLER=arm-none-eabi-as"
TRACE::2026-03-31.00:25:38::SCWMssOS:: "ARCHIVER=arm-none-eabi-ar" "COMPILER_FLAGS=  -O2 -c" "EXTRA_COMPILER_FLAGS=-mcpu=cortex-a9 -mfpu=vfpv3 -mfloat-abi=hard -nost
TRACE::2026-03-31.00:25:38::SCWMssOS::artfiles -g -Wall -Wextra -fno-tree-loop-distribute-patterns"

TRACE::2026-03-31.00:25:38::SCWMssOS::"Running Make include in ps7_cortexa9_0/libsrc/xilffs_v5_3/src"

TRACE::2026-03-31.00:25:38::SCWMssOS::make -C ps7_cortexa9_0/libsrc/xilffs_v5_3/src -s include  "SHELL=CMD" "COMPILER=arm-none-eabi-gcc" "ASSEMBLER=arm-none-eabi-as"
TRACE::2026-03-31.00:25:38::SCWMssOS:: "ARCHIVER=arm-none-eabi-ar" "COMPILER_FLAGS=  -O2 -c" "EXTRA_COMPILER_FLAGS=-mcpu=cortex-a9 -mfpu=vfpv3 -mfloat-abi=hard -nost
TRACE::2026-03-31.00:25:38::SCWMssOS::artfiles -g -Wall -Wextra -fno-tree-loop-distribute-patterns"

TRACE::2026-03-31.00:25:38::SCWMssOS::"Running Make libs in ps7_cortexa9_0/libsrc/coresightps_dcc_v1_11/src"

TRACE::2026-03-31.00:25:38::SCWMssOS::make -C ps7_cortexa9_0/libsrc/coresightps_dcc_v1_11/src -s libs  "SHELL=CMD" "COMPILER=arm-none-eabi-gcc" "ASSEMBLER=arm-none-e
TRACE::2026-03-31.00:25:38::SCWMssOS::abi-as" "ARCHIVER=arm-none-eabi-ar" "COMPILER_FLAGS=  -O2 -c" "EXTRA_COMPILER_FLAGS=-mcpu=cortex-a9 -mfpu=vfpv3 -mfloat-abi=har
TRACE::2026-03-31.00:25:38::SCWMssOS::d -nostartfiles -g -Wall -Wextra -fno-tree-loop-distribute-patterns"

TRACE::2026-03-31.00:25:38::SCWMssOS::"Running Make libs in ps7_cortexa9_0/libsrc/cpu_cortexa9_v2_12/src"

TRACE::2026-03-31.00:25:38::SCWMssOS::make -C ps7_cortexa9_0/libsrc/cpu_cortexa9_v2_12/src -s libs  "SHELL=CMD" "COMPILER=arm-none-eabi-gcc" "ASSEMBLER=arm-none-eabi
TRACE::2026-03-31.00:25:38::SCWMssOS::-as" "ARCHIVER=arm-none-eabi-ar" "COMPILER_FLAGS=  -O2 -c" "EXTRA_COMPILER_FLAGS=-mcpu=cortex-a9 -mfpu=vfpv3 -mfloat-abi=hard -
TRACE::2026-03-31.00:25:38::SCWMssOS::nostartfiles -g -Wall -Wextra -fno-tree-loop-distribute-patterns"

TRACE::2026-03-31.00:25:38::SCWMssOS::"Running Make libs in ps7_cortexa9_0/libsrc/ddrps_v1_2/src"

TRACE::2026-03-31.00:25:38::SCWMssOS::make -C ps7_cortexa9_0/libsrc/ddrps_v1_2/src -s libs  "SHELL=CMD" "COMPILER=arm-none-eabi-gcc" "ASSEMBLER=arm-none-eabi-as" "AR
TRACE::2026-03-31.00:25:38::SCWMssOS::CHIVER=arm-none-eabi-ar" "COMPILER_FLAGS=  -O2 -c" "EXTRA_COMPILER_FLAGS=-mcpu=cortex-a9 -mfpu=vfpv3 -mfloat-abi=hard -nostartf
TRACE::2026-03-31.00:25:38::SCWMssOS::iles -g -Wall -Wextra -fno-tree-loop-distribute-patterns"

TRACE::2026-03-31.00:25:38::SCWMssOS::"Running Make libs in ps7_cortexa9_0/libsrc/devcfg_v3_8/src"

TRACE::2026-03-31.00:25:38::SCWMssOS::make -C ps7_cortexa9_0/libsrc/devcfg_v3_8/src -s libs  "SHELL=CMD" "COMPILER=arm-none-eabi-gcc" "ASSEMBLER=arm-none-eabi-as" "A
TRACE::2026-03-31.00:25:38::SCWMssOS::RCHIVER=arm-none-eabi-ar" "COMPILER_FLAGS=  -O2 -c" "EXTRA_COMPILER_FLAGS=-mcpu=cortex-a9 -mfpu=vfpv3 -mfloat-abi=hard -nostart
TRACE::2026-03-31.00:25:38::SCWMssOS::files -g -Wall -Wextra -fno-tree-loop-distribute-patterns"

TRACE::2026-03-31.00:25:38::SCWMssOS::"Running Make libs in ps7_cortexa9_0/libsrc/dmaps_v2_11/src"

TRACE::2026-03-31.00:25:38::SCWMssOS::make -C ps7_cortexa9_0/libsrc/dmaps_v2_11/src -s libs  "SHELL=CMD" "COMPILER=arm-none-eabi-gcc" "ASSEMBLER=arm-none-eabi-as" "A
TRACE::2026-03-31.00:25:38::SCWMssOS::RCHIVER=arm-none-eabi-ar" "COMPILER_FLAGS=  -O2 -c" "EXTRA_COMPILER_FLAGS=-mcpu=cortex-a9 -mfpu=vfpv3 -mfloat-abi=hard -nostart
TRACE::2026-03-31.00:25:38::SCWMssOS::files -g -Wall -Wextra -fno-tree-loop-distribute-patterns"

TRACE::2026-03-31.00:25:38::SCWMssOS::"Running Make libs in ps7_cortexa9_0/libsrc/gpio_v4_12/src"

TRACE::2026-03-31.00:25:38::SCWMssOS::make -C ps7_cortexa9_0/libsrc/gpio_v4_12/src -s libs  "SHELL=CMD" "COMPILER=arm-none-eabi-gcc" "ASSEMBLER=arm-none-eabi-as" "AR
TRACE::2026-03-31.00:25:38::SCWMssOS::CHIVER=arm-none-eabi-ar" "COMPILER_FLAGS=  -O2 -c" "EXTRA_COMPILER_FLAGS=-mcpu=cortex-a9 -mfpu=vfpv3 -mfloat-abi=hard -nostartf
TRACE::2026-03-31.00:25:38::SCWMssOS::iles -g -Wall -Wextra -fno-tree-loop-distribute-patterns"

TRACE::2026-03-31.00:25:38::SCWMssOS::"Running Make libs in ps7_cortexa9_0/libsrc/scugic_v5_4/src"

TRACE::2026-03-31.00:25:38::SCWMssOS::make -C ps7_cortexa9_0/libsrc/scugic_v5_4/src -s libs  "SHELL=CMD" "COMPILER=arm-none-eabi-gcc" "ASSEMBLER=arm-none-eabi-as" "A
TRACE::2026-03-31.00:25:38::SCWMssOS::RCHIVER=arm-none-eabi-ar" "COMPILER_FLAGS=  -O2 -c" "EXTRA_COMPILER_FLAGS=-mcpu=cortex-a9 -mfpu=vfpv3 -mfloat-abi=hard -nostart
TRACE::2026-03-31.00:25:38::SCWMssOS::files -g -Wall -Wextra -fno-tree-loop-distribute-patterns"

TRACE::2026-03-31.00:25:38::SCWMssOS::"Running Make libs in ps7_cortexa9_0/libsrc/scutimer_v2_6/src"

TRACE::2026-03-31.00:25:38::SCWMssOS::make -C ps7_cortexa9_0/libsrc/scutimer_v2_6/src -s libs  "SHELL=CMD" "COMPILER=arm-none-eabi-gcc" "ASSEMBLER=arm-none-eabi-as" 
TRACE::2026-03-31.00:25:38::SCWMssOS::"ARCHIVER=arm-none-eabi-ar" "COMPILER_FLAGS=  -O2 -c" "EXTRA_COMPILER_FLAGS=-mcpu=cortex-a9 -mfpu=vfpv3 -mfloat-abi=hard -nosta
TRACE::2026-03-31.00:25:38::SCWMssOS::rtfiles -g -Wall -Wextra -fno-tree-loop-distribute-patterns"

TRACE::2026-03-31.00:25:38::SCWMssOS::"Running Make libs in ps7_cortexa9_0/libsrc/scuwdt_v2_6/src"

TRACE::2026-03-31.00:25:38::SCWMssOS::make -C ps7_cortexa9_0/libsrc/scuwdt_v2_6/src -s libs  "SHELL=CMD" "COMPILER=arm-none-eabi-gcc" "ASSEMBLER=arm-none-eabi-as" "A
TRACE::2026-03-31.00:25:38::SCWMssOS::RCHIVER=arm-none-eabi-ar" "COMPILER_FLAGS=  -O2 -c" "EXTRA_COMPILER_FLAGS=-mcpu=cortex-a9 -mfpu=vfpv3 -mfloat-abi=hard -nostart
TRACE::2026-03-31.00:25:38::SCWMssOS::files -g -Wall -Wextra -fno-tree-loop-distribute-patterns"

TRACE::2026-03-31.00:25:38::SCWMssOS::"Running Make libs in ps7_cortexa9_0/libsrc/sdps_v4_4/src"

TRACE::2026-03-31.00:25:38::SCWMssOS::make -C ps7_cortexa9_0/libsrc/sdps_v4_4/src -s libs  "SHELL=CMD" "COMPILER=arm-none-eabi-gcc" "ASSEMBLER=arm-none-eabi-as" "ARC
TRACE::2026-03-31.00:25:38::SCWMssOS::HIVER=arm-none-eabi-ar" "COMPILER_FLAGS=  -O2 -c" "EXTRA_COMPILER_FLAGS=-mcpu=cortex-a9 -mfpu=vfpv3 -mfloat-abi=hard -nostartfi
TRACE::2026-03-31.00:25:38::SCWMssOS::les -g -Wall -Wextra -fno-tree-loop-distribute-patterns"

TRACE::2026-03-31.00:25:38::SCWMssOS::"Running Make libs in ps7_cortexa9_0/libsrc/standalone_v9_2/src"

TRACE::2026-03-31.00:25:38::SCWMssOS::make -C ps7_cortexa9_0/libsrc/standalone_v9_2/src -s libs  "SHELL=CMD" "COMPILER=arm-none-eabi-gcc" "ASSEMBLER=arm-none-eabi-as
TRACE::2026-03-31.00:25:38::SCWMssOS::" "ARCHIVER=arm-none-eabi-ar" "COMPILER_FLAGS=  -O2 -c" "EXTRA_COMPILER_FLAGS=-mcpu=cortex-a9 -mfpu=vfpv3 -mfloat-abi=hard -nos
TRACE::2026-03-31.00:25:38::SCWMssOS::tartfiles -g -Wall -Wextra -fno-tree-loop-distribute-patterns"

TRACE::2026-03-31.00:25:39::SCWMssOS::"Running Make libs in ps7_cortexa9_0/libsrc/uartps_v3_15/src"

TRACE::2026-03-31.00:25:39::SCWMssOS::make -C ps7_cortexa9_0/libsrc/uartps_v3_15/src -s libs  "SHELL=CMD" "COMPILER=arm-none-eabi-gcc" "ASSEMBLER=arm-none-eabi-as" "
TRACE::2026-03-31.00:25:39::SCWMssOS::ARCHIVER=arm-none-eabi-ar" "COMPILER_FLAGS=  -O2 -c" "EXTRA_COMPILER_FLAGS=-mcpu=cortex-a9 -mfpu=vfpv3 -mfloat-abi=hard -nostar
TRACE::2026-03-31.00:25:39::SCWMssOS::tfiles -g -Wall -Wextra -fno-tree-loop-distribute-patterns"

TRACE::2026-03-31.00:25:39::SCWMssOS::"Running Make libs in ps7_cortexa9_0/libsrc/xadcps_v2_7/src"

TRACE::2026-03-31.00:25:39::SCWMssOS::make -C ps7_cortexa9_0/libsrc/xadcps_v2_7/src -s libs  "SHELL=CMD" "COMPILER=arm-none-eabi-gcc" "ASSEMBLER=arm-none-eabi-as" "A
TRACE::2026-03-31.00:25:39::SCWMssOS::RCHIVER=arm-none-eabi-ar" "COMPILER_FLAGS=  -O2 -c" "EXTRA_COMPILER_FLAGS=-mcpu=cortex-a9 -mfpu=vfpv3 -mfloat-abi=hard -nostart
TRACE::2026-03-31.00:25:39::SCWMssOS::files -g -Wall -Wextra -fno-tree-loop-distribute-patterns"

TRACE::2026-03-31.00:25:39::SCWMssOS::"Running Make libs in ps7_cortexa9_0/libsrc/xilffs_v5_3/src"

TRACE::2026-03-31.00:25:39::SCWMssOS::make -C ps7_cortexa9_0/libsrc/xilffs_v5_3/src -s libs  "SHELL=CMD" "COMPILER=arm-none-eabi-gcc" "ASSEMBLER=arm-none-eabi-as" "A
TRACE::2026-03-31.00:25:39::SCWMssOS::RCHIVER=arm-none-eabi-ar" "COMPILER_FLAGS=  -O2 -c" "EXTRA_COMPILER_FLAGS=-mcpu=cortex-a9 -mfpu=vfpv3 -mfloat-abi=hard -nostart
TRACE::2026-03-31.00:25:39::SCWMssOS::files -g -Wall -Wextra -fno-tree-loop-distribute-patterns"

TRACE::2026-03-31.00:25:40::SCWMssOS::'Finished building libraries parallelly.'

TRACE::2026-03-31.00:25:40::SCWMssOS::make --no-print-directory archive

TRACE::2026-03-31.00:25:40::SCWMssOS::arm-none-eabi-ar -r  ps7_cortexa9_0/lib/libxil.a ps7_cortexa9_0/lib/_exit.o ps7_cortexa9_0/lib/_open.o ps7_cortexa9_0/lib/_sbrk
TRACE::2026-03-31.00:25:40::SCWMssOS::.o ps7_cortexa9_0/lib/abort.o ps7_cortexa9_0/lib/asm_vectors.o ps7_cortexa9_0/lib/boot.o ps7_cortexa9_0/lib/close.o ps7_cortexa
TRACE::2026-03-31.00:25:40::SCWMssOS::9_0/lib/cpputest_time.o ps7_cortexa9_0/lib/cpu_init.o ps7_cortexa9_0/lib/errno.o ps7_cortexa9_0/lib/fcntl.o ps7_cortexa9_0/lib/
TRACE::2026-03-31.00:25:40::SCWMssOS::fstat.o ps7_cortexa9_0/lib/getentropy.o ps7_cortexa9_0/lib/getpid.o ps7_cortexa9_0/lib/gettimeofday.o ps7_cortexa9_0/lib/inbyte
TRACE::2026-03-31.00:25:40::SCWMssOS::.o ps7_cortexa9_0/lib/isatty.o ps7_cortexa9_0/lib/kill.o ps7_cortexa9_0/lib/lseek.o ps7_cortexa9_0/lib/open.o ps7_cortexa9_0/li
TRACE::2026-03-31.00:25:40::SCWMssOS::b/outbyte.o ps7_cortexa9_0/lib/print.o ps7_cortexa9_0/lib/putnum.o ps7_cortexa9_0/lib/read.o ps7_cortexa9_0/lib/sbrk.o ps7_cort
TRACE::2026-03-31.00:25:40::SCWMssOS::exa9_0/lib/sleep.o ps7_cortexa9_0/lib/time.o ps7_cortexa9_0/lib/translation_table.o ps7_cortexa9_0/lib/unlink.o ps7_cortexa9_0/
TRACE::2026-03-31.00:25:40::SCWMssOS::lib/usleep.o ps7_cortexa9_0/lib/vectors.o ps7_cortexa9_0/lib/write.o ps7_cortexa9_0/lib/xadcps.o ps7_cortexa9_0/lib/xadcps_g.o 
TRACE::2026-03-31.00:25:40::SCWMssOS::ps7_cortexa9_0/lib/xadcps_intr.o ps7_cortexa9_0/lib/xadcps_selftest.o ps7_cortexa9_0/lib/xadcps_sinit.o ps7_cortexa9_0/lib/xcor
TRACE::2026-03-31.00:25:40::SCWMssOS::esightpsdcc.o ps7_cortexa9_0/lib/xdevcfg.o ps7_cortexa9_0/lib/xdevcfg_g.o ps7_cortexa9_0/lib/xdevcfg_hw.o ps7_cortexa9_0/lib/xd
TRACE::2026-03-31.00:25:40::SCWMssOS::evcfg_intr.o ps7_cortexa9_0/lib/xdevcfg_selftest.o ps7_cortexa9_0/lib/xdevcfg_sinit.o ps7_cortexa9_0/lib/xdmaps.o ps7_cortexa9_
TRACE::2026-03-31.00:25:40::SCWMssOS::0/lib/xdmaps_g.o ps7_cortexa9_0/lib/xdmaps_hw.o ps7_cortexa9_0/lib/xdmaps_selftest.o ps7_cortexa9_0/lib/xdmaps_sinit.o ps7_cort
TRACE::2026-03-31.00:25:40::SCWMssOS::exa9_0/lib/xgpio.o ps7_cortexa9_0/lib/xgpio_extra.o ps7_cortexa9_0/lib/xgpio_g.o ps7_cortexa9_0/lib/xgpio_intr.o ps7_cortexa9_0
TRACE::2026-03-31.00:25:40::SCWMssOS::/lib/xgpio_selftest.o ps7_cortexa9_0/lib/xgpio_sinit.o ps7_cortexa9_0/lib/xil-crt0.o ps7_cortexa9_0/lib/xil_assert.o ps7_cortex
TRACE::2026-03-31.00:25:40::SCWMssOS::a9_0/lib/xil_cache.o ps7_cortexa9_0/lib/xil_clocking.o ps7_cortexa9_0/lib/xil_exception.o ps7_cortexa9_0/lib/xil_mem.o ps7_cort
TRACE::2026-03-31.00:25:40::SCWMssOS::exa9_0/lib/xil_misc_psreset_api.o ps7_cortexa9_0/lib/xil_mmu.o ps7_cortexa9_0/lib/xil_printf.o ps7_cortexa9_0/lib/xil_sleepcomm
TRACE::2026-03-31.00:25:40::SCWMssOS::on.o ps7_cortexa9_0/lib/xil_sleeptimer.o ps7_cortexa9_0/lib/xil_spinlock.o ps7_cortexa9_0/lib/xil_sutil.o ps7_cortexa9_0/lib/xi
TRACE::2026-03-31.00:25:40::SCWMssOS::l_testcache.o ps7_cortexa9_0/lib/xil_testio.o ps7_cortexa9_0/lib/xil_testmem.o ps7_cortexa9_0/lib/xil_util.o ps7_cortexa9_0/lib
TRACE::2026-03-31.00:25:40::SCWMssOS::/xinterrupt_wrap.o ps7_cortexa9_0/lib/xl2cc_counter.o ps7_cortexa9_0/lib/xplatform_info.o ps7_cortexa9_0/lib/xpm_counter.o ps7_
TRACE::2026-03-31.00:25:40::SCWMssOS::cortexa9_0/lib/xpm_init.o ps7_cortexa9_0/lib/xscugic.o ps7_cortexa9_0/lib/xscugic_g.o ps7_cortexa9_0/lib/xscugic_hw.o ps7_corte
TRACE::2026-03-31.00:25:40::SCWMssOS::xa9_0/lib/xscugic_intr.o ps7_cortexa9_0/lib/xscugic_selftest.o ps7_cortexa9_0/lib/xscugic_sinit.o ps7_cortexa9_0/lib/xscutimer.
TRACE::2026-03-31.00:25:40::SCWMssOS::o ps7_cortexa9_0/lib/xscutimer_g.o ps7_cortexa9_0/lib/xscutimer_selftest.o ps7_cortexa9_0/lib/xscutimer_sinit.o ps7_cortexa9_0/
TRACE::2026-03-31.00:25:40::SCWMssOS::lib/xscuwdt.o ps7_cortexa9_0/lib/xscuwdt_g.o ps7_cortexa9_0/lib/xscuwdt_selftest.o ps7_cortexa9_0/lib/xscuwdt_sinit.o ps7_corte
TRACE::2026-03-31.00:25:40::SCWMssOS::xa9_0/lib/xsdps.o ps7_cortexa9_0/lib/xsdps_card.o ps7_cortexa9_0/lib/xsdps_g.o ps7_cortexa9_0/lib/xsdps_host.o ps7_cortexa9_0/l
TRACE::2026-03-31.00:25:40::SCWMssOS::ib/xsdps_options.o ps7_cortexa9_0/lib/xsdps_sinit.o ps7_cortexa9_0/lib/xtime_l.o ps7_cortexa9_0/lib/xuartps.o ps7_cortexa9_0/li
TRACE::2026-03-31.00:25:40::SCWMssOS::b/xuartps_g.o ps7_cortexa9_0/lib/xuartps_hw.o ps7_cortexa9_0/lib/xuartps_intr.o ps7_cortexa9_0/lib/xuartps_options.o ps7_cortex
TRACE::2026-03-31.00:25:40::SCWMssOS::a9_0/lib/xuartps_selftest.o ps7_cortexa9_0/lib/xuartps_sinit.o

TRACE::2026-03-31.00:25:40::SCWMssOS::'Finished building libraries'

TRACE::2026-03-31.00:25:40::SCWMssOS::Copying to export directory.
TRACE::2026-03-31.00:25:40::SCWMssOS:: Checking if to create the Supporting Applications
TRACE::2026-03-31.00:25:40::SCWMssOS:: No Linux domain exists, trying to generate FSBL 
LOG::2026-03-31.00:25:40::SCWSystem::Completed Processing the domain standalone_domain
LOG::2026-03-31.00:25:40::SCWSystem::Completed Processing the sysconfig CNC-FPGA-PLATFORM
LOG::2026-03-31.00:25:40::SCWPlatform::Completed generating the artifacts for system configuration CNC-FPGA-PLATFORM
TRACE::2026-03-31.00:25:40::SCWPlatform::Started preparing the platform 
TRACE::2026-03-31.00:25:40::SCWSystem::Writing the bif file for system config CNC-FPGA-PLATFORM
TRACE::2026-03-31.00:25:40::SCWSystem::dir created 
TRACE::2026-03-31.00:25:40::SCWSystem::Writing the bif 
TRACE::2026-03-31.00:25:40::SCWPlatform::Started writing the spfm file 
TRACE::2026-03-31.00:25:40::SCWPlatform::Started writing the xpfm file 
TRACE::2026-03-31.00:25:40::SCWPlatform::Completed generating the platform
TRACE::2026-03-31.00:25:40::SCWMssOS::Saving the mss changes E:/Git-Repos/CNC-FPGA/Vitis3/CNC-FPGA-PLATFORM/zynq_fsbl/zynq_fsbl_bsp/system.mss
TRACE::2026-03-31.00:25:40::SCWMssOS::Found a swdesign opened with the mssfile.
TRACE::2026-03-31.00:25:40::SCWMssOS::Completed writemss as part of save.
TRACE::2026-03-31.00:25:40::SCWMssOS::Commit changes completed.
TRACE::2026-03-31.00:25:40::SCWMssOS::Saving the mss changes E:/Git-Repos/CNC-FPGA/Vitis3/CNC-FPGA-PLATFORM/ps7_cortexa9_0/standalone_domain/bsp/system.mss
TRACE::2026-03-31.00:25:40::SCWMssOS::Found a swdesign opened with the mssfile.
TRACE::2026-03-31.00:25:40::SCWMssOS::Completed writemss as part of save.
TRACE::2026-03-31.00:25:40::SCWMssOS::Commit changes completed.
TRACE::2026-03-31.00:25:40::SCWPlatform::Trying to open the hw design at E:/Git-Repos/CNC-FPGA/Vitis3/CNC-FPGA-PLATFORM/hw/CNC_FPGA_HW.xsa
TRACE::2026-03-31.00:25:40::SCWPlatform::DSA given E:/Git-Repos/CNC-FPGA/Vitis3/CNC-FPGA-PLATFORM/hw/CNC_FPGA_HW.xsa
TRACE::2026-03-31.00:25:40::SCWPlatform::DSA absoulate path E:/Git-Repos/CNC-FPGA/Vitis3/CNC-FPGA-PLATFORM/hw/CNC_FPGA_HW.xsa
TRACE::2026-03-31.00:25:40::SCWPlatform::DSA directory E:/Git-Repos/CNC-FPGA/Vitis3/CNC-FPGA-PLATFORM/hw
TRACE::2026-03-31.00:25:40::SCWPlatform:: Platform Path E:/Git-Repos/CNC-FPGA/Vitis3/CNC-FPGA-PLATFORM/hw/CNC_FPGA_HW.xsa
TRACE::2026-03-31.00:25:40::SCWPlatform:: Unique name xilinx:zedboard::0.0
TRACE::2026-03-31.00:25:40::SCWPlatform::Trying to set the existing hwdb with name CNC_Top_wrapper_2
TRACE::2026-03-31.00:25:40::SCWPlatform::Opened existing hwdb CNC_Top_wrapper_2
TRACE::2026-03-31.00:25:40::SCWPlatform::Found the Hw Db part of the input DSA
TRACE::2026-03-31.00:25:40::SCWMssOS::Checking the sw design at  E:/Git-Repos/CNC-FPGA/Vitis3/CNC-FPGA-PLATFORM/zynq_fsbl/zynq_fsbl_bsp/system.mss
TRACE::2026-03-31.00:25:40::SCWMssOS::DEBUG:  swdes dump  E:/Git-Repos/CNC-FPGA/Vitis3/CNC-FPGA-FINAL-RELEASE/ps7_cortexa9_0/standalone_domain/bsp/system.mss|system_0||
E:/Git-Repos/CNC-FPGA/Vitis3/CNC-FPGA-FINAL-RELEASE/zynq_fsbl/zynq_fsbl_bsp/system.mss|system||
E:/Git-Repos/CNC-FPGA/Vitis3/CNC-FPGA-PLATFORM/ps7_cortexa9_0/standalone_domain/bsp/system.mss|system_2||
E:/Git-Repos/CNC-FPGA/Vitis3/CNC-FPGA-PLATFORM/zynq_fsbl/zynq_fsbl_bsp/system.mss|system_1||

TRACE::2026-03-31.00:25:40::SCWMssOS::Sw design exists and opened at  E:/Git-Repos/CNC-FPGA/Vitis3/CNC-FPGA-PLATFORM/zynq_fsbl/zynq_fsbl_bsp/system.mss
TRACE::2026-03-31.00:25:40::SCWPlatform::Trying to open the hw design at E:/Git-Repos/CNC-FPGA/Vitis3/CNC-FPGA-PLATFORM/hw/CNC_FPGA_HW.xsa
TRACE::2026-03-31.00:25:40::SCWPlatform::DSA given E:/Git-Repos/CNC-FPGA/Vitis3/CNC-FPGA-PLATFORM/hw/CNC_FPGA_HW.xsa
TRACE::2026-03-31.00:25:40::SCWPlatform::DSA absoulate path E:/Git-Repos/CNC-FPGA/Vitis3/CNC-FPGA-PLATFORM/hw/CNC_FPGA_HW.xsa
TRACE::2026-03-31.00:25:40::SCWPlatform::DSA directory E:/Git-Repos/CNC-FPGA/Vitis3/CNC-FPGA-PLATFORM/hw
TRACE::2026-03-31.00:25:40::SCWPlatform:: Platform Path E:/Git-Repos/CNC-FPGA/Vitis3/CNC-FPGA-PLATFORM/hw/CNC_FPGA_HW.xsa
TRACE::2026-03-31.00:25:40::SCWPlatform:: Unique name xilinx:zedboard::0.0
TRACE::2026-03-31.00:25:40::SCWPlatform::Trying to set the existing hwdb with name CNC_Top_wrapper_2
TRACE::2026-03-31.00:25:40::SCWPlatform::Opened existing hwdb CNC_Top_wrapper_2
TRACE::2026-03-31.00:25:40::SCWPlatform::Found the Hw Db part of the input DSA
TRACE::2026-03-31.00:25:40::SCWMssOS::Checking the sw design at  E:/Git-Repos/CNC-FPGA/Vitis3/CNC-FPGA-PLATFORM/ps7_cortexa9_0/standalone_domain/bsp/system.mss
TRACE::2026-03-31.00:25:40::SCWMssOS::DEBUG:  swdes dump  E:/Git-Repos/CNC-FPGA/Vitis3/CNC-FPGA-FINAL-RELEASE/ps7_cortexa9_0/standalone_domain/bsp/system.mss|system_0||
E:/Git-Repos/CNC-FPGA/Vitis3/CNC-FPGA-FINAL-RELEASE/zynq_fsbl/zynq_fsbl_bsp/system.mss|system||
E:/Git-Repos/CNC-FPGA/Vitis3/CNC-FPGA-PLATFORM/ps7_cortexa9_0/standalone_domain/bsp/system.mss|system_2||
E:/Git-Repos/CNC-FPGA/Vitis3/CNC-FPGA-PLATFORM/zynq_fsbl/zynq_fsbl_bsp/system.mss|system_1||

TRACE::2026-03-31.00:25:40::SCWMssOS::Sw design exists and opened at  E:/Git-Repos/CNC-FPGA/Vitis3/CNC-FPGA-PLATFORM/ps7_cortexa9_0/standalone_domain/bsp/system.mss
TRACE::2026-03-31.00:25:40::SCWWriter::formatted JSON is {
	"platformName":	"CNC-FPGA-PLATFORM",
	"sprVersion":	"2.0",
	"mode":	"gui",
	"dsaType":	"Fixed",
	"platformDesc":	"CNC-FPGA-PLATFORM",
	"platHandOff":	"E:/Git-Repos/CNC-FPGA/Zedboard-CNC/CNC_FPGA_HW.xsa",
	"platIntHandOff":	"<platformDir>/hw/CNC_FPGA_HW.xsa",
	"deviceType":	"zynq",
	"platIsPrebuiltAutogen":	"false",
	"platIsNoBootBsp":	"false",
	"hasFsblMakeHasChanges":	"false",
	"hasPmufwMakeHasChanges":	"false",
	"fsblExtraCompilerFlags":	"-MMD -MP       -mcpu=cortex-a9 -mfpu=vfpv3 -mfloat-abi=hard ",
	"platPreBuiltFlag":	false,
	"platformSamplesDir":	"",
	"platActiveSys":	"CNC-FPGA-PLATFORM",
	"systems":	[{
			"systemName":	"CNC-FPGA-PLATFORM",
			"systemDesc":	"CNC-FPGA-PLATFORM",
			"sysIsBootAutoGen":	"true",
			"systemDispName":	"CNC-FPGA-PLATFORM",
			"sysActiveDom":	"standalone_domain",
			"sysDefaultDom":	"standalone_domain",
			"domains":	[{
					"domainName":	"zynq_fsbl",
					"domainDispName":	"zynq_fsbl",
					"domainDesc":	"FSBL Application BSP - Auto Generated.",
					"processors":	"ps7_cortexa9_0",
					"os":	"standalone",
					"sdxOs":	"standalone",
					"debugEnable":	"",
					"domRuntimes":	["cpp"],
					"swRepo":	"",
					"mssOsVer":	"9.2",
					"mssFile":	"",
					"md5Digest":	"822b05f43d93911360d956bc0e0ec2b0",
					"compatibleApp":	"zynq_fsbl",
					"domType":	"bootDomain",
					"arch":	"32-bit",
					"appSettings":	{
						"appCompilerFlags":	"",
						"appLinkerFlags":	""
					},
					"addedLibs":	["xilffs:5.3", "xilrsa:1.8"],
					"libOptions":	{
						"libsContainingOptions":	[]
					},
					"prebuiltLibs":	{
						"prebuiltIncPath":	[],
						"prebuiltLibPath":	[]
					},
					"isolation":	{
					}
				}, {
					"domainName":	"standalone_domain",
					"domainDispName":	"standalone on ps7_cortexa9_0",
					"domainDesc":	"standalone_domain",
					"processors":	"ps7_cortexa9_0",
					"os":	"standalone",
					"sdxOs":	"standalone",
					"qemuArgs":	"<platformDir>/resources/CNC-FPGA-PLATFORM/standalone_domain/qemu_args.txt",
					"qemuData":	"<platformDir>/resources/CNC-FPGA-PLATFORM/standalone_domain/qemu",
					"debugEnable":	"False",
					"domRuntimes":	["cpp"],
					"swRepo":	"",
					"mssOsVer":	"9.2",
					"mssFile":	"",
					"md5Digest":	"175ec7e7f1abe3c466dd7e87a80dc2f5",
					"compatibleApp":	"",
					"domType":	"mssDomain",
					"appSettings":	{
						"appCompilerFlags":	"",
						"appLinkerFlags":	""
					},
					"addedLibs":	["xilffs:5.3"],
					"libOptions":	{
						"libsContainingOptions":	[]
					},
					"prebuiltLibs":	{
						"prebuiltIncPath":	[],
						"prebuiltLibPath":	[]
					},
					"isolation":	{
					}
				}]
		}]
}
KEYINFO::2026-03-31.00:25:40::SCWPlatform::updated the xpfm file.
TRACE::2026-03-31.00:25:41::SCWPlatform::Trying to open the hw design at E:/Git-Repos/CNC-FPGA/Vitis3/CNC-FPGA-PLATFORM/hw/CNC_FPGA_HW.xsa
TRACE::2026-03-31.00:25:41::SCWPlatform::DSA given E:/Git-Repos/CNC-FPGA/Vitis3/CNC-FPGA-PLATFORM/hw/CNC_FPGA_HW.xsa
TRACE::2026-03-31.00:25:41::SCWPlatform::DSA absoulate path E:/Git-Repos/CNC-FPGA/Vitis3/CNC-FPGA-PLATFORM/hw/CNC_FPGA_HW.xsa
TRACE::2026-03-31.00:25:41::SCWPlatform::DSA directory E:/Git-Repos/CNC-FPGA/Vitis3/CNC-FPGA-PLATFORM/hw
TRACE::2026-03-31.00:25:41::SCWPlatform:: Platform Path E:/Git-Repos/CNC-FPGA/Vitis3/CNC-FPGA-PLATFORM/hw/CNC_FPGA_HW.xsa
TRACE::2026-03-31.00:25:41::SCWPlatform:: Unique name xilinx:zedboard::0.0
TRACE::2026-03-31.00:25:41::SCWPlatform::Trying to set the existing hwdb with name CNC_Top_wrapper_2
TRACE::2026-03-31.00:25:41::SCWPlatform::Opened existing hwdb CNC_Top_wrapper_2
TRACE::2026-03-31.00:25:41::SCWPlatform::Found the Hw Db part of the input DSA
TRACE::2026-03-31.00:25:41::SCWMssOS::Checking the sw design at  E:/Git-Repos/CNC-FPGA/Vitis3/CNC-FPGA-PLATFORM/ps7_cortexa9_0/standalone_domain/bsp/system.mss
TRACE::2026-03-31.00:25:41::SCWMssOS::DEBUG:  swdes dump  E:/Git-Repos/CNC-FPGA/Vitis3/CNC-FPGA-FINAL-RELEASE/ps7_cortexa9_0/standalone_domain/bsp/system.mss|system_0||
E:/Git-Repos/CNC-FPGA/Vitis3/CNC-FPGA-FINAL-RELEASE/zynq_fsbl/zynq_fsbl_bsp/system.mss|system||
E:/Git-Repos/CNC-FPGA/Vitis3/CNC-FPGA-PLATFORM/ps7_cortexa9_0/standalone_domain/bsp/system.mss|system_2||
E:/Git-Repos/CNC-FPGA/Vitis3/CNC-FPGA-PLATFORM/zynq_fsbl/zynq_fsbl_bsp/system.mss|system_1||

TRACE::2026-03-31.00:25:41::SCWMssOS::Sw design exists and opened at  E:/Git-Repos/CNC-FPGA/Vitis3/CNC-FPGA-PLATFORM/ps7_cortexa9_0/standalone_domain/bsp/system.mss
