; GCODE GENERATED BY IMAGE-TO-GCODE CONVERTER
; DATE: 30/03/2026, 15:24:41
; BED SIZE: 180x180mm

G21          ; SET UNITS TO MILLIMETERS
G90          ; ABSOLUTE POSITIONING
G0 Z5.00      ; PEN UP TO SAFE HEIGHT
G0 X0 Y0     ; MOVE TO ORIGIN

; BEGIN DRAWING
G0 X3.926 Y114.023   ; RAPID TO START
G1 Z0.00 F500    ; PEN DOWN
G4 P100           ; DWELL
G1 X176.367 Y113.906 F7200  ; DRAW LINE
G1 X176.367 Y43.887 F7200  ; DRAW LINE
G1 X3.750 Y43.828 F7200  ; DRAW LINE
G1 X3.926 Y114.023 F7200  ; DRAW LINE
G0 Z5.00               ; PEN UP

G0 X4.336 Y113.672   ; RAPID TO START
G1 Z0.00 F500    ; PEN DOWN
G4 P100           ; DWELL
G1 X4.102 Y113.438 F7200  ; DRAW LINE
G1 X4.102 Y76.406 F7200  ; DRAW LINE
G1 X176.133 Y76.406 F7200  ; DRAW LINE
G1 X175.992 Y113.648 F7200  ; DRAW LINE
G1 X4.336 Y113.672 F7200  ; DRAW LINE
G0 Z5.00               ; PEN UP

G0 X4.102 Y76.055   ; RAPID TO START
G1 Z0.00 F500    ; PEN DOWN
G4 P100           ; DWELL
G1 X4.102 Y65.742 F7200  ; DRAW LINE
G1 X63.750 Y65.742 F7200  ; DRAW LINE
G1 X65.391 Y75.820 F7200  ; DRAW LINE
G1 X65.391 Y76.055 F7200  ; DRAW LINE
G1 X4.102 Y76.055 F7200  ; DRAW LINE
G0 Z5.00               ; PEN UP

G0 X65.625 Y76.055   ; RAPID TO START
G1 Z0.00 F500    ; PEN DOWN
G4 P100           ; DWELL
G1 X64.102 Y65.742 F7200  ; DRAW LINE
G1 X71.367 Y65.742 F7200  ; DRAW LINE
G1 X68.438 Y51.680 F7200  ; DRAW LINE
G1 X61.406 Y51.563 F7200  ; DRAW LINE
G1 X60.117 Y44.180 F7200  ; DRAW LINE
G1 X122.344 Y44.063 F7200  ; DRAW LINE
G1 X123.516 Y44.180 F7200  ; DRAW LINE
G1 X125.156 Y51.563 F7200  ; DRAW LINE
G1 X121.992 Y51.680 F7200  ; DRAW LINE
G1 X125.391 Y65.625 F7200  ; DRAW LINE
G1 X125.508 Y65.859 F7200  ; DRAW LINE
G1 X129.727 Y65.859 F7200  ; DRAW LINE
G1 X132.070 Y75.938 F7200  ; DRAW LINE
G1 X65.625 Y76.055 F7200  ; DRAW LINE
G0 Z5.00               ; PEN UP

G0 X132.305 Y76.055   ; RAPID TO START
G1 Z0.00 F500    ; PEN DOWN
G4 P100           ; DWELL
G1 X129.961 Y65.859 F7200  ; DRAW LINE
G1 X176.133 Y65.859 F7200  ; DRAW LINE
G1 X176.133 Y76.055 F7200  ; DRAW LINE
G1 X132.305 Y76.055 F7200  ; DRAW LINE
G0 Z5.00               ; PEN UP

G0 X125.508 Y65.625   ; RAPID TO START
G1 Z0.00 F500    ; PEN DOWN
G4 P100           ; DWELL
G1 X122.344 Y51.914 F7200  ; DRAW LINE
G1 X176.133 Y51.914 F7200  ; DRAW LINE
G1 X176.133 Y65.625 F7200  ; DRAW LINE
G1 X125.508 Y65.625 F7200  ; DRAW LINE
G0 Z5.00               ; PEN UP

G0 X4.102 Y65.508   ; RAPID TO START
G1 Z0.00 F500    ; PEN DOWN
G4 P100           ; DWELL
G1 X4.102 Y51.914 F7200  ; DRAW LINE
G1 X68.203 Y51.914 F7200  ; DRAW LINE
G1 X71.016 Y65.039 F7200  ; DRAW LINE
G1 X71.016 Y65.508 F7200  ; DRAW LINE
G1 X4.102 Y65.508 F7200  ; DRAW LINE
G0 Z5.00               ; PEN UP

G0 X4.102 Y51.563   ; RAPID TO START
G1 Z0.00 F500    ; PEN DOWN
G4 P100           ; DWELL
G1 X4.102 Y44.180 F7200  ; DRAW LINE
G1 X60.000 Y44.180 F7200  ; DRAW LINE
G1 X61.172 Y51.445 F7200  ; DRAW LINE
G1 X4.102 Y51.563 F7200  ; DRAW LINE
G0 Z5.00               ; PEN UP

G0 X125.391 Y51.563   ; RAPID TO START
G1 Z0.00 F500    ; PEN DOWN
G4 P100           ; DWELL
G1 X123.750 Y44.180 F7200  ; DRAW LINE
G1 X176.133 Y44.180 F7200  ; DRAW LINE
G1 X176.133 Y46.758 F7200  ; DRAW LINE
G1 X174.727 Y46.875 F7200  ; DRAW LINE
G1 X174.844 Y47.461 F7200  ; DRAW LINE
G1 X175.547 Y47.578 F7200  ; DRAW LINE
G1 X175.313 Y48.398 F7200  ; DRAW LINE
G1 X174.727 Y48.867 F7200  ; DRAW LINE
G1 X174.492 Y48.328 F7200  ; DRAW LINE
G1 X174.141 Y48.398 F7200  ; DRAW LINE
G1 X174.375 Y49.219 F7200  ; DRAW LINE
G1 X174.023 Y49.453 F7200  ; DRAW LINE
G1 X173.906 Y48.516 F7200  ; DRAW LINE
G1 X173.555 Y48.398 F7200  ; DRAW LINE
G1 X173.789 Y49.688 F7200  ; DRAW LINE
G1 X174.844 Y49.688 F7200  ; DRAW LINE
G1 X174.961 Y49.219 F7200  ; DRAW LINE
G1 X175.898 Y49.336 F7200  ; DRAW LINE
G1 X176.133 Y48.633 F7200  ; DRAW LINE
G1 X176.133 Y51.563 F7200  ; DRAW LINE
G1 X125.391 Y51.563 F7200  ; DRAW LINE
G0 Z5.00               ; PEN UP

G0 X174.844 Y49.102   ; RAPID TO START
G1 Z0.00 F500    ; PEN DOWN
G4 P100           ; DWELL
G1 X174.844 Y49.102 F7200  ; DRAW LINE
G0 Z5.00               ; PEN UP

G0 X175.430 Y49.102   ; RAPID TO START
G1 Z0.00 F500    ; PEN DOWN
G4 P100           ; DWELL
G1 X175.195 Y48.867 F7200  ; DRAW LINE
G1 X176.016 Y47.461 F7200  ; DRAW LINE
G1 X175.430 Y49.102 F7200  ; DRAW LINE
G0 Z5.00               ; PEN UP

G0 X176.133 Y47.461   ; RAPID TO START
G1 Z0.00 F500    ; PEN DOWN
G4 P100           ; DWELL
G1 X175.078 Y47.109 F7200  ; DRAW LINE
G1 X176.133 Y47.109 F7200  ; DRAW LINE
G1 X176.133 Y47.461 F7200  ; DRAW LINE
G0 Z5.00               ; PEN UP

G0 X9.668 Y112.852   ; RAPID TO START
G1 Z0.00 F500    ; PEN DOWN
G4 P100           ; DWELL
G1 X13.711 Y112.734 F7200  ; DRAW LINE
G1 X13.711 Y103.711 F7200  ; DRAW LINE
G1 X4.805 Y103.711 F7200  ; DRAW LINE
G1 X4.805 Y112.734 F7200  ; DRAW LINE
G1 X9.668 Y112.852 F7200  ; DRAW LINE
G0 Z5.00               ; PEN UP

G0 X5.039 Y112.500   ; RAPID TO START
G1 Z0.00 F500    ; PEN DOWN
G4 P100           ; DWELL
G1 X5.039 Y104.063 F7200  ; DRAW LINE
G1 X13.477 Y104.063 F7200  ; DRAW LINE
G1 X13.477 Y112.500 F7200  ; DRAW LINE
G1 X5.039 Y112.500 F7200  ; DRAW LINE
G0 Z5.00               ; PEN UP

G0 X15.059 Y112.734   ; RAPID TO START
G1 Z0.00 F500    ; PEN DOWN
G4 P100           ; DWELL
G1 X23.789 Y112.734 F7200  ; DRAW LINE
G1 X23.789 Y103.945 F7200  ; DRAW LINE
G1 X14.883 Y104.121 F7200  ; DRAW LINE
G1 X15.059 Y112.734 F7200  ; DRAW LINE
G0 Z5.00               ; PEN UP

G0 X15.234 Y112.383   ; RAPID TO START
G1 Z0.00 F500    ; PEN DOWN
G4 P100           ; DWELL
G1 X15.234 Y104.297 F7200  ; DRAW LINE
G1 X23.555 Y104.297 F7200  ; DRAW LINE
G1 X23.555 Y112.383 F7200  ; DRAW LINE
G1 X15.234 Y112.383 F7200  ; DRAW LINE
G0 Z5.00               ; PEN UP

G0 X25.313 Y112.500   ; RAPID TO START
G1 Z0.00 F500    ; PEN DOWN
G4 P100           ; DWELL
G1 X33.047 Y112.500 F7200  ; DRAW LINE
G1 X32.871 Y104.531 F7200  ; DRAW LINE
G1 X25.313 Y104.531 F7200  ; DRAW LINE
G1 X25.313 Y112.500 F7200  ; DRAW LINE
G0 Z5.00               ; PEN UP

G0 X25.547 Y112.266   ; RAPID TO START
G1 Z0.00 F500    ; PEN DOWN
G4 P100           ; DWELL
G1 X25.547 Y104.883 F7200  ; DRAW LINE
G1 X32.695 Y104.766 F7200  ; DRAW LINE
G1 X32.695 Y112.266 F7200  ; DRAW LINE
G1 X25.547 Y112.266 F7200  ; DRAW LINE
G0 Z5.00               ; PEN UP

G0 X34.570 Y112.148   ; RAPID TO START
G1 Z0.00 F500    ; PEN DOWN
G4 P100           ; DWELL
G1 X41.719 Y112.148 F7200  ; DRAW LINE
G1 X41.719 Y104.883 F7200  ; DRAW LINE
G1 X34.570 Y104.883 F7200  ; DRAW LINE
G1 X34.570 Y112.148 F7200  ; DRAW LINE
G0 Z5.00               ; PEN UP

G0 X35.039 Y111.914   ; RAPID TO START
G1 Z0.00 F500    ; PEN DOWN
G4 P100           ; DWELL
G1 X34.805 Y111.680 F7200  ; DRAW LINE
G1 X34.922 Y105.117 F7200  ; DRAW LINE
G1 X41.367 Y105.117 F7200  ; DRAW LINE
G1 X41.367 Y111.914 F7200  ; DRAW LINE
G1 X35.039 Y111.914 F7200  ; DRAW LINE
G0 Z5.00               ; PEN UP

G0 X45.586 Y111.797   ; RAPID TO START
G1 Z0.00 F500    ; PEN DOWN
G4 P100           ; DWELL
G1 X50.039 Y111.738 F7200  ; DRAW LINE
G1 X50.039 Y110.859 F7200  ; DRAW LINE
G1 X48.398 Y110.801 F7200  ; DRAW LINE
G1 X48.223 Y105.586 F7200  ; DRAW LINE
G1 X47.344 Y105.586 F7200  ; DRAW LINE
G1 X47.344 Y110.801 F7200  ; DRAW LINE
G1 X45.586 Y110.859 F7200  ; DRAW LINE
G1 X45.586 Y111.797 F7200  ; DRAW LINE
G0 Z5.00               ; PEN UP

G0 X45.938 Y111.563   ; RAPID TO START
G1 Z0.00 F500    ; PEN DOWN
G4 P100           ; DWELL
G1 X45.938 Y111.211 F7200  ; DRAW LINE
G1 X47.578 Y110.977 F7200  ; DRAW LINE
G1 X47.578 Y105.938 F7200  ; DRAW LINE
G1 X48.047 Y105.820 F7200  ; DRAW LINE
G1 X48.047 Y110.977 F7200  ; DRAW LINE
G1 X48.281 Y111.211 F7200  ; DRAW LINE
G1 X49.805 Y111.211 F7200  ; DRAW LINE
G1 X49.805 Y111.563 F7200  ; DRAW LINE
G1 X45.938 Y111.563 F7200  ; DRAW LINE
G0 Z5.00               ; PEN UP

G0 X50.391 Y111.797   ; RAPID TO START
G1 Z0.00 F500    ; PEN DOWN
G4 P100           ; DWELL
G1 X51.445 Y111.797 F7200  ; DRAW LINE
G1 X51.445 Y109.980 F7200  ; DRAW LINE
G1 X52.793 Y110.156 F7200  ; DRAW LINE
G1 X53.906 Y109.395 F7200  ; DRAW LINE
G1 X54.023 Y105.586 F7200  ; DRAW LINE
G1 X53.086 Y105.645 F7200  ; DRAW LINE
G1 X53.086 Y108.457 F7200  ; DRAW LINE
G1 X52.339 Y109.154 F7200  ; DRAW LINE
G1 X51.746 Y109.042 F7200  ; DRAW LINE
G1 X51.445 Y108.574 F7200  ; DRAW LINE
G1 X51.445 Y105.762 F7200  ; DRAW LINE
G1 X50.895 Y105.528 F7200  ; DRAW LINE
G1 X50.391 Y105.762 F7200  ; DRAW LINE
G1 X50.391 Y111.797 F7200  ; DRAW LINE
G0 Z5.00               ; PEN UP

G0 X50.742 Y111.563   ; RAPID TO START
G1 Z0.00 F500    ; PEN DOWN
G4 P100           ; DWELL
G1 X50.742 Y105.820 F7200  ; DRAW LINE
G1 X51.094 Y105.820 F7200  ; DRAW LINE
G1 X51.094 Y108.398 F7200  ; DRAW LINE
G1 X51.328 Y108.984 F7200  ; DRAW LINE
G1 X52.031 Y109.453 F7200  ; DRAW LINE
G1 X52.969 Y109.336 F7200  ; DRAW LINE
G1 X53.320 Y108.750 F7200  ; DRAW LINE
G1 X53.320 Y105.820 F7200  ; DRAW LINE
G1 X53.789 Y105.938 F7200  ; DRAW LINE
G1 X53.672 Y109.102 F7200  ; DRAW LINE
G1 X52.720 Y109.842 F7200  ; DRAW LINE
G1 X51.914 Y109.805 F7200  ; DRAW LINE
G1 X51.094 Y109.336 F7200  ; DRAW LINE
G1 X51.094 Y111.445 F7200  ; DRAW LINE
G1 X50.742 Y111.563 F7200  ; DRAW LINE
G0 Z5.00               ; PEN UP

G0 X62.227 Y111.797   ; RAPID TO START
G1 Z0.00 F500    ; PEN DOWN
G4 P100           ; DWELL
G1 X63.105 Y111.797 F7200  ; DRAW LINE
G1 X65.273 Y105.586 F7200  ; DRAW LINE
G1 X64.395 Y105.586 F7200  ; DRAW LINE
G1 X63.691 Y106.992 F7200  ; DRAW LINE
G1 X61.816 Y106.992 F7200  ; DRAW LINE
G1 X60.996 Y105.586 F7200  ; DRAW LINE
G1 X60.176 Y105.586 F7200  ; DRAW LINE
G1 X62.227 Y111.797 F7200  ; DRAW LINE
G0 Z5.00               ; PEN UP

G0 X62.461 Y111.563   ; RAPID TO START
G1 Z0.00 F500    ; PEN DOWN
G4 P100           ; DWELL
G1 X60.462 Y105.779 F7200  ; DRAW LINE
G1 X60.938 Y105.820 F7200  ; DRAW LINE
G1 X61.523 Y107.227 F7200  ; DRAW LINE
G1 X64.102 Y107.227 F7200  ; DRAW LINE
G1 X64.453 Y105.938 F7200  ; DRAW LINE
G1 X64.922 Y105.820 F7200  ; DRAW LINE
G1 X62.937 Y111.546 F7200  ; DRAW LINE
G1 X62.461 Y111.563 F7200  ; DRAW LINE
G0 Z5.00               ; PEN UP

G0 X72.539 Y111.797   ; RAPID TO START
G1 Z0.00 F500    ; PEN DOWN
G4 P100           ; DWELL
G1 X73.594 Y111.621 F7200  ; DRAW LINE
G1 X73.594 Y105.762 F7200  ; DRAW LINE
G1 X71.191 Y105.469 F7200  ; DRAW LINE
G1 X69.967 Y106.518 F7200  ; DRAW LINE
G1 X69.961 Y109.043 F7200  ; DRAW LINE
G1 X70.723 Y109.922 F7200  ; DRAW LINE
G1 X71.660 Y110.156 F7200  ; DRAW LINE
G1 X72.539 Y109.922 F7200  ; DRAW LINE
G1 X72.539 Y111.797 F7200  ; DRAW LINE
G0 Z5.00               ; PEN UP

G0 X72.891 Y111.563   ; RAPID TO START
G1 Z0.00 F500    ; PEN DOWN
G4 P100           ; DWELL
G1 X72.891 Y109.336 F7200  ; DRAW LINE
G1 X72.070 Y109.805 F7200  ; DRAW LINE
G1 X71.279 Y109.805 F7200  ; DRAW LINE
G1 X70.195 Y108.750 F7200  ; DRAW LINE
G1 X70.195 Y106.758 F7200  ; DRAW LINE
G1 X71.133 Y105.820 F7200  ; DRAW LINE
G1 X72.129 Y105.820 F7200  ; DRAW LINE
G1 X72.891 Y106.308 F7200  ; DRAW LINE
G1 X72.891 Y105.820 F7200  ; DRAW LINE
G1 X73.242 Y105.820 F7200  ; DRAW LINE
G1 X73.242 Y111.445 F7200  ; DRAW LINE
G1 X72.891 Y111.563 F7200  ; DRAW LINE
G0 Z5.00               ; PEN UP

G0 X101.074 Y111.797   ; RAPID TO START
G1 Z0.00 F500    ; PEN DOWN
G4 P100           ; DWELL
G1 X101.953 Y111.738 F7200  ; DRAW LINE
G1 X101.953 Y105.586 F7200  ; DRAW LINE
G1 X99.551 Y105.469 F7200  ; DRAW LINE
G1 X98.672 Y105.996 F7200  ; DRAW LINE
G1 X98.320 Y106.699 F7200  ; DRAW LINE
G1 X98.320 Y108.809 F7200  ; DRAW LINE
G1 X99.248 Y110.014 F7200  ; DRAW LINE
G1 X100.254 Y110.156 F7200  ; DRAW LINE
G1 X100.840 Y109.922 F7200  ; DRAW LINE
G1 X101.074 Y111.797 F7200  ; DRAW LINE
G0 Z5.00               ; PEN UP

G0 X101.250 Y111.563   ; RAPID TO START
G1 Z0.00 F500    ; PEN DOWN
G4 P100           ; DWELL
G1 X101.250 Y109.336 F7200  ; DRAW LINE
G1 X100.430 Y109.805 F7200  ; DRAW LINE
G1 X99.375 Y109.688 F7200  ; DRAW LINE
G1 X98.789 Y109.102 F7200  ; DRAW LINE
G1 X98.672 Y106.523 F7200  ; DRAW LINE
G1 X99.492 Y105.820 F7200  ; DRAW LINE
G1 X100.576 Y105.820 F7200  ; DRAW LINE
G1 X101.250 Y106.289 F7200  ; DRAW LINE
G1 X101.250 Y105.938 F7200  ; DRAW LINE
G1 X101.714 Y105.914 F7200  ; DRAW LINE
G1 X101.719 Y111.328 F7200  ; DRAW LINE
G1 X101.250 Y111.563 F7200  ; DRAW LINE
G0 Z5.00               ; PEN UP

G0 X105.000 Y111.797   ; RAPID TO START
G1 Z0.00 F500    ; PEN DOWN
G4 P100           ; DWELL
G1 X108.984 Y111.738 F7200  ; DRAW LINE
G1 X108.984 Y110.859 F7200  ; DRAW LINE
G1 X106.055 Y110.859 F7200  ; DRAW LINE
G1 X106.055 Y109.219 F7200  ; DRAW LINE
G1 X108.516 Y109.219 F7200  ; DRAW LINE
G1 X108.516 Y108.281 F7200  ; DRAW LINE
G1 X106.055 Y108.281 F7200  ; DRAW LINE
G1 X106.055 Y106.523 F7200  ; DRAW LINE
G1 X108.926 Y106.523 F7200  ; DRAW LINE
G1 X108.984 Y105.586 F7200  ; DRAW LINE
G1 X105.000 Y105.586 F7200  ; DRAW LINE
G1 X105.000 Y111.797 F7200  ; DRAW LINE
G0 Z5.00               ; PEN UP

G0 X105.234 Y111.563   ; RAPID TO START
G1 Z0.00 F500    ; PEN DOWN
G4 P100           ; DWELL
G1 X105.234 Y105.820 F7200  ; DRAW LINE
G1 X108.750 Y105.820 F7200  ; DRAW LINE
G1 X108.750 Y106.172 F7200  ; DRAW LINE
G1 X105.703 Y106.289 F7200  ; DRAW LINE
G1 X105.703 Y108.516 F7200  ; DRAW LINE
G1 X108.281 Y108.516 F7200  ; DRAW LINE
G1 X108.281 Y108.867 F7200  ; DRAW LINE
G1 X105.703 Y108.984 F7200  ; DRAW LINE
G1 X105.703 Y110.977 F7200  ; DRAW LINE
G1 X105.938 Y111.211 F7200  ; DRAW LINE
G1 X108.516 Y111.094 F7200  ; DRAW LINE
G1 X108.750 Y111.563 F7200  ; DRAW LINE
G1 X105.234 Y111.563 F7200  ; DRAW LINE
G0 Z5.00               ; PEN UP

G0 X123.457 Y111.797   ; RAPID TO START
G1 Z0.00 F500    ; PEN DOWN
G4 P100           ; DWELL
G1 X124.277 Y111.797 F7200  ; DRAW LINE
G1 X125.684 Y107.578 F7200  ; DRAW LINE
G1 X127.090 Y111.797 F7200  ; DRAW LINE
G1 X128.086 Y111.621 F7200  ; DRAW LINE
G1 X126.035 Y105.586 F7200  ; DRAW LINE
G1 X125.156 Y105.762 F7200  ; DRAW LINE
G1 X123.281 Y111.621 F7200  ; DRAW LINE
G1 X123.457 Y111.797 F7200  ; DRAW LINE
G0 Z5.00               ; PEN UP

G0 X123.633 Y111.563   ; RAPID TO START
G1 Z0.00 F500    ; PEN DOWN
G4 P100           ; DWELL
G1 X125.391 Y105.938 F7200  ; DRAW LINE
G1 X125.859 Y105.820 F7200  ; DRAW LINE
G1 X127.752 Y111.497 F7200  ; DRAW LINE
G1 X127.383 Y111.563 F7200  ; DRAW LINE
G1 X125.742 Y106.641 F7200  ; DRAW LINE
G1 X124.109 Y111.489 F7200  ; DRAW LINE
G1 X123.633 Y111.563 F7200  ; DRAW LINE
G0 Z5.00               ; PEN UP

G0 X128.496 Y111.797   ; RAPID TO START
G1 Z0.00 F500    ; PEN DOWN
G4 P100           ; DWELL
G1 X129.335 Y111.686 F7200  ; DRAW LINE
G1 X129.264 Y110.783 F7200  ; DRAW LINE
G1 X128.361 Y110.853 F7200  ; DRAW LINE
G1 X128.496 Y111.797 F7200  ; DRAW LINE
G0 Z5.00               ; PEN UP

G0 X128.906 Y111.563   ; RAPID TO START
G1 Z0.00 F500    ; PEN DOWN
G4 P100           ; DWELL
G1 X128.742 Y111.019 F7200  ; DRAW LINE
G1 X129.023 Y111.094 F7200  ; DRAW LINE
G1 X128.906 Y111.563 F7200  ; DRAW LINE
G0 Z5.00               ; PEN UP

G0 X140.566 Y111.797   ; RAPID TO START
G1 Z0.00 F500    ; PEN DOWN
G4 P100           ; DWELL
G1 X141.445 Y111.797 F7200  ; DRAW LINE
G1 X141.445 Y109.980 F7200  ; DRAW LINE
G1 X142.793 Y110.156 F7200  ; DRAW LINE
G1 X143.906 Y109.395 F7200  ; DRAW LINE
G1 X144.141 Y106.816 F7200  ; DRAW LINE
G1 X143.782 Y106.050 F7200  ; DRAW LINE
G1 X143.086 Y105.539 F7200  ; DRAW LINE
G1 X140.391 Y105.762 F7200  ; DRAW LINE
G1 X140.566 Y111.797 F7200  ; DRAW LINE
G0 Z5.00               ; PEN UP

G0 X140.742 Y111.563   ; RAPID TO START
G1 Z0.00 F500    ; PEN DOWN
G4 P100           ; DWELL
G1 X140.742 Y105.820 F7200  ; DRAW LINE
G1 X141.094 Y105.820 F7200  ; DRAW LINE
G1 X141.211 Y106.289 F7200  ; DRAW LINE
G1 X141.914 Y105.820 F7200  ; DRAW LINE
G1 X143.203 Y105.938 F7200  ; DRAW LINE
G1 X143.789 Y106.758 F7200  ; DRAW LINE
G1 X143.672 Y109.102 F7200  ; DRAW LINE
G1 X142.720 Y109.842 F7200  ; DRAW LINE
G1 X141.066 Y109.355 F7200  ; DRAW LINE
G1 X141.094 Y111.445 F7200  ; DRAW LINE
G1 X140.742 Y111.563 F7200  ; DRAW LINE
G0 Z5.00               ; PEN UP

G0 X144.844 Y111.797   ; RAPID TO START
G1 Z0.00 F500    ; PEN DOWN
G4 P100           ; DWELL
G1 X145.723 Y111.797 F7200  ; DRAW LINE
G1 X145.842 Y110.834 F7200  ; DRAW LINE
G1 X144.844 Y110.742 F7200  ; DRAW LINE
G1 X144.844 Y111.797 F7200  ; DRAW LINE
G0 Z5.00               ; PEN UP

G0 X145.313 Y111.563   ; RAPID TO START
G1 Z0.00 F500    ; PEN DOWN
G4 P100           ; DWELL
G1 X145.191 Y111.019 F7200  ; DRAW LINE
G1 X145.613 Y111.300 F7200  ; DRAW LINE
G1 X145.313 Y111.563 F7200  ; DRAW LINE
G0 Z5.00               ; PEN UP

G0 X148.828 Y111.797   ; RAPID TO START
G1 Z0.00 F500    ; PEN DOWN
G4 P100           ; DWELL
G1 X152.836 Y111.658 F7200  ; DRAW LINE
G1 X152.637 Y110.859 F7200  ; DRAW LINE
G1 X149.766 Y110.684 F7200  ; DRAW LINE
G1 X149.883 Y109.219 F7200  ; DRAW LINE
G1 X152.051 Y109.219 F7200  ; DRAW LINE
G1 X152.370 Y108.850 F7200  ; DRAW LINE
G1 X152.051 Y108.164 F7200  ; DRAW LINE
G1 X149.883 Y108.164 F7200  ; DRAW LINE
G1 X149.766 Y105.586 F7200  ; DRAW LINE
G1 X148.828 Y105.645 F7200  ; DRAW LINE
G1 X148.828 Y111.797 F7200  ; DRAW LINE
G0 Z5.00               ; PEN UP

G0 X149.063 Y111.563   ; RAPID TO START
G1 Z0.00 F500    ; PEN DOWN
G4 P100           ; DWELL
G1 X149.063 Y105.820 F7200  ; DRAW LINE
G1 X149.531 Y105.820 F7200  ; DRAW LINE
G1 X149.531 Y108.516 F7200  ; DRAW LINE
G1 X151.992 Y108.516 F7200  ; DRAW LINE
G1 X151.992 Y108.867 F7200  ; DRAW LINE
G1 X149.531 Y108.867 F7200  ; DRAW LINE
G1 X149.531 Y111.094 F7200  ; DRAW LINE
G1 X152.461 Y111.094 F7200  ; DRAW LINE
G1 X152.461 Y111.563 F7200  ; DRAW LINE
G1 X149.063 Y111.563 F7200  ; DRAW LINE
G0 Z5.00               ; PEN UP

G0 X165.996 Y111.797   ; RAPID TO START
G1 Z0.00 F500    ; PEN DOWN
G4 P100           ; DWELL
G1 X166.875 Y111.738 F7200  ; DRAW LINE
G1 X166.875 Y106.582 F7200  ; DRAW LINE
G1 X167.578 Y106.523 F7200  ; DRAW LINE
G1 X167.578 Y105.586 F7200  ; DRAW LINE
G1 X166.541 Y105.601 F7200  ; DRAW LINE
G1 X165.938 Y106.113 F7200  ; DRAW LINE
G1 X165.996 Y111.797 F7200  ; DRAW LINE
G0 Z5.00               ; PEN UP

G0 X166.172 Y111.563   ; RAPID TO START
G1 Z0.00 F500    ; PEN DOWN
G4 P100           ; DWELL
G1 X166.172 Y106.289 F7200  ; DRAW LINE
G1 X167.287 Y105.764 F7200  ; DRAW LINE
G1 X167.344 Y106.172 F7200  ; DRAW LINE
G1 X166.523 Y106.523 F7200  ; DRAW LINE
G1 X166.523 Y111.445 F7200  ; DRAW LINE
G1 X166.172 Y111.563 F7200  ; DRAW LINE
G0 Z5.00               ; PEN UP

G0 X130.723 Y111.328   ; RAPID TO START
G1 Z0.00 F500    ; PEN DOWN
G4 P100           ; DWELL
G1 X131.484 Y111.211 F7200  ; DRAW LINE
G1 X131.484 Y110.215 F7200  ; DRAW LINE
G1 X132.305 Y109.863 F7200  ; DRAW LINE
G1 X132.241 Y109.177 F7200  ; DRAW LINE
G1 X131.484 Y109.043 F7200  ; DRAW LINE
G1 X131.484 Y106.523 F7200  ; DRAW LINE
G1 X132.263 Y106.413 F7200  ; DRAW LINE
G1 X132.305 Y105.586 F7200  ; DRAW LINE
G1 X131.191 Y105.586 F7200  ; DRAW LINE
G1 X130.430 Y106.348 F7200  ; DRAW LINE
G1 X130.430 Y109.102 F7200  ; DRAW LINE
G1 X129.844 Y109.277 F7200  ; DRAW LINE
G1 X129.844 Y110.039 F7200  ; DRAW LINE
G1 X130.430 Y110.039 F7200  ; DRAW LINE
G1 X130.430 Y111.152 F7200  ; DRAW LINE
G1 X130.723 Y111.328 F7200  ; DRAW LINE
G0 Z5.00               ; PEN UP

G0 X130.781 Y110.977   ; RAPID TO START
G1 Z0.00 F500    ; PEN DOWN
G4 P100           ; DWELL
G1 X130.781 Y109.805 F7200  ; DRAW LINE
G1 X130.078 Y109.570 F7200  ; DRAW LINE
G1 X130.781 Y109.219 F7200  ; DRAW LINE
G1 X130.781 Y106.289 F7200  ; DRAW LINE
G1 X131.836 Y105.791 F7200  ; DRAW LINE
G1 X132.052 Y106.200 F7200  ; DRAW LINE
G1 X131.602 Y106.172 F7200  ; DRAW LINE
G1 X131.133 Y106.641 F7200  ; DRAW LINE
G1 X131.133 Y109.219 F7200  ; DRAW LINE
G1 X132.122 Y109.636 F7200  ; DRAW LINE
G1 X131.133 Y109.805 F7200  ; DRAW LINE
G1 X131.133 Y110.859 F7200  ; DRAW LINE
G1 X130.781 Y110.977 F7200  ; DRAW LINE
G0 Z5.00               ; PEN UP

G0 X168.281 Y111.328   ; RAPID TO START
G1 Z0.00 F500    ; PEN DOWN
G4 P100           ; DWELL
G1 X169.336 Y111.152 F7200  ; DRAW LINE
G1 X169.336 Y110.039 F7200  ; DRAW LINE
G1 X171.225 Y109.990 F7200  ; DRAW LINE
G1 X172.324 Y107.461 F7200  ; DRAW LINE
G1 X173.203 Y110.039 F7200  ; DRAW LINE
G1 X174.141 Y110.039 F7200  ; DRAW LINE
G1 X172.383 Y104.590 F7200  ; DRAW LINE
G1 X171.855 Y103.945 F7200  ; DRAW LINE
G1 X170.742 Y103.828 F7200  ; DRAW LINE
G1 X170.745 Y104.588 F7200  ; DRAW LINE
G1 X171.511 Y105.016 F7200  ; DRAW LINE
G1 X171.698 Y105.954 F7200  ; DRAW LINE
G1 X170.215 Y109.805 F7200  ; DRAW LINE
G1 X169.980 Y109.102 F7200  ; DRAW LINE
G1 X169.336 Y109.043 F7200  ; DRAW LINE
G1 X169.336 Y106.523 F7200  ; DRAW LINE
G1 X170.114 Y106.413 F7200  ; DRAW LINE
G1 X170.156 Y105.586 F7200  ; DRAW LINE
G1 X169.043 Y105.586 F7200  ; DRAW LINE
G1 X168.281 Y106.348 F7200  ; DRAW LINE
G1 X168.281 Y109.102 F7200  ; DRAW LINE
G1 X167.695 Y109.277 F7200  ; DRAW LINE
G1 X167.695 Y110.039 F7200  ; DRAW LINE
G1 X168.281 Y110.098 F7200  ; DRAW LINE
G1 X168.281 Y111.328 F7200  ; DRAW LINE
G0 Z5.00               ; PEN UP

G0 X168.633 Y110.977   ; RAPID TO START
G1 Z0.00 F500    ; PEN DOWN
G4 P100           ; DWELL
G1 X168.516 Y109.805 F7200  ; DRAW LINE
G1 X167.878 Y109.603 F7200  ; DRAW LINE
G1 X168.516 Y109.453 F7200  ; DRAW LINE
G1 X168.516 Y106.758 F7200  ; DRAW LINE
G1 X168.750 Y106.055 F7200  ; DRAW LINE
G1 X169.823 Y105.764 F7200  ; DRAW LINE
G1 X169.922 Y106.172 F7200  ; DRAW LINE
G1 X168.984 Y106.523 F7200  ; DRAW LINE
G1 X168.984 Y109.219 F7200  ; DRAW LINE
G1 X169.922 Y109.453 F7200  ; DRAW LINE
G1 X169.805 Y109.805 F7200  ; DRAW LINE
G1 X168.984 Y109.805 F7200  ; DRAW LINE
G1 X168.984 Y110.859 F7200  ; DRAW LINE
G1 X168.633 Y110.977 F7200  ; DRAW LINE
G0 Z5.00               ; PEN UP

G0 X170.625 Y109.805   ; RAPID TO START
G1 Z0.00 F500    ; PEN DOWN
G4 P100           ; DWELL
G1 X172.148 Y105.820 F7200  ; DRAW LINE
G1 X171.680 Y104.648 F7200  ; DRAW LINE
G1 X170.977 Y104.414 F7200  ; DRAW LINE
G1 X171.389 Y104.114 F7200  ; DRAW LINE
G1 X172.031 Y104.531 F7200  ; DRAW LINE
G1 X173.807 Y109.731 F7200  ; DRAW LINE
G1 X173.438 Y109.805 F7200  ; DRAW LINE
G1 X172.317 Y106.602 F7200  ; DRAW LINE
G1 X171.094 Y109.570 F7200  ; DRAW LINE
G1 X170.625 Y109.805 F7200  ; DRAW LINE
G0 Z5.00               ; PEN UP

G0 X62.578 Y110.859   ; RAPID TO START
G1 Z0.00 F500    ; PEN DOWN
G4 P100           ; DWELL
G1 X62.814 Y110.858 F7200  ; DRAW LINE
G1 X63.867 Y107.578 F7200  ; DRAW LINE
G1 X61.582 Y107.578 F7200  ; DRAW LINE
G1 X62.578 Y110.859 F7200  ; DRAW LINE
G0 Z5.00               ; PEN UP

G0 X62.578 Y109.922   ; RAPID TO START
G1 Z0.00 F500    ; PEN DOWN
G4 P100           ; DWELL
G1 X61.992 Y108.164 F7200  ; DRAW LINE
G1 X62.109 Y107.930 F7200  ; DRAW LINE
G1 X63.398 Y107.930 F7200  ; DRAW LINE
G1 X62.831 Y109.852 F7200  ; DRAW LINE
G1 X62.578 Y109.922 F7200  ; DRAW LINE
G0 Z5.00               ; PEN UP

G0 X56.309 Y110.156   ; RAPID TO START
G1 Z0.00 F500    ; PEN DOWN
G4 P100           ; DWELL
G1 X57.653 Y109.778 F7200  ; DRAW LINE
G1 X58.277 Y108.612 F7200  ; DRAW LINE
G1 X58.242 Y107.578 F7200  ; DRAW LINE
G1 X55.664 Y107.461 F7200  ; DRAW LINE
G1 X56.074 Y106.523 F7200  ; DRAW LINE
G1 X57.105 Y106.547 F7200  ; DRAW LINE
G1 X57.715 Y106.992 F7200  ; DRAW LINE
G1 X58.242 Y106.348 F7200  ; DRAW LINE
G1 X57.716 Y105.737 F7200  ; DRAW LINE
G1 X56.977 Y105.480 F7200  ; DRAW LINE
G1 X55.360 Y105.833 F7200  ; DRAW LINE
G1 X54.551 Y107.227 F7200  ; DRAW LINE
G1 X54.609 Y108.691 F7200  ; DRAW LINE
G1 X55.371 Y109.805 F7200  ; DRAW LINE
G1 X56.309 Y110.156 F7200  ; DRAW LINE
G0 Z5.00               ; PEN UP

G0 X56.016 Y109.805   ; RAPID TO START
G1 Z0.00 F500    ; PEN DOWN
G4 P100           ; DWELL
G1 X55.078 Y108.984 F7200  ; DRAW LINE
G1 X54.961 Y106.875 F7200  ; DRAW LINE
G1 X56.133 Y105.820 F7200  ; DRAW LINE
G1 X57.273 Y105.886 F7200  ; DRAW LINE
G1 X57.864 Y106.195 F7200  ; DRAW LINE
G1 X57.773 Y106.523 F7200  ; DRAW LINE
G1 X56.279 Y106.172 F7200  ; DRAW LINE
G1 X55.313 Y106.992 F7200  ; DRAW LINE
G1 X55.386 Y107.804 F7200  ; DRAW LINE
G1 X58.008 Y107.813 F7200  ; DRAW LINE
G1 X57.980 Y108.670 F7200  ; DRAW LINE
G1 X57.468 Y109.559 F7200  ; DRAW LINE
G1 X56.016 Y109.805 F7200  ; DRAW LINE
G0 Z5.00               ; PEN UP

G0 X67.441 Y110.156   ; RAPID TO START
G1 Z0.00 F500    ; PEN DOWN
G4 P100           ; DWELL
G1 X68.698 Y109.849 F7200  ; DRAW LINE
G1 X69.258 Y109.043 F7200  ; DRAW LINE
G1 X69.258 Y105.586 F7200  ; DRAW LINE
G1 X68.379 Y105.586 F7200  ; DRAW LINE
G1 X68.203 Y105.879 F7200  ; DRAW LINE
G1 X68.203 Y108.691 F7200  ; DRAW LINE
G1 X67.509 Y109.127 F7200  ; DRAW LINE
G1 X66.680 Y108.574 F7200  ; DRAW LINE
G1 X66.680 Y105.762 F7200  ; DRAW LINE
G1 X66.129 Y105.528 F7200  ; DRAW LINE
G1 X65.625 Y105.762 F7200  ; DRAW LINE
G1 X65.625 Y109.863 F7200  ; DRAW LINE
G1 X67.441 Y110.156 F7200  ; DRAW LINE
G0 Z5.00               ; PEN UP

G0 X65.977 Y109.805   ; RAPID TO START
G1 Z0.00 F500    ; PEN DOWN
G4 P100           ; DWELL
G1 X65.977 Y105.820 F7200  ; DRAW LINE
G1 X66.328 Y105.820 F7200  ; DRAW LINE
G1 X66.328 Y108.516 F7200  ; DRAW LINE
G1 X66.563 Y108.984 F7200  ; DRAW LINE
G1 X67.533 Y109.481 F7200  ; DRAW LINE
G1 X68.320 Y109.219 F7200  ; DRAW LINE
G1 X68.555 Y105.820 F7200  ; DRAW LINE
G1 X69.023 Y105.938 F7200  ; DRAW LINE
G1 X68.672 Y109.336 F7200  ; DRAW LINE
G1 X68.203 Y109.805 F7200  ; DRAW LINE
G1 X67.454 Y109.850 F7200  ; DRAW LINE
G1 X66.445 Y109.219 F7200  ; DRAW LINE
G1 X65.977 Y109.805 F7200  ; DRAW LINE
G0 Z5.00               ; PEN UP

G0 X76.348 Y110.156   ; RAPID TO START
G1 Z0.00 F500    ; PEN DOWN
G4 P100           ; DWELL
G1 X77.578 Y109.512 F7200  ; DRAW LINE
G1 X77.168 Y108.984 F7200  ; DRAW LINE
G1 X76.116 Y109.116 F7200  ; DRAW LINE
G1 X75.586 Y108.809 F7200  ; DRAW LINE
G1 X75.469 Y105.762 F7200  ; DRAW LINE
G1 X74.464 Y105.590 F7200  ; DRAW LINE
G1 X74.414 Y109.863 F7200  ; DRAW LINE
G1 X76.348 Y110.156 F7200  ; DRAW LINE
G0 Z5.00               ; PEN UP

G0 X74.766 Y109.805   ; RAPID TO START
G1 Z0.00 F500    ; PEN DOWN
G4 P100           ; DWELL
G1 X74.648 Y105.938 F7200  ; DRAW LINE
G1 X75.117 Y105.820 F7200  ; DRAW LINE
G1 X75.117 Y108.633 F7200  ; DRAW LINE
G1 X76.055 Y109.453 F7200  ; DRAW LINE
G1 X76.992 Y109.219 F7200  ; DRAW LINE
G1 X77.109 Y109.453 F7200  ; DRAW LINE
G1 X76.177 Y109.823 F7200  ; DRAW LINE
G1 X75.183 Y109.201 F7200  ; DRAW LINE
G1 X74.766 Y109.805 F7200  ; DRAW LINE
G0 Z5.00               ; PEN UP

G0 X79.277 Y110.156   ; RAPID TO START
G1 Z0.00 F500    ; PEN DOWN
G4 P100           ; DWELL
G1 X80.335 Y109.919 F7200  ; DRAW LINE
G1 X80.977 Y109.277 F7200  ; DRAW LINE
G1 X80.918 Y107.461 F7200  ; DRAW LINE
G1 X78.516 Y107.461 F7200  ; DRAW LINE
G1 X78.926 Y106.523 F7200  ; DRAW LINE
G1 X79.980 Y106.523 F7200  ; DRAW LINE
G1 X80.566 Y106.992 F7200  ; DRAW LINE
G1 X81.094 Y106.230 F7200  ; DRAW LINE
G1 X79.688 Y105.480 F7200  ; DRAW LINE
G1 X78.116 Y105.901 F7200  ; DRAW LINE
G1 X77.427 Y107.316 F7200  ; DRAW LINE
G1 X77.461 Y108.340 F7200  ; DRAW LINE
G1 X78.047 Y109.688 F7200  ; DRAW LINE
G1 X79.277 Y110.156 F7200  ; DRAW LINE
G0 Z5.00               ; PEN UP

G0 X78.984 Y109.805   ; RAPID TO START
G1 Z0.00 F500    ; PEN DOWN
G4 P100           ; DWELL
G1 X77.925 Y108.848 F7200  ; DRAW LINE
G1 X77.829 Y106.881 F7200  ; DRAW LINE
G1 X78.047 Y106.406 F7200  ; DRAW LINE
G1 X78.984 Y105.820 F7200  ; DRAW LINE
G1 X80.039 Y105.820 F7200  ; DRAW LINE
G1 X80.742 Y106.172 F7200  ; DRAW LINE
G1 X80.625 Y106.523 F7200  ; DRAW LINE
G1 X80.039 Y106.172 F7200  ; DRAW LINE
G1 X78.867 Y106.289 F7200  ; DRAW LINE
G1 X78.340 Y106.787 F7200  ; DRAW LINE
G1 X78.164 Y107.578 F7200  ; DRAW LINE
G1 X78.398 Y107.813 F7200  ; DRAW LINE
G1 X80.859 Y107.813 F7200  ; DRAW LINE
G1 X80.742 Y108.984 F7200  ; DRAW LINE
G1 X80.127 Y109.658 F7200  ; DRAW LINE
G1 X78.984 Y109.805 F7200  ; DRAW LINE
G0 Z5.00               ; PEN UP

G0 X91.113 Y110.156   ; RAPID TO START
G1 Z0.00 F500    ; PEN DOWN
G4 P100           ; DWELL
G1 X92.448 Y109.850 F7200  ; DRAW LINE
G1 X93.047 Y109.043 F7200  ; DRAW LINE
G1 X93.047 Y105.586 F7200  ; DRAW LINE
G1 X90.645 Y105.469 F7200  ; DRAW LINE
G1 X89.494 Y106.381 F7200  ; DRAW LINE
G1 X89.414 Y107.285 F7200  ; DRAW LINE
G1 X90.059 Y108.164 F7200  ; DRAW LINE
G1 X92.109 Y108.398 F7200  ; DRAW LINE
G1 X91.816 Y108.984 F7200  ; DRAW LINE
G1 X90.879 Y109.102 F7200  ; DRAW LINE
G1 X90.059 Y108.750 F7200  ; DRAW LINE
G1 X89.648 Y109.512 F7200  ; DRAW LINE
G1 X91.113 Y110.156 F7200  ; DRAW LINE
G0 Z5.00               ; PEN UP

G0 X90.938 Y109.805   ; RAPID TO START
G1 Z0.00 F500    ; PEN DOWN
G4 P100           ; DWELL
G1 X90.000 Y109.219 F7200  ; DRAW LINE
G1 X91.992 Y109.336 F7200  ; DRAW LINE
G1 X92.373 Y108.838 F7200  ; DRAW LINE
G1 X92.344 Y108.047 F7200  ; DRAW LINE
G1 X90.352 Y107.930 F7200  ; DRAW LINE
G1 X89.766 Y107.227 F7200  ; DRAW LINE
G1 X89.831 Y106.308 F7200  ; DRAW LINE
G1 X90.813 Y105.782 F7200  ; DRAW LINE
G1 X92.227 Y106.172 F7200  ; DRAW LINE
G1 X92.813 Y105.820 F7200  ; DRAW LINE
G1 X92.614 Y109.277 F7200  ; DRAW LINE
G1 X91.894 Y109.805 F7200  ; DRAW LINE
G1 X90.938 Y109.805 F7200  ; DRAW LINE
G0 Z5.00               ; PEN UP

G0 X95.801 Y110.156   ; RAPID TO START
G1 Z0.00 F500    ; PEN DOWN
G4 P100           ; DWELL
G1 X96.788 Y109.972 F7200  ; DRAW LINE
G1 X97.383 Y109.395 F7200  ; DRAW LINE
G1 X97.617 Y105.879 F7200  ; DRAW LINE
G1 X97.234 Y105.525 F7200  ; DRAW LINE
G1 X96.563 Y105.762 F7200  ; DRAW LINE
G1 X96.563 Y108.691 F7200  ; DRAW LINE
G1 X95.658 Y109.138 F7200  ; DRAW LINE
G1 X95.039 Y108.691 F7200  ; DRAW LINE
G1 X95.039 Y105.762 F7200  ; DRAW LINE
G1 X94.083 Y105.570 F7200  ; DRAW LINE
G1 X93.984 Y110.039 F7200  ; DRAW LINE
G1 X95.801 Y110.156 F7200  ; DRAW LINE
G0 Z5.00               ; PEN UP

G0 X94.453 Y109.805   ; RAPID TO START
G1 Z0.00 F500    ; PEN DOWN
G4 P100           ; DWELL
G1 X94.219 Y109.570 F7200  ; DRAW LINE
G1 X94.219 Y105.938 F7200  ; DRAW LINE
G1 X94.688 Y105.820 F7200  ; DRAW LINE
G1 X94.688 Y108.633 F7200  ; DRAW LINE
G1 X95.625 Y109.453 F7200  ; DRAW LINE
G1 X96.445 Y109.336 F7200  ; DRAW LINE
G1 X96.914 Y108.516 F7200  ; DRAW LINE
G1 X96.914 Y105.820 F7200  ; DRAW LINE
G1 X97.266 Y105.820 F7200  ; DRAW LINE
G1 X97.148 Y109.102 F7200  ; DRAW LINE
G1 X96.445 Y109.805 F7200  ; DRAW LINE
G1 X95.479 Y109.746 F7200  ; DRAW LINE
G1 X94.800 Y109.308 F7200  ; DRAW LINE
G1 X94.453 Y109.805 F7200  ; DRAW LINE
G0 Z5.00               ; PEN UP

G0 X111.738 Y110.156   ; RAPID TO START
G1 Z0.00 F500    ; PEN DOWN
G4 P100           ; DWELL
G1 X112.969 Y109.629 F7200  ; DRAW LINE
G1 X112.559 Y108.984 F7200  ; DRAW LINE
G1 X111.387 Y109.102 F7200  ; DRAW LINE
G1 X110.859 Y108.574 F7200  ; DRAW LINE
G1 X110.859 Y105.762 F7200  ; DRAW LINE
G1 X109.855 Y105.590 F7200  ; DRAW LINE
G1 X109.805 Y109.863 F7200  ; DRAW LINE
G1 X111.738 Y110.156 F7200  ; DRAW LINE
G0 Z5.00               ; PEN UP

G0 X110.273 Y109.805   ; RAPID TO START
G1 Z0.00 F500    ; PEN DOWN
G4 P100           ; DWELL
G1 X110.063 Y109.622 F7200  ; DRAW LINE
G1 X110.156 Y105.820 F7200  ; DRAW LINE
G1 X110.508 Y105.820 F7200  ; DRAW LINE
G1 X110.508 Y108.516 F7200  ; DRAW LINE
G1 X110.859 Y109.219 F7200  ; DRAW LINE
G1 X111.445 Y109.453 F7200  ; DRAW LINE
G1 X112.412 Y109.189 F7200  ; DRAW LINE
G1 X112.617 Y109.453 F7200  ; DRAW LINE
G1 X111.530 Y109.801 F7200  ; DRAW LINE
G1 X110.573 Y109.201 F7200  ; DRAW LINE
G1 X110.273 Y109.805 F7200  ; DRAW LINE
G0 Z5.00               ; PEN UP

G0 X114.902 Y110.156   ; RAPID TO START
G1 Z0.00 F500    ; PEN DOWN
G4 P100           ; DWELL
G1 X116.127 Y109.905 F7200  ; DRAW LINE
G1 X116.836 Y108.809 F7200  ; DRAW LINE
G1 X116.836 Y105.762 F7200  ; DRAW LINE
G1 X116.611 Y105.565 F7200  ; DRAW LINE
G1 X115.781 Y105.762 F7200  ; DRAW LINE
G1 X115.781 Y108.574 F7200  ; DRAW LINE
G1 X115.488 Y108.984 F7200  ; DRAW LINE
G1 X114.668 Y109.102 F7200  ; DRAW LINE
G1 X114.141 Y108.457 F7200  ; DRAW LINE
G1 X114.141 Y105.586 F7200  ; DRAW LINE
G1 X113.262 Y105.586 F7200  ; DRAW LINE
G1 X113.086 Y105.879 F7200  ; DRAW LINE
G1 X113.203 Y110.039 F7200  ; DRAW LINE
G1 X114.902 Y110.156 F7200  ; DRAW LINE
G0 Z5.00               ; PEN UP

G0 X113.438 Y109.805   ; RAPID TO START
G1 Z0.00 F500    ; PEN DOWN
G4 P100           ; DWELL
G1 X113.438 Y105.820 F7200  ; DRAW LINE
G1 X113.906 Y105.820 F7200  ; DRAW LINE
G1 X113.906 Y108.750 F7200  ; DRAW LINE
G1 X114.727 Y109.453 F7200  ; DRAW LINE
G1 X115.664 Y109.336 F7200  ; DRAW LINE
G1 X116.133 Y108.516 F7200  ; DRAW LINE
G1 X116.133 Y105.820 F7200  ; DRAW LINE
G1 X116.484 Y105.820 F7200  ; DRAW LINE
G1 X116.367 Y109.102 F7200  ; DRAW LINE
G1 X115.664 Y109.805 F7200  ; DRAW LINE
G1 X114.697 Y109.746 F7200  ; DRAW LINE
G1 X114.019 Y109.308 F7200  ; DRAW LINE
G1 X113.438 Y109.805 F7200  ; DRAW LINE
G0 Z5.00               ; PEN UP

G0 X119.238 Y110.156   ; RAPID TO START
G1 Z0.00 F500    ; PEN DOWN
G4 P100           ; DWELL
G1 X120.296 Y109.983 F7200  ; DRAW LINE
G1 X120.938 Y109.395 F7200  ; DRAW LINE
G1 X121.219 Y107.426 F7200  ; DRAW LINE
G1 X121.055 Y105.586 F7200  ; DRAW LINE
G1 X118.652 Y105.469 F7200  ; DRAW LINE
G1 X117.656 Y106.113 F7200  ; DRAW LINE
G1 X117.539 Y107.520 F7200  ; DRAW LINE
G1 X117.949 Y108.047 F7200  ; DRAW LINE
G1 X120.117 Y108.398 F7200  ; DRAW LINE
G1 X119.767 Y109.088 F7200  ; DRAW LINE
G1 X118.887 Y109.102 F7200  ; DRAW LINE
G1 X118.184 Y108.633 F7200  ; DRAW LINE
G1 X117.763 Y109.062 F7200  ; DRAW LINE
G1 X117.656 Y109.512 F7200  ; DRAW LINE
G1 X119.238 Y110.156 F7200  ; DRAW LINE
G0 Z5.00               ; PEN UP

G0 X118.945 Y109.805   ; RAPID TO START
G1 Z0.00 F500    ; PEN DOWN
G4 P100           ; DWELL
G1 X118.008 Y109.453 F7200  ; DRAW LINE
G1 X118.242 Y109.102 F7200  ; DRAW LINE
G1 X119.063 Y109.453 F7200  ; DRAW LINE
G1 X120.000 Y109.336 F7200  ; DRAW LINE
G1 X120.381 Y108.896 F7200  ; DRAW LINE
G1 X120.352 Y108.047 F7200  ; DRAW LINE
G1 X118.359 Y107.930 F7200  ; DRAW LINE
G1 X117.773 Y107.227 F7200  ; DRAW LINE
G1 X117.891 Y106.289 F7200  ; DRAW LINE
G1 X119.125 Y105.743 F7200  ; DRAW LINE
G1 X120.264 Y106.289 F7200  ; DRAW LINE
G1 X120.498 Y105.762 F7200  ; DRAW LINE
G1 X120.820 Y105.820 F7200  ; DRAW LINE
G1 X120.622 Y109.277 F7200  ; DRAW LINE
G1 X120.088 Y109.746 F7200  ; DRAW LINE
G1 X118.945 Y109.805 F7200  ; DRAW LINE
G0 Z5.00               ; PEN UP

G0 X134.473 Y110.156   ; RAPID TO START
G1 Z0.00 F500    ; PEN DOWN
G4 P100           ; DWELL
G1 X135.864 Y109.672 F7200  ; DRAW LINE
G1 X136.406 Y107.871 F7200  ; DRAW LINE
G1 X136.113 Y107.461 F7200  ; DRAW LINE
G1 X133.770 Y107.461 F7200  ; DRAW LINE
G1 X134.107 Y106.561 F7200  ; DRAW LINE
G1 X135.176 Y106.523 F7200  ; DRAW LINE
G1 X135.879 Y106.875 F7200  ; DRAW LINE
G1 X136.280 Y106.501 F7200  ; DRAW LINE
G1 X136.289 Y106.055 F7200  ; DRAW LINE
G1 X135.859 Y105.751 F7200  ; DRAW LINE
G1 X134.355 Y105.469 F7200  ; DRAW LINE
G1 X133.008 Y106.230 F7200  ; DRAW LINE
G1 X132.656 Y108.223 F7200  ; DRAW LINE
G1 X133.301 Y109.688 F7200  ; DRAW LINE
G1 X134.473 Y110.156 F7200  ; DRAW LINE
G0 Z5.00               ; PEN UP

G0 X134.180 Y109.805   ; RAPID TO START
G1 Z0.00 F500    ; PEN DOWN
G4 P100           ; DWELL
G1 X133.008 Y108.516 F7200  ; DRAW LINE
G1 X133.024 Y106.941 F7200  ; DRAW LINE
G1 X133.242 Y106.406 F7200  ; DRAW LINE
G1 X134.180 Y105.820 F7200  ; DRAW LINE
G1 X135.176 Y105.791 F7200  ; DRAW LINE
G1 X135.952 Y106.172 F7200  ; DRAW LINE
G1 X135.938 Y106.523 F7200  ; DRAW LINE
G1 X135.234 Y106.172 F7200  ; DRAW LINE
G1 X133.930 Y106.342 F7200  ; DRAW LINE
G1 X133.514 Y106.781 F7200  ; DRAW LINE
G1 X133.477 Y107.578 F7200  ; DRAW LINE
G1 X133.594 Y107.813 F7200  ; DRAW LINE
G1 X136.055 Y107.813 F7200  ; DRAW LINE
G1 X136.027 Y108.727 F7200  ; DRAW LINE
G1 X135.389 Y109.664 F7200  ; DRAW LINE
G1 X134.180 Y109.805 F7200  ; DRAW LINE
G0 Z5.00               ; PEN UP

G0 X138.809 Y110.156   ; RAPID TO START
G1 Z0.00 F500    ; PEN DOWN
G4 P100           ; DWELL
G1 X140.156 Y109.805 F7200  ; DRAW LINE
G1 X140.147 Y109.358 F7200  ; DRAW LINE
G1 X139.746 Y108.984 F7200  ; DRAW LINE
G1 X138.574 Y109.102 F7200  ; DRAW LINE
G1 X138.047 Y108.457 F7200  ; DRAW LINE
G1 X138.047 Y105.586 F7200  ; DRAW LINE
G1 X137.168 Y105.586 F7200  ; DRAW LINE
G1 X136.992 Y109.863 F7200  ; DRAW LINE
G1 X138.809 Y110.156 F7200  ; DRAW LINE
G0 Z5.00               ; PEN UP

G0 X137.344 Y109.805   ; RAPID TO START
G1 Z0.00 F500    ; PEN DOWN
G4 P100           ; DWELL
G1 X137.344 Y105.820 F7200  ; DRAW LINE
G1 X137.813 Y105.820 F7200  ; DRAW LINE
G1 X137.930 Y108.867 F7200  ; DRAW LINE
G1 X138.633 Y109.453 F7200  ; DRAW LINE
G1 X139.688 Y109.219 F7200  ; DRAW LINE
G1 X139.805 Y109.453 F7200  ; DRAW LINE
G1 X139.453 Y109.805 F7200  ; DRAW LINE
G1 X138.775 Y109.850 F7200  ; DRAW LINE
G1 X137.761 Y109.201 F7200  ; DRAW LINE
G1 X137.344 Y109.805 F7200  ; DRAW LINE
G0 Z5.00               ; PEN UP

G0 X154.512 Y110.156   ; RAPID TO START
G1 Z0.00 F500    ; PEN DOWN
G4 P100           ; DWELL
G1 X155.622 Y109.978 F7200  ; DRAW LINE
G1 X156.328 Y109.395 F7200  ; DRAW LINE
G1 X156.445 Y105.586 F7200  ; DRAW LINE
G1 X153.992 Y105.500 F7200  ; DRAW LINE
G1 X152.930 Y106.230 F7200  ; DRAW LINE
G1 X152.813 Y107.285 F7200  ; DRAW LINE
G1 X153.574 Y108.281 F7200  ; DRAW LINE
G1 X155.508 Y108.398 F7200  ; DRAW LINE
G1 X155.192 Y109.067 F7200  ; DRAW LINE
G1 X153.457 Y108.750 F7200  ; DRAW LINE
G1 X152.930 Y109.395 F7200  ; DRAW LINE
G1 X154.512 Y110.156 F7200  ; DRAW LINE
G0 Z5.00               ; PEN UP

G0 X154.336 Y109.805   ; RAPID TO START
G1 Z0.00 F500    ; PEN DOWN
G4 P100           ; DWELL
G1 X153.398 Y109.453 F7200  ; DRAW LINE
G1 X153.633 Y109.102 F7200  ; DRAW LINE
G1 X154.453 Y109.453 F7200  ; DRAW LINE
G1 X155.391 Y109.336 F7200  ; DRAW LINE
G1 X155.742 Y108.164 F7200  ; DRAW LINE
G1 X153.398 Y107.813 F7200  ; DRAW LINE
G1 X153.230 Y106.318 F7200  ; DRAW LINE
G1 X154.392 Y105.764 F7200  ; DRAW LINE
G1 X155.742 Y106.289 F7200  ; DRAW LINE
G1 X155.977 Y105.820 F7200  ; DRAW LINE
G1 X156.211 Y105.938 F7200  ; DRAW LINE
G1 X156.094 Y109.102 F7200  ; DRAW LINE
G1 X155.479 Y109.746 F7200  ; DRAW LINE
G1 X154.336 Y109.805 F7200  ; DRAW LINE
G0 Z5.00               ; PEN UP

G0 X158.730 Y110.156   ; RAPID TO START
G1 Z0.00 F500    ; PEN DOWN
G4 P100           ; DWELL
G1 X160.102 Y109.910 F7200  ; DRAW LINE
G1 X160.781 Y109.160 F7200  ; DRAW LINE
G1 X160.020 Y108.633 F7200  ; DRAW LINE
G1 X159.568 Y109.061 F7200  ; DRAW LINE
G1 X158.730 Y109.102 F7200  ; DRAW LINE
G1 X158.241 Y108.560 F7200  ; DRAW LINE
G1 X158.203 Y107.051 F7200  ; DRAW LINE
G1 X158.613 Y106.523 F7200  ; DRAW LINE
G1 X160.254 Y106.875 F7200  ; DRAW LINE
G1 X160.638 Y106.556 F7200  ; DRAW LINE
G1 X160.551 Y105.980 F7200  ; DRAW LINE
G1 X159.553 Y105.502 F7200  ; DRAW LINE
G1 X157.954 Y105.747 F7200  ; DRAW LINE
G1 X157.120 Y107.070 F7200  ; DRAW LINE
G1 X157.355 Y109.165 F7200  ; DRAW LINE
G1 X158.730 Y110.156 F7200  ; DRAW LINE
G0 Z5.00               ; PEN UP

G0 X158.672 Y109.805   ; RAPID TO START
G1 Z0.00 F500    ; PEN DOWN
G4 P100           ; DWELL
G1 X157.500 Y108.633 F7200  ; DRAW LINE
G1 X157.500 Y106.758 F7200  ; DRAW LINE
G1 X157.852 Y106.172 F7200  ; DRAW LINE
G1 X158.555 Y105.820 F7200  ; DRAW LINE
G1 X159.551 Y105.791 F7200  ; DRAW LINE
G1 X160.383 Y106.172 F7200  ; DRAW LINE
G1 X160.313 Y106.523 F7200  ; DRAW LINE
G1 X159.428 Y106.153 F7200  ; DRAW LINE
G1 X158.320 Y106.406 F7200  ; DRAW LINE
G1 X157.852 Y107.344 F7200  ; DRAW LINE
G1 X158.086 Y108.867 F7200  ; DRAW LINE
G1 X158.789 Y109.453 F7200  ; DRAW LINE
G1 X160.430 Y109.102 F7200  ; DRAW LINE
G1 X159.814 Y109.746 F7200  ; DRAW LINE
G1 X158.672 Y109.805 F7200  ; DRAW LINE
G0 Z5.00               ; PEN UP

G0 X81.328 Y110.039   ; RAPID TO START
G1 Z0.00 F500    ; PEN DOWN
G4 P100           ; DWELL
G1 X82.207 Y110.039 F7200  ; DRAW LINE
G1 X83.137 Y107.541 F7200  ; DRAW LINE
G1 X84.082 Y110.039 F7200  ; DRAW LINE
G1 X84.811 Y109.922 F7200  ; DRAW LINE
G1 X85.605 Y107.578 F7200  ; DRAW LINE
G1 X86.250 Y109.629 F7200  ; DRAW LINE
G1 X86.543 Y110.039 F7200  ; DRAW LINE
G1 X87.305 Y110.039 F7200  ; DRAW LINE
G1 X85.957 Y105.586 F7200  ; DRAW LINE
G1 X85.119 Y105.697 F7200  ; DRAW LINE
G1 X84.316 Y108.047 F7200  ; DRAW LINE
G1 X83.379 Y105.586 F7200  ; DRAW LINE
G1 X82.591 Y105.642 F7200  ; DRAW LINE
G1 X81.328 Y110.039 F7200  ; DRAW LINE
G0 Z5.00               ; PEN UP

G0 X81.680 Y109.805   ; RAPID TO START
G1 Z0.00 F500    ; PEN DOWN
G4 P100           ; DWELL
G1 X82.734 Y105.938 F7200  ; DRAW LINE
G1 X83.203 Y105.820 F7200  ; DRAW LINE
G1 X84.141 Y108.633 F7200  ; DRAW LINE
G1 X84.492 Y108.867 F7200  ; DRAW LINE
G1 X85.313 Y105.938 F7200  ; DRAW LINE
G1 X85.781 Y105.820 F7200  ; DRAW LINE
G1 X87.070 Y109.570 F7200  ; DRAW LINE
G1 X86.836 Y109.805 F7200  ; DRAW LINE
G1 X85.664 Y106.641 F7200  ; DRAW LINE
G1 X84.375 Y109.805 F7200  ; DRAW LINE
G1 X83.195 Y106.612 F7200  ; DRAW LINE
G1 X82.031 Y109.777 F7200  ; DRAW LINE
G1 X81.680 Y109.805 F7200  ; DRAW LINE
G0 Z5.00               ; PEN UP

G0 X128.496 Y110.039   ; RAPID TO START
G1 Z0.00 F500    ; PEN DOWN
G4 P100           ; DWELL
G1 X129.375 Y109.863 F7200  ; DRAW LINE
G1 X129.375 Y105.762 F7200  ; DRAW LINE
G1 X128.939 Y105.537 F7200  ; DRAW LINE
G1 X128.320 Y105.762 F7200  ; DRAW LINE
G1 X128.496 Y110.039 F7200  ; DRAW LINE
G0 Z5.00               ; PEN UP

G0 X128.672 Y109.805   ; RAPID TO START
G1 Z0.00 F500    ; PEN DOWN
G4 P100           ; DWELL
G1 X128.672 Y105.820 F7200  ; DRAW LINE
G1 X129.023 Y105.820 F7200  ; DRAW LINE
G1 X129.023 Y109.688 F7200  ; DRAW LINE
G1 X128.672 Y109.805 F7200  ; DRAW LINE
G0 Z5.00               ; PEN UP

G0 X144.844 Y110.039   ; RAPID TO START
G1 Z0.00 F500    ; PEN DOWN
G4 P100           ; DWELL
G1 X145.898 Y109.863 F7200  ; DRAW LINE
G1 X145.723 Y105.586 F7200  ; DRAW LINE
G1 X144.844 Y105.645 F7200  ; DRAW LINE
G1 X144.844 Y110.039 F7200  ; DRAW LINE
G0 Z5.00               ; PEN UP

G0 X145.078 Y109.805   ; RAPID TO START
G1 Z0.00 F500    ; PEN DOWN
G4 P100           ; DWELL
G1 X145.078 Y106.406 F7200  ; DRAW LINE
G1 X145.345 Y105.764 F7200  ; DRAW LINE
G1 X145.547 Y109.688 F7200  ; DRAW LINE
G1 X145.078 Y109.805 F7200  ; DRAW LINE
G0 Z5.00               ; PEN UP

G0 X161.426 Y110.039   ; RAPID TO START
G1 Z0.00 F500    ; PEN DOWN
G4 P100           ; DWELL
G1 X162.305 Y109.863 F7200  ; DRAW LINE
G1 X162.422 Y106.641 F7200  ; DRAW LINE
G1 X163.418 Y106.523 F7200  ; DRAW LINE
G1 X163.828 Y106.934 F7200  ; DRAW LINE
G1 X163.828 Y109.863 F7200  ; DRAW LINE
G1 X164.866 Y110.011 F7200  ; DRAW LINE
G1 X164.883 Y105.586 F7200  ; DRAW LINE
G1 X162.598 Y105.469 F7200  ; DRAW LINE
G1 X161.484 Y106.113 F7200  ; DRAW LINE
G1 X161.250 Y106.699 F7200  ; DRAW LINE
G1 X161.426 Y110.039 F7200  ; DRAW LINE
G0 Z5.00               ; PEN UP

G0 X161.602 Y109.805   ; RAPID TO START
G1 Z0.00 F500    ; PEN DOWN
G4 P100           ; DWELL
G1 X161.719 Y106.289 F7200  ; DRAW LINE
G1 X162.980 Y105.764 F7200  ; DRAW LINE
G1 X164.180 Y106.289 F7200  ; DRAW LINE
G1 X164.180 Y105.938 F7200  ; DRAW LINE
G1 X164.531 Y105.820 F7200  ; DRAW LINE
G1 X164.531 Y109.688 F7200  ; DRAW LINE
G1 X164.180 Y109.805 F7200  ; DRAW LINE
G1 X164.180 Y106.875 F7200  ; DRAW LINE
G1 X163.477 Y106.172 F7200  ; DRAW LINE
G1 X162.967 Y106.144 F7200  ; DRAW LINE
G1 X162.264 Y106.341 F7200  ; DRAW LINE
G1 X161.953 Y106.875 F7200  ; DRAW LINE
G1 X161.953 Y109.688 F7200  ; DRAW LINE
G1 X161.602 Y109.805 F7200  ; DRAW LINE
G0 Z5.00               ; PEN UP

G0 X56.191 Y109.453   ; RAPID TO START
G1 Z0.00 F500    ; PEN DOWN
G4 P100           ; DWELL
G1 X57.324 Y109.191 F7200  ; DRAW LINE
G1 X57.480 Y108.164 F7200  ; DRAW LINE
G1 X55.313 Y108.164 F7200  ; DRAW LINE
G1 X55.539 Y108.997 F7200  ; DRAW LINE
G1 X56.191 Y109.453 F7200  ; DRAW LINE
G0 Z5.00               ; PEN UP

G0 X56.133 Y109.102   ; RAPID TO START
G1 Z0.00 F500    ; PEN DOWN
G4 P100           ; DWELL
G1 X55.664 Y108.398 F7200  ; DRAW LINE
G1 X57.188 Y108.398 F7200  ; DRAW LINE
G1 X56.994 Y108.979 F7200  ; DRAW LINE
G1 X56.133 Y109.102 F7200  ; DRAW LINE
G0 Z5.00               ; PEN UP

G0 X71.426 Y109.453   ; RAPID TO START
G1 Z0.00 F500    ; PEN DOWN
G4 P100           ; DWELL
G1 X72.284 Y109.315 F7200  ; DRAW LINE
G1 X72.773 Y108.809 F7200  ; DRAW LINE
G1 X72.891 Y107.168 F7200  ; DRAW LINE
G1 X71.988 Y106.137 F7200  ; DRAW LINE
G1 X71.191 Y106.172 F7200  ; DRAW LINE
G1 X70.664 Y106.699 F7200  ; DRAW LINE
G1 X70.664 Y108.809 F7200  ; DRAW LINE
G1 X71.426 Y109.453 F7200  ; DRAW LINE
G0 Z5.00               ; PEN UP

G0 X71.484 Y109.102   ; RAPID TO START
G1 Z0.00 F500    ; PEN DOWN
G4 P100           ; DWELL
G1 X70.898 Y108.398 F7200  ; DRAW LINE
G1 X71.016 Y106.758 F7200  ; DRAW LINE
G1 X71.719 Y106.406 F7200  ; DRAW LINE
G1 X72.539 Y106.992 F7200  ; DRAW LINE
G1 X72.539 Y108.516 F7200  ; DRAW LINE
G1 X72.217 Y109.014 F7200  ; DRAW LINE
G1 X71.484 Y109.102 F7200  ; DRAW LINE
G0 Z5.00               ; PEN UP

G0 X79.043 Y109.453   ; RAPID TO START
G1 Z0.00 F500    ; PEN DOWN
G4 P100           ; DWELL
G1 X80.156 Y109.219 F7200  ; DRAW LINE
G1 X80.416 Y108.103 F7200  ; DRAW LINE
G1 X78.164 Y108.164 F7200  ; DRAW LINE
G1 X78.424 Y108.968 F7200  ; DRAW LINE
G1 X79.043 Y109.453 F7200  ; DRAW LINE
G0 Z5.00               ; PEN UP

G0 X79.102 Y109.102   ; RAPID TO START
G1 Z0.00 F500    ; PEN DOWN
G4 P100           ; DWELL
G1 X78.516 Y108.398 F7200  ; DRAW LINE
G1 X80.156 Y108.398 F7200  ; DRAW LINE
G1 X79.856 Y108.979 F7200  ; DRAW LINE
G1 X79.102 Y109.102 F7200  ; DRAW LINE
G0 Z5.00               ; PEN UP

G0 X99.902 Y109.453   ; RAPID TO START
G1 Z0.00 F500    ; PEN DOWN
G4 P100           ; DWELL
G1 X101.133 Y108.926 F7200  ; DRAW LINE
G1 X101.250 Y106.934 F7200  ; DRAW LINE
G1 X100.723 Y106.289 F7200  ; DRAW LINE
G1 X99.668 Y106.172 F7200  ; DRAW LINE
G1 X99.023 Y106.816 F7200  ; DRAW LINE
G1 X99.023 Y108.691 F7200  ; DRAW LINE
G1 X99.902 Y109.453 F7200  ; DRAW LINE
G0 Z5.00               ; PEN UP

G0 X99.844 Y109.102   ; RAPID TO START
G1 Z0.00 F500    ; PEN DOWN
G4 P100           ; DWELL
G1 X99.258 Y108.281 F7200  ; DRAW LINE
G1 X99.375 Y106.758 F7200  ; DRAW LINE
G1 X100.078 Y106.406 F7200  ; DRAW LINE
G1 X100.898 Y106.875 F7200  ; DRAW LINE
G1 X100.898 Y108.633 F7200  ; DRAW LINE
G1 X100.518 Y109.043 F7200  ; DRAW LINE
G1 X99.844 Y109.102 F7200  ; DRAW LINE
G0 Z5.00               ; PEN UP

G0 X134.238 Y109.453   ; RAPID TO START
G1 Z0.00 F500    ; PEN DOWN
G4 P100           ; DWELL
G1 X135.326 Y109.228 F7200  ; DRAW LINE
G1 X135.703 Y108.164 F7200  ; DRAW LINE
G1 X133.535 Y108.164 F7200  ; DRAW LINE
G1 X133.477 Y108.691 F7200  ; DRAW LINE
G1 X134.238 Y109.453 F7200  ; DRAW LINE
G0 Z5.00               ; PEN UP

G0 X134.297 Y109.102   ; RAPID TO START
G1 Z0.00 F500    ; PEN DOWN
G4 P100           ; DWELL
G1 X133.887 Y108.867 F7200  ; DRAW LINE
G1 X133.828 Y108.398 F7200  ; DRAW LINE
G1 X135.352 Y108.398 F7200  ; DRAW LINE
G1 X135.070 Y108.989 F7200  ; DRAW LINE
G1 X134.297 Y109.102 F7200  ; DRAW LINE
G0 Z5.00               ; PEN UP

G0 X142.090 Y109.453   ; RAPID TO START
G1 Z0.00 F500    ; PEN DOWN
G4 P100           ; DWELL
G1 X143.320 Y108.926 F7200  ; DRAW LINE
G1 X143.438 Y107.051 F7200  ; DRAW LINE
G1 X142.910 Y106.289 F7200  ; DRAW LINE
G1 X141.855 Y106.172 F7200  ; DRAW LINE
G1 X141.211 Y106.699 F7200  ; DRAW LINE
G1 X141.094 Y107.988 F7200  ; DRAW LINE
G1 X141.211 Y108.809 F7200  ; DRAW LINE
G1 X142.090 Y109.453 F7200  ; DRAW LINE
G0 Z5.00               ; PEN UP

G0 X142.031 Y109.102   ; RAPID TO START
G1 Z0.00 F500    ; PEN DOWN
G4 P100           ; DWELL
G1 X141.445 Y108.516 F7200  ; DRAW LINE
G1 X141.445 Y106.875 F7200  ; DRAW LINE
G1 X142.676 Y106.494 F7200  ; DRAW LINE
G1 X143.086 Y106.875 F7200  ; DRAW LINE
G1 X143.086 Y108.516 F7200  ; DRAW LINE
G1 X142.706 Y109.031 F7200  ; DRAW LINE
G1 X142.031 Y109.102 F7200  ; DRAW LINE
G0 Z5.00               ; PEN UP

G0 X92.168 Y107.813   ; RAPID TO START
G1 Z0.00 F500    ; PEN DOWN
G4 P100           ; DWELL
G1 X92.426 Y107.169 F7200  ; DRAW LINE
G1 X92.043 Y106.332 F7200  ; DRAW LINE
G1 X91.144 Y106.118 F7200  ; DRAW LINE
G1 X90.313 Y106.449 F7200  ; DRAW LINE
G1 X90.117 Y107.168 F7200  ; DRAW LINE
G1 X90.352 Y107.578 F7200  ; DRAW LINE
G1 X92.168 Y107.813 F7200  ; DRAW LINE
G0 Z5.00               ; PEN UP

G0 X90.820 Y107.461   ; RAPID TO START
G1 Z0.00 F500    ; PEN DOWN
G4 P100           ; DWELL
G1 X90.469 Y107.109 F7200  ; DRAW LINE
G1 X90.703 Y106.523 F7200  ; DRAW LINE
G1 X91.758 Y106.523 F7200  ; DRAW LINE
G1 X92.109 Y106.992 F7200  ; DRAW LINE
G1 X92.109 Y107.461 F7200  ; DRAW LINE
G1 X90.820 Y107.461 F7200  ; DRAW LINE
G0 Z5.00               ; PEN UP

G0 X119.355 Y107.813   ; RAPID TO START
G1 Z0.00 F500    ; PEN DOWN
G4 P100           ; DWELL
G1 X120.352 Y107.695 F7200  ; DRAW LINE
G1 X120.333 Y106.649 F7200  ; DRAW LINE
G1 X119.941 Y106.289 F7200  ; DRAW LINE
G1 X118.539 Y106.220 F7200  ; DRAW LINE
G1 X118.242 Y107.402 F7200  ; DRAW LINE
G1 X119.355 Y107.813 F7200  ; DRAW LINE
G0 Z5.00               ; PEN UP

G0 X118.828 Y107.461   ; RAPID TO START
G1 Z0.00 F500    ; PEN DOWN
G4 P100           ; DWELL
G1 X118.477 Y107.109 F7200  ; DRAW LINE
G1 X118.594 Y106.523 F7200  ; DRAW LINE
G1 X119.445 Y106.399 F7200  ; DRAW LINE
G1 X120.063 Y106.765 F7200  ; DRAW LINE
G1 X120.117 Y107.461 F7200  ; DRAW LINE
G1 X118.828 Y107.461 F7200  ; DRAW LINE
G0 Z5.00               ; PEN UP

G0 X154.629 Y107.813   ; RAPID TO START
G1 Z0.00 F500    ; PEN DOWN
G4 P100           ; DWELL
G1 X155.742 Y107.695 F7200  ; DRAW LINE
G1 X155.625 Y106.523 F7200  ; DRAW LINE
G1 X155.030 Y106.184 F7200  ; DRAW LINE
G1 X154.043 Y106.172 F7200  ; DRAW LINE
G1 X153.633 Y106.465 F7200  ; DRAW LINE
G1 X153.516 Y107.285 F7200  ; DRAW LINE
G1 X154.629 Y107.813 F7200  ; DRAW LINE
G0 Z5.00               ; PEN UP

G0 X154.219 Y107.461   ; RAPID TO START
G1 Z0.00 F500    ; PEN DOWN
G4 P100           ; DWELL
G1 X153.867 Y107.344 F7200  ; DRAW LINE
G1 X153.750 Y106.758 F7200  ; DRAW LINE
G1 X154.336 Y106.406 F7200  ; DRAW LINE
G1 X155.273 Y106.641 F7200  ; DRAW LINE
G1 X155.508 Y107.461 F7200  ; DRAW LINE
G1 X154.219 Y107.461 F7200  ; DRAW LINE
G0 Z5.00               ; PEN UP

G0 X66.738 Y101.133   ; RAPID TO START
G1 Z0.00 F500    ; PEN DOWN
G4 P100           ; DWELL
G1 X67.933 Y101.026 F7200  ; DRAW LINE
G1 X69.128 Y100.487 F7200  ; DRAW LINE
G1 X69.940 Y99.476 F7200  ; DRAW LINE
G1 X70.078 Y98.379 F7200  ; DRAW LINE
G1 X68.027 Y98.203 F7200  ; DRAW LINE
G1 X67.559 Y98.906 F7200  ; DRAW LINE
G1 X66.855 Y99.023 F7200  ; DRAW LINE
G1 X66.445 Y98.730 F7200  ; DRAW LINE
G1 X66.328 Y95.449 F7200  ; DRAW LINE
G1 X66.621 Y95.039 F7200  ; DRAW LINE
G1 X67.207 Y94.922 F7200  ; DRAW LINE
G1 X68.027 Y95.742 F7200  ; DRAW LINE
G1 X69.952 Y95.754 F7200  ; DRAW LINE
G1 X70.195 Y95.449 F7200  ; DRAW LINE
G1 X69.886 Y94.446 F7200  ; DRAW LINE
G1 X69.156 Y93.535 F7200  ; DRAW LINE
G1 X66.973 Y92.813 F7200  ; DRAW LINE
G1 X65.449 Y93.164 F7200  ; DRAW LINE
G1 X64.453 Y94.043 F7200  ; DRAW LINE
G1 X63.984 Y95.098 F7200  ; DRAW LINE
G1 X64.139 Y99.400 F7200  ; DRAW LINE
G1 X65.040 Y100.548 F7200  ; DRAW LINE
G1 X66.738 Y101.133 F7200  ; DRAW LINE
G0 Z5.00               ; PEN UP

G0 X66.445 Y100.781   ; RAPID TO START
G1 Z0.00 F500    ; PEN DOWN
G4 P100           ; DWELL
G1 X65.156 Y100.195 F7200  ; DRAW LINE
G1 X64.481 Y99.281 F7200  ; DRAW LINE
G1 X64.219 Y98.438 F7200  ; DRAW LINE
G1 X64.219 Y95.508 F7200  ; DRAW LINE
G1 X64.688 Y94.219 F7200  ; DRAW LINE
G1 X65.269 Y93.656 F7200  ; DRAW LINE
G1 X66.563 Y93.164 F7200  ; DRAW LINE
G1 X67.594 Y93.183 F7200  ; DRAW LINE
G1 X69.267 Y93.988 F7200  ; DRAW LINE
G1 X69.727 Y95.391 F7200  ; DRAW LINE
G1 X68.203 Y95.391 F7200  ; DRAW LINE
G1 X67.500 Y94.688 F7200  ; DRAW LINE
G1 X66.287 Y94.856 F7200  ; DRAW LINE
G1 X65.977 Y95.391 F7200  ; DRAW LINE
G1 X65.977 Y98.555 F7200  ; DRAW LINE
G1 X66.379 Y99.127 F7200  ; DRAW LINE
G1 X66.988 Y99.314 F7200  ; DRAW LINE
G1 X67.617 Y99.258 F7200  ; DRAW LINE
G1 X68.320 Y98.438 F7200  ; DRAW LINE
G1 X69.727 Y98.555 F7200  ; DRAW LINE
G1 X68.816 Y100.305 F7200  ; DRAW LINE
G1 X67.983 Y100.706 F7200  ; DRAW LINE
G1 X66.445 Y100.781 F7200  ; DRAW LINE
G0 Z5.00               ; PEN UP

G0 X90.527 Y101.133   ; RAPID TO START
G1 Z0.00 F500    ; PEN DOWN
G4 P100           ; DWELL
G1 X91.672 Y101.012 F7200  ; DRAW LINE
G1 X92.820 Y100.472 F7200  ; DRAW LINE
G1 X93.632 Y99.407 F7200  ; DRAW LINE
G1 X93.770 Y98.402 F7200  ; DRAW LINE
G1 X91.699 Y98.203 F7200  ; DRAW LINE
G1 X91.230 Y98.906 F7200  ; DRAW LINE
G1 X90.527 Y99.023 F7200  ; DRAW LINE
G1 X90.000 Y98.613 F7200  ; DRAW LINE
G1 X89.883 Y95.918 F7200  ; DRAW LINE
G1 X90.117 Y95.156 F7200  ; DRAW LINE
G1 X90.996 Y94.922 F7200  ; DRAW LINE
G1 X91.816 Y95.742 F7200  ; DRAW LINE
G1 X93.867 Y95.625 F7200  ; DRAW LINE
G1 X93.536 Y94.318 F7200  ; DRAW LINE
G1 X92.946 Y93.551 F7200  ; DRAW LINE
G1 X91.699 Y92.930 F7200  ; DRAW LINE
G1 X90.645 Y92.813 F7200  ; DRAW LINE
G1 X88.702 Y93.448 F7200  ; DRAW LINE
G1 X87.656 Y95.098 F7200  ; DRAW LINE
G1 X87.875 Y99.555 F7200  ; DRAW LINE
G1 X88.770 Y100.547 F7200  ; DRAW LINE
G1 X90.527 Y101.133 F7200  ; DRAW LINE
G0 Z5.00               ; PEN UP

G0 X90.234 Y100.781   ; RAPID TO START
G1 Z0.00 F500    ; PEN DOWN
G4 P100           ; DWELL
G1 X88.882 Y100.189 F7200  ; DRAW LINE
G1 X88.095 Y99.205 F7200  ; DRAW LINE
G1 X87.891 Y95.508 F7200  ; DRAW LINE
G1 X88.359 Y94.219 F7200  ; DRAW LINE
G1 X88.941 Y93.656 F7200  ; DRAW LINE
G1 X90.234 Y93.164 F7200  ; DRAW LINE
G1 X91.406 Y93.164 F7200  ; DRAW LINE
G1 X92.578 Y93.633 F7200  ; DRAW LINE
G1 X93.516 Y95.391 F7200  ; DRAW LINE
G1 X91.992 Y95.391 F7200  ; DRAW LINE
G1 X91.289 Y94.688 F7200  ; DRAW LINE
G1 X90.234 Y94.805 F7200  ; DRAW LINE
G1 X89.648 Y95.391 F7200  ; DRAW LINE
G1 X89.648 Y98.555 F7200  ; DRAW LINE
G1 X90.820 Y99.375 F7200  ; DRAW LINE
G1 X91.523 Y99.141 F7200  ; DRAW LINE
G1 X91.875 Y98.438 F7200  ; DRAW LINE
G1 X93.516 Y98.555 F7200  ; DRAW LINE
G1 X93.008 Y99.758 F7200  ; DRAW LINE
G1 X92.358 Y100.373 F7200  ; DRAW LINE
G1 X90.234 Y100.781 F7200  ; DRAW LINE
G0 Z5.00               ; PEN UP

G0 X112.090 Y101.133   ; RAPID TO START
G1 Z0.00 F500    ; PEN DOWN
G4 P100           ; DWELL
G1 X113.908 Y100.842 F7200  ; DRAW LINE
G1 X114.746 Y99.875 F7200  ; DRAW LINE
G1 X114.844 Y98.379 F7200  ; DRAW LINE
G1 X113.789 Y97.090 F7200  ; DRAW LINE
G1 X114.258 Y96.738 F7200  ; DRAW LINE
G1 X114.434 Y97.383 F7200  ; DRAW LINE
G1 X116.484 Y97.207 F7200  ; DRAW LINE
G1 X115.781 Y94.863 F7200  ; DRAW LINE
G1 X117.188 Y93.105 F7200  ; DRAW LINE
G1 X117.012 Y92.930 F7200  ; DRAW LINE
G1 X114.668 Y92.930 F7200  ; DRAW LINE
G1 X114.199 Y93.398 F7200  ; DRAW LINE
G1 X113.379 Y92.930 F7200  ; DRAW LINE
G1 X112.207 Y92.813 F7200  ; DRAW LINE
G1 X111.035 Y93.047 F7200  ; DRAW LINE
G1 X109.823 Y94.062 F7200  ; DRAW LINE
G1 X109.570 Y95.918 F7200  ; DRAW LINE
G1 X110.625 Y97.441 F7200  ; DRAW LINE
G1 X110.116 Y98.409 F7200  ; DRAW LINE
G1 X110.093 Y99.506 F7200  ; DRAW LINE
G1 X110.890 Y100.678 F7200  ; DRAW LINE
G1 X112.090 Y101.133 F7200  ; DRAW LINE
G0 Z5.00               ; PEN UP

G0 X111.914 Y100.781   ; RAPID TO START
G1 Z0.00 F500    ; PEN DOWN
G4 P100           ; DWELL
G1 X110.742 Y100.195 F7200  ; DRAW LINE
G1 X110.391 Y99.375 F7200  ; DRAW LINE
G1 X110.508 Y98.145 F7200  ; DRAW LINE
G1 X111.094 Y97.266 F7200  ; DRAW LINE
G1 X109.922 Y95.859 F7200  ; DRAW LINE
G1 X110.070 Y94.225 F7200  ; DRAW LINE
G1 X110.801 Y93.516 F7200  ; DRAW LINE
G1 X111.797 Y93.164 F7200  ; DRAW LINE
G1 X113.232 Y93.193 F7200  ; DRAW LINE
G1 X114.258 Y93.750 F7200  ; DRAW LINE
G1 X114.844 Y93.281 F7200  ; DRAW LINE
G1 X116.602 Y93.281 F7200  ; DRAW LINE
G1 X115.430 Y94.688 F7200  ; DRAW LINE
G1 X116.133 Y97.148 F7200  ; DRAW LINE
G1 X114.609 Y97.031 F7200  ; DRAW LINE
G1 X114.258 Y96.094 F7200  ; DRAW LINE
G1 X113.320 Y97.148 F7200  ; DRAW LINE
G1 X114.497 Y98.433 F7200  ; DRAW LINE
G1 X114.375 Y99.844 F7200  ; DRAW LINE
G1 X113.467 Y100.664 F7200  ; DRAW LINE
G1 X111.914 Y100.781 F7200  ; DRAW LINE
G0 Z5.00               ; PEN UP

G0 X122.402 Y101.133   ; RAPID TO START
G1 Z0.00 F500    ; PEN DOWN
G4 P100           ; DWELL
G1 X123.547 Y101.012 F7200  ; DRAW LINE
G1 X124.695 Y100.472 F7200  ; DRAW LINE
G1 X125.273 Y99.785 F7200  ; DRAW LINE
G1 X125.742 Y98.379 F7200  ; DRAW LINE
G1 X123.574 Y98.203 F7200  ; DRAW LINE
G1 X123.105 Y98.906 F7200  ; DRAW LINE
G1 X122.402 Y99.023 F7200  ; DRAW LINE
G1 X121.992 Y98.730 F7200  ; DRAW LINE
G1 X121.875 Y95.449 F7200  ; DRAW LINE
G1 X122.168 Y95.039 F7200  ; DRAW LINE
G1 X122.871 Y94.922 F7200  ; DRAW LINE
G1 X123.457 Y95.625 F7200  ; DRAW LINE
G1 X125.742 Y95.625 F7200  ; DRAW LINE
G1 X125.577 Y94.590 F7200  ; DRAW LINE
G1 X124.933 Y93.655 F7200  ; DRAW LINE
G1 X123.953 Y93.043 F7200  ; DRAW LINE
G1 X122.603 Y92.811 F7200  ; DRAW LINE
G1 X120.526 Y93.514 F7200  ; DRAW LINE
G1 X119.531 Y95.215 F7200  ; DRAW LINE
G1 X119.531 Y98.730 F7200  ; DRAW LINE
G1 X119.792 Y99.548 F7200  ; DRAW LINE
G1 X120.827 Y100.645 F7200  ; DRAW LINE
G1 X122.402 Y101.133 F7200  ; DRAW LINE
G0 Z5.00               ; PEN UP

G0 X122.109 Y100.781   ; RAPID TO START
G1 Z0.00 F500    ; PEN DOWN
G4 P100           ; DWELL
G1 X120.779 Y100.213 F7200  ; DRAW LINE
G1 X120.000 Y99.188 F7200  ; DRAW LINE
G1 X119.883 Y95.039 F7200  ; DRAW LINE
G1 X120.352 Y94.102 F7200  ; DRAW LINE
G1 X121.055 Y93.516 F7200  ; DRAW LINE
G1 X121.992 Y93.164 F7200  ; DRAW LINE
G1 X123.428 Y93.164 F7200  ; DRAW LINE
G1 X124.833 Y93.956 F7200  ; DRAW LINE
G1 X125.391 Y95.391 F7200  ; DRAW LINE
G1 X123.867 Y95.391 F7200  ; DRAW LINE
G1 X123.252 Y94.704 F7200  ; DRAW LINE
G1 X122.227 Y94.688 F7200  ; DRAW LINE
G1 X121.523 Y95.508 F7200  ; DRAW LINE
G1 X121.523 Y98.438 F7200  ; DRAW LINE
G1 X121.758 Y98.906 F7200  ; DRAW LINE
G1 X122.695 Y99.375 F7200  ; DRAW LINE
G1 X123.398 Y99.141 F7200  ; DRAW LINE
G1 X123.750 Y98.438 F7200  ; DRAW LINE
G1 X125.391 Y98.555 F7200  ; DRAW LINE
G1 X124.883 Y99.779 F7200  ; DRAW LINE
G1 X124.233 Y100.430 F7200  ; DRAW LINE
G1 X122.109 Y100.781 F7200  ; DRAW LINE
G0 Z5.00               ; PEN UP

G0 X128.730 Y101.133   ; RAPID TO START
G1 Z0.00 F500    ; PEN DOWN
G4 P100           ; DWELL
G1 X131.182 Y100.550 F7200  ; DRAW LINE
G1 X131.836 Y99.902 F7200  ; DRAW LINE
G1 X132.305 Y98.613 F7200  ; DRAW LINE
G1 X132.305 Y95.332 F7200  ; DRAW LINE
G1 X132.050 Y94.462 F7200  ; DRAW LINE
G1 X130.944 Y93.248 F7200  ; DRAW LINE
G1 X129.467 Y92.826 F7200  ; DRAW LINE
G1 X128.261 Y92.906 F7200  ; DRAW LINE
G1 X127.078 Y93.422 F7200  ; DRAW LINE
G1 X125.977 Y95.215 F7200  ; DRAW LINE
G1 X126.189 Y99.408 F7200  ; DRAW LINE
G1 X127.113 Y100.536 F7200  ; DRAW LINE
G1 X128.730 Y101.133 F7200  ; DRAW LINE
G0 Z5.00               ; PEN UP

G0 X128.555 Y100.781   ; RAPID TO START
G1 Z0.00 F500    ; PEN DOWN
G4 P100           ; DWELL
G1 X127.130 Y100.097 F7200  ; DRAW LINE
G1 X126.441 Y99.145 F7200  ; DRAW LINE
G1 X126.328 Y95.039 F7200  ; DRAW LINE
G1 X126.797 Y94.102 F7200  ; DRAW LINE
G1 X127.529 Y93.516 F7200  ; DRAW LINE
G1 X128.555 Y93.164 F7200  ; DRAW LINE
G1 X129.990 Y93.164 F7200  ; DRAW LINE
G1 X131.278 Y93.839 F7200  ; DRAW LINE
G1 X131.902 Y94.856 F7200  ; DRAW LINE
G1 X131.953 Y98.789 F7200  ; DRAW LINE
G1 X131.363 Y99.885 F7200  ; DRAW LINE
G1 X130.612 Y100.500 F7200  ; DRAW LINE
G1 X128.555 Y100.781 F7200  ; DRAW LINE
G0 Z5.00               ; PEN UP

G0 X46.289 Y101.016   ; RAPID TO START
G1 Z0.00 F500    ; PEN DOWN
G4 P100           ; DWELL
G1 X51.621 Y101.016 F7200  ; DRAW LINE
G1 X51.680 Y99.023 F7200  ; DRAW LINE
G1 X48.691 Y99.023 F7200  ; DRAW LINE
G1 X48.472 Y98.518 F7200  ; DRAW LINE
G1 X48.691 Y98.086 F7200  ; DRAW LINE
G1 X51.211 Y98.086 F7200  ; DRAW LINE
G1 X51.211 Y96.211 F7200  ; DRAW LINE
G1 X48.516 Y96.094 F7200  ; DRAW LINE
G1 X48.516 Y95.098 F7200  ; DRAW LINE
G1 X51.621 Y95.039 F7200  ; DRAW LINE
G1 X51.621 Y92.930 F7200  ; DRAW LINE
G1 X46.289 Y92.930 F7200  ; DRAW LINE
G1 X46.289 Y101.016 F7200  ; DRAW LINE
G0 Z5.00               ; PEN UP

G0 X46.758 Y100.781   ; RAPID TO START
G1 Z0.00 F500    ; PEN DOWN
G4 P100           ; DWELL
G1 X46.523 Y100.547 F7200  ; DRAW LINE
G1 X46.523 Y93.281 F7200  ; DRAW LINE
G1 X51.445 Y93.281 F7200  ; DRAW LINE
G1 X51.445 Y94.688 F7200  ; DRAW LINE
G1 X48.281 Y94.688 F7200  ; DRAW LINE
G1 X48.281 Y96.445 F7200  ; DRAW LINE
G1 X50.977 Y96.445 F7200  ; DRAW LINE
G1 X50.977 Y97.852 F7200  ; DRAW LINE
G1 X48.281 Y97.852 F7200  ; DRAW LINE
G1 X48.281 Y99.258 F7200  ; DRAW LINE
G1 X51.445 Y99.258 F7200  ; DRAW LINE
G1 X51.445 Y100.547 F7200  ; DRAW LINE
G1 X51.094 Y100.781 F7200  ; DRAW LINE
G1 X46.758 Y100.781 F7200  ; DRAW LINE
G0 Z5.00               ; PEN UP

G0 X52.266 Y101.016   ; RAPID TO START
G1 Z0.00 F500    ; PEN DOWN
G4 P100           ; DWELL
G1 X54.492 Y101.016 F7200  ; DRAW LINE
G1 X54.492 Y95.215 F7200  ; DRAW LINE
G1 X57.598 Y95.039 F7200  ; DRAW LINE
G1 X57.598 Y92.930 F7200  ; DRAW LINE
G1 X52.324 Y92.930 F7200  ; DRAW LINE
G1 X52.266 Y101.016 F7200  ; DRAW LINE
G0 Z5.00               ; PEN UP

G0 X52.734 Y100.781   ; RAPID TO START
G1 Z0.00 F500    ; PEN DOWN
G4 P100           ; DWELL
G1 X52.500 Y100.547 F7200  ; DRAW LINE
G1 X52.500 Y93.281 F7200  ; DRAW LINE
G1 X57.422 Y93.281 F7200  ; DRAW LINE
G1 X57.422 Y94.688 F7200  ; DRAW LINE
G1 X54.258 Y94.805 F7200  ; DRAW LINE
G1 X54.258 Y100.664 F7200  ; DRAW LINE
G1 X52.734 Y100.781 F7200  ; DRAW LINE
G0 Z5.00               ; PEN UP

G0 X58.125 Y101.016   ; RAPID TO START
G1 Z0.00 F500    ; PEN DOWN
G4 P100           ; DWELL
G1 X63.633 Y100.840 F7200  ; DRAW LINE
G1 X63.457 Y99.023 F7200  ; DRAW LINE
G1 X60.527 Y99.023 F7200  ; DRAW LINE
G1 X60.308 Y98.518 F7200  ; DRAW LINE
G1 X60.527 Y98.086 F7200  ; DRAW LINE
G1 X63.164 Y97.910 F7200  ; DRAW LINE
G1 X63.164 Y96.387 F7200  ; DRAW LINE
G1 X62.871 Y96.094 F7200  ; DRAW LINE
G1 X60.352 Y96.094 F7200  ; DRAW LINE
G1 X60.352 Y95.039 F7200  ; DRAW LINE
G1 X63.457 Y95.039 F7200  ; DRAW LINE
G1 X63.457 Y92.930 F7200  ; DRAW LINE
G1 X58.125 Y92.930 F7200  ; DRAW LINE
G1 X58.125 Y101.016 F7200  ; DRAW LINE
G0 Z5.00               ; PEN UP

G0 X59.766 Y100.781   ; RAPID TO START
G1 Z0.00 F500    ; PEN DOWN
G4 P100           ; DWELL
G1 X58.477 Y100.664 F7200  ; DRAW LINE
G1 X58.359 Y93.984 F7200  ; DRAW LINE
G1 X58.594 Y93.281 F7200  ; DRAW LINE
G1 X63.281 Y93.281 F7200  ; DRAW LINE
G1 X63.281 Y94.688 F7200  ; DRAW LINE
G1 X60.117 Y94.688 F7200  ; DRAW LINE
G1 X60.117 Y96.445 F7200  ; DRAW LINE
G1 X62.813 Y96.445 F7200  ; DRAW LINE
G1 X62.695 Y97.852 F7200  ; DRAW LINE
G1 X60.117 Y97.852 F7200  ; DRAW LINE
G1 X60.117 Y99.258 F7200  ; DRAW LINE
G1 X63.281 Y99.258 F7200  ; DRAW LINE
G1 X63.281 Y100.664 F7200  ; DRAW LINE
G1 X59.766 Y100.781 F7200  ; DRAW LINE
G0 Z5.00               ; PEN UP

G0 X70.371 Y101.016   ; RAPID TO START
G1 Z0.00 F500    ; PEN DOWN
G4 P100           ; DWELL
G1 X76.406 Y100.840 F7200  ; DRAW LINE
G1 X76.289 Y99.023 F7200  ; DRAW LINE
G1 X74.414 Y98.848 F7200  ; DRAW LINE
G1 X74.414 Y92.930 F7200  ; DRAW LINE
G1 X72.188 Y92.930 F7200  ; DRAW LINE
G1 X72.188 Y98.848 F7200  ; DRAW LINE
G1 X70.195 Y99.082 F7200  ; DRAW LINE
G1 X70.371 Y101.016 F7200  ; DRAW LINE
G0 Z5.00               ; PEN UP

G0 X70.781 Y100.781   ; RAPID TO START
G1 Z0.00 F500    ; PEN DOWN
G4 P100           ; DWELL
G1 X70.547 Y99.258 F7200  ; DRAW LINE
G1 X72.422 Y99.258 F7200  ; DRAW LINE
G1 X72.422 Y93.281 F7200  ; DRAW LINE
G1 X74.180 Y93.281 F7200  ; DRAW LINE
G1 X74.180 Y99.141 F7200  ; DRAW LINE
G1 X76.055 Y99.258 F7200  ; DRAW LINE
G1 X76.055 Y100.664 F7200  ; DRAW LINE
G1 X70.781 Y100.781 F7200  ; DRAW LINE
G0 Z5.00               ; PEN UP

G0 X77.168 Y101.016   ; RAPID TO START
G1 Z0.00 F500    ; PEN DOWN
G4 P100           ; DWELL
G1 X80.918 Y101.016 F7200  ; DRAW LINE
G1 X81.976 Y100.661 F7200  ; DRAW LINE
G1 X82.853 Y99.880 F7200  ; DRAW LINE
G1 X83.203 Y97.910 F7200  ; DRAW LINE
G1 X82.843 Y96.981 F7200  ; DRAW LINE
G1 X82.031 Y96.152 F7200  ; DRAW LINE
G1 X83.672 Y93.105 F7200  ; DRAW LINE
G1 X83.496 Y92.930 F7200  ; DRAW LINE
G1 X81.152 Y92.930 F7200  ; DRAW LINE
G1 X79.512 Y95.859 F7200  ; DRAW LINE
G1 X79.336 Y93.105 F7200  ; DRAW LINE
G1 X76.992 Y92.930 F7200  ; DRAW LINE
G1 X77.168 Y101.016 F7200  ; DRAW LINE
G0 Z5.00               ; PEN UP

G0 X77.344 Y100.664   ; RAPID TO START
G1 Z0.00 F500    ; PEN DOWN
G4 P100           ; DWELL
G1 X77.344 Y93.281 F7200  ; DRAW LINE
G1 X78.984 Y93.281 F7200  ; DRAW LINE
G1 X78.984 Y96.094 F7200  ; DRAW LINE
G1 X79.922 Y96.094 F7200  ; DRAW LINE
G1 X81.211 Y93.281 F7200  ; DRAW LINE
G1 X83.203 Y93.281 F7200  ; DRAW LINE
G1 X81.680 Y96.328 F7200  ; DRAW LINE
G1 X82.444 Y96.919 F7200  ; DRAW LINE
G1 X82.852 Y97.734 F7200  ; DRAW LINE
G1 X82.609 Y99.601 F7200  ; DRAW LINE
G1 X81.211 Y100.664 F7200  ; DRAW LINE
G1 X77.344 Y100.664 F7200  ; DRAW LINE
G0 Z5.00               ; PEN UP

G0 X84.434 Y101.016   ; RAPID TO START
G1 Z0.00 F500    ; PEN DOWN
G4 P100           ; DWELL
G1 X86.602 Y100.840 F7200  ; DRAW LINE
G1 X86.426 Y92.930 F7200  ; DRAW LINE
G1 X84.258 Y92.988 F7200  ; DRAW LINE
G1 X84.434 Y101.016 F7200  ; DRAW LINE
G0 Z5.00               ; PEN UP

G0 X84.492 Y100.664   ; RAPID TO START
G1 Z0.00 F500    ; PEN DOWN
G4 P100           ; DWELL
G1 X84.492 Y93.281 F7200  ; DRAW LINE
G1 X86.250 Y93.281 F7200  ; DRAW LINE
G1 X86.250 Y100.664 F7200  ; DRAW LINE
G1 X84.492 Y100.664 F7200  ; DRAW LINE
G0 Z5.00               ; PEN UP

G0 X96.270 Y101.016   ; RAPID TO START
G1 Z0.00 F500    ; PEN DOWN
G4 P100           ; DWELL
G1 X98.320 Y100.840 F7200  ; DRAW LINE
G1 X101.133 Y93.105 F7200  ; DRAW LINE
G1 X100.957 Y92.930 F7200  ; DRAW LINE
G1 X98.848 Y92.930 F7200  ; DRAW LINE
G1 X98.320 Y94.102 F7200  ; DRAW LINE
G1 X96.270 Y94.102 F7200  ; DRAW LINE
G1 X95.684 Y92.930 F7200  ; DRAW LINE
G1 X93.574 Y92.930 F7200  ; DRAW LINE
G1 X93.516 Y93.574 F7200  ; DRAW LINE
G1 X96.270 Y101.016 F7200  ; DRAW LINE
G0 Z5.00               ; PEN UP

G0 X96.563 Y100.664   ; RAPID TO START
G1 Z0.00 F500    ; PEN DOWN
G4 P100           ; DWELL
G1 X93.867 Y93.398 F7200  ; DRAW LINE
G1 X95.625 Y93.281 F7200  ; DRAW LINE
G1 X95.977 Y94.336 F7200  ; DRAW LINE
G1 X98.555 Y94.336 F7200  ; DRAW LINE
G1 X99.023 Y93.281 F7200  ; DRAW LINE
G1 X100.664 Y93.281 F7200  ; DRAW LINE
G1 X98.086 Y100.664 F7200  ; DRAW LINE
G1 X96.563 Y100.664 F7200  ; DRAW LINE
G0 Z5.00               ; PEN UP

G0 X101.426 Y101.016   ; RAPID TO START
G1 Z0.00 F500    ; PEN DOWN
G4 P100           ; DWELL
G1 X103.594 Y101.016 F7200  ; DRAW LINE
G1 X103.594 Y95.039 F7200  ; DRAW LINE
G1 X106.699 Y95.039 F7200  ; DRAW LINE
G1 X106.699 Y92.930 F7200  ; DRAW LINE
G1 X101.250 Y93.105 F7200  ; DRAW LINE
G1 X101.426 Y101.016 F7200  ; DRAW LINE
G0 Z5.00               ; PEN UP

G0 X101.602 Y100.664   ; RAPID TO START
G1 Z0.00 F500    ; PEN DOWN
G4 P100           ; DWELL
G1 X101.602 Y93.281 F7200  ; DRAW LINE
G1 X106.523 Y93.281 F7200  ; DRAW LINE
G1 X106.523 Y94.688 F7200  ; DRAW LINE
G1 X103.242 Y94.805 F7200  ; DRAW LINE
G1 X103.242 Y100.664 F7200  ; DRAW LINE
G1 X101.602 Y100.664 F7200  ; DRAW LINE
G0 Z5.00               ; PEN UP

G0 X133.184 Y101.016   ; RAPID TO START
G1 Z0.00 F500    ; PEN DOWN
G4 P100           ; DWELL
G1 X135.176 Y101.016 F7200  ; DRAW LINE
G1 X136.912 Y97.930 F7200  ; DRAW LINE
G1 X138.516 Y101.016 F7200  ; DRAW LINE
G1 X140.742 Y100.840 F7200  ; DRAW LINE
G1 X140.566 Y92.930 F7200  ; DRAW LINE
G1 X138.398 Y93.105 F7200  ; DRAW LINE
G1 X138.340 Y95.742 F7200  ; DRAW LINE
G1 X137.520 Y94.570 F7200  ; DRAW LINE
G1 X136.698 Y94.499 F7200  ; DRAW LINE
G1 X136.025 Y94.763 F7200  ; DRAW LINE
G1 X135.410 Y95.859 F7200  ; DRAW LINE
G1 X135.352 Y93.105 F7200  ; DRAW LINE
G1 X133.008 Y93.105 F7200  ; DRAW LINE
G1 X133.184 Y101.016 F7200  ; DRAW LINE
G0 Z5.00               ; PEN UP

G0 X133.359 Y100.664   ; RAPID TO START
G1 Z0.00 F500    ; PEN DOWN
G4 P100           ; DWELL
G1 X133.359 Y93.281 F7200  ; DRAW LINE
G1 X135.000 Y93.281 F7200  ; DRAW LINE
G1 X135.000 Y96.914 F7200  ; DRAW LINE
G1 X135.234 Y97.031 F7200  ; DRAW LINE
G1 X136.406 Y94.922 F7200  ; DRAW LINE
G1 X137.578 Y94.922 F7200  ; DRAW LINE
G1 X138.750 Y96.914 F7200  ; DRAW LINE
G1 X138.750 Y93.281 F7200  ; DRAW LINE
G1 X140.391 Y93.281 F7200  ; DRAW LINE
G1 X140.391 Y100.664 F7200  ; DRAW LINE
G1 X138.633 Y100.664 F7200  ; DRAW LINE
G1 X137.109 Y97.500 F7200  ; DRAW LINE
G1 X136.758 Y97.383 F7200  ; DRAW LINE
G1 X135.117 Y100.664 F7200  ; DRAW LINE
G1 X133.359 Y100.664 F7200  ; DRAW LINE
G0 Z5.00               ; PEN UP

G0 X141.973 Y101.016   ; RAPID TO START
G1 Z0.00 F500    ; PEN DOWN
G4 P100           ; DWELL
G1 X146.074 Y100.898 F7200  ; DRAW LINE
G1 X147.278 Y100.215 F7200  ; DRAW LINE
G1 X147.960 Y99.105 F7200  ; DRAW LINE
G1 X148.008 Y97.676 F7200  ; DRAW LINE
G1 X147.202 Y96.326 F7200  ; DRAW LINE
G1 X145.993 Y95.681 F7200  ; DRAW LINE
G1 X144.141 Y95.625 F7200  ; DRAW LINE
G1 X143.965 Y92.930 F7200  ; DRAW LINE
G1 X141.797 Y93.105 F7200  ; DRAW LINE
G1 X141.973 Y101.016 F7200  ; DRAW LINE
G0 Z5.00               ; PEN UP

G0 X142.148 Y100.664   ; RAPID TO START
G1 Z0.00 F500    ; PEN DOWN
G4 P100           ; DWELL
G1 X142.148 Y93.281 F7200  ; DRAW LINE
G1 X143.789 Y93.281 F7200  ; DRAW LINE
G1 X143.789 Y95.859 F7200  ; DRAW LINE
G1 X145.459 Y95.859 F7200  ; DRAW LINE
G1 X146.855 Y96.425 F7200  ; DRAW LINE
G1 X147.656 Y97.617 F7200  ; DRAW LINE
G1 X147.628 Y98.911 F7200  ; DRAW LINE
G1 X147.088 Y99.991 F7200  ; DRAW LINE
G1 X146.104 Y100.610 F7200  ; DRAW LINE
G1 X142.148 Y100.664 F7200  ; DRAW LINE
G0 Z5.00               ; PEN UP

G0 X148.301 Y101.016   ; RAPID TO START
G1 Z0.00 F500    ; PEN DOWN
G4 P100           ; DWELL
G1 X150.469 Y101.016 F7200  ; DRAW LINE
G1 X150.469 Y95.684 F7200  ; DRAW LINE
G1 X150.762 Y95.156 F7200  ; DRAW LINE
G1 X151.582 Y94.922 F7200  ; DRAW LINE
G1 X152.227 Y95.684 F7200  ; DRAW LINE
G1 X152.227 Y100.840 F7200  ; DRAW LINE
G1 X154.570 Y100.840 F7200  ; DRAW LINE
G1 X154.570 Y95.215 F7200  ; DRAW LINE
G1 X154.104 Y94.157 F7200  ; DRAW LINE
G1 X153.172 Y93.285 F7200  ; DRAW LINE
G1 X151.113 Y92.813 F7200  ; DRAW LINE
G1 X149.473 Y93.281 F7200  ; DRAW LINE
G1 X148.594 Y94.160 F7200  ; DRAW LINE
G1 X148.125 Y95.449 F7200  ; DRAW LINE
G1 X148.301 Y101.016 F7200  ; DRAW LINE
G0 Z5.00               ; PEN UP

G0 X148.477 Y100.664   ; RAPID TO START
G1 Z0.00 F500    ; PEN DOWN
G4 P100           ; DWELL
G1 X148.477 Y95.273 F7200  ; DRAW LINE
G1 X148.952 Y94.155 F7200  ; DRAW LINE
G1 X150.703 Y93.164 F7200  ; DRAW LINE
G1 X152.344 Y93.281 F7200  ; DRAW LINE
G1 X153.319 Y93.713 F7200  ; DRAW LINE
G1 X154.219 Y95.156 F7200  ; DRAW LINE
G1 X154.219 Y100.664 F7200  ; DRAW LINE
G1 X152.578 Y100.664 F7200  ; DRAW LINE
G1 X152.578 Y95.742 F7200  ; DRAW LINE
G1 X151.875 Y94.688 F7200  ; DRAW LINE
G1 X150.703 Y94.805 F7200  ; DRAW LINE
G1 X150.117 Y95.742 F7200  ; DRAW LINE
G1 X150.117 Y100.664 F7200  ; DRAW LINE
G1 X148.477 Y100.664 F7200  ; DRAW LINE
G0 Z5.00               ; PEN UP

G0 X155.098 Y101.016   ; RAPID TO START
G1 Z0.00 F500    ; PEN DOWN
G4 P100           ; DWELL
G1 X161.133 Y100.840 F7200  ; DRAW LINE
G1 X161.133 Y99.199 F7200  ; DRAW LINE
G1 X159.258 Y98.848 F7200  ; DRAW LINE
G1 X159.082 Y92.930 F7200  ; DRAW LINE
G1 X156.914 Y92.930 F7200  ; DRAW LINE
G1 X156.914 Y98.848 F7200  ; DRAW LINE
G1 X154.922 Y99.199 F7200  ; DRAW LINE
G1 X155.098 Y101.016 F7200  ; DRAW LINE
G0 Z5.00               ; PEN UP

G0 X155.508 Y100.781   ; RAPID TO START
G1 Z0.00 F500    ; PEN DOWN
G4 P100           ; DWELL
G1 X155.273 Y99.258 F7200  ; DRAW LINE
G1 X157.266 Y99.258 F7200  ; DRAW LINE
G1 X157.266 Y93.281 F7200  ; DRAW LINE
G1 X158.906 Y93.281 F7200  ; DRAW LINE
G1 X158.906 Y99.141 F7200  ; DRAW LINE
G1 X160.781 Y99.258 F7200  ; DRAW LINE
G1 X160.781 Y100.664 F7200  ; DRAW LINE
G1 X155.508 Y100.781 F7200  ; DRAW LINE
G0 Z5.00               ; PEN UP

G0 X161.777 Y101.016   ; RAPID TO START
G1 Z0.00 F500    ; PEN DOWN
G4 P100           ; DWELL
G1 X167.109 Y101.016 F7200  ; DRAW LINE
G1 X167.109 Y99.023 F7200  ; DRAW LINE
G1 X163.945 Y98.965 F7200  ; DRAW LINE
G1 X163.945 Y98.086 F7200  ; DRAW LINE
G1 X166.641 Y98.086 F7200  ; DRAW LINE
G1 X166.641 Y96.270 F7200  ; DRAW LINE
G1 X163.945 Y96.094 F7200  ; DRAW LINE
G1 X163.945 Y95.098 F7200  ; DRAW LINE
G1 X167.051 Y95.039 F7200  ; DRAW LINE
G1 X167.051 Y92.930 F7200  ; DRAW LINE
G1 X161.602 Y93.105 F7200  ; DRAW LINE
G1 X161.777 Y101.016 F7200  ; DRAW LINE
G0 Z5.00               ; PEN UP

G0 X161.953 Y100.664   ; RAPID TO START
G1 Z0.00 F500    ; PEN DOWN
G4 P100           ; DWELL
G1 X161.953 Y93.281 F7200  ; DRAW LINE
G1 X166.875 Y93.281 F7200  ; DRAW LINE
G1 X166.875 Y94.688 F7200  ; DRAW LINE
G1 X163.594 Y94.688 F7200  ; DRAW LINE
G1 X163.594 Y96.211 F7200  ; DRAW LINE
G1 X163.828 Y96.445 F7200  ; DRAW LINE
G1 X166.289 Y96.445 F7200  ; DRAW LINE
G1 X166.289 Y97.852 F7200  ; DRAW LINE
G1 X163.594 Y97.852 F7200  ; DRAW LINE
G1 X163.594 Y99.258 F7200  ; DRAW LINE
G1 X166.758 Y99.258 F7200  ; DRAW LINE
G1 X166.875 Y100.547 F7200  ; DRAW LINE
G1 X161.953 Y100.664 F7200  ; DRAW LINE
G0 Z5.00               ; PEN UP

G0 X167.695 Y101.016   ; RAPID TO START
G1 Z0.00 F500    ; PEN DOWN
G4 P100           ; DWELL
G1 X171.621 Y101.016 F7200  ; DRAW LINE
G1 X173.421 Y99.968 F7200  ; DRAW LINE
G1 X173.819 Y99.211 F7200  ; DRAW LINE
G1 X173.906 Y98.027 F7200  ; DRAW LINE
G1 X172.734 Y96.035 F7200  ; DRAW LINE
G1 X174.258 Y92.930 F7200  ; DRAW LINE
G1 X171.855 Y92.930 F7200  ; DRAW LINE
G1 X170.156 Y95.748 F7200  ; DRAW LINE
G1 X169.922 Y92.930 F7200  ; DRAW LINE
G1 X167.754 Y92.930 F7200  ; DRAW LINE
G1 X167.695 Y101.016 F7200  ; DRAW LINE
G0 Z5.00               ; PEN UP

G0 X168.164 Y100.781   ; RAPID TO START
G1 Z0.00 F500    ; PEN DOWN
G4 P100           ; DWELL
G1 X167.930 Y100.547 F7200  ; DRAW LINE
G1 X167.930 Y93.281 F7200  ; DRAW LINE
G1 X169.688 Y93.281 F7200  ; DRAW LINE
G1 X169.688 Y95.977 F7200  ; DRAW LINE
G1 X170.089 Y96.132 F7200  ; DRAW LINE
G1 X170.508 Y96.094 F7200  ; DRAW LINE
G1 X172.031 Y93.281 F7200  ; DRAW LINE
G1 X173.906 Y93.281 F7200  ; DRAW LINE
G1 X172.266 Y96.328 F7200  ; DRAW LINE
G1 X173.086 Y96.914 F7200  ; DRAW LINE
G1 X173.555 Y97.734 F7200  ; DRAW LINE
G1 X173.527 Y98.930 F7200  ; DRAW LINE
G1 X173.109 Y99.839 F7200  ; DRAW LINE
G1 X171.797 Y100.664 F7200  ; DRAW LINE
G1 X168.164 Y100.781 F7200  ; DRAW LINE
G0 Z5.00               ; PEN UP

G0 X4.805 Y99.844   ; RAPID TO START
G1 Z0.00 F500    ; PEN DOWN
G4 P100           ; DWELL
G1 X13.711 Y99.844 F7200  ; DRAW LINE
G1 X13.711 Y90.938 F7200  ; DRAW LINE
G1 X4.805 Y90.938 F7200  ; DRAW LINE
G1 X4.805 Y99.844 F7200  ; DRAW LINE
G0 Z5.00               ; PEN UP

G0 X5.273 Y99.609   ; RAPID TO START
G1 Z0.00 F500    ; PEN DOWN
G4 P100           ; DWELL
G1 X5.039 Y99.375 F7200  ; DRAW LINE
G1 X5.039 Y91.289 F7200  ; DRAW LINE
G1 X13.477 Y91.289 F7200  ; DRAW LINE
G1 X13.359 Y99.609 F7200  ; DRAW LINE
G1 X5.273 Y99.609 F7200  ; DRAW LINE
G0 Z5.00               ; PEN UP

G0 X19.980 Y99.727   ; RAPID TO START
G1 Z0.00 F500    ; PEN DOWN
G4 P100           ; DWELL
G1 X23.672 Y99.609 F7200  ; DRAW LINE
G1 X23.672 Y91.113 F7200  ; DRAW LINE
G1 X14.883 Y91.055 F7200  ; DRAW LINE
G1 X14.883 Y99.609 F7200  ; DRAW LINE
G1 X19.980 Y99.727 F7200  ; DRAW LINE
G0 Z5.00               ; PEN UP

G0 X15.117 Y99.375   ; RAPID TO START
G1 Z0.00 F500    ; PEN DOWN
G4 P100           ; DWELL
G1 X15.234 Y91.289 F7200  ; DRAW LINE
G1 X23.320 Y91.289 F7200  ; DRAW LINE
G1 X23.320 Y99.375 F7200  ; DRAW LINE
G1 X15.117 Y99.375 F7200  ; DRAW LINE
G0 Z5.00               ; PEN UP

G0 X112.324 Y99.609   ; RAPID TO START
G1 Z0.00 F500    ; PEN DOWN
G4 P100           ; DWELL
G1 X112.948 Y99.495 F7200  ; DRAW LINE
G1 X113.107 Y99.033 F7200  ; DRAW LINE
G1 X112.913 Y98.372 F7200  ; DRAW LINE
G1 X112.324 Y98.203 F7200  ; DRAW LINE
G1 X111.897 Y98.901 F7200  ; DRAW LINE
G1 X112.324 Y99.609 F7200  ; DRAW LINE
G0 Z5.00               ; PEN UP

G0 X112.266 Y99.258   ; RAPID TO START
G1 Z0.00 F500    ; PEN DOWN
G4 P100           ; DWELL
G1 X112.500 Y98.672 F7200  ; DRAW LINE
G1 X112.734 Y98.789 F7200  ; DRAW LINE
G1 X112.734 Y99.258 F7200  ; DRAW LINE
G1 X112.266 Y99.258 F7200  ; DRAW LINE
G0 Z5.00               ; PEN UP

G0 X25.078 Y99.375   ; RAPID TO START
G1 Z0.00 F500    ; PEN DOWN
G4 P100           ; DWELL
G1 X33.047 Y99.375 F7200  ; DRAW LINE
G1 X33.047 Y91.406 F7200  ; DRAW LINE
G1 X25.078 Y91.406 F7200  ; DRAW LINE
G1 X25.078 Y99.375 F7200  ; DRAW LINE
G0 Z5.00               ; PEN UP

G0 X25.547 Y99.141   ; RAPID TO START
G1 Z0.00 F500    ; PEN DOWN
G4 P100           ; DWELL
G1 X25.313 Y98.906 F7200  ; DRAW LINE
G1 X25.313 Y91.758 F7200  ; DRAW LINE
G1 X32.695 Y91.641 F7200  ; DRAW LINE
G1 X32.695 Y99.141 F7200  ; DRAW LINE
G1 X25.547 Y99.141 F7200  ; DRAW LINE
G0 Z5.00               ; PEN UP

G0 X78.984 Y99.258   ; RAPID TO START
G1 Z0.00 F500    ; PEN DOWN
G4 P100           ; DWELL
G1 X80.566 Y99.258 F7200  ; DRAW LINE
G1 X81.094 Y98.848 F7200  ; DRAW LINE
G1 X81.211 Y98.262 F7200  ; DRAW LINE
G1 X80.801 Y97.617 F7200  ; DRAW LINE
G1 X78.984 Y97.500 F7200  ; DRAW LINE
G1 X78.984 Y99.258 F7200  ; DRAW LINE
G0 Z5.00               ; PEN UP

G0 X79.336 Y99.023   ; RAPID TO START
G1 Z0.00 F500    ; PEN DOWN
G4 P100           ; DWELL
G1 X79.336 Y97.852 F7200  ; DRAW LINE
G1 X80.625 Y97.852 F7200  ; DRAW LINE
G1 X80.742 Y98.672 F7200  ; DRAW LINE
G1 X79.336 Y99.023 F7200  ; DRAW LINE
G0 Z5.00               ; PEN UP

G0 X128.730 Y99.258   ; RAPID TO START
G1 Z0.00 F500    ; PEN DOWN
G4 P100           ; DWELL
G1 X129.834 Y99.131 F7200  ; DRAW LINE
G1 X130.313 Y98.262 F7200  ; DRAW LINE
G1 X130.313 Y95.566 F7200  ; DRAW LINE
G1 X129.668 Y94.688 F7200  ; DRAW LINE
G1 X129.082 Y94.570 F7200  ; DRAW LINE
G1 X128.369 Y94.836 F7200  ; DRAW LINE
G1 X127.969 Y95.449 F7200  ; DRAW LINE
G1 X127.969 Y98.496 F7200  ; DRAW LINE
G1 X128.730 Y99.258 F7200  ; DRAW LINE
G0 Z5.00               ; PEN UP

G0 X129.023 Y99.023   ; RAPID TO START
G1 Z0.00 F500    ; PEN DOWN
G4 P100           ; DWELL
G1 X128.320 Y98.438 F7200  ; DRAW LINE
G1 X128.320 Y95.391 F7200  ; DRAW LINE
G1 X128.672 Y94.980 F7200  ; DRAW LINE
G1 X129.492 Y94.922 F7200  ; DRAW LINE
G1 X129.961 Y95.508 F7200  ; DRAW LINE
G1 X129.961 Y98.320 F7200  ; DRAW LINE
G1 X129.656 Y98.911 F7200  ; DRAW LINE
G1 X129.023 Y99.023 F7200  ; DRAW LINE
G0 Z5.00               ; PEN UP

G0 X143.789 Y99.258   ; RAPID TO START
G1 Z0.00 F500    ; PEN DOWN
G4 P100           ; DWELL
G1 X145.371 Y99.258 F7200  ; DRAW LINE
G1 X145.898 Y98.730 F7200  ; DRAW LINE
G1 X145.767 Y97.643 F7200  ; DRAW LINE
G1 X143.965 Y97.266 F7200  ; DRAW LINE
G1 X143.789 Y99.258 F7200  ; DRAW LINE
G0 Z5.00               ; PEN UP

G0 X144.141 Y98.906   ; RAPID TO START
G1 Z0.00 F500    ; PEN DOWN
G4 P100           ; DWELL
G1 X144.141 Y97.617 F7200  ; DRAW LINE
G1 X145.598 Y97.847 F7200  ; DRAW LINE
G1 X145.664 Y98.438 F7200  ; DRAW LINE
G1 X145.313 Y98.906 F7200  ; DRAW LINE
G1 X144.141 Y98.906 F7200  ; DRAW LINE
G0 Z5.00               ; PEN UP

G0 X169.688 Y99.258   ; RAPID TO START
G1 Z0.00 F500    ; PEN DOWN
G4 P100           ; DWELL
G1 X171.270 Y99.258 F7200  ; DRAW LINE
G1 X171.680 Y98.965 F7200  ; DRAW LINE
G1 X171.680 Y97.734 F7200  ; DRAW LINE
G1 X169.688 Y97.500 F7200  ; DRAW LINE
G1 X169.688 Y99.258 F7200  ; DRAW LINE
G0 Z5.00               ; PEN UP

G0 X170.156 Y99.023   ; RAPID TO START
G1 Z0.00 F500    ; PEN DOWN
G4 P100           ; DWELL
G1 X169.863 Y98.643 F7200  ; DRAW LINE
G1 X169.922 Y97.969 F7200  ; DRAW LINE
G1 X171.328 Y97.852 F7200  ; DRAW LINE
G1 X171.563 Y98.203 F7200  ; DRAW LINE
G1 X171.369 Y98.760 F7200  ; DRAW LINE
G1 X170.156 Y99.023 F7200  ; DRAW LINE
G0 Z5.00               ; PEN UP

G0 X35.566 Y99.141   ; RAPID TO START
G1 Z0.00 F500    ; PEN DOWN
G4 P100           ; DWELL
G1 X41.594 Y99.099 F7200  ; DRAW LINE
G1 X41.602 Y91.758 F7200  ; DRAW LINE
G1 X34.570 Y91.758 F7200  ; DRAW LINE
G1 X34.570 Y99.023 F7200  ; DRAW LINE
G1 X35.566 Y99.141 F7200  ; DRAW LINE
G0 Z5.00               ; PEN UP

G0 X34.805 Y98.789   ; RAPID TO START
G1 Z0.00 F500    ; PEN DOWN
G4 P100           ; DWELL
G1 X34.805 Y92.227 F7200  ; DRAW LINE
G1 X41.367 Y92.109 F7200  ; DRAW LINE
G1 X41.367 Y98.789 F7200  ; DRAW LINE
G1 X34.805 Y98.789 F7200  ; DRAW LINE
G0 Z5.00               ; PEN UP

G0 X97.207 Y98.086   ; RAPID TO START
G1 Z0.00 F500    ; PEN DOWN
G4 P100           ; DWELL
G1 X97.969 Y95.742 F7200  ; DRAW LINE
G1 X96.445 Y95.918 F7200  ; DRAW LINE
G1 X97.207 Y98.086 F7200  ; DRAW LINE
G0 Z5.00               ; PEN UP

G0 X97.266 Y97.148   ; RAPID TO START
G1 Z0.00 F500    ; PEN DOWN
G4 P100           ; DWELL
G1 X96.914 Y96.094 F7200  ; DRAW LINE
G1 X97.617 Y96.094 F7200  ; DRAW LINE
G1 X97.266 Y97.148 F7200  ; DRAW LINE
G0 Z5.00               ; PEN UP

G0 X111.973 Y96.328   ; RAPID TO START
G1 Z0.00 F500    ; PEN DOWN
G4 P100           ; DWELL
G1 X113.203 Y94.688 F7200  ; DRAW LINE
G1 X112.090 Y94.570 F7200  ; DRAW LINE
G1 X111.563 Y94.980 F7200  ; DRAW LINE
G1 X111.445 Y95.566 F7200  ; DRAW LINE
G1 X111.973 Y96.328 F7200  ; DRAW LINE
G0 Z5.00               ; PEN UP

G0 X112.031 Y95.859   ; RAPID TO START
G1 Z0.00 F500    ; PEN DOWN
G4 P100           ; DWELL
G1 X111.914 Y95.039 F7200  ; DRAW LINE
G1 X112.852 Y94.922 F7200  ; DRAW LINE
G1 X112.031 Y95.859 F7200  ; DRAW LINE
G0 Z5.00               ; PEN UP

G0 X94.512 Y88.477   ; RAPID TO START
G1 Z0.00 F500    ; PEN DOWN
G4 P100           ; DWELL
G1 X95.922 Y88.293 F7200  ; DRAW LINE
G1 X96.983 Y87.760 F7200  ; DRAW LINE
G1 X97.758 Y86.801 F7200  ; DRAW LINE
G1 X97.969 Y85.605 F7200  ; DRAW LINE
G1 X95.801 Y85.430 F7200  ; DRAW LINE
G1 X95.215 Y86.250 F7200  ; DRAW LINE
G1 X94.512 Y86.367 F7200  ; DRAW LINE
G1 X93.984 Y85.957 F7200  ; DRAW LINE
G1 X93.867 Y82.910 F7200  ; DRAW LINE
G1 X94.395 Y82.266 F7200  ; DRAW LINE
G1 X95.218 Y82.263 F7200  ; DRAW LINE
G1 X95.625 Y82.676 F7200  ; DRAW LINE
G1 X95.625 Y83.203 F7200  ; DRAW LINE
G1 X94.570 Y83.203 F7200  ; DRAW LINE
G1 X94.746 Y85.078 F7200  ; DRAW LINE
G1 X98.086 Y84.902 F7200  ; DRAW LINE
G1 X98.086 Y82.793 F7200  ; DRAW LINE
G1 X97.590 Y81.397 F7200  ; DRAW LINE
G1 X96.417 Y80.384 F7200  ; DRAW LINE
G1 X94.927 Y80.046 F7200  ; DRAW LINE
G1 X92.754 Y80.625 F7200  ; DRAW LINE
G1 X91.992 Y81.387 F7200  ; DRAW LINE
G1 X91.523 Y82.441 F7200  ; DRAW LINE
G1 X91.523 Y86.074 F7200  ; DRAW LINE
G1 X91.784 Y86.892 F7200  ; DRAW LINE
G1 X92.843 Y87.989 F7200  ; DRAW LINE
G1 X94.512 Y88.477 F7200  ; DRAW LINE
G0 Z5.00               ; PEN UP

G0 X94.102 Y88.125   ; RAPID TO START
G1 Z0.00 F500    ; PEN DOWN
G4 P100           ; DWELL
G1 X92.813 Y87.539 F7200  ; DRAW LINE
G1 X91.875 Y86.133 F7200  ; DRAW LINE
G1 X91.875 Y82.266 F7200  ; DRAW LINE
G1 X92.498 Y81.216 F7200  ; DRAW LINE
G1 X93.267 Y80.691 F7200  ; DRAW LINE
G1 X94.336 Y80.391 F7200  ; DRAW LINE
G1 X95.771 Y80.479 F7200  ; DRAW LINE
G1 X96.933 Y81.076 F7200  ; DRAW LINE
G1 X97.552 Y81.920 F7200  ; DRAW LINE
G1 X97.734 Y84.727 F7200  ; DRAW LINE
G1 X94.805 Y84.727 F7200  ; DRAW LINE
G1 X94.805 Y83.438 F7200  ; DRAW LINE
G1 X95.977 Y83.438 F7200  ; DRAW LINE
G1 X95.859 Y82.383 F7200  ; DRAW LINE
G1 X95.156 Y81.914 F7200  ; DRAW LINE
G1 X94.219 Y82.031 F7200  ; DRAW LINE
G1 X93.633 Y82.617 F7200  ; DRAW LINE
G1 X93.633 Y85.781 F7200  ; DRAW LINE
G1 X93.867 Y86.367 F7200  ; DRAW LINE
G1 X94.678 Y86.638 F7200  ; DRAW LINE
G1 X95.522 Y86.503 F7200  ; DRAW LINE
G1 X95.977 Y85.781 F7200  ; DRAW LINE
G1 X97.617 Y85.781 F7200  ; DRAW LINE
G1 X97.617 Y86.363 F7200  ; DRAW LINE
G1 X96.366 Y87.816 F7200  ; DRAW LINE
G1 X94.102 Y88.125 F7200  ; DRAW LINE
G0 Z5.00               ; PEN UP

G0 X143.848 Y88.477   ; RAPID TO START
G1 Z0.00 F500    ; PEN DOWN
G4 P100           ; DWELL
G1 X146.401 Y88.077 F7200  ; DRAW LINE
G1 X147.316 Y87.174 F7200  ; DRAW LINE
G1 X147.700 Y86.233 F7200  ; DRAW LINE
G1 X147.773 Y85.547 F7200  ; DRAW LINE
G1 X145.605 Y85.430 F7200  ; DRAW LINE
G1 X144.731 Y86.386 F7200  ; DRAW LINE
G1 X143.789 Y85.957 F7200  ; DRAW LINE
G1 X143.789 Y82.793 F7200  ; DRAW LINE
G1 X144.023 Y82.383 F7200  ; DRAW LINE
G1 X144.902 Y82.266 F7200  ; DRAW LINE
G1 X145.313 Y82.559 F7200  ; DRAW LINE
G1 X145.430 Y83.203 F7200  ; DRAW LINE
G1 X144.375 Y83.203 F7200  ; DRAW LINE
G1 X144.375 Y85.078 F7200  ; DRAW LINE
G1 X147.773 Y85.078 F7200  ; DRAW LINE
G1 X147.555 Y81.898 F7200  ; DRAW LINE
G1 X146.821 Y80.874 F7200  ; DRAW LINE
G1 X145.506 Y80.197 F7200  ; DRAW LINE
G1 X143.848 Y80.156 F7200  ; DRAW LINE
G1 X142.825 Y80.540 F7200  ; DRAW LINE
G1 X141.919 Y81.298 F7200  ; DRAW LINE
G1 X141.394 Y82.577 F7200  ; DRAW LINE
G1 X141.527 Y86.672 F7200  ; DRAW LINE
G1 X142.441 Y87.891 F7200  ; DRAW LINE
G1 X143.848 Y88.477 F7200  ; DRAW LINE
G0 Z5.00               ; PEN UP

G0 X144.258 Y88.242   ; RAPID TO START
G1 Z0.00 F500    ; PEN DOWN
G4 P100           ; DWELL
G1 X142.576 Y87.555 F7200  ; DRAW LINE
G1 X141.873 Y86.655 F7200  ; DRAW LINE
G1 X141.680 Y82.617 F7200  ; DRAW LINE
G1 X142.266 Y81.328 F7200  ; DRAW LINE
G1 X143.789 Y80.508 F7200  ; DRAW LINE
G1 X145.064 Y80.470 F7200  ; DRAW LINE
G1 X146.289 Y80.845 F7200  ; DRAW LINE
G1 X147.159 Y81.708 F7200  ; DRAW LINE
G1 X147.422 Y82.383 F7200  ; DRAW LINE
G1 X147.422 Y84.727 F7200  ; DRAW LINE
G1 X144.727 Y84.727 F7200  ; DRAW LINE
G1 X144.727 Y83.438 F7200  ; DRAW LINE
G1 X145.781 Y83.438 F7200  ; DRAW LINE
G1 X145.547 Y82.266 F7200  ; DRAW LINE
G1 X144.844 Y81.914 F7200  ; DRAW LINE
G1 X144.141 Y82.031 F7200  ; DRAW LINE
G1 X143.438 Y82.734 F7200  ; DRAW LINE
G1 X143.438 Y85.898 F7200  ; DRAW LINE
G1 X144.492 Y86.719 F7200  ; DRAW LINE
G1 X145.195 Y86.602 F7200  ; DRAW LINE
G1 X145.898 Y85.781 F7200  ; DRAW LINE
G1 X147.422 Y85.781 F7200  ; DRAW LINE
G1 X147.086 Y86.864 F7200  ; DRAW LINE
G1 X146.309 Y87.775 F7200  ; DRAW LINE
G1 X144.258 Y88.242 F7200  ; DRAW LINE
G0 Z5.00               ; PEN UP

G0 X77.168 Y88.359   ; RAPID TO START
G1 Z0.00 F500    ; PEN DOWN
G4 P100           ; DWELL
G1 X82.617 Y88.184 F7200  ; DRAW LINE
G1 X82.617 Y86.426 F7200  ; DRAW LINE
G1 X79.336 Y86.191 F7200  ; DRAW LINE
G1 X79.512 Y85.430 F7200  ; DRAW LINE
G1 X81.973 Y85.430 F7200  ; DRAW LINE
G1 X82.148 Y83.613 F7200  ; DRAW LINE
G1 X79.512 Y83.438 F7200  ; DRAW LINE
G1 X79.306 Y82.551 F7200  ; DRAW LINE
G1 X79.395 Y82.266 F7200  ; DRAW LINE
G1 X82.559 Y82.266 F7200  ; DRAW LINE
G1 X82.734 Y80.273 F7200  ; DRAW LINE
G1 X76.992 Y80.273 F7200  ; DRAW LINE
G1 X77.168 Y88.359 F7200  ; DRAW LINE
G0 Z5.00               ; PEN UP

G0 X77.578 Y88.125   ; RAPID TO START
G1 Z0.00 F500    ; PEN DOWN
G4 P100           ; DWELL
G1 X77.344 Y87.891 F7200  ; DRAW LINE
G1 X77.344 Y80.508 F7200  ; DRAW LINE
G1 X82.383 Y80.508 F7200  ; DRAW LINE
G1 X82.383 Y81.914 F7200  ; DRAW LINE
G1 X79.102 Y82.031 F7200  ; DRAW LINE
G1 X79.225 Y83.723 F7200  ; DRAW LINE
G1 X81.797 Y83.789 F7200  ; DRAW LINE
G1 X81.797 Y85.078 F7200  ; DRAW LINE
G1 X79.102 Y85.195 F7200  ; DRAW LINE
G1 X79.102 Y86.602 F7200  ; DRAW LINE
G1 X82.266 Y86.602 F7200  ; DRAW LINE
G1 X82.266 Y88.125 F7200  ; DRAW LINE
G1 X77.578 Y88.125 F7200  ; DRAW LINE
G0 Z5.00               ; PEN UP

G0 X83.730 Y88.359   ; RAPID TO START
G1 Z0.00 F500    ; PEN DOWN
G4 P100           ; DWELL
G1 X85.723 Y88.359 F7200  ; DRAW LINE
G1 X88.184 Y84.727 F7200  ; DRAW LINE
G1 X88.242 Y88.184 F7200  ; DRAW LINE
G1 X90.527 Y88.359 F7200  ; DRAW LINE
G1 X90.703 Y81.152 F7200  ; DRAW LINE
G1 X90.410 Y80.156 F7200  ; DRAW LINE
G1 X88.359 Y80.273 F7200  ; DRAW LINE
G1 X86.074 Y83.672 F7200  ; DRAW LINE
G1 X86.016 Y80.801 F7200  ; DRAW LINE
G1 X85.723 Y80.156 F7200  ; DRAW LINE
G1 X83.555 Y80.332 F7200  ; DRAW LINE
G1 X83.730 Y88.359 F7200  ; DRAW LINE
G0 Z5.00               ; PEN UP

G0 X83.906 Y88.125   ; RAPID TO START
G1 Z0.00 F500    ; PEN DOWN
G4 P100           ; DWELL
G1 X83.906 Y80.508 F7200  ; DRAW LINE
G1 X85.664 Y80.508 F7200  ; DRAW LINE
G1 X85.781 Y84.609 F7200  ; DRAW LINE
G1 X88.711 Y80.508 F7200  ; DRAW LINE
G1 X90.352 Y80.508 F7200  ; DRAW LINE
G1 X90.234 Y88.125 F7200  ; DRAW LINE
G1 X88.594 Y88.125 F7200  ; DRAW LINE
G1 X88.477 Y84.023 F7200  ; DRAW LINE
G1 X87.773 Y84.609 F7200  ; DRAW LINE
G1 X85.430 Y88.125 F7200  ; DRAW LINE
G1 X83.906 Y88.125 F7200  ; DRAW LINE
G0 Z5.00               ; PEN UP

G0 X99.023 Y88.359   ; RAPID TO START
G1 Z0.00 F500    ; PEN DOWN
G4 P100           ; DWELL
G1 X101.367 Y88.184 F7200  ; DRAW LINE
G1 X101.191 Y80.156 F7200  ; DRAW LINE
G1 X99.023 Y80.332 F7200  ; DRAW LINE
G1 X99.023 Y88.359 F7200  ; DRAW LINE
G0 Z5.00               ; PEN UP

G0 X99.492 Y88.125   ; RAPID TO START
G1 Z0.00 F500    ; PEN DOWN
G4 P100           ; DWELL
G1 X99.258 Y87.891 F7200  ; DRAW LINE
G1 X99.258 Y80.508 F7200  ; DRAW LINE
G1 X101.016 Y80.508 F7200  ; DRAW LINE
G1 X101.133 Y87.891 F7200  ; DRAW LINE
G1 X101.016 Y88.125 F7200  ; DRAW LINE
G1 X99.492 Y88.125 F7200  ; DRAW LINE
G0 Z5.00               ; PEN UP

G0 X102.715 Y88.359   ; RAPID TO START
G1 Z0.00 F500    ; PEN DOWN
G4 P100           ; DWELL
G1 X104.590 Y88.359 F7200  ; DRAW LINE
G1 X107.051 Y84.844 F7200  ; DRAW LINE
G1 X107.109 Y88.184 F7200  ; DRAW LINE
G1 X109.570 Y88.184 F7200  ; DRAW LINE
G1 X109.570 Y80.449 F7200  ; DRAW LINE
G1 X109.277 Y80.156 F7200  ; DRAW LINE
G1 X107.520 Y80.156 F7200  ; DRAW LINE
G1 X104.941 Y83.789 F7200  ; DRAW LINE
G1 X104.883 Y80.332 F7200  ; DRAW LINE
G1 X102.539 Y80.332 F7200  ; DRAW LINE
G1 X102.715 Y88.359 F7200  ; DRAW LINE
G0 Z5.00               ; PEN UP

G0 X102.891 Y88.125   ; RAPID TO START
G1 Z0.00 F500    ; PEN DOWN
G4 P100           ; DWELL
G1 X102.891 Y80.508 F7200  ; DRAW LINE
G1 X104.644 Y80.602 F7200  ; DRAW LINE
G1 X104.531 Y84.375 F7200  ; DRAW LINE
G1 X104.766 Y84.609 F7200  ; DRAW LINE
G1 X107.344 Y80.742 F7200  ; DRAW LINE
G1 X109.219 Y80.508 F7200  ; DRAW LINE
G1 X109.102 Y88.125 F7200  ; DRAW LINE
G1 X107.461 Y87.891 F7200  ; DRAW LINE
G1 X107.461 Y84.023 F7200  ; DRAW LINE
G1 X104.414 Y88.125 F7200  ; DRAW LINE
G1 X102.891 Y88.125 F7200  ; DRAW LINE
G0 Z5.00               ; PEN UP

G0 X110.566 Y88.359   ; RAPID TO START
G1 Z0.00 F500    ; PEN DOWN
G4 P100           ; DWELL
G1 X116.016 Y88.184 F7200  ; DRAW LINE
G1 X116.016 Y86.543 F7200  ; DRAW LINE
G1 X115.723 Y86.250 F7200  ; DRAW LINE
G1 X112.793 Y86.250 F7200  ; DRAW LINE
G1 X112.734 Y85.430 F7200  ; DRAW LINE
G1 X115.547 Y85.254 F7200  ; DRAW LINE
G1 X115.547 Y83.613 F7200  ; DRAW LINE
G1 X112.734 Y83.438 F7200  ; DRAW LINE
G1 X112.734 Y82.266 F7200  ; DRAW LINE
G1 X115.957 Y82.266 F7200  ; DRAW LINE
G1 X116.133 Y80.449 F7200  ; DRAW LINE
G1 X115.840 Y80.156 F7200  ; DRAW LINE
G1 X110.391 Y80.332 F7200  ; DRAW LINE
G1 X110.566 Y88.359 F7200  ; DRAW LINE
G0 Z5.00               ; PEN UP

G0 X110.742 Y88.125   ; RAPID TO START
G1 Z0.00 F500    ; PEN DOWN
G4 P100           ; DWELL
G1 X110.742 Y80.508 F7200  ; DRAW LINE
G1 X115.781 Y80.508 F7200  ; DRAW LINE
G1 X115.781 Y81.914 F7200  ; DRAW LINE
G1 X112.500 Y82.031 F7200  ; DRAW LINE
G1 X112.500 Y83.789 F7200  ; DRAW LINE
G1 X115.195 Y83.789 F7200  ; DRAW LINE
G1 X115.195 Y85.195 F7200  ; DRAW LINE
G1 X112.383 Y85.313 F7200  ; DRAW LINE
G1 X112.617 Y86.602 F7200  ; DRAW LINE
G1 X115.664 Y86.602 F7200  ; DRAW LINE
G1 X115.664 Y88.125 F7200  ; DRAW LINE
G1 X110.742 Y88.125 F7200  ; DRAW LINE
G0 Z5.00               ; PEN UP

G0 X116.895 Y88.359   ; RAPID TO START
G1 Z0.00 F500    ; PEN DOWN
G4 P100           ; DWELL
G1 X122.344 Y88.359 F7200  ; DRAW LINE
G1 X122.344 Y86.367 F7200  ; DRAW LINE
G1 X119.063 Y86.191 F7200  ; DRAW LINE
G1 X119.121 Y85.430 F7200  ; DRAW LINE
G1 X121.875 Y85.254 F7200  ; DRAW LINE
G1 X121.875 Y83.613 F7200  ; DRAW LINE
G1 X119.063 Y83.438 F7200  ; DRAW LINE
G1 X119.063 Y82.266 F7200  ; DRAW LINE
G1 X122.285 Y82.266 F7200  ; DRAW LINE
G1 X122.461 Y80.273 F7200  ; DRAW LINE
G1 X116.719 Y80.273 F7200  ; DRAW LINE
G1 X116.895 Y88.359 F7200  ; DRAW LINE
G0 Z5.00               ; PEN UP

G0 X117.305 Y88.125   ; RAPID TO START
G1 Z0.00 F500    ; PEN DOWN
G4 P100           ; DWELL
G1 X117.070 Y87.891 F7200  ; DRAW LINE
G1 X117.070 Y80.508 F7200  ; DRAW LINE
G1 X122.109 Y80.508 F7200  ; DRAW LINE
G1 X122.109 Y82.031 F7200  ; DRAW LINE
G1 X118.711 Y82.148 F7200  ; DRAW LINE
G1 X118.711 Y83.672 F7200  ; DRAW LINE
G1 X121.523 Y83.789 F7200  ; DRAW LINE
G1 X121.406 Y85.195 F7200  ; DRAW LINE
G1 X118.758 Y85.289 F7200  ; DRAW LINE
G1 X118.828 Y86.602 F7200  ; DRAW LINE
G1 X121.992 Y86.602 F7200  ; DRAW LINE
G1 X121.992 Y88.125 F7200  ; DRAW LINE
G1 X117.305 Y88.125 F7200  ; DRAW LINE
G0 Z5.00               ; PEN UP

G0 X123.047 Y88.359   ; RAPID TO START
G1 Z0.00 F500    ; PEN DOWN
G4 P100           ; DWELL
G1 X126.973 Y88.359 F7200  ; DRAW LINE
G1 X127.954 Y88.052 F7200  ; DRAW LINE
G1 X128.828 Y87.331 F7200  ; DRAW LINE
G1 X129.234 Y86.520 F7200  ; DRAW LINE
G1 X129.258 Y85.020 F7200  ; DRAW LINE
G1 X128.818 Y84.111 F7200  ; DRAW LINE
G1 X128.086 Y83.496 F7200  ; DRAW LINE
G1 X129.727 Y80.273 F7200  ; DRAW LINE
G1 X127.207 Y80.273 F7200  ; DRAW LINE
G1 X125.742 Y83.086 F7200  ; DRAW LINE
G1 X125.391 Y83.027 F7200  ; DRAW LINE
G1 X125.391 Y80.449 F7200  ; DRAW LINE
G1 X123.047 Y80.332 F7200  ; DRAW LINE
G1 X123.047 Y88.359 F7200  ; DRAW LINE
G0 Z5.00               ; PEN UP

G0 X123.398 Y88.125   ; RAPID TO START
G1 Z0.00 F500    ; PEN DOWN
G4 P100           ; DWELL
G1 X123.281 Y80.625 F7200  ; DRAW LINE
G1 X125.039 Y80.508 F7200  ; DRAW LINE
G1 X125.039 Y83.203 F7200  ; DRAW LINE
G1 X125.602 Y83.466 F7200  ; DRAW LINE
G1 X125.859 Y83.438 F7200  ; DRAW LINE
G1 X127.266 Y80.625 F7200  ; DRAW LINE
G1 X129.258 Y80.508 F7200  ; DRAW LINE
G1 X127.734 Y83.789 F7200  ; DRAW LINE
G1 X128.433 Y84.123 F7200  ; DRAW LINE
G1 X128.911 Y84.967 F7200  ; DRAW LINE
G1 X128.981 Y86.127 F7200  ; DRAW LINE
G1 X128.644 Y86.971 F7200  ; DRAW LINE
G1 X127.266 Y88.008 F7200  ; DRAW LINE
G1 X123.398 Y88.125 F7200  ; DRAW LINE
G0 Z5.00               ; PEN UP

G0 X130.195 Y88.359   ; RAPID TO START
G1 Z0.00 F500    ; PEN DOWN
G4 P100           ; DWELL
G1 X132.539 Y88.301 F7200  ; DRAW LINE
G1 X132.539 Y80.273 F7200  ; DRAW LINE
G1 X132.246 Y80.156 F7200  ; DRAW LINE
G1 X130.195 Y80.332 F7200  ; DRAW LINE
G1 X130.195 Y88.359 F7200  ; DRAW LINE
G0 Z5.00               ; PEN UP

G0 X130.664 Y88.125   ; RAPID TO START
G1 Z0.00 F500    ; PEN DOWN
G4 P100           ; DWELL
G1 X130.430 Y87.656 F7200  ; DRAW LINE
G1 X130.430 Y80.508 F7200  ; DRAW LINE
G1 X132.305 Y80.508 F7200  ; DRAW LINE
G1 X132.305 Y87.891 F7200  ; DRAW LINE
G1 X132.188 Y88.125 F7200  ; DRAW LINE
G1 X130.664 Y88.125 F7200  ; DRAW LINE
G0 Z5.00               ; PEN UP

G0 X133.887 Y88.359   ; RAPID TO START
G1 Z0.00 F500    ; PEN DOWN
G4 P100           ; DWELL
G1 X135.762 Y88.359 F7200  ; DRAW LINE
G1 X138.223 Y84.844 F7200  ; DRAW LINE
G1 X138.281 Y88.184 F7200  ; DRAW LINE
G1 X140.625 Y88.359 F7200  ; DRAW LINE
G1 X140.625 Y80.273 F7200  ; DRAW LINE
G1 X138.691 Y80.156 F7200  ; DRAW LINE
G1 X136.113 Y83.789 F7200  ; DRAW LINE
G1 X136.055 Y80.449 F7200  ; DRAW LINE
G1 X133.711 Y80.332 F7200  ; DRAW LINE
G1 X133.887 Y88.359 F7200  ; DRAW LINE
G0 Z5.00               ; PEN UP

G0 X134.063 Y88.125   ; RAPID TO START
G1 Z0.00 F500    ; PEN DOWN
G4 P100           ; DWELL
G1 X134.063 Y80.508 F7200  ; DRAW LINE
G1 X135.820 Y80.625 F7200  ; DRAW LINE
G1 X135.703 Y84.492 F7200  ; DRAW LINE
G1 X135.938 Y84.609 F7200  ; DRAW LINE
G1 X138.867 Y80.508 F7200  ; DRAW LINE
G1 X140.391 Y80.508 F7200  ; DRAW LINE
G1 X140.273 Y88.125 F7200  ; DRAW LINE
G1 X138.633 Y88.125 F7200  ; DRAW LINE
G1 X138.516 Y84.023 F7200  ; DRAW LINE
G1 X135.586 Y88.125 F7200  ; DRAW LINE
G1 X134.063 Y88.125 F7200  ; DRAW LINE
G0 Z5.00               ; PEN UP

G0 X4.805 Y87.188   ; RAPID TO START
G1 Z0.00 F500    ; PEN DOWN
G4 P100           ; DWELL
G1 X13.711 Y87.188 F7200  ; DRAW LINE
G1 X13.711 Y78.398 F7200  ; DRAW LINE
G1 X4.805 Y78.398 F7200  ; DRAW LINE
G1 X4.805 Y87.188 F7200  ; DRAW LINE
G0 Z5.00               ; PEN UP

G0 X5.039 Y86.953   ; RAPID TO START
G1 Z0.00 F500    ; PEN DOWN
G4 P100           ; DWELL
G1 X5.039 Y78.633 F7200  ; DRAW LINE
G1 X13.477 Y78.750 F7200  ; DRAW LINE
G1 X13.359 Y86.953 F7200  ; DRAW LINE
G1 X5.039 Y86.953 F7200  ; DRAW LINE
G0 Z5.00               ; PEN UP

G0 X15.410 Y87.070   ; RAPID TO START
G1 Z0.00 F500    ; PEN DOWN
G4 P100           ; DWELL
G1 X23.672 Y86.895 F7200  ; DRAW LINE
G1 X23.672 Y78.398 F7200  ; DRAW LINE
G1 X14.883 Y78.574 F7200  ; DRAW LINE
G1 X14.883 Y86.953 F7200  ; DRAW LINE
G1 X15.410 Y87.070 F7200  ; DRAW LINE
G0 Z5.00               ; PEN UP

G0 X15.234 Y86.719   ; RAPID TO START
G1 Z0.00 F500    ; PEN DOWN
G4 P100           ; DWELL
G1 X15.234 Y78.750 F7200  ; DRAW LINE
G1 X23.438 Y78.750 F7200  ; DRAW LINE
G1 X23.320 Y86.719 F7200  ; DRAW LINE
G1 X15.234 Y86.719 F7200  ; DRAW LINE
G0 Z5.00               ; PEN UP

G0 X25.078 Y86.602   ; RAPID TO START
G1 Z0.00 F500    ; PEN DOWN
G4 P100           ; DWELL
G1 X33.047 Y86.602 F7200  ; DRAW LINE
G1 X32.871 Y78.516 F7200  ; DRAW LINE
G1 X25.078 Y78.691 F7200  ; DRAW LINE
G1 X25.078 Y86.602 F7200  ; DRAW LINE
G0 Z5.00               ; PEN UP

G0 X25.430 Y86.367   ; RAPID TO START
G1 Z0.00 F500    ; PEN DOWN
G4 P100           ; DWELL
G1 X25.430 Y78.867 F7200  ; DRAW LINE
G1 X32.695 Y78.867 F7200  ; DRAW LINE
G1 X32.695 Y86.367 F7200  ; DRAW LINE
G1 X25.430 Y86.367 F7200  ; DRAW LINE
G0 Z5.00               ; PEN UP

G0 X125.039 Y86.602   ; RAPID TO START
G1 Z0.00 F500    ; PEN DOWN
G4 P100           ; DWELL
G1 X126.621 Y86.602 F7200  ; DRAW LINE
G1 X127.148 Y86.191 F7200  ; DRAW LINE
G1 X127.266 Y85.371 F7200  ; DRAW LINE
G1 X126.524 Y84.765 F7200  ; DRAW LINE
G1 X125.215 Y84.727 F7200  ; DRAW LINE
G1 X125.039 Y86.602 F7200  ; DRAW LINE
G0 Z5.00               ; PEN UP

G0 X125.391 Y86.250   ; RAPID TO START
G1 Z0.00 F500    ; PEN DOWN
G4 P100           ; DWELL
G1 X125.391 Y85.078 F7200  ; DRAW LINE
G1 X126.797 Y85.195 F7200  ; DRAW LINE
G1 X126.680 Y86.250 F7200  ; DRAW LINE
G1 X125.391 Y86.250 F7200  ; DRAW LINE
G0 Z5.00               ; PEN UP

G0 X34.570 Y86.250   ; RAPID TO START
G1 Z0.00 F500    ; PEN DOWN
G4 P100           ; DWELL
G1 X41.719 Y86.074 F7200  ; DRAW LINE
G1 X41.543 Y78.867 F7200  ; DRAW LINE
G1 X34.570 Y79.043 F7200  ; DRAW LINE
G1 X34.570 Y86.250 F7200  ; DRAW LINE
G0 Z5.00               ; PEN UP

G0 X35.039 Y85.898   ; RAPID TO START
G1 Z0.00 F500    ; PEN DOWN
G4 P100           ; DWELL
G1 X34.805 Y85.664 F7200  ; DRAW LINE
G1 X34.805 Y79.336 F7200  ; DRAW LINE
G1 X41.367 Y79.219 F7200  ; DRAW LINE
G1 X41.367 Y85.898 F7200  ; DRAW LINE
G1 X35.039 Y85.898 F7200  ; DRAW LINE
G0 Z5.00               ; PEN UP

G0 X78.926 Y70.898   ; RAPID TO START
G1 Z0.00 F500    ; PEN DOWN
G4 P100           ; DWELL
G1 X79.336 Y70.605 F7200  ; DRAW LINE
G1 X79.805 Y69.316 F7200  ; DRAW LINE
G1 X80.508 Y65.918 F7200  ; DRAW LINE
G1 X81.152 Y64.570 F7200  ; DRAW LINE
G1 X81.680 Y64.863 F7200  ; DRAW LINE
G1 X82.559 Y66.211 F7200  ; DRAW LINE
G1 X83.379 Y66.328 F7200  ; DRAW LINE
G1 X83.672 Y66.035 F7200  ; DRAW LINE
G1 X83.848 Y63.750 F7200  ; DRAW LINE
G1 X85.371 Y64.688 F7200  ; DRAW LINE
G1 X85.664 Y64.570 F7200  ; DRAW LINE
G1 X85.898 Y63.633 F7200  ; DRAW LINE
G1 X87.949 Y63.750 F7200  ; DRAW LINE
G1 X90.293 Y63.047 F7200  ; DRAW LINE
G1 X90.996 Y63.398 F7200  ; DRAW LINE
G1 X91.172 Y62.988 F7200  ; DRAW LINE
G1 X89.648 Y60.352 F7200  ; DRAW LINE
G1 X89.063 Y60.469 F7200  ; DRAW LINE
G1 X88.853 Y61.249 F7200  ; DRAW LINE
G1 X87.703 Y61.682 F7200  ; DRAW LINE
G1 X86.191 Y61.641 F7200  ; DRAW LINE
G1 X85.313 Y60.996 F7200  ; DRAW LINE
G1 X85.605 Y60.469 F7200  ; DRAW LINE
G1 X87.422 Y60.117 F7200  ; DRAW LINE
G1 X87.422 Y61.348 F7200  ; DRAW LINE
G1 X87.656 Y61.406 F7200  ; DRAW LINE
G1 X87.539 Y60.176 F7200  ; DRAW LINE
G1 X88.418 Y59.883 F7200  ; DRAW LINE
G1 X88.359 Y61.113 F7200  ; DRAW LINE
G1 X88.711 Y61.172 F7200  ; DRAW LINE
G1 X88.477 Y59.824 F7200  ; DRAW LINE
G1 X89.648 Y58.887 F7200  ; DRAW LINE
G1 X89.766 Y57.363 F7200  ; DRAW LINE
G1 X89.414 Y56.426 F7200  ; DRAW LINE
G1 X88.327 Y55.280 F7200  ; DRAW LINE
G1 X86.426 Y54.492 F7200  ; DRAW LINE
G1 X83.613 Y54.375 F7200  ; DRAW LINE
G1 X81.270 Y55.078 F7200  ; DRAW LINE
G1 X80.801 Y54.844 F7200  ; DRAW LINE
G1 X80.625 Y55.137 F7200  ; DRAW LINE
G1 X82.559 Y58.008 F7200  ; DRAW LINE
G1 X83.086 Y57.832 F7200  ; DRAW LINE
G1 X82.969 Y57.363 F7200  ; DRAW LINE
G1 X83.336 Y56.957 F7200  ; DRAW LINE
G1 X84.416 Y56.490 F7200  ; DRAW LINE
G1 X86.249 Y56.544 F7200  ; DRAW LINE
G1 X87.188 Y57.363 F7200  ; DRAW LINE
G1 X87.070 Y57.656 F7200  ; DRAW LINE
G1 X83.912 Y58.307 F7200  ; DRAW LINE
G1 X82.734 Y59.238 F7200  ; DRAW LINE
G1 X82.617 Y60.879 F7200  ; DRAW LINE
G1 X83.065 Y61.790 F7200  ; DRAW LINE
G1 X84.082 Y62.813 F7200  ; DRAW LINE
G1 X85.664 Y63.574 F7200  ; DRAW LINE
G1 X85.254 Y64.219 F7200  ; DRAW LINE
G1 X84.316 Y63.398 F7200  ; DRAW LINE
G1 X83.730 Y63.281 F7200  ; DRAW LINE
G1 X83.320 Y63.574 F7200  ; DRAW LINE
G1 X83.320 Y65.859 F7200  ; DRAW LINE
G1 X82.643 Y65.708 F7200  ; DRAW LINE
G1 X81.738 Y64.336 F7200  ; DRAW LINE
G1 X80.918 Y64.219 F7200  ; DRAW LINE
G1 X80.039 Y65.918 F7200  ; DRAW LINE
G1 X78.926 Y70.313 F7200  ; DRAW LINE
G1 X77.813 Y68.379 F7200  ; DRAW LINE
G1 X76.523 Y60.176 F7200  ; DRAW LINE
G1 X78.398 Y60.117 F7200  ; DRAW LINE
G1 X79.102 Y62.754 F7200  ; DRAW LINE
G1 X78.633 Y63.047 F7200  ; DRAW LINE
G1 X78.699 Y63.553 F7200  ; DRAW LINE
G1 X82.324 Y63.633 F7200  ; DRAW LINE
G1 X82.500 Y63.340 F7200  ; DRAW LINE
G1 X81.680 Y62.637 F7200  ; DRAW LINE
G1 X79.570 Y55.723 F7200  ; DRAW LINE
G1 X79.570 Y55.020 F7200  ; DRAW LINE
G1 X79.922 Y54.844 F7200  ; DRAW LINE
G1 X79.746 Y54.375 F7200  ; DRAW LINE
G1 X76.348 Y54.375 F7200  ; DRAW LINE
G1 X76.289 Y54.844 F7200  ; DRAW LINE
G1 X76.958 Y55.159 F7200  ; DRAW LINE
G1 X77.695 Y58.008 F7200  ; DRAW LINE
G1 X74.707 Y58.008 F7200  ; DRAW LINE
G1 X74.648 Y56.309 F7200  ; DRAW LINE
G1 X74.355 Y57.422 F7200  ; DRAW LINE
G1 X73.711 Y55.137 F7200  ; DRAW LINE
G1 X73.964 Y54.810 F7200  ; DRAW LINE
G1 X73.770 Y54.375 F7200  ; DRAW LINE
G1 X70.430 Y54.375 F7200  ; DRAW LINE
G1 X70.386 Y54.814 F7200  ; DRAW LINE
G1 X71.133 Y55.254 F7200  ; DRAW LINE
G1 X73.359 Y62.871 F7200  ; DRAW LINE
G1 X72.891 Y63.047 F7200  ; DRAW LINE
G1 X72.823 Y63.445 F7200  ; DRAW LINE
G1 X74.414 Y63.633 F7200  ; DRAW LINE
G1 X74.297 Y68.965 F7200  ; DRAW LINE
G1 X77.461 Y69.141 F7200  ; DRAW LINE
G1 X77.402 Y68.906 F7200  ; DRAW LINE
G1 X74.648 Y68.906 F7200  ; DRAW LINE
G1 X74.648 Y63.633 F7200  ; DRAW LINE
G1 X76.465 Y63.633 F7200  ; DRAW LINE
G1 X77.128 Y65.852 F7200  ; DRAW LINE
G1 X77.578 Y69.199 F7200  ; DRAW LINE
G1 X78.926 Y70.898 F7200  ; DRAW LINE
G0 Z5.00               ; PEN UP

G0 X86.367 Y63.398   ; RAPID TO START
G1 Z0.00 F500    ; PEN DOWN
G4 P100           ; DWELL
G1 X84.750 Y62.808 F7200  ; DRAW LINE
G1 X83.602 Y61.922 F7200  ; DRAW LINE
G1 X82.904 Y60.486 F7200  ; DRAW LINE
G1 X82.969 Y59.414 F7200  ; DRAW LINE
G1 X84.141 Y58.594 F7200  ; DRAW LINE
G1 X87.158 Y57.976 F7200  ; DRAW LINE
G1 X87.422 Y56.953 F7200  ; DRAW LINE
G1 X86.719 Y56.367 F7200  ; DRAW LINE
G1 X84.558 Y56.152 F7200  ; DRAW LINE
G1 X82.972 Y56.795 F7200  ; DRAW LINE
G1 X82.734 Y57.656 F7200  ; DRAW LINE
G1 X81.211 Y55.313 F7200  ; DRAW LINE
G1 X84.375 Y54.609 F7200  ; DRAW LINE
G1 X85.448 Y54.666 F7200  ; DRAW LINE
G1 X87.286 Y55.116 F7200  ; DRAW LINE
G1 X88.711 Y56.016 F7200  ; DRAW LINE
G1 X89.531 Y57.656 F7200  ; DRAW LINE
G1 X89.297 Y58.828 F7200  ; DRAW LINE
G1 X88.242 Y59.648 F7200  ; DRAW LINE
G1 X85.130 Y60.380 F7200  ; DRAW LINE
G1 X84.961 Y61.055 F7200  ; DRAW LINE
G1 X85.678 Y61.786 F7200  ; DRAW LINE
G1 X86.895 Y62.003 F7200  ; DRAW LINE
G1 X88.301 Y61.787 F7200  ; DRAW LINE
G1 X89.531 Y60.938 F7200  ; DRAW LINE
G1 X90.586 Y62.813 F7200  ; DRAW LINE
G1 X88.477 Y63.398 F7200  ; DRAW LINE
G1 X86.367 Y63.398 F7200  ; DRAW LINE
G0 Z5.00               ; PEN UP

G0 X73.594 Y63.281   ; RAPID TO START
G1 Z0.00 F500    ; PEN DOWN
G4 P100           ; DWELL
G1 X73.711 Y62.695 F7200  ; DRAW LINE
G1 X71.133 Y54.727 F7200  ; DRAW LINE
G1 X73.594 Y54.727 F7200  ; DRAW LINE
G1 X73.359 Y54.961 F7200  ; DRAW LINE
G1 X73.542 Y55.973 F7200  ; DRAW LINE
G1 X74.414 Y58.242 F7200  ; DRAW LINE
G1 X78.047 Y58.242 F7200  ; DRAW LINE
G1 X76.992 Y54.727 F7200  ; DRAW LINE
G1 X79.336 Y54.727 F7200  ; DRAW LINE
G1 X79.219 Y55.430 F7200  ; DRAW LINE
G1 X81.797 Y63.281 F7200  ; DRAW LINE
G1 X79.219 Y63.164 F7200  ; DRAW LINE
G1 X79.453 Y62.813 F7200  ; DRAW LINE
G1 X78.633 Y59.883 F7200  ; DRAW LINE
G1 X74.883 Y59.883 F7200  ; DRAW LINE
G1 X75.586 Y62.578 F7200  ; DRAW LINE
G1 X76.055 Y63.164 F7200  ; DRAW LINE
G1 X73.594 Y63.281 F7200  ; DRAW LINE
G0 Z5.00               ; PEN UP

G0 X76.406 Y63.047   ; RAPID TO START
G1 Z0.00 F500    ; PEN DOWN
G4 P100           ; DWELL
G1 X75.820 Y62.344 F7200  ; DRAW LINE
G1 X75.352 Y60.117 F7200  ; DRAW LINE
G1 X76.289 Y60.117 F7200  ; DRAW LINE
G1 X76.406 Y63.047 F7200  ; DRAW LINE
G0 Z5.00               ; PEN UP

G0 X90.703 Y62.930   ; RAPID TO START
G1 Z0.00 F500    ; PEN DOWN
G4 P100           ; DWELL
G1 X90.703 Y62.930 F7200  ; DRAW LINE
G0 Z5.00               ; PEN UP

G0 X100.078 Y70.195   ; RAPID TO START
G1 Z0.00 F500    ; PEN DOWN
G4 P100           ; DWELL
G1 X115.605 Y70.195 F7200  ; DRAW LINE
G1 X115.664 Y63.633 F7200  ; DRAW LINE
G1 X117.832 Y63.633 F7200  ; DRAW LINE
G1 X117.891 Y63.223 F7200  ; DRAW LINE
G1 X117.305 Y62.930 F7200  ; DRAW LINE
G1 X116.602 Y60.293 F7200  ; DRAW LINE
G1 X118.530 Y58.882 F7200  ; DRAW LINE
G1 X119.941 Y58.711 F7200  ; DRAW LINE
G1 X121.758 Y60.938 F7200  ; DRAW LINE
G1 X122.402 Y61.289 F7200  ; DRAW LINE
G1 X122.862 Y61.136 F7200  ; DRAW LINE
G1 X119.988 Y58.195 F7200  ; DRAW LINE
G1 X118.066 Y58.594 F7200  ; DRAW LINE
G1 X116.426 Y59.766 F7200  ; DRAW LINE
G1 X115.547 Y56.602 F7200  ; DRAW LINE
G1 X119.355 Y56.602 F7200  ; DRAW LINE
G1 X120.410 Y57.188 F7200  ; DRAW LINE
G1 X120.586 Y56.777 F7200  ; DRAW LINE
G1 X119.590 Y53.906 F7200  ; DRAW LINE
G1 X118.244 Y54.552 F7200  ; DRAW LINE
G1 X111.680 Y54.492 F7200  ; DRAW LINE
G1 X112.383 Y55.137 F7200  ; DRAW LINE
G1 X114.141 Y60.996 F7200  ; DRAW LINE
G1 X114.492 Y62.871 F7200  ; DRAW LINE
G1 X114.141 Y63.047 F7200  ; DRAW LINE
G1 X114.316 Y63.633 F7200  ; DRAW LINE
G1 X115.547 Y63.691 F7200  ; DRAW LINE
G1 X115.430 Y69.961 F7200  ; DRAW LINE
G1 X100.313 Y69.961 F7200  ; DRAW LINE
G1 X100.313 Y63.691 F7200  ; DRAW LINE
G1 X100.078 Y63.809 F7200  ; DRAW LINE
G1 X100.078 Y70.195 F7200  ; DRAW LINE
G0 Z5.00               ; PEN UP

G0 X114.727 Y63.281   ; RAPID TO START
G1 Z0.00 F500    ; PEN DOWN
G4 P100           ; DWELL
G1 X114.844 Y62.227 F7200  ; DRAW LINE
G1 X112.908 Y55.514 F7200  ; DRAW LINE
G1 X112.383 Y54.727 F7200  ; DRAW LINE
G1 X119.297 Y54.727 F7200  ; DRAW LINE
G1 X119.531 Y54.492 F7200  ; DRAW LINE
G1 X120.234 Y56.719 F7200  ; DRAW LINE
G1 X119.648 Y56.367 F7200  ; DRAW LINE
G1 X115.078 Y56.367 F7200  ; DRAW LINE
G1 X116.714 Y62.385 F7200  ; DRAW LINE
G1 X117.305 Y63.164 F7200  ; DRAW LINE
G1 X114.727 Y63.281 F7200  ; DRAW LINE
G0 Z5.00               ; PEN UP

G0 X74.121 Y70.078   ; RAPID TO START
G1 Z0.00 F500    ; PEN DOWN
G4 P100           ; DWELL
G1 X77.813 Y70.078 F7200  ; DRAW LINE
G1 X77.637 Y69.727 F7200  ; DRAW LINE
G1 X73.594 Y69.551 F7200  ; DRAW LINE
G1 X73.535 Y63.750 F7200  ; DRAW LINE
G1 X73.359 Y69.961 F7200  ; DRAW LINE
G1 X74.121 Y70.078 F7200  ; DRAW LINE
G0 Z5.00               ; PEN UP

G0 X79.863 Y70.078   ; RAPID TO START
G1 Z0.00 F500    ; PEN DOWN
G4 P100           ; DWELL
G1 X88.418 Y70.078 F7200  ; DRAW LINE
G1 X88.594 Y63.809 F7200  ; DRAW LINE
G1 X88.359 Y63.750 F7200  ; DRAW LINE
G1 X88.242 Y69.727 F7200  ; DRAW LINE
G1 X79.863 Y69.727 F7200  ; DRAW LINE
G1 X79.863 Y70.078 F7200  ; DRAW LINE
G0 Z5.00               ; PEN UP

G0 X16.055 Y69.844   ; RAPID TO START
G1 Z0.00 F500    ; PEN DOWN
G4 P100           ; DWELL
G1 X18.223 Y69.844 F7200  ; DRAW LINE
G1 X18.398 Y68.555 F7200  ; DRAW LINE
G1 X16.406 Y68.438 F7200  ; DRAW LINE
G1 X16.406 Y67.617 F7200  ; DRAW LINE
G1 X16.055 Y67.617 F7200  ; DRAW LINE
G1 X16.055 Y69.844 F7200  ; DRAW LINE
G0 Z5.00               ; PEN UP

G0 X16.406 Y69.492   ; RAPID TO START
G1 Z0.00 F500    ; PEN DOWN
G4 P100           ; DWELL
G1 X16.641 Y68.789 F7200  ; DRAW LINE
G1 X18.047 Y68.906 F7200  ; DRAW LINE
G1 X18.047 Y69.492 F7200  ; DRAW LINE
G1 X16.406 Y69.492 F7200  ; DRAW LINE
G0 Z5.00               ; PEN UP

G0 X28.828 Y69.844   ; RAPID TO START
G1 Z0.00 F500    ; PEN DOWN
G4 P100           ; DWELL
G1 X29.297 Y69.785 F7200  ; DRAW LINE
G1 X29.297 Y67.617 F7200  ; DRAW LINE
G1 X28.828 Y67.676 F7200  ; DRAW LINE
G1 X28.828 Y69.844 F7200  ; DRAW LINE
G0 Z5.00               ; PEN UP

G0 X43.887 Y69.844   ; RAPID TO START
G1 Z0.00 F500    ; PEN DOWN
G4 P100           ; DWELL
G1 X45.820 Y69.727 F7200  ; DRAW LINE
G1 X45.938 Y69.023 F7200  ; DRAW LINE
G1 X45.724 Y68.956 F7200  ; DRAW LINE
G1 X45.293 Y69.492 F7200  ; DRAW LINE
G1 X43.945 Y69.492 F7200  ; DRAW LINE
G1 X44.121 Y67.969 F7200  ; DRAW LINE
G1 X45.293 Y67.969 F7200  ; DRAW LINE
G1 X45.724 Y68.505 F7200  ; DRAW LINE
G1 X45.975 Y68.198 F7200  ; DRAW LINE
G1 X45.799 Y67.706 F7200  ; DRAW LINE
G1 X43.770 Y67.617 F7200  ; DRAW LINE
G1 X43.477 Y67.910 F7200  ; DRAW LINE
G1 X43.455 Y69.337 F7200  ; DRAW LINE
G1 X43.887 Y69.844 F7200  ; DRAW LINE
G0 Z5.00               ; PEN UP

G0 X6.445 Y69.727   ; RAPID TO START
G1 Z0.00 F500    ; PEN DOWN
G4 P100           ; DWELL
G1 X8.848 Y69.727 F7200  ; DRAW LINE
G1 X8.906 Y69.375 F7200  ; DRAW LINE
G1 X7.852 Y69.199 F7200  ; DRAW LINE
G1 X7.969 Y67.793 F7200  ; DRAW LINE
G1 X7.500 Y67.617 F7200  ; DRAW LINE
G1 X7.500 Y69.375 F7200  ; DRAW LINE
G1 X6.621 Y69.375 F7200  ; DRAW LINE
G1 X6.445 Y69.727 F7200  ; DRAW LINE
G0 Z5.00               ; PEN UP

G0 X9.434 Y69.492   ; RAPID TO START
G1 Z0.00 F500    ; PEN DOWN
G4 P100           ; DWELL
G1 X9.727 Y69.316 F7200  ; DRAW LINE
G1 X9.727 Y68.789 F7200  ; DRAW LINE
G1 X11.133 Y68.789 F7200  ; DRAW LINE
G1 X11.133 Y69.492 F7200  ; DRAW LINE
G1 X11.426 Y69.492 F7200  ; DRAW LINE
G1 X11.602 Y67.793 F7200  ; DRAW LINE
G1 X11.145 Y67.770 F7200  ; DRAW LINE
G1 X11.133 Y68.438 F7200  ; DRAW LINE
G1 X9.902 Y68.438 F7200  ; DRAW LINE
G1 X9.773 Y67.673 F7200  ; DRAW LINE
G1 X9.375 Y67.617 F7200  ; DRAW LINE
G1 X9.434 Y69.492 F7200  ; DRAW LINE
G0 Z5.00               ; PEN UP

G0 X12.070 Y69.492   ; RAPID TO START
G1 Z0.00 F500    ; PEN DOWN
G4 P100           ; DWELL
G1 X13.887 Y69.492 F7200  ; DRAW LINE
G1 X13.887 Y69.141 F7200  ; DRAW LINE
G1 X12.598 Y69.141 F7200  ; DRAW LINE
G1 X12.480 Y68.789 F7200  ; DRAW LINE
G1 X13.359 Y68.789 F7200  ; DRAW LINE
G1 X13.359 Y68.438 F7200  ; DRAW LINE
G1 X12.422 Y68.262 F7200  ; DRAW LINE
G1 X12.480 Y67.969 F7200  ; DRAW LINE
G1 X14.063 Y67.969 F7200  ; DRAW LINE
G1 X14.063 Y67.617 F7200  ; DRAW LINE
G1 X12.070 Y67.617 F7200  ; DRAW LINE
G1 X12.070 Y69.492 F7200  ; DRAW LINE
G0 Z5.00               ; PEN UP

G0 X19.043 Y69.492   ; RAPID TO START
G1 Z0.00 F500    ; PEN DOWN
G4 P100           ; DWELL
G1 X20.684 Y69.492 F7200  ; DRAW LINE
G1 X21.021 Y68.628 F7200  ; DRAW LINE
G1 X20.391 Y68.262 F7200  ; DRAW LINE
G1 X21.094 Y67.676 F7200  ; DRAW LINE
G1 X20.566 Y67.617 F7200  ; DRAW LINE
G1 X19.746 Y68.320 F7200  ; DRAW LINE
G1 X19.336 Y68.320 F7200  ; DRAW LINE
G1 X19.336 Y67.617 F7200  ; DRAW LINE
G1 X18.905 Y67.703 F7200  ; DRAW LINE
G1 X19.043 Y69.492 F7200  ; DRAW LINE
G0 Z5.00               ; PEN UP

G0 X19.336 Y69.141   ; RAPID TO START
G1 Z0.00 F500    ; PEN DOWN
G4 P100           ; DWELL
G1 X19.336 Y68.672 F7200  ; DRAW LINE
G1 X20.508 Y68.672 F7200  ; DRAW LINE
G1 X20.508 Y69.141 F7200  ; DRAW LINE
G1 X19.336 Y69.141 F7200  ; DRAW LINE
G0 Z5.00               ; PEN UP

G0 X21.855 Y69.492   ; RAPID TO START
G1 Z0.00 F500    ; PEN DOWN
G4 P100           ; DWELL
G1 X23.672 Y69.375 F7200  ; DRAW LINE
G1 X23.496 Y67.617 F7200  ; DRAW LINE
G1 X21.445 Y67.734 F7200  ; DRAW LINE
G1 X21.445 Y69.199 F7200  ; DRAW LINE
G1 X21.855 Y69.492 F7200  ; DRAW LINE
G0 Z5.00               ; PEN UP

G0 X22.031 Y69.141   ; RAPID TO START
G1 Z0.00 F500    ; PEN DOWN
G4 P100           ; DWELL
G1 X21.738 Y68.760 F7200  ; DRAW LINE
G1 X21.797 Y68.086 F7200  ; DRAW LINE
G1 X23.320 Y67.969 F7200  ; DRAW LINE
G1 X23.320 Y69.141 F7200  ; DRAW LINE
G1 X22.031 Y69.141 F7200  ; DRAW LINE
G0 Z5.00               ; PEN UP

G0 X24.258 Y69.492   ; RAPID TO START
G1 Z0.00 F500    ; PEN DOWN
G4 P100           ; DWELL
G1 X26.074 Y69.492 F7200  ; DRAW LINE
G1 X26.133 Y69.141 F7200  ; DRAW LINE
G1 X24.785 Y69.141 F7200  ; DRAW LINE
G1 X24.785 Y68.672 F7200  ; DRAW LINE
G1 X25.547 Y68.496 F7200  ; DRAW LINE
G1 X24.609 Y68.320 F7200  ; DRAW LINE
G1 X24.609 Y67.617 F7200  ; DRAW LINE
G1 X24.258 Y67.617 F7200  ; DRAW LINE
G1 X24.258 Y69.492 F7200  ; DRAW LINE
G0 Z5.00               ; PEN UP

G0 X30.176 Y69.492   ; RAPID TO START
G1 Z0.00 F500    ; PEN DOWN
G4 P100           ; DWELL
G1 X31.816 Y69.492 F7200  ; DRAW LINE
G1 X31.894 Y68.855 F7200  ; DRAW LINE
G1 X31.582 Y69.141 F7200  ; DRAW LINE
G1 X30.352 Y69.141 F7200  ; DRAW LINE
G1 X30.410 Y68.789 F7200  ; DRAW LINE
G1 X31.699 Y68.789 F7200  ; DRAW LINE
G1 X32.109 Y68.496 F7200  ; DRAW LINE
G1 X32.030 Y67.755 F7200  ; DRAW LINE
G1 X30.059 Y67.617 F7200  ; DRAW LINE
G1 X29.883 Y68.086 F7200  ; DRAW LINE
G1 X30.176 Y68.203 F7200  ; DRAW LINE
G1 X30.410 Y67.852 F7200  ; DRAW LINE
G1 X31.641 Y67.969 F7200  ; DRAW LINE
G1 X31.582 Y68.438 F7200  ; DRAW LINE
G1 X29.950 Y68.513 F7200  ; DRAW LINE
G1 X29.883 Y69.199 F7200  ; DRAW LINE
G1 X30.176 Y69.492 F7200  ; DRAW LINE
G0 Z5.00               ; PEN UP

G0 X32.578 Y69.492   ; RAPID TO START
G1 Z0.00 F500    ; PEN DOWN
G4 P100           ; DWELL
G1 X34.277 Y69.492 F7200  ; DRAW LINE
G1 X34.614 Y68.628 F7200  ; DRAW LINE
G1 X33.984 Y68.262 F7200  ; DRAW LINE
G1 X34.688 Y67.676 F7200  ; DRAW LINE
G1 X34.160 Y67.617 F7200  ; DRAW LINE
G1 X33.457 Y68.320 F7200  ; DRAW LINE
G1 X32.930 Y68.320 F7200  ; DRAW LINE
G1 X32.930 Y67.617 F7200  ; DRAW LINE
G1 X32.578 Y67.617 F7200  ; DRAW LINE
G1 X32.578 Y69.492 F7200  ; DRAW LINE
G0 Z5.00               ; PEN UP

G0 X32.930 Y69.141   ; RAPID TO START
G1 Z0.00 F500    ; PEN DOWN
G4 P100           ; DWELL
G1 X32.930 Y68.672 F7200  ; DRAW LINE
G1 X34.219 Y68.672 F7200  ; DRAW LINE
G1 X34.219 Y69.141 F7200  ; DRAW LINE
G1 X32.930 Y69.141 F7200  ; DRAW LINE
G0 Z5.00               ; PEN UP

G0 X35.918 Y69.492   ; RAPID TO START
G1 Z0.00 F500    ; PEN DOWN
G4 P100           ; DWELL
G1 X36.445 Y69.199 F7200  ; DRAW LINE
G1 X37.266 Y67.617 F7200  ; DRAW LINE
G1 X36.504 Y68.086 F7200  ; DRAW LINE
G1 X35.566 Y68.086 F7200  ; DRAW LINE
G1 X35.273 Y67.617 F7200  ; DRAW LINE
G1 X34.807 Y67.610 F7200  ; DRAW LINE
G1 X35.918 Y69.492 F7200  ; DRAW LINE
G0 Z5.00               ; PEN UP

G0 X36.094 Y69.023   ; RAPID TO START
G1 Z0.00 F500    ; PEN DOWN
G4 P100           ; DWELL
G1 X35.742 Y68.320 F7200  ; DRAW LINE
G1 X36.445 Y68.320 F7200  ; DRAW LINE
G1 X36.094 Y69.023 F7200  ; DRAW LINE
G0 Z5.00               ; PEN UP

G0 X37.617 Y69.492   ; RAPID TO START
G1 Z0.00 F500    ; PEN DOWN
G4 P100           ; DWELL
G1 X39.434 Y69.492 F7200  ; DRAW LINE
G1 X39.492 Y69.141 F7200  ; DRAW LINE
G1 X38.027 Y69.141 F7200  ; DRAW LINE
G1 X37.969 Y68.789 F7200  ; DRAW LINE
G1 X38.906 Y68.789 F7200  ; DRAW LINE
G1 X38.906 Y68.438 F7200  ; DRAW LINE
G1 X38.145 Y68.438 F7200  ; DRAW LINE
G1 X37.969 Y67.969 F7200  ; DRAW LINE
G1 X39.551 Y67.969 F7200  ; DRAW LINE
G1 X39.609 Y67.617 F7200  ; DRAW LINE
G1 X37.617 Y67.617 F7200  ; DRAW LINE
G1 X37.617 Y69.492 F7200  ; DRAW LINE
G0 Z5.00               ; PEN UP

G0 X39.961 Y69.492   ; RAPID TO START
G1 Z0.00 F500    ; PEN DOWN
G4 P100           ; DWELL
G1 X40.313 Y69.434 F7200  ; DRAW LINE
G1 X40.313 Y67.969 F7200  ; DRAW LINE
G1 X41.777 Y67.969 F7200  ; DRAW LINE
G1 X41.836 Y67.617 F7200  ; DRAW LINE
G1 X39.961 Y67.617 F7200  ; DRAW LINE
G1 X39.961 Y69.492 F7200  ; DRAW LINE
G0 Z5.00               ; PEN UP

G0 X46.406 Y69.492   ; RAPID TO START
G1 Z0.00 F500    ; PEN DOWN
G4 P100           ; DWELL
G1 X48.105 Y69.492 F7200  ; DRAW LINE
G1 X48.633 Y69.082 F7200  ; DRAW LINE
G1 X48.545 Y67.857 F7200  ; DRAW LINE
G1 X46.582 Y67.617 F7200  ; DRAW LINE
G1 X46.406 Y69.492 F7200  ; DRAW LINE
G0 Z5.00               ; PEN UP

G0 X46.875 Y69.141   ; RAPID TO START
G1 Z0.00 F500    ; PEN DOWN
G4 P100           ; DWELL
G1 X46.875 Y67.969 F7200  ; DRAW LINE
G1 X48.047 Y67.969 F7200  ; DRAW LINE
G1 X48.164 Y69.141 F7200  ; DRAW LINE
G1 X46.875 Y69.141 F7200  ; DRAW LINE
G0 Z5.00               ; PEN UP

G0 X49.102 Y69.492   ; RAPID TO START
G1 Z0.00 F500    ; PEN DOWN
G4 P100           ; DWELL
G1 X50.918 Y69.492 F7200  ; DRAW LINE
G1 X50.918 Y69.141 F7200  ; DRAW LINE
G1 X49.453 Y69.141 F7200  ; DRAW LINE
G1 X49.453 Y68.789 F7200  ; DRAW LINE
G1 X50.391 Y68.789 F7200  ; DRAW LINE
G1 X50.391 Y68.438 F7200  ; DRAW LINE
G1 X49.453 Y68.438 F7200  ; DRAW LINE
G1 X49.453 Y67.969 F7200  ; DRAW LINE
G1 X51.035 Y67.969 F7200  ; DRAW LINE
G1 X51.094 Y67.617 F7200  ; DRAW LINE
G1 X49.102 Y67.617 F7200  ; DRAW LINE
G1 X49.102 Y69.492 F7200  ; DRAW LINE
G0 Z5.00               ; PEN UP

G0 X51.445 Y69.492   ; RAPID TO START
G1 Z0.00 F500    ; PEN DOWN
G4 P100           ; DWELL
G1 X53.438 Y69.375 F7200  ; DRAW LINE
G1 X53.438 Y68.496 F7200  ; DRAW LINE
G1 X52.969 Y68.262 F7200  ; DRAW LINE
G1 X53.496 Y67.617 F7200  ; DRAW LINE
G1 X52.324 Y68.320 F7200  ; DRAW LINE
G1 X51.797 Y68.320 F7200  ; DRAW LINE
G1 X51.797 Y67.617 F7200  ; DRAW LINE
G1 X51.445 Y67.617 F7200  ; DRAW LINE
G1 X51.445 Y69.492 F7200  ; DRAW LINE
G0 Z5.00               ; PEN UP

G0 X51.797 Y69.141   ; RAPID TO START
G1 Z0.00 F500    ; PEN DOWN
G4 P100           ; DWELL
G1 X51.797 Y68.672 F7200  ; DRAW LINE
G1 X53.086 Y68.672 F7200  ; DRAW LINE
G1 X53.086 Y69.141 F7200  ; DRAW LINE
G1 X51.797 Y69.141 F7200  ; DRAW LINE
G0 Z5.00               ; PEN UP

G0 X54.082 Y69.492   ; RAPID TO START
G1 Z0.00 F500    ; PEN DOWN
G4 P100           ; DWELL
G1 X55.723 Y69.492 F7200  ; DRAW LINE
G1 X56.016 Y69.199 F7200  ; DRAW LINE
G1 X56.016 Y67.734 F7200  ; DRAW LINE
G1 X54.082 Y67.617 F7200  ; DRAW LINE
G1 X54.082 Y69.492 F7200  ; DRAW LINE
G0 Z5.00               ; PEN UP

G0 X54.375 Y69.141   ; RAPID TO START
G1 Z0.00 F500    ; PEN DOWN
G4 P100           ; DWELL
G1 X54.492 Y68.789 F7200  ; DRAW LINE
G1 X55.547 Y68.789 F7200  ; DRAW LINE
G1 X55.547 Y69.141 F7200  ; DRAW LINE
G1 X54.375 Y69.141 F7200  ; DRAW LINE
G0 Z5.00               ; PEN UP

G0 X54.375 Y68.438   ; RAPID TO START
G1 Z0.00 F500    ; PEN DOWN
G4 P100           ; DWELL
G1 X54.375 Y67.969 F7200  ; DRAW LINE
G1 X55.547 Y67.969 F7200  ; DRAW LINE
G1 X55.547 Y68.438 F7200  ; DRAW LINE
G1 X54.375 Y68.438 F7200  ; DRAW LINE
G0 Z5.00               ; PEN UP

G0 X57.480 Y69.492   ; RAPID TO START
G1 Z0.00 F500    ; PEN DOWN
G4 P100           ; DWELL
G1 X58.711 Y67.676 F7200  ; DRAW LINE
G1 X58.301 Y67.617 F7200  ; DRAW LINE
G1 X57.715 Y68.086 F7200  ; DRAW LINE
G1 X56.250 Y67.617 F7200  ; DRAW LINE
G1 X57.480 Y69.492 F7200  ; DRAW LINE
G0 Z5.00               ; PEN UP

G0 X57.305 Y69.023   ; RAPID TO START
G1 Z0.00 F500    ; PEN DOWN
G4 P100           ; DWELL
G1 X57.098 Y68.320 F7200  ; DRAW LINE
G1 X57.773 Y68.320 F7200  ; DRAW LINE
G1 X57.305 Y69.023 F7200  ; DRAW LINE
G0 Z5.00               ; PEN UP

G0 X58.945 Y69.492   ; RAPID TO START
G1 Z0.00 F500    ; PEN DOWN
G4 P100           ; DWELL
G1 X59.297 Y69.434 F7200  ; DRAW LINE
G1 X59.297 Y67.969 F7200  ; DRAW LINE
G1 X60.586 Y67.969 F7200  ; DRAW LINE
G1 X60.586 Y69.434 F7200  ; DRAW LINE
G1 X60.938 Y69.492 F7200  ; DRAW LINE
G1 X60.938 Y67.793 F7200  ; DRAW LINE
G1 X59.121 Y67.617 F7200  ; DRAW LINE
G1 X58.945 Y69.492 F7200  ; DRAW LINE
G0 Z5.00               ; PEN UP

G0 X61.406 Y69.492   ; RAPID TO START
G1 Z0.00 F500    ; PEN DOWN
G4 P100           ; DWELL
G1 X61.992 Y69.199 F7200  ; DRAW LINE
G1 X62.461 Y68.438 F7200  ; DRAW LINE
G1 X63.457 Y69.492 F7200  ; DRAW LINE
G1 X63.750 Y69.434 F7200  ; DRAW LINE
G1 X63.750 Y67.617 F7200  ; DRAW LINE
G1 X63.398 Y67.676 F7200  ; DRAW LINE
G1 X63.398 Y68.730 F7200  ; DRAW LINE
G1 X62.695 Y67.852 F7200  ; DRAW LINE
G1 X61.816 Y68.789 F7200  ; DRAW LINE
G1 X61.758 Y67.617 F7200  ; DRAW LINE
G1 X61.406 Y67.676 F7200  ; DRAW LINE
G1 X61.406 Y69.492 F7200  ; DRAW LINE
G0 Z5.00               ; PEN UP

G0 X101.016 Y69.258   ; RAPID TO START
G1 Z0.00 F500    ; PEN DOWN
G4 P100           ; DWELL
G1 X114.609 Y69.199 F7200  ; DRAW LINE
G1 X114.551 Y63.750 F7200  ; DRAW LINE
G1 X114.375 Y69.023 F7200  ; DRAW LINE
G1 X101.250 Y69.023 F7200  ; DRAW LINE
G1 X101.250 Y63.457 F7200  ; DRAW LINE
G1 X102.598 Y62.813 F7200  ; DRAW LINE
G1 X104.238 Y65.391 F7200  ; DRAW LINE
G1 X104.707 Y65.508 F7200  ; DRAW LINE
G1 X105.527 Y64.453 F7200  ; DRAW LINE
G1 X105.996 Y64.453 F7200  ; DRAW LINE
G1 X107.890 Y66.512 F7200  ; DRAW LINE
G1 X108.926 Y66.797 F7200  ; DRAW LINE
G1 X109.219 Y66.387 F7200  ; DRAW LINE
G1 X109.336 Y63.750 F7200  ; DRAW LINE
G1 X110.918 Y63.633 F7200  ; DRAW LINE
G1 X112.090 Y63.164 F7200  ; DRAW LINE
G1 X113.027 Y63.398 F7200  ; DRAW LINE
G1 X113.203 Y63.105 F7200  ; DRAW LINE
G1 X111.621 Y60.586 F7200  ; DRAW LINE
G1 X111.211 Y60.469 F7200  ; DRAW LINE
G1 X110.911 Y61.309 F7200  ; DRAW LINE
G1 X109.465 Y61.746 F7200  ; DRAW LINE
G1 X107.871 Y61.523 F7200  ; DRAW LINE
G1 X107.344 Y60.996 F7200  ; DRAW LINE
G1 X107.520 Y60.586 F7200  ; DRAW LINE
G1 X110.566 Y59.883 F7200  ; DRAW LINE
G1 X111.540 Y59.133 F7200  ; DRAW LINE
G1 X111.821 Y57.821 F7200  ; DRAW LINE
G1 X111.372 Y56.499 F7200  ; DRAW LINE
G1 X109.985 Y55.144 F7200  ; DRAW LINE
G1 X108.195 Y54.497 F7200  ; DRAW LINE
G1 X105.879 Y54.375 F7200  ; DRAW LINE
G1 X103.301 Y55.078 F7200  ; DRAW LINE
G1 X102.949 Y54.844 F7200  ; DRAW LINE
G1 X102.773 Y55.371 F7200  ; DRAW LINE
G1 X104.414 Y58.008 F7200  ; DRAW LINE
G1 X105.081 Y57.891 F7200  ; DRAW LINE
G1 X105.000 Y57.246 F7200  ; DRAW LINE
G1 X105.381 Y56.901 F7200  ; DRAW LINE
G1 X106.756 Y56.459 F7200  ; DRAW LINE
G1 X107.871 Y56.484 F7200  ; DRAW LINE
G1 X108.984 Y56.953 F7200  ; DRAW LINE
G1 X109.102 Y57.480 F7200  ; DRAW LINE
G1 X108.457 Y57.891 F7200  ; DRAW LINE
G1 X105.879 Y58.359 F7200  ; DRAW LINE
G1 X104.883 Y59.121 F7200  ; DRAW LINE
G1 X104.585 Y60.018 F7200  ; DRAW LINE
G1 X104.834 Y61.327 F7200  ; DRAW LINE
G1 X105.814 Y62.561 F7200  ; DRAW LINE
G1 X107.271 Y63.422 F7200  ; DRAW LINE
G1 X108.984 Y63.633 F7200  ; DRAW LINE
G1 X108.750 Y66.445 F7200  ; DRAW LINE
G1 X108.457 Y66.445 F7200  ; DRAW LINE
G1 X106.465 Y64.219 F7200  ; DRAW LINE
G1 X105.645 Y63.984 F7200  ; DRAW LINE
G1 X105.117 Y64.219 F7200  ; DRAW LINE
G1 X104.590 Y65.039 F7200  ; DRAW LINE
G1 X104.180 Y64.746 F7200  ; DRAW LINE
G1 X103.008 Y62.402 F7200  ; DRAW LINE
G1 X103.664 Y60.598 F7200  ; DRAW LINE
G1 X103.162 Y58.041 F7200  ; DRAW LINE
G1 X101.959 Y56.139 F7200  ; DRAW LINE
G1 X100.078 Y54.902 F7200  ; DRAW LINE
G1 X100.430 Y54.844 F7200  ; DRAW LINE
G1 X100.195 Y53.965 F7200  ; DRAW LINE
G1 X100.430 Y53.965 F7200  ; DRAW LINE
G1 X100.547 Y47.695 F7200  ; DRAW LINE
G1 X88.535 Y47.695 F7200  ; DRAW LINE
G1 X88.477 Y49.570 F7200  ; DRAW LINE
G1 X88.711 Y49.512 F7200  ; DRAW LINE
G1 X88.887 Y47.930 F7200  ; DRAW LINE
G1 X100.195 Y47.930 F7200  ; DRAW LINE
G1 X100.137 Y53.906 F7200  ; DRAW LINE
G1 X99.141 Y51.035 F7200  ; DRAW LINE
G1 X98.145 Y49.805 F7200  ; DRAW LINE
G1 X97.207 Y49.688 F7200  ; DRAW LINE
G1 X96.563 Y50.098 F7200  ; DRAW LINE
G1 X95.918 Y51.914 F7200  ; DRAW LINE
G1 X94.512 Y51.680 F7200  ; DRAW LINE
G1 X93.780 Y52.510 F7200  ; DRAW LINE
G1 X91.816 Y50.391 F7200  ; DRAW LINE
G1 X90.645 Y49.805 F7200  ; DRAW LINE
G1 X89.238 Y49.688 F7200  ; DRAW LINE
G1 X86.953 Y50.391 F7200  ; DRAW LINE
G1 X86.250 Y51.855 F7200  ; DRAW LINE
G1 X86.250 Y54.375 F7200  ; DRAW LINE
G1 X86.602 Y54.316 F7200  ; DRAW LINE
G1 X86.836 Y51.504 F7200  ; DRAW LINE
G1 X87.598 Y50.508 F7200  ; DRAW LINE
G1 X88.259 Y50.220 F7200  ; DRAW LINE
G1 X89.709 Y50.088 F7200  ; DRAW LINE
G1 X91.016 Y50.394 F7200  ; DRAW LINE
G1 X93.689 Y52.978 F7200  ; DRAW LINE
G1 X94.253 Y52.804 F7200  ; DRAW LINE
G1 X94.570 Y52.148 F7200  ; DRAW LINE
G1 X96.035 Y52.383 F7200  ; DRAW LINE
G1 X96.563 Y51.855 F7200  ; DRAW LINE
G1 X96.797 Y50.566 F7200  ; DRAW LINE
G1 X97.207 Y50.156 F7200  ; DRAW LINE
G1 X97.676 Y50.039 F7200  ; DRAW LINE
G1 X98.438 Y50.684 F7200  ; DRAW LINE
G1 X100.078 Y54.785 F7200  ; DRAW LINE
G1 X98.613 Y54.492 F7200  ; DRAW LINE
G1 X93.164 Y54.492 F7200  ; DRAW LINE
G1 X93.093 Y54.810 F7200  ; DRAW LINE
G1 X93.867 Y55.254 F7200  ; DRAW LINE
G1 X94.219 Y56.309 F7200  ; DRAW LINE
G1 X96.094 Y62.871 F7200  ; DRAW LINE
G1 X95.625 Y63.047 F7200  ; DRAW LINE
G1 X95.684 Y63.516 F7200  ; DRAW LINE
G1 X101.074 Y63.516 F7200  ; DRAW LINE
G1 X101.016 Y69.258 F7200  ; DRAW LINE
G0 Z5.00               ; PEN UP

G0 X108.516 Y63.398   ; RAPID TO START
G1 Z0.00 F500    ; PEN DOWN
G4 P100           ; DWELL
G1 X106.898 Y62.906 F7200  ; DRAW LINE
G1 X105.708 Y62.081 F7200  ; DRAW LINE
G1 X105.087 Y61.179 F7200  ; DRAW LINE
G1 X104.865 Y59.899 F7200  ; DRAW LINE
G1 X105.234 Y59.063 F7200  ; DRAW LINE
G1 X106.523 Y58.477 F7200  ; DRAW LINE
G1 X108.867 Y58.125 F7200  ; DRAW LINE
G1 X109.453 Y57.539 F7200  ; DRAW LINE
G1 X109.219 Y56.719 F7200  ; DRAW LINE
G1 X107.344 Y56.133 F7200  ; DRAW LINE
G1 X105.703 Y56.367 F7200  ; DRAW LINE
G1 X105.117 Y56.719 F7200  ; DRAW LINE
G1 X104.648 Y57.539 F7200  ; DRAW LINE
G1 X103.242 Y55.313 F7200  ; DRAW LINE
G1 X105.586 Y54.727 F7200  ; DRAW LINE
G1 X107.873 Y54.783 F7200  ; DRAW LINE
G1 X109.673 Y55.327 F7200  ; DRAW LINE
G1 X111.028 Y56.456 F7200  ; DRAW LINE
G1 X111.563 Y57.891 F7200  ; DRAW LINE
G1 X111.328 Y58.828 F7200  ; DRAW LINE
G1 X110.391 Y59.648 F7200  ; DRAW LINE
G1 X107.461 Y60.234 F7200  ; DRAW LINE
G1 X106.992 Y60.586 F7200  ; DRAW LINE
G1 X107.109 Y61.172 F7200  ; DRAW LINE
G1 X107.995 Y61.869 F7200  ; DRAW LINE
G1 X109.377 Y62.010 F7200  ; DRAW LINE
G1 X110.977 Y61.641 F7200  ; DRAW LINE
G1 X111.563 Y60.938 F7200  ; DRAW LINE
G1 X112.734 Y62.930 F7200  ; DRAW LINE
G1 X110.625 Y63.398 F7200  ; DRAW LINE
G1 X108.516 Y63.398 F7200  ; DRAW LINE
G0 Z5.00               ; PEN UP

G0 X96.328 Y63.281   ; RAPID TO START
G1 Z0.00 F500    ; PEN DOWN
G4 P100           ; DWELL
G1 X96.445 Y62.813 F7200  ; DRAW LINE
G1 X93.867 Y54.727 F7200  ; DRAW LINE
G1 X99.023 Y54.844 F7200  ; DRAW LINE
G1 X101.133 Y55.781 F7200  ; DRAW LINE
G1 X102.389 Y57.150 F7200  ; DRAW LINE
G1 X103.158 Y59.006 F7200  ; DRAW LINE
G1 X103.331 Y60.694 F7200  ; DRAW LINE
G1 X102.909 Y62.030 F7200  ; DRAW LINE
G1 X102.182 Y62.773 F7200  ; DRAW LINE
G1 X101.156 Y63.206 F7200  ; DRAW LINE
G1 X96.328 Y63.281 F7200  ; DRAW LINE
G0 Z5.00               ; PEN UP

G0 X78.340 Y69.141   ; RAPID TO START
G1 Z0.00 F500    ; PEN DOWN
G4 P100           ; DWELL
G1 X79.219 Y68.965 F7200  ; DRAW LINE
G1 X78.223 Y68.906 F7200  ; DRAW LINE
G1 X78.340 Y69.141 F7200  ; DRAW LINE
G0 Z5.00               ; PEN UP

G0 X80.039 Y69.141   ; RAPID TO START
G1 Z0.00 F500    ; PEN DOWN
G4 P100           ; DWELL
G1 X87.480 Y69.141 F7200  ; DRAW LINE
G1 X87.656 Y64.043 F7200  ; DRAW LINE
G1 X87.422 Y63.926 F7200  ; DRAW LINE
G1 X87.305 Y68.906 F7200  ; DRAW LINE
G1 X80.098 Y68.906 F7200  ; DRAW LINE
G1 X80.039 Y69.141 F7200  ; DRAW LINE
G0 Z5.00               ; PEN UP

G0 X149.238 Y64.336   ; RAPID TO START
G1 Z0.00 F500    ; PEN DOWN
G4 P100           ; DWELL
G1 X150.234 Y64.336 F7200  ; DRAW LINE
G1 X150.190 Y63.785 F7200  ; DRAW LINE
G1 X150.527 Y63.516 F7200  ; DRAW LINE
G1 X152.813 Y63.516 F7200  ; DRAW LINE
G1 X151.582 Y60.000 F7200  ; DRAW LINE
G1 X149.824 Y60.000 F7200  ; DRAW LINE
G1 X149.414 Y61.172 F7200  ; DRAW LINE
G1 X150.645 Y61.172 F7200  ; DRAW LINE
G1 X151.055 Y62.344 F7200  ; DRAW LINE
G1 X148.828 Y62.344 F7200  ; DRAW LINE
G1 X148.945 Y64.219 F7200  ; DRAW LINE
G1 X149.238 Y64.336 F7200  ; DRAW LINE
G0 Z5.00               ; PEN UP

G0 X149.883 Y64.102   ; RAPID TO START
G1 Z0.00 F500    ; PEN DOWN
G4 P100           ; DWELL
G1 X149.180 Y63.984 F7200  ; DRAW LINE
G1 X149.180 Y62.578 F7200  ; DRAW LINE
G1 X151.406 Y62.578 F7200  ; DRAW LINE
G1 X151.055 Y60.938 F7200  ; DRAW LINE
G1 X149.883 Y60.938 F7200  ; DRAW LINE
G1 X150.000 Y60.352 F7200  ; DRAW LINE
G1 X151.406 Y60.234 F7200  ; DRAW LINE
G1 X152.344 Y63.281 F7200  ; DRAW LINE
G1 X149.883 Y63.281 F7200  ; DRAW LINE
G1 X149.883 Y64.102 F7200  ; DRAW LINE
G0 Z5.00               ; PEN UP

G0 X11.250 Y63.867   ; RAPID TO START
G1 Z0.00 F500    ; PEN DOWN
G4 P100           ; DWELL
G1 X12.422 Y63.867 F7200  ; DRAW LINE
G1 X12.422 Y62.637 F7200  ; DRAW LINE
G1 X13.559 Y62.367 F7200  ; DRAW LINE
G1 X14.414 Y62.578 F7200  ; DRAW LINE
G1 X14.414 Y63.867 F7200  ; DRAW LINE
G1 X15.586 Y63.867 F7200  ; DRAW LINE
G1 X15.586 Y60.059 F7200  ; DRAW LINE
G1 X14.414 Y60.000 F7200  ; DRAW LINE
G1 X14.238 Y61.523 F7200  ; DRAW LINE
G1 X12.422 Y61.523 F7200  ; DRAW LINE
G1 X12.422 Y60.000 F7200  ; DRAW LINE
G1 X11.250 Y60.000 F7200  ; DRAW LINE
G1 X11.250 Y63.867 F7200  ; DRAW LINE
G0 Z5.00               ; PEN UP

G0 X11.484 Y63.633   ; RAPID TO START
G1 Z0.00 F500    ; PEN DOWN
G4 P100           ; DWELL
G1 X11.484 Y60.352 F7200  ; DRAW LINE
G1 X12.188 Y60.352 F7200  ; DRAW LINE
G1 X12.070 Y61.523 F7200  ; DRAW LINE
G1 X12.305 Y61.758 F7200  ; DRAW LINE
G1 X14.648 Y61.758 F7200  ; DRAW LINE
G1 X14.648 Y60.352 F7200  ; DRAW LINE
G1 X15.234 Y60.234 F7200  ; DRAW LINE
G1 X15.234 Y63.633 F7200  ; DRAW LINE
G1 X14.648 Y63.633 F7200  ; DRAW LINE
G1 X14.648 Y62.227 F7200  ; DRAW LINE
G1 X12.240 Y62.250 F7200  ; DRAW LINE
G1 X12.188 Y63.633 F7200  ; DRAW LINE
G1 X11.484 Y63.633 F7200  ; DRAW LINE
G0 Z5.00               ; PEN UP

G0 X27.480 Y63.867   ; RAPID TO START
G1 Z0.00 F500    ; PEN DOWN
G4 P100           ; DWELL
G1 X30.059 Y63.867 F7200  ; DRAW LINE
G1 X30.586 Y63.457 F7200  ; DRAW LINE
G1 X30.703 Y62.695 F7200  ; DRAW LINE
G1 X30.117 Y62.520 F7200  ; DRAW LINE
G1 X30.703 Y62.051 F7200  ; DRAW LINE
G1 X30.703 Y60.410 F7200  ; DRAW LINE
G1 X30.410 Y60.117 F7200  ; DRAW LINE
G1 X27.363 Y60.000 F7200  ; DRAW LINE
G1 X27.030 Y60.244 F7200  ; DRAW LINE
G1 X26.836 Y61.289 F7200  ; DRAW LINE
G1 X27.539 Y61.465 F7200  ; DRAW LINE
G1 X27.070 Y61.699 F7200  ; DRAW LINE
G1 X26.836 Y62.637 F7200  ; DRAW LINE
G1 X26.953 Y63.457 F7200  ; DRAW LINE
G1 X27.480 Y63.867 F7200  ; DRAW LINE
G0 Z5.00               ; PEN UP

G0 X27.656 Y63.633   ; RAPID TO START
G1 Z0.00 F500    ; PEN DOWN
G4 P100           ; DWELL
G1 X27.225 Y63.305 F7200  ; DRAW LINE
G1 X27.188 Y61.992 F7200  ; DRAW LINE
G1 X27.539 Y61.758 F7200  ; DRAW LINE
G1 X29.766 Y61.758 F7200  ; DRAW LINE
G1 X29.912 Y61.025 F7200  ; DRAW LINE
G1 X29.766 Y60.703 F7200  ; DRAW LINE
G1 X27.773 Y60.703 F7200  ; DRAW LINE
G1 X27.319 Y61.111 F7200  ; DRAW LINE
G1 X27.188 Y60.586 F7200  ; DRAW LINE
G1 X27.656 Y60.234 F7200  ; DRAW LINE
G1 X30.247 Y60.313 F7200  ; DRAW LINE
G1 X30.585 Y61.129 F7200  ; DRAW LINE
G1 X30.117 Y62.227 F7200  ; DRAW LINE
G1 X27.773 Y62.227 F7200  ; DRAW LINE
G1 X27.656 Y62.578 F7200  ; DRAW LINE
G1 X27.773 Y63.164 F7200  ; DRAW LINE
G1 X30.352 Y62.930 F7200  ; DRAW LINE
G1 X30.234 Y63.516 F7200  ; DRAW LINE
G1 X27.656 Y63.633 F7200  ; DRAW LINE
G0 Z5.00               ; PEN UP

G0 X28.242 Y62.930   ; RAPID TO START
G1 Z0.00 F500    ; PEN DOWN
G4 P100           ; DWELL
G1 X28.008 Y62.461 F7200  ; DRAW LINE
G1 X29.648 Y62.461 F7200  ; DRAW LINE
G1 X29.531 Y62.930 F7200  ; DRAW LINE
G1 X28.242 Y62.930 F7200  ; DRAW LINE
G0 Z5.00               ; PEN UP

G0 X27.891 Y61.406   ; RAPID TO START
G1 Z0.00 F500    ; PEN DOWN
G4 P100           ; DWELL
G1 X27.891 Y61.055 F7200  ; DRAW LINE
G1 X28.378 Y60.923 F7200  ; DRAW LINE
G1 X29.531 Y60.938 F7200  ; DRAW LINE
G1 X29.648 Y61.172 F7200  ; DRAW LINE
G1 X29.531 Y61.406 F7200  ; DRAW LINE
G1 X27.891 Y61.406 F7200  ; DRAW LINE
G0 Z5.00               ; PEN UP

G0 X46.406 Y63.867   ; RAPID TO START
G1 Z0.00 F500    ; PEN DOWN
G4 P100           ; DWELL
G1 X49.512 Y63.867 F7200  ; DRAW LINE
G1 X50.273 Y63.223 F7200  ; DRAW LINE
G1 X50.391 Y60.879 F7200  ; DRAW LINE
G1 X49.863 Y60.234 F7200  ; DRAW LINE
G1 X49.395 Y60.000 F7200  ; DRAW LINE
G1 X46.406 Y60.000 F7200  ; DRAW LINE
G1 X46.406 Y63.867 F7200  ; DRAW LINE
G0 Z5.00               ; PEN UP

G0 X46.875 Y63.633   ; RAPID TO START
G1 Z0.00 F500    ; PEN DOWN
G4 P100           ; DWELL
G1 X46.641 Y63.398 F7200  ; DRAW LINE
G1 X46.641 Y60.352 F7200  ; DRAW LINE
G1 X49.219 Y60.234 F7200  ; DRAW LINE
G1 X49.922 Y60.586 F7200  ; DRAW LINE
G1 X50.234 Y61.944 F7200  ; DRAW LINE
G1 X49.922 Y63.281 F7200  ; DRAW LINE
G1 X49.336 Y63.633 F7200  ; DRAW LINE
G1 X46.875 Y63.633 F7200  ; DRAW LINE
G0 Z5.00               ; PEN UP

G0 X126.504 Y63.633   ; RAPID TO START
G1 Z0.00 F500    ; PEN DOWN
G4 P100           ; DWELL
G1 X130.605 Y63.633 F7200  ; DRAW LINE
G1 X130.781 Y60.000 F7200  ; DRAW LINE
G1 X129.375 Y60.000 F7200  ; DRAW LINE
G1 X129.375 Y62.344 F7200  ; DRAW LINE
G1 X128.438 Y62.344 F7200  ; DRAW LINE
G1 X128.438 Y60.645 F7200  ; DRAW LINE
G1 X127.910 Y60.000 F7200  ; DRAW LINE
G1 X125.977 Y60.059 F7200  ; DRAW LINE
G1 X126.504 Y61.172 F7200  ; DRAW LINE
G1 X127.031 Y61.172 F7200  ; DRAW LINE
G1 X127.031 Y62.344 F7200  ; DRAW LINE
G1 X126.563 Y62.520 F7200  ; DRAW LINE
G1 X126.504 Y63.633 F7200  ; DRAW LINE
G0 Z5.00               ; PEN UP

G0 X126.797 Y63.281   ; RAPID TO START
G1 Z0.00 F500    ; PEN DOWN
G4 P100           ; DWELL
G1 X126.907 Y62.537 F7200  ; DRAW LINE
G1 X127.383 Y62.578 F7200  ; DRAW LINE
G1 X127.383 Y60.938 F7200  ; DRAW LINE
G1 X126.797 Y60.938 F7200  ; DRAW LINE
G1 X126.445 Y60.234 F7200  ; DRAW LINE
G1 X128.086 Y60.469 F7200  ; DRAW LINE
G1 X128.086 Y62.578 F7200  ; DRAW LINE
G1 X129.727 Y62.578 F7200  ; DRAW LINE
G1 X129.727 Y60.234 F7200  ; DRAW LINE
G1 X130.430 Y60.234 F7200  ; DRAW LINE
G1 X130.430 Y63.281 F7200  ; DRAW LINE
G1 X126.797 Y63.281 F7200  ; DRAW LINE
G0 Z5.00               ; PEN UP

G0 X131.191 Y63.633   ; RAPID TO START
G1 Z0.00 F500    ; PEN DOWN
G4 P100           ; DWELL
G1 X132.539 Y63.457 F7200  ; DRAW LINE
G1 X132.598 Y60.352 F7200  ; DRAW LINE
G1 X133.066 Y61.172 F7200  ; DRAW LINE
G1 X135.117 Y61.348 F7200  ; DRAW LINE
G1 X135.117 Y62.344 F7200  ; DRAW LINE
G1 X133.184 Y62.344 F7200  ; DRAW LINE
G1 X132.656 Y63.457 F7200  ; DRAW LINE
G1 X132.832 Y63.633 F7200  ; DRAW LINE
G1 X140.156 Y63.457 F7200  ; DRAW LINE
G1 X140.002 Y60.196 F7200  ; DRAW LINE
G1 X140.566 Y61.172 F7200  ; DRAW LINE
G1 X141.217 Y61.287 F7200  ; DRAW LINE
G1 X140.977 Y62.344 F7200  ; DRAW LINE
G1 X140.156 Y62.520 F7200  ; DRAW LINE
G1 X140.391 Y63.516 F7200  ; DRAW LINE
G1 X142.148 Y63.516 F7200  ; DRAW LINE
G1 X142.500 Y61.172 F7200  ; DRAW LINE
G1 X142.733 Y61.115 F7200  ; DRAW LINE
G1 X143.086 Y62.344 F7200  ; DRAW LINE
G1 X142.500 Y62.637 F7200  ; DRAW LINE
G1 X142.910 Y63.633 F7200  ; DRAW LINE
G1 X148.711 Y63.516 F7200  ; DRAW LINE
G1 X148.711 Y61.113 F7200  ; DRAW LINE
G1 X148.066 Y60.000 F7200  ; DRAW LINE
G1 X146.016 Y60.000 F7200  ; DRAW LINE
G1 X145.957 Y60.352 F7200  ; DRAW LINE
G1 X145.723 Y60.000 F7200  ; DRAW LINE
G1 X144.551 Y59.883 F7200  ; DRAW LINE
G1 X144.375 Y60.176 F7200  ; DRAW LINE
G1 X144.961 Y62.285 F7200  ; DRAW LINE
G1 X144.668 Y62.695 F7200  ; DRAW LINE
G1 X143.730 Y60.000 F7200  ; DRAW LINE
G1 X138.633 Y60.000 F7200  ; DRAW LINE
G1 X138.576 Y62.272 F7200  ; DRAW LINE
G1 X136.758 Y62.344 F7200  ; DRAW LINE
G1 X136.465 Y63.047 F7200  ; DRAW LINE
G1 X136.406 Y60.527 F7200  ; DRAW LINE
G1 X136.113 Y60.117 F7200  ; DRAW LINE
G1 X131.133 Y60.000 F7200  ; DRAW LINE
G1 X131.191 Y63.633 F7200  ; DRAW LINE
G0 Z5.00               ; PEN UP

G0 X131.250 Y63.281   ; RAPID TO START
G1 Z0.00 F500    ; PEN DOWN
G4 P100           ; DWELL
G1 X131.367 Y60.352 F7200  ; DRAW LINE
G1 X132.305 Y60.234 F7200  ; DRAW LINE
G1 X132.188 Y63.281 F7200  ; DRAW LINE
G1 X131.250 Y63.281 F7200  ; DRAW LINE
G0 Z5.00               ; PEN UP

G0 X133.125 Y63.281   ; RAPID TO START
G1 Z0.00 F500    ; PEN DOWN
G4 P100           ; DWELL
G1 X133.477 Y62.578 F7200  ; DRAW LINE
G1 X135.352 Y62.578 F7200  ; DRAW LINE
G1 X135.352 Y60.938 F7200  ; DRAW LINE
G1 X133.125 Y60.938 F7200  ; DRAW LINE
G1 X133.008 Y60.234 F7200  ; DRAW LINE
G1 X135.938 Y60.352 F7200  ; DRAW LINE
G1 X136.172 Y60.703 F7200  ; DRAW LINE
G1 X136.172 Y63.281 F7200  ; DRAW LINE
G1 X133.125 Y63.281 F7200  ; DRAW LINE
G0 Z5.00               ; PEN UP

G0 X136.758 Y63.281   ; RAPID TO START
G1 Z0.00 F500    ; PEN DOWN
G4 P100           ; DWELL
G1 X137.109 Y62.578 F7200  ; DRAW LINE
G1 X138.867 Y62.578 F7200  ; DRAW LINE
G1 X138.867 Y60.234 F7200  ; DRAW LINE
G1 X139.688 Y60.234 F7200  ; DRAW LINE
G1 X139.688 Y63.281 F7200  ; DRAW LINE
G1 X136.758 Y63.281 F7200  ; DRAW LINE
G0 Z5.00               ; PEN UP

G0 X140.859 Y63.281   ; RAPID TO START
G1 Z0.00 F500    ; PEN DOWN
G4 P100           ; DWELL
G1 X140.515 Y62.631 F7200  ; DRAW LINE
G1 X141.211 Y62.578 F7200  ; DRAW LINE
G1 X141.563 Y60.938 F7200  ; DRAW LINE
G1 X140.859 Y60.938 F7200  ; DRAW LINE
G1 X140.391 Y60.234 F7200  ; DRAW LINE
G1 X143.555 Y60.234 F7200  ; DRAW LINE
G1 X144.492 Y63.281 F7200  ; DRAW LINE
G1 X143.203 Y63.281 F7200  ; DRAW LINE
G1 X142.852 Y62.695 F7200  ; DRAW LINE
G1 X143.555 Y62.461 F7200  ; DRAW LINE
G1 X143.086 Y60.938 F7200  ; DRAW LINE
G1 X142.266 Y60.938 F7200  ; DRAW LINE
G1 X141.797 Y63.206 F7200  ; DRAW LINE
G1 X140.859 Y63.281 F7200  ; DRAW LINE
G0 Z5.00               ; PEN UP

G0 X144.844 Y63.281   ; RAPID TO START
G1 Z0.00 F500    ; PEN DOWN
G4 P100           ; DWELL
G1 X144.961 Y62.681 F7200  ; DRAW LINE
G1 X145.313 Y62.695 F7200  ; DRAW LINE
G1 X144.844 Y60.234 F7200  ; DRAW LINE
G1 X145.547 Y60.234 F7200  ; DRAW LINE
G1 X146.133 Y62.578 F7200  ; DRAW LINE
G1 X147.539 Y62.578 F7200  ; DRAW LINE
G1 X147.539 Y60.938 F7200  ; DRAW LINE
G1 X146.133 Y60.820 F7200  ; DRAW LINE
G1 X146.250 Y60.234 F7200  ; DRAW LINE
G1 X148.008 Y60.234 F7200  ; DRAW LINE
G1 X148.359 Y60.586 F7200  ; DRAW LINE
G1 X148.359 Y63.281 F7200  ; DRAW LINE
G1 X144.844 Y63.281 F7200  ; DRAW LINE
G0 Z5.00               ; PEN UP

G0 X146.719 Y62.344   ; RAPID TO START
G1 Z0.00 F500    ; PEN DOWN
G4 P100           ; DWELL
G1 X146.367 Y62.227 F7200  ; DRAW LINE
G1 X146.250 Y61.172 F7200  ; DRAW LINE
G1 X147.305 Y61.172 F7200  ; DRAW LINE
G1 X147.278 Y62.175 F7200  ; DRAW LINE
G1 X146.719 Y62.344 F7200  ; DRAW LINE
G0 Z5.00               ; PEN UP

G0 X154.102 Y63.516   ; RAPID TO START
G1 Z0.00 F500    ; PEN DOWN
G4 P100           ; DWELL
G1 X165.996 Y63.516 F7200  ; DRAW LINE
G1 X166.055 Y61.230 F7200  ; DRAW LINE
G1 X166.348 Y61.055 F7200  ; DRAW LINE
G1 X167.227 Y61.172 F7200  ; DRAW LINE
G1 X167.109 Y62.227 F7200  ; DRAW LINE
G1 X166.289 Y62.344 F7200  ; DRAW LINE
G1 X166.523 Y63.516 F7200  ; DRAW LINE
G1 X168.281 Y63.516 F7200  ; DRAW LINE
G1 X168.516 Y62.754 F7200  ; DRAW LINE
G1 X168.750 Y63.516 F7200  ; DRAW LINE
G1 X174.727 Y63.516 F7200  ; DRAW LINE
G1 X174.727 Y60.527 F7200  ; DRAW LINE
G1 X174.082 Y59.883 F7200  ; DRAW LINE
G1 X172.148 Y59.883 F7200  ; DRAW LINE
G1 X172.047 Y60.262 F7200  ; DRAW LINE
G1 X171.738 Y59.883 F7200  ; DRAW LINE
G1 X170.566 Y59.883 F7200  ; DRAW LINE
G1 X170.391 Y60.059 F7200  ; DRAW LINE
G1 X170.977 Y62.344 F7200  ; DRAW LINE
G1 X170.684 Y62.461 F7200  ; DRAW LINE
G1 X170.156 Y60.527 F7200  ; DRAW LINE
G1 X169.512 Y59.883 F7200  ; DRAW LINE
G1 X162.129 Y59.883 F7200  ; DRAW LINE
G1 X162.715 Y61.172 F7200  ; DRAW LINE
G1 X164.648 Y61.172 F7200  ; DRAW LINE
G1 X164.648 Y62.227 F7200  ; DRAW LINE
G1 X162.832 Y62.227 F7200  ; DRAW LINE
G1 X162.487 Y62.728 F7200  ; DRAW LINE
G1 X162.422 Y62.402 F7200  ; DRAW LINE
G1 X161.602 Y62.051 F7200  ; DRAW LINE
G1 X161.602 Y59.883 F7200  ; DRAW LINE
G1 X160.313 Y59.883 F7200  ; DRAW LINE
G1 X160.313 Y62.051 F7200  ; DRAW LINE
G1 X158.730 Y62.227 F7200  ; DRAW LINE
G1 X158.262 Y63.398 F7200  ; DRAW LINE
G1 X158.203 Y59.883 F7200  ; DRAW LINE
G1 X156.914 Y59.883 F7200  ; DRAW LINE
G1 X156.914 Y62.051 F7200  ; DRAW LINE
G1 X154.453 Y62.344 F7200  ; DRAW LINE
G1 X154.102 Y63.516 F7200  ; DRAW LINE
G0 Z5.00               ; PEN UP

G0 X162.891 Y63.281   ; RAPID TO START
G1 Z0.00 F500    ; PEN DOWN
G4 P100           ; DWELL
G1 X163.125 Y62.578 F7200  ; DRAW LINE
G1 X165.000 Y62.578 F7200  ; DRAW LINE
G1 X165.000 Y60.820 F7200  ; DRAW LINE
G1 X162.773 Y60.820 F7200  ; DRAW LINE
G1 X162.539 Y60.234 F7200  ; DRAW LINE
G1 X166.055 Y60.117 F7200  ; DRAW LINE
G1 X166.289 Y60.820 F7200  ; DRAW LINE
G1 X165.703 Y60.820 F7200  ; DRAW LINE
G1 X165.727 Y63.234 F7200  ; DRAW LINE
G1 X162.891 Y63.281 F7200  ; DRAW LINE
G0 Z5.00               ; PEN UP

G0 X167.109 Y63.281   ; RAPID TO START
G1 Z0.00 F500    ; PEN DOWN
G4 P100           ; DWELL
G1 X166.523 Y62.578 F7200  ; DRAW LINE
G1 X167.344 Y62.578 F7200  ; DRAW LINE
G1 X167.578 Y60.820 F7200  ; DRAW LINE
G1 X166.758 Y60.820 F7200  ; DRAW LINE
G1 X166.523 Y60.117 F7200  ; DRAW LINE
G1 X169.570 Y60.234 F7200  ; DRAW LINE
G1 X170.508 Y63.281 F7200  ; DRAW LINE
G1 X168.984 Y63.164 F7200  ; DRAW LINE
G1 X168.930 Y62.537 F7200  ; DRAW LINE
G1 X169.570 Y62.578 F7200  ; DRAW LINE
G1 X168.864 Y60.743 F7200  ; DRAW LINE
G1 X168.227 Y61.365 F7200  ; DRAW LINE
G1 X167.995 Y63.134 F7200  ; DRAW LINE
G1 X167.109 Y63.281 F7200  ; DRAW LINE
G0 Z5.00               ; PEN UP

G0 X154.570 Y63.164   ; RAPID TO START
G1 Z0.00 F500    ; PEN DOWN
G4 P100           ; DWELL
G1 X155.039 Y62.461 F7200  ; DRAW LINE
G1 X157.148 Y62.461 F7200  ; DRAW LINE
G1 X157.148 Y60.117 F7200  ; DRAW LINE
G1 X157.969 Y60.234 F7200  ; DRAW LINE
G1 X157.969 Y63.164 F7200  ; DRAW LINE
G1 X154.570 Y63.164 F7200  ; DRAW LINE
G0 Z5.00               ; PEN UP

G0 X158.672 Y63.164   ; RAPID TO START
G1 Z0.00 F500    ; PEN DOWN
G4 P100           ; DWELL
G1 X158.902 Y62.466 F7200  ; DRAW LINE
G1 X160.547 Y62.461 F7200  ; DRAW LINE
G1 X160.547 Y60.234 F7200  ; DRAW LINE
G1 X161.367 Y60.117 F7200  ; DRAW LINE
G1 X161.367 Y62.578 F7200  ; DRAW LINE
G1 X162.070 Y62.578 F7200  ; DRAW LINE
G1 X162.305 Y63.047 F7200  ; DRAW LINE
G1 X158.672 Y63.164 F7200  ; DRAW LINE
G0 Z5.00               ; PEN UP

G0 X170.977 Y63.164   ; RAPID TO START
G1 Z0.00 F500    ; PEN DOWN
G4 P100           ; DWELL
G1 X170.977 Y62.695 F7200  ; DRAW LINE
G1 X171.445 Y62.461 F7200  ; DRAW LINE
G1 X170.742 Y60.117 F7200  ; DRAW LINE
G1 X171.680 Y60.117 F7200  ; DRAW LINE
G1 X172.383 Y62.578 F7200  ; DRAW LINE
G1 X173.672 Y62.578 F7200  ; DRAW LINE
G1 X173.672 Y60.938 F7200  ; DRAW LINE
G1 X172.500 Y60.938 F7200  ; DRAW LINE
G1 X172.383 Y60.117 F7200  ; DRAW LINE
G1 X174.375 Y60.469 F7200  ; DRAW LINE
G1 X174.492 Y63.164 F7200  ; DRAW LINE
G1 X170.977 Y63.164 F7200  ; DRAW LINE
G0 Z5.00               ; PEN UP

G0 X168.516 Y62.578   ; RAPID TO START
G1 Z0.00 F500    ; PEN DOWN
G4 P100           ; DWELL
G1 X168.516 Y61.172 F7200  ; DRAW LINE
G1 X168.867 Y61.172 F7200  ; DRAW LINE
G1 X169.102 Y62.227 F7200  ; DRAW LINE
G1 X168.516 Y62.578 F7200  ; DRAW LINE
G0 Z5.00               ; PEN UP

G0 X172.383 Y62.227   ; RAPID TO START
G1 Z0.00 F500    ; PEN DOWN
G4 P100           ; DWELL
G1 X172.148 Y61.172 F7200  ; DRAW LINE
G1 X173.320 Y61.172 F7200  ; DRAW LINE
G1 X173.320 Y62.227 F7200  ; DRAW LINE
G1 X172.383 Y62.227 F7200  ; DRAW LINE
G0 Z5.00               ; PEN UP

G0 X15.996 Y63.398   ; RAPID TO START
G1 Z0.00 F500    ; PEN DOWN
G4 P100           ; DWELL
G1 X16.992 Y63.223 F7200  ; DRAW LINE
G1 X16.816 Y60.000 F7200  ; DRAW LINE
G1 X15.820 Y60.059 F7200  ; DRAW LINE
G1 X15.996 Y63.398 F7200  ; DRAW LINE
G0 Z5.00               ; PEN UP

G0 X16.172 Y63.047   ; RAPID TO START
G1 Z0.00 F500    ; PEN DOWN
G4 P100           ; DWELL
G1 X16.172 Y60.234 F7200  ; DRAW LINE
G1 X16.641 Y60.234 F7200  ; DRAW LINE
G1 X16.641 Y62.930 F7200  ; DRAW LINE
G1 X16.172 Y63.047 F7200  ; DRAW LINE
G0 Z5.00               ; PEN UP

G0 X17.871 Y63.398   ; RAPID TO START
G1 Z0.00 F500    ; PEN DOWN
G4 P100           ; DWELL
G1 X20.098 Y63.398 F7200  ; DRAW LINE
G1 X20.742 Y62.871 F7200  ; DRAW LINE
G1 X20.742 Y60.234 F7200  ; DRAW LINE
G1 X17.754 Y60.000 F7200  ; DRAW LINE
G1 X17.227 Y60.410 F7200  ; DRAW LINE
G1 X17.227 Y62.988 F7200  ; DRAW LINE
G1 X17.871 Y63.398 F7200  ; DRAW LINE
G0 Z5.00               ; PEN UP

G0 X17.813 Y63.047   ; RAPID TO START
G1 Z0.00 F500    ; PEN DOWN
G4 P100           ; DWELL
G1 X17.461 Y62.695 F7200  ; DRAW LINE
G1 X17.461 Y60.586 F7200  ; DRAW LINE
G1 X17.930 Y60.234 F7200  ; DRAW LINE
G1 X20.508 Y60.469 F7200  ; DRAW LINE
G1 X20.508 Y61.758 F7200  ; DRAW LINE
G1 X19.102 Y61.758 F7200  ; DRAW LINE
G1 X19.922 Y61.523 F7200  ; DRAW LINE
G1 X19.922 Y60.703 F7200  ; DRAW LINE
G1 X17.930 Y60.703 F7200  ; DRAW LINE
G1 X17.930 Y62.461 F7200  ; DRAW LINE
G1 X18.164 Y62.695 F7200  ; DRAW LINE
G1 X19.922 Y62.695 F7200  ; DRAW LINE
G1 X20.302 Y62.273 F7200  ; DRAW LINE
G1 X20.508 Y62.344 F7200  ; DRAW LINE
G1 X20.273 Y63.047 F7200  ; DRAW LINE
G1 X17.813 Y63.047 F7200  ; DRAW LINE
G0 Z5.00               ; PEN UP

G0 X18.281 Y62.344   ; RAPID TO START
G1 Z0.00 F500    ; PEN DOWN
G4 P100           ; DWELL
G1 X18.281 Y60.938 F7200  ; DRAW LINE
G1 X19.688 Y60.938 F7200  ; DRAW LINE
G1 X18.839 Y61.527 F7200  ; DRAW LINE
G1 X18.975 Y61.997 F7200  ; DRAW LINE
G1 X19.688 Y62.109 F7200  ; DRAW LINE
G1 X19.688 Y62.344 F7200  ; DRAW LINE
G1 X18.281 Y62.344 F7200  ; DRAW LINE
G0 Z5.00               ; PEN UP

G0 X21.094 Y63.398   ; RAPID TO START
G1 Z0.00 F500    ; PEN DOWN
G4 P100           ; DWELL
G1 X22.148 Y63.223 F7200  ; DRAW LINE
G1 X22.148 Y62.227 F7200  ; DRAW LINE
G1 X23.672 Y62.227 F7200  ; DRAW LINE
G1 X23.672 Y63.223 F7200  ; DRAW LINE
G1 X24.641 Y63.361 F7200  ; DRAW LINE
G1 X24.727 Y60.059 F7200  ; DRAW LINE
G1 X23.672 Y60.000 F7200  ; DRAW LINE
G1 X23.496 Y61.289 F7200  ; DRAW LINE
G1 X22.148 Y61.289 F7200  ; DRAW LINE
G1 X22.031 Y60.000 F7200  ; DRAW LINE
G1 X21.152 Y60.000 F7200  ; DRAW LINE
G1 X20.908 Y61.298 F7200  ; DRAW LINE
G1 X21.094 Y63.398 F7200  ; DRAW LINE
G0 Z5.00               ; PEN UP

G0 X21.328 Y63.047   ; RAPID TO START
G1 Z0.00 F500    ; PEN DOWN
G4 P100           ; DWELL
G1 X21.328 Y60.234 F7200  ; DRAW LINE
G1 X21.797 Y60.234 F7200  ; DRAW LINE
G1 X21.797 Y61.523 F7200  ; DRAW LINE
G1 X23.906 Y61.523 F7200  ; DRAW LINE
G1 X23.906 Y60.352 F7200  ; DRAW LINE
G1 X24.375 Y60.234 F7200  ; DRAW LINE
G1 X24.375 Y63.047 F7200  ; DRAW LINE
G1 X23.906 Y63.047 F7200  ; DRAW LINE
G1 X23.906 Y61.875 F7200  ; DRAW LINE
G1 X22.031 Y61.875 F7200  ; DRAW LINE
G1 X21.797 Y61.992 F7200  ; DRAW LINE
G1 X21.797 Y63.047 F7200  ; DRAW LINE
G1 X21.328 Y63.047 F7200  ; DRAW LINE
G0 Z5.00               ; PEN UP

G0 X31.113 Y63.398   ; RAPID TO START
G1 Z0.00 F500    ; PEN DOWN
G4 P100           ; DWELL
G1 X33.809 Y63.281 F7200  ; DRAW LINE
G1 X34.260 Y62.642 F7200  ; DRAW LINE
G1 X34.110 Y61.480 F7200  ; DRAW LINE
G1 X33.691 Y61.172 F7200  ; DRAW LINE
G1 X31.875 Y61.172 F7200  ; DRAW LINE
G1 X31.875 Y60.000 F7200  ; DRAW LINE
G1 X30.938 Y60.000 F7200  ; DRAW LINE
G1 X30.820 Y63.105 F7200  ; DRAW LINE
G1 X31.113 Y63.398 F7200  ; DRAW LINE
G0 Z5.00               ; PEN UP

G0 X31.172 Y63.047   ; RAPID TO START
G1 Z0.00 F500    ; PEN DOWN
G4 P100           ; DWELL
G1 X31.172 Y60.234 F7200  ; DRAW LINE
G1 X31.641 Y60.234 F7200  ; DRAW LINE
G1 X31.641 Y61.406 F7200  ; DRAW LINE
G1 X33.867 Y61.641 F7200  ; DRAW LINE
G1 X33.633 Y63.047 F7200  ; DRAW LINE
G1 X31.172 Y63.047 F7200  ; DRAW LINE
G0 Z5.00               ; PEN UP

G0 X36.973 Y63.398   ; RAPID TO START
G1 Z0.00 F500    ; PEN DOWN
G4 P100           ; DWELL
G1 X37.500 Y63.281 F7200  ; DRAW LINE
G1 X37.502 Y62.522 F7200  ; DRAW LINE
G1 X35.449 Y62.344 F7200  ; DRAW LINE
G1 X35.391 Y62.109 F7200  ; DRAW LINE
G1 X36.563 Y62.109 F7200  ; DRAW LINE
G1 X36.563 Y61.289 F7200  ; DRAW LINE
G1 X35.449 Y61.289 F7200  ; DRAW LINE
G1 X35.391 Y60.938 F7200  ; DRAW LINE
G1 X37.441 Y60.938 F7200  ; DRAW LINE
G1 X37.617 Y60.293 F7200  ; DRAW LINE
G1 X37.793 Y63.398 F7200  ; DRAW LINE
G1 X40.781 Y63.281 F7200  ; DRAW LINE
G1 X40.781 Y62.344 F7200  ; DRAW LINE
G1 X38.730 Y62.344 F7200  ; DRAW LINE
G1 X38.672 Y62.109 F7200  ; DRAW LINE
G1 X39.844 Y61.934 F7200  ; DRAW LINE
G1 X39.727 Y61.289 F7200  ; DRAW LINE
G1 X38.848 Y61.289 F7200  ; DRAW LINE
G1 X38.730 Y60.938 F7200  ; DRAW LINE
G1 X40.781 Y60.938 F7200  ; DRAW LINE
G1 X40.898 Y60.410 F7200  ; DRAW LINE
G1 X41.074 Y63.398 F7200  ; DRAW LINE
G1 X43.535 Y63.281 F7200  ; DRAW LINE
G1 X44.414 Y62.402 F7200  ; DRAW LINE
G1 X44.414 Y60.996 F7200  ; DRAW LINE
G1 X43.887 Y60.234 F7200  ; DRAW LINE
G1 X43.301 Y60.000 F7200  ; DRAW LINE
G1 X34.336 Y60.000 F7200  ; DRAW LINE
G1 X34.336 Y63.281 F7200  ; DRAW LINE
G1 X36.973 Y63.398 F7200  ; DRAW LINE
G0 Z5.00               ; PEN UP

G0 X34.570 Y63.047   ; RAPID TO START
G1 Z0.00 F500    ; PEN DOWN
G4 P100           ; DWELL
G1 X34.570 Y60.352 F7200  ; DRAW LINE
G1 X37.266 Y60.234 F7200  ; DRAW LINE
G1 X37.266 Y60.586 F7200  ; DRAW LINE
G1 X36.797 Y60.703 F7200  ; DRAW LINE
G1 X35.039 Y60.586 F7200  ; DRAW LINE
G1 X35.039 Y61.523 F7200  ; DRAW LINE
G1 X36.328 Y61.523 F7200  ; DRAW LINE
G1 X36.211 Y61.875 F7200  ; DRAW LINE
G1 X35.039 Y61.875 F7200  ; DRAW LINE
G1 X35.039 Y62.695 F7200  ; DRAW LINE
G1 X37.266 Y62.695 F7200  ; DRAW LINE
G1 X37.148 Y63.047 F7200  ; DRAW LINE
G1 X34.570 Y63.047 F7200  ; DRAW LINE
G0 Z5.00               ; PEN UP

G0 X37.852 Y63.047   ; RAPID TO START
G1 Z0.00 F500    ; PEN DOWN
G4 P100           ; DWELL
G1 X37.969 Y60.234 F7200  ; DRAW LINE
G1 X40.430 Y60.234 F7200  ; DRAW LINE
G1 X40.547 Y60.586 F7200  ; DRAW LINE
G1 X38.320 Y60.703 F7200  ; DRAW LINE
G1 X38.320 Y61.523 F7200  ; DRAW LINE
G1 X39.668 Y61.670 F7200  ; DRAW LINE
G1 X38.254 Y62.113 F7200  ; DRAW LINE
G1 X38.555 Y62.695 F7200  ; DRAW LINE
G1 X40.547 Y62.695 F7200  ; DRAW LINE
G1 X40.547 Y63.047 F7200  ; DRAW LINE
G1 X37.852 Y63.047 F7200  ; DRAW LINE
G0 Z5.00               ; PEN UP

G0 X41.133 Y63.047   ; RAPID TO START
G1 Z0.00 F500    ; PEN DOWN
G4 P100           ; DWELL
G1 X41.133 Y60.352 F7200  ; DRAW LINE
G1 X42.473 Y60.159 F7200  ; DRAW LINE
G1 X43.711 Y60.469 F7200  ; DRAW LINE
G1 X44.180 Y61.172 F7200  ; DRAW LINE
G1 X44.063 Y62.461 F7200  ; DRAW LINE
G1 X43.359 Y63.047 F7200  ; DRAW LINE
G1 X41.133 Y63.047 F7200  ; DRAW LINE
G0 Z5.00               ; PEN UP

G0 X50.625 Y63.398   ; RAPID TO START
G1 Z0.00 F500    ; PEN DOWN
G4 P100           ; DWELL
G1 X51.680 Y63.340 F7200  ; DRAW LINE
G1 X51.680 Y60.000 F7200  ; DRAW LINE
G1 X50.625 Y60.059 F7200  ; DRAW LINE
G1 X50.625 Y63.398 F7200  ; DRAW LINE
G0 Z5.00               ; PEN UP

G0 X51.094 Y63.047   ; RAPID TO START
G1 Z0.00 F500    ; PEN DOWN
G4 P100           ; DWELL
G1 X50.859 Y62.813 F7200  ; DRAW LINE
G1 X50.859 Y60.352 F7200  ; DRAW LINE
G1 X51.094 Y60.234 F7200  ; DRAW LINE
G1 X51.445 Y60.352 F7200  ; DRAW LINE
G1 X51.445 Y62.930 F7200  ; DRAW LINE
G1 X51.094 Y63.047 F7200  ; DRAW LINE
G0 Z5.00               ; PEN UP

G0 X52.559 Y63.398   ; RAPID TO START
G1 Z0.00 F500    ; PEN DOWN
G4 P100           ; DWELL
G1 X54.785 Y63.398 F7200  ; DRAW LINE
G1 X55.430 Y62.871 F7200  ; DRAW LINE
G1 X55.430 Y60.410 F7200  ; DRAW LINE
G1 X54.902 Y60.000 F7200  ; DRAW LINE
G1 X52.441 Y60.000 F7200  ; DRAW LINE
G1 X51.914 Y60.645 F7200  ; DRAW LINE
G1 X51.914 Y62.871 F7200  ; DRAW LINE
G1 X52.559 Y63.398 F7200  ; DRAW LINE
G0 Z5.00               ; PEN UP

G0 X52.500 Y63.047   ; RAPID TO START
G1 Z0.00 F500    ; PEN DOWN
G4 P100           ; DWELL
G1 X52.266 Y62.813 F7200  ; DRAW LINE
G1 X52.266 Y60.469 F7200  ; DRAW LINE
G1 X52.734 Y60.234 F7200  ; DRAW LINE
G1 X55.195 Y60.469 F7200  ; DRAW LINE
G1 X55.195 Y61.758 F7200  ; DRAW LINE
G1 X53.789 Y61.758 F7200  ; DRAW LINE
G1 X53.936 Y61.465 F7200  ; DRAW LINE
G1 X54.689 Y61.458 F7200  ; DRAW LINE
G1 X54.580 Y60.734 F7200  ; DRAW LINE
G1 X52.734 Y60.586 F7200  ; DRAW LINE
G1 X52.734 Y62.695 F7200  ; DRAW LINE
G1 X54.727 Y62.695 F7200  ; DRAW LINE
G1 X55.195 Y62.344 F7200  ; DRAW LINE
G1 X54.961 Y63.047 F7200  ; DRAW LINE
G1 X52.500 Y63.047 F7200  ; DRAW LINE
G0 Z5.00               ; PEN UP

G0 X52.969 Y62.344   ; RAPID TO START
G1 Z0.00 F500    ; PEN DOWN
G4 P100           ; DWELL
G1 X52.969 Y60.938 F7200  ; DRAW LINE
G1 X54.375 Y60.938 F7200  ; DRAW LINE
G1 X54.287 Y61.230 F7200  ; DRAW LINE
G1 X53.723 Y61.222 F7200  ; DRAW LINE
G1 X53.527 Y61.672 F7200  ; DRAW LINE
G1 X53.555 Y61.992 F7200  ; DRAW LINE
G1 X54.492 Y62.109 F7200  ; DRAW LINE
G1 X54.375 Y62.344 F7200  ; DRAW LINE
G1 X52.969 Y62.344 F7200  ; DRAW LINE
G0 Z5.00               ; PEN UP

G0 X55.781 Y63.398   ; RAPID TO START
G1 Z0.00 F500    ; PEN DOWN
G4 P100           ; DWELL
G1 X60.234 Y63.281 F7200  ; DRAW LINE
G1 X60.234 Y62.344 F7200  ; DRAW LINE
G1 X58.945 Y62.344 F7200  ; DRAW LINE
G1 X58.945 Y60.000 F7200  ; DRAW LINE
G1 X57.891 Y60.176 F7200  ; DRAW LINE
G1 X57.949 Y62.344 F7200  ; DRAW LINE
G1 X56.895 Y62.344 F7200  ; DRAW LINE
G1 X56.719 Y60.000 F7200  ; DRAW LINE
G1 X55.840 Y60.000 F7200  ; DRAW LINE
G1 X55.781 Y63.398 F7200  ; DRAW LINE
G0 Z5.00               ; PEN UP

G0 X56.016 Y63.047   ; RAPID TO START
G1 Z0.00 F500    ; PEN DOWN
G4 P100           ; DWELL
G1 X56.016 Y60.234 F7200  ; DRAW LINE
G1 X56.484 Y60.234 F7200  ; DRAW LINE
G1 X56.484 Y62.930 F7200  ; DRAW LINE
G1 X56.016 Y63.047 F7200  ; DRAW LINE
G0 Z5.00               ; PEN UP

G0 X57.070 Y63.047   ; RAPID TO START
G1 Z0.00 F500    ; PEN DOWN
G4 P100           ; DWELL
G1 X57.188 Y62.695 F7200  ; DRAW LINE
G1 X58.242 Y62.695 F7200  ; DRAW LINE
G1 X58.242 Y60.234 F7200  ; DRAW LINE
G1 X58.594 Y60.234 F7200  ; DRAW LINE
G1 X58.711 Y62.461 F7200  ; DRAW LINE
G1 X60.000 Y62.695 F7200  ; DRAW LINE
G1 X60.000 Y63.047 F7200  ; DRAW LINE
G1 X57.070 Y63.047 F7200  ; DRAW LINE
G0 Z5.00               ; PEN UP

G0 X61.230 Y63.398   ; RAPID TO START
G1 Z0.00 F500    ; PEN DOWN
G4 P100           ; DWELL
G1 X61.984 Y63.328 F7200  ; DRAW LINE
G1 X63.340 Y60.703 F7200  ; DRAW LINE
G1 X63.516 Y63.398 F7200  ; DRAW LINE
G1 X64.453 Y63.398 F7200  ; DRAW LINE
G1 X64.453 Y61.113 F7200  ; DRAW LINE
G1 X66.563 Y60.938 F7200  ; DRAW LINE
G1 X66.563 Y60.059 F7200  ; DRAW LINE
G1 X62.461 Y60.000 F7200  ; DRAW LINE
G1 X62.227 Y60.703 F7200  ; DRAW LINE
G1 X60.879 Y60.703 F7200  ; DRAW LINE
G1 X60.410 Y60.000 F7200  ; DRAW LINE
G1 X59.473 Y60.000 F7200  ; DRAW LINE
G1 X61.230 Y63.398 F7200  ; DRAW LINE
G0 Z5.00               ; PEN UP

G0 X61.406 Y63.047   ; RAPID TO START
G1 Z0.00 F500    ; PEN DOWN
G4 P100           ; DWELL
G1 X59.865 Y60.243 F7200  ; DRAW LINE
G1 X60.234 Y60.234 F7200  ; DRAW LINE
G1 X60.703 Y60.938 F7200  ; DRAW LINE
G1 X62.344 Y60.938 F7200  ; DRAW LINE
G1 X62.630 Y60.305 F7200  ; DRAW LINE
G1 X63.164 Y60.234 F7200  ; DRAW LINE
G1 X61.875 Y62.813 F7200  ; DRAW LINE
G1 X61.406 Y63.047 F7200  ; DRAW LINE
G0 Z5.00               ; PEN UP

G0 X63.750 Y63.047   ; RAPID TO START
G1 Z0.00 F500    ; PEN DOWN
G4 P100           ; DWELL
G1 X63.750 Y60.234 F7200  ; DRAW LINE
G1 X66.342 Y60.333 F7200  ; DRAW LINE
G1 X66.328 Y60.586 F7200  ; DRAW LINE
G1 X64.219 Y60.703 F7200  ; DRAW LINE
G1 X64.219 Y62.930 F7200  ; DRAW LINE
G1 X63.750 Y63.047 F7200  ; DRAW LINE
G0 Z5.00               ; PEN UP

G0 X63.516 Y60.703   ; RAPID TO START
G1 Z0.00 F500    ; PEN DOWN
G4 P100           ; DWELL
G1 X63.516 Y60.703 F7200  ; DRAW LINE
G0 Z5.00               ; PEN UP

G0 X47.402 Y63.164   ; RAPID TO START
G1 Z0.00 F500    ; PEN DOWN
G4 P100           ; DWELL
G1 X49.160 Y63.164 F7200  ; DRAW LINE
G1 X49.570 Y62.754 F7200  ; DRAW LINE
G1 X49.453 Y60.938 F7200  ; DRAW LINE
G1 X47.317 Y60.736 F7200  ; DRAW LINE
G1 X47.402 Y63.164 F7200  ; DRAW LINE
G0 Z5.00               ; PEN UP

G0 X47.578 Y62.813   ; RAPID TO START
G1 Z0.00 F500    ; PEN DOWN
G4 P100           ; DWELL
G1 X47.578 Y61.055 F7200  ; DRAW LINE
G1 X49.102 Y61.055 F7200  ; DRAW LINE
G1 X49.102 Y62.813 F7200  ; DRAW LINE
G1 X47.578 Y62.813 F7200  ; DRAW LINE
G0 Z5.00               ; PEN UP

G0 X31.641 Y62.695   ; RAPID TO START
G1 Z0.00 F500    ; PEN DOWN
G4 P100           ; DWELL
G1 X33.340 Y62.695 F7200  ; DRAW LINE
G1 X33.525 Y61.947 F7200  ; DRAW LINE
G1 X31.641 Y61.758 F7200  ; DRAW LINE
G1 X31.641 Y62.695 F7200  ; DRAW LINE
G0 Z5.00               ; PEN UP

G0 X32.109 Y62.461   ; RAPID TO START
G1 Z0.00 F500    ; PEN DOWN
G4 P100           ; DWELL
G1 X31.992 Y61.992 F7200  ; DRAW LINE
G1 X33.281 Y62.109 F7200  ; DRAW LINE
G1 X32.109 Y62.461 F7200  ; DRAW LINE
G0 Z5.00               ; PEN UP

G0 X41.777 Y62.695   ; RAPID TO START
G1 Z0.00 F500    ; PEN DOWN
G4 P100           ; DWELL
G1 X42.818 Y62.752 F7200  ; DRAW LINE
G1 X43.618 Y62.321 F7200  ; DRAW LINE
G1 X43.724 Y61.405 F7200  ; DRAW LINE
G1 X43.408 Y60.783 F7200  ; DRAW LINE
G1 X41.602 Y60.703 F7200  ; DRAW LINE
G1 X41.777 Y62.695 F7200  ; DRAW LINE
G0 Z5.00               ; PEN UP

G0 X41.953 Y62.344   ; RAPID TO START
G1 Z0.00 F500    ; PEN DOWN
G4 P100           ; DWELL
G1 X41.953 Y60.938 F7200  ; DRAW LINE
G1 X43.284 Y61.059 F7200  ; DRAW LINE
G1 X43.242 Y62.344 F7200  ; DRAW LINE
G1 X41.953 Y62.344 F7200  ; DRAW LINE
G0 Z5.00               ; PEN UP

G0 X61.465 Y62.578   ; RAPID TO START
G1 Z0.00 F500    ; PEN DOWN
G4 P100           ; DWELL
G1 X62.109 Y61.465 F7200  ; DRAW LINE
G1 X60.820 Y61.289 F7200  ; DRAW LINE
G1 X61.465 Y62.578 F7200  ; DRAW LINE
G0 Z5.00               ; PEN UP

G0 X61.523 Y61.992   ; RAPID TO START
G1 Z0.00 F500    ; PEN DOWN
G4 P100           ; DWELL
G1 X61.289 Y61.641 F7200  ; DRAW LINE
G1 X61.641 Y61.523 F7200  ; DRAW LINE
G1 X61.523 Y61.992 F7200  ; DRAW LINE
G0 Z5.00               ; PEN UP

G0 X154.453 Y62.109   ; RAPID TO START
G1 Z0.00 F500    ; PEN DOWN
G4 P100           ; DWELL
G1 X155.859 Y61.934 F7200  ; DRAW LINE
G1 X155.859 Y59.883 F7200  ; DRAW LINE
G1 X154.453 Y59.883 F7200  ; DRAW LINE
G1 X154.453 Y62.109 F7200  ; DRAW LINE
G0 Z5.00               ; PEN UP

G0 X154.688 Y61.875   ; RAPID TO START
G1 Z0.00 F500    ; PEN DOWN
G4 P100           ; DWELL
G1 X154.688 Y60.234 F7200  ; DRAW LINE
G1 X155.508 Y60.117 F7200  ; DRAW LINE
G1 X155.625 Y61.875 F7200  ; DRAW LINE
G1 X154.688 Y61.875 F7200  ; DRAW LINE
G0 Z5.00               ; PEN UP

G0 X97.969 Y61.641   ; RAPID TO START
G1 Z0.00 F500    ; PEN DOWN
G4 P100           ; DWELL
G1 X100.254 Y61.641 F7200  ; DRAW LINE
G1 X101.250 Y60.762 F7200  ; DRAW LINE
G1 X101.250 Y59.238 F7200  ; DRAW LINE
G1 X100.685 Y57.870 F7200  ; DRAW LINE
G1 X99.785 Y56.836 F7200  ; DRAW LINE
G1 X98.394 Y56.350 F7200  ; DRAW LINE
G1 X96.563 Y56.367 F7200  ; DRAW LINE
G1 X97.969 Y61.641 F7200  ; DRAW LINE
G0 Z5.00               ; PEN UP

G0 X98.438 Y61.406   ; RAPID TO START
G1 Z0.00 F500    ; PEN DOWN
G4 P100           ; DWELL
G1 X97.031 Y56.719 F7200  ; DRAW LINE
G1 X98.363 Y56.625 F7200  ; DRAW LINE
G1 X99.356 Y56.906 F7200  ; DRAW LINE
G1 X100.383 Y57.956 F7200  ; DRAW LINE
G1 X100.939 Y59.234 F7200  ; DRAW LINE
G1 X100.898 Y60.703 F7200  ; DRAW LINE
G1 X100.613 Y61.069 F7200  ; DRAW LINE
G1 X99.731 Y61.462 F7200  ; DRAW LINE
G1 X98.438 Y61.406 F7200  ; DRAW LINE
G0 Z5.00               ; PEN UP

G0 X100.078 Y60.938   ; RAPID TO START
G1 Z0.00 F500    ; PEN DOWN
G4 P100           ; DWELL
G1 X100.371 Y60.858 F7200  ; DRAW LINE
G1 X100.430 Y60.176 F7200  ; DRAW LINE
G1 X100.254 Y58.359 F7200  ; DRAW LINE
G1 X100.078 Y60.938 F7200  ; DRAW LINE
G0 Z5.00               ; PEN UP

G0 X7.910 Y58.125   ; RAPID TO START
G1 Z0.00 F500    ; PEN DOWN
G4 P100           ; DWELL
G1 X10.488 Y58.125 F7200  ; DRAW LINE
G1 X11.074 Y57.539 F7200  ; DRAW LINE
G1 X11.967 Y57.490 F7200  ; DRAW LINE
G1 X12.832 Y56.484 F7200  ; DRAW LINE
G1 X13.770 Y57.539 F7200  ; DRAW LINE
G1 X17.285 Y57.539 F7200  ; DRAW LINE
G1 X17.637 Y57.305 F7200  ; DRAW LINE
G1 X17.695 Y57.539 F7200  ; DRAW LINE
G1 X24.141 Y57.539 F7200  ; DRAW LINE
G1 X24.141 Y56.602 F7200  ; DRAW LINE
G1 X22.207 Y56.602 F7200  ; DRAW LINE
G1 X22.148 Y56.367 F7200  ; DRAW LINE
G1 X23.203 Y56.367 F7200  ; DRAW LINE
G1 X23.203 Y55.547 F7200  ; DRAW LINE
G1 X22.207 Y55.547 F7200  ; DRAW LINE
G1 X22.090 Y55.195 F7200  ; DRAW LINE
G1 X24.258 Y55.137 F7200  ; DRAW LINE
G1 X24.375 Y57.539 F7200  ; DRAW LINE
G1 X25.144 Y57.469 F7200  ; DRAW LINE
G1 X26.287 Y55.860 F7200  ; DRAW LINE
G1 X27.480 Y57.539 F7200  ; DRAW LINE
G1 X28.125 Y57.480 F7200  ; DRAW LINE
G1 X28.125 Y54.258 F7200  ; DRAW LINE
G1 X27.237 Y54.362 F7200  ; DRAW LINE
G1 X27.129 Y55.664 F7200  ; DRAW LINE
G1 X26.191 Y54.609 F7200  ; DRAW LINE
G1 X25.371 Y55.547 F7200  ; DRAW LINE
G1 X25.137 Y54.258 F7200  ; DRAW LINE
G1 X21.094 Y54.258 F7200  ; DRAW LINE
G1 X21.094 Y56.602 F7200  ; DRAW LINE
G1 X19.805 Y56.426 F7200  ; DRAW LINE
G1 X19.805 Y54.258 F7200  ; DRAW LINE
G1 X18.926 Y54.258 F7200  ; DRAW LINE
G1 X18.867 Y56.602 F7200  ; DRAW LINE
G1 X18.267 Y56.679 F7200  ; DRAW LINE
G1 X17.344 Y56.309 F7200  ; DRAW LINE
G1 X17.695 Y56.074 F7200  ; DRAW LINE
G1 X17.813 Y54.668 F7200  ; DRAW LINE
G1 X17.285 Y54.258 F7200  ; DRAW LINE
G1 X14.590 Y54.258 F7200  ; DRAW LINE
G1 X14.260 Y56.757 F7200  ; DRAW LINE
G1 X13.359 Y55.723 F7200  ; DRAW LINE
G1 X13.242 Y54.258 F7200  ; DRAW LINE
G1 X12.305 Y54.258 F7200  ; DRAW LINE
G1 X12.305 Y55.605 F7200  ; DRAW LINE
G1 X11.074 Y56.953 F7200  ; DRAW LINE
G1 X10.626 Y56.682 F7200  ; DRAW LINE
G1 X11.133 Y56.191 F7200  ; DRAW LINE
G1 X11.016 Y54.492 F7200  ; DRAW LINE
G1 X7.910 Y54.258 F7200  ; DRAW LINE
G1 X7.500 Y54.551 F7200  ; DRAW LINE
G1 X7.266 Y55.547 F7200  ; DRAW LINE
G1 X7.852 Y55.723 F7200  ; DRAW LINE
G1 X7.383 Y56.191 F7200  ; DRAW LINE
G1 X7.383 Y57.715 F7200  ; DRAW LINE
G1 X7.910 Y58.125 F7200  ; DRAW LINE
G0 Z5.00               ; PEN UP

G0 X7.969 Y57.773   ; RAPID TO START
G1 Z0.00 F500    ; PEN DOWN
G4 P100           ; DWELL
G1 X7.617 Y57.422 F7200  ; DRAW LINE
G1 X7.617 Y56.250 F7200  ; DRAW LINE
G1 X7.969 Y56.016 F7200  ; DRAW LINE
G1 X10.195 Y56.016 F7200  ; DRAW LINE
G1 X10.350 Y55.369 F7200  ; DRAW LINE
G1 X10.195 Y54.961 F7200  ; DRAW LINE
G1 X8.203 Y54.961 F7200  ; DRAW LINE
G1 X8.086 Y55.313 F7200  ; DRAW LINE
G1 X7.617 Y55.313 F7200  ; DRAW LINE
G1 X7.734 Y54.727 F7200  ; DRAW LINE
G1 X10.664 Y54.609 F7200  ; DRAW LINE
G1 X10.917 Y55.833 F7200  ; DRAW LINE
G1 X10.547 Y56.484 F7200  ; DRAW LINE
G1 X8.203 Y56.484 F7200  ; DRAW LINE
G1 X8.086 Y57.188 F7200  ; DRAW LINE
G1 X8.320 Y57.422 F7200  ; DRAW LINE
G1 X10.313 Y57.422 F7200  ; DRAW LINE
G1 X10.547 Y57.070 F7200  ; DRAW LINE
G1 X10.781 Y57.188 F7200  ; DRAW LINE
G1 X10.547 Y57.773 F7200  ; DRAW LINE
G1 X7.969 Y57.773 F7200  ; DRAW LINE
G0 Z5.00               ; PEN UP

G0 X14.180 Y57.305   ; RAPID TO START
G1 Z0.00 F500    ; PEN DOWN
G4 P100           ; DWELL
G1 X12.980 Y56.095 F7200  ; DRAW LINE
G1 X11.836 Y57.188 F7200  ; DRAW LINE
G1 X11.367 Y57.070 F7200  ; DRAW LINE
G1 X12.539 Y55.781 F7200  ; DRAW LINE
G1 X12.539 Y54.609 F7200  ; DRAW LINE
G1 X13.008 Y54.609 F7200  ; DRAW LINE
G1 X13.008 Y55.664 F7200  ; DRAW LINE
G1 X14.297 Y57.070 F7200  ; DRAW LINE
G1 X14.180 Y57.305 F7200  ; DRAW LINE
G0 Z5.00               ; PEN UP

G0 X15.352 Y57.305   ; RAPID TO START
G1 Z0.00 F500    ; PEN DOWN
G4 P100           ; DWELL
G1 X14.766 Y57.188 F7200  ; DRAW LINE
G1 X14.766 Y54.609 F7200  ; DRAW LINE
G1 X17.344 Y54.609 F7200  ; DRAW LINE
G1 X17.461 Y56.016 F7200  ; DRAW LINE
G1 X15.117 Y56.133 F7200  ; DRAW LINE
G1 X15.352 Y56.953 F7200  ; DRAW LINE
G1 X16.992 Y56.953 F7200  ; DRAW LINE
G1 X17.227 Y56.602 F7200  ; DRAW LINE
G1 X17.344 Y57.188 F7200  ; DRAW LINE
G1 X15.352 Y57.305 F7200  ; DRAW LINE
G0 Z5.00               ; PEN UP

G0 X18.047 Y57.305   ; RAPID TO START
G1 Z0.00 F500    ; PEN DOWN
G4 P100           ; DWELL
G1 X17.930 Y56.836 F7200  ; DRAW LINE
G1 X19.102 Y56.836 F7200  ; DRAW LINE
G1 X19.102 Y54.609 F7200  ; DRAW LINE
G1 X19.570 Y54.609 F7200  ; DRAW LINE
G1 X19.570 Y56.836 F7200  ; DRAW LINE
G1 X20.742 Y56.836 F7200  ; DRAW LINE
G1 X20.742 Y57.305 F7200  ; DRAW LINE
G1 X18.047 Y57.305 F7200  ; DRAW LINE
G0 Z5.00               ; PEN UP

G0 X21.328 Y57.305   ; RAPID TO START
G1 Z0.00 F500    ; PEN DOWN
G4 P100           ; DWELL
G1 X21.328 Y54.609 F7200  ; DRAW LINE
G1 X24.023 Y54.609 F7200  ; DRAW LINE
G1 X24.023 Y54.844 F7200  ; DRAW LINE
G1 X21.797 Y54.844 F7200  ; DRAW LINE
G1 X21.797 Y55.781 F7200  ; DRAW LINE
G1 X22.969 Y55.781 F7200  ; DRAW LINE
G1 X22.969 Y56.016 F7200  ; DRAW LINE
G1 X21.797 Y56.016 F7200  ; DRAW LINE
G1 X21.797 Y56.836 F7200  ; DRAW LINE
G1 X23.789 Y56.836 F7200  ; DRAW LINE
G1 X23.906 Y57.188 F7200  ; DRAW LINE
G1 X21.328 Y57.305 F7200  ; DRAW LINE
G0 Z5.00               ; PEN UP

G0 X27.773 Y57.305   ; RAPID TO START
G1 Z0.00 F500    ; PEN DOWN
G4 P100           ; DWELL
G1 X26.250 Y55.430 F7200  ; DRAW LINE
G1 X25.078 Y57.188 F7200  ; DRAW LINE
G1 X24.609 Y57.070 F7200  ; DRAW LINE
G1 X24.609 Y54.492 F7200  ; DRAW LINE
G1 X24.961 Y54.492 F7200  ; DRAW LINE
G1 X24.961 Y56.250 F7200  ; DRAW LINE
G1 X25.195 Y56.367 F7200  ; DRAW LINE
G1 X25.898 Y55.195 F7200  ; DRAW LINE
G1 X26.367 Y55.078 F7200  ; DRAW LINE
G1 X27.305 Y56.367 F7200  ; DRAW LINE
G1 X27.539 Y56.250 F7200  ; DRAW LINE
G1 X27.539 Y54.492 F7200  ; DRAW LINE
G1 X27.891 Y54.609 F7200  ; DRAW LINE
G1 X27.773 Y57.305 F7200  ; DRAW LINE
G0 Z5.00               ; PEN UP

G0 X8.438 Y57.070   ; RAPID TO START
G1 Z0.00 F500    ; PEN DOWN
G4 P100           ; DWELL
G1 X8.555 Y56.719 F7200  ; DRAW LINE
G1 X10.078 Y56.719 F7200  ; DRAW LINE
G1 X10.078 Y57.070 F7200  ; DRAW LINE
G1 X8.438 Y57.070 F7200  ; DRAW LINE
G0 Z5.00               ; PEN UP

G0 X15.469 Y56.602   ; RAPID TO START
G1 Z0.00 F500    ; PEN DOWN
G4 P100           ; DWELL
G1 X15.469 Y56.367 F7200  ; DRAW LINE
G1 X16.875 Y56.484 F7200  ; DRAW LINE
G1 X15.469 Y56.602 F7200  ; DRAW LINE
G0 Z5.00               ; PEN UP

G0 X8.320 Y55.664   ; RAPID TO START
G1 Z0.00 F500    ; PEN DOWN
G4 P100           ; DWELL
G1 X8.555 Y55.313 F7200  ; DRAW LINE
G1 X10.078 Y55.313 F7200  ; DRAW LINE
G1 X10.078 Y55.664 F7200  ; DRAW LINE
G1 X8.320 Y55.664 F7200  ; DRAW LINE
G0 Z5.00               ; PEN UP

G0 X34.160 Y58.008   ; RAPID TO START
G1 Z0.00 F500    ; PEN DOWN
G4 P100           ; DWELL
G1 X34.805 Y57.832 F7200  ; DRAW LINE
G1 X34.805 Y55.195 F7200  ; DRAW LINE
G1 X36.973 Y55.195 F7200  ; DRAW LINE
G1 X38.379 Y57.539 F7200  ; DRAW LINE
G1 X38.895 Y57.595 F7200  ; DRAW LINE
G1 X40.605 Y54.727 F7200  ; DRAW LINE
G1 X40.664 Y57.539 F7200  ; DRAW LINE
G1 X43.418 Y57.539 F7200  ; DRAW LINE
G1 X43.828 Y57.129 F7200  ; DRAW LINE
G1 X43.828 Y54.668 F7200  ; DRAW LINE
G1 X43.301 Y54.258 F7200  ; DRAW LINE
G1 X39.785 Y54.258 F7200  ; DRAW LINE
G1 X39.375 Y54.961 F7200  ; DRAW LINE
G1 X38.027 Y54.961 F7200  ; DRAW LINE
G1 X37.559 Y54.258 F7200  ; DRAW LINE
G1 X33.750 Y54.258 F7200  ; DRAW LINE
G1 X33.750 Y57.891 F7200  ; DRAW LINE
G1 X34.160 Y58.008 F7200  ; DRAW LINE
G0 Z5.00               ; PEN UP

G0 X33.984 Y57.656   ; RAPID TO START
G1 Z0.00 F500    ; PEN DOWN
G4 P100           ; DWELL
G1 X33.984 Y54.609 F7200  ; DRAW LINE
G1 X36.680 Y54.609 F7200  ; DRAW LINE
G1 X36.680 Y54.961 F7200  ; DRAW LINE
G1 X34.570 Y54.961 F7200  ; DRAW LINE
G1 X34.570 Y57.539 F7200  ; DRAW LINE
G1 X33.984 Y57.656 F7200  ; DRAW LINE
G0 Z5.00               ; PEN UP

G0 X38.555 Y57.188   ; RAPID TO START
G1 Z0.00 F500    ; PEN DOWN
G4 P100           ; DWELL
G1 X37.031 Y54.609 F7200  ; DRAW LINE
G1 X37.500 Y54.609 F7200  ; DRAW LINE
G1 X38.086 Y55.313 F7200  ; DRAW LINE
G1 X39.609 Y55.195 F7200  ; DRAW LINE
G1 X39.961 Y54.609 F7200  ; DRAW LINE
G1 X40.313 Y54.609 F7200  ; DRAW LINE
G1 X39.005 Y57.216 F7200  ; DRAW LINE
G1 X38.555 Y57.188 F7200  ; DRAW LINE
G0 Z5.00               ; PEN UP

G0 X40.898 Y57.188   ; RAPID TO START
G1 Z0.00 F500    ; PEN DOWN
G4 P100           ; DWELL
G1 X40.898 Y54.609 F7200  ; DRAW LINE
G1 X43.577 Y54.743 F7200  ; DRAW LINE
G1 X43.594 Y55.547 F7200  ; DRAW LINE
G1 X43.242 Y55.898 F7200  ; DRAW LINE
G1 X43.594 Y56.250 F7200  ; DRAW LINE
G1 X43.477 Y57.188 F7200  ; DRAW LINE
G1 X40.898 Y57.188 F7200  ; DRAW LINE
G0 Z5.00               ; PEN UP

G0 X126.445 Y58.008   ; RAPID TO START
G1 Z0.00 F500    ; PEN DOWN
G4 P100           ; DWELL
G1 X130.781 Y58.008 F7200  ; DRAW LINE
G1 X130.781 Y54.375 F7200  ; DRAW LINE
G1 X129.375 Y54.375 F7200  ; DRAW LINE
G1 X129.375 Y56.719 F7200  ; DRAW LINE
G1 X128.438 Y56.719 F7200  ; DRAW LINE
G1 X128.438 Y55.020 F7200  ; DRAW LINE
G1 X127.910 Y54.375 F7200  ; DRAW LINE
G1 X126.152 Y54.375 F7200  ; DRAW LINE
G1 X126.621 Y55.664 F7200  ; DRAW LINE
G1 X127.031 Y55.664 F7200  ; DRAW LINE
G1 X127.031 Y56.836 F7200  ; DRAW LINE
G1 X126.672 Y56.848 F7200  ; DRAW LINE
G1 X126.445 Y58.008 F7200  ; DRAW LINE
G0 Z5.00               ; PEN UP

G0 X129.492 Y57.773   ; RAPID TO START
G1 Z0.00 F500    ; PEN DOWN
G4 P100           ; DWELL
G1 X126.797 Y57.656 F7200  ; DRAW LINE
G1 X126.914 Y57.188 F7200  ; DRAW LINE
G1 X127.383 Y57.070 F7200  ; DRAW LINE
G1 X127.383 Y55.313 F7200  ; DRAW LINE
G1 X126.797 Y55.313 F7200  ; DRAW LINE
G1 X126.445 Y54.727 F7200  ; DRAW LINE
G1 X128.086 Y54.961 F7200  ; DRAW LINE
G1 X128.086 Y56.836 F7200  ; DRAW LINE
G1 X128.320 Y57.070 F7200  ; DRAW LINE
G1 X129.727 Y57.070 F7200  ; DRAW LINE
G1 X129.727 Y54.727 F7200  ; DRAW LINE
G1 X130.547 Y54.727 F7200  ; DRAW LINE
G1 X130.547 Y57.539 F7200  ; DRAW LINE
G1 X130.166 Y57.832 F7200  ; DRAW LINE
G1 X129.492 Y57.773 F7200  ; DRAW LINE
G0 Z5.00               ; PEN UP

G0 X131.016 Y58.008   ; RAPID TO START
G1 Z0.00 F500    ; PEN DOWN
G4 P100           ; DWELL
G1 X132.656 Y58.008 F7200  ; DRAW LINE
G1 X132.656 Y54.375 F7200  ; DRAW LINE
G1 X131.250 Y54.375 F7200  ; DRAW LINE
G1 X131.016 Y58.008 F7200  ; DRAW LINE
G0 Z5.00               ; PEN UP

G0 X132.070 Y57.773   ; RAPID TO START
G1 Z0.00 F500    ; PEN DOWN
G4 P100           ; DWELL
G1 X131.367 Y57.539 F7200  ; DRAW LINE
G1 X131.484 Y54.727 F7200  ; DRAW LINE
G1 X132.305 Y54.727 F7200  ; DRAW LINE
G1 X132.305 Y57.539 F7200  ; DRAW LINE
G1 X132.070 Y57.773 F7200  ; DRAW LINE
G0 Z5.00               ; PEN UP

G0 X132.773 Y58.008   ; RAPID TO START
G1 Z0.00 F500    ; PEN DOWN
G4 P100           ; DWELL
G1 X136.465 Y58.008 F7200  ; DRAW LINE
G1 X136.523 Y54.375 F7200  ; DRAW LINE
G1 X135.293 Y54.375 F7200  ; DRAW LINE
G1 X135.234 Y56.660 F7200  ; DRAW LINE
G1 X133.418 Y56.719 F7200  ; DRAW LINE
G1 X132.773 Y58.008 F7200  ; DRAW LINE
G0 Z5.00               ; PEN UP

G0 X133.242 Y57.656   ; RAPID TO START
G1 Z0.00 F500    ; PEN DOWN
G4 P100           ; DWELL
G1 X133.594 Y57.070 F7200  ; DRAW LINE
G1 X135.469 Y57.070 F7200  ; DRAW LINE
G1 X135.469 Y54.727 F7200  ; DRAW LINE
G1 X136.289 Y54.727 F7200  ; DRAW LINE
G1 X136.289 Y57.656 F7200  ; DRAW LINE
G1 X133.242 Y57.656 F7200  ; DRAW LINE
G0 Z5.00               ; PEN UP

G0 X136.758 Y58.008   ; RAPID TO START
G1 Z0.00 F500    ; PEN DOWN
G4 P100           ; DWELL
G1 X138.398 Y58.008 F7200  ; DRAW LINE
G1 X138.223 Y55.781 F7200  ; DRAW LINE
G1 X136.992 Y55.781 F7200  ; DRAW LINE
G1 X136.758 Y58.008 F7200  ; DRAW LINE
G0 Z5.00               ; PEN UP

G0 X137.695 Y57.773   ; RAPID TO START
G1 Z0.00 F500    ; PEN DOWN
G4 P100           ; DWELL
G1 X136.992 Y57.539 F7200  ; DRAW LINE
G1 X137.227 Y56.133 F7200  ; DRAW LINE
G1 X138.047 Y56.016 F7200  ; DRAW LINE
G1 X138.047 Y57.539 F7200  ; DRAW LINE
G1 X137.695 Y57.773 F7200  ; DRAW LINE
G0 Z5.00               ; PEN UP

G0 X138.633 Y58.008   ; RAPID TO START
G1 Z0.00 F500    ; PEN DOWN
G4 P100           ; DWELL
G1 X142.617 Y58.008 F7200  ; DRAW LINE
G1 X142.617 Y54.375 F7200  ; DRAW LINE
G1 X141.328 Y54.375 F7200  ; DRAW LINE
G1 X141.328 Y56.719 F7200  ; DRAW LINE
G1 X138.926 Y56.719 F7200  ; DRAW LINE
G1 X138.506 Y57.330 F7200  ; DRAW LINE
G1 X138.516 Y57.598 F7200  ; DRAW LINE
G1 X138.867 Y57.070 F7200  ; DRAW LINE
G1 X141.563 Y57.070 F7200  ; DRAW LINE
G1 X141.563 Y54.727 F7200  ; DRAW LINE
G1 X142.324 Y54.727 F7200  ; DRAW LINE
G1 X142.383 Y57.656 F7200  ; DRAW LINE
G1 X138.926 Y57.656 F7200  ; DRAW LINE
G1 X138.633 Y58.008 F7200  ; DRAW LINE
G0 Z5.00               ; PEN UP

G0 X142.734 Y58.008   ; RAPID TO START
G1 Z0.00 F500    ; PEN DOWN
G4 P100           ; DWELL
G1 X146.895 Y58.008 F7200  ; DRAW LINE
G1 X146.953 Y54.785 F7200  ; DRAW LINE
G1 X146.426 Y54.375 F7200  ; DRAW LINE
G1 X144.551 Y54.375 F7200  ; DRAW LINE
G1 X144.199 Y54.961 F7200  ; DRAW LINE
G1 X144.141 Y54.375 F7200  ; DRAW LINE
G1 X142.734 Y54.375 F7200  ; DRAW LINE
G1 X143.203 Y56.836 F7200  ; DRAW LINE
G1 X142.852 Y57.012 F7200  ; DRAW LINE
G1 X142.734 Y58.008 F7200  ; DRAW LINE
G0 Z5.00               ; PEN UP

G0 X143.086 Y57.656   ; RAPID TO START
G1 Z0.00 F500    ; PEN DOWN
G4 P100           ; DWELL
G1 X143.203 Y57.188 F7200  ; DRAW LINE
G1 X143.555 Y57.070 F7200  ; DRAW LINE
G1 X143.039 Y54.647 F7200  ; DRAW LINE
G1 X143.789 Y54.609 F7200  ; DRAW LINE
G1 X144.609 Y57.070 F7200  ; DRAW LINE
G1 X145.898 Y57.070 F7200  ; DRAW LINE
G1 X146.016 Y56.836 F7200  ; DRAW LINE
G1 X145.898 Y55.313 F7200  ; DRAW LINE
G1 X144.609 Y55.313 F7200  ; DRAW LINE
G1 X144.727 Y54.727 F7200  ; DRAW LINE
G1 X146.044 Y54.609 F7200  ; DRAW LINE
G1 X146.719 Y54.961 F7200  ; DRAW LINE
G1 X146.719 Y57.656 F7200  ; DRAW LINE
G1 X143.086 Y57.656 F7200  ; DRAW LINE
G0 Z5.00               ; PEN UP

G0 X144.609 Y56.719   ; RAPID TO START
G1 Z0.00 F500    ; PEN DOWN
G4 P100           ; DWELL
G1 X144.375 Y55.664 F7200  ; DRAW LINE
G1 X145.664 Y55.664 F7200  ; DRAW LINE
G1 X145.664 Y56.719 F7200  ; DRAW LINE
G1 X144.609 Y56.719 F7200  ; DRAW LINE
G0 Z5.00               ; PEN UP

G0 X148.594 Y57.891   ; RAPID TO START
G1 Z0.00 F500    ; PEN DOWN
G4 P100           ; DWELL
G1 X153.047 Y57.891 F7200  ; DRAW LINE
G1 X153.047 Y54.258 F7200  ; DRAW LINE
G1 X151.641 Y54.258 F7200  ; DRAW LINE
G1 X151.641 Y56.602 F7200  ; DRAW LINE
G1 X150.586 Y56.602 F7200  ; DRAW LINE
G1 X150.586 Y54.785 F7200  ; DRAW LINE
G1 X150.176 Y54.375 F7200  ; DRAW LINE
G1 X148.242 Y54.258 F7200  ; DRAW LINE
G1 X148.594 Y55.430 F7200  ; DRAW LINE
G1 X149.297 Y55.547 F7200  ; DRAW LINE
G1 X149.297 Y56.543 F7200  ; DRAW LINE
G1 X148.808 Y56.751 F7200  ; DRAW LINE
G1 X148.594 Y57.891 F7200  ; DRAW LINE
G0 Z5.00               ; PEN UP

G0 X149.063 Y57.539   ; RAPID TO START
G1 Z0.00 F500    ; PEN DOWN
G4 P100           ; DWELL
G1 X149.063 Y57.070 F7200  ; DRAW LINE
G1 X149.531 Y56.953 F7200  ; DRAW LINE
G1 X149.531 Y55.195 F7200  ; DRAW LINE
G1 X148.828 Y55.195 F7200  ; DRAW LINE
G1 X148.711 Y54.609 F7200  ; DRAW LINE
G1 X150.000 Y54.609 F7200  ; DRAW LINE
G1 X150.352 Y54.961 F7200  ; DRAW LINE
G1 X150.352 Y56.953 F7200  ; DRAW LINE
G1 X151.875 Y56.953 F7200  ; DRAW LINE
G1 X151.875 Y54.609 F7200  ; DRAW LINE
G1 X152.695 Y54.609 F7200  ; DRAW LINE
G1 X152.695 Y57.539 F7200  ; DRAW LINE
G1 X149.063 Y57.539 F7200  ; DRAW LINE
G0 Z5.00               ; PEN UP

G0 X153.164 Y57.891   ; RAPID TO START
G1 Z0.00 F500    ; PEN DOWN
G4 P100           ; DWELL
G1 X154.805 Y57.715 F7200  ; DRAW LINE
G1 X154.688 Y54.258 F7200  ; DRAW LINE
G1 X153.281 Y54.434 F7200  ; DRAW LINE
G1 X153.164 Y57.891 F7200  ; DRAW LINE
G0 Z5.00               ; PEN UP

G0 X153.516 Y57.539   ; RAPID TO START
G1 Z0.00 F500    ; PEN DOWN
G4 P100           ; DWELL
G1 X153.633 Y54.609 F7200  ; DRAW LINE
G1 X154.453 Y54.609 F7200  ; DRAW LINE
G1 X154.453 Y57.539 F7200  ; DRAW LINE
G1 X153.516 Y57.539 F7200  ; DRAW LINE
G0 Z5.00               ; PEN UP

G0 X154.922 Y57.891   ; RAPID TO START
G1 Z0.00 F500    ; PEN DOWN
G4 P100           ; DWELL
G1 X156.445 Y57.715 F7200  ; DRAW LINE
G1 X156.328 Y55.547 F7200  ; DRAW LINE
G1 X155.039 Y55.723 F7200  ; DRAW LINE
G1 X154.922 Y57.891 F7200  ; DRAW LINE
G0 Z5.00               ; PEN UP

G0 X155.273 Y57.539   ; RAPID TO START
G1 Z0.00 F500    ; PEN DOWN
G4 P100           ; DWELL
G1 X155.273 Y55.898 F7200  ; DRAW LINE
G1 X156.094 Y55.898 F7200  ; DRAW LINE
G1 X156.094 Y57.539 F7200  ; DRAW LINE
G1 X155.273 Y57.539 F7200  ; DRAW LINE
G0 Z5.00               ; PEN UP

G0 X156.680 Y57.891   ; RAPID TO START
G1 Z0.00 F500    ; PEN DOWN
G4 P100           ; DWELL
G1 X164.473 Y57.891 F7200  ; DRAW LINE
G1 X164.824 Y54.961 F7200  ; DRAW LINE
G1 X165.176 Y55.430 F7200  ; DRAW LINE
G1 X167.578 Y55.430 F7200  ; DRAW LINE
G1 X167.578 Y56.602 F7200  ; DRAW LINE
G1 X166.406 Y56.543 F7200  ; DRAW LINE
G1 X167.344 Y56.484 F7200  ; DRAW LINE
G1 X167.168 Y55.664 F7200  ; DRAW LINE
G1 X165.645 Y55.547 F7200  ; DRAW LINE
G1 X165.117 Y55.840 F7200  ; DRAW LINE
G1 X164.766 Y57.891 F7200  ; DRAW LINE
G1 X170.684 Y57.891 F7200  ; DRAW LINE
G1 X170.970 Y56.950 F7200  ; DRAW LINE
G1 X171.563 Y57.891 F7200  ; DRAW LINE
G1 X173.906 Y57.715 F7200  ; DRAW LINE
G1 X173.086 Y55.020 F7200  ; DRAW LINE
G1 X172.441 Y54.258 F7200  ; DRAW LINE
G1 X169.805 Y54.375 F7200  ; DRAW LINE
G1 X169.102 Y57.070 F7200  ; DRAW LINE
G1 X168.867 Y57.012 F7200  ; DRAW LINE
G1 X168.867 Y54.785 F7200  ; DRAW LINE
G1 X168.340 Y54.258 F7200  ; DRAW LINE
G1 X163.242 Y54.258 F7200  ; DRAW LINE
G1 X163.242 Y56.602 F7200  ; DRAW LINE
G1 X161.543 Y56.602 F7200  ; DRAW LINE
G1 X161.191 Y57.305 F7200  ; DRAW LINE
G1 X161.133 Y54.258 F7200  ; DRAW LINE
G1 X159.727 Y54.258 F7200  ; DRAW LINE
G1 X159.727 Y56.602 F7200  ; DRAW LINE
G1 X158.672 Y56.602 F7200  ; DRAW LINE
G1 X158.672 Y54.785 F7200  ; DRAW LINE
G1 X158.262 Y54.375 F7200  ; DRAW LINE
G1 X156.211 Y54.258 F7200  ; DRAW LINE
G1 X156.680 Y55.430 F7200  ; DRAW LINE
G1 X157.266 Y55.547 F7200  ; DRAW LINE
G1 X157.266 Y56.543 F7200  ; DRAW LINE
G1 X156.748 Y56.793 F7200  ; DRAW LINE
G1 X156.680 Y57.891 F7200  ; DRAW LINE
G0 Z5.00               ; PEN UP

G0 X157.148 Y57.539   ; RAPID TO START
G1 Z0.00 F500    ; PEN DOWN
G4 P100           ; DWELL
G1 X157.111 Y56.967 F7200  ; DRAW LINE
G1 X157.617 Y56.953 F7200  ; DRAW LINE
G1 X157.617 Y55.195 F7200  ; DRAW LINE
G1 X156.914 Y55.195 F7200  ; DRAW LINE
G1 X156.680 Y54.609 F7200  ; DRAW LINE
G1 X158.203 Y54.609 F7200  ; DRAW LINE
G1 X158.438 Y54.844 F7200  ; DRAW LINE
G1 X158.438 Y56.719 F7200  ; DRAW LINE
G1 X158.672 Y56.953 F7200  ; DRAW LINE
G1 X160.078 Y56.953 F7200  ; DRAW LINE
G1 X160.078 Y54.609 F7200  ; DRAW LINE
G1 X160.781 Y54.609 F7200  ; DRAW LINE
G1 X160.898 Y57.539 F7200  ; DRAW LINE
G1 X157.148 Y57.539 F7200  ; DRAW LINE
G0 Z5.00               ; PEN UP

G0 X161.367 Y57.539   ; RAPID TO START
G1 Z0.00 F500    ; PEN DOWN
G4 P100           ; DWELL
G1 X161.719 Y56.953 F7200  ; DRAW LINE
G1 X163.594 Y56.953 F7200  ; DRAW LINE
G1 X163.594 Y54.492 F7200  ; DRAW LINE
G1 X164.414 Y54.609 F7200  ; DRAW LINE
G1 X164.414 Y57.539 F7200  ; DRAW LINE
G1 X161.367 Y57.539 F7200  ; DRAW LINE
G0 Z5.00               ; PEN UP

G0 X165.117 Y57.539   ; RAPID TO START
G1 Z0.00 F500    ; PEN DOWN
G4 P100           ; DWELL
G1 X165.586 Y55.898 F7200  ; DRAW LINE
G1 X167.161 Y56.011 F7200  ; DRAW LINE
G1 X166.055 Y56.367 F7200  ; DRAW LINE
G1 X166.172 Y56.953 F7200  ; DRAW LINE
G1 X167.813 Y56.953 F7200  ; DRAW LINE
G1 X167.813 Y55.195 F7200  ; DRAW LINE
G1 X165.476 Y55.167 F7200  ; DRAW LINE
G1 X165.117 Y54.492 F7200  ; DRAW LINE
G1 X168.164 Y54.492 F7200  ; DRAW LINE
G1 X168.633 Y54.844 F7200  ; DRAW LINE
G1 X168.633 Y57.539 F7200  ; DRAW LINE
G1 X165.117 Y57.539 F7200  ; DRAW LINE
G0 Z5.00               ; PEN UP

G0 X169.219 Y57.539   ; RAPID TO START
G1 Z0.00 F500    ; PEN DOWN
G4 P100           ; DWELL
G1 X170.039 Y54.609 F7200  ; DRAW LINE
G1 X172.266 Y54.492 F7200  ; DRAW LINE
G1 X172.734 Y54.844 F7200  ; DRAW LINE
G1 X173.438 Y57.539 F7200  ; DRAW LINE
G1 X171.914 Y57.539 F7200  ; DRAW LINE
G1 X171.563 Y57.070 F7200  ; DRAW LINE
G1 X172.383 Y56.953 F7200  ; DRAW LINE
G1 X172.031 Y55.195 F7200  ; DRAW LINE
G1 X170.625 Y55.195 F7200  ; DRAW LINE
G1 X170.508 Y57.539 F7200  ; DRAW LINE
G1 X169.219 Y57.539 F7200  ; DRAW LINE
G0 Z5.00               ; PEN UP

G0 X170.742 Y56.602   ; RAPID TO START
G1 Z0.00 F500    ; PEN DOWN
G4 P100           ; DWELL
G1 X170.889 Y55.504 F7200  ; DRAW LINE
G1 X171.680 Y55.430 F7200  ; DRAW LINE
G1 X172.031 Y56.484 F7200  ; DRAW LINE
G1 X170.742 Y56.602 F7200  ; DRAW LINE
G0 Z5.00               ; PEN UP

G0 X164.766 Y54.961   ; RAPID TO START
G1 Z0.00 F500    ; PEN DOWN
G4 P100           ; DWELL
G1 X164.766 Y54.961 F7200  ; DRAW LINE
G0 Z5.00               ; PEN UP

G0 X75.469 Y57.773   ; RAPID TO START
G1 Z0.00 F500    ; PEN DOWN
G4 P100           ; DWELL
G1 X75.891 Y57.823 F7200  ; DRAW LINE
G1 X75.938 Y57.480 F7200  ; DRAW LINE
G1 X73.477 Y52.441 F7200  ; DRAW LINE
G1 X73.828 Y52.324 F7200  ; DRAW LINE
G1 X73.711 Y47.695 F7200  ; DRAW LINE
G1 X72.773 Y47.695 F7200  ; DRAW LINE
G1 X72.773 Y46.992 F7200  ; DRAW LINE
G1 X74.414 Y47.051 F7200  ; DRAW LINE
G1 X74.590 Y54.141 F7200  ; DRAW LINE
G1 X74.766 Y46.641 F7200  ; DRAW LINE
G1 X72.598 Y46.641 F7200  ; DRAW LINE
G1 X72.422 Y47.930 F7200  ; DRAW LINE
G1 X73.477 Y47.988 F7200  ; DRAW LINE
G1 X73.477 Y52.324 F7200  ; DRAW LINE
G1 X71.719 Y49.160 F7200  ; DRAW LINE
G1 X70.723 Y47.813 F7200  ; DRAW LINE
G1 X70.407 Y48.022 F7200  ; DRAW LINE
G1 X73.201 Y52.726 F7200  ; DRAW LINE
G1 X75.469 Y57.773 F7200  ; DRAW LINE
G0 Z5.00               ; PEN UP

G0 X28.887 Y57.539   ; RAPID TO START
G1 Z0.00 F500    ; PEN DOWN
G4 P100           ; DWELL
G1 X31.113 Y57.539 F7200  ; DRAW LINE
G1 X31.641 Y57.129 F7200  ; DRAW LINE
G1 X31.406 Y56.309 F7200  ; DRAW LINE
G1 X31.797 Y55.645 F7200  ; DRAW LINE
G1 X31.641 Y54.492 F7200  ; DRAW LINE
G1 X28.887 Y54.258 F7200  ; DRAW LINE
G1 X28.359 Y54.668 F7200  ; DRAW LINE
G1 X28.427 Y55.350 F7200  ; DRAW LINE
G1 X29.063 Y55.488 F7200  ; DRAW LINE
G1 X28.477 Y55.664 F7200  ; DRAW LINE
G1 X28.359 Y57.012 F7200  ; DRAW LINE
G1 X28.887 Y57.539 F7200  ; DRAW LINE
G0 Z5.00               ; PEN UP

G0 X29.063 Y57.305   ; RAPID TO START
G1 Z0.00 F500    ; PEN DOWN
G4 P100           ; DWELL
G1 X28.682 Y56.836 F7200  ; DRAW LINE
G1 X28.711 Y55.898 F7200  ; DRAW LINE
G1 X30.820 Y55.781 F7200  ; DRAW LINE
G1 X31.073 Y55.111 F7200  ; DRAW LINE
G1 X30.820 Y54.844 F7200  ; DRAW LINE
G1 X29.180 Y54.844 F7200  ; DRAW LINE
G1 X28.834 Y55.145 F7200  ; DRAW LINE
G1 X28.711 Y54.727 F7200  ; DRAW LINE
G1 X31.289 Y54.609 F7200  ; DRAW LINE
G1 X31.406 Y56.016 F7200  ; DRAW LINE
G1 X29.297 Y56.133 F7200  ; DRAW LINE
G1 X29.034 Y56.527 F7200  ; DRAW LINE
G1 X29.063 Y56.836 F7200  ; DRAW LINE
G1 X31.406 Y56.719 F7200  ; DRAW LINE
G1 X31.289 Y57.188 F7200  ; DRAW LINE
G1 X29.063 Y57.305 F7200  ; DRAW LINE
G0 Z5.00               ; PEN UP

G0 X29.414 Y56.602   ; RAPID TO START
G1 Z0.00 F500    ; PEN DOWN
G4 P100           ; DWELL
G1 X29.531 Y56.367 F7200  ; DRAW LINE
G1 X30.703 Y56.367 F7200  ; DRAW LINE
G1 X30.703 Y56.602 F7200  ; DRAW LINE
G1 X29.414 Y56.602 F7200  ; DRAW LINE
G0 Z5.00               ; PEN UP

G0 X29.766 Y55.547   ; RAPID TO START
G1 Z0.00 F500    ; PEN DOWN
G4 P100           ; DWELL
G1 X29.414 Y55.430 F7200  ; DRAW LINE
G1 X29.531 Y55.195 F7200  ; DRAW LINE
G1 X30.820 Y55.313 F7200  ; DRAW LINE
G1 X30.439 Y55.605 F7200  ; DRAW LINE
G1 X29.766 Y55.547 F7200  ; DRAW LINE
G0 Z5.00               ; PEN UP

G0 X44.473 Y57.539   ; RAPID TO START
G1 Z0.00 F500    ; PEN DOWN
G4 P100           ; DWELL
G1 X47.461 Y57.422 F7200  ; DRAW LINE
G1 X47.578 Y54.668 F7200  ; DRAW LINE
G1 X46.934 Y54.258 F7200  ; DRAW LINE
G1 X44.590 Y54.258 F7200  ; DRAW LINE
G1 X44.063 Y54.668 F7200  ; DRAW LINE
G1 X44.063 Y57.129 F7200  ; DRAW LINE
G1 X44.473 Y57.539 F7200  ; DRAW LINE
G0 Z5.00               ; PEN UP

G0 X44.766 Y57.305   ; RAPID TO START
G1 Z0.00 F500    ; PEN DOWN
G4 P100           ; DWELL
G1 X44.297 Y56.953 F7200  ; DRAW LINE
G1 X44.297 Y54.727 F7200  ; DRAW LINE
G1 X47.109 Y54.609 F7200  ; DRAW LINE
G1 X47.344 Y54.844 F7200  ; DRAW LINE
G1 X47.227 Y57.188 F7200  ; DRAW LINE
G1 X44.766 Y57.305 F7200  ; DRAW LINE
G0 Z5.00               ; PEN UP

G0 X47.930 Y57.539   ; RAPID TO START
G1 Z0.00 F500    ; PEN DOWN
G4 P100           ; DWELL
G1 X50.566 Y57.539 F7200  ; DRAW LINE
G1 X51.094 Y57.129 F7200  ; DRAW LINE
G1 X51.071 Y55.756 F7200  ; DRAW LINE
G1 X50.508 Y55.371 F7200  ; DRAW LINE
G1 X51.211 Y54.844 F7200  ; DRAW LINE
G1 X52.500 Y57.539 F7200  ; DRAW LINE
G1 X53.379 Y57.539 F7200  ; DRAW LINE
G1 X55.078 Y54.258 F7200  ; DRAW LINE
G1 X54.082 Y54.258 F7200  ; DRAW LINE
G1 X53.672 Y54.961 F7200  ; DRAW LINE
G1 X52.324 Y54.961 F7200  ; DRAW LINE
G1 X51.855 Y54.258 F7200  ; DRAW LINE
G1 X50.215 Y54.258 F7200  ; DRAW LINE
G1 X49.160 Y55.430 F7200  ; DRAW LINE
G1 X48.867 Y55.254 F7200  ; DRAW LINE
G1 X48.867 Y54.258 F7200  ; DRAW LINE
G1 X47.930 Y54.258 F7200  ; DRAW LINE
G1 X47.930 Y57.539 F7200  ; DRAW LINE
G0 Z5.00               ; PEN UP

G0 X48.398 Y57.305   ; RAPID TO START
G1 Z0.00 F500    ; PEN DOWN
G4 P100           ; DWELL
G1 X48.164 Y57.070 F7200  ; DRAW LINE
G1 X48.164 Y54.492 F7200  ; DRAW LINE
G1 X48.633 Y54.609 F7200  ; DRAW LINE
G1 X48.633 Y55.664 F7200  ; DRAW LINE
G1 X49.453 Y55.664 F7200  ; DRAW LINE
G1 X50.391 Y54.609 F7200  ; DRAW LINE
G1 X50.742 Y54.609 F7200  ; DRAW LINE
G1 X49.922 Y55.547 F7200  ; DRAW LINE
G1 X50.742 Y55.781 F7200  ; DRAW LINE
G1 X50.742 Y57.188 F7200  ; DRAW LINE
G1 X48.398 Y57.305 F7200  ; DRAW LINE
G0 Z5.00               ; PEN UP

G0 X52.852 Y57.188   ; RAPID TO START
G1 Z0.00 F500    ; PEN DOWN
G4 P100           ; DWELL
G1 X51.328 Y54.609 F7200  ; DRAW LINE
G1 X51.797 Y54.609 F7200  ; DRAW LINE
G1 X52.266 Y55.195 F7200  ; DRAW LINE
G1 X53.906 Y55.195 F7200  ; DRAW LINE
G1 X54.023 Y54.727 F7200  ; DRAW LINE
G1 X54.609 Y54.492 F7200  ; DRAW LINE
G1 X53.302 Y57.216 F7200  ; DRAW LINE
G1 X52.852 Y57.188 F7200  ; DRAW LINE
G0 Z5.00               ; PEN UP

G0 X54.258 Y57.539   ; RAPID TO START
G1 Z0.00 F500    ; PEN DOWN
G4 P100           ; DWELL
G1 X57.598 Y57.539 F7200  ; DRAW LINE
G1 X57.656 Y57.246 F7200  ; DRAW LINE
G1 X58.066 Y57.539 F7200  ; DRAW LINE
G1 X60.762 Y57.539 F7200  ; DRAW LINE
G1 X61.172 Y57.246 F7200  ; DRAW LINE
G1 X61.172 Y54.668 F7200  ; DRAW LINE
G1 X60.645 Y54.258 F7200  ; DRAW LINE
G1 X58.301 Y54.258 F7200  ; DRAW LINE
G1 X57.656 Y54.668 F7200  ; DRAW LINE
G1 X57.656 Y56.426 F7200  ; DRAW LINE
G1 X56.660 Y56.602 F7200  ; DRAW LINE
G1 X56.484 Y54.258 F7200  ; DRAW LINE
G1 X55.605 Y54.258 F7200  ; DRAW LINE
G1 X55.430 Y56.602 F7200  ; DRAW LINE
G1 X54.258 Y56.602 F7200  ; DRAW LINE
G1 X54.258 Y57.539 F7200  ; DRAW LINE
G0 Z5.00               ; PEN UP

G0 X55.313 Y57.305   ; RAPID TO START
G1 Z0.00 F500    ; PEN DOWN
G4 P100           ; DWELL
G1 X54.492 Y57.188 F7200  ; DRAW LINE
G1 X54.727 Y56.836 F7200  ; DRAW LINE
G1 X55.781 Y56.836 F7200  ; DRAW LINE
G1 X55.781 Y54.609 F7200  ; DRAW LINE
G1 X56.156 Y54.497 F7200  ; DRAW LINE
G1 X56.250 Y56.836 F7200  ; DRAW LINE
G1 X57.305 Y56.836 F7200  ; DRAW LINE
G1 X57.422 Y57.070 F7200  ; DRAW LINE
G1 X55.313 Y57.305 F7200  ; DRAW LINE
G0 Z5.00               ; PEN UP

G0 X58.477 Y57.305   ; RAPID TO START
G1 Z0.00 F500    ; PEN DOWN
G4 P100           ; DWELL
G1 X57.891 Y56.836 F7200  ; DRAW LINE
G1 X58.008 Y54.609 F7200  ; DRAW LINE
G1 X60.938 Y54.727 F7200  ; DRAW LINE
G1 X60.820 Y57.188 F7200  ; DRAW LINE
G1 X58.477 Y57.305 F7200  ; DRAW LINE
G0 Z5.00               ; PEN UP

G0 X61.406 Y57.539   ; RAPID TO START
G1 Z0.00 F500    ; PEN DOWN
G4 P100           ; DWELL
G1 X65.332 Y57.539 F7200  ; DRAW LINE
G1 X66.152 Y56.602 F7200  ; DRAW LINE
G1 X67.090 Y57.539 F7200  ; DRAW LINE
G1 X68.086 Y57.363 F7200  ; DRAW LINE
G1 X66.797 Y55.840 F7200  ; DRAW LINE
G1 X66.504 Y54.258 F7200  ; DRAW LINE
G1 X65.665 Y54.369 F7200  ; DRAW LINE
G1 X65.625 Y55.723 F7200  ; DRAW LINE
G1 X64.746 Y56.719 F7200  ; DRAW LINE
G1 X64.570 Y55.723 F7200  ; DRAW LINE
G1 X64.102 Y55.371 F7200  ; DRAW LINE
G1 X64.922 Y54.434 F7200  ; DRAW LINE
G1 X63.809 Y54.258 F7200  ; DRAW LINE
G1 X62.754 Y55.430 F7200  ; DRAW LINE
G1 X62.461 Y55.371 F7200  ; DRAW LINE
G1 X62.461 Y54.434 F7200  ; DRAW LINE
G1 X62.096 Y54.224 F7200  ; DRAW LINE
G1 X61.406 Y54.434 F7200  ; DRAW LINE
G1 X61.406 Y57.539 F7200  ; DRAW LINE
G0 Z5.00               ; PEN UP

G0 X62.109 Y57.305   ; RAPID TO START
G1 Z0.00 F500    ; PEN DOWN
G4 P100           ; DWELL
G1 X61.758 Y57.070 F7200  ; DRAW LINE
G1 X61.758 Y54.609 F7200  ; DRAW LINE
G1 X62.227 Y54.609 F7200  ; DRAW LINE
G1 X62.227 Y55.664 F7200  ; DRAW LINE
G1 X63.047 Y55.664 F7200  ; DRAW LINE
G1 X63.867 Y54.609 F7200  ; DRAW LINE
G1 X64.336 Y54.609 F7200  ; DRAW LINE
G1 X63.516 Y55.664 F7200  ; DRAW LINE
G1 X64.336 Y55.898 F7200  ; DRAW LINE
G1 X64.336 Y56.953 F7200  ; DRAW LINE
G1 X63.633 Y57.305 F7200  ; DRAW LINE
G1 X62.109 Y57.305 F7200  ; DRAW LINE
G0 Z5.00               ; PEN UP

G0 X64.805 Y57.305   ; RAPID TO START
G1 Z0.00 F500    ; PEN DOWN
G4 P100           ; DWELL
G1 X65.977 Y55.664 F7200  ; DRAW LINE
G1 X65.977 Y54.609 F7200  ; DRAW LINE
G1 X66.445 Y54.609 F7200  ; DRAW LINE
G1 X66.445 Y55.781 F7200  ; DRAW LINE
G1 X67.617 Y57.188 F7200  ; DRAW LINE
G1 X67.383 Y57.305 F7200  ; DRAW LINE
G1 X65.977 Y56.133 F7200  ; DRAW LINE
G1 X65.381 Y57.094 F7200  ; DRAW LINE
G1 X64.805 Y57.305 F7200  ; DRAW LINE
G0 Z5.00               ; PEN UP

G0 X41.367 Y56.953   ; RAPID TO START
G1 Z0.00 F500    ; PEN DOWN
G4 P100           ; DWELL
G1 X42.949 Y56.953 F7200  ; DRAW LINE
G1 X43.242 Y56.426 F7200  ; DRAW LINE
G1 X43.125 Y56.133 F7200  ; DRAW LINE
G1 X41.367 Y56.133 F7200  ; DRAW LINE
G1 X41.367 Y56.953 F7200  ; DRAW LINE
G0 Z5.00               ; PEN UP

G0 X41.719 Y56.602   ; RAPID TO START
G1 Z0.00 F500    ; PEN DOWN
G4 P100           ; DWELL
G1 X41.836 Y56.367 F7200  ; DRAW LINE
G1 X42.891 Y56.367 F7200  ; DRAW LINE
G1 X42.891 Y56.602 F7200  ; DRAW LINE
G1 X41.719 Y56.602 F7200  ; DRAW LINE
G0 Z5.00               ; PEN UP

G0 X48.633 Y56.953   ; RAPID TO START
G1 Z0.00 F500    ; PEN DOWN
G4 P100           ; DWELL
G1 X50.215 Y56.953 F7200  ; DRAW LINE
G1 X50.391 Y56.016 F7200  ; DRAW LINE
G1 X48.633 Y56.016 F7200  ; DRAW LINE
G1 X48.633 Y56.953 F7200  ; DRAW LINE
G0 Z5.00               ; PEN UP

G0 X48.867 Y56.602   ; RAPID TO START
G1 Z0.00 F500    ; PEN DOWN
G4 P100           ; DWELL
G1 X48.867 Y56.250 F7200  ; DRAW LINE
G1 X50.156 Y56.367 F7200  ; DRAW LINE
G1 X50.156 Y56.602 F7200  ; DRAW LINE
G1 X48.867 Y56.602 F7200  ; DRAW LINE
G0 Z5.00               ; PEN UP

G0 X62.285 Y56.953   ; RAPID TO START
G1 Z0.00 F500    ; PEN DOWN
G4 P100           ; DWELL
G1 X63.870 Y56.939 F7200  ; DRAW LINE
G1 X63.994 Y56.205 F7200  ; DRAW LINE
G1 X62.285 Y56.016 F7200  ; DRAW LINE
G1 X62.066 Y56.516 F7200  ; DRAW LINE
G1 X62.285 Y56.953 F7200  ; DRAW LINE
G0 Z5.00               ; PEN UP

G0 X62.461 Y56.602   ; RAPID TO START
G1 Z0.00 F500    ; PEN DOWN
G4 P100           ; DWELL
G1 X63.000 Y56.180 F7200  ; DRAW LINE
G1 X63.750 Y56.367 F7200  ; DRAW LINE
G1 X63.750 Y56.602 F7200  ; DRAW LINE
G1 X62.461 Y56.602 F7200  ; DRAW LINE
G0 Z5.00               ; PEN UP

G0 X38.555 Y56.836   ; RAPID TO START
G1 Z0.00 F500    ; PEN DOWN
G4 P100           ; DWELL
G1 X39.375 Y55.723 F7200  ; DRAW LINE
G1 X39.199 Y55.547 F7200  ; DRAW LINE
G1 X38.086 Y55.547 F7200  ; DRAW LINE
G1 X38.555 Y56.836 F7200  ; DRAW LINE
G0 Z5.00               ; PEN UP

G0 X38.672 Y56.250   ; RAPID TO START
G1 Z0.00 F500    ; PEN DOWN
G4 P100           ; DWELL
G1 X38.709 Y55.725 F7200  ; DRAW LINE
G1 X38.906 Y55.781 F7200  ; DRAW LINE
G1 X38.672 Y56.250 F7200  ; DRAW LINE
G0 Z5.00               ; PEN UP

G0 X44.766 Y56.836   ; RAPID TO START
G1 Z0.00 F500    ; PEN DOWN
G4 P100           ; DWELL
G1 X46.875 Y56.836 F7200  ; DRAW LINE
G1 X46.829 Y54.948 F7200  ; DRAW LINE
G1 X44.766 Y54.844 F7200  ; DRAW LINE
G1 X44.766 Y56.836 F7200  ; DRAW LINE
G0 Z5.00               ; PEN UP

G0 X45.000 Y56.602   ; RAPID TO START
G1 Z0.00 F500    ; PEN DOWN
G4 P100           ; DWELL
G1 X45.000 Y55.195 F7200  ; DRAW LINE
G1 X46.523 Y55.195 F7200  ; DRAW LINE
G1 X46.523 Y56.602 F7200  ; DRAW LINE
G1 X45.000 Y56.602 F7200  ; DRAW LINE
G0 Z5.00               ; PEN UP

G0 X52.852 Y56.836   ; RAPID TO START
G1 Z0.00 F500    ; PEN DOWN
G4 P100           ; DWELL
G1 X53.088 Y56.835 F7200  ; DRAW LINE
G1 X53.555 Y55.547 F7200  ; DRAW LINE
G1 X52.266 Y55.605 F7200  ; DRAW LINE
G1 X52.852 Y56.836 F7200  ; DRAW LINE
G0 Z5.00               ; PEN UP

G0 X52.852 Y56.133   ; RAPID TO START
G1 Z0.00 F500    ; PEN DOWN
G4 P100           ; DWELL
G1 X52.852 Y55.781 F7200  ; DRAW LINE
G1 X53.203 Y55.767 F7200  ; DRAW LINE
G1 X52.852 Y56.133 F7200  ; DRAW LINE
G0 Z5.00               ; PEN UP

G0 X58.359 Y56.836   ; RAPID TO START
G1 Z0.00 F500    ; PEN DOWN
G4 P100           ; DWELL
G1 X60.469 Y56.836 F7200  ; DRAW LINE
G1 X60.469 Y55.020 F7200  ; DRAW LINE
G1 X58.535 Y54.844 F7200  ; DRAW LINE
G1 X58.359 Y56.836 F7200  ; DRAW LINE
G0 Z5.00               ; PEN UP

G0 X58.711 Y56.602   ; RAPID TO START
G1 Z0.00 F500    ; PEN DOWN
G4 P100           ; DWELL
G1 X58.594 Y55.313 F7200  ; DRAW LINE
G1 X60.234 Y55.195 F7200  ; DRAW LINE
G1 X60.234 Y56.602 F7200  ; DRAW LINE
G1 X58.711 Y56.602 F7200  ; DRAW LINE
G0 Z5.00               ; PEN UP

G0 X138.633 Y56.602   ; RAPID TO START
G1 Z0.00 F500    ; PEN DOWN
G4 P100           ; DWELL
G1 X140.039 Y56.602 F7200  ; DRAW LINE
G1 X140.039 Y54.375 F7200  ; DRAW LINE
G1 X138.633 Y54.375 F7200  ; DRAW LINE
G1 X138.633 Y56.602 F7200  ; DRAW LINE
G0 Z5.00               ; PEN UP

G0 X138.867 Y56.367   ; RAPID TO START
G1 Z0.00 F500    ; PEN DOWN
G4 P100           ; DWELL
G1 X138.867 Y54.727 F7200  ; DRAW LINE
G1 X139.688 Y54.609 F7200  ; DRAW LINE
G1 X139.805 Y56.133 F7200  ; DRAW LINE
G1 X138.867 Y56.367 F7200  ; DRAW LINE
G0 Z5.00               ; PEN UP

G0 X15.117 Y55.781   ; RAPID TO START
G1 Z0.00 F500    ; PEN DOWN
G4 P100           ; DWELL
G1 X16.934 Y55.781 F7200  ; DRAW LINE
G1 X17.109 Y55.020 F7200  ; DRAW LINE
G1 X15.117 Y54.844 F7200  ; DRAW LINE
G1 X15.117 Y55.781 F7200  ; DRAW LINE
G0 Z5.00               ; PEN UP

G0 X15.586 Y55.547   ; RAPID TO START
G1 Z0.00 F500    ; PEN DOWN
G4 P100           ; DWELL
G1 X15.586 Y55.195 F7200  ; DRAW LINE
G1 X16.875 Y55.195 F7200  ; DRAW LINE
G1 X16.758 Y55.547 F7200  ; DRAW LINE
G1 X15.586 Y55.547 F7200  ; DRAW LINE
G0 Z5.00               ; PEN UP

G0 X41.367 Y55.781   ; RAPID TO START
G1 Z0.00 F500    ; PEN DOWN
G4 P100           ; DWELL
G1 X43.066 Y55.781 F7200  ; DRAW LINE
G1 X43.228 Y55.093 F7200  ; DRAW LINE
G1 X42.949 Y54.844 F7200  ; DRAW LINE
G1 X41.367 Y54.844 F7200  ; DRAW LINE
G1 X41.367 Y55.781 F7200  ; DRAW LINE
G0 Z5.00               ; PEN UP

G0 X41.719 Y55.547   ; RAPID TO START
G1 Z0.00 F500    ; PEN DOWN
G4 P100           ; DWELL
G1 X41.836 Y55.195 F7200  ; DRAW LINE
G1 X42.891 Y55.195 F7200  ; DRAW LINE
G1 X42.891 Y55.547 F7200  ; DRAW LINE
G1 X41.719 Y55.547 F7200  ; DRAW LINE
G0 Z5.00               ; PEN UP

G0 X101.309 Y55.430   ; RAPID TO START
G1 Z0.00 F500    ; PEN DOWN
G4 P100           ; DWELL
G1 X101.367 Y46.641 F7200  ; DRAW LINE
G1 X87.539 Y46.699 F7200  ; DRAW LINE
G1 X87.539 Y49.805 F7200  ; DRAW LINE
G1 X87.773 Y49.746 F7200  ; DRAW LINE
G1 X87.949 Y46.875 F7200  ; DRAW LINE
G1 X100.957 Y46.875 F7200  ; DRAW LINE
G1 X101.309 Y55.430 F7200  ; DRAW LINE
G0 Z5.00               ; PEN UP

G0 X88.477 Y55.313   ; RAPID TO START
G1 Z0.00 F500    ; PEN DOWN
G4 P100           ; DWELL
G1 X88.711 Y55.254 F7200  ; DRAW LINE
G1 X88.711 Y50.391 F7200  ; DRAW LINE
G1 X88.477 Y50.449 F7200  ; DRAW LINE
G1 X88.477 Y55.313 F7200  ; DRAW LINE
G0 Z5.00               ; PEN UP

G0 X87.598 Y54.727   ; RAPID TO START
G1 Z0.00 F500    ; PEN DOWN
G4 P100           ; DWELL
G1 X87.773 Y50.742 F7200  ; DRAW LINE
G1 X87.539 Y50.801 F7200  ; DRAW LINE
G1 X87.422 Y52.441 F7200  ; DRAW LINE
G1 X87.598 Y54.727 F7200  ; DRAW LINE
G0 Z5.00               ; PEN UP

G0 X114.668 Y54.258   ; RAPID TO START
G1 Z0.00 F500    ; PEN DOWN
G4 P100           ; DWELL
G1 X114.902 Y46.875 F7200  ; DRAW LINE
G1 X116.927 Y46.872 F7200  ; DRAW LINE
G1 X117.101 Y47.245 F7200  ; DRAW LINE
G1 X116.895 Y47.695 F7200  ; DRAW LINE
G1 X115.547 Y47.754 F7200  ; DRAW LINE
G1 X115.547 Y54.258 F7200  ; DRAW LINE
G1 X115.781 Y54.199 F7200  ; DRAW LINE
G1 X115.898 Y47.930 F7200  ; DRAW LINE
G1 X117.305 Y47.930 F7200  ; DRAW LINE
G1 X117.305 Y46.641 F7200  ; DRAW LINE
G1 X114.492 Y46.816 F7200  ; DRAW LINE
G1 X114.668 Y54.258 F7200  ; DRAW LINE
G0 Z5.00               ; PEN UP

G0 X145.898 Y49.922   ; RAPID TO START
G1 Z0.00 F500    ; PEN DOWN
G4 P100           ; DWELL
G1 X146.602 Y49.922 F7200  ; DRAW LINE
G1 X146.777 Y49.336 F7200  ; DRAW LINE
G1 X148.359 Y49.336 F7200  ; DRAW LINE
G1 X148.418 Y48.984 F7200  ; DRAW LINE
G1 X148.729 Y49.318 F7200  ; DRAW LINE
G1 X149.355 Y49.336 F7200  ; DRAW LINE
G1 X150.117 Y48.750 F7200  ; DRAW LINE
G1 X150.234 Y49.336 F7200  ; DRAW LINE
G1 X151.289 Y49.102 F7200  ; DRAW LINE
G1 X151.348 Y49.336 F7200  ; DRAW LINE
G1 X153.633 Y49.336 F7200  ; DRAW LINE
G1 X153.633 Y46.816 F7200  ; DRAW LINE
G1 X152.909 Y46.790 F7200  ; DRAW LINE
G1 X152.813 Y48.633 F7200  ; DRAW LINE
G1 X151.230 Y48.750 F7200  ; DRAW LINE
G1 X150.469 Y48.105 F7200  ; DRAW LINE
G1 X151.289 Y46.816 F7200  ; DRAW LINE
G1 X150.251 Y46.992 F7200  ; DRAW LINE
G1 X149.590 Y47.930 F7200  ; DRAW LINE
G1 X149.063 Y46.875 F7200  ; DRAW LINE
G1 X148.359 Y46.875 F7200  ; DRAW LINE
G1 X149.063 Y48.457 F7200  ; DRAW LINE
G1 X148.301 Y48.867 F7200  ; DRAW LINE
G1 X148.008 Y47.168 F7200  ; DRAW LINE
G1 X147.715 Y46.875 F7200  ; DRAW LINE
G1 X146.543 Y46.875 F7200  ; DRAW LINE
G1 X146.367 Y47.402 F7200  ; DRAW LINE
G1 X147.305 Y47.578 F7200  ; DRAW LINE
G1 X147.539 Y48.457 F7200  ; DRAW LINE
G1 X146.074 Y48.516 F7200  ; DRAW LINE
G1 X145.898 Y49.922 F7200  ; DRAW LINE
G0 Z5.00               ; PEN UP

G0 X146.133 Y49.688   ; RAPID TO START
G1 Z0.00 F500    ; PEN DOWN
G4 P100           ; DWELL
G1 X146.133 Y48.867 F7200  ; DRAW LINE
G1 X147.773 Y48.867 F7200  ; DRAW LINE
G1 X147.539 Y47.344 F7200  ; DRAW LINE
G1 X146.836 Y47.109 F7200  ; DRAW LINE
G1 X147.656 Y47.109 F7200  ; DRAW LINE
G1 X148.008 Y49.102 F7200  ; DRAW LINE
G1 X146.367 Y49.102 F7200  ; DRAW LINE
G1 X146.426 Y49.600 F7200  ; DRAW LINE
G1 X146.133 Y49.688 F7200  ; DRAW LINE
G0 Z5.00               ; PEN UP

G0 X148.828 Y49.102   ; RAPID TO START
G1 Z0.00 F500    ; PEN DOWN
G4 P100           ; DWELL
G1 X150.586 Y47.344 F7200  ; DRAW LINE
G1 X149.804 Y48.593 F7200  ; DRAW LINE
G1 X148.828 Y49.102 F7200  ; DRAW LINE
G0 Z5.00               ; PEN UP

G0 X151.758 Y49.102   ; RAPID TO START
G1 Z0.00 F500    ; PEN DOWN
G4 P100           ; DWELL
G1 X151.875 Y48.867 F7200  ; DRAW LINE
G1 X153.047 Y48.867 F7200  ; DRAW LINE
G1 X153.164 Y47.109 F7200  ; DRAW LINE
G1 X153.398 Y47.109 F7200  ; DRAW LINE
G1 X153.281 Y49.102 F7200  ; DRAW LINE
G1 X151.758 Y49.102 F7200  ; DRAW LINE
G0 Z5.00               ; PEN UP

G0 X150.469 Y48.984   ; RAPID TO START
G1 Z0.00 F500    ; PEN DOWN
G4 P100           ; DWELL
G1 X150.234 Y48.398 F7200  ; DRAW LINE
G1 X150.820 Y48.750 F7200  ; DRAW LINE
G1 X150.791 Y49.043 F7200  ; DRAW LINE
G1 X150.469 Y48.984 F7200  ; DRAW LINE
G0 Z5.00               ; PEN UP

G0 X149.297 Y48.281   ; RAPID TO START
G1 Z0.00 F500    ; PEN DOWN
G4 P100           ; DWELL
G1 X148.828 Y47.109 F7200  ; DRAW LINE
G1 X149.297 Y48.281 F7200  ; DRAW LINE
G0 Z5.00               ; PEN UP

G0 X150.703 Y47.344   ; RAPID TO START
G1 Z0.00 F500    ; PEN DOWN
G4 P100           ; DWELL
G1 X150.703 Y47.344 F7200  ; DRAW LINE
G0 Z5.00               ; PEN UP

G0 X150.820 Y47.227   ; RAPID TO START
G1 Z0.00 F500    ; PEN DOWN
G4 P100           ; DWELL
G1 X150.820 Y47.227 F7200  ; DRAW LINE
G0 Z5.00               ; PEN UP

G0 X159.258 Y49.688   ; RAPID TO START
G1 Z0.00 F500    ; PEN DOWN
G4 P100           ; DWELL
G1 X159.961 Y49.629 F7200  ; DRAW LINE
G1 X160.020 Y49.336 F7200  ; DRAW LINE
G1 X162.539 Y49.336 F7200  ; DRAW LINE
G1 X162.422 Y46.875 F7200  ; DRAW LINE
G1 X159.812 Y46.791 F7200  ; DRAW LINE
G1 X159.961 Y47.578 F7200  ; DRAW LINE
G1 X160.898 Y47.637 F7200  ; DRAW LINE
G1 X160.062 Y47.832 F7200  ; DRAW LINE
G1 X159.785 Y48.867 F7200  ; DRAW LINE
G1 X159.434 Y48.398 F7200  ; DRAW LINE
G1 X159.141 Y48.457 F7200  ; DRAW LINE
G1 X159.258 Y49.688 F7200  ; DRAW LINE
G0 Z5.00               ; PEN UP

G0 X160.078 Y49.102   ; RAPID TO START
G1 Z0.00 F500    ; PEN DOWN
G4 P100           ; DWELL
G1 X160.195 Y48.047 F7200  ; DRAW LINE
G1 X160.664 Y47.930 F7200  ; DRAW LINE
G1 X160.430 Y48.867 F7200  ; DRAW LINE
G1 X161.953 Y48.867 F7200  ; DRAW LINE
G1 X161.953 Y47.227 F7200  ; DRAW LINE
G1 X160.195 Y47.227 F7200  ; DRAW LINE
G1 X160.313 Y46.992 F7200  ; DRAW LINE
G1 X162.188 Y47.109 F7200  ; DRAW LINE
G1 X162.188 Y49.102 F7200  ; DRAW LINE
G1 X160.078 Y49.102 F7200  ; DRAW LINE
G0 Z5.00               ; PEN UP

G0 X160.664 Y48.633   ; RAPID TO START
G1 Z0.00 F500    ; PEN DOWN
G4 P100           ; DWELL
G1 X160.664 Y48.281 F7200  ; DRAW LINE
G1 X161.367 Y48.281 F7200  ; DRAW LINE
G1 X161.367 Y47.695 F7200  ; DRAW LINE
G1 X161.016 Y47.578 F7200  ; DRAW LINE
G1 X161.719 Y47.648 F7200  ; DRAW LINE
G1 X161.602 Y48.633 F7200  ; DRAW LINE
G1 X160.664 Y48.633 F7200  ; DRAW LINE
G0 Z5.00               ; PEN UP

G0 X168.691 Y49.453   ; RAPID TO START
G1 Z0.00 F500    ; PEN DOWN
G4 P100           ; DWELL
G1 X168.867 Y47.520 F7200  ; DRAW LINE
G1 X168.457 Y46.758 F7200  ; DRAW LINE
G1 X165.354 Y46.767 F7200  ; DRAW LINE
G1 X165.234 Y48.633 F7200  ; DRAW LINE
G1 X163.887 Y48.633 F7200  ; DRAW LINE
G1 X163.672 Y48.965 F7200  ; DRAW LINE
G1 X163.711 Y49.336 F7200  ; DRAW LINE
G1 X168.691 Y49.453 F7200  ; DRAW LINE
G0 Z5.00               ; PEN UP

G0 X163.945 Y49.102   ; RAPID TO START
G1 Z0.00 F500    ; PEN DOWN
G4 P100           ; DWELL
G1 X164.063 Y48.867 F7200  ; DRAW LINE
G1 X165.469 Y48.867 F7200  ; DRAW LINE
G1 X165.469 Y47.109 F7200  ; DRAW LINE
G1 X165.703 Y47.109 F7200  ; DRAW LINE
G1 X165.703 Y49.102 F7200  ; DRAW LINE
G1 X163.945 Y49.102 F7200  ; DRAW LINE
G0 Z5.00               ; PEN UP

G0 X166.406 Y49.102   ; RAPID TO START
G1 Z0.00 F500    ; PEN DOWN
G4 P100           ; DWELL
G1 X166.641 Y48.281 F7200  ; DRAW LINE
G1 X166.875 Y48.867 F7200  ; DRAW LINE
G1 X168.281 Y48.867 F7200  ; DRAW LINE
G1 X168.281 Y47.344 F7200  ; DRAW LINE
G1 X166.523 Y47.109 F7200  ; DRAW LINE
G1 X168.516 Y47.109 F7200  ; DRAW LINE
G1 X168.516 Y49.102 F7200  ; DRAW LINE
G1 X166.406 Y49.102 F7200  ; DRAW LINE
G0 Z5.00               ; PEN UP

G0 X166.172 Y48.867   ; RAPID TO START
G1 Z0.00 F500    ; PEN DOWN
G4 P100           ; DWELL
G1 X166.172 Y47.227 F7200  ; DRAW LINE
G1 X166.758 Y47.578 F7200  ; DRAW LINE
G1 X166.172 Y48.867 F7200  ; DRAW LINE
G0 Z5.00               ; PEN UP

G0 X166.992 Y48.633   ; RAPID TO START
G1 Z0.00 F500    ; PEN DOWN
G4 P100           ; DWELL
G1 X166.992 Y48.398 F7200  ; DRAW LINE
G1 X167.578 Y48.281 F7200  ; DRAW LINE
G1 X167.695 Y47.813 F7200  ; DRAW LINE
G1 X166.992 Y47.578 F7200  ; DRAW LINE
G1 X167.930 Y47.578 F7200  ; DRAW LINE
G1 X167.930 Y48.633 F7200  ; DRAW LINE
G1 X166.992 Y48.633 F7200  ; DRAW LINE
G0 Z5.00               ; PEN UP

G0 X166.758 Y48.281   ; RAPID TO START
G1 Z0.00 F500    ; PEN DOWN
G4 P100           ; DWELL
G1 X166.717 Y48.019 F7200  ; DRAW LINE
G1 X166.758 Y48.281 F7200  ; DRAW LINE
G0 Z5.00               ; PEN UP

G0 X126.914 Y49.336   ; RAPID TO START
G1 Z0.00 F500    ; PEN DOWN
G4 P100           ; DWELL
G1 X129.727 Y49.336 F7200  ; DRAW LINE
G1 X129.727 Y46.934 F7200  ; DRAW LINE
G1 X127.207 Y46.758 F7200  ; DRAW LINE
G1 X126.914 Y49.336 F7200  ; DRAW LINE
G0 Z5.00               ; PEN UP

G0 X127.383 Y49.102   ; RAPID TO START
G1 Z0.00 F500    ; PEN DOWN
G4 P100           ; DWELL
G1 X127.500 Y46.992 F7200  ; DRAW LINE
G1 X129.492 Y47.109 F7200  ; DRAW LINE
G1 X129.492 Y49.102 F7200  ; DRAW LINE
G1 X127.383 Y49.102 F7200  ; DRAW LINE
G0 Z5.00               ; PEN UP

G0 X129.961 Y49.336   ; RAPID TO START
G1 Z0.00 F500    ; PEN DOWN
G4 P100           ; DWELL
G1 X130.781 Y49.336 F7200  ; DRAW LINE
G1 X130.781 Y47.168 F7200  ; DRAW LINE
G1 X131.016 Y47.109 F7200  ; DRAW LINE
G1 X131.602 Y48.633 F7200  ; DRAW LINE
G1 X131.014 Y48.634 F7200  ; DRAW LINE
G1 X131.133 Y49.336 F7200  ; DRAW LINE
G1 X131.895 Y49.336 F7200  ; DRAW LINE
G1 X132.598 Y48.750 F7200  ; DRAW LINE
G1 X132.891 Y49.336 F7200  ; DRAW LINE
G1 X133.618 Y49.280 F7200  ; DRAW LINE
G1 X133.828 Y48.691 F7200  ; DRAW LINE
G1 X133.242 Y48.516 F7200  ; DRAW LINE
G1 X133.008 Y47.988 F7200  ; DRAW LINE
G1 X133.945 Y47.227 F7200  ; DRAW LINE
G1 X134.121 Y47.578 F7200  ; DRAW LINE
G1 X135.586 Y47.578 F7200  ; DRAW LINE
G1 X135.586 Y48.633 F7200  ; DRAW LINE
G1 X134.121 Y48.633 F7200  ; DRAW LINE
G1 X133.945 Y49.336 F7200  ; DRAW LINE
G1 X136.230 Y49.336 F7200  ; DRAW LINE
G1 X136.641 Y47.402 F7200  ; DRAW LINE
G1 X136.348 Y46.758 F7200  ; DRAW LINE
G1 X133.417 Y46.780 F7200  ; DRAW LINE
G1 X132.768 Y47.069 F7200  ; DRAW LINE
G1 X132.129 Y47.930 F7200  ; DRAW LINE
G1 X131.719 Y46.875 F7200  ; DRAW LINE
G1 X130.137 Y46.758 F7200  ; DRAW LINE
G1 X129.961 Y49.336 F7200  ; DRAW LINE
G0 Z5.00               ; PEN UP

G0 X130.313 Y49.102   ; RAPID TO START
G1 Z0.00 F500    ; PEN DOWN
G4 P100           ; DWELL
G1 X130.313 Y47.109 F7200  ; DRAW LINE
G1 X130.547 Y47.109 F7200  ; DRAW LINE
G1 X130.547 Y48.984 F7200  ; DRAW LINE
G1 X130.313 Y49.102 F7200  ; DRAW LINE
G0 Z5.00               ; PEN UP

G0 X131.484 Y49.102   ; RAPID TO START
G1 Z0.00 F500    ; PEN DOWN
G4 P100           ; DWELL
G1 X133.359 Y47.109 F7200  ; DRAW LINE
G1 X132.656 Y48.164 F7200  ; DRAW LINE
G1 X133.477 Y48.750 F7200  ; DRAW LINE
G1 X133.359 Y49.102 F7200  ; DRAW LINE
G1 X133.037 Y49.131 F7200  ; DRAW LINE
G1 X132.534 Y48.422 F7200  ; DRAW LINE
G1 X131.953 Y49.043 F7200  ; DRAW LINE
G1 X131.484 Y49.102 F7200  ; DRAW LINE
G0 Z5.00               ; PEN UP

G0 X134.297 Y49.102   ; RAPID TO START
G1 Z0.00 F500    ; PEN DOWN
G4 P100           ; DWELL
G1 X134.414 Y48.867 F7200  ; DRAW LINE
G1 X135.820 Y48.867 F7200  ; DRAW LINE
G1 X135.820 Y47.227 F7200  ; DRAW LINE
G1 X134.297 Y47.109 F7200  ; DRAW LINE
G1 X136.172 Y47.109 F7200  ; DRAW LINE
G1 X136.055 Y49.102 F7200  ; DRAW LINE
G1 X134.297 Y49.102 F7200  ; DRAW LINE
G0 Z5.00               ; PEN UP

G0 X131.719 Y48.281   ; RAPID TO START
G1 Z0.00 F500    ; PEN DOWN
G4 P100           ; DWELL
G1 X131.484 Y47.109 F7200  ; DRAW LINE
G1 X131.953 Y48.164 F7200  ; DRAW LINE
G1 X131.719 Y48.281 F7200  ; DRAW LINE
G0 Z5.00               ; PEN UP

G0 X136.523 Y49.336   ; RAPID TO START
G1 Z0.00 F500    ; PEN DOWN
G4 P100           ; DWELL
G1 X142.676 Y49.336 F7200  ; DRAW LINE
G1 X143.262 Y48.633 F7200  ; DRAW LINE
G1 X143.672 Y49.336 F7200  ; DRAW LINE
G1 X144.492 Y49.336 F7200  ; DRAW LINE
G1 X144.492 Y48.750 F7200  ; DRAW LINE
G1 X143.672 Y47.988 F7200  ; DRAW LINE
G1 X144.375 Y46.934 F7200  ; DRAW LINE
G1 X141.738 Y46.875 F7200  ; DRAW LINE
G1 X141.855 Y47.578 F7200  ; DRAW LINE
G1 X142.969 Y47.578 F7200  ; DRAW LINE
G1 X142.207 Y48.633 F7200  ; DRAW LINE
G1 X141.738 Y48.750 F7200  ; DRAW LINE
G1 X141.211 Y48.457 F7200  ; DRAW LINE
G1 X141.211 Y46.875 F7200  ; DRAW LINE
G1 X140.391 Y46.875 F7200  ; DRAW LINE
G1 X140.391 Y48.633 F7200  ; DRAW LINE
G1 X139.102 Y48.633 F7200  ; DRAW LINE
G1 X138.984 Y46.875 F7200  ; DRAW LINE
G1 X138.281 Y46.875 F7200  ; DRAW LINE
G1 X138.281 Y48.633 F7200  ; DRAW LINE
G1 X136.699 Y48.633 F7200  ; DRAW LINE
G1 X136.523 Y49.336 F7200  ; DRAW LINE
G0 Z5.00               ; PEN UP

G0 X136.992 Y49.102   ; RAPID TO START
G1 Z0.00 F500    ; PEN DOWN
G4 P100           ; DWELL
G1 X137.109 Y48.867 F7200  ; DRAW LINE
G1 X138.516 Y48.867 F7200  ; DRAW LINE
G1 X138.516 Y47.109 F7200  ; DRAW LINE
G1 X138.750 Y47.109 F7200  ; DRAW LINE
G1 X138.750 Y49.102 F7200  ; DRAW LINE
G1 X136.992 Y49.102 F7200  ; DRAW LINE
G0 Z5.00               ; PEN UP

G0 X139.453 Y49.102   ; RAPID TO START
G1 Z0.00 F500    ; PEN DOWN
G4 P100           ; DWELL
G1 X139.570 Y48.867 F7200  ; DRAW LINE
G1 X140.625 Y48.867 F7200  ; DRAW LINE
G1 X140.859 Y47.109 F7200  ; DRAW LINE
G1 X140.970 Y48.793 F7200  ; DRAW LINE
G1 X141.445 Y49.102 F7200  ; DRAW LINE
G1 X139.453 Y49.102 F7200  ; DRAW LINE
G0 Z5.00               ; PEN UP

G0 X142.383 Y49.102   ; RAPID TO START
G1 Z0.00 F500    ; PEN DOWN
G4 P100           ; DWELL
G1 X142.148 Y48.867 F7200  ; DRAW LINE
G1 X143.320 Y47.930 F7200  ; DRAW LINE
G1 X144.141 Y48.984 F7200  ; DRAW LINE
G1 X143.203 Y48.281 F7200  ; DRAW LINE
G1 X142.383 Y49.102 F7200  ; DRAW LINE
G0 Z5.00               ; PEN UP

G0 X143.438 Y47.930   ; RAPID TO START
G1 Z0.00 F500    ; PEN DOWN
G4 P100           ; DWELL
G1 X143.555 Y47.578 F7200  ; DRAW LINE
G1 X143.438 Y47.930 F7200  ; DRAW LINE
G0 Z5.00               ; PEN UP

G0 X143.672 Y47.578   ; RAPID TO START
G1 Z0.00 F500    ; PEN DOWN
G4 P100           ; DWELL
G1 X143.672 Y47.578 F7200  ; DRAW LINE
G0 Z5.00               ; PEN UP

G0 X143.789 Y47.461   ; RAPID TO START
G1 Z0.00 F500    ; PEN DOWN
G4 P100           ; DWELL
G1 X143.672 Y47.227 F7200  ; DRAW LINE
G1 X142.031 Y47.109 F7200  ; DRAW LINE
G1 X143.906 Y47.109 F7200  ; DRAW LINE
G1 X143.789 Y47.461 F7200  ; DRAW LINE
G0 Z5.00               ; PEN UP

G0 X153.750 Y49.336   ; RAPID TO START
G1 Z0.00 F500    ; PEN DOWN
G4 P100           ; DWELL
G1 X154.570 Y49.336 F7200  ; DRAW LINE
G1 X154.570 Y48.691 F7200  ; DRAW LINE
G1 X154.863 Y48.516 F7200  ; DRAW LINE
G1 X155.215 Y49.336 F7200  ; DRAW LINE
G1 X155.933 Y49.324 F7200  ; DRAW LINE
G1 X155.449 Y47.813 F7200  ; DRAW LINE
G1 X154.805 Y47.637 F7200  ; DRAW LINE
G1 X155.801 Y47.578 F7200  ; DRAW LINE
G1 X156.387 Y49.336 F7200  ; DRAW LINE
G1 X157.148 Y49.336 F7200  ; DRAW LINE
G1 X156.445 Y46.875 F7200  ; DRAW LINE
G1 X154.395 Y46.758 F7200  ; DRAW LINE
G1 X153.750 Y49.336 F7200  ; DRAW LINE
G0 Z5.00               ; PEN UP

G0 X153.984 Y49.102   ; RAPID TO START
G1 Z0.00 F500    ; PEN DOWN
G4 P100           ; DWELL
G1 X154.570 Y47.109 F7200  ; DRAW LINE
G1 X156.211 Y47.109 F7200  ; DRAW LINE
G1 X156.768 Y49.043 F7200  ; DRAW LINE
G1 X156.445 Y48.984 F7200  ; DRAW LINE
G1 X156.094 Y47.227 F7200  ; DRAW LINE
G1 X154.805 Y47.227 F7200  ; DRAW LINE
G1 X154.570 Y47.930 F7200  ; DRAW LINE
G1 X155.156 Y48.047 F7200  ; DRAW LINE
G1 X154.453 Y48.164 F7200  ; DRAW LINE
G1 X154.336 Y48.867 F7200  ; DRAW LINE
G1 X153.984 Y49.102 F7200  ; DRAW LINE
G0 Z5.00               ; PEN UP

G0 X155.508 Y49.102   ; RAPID TO START
G1 Z0.00 F500    ; PEN DOWN
G4 P100           ; DWELL
G1 X155.391 Y48.281 F7200  ; DRAW LINE
G1 X155.508 Y49.102 F7200  ; DRAW LINE
G0 Z5.00               ; PEN UP

G0 X155.273 Y48.281   ; RAPID TO START
G1 Z0.00 F500    ; PEN DOWN
G4 P100           ; DWELL
G1 X155.273 Y48.281 F7200  ; DRAW LINE
G0 Z5.00               ; PEN UP

G0 X157.266 Y49.336   ; RAPID TO START
G1 Z0.00 F500    ; PEN DOWN
G4 P100           ; DWELL
G1 X158.086 Y49.336 F7200  ; DRAW LINE
G1 X158.086 Y47.813 F7200  ; DRAW LINE
G1 X157.383 Y47.813 F7200  ; DRAW LINE
G1 X157.266 Y49.336 F7200  ; DRAW LINE
G0 Z5.00               ; PEN UP

G0 X157.734 Y49.102   ; RAPID TO START
G1 Z0.00 F500    ; PEN DOWN
G4 P100           ; DWELL
G1 X157.542 Y48.319 F7200  ; DRAW LINE
G1 X157.765 Y48.149 F7200  ; DRAW LINE
G1 X157.734 Y49.102 F7200  ; DRAW LINE
G0 Z5.00               ; PEN UP

G0 X162.773 Y49.336   ; RAPID TO START
G1 Z0.00 F500    ; PEN DOWN
G4 P100           ; DWELL
G1 X163.594 Y49.336 F7200  ; DRAW LINE
G1 X163.450 Y46.755 F7200  ; DRAW LINE
G1 X162.773 Y46.934 F7200  ; DRAW LINE
G1 X162.773 Y49.336 F7200  ; DRAW LINE
G0 Z5.00               ; PEN UP

G0 X163.242 Y49.102   ; RAPID TO START
G1 Z0.00 F500    ; PEN DOWN
G4 P100           ; DWELL
G1 X163.008 Y48.867 F7200  ; DRAW LINE
G1 X163.008 Y47.109 F7200  ; DRAW LINE
G1 X163.359 Y47.109 F7200  ; DRAW LINE
G1 X163.242 Y49.102 F7200  ; DRAW LINE
G0 Z5.00               ; PEN UP

G0 X169.980 Y49.336   ; RAPID TO START
G1 Z0.00 F500    ; PEN DOWN
G4 P100           ; DWELL
G1 X170.698 Y49.324 F7200  ; DRAW LINE
G1 X171.035 Y48.516 F7200  ; DRAW LINE
G1 X171.445 Y49.336 F7200  ; DRAW LINE
G1 X172.148 Y49.336 F7200  ; DRAW LINE
G1 X171.738 Y47.813 F7200  ; DRAW LINE
G1 X171.173 Y47.871 F7200  ; DRAW LINE
G1 X171.094 Y47.578 F7200  ; DRAW LINE
G1 X172.090 Y47.578 F7200  ; DRAW LINE
G1 X172.617 Y49.336 F7200  ; DRAW LINE
G1 X173.438 Y49.336 F7200  ; DRAW LINE
G1 X172.676 Y46.875 F7200  ; DRAW LINE
G1 X170.391 Y46.875 F7200  ; DRAW LINE
G1 X169.980 Y49.336 F7200  ; DRAW LINE
G0 Z5.00               ; PEN UP

G0 X170.508 Y49.102   ; RAPID TO START
G1 Z0.00 F500    ; PEN DOWN
G4 P100           ; DWELL
G1 X170.625 Y47.227 F7200  ; DRAW LINE
G1 X172.500 Y47.109 F7200  ; DRAW LINE
G1 X173.086 Y49.102 F7200  ; DRAW LINE
G1 X172.383 Y47.227 F7200  ; DRAW LINE
G1 X170.859 Y47.227 F7200  ; DRAW LINE
G1 X170.742 Y47.695 F7200  ; DRAW LINE
G1 X171.563 Y48.281 F7200  ; DRAW LINE
G1 X170.625 Y48.281 F7200  ; DRAW LINE
G1 X170.508 Y49.102 F7200  ; DRAW LINE
G0 Z5.00               ; PEN UP

G0 X171.797 Y49.102   ; RAPID TO START
G1 Z0.00 F500    ; PEN DOWN
G4 P100           ; DWELL
G1 X171.680 Y48.281 F7200  ; DRAW LINE
G1 X171.797 Y49.102 F7200  ; DRAW LINE
G0 Z5.00               ; PEN UP

G0 X127.617 Y48.867   ; RAPID TO START
G1 Z0.00 F500    ; PEN DOWN
G4 P100           ; DWELL
G1 X129.258 Y48.867 F7200  ; DRAW LINE
G1 X129.258 Y47.227 F7200  ; DRAW LINE
G1 X127.617 Y47.227 F7200  ; DRAW LINE
G1 X127.617 Y48.867 F7200  ; DRAW LINE
G0 Z5.00               ; PEN UP

G0 X127.852 Y48.633   ; RAPID TO START
G1 Z0.00 F500    ; PEN DOWN
G4 P100           ; DWELL
G1 X127.852 Y47.578 F7200  ; DRAW LINE
G1 X128.906 Y47.578 F7200  ; DRAW LINE
G1 X128.906 Y48.633 F7200  ; DRAW LINE
G1 X127.852 Y48.633 F7200  ; DRAW LINE
G0 Z5.00               ; PEN UP

G0 X110.742 Y39.023   ; RAPID TO START
G1 Z0.00 F500    ; PEN DOWN
G4 P100           ; DWELL
G1 X111.680 Y38.965 F7200  ; DRAW LINE
G1 X111.680 Y35.332 F7200  ; DRAW LINE
G1 X112.804 Y36.117 F7200  ; DRAW LINE
G1 X114.434 Y36.211 F7200  ; DRAW LINE
G1 X115.664 Y35.449 F7200  ; DRAW LINE
G1 X116.086 Y34.746 F7200  ; DRAW LINE
G1 X116.320 Y33.480 F7200  ; DRAW LINE
G1 X116.146 Y31.826 F7200  ; DRAW LINE
G1 X115.678 Y30.888 F7200  ; DRAW LINE
G1 X114.737 Y30.107 F7200  ; DRAW LINE
G1 X112.793 Y30.000 F7200  ; DRAW LINE
G1 X111.738 Y30.703 F7200  ; DRAW LINE
G1 X111.680 Y30.117 F7200  ; DRAW LINE
G1 X110.742 Y30.176 F7200  ; DRAW LINE
G1 X110.742 Y39.023 F7200  ; DRAW LINE
G0 Z5.00               ; PEN UP

G0 X113.086 Y35.508   ; RAPID TO START
G1 Z0.00 F500    ; PEN DOWN
G4 P100           ; DWELL
G1 X111.680 Y34.336 F7200  ; DRAW LINE
G1 X111.680 Y31.758 F7200  ; DRAW LINE
G1 X111.914 Y31.289 F7200  ; DRAW LINE
G1 X112.969 Y30.703 F7200  ; DRAW LINE
G1 X113.818 Y30.703 F7200  ; DRAW LINE
G1 X114.627 Y31.036 F7200  ; DRAW LINE
G1 X115.125 Y31.669 F7200  ; DRAW LINE
G1 X115.313 Y33.955 F7200  ; DRAW LINE
G1 X114.844 Y35.039 F7200  ; DRAW LINE
G1 X114.023 Y35.508 F7200  ; DRAW LINE
G1 X113.086 Y35.508 F7200  ; DRAW LINE
G0 Z5.00               ; PEN UP

G0 X80.215 Y38.906   ; RAPID TO START
G1 Z0.00 F500    ; PEN DOWN
G4 P100           ; DWELL
G1 X80.897 Y38.815 F7200  ; DRAW LINE
G1 X81.118 Y38.354 F7200  ; DRAW LINE
G1 X81.014 Y37.755 F7200  ; DRAW LINE
G1 X80.449 Y37.500 F7200  ; DRAW LINE
G1 X79.688 Y38.262 F7200  ; DRAW LINE
G1 X80.215 Y38.906 F7200  ; DRAW LINE
G0 Z5.00               ; PEN UP

G0 X118.184 Y38.906   ; RAPID TO START
G1 Z0.00 F500    ; PEN DOWN
G4 P100           ; DWELL
G1 X118.808 Y38.792 F7200  ; DRAW LINE
G1 X119.063 Y38.145 F7200  ; DRAW LINE
G1 X118.301 Y37.500 F7200  ; DRAW LINE
G1 X117.773 Y37.793 F7200  ; DRAW LINE
G1 X117.656 Y38.379 F7200  ; DRAW LINE
G1 X118.184 Y38.906 F7200  ; DRAW LINE
G0 Z5.00               ; PEN UP

G0 X64.219 Y38.555   ; RAPID TO START
G1 Z0.00 F500    ; PEN DOWN
G4 P100           ; DWELL
G1 X65.215 Y38.555 F7200  ; DRAW LINE
G1 X68.555 Y30.117 F7200  ; DRAW LINE
G1 X67.559 Y30.117 F7200  ; DRAW LINE
G1 X66.504 Y32.578 F7200  ; DRAW LINE
G1 X62.871 Y32.578 F7200  ; DRAW LINE
G1 X61.992 Y30.117 F7200  ; DRAW LINE
G1 X60.938 Y30.176 F7200  ; DRAW LINE
G1 X64.219 Y38.555 F7200  ; DRAW LINE
G0 Z5.00               ; PEN UP

G0 X64.805 Y37.500   ; RAPID TO START
G1 Z0.00 F500    ; PEN DOWN
G4 P100           ; DWELL
G1 X63.281 Y33.281 F7200  ; DRAW LINE
G1 X66.328 Y33.281 F7200  ; DRAW LINE
G1 X64.805 Y37.500 F7200  ; DRAW LINE
G0 Z5.00               ; PEN UP

G0 X90.000 Y38.555   ; RAPID TO START
G1 Z0.00 F500    ; PEN DOWN
G4 P100           ; DWELL
G1 X96.152 Y38.555 F7200  ; DRAW LINE
G1 X96.211 Y37.910 F7200  ; DRAW LINE
G1 X91.172 Y30.996 F7200  ; DRAW LINE
G1 X96.328 Y30.820 F7200  ; DRAW LINE
G1 X96.270 Y30.000 F7200  ; DRAW LINE
G1 X89.883 Y30.117 F7200  ; DRAW LINE
G1 X89.988 Y30.980 F7200  ; DRAW LINE
G1 X95.039 Y37.676 F7200  ; DRAW LINE
G1 X90.176 Y37.734 F7200  ; DRAW LINE
G1 X90.000 Y38.555 F7200  ; DRAW LINE
G0 Z5.00               ; PEN UP

G0 X85.723 Y36.328   ; RAPID TO START
G1 Z0.00 F500    ; PEN DOWN
G4 P100           ; DWELL
G1 X86.250 Y36.211 F7200  ; DRAW LINE
G1 X86.250 Y35.391 F7200  ; DRAW LINE
G1 X85.020 Y35.391 F7200  ; DRAW LINE
G1 X84.258 Y34.863 F7200  ; DRAW LINE
G1 X83.906 Y34.043 F7200  ; DRAW LINE
G1 X83.906 Y30.117 F7200  ; DRAW LINE
G1 X82.910 Y30.117 F7200  ; DRAW LINE
G1 X82.852 Y36.094 F7200  ; DRAW LINE
G1 X83.789 Y36.094 F7200  ; DRAW LINE
G1 X83.965 Y35.273 F7200  ; DRAW LINE
G1 X84.551 Y35.977 F7200  ; DRAW LINE
G1 X85.723 Y36.328 F7200  ; DRAW LINE
G0 Z5.00               ; PEN UP

G0 X71.777 Y36.211   ; RAPID TO START
G1 Z0.00 F500    ; PEN DOWN
G4 P100           ; DWELL
G1 X73.269 Y36.120 F7200  ; DRAW LINE
G1 X74.121 Y35.156 F7200  ; DRAW LINE
G1 X75.527 Y36.211 F7200  ; DRAW LINE
G1 X76.699 Y36.211 F7200  ; DRAW LINE
G1 X77.565 Y35.764 F7200  ; DRAW LINE
G1 X78.047 Y34.863 F7200  ; DRAW LINE
G1 X78.047 Y30.117 F7200  ; DRAW LINE
G1 X77.109 Y30.176 F7200  ; DRAW LINE
G1 X77.109 Y34.629 F7200  ; DRAW LINE
G1 X76.624 Y35.339 F7200  ; DRAW LINE
G1 X75.977 Y35.536 F7200  ; DRAW LINE
G1 X74.531 Y34.746 F7200  ; DRAW LINE
G1 X74.297 Y34.160 F7200  ; DRAW LINE
G1 X74.297 Y30.117 F7200  ; DRAW LINE
G1 X73.359 Y30.176 F7200  ; DRAW LINE
G1 X73.206 Y34.827 F7200  ; DRAW LINE
G1 X72.715 Y35.391 F7200  ; DRAW LINE
G1 X71.660 Y35.508 F7200  ; DRAW LINE
G1 X70.547 Y34.395 F7200  ; DRAW LINE
G1 X70.547 Y30.117 F7200  ; DRAW LINE
G1 X69.551 Y30.117 F7200  ; DRAW LINE
G1 X69.609 Y36.094 F7200  ; DRAW LINE
G1 X70.430 Y36.094 F7200  ; DRAW LINE
G1 X70.430 Y35.332 F7200  ; DRAW LINE
G1 X71.777 Y36.211 F7200  ; DRAW LINE
G0 Z5.00               ; PEN UP

G0 X105.879 Y36.211   ; RAPID TO START
G1 Z0.00 F500    ; PEN DOWN
G4 P100           ; DWELL
G1 X107.405 Y36.211 F7200  ; DRAW LINE
G1 X108.398 Y35.742 F7200  ; DRAW LINE
G1 X108.867 Y34.746 F7200  ; DRAW LINE
G1 X108.867 Y30.117 F7200  ; DRAW LINE
G1 X108.047 Y30.117 F7200  ; DRAW LINE
G1 X108.047 Y30.879 F7200  ; DRAW LINE
G1 X107.285 Y30.234 F7200  ; DRAW LINE
G1 X105.566 Y29.909 F7200  ; DRAW LINE
G1 X104.751 Y30.208 F7200  ; DRAW LINE
G1 X104.156 Y30.855 F7200  ; DRAW LINE
G1 X104.063 Y32.168 F7200  ; DRAW LINE
G1 X104.707 Y33.047 F7200  ; DRAW LINE
G1 X108.047 Y33.809 F7200  ; DRAW LINE
G1 X107.930 Y34.629 F7200  ; DRAW LINE
G1 X107.285 Y35.391 F7200  ; DRAW LINE
G1 X105.996 Y35.508 F7200  ; DRAW LINE
G1 X104.707 Y35.039 F7200  ; DRAW LINE
G1 X104.531 Y35.684 F7200  ; DRAW LINE
G1 X105.879 Y36.211 F7200  ; DRAW LINE
G0 Z5.00               ; PEN UP

G0 X107.813 Y33.047   ; RAPID TO START
G1 Z0.00 F500    ; PEN DOWN
G4 P100           ; DWELL
G1 X105.469 Y32.578 F7200  ; DRAW LINE
G1 X105.000 Y31.992 F7200  ; DRAW LINE
G1 X105.117 Y31.055 F7200  ; DRAW LINE
G1 X106.172 Y30.586 F7200  ; DRAW LINE
G1 X107.372 Y30.886 F7200  ; DRAW LINE
G1 X107.930 Y31.641 F7200  ; DRAW LINE
G1 X107.813 Y33.047 F7200  ; DRAW LINE
G0 Z5.00               ; PEN UP

G0 X79.922 Y36.094   ; RAPID TO START
G1 Z0.00 F500    ; PEN DOWN
G4 P100           ; DWELL
G1 X80.859 Y36.094 F7200  ; DRAW LINE
G1 X80.977 Y35.566 F7200  ; DRAW LINE
G1 X80.977 Y30.176 F7200  ; DRAW LINE
G1 X80.576 Y29.944 F7200  ; DRAW LINE
G1 X79.922 Y30.176 F7200  ; DRAW LINE
G1 X79.922 Y36.094 F7200  ; DRAW LINE
G0 Z5.00               ; PEN UP

G0 X97.617 Y36.094   ; RAPID TO START
G1 Z0.00 F500    ; PEN DOWN
G4 P100           ; DWELL
G1 X98.555 Y36.035 F7200  ; DRAW LINE
G1 X98.555 Y31.816 F7200  ; DRAW LINE
G1 X99.199 Y30.820 F7200  ; DRAW LINE
G1 X100.371 Y30.703 F7200  ; DRAW LINE
G1 X101.133 Y31.055 F7200  ; DRAW LINE
G1 X101.602 Y31.934 F7200  ; DRAW LINE
G1 X101.602 Y36.094 F7200  ; DRAW LINE
G1 X102.539 Y36.035 F7200  ; DRAW LINE
G1 X102.539 Y30.117 F7200  ; DRAW LINE
G1 X101.602 Y30.117 F7200  ; DRAW LINE
G1 X101.602 Y30.762 F7200  ; DRAW LINE
G1 X100.410 Y30.031 F7200  ; DRAW LINE
G1 X98.965 Y30.000 F7200  ; DRAW LINE
G1 X97.852 Y30.879 F7200  ; DRAW LINE
G1 X97.617 Y31.465 F7200  ; DRAW LINE
G1 X97.617 Y36.094 F7200  ; DRAW LINE
G0 Z5.00               ; PEN UP

G0 X117.891 Y36.094   ; RAPID TO START
G1 Z0.00 F500    ; PEN DOWN
G4 P100           ; DWELL
G1 X118.828 Y36.035 F7200  ; DRAW LINE
G1 X118.828 Y30.176 F7200  ; DRAW LINE
G1 X118.540 Y29.972 F7200  ; DRAW LINE
G1 X117.891 Y30.117 F7200  ; DRAW LINE
G1 X117.891 Y36.094 F7200  ; DRAW LINE
G0 Z5.00               ; PEN UP

G0 X58.945 Y22.383   ; RAPID TO START
G1 Z0.00 F500    ; PEN DOWN
G4 P100           ; DWELL
G1 X59.883 Y22.324 F7200  ; DRAW LINE
G1 X59.883 Y13.594 F7200  ; DRAW LINE
G1 X58.945 Y13.652 F7200  ; DRAW LINE
G1 X58.945 Y22.383 F7200  ; DRAW LINE
G0 Z5.00               ; PEN UP

G0 X115.547 Y22.383   ; RAPID TO START
G1 Z0.00 F500    ; PEN DOWN
G4 P100           ; DWELL
G1 X116.484 Y22.324 F7200  ; DRAW LINE
G1 X116.484 Y13.594 F7200  ; DRAW LINE
G1 X115.547 Y13.652 F7200  ; DRAW LINE
G1 X115.547 Y22.383 F7200  ; DRAW LINE
G0 Z5.00               ; PEN UP

G0 X113.027 Y22.266   ; RAPID TO START
G1 Z0.00 F500    ; PEN DOWN
G4 P100           ; DWELL
G1 X113.826 Y21.584 F7200  ; DRAW LINE
G1 X113.709 Y21.115 F7200  ; DRAW LINE
G1 X113.145 Y20.859 F7200  ; DRAW LINE
G1 X112.467 Y21.537 F7200  ; DRAW LINE
G1 X113.027 Y22.266 F7200  ; DRAW LINE
G0 Z5.00               ; PEN UP

G0 X118.770 Y22.266   ; RAPID TO START
G1 Z0.00 F500    ; PEN DOWN
G4 P100           ; DWELL
G1 X119.648 Y21.504 F7200  ; DRAW LINE
G1 X118.770 Y20.859 F7200  ; DRAW LINE
G1 X118.209 Y21.537 F7200  ; DRAW LINE
G1 X118.770 Y22.266 F7200  ; DRAW LINE
G0 Z5.00               ; PEN UP

G0 X53.555 Y22.031   ; RAPID TO START
G1 Z0.00 F500    ; PEN DOWN
G4 P100           ; DWELL
G1 X54.727 Y21.855 F7200  ; DRAW LINE
G1 X57.891 Y13.594 F7200  ; DRAW LINE
G1 X56.836 Y13.770 F7200  ; DRAW LINE
G1 X56.016 Y16.055 F7200  ; DRAW LINE
G1 X52.324 Y16.055 F7200  ; DRAW LINE
G1 X51.328 Y13.594 F7200  ; DRAW LINE
G1 X50.391 Y13.594 F7200  ; DRAW LINE
G1 X53.555 Y22.031 F7200  ; DRAW LINE
G0 Z5.00               ; PEN UP

G0 X54.141 Y20.977   ; RAPID TO START
G1 Z0.00 F500    ; PEN DOWN
G4 P100           ; DWELL
G1 X52.617 Y16.875 F7200  ; DRAW LINE
G1 X55.664 Y16.875 F7200  ; DRAW LINE
G1 X54.141 Y20.977 F7200  ; DRAW LINE
G0 Z5.00               ; PEN UP

G0 X88.125 Y22.031   ; RAPID TO START
G1 Z0.00 F500    ; PEN DOWN
G4 P100           ; DWELL
G1 X89.180 Y21.855 F7200  ; DRAW LINE
G1 X91.809 Y14.728 F7200  ; DRAW LINE
G1 X94.453 Y22.031 F7200  ; DRAW LINE
G1 X95.332 Y22.031 F7200  ; DRAW LINE
G1 X92.168 Y13.594 F7200  ; DRAW LINE
G1 X91.230 Y13.594 F7200  ; DRAW LINE
G1 X88.125 Y22.031 F7200  ; DRAW LINE
G0 Z5.00               ; PEN UP

G0 X63.926 Y19.570   ; RAPID TO START
G1 Z0.00 F500    ; PEN DOWN
G4 P100           ; DWELL
G1 X65.124 Y19.409 F7200  ; DRAW LINE
G1 X65.943 Y18.869 F7200  ; DRAW LINE
G1 X66.520 Y17.728 F7200  ; DRAW LINE
G1 X66.563 Y16.289 F7200  ; DRAW LINE
G1 X62.402 Y16.289 F7200  ; DRAW LINE
G1 X62.382 Y15.577 F7200  ; DRAW LINE
G1 X62.843 Y14.703 F7200  ; DRAW LINE
G1 X63.791 Y14.185 F7200  ; DRAW LINE
G1 X64.980 Y14.180 F7200  ; DRAW LINE
G1 X66.152 Y14.766 F7200  ; DRAW LINE
G1 X66.211 Y13.945 F7200  ; DRAW LINE
G1 X65.401 Y13.538 F7200  ; DRAW LINE
G1 X63.930 Y13.441 F7200  ; DRAW LINE
G1 X62.837 Y13.724 F7200  ; DRAW LINE
G1 X61.834 Y14.549 F7200  ; DRAW LINE
G1 X61.424 Y15.545 F7200  ; DRAW LINE
G1 X61.406 Y17.285 F7200  ; DRAW LINE
G1 X61.830 Y18.338 F7200  ; DRAW LINE
G1 X62.679 Y19.177 F7200  ; DRAW LINE
G1 X63.926 Y19.570 F7200  ; DRAW LINE
G0 Z5.00               ; PEN UP

G0 X63.867 Y18.867   ; RAPID TO START
G1 Z0.00 F500    ; PEN DOWN
G4 P100           ; DWELL
G1 X62.637 Y18.105 F7200  ; DRAW LINE
G1 X62.461 Y16.992 F7200  ; DRAW LINE
G1 X65.625 Y16.992 F7200  ; DRAW LINE
G1 X65.597 Y17.808 F7200  ; DRAW LINE
G1 X65.180 Y18.417 F7200  ; DRAW LINE
G1 X63.867 Y18.867 F7200  ; DRAW LINE
G0 Z5.00               ; PEN UP

G0 X75.527 Y19.570   ; RAPID TO START
G1 Z0.00 F500    ; PEN DOWN
G4 P100           ; DWELL
G1 X77.462 Y19.127 F7200  ; DRAW LINE
G1 X78.363 Y17.599 F7200  ; DRAW LINE
G1 X78.398 Y16.289 F7200  ; DRAW LINE
G1 X74.174 Y16.206 F7200  ; DRAW LINE
G1 X74.180 Y15.527 F7200  ; DRAW LINE
G1 X75.203 Y14.277 F7200  ; DRAW LINE
G1 X76.699 Y14.180 F7200  ; DRAW LINE
G1 X77.871 Y14.766 F7200  ; DRAW LINE
G1 X77.930 Y14.004 F7200  ; DRAW LINE
G1 X76.884 Y13.468 F7200  ; DRAW LINE
G1 X74.539 Y13.754 F7200  ; DRAW LINE
G1 X73.711 Y14.473 F7200  ; DRAW LINE
G1 X73.230 Y15.457 F7200  ; DRAW LINE
G1 X73.125 Y16.816 F7200  ; DRAW LINE
G1 X73.550 Y18.267 F7200  ; DRAW LINE
G1 X74.473 Y19.219 F7200  ; DRAW LINE
G1 X75.527 Y19.570 F7200  ; DRAW LINE
G0 Z5.00               ; PEN UP

G0 X75.703 Y18.867   ; RAPID TO START
G1 Z0.00 F500    ; PEN DOWN
G4 P100           ; DWELL
G1 X74.883 Y18.516 F7200  ; DRAW LINE
G1 X74.180 Y17.461 F7200  ; DRAW LINE
G1 X74.297 Y16.992 F7200  ; DRAW LINE
G1 X77.461 Y16.992 F7200  ; DRAW LINE
G1 X77.391 Y17.906 F7200  ; DRAW LINE
G1 X76.941 Y18.530 F7200  ; DRAW LINE
G1 X75.703 Y18.867 F7200  ; DRAW LINE
G0 Z5.00               ; PEN UP

G0 X97.793 Y19.570   ; RAPID TO START
G1 Z0.00 F500    ; PEN DOWN
G4 P100           ; DWELL
G1 X99.344 Y19.293 F7200  ; DRAW LINE
G1 X100.195 Y18.223 F7200  ; DRAW LINE
G1 X100.195 Y13.594 F7200  ; DRAW LINE
G1 X99.375 Y13.594 F7200  ; DRAW LINE
G1 X99.199 Y14.297 F7200  ; DRAW LINE
G1 X98.027 Y13.477 F7200  ; DRAW LINE
G1 X96.738 Y13.477 F7200  ; DRAW LINE
G1 X95.625 Y14.238 F7200  ; DRAW LINE
G1 X95.508 Y15.645 F7200  ; DRAW LINE
G1 X95.918 Y16.289 F7200  ; DRAW LINE
G1 X96.738 Y16.758 F7200  ; DRAW LINE
G1 X99.258 Y17.109 F7200  ; DRAW LINE
G1 X99.202 Y18.164 F7200  ; DRAW LINE
G1 X98.613 Y18.750 F7200  ; DRAW LINE
G1 X97.676 Y18.867 F7200  ; DRAW LINE
G1 X96.152 Y18.281 F7200  ; DRAW LINE
G1 X95.977 Y18.926 F7200  ; DRAW LINE
G1 X97.793 Y19.570 F7200  ; DRAW LINE
G0 Z5.00               ; PEN UP

G0 X98.320 Y16.406   ; RAPID TO START
G1 Z0.00 F500    ; PEN DOWN
G4 P100           ; DWELL
G1 X96.577 Y15.830 F7200  ; DRAW LINE
G1 X96.389 Y15.080 F7200  ; DRAW LINE
G1 X96.639 Y14.399 F7200  ; DRAW LINE
G1 X97.683 Y14.067 F7200  ; DRAW LINE
G1 X98.906 Y14.531 F7200  ; DRAW LINE
G1 X99.258 Y15.117 F7200  ; DRAW LINE
G1 X99.258 Y16.406 F7200  ; DRAW LINE
G1 X98.320 Y16.406 F7200  ; DRAW LINE
G0 Z5.00               ; PEN UP

G0 X99.375 Y14.414   ; RAPID TO START
G1 Z0.00 F500    ; PEN DOWN
G4 P100           ; DWELL
G1 X99.375 Y14.414 F7200  ; DRAW LINE
G0 Z5.00               ; PEN UP

G0 X103.652 Y19.570   ; RAPID TO START
G1 Z0.00 F500    ; PEN DOWN
G4 P100           ; DWELL
G1 X105.166 Y19.361 F7200  ; DRAW LINE
G1 X105.586 Y19.043 F7200  ; DRAW LINE
G1 X105.469 Y18.633 F7200  ; DRAW LINE
G1 X103.535 Y18.867 F7200  ; DRAW LINE
G1 X102.773 Y18.457 F7200  ; DRAW LINE
G1 X102.656 Y17.754 F7200  ; DRAW LINE
G1 X105.586 Y15.996 F7200  ; DRAW LINE
G1 X105.820 Y14.707 F7200  ; DRAW LINE
G1 X104.706 Y13.583 F7200  ; DRAW LINE
G1 X102.598 Y13.477 F7200  ; DRAW LINE
G1 X101.719 Y13.887 F7200  ; DRAW LINE
G1 X101.775 Y14.637 F7200  ; DRAW LINE
G1 X103.338 Y14.123 F7200  ; DRAW LINE
G1 X104.238 Y14.180 F7200  ; DRAW LINE
G1 X104.766 Y14.590 F7200  ; DRAW LINE
G1 X104.883 Y15.293 F7200  ; DRAW LINE
G1 X104.590 Y15.703 F7200  ; DRAW LINE
G1 X102.715 Y16.523 F7200  ; DRAW LINE
G1 X101.953 Y17.168 F7200  ; DRAW LINE
G1 X101.719 Y17.988 F7200  ; DRAW LINE
G1 X102.260 Y19.029 F7200  ; DRAW LINE
G1 X103.652 Y19.570 F7200  ; DRAW LINE
G0 Z5.00               ; PEN UP

G0 X108.926 Y19.570   ; RAPID TO START
G1 Z0.00 F500    ; PEN DOWN
G4 P100           ; DWELL
G1 X110.332 Y19.453 F7200  ; DRAW LINE
G1 X110.742 Y19.160 F7200  ; DRAW LINE
G1 X110.792 Y18.683 F7200  ; DRAW LINE
G1 X108.809 Y18.867 F7200  ; DRAW LINE
G1 X108.047 Y18.340 F7200  ; DRAW LINE
G1 X107.930 Y17.871 F7200  ; DRAW LINE
G1 X108.457 Y17.227 F7200  ; DRAW LINE
G1 X110.673 Y16.173 F7200  ; DRAW LINE
G1 X111.144 Y15.062 F7200  ; DRAW LINE
G1 X110.279 Y13.717 F7200  ; DRAW LINE
G1 X108.615 Y13.412 F7200  ; DRAW LINE
G1 X107.109 Y13.887 F7200  ; DRAW LINE
G1 X107.168 Y14.648 F7200  ; DRAW LINE
G1 X108.105 Y14.180 F7200  ; DRAW LINE
G1 X109.512 Y14.180 F7200  ; DRAW LINE
G1 X110.273 Y15.176 F7200  ; DRAW LINE
G1 X109.629 Y15.938 F7200  ; DRAW LINE
G1 X107.698 Y16.725 F7200  ; DRAW LINE
G1 X107.042 Y17.897 F7200  ; DRAW LINE
G1 X107.637 Y19.102 F7200  ; DRAW LINE
G1 X108.926 Y19.570 F7200  ; DRAW LINE
G0 Z5.00               ; PEN UP

G0 X123.457 Y19.570   ; RAPID TO START
G1 Z0.00 F500    ; PEN DOWN
G4 P100           ; DWELL
G1 X125.281 Y19.092 F7200  ; DRAW LINE
G1 X126.117 Y17.660 F7200  ; DRAW LINE
G1 X126.035 Y16.289 F7200  ; DRAW LINE
G1 X121.875 Y16.289 F7200  ; DRAW LINE
G1 X121.992 Y15.410 F7200  ; DRAW LINE
G1 X123.072 Y14.263 F7200  ; DRAW LINE
G1 X124.629 Y14.180 F7200  ; DRAW LINE
G1 X125.684 Y14.766 F7200  ; DRAW LINE
G1 X125.742 Y14.004 F7200  ; DRAW LINE
G1 X124.632 Y13.474 F7200  ; DRAW LINE
G1 X122.988 Y13.477 F7200  ; DRAW LINE
G1 X122.223 Y13.795 F7200  ; DRAW LINE
G1 X121.281 Y14.770 F7200  ; DRAW LINE
G1 X120.955 Y15.662 F7200  ; DRAW LINE
G1 X120.938 Y17.168 F7200  ; DRAW LINE
G1 X121.425 Y18.368 F7200  ; DRAW LINE
G1 X121.934 Y18.984 F7200  ; DRAW LINE
G1 X123.457 Y19.570 F7200  ; DRAW LINE
G0 Z5.00               ; PEN UP

G0 X123.398 Y18.867   ; RAPID TO START
G1 Z0.00 F500    ; PEN DOWN
G4 P100           ; DWELL
G1 X122.168 Y18.105 F7200  ; DRAW LINE
G1 X121.992 Y16.992 F7200  ; DRAW LINE
G1 X125.273 Y16.992 F7200  ; DRAW LINE
G1 X124.744 Y18.514 F7200  ; DRAW LINE
G1 X123.398 Y18.867 F7200  ; DRAW LINE
G0 Z5.00               ; PEN UP

G0 X67.383 Y19.453   ; RAPID TO START
G1 Z0.00 F500    ; PEN DOWN
G4 P100           ; DWELL
G1 X68.538 Y19.266 F7200  ; DRAW LINE
G1 X69.727 Y17.227 F7200  ; DRAW LINE
G1 X71.426 Y19.453 F7200  ; DRAW LINE
G1 X72.246 Y19.453 F7200  ; DRAW LINE
G1 X70.430 Y16.465 F7200  ; DRAW LINE
G1 X72.422 Y13.652 F7200  ; DRAW LINE
G1 X71.367 Y13.594 F7200  ; DRAW LINE
G1 X69.785 Y15.938 F7200  ; DRAW LINE
G1 X68.320 Y13.594 F7200  ; DRAW LINE
G1 X67.266 Y13.652 F7200  ; DRAW LINE
G1 X69.375 Y16.582 F7200  ; DRAW LINE
G1 X67.383 Y19.453 F7200  ; DRAW LINE
G0 Z5.00               ; PEN UP

G0 X79.102 Y19.453   ; RAPID TO START
G1 Z0.00 F500    ; PEN DOWN
G4 P100           ; DWELL
G1 X80.039 Y19.277 F7200  ; DRAW LINE
G1 X81.855 Y14.531 F7200  ; DRAW LINE
G1 X83.672 Y19.453 F7200  ; DRAW LINE
G1 X84.492 Y19.453 F7200  ; DRAW LINE
G1 X81.914 Y12.363 F7200  ; DRAW LINE
G1 X80.918 Y11.133 F7200  ; DRAW LINE
G1 X80.188 Y10.875 F7200  ; DRAW LINE
G1 X79.219 Y10.898 F7200  ; DRAW LINE
G1 X79.219 Y11.660 F7200  ; DRAW LINE
G1 X80.098 Y11.602 F7200  ; DRAW LINE
G1 X80.977 Y12.363 F7200  ; DRAW LINE
G1 X81.445 Y13.535 F7200  ; DRAW LINE
G1 X79.102 Y19.453 F7200  ; DRAW LINE
G0 Z5.00               ; PEN UP

G0 X112.734 Y19.453   ; RAPID TO START
G1 Z0.00 F500    ; PEN DOWN
G4 P100           ; DWELL
G1 X113.672 Y19.277 F7200  ; DRAW LINE
G1 X113.613 Y13.594 F7200  ; DRAW LINE
G1 X112.734 Y13.594 F7200  ; DRAW LINE
G1 X112.734 Y19.453 F7200  ; DRAW LINE
G0 Z5.00               ; PEN UP

G0 X118.477 Y19.453   ; RAPID TO START
G1 Z0.00 F500    ; PEN DOWN
G4 P100           ; DWELL
G1 X119.414 Y19.277 F7200  ; DRAW LINE
G1 X119.297 Y13.594 F7200  ; DRAW LINE
G1 X118.477 Y13.594 F7200  ; DRAW LINE
G1 X118.477 Y19.453 F7200  ; DRAW LINE
G0 Z5.00               ; PEN UP

G0 X126.797 Y19.453   ; RAPID TO START
G1 Z0.00 F500    ; PEN DOWN
G4 P100           ; DWELL
G1 X127.852 Y19.277 F7200  ; DRAW LINE
G1 X129.668 Y14.531 F7200  ; DRAW LINE
G1 X131.367 Y19.453 F7200  ; DRAW LINE
G1 X132.305 Y19.453 F7200  ; DRAW LINE
G1 X130.195 Y13.594 F7200  ; DRAW LINE
G1 X129.023 Y13.770 F7200  ; DRAW LINE
G1 X126.797 Y19.453 F7200  ; DRAW LINE
G0 Z5.00               ; PEN UP

G0 X0.000 Y120.000   ; RAPID TO START
G1 Z0.00 F500    ; PEN DOWN
G4 P100           ; DWELL
G1 X180.000 Y120.000 F7200  ; DRAW LINE
G1 X180.000 Y0.000 F7200  ; DRAW LINE
G1 X0.000 Y0.000 F7200  ; DRAW LINE
G1 X0.000 Y120.000 F7200  ; DRAW LINE
G0 Z5.00               ; PEN UP

G0 X3.984 Y114.023   ; RAPID TO START
G1 Z0.00 F500    ; PEN DOWN
G4 P100           ; DWELL
G1 X3.750 Y113.789 F7200  ; DRAW LINE
G1 X3.750 Y43.828 F7200  ; DRAW LINE
G1 X176.367 Y43.828 F7200  ; DRAW LINE
G1 X176.367 Y113.906 F7200  ; DRAW LINE
G1 X3.984 Y114.023 F7200  ; DRAW LINE
G0 Z5.00               ; PEN UP

G0 X110.742 Y39.023   ; RAPID TO START
G1 Z0.00 F500    ; PEN DOWN
G4 P100           ; DWELL
G1 X110.742 Y30.117 F7200  ; DRAW LINE
G1 X111.680 Y30.117 F7200  ; DRAW LINE
G1 X111.797 Y30.703 F7200  ; DRAW LINE
G1 X112.852 Y30.000 F7200  ; DRAW LINE
G1 X114.796 Y30.082 F7200  ; DRAW LINE
G1 X115.692 Y30.873 F7200  ; DRAW LINE
G1 X116.137 Y31.781 F7200  ; DRAW LINE
G1 X116.345 Y33.446 F7200  ; DRAW LINE
G1 X116.111 Y34.712 F7200  ; DRAW LINE
G1 X115.664 Y35.391 F7200  ; DRAW LINE
G1 X114.197 Y36.250 F7200  ; DRAW LINE
G1 X112.819 Y36.137 F7200  ; DRAW LINE
G1 X111.680 Y35.273 F7200  ; DRAW LINE
G1 X111.680 Y39.023 F7200  ; DRAW LINE
G1 X110.742 Y39.023 F7200  ; DRAW LINE
G0 Z5.00               ; PEN UP

G0 X80.273 Y38.906   ; RAPID TO START
G1 Z0.00 F500    ; PEN DOWN
G4 P100           ; DWELL
G1 X79.688 Y38.203 F7200  ; DRAW LINE
G1 X80.508 Y37.500 F7200  ; DRAW LINE
G1 X81.028 Y37.740 F7200  ; DRAW LINE
G1 X81.094 Y38.438 F7200  ; DRAW LINE
G1 X80.830 Y38.848 F7200  ; DRAW LINE
G1 X80.273 Y38.906 F7200  ; DRAW LINE
G0 Z5.00               ; PEN UP

G0 X118.242 Y38.906   ; RAPID TO START
G1 Z0.00 F500    ; PEN DOWN
G4 P100           ; DWELL
G1 X117.656 Y38.320 F7200  ; DRAW LINE
G1 X117.773 Y37.734 F7200  ; DRAW LINE
G1 X118.359 Y37.500 F7200  ; DRAW LINE
G1 X119.063 Y38.086 F7200  ; DRAW LINE
G1 X118.833 Y38.783 F7200  ; DRAW LINE
G1 X118.242 Y38.906 F7200  ; DRAW LINE
G0 Z5.00               ; PEN UP

G0 X64.219 Y38.555   ; RAPID TO START
G1 Z0.00 F500    ; PEN DOWN
G4 P100           ; DWELL
G1 X60.938 Y30.117 F7200  ; DRAW LINE
G1 X61.992 Y30.117 F7200  ; DRAW LINE
G1 X62.930 Y32.578 F7200  ; DRAW LINE
G1 X66.563 Y32.578 F7200  ; DRAW LINE
G1 X67.500 Y30.234 F7200  ; DRAW LINE
G1 X68.555 Y30.117 F7200  ; DRAW LINE
G1 X65.273 Y38.555 F7200  ; DRAW LINE
G1 X64.219 Y38.555 F7200  ; DRAW LINE
G0 Z5.00               ; PEN UP

G0 X90.000 Y38.555   ; RAPID TO START
G1 Z0.00 F500    ; PEN DOWN
G4 P100           ; DWELL
G1 X90.234 Y37.734 F7200  ; DRAW LINE
G1 X95.039 Y37.617 F7200  ; DRAW LINE
G1 X89.995 Y30.942 F7200  ; DRAW LINE
G1 X89.883 Y30.117 F7200  ; DRAW LINE
G1 X96.328 Y30.000 F7200  ; DRAW LINE
G1 X96.328 Y30.820 F7200  ; DRAW LINE
G1 X91.172 Y30.938 F7200  ; DRAW LINE
G1 X96.211 Y37.852 F7200  ; DRAW LINE
G1 X96.211 Y38.555 F7200  ; DRAW LINE
G1 X90.000 Y38.555 F7200  ; DRAW LINE
G0 Z5.00               ; PEN UP

G0 X85.781 Y36.328   ; RAPID TO START
G1 Z0.00 F500    ; PEN DOWN
G4 P100           ; DWELL
G1 X84.609 Y35.977 F7200  ; DRAW LINE
G1 X84.023 Y35.273 F7200  ; DRAW LINE
G1 X83.789 Y36.094 F7200  ; DRAW LINE
G1 X82.852 Y36.094 F7200  ; DRAW LINE
G1 X82.852 Y30.117 F7200  ; DRAW LINE
G1 X83.906 Y30.117 F7200  ; DRAW LINE
G1 X83.906 Y33.984 F7200  ; DRAW LINE
G1 X84.258 Y34.805 F7200  ; DRAW LINE
G1 X85.078 Y35.391 F7200  ; DRAW LINE
G1 X86.250 Y35.391 F7200  ; DRAW LINE
G1 X86.250 Y36.211 F7200  ; DRAW LINE
G1 X85.781 Y36.328 F7200  ; DRAW LINE
G0 Z5.00               ; PEN UP

G0 X71.836 Y36.211   ; RAPID TO START
G1 Z0.00 F500    ; PEN DOWN
G4 P100           ; DWELL
G1 X70.430 Y35.273 F7200  ; DRAW LINE
G1 X70.430 Y36.094 F7200  ; DRAW LINE
G1 X69.609 Y36.094 F7200  ; DRAW LINE
G1 X69.492 Y30.117 F7200  ; DRAW LINE
G1 X70.547 Y30.117 F7200  ; DRAW LINE
G1 X70.547 Y34.336 F7200  ; DRAW LINE
G1 X71.719 Y35.508 F7200  ; DRAW LINE
G1 X72.773 Y35.391 F7200  ; DRAW LINE
G1 X73.154 Y34.922 F7200  ; DRAW LINE
G1 X73.359 Y30.117 F7200  ; DRAW LINE
G1 X74.297 Y30.117 F7200  ; DRAW LINE
G1 X74.297 Y34.102 F7200  ; DRAW LINE
G1 X74.531 Y34.688 F7200  ; DRAW LINE
G1 X76.036 Y35.536 F7200  ; DRAW LINE
G1 X76.758 Y35.273 F7200  ; DRAW LINE
G1 X77.109 Y34.570 F7200  ; DRAW LINE
G1 X77.109 Y30.117 F7200  ; DRAW LINE
G1 X78.047 Y30.117 F7200  ; DRAW LINE
G1 X78.047 Y34.805 F7200  ; DRAW LINE
G1 X77.570 Y35.711 F7200  ; DRAW LINE
G1 X76.758 Y36.211 F7200  ; DRAW LINE
G1 X75.586 Y36.211 F7200  ; DRAW LINE
G1 X74.180 Y35.156 F7200  ; DRAW LINE
G1 X73.271 Y36.094 F7200  ; DRAW LINE
G1 X71.836 Y36.211 F7200  ; DRAW LINE
G0 Z5.00               ; PEN UP

G0 X105.938 Y36.211   ; RAPID TO START
G1 Z0.00 F500    ; PEN DOWN
G4 P100           ; DWELL
G1 X104.531 Y35.625 F7200  ; DRAW LINE
G1 X104.766 Y35.039 F7200  ; DRAW LINE
G1 X106.055 Y35.508 F7200  ; DRAW LINE
G1 X107.344 Y35.391 F7200  ; DRAW LINE
G1 X107.930 Y34.570 F7200  ; DRAW LINE
G1 X108.047 Y33.750 F7200  ; DRAW LINE
G1 X104.766 Y33.047 F7200  ; DRAW LINE
G1 X104.063 Y32.109 F7200  ; DRAW LINE
G1 X104.175 Y30.797 F7200  ; DRAW LINE
G1 X104.766 Y30.192 F7200  ; DRAW LINE
G1 X105.615 Y29.911 F7200  ; DRAW LINE
G1 X107.344 Y30.234 F7200  ; DRAW LINE
G1 X108.047 Y30.820 F7200  ; DRAW LINE
G1 X108.047 Y30.117 F7200  ; DRAW LINE
G1 X108.867 Y30.117 F7200  ; DRAW LINE
G1 X108.867 Y34.688 F7200  ; DRAW LINE
G1 X108.398 Y35.742 F7200  ; DRAW LINE
G1 X107.432 Y36.211 F7200  ; DRAW LINE
G1 X105.938 Y36.211 F7200  ; DRAW LINE
G0 Z5.00               ; PEN UP

G0 X79.922 Y36.094   ; RAPID TO START
G1 Z0.00 F500    ; PEN DOWN
G4 P100           ; DWELL
G1 X79.922 Y30.117 F7200  ; DRAW LINE
G1 X80.654 Y29.971 F7200  ; DRAW LINE
G1 X80.977 Y30.117 F7200  ; DRAW LINE
G1 X80.977 Y35.508 F7200  ; DRAW LINE
G1 X80.859 Y36.094 F7200  ; DRAW LINE
G1 X79.922 Y36.094 F7200  ; DRAW LINE
G0 Z5.00               ; PEN UP

G0 X97.617 Y36.094   ; RAPID TO START
G1 Z0.00 F500    ; PEN DOWN
G4 P100           ; DWELL
G1 X97.617 Y31.406 F7200  ; DRAW LINE
G1 X97.852 Y30.820 F7200  ; DRAW LINE
G1 X99.023 Y30.000 F7200  ; DRAW LINE
G1 X100.458 Y30.014 F7200  ; DRAW LINE
G1 X101.602 Y30.703 F7200  ; DRAW LINE
G1 X101.602 Y30.117 F7200  ; DRAW LINE
G1 X102.539 Y30.117 F7200  ; DRAW LINE
G1 X102.539 Y36.094 F7200  ; DRAW LINE
G1 X101.602 Y36.094 F7200  ; DRAW LINE
G1 X101.602 Y31.875 F7200  ; DRAW LINE
G1 X101.133 Y31.055 F7200  ; DRAW LINE
G1 X100.430 Y30.703 F7200  ; DRAW LINE
G1 X99.258 Y30.820 F7200  ; DRAW LINE
G1 X98.555 Y31.758 F7200  ; DRAW LINE
G1 X98.555 Y36.094 F7200  ; DRAW LINE
G1 X97.617 Y36.094 F7200  ; DRAW LINE
G0 Z5.00               ; PEN UP

G0 X117.891 Y36.094   ; RAPID TO START
G1 Z0.00 F500    ; PEN DOWN
G4 P100           ; DWELL
G1 X117.891 Y30.117 F7200  ; DRAW LINE
G1 X118.561 Y29.962 F7200  ; DRAW LINE
G1 X118.828 Y30.117 F7200  ; DRAW LINE
G1 X118.828 Y36.094 F7200  ; DRAW LINE
G1 X117.891 Y36.094 F7200  ; DRAW LINE
G0 Z5.00               ; PEN UP

G0 X58.945 Y22.383   ; RAPID TO START
G1 Z0.00 F500    ; PEN DOWN
G4 P100           ; DWELL
G1 X58.945 Y13.594 F7200  ; DRAW LINE
G1 X59.883 Y13.594 F7200  ; DRAW LINE
G1 X59.883 Y22.383 F7200  ; DRAW LINE
G1 X58.945 Y22.383 F7200  ; DRAW LINE
G0 Z5.00               ; PEN UP

G0 X115.547 Y22.383   ; RAPID TO START
G1 Z0.00 F500    ; PEN DOWN
G4 P100           ; DWELL
G1 X115.547 Y13.594 F7200  ; DRAW LINE
G1 X116.484 Y13.594 F7200  ; DRAW LINE
G1 X116.484 Y22.383 F7200  ; DRAW LINE
G1 X115.547 Y22.383 F7200  ; DRAW LINE
G0 Z5.00               ; PEN UP

G0 X113.086 Y22.266   ; RAPID TO START
G1 Z0.00 F500    ; PEN DOWN
G4 P100           ; DWELL
G1 X112.570 Y21.942 F7200  ; DRAW LINE
G1 X112.482 Y21.368 F7200  ; DRAW LINE
G1 X113.203 Y20.859 F7200  ; DRAW LINE
G1 X113.723 Y21.100 F7200  ; DRAW LINE
G1 X113.808 Y21.662 F7200  ; DRAW LINE
G1 X113.086 Y22.266 F7200  ; DRAW LINE
G0 Z5.00               ; PEN UP

G0 X118.828 Y22.266   ; RAPID TO START
G1 Z0.00 F500    ; PEN DOWN
G4 P100           ; DWELL
G1 X118.365 Y22.015 F7200  ; DRAW LINE
G1 X118.219 Y21.511 F7200  ; DRAW LINE
G1 X118.828 Y20.859 F7200  ; DRAW LINE
G1 X119.648 Y21.445 F7200  ; DRAW LINE
G1 X118.828 Y22.266 F7200  ; DRAW LINE
G0 Z5.00               ; PEN UP

G0 X53.555 Y22.031   ; RAPID TO START
G1 Z0.00 F500    ; PEN DOWN
G4 P100           ; DWELL
G1 X50.391 Y13.594 F7200  ; DRAW LINE
G1 X51.328 Y13.594 F7200  ; DRAW LINE
G1 X52.383 Y16.055 F7200  ; DRAW LINE
G1 X56.016 Y16.055 F7200  ; DRAW LINE
G1 X56.836 Y13.711 F7200  ; DRAW LINE
G1 X57.891 Y13.594 F7200  ; DRAW LINE
G1 X54.609 Y22.031 F7200  ; DRAW LINE
G1 X53.555 Y22.031 F7200  ; DRAW LINE
G0 Z5.00               ; PEN UP

G0 X88.125 Y22.031   ; RAPID TO START
G1 Z0.00 F500    ; PEN DOWN
G4 P100           ; DWELL
G1 X91.172 Y13.711 F7200  ; DRAW LINE
G1 X92.227 Y13.594 F7200  ; DRAW LINE
G1 X95.391 Y22.031 F7200  ; DRAW LINE
G1 X94.453 Y22.031 F7200  ; DRAW LINE
G1 X91.809 Y14.737 F7200  ; DRAW LINE
G1 X89.063 Y22.031 F7200  ; DRAW LINE
G1 X88.125 Y22.031 F7200  ; DRAW LINE
G0 Z5.00               ; PEN UP

G0 X63.984 Y19.570   ; RAPID TO START
G1 Z0.00 F500    ; PEN DOWN
G4 P100           ; DWELL
G1 X62.738 Y19.177 F7200  ; DRAW LINE
G1 X61.856 Y18.323 F7200  ; DRAW LINE
G1 X61.406 Y17.227 F7200  ; DRAW LINE
G1 X61.436 Y15.498 F7200  ; DRAW LINE
G1 X61.839 Y14.495 F7200  ; DRAW LINE
G1 X62.536 Y13.884 F7200  ; DRAW LINE
G1 X63.633 Y13.477 F7200  ; DRAW LINE
G1 X65.156 Y13.477 F7200  ; DRAW LINE
G1 X66.211 Y13.945 F7200  ; DRAW LINE
G1 X66.211 Y14.766 F7200  ; DRAW LINE
G1 X65.039 Y14.180 F7200  ; DRAW LINE
G1 X63.844 Y14.208 F7200  ; DRAW LINE
G1 X62.852 Y14.678 F7200  ; DRAW LINE
G1 X62.374 Y15.521 F7200  ; DRAW LINE
G1 X62.461 Y16.289 F7200  ; DRAW LINE
G1 X66.563 Y16.289 F7200  ; DRAW LINE
G1 X66.548 Y17.723 F7200  ; DRAW LINE
G1 X65.934 Y18.820 F7200  ; DRAW LINE
G1 X65.128 Y19.383 F7200  ; DRAW LINE
G1 X63.984 Y19.570 F7200  ; DRAW LINE
G0 Z5.00               ; PEN UP

G0 X75.586 Y19.570   ; RAPID TO START
G1 Z0.00 F500    ; PEN DOWN
G4 P100           ; DWELL
G1 X74.531 Y19.219 F7200  ; DRAW LINE
G1 X73.594 Y18.252 F7200  ; DRAW LINE
G1 X73.125 Y16.758 F7200  ; DRAW LINE
G1 X73.213 Y15.410 F7200  ; DRAW LINE
G1 X73.711 Y14.414 F7200  ; DRAW LINE
G1 X74.583 Y13.739 F7200  ; DRAW LINE
G1 X75.694 Y13.439 F7200  ; DRAW LINE
G1 X77.123 Y13.533 F7200  ; DRAW LINE
G1 X77.930 Y13.945 F7200  ; DRAW LINE
G1 X77.930 Y14.766 F7200  ; DRAW LINE
G1 X76.758 Y14.180 F7200  ; DRAW LINE
G1 X75.563 Y14.208 F7200  ; DRAW LINE
G1 X75.000 Y14.414 F7200  ; DRAW LINE
G1 X74.180 Y15.469 F7200  ; DRAW LINE
G1 X74.254 Y16.281 F7200  ; DRAW LINE
G1 X78.398 Y16.289 F7200  ; DRAW LINE
G1 X78.286 Y17.822 F7200  ; DRAW LINE
G1 X77.648 Y18.933 F7200  ; DRAW LINE
G1 X76.805 Y19.458 F7200  ; DRAW LINE
G1 X75.586 Y19.570 F7200  ; DRAW LINE
G0 Z5.00               ; PEN UP

G0 X97.852 Y19.570   ; RAPID TO START
G1 Z0.00 F500    ; PEN DOWN
G4 P100           ; DWELL
G1 X95.977 Y18.867 F7200  ; DRAW LINE
G1 X96.211 Y18.281 F7200  ; DRAW LINE
G1 X97.734 Y18.867 F7200  ; DRAW LINE
G1 X98.672 Y18.750 F7200  ; DRAW LINE
G1 X99.229 Y18.164 F7200  ; DRAW LINE
G1 X99.258 Y17.109 F7200  ; DRAW LINE
G1 X96.797 Y16.758 F7200  ; DRAW LINE
G1 X95.977 Y16.289 F7200  ; DRAW LINE
G1 X95.508 Y15.586 F7200  ; DRAW LINE
G1 X95.625 Y14.180 F7200  ; DRAW LINE
G1 X96.797 Y13.477 F7200  ; DRAW LINE
G1 X98.086 Y13.477 F7200  ; DRAW LINE
G1 X99.375 Y14.414 F7200  ; DRAW LINE
G1 X99.375 Y13.594 F7200  ; DRAW LINE
G1 X100.195 Y13.594 F7200  ; DRAW LINE
G1 X100.195 Y18.164 F7200  ; DRAW LINE
G1 X99.342 Y19.289 F7200  ; DRAW LINE
G1 X97.852 Y19.570 F7200  ; DRAW LINE
G0 Z5.00               ; PEN UP

G0 X103.711 Y19.570   ; RAPID TO START
G1 Z0.00 F500    ; PEN DOWN
G4 P100           ; DWELL
G1 X102.206 Y18.942 F7200  ; DRAW LINE
G1 X101.719 Y17.930 F7200  ; DRAW LINE
G1 X101.953 Y17.109 F7200  ; DRAW LINE
G1 X104.648 Y15.703 F7200  ; DRAW LINE
G1 X104.766 Y14.531 F7200  ; DRAW LINE
G1 X104.297 Y14.180 F7200  ; DRAW LINE
G1 X103.397 Y14.123 F7200  ; DRAW LINE
G1 X101.888 Y14.661 F7200  ; DRAW LINE
G1 X101.691 Y14.296 F7200  ; DRAW LINE
G1 X101.719 Y13.828 F7200  ; DRAW LINE
G1 X103.686 Y13.371 F7200  ; DRAW LINE
G1 X105.177 Y13.793 F7200  ; DRAW LINE
G1 X105.848 Y15.000 F7200  ; DRAW LINE
G1 X105.708 Y15.773 F7200  ; DRAW LINE
G1 X105.000 Y16.523 F7200  ; DRAW LINE
G1 X102.656 Y17.695 F7200  ; DRAW LINE
G1 X102.773 Y18.398 F7200  ; DRAW LINE
G1 X103.594 Y18.867 F7200  ; DRAW LINE
G1 X105.469 Y18.633 F7200  ; DRAW LINE
G1 X105.586 Y18.984 F7200  ; DRAW LINE
G1 X105.171 Y19.332 F7200  ; DRAW LINE
G1 X103.711 Y19.570 F7200  ; DRAW LINE
G0 Z5.00               ; PEN UP

G0 X108.984 Y19.570   ; RAPID TO START
G1 Z0.00 F500    ; PEN DOWN
G4 P100           ; DWELL
G1 X107.695 Y19.102 F7200  ; DRAW LINE
G1 X107.109 Y18.398 F7200  ; DRAW LINE
G1 X107.081 Y17.442 F7200  ; DRAW LINE
G1 X107.899 Y16.553 F7200  ; DRAW LINE
G1 X109.688 Y15.938 F7200  ; DRAW LINE
G1 X110.273 Y15.117 F7200  ; DRAW LINE
G1 X109.570 Y14.180 F7200  ; DRAW LINE
G1 X108.164 Y14.180 F7200  ; DRAW LINE
G1 X107.227 Y14.648 F7200  ; DRAW LINE
G1 X107.109 Y13.828 F7200  ; DRAW LINE
G1 X108.047 Y13.477 F7200  ; DRAW LINE
G1 X110.147 Y13.627 F7200  ; DRAW LINE
G1 X111.134 Y14.851 F7200  ; DRAW LINE
G1 X110.946 Y15.882 F7200  ; DRAW LINE
G1 X107.930 Y17.813 F7200  ; DRAW LINE
G1 X108.047 Y18.281 F7200  ; DRAW LINE
G1 X108.867 Y18.867 F7200  ; DRAW LINE
G1 X110.801 Y18.691 F7200  ; DRAW LINE
G1 X110.391 Y19.453 F7200  ; DRAW LINE
G1 X108.984 Y19.570 F7200  ; DRAW LINE
G0 Z5.00               ; PEN UP

G0 X123.516 Y19.570   ; RAPID TO START
G1 Z0.00 F500    ; PEN DOWN
G4 P100           ; DWELL
G1 X121.992 Y18.984 F7200  ; DRAW LINE
G1 X121.430 Y18.347 F7200  ; DRAW LINE
G1 X120.938 Y17.109 F7200  ; DRAW LINE
G1 X120.938 Y15.645 F7200  ; DRAW LINE
G1 X122.051 Y13.857 F7200  ; DRAW LINE
G1 X123.047 Y13.477 F7200  ; DRAW LINE
G1 X124.658 Y13.477 F7200  ; DRAW LINE
G1 X125.742 Y13.945 F7200  ; DRAW LINE
G1 X125.742 Y14.766 F7200  ; DRAW LINE
G1 X124.688 Y14.180 F7200  ; DRAW LINE
G1 X123.486 Y14.150 F7200  ; DRAW LINE
G1 X122.821 Y14.422 F7200  ; DRAW LINE
G1 X121.992 Y15.352 F7200  ; DRAW LINE
G1 X121.875 Y16.289 F7200  ; DRAW LINE
G1 X126.211 Y16.406 F7200  ; DRAW LINE
G1 X126.042 Y17.841 F7200  ; DRAW LINE
G1 X125.466 Y18.895 F7200  ; DRAW LINE
G1 X124.659 Y19.402 F7200  ; DRAW LINE
G1 X123.516 Y19.570 F7200  ; DRAW LINE
G0 Z5.00               ; PEN UP

G0 X67.383 Y19.453   ; RAPID TO START
G1 Z0.00 F500    ; PEN DOWN
G4 P100           ; DWELL
G1 X69.375 Y16.523 F7200  ; DRAW LINE
G1 X67.266 Y13.594 F7200  ; DRAW LINE
G1 X68.320 Y13.594 F7200  ; DRAW LINE
G1 X69.844 Y15.938 F7200  ; DRAW LINE
G1 X71.367 Y13.594 F7200  ; DRAW LINE
G1 X72.422 Y13.594 F7200  ; DRAW LINE
G1 X70.430 Y16.406 F7200  ; DRAW LINE
G1 X72.305 Y19.453 F7200  ; DRAW LINE
G1 X71.484 Y19.453 F7200  ; DRAW LINE
G1 X70.078 Y17.344 F7200  ; DRAW LINE
G1 X69.727 Y17.227 F7200  ; DRAW LINE
G1 X68.457 Y19.322 F7200  ; DRAW LINE
G1 X67.383 Y19.453 F7200  ; DRAW LINE
G0 Z5.00               ; PEN UP

G0 X79.102 Y19.453   ; RAPID TO START
G1 Z0.00 F500    ; PEN DOWN
G4 P100           ; DWELL
G1 X81.445 Y13.477 F7200  ; DRAW LINE
G1 X80.977 Y12.305 F7200  ; DRAW LINE
G1 X80.156 Y11.602 F7200  ; DRAW LINE
G1 X79.219 Y11.602 F7200  ; DRAW LINE
G1 X79.219 Y10.898 F7200  ; DRAW LINE
G1 X80.186 Y10.898 F7200  ; DRAW LINE
G1 X80.977 Y11.133 F7200  ; DRAW LINE
G1 X81.914 Y12.305 F7200  ; DRAW LINE
G1 X84.492 Y19.453 F7200  ; DRAW LINE
G1 X83.672 Y19.453 F7200  ; DRAW LINE
G1 X81.914 Y14.531 F7200  ; DRAW LINE
G1 X80.039 Y19.219 F7200  ; DRAW LINE
G1 X79.102 Y19.453 F7200  ; DRAW LINE
G0 Z5.00               ; PEN UP

G0 X112.734 Y19.453   ; RAPID TO START
G1 Z0.00 F500    ; PEN DOWN
G4 P100           ; DWELL
G1 X112.734 Y13.594 F7200  ; DRAW LINE
G1 X113.672 Y13.594 F7200  ; DRAW LINE
G1 X113.672 Y19.219 F7200  ; DRAW LINE
G1 X112.734 Y19.453 F7200  ; DRAW LINE
G0 Z5.00               ; PEN UP

G0 X118.477 Y19.453   ; RAPID TO START
G1 Z0.00 F500    ; PEN DOWN
G4 P100           ; DWELL
G1 X118.477 Y13.594 F7200  ; DRAW LINE
G1 X119.297 Y13.594 F7200  ; DRAW LINE
G1 X119.414 Y19.219 F7200  ; DRAW LINE
G1 X118.477 Y19.453 F7200  ; DRAW LINE
G0 Z5.00               ; PEN UP

G0 X126.797 Y19.453   ; RAPID TO START
G1 Z0.00 F500    ; PEN DOWN
G4 P100           ; DWELL
G1 X129.023 Y13.711 F7200  ; DRAW LINE
G1 X130.195 Y13.594 F7200  ; DRAW LINE
G1 X132.305 Y19.453 F7200  ; DRAW LINE
G1 X131.367 Y19.453 F7200  ; DRAW LINE
G1 X129.727 Y14.531 F7200  ; DRAW LINE
G1 X127.734 Y19.453 F7200  ; DRAW LINE
G1 X126.797 Y19.453 F7200  ; DRAW LINE
G0 Z5.00               ; PEN UP

G0 X4.277 Y113.672   ; RAPID TO START
G1 Z0.00 F500    ; PEN DOWN
G4 P100           ; DWELL
G1 X175.989 Y113.675 F7200  ; DRAW LINE
G1 X176.133 Y76.406 F7200  ; DRAW LINE
G1 X4.102 Y76.406 F7200  ; DRAW LINE
G1 X4.277 Y113.672 F7200  ; DRAW LINE
G0 Z5.00               ; PEN UP

G0 X9.727 Y112.852   ; RAPID TO START
G1 Z0.00 F500    ; PEN DOWN
G4 P100           ; DWELL
G1 X4.805 Y112.734 F7200  ; DRAW LINE
G1 X4.805 Y103.711 F7200  ; DRAW LINE
G1 X13.711 Y103.711 F7200  ; DRAW LINE
G1 X13.711 Y112.734 F7200  ; DRAW LINE
G1 X9.727 Y112.852 F7200  ; DRAW LINE
G0 Z5.00               ; PEN UP

G0 X15.117 Y112.734   ; RAPID TO START
G1 Z0.00 F500    ; PEN DOWN
G4 P100           ; DWELL
G1 X14.883 Y112.500 F7200  ; DRAW LINE
G1 X14.883 Y104.063 F7200  ; DRAW LINE
G1 X23.789 Y103.945 F7200  ; DRAW LINE
G1 X23.789 Y112.734 F7200  ; DRAW LINE
G1 X15.117 Y112.734 F7200  ; DRAW LINE
G0 Z5.00               ; PEN UP

G0 X25.313 Y112.500   ; RAPID TO START
G1 Z0.00 F500    ; PEN DOWN
G4 P100           ; DWELL
G1 X25.313 Y104.531 F7200  ; DRAW LINE
G1 X32.930 Y104.531 F7200  ; DRAW LINE
G1 X33.047 Y112.500 F7200  ; DRAW LINE
G1 X25.313 Y112.500 F7200  ; DRAW LINE
G0 Z5.00               ; PEN UP

G0 X34.570 Y112.148   ; RAPID TO START
G1 Z0.00 F500    ; PEN DOWN
G4 P100           ; DWELL
G1 X34.570 Y104.883 F7200  ; DRAW LINE
G1 X41.719 Y104.883 F7200  ; DRAW LINE
G1 X41.719 Y112.148 F7200  ; DRAW LINE
G1 X34.570 Y112.148 F7200  ; DRAW LINE
G0 Z5.00               ; PEN UP

G0 X45.586 Y111.797   ; RAPID TO START
G1 Z0.00 F500    ; PEN DOWN
G4 P100           ; DWELL
G1 X45.586 Y110.859 F7200  ; DRAW LINE
G1 X47.344 Y110.859 F7200  ; DRAW LINE
G1 X47.344 Y105.586 F7200  ; DRAW LINE
G1 X48.281 Y105.586 F7200  ; DRAW LINE
G1 X48.398 Y110.742 F7200  ; DRAW LINE
G1 X50.039 Y110.859 F7200  ; DRAW LINE
G1 X50.039 Y111.797 F7200  ; DRAW LINE
G1 X45.586 Y111.797 F7200  ; DRAW LINE
G0 Z5.00               ; PEN UP

G0 X50.391 Y111.797   ; RAPID TO START
G1 Z0.00 F500    ; PEN DOWN
G4 P100           ; DWELL
G1 X50.391 Y105.703 F7200  ; DRAW LINE
G1 X51.445 Y105.703 F7200  ; DRAW LINE
G1 X51.445 Y108.516 F7200  ; DRAW LINE
G1 X52.235 Y109.168 F7200  ; DRAW LINE
G1 X52.734 Y109.102 F7200  ; DRAW LINE
G1 X53.086 Y108.398 F7200  ; DRAW LINE
G1 X53.086 Y105.586 F7200  ; DRAW LINE
G1 X54.023 Y105.586 F7200  ; DRAW LINE
G1 X53.906 Y109.336 F7200  ; DRAW LINE
G1 X52.852 Y110.156 F7200  ; DRAW LINE
G1 X51.445 Y109.922 F7200  ; DRAW LINE
G1 X51.445 Y111.797 F7200  ; DRAW LINE
G1 X50.391 Y111.797 F7200  ; DRAW LINE
G0 Z5.00               ; PEN UP

G0 X62.227 Y111.797   ; RAPID TO START
G1 Z0.00 F500    ; PEN DOWN
G4 P100           ; DWELL
G1 X60.117 Y105.820 F7200  ; DRAW LINE
G1 X61.055 Y105.586 F7200  ; DRAW LINE
G1 X61.523 Y106.875 F7200  ; DRAW LINE
G1 X61.875 Y106.992 F7200  ; DRAW LINE
G1 X63.750 Y106.992 F7200  ; DRAW LINE
G1 X64.219 Y105.703 F7200  ; DRAW LINE
G1 X65.273 Y105.586 F7200  ; DRAW LINE
G1 X63.164 Y111.797 F7200  ; DRAW LINE
G1 X62.227 Y111.797 F7200  ; DRAW LINE
G0 Z5.00               ; PEN UP

G0 X72.539 Y111.797   ; RAPID TO START
G1 Z0.00 F500    ; PEN DOWN
G4 P100           ; DWELL
G1 X72.539 Y109.922 F7200  ; DRAW LINE
G1 X71.719 Y110.156 F7200  ; DRAW LINE
G1 X70.781 Y109.922 F7200  ; DRAW LINE
G1 X69.961 Y108.984 F7200  ; DRAW LINE
G1 X69.967 Y106.508 F7200  ; DRAW LINE
G1 X70.195 Y106.055 F7200  ; DRAW LINE
G1 X71.250 Y105.469 F7200  ; DRAW LINE
G1 X73.594 Y105.703 F7200  ; DRAW LINE
G1 X73.594 Y111.563 F7200  ; DRAW LINE
G1 X73.477 Y111.797 F7200  ; DRAW LINE
G1 X72.539 Y111.797 F7200  ; DRAW LINE
G0 Z5.00               ; PEN UP

G0 X101.133 Y111.797   ; RAPID TO START
G1 Z0.00 F500    ; PEN DOWN
G4 P100           ; DWELL
G1 X100.898 Y111.563 F7200  ; DRAW LINE
G1 X100.898 Y109.922 F7200  ; DRAW LINE
G1 X99.398 Y110.086 F7200  ; DRAW LINE
G1 X98.320 Y108.750 F7200  ; DRAW LINE
G1 X98.320 Y106.641 F7200  ; DRAW LINE
G1 X98.672 Y105.938 F7200  ; DRAW LINE
G1 X99.609 Y105.469 F7200  ; DRAW LINE
G1 X101.953 Y105.586 F7200  ; DRAW LINE
G1 X101.953 Y111.680 F7200  ; DRAW LINE
G1 X101.133 Y111.797 F7200  ; DRAW LINE
G0 Z5.00               ; PEN UP

G0 X105.000 Y111.797   ; RAPID TO START
G1 Z0.00 F500    ; PEN DOWN
G4 P100           ; DWELL
G1 X105.000 Y105.586 F7200  ; DRAW LINE
G1 X108.984 Y105.586 F7200  ; DRAW LINE
G1 X108.984 Y106.523 F7200  ; DRAW LINE
G1 X106.055 Y106.523 F7200  ; DRAW LINE
G1 X106.055 Y108.281 F7200  ; DRAW LINE
G1 X108.516 Y108.281 F7200  ; DRAW LINE
G1 X108.516 Y109.219 F7200  ; DRAW LINE
G1 X106.055 Y109.219 F7200  ; DRAW LINE
G1 X106.055 Y110.859 F7200  ; DRAW LINE
G1 X108.984 Y110.859 F7200  ; DRAW LINE
G1 X108.984 Y111.797 F7200  ; DRAW LINE
G1 X105.000 Y111.797 F7200  ; DRAW LINE
G0 Z5.00               ; PEN UP

G0 X123.516 Y111.797   ; RAPID TO START
G1 Z0.00 F500    ; PEN DOWN
G4 P100           ; DWELL
G1 X123.281 Y111.563 F7200  ; DRAW LINE
G1 X125.156 Y105.703 F7200  ; DRAW LINE
G1 X126.094 Y105.586 F7200  ; DRAW LINE
G1 X128.086 Y111.563 F7200  ; DRAW LINE
G1 X127.148 Y111.797 F7200  ; DRAW LINE
G1 X125.742 Y107.578 F7200  ; DRAW LINE
G1 X124.336 Y111.797 F7200  ; DRAW LINE
G1 X123.516 Y111.797 F7200  ; DRAW LINE
G0 Z5.00               ; PEN UP

G0 X128.555 Y111.797   ; RAPID TO START
G1 Z0.00 F500    ; PEN DOWN
G4 P100           ; DWELL
G1 X128.320 Y110.859 F7200  ; DRAW LINE
G1 X129.258 Y110.742 F7200  ; DRAW LINE
G1 X129.305 Y111.722 F7200  ; DRAW LINE
G1 X128.555 Y111.797 F7200  ; DRAW LINE
G0 Z5.00               ; PEN UP

G0 X140.625 Y111.797   ; RAPID TO START
G1 Z0.00 F500    ; PEN DOWN
G4 P100           ; DWELL
G1 X140.391 Y111.563 F7200  ; DRAW LINE
G1 X140.391 Y105.703 F7200  ; DRAW LINE
G1 X143.125 Y105.534 F7200  ; DRAW LINE
G1 X144.141 Y106.758 F7200  ; DRAW LINE
G1 X144.141 Y108.750 F7200  ; DRAW LINE
G1 X143.906 Y109.336 F7200  ; DRAW LINE
G1 X142.852 Y110.156 F7200  ; DRAW LINE
G1 X141.445 Y109.922 F7200  ; DRAW LINE
G1 X141.445 Y111.797 F7200  ; DRAW LINE
G1 X140.625 Y111.797 F7200  ; DRAW LINE
G0 Z5.00               ; PEN UP

G0 X144.844 Y111.797   ; RAPID TO START
G1 Z0.00 F500    ; PEN DOWN
G4 P100           ; DWELL
G1 X144.844 Y110.742 F7200  ; DRAW LINE
G1 X145.846 Y110.793 F7200  ; DRAW LINE
G1 X145.781 Y111.797 F7200  ; DRAW LINE
G1 X144.844 Y111.797 F7200  ; DRAW LINE
G0 Z5.00               ; PEN UP

G0 X148.828 Y111.797   ; RAPID TO START
G1 Z0.00 F500    ; PEN DOWN
G4 P100           ; DWELL
G1 X148.828 Y105.586 F7200  ; DRAW LINE
G1 X149.766 Y105.586 F7200  ; DRAW LINE
G1 X149.883 Y108.164 F7200  ; DRAW LINE
G1 X152.109 Y108.164 F7200  ; DRAW LINE
G1 X152.372 Y108.722 F7200  ; DRAW LINE
G1 X152.109 Y109.219 F7200  ; DRAW LINE
G1 X149.883 Y109.219 F7200  ; DRAW LINE
G1 X149.766 Y110.625 F7200  ; DRAW LINE
G1 X150.000 Y110.859 F7200  ; DRAW LINE
G1 X152.695 Y110.859 F7200  ; DRAW LINE
G1 X152.862 Y111.723 F7200  ; DRAW LINE
G1 X148.828 Y111.797 F7200  ; DRAW LINE
G0 Z5.00               ; PEN UP

G0 X166.055 Y111.797   ; RAPID TO START
G1 Z0.00 F500    ; PEN DOWN
G4 P100           ; DWELL
G1 X165.820 Y111.563 F7200  ; DRAW LINE
G1 X165.820 Y106.523 F7200  ; DRAW LINE
G1 X166.369 Y105.642 F7200  ; DRAW LINE
G1 X167.578 Y105.586 F7200  ; DRAW LINE
G1 X167.578 Y106.523 F7200  ; DRAW LINE
G1 X166.875 Y106.523 F7200  ; DRAW LINE
G1 X166.867 Y111.723 F7200  ; DRAW LINE
G1 X166.055 Y111.797 F7200  ; DRAW LINE
G0 Z5.00               ; PEN UP

G0 X130.781 Y111.328   ; RAPID TO START
G1 Z0.00 F500    ; PEN DOWN
G4 P100           ; DWELL
G1 X130.430 Y111.094 F7200  ; DRAW LINE
G1 X130.430 Y110.039 F7200  ; DRAW LINE
G1 X129.844 Y110.039 F7200  ; DRAW LINE
G1 X129.844 Y109.219 F7200  ; DRAW LINE
G1 X130.430 Y109.102 F7200  ; DRAW LINE
G1 X130.430 Y106.289 F7200  ; DRAW LINE
G1 X131.250 Y105.586 F7200  ; DRAW LINE
G1 X132.305 Y105.586 F7200  ; DRAW LINE
G1 X132.197 Y106.448 F7200  ; DRAW LINE
G1 X131.484 Y106.523 F7200  ; DRAW LINE
G1 X131.484 Y108.984 F7200  ; DRAW LINE
G1 X132.231 Y109.130 F7200  ; DRAW LINE
G1 X132.305 Y109.805 F7200  ; DRAW LINE
G1 X131.484 Y110.156 F7200  ; DRAW LINE
G1 X131.484 Y111.211 F7200  ; DRAW LINE
G1 X130.781 Y111.328 F7200  ; DRAW LINE
G0 Z5.00               ; PEN UP

G0 X168.281 Y111.328   ; RAPID TO START
G1 Z0.00 F500    ; PEN DOWN
G4 P100           ; DWELL
G1 X168.281 Y110.039 F7200  ; DRAW LINE
G1 X167.695 Y110.039 F7200  ; DRAW LINE
G1 X167.695 Y109.219 F7200  ; DRAW LINE
G1 X168.281 Y109.102 F7200  ; DRAW LINE
G1 X168.281 Y106.289 F7200  ; DRAW LINE
G1 X169.102 Y105.586 F7200  ; DRAW LINE
G1 X170.156 Y105.586 F7200  ; DRAW LINE
G1 X170.048 Y106.448 F7200  ; DRAW LINE
G1 X169.336 Y106.523 F7200  ; DRAW LINE
G1 X169.336 Y108.984 F7200  ; DRAW LINE
G1 X170.039 Y109.102 F7200  ; DRAW LINE
G1 X170.273 Y109.805 F7200  ; DRAW LINE
G1 X171.698 Y105.895 F7200  ; DRAW LINE
G1 X171.567 Y105.042 F7200  ; DRAW LINE
G1 X170.759 Y104.583 F7200  ; DRAW LINE
G1 X170.702 Y103.964 F7200  ; DRAW LINE
G1 X171.914 Y103.945 F7200  ; DRAW LINE
G1 X172.383 Y104.531 F7200  ; DRAW LINE
G1 X174.141 Y110.039 F7200  ; DRAW LINE
G1 X173.203 Y110.039 F7200  ; DRAW LINE
G1 X172.383 Y107.461 F7200  ; DRAW LINE
G1 X171.216 Y109.964 F7200  ; DRAW LINE
G1 X169.336 Y110.039 F7200  ; DRAW LINE
G1 X169.219 Y111.328 F7200  ; DRAW LINE
G1 X168.281 Y111.328 F7200  ; DRAW LINE
G0 Z5.00               ; PEN UP

G0 X56.367 Y110.156   ; RAPID TO START
G1 Z0.00 F500    ; PEN DOWN
G4 P100           ; DWELL
G1 X55.430 Y109.805 F7200  ; DRAW LINE
G1 X54.609 Y108.633 F7200  ; DRAW LINE
G1 X54.580 Y107.197 F7200  ; DRAW LINE
G1 X55.274 Y105.912 F7200  ; DRAW LINE
G1 X57.019 Y105.469 F7200  ; DRAW LINE
G1 X58.242 Y106.289 F7200  ; DRAW LINE
G1 X57.773 Y106.992 F7200  ; DRAW LINE
G1 X57.129 Y106.523 F7200  ; DRAW LINE
G1 X56.133 Y106.523 F7200  ; DRAW LINE
G1 X55.723 Y106.875 F7200  ; DRAW LINE
G1 X55.664 Y107.461 F7200  ; DRAW LINE
G1 X58.008 Y107.461 F7200  ; DRAW LINE
G1 X58.301 Y108.604 F7200  ; DRAW LINE
G1 X57.663 Y109.754 F7200  ; DRAW LINE
G1 X56.367 Y110.156 F7200  ; DRAW LINE
G0 Z5.00               ; PEN UP

G0 X67.500 Y110.156   ; RAPID TO START
G1 Z0.00 F500    ; PEN DOWN
G4 P100           ; DWELL
G1 X65.625 Y109.805 F7200  ; DRAW LINE
G1 X65.625 Y105.703 F7200  ; DRAW LINE
G1 X66.680 Y105.703 F7200  ; DRAW LINE
G1 X66.680 Y108.516 F7200  ; DRAW LINE
G1 X66.990 Y108.979 F7200  ; DRAW LINE
G1 X67.547 Y109.125 F7200  ; DRAW LINE
G1 X68.203 Y108.633 F7200  ; DRAW LINE
G1 X68.203 Y105.820 F7200  ; DRAW LINE
G1 X69.258 Y105.586 F7200  ; DRAW LINE
G1 X69.258 Y108.984 F7200  ; DRAW LINE
G1 X68.700 Y109.856 F7200  ; DRAW LINE
G1 X67.500 Y110.156 F7200  ; DRAW LINE
G0 Z5.00               ; PEN UP

G0 X76.406 Y110.156   ; RAPID TO START
G1 Z0.00 F500    ; PEN DOWN
G4 P100           ; DWELL
G1 X74.445 Y109.891 F7200  ; DRAW LINE
G1 X74.452 Y105.548 F7200  ; DRAW LINE
G1 X75.469 Y105.703 F7200  ; DRAW LINE
G1 X75.586 Y108.750 F7200  ; DRAW LINE
G1 X76.168 Y109.120 F7200  ; DRAW LINE
G1 X77.227 Y108.984 F7200  ; DRAW LINE
G1 X77.578 Y109.453 F7200  ; DRAW LINE
G1 X76.406 Y110.156 F7200  ; DRAW LINE
G0 Z5.00               ; PEN UP

G0 X79.336 Y110.156   ; RAPID TO START
G1 Z0.00 F500    ; PEN DOWN
G4 P100           ; DWELL
G1 X78.047 Y109.688 F7200  ; DRAW LINE
G1 X77.400 Y107.747 F7200  ; DRAW LINE
G1 X77.813 Y106.172 F7200  ; DRAW LINE
G1 X79.219 Y105.469 F7200  ; DRAW LINE
G1 X80.332 Y105.645 F7200  ; DRAW LINE
G1 X81.094 Y106.172 F7200  ; DRAW LINE
G1 X80.625 Y106.992 F7200  ; DRAW LINE
G1 X79.673 Y106.467 F7200  ; DRAW LINE
G1 X78.574 Y106.875 F7200  ; DRAW LINE
G1 X78.516 Y107.461 F7200  ; DRAW LINE
G1 X81.094 Y107.578 F7200  ; DRAW LINE
G1 X80.876 Y109.397 F7200  ; DRAW LINE
G1 X80.332 Y109.922 F7200  ; DRAW LINE
G1 X79.336 Y110.156 F7200  ; DRAW LINE
G0 Z5.00               ; PEN UP

G0 X91.172 Y110.156   ; RAPID TO START
G1 Z0.00 F500    ; PEN DOWN
G4 P100           ; DWELL
G1 X89.648 Y109.453 F7200  ; DRAW LINE
G1 X90.117 Y108.750 F7200  ; DRAW LINE
G1 X90.938 Y109.102 F7200  ; DRAW LINE
G1 X91.875 Y108.984 F7200  ; DRAW LINE
G1 X92.109 Y108.398 F7200  ; DRAW LINE
G1 X90.117 Y108.164 F7200  ; DRAW LINE
G1 X89.414 Y107.227 F7200  ; DRAW LINE
G1 X89.480 Y106.357 F7200  ; DRAW LINE
G1 X90.703 Y105.469 F7200  ; DRAW LINE
G1 X93.047 Y105.586 F7200  ; DRAW LINE
G1 X93.047 Y108.984 F7200  ; DRAW LINE
G1 X92.325 Y109.903 F7200  ; DRAW LINE
G1 X91.172 Y110.156 F7200  ; DRAW LINE
G0 Z5.00               ; PEN UP

G0 X95.859 Y110.156   ; RAPID TO START
G1 Z0.00 F500    ; PEN DOWN
G4 P100           ; DWELL
G1 X93.984 Y110.039 F7200  ; DRAW LINE
G1 X94.022 Y105.548 F7200  ; DRAW LINE
G1 X95.039 Y105.703 F7200  ; DRAW LINE
G1 X95.039 Y108.633 F7200  ; DRAW LINE
G1 X95.864 Y109.120 F7200  ; DRAW LINE
G1 X96.563 Y108.633 F7200  ; DRAW LINE
G1 X96.563 Y105.703 F7200  ; DRAW LINE
G1 X97.120 Y105.498 F7200  ; DRAW LINE
G1 X97.617 Y105.820 F7200  ; DRAW LINE
G1 X97.383 Y109.336 F7200  ; DRAW LINE
G1 X96.826 Y109.951 F7200  ; DRAW LINE
G1 X95.859 Y110.156 F7200  ; DRAW LINE
G0 Z5.00               ; PEN UP

G0 X111.797 Y110.156   ; RAPID TO START
G1 Z0.00 F500    ; PEN DOWN
G4 P100           ; DWELL
G1 X109.835 Y109.891 F7200  ; DRAW LINE
G1 X109.842 Y105.548 F7200  ; DRAW LINE
G1 X110.859 Y105.703 F7200  ; DRAW LINE
G1 X110.859 Y108.516 F7200  ; DRAW LINE
G1 X111.445 Y109.102 F7200  ; DRAW LINE
G1 X112.617 Y108.984 F7200  ; DRAW LINE
G1 X112.969 Y109.570 F7200  ; DRAW LINE
G1 X111.797 Y110.156 F7200  ; DRAW LINE
G0 Z5.00               ; PEN UP

G0 X114.961 Y110.156   ; RAPID TO START
G1 Z0.00 F500    ; PEN DOWN
G4 P100           ; DWELL
G1 X113.203 Y110.039 F7200  ; DRAW LINE
G1 X113.086 Y105.820 F7200  ; DRAW LINE
G1 X114.141 Y105.586 F7200  ; DRAW LINE
G1 X114.141 Y108.398 F7200  ; DRAW LINE
G1 X114.727 Y109.102 F7200  ; DRAW LINE
G1 X115.547 Y108.984 F7200  ; DRAW LINE
G1 X115.781 Y108.516 F7200  ; DRAW LINE
G1 X115.781 Y105.703 F7200  ; DRAW LINE
G1 X116.664 Y105.594 F7200  ; DRAW LINE
G1 X116.836 Y108.750 F7200  ; DRAW LINE
G1 X116.257 Y109.754 F7200  ; DRAW LINE
G1 X114.961 Y110.156 F7200  ; DRAW LINE
G0 Z5.00               ; PEN UP

G0 X119.297 Y110.156   ; RAPID TO START
G1 Z0.00 F500    ; PEN DOWN
G4 P100           ; DWELL
G1 X117.656 Y109.453 F7200  ; DRAW LINE
G1 X117.750 Y109.041 F7200  ; DRAW LINE
G1 X118.242 Y108.633 F7200  ; DRAW LINE
G1 X118.945 Y109.102 F7200  ; DRAW LINE
G1 X119.757 Y109.093 F7200  ; DRAW LINE
G1 X120.117 Y108.398 F7200  ; DRAW LINE
G1 X118.008 Y108.047 F7200  ; DRAW LINE
G1 X117.539 Y107.461 F7200  ; DRAW LINE
G1 X117.656 Y106.055 F7200  ; DRAW LINE
G1 X118.711 Y105.469 F7200  ; DRAW LINE
G1 X121.055 Y105.586 F7200  ; DRAW LINE
G1 X120.938 Y109.336 F7200  ; DRAW LINE
G1 X120.293 Y109.951 F7200  ; DRAW LINE
G1 X119.297 Y110.156 F7200  ; DRAW LINE
G0 Z5.00               ; PEN UP

G0 X134.531 Y110.156   ; RAPID TO START
G1 Z0.00 F500    ; PEN DOWN
G4 P100           ; DWELL
G1 X133.359 Y109.688 F7200  ; DRAW LINE
G1 X132.656 Y108.164 F7200  ; DRAW LINE
G1 X133.008 Y106.172 F7200  ; DRAW LINE
G1 X134.414 Y105.469 F7200  ; DRAW LINE
G1 X135.874 Y105.756 F7200  ; DRAW LINE
G1 X136.289 Y106.055 F7200  ; DRAW LINE
G1 X136.289 Y106.523 F7200  ; DRAW LINE
G1 X135.938 Y106.875 F7200  ; DRAW LINE
G1 X135.234 Y106.523 F7200  ; DRAW LINE
G1 X134.109 Y106.561 F7200  ; DRAW LINE
G1 X133.711 Y107.109 F7200  ; DRAW LINE
G1 X133.828 Y107.461 F7200  ; DRAW LINE
G1 X136.172 Y107.461 F7200  ; DRAW LINE
G1 X136.406 Y107.813 F7200  ; DRAW LINE
G1 X135.881 Y109.631 F7200  ; DRAW LINE
G1 X134.531 Y110.156 F7200  ; DRAW LINE
G0 Z5.00               ; PEN UP

G0 X138.867 Y110.156   ; RAPID TO START
G1 Z0.00 F500    ; PEN DOWN
G4 P100           ; DWELL
G1 X136.992 Y109.805 F7200  ; DRAW LINE
G1 X136.992 Y105.703 F7200  ; DRAW LINE
G1 X137.227 Y105.586 F7200  ; DRAW LINE
G1 X138.047 Y105.586 F7200  ; DRAW LINE
G1 X138.047 Y108.398 F7200  ; DRAW LINE
G1 X138.633 Y109.102 F7200  ; DRAW LINE
G1 X139.805 Y108.984 F7200  ; DRAW LINE
G1 X140.127 Y109.248 F7200  ; DRAW LINE
G1 X140.156 Y109.805 F7200  ; DRAW LINE
G1 X138.867 Y110.156 F7200  ; DRAW LINE
G0 Z5.00               ; PEN UP

G0 X154.570 Y110.156   ; RAPID TO START
G1 Z0.00 F500    ; PEN DOWN
G4 P100           ; DWELL
G1 X153.574 Y109.893 F7200  ; DRAW LINE
G1 X152.930 Y109.336 F7200  ; DRAW LINE
G1 X153.516 Y108.750 F7200  ; DRAW LINE
G1 X155.244 Y109.073 F7200  ; DRAW LINE
G1 X155.508 Y108.398 F7200  ; DRAW LINE
G1 X153.633 Y108.281 F7200  ; DRAW LINE
G1 X152.813 Y107.227 F7200  ; DRAW LINE
G1 X152.930 Y106.172 F7200  ; DRAW LINE
G1 X154.037 Y105.497 F7200  ; DRAW LINE
G1 X156.445 Y105.586 F7200  ; DRAW LINE
G1 X156.328 Y109.336 F7200  ; DRAW LINE
G1 X155.654 Y109.951 F7200  ; DRAW LINE
G1 X154.570 Y110.156 F7200  ; DRAW LINE
G0 Z5.00               ; PEN UP

G0 X158.789 Y110.156   ; RAPID TO START
G1 Z0.00 F500    ; PEN DOWN
G4 P100           ; DWELL
G1 X157.969 Y109.805 F7200  ; DRAW LINE
G1 X157.392 Y109.116 F7200  ; DRAW LINE
G1 X157.120 Y107.039 F7200  ; DRAW LINE
G1 X157.795 Y105.820 F7200  ; DRAW LINE
G1 X159.557 Y105.521 F7200  ; DRAW LINE
G1 X160.664 Y106.055 F7200  ; DRAW LINE
G1 X160.635 Y106.611 F7200  ; DRAW LINE
G1 X160.313 Y106.875 F7200  ; DRAW LINE
G1 X158.672 Y106.523 F7200  ; DRAW LINE
G1 X158.203 Y106.992 F7200  ; DRAW LINE
G1 X158.174 Y108.340 F7200  ; DRAW LINE
G1 X158.789 Y109.102 F7200  ; DRAW LINE
G1 X159.580 Y109.043 F7200  ; DRAW LINE
G1 X160.078 Y108.633 F7200  ; DRAW LINE
G1 X160.781 Y109.102 F7200  ; DRAW LINE
G1 X160.083 Y109.861 F7200  ; DRAW LINE
G1 X158.789 Y110.156 F7200  ; DRAW LINE
G0 Z5.00               ; PEN UP

G0 X81.328 Y110.039   ; RAPID TO START
G1 Z0.00 F500    ; PEN DOWN
G4 P100           ; DWELL
G1 X82.530 Y105.660 F7200  ; DRAW LINE
G1 X83.438 Y105.586 F7200  ; DRAW LINE
G1 X84.375 Y108.047 F7200  ; DRAW LINE
G1 X85.078 Y105.703 F7200  ; DRAW LINE
G1 X86.016 Y105.586 F7200  ; DRAW LINE
G1 X87.305 Y110.039 F7200  ; DRAW LINE
G1 X86.602 Y110.039 F7200  ; DRAW LINE
G1 X86.250 Y109.570 F7200  ; DRAW LINE
G1 X85.664 Y107.578 F7200  ; DRAW LINE
G1 X84.816 Y109.870 F7200  ; DRAW LINE
G1 X84.141 Y110.039 F7200  ; DRAW LINE
G1 X83.138 Y107.550 F7200  ; DRAW LINE
G1 X82.266 Y110.039 F7200  ; DRAW LINE
G1 X81.328 Y110.039 F7200  ; DRAW LINE
G0 Z5.00               ; PEN UP

G0 X128.555 Y110.039   ; RAPID TO START
G1 Z0.00 F500    ; PEN DOWN
G4 P100           ; DWELL
G1 X128.320 Y109.805 F7200  ; DRAW LINE
G1 X128.320 Y105.703 F7200  ; DRAW LINE
G1 X129.122 Y105.566 F7200  ; DRAW LINE
G1 X129.375 Y105.703 F7200  ; DRAW LINE
G1 X129.375 Y109.805 F7200  ; DRAW LINE
G1 X128.555 Y110.039 F7200  ; DRAW LINE
G0 Z5.00               ; PEN UP

G0 X144.844 Y110.039   ; RAPID TO START
G1 Z0.00 F500    ; PEN DOWN
G4 P100           ; DWELL
G1 X144.844 Y105.586 F7200  ; DRAW LINE
G1 X145.781 Y105.586 F7200  ; DRAW LINE
G1 X145.898 Y109.805 F7200  ; DRAW LINE
G1 X145.781 Y110.039 F7200  ; DRAW LINE
G1 X144.844 Y110.039 F7200  ; DRAW LINE
G0 Z5.00               ; PEN UP

G0 X161.484 Y110.039   ; RAPID TO START
G1 Z0.00 F500    ; PEN DOWN
G4 P100           ; DWELL
G1 X161.250 Y109.805 F7200  ; DRAW LINE
G1 X161.484 Y106.055 F7200  ; DRAW LINE
G1 X162.656 Y105.469 F7200  ; DRAW LINE
G1 X164.883 Y105.586 F7200  ; DRAW LINE
G1 X164.850 Y110.002 F7200  ; DRAW LINE
G1 X163.828 Y109.805 F7200  ; DRAW LINE
G1 X163.828 Y106.875 F7200  ; DRAW LINE
G1 X163.477 Y106.523 F7200  ; DRAW LINE
G1 X162.422 Y106.641 F7200  ; DRAW LINE
G1 X162.305 Y109.805 F7200  ; DRAW LINE
G1 X161.484 Y110.039 F7200  ; DRAW LINE
G0 Z5.00               ; PEN UP

G0 X66.797 Y101.133   ; RAPID TO START
G1 Z0.00 F500    ; PEN DOWN
G4 P100           ; DWELL
G1 X65.273 Y100.664 F7200  ; DRAW LINE
G1 X64.148 Y99.352 F7200  ; DRAW LINE
G1 X63.984 Y95.039 F7200  ; DRAW LINE
G1 X64.453 Y93.984 F7200  ; DRAW LINE
G1 X65.508 Y93.164 F7200  ; DRAW LINE
G1 X67.262 Y92.818 F7200  ; DRAW LINE
G1 X68.311 Y93.023 F7200  ; DRAW LINE
G1 X69.370 Y93.666 F7200  ; DRAW LINE
G1 X70.195 Y95.391 F7200  ; DRAW LINE
G1 X69.956 Y95.756 F7200  ; DRAW LINE
G1 X68.086 Y95.742 F7200  ; DRAW LINE
G1 X67.266 Y94.922 F7200  ; DRAW LINE
G1 X66.680 Y95.039 F7200  ; DRAW LINE
G1 X66.328 Y95.391 F7200  ; DRAW LINE
G1 X66.328 Y98.438 F7200  ; DRAW LINE
G1 X66.914 Y99.023 F7200  ; DRAW LINE
G1 X67.617 Y98.906 F7200  ; DRAW LINE
G1 X68.086 Y98.203 F7200  ; DRAW LINE
G1 X69.961 Y98.203 F7200  ; DRAW LINE
G1 X70.096 Y98.890 F7200  ; DRAW LINE
G1 X69.891 Y99.558 F7200  ; DRAW LINE
G1 X68.864 Y100.627 F7200  ; DRAW LINE
G1 X66.797 Y101.133 F7200  ; DRAW LINE
G0 Z5.00               ; PEN UP

G0 X90.586 Y101.133   ; RAPID TO START
G1 Z0.00 F500    ; PEN DOWN
G4 P100           ; DWELL
G1 X88.648 Y100.446 F7200  ; DRAW LINE
G1 X87.860 Y99.546 F7200  ; DRAW LINE
G1 X87.656 Y95.039 F7200  ; DRAW LINE
G1 X88.575 Y93.553 F7200  ; DRAW LINE
G1 X90.703 Y92.813 F7200  ; DRAW LINE
G1 X91.758 Y92.930 F7200  ; DRAW LINE
G1 X92.992 Y93.547 F7200  ; DRAW LINE
G1 X93.545 Y94.307 F7200  ; DRAW LINE
G1 X93.867 Y95.625 F7200  ; DRAW LINE
G1 X91.875 Y95.742 F7200  ; DRAW LINE
G1 X91.055 Y94.922 F7200  ; DRAW LINE
G1 X90.117 Y95.156 F7200  ; DRAW LINE
G1 X89.883 Y95.859 F7200  ; DRAW LINE
G1 X90.000 Y98.555 F7200  ; DRAW LINE
G1 X90.586 Y99.023 F7200  ; DRAW LINE
G1 X91.289 Y98.906 F7200  ; DRAW LINE
G1 X91.758 Y98.203 F7200  ; DRAW LINE
G1 X93.750 Y98.203 F7200  ; DRAW LINE
G1 X93.768 Y98.408 F7200  ; DRAW LINE
G1 X93.627 Y99.393 F7200  ; DRAW LINE
G1 X92.801 Y100.444 F7200  ; DRAW LINE
G1 X91.992 Y100.908 F7200  ; DRAW LINE
G1 X90.586 Y101.133 F7200  ; DRAW LINE
G0 Z5.00               ; PEN UP

G0 X112.148 Y101.133   ; RAPID TO START
G1 Z0.00 F500    ; PEN DOWN
G4 P100           ; DWELL
G1 X110.789 Y100.570 F7200  ; DRAW LINE
G1 X110.092 Y99.463 F7200  ; DRAW LINE
G1 X110.133 Y98.395 F7200  ; DRAW LINE
G1 X110.625 Y97.383 F7200  ; DRAW LINE
G1 X109.570 Y95.859 F7200  ; DRAW LINE
G1 X109.834 Y94.014 F7200  ; DRAW LINE
G1 X111.094 Y93.047 F7200  ; DRAW LINE
G1 X112.266 Y92.813 F7200  ; DRAW LINE
G1 X113.438 Y92.930 F7200  ; DRAW LINE
G1 X114.258 Y93.398 F7200  ; DRAW LINE
G1 X114.727 Y92.930 F7200  ; DRAW LINE
G1 X117.070 Y92.930 F7200  ; DRAW LINE
G1 X115.781 Y94.805 F7200  ; DRAW LINE
G1 X116.316 Y96.098 F7200  ; DRAW LINE
G1 X116.367 Y97.383 F7200  ; DRAW LINE
G1 X114.492 Y97.383 F7200  ; DRAW LINE
G1 X114.258 Y96.680 F7200  ; DRAW LINE
G1 X113.789 Y97.031 F7200  ; DRAW LINE
G1 X114.844 Y98.320 F7200  ; DRAW LINE
G1 X114.731 Y99.820 F7200  ; DRAW LINE
G1 X113.934 Y100.809 F7200  ; DRAW LINE
G1 X112.148 Y101.133 F7200  ; DRAW LINE
G0 Z5.00               ; PEN UP

G0 X122.461 Y101.133   ; RAPID TO START
G1 Z0.00 F500    ; PEN DOWN
G4 P100           ; DWELL
G1 X120.428 Y100.307 F7200  ; DRAW LINE
G1 X119.531 Y98.672 F7200  ; DRAW LINE
G1 X119.531 Y95.156 F7200  ; DRAW LINE
G1 X120.000 Y93.984 F7200  ; DRAW LINE
G1 X120.996 Y93.223 F7200  ; DRAW LINE
G1 X122.344 Y92.813 F7200  ; DRAW LINE
G1 X123.721 Y92.988 F7200  ; DRAW LINE
G1 X124.805 Y93.516 F7200  ; DRAW LINE
G1 X125.508 Y94.395 F7200  ; DRAW LINE
G1 X125.742 Y95.625 F7200  ; DRAW LINE
G1 X123.516 Y95.625 F7200  ; DRAW LINE
G1 X122.930 Y94.922 F7200  ; DRAW LINE
G1 X121.875 Y95.391 F7200  ; DRAW LINE
G1 X121.992 Y98.672 F7200  ; DRAW LINE
G1 X122.461 Y99.023 F7200  ; DRAW LINE
G1 X123.164 Y98.906 F7200  ; DRAW LINE
G1 X123.633 Y98.203 F7200  ; DRAW LINE
G1 X125.742 Y98.320 F7200  ; DRAW LINE
G1 X125.273 Y99.727 F7200  ; DRAW LINE
G1 X124.676 Y100.444 F7200  ; DRAW LINE
G1 X123.867 Y100.908 F7200  ; DRAW LINE
G1 X122.461 Y101.133 F7200  ; DRAW LINE
G0 Z5.00               ; PEN UP

G0 X128.789 Y101.133   ; RAPID TO START
G1 Z0.00 F500    ; PEN DOWN
G4 P100           ; DWELL
G1 X127.289 Y100.645 F7200  ; DRAW LINE
G1 X126.219 Y99.380 F7200  ; DRAW LINE
G1 X125.977 Y98.789 F7200  ; DRAW LINE
G1 X125.977 Y95.156 F7200  ; DRAW LINE
G1 X127.069 Y93.379 F7200  ; DRAW LINE
G1 X129.205 Y92.820 F7200  ; DRAW LINE
G1 X130.969 Y93.262 F7200  ; DRAW LINE
G1 X131.953 Y94.248 F7200  ; DRAW LINE
G1 X132.305 Y95.273 F7200  ; DRAW LINE
G1 X132.305 Y98.555 F7200  ; DRAW LINE
G1 X131.836 Y99.844 F7200  ; DRAW LINE
G1 X131.168 Y100.501 F7200  ; DRAW LINE
G1 X128.789 Y101.133 F7200  ; DRAW LINE
G0 Z5.00               ; PEN UP

G0 X46.289 Y101.016   ; RAPID TO START
G1 Z0.00 F500    ; PEN DOWN
G4 P100           ; DWELL
G1 X46.289 Y92.930 F7200  ; DRAW LINE
G1 X51.680 Y92.930 F7200  ; DRAW LINE
G1 X51.680 Y95.039 F7200  ; DRAW LINE
G1 X48.516 Y95.039 F7200  ; DRAW LINE
G1 X48.516 Y96.094 F7200  ; DRAW LINE
G1 X51.211 Y96.211 F7200  ; DRAW LINE
G1 X51.211 Y98.086 F7200  ; DRAW LINE
G1 X48.750 Y98.086 F7200  ; DRAW LINE
G1 X48.487 Y98.480 F7200  ; DRAW LINE
G1 X48.750 Y99.023 F7200  ; DRAW LINE
G1 X51.680 Y99.023 F7200  ; DRAW LINE
G1 X51.680 Y101.016 F7200  ; DRAW LINE
G1 X46.289 Y101.016 F7200  ; DRAW LINE
G0 Z5.00               ; PEN UP

G0 X52.266 Y101.016   ; RAPID TO START
G1 Z0.00 F500    ; PEN DOWN
G4 P100           ; DWELL
G1 X52.148 Y93.516 F7200  ; DRAW LINE
G1 X52.383 Y92.930 F7200  ; DRAW LINE
G1 X57.656 Y92.930 F7200  ; DRAW LINE
G1 X57.656 Y95.039 F7200  ; DRAW LINE
G1 X54.492 Y95.156 F7200  ; DRAW LINE
G1 X54.492 Y101.016 F7200  ; DRAW LINE
G1 X52.266 Y101.016 F7200  ; DRAW LINE
G0 Z5.00               ; PEN UP

G0 X58.125 Y101.016   ; RAPID TO START
G1 Z0.00 F500    ; PEN DOWN
G4 P100           ; DWELL
G1 X58.125 Y92.930 F7200  ; DRAW LINE
G1 X63.516 Y92.930 F7200  ; DRAW LINE
G1 X63.516 Y95.039 F7200  ; DRAW LINE
G1 X60.352 Y95.039 F7200  ; DRAW LINE
G1 X60.352 Y96.094 F7200  ; DRAW LINE
G1 X62.930 Y96.094 F7200  ; DRAW LINE
G1 X63.164 Y96.328 F7200  ; DRAW LINE
G1 X63.047 Y98.086 F7200  ; DRAW LINE
G1 X60.586 Y98.086 F7200  ; DRAW LINE
G1 X60.323 Y98.480 F7200  ; DRAW LINE
G1 X60.586 Y99.023 F7200  ; DRAW LINE
G1 X63.516 Y99.023 F7200  ; DRAW LINE
G1 X63.516 Y101.016 F7200  ; DRAW LINE
G1 X58.125 Y101.016 F7200  ; DRAW LINE
G0 Z5.00               ; PEN UP

G0 X70.430 Y101.016   ; RAPID TO START
G1 Z0.00 F500    ; PEN DOWN
G4 P100           ; DWELL
G1 X70.195 Y100.781 F7200  ; DRAW LINE
G1 X70.195 Y99.023 F7200  ; DRAW LINE
G1 X72.070 Y99.023 F7200  ; DRAW LINE
G1 X72.188 Y98.789 F7200  ; DRAW LINE
G1 X72.188 Y92.930 F7200  ; DRAW LINE
G1 X74.414 Y92.930 F7200  ; DRAW LINE
G1 X74.414 Y98.789 F7200  ; DRAW LINE
G1 X74.648 Y99.023 F7200  ; DRAW LINE
G1 X76.289 Y99.023 F7200  ; DRAW LINE
G1 X76.406 Y100.781 F7200  ; DRAW LINE
G1 X76.289 Y101.016 F7200  ; DRAW LINE
G1 X70.430 Y101.016 F7200  ; DRAW LINE
G0 Z5.00               ; PEN UP

G0 X77.227 Y101.016   ; RAPID TO START
G1 Z0.00 F500    ; PEN DOWN
G4 P100           ; DWELL
G1 X76.992 Y100.781 F7200  ; DRAW LINE
G1 X76.992 Y92.930 F7200  ; DRAW LINE
G1 X79.336 Y93.047 F7200  ; DRAW LINE
G1 X79.336 Y95.742 F7200  ; DRAW LINE
G1 X79.570 Y95.859 F7200  ; DRAW LINE
G1 X81.211 Y92.930 F7200  ; DRAW LINE
G1 X83.555 Y92.930 F7200  ; DRAW LINE
G1 X82.031 Y96.094 F7200  ; DRAW LINE
G1 X82.852 Y96.943 F7200  ; DRAW LINE
G1 X83.203 Y97.852 F7200  ; DRAW LINE
G1 X82.845 Y99.834 F7200  ; DRAW LINE
G1 X82.002 Y100.635 F7200  ; DRAW LINE
G1 X80.977 Y101.016 F7200  ; DRAW LINE
G1 X77.227 Y101.016 F7200  ; DRAW LINE
G0 Z5.00               ; PEN UP

G0 X84.492 Y101.016   ; RAPID TO START
G1 Z0.00 F500    ; PEN DOWN
G4 P100           ; DWELL
G1 X84.258 Y100.781 F7200  ; DRAW LINE
G1 X84.258 Y92.930 F7200  ; DRAW LINE
G1 X86.484 Y92.930 F7200  ; DRAW LINE
G1 X86.602 Y100.781 F7200  ; DRAW LINE
G1 X86.484 Y101.016 F7200  ; DRAW LINE
G1 X84.492 Y101.016 F7200  ; DRAW LINE
G0 Z5.00               ; PEN UP

G0 X96.328 Y101.016   ; RAPID TO START
G1 Z0.00 F500    ; PEN DOWN
G4 P100           ; DWELL
G1 X93.516 Y93.516 F7200  ; DRAW LINE
G1 X93.633 Y92.930 F7200  ; DRAW LINE
G1 X95.742 Y92.930 F7200  ; DRAW LINE
G1 X96.328 Y94.102 F7200  ; DRAW LINE
G1 X98.320 Y94.102 F7200  ; DRAW LINE
G1 X98.906 Y92.930 F7200  ; DRAW LINE
G1 X101.016 Y92.930 F7200  ; DRAW LINE
G1 X98.203 Y101.016 F7200  ; DRAW LINE
G1 X96.328 Y101.016 F7200  ; DRAW LINE
G0 Z5.00               ; PEN UP

G0 X101.484 Y101.016   ; RAPID TO START
G1 Z0.00 F500    ; PEN DOWN
G4 P100           ; DWELL
G1 X101.250 Y100.781 F7200  ; DRAW LINE
G1 X101.250 Y93.047 F7200  ; DRAW LINE
G1 X106.758 Y92.930 F7200  ; DRAW LINE
G1 X106.758 Y95.039 F7200  ; DRAW LINE
G1 X103.594 Y95.039 F7200  ; DRAW LINE
G1 X103.594 Y101.016 F7200  ; DRAW LINE
G1 X101.484 Y101.016 F7200  ; DRAW LINE
G0 Z5.00               ; PEN UP

G0 X133.242 Y101.016   ; RAPID TO START
G1 Z0.00 F500    ; PEN DOWN
G4 P100           ; DWELL
G1 X133.008 Y100.781 F7200  ; DRAW LINE
G1 X133.008 Y93.047 F7200  ; DRAW LINE
G1 X135.352 Y93.047 F7200  ; DRAW LINE
G1 X135.469 Y95.859 F7200  ; DRAW LINE
G1 X135.938 Y94.805 F7200  ; DRAW LINE
G1 X136.697 Y94.495 F7200  ; DRAW LINE
G1 X137.578 Y94.570 F7200  ; DRAW LINE
G1 X138.398 Y95.742 F7200  ; DRAW LINE
G1 X138.398 Y93.047 F7200  ; DRAW LINE
G1 X140.625 Y92.930 F7200  ; DRAW LINE
G1 X140.625 Y101.016 F7200  ; DRAW LINE
G1 X138.516 Y101.016 F7200  ; DRAW LINE
G1 X136.927 Y97.930 F7200  ; DRAW LINE
G1 X135.234 Y101.016 F7200  ; DRAW LINE
G1 X133.242 Y101.016 F7200  ; DRAW LINE
G0 Z5.00               ; PEN UP

G0 X142.031 Y101.016   ; RAPID TO START
G1 Z0.00 F500    ; PEN DOWN
G4 P100           ; DWELL
G1 X141.797 Y100.781 F7200  ; DRAW LINE
G1 X141.797 Y93.047 F7200  ; DRAW LINE
G1 X144.023 Y92.930 F7200  ; DRAW LINE
G1 X144.141 Y95.625 F7200  ; DRAW LINE
G1 X145.997 Y95.681 F7200  ; DRAW LINE
G1 X147.258 Y96.305 F7200  ; DRAW LINE
G1 X148.008 Y97.617 F7200  ; DRAW LINE
G1 X147.938 Y99.052 F7200  ; DRAW LINE
G1 X147.273 Y100.177 F7200  ; DRAW LINE
G1 X146.133 Y100.898 F7200  ; DRAW LINE
G1 X142.031 Y101.016 F7200  ; DRAW LINE
G0 Z5.00               ; PEN UP

G0 X148.359 Y101.016   ; RAPID TO START
G1 Z0.00 F500    ; PEN DOWN
G4 P100           ; DWELL
G1 X148.125 Y100.781 F7200  ; DRAW LINE
G1 X148.125 Y95.391 F7200  ; DRAW LINE
G1 X148.594 Y94.102 F7200  ; DRAW LINE
G1 X149.531 Y93.281 F7200  ; DRAW LINE
G1 X151.172 Y92.813 F7200  ; DRAW LINE
G1 X153.229 Y93.287 F7200  ; DRAW LINE
G1 X153.980 Y93.961 F7200  ; DRAW LINE
G1 X154.570 Y95.156 F7200  ; DRAW LINE
G1 X154.453 Y101.016 F7200  ; DRAW LINE
G1 X152.461 Y101.016 F7200  ; DRAW LINE
G1 X152.227 Y100.781 F7200  ; DRAW LINE
G1 X152.227 Y95.625 F7200  ; DRAW LINE
G1 X151.641 Y94.922 F7200  ; DRAW LINE
G1 X150.820 Y95.156 F7200  ; DRAW LINE
G1 X150.469 Y95.625 F7200  ; DRAW LINE
G1 X150.469 Y101.016 F7200  ; DRAW LINE
G1 X148.359 Y101.016 F7200  ; DRAW LINE
G0 Z5.00               ; PEN UP

G0 X155.156 Y101.016   ; RAPID TO START
G1 Z0.00 F500    ; PEN DOWN
G4 P100           ; DWELL
G1 X154.922 Y100.781 F7200  ; DRAW LINE
G1 X154.922 Y99.141 F7200  ; DRAW LINE
G1 X156.914 Y98.789 F7200  ; DRAW LINE
G1 X156.914 Y92.930 F7200  ; DRAW LINE
G1 X159.141 Y92.930 F7200  ; DRAW LINE
G1 X159.258 Y98.789 F7200  ; DRAW LINE
G1 X161.133 Y99.141 F7200  ; DRAW LINE
G1 X161.133 Y100.781 F7200  ; DRAW LINE
G1 X161.016 Y101.016 F7200  ; DRAW LINE
G1 X155.156 Y101.016 F7200  ; DRAW LINE
G0 Z5.00               ; PEN UP

G0 X161.836 Y101.016   ; RAPID TO START
G1 Z0.00 F500    ; PEN DOWN
G4 P100           ; DWELL
G1 X161.602 Y100.781 F7200  ; DRAW LINE
G1 X161.602 Y93.047 F7200  ; DRAW LINE
G1 X167.109 Y92.930 F7200  ; DRAW LINE
G1 X167.109 Y95.039 F7200  ; DRAW LINE
G1 X163.945 Y95.039 F7200  ; DRAW LINE
G1 X163.945 Y96.094 F7200  ; DRAW LINE
G1 X166.641 Y96.211 F7200  ; DRAW LINE
G1 X166.641 Y98.086 F7200  ; DRAW LINE
G1 X163.945 Y98.086 F7200  ; DRAW LINE
G1 X163.945 Y98.906 F7200  ; DRAW LINE
G1 X167.109 Y99.023 F7200  ; DRAW LINE
G1 X167.109 Y101.016 F7200  ; DRAW LINE
G1 X161.836 Y101.016 F7200  ; DRAW LINE
G0 Z5.00               ; PEN UP

G0 X167.695 Y101.016   ; RAPID TO START
G1 Z0.00 F500    ; PEN DOWN
G4 P100           ; DWELL
G1 X167.578 Y93.633 F7200  ; DRAW LINE
G1 X167.813 Y92.930 F7200  ; DRAW LINE
G1 X169.922 Y92.930 F7200  ; DRAW LINE
G1 X169.922 Y94.922 F7200  ; DRAW LINE
G1 X170.208 Y95.756 F7200  ; DRAW LINE
G1 X171.680 Y93.047 F7200  ; DRAW LINE
G1 X174.258 Y92.930 F7200  ; DRAW LINE
G1 X172.734 Y95.977 F7200  ; DRAW LINE
G1 X173.906 Y97.969 F7200  ; DRAW LINE
G1 X173.836 Y99.164 F7200  ; DRAW LINE
G1 X173.292 Y100.116 F7200  ; DRAW LINE
G1 X171.680 Y101.016 F7200  ; DRAW LINE
G1 X167.695 Y101.016 F7200  ; DRAW LINE
G0 Z5.00               ; PEN UP

G0 X4.805 Y99.844   ; RAPID TO START
G1 Z0.00 F500    ; PEN DOWN
G4 P100           ; DWELL
G1 X4.805 Y90.938 F7200  ; DRAW LINE
G1 X13.711 Y90.938 F7200  ; DRAW LINE
G1 X13.711 Y99.844 F7200  ; DRAW LINE
G1 X4.805 Y99.844 F7200  ; DRAW LINE
G0 Z5.00               ; PEN UP

G0 X20.039 Y99.727   ; RAPID TO START
G1 Z0.00 F500    ; PEN DOWN
G4 P100           ; DWELL
G1 X14.883 Y99.609 F7200  ; DRAW LINE
G1 X14.883 Y91.055 F7200  ; DRAW LINE
G1 X23.672 Y91.055 F7200  ; DRAW LINE
G1 X23.672 Y99.609 F7200  ; DRAW LINE
G1 X20.039 Y99.727 F7200  ; DRAW LINE
G0 Z5.00               ; PEN UP

G0 X25.078 Y99.375   ; RAPID TO START
G1 Z0.00 F500    ; PEN DOWN
G4 P100           ; DWELL
G1 X25.078 Y91.406 F7200  ; DRAW LINE
G1 X33.047 Y91.406 F7200  ; DRAW LINE
G1 X33.047 Y99.375 F7200  ; DRAW LINE
G1 X25.078 Y99.375 F7200  ; DRAW LINE
G0 Z5.00               ; PEN UP

G0 X35.625 Y99.141   ; RAPID TO START
G1 Z0.00 F500    ; PEN DOWN
G4 P100           ; DWELL
G1 X34.570 Y99.023 F7200  ; DRAW LINE
G1 X34.570 Y91.758 F7200  ; DRAW LINE
G1 X41.602 Y91.758 F7200  ; DRAW LINE
G1 X41.623 Y99.132 F7200  ; DRAW LINE
G1 X35.625 Y99.141 F7200  ; DRAW LINE
G0 Z5.00               ; PEN UP

G0 X94.570 Y88.477   ; RAPID TO START
G1 Z0.00 F500    ; PEN DOWN
G4 P100           ; DWELL
G1 X92.883 Y87.989 F7200  ; DRAW LINE
G1 X91.805 Y86.859 F7200  ; DRAW LINE
G1 X91.523 Y86.016 F7200  ; DRAW LINE
G1 X91.523 Y82.383 F7200  ; DRAW LINE
G1 X91.992 Y81.328 F7200  ; DRAW LINE
G1 X92.813 Y80.625 F7200  ; DRAW LINE
G1 X94.964 Y80.046 F7200  ; DRAW LINE
G1 X96.638 Y80.489 F7200  ; DRAW LINE
G1 X97.594 Y81.398 F7200  ; DRAW LINE
G1 X98.086 Y82.734 F7200  ; DRAW LINE
G1 X98.086 Y84.844 F7200  ; DRAW LINE
G1 X97.969 Y85.078 F7200  ; DRAW LINE
G1 X94.805 Y85.078 F7200  ; DRAW LINE
G1 X94.570 Y84.844 F7200  ; DRAW LINE
G1 X94.570 Y83.203 F7200  ; DRAW LINE
G1 X95.625 Y83.203 F7200  ; DRAW LINE
G1 X95.625 Y82.617 F7200  ; DRAW LINE
G1 X94.800 Y82.205 F7200  ; DRAW LINE
G1 X93.867 Y82.852 F7200  ; DRAW LINE
G1 X93.867 Y85.547 F7200  ; DRAW LINE
G1 X94.570 Y86.367 F7200  ; DRAW LINE
G1 X95.273 Y86.250 F7200  ; DRAW LINE
G1 X95.859 Y85.430 F7200  ; DRAW LINE
G1 X97.969 Y85.547 F7200  ; DRAW LINE
G1 X97.758 Y86.798 F7200  ; DRAW LINE
G1 X96.970 Y87.727 F7200  ; DRAW LINE
G1 X95.920 Y88.289 F7200  ; DRAW LINE
G1 X94.570 Y88.477 F7200  ; DRAW LINE
G0 Z5.00               ; PEN UP

G0 X143.906 Y88.477   ; RAPID TO START
G1 Z0.00 F500    ; PEN DOWN
G4 P100           ; DWELL
G1 X142.320 Y87.765 F7200  ; DRAW LINE
G1 X141.532 Y86.668 F7200  ; DRAW LINE
G1 X141.394 Y82.519 F7200  ; DRAW LINE
G1 X141.919 Y81.239 F7200  ; DRAW LINE
G1 X142.669 Y80.606 F7200  ; DRAW LINE
G1 X143.906 Y80.156 F7200  ; DRAW LINE
G1 X145.547 Y80.186 F7200  ; DRAW LINE
G1 X146.522 Y80.589 F7200  ; DRAW LINE
G1 X147.492 Y81.656 F7200  ; DRAW LINE
G1 X147.773 Y82.500 F7200  ; DRAW LINE
G1 X147.773 Y85.078 F7200  ; DRAW LINE
G1 X144.375 Y85.078 F7200  ; DRAW LINE
G1 X144.375 Y83.203 F7200  ; DRAW LINE
G1 X145.430 Y83.203 F7200  ; DRAW LINE
G1 X145.313 Y82.500 F7200  ; DRAW LINE
G1 X144.961 Y82.266 F7200  ; DRAW LINE
G1 X144.023 Y82.383 F7200  ; DRAW LINE
G1 X143.789 Y82.734 F7200  ; DRAW LINE
G1 X143.789 Y85.898 F7200  ; DRAW LINE
G1 X144.780 Y86.384 F7200  ; DRAW LINE
G1 X145.664 Y85.430 F7200  ; DRAW LINE
G1 X147.773 Y85.547 F7200  ; DRAW LINE
G1 X147.710 Y86.208 F7200  ; DRAW LINE
G1 X147.323 Y87.122 F7200  ; DRAW LINE
G1 X146.392 Y88.058 F7200  ; DRAW LINE
G1 X145.481 Y88.420 F7200  ; DRAW LINE
G1 X143.906 Y88.477 F7200  ; DRAW LINE
G0 Z5.00               ; PEN UP

G0 X77.227 Y88.359   ; RAPID TO START
G1 Z0.00 F500    ; PEN DOWN
G4 P100           ; DWELL
G1 X76.992 Y88.125 F7200  ; DRAW LINE
G1 X76.992 Y80.273 F7200  ; DRAW LINE
G1 X82.734 Y80.273 F7200  ; DRAW LINE
G1 X82.617 Y82.266 F7200  ; DRAW LINE
G1 X79.453 Y82.266 F7200  ; DRAW LINE
G1 X79.298 Y82.519 F7200  ; DRAW LINE
G1 X79.570 Y83.438 F7200  ; DRAW LINE
G1 X82.148 Y83.555 F7200  ; DRAW LINE
G1 X82.031 Y85.430 F7200  ; DRAW LINE
G1 X79.570 Y85.430 F7200  ; DRAW LINE
G1 X79.336 Y86.133 F7200  ; DRAW LINE
G1 X82.617 Y86.367 F7200  ; DRAW LINE
G1 X82.500 Y88.359 F7200  ; DRAW LINE
G1 X77.227 Y88.359 F7200  ; DRAW LINE
G0 Z5.00               ; PEN UP

G0 X83.789 Y88.359   ; RAPID TO START
G1 Z0.00 F500    ; PEN DOWN
G4 P100           ; DWELL
G1 X83.555 Y88.125 F7200  ; DRAW LINE
G1 X83.555 Y80.273 F7200  ; DRAW LINE
G1 X85.781 Y80.156 F7200  ; DRAW LINE
G1 X86.133 Y83.672 F7200  ; DRAW LINE
G1 X88.359 Y80.273 F7200  ; DRAW LINE
G1 X90.469 Y80.156 F7200  ; DRAW LINE
G1 X90.703 Y81.094 F7200  ; DRAW LINE
G1 X90.586 Y88.359 F7200  ; DRAW LINE
G1 X88.477 Y88.359 F7200  ; DRAW LINE
G1 X88.242 Y88.125 F7200  ; DRAW LINE
G1 X88.242 Y84.727 F7200  ; DRAW LINE
G1 X85.781 Y88.359 F7200  ; DRAW LINE
G1 X83.789 Y88.359 F7200  ; DRAW LINE
G0 Z5.00               ; PEN UP

G0 X99.023 Y88.359   ; RAPID TO START
G1 Z0.00 F500    ; PEN DOWN
G4 P100           ; DWELL
G1 X99.023 Y80.273 F7200  ; DRAW LINE
G1 X101.250 Y80.156 F7200  ; DRAW LINE
G1 X101.367 Y88.125 F7200  ; DRAW LINE
G1 X101.250 Y88.359 F7200  ; DRAW LINE
G1 X99.023 Y88.359 F7200  ; DRAW LINE
G0 Z5.00               ; PEN UP

G0 X102.773 Y88.359   ; RAPID TO START
G1 Z0.00 F500    ; PEN DOWN
G4 P100           ; DWELL
G1 X102.539 Y88.125 F7200  ; DRAW LINE
G1 X102.539 Y80.273 F7200  ; DRAW LINE
G1 X104.883 Y80.273 F7200  ; DRAW LINE
G1 X105.000 Y83.789 F7200  ; DRAW LINE
G1 X107.227 Y80.391 F7200  ; DRAW LINE
G1 X109.336 Y80.156 F7200  ; DRAW LINE
G1 X109.570 Y80.391 F7200  ; DRAW LINE
G1 X109.453 Y88.359 F7200  ; DRAW LINE
G1 X107.344 Y88.359 F7200  ; DRAW LINE
G1 X107.109 Y88.125 F7200  ; DRAW LINE
G1 X107.109 Y84.844 F7200  ; DRAW LINE
G1 X104.648 Y88.359 F7200  ; DRAW LINE
G1 X102.773 Y88.359 F7200  ; DRAW LINE
G0 Z5.00               ; PEN UP

G0 X110.625 Y88.359   ; RAPID TO START
G1 Z0.00 F500    ; PEN DOWN
G4 P100           ; DWELL
G1 X110.391 Y88.125 F7200  ; DRAW LINE
G1 X110.391 Y80.273 F7200  ; DRAW LINE
G1 X115.898 Y80.156 F7200  ; DRAW LINE
G1 X116.133 Y80.391 F7200  ; DRAW LINE
G1 X116.016 Y82.266 F7200  ; DRAW LINE
G1 X112.734 Y82.266 F7200  ; DRAW LINE
G1 X112.734 Y83.438 F7200  ; DRAW LINE
G1 X115.547 Y83.555 F7200  ; DRAW LINE
G1 X115.430 Y85.430 F7200  ; DRAW LINE
G1 X112.734 Y85.430 F7200  ; DRAW LINE
G1 X112.852 Y86.250 F7200  ; DRAW LINE
G1 X115.781 Y86.250 F7200  ; DRAW LINE
G1 X116.016 Y86.484 F7200  ; DRAW LINE
G1 X115.898 Y88.359 F7200  ; DRAW LINE
G1 X110.625 Y88.359 F7200  ; DRAW LINE
G0 Z5.00               ; PEN UP

G0 X116.953 Y88.359   ; RAPID TO START
G1 Z0.00 F500    ; PEN DOWN
G4 P100           ; DWELL
G1 X116.719 Y88.125 F7200  ; DRAW LINE
G1 X116.719 Y80.273 F7200  ; DRAW LINE
G1 X122.461 Y80.273 F7200  ; DRAW LINE
G1 X122.344 Y82.266 F7200  ; DRAW LINE
G1 X119.063 Y82.266 F7200  ; DRAW LINE
G1 X119.063 Y83.438 F7200  ; DRAW LINE
G1 X121.875 Y83.555 F7200  ; DRAW LINE
G1 X121.758 Y85.430 F7200  ; DRAW LINE
G1 X119.136 Y85.437 F7200  ; DRAW LINE
G1 X119.030 Y85.880 F7200  ; DRAW LINE
G1 X119.531 Y86.367 F7200  ; DRAW LINE
G1 X122.344 Y86.367 F7200  ; DRAW LINE
G1 X122.344 Y88.359 F7200  ; DRAW LINE
G1 X116.953 Y88.359 F7200  ; DRAW LINE
G0 Z5.00               ; PEN UP

G0 X123.047 Y88.359   ; RAPID TO START
G1 Z0.00 F500    ; PEN DOWN
G4 P100           ; DWELL
G1 X123.047 Y80.273 F7200  ; DRAW LINE
G1 X125.391 Y80.391 F7200  ; DRAW LINE
G1 X125.391 Y82.969 F7200  ; DRAW LINE
G1 X125.742 Y83.086 F7200  ; DRAW LINE
G1 X127.031 Y80.391 F7200  ; DRAW LINE
G1 X129.727 Y80.273 F7200  ; DRAW LINE
G1 X128.086 Y83.438 F7200  ; DRAW LINE
G1 X129.258 Y84.961 F7200  ; DRAW LINE
G1 X128.958 Y87.136 F7200  ; DRAW LINE
G1 X128.128 Y87.909 F7200  ; DRAW LINE
G1 X127.031 Y88.359 F7200  ; DRAW LINE
G1 X123.047 Y88.359 F7200  ; DRAW LINE
G0 Z5.00               ; PEN UP

G0 X130.195 Y88.359   ; RAPID TO START
G1 Z0.00 F500    ; PEN DOWN
G4 P100           ; DWELL
G1 X130.195 Y80.273 F7200  ; DRAW LINE
G1 X132.305 Y80.156 F7200  ; DRAW LINE
G1 X132.539 Y80.273 F7200  ; DRAW LINE
G1 X132.539 Y88.359 F7200  ; DRAW LINE
G1 X130.195 Y88.359 F7200  ; DRAW LINE
G0 Z5.00               ; PEN UP

G0 X133.945 Y88.359   ; RAPID TO START
G1 Z0.00 F500    ; PEN DOWN
G4 P100           ; DWELL
G1 X133.711 Y88.125 F7200  ; DRAW LINE
G1 X133.711 Y80.273 F7200  ; DRAW LINE
G1 X136.055 Y80.391 F7200  ; DRAW LINE
G1 X136.172 Y83.789 F7200  ; DRAW LINE
G1 X138.281 Y80.508 F7200  ; DRAW LINE
G1 X138.750 Y80.156 F7200  ; DRAW LINE
G1 X140.625 Y80.273 F7200  ; DRAW LINE
G1 X140.625 Y88.359 F7200  ; DRAW LINE
G1 X138.516 Y88.359 F7200  ; DRAW LINE
G1 X138.281 Y88.125 F7200  ; DRAW LINE
G1 X138.281 Y84.844 F7200  ; DRAW LINE
G1 X135.820 Y88.359 F7200  ; DRAW LINE
G1 X133.945 Y88.359 F7200  ; DRAW LINE
G0 Z5.00               ; PEN UP

G0 X4.805 Y87.188   ; RAPID TO START
G1 Z0.00 F500    ; PEN DOWN
G4 P100           ; DWELL
G1 X4.805 Y78.398 F7200  ; DRAW LINE
G1 X13.711 Y78.398 F7200  ; DRAW LINE
G1 X13.711 Y87.188 F7200  ; DRAW LINE
G1 X4.805 Y87.188 F7200  ; DRAW LINE
G0 Z5.00               ; PEN UP

G0 X15.469 Y87.070   ; RAPID TO START
G1 Z0.00 F500    ; PEN DOWN
G4 P100           ; DWELL
G1 X14.883 Y86.953 F7200  ; DRAW LINE
G1 X14.883 Y78.516 F7200  ; DRAW LINE
G1 X23.672 Y78.398 F7200  ; DRAW LINE
G1 X23.555 Y87.070 F7200  ; DRAW LINE
G1 X15.469 Y87.070 F7200  ; DRAW LINE
G0 Z5.00               ; PEN UP

G0 X25.078 Y86.602   ; RAPID TO START
G1 Z0.00 F500    ; PEN DOWN
G4 P100           ; DWELL
G1 X25.078 Y78.633 F7200  ; DRAW LINE
G1 X32.930 Y78.516 F7200  ; DRAW LINE
G1 X33.047 Y86.602 F7200  ; DRAW LINE
G1 X25.078 Y86.602 F7200  ; DRAW LINE
G0 Z5.00               ; PEN UP

G0 X34.570 Y86.250   ; RAPID TO START
G1 Z0.00 F500    ; PEN DOWN
G4 P100           ; DWELL
G1 X34.570 Y78.984 F7200  ; DRAW LINE
G1 X41.602 Y78.867 F7200  ; DRAW LINE
G1 X41.602 Y86.250 F7200  ; DRAW LINE
G1 X34.570 Y86.250 F7200  ; DRAW LINE
G0 Z5.00               ; PEN UP

G0 X5.039 Y112.500   ; RAPID TO START
G1 Z0.00 F500    ; PEN DOWN
G4 P100           ; DWELL
G1 X13.477 Y112.500 F7200  ; DRAW LINE
G1 X13.477 Y104.063 F7200  ; DRAW LINE
G1 X5.039 Y104.063 F7200  ; DRAW LINE
G1 X5.039 Y112.500 F7200  ; DRAW LINE
G0 Z5.00               ; PEN UP

G0 X15.234 Y112.383   ; RAPID TO START
G1 Z0.00 F500    ; PEN DOWN
G4 P100           ; DWELL
G1 X23.555 Y112.383 F7200  ; DRAW LINE
G1 X23.555 Y104.297 F7200  ; DRAW LINE
G1 X15.234 Y104.297 F7200  ; DRAW LINE
G1 X15.234 Y112.383 F7200  ; DRAW LINE
G0 Z5.00               ; PEN UP

G0 X25.547 Y112.266   ; RAPID TO START
G1 Z0.00 F500    ; PEN DOWN
G4 P100           ; DWELL
G1 X32.695 Y112.266 F7200  ; DRAW LINE
G1 X32.695 Y104.766 F7200  ; DRAW LINE
G1 X25.547 Y104.941 F7200  ; DRAW LINE
G1 X25.547 Y112.266 F7200  ; DRAW LINE
G0 Z5.00               ; PEN UP

G0 X34.980 Y111.914   ; RAPID TO START
G1 Z0.00 F500    ; PEN DOWN
G4 P100           ; DWELL
G1 X41.367 Y111.914 F7200  ; DRAW LINE
G1 X41.367 Y105.117 F7200  ; DRAW LINE
G1 X34.922 Y105.176 F7200  ; DRAW LINE
G1 X34.980 Y111.914 F7200  ; DRAW LINE
G0 Z5.00               ; PEN UP

G0 X45.938 Y111.563   ; RAPID TO START
G1 Z0.00 F500    ; PEN DOWN
G4 P100           ; DWELL
G1 X49.746 Y111.563 F7200  ; DRAW LINE
G1 X49.805 Y111.270 F7200  ; DRAW LINE
G1 X49.277 Y111.094 F7200  ; DRAW LINE
G1 X48.047 Y111.035 F7200  ; DRAW LINE
G1 X48.047 Y105.820 F7200  ; DRAW LINE
G1 X47.578 Y105.996 F7200  ; DRAW LINE
G1 X47.578 Y111.035 F7200  ; DRAW LINE
G1 X45.938 Y111.211 F7200  ; DRAW LINE
G1 X45.938 Y111.563 F7200  ; DRAW LINE
G0 Z5.00               ; PEN UP

G0 X50.742 Y111.563   ; RAPID TO START
G1 Z0.00 F500    ; PEN DOWN
G4 P100           ; DWELL
G1 X51.094 Y111.504 F7200  ; DRAW LINE
G1 X51.094 Y109.395 F7200  ; DRAW LINE
G1 X52.670 Y109.834 F7200  ; DRAW LINE
G1 X53.672 Y109.160 F7200  ; DRAW LINE
G1 X53.789 Y105.996 F7200  ; DRAW LINE
G1 X53.320 Y105.820 F7200  ; DRAW LINE
G1 X53.320 Y108.809 F7200  ; DRAW LINE
G1 X52.910 Y109.336 F7200  ; DRAW LINE
G1 X51.973 Y109.453 F7200  ; DRAW LINE
G1 X51.328 Y109.043 F7200  ; DRAW LINE
G1 X51.094 Y108.457 F7200  ; DRAW LINE
G1 X51.094 Y105.820 F7200  ; DRAW LINE
G1 X50.742 Y105.879 F7200  ; DRAW LINE
G1 X50.742 Y111.563 F7200  ; DRAW LINE
G0 Z5.00               ; PEN UP

G0 X62.461 Y111.563   ; RAPID TO START
G1 Z0.00 F500    ; PEN DOWN
G4 P100           ; DWELL
G1 X62.927 Y111.570 F7200  ; DRAW LINE
G1 X64.922 Y105.820 F7200  ; DRAW LINE
G1 X64.453 Y105.996 F7200  ; DRAW LINE
G1 X64.102 Y107.227 F7200  ; DRAW LINE
G1 X61.465 Y107.227 F7200  ; DRAW LINE
G1 X60.938 Y105.820 F7200  ; DRAW LINE
G1 X60.472 Y105.813 F7200  ; DRAW LINE
G1 X62.461 Y111.563 F7200  ; DRAW LINE
G0 Z5.00               ; PEN UP

G0 X62.578 Y110.859   ; RAPID TO START
G1 Z0.00 F500    ; PEN DOWN
G4 P100           ; DWELL
G1 X61.523 Y107.695 F7200  ; DRAW LINE
G1 X63.867 Y107.578 F7200  ; DRAW LINE
G1 X62.831 Y110.831 F7200  ; DRAW LINE
G1 X62.578 Y110.859 F7200  ; DRAW LINE
G0 Z5.00               ; PEN UP

G0 X72.891 Y111.563   ; RAPID TO START
G1 Z0.00 F500    ; PEN DOWN
G4 P100           ; DWELL
G1 X73.242 Y111.504 F7200  ; DRAW LINE
G1 X73.242 Y105.820 F7200  ; DRAW LINE
G1 X72.891 Y105.820 F7200  ; DRAW LINE
G1 X72.788 Y106.301 F7200  ; DRAW LINE
G1 X72.105 Y105.844 F7200  ; DRAW LINE
G1 X71.074 Y105.820 F7200  ; DRAW LINE
G1 X70.195 Y106.816 F7200  ; DRAW LINE
G1 X70.195 Y108.809 F7200  ; DRAW LINE
G1 X71.238 Y109.816 F7200  ; DRAW LINE
G1 X72.012 Y109.805 F7200  ; DRAW LINE
G1 X72.891 Y109.336 F7200  ; DRAW LINE
G1 X72.891 Y111.563 F7200  ; DRAW LINE
G0 Z5.00               ; PEN UP

G0 X71.484 Y109.453   ; RAPID TO START
G1 Z0.00 F500    ; PEN DOWN
G4 P100           ; DWELL
G1 X70.898 Y109.219 F7200  ; DRAW LINE
G1 X70.664 Y108.750 F7200  ; DRAW LINE
G1 X70.664 Y106.641 F7200  ; DRAW LINE
G1 X71.250 Y106.172 F7200  ; DRAW LINE
G1 X72.041 Y106.113 F7200  ; DRAW LINE
G1 X72.891 Y107.109 F7200  ; DRAW LINE
G1 X72.773 Y108.750 F7200  ; DRAW LINE
G1 X72.275 Y109.277 F7200  ; DRAW LINE
G1 X71.484 Y109.453 F7200  ; DRAW LINE
G0 Z5.00               ; PEN UP

G0 X101.250 Y111.563   ; RAPID TO START
G1 Z0.00 F500    ; PEN DOWN
G4 P100           ; DWELL
G1 X101.719 Y111.387 F7200  ; DRAW LINE
G1 X101.722 Y105.964 F7200  ; DRAW LINE
G1 X101.250 Y105.996 F7200  ; DRAW LINE
G1 X101.191 Y106.289 F7200  ; DRAW LINE
G1 X100.535 Y105.832 F7200  ; DRAW LINE
G1 X99.434 Y105.820 F7200  ; DRAW LINE
G1 X98.672 Y106.582 F7200  ; DRAW LINE
G1 X98.789 Y109.160 F7200  ; DRAW LINE
G1 X99.316 Y109.688 F7200  ; DRAW LINE
G1 X100.371 Y109.805 F7200  ; DRAW LINE
G1 X101.250 Y109.336 F7200  ; DRAW LINE
G1 X101.250 Y111.563 F7200  ; DRAW LINE
G0 Z5.00               ; PEN UP

G0 X99.961 Y109.453   ; RAPID TO START
G1 Z0.00 F500    ; PEN DOWN
G4 P100           ; DWELL
G1 X99.023 Y108.633 F7200  ; DRAW LINE
G1 X99.023 Y106.758 F7200  ; DRAW LINE
G1 X99.727 Y106.172 F7200  ; DRAW LINE
G1 X100.781 Y106.289 F7200  ; DRAW LINE
G1 X101.250 Y106.875 F7200  ; DRAW LINE
G1 X101.250 Y108.633 F7200  ; DRAW LINE
G1 X100.777 Y109.242 F7200  ; DRAW LINE
G1 X99.961 Y109.453 F7200  ; DRAW LINE
G0 Z5.00               ; PEN UP

G0 X105.234 Y111.563   ; RAPID TO START
G1 Z0.00 F500    ; PEN DOWN
G4 P100           ; DWELL
G1 X108.691 Y111.563 F7200  ; DRAW LINE
G1 X108.457 Y111.094 F7200  ; DRAW LINE
G1 X105.703 Y111.035 F7200  ; DRAW LINE
G1 X105.879 Y108.867 F7200  ; DRAW LINE
G1 X108.281 Y108.867 F7200  ; DRAW LINE
G1 X108.223 Y108.516 F7200  ; DRAW LINE
G1 X105.703 Y108.516 F7200  ; DRAW LINE
G1 X105.703 Y106.348 F7200  ; DRAW LINE
G1 X108.750 Y106.172 F7200  ; DRAW LINE
G1 X108.691 Y105.820 F7200  ; DRAW LINE
G1 X105.234 Y105.820 F7200  ; DRAW LINE
G1 X105.234 Y111.563 F7200  ; DRAW LINE
G0 Z5.00               ; PEN UP

G0 X123.633 Y111.563   ; RAPID TO START
G1 Z0.00 F500    ; PEN DOWN
G4 P100           ; DWELL
G1 X124.118 Y111.522 F7200  ; DRAW LINE
G1 X125.684 Y106.641 F7200  ; DRAW LINE
G1 X127.324 Y111.563 F7200  ; DRAW LINE
G1 X127.742 Y111.550 F7200  ; DRAW LINE
G1 X125.801 Y105.820 F7200  ; DRAW LINE
G1 X125.391 Y105.996 F7200  ; DRAW LINE
G1 X123.633 Y111.563 F7200  ; DRAW LINE
G0 Z5.00               ; PEN UP

G0 X128.848 Y111.563   ; RAPID TO START
G1 Z0.00 F500    ; PEN DOWN
G4 P100           ; DWELL
G1 X129.023 Y111.094 F7200  ; DRAW LINE
G1 X128.737 Y111.045 F7200  ; DRAW LINE
G1 X128.848 Y111.563 F7200  ; DRAW LINE
G0 Z5.00               ; PEN UP

G0 X140.742 Y111.563   ; RAPID TO START
G1 Z0.00 F500    ; PEN DOWN
G4 P100           ; DWELL
G1 X141.094 Y111.504 F7200  ; DRAW LINE
G1 X141.086 Y109.339 F7200  ; DRAW LINE
G1 X142.670 Y109.834 F7200  ; DRAW LINE
G1 X143.672 Y109.160 F7200  ; DRAW LINE
G1 X143.789 Y106.816 F7200  ; DRAW LINE
G1 X143.145 Y105.938 F7200  ; DRAW LINE
G1 X141.855 Y105.820 F7200  ; DRAW LINE
G1 X141.152 Y106.289 F7200  ; DRAW LINE
G1 X141.094 Y105.820 F7200  ; DRAW LINE
G1 X140.742 Y105.879 F7200  ; DRAW LINE
G1 X140.742 Y111.563 F7200  ; DRAW LINE
G0 Z5.00               ; PEN UP

G0 X142.148 Y109.453   ; RAPID TO START
G1 Z0.00 F500    ; PEN DOWN
G4 P100           ; DWELL
G1 X141.211 Y108.750 F7200  ; DRAW LINE
G1 X141.094 Y107.930 F7200  ; DRAW LINE
G1 X141.211 Y106.641 F7200  ; DRAW LINE
G1 X141.914 Y106.172 F7200  ; DRAW LINE
G1 X142.969 Y106.289 F7200  ; DRAW LINE
G1 X143.438 Y106.992 F7200  ; DRAW LINE
G1 X143.320 Y108.867 F7200  ; DRAW LINE
G1 X142.148 Y109.453 F7200  ; DRAW LINE
G0 Z5.00               ; PEN UP

G0 X145.254 Y111.563   ; RAPID TO START
G1 Z0.00 F500    ; PEN DOWN
G4 P100           ; DWELL
G1 X145.597 Y111.516 F7200  ; DRAW LINE
G1 X145.547 Y111.094 F7200  ; DRAW LINE
G1 X145.086 Y111.081 F7200  ; DRAW LINE
G1 X145.254 Y111.563 F7200  ; DRAW LINE
G0 Z5.00               ; PEN UP

G0 X149.063 Y111.563   ; RAPID TO START
G1 Z0.00 F500    ; PEN DOWN
G4 P100           ; DWELL
G1 X152.402 Y111.563 F7200  ; DRAW LINE
G1 X152.461 Y111.152 F7200  ; DRAW LINE
G1 X149.531 Y111.094 F7200  ; DRAW LINE
G1 X149.531 Y108.867 F7200  ; DRAW LINE
G1 X151.934 Y108.867 F7200  ; DRAW LINE
G1 X151.992 Y108.516 F7200  ; DRAW LINE
G1 X149.531 Y108.516 F7200  ; DRAW LINE
G1 X149.531 Y105.879 F7200  ; DRAW LINE
G1 X149.063 Y105.820 F7200  ; DRAW LINE
G1 X149.063 Y111.563 F7200  ; DRAW LINE
G0 Z5.00               ; PEN UP

G0 X166.172 Y111.563   ; RAPID TO START
G1 Z0.00 F500    ; PEN DOWN
G4 P100           ; DWELL
G1 X166.523 Y111.504 F7200  ; DRAW LINE
G1 X166.523 Y106.582 F7200  ; DRAW LINE
G1 X166.641 Y106.289 F7200  ; DRAW LINE
G1 X167.344 Y106.172 F7200  ; DRAW LINE
G1 X167.255 Y105.770 F7200  ; DRAW LINE
G1 X166.172 Y106.348 F7200  ; DRAW LINE
G1 X166.172 Y111.563 F7200  ; DRAW LINE
G0 Z5.00               ; PEN UP

G0 X130.781 Y110.977   ; RAPID TO START
G1 Z0.00 F500    ; PEN DOWN
G4 P100           ; DWELL
G1 X131.133 Y110.918 F7200  ; DRAW LINE
G1 X131.133 Y109.805 F7200  ; DRAW LINE
G1 X132.070 Y109.629 F7200  ; DRAW LINE
G1 X131.133 Y109.277 F7200  ; DRAW LINE
G1 X131.133 Y106.699 F7200  ; DRAW LINE
G1 X131.543 Y106.172 F7200  ; DRAW LINE
G1 X132.067 Y106.179 F7200  ; DRAW LINE
G1 X131.810 Y105.788 F7200  ; DRAW LINE
G1 X131.309 Y105.820 F7200  ; DRAW LINE
G1 X130.781 Y106.348 F7200  ; DRAW LINE
G1 X130.781 Y109.277 F7200  ; DRAW LINE
G1 X130.078 Y109.629 F7200  ; DRAW LINE
G1 X130.781 Y109.805 F7200  ; DRAW LINE
G1 X130.781 Y110.977 F7200  ; DRAW LINE
G0 Z5.00               ; PEN UP

G0 X168.633 Y110.977   ; RAPID TO START
G1 Z0.00 F500    ; PEN DOWN
G4 P100           ; DWELL
G1 X168.984 Y110.918 F7200  ; DRAW LINE
G1 X168.984 Y109.805 F7200  ; DRAW LINE
G1 X169.746 Y109.805 F7200  ; DRAW LINE
G1 X169.922 Y109.453 F7200  ; DRAW LINE
G1 X168.984 Y109.277 F7200  ; DRAW LINE
G1 X168.984 Y106.582 F7200  ; DRAW LINE
G1 X169.922 Y106.172 F7200  ; DRAW LINE
G1 X169.791 Y105.747 F7200  ; DRAW LINE
G1 X168.750 Y106.113 F7200  ; DRAW LINE
G1 X168.516 Y109.453 F7200  ; DRAW LINE
G1 X167.899 Y109.512 F7200  ; DRAW LINE
G1 X167.930 Y109.805 F7200  ; DRAW LINE
G1 X168.516 Y109.863 F7200  ; DRAW LINE
G1 X168.633 Y110.977 F7200  ; DRAW LINE
G0 Z5.00               ; PEN UP

G0 X62.578 Y109.922   ; RAPID TO START
G1 Z0.00 F500    ; PEN DOWN
G4 P100           ; DWELL
G1 X62.831 Y109.884 F7200  ; DRAW LINE
G1 X63.398 Y107.930 F7200  ; DRAW LINE
G1 X62.051 Y107.930 F7200  ; DRAW LINE
G1 X62.578 Y109.922 F7200  ; DRAW LINE
G0 Z5.00               ; PEN UP

G0 X55.957 Y109.805   ; RAPID TO START
G1 Z0.00 F500    ; PEN DOWN
G4 P100           ; DWELL
G1 X57.320 Y109.691 F7200  ; DRAW LINE
G1 X57.942 Y108.827 F7200  ; DRAW LINE
G1 X58.008 Y107.813 F7200  ; DRAW LINE
G1 X55.307 Y107.729 F7200  ; DRAW LINE
G1 X55.313 Y107.051 F7200  ; DRAW LINE
G1 X55.898 Y106.277 F7200  ; DRAW LINE
G1 X56.836 Y106.149 F7200  ; DRAW LINE
G1 X57.841 Y106.430 F7200  ; DRAW LINE
G1 X57.244 Y105.881 F7200  ; DRAW LINE
G1 X56.074 Y105.820 F7200  ; DRAW LINE
G1 X54.961 Y106.934 F7200  ; DRAW LINE
G1 X55.078 Y109.043 F7200  ; DRAW LINE
G1 X55.957 Y109.805 F7200  ; DRAW LINE
G0 Z5.00               ; PEN UP

G0 X56.250 Y109.453   ; RAPID TO START
G1 Z0.00 F500    ; PEN DOWN
G4 P100           ; DWELL
G1 X55.566 Y108.980 F7200  ; DRAW LINE
G1 X55.313 Y108.164 F7200  ; DRAW LINE
G1 X57.539 Y108.164 F7200  ; DRAW LINE
G1 X57.325 Y109.158 F7200  ; DRAW LINE
G1 X56.250 Y109.453 F7200  ; DRAW LINE
G0 Z5.00               ; PEN UP

G0 X65.977 Y109.805   ; RAPID TO START
G1 Z0.00 F500    ; PEN DOWN
G4 P100           ; DWELL
G1 X66.387 Y109.219 F7200  ; DRAW LINE
G1 X67.410 Y109.836 F7200  ; DRAW LINE
G1 X68.145 Y109.805 F7200  ; DRAW LINE
G1 X68.672 Y109.395 F7200  ; DRAW LINE
G1 X69.023 Y105.996 F7200  ; DRAW LINE
G1 X68.555 Y105.820 F7200  ; DRAW LINE
G1 X68.320 Y109.219 F7200  ; DRAW LINE
G1 X67.364 Y109.466 F7200  ; DRAW LINE
G1 X66.563 Y109.043 F7200  ; DRAW LINE
G1 X66.328 Y108.574 F7200  ; DRAW LINE
G1 X66.328 Y105.820 F7200  ; DRAW LINE
G1 X65.977 Y105.879 F7200  ; DRAW LINE
G1 X65.977 Y109.805 F7200  ; DRAW LINE
G0 Z5.00               ; PEN UP

G0 X74.766 Y109.805   ; RAPID TO START
G1 Z0.00 F500    ; PEN DOWN
G4 P100           ; DWELL
G1 X75.168 Y109.192 F7200  ; DRAW LINE
G1 X75.996 Y109.805 F7200  ; DRAW LINE
G1 X77.109 Y109.512 F7200  ; DRAW LINE
G1 X76.934 Y109.219 F7200  ; DRAW LINE
G1 X75.996 Y109.453 F7200  ; DRAW LINE
G1 X75.117 Y108.691 F7200  ; DRAW LINE
G1 X75.117 Y105.820 F7200  ; DRAW LINE
G1 X74.648 Y105.996 F7200  ; DRAW LINE
G1 X74.766 Y109.805 F7200  ; DRAW LINE
G0 Z5.00               ; PEN UP

G0 X78.926 Y109.805   ; RAPID TO START
G1 Z0.00 F500    ; PEN DOWN
G4 P100           ; DWELL
G1 X80.101 Y109.685 F7200  ; DRAW LINE
G1 X80.742 Y109.043 F7200  ; DRAW LINE
G1 X80.859 Y107.813 F7200  ; DRAW LINE
G1 X78.164 Y107.637 F7200  ; DRAW LINE
G1 X78.302 Y106.778 F7200  ; DRAW LINE
G1 X78.809 Y106.289 F7200  ; DRAW LINE
G1 X79.980 Y106.172 F7200  ; DRAW LINE
G1 X80.566 Y106.523 F7200  ; DRAW LINE
G1 X80.742 Y106.172 F7200  ; DRAW LINE
G1 X79.980 Y105.820 F7200  ; DRAW LINE
G1 X78.926 Y105.820 F7200  ; DRAW LINE
G1 X77.819 Y106.905 F7200  ; DRAW LINE
G1 X77.915 Y108.882 F7200  ; DRAW LINE
G1 X78.926 Y109.805 F7200  ; DRAW LINE
G0 Z5.00               ; PEN UP

G0 X79.102 Y109.453   ; RAPID TO START
G1 Z0.00 F500    ; PEN DOWN
G4 P100           ; DWELL
G1 X78.473 Y108.980 F7200  ; DRAW LINE
G1 X78.164 Y108.164 F7200  ; DRAW LINE
G1 X80.508 Y108.164 F7200  ; DRAW LINE
G1 X80.156 Y109.219 F7200  ; DRAW LINE
G1 X79.102 Y109.453 F7200  ; DRAW LINE
G0 Z5.00               ; PEN UP

G0 X81.621 Y109.805   ; RAPID TO START
G1 Z0.00 F500    ; PEN DOWN
G4 P100           ; DWELL
G1 X82.039 Y109.792 F7200  ; DRAW LINE
G1 X83.132 Y106.622 F7200  ; DRAW LINE
G1 X84.316 Y109.805 F7200  ; DRAW LINE
G1 X84.609 Y109.629 F7200  ; DRAW LINE
G1 X85.605 Y106.641 F7200  ; DRAW LINE
G1 X86.484 Y109.395 F7200  ; DRAW LINE
G1 X86.777 Y109.805 F7200  ; DRAW LINE
G1 X87.070 Y109.629 F7200  ; DRAW LINE
G1 X85.723 Y105.820 F7200  ; DRAW LINE
G1 X85.313 Y105.996 F7200  ; DRAW LINE
G1 X84.492 Y108.867 F7200  ; DRAW LINE
G1 X84.141 Y108.691 F7200  ; DRAW LINE
G1 X83.145 Y105.820 F7200  ; DRAW LINE
G1 X82.734 Y105.996 F7200  ; DRAW LINE
G1 X81.621 Y109.805 F7200  ; DRAW LINE
G0 Z5.00               ; PEN UP

G0 X90.879 Y109.805   ; RAPID TO START
G1 Z0.00 F500    ; PEN DOWN
G4 P100           ; DWELL
G1 X92.042 Y109.737 F7200  ; DRAW LINE
G1 X92.695 Y109.160 F7200  ; DRAW LINE
G1 X92.813 Y105.820 F7200  ; DRAW LINE
G1 X92.168 Y106.172 F7200  ; DRAW LINE
G1 X90.759 Y105.788 F7200  ; DRAW LINE
G1 X89.882 Y106.213 F7200  ; DRAW LINE
G1 X89.766 Y107.285 F7200  ; DRAW LINE
G1 X90.293 Y107.930 F7200  ; DRAW LINE
G1 X92.344 Y108.047 F7200  ; DRAW LINE
G1 X92.329 Y108.850 F7200  ; DRAW LINE
G1 X91.934 Y109.336 F7200  ; DRAW LINE
G1 X90.000 Y109.219 F7200  ; DRAW LINE
G1 X90.879 Y109.805 F7200  ; DRAW LINE
G0 Z5.00               ; PEN UP

G0 X92.227 Y107.813   ; RAPID TO START
G1 Z0.00 F500    ; PEN DOWN
G4 P100           ; DWELL
G1 X90.352 Y107.578 F7200  ; DRAW LINE
G1 X90.264 Y106.523 F7200  ; DRAW LINE
G1 X90.952 Y106.134 F7200  ; DRAW LINE
G1 X92.048 Y106.303 F7200  ; DRAW LINE
G1 X92.414 Y106.987 F7200  ; DRAW LINE
G1 X92.227 Y107.813 F7200  ; DRAW LINE
G0 Z5.00               ; PEN UP

G0 X94.395 Y109.805   ; RAPID TO START
G1 Z0.00 F500    ; PEN DOWN
G4 P100           ; DWELL
G1 X94.759 Y109.318 F7200  ; DRAW LINE
G1 X95.426 Y109.770 F7200  ; DRAW LINE
G1 X96.387 Y109.805 F7200  ; DRAW LINE
G1 X97.148 Y109.160 F7200  ; DRAW LINE
G1 X97.266 Y105.820 F7200  ; DRAW LINE
G1 X96.914 Y105.879 F7200  ; DRAW LINE
G1 X96.914 Y108.574 F7200  ; DRAW LINE
G1 X96.387 Y109.336 F7200  ; DRAW LINE
G1 X95.566 Y109.453 F7200  ; DRAW LINE
G1 X94.688 Y108.691 F7200  ; DRAW LINE
G1 X94.688 Y105.820 F7200  ; DRAW LINE
G1 X94.219 Y105.996 F7200  ; DRAW LINE
G1 X94.395 Y109.805 F7200  ; DRAW LINE
G0 Z5.00               ; PEN UP

G0 X110.215 Y109.805   ; RAPID TO START
G1 Z0.00 F500    ; PEN DOWN
G4 P100           ; DWELL
G1 X110.564 Y109.201 F7200  ; DRAW LINE
G1 X111.476 Y109.821 F7200  ; DRAW LINE
G1 X112.617 Y109.512 F7200  ; DRAW LINE
G1 X112.374 Y109.212 F7200  ; DRAW LINE
G1 X111.387 Y109.453 F7200  ; DRAW LINE
G1 X110.859 Y109.219 F7200  ; DRAW LINE
G1 X110.508 Y108.574 F7200  ; DRAW LINE
G1 X110.508 Y105.820 F7200  ; DRAW LINE
G1 X110.156 Y105.879 F7200  ; DRAW LINE
G1 X110.215 Y109.805 F7200  ; DRAW LINE
G0 Z5.00               ; PEN UP

G0 X113.438 Y109.805   ; RAPID TO START
G1 Z0.00 F500    ; PEN DOWN
G4 P100           ; DWELL
G1 X113.977 Y109.318 F7200  ; DRAW LINE
G1 X114.645 Y109.770 F7200  ; DRAW LINE
G1 X115.605 Y109.805 F7200  ; DRAW LINE
G1 X116.367 Y109.160 F7200  ; DRAW LINE
G1 X116.484 Y105.820 F7200  ; DRAW LINE
G1 X116.133 Y105.879 F7200  ; DRAW LINE
G1 X116.133 Y108.574 F7200  ; DRAW LINE
G1 X115.605 Y109.336 F7200  ; DRAW LINE
G1 X114.668 Y109.453 F7200  ; DRAW LINE
G1 X113.906 Y108.809 F7200  ; DRAW LINE
G1 X113.906 Y105.879 F7200  ; DRAW LINE
G1 X113.438 Y105.820 F7200  ; DRAW LINE
G1 X113.438 Y109.805 F7200  ; DRAW LINE
G0 Z5.00               ; PEN UP

G0 X118.887 Y109.805   ; RAPID TO START
G1 Z0.00 F500    ; PEN DOWN
G4 P100           ; DWELL
G1 X120.050 Y109.737 F7200  ; DRAW LINE
G1 X120.703 Y109.160 F7200  ; DRAW LINE
G1 X120.820 Y105.820 F7200  ; DRAW LINE
G1 X120.492 Y105.794 F7200  ; DRAW LINE
G1 X120.267 Y106.286 F7200  ; DRAW LINE
G1 X119.590 Y105.820 F7200  ; DRAW LINE
G1 X118.535 Y105.820 F7200  ; DRAW LINE
G1 X117.891 Y106.348 F7200  ; DRAW LINE
G1 X117.773 Y107.285 F7200  ; DRAW LINE
G1 X118.301 Y107.930 F7200  ; DRAW LINE
G1 X120.352 Y108.047 F7200  ; DRAW LINE
G1 X120.366 Y108.885 F7200  ; DRAW LINE
G1 X119.941 Y109.336 F7200  ; DRAW LINE
G1 X119.004 Y109.453 F7200  ; DRAW LINE
G1 X118.184 Y109.102 F7200  ; DRAW LINE
G1 X118.008 Y109.453 F7200  ; DRAW LINE
G1 X118.887 Y109.805 F7200  ; DRAW LINE
G0 Z5.00               ; PEN UP

G0 X119.414 Y107.813   ; RAPID TO START
G1 Z0.00 F500    ; PEN DOWN
G4 P100           ; DWELL
G1 X118.242 Y107.344 F7200  ; DRAW LINE
G1 X118.205 Y106.706 F7200  ; DRAW LINE
G1 X118.580 Y106.226 F7200  ; DRAW LINE
G1 X120.000 Y106.289 F7200  ; DRAW LINE
G1 X120.337 Y106.627 F7200  ; DRAW LINE
G1 X120.352 Y107.695 F7200  ; DRAW LINE
G1 X119.414 Y107.813 F7200  ; DRAW LINE
G0 Z5.00               ; PEN UP

G0 X128.672 Y109.805   ; RAPID TO START
G1 Z0.00 F500    ; PEN DOWN
G4 P100           ; DWELL
G1 X129.023 Y109.746 F7200  ; DRAW LINE
G1 X129.023 Y105.820 F7200  ; DRAW LINE
G1 X128.672 Y105.879 F7200  ; DRAW LINE
G1 X128.672 Y109.805 F7200  ; DRAW LINE
G0 Z5.00               ; PEN UP

G0 X134.121 Y109.805   ; RAPID TO START
G1 Z0.00 F500    ; PEN DOWN
G4 P100           ; DWELL
G1 X135.397 Y109.674 F7200  ; DRAW LINE
G1 X136.043 Y108.725 F7200  ; DRAW LINE
G1 X136.055 Y107.813 F7200  ; DRAW LINE
G1 X133.477 Y107.637 F7200  ; DRAW LINE
G1 X133.510 Y106.780 F7200  ; DRAW LINE
G1 X133.885 Y106.334 F7200  ; DRAW LINE
G1 X135.176 Y106.172 F7200  ; DRAW LINE
G1 X135.938 Y106.523 F7200  ; DRAW LINE
G1 X135.959 Y106.189 F7200  ; DRAW LINE
G1 X135.285 Y105.851 F7200  ; DRAW LINE
G1 X134.121 Y105.820 F7200  ; DRAW LINE
G1 X133.029 Y106.955 F7200  ; DRAW LINE
G1 X133.008 Y108.574 F7200  ; DRAW LINE
G1 X134.121 Y109.805 F7200  ; DRAW LINE
G0 Z5.00               ; PEN UP

G0 X134.297 Y109.453   ; RAPID TO START
G1 Z0.00 F500    ; PEN DOWN
G4 P100           ; DWELL
G1 X133.477 Y108.633 F7200  ; DRAW LINE
G1 X133.594 Y108.164 F7200  ; DRAW LINE
G1 X135.703 Y108.164 F7200  ; DRAW LINE
G1 X135.309 Y109.191 F7200  ; DRAW LINE
G1 X134.297 Y109.453 F7200  ; DRAW LINE
G0 Z5.00               ; PEN UP

G0 X137.344 Y109.805   ; RAPID TO START
G1 Z0.00 F500    ; PEN DOWN
G4 P100           ; DWELL
G1 X137.752 Y109.201 F7200  ; DRAW LINE
G1 X138.736 Y109.831 F7200  ; DRAW LINE
G1 X139.805 Y109.512 F7200  ; DRAW LINE
G1 X139.688 Y109.219 F7200  ; DRAW LINE
G1 X138.574 Y109.453 F7200  ; DRAW LINE
G1 X137.930 Y108.926 F7200  ; DRAW LINE
G1 X137.813 Y105.820 F7200  ; DRAW LINE
G1 X137.344 Y105.879 F7200  ; DRAW LINE
G1 X137.344 Y109.805 F7200  ; DRAW LINE
G0 Z5.00               ; PEN UP

G0 X145.078 Y109.805   ; RAPID TO START
G1 Z0.00 F500    ; PEN DOWN
G4 P100           ; DWELL
G1 X145.547 Y109.746 F7200  ; DRAW LINE
G1 X145.349 Y105.774 F7200  ; DRAW LINE
G1 X145.078 Y106.465 F7200  ; DRAW LINE
G1 X145.078 Y109.805 F7200  ; DRAW LINE
G0 Z5.00               ; PEN UP

G0 X154.277 Y109.805   ; RAPID TO START
G1 Z0.00 F500    ; PEN DOWN
G4 P100           ; DWELL
G1 X155.440 Y109.737 F7200  ; DRAW LINE
G1 X156.094 Y109.160 F7200  ; DRAW LINE
G1 X156.211 Y105.996 F7200  ; DRAW LINE
G1 X155.918 Y105.820 F7200  ; DRAW LINE
G1 X155.684 Y106.289 F7200  ; DRAW LINE
G1 X154.334 Y105.764 F7200  ; DRAW LINE
G1 X153.215 Y106.314 F7200  ; DRAW LINE
G1 X153.398 Y107.813 F7200  ; DRAW LINE
G1 X155.742 Y108.223 F7200  ; DRAW LINE
G1 X155.704 Y108.946 F7200  ; DRAW LINE
G1 X155.332 Y109.336 F7200  ; DRAW LINE
G1 X154.395 Y109.453 F7200  ; DRAW LINE
G1 X153.574 Y109.102 F7200  ; DRAW LINE
G1 X153.398 Y109.453 F7200  ; DRAW LINE
G1 X154.277 Y109.805 F7200  ; DRAW LINE
G0 Z5.00               ; PEN UP

G0 X154.688 Y107.813   ; RAPID TO START
G1 Z0.00 F500    ; PEN DOWN
G4 P100           ; DWELL
G1 X153.984 Y107.695 F7200  ; DRAW LINE
G1 X153.516 Y107.227 F7200  ; DRAW LINE
G1 X153.633 Y106.406 F7200  ; DRAW LINE
G1 X154.731 Y106.154 F7200  ; DRAW LINE
G1 X155.625 Y106.523 F7200  ; DRAW LINE
G1 X155.742 Y107.695 F7200  ; DRAW LINE
G1 X154.688 Y107.813 F7200  ; DRAW LINE
G0 Z5.00               ; PEN UP

G0 X158.613 Y109.805   ; RAPID TO START
G1 Z0.00 F500    ; PEN DOWN
G4 P100           ; DWELL
G1 X159.782 Y109.743 F7200  ; DRAW LINE
G1 X160.430 Y109.160 F7200  ; DRAW LINE
G1 X160.137 Y108.984 F7200  ; DRAW LINE
G1 X158.730 Y109.453 F7200  ; DRAW LINE
G1 X158.086 Y108.926 F7200  ; DRAW LINE
G1 X157.852 Y107.402 F7200  ; DRAW LINE
G1 X158.262 Y106.406 F7200  ; DRAW LINE
G1 X159.210 Y106.136 F7200  ; DRAW LINE
G1 X160.313 Y106.523 F7200  ; DRAW LINE
G1 X160.334 Y106.189 F7200  ; DRAW LINE
G1 X159.504 Y105.809 F7200  ; DRAW LINE
G1 X158.496 Y105.820 F7200  ; DRAW LINE
G1 X157.852 Y106.172 F7200  ; DRAW LINE
G1 X157.500 Y106.816 F7200  ; DRAW LINE
G1 X157.500 Y108.691 F7200  ; DRAW LINE
G1 X158.613 Y109.805 F7200  ; DRAW LINE
G0 Z5.00               ; PEN UP

G0 X161.602 Y109.805   ; RAPID TO START
G1 Z0.00 F500    ; PEN DOWN
G4 P100           ; DWELL
G1 X161.953 Y109.746 F7200  ; DRAW LINE
G1 X161.953 Y106.934 F7200  ; DRAW LINE
G1 X162.253 Y106.336 F7200  ; DRAW LINE
G1 X162.913 Y106.134 F7200  ; DRAW LINE
G1 X163.418 Y106.172 F7200  ; DRAW LINE
G1 X164.180 Y106.934 F7200  ; DRAW LINE
G1 X164.180 Y109.805 F7200  ; DRAW LINE
G1 X164.531 Y109.746 F7200  ; DRAW LINE
G1 X164.531 Y105.820 F7200  ; DRAW LINE
G1 X164.121 Y106.289 F7200  ; DRAW LINE
G1 X162.944 Y105.779 F7200  ; DRAW LINE
G1 X161.719 Y106.348 F7200  ; DRAW LINE
G1 X161.602 Y109.805 F7200  ; DRAW LINE
G0 Z5.00               ; PEN UP

G0 X170.625 Y109.805   ; RAPID TO START
G1 Z0.00 F500    ; PEN DOWN
G4 P100           ; DWELL
G1 X171.094 Y109.629 F7200  ; DRAW LINE
G1 X172.302 Y106.602 F7200  ; DRAW LINE
G1 X173.438 Y109.805 F7200  ; DRAW LINE
G1 X173.812 Y109.745 F7200  ; DRAW LINE
G1 X172.031 Y104.590 F7200  ; DRAW LINE
G1 X171.337 Y104.114 F7200  ; DRAW LINE
G1 X170.977 Y104.414 F7200  ; DRAW LINE
G1 X171.680 Y104.707 F7200  ; DRAW LINE
G1 X172.148 Y105.879 F7200  ; DRAW LINE
G1 X170.625 Y109.805 F7200  ; DRAW LINE
G0 Z5.00               ; PEN UP

G0 X56.074 Y109.102   ; RAPID TO START
G1 Z0.00 F500    ; PEN DOWN
G4 P100           ; DWELL
G1 X56.979 Y109.017 F7200  ; DRAW LINE
G1 X57.129 Y108.398 F7200  ; DRAW LINE
G1 X55.664 Y108.398 F7200  ; DRAW LINE
G1 X56.074 Y109.102 F7200  ; DRAW LINE
G0 Z5.00               ; PEN UP

G0 X71.426 Y109.102   ; RAPID TO START
G1 Z0.00 F500    ; PEN DOWN
G4 P100           ; DWELL
G1 X72.190 Y109.040 F7200  ; DRAW LINE
G1 X72.539 Y108.574 F7200  ; DRAW LINE
G1 X72.539 Y107.051 F7200  ; DRAW LINE
G1 X71.660 Y106.406 F7200  ; DRAW LINE
G1 X71.016 Y106.816 F7200  ; DRAW LINE
G1 X70.898 Y108.457 F7200  ; DRAW LINE
G1 X71.426 Y109.102 F7200  ; DRAW LINE
G0 Z5.00               ; PEN UP

G0 X79.043 Y109.102   ; RAPID TO START
G1 Z0.00 F500    ; PEN DOWN
G4 P100           ; DWELL
G1 X79.851 Y109.007 F7200  ; DRAW LINE
G1 X80.156 Y108.457 F7200  ; DRAW LINE
G1 X78.516 Y108.398 F7200  ; DRAW LINE
G1 X79.043 Y109.102 F7200  ; DRAW LINE
G0 Z5.00               ; PEN UP

G0 X99.785 Y109.102   ; RAPID TO START
G1 Z0.00 F500    ; PEN DOWN
G4 P100           ; DWELL
G1 X100.509 Y109.063 F7200  ; DRAW LINE
G1 X100.898 Y108.691 F7200  ; DRAW LINE
G1 X100.898 Y106.934 F7200  ; DRAW LINE
G1 X100.020 Y106.406 F7200  ; DRAW LINE
G1 X99.375 Y106.816 F7200  ; DRAW LINE
G1 X99.258 Y108.340 F7200  ; DRAW LINE
G1 X99.785 Y109.102 F7200  ; DRAW LINE
G0 Z5.00               ; PEN UP

G0 X134.238 Y109.102   ; RAPID TO START
G1 Z0.00 F500    ; PEN DOWN
G4 P100           ; DWELL
G1 X135.067 Y109.016 F7200  ; DRAW LINE
G1 X135.293 Y108.398 F7200  ; DRAW LINE
G1 X133.828 Y108.398 F7200  ; DRAW LINE
G1 X134.238 Y109.102 F7200  ; DRAW LINE
G0 Z5.00               ; PEN UP

G0 X141.973 Y109.102   ; RAPID TO START
G1 Z0.00 F500    ; PEN DOWN
G4 P100           ; DWELL
G1 X142.697 Y109.052 F7200  ; DRAW LINE
G1 X143.086 Y108.574 F7200  ; DRAW LINE
G1 X143.086 Y106.934 F7200  ; DRAW LINE
G1 X142.547 Y106.488 F7200  ; DRAW LINE
G1 X141.855 Y106.523 F7200  ; DRAW LINE
G1 X141.445 Y106.934 F7200  ; DRAW LINE
G1 X141.445 Y108.574 F7200  ; DRAW LINE
G1 X141.973 Y109.102 F7200  ; DRAW LINE
G0 Z5.00               ; PEN UP

G0 X90.762 Y107.461   ; RAPID TO START
G1 Z0.00 F500    ; PEN DOWN
G4 P100           ; DWELL
G1 X92.051 Y107.461 F7200  ; DRAW LINE
G1 X92.109 Y107.051 F7200  ; DRAW LINE
G1 X91.699 Y106.523 F7200  ; DRAW LINE
G1 X90.645 Y106.523 F7200  ; DRAW LINE
G1 X90.469 Y107.168 F7200  ; DRAW LINE
G1 X90.762 Y107.461 F7200  ; DRAW LINE
G0 Z5.00               ; PEN UP

G0 X118.770 Y107.461   ; RAPID TO START
G1 Z0.00 F500    ; PEN DOWN
G4 P100           ; DWELL
G1 X120.117 Y107.461 F7200  ; DRAW LINE
G1 X120.117 Y106.934 F7200  ; DRAW LINE
G1 X119.669 Y106.503 F7200  ; DRAW LINE
G1 X118.887 Y106.406 F7200  ; DRAW LINE
G1 X118.594 Y106.523 F7200  ; DRAW LINE
G1 X118.477 Y107.168 F7200  ; DRAW LINE
G1 X118.770 Y107.461 F7200  ; DRAW LINE
G0 Z5.00               ; PEN UP

G0 X154.160 Y107.461   ; RAPID TO START
G1 Z0.00 F500    ; PEN DOWN
G4 P100           ; DWELL
G1 X155.449 Y107.461 F7200  ; DRAW LINE
G1 X155.508 Y107.168 F7200  ; DRAW LINE
G1 X155.215 Y106.641 F7200  ; DRAW LINE
G1 X154.277 Y106.406 F7200  ; DRAW LINE
G1 X153.750 Y106.816 F7200  ; DRAW LINE
G1 X154.160 Y107.461 F7200  ; DRAW LINE
G0 Z5.00               ; PEN UP

G0 X46.699 Y100.781   ; RAPID TO START
G1 Z0.00 F500    ; PEN DOWN
G4 P100           ; DWELL
G1 X51.445 Y100.605 F7200  ; DRAW LINE
G1 X51.445 Y99.258 F7200  ; DRAW LINE
G1 X48.281 Y99.258 F7200  ; DRAW LINE
G1 X48.281 Y97.852 F7200  ; DRAW LINE
G1 X50.977 Y97.852 F7200  ; DRAW LINE
G1 X50.977 Y96.445 F7200  ; DRAW LINE
G1 X48.281 Y96.445 F7200  ; DRAW LINE
G1 X48.281 Y94.688 F7200  ; DRAW LINE
G1 X51.445 Y94.688 F7200  ; DRAW LINE
G1 X51.445 Y93.281 F7200  ; DRAW LINE
G1 X46.523 Y93.281 F7200  ; DRAW LINE
G1 X46.699 Y100.781 F7200  ; DRAW LINE
G0 Z5.00               ; PEN UP

G0 X52.676 Y100.781   ; RAPID TO START
G1 Z0.00 F500    ; PEN DOWN
G4 P100           ; DWELL
G1 X54.258 Y100.664 F7200  ; DRAW LINE
G1 X54.258 Y94.863 F7200  ; DRAW LINE
G1 X57.422 Y94.688 F7200  ; DRAW LINE
G1 X57.422 Y93.281 F7200  ; DRAW LINE
G1 X52.500 Y93.281 F7200  ; DRAW LINE
G1 X52.676 Y100.781 F7200  ; DRAW LINE
G0 Z5.00               ; PEN UP

G0 X59.707 Y100.781   ; RAPID TO START
G1 Z0.00 F500    ; PEN DOWN
G4 P100           ; DWELL
G1 X63.281 Y100.664 F7200  ; DRAW LINE
G1 X63.281 Y99.258 F7200  ; DRAW LINE
G1 X60.117 Y99.258 F7200  ; DRAW LINE
G1 X60.117 Y97.852 F7200  ; DRAW LINE
G1 X62.813 Y97.676 F7200  ; DRAW LINE
G1 X62.813 Y96.445 F7200  ; DRAW LINE
G1 X60.117 Y96.445 F7200  ; DRAW LINE
G1 X60.117 Y94.688 F7200  ; DRAW LINE
G1 X63.281 Y94.688 F7200  ; DRAW LINE
G1 X63.281 Y93.281 F7200  ; DRAW LINE
G1 X58.535 Y93.281 F7200  ; DRAW LINE
G1 X58.477 Y100.664 F7200  ; DRAW LINE
G1 X59.707 Y100.781 F7200  ; DRAW LINE
G0 Z5.00               ; PEN UP

G0 X66.387 Y100.781   ; RAPID TO START
G1 Z0.00 F500    ; PEN DOWN
G4 P100           ; DWELL
G1 X67.596 Y100.760 F7200  ; DRAW LINE
G1 X68.791 Y100.314 F7200  ; DRAW LINE
G1 X69.375 Y99.668 F7200  ; DRAW LINE
G1 X69.727 Y98.555 F7200  ; DRAW LINE
G1 X68.262 Y98.438 F7200  ; DRAW LINE
G1 X67.559 Y99.258 F7200  ; DRAW LINE
G1 X67.136 Y99.305 F7200  ; DRAW LINE
G1 X66.363 Y99.141 F7200  ; DRAW LINE
G1 X65.977 Y98.613 F7200  ; DRAW LINE
G1 X65.977 Y95.449 F7200  ; DRAW LINE
G1 X66.284 Y94.858 F7200  ; DRAW LINE
G1 X67.441 Y94.688 F7200  ; DRAW LINE
G1 X68.145 Y95.391 F7200  ; DRAW LINE
G1 X69.727 Y95.391 F7200  ; DRAW LINE
G1 X69.219 Y93.998 F7200  ; DRAW LINE
G1 X67.811 Y93.205 F7200  ; DRAW LINE
G1 X66.504 Y93.164 F7200  ; DRAW LINE
G1 X65.411 Y93.536 F7200  ; DRAW LINE
G1 X64.688 Y94.277 F7200  ; DRAW LINE
G1 X64.219 Y95.566 F7200  ; DRAW LINE
G1 X64.449 Y99.302 F7200  ; DRAW LINE
G1 X65.098 Y100.195 F7200  ; DRAW LINE
G1 X66.387 Y100.781 F7200  ; DRAW LINE
G0 Z5.00               ; PEN UP

G0 X70.723 Y100.781   ; RAPID TO START
G1 Z0.00 F500    ; PEN DOWN
G4 P100           ; DWELL
G1 X76.055 Y100.664 F7200  ; DRAW LINE
G1 X76.055 Y99.258 F7200  ; DRAW LINE
G1 X74.180 Y99.199 F7200  ; DRAW LINE
G1 X74.180 Y93.281 F7200  ; DRAW LINE
G1 X72.422 Y93.281 F7200  ; DRAW LINE
G1 X72.422 Y99.199 F7200  ; DRAW LINE
G1 X70.547 Y99.258 F7200  ; DRAW LINE
G1 X70.723 Y100.781 F7200  ; DRAW LINE
G0 Z5.00               ; PEN UP

G0 X90.176 Y100.781   ; RAPID TO START
G1 Z0.00 F500    ; PEN DOWN
G4 P100           ; DWELL
G1 X92.337 Y100.406 F7200  ; DRAW LINE
G1 X93.003 Y99.810 F7200  ; DRAW LINE
G1 X93.516 Y98.613 F7200  ; DRAW LINE
G1 X91.875 Y98.438 F7200  ; DRAW LINE
G1 X91.465 Y99.141 F7200  ; DRAW LINE
G1 X90.762 Y99.375 F7200  ; DRAW LINE
G1 X89.648 Y98.613 F7200  ; DRAW LINE
G1 X89.648 Y95.449 F7200  ; DRAW LINE
G1 X90.176 Y94.805 F7200  ; DRAW LINE
G1 X91.230 Y94.688 F7200  ; DRAW LINE
G1 X91.934 Y95.391 F7200  ; DRAW LINE
G1 X93.457 Y95.391 F7200  ; DRAW LINE
G1 X92.520 Y93.633 F7200  ; DRAW LINE
G1 X91.348 Y93.164 F7200  ; DRAW LINE
G1 X89.930 Y93.211 F7200  ; DRAW LINE
G1 X88.914 Y93.660 F7200  ; DRAW LINE
G1 X87.891 Y95.566 F7200  ; DRAW LINE
G1 X88.089 Y99.258 F7200  ; DRAW LINE
G1 X88.835 Y100.201 F7200  ; DRAW LINE
G1 X90.176 Y100.781 F7200  ; DRAW LINE
G0 Z5.00               ; PEN UP

G0 X111.855 Y100.781   ; RAPID TO START
G1 Z0.00 F500    ; PEN DOWN
G4 P100           ; DWELL
G1 X113.187 Y100.753 F7200  ; DRAW LINE
G1 X114.244 Y100.112 F7200  ; DRAW LINE
G1 X114.510 Y98.455 F7200  ; DRAW LINE
G1 X113.320 Y97.207 F7200  ; DRAW LINE
G1 X114.199 Y96.094 F7200  ; DRAW LINE
G1 X114.609 Y97.031 F7200  ; DRAW LINE
G1 X116.074 Y97.148 F7200  ; DRAW LINE
G1 X115.430 Y94.746 F7200  ; DRAW LINE
G1 X116.602 Y93.340 F7200  ; DRAW LINE
G1 X114.785 Y93.281 F7200  ; DRAW LINE
G1 X114.199 Y93.750 F7200  ; DRAW LINE
G1 X113.209 Y93.217 F7200  ; DRAW LINE
G1 X111.738 Y93.164 F7200  ; DRAW LINE
G1 X110.804 Y93.513 F7200  ; DRAW LINE
G1 X110.074 Y94.277 F7200  ; DRAW LINE
G1 X109.922 Y95.918 F7200  ; DRAW LINE
G1 X111.094 Y97.324 F7200  ; DRAW LINE
G1 X110.537 Y98.174 F7200  ; DRAW LINE
G1 X110.391 Y99.434 F7200  ; DRAW LINE
G1 X110.742 Y100.195 F7200  ; DRAW LINE
G1 X111.855 Y100.781 F7200  ; DRAW LINE
G0 Z5.00               ; PEN UP

G0 X112.383 Y99.609   ; RAPID TO START
G1 Z0.00 F500    ; PEN DOWN
G4 P100           ; DWELL
G1 X111.895 Y98.878 F7200  ; DRAW LINE
G1 X112.383 Y98.203 F7200  ; DRAW LINE
G1 X112.917 Y98.372 F7200  ; DRAW LINE
G1 X113.114 Y98.878 F7200  ; DRAW LINE
G1 X112.973 Y99.486 F7200  ; DRAW LINE
G1 X112.383 Y99.609 F7200  ; DRAW LINE
G0 Z5.00               ; PEN UP

G0 X112.031 Y96.328   ; RAPID TO START
G1 Z0.00 F500    ; PEN DOWN
G4 P100           ; DWELL
G1 X111.445 Y95.508 F7200  ; DRAW LINE
G1 X111.563 Y94.922 F7200  ; DRAW LINE
G1 X112.286 Y94.550 F7200  ; DRAW LINE
G1 X113.203 Y94.688 F7200  ; DRAW LINE
G1 X112.031 Y96.328 F7200  ; DRAW LINE
G0 Z5.00               ; PEN UP

G0 X122.051 Y100.781   ; RAPID TO START
G1 Z0.00 F500    ; PEN DOWN
G4 P100           ; DWELL
G1 X124.235 Y100.434 F7200  ; DRAW LINE
G1 X124.887 Y99.820 F7200  ; DRAW LINE
G1 X125.391 Y98.555 F7200  ; DRAW LINE
G1 X123.750 Y98.438 F7200  ; DRAW LINE
G1 X123.340 Y99.141 F7200  ; DRAW LINE
G1 X122.637 Y99.375 F7200  ; DRAW LINE
G1 X121.758 Y98.965 F7200  ; DRAW LINE
G1 X121.523 Y98.496 F7200  ; DRAW LINE
G1 X121.523 Y95.566 F7200  ; DRAW LINE
G1 X122.168 Y94.688 F7200  ; DRAW LINE
G1 X123.142 Y94.697 F7200  ; DRAW LINE
G1 X123.809 Y95.391 F7200  ; DRAW LINE
G1 X125.332 Y95.391 F7200  ; DRAW LINE
G1 X124.779 Y93.986 F7200  ; DRAW LINE
G1 X123.387 Y93.176 F7200  ; DRAW LINE
G1 X121.180 Y93.442 F7200  ; DRAW LINE
G1 X120.464 Y94.015 F7200  ; DRAW LINE
G1 X119.883 Y95.098 F7200  ; DRAW LINE
G1 X120.005 Y99.218 F7200  ; DRAW LINE
G1 X120.736 Y100.209 F7200  ; DRAW LINE
G1 X122.051 Y100.781 F7200  ; DRAW LINE
G0 Z5.00               ; PEN UP

G0 X128.496 Y100.781   ; RAPID TO START
G1 Z0.00 F500    ; PEN DOWN
G4 P100           ; DWELL
G1 X129.785 Y100.781 F7200  ; DRAW LINE
G1 X130.761 Y100.409 F7200  ; DRAW LINE
G1 X131.953 Y98.848 F7200  ; DRAW LINE
G1 X131.890 Y94.914 F7200  ; DRAW LINE
G1 X131.094 Y93.742 F7200  ; DRAW LINE
G1 X129.938 Y93.188 F7200  ; DRAW LINE
G1 X127.679 Y93.425 F7200  ; DRAW LINE
G1 X126.915 Y94.009 F7200  ; DRAW LINE
G1 X126.328 Y95.098 F7200  ; DRAW LINE
G1 X126.431 Y99.190 F7200  ; DRAW LINE
G1 X127.078 Y100.102 F7200  ; DRAW LINE
G1 X128.496 Y100.781 F7200  ; DRAW LINE
G0 Z5.00               ; PEN UP

G0 X128.789 Y99.258   ; RAPID TO START
G1 Z0.00 F500    ; PEN DOWN
G4 P100           ; DWELL
G1 X127.969 Y98.438 F7200  ; DRAW LINE
G1 X127.969 Y95.391 F7200  ; DRAW LINE
G1 X128.367 Y94.838 F7200  ; DRAW LINE
G1 X129.141 Y94.570 F7200  ; DRAW LINE
G1 X129.727 Y94.688 F7200  ; DRAW LINE
G1 X130.313 Y95.508 F7200  ; DRAW LINE
G1 X130.313 Y98.203 F7200  ; DRAW LINE
G1 X129.759 Y99.202 F7200  ; DRAW LINE
G1 X128.789 Y99.258 F7200  ; DRAW LINE
G0 Z5.00               ; PEN UP

G0 X155.449 Y100.781   ; RAPID TO START
G1 Z0.00 F500    ; PEN DOWN
G4 P100           ; DWELL
G1 X160.781 Y100.664 F7200  ; DRAW LINE
G1 X160.781 Y99.258 F7200  ; DRAW LINE
G1 X158.906 Y99.199 F7200  ; DRAW LINE
G1 X158.906 Y93.281 F7200  ; DRAW LINE
G1 X157.266 Y93.281 F7200  ; DRAW LINE
G1 X157.266 Y99.199 F7200  ; DRAW LINE
G1 X155.273 Y99.258 F7200  ; DRAW LINE
G1 X155.449 Y100.781 F7200  ; DRAW LINE
G0 Z5.00               ; PEN UP

G0 X168.105 Y100.781   ; RAPID TO START
G1 Z0.00 F500    ; PEN DOWN
G4 P100           ; DWELL
G1 X171.738 Y100.664 F7200  ; DRAW LINE
G1 X173.210 Y99.712 F7200  ; DRAW LINE
G1 X173.549 Y98.983 F7200  ; DRAW LINE
G1 X173.555 Y97.793 F7200  ; DRAW LINE
G1 X173.086 Y96.914 F7200  ; DRAW LINE
G1 X172.266 Y96.387 F7200  ; DRAW LINE
G1 X173.906 Y93.340 F7200  ; DRAW LINE
G1 X171.973 Y93.281 F7200  ; DRAW LINE
G1 X170.449 Y96.094 F7200  ; DRAW LINE
G1 X169.979 Y96.124 F7200  ; DRAW LINE
G1 X169.688 Y96.035 F7200  ; DRAW LINE
G1 X169.688 Y93.281 F7200  ; DRAW LINE
G1 X167.930 Y93.281 F7200  ; DRAW LINE
G1 X168.105 Y100.781 F7200  ; DRAW LINE
G0 Z5.00               ; PEN UP

G0 X169.688 Y99.258   ; RAPID TO START
G1 Z0.00 F500    ; PEN DOWN
G4 P100           ; DWELL
G1 X169.688 Y97.500 F7200  ; DRAW LINE
G1 X171.680 Y97.734 F7200  ; DRAW LINE
G1 X171.680 Y98.906 F7200  ; DRAW LINE
G1 X171.328 Y99.258 F7200  ; DRAW LINE
G1 X169.688 Y99.258 F7200  ; DRAW LINE
G0 Z5.00               ; PEN UP

G0 X77.344 Y100.664   ; RAPID TO START
G1 Z0.00 F500    ; PEN DOWN
G4 P100           ; DWELL
G1 X81.152 Y100.664 F7200  ; DRAW LINE
G1 X82.605 Y99.656 F7200  ; DRAW LINE
G1 X82.852 Y97.793 F7200  ; DRAW LINE
G1 X82.434 Y96.945 F7200  ; DRAW LINE
G1 X81.680 Y96.387 F7200  ; DRAW LINE
G1 X83.203 Y93.340 F7200  ; DRAW LINE
G1 X81.211 Y93.281 F7200  ; DRAW LINE
G1 X79.922 Y96.094 F7200  ; DRAW LINE
G1 X78.984 Y96.094 F7200  ; DRAW LINE
G1 X78.984 Y93.281 F7200  ; DRAW LINE
G1 X77.344 Y93.281 F7200  ; DRAW LINE
G1 X77.344 Y100.664 F7200  ; DRAW LINE
G0 Z5.00               ; PEN UP

G0 X78.984 Y99.258   ; RAPID TO START
G1 Z0.00 F500    ; PEN DOWN
G4 P100           ; DWELL
G1 X78.984 Y97.500 F7200  ; DRAW LINE
G1 X80.859 Y97.617 F7200  ; DRAW LINE
G1 X81.211 Y98.203 F7200  ; DRAW LINE
G1 X80.625 Y99.258 F7200  ; DRAW LINE
G1 X78.984 Y99.258 F7200  ; DRAW LINE
G0 Z5.00               ; PEN UP

G0 X84.492 Y100.664   ; RAPID TO START
G1 Z0.00 F500    ; PEN DOWN
G4 P100           ; DWELL
G1 X86.250 Y100.605 F7200  ; DRAW LINE
G1 X86.250 Y93.281 F7200  ; DRAW LINE
G1 X84.492 Y93.340 F7200  ; DRAW LINE
G1 X84.492 Y100.664 F7200  ; DRAW LINE
G0 Z5.00               ; PEN UP

G0 X96.504 Y100.664   ; RAPID TO START
G1 Z0.00 F500    ; PEN DOWN
G4 P100           ; DWELL
G1 X98.027 Y100.664 F7200  ; DRAW LINE
G1 X100.664 Y93.281 F7200  ; DRAW LINE
G1 X98.965 Y93.281 F7200  ; DRAW LINE
G1 X98.555 Y94.336 F7200  ; DRAW LINE
G1 X95.918 Y94.336 F7200  ; DRAW LINE
G1 X95.625 Y93.281 F7200  ; DRAW LINE
G1 X93.926 Y93.281 F7200  ; DRAW LINE
G1 X96.504 Y100.664 F7200  ; DRAW LINE
G0 Z5.00               ; PEN UP

G0 X97.266 Y98.086   ; RAPID TO START
G1 Z0.00 F500    ; PEN DOWN
G4 P100           ; DWELL
G1 X96.445 Y95.859 F7200  ; DRAW LINE
G1 X97.969 Y95.742 F7200  ; DRAW LINE
G1 X97.266 Y98.086 F7200  ; DRAW LINE
G0 Z5.00               ; PEN UP

G0 X101.602 Y100.664   ; RAPID TO START
G1 Z0.00 F500    ; PEN DOWN
G4 P100           ; DWELL
G1 X103.242 Y100.605 F7200  ; DRAW LINE
G1 X103.242 Y94.863 F7200  ; DRAW LINE
G1 X106.523 Y94.688 F7200  ; DRAW LINE
G1 X106.465 Y93.281 F7200  ; DRAW LINE
G1 X101.602 Y93.281 F7200  ; DRAW LINE
G1 X101.602 Y100.664 F7200  ; DRAW LINE
G0 Z5.00               ; PEN UP

G0 X133.359 Y100.664   ; RAPID TO START
G1 Z0.00 F500    ; PEN DOWN
G4 P100           ; DWELL
G1 X135.059 Y100.664 F7200  ; DRAW LINE
G1 X136.758 Y97.383 F7200  ; DRAW LINE
G1 X137.109 Y97.559 F7200  ; DRAW LINE
G1 X138.633 Y100.664 F7200  ; DRAW LINE
G1 X140.391 Y100.605 F7200  ; DRAW LINE
G1 X140.391 Y93.281 F7200  ; DRAW LINE
G1 X138.750 Y93.281 F7200  ; DRAW LINE
G1 X138.750 Y96.973 F7200  ; DRAW LINE
G1 X137.578 Y94.922 F7200  ; DRAW LINE
G1 X136.348 Y94.922 F7200  ; DRAW LINE
G1 X135.234 Y97.031 F7200  ; DRAW LINE
G1 X135.000 Y96.973 F7200  ; DRAW LINE
G1 X135.000 Y93.281 F7200  ; DRAW LINE
G1 X133.359 Y93.281 F7200  ; DRAW LINE
G1 X133.359 Y100.664 F7200  ; DRAW LINE
G0 Z5.00               ; PEN UP

G0 X142.148 Y100.664   ; RAPID TO START
G1 Z0.00 F500    ; PEN DOWN
G4 P100           ; DWELL
G1 X146.046 Y100.602 F7200  ; DRAW LINE
G1 X147.058 Y100.000 F7200  ; DRAW LINE
G1 X147.645 Y98.925 F7200  ; DRAW LINE
G1 X147.656 Y97.676 F7200  ; DRAW LINE
G1 X146.940 Y96.517 F7200  ; DRAW LINE
G1 X145.717 Y95.910 F7200  ; DRAW LINE
G1 X143.789 Y95.859 F7200  ; DRAW LINE
G1 X143.789 Y93.281 F7200  ; DRAW LINE
G1 X142.148 Y93.281 F7200  ; DRAW LINE
G1 X142.148 Y100.664 F7200  ; DRAW LINE
G0 Z5.00               ; PEN UP

G0 X143.789 Y99.258   ; RAPID TO START
G1 Z0.00 F500    ; PEN DOWN
G4 P100           ; DWELL
G1 X143.789 Y97.383 F7200  ; DRAW LINE
G1 X145.664 Y97.500 F7200  ; DRAW LINE
G1 X145.898 Y98.672 F7200  ; DRAW LINE
G1 X145.430 Y99.258 F7200  ; DRAW LINE
G1 X143.789 Y99.258 F7200  ; DRAW LINE
G0 Z5.00               ; PEN UP

G0 X148.477 Y100.664   ; RAPID TO START
G1 Z0.00 F500    ; PEN DOWN
G4 P100           ; DWELL
G1 X150.117 Y100.605 F7200  ; DRAW LINE
G1 X150.117 Y95.801 F7200  ; DRAW LINE
G1 X150.645 Y94.805 F7200  ; DRAW LINE
G1 X151.816 Y94.688 F7200  ; DRAW LINE
G1 X152.578 Y95.801 F7200  ; DRAW LINE
G1 X152.578 Y100.664 F7200  ; DRAW LINE
G1 X154.219 Y100.605 F7200  ; DRAW LINE
G1 X154.219 Y95.215 F7200  ; DRAW LINE
G1 X153.060 Y93.562 F7200  ; DRAW LINE
G1 X150.645 Y93.164 F7200  ; DRAW LINE
G1 X148.948 Y94.209 F7200  ; DRAW LINE
G1 X148.477 Y95.332 F7200  ; DRAW LINE
G1 X148.477 Y100.664 F7200  ; DRAW LINE
G0 Z5.00               ; PEN UP

G0 X161.953 Y100.664   ; RAPID TO START
G1 Z0.00 F500    ; PEN DOWN
G4 P100           ; DWELL
G1 X166.875 Y100.605 F7200  ; DRAW LINE
G1 X166.699 Y99.258 F7200  ; DRAW LINE
G1 X163.594 Y99.258 F7200  ; DRAW LINE
G1 X163.594 Y97.852 F7200  ; DRAW LINE
G1 X166.289 Y97.852 F7200  ; DRAW LINE
G1 X166.289 Y96.445 F7200  ; DRAW LINE
G1 X163.594 Y96.270 F7200  ; DRAW LINE
G1 X163.594 Y94.688 F7200  ; DRAW LINE
G1 X166.875 Y94.688 F7200  ; DRAW LINE
G1 X166.875 Y93.281 F7200  ; DRAW LINE
G1 X161.953 Y93.281 F7200  ; DRAW LINE
G1 X161.953 Y100.664 F7200  ; DRAW LINE
G0 Z5.00               ; PEN UP

G0 X5.215 Y99.609   ; RAPID TO START
G1 Z0.00 F500    ; PEN DOWN
G4 P100           ; DWELL
G1 X13.301 Y99.609 F7200  ; DRAW LINE
G1 X13.477 Y91.348 F7200  ; DRAW LINE
G1 X5.039 Y91.289 F7200  ; DRAW LINE
G1 X5.215 Y99.609 F7200  ; DRAW LINE
G0 Z5.00               ; PEN UP

G0 X15.117 Y99.375   ; RAPID TO START
G1 Z0.00 F500    ; PEN DOWN
G4 P100           ; DWELL
G1 X23.320 Y99.375 F7200  ; DRAW LINE
G1 X23.320 Y91.289 F7200  ; DRAW LINE
G1 X15.293 Y91.289 F7200  ; DRAW LINE
G1 X15.117 Y99.375 F7200  ; DRAW LINE
G0 Z5.00               ; PEN UP

G0 X112.266 Y99.258   ; RAPID TO START
G1 Z0.00 F500    ; PEN DOWN
G4 P100           ; DWELL
G1 X112.711 Y99.284 F7200  ; DRAW LINE
G1 X112.734 Y98.848 F7200  ; DRAW LINE
G1 X112.441 Y98.672 F7200  ; DRAW LINE
G1 X112.266 Y99.258 F7200  ; DRAW LINE
G0 Z5.00               ; PEN UP

G0 X25.488 Y99.141   ; RAPID TO START
G1 Z0.00 F500    ; PEN DOWN
G4 P100           ; DWELL
G1 X32.695 Y99.141 F7200  ; DRAW LINE
G1 X32.695 Y91.641 F7200  ; DRAW LINE
G1 X25.313 Y91.816 F7200  ; DRAW LINE
G1 X25.488 Y99.141 F7200  ; DRAW LINE
G0 Z5.00               ; PEN UP

G0 X79.336 Y99.023   ; RAPID TO START
G1 Z0.00 F500    ; PEN DOWN
G4 P100           ; DWELL
G1 X80.429 Y98.949 F7200  ; DRAW LINE
G1 X80.859 Y98.262 F7200  ; DRAW LINE
G1 X80.566 Y97.852 F7200  ; DRAW LINE
G1 X79.336 Y97.852 F7200  ; DRAW LINE
G1 X79.336 Y99.023 F7200  ; DRAW LINE
G0 Z5.00               ; PEN UP

G0 X128.965 Y99.023   ; RAPID TO START
G1 Z0.00 F500    ; PEN DOWN
G4 P100           ; DWELL
G1 X129.630 Y98.915 F7200  ; DRAW LINE
G1 X129.961 Y98.379 F7200  ; DRAW LINE
G1 X129.961 Y95.566 F7200  ; DRAW LINE
G1 X129.249 Y94.900 F7200  ; DRAW LINE
G1 X128.675 Y94.978 F7200  ; DRAW LINE
G1 X128.320 Y95.449 F7200  ; DRAW LINE
G1 X128.320 Y98.496 F7200  ; DRAW LINE
G1 X128.965 Y99.023 F7200  ; DRAW LINE
G0 Z5.00               ; PEN UP

G0 X170.098 Y99.023   ; RAPID TO START
G1 Z0.00 F500    ; PEN DOWN
G4 P100           ; DWELL
G1 X171.445 Y98.730 F7200  ; DRAW LINE
G1 X171.563 Y98.262 F7200  ; DRAW LINE
G1 X171.270 Y97.852 F7200  ; DRAW LINE
G1 X170.098 Y97.852 F7200  ; DRAW LINE
G1 X169.854 Y98.447 F7200  ; DRAW LINE
G1 X170.098 Y99.023 F7200  ; DRAW LINE
G0 Z5.00               ; PEN UP

G0 X144.141 Y98.906   ; RAPID TO START
G1 Z0.00 F500    ; PEN DOWN
G4 P100           ; DWELL
G1 X145.254 Y98.906 F7200  ; DRAW LINE
G1 X145.664 Y98.496 F7200  ; DRAW LINE
G1 X145.550 Y97.872 F7200  ; DRAW LINE
G1 X144.141 Y97.617 F7200  ; DRAW LINE
G1 X144.141 Y98.906 F7200  ; DRAW LINE
G0 Z5.00               ; PEN UP

G0 X34.805 Y98.789   ; RAPID TO START
G1 Z0.00 F500    ; PEN DOWN
G4 P100           ; DWELL
G1 X41.367 Y98.789 F7200  ; DRAW LINE
G1 X41.367 Y92.109 F7200  ; DRAW LINE
G1 X34.805 Y92.285 F7200  ; DRAW LINE
G1 X34.805 Y98.789 F7200  ; DRAW LINE
G0 Z5.00               ; PEN UP

G0 X97.207 Y97.148   ; RAPID TO START
G1 Z0.00 F500    ; PEN DOWN
G4 P100           ; DWELL
G1 X97.617 Y96.094 F7200  ; DRAW LINE
G1 X96.914 Y96.094 F7200  ; DRAW LINE
G1 X97.207 Y97.148 F7200  ; DRAW LINE
G0 Z5.00               ; PEN UP

G0 X111.973 Y95.859   ; RAPID TO START
G1 Z0.00 F500    ; PEN DOWN
G4 P100           ; DWELL
G1 X112.852 Y94.980 F7200  ; DRAW LINE
G1 X112.559 Y94.805 F7200  ; DRAW LINE
G1 X111.914 Y95.098 F7200  ; DRAW LINE
G1 X111.973 Y95.859 F7200  ; DRAW LINE
G0 Z5.00               ; PEN UP

G0 X144.199 Y88.242   ; RAPID TO START
G1 Z0.00 F500    ; PEN DOWN
G4 P100           ; DWELL
G1 X146.279 Y87.779 F7200  ; DRAW LINE
G1 X147.110 Y86.873 F7200  ; DRAW LINE
G1 X147.405 Y85.956 F7200  ; DRAW LINE
G1 X145.840 Y85.781 F7200  ; DRAW LINE
G1 X145.137 Y86.602 F7200  ; DRAW LINE
G1 X144.434 Y86.719 F7200  ; DRAW LINE
G1 X143.438 Y85.957 F7200  ; DRAW LINE
G1 X143.438 Y82.793 F7200  ; DRAW LINE
G1 X144.082 Y82.031 F7200  ; DRAW LINE
G1 X144.785 Y81.914 F7200  ; DRAW LINE
G1 X145.547 Y82.266 F7200  ; DRAW LINE
G1 X145.781 Y83.438 F7200  ; DRAW LINE
G1 X144.727 Y83.438 F7200  ; DRAW LINE
G1 X144.727 Y84.727 F7200  ; DRAW LINE
G1 X147.422 Y84.727 F7200  ; DRAW LINE
G1 X147.422 Y82.441 F7200  ; DRAW LINE
G1 X147.122 Y81.757 F7200  ; DRAW LINE
G1 X146.245 Y80.841 F7200  ; DRAW LINE
G1 X145.045 Y80.459 F7200  ; DRAW LINE
G1 X143.730 Y80.508 F7200  ; DRAW LINE
G1 X142.266 Y81.387 F7200  ; DRAW LINE
G1 X141.680 Y82.676 F7200  ; DRAW LINE
G1 X141.858 Y86.669 F7200  ; DRAW LINE
G1 X142.676 Y87.656 F7200  ; DRAW LINE
G1 X144.199 Y88.242 F7200  ; DRAW LINE
G0 Z5.00               ; PEN UP

G0 X77.520 Y88.125   ; RAPID TO START
G1 Z0.00 F500    ; PEN DOWN
G4 P100           ; DWELL
G1 X82.383 Y87.949 F7200  ; DRAW LINE
G1 X82.207 Y86.602 F7200  ; DRAW LINE
G1 X79.102 Y86.602 F7200  ; DRAW LINE
G1 X79.102 Y85.195 F7200  ; DRAW LINE
G1 X81.797 Y85.078 F7200  ; DRAW LINE
G1 X81.797 Y83.789 F7200  ; DRAW LINE
G1 X79.181 Y83.722 F7200  ; DRAW LINE
G1 X79.102 Y82.090 F7200  ; DRAW LINE
G1 X82.383 Y81.914 F7200  ; DRAW LINE
G1 X82.383 Y80.508 F7200  ; DRAW LINE
G1 X77.344 Y80.508 F7200  ; DRAW LINE
G1 X77.520 Y88.125 F7200  ; DRAW LINE
G0 Z5.00               ; PEN UP

G0 X83.906 Y88.125   ; RAPID TO START
G1 Z0.00 F500    ; PEN DOWN
G4 P100           ; DWELL
G1 X85.371 Y88.125 F7200  ; DRAW LINE
G1 X88.418 Y84.023 F7200  ; DRAW LINE
G1 X88.594 Y88.125 F7200  ; DRAW LINE
G1 X90.352 Y87.949 F7200  ; DRAW LINE
G1 X90.293 Y80.508 F7200  ; DRAW LINE
G1 X88.652 Y80.508 F7200  ; DRAW LINE
G1 X85.723 Y84.609 F7200  ; DRAW LINE
G1 X85.664 Y80.508 F7200  ; DRAW LINE
G1 X83.906 Y80.566 F7200  ; DRAW LINE
G1 X83.906 Y88.125 F7200  ; DRAW LINE
G0 Z5.00               ; PEN UP

G0 X94.043 Y88.125   ; RAPID TO START
G1 Z0.00 F500    ; PEN DOWN
G4 P100           ; DWELL
G1 X96.334 Y87.814 F7200  ; DRAW LINE
G1 X97.606 Y86.366 F7200  ; DRAW LINE
G1 X97.617 Y85.781 F7200  ; DRAW LINE
G1 X95.918 Y85.781 F7200  ; DRAW LINE
G1 X95.490 Y86.502 F7200  ; DRAW LINE
G1 X94.395 Y86.602 F7200  ; DRAW LINE
G1 X93.867 Y86.367 F7200  ; DRAW LINE
G1 X93.633 Y85.840 F7200  ; DRAW LINE
G1 X93.633 Y82.676 F7200  ; DRAW LINE
G1 X94.160 Y82.031 F7200  ; DRAW LINE
G1 X95.098 Y81.914 F7200  ; DRAW LINE
G1 X95.859 Y82.441 F7200  ; DRAW LINE
G1 X95.977 Y83.438 F7200  ; DRAW LINE
G1 X94.805 Y83.438 F7200  ; DRAW LINE
G1 X94.805 Y84.727 F7200  ; DRAW LINE
G1 X97.734 Y84.727 F7200  ; DRAW LINE
G1 X97.479 Y81.782 F7200  ; DRAW LINE
G1 X96.572 Y80.838 F7200  ; DRAW LINE
G1 X95.730 Y80.461 F7200  ; DRAW LINE
G1 X94.277 Y80.391 F7200  ; DRAW LINE
G1 X93.274 Y80.700 F7200  ; DRAW LINE
G1 X92.515 Y81.253 F7200  ; DRAW LINE
G1 X91.875 Y82.324 F7200  ; DRAW LINE
G1 X91.875 Y86.191 F7200  ; DRAW LINE
G1 X92.754 Y87.539 F7200  ; DRAW LINE
G1 X94.043 Y88.125 F7200  ; DRAW LINE
G0 Z5.00               ; PEN UP

G0 X99.434 Y88.125   ; RAPID TO START
G1 Z0.00 F500    ; PEN DOWN
G4 P100           ; DWELL
G1 X101.133 Y87.949 F7200  ; DRAW LINE
G1 X100.957 Y80.508 F7200  ; DRAW LINE
G1 X99.258 Y80.566 F7200  ; DRAW LINE
G1 X99.434 Y88.125 F7200  ; DRAW LINE
G0 Z5.00               ; PEN UP

G0 X102.891 Y88.125   ; RAPID TO START
G1 Z0.00 F500    ; PEN DOWN
G4 P100           ; DWELL
G1 X104.355 Y88.125 F7200  ; DRAW LINE
G1 X107.285 Y84.023 F7200  ; DRAW LINE
G1 X107.461 Y87.949 F7200  ; DRAW LINE
G1 X109.219 Y87.949 F7200  ; DRAW LINE
G1 X109.219 Y80.508 F7200  ; DRAW LINE
G1 X107.637 Y80.508 F7200  ; DRAW LINE
G1 X104.707 Y84.609 F7200  ; DRAW LINE
G1 X104.640 Y80.622 F7200  ; DRAW LINE
G1 X102.891 Y80.566 F7200  ; DRAW LINE
G1 X102.891 Y88.125 F7200  ; DRAW LINE
G0 Z5.00               ; PEN UP

G0 X110.742 Y88.125   ; RAPID TO START
G1 Z0.00 F500    ; PEN DOWN
G4 P100           ; DWELL
G1 X115.664 Y88.066 F7200  ; DRAW LINE
G1 X115.664 Y86.602 F7200  ; DRAW LINE
G1 X112.559 Y86.602 F7200  ; DRAW LINE
G1 X112.383 Y85.371 F7200  ; DRAW LINE
G1 X115.195 Y85.195 F7200  ; DRAW LINE
G1 X115.195 Y83.789 F7200  ; DRAW LINE
G1 X112.500 Y83.789 F7200  ; DRAW LINE
G1 X112.500 Y82.031 F7200  ; DRAW LINE
G1 X115.781 Y81.914 F7200  ; DRAW LINE
G1 X115.723 Y80.508 F7200  ; DRAW LINE
G1 X110.742 Y80.508 F7200  ; DRAW LINE
G1 X110.742 Y88.125 F7200  ; DRAW LINE
G0 Z5.00               ; PEN UP

G0 X117.246 Y88.125   ; RAPID TO START
G1 Z0.00 F500    ; PEN DOWN
G4 P100           ; DWELL
G1 X121.992 Y88.066 F7200  ; DRAW LINE
G1 X121.992 Y86.602 F7200  ; DRAW LINE
G1 X118.828 Y86.602 F7200  ; DRAW LINE
G1 X118.749 Y85.286 F7200  ; DRAW LINE
G1 X121.348 Y85.195 F7200  ; DRAW LINE
G1 X121.523 Y83.789 F7200  ; DRAW LINE
G1 X118.711 Y83.672 F7200  ; DRAW LINE
G1 X118.711 Y82.207 F7200  ; DRAW LINE
G1 X122.109 Y82.031 F7200  ; DRAW LINE
G1 X122.051 Y80.508 F7200  ; DRAW LINE
G1 X117.070 Y80.508 F7200  ; DRAW LINE
G1 X117.246 Y88.125 F7200  ; DRAW LINE
G0 Z5.00               ; PEN UP

G0 X123.398 Y88.125   ; RAPID TO START
G1 Z0.00 F500    ; PEN DOWN
G4 P100           ; DWELL
G1 X127.207 Y88.008 F7200  ; DRAW LINE
G1 X128.555 Y87.129 F7200  ; DRAW LINE
G1 X128.937 Y86.316 F7200  ; DRAW LINE
G1 X128.967 Y85.193 F7200  ; DRAW LINE
G1 X128.510 Y84.244 F7200  ; DRAW LINE
G1 X127.734 Y83.789 F7200  ; DRAW LINE
G1 X129.258 Y80.508 F7200  ; DRAW LINE
G1 X127.441 Y80.508 F7200  ; DRAW LINE
G1 X125.801 Y83.438 F7200  ; DRAW LINE
G1 X125.476 Y83.481 F7200  ; DRAW LINE
G1 X125.039 Y83.262 F7200  ; DRAW LINE
G1 X125.039 Y80.508 F7200  ; DRAW LINE
G1 X123.281 Y80.684 F7200  ; DRAW LINE
G1 X123.398 Y88.125 F7200  ; DRAW LINE
G0 Z5.00               ; PEN UP

G0 X125.039 Y86.602   ; RAPID TO START
G1 Z0.00 F500    ; PEN DOWN
G4 P100           ; DWELL
G1 X125.039 Y84.844 F7200  ; DRAW LINE
G1 X126.323 Y84.708 F7200  ; DRAW LINE
G1 X127.266 Y85.313 F7200  ; DRAW LINE
G1 X127.148 Y86.133 F7200  ; DRAW LINE
G1 X126.680 Y86.602 F7200  ; DRAW LINE
G1 X125.039 Y86.602 F7200  ; DRAW LINE
G0 Z5.00               ; PEN UP

G0 X130.605 Y88.125   ; RAPID TO START
G1 Z0.00 F500    ; PEN DOWN
G4 P100           ; DWELL
G1 X132.305 Y87.949 F7200  ; DRAW LINE
G1 X132.246 Y80.508 F7200  ; DRAW LINE
G1 X130.430 Y80.508 F7200  ; DRAW LINE
G1 X130.605 Y88.125 F7200  ; DRAW LINE
G0 Z5.00               ; PEN UP

G0 X134.063 Y88.125   ; RAPID TO START
G1 Z0.00 F500    ; PEN DOWN
G4 P100           ; DWELL
G1 X135.527 Y88.125 F7200  ; DRAW LINE
G1 X138.457 Y84.023 F7200  ; DRAW LINE
G1 X138.633 Y88.125 F7200  ; DRAW LINE
G1 X140.391 Y87.949 F7200  ; DRAW LINE
G1 X140.332 Y80.508 F7200  ; DRAW LINE
G1 X138.809 Y80.508 F7200  ; DRAW LINE
G1 X135.879 Y84.609 F7200  ; DRAW LINE
G1 X135.820 Y80.684 F7200  ; DRAW LINE
G1 X134.063 Y80.508 F7200  ; DRAW LINE
G1 X134.063 Y88.125 F7200  ; DRAW LINE
G0 Z5.00               ; PEN UP

G0 X5.039 Y86.953   ; RAPID TO START
G1 Z0.00 F500    ; PEN DOWN
G4 P100           ; DWELL
G1 X13.301 Y86.953 F7200  ; DRAW LINE
G1 X13.477 Y78.809 F7200  ; DRAW LINE
G1 X5.039 Y78.633 F7200  ; DRAW LINE
G1 X5.039 Y86.953 F7200  ; DRAW LINE
G0 Z5.00               ; PEN UP

G0 X15.234 Y86.719   ; RAPID TO START
G1 Z0.00 F500    ; PEN DOWN
G4 P100           ; DWELL
G1 X23.320 Y86.719 F7200  ; DRAW LINE
G1 X23.379 Y78.750 F7200  ; DRAW LINE
G1 X15.234 Y78.750 F7200  ; DRAW LINE
G1 X15.234 Y86.719 F7200  ; DRAW LINE
G0 Z5.00               ; PEN UP

G0 X25.430 Y86.367   ; RAPID TO START
G1 Z0.00 F500    ; PEN DOWN
G4 P100           ; DWELL
G1 X32.695 Y86.367 F7200  ; DRAW LINE
G1 X32.695 Y78.867 F7200  ; DRAW LINE
G1 X25.430 Y78.867 F7200  ; DRAW LINE
G1 X25.430 Y86.367 F7200  ; DRAW LINE
G0 Z5.00               ; PEN UP

G0 X125.391 Y86.250   ; RAPID TO START
G1 Z0.00 F500    ; PEN DOWN
G4 P100           ; DWELL
G1 X126.621 Y86.250 F7200  ; DRAW LINE
G1 X126.914 Y85.957 F7200  ; DRAW LINE
G1 X126.797 Y85.195 F7200  ; DRAW LINE
G1 X125.391 Y85.078 F7200  ; DRAW LINE
G1 X125.391 Y86.250 F7200  ; DRAW LINE
G0 Z5.00               ; PEN UP

G0 X34.980 Y85.898   ; RAPID TO START
G1 Z0.00 F500    ; PEN DOWN
G4 P100           ; DWELL
G1 X41.367 Y85.898 F7200  ; DRAW LINE
G1 X41.367 Y79.219 F7200  ; DRAW LINE
G1 X34.805 Y79.395 F7200  ; DRAW LINE
G1 X34.980 Y85.898 F7200  ; DRAW LINE
G0 Z5.00               ; PEN UP

G0 X4.102 Y76.055   ; RAPID TO START
G1 Z0.00 F500    ; PEN DOWN
G4 P100           ; DWELL
G1 X65.391 Y75.879 F7200  ; DRAW LINE
G1 X63.750 Y65.742 F7200  ; DRAW LINE
G1 X4.160 Y65.742 F7200  ; DRAW LINE
G1 X4.102 Y76.055 F7200  ; DRAW LINE
G0 Z5.00               ; PEN UP

G0 X16.055 Y69.844   ; RAPID TO START
G1 Z0.00 F500    ; PEN DOWN
G4 P100           ; DWELL
G1 X16.055 Y67.617 F7200  ; DRAW LINE
G1 X16.406 Y67.617 F7200  ; DRAW LINE
G1 X16.406 Y68.438 F7200  ; DRAW LINE
G1 X18.398 Y68.555 F7200  ; DRAW LINE
G1 X18.281 Y69.844 F7200  ; DRAW LINE
G1 X16.055 Y69.844 F7200  ; DRAW LINE
G0 Z5.00               ; PEN UP

G0 X28.828 Y69.844   ; RAPID TO START
G1 Z0.00 F500    ; PEN DOWN
G4 P100           ; DWELL
G1 X28.828 Y67.617 F7200  ; DRAW LINE
G1 X29.297 Y67.617 F7200  ; DRAW LINE
G1 X29.297 Y69.727 F7200  ; DRAW LINE
G1 X28.828 Y69.844 F7200  ; DRAW LINE
G0 Z5.00               ; PEN UP

G0 X43.945 Y69.844   ; RAPID TO START
G1 Z0.00 F500    ; PEN DOWN
G4 P100           ; DWELL
G1 X43.436 Y69.312 F7200  ; DRAW LINE
G1 X43.477 Y67.852 F7200  ; DRAW LINE
G1 X43.828 Y67.617 F7200  ; DRAW LINE
G1 X45.825 Y67.687 F7200  ; DRAW LINE
G1 X45.956 Y68.303 F7200  ; DRAW LINE
G1 X45.731 Y68.498 F7200  ; DRAW LINE
G1 X45.352 Y67.969 F7200  ; DRAW LINE
G1 X43.945 Y68.086 F7200  ; DRAW LINE
G1 X43.945 Y69.492 F7200  ; DRAW LINE
G1 X45.352 Y69.492 F7200  ; DRAW LINE
G1 X45.649 Y68.946 F7200  ; DRAW LINE
G1 X45.938 Y69.023 F7200  ; DRAW LINE
G1 X45.820 Y69.727 F7200  ; DRAW LINE
G1 X43.945 Y69.844 F7200  ; DRAW LINE
G0 Z5.00               ; PEN UP

G0 X6.445 Y69.727   ; RAPID TO START
G1 Z0.00 F500    ; PEN DOWN
G4 P100           ; DWELL
G1 X6.680 Y69.375 F7200  ; DRAW LINE
G1 X7.500 Y69.375 F7200  ; DRAW LINE
G1 X7.500 Y67.617 F7200  ; DRAW LINE
G1 X7.969 Y67.734 F7200  ; DRAW LINE
G1 X7.852 Y69.141 F7200  ; DRAW LINE
G1 X8.906 Y69.375 F7200  ; DRAW LINE
G1 X8.906 Y69.727 F7200  ; DRAW LINE
G1 X6.445 Y69.727 F7200  ; DRAW LINE
G0 Z5.00               ; PEN UP

G0 X9.492 Y69.492   ; RAPID TO START
G1 Z0.00 F500    ; PEN DOWN
G4 P100           ; DWELL
G1 X9.258 Y69.258 F7200  ; DRAW LINE
G1 X9.375 Y67.617 F7200  ; DRAW LINE
G1 X9.756 Y67.646 F7200  ; DRAW LINE
G1 X9.961 Y68.438 F7200  ; DRAW LINE
G1 X11.133 Y68.438 F7200  ; DRAW LINE
G1 X11.149 Y67.789 F7200  ; DRAW LINE
G1 X11.602 Y67.734 F7200  ; DRAW LINE
G1 X11.484 Y69.492 F7200  ; DRAW LINE
G1 X11.133 Y69.492 F7200  ; DRAW LINE
G1 X11.133 Y68.789 F7200  ; DRAW LINE
G1 X9.727 Y68.789 F7200  ; DRAW LINE
G1 X9.492 Y69.492 F7200  ; DRAW LINE
G0 Z5.00               ; PEN UP

G0 X12.070 Y69.492   ; RAPID TO START
G1 Z0.00 F500    ; PEN DOWN
G4 P100           ; DWELL
G1 X12.070 Y67.617 F7200  ; DRAW LINE
G1 X14.063 Y67.617 F7200  ; DRAW LINE
G1 X14.063 Y67.969 F7200  ; DRAW LINE
G1 X12.539 Y67.969 F7200  ; DRAW LINE
G1 X12.422 Y68.203 F7200  ; DRAW LINE
G1 X13.359 Y68.438 F7200  ; DRAW LINE
G1 X13.359 Y68.789 F7200  ; DRAW LINE
G1 X12.539 Y68.789 F7200  ; DRAW LINE
G1 X12.656 Y69.141 F7200  ; DRAW LINE
G1 X13.945 Y69.141 F7200  ; DRAW LINE
G1 X13.945 Y69.492 F7200  ; DRAW LINE
G1 X12.070 Y69.492 F7200  ; DRAW LINE
G0 Z5.00               ; PEN UP

G0 X19.102 Y69.492   ; RAPID TO START
G1 Z0.00 F500    ; PEN DOWN
G4 P100           ; DWELL
G1 X18.867 Y69.258 F7200  ; DRAW LINE
G1 X18.914 Y67.711 F7200  ; DRAW LINE
G1 X19.336 Y67.617 F7200  ; DRAW LINE
G1 X19.336 Y68.320 F7200  ; DRAW LINE
G1 X19.805 Y68.320 F7200  ; DRAW LINE
G1 X20.625 Y67.617 F7200  ; DRAW LINE
G1 X21.094 Y67.617 F7200  ; DRAW LINE
G1 X20.391 Y68.203 F7200  ; DRAW LINE
G1 X21.047 Y68.564 F7200  ; DRAW LINE
G1 X20.742 Y69.492 F7200  ; DRAW LINE
G1 X19.102 Y69.492 F7200  ; DRAW LINE
G0 Z5.00               ; PEN UP

G0 X21.914 Y69.492   ; RAPID TO START
G1 Z0.00 F500    ; PEN DOWN
G4 P100           ; DWELL
G1 X21.445 Y69.141 F7200  ; DRAW LINE
G1 X21.445 Y67.734 F7200  ; DRAW LINE
G1 X23.555 Y67.617 F7200  ; DRAW LINE
G1 X23.672 Y69.375 F7200  ; DRAW LINE
G1 X21.914 Y69.492 F7200  ; DRAW LINE
G0 Z5.00               ; PEN UP

G0 X24.258 Y69.492   ; RAPID TO START
G1 Z0.00 F500    ; PEN DOWN
G4 P100           ; DWELL
G1 X24.258 Y67.617 F7200  ; DRAW LINE
G1 X24.609 Y67.617 F7200  ; DRAW LINE
G1 X24.609 Y68.320 F7200  ; DRAW LINE
G1 X25.561 Y68.524 F7200  ; DRAW LINE
G1 X24.609 Y68.906 F7200  ; DRAW LINE
G1 X26.133 Y69.141 F7200  ; DRAW LINE
G1 X26.133 Y69.492 F7200  ; DRAW LINE
G1 X24.258 Y69.492 F7200  ; DRAW LINE
G0 Z5.00               ; PEN UP

G0 X30.234 Y69.492   ; RAPID TO START
G1 Z0.00 F500    ; PEN DOWN
G4 P100           ; DWELL
G1 X29.883 Y69.141 F7200  ; DRAW LINE
G1 X29.948 Y68.550 F7200  ; DRAW LINE
G1 X31.641 Y68.438 F7200  ; DRAW LINE
G1 X31.641 Y67.969 F7200  ; DRAW LINE
G1 X30.469 Y67.852 F7200  ; DRAW LINE
G1 X30.234 Y68.203 F7200  ; DRAW LINE
G1 X29.883 Y68.086 F7200  ; DRAW LINE
G1 X30.000 Y67.734 F7200  ; DRAW LINE
G1 X31.997 Y67.687 F7200  ; DRAW LINE
G1 X32.109 Y68.438 F7200  ; DRAW LINE
G1 X31.758 Y68.789 F7200  ; DRAW LINE
G1 X30.469 Y68.789 F7200  ; DRAW LINE
G1 X30.352 Y69.141 F7200  ; DRAW LINE
G1 X31.641 Y69.141 F7200  ; DRAW LINE
G1 X31.978 Y68.850 F7200  ; DRAW LINE
G1 X31.875 Y69.492 F7200  ; DRAW LINE
G1 X30.234 Y69.492 F7200  ; DRAW LINE
G0 Z5.00               ; PEN UP

G0 X32.578 Y69.492   ; RAPID TO START
G1 Z0.00 F500    ; PEN DOWN
G4 P100           ; DWELL
G1 X32.578 Y67.617 F7200  ; DRAW LINE
G1 X32.930 Y67.617 F7200  ; DRAW LINE
G1 X32.930 Y68.320 F7200  ; DRAW LINE
G1 X33.516 Y68.320 F7200  ; DRAW LINE
G1 X34.219 Y67.617 F7200  ; DRAW LINE
G1 X34.688 Y67.617 F7200  ; DRAW LINE
G1 X33.984 Y68.203 F7200  ; DRAW LINE
G1 X34.584 Y68.564 F7200  ; DRAW LINE
G1 X34.336 Y69.492 F7200  ; DRAW LINE
G1 X32.578 Y69.492 F7200  ; DRAW LINE
G0 Z5.00               ; PEN UP

G0 X35.977 Y69.492   ; RAPID TO START
G1 Z0.00 F500    ; PEN DOWN
G4 P100           ; DWELL
G1 X34.798 Y67.576 F7200  ; DRAW LINE
G1 X35.273 Y67.617 F7200  ; DRAW LINE
G1 X35.625 Y68.086 F7200  ; DRAW LINE
G1 X36.563 Y68.086 F7200  ; DRAW LINE
G1 X36.797 Y67.676 F7200  ; DRAW LINE
G1 X37.266 Y67.617 F7200  ; DRAW LINE
G1 X35.977 Y69.492 F7200  ; DRAW LINE
G0 Z5.00               ; PEN UP

G0 X37.617 Y69.492   ; RAPID TO START
G1 Z0.00 F500    ; PEN DOWN
G4 P100           ; DWELL
G1 X37.617 Y67.617 F7200  ; DRAW LINE
G1 X39.609 Y67.617 F7200  ; DRAW LINE
G1 X39.609 Y67.969 F7200  ; DRAW LINE
G1 X37.969 Y67.969 F7200  ; DRAW LINE
G1 X38.203 Y68.438 F7200  ; DRAW LINE
G1 X38.906 Y68.438 F7200  ; DRAW LINE
G1 X38.906 Y68.789 F7200  ; DRAW LINE
G1 X37.969 Y68.789 F7200  ; DRAW LINE
G1 X38.086 Y69.141 F7200  ; DRAW LINE
G1 X39.492 Y69.141 F7200  ; DRAW LINE
G1 X39.492 Y69.492 F7200  ; DRAW LINE
G1 X37.617 Y69.492 F7200  ; DRAW LINE
G0 Z5.00               ; PEN UP

G0 X39.961 Y69.492   ; RAPID TO START
G1 Z0.00 F500    ; PEN DOWN
G4 P100           ; DWELL
G1 X39.961 Y67.617 F7200  ; DRAW LINE
G1 X41.836 Y67.617 F7200  ; DRAW LINE
G1 X41.836 Y67.969 F7200  ; DRAW LINE
G1 X40.313 Y67.969 F7200  ; DRAW LINE
G1 X40.313 Y69.375 F7200  ; DRAW LINE
G1 X39.961 Y69.492 F7200  ; DRAW LINE
G0 Z5.00               ; PEN UP

G0 X46.406 Y69.492   ; RAPID TO START
G1 Z0.00 F500    ; PEN DOWN
G4 P100           ; DWELL
G1 X46.406 Y67.734 F7200  ; DRAW LINE
G1 X48.281 Y67.617 F7200  ; DRAW LINE
G1 X48.559 Y67.842 F7200  ; DRAW LINE
G1 X48.633 Y69.023 F7200  ; DRAW LINE
G1 X48.164 Y69.492 F7200  ; DRAW LINE
G1 X46.406 Y69.492 F7200  ; DRAW LINE
G0 Z5.00               ; PEN UP

G0 X49.102 Y69.492   ; RAPID TO START
G1 Z0.00 F500    ; PEN DOWN
G4 P100           ; DWELL
G1 X49.102 Y67.617 F7200  ; DRAW LINE
G1 X51.094 Y67.617 F7200  ; DRAW LINE
G1 X51.094 Y67.969 F7200  ; DRAW LINE
G1 X49.453 Y67.969 F7200  ; DRAW LINE
G1 X49.453 Y68.438 F7200  ; DRAW LINE
G1 X50.391 Y68.438 F7200  ; DRAW LINE
G1 X50.391 Y68.789 F7200  ; DRAW LINE
G1 X49.453 Y68.789 F7200  ; DRAW LINE
G1 X49.453 Y69.141 F7200  ; DRAW LINE
G1 X50.977 Y69.141 F7200  ; DRAW LINE
G1 X50.977 Y69.492 F7200  ; DRAW LINE
G1 X49.102 Y69.492 F7200  ; DRAW LINE
G0 Z5.00               ; PEN UP

G0 X51.445 Y69.492   ; RAPID TO START
G1 Z0.00 F500    ; PEN DOWN
G4 P100           ; DWELL
G1 X51.445 Y67.617 F7200  ; DRAW LINE
G1 X51.797 Y67.617 F7200  ; DRAW LINE
G1 X51.797 Y68.320 F7200  ; DRAW LINE
G1 X52.383 Y68.320 F7200  ; DRAW LINE
G1 X53.555 Y67.617 F7200  ; DRAW LINE
G1 X52.969 Y68.203 F7200  ; DRAW LINE
G1 X53.438 Y68.438 F7200  ; DRAW LINE
G1 X53.438 Y69.375 F7200  ; DRAW LINE
G1 X51.445 Y69.492 F7200  ; DRAW LINE
G0 Z5.00               ; PEN UP

G0 X54.141 Y69.492   ; RAPID TO START
G1 Z0.00 F500    ; PEN DOWN
G4 P100           ; DWELL
G1 X53.906 Y69.258 F7200  ; DRAW LINE
G1 X53.906 Y67.734 F7200  ; DRAW LINE
G1 X56.016 Y67.734 F7200  ; DRAW LINE
G1 X55.781 Y69.492 F7200  ; DRAW LINE
G1 X54.141 Y69.492 F7200  ; DRAW LINE
G0 Z5.00               ; PEN UP

G0 X57.539 Y69.492   ; RAPID TO START
G1 Z0.00 F500    ; PEN DOWN
G4 P100           ; DWELL
G1 X56.250 Y67.617 F7200  ; DRAW LINE
G1 X57.773 Y68.086 F7200  ; DRAW LINE
G1 X58.711 Y67.617 F7200  ; DRAW LINE
G1 X57.539 Y69.492 F7200  ; DRAW LINE
G0 Z5.00               ; PEN UP

G0 X58.945 Y69.492   ; RAPID TO START
G1 Z0.00 F500    ; PEN DOWN
G4 P100           ; DWELL
G1 X58.945 Y67.734 F7200  ; DRAW LINE
G1 X60.938 Y67.734 F7200  ; DRAW LINE
G1 X60.938 Y69.492 F7200  ; DRAW LINE
G1 X60.586 Y69.375 F7200  ; DRAW LINE
G1 X60.586 Y67.969 F7200  ; DRAW LINE
G1 X59.297 Y67.969 F7200  ; DRAW LINE
G1 X59.297 Y69.375 F7200  ; DRAW LINE
G1 X58.945 Y69.492 F7200  ; DRAW LINE
G0 Z5.00               ; PEN UP

G0 X61.406 Y69.492   ; RAPID TO START
G1 Z0.00 F500    ; PEN DOWN
G4 P100           ; DWELL
G1 X61.406 Y67.617 F7200  ; DRAW LINE
G1 X61.758 Y67.617 F7200  ; DRAW LINE
G1 X61.875 Y68.789 F7200  ; DRAW LINE
G1 X62.695 Y67.852 F7200  ; DRAW LINE
G1 X63.398 Y68.672 F7200  ; DRAW LINE
G1 X63.398 Y67.617 F7200  ; DRAW LINE
G1 X63.750 Y67.617 F7200  ; DRAW LINE
G1 X63.750 Y69.375 F7200  ; DRAW LINE
G1 X63.516 Y69.492 F7200  ; DRAW LINE
G1 X62.461 Y68.438 F7200  ; DRAW LINE
G1 X61.406 Y69.492 F7200  ; DRAW LINE
G0 Z5.00               ; PEN UP

G0 X26.250 Y68.203   ; RAPID TO START
G1 Z0.00 F500    ; PEN DOWN
G4 P100           ; DWELL
G1 X26.279 Y67.588 F7200  ; DRAW LINE
G1 X26.836 Y67.617 F7200  ; DRAW LINE
G1 X26.865 Y68.174 F7200  ; DRAW LINE
G1 X26.250 Y68.203 F7200  ; DRAW LINE
G0 Z5.00               ; PEN UP

G0 X65.625 Y76.055   ; RAPID TO START
G1 Z0.00 F500    ; PEN DOWN
G4 P100           ; DWELL
G1 X132.070 Y75.996 F7200  ; DRAW LINE
G1 X129.727 Y65.859 F7200  ; DRAW LINE
G1 X125.391 Y65.684 F7200  ; DRAW LINE
G1 X121.992 Y51.738 F7200  ; DRAW LINE
G1 X125.156 Y51.563 F7200  ; DRAW LINE
G1 X123.516 Y44.180 F7200  ; DRAW LINE
G1 X122.285 Y44.063 F7200  ; DRAW LINE
G1 X60.117 Y44.238 F7200  ; DRAW LINE
G1 X61.406 Y51.563 F7200  ; DRAW LINE
G1 X68.438 Y51.738 F7200  ; DRAW LINE
G1 X71.367 Y65.742 F7200  ; DRAW LINE
G1 X64.043 Y65.742 F7200  ; DRAW LINE
G1 X65.625 Y76.055 F7200  ; DRAW LINE
G0 Z5.00               ; PEN UP

G0 X78.984 Y70.898   ; RAPID TO START
G1 Z0.00 F500    ; PEN DOWN
G4 P100           ; DWELL
G1 X77.578 Y69.141 F7200  ; DRAW LINE
G1 X76.523 Y63.633 F7200  ; DRAW LINE
G1 X74.648 Y63.633 F7200  ; DRAW LINE
G1 X74.648 Y68.906 F7200  ; DRAW LINE
G1 X77.461 Y68.906 F7200  ; DRAW LINE
G1 X77.461 Y69.141 F7200  ; DRAW LINE
G1 X74.531 Y69.141 F7200  ; DRAW LINE
G1 X74.297 Y68.906 F7200  ; DRAW LINE
G1 X74.414 Y63.633 F7200  ; DRAW LINE
G1 X72.832 Y63.457 F7200  ; DRAW LINE
G1 X72.891 Y63.047 F7200  ; DRAW LINE
G1 X73.359 Y62.813 F7200  ; DRAW LINE
G1 X71.133 Y55.195 F7200  ; DRAW LINE
G1 X70.402 Y54.825 F7200  ; DRAW LINE
G1 X70.430 Y54.375 F7200  ; DRAW LINE
G1 X73.828 Y54.375 F7200  ; DRAW LINE
G1 X73.964 Y54.867 F7200  ; DRAW LINE
G1 X73.711 Y55.078 F7200  ; DRAW LINE
G1 X74.414 Y57.422 F7200  ; DRAW LINE
G1 X74.648 Y56.250 F7200  ; DRAW LINE
G1 X74.531 Y57.773 F7200  ; DRAW LINE
G1 X74.766 Y58.008 F7200  ; DRAW LINE
G1 X77.695 Y58.008 F7200  ; DRAW LINE
G1 X76.964 Y55.107 F7200  ; DRAW LINE
G1 X76.289 Y54.844 F7200  ; DRAW LINE
G1 X76.406 Y54.375 F7200  ; DRAW LINE
G1 X79.805 Y54.375 F7200  ; DRAW LINE
G1 X79.570 Y55.664 F7200  ; DRAW LINE
G1 X81.708 Y62.688 F7200  ; DRAW LINE
G1 X82.500 Y63.281 F7200  ; DRAW LINE
G1 X82.383 Y63.633 F7200  ; DRAW LINE
G1 X78.731 Y63.553 F7200  ; DRAW LINE
G1 X78.633 Y63.047 F7200  ; DRAW LINE
G1 X79.102 Y62.695 F7200  ; DRAW LINE
G1 X78.398 Y60.117 F7200  ; DRAW LINE
G1 X76.523 Y60.117 F7200  ; DRAW LINE
G1 X77.813 Y68.320 F7200  ; DRAW LINE
G1 X78.984 Y70.313 F7200  ; DRAW LINE
G1 X80.039 Y65.859 F7200  ; DRAW LINE
G1 X80.977 Y64.219 F7200  ; DRAW LINE
G1 X81.797 Y64.336 F7200  ; DRAW LINE
G1 X82.687 Y65.747 F7200  ; DRAW LINE
G1 X83.320 Y65.859 F7200  ; DRAW LINE
G1 X83.320 Y63.516 F7200  ; DRAW LINE
G1 X84.375 Y63.398 F7200  ; DRAW LINE
G1 X85.313 Y64.219 F7200  ; DRAW LINE
G1 X85.664 Y63.516 F7200  ; DRAW LINE
G1 X84.141 Y62.813 F7200  ; DRAW LINE
G1 X83.086 Y61.758 F7200  ; DRAW LINE
G1 X82.617 Y60.820 F7200  ; DRAW LINE
G1 X82.734 Y59.180 F7200  ; DRAW LINE
G1 X83.958 Y58.315 F7200  ; DRAW LINE
G1 X87.070 Y57.656 F7200  ; DRAW LINE
G1 X87.188 Y57.305 F7200  ; DRAW LINE
G1 X86.283 Y56.545 F7200  ; DRAW LINE
G1 X84.459 Y56.503 F7200  ; DRAW LINE
G1 X83.353 Y56.934 F7200  ; DRAW LINE
G1 X82.969 Y57.305 F7200  ; DRAW LINE
G1 X83.086 Y57.773 F7200  ; DRAW LINE
G1 X82.617 Y58.008 F7200  ; DRAW LINE
G1 X80.625 Y55.078 F7200  ; DRAW LINE
G1 X83.672 Y54.375 F7200  ; DRAW LINE
G1 X86.484 Y54.492 F7200  ; DRAW LINE
G1 X88.322 Y55.280 F7200  ; DRAW LINE
G1 X89.414 Y56.367 F7200  ; DRAW LINE
G1 X89.766 Y57.305 F7200  ; DRAW LINE
G1 X89.648 Y58.828 F7200  ; DRAW LINE
G1 X88.770 Y59.678 F7200  ; DRAW LINE
G1 X87.539 Y60.117 F7200  ; DRAW LINE
G1 X87.656 Y61.406 F7200  ; DRAW LINE
G1 X87.422 Y61.289 F7200  ; DRAW LINE
G1 X87.422 Y60.117 F7200  ; DRAW LINE
G1 X85.664 Y60.469 F7200  ; DRAW LINE
G1 X85.313 Y60.938 F7200  ; DRAW LINE
G1 X86.250 Y61.641 F7200  ; DRAW LINE
G1 X87.715 Y61.670 F7200  ; DRAW LINE
G1 X88.828 Y61.289 F7200  ; DRAW LINE
G1 X89.063 Y60.469 F7200  ; DRAW LINE
G1 X89.648 Y60.352 F7200  ; DRAW LINE
G1 X91.172 Y62.930 F7200  ; DRAW LINE
G1 X91.055 Y63.398 F7200  ; DRAW LINE
G1 X90.352 Y63.047 F7200  ; DRAW LINE
G1 X88.008 Y63.750 F7200  ; DRAW LINE
G1 X85.898 Y63.633 F7200  ; DRAW LINE
G1 X85.430 Y64.688 F7200  ; DRAW LINE
G1 X83.906 Y63.750 F7200  ; DRAW LINE
G1 X83.672 Y63.867 F7200  ; DRAW LINE
G1 X83.438 Y66.328 F7200  ; DRAW LINE
G1 X82.617 Y66.211 F7200  ; DRAW LINE
G1 X81.680 Y64.805 F7200  ; DRAW LINE
G1 X81.211 Y64.570 F7200  ; DRAW LINE
G1 X80.859 Y64.805 F7200  ; DRAW LINE
G1 X79.805 Y69.258 F7200  ; DRAW LINE
G1 X78.984 Y70.898 F7200  ; DRAW LINE
G0 Z5.00               ; PEN UP

G0 X100.078 Y70.195   ; RAPID TO START
G1 Z0.00 F500    ; PEN DOWN
G4 P100           ; DWELL
G1 X100.078 Y63.750 F7200  ; DRAW LINE
G1 X100.313 Y63.633 F7200  ; DRAW LINE
G1 X100.313 Y69.961 F7200  ; DRAW LINE
G1 X115.430 Y69.961 F7200  ; DRAW LINE
G1 X115.547 Y63.633 F7200  ; DRAW LINE
G1 X114.375 Y63.633 F7200  ; DRAW LINE
G1 X114.141 Y60.938 F7200  ; DRAW LINE
G1 X112.383 Y55.078 F7200  ; DRAW LINE
G1 X111.680 Y54.492 F7200  ; DRAW LINE
G1 X118.242 Y54.548 F7200  ; DRAW LINE
G1 X119.648 Y53.906 F7200  ; DRAW LINE
G1 X120.586 Y56.719 F7200  ; DRAW LINE
G1 X120.469 Y57.188 F7200  ; DRAW LINE
G1 X119.414 Y56.602 F7200  ; DRAW LINE
G1 X115.547 Y56.602 F7200  ; DRAW LINE
G1 X116.484 Y59.766 F7200  ; DRAW LINE
G1 X118.125 Y58.594 F7200  ; DRAW LINE
G1 X120.000 Y58.184 F7200  ; DRAW LINE
G1 X120.586 Y58.477 F7200  ; DRAW LINE
G1 X121.641 Y60.000 F7200  ; DRAW LINE
G1 X122.900 Y61.061 F7200  ; DRAW LINE
G1 X122.461 Y61.289 F7200  ; DRAW LINE
G1 X121.758 Y60.938 F7200  ; DRAW LINE
G1 X120.000 Y58.711 F7200  ; DRAW LINE
G1 X118.688 Y58.823 F7200  ; DRAW LINE
G1 X116.602 Y60.234 F7200  ; DRAW LINE
G1 X117.305 Y62.930 F7200  ; DRAW LINE
G1 X117.891 Y63.164 F7200  ; DRAW LINE
G1 X117.891 Y63.633 F7200  ; DRAW LINE
G1 X115.664 Y63.633 F7200  ; DRAW LINE
G1 X115.664 Y70.195 F7200  ; DRAW LINE
G1 X100.078 Y70.195 F7200  ; DRAW LINE
G0 Z5.00               ; PEN UP

G0 X74.180 Y70.078   ; RAPID TO START
G1 Z0.00 F500    ; PEN DOWN
G4 P100           ; DWELL
G1 X73.359 Y69.961 F7200  ; DRAW LINE
G1 X73.359 Y63.750 F7200  ; DRAW LINE
G1 X73.711 Y64.102 F7200  ; DRAW LINE
G1 X73.594 Y69.492 F7200  ; DRAW LINE
G1 X73.828 Y69.727 F7200  ; DRAW LINE
G1 X77.695 Y69.727 F7200  ; DRAW LINE
G1 X77.813 Y70.078 F7200  ; DRAW LINE
G1 X74.180 Y70.078 F7200  ; DRAW LINE
G0 Z5.00               ; PEN UP

G0 X79.922 Y70.078   ; RAPID TO START
G1 Z0.00 F500    ; PEN DOWN
G4 P100           ; DWELL
G1 X79.688 Y69.844 F7200  ; DRAW LINE
G1 X79.922 Y69.727 F7200  ; DRAW LINE
G1 X88.242 Y69.727 F7200  ; DRAW LINE
G1 X88.359 Y63.750 F7200  ; DRAW LINE
G1 X88.594 Y63.750 F7200  ; DRAW LINE
G1 X88.477 Y70.078 F7200  ; DRAW LINE
G1 X79.922 Y70.078 F7200  ; DRAW LINE
G0 Z5.00               ; PEN UP

G0 X101.016 Y69.258   ; RAPID TO START
G1 Z0.00 F500    ; PEN DOWN
G4 P100           ; DWELL
G1 X101.133 Y63.516 F7200  ; DRAW LINE
G1 X95.742 Y63.516 F7200  ; DRAW LINE
G1 X95.625 Y63.047 F7200  ; DRAW LINE
G1 X96.094 Y62.813 F7200  ; DRAW LINE
G1 X93.867 Y55.195 F7200  ; DRAW LINE
G1 X93.164 Y54.961 F7200  ; DRAW LINE
G1 X93.164 Y54.492 F7200  ; DRAW LINE
G1 X98.672 Y54.492 F7200  ; DRAW LINE
G1 X101.367 Y55.547 F7200  ; DRAW LINE
G1 X102.511 Y56.841 F7200  ; DRAW LINE
G1 X103.466 Y58.932 F7200  ; DRAW LINE
G1 X103.669 Y60.895 F7200  ; DRAW LINE
G1 X103.008 Y62.344 F7200  ; DRAW LINE
G1 X104.180 Y64.688 F7200  ; DRAW LINE
G1 X104.648 Y65.039 F7200  ; DRAW LINE
G1 X105.117 Y64.219 F7200  ; DRAW LINE
G1 X105.703 Y63.984 F7200  ; DRAW LINE
G1 X106.523 Y64.219 F7200  ; DRAW LINE
G1 X108.516 Y66.445 F7200  ; DRAW LINE
G1 X108.750 Y66.445 F7200  ; DRAW LINE
G1 X108.984 Y63.633 F7200  ; DRAW LINE
G1 X107.314 Y63.398 F7200  ; DRAW LINE
G1 X105.872 Y62.550 F7200  ; DRAW LINE
G1 X104.855 Y61.270 F7200  ; DRAW LINE
G1 X104.573 Y59.977 F7200  ; DRAW LINE
G1 X104.883 Y59.063 F7200  ; DRAW LINE
G1 X105.938 Y58.359 F7200  ; DRAW LINE
G1 X108.516 Y57.891 F7200  ; DRAW LINE
G1 X109.102 Y57.422 F7200  ; DRAW LINE
G1 X108.984 Y56.953 F7200  ; DRAW LINE
G1 X107.930 Y56.484 F7200  ; DRAW LINE
G1 X106.143 Y56.543 F7200  ; DRAW LINE
G1 X105.000 Y57.188 F7200  ; DRAW LINE
G1 X105.005 Y57.942 F7200  ; DRAW LINE
G1 X104.414 Y58.008 F7200  ; DRAW LINE
G1 X102.773 Y55.313 F7200  ; DRAW LINE
G1 X103.008 Y54.844 F7200  ; DRAW LINE
G1 X103.359 Y55.078 F7200  ; DRAW LINE
G1 X106.555 Y54.346 F7200  ; DRAW LINE
G1 X108.225 Y54.469 F7200  ; DRAW LINE
G1 X110.025 Y55.125 F7200  ; DRAW LINE
G1 X111.554 Y56.878 F7200  ; DRAW LINE
G1 X111.814 Y57.766 F7200  ; DRAW LINE
G1 X111.674 Y58.835 F7200  ; DRAW LINE
G1 X110.625 Y59.883 F7200  ; DRAW LINE
G1 X107.578 Y60.586 F7200  ; DRAW LINE
G1 X107.344 Y60.938 F7200  ; DRAW LINE
G1 X107.930 Y61.523 F7200  ; DRAW LINE
G1 X109.280 Y61.744 F7200  ; DRAW LINE
G1 X110.852 Y61.355 F7200  ; DRAW LINE
G1 X111.211 Y60.469 F7200  ; DRAW LINE
G1 X111.680 Y60.586 F7200  ; DRAW LINE
G1 X113.203 Y63.047 F7200  ; DRAW LINE
G1 X113.086 Y63.398 F7200  ; DRAW LINE
G1 X112.148 Y63.164 F7200  ; DRAW LINE
G1 X110.977 Y63.633 F7200  ; DRAW LINE
G1 X109.336 Y63.750 F7200  ; DRAW LINE
G1 X108.984 Y66.797 F7200  ; DRAW LINE
G1 X107.936 Y66.512 F7200  ; DRAW LINE
G1 X106.055 Y64.453 F7200  ; DRAW LINE
G1 X105.586 Y64.453 F7200  ; DRAW LINE
G1 X104.766 Y65.508 F7200  ; DRAW LINE
G1 X104.297 Y65.391 F7200  ; DRAW LINE
G1 X102.656 Y62.813 F7200  ; DRAW LINE
G1 X101.250 Y63.398 F7200  ; DRAW LINE
G1 X101.250 Y69.023 F7200  ; DRAW LINE
G1 X114.375 Y69.023 F7200  ; DRAW LINE
G1 X114.580 Y63.691 F7200  ; DRAW LINE
G1 X114.609 Y69.258 F7200  ; DRAW LINE
G1 X101.016 Y69.258 F7200  ; DRAW LINE
G0 Z5.00               ; PEN UP

G0 X78.398 Y69.141   ; RAPID TO START
G1 Z0.00 F500    ; PEN DOWN
G4 P100           ; DWELL
G1 X78.281 Y68.906 F7200  ; DRAW LINE
G1 X79.219 Y68.906 F7200  ; DRAW LINE
G1 X78.398 Y69.141 F7200  ; DRAW LINE
G0 Z5.00               ; PEN UP

G0 X80.039 Y69.141   ; RAPID TO START
G1 Z0.00 F500    ; PEN DOWN
G4 P100           ; DWELL
G1 X80.156 Y68.906 F7200  ; DRAW LINE
G1 X87.305 Y68.906 F7200  ; DRAW LINE
G1 X87.422 Y63.867 F7200  ; DRAW LINE
G1 X87.656 Y63.984 F7200  ; DRAW LINE
G1 X87.539 Y69.141 F7200  ; DRAW LINE
G1 X80.039 Y69.141 F7200  ; DRAW LINE
G0 Z5.00               ; PEN UP

G0 X88.359 Y61.172   ; RAPID TO START
G1 Z0.00 F500    ; PEN DOWN
G4 P100           ; DWELL
G1 X88.564 Y59.824 F7200  ; DRAW LINE
G1 X88.711 Y61.055 F7200  ; DRAW LINE
G1 X88.359 Y61.172 F7200  ; DRAW LINE
G0 Z5.00               ; PEN UP

G0 X75.469 Y57.773   ; RAPID TO START
G1 Z0.00 F500    ; PEN DOWN
G4 P100           ; DWELL
G1 X73.706 Y53.686 F7200  ; DRAW LINE
G1 X70.459 Y47.813 F7200  ; DRAW LINE
G1 X70.781 Y47.813 F7200  ; DRAW LINE
G1 X71.719 Y49.102 F7200  ; DRAW LINE
G1 X74.414 Y54.023 F7200  ; DRAW LINE
G1 X75.938 Y57.422 F7200  ; DRAW LINE
G1 X75.879 Y57.803 F7200  ; DRAW LINE
G1 X75.469 Y57.773 F7200  ; DRAW LINE
G0 Z5.00               ; PEN UP

G0 X101.367 Y55.430   ; RAPID TO START
G1 Z0.00 F500    ; PEN DOWN
G4 P100           ; DWELL
G1 X101.133 Y55.195 F7200  ; DRAW LINE
G1 X101.016 Y46.875 F7200  ; DRAW LINE
G1 X88.008 Y46.875 F7200  ; DRAW LINE
G1 X87.773 Y46.992 F7200  ; DRAW LINE
G1 X87.773 Y49.688 F7200  ; DRAW LINE
G1 X87.539 Y49.805 F7200  ; DRAW LINE
G1 X87.539 Y46.641 F7200  ; DRAW LINE
G1 X101.367 Y46.641 F7200  ; DRAW LINE
G1 X101.367 Y55.430 F7200  ; DRAW LINE
G0 Z5.00               ; PEN UP

G0 X88.477 Y55.313   ; RAPID TO START
G1 Z0.00 F500    ; PEN DOWN
G4 P100           ; DWELL
G1 X88.477 Y50.391 F7200  ; DRAW LINE
G1 X88.711 Y50.391 F7200  ; DRAW LINE
G1 X88.711 Y55.195 F7200  ; DRAW LINE
G1 X88.477 Y55.313 F7200  ; DRAW LINE
G0 Z5.00               ; PEN UP

G0 X100.195 Y54.844   ; RAPID TO START
G1 Z0.00 F500    ; PEN DOWN
G4 P100           ; DWELL
G1 X98.438 Y50.625 F7200  ; DRAW LINE
G1 X97.734 Y50.039 F7200  ; DRAW LINE
G1 X96.797 Y50.508 F7200  ; DRAW LINE
G1 X96.563 Y51.797 F7200  ; DRAW LINE
G1 X96.094 Y52.383 F7200  ; DRAW LINE
G1 X95.156 Y52.031 F7200  ; DRAW LINE
G1 X94.570 Y52.148 F7200  ; DRAW LINE
G1 X93.848 Y52.992 F7200  ; DRAW LINE
G1 X90.872 Y50.311 F7200  ; DRAW LINE
G1 X89.428 Y50.089 F7200  ; DRAW LINE
G1 X88.069 Y50.306 F7200  ; DRAW LINE
G1 X86.836 Y51.445 F7200  ; DRAW LINE
G1 X86.602 Y54.258 F7200  ; DRAW LINE
G1 X86.250 Y54.375 F7200  ; DRAW LINE
G1 X86.250 Y51.797 F7200  ; DRAW LINE
G1 X86.953 Y50.391 F7200  ; DRAW LINE
G1 X88.242 Y49.805 F7200  ; DRAW LINE
G1 X90.703 Y49.805 F7200  ; DRAW LINE
G1 X91.875 Y50.391 F7200  ; DRAW LINE
G1 X93.450 Y52.387 F7200  ; DRAW LINE
G1 X93.984 Y52.500 F7200  ; DRAW LINE
G1 X94.570 Y51.680 F7200  ; DRAW LINE
G1 X95.977 Y51.914 F7200  ; DRAW LINE
G1 X96.563 Y50.039 F7200  ; DRAW LINE
G1 X97.266 Y49.688 F7200  ; DRAW LINE
G1 X98.203 Y49.805 F7200  ; DRAW LINE
G1 X99.141 Y50.977 F7200  ; DRAW LINE
G1 X100.430 Y54.492 F7200  ; DRAW LINE
G1 X100.195 Y54.844 F7200  ; DRAW LINE
G0 Z5.00               ; PEN UP

G0 X87.656 Y54.727   ; RAPID TO START
G1 Z0.00 F500    ; PEN DOWN
G4 P100           ; DWELL
G1 X87.422 Y54.492 F7200  ; DRAW LINE
G1 X87.539 Y50.742 F7200  ; DRAW LINE
G1 X87.773 Y50.742 F7200  ; DRAW LINE
G1 X87.656 Y54.727 F7200  ; DRAW LINE
G0 Z5.00               ; PEN UP

G0 X114.727 Y54.258   ; RAPID TO START
G1 Z0.00 F500    ; PEN DOWN
G4 P100           ; DWELL
G1 X114.492 Y54.023 F7200  ; DRAW LINE
G1 X114.492 Y46.758 F7200  ; DRAW LINE
G1 X117.305 Y46.641 F7200  ; DRAW LINE
G1 X117.305 Y47.930 F7200  ; DRAW LINE
G1 X115.898 Y47.930 F7200  ; DRAW LINE
G1 X115.781 Y54.141 F7200  ; DRAW LINE
G1 X115.547 Y54.258 F7200  ; DRAW LINE
G1 X115.547 Y47.695 F7200  ; DRAW LINE
G1 X116.953 Y47.695 F7200  ; DRAW LINE
G1 X117.103 Y47.208 F7200  ; DRAW LINE
G1 X116.953 Y46.875 F7200  ; DRAW LINE
G1 X114.961 Y46.875 F7200  ; DRAW LINE
G1 X114.727 Y54.258 F7200  ; DRAW LINE
G0 Z5.00               ; PEN UP

G0 X74.648 Y54.141   ; RAPID TO START
G1 Z0.00 F500    ; PEN DOWN
G4 P100           ; DWELL
G1 X74.414 Y53.789 F7200  ; DRAW LINE
G1 X74.414 Y46.992 F7200  ; DRAW LINE
G1 X72.773 Y46.992 F7200  ; DRAW LINE
G1 X72.773 Y47.695 F7200  ; DRAW LINE
G1 X73.711 Y47.695 F7200  ; DRAW LINE
G1 X73.645 Y52.434 F7200  ; DRAW LINE
G1 X73.477 Y47.930 F7200  ; DRAW LINE
G1 X72.422 Y47.930 F7200  ; DRAW LINE
G1 X72.422 Y46.758 F7200  ; DRAW LINE
G1 X72.656 Y46.641 F7200  ; DRAW LINE
G1 X74.766 Y46.641 F7200  ; DRAW LINE
G1 X74.648 Y54.141 F7200  ; DRAW LINE
G0 Z5.00               ; PEN UP

G0 X100.430 Y54.023   ; RAPID TO START
G1 Z0.00 F500    ; PEN DOWN
G4 P100           ; DWELL
G1 X100.195 Y53.789 F7200  ; DRAW LINE
G1 X100.195 Y47.930 F7200  ; DRAW LINE
G1 X88.945 Y47.930 F7200  ; DRAW LINE
G1 X88.477 Y49.570 F7200  ; DRAW LINE
G1 X88.477 Y47.695 F7200  ; DRAW LINE
G1 X100.547 Y47.695 F7200  ; DRAW LINE
G1 X100.430 Y54.023 F7200  ; DRAW LINE
G0 Z5.00               ; PEN UP

G0 X132.305 Y76.055   ; RAPID TO START
G1 Z0.00 F500    ; PEN DOWN
G4 P100           ; DWELL
G1 X176.074 Y76.055 F7200  ; DRAW LINE
G1 X176.133 Y65.859 F7200  ; DRAW LINE
G1 X129.961 Y65.918 F7200  ; DRAW LINE
G1 X132.305 Y76.055 F7200  ; DRAW LINE
G0 Z5.00               ; PEN UP

G0 X16.406 Y69.492   ; RAPID TO START
G1 Z0.00 F500    ; PEN DOWN
G4 P100           ; DWELL
G1 X18.047 Y69.492 F7200  ; DRAW LINE
G1 X18.047 Y68.965 F7200  ; DRAW LINE
G1 X16.582 Y68.789 F7200  ; DRAW LINE
G1 X16.406 Y69.492 F7200  ; DRAW LINE
G0 Z5.00               ; PEN UP

G0 X19.336 Y69.141   ; RAPID TO START
G1 Z0.00 F500    ; PEN DOWN
G4 P100           ; DWELL
G1 X20.508 Y69.141 F7200  ; DRAW LINE
G1 X20.508 Y68.672 F7200  ; DRAW LINE
G1 X19.336 Y68.672 F7200  ; DRAW LINE
G1 X19.336 Y69.141 F7200  ; DRAW LINE
G0 Z5.00               ; PEN UP

G0 X21.973 Y69.141   ; RAPID TO START
G1 Z0.00 F500    ; PEN DOWN
G4 P100           ; DWELL
G1 X23.320 Y69.141 F7200  ; DRAW LINE
G1 X23.320 Y67.969 F7200  ; DRAW LINE
G1 X21.973 Y67.969 F7200  ; DRAW LINE
G1 X21.729 Y68.564 F7200  ; DRAW LINE
G1 X21.973 Y69.141 F7200  ; DRAW LINE
G0 Z5.00               ; PEN UP

G0 X32.930 Y69.141   ; RAPID TO START
G1 Z0.00 F500    ; PEN DOWN
G4 P100           ; DWELL
G1 X34.219 Y69.141 F7200  ; DRAW LINE
G1 X34.219 Y68.672 F7200  ; DRAW LINE
G1 X32.930 Y68.672 F7200  ; DRAW LINE
G1 X32.930 Y69.141 F7200  ; DRAW LINE
G0 Z5.00               ; PEN UP

G0 X46.875 Y69.141   ; RAPID TO START
G1 Z0.00 F500    ; PEN DOWN
G4 P100           ; DWELL
G1 X48.105 Y69.141 F7200  ; DRAW LINE
G1 X48.281 Y68.730 F7200  ; DRAW LINE
G1 X47.988 Y67.969 F7200  ; DRAW LINE
G1 X46.875 Y67.969 F7200  ; DRAW LINE
G1 X46.875 Y69.141 F7200  ; DRAW LINE
G0 Z5.00               ; PEN UP

G0 X51.797 Y69.141   ; RAPID TO START
G1 Z0.00 F500    ; PEN DOWN
G4 P100           ; DWELL
G1 X53.086 Y69.141 F7200  ; DRAW LINE
G1 X53.086 Y68.672 F7200  ; DRAW LINE
G1 X51.797 Y68.672 F7200  ; DRAW LINE
G1 X51.797 Y69.141 F7200  ; DRAW LINE
G0 Z5.00               ; PEN UP

G0 X54.375 Y69.141   ; RAPID TO START
G1 Z0.00 F500    ; PEN DOWN
G4 P100           ; DWELL
G1 X55.488 Y69.141 F7200  ; DRAW LINE
G1 X55.547 Y68.789 F7200  ; DRAW LINE
G1 X54.434 Y68.789 F7200  ; DRAW LINE
G1 X54.375 Y69.141 F7200  ; DRAW LINE
G0 Z5.00               ; PEN UP

G0 X36.035 Y69.023   ; RAPID TO START
G1 Z0.00 F500    ; PEN DOWN
G4 P100           ; DWELL
G1 X36.445 Y68.320 F7200  ; DRAW LINE
G1 X35.742 Y68.320 F7200  ; DRAW LINE
G1 X36.035 Y69.023 F7200  ; DRAW LINE
G0 Z5.00               ; PEN UP

G0 X57.305 Y69.023   ; RAPID TO START
G1 Z0.00 F500    ; PEN DOWN
G4 P100           ; DWELL
G1 X57.773 Y68.320 F7200  ; DRAW LINE
G1 X57.083 Y68.377 F7200  ; DRAW LINE
G1 X57.305 Y69.023 F7200  ; DRAW LINE
G0 Z5.00               ; PEN UP

G0 X54.375 Y68.438   ; RAPID TO START
G1 Z0.00 F500    ; PEN DOWN
G4 P100           ; DWELL
G1 X55.547 Y68.438 F7200  ; DRAW LINE
G1 X55.547 Y67.969 F7200  ; DRAW LINE
G1 X54.375 Y67.969 F7200  ; DRAW LINE
G1 X54.375 Y68.438 F7200  ; DRAW LINE
G0 Z5.00               ; PEN UP

G0 X125.508 Y65.625   ; RAPID TO START
G1 Z0.00 F500    ; PEN DOWN
G4 P100           ; DWELL
G1 X176.074 Y65.625 F7200  ; DRAW LINE
G1 X176.133 Y51.914 F7200  ; DRAW LINE
G1 X122.344 Y51.973 F7200  ; DRAW LINE
G1 X125.508 Y65.625 F7200  ; DRAW LINE
G0 Z5.00               ; PEN UP

G0 X149.297 Y64.336   ; RAPID TO START
G1 Z0.00 F500    ; PEN DOWN
G4 P100           ; DWELL
G1 X148.945 Y64.219 F7200  ; DRAW LINE
G1 X148.828 Y62.344 F7200  ; DRAW LINE
G1 X151.055 Y62.344 F7200  ; DRAW LINE
G1 X150.703 Y61.172 F7200  ; DRAW LINE
G1 X149.414 Y61.172 F7200  ; DRAW LINE
G1 X149.766 Y60.117 F7200  ; DRAW LINE
G1 X151.641 Y60.000 F7200  ; DRAW LINE
G1 X152.813 Y63.516 F7200  ; DRAW LINE
G1 X150.586 Y63.516 F7200  ; DRAW LINE
G1 X150.176 Y63.809 F7200  ; DRAW LINE
G1 X150.234 Y64.336 F7200  ; DRAW LINE
G1 X149.297 Y64.336 F7200  ; DRAW LINE
G0 Z5.00               ; PEN UP

G0 X126.563 Y63.633   ; RAPID TO START
G1 Z0.00 F500    ; PEN DOWN
G4 P100           ; DWELL
G1 X126.328 Y63.398 F7200  ; DRAW LINE
G1 X126.563 Y62.461 F7200  ; DRAW LINE
G1 X127.031 Y62.344 F7200  ; DRAW LINE
G1 X127.031 Y61.172 F7200  ; DRAW LINE
G1 X126.563 Y61.172 F7200  ; DRAW LINE
G1 X125.977 Y60.000 F7200  ; DRAW LINE
G1 X127.969 Y60.000 F7200  ; DRAW LINE
G1 X128.438 Y60.586 F7200  ; DRAW LINE
G1 X128.438 Y62.344 F7200  ; DRAW LINE
G1 X129.375 Y62.344 F7200  ; DRAW LINE
G1 X129.375 Y60.000 F7200  ; DRAW LINE
G1 X130.781 Y60.000 F7200  ; DRAW LINE
G1 X130.664 Y63.633 F7200  ; DRAW LINE
G1 X126.563 Y63.633 F7200  ; DRAW LINE
G0 Z5.00               ; PEN UP

G0 X131.250 Y63.633   ; RAPID TO START
G1 Z0.00 F500    ; PEN DOWN
G4 P100           ; DWELL
G1 X131.016 Y63.398 F7200  ; DRAW LINE
G1 X131.133 Y60.000 F7200  ; DRAW LINE
G1 X136.172 Y60.117 F7200  ; DRAW LINE
G1 X136.523 Y63.047 F7200  ; DRAW LINE
G1 X136.758 Y62.344 F7200  ; DRAW LINE
G1 X138.563 Y62.268 F7200  ; DRAW LINE
G1 X138.633 Y60.000 F7200  ; DRAW LINE
G1 X143.789 Y60.000 F7200  ; DRAW LINE
G1 X144.727 Y62.695 F7200  ; DRAW LINE
G1 X144.961 Y62.227 F7200  ; DRAW LINE
G1 X144.375 Y60.117 F7200  ; DRAW LINE
G1 X144.609 Y59.883 F7200  ; DRAW LINE
G1 X145.781 Y60.000 F7200  ; DRAW LINE
G1 X146.016 Y60.352 F7200  ; DRAW LINE
G1 X146.016 Y60.000 F7200  ; DRAW LINE
G1 X148.125 Y60.000 F7200  ; DRAW LINE
G1 X148.711 Y61.055 F7200  ; DRAW LINE
G1 X148.711 Y63.516 F7200  ; DRAW LINE
G1 X142.969 Y63.633 F7200  ; DRAW LINE
G1 X142.500 Y62.578 F7200  ; DRAW LINE
G1 X143.086 Y62.344 F7200  ; DRAW LINE
G1 X142.729 Y61.095 F7200  ; DRAW LINE
G1 X142.500 Y61.172 F7200  ; DRAW LINE
G1 X142.148 Y63.516 F7200  ; DRAW LINE
G1 X140.391 Y63.516 F7200  ; DRAW LINE
G1 X140.156 Y62.461 F7200  ; DRAW LINE
G1 X140.977 Y62.344 F7200  ; DRAW LINE
G1 X141.225 Y61.209 F7200  ; DRAW LINE
G1 X140.625 Y61.172 F7200  ; DRAW LINE
G1 X139.987 Y60.196 F7200  ; DRAW LINE
G1 X140.156 Y63.398 F7200  ; DRAW LINE
G1 X132.891 Y63.633 F7200  ; DRAW LINE
G1 X132.656 Y63.398 F7200  ; DRAW LINE
G1 X133.242 Y62.344 F7200  ; DRAW LINE
G1 X135.117 Y62.344 F7200  ; DRAW LINE
G1 X135.117 Y61.289 F7200  ; DRAW LINE
G1 X133.125 Y61.172 F7200  ; DRAW LINE
G1 X132.656 Y60.352 F7200  ; DRAW LINE
G1 X132.539 Y63.398 F7200  ; DRAW LINE
G1 X132.422 Y63.633 F7200  ; DRAW LINE
G1 X131.250 Y63.633 F7200  ; DRAW LINE
G0 Z5.00               ; PEN UP

G0 X154.102 Y63.516   ; RAPID TO START
G1 Z0.00 F500    ; PEN DOWN
G4 P100           ; DWELL
G1 X154.453 Y62.344 F7200  ; DRAW LINE
G1 X156.797 Y62.227 F7200  ; DRAW LINE
G1 X156.914 Y59.883 F7200  ; DRAW LINE
G1 X158.203 Y59.883 F7200  ; DRAW LINE
G1 X158.320 Y63.398 F7200  ; DRAW LINE
G1 X158.555 Y62.344 F7200  ; DRAW LINE
G1 X160.195 Y62.227 F7200  ; DRAW LINE
G1 X160.313 Y59.883 F7200  ; DRAW LINE
G1 X161.602 Y59.883 F7200  ; DRAW LINE
G1 X161.602 Y61.992 F7200  ; DRAW LINE
G1 X162.422 Y62.344 F7200  ; DRAW LINE
G1 X162.534 Y62.719 F7200  ; DRAW LINE
G1 X162.891 Y62.227 F7200  ; DRAW LINE
G1 X164.648 Y62.227 F7200  ; DRAW LINE
G1 X164.648 Y61.172 F7200  ; DRAW LINE
G1 X162.773 Y61.172 F7200  ; DRAW LINE
G1 X162.188 Y59.883 F7200  ; DRAW LINE
G1 X169.570 Y59.883 F7200  ; DRAW LINE
G1 X170.156 Y60.469 F7200  ; DRAW LINE
G1 X170.742 Y62.461 F7200  ; DRAW LINE
G1 X170.977 Y62.344 F7200  ; DRAW LINE
G1 X170.391 Y60.000 F7200  ; DRAW LINE
G1 X171.797 Y59.883 F7200  ; DRAW LINE
G1 X172.036 Y60.258 F7200  ; DRAW LINE
G1 X172.148 Y59.883 F7200  ; DRAW LINE
G1 X174.141 Y59.883 F7200  ; DRAW LINE
G1 X174.727 Y60.469 F7200  ; DRAW LINE
G1 X174.727 Y63.516 F7200  ; DRAW LINE
G1 X168.750 Y63.516 F7200  ; DRAW LINE
G1 X168.516 Y62.695 F7200  ; DRAW LINE
G1 X168.281 Y63.516 F7200  ; DRAW LINE
G1 X166.523 Y63.516 F7200  ; DRAW LINE
G1 X166.289 Y62.344 F7200  ; DRAW LINE
G1 X167.109 Y62.227 F7200  ; DRAW LINE
G1 X167.227 Y61.172 F7200  ; DRAW LINE
G1 X166.406 Y61.055 F7200  ; DRAW LINE
G1 X166.055 Y61.172 F7200  ; DRAW LINE
G1 X166.055 Y63.516 F7200  ; DRAW LINE
G1 X154.102 Y63.516 F7200  ; DRAW LINE
G0 Z5.00               ; PEN UP

G0 X154.453 Y62.109   ; RAPID TO START
G1 Z0.00 F500    ; PEN DOWN
G4 P100           ; DWELL
G1 X154.453 Y59.883 F7200  ; DRAW LINE
G1 X155.859 Y59.883 F7200  ; DRAW LINE
G1 X155.742 Y62.109 F7200  ; DRAW LINE
G1 X154.453 Y62.109 F7200  ; DRAW LINE
G0 Z5.00               ; PEN UP

G0 X126.445 Y58.008   ; RAPID TO START
G1 Z0.00 F500    ; PEN DOWN
G4 P100           ; DWELL
G1 X126.662 Y56.795 F7200  ; DRAW LINE
G1 X127.031 Y56.836 F7200  ; DRAW LINE
G1 X127.031 Y55.664 F7200  ; DRAW LINE
G1 X126.680 Y55.664 F7200  ; DRAW LINE
G1 X126.094 Y54.727 F7200  ; DRAW LINE
G1 X126.211 Y54.375 F7200  ; DRAW LINE
G1 X127.969 Y54.375 F7200  ; DRAW LINE
G1 X128.438 Y54.961 F7200  ; DRAW LINE
G1 X128.438 Y56.719 F7200  ; DRAW LINE
G1 X129.375 Y56.719 F7200  ; DRAW LINE
G1 X129.375 Y54.375 F7200  ; DRAW LINE
G1 X130.781 Y54.375 F7200  ; DRAW LINE
G1 X130.781 Y58.008 F7200  ; DRAW LINE
G1 X126.445 Y58.008 F7200  ; DRAW LINE
G0 Z5.00               ; PEN UP

G0 X131.016 Y58.008   ; RAPID TO START
G1 Z0.00 F500    ; PEN DOWN
G4 P100           ; DWELL
G1 X131.250 Y54.375 F7200  ; DRAW LINE
G1 X132.656 Y54.375 F7200  ; DRAW LINE
G1 X132.656 Y58.008 F7200  ; DRAW LINE
G1 X131.016 Y58.008 F7200  ; DRAW LINE
G0 Z5.00               ; PEN UP

G0 X132.773 Y58.008   ; RAPID TO START
G1 Z0.00 F500    ; PEN DOWN
G4 P100           ; DWELL
G1 X133.477 Y56.719 F7200  ; DRAW LINE
G1 X135.234 Y56.602 F7200  ; DRAW LINE
G1 X135.117 Y54.492 F7200  ; DRAW LINE
G1 X136.523 Y54.375 F7200  ; DRAW LINE
G1 X136.523 Y58.008 F7200  ; DRAW LINE
G1 X132.773 Y58.008 F7200  ; DRAW LINE
G0 Z5.00               ; PEN UP

G0 X136.758 Y58.008   ; RAPID TO START
G1 Z0.00 F500    ; PEN DOWN
G4 P100           ; DWELL
G1 X136.992 Y55.781 F7200  ; DRAW LINE
G1 X138.281 Y55.781 F7200  ; DRAW LINE
G1 X138.398 Y58.008 F7200  ; DRAW LINE
G1 X136.758 Y58.008 F7200  ; DRAW LINE
G0 Z5.00               ; PEN UP

G0 X138.633 Y58.008   ; RAPID TO START
G1 Z0.00 F500    ; PEN DOWN
G4 P100           ; DWELL
G1 X138.984 Y57.656 F7200  ; DRAW LINE
G1 X142.383 Y57.656 F7200  ; DRAW LINE
G1 X142.383 Y54.727 F7200  ; DRAW LINE
G1 X141.563 Y54.727 F7200  ; DRAW LINE
G1 X141.563 Y57.070 F7200  ; DRAW LINE
G1 X138.867 Y57.070 F7200  ; DRAW LINE
G1 X138.516 Y57.539 F7200  ; DRAW LINE
G1 X138.497 Y57.281 F7200  ; DRAW LINE
G1 X138.984 Y56.719 F7200  ; DRAW LINE
G1 X141.328 Y56.719 F7200  ; DRAW LINE
G1 X141.328 Y54.375 F7200  ; DRAW LINE
G1 X142.617 Y54.375 F7200  ; DRAW LINE
G1 X142.617 Y58.008 F7200  ; DRAW LINE
G1 X138.633 Y58.008 F7200  ; DRAW LINE
G0 Z5.00               ; PEN UP

G0 X142.734 Y58.008   ; RAPID TO START
G1 Z0.00 F500    ; PEN DOWN
G4 P100           ; DWELL
G1 X142.852 Y56.953 F7200  ; DRAW LINE
G1 X143.203 Y56.836 F7200  ; DRAW LINE
G1 X142.734 Y54.375 F7200  ; DRAW LINE
G1 X144.141 Y54.375 F7200  ; DRAW LINE
G1 X144.258 Y54.961 F7200  ; DRAW LINE
G1 X144.609 Y54.375 F7200  ; DRAW LINE
G1 X146.484 Y54.375 F7200  ; DRAW LINE
G1 X146.953 Y54.727 F7200  ; DRAW LINE
G1 X146.953 Y58.008 F7200  ; DRAW LINE
G1 X142.734 Y58.008 F7200  ; DRAW LINE
G0 Z5.00               ; PEN UP

G0 X148.594 Y57.891   ; RAPID TO START
G1 Z0.00 F500    ; PEN DOWN
G4 P100           ; DWELL
G1 X148.828 Y56.747 F7200  ; DRAW LINE
G1 X149.297 Y56.484 F7200  ; DRAW LINE
G1 X149.297 Y55.547 F7200  ; DRAW LINE
G1 X148.594 Y55.430 F7200  ; DRAW LINE
G1 X148.242 Y54.258 F7200  ; DRAW LINE
G1 X150.234 Y54.375 F7200  ; DRAW LINE
G1 X150.586 Y54.727 F7200  ; DRAW LINE
G1 X150.586 Y56.602 F7200  ; DRAW LINE
G1 X151.641 Y56.602 F7200  ; DRAW LINE
G1 X151.641 Y54.258 F7200  ; DRAW LINE
G1 X153.047 Y54.258 F7200  ; DRAW LINE
G1 X153.047 Y57.891 F7200  ; DRAW LINE
G1 X148.594 Y57.891 F7200  ; DRAW LINE
G0 Z5.00               ; PEN UP

G0 X153.164 Y57.891   ; RAPID TO START
G1 Z0.00 F500    ; PEN DOWN
G4 P100           ; DWELL
G1 X153.281 Y54.375 F7200  ; DRAW LINE
G1 X154.688 Y54.258 F7200  ; DRAW LINE
G1 X154.805 Y57.656 F7200  ; DRAW LINE
G1 X154.688 Y57.891 F7200  ; DRAW LINE
G1 X153.164 Y57.891 F7200  ; DRAW LINE
G0 Z5.00               ; PEN UP

G0 X154.922 Y57.891   ; RAPID TO START
G1 Z0.00 F500    ; PEN DOWN
G4 P100           ; DWELL
G1 X155.039 Y55.664 F7200  ; DRAW LINE
G1 X156.328 Y55.547 F7200  ; DRAW LINE
G1 X156.328 Y57.891 F7200  ; DRAW LINE
G1 X154.922 Y57.891 F7200  ; DRAW LINE
G0 Z5.00               ; PEN UP

G0 X156.680 Y57.891   ; RAPID TO START
G1 Z0.00 F500    ; PEN DOWN
G4 P100           ; DWELL
G1 X156.741 Y56.789 F7200  ; DRAW LINE
G1 X157.266 Y56.484 F7200  ; DRAW LINE
G1 X157.266 Y55.547 F7200  ; DRAW LINE
G1 X156.680 Y55.430 F7200  ; DRAW LINE
G1 X156.211 Y54.258 F7200  ; DRAW LINE
G1 X158.320 Y54.375 F7200  ; DRAW LINE
G1 X158.672 Y54.727 F7200  ; DRAW LINE
G1 X158.672 Y56.602 F7200  ; DRAW LINE
G1 X159.727 Y56.602 F7200  ; DRAW LINE
G1 X159.727 Y54.258 F7200  ; DRAW LINE
G1 X161.133 Y54.258 F7200  ; DRAW LINE
G1 X161.250 Y57.305 F7200  ; DRAW LINE
G1 X161.602 Y56.602 F7200  ; DRAW LINE
G1 X163.242 Y56.602 F7200  ; DRAW LINE
G1 X163.242 Y54.258 F7200  ; DRAW LINE
G1 X168.398 Y54.258 F7200  ; DRAW LINE
G1 X168.867 Y54.727 F7200  ; DRAW LINE
G1 X168.867 Y56.953 F7200  ; DRAW LINE
G1 X169.102 Y57.070 F7200  ; DRAW LINE
G1 X169.805 Y54.375 F7200  ; DRAW LINE
G1 X172.500 Y54.258 F7200  ; DRAW LINE
G1 X173.086 Y54.961 F7200  ; DRAW LINE
G1 X173.906 Y57.656 F7200  ; DRAW LINE
G1 X173.789 Y57.891 F7200  ; DRAW LINE
G1 X171.563 Y57.891 F7200  ; DRAW LINE
G1 X171.028 Y56.939 F7200  ; DRAW LINE
G1 X170.742 Y57.891 F7200  ; DRAW LINE
G1 X164.766 Y57.891 F7200  ; DRAW LINE
G1 X165.117 Y55.781 F7200  ; DRAW LINE
G1 X165.703 Y55.547 F7200  ; DRAW LINE
G1 X167.227 Y55.664 F7200  ; DRAW LINE
G1 X167.344 Y56.484 F7200  ; DRAW LINE
G1 X166.406 Y56.484 F7200  ; DRAW LINE
G1 X167.578 Y56.602 F7200  ; DRAW LINE
G1 X167.578 Y55.430 F7200  ; DRAW LINE
G1 X165.234 Y55.430 F7200  ; DRAW LINE
G1 X164.766 Y54.844 F7200  ; DRAW LINE
G1 X164.531 Y57.891 F7200  ; DRAW LINE
G1 X156.680 Y57.891 F7200  ; DRAW LINE
G0 Z5.00               ; PEN UP

G0 X138.633 Y56.602   ; RAPID TO START
G1 Z0.00 F500    ; PEN DOWN
G4 P100           ; DWELL
G1 X138.633 Y54.375 F7200  ; DRAW LINE
G1 X140.039 Y54.375 F7200  ; DRAW LINE
G1 X140.039 Y56.602 F7200  ; DRAW LINE
G1 X138.633 Y56.602 F7200  ; DRAW LINE
G0 Z5.00               ; PEN UP

G0 X4.102 Y65.508   ; RAPID TO START
G1 Z0.00 F500    ; PEN DOWN
G4 P100           ; DWELL
G1 X70.957 Y65.508 F7200  ; DRAW LINE
G1 X71.016 Y65.098 F7200  ; DRAW LINE
G1 X68.203 Y51.914 F7200  ; DRAW LINE
G1 X4.160 Y51.914 F7200  ; DRAW LINE
G1 X4.102 Y65.508 F7200  ; DRAW LINE
G0 Z5.00               ; PEN UP

G0 X11.250 Y63.867   ; RAPID TO START
G1 Z0.00 F500    ; PEN DOWN
G4 P100           ; DWELL
G1 X11.250 Y60.000 F7200  ; DRAW LINE
G1 X12.422 Y60.000 F7200  ; DRAW LINE
G1 X12.422 Y61.523 F7200  ; DRAW LINE
G1 X14.297 Y61.523 F7200  ; DRAW LINE
G1 X14.414 Y60.000 F7200  ; DRAW LINE
G1 X15.586 Y60.000 F7200  ; DRAW LINE
G1 X15.586 Y63.867 F7200  ; DRAW LINE
G1 X14.414 Y63.867 F7200  ; DRAW LINE
G1 X14.414 Y62.578 F7200  ; DRAW LINE
G1 X13.561 Y62.367 F7200  ; DRAW LINE
G1 X12.422 Y62.578 F7200  ; DRAW LINE
G1 X12.422 Y63.867 F7200  ; DRAW LINE
G1 X11.250 Y63.867 F7200  ; DRAW LINE
G0 Z5.00               ; PEN UP

G0 X27.539 Y63.867   ; RAPID TO START
G1 Z0.00 F500    ; PEN DOWN
G4 P100           ; DWELL
G1 X26.953 Y63.398 F7200  ; DRAW LINE
G1 X26.836 Y62.578 F7200  ; DRAW LINE
G1 X27.070 Y61.641 F7200  ; DRAW LINE
G1 X27.539 Y61.406 F7200  ; DRAW LINE
G1 X26.836 Y61.289 F7200  ; DRAW LINE
G1 X27.074 Y60.264 F7200  ; DRAW LINE
G1 X27.422 Y60.000 F7200  ; DRAW LINE
G1 X30.469 Y60.117 F7200  ; DRAW LINE
G1 X30.703 Y60.352 F7200  ; DRAW LINE
G1 X30.703 Y61.992 F7200  ; DRAW LINE
G1 X30.117 Y62.461 F7200  ; DRAW LINE
G1 X30.703 Y62.695 F7200  ; DRAW LINE
G1 X30.586 Y63.398 F7200  ; DRAW LINE
G1 X30.117 Y63.867 F7200  ; DRAW LINE
G1 X27.539 Y63.867 F7200  ; DRAW LINE
G0 Z5.00               ; PEN UP

G0 X46.406 Y63.867   ; RAPID TO START
G1 Z0.00 F500    ; PEN DOWN
G4 P100           ; DWELL
G1 X46.406 Y60.000 F7200  ; DRAW LINE
G1 X49.453 Y60.000 F7200  ; DRAW LINE
G1 X49.922 Y60.234 F7200  ; DRAW LINE
G1 X50.391 Y60.820 F7200  ; DRAW LINE
G1 X50.273 Y63.164 F7200  ; DRAW LINE
G1 X49.570 Y63.867 F7200  ; DRAW LINE
G1 X46.406 Y63.867 F7200  ; DRAW LINE
G0 Z5.00               ; PEN UP

G0 X16.055 Y63.398   ; RAPID TO START
G1 Z0.00 F500    ; PEN DOWN
G4 P100           ; DWELL
G1 X15.820 Y63.164 F7200  ; DRAW LINE
G1 X15.820 Y60.000 F7200  ; DRAW LINE
G1 X16.875 Y60.000 F7200  ; DRAW LINE
G1 X16.992 Y63.164 F7200  ; DRAW LINE
G1 X16.055 Y63.398 F7200  ; DRAW LINE
G0 Z5.00               ; PEN UP

G0 X17.930 Y63.398   ; RAPID TO START
G1 Z0.00 F500    ; PEN DOWN
G4 P100           ; DWELL
G1 X17.227 Y62.930 F7200  ; DRAW LINE
G1 X17.227 Y60.352 F7200  ; DRAW LINE
G1 X17.813 Y60.000 F7200  ; DRAW LINE
G1 X20.742 Y60.234 F7200  ; DRAW LINE
G1 X20.742 Y62.813 F7200  ; DRAW LINE
G1 X20.156 Y63.398 F7200  ; DRAW LINE
G1 X17.930 Y63.398 F7200  ; DRAW LINE
G0 Z5.00               ; PEN UP

G0 X21.094 Y63.398   ; RAPID TO START
G1 Z0.00 F500    ; PEN DOWN
G4 P100           ; DWELL
G1 X20.977 Y60.117 F7200  ; DRAW LINE
G1 X22.031 Y60.000 F7200  ; DRAW LINE
G1 X22.148 Y61.289 F7200  ; DRAW LINE
G1 X23.555 Y61.289 F7200  ; DRAW LINE
G1 X23.672 Y60.000 F7200  ; DRAW LINE
G1 X24.727 Y60.000 F7200  ; DRAW LINE
G1 X24.633 Y63.352 F7200  ; DRAW LINE
G1 X23.672 Y63.164 F7200  ; DRAW LINE
G1 X23.672 Y62.227 F7200  ; DRAW LINE
G1 X22.148 Y62.227 F7200  ; DRAW LINE
G1 X22.031 Y63.398 F7200  ; DRAW LINE
G1 X21.094 Y63.398 F7200  ; DRAW LINE
G0 Z5.00               ; PEN UP

G0 X31.172 Y63.398   ; RAPID TO START
G1 Z0.00 F500    ; PEN DOWN
G4 P100           ; DWELL
G1 X30.820 Y63.047 F7200  ; DRAW LINE
G1 X30.938 Y60.000 F7200  ; DRAW LINE
G1 X31.875 Y60.000 F7200  ; DRAW LINE
G1 X31.875 Y61.172 F7200  ; DRAW LINE
G1 X33.750 Y61.172 F7200  ; DRAW LINE
G1 X34.144 Y61.462 F7200  ; DRAW LINE
G1 X34.259 Y62.586 F7200  ; DRAW LINE
G1 X33.867 Y63.281 F7200  ; DRAW LINE
G1 X31.172 Y63.398 F7200  ; DRAW LINE
G0 Z5.00               ; PEN UP

G0 X37.031 Y63.398   ; RAPID TO START
G1 Z0.00 F500    ; PEN DOWN
G4 P100           ; DWELL
G1 X34.336 Y63.281 F7200  ; DRAW LINE
G1 X34.336 Y60.000 F7200  ; DRAW LINE
G1 X43.359 Y60.000 F7200  ; DRAW LINE
G1 X43.945 Y60.234 F7200  ; DRAW LINE
G1 X44.414 Y60.938 F7200  ; DRAW LINE
G1 X44.414 Y62.344 F7200  ; DRAW LINE
G1 X43.594 Y63.281 F7200  ; DRAW LINE
G1 X41.133 Y63.398 F7200  ; DRAW LINE
G1 X40.898 Y63.164 F7200  ; DRAW LINE
G1 X40.898 Y60.352 F7200  ; DRAW LINE
G1 X40.781 Y60.938 F7200  ; DRAW LINE
G1 X38.789 Y60.938 F7200  ; DRAW LINE
G1 X38.906 Y61.289 F7200  ; DRAW LINE
G1 X39.727 Y61.289 F7200  ; DRAW LINE
G1 X39.844 Y61.875 F7200  ; DRAW LINE
G1 X39.727 Y62.109 F7200  ; DRAW LINE
G1 X38.672 Y62.109 F7200  ; DRAW LINE
G1 X38.789 Y62.344 F7200  ; DRAW LINE
G1 X40.781 Y62.344 F7200  ; DRAW LINE
G1 X40.781 Y63.281 F7200  ; DRAW LINE
G1 X37.852 Y63.398 F7200  ; DRAW LINE
G1 X37.617 Y63.164 F7200  ; DRAW LINE
G1 X37.500 Y60.234 F7200  ; DRAW LINE
G1 X37.500 Y60.938 F7200  ; DRAW LINE
G1 X35.391 Y60.938 F7200  ; DRAW LINE
G1 X35.508 Y61.289 F7200  ; DRAW LINE
G1 X36.563 Y61.289 F7200  ; DRAW LINE
G1 X36.563 Y62.109 F7200  ; DRAW LINE
G1 X35.391 Y62.109 F7200  ; DRAW LINE
G1 X35.508 Y62.344 F7200  ; DRAW LINE
G1 X37.500 Y62.456 F7200  ; DRAW LINE
G1 X37.500 Y63.281 F7200  ; DRAW LINE
G1 X37.031 Y63.398 F7200  ; DRAW LINE
G0 Z5.00               ; PEN UP

G0 X50.625 Y63.398   ; RAPID TO START
G1 Z0.00 F500    ; PEN DOWN
G4 P100           ; DWELL
G1 X50.625 Y60.000 F7200  ; DRAW LINE
G1 X51.680 Y60.000 F7200  ; DRAW LINE
G1 X51.680 Y63.398 F7200  ; DRAW LINE
G1 X50.625 Y63.398 F7200  ; DRAW LINE
G0 Z5.00               ; PEN UP

G0 X52.617 Y63.398   ; RAPID TO START
G1 Z0.00 F500    ; PEN DOWN
G4 P100           ; DWELL
G1 X51.914 Y62.813 F7200  ; DRAW LINE
G1 X51.914 Y60.586 F7200  ; DRAW LINE
G1 X52.500 Y60.000 F7200  ; DRAW LINE
G1 X54.961 Y60.000 F7200  ; DRAW LINE
G1 X55.430 Y60.352 F7200  ; DRAW LINE
G1 X55.430 Y62.813 F7200  ; DRAW LINE
G1 X54.844 Y63.398 F7200  ; DRAW LINE
G1 X52.617 Y63.398 F7200  ; DRAW LINE
G0 Z5.00               ; PEN UP

G0 X55.781 Y63.398   ; RAPID TO START
G1 Z0.00 F500    ; PEN DOWN
G4 P100           ; DWELL
G1 X55.664 Y60.234 F7200  ; DRAW LINE
G1 X56.719 Y60.000 F7200  ; DRAW LINE
G1 X56.719 Y61.992 F7200  ; DRAW LINE
G1 X56.953 Y62.344 F7200  ; DRAW LINE
G1 X58.008 Y62.344 F7200  ; DRAW LINE
G1 X57.891 Y60.117 F7200  ; DRAW LINE
G1 X58.945 Y60.000 F7200  ; DRAW LINE
G1 X58.945 Y62.344 F7200  ; DRAW LINE
G1 X60.234 Y62.344 F7200  ; DRAW LINE
G1 X60.234 Y63.281 F7200  ; DRAW LINE
G1 X55.781 Y63.398 F7200  ; DRAW LINE
G0 Z5.00               ; PEN UP

G0 X61.289 Y63.398   ; RAPID TO START
G1 Z0.00 F500    ; PEN DOWN
G4 P100           ; DWELL
G1 X59.531 Y60.000 F7200  ; DRAW LINE
G1 X60.469 Y60.000 F7200  ; DRAW LINE
G1 X60.938 Y60.703 F7200  ; DRAW LINE
G1 X62.227 Y60.703 F7200  ; DRAW LINE
G1 X62.461 Y60.000 F7200  ; DRAW LINE
G1 X66.563 Y60.000 F7200  ; DRAW LINE
G1 X66.563 Y60.938 F7200  ; DRAW LINE
G1 X64.453 Y61.055 F7200  ; DRAW LINE
G1 X64.453 Y63.398 F7200  ; DRAW LINE
G1 X63.516 Y63.398 F7200  ; DRAW LINE
G1 X63.516 Y60.586 F7200  ; DRAW LINE
G1 X61.941 Y63.366 F7200  ; DRAW LINE
G1 X61.289 Y63.398 F7200  ; DRAW LINE
G0 Z5.00               ; PEN UP

G0 X7.969 Y58.125   ; RAPID TO START
G1 Z0.00 F500    ; PEN DOWN
G4 P100           ; DWELL
G1 X7.383 Y57.656 F7200  ; DRAW LINE
G1 X7.383 Y56.133 F7200  ; DRAW LINE
G1 X7.852 Y55.664 F7200  ; DRAW LINE
G1 X7.266 Y55.547 F7200  ; DRAW LINE
G1 X7.500 Y54.492 F7200  ; DRAW LINE
G1 X7.969 Y54.258 F7200  ; DRAW LINE
G1 X11.016 Y54.492 F7200  ; DRAW LINE
G1 X11.133 Y56.133 F7200  ; DRAW LINE
G1 X10.636 Y56.714 F7200  ; DRAW LINE
G1 X11.133 Y56.953 F7200  ; DRAW LINE
G1 X12.305 Y55.547 F7200  ; DRAW LINE
G1 X12.305 Y54.258 F7200  ; DRAW LINE
G1 X13.242 Y54.258 F7200  ; DRAW LINE
G1 X13.359 Y55.664 F7200  ; DRAW LINE
G1 X14.245 Y56.747 F7200  ; DRAW LINE
G1 X14.414 Y54.375 F7200  ; DRAW LINE
G1 X14.648 Y54.258 F7200  ; DRAW LINE
G1 X17.344 Y54.258 F7200  ; DRAW LINE
G1 X17.813 Y54.609 F7200  ; DRAW LINE
G1 X17.695 Y56.016 F7200  ; DRAW LINE
G1 X17.344 Y56.250 F7200  ; DRAW LINE
G1 X18.287 Y56.668 F7200  ; DRAW LINE
G1 X18.867 Y56.602 F7200  ; DRAW LINE
G1 X18.750 Y54.375 F7200  ; DRAW LINE
G1 X18.984 Y54.258 F7200  ; DRAW LINE
G1 X19.805 Y54.258 F7200  ; DRAW LINE
G1 X19.805 Y56.367 F7200  ; DRAW LINE
G1 X20.039 Y56.602 F7200  ; DRAW LINE
G1 X21.094 Y56.602 F7200  ; DRAW LINE
G1 X21.094 Y54.258 F7200  ; DRAW LINE
G1 X25.195 Y54.258 F7200  ; DRAW LINE
G1 X25.430 Y55.547 F7200  ; DRAW LINE
G1 X26.250 Y54.609 F7200  ; DRAW LINE
G1 X27.188 Y55.664 F7200  ; DRAW LINE
G1 X27.188 Y54.375 F7200  ; DRAW LINE
G1 X28.125 Y54.258 F7200  ; DRAW LINE
G1 X28.125 Y57.422 F7200  ; DRAW LINE
G1 X27.539 Y57.539 F7200  ; DRAW LINE
G1 X26.302 Y55.860 F7200  ; DRAW LINE
G1 X25.130 Y57.416 F7200  ; DRAW LINE
G1 X24.375 Y57.539 F7200  ; DRAW LINE
G1 X24.258 Y55.078 F7200  ; DRAW LINE
G1 X22.031 Y55.313 F7200  ; DRAW LINE
G1 X23.203 Y55.547 F7200  ; DRAW LINE
G1 X23.203 Y56.367 F7200  ; DRAW LINE
G1 X22.148 Y56.367 F7200  ; DRAW LINE
G1 X22.266 Y56.602 F7200  ; DRAW LINE
G1 X24.141 Y56.602 F7200  ; DRAW LINE
G1 X24.141 Y57.539 F7200  ; DRAW LINE
G1 X17.695 Y57.539 F7200  ; DRAW LINE
G1 X17.695 Y57.305 F7200  ; DRAW LINE
G1 X17.344 Y57.539 F7200  ; DRAW LINE
G1 X13.828 Y57.539 F7200  ; DRAW LINE
G1 X12.891 Y56.484 F7200  ; DRAW LINE
G1 X11.887 Y57.523 F7200  ; DRAW LINE
G1 X11.133 Y57.539 F7200  ; DRAW LINE
G1 X10.547 Y58.125 F7200  ; DRAW LINE
G1 X7.969 Y58.125 F7200  ; DRAW LINE
G0 Z5.00               ; PEN UP

G0 X34.219 Y58.008   ; RAPID TO START
G1 Z0.00 F500    ; PEN DOWN
G4 P100           ; DWELL
G1 X33.750 Y57.891 F7200  ; DRAW LINE
G1 X33.750 Y54.258 F7200  ; DRAW LINE
G1 X37.617 Y54.258 F7200  ; DRAW LINE
G1 X38.086 Y54.961 F7200  ; DRAW LINE
G1 X39.375 Y54.961 F7200  ; DRAW LINE
G1 X39.844 Y54.258 F7200  ; DRAW LINE
G1 X43.359 Y54.258 F7200  ; DRAW LINE
G1 X43.828 Y54.609 F7200  ; DRAW LINE
G1 X43.828 Y57.070 F7200  ; DRAW LINE
G1 X43.477 Y57.539 F7200  ; DRAW LINE
G1 X40.664 Y57.539 F7200  ; DRAW LINE
G1 X40.664 Y54.727 F7200  ; DRAW LINE
G1 X38.845 Y57.567 F7200  ; DRAW LINE
G1 X38.438 Y57.539 F7200  ; DRAW LINE
G1 X37.031 Y55.195 F7200  ; DRAW LINE
G1 X34.805 Y55.195 F7200  ; DRAW LINE
G1 X34.805 Y57.773 F7200  ; DRAW LINE
G1 X34.219 Y58.008 F7200  ; DRAW LINE
G0 Z5.00               ; PEN UP

G0 X28.945 Y57.539   ; RAPID TO START
G1 Z0.00 F500    ; PEN DOWN
G4 P100           ; DWELL
G1 X28.359 Y56.953 F7200  ; DRAW LINE
G1 X28.477 Y55.664 F7200  ; DRAW LINE
G1 X29.063 Y55.430 F7200  ; DRAW LINE
G1 X28.425 Y55.307 F7200  ; DRAW LINE
G1 X28.359 Y54.609 F7200  ; DRAW LINE
G1 X28.945 Y54.258 F7200  ; DRAW LINE
G1 X31.289 Y54.258 F7200  ; DRAW LINE
G1 X31.641 Y54.492 F7200  ; DRAW LINE
G1 X31.814 Y55.631 F7200  ; DRAW LINE
G1 X31.406 Y56.250 F7200  ; DRAW LINE
G1 X31.641 Y57.070 F7200  ; DRAW LINE
G1 X31.172 Y57.539 F7200  ; DRAW LINE
G1 X28.945 Y57.539 F7200  ; DRAW LINE
G0 Z5.00               ; PEN UP

G0 X44.531 Y57.539   ; RAPID TO START
G1 Z0.00 F500    ; PEN DOWN
G4 P100           ; DWELL
G1 X44.063 Y57.070 F7200  ; DRAW LINE
G1 X44.063 Y54.609 F7200  ; DRAW LINE
G1 X44.648 Y54.258 F7200  ; DRAW LINE
G1 X46.992 Y54.258 F7200  ; DRAW LINE
G1 X47.578 Y54.609 F7200  ; DRAW LINE
G1 X47.461 Y57.422 F7200  ; DRAW LINE
G1 X44.531 Y57.539 F7200  ; DRAW LINE
G0 Z5.00               ; PEN UP

G0 X47.930 Y57.539   ; RAPID TO START
G1 Z0.00 F500    ; PEN DOWN
G4 P100           ; DWELL
G1 X47.930 Y54.258 F7200  ; DRAW LINE
G1 X48.867 Y54.258 F7200  ; DRAW LINE
G1 X48.867 Y55.195 F7200  ; DRAW LINE
G1 X49.219 Y55.430 F7200  ; DRAW LINE
G1 X50.273 Y54.258 F7200  ; DRAW LINE
G1 X51.914 Y54.258 F7200  ; DRAW LINE
G1 X52.383 Y54.961 F7200  ; DRAW LINE
G1 X53.672 Y54.961 F7200  ; DRAW LINE
G1 X53.906 Y54.375 F7200  ; DRAW LINE
G1 X55.078 Y54.258 F7200  ; DRAW LINE
G1 X53.438 Y57.539 F7200  ; DRAW LINE
G1 X52.500 Y57.539 F7200  ; DRAW LINE
G1 X51.211 Y54.844 F7200  ; DRAW LINE
G1 X50.508 Y55.313 F7200  ; DRAW LINE
G1 X50.977 Y55.547 F7200  ; DRAW LINE
G1 X51.123 Y56.162 F7200  ; DRAW LINE
G1 X51.094 Y57.070 F7200  ; DRAW LINE
G1 X50.625 Y57.539 F7200  ; DRAW LINE
G1 X47.930 Y57.539 F7200  ; DRAW LINE
G0 Z5.00               ; PEN UP

G0 X54.258 Y57.539   ; RAPID TO START
G1 Z0.00 F500    ; PEN DOWN
G4 P100           ; DWELL
G1 X54.258 Y56.602 F7200  ; DRAW LINE
G1 X55.430 Y56.602 F7200  ; DRAW LINE
G1 X55.430 Y54.375 F7200  ; DRAW LINE
G1 X55.664 Y54.258 F7200  ; DRAW LINE
G1 X56.484 Y54.258 F7200  ; DRAW LINE
G1 X56.719 Y56.602 F7200  ; DRAW LINE
G1 X57.539 Y56.602 F7200  ; DRAW LINE
G1 X57.656 Y54.609 F7200  ; DRAW LINE
G1 X58.359 Y54.258 F7200  ; DRAW LINE
G1 X60.703 Y54.258 F7200  ; DRAW LINE
G1 X61.172 Y54.609 F7200  ; DRAW LINE
G1 X61.172 Y57.188 F7200  ; DRAW LINE
G1 X60.820 Y57.539 F7200  ; DRAW LINE
G1 X58.125 Y57.539 F7200  ; DRAW LINE
G1 X57.656 Y57.188 F7200  ; DRAW LINE
G1 X57.656 Y57.539 F7200  ; DRAW LINE
G1 X54.258 Y57.539 F7200  ; DRAW LINE
G0 Z5.00               ; PEN UP

G0 X61.406 Y57.539   ; RAPID TO START
G1 Z0.00 F500    ; PEN DOWN
G4 P100           ; DWELL
G1 X61.406 Y54.375 F7200  ; DRAW LINE
G1 X62.125 Y54.219 F7200  ; DRAW LINE
G1 X62.461 Y54.375 F7200  ; DRAW LINE
G1 X62.461 Y55.313 F7200  ; DRAW LINE
G1 X62.813 Y55.430 F7200  ; DRAW LINE
G1 X63.867 Y54.258 F7200  ; DRAW LINE
G1 X64.922 Y54.375 F7200  ; DRAW LINE
G1 X64.102 Y55.313 F7200  ; DRAW LINE
G1 X64.570 Y55.664 F7200  ; DRAW LINE
G1 X64.805 Y56.719 F7200  ; DRAW LINE
G1 X65.625 Y55.664 F7200  ; DRAW LINE
G1 X65.655 Y54.311 F7200  ; DRAW LINE
G1 X66.563 Y54.258 F7200  ; DRAW LINE
G1 X66.797 Y55.781 F7200  ; DRAW LINE
G1 X68.086 Y57.305 F7200  ; DRAW LINE
G1 X68.086 Y57.539 F7200  ; DRAW LINE
G1 X67.148 Y57.539 F7200  ; DRAW LINE
G1 X66.211 Y56.602 F7200  ; DRAW LINE
G1 X65.391 Y57.539 F7200  ; DRAW LINE
G1 X61.406 Y57.539 F7200  ; DRAW LINE
G0 Z5.00               ; PEN UP

G0 X149.824 Y64.102   ; RAPID TO START
G1 Z0.00 F500    ; PEN DOWN
G4 P100           ; DWELL
G1 X149.883 Y63.281 F7200  ; DRAW LINE
G1 X152.285 Y63.281 F7200  ; DRAW LINE
G1 X151.348 Y60.234 F7200  ; DRAW LINE
G1 X150.059 Y60.234 F7200  ; DRAW LINE
G1 X149.883 Y60.938 F7200  ; DRAW LINE
G1 X151.055 Y60.938 F7200  ; DRAW LINE
G1 X151.406 Y62.578 F7200  ; DRAW LINE
G1 X149.180 Y62.578 F7200  ; DRAW LINE
G1 X149.180 Y63.984 F7200  ; DRAW LINE
G1 X149.824 Y64.102 F7200  ; DRAW LINE
G0 Z5.00               ; PEN UP

G0 X11.484 Y63.633   ; RAPID TO START
G1 Z0.00 F500    ; PEN DOWN
G4 P100           ; DWELL
G1 X12.188 Y63.633 F7200  ; DRAW LINE
G1 X12.246 Y62.227 F7200  ; DRAW LINE
G1 X14.648 Y62.227 F7200  ; DRAW LINE
G1 X14.648 Y63.633 F7200  ; DRAW LINE
G1 X15.234 Y63.633 F7200  ; DRAW LINE
G1 X15.234 Y60.293 F7200  ; DRAW LINE
G1 X14.648 Y60.410 F7200  ; DRAW LINE
G1 X14.648 Y61.758 F7200  ; DRAW LINE
G1 X12.246 Y61.758 F7200  ; DRAW LINE
G1 X12.188 Y60.410 F7200  ; DRAW LINE
G1 X11.660 Y60.234 F7200  ; DRAW LINE
G1 X11.484 Y63.633 F7200  ; DRAW LINE
G0 Z5.00               ; PEN UP

G0 X27.598 Y63.633   ; RAPID TO START
G1 Z0.00 F500    ; PEN DOWN
G4 P100           ; DWELL
G1 X30.234 Y63.516 F7200  ; DRAW LINE
G1 X30.352 Y62.930 F7200  ; DRAW LINE
G1 X27.773 Y63.164 F7200  ; DRAW LINE
G1 X27.656 Y62.637 F7200  ; DRAW LINE
G1 X27.773 Y62.227 F7200  ; DRAW LINE
G1 X30.059 Y62.227 F7200  ; DRAW LINE
G1 X30.517 Y61.569 F7200  ; DRAW LINE
G1 X30.300 Y60.391 F7200  ; DRAW LINE
G1 X27.598 Y60.234 F7200  ; DRAW LINE
G1 X27.188 Y60.645 F7200  ; DRAW LINE
G1 X27.338 Y61.126 F7200  ; DRAW LINE
G1 X27.715 Y60.703 F7200  ; DRAW LINE
G1 X29.707 Y60.703 F7200  ; DRAW LINE
G1 X29.927 Y61.011 F7200  ; DRAW LINE
G1 X29.707 Y61.758 F7200  ; DRAW LINE
G1 X27.480 Y61.758 F7200  ; DRAW LINE
G1 X27.188 Y62.051 F7200  ; DRAW LINE
G1 X27.186 Y63.207 F7200  ; DRAW LINE
G1 X27.598 Y63.633 F7200  ; DRAW LINE
G0 Z5.00               ; PEN UP

G0 X46.816 Y63.633   ; RAPID TO START
G1 Z0.00 F500    ; PEN DOWN
G4 P100           ; DWELL
G1 X49.277 Y63.633 F7200  ; DRAW LINE
G1 X49.922 Y63.281 F7200  ; DRAW LINE
G1 X50.234 Y61.948 F7200  ; DRAW LINE
G1 X49.922 Y60.586 F7200  ; DRAW LINE
G1 X49.160 Y60.234 F7200  ; DRAW LINE
G1 X46.816 Y60.234 F7200  ; DRAW LINE
G1 X46.816 Y63.633 F7200  ; DRAW LINE
G0 Z5.00               ; PEN UP

G0 X47.461 Y63.164   ; RAPID TO START
G1 Z0.00 F500    ; PEN DOWN
G4 P100           ; DWELL
G1 X47.227 Y62.930 F7200  ; DRAW LINE
G1 X47.278 Y60.745 F7200  ; DRAW LINE
G1 X49.453 Y60.938 F7200  ; DRAW LINE
G1 X49.641 Y62.250 F7200  ; DRAW LINE
G1 X49.219 Y63.164 F7200  ; DRAW LINE
G1 X47.461 Y63.164 F7200  ; DRAW LINE
G0 Z5.00               ; PEN UP

G0 X86.309 Y63.398   ; RAPID TO START
G1 Z0.00 F500    ; PEN DOWN
G4 P100           ; DWELL
G1 X88.418 Y63.398 F7200  ; DRAW LINE
G1 X89.941 Y62.813 F7200  ; DRAW LINE
G1 X90.703 Y62.871 F7200  ; DRAW LINE
G1 X89.473 Y60.938 F7200  ; DRAW LINE
G1 X88.580 Y61.686 F7200  ; DRAW LINE
G1 X87.253 Y61.999 F7200  ; DRAW LINE
G1 X85.851 Y61.864 F7200  ; DRAW LINE
G1 X84.961 Y61.113 F7200  ; DRAW LINE
G1 X85.137 Y60.352 F7200  ; DRAW LINE
G1 X88.184 Y59.648 F7200  ; DRAW LINE
G1 X89.297 Y58.887 F7200  ; DRAW LINE
G1 X89.531 Y57.715 F7200  ; DRAW LINE
G1 X88.652 Y56.016 F7200  ; DRAW LINE
G1 X87.244 Y55.127 F7200  ; DRAW LINE
G1 X85.401 Y54.673 F7200  ; DRAW LINE
G1 X84.316 Y54.609 F7200  ; DRAW LINE
G1 X81.211 Y55.371 F7200  ; DRAW LINE
G1 X82.676 Y57.656 F7200  ; DRAW LINE
G1 X82.948 Y56.780 F7200  ; DRAW LINE
G1 X84.516 Y56.168 F7200  ; DRAW LINE
G1 X86.660 Y56.367 F7200  ; DRAW LINE
G1 X87.422 Y57.012 F7200  ; DRAW LINE
G1 X87.117 Y57.970 F7200  ; DRAW LINE
G1 X84.082 Y58.594 F7200  ; DRAW LINE
G1 X82.969 Y59.473 F7200  ; DRAW LINE
G1 X82.904 Y60.534 F7200  ; DRAW LINE
G1 X83.564 Y61.924 F7200  ; DRAW LINE
G1 X84.691 Y62.836 F7200  ; DRAW LINE
G1 X86.309 Y63.398 F7200  ; DRAW LINE
G0 Z5.00               ; PEN UP

G0 X108.457 Y63.398   ; RAPID TO START
G1 Z0.00 F500    ; PEN DOWN
G4 P100           ; DWELL
G1 X110.566 Y63.398 F7200  ; DRAW LINE
G1 X112.441 Y62.813 F7200  ; DRAW LINE
G1 X112.734 Y62.988 F7200  ; DRAW LINE
G1 X111.504 Y60.938 F7200  ; DRAW LINE
G1 X110.918 Y61.641 F7200  ; DRAW LINE
G1 X109.610 Y62.020 F7200  ; DRAW LINE
G1 X108.111 Y61.917 F7200  ; DRAW LINE
G1 X107.109 Y61.230 F7200  ; DRAW LINE
G1 X106.992 Y60.645 F7200  ; DRAW LINE
G1 X107.402 Y60.234 F7200  ; DRAW LINE
G1 X110.332 Y59.648 F7200  ; DRAW LINE
G1 X111.328 Y58.887 F7200  ; DRAW LINE
G1 X111.563 Y57.949 F7200  ; DRAW LINE
G1 X111.007 Y56.466 F7200  ; DRAW LINE
G1 X109.622 Y55.319 F7200  ; DRAW LINE
G1 X107.826 Y54.772 F7200  ; DRAW LINE
G1 X105.527 Y54.727 F7200  ; DRAW LINE
G1 X103.184 Y55.313 F7200  ; DRAW LINE
G1 X104.590 Y57.539 F7200  ; DRAW LINE
G1 X105.059 Y56.719 F7200  ; DRAW LINE
G1 X105.645 Y56.367 F7200  ; DRAW LINE
G1 X107.285 Y56.133 F7200  ; DRAW LINE
G1 X109.219 Y56.719 F7200  ; DRAW LINE
G1 X109.453 Y57.598 F7200  ; DRAW LINE
G1 X108.809 Y58.125 F7200  ; DRAW LINE
G1 X106.465 Y58.477 F7200  ; DRAW LINE
G1 X105.234 Y59.063 F7200  ; DRAW LINE
G1 X104.888 Y59.787 F7200  ; DRAW LINE
G1 X105.017 Y60.979 F7200  ; DRAW LINE
G1 X105.685 Y62.069 F7200  ; DRAW LINE
G1 X106.845 Y62.901 F7200  ; DRAW LINE
G1 X108.457 Y63.398 F7200  ; DRAW LINE
G0 Z5.00               ; PEN UP

G0 X73.535 Y63.281   ; RAPID TO START
G1 Z0.00 F500    ; PEN DOWN
G4 P100           ; DWELL
G1 X76.055 Y63.223 F7200  ; DRAW LINE
G1 X75.586 Y62.637 F7200  ; DRAW LINE
G1 X74.883 Y59.883 F7200  ; DRAW LINE
G1 X78.574 Y59.883 F7200  ; DRAW LINE
G1 X79.453 Y62.871 F7200  ; DRAW LINE
G1 X79.219 Y63.223 F7200  ; DRAW LINE
G1 X81.738 Y63.281 F7200  ; DRAW LINE
G1 X79.219 Y55.488 F7200  ; DRAW LINE
G1 X79.277 Y54.727 F7200  ; DRAW LINE
G1 X76.992 Y54.785 F7200  ; DRAW LINE
G1 X78.047 Y58.242 F7200  ; DRAW LINE
G1 X74.355 Y58.242 F7200  ; DRAW LINE
G1 X73.552 Y56.022 F7200  ; DRAW LINE
G1 X73.535 Y54.727 F7200  ; DRAW LINE
G1 X71.133 Y54.785 F7200  ; DRAW LINE
G1 X73.711 Y62.754 F7200  ; DRAW LINE
G1 X73.535 Y63.281 F7200  ; DRAW LINE
G0 Z5.00               ; PEN UP

G0 X96.270 Y63.281   ; RAPID TO START
G1 Z0.00 F500    ; PEN DOWN
G4 P100           ; DWELL
G1 X100.862 Y63.245 F7200  ; DRAW LINE
G1 X102.162 Y62.787 F7200  ; DRAW LINE
G1 X102.921 Y62.081 F7200  ; DRAW LINE
G1 X103.359 Y60.468 F7200  ; DRAW LINE
G1 X103.006 Y58.525 F7200  ; DRAW LINE
G1 X102.368 Y57.159 F7200  ; DRAW LINE
G1 X101.074 Y55.781 F7200  ; DRAW LINE
G1 X98.965 Y54.844 F7200  ; DRAW LINE
G1 X93.867 Y54.727 F7200  ; DRAW LINE
G1 X96.445 Y62.871 F7200  ; DRAW LINE
G1 X96.270 Y63.281 F7200  ; DRAW LINE
G0 Z5.00               ; PEN UP

G0 X97.969 Y61.641   ; RAPID TO START
G1 Z0.00 F500    ; PEN DOWN
G4 P100           ; DWELL
G1 X96.563 Y56.367 F7200  ; DRAW LINE
G1 X98.438 Y56.367 F7200  ; DRAW LINE
G1 X99.844 Y56.836 F7200  ; DRAW LINE
G1 X101.173 Y58.882 F7200  ; DRAW LINE
G1 X101.133 Y60.938 F7200  ; DRAW LINE
G1 X100.313 Y61.641 F7200  ; DRAW LINE
G1 X97.969 Y61.641 F7200  ; DRAW LINE
G0 Z5.00               ; PEN UP

G0 X114.668 Y63.281   ; RAPID TO START
G1 Z0.00 F500    ; PEN DOWN
G4 P100           ; DWELL
G1 X117.305 Y63.223 F7200  ; DRAW LINE
G1 X116.719 Y62.414 F7200  ; DRAW LINE
G1 X115.078 Y56.426 F7200  ; DRAW LINE
G1 X119.590 Y56.367 F7200  ; DRAW LINE
G1 X120.176 Y56.719 F7200  ; DRAW LINE
G1 X119.473 Y54.492 F7200  ; DRAW LINE
G1 X119.238 Y54.727 F7200  ; DRAW LINE
G1 X112.383 Y54.785 F7200  ; DRAW LINE
G1 X112.882 Y55.435 F7200  ; DRAW LINE
G1 X114.844 Y62.285 F7200  ; DRAW LINE
G1 X114.668 Y63.281 F7200  ; DRAW LINE
G0 Z5.00               ; PEN UP

G0 X126.738 Y63.281   ; RAPID TO START
G1 Z0.00 F500    ; PEN DOWN
G4 P100           ; DWELL
G1 X130.430 Y63.281 F7200  ; DRAW LINE
G1 X130.430 Y60.234 F7200  ; DRAW LINE
G1 X129.727 Y60.234 F7200  ; DRAW LINE
G1 X129.727 Y62.578 F7200  ; DRAW LINE
G1 X128.086 Y62.578 F7200  ; DRAW LINE
G1 X128.086 Y60.527 F7200  ; DRAW LINE
G1 X127.676 Y60.234 F7200  ; DRAW LINE
G1 X126.445 Y60.234 F7200  ; DRAW LINE
G1 X126.738 Y60.938 F7200  ; DRAW LINE
G1 X127.383 Y60.938 F7200  ; DRAW LINE
G1 X127.383 Y62.578 F7200  ; DRAW LINE
G1 X126.944 Y62.535 F7200  ; DRAW LINE
G1 X126.738 Y63.281 F7200  ; DRAW LINE
G0 Z5.00               ; PEN UP

G0 X131.250 Y63.281   ; RAPID TO START
G1 Z0.00 F500    ; PEN DOWN
G4 P100           ; DWELL
G1 X132.188 Y63.281 F7200  ; DRAW LINE
G1 X132.305 Y60.234 F7200  ; DRAW LINE
G1 X131.367 Y60.410 F7200  ; DRAW LINE
G1 X131.250 Y63.281 F7200  ; DRAW LINE
G0 Z5.00               ; PEN UP

G0 X133.125 Y63.281   ; RAPID TO START
G1 Z0.00 F500    ; PEN DOWN
G4 P100           ; DWELL
G1 X136.172 Y63.281 F7200  ; DRAW LINE
G1 X136.172 Y60.762 F7200  ; DRAW LINE
G1 X135.879 Y60.352 F7200  ; DRAW LINE
G1 X132.949 Y60.234 F7200  ; DRAW LINE
G1 X133.125 Y60.938 F7200  ; DRAW LINE
G1 X135.352 Y60.938 F7200  ; DRAW LINE
G1 X135.352 Y62.578 F7200  ; DRAW LINE
G1 X133.418 Y62.578 F7200  ; DRAW LINE
G1 X133.125 Y63.281 F7200  ; DRAW LINE
G0 Z5.00               ; PEN UP

G0 X136.758 Y63.281   ; RAPID TO START
G1 Z0.00 F500    ; PEN DOWN
G4 P100           ; DWELL
G1 X139.688 Y63.281 F7200  ; DRAW LINE
G1 X139.688 Y60.234 F7200  ; DRAW LINE
G1 X138.867 Y60.234 F7200  ; DRAW LINE
G1 X138.867 Y62.578 F7200  ; DRAW LINE
G1 X137.051 Y62.578 F7200  ; DRAW LINE
G1 X136.758 Y63.281 F7200  ; DRAW LINE
G0 Z5.00               ; PEN UP

G0 X140.801 Y63.281   ; RAPID TO START
G1 Z0.00 F500    ; PEN DOWN
G4 P100           ; DWELL
G1 X141.914 Y63.105 F7200  ; DRAW LINE
G1 X142.266 Y60.938 F7200  ; DRAW LINE
G1 X143.027 Y60.938 F7200  ; DRAW LINE
G1 X143.555 Y62.520 F7200  ; DRAW LINE
G1 X142.852 Y62.754 F7200  ; DRAW LINE
G1 X143.145 Y63.281 F7200  ; DRAW LINE
G1 X144.434 Y63.281 F7200  ; DRAW LINE
G1 X143.496 Y60.234 F7200  ; DRAW LINE
G1 X140.391 Y60.293 F7200  ; DRAW LINE
G1 X140.801 Y60.938 F7200  ; DRAW LINE
G1 X141.563 Y60.938 F7200  ; DRAW LINE
G1 X141.211 Y62.578 F7200  ; DRAW LINE
G1 X140.521 Y62.634 F7200  ; DRAW LINE
G1 X140.801 Y63.281 F7200  ; DRAW LINE
G0 Z5.00               ; PEN UP

G0 X144.785 Y63.281   ; RAPID TO START
G1 Z0.00 F500    ; PEN DOWN
G4 P100           ; DWELL
G1 X148.359 Y63.281 F7200  ; DRAW LINE
G1 X148.359 Y60.645 F7200  ; DRAW LINE
G1 X147.949 Y60.234 F7200  ; DRAW LINE
G1 X146.250 Y60.234 F7200  ; DRAW LINE
G1 X146.133 Y60.879 F7200  ; DRAW LINE
G1 X147.539 Y60.938 F7200  ; DRAW LINE
G1 X147.539 Y62.578 F7200  ; DRAW LINE
G1 X146.133 Y62.578 F7200  ; DRAW LINE
G1 X145.547 Y60.234 F7200  ; DRAW LINE
G1 X144.785 Y60.234 F7200  ; DRAW LINE
G1 X145.313 Y62.695 F7200  ; DRAW LINE
G1 X144.978 Y62.674 F7200  ; DRAW LINE
G1 X144.785 Y63.281 F7200  ; DRAW LINE
G0 Z5.00               ; PEN UP

G0 X162.832 Y63.281   ; RAPID TO START
G1 Z0.00 F500    ; PEN DOWN
G4 P100           ; DWELL
G1 X165.730 Y63.249 F7200  ; DRAW LINE
G1 X165.703 Y60.820 F7200  ; DRAW LINE
G1 X166.289 Y60.820 F7200  ; DRAW LINE
G1 X166.055 Y60.117 F7200  ; DRAW LINE
G1 X162.598 Y60.117 F7200  ; DRAW LINE
G1 X162.773 Y60.820 F7200  ; DRAW LINE
G1 X165.000 Y60.820 F7200  ; DRAW LINE
G1 X165.000 Y62.578 F7200  ; DRAW LINE
G1 X163.066 Y62.578 F7200  ; DRAW LINE
G1 X162.832 Y63.281 F7200  ; DRAW LINE
G0 Z5.00               ; PEN UP

G0 X167.051 Y63.281   ; RAPID TO START
G1 Z0.00 F500    ; PEN DOWN
G4 P100           ; DWELL
G1 X168.001 Y63.175 F7200  ; DRAW LINE
G1 X168.184 Y61.356 F7200  ; DRAW LINE
G1 X168.457 Y60.820 F7200  ; DRAW LINE
G1 X168.855 Y60.724 F7200  ; DRAW LINE
G1 X169.570 Y62.578 F7200  ; DRAW LINE
G1 X168.911 Y62.590 F7200  ; DRAW LINE
G1 X168.984 Y63.164 F7200  ; DRAW LINE
G1 X170.449 Y63.281 F7200  ; DRAW LINE
G1 X169.512 Y60.234 F7200  ; DRAW LINE
G1 X166.523 Y60.117 F7200  ; DRAW LINE
G1 X166.758 Y60.820 F7200  ; DRAW LINE
G1 X167.578 Y60.820 F7200  ; DRAW LINE
G1 X167.344 Y62.578 F7200  ; DRAW LINE
G1 X166.523 Y62.637 F7200  ; DRAW LINE
G1 X167.051 Y63.281 F7200  ; DRAW LINE
G0 Z5.00               ; PEN UP

G0 X154.570 Y63.164   ; RAPID TO START
G1 Z0.00 F500    ; PEN DOWN
G4 P100           ; DWELL
G1 X157.969 Y63.164 F7200  ; DRAW LINE
G1 X157.927 Y60.228 F7200  ; DRAW LINE
G1 X157.148 Y60.117 F7200  ; DRAW LINE
G1 X157.148 Y62.520 F7200  ; DRAW LINE
G1 X154.980 Y62.461 F7200  ; DRAW LINE
G1 X154.570 Y63.164 F7200  ; DRAW LINE
G0 Z5.00               ; PEN UP

G0 X158.613 Y63.164   ; RAPID TO START
G1 Z0.00 F500    ; PEN DOWN
G4 P100           ; DWELL
G1 X162.305 Y63.105 F7200  ; DRAW LINE
G1 X162.012 Y62.578 F7200  ; DRAW LINE
G1 X161.367 Y62.578 F7200  ; DRAW LINE
G1 X161.367 Y60.176 F7200  ; DRAW LINE
G1 X160.547 Y60.293 F7200  ; DRAW LINE
G1 X160.547 Y62.461 F7200  ; DRAW LINE
G1 X158.938 Y62.464 F7200  ; DRAW LINE
G1 X158.613 Y63.164 F7200  ; DRAW LINE
G0 Z5.00               ; PEN UP

G0 X170.918 Y63.164   ; RAPID TO START
G1 Z0.00 F500    ; PEN DOWN
G4 P100           ; DWELL
G1 X174.434 Y63.164 F7200  ; DRAW LINE
G1 X174.375 Y60.527 F7200  ; DRAW LINE
G1 X174.082 Y60.234 F7200  ; DRAW LINE
G1 X172.383 Y60.117 F7200  ; DRAW LINE
G1 X172.441 Y60.938 F7200  ; DRAW LINE
G1 X173.672 Y60.996 F7200  ; DRAW LINE
G1 X173.672 Y62.578 F7200  ; DRAW LINE
G1 X172.324 Y62.578 F7200  ; DRAW LINE
G1 X171.680 Y60.117 F7200  ; DRAW LINE
G1 X170.742 Y60.117 F7200  ; DRAW LINE
G1 X171.445 Y62.520 F7200  ; DRAW LINE
G1 X170.977 Y62.754 F7200  ; DRAW LINE
G1 X170.918 Y63.164 F7200  ; DRAW LINE
G0 Z5.00               ; PEN UP

G0 X16.172 Y63.047   ; RAPID TO START
G1 Z0.00 F500    ; PEN DOWN
G4 P100           ; DWELL
G1 X16.641 Y62.988 F7200  ; DRAW LINE
G1 X16.641 Y60.234 F7200  ; DRAW LINE
G1 X16.172 Y60.293 F7200  ; DRAW LINE
G1 X16.172 Y63.047 F7200  ; DRAW LINE
G0 Z5.00               ; PEN UP

G0 X17.754 Y63.047   ; RAPID TO START
G1 Z0.00 F500    ; PEN DOWN
G4 P100           ; DWELL
G1 X20.215 Y63.047 F7200  ; DRAW LINE
G1 X20.508 Y62.344 F7200  ; DRAW LINE
G1 X20.309 Y62.280 F7200  ; DRAW LINE
G1 X19.863 Y62.695 F7200  ; DRAW LINE
G1 X17.930 Y62.520 F7200  ; DRAW LINE
G1 X17.930 Y60.703 F7200  ; DRAW LINE
G1 X19.922 Y60.703 F7200  ; DRAW LINE
G1 X19.922 Y61.523 F7200  ; DRAW LINE
G1 X19.160 Y61.523 F7200  ; DRAW LINE
G1 X19.102 Y61.758 F7200  ; DRAW LINE
G1 X20.508 Y61.758 F7200  ; DRAW LINE
G1 X20.508 Y60.469 F7200  ; DRAW LINE
G1 X17.871 Y60.234 F7200  ; DRAW LINE
G1 X17.461 Y60.645 F7200  ; DRAW LINE
G1 X17.461 Y62.754 F7200  ; DRAW LINE
G1 X17.754 Y63.047 F7200  ; DRAW LINE
G0 Z5.00               ; PEN UP

G0 X21.328 Y63.047   ; RAPID TO START
G1 Z0.00 F500    ; PEN DOWN
G4 P100           ; DWELL
G1 X21.797 Y63.047 F7200  ; DRAW LINE
G1 X21.973 Y61.875 F7200  ; DRAW LINE
G1 X23.906 Y61.875 F7200  ; DRAW LINE
G1 X23.906 Y63.047 F7200  ; DRAW LINE
G1 X24.375 Y63.047 F7200  ; DRAW LINE
G1 X24.375 Y60.293 F7200  ; DRAW LINE
G1 X23.906 Y60.410 F7200  ; DRAW LINE
G1 X23.906 Y61.523 F7200  ; DRAW LINE
G1 X21.797 Y61.523 F7200  ; DRAW LINE
G1 X21.797 Y60.234 F7200  ; DRAW LINE
G1 X21.328 Y60.234 F7200  ; DRAW LINE
G1 X21.328 Y63.047 F7200  ; DRAW LINE
G0 Z5.00               ; PEN UP

G0 X31.172 Y63.047   ; RAPID TO START
G1 Z0.00 F500    ; PEN DOWN
G4 P100           ; DWELL
G1 X33.574 Y63.047 F7200  ; DRAW LINE
G1 X33.867 Y62.754 F7200  ; DRAW LINE
G1 X33.867 Y61.699 F7200  ; DRAW LINE
G1 X33.457 Y61.406 F7200  ; DRAW LINE
G1 X31.641 Y61.406 F7200  ; DRAW LINE
G1 X31.641 Y60.234 F7200  ; DRAW LINE
G1 X31.172 Y60.234 F7200  ; DRAW LINE
G1 X31.172 Y63.047 F7200  ; DRAW LINE
G0 Z5.00               ; PEN UP

G0 X31.641 Y62.695   ; RAPID TO START
G1 Z0.00 F500    ; PEN DOWN
G4 P100           ; DWELL
G1 X31.641 Y61.758 F7200  ; DRAW LINE
G1 X33.507 Y61.870 F7200  ; DRAW LINE
G1 X33.398 Y62.695 F7200  ; DRAW LINE
G1 X31.641 Y62.695 F7200  ; DRAW LINE
G0 Z5.00               ; PEN UP

G0 X34.570 Y63.047   ; RAPID TO START
G1 Z0.00 F500    ; PEN DOWN
G4 P100           ; DWELL
G1 X37.266 Y62.871 F7200  ; DRAW LINE
G1 X35.039 Y62.695 F7200  ; DRAW LINE
G1 X35.039 Y61.875 F7200  ; DRAW LINE
G1 X36.328 Y61.699 F7200  ; DRAW LINE
G1 X35.039 Y61.523 F7200  ; DRAW LINE
G1 X35.039 Y60.586 F7200  ; DRAW LINE
G1 X36.738 Y60.703 F7200  ; DRAW LINE
G1 X37.266 Y60.586 F7200  ; DRAW LINE
G1 X37.207 Y60.234 F7200  ; DRAW LINE
G1 X34.570 Y60.410 F7200  ; DRAW LINE
G1 X34.570 Y63.047 F7200  ; DRAW LINE
G0 Z5.00               ; PEN UP

G0 X37.852 Y63.047   ; RAPID TO START
G1 Z0.00 F500    ; PEN DOWN
G4 P100           ; DWELL
G1 X40.488 Y63.047 F7200  ; DRAW LINE
G1 X40.547 Y62.695 F7200  ; DRAW LINE
G1 X38.496 Y62.695 F7200  ; DRAW LINE
G1 X38.224 Y62.122 F7200  ; DRAW LINE
G1 X38.341 Y61.864 F7200  ; DRAW LINE
G1 X39.609 Y61.699 F7200  ; DRAW LINE
G1 X38.320 Y61.523 F7200  ; DRAW LINE
G1 X38.496 Y60.586 F7200  ; DRAW LINE
G1 X40.547 Y60.586 F7200  ; DRAW LINE
G1 X40.371 Y60.234 F7200  ; DRAW LINE
G1 X37.969 Y60.234 F7200  ; DRAW LINE
G1 X37.852 Y63.047 F7200  ; DRAW LINE
G0 Z5.00               ; PEN UP

G0 X41.133 Y63.047   ; RAPID TO START
G1 Z0.00 F500    ; PEN DOWN
G4 P100           ; DWELL
G1 X43.301 Y63.047 F7200  ; DRAW LINE
G1 X44.063 Y62.520 F7200  ; DRAW LINE
G1 X44.180 Y61.230 F7200  ; DRAW LINE
G1 X43.652 Y60.469 F7200  ; DRAW LINE
G1 X42.420 Y60.154 F7200  ; DRAW LINE
G1 X41.133 Y60.410 F7200  ; DRAW LINE
G1 X41.133 Y63.047 F7200  ; DRAW LINE
G0 Z5.00               ; PEN UP

G0 X41.836 Y62.695   ; RAPID TO START
G1 Z0.00 F500    ; PEN DOWN
G4 P100           ; DWELL
G1 X41.602 Y62.461 F7200  ; DRAW LINE
G1 X41.602 Y60.703 F7200  ; DRAW LINE
G1 X43.359 Y60.703 F7200  ; DRAW LINE
G1 X43.711 Y61.378 F7200  ; DRAW LINE
G1 X43.608 Y62.263 F7200  ; DRAW LINE
G1 X43.008 Y62.666 F7200  ; DRAW LINE
G1 X41.836 Y62.695 F7200  ; DRAW LINE
G0 Z5.00               ; PEN UP

G0 X51.035 Y63.047   ; RAPID TO START
G1 Z0.00 F500    ; PEN DOWN
G4 P100           ; DWELL
G1 X51.445 Y62.988 F7200  ; DRAW LINE
G1 X51.445 Y60.410 F7200  ; DRAW LINE
G1 X51.035 Y60.234 F7200  ; DRAW LINE
G1 X51.035 Y63.047 F7200  ; DRAW LINE
G0 Z5.00               ; PEN UP

G0 X52.441 Y63.047   ; RAPID TO START
G1 Z0.00 F500    ; PEN DOWN
G4 P100           ; DWELL
G1 X54.902 Y63.047 F7200  ; DRAW LINE
G1 X55.195 Y62.344 F7200  ; DRAW LINE
G1 X54.668 Y62.695 F7200  ; DRAW LINE
G1 X52.734 Y62.695 F7200  ; DRAW LINE
G1 X52.734 Y60.586 F7200  ; DRAW LINE
G1 X54.429 Y60.702 F7200  ; DRAW LINE
G1 X54.727 Y60.879 F7200  ; DRAW LINE
G1 X54.690 Y61.416 F7200  ; DRAW LINE
G1 X53.915 Y61.494 F7200  ; DRAW LINE
G1 X53.789 Y61.758 F7200  ; DRAW LINE
G1 X55.195 Y61.758 F7200  ; DRAW LINE
G1 X55.195 Y60.527 F7200  ; DRAW LINE
G1 X54.785 Y60.234 F7200  ; DRAW LINE
G1 X52.676 Y60.234 F7200  ; DRAW LINE
G1 X52.266 Y60.527 F7200  ; DRAW LINE
G1 X52.441 Y63.047 F7200  ; DRAW LINE
G0 Z5.00               ; PEN UP

G0 X56.016 Y63.047   ; RAPID TO START
G1 Z0.00 F500    ; PEN DOWN
G4 P100           ; DWELL
G1 X56.484 Y62.988 F7200  ; DRAW LINE
G1 X56.484 Y60.234 F7200  ; DRAW LINE
G1 X56.016 Y60.293 F7200  ; DRAW LINE
G1 X56.016 Y63.047 F7200  ; DRAW LINE
G0 Z5.00               ; PEN UP

G0 X57.070 Y63.047   ; RAPID TO START
G1 Z0.00 F500    ; PEN DOWN
G4 P100           ; DWELL
G1 X59.941 Y63.047 F7200  ; DRAW LINE
G1 X60.000 Y62.695 F7200  ; DRAW LINE
G1 X58.711 Y62.520 F7200  ; DRAW LINE
G1 X58.535 Y60.234 F7200  ; DRAW LINE
G1 X58.242 Y60.293 F7200  ; DRAW LINE
G1 X58.242 Y62.695 F7200  ; DRAW LINE
G1 X57.129 Y62.695 F7200  ; DRAW LINE
G1 X57.070 Y63.047 F7200  ; DRAW LINE
G0 Z5.00               ; PEN UP

G0 X61.348 Y63.047   ; RAPID TO START
G1 Z0.00 F500    ; PEN DOWN
G4 P100           ; DWELL
G1 X61.875 Y62.871 F7200  ; DRAW LINE
G1 X63.164 Y60.234 F7200  ; DRAW LINE
G1 X62.647 Y60.337 F7200  ; DRAW LINE
G1 X62.285 Y60.938 F7200  ; DRAW LINE
G1 X60.645 Y60.938 F7200  ; DRAW LINE
G1 X59.885 Y60.236 F7200  ; DRAW LINE
G1 X61.348 Y63.047 F7200  ; DRAW LINE
G0 Z5.00               ; PEN UP

G0 X61.523 Y62.578   ; RAPID TO START
G1 Z0.00 F500    ; PEN DOWN
G4 P100           ; DWELL
G1 X60.820 Y61.289 F7200  ; DRAW LINE
G1 X62.109 Y61.406 F7200  ; DRAW LINE
G1 X61.523 Y62.578 F7200  ; DRAW LINE
G0 Z5.00               ; PEN UP

G0 X63.750 Y63.047   ; RAPID TO START
G1 Z0.00 F500    ; PEN DOWN
G4 P100           ; DWELL
G1 X64.219 Y62.988 F7200  ; DRAW LINE
G1 X64.219 Y60.703 F7200  ; DRAW LINE
G1 X66.328 Y60.586 F7200  ; DRAW LINE
G1 X66.349 Y60.369 F7200  ; DRAW LINE
G1 X63.750 Y60.234 F7200  ; DRAW LINE
G1 X63.750 Y63.047 F7200  ; DRAW LINE
G0 Z5.00               ; PEN UP

G0 X76.348 Y63.047   ; RAPID TO START
G1 Z0.00 F500    ; PEN DOWN
G4 P100           ; DWELL
G1 X76.230 Y60.117 F7200  ; DRAW LINE
G1 X75.293 Y60.117 F7200  ; DRAW LINE
G1 X75.820 Y62.402 F7200  ; DRAW LINE
G1 X76.348 Y63.047 F7200  ; DRAW LINE
G0 Z5.00               ; PEN UP

G0 X28.184 Y62.930   ; RAPID TO START
G1 Z0.00 F500    ; PEN DOWN
G4 P100           ; DWELL
G1 X29.473 Y62.930 F7200  ; DRAW LINE
G1 X29.590 Y62.461 F7200  ; DRAW LINE
G1 X28.008 Y62.461 F7200  ; DRAW LINE
G1 X28.184 Y62.930 F7200  ; DRAW LINE
G0 Z5.00               ; PEN UP

G0 X47.578 Y62.813   ; RAPID TO START
G1 Z0.00 F500    ; PEN DOWN
G4 P100           ; DWELL
G1 X49.219 Y62.637 F7200  ; DRAW LINE
G1 X49.043 Y61.055 F7200  ; DRAW LINE
G1 X47.578 Y61.055 F7200  ; DRAW LINE
G1 X47.578 Y62.813 F7200  ; DRAW LINE
G0 Z5.00               ; PEN UP

G0 X168.457 Y62.578   ; RAPID TO START
G1 Z0.00 F500    ; PEN DOWN
G4 P100           ; DWELL
G1 X169.102 Y62.227 F7200  ; DRAW LINE
G1 X168.867 Y61.172 F7200  ; DRAW LINE
G1 X168.516 Y61.172 F7200  ; DRAW LINE
G1 X168.457 Y62.578 F7200  ; DRAW LINE
G0 Z5.00               ; PEN UP

G0 X32.051 Y62.461   ; RAPID TO START
G1 Z0.00 F500    ; PEN DOWN
G4 P100           ; DWELL
G1 X33.281 Y62.168 F7200  ; DRAW LINE
G1 X31.992 Y61.992 F7200  ; DRAW LINE
G1 X32.051 Y62.461 F7200  ; DRAW LINE
G0 Z5.00               ; PEN UP

G0 X18.281 Y62.344   ; RAPID TO START
G1 Z0.00 F500    ; PEN DOWN
G4 P100           ; DWELL
G1 X19.629 Y62.344 F7200  ; DRAW LINE
G1 X19.688 Y62.109 F7200  ; DRAW LINE
G1 X18.960 Y62.053 F7200  ; DRAW LINE
G1 X18.824 Y61.575 F7200  ; DRAW LINE
G1 X18.935 Y61.292 F7200  ; DRAW LINE
G1 X19.688 Y61.172 F7200  ; DRAW LINE
G1 X19.629 Y60.938 F7200  ; DRAW LINE
G1 X18.281 Y60.938 F7200  ; DRAW LINE
G1 X18.281 Y62.344 F7200  ; DRAW LINE
G0 Z5.00               ; PEN UP

G0 X41.953 Y62.344   ; RAPID TO START
G1 Z0.00 F500    ; PEN DOWN
G4 P100           ; DWELL
G1 X43.184 Y62.344 F7200  ; DRAW LINE
G1 X43.431 Y61.639 F7200  ; DRAW LINE
G1 X43.247 Y61.062 F7200  ; DRAW LINE
G1 X41.953 Y60.938 F7200  ; DRAW LINE
G1 X41.953 Y62.344 F7200  ; DRAW LINE
G0 Z5.00               ; PEN UP

G0 X52.969 Y62.344   ; RAPID TO START
G1 Z0.00 F500    ; PEN DOWN
G4 P100           ; DWELL
G1 X54.316 Y62.344 F7200  ; DRAW LINE
G1 X54.492 Y62.168 F7200  ; DRAW LINE
G1 X53.555 Y61.992 F7200  ; DRAW LINE
G1 X53.498 Y61.557 F7200  ; DRAW LINE
G1 X53.730 Y61.172 F7200  ; DRAW LINE
G1 X54.351 Y61.200 F7200  ; DRAW LINE
G1 X54.375 Y60.938 F7200  ; DRAW LINE
G1 X52.969 Y60.938 F7200  ; DRAW LINE
G1 X52.969 Y62.344 F7200  ; DRAW LINE
G0 Z5.00               ; PEN UP

G0 X146.660 Y62.344   ; RAPID TO START
G1 Z0.00 F500    ; PEN DOWN
G4 P100           ; DWELL
G1 X147.277 Y62.222 F7200  ; DRAW LINE
G1 X147.305 Y61.172 F7200  ; DRAW LINE
G1 X146.250 Y61.172 F7200  ; DRAW LINE
G1 X146.367 Y62.227 F7200  ; DRAW LINE
G1 X146.660 Y62.344 F7200  ; DRAW LINE
G0 Z5.00               ; PEN UP

G0 X172.383 Y62.227   ; RAPID TO START
G1 Z0.00 F500    ; PEN DOWN
G4 P100           ; DWELL
G1 X173.320 Y62.227 F7200  ; DRAW LINE
G1 X173.320 Y61.172 F7200  ; DRAW LINE
G1 X172.148 Y61.230 F7200  ; DRAW LINE
G1 X172.383 Y62.227 F7200  ; DRAW LINE
G0 Z5.00               ; PEN UP

G0 X61.465 Y61.992   ; RAPID TO START
G1 Z0.00 F500    ; PEN DOWN
G4 P100           ; DWELL
G1 X61.758 Y61.758 F7200  ; DRAW LINE
G1 X61.582 Y61.523 F7200  ; DRAW LINE
G1 X61.289 Y61.699 F7200  ; DRAW LINE
G1 X61.465 Y61.992 F7200  ; DRAW LINE
G0 Z5.00               ; PEN UP

G0 X154.688 Y61.875   ; RAPID TO START
G1 Z0.00 F500    ; PEN DOWN
G4 P100           ; DWELL
G1 X155.625 Y61.875 F7200  ; DRAW LINE
G1 X155.508 Y60.117 F7200  ; DRAW LINE
G1 X154.688 Y60.293 F7200  ; DRAW LINE
G1 X154.688 Y61.875 F7200  ; DRAW LINE
G0 Z5.00               ; PEN UP

G0 X27.891 Y61.406   ; RAPID TO START
G1 Z0.00 F500    ; PEN DOWN
G4 P100           ; DWELL
G1 X29.648 Y61.230 F7200  ; DRAW LINE
G1 X29.473 Y60.938 F7200  ; DRAW LINE
G1 X28.397 Y60.923 F7200  ; DRAW LINE
G1 X27.891 Y61.055 F7200  ; DRAW LINE
G1 X27.891 Y61.406 F7200  ; DRAW LINE
G0 Z5.00               ; PEN UP

G0 X98.379 Y61.406   ; RAPID TO START
G1 Z0.00 F500    ; PEN DOWN
G4 P100           ; DWELL
G1 X99.688 Y61.449 F7200  ; DRAW LINE
G1 X100.595 Y61.091 F7200  ; DRAW LINE
G1 X100.898 Y60.762 F7200  ; DRAW LINE
G1 X100.939 Y59.292 F7200  ; DRAW LINE
G1 X100.362 Y57.994 F7200  ; DRAW LINE
G1 X99.493 Y57.046 F7200  ; DRAW LINE
G1 X98.584 Y56.689 F7200  ; DRAW LINE
G1 X96.973 Y56.719 F7200  ; DRAW LINE
G1 X98.379 Y61.406 F7200  ; DRAW LINE
G0 Z5.00               ; PEN UP

G0 X100.078 Y60.938   ; RAPID TO START
G1 Z0.00 F500    ; PEN DOWN
G4 P100           ; DWELL
G1 X100.313 Y58.359 F7200  ; DRAW LINE
G1 X100.388 Y60.741 F7200  ; DRAW LINE
G1 X100.078 Y60.938 F7200  ; DRAW LINE
G0 Z5.00               ; PEN UP

G0 X7.910 Y57.773   ; RAPID TO START
G1 Z0.00 F500    ; PEN DOWN
G4 P100           ; DWELL
G1 X10.664 Y57.598 F7200  ; DRAW LINE
G1 X10.781 Y57.246 F7200  ; DRAW LINE
G1 X10.488 Y57.070 F7200  ; DRAW LINE
G1 X10.313 Y57.422 F7200  ; DRAW LINE
G1 X8.086 Y57.246 F7200  ; DRAW LINE
G1 X8.203 Y56.484 F7200  ; DRAW LINE
G1 X10.488 Y56.484 F7200  ; DRAW LINE
G1 X10.898 Y56.074 F7200  ; DRAW LINE
G1 X10.605 Y54.609 F7200  ; DRAW LINE
G1 X7.734 Y54.785 F7200  ; DRAW LINE
G1 X7.617 Y55.313 F7200  ; DRAW LINE
G1 X8.086 Y55.313 F7200  ; DRAW LINE
G1 X8.145 Y54.961 F7200  ; DRAW LINE
G1 X10.137 Y54.961 F7200  ; DRAW LINE
G1 X10.369 Y55.362 F7200  ; DRAW LINE
G1 X10.137 Y56.016 F7200  ; DRAW LINE
G1 X7.910 Y56.016 F7200  ; DRAW LINE
G1 X7.617 Y56.309 F7200  ; DRAW LINE
G1 X7.617 Y57.480 F7200  ; DRAW LINE
G1 X7.910 Y57.773 F7200  ; DRAW LINE
G0 Z5.00               ; PEN UP

G0 X129.434 Y57.773   ; RAPID TO START
G1 Z0.00 F500    ; PEN DOWN
G4 P100           ; DWELL
G1 X130.547 Y57.598 F7200  ; DRAW LINE
G1 X130.547 Y54.785 F7200  ; DRAW LINE
G1 X129.727 Y54.727 F7200  ; DRAW LINE
G1 X129.727 Y57.070 F7200  ; DRAW LINE
G1 X128.262 Y57.070 F7200  ; DRAW LINE
G1 X128.086 Y55.020 F7200  ; DRAW LINE
G1 X127.793 Y54.727 F7200  ; DRAW LINE
G1 X126.445 Y54.785 F7200  ; DRAW LINE
G1 X126.738 Y55.313 F7200  ; DRAW LINE
G1 X127.383 Y55.313 F7200  ; DRAW LINE
G1 X127.383 Y57.070 F7200  ; DRAW LINE
G1 X126.914 Y57.246 F7200  ; DRAW LINE
G1 X126.797 Y57.656 F7200  ; DRAW LINE
G1 X129.434 Y57.773 F7200  ; DRAW LINE
G0 Z5.00               ; PEN UP

G0 X132.012 Y57.773   ; RAPID TO START
G1 Z0.00 F500    ; PEN DOWN
G4 P100           ; DWELL
G1 X132.305 Y57.598 F7200  ; DRAW LINE
G1 X132.305 Y54.785 F7200  ; DRAW LINE
G1 X131.484 Y54.727 F7200  ; DRAW LINE
G1 X131.367 Y57.598 F7200  ; DRAW LINE
G1 X132.012 Y57.773 F7200  ; DRAW LINE
G0 Z5.00               ; PEN UP

G0 X137.637 Y57.773   ; RAPID TO START
G1 Z0.00 F500    ; PEN DOWN
G4 P100           ; DWELL
G1 X138.047 Y57.598 F7200  ; DRAW LINE
G1 X138.047 Y56.016 F7200  ; DRAW LINE
G1 X137.227 Y56.191 F7200  ; DRAW LINE
G1 X136.992 Y57.598 F7200  ; DRAW LINE
G1 X137.637 Y57.773 F7200  ; DRAW LINE
G0 Z5.00               ; PEN UP

G0 X33.984 Y57.656   ; RAPID TO START
G1 Z0.00 F500    ; PEN DOWN
G4 P100           ; DWELL
G1 X34.570 Y57.598 F7200  ; DRAW LINE
G1 X34.570 Y54.961 F7200  ; DRAW LINE
G1 X36.621 Y54.961 F7200  ; DRAW LINE
G1 X36.680 Y54.609 F7200  ; DRAW LINE
G1 X33.984 Y54.609 F7200  ; DRAW LINE
G1 X33.984 Y57.656 F7200  ; DRAW LINE
G0 Z5.00               ; PEN UP

G0 X133.184 Y57.656   ; RAPID TO START
G1 Z0.00 F500    ; PEN DOWN
G4 P100           ; DWELL
G1 X136.289 Y57.656 F7200  ; DRAW LINE
G1 X136.289 Y54.727 F7200  ; DRAW LINE
G1 X135.469 Y54.727 F7200  ; DRAW LINE
G1 X135.469 Y57.070 F7200  ; DRAW LINE
G1 X133.535 Y57.070 F7200  ; DRAW LINE
G1 X133.184 Y57.656 F7200  ; DRAW LINE
G0 Z5.00               ; PEN UP

G0 X143.086 Y57.656   ; RAPID TO START
G1 Z0.00 F500    ; PEN DOWN
G4 P100           ; DWELL
G1 X146.719 Y57.656 F7200  ; DRAW LINE
G1 X146.639 Y54.912 F7200  ; DRAW LINE
G1 X145.848 Y54.577 F7200  ; DRAW LINE
G1 X144.727 Y54.727 F7200  ; DRAW LINE
G1 X144.609 Y55.313 F7200  ; DRAW LINE
G1 X145.898 Y55.313 F7200  ; DRAW LINE
G1 X146.016 Y56.895 F7200  ; DRAW LINE
G1 X144.551 Y57.070 F7200  ; DRAW LINE
G1 X143.730 Y54.609 F7200  ; DRAW LINE
G1 X143.101 Y54.632 F7200  ; DRAW LINE
G1 X143.555 Y57.070 F7200  ; DRAW LINE
G1 X143.086 Y57.656 F7200  ; DRAW LINE
G0 Z5.00               ; PEN UP

G0 X149.004 Y57.539   ; RAPID TO START
G1 Z0.00 F500    ; PEN DOWN
G4 P100           ; DWELL
G1 X152.695 Y57.539 F7200  ; DRAW LINE
G1 X152.695 Y54.609 F7200  ; DRAW LINE
G1 X151.875 Y54.668 F7200  ; DRAW LINE
G1 X151.875 Y56.953 F7200  ; DRAW LINE
G1 X150.352 Y56.953 F7200  ; DRAW LINE
G1 X150.352 Y55.020 F7200  ; DRAW LINE
G1 X149.941 Y54.609 F7200  ; DRAW LINE
G1 X148.711 Y54.609 F7200  ; DRAW LINE
G1 X148.828 Y55.195 F7200  ; DRAW LINE
G1 X149.531 Y55.195 F7200  ; DRAW LINE
G1 X149.531 Y56.953 F7200  ; DRAW LINE
G1 X149.063 Y57.129 F7200  ; DRAW LINE
G1 X149.004 Y57.539 F7200  ; DRAW LINE
G0 Z5.00               ; PEN UP

G0 X153.516 Y57.539   ; RAPID TO START
G1 Z0.00 F500    ; PEN DOWN
G4 P100           ; DWELL
G1 X154.453 Y57.480 F7200  ; DRAW LINE
G1 X154.453 Y54.609 F7200  ; DRAW LINE
G1 X153.633 Y54.668 F7200  ; DRAW LINE
G1 X153.516 Y57.539 F7200  ; DRAW LINE
G0 Z5.00               ; PEN UP

G0 X155.215 Y57.539   ; RAPID TO START
G1 Z0.00 F500    ; PEN DOWN
G4 P100           ; DWELL
G1 X156.094 Y57.539 F7200  ; DRAW LINE
G1 X156.094 Y55.898 F7200  ; DRAW LINE
G1 X155.273 Y55.957 F7200  ; DRAW LINE
G1 X155.215 Y57.539 F7200  ; DRAW LINE
G0 Z5.00               ; PEN UP

G0 X157.090 Y57.539   ; RAPID TO START
G1 Z0.00 F500    ; PEN DOWN
G4 P100           ; DWELL
G1 X160.840 Y57.539 F7200  ; DRAW LINE
G1 X160.781 Y54.609 F7200  ; DRAW LINE
G1 X160.078 Y54.668 F7200  ; DRAW LINE
G1 X160.078 Y56.953 F7200  ; DRAW LINE
G1 X158.438 Y56.777 F7200  ; DRAW LINE
G1 X158.438 Y54.902 F7200  ; DRAW LINE
G1 X158.145 Y54.609 F7200  ; DRAW LINE
G1 X156.680 Y54.668 F7200  ; DRAW LINE
G1 X156.914 Y55.195 F7200  ; DRAW LINE
G1 X157.617 Y55.195 F7200  ; DRAW LINE
G1 X157.617 Y56.953 F7200  ; DRAW LINE
G1 X157.172 Y56.927 F7200  ; DRAW LINE
G1 X157.090 Y57.539 F7200  ; DRAW LINE
G0 Z5.00               ; PEN UP

G0 X161.367 Y57.539   ; RAPID TO START
G1 Z0.00 F500    ; PEN DOWN
G4 P100           ; DWELL
G1 X164.414 Y57.539 F7200  ; DRAW LINE
G1 X164.321 Y54.548 F7200  ; DRAW LINE
G1 X163.594 Y54.492 F7200  ; DRAW LINE
G1 X163.594 Y56.953 F7200  ; DRAW LINE
G1 X161.660 Y56.953 F7200  ; DRAW LINE
G1 X161.367 Y57.539 F7200  ; DRAW LINE
G0 Z5.00               ; PEN UP

G0 X165.059 Y57.539   ; RAPID TO START
G1 Z0.00 F500    ; PEN DOWN
G4 P100           ; DWELL
G1 X168.633 Y57.539 F7200  ; DRAW LINE
G1 X168.633 Y54.902 F7200  ; DRAW LINE
G1 X168.105 Y54.492 F7200  ; DRAW LINE
G1 X165.117 Y54.492 F7200  ; DRAW LINE
G1 X165.527 Y55.195 F7200  ; DRAW LINE
G1 X167.813 Y55.195 F7200  ; DRAW LINE
G1 X167.813 Y56.953 F7200  ; DRAW LINE
G1 X166.113 Y56.953 F7200  ; DRAW LINE
G1 X166.055 Y56.426 F7200  ; DRAW LINE
G1 X167.102 Y56.039 F7200  ; DRAW LINE
G1 X165.527 Y55.898 F7200  ; DRAW LINE
G1 X165.059 Y57.539 F7200  ; DRAW LINE
G0 Z5.00               ; PEN UP

G0 X169.219 Y57.539   ; RAPID TO START
G1 Z0.00 F500    ; PEN DOWN
G4 P100           ; DWELL
G1 X170.508 Y57.539 F7200  ; DRAW LINE
G1 X170.625 Y55.195 F7200  ; DRAW LINE
G1 X171.973 Y55.195 F7200  ; DRAW LINE
G1 X172.383 Y56.953 F7200  ; DRAW LINE
G1 X171.621 Y56.953 F7200  ; DRAW LINE
G1 X171.855 Y57.539 F7200  ; DRAW LINE
G1 X173.379 Y57.539 F7200  ; DRAW LINE
G1 X172.734 Y54.902 F7200  ; DRAW LINE
G1 X172.207 Y54.492 F7200  ; DRAW LINE
G1 X170.039 Y54.609 F7200  ; DRAW LINE
G1 X169.219 Y57.539 F7200  ; DRAW LINE
G0 Z5.00               ; PEN UP

G0 X14.121 Y57.305   ; RAPID TO START
G1 Z0.00 F500    ; PEN DOWN
G4 P100           ; DWELL
G1 X14.297 Y57.129 F7200  ; DRAW LINE
G1 X13.008 Y55.723 F7200  ; DRAW LINE
G1 X12.832 Y54.492 F7200  ; DRAW LINE
G1 X12.539 Y54.668 F7200  ; DRAW LINE
G1 X12.539 Y55.840 F7200  ; DRAW LINE
G1 X11.367 Y57.129 F7200  ; DRAW LINE
G1 X11.777 Y57.188 F7200  ; DRAW LINE
G1 X12.904 Y56.094 F7200  ; DRAW LINE
G1 X14.121 Y57.305 F7200  ; DRAW LINE
G0 Z5.00               ; PEN UP

G0 X15.293 Y57.305   ; RAPID TO START
G1 Z0.00 F500    ; PEN DOWN
G4 P100           ; DWELL
G1 X17.344 Y57.188 F7200  ; DRAW LINE
G1 X17.168 Y56.602 F7200  ; DRAW LINE
G1 X16.934 Y56.953 F7200  ; DRAW LINE
G1 X15.117 Y56.777 F7200  ; DRAW LINE
G1 X15.117 Y56.133 F7200  ; DRAW LINE
G1 X17.461 Y56.016 F7200  ; DRAW LINE
G1 X17.285 Y54.609 F7200  ; DRAW LINE
G1 X14.766 Y54.609 F7200  ; DRAW LINE
G1 X14.766 Y57.188 F7200  ; DRAW LINE
G1 X15.293 Y57.305 F7200  ; DRAW LINE
G0 Z5.00               ; PEN UP

G0 X15.117 Y55.781   ; RAPID TO START
G1 Z0.00 F500    ; PEN DOWN
G4 P100           ; DWELL
G1 X15.117 Y54.844 F7200  ; DRAW LINE
G1 X17.109 Y54.961 F7200  ; DRAW LINE
G1 X16.992 Y55.781 F7200  ; DRAW LINE
G1 X15.117 Y55.781 F7200  ; DRAW LINE
G0 Z5.00               ; PEN UP

G0 X17.988 Y57.305   ; RAPID TO START
G1 Z0.00 F500    ; PEN DOWN
G4 P100           ; DWELL
G1 X20.742 Y57.305 F7200  ; DRAW LINE
G1 X20.742 Y56.836 F7200  ; DRAW LINE
G1 X19.570 Y56.836 F7200  ; DRAW LINE
G1 X19.570 Y54.668 F7200  ; DRAW LINE
G1 X19.102 Y54.609 F7200  ; DRAW LINE
G1 X19.102 Y56.836 F7200  ; DRAW LINE
G1 X17.930 Y56.836 F7200  ; DRAW LINE
G1 X17.988 Y57.305 F7200  ; DRAW LINE
G0 Z5.00               ; PEN UP

G0 X21.328 Y57.305   ; RAPID TO START
G1 Z0.00 F500    ; PEN DOWN
G4 P100           ; DWELL
G1 X23.906 Y57.188 F7200  ; DRAW LINE
G1 X23.730 Y56.836 F7200  ; DRAW LINE
G1 X21.797 Y56.836 F7200  ; DRAW LINE
G1 X21.797 Y56.016 F7200  ; DRAW LINE
G1 X22.910 Y56.016 F7200  ; DRAW LINE
G1 X22.969 Y55.781 F7200  ; DRAW LINE
G1 X21.797 Y55.781 F7200  ; DRAW LINE
G1 X21.797 Y54.844 F7200  ; DRAW LINE
G1 X23.965 Y54.844 F7200  ; DRAW LINE
G1 X24.023 Y54.609 F7200  ; DRAW LINE
G1 X21.328 Y54.609 F7200  ; DRAW LINE
G1 X21.328 Y57.305 F7200  ; DRAW LINE
G0 Z5.00               ; PEN UP

G0 X27.715 Y57.305   ; RAPID TO START
G1 Z0.00 F500    ; PEN DOWN
G4 P100           ; DWELL
G1 X27.891 Y54.668 F7200  ; DRAW LINE
G1 X27.539 Y54.492 F7200  ; DRAW LINE
G1 X27.539 Y56.309 F7200  ; DRAW LINE
G1 X27.246 Y56.367 F7200  ; DRAW LINE
G1 X26.367 Y55.078 F7200  ; DRAW LINE
G1 X25.898 Y55.254 F7200  ; DRAW LINE
G1 X25.137 Y56.367 F7200  ; DRAW LINE
G1 X24.961 Y54.551 F7200  ; DRAW LINE
G1 X24.609 Y54.492 F7200  ; DRAW LINE
G1 X24.609 Y57.129 F7200  ; DRAW LINE
G1 X25.078 Y57.188 F7200  ; DRAW LINE
G1 X26.191 Y55.430 F7200  ; DRAW LINE
G1 X27.715 Y57.305 F7200  ; DRAW LINE
G0 Z5.00               ; PEN UP

G0 X29.004 Y57.305   ; RAPID TO START
G1 Z0.00 F500    ; PEN DOWN
G4 P100           ; DWELL
G1 X31.289 Y57.188 F7200  ; DRAW LINE
G1 X31.406 Y56.719 F7200  ; DRAW LINE
G1 X29.063 Y56.836 F7200  ; DRAW LINE
G1 X29.019 Y56.546 F7200  ; DRAW LINE
G1 X29.238 Y56.133 F7200  ; DRAW LINE
G1 X31.406 Y56.016 F7200  ; DRAW LINE
G1 X31.230 Y54.609 F7200  ; DRAW LINE
G1 X28.711 Y54.785 F7200  ; DRAW LINE
G1 X28.776 Y55.127 F7200  ; DRAW LINE
G1 X29.121 Y54.844 F7200  ; DRAW LINE
G1 X30.762 Y54.844 F7200  ; DRAW LINE
G1 X31.068 Y55.194 F7200  ; DRAW LINE
G1 X30.762 Y55.781 F7200  ; DRAW LINE
G1 X28.711 Y55.957 F7200  ; DRAW LINE
G1 X28.649 Y56.833 F7200  ; DRAW LINE
G1 X29.004 Y57.305 F7200  ; DRAW LINE
G0 Z5.00               ; PEN UP

G0 X44.707 Y57.305   ; RAPID TO START
G1 Z0.00 F500    ; PEN DOWN
G4 P100           ; DWELL
G1 X47.344 Y57.012 F7200  ; DRAW LINE
G1 X47.344 Y54.902 F7200  ; DRAW LINE
G1 X47.051 Y54.609 F7200  ; DRAW LINE
G1 X44.297 Y54.785 F7200  ; DRAW LINE
G1 X44.297 Y57.012 F7200  ; DRAW LINE
G1 X44.707 Y57.305 F7200  ; DRAW LINE
G0 Z5.00               ; PEN UP

G0 X44.766 Y56.836   ; RAPID TO START
G1 Z0.00 F500    ; PEN DOWN
G4 P100           ; DWELL
G1 X44.766 Y54.844 F7200  ; DRAW LINE
G1 X46.823 Y54.896 F7200  ; DRAW LINE
G1 X46.875 Y56.836 F7200  ; DRAW LINE
G1 X44.766 Y56.836 F7200  ; DRAW LINE
G0 Z5.00               ; PEN UP

G0 X48.340 Y57.305   ; RAPID TO START
G1 Z0.00 F500    ; PEN DOWN
G4 P100           ; DWELL
G1 X50.742 Y57.188 F7200  ; DRAW LINE
G1 X50.742 Y55.781 F7200  ; DRAW LINE
G1 X49.922 Y55.605 F7200  ; DRAW LINE
G1 X50.742 Y54.668 F7200  ; DRAW LINE
G1 X50.332 Y54.609 F7200  ; DRAW LINE
G1 X49.395 Y55.664 F7200  ; DRAW LINE
G1 X48.633 Y55.664 F7200  ; DRAW LINE
G1 X48.633 Y54.668 F7200  ; DRAW LINE
G1 X48.164 Y54.492 F7200  ; DRAW LINE
G1 X48.340 Y57.305 F7200  ; DRAW LINE
G0 Z5.00               ; PEN UP

G0 X48.633 Y56.953   ; RAPID TO START
G1 Z0.00 F500    ; PEN DOWN
G4 P100           ; DWELL
G1 X48.633 Y56.016 F7200  ; DRAW LINE
G1 X50.391 Y56.016 F7200  ; DRAW LINE
G1 X50.273 Y56.953 F7200  ; DRAW LINE
G1 X48.633 Y56.953 F7200  ; DRAW LINE
G0 Z5.00               ; PEN UP

G0 X55.254 Y57.305   ; RAPID TO START
G1 Z0.00 F500    ; PEN DOWN
G4 P100           ; DWELL
G1 X57.422 Y57.129 F7200  ; DRAW LINE
G1 X57.246 Y56.836 F7200  ; DRAW LINE
G1 X56.250 Y56.836 F7200  ; DRAW LINE
G1 X56.106 Y54.495 F7200  ; DRAW LINE
G1 X55.781 Y54.668 F7200  ; DRAW LINE
G1 X55.781 Y56.836 F7200  ; DRAW LINE
G1 X54.668 Y56.836 F7200  ; DRAW LINE
G1 X54.492 Y57.188 F7200  ; DRAW LINE
G1 X55.254 Y57.305 F7200  ; DRAW LINE
G0 Z5.00               ; PEN UP

G0 X58.418 Y57.305   ; RAPID TO START
G1 Z0.00 F500    ; PEN DOWN
G4 P100           ; DWELL
G1 X60.762 Y57.188 F7200  ; DRAW LINE
G1 X60.938 Y54.785 F7200  ; DRAW LINE
G1 X58.008 Y54.609 F7200  ; DRAW LINE
G1 X57.891 Y56.895 F7200  ; DRAW LINE
G1 X58.418 Y57.305 F7200  ; DRAW LINE
G0 Z5.00               ; PEN UP

G0 X58.359 Y56.836   ; RAPID TO START
G1 Z0.00 F500    ; PEN DOWN
G4 P100           ; DWELL
G1 X58.359 Y54.961 F7200  ; DRAW LINE
G1 X60.469 Y54.961 F7200  ; DRAW LINE
G1 X60.469 Y56.836 F7200  ; DRAW LINE
G1 X58.359 Y56.836 F7200  ; DRAW LINE
G0 Z5.00               ; PEN UP

G0 X62.051 Y57.305   ; RAPID TO START
G1 Z0.00 F500    ; PEN DOWN
G4 P100           ; DWELL
G1 X64.336 Y57.012 F7200  ; DRAW LINE
G1 X64.336 Y55.957 F7200  ; DRAW LINE
G1 X63.516 Y55.664 F7200  ; DRAW LINE
G1 X64.336 Y54.668 F7200  ; DRAW LINE
G1 X63.809 Y54.609 F7200  ; DRAW LINE
G1 X63.047 Y55.664 F7200  ; DRAW LINE
G1 X62.227 Y55.664 F7200  ; DRAW LINE
G1 X62.227 Y54.609 F7200  ; DRAW LINE
G1 X61.758 Y54.609 F7200  ; DRAW LINE
G1 X61.758 Y57.129 F7200  ; DRAW LINE
G1 X62.051 Y57.305 F7200  ; DRAW LINE
G0 Z5.00               ; PEN UP

G0 X62.344 Y56.953   ; RAPID TO START
G1 Z0.00 F500    ; PEN DOWN
G4 P100           ; DWELL
G1 X62.109 Y56.133 F7200  ; DRAW LINE
G1 X63.976 Y56.128 F7200  ; DRAW LINE
G1 X63.867 Y56.924 F7200  ; DRAW LINE
G1 X62.344 Y56.953 F7200  ; DRAW LINE
G0 Z5.00               ; PEN UP

G0 X64.746 Y57.305   ; RAPID TO START
G1 Z0.00 F500    ; PEN DOWN
G4 P100           ; DWELL
G1 X65.452 Y57.022 F7200  ; DRAW LINE
G1 X65.977 Y56.133 F7200  ; DRAW LINE
G1 X67.324 Y57.305 F7200  ; DRAW LINE
G1 X67.617 Y57.246 F7200  ; DRAW LINE
G1 X66.445 Y55.840 F7200  ; DRAW LINE
G1 X66.445 Y54.609 F7200  ; DRAW LINE
G1 X65.977 Y54.609 F7200  ; DRAW LINE
G1 X65.977 Y55.723 F7200  ; DRAW LINE
G1 X64.746 Y57.305 F7200  ; DRAW LINE
G0 Z5.00               ; PEN UP

G0 X38.496 Y57.188   ; RAPID TO START
G1 Z0.00 F500    ; PEN DOWN
G4 P100           ; DWELL
G1 X39.020 Y57.195 F7200  ; DRAW LINE
G1 X40.313 Y54.668 F7200  ; DRAW LINE
G1 X39.902 Y54.609 F7200  ; DRAW LINE
G1 X39.609 Y55.195 F7200  ; DRAW LINE
G1 X38.027 Y55.313 F7200  ; DRAW LINE
G1 X37.441 Y54.609 F7200  ; DRAW LINE
G1 X37.031 Y54.668 F7200  ; DRAW LINE
G1 X38.496 Y57.188 F7200  ; DRAW LINE
G0 Z5.00               ; PEN UP

G0 X38.555 Y56.836   ; RAPID TO START
G1 Z0.00 F500    ; PEN DOWN
G4 P100           ; DWELL
G1 X38.086 Y55.547 F7200  ; DRAW LINE
G1 X39.258 Y55.547 F7200  ; DRAW LINE
G1 X38.808 Y56.808 F7200  ; DRAW LINE
G1 X38.555 Y56.836 F7200  ; DRAW LINE
G0 Z5.00               ; PEN UP

G0 X40.898 Y57.188   ; RAPID TO START
G1 Z0.00 F500    ; PEN DOWN
G4 P100           ; DWELL
G1 X43.418 Y57.188 F7200  ; DRAW LINE
G1 X43.462 Y54.705 F7200  ; DRAW LINE
G1 X40.898 Y54.609 F7200  ; DRAW LINE
G1 X40.898 Y57.188 F7200  ; DRAW LINE
G0 Z5.00               ; PEN UP

G0 X41.367 Y56.953   ; RAPID TO START
G1 Z0.00 F500    ; PEN DOWN
G4 P100           ; DWELL
G1 X41.367 Y56.133 F7200  ; DRAW LINE
G1 X43.125 Y56.133 F7200  ; DRAW LINE
G1 X43.242 Y56.367 F7200  ; DRAW LINE
G1 X43.008 Y56.953 F7200  ; DRAW LINE
G1 X41.367 Y56.953 F7200  ; DRAW LINE
G0 Z5.00               ; PEN UP

G0 X41.367 Y55.781   ; RAPID TO START
G1 Z0.00 F500    ; PEN DOWN
G4 P100           ; DWELL
G1 X41.367 Y54.844 F7200  ; DRAW LINE
G1 X43.008 Y54.844 F7200  ; DRAW LINE
G1 X43.242 Y55.078 F7200  ; DRAW LINE
G1 X43.125 Y55.781 F7200  ; DRAW LINE
G1 X41.367 Y55.781 F7200  ; DRAW LINE
G0 Z5.00               ; PEN UP

G0 X52.793 Y57.188   ; RAPID TO START
G1 Z0.00 F500    ; PEN DOWN
G4 P100           ; DWELL
G1 X53.317 Y57.195 F7200  ; DRAW LINE
G1 X54.609 Y54.492 F7200  ; DRAW LINE
G1 X54.023 Y54.785 F7200  ; DRAW LINE
G1 X53.906 Y55.195 F7200  ; DRAW LINE
G1 X52.207 Y55.195 F7200  ; DRAW LINE
G1 X51.738 Y54.609 F7200  ; DRAW LINE
G1 X51.328 Y54.668 F7200  ; DRAW LINE
G1 X52.793 Y57.188 F7200  ; DRAW LINE
G0 Z5.00               ; PEN UP

G0 X52.852 Y56.836   ; RAPID TO START
G1 Z0.00 F500    ; PEN DOWN
G4 P100           ; DWELL
G1 X52.266 Y55.547 F7200  ; DRAW LINE
G1 X53.555 Y55.547 F7200  ; DRAW LINE
G1 X53.105 Y56.808 F7200  ; DRAW LINE
G1 X52.852 Y56.836 F7200  ; DRAW LINE
G0 Z5.00               ; PEN UP

G0 X8.438 Y57.070   ; RAPID TO START
G1 Z0.00 F500    ; PEN DOWN
G4 P100           ; DWELL
G1 X10.020 Y57.070 F7200  ; DRAW LINE
G1 X10.078 Y56.719 F7200  ; DRAW LINE
G1 X8.496 Y56.719 F7200  ; DRAW LINE
G1 X8.438 Y57.070 F7200  ; DRAW LINE
G0 Z5.00               ; PEN UP

G0 X144.609 Y56.719   ; RAPID TO START
G1 Z0.00 F500    ; PEN DOWN
G4 P100           ; DWELL
G1 X145.664 Y56.719 F7200  ; DRAW LINE
G1 X145.664 Y55.664 F7200  ; DRAW LINE
G1 X144.375 Y55.723 F7200  ; DRAW LINE
G1 X144.609 Y56.719 F7200  ; DRAW LINE
G0 Z5.00               ; PEN UP

G0 X15.469 Y56.602   ; RAPID TO START
G1 Z0.00 F500    ; PEN DOWN
G4 P100           ; DWELL
G1 X16.875 Y56.543 F7200  ; DRAW LINE
G1 X15.469 Y56.367 F7200  ; DRAW LINE
G1 X15.469 Y56.602 F7200  ; DRAW LINE
G0 Z5.00               ; PEN UP

G0 X29.414 Y56.602   ; RAPID TO START
G1 Z0.00 F500    ; PEN DOWN
G4 P100           ; DWELL
G1 X30.645 Y56.602 F7200  ; DRAW LINE
G1 X30.703 Y56.367 F7200  ; DRAW LINE
G1 X29.473 Y56.367 F7200  ; DRAW LINE
G1 X29.414 Y56.602 F7200  ; DRAW LINE
G0 Z5.00               ; PEN UP

G0 X41.719 Y56.602   ; RAPID TO START
G1 Z0.00 F500    ; PEN DOWN
G4 P100           ; DWELL
G1 X42.832 Y56.602 F7200  ; DRAW LINE
G1 X42.891 Y56.367 F7200  ; DRAW LINE
G1 X41.777 Y56.367 F7200  ; DRAW LINE
G1 X41.719 Y56.602 F7200  ; DRAW LINE
G0 Z5.00               ; PEN UP

G0 X45.000 Y56.602   ; RAPID TO START
G1 Z0.00 F500    ; PEN DOWN
G4 P100           ; DWELL
G1 X46.523 Y56.602 F7200  ; DRAW LINE
G1 X46.523 Y55.195 F7200  ; DRAW LINE
G1 X45.000 Y55.195 F7200  ; DRAW LINE
G1 X45.000 Y56.602 F7200  ; DRAW LINE
G0 Z5.00               ; PEN UP

G0 X48.867 Y56.602   ; RAPID TO START
G1 Z0.00 F500    ; PEN DOWN
G4 P100           ; DWELL
G1 X50.156 Y56.426 F7200  ; DRAW LINE
G1 X48.867 Y56.250 F7200  ; DRAW LINE
G1 X48.867 Y56.602 F7200  ; DRAW LINE
G0 Z5.00               ; PEN UP

G0 X58.711 Y56.602   ; RAPID TO START
G1 Z0.00 F500    ; PEN DOWN
G4 P100           ; DWELL
G1 X60.234 Y56.602 F7200  ; DRAW LINE
G1 X60.234 Y55.195 F7200  ; DRAW LINE
G1 X58.770 Y55.195 F7200  ; DRAW LINE
G1 X58.711 Y56.602 F7200  ; DRAW LINE
G0 Z5.00               ; PEN UP

G0 X62.461 Y56.602   ; RAPID TO START
G1 Z0.00 F500    ; PEN DOWN
G4 P100           ; DWELL
G1 X63.750 Y56.426 F7200  ; DRAW LINE
G1 X62.962 Y56.182 F7200  ; DRAW LINE
G1 X62.461 Y56.602 F7200  ; DRAW LINE
G0 Z5.00               ; PEN UP

G0 X170.742 Y56.602   ; RAPID TO START
G1 Z0.00 F500    ; PEN DOWN
G4 P100           ; DWELL
G1 X172.031 Y56.543 F7200  ; DRAW LINE
G1 X171.621 Y55.430 F7200  ; DRAW LINE
G1 X170.894 Y55.545 F7200  ; DRAW LINE
G1 X170.742 Y56.602 F7200  ; DRAW LINE
G0 Z5.00               ; PEN UP

G0 X138.867 Y56.367   ; RAPID TO START
G1 Z0.00 F500    ; PEN DOWN
G4 P100           ; DWELL
G1 X139.805 Y56.191 F7200  ; DRAW LINE
G1 X139.629 Y54.609 F7200  ; DRAW LINE
G1 X138.867 Y54.785 F7200  ; DRAW LINE
G1 X138.867 Y56.367 F7200  ; DRAW LINE
G0 Z5.00               ; PEN UP

G0 X52.852 Y56.133   ; RAPID TO START
G1 Z0.00 F500    ; PEN DOWN
G4 P100           ; DWELL
G1 X53.186 Y55.760 F7200  ; DRAW LINE
G1 X52.852 Y55.781 F7200  ; DRAW LINE
G1 X52.852 Y56.133 F7200  ; DRAW LINE
G0 Z5.00               ; PEN UP

G0 X8.320 Y55.664   ; RAPID TO START
G1 Z0.00 F500    ; PEN DOWN
G4 P100           ; DWELL
G1 X10.020 Y55.664 F7200  ; DRAW LINE
G1 X10.078 Y55.313 F7200  ; DRAW LINE
G1 X8.496 Y55.313 F7200  ; DRAW LINE
G1 X8.320 Y55.664 F7200  ; DRAW LINE
G0 Z5.00               ; PEN UP

G0 X15.527 Y55.547   ; RAPID TO START
G1 Z0.00 F500    ; PEN DOWN
G4 P100           ; DWELL
G1 X16.875 Y55.371 F7200  ; DRAW LINE
G1 X15.527 Y55.195 F7200  ; DRAW LINE
G1 X15.527 Y55.547 F7200  ; DRAW LINE
G0 Z5.00               ; PEN UP

G0 X29.707 Y55.547   ; RAPID TO START
G1 Z0.00 F500    ; PEN DOWN
G4 P100           ; DWELL
G1 X30.820 Y55.371 F7200  ; DRAW LINE
G1 X29.473 Y55.195 F7200  ; DRAW LINE
G1 X29.355 Y55.430 F7200  ; DRAW LINE
G1 X29.707 Y55.547 F7200  ; DRAW LINE
G0 Z5.00               ; PEN UP

G0 X41.719 Y55.547   ; RAPID TO START
G1 Z0.00 F500    ; PEN DOWN
G4 P100           ; DWELL
G1 X42.832 Y55.547 F7200  ; DRAW LINE
G1 X42.891 Y55.195 F7200  ; DRAW LINE
G1 X41.777 Y55.195 F7200  ; DRAW LINE
G1 X41.719 Y55.547 F7200  ; DRAW LINE
G0 Z5.00               ; PEN UP

G0 X4.102 Y51.563   ; RAPID TO START
G1 Z0.00 F500    ; PEN DOWN
G4 P100           ; DWELL
G1 X61.172 Y51.504 F7200  ; DRAW LINE
G1 X60.000 Y44.180 F7200  ; DRAW LINE
G1 X4.160 Y44.180 F7200  ; DRAW LINE
G1 X4.102 Y51.563 F7200  ; DRAW LINE
G0 Z5.00               ; PEN UP

G0 X125.391 Y51.563   ; RAPID TO START
G1 Z0.00 F500    ; PEN DOWN
G4 P100           ; DWELL
G1 X176.074 Y51.563 F7200  ; DRAW LINE
G1 X176.133 Y48.691 F7200  ; DRAW LINE
G1 X175.898 Y49.336 F7200  ; DRAW LINE
G1 X174.902 Y49.219 F7200  ; DRAW LINE
G1 X174.844 Y49.688 F7200  ; DRAW LINE
G1 X173.730 Y49.688 F7200  ; DRAW LINE
G1 X173.555 Y48.398 F7200  ; DRAW LINE
G1 X173.906 Y48.574 F7200  ; DRAW LINE
G1 X174.023 Y49.453 F7200  ; DRAW LINE
G1 X174.375 Y49.277 F7200  ; DRAW LINE
G1 X174.141 Y48.398 F7200  ; DRAW LINE
G1 X174.475 Y48.377 F7200  ; DRAW LINE
G1 X174.668 Y48.867 F7200  ; DRAW LINE
G1 X175.313 Y48.457 F7200  ; DRAW LINE
G1 X175.547 Y47.637 F7200  ; DRAW LINE
G1 X174.844 Y47.461 F7200  ; DRAW LINE
G1 X174.727 Y46.934 F7200  ; DRAW LINE
G1 X176.133 Y46.758 F7200  ; DRAW LINE
G1 X176.133 Y44.238 F7200  ; DRAW LINE
G1 X123.750 Y44.180 F7200  ; DRAW LINE
G1 X125.391 Y51.563 F7200  ; DRAW LINE
G0 Z5.00               ; PEN UP

G0 X145.898 Y49.922   ; RAPID TO START
G1 Z0.00 F500    ; PEN DOWN
G4 P100           ; DWELL
G1 X145.898 Y48.633 F7200  ; DRAW LINE
G1 X147.539 Y48.398 F7200  ; DRAW LINE
G1 X147.305 Y47.578 F7200  ; DRAW LINE
G1 X146.419 Y47.430 F7200  ; DRAW LINE
G1 X146.602 Y46.875 F7200  ; DRAW LINE
G1 X148.008 Y47.109 F7200  ; DRAW LINE
G1 X148.359 Y48.867 F7200  ; DRAW LINE
G1 X149.063 Y48.398 F7200  ; DRAW LINE
G1 X148.359 Y46.875 F7200  ; DRAW LINE
G1 X149.063 Y46.875 F7200  ; DRAW LINE
G1 X149.648 Y47.930 F7200  ; DRAW LINE
G1 X150.244 Y46.987 F7200  ; DRAW LINE
G1 X151.289 Y46.758 F7200  ; DRAW LINE
G1 X150.469 Y48.047 F7200  ; DRAW LINE
G1 X151.289 Y48.750 F7200  ; DRAW LINE
G1 X152.813 Y48.633 F7200  ; DRAW LINE
G1 X152.912 Y46.823 F7200  ; DRAW LINE
G1 X153.633 Y46.758 F7200  ; DRAW LINE
G1 X153.633 Y49.336 F7200  ; DRAW LINE
G1 X151.406 Y49.336 F7200  ; DRAW LINE
G1 X151.289 Y49.102 F7200  ; DRAW LINE
G1 X150.234 Y49.336 F7200  ; DRAW LINE
G1 X150.117 Y48.750 F7200  ; DRAW LINE
G1 X149.414 Y49.336 F7200  ; DRAW LINE
G1 X148.477 Y48.984 F7200  ; DRAW LINE
G1 X148.359 Y49.336 F7200  ; DRAW LINE
G1 X146.836 Y49.336 F7200  ; DRAW LINE
G1 X146.602 Y49.922 F7200  ; DRAW LINE
G1 X145.898 Y49.922 F7200  ; DRAW LINE
G0 Z5.00               ; PEN UP

G0 X159.258 Y49.688   ; RAPID TO START
G1 Z0.00 F500    ; PEN DOWN
G4 P100           ; DWELL
G1 X159.141 Y48.398 F7200  ; DRAW LINE
G1 X159.844 Y48.867 F7200  ; DRAW LINE
G1 X160.013 Y47.863 F7200  ; DRAW LINE
G1 X160.898 Y47.578 F7200  ; DRAW LINE
G1 X159.961 Y47.578 F7200  ; DRAW LINE
G1 X159.778 Y46.800 F7200  ; DRAW LINE
G1 X162.422 Y46.875 F7200  ; DRAW LINE
G1 X162.539 Y49.336 F7200  ; DRAW LINE
G1 X160.078 Y49.336 F7200  ; DRAW LINE
G1 X159.258 Y49.688 F7200  ; DRAW LINE
G0 Z5.00               ; PEN UP

G0 X168.750 Y49.453   ; RAPID TO START
G1 Z0.00 F500    ; PEN DOWN
G4 P100           ; DWELL
G1 X163.711 Y49.336 F7200  ; DRAW LINE
G1 X163.683 Y49.027 F7200  ; DRAW LINE
G1 X163.945 Y48.633 F7200  ; DRAW LINE
G1 X165.234 Y48.633 F7200  ; DRAW LINE
G1 X165.315 Y46.777 F7200  ; DRAW LINE
G1 X168.516 Y46.758 F7200  ; DRAW LINE
G1 X168.867 Y47.461 F7200  ; DRAW LINE
G1 X168.750 Y49.453 F7200  ; DRAW LINE
G0 Z5.00               ; PEN UP

G0 X126.914 Y49.336   ; RAPID TO START
G1 Z0.00 F500    ; PEN DOWN
G4 P100           ; DWELL
G1 X127.031 Y46.875 F7200  ; DRAW LINE
G1 X129.727 Y46.875 F7200  ; DRAW LINE
G1 X129.727 Y49.336 F7200  ; DRAW LINE
G1 X126.914 Y49.336 F7200  ; DRAW LINE
G0 Z5.00               ; PEN UP

G0 X129.961 Y49.336   ; RAPID TO START
G1 Z0.00 F500    ; PEN DOWN
G4 P100           ; DWELL
G1 X129.961 Y46.875 F7200  ; DRAW LINE
G1 X130.195 Y46.758 F7200  ; DRAW LINE
G1 X131.719 Y46.875 F7200  ; DRAW LINE
G1 X132.188 Y47.930 F7200  ; DRAW LINE
G1 X132.754 Y47.045 F7200  ; DRAW LINE
G1 X133.439 Y46.781 F7200  ; DRAW LINE
G1 X136.406 Y46.758 F7200  ; DRAW LINE
G1 X136.641 Y47.344 F7200  ; DRAW LINE
G1 X136.289 Y49.336 F7200  ; DRAW LINE
G1 X133.945 Y49.336 F7200  ; DRAW LINE
G1 X134.180 Y48.633 F7200  ; DRAW LINE
G1 X135.586 Y48.633 F7200  ; DRAW LINE
G1 X135.586 Y47.578 F7200  ; DRAW LINE
G1 X134.180 Y47.578 F7200  ; DRAW LINE
G1 X133.945 Y47.227 F7200  ; DRAW LINE
G1 X133.008 Y47.930 F7200  ; DRAW LINE
G1 X133.242 Y48.516 F7200  ; DRAW LINE
G1 X133.828 Y48.633 F7200  ; DRAW LINE
G1 X133.603 Y49.223 F7200  ; DRAW LINE
G1 X132.891 Y49.336 F7200  ; DRAW LINE
G1 X132.656 Y48.750 F7200  ; DRAW LINE
G1 X131.953 Y49.336 F7200  ; DRAW LINE
G1 X131.133 Y49.336 F7200  ; DRAW LINE
G1 X130.997 Y48.591 F7200  ; DRAW LINE
G1 X131.602 Y48.633 F7200  ; DRAW LINE
G1 X131.016 Y47.109 F7200  ; DRAW LINE
G1 X130.781 Y47.109 F7200  ; DRAW LINE
G1 X130.781 Y49.336 F7200  ; DRAW LINE
G1 X129.961 Y49.336 F7200  ; DRAW LINE
G0 Z5.00               ; PEN UP

G0 X136.523 Y49.336   ; RAPID TO START
G1 Z0.00 F500    ; PEN DOWN
G4 P100           ; DWELL
G1 X136.758 Y48.633 F7200  ; DRAW LINE
G1 X138.281 Y48.633 F7200  ; DRAW LINE
G1 X138.281 Y46.875 F7200  ; DRAW LINE
G1 X138.984 Y46.875 F7200  ; DRAW LINE
G1 X139.102 Y48.633 F7200  ; DRAW LINE
G1 X140.391 Y48.633 F7200  ; DRAW LINE
G1 X140.391 Y46.875 F7200  ; DRAW LINE
G1 X141.211 Y46.875 F7200  ; DRAW LINE
G1 X141.211 Y48.398 F7200  ; DRAW LINE
G1 X141.797 Y48.750 F7200  ; DRAW LINE
G1 X142.266 Y48.633 F7200  ; DRAW LINE
G1 X142.969 Y47.578 F7200  ; DRAW LINE
G1 X141.914 Y47.578 F7200  ; DRAW LINE
G1 X141.797 Y46.875 F7200  ; DRAW LINE
G1 X144.375 Y46.875 F7200  ; DRAW LINE
G1 X143.672 Y47.930 F7200  ; DRAW LINE
G1 X144.492 Y48.750 F7200  ; DRAW LINE
G1 X144.492 Y49.336 F7200  ; DRAW LINE
G1 X143.672 Y49.336 F7200  ; DRAW LINE
G1 X143.320 Y48.633 F7200  ; DRAW LINE
G1 X142.734 Y49.336 F7200  ; DRAW LINE
G1 X136.523 Y49.336 F7200  ; DRAW LINE
G0 Z5.00               ; PEN UP

G0 X153.750 Y49.336   ; RAPID TO START
G1 Z0.00 F500    ; PEN DOWN
G4 P100           ; DWELL
G1 X154.102 Y47.227 F7200  ; DRAW LINE
G1 X154.453 Y46.758 F7200  ; DRAW LINE
G1 X156.445 Y46.875 F7200  ; DRAW LINE
G1 X157.148 Y49.336 F7200  ; DRAW LINE
G1 X156.445 Y49.336 F7200  ; DRAW LINE
G1 X155.859 Y47.578 F7200  ; DRAW LINE
G1 X154.805 Y47.578 F7200  ; DRAW LINE
G1 X155.508 Y47.813 F7200  ; DRAW LINE
G1 X155.920 Y49.308 F7200  ; DRAW LINE
G1 X155.273 Y49.336 F7200  ; DRAW LINE
G1 X154.922 Y48.516 F7200  ; DRAW LINE
G1 X154.570 Y48.633 F7200  ; DRAW LINE
G1 X154.570 Y49.336 F7200  ; DRAW LINE
G1 X153.750 Y49.336 F7200  ; DRAW LINE
G0 Z5.00               ; PEN UP

G0 X157.266 Y49.336   ; RAPID TO START
G1 Z0.00 F500    ; PEN DOWN
G4 P100           ; DWELL
G1 X157.383 Y47.813 F7200  ; DRAW LINE
G1 X158.086 Y47.813 F7200  ; DRAW LINE
G1 X158.086 Y49.336 F7200  ; DRAW LINE
G1 X157.266 Y49.336 F7200  ; DRAW LINE
G0 Z5.00               ; PEN UP

G0 X162.773 Y49.336   ; RAPID TO START
G1 Z0.00 F500    ; PEN DOWN
G4 P100           ; DWELL
G1 X162.773 Y46.875 F7200  ; DRAW LINE
G1 X163.500 Y46.762 F7200  ; DRAW LINE
G1 X163.594 Y49.336 F7200  ; DRAW LINE
G1 X162.773 Y49.336 F7200  ; DRAW LINE
G0 Z5.00               ; PEN UP

G0 X170.039 Y49.336   ; RAPID TO START
G1 Z0.00 F500    ; PEN DOWN
G4 P100           ; DWELL
G1 X170.391 Y46.875 F7200  ; DRAW LINE
G1 X172.734 Y46.875 F7200  ; DRAW LINE
G1 X173.438 Y49.336 F7200  ; DRAW LINE
G1 X172.617 Y49.336 F7200  ; DRAW LINE
G1 X172.148 Y47.578 F7200  ; DRAW LINE
G1 X171.080 Y47.665 F7200  ; DRAW LINE
G1 X171.797 Y47.813 F7200  ; DRAW LINE
G1 X172.148 Y49.336 F7200  ; DRAW LINE
G1 X171.445 Y49.336 F7200  ; DRAW LINE
G1 X171.094 Y48.516 F7200  ; DRAW LINE
G1 X170.686 Y49.308 F7200  ; DRAW LINE
G1 X170.039 Y49.336 F7200  ; DRAW LINE
G0 Z5.00               ; PEN UP

G0 X146.133 Y49.688   ; RAPID TO START
G1 Z0.00 F500    ; PEN DOWN
G4 P100           ; DWELL
G1 X146.408 Y49.638 F7200  ; DRAW LINE
G1 X146.367 Y49.160 F7200  ; DRAW LINE
G1 X146.895 Y48.984 F7200  ; DRAW LINE
G1 X148.008 Y49.102 F7200  ; DRAW LINE
G1 X147.656 Y47.109 F7200  ; DRAW LINE
G1 X146.836 Y47.168 F7200  ; DRAW LINE
G1 X147.539 Y47.402 F7200  ; DRAW LINE
G1 X147.773 Y48.867 F7200  ; DRAW LINE
G1 X146.133 Y48.867 F7200  ; DRAW LINE
G1 X146.133 Y49.688 F7200  ; DRAW LINE
G0 Z5.00               ; PEN UP

G0 X127.324 Y49.102   ; RAPID TO START
G1 Z0.00 F500    ; PEN DOWN
G4 P100           ; DWELL
G1 X129.492 Y49.102 F7200  ; DRAW LINE
G1 X129.492 Y47.109 F7200  ; DRAW LINE
G1 X127.441 Y46.992 F7200  ; DRAW LINE
G1 X127.324 Y49.102 F7200  ; DRAW LINE
G0 Z5.00               ; PEN UP

G0 X127.617 Y48.867   ; RAPID TO START
G1 Z0.00 F500    ; PEN DOWN
G4 P100           ; DWELL
G1 X127.617 Y47.227 F7200  ; DRAW LINE
G1 X129.258 Y47.227 F7200  ; DRAW LINE
G1 X129.258 Y48.867 F7200  ; DRAW LINE
G1 X127.617 Y48.867 F7200  ; DRAW LINE
G0 Z5.00               ; PEN UP

G0 X130.313 Y49.102   ; RAPID TO START
G1 Z0.00 F500    ; PEN DOWN
G4 P100           ; DWELL
G1 X130.547 Y49.043 F7200  ; DRAW LINE
G1 X130.547 Y47.109 F7200  ; DRAW LINE
G1 X130.313 Y47.168 F7200  ; DRAW LINE
G1 X130.313 Y49.102 F7200  ; DRAW LINE
G0 Z5.00               ; PEN UP

G0 X131.426 Y49.102   ; RAPID TO START
G1 Z0.00 F500    ; PEN DOWN
G4 P100           ; DWELL
G1 X131.956 Y49.040 F7200  ; DRAW LINE
G1 X132.504 Y48.394 F7200  ; DRAW LINE
G1 X133.031 Y49.128 F7200  ; DRAW LINE
G1 X133.359 Y49.102 F7200  ; DRAW LINE
G1 X133.477 Y48.809 F7200  ; DRAW LINE
G1 X132.656 Y48.223 F7200  ; DRAW LINE
G1 X133.359 Y47.168 F7200  ; DRAW LINE
G1 X131.426 Y49.102 F7200  ; DRAW LINE
G0 Z5.00               ; PEN UP

G0 X134.297 Y49.102   ; RAPID TO START
G1 Z0.00 F500    ; PEN DOWN
G4 P100           ; DWELL
G1 X136.055 Y49.102 F7200  ; DRAW LINE
G1 X136.113 Y47.109 F7200  ; DRAW LINE
G1 X134.297 Y47.168 F7200  ; DRAW LINE
G1 X135.820 Y47.227 F7200  ; DRAW LINE
G1 X135.820 Y48.867 F7200  ; DRAW LINE
G1 X134.355 Y48.867 F7200  ; DRAW LINE
G1 X134.297 Y49.102 F7200  ; DRAW LINE
G0 Z5.00               ; PEN UP

G0 X136.934 Y49.102   ; RAPID TO START
G1 Z0.00 F500    ; PEN DOWN
G4 P100           ; DWELL
G1 X138.750 Y49.102 F7200  ; DRAW LINE
G1 X138.750 Y47.109 F7200  ; DRAW LINE
G1 X138.516 Y47.168 F7200  ; DRAW LINE
G1 X138.516 Y48.867 F7200  ; DRAW LINE
G1 X137.051 Y48.867 F7200  ; DRAW LINE
G1 X136.934 Y49.102 F7200  ; DRAW LINE
G0 Z5.00               ; PEN UP

G0 X139.395 Y49.102   ; RAPID TO START
G1 Z0.00 F500    ; PEN DOWN
G4 P100           ; DWELL
G1 X141.387 Y49.102 F7200  ; DRAW LINE
G1 X141.445 Y48.867 F7200  ; DRAW LINE
G1 X140.960 Y48.827 F7200  ; DRAW LINE
G1 X140.801 Y47.109 F7200  ; DRAW LINE
G1 X140.742 Y48.691 F7200  ; DRAW LINE
G1 X139.395 Y49.102 F7200  ; DRAW LINE
G0 Z5.00               ; PEN UP

G0 X142.324 Y49.102   ; RAPID TO START
G1 Z0.00 F500    ; PEN DOWN
G4 P100           ; DWELL
G1 X143.145 Y48.281 F7200  ; DRAW LINE
G1 X144.082 Y48.984 F7200  ; DRAW LINE
G1 X143.320 Y48.105 F7200  ; DRAW LINE
G1 X143.906 Y47.109 F7200  ; DRAW LINE
G1 X142.031 Y47.168 F7200  ; DRAW LINE
G1 X143.672 Y47.227 F7200  ; DRAW LINE
G1 X142.148 Y48.926 F7200  ; DRAW LINE
G1 X142.324 Y49.102 F7200  ; DRAW LINE
G0 Z5.00               ; PEN UP

G0 X148.828 Y49.102   ; RAPID TO START
G1 Z0.00 F500    ; PEN DOWN
G4 P100           ; DWELL
G1 X149.819 Y48.602 F7200  ; DRAW LINE
G1 X150.820 Y47.168 F7200  ; DRAW LINE
G1 X148.828 Y49.102 F7200  ; DRAW LINE
G0 Z5.00               ; PEN UP

G0 X151.699 Y49.102   ; RAPID TO START
G1 Z0.00 F500    ; PEN DOWN
G4 P100           ; DWELL
G1 X153.223 Y49.102 F7200  ; DRAW LINE
G1 X153.398 Y47.109 F7200  ; DRAW LINE
G1 X153.164 Y47.168 F7200  ; DRAW LINE
G1 X153.164 Y48.691 F7200  ; DRAW LINE
G1 X151.699 Y49.102 F7200  ; DRAW LINE
G0 Z5.00               ; PEN UP

G0 X153.984 Y49.102   ; RAPID TO START
G1 Z0.00 F500    ; PEN DOWN
G4 P100           ; DWELL
G1 X154.688 Y48.115 F7200  ; DRAW LINE
G1 X155.231 Y48.275 F7200  ; DRAW LINE
G1 X155.391 Y49.067 F7200  ; DRAW LINE
G1 X155.625 Y48.926 F7200  ; DRAW LINE
G1 X155.098 Y48.047 F7200  ; DRAW LINE
G1 X154.570 Y47.930 F7200  ; DRAW LINE
G1 X154.746 Y47.227 F7200  ; DRAW LINE
G1 X156.035 Y47.227 F7200  ; DRAW LINE
G1 X156.445 Y48.984 F7200  ; DRAW LINE
G1 X156.786 Y49.005 F7200  ; DRAW LINE
G1 X156.152 Y47.109 F7200  ; DRAW LINE
G1 X154.512 Y47.109 F7200  ; DRAW LINE
G1 X153.984 Y49.102 F7200  ; DRAW LINE
G0 Z5.00               ; PEN UP

G0 X157.676 Y49.102   ; RAPID TO START
G1 Z0.00 F500    ; PEN DOWN
G4 P100           ; DWELL
G1 X157.765 Y48.141 F7200  ; DRAW LINE
G1 X157.542 Y48.317 F7200  ; DRAW LINE
G1 X157.676 Y49.102 F7200  ; DRAW LINE
G0 Z5.00               ; PEN UP

G0 X160.078 Y49.102   ; RAPID TO START
G1 Z0.00 F500    ; PEN DOWN
G4 P100           ; DWELL
G1 X162.129 Y49.102 F7200  ; DRAW LINE
G1 X162.188 Y47.109 F7200  ; DRAW LINE
G1 X160.254 Y46.992 F7200  ; DRAW LINE
G1 X160.195 Y47.227 F7200  ; DRAW LINE
G1 X161.953 Y47.227 F7200  ; DRAW LINE
G1 X161.953 Y48.867 F7200  ; DRAW LINE
G1 X160.430 Y48.867 F7200  ; DRAW LINE
G1 X160.605 Y47.930 F7200  ; DRAW LINE
G1 X160.195 Y48.105 F7200  ; DRAW LINE
G1 X160.078 Y49.102 F7200  ; DRAW LINE
G0 Z5.00               ; PEN UP

G0 X163.184 Y49.102   ; RAPID TO START
G1 Z0.00 F500    ; PEN DOWN
G4 P100           ; DWELL
G1 X163.359 Y47.109 F7200  ; DRAW LINE
G1 X163.008 Y47.168 F7200  ; DRAW LINE
G1 X163.184 Y49.102 F7200  ; DRAW LINE
G0 Z5.00               ; PEN UP

G0 X163.945 Y49.102   ; RAPID TO START
G1 Z0.00 F500    ; PEN DOWN
G4 P100           ; DWELL
G1 X165.703 Y49.102 F7200  ; DRAW LINE
G1 X165.703 Y47.109 F7200  ; DRAW LINE
G1 X165.469 Y47.168 F7200  ; DRAW LINE
G1 X165.469 Y48.867 F7200  ; DRAW LINE
G1 X164.004 Y48.867 F7200  ; DRAW LINE
G1 X163.945 Y49.102 F7200  ; DRAW LINE
G0 Z5.00               ; PEN UP

G0 X166.406 Y49.102   ; RAPID TO START
G1 Z0.00 F500    ; PEN DOWN
G4 P100           ; DWELL
G1 X168.516 Y49.102 F7200  ; DRAW LINE
G1 X168.516 Y47.109 F7200  ; DRAW LINE
G1 X166.523 Y47.168 F7200  ; DRAW LINE
G1 X168.105 Y47.227 F7200  ; DRAW LINE
G1 X168.281 Y48.867 F7200  ; DRAW LINE
G1 X166.816 Y48.867 F7200  ; DRAW LINE
G1 X166.816 Y48.047 F7200  ; DRAW LINE
G1 X166.406 Y49.102 F7200  ; DRAW LINE
G0 Z5.00               ; PEN UP

G0 X170.449 Y49.102   ; RAPID TO START
G1 Z0.00 F500    ; PEN DOWN
G4 P100           ; DWELL
G1 X170.625 Y48.281 F7200  ; DRAW LINE
G1 X171.270 Y48.164 F7200  ; DRAW LINE
G1 X171.563 Y48.281 F7200  ; DRAW LINE
G1 X171.738 Y49.102 F7200  ; DRAW LINE
G1 X171.797 Y48.574 F7200  ; DRAW LINE
G1 X170.742 Y47.754 F7200  ; DRAW LINE
G1 X170.859 Y47.227 F7200  ; DRAW LINE
G1 X172.324 Y47.227 F7200  ; DRAW LINE
G1 X173.027 Y49.102 F7200  ; DRAW LINE
G1 X172.441 Y47.109 F7200  ; DRAW LINE
G1 X170.801 Y47.109 F7200  ; DRAW LINE
G1 X170.449 Y49.102 F7200  ; DRAW LINE
G0 Z5.00               ; PEN UP

G0 X175.371 Y49.102   ; RAPID TO START
G1 Z0.00 F500    ; PEN DOWN
G4 P100           ; DWELL
G1 X175.664 Y48.926 F7200  ; DRAW LINE
G1 X176.133 Y47.109 F7200  ; DRAW LINE
G1 X175.078 Y47.168 F7200  ; DRAW LINE
G1 X176.016 Y47.227 F7200  ; DRAW LINE
G1 X175.195 Y48.926 F7200  ; DRAW LINE
G1 X175.371 Y49.102 F7200  ; DRAW LINE
G0 Z5.00               ; PEN UP

G0 X150.469 Y48.984   ; RAPID TO START
G1 Z0.00 F500    ; PEN DOWN
G4 P100           ; DWELL
G1 X150.820 Y48.809 F7200  ; DRAW LINE
G1 X150.176 Y48.398 F7200  ; DRAW LINE
G1 X150.469 Y48.984 F7200  ; DRAW LINE
G0 Z5.00               ; PEN UP

G0 X166.113 Y48.867   ; RAPID TO START
G1 Z0.00 F500    ; PEN DOWN
G4 P100           ; DWELL
G1 X166.758 Y47.637 F7200  ; DRAW LINE
G1 X166.113 Y47.227 F7200  ; DRAW LINE
G1 X166.113 Y48.867 F7200  ; DRAW LINE
G0 Z5.00               ; PEN UP

G0 X127.852 Y48.633   ; RAPID TO START
G1 Z0.00 F500    ; PEN DOWN
G4 P100           ; DWELL
G1 X128.906 Y48.633 F7200  ; DRAW LINE
G1 X128.906 Y47.578 F7200  ; DRAW LINE
G1 X127.852 Y47.578 F7200  ; DRAW LINE
G1 X127.852 Y48.633 F7200  ; DRAW LINE
G0 Z5.00               ; PEN UP

G0 X160.664 Y48.633   ; RAPID TO START
G1 Z0.00 F500    ; PEN DOWN
G4 P100           ; DWELL
G1 X161.543 Y48.633 F7200  ; DRAW LINE
G1 X161.662 Y47.670 F7200  ; DRAW LINE
G1 X161.016 Y47.637 F7200  ; DRAW LINE
G1 X161.367 Y47.695 F7200  ; DRAW LINE
G1 X161.367 Y48.281 F7200  ; DRAW LINE
G1 X160.664 Y48.281 F7200  ; DRAW LINE
G1 X160.664 Y48.633 F7200  ; DRAW LINE
G0 Z5.00               ; PEN UP

G0 X166.992 Y48.633   ; RAPID TO START
G1 Z0.00 F500    ; PEN DOWN
G4 P100           ; DWELL
G1 X168.047 Y48.457 F7200  ; DRAW LINE
G1 X167.930 Y47.578 F7200  ; DRAW LINE
G1 X166.992 Y47.637 F7200  ; DRAW LINE
G1 X167.695 Y47.871 F7200  ; DRAW LINE
G1 X166.992 Y48.633 F7200  ; DRAW LINE
G0 Z5.00               ; PEN UP

G0 X131.719 Y48.281   ; RAPID TO START
G1 Z0.00 F500    ; PEN DOWN
G4 P100           ; DWELL
G1 X131.953 Y48.223 F7200  ; DRAW LINE
G1 X131.426 Y47.109 F7200  ; DRAW LINE
G1 X131.719 Y48.281 F7200  ; DRAW LINE
G0 Z5.00               ; PEN UP

G0 X149.238 Y48.281   ; RAPID TO START
G1 Z0.00 F500    ; PEN DOWN
G4 P100           ; DWELL
G1 X148.770 Y47.109 F7200  ; DRAW LINE
G1 X149.238 Y48.281 F7200  ; DRAW LINE
G0 Z5.00               ; PEN UP

G0 X64.746 Y37.500   ; RAPID TO START
G1 Z0.00 F500    ; PEN DOWN
G4 P100           ; DWELL
G1 X66.328 Y33.281 F7200  ; DRAW LINE
G1 X63.223 Y33.281 F7200  ; DRAW LINE
G1 X64.746 Y37.500 F7200  ; DRAW LINE
G0 Z5.00               ; PEN UP

G0 X113.027 Y35.508   ; RAPID TO START
G1 Z0.00 F500    ; PEN DOWN
G4 P100           ; DWELL
G1 X113.965 Y35.508 F7200  ; DRAW LINE
G1 X114.844 Y35.039 F7200  ; DRAW LINE
G1 X115.324 Y33.993 F7200  ; DRAW LINE
G1 X115.087 Y31.690 F7200  ; DRAW LINE
G1 X114.569 Y31.037 F7200  ; DRAW LINE
G1 X113.795 Y30.697 F7200  ; DRAW LINE
G1 X112.910 Y30.703 F7200  ; DRAW LINE
G1 X111.680 Y31.816 F7200  ; DRAW LINE
G1 X111.680 Y34.395 F7200  ; DRAW LINE
G1 X113.027 Y35.508 F7200  ; DRAW LINE
G0 Z5.00               ; PEN UP

G0 X107.754 Y33.047   ; RAPID TO START
G1 Z0.00 F500    ; PEN DOWN
G4 P100           ; DWELL
G1 X107.930 Y31.699 F7200  ; DRAW LINE
G1 X107.313 Y30.886 F7200  ; DRAW LINE
G1 X106.113 Y30.586 F7200  ; DRAW LINE
G1 X105.117 Y31.113 F7200  ; DRAW LINE
G1 X105.000 Y32.051 F7200  ; DRAW LINE
G1 X105.410 Y32.578 F7200  ; DRAW LINE
G1 X107.754 Y33.047 F7200  ; DRAW LINE
G0 Z5.00               ; PEN UP

G0 X54.082 Y20.977   ; RAPID TO START
G1 Z0.00 F500    ; PEN DOWN
G4 P100           ; DWELL
G1 X55.664 Y16.934 F7200  ; DRAW LINE
G1 X52.559 Y16.875 F7200  ; DRAW LINE
G1 X54.082 Y20.977 F7200  ; DRAW LINE
G0 Z5.00               ; PEN UP

G0 X63.809 Y18.867   ; RAPID TO START
G1 Z0.00 F500    ; PEN DOWN
G4 P100           ; DWELL
G1 X65.196 Y18.473 F7200  ; DRAW LINE
G1 X65.608 Y17.829 F7200  ; DRAW LINE
G1 X65.625 Y16.992 F7200  ; DRAW LINE
G1 X62.402 Y16.992 F7200  ; DRAW LINE
G1 X62.739 Y18.226 F7200  ; DRAW LINE
G1 X63.809 Y18.867 F7200  ; DRAW LINE
G0 Z5.00               ; PEN UP

G0 X75.645 Y18.867   ; RAPID TO START
G1 Z0.00 F500    ; PEN DOWN
G4 P100           ; DWELL
G1 X77.021 Y18.451 F7200  ; DRAW LINE
G1 X77.461 Y16.992 F7200  ; DRAW LINE
G1 X74.238 Y16.992 F7200  ; DRAW LINE
G1 X74.180 Y17.520 F7200  ; DRAW LINE
G1 X74.824 Y18.516 F7200  ; DRAW LINE
G1 X75.645 Y18.867 F7200  ; DRAW LINE
G0 Z5.00               ; PEN UP

G0 X123.340 Y18.867   ; RAPID TO START
G1 Z0.00 F500    ; PEN DOWN
G4 P100           ; DWELL
G1 X124.738 Y18.538 F7200  ; DRAW LINE
G1 X125.273 Y16.992 F7200  ; DRAW LINE
G1 X121.934 Y16.992 F7200  ; DRAW LINE
G1 X122.270 Y18.226 F7200  ; DRAW LINE
G1 X123.340 Y18.867 F7200  ; DRAW LINE
G0 Z5.00               ; PEN UP

G0 X98.262 Y16.406   ; RAPID TO START
G1 Z0.00 F500    ; PEN DOWN
G4 P100           ; DWELL
G1 X99.258 Y16.406 F7200  ; DRAW LINE
G1 X99.258 Y15.176 F7200  ; DRAW LINE
G1 X98.906 Y14.531 F7200  ; DRAW LINE
G1 X97.819 Y14.089 F7200  ; DRAW LINE
G1 X96.823 Y14.259 F7200  ; DRAW LINE
G1 X96.445 Y14.707 F7200  ; DRAW LINE
G1 X96.572 Y15.810 F7200  ; DRAW LINE
G1 X98.262 Y16.406 F7200  ; DRAW LINE
G0 Z5.00               ; PEN UP

; END DRAWING
G0 Z5.00      ; PEN UP
G0 X0 Y0     ; RETURN TO ORIGIN
M2           ; PROGRAM END