TRACE::2026-03-06.23:09:10::SCWPlatform::Trying to open the hw design at E:/Git-Repos/CNC-FPGA/Vitis3/CNC-PL9/hw/CNC_Top_wrapper.xsa
TRACE::2026-03-06.23:09:10::SCWPlatform::DSA given E:/Git-Repos/CNC-FPGA/Vitis3/CNC-PL9/hw/CNC_Top_wrapper.xsa
TRACE::2026-03-06.23:09:10::SCWPlatform::DSA absoulate path E:/Git-Repos/CNC-FPGA/Vitis3/CNC-PL9/hw/CNC_Top_wrapper.xsa
TRACE::2026-03-06.23:09:10::SCWPlatform::DSA directory E:/Git-Repos/CNC-FPGA/Vitis3/CNC-PL9/hw
TRACE::2026-03-06.23:09:10::SCWPlatform:: Platform Path E:/Git-Repos/CNC-FPGA/Vitis3/CNC-PL9/hw/CNC_Top_wrapper.xsa
TRACE::2026-03-06.23:09:10::SCWPlatform:: Unique name xilinx:zedboard::0.0
TRACE::2026-03-06.23:09:10::SCWPlatform::Do not have an existing db opened. 
TRACE::2026-03-06.23:09:12::SCWPlatform::Opened new HwDB with name CNC_Top_wrapper_4
TRACE::2026-03-06.23:09:12::SCWWriter::formatted JSON is {
	"platformName":	"CNC-PL9",
	"sprVersion":	"2.0",
	"mode":	"gui",
	"dsaType":	"Fixed",
	"platformDesc":	"CNC-PL9",
	"platHandOff":	"E:/Git-Repos/CNC-FPGA/Zedboard-CNC/CNC_Top_wrapper.xsa",
	"platIntHandOff":	"<platformDir>/hw/CNC_Top_wrapper.xsa",
	"deviceType":	"zynq",
	"platIsPrebuiltAutogen":	"false",
	"platIsNoBootBsp":	"false",
	"hasFsblMakeHasChanges":	"false",
	"hasPmufwMakeHasChanges":	"false",
	"platPreBuiltFlag":	false,
	"platformSamplesDir":	""
}
TRACE::2026-03-06.23:09:12::SCWWriter::formatted JSON is {
	"platformName":	"CNC-PL9",
	"sprVersion":	"2.0",
	"mode":	"gui",
	"dsaType":	"Fixed",
	"platformDesc":	"CNC-PL9",
	"platHandOff":	"E:/Git-Repos/CNC-FPGA/Zedboard-CNC/CNC_Top_wrapper.xsa",
	"platIntHandOff":	"<platformDir>/hw/CNC_Top_wrapper.xsa",
	"deviceType":	"zynq",
	"platIsPrebuiltAutogen":	"false",
	"platIsNoBootBsp":	"false",
	"hasFsblMakeHasChanges":	"false",
	"hasPmufwMakeHasChanges":	"false",
	"platPreBuiltFlag":	false,
	"platformSamplesDir":	"",
	"platActiveSys":	"CNC-PL9",
	"systems":	[{
			"systemName":	"CNC-PL9",
			"systemDesc":	"CNC-PL9",
			"sysIsBootAutoGen":	"true",
			"systemDispName":	"CNC-PL9"
		}]
}
TRACE::2026-03-06.23:09:12::SCWPlatform::Boot application domains not present, creating them
TRACE::2026-03-06.23:09:12::SCWDomain::checking for install qemu data   : 
TRACE::2026-03-06.23:09:12::SCWDomain:: Using the QEMU Data from install at  : C:/Xilinx/Vitis/2024.2/data/emulation/platforms/zynq/sw/a9_standalone/qemu/
TRACE::2026-03-06.23:09:12::SCWDomain:: Using the QEMU args  from install at  : C:/Xilinx/Vitis/2024.2/data/emulation/platforms/zynq/sw/a9_standalone/qemu/qemu_args.txt
TRACE::2026-03-06.23:09:12::SCWPlatform::Trying to open the hw design at E:/Git-Repos/CNC-FPGA/Vitis3/CNC-PL9/hw/CNC_Top_wrapper.xsa
TRACE::2026-03-06.23:09:12::SCWPlatform::DSA given E:/Git-Repos/CNC-FPGA/Vitis3/CNC-PL9/hw/CNC_Top_wrapper.xsa
TRACE::2026-03-06.23:09:12::SCWPlatform::DSA absoulate path E:/Git-Repos/CNC-FPGA/Vitis3/CNC-PL9/hw/CNC_Top_wrapper.xsa
TRACE::2026-03-06.23:09:12::SCWPlatform::DSA directory E:/Git-Repos/CNC-FPGA/Vitis3/CNC-PL9/hw
TRACE::2026-03-06.23:09:12::SCWPlatform:: Platform Path E:/Git-Repos/CNC-FPGA/Vitis3/CNC-PL9/hw/CNC_Top_wrapper.xsa
TRACE::2026-03-06.23:09:12::SCWPlatform:: Unique name xilinx:zedboard::0.0
TRACE::2026-03-06.23:09:12::SCWPlatform::Trying to set the existing hwdb with name CNC_Top_wrapper_4
TRACE::2026-03-06.23:09:12::SCWPlatform::Opened existing hwdb CNC_Top_wrapper_4
TRACE::2026-03-06.23:09:12::SCWPlatform::Found the Hw Db part of the input DSA
TRACE::2026-03-06.23:09:12::SCWPlatform::Trying to open the hw design at E:/Git-Repos/CNC-FPGA/Vitis3/CNC-PL9/hw/CNC_Top_wrapper.xsa
TRACE::2026-03-06.23:09:12::SCWPlatform::DSA given E:/Git-Repos/CNC-FPGA/Vitis3/CNC-PL9/hw/CNC_Top_wrapper.xsa
TRACE::2026-03-06.23:09:12::SCWPlatform::DSA absoulate path E:/Git-Repos/CNC-FPGA/Vitis3/CNC-PL9/hw/CNC_Top_wrapper.xsa
TRACE::2026-03-06.23:09:12::SCWPlatform::DSA directory E:/Git-Repos/CNC-FPGA/Vitis3/CNC-PL9/hw
TRACE::2026-03-06.23:09:12::SCWPlatform:: Platform Path E:/Git-Repos/CNC-FPGA/Vitis3/CNC-PL9/hw/CNC_Top_wrapper.xsa
TRACE::2026-03-06.23:09:12::SCWPlatform:: Unique name xilinx:zedboard::0.0
TRACE::2026-03-06.23:09:12::SCWPlatform::Trying to set the existing hwdb with name CNC_Top_wrapper_4
TRACE::2026-03-06.23:09:12::SCWPlatform::Opened existing hwdb CNC_Top_wrapper_4
TRACE::2026-03-06.23:09:12::SCWPlatform::Found the Hw Db part of the input DSA
TRACE::2026-03-06.23:09:12::SCWPlatform::Trying to open the hw design at E:/Git-Repos/CNC-FPGA/Vitis3/CNC-PL9/hw/CNC_Top_wrapper.xsa
TRACE::2026-03-06.23:09:12::SCWPlatform::DSA given E:/Git-Repos/CNC-FPGA/Vitis3/CNC-PL9/hw/CNC_Top_wrapper.xsa
TRACE::2026-03-06.23:09:12::SCWPlatform::DSA absoulate path E:/Git-Repos/CNC-FPGA/Vitis3/CNC-PL9/hw/CNC_Top_wrapper.xsa
TRACE::2026-03-06.23:09:12::SCWPlatform::DSA directory E:/Git-Repos/CNC-FPGA/Vitis3/CNC-PL9/hw
TRACE::2026-03-06.23:09:12::SCWPlatform:: Platform Path E:/Git-Repos/CNC-FPGA/Vitis3/CNC-PL9/hw/CNC_Top_wrapper.xsa
TRACE::2026-03-06.23:09:12::SCWPlatform:: Unique name xilinx:zedboard::0.0
TRACE::2026-03-06.23:09:12::SCWPlatform::Trying to set the existing hwdb with name CNC_Top_wrapper_4
TRACE::2026-03-06.23:09:12::SCWPlatform::Opened existing hwdb CNC_Top_wrapper_4
TRACE::2026-03-06.23:09:12::SCWPlatform::Found the Hw Db part of the input DSA
TRACE::2026-03-06.23:09:12::SCWPlatform::Boot application domain added for zynq_fsbl
TRACE::2026-03-06.23:09:12::SCWPlatform::Generating the sources  .
TRACE::2026-03-06.23:09:12::SCWBDomain::Generating boot domain sources.
TRACE::2026-03-06.23:09:12::SCWBDomain:: Generating the zynq_fsbl Application.
TRACE::2026-03-06.23:09:12::SCWPlatform::Trying to open the hw design at E:/Git-Repos/CNC-FPGA/Vitis3/CNC-PL9/hw/CNC_Top_wrapper.xsa
TRACE::2026-03-06.23:09:12::SCWPlatform::DSA given E:/Git-Repos/CNC-FPGA/Vitis3/CNC-PL9/hw/CNC_Top_wrapper.xsa
TRACE::2026-03-06.23:09:12::SCWPlatform::DSA absoulate path E:/Git-Repos/CNC-FPGA/Vitis3/CNC-PL9/hw/CNC_Top_wrapper.xsa
TRACE::2026-03-06.23:09:12::SCWPlatform::DSA directory E:/Git-Repos/CNC-FPGA/Vitis3/CNC-PL9/hw
TRACE::2026-03-06.23:09:12::SCWPlatform:: Platform Path E:/Git-Repos/CNC-FPGA/Vitis3/CNC-PL9/hw/CNC_Top_wrapper.xsa
TRACE::2026-03-06.23:09:12::SCWPlatform:: Unique name xilinx:zedboard::0.0
TRACE::2026-03-06.23:09:12::SCWPlatform::Trying to set the existing hwdb with name CNC_Top_wrapper_4
TRACE::2026-03-06.23:09:12::SCWPlatform::Opened existing hwdb CNC_Top_wrapper_4
TRACE::2026-03-06.23:09:12::SCWPlatform::Found the Hw Db part of the input DSA
TRACE::2026-03-06.23:09:12::SCWMssOS::Checking the sw design at  E:/Git-Repos/CNC-FPGA/Vitis3/CNC-PL9/zynq_fsbl/zynq_fsbl_bsp/system.mss
TRACE::2026-03-06.23:09:12::SCWMssOS::DEBUG:  swdes dump  E:/Git-Repos/CNC-FPGA/Vitis3/CNC-PL8/ps7_cortexa9_0/standalone_domain/bsp/system.mss|system_0||
E:/Git-Repos/CNC-FPGA/Vitis3/CNC-PL8/zynq_fsbl/zynq_fsbl_bsp/system.mss|system||

TRACE::2026-03-06.23:09:12::SCWMssOS::No sw design opened at  E:/Git-Repos/CNC-FPGA/Vitis3/CNC-PL9/zynq_fsbl/zynq_fsbl_bsp/system.mss
TRACE::2026-03-06.23:09:12::SCWMssOS::mss does not exists at E:/Git-Repos/CNC-FPGA/Vitis3/CNC-PL9/zynq_fsbl/zynq_fsbl_bsp/system.mss
TRACE::2026-03-06.23:09:12::SCWMssOS::Creating sw design at  E:/Git-Repos/CNC-FPGA/Vitis3/CNC-PL9/zynq_fsbl/zynq_fsbl_bsp/system.mss
TRACE::2026-03-06.23:09:12::SCWMssOS::Adding the swdes entry, created swdb E:/Git-Repos/CNC-FPGA/Vitis3/CNC-PL9/zynq_fsbl/zynq_fsbl_bsp/system.mss with des name E:/Git-Repos/CNC-FPGA/Vitis3/CNC-PL9/zynq_fsbl/zynq_fsbl_bsp/system.mss
TRACE::2026-03-06.23:09:12::SCWMssOS::updating the scw layer changes to swdes at   E:/Git-Repos/CNC-FPGA/Vitis3/CNC-PL9/zynq_fsbl/zynq_fsbl_bsp/system.mss
TRACE::2026-03-06.23:09:12::SCWMssOS::Writing mss at E:/Git-Repos/CNC-FPGA/Vitis3/CNC-PL9/zynq_fsbl/zynq_fsbl_bsp/system.mss
TRACE::2026-03-06.23:09:12::SCWMssOS::Completed writing the mss file at E:/Git-Repos/CNC-FPGA/Vitis3/CNC-PL9/zynq_fsbl/zynq_fsbl_bsp
TRACE::2026-03-06.23:09:12::SCWMssOS::Picking up changes from newly written mss file into SCW Layer. 
TRACE::2026-03-06.23:09:12::SCWMssOS::Updated the changes from newly written mss file into SCW Layer. 
TRACE::2026-03-06.23:09:12::SCWBDomain::Completed writing the mss file at E:/Git-Repos/CNC-FPGA/Vitis3/CNC-PL9/zynq_fsbl/zynq_fsbl_bsp
TRACE::2026-03-06.23:09:19::SCWPlatform::Generating sources Done.
TRACE::2026-03-06.23:09:19::SCWPlatform::Trying to open the hw design at E:/Git-Repos/CNC-FPGA/Vitis3/CNC-PL9/hw/CNC_Top_wrapper.xsa
TRACE::2026-03-06.23:09:19::SCWPlatform::DSA given E:/Git-Repos/CNC-FPGA/Vitis3/CNC-PL9/hw/CNC_Top_wrapper.xsa
TRACE::2026-03-06.23:09:19::SCWPlatform::DSA absoulate path E:/Git-Repos/CNC-FPGA/Vitis3/CNC-PL9/hw/CNC_Top_wrapper.xsa
TRACE::2026-03-06.23:09:19::SCWPlatform::DSA directory E:/Git-Repos/CNC-FPGA/Vitis3/CNC-PL9/hw
TRACE::2026-03-06.23:09:19::SCWPlatform:: Platform Path E:/Git-Repos/CNC-FPGA/Vitis3/CNC-PL9/hw/CNC_Top_wrapper.xsa
TRACE::2026-03-06.23:09:19::SCWPlatform:: Unique name xilinx:zedboard::0.0
TRACE::2026-03-06.23:09:19::SCWPlatform::Trying to set the existing hwdb with name CNC_Top_wrapper_4
TRACE::2026-03-06.23:09:19::SCWPlatform::Opened existing hwdb CNC_Top_wrapper_4
TRACE::2026-03-06.23:09:19::SCWPlatform::Found the Hw Db part of the input DSA
TRACE::2026-03-06.23:09:19::SCWMssOS::Checking the sw design at  E:/Git-Repos/CNC-FPGA/Vitis3/CNC-PL9/zynq_fsbl/zynq_fsbl_bsp/system.mss
TRACE::2026-03-06.23:09:19::SCWMssOS::DEBUG:  swdes dump  E:/Git-Repos/CNC-FPGA/Vitis3/CNC-PL8/ps7_cortexa9_0/standalone_domain/bsp/system.mss|system_0||
E:/Git-Repos/CNC-FPGA/Vitis3/CNC-PL8/zynq_fsbl/zynq_fsbl_bsp/system.mss|system||

TRACE::2026-03-06.23:09:19::SCWMssOS::No sw design opened at  E:/Git-Repos/CNC-FPGA/Vitis3/CNC-PL9/zynq_fsbl/zynq_fsbl_bsp/system.mss
TRACE::2026-03-06.23:09:19::SCWMssOS::mss exists loading the mss file  E:/Git-Repos/CNC-FPGA/Vitis3/CNC-PL9/zynq_fsbl/zynq_fsbl_bsp/system.mss
TRACE::2026-03-06.23:09:19::SCWMssOS::Opened the sw design from mss  E:/Git-Repos/CNC-FPGA/Vitis3/CNC-PL9/zynq_fsbl/zynq_fsbl_bsp/system.mss
TRACE::2026-03-06.23:09:19::SCWMssOS::Adding the swdes entry E:/Git-Repos/CNC-FPGA/Vitis3/CNC-PL9/zynq_fsbl/zynq_fsbl_bsp/system.mss with des name system_1
TRACE::2026-03-06.23:09:19::SCWMssOS::updating the scw layer about changes
TRACE::2026-03-06.23:09:19::SCWMssOS::Opened the sw design.  E:/Git-Repos/CNC-FPGA/Vitis3/CNC-PL9/zynq_fsbl/zynq_fsbl_bsp/system.mss
TRACE::2026-03-06.23:09:19::SCWMssOS::Saving the mss changes E:/Git-Repos/CNC-FPGA/Vitis3/CNC-PL9/zynq_fsbl/zynq_fsbl_bsp/system.mss
TRACE::2026-03-06.23:09:19::SCWMssOS::Found a swdesign opened with the mssfile.
TRACE::2026-03-06.23:09:19::SCWMssOS::Completed writemss as part of save.
TRACE::2026-03-06.23:09:19::SCWMssOS::Commit changes completed.
TRACE::2026-03-06.23:09:19::SCWPlatform::Trying to open the hw design at E:/Git-Repos/CNC-FPGA/Vitis3/CNC-PL9/hw/CNC_Top_wrapper.xsa
TRACE::2026-03-06.23:09:19::SCWPlatform::DSA given E:/Git-Repos/CNC-FPGA/Vitis3/CNC-PL9/hw/CNC_Top_wrapper.xsa
TRACE::2026-03-06.23:09:19::SCWPlatform::DSA absoulate path E:/Git-Repos/CNC-FPGA/Vitis3/CNC-PL9/hw/CNC_Top_wrapper.xsa
TRACE::2026-03-06.23:09:19::SCWPlatform::DSA directory E:/Git-Repos/CNC-FPGA/Vitis3/CNC-PL9/hw
TRACE::2026-03-06.23:09:19::SCWPlatform:: Platform Path E:/Git-Repos/CNC-FPGA/Vitis3/CNC-PL9/hw/CNC_Top_wrapper.xsa
TRACE::2026-03-06.23:09:19::SCWPlatform:: Unique name xilinx:zedboard::0.0
TRACE::2026-03-06.23:09:19::SCWPlatform::Trying to set the existing hwdb with name CNC_Top_wrapper_4
TRACE::2026-03-06.23:09:19::SCWPlatform::Opened existing hwdb CNC_Top_wrapper_4
TRACE::2026-03-06.23:09:19::SCWPlatform::Found the Hw Db part of the input DSA
TRACE::2026-03-06.23:09:19::SCWMssOS::Checking the sw design at  E:/Git-Repos/CNC-FPGA/Vitis3/CNC-PL9/zynq_fsbl/zynq_fsbl_bsp/system.mss
TRACE::2026-03-06.23:09:19::SCWMssOS::DEBUG:  swdes dump  E:/Git-Repos/CNC-FPGA/Vitis3/CNC-PL8/ps7_cortexa9_0/standalone_domain/bsp/system.mss|system_0||
E:/Git-Repos/CNC-FPGA/Vitis3/CNC-PL8/zynq_fsbl/zynq_fsbl_bsp/system.mss|system||
E:/Git-Repos/CNC-FPGA/Vitis3/CNC-PL9/zynq_fsbl/zynq_fsbl_bsp/system.mss|system_1||

TRACE::2026-03-06.23:09:19::SCWMssOS::Sw design exists and opened at  E:/Git-Repos/CNC-FPGA/Vitis3/CNC-PL9/zynq_fsbl/zynq_fsbl_bsp/system.mss
TRACE::2026-03-06.23:09:19::SCWPlatform::Trying to open the hw design at E:/Git-Repos/CNC-FPGA/Vitis3/CNC-PL9/hw/CNC_Top_wrapper.xsa
TRACE::2026-03-06.23:09:19::SCWPlatform::DSA given E:/Git-Repos/CNC-FPGA/Vitis3/CNC-PL9/hw/CNC_Top_wrapper.xsa
TRACE::2026-03-06.23:09:19::SCWPlatform::DSA absoulate path E:/Git-Repos/CNC-FPGA/Vitis3/CNC-PL9/hw/CNC_Top_wrapper.xsa
TRACE::2026-03-06.23:09:19::SCWPlatform::DSA directory E:/Git-Repos/CNC-FPGA/Vitis3/CNC-PL9/hw
TRACE::2026-03-06.23:09:19::SCWPlatform:: Platform Path E:/Git-Repos/CNC-FPGA/Vitis3/CNC-PL9/hw/CNC_Top_wrapper.xsa
TRACE::2026-03-06.23:09:19::SCWPlatform:: Unique name xilinx:zedboard::0.0
TRACE::2026-03-06.23:09:19::SCWPlatform::Trying to set the existing hwdb with name CNC_Top_wrapper_4
TRACE::2026-03-06.23:09:19::SCWPlatform::Opened existing hwdb CNC_Top_wrapper_4
TRACE::2026-03-06.23:09:19::SCWPlatform::Found the Hw Db part of the input DSA
TRACE::2026-03-06.23:09:19::SCWMssOS::Checking the sw design at  E:/Git-Repos/CNC-FPGA/Vitis3/CNC-PL9/zynq_fsbl/zynq_fsbl_bsp/system.mss
TRACE::2026-03-06.23:09:19::SCWMssOS::DEBUG:  swdes dump  E:/Git-Repos/CNC-FPGA/Vitis3/CNC-PL8/ps7_cortexa9_0/standalone_domain/bsp/system.mss|system_0||
E:/Git-Repos/CNC-FPGA/Vitis3/CNC-PL8/zynq_fsbl/zynq_fsbl_bsp/system.mss|system||
E:/Git-Repos/CNC-FPGA/Vitis3/CNC-PL9/zynq_fsbl/zynq_fsbl_bsp/system.mss|system_1||

TRACE::2026-03-06.23:09:19::SCWMssOS::Sw design exists and opened at  E:/Git-Repos/CNC-FPGA/Vitis3/CNC-PL9/zynq_fsbl/zynq_fsbl_bsp/system.mss
TRACE::2026-03-06.23:09:19::SCWPlatform::Trying to open the hw design at E:/Git-Repos/CNC-FPGA/Vitis3/CNC-PL9/hw/CNC_Top_wrapper.xsa
TRACE::2026-03-06.23:09:19::SCWPlatform::DSA given E:/Git-Repos/CNC-FPGA/Vitis3/CNC-PL9/hw/CNC_Top_wrapper.xsa
TRACE::2026-03-06.23:09:19::SCWPlatform::DSA absoulate path E:/Git-Repos/CNC-FPGA/Vitis3/CNC-PL9/hw/CNC_Top_wrapper.xsa
TRACE::2026-03-06.23:09:19::SCWPlatform::DSA directory E:/Git-Repos/CNC-FPGA/Vitis3/CNC-PL9/hw
TRACE::2026-03-06.23:09:19::SCWPlatform:: Platform Path E:/Git-Repos/CNC-FPGA/Vitis3/CNC-PL9/hw/CNC_Top_wrapper.xsa
TRACE::2026-03-06.23:09:19::SCWPlatform:: Unique name xilinx:zedboard::0.0
TRACE::2026-03-06.23:09:19::SCWPlatform::Trying to set the existing hwdb with name CNC_Top_wrapper_4
TRACE::2026-03-06.23:09:19::SCWPlatform::Opened existing hwdb CNC_Top_wrapper_4
TRACE::2026-03-06.23:09:19::SCWPlatform::Found the Hw Db part of the input DSA
TRACE::2026-03-06.23:09:19::SCWMssOS::Checking the sw design at  E:/Git-Repos/CNC-FPGA/Vitis3/CNC-PL9/zynq_fsbl/zynq_fsbl_bsp/system.mss
TRACE::2026-03-06.23:09:19::SCWMssOS::DEBUG:  swdes dump  E:/Git-Repos/CNC-FPGA/Vitis3/CNC-PL8/ps7_cortexa9_0/standalone_domain/bsp/system.mss|system_0||
E:/Git-Repos/CNC-FPGA/Vitis3/CNC-PL8/zynq_fsbl/zynq_fsbl_bsp/system.mss|system||
E:/Git-Repos/CNC-FPGA/Vitis3/CNC-PL9/zynq_fsbl/zynq_fsbl_bsp/system.mss|system_1||

TRACE::2026-03-06.23:09:19::SCWMssOS::Sw design exists and opened at  E:/Git-Repos/CNC-FPGA/Vitis3/CNC-PL9/zynq_fsbl/zynq_fsbl_bsp/system.mss
TRACE::2026-03-06.23:09:19::SCWWriter::formatted JSON is {
	"platformName":	"CNC-PL9",
	"sprVersion":	"2.0",
	"mode":	"gui",
	"dsaType":	"Fixed",
	"platformDesc":	"CNC-PL9",
	"platHandOff":	"E:/Git-Repos/CNC-FPGA/Zedboard-CNC/CNC_Top_wrapper.xsa",
	"platIntHandOff":	"<platformDir>/hw/CNC_Top_wrapper.xsa",
	"deviceType":	"zynq",
	"platIsPrebuiltAutogen":	"false",
	"platIsNoBootBsp":	"false",
	"platFsblTarget":	"ps7_cortexa9_0",
	"hasFsblMakeHasChanges":	"false",
	"hasPmufwMakeHasChanges":	"false",
	"fsblExtraCompilerFlags":	"-MMD -MP       -mcpu=cortex-a9 -mfpu=vfpv3 -mfloat-abi=hard ",
	"platPreBuiltFlag":	false,
	"platformSamplesDir":	"",
	"platActiveSys":	"CNC-PL9",
	"systems":	[{
			"systemName":	"CNC-PL9",
			"systemDesc":	"CNC-PL9",
			"sysIsBootAutoGen":	"true",
			"systemDispName":	"CNC-PL9",
			"sysActiveDom":	"zynq_fsbl",
			"sysDefaultDom":	"",
			"domains":	[{
					"domainName":	"zynq_fsbl",
					"domainDispName":	"zynq_fsbl",
					"domainDesc":	"FSBL Application BSP - Auto Generated.",
					"processors":	"ps7_cortexa9_0",
					"os":	"standalone",
					"sdxOs":	"standalone",
					"debugEnable":	"",
					"domRuntimes":	["cpp"],
					"swRepo":	"",
					"mssOsVer":	"9.2",
					"mssFile":	"",
					"md5Digest":	"8e05dff6cf2b7a5e245cc7c2f785ee81",
					"compatibleApp":	"zynq_fsbl",
					"domType":	"bootDomain",
					"arch":	"32-bit",
					"appSettings":	{
						"appCompilerFlags":	"",
						"appLinkerFlags":	""
					},
					"addedLibs":	["xilffs:5.3", "xilrsa:1.8"],
					"libOptions":	{
						"libsContainingOptions":	[]
					},
					"prebuiltLibs":	{
						"prebuiltIncPath":	[],
						"prebuiltLibPath":	[]
					},
					"isolation":	{
					}
				}]
		}]
}
TRACE::2026-03-06.23:09:19::SCWPlatform::Trying to open the hw design at E:/Git-Repos/CNC-FPGA/Vitis3/CNC-PL9/hw/CNC_Top_wrapper.xsa
TRACE::2026-03-06.23:09:19::SCWPlatform::DSA given E:/Git-Repos/CNC-FPGA/Vitis3/CNC-PL9/hw/CNC_Top_wrapper.xsa
TRACE::2026-03-06.23:09:19::SCWPlatform::DSA absoulate path E:/Git-Repos/CNC-FPGA/Vitis3/CNC-PL9/hw/CNC_Top_wrapper.xsa
TRACE::2026-03-06.23:09:19::SCWPlatform::DSA directory E:/Git-Repos/CNC-FPGA/Vitis3/CNC-PL9/hw
TRACE::2026-03-06.23:09:19::SCWPlatform:: Platform Path E:/Git-Repos/CNC-FPGA/Vitis3/CNC-PL9/hw/CNC_Top_wrapper.xsa
TRACE::2026-03-06.23:09:19::SCWPlatform:: Unique name xilinx:zedboard::0.0
TRACE::2026-03-06.23:09:19::SCWPlatform::Trying to set the existing hwdb with name CNC_Top_wrapper_4
TRACE::2026-03-06.23:09:19::SCWPlatform::Opened existing hwdb CNC_Top_wrapper_4
TRACE::2026-03-06.23:09:19::SCWPlatform::Found the Hw Db part of the input DSA
TRACE::2026-03-06.23:09:19::SCWPlatform::Trying to open the hw design at E:/Git-Repos/CNC-FPGA/Vitis3/CNC-PL9/hw/CNC_Top_wrapper.xsa
TRACE::2026-03-06.23:09:19::SCWPlatform::DSA given E:/Git-Repos/CNC-FPGA/Vitis3/CNC-PL9/hw/CNC_Top_wrapper.xsa
TRACE::2026-03-06.23:09:19::SCWPlatform::DSA absoulate path E:/Git-Repos/CNC-FPGA/Vitis3/CNC-PL9/hw/CNC_Top_wrapper.xsa
TRACE::2026-03-06.23:09:19::SCWPlatform::DSA directory E:/Git-Repos/CNC-FPGA/Vitis3/CNC-PL9/hw
TRACE::2026-03-06.23:09:19::SCWPlatform:: Platform Path E:/Git-Repos/CNC-FPGA/Vitis3/CNC-PL9/hw/CNC_Top_wrapper.xsa
TRACE::2026-03-06.23:09:19::SCWPlatform:: Unique name xilinx:zedboard::0.0
TRACE::2026-03-06.23:09:19::SCWPlatform::Trying to set the existing hwdb with name CNC_Top_wrapper_4
TRACE::2026-03-06.23:09:19::SCWPlatform::Opened existing hwdb CNC_Top_wrapper_4
TRACE::2026-03-06.23:09:19::SCWPlatform::Found the Hw Db part of the input DSA
TRACE::2026-03-06.23:09:19::SCWDomain::checking for install qemu data   : 
TRACE::2026-03-06.23:09:19::SCWDomain:: Using the QEMU Data from install at  : C:/Xilinx/Vitis/2024.2/data/emulation/platforms/zynq/sw/a9_standalone/qemu/
TRACE::2026-03-06.23:09:19::SCWDomain:: Using the QEMU args  from install at  : C:/Xilinx/Vitis/2024.2/data/emulation/platforms/zynq/sw/a9_standalone/qemu/qemu_args.txt
TRACE::2026-03-06.23:09:19::SCWPlatform::Trying to open the hw design at E:/Git-Repos/CNC-FPGA/Vitis3/CNC-PL9/hw/CNC_Top_wrapper.xsa
TRACE::2026-03-06.23:09:19::SCWPlatform::DSA given E:/Git-Repos/CNC-FPGA/Vitis3/CNC-PL9/hw/CNC_Top_wrapper.xsa
TRACE::2026-03-06.23:09:19::SCWPlatform::DSA absoulate path E:/Git-Repos/CNC-FPGA/Vitis3/CNC-PL9/hw/CNC_Top_wrapper.xsa
TRACE::2026-03-06.23:09:19::SCWPlatform::DSA directory E:/Git-Repos/CNC-FPGA/Vitis3/CNC-PL9/hw
TRACE::2026-03-06.23:09:19::SCWPlatform:: Platform Path E:/Git-Repos/CNC-FPGA/Vitis3/CNC-PL9/hw/CNC_Top_wrapper.xsa
TRACE::2026-03-06.23:09:19::SCWPlatform:: Unique name xilinx:zedboard::0.0
TRACE::2026-03-06.23:09:19::SCWPlatform::Trying to set the existing hwdb with name CNC_Top_wrapper_4
TRACE::2026-03-06.23:09:19::SCWPlatform::Opened existing hwdb CNC_Top_wrapper_4
TRACE::2026-03-06.23:09:19::SCWPlatform::Found the Hw Db part of the input DSA
TRACE::2026-03-06.23:09:19::SCWPlatform::Trying to open the hw design at E:/Git-Repos/CNC-FPGA/Vitis3/CNC-PL9/hw/CNC_Top_wrapper.xsa
TRACE::2026-03-06.23:09:19::SCWPlatform::DSA given E:/Git-Repos/CNC-FPGA/Vitis3/CNC-PL9/hw/CNC_Top_wrapper.xsa
TRACE::2026-03-06.23:09:19::SCWPlatform::DSA absoulate path E:/Git-Repos/CNC-FPGA/Vitis3/CNC-PL9/hw/CNC_Top_wrapper.xsa
TRACE::2026-03-06.23:09:19::SCWPlatform::DSA directory E:/Git-Repos/CNC-FPGA/Vitis3/CNC-PL9/hw
TRACE::2026-03-06.23:09:19::SCWPlatform:: Platform Path E:/Git-Repos/CNC-FPGA/Vitis3/CNC-PL9/hw/CNC_Top_wrapper.xsa
TRACE::2026-03-06.23:09:19::SCWPlatform:: Unique name xilinx:zedboard::0.0
TRACE::2026-03-06.23:09:19::SCWPlatform::Trying to set the existing hwdb with name CNC_Top_wrapper_4
TRACE::2026-03-06.23:09:19::SCWPlatform::Opened existing hwdb CNC_Top_wrapper_4
TRACE::2026-03-06.23:09:19::SCWPlatform::Found the Hw Db part of the input DSA
TRACE::2026-03-06.23:09:19::SCWDomain::Qemu Directory name is changed from "" to "qemu"
TRACE::2026-03-06.23:09:19::SCWPlatform::Trying to open the hw design at E:/Git-Repos/CNC-FPGA/Vitis3/CNC-PL9/hw/CNC_Top_wrapper.xsa
TRACE::2026-03-06.23:09:19::SCWPlatform::DSA given E:/Git-Repos/CNC-FPGA/Vitis3/CNC-PL9/hw/CNC_Top_wrapper.xsa
TRACE::2026-03-06.23:09:19::SCWPlatform::DSA absoulate path E:/Git-Repos/CNC-FPGA/Vitis3/CNC-PL9/hw/CNC_Top_wrapper.xsa
TRACE::2026-03-06.23:09:19::SCWPlatform::DSA directory E:/Git-Repos/CNC-FPGA/Vitis3/CNC-PL9/hw
TRACE::2026-03-06.23:09:19::SCWPlatform:: Platform Path E:/Git-Repos/CNC-FPGA/Vitis3/CNC-PL9/hw/CNC_Top_wrapper.xsa
TRACE::2026-03-06.23:09:19::SCWPlatform:: Unique name xilinx:zedboard::0.0
TRACE::2026-03-06.23:09:19::SCWPlatform::Trying to set the existing hwdb with name CNC_Top_wrapper_4
TRACE::2026-03-06.23:09:19::SCWPlatform::Opened existing hwdb CNC_Top_wrapper_4
TRACE::2026-03-06.23:09:19::SCWPlatform::Found the Hw Db part of the input DSA
TRACE::2026-03-06.23:09:19::SCWMssOS::Checking the sw design at  E:/Git-Repos/CNC-FPGA/Vitis3/CNC-PL9/ps7_cortexa9_0/standalone_domain/bsp/system.mss
TRACE::2026-03-06.23:09:19::SCWMssOS::DEBUG:  swdes dump  E:/Git-Repos/CNC-FPGA/Vitis3/CNC-PL8/ps7_cortexa9_0/standalone_domain/bsp/system.mss|system_0||
E:/Git-Repos/CNC-FPGA/Vitis3/CNC-PL8/zynq_fsbl/zynq_fsbl_bsp/system.mss|system||
E:/Git-Repos/CNC-FPGA/Vitis3/CNC-PL9/zynq_fsbl/zynq_fsbl_bsp/system.mss|system_1||

TRACE::2026-03-06.23:09:19::SCWMssOS::No sw design opened at  E:/Git-Repos/CNC-FPGA/Vitis3/CNC-PL9/ps7_cortexa9_0/standalone_domain/bsp/system.mss
TRACE::2026-03-06.23:09:19::SCWMssOS::mss does not exists at E:/Git-Repos/CNC-FPGA/Vitis3/CNC-PL9/ps7_cortexa9_0/standalone_domain/bsp/system.mss
TRACE::2026-03-06.23:09:19::SCWMssOS::Creating sw design at  E:/Git-Repos/CNC-FPGA/Vitis3/CNC-PL9/ps7_cortexa9_0/standalone_domain/bsp/system.mss
TRACE::2026-03-06.23:09:19::SCWMssOS::Adding the swdes entry, created swdb E:/Git-Repos/CNC-FPGA/Vitis3/CNC-PL9/ps7_cortexa9_0/standalone_domain/bsp/system.mss with des name E:/Git-Repos/CNC-FPGA/Vitis3/CNC-PL9/ps7_cortexa9_0/standalone_domain/bsp/system.mss
TRACE::2026-03-06.23:09:19::SCWMssOS::updating the scw layer changes to swdes at   E:/Git-Repos/CNC-FPGA/Vitis3/CNC-PL9/ps7_cortexa9_0/standalone_domain/bsp/system.mss
TRACE::2026-03-06.23:09:19::SCWMssOS::Writing mss at E:/Git-Repos/CNC-FPGA/Vitis3/CNC-PL9/ps7_cortexa9_0/standalone_domain/bsp/system.mss
TRACE::2026-03-06.23:09:19::SCWMssOS::Completed writing the mss file at E:/Git-Repos/CNC-FPGA/Vitis3/CNC-PL9/ps7_cortexa9_0/standalone_domain/bsp
TRACE::2026-03-06.23:09:19::SCWMssOS::Picking up changes from newly written mss file into SCW Layer. 
TRACE::2026-03-06.23:09:19::SCWMssOS::Updated the changes from newly written mss file into SCW Layer. 
TRACE::2026-03-06.23:09:19::SCWMssOS::Completed writing the mss file at E:/Git-Repos/CNC-FPGA/Vitis3/CNC-PL9/ps7_cortexa9_0/standalone_domain/bsp
TRACE::2026-03-06.23:09:19::SCWMssOS::Forcing BSP Sources regeneration.
TRACE::2026-03-06.23:09:21::SCWMssOS::Saving the mss changes E:/Git-Repos/CNC-FPGA/Vitis3/CNC-PL9/zynq_fsbl/zynq_fsbl_bsp/system.mss
TRACE::2026-03-06.23:09:21::SCWMssOS::Found a swdesign opened with the mssfile.
TRACE::2026-03-06.23:09:21::SCWMssOS::Completed writemss as part of save.
TRACE::2026-03-06.23:09:21::SCWMssOS::Commit changes completed.
TRACE::2026-03-06.23:09:21::SCWMssOS::Saving the mss changes E:/Git-Repos/CNC-FPGA/Vitis3/CNC-PL9/ps7_cortexa9_0/standalone_domain/bsp/system.mss
TRACE::2026-03-06.23:09:21::SCWMssOS::Adding the swdes entry, mss present, able to open swdb E:/Git-Repos/CNC-FPGA/Vitis3/CNC-PL9/ps7_cortexa9_0/standalone_domain/bsp/system.mss with des name system_2
TRACE::2026-03-06.23:09:21::SCWMssOS::Writing the mss file completed E:/Git-Repos/CNC-FPGA/Vitis3/CNC-PL9/ps7_cortexa9_0/standalone_domain/bsp/system.mss
TRACE::2026-03-06.23:09:21::SCWMssOS::Commit changes completed.
TRACE::2026-03-06.23:09:21::SCWPlatform::Trying to open the hw design at E:/Git-Repos/CNC-FPGA/Vitis3/CNC-PL9/hw/CNC_Top_wrapper.xsa
TRACE::2026-03-06.23:09:21::SCWPlatform::DSA given E:/Git-Repos/CNC-FPGA/Vitis3/CNC-PL9/hw/CNC_Top_wrapper.xsa
TRACE::2026-03-06.23:09:21::SCWPlatform::DSA absoulate path E:/Git-Repos/CNC-FPGA/Vitis3/CNC-PL9/hw/CNC_Top_wrapper.xsa
TRACE::2026-03-06.23:09:21::SCWPlatform::DSA directory E:/Git-Repos/CNC-FPGA/Vitis3/CNC-PL9/hw
TRACE::2026-03-06.23:09:21::SCWPlatform:: Platform Path E:/Git-Repos/CNC-FPGA/Vitis3/CNC-PL9/hw/CNC_Top_wrapper.xsa
TRACE::2026-03-06.23:09:21::SCWPlatform:: Unique name xilinx:zedboard::0.0
TRACE::2026-03-06.23:09:21::SCWPlatform::Trying to set the existing hwdb with name CNC_Top_wrapper_4
TRACE::2026-03-06.23:09:21::SCWPlatform::Opened existing hwdb CNC_Top_wrapper_4
TRACE::2026-03-06.23:09:21::SCWPlatform::Found the Hw Db part of the input DSA
TRACE::2026-03-06.23:09:21::SCWMssOS::Checking the sw design at  E:/Git-Repos/CNC-FPGA/Vitis3/CNC-PL9/zynq_fsbl/zynq_fsbl_bsp/system.mss
TRACE::2026-03-06.23:09:21::SCWMssOS::DEBUG:  swdes dump  E:/Git-Repos/CNC-FPGA/Vitis3/CNC-PL8/ps7_cortexa9_0/standalone_domain/bsp/system.mss|system_0||
E:/Git-Repos/CNC-FPGA/Vitis3/CNC-PL8/zynq_fsbl/zynq_fsbl_bsp/system.mss|system||
E:/Git-Repos/CNC-FPGA/Vitis3/CNC-PL9/ps7_cortexa9_0/standalone_domain/bsp/system.mss|system_2||
E:/Git-Repos/CNC-FPGA/Vitis3/CNC-PL9/zynq_fsbl/zynq_fsbl_bsp/system.mss|system_1||

TRACE::2026-03-06.23:09:21::SCWMssOS::Sw design exists and opened at  E:/Git-Repos/CNC-FPGA/Vitis3/CNC-PL9/zynq_fsbl/zynq_fsbl_bsp/system.mss
TRACE::2026-03-06.23:09:21::SCWPlatform::Trying to open the hw design at E:/Git-Repos/CNC-FPGA/Vitis3/CNC-PL9/hw/CNC_Top_wrapper.xsa
TRACE::2026-03-06.23:09:21::SCWPlatform::DSA given E:/Git-Repos/CNC-FPGA/Vitis3/CNC-PL9/hw/CNC_Top_wrapper.xsa
TRACE::2026-03-06.23:09:21::SCWPlatform::DSA absoulate path E:/Git-Repos/CNC-FPGA/Vitis3/CNC-PL9/hw/CNC_Top_wrapper.xsa
TRACE::2026-03-06.23:09:21::SCWPlatform::DSA directory E:/Git-Repos/CNC-FPGA/Vitis3/CNC-PL9/hw
TRACE::2026-03-06.23:09:21::SCWPlatform:: Platform Path E:/Git-Repos/CNC-FPGA/Vitis3/CNC-PL9/hw/CNC_Top_wrapper.xsa
TRACE::2026-03-06.23:09:21::SCWPlatform:: Unique name xilinx:zedboard::0.0
TRACE::2026-03-06.23:09:21::SCWPlatform::Trying to set the existing hwdb with name CNC_Top_wrapper_4
TRACE::2026-03-06.23:09:21::SCWPlatform::Opened existing hwdb CNC_Top_wrapper_4
TRACE::2026-03-06.23:09:21::SCWPlatform::Found the Hw Db part of the input DSA
TRACE::2026-03-06.23:09:21::SCWMssOS::Checking the sw design at  E:/Git-Repos/CNC-FPGA/Vitis3/CNC-PL9/zynq_fsbl/zynq_fsbl_bsp/system.mss
TRACE::2026-03-06.23:09:21::SCWMssOS::DEBUG:  swdes dump  E:/Git-Repos/CNC-FPGA/Vitis3/CNC-PL8/ps7_cortexa9_0/standalone_domain/bsp/system.mss|system_0||
E:/Git-Repos/CNC-FPGA/Vitis3/CNC-PL8/zynq_fsbl/zynq_fsbl_bsp/system.mss|system||
E:/Git-Repos/CNC-FPGA/Vitis3/CNC-PL9/ps7_cortexa9_0/standalone_domain/bsp/system.mss|system_2||
E:/Git-Repos/CNC-FPGA/Vitis3/CNC-PL9/zynq_fsbl/zynq_fsbl_bsp/system.mss|system_1||

TRACE::2026-03-06.23:09:21::SCWMssOS::Sw design exists and opened at  E:/Git-Repos/CNC-FPGA/Vitis3/CNC-PL9/zynq_fsbl/zynq_fsbl_bsp/system.mss
TRACE::2026-03-06.23:09:21::SCWPlatform::Trying to open the hw design at E:/Git-Repos/CNC-FPGA/Vitis3/CNC-PL9/hw/CNC_Top_wrapper.xsa
TRACE::2026-03-06.23:09:21::SCWPlatform::DSA given E:/Git-Repos/CNC-FPGA/Vitis3/CNC-PL9/hw/CNC_Top_wrapper.xsa
TRACE::2026-03-06.23:09:21::SCWPlatform::DSA absoulate path E:/Git-Repos/CNC-FPGA/Vitis3/CNC-PL9/hw/CNC_Top_wrapper.xsa
TRACE::2026-03-06.23:09:21::SCWPlatform::DSA directory E:/Git-Repos/CNC-FPGA/Vitis3/CNC-PL9/hw
TRACE::2026-03-06.23:09:21::SCWPlatform:: Platform Path E:/Git-Repos/CNC-FPGA/Vitis3/CNC-PL9/hw/CNC_Top_wrapper.xsa
TRACE::2026-03-06.23:09:21::SCWPlatform:: Unique name xilinx:zedboard::0.0
TRACE::2026-03-06.23:09:21::SCWPlatform::Trying to set the existing hwdb with name CNC_Top_wrapper_4
TRACE::2026-03-06.23:09:21::SCWPlatform::Opened existing hwdb CNC_Top_wrapper_4
TRACE::2026-03-06.23:09:21::SCWPlatform::Found the Hw Db part of the input DSA
TRACE::2026-03-06.23:09:21::SCWMssOS::Checking the sw design at  E:/Git-Repos/CNC-FPGA/Vitis3/CNC-PL9/zynq_fsbl/zynq_fsbl_bsp/system.mss
TRACE::2026-03-06.23:09:21::SCWMssOS::DEBUG:  swdes dump  E:/Git-Repos/CNC-FPGA/Vitis3/CNC-PL8/ps7_cortexa9_0/standalone_domain/bsp/system.mss|system_0||
E:/Git-Repos/CNC-FPGA/Vitis3/CNC-PL8/zynq_fsbl/zynq_fsbl_bsp/system.mss|system||
E:/Git-Repos/CNC-FPGA/Vitis3/CNC-PL9/ps7_cortexa9_0/standalone_domain/bsp/system.mss|system_2||
E:/Git-Repos/CNC-FPGA/Vitis3/CNC-PL9/zynq_fsbl/zynq_fsbl_bsp/system.mss|system_1||

TRACE::2026-03-06.23:09:21::SCWMssOS::Sw design exists and opened at  E:/Git-Repos/CNC-FPGA/Vitis3/CNC-PL9/zynq_fsbl/zynq_fsbl_bsp/system.mss
TRACE::2026-03-06.23:09:21::SCWPlatform::Trying to open the hw design at E:/Git-Repos/CNC-FPGA/Vitis3/CNC-PL9/hw/CNC_Top_wrapper.xsa
TRACE::2026-03-06.23:09:21::SCWPlatform::DSA given E:/Git-Repos/CNC-FPGA/Vitis3/CNC-PL9/hw/CNC_Top_wrapper.xsa
TRACE::2026-03-06.23:09:21::SCWPlatform::DSA absoulate path E:/Git-Repos/CNC-FPGA/Vitis3/CNC-PL9/hw/CNC_Top_wrapper.xsa
TRACE::2026-03-06.23:09:21::SCWPlatform::DSA directory E:/Git-Repos/CNC-FPGA/Vitis3/CNC-PL9/hw
TRACE::2026-03-06.23:09:21::SCWPlatform:: Platform Path E:/Git-Repos/CNC-FPGA/Vitis3/CNC-PL9/hw/CNC_Top_wrapper.xsa
TRACE::2026-03-06.23:09:21::SCWPlatform:: Unique name xilinx:zedboard::0.0
TRACE::2026-03-06.23:09:21::SCWPlatform::Trying to set the existing hwdb with name CNC_Top_wrapper_4
TRACE::2026-03-06.23:09:21::SCWPlatform::Opened existing hwdb CNC_Top_wrapper_4
TRACE::2026-03-06.23:09:21::SCWPlatform::Found the Hw Db part of the input DSA
TRACE::2026-03-06.23:09:21::SCWMssOS::Checking the sw design at  E:/Git-Repos/CNC-FPGA/Vitis3/CNC-PL9/ps7_cortexa9_0/standalone_domain/bsp/system.mss
TRACE::2026-03-06.23:09:21::SCWMssOS::DEBUG:  swdes dump  E:/Git-Repos/CNC-FPGA/Vitis3/CNC-PL8/ps7_cortexa9_0/standalone_domain/bsp/system.mss|system_0||
E:/Git-Repos/CNC-FPGA/Vitis3/CNC-PL8/zynq_fsbl/zynq_fsbl_bsp/system.mss|system||
E:/Git-Repos/CNC-FPGA/Vitis3/CNC-PL9/ps7_cortexa9_0/standalone_domain/bsp/system.mss|system_2||
E:/Git-Repos/CNC-FPGA/Vitis3/CNC-PL9/zynq_fsbl/zynq_fsbl_bsp/system.mss|system_1||

TRACE::2026-03-06.23:09:21::SCWMssOS::Sw design exists and opened at  E:/Git-Repos/CNC-FPGA/Vitis3/CNC-PL9/ps7_cortexa9_0/standalone_domain/bsp/system.mss
TRACE::2026-03-06.23:09:21::SCWPlatform::Trying to open the hw design at E:/Git-Repos/CNC-FPGA/Vitis3/CNC-PL9/hw/CNC_Top_wrapper.xsa
TRACE::2026-03-06.23:09:21::SCWPlatform::DSA given E:/Git-Repos/CNC-FPGA/Vitis3/CNC-PL9/hw/CNC_Top_wrapper.xsa
TRACE::2026-03-06.23:09:21::SCWPlatform::DSA absoulate path E:/Git-Repos/CNC-FPGA/Vitis3/CNC-PL9/hw/CNC_Top_wrapper.xsa
TRACE::2026-03-06.23:09:21::SCWPlatform::DSA directory E:/Git-Repos/CNC-FPGA/Vitis3/CNC-PL9/hw
TRACE::2026-03-06.23:09:21::SCWPlatform:: Platform Path E:/Git-Repos/CNC-FPGA/Vitis3/CNC-PL9/hw/CNC_Top_wrapper.xsa
TRACE::2026-03-06.23:09:21::SCWPlatform:: Unique name xilinx:zedboard::0.0
TRACE::2026-03-06.23:09:21::SCWPlatform::Trying to set the existing hwdb with name CNC_Top_wrapper_4
TRACE::2026-03-06.23:09:21::SCWPlatform::Opened existing hwdb CNC_Top_wrapper_4
TRACE::2026-03-06.23:09:21::SCWPlatform::Found the Hw Db part of the input DSA
TRACE::2026-03-06.23:09:21::SCWMssOS::Checking the sw design at  E:/Git-Repos/CNC-FPGA/Vitis3/CNC-PL9/ps7_cortexa9_0/standalone_domain/bsp/system.mss
TRACE::2026-03-06.23:09:21::SCWMssOS::DEBUG:  swdes dump  E:/Git-Repos/CNC-FPGA/Vitis3/CNC-PL8/ps7_cortexa9_0/standalone_domain/bsp/system.mss|system_0||
E:/Git-Repos/CNC-FPGA/Vitis3/CNC-PL8/zynq_fsbl/zynq_fsbl_bsp/system.mss|system||
E:/Git-Repos/CNC-FPGA/Vitis3/CNC-PL9/ps7_cortexa9_0/standalone_domain/bsp/system.mss|system_2||
E:/Git-Repos/CNC-FPGA/Vitis3/CNC-PL9/zynq_fsbl/zynq_fsbl_bsp/system.mss|system_1||

TRACE::2026-03-06.23:09:21::SCWMssOS::Sw design exists and opened at  E:/Git-Repos/CNC-FPGA/Vitis3/CNC-PL9/ps7_cortexa9_0/standalone_domain/bsp/system.mss
TRACE::2026-03-06.23:09:21::SCWPlatform::Trying to open the hw design at E:/Git-Repos/CNC-FPGA/Vitis3/CNC-PL9/hw/CNC_Top_wrapper.xsa
TRACE::2026-03-06.23:09:21::SCWPlatform::DSA given E:/Git-Repos/CNC-FPGA/Vitis3/CNC-PL9/hw/CNC_Top_wrapper.xsa
TRACE::2026-03-06.23:09:21::SCWPlatform::DSA absoulate path E:/Git-Repos/CNC-FPGA/Vitis3/CNC-PL9/hw/CNC_Top_wrapper.xsa
TRACE::2026-03-06.23:09:21::SCWPlatform::DSA directory E:/Git-Repos/CNC-FPGA/Vitis3/CNC-PL9/hw
TRACE::2026-03-06.23:09:21::SCWPlatform:: Platform Path E:/Git-Repos/CNC-FPGA/Vitis3/CNC-PL9/hw/CNC_Top_wrapper.xsa
TRACE::2026-03-06.23:09:21::SCWPlatform:: Unique name xilinx:zedboard::0.0
TRACE::2026-03-06.23:09:21::SCWPlatform::Trying to set the existing hwdb with name CNC_Top_wrapper_4
TRACE::2026-03-06.23:09:21::SCWPlatform::Opened existing hwdb CNC_Top_wrapper_4
TRACE::2026-03-06.23:09:21::SCWPlatform::Found the Hw Db part of the input DSA
TRACE::2026-03-06.23:09:21::SCWMssOS::Checking the sw design at  E:/Git-Repos/CNC-FPGA/Vitis3/CNC-PL9/ps7_cortexa9_0/standalone_domain/bsp/system.mss
TRACE::2026-03-06.23:09:21::SCWMssOS::DEBUG:  swdes dump  E:/Git-Repos/CNC-FPGA/Vitis3/CNC-PL8/ps7_cortexa9_0/standalone_domain/bsp/system.mss|system_0||
E:/Git-Repos/CNC-FPGA/Vitis3/CNC-PL8/zynq_fsbl/zynq_fsbl_bsp/system.mss|system||
E:/Git-Repos/CNC-FPGA/Vitis3/CNC-PL9/ps7_cortexa9_0/standalone_domain/bsp/system.mss|system_2||
E:/Git-Repos/CNC-FPGA/Vitis3/CNC-PL9/zynq_fsbl/zynq_fsbl_bsp/system.mss|system_1||

TRACE::2026-03-06.23:09:21::SCWMssOS::Sw design exists and opened at  E:/Git-Repos/CNC-FPGA/Vitis3/CNC-PL9/ps7_cortexa9_0/standalone_domain/bsp/system.mss
TRACE::2026-03-06.23:09:21::SCWWriter::formatted JSON is {
	"platformName":	"CNC-PL9",
	"sprVersion":	"2.0",
	"mode":	"gui",
	"dsaType":	"Fixed",
	"platformDesc":	"CNC-PL9",
	"platHandOff":	"E:/Git-Repos/CNC-FPGA/Zedboard-CNC/CNC_Top_wrapper.xsa",
	"platIntHandOff":	"<platformDir>/hw/CNC_Top_wrapper.xsa",
	"deviceType":	"zynq",
	"platIsPrebuiltAutogen":	"false",
	"platIsNoBootBsp":	"false",
	"platFsblTarget":	"ps7_cortexa9_0",
	"hasFsblMakeHasChanges":	"false",
	"hasPmufwMakeHasChanges":	"false",
	"fsblExtraCompilerFlags":	"-MMD -MP       -mcpu=cortex-a9 -mfpu=vfpv3 -mfloat-abi=hard ",
	"platPreBuiltFlag":	false,
	"platformSamplesDir":	"",
	"platActiveSys":	"CNC-PL9",
	"systems":	[{
			"systemName":	"CNC-PL9",
			"systemDesc":	"CNC-PL9",
			"sysIsBootAutoGen":	"true",
			"systemDispName":	"CNC-PL9",
			"sysActiveDom":	"standalone_domain",
			"sysDefaultDom":	"standalone_domain",
			"domains":	[{
					"domainName":	"zynq_fsbl",
					"domainDispName":	"zynq_fsbl",
					"domainDesc":	"FSBL Application BSP - Auto Generated.",
					"processors":	"ps7_cortexa9_0",
					"os":	"standalone",
					"sdxOs":	"standalone",
					"debugEnable":	"",
					"domRuntimes":	["cpp"],
					"swRepo":	"",
					"mssOsVer":	"9.2",
					"mssFile":	"",
					"md5Digest":	"8e05dff6cf2b7a5e245cc7c2f785ee81",
					"compatibleApp":	"zynq_fsbl",
					"domType":	"bootDomain",
					"arch":	"32-bit",
					"appSettings":	{
						"appCompilerFlags":	"",
						"appLinkerFlags":	""
					},
					"addedLibs":	["xilffs:5.3", "xilrsa:1.8"],
					"libOptions":	{
						"libsContainingOptions":	[]
					},
					"prebuiltLibs":	{
						"prebuiltIncPath":	[],
						"prebuiltLibPath":	[]
					},
					"isolation":	{
					}
				}, {
					"domainName":	"standalone_domain",
					"domainDispName":	"standalone_domain",
					"domainDesc":	"standalone_domain",
					"processors":	"ps7_cortexa9_0",
					"os":	"standalone",
					"sdxOs":	"standalone",
					"qemuArgs":	"<platformDir>/resources/CNC-PL9/standalone_domain/qemu_args.txt",
					"qemuData":	"<platformDir>/resources/CNC-PL9/standalone_domain/qemu",
					"debugEnable":	"False",
					"domRuntimes":	["cpp"],
					"swRepo":	"",
					"mssOsVer":	"9.2",
					"mssFile":	"",
					"md5Digest":	"aed75abb87964b40d6efb9b45e153c20",
					"compatibleApp":	"",
					"domType":	"mssDomain",
					"appSettings":	{
						"appCompilerFlags":	"",
						"appLinkerFlags":	""
					},
					"addedLibs":	[],
					"libOptions":	{
						"libsContainingOptions":	[]
					},
					"prebuiltLibs":	{
						"prebuiltIncPath":	[],
						"prebuiltLibPath":	[]
					},
					"isolation":	{
					}
				}]
		}]
}
LOG::2026-03-06.23:09:21::SCWPlatform::Started generating the artifacts platform CNC-PL9
TRACE::2026-03-06.23:09:21::SCWPlatform::Sanity checking of platform is completed
LOG::2026-03-06.23:09:21::SCWPlatform::Started generating the artifacts for system configuration CNC-PL9
LOG::2026-03-06.23:09:21::SCWSystem::Checking the domain zynq_fsbl
LOG::2026-03-06.23:09:21::SCWSystem::Doing application build for :  zynq_fsbl
TRACE::2026-03-06.23:09:21::SCWBDomain::Not a forced makefile updation, No changes are present. 
TRACE::2026-03-06.23:09:21::SCWDomain::Skipping the build for domain :  zynq_fsbl
LOG::2026-03-06.23:09:21::SCWSystem::Checking the domain standalone_domain
LOG::2026-03-06.23:09:21::SCWSystem::Not a boot domain 
LOG::2026-03-06.23:09:21::SCWSystem::Started Processing the domain standalone_domain
TRACE::2026-03-06.23:09:21::SCWDomain::Generating domain artifcats
TRACE::2026-03-06.23:09:21::SCWMssOS::Generating standalone artifcats
TRACE::2026-03-06.23:09:21::SCWMssOS::Copying the qemu file from  E:/Git-Repos/CNC-FPGA/Vitis3/CNC-PL9/resources/CNC-PL9/standalone_domain/qemu_args.txt To E:/Git-Repos/CNC-FPGA/Vitis3/CNC-PL9/export/CNC-PL9/sw/CNC-PL9/qemu/
TRACE::2026-03-06.23:09:21::SCWMssOS::Copying the qemu file from  E:/Git-Repos/CNC-FPGA/Vitis3/CNC-PL9/resources/CNC-PL9/standalone_domain/qemu_args.txt To E:/Git-Repos/CNC-FPGA/Vitis3/CNC-PL9/export/CNC-PL9/sw/CNC-PL9/standalone_domain/qemu/
TRACE::2026-03-06.23:09:21::SCWMssOS:: Copying the user libraries. 
TRACE::2026-03-06.23:09:21::SCWPlatform::Trying to open the hw design at E:/Git-Repos/CNC-FPGA/Vitis3/CNC-PL9/hw/CNC_Top_wrapper.xsa
TRACE::2026-03-06.23:09:21::SCWPlatform::DSA given E:/Git-Repos/CNC-FPGA/Vitis3/CNC-PL9/hw/CNC_Top_wrapper.xsa
TRACE::2026-03-06.23:09:21::SCWPlatform::DSA absoulate path E:/Git-Repos/CNC-FPGA/Vitis3/CNC-PL9/hw/CNC_Top_wrapper.xsa
TRACE::2026-03-06.23:09:21::SCWPlatform::DSA directory E:/Git-Repos/CNC-FPGA/Vitis3/CNC-PL9/hw
TRACE::2026-03-06.23:09:21::SCWPlatform:: Platform Path E:/Git-Repos/CNC-FPGA/Vitis3/CNC-PL9/hw/CNC_Top_wrapper.xsa
TRACE::2026-03-06.23:09:21::SCWPlatform:: Unique name xilinx:zedboard::0.0
TRACE::2026-03-06.23:09:21::SCWPlatform::Trying to set the existing hwdb with name CNC_Top_wrapper_4
TRACE::2026-03-06.23:09:21::SCWPlatform::Opened existing hwdb CNC_Top_wrapper_4
TRACE::2026-03-06.23:09:21::SCWPlatform::Found the Hw Db part of the input DSA
TRACE::2026-03-06.23:09:21::SCWMssOS::Checking the sw design at  E:/Git-Repos/CNC-FPGA/Vitis3/CNC-PL9/ps7_cortexa9_0/standalone_domain/bsp/system.mss
TRACE::2026-03-06.23:09:21::SCWMssOS::DEBUG:  swdes dump  E:/Git-Repos/CNC-FPGA/Vitis3/CNC-PL8/ps7_cortexa9_0/standalone_domain/bsp/system.mss|system_0||
E:/Git-Repos/CNC-FPGA/Vitis3/CNC-PL8/zynq_fsbl/zynq_fsbl_bsp/system.mss|system||
E:/Git-Repos/CNC-FPGA/Vitis3/CNC-PL9/ps7_cortexa9_0/standalone_domain/bsp/system.mss|system_2||
E:/Git-Repos/CNC-FPGA/Vitis3/CNC-PL9/zynq_fsbl/zynq_fsbl_bsp/system.mss|system_1||

TRACE::2026-03-06.23:09:21::SCWMssOS::Sw design exists and opened at  E:/Git-Repos/CNC-FPGA/Vitis3/CNC-PL9/ps7_cortexa9_0/standalone_domain/bsp/system.mss
TRACE::2026-03-06.23:09:21::SCWMssOS::Completed writing the mss file at E:/Git-Repos/CNC-FPGA/Vitis3/CNC-PL9/ps7_cortexa9_0/standalone_domain/bsp
TRACE::2026-03-06.23:09:21::SCWMssOS::Mss edits present, copying mssfile into export location E:/Git-Repos/CNC-FPGA/Vitis3/CNC-PL9/ps7_cortexa9_0/standalone_domain/bsp/system.mss
TRACE::2026-03-06.23:09:21::SCWMssOS::bsp generated is upto date with the mss file. Skipping bsp generation.
TRACE::2026-03-06.23:09:21::SCWMssOS::BSP is already built. skipping the bsp build ... 
TRACE::2026-03-06.23:09:21::SCWDomain::Skipping the build for domain :  standalone_domain
TRACE::2026-03-06.23:09:21::SCWMssOS::skipping the bsp build ... 
TRACE::2026-03-06.23:09:21::SCWMssOS::Copying to export directory.
TRACE::2026-03-06.23:09:21::SCWMssOS:: Checking if to create the Supporting Applications
TRACE::2026-03-06.23:09:21::SCWMssOS:: No Linux domain exists, trying to generate FSBL 
TRACE::2026-03-06.23:09:21::SCWMssOS:: Completed Standalone Artifacts creation 
LOG::2026-03-06.23:09:21::SCWSystem::Completed Processing the domain standalone_domain
LOG::2026-03-06.23:09:21::SCWSystem::Completed Processing the sysconfig CNC-PL9
LOG::2026-03-06.23:09:21::SCWPlatform::Completed generating the artifacts for system configuration CNC-PL9
TRACE::2026-03-06.23:09:21::SCWPlatform::Started preparing the platform 
TRACE::2026-03-06.23:09:21::SCWSystem::Writing the bif file for system config CNC-PL9
TRACE::2026-03-06.23:09:21::SCWSystem::dir created 
TRACE::2026-03-06.23:09:21::SCWSystem::Writing the bif 
TRACE::2026-03-06.23:09:21::SCWPlatform::Started writing the spfm file 
TRACE::2026-03-06.23:09:21::SCWPlatform::Started writing the xpfm file 
TRACE::2026-03-06.23:09:21::SCWPlatform::Completed generating the platform
TRACE::2026-03-06.23:09:21::SCWMssOS::Saving the mss changes E:/Git-Repos/CNC-FPGA/Vitis3/CNC-PL9/zynq_fsbl/zynq_fsbl_bsp/system.mss
TRACE::2026-03-06.23:09:21::SCWMssOS::Found a swdesign opened with the mssfile.
TRACE::2026-03-06.23:09:21::SCWMssOS::Completed writemss as part of save.
TRACE::2026-03-06.23:09:21::SCWMssOS::Commit changes completed.
TRACE::2026-03-06.23:09:21::SCWMssOS::Saving the mss changes E:/Git-Repos/CNC-FPGA/Vitis3/CNC-PL9/ps7_cortexa9_0/standalone_domain/bsp/system.mss
TRACE::2026-03-06.23:09:21::SCWMssOS::Found a swdesign opened with the mssfile.
TRACE::2026-03-06.23:09:21::SCWMssOS::Completed writemss as part of save.
TRACE::2026-03-06.23:09:21::SCWMssOS::Commit changes completed.
TRACE::2026-03-06.23:09:21::SCWPlatform::Trying to open the hw design at E:/Git-Repos/CNC-FPGA/Vitis3/CNC-PL9/hw/CNC_Top_wrapper.xsa
TRACE::2026-03-06.23:09:21::SCWPlatform::DSA given E:/Git-Repos/CNC-FPGA/Vitis3/CNC-PL9/hw/CNC_Top_wrapper.xsa
TRACE::2026-03-06.23:09:21::SCWPlatform::DSA absoulate path E:/Git-Repos/CNC-FPGA/Vitis3/CNC-PL9/hw/CNC_Top_wrapper.xsa
TRACE::2026-03-06.23:09:21::SCWPlatform::DSA directory E:/Git-Repos/CNC-FPGA/Vitis3/CNC-PL9/hw
TRACE::2026-03-06.23:09:21::SCWPlatform:: Platform Path E:/Git-Repos/CNC-FPGA/Vitis3/CNC-PL9/hw/CNC_Top_wrapper.xsa
TRACE::2026-03-06.23:09:21::SCWPlatform:: Unique name xilinx:zedboard::0.0
TRACE::2026-03-06.23:09:21::SCWPlatform::Trying to set the existing hwdb with name CNC_Top_wrapper_4
TRACE::2026-03-06.23:09:21::SCWPlatform::Opened existing hwdb CNC_Top_wrapper_4
TRACE::2026-03-06.23:09:21::SCWPlatform::Found the Hw Db part of the input DSA
TRACE::2026-03-06.23:09:21::SCWMssOS::Checking the sw design at  E:/Git-Repos/CNC-FPGA/Vitis3/CNC-PL9/zynq_fsbl/zynq_fsbl_bsp/system.mss
TRACE::2026-03-06.23:09:21::SCWMssOS::DEBUG:  swdes dump  E:/Git-Repos/CNC-FPGA/Vitis3/CNC-PL8/ps7_cortexa9_0/standalone_domain/bsp/system.mss|system_0||
E:/Git-Repos/CNC-FPGA/Vitis3/CNC-PL8/zynq_fsbl/zynq_fsbl_bsp/system.mss|system||
E:/Git-Repos/CNC-FPGA/Vitis3/CNC-PL9/ps7_cortexa9_0/standalone_domain/bsp/system.mss|system_2||
E:/Git-Repos/CNC-FPGA/Vitis3/CNC-PL9/zynq_fsbl/zynq_fsbl_bsp/system.mss|system_1||

TRACE::2026-03-06.23:09:21::SCWMssOS::Sw design exists and opened at  E:/Git-Repos/CNC-FPGA/Vitis3/CNC-PL9/zynq_fsbl/zynq_fsbl_bsp/system.mss
TRACE::2026-03-06.23:09:21::SCWPlatform::Trying to open the hw design at E:/Git-Repos/CNC-FPGA/Vitis3/CNC-PL9/hw/CNC_Top_wrapper.xsa
TRACE::2026-03-06.23:09:21::SCWPlatform::DSA given E:/Git-Repos/CNC-FPGA/Vitis3/CNC-PL9/hw/CNC_Top_wrapper.xsa
TRACE::2026-03-06.23:09:21::SCWPlatform::DSA absoulate path E:/Git-Repos/CNC-FPGA/Vitis3/CNC-PL9/hw/CNC_Top_wrapper.xsa
TRACE::2026-03-06.23:09:21::SCWPlatform::DSA directory E:/Git-Repos/CNC-FPGA/Vitis3/CNC-PL9/hw
TRACE::2026-03-06.23:09:21::SCWPlatform:: Platform Path E:/Git-Repos/CNC-FPGA/Vitis3/CNC-PL9/hw/CNC_Top_wrapper.xsa
TRACE::2026-03-06.23:09:21::SCWPlatform:: Unique name xilinx:zedboard::0.0
TRACE::2026-03-06.23:09:21::SCWPlatform::Trying to set the existing hwdb with name CNC_Top_wrapper_4
TRACE::2026-03-06.23:09:21::SCWPlatform::Opened existing hwdb CNC_Top_wrapper_4
TRACE::2026-03-06.23:09:21::SCWPlatform::Found the Hw Db part of the input DSA
TRACE::2026-03-06.23:09:21::SCWMssOS::Checking the sw design at  E:/Git-Repos/CNC-FPGA/Vitis3/CNC-PL9/zynq_fsbl/zynq_fsbl_bsp/system.mss
TRACE::2026-03-06.23:09:21::SCWMssOS::DEBUG:  swdes dump  E:/Git-Repos/CNC-FPGA/Vitis3/CNC-PL8/ps7_cortexa9_0/standalone_domain/bsp/system.mss|system_0||
E:/Git-Repos/CNC-FPGA/Vitis3/CNC-PL8/zynq_fsbl/zynq_fsbl_bsp/system.mss|system||
E:/Git-Repos/CNC-FPGA/Vitis3/CNC-PL9/ps7_cortexa9_0/standalone_domain/bsp/system.mss|system_2||
E:/Git-Repos/CNC-FPGA/Vitis3/CNC-PL9/zynq_fsbl/zynq_fsbl_bsp/system.mss|system_1||

TRACE::2026-03-06.23:09:21::SCWMssOS::Sw design exists and opened at  E:/Git-Repos/CNC-FPGA/Vitis3/CNC-PL9/zynq_fsbl/zynq_fsbl_bsp/system.mss
TRACE::2026-03-06.23:09:21::SCWPlatform::Trying to open the hw design at E:/Git-Repos/CNC-FPGA/Vitis3/CNC-PL9/hw/CNC_Top_wrapper.xsa
TRACE::2026-03-06.23:09:21::SCWPlatform::DSA given E:/Git-Repos/CNC-FPGA/Vitis3/CNC-PL9/hw/CNC_Top_wrapper.xsa
TRACE::2026-03-06.23:09:21::SCWPlatform::DSA absoulate path E:/Git-Repos/CNC-FPGA/Vitis3/CNC-PL9/hw/CNC_Top_wrapper.xsa
TRACE::2026-03-06.23:09:21::SCWPlatform::DSA directory E:/Git-Repos/CNC-FPGA/Vitis3/CNC-PL9/hw
TRACE::2026-03-06.23:09:21::SCWPlatform:: Platform Path E:/Git-Repos/CNC-FPGA/Vitis3/CNC-PL9/hw/CNC_Top_wrapper.xsa
TRACE::2026-03-06.23:09:21::SCWPlatform:: Unique name xilinx:zedboard::0.0
TRACE::2026-03-06.23:09:21::SCWPlatform::Trying to set the existing hwdb with name CNC_Top_wrapper_4
TRACE::2026-03-06.23:09:21::SCWPlatform::Opened existing hwdb CNC_Top_wrapper_4
TRACE::2026-03-06.23:09:21::SCWPlatform::Found the Hw Db part of the input DSA
TRACE::2026-03-06.23:09:21::SCWMssOS::Checking the sw design at  E:/Git-Repos/CNC-FPGA/Vitis3/CNC-PL9/zynq_fsbl/zynq_fsbl_bsp/system.mss
TRACE::2026-03-06.23:09:21::SCWMssOS::DEBUG:  swdes dump  E:/Git-Repos/CNC-FPGA/Vitis3/CNC-PL8/ps7_cortexa9_0/standalone_domain/bsp/system.mss|system_0||
E:/Git-Repos/CNC-FPGA/Vitis3/CNC-PL8/zynq_fsbl/zynq_fsbl_bsp/system.mss|system||
E:/Git-Repos/CNC-FPGA/Vitis3/CNC-PL9/ps7_cortexa9_0/standalone_domain/bsp/system.mss|system_2||
E:/Git-Repos/CNC-FPGA/Vitis3/CNC-PL9/zynq_fsbl/zynq_fsbl_bsp/system.mss|system_1||

TRACE::2026-03-06.23:09:21::SCWMssOS::Sw design exists and opened at  E:/Git-Repos/CNC-FPGA/Vitis3/CNC-PL9/zynq_fsbl/zynq_fsbl_bsp/system.mss
TRACE::2026-03-06.23:09:21::SCWPlatform::Trying to open the hw design at E:/Git-Repos/CNC-FPGA/Vitis3/CNC-PL9/hw/CNC_Top_wrapper.xsa
TRACE::2026-03-06.23:09:21::SCWPlatform::DSA given E:/Git-Repos/CNC-FPGA/Vitis3/CNC-PL9/hw/CNC_Top_wrapper.xsa
TRACE::2026-03-06.23:09:21::SCWPlatform::DSA absoulate path E:/Git-Repos/CNC-FPGA/Vitis3/CNC-PL9/hw/CNC_Top_wrapper.xsa
TRACE::2026-03-06.23:09:21::SCWPlatform::DSA directory E:/Git-Repos/CNC-FPGA/Vitis3/CNC-PL9/hw
TRACE::2026-03-06.23:09:21::SCWPlatform:: Platform Path E:/Git-Repos/CNC-FPGA/Vitis3/CNC-PL9/hw/CNC_Top_wrapper.xsa
TRACE::2026-03-06.23:09:21::SCWPlatform:: Unique name xilinx:zedboard::0.0
TRACE::2026-03-06.23:09:21::SCWPlatform::Trying to set the existing hwdb with name CNC_Top_wrapper_4
TRACE::2026-03-06.23:09:21::SCWPlatform::Opened existing hwdb CNC_Top_wrapper_4
TRACE::2026-03-06.23:09:21::SCWPlatform::Found the Hw Db part of the input DSA
TRACE::2026-03-06.23:09:21::SCWMssOS::Checking the sw design at  E:/Git-Repos/CNC-FPGA/Vitis3/CNC-PL9/ps7_cortexa9_0/standalone_domain/bsp/system.mss
TRACE::2026-03-06.23:09:21::SCWMssOS::DEBUG:  swdes dump  E:/Git-Repos/CNC-FPGA/Vitis3/CNC-PL8/ps7_cortexa9_0/standalone_domain/bsp/system.mss|system_0||
E:/Git-Repos/CNC-FPGA/Vitis3/CNC-PL8/zynq_fsbl/zynq_fsbl_bsp/system.mss|system||
E:/Git-Repos/CNC-FPGA/Vitis3/CNC-PL9/ps7_cortexa9_0/standalone_domain/bsp/system.mss|system_2||
E:/Git-Repos/CNC-FPGA/Vitis3/CNC-PL9/zynq_fsbl/zynq_fsbl_bsp/system.mss|system_1||

TRACE::2026-03-06.23:09:21::SCWMssOS::Sw design exists and opened at  E:/Git-Repos/CNC-FPGA/Vitis3/CNC-PL9/ps7_cortexa9_0/standalone_domain/bsp/system.mss
TRACE::2026-03-06.23:09:21::SCWPlatform::Trying to open the hw design at E:/Git-Repos/CNC-FPGA/Vitis3/CNC-PL9/hw/CNC_Top_wrapper.xsa
TRACE::2026-03-06.23:09:21::SCWPlatform::DSA given E:/Git-Repos/CNC-FPGA/Vitis3/CNC-PL9/hw/CNC_Top_wrapper.xsa
TRACE::2026-03-06.23:09:21::SCWPlatform::DSA absoulate path E:/Git-Repos/CNC-FPGA/Vitis3/CNC-PL9/hw/CNC_Top_wrapper.xsa
TRACE::2026-03-06.23:09:21::SCWPlatform::DSA directory E:/Git-Repos/CNC-FPGA/Vitis3/CNC-PL9/hw
TRACE::2026-03-06.23:09:21::SCWPlatform:: Platform Path E:/Git-Repos/CNC-FPGA/Vitis3/CNC-PL9/hw/CNC_Top_wrapper.xsa
TRACE::2026-03-06.23:09:21::SCWPlatform:: Unique name xilinx:zedboard::0.0
TRACE::2026-03-06.23:09:21::SCWPlatform::Trying to set the existing hwdb with name CNC_Top_wrapper_4
TRACE::2026-03-06.23:09:21::SCWPlatform::Opened existing hwdb CNC_Top_wrapper_4
TRACE::2026-03-06.23:09:21::SCWPlatform::Found the Hw Db part of the input DSA
TRACE::2026-03-06.23:09:21::SCWMssOS::Checking the sw design at  E:/Git-Repos/CNC-FPGA/Vitis3/CNC-PL9/ps7_cortexa9_0/standalone_domain/bsp/system.mss
TRACE::2026-03-06.23:09:21::SCWMssOS::DEBUG:  swdes dump  E:/Git-Repos/CNC-FPGA/Vitis3/CNC-PL8/ps7_cortexa9_0/standalone_domain/bsp/system.mss|system_0||
E:/Git-Repos/CNC-FPGA/Vitis3/CNC-PL8/zynq_fsbl/zynq_fsbl_bsp/system.mss|system||
E:/Git-Repos/CNC-FPGA/Vitis3/CNC-PL9/ps7_cortexa9_0/standalone_domain/bsp/system.mss|system_2||
E:/Git-Repos/CNC-FPGA/Vitis3/CNC-PL9/zynq_fsbl/zynq_fsbl_bsp/system.mss|system_1||

TRACE::2026-03-06.23:09:21::SCWMssOS::Sw design exists and opened at  E:/Git-Repos/CNC-FPGA/Vitis3/CNC-PL9/ps7_cortexa9_0/standalone_domain/bsp/system.mss
TRACE::2026-03-06.23:09:21::SCWPlatform::Trying to open the hw design at E:/Git-Repos/CNC-FPGA/Vitis3/CNC-PL9/hw/CNC_Top_wrapper.xsa
TRACE::2026-03-06.23:09:21::SCWPlatform::DSA given E:/Git-Repos/CNC-FPGA/Vitis3/CNC-PL9/hw/CNC_Top_wrapper.xsa
TRACE::2026-03-06.23:09:21::SCWPlatform::DSA absoulate path E:/Git-Repos/CNC-FPGA/Vitis3/CNC-PL9/hw/CNC_Top_wrapper.xsa
TRACE::2026-03-06.23:09:21::SCWPlatform::DSA directory E:/Git-Repos/CNC-FPGA/Vitis3/CNC-PL9/hw
TRACE::2026-03-06.23:09:21::SCWPlatform:: Platform Path E:/Git-Repos/CNC-FPGA/Vitis3/CNC-PL9/hw/CNC_Top_wrapper.xsa
TRACE::2026-03-06.23:09:21::SCWPlatform:: Unique name xilinx:zedboard::0.0
TRACE::2026-03-06.23:09:21::SCWPlatform::Trying to set the existing hwdb with name CNC_Top_wrapper_4
TRACE::2026-03-06.23:09:21::SCWPlatform::Opened existing hwdb CNC_Top_wrapper_4
TRACE::2026-03-06.23:09:21::SCWPlatform::Found the Hw Db part of the input DSA
TRACE::2026-03-06.23:09:21::SCWMssOS::Checking the sw design at  E:/Git-Repos/CNC-FPGA/Vitis3/CNC-PL9/ps7_cortexa9_0/standalone_domain/bsp/system.mss
TRACE::2026-03-06.23:09:21::SCWMssOS::DEBUG:  swdes dump  E:/Git-Repos/CNC-FPGA/Vitis3/CNC-PL8/ps7_cortexa9_0/standalone_domain/bsp/system.mss|system_0||
E:/Git-Repos/CNC-FPGA/Vitis3/CNC-PL8/zynq_fsbl/zynq_fsbl_bsp/system.mss|system||
E:/Git-Repos/CNC-FPGA/Vitis3/CNC-PL9/ps7_cortexa9_0/standalone_domain/bsp/system.mss|system_2||
E:/Git-Repos/CNC-FPGA/Vitis3/CNC-PL9/zynq_fsbl/zynq_fsbl_bsp/system.mss|system_1||

TRACE::2026-03-06.23:09:21::SCWMssOS::Sw design exists and opened at  E:/Git-Repos/CNC-FPGA/Vitis3/CNC-PL9/ps7_cortexa9_0/standalone_domain/bsp/system.mss
TRACE::2026-03-06.23:09:21::SCWWriter::formatted JSON is {
	"platformName":	"CNC-PL9",
	"sprVersion":	"2.0",
	"mode":	"gui",
	"dsaType":	"Fixed",
	"platformDesc":	"CNC-PL9",
	"platHandOff":	"E:/Git-Repos/CNC-FPGA/Zedboard-CNC/CNC_Top_wrapper.xsa",
	"platIntHandOff":	"<platformDir>/hw/CNC_Top_wrapper.xsa",
	"deviceType":	"zynq",
	"platIsPrebuiltAutogen":	"false",
	"platIsNoBootBsp":	"false",
	"platFsblTarget":	"ps7_cortexa9_0",
	"hasFsblMakeHasChanges":	"false",
	"hasPmufwMakeHasChanges":	"false",
	"fsblExtraCompilerFlags":	"-MMD -MP       -mcpu=cortex-a9 -mfpu=vfpv3 -mfloat-abi=hard ",
	"platPreBuiltFlag":	false,
	"platformSamplesDir":	"",
	"platActiveSys":	"CNC-PL9",
	"systems":	[{
			"systemName":	"CNC-PL9",
			"systemDesc":	"CNC-PL9",
			"sysIsBootAutoGen":	"true",
			"systemDispName":	"CNC-PL9",
			"sysActiveDom":	"standalone_domain",
			"sysDefaultDom":	"standalone_domain",
			"domains":	[{
					"domainName":	"zynq_fsbl",
					"domainDispName":	"zynq_fsbl",
					"domainDesc":	"FSBL Application BSP - Auto Generated.",
					"processors":	"ps7_cortexa9_0",
					"os":	"standalone",
					"sdxOs":	"standalone",
					"debugEnable":	"",
					"domRuntimes":	["cpp"],
					"swRepo":	"",
					"mssOsVer":	"9.2",
					"mssFile":	"",
					"md5Digest":	"8e05dff6cf2b7a5e245cc7c2f785ee81",
					"compatibleApp":	"zynq_fsbl",
					"domType":	"bootDomain",
					"arch":	"32-bit",
					"appSettings":	{
						"appCompilerFlags":	"",
						"appLinkerFlags":	""
					},
					"addedLibs":	["xilffs:5.3", "xilrsa:1.8"],
					"libOptions":	{
						"libsContainingOptions":	[]
					},
					"prebuiltLibs":	{
						"prebuiltIncPath":	[],
						"prebuiltLibPath":	[]
					},
					"isolation":	{
					}
				}, {
					"domainName":	"standalone_domain",
					"domainDispName":	"standalone_domain",
					"domainDesc":	"standalone_domain",
					"processors":	"ps7_cortexa9_0",
					"os":	"standalone",
					"sdxOs":	"standalone",
					"qemuArgs":	"<platformDir>/resources/CNC-PL9/standalone_domain/qemu_args.txt",
					"qemuData":	"<platformDir>/resources/CNC-PL9/standalone_domain/qemu",
					"debugEnable":	"False",
					"domRuntimes":	["cpp"],
					"swRepo":	"",
					"mssOsVer":	"9.2",
					"mssFile":	"",
					"md5Digest":	"aed75abb87964b40d6efb9b45e153c20",
					"compatibleApp":	"",
					"domType":	"mssDomain",
					"appSettings":	{
						"appCompilerFlags":	"",
						"appLinkerFlags":	""
					},
					"addedLibs":	[],
					"libOptions":	{
						"libsContainingOptions":	[]
					},
					"prebuiltLibs":	{
						"prebuiltIncPath":	[],
						"prebuiltLibPath":	[]
					},
					"isolation":	{
					}
				}]
		}]
}
KEYINFO::2026-03-06.23:09:21::SCWPlatform::updated the xpfm file.
TRACE::2026-03-06.23:09:21::SCWPlatform::Trying to open the hw design at E:/Git-Repos/CNC-FPGA/Vitis3/CNC-PL9/hw/CNC_Top_wrapper.xsa
TRACE::2026-03-06.23:09:21::SCWPlatform::DSA given E:/Git-Repos/CNC-FPGA/Vitis3/CNC-PL9/hw/CNC_Top_wrapper.xsa
TRACE::2026-03-06.23:09:21::SCWPlatform::DSA absoulate path E:/Git-Repos/CNC-FPGA/Vitis3/CNC-PL9/hw/CNC_Top_wrapper.xsa
TRACE::2026-03-06.23:09:21::SCWPlatform::DSA directory E:/Git-Repos/CNC-FPGA/Vitis3/CNC-PL9/hw
TRACE::2026-03-06.23:09:21::SCWPlatform:: Platform Path E:/Git-Repos/CNC-FPGA/Vitis3/CNC-PL9/hw/CNC_Top_wrapper.xsa
TRACE::2026-03-06.23:09:21::SCWPlatform:: Unique name xilinx:zedboard::0.0
TRACE::2026-03-06.23:09:21::SCWPlatform::Trying to set the existing hwdb with name CNC_Top_wrapper_4
TRACE::2026-03-06.23:09:21::SCWPlatform::Opened existing hwdb CNC_Top_wrapper_4
TRACE::2026-03-06.23:09:21::SCWPlatform::Found the Hw Db part of the input DSA
TRACE::2026-03-06.23:09:21::SCWMssOS::Checking the sw design at  E:/Git-Repos/CNC-FPGA/Vitis3/CNC-PL9/ps7_cortexa9_0/standalone_domain/bsp/system.mss
TRACE::2026-03-06.23:09:21::SCWMssOS::DEBUG:  swdes dump  E:/Git-Repos/CNC-FPGA/Vitis3/CNC-PL8/ps7_cortexa9_0/standalone_domain/bsp/system.mss|system_0||
E:/Git-Repos/CNC-FPGA/Vitis3/CNC-PL8/zynq_fsbl/zynq_fsbl_bsp/system.mss|system||
E:/Git-Repos/CNC-FPGA/Vitis3/CNC-PL9/ps7_cortexa9_0/standalone_domain/bsp/system.mss|system_2||
E:/Git-Repos/CNC-FPGA/Vitis3/CNC-PL9/zynq_fsbl/zynq_fsbl_bsp/system.mss|system_1||

TRACE::2026-03-06.23:09:21::SCWMssOS::Sw design exists and opened at  E:/Git-Repos/CNC-FPGA/Vitis3/CNC-PL9/ps7_cortexa9_0/standalone_domain/bsp/system.mss
TRACE::2026-03-06.23:09:21::SCWMssOS::Saving the mss changes E:/Git-Repos/CNC-FPGA/Vitis3/CNC-PL9/zynq_fsbl/zynq_fsbl_bsp/system.mss
TRACE::2026-03-06.23:09:21::SCWMssOS::Found a swdesign opened with the mssfile.
TRACE::2026-03-06.23:09:21::SCWMssOS::Completed writemss as part of save.
TRACE::2026-03-06.23:09:21::SCWMssOS::Commit changes completed.
TRACE::2026-03-06.23:09:21::SCWMssOS::Saving the mss changes E:/Git-Repos/CNC-FPGA/Vitis3/CNC-PL9/ps7_cortexa9_0/standalone_domain/bsp/system.mss
TRACE::2026-03-06.23:09:21::SCWMssOS::Found a swdesign opened with the mssfile.
TRACE::2026-03-06.23:09:21::SCWMssOS::Completed writemss as part of save.
TRACE::2026-03-06.23:09:21::SCWMssOS::Commit changes completed.
TRACE::2026-03-06.23:09:21::SCWPlatform::Trying to open the hw design at E:/Git-Repos/CNC-FPGA/Vitis3/CNC-PL9/hw/CNC_Top_wrapper.xsa
TRACE::2026-03-06.23:09:21::SCWPlatform::DSA given E:/Git-Repos/CNC-FPGA/Vitis3/CNC-PL9/hw/CNC_Top_wrapper.xsa
TRACE::2026-03-06.23:09:21::SCWPlatform::DSA absoulate path E:/Git-Repos/CNC-FPGA/Vitis3/CNC-PL9/hw/CNC_Top_wrapper.xsa
TRACE::2026-03-06.23:09:21::SCWPlatform::DSA directory E:/Git-Repos/CNC-FPGA/Vitis3/CNC-PL9/hw
TRACE::2026-03-06.23:09:21::SCWPlatform:: Platform Path E:/Git-Repos/CNC-FPGA/Vitis3/CNC-PL9/hw/CNC_Top_wrapper.xsa
TRACE::2026-03-06.23:09:21::SCWPlatform:: Unique name xilinx:zedboard::0.0
TRACE::2026-03-06.23:09:21::SCWPlatform::Trying to set the existing hwdb with name CNC_Top_wrapper_4
TRACE::2026-03-06.23:09:21::SCWPlatform::Opened existing hwdb CNC_Top_wrapper_4
TRACE::2026-03-06.23:09:21::SCWPlatform::Found the Hw Db part of the input DSA
TRACE::2026-03-06.23:09:21::SCWMssOS::Checking the sw design at  E:/Git-Repos/CNC-FPGA/Vitis3/CNC-PL9/zynq_fsbl/zynq_fsbl_bsp/system.mss
TRACE::2026-03-06.23:09:21::SCWMssOS::DEBUG:  swdes dump  E:/Git-Repos/CNC-FPGA/Vitis3/CNC-PL8/ps7_cortexa9_0/standalone_domain/bsp/system.mss|system_0||
E:/Git-Repos/CNC-FPGA/Vitis3/CNC-PL8/zynq_fsbl/zynq_fsbl_bsp/system.mss|system||
E:/Git-Repos/CNC-FPGA/Vitis3/CNC-PL9/ps7_cortexa9_0/standalone_domain/bsp/system.mss|system_2||
E:/Git-Repos/CNC-FPGA/Vitis3/CNC-PL9/zynq_fsbl/zynq_fsbl_bsp/system.mss|system_1||

TRACE::2026-03-06.23:09:21::SCWMssOS::Sw design exists and opened at  E:/Git-Repos/CNC-FPGA/Vitis3/CNC-PL9/zynq_fsbl/zynq_fsbl_bsp/system.mss
TRACE::2026-03-06.23:09:21::SCWPlatform::Trying to open the hw design at E:/Git-Repos/CNC-FPGA/Vitis3/CNC-PL9/hw/CNC_Top_wrapper.xsa
TRACE::2026-03-06.23:09:21::SCWPlatform::DSA given E:/Git-Repos/CNC-FPGA/Vitis3/CNC-PL9/hw/CNC_Top_wrapper.xsa
TRACE::2026-03-06.23:09:21::SCWPlatform::DSA absoulate path E:/Git-Repos/CNC-FPGA/Vitis3/CNC-PL9/hw/CNC_Top_wrapper.xsa
TRACE::2026-03-06.23:09:21::SCWPlatform::DSA directory E:/Git-Repos/CNC-FPGA/Vitis3/CNC-PL9/hw
TRACE::2026-03-06.23:09:21::SCWPlatform:: Platform Path E:/Git-Repos/CNC-FPGA/Vitis3/CNC-PL9/hw/CNC_Top_wrapper.xsa
TRACE::2026-03-06.23:09:21::SCWPlatform:: Unique name xilinx:zedboard::0.0
TRACE::2026-03-06.23:09:21::SCWPlatform::Trying to set the existing hwdb with name CNC_Top_wrapper_4
TRACE::2026-03-06.23:09:21::SCWPlatform::Opened existing hwdb CNC_Top_wrapper_4
TRACE::2026-03-06.23:09:21::SCWPlatform::Found the Hw Db part of the input DSA
TRACE::2026-03-06.23:09:21::SCWMssOS::Checking the sw design at  E:/Git-Repos/CNC-FPGA/Vitis3/CNC-PL9/zynq_fsbl/zynq_fsbl_bsp/system.mss
TRACE::2026-03-06.23:09:21::SCWMssOS::DEBUG:  swdes dump  E:/Git-Repos/CNC-FPGA/Vitis3/CNC-PL8/ps7_cortexa9_0/standalone_domain/bsp/system.mss|system_0||
E:/Git-Repos/CNC-FPGA/Vitis3/CNC-PL8/zynq_fsbl/zynq_fsbl_bsp/system.mss|system||
E:/Git-Repos/CNC-FPGA/Vitis3/CNC-PL9/ps7_cortexa9_0/standalone_domain/bsp/system.mss|system_2||
E:/Git-Repos/CNC-FPGA/Vitis3/CNC-PL9/zynq_fsbl/zynq_fsbl_bsp/system.mss|system_1||

TRACE::2026-03-06.23:09:21::SCWMssOS::Sw design exists and opened at  E:/Git-Repos/CNC-FPGA/Vitis3/CNC-PL9/zynq_fsbl/zynq_fsbl_bsp/system.mss
TRACE::2026-03-06.23:09:21::SCWPlatform::Trying to open the hw design at E:/Git-Repos/CNC-FPGA/Vitis3/CNC-PL9/hw/CNC_Top_wrapper.xsa
TRACE::2026-03-06.23:09:21::SCWPlatform::DSA given E:/Git-Repos/CNC-FPGA/Vitis3/CNC-PL9/hw/CNC_Top_wrapper.xsa
TRACE::2026-03-06.23:09:21::SCWPlatform::DSA absoulate path E:/Git-Repos/CNC-FPGA/Vitis3/CNC-PL9/hw/CNC_Top_wrapper.xsa
TRACE::2026-03-06.23:09:21::SCWPlatform::DSA directory E:/Git-Repos/CNC-FPGA/Vitis3/CNC-PL9/hw
TRACE::2026-03-06.23:09:21::SCWPlatform:: Platform Path E:/Git-Repos/CNC-FPGA/Vitis3/CNC-PL9/hw/CNC_Top_wrapper.xsa
TRACE::2026-03-06.23:09:21::SCWPlatform:: Unique name xilinx:zedboard::0.0
TRACE::2026-03-06.23:09:21::SCWPlatform::Trying to set the existing hwdb with name CNC_Top_wrapper_4
TRACE::2026-03-06.23:09:21::SCWPlatform::Opened existing hwdb CNC_Top_wrapper_4
TRACE::2026-03-06.23:09:21::SCWPlatform::Found the Hw Db part of the input DSA
TRACE::2026-03-06.23:09:21::SCWMssOS::Checking the sw design at  E:/Git-Repos/CNC-FPGA/Vitis3/CNC-PL9/zynq_fsbl/zynq_fsbl_bsp/system.mss
TRACE::2026-03-06.23:09:21::SCWMssOS::DEBUG:  swdes dump  E:/Git-Repos/CNC-FPGA/Vitis3/CNC-PL8/ps7_cortexa9_0/standalone_domain/bsp/system.mss|system_0||
E:/Git-Repos/CNC-FPGA/Vitis3/CNC-PL8/zynq_fsbl/zynq_fsbl_bsp/system.mss|system||
E:/Git-Repos/CNC-FPGA/Vitis3/CNC-PL9/ps7_cortexa9_0/standalone_domain/bsp/system.mss|system_2||
E:/Git-Repos/CNC-FPGA/Vitis3/CNC-PL9/zynq_fsbl/zynq_fsbl_bsp/system.mss|system_1||

TRACE::2026-03-06.23:09:21::SCWMssOS::Sw design exists and opened at  E:/Git-Repos/CNC-FPGA/Vitis3/CNC-PL9/zynq_fsbl/zynq_fsbl_bsp/system.mss
TRACE::2026-03-06.23:09:21::SCWPlatform::Trying to open the hw design at E:/Git-Repos/CNC-FPGA/Vitis3/CNC-PL9/hw/CNC_Top_wrapper.xsa
TRACE::2026-03-06.23:09:21::SCWPlatform::DSA given E:/Git-Repos/CNC-FPGA/Vitis3/CNC-PL9/hw/CNC_Top_wrapper.xsa
TRACE::2026-03-06.23:09:21::SCWPlatform::DSA absoulate path E:/Git-Repos/CNC-FPGA/Vitis3/CNC-PL9/hw/CNC_Top_wrapper.xsa
TRACE::2026-03-06.23:09:21::SCWPlatform::DSA directory E:/Git-Repos/CNC-FPGA/Vitis3/CNC-PL9/hw
TRACE::2026-03-06.23:09:21::SCWPlatform:: Platform Path E:/Git-Repos/CNC-FPGA/Vitis3/CNC-PL9/hw/CNC_Top_wrapper.xsa
TRACE::2026-03-06.23:09:21::SCWPlatform:: Unique name xilinx:zedboard::0.0
TRACE::2026-03-06.23:09:21::SCWPlatform::Trying to set the existing hwdb with name CNC_Top_wrapper_4
TRACE::2026-03-06.23:09:21::SCWPlatform::Opened existing hwdb CNC_Top_wrapper_4
TRACE::2026-03-06.23:09:21::SCWPlatform::Found the Hw Db part of the input DSA
TRACE::2026-03-06.23:09:21::SCWMssOS::Checking the sw design at  E:/Git-Repos/CNC-FPGA/Vitis3/CNC-PL9/ps7_cortexa9_0/standalone_domain/bsp/system.mss
TRACE::2026-03-06.23:09:21::SCWMssOS::DEBUG:  swdes dump  E:/Git-Repos/CNC-FPGA/Vitis3/CNC-PL8/ps7_cortexa9_0/standalone_domain/bsp/system.mss|system_0||
E:/Git-Repos/CNC-FPGA/Vitis3/CNC-PL8/zynq_fsbl/zynq_fsbl_bsp/system.mss|system||
E:/Git-Repos/CNC-FPGA/Vitis3/CNC-PL9/ps7_cortexa9_0/standalone_domain/bsp/system.mss|system_2||
E:/Git-Repos/CNC-FPGA/Vitis3/CNC-PL9/zynq_fsbl/zynq_fsbl_bsp/system.mss|system_1||

TRACE::2026-03-06.23:09:21::SCWMssOS::Sw design exists and opened at  E:/Git-Repos/CNC-FPGA/Vitis3/CNC-PL9/ps7_cortexa9_0/standalone_domain/bsp/system.mss
TRACE::2026-03-06.23:09:21::SCWPlatform::Trying to open the hw design at E:/Git-Repos/CNC-FPGA/Vitis3/CNC-PL9/hw/CNC_Top_wrapper.xsa
TRACE::2026-03-06.23:09:21::SCWPlatform::DSA given E:/Git-Repos/CNC-FPGA/Vitis3/CNC-PL9/hw/CNC_Top_wrapper.xsa
TRACE::2026-03-06.23:09:21::SCWPlatform::DSA absoulate path E:/Git-Repos/CNC-FPGA/Vitis3/CNC-PL9/hw/CNC_Top_wrapper.xsa
TRACE::2026-03-06.23:09:21::SCWPlatform::DSA directory E:/Git-Repos/CNC-FPGA/Vitis3/CNC-PL9/hw
TRACE::2026-03-06.23:09:21::SCWPlatform:: Platform Path E:/Git-Repos/CNC-FPGA/Vitis3/CNC-PL9/hw/CNC_Top_wrapper.xsa
TRACE::2026-03-06.23:09:21::SCWPlatform:: Unique name xilinx:zedboard::0.0
TRACE::2026-03-06.23:09:21::SCWPlatform::Trying to set the existing hwdb with name CNC_Top_wrapper_4
TRACE::2026-03-06.23:09:21::SCWPlatform::Opened existing hwdb CNC_Top_wrapper_4
TRACE::2026-03-06.23:09:21::SCWPlatform::Found the Hw Db part of the input DSA
TRACE::2026-03-06.23:09:21::SCWMssOS::Checking the sw design at  E:/Git-Repos/CNC-FPGA/Vitis3/CNC-PL9/ps7_cortexa9_0/standalone_domain/bsp/system.mss
TRACE::2026-03-06.23:09:21::SCWMssOS::DEBUG:  swdes dump  E:/Git-Repos/CNC-FPGA/Vitis3/CNC-PL8/ps7_cortexa9_0/standalone_domain/bsp/system.mss|system_0||
E:/Git-Repos/CNC-FPGA/Vitis3/CNC-PL8/zynq_fsbl/zynq_fsbl_bsp/system.mss|system||
E:/Git-Repos/CNC-FPGA/Vitis3/CNC-PL9/ps7_cortexa9_0/standalone_domain/bsp/system.mss|system_2||
E:/Git-Repos/CNC-FPGA/Vitis3/CNC-PL9/zynq_fsbl/zynq_fsbl_bsp/system.mss|system_1||

TRACE::2026-03-06.23:09:21::SCWMssOS::Sw design exists and opened at  E:/Git-Repos/CNC-FPGA/Vitis3/CNC-PL9/ps7_cortexa9_0/standalone_domain/bsp/system.mss
TRACE::2026-03-06.23:09:21::SCWPlatform::Trying to open the hw design at E:/Git-Repos/CNC-FPGA/Vitis3/CNC-PL9/hw/CNC_Top_wrapper.xsa
TRACE::2026-03-06.23:09:21::SCWPlatform::DSA given E:/Git-Repos/CNC-FPGA/Vitis3/CNC-PL9/hw/CNC_Top_wrapper.xsa
TRACE::2026-03-06.23:09:21::SCWPlatform::DSA absoulate path E:/Git-Repos/CNC-FPGA/Vitis3/CNC-PL9/hw/CNC_Top_wrapper.xsa
TRACE::2026-03-06.23:09:21::SCWPlatform::DSA directory E:/Git-Repos/CNC-FPGA/Vitis3/CNC-PL9/hw
TRACE::2026-03-06.23:09:21::SCWPlatform:: Platform Path E:/Git-Repos/CNC-FPGA/Vitis3/CNC-PL9/hw/CNC_Top_wrapper.xsa
TRACE::2026-03-06.23:09:21::SCWPlatform:: Unique name xilinx:zedboard::0.0
TRACE::2026-03-06.23:09:21::SCWPlatform::Trying to set the existing hwdb with name CNC_Top_wrapper_4
TRACE::2026-03-06.23:09:21::SCWPlatform::Opened existing hwdb CNC_Top_wrapper_4
TRACE::2026-03-06.23:09:21::SCWPlatform::Found the Hw Db part of the input DSA
TRACE::2026-03-06.23:09:21::SCWMssOS::Checking the sw design at  E:/Git-Repos/CNC-FPGA/Vitis3/CNC-PL9/ps7_cortexa9_0/standalone_domain/bsp/system.mss
TRACE::2026-03-06.23:09:21::SCWMssOS::DEBUG:  swdes dump  E:/Git-Repos/CNC-FPGA/Vitis3/CNC-PL8/ps7_cortexa9_0/standalone_domain/bsp/system.mss|system_0||
E:/Git-Repos/CNC-FPGA/Vitis3/CNC-PL8/zynq_fsbl/zynq_fsbl_bsp/system.mss|system||
E:/Git-Repos/CNC-FPGA/Vitis3/CNC-PL9/ps7_cortexa9_0/standalone_domain/bsp/system.mss|system_2||
E:/Git-Repos/CNC-FPGA/Vitis3/CNC-PL9/zynq_fsbl/zynq_fsbl_bsp/system.mss|system_1||

TRACE::2026-03-06.23:09:21::SCWMssOS::Sw design exists and opened at  E:/Git-Repos/CNC-FPGA/Vitis3/CNC-PL9/ps7_cortexa9_0/standalone_domain/bsp/system.mss
TRACE::2026-03-06.23:09:21::SCWWriter::formatted JSON is {
	"platformName":	"CNC-PL9",
	"sprVersion":	"2.0",
	"mode":	"gui",
	"dsaType":	"Fixed",
	"platformDesc":	"CNC-PL9",
	"platHandOff":	"E:/Git-Repos/CNC-FPGA/Zedboard-CNC/CNC_Top_wrapper.xsa",
	"platIntHandOff":	"<platformDir>/hw/CNC_Top_wrapper.xsa",
	"deviceType":	"zynq",
	"platIsPrebuiltAutogen":	"false",
	"platIsNoBootBsp":	"false",
	"platFsblTarget":	"ps7_cortexa9_0",
	"hasFsblMakeHasChanges":	"false",
	"hasPmufwMakeHasChanges":	"false",
	"fsblExtraCompilerFlags":	"-MMD -MP       -mcpu=cortex-a9 -mfpu=vfpv3 -mfloat-abi=hard ",
	"platPreBuiltFlag":	false,
	"platformSamplesDir":	"",
	"platActiveSys":	"CNC-PL9",
	"systems":	[{
			"systemName":	"CNC-PL9",
			"systemDesc":	"CNC-PL9",
			"sysIsBootAutoGen":	"true",
			"systemDispName":	"CNC-PL9",
			"sysActiveDom":	"standalone_domain",
			"sysDefaultDom":	"standalone_domain",
			"domains":	[{
					"domainName":	"zynq_fsbl",
					"domainDispName":	"zynq_fsbl",
					"domainDesc":	"FSBL Application BSP - Auto Generated.",
					"processors":	"ps7_cortexa9_0",
					"os":	"standalone",
					"sdxOs":	"standalone",
					"debugEnable":	"",
					"domRuntimes":	["cpp"],
					"swRepo":	"",
					"mssOsVer":	"9.2",
					"mssFile":	"",
					"md5Digest":	"8e05dff6cf2b7a5e245cc7c2f785ee81",
					"compatibleApp":	"zynq_fsbl",
					"domType":	"bootDomain",
					"arch":	"32-bit",
					"appSettings":	{
						"appCompilerFlags":	"",
						"appLinkerFlags":	""
					},
					"addedLibs":	["xilffs:5.3", "xilrsa:1.8"],
					"libOptions":	{
						"libsContainingOptions":	[]
					},
					"prebuiltLibs":	{
						"prebuiltIncPath":	[],
						"prebuiltLibPath":	[]
					},
					"isolation":	{
					}
				}, {
					"domainName":	"standalone_domain",
					"domainDispName":	"standalone_domain",
					"domainDesc":	"standalone_domain",
					"processors":	"ps7_cortexa9_0",
					"os":	"standalone",
					"sdxOs":	"standalone",
					"qemuArgs":	"<platformDir>/resources/CNC-PL9/standalone_domain/qemu_args.txt",
					"qemuData":	"<platformDir>/resources/CNC-PL9/standalone_domain/qemu",
					"debugEnable":	"False",
					"domRuntimes":	["cpp"],
					"swRepo":	"",
					"mssOsVer":	"9.2",
					"mssFile":	"",
					"md5Digest":	"aed75abb87964b40d6efb9b45e153c20",
					"compatibleApp":	"",
					"domType":	"mssDomain",
					"appSettings":	{
						"appCompilerFlags":	"",
						"appLinkerFlags":	""
					},
					"addedLibs":	[],
					"libOptions":	{
						"libsContainingOptions":	[]
					},
					"prebuiltLibs":	{
						"prebuiltIncPath":	[],
						"prebuiltLibPath":	[]
					},
					"isolation":	{
					}
				}]
		}]
}
TRACE::2026-03-06.23:09:21::SCWPlatform::Trying to open the hw design at E:/Git-Repos/CNC-FPGA/Vitis3/CNC-PL9/hw/CNC_Top_wrapper.xsa
TRACE::2026-03-06.23:09:21::SCWPlatform::DSA given E:/Git-Repos/CNC-FPGA/Vitis3/CNC-PL9/hw/CNC_Top_wrapper.xsa
TRACE::2026-03-06.23:09:21::SCWPlatform::DSA absoulate path E:/Git-Repos/CNC-FPGA/Vitis3/CNC-PL9/hw/CNC_Top_wrapper.xsa
TRACE::2026-03-06.23:09:21::SCWPlatform::DSA directory E:/Git-Repos/CNC-FPGA/Vitis3/CNC-PL9/hw
TRACE::2026-03-06.23:09:21::SCWPlatform:: Platform Path E:/Git-Repos/CNC-FPGA/Vitis3/CNC-PL9/hw/CNC_Top_wrapper.xsa
TRACE::2026-03-06.23:09:21::SCWPlatform:: Unique name xilinx:zedboard::0.0
TRACE::2026-03-06.23:09:21::SCWPlatform::Trying to set the existing hwdb with name CNC_Top_wrapper_4
TRACE::2026-03-06.23:09:21::SCWPlatform::Opened existing hwdb CNC_Top_wrapper_4
TRACE::2026-03-06.23:09:21::SCWPlatform::Found the Hw Db part of the input DSA
TRACE::2026-03-06.23:09:21::SCWMssOS::Checking the sw design at  E:/Git-Repos/CNC-FPGA/Vitis3/CNC-PL9/ps7_cortexa9_0/standalone_domain/bsp/system.mss
TRACE::2026-03-06.23:09:21::SCWMssOS::DEBUG:  swdes dump  E:/Git-Repos/CNC-FPGA/Vitis3/CNC-PL8/ps7_cortexa9_0/standalone_domain/bsp/system.mss|system_0||
E:/Git-Repos/CNC-FPGA/Vitis3/CNC-PL8/zynq_fsbl/zynq_fsbl_bsp/system.mss|system||
E:/Git-Repos/CNC-FPGA/Vitis3/CNC-PL9/ps7_cortexa9_0/standalone_domain/bsp/system.mss|system_2||
E:/Git-Repos/CNC-FPGA/Vitis3/CNC-PL9/zynq_fsbl/zynq_fsbl_bsp/system.mss|system_1||

TRACE::2026-03-06.23:09:21::SCWMssOS::Sw design exists and opened at  E:/Git-Repos/CNC-FPGA/Vitis3/CNC-PL9/ps7_cortexa9_0/standalone_domain/bsp/system.mss
TRACE::2026-03-06.23:09:21::SCWPlatform::Trying to open the hw design at E:/Git-Repos/CNC-FPGA/Vitis3/CNC-PL9/hw/CNC_Top_wrapper.xsa
TRACE::2026-03-06.23:09:21::SCWPlatform::DSA given E:/Git-Repos/CNC-FPGA/Vitis3/CNC-PL9/hw/CNC_Top_wrapper.xsa
TRACE::2026-03-06.23:09:21::SCWPlatform::DSA absoulate path E:/Git-Repos/CNC-FPGA/Vitis3/CNC-PL9/hw/CNC_Top_wrapper.xsa
TRACE::2026-03-06.23:09:21::SCWPlatform::DSA directory E:/Git-Repos/CNC-FPGA/Vitis3/CNC-PL9/hw
TRACE::2026-03-06.23:09:21::SCWPlatform:: Platform Path E:/Git-Repos/CNC-FPGA/Vitis3/CNC-PL9/hw/CNC_Top_wrapper.xsa
TRACE::2026-03-06.23:09:21::SCWPlatform:: Unique name xilinx:zedboard::0.0
TRACE::2026-03-06.23:09:21::SCWPlatform::Trying to set the existing hwdb with name CNC_Top_wrapper_4
TRACE::2026-03-06.23:09:21::SCWPlatform::Opened existing hwdb CNC_Top_wrapper_4
TRACE::2026-03-06.23:09:21::SCWPlatform::Found the Hw Db part of the input DSA
TRACE::2026-03-06.23:09:21::SCWMssOS::Checking the sw design at  E:/Git-Repos/CNC-FPGA/Vitis3/CNC-PL9/ps7_cortexa9_0/standalone_domain/bsp/system.mss
TRACE::2026-03-06.23:09:21::SCWMssOS::DEBUG:  swdes dump  E:/Git-Repos/CNC-FPGA/Vitis3/CNC-PL8/ps7_cortexa9_0/standalone_domain/bsp/system.mss|system_0||
E:/Git-Repos/CNC-FPGA/Vitis3/CNC-PL8/zynq_fsbl/zynq_fsbl_bsp/system.mss|system||
E:/Git-Repos/CNC-FPGA/Vitis3/CNC-PL9/ps7_cortexa9_0/standalone_domain/bsp/system.mss|system_2||
E:/Git-Repos/CNC-FPGA/Vitis3/CNC-PL9/zynq_fsbl/zynq_fsbl_bsp/system.mss|system_1||

TRACE::2026-03-06.23:09:21::SCWMssOS::Sw design exists and opened at  E:/Git-Repos/CNC-FPGA/Vitis3/CNC-PL9/ps7_cortexa9_0/standalone_domain/bsp/system.mss
TRACE::2026-03-06.23:09:21::SCWPlatform::Trying to open the hw design at E:/Git-Repos/CNC-FPGA/Vitis3/CNC-PL9/hw/CNC_Top_wrapper.xsa
TRACE::2026-03-06.23:09:21::SCWPlatform::DSA given E:/Git-Repos/CNC-FPGA/Vitis3/CNC-PL9/hw/CNC_Top_wrapper.xsa
TRACE::2026-03-06.23:09:21::SCWPlatform::DSA absoulate path E:/Git-Repos/CNC-FPGA/Vitis3/CNC-PL9/hw/CNC_Top_wrapper.xsa
TRACE::2026-03-06.23:09:21::SCWPlatform::DSA directory E:/Git-Repos/CNC-FPGA/Vitis3/CNC-PL9/hw
TRACE::2026-03-06.23:09:21::SCWPlatform:: Platform Path E:/Git-Repos/CNC-FPGA/Vitis3/CNC-PL9/hw/CNC_Top_wrapper.xsa
TRACE::2026-03-06.23:09:21::SCWPlatform:: Unique name xilinx:zedboard::0.0
TRACE::2026-03-06.23:09:21::SCWPlatform::Trying to set the existing hwdb with name CNC_Top_wrapper_4
TRACE::2026-03-06.23:09:21::SCWPlatform::Opened existing hwdb CNC_Top_wrapper_4
TRACE::2026-03-06.23:09:21::SCWPlatform::Found the Hw Db part of the input DSA
TRACE::2026-03-06.23:09:21::SCWMssOS::Checking the sw design at  E:/Git-Repos/CNC-FPGA/Vitis3/CNC-PL9/ps7_cortexa9_0/standalone_domain/bsp/system.mss
TRACE::2026-03-06.23:09:21::SCWMssOS::DEBUG:  swdes dump  E:/Git-Repos/CNC-FPGA/Vitis3/CNC-PL8/ps7_cortexa9_0/standalone_domain/bsp/system.mss|system_0||
E:/Git-Repos/CNC-FPGA/Vitis3/CNC-PL8/zynq_fsbl/zynq_fsbl_bsp/system.mss|system||
E:/Git-Repos/CNC-FPGA/Vitis3/CNC-PL9/ps7_cortexa9_0/standalone_domain/bsp/system.mss|system_2||
E:/Git-Repos/CNC-FPGA/Vitis3/CNC-PL9/zynq_fsbl/zynq_fsbl_bsp/system.mss|system_1||

TRACE::2026-03-06.23:09:21::SCWMssOS::Sw design exists and opened at  E:/Git-Repos/CNC-FPGA/Vitis3/CNC-PL9/ps7_cortexa9_0/standalone_domain/bsp/system.mss
TRACE::2026-03-06.23:09:21::SCWMssOS::Saving the mss changes E:/Git-Repos/CNC-FPGA/Vitis3/CNC-PL9/zynq_fsbl/zynq_fsbl_bsp/system.mss
TRACE::2026-03-06.23:09:21::SCWMssOS::Found a swdesign opened with the mssfile.
TRACE::2026-03-06.23:09:21::SCWMssOS::Completed writemss as part of save.
TRACE::2026-03-06.23:09:21::SCWMssOS::Commit changes completed.
TRACE::2026-03-06.23:09:21::SCWMssOS::Saving the mss changes E:/Git-Repos/CNC-FPGA/Vitis3/CNC-PL9/ps7_cortexa9_0/standalone_domain/bsp/system.mss
TRACE::2026-03-06.23:09:21::SCWMssOS::Found a swdesign opened with the mssfile.
TRACE::2026-03-06.23:09:21::SCWMssOS::Completed writemss as part of save.
TRACE::2026-03-06.23:09:21::SCWMssOS::Commit changes completed.
TRACE::2026-03-06.23:09:21::SCWPlatform::Trying to open the hw design at E:/Git-Repos/CNC-FPGA/Vitis3/CNC-PL9/hw/CNC_Top_wrapper.xsa
TRACE::2026-03-06.23:09:21::SCWPlatform::DSA given E:/Git-Repos/CNC-FPGA/Vitis3/CNC-PL9/hw/CNC_Top_wrapper.xsa
TRACE::2026-03-06.23:09:21::SCWPlatform::DSA absoulate path E:/Git-Repos/CNC-FPGA/Vitis3/CNC-PL9/hw/CNC_Top_wrapper.xsa
TRACE::2026-03-06.23:09:21::SCWPlatform::DSA directory E:/Git-Repos/CNC-FPGA/Vitis3/CNC-PL9/hw
TRACE::2026-03-06.23:09:21::SCWPlatform:: Platform Path E:/Git-Repos/CNC-FPGA/Vitis3/CNC-PL9/hw/CNC_Top_wrapper.xsa
TRACE::2026-03-06.23:09:21::SCWPlatform:: Unique name xilinx:zedboard::0.0
TRACE::2026-03-06.23:09:21::SCWPlatform::Trying to set the existing hwdb with name CNC_Top_wrapper_4
TRACE::2026-03-06.23:09:21::SCWPlatform::Opened existing hwdb CNC_Top_wrapper_4
TRACE::2026-03-06.23:09:21::SCWPlatform::Found the Hw Db part of the input DSA
TRACE::2026-03-06.23:09:21::SCWMssOS::Checking the sw design at  E:/Git-Repos/CNC-FPGA/Vitis3/CNC-PL9/zynq_fsbl/zynq_fsbl_bsp/system.mss
TRACE::2026-03-06.23:09:21::SCWMssOS::DEBUG:  swdes dump  E:/Git-Repos/CNC-FPGA/Vitis3/CNC-PL8/ps7_cortexa9_0/standalone_domain/bsp/system.mss|system_0||
E:/Git-Repos/CNC-FPGA/Vitis3/CNC-PL8/zynq_fsbl/zynq_fsbl_bsp/system.mss|system||
E:/Git-Repos/CNC-FPGA/Vitis3/CNC-PL9/ps7_cortexa9_0/standalone_domain/bsp/system.mss|system_2||
E:/Git-Repos/CNC-FPGA/Vitis3/CNC-PL9/zynq_fsbl/zynq_fsbl_bsp/system.mss|system_1||

TRACE::2026-03-06.23:09:21::SCWMssOS::Sw design exists and opened at  E:/Git-Repos/CNC-FPGA/Vitis3/CNC-PL9/zynq_fsbl/zynq_fsbl_bsp/system.mss
TRACE::2026-03-06.23:09:21::SCWPlatform::Trying to open the hw design at E:/Git-Repos/CNC-FPGA/Vitis3/CNC-PL9/hw/CNC_Top_wrapper.xsa
TRACE::2026-03-06.23:09:21::SCWPlatform::DSA given E:/Git-Repos/CNC-FPGA/Vitis3/CNC-PL9/hw/CNC_Top_wrapper.xsa
TRACE::2026-03-06.23:09:21::SCWPlatform::DSA absoulate path E:/Git-Repos/CNC-FPGA/Vitis3/CNC-PL9/hw/CNC_Top_wrapper.xsa
TRACE::2026-03-06.23:09:21::SCWPlatform::DSA directory E:/Git-Repos/CNC-FPGA/Vitis3/CNC-PL9/hw
TRACE::2026-03-06.23:09:21::SCWPlatform:: Platform Path E:/Git-Repos/CNC-FPGA/Vitis3/CNC-PL9/hw/CNC_Top_wrapper.xsa
TRACE::2026-03-06.23:09:21::SCWPlatform:: Unique name xilinx:zedboard::0.0
TRACE::2026-03-06.23:09:21::SCWPlatform::Trying to set the existing hwdb with name CNC_Top_wrapper_4
TRACE::2026-03-06.23:09:21::SCWPlatform::Opened existing hwdb CNC_Top_wrapper_4
TRACE::2026-03-06.23:09:21::SCWPlatform::Found the Hw Db part of the input DSA
TRACE::2026-03-06.23:09:21::SCWMssOS::Checking the sw design at  E:/Git-Repos/CNC-FPGA/Vitis3/CNC-PL9/zynq_fsbl/zynq_fsbl_bsp/system.mss
TRACE::2026-03-06.23:09:21::SCWMssOS::DEBUG:  swdes dump  E:/Git-Repos/CNC-FPGA/Vitis3/CNC-PL8/ps7_cortexa9_0/standalone_domain/bsp/system.mss|system_0||
E:/Git-Repos/CNC-FPGA/Vitis3/CNC-PL8/zynq_fsbl/zynq_fsbl_bsp/system.mss|system||
E:/Git-Repos/CNC-FPGA/Vitis3/CNC-PL9/ps7_cortexa9_0/standalone_domain/bsp/system.mss|system_2||
E:/Git-Repos/CNC-FPGA/Vitis3/CNC-PL9/zynq_fsbl/zynq_fsbl_bsp/system.mss|system_1||

TRACE::2026-03-06.23:09:21::SCWMssOS::Sw design exists and opened at  E:/Git-Repos/CNC-FPGA/Vitis3/CNC-PL9/zynq_fsbl/zynq_fsbl_bsp/system.mss
TRACE::2026-03-06.23:09:21::SCWPlatform::Trying to open the hw design at E:/Git-Repos/CNC-FPGA/Vitis3/CNC-PL9/hw/CNC_Top_wrapper.xsa
TRACE::2026-03-06.23:09:21::SCWPlatform::DSA given E:/Git-Repos/CNC-FPGA/Vitis3/CNC-PL9/hw/CNC_Top_wrapper.xsa
TRACE::2026-03-06.23:09:21::SCWPlatform::DSA absoulate path E:/Git-Repos/CNC-FPGA/Vitis3/CNC-PL9/hw/CNC_Top_wrapper.xsa
TRACE::2026-03-06.23:09:21::SCWPlatform::DSA directory E:/Git-Repos/CNC-FPGA/Vitis3/CNC-PL9/hw
TRACE::2026-03-06.23:09:21::SCWPlatform:: Platform Path E:/Git-Repos/CNC-FPGA/Vitis3/CNC-PL9/hw/CNC_Top_wrapper.xsa
TRACE::2026-03-06.23:09:21::SCWPlatform:: Unique name xilinx:zedboard::0.0
TRACE::2026-03-06.23:09:21::SCWPlatform::Trying to set the existing hwdb with name CNC_Top_wrapper_4
TRACE::2026-03-06.23:09:21::SCWPlatform::Opened existing hwdb CNC_Top_wrapper_4
TRACE::2026-03-06.23:09:21::SCWPlatform::Found the Hw Db part of the input DSA
TRACE::2026-03-06.23:09:21::SCWMssOS::Checking the sw design at  E:/Git-Repos/CNC-FPGA/Vitis3/CNC-PL9/zynq_fsbl/zynq_fsbl_bsp/system.mss
TRACE::2026-03-06.23:09:21::SCWMssOS::DEBUG:  swdes dump  E:/Git-Repos/CNC-FPGA/Vitis3/CNC-PL8/ps7_cortexa9_0/standalone_domain/bsp/system.mss|system_0||
E:/Git-Repos/CNC-FPGA/Vitis3/CNC-PL8/zynq_fsbl/zynq_fsbl_bsp/system.mss|system||
E:/Git-Repos/CNC-FPGA/Vitis3/CNC-PL9/ps7_cortexa9_0/standalone_domain/bsp/system.mss|system_2||
E:/Git-Repos/CNC-FPGA/Vitis3/CNC-PL9/zynq_fsbl/zynq_fsbl_bsp/system.mss|system_1||

TRACE::2026-03-06.23:09:21::SCWMssOS::Sw design exists and opened at  E:/Git-Repos/CNC-FPGA/Vitis3/CNC-PL9/zynq_fsbl/zynq_fsbl_bsp/system.mss
TRACE::2026-03-06.23:09:21::SCWPlatform::Trying to open the hw design at E:/Git-Repos/CNC-FPGA/Vitis3/CNC-PL9/hw/CNC_Top_wrapper.xsa
TRACE::2026-03-06.23:09:21::SCWPlatform::DSA given E:/Git-Repos/CNC-FPGA/Vitis3/CNC-PL9/hw/CNC_Top_wrapper.xsa
TRACE::2026-03-06.23:09:21::SCWPlatform::DSA absoulate path E:/Git-Repos/CNC-FPGA/Vitis3/CNC-PL9/hw/CNC_Top_wrapper.xsa
TRACE::2026-03-06.23:09:21::SCWPlatform::DSA directory E:/Git-Repos/CNC-FPGA/Vitis3/CNC-PL9/hw
TRACE::2026-03-06.23:09:21::SCWPlatform:: Platform Path E:/Git-Repos/CNC-FPGA/Vitis3/CNC-PL9/hw/CNC_Top_wrapper.xsa
TRACE::2026-03-06.23:09:21::SCWPlatform:: Unique name xilinx:zedboard::0.0
TRACE::2026-03-06.23:09:21::SCWPlatform::Trying to set the existing hwdb with name CNC_Top_wrapper_4
TRACE::2026-03-06.23:09:21::SCWPlatform::Opened existing hwdb CNC_Top_wrapper_4
TRACE::2026-03-06.23:09:21::SCWPlatform::Found the Hw Db part of the input DSA
TRACE::2026-03-06.23:09:21::SCWMssOS::Checking the sw design at  E:/Git-Repos/CNC-FPGA/Vitis3/CNC-PL9/ps7_cortexa9_0/standalone_domain/bsp/system.mss
TRACE::2026-03-06.23:09:21::SCWMssOS::DEBUG:  swdes dump  E:/Git-Repos/CNC-FPGA/Vitis3/CNC-PL8/ps7_cortexa9_0/standalone_domain/bsp/system.mss|system_0||
E:/Git-Repos/CNC-FPGA/Vitis3/CNC-PL8/zynq_fsbl/zynq_fsbl_bsp/system.mss|system||
E:/Git-Repos/CNC-FPGA/Vitis3/CNC-PL9/ps7_cortexa9_0/standalone_domain/bsp/system.mss|system_2||
E:/Git-Repos/CNC-FPGA/Vitis3/CNC-PL9/zynq_fsbl/zynq_fsbl_bsp/system.mss|system_1||

TRACE::2026-03-06.23:09:21::SCWMssOS::Sw design exists and opened at  E:/Git-Repos/CNC-FPGA/Vitis3/CNC-PL9/ps7_cortexa9_0/standalone_domain/bsp/system.mss
TRACE::2026-03-06.23:09:21::SCWPlatform::Trying to open the hw design at E:/Git-Repos/CNC-FPGA/Vitis3/CNC-PL9/hw/CNC_Top_wrapper.xsa
TRACE::2026-03-06.23:09:21::SCWPlatform::DSA given E:/Git-Repos/CNC-FPGA/Vitis3/CNC-PL9/hw/CNC_Top_wrapper.xsa
TRACE::2026-03-06.23:09:21::SCWPlatform::DSA absoulate path E:/Git-Repos/CNC-FPGA/Vitis3/CNC-PL9/hw/CNC_Top_wrapper.xsa
TRACE::2026-03-06.23:09:21::SCWPlatform::DSA directory E:/Git-Repos/CNC-FPGA/Vitis3/CNC-PL9/hw
TRACE::2026-03-06.23:09:21::SCWPlatform:: Platform Path E:/Git-Repos/CNC-FPGA/Vitis3/CNC-PL9/hw/CNC_Top_wrapper.xsa
TRACE::2026-03-06.23:09:21::SCWPlatform:: Unique name xilinx:zedboard::0.0
TRACE::2026-03-06.23:09:21::SCWPlatform::Trying to set the existing hwdb with name CNC_Top_wrapper_4
TRACE::2026-03-06.23:09:21::SCWPlatform::Opened existing hwdb CNC_Top_wrapper_4
TRACE::2026-03-06.23:09:21::SCWPlatform::Found the Hw Db part of the input DSA
TRACE::2026-03-06.23:09:21::SCWMssOS::Checking the sw design at  E:/Git-Repos/CNC-FPGA/Vitis3/CNC-PL9/ps7_cortexa9_0/standalone_domain/bsp/system.mss
TRACE::2026-03-06.23:09:21::SCWMssOS::DEBUG:  swdes dump  E:/Git-Repos/CNC-FPGA/Vitis3/CNC-PL8/ps7_cortexa9_0/standalone_domain/bsp/system.mss|system_0||
E:/Git-Repos/CNC-FPGA/Vitis3/CNC-PL8/zynq_fsbl/zynq_fsbl_bsp/system.mss|system||
E:/Git-Repos/CNC-FPGA/Vitis3/CNC-PL9/ps7_cortexa9_0/standalone_domain/bsp/system.mss|system_2||
E:/Git-Repos/CNC-FPGA/Vitis3/CNC-PL9/zynq_fsbl/zynq_fsbl_bsp/system.mss|system_1||

TRACE::2026-03-06.23:09:21::SCWMssOS::Sw design exists and opened at  E:/Git-Repos/CNC-FPGA/Vitis3/CNC-PL9/ps7_cortexa9_0/standalone_domain/bsp/system.mss
TRACE::2026-03-06.23:09:21::SCWPlatform::Trying to open the hw design at E:/Git-Repos/CNC-FPGA/Vitis3/CNC-PL9/hw/CNC_Top_wrapper.xsa
TRACE::2026-03-06.23:09:21::SCWPlatform::DSA given E:/Git-Repos/CNC-FPGA/Vitis3/CNC-PL9/hw/CNC_Top_wrapper.xsa
TRACE::2026-03-06.23:09:21::SCWPlatform::DSA absoulate path E:/Git-Repos/CNC-FPGA/Vitis3/CNC-PL9/hw/CNC_Top_wrapper.xsa
TRACE::2026-03-06.23:09:21::SCWPlatform::DSA directory E:/Git-Repos/CNC-FPGA/Vitis3/CNC-PL9/hw
TRACE::2026-03-06.23:09:21::SCWPlatform:: Platform Path E:/Git-Repos/CNC-FPGA/Vitis3/CNC-PL9/hw/CNC_Top_wrapper.xsa
TRACE::2026-03-06.23:09:21::SCWPlatform:: Unique name xilinx:zedboard::0.0
TRACE::2026-03-06.23:09:21::SCWPlatform::Trying to set the existing hwdb with name CNC_Top_wrapper_4
TRACE::2026-03-06.23:09:21::SCWPlatform::Opened existing hwdb CNC_Top_wrapper_4
TRACE::2026-03-06.23:09:21::SCWPlatform::Found the Hw Db part of the input DSA
TRACE::2026-03-06.23:09:21::SCWMssOS::Checking the sw design at  E:/Git-Repos/CNC-FPGA/Vitis3/CNC-PL9/ps7_cortexa9_0/standalone_domain/bsp/system.mss
TRACE::2026-03-06.23:09:21::SCWMssOS::DEBUG:  swdes dump  E:/Git-Repos/CNC-FPGA/Vitis3/CNC-PL8/ps7_cortexa9_0/standalone_domain/bsp/system.mss|system_0||
E:/Git-Repos/CNC-FPGA/Vitis3/CNC-PL8/zynq_fsbl/zynq_fsbl_bsp/system.mss|system||
E:/Git-Repos/CNC-FPGA/Vitis3/CNC-PL9/ps7_cortexa9_0/standalone_domain/bsp/system.mss|system_2||
E:/Git-Repos/CNC-FPGA/Vitis3/CNC-PL9/zynq_fsbl/zynq_fsbl_bsp/system.mss|system_1||

TRACE::2026-03-06.23:09:21::SCWMssOS::Sw design exists and opened at  E:/Git-Repos/CNC-FPGA/Vitis3/CNC-PL9/ps7_cortexa9_0/standalone_domain/bsp/system.mss
TRACE::2026-03-06.23:09:21::SCWWriter::formatted JSON is {
	"platformName":	"CNC-PL9",
	"sprVersion":	"2.0",
	"mode":	"gui",
	"dsaType":	"Fixed",
	"platformDesc":	"CNC-PL9",
	"platHandOff":	"E:/Git-Repos/CNC-FPGA/Zedboard-CNC/CNC_Top_wrapper.xsa",
	"platIntHandOff":	"<platformDir>/hw/CNC_Top_wrapper.xsa",
	"deviceType":	"zynq",
	"platIsPrebuiltAutogen":	"false",
	"platIsNoBootBsp":	"false",
	"platFsblTarget":	"ps7_cortexa9_0",
	"hasFsblMakeHasChanges":	"false",
	"hasPmufwMakeHasChanges":	"false",
	"fsblExtraCompilerFlags":	"-MMD -MP       -mcpu=cortex-a9 -mfpu=vfpv3 -mfloat-abi=hard ",
	"platPreBuiltFlag":	false,
	"platformSamplesDir":	"",
	"platActiveSys":	"CNC-PL9",
	"systems":	[{
			"systemName":	"CNC-PL9",
			"systemDesc":	"CNC-PL9",
			"sysIsBootAutoGen":	"true",
			"systemDispName":	"CNC-PL9",
			"sysActiveDom":	"standalone_domain",
			"sysDefaultDom":	"standalone_domain",
			"domains":	[{
					"domainName":	"zynq_fsbl",
					"domainDispName":	"zynq_fsbl",
					"domainDesc":	"FSBL Application BSP - Auto Generated.",
					"processors":	"ps7_cortexa9_0",
					"os":	"standalone",
					"sdxOs":	"standalone",
					"debugEnable":	"",
					"domRuntimes":	["cpp"],
					"swRepo":	"",
					"mssOsVer":	"9.2",
					"mssFile":	"",
					"md5Digest":	"8e05dff6cf2b7a5e245cc7c2f785ee81",
					"compatibleApp":	"zynq_fsbl",
					"domType":	"bootDomain",
					"arch":	"32-bit",
					"appSettings":	{
						"appCompilerFlags":	"",
						"appLinkerFlags":	""
					},
					"addedLibs":	["xilffs:5.3", "xilrsa:1.8"],
					"libOptions":	{
						"libsContainingOptions":	[]
					},
					"prebuiltLibs":	{
						"prebuiltIncPath":	[],
						"prebuiltLibPath":	[]
					},
					"isolation":	{
					}
				}, {
					"domainName":	"standalone_domain",
					"domainDispName":	"standalone on ps7_cortexa9_0",
					"domainDesc":	"standalone_domain",
					"processors":	"ps7_cortexa9_0",
					"os":	"standalone",
					"sdxOs":	"standalone",
					"qemuArgs":	"<platformDir>/resources/CNC-PL9/standalone_domain/qemu_args.txt",
					"qemuData":	"<platformDir>/resources/CNC-PL9/standalone_domain/qemu",
					"debugEnable":	"False",
					"domRuntimes":	["cpp"],
					"swRepo":	"",
					"mssOsVer":	"9.2",
					"mssFile":	"",
					"md5Digest":	"aed75abb87964b40d6efb9b45e153c20",
					"compatibleApp":	"",
					"domType":	"mssDomain",
					"appSettings":	{
						"appCompilerFlags":	"",
						"appLinkerFlags":	""
					},
					"addedLibs":	[],
					"libOptions":	{
						"libsContainingOptions":	[]
					},
					"prebuiltLibs":	{
						"prebuiltIncPath":	[],
						"prebuiltLibPath":	[]
					},
					"isolation":	{
					}
				}]
		}]
}
TRACE::2026-03-06.23:09:21::SCWMssOS::Saving the mss changes E:/Git-Repos/CNC-FPGA/Vitis3/CNC-PL9/zynq_fsbl/zynq_fsbl_bsp/system.mss
TRACE::2026-03-06.23:09:21::SCWMssOS::Found a swdesign opened with the mssfile.
TRACE::2026-03-06.23:09:21::SCWMssOS::Completed writemss as part of save.
TRACE::2026-03-06.23:09:21::SCWMssOS::Commit changes completed.
TRACE::2026-03-06.23:09:21::SCWMssOS::Saving the mss changes E:/Git-Repos/CNC-FPGA/Vitis3/CNC-PL9/ps7_cortexa9_0/standalone_domain/bsp/system.mss
TRACE::2026-03-06.23:09:21::SCWMssOS::Found a swdesign opened with the mssfile.
TRACE::2026-03-06.23:09:21::SCWMssOS::Completed writemss as part of save.
TRACE::2026-03-06.23:09:21::SCWMssOS::Commit changes completed.
TRACE::2026-03-06.23:09:21::SCWPlatform::Trying to open the hw design at E:/Git-Repos/CNC-FPGA/Vitis3/CNC-PL9/hw/CNC_Top_wrapper.xsa
TRACE::2026-03-06.23:09:21::SCWPlatform::DSA given E:/Git-Repos/CNC-FPGA/Vitis3/CNC-PL9/hw/CNC_Top_wrapper.xsa
TRACE::2026-03-06.23:09:21::SCWPlatform::DSA absoulate path E:/Git-Repos/CNC-FPGA/Vitis3/CNC-PL9/hw/CNC_Top_wrapper.xsa
TRACE::2026-03-06.23:09:21::SCWPlatform::DSA directory E:/Git-Repos/CNC-FPGA/Vitis3/CNC-PL9/hw
TRACE::2026-03-06.23:09:21::SCWPlatform:: Platform Path E:/Git-Repos/CNC-FPGA/Vitis3/CNC-PL9/hw/CNC_Top_wrapper.xsa
TRACE::2026-03-06.23:09:21::SCWPlatform:: Unique name xilinx:zedboard::0.0
TRACE::2026-03-06.23:09:21::SCWPlatform::Trying to set the existing hwdb with name CNC_Top_wrapper_4
TRACE::2026-03-06.23:09:21::SCWPlatform::Opened existing hwdb CNC_Top_wrapper_4
TRACE::2026-03-06.23:09:21::SCWPlatform::Found the Hw Db part of the input DSA
TRACE::2026-03-06.23:09:21::SCWMssOS::Checking the sw design at  E:/Git-Repos/CNC-FPGA/Vitis3/CNC-PL9/zynq_fsbl/zynq_fsbl_bsp/system.mss
TRACE::2026-03-06.23:09:21::SCWMssOS::DEBUG:  swdes dump  E:/Git-Repos/CNC-FPGA/Vitis3/CNC-PL8/ps7_cortexa9_0/standalone_domain/bsp/system.mss|system_0||
E:/Git-Repos/CNC-FPGA/Vitis3/CNC-PL8/zynq_fsbl/zynq_fsbl_bsp/system.mss|system||
E:/Git-Repos/CNC-FPGA/Vitis3/CNC-PL9/ps7_cortexa9_0/standalone_domain/bsp/system.mss|system_2||
E:/Git-Repos/CNC-FPGA/Vitis3/CNC-PL9/zynq_fsbl/zynq_fsbl_bsp/system.mss|system_1||

TRACE::2026-03-06.23:09:21::SCWMssOS::Sw design exists and opened at  E:/Git-Repos/CNC-FPGA/Vitis3/CNC-PL9/zynq_fsbl/zynq_fsbl_bsp/system.mss
TRACE::2026-03-06.23:09:21::SCWPlatform::Trying to open the hw design at E:/Git-Repos/CNC-FPGA/Vitis3/CNC-PL9/hw/CNC_Top_wrapper.xsa
TRACE::2026-03-06.23:09:21::SCWPlatform::DSA given E:/Git-Repos/CNC-FPGA/Vitis3/CNC-PL9/hw/CNC_Top_wrapper.xsa
TRACE::2026-03-06.23:09:21::SCWPlatform::DSA absoulate path E:/Git-Repos/CNC-FPGA/Vitis3/CNC-PL9/hw/CNC_Top_wrapper.xsa
TRACE::2026-03-06.23:09:21::SCWPlatform::DSA directory E:/Git-Repos/CNC-FPGA/Vitis3/CNC-PL9/hw
TRACE::2026-03-06.23:09:21::SCWPlatform:: Platform Path E:/Git-Repos/CNC-FPGA/Vitis3/CNC-PL9/hw/CNC_Top_wrapper.xsa
TRACE::2026-03-06.23:09:21::SCWPlatform:: Unique name xilinx:zedboard::0.0
TRACE::2026-03-06.23:09:21::SCWPlatform::Trying to set the existing hwdb with name CNC_Top_wrapper_4
TRACE::2026-03-06.23:09:21::SCWPlatform::Opened existing hwdb CNC_Top_wrapper_4
TRACE::2026-03-06.23:09:21::SCWPlatform::Found the Hw Db part of the input DSA
TRACE::2026-03-06.23:09:21::SCWMssOS::Checking the sw design at  E:/Git-Repos/CNC-FPGA/Vitis3/CNC-PL9/zynq_fsbl/zynq_fsbl_bsp/system.mss
TRACE::2026-03-06.23:09:21::SCWMssOS::DEBUG:  swdes dump  E:/Git-Repos/CNC-FPGA/Vitis3/CNC-PL8/ps7_cortexa9_0/standalone_domain/bsp/system.mss|system_0||
E:/Git-Repos/CNC-FPGA/Vitis3/CNC-PL8/zynq_fsbl/zynq_fsbl_bsp/system.mss|system||
E:/Git-Repos/CNC-FPGA/Vitis3/CNC-PL9/ps7_cortexa9_0/standalone_domain/bsp/system.mss|system_2||
E:/Git-Repos/CNC-FPGA/Vitis3/CNC-PL9/zynq_fsbl/zynq_fsbl_bsp/system.mss|system_1||

TRACE::2026-03-06.23:09:21::SCWMssOS::Sw design exists and opened at  E:/Git-Repos/CNC-FPGA/Vitis3/CNC-PL9/zynq_fsbl/zynq_fsbl_bsp/system.mss
TRACE::2026-03-06.23:09:21::SCWPlatform::Trying to open the hw design at E:/Git-Repos/CNC-FPGA/Vitis3/CNC-PL9/hw/CNC_Top_wrapper.xsa
TRACE::2026-03-06.23:09:21::SCWPlatform::DSA given E:/Git-Repos/CNC-FPGA/Vitis3/CNC-PL9/hw/CNC_Top_wrapper.xsa
TRACE::2026-03-06.23:09:21::SCWPlatform::DSA absoulate path E:/Git-Repos/CNC-FPGA/Vitis3/CNC-PL9/hw/CNC_Top_wrapper.xsa
TRACE::2026-03-06.23:09:21::SCWPlatform::DSA directory E:/Git-Repos/CNC-FPGA/Vitis3/CNC-PL9/hw
TRACE::2026-03-06.23:09:21::SCWPlatform:: Platform Path E:/Git-Repos/CNC-FPGA/Vitis3/CNC-PL9/hw/CNC_Top_wrapper.xsa
TRACE::2026-03-06.23:09:21::SCWPlatform:: Unique name xilinx:zedboard::0.0
TRACE::2026-03-06.23:09:21::SCWPlatform::Trying to set the existing hwdb with name CNC_Top_wrapper_4
TRACE::2026-03-06.23:09:21::SCWPlatform::Opened existing hwdb CNC_Top_wrapper_4
TRACE::2026-03-06.23:09:21::SCWPlatform::Found the Hw Db part of the input DSA
TRACE::2026-03-06.23:09:21::SCWMssOS::Checking the sw design at  E:/Git-Repos/CNC-FPGA/Vitis3/CNC-PL9/zynq_fsbl/zynq_fsbl_bsp/system.mss
TRACE::2026-03-06.23:09:21::SCWMssOS::DEBUG:  swdes dump  E:/Git-Repos/CNC-FPGA/Vitis3/CNC-PL8/ps7_cortexa9_0/standalone_domain/bsp/system.mss|system_0||
E:/Git-Repos/CNC-FPGA/Vitis3/CNC-PL8/zynq_fsbl/zynq_fsbl_bsp/system.mss|system||
E:/Git-Repos/CNC-FPGA/Vitis3/CNC-PL9/ps7_cortexa9_0/standalone_domain/bsp/system.mss|system_2||
E:/Git-Repos/CNC-FPGA/Vitis3/CNC-PL9/zynq_fsbl/zynq_fsbl_bsp/system.mss|system_1||

TRACE::2026-03-06.23:09:21::SCWMssOS::Sw design exists and opened at  E:/Git-Repos/CNC-FPGA/Vitis3/CNC-PL9/zynq_fsbl/zynq_fsbl_bsp/system.mss
TRACE::2026-03-06.23:09:21::SCWPlatform::Trying to open the hw design at E:/Git-Repos/CNC-FPGA/Vitis3/CNC-PL9/hw/CNC_Top_wrapper.xsa
TRACE::2026-03-06.23:09:21::SCWPlatform::DSA given E:/Git-Repos/CNC-FPGA/Vitis3/CNC-PL9/hw/CNC_Top_wrapper.xsa
TRACE::2026-03-06.23:09:21::SCWPlatform::DSA absoulate path E:/Git-Repos/CNC-FPGA/Vitis3/CNC-PL9/hw/CNC_Top_wrapper.xsa
TRACE::2026-03-06.23:09:21::SCWPlatform::DSA directory E:/Git-Repos/CNC-FPGA/Vitis3/CNC-PL9/hw
TRACE::2026-03-06.23:09:21::SCWPlatform:: Platform Path E:/Git-Repos/CNC-FPGA/Vitis3/CNC-PL9/hw/CNC_Top_wrapper.xsa
TRACE::2026-03-06.23:09:21::SCWPlatform:: Unique name xilinx:zedboard::0.0
TRACE::2026-03-06.23:09:21::SCWPlatform::Trying to set the existing hwdb with name CNC_Top_wrapper_4
TRACE::2026-03-06.23:09:21::SCWPlatform::Opened existing hwdb CNC_Top_wrapper_4
TRACE::2026-03-06.23:09:21::SCWPlatform::Found the Hw Db part of the input DSA
TRACE::2026-03-06.23:09:21::SCWMssOS::Checking the sw design at  E:/Git-Repos/CNC-FPGA/Vitis3/CNC-PL9/ps7_cortexa9_0/standalone_domain/bsp/system.mss
TRACE::2026-03-06.23:09:21::SCWMssOS::DEBUG:  swdes dump  E:/Git-Repos/CNC-FPGA/Vitis3/CNC-PL8/ps7_cortexa9_0/standalone_domain/bsp/system.mss|system_0||
E:/Git-Repos/CNC-FPGA/Vitis3/CNC-PL8/zynq_fsbl/zynq_fsbl_bsp/system.mss|system||
E:/Git-Repos/CNC-FPGA/Vitis3/CNC-PL9/ps7_cortexa9_0/standalone_domain/bsp/system.mss|system_2||
E:/Git-Repos/CNC-FPGA/Vitis3/CNC-PL9/zynq_fsbl/zynq_fsbl_bsp/system.mss|system_1||

TRACE::2026-03-06.23:09:21::SCWMssOS::Sw design exists and opened at  E:/Git-Repos/CNC-FPGA/Vitis3/CNC-PL9/ps7_cortexa9_0/standalone_domain/bsp/system.mss
TRACE::2026-03-06.23:09:21::SCWPlatform::Trying to open the hw design at E:/Git-Repos/CNC-FPGA/Vitis3/CNC-PL9/hw/CNC_Top_wrapper.xsa
TRACE::2026-03-06.23:09:21::SCWPlatform::DSA given E:/Git-Repos/CNC-FPGA/Vitis3/CNC-PL9/hw/CNC_Top_wrapper.xsa
TRACE::2026-03-06.23:09:21::SCWPlatform::DSA absoulate path E:/Git-Repos/CNC-FPGA/Vitis3/CNC-PL9/hw/CNC_Top_wrapper.xsa
TRACE::2026-03-06.23:09:21::SCWPlatform::DSA directory E:/Git-Repos/CNC-FPGA/Vitis3/CNC-PL9/hw
TRACE::2026-03-06.23:09:21::SCWPlatform:: Platform Path E:/Git-Repos/CNC-FPGA/Vitis3/CNC-PL9/hw/CNC_Top_wrapper.xsa
TRACE::2026-03-06.23:09:21::SCWPlatform:: Unique name xilinx:zedboard::0.0
TRACE::2026-03-06.23:09:21::SCWPlatform::Trying to set the existing hwdb with name CNC_Top_wrapper_4
TRACE::2026-03-06.23:09:21::SCWPlatform::Opened existing hwdb CNC_Top_wrapper_4
TRACE::2026-03-06.23:09:21::SCWPlatform::Found the Hw Db part of the input DSA
TRACE::2026-03-06.23:09:21::SCWMssOS::Checking the sw design at  E:/Git-Repos/CNC-FPGA/Vitis3/CNC-PL9/ps7_cortexa9_0/standalone_domain/bsp/system.mss
TRACE::2026-03-06.23:09:21::SCWMssOS::DEBUG:  swdes dump  E:/Git-Repos/CNC-FPGA/Vitis3/CNC-PL8/ps7_cortexa9_0/standalone_domain/bsp/system.mss|system_0||
E:/Git-Repos/CNC-FPGA/Vitis3/CNC-PL8/zynq_fsbl/zynq_fsbl_bsp/system.mss|system||
E:/Git-Repos/CNC-FPGA/Vitis3/CNC-PL9/ps7_cortexa9_0/standalone_domain/bsp/system.mss|system_2||
E:/Git-Repos/CNC-FPGA/Vitis3/CNC-PL9/zynq_fsbl/zynq_fsbl_bsp/system.mss|system_1||

TRACE::2026-03-06.23:09:21::SCWMssOS::Sw design exists and opened at  E:/Git-Repos/CNC-FPGA/Vitis3/CNC-PL9/ps7_cortexa9_0/standalone_domain/bsp/system.mss
TRACE::2026-03-06.23:09:21::SCWPlatform::Trying to open the hw design at E:/Git-Repos/CNC-FPGA/Vitis3/CNC-PL9/hw/CNC_Top_wrapper.xsa
TRACE::2026-03-06.23:09:21::SCWPlatform::DSA given E:/Git-Repos/CNC-FPGA/Vitis3/CNC-PL9/hw/CNC_Top_wrapper.xsa
TRACE::2026-03-06.23:09:21::SCWPlatform::DSA absoulate path E:/Git-Repos/CNC-FPGA/Vitis3/CNC-PL9/hw/CNC_Top_wrapper.xsa
TRACE::2026-03-06.23:09:21::SCWPlatform::DSA directory E:/Git-Repos/CNC-FPGA/Vitis3/CNC-PL9/hw
TRACE::2026-03-06.23:09:21::SCWPlatform:: Platform Path E:/Git-Repos/CNC-FPGA/Vitis3/CNC-PL9/hw/CNC_Top_wrapper.xsa
TRACE::2026-03-06.23:09:21::SCWPlatform:: Unique name xilinx:zedboard::0.0
TRACE::2026-03-06.23:09:21::SCWPlatform::Trying to set the existing hwdb with name CNC_Top_wrapper_4
TRACE::2026-03-06.23:09:21::SCWPlatform::Opened existing hwdb CNC_Top_wrapper_4
TRACE::2026-03-06.23:09:21::SCWPlatform::Found the Hw Db part of the input DSA
TRACE::2026-03-06.23:09:21::SCWMssOS::Checking the sw design at  E:/Git-Repos/CNC-FPGA/Vitis3/CNC-PL9/ps7_cortexa9_0/standalone_domain/bsp/system.mss
TRACE::2026-03-06.23:09:21::SCWMssOS::DEBUG:  swdes dump  E:/Git-Repos/CNC-FPGA/Vitis3/CNC-PL8/ps7_cortexa9_0/standalone_domain/bsp/system.mss|system_0||
E:/Git-Repos/CNC-FPGA/Vitis3/CNC-PL8/zynq_fsbl/zynq_fsbl_bsp/system.mss|system||
E:/Git-Repos/CNC-FPGA/Vitis3/CNC-PL9/ps7_cortexa9_0/standalone_domain/bsp/system.mss|system_2||
E:/Git-Repos/CNC-FPGA/Vitis3/CNC-PL9/zynq_fsbl/zynq_fsbl_bsp/system.mss|system_1||

TRACE::2026-03-06.23:09:21::SCWMssOS::Sw design exists and opened at  E:/Git-Repos/CNC-FPGA/Vitis3/CNC-PL9/ps7_cortexa9_0/standalone_domain/bsp/system.mss
TRACE::2026-03-06.23:09:21::SCWWriter::formatted JSON is {
	"platformName":	"CNC-PL9",
	"sprVersion":	"2.0",
	"mode":	"gui",
	"dsaType":	"Fixed",
	"platformDesc":	"CNC-PL9",
	"platHandOff":	"E:/Git-Repos/CNC-FPGA/Zedboard-CNC/CNC_Top_wrapper.xsa",
	"platIntHandOff":	"<platformDir>/hw/CNC_Top_wrapper.xsa",
	"deviceType":	"zynq",
	"platIsPrebuiltAutogen":	"false",
	"platIsNoBootBsp":	"false",
	"platFsblTarget":	"ps7_cortexa9_0",
	"hasFsblMakeHasChanges":	"false",
	"hasPmufwMakeHasChanges":	"false",
	"fsblExtraCompilerFlags":	"-MMD -MP       -mcpu=cortex-a9 -mfpu=vfpv3 -mfloat-abi=hard ",
	"platPreBuiltFlag":	false,
	"platformSamplesDir":	"",
	"platActiveSys":	"CNC-PL9",
	"systems":	[{
			"systemName":	"CNC-PL9",
			"systemDesc":	"CNC-PL9",
			"sysIsBootAutoGen":	"true",
			"systemDispName":	"CNC-PL9",
			"sysActiveDom":	"standalone_domain",
			"sysDefaultDom":	"standalone_domain",
			"domains":	[{
					"domainName":	"zynq_fsbl",
					"domainDispName":	"zynq_fsbl",
					"domainDesc":	"FSBL Application BSP - Auto Generated.",
					"processors":	"ps7_cortexa9_0",
					"os":	"standalone",
					"sdxOs":	"standalone",
					"debugEnable":	"",
					"domRuntimes":	["cpp"],
					"swRepo":	"",
					"mssOsVer":	"9.2",
					"mssFile":	"",
					"md5Digest":	"8e05dff6cf2b7a5e245cc7c2f785ee81",
					"compatibleApp":	"zynq_fsbl",
					"domType":	"bootDomain",
					"arch":	"32-bit",
					"appSettings":	{
						"appCompilerFlags":	"",
						"appLinkerFlags":	""
					},
					"addedLibs":	["xilffs:5.3", "xilrsa:1.8"],
					"libOptions":	{
						"libsContainingOptions":	[]
					},
					"prebuiltLibs":	{
						"prebuiltIncPath":	[],
						"prebuiltLibPath":	[]
					},
					"isolation":	{
					}
				}, {
					"domainName":	"standalone_domain",
					"domainDispName":	"standalone on ps7_cortexa9_0",
					"domainDesc":	"standalone_domain",
					"processors":	"ps7_cortexa9_0",
					"os":	"standalone",
					"sdxOs":	"standalone",
					"qemuArgs":	"<platformDir>/resources/CNC-PL9/standalone_domain/qemu_args.txt",
					"qemuData":	"<platformDir>/resources/CNC-PL9/standalone_domain/qemu",
					"debugEnable":	"False",
					"domRuntimes":	["cpp"],
					"swRepo":	"",
					"mssOsVer":	"9.2",
					"mssFile":	"",
					"md5Digest":	"aed75abb87964b40d6efb9b45e153c20",
					"compatibleApp":	"",
					"domType":	"mssDomain",
					"appSettings":	{
						"appCompilerFlags":	"",
						"appLinkerFlags":	""
					},
					"addedLibs":	[],
					"libOptions":	{
						"libsContainingOptions":	[]
					},
					"prebuiltLibs":	{
						"prebuiltIncPath":	[],
						"prebuiltLibPath":	[]
					},
					"isolation":	{
					}
				}]
		}]
}
TRACE::2026-03-06.23:09:22::SCWPlatform::Clearing the existing platform
TRACE::2026-03-06.23:09:22::SCWSystem::Clearing the existing sysconfig
TRACE::2026-03-06.23:09:22::SCWBDomain::clearing the fsbl build
TRACE::2026-03-06.23:09:22::SCWMssOS::Removing the swdes entry for  E:/Git-Repos/CNC-FPGA/Vitis3/CNC-PL9/zynq_fsbl/zynq_fsbl_bsp/system.mss
TRACE::2026-03-06.23:09:22::SCWMssOS::Removing the swdes entry for  E:/Git-Repos/CNC-FPGA/Vitis3/CNC-PL9/ps7_cortexa9_0/standalone_domain/bsp/system.mss
TRACE::2026-03-06.23:09:22::SCWSystem::Clearing the domains completed.
TRACE::2026-03-06.23:09:22::SCWPlatform::Clearing the opened hw db.
TRACE::2026-03-06.23:09:22::SCWPlatform::DSA given E:/Git-Repos/CNC-FPGA/Vitis3/CNC-PL9/hw/CNC_Top_wrapper.xsa
TRACE::2026-03-06.23:09:22::SCWPlatform::DSA absoulate path E:/Git-Repos/CNC-FPGA/Vitis3/CNC-PL9/hw/CNC_Top_wrapper.xsa
TRACE::2026-03-06.23:09:22::SCWPlatform:: Platform location is E:/Git-Repos/CNC-FPGA/Vitis3/CNC-PL9/hw
TRACE::2026-03-06.23:09:22::SCWPlatform:: Platform Path E:/Git-Repos/CNC-FPGA/Vitis3/CNC-PL9/hw/CNC_Top_wrapper.xsa
TRACE::2026-03-06.23:09:22::SCWPlatform:: Unique name xilinx:zedboard::0.0
TRACE::2026-03-06.23:09:22::SCWPlatform::Removing the HwDB with name E:/Git-Repos/CNC-FPGA/Vitis3/CNC-PL9/hw/CNC_Top_wrapper.xsa
TRACE::2026-03-06.23:09:22::SCWPlatform::Trying to open the hw design at E:/Git-Repos/CNC-FPGA/Vitis3/CNC-PL9/hw/CNC_Top_wrapper.xsa
TRACE::2026-03-06.23:09:22::SCWPlatform::DSA given E:/Git-Repos/CNC-FPGA/Vitis3/CNC-PL9/hw/CNC_Top_wrapper.xsa
TRACE::2026-03-06.23:09:22::SCWPlatform::DSA absoulate path E:/Git-Repos/CNC-FPGA/Vitis3/CNC-PL9/hw/CNC_Top_wrapper.xsa
TRACE::2026-03-06.23:09:22::SCWPlatform::DSA directory E:/Git-Repos/CNC-FPGA/Vitis3/CNC-PL9/hw
TRACE::2026-03-06.23:09:22::SCWPlatform:: Platform Path E:/Git-Repos/CNC-FPGA/Vitis3/CNC-PL9/hw/CNC_Top_wrapper.xsa
TRACE::2026-03-06.23:09:22::SCWPlatform:: Unique name xilinx:zedboard::0.0
TRACE::2026-03-06.23:09:22::SCWPlatform::Do not have an existing db opened. 
TRACE::2026-03-06.23:09:24::SCWPlatform::Opened new HwDB with name CNC_Top_wrapper_5
TRACE::2026-03-06.23:09:24::SCWReader::Active system found as  CNC-PL9
TRACE::2026-03-06.23:09:24::SCWReader::Handling sysconfig CNC-PL9
TRACE::2026-03-06.23:09:24::SCWDomain::checking for install qemu data   : 
TRACE::2026-03-06.23:09:24::SCWDomain:: Using the QEMU Data from install at  : C:/Xilinx/Vitis/2024.2/data/emulation/platforms/zynq/sw/a9_standalone/qemu/
TRACE::2026-03-06.23:09:24::SCWDomain:: Using the QEMU args  from install at  : C:/Xilinx/Vitis/2024.2/data/emulation/platforms/zynq/sw/a9_standalone/qemu/qemu_args.txt
TRACE::2026-03-06.23:09:24::SCWPlatform::Trying to open the hw design at E:/Git-Repos/CNC-FPGA/Vitis3/CNC-PL9/hw/CNC_Top_wrapper.xsa
TRACE::2026-03-06.23:09:24::SCWPlatform::DSA given E:/Git-Repos/CNC-FPGA/Vitis3/CNC-PL9/hw/CNC_Top_wrapper.xsa
TRACE::2026-03-06.23:09:24::SCWPlatform::DSA absoulate path E:/Git-Repos/CNC-FPGA/Vitis3/CNC-PL9/hw/CNC_Top_wrapper.xsa
TRACE::2026-03-06.23:09:24::SCWPlatform::DSA directory E:/Git-Repos/CNC-FPGA/Vitis3/CNC-PL9/hw
TRACE::2026-03-06.23:09:24::SCWPlatform:: Platform Path E:/Git-Repos/CNC-FPGA/Vitis3/CNC-PL9/hw/CNC_Top_wrapper.xsa
TRACE::2026-03-06.23:09:24::SCWPlatform:: Unique name xilinx:zedboard::0.0
TRACE::2026-03-06.23:09:24::SCWPlatform::Trying to set the existing hwdb with name CNC_Top_wrapper_5
TRACE::2026-03-06.23:09:24::SCWPlatform::Opened existing hwdb CNC_Top_wrapper_5
TRACE::2026-03-06.23:09:24::SCWPlatform::Found the Hw Db part of the input DSA
TRACE::2026-03-06.23:09:24::SCWPlatform::Trying to open the hw design at E:/Git-Repos/CNC-FPGA/Vitis3/CNC-PL9/hw/CNC_Top_wrapper.xsa
TRACE::2026-03-06.23:09:24::SCWPlatform::DSA given E:/Git-Repos/CNC-FPGA/Vitis3/CNC-PL9/hw/CNC_Top_wrapper.xsa
TRACE::2026-03-06.23:09:24::SCWPlatform::DSA absoulate path E:/Git-Repos/CNC-FPGA/Vitis3/CNC-PL9/hw/CNC_Top_wrapper.xsa
TRACE::2026-03-06.23:09:24::SCWPlatform::DSA directory E:/Git-Repos/CNC-FPGA/Vitis3/CNC-PL9/hw
TRACE::2026-03-06.23:09:24::SCWPlatform:: Platform Path E:/Git-Repos/CNC-FPGA/Vitis3/CNC-PL9/hw/CNC_Top_wrapper.xsa
TRACE::2026-03-06.23:09:24::SCWPlatform:: Unique name xilinx:zedboard::0.0
TRACE::2026-03-06.23:09:24::SCWPlatform::Trying to set the existing hwdb with name CNC_Top_wrapper_5
TRACE::2026-03-06.23:09:24::SCWPlatform::Opened existing hwdb CNC_Top_wrapper_5
TRACE::2026-03-06.23:09:24::SCWPlatform::Found the Hw Db part of the input DSA
TRACE::2026-03-06.23:09:24::SCWPlatform::Trying to open the hw design at E:/Git-Repos/CNC-FPGA/Vitis3/CNC-PL9/hw/CNC_Top_wrapper.xsa
TRACE::2026-03-06.23:09:24::SCWPlatform::DSA given E:/Git-Repos/CNC-FPGA/Vitis3/CNC-PL9/hw/CNC_Top_wrapper.xsa
TRACE::2026-03-06.23:09:24::SCWPlatform::DSA absoulate path E:/Git-Repos/CNC-FPGA/Vitis3/CNC-PL9/hw/CNC_Top_wrapper.xsa
TRACE::2026-03-06.23:09:24::SCWPlatform::DSA directory E:/Git-Repos/CNC-FPGA/Vitis3/CNC-PL9/hw
TRACE::2026-03-06.23:09:24::SCWPlatform:: Platform Path E:/Git-Repos/CNC-FPGA/Vitis3/CNC-PL9/hw/CNC_Top_wrapper.xsa
TRACE::2026-03-06.23:09:24::SCWPlatform:: Unique name xilinx:zedboard::0.0
TRACE::2026-03-06.23:09:24::SCWPlatform::Trying to set the existing hwdb with name CNC_Top_wrapper_5
TRACE::2026-03-06.23:09:24::SCWPlatform::Opened existing hwdb CNC_Top_wrapper_5
TRACE::2026-03-06.23:09:24::SCWPlatform::Found the Hw Db part of the input DSA
TRACE::2026-03-06.23:09:24::SCWReader::Boot application domain added for zynq_fsbl
TRACE::2026-03-06.23:09:24::SCWPlatform::Trying to open the hw design at E:/Git-Repos/CNC-FPGA/Vitis3/CNC-PL9/hw/CNC_Top_wrapper.xsa
TRACE::2026-03-06.23:09:24::SCWPlatform::DSA given E:/Git-Repos/CNC-FPGA/Vitis3/CNC-PL9/hw/CNC_Top_wrapper.xsa
TRACE::2026-03-06.23:09:24::SCWPlatform::DSA absoulate path E:/Git-Repos/CNC-FPGA/Vitis3/CNC-PL9/hw/CNC_Top_wrapper.xsa
TRACE::2026-03-06.23:09:24::SCWPlatform::DSA directory E:/Git-Repos/CNC-FPGA/Vitis3/CNC-PL9/hw
TRACE::2026-03-06.23:09:24::SCWPlatform:: Platform Path E:/Git-Repos/CNC-FPGA/Vitis3/CNC-PL9/hw/CNC_Top_wrapper.xsa
TRACE::2026-03-06.23:09:24::SCWPlatform:: Unique name xilinx:zedboard::0.0
TRACE::2026-03-06.23:09:24::SCWPlatform::Trying to set the existing hwdb with name CNC_Top_wrapper_5
TRACE::2026-03-06.23:09:24::SCWPlatform::Opened existing hwdb CNC_Top_wrapper_5
TRACE::2026-03-06.23:09:24::SCWPlatform::Found the Hw Db part of the input DSA
TRACE::2026-03-06.23:09:24::SCWMssOS::Checking the sw design at  E:/Git-Repos/CNC-FPGA/Vitis3/CNC-PL9/zynq_fsbl/zynq_fsbl_bsp/system.mss
TRACE::2026-03-06.23:09:24::SCWMssOS::DEBUG:  swdes dump  E:/Git-Repos/CNC-FPGA/Vitis3/CNC-PL8/ps7_cortexa9_0/standalone_domain/bsp/system.mss|system_0||
E:/Git-Repos/CNC-FPGA/Vitis3/CNC-PL8/zynq_fsbl/zynq_fsbl_bsp/system.mss|system||

TRACE::2026-03-06.23:09:24::SCWMssOS::No sw design opened at  E:/Git-Repos/CNC-FPGA/Vitis3/CNC-PL9/zynq_fsbl/zynq_fsbl_bsp/system.mss
TRACE::2026-03-06.23:09:24::SCWMssOS::mss exists loading the mss file  E:/Git-Repos/CNC-FPGA/Vitis3/CNC-PL9/zynq_fsbl/zynq_fsbl_bsp/system.mss
TRACE::2026-03-06.23:09:24::SCWMssOS::Opened the sw design from mss  E:/Git-Repos/CNC-FPGA/Vitis3/CNC-PL9/zynq_fsbl/zynq_fsbl_bsp/system.mss
TRACE::2026-03-06.23:09:24::SCWMssOS::Adding the swdes entry E:/Git-Repos/CNC-FPGA/Vitis3/CNC-PL9/zynq_fsbl/zynq_fsbl_bsp/system.mss with des name system_1
TRACE::2026-03-06.23:09:24::SCWMssOS::updating the scw layer about changes
TRACE::2026-03-06.23:09:24::SCWMssOS::Opened the sw design.  E:/Git-Repos/CNC-FPGA/Vitis3/CNC-PL9/zynq_fsbl/zynq_fsbl_bsp/system.mss
TRACE::2026-03-06.23:09:24::SCWPlatform::Trying to open the hw design at E:/Git-Repos/CNC-FPGA/Vitis3/CNC-PL9/hw/CNC_Top_wrapper.xsa
TRACE::2026-03-06.23:09:24::SCWPlatform::DSA given E:/Git-Repos/CNC-FPGA/Vitis3/CNC-PL9/hw/CNC_Top_wrapper.xsa
TRACE::2026-03-06.23:09:24::SCWPlatform::DSA absoulate path E:/Git-Repos/CNC-FPGA/Vitis3/CNC-PL9/hw/CNC_Top_wrapper.xsa
TRACE::2026-03-06.23:09:24::SCWPlatform::DSA directory E:/Git-Repos/CNC-FPGA/Vitis3/CNC-PL9/hw
TRACE::2026-03-06.23:09:24::SCWPlatform:: Platform Path E:/Git-Repos/CNC-FPGA/Vitis3/CNC-PL9/hw/CNC_Top_wrapper.xsa
TRACE::2026-03-06.23:09:24::SCWPlatform:: Unique name xilinx:zedboard::0.0
TRACE::2026-03-06.23:09:24::SCWPlatform::Trying to set the existing hwdb with name CNC_Top_wrapper_5
TRACE::2026-03-06.23:09:24::SCWPlatform::Opened existing hwdb CNC_Top_wrapper_5
TRACE::2026-03-06.23:09:24::SCWPlatform::Found the Hw Db part of the input DSA
TRACE::2026-03-06.23:09:24::SCWMssOS::Checking the sw design at  E:/Git-Repos/CNC-FPGA/Vitis3/CNC-PL9/zynq_fsbl/zynq_fsbl_bsp/system.mss
TRACE::2026-03-06.23:09:24::SCWMssOS::DEBUG:  swdes dump  E:/Git-Repos/CNC-FPGA/Vitis3/CNC-PL8/ps7_cortexa9_0/standalone_domain/bsp/system.mss|system_0||
E:/Git-Repos/CNC-FPGA/Vitis3/CNC-PL8/zynq_fsbl/zynq_fsbl_bsp/system.mss|system||
E:/Git-Repos/CNC-FPGA/Vitis3/CNC-PL9/zynq_fsbl/zynq_fsbl_bsp/system.mss|system_1||

TRACE::2026-03-06.23:09:24::SCWMssOS::Sw design exists and opened at  E:/Git-Repos/CNC-FPGA/Vitis3/CNC-PL9/zynq_fsbl/zynq_fsbl_bsp/system.mss
TRACE::2026-03-06.23:09:24::SCWMssOS:: library already available in sw design:  xilffs:5.3
TRACE::2026-03-06.23:09:24::SCWPlatform::Trying to open the hw design at E:/Git-Repos/CNC-FPGA/Vitis3/CNC-PL9/hw/CNC_Top_wrapper.xsa
TRACE::2026-03-06.23:09:24::SCWPlatform::DSA given E:/Git-Repos/CNC-FPGA/Vitis3/CNC-PL9/hw/CNC_Top_wrapper.xsa
TRACE::2026-03-06.23:09:24::SCWPlatform::DSA absoulate path E:/Git-Repos/CNC-FPGA/Vitis3/CNC-PL9/hw/CNC_Top_wrapper.xsa
TRACE::2026-03-06.23:09:24::SCWPlatform::DSA directory E:/Git-Repos/CNC-FPGA/Vitis3/CNC-PL9/hw
TRACE::2026-03-06.23:09:24::SCWPlatform:: Platform Path E:/Git-Repos/CNC-FPGA/Vitis3/CNC-PL9/hw/CNC_Top_wrapper.xsa
TRACE::2026-03-06.23:09:24::SCWPlatform:: Unique name xilinx:zedboard::0.0
TRACE::2026-03-06.23:09:24::SCWPlatform::Trying to set the existing hwdb with name CNC_Top_wrapper_5
TRACE::2026-03-06.23:09:24::SCWPlatform::Opened existing hwdb CNC_Top_wrapper_5
TRACE::2026-03-06.23:09:24::SCWPlatform::Found the Hw Db part of the input DSA
TRACE::2026-03-06.23:09:24::SCWMssOS::Checking the sw design at  E:/Git-Repos/CNC-FPGA/Vitis3/CNC-PL9/zynq_fsbl/zynq_fsbl_bsp/system.mss
TRACE::2026-03-06.23:09:24::SCWMssOS::DEBUG:  swdes dump  E:/Git-Repos/CNC-FPGA/Vitis3/CNC-PL8/ps7_cortexa9_0/standalone_domain/bsp/system.mss|system_0||
E:/Git-Repos/CNC-FPGA/Vitis3/CNC-PL8/zynq_fsbl/zynq_fsbl_bsp/system.mss|system||
E:/Git-Repos/CNC-FPGA/Vitis3/CNC-PL9/zynq_fsbl/zynq_fsbl_bsp/system.mss|system_1||

TRACE::2026-03-06.23:09:24::SCWMssOS::Sw design exists and opened at  E:/Git-Repos/CNC-FPGA/Vitis3/CNC-PL9/zynq_fsbl/zynq_fsbl_bsp/system.mss
TRACE::2026-03-06.23:09:24::SCWMssOS:: library already available in sw design:  xilrsa:1.8
TRACE::2026-03-06.23:09:24::SCWMssOS::Saving the mss changes E:/Git-Repos/CNC-FPGA/Vitis3/CNC-PL9/zynq_fsbl/zynq_fsbl_bsp/system.mss
TRACE::2026-03-06.23:09:24::SCWMssOS::Found a swdesign opened with the mssfile.
TRACE::2026-03-06.23:09:24::SCWMssOS::Completed writemss as part of save.
TRACE::2026-03-06.23:09:24::SCWMssOS::Commit changes completed.
TRACE::2026-03-06.23:09:24::SCWReader::Adding prebuilt librarypaths as   
TRACE::2026-03-06.23:09:24::SCWReader::Adding prebuilt incpaths  as   
TRACE::2026-03-06.23:09:24::SCWPlatform::Trying to open the hw design at E:/Git-Repos/CNC-FPGA/Vitis3/CNC-PL9/hw/CNC_Top_wrapper.xsa
TRACE::2026-03-06.23:09:24::SCWPlatform::DSA given E:/Git-Repos/CNC-FPGA/Vitis3/CNC-PL9/hw/CNC_Top_wrapper.xsa
TRACE::2026-03-06.23:09:24::SCWPlatform::DSA absoulate path E:/Git-Repos/CNC-FPGA/Vitis3/CNC-PL9/hw/CNC_Top_wrapper.xsa
TRACE::2026-03-06.23:09:24::SCWPlatform::DSA directory E:/Git-Repos/CNC-FPGA/Vitis3/CNC-PL9/hw
TRACE::2026-03-06.23:09:24::SCWPlatform:: Platform Path E:/Git-Repos/CNC-FPGA/Vitis3/CNC-PL9/hw/CNC_Top_wrapper.xsa
TRACE::2026-03-06.23:09:24::SCWPlatform:: Unique name xilinx:zedboard::0.0
TRACE::2026-03-06.23:09:24::SCWPlatform::Trying to set the existing hwdb with name CNC_Top_wrapper_5
TRACE::2026-03-06.23:09:24::SCWPlatform::Opened existing hwdb CNC_Top_wrapper_5
TRACE::2026-03-06.23:09:24::SCWPlatform::Found the Hw Db part of the input DSA
TRACE::2026-03-06.23:09:24::SCWMssOS::Checking the sw design at  E:/Git-Repos/CNC-FPGA/Vitis3/CNC-PL9/zynq_fsbl/zynq_fsbl_bsp/system.mss
TRACE::2026-03-06.23:09:24::SCWMssOS::DEBUG:  swdes dump  E:/Git-Repos/CNC-FPGA/Vitis3/CNC-PL8/ps7_cortexa9_0/standalone_domain/bsp/system.mss|system_0||
E:/Git-Repos/CNC-FPGA/Vitis3/CNC-PL8/zynq_fsbl/zynq_fsbl_bsp/system.mss|system||
E:/Git-Repos/CNC-FPGA/Vitis3/CNC-PL9/zynq_fsbl/zynq_fsbl_bsp/system.mss|system_1||

TRACE::2026-03-06.23:09:24::SCWMssOS::Sw design exists and opened at  E:/Git-Repos/CNC-FPGA/Vitis3/CNC-PL9/zynq_fsbl/zynq_fsbl_bsp/system.mss
TRACE::2026-03-06.23:09:24::SCWReader::No isolation master present  
TRACE::2026-03-06.23:09:24::SCWDomain::checking for install qemu data   : 
TRACE::2026-03-06.23:09:24::SCWDomain:: Using the QEMU Data from install at  : C:/Xilinx/Vitis/2024.2/data/emulation/platforms/zynq/sw/a9_standalone/qemu/
TRACE::2026-03-06.23:09:24::SCWDomain:: Using the QEMU args  from install at  : C:/Xilinx/Vitis/2024.2/data/emulation/platforms/zynq/sw/a9_standalone/qemu/qemu_args.txt
TRACE::2026-03-06.23:09:24::SCWPlatform::Trying to open the hw design at E:/Git-Repos/CNC-FPGA/Vitis3/CNC-PL9/hw/CNC_Top_wrapper.xsa
TRACE::2026-03-06.23:09:24::SCWPlatform::DSA given E:/Git-Repos/CNC-FPGA/Vitis3/CNC-PL9/hw/CNC_Top_wrapper.xsa
TRACE::2026-03-06.23:09:24::SCWPlatform::DSA absoulate path E:/Git-Repos/CNC-FPGA/Vitis3/CNC-PL9/hw/CNC_Top_wrapper.xsa
TRACE::2026-03-06.23:09:24::SCWPlatform::DSA directory E:/Git-Repos/CNC-FPGA/Vitis3/CNC-PL9/hw
TRACE::2026-03-06.23:09:24::SCWPlatform:: Platform Path E:/Git-Repos/CNC-FPGA/Vitis3/CNC-PL9/hw/CNC_Top_wrapper.xsa
TRACE::2026-03-06.23:09:24::SCWPlatform:: Unique name xilinx:zedboard::0.0
TRACE::2026-03-06.23:09:24::SCWPlatform::Trying to set the existing hwdb with name CNC_Top_wrapper_5
TRACE::2026-03-06.23:09:24::SCWPlatform::Opened existing hwdb CNC_Top_wrapper_5
TRACE::2026-03-06.23:09:24::SCWPlatform::Found the Hw Db part of the input DSA
TRACE::2026-03-06.23:09:24::SCWPlatform::Trying to open the hw design at E:/Git-Repos/CNC-FPGA/Vitis3/CNC-PL9/hw/CNC_Top_wrapper.xsa
TRACE::2026-03-06.23:09:24::SCWPlatform::DSA given E:/Git-Repos/CNC-FPGA/Vitis3/CNC-PL9/hw/CNC_Top_wrapper.xsa
TRACE::2026-03-06.23:09:24::SCWPlatform::DSA absoulate path E:/Git-Repos/CNC-FPGA/Vitis3/CNC-PL9/hw/CNC_Top_wrapper.xsa
TRACE::2026-03-06.23:09:24::SCWPlatform::DSA directory E:/Git-Repos/CNC-FPGA/Vitis3/CNC-PL9/hw
TRACE::2026-03-06.23:09:24::SCWPlatform:: Platform Path E:/Git-Repos/CNC-FPGA/Vitis3/CNC-PL9/hw/CNC_Top_wrapper.xsa
TRACE::2026-03-06.23:09:24::SCWPlatform:: Unique name xilinx:zedboard::0.0
TRACE::2026-03-06.23:09:24::SCWPlatform::Trying to set the existing hwdb with name CNC_Top_wrapper_5
TRACE::2026-03-06.23:09:24::SCWPlatform::Opened existing hwdb CNC_Top_wrapper_5
TRACE::2026-03-06.23:09:24::SCWPlatform::Found the Hw Db part of the input DSA
TRACE::2026-03-06.23:09:24::SCWPlatform::Trying to open the hw design at E:/Git-Repos/CNC-FPGA/Vitis3/CNC-PL9/hw/CNC_Top_wrapper.xsa
TRACE::2026-03-06.23:09:24::SCWPlatform::DSA given E:/Git-Repos/CNC-FPGA/Vitis3/CNC-PL9/hw/CNC_Top_wrapper.xsa
TRACE::2026-03-06.23:09:24::SCWPlatform::DSA absoulate path E:/Git-Repos/CNC-FPGA/Vitis3/CNC-PL9/hw/CNC_Top_wrapper.xsa
TRACE::2026-03-06.23:09:24::SCWPlatform::DSA directory E:/Git-Repos/CNC-FPGA/Vitis3/CNC-PL9/hw
TRACE::2026-03-06.23:09:24::SCWPlatform:: Platform Path E:/Git-Repos/CNC-FPGA/Vitis3/CNC-PL9/hw/CNC_Top_wrapper.xsa
TRACE::2026-03-06.23:09:24::SCWPlatform:: Unique name xilinx:zedboard::0.0
TRACE::2026-03-06.23:09:24::SCWPlatform::Trying to set the existing hwdb with name CNC_Top_wrapper_5
TRACE::2026-03-06.23:09:24::SCWPlatform::Opened existing hwdb CNC_Top_wrapper_5
TRACE::2026-03-06.23:09:24::SCWPlatform::Found the Hw Db part of the input DSA
TRACE::2026-03-06.23:09:24::SCWMssOS::Checking the sw design at  E:/Git-Repos/CNC-FPGA/Vitis3/CNC-PL9/ps7_cortexa9_0/standalone_domain/bsp/system.mss
TRACE::2026-03-06.23:09:24::SCWMssOS::DEBUG:  swdes dump  E:/Git-Repos/CNC-FPGA/Vitis3/CNC-PL8/ps7_cortexa9_0/standalone_domain/bsp/system.mss|system_0||
E:/Git-Repos/CNC-FPGA/Vitis3/CNC-PL8/zynq_fsbl/zynq_fsbl_bsp/system.mss|system||
E:/Git-Repos/CNC-FPGA/Vitis3/CNC-PL9/zynq_fsbl/zynq_fsbl_bsp/system.mss|system_1||

TRACE::2026-03-06.23:09:24::SCWMssOS::No sw design opened at  E:/Git-Repos/CNC-FPGA/Vitis3/CNC-PL9/ps7_cortexa9_0/standalone_domain/bsp/system.mss
TRACE::2026-03-06.23:09:24::SCWMssOS::mss exists loading the mss file  E:/Git-Repos/CNC-FPGA/Vitis3/CNC-PL9/ps7_cortexa9_0/standalone_domain/bsp/system.mss
TRACE::2026-03-06.23:09:24::SCWMssOS::Opened the sw design from mss  E:/Git-Repos/CNC-FPGA/Vitis3/CNC-PL9/ps7_cortexa9_0/standalone_domain/bsp/system.mss
TRACE::2026-03-06.23:09:24::SCWMssOS::Adding the swdes entry E:/Git-Repos/CNC-FPGA/Vitis3/CNC-PL9/ps7_cortexa9_0/standalone_domain/bsp/system.mss with des name system_2
TRACE::2026-03-06.23:09:24::SCWMssOS::updating the scw layer about changes
TRACE::2026-03-06.23:09:24::SCWMssOS::Opened the sw design.  E:/Git-Repos/CNC-FPGA/Vitis3/CNC-PL9/ps7_cortexa9_0/standalone_domain/bsp/system.mss
TRACE::2026-03-06.23:09:24::SCWMssOS::Saving the mss changes E:/Git-Repos/CNC-FPGA/Vitis3/CNC-PL9/ps7_cortexa9_0/standalone_domain/bsp/system.mss
TRACE::2026-03-06.23:09:24::SCWMssOS::Found a swdesign opened with the mssfile.
TRACE::2026-03-06.23:09:24::SCWMssOS::Completed writemss as part of save.
TRACE::2026-03-06.23:09:24::SCWMssOS::Commit changes completed.
TRACE::2026-03-06.23:09:24::SCWReader::Adding prebuilt librarypaths as   
TRACE::2026-03-06.23:09:24::SCWReader::Adding prebuilt incpaths  as   
TRACE::2026-03-06.23:09:24::SCWPlatform::Trying to open the hw design at E:/Git-Repos/CNC-FPGA/Vitis3/CNC-PL9/hw/CNC_Top_wrapper.xsa
TRACE::2026-03-06.23:09:24::SCWPlatform::DSA given E:/Git-Repos/CNC-FPGA/Vitis3/CNC-PL9/hw/CNC_Top_wrapper.xsa
TRACE::2026-03-06.23:09:24::SCWPlatform::DSA absoulate path E:/Git-Repos/CNC-FPGA/Vitis3/CNC-PL9/hw/CNC_Top_wrapper.xsa
TRACE::2026-03-06.23:09:24::SCWPlatform::DSA directory E:/Git-Repos/CNC-FPGA/Vitis3/CNC-PL9/hw
TRACE::2026-03-06.23:09:24::SCWPlatform:: Platform Path E:/Git-Repos/CNC-FPGA/Vitis3/CNC-PL9/hw/CNC_Top_wrapper.xsa
TRACE::2026-03-06.23:09:24::SCWPlatform:: Unique name xilinx:zedboard::0.0
TRACE::2026-03-06.23:09:24::SCWPlatform::Trying to set the existing hwdb with name CNC_Top_wrapper_5
TRACE::2026-03-06.23:09:24::SCWPlatform::Opened existing hwdb CNC_Top_wrapper_5
TRACE::2026-03-06.23:09:24::SCWPlatform::Found the Hw Db part of the input DSA
TRACE::2026-03-06.23:09:24::SCWMssOS::Checking the sw design at  E:/Git-Repos/CNC-FPGA/Vitis3/CNC-PL9/ps7_cortexa9_0/standalone_domain/bsp/system.mss
TRACE::2026-03-06.23:09:24::SCWMssOS::DEBUG:  swdes dump  E:/Git-Repos/CNC-FPGA/Vitis3/CNC-PL8/ps7_cortexa9_0/standalone_domain/bsp/system.mss|system_0||
E:/Git-Repos/CNC-FPGA/Vitis3/CNC-PL8/zynq_fsbl/zynq_fsbl_bsp/system.mss|system||
E:/Git-Repos/CNC-FPGA/Vitis3/CNC-PL9/ps7_cortexa9_0/standalone_domain/bsp/system.mss|system_2||
E:/Git-Repos/CNC-FPGA/Vitis3/CNC-PL9/zynq_fsbl/zynq_fsbl_bsp/system.mss|system_1||

TRACE::2026-03-06.23:09:24::SCWMssOS::Sw design exists and opened at  E:/Git-Repos/CNC-FPGA/Vitis3/CNC-PL9/ps7_cortexa9_0/standalone_domain/bsp/system.mss
TRACE::2026-03-06.23:09:24::SCWReader::No isolation master present  
TRACE::2026-03-06.23:09:32::SCWPlatform::Trying to open the hw design at E:/Git-Repos/CNC-FPGA/Vitis3/CNC-PL9/hw/CNC_Top_wrapper.xsa
TRACE::2026-03-06.23:09:32::SCWPlatform::DSA given E:/Git-Repos/CNC-FPGA/Vitis3/CNC-PL9/hw/CNC_Top_wrapper.xsa
TRACE::2026-03-06.23:09:32::SCWPlatform::DSA absoulate path E:/Git-Repos/CNC-FPGA/Vitis3/CNC-PL9/hw/CNC_Top_wrapper.xsa
TRACE::2026-03-06.23:09:32::SCWPlatform::DSA directory E:/Git-Repos/CNC-FPGA/Vitis3/CNC-PL9/hw
TRACE::2026-03-06.23:09:32::SCWPlatform:: Platform Path E:/Git-Repos/CNC-FPGA/Vitis3/CNC-PL9/hw/CNC_Top_wrapper.xsa
TRACE::2026-03-06.23:09:32::SCWPlatform:: Unique name xilinx:zedboard::0.0
TRACE::2026-03-06.23:09:32::SCWPlatform::Trying to set the existing hwdb with name CNC_Top_wrapper_5
TRACE::2026-03-06.23:09:32::SCWPlatform::Opened existing hwdb CNC_Top_wrapper_5
TRACE::2026-03-06.23:09:32::SCWPlatform::Found the Hw Db part of the input DSA
TRACE::2026-03-06.23:09:32::SCWMssOS::Checking the sw design at  E:/Git-Repos/CNC-FPGA/Vitis3/CNC-PL9/zynq_fsbl/zynq_fsbl_bsp/system.mss
TRACE::2026-03-06.23:09:32::SCWMssOS::DEBUG:  swdes dump  E:/Git-Repos/CNC-FPGA/Vitis3/CNC-PL8/ps7_cortexa9_0/standalone_domain/bsp/system.mss|system_0||
E:/Git-Repos/CNC-FPGA/Vitis3/CNC-PL8/zynq_fsbl/zynq_fsbl_bsp/system.mss|system||
E:/Git-Repos/CNC-FPGA/Vitis3/CNC-PL9/ps7_cortexa9_0/standalone_domain/bsp/system.mss|system_2||
E:/Git-Repos/CNC-FPGA/Vitis3/CNC-PL9/zynq_fsbl/zynq_fsbl_bsp/system.mss|system_1||

TRACE::2026-03-06.23:09:32::SCWMssOS::Sw design exists and opened at  E:/Git-Repos/CNC-FPGA/Vitis3/CNC-PL9/zynq_fsbl/zynq_fsbl_bsp/system.mss
TRACE::2026-03-06.23:09:33::SCWMssOS::In reload Mss file.
TRACE::2026-03-06.23:09:33::SCWPlatform::Trying to open the hw design at E:/Git-Repos/CNC-FPGA/Vitis3/CNC-PL9/hw/CNC_Top_wrapper.xsa
TRACE::2026-03-06.23:09:33::SCWPlatform::DSA given E:/Git-Repos/CNC-FPGA/Vitis3/CNC-PL9/hw/CNC_Top_wrapper.xsa
TRACE::2026-03-06.23:09:33::SCWPlatform::DSA absoulate path E:/Git-Repos/CNC-FPGA/Vitis3/CNC-PL9/hw/CNC_Top_wrapper.xsa
TRACE::2026-03-06.23:09:33::SCWPlatform::DSA directory E:/Git-Repos/CNC-FPGA/Vitis3/CNC-PL9/hw
TRACE::2026-03-06.23:09:33::SCWPlatform:: Platform Path E:/Git-Repos/CNC-FPGA/Vitis3/CNC-PL9/hw/CNC_Top_wrapper.xsa
TRACE::2026-03-06.23:09:33::SCWPlatform:: Unique name xilinx:zedboard::0.0
TRACE::2026-03-06.23:09:33::SCWPlatform::Trying to set the existing hwdb with name CNC_Top_wrapper_5
TRACE::2026-03-06.23:09:33::SCWPlatform::Opened existing hwdb CNC_Top_wrapper_5
TRACE::2026-03-06.23:09:33::SCWPlatform::Found the Hw Db part of the input DSA
TRACE::2026-03-06.23:09:33::SCWMssOS::Checking the sw design at  E:/Git-Repos/CNC-FPGA/Vitis3/CNC-PL9/zynq_fsbl/zynq_fsbl_bsp/system.mss
TRACE::2026-03-06.23:09:33::SCWMssOS::DEBUG:  swdes dump  E:/Git-Repos/CNC-FPGA/Vitis3/CNC-PL8/ps7_cortexa9_0/standalone_domain/bsp/system.mss|system_0||
E:/Git-Repos/CNC-FPGA/Vitis3/CNC-PL8/zynq_fsbl/zynq_fsbl_bsp/system.mss|system||
E:/Git-Repos/CNC-FPGA/Vitis3/CNC-PL9/ps7_cortexa9_0/standalone_domain/bsp/system.mss|system_2||

TRACE::2026-03-06.23:09:33::SCWMssOS::No sw design opened at  E:/Git-Repos/CNC-FPGA/Vitis3/CNC-PL9/zynq_fsbl/zynq_fsbl_bsp/system.mss
TRACE::2026-03-06.23:09:33::SCWMssOS::mss exists loading the mss file  E:/Git-Repos/CNC-FPGA/Vitis3/CNC-PL9/zynq_fsbl/zynq_fsbl_bsp/system.mss
TRACE::2026-03-06.23:09:33::SCWMssOS::Opened the sw design from mss  E:/Git-Repos/CNC-FPGA/Vitis3/CNC-PL9/zynq_fsbl/zynq_fsbl_bsp/system.mss
TRACE::2026-03-06.23:09:33::SCWMssOS::Adding the swdes entry E:/Git-Repos/CNC-FPGA/Vitis3/CNC-PL9/zynq_fsbl/zynq_fsbl_bsp/system.mss with des name system_1
TRACE::2026-03-06.23:09:33::SCWMssOS::updating the scw layer about changes
TRACE::2026-03-06.23:09:33::SCWMssOS::Opened the sw design.  E:/Git-Repos/CNC-FPGA/Vitis3/CNC-PL9/zynq_fsbl/zynq_fsbl_bsp/system.mss
TRACE::2026-03-06.23:09:33::SCWPlatform::Trying to open the hw design at E:/Git-Repos/CNC-FPGA/Vitis3/CNC-PL9/hw/CNC_Top_wrapper.xsa
TRACE::2026-03-06.23:09:33::SCWPlatform::DSA given E:/Git-Repos/CNC-FPGA/Vitis3/CNC-PL9/hw/CNC_Top_wrapper.xsa
TRACE::2026-03-06.23:09:33::SCWPlatform::DSA absoulate path E:/Git-Repos/CNC-FPGA/Vitis3/CNC-PL9/hw/CNC_Top_wrapper.xsa
TRACE::2026-03-06.23:09:33::SCWPlatform::DSA directory E:/Git-Repos/CNC-FPGA/Vitis3/CNC-PL9/hw
TRACE::2026-03-06.23:09:33::SCWPlatform:: Platform Path E:/Git-Repos/CNC-FPGA/Vitis3/CNC-PL9/hw/CNC_Top_wrapper.xsa
TRACE::2026-03-06.23:09:33::SCWPlatform:: Unique name xilinx:zedboard::0.0
TRACE::2026-03-06.23:09:33::SCWPlatform::Trying to set the existing hwdb with name CNC_Top_wrapper_5
TRACE::2026-03-06.23:09:33::SCWPlatform::Opened existing hwdb CNC_Top_wrapper_5
TRACE::2026-03-06.23:09:33::SCWPlatform::Found the Hw Db part of the input DSA
TRACE::2026-03-06.23:09:33::SCWMssOS::Checking the sw design at  E:/Git-Repos/CNC-FPGA/Vitis3/CNC-PL9/zynq_fsbl/zynq_fsbl_bsp/system.mss
TRACE::2026-03-06.23:09:33::SCWMssOS::DEBUG:  swdes dump  E:/Git-Repos/CNC-FPGA/Vitis3/CNC-PL8/ps7_cortexa9_0/standalone_domain/bsp/system.mss|system_0||
E:/Git-Repos/CNC-FPGA/Vitis3/CNC-PL8/zynq_fsbl/zynq_fsbl_bsp/system.mss|system||
E:/Git-Repos/CNC-FPGA/Vitis3/CNC-PL9/ps7_cortexa9_0/standalone_domain/bsp/system.mss|system_2||
E:/Git-Repos/CNC-FPGA/Vitis3/CNC-PL9/zynq_fsbl/zynq_fsbl_bsp/system.mss|system_1||

TRACE::2026-03-06.23:09:33::SCWMssOS::Sw design exists and opened at  E:/Git-Repos/CNC-FPGA/Vitis3/CNC-PL9/zynq_fsbl/zynq_fsbl_bsp/system.mss
TRACE::2026-03-06.23:09:33::SCWMssOS:: library already available in sw design:  xilffs:5.3
TRACE::2026-03-06.23:09:33::SCWPlatform::Trying to open the hw design at E:/Git-Repos/CNC-FPGA/Vitis3/CNC-PL9/hw/CNC_Top_wrapper.xsa
TRACE::2026-03-06.23:09:33::SCWPlatform::DSA given E:/Git-Repos/CNC-FPGA/Vitis3/CNC-PL9/hw/CNC_Top_wrapper.xsa
TRACE::2026-03-06.23:09:33::SCWPlatform::DSA absoulate path E:/Git-Repos/CNC-FPGA/Vitis3/CNC-PL9/hw/CNC_Top_wrapper.xsa
TRACE::2026-03-06.23:09:33::SCWPlatform::DSA directory E:/Git-Repos/CNC-FPGA/Vitis3/CNC-PL9/hw
TRACE::2026-03-06.23:09:33::SCWPlatform:: Platform Path E:/Git-Repos/CNC-FPGA/Vitis3/CNC-PL9/hw/CNC_Top_wrapper.xsa
TRACE::2026-03-06.23:09:33::SCWPlatform:: Unique name xilinx:zedboard::0.0
TRACE::2026-03-06.23:09:33::SCWPlatform::Trying to set the existing hwdb with name CNC_Top_wrapper_5
TRACE::2026-03-06.23:09:33::SCWPlatform::Opened existing hwdb CNC_Top_wrapper_5
TRACE::2026-03-06.23:09:33::SCWPlatform::Found the Hw Db part of the input DSA
TRACE::2026-03-06.23:09:33::SCWMssOS::Checking the sw design at  E:/Git-Repos/CNC-FPGA/Vitis3/CNC-PL9/zynq_fsbl/zynq_fsbl_bsp/system.mss
TRACE::2026-03-06.23:09:33::SCWMssOS::DEBUG:  swdes dump  E:/Git-Repos/CNC-FPGA/Vitis3/CNC-PL8/ps7_cortexa9_0/standalone_domain/bsp/system.mss|system_0||
E:/Git-Repos/CNC-FPGA/Vitis3/CNC-PL8/zynq_fsbl/zynq_fsbl_bsp/system.mss|system||
E:/Git-Repos/CNC-FPGA/Vitis3/CNC-PL9/ps7_cortexa9_0/standalone_domain/bsp/system.mss|system_2||
E:/Git-Repos/CNC-FPGA/Vitis3/CNC-PL9/zynq_fsbl/zynq_fsbl_bsp/system.mss|system_1||

TRACE::2026-03-06.23:09:33::SCWMssOS::Sw design exists and opened at  E:/Git-Repos/CNC-FPGA/Vitis3/CNC-PL9/zynq_fsbl/zynq_fsbl_bsp/system.mss
TRACE::2026-03-06.23:09:33::SCWMssOS:: library already available in sw design:  xilrsa:1.8
TRACE::2026-03-06.23:09:33::SCWMssOS::Saving the mss changes E:/Git-Repos/CNC-FPGA/Vitis3/CNC-PL9/zynq_fsbl/zynq_fsbl_bsp/system.mss
TRACE::2026-03-06.23:09:33::SCWMssOS::Found a swdesign opened with the mssfile.
TRACE::2026-03-06.23:09:33::SCWMssOS::Completed writemss as part of save.
TRACE::2026-03-06.23:09:33::SCWMssOS::Commit changes completed.
TRACE::2026-03-06.23:09:33::SCWPlatform::Trying to open the hw design at E:/Git-Repos/CNC-FPGA/Vitis3/CNC-PL9/hw/CNC_Top_wrapper.xsa
TRACE::2026-03-06.23:09:33::SCWPlatform::DSA given E:/Git-Repos/CNC-FPGA/Vitis3/CNC-PL9/hw/CNC_Top_wrapper.xsa
TRACE::2026-03-06.23:09:33::SCWPlatform::DSA absoulate path E:/Git-Repos/CNC-FPGA/Vitis3/CNC-PL9/hw/CNC_Top_wrapper.xsa
TRACE::2026-03-06.23:09:33::SCWPlatform::DSA directory E:/Git-Repos/CNC-FPGA/Vitis3/CNC-PL9/hw
TRACE::2026-03-06.23:09:33::SCWPlatform:: Platform Path E:/Git-Repos/CNC-FPGA/Vitis3/CNC-PL9/hw/CNC_Top_wrapper.xsa
TRACE::2026-03-06.23:09:33::SCWPlatform:: Unique name xilinx:zedboard::0.0
TRACE::2026-03-06.23:09:33::SCWPlatform::Trying to set the existing hwdb with name CNC_Top_wrapper_5
TRACE::2026-03-06.23:09:33::SCWPlatform::Opened existing hwdb CNC_Top_wrapper_5
TRACE::2026-03-06.23:09:33::SCWPlatform::Found the Hw Db part of the input DSA
TRACE::2026-03-06.23:09:33::SCWMssOS::Checking the sw design at  E:/Git-Repos/CNC-FPGA/Vitis3/CNC-PL9/zynq_fsbl/zynq_fsbl_bsp/system.mss
TRACE::2026-03-06.23:09:33::SCWMssOS::DEBUG:  swdes dump  E:/Git-Repos/CNC-FPGA/Vitis3/CNC-PL8/ps7_cortexa9_0/standalone_domain/bsp/system.mss|system_0||
E:/Git-Repos/CNC-FPGA/Vitis3/CNC-PL8/zynq_fsbl/zynq_fsbl_bsp/system.mss|system||
E:/Git-Repos/CNC-FPGA/Vitis3/CNC-PL9/ps7_cortexa9_0/standalone_domain/bsp/system.mss|system_2||
E:/Git-Repos/CNC-FPGA/Vitis3/CNC-PL9/zynq_fsbl/zynq_fsbl_bsp/system.mss|system_1||

TRACE::2026-03-06.23:09:33::SCWMssOS::Sw design exists and opened at  E:/Git-Repos/CNC-FPGA/Vitis3/CNC-PL9/zynq_fsbl/zynq_fsbl_bsp/system.mss
TRACE::2026-03-06.23:09:33::SCWMssOS::Removing the swdes entry for  E:/Git-Repos/CNC-FPGA/Vitis3/CNC-PL9/zynq_fsbl/zynq_fsbl_bsp/system.mss
TRACE::2026-03-06.23:09:33::SCWPlatform::Trying to open the hw design at E:/Git-Repos/CNC-FPGA/Vitis3/CNC-PL9/hw/CNC_Top_wrapper.xsa
TRACE::2026-03-06.23:09:33::SCWPlatform::DSA given E:/Git-Repos/CNC-FPGA/Vitis3/CNC-PL9/hw/CNC_Top_wrapper.xsa
TRACE::2026-03-06.23:09:33::SCWPlatform::DSA absoulate path E:/Git-Repos/CNC-FPGA/Vitis3/CNC-PL9/hw/CNC_Top_wrapper.xsa
TRACE::2026-03-06.23:09:33::SCWPlatform::DSA directory E:/Git-Repos/CNC-FPGA/Vitis3/CNC-PL9/hw
TRACE::2026-03-06.23:09:33::SCWPlatform:: Platform Path E:/Git-Repos/CNC-FPGA/Vitis3/CNC-PL9/hw/CNC_Top_wrapper.xsa
TRACE::2026-03-06.23:09:33::SCWPlatform:: Unique name xilinx:zedboard::0.0
TRACE::2026-03-06.23:09:33::SCWPlatform::Trying to set the existing hwdb with name CNC_Top_wrapper_5
TRACE::2026-03-06.23:09:33::SCWPlatform::Opened existing hwdb CNC_Top_wrapper_5
TRACE::2026-03-06.23:09:33::SCWPlatform::Found the Hw Db part of the input DSA
TRACE::2026-03-06.23:09:33::SCWMssOS::Checking the sw design at  E:/Git-Repos/CNC-FPGA/Vitis3/CNC-PL9/ps7_cortexa9_0/standalone_domain/bsp/system.mss
TRACE::2026-03-06.23:09:33::SCWMssOS::DEBUG:  swdes dump  E:/Git-Repos/CNC-FPGA/Vitis3/CNC-PL8/ps7_cortexa9_0/standalone_domain/bsp/system.mss|system_0||
E:/Git-Repos/CNC-FPGA/Vitis3/CNC-PL8/zynq_fsbl/zynq_fsbl_bsp/system.mss|system||
E:/Git-Repos/CNC-FPGA/Vitis3/CNC-PL9/ps7_cortexa9_0/standalone_domain/bsp/system.mss|system_2||

TRACE::2026-03-06.23:09:33::SCWMssOS::Sw design exists and opened at  E:/Git-Repos/CNC-FPGA/Vitis3/CNC-PL9/ps7_cortexa9_0/standalone_domain/bsp/system.mss
TRACE::2026-03-06.23:09:33::SCWMssOS::In reload Mss file.
TRACE::2026-03-06.23:09:33::SCWPlatform::Trying to open the hw design at E:/Git-Repos/CNC-FPGA/Vitis3/CNC-PL9/hw/CNC_Top_wrapper.xsa
TRACE::2026-03-06.23:09:33::SCWPlatform::DSA given E:/Git-Repos/CNC-FPGA/Vitis3/CNC-PL9/hw/CNC_Top_wrapper.xsa
TRACE::2026-03-06.23:09:33::SCWPlatform::DSA absoulate path E:/Git-Repos/CNC-FPGA/Vitis3/CNC-PL9/hw/CNC_Top_wrapper.xsa
TRACE::2026-03-06.23:09:33::SCWPlatform::DSA directory E:/Git-Repos/CNC-FPGA/Vitis3/CNC-PL9/hw
TRACE::2026-03-06.23:09:33::SCWPlatform:: Platform Path E:/Git-Repos/CNC-FPGA/Vitis3/CNC-PL9/hw/CNC_Top_wrapper.xsa
TRACE::2026-03-06.23:09:33::SCWPlatform:: Unique name xilinx:zedboard::0.0
TRACE::2026-03-06.23:09:33::SCWPlatform::Trying to set the existing hwdb with name CNC_Top_wrapper_5
TRACE::2026-03-06.23:09:33::SCWPlatform::Opened existing hwdb CNC_Top_wrapper_5
TRACE::2026-03-06.23:09:33::SCWPlatform::Found the Hw Db part of the input DSA
TRACE::2026-03-06.23:09:33::SCWMssOS::Checking the sw design at  E:/Git-Repos/CNC-FPGA/Vitis3/CNC-PL9/ps7_cortexa9_0/standalone_domain/bsp/system.mss
TRACE::2026-03-06.23:09:33::SCWMssOS::DEBUG:  swdes dump  E:/Git-Repos/CNC-FPGA/Vitis3/CNC-PL8/ps7_cortexa9_0/standalone_domain/bsp/system.mss|system_0||
E:/Git-Repos/CNC-FPGA/Vitis3/CNC-PL8/zynq_fsbl/zynq_fsbl_bsp/system.mss|system||

TRACE::2026-03-06.23:09:33::SCWMssOS::No sw design opened at  E:/Git-Repos/CNC-FPGA/Vitis3/CNC-PL9/ps7_cortexa9_0/standalone_domain/bsp/system.mss
TRACE::2026-03-06.23:09:33::SCWMssOS::mss exists loading the mss file  E:/Git-Repos/CNC-FPGA/Vitis3/CNC-PL9/ps7_cortexa9_0/standalone_domain/bsp/system.mss
TRACE::2026-03-06.23:09:33::SCWMssOS::Opened the sw design from mss  E:/Git-Repos/CNC-FPGA/Vitis3/CNC-PL9/ps7_cortexa9_0/standalone_domain/bsp/system.mss
TRACE::2026-03-06.23:09:33::SCWMssOS::Adding the swdes entry E:/Git-Repos/CNC-FPGA/Vitis3/CNC-PL9/ps7_cortexa9_0/standalone_domain/bsp/system.mss with des name system_1
TRACE::2026-03-06.23:09:33::SCWMssOS::updating the scw layer about changes
TRACE::2026-03-06.23:09:33::SCWMssOS::Opened the sw design.  E:/Git-Repos/CNC-FPGA/Vitis3/CNC-PL9/ps7_cortexa9_0/standalone_domain/bsp/system.mss
TRACE::2026-03-06.23:09:33::SCWMssOS::Saving the mss changes E:/Git-Repos/CNC-FPGA/Vitis3/CNC-PL9/ps7_cortexa9_0/standalone_domain/bsp/system.mss
TRACE::2026-03-06.23:09:33::SCWMssOS::Found a swdesign opened with the mssfile.
TRACE::2026-03-06.23:09:33::SCWMssOS::Completed writemss as part of save.
TRACE::2026-03-06.23:09:33::SCWMssOS::Commit changes completed.
TRACE::2026-03-06.23:09:33::SCWPlatform::Trying to open the hw design at E:/Git-Repos/CNC-FPGA/Vitis3/CNC-PL9/hw/CNC_Top_wrapper.xsa
TRACE::2026-03-06.23:09:33::SCWPlatform::DSA given E:/Git-Repos/CNC-FPGA/Vitis3/CNC-PL9/hw/CNC_Top_wrapper.xsa
TRACE::2026-03-06.23:09:33::SCWPlatform::DSA absoulate path E:/Git-Repos/CNC-FPGA/Vitis3/CNC-PL9/hw/CNC_Top_wrapper.xsa
TRACE::2026-03-06.23:09:33::SCWPlatform::DSA directory E:/Git-Repos/CNC-FPGA/Vitis3/CNC-PL9/hw
TRACE::2026-03-06.23:09:33::SCWPlatform:: Platform Path E:/Git-Repos/CNC-FPGA/Vitis3/CNC-PL9/hw/CNC_Top_wrapper.xsa
TRACE::2026-03-06.23:09:33::SCWPlatform:: Unique name xilinx:zedboard::0.0
TRACE::2026-03-06.23:09:33::SCWPlatform::Trying to set the existing hwdb with name CNC_Top_wrapper_5
TRACE::2026-03-06.23:09:33::SCWPlatform::Opened existing hwdb CNC_Top_wrapper_5
TRACE::2026-03-06.23:09:33::SCWPlatform::Found the Hw Db part of the input DSA
TRACE::2026-03-06.23:09:33::SCWMssOS::Checking the sw design at  E:/Git-Repos/CNC-FPGA/Vitis3/CNC-PL9/ps7_cortexa9_0/standalone_domain/bsp/system.mss
TRACE::2026-03-06.23:09:33::SCWMssOS::DEBUG:  swdes dump  E:/Git-Repos/CNC-FPGA/Vitis3/CNC-PL8/ps7_cortexa9_0/standalone_domain/bsp/system.mss|system_0||
E:/Git-Repos/CNC-FPGA/Vitis3/CNC-PL8/zynq_fsbl/zynq_fsbl_bsp/system.mss|system||
E:/Git-Repos/CNC-FPGA/Vitis3/CNC-PL9/ps7_cortexa9_0/standalone_domain/bsp/system.mss|system_1||

TRACE::2026-03-06.23:09:33::SCWMssOS::Sw design exists and opened at  E:/Git-Repos/CNC-FPGA/Vitis3/CNC-PL9/ps7_cortexa9_0/standalone_domain/bsp/system.mss
TRACE::2026-03-06.23:09:33::SCWMssOS::Removing the swdes entry for  E:/Git-Repos/CNC-FPGA/Vitis3/CNC-PL9/ps7_cortexa9_0/standalone_domain/bsp/system.mss
TRACE::2026-03-06.23:09:34::SCWPlatform::Trying to open the hw design at E:/Git-Repos/CNC-FPGA/Vitis3/CNC-PL9/hw/CNC_Top_wrapper.xsa
TRACE::2026-03-06.23:09:34::SCWPlatform::DSA given E:/Git-Repos/CNC-FPGA/Vitis3/CNC-PL9/hw/CNC_Top_wrapper.xsa
TRACE::2026-03-06.23:09:34::SCWPlatform::DSA absoulate path E:/Git-Repos/CNC-FPGA/Vitis3/CNC-PL9/hw/CNC_Top_wrapper.xsa
TRACE::2026-03-06.23:09:34::SCWPlatform::DSA directory E:/Git-Repos/CNC-FPGA/Vitis3/CNC-PL9/hw
TRACE::2026-03-06.23:09:34::SCWPlatform:: Platform Path E:/Git-Repos/CNC-FPGA/Vitis3/CNC-PL9/hw/CNC_Top_wrapper.xsa
TRACE::2026-03-06.23:09:34::SCWPlatform:: Unique name xilinx:zedboard::0.0
TRACE::2026-03-06.23:09:34::SCWPlatform::Trying to set the existing hwdb with name CNC_Top_wrapper_5
TRACE::2026-03-06.23:09:34::SCWPlatform::Opened existing hwdb CNC_Top_wrapper_5
TRACE::2026-03-06.23:09:34::SCWPlatform::Found the Hw Db part of the input DSA
TRACE::2026-03-06.23:09:34::SCWMssOS::Checking the sw design at  E:/Git-Repos/CNC-FPGA/Vitis3/CNC-PL9/ps7_cortexa9_0/standalone_domain/bsp/system.mss
TRACE::2026-03-06.23:09:34::SCWMssOS::DEBUG:  swdes dump  E:/Git-Repos/CNC-FPGA/Vitis3/CNC-PL8/ps7_cortexa9_0/standalone_domain/bsp/system.mss|system_0||
E:/Git-Repos/CNC-FPGA/Vitis3/CNC-PL8/zynq_fsbl/zynq_fsbl_bsp/system.mss|system||

TRACE::2026-03-06.23:09:34::SCWMssOS::No sw design opened at  E:/Git-Repos/CNC-FPGA/Vitis3/CNC-PL9/ps7_cortexa9_0/standalone_domain/bsp/system.mss
TRACE::2026-03-06.23:09:34::SCWMssOS::mss exists loading the mss file  E:/Git-Repos/CNC-FPGA/Vitis3/CNC-PL9/ps7_cortexa9_0/standalone_domain/bsp/system.mss
TRACE::2026-03-06.23:09:34::SCWMssOS::Opened the sw design from mss  E:/Git-Repos/CNC-FPGA/Vitis3/CNC-PL9/ps7_cortexa9_0/standalone_domain/bsp/system.mss
TRACE::2026-03-06.23:09:34::SCWMssOS::Adding the swdes entry E:/Git-Repos/CNC-FPGA/Vitis3/CNC-PL9/ps7_cortexa9_0/standalone_domain/bsp/system.mss with des name system_1
TRACE::2026-03-06.23:09:34::SCWMssOS::updating the scw layer about changes
TRACE::2026-03-06.23:09:34::SCWMssOS::Opened the sw design.  E:/Git-Repos/CNC-FPGA/Vitis3/CNC-PL9/ps7_cortexa9_0/standalone_domain/bsp/system.mss
TRACE::2026-03-06.23:09:36::SCWPlatform::Trying to open the hw design at E:/Git-Repos/CNC-FPGA/Vitis3/CNC-PL9/hw/CNC_Top_wrapper.xsa
TRACE::2026-03-06.23:09:36::SCWPlatform::DSA given E:/Git-Repos/CNC-FPGA/Vitis3/CNC-PL9/hw/CNC_Top_wrapper.xsa
TRACE::2026-03-06.23:09:36::SCWPlatform::DSA absoulate path E:/Git-Repos/CNC-FPGA/Vitis3/CNC-PL9/hw/CNC_Top_wrapper.xsa
TRACE::2026-03-06.23:09:36::SCWPlatform::DSA directory E:/Git-Repos/CNC-FPGA/Vitis3/CNC-PL9/hw
TRACE::2026-03-06.23:09:36::SCWPlatform:: Platform Path E:/Git-Repos/CNC-FPGA/Vitis3/CNC-PL9/hw/CNC_Top_wrapper.xsa
TRACE::2026-03-06.23:09:36::SCWPlatform:: Unique name xilinx:zedboard::0.0
TRACE::2026-03-06.23:09:36::SCWPlatform::Trying to set the existing hwdb with name CNC_Top_wrapper_5
TRACE::2026-03-06.23:09:36::SCWPlatform::Opened existing hwdb CNC_Top_wrapper_5
TRACE::2026-03-06.23:09:36::SCWPlatform::Found the Hw Db part of the input DSA
TRACE::2026-03-06.23:09:36::SCWMssOS::Checking the sw design at  E:/Git-Repos/CNC-FPGA/Vitis3/CNC-PL9/ps7_cortexa9_0/standalone_domain/bsp/system.mss
TRACE::2026-03-06.23:09:36::SCWMssOS::DEBUG:  swdes dump  E:/Git-Repos/CNC-FPGA/Vitis3/CNC-PL8/ps7_cortexa9_0/standalone_domain/bsp/system.mss|system_0||
E:/Git-Repos/CNC-FPGA/Vitis3/CNC-PL8/zynq_fsbl/zynq_fsbl_bsp/system.mss|system||
E:/Git-Repos/CNC-FPGA/Vitis3/CNC-PL9/ps7_cortexa9_0/standalone_domain/bsp/system.mss|system_1||

TRACE::2026-03-06.23:09:36::SCWMssOS::Sw design exists and opened at  E:/Git-Repos/CNC-FPGA/Vitis3/CNC-PL9/ps7_cortexa9_0/standalone_domain/bsp/system.mss
TRACE::2026-03-06.23:09:36::SCWMssOS::Adding Library:  xilffs:5.3
TRACE::2026-03-06.23:09:36::SCWMssOS::Added Library:  xilffs
TRACE::2026-03-06.23:09:36::SCWPlatform::Trying to open the hw design at E:/Git-Repos/CNC-FPGA/Vitis3/CNC-PL9/hw/CNC_Top_wrapper.xsa
TRACE::2026-03-06.23:09:36::SCWPlatform::DSA given E:/Git-Repos/CNC-FPGA/Vitis3/CNC-PL9/hw/CNC_Top_wrapper.xsa
TRACE::2026-03-06.23:09:36::SCWPlatform::DSA absoulate path E:/Git-Repos/CNC-FPGA/Vitis3/CNC-PL9/hw/CNC_Top_wrapper.xsa
TRACE::2026-03-06.23:09:36::SCWPlatform::DSA directory E:/Git-Repos/CNC-FPGA/Vitis3/CNC-PL9/hw
TRACE::2026-03-06.23:09:36::SCWPlatform:: Platform Path E:/Git-Repos/CNC-FPGA/Vitis3/CNC-PL9/hw/CNC_Top_wrapper.xsa
TRACE::2026-03-06.23:09:36::SCWPlatform:: Unique name xilinx:zedboard::0.0
TRACE::2026-03-06.23:09:36::SCWPlatform::Trying to set the existing hwdb with name CNC_Top_wrapper_5
TRACE::2026-03-06.23:09:36::SCWPlatform::Opened existing hwdb CNC_Top_wrapper_5
TRACE::2026-03-06.23:09:36::SCWPlatform::Found the Hw Db part of the input DSA
TRACE::2026-03-06.23:09:36::SCWMssOS::Checking the sw design at  E:/Git-Repos/CNC-FPGA/Vitis3/CNC-PL9/ps7_cortexa9_0/standalone_domain/bsp/system.mss
TRACE::2026-03-06.23:09:36::SCWMssOS::DEBUG:  swdes dump  E:/Git-Repos/CNC-FPGA/Vitis3/CNC-PL8/ps7_cortexa9_0/standalone_domain/bsp/system.mss|system_0||
E:/Git-Repos/CNC-FPGA/Vitis3/CNC-PL8/zynq_fsbl/zynq_fsbl_bsp/system.mss|system||
E:/Git-Repos/CNC-FPGA/Vitis3/CNC-PL9/ps7_cortexa9_0/standalone_domain/bsp/system.mss|system_1||

TRACE::2026-03-06.23:09:36::SCWMssOS::Sw design exists and opened at  E:/Git-Repos/CNC-FPGA/Vitis3/CNC-PL9/ps7_cortexa9_0/standalone_domain/bsp/system.mss
TRACE::2026-03-06.23:09:37::SCWPlatform::Trying to open the hw design at E:/Git-Repos/CNC-FPGA/Vitis3/CNC-PL9/hw/CNC_Top_wrapper.xsa
TRACE::2026-03-06.23:09:37::SCWPlatform::DSA given E:/Git-Repos/CNC-FPGA/Vitis3/CNC-PL9/hw/CNC_Top_wrapper.xsa
TRACE::2026-03-06.23:09:37::SCWPlatform::DSA absoulate path E:/Git-Repos/CNC-FPGA/Vitis3/CNC-PL9/hw/CNC_Top_wrapper.xsa
TRACE::2026-03-06.23:09:37::SCWPlatform::DSA directory E:/Git-Repos/CNC-FPGA/Vitis3/CNC-PL9/hw
TRACE::2026-03-06.23:09:37::SCWPlatform:: Platform Path E:/Git-Repos/CNC-FPGA/Vitis3/CNC-PL9/hw/CNC_Top_wrapper.xsa
TRACE::2026-03-06.23:09:37::SCWPlatform:: Unique name xilinx:zedboard::0.0
TRACE::2026-03-06.23:09:37::SCWPlatform::Trying to set the existing hwdb with name CNC_Top_wrapper_5
TRACE::2026-03-06.23:09:37::SCWPlatform::Opened existing hwdb CNC_Top_wrapper_5
TRACE::2026-03-06.23:09:37::SCWPlatform::Found the Hw Db part of the input DSA
TRACE::2026-03-06.23:09:37::SCWMssOS::Checking the sw design at  E:/Git-Repos/CNC-FPGA/Vitis3/CNC-PL9/ps7_cortexa9_0/standalone_domain/bsp/system.mss
TRACE::2026-03-06.23:09:37::SCWMssOS::DEBUG:  swdes dump  E:/Git-Repos/CNC-FPGA/Vitis3/CNC-PL8/ps7_cortexa9_0/standalone_domain/bsp/system.mss|system_0||
E:/Git-Repos/CNC-FPGA/Vitis3/CNC-PL8/zynq_fsbl/zynq_fsbl_bsp/system.mss|system||
E:/Git-Repos/CNC-FPGA/Vitis3/CNC-PL9/ps7_cortexa9_0/standalone_domain/bsp/system.mss|system_1||

TRACE::2026-03-06.23:09:37::SCWMssOS::Sw design exists and opened at  E:/Git-Repos/CNC-FPGA/Vitis3/CNC-PL9/ps7_cortexa9_0/standalone_domain/bsp/system.mss
TRACE::2026-03-06.23:09:37::SCWMssOS::Adding Library:  xiltimer:2.1
TRACE::2026-03-06.23:09:37::SCWMssOS::Added Library:  xiltimer
TRACE::2026-03-06.23:09:37::SCWPlatform::Trying to open the hw design at E:/Git-Repos/CNC-FPGA/Vitis3/CNC-PL9/hw/CNC_Top_wrapper.xsa
TRACE::2026-03-06.23:09:37::SCWPlatform::DSA given E:/Git-Repos/CNC-FPGA/Vitis3/CNC-PL9/hw/CNC_Top_wrapper.xsa
TRACE::2026-03-06.23:09:37::SCWPlatform::DSA absoulate path E:/Git-Repos/CNC-FPGA/Vitis3/CNC-PL9/hw/CNC_Top_wrapper.xsa
TRACE::2026-03-06.23:09:37::SCWPlatform::DSA directory E:/Git-Repos/CNC-FPGA/Vitis3/CNC-PL9/hw
TRACE::2026-03-06.23:09:37::SCWPlatform:: Platform Path E:/Git-Repos/CNC-FPGA/Vitis3/CNC-PL9/hw/CNC_Top_wrapper.xsa
TRACE::2026-03-06.23:09:37::SCWPlatform:: Unique name xilinx:zedboard::0.0
TRACE::2026-03-06.23:09:37::SCWPlatform::Trying to set the existing hwdb with name CNC_Top_wrapper_5
TRACE::2026-03-06.23:09:37::SCWPlatform::Opened existing hwdb CNC_Top_wrapper_5
TRACE::2026-03-06.23:09:37::SCWPlatform::Found the Hw Db part of the input DSA
TRACE::2026-03-06.23:09:37::SCWMssOS::Checking the sw design at  E:/Git-Repos/CNC-FPGA/Vitis3/CNC-PL9/ps7_cortexa9_0/standalone_domain/bsp/system.mss
TRACE::2026-03-06.23:09:37::SCWMssOS::DEBUG:  swdes dump  E:/Git-Repos/CNC-FPGA/Vitis3/CNC-PL8/ps7_cortexa9_0/standalone_domain/bsp/system.mss|system_0||
E:/Git-Repos/CNC-FPGA/Vitis3/CNC-PL8/zynq_fsbl/zynq_fsbl_bsp/system.mss|system||
E:/Git-Repos/CNC-FPGA/Vitis3/CNC-PL9/ps7_cortexa9_0/standalone_domain/bsp/system.mss|system_1||

TRACE::2026-03-06.23:09:37::SCWMssOS::Sw design exists and opened at  E:/Git-Repos/CNC-FPGA/Vitis3/CNC-PL9/ps7_cortexa9_0/standalone_domain/bsp/system.mss
TRACE::2026-03-06.23:09:40::SCWMssOS::Saving the mss changes E:/Git-Repos/CNC-FPGA/Vitis3/CNC-PL9/zynq_fsbl/zynq_fsbl_bsp/system.mss
TRACE::2026-03-06.23:09:40::SCWMssOS::Adding the swdes entry, mss present, able to open swdb E:/Git-Repos/CNC-FPGA/Vitis3/CNC-PL9/zynq_fsbl/zynq_fsbl_bsp/system.mss with des name system_2
TRACE::2026-03-06.23:09:40::SCWMssOS::Writing the mss file completed E:/Git-Repos/CNC-FPGA/Vitis3/CNC-PL9/zynq_fsbl/zynq_fsbl_bsp/system.mss
TRACE::2026-03-06.23:09:40::SCWMssOS::Commit changes completed.
TRACE::2026-03-06.23:09:40::SCWMssOS::Saving the mss changes E:/Git-Repos/CNC-FPGA/Vitis3/CNC-PL9/ps7_cortexa9_0/standalone_domain/bsp/system.mss
TRACE::2026-03-06.23:09:40::SCWMssOS::Found a swdesign opened with the mssfile.
TRACE::2026-03-06.23:09:40::SCWMssOS::Completed writemss as part of save.
TRACE::2026-03-06.23:09:40::SCWMssOS::Commit changes completed.
TRACE::2026-03-06.23:09:40::SCWPlatform::Trying to open the hw design at E:/Git-Repos/CNC-FPGA/Vitis3/CNC-PL9/hw/CNC_Top_wrapper.xsa
TRACE::2026-03-06.23:09:40::SCWPlatform::DSA given E:/Git-Repos/CNC-FPGA/Vitis3/CNC-PL9/hw/CNC_Top_wrapper.xsa
TRACE::2026-03-06.23:09:40::SCWPlatform::DSA absoulate path E:/Git-Repos/CNC-FPGA/Vitis3/CNC-PL9/hw/CNC_Top_wrapper.xsa
TRACE::2026-03-06.23:09:40::SCWPlatform::DSA directory E:/Git-Repos/CNC-FPGA/Vitis3/CNC-PL9/hw
TRACE::2026-03-06.23:09:40::SCWPlatform:: Platform Path E:/Git-Repos/CNC-FPGA/Vitis3/CNC-PL9/hw/CNC_Top_wrapper.xsa
TRACE::2026-03-06.23:09:40::SCWPlatform:: Unique name xilinx:zedboard::0.0
TRACE::2026-03-06.23:09:40::SCWPlatform::Trying to set the existing hwdb with name CNC_Top_wrapper_5
TRACE::2026-03-06.23:09:40::SCWPlatform::Opened existing hwdb CNC_Top_wrapper_5
TRACE::2026-03-06.23:09:40::SCWPlatform::Found the Hw Db part of the input DSA
TRACE::2026-03-06.23:09:40::SCWMssOS::Checking the sw design at  E:/Git-Repos/CNC-FPGA/Vitis3/CNC-PL9/zynq_fsbl/zynq_fsbl_bsp/system.mss
TRACE::2026-03-06.23:09:40::SCWMssOS::DEBUG:  swdes dump  E:/Git-Repos/CNC-FPGA/Vitis3/CNC-PL8/ps7_cortexa9_0/standalone_domain/bsp/system.mss|system_0||
E:/Git-Repos/CNC-FPGA/Vitis3/CNC-PL8/zynq_fsbl/zynq_fsbl_bsp/system.mss|system||
E:/Git-Repos/CNC-FPGA/Vitis3/CNC-PL9/ps7_cortexa9_0/standalone_domain/bsp/system.mss|system_1||
E:/Git-Repos/CNC-FPGA/Vitis3/CNC-PL9/zynq_fsbl/zynq_fsbl_bsp/system.mss|system_2||

TRACE::2026-03-06.23:09:40::SCWMssOS::Sw design exists and opened at  E:/Git-Repos/CNC-FPGA/Vitis3/CNC-PL9/zynq_fsbl/zynq_fsbl_bsp/system.mss
TRACE::2026-03-06.23:09:40::SCWPlatform::Trying to open the hw design at E:/Git-Repos/CNC-FPGA/Vitis3/CNC-PL9/hw/CNC_Top_wrapper.xsa
TRACE::2026-03-06.23:09:40::SCWPlatform::DSA given E:/Git-Repos/CNC-FPGA/Vitis3/CNC-PL9/hw/CNC_Top_wrapper.xsa
TRACE::2026-03-06.23:09:40::SCWPlatform::DSA absoulate path E:/Git-Repos/CNC-FPGA/Vitis3/CNC-PL9/hw/CNC_Top_wrapper.xsa
TRACE::2026-03-06.23:09:40::SCWPlatform::DSA directory E:/Git-Repos/CNC-FPGA/Vitis3/CNC-PL9/hw
TRACE::2026-03-06.23:09:40::SCWPlatform:: Platform Path E:/Git-Repos/CNC-FPGA/Vitis3/CNC-PL9/hw/CNC_Top_wrapper.xsa
TRACE::2026-03-06.23:09:40::SCWPlatform:: Unique name xilinx:zedboard::0.0
TRACE::2026-03-06.23:09:40::SCWPlatform::Trying to set the existing hwdb with name CNC_Top_wrapper_5
TRACE::2026-03-06.23:09:40::SCWPlatform::Opened existing hwdb CNC_Top_wrapper_5
TRACE::2026-03-06.23:09:40::SCWPlatform::Found the Hw Db part of the input DSA
TRACE::2026-03-06.23:09:40::SCWMssOS::Checking the sw design at  E:/Git-Repos/CNC-FPGA/Vitis3/CNC-PL9/ps7_cortexa9_0/standalone_domain/bsp/system.mss
TRACE::2026-03-06.23:09:40::SCWMssOS::DEBUG:  swdes dump  E:/Git-Repos/CNC-FPGA/Vitis3/CNC-PL8/ps7_cortexa9_0/standalone_domain/bsp/system.mss|system_0||
E:/Git-Repos/CNC-FPGA/Vitis3/CNC-PL8/zynq_fsbl/zynq_fsbl_bsp/system.mss|system||
E:/Git-Repos/CNC-FPGA/Vitis3/CNC-PL9/ps7_cortexa9_0/standalone_domain/bsp/system.mss|system_1||
E:/Git-Repos/CNC-FPGA/Vitis3/CNC-PL9/zynq_fsbl/zynq_fsbl_bsp/system.mss|system_2||

TRACE::2026-03-06.23:09:40::SCWMssOS::Sw design exists and opened at  E:/Git-Repos/CNC-FPGA/Vitis3/CNC-PL9/ps7_cortexa9_0/standalone_domain/bsp/system.mss
TRACE::2026-03-06.23:09:40::SCWWriter::formatted JSON is {
	"platformName":	"CNC-PL9",
	"sprVersion":	"2.0",
	"mode":	"gui",
	"dsaType":	"Fixed",
	"platformDesc":	"CNC-PL9",
	"platHandOff":	"E:/Git-Repos/CNC-FPGA/Zedboard-CNC/CNC_Top_wrapper.xsa",
	"platIntHandOff":	"<platformDir>/hw/CNC_Top_wrapper.xsa",
	"deviceType":	"zynq",
	"platIsPrebuiltAutogen":	"false",
	"platIsNoBootBsp":	"false",
	"hasFsblMakeHasChanges":	"false",
	"hasPmufwMakeHasChanges":	"false",
	"fsblExtraCompilerFlags":	"-MMD -MP       -mcpu=cortex-a9 -mfpu=vfpv3 -mfloat-abi=hard ",
	"platPreBuiltFlag":	false,
	"platformSamplesDir":	"",
	"platActiveSys":	"CNC-PL9",
	"systems":	[{
			"systemName":	"CNC-PL9",
			"systemDesc":	"CNC-PL9",
			"sysIsBootAutoGen":	"true",
			"systemDispName":	"CNC-PL9",
			"sysActiveDom":	"standalone_domain",
			"sysDefaultDom":	"standalone_domain",
			"domains":	[{
					"domainName":	"zynq_fsbl",
					"domainDispName":	"zynq_fsbl",
					"domainDesc":	"FSBL Application BSP - Auto Generated.",
					"processors":	"ps7_cortexa9_0",
					"os":	"standalone",
					"sdxOs":	"standalone",
					"debugEnable":	"",
					"domRuntimes":	["cpp"],
					"swRepo":	"",
					"mssOsVer":	"9.2",
					"mssFile":	"",
					"md5Digest":	"8e05dff6cf2b7a5e245cc7c2f785ee81",
					"compatibleApp":	"zynq_fsbl",
					"domType":	"bootDomain",
					"arch":	"32-bit",
					"appSettings":	{
						"appCompilerFlags":	"",
						"appLinkerFlags":	""
					},
					"addedLibs":	["xilffs:5.3", "xilrsa:1.8"],
					"libOptions":	{
						"libsContainingOptions":	[]
					},
					"prebuiltLibs":	{
						"prebuiltIncPath":	[],
						"prebuiltLibPath":	[]
					},
					"isolation":	{
					}
				}, {
					"domainName":	"standalone_domain",
					"domainDispName":	"standalone on ps7_cortexa9_0",
					"domainDesc":	"standalone_domain",
					"processors":	"ps7_cortexa9_0",
					"os":	"standalone",
					"sdxOs":	"standalone",
					"qemuArgs":	"<platformDir>/resources/CNC-PL9/standalone_domain/qemu_args.txt",
					"qemuData":	"<platformDir>/resources/CNC-PL9/standalone_domain/qemu",
					"debugEnable":	"False",
					"domRuntimes":	["cpp"],
					"swRepo":	"",
					"mssOsVer":	"9.2",
					"mssFile":	"",
					"md5Digest":	"aed75abb87964b40d6efb9b45e153c20",
					"compatibleApp":	"",
					"domType":	"mssDomain",
					"appSettings":	{
						"appCompilerFlags":	"",
						"appLinkerFlags":	""
					},
					"addedLibs":	["xilffs:5.3", "xiltimer:2.1"],
					"libOptions":	{
						"libsContainingOptions":	[]
					},
					"prebuiltLibs":	{
						"prebuiltIncPath":	[],
						"prebuiltLibPath":	[]
					},
					"isolation":	{
					}
				}]
		}]
}
TRACE::2026-03-06.23:09:40::SCWMssOS::Saving the mss changes E:/Git-Repos/CNC-FPGA/Vitis3/CNC-PL9/ps7_cortexa9_0/standalone_domain/bsp/system.mss
TRACE::2026-03-06.23:09:40::SCWMssOS::Found a swdesign opened with the mssfile.
TRACE::2026-03-06.23:09:40::SCWMssOS::Completed writemss as part of save.
TRACE::2026-03-06.23:09:40::SCWMssOS::Commit changes completed.
TRACE::2026-03-06.23:09:40::SCWPlatform::Trying to open the hw design at E:/Git-Repos/CNC-FPGA/Vitis3/CNC-PL9/hw/CNC_Top_wrapper.xsa
TRACE::2026-03-06.23:09:40::SCWPlatform::DSA given E:/Git-Repos/CNC-FPGA/Vitis3/CNC-PL9/hw/CNC_Top_wrapper.xsa
TRACE::2026-03-06.23:09:40::SCWPlatform::DSA absoulate path E:/Git-Repos/CNC-FPGA/Vitis3/CNC-PL9/hw/CNC_Top_wrapper.xsa
TRACE::2026-03-06.23:09:40::SCWPlatform::DSA directory E:/Git-Repos/CNC-FPGA/Vitis3/CNC-PL9/hw
TRACE::2026-03-06.23:09:40::SCWPlatform:: Platform Path E:/Git-Repos/CNC-FPGA/Vitis3/CNC-PL9/hw/CNC_Top_wrapper.xsa
TRACE::2026-03-06.23:09:40::SCWPlatform:: Unique name xilinx:zedboard::0.0
TRACE::2026-03-06.23:09:40::SCWPlatform::Trying to set the existing hwdb with name CNC_Top_wrapper_5
TRACE::2026-03-06.23:09:40::SCWPlatform::Opened existing hwdb CNC_Top_wrapper_5
TRACE::2026-03-06.23:09:40::SCWPlatform::Found the Hw Db part of the input DSA
TRACE::2026-03-06.23:09:40::SCWMssOS::Checking the sw design at  E:/Git-Repos/CNC-FPGA/Vitis3/CNC-PL9/ps7_cortexa9_0/standalone_domain/bsp/system.mss
TRACE::2026-03-06.23:09:40::SCWMssOS::DEBUG:  swdes dump  E:/Git-Repos/CNC-FPGA/Vitis3/CNC-PL8/ps7_cortexa9_0/standalone_domain/bsp/system.mss|system_0||
E:/Git-Repos/CNC-FPGA/Vitis3/CNC-PL8/zynq_fsbl/zynq_fsbl_bsp/system.mss|system||
E:/Git-Repos/CNC-FPGA/Vitis3/CNC-PL9/ps7_cortexa9_0/standalone_domain/bsp/system.mss|system_1||
E:/Git-Repos/CNC-FPGA/Vitis3/CNC-PL9/zynq_fsbl/zynq_fsbl_bsp/system.mss|system_2||

TRACE::2026-03-06.23:09:40::SCWMssOS::Sw design exists and opened at  E:/Git-Repos/CNC-FPGA/Vitis3/CNC-PL9/ps7_cortexa9_0/standalone_domain/bsp/system.mss
TRACE::2026-03-06.23:09:40::SCWMssOS::Removing the swdes entry for  E:/Git-Repos/CNC-FPGA/Vitis3/CNC-PL9/ps7_cortexa9_0/standalone_domain/bsp/system.mss
TRACE::2026-03-06.23:09:40::SCWMssOS::In reload Mss file.
TRACE::2026-03-06.23:09:40::SCWPlatform::Trying to open the hw design at E:/Git-Repos/CNC-FPGA/Vitis3/CNC-PL9/hw/CNC_Top_wrapper.xsa
TRACE::2026-03-06.23:09:40::SCWPlatform::DSA given E:/Git-Repos/CNC-FPGA/Vitis3/CNC-PL9/hw/CNC_Top_wrapper.xsa
TRACE::2026-03-06.23:09:40::SCWPlatform::DSA absoulate path E:/Git-Repos/CNC-FPGA/Vitis3/CNC-PL9/hw/CNC_Top_wrapper.xsa
TRACE::2026-03-06.23:09:40::SCWPlatform::DSA directory E:/Git-Repos/CNC-FPGA/Vitis3/CNC-PL9/hw
TRACE::2026-03-06.23:09:40::SCWPlatform:: Platform Path E:/Git-Repos/CNC-FPGA/Vitis3/CNC-PL9/hw/CNC_Top_wrapper.xsa
TRACE::2026-03-06.23:09:40::SCWPlatform:: Unique name xilinx:zedboard::0.0
TRACE::2026-03-06.23:09:40::SCWPlatform::Trying to set the existing hwdb with name CNC_Top_wrapper_5
TRACE::2026-03-06.23:09:40::SCWPlatform::Opened existing hwdb CNC_Top_wrapper_5
TRACE::2026-03-06.23:09:40::SCWPlatform::Found the Hw Db part of the input DSA
TRACE::2026-03-06.23:09:40::SCWMssOS::Checking the sw design at  E:/Git-Repos/CNC-FPGA/Vitis3/CNC-PL9/ps7_cortexa9_0/standalone_domain/bsp/system.mss
TRACE::2026-03-06.23:09:40::SCWMssOS::DEBUG:  swdes dump  E:/Git-Repos/CNC-FPGA/Vitis3/CNC-PL8/ps7_cortexa9_0/standalone_domain/bsp/system.mss|system_0||
E:/Git-Repos/CNC-FPGA/Vitis3/CNC-PL8/zynq_fsbl/zynq_fsbl_bsp/system.mss|system||
E:/Git-Repos/CNC-FPGA/Vitis3/CNC-PL9/zynq_fsbl/zynq_fsbl_bsp/system.mss|system_2||

TRACE::2026-03-06.23:09:40::SCWMssOS::No sw design opened at  E:/Git-Repos/CNC-FPGA/Vitis3/CNC-PL9/ps7_cortexa9_0/standalone_domain/bsp/system.mss
TRACE::2026-03-06.23:09:40::SCWMssOS::mss exists loading the mss file  E:/Git-Repos/CNC-FPGA/Vitis3/CNC-PL9/ps7_cortexa9_0/standalone_domain/bsp/system.mss
TRACE::2026-03-06.23:09:40::SCWMssOS::Opened the sw design from mss  E:/Git-Repos/CNC-FPGA/Vitis3/CNC-PL9/ps7_cortexa9_0/standalone_domain/bsp/system.mss
TRACE::2026-03-06.23:09:40::SCWMssOS::Adding the swdes entry E:/Git-Repos/CNC-FPGA/Vitis3/CNC-PL9/ps7_cortexa9_0/standalone_domain/bsp/system.mss with des name system_1
TRACE::2026-03-06.23:09:40::SCWMssOS::updating the scw layer about changes
TRACE::2026-03-06.23:09:40::SCWMssOS::Opened the sw design.  E:/Git-Repos/CNC-FPGA/Vitis3/CNC-PL9/ps7_cortexa9_0/standalone_domain/bsp/system.mss
TRACE::2026-03-06.23:09:40::SCWPlatform::Trying to open the hw design at E:/Git-Repos/CNC-FPGA/Vitis3/CNC-PL9/hw/CNC_Top_wrapper.xsa
TRACE::2026-03-06.23:09:40::SCWPlatform::DSA given E:/Git-Repos/CNC-FPGA/Vitis3/CNC-PL9/hw/CNC_Top_wrapper.xsa
TRACE::2026-03-06.23:09:40::SCWPlatform::DSA absoulate path E:/Git-Repos/CNC-FPGA/Vitis3/CNC-PL9/hw/CNC_Top_wrapper.xsa
TRACE::2026-03-06.23:09:40::SCWPlatform::DSA directory E:/Git-Repos/CNC-FPGA/Vitis3/CNC-PL9/hw
TRACE::2026-03-06.23:09:40::SCWPlatform:: Platform Path E:/Git-Repos/CNC-FPGA/Vitis3/CNC-PL9/hw/CNC_Top_wrapper.xsa
TRACE::2026-03-06.23:09:40::SCWPlatform:: Unique name xilinx:zedboard::0.0
TRACE::2026-03-06.23:09:40::SCWPlatform::Trying to set the existing hwdb with name CNC_Top_wrapper_5
TRACE::2026-03-06.23:09:40::SCWPlatform::Opened existing hwdb CNC_Top_wrapper_5
TRACE::2026-03-06.23:09:40::SCWPlatform::Found the Hw Db part of the input DSA
TRACE::2026-03-06.23:09:40::SCWMssOS::Checking the sw design at  E:/Git-Repos/CNC-FPGA/Vitis3/CNC-PL9/ps7_cortexa9_0/standalone_domain/bsp/system.mss
TRACE::2026-03-06.23:09:40::SCWMssOS::DEBUG:  swdes dump  E:/Git-Repos/CNC-FPGA/Vitis3/CNC-PL8/ps7_cortexa9_0/standalone_domain/bsp/system.mss|system_0||
E:/Git-Repos/CNC-FPGA/Vitis3/CNC-PL8/zynq_fsbl/zynq_fsbl_bsp/system.mss|system||
E:/Git-Repos/CNC-FPGA/Vitis3/CNC-PL9/ps7_cortexa9_0/standalone_domain/bsp/system.mss|system_1||
E:/Git-Repos/CNC-FPGA/Vitis3/CNC-PL9/zynq_fsbl/zynq_fsbl_bsp/system.mss|system_2||

TRACE::2026-03-06.23:09:40::SCWMssOS::Sw design exists and opened at  E:/Git-Repos/CNC-FPGA/Vitis3/CNC-PL9/ps7_cortexa9_0/standalone_domain/bsp/system.mss
TRACE::2026-03-06.23:09:40::SCWMssOS:: library already available in sw design:  xilffs:5.3
TRACE::2026-03-06.23:09:40::SCWPlatform::Trying to open the hw design at E:/Git-Repos/CNC-FPGA/Vitis3/CNC-PL9/hw/CNC_Top_wrapper.xsa
TRACE::2026-03-06.23:09:40::SCWPlatform::DSA given E:/Git-Repos/CNC-FPGA/Vitis3/CNC-PL9/hw/CNC_Top_wrapper.xsa
TRACE::2026-03-06.23:09:40::SCWPlatform::DSA absoulate path E:/Git-Repos/CNC-FPGA/Vitis3/CNC-PL9/hw/CNC_Top_wrapper.xsa
TRACE::2026-03-06.23:09:40::SCWPlatform::DSA directory E:/Git-Repos/CNC-FPGA/Vitis3/CNC-PL9/hw
TRACE::2026-03-06.23:09:40::SCWPlatform:: Platform Path E:/Git-Repos/CNC-FPGA/Vitis3/CNC-PL9/hw/CNC_Top_wrapper.xsa
TRACE::2026-03-06.23:09:40::SCWPlatform:: Unique name xilinx:zedboard::0.0
TRACE::2026-03-06.23:09:40::SCWPlatform::Trying to set the existing hwdb with name CNC_Top_wrapper_5
TRACE::2026-03-06.23:09:40::SCWPlatform::Opened existing hwdb CNC_Top_wrapper_5
TRACE::2026-03-06.23:09:40::SCWPlatform::Found the Hw Db part of the input DSA
TRACE::2026-03-06.23:09:40::SCWMssOS::Checking the sw design at  E:/Git-Repos/CNC-FPGA/Vitis3/CNC-PL9/ps7_cortexa9_0/standalone_domain/bsp/system.mss
TRACE::2026-03-06.23:09:40::SCWMssOS::DEBUG:  swdes dump  E:/Git-Repos/CNC-FPGA/Vitis3/CNC-PL8/ps7_cortexa9_0/standalone_domain/bsp/system.mss|system_0||
E:/Git-Repos/CNC-FPGA/Vitis3/CNC-PL8/zynq_fsbl/zynq_fsbl_bsp/system.mss|system||
E:/Git-Repos/CNC-FPGA/Vitis3/CNC-PL9/ps7_cortexa9_0/standalone_domain/bsp/system.mss|system_1||
E:/Git-Repos/CNC-FPGA/Vitis3/CNC-PL9/zynq_fsbl/zynq_fsbl_bsp/system.mss|system_2||

TRACE::2026-03-06.23:09:40::SCWMssOS::Sw design exists and opened at  E:/Git-Repos/CNC-FPGA/Vitis3/CNC-PL9/ps7_cortexa9_0/standalone_domain/bsp/system.mss
TRACE::2026-03-06.23:09:40::SCWMssOS:: library already available in sw design:  xiltimer:2.1
TRACE::2026-03-06.23:09:40::SCWMssOS::Saving the mss changes E:/Git-Repos/CNC-FPGA/Vitis3/CNC-PL9/ps7_cortexa9_0/standalone_domain/bsp/system.mss
TRACE::2026-03-06.23:09:40::SCWMssOS::Found a swdesign opened with the mssfile.
TRACE::2026-03-06.23:09:40::SCWMssOS::Completed writemss as part of save.
TRACE::2026-03-06.23:09:40::SCWMssOS::Commit changes completed.
TRACE::2026-03-06.23:09:40::SCWPlatform::Trying to open the hw design at E:/Git-Repos/CNC-FPGA/Vitis3/CNC-PL9/hw/CNC_Top_wrapper.xsa
TRACE::2026-03-06.23:09:40::SCWPlatform::DSA given E:/Git-Repos/CNC-FPGA/Vitis3/CNC-PL9/hw/CNC_Top_wrapper.xsa
TRACE::2026-03-06.23:09:40::SCWPlatform::DSA absoulate path E:/Git-Repos/CNC-FPGA/Vitis3/CNC-PL9/hw/CNC_Top_wrapper.xsa
TRACE::2026-03-06.23:09:40::SCWPlatform::DSA directory E:/Git-Repos/CNC-FPGA/Vitis3/CNC-PL9/hw
TRACE::2026-03-06.23:09:40::SCWPlatform:: Platform Path E:/Git-Repos/CNC-FPGA/Vitis3/CNC-PL9/hw/CNC_Top_wrapper.xsa
TRACE::2026-03-06.23:09:40::SCWPlatform:: Unique name xilinx:zedboard::0.0
TRACE::2026-03-06.23:09:40::SCWPlatform::Trying to set the existing hwdb with name CNC_Top_wrapper_5
TRACE::2026-03-06.23:09:40::SCWPlatform::Opened existing hwdb CNC_Top_wrapper_5
TRACE::2026-03-06.23:09:40::SCWPlatform::Found the Hw Db part of the input DSA
TRACE::2026-03-06.23:09:40::SCWMssOS::Checking the sw design at  E:/Git-Repos/CNC-FPGA/Vitis3/CNC-PL9/ps7_cortexa9_0/standalone_domain/bsp/system.mss
TRACE::2026-03-06.23:09:40::SCWMssOS::DEBUG:  swdes dump  E:/Git-Repos/CNC-FPGA/Vitis3/CNC-PL8/ps7_cortexa9_0/standalone_domain/bsp/system.mss|system_0||
E:/Git-Repos/CNC-FPGA/Vitis3/CNC-PL8/zynq_fsbl/zynq_fsbl_bsp/system.mss|system||
E:/Git-Repos/CNC-FPGA/Vitis3/CNC-PL9/ps7_cortexa9_0/standalone_domain/bsp/system.mss|system_1||
E:/Git-Repos/CNC-FPGA/Vitis3/CNC-PL9/zynq_fsbl/zynq_fsbl_bsp/system.mss|system_2||

TRACE::2026-03-06.23:09:40::SCWMssOS::Sw design exists and opened at  E:/Git-Repos/CNC-FPGA/Vitis3/CNC-PL9/ps7_cortexa9_0/standalone_domain/bsp/system.mss
TRACE::2026-03-06.23:09:40::SCWMssOS::Removing the swdes entry for  E:/Git-Repos/CNC-FPGA/Vitis3/CNC-PL9/ps7_cortexa9_0/standalone_domain/bsp/system.mss
TRACE::2026-03-06.23:09:40::SCWPlatform::Trying to open the hw design at E:/Git-Repos/CNC-FPGA/Vitis3/CNC-PL9/hw/CNC_Top_wrapper.xsa
TRACE::2026-03-06.23:09:40::SCWPlatform::DSA given E:/Git-Repos/CNC-FPGA/Vitis3/CNC-PL9/hw/CNC_Top_wrapper.xsa
TRACE::2026-03-06.23:09:40::SCWPlatform::DSA absoulate path E:/Git-Repos/CNC-FPGA/Vitis3/CNC-PL9/hw/CNC_Top_wrapper.xsa
TRACE::2026-03-06.23:09:40::SCWPlatform::DSA directory E:/Git-Repos/CNC-FPGA/Vitis3/CNC-PL9/hw
TRACE::2026-03-06.23:09:40::SCWPlatform:: Platform Path E:/Git-Repos/CNC-FPGA/Vitis3/CNC-PL9/hw/CNC_Top_wrapper.xsa
TRACE::2026-03-06.23:09:40::SCWPlatform:: Unique name xilinx:zedboard::0.0
TRACE::2026-03-06.23:09:40::SCWPlatform::Trying to set the existing hwdb with name CNC_Top_wrapper_5
TRACE::2026-03-06.23:09:40::SCWPlatform::Opened existing hwdb CNC_Top_wrapper_5
TRACE::2026-03-06.23:09:40::SCWPlatform::Found the Hw Db part of the input DSA
TRACE::2026-03-06.23:09:40::SCWMssOS::Checking the sw design at  E:/Git-Repos/CNC-FPGA/Vitis3/CNC-PL9/ps7_cortexa9_0/standalone_domain/bsp/system.mss
TRACE::2026-03-06.23:09:40::SCWMssOS::DEBUG:  swdes dump  E:/Git-Repos/CNC-FPGA/Vitis3/CNC-PL8/ps7_cortexa9_0/standalone_domain/bsp/system.mss|system_0||
E:/Git-Repos/CNC-FPGA/Vitis3/CNC-PL8/zynq_fsbl/zynq_fsbl_bsp/system.mss|system||
E:/Git-Repos/CNC-FPGA/Vitis3/CNC-PL9/zynq_fsbl/zynq_fsbl_bsp/system.mss|system_2||

TRACE::2026-03-06.23:09:40::SCWMssOS::No sw design opened at  E:/Git-Repos/CNC-FPGA/Vitis3/CNC-PL9/ps7_cortexa9_0/standalone_domain/bsp/system.mss
TRACE::2026-03-06.23:09:40::SCWMssOS::mss exists loading the mss file  E:/Git-Repos/CNC-FPGA/Vitis3/CNC-PL9/ps7_cortexa9_0/standalone_domain/bsp/system.mss
TRACE::2026-03-06.23:09:40::SCWMssOS::Opened the sw design from mss  E:/Git-Repos/CNC-FPGA/Vitis3/CNC-PL9/ps7_cortexa9_0/standalone_domain/bsp/system.mss
TRACE::2026-03-06.23:09:40::SCWMssOS::Adding the swdes entry E:/Git-Repos/CNC-FPGA/Vitis3/CNC-PL9/ps7_cortexa9_0/standalone_domain/bsp/system.mss with des name system_1
TRACE::2026-03-06.23:09:40::SCWMssOS::updating the scw layer about changes
TRACE::2026-03-06.23:09:40::SCWMssOS::Opened the sw design.  E:/Git-Repos/CNC-FPGA/Vitis3/CNC-PL9/ps7_cortexa9_0/standalone_domain/bsp/system.mss
TRACE::2026-03-06.23:09:40::SCWMssOS::Completed writing the mss file at E:/Git-Repos/CNC-FPGA/Vitis3/CNC-PL9/ps7_cortexa9_0/standalone_domain/bsp
TRACE::2026-03-06.23:09:40::SCWMssOS::Forcing BSP Sources regeneration.
KEYINFO::2026-03-06.23:09:42::SCWMssOS::Removing file E:/Git-Repos/CNC-FPGA/Vitis3/CNC-PL9/ps7_cortexa9_0/standalone_domain/bsp\system_1.mss
TRACE::2026-03-06.23:09:46::SCWPlatform::Trying to open the hw design at E:/Git-Repos/CNC-FPGA/Vitis3/CNC-PL9/hw/CNC_Top_wrapper.xsa
TRACE::2026-03-06.23:09:46::SCWPlatform::DSA given E:/Git-Repos/CNC-FPGA/Vitis3/CNC-PL9/hw/CNC_Top_wrapper.xsa
TRACE::2026-03-06.23:09:46::SCWPlatform::DSA absoulate path E:/Git-Repos/CNC-FPGA/Vitis3/CNC-PL9/hw/CNC_Top_wrapper.xsa
TRACE::2026-03-06.23:09:46::SCWPlatform::DSA directory E:/Git-Repos/CNC-FPGA/Vitis3/CNC-PL9/hw
TRACE::2026-03-06.23:09:46::SCWPlatform:: Platform Path E:/Git-Repos/CNC-FPGA/Vitis3/CNC-PL9/hw/CNC_Top_wrapper.xsa
TRACE::2026-03-06.23:09:46::SCWPlatform:: Unique name xilinx:zedboard::0.0
TRACE::2026-03-06.23:09:46::SCWPlatform::Trying to set the existing hwdb with name CNC_Top_wrapper_5
TRACE::2026-03-06.23:09:46::SCWPlatform::Opened existing hwdb CNC_Top_wrapper_5
TRACE::2026-03-06.23:09:46::SCWPlatform::Found the Hw Db part of the input DSA
TRACE::2026-03-06.23:09:46::SCWMssOS::Checking the sw design at  E:/Git-Repos/CNC-FPGA/Vitis3/CNC-PL9/zynq_fsbl/zynq_fsbl_bsp/system.mss
TRACE::2026-03-06.23:09:46::SCWMssOS::DEBUG:  swdes dump  E:/Git-Repos/CNC-FPGA/Vitis3/CNC-PL8/ps7_cortexa9_0/standalone_domain/bsp/system.mss|system_0||
E:/Git-Repos/CNC-FPGA/Vitis3/CNC-PL8/zynq_fsbl/zynq_fsbl_bsp/system.mss|system||
E:/Git-Repos/CNC-FPGA/Vitis3/CNC-PL9/zynq_fsbl/zynq_fsbl_bsp/system.mss|system_2||

TRACE::2026-03-06.23:09:46::SCWMssOS::Sw design exists and opened at  E:/Git-Repos/CNC-FPGA/Vitis3/CNC-PL9/zynq_fsbl/zynq_fsbl_bsp/system.mss
TRACE::2026-03-06.23:09:53::SCWMssOS::In reload Mss file.
TRACE::2026-03-06.23:09:53::SCWPlatform::Trying to open the hw design at E:/Git-Repos/CNC-FPGA/Vitis3/CNC-PL9/hw/CNC_Top_wrapper.xsa
TRACE::2026-03-06.23:09:53::SCWPlatform::DSA given E:/Git-Repos/CNC-FPGA/Vitis3/CNC-PL9/hw/CNC_Top_wrapper.xsa
TRACE::2026-03-06.23:09:53::SCWPlatform::DSA absoulate path E:/Git-Repos/CNC-FPGA/Vitis3/CNC-PL9/hw/CNC_Top_wrapper.xsa
TRACE::2026-03-06.23:09:53::SCWPlatform::DSA directory E:/Git-Repos/CNC-FPGA/Vitis3/CNC-PL9/hw
TRACE::2026-03-06.23:09:53::SCWPlatform:: Platform Path E:/Git-Repos/CNC-FPGA/Vitis3/CNC-PL9/hw/CNC_Top_wrapper.xsa
TRACE::2026-03-06.23:09:53::SCWPlatform:: Unique name xilinx:zedboard::0.0
TRACE::2026-03-06.23:09:53::SCWPlatform::Trying to set the existing hwdb with name CNC_Top_wrapper_5
TRACE::2026-03-06.23:09:53::SCWPlatform::Opened existing hwdb CNC_Top_wrapper_5
TRACE::2026-03-06.23:09:53::SCWPlatform::Found the Hw Db part of the input DSA
TRACE::2026-03-06.23:09:53::SCWMssOS::Checking the sw design at  E:/Git-Repos/CNC-FPGA/Vitis3/CNC-PL9/zynq_fsbl/zynq_fsbl_bsp/system.mss
TRACE::2026-03-06.23:09:53::SCWMssOS::DEBUG:  swdes dump  E:/Git-Repos/CNC-FPGA/Vitis3/CNC-PL8/ps7_cortexa9_0/standalone_domain/bsp/system.mss|system_0||
E:/Git-Repos/CNC-FPGA/Vitis3/CNC-PL8/zynq_fsbl/zynq_fsbl_bsp/system.mss|system||

TRACE::2026-03-06.23:09:53::SCWMssOS::No sw design opened at  E:/Git-Repos/CNC-FPGA/Vitis3/CNC-PL9/zynq_fsbl/zynq_fsbl_bsp/system.mss
TRACE::2026-03-06.23:09:53::SCWMssOS::mss exists loading the mss file  E:/Git-Repos/CNC-FPGA/Vitis3/CNC-PL9/zynq_fsbl/zynq_fsbl_bsp/system.mss
TRACE::2026-03-06.23:09:53::SCWMssOS::Opened the sw design from mss  E:/Git-Repos/CNC-FPGA/Vitis3/CNC-PL9/zynq_fsbl/zynq_fsbl_bsp/system.mss
TRACE::2026-03-06.23:09:53::SCWMssOS::Adding the swdes entry E:/Git-Repos/CNC-FPGA/Vitis3/CNC-PL9/zynq_fsbl/zynq_fsbl_bsp/system.mss with des name system_1
TRACE::2026-03-06.23:09:53::SCWMssOS::updating the scw layer about changes
TRACE::2026-03-06.23:09:53::SCWMssOS::Opened the sw design.  E:/Git-Repos/CNC-FPGA/Vitis3/CNC-PL9/zynq_fsbl/zynq_fsbl_bsp/system.mss
TRACE::2026-03-06.23:09:53::SCWPlatform::Trying to open the hw design at E:/Git-Repos/CNC-FPGA/Vitis3/CNC-PL9/hw/CNC_Top_wrapper.xsa
TRACE::2026-03-06.23:09:53::SCWPlatform::DSA given E:/Git-Repos/CNC-FPGA/Vitis3/CNC-PL9/hw/CNC_Top_wrapper.xsa
TRACE::2026-03-06.23:09:53::SCWPlatform::DSA absoulate path E:/Git-Repos/CNC-FPGA/Vitis3/CNC-PL9/hw/CNC_Top_wrapper.xsa
TRACE::2026-03-06.23:09:53::SCWPlatform::DSA directory E:/Git-Repos/CNC-FPGA/Vitis3/CNC-PL9/hw
TRACE::2026-03-06.23:09:53::SCWPlatform:: Platform Path E:/Git-Repos/CNC-FPGA/Vitis3/CNC-PL9/hw/CNC_Top_wrapper.xsa
TRACE::2026-03-06.23:09:53::SCWPlatform:: Unique name xilinx:zedboard::0.0
TRACE::2026-03-06.23:09:53::SCWPlatform::Trying to set the existing hwdb with name CNC_Top_wrapper_5
TRACE::2026-03-06.23:09:53::SCWPlatform::Opened existing hwdb CNC_Top_wrapper_5
TRACE::2026-03-06.23:09:53::SCWPlatform::Found the Hw Db part of the input DSA
TRACE::2026-03-06.23:09:53::SCWMssOS::Checking the sw design at  E:/Git-Repos/CNC-FPGA/Vitis3/CNC-PL9/zynq_fsbl/zynq_fsbl_bsp/system.mss
TRACE::2026-03-06.23:09:53::SCWMssOS::DEBUG:  swdes dump  E:/Git-Repos/CNC-FPGA/Vitis3/CNC-PL8/ps7_cortexa9_0/standalone_domain/bsp/system.mss|system_0||
E:/Git-Repos/CNC-FPGA/Vitis3/CNC-PL8/zynq_fsbl/zynq_fsbl_bsp/system.mss|system||
E:/Git-Repos/CNC-FPGA/Vitis3/CNC-PL9/zynq_fsbl/zynq_fsbl_bsp/system.mss|system_1||

TRACE::2026-03-06.23:09:53::SCWMssOS::Sw design exists and opened at  E:/Git-Repos/CNC-FPGA/Vitis3/CNC-PL9/zynq_fsbl/zynq_fsbl_bsp/system.mss
TRACE::2026-03-06.23:09:53::SCWMssOS:: library already available in sw design:  xilffs:5.3
TRACE::2026-03-06.23:09:53::SCWPlatform::Trying to open the hw design at E:/Git-Repos/CNC-FPGA/Vitis3/CNC-PL9/hw/CNC_Top_wrapper.xsa
TRACE::2026-03-06.23:09:53::SCWPlatform::DSA given E:/Git-Repos/CNC-FPGA/Vitis3/CNC-PL9/hw/CNC_Top_wrapper.xsa
TRACE::2026-03-06.23:09:53::SCWPlatform::DSA absoulate path E:/Git-Repos/CNC-FPGA/Vitis3/CNC-PL9/hw/CNC_Top_wrapper.xsa
TRACE::2026-03-06.23:09:53::SCWPlatform::DSA directory E:/Git-Repos/CNC-FPGA/Vitis3/CNC-PL9/hw
TRACE::2026-03-06.23:09:53::SCWPlatform:: Platform Path E:/Git-Repos/CNC-FPGA/Vitis3/CNC-PL9/hw/CNC_Top_wrapper.xsa
TRACE::2026-03-06.23:09:53::SCWPlatform:: Unique name xilinx:zedboard::0.0
TRACE::2026-03-06.23:09:53::SCWPlatform::Trying to set the existing hwdb with name CNC_Top_wrapper_5
TRACE::2026-03-06.23:09:53::SCWPlatform::Opened existing hwdb CNC_Top_wrapper_5
TRACE::2026-03-06.23:09:53::SCWPlatform::Found the Hw Db part of the input DSA
TRACE::2026-03-06.23:09:53::SCWMssOS::Checking the sw design at  E:/Git-Repos/CNC-FPGA/Vitis3/CNC-PL9/zynq_fsbl/zynq_fsbl_bsp/system.mss
TRACE::2026-03-06.23:09:53::SCWMssOS::DEBUG:  swdes dump  E:/Git-Repos/CNC-FPGA/Vitis3/CNC-PL8/ps7_cortexa9_0/standalone_domain/bsp/system.mss|system_0||
E:/Git-Repos/CNC-FPGA/Vitis3/CNC-PL8/zynq_fsbl/zynq_fsbl_bsp/system.mss|system||
E:/Git-Repos/CNC-FPGA/Vitis3/CNC-PL9/zynq_fsbl/zynq_fsbl_bsp/system.mss|system_1||

TRACE::2026-03-06.23:09:53::SCWMssOS::Sw design exists and opened at  E:/Git-Repos/CNC-FPGA/Vitis3/CNC-PL9/zynq_fsbl/zynq_fsbl_bsp/system.mss
TRACE::2026-03-06.23:09:53::SCWMssOS:: library already available in sw design:  xilrsa:1.8
TRACE::2026-03-06.23:09:53::SCWMssOS::Saving the mss changes E:/Git-Repos/CNC-FPGA/Vitis3/CNC-PL9/zynq_fsbl/zynq_fsbl_bsp/system.mss
TRACE::2026-03-06.23:09:53::SCWMssOS::Found a swdesign opened with the mssfile.
TRACE::2026-03-06.23:09:53::SCWMssOS::Completed writemss as part of save.
TRACE::2026-03-06.23:09:53::SCWMssOS::Commit changes completed.
TRACE::2026-03-06.23:09:53::SCWPlatform::Trying to open the hw design at E:/Git-Repos/CNC-FPGA/Vitis3/CNC-PL9/hw/CNC_Top_wrapper.xsa
TRACE::2026-03-06.23:09:53::SCWPlatform::DSA given E:/Git-Repos/CNC-FPGA/Vitis3/CNC-PL9/hw/CNC_Top_wrapper.xsa
TRACE::2026-03-06.23:09:53::SCWPlatform::DSA absoulate path E:/Git-Repos/CNC-FPGA/Vitis3/CNC-PL9/hw/CNC_Top_wrapper.xsa
TRACE::2026-03-06.23:09:53::SCWPlatform::DSA directory E:/Git-Repos/CNC-FPGA/Vitis3/CNC-PL9/hw
TRACE::2026-03-06.23:09:53::SCWPlatform:: Platform Path E:/Git-Repos/CNC-FPGA/Vitis3/CNC-PL9/hw/CNC_Top_wrapper.xsa
TRACE::2026-03-06.23:09:53::SCWPlatform:: Unique name xilinx:zedboard::0.0
TRACE::2026-03-06.23:09:53::SCWPlatform::Trying to set the existing hwdb with name CNC_Top_wrapper_5
TRACE::2026-03-06.23:09:53::SCWPlatform::Opened existing hwdb CNC_Top_wrapper_5
TRACE::2026-03-06.23:09:53::SCWPlatform::Found the Hw Db part of the input DSA
TRACE::2026-03-06.23:09:53::SCWMssOS::Checking the sw design at  E:/Git-Repos/CNC-FPGA/Vitis3/CNC-PL9/zynq_fsbl/zynq_fsbl_bsp/system.mss
TRACE::2026-03-06.23:09:53::SCWMssOS::DEBUG:  swdes dump  E:/Git-Repos/CNC-FPGA/Vitis3/CNC-PL8/ps7_cortexa9_0/standalone_domain/bsp/system.mss|system_0||
E:/Git-Repos/CNC-FPGA/Vitis3/CNC-PL8/zynq_fsbl/zynq_fsbl_bsp/system.mss|system||
E:/Git-Repos/CNC-FPGA/Vitis3/CNC-PL9/zynq_fsbl/zynq_fsbl_bsp/system.mss|system_1||

TRACE::2026-03-06.23:09:53::SCWMssOS::Sw design exists and opened at  E:/Git-Repos/CNC-FPGA/Vitis3/CNC-PL9/zynq_fsbl/zynq_fsbl_bsp/system.mss
TRACE::2026-03-06.23:09:53::SCWMssOS::Removing the swdes entry for  E:/Git-Repos/CNC-FPGA/Vitis3/CNC-PL9/zynq_fsbl/zynq_fsbl_bsp/system.mss
LOG::2026-03-06.23:10:21::SCWPlatform::Started generating the artifacts platform CNC-PL9
TRACE::2026-03-06.23:10:21::SCWPlatform::Sanity checking of platform is completed
LOG::2026-03-06.23:10:22::SCWPlatform::Started generating the artifacts for system configuration CNC-PL9
LOG::2026-03-06.23:10:22::SCWSystem::Checking the domain zynq_fsbl
LOG::2026-03-06.23:10:22::SCWSystem::Doing application build for :  zynq_fsbl
TRACE::2026-03-06.23:10:22::SCWBDomain::Not a forced makefile updation, No changes are present. 
TRACE::2026-03-06.23:10:22::SCWDomain::Building the domain as part of full build :  zynq_fsbl
TRACE::2026-03-06.23:10:22::SCWPlatform::Trying to open the hw design at E:/Git-Repos/CNC-FPGA/Vitis3/CNC-PL9/hw/CNC_Top_wrapper.xsa
TRACE::2026-03-06.23:10:22::SCWPlatform::DSA given E:/Git-Repos/CNC-FPGA/Vitis3/CNC-PL9/hw/CNC_Top_wrapper.xsa
TRACE::2026-03-06.23:10:22::SCWPlatform::DSA absoulate path E:/Git-Repos/CNC-FPGA/Vitis3/CNC-PL9/hw/CNC_Top_wrapper.xsa
TRACE::2026-03-06.23:10:22::SCWPlatform::DSA directory E:/Git-Repos/CNC-FPGA/Vitis3/CNC-PL9/hw
TRACE::2026-03-06.23:10:22::SCWPlatform:: Platform Path E:/Git-Repos/CNC-FPGA/Vitis3/CNC-PL9/hw/CNC_Top_wrapper.xsa
TRACE::2026-03-06.23:10:22::SCWPlatform:: Unique name xilinx:zedboard::0.0
TRACE::2026-03-06.23:10:22::SCWPlatform::Trying to set the existing hwdb with name CNC_Top_wrapper_5
TRACE::2026-03-06.23:10:22::SCWPlatform::Opened existing hwdb CNC_Top_wrapper_5
TRACE::2026-03-06.23:10:22::SCWPlatform::Found the Hw Db part of the input DSA
TRACE::2026-03-06.23:10:22::SCWMssOS::Checking the sw design at  E:/Git-Repos/CNC-FPGA/Vitis3/CNC-PL9/zynq_fsbl/zynq_fsbl_bsp/system.mss
TRACE::2026-03-06.23:10:22::SCWMssOS::DEBUG:  swdes dump  E:/Git-Repos/CNC-FPGA/Vitis3/CNC-PL8/ps7_cortexa9_0/standalone_domain/bsp/system.mss|system_0||
E:/Git-Repos/CNC-FPGA/Vitis3/CNC-PL8/zynq_fsbl/zynq_fsbl_bsp/system.mss|system||

TRACE::2026-03-06.23:10:22::SCWMssOS::No sw design opened at  E:/Git-Repos/CNC-FPGA/Vitis3/CNC-PL9/zynq_fsbl/zynq_fsbl_bsp/system.mss
TRACE::2026-03-06.23:10:22::SCWMssOS::mss exists loading the mss file  E:/Git-Repos/CNC-FPGA/Vitis3/CNC-PL9/zynq_fsbl/zynq_fsbl_bsp/system.mss
TRACE::2026-03-06.23:10:22::SCWMssOS::Opened the sw design from mss  E:/Git-Repos/CNC-FPGA/Vitis3/CNC-PL9/zynq_fsbl/zynq_fsbl_bsp/system.mss
TRACE::2026-03-06.23:10:22::SCWMssOS::Adding the swdes entry E:/Git-Repos/CNC-FPGA/Vitis3/CNC-PL9/zynq_fsbl/zynq_fsbl_bsp/system.mss with des name system_1
TRACE::2026-03-06.23:10:22::SCWMssOS::updating the scw layer about changes
TRACE::2026-03-06.23:10:22::SCWMssOS::Opened the sw design.  E:/Git-Repos/CNC-FPGA/Vitis3/CNC-PL9/zynq_fsbl/zynq_fsbl_bsp/system.mss
TRACE::2026-03-06.23:10:22::SCWBDomain::Completed writing the mss file at E:/Git-Repos/CNC-FPGA/Vitis3/CNC-PL9/zynq_fsbl/zynq_fsbl_bsp
TRACE::2026-03-06.23:10:22::SCWBDomain::bsp generated is upto date with the mss file. Skipping bsp generation.
TRACE::2026-03-06.23:10:22::SCWBDomain::Not a forced makefile updation, No changes are present. 
TRACE::2026-03-06.23:10:22::SCWBDomain::System Command Ran  E:&  cd  E:/Git-Repos/CNC-FPGA/Vitis3/CNC-PL9/zynq_fsbl& make -C  zynq_fsbl_bsp & make 
TRACE::2026-03-06.23:10:22::SCWBDomain::make: Entering directory 'E:/Git-Repos/CNC-FPGA/Vitis3/CNC-PL9/zynq_fsbl/zynq_fsbl_bsp'

TRACE::2026-03-06.23:10:22::SCWBDomain::make --no-print-directory seq_libs

TRACE::2026-03-06.23:10:22::SCWBDomain::"Running Make include in ps7_cortexa9_0/libsrc/coresightps_dcc_v1_11/src"

TRACE::2026-03-06.23:10:22::SCWBDomain::make -C ps7_cortexa9_0/libsrc/coresightps_dcc_v1_11/src -s include  "SHELL=CMD" "COMPILER=arm-none-eabi-gcc" "ASSEMBLER=arm-non
TRACE::2026-03-06.23:10:22::SCWBDomain::e-eabi-as" "ARCHIVER=arm-none-eabi-ar" "COMPILER_FLAGS=  -O2 -c" "EXTRA_COMPILER_FLAGS=-mcpu=cortex-a9 -mfpu=vfpv3 -mfloat-abi=
TRACE::2026-03-06.23:10:22::SCWBDomain::hard -nostartfiles -g -Wall -Wextra -fno-tree-loop-distribute-patterns"

TRACE::2026-03-06.23:10:22::SCWBDomain::"Running Make include in ps7_cortexa9_0/libsrc/cpu_cortexa9_v2_12/src"

TRACE::2026-03-06.23:10:22::SCWBDomain::make -C ps7_cortexa9_0/libsrc/cpu_cortexa9_v2_12/src -s include  "SHELL=CMD" "COMPILER=arm-none-eabi-gcc" "ASSEMBLER=arm-none-e
TRACE::2026-03-06.23:10:22::SCWBDomain::abi-as" "ARCHIVER=arm-none-eabi-ar" "COMPILER_FLAGS=  -O2 -c" "EXTRA_COMPILER_FLAGS=-mcpu=cortex-a9 -mfpu=vfpv3 -mfloat-abi=har
TRACE::2026-03-06.23:10:22::SCWBDomain::d -nostartfiles -g -Wall -Wextra -fno-tree-loop-distribute-patterns"

TRACE::2026-03-06.23:10:22::SCWBDomain::"Running Make include in ps7_cortexa9_0/libsrc/ddrps_v1_2/src"

TRACE::2026-03-06.23:10:22::SCWBDomain::make -C ps7_cortexa9_0/libsrc/ddrps_v1_2/src -s include  "SHELL=CMD" "COMPILER=arm-none-eabi-gcc" "ASSEMBLER=arm-none-eabi-as" 
TRACE::2026-03-06.23:10:22::SCWBDomain::"ARCHIVER=arm-none-eabi-ar" "COMPILER_FLAGS=  -O2 -c" "EXTRA_COMPILER_FLAGS=-mcpu=cortex-a9 -mfpu=vfpv3 -mfloat-abi=hard -nosta
TRACE::2026-03-06.23:10:22::SCWBDomain::rtfiles -g -Wall -Wextra -fno-tree-loop-distribute-patterns"

TRACE::2026-03-06.23:10:22::SCWBDomain::"Running Make include in ps7_cortexa9_0/libsrc/devcfg_v3_8/src"

TRACE::2026-03-06.23:10:22::SCWBDomain::make -C ps7_cortexa9_0/libsrc/devcfg_v3_8/src -s include  "SHELL=CMD" "COMPILER=arm-none-eabi-gcc" "ASSEMBLER=arm-none-eabi-as"
TRACE::2026-03-06.23:10:22::SCWBDomain:: "ARCHIVER=arm-none-eabi-ar" "COMPILER_FLAGS=  -O2 -c" "EXTRA_COMPILER_FLAGS=-mcpu=cortex-a9 -mfpu=vfpv3 -mfloat-abi=hard -nost
TRACE::2026-03-06.23:10:22::SCWBDomain::artfiles -g -Wall -Wextra -fno-tree-loop-distribute-patterns"

TRACE::2026-03-06.23:10:22::SCWBDomain::"Running Make include in ps7_cortexa9_0/libsrc/dmaps_v2_11/src"

TRACE::2026-03-06.23:10:22::SCWBDomain::make -C ps7_cortexa9_0/libsrc/dmaps_v2_11/src -s include  "SHELL=CMD" "COMPILER=arm-none-eabi-gcc" "ASSEMBLER=arm-none-eabi-as"
TRACE::2026-03-06.23:10:22::SCWBDomain:: "ARCHIVER=arm-none-eabi-ar" "COMPILER_FLAGS=  -O2 -c" "EXTRA_COMPILER_FLAGS=-mcpu=cortex-a9 -mfpu=vfpv3 -mfloat-abi=hard -nost
TRACE::2026-03-06.23:10:22::SCWBDomain::artfiles -g -Wall -Wextra -fno-tree-loop-distribute-patterns"

TRACE::2026-03-06.23:10:22::SCWBDomain::"Running Make include in ps7_cortexa9_0/libsrc/emacps_v3_21/src"

TRACE::2026-03-06.23:10:22::SCWBDomain::make -C ps7_cortexa9_0/libsrc/emacps_v3_21/src -s include  "SHELL=CMD" "COMPILER=arm-none-eabi-gcc" "ASSEMBLER=arm-none-eabi-as
TRACE::2026-03-06.23:10:22::SCWBDomain::" "ARCHIVER=arm-none-eabi-ar" "COMPILER_FLAGS=  -O2 -c" "EXTRA_COMPILER_FLAGS=-mcpu=cortex-a9 -mfpu=vfpv3 -mfloat-abi=hard -nos
TRACE::2026-03-06.23:10:22::SCWBDomain::tartfiles -g -Wall -Wextra -fno-tree-loop-distribute-patterns"

TRACE::2026-03-06.23:10:22::SCWBDomain::"Running Make include in ps7_cortexa9_0/libsrc/gpiops_v3_13/src"

TRACE::2026-03-06.23:10:22::SCWBDomain::make -C ps7_cortexa9_0/libsrc/gpiops_v3_13/src -s include  "SHELL=CMD" "COMPILER=arm-none-eabi-gcc" "ASSEMBLER=arm-none-eabi-as
TRACE::2026-03-06.23:10:22::SCWBDomain::" "ARCHIVER=arm-none-eabi-ar" "COMPILER_FLAGS=  -O2 -c" "EXTRA_COMPILER_FLAGS=-mcpu=cortex-a9 -mfpu=vfpv3 -mfloat-abi=hard -nos
TRACE::2026-03-06.23:10:22::SCWBDomain::tartfiles -g -Wall -Wextra -fno-tree-loop-distribute-patterns"

TRACE::2026-03-06.23:10:22::SCWBDomain::"Running Make include in ps7_cortexa9_0/libsrc/gpio_v4_12/src"

TRACE::2026-03-06.23:10:22::SCWBDomain::make -C ps7_cortexa9_0/libsrc/gpio_v4_12/src -s include  "SHELL=CMD" "COMPILER=arm-none-eabi-gcc" "ASSEMBLER=arm-none-eabi-as" 
TRACE::2026-03-06.23:10:22::SCWBDomain::"ARCHIVER=arm-none-eabi-ar" "COMPILER_FLAGS=  -O2 -c" "EXTRA_COMPILER_FLAGS=-mcpu=cortex-a9 -mfpu=vfpv3 -mfloat-abi=hard -nosta
TRACE::2026-03-06.23:10:22::SCWBDomain::rtfiles -g -Wall -Wextra -fno-tree-loop-distribute-patterns"

TRACE::2026-03-06.23:10:23::SCWBDomain::"Running Make include in ps7_cortexa9_0/libsrc/qspips_v3_13/src"

TRACE::2026-03-06.23:10:23::SCWBDomain::make -C ps7_cortexa9_0/libsrc/qspips_v3_13/src -s include  "SHELL=CMD" "COMPILER=arm-none-eabi-gcc" "ASSEMBLER=arm-none-eabi-as
TRACE::2026-03-06.23:10:23::SCWBDomain::" "ARCHIVER=arm-none-eabi-ar" "COMPILER_FLAGS=  -O2 -c" "EXTRA_COMPILER_FLAGS=-mcpu=cortex-a9 -mfpu=vfpv3 -mfloat-abi=hard -nos
TRACE::2026-03-06.23:10:23::SCWBDomain::tartfiles -g -Wall -Wextra -fno-tree-loop-distribute-patterns"

TRACE::2026-03-06.23:10:23::SCWBDomain::"Running Make include in ps7_cortexa9_0/libsrc/scugic_v5_4/src"

TRACE::2026-03-06.23:10:23::SCWBDomain::make -C ps7_cortexa9_0/libsrc/scugic_v5_4/src -s include  "SHELL=CMD" "COMPILER=arm-none-eabi-gcc" "ASSEMBLER=arm-none-eabi-as"
TRACE::2026-03-06.23:10:23::SCWBDomain:: "ARCHIVER=arm-none-eabi-ar" "COMPILER_FLAGS=  -O2 -c" "EXTRA_COMPILER_FLAGS=-mcpu=cortex-a9 -mfpu=vfpv3 -mfloat-abi=hard -nost
TRACE::2026-03-06.23:10:23::SCWBDomain::artfiles -g -Wall -Wextra -fno-tree-loop-distribute-patterns"

TRACE::2026-03-06.23:10:23::SCWBDomain::"Running Make include in ps7_cortexa9_0/libsrc/scutimer_v2_6/src"

TRACE::2026-03-06.23:10:23::SCWBDomain::make -C ps7_cortexa9_0/libsrc/scutimer_v2_6/src -s include  "SHELL=CMD" "COMPILER=arm-none-eabi-gcc" "ASSEMBLER=arm-none-eabi-a
TRACE::2026-03-06.23:10:23::SCWBDomain::s" "ARCHIVER=arm-none-eabi-ar" "COMPILER_FLAGS=  -O2 -c" "EXTRA_COMPILER_FLAGS=-mcpu=cortex-a9 -mfpu=vfpv3 -mfloat-abi=hard -no
TRACE::2026-03-06.23:10:23::SCWBDomain::startfiles -g -Wall -Wextra -fno-tree-loop-distribute-patterns"

TRACE::2026-03-06.23:10:23::SCWBDomain::"Running Make include in ps7_cortexa9_0/libsrc/scuwdt_v2_6/src"

TRACE::2026-03-06.23:10:23::SCWBDomain::make -C ps7_cortexa9_0/libsrc/scuwdt_v2_6/src -s include  "SHELL=CMD" "COMPILER=arm-none-eabi-gcc" "ASSEMBLER=arm-none-eabi-as"
TRACE::2026-03-06.23:10:23::SCWBDomain:: "ARCHIVER=arm-none-eabi-ar" "COMPILER_FLAGS=  -O2 -c" "EXTRA_COMPILER_FLAGS=-mcpu=cortex-a9 -mfpu=vfpv3 -mfloat-abi=hard -nost
TRACE::2026-03-06.23:10:23::SCWBDomain::artfiles -g -Wall -Wextra -fno-tree-loop-distribute-patterns"

TRACE::2026-03-06.23:10:23::SCWBDomain::"Running Make include in ps7_cortexa9_0/libsrc/sdps_v4_4/src"

TRACE::2026-03-06.23:10:23::SCWBDomain::make -C ps7_cortexa9_0/libsrc/sdps_v4_4/src -s include  "SHELL=CMD" "COMPILER=arm-none-eabi-gcc" "ASSEMBLER=arm-none-eabi-as" "
TRACE::2026-03-06.23:10:23::SCWBDomain::ARCHIVER=arm-none-eabi-ar" "COMPILER_FLAGS=  -O2 -c" "EXTRA_COMPILER_FLAGS=-mcpu=cortex-a9 -mfpu=vfpv3 -mfloat-abi=hard -nostar
TRACE::2026-03-06.23:10:23::SCWBDomain::tfiles -g -Wall -Wextra -fno-tree-loop-distribute-patterns"

TRACE::2026-03-06.23:10:23::SCWBDomain::"Running Make include in ps7_cortexa9_0/libsrc/standalone_v9_2/src"

TRACE::2026-03-06.23:10:23::SCWBDomain::make -C ps7_cortexa9_0/libsrc/standalone_v9_2/src -s include  "SHELL=CMD" "COMPILER=arm-none-eabi-gcc" "ASSEMBLER=arm-none-eabi
TRACE::2026-03-06.23:10:23::SCWBDomain::-as" "ARCHIVER=arm-none-eabi-ar" "COMPILER_FLAGS=  -O2 -c" "EXTRA_COMPILER_FLAGS=-mcpu=cortex-a9 -mfpu=vfpv3 -mfloat-abi=hard -
TRACE::2026-03-06.23:10:23::SCWBDomain::nostartfiles -g -Wall -Wextra -fno-tree-loop-distribute-patterns"

TRACE::2026-03-06.23:10:25::SCWBDomain::"Running Make include in ps7_cortexa9_0/libsrc/ttcps_v3_20/src"

TRACE::2026-03-06.23:10:25::SCWBDomain::make -C ps7_cortexa9_0/libsrc/ttcps_v3_20/src -s include  "SHELL=CMD" "COMPILER=arm-none-eabi-gcc" "ASSEMBLER=arm-none-eabi-as"
TRACE::2026-03-06.23:10:25::SCWBDomain:: "ARCHIVER=arm-none-eabi-ar" "COMPILER_FLAGS=  -O2 -c" "EXTRA_COMPILER_FLAGS=-mcpu=cortex-a9 -mfpu=vfpv3 -mfloat-abi=hard -nost
TRACE::2026-03-06.23:10:25::SCWBDomain::artfiles -g -Wall -Wextra -fno-tree-loop-distribute-patterns"

TRACE::2026-03-06.23:10:25::SCWBDomain::"Running Make include in ps7_cortexa9_0/libsrc/uartps_v3_15/src"

TRACE::2026-03-06.23:10:25::SCWBDomain::make -C ps7_cortexa9_0/libsrc/uartps_v3_15/src -s include  "SHELL=CMD" "COMPILER=arm-none-eabi-gcc" "ASSEMBLER=arm-none-eabi-as
TRACE::2026-03-06.23:10:25::SCWBDomain::" "ARCHIVER=arm-none-eabi-ar" "COMPILER_FLAGS=  -O2 -c" "EXTRA_COMPILER_FLAGS=-mcpu=cortex-a9 -mfpu=vfpv3 -mfloat-abi=hard -nos
TRACE::2026-03-06.23:10:25::SCWBDomain::tartfiles -g -Wall -Wextra -fno-tree-loop-distribute-patterns"

TRACE::2026-03-06.23:10:25::SCWBDomain::"Running Make include in ps7_cortexa9_0/libsrc/usbps_v2_9/src"

TRACE::2026-03-06.23:10:25::SCWBDomain::make -C ps7_cortexa9_0/libsrc/usbps_v2_9/src -s include  "SHELL=CMD" "COMPILER=arm-none-eabi-gcc" "ASSEMBLER=arm-none-eabi-as" 
TRACE::2026-03-06.23:10:25::SCWBDomain::"ARCHIVER=arm-none-eabi-ar" "COMPILER_FLAGS=  -O2 -c" "EXTRA_COMPILER_FLAGS=-mcpu=cortex-a9 -mfpu=vfpv3 -mfloat-abi=hard -nosta
TRACE::2026-03-06.23:10:25::SCWBDomain::rtfiles -g -Wall -Wextra -fno-tree-loop-distribute-patterns"

TRACE::2026-03-06.23:10:25::SCWBDomain::"Running Make include in ps7_cortexa9_0/libsrc/xadcps_v2_7/src"

TRACE::2026-03-06.23:10:25::SCWBDomain::make -C ps7_cortexa9_0/libsrc/xadcps_v2_7/src -s include  "SHELL=CMD" "COMPILER=arm-none-eabi-gcc" "ASSEMBLER=arm-none-eabi-as"
TRACE::2026-03-06.23:10:25::SCWBDomain:: "ARCHIVER=arm-none-eabi-ar" "COMPILER_FLAGS=  -O2 -c" "EXTRA_COMPILER_FLAGS=-mcpu=cortex-a9 -mfpu=vfpv3 -mfloat-abi=hard -nost
TRACE::2026-03-06.23:10:25::SCWBDomain::artfiles -g -Wall -Wextra -fno-tree-loop-distribute-patterns"

TRACE::2026-03-06.23:10:25::SCWBDomain::"Running Make include in ps7_cortexa9_0/libsrc/xilffs_v5_3/src"

TRACE::2026-03-06.23:10:25::SCWBDomain::make -C ps7_cortexa9_0/libsrc/xilffs_v5_3/src -s include  "SHELL=CMD" "COMPILER=arm-none-eabi-gcc" "ASSEMBLER=arm-none-eabi-as"
TRACE::2026-03-06.23:10:25::SCWBDomain:: "ARCHIVER=arm-none-eabi-ar" "COMPILER_FLAGS=  -O2 -c" "EXTRA_COMPILER_FLAGS=-mcpu=cortex-a9 -mfpu=vfpv3 -mfloat-abi=hard -nost
TRACE::2026-03-06.23:10:25::SCWBDomain::artfiles -g -Wall -Wextra -fno-tree-loop-distribute-patterns"

TRACE::2026-03-06.23:10:25::SCWBDomain::"Running Make include in ps7_cortexa9_0/libsrc/xilrsa_v1_8/src"

TRACE::2026-03-06.23:10:25::SCWBDomain::make -C ps7_cortexa9_0/libsrc/xilrsa_v1_8/src -s include  "SHELL=CMD" "COMPILER=arm-none-eabi-gcc" "ASSEMBLER=arm-none-eabi-as"
TRACE::2026-03-06.23:10:25::SCWBDomain:: "ARCHIVER=arm-none-eabi-ar" "COMPILER_FLAGS=  -O2 -c" "EXTRA_COMPILER_FLAGS=-mcpu=cortex-a9 -mfpu=vfpv3 -mfloat-abi=hard -nost
TRACE::2026-03-06.23:10:25::SCWBDomain::artfiles -g -Wall -Wextra -fno-tree-loop-distribute-patterns"

TRACE::2026-03-06.23:10:25::SCWBDomain::"Running Make libs in ps7_cortexa9_0/libsrc/xilrsa_v1_8/src"

TRACE::2026-03-06.23:10:25::SCWBDomain::make -C ps7_cortexa9_0/libsrc/xilrsa_v1_8/src -s libs  "SHELL=CMD" "COMPILER=arm-none-eabi-gcc" "ASSEMBLER=arm-none-eabi-as" "A
TRACE::2026-03-06.23:10:25::SCWBDomain::RCHIVER=arm-none-eabi-ar" "COMPILER_FLAGS=  -O2 -c" "EXTRA_COMPILER_FLAGS=-mcpu=cortex-a9 -mfpu=vfpv3 -mfloat-abi=hard -nostart
TRACE::2026-03-06.23:10:25::SCWBDomain::files -g -Wall -Wextra -fno-tree-loop-distribute-patterns"

TRACE::2026-03-06.23:10:25::SCWBDomain::'Finished building libraries sequentially.'

TRACE::2026-03-06.23:10:25::SCWBDomain::make -j 22 --no-print-directory par_libs

TRACE::2026-03-06.23:10:26::SCWBDomain::"Running Make include in ps7_cortexa9_0/libsrc/coresightps_dcc_v1_11/src"

TRACE::2026-03-06.23:10:26::SCWBDomain::make -C ps7_cortexa9_0/libsrc/coresightps_dcc_v1_11/src -s include  "SHELL=CMD" "COMPILER=arm-none-eabi-gcc" "ASSEMBLER=arm-non
TRACE::2026-03-06.23:10:26::SCWBDomain::e-eabi-as" "ARCHIVER=arm-none-eabi-ar" "COMPILER_FLAGS=  -O2 -c" "EXTRA_COMPILER_FLAGS=-mcpu=cortex-a9 -mfpu=vfpv3 -mfloat-abi=
TRACE::2026-03-06.23:10:26::SCWBDomain::hard -nostartfiles -g -Wall -Wextra -fno-tree-loop-distribute-patterns"

TRACE::2026-03-06.23:10:26::SCWBDomain::"Running Make include in ps7_cortexa9_0/libsrc/cpu_cortexa9_v2_12/src"

TRACE::2026-03-06.23:10:26::SCWBDomain::make -C ps7_cortexa9_0/libsrc/cpu_cortexa9_v2_12/src -s include  "SHELL=CMD" "COMPILER=arm-none-eabi-gcc" "ASSEMBLER=arm-none-e
TRACE::2026-03-06.23:10:26::SCWBDomain::abi-as" "ARCHIVER=arm-none-eabi-ar" "COMPILER_FLAGS=  -O2 -c" "EXTRA_COMPILER_FLAGS=-mcpu=cortex-a9 -mfpu=vfpv3 -mfloat-abi=har
TRACE::2026-03-06.23:10:26::SCWBDomain::d -nostartfiles -g -Wall -Wextra -fno-tree-loop-distribute-patterns"

TRACE::2026-03-06.23:10:26::SCWBDomain::"Running Make include in ps7_cortexa9_0/libsrc/ddrps_v1_2/src"

TRACE::2026-03-06.23:10:26::SCWBDomain::make -C ps7_cortexa9_0/libsrc/ddrps_v1_2/src -s include  "SHELL=CMD" "COMPILER=arm-none-eabi-gcc" "ASSEMBLER=arm-none-eabi-as" 
TRACE::2026-03-06.23:10:26::SCWBDomain::"ARCHIVER=arm-none-eabi-ar" "COMPILER_FLAGS=  -O2 -c" "EXTRA_COMPILER_FLAGS=-mcpu=cortex-a9 -mfpu=vfpv3 -mfloat-abi=hard -nosta
TRACE::2026-03-06.23:10:26::SCWBDomain::rtfiles -g -Wall -Wextra -fno-tree-loop-distribute-patterns"

TRACE::2026-03-06.23:10:26::SCWBDomain::"Running Make include in ps7_cortexa9_0/libsrc/devcfg_v3_8/src"

TRACE::2026-03-06.23:10:26::SCWBDomain::make -C ps7_cortexa9_0/libsrc/devcfg_v3_8/src -s include  "SHELL=CMD" "COMPILER=arm-none-eabi-gcc" "ASSEMBLER=arm-none-eabi-as"
TRACE::2026-03-06.23:10:26::SCWBDomain:: "ARCHIVER=arm-none-eabi-ar" "COMPILER_FLAGS=  -O2 -c" "EXTRA_COMPILER_FLAGS=-mcpu=cortex-a9 -mfpu=vfpv3 -mfloat-abi=hard -nost
TRACE::2026-03-06.23:10:26::SCWBDomain::artfiles -g -Wall -Wextra -fno-tree-loop-distribute-patterns"

TRACE::2026-03-06.23:10:26::SCWBDomain::"Running Make include in ps7_cortexa9_0/libsrc/dmaps_v2_11/src"

TRACE::2026-03-06.23:10:26::SCWBDomain::make -C ps7_cortexa9_0/libsrc/dmaps_v2_11/src -s include  "SHELL=CMD" "COMPILER=arm-none-eabi-gcc" "ASSEMBLER=arm-none-eabi-as"
TRACE::2026-03-06.23:10:26::SCWBDomain:: "ARCHIVER=arm-none-eabi-ar" "COMPILER_FLAGS=  -O2 -c" "EXTRA_COMPILER_FLAGS=-mcpu=cortex-a9 -mfpu=vfpv3 -mfloat-abi=hard -nost
TRACE::2026-03-06.23:10:26::SCWBDomain::artfiles -g -Wall -Wextra -fno-tree-loop-distribute-patterns"

TRACE::2026-03-06.23:10:26::SCWBDomain::"Running Make include in ps7_cortexa9_0/libsrc/emacps_v3_21/src"

TRACE::2026-03-06.23:10:26::SCWBDomain::make -C ps7_cortexa9_0/libsrc/emacps_v3_21/src -s include  "SHELL=CMD" "COMPILER=arm-none-eabi-gcc" "ASSEMBLER=arm-none-eabi-as
TRACE::2026-03-06.23:10:26::SCWBDomain::" "ARCHIVER=arm-none-eabi-ar" "COMPILER_FLAGS=  -O2 -c" "EXTRA_COMPILER_FLAGS=-mcpu=cortex-a9 -mfpu=vfpv3 -mfloat-abi=hard -nos
TRACE::2026-03-06.23:10:26::SCWBDomain::tartfiles -g -Wall -Wextra -fno-tree-loop-distribute-patterns"

TRACE::2026-03-06.23:10:26::SCWBDomain::"Running Make include in ps7_cortexa9_0/libsrc/gpiops_v3_13/src"

TRACE::2026-03-06.23:10:26::SCWBDomain::make -C ps7_cortexa9_0/libsrc/gpiops_v3_13/src -s include  "SHELL=CMD" "COMPILER=arm-none-eabi-gcc" "ASSEMBLER=arm-none-eabi-as
TRACE::2026-03-06.23:10:26::SCWBDomain::" "ARCHIVER=arm-none-eabi-ar" "COMPILER_FLAGS=  -O2 -c" "EXTRA_COMPILER_FLAGS=-mcpu=cortex-a9 -mfpu=vfpv3 -mfloat-abi=hard -nos
TRACE::2026-03-06.23:10:26::SCWBDomain::tartfiles -g -Wall -Wextra -fno-tree-loop-distribute-patterns"

TRACE::2026-03-06.23:10:26::SCWBDomain::"Running Make include in ps7_cortexa9_0/libsrc/gpio_v4_12/src"

TRACE::2026-03-06.23:10:26::SCWBDomain::make -C ps7_cortexa9_0/libsrc/gpio_v4_12/src -s include  "SHELL=CMD" "COMPILER=arm-none-eabi-gcc" "ASSEMBLER=arm-none-eabi-as" 
TRACE::2026-03-06.23:10:26::SCWBDomain::"ARCHIVER=arm-none-eabi-ar" "COMPILER_FLAGS=  -O2 -c" "EXTRA_COMPILER_FLAGS=-mcpu=cortex-a9 -mfpu=vfpv3 -mfloat-abi=hard -nosta
TRACE::2026-03-06.23:10:26::SCWBDomain::rtfiles -g -Wall -Wextra -fno-tree-loop-distribute-patterns"

TRACE::2026-03-06.23:10:26::SCWBDomain::"Running Make include in ps7_cortexa9_0/libsrc/qspips_v3_13/src"

TRACE::2026-03-06.23:10:26::SCWBDomain::make -C ps7_cortexa9_0/libsrc/qspips_v3_13/src -s include  "SHELL=CMD" "COMPILER=arm-none-eabi-gcc" "ASSEMBLER=arm-none-eabi-as
TRACE::2026-03-06.23:10:26::SCWBDomain::" "ARCHIVER=arm-none-eabi-ar" "COMPILER_FLAGS=  -O2 -c" "EXTRA_COMPILER_FLAGS=-mcpu=cortex-a9 -mfpu=vfpv3 -mfloat-abi=hard -nos
TRACE::2026-03-06.23:10:26::SCWBDomain::tartfiles -g -Wall -Wextra -fno-tree-loop-distribute-patterns"

TRACE::2026-03-06.23:10:26::SCWBDomain::"Running Make include in ps7_cortexa9_0/libsrc/scugic_v5_4/src"

TRACE::2026-03-06.23:10:26::SCWBDomain::make -C ps7_cortexa9_0/libsrc/scugic_v5_4/src -s include  "SHELL=CMD" "COMPILER=arm-none-eabi-gcc" "ASSEMBLER=arm-none-eabi-as"
TRACE::2026-03-06.23:10:26::SCWBDomain:: "ARCHIVER=arm-none-eabi-ar" "COMPILER_FLAGS=  -O2 -c" "EXTRA_COMPILER_FLAGS=-mcpu=cortex-a9 -mfpu=vfpv3 -mfloat-abi=hard -nost
TRACE::2026-03-06.23:10:26::SCWBDomain::artfiles -g -Wall -Wextra -fno-tree-loop-distribute-patterns"

TRACE::2026-03-06.23:10:26::SCWBDomain::"Running Make include in ps7_cortexa9_0/libsrc/scutimer_v2_6/src"

TRACE::2026-03-06.23:10:26::SCWBDomain::make -C ps7_cortexa9_0/libsrc/scutimer_v2_6/src -s include  "SHELL=CMD" "COMPILER=arm-none-eabi-gcc" "ASSEMBLER=arm-none-eabi-a
TRACE::2026-03-06.23:10:26::SCWBDomain::s" "ARCHIVER=arm-none-eabi-ar" "COMPILER_FLAGS=  -O2 -c" "EXTRA_COMPILER_FLAGS=-mcpu=cortex-a9 -mfpu=vfpv3 -mfloat-abi=hard -no
TRACE::2026-03-06.23:10:26::SCWBDomain::startfiles -g -Wall -Wextra -fno-tree-loop-distribute-patterns"

TRACE::2026-03-06.23:10:26::SCWBDomain::"Running Make include in ps7_cortexa9_0/libsrc/scuwdt_v2_6/src"

TRACE::2026-03-06.23:10:26::SCWBDomain::make -C ps7_cortexa9_0/libsrc/scuwdt_v2_6/src -s include  "SHELL=CMD" "COMPILER=arm-none-eabi-gcc" "ASSEMBLER=arm-none-eabi-as"
TRACE::2026-03-06.23:10:26::SCWBDomain:: "ARCHIVER=arm-none-eabi-ar" "COMPILER_FLAGS=  -O2 -c" "EXTRA_COMPILER_FLAGS=-mcpu=cortex-a9 -mfpu=vfpv3 -mfloat-abi=hard -nost
TRACE::2026-03-06.23:10:26::SCWBDomain::artfiles -g -Wall -Wextra -fno-tree-loop-distribute-patterns"

TRACE::2026-03-06.23:10:26::SCWBDomain::"Running Make include in ps7_cortexa9_0/libsrc/sdps_v4_4/src"

TRACE::2026-03-06.23:10:26::SCWBDomain::make -C ps7_cortexa9_0/libsrc/sdps_v4_4/src -s include  "SHELL=CMD" "COMPILER=arm-none-eabi-gcc" "ASSEMBLER=arm-none-eabi-as" "
TRACE::2026-03-06.23:10:26::SCWBDomain::ARCHIVER=arm-none-eabi-ar" "COMPILER_FLAGS=  -O2 -c" "EXTRA_COMPILER_FLAGS=-mcpu=cortex-a9 -mfpu=vfpv3 -mfloat-abi=hard -nostar
TRACE::2026-03-06.23:10:26::SCWBDomain::tfiles -g -Wall -Wextra -fno-tree-loop-distribute-patterns"

TRACE::2026-03-06.23:10:26::SCWBDomain::"Running Make include in ps7_cortexa9_0/libsrc/standalone_v9_2/src"

TRACE::2026-03-06.23:10:26::SCWBDomain::make -C ps7_cortexa9_0/libsrc/standalone_v9_2/src -s include  "SHELL=CMD" "COMPILER=arm-none-eabi-gcc" "ASSEMBLER=arm-none-eabi
TRACE::2026-03-06.23:10:26::SCWBDomain::-as" "ARCHIVER=arm-none-eabi-ar" "COMPILER_FLAGS=  -O2 -c" "EXTRA_COMPILER_FLAGS=-mcpu=cortex-a9 -mfpu=vfpv3 -mfloat-abi=hard -
TRACE::2026-03-06.23:10:26::SCWBDomain::nostartfiles -g -Wall -Wextra -fno-tree-loop-distribute-patterns"

TRACE::2026-03-06.23:10:26::SCWBDomain::"Running Make include in ps7_cortexa9_0/libsrc/ttcps_v3_20/src"

TRACE::2026-03-06.23:10:26::SCWBDomain::make -C ps7_cortexa9_0/libsrc/ttcps_v3_20/src -s include  "SHELL=CMD" "COMPILER=arm-none-eabi-gcc" "ASSEMBLER=arm-none-eabi-as"
TRACE::2026-03-06.23:10:26::SCWBDomain:: "ARCHIVER=arm-none-eabi-ar" "COMPILER_FLAGS=  -O2 -c" "EXTRA_COMPILER_FLAGS=-mcpu=cortex-a9 -mfpu=vfpv3 -mfloat-abi=hard -nost
TRACE::2026-03-06.23:10:26::SCWBDomain::artfiles -g -Wall -Wextra -fno-tree-loop-distribute-patterns"

TRACE::2026-03-06.23:10:26::SCWBDomain::"Running Make include in ps7_cortexa9_0/libsrc/uartps_v3_15/src"

TRACE::2026-03-06.23:10:26::SCWBDomain::make -C ps7_cortexa9_0/libsrc/uartps_v3_15/src -s include  "SHELL=CMD" "COMPILER=arm-none-eabi-gcc" "ASSEMBLER=arm-none-eabi-as
TRACE::2026-03-06.23:10:26::SCWBDomain::" "ARCHIVER=arm-none-eabi-ar" "COMPILER_FLAGS=  -O2 -c" "EXTRA_COMPILER_FLAGS=-mcpu=cortex-a9 -mfpu=vfpv3 -mfloat-abi=hard -nos
TRACE::2026-03-06.23:10:26::SCWBDomain::tartfiles -g -Wall -Wextra -fno-tree-loop-distribute-patterns"

TRACE::2026-03-06.23:10:26::SCWBDomain::"Running Make include in ps7_cortexa9_0/libsrc/usbps_v2_9/src"

TRACE::2026-03-06.23:10:26::SCWBDomain::make -C ps7_cortexa9_0/libsrc/usbps_v2_9/src -s include  "SHELL=CMD" "COMPILER=arm-none-eabi-gcc" "ASSEMBLER=arm-none-eabi-as" 
TRACE::2026-03-06.23:10:26::SCWBDomain::"ARCHIVER=arm-none-eabi-ar" "COMPILER_FLAGS=  -O2 -c" "EXTRA_COMPILER_FLAGS=-mcpu=cortex-a9 -mfpu=vfpv3 -mfloat-abi=hard -nosta
TRACE::2026-03-06.23:10:26::SCWBDomain::rtfiles -g -Wall -Wextra -fno-tree-loop-distribute-patterns"

TRACE::2026-03-06.23:10:26::SCWBDomain::"Running Make include in ps7_cortexa9_0/libsrc/xadcps_v2_7/src"

TRACE::2026-03-06.23:10:26::SCWBDomain::make -C ps7_cortexa9_0/libsrc/xadcps_v2_7/src -s include  "SHELL=CMD" "COMPILER=arm-none-eabi-gcc" "ASSEMBLER=arm-none-eabi-as"
TRACE::2026-03-06.23:10:26::SCWBDomain:: "ARCHIVER=arm-none-eabi-ar" "COMPILER_FLAGS=  -O2 -c" "EXTRA_COMPILER_FLAGS=-mcpu=cortex-a9 -mfpu=vfpv3 -mfloat-abi=hard -nost
TRACE::2026-03-06.23:10:26::SCWBDomain::artfiles -g -Wall -Wextra -fno-tree-loop-distribute-patterns"

TRACE::2026-03-06.23:10:26::SCWBDomain::"Running Make include in ps7_cortexa9_0/libsrc/xilffs_v5_3/src"

TRACE::2026-03-06.23:10:26::SCWBDomain::make -C ps7_cortexa9_0/libsrc/xilffs_v5_3/src -s include  "SHELL=CMD" "COMPILER=arm-none-eabi-gcc" "ASSEMBLER=arm-none-eabi-as"
TRACE::2026-03-06.23:10:26::SCWBDomain:: "ARCHIVER=arm-none-eabi-ar" "COMPILER_FLAGS=  -O2 -c" "EXTRA_COMPILER_FLAGS=-mcpu=cortex-a9 -mfpu=vfpv3 -mfloat-abi=hard -nost
TRACE::2026-03-06.23:10:26::SCWBDomain::artfiles -g -Wall -Wextra -fno-tree-loop-distribute-patterns"

TRACE::2026-03-06.23:10:26::SCWBDomain::"Running Make include in ps7_cortexa9_0/libsrc/xilrsa_v1_8/src"

TRACE::2026-03-06.23:10:26::SCWBDomain::make -C ps7_cortexa9_0/libsrc/xilrsa_v1_8/src -s include  "SHELL=CMD" "COMPILER=arm-none-eabi-gcc" "ASSEMBLER=arm-none-eabi-as"
TRACE::2026-03-06.23:10:26::SCWBDomain:: "ARCHIVER=arm-none-eabi-ar" "COMPILER_FLAGS=  -O2 -c" "EXTRA_COMPILER_FLAGS=-mcpu=cortex-a9 -mfpu=vfpv3 -mfloat-abi=hard -nost
TRACE::2026-03-06.23:10:26::SCWBDomain::artfiles -g -Wall -Wextra -fno-tree-loop-distribute-patterns"

TRACE::2026-03-06.23:10:26::SCWBDomain::"Running Make libs in ps7_cortexa9_0/libsrc/coresightps_dcc_v1_11/src"

TRACE::2026-03-06.23:10:26::SCWBDomain::make -C ps7_cortexa9_0/libsrc/coresightps_dcc_v1_11/src -s libs  "SHELL=CMD" "COMPILER=arm-none-eabi-gcc" "ASSEMBLER=arm-none-e
TRACE::2026-03-06.23:10:26::SCWBDomain::abi-as" "ARCHIVER=arm-none-eabi-ar" "COMPILER_FLAGS=  -O2 -c" "EXTRA_COMPILER_FLAGS=-mcpu=cortex-a9 -mfpu=vfpv3 -mfloat-abi=har
TRACE::2026-03-06.23:10:26::SCWBDomain::d -nostartfiles -g -Wall -Wextra -fno-tree-loop-distribute-patterns"

TRACE::2026-03-06.23:10:26::SCWBDomain::"Running Make libs in ps7_cortexa9_0/libsrc/cpu_cortexa9_v2_12/src"

TRACE::2026-03-06.23:10:26::SCWBDomain::make -C ps7_cortexa9_0/libsrc/cpu_cortexa9_v2_12/src -s libs  "SHELL=CMD" "COMPILER=arm-none-eabi-gcc" "ASSEMBLER=arm-none-eabi
TRACE::2026-03-06.23:10:26::SCWBDomain::-as" "ARCHIVER=arm-none-eabi-ar" "COMPILER_FLAGS=  -O2 -c" "EXTRA_COMPILER_FLAGS=-mcpu=cortex-a9 -mfpu=vfpv3 -mfloat-abi=hard -
TRACE::2026-03-06.23:10:26::SCWBDomain::nostartfiles -g -Wall -Wextra -fno-tree-loop-distribute-patterns"

TRACE::2026-03-06.23:10:26::SCWBDomain::"Running Make libs in ps7_cortexa9_0/libsrc/ddrps_v1_2/src"

TRACE::2026-03-06.23:10:26::SCWBDomain::make -C ps7_cortexa9_0/libsrc/ddrps_v1_2/src -s libs  "SHELL=CMD" "COMPILER=arm-none-eabi-gcc" "ASSEMBLER=arm-none-eabi-as" "AR
TRACE::2026-03-06.23:10:26::SCWBDomain::CHIVER=arm-none-eabi-ar" "COMPILER_FLAGS=  -O2 -c" "EXTRA_COMPILER_FLAGS=-mcpu=cortex-a9 -mfpu=vfpv3 -mfloat-abi=hard -nostartf
TRACE::2026-03-06.23:10:26::SCWBDomain::iles -g -Wall -Wextra -fno-tree-loop-distribute-patterns"

TRACE::2026-03-06.23:10:26::SCWBDomain::"Running Make libs in ps7_cortexa9_0/libsrc/devcfg_v3_8/src"

TRACE::2026-03-06.23:10:26::SCWBDomain::make -C ps7_cortexa9_0/libsrc/devcfg_v3_8/src -s libs  "SHELL=CMD" "COMPILER=arm-none-eabi-gcc" "ASSEMBLER=arm-none-eabi-as" "A
TRACE::2026-03-06.23:10:26::SCWBDomain::RCHIVER=arm-none-eabi-ar" "COMPILER_FLAGS=  -O2 -c" "EXTRA_COMPILER_FLAGS=-mcpu=cortex-a9 -mfpu=vfpv3 -mfloat-abi=hard -nostart
TRACE::2026-03-06.23:10:26::SCWBDomain::files -g -Wall -Wextra -fno-tree-loop-distribute-patterns"

TRACE::2026-03-06.23:10:26::SCWBDomain::"Running Make libs in ps7_cortexa9_0/libsrc/dmaps_v2_11/src"

TRACE::2026-03-06.23:10:26::SCWBDomain::make -C ps7_cortexa9_0/libsrc/dmaps_v2_11/src -s libs  "SHELL=CMD" "COMPILER=arm-none-eabi-gcc" "ASSEMBLER=arm-none-eabi-as" "A
TRACE::2026-03-06.23:10:26::SCWBDomain::RCHIVER=arm-none-eabi-ar" "COMPILER_FLAGS=  -O2 -c" "EXTRA_COMPILER_FLAGS=-mcpu=cortex-a9 -mfpu=vfpv3 -mfloat-abi=hard -nostart
TRACE::2026-03-06.23:10:26::SCWBDomain::files -g -Wall -Wextra -fno-tree-loop-distribute-patterns"

TRACE::2026-03-06.23:10:26::SCWBDomain::"Running Make libs in ps7_cortexa9_0/libsrc/emacps_v3_21/src"

TRACE::2026-03-06.23:10:26::SCWBDomain::make -C ps7_cortexa9_0/libsrc/emacps_v3_21/src -s libs  "SHELL=CMD" "COMPILER=arm-none-eabi-gcc" "ASSEMBLER=arm-none-eabi-as" "
TRACE::2026-03-06.23:10:26::SCWBDomain::ARCHIVER=arm-none-eabi-ar" "COMPILER_FLAGS=  -O2 -c" "EXTRA_COMPILER_FLAGS=-mcpu=cortex-a9 -mfpu=vfpv3 -mfloat-abi=hard -nostar
TRACE::2026-03-06.23:10:26::SCWBDomain::tfiles -g -Wall -Wextra -fno-tree-loop-distribute-patterns"

TRACE::2026-03-06.23:10:26::SCWBDomain::"Running Make libs in ps7_cortexa9_0/libsrc/gpiops_v3_13/src"

TRACE::2026-03-06.23:10:26::SCWBDomain::make -C ps7_cortexa9_0/libsrc/gpiops_v3_13/src -s libs  "SHELL=CMD" "COMPILER=arm-none-eabi-gcc" "ASSEMBLER=arm-none-eabi-as" "
TRACE::2026-03-06.23:10:26::SCWBDomain::ARCHIVER=arm-none-eabi-ar" "COMPILER_FLAGS=  -O2 -c" "EXTRA_COMPILER_FLAGS=-mcpu=cortex-a9 -mfpu=vfpv3 -mfloat-abi=hard -nostar
TRACE::2026-03-06.23:10:26::SCWBDomain::tfiles -g -Wall -Wextra -fno-tree-loop-distribute-patterns"

TRACE::2026-03-06.23:10:26::SCWBDomain::"Running Make libs in ps7_cortexa9_0/libsrc/gpio_v4_12/src"

TRACE::2026-03-06.23:10:26::SCWBDomain::make -C ps7_cortexa9_0/libsrc/gpio_v4_12/src -s libs  "SHELL=CMD" "COMPILER=arm-none-eabi-gcc" "ASSEMBLER=arm-none-eabi-as" "AR
TRACE::2026-03-06.23:10:26::SCWBDomain::CHIVER=arm-none-eabi-ar" "COMPILER_FLAGS=  -O2 -c" "EXTRA_COMPILER_FLAGS=-mcpu=cortex-a9 -mfpu=vfpv3 -mfloat-abi=hard -nostartf
TRACE::2026-03-06.23:10:26::SCWBDomain::iles -g -Wall -Wextra -fno-tree-loop-distribute-patterns"

TRACE::2026-03-06.23:10:26::SCWBDomain::"Running Make libs in ps7_cortexa9_0/libsrc/qspips_v3_13/src"

TRACE::2026-03-06.23:10:26::SCWBDomain::make -C ps7_cortexa9_0/libsrc/qspips_v3_13/src -s libs  "SHELL=CMD" "COMPILER=arm-none-eabi-gcc" "ASSEMBLER=arm-none-eabi-as" "
TRACE::2026-03-06.23:10:26::SCWBDomain::ARCHIVER=arm-none-eabi-ar" "COMPILER_FLAGS=  -O2 -c" "EXTRA_COMPILER_FLAGS=-mcpu=cortex-a9 -mfpu=vfpv3 -mfloat-abi=hard -nostar
TRACE::2026-03-06.23:10:26::SCWBDomain::tfiles -g -Wall -Wextra -fno-tree-loop-distribute-patterns"

TRACE::2026-03-06.23:10:26::SCWBDomain::"Running Make libs in ps7_cortexa9_0/libsrc/scugic_v5_4/src"

TRACE::2026-03-06.23:10:26::SCWBDomain::make -C ps7_cortexa9_0/libsrc/scugic_v5_4/src -s libs  "SHELL=CMD" "COMPILER=arm-none-eabi-gcc" "ASSEMBLER=arm-none-eabi-as" "A
TRACE::2026-03-06.23:10:26::SCWBDomain::RCHIVER=arm-none-eabi-ar" "COMPILER_FLAGS=  -O2 -c" "EXTRA_COMPILER_FLAGS=-mcpu=cortex-a9 -mfpu=vfpv3 -mfloat-abi=hard -nostart
TRACE::2026-03-06.23:10:26::SCWBDomain::files -g -Wall -Wextra -fno-tree-loop-distribute-patterns"

TRACE::2026-03-06.23:10:26::SCWBDomain::"Running Make libs in ps7_cortexa9_0/libsrc/scutimer_v2_6/src"

TRACE::2026-03-06.23:10:27::SCWBDomain::make -C ps7_cortexa9_0/libsrc/scutimer_v2_6/src -s libs  "SHELL=CMD" "COMPILER=arm-none-eabi-gcc" "ASSEMBLER=arm-none-eabi-as" 
TRACE::2026-03-06.23:10:27::SCWBDomain::"ARCHIVER=arm-none-eabi-ar" "COMPILER_FLAGS=  -O2 -c" "EXTRA_COMPILER_FLAGS=-mcpu=cortex-a9 -mfpu=vfpv3 -mfloat-abi=hard -nosta
TRACE::2026-03-06.23:10:27::SCWBDomain::rtfiles -g -Wall -Wextra -fno-tree-loop-distribute-patterns"

TRACE::2026-03-06.23:10:27::SCWBDomain::"Running Make libs in ps7_cortexa9_0/libsrc/scuwdt_v2_6/src"

TRACE::2026-03-06.23:10:27::SCWBDomain::make -C ps7_cortexa9_0/libsrc/scuwdt_v2_6/src -s libs  "SHELL=CMD" "COMPILER=arm-none-eabi-gcc" "ASSEMBLER=arm-none-eabi-as" "A
TRACE::2026-03-06.23:10:27::SCWBDomain::RCHIVER=arm-none-eabi-ar" "COMPILER_FLAGS=  -O2 -c" "EXTRA_COMPILER_FLAGS=-mcpu=cortex-a9 -mfpu=vfpv3 -mfloat-abi=hard -nostart
TRACE::2026-03-06.23:10:27::SCWBDomain::files -g -Wall -Wextra -fno-tree-loop-distribute-patterns"

TRACE::2026-03-06.23:10:27::SCWBDomain::"Running Make libs in ps7_cortexa9_0/libsrc/sdps_v4_4/src"

TRACE::2026-03-06.23:10:27::SCWBDomain::make -C ps7_cortexa9_0/libsrc/sdps_v4_4/src -s libs  "SHELL=CMD" "COMPILER=arm-none-eabi-gcc" "ASSEMBLER=arm-none-eabi-as" "ARC
TRACE::2026-03-06.23:10:27::SCWBDomain::HIVER=arm-none-eabi-ar" "COMPILER_FLAGS=  -O2 -c" "EXTRA_COMPILER_FLAGS=-mcpu=cortex-a9 -mfpu=vfpv3 -mfloat-abi=hard -nostartfi
TRACE::2026-03-06.23:10:27::SCWBDomain::les -g -Wall -Wextra -fno-tree-loop-distribute-patterns"

TRACE::2026-03-06.23:10:27::SCWBDomain::"Running Make libs in ps7_cortexa9_0/libsrc/standalone_v9_2/src"

TRACE::2026-03-06.23:10:27::SCWBDomain::make -C ps7_cortexa9_0/libsrc/standalone_v9_2/src -s libs  "SHELL=CMD" "COMPILER=arm-none-eabi-gcc" "ASSEMBLER=arm-none-eabi-as
TRACE::2026-03-06.23:10:27::SCWBDomain::" "ARCHIVER=arm-none-eabi-ar" "COMPILER_FLAGS=  -O2 -c" "EXTRA_COMPILER_FLAGS=-mcpu=cortex-a9 -mfpu=vfpv3 -mfloat-abi=hard -nos
TRACE::2026-03-06.23:10:27::SCWBDomain::tartfiles -g -Wall -Wextra -fno-tree-loop-distribute-patterns"

TRACE::2026-03-06.23:10:27::SCWBDomain::"Running Make libs in ps7_cortexa9_0/libsrc/ttcps_v3_20/src"

TRACE::2026-03-06.23:10:27::SCWBDomain::make -C ps7_cortexa9_0/libsrc/ttcps_v3_20/src -s libs  "SHELL=CMD" "COMPILER=arm-none-eabi-gcc" "ASSEMBLER=arm-none-eabi-as" "A
TRACE::2026-03-06.23:10:27::SCWBDomain::RCHIVER=arm-none-eabi-ar" "COMPILER_FLAGS=  -O2 -c" "EXTRA_COMPILER_FLAGS=-mcpu=cortex-a9 -mfpu=vfpv3 -mfloat-abi=hard -nostart
TRACE::2026-03-06.23:10:27::SCWBDomain::files -g -Wall -Wextra -fno-tree-loop-distribute-patterns"

TRACE::2026-03-06.23:10:27::SCWBDomain::"Running Make libs in ps7_cortexa9_0/libsrc/uartps_v3_15/src"

TRACE::2026-03-06.23:10:27::SCWBDomain::make -C ps7_cortexa9_0/libsrc/uartps_v3_15/src -s libs  "SHELL=CMD" "COMPILER=arm-none-eabi-gcc" "ASSEMBLER=arm-none-eabi-as" "
TRACE::2026-03-06.23:10:27::SCWBDomain::ARCHIVER=arm-none-eabi-ar" "COMPILER_FLAGS=  -O2 -c" "EXTRA_COMPILER_FLAGS=-mcpu=cortex-a9 -mfpu=vfpv3 -mfloat-abi=hard -nostar
TRACE::2026-03-06.23:10:27::SCWBDomain::tfiles -g -Wall -Wextra -fno-tree-loop-distribute-patterns"

TRACE::2026-03-06.23:10:27::SCWBDomain::"Running Make libs in ps7_cortexa9_0/libsrc/usbps_v2_9/src"

TRACE::2026-03-06.23:10:27::SCWBDomain::make -C ps7_cortexa9_0/libsrc/usbps_v2_9/src -s libs  "SHELL=CMD" "COMPILER=arm-none-eabi-gcc" "ASSEMBLER=arm-none-eabi-as" "AR
TRACE::2026-03-06.23:10:27::SCWBDomain::CHIVER=arm-none-eabi-ar" "COMPILER_FLAGS=  -O2 -c" "EXTRA_COMPILER_FLAGS=-mcpu=cortex-a9 -mfpu=vfpv3 -mfloat-abi=hard -nostartf
TRACE::2026-03-06.23:10:27::SCWBDomain::iles -g -Wall -Wextra -fno-tree-loop-distribute-patterns"

TRACE::2026-03-06.23:10:27::SCWBDomain::"Running Make libs in ps7_cortexa9_0/libsrc/xadcps_v2_7/src"

TRACE::2026-03-06.23:10:27::SCWBDomain::make -C ps7_cortexa9_0/libsrc/xadcps_v2_7/src -s libs  "SHELL=CMD" "COMPILER=arm-none-eabi-gcc" "ASSEMBLER=arm-none-eabi-as" "A
TRACE::2026-03-06.23:10:27::SCWBDomain::RCHIVER=arm-none-eabi-ar" "COMPILER_FLAGS=  -O2 -c" "EXTRA_COMPILER_FLAGS=-mcpu=cortex-a9 -mfpu=vfpv3 -mfloat-abi=hard -nostart
TRACE::2026-03-06.23:10:27::SCWBDomain::files -g -Wall -Wextra -fno-tree-loop-distribute-patterns"

TRACE::2026-03-06.23:10:27::SCWBDomain::"Running Make libs in ps7_cortexa9_0/libsrc/xilffs_v5_3/src"

TRACE::2026-03-06.23:10:27::SCWBDomain::make -C ps7_cortexa9_0/libsrc/xilffs_v5_3/src -s libs  "SHELL=CMD" "COMPILER=arm-none-eabi-gcc" "ASSEMBLER=arm-none-eabi-as" "A
TRACE::2026-03-06.23:10:27::SCWBDomain::RCHIVER=arm-none-eabi-ar" "COMPILER_FLAGS=  -O2 -c" "EXTRA_COMPILER_FLAGS=-mcpu=cortex-a9 -mfpu=vfpv3 -mfloat-abi=hard -nostart
TRACE::2026-03-06.23:10:27::SCWBDomain::files -g -Wall -Wextra -fno-tree-loop-distribute-patterns"

TRACE::2026-03-06.23:10:28::SCWBDomain::'Finished building libraries parallelly.'

TRACE::2026-03-06.23:10:28::SCWBDomain::make --no-print-directory archive

TRACE::2026-03-06.23:10:29::SCWBDomain::arm-none-eabi-ar -r  ps7_cortexa9_0/lib/libxil.a ps7_cortexa9_0/lib/_exit.o ps7_cortexa9_0/lib/_open.o ps7_cortexa9_0/lib/_sbrk
TRACE::2026-03-06.23:10:29::SCWBDomain::.o ps7_cortexa9_0/lib/abort.o ps7_cortexa9_0/lib/asm_vectors.o ps7_cortexa9_0/lib/boot.o ps7_cortexa9_0/lib/close.o ps7_cortexa
TRACE::2026-03-06.23:10:29::SCWBDomain::9_0/lib/cpputest_time.o ps7_cortexa9_0/lib/cpu_init.o ps7_cortexa9_0/lib/errno.o ps7_cortexa9_0/lib/fcntl.o ps7_cortexa9_0/lib/
TRACE::2026-03-06.23:10:29::SCWBDomain::fstat.o ps7_cortexa9_0/lib/getentropy.o ps7_cortexa9_0/lib/getpid.o ps7_cortexa9_0/lib/gettimeofday.o ps7_cortexa9_0/lib/inbyte
TRACE::2026-03-06.23:10:29::SCWBDomain::.o ps7_cortexa9_0/lib/isatty.o ps7_cortexa9_0/lib/kill.o ps7_cortexa9_0/lib/lseek.o ps7_cortexa9_0/lib/open.o ps7_cortexa9_0/li
TRACE::2026-03-06.23:10:29::SCWBDomain::b/outbyte.o ps7_cortexa9_0/lib/print.o ps7_cortexa9_0/lib/putnum.o ps7_cortexa9_0/lib/read.o ps7_cortexa9_0/lib/sbrk.o ps7_cort
TRACE::2026-03-06.23:10:29::SCWBDomain::exa9_0/lib/sleep.o ps7_cortexa9_0/lib/time.o ps7_cortexa9_0/lib/translation_table.o ps7_cortexa9_0/lib/unlink.o ps7_cortexa9_0/
TRACE::2026-03-06.23:10:29::SCWBDomain::lib/usleep.o ps7_cortexa9_0/lib/vectors.o ps7_cortexa9_0/lib/write.o ps7_cortexa9_0/lib/xadcps.o ps7_cortexa9_0/lib/xadcps_g.o 
TRACE::2026-03-06.23:10:29::SCWBDomain::ps7_cortexa9_0/lib/xadcps_intr.o ps7_cortexa9_0/lib/xadcps_selftest.o ps7_cortexa9_0/lib/xadcps_sinit.o ps7_cortexa9_0/lib/xcor
TRACE::2026-03-06.23:10:29::SCWBDomain::esightpsdcc.o ps7_cortexa9_0/lib/xdevcfg.o ps7_cortexa9_0/lib/xdevcfg_g.o ps7_cortexa9_0/lib/xdevcfg_hw.o ps7_cortexa9_0/lib/xd
TRACE::2026-03-06.23:10:29::SCWBDomain::evcfg_intr.o ps7_cortexa9_0/lib/xdevcfg_selftest.o ps7_cortexa9_0/lib/xdevcfg_sinit.o ps7_cortexa9_0/lib/xdmaps.o ps7_cortexa9_
TRACE::2026-03-06.23:10:29::SCWBDomain::0/lib/xdmaps_g.o ps7_cortexa9_0/lib/xdmaps_hw.o ps7_cortexa9_0/lib/xdmaps_selftest.o ps7_cortexa9_0/lib/xdmaps_sinit.o ps7_cort
TRACE::2026-03-06.23:10:29::SCWBDomain::exa9_0/lib/xemacps.o ps7_cortexa9_0/lib/xemacps_bdring.o ps7_cortexa9_0/lib/xemacps_control.o ps7_cortexa9_0/lib/xemacps_g.o ps
TRACE::2026-03-06.23:10:29::SCWBDomain::7_cortexa9_0/lib/xemacps_hw.o ps7_cortexa9_0/lib/xemacps_intr.o ps7_cortexa9_0/lib/xemacps_sinit.o ps7_cortexa9_0/lib/xgpio.o p
TRACE::2026-03-06.23:10:29::SCWBDomain::s7_cortexa9_0/lib/xgpio_extra.o ps7_cortexa9_0/lib/xgpio_g.o ps7_cortexa9_0/lib/xgpio_intr.o ps7_cortexa9_0/lib/xgpio_selftest.
TRACE::2026-03-06.23:10:29::SCWBDomain::o ps7_cortexa9_0/lib/xgpio_sinit.o ps7_cortexa9_0/lib/xgpiops.o ps7_cortexa9_0/lib/xgpiops_g.o ps7_cortexa9_0/lib/xgpiops_hw.o 
TRACE::2026-03-06.23:10:29::SCWBDomain::ps7_cortexa9_0/lib/xgpiops_intr.o ps7_cortexa9_0/lib/xgpiops_selftest.o ps7_cortexa9_0/lib/xgpiops_sinit.o ps7_cortexa9_0/lib/x
TRACE::2026-03-06.23:10:29::SCWBDomain::il-crt0.o ps7_cortexa9_0/lib/xil_assert.o ps7_cortexa9_0/lib/xil_cache.o ps7_cortexa9_0/lib/xil_clocking.o ps7_cortexa9_0/lib/x
TRACE::2026-03-06.23:10:29::SCWBDomain::il_exception.o ps7_cortexa9_0/lib/xil_mem.o ps7_cortexa9_0/lib/xil_misc_psreset_api.o ps7_cortexa9_0/lib/xil_mmu.o ps7_cortexa9
TRACE::2026-03-06.23:10:29::SCWBDomain::_0/lib/xil_printf.o ps7_cortexa9_0/lib/xil_sleepcommon.o ps7_cortexa9_0/lib/xil_sleeptimer.o ps7_cortexa9_0/lib/xil_spinlock.o 
TRACE::2026-03-06.23:10:29::SCWBDomain::ps7_cortexa9_0/lib/xil_sutil.o ps7_cortexa9_0/lib/xil_testcache.o ps7_cortexa9_0/lib/xil_testio.o ps7_cortexa9_0/lib/xil_testme
TRACE::2026-03-06.23:10:29::SCWBDomain::m.o ps7_cortexa9_0/lib/xil_util.o ps7_cortexa9_0/lib/xinterrupt_wrap.o ps7_cortexa9_0/lib/xl2cc_counter.o ps7_cortexa9_0/lib/xp
TRACE::2026-03-06.23:10:29::SCWBDomain::latform_info.o ps7_cortexa9_0/lib/xpm_counter.o ps7_cortexa9_0/lib/xpm_init.o ps7_cortexa9_0/lib/xqspips.o ps7_cortexa9_0/lib/x
TRACE::2026-03-06.23:10:29::SCWBDomain::qspips_g.o ps7_cortexa9_0/lib/xqspips_hw.o ps7_cortexa9_0/lib/xqspips_options.o ps7_cortexa9_0/lib/xqspips_selftest.o ps7_corte
TRACE::2026-03-06.23:10:29::SCWBDomain::xa9_0/lib/xqspips_sinit.o ps7_cortexa9_0/lib/xscugic.o ps7_cortexa9_0/lib/xscugic_g.o ps7_cortexa9_0/lib/xscugic_hw.o ps7_corte
TRACE::2026-03-06.23:10:29::SCWBDomain::xa9_0/lib/xscugic_intr.o ps7_cortexa9_0/lib/xscugic_selftest.o ps7_cortexa9_0/lib/xscugic_sinit.o ps7_cortexa9_0/lib/xscutimer.
TRACE::2026-03-06.23:10:29::SCWBDomain::o ps7_cortexa9_0/lib/xscutimer_g.o ps7_cortexa9_0/lib/xscutimer_selftest.o ps7_cortexa9_0/lib/xscutimer_sinit.o ps7_cortexa9_0/
TRACE::2026-03-06.23:10:29::SCWBDomain::lib/xscuwdt.o ps7_cortexa9_0/lib/xscuwdt_g.o ps7_cortexa9_0/lib/xscuwdt_selftest.o ps7_cortexa9_0/lib/xscuwdt_sinit.o ps7_corte
TRACE::2026-03-06.23:10:29::SCWBDomain::xa9_0/lib/xsdps.o ps7_cortexa9_0/lib/xsdps_card.o ps7_cortexa9_0/lib/xsdps_g.o ps7_cortexa9_0/lib/xsdps_host.o ps7_cortexa9_0/l
TRACE::2026-03-06.23:10:29::SCWBDomain::ib/xsdps_options.o ps7_cortexa9_0/lib/xsdps_sinit.o ps7_cortexa9_0/lib/xtime_l.o ps7_cortexa9_0/lib/xttcps.o ps7_cortexa9_0/lib
TRACE::2026-03-06.23:10:29::SCWBDomain::/xttcps_g.o ps7_cortexa9_0/lib/xttcps_options.o ps7_cortexa9_0/lib/xttcps_selftest.o ps7_cortexa9_0/lib/xttcps_sinit.o ps7_cort
TRACE::2026-03-06.23:10:29::SCWBDomain::exa9_0/lib/xuartps.o ps7_cortexa9_0/lib/xuartps_g.o ps7_cortexa9_0/lib/xuartps_hw.o ps7_cortexa9_0/lib/xuartps_intr.o ps7_corte
TRACE::2026-03-06.23:10:29::SCWBDomain::xa9_0/lib/xuartps_options.o ps7_cortexa9_0/lib/xuartps_selftest.o ps7_cortexa9_0/lib/xuartps_sinit.o ps7_cortexa9_0/lib/xusbps.
TRACE::2026-03-06.23:10:29::SCWBDomain::o ps7_cortexa9_0/lib/xusbps_endpoint.o ps7_cortexa9_0/lib/xusbps_g.o ps7_cortexa9_0/lib/xusbps_hw.o ps7_cortexa9_0/lib/xusbps_i
TRACE::2026-03-06.23:10:29::SCWBDomain::ntr.o ps7_cortexa9_0/lib/xusbps_sinit.o

TRACE::2026-03-06.23:10:29::SCWBDomain::'Finished building libraries'

TRACE::2026-03-06.23:10:29::SCWBDomain::make: Leaving directory 'E:/Git-Repos/CNC-FPGA/Vitis3/CNC-PL9/zynq_fsbl/zynq_fsbl_bsp'

TRACE::2026-03-06.23:10:29::SCWBDomain::arm-none-eabi-gcc  -O2 -c -MMD -MP       -mcpu=cortex-a9 -mfpu=vfpv3 -mfloat-abi=hard  -c sd.c -o sd.o -Izynq_fsbl_bsp/ps7_cort
TRACE::2026-03-06.23:10:29::SCWBDomain::exa9_0/include -I.

TRACE::2026-03-06.23:10:29::SCWBDomain::arm-none-eabi-gcc  -O2 -c -MMD -MP       -mcpu=cortex-a9 -mfpu=vfpv3 -mfloat-abi=hard  -c nand.c -o nand.o -Izynq_fsbl_bsp/ps7_
TRACE::2026-03-06.23:10:29::SCWBDomain::cortexa9_0/include -I.

TRACE::2026-03-06.23:10:29::SCWBDomain::arm-none-eabi-gcc  -O2 -c -MMD -MP       -mcpu=cortex-a9 -mfpu=vfpv3 -mfloat-abi=hard  -c nor.c -o nor.o -Izynq_fsbl_bsp/ps7_co
TRACE::2026-03-06.23:10:29::SCWBDomain::rtexa9_0/include -I.

TRACE::2026-03-06.23:10:29::SCWBDomain::arm-none-eabi-gcc  -O2 -c -MMD -MP       -mcpu=cortex-a9 -mfpu=vfpv3 -mfloat-abi=hard  -c image_mover.c -o image_mover.o -Izynq
TRACE::2026-03-06.23:10:29::SCWBDomain::_fsbl_bsp/ps7_cortexa9_0/include -I.

TRACE::2026-03-06.23:10:30::SCWBDomain::arm-none-eabi-gcc  -O2 -c -MMD -MP       -mcpu=cortex-a9 -mfpu=vfpv3 -mfloat-abi=hard  -c md5.c -o md5.o -Izynq_fsbl_bsp/ps7_co
TRACE::2026-03-06.23:10:30::SCWBDomain::rtexa9_0/include -I.

TRACE::2026-03-06.23:10:30::SCWBDomain::arm-none-eabi-gcc  -O2 -c -MMD -MP       -mcpu=cortex-a9 -mfpu=vfpv3 -mfloat-abi=hard  -c fsbl_hooks.c -o fsbl_hooks.o -Izynq_f
TRACE::2026-03-06.23:10:30::SCWBDomain::sbl_bsp/ps7_cortexa9_0/include -I.

TRACE::2026-03-06.23:10:30::SCWBDomain::arm-none-eabi-gcc  -O2 -c -MMD -MP       -mcpu=cortex-a9 -mfpu=vfpv3 -mfloat-abi=hard  -c main.c -o main.o -Izynq_fsbl_bsp/ps7_
TRACE::2026-03-06.23:10:30::SCWBDomain::cortexa9_0/include -I.

TRACE::2026-03-06.23:10:31::SCWBDomain::arm-none-eabi-gcc  -O2 -c -MMD -MP       -mcpu=cortex-a9 -mfpu=vfpv3 -mfloat-abi=hard  -c rsa.c -o rsa.o -Izynq_fsbl_bsp/ps7_co
TRACE::2026-03-06.23:10:31::SCWBDomain::rtexa9_0/include -I.

TRACE::2026-03-06.23:10:31::SCWBDomain::arm-none-eabi-gcc  -O2 -c -MMD -MP       -mcpu=cortex-a9 -mfpu=vfpv3 -mfloat-abi=hard  -c qspi.c -o qspi.o -Izynq_fsbl_bsp/ps7_
TRACE::2026-03-06.23:10:31::SCWBDomain::cortexa9_0/include -I.

TRACE::2026-03-06.23:10:31::SCWBDomain::arm-none-eabi-gcc  -O2 -c -MMD -MP       -mcpu=cortex-a9 -mfpu=vfpv3 -mfloat-abi=hard  -c ps7_init.c -o ps7_init.o -Izynq_fsbl_
TRACE::2026-03-06.23:10:31::SCWBDomain::bsp/ps7_cortexa9_0/include -I.

TRACE::2026-03-06.23:10:31::SCWBDomain::arm-none-eabi-gcc  -O2 -c -MMD -MP       -mcpu=cortex-a9 -mfpu=vfpv3 -mfloat-abi=hard  -c pcap.c -o pcap.o -Izynq_fsbl_bsp/ps7_
TRACE::2026-03-06.23:10:31::SCWBDomain::cortexa9_0/include -I.

TRACE::2026-03-06.23:10:31::SCWBDomain::arm-none-eabi-gcc  -O2 -c -MMD -MP       -mcpu=cortex-a9 -mfpu=vfpv3 -mfloat-abi=hard  -c fsbl_handoff.S -o fsbl_handoff.o -Izy
TRACE::2026-03-06.23:10:31::SCWBDomain::nq_fsbl_bsp/ps7_cortexa9_0/include -I.

TRACE::2026-03-06.23:10:32::SCWBDomain::arm-none-eabi-gcc -o fsbl.elf fsbl_handoff.o fsbl_hooks.o image_mover.o main.o md5.o nand.o nor.o pcap.o ps7_init.o qspi.o rsa.
TRACE::2026-03-06.23:10:32::SCWBDomain::o sd.o -MMD -MP       -mcpu=cortex-a9 -mfpu=vfpv3 -mfloat-abi=hard   -mcpu=cortex-a9 -mfpu=vfpv3 -mfloat-abi=hard -Wl,-build-id
TRACE::2026-03-06.23:10:32::SCWBDomain::=none -specs=Xilinx.spec  -lrsa -Wl,--start-group,-lxil,-lgcc,-lc,--end-group -Wl,--start-group,-lxilffs,-lxil,-lgcc,-lc,--end-
TRACE::2026-03-06.23:10:32::SCWBDomain::group -Wl,--start-group,-lrsa,-lxil,-lgcc,-lc,--end-group                                         -Wl,--gc-sections -Lzynq_fsbl
TRACE::2026-03-06.23:10:32::SCWBDomain::_bsp/ps7_cortexa9_0/lib -L./ -Tlscript.ld

LOG::2026-03-06.23:10:32::SCWSystem::Checking the domain standalone_domain
LOG::2026-03-06.23:10:32::SCWSystem::Not a boot domain 
LOG::2026-03-06.23:10:32::SCWSystem::Started Processing the domain standalone_domain
TRACE::2026-03-06.23:10:32::SCWDomain::Generating domain artifcats
TRACE::2026-03-06.23:10:32::SCWMssOS::Generating standalone artifcats
TRACE::2026-03-06.23:10:32::SCWMssOS::Copying the qemu file from  E:/Git-Repos/CNC-FPGA/Vitis3/CNC-PL9/resources/CNC-PL9/standalone_domain/qemu_args.txt To E:/Git-Repos/CNC-FPGA/Vitis3/CNC-PL9/export/CNC-PL9/sw/CNC-PL9/qemu/
TRACE::2026-03-06.23:10:32::SCWMssOS::Copying the qemu file from  E:/Git-Repos/CNC-FPGA/Vitis3/CNC-PL9/resources/CNC-PL9/standalone_domain/qemu_args.txt To E:/Git-Repos/CNC-FPGA/Vitis3/CNC-PL9/export/CNC-PL9/sw/CNC-PL9/standalone_domain/qemu/
TRACE::2026-03-06.23:10:32::SCWMssOS:: Copying the user libraries. 
TRACE::2026-03-06.23:10:32::SCWPlatform::Trying to open the hw design at E:/Git-Repos/CNC-FPGA/Vitis3/CNC-PL9/hw/CNC_Top_wrapper.xsa
TRACE::2026-03-06.23:10:32::SCWPlatform::DSA given E:/Git-Repos/CNC-FPGA/Vitis3/CNC-PL9/hw/CNC_Top_wrapper.xsa
TRACE::2026-03-06.23:10:32::SCWPlatform::DSA absoulate path E:/Git-Repos/CNC-FPGA/Vitis3/CNC-PL9/hw/CNC_Top_wrapper.xsa
TRACE::2026-03-06.23:10:32::SCWPlatform::DSA directory E:/Git-Repos/CNC-FPGA/Vitis3/CNC-PL9/hw
TRACE::2026-03-06.23:10:32::SCWPlatform:: Platform Path E:/Git-Repos/CNC-FPGA/Vitis3/CNC-PL9/hw/CNC_Top_wrapper.xsa
TRACE::2026-03-06.23:10:32::SCWPlatform:: Unique name xilinx:zedboard::0.0
TRACE::2026-03-06.23:10:32::SCWPlatform::Trying to set the existing hwdb with name CNC_Top_wrapper_5
TRACE::2026-03-06.23:10:32::SCWPlatform::Opened existing hwdb CNC_Top_wrapper_5
TRACE::2026-03-06.23:10:32::SCWPlatform::Found the Hw Db part of the input DSA
TRACE::2026-03-06.23:10:32::SCWMssOS::Checking the sw design at  E:/Git-Repos/CNC-FPGA/Vitis3/CNC-PL9/ps7_cortexa9_0/standalone_domain/bsp/system.mss
TRACE::2026-03-06.23:10:32::SCWMssOS::DEBUG:  swdes dump  E:/Git-Repos/CNC-FPGA/Vitis3/CNC-PL8/ps7_cortexa9_0/standalone_domain/bsp/system.mss|system_0||
E:/Git-Repos/CNC-FPGA/Vitis3/CNC-PL8/zynq_fsbl/zynq_fsbl_bsp/system.mss|system||
E:/Git-Repos/CNC-FPGA/Vitis3/CNC-PL9/zynq_fsbl/zynq_fsbl_bsp/system.mss|system_1||

TRACE::2026-03-06.23:10:32::SCWMssOS::No sw design opened at  E:/Git-Repos/CNC-FPGA/Vitis3/CNC-PL9/ps7_cortexa9_0/standalone_domain/bsp/system.mss
TRACE::2026-03-06.23:10:32::SCWMssOS::mss exists loading the mss file  E:/Git-Repos/CNC-FPGA/Vitis3/CNC-PL9/ps7_cortexa9_0/standalone_domain/bsp/system.mss
TRACE::2026-03-06.23:10:32::SCWMssOS::Opened the sw design from mss  E:/Git-Repos/CNC-FPGA/Vitis3/CNC-PL9/ps7_cortexa9_0/standalone_domain/bsp/system.mss
TRACE::2026-03-06.23:10:32::SCWMssOS::Adding the swdes entry E:/Git-Repos/CNC-FPGA/Vitis3/CNC-PL9/ps7_cortexa9_0/standalone_domain/bsp/system.mss with des name system_2
TRACE::2026-03-06.23:10:32::SCWMssOS::updating the scw layer about changes
TRACE::2026-03-06.23:10:32::SCWMssOS::Opened the sw design.  E:/Git-Repos/CNC-FPGA/Vitis3/CNC-PL9/ps7_cortexa9_0/standalone_domain/bsp/system.mss
TRACE::2026-03-06.23:10:32::SCWMssOS::Completed writing the mss file at E:/Git-Repos/CNC-FPGA/Vitis3/CNC-PL9/ps7_cortexa9_0/standalone_domain/bsp
TRACE::2026-03-06.23:10:32::SCWMssOS::Mss edits present, copying mssfile into export location E:/Git-Repos/CNC-FPGA/Vitis3/CNC-PL9/ps7_cortexa9_0/standalone_domain/bsp/system.mss
TRACE::2026-03-06.23:10:32::SCWMssOS::bsp generated is upto date with the mss file. Skipping bsp generation.
TRACE::2026-03-06.23:10:32::SCWMssOS::BSP is already built. skipping the bsp build ... 
TRACE::2026-03-06.23:10:32::SCWDomain::Building the domain as part of full build :  standalone_domain
TRACE::2026-03-06.23:10:32::SCWMssOS::doing bsp build ... 
TRACE::2026-03-06.23:10:32::SCWMssOS::System Command Ran  E: & cd  E:/Git-Repos/CNC-FPGA/Vitis3/CNC-PL9/ps7_cortexa9_0/standalone_domain/bsp & make 
TRACE::2026-03-06.23:10:32::SCWMssOS::make --no-print-directory seq_libs

TRACE::2026-03-06.23:10:32::SCWMssOS::'Finished building libraries sequentially.'

TRACE::2026-03-06.23:10:32::SCWMssOS::make -j 22 --no-print-directory par_libs

TRACE::2026-03-06.23:10:32::SCWMssOS::"Running Make include in ps7_cortexa9_0/libsrc/coresightps_dcc_v1_11/src"

TRACE::2026-03-06.23:10:32::SCWMssOS::make -C ps7_cortexa9_0/libsrc/coresightps_dcc_v1_11/src -s include  "SHELL=CMD" "COMPILER=arm-none-eabi-gcc" "ASSEMBLER=arm-non
TRACE::2026-03-06.23:10:32::SCWMssOS::e-eabi-as" "ARCHIVER=arm-none-eabi-ar" "COMPILER_FLAGS=  -O2 -c" "EXTRA_COMPILER_FLAGS=-mcpu=cortex-a9 -mfpu=vfpv3 -mfloat-abi=
TRACE::2026-03-06.23:10:32::SCWMssOS::hard -nostartfiles -g -Wall -Wextra -fno-tree-loop-distribute-patterns"

TRACE::2026-03-06.23:10:32::SCWMssOS::"Running Make include in ps7_cortexa9_0/libsrc/cpu_cortexa9_v2_12/src"

TRACE::2026-03-06.23:10:32::SCWMssOS::make -C ps7_cortexa9_0/libsrc/cpu_cortexa9_v2_12/src -s include  "SHELL=CMD" "COMPILER=arm-none-eabi-gcc" "ASSEMBLER=arm-none-e
TRACE::2026-03-06.23:10:32::SCWMssOS::abi-as" "ARCHIVER=arm-none-eabi-ar" "COMPILER_FLAGS=  -O2 -c" "EXTRA_COMPILER_FLAGS=-mcpu=cortex-a9 -mfpu=vfpv3 -mfloat-abi=har
TRACE::2026-03-06.23:10:32::SCWMssOS::d -nostartfiles -g -Wall -Wextra -fno-tree-loop-distribute-patterns"

TRACE::2026-03-06.23:10:32::SCWMssOS::"Running Make include in ps7_cortexa9_0/libsrc/ddrps_v1_2/src"

TRACE::2026-03-06.23:10:32::SCWMssOS::make -C ps7_cortexa9_0/libsrc/ddrps_v1_2/src -s include  "SHELL=CMD" "COMPILER=arm-none-eabi-gcc" "ASSEMBLER=arm-none-eabi-as" 
TRACE::2026-03-06.23:10:32::SCWMssOS::"ARCHIVER=arm-none-eabi-ar" "COMPILER_FLAGS=  -O2 -c" "EXTRA_COMPILER_FLAGS=-mcpu=cortex-a9 -mfpu=vfpv3 -mfloat-abi=hard -nosta
TRACE::2026-03-06.23:10:32::SCWMssOS::rtfiles -g -Wall -Wextra -fno-tree-loop-distribute-patterns"

TRACE::2026-03-06.23:10:32::SCWMssOS::"Running Make include in ps7_cortexa9_0/libsrc/devcfg_v3_8/src"

TRACE::2026-03-06.23:10:32::SCWMssOS::make -C ps7_cortexa9_0/libsrc/devcfg_v3_8/src -s include  "SHELL=CMD" "COMPILER=arm-none-eabi-gcc" "ASSEMBLER=arm-none-eabi-as"
TRACE::2026-03-06.23:10:32::SCWMssOS:: "ARCHIVER=arm-none-eabi-ar" "COMPILER_FLAGS=  -O2 -c" "EXTRA_COMPILER_FLAGS=-mcpu=cortex-a9 -mfpu=vfpv3 -mfloat-abi=hard -nost
TRACE::2026-03-06.23:10:32::SCWMssOS::artfiles -g -Wall -Wextra -fno-tree-loop-distribute-patterns"

TRACE::2026-03-06.23:10:32::SCWMssOS::"Running Make include in ps7_cortexa9_0/libsrc/dmaps_v2_11/src"

TRACE::2026-03-06.23:10:32::SCWMssOS::make -C ps7_cortexa9_0/libsrc/dmaps_v2_11/src -s include  "SHELL=CMD" "COMPILER=arm-none-eabi-gcc" "ASSEMBLER=arm-none-eabi-as"
TRACE::2026-03-06.23:10:32::SCWMssOS:: "ARCHIVER=arm-none-eabi-ar" "COMPILER_FLAGS=  -O2 -c" "EXTRA_COMPILER_FLAGS=-mcpu=cortex-a9 -mfpu=vfpv3 -mfloat-abi=hard -nost
TRACE::2026-03-06.23:10:32::SCWMssOS::artfiles -g -Wall -Wextra -fno-tree-loop-distribute-patterns"

TRACE::2026-03-06.23:10:32::SCWMssOS::"Running Make include in ps7_cortexa9_0/libsrc/emacps_v3_21/src"

TRACE::2026-03-06.23:10:32::SCWMssOS::make -C ps7_cortexa9_0/libsrc/emacps_v3_21/src -s include  "SHELL=CMD" "COMPILER=arm-none-eabi-gcc" "ASSEMBLER=arm-none-eabi-as
TRACE::2026-03-06.23:10:32::SCWMssOS::" "ARCHIVER=arm-none-eabi-ar" "COMPILER_FLAGS=  -O2 -c" "EXTRA_COMPILER_FLAGS=-mcpu=cortex-a9 -mfpu=vfpv3 -mfloat-abi=hard -nos
TRACE::2026-03-06.23:10:32::SCWMssOS::tartfiles -g -Wall -Wextra -fno-tree-loop-distribute-patterns"

TRACE::2026-03-06.23:10:32::SCWMssOS::"Running Make include in ps7_cortexa9_0/libsrc/gpiops_v3_13/src"

TRACE::2026-03-06.23:10:32::SCWMssOS::make -C ps7_cortexa9_0/libsrc/gpiops_v3_13/src -s include  "SHELL=CMD" "COMPILER=arm-none-eabi-gcc" "ASSEMBLER=arm-none-eabi-as
TRACE::2026-03-06.23:10:32::SCWMssOS::" "ARCHIVER=arm-none-eabi-ar" "COMPILER_FLAGS=  -O2 -c" "EXTRA_COMPILER_FLAGS=-mcpu=cortex-a9 -mfpu=vfpv3 -mfloat-abi=hard -nos
TRACE::2026-03-06.23:10:32::SCWMssOS::tartfiles -g -Wall -Wextra -fno-tree-loop-distribute-patterns"

TRACE::2026-03-06.23:10:32::SCWMssOS::"Running Make include in ps7_cortexa9_0/libsrc/gpio_v4_12/src"

TRACE::2026-03-06.23:10:32::SCWMssOS::make -C ps7_cortexa9_0/libsrc/gpio_v4_12/src -s include  "SHELL=CMD" "COMPILER=arm-none-eabi-gcc" "ASSEMBLER=arm-none-eabi-as" 
TRACE::2026-03-06.23:10:32::SCWMssOS::"ARCHIVER=arm-none-eabi-ar" "COMPILER_FLAGS=  -O2 -c" "EXTRA_COMPILER_FLAGS=-mcpu=cortex-a9 -mfpu=vfpv3 -mfloat-abi=hard -nosta
TRACE::2026-03-06.23:10:32::SCWMssOS::rtfiles -g -Wall -Wextra -fno-tree-loop-distribute-patterns"

TRACE::2026-03-06.23:10:32::SCWMssOS::"Running Make include in ps7_cortexa9_0/libsrc/qspips_v3_13/src"

TRACE::2026-03-06.23:10:32::SCWMssOS::make -C ps7_cortexa9_0/libsrc/qspips_v3_13/src -s include  "SHELL=CMD" "COMPILER=arm-none-eabi-gcc" "ASSEMBLER=arm-none-eabi-as
TRACE::2026-03-06.23:10:32::SCWMssOS::" "ARCHIVER=arm-none-eabi-ar" "COMPILER_FLAGS=  -O2 -c" "EXTRA_COMPILER_FLAGS=-mcpu=cortex-a9 -mfpu=vfpv3 -mfloat-abi=hard -nos
TRACE::2026-03-06.23:10:32::SCWMssOS::tartfiles -g -Wall -Wextra -fno-tree-loop-distribute-patterns"

TRACE::2026-03-06.23:10:32::SCWMssOS::"Running Make include in ps7_cortexa9_0/libsrc/scugic_v5_4/src"

TRACE::2026-03-06.23:10:32::SCWMssOS::make -C ps7_cortexa9_0/libsrc/scugic_v5_4/src -s include  "SHELL=CMD" "COMPILER=arm-none-eabi-gcc" "ASSEMBLER=arm-none-eabi-as"
TRACE::2026-03-06.23:10:32::SCWMssOS:: "ARCHIVER=arm-none-eabi-ar" "COMPILER_FLAGS=  -O2 -c" "EXTRA_COMPILER_FLAGS=-mcpu=cortex-a9 -mfpu=vfpv3 -mfloat-abi=hard -nost
TRACE::2026-03-06.23:10:32::SCWMssOS::artfiles -g -Wall -Wextra -fno-tree-loop-distribute-patterns"

TRACE::2026-03-06.23:10:32::SCWMssOS::"Running Make include in ps7_cortexa9_0/libsrc/scutimer_v2_6/src"

TRACE::2026-03-06.23:10:32::SCWMssOS::make -C ps7_cortexa9_0/libsrc/scutimer_v2_6/src -s include  "SHELL=CMD" "COMPILER=arm-none-eabi-gcc" "ASSEMBLER=arm-none-eabi-a
TRACE::2026-03-06.23:10:32::SCWMssOS::s" "ARCHIVER=arm-none-eabi-ar" "COMPILER_FLAGS=  -O2 -c" "EXTRA_COMPILER_FLAGS=-mcpu=cortex-a9 -mfpu=vfpv3 -mfloat-abi=hard -no
TRACE::2026-03-06.23:10:32::SCWMssOS::startfiles -g -Wall -Wextra -fno-tree-loop-distribute-patterns"

TRACE::2026-03-06.23:10:32::SCWMssOS::"Running Make include in ps7_cortexa9_0/libsrc/scuwdt_v2_6/src"

TRACE::2026-03-06.23:10:32::SCWMssOS::make -C ps7_cortexa9_0/libsrc/scuwdt_v2_6/src -s include  "SHELL=CMD" "COMPILER=arm-none-eabi-gcc" "ASSEMBLER=arm-none-eabi-as"
TRACE::2026-03-06.23:10:32::SCWMssOS:: "ARCHIVER=arm-none-eabi-ar" "COMPILER_FLAGS=  -O2 -c" "EXTRA_COMPILER_FLAGS=-mcpu=cortex-a9 -mfpu=vfpv3 -mfloat-abi=hard -nost
TRACE::2026-03-06.23:10:32::SCWMssOS::artfiles -g -Wall -Wextra -fno-tree-loop-distribute-patterns"

TRACE::2026-03-06.23:10:32::SCWMssOS::"Running Make include in ps7_cortexa9_0/libsrc/sdps_v4_4/src"

TRACE::2026-03-06.23:10:32::SCWMssOS::make -C ps7_cortexa9_0/libsrc/sdps_v4_4/src -s include  "SHELL=CMD" "COMPILER=arm-none-eabi-gcc" "ASSEMBLER=arm-none-eabi-as" "
TRACE::2026-03-06.23:10:32::SCWMssOS::ARCHIVER=arm-none-eabi-ar" "COMPILER_FLAGS=  -O2 -c" "EXTRA_COMPILER_FLAGS=-mcpu=cortex-a9 -mfpu=vfpv3 -mfloat-abi=hard -nostar
TRACE::2026-03-06.23:10:32::SCWMssOS::tfiles -g -Wall -Wextra -fno-tree-loop-distribute-patterns"

TRACE::2026-03-06.23:10:32::SCWMssOS::"Running Make include in ps7_cortexa9_0/libsrc/standalone_v9_2/src"

TRACE::2026-03-06.23:10:32::SCWMssOS::make -C ps7_cortexa9_0/libsrc/standalone_v9_2/src -s include  "SHELL=CMD" "COMPILER=arm-none-eabi-gcc" "ASSEMBLER=arm-none-eabi
TRACE::2026-03-06.23:10:32::SCWMssOS::-as" "ARCHIVER=arm-none-eabi-ar" "COMPILER_FLAGS=  -O2 -c" "EXTRA_COMPILER_FLAGS=-mcpu=cortex-a9 -mfpu=vfpv3 -mfloat-abi=hard -
TRACE::2026-03-06.23:10:32::SCWMssOS::nostartfiles -g -Wall -Wextra -fno-tree-loop-distribute-patterns"

TRACE::2026-03-06.23:10:32::SCWMssOS::"Running Make include in ps7_cortexa9_0/libsrc/ttcps_v3_20/src"

TRACE::2026-03-06.23:10:32::SCWMssOS::make -C ps7_cortexa9_0/libsrc/ttcps_v3_20/src -s include  "SHELL=CMD" "COMPILER=arm-none-eabi-gcc" "ASSEMBLER=arm-none-eabi-as"
TRACE::2026-03-06.23:10:32::SCWMssOS:: "ARCHIVER=arm-none-eabi-ar" "COMPILER_FLAGS=  -O2 -c" "EXTRA_COMPILER_FLAGS=-mcpu=cortex-a9 -mfpu=vfpv3 -mfloat-abi=hard -nost
TRACE::2026-03-06.23:10:32::SCWMssOS::artfiles -g -Wall -Wextra -fno-tree-loop-distribute-patterns"

TRACE::2026-03-06.23:10:32::SCWMssOS::"Running Make include in ps7_cortexa9_0/libsrc/uartps_v3_15/src"

TRACE::2026-03-06.23:10:32::SCWMssOS::make -C ps7_cortexa9_0/libsrc/uartps_v3_15/src -s include  "SHELL=CMD" "COMPILER=arm-none-eabi-gcc" "ASSEMBLER=arm-none-eabi-as
TRACE::2026-03-06.23:10:32::SCWMssOS::" "ARCHIVER=arm-none-eabi-ar" "COMPILER_FLAGS=  -O2 -c" "EXTRA_COMPILER_FLAGS=-mcpu=cortex-a9 -mfpu=vfpv3 -mfloat-abi=hard -nos
TRACE::2026-03-06.23:10:32::SCWMssOS::tartfiles -g -Wall -Wextra -fno-tree-loop-distribute-patterns"

TRACE::2026-03-06.23:10:32::SCWMssOS::"Running Make include in ps7_cortexa9_0/libsrc/usbps_v2_9/src"

TRACE::2026-03-06.23:10:32::SCWMssOS::make -C ps7_cortexa9_0/libsrc/usbps_v2_9/src -s include  "SHELL=CMD" "COMPILER=arm-none-eabi-gcc" "ASSEMBLER=arm-none-eabi-as" 
TRACE::2026-03-06.23:10:32::SCWMssOS::"ARCHIVER=arm-none-eabi-ar" "COMPILER_FLAGS=  -O2 -c" "EXTRA_COMPILER_FLAGS=-mcpu=cortex-a9 -mfpu=vfpv3 -mfloat-abi=hard -nosta
TRACE::2026-03-06.23:10:32::SCWMssOS::rtfiles -g -Wall -Wextra -fno-tree-loop-distribute-patterns"

TRACE::2026-03-06.23:10:32::SCWMssOS::"Running Make include in ps7_cortexa9_0/libsrc/xadcps_v2_7/src"

TRACE::2026-03-06.23:10:32::SCWMssOS::make -C ps7_cortexa9_0/libsrc/xadcps_v2_7/src -s include  "SHELL=CMD" "COMPILER=arm-none-eabi-gcc" "ASSEMBLER=arm-none-eabi-as"
TRACE::2026-03-06.23:10:32::SCWMssOS:: "ARCHIVER=arm-none-eabi-ar" "COMPILER_FLAGS=  -O2 -c" "EXTRA_COMPILER_FLAGS=-mcpu=cortex-a9 -mfpu=vfpv3 -mfloat-abi=hard -nost
TRACE::2026-03-06.23:10:32::SCWMssOS::artfiles -g -Wall -Wextra -fno-tree-loop-distribute-patterns"

TRACE::2026-03-06.23:10:33::SCWMssOS::"Running Make include in ps7_cortexa9_0/libsrc/xilffs_v5_3/src"

TRACE::2026-03-06.23:10:33::SCWMssOS::make -C ps7_cortexa9_0/libsrc/xilffs_v5_3/src -s include  "SHELL=CMD" "COMPILER=arm-none-eabi-gcc" "ASSEMBLER=arm-none-eabi-as"
TRACE::2026-03-06.23:10:33::SCWMssOS:: "ARCHIVER=arm-none-eabi-ar" "COMPILER_FLAGS=  -O2 -c" "EXTRA_COMPILER_FLAGS=-mcpu=cortex-a9 -mfpu=vfpv3 -mfloat-abi=hard -nost
TRACE::2026-03-06.23:10:33::SCWMssOS::artfiles -g -Wall -Wextra -fno-tree-loop-distribute-patterns"

TRACE::2026-03-06.23:10:33::SCWMssOS::"Running Make include in ps7_cortexa9_0/libsrc/xiltimer_v2_1/src"

TRACE::2026-03-06.23:10:33::SCWMssOS::make -C ps7_cortexa9_0/libsrc/xiltimer_v2_1/src -s include  "SHELL=CMD" "COMPILER=arm-none-eabi-gcc" "ASSEMBLER=arm-none-eabi-a
TRACE::2026-03-06.23:10:33::SCWMssOS::s" "ARCHIVER=arm-none-eabi-ar" "COMPILER_FLAGS=  -O2 -c" "EXTRA_COMPILER_FLAGS=-mcpu=cortex-a9 -mfpu=vfpv3 -mfloat-abi=hard -no
TRACE::2026-03-06.23:10:33::SCWMssOS::startfiles -g -Wall -Wextra -fno-tree-loop-distribute-patterns"

TRACE::2026-03-06.23:10:33::SCWMssOS::"Running Make libs in ps7_cortexa9_0/libsrc/coresightps_dcc_v1_11/src"

TRACE::2026-03-06.23:10:33::SCWMssOS::make -C ps7_cortexa9_0/libsrc/coresightps_dcc_v1_11/src -s libs  "SHELL=CMD" "COMPILER=arm-none-eabi-gcc" "ASSEMBLER=arm-none-e
TRACE::2026-03-06.23:10:33::SCWMssOS::abi-as" "ARCHIVER=arm-none-eabi-ar" "COMPILER_FLAGS=  -O2 -c" "EXTRA_COMPILER_FLAGS=-mcpu=cortex-a9 -mfpu=vfpv3 -mfloat-abi=har
TRACE::2026-03-06.23:10:33::SCWMssOS::d -nostartfiles -g -Wall -Wextra -fno-tree-loop-distribute-patterns"

TRACE::2026-03-06.23:10:33::SCWMssOS::"Running Make libs in ps7_cortexa9_0/libsrc/cpu_cortexa9_v2_12/src"

TRACE::2026-03-06.23:10:33::SCWMssOS::make -C ps7_cortexa9_0/libsrc/cpu_cortexa9_v2_12/src -s libs  "SHELL=CMD" "COMPILER=arm-none-eabi-gcc" "ASSEMBLER=arm-none-eabi
TRACE::2026-03-06.23:10:33::SCWMssOS::-as" "ARCHIVER=arm-none-eabi-ar" "COMPILER_FLAGS=  -O2 -c" "EXTRA_COMPILER_FLAGS=-mcpu=cortex-a9 -mfpu=vfpv3 -mfloat-abi=hard -
TRACE::2026-03-06.23:10:33::SCWMssOS::nostartfiles -g -Wall -Wextra -fno-tree-loop-distribute-patterns"

TRACE::2026-03-06.23:10:33::SCWMssOS::"Running Make libs in ps7_cortexa9_0/libsrc/ddrps_v1_2/src"

TRACE::2026-03-06.23:10:33::SCWMssOS::make -C ps7_cortexa9_0/libsrc/ddrps_v1_2/src -s libs  "SHELL=CMD" "COMPILER=arm-none-eabi-gcc" "ASSEMBLER=arm-none-eabi-as" "AR
TRACE::2026-03-06.23:10:33::SCWMssOS::CHIVER=arm-none-eabi-ar" "COMPILER_FLAGS=  -O2 -c" "EXTRA_COMPILER_FLAGS=-mcpu=cortex-a9 -mfpu=vfpv3 -mfloat-abi=hard -nostartf
TRACE::2026-03-06.23:10:33::SCWMssOS::iles -g -Wall -Wextra -fno-tree-loop-distribute-patterns"

TRACE::2026-03-06.23:10:33::SCWMssOS::"Running Make libs in ps7_cortexa9_0/libsrc/devcfg_v3_8/src"

TRACE::2026-03-06.23:10:33::SCWMssOS::make -C ps7_cortexa9_0/libsrc/devcfg_v3_8/src -s libs  "SHELL=CMD" "COMPILER=arm-none-eabi-gcc" "ASSEMBLER=arm-none-eabi-as" "A
TRACE::2026-03-06.23:10:33::SCWMssOS::RCHIVER=arm-none-eabi-ar" "COMPILER_FLAGS=  -O2 -c" "EXTRA_COMPILER_FLAGS=-mcpu=cortex-a9 -mfpu=vfpv3 -mfloat-abi=hard -nostart
TRACE::2026-03-06.23:10:33::SCWMssOS::files -g -Wall -Wextra -fno-tree-loop-distribute-patterns"

TRACE::2026-03-06.23:10:33::SCWMssOS::"Running Make libs in ps7_cortexa9_0/libsrc/dmaps_v2_11/src"

TRACE::2026-03-06.23:10:33::SCWMssOS::make -C ps7_cortexa9_0/libsrc/dmaps_v2_11/src -s libs  "SHELL=CMD" "COMPILER=arm-none-eabi-gcc" "ASSEMBLER=arm-none-eabi-as" "A
TRACE::2026-03-06.23:10:33::SCWMssOS::RCHIVER=arm-none-eabi-ar" "COMPILER_FLAGS=  -O2 -c" "EXTRA_COMPILER_FLAGS=-mcpu=cortex-a9 -mfpu=vfpv3 -mfloat-abi=hard -nostart
TRACE::2026-03-06.23:10:33::SCWMssOS::files -g -Wall -Wextra -fno-tree-loop-distribute-patterns"

TRACE::2026-03-06.23:10:33::SCWMssOS::"Running Make libs in ps7_cortexa9_0/libsrc/emacps_v3_21/src"

TRACE::2026-03-06.23:10:33::SCWMssOS::make -C ps7_cortexa9_0/libsrc/emacps_v3_21/src -s libs  "SHELL=CMD" "COMPILER=arm-none-eabi-gcc" "ASSEMBLER=arm-none-eabi-as" "
TRACE::2026-03-06.23:10:33::SCWMssOS::ARCHIVER=arm-none-eabi-ar" "COMPILER_FLAGS=  -O2 -c" "EXTRA_COMPILER_FLAGS=-mcpu=cortex-a9 -mfpu=vfpv3 -mfloat-abi=hard -nostar
TRACE::2026-03-06.23:10:33::SCWMssOS::tfiles -g -Wall -Wextra -fno-tree-loop-distribute-patterns"

TRACE::2026-03-06.23:10:33::SCWMssOS::"Running Make libs in ps7_cortexa9_0/libsrc/gpiops_v3_13/src"

TRACE::2026-03-06.23:10:33::SCWMssOS::make -C ps7_cortexa9_0/libsrc/gpiops_v3_13/src -s libs  "SHELL=CMD" "COMPILER=arm-none-eabi-gcc" "ASSEMBLER=arm-none-eabi-as" "
TRACE::2026-03-06.23:10:33::SCWMssOS::ARCHIVER=arm-none-eabi-ar" "COMPILER_FLAGS=  -O2 -c" "EXTRA_COMPILER_FLAGS=-mcpu=cortex-a9 -mfpu=vfpv3 -mfloat-abi=hard -nostar
TRACE::2026-03-06.23:10:33::SCWMssOS::tfiles -g -Wall -Wextra -fno-tree-loop-distribute-patterns"

TRACE::2026-03-06.23:10:33::SCWMssOS::"Running Make libs in ps7_cortexa9_0/libsrc/gpio_v4_12/src"

TRACE::2026-03-06.23:10:33::SCWMssOS::make -C ps7_cortexa9_0/libsrc/gpio_v4_12/src -s libs  "SHELL=CMD" "COMPILER=arm-none-eabi-gcc" "ASSEMBLER=arm-none-eabi-as" "AR
TRACE::2026-03-06.23:10:33::SCWMssOS::CHIVER=arm-none-eabi-ar" "COMPILER_FLAGS=  -O2 -c" "EXTRA_COMPILER_FLAGS=-mcpu=cortex-a9 -mfpu=vfpv3 -mfloat-abi=hard -nostartf
TRACE::2026-03-06.23:10:33::SCWMssOS::iles -g -Wall -Wextra -fno-tree-loop-distribute-patterns"

TRACE::2026-03-06.23:10:33::SCWMssOS::"Running Make libs in ps7_cortexa9_0/libsrc/qspips_v3_13/src"

TRACE::2026-03-06.23:10:33::SCWMssOS::make -C ps7_cortexa9_0/libsrc/qspips_v3_13/src -s libs  "SHELL=CMD" "COMPILER=arm-none-eabi-gcc" "ASSEMBLER=arm-none-eabi-as" "
TRACE::2026-03-06.23:10:33::SCWMssOS::ARCHIVER=arm-none-eabi-ar" "COMPILER_FLAGS=  -O2 -c" "EXTRA_COMPILER_FLAGS=-mcpu=cortex-a9 -mfpu=vfpv3 -mfloat-abi=hard -nostar
TRACE::2026-03-06.23:10:33::SCWMssOS::tfiles -g -Wall -Wextra -fno-tree-loop-distribute-patterns"

TRACE::2026-03-06.23:10:33::SCWMssOS::"Running Make libs in ps7_cortexa9_0/libsrc/scugic_v5_4/src"

TRACE::2026-03-06.23:10:33::SCWMssOS::make -C ps7_cortexa9_0/libsrc/scugic_v5_4/src -s libs  "SHELL=CMD" "COMPILER=arm-none-eabi-gcc" "ASSEMBLER=arm-none-eabi-as" "A
TRACE::2026-03-06.23:10:33::SCWMssOS::RCHIVER=arm-none-eabi-ar" "COMPILER_FLAGS=  -O2 -c" "EXTRA_COMPILER_FLAGS=-mcpu=cortex-a9 -mfpu=vfpv3 -mfloat-abi=hard -nostart
TRACE::2026-03-06.23:10:33::SCWMssOS::files -g -Wall -Wextra -fno-tree-loop-distribute-patterns"

TRACE::2026-03-06.23:10:33::SCWMssOS::"Running Make libs in ps7_cortexa9_0/libsrc/scutimer_v2_6/src"

TRACE::2026-03-06.23:10:33::SCWMssOS::make -C ps7_cortexa9_0/libsrc/scutimer_v2_6/src -s libs  "SHELL=CMD" "COMPILER=arm-none-eabi-gcc" "ASSEMBLER=arm-none-eabi-as" 
TRACE::2026-03-06.23:10:33::SCWMssOS::"ARCHIVER=arm-none-eabi-ar" "COMPILER_FLAGS=  -O2 -c" "EXTRA_COMPILER_FLAGS=-mcpu=cortex-a9 -mfpu=vfpv3 -mfloat-abi=hard -nosta
TRACE::2026-03-06.23:10:33::SCWMssOS::rtfiles -g -Wall -Wextra -fno-tree-loop-distribute-patterns"

TRACE::2026-03-06.23:10:33::SCWMssOS::"Running Make libs in ps7_cortexa9_0/libsrc/scuwdt_v2_6/src"

TRACE::2026-03-06.23:10:33::SCWMssOS::make -C ps7_cortexa9_0/libsrc/scuwdt_v2_6/src -s libs  "SHELL=CMD" "COMPILER=arm-none-eabi-gcc" "ASSEMBLER=arm-none-eabi-as" "A
TRACE::2026-03-06.23:10:33::SCWMssOS::RCHIVER=arm-none-eabi-ar" "COMPILER_FLAGS=  -O2 -c" "EXTRA_COMPILER_FLAGS=-mcpu=cortex-a9 -mfpu=vfpv3 -mfloat-abi=hard -nostart
TRACE::2026-03-06.23:10:33::SCWMssOS::files -g -Wall -Wextra -fno-tree-loop-distribute-patterns"

TRACE::2026-03-06.23:10:34::SCWMssOS::"Running Make libs in ps7_cortexa9_0/libsrc/sdps_v4_4/src"

TRACE::2026-03-06.23:10:34::SCWMssOS::make -C ps7_cortexa9_0/libsrc/sdps_v4_4/src -s libs  "SHELL=CMD" "COMPILER=arm-none-eabi-gcc" "ASSEMBLER=arm-none-eabi-as" "ARC
TRACE::2026-03-06.23:10:34::SCWMssOS::HIVER=arm-none-eabi-ar" "COMPILER_FLAGS=  -O2 -c" "EXTRA_COMPILER_FLAGS=-mcpu=cortex-a9 -mfpu=vfpv3 -mfloat-abi=hard -nostartfi
TRACE::2026-03-06.23:10:34::SCWMssOS::les -g -Wall -Wextra -fno-tree-loop-distribute-patterns"

TRACE::2026-03-06.23:10:34::SCWMssOS::"Running Make libs in ps7_cortexa9_0/libsrc/standalone_v9_2/src"

TRACE::2026-03-06.23:10:34::SCWMssOS::"Running Make libs in ps7_cortexa9_0/libsrc/ttcps_v3_20/src"

TRACE::2026-03-06.23:10:34::SCWMssOS::make -C ps7_cortexa9_0/libsrc/standalone_v9_2/src -s libs  "SHELL=CMD" "COMPILER=arm-none-eabi-gcc" "ASSEMBLER=arm-none-eabi-as
TRACE::2026-03-06.23:10:34::SCWMssOS::" "ARCHIVER=arm-none-eabi-ar" "COMPILER_FLAGS=  -O2 -c" "EXTRA_COMPILER_FLAGS=-mcpu=cortex-a9 -mfpu=vfpv3 -mfloat-abi=hard -nos
TRACE::2026-03-06.23:10:34::SCWMssOS::tartfiles -g -Wall -Wextra -fno-tree-loop-distribute-patterns"

TRACE::2026-03-06.23:10:34::SCWMssOS::make -C ps7_cortexa9_0/libsrc/ttcps_v3_20/src -s libs  "SHELL=CMD" "COMPILER=arm-none-eabi-gcc" "ASSEMBLER=arm-none-eabi-as" "A
TRACE::2026-03-06.23:10:34::SCWMssOS::RCHIVER=arm-none-eabi-ar" "COMPILER_FLAGS=  -O2 -c" "EXTRA_COMPILER_FLAGS=-mcpu=cortex-a9 -mfpu=vfpv3 -mfloat-abi=hard -nostart
TRACE::2026-03-06.23:10:34::SCWMssOS::files -g -Wall -Wextra -fno-tree-loop-distribute-patterns"

TRACE::2026-03-06.23:10:34::SCWMssOS::"Running Make libs in ps7_cortexa9_0/libsrc/uartps_v3_15/src"

TRACE::2026-03-06.23:10:34::SCWMssOS::make -C ps7_cortexa9_0/libsrc/uartps_v3_15/src -s libs  "SHELL=CMD" "COMPILER=arm-none-eabi-gcc" "ASSEMBLER=arm-none-eabi-as" "
TRACE::2026-03-06.23:10:34::SCWMssOS::ARCHIVER=arm-none-eabi-ar" "COMPILER_FLAGS=  -O2 -c" "EXTRA_COMPILER_FLAGS=-mcpu=cortex-a9 -mfpu=vfpv3 -mfloat-abi=hard -nostar
TRACE::2026-03-06.23:10:34::SCWMssOS::tfiles -g -Wall -Wextra -fno-tree-loop-distribute-patterns"

TRACE::2026-03-06.23:10:34::SCWMssOS::"Running Make libs in ps7_cortexa9_0/libsrc/usbps_v2_9/src"

TRACE::2026-03-06.23:10:34::SCWMssOS::make -C ps7_cortexa9_0/libsrc/usbps_v2_9/src -s libs  "SHELL=CMD" "COMPILER=arm-none-eabi-gcc" "ASSEMBLER=arm-none-eabi-as" "AR
TRACE::2026-03-06.23:10:34::SCWMssOS::CHIVER=arm-none-eabi-ar" "COMPILER_FLAGS=  -O2 -c" "EXTRA_COMPILER_FLAGS=-mcpu=cortex-a9 -mfpu=vfpv3 -mfloat-abi=hard -nostartf
TRACE::2026-03-06.23:10:34::SCWMssOS::iles -g -Wall -Wextra -fno-tree-loop-distribute-patterns"

TRACE::2026-03-06.23:10:34::SCWMssOS::"Running Make libs in ps7_cortexa9_0/libsrc/xadcps_v2_7/src"

TRACE::2026-03-06.23:10:34::SCWMssOS::make -C ps7_cortexa9_0/libsrc/xadcps_v2_7/src -s libs  "SHELL=CMD" "COMPILER=arm-none-eabi-gcc" "ASSEMBLER=arm-none-eabi-as" "A
TRACE::2026-03-06.23:10:34::SCWMssOS::RCHIVER=arm-none-eabi-ar" "COMPILER_FLAGS=  -O2 -c" "EXTRA_COMPILER_FLAGS=-mcpu=cortex-a9 -mfpu=vfpv3 -mfloat-abi=hard -nostart
TRACE::2026-03-06.23:10:34::SCWMssOS::files -g -Wall -Wextra -fno-tree-loop-distribute-patterns"

TRACE::2026-03-06.23:10:34::SCWMssOS::"Running Make libs in ps7_cortexa9_0/libsrc/xilffs_v5_3/src"

TRACE::2026-03-06.23:10:34::SCWMssOS::make -C ps7_cortexa9_0/libsrc/xilffs_v5_3/src -s libs  "SHELL=CMD" "COMPILER=arm-none-eabi-gcc" "ASSEMBLER=arm-none-eabi-as" "A
TRACE::2026-03-06.23:10:34::SCWMssOS::RCHIVER=arm-none-eabi-ar" "COMPILER_FLAGS=  -O2 -c" "EXTRA_COMPILER_FLAGS=-mcpu=cortex-a9 -mfpu=vfpv3 -mfloat-abi=hard -nostart
TRACE::2026-03-06.23:10:34::SCWMssOS::files -g -Wall -Wextra -fno-tree-loop-distribute-patterns"

TRACE::2026-03-06.23:10:34::SCWMssOS::"Running Make libs in ps7_cortexa9_0/libsrc/xiltimer_v2_1/src"

TRACE::2026-03-06.23:10:34::SCWMssOS::make -C ps7_cortexa9_0/libsrc/xiltimer_v2_1/src -s libs  "SHELL=CMD" "COMPILER=arm-none-eabi-gcc" "ASSEMBLER=arm-none-eabi-as" 
TRACE::2026-03-06.23:10:34::SCWMssOS::"ARCHIVER=arm-none-eabi-ar" "COMPILER_FLAGS=  -O2 -c" "EXTRA_COMPILER_FLAGS=-mcpu=cortex-a9 -mfpu=vfpv3 -mfloat-abi=hard -nosta
TRACE::2026-03-06.23:10:34::SCWMssOS::rtfiles -g -Wall -Wextra -fno-tree-loop-distribute-patterns"

TRACE::2026-03-06.23:10:34::SCWMssOS::"Compiling xiltimer Library"

TRACE::2026-03-06.23:10:35::SCWMssOS::'Finished building libraries parallelly.'

TRACE::2026-03-06.23:10:35::SCWMssOS::make --no-print-directory archive

TRACE::2026-03-06.23:10:35::SCWMssOS::arm-none-eabi-ar -r  ps7_cortexa9_0/lib/libxil.a ps7_cortexa9_0/lib/_exit.o ps7_cortexa9_0/lib/_open.o ps7_cortexa9_0/lib/_sbrk
TRACE::2026-03-06.23:10:35::SCWMssOS::.o ps7_cortexa9_0/lib/abort.o ps7_cortexa9_0/lib/asm_vectors.o ps7_cortexa9_0/lib/boot.o ps7_cortexa9_0/lib/close.o ps7_cortexa
TRACE::2026-03-06.23:10:35::SCWMssOS::9_0/lib/cpputest_time.o ps7_cortexa9_0/lib/cpu_init.o ps7_cortexa9_0/lib/errno.o ps7_cortexa9_0/lib/fcntl.o ps7_cortexa9_0/lib/
TRACE::2026-03-06.23:10:35::SCWMssOS::fstat.o ps7_cortexa9_0/lib/getentropy.o ps7_cortexa9_0/lib/getpid.o ps7_cortexa9_0/lib/gettimeofday.o ps7_cortexa9_0/lib/inbyte
TRACE::2026-03-06.23:10:35::SCWMssOS::.o ps7_cortexa9_0/lib/isatty.o ps7_cortexa9_0/lib/kill.o ps7_cortexa9_0/lib/lseek.o ps7_cortexa9_0/lib/open.o ps7_cortexa9_0/li
TRACE::2026-03-06.23:10:35::SCWMssOS::b/outbyte.o ps7_cortexa9_0/lib/print.o ps7_cortexa9_0/lib/putnum.o ps7_cortexa9_0/lib/read.o ps7_cortexa9_0/lib/sbrk.o ps7_cort
TRACE::2026-03-06.23:10:35::SCWMssOS::exa9_0/lib/time.o ps7_cortexa9_0/lib/translation_table.o ps7_cortexa9_0/lib/unlink.o ps7_cortexa9_0/lib/vectors.o ps7_cortexa9_
TRACE::2026-03-06.23:10:35::SCWMssOS::0/lib/write.o ps7_cortexa9_0/lib/xadcps.o ps7_cortexa9_0/lib/xadcps_g.o ps7_cortexa9_0/lib/xadcps_intr.o ps7_cortexa9_0/lib/xad
TRACE::2026-03-06.23:10:35::SCWMssOS::cps_selftest.o ps7_cortexa9_0/lib/xadcps_sinit.o ps7_cortexa9_0/lib/xcoresightpsdcc.o ps7_cortexa9_0/lib/xdevcfg.o ps7_cortexa9
TRACE::2026-03-06.23:10:35::SCWMssOS::_0/lib/xdevcfg_g.o ps7_cortexa9_0/lib/xdevcfg_hw.o ps7_cortexa9_0/lib/xdevcfg_intr.o ps7_cortexa9_0/lib/xdevcfg_selftest.o ps7_
TRACE::2026-03-06.23:10:35::SCWMssOS::cortexa9_0/lib/xdevcfg_sinit.o ps7_cortexa9_0/lib/xdmaps.o ps7_cortexa9_0/lib/xdmaps_g.o ps7_cortexa9_0/lib/xdmaps_hw.o ps7_cor
TRACE::2026-03-06.23:10:35::SCWMssOS::texa9_0/lib/xdmaps_selftest.o ps7_cortexa9_0/lib/xdmaps_sinit.o ps7_cortexa9_0/lib/xemacps.o ps7_cortexa9_0/lib/xemacps_bdring.
TRACE::2026-03-06.23:10:35::SCWMssOS::o ps7_cortexa9_0/lib/xemacps_control.o ps7_cortexa9_0/lib/xemacps_g.o ps7_cortexa9_0/lib/xemacps_hw.o ps7_cortexa9_0/lib/xemacp
TRACE::2026-03-06.23:10:35::SCWMssOS::s_intr.o ps7_cortexa9_0/lib/xemacps_sinit.o ps7_cortexa9_0/lib/xgpio.o ps7_cortexa9_0/lib/xgpio_extra.o ps7_cortexa9_0/lib/xgpi
TRACE::2026-03-06.23:10:35::SCWMssOS::o_g.o ps7_cortexa9_0/lib/xgpio_intr.o ps7_cortexa9_0/lib/xgpio_selftest.o ps7_cortexa9_0/lib/xgpio_sinit.o ps7_cortexa9_0/lib/x
TRACE::2026-03-06.23:10:35::SCWMssOS::gpiops.o ps7_cortexa9_0/lib/xgpiops_g.o ps7_cortexa9_0/lib/xgpiops_hw.o ps7_cortexa9_0/lib/xgpiops_intr.o ps7_cortexa9_0/lib/xg
TRACE::2026-03-06.23:10:35::SCWMssOS::piops_selftest.o ps7_cortexa9_0/lib/xgpiops_sinit.o ps7_cortexa9_0/lib/xil-crt0.o ps7_cortexa9_0/lib/xil_assert.o ps7_cortexa9_
TRACE::2026-03-06.23:10:35::SCWMssOS::0/lib/xil_cache.o ps7_cortexa9_0/lib/xil_clocking.o ps7_cortexa9_0/lib/xil_exception.o ps7_cortexa9_0/lib/xil_mem.o ps7_cortexa
TRACE::2026-03-06.23:10:35::SCWMssOS::9_0/lib/xil_misc_psreset_api.o ps7_cortexa9_0/lib/xil_mmu.o ps7_cortexa9_0/lib/xil_printf.o ps7_cortexa9_0/lib/xil_spinlock.o p
TRACE::2026-03-06.23:10:35::SCWMssOS::s7_cortexa9_0/lib/xil_sutil.o ps7_cortexa9_0/lib/xil_testcache.o ps7_cortexa9_0/lib/xil_testio.o ps7_cortexa9_0/lib/xil_testmem
TRACE::2026-03-06.23:10:35::SCWMssOS::.o ps7_cortexa9_0/lib/xil_util.o ps7_cortexa9_0/lib/xinterrupt_wrap.o ps7_cortexa9_0/lib/xl2cc_counter.o ps7_cortexa9_0/lib/xpl
TRACE::2026-03-06.23:10:35::SCWMssOS::atform_info.o ps7_cortexa9_0/lib/xpm_counter.o ps7_cortexa9_0/lib/xpm_init.o ps7_cortexa9_0/lib/xqspips.o ps7_cortexa9_0/lib/xq
TRACE::2026-03-06.23:10:35::SCWMssOS::spips_g.o ps7_cortexa9_0/lib/xqspips_hw.o ps7_cortexa9_0/lib/xqspips_options.o ps7_cortexa9_0/lib/xqspips_selftest.o ps7_cortex
TRACE::2026-03-06.23:10:35::SCWMssOS::a9_0/lib/xqspips_sinit.o ps7_cortexa9_0/lib/xscugic.o ps7_cortexa9_0/lib/xscugic_g.o ps7_cortexa9_0/lib/xscugic_hw.o ps7_cortex
TRACE::2026-03-06.23:10:35::SCWMssOS::a9_0/lib/xscugic_intr.o ps7_cortexa9_0/lib/xscugic_selftest.o ps7_cortexa9_0/lib/xscugic_sinit.o ps7_cortexa9_0/lib/xscutimer.o
TRACE::2026-03-06.23:10:35::SCWMssOS:: ps7_cortexa9_0/lib/xscutimer_g.o ps7_cortexa9_0/lib/xscutimer_selftest.o ps7_cortexa9_0/lib/xscutimer_sinit.o ps7_cortexa9_0/l
TRACE::2026-03-06.23:10:35::SCWMssOS::ib/xscuwdt.o ps7_cortexa9_0/lib/xscuwdt_g.o ps7_cortexa9_0/lib/xscuwdt_selftest.o ps7_cortexa9_0/lib/xscuwdt_sinit.o ps7_cortex
TRACE::2026-03-06.23:10:35::SCWMssOS::a9_0/lib/xsdps.o ps7_cortexa9_0/lib/xsdps_card.o ps7_cortexa9_0/lib/xsdps_g.o ps7_cortexa9_0/lib/xsdps_host.o ps7_cortexa9_0/li
TRACE::2026-03-06.23:10:35::SCWMssOS::b/xsdps_options.o ps7_cortexa9_0/lib/xsdps_sinit.o ps7_cortexa9_0/lib/xttcps.o ps7_cortexa9_0/lib/xttcps_g.o ps7_cortexa9_0/lib
TRACE::2026-03-06.23:10:35::SCWMssOS::/xttcps_options.o ps7_cortexa9_0/lib/xttcps_selftest.o ps7_cortexa9_0/lib/xttcps_sinit.o ps7_cortexa9_0/lib/xuartps.o ps7_corte
TRACE::2026-03-06.23:10:35::SCWMssOS::xa9_0/lib/xuartps_g.o ps7_cortexa9_0/lib/xuartps_hw.o ps7_cortexa9_0/lib/xuartps_intr.o ps7_cortexa9_0/lib/xuartps_options.o ps
TRACE::2026-03-06.23:10:35::SCWMssOS::7_cortexa9_0/lib/xuartps_selftest.o ps7_cortexa9_0/lib/xuartps_sinit.o ps7_cortexa9_0/lib/xusbps.o ps7_cortexa9_0/lib/xusbps_en
TRACE::2026-03-06.23:10:35::SCWMssOS::dpoint.o ps7_cortexa9_0/lib/xusbps_g.o ps7_cortexa9_0/lib/xusbps_hw.o ps7_cortexa9_0/lib/xusbps_intr.o ps7_cortexa9_0/lib/xusbp
TRACE::2026-03-06.23:10:35::SCWMssOS::s_sinit.o

TRACE::2026-03-06.23:10:35::SCWMssOS::'Finished building libraries'

TRACE::2026-03-06.23:10:36::SCWMssOS::Copying to export directory.
TRACE::2026-03-06.23:10:36::SCWMssOS:: Checking if to create the Supporting Applications
TRACE::2026-03-06.23:10:36::SCWMssOS:: No Linux domain exists, trying to generate FSBL 
LOG::2026-03-06.23:10:36::SCWSystem::Completed Processing the domain standalone_domain
LOG::2026-03-06.23:10:36::SCWSystem::Completed Processing the sysconfig CNC-PL9
LOG::2026-03-06.23:10:36::SCWPlatform::Completed generating the artifacts for system configuration CNC-PL9
TRACE::2026-03-06.23:10:36::SCWPlatform::Started preparing the platform 
TRACE::2026-03-06.23:10:36::SCWSystem::Writing the bif file for system config CNC-PL9
TRACE::2026-03-06.23:10:36::SCWSystem::dir created 
TRACE::2026-03-06.23:10:36::SCWSystem::Writing the bif 
TRACE::2026-03-06.23:10:36::SCWPlatform::Started writing the spfm file 
TRACE::2026-03-06.23:10:36::SCWPlatform::Started writing the xpfm file 
TRACE::2026-03-06.23:10:36::SCWPlatform::Completed generating the platform
TRACE::2026-03-06.23:10:36::SCWMssOS::Saving the mss changes E:/Git-Repos/CNC-FPGA/Vitis3/CNC-PL9/zynq_fsbl/zynq_fsbl_bsp/system.mss
TRACE::2026-03-06.23:10:36::SCWMssOS::Found a swdesign opened with the mssfile.
TRACE::2026-03-06.23:10:36::SCWMssOS::Completed writemss as part of save.
TRACE::2026-03-06.23:10:36::SCWMssOS::Commit changes completed.
TRACE::2026-03-06.23:10:36::SCWMssOS::Saving the mss changes E:/Git-Repos/CNC-FPGA/Vitis3/CNC-PL9/ps7_cortexa9_0/standalone_domain/bsp/system.mss
TRACE::2026-03-06.23:10:36::SCWMssOS::Found a swdesign opened with the mssfile.
TRACE::2026-03-06.23:10:36::SCWMssOS::Completed writemss as part of save.
TRACE::2026-03-06.23:10:36::SCWMssOS::Commit changes completed.
TRACE::2026-03-06.23:10:36::SCWPlatform::Trying to open the hw design at E:/Git-Repos/CNC-FPGA/Vitis3/CNC-PL9/hw/CNC_Top_wrapper.xsa
TRACE::2026-03-06.23:10:36::SCWPlatform::DSA given E:/Git-Repos/CNC-FPGA/Vitis3/CNC-PL9/hw/CNC_Top_wrapper.xsa
TRACE::2026-03-06.23:10:36::SCWPlatform::DSA absoulate path E:/Git-Repos/CNC-FPGA/Vitis3/CNC-PL9/hw/CNC_Top_wrapper.xsa
TRACE::2026-03-06.23:10:36::SCWPlatform::DSA directory E:/Git-Repos/CNC-FPGA/Vitis3/CNC-PL9/hw
TRACE::2026-03-06.23:10:36::SCWPlatform:: Platform Path E:/Git-Repos/CNC-FPGA/Vitis3/CNC-PL9/hw/CNC_Top_wrapper.xsa
TRACE::2026-03-06.23:10:36::SCWPlatform:: Unique name xilinx:zedboard::0.0
TRACE::2026-03-06.23:10:36::SCWPlatform::Trying to set the existing hwdb with name CNC_Top_wrapper_5
TRACE::2026-03-06.23:10:36::SCWPlatform::Opened existing hwdb CNC_Top_wrapper_5
TRACE::2026-03-06.23:10:36::SCWPlatform::Found the Hw Db part of the input DSA
TRACE::2026-03-06.23:10:36::SCWMssOS::Checking the sw design at  E:/Git-Repos/CNC-FPGA/Vitis3/CNC-PL9/zynq_fsbl/zynq_fsbl_bsp/system.mss
TRACE::2026-03-06.23:10:36::SCWMssOS::DEBUG:  swdes dump  E:/Git-Repos/CNC-FPGA/Vitis3/CNC-PL8/ps7_cortexa9_0/standalone_domain/bsp/system.mss|system_0||
E:/Git-Repos/CNC-FPGA/Vitis3/CNC-PL8/zynq_fsbl/zynq_fsbl_bsp/system.mss|system||
E:/Git-Repos/CNC-FPGA/Vitis3/CNC-PL9/ps7_cortexa9_0/standalone_domain/bsp/system.mss|system_2||
E:/Git-Repos/CNC-FPGA/Vitis3/CNC-PL9/zynq_fsbl/zynq_fsbl_bsp/system.mss|system_1||

TRACE::2026-03-06.23:10:36::SCWMssOS::Sw design exists and opened at  E:/Git-Repos/CNC-FPGA/Vitis3/CNC-PL9/zynq_fsbl/zynq_fsbl_bsp/system.mss
TRACE::2026-03-06.23:10:36::SCWPlatform::Trying to open the hw design at E:/Git-Repos/CNC-FPGA/Vitis3/CNC-PL9/hw/CNC_Top_wrapper.xsa
TRACE::2026-03-06.23:10:36::SCWPlatform::DSA given E:/Git-Repos/CNC-FPGA/Vitis3/CNC-PL9/hw/CNC_Top_wrapper.xsa
TRACE::2026-03-06.23:10:36::SCWPlatform::DSA absoulate path E:/Git-Repos/CNC-FPGA/Vitis3/CNC-PL9/hw/CNC_Top_wrapper.xsa
TRACE::2026-03-06.23:10:36::SCWPlatform::DSA directory E:/Git-Repos/CNC-FPGA/Vitis3/CNC-PL9/hw
TRACE::2026-03-06.23:10:36::SCWPlatform:: Platform Path E:/Git-Repos/CNC-FPGA/Vitis3/CNC-PL9/hw/CNC_Top_wrapper.xsa
TRACE::2026-03-06.23:10:36::SCWPlatform:: Unique name xilinx:zedboard::0.0
TRACE::2026-03-06.23:10:36::SCWPlatform::Trying to set the existing hwdb with name CNC_Top_wrapper_5
TRACE::2026-03-06.23:10:36::SCWPlatform::Opened existing hwdb CNC_Top_wrapper_5
TRACE::2026-03-06.23:10:36::SCWPlatform::Found the Hw Db part of the input DSA
TRACE::2026-03-06.23:10:36::SCWMssOS::Checking the sw design at  E:/Git-Repos/CNC-FPGA/Vitis3/CNC-PL9/ps7_cortexa9_0/standalone_domain/bsp/system.mss
TRACE::2026-03-06.23:10:36::SCWMssOS::DEBUG:  swdes dump  E:/Git-Repos/CNC-FPGA/Vitis3/CNC-PL8/ps7_cortexa9_0/standalone_domain/bsp/system.mss|system_0||
E:/Git-Repos/CNC-FPGA/Vitis3/CNC-PL8/zynq_fsbl/zynq_fsbl_bsp/system.mss|system||
E:/Git-Repos/CNC-FPGA/Vitis3/CNC-PL9/ps7_cortexa9_0/standalone_domain/bsp/system.mss|system_2||
E:/Git-Repos/CNC-FPGA/Vitis3/CNC-PL9/zynq_fsbl/zynq_fsbl_bsp/system.mss|system_1||

TRACE::2026-03-06.23:10:36::SCWMssOS::Sw design exists and opened at  E:/Git-Repos/CNC-FPGA/Vitis3/CNC-PL9/ps7_cortexa9_0/standalone_domain/bsp/system.mss
TRACE::2026-03-06.23:10:36::SCWWriter::formatted JSON is {
	"platformName":	"CNC-PL9",
	"sprVersion":	"2.0",
	"mode":	"gui",
	"dsaType":	"Fixed",
	"platformDesc":	"CNC-PL9",
	"platHandOff":	"E:/Git-Repos/CNC-FPGA/Zedboard-CNC/CNC_Top_wrapper.xsa",
	"platIntHandOff":	"<platformDir>/hw/CNC_Top_wrapper.xsa",
	"deviceType":	"zynq",
	"platIsPrebuiltAutogen":	"false",
	"platIsNoBootBsp":	"false",
	"hasFsblMakeHasChanges":	"false",
	"hasPmufwMakeHasChanges":	"false",
	"fsblExtraCompilerFlags":	"-MMD -MP       -mcpu=cortex-a9 -mfpu=vfpv3 -mfloat-abi=hard ",
	"platPreBuiltFlag":	false,
	"platformSamplesDir":	"",
	"platActiveSys":	"CNC-PL9",
	"systems":	[{
			"systemName":	"CNC-PL9",
			"systemDesc":	"CNC-PL9",
			"sysIsBootAutoGen":	"true",
			"systemDispName":	"CNC-PL9",
			"sysActiveDom":	"zynq_fsbl",
			"sysDefaultDom":	"standalone_domain",
			"domains":	[{
					"domainName":	"zynq_fsbl",
					"domainDispName":	"zynq_fsbl",
					"domainDesc":	"FSBL Application BSP - Auto Generated.",
					"processors":	"ps7_cortexa9_0",
					"os":	"standalone",
					"sdxOs":	"standalone",
					"debugEnable":	"",
					"domRuntimes":	["cpp"],
					"swRepo":	"",
					"mssOsVer":	"9.2",
					"mssFile":	"",
					"md5Digest":	"8e05dff6cf2b7a5e245cc7c2f785ee81",
					"compatibleApp":	"zynq_fsbl",
					"domType":	"bootDomain",
					"arch":	"32-bit",
					"appSettings":	{
						"appCompilerFlags":	"",
						"appLinkerFlags":	""
					},
					"addedLibs":	["xilffs:5.3", "xilrsa:1.8"],
					"libOptions":	{
						"libsContainingOptions":	[]
					},
					"prebuiltLibs":	{
						"prebuiltIncPath":	[],
						"prebuiltLibPath":	[]
					},
					"isolation":	{
					}
				}, {
					"domainName":	"standalone_domain",
					"domainDispName":	"standalone on ps7_cortexa9_0",
					"domainDesc":	"standalone_domain",
					"processors":	"ps7_cortexa9_0",
					"os":	"standalone",
					"sdxOs":	"standalone",
					"qemuArgs":	"<platformDir>/resources/CNC-PL9/standalone_domain/qemu_args.txt",
					"qemuData":	"<platformDir>/resources/CNC-PL9/standalone_domain/qemu",
					"debugEnable":	"False",
					"domRuntimes":	["cpp"],
					"swRepo":	"",
					"mssOsVer":	"9.2",
					"mssFile":	"",
					"md5Digest":	"c640075ff209ed2086a63792a36be901",
					"compatibleApp":	"",
					"domType":	"mssDomain",
					"appSettings":	{
						"appCompilerFlags":	"",
						"appLinkerFlags":	""
					},
					"addedLibs":	["xilffs:5.3", "xiltimer:2.1"],
					"libOptions":	{
						"libsContainingOptions":	[]
					},
					"prebuiltLibs":	{
						"prebuiltIncPath":	[],
						"prebuiltLibPath":	[]
					},
					"isolation":	{
					}
				}]
		}]
}
KEYINFO::2026-03-06.23:10:36::SCWPlatform::updated the xpfm file.
TRACE::2026-03-06.23:10:36::SCWPlatform::Trying to open the hw design at E:/Git-Repos/CNC-FPGA/Vitis3/CNC-PL9/hw/CNC_Top_wrapper.xsa
TRACE::2026-03-06.23:10:36::SCWPlatform::DSA given E:/Git-Repos/CNC-FPGA/Vitis3/CNC-PL9/hw/CNC_Top_wrapper.xsa
TRACE::2026-03-06.23:10:36::SCWPlatform::DSA absoulate path E:/Git-Repos/CNC-FPGA/Vitis3/CNC-PL9/hw/CNC_Top_wrapper.xsa
TRACE::2026-03-06.23:10:36::SCWPlatform::DSA directory E:/Git-Repos/CNC-FPGA/Vitis3/CNC-PL9/hw
TRACE::2026-03-06.23:10:36::SCWPlatform:: Platform Path E:/Git-Repos/CNC-FPGA/Vitis3/CNC-PL9/hw/CNC_Top_wrapper.xsa
TRACE::2026-03-06.23:10:36::SCWPlatform:: Unique name xilinx:zedboard::0.0
TRACE::2026-03-06.23:10:36::SCWPlatform::Trying to set the existing hwdb with name CNC_Top_wrapper_5
TRACE::2026-03-06.23:10:36::SCWPlatform::Opened existing hwdb CNC_Top_wrapper_5
TRACE::2026-03-06.23:10:36::SCWPlatform::Found the Hw Db part of the input DSA
TRACE::2026-03-06.23:10:36::SCWMssOS::Checking the sw design at  E:/Git-Repos/CNC-FPGA/Vitis3/CNC-PL9/ps7_cortexa9_0/standalone_domain/bsp/system.mss
TRACE::2026-03-06.23:10:36::SCWMssOS::DEBUG:  swdes dump  E:/Git-Repos/CNC-FPGA/Vitis3/CNC-PL8/ps7_cortexa9_0/standalone_domain/bsp/system.mss|system_0||
E:/Git-Repos/CNC-FPGA/Vitis3/CNC-PL8/zynq_fsbl/zynq_fsbl_bsp/system.mss|system||
E:/Git-Repos/CNC-FPGA/Vitis3/CNC-PL9/ps7_cortexa9_0/standalone_domain/bsp/system.mss|system_2||
E:/Git-Repos/CNC-FPGA/Vitis3/CNC-PL9/zynq_fsbl/zynq_fsbl_bsp/system.mss|system_1||

TRACE::2026-03-06.23:10:36::SCWMssOS::Sw design exists and opened at  E:/Git-Repos/CNC-FPGA/Vitis3/CNC-PL9/ps7_cortexa9_0/standalone_domain/bsp/system.mss
