TRACE::2026-03-06.22:36:47::SCWPlatform::Trying to open the hw design at E:/Git-Repos/CNC-FPGA/Vitis3/CNC-PL8/hw/CNC_Top_wrapper.xsa
TRACE::2026-03-06.22:36:47::SCWPlatform::DSA given E:/Git-Repos/CNC-FPGA/Vitis3/CNC-PL8/hw/CNC_Top_wrapper.xsa
TRACE::2026-03-06.22:36:47::SCWPlatform::DSA absoulate path E:/Git-Repos/CNC-FPGA/Vitis3/CNC-PL8/hw/CNC_Top_wrapper.xsa
TRACE::2026-03-06.22:36:47::SCWPlatform::DSA directory E:/Git-Repos/CNC-FPGA/Vitis3/CNC-PL8/hw
TRACE::2026-03-06.22:36:47::SCWPlatform:: Platform Path E:/Git-Repos/CNC-FPGA/Vitis3/CNC-PL8/hw/CNC_Top_wrapper.xsa
TRACE::2026-03-06.22:36:47::SCWPlatform:: Unique name xilinx:zedboard::0.0
TRACE::2026-03-06.22:36:47::SCWPlatform::Do not have an existing db opened. 
TRACE::2026-03-06.22:36:49::SCWPlatform::Opened new HwDB with name CNC_Top_wrapper_26
TRACE::2026-03-06.22:36:49::SCWWriter::formatted JSON is {
	"platformName":	"CNC-PL8",
	"sprVersion":	"2.0",
	"mode":	"gui",
	"dsaType":	"Fixed",
	"platformDesc":	"CNC-PL8",
	"platHandOff":	"E:/Git-Repos/CNC-FPGA/Zedboard-CNC/CNC_Top_wrapper.xsa",
	"platIntHandOff":	"<platformDir>/hw/CNC_Top_wrapper.xsa",
	"deviceType":	"zynq",
	"platIsPrebuiltAutogen":	"false",
	"platIsNoBootBsp":	"false",
	"hasFsblMakeHasChanges":	"false",
	"hasPmufwMakeHasChanges":	"false",
	"platPreBuiltFlag":	false,
	"platformSamplesDir":	""
}
TRACE::2026-03-06.22:36:49::SCWWriter::formatted JSON is {
	"platformName":	"CNC-PL8",
	"sprVersion":	"2.0",
	"mode":	"gui",
	"dsaType":	"Fixed",
	"platformDesc":	"CNC-PL8",
	"platHandOff":	"E:/Git-Repos/CNC-FPGA/Zedboard-CNC/CNC_Top_wrapper.xsa",
	"platIntHandOff":	"<platformDir>/hw/CNC_Top_wrapper.xsa",
	"deviceType":	"zynq",
	"platIsPrebuiltAutogen":	"false",
	"platIsNoBootBsp":	"false",
	"hasFsblMakeHasChanges":	"false",
	"hasPmufwMakeHasChanges":	"false",
	"platPreBuiltFlag":	false,
	"platformSamplesDir":	"",
	"platActiveSys":	"CNC-PL8",
	"systems":	[{
			"systemName":	"CNC-PL8",
			"systemDesc":	"CNC-PL8",
			"sysIsBootAutoGen":	"true",
			"systemDispName":	"CNC-PL8"
		}]
}
TRACE::2026-03-06.22:36:49::SCWPlatform::Boot application domains not present, creating them
TRACE::2026-03-06.22:36:49::SCWDomain::checking for install qemu data   : 
TRACE::2026-03-06.22:36:49::SCWDomain:: Using the QEMU Data from install at  : C:/Xilinx/Vitis/2024.2/data/emulation/platforms/zynq/sw/a9_standalone/qemu/
TRACE::2026-03-06.22:36:49::SCWDomain:: Using the QEMU args  from install at  : C:/Xilinx/Vitis/2024.2/data/emulation/platforms/zynq/sw/a9_standalone/qemu/qemu_args.txt
TRACE::2026-03-06.22:36:49::SCWPlatform::Trying to open the hw design at E:/Git-Repos/CNC-FPGA/Vitis3/CNC-PL8/hw/CNC_Top_wrapper.xsa
TRACE::2026-03-06.22:36:49::SCWPlatform::DSA given E:/Git-Repos/CNC-FPGA/Vitis3/CNC-PL8/hw/CNC_Top_wrapper.xsa
TRACE::2026-03-06.22:36:49::SCWPlatform::DSA absoulate path E:/Git-Repos/CNC-FPGA/Vitis3/CNC-PL8/hw/CNC_Top_wrapper.xsa
TRACE::2026-03-06.22:36:49::SCWPlatform::DSA directory E:/Git-Repos/CNC-FPGA/Vitis3/CNC-PL8/hw
TRACE::2026-03-06.22:36:49::SCWPlatform:: Platform Path E:/Git-Repos/CNC-FPGA/Vitis3/CNC-PL8/hw/CNC_Top_wrapper.xsa
TRACE::2026-03-06.22:36:49::SCWPlatform:: Unique name xilinx:zedboard::0.0
TRACE::2026-03-06.22:36:49::SCWPlatform::Trying to set the existing hwdb with name CNC_Top_wrapper_26
TRACE::2026-03-06.22:36:49::SCWPlatform::Opened existing hwdb CNC_Top_wrapper_26
TRACE::2026-03-06.22:36:49::SCWPlatform::Found the Hw Db part of the input DSA
TRACE::2026-03-06.22:36:49::SCWPlatform::Trying to open the hw design at E:/Git-Repos/CNC-FPGA/Vitis3/CNC-PL8/hw/CNC_Top_wrapper.xsa
TRACE::2026-03-06.22:36:49::SCWPlatform::DSA given E:/Git-Repos/CNC-FPGA/Vitis3/CNC-PL8/hw/CNC_Top_wrapper.xsa
TRACE::2026-03-06.22:36:49::SCWPlatform::DSA absoulate path E:/Git-Repos/CNC-FPGA/Vitis3/CNC-PL8/hw/CNC_Top_wrapper.xsa
TRACE::2026-03-06.22:36:49::SCWPlatform::DSA directory E:/Git-Repos/CNC-FPGA/Vitis3/CNC-PL8/hw
TRACE::2026-03-06.22:36:49::SCWPlatform:: Platform Path E:/Git-Repos/CNC-FPGA/Vitis3/CNC-PL8/hw/CNC_Top_wrapper.xsa
TRACE::2026-03-06.22:36:49::SCWPlatform:: Unique name xilinx:zedboard::0.0
TRACE::2026-03-06.22:36:49::SCWPlatform::Trying to set the existing hwdb with name CNC_Top_wrapper_26
TRACE::2026-03-06.22:36:49::SCWPlatform::Opened existing hwdb CNC_Top_wrapper_26
TRACE::2026-03-06.22:36:49::SCWPlatform::Found the Hw Db part of the input DSA
TRACE::2026-03-06.22:36:49::SCWPlatform::Trying to open the hw design at E:/Git-Repos/CNC-FPGA/Vitis3/CNC-PL8/hw/CNC_Top_wrapper.xsa
TRACE::2026-03-06.22:36:49::SCWPlatform::DSA given E:/Git-Repos/CNC-FPGA/Vitis3/CNC-PL8/hw/CNC_Top_wrapper.xsa
TRACE::2026-03-06.22:36:49::SCWPlatform::DSA absoulate path E:/Git-Repos/CNC-FPGA/Vitis3/CNC-PL8/hw/CNC_Top_wrapper.xsa
TRACE::2026-03-06.22:36:49::SCWPlatform::DSA directory E:/Git-Repos/CNC-FPGA/Vitis3/CNC-PL8/hw
TRACE::2026-03-06.22:36:49::SCWPlatform:: Platform Path E:/Git-Repos/CNC-FPGA/Vitis3/CNC-PL8/hw/CNC_Top_wrapper.xsa
TRACE::2026-03-06.22:36:49::SCWPlatform:: Unique name xilinx:zedboard::0.0
TRACE::2026-03-06.22:36:49::SCWPlatform::Trying to set the existing hwdb with name CNC_Top_wrapper_26
TRACE::2026-03-06.22:36:49::SCWPlatform::Opened existing hwdb CNC_Top_wrapper_26
TRACE::2026-03-06.22:36:49::SCWPlatform::Found the Hw Db part of the input DSA
TRACE::2026-03-06.22:36:49::SCWPlatform::Boot application domain added for zynq_fsbl
TRACE::2026-03-06.22:36:49::SCWPlatform::Generating the sources  .
TRACE::2026-03-06.22:36:49::SCWBDomain::Generating boot domain sources.
TRACE::2026-03-06.22:36:49::SCWBDomain:: Generating the zynq_fsbl Application.
TRACE::2026-03-06.22:36:49::SCWPlatform::Trying to open the hw design at E:/Git-Repos/CNC-FPGA/Vitis3/CNC-PL8/hw/CNC_Top_wrapper.xsa
TRACE::2026-03-06.22:36:49::SCWPlatform::DSA given E:/Git-Repos/CNC-FPGA/Vitis3/CNC-PL8/hw/CNC_Top_wrapper.xsa
TRACE::2026-03-06.22:36:49::SCWPlatform::DSA absoulate path E:/Git-Repos/CNC-FPGA/Vitis3/CNC-PL8/hw/CNC_Top_wrapper.xsa
TRACE::2026-03-06.22:36:49::SCWPlatform::DSA directory E:/Git-Repos/CNC-FPGA/Vitis3/CNC-PL8/hw
TRACE::2026-03-06.22:36:49::SCWPlatform:: Platform Path E:/Git-Repos/CNC-FPGA/Vitis3/CNC-PL8/hw/CNC_Top_wrapper.xsa
TRACE::2026-03-06.22:36:49::SCWPlatform:: Unique name xilinx:zedboard::0.0
TRACE::2026-03-06.22:36:49::SCWPlatform::Trying to set the existing hwdb with name CNC_Top_wrapper_26
TRACE::2026-03-06.22:36:49::SCWPlatform::Opened existing hwdb CNC_Top_wrapper_26
TRACE::2026-03-06.22:36:49::SCWPlatform::Found the Hw Db part of the input DSA
TRACE::2026-03-06.22:36:49::SCWMssOS::Checking the sw design at  E:/Git-Repos/CNC-FPGA/Vitis3/CNC-PL8/zynq_fsbl/zynq_fsbl_bsp/system.mss
TRACE::2026-03-06.22:36:49::SCWMssOS::DEBUG:  swdes dump  E:/Git-Repos/CNC-FPGA/Vitis3/CNC-PL7/ps7_cortexa9_0/standalone_domain/bsp/system.mss|system||
E:/Git-Repos/CNC-FPGA/Vitis3/CNC-PL7/zynq_fsbl/zynq_fsbl_bsp/system.mss|system_2||

TRACE::2026-03-06.22:36:49::SCWMssOS::No sw design opened at  E:/Git-Repos/CNC-FPGA/Vitis3/CNC-PL8/zynq_fsbl/zynq_fsbl_bsp/system.mss
TRACE::2026-03-06.22:36:49::SCWMssOS::mss does not exists at E:/Git-Repos/CNC-FPGA/Vitis3/CNC-PL8/zynq_fsbl/zynq_fsbl_bsp/system.mss
TRACE::2026-03-06.22:36:49::SCWMssOS::Creating sw design at  E:/Git-Repos/CNC-FPGA/Vitis3/CNC-PL8/zynq_fsbl/zynq_fsbl_bsp/system.mss
TRACE::2026-03-06.22:36:49::SCWMssOS::Adding the swdes entry, created swdb E:/Git-Repos/CNC-FPGA/Vitis3/CNC-PL8/zynq_fsbl/zynq_fsbl_bsp/system.mss with des name E:/Git-Repos/CNC-FPGA/Vitis3/CNC-PL8/zynq_fsbl/zynq_fsbl_bsp/system.mss
TRACE::2026-03-06.22:36:49::SCWMssOS::updating the scw layer changes to swdes at   E:/Git-Repos/CNC-FPGA/Vitis3/CNC-PL8/zynq_fsbl/zynq_fsbl_bsp/system.mss
TRACE::2026-03-06.22:36:49::SCWMssOS::Writing mss at E:/Git-Repos/CNC-FPGA/Vitis3/CNC-PL8/zynq_fsbl/zynq_fsbl_bsp/system.mss
TRACE::2026-03-06.22:36:49::SCWMssOS::Completed writing the mss file at E:/Git-Repos/CNC-FPGA/Vitis3/CNC-PL8/zynq_fsbl/zynq_fsbl_bsp
TRACE::2026-03-06.22:36:49::SCWMssOS::Picking up changes from newly written mss file into SCW Layer. 
TRACE::2026-03-06.22:36:49::SCWMssOS::Updated the changes from newly written mss file into SCW Layer. 
TRACE::2026-03-06.22:36:49::SCWBDomain::Completed writing the mss file at E:/Git-Repos/CNC-FPGA/Vitis3/CNC-PL8/zynq_fsbl/zynq_fsbl_bsp
TRACE::2026-03-06.22:36:57::SCWPlatform::Generating sources Done.
TRACE::2026-03-06.22:36:57::SCWPlatform::Trying to open the hw design at E:/Git-Repos/CNC-FPGA/Vitis3/CNC-PL8/hw/CNC_Top_wrapper.xsa
TRACE::2026-03-06.22:36:57::SCWPlatform::DSA given E:/Git-Repos/CNC-FPGA/Vitis3/CNC-PL8/hw/CNC_Top_wrapper.xsa
TRACE::2026-03-06.22:36:57::SCWPlatform::DSA absoulate path E:/Git-Repos/CNC-FPGA/Vitis3/CNC-PL8/hw/CNC_Top_wrapper.xsa
TRACE::2026-03-06.22:36:57::SCWPlatform::DSA directory E:/Git-Repos/CNC-FPGA/Vitis3/CNC-PL8/hw
TRACE::2026-03-06.22:36:57::SCWPlatform:: Platform Path E:/Git-Repos/CNC-FPGA/Vitis3/CNC-PL8/hw/CNC_Top_wrapper.xsa
TRACE::2026-03-06.22:36:57::SCWPlatform:: Unique name xilinx:zedboard::0.0
TRACE::2026-03-06.22:36:57::SCWPlatform::Trying to set the existing hwdb with name CNC_Top_wrapper_26
TRACE::2026-03-06.22:36:57::SCWPlatform::Opened existing hwdb CNC_Top_wrapper_26
TRACE::2026-03-06.22:36:57::SCWPlatform::Found the Hw Db part of the input DSA
TRACE::2026-03-06.22:36:57::SCWMssOS::Checking the sw design at  E:/Git-Repos/CNC-FPGA/Vitis3/CNC-PL8/zynq_fsbl/zynq_fsbl_bsp/system.mss
TRACE::2026-03-06.22:36:57::SCWMssOS::DEBUG:  swdes dump  E:/Git-Repos/CNC-FPGA/Vitis3/CNC-PL7/ps7_cortexa9_0/standalone_domain/bsp/system.mss|system||
E:/Git-Repos/CNC-FPGA/Vitis3/CNC-PL7/zynq_fsbl/zynq_fsbl_bsp/system.mss|system_2||

TRACE::2026-03-06.22:36:57::SCWMssOS::No sw design opened at  E:/Git-Repos/CNC-FPGA/Vitis3/CNC-PL8/zynq_fsbl/zynq_fsbl_bsp/system.mss
TRACE::2026-03-06.22:36:57::SCWMssOS::mss exists loading the mss file  E:/Git-Repos/CNC-FPGA/Vitis3/CNC-PL8/zynq_fsbl/zynq_fsbl_bsp/system.mss
TRACE::2026-03-06.22:36:57::SCWMssOS::Opened the sw design from mss  E:/Git-Repos/CNC-FPGA/Vitis3/CNC-PL8/zynq_fsbl/zynq_fsbl_bsp/system.mss
TRACE::2026-03-06.22:36:57::SCWMssOS::Adding the swdes entry E:/Git-Repos/CNC-FPGA/Vitis3/CNC-PL8/zynq_fsbl/zynq_fsbl_bsp/system.mss with des name system_0
TRACE::2026-03-06.22:36:57::SCWMssOS::updating the scw layer about changes
TRACE::2026-03-06.22:36:57::SCWMssOS::Opened the sw design.  E:/Git-Repos/CNC-FPGA/Vitis3/CNC-PL8/zynq_fsbl/zynq_fsbl_bsp/system.mss
TRACE::2026-03-06.22:36:57::SCWMssOS::Saving the mss changes E:/Git-Repos/CNC-FPGA/Vitis3/CNC-PL8/zynq_fsbl/zynq_fsbl_bsp/system.mss
TRACE::2026-03-06.22:36:57::SCWMssOS::Found a swdesign opened with the mssfile.
TRACE::2026-03-06.22:36:57::SCWMssOS::Completed writemss as part of save.
TRACE::2026-03-06.22:36:57::SCWMssOS::Commit changes completed.
TRACE::2026-03-06.22:36:57::SCWPlatform::Trying to open the hw design at E:/Git-Repos/CNC-FPGA/Vitis3/CNC-PL8/hw/CNC_Top_wrapper.xsa
TRACE::2026-03-06.22:36:57::SCWPlatform::DSA given E:/Git-Repos/CNC-FPGA/Vitis3/CNC-PL8/hw/CNC_Top_wrapper.xsa
TRACE::2026-03-06.22:36:57::SCWPlatform::DSA absoulate path E:/Git-Repos/CNC-FPGA/Vitis3/CNC-PL8/hw/CNC_Top_wrapper.xsa
TRACE::2026-03-06.22:36:57::SCWPlatform::DSA directory E:/Git-Repos/CNC-FPGA/Vitis3/CNC-PL8/hw
TRACE::2026-03-06.22:36:57::SCWPlatform:: Platform Path E:/Git-Repos/CNC-FPGA/Vitis3/CNC-PL8/hw/CNC_Top_wrapper.xsa
TRACE::2026-03-06.22:36:57::SCWPlatform:: Unique name xilinx:zedboard::0.0
TRACE::2026-03-06.22:36:57::SCWPlatform::Trying to set the existing hwdb with name CNC_Top_wrapper_26
TRACE::2026-03-06.22:36:57::SCWPlatform::Opened existing hwdb CNC_Top_wrapper_26
TRACE::2026-03-06.22:36:57::SCWPlatform::Found the Hw Db part of the input DSA
TRACE::2026-03-06.22:36:57::SCWMssOS::Checking the sw design at  E:/Git-Repos/CNC-FPGA/Vitis3/CNC-PL8/zynq_fsbl/zynq_fsbl_bsp/system.mss
TRACE::2026-03-06.22:36:57::SCWMssOS::DEBUG:  swdes dump  E:/Git-Repos/CNC-FPGA/Vitis3/CNC-PL7/ps7_cortexa9_0/standalone_domain/bsp/system.mss|system||
E:/Git-Repos/CNC-FPGA/Vitis3/CNC-PL7/zynq_fsbl/zynq_fsbl_bsp/system.mss|system_2||
E:/Git-Repos/CNC-FPGA/Vitis3/CNC-PL8/zynq_fsbl/zynq_fsbl_bsp/system.mss|system_0||

TRACE::2026-03-06.22:36:57::SCWMssOS::Sw design exists and opened at  E:/Git-Repos/CNC-FPGA/Vitis3/CNC-PL8/zynq_fsbl/zynq_fsbl_bsp/system.mss
TRACE::2026-03-06.22:36:57::SCWPlatform::Trying to open the hw design at E:/Git-Repos/CNC-FPGA/Vitis3/CNC-PL8/hw/CNC_Top_wrapper.xsa
TRACE::2026-03-06.22:36:57::SCWPlatform::DSA given E:/Git-Repos/CNC-FPGA/Vitis3/CNC-PL8/hw/CNC_Top_wrapper.xsa
TRACE::2026-03-06.22:36:57::SCWPlatform::DSA absoulate path E:/Git-Repos/CNC-FPGA/Vitis3/CNC-PL8/hw/CNC_Top_wrapper.xsa
TRACE::2026-03-06.22:36:57::SCWPlatform::DSA directory E:/Git-Repos/CNC-FPGA/Vitis3/CNC-PL8/hw
TRACE::2026-03-06.22:36:57::SCWPlatform:: Platform Path E:/Git-Repos/CNC-FPGA/Vitis3/CNC-PL8/hw/CNC_Top_wrapper.xsa
TRACE::2026-03-06.22:36:57::SCWPlatform:: Unique name xilinx:zedboard::0.0
TRACE::2026-03-06.22:36:57::SCWPlatform::Trying to set the existing hwdb with name CNC_Top_wrapper_26
TRACE::2026-03-06.22:36:57::SCWPlatform::Opened existing hwdb CNC_Top_wrapper_26
TRACE::2026-03-06.22:36:57::SCWPlatform::Found the Hw Db part of the input DSA
TRACE::2026-03-06.22:36:57::SCWMssOS::Checking the sw design at  E:/Git-Repos/CNC-FPGA/Vitis3/CNC-PL8/zynq_fsbl/zynq_fsbl_bsp/system.mss
TRACE::2026-03-06.22:36:57::SCWMssOS::DEBUG:  swdes dump  E:/Git-Repos/CNC-FPGA/Vitis3/CNC-PL7/ps7_cortexa9_0/standalone_domain/bsp/system.mss|system||
E:/Git-Repos/CNC-FPGA/Vitis3/CNC-PL7/zynq_fsbl/zynq_fsbl_bsp/system.mss|system_2||
E:/Git-Repos/CNC-FPGA/Vitis3/CNC-PL8/zynq_fsbl/zynq_fsbl_bsp/system.mss|system_0||

TRACE::2026-03-06.22:36:57::SCWMssOS::Sw design exists and opened at  E:/Git-Repos/CNC-FPGA/Vitis3/CNC-PL8/zynq_fsbl/zynq_fsbl_bsp/system.mss
TRACE::2026-03-06.22:36:57::SCWPlatform::Trying to open the hw design at E:/Git-Repos/CNC-FPGA/Vitis3/CNC-PL8/hw/CNC_Top_wrapper.xsa
TRACE::2026-03-06.22:36:57::SCWPlatform::DSA given E:/Git-Repos/CNC-FPGA/Vitis3/CNC-PL8/hw/CNC_Top_wrapper.xsa
TRACE::2026-03-06.22:36:57::SCWPlatform::DSA absoulate path E:/Git-Repos/CNC-FPGA/Vitis3/CNC-PL8/hw/CNC_Top_wrapper.xsa
TRACE::2026-03-06.22:36:57::SCWPlatform::DSA directory E:/Git-Repos/CNC-FPGA/Vitis3/CNC-PL8/hw
TRACE::2026-03-06.22:36:57::SCWPlatform:: Platform Path E:/Git-Repos/CNC-FPGA/Vitis3/CNC-PL8/hw/CNC_Top_wrapper.xsa
TRACE::2026-03-06.22:36:57::SCWPlatform:: Unique name xilinx:zedboard::0.0
TRACE::2026-03-06.22:36:57::SCWPlatform::Trying to set the existing hwdb with name CNC_Top_wrapper_26
TRACE::2026-03-06.22:36:57::SCWPlatform::Opened existing hwdb CNC_Top_wrapper_26
TRACE::2026-03-06.22:36:57::SCWPlatform::Found the Hw Db part of the input DSA
TRACE::2026-03-06.22:36:57::SCWMssOS::Checking the sw design at  E:/Git-Repos/CNC-FPGA/Vitis3/CNC-PL8/zynq_fsbl/zynq_fsbl_bsp/system.mss
TRACE::2026-03-06.22:36:57::SCWMssOS::DEBUG:  swdes dump  E:/Git-Repos/CNC-FPGA/Vitis3/CNC-PL7/ps7_cortexa9_0/standalone_domain/bsp/system.mss|system||
E:/Git-Repos/CNC-FPGA/Vitis3/CNC-PL7/zynq_fsbl/zynq_fsbl_bsp/system.mss|system_2||
E:/Git-Repos/CNC-FPGA/Vitis3/CNC-PL8/zynq_fsbl/zynq_fsbl_bsp/system.mss|system_0||

TRACE::2026-03-06.22:36:57::SCWMssOS::Sw design exists and opened at  E:/Git-Repos/CNC-FPGA/Vitis3/CNC-PL8/zynq_fsbl/zynq_fsbl_bsp/system.mss
TRACE::2026-03-06.22:36:57::SCWWriter::formatted JSON is {
	"platformName":	"CNC-PL8",
	"sprVersion":	"2.0",
	"mode":	"gui",
	"dsaType":	"Fixed",
	"platformDesc":	"CNC-PL8",
	"platHandOff":	"E:/Git-Repos/CNC-FPGA/Zedboard-CNC/CNC_Top_wrapper.xsa",
	"platIntHandOff":	"<platformDir>/hw/CNC_Top_wrapper.xsa",
	"deviceType":	"zynq",
	"platIsPrebuiltAutogen":	"false",
	"platIsNoBootBsp":	"false",
	"platFsblTarget":	"ps7_cortexa9_0",
	"hasFsblMakeHasChanges":	"false",
	"hasPmufwMakeHasChanges":	"false",
	"fsblExtraCompilerFlags":	"-MMD -MP       -mcpu=cortex-a9 -mfpu=vfpv3 -mfloat-abi=hard ",
	"platPreBuiltFlag":	false,
	"platformSamplesDir":	"",
	"platActiveSys":	"CNC-PL8",
	"systems":	[{
			"systemName":	"CNC-PL8",
			"systemDesc":	"CNC-PL8",
			"sysIsBootAutoGen":	"true",
			"systemDispName":	"CNC-PL8",
			"sysActiveDom":	"zynq_fsbl",
			"sysDefaultDom":	"",
			"domains":	[{
					"domainName":	"zynq_fsbl",
					"domainDispName":	"zynq_fsbl",
					"domainDesc":	"FSBL Application BSP - Auto Generated.",
					"processors":	"ps7_cortexa9_0",
					"os":	"standalone",
					"sdxOs":	"standalone",
					"debugEnable":	"",
					"domRuntimes":	["cpp"],
					"swRepo":	"",
					"mssOsVer":	"9.2",
					"mssFile":	"",
					"md5Digest":	"8e05dff6cf2b7a5e245cc7c2f785ee81",
					"compatibleApp":	"zynq_fsbl",
					"domType":	"bootDomain",
					"arch":	"32-bit",
					"appSettings":	{
						"appCompilerFlags":	"",
						"appLinkerFlags":	""
					},
					"addedLibs":	["xilffs:5.3", "xilrsa:1.8"],
					"libOptions":	{
						"libsContainingOptions":	[]
					},
					"prebuiltLibs":	{
						"prebuiltIncPath":	[],
						"prebuiltLibPath":	[]
					},
					"isolation":	{
					}
				}]
		}]
}
TRACE::2026-03-06.22:36:57::SCWPlatform::Trying to open the hw design at E:/Git-Repos/CNC-FPGA/Vitis3/CNC-PL8/hw/CNC_Top_wrapper.xsa
TRACE::2026-03-06.22:36:57::SCWPlatform::DSA given E:/Git-Repos/CNC-FPGA/Vitis3/CNC-PL8/hw/CNC_Top_wrapper.xsa
TRACE::2026-03-06.22:36:57::SCWPlatform::DSA absoulate path E:/Git-Repos/CNC-FPGA/Vitis3/CNC-PL8/hw/CNC_Top_wrapper.xsa
TRACE::2026-03-06.22:36:57::SCWPlatform::DSA directory E:/Git-Repos/CNC-FPGA/Vitis3/CNC-PL8/hw
TRACE::2026-03-06.22:36:57::SCWPlatform:: Platform Path E:/Git-Repos/CNC-FPGA/Vitis3/CNC-PL8/hw/CNC_Top_wrapper.xsa
TRACE::2026-03-06.22:36:57::SCWPlatform:: Unique name xilinx:zedboard::0.0
TRACE::2026-03-06.22:36:57::SCWPlatform::Trying to set the existing hwdb with name CNC_Top_wrapper_26
TRACE::2026-03-06.22:36:57::SCWPlatform::Opened existing hwdb CNC_Top_wrapper_26
TRACE::2026-03-06.22:36:57::SCWPlatform::Found the Hw Db part of the input DSA
TRACE::2026-03-06.22:36:57::SCWPlatform::Trying to open the hw design at E:/Git-Repos/CNC-FPGA/Vitis3/CNC-PL8/hw/CNC_Top_wrapper.xsa
TRACE::2026-03-06.22:36:57::SCWPlatform::DSA given E:/Git-Repos/CNC-FPGA/Vitis3/CNC-PL8/hw/CNC_Top_wrapper.xsa
TRACE::2026-03-06.22:36:57::SCWPlatform::DSA absoulate path E:/Git-Repos/CNC-FPGA/Vitis3/CNC-PL8/hw/CNC_Top_wrapper.xsa
TRACE::2026-03-06.22:36:57::SCWPlatform::DSA directory E:/Git-Repos/CNC-FPGA/Vitis3/CNC-PL8/hw
TRACE::2026-03-06.22:36:57::SCWPlatform:: Platform Path E:/Git-Repos/CNC-FPGA/Vitis3/CNC-PL8/hw/CNC_Top_wrapper.xsa
TRACE::2026-03-06.22:36:57::SCWPlatform:: Unique name xilinx:zedboard::0.0
TRACE::2026-03-06.22:36:57::SCWPlatform::Trying to set the existing hwdb with name CNC_Top_wrapper_26
TRACE::2026-03-06.22:36:57::SCWPlatform::Opened existing hwdb CNC_Top_wrapper_26
TRACE::2026-03-06.22:36:57::SCWPlatform::Found the Hw Db part of the input DSA
TRACE::2026-03-06.22:36:57::SCWDomain::checking for install qemu data   : 
TRACE::2026-03-06.22:36:57::SCWDomain:: Using the QEMU Data from install at  : C:/Xilinx/Vitis/2024.2/data/emulation/platforms/zynq/sw/a9_standalone/qemu/
TRACE::2026-03-06.22:36:57::SCWDomain:: Using the QEMU args  from install at  : C:/Xilinx/Vitis/2024.2/data/emulation/platforms/zynq/sw/a9_standalone/qemu/qemu_args.txt
TRACE::2026-03-06.22:36:57::SCWPlatform::Trying to open the hw design at E:/Git-Repos/CNC-FPGA/Vitis3/CNC-PL8/hw/CNC_Top_wrapper.xsa
TRACE::2026-03-06.22:36:57::SCWPlatform::DSA given E:/Git-Repos/CNC-FPGA/Vitis3/CNC-PL8/hw/CNC_Top_wrapper.xsa
TRACE::2026-03-06.22:36:57::SCWPlatform::DSA absoulate path E:/Git-Repos/CNC-FPGA/Vitis3/CNC-PL8/hw/CNC_Top_wrapper.xsa
TRACE::2026-03-06.22:36:57::SCWPlatform::DSA directory E:/Git-Repos/CNC-FPGA/Vitis3/CNC-PL8/hw
TRACE::2026-03-06.22:36:57::SCWPlatform:: Platform Path E:/Git-Repos/CNC-FPGA/Vitis3/CNC-PL8/hw/CNC_Top_wrapper.xsa
TRACE::2026-03-06.22:36:57::SCWPlatform:: Unique name xilinx:zedboard::0.0
TRACE::2026-03-06.22:36:57::SCWPlatform::Trying to set the existing hwdb with name CNC_Top_wrapper_26
TRACE::2026-03-06.22:36:57::SCWPlatform::Opened existing hwdb CNC_Top_wrapper_26
TRACE::2026-03-06.22:36:57::SCWPlatform::Found the Hw Db part of the input DSA
TRACE::2026-03-06.22:36:57::SCWPlatform::Trying to open the hw design at E:/Git-Repos/CNC-FPGA/Vitis3/CNC-PL8/hw/CNC_Top_wrapper.xsa
TRACE::2026-03-06.22:36:57::SCWPlatform::DSA given E:/Git-Repos/CNC-FPGA/Vitis3/CNC-PL8/hw/CNC_Top_wrapper.xsa
TRACE::2026-03-06.22:36:57::SCWPlatform::DSA absoulate path E:/Git-Repos/CNC-FPGA/Vitis3/CNC-PL8/hw/CNC_Top_wrapper.xsa
TRACE::2026-03-06.22:36:57::SCWPlatform::DSA directory E:/Git-Repos/CNC-FPGA/Vitis3/CNC-PL8/hw
TRACE::2026-03-06.22:36:57::SCWPlatform:: Platform Path E:/Git-Repos/CNC-FPGA/Vitis3/CNC-PL8/hw/CNC_Top_wrapper.xsa
TRACE::2026-03-06.22:36:57::SCWPlatform:: Unique name xilinx:zedboard::0.0
TRACE::2026-03-06.22:36:57::SCWPlatform::Trying to set the existing hwdb with name CNC_Top_wrapper_26
TRACE::2026-03-06.22:36:57::SCWPlatform::Opened existing hwdb CNC_Top_wrapper_26
TRACE::2026-03-06.22:36:57::SCWPlatform::Found the Hw Db part of the input DSA
TRACE::2026-03-06.22:36:57::SCWDomain::Qemu Directory name is changed from "" to "qemu"
TRACE::2026-03-06.22:36:57::SCWPlatform::Trying to open the hw design at E:/Git-Repos/CNC-FPGA/Vitis3/CNC-PL8/hw/CNC_Top_wrapper.xsa
TRACE::2026-03-06.22:36:57::SCWPlatform::DSA given E:/Git-Repos/CNC-FPGA/Vitis3/CNC-PL8/hw/CNC_Top_wrapper.xsa
TRACE::2026-03-06.22:36:57::SCWPlatform::DSA absoulate path E:/Git-Repos/CNC-FPGA/Vitis3/CNC-PL8/hw/CNC_Top_wrapper.xsa
TRACE::2026-03-06.22:36:57::SCWPlatform::DSA directory E:/Git-Repos/CNC-FPGA/Vitis3/CNC-PL8/hw
TRACE::2026-03-06.22:36:57::SCWPlatform:: Platform Path E:/Git-Repos/CNC-FPGA/Vitis3/CNC-PL8/hw/CNC_Top_wrapper.xsa
TRACE::2026-03-06.22:36:57::SCWPlatform:: Unique name xilinx:zedboard::0.0
TRACE::2026-03-06.22:36:57::SCWPlatform::Trying to set the existing hwdb with name CNC_Top_wrapper_26
TRACE::2026-03-06.22:36:57::SCWPlatform::Opened existing hwdb CNC_Top_wrapper_26
TRACE::2026-03-06.22:36:57::SCWPlatform::Found the Hw Db part of the input DSA
TRACE::2026-03-06.22:36:57::SCWMssOS::Checking the sw design at  E:/Git-Repos/CNC-FPGA/Vitis3/CNC-PL8/ps7_cortexa9_0/standalone_domain/bsp/system.mss
TRACE::2026-03-06.22:36:57::SCWMssOS::DEBUG:  swdes dump  E:/Git-Repos/CNC-FPGA/Vitis3/CNC-PL7/ps7_cortexa9_0/standalone_domain/bsp/system.mss|system||
E:/Git-Repos/CNC-FPGA/Vitis3/CNC-PL7/zynq_fsbl/zynq_fsbl_bsp/system.mss|system_2||
E:/Git-Repos/CNC-FPGA/Vitis3/CNC-PL8/zynq_fsbl/zynq_fsbl_bsp/system.mss|system_0||

TRACE::2026-03-06.22:36:57::SCWMssOS::No sw design opened at  E:/Git-Repos/CNC-FPGA/Vitis3/CNC-PL8/ps7_cortexa9_0/standalone_domain/bsp/system.mss
TRACE::2026-03-06.22:36:57::SCWMssOS::mss does not exists at E:/Git-Repos/CNC-FPGA/Vitis3/CNC-PL8/ps7_cortexa9_0/standalone_domain/bsp/system.mss
TRACE::2026-03-06.22:36:57::SCWMssOS::Creating sw design at  E:/Git-Repos/CNC-FPGA/Vitis3/CNC-PL8/ps7_cortexa9_0/standalone_domain/bsp/system.mss
TRACE::2026-03-06.22:36:57::SCWMssOS::Adding the swdes entry, created swdb E:/Git-Repos/CNC-FPGA/Vitis3/CNC-PL8/ps7_cortexa9_0/standalone_domain/bsp/system.mss with des name E:/Git-Repos/CNC-FPGA/Vitis3/CNC-PL8/ps7_cortexa9_0/standalone_domain/bsp/system.mss
TRACE::2026-03-06.22:36:57::SCWMssOS::updating the scw layer changes to swdes at   E:/Git-Repos/CNC-FPGA/Vitis3/CNC-PL8/ps7_cortexa9_0/standalone_domain/bsp/system.mss
TRACE::2026-03-06.22:36:57::SCWMssOS::Writing mss at E:/Git-Repos/CNC-FPGA/Vitis3/CNC-PL8/ps7_cortexa9_0/standalone_domain/bsp/system.mss
TRACE::2026-03-06.22:36:57::SCWMssOS::Completed writing the mss file at E:/Git-Repos/CNC-FPGA/Vitis3/CNC-PL8/ps7_cortexa9_0/standalone_domain/bsp
TRACE::2026-03-06.22:36:57::SCWMssOS::Picking up changes from newly written mss file into SCW Layer. 
TRACE::2026-03-06.22:36:57::SCWMssOS::Updated the changes from newly written mss file into SCW Layer. 
TRACE::2026-03-06.22:36:57::SCWMssOS::Completed writing the mss file at E:/Git-Repos/CNC-FPGA/Vitis3/CNC-PL8/ps7_cortexa9_0/standalone_domain/bsp
TRACE::2026-03-06.22:36:57::SCWMssOS::Forcing BSP Sources regeneration.
TRACE::2026-03-06.22:36:59::SCWMssOS::Saving the mss changes E:/Git-Repos/CNC-FPGA/Vitis3/CNC-PL8/zynq_fsbl/zynq_fsbl_bsp/system.mss
TRACE::2026-03-06.22:36:59::SCWMssOS::Found a swdesign opened with the mssfile.
TRACE::2026-03-06.22:36:59::SCWMssOS::Completed writemss as part of save.
TRACE::2026-03-06.22:36:59::SCWMssOS::Commit changes completed.
TRACE::2026-03-06.22:36:59::SCWMssOS::Saving the mss changes E:/Git-Repos/CNC-FPGA/Vitis3/CNC-PL8/ps7_cortexa9_0/standalone_domain/bsp/system.mss
TRACE::2026-03-06.22:36:59::SCWMssOS::Adding the swdes entry, mss present, able to open swdb E:/Git-Repos/CNC-FPGA/Vitis3/CNC-PL8/ps7_cortexa9_0/standalone_domain/bsp/system.mss with des name system_1
TRACE::2026-03-06.22:36:59::SCWMssOS::Writing the mss file completed E:/Git-Repos/CNC-FPGA/Vitis3/CNC-PL8/ps7_cortexa9_0/standalone_domain/bsp/system.mss
TRACE::2026-03-06.22:36:59::SCWMssOS::Commit changes completed.
TRACE::2026-03-06.22:36:59::SCWPlatform::Trying to open the hw design at E:/Git-Repos/CNC-FPGA/Vitis3/CNC-PL8/hw/CNC_Top_wrapper.xsa
TRACE::2026-03-06.22:36:59::SCWPlatform::DSA given E:/Git-Repos/CNC-FPGA/Vitis3/CNC-PL8/hw/CNC_Top_wrapper.xsa
TRACE::2026-03-06.22:36:59::SCWPlatform::DSA absoulate path E:/Git-Repos/CNC-FPGA/Vitis3/CNC-PL8/hw/CNC_Top_wrapper.xsa
TRACE::2026-03-06.22:36:59::SCWPlatform::DSA directory E:/Git-Repos/CNC-FPGA/Vitis3/CNC-PL8/hw
TRACE::2026-03-06.22:36:59::SCWPlatform:: Platform Path E:/Git-Repos/CNC-FPGA/Vitis3/CNC-PL8/hw/CNC_Top_wrapper.xsa
TRACE::2026-03-06.22:36:59::SCWPlatform:: Unique name xilinx:zedboard::0.0
TRACE::2026-03-06.22:36:59::SCWPlatform::Trying to set the existing hwdb with name CNC_Top_wrapper_26
TRACE::2026-03-06.22:36:59::SCWPlatform::Opened existing hwdb CNC_Top_wrapper_26
TRACE::2026-03-06.22:36:59::SCWPlatform::Found the Hw Db part of the input DSA
TRACE::2026-03-06.22:36:59::SCWMssOS::Checking the sw design at  E:/Git-Repos/CNC-FPGA/Vitis3/CNC-PL8/zynq_fsbl/zynq_fsbl_bsp/system.mss
TRACE::2026-03-06.22:36:59::SCWMssOS::DEBUG:  swdes dump  E:/Git-Repos/CNC-FPGA/Vitis3/CNC-PL7/ps7_cortexa9_0/standalone_domain/bsp/system.mss|system||
E:/Git-Repos/CNC-FPGA/Vitis3/CNC-PL7/zynq_fsbl/zynq_fsbl_bsp/system.mss|system_2||
E:/Git-Repos/CNC-FPGA/Vitis3/CNC-PL8/ps7_cortexa9_0/standalone_domain/bsp/system.mss|system_1||
E:/Git-Repos/CNC-FPGA/Vitis3/CNC-PL8/zynq_fsbl/zynq_fsbl_bsp/system.mss|system_0||

TRACE::2026-03-06.22:36:59::SCWMssOS::Sw design exists and opened at  E:/Git-Repos/CNC-FPGA/Vitis3/CNC-PL8/zynq_fsbl/zynq_fsbl_bsp/system.mss
TRACE::2026-03-06.22:36:59::SCWPlatform::Trying to open the hw design at E:/Git-Repos/CNC-FPGA/Vitis3/CNC-PL8/hw/CNC_Top_wrapper.xsa
TRACE::2026-03-06.22:36:59::SCWPlatform::DSA given E:/Git-Repos/CNC-FPGA/Vitis3/CNC-PL8/hw/CNC_Top_wrapper.xsa
TRACE::2026-03-06.22:36:59::SCWPlatform::DSA absoulate path E:/Git-Repos/CNC-FPGA/Vitis3/CNC-PL8/hw/CNC_Top_wrapper.xsa
TRACE::2026-03-06.22:36:59::SCWPlatform::DSA directory E:/Git-Repos/CNC-FPGA/Vitis3/CNC-PL8/hw
TRACE::2026-03-06.22:36:59::SCWPlatform:: Platform Path E:/Git-Repos/CNC-FPGA/Vitis3/CNC-PL8/hw/CNC_Top_wrapper.xsa
TRACE::2026-03-06.22:36:59::SCWPlatform:: Unique name xilinx:zedboard::0.0
TRACE::2026-03-06.22:36:59::SCWPlatform::Trying to set the existing hwdb with name CNC_Top_wrapper_26
TRACE::2026-03-06.22:36:59::SCWPlatform::Opened existing hwdb CNC_Top_wrapper_26
TRACE::2026-03-06.22:36:59::SCWPlatform::Found the Hw Db part of the input DSA
TRACE::2026-03-06.22:36:59::SCWMssOS::Checking the sw design at  E:/Git-Repos/CNC-FPGA/Vitis3/CNC-PL8/zynq_fsbl/zynq_fsbl_bsp/system.mss
TRACE::2026-03-06.22:36:59::SCWMssOS::DEBUG:  swdes dump  E:/Git-Repos/CNC-FPGA/Vitis3/CNC-PL7/ps7_cortexa9_0/standalone_domain/bsp/system.mss|system||
E:/Git-Repos/CNC-FPGA/Vitis3/CNC-PL7/zynq_fsbl/zynq_fsbl_bsp/system.mss|system_2||
E:/Git-Repos/CNC-FPGA/Vitis3/CNC-PL8/ps7_cortexa9_0/standalone_domain/bsp/system.mss|system_1||
E:/Git-Repos/CNC-FPGA/Vitis3/CNC-PL8/zynq_fsbl/zynq_fsbl_bsp/system.mss|system_0||

TRACE::2026-03-06.22:36:59::SCWMssOS::Sw design exists and opened at  E:/Git-Repos/CNC-FPGA/Vitis3/CNC-PL8/zynq_fsbl/zynq_fsbl_bsp/system.mss
TRACE::2026-03-06.22:36:59::SCWPlatform::Trying to open the hw design at E:/Git-Repos/CNC-FPGA/Vitis3/CNC-PL8/hw/CNC_Top_wrapper.xsa
TRACE::2026-03-06.22:36:59::SCWPlatform::DSA given E:/Git-Repos/CNC-FPGA/Vitis3/CNC-PL8/hw/CNC_Top_wrapper.xsa
TRACE::2026-03-06.22:36:59::SCWPlatform::DSA absoulate path E:/Git-Repos/CNC-FPGA/Vitis3/CNC-PL8/hw/CNC_Top_wrapper.xsa
TRACE::2026-03-06.22:36:59::SCWPlatform::DSA directory E:/Git-Repos/CNC-FPGA/Vitis3/CNC-PL8/hw
TRACE::2026-03-06.22:36:59::SCWPlatform:: Platform Path E:/Git-Repos/CNC-FPGA/Vitis3/CNC-PL8/hw/CNC_Top_wrapper.xsa
TRACE::2026-03-06.22:36:59::SCWPlatform:: Unique name xilinx:zedboard::0.0
TRACE::2026-03-06.22:36:59::SCWPlatform::Trying to set the existing hwdb with name CNC_Top_wrapper_26
TRACE::2026-03-06.22:36:59::SCWPlatform::Opened existing hwdb CNC_Top_wrapper_26
TRACE::2026-03-06.22:36:59::SCWPlatform::Found the Hw Db part of the input DSA
TRACE::2026-03-06.22:36:59::SCWMssOS::Checking the sw design at  E:/Git-Repos/CNC-FPGA/Vitis3/CNC-PL8/zynq_fsbl/zynq_fsbl_bsp/system.mss
TRACE::2026-03-06.22:36:59::SCWMssOS::DEBUG:  swdes dump  E:/Git-Repos/CNC-FPGA/Vitis3/CNC-PL7/ps7_cortexa9_0/standalone_domain/bsp/system.mss|system||
E:/Git-Repos/CNC-FPGA/Vitis3/CNC-PL7/zynq_fsbl/zynq_fsbl_bsp/system.mss|system_2||
E:/Git-Repos/CNC-FPGA/Vitis3/CNC-PL8/ps7_cortexa9_0/standalone_domain/bsp/system.mss|system_1||
E:/Git-Repos/CNC-FPGA/Vitis3/CNC-PL8/zynq_fsbl/zynq_fsbl_bsp/system.mss|system_0||

TRACE::2026-03-06.22:36:59::SCWMssOS::Sw design exists and opened at  E:/Git-Repos/CNC-FPGA/Vitis3/CNC-PL8/zynq_fsbl/zynq_fsbl_bsp/system.mss
TRACE::2026-03-06.22:36:59::SCWPlatform::Trying to open the hw design at E:/Git-Repos/CNC-FPGA/Vitis3/CNC-PL8/hw/CNC_Top_wrapper.xsa
TRACE::2026-03-06.22:36:59::SCWPlatform::DSA given E:/Git-Repos/CNC-FPGA/Vitis3/CNC-PL8/hw/CNC_Top_wrapper.xsa
TRACE::2026-03-06.22:36:59::SCWPlatform::DSA absoulate path E:/Git-Repos/CNC-FPGA/Vitis3/CNC-PL8/hw/CNC_Top_wrapper.xsa
TRACE::2026-03-06.22:36:59::SCWPlatform::DSA directory E:/Git-Repos/CNC-FPGA/Vitis3/CNC-PL8/hw
TRACE::2026-03-06.22:36:59::SCWPlatform:: Platform Path E:/Git-Repos/CNC-FPGA/Vitis3/CNC-PL8/hw/CNC_Top_wrapper.xsa
TRACE::2026-03-06.22:36:59::SCWPlatform:: Unique name xilinx:zedboard::0.0
TRACE::2026-03-06.22:36:59::SCWPlatform::Trying to set the existing hwdb with name CNC_Top_wrapper_26
TRACE::2026-03-06.22:36:59::SCWPlatform::Opened existing hwdb CNC_Top_wrapper_26
TRACE::2026-03-06.22:36:59::SCWPlatform::Found the Hw Db part of the input DSA
TRACE::2026-03-06.22:36:59::SCWMssOS::Checking the sw design at  E:/Git-Repos/CNC-FPGA/Vitis3/CNC-PL8/ps7_cortexa9_0/standalone_domain/bsp/system.mss
TRACE::2026-03-06.22:36:59::SCWMssOS::DEBUG:  swdes dump  E:/Git-Repos/CNC-FPGA/Vitis3/CNC-PL7/ps7_cortexa9_0/standalone_domain/bsp/system.mss|system||
E:/Git-Repos/CNC-FPGA/Vitis3/CNC-PL7/zynq_fsbl/zynq_fsbl_bsp/system.mss|system_2||
E:/Git-Repos/CNC-FPGA/Vitis3/CNC-PL8/ps7_cortexa9_0/standalone_domain/bsp/system.mss|system_1||
E:/Git-Repos/CNC-FPGA/Vitis3/CNC-PL8/zynq_fsbl/zynq_fsbl_bsp/system.mss|system_0||

TRACE::2026-03-06.22:36:59::SCWMssOS::Sw design exists and opened at  E:/Git-Repos/CNC-FPGA/Vitis3/CNC-PL8/ps7_cortexa9_0/standalone_domain/bsp/system.mss
TRACE::2026-03-06.22:36:59::SCWPlatform::Trying to open the hw design at E:/Git-Repos/CNC-FPGA/Vitis3/CNC-PL8/hw/CNC_Top_wrapper.xsa
TRACE::2026-03-06.22:36:59::SCWPlatform::DSA given E:/Git-Repos/CNC-FPGA/Vitis3/CNC-PL8/hw/CNC_Top_wrapper.xsa
TRACE::2026-03-06.22:36:59::SCWPlatform::DSA absoulate path E:/Git-Repos/CNC-FPGA/Vitis3/CNC-PL8/hw/CNC_Top_wrapper.xsa
TRACE::2026-03-06.22:36:59::SCWPlatform::DSA directory E:/Git-Repos/CNC-FPGA/Vitis3/CNC-PL8/hw
TRACE::2026-03-06.22:36:59::SCWPlatform:: Platform Path E:/Git-Repos/CNC-FPGA/Vitis3/CNC-PL8/hw/CNC_Top_wrapper.xsa
TRACE::2026-03-06.22:36:59::SCWPlatform:: Unique name xilinx:zedboard::0.0
TRACE::2026-03-06.22:36:59::SCWPlatform::Trying to set the existing hwdb with name CNC_Top_wrapper_26
TRACE::2026-03-06.22:36:59::SCWPlatform::Opened existing hwdb CNC_Top_wrapper_26
TRACE::2026-03-06.22:36:59::SCWPlatform::Found the Hw Db part of the input DSA
TRACE::2026-03-06.22:36:59::SCWMssOS::Checking the sw design at  E:/Git-Repos/CNC-FPGA/Vitis3/CNC-PL8/ps7_cortexa9_0/standalone_domain/bsp/system.mss
TRACE::2026-03-06.22:36:59::SCWMssOS::DEBUG:  swdes dump  E:/Git-Repos/CNC-FPGA/Vitis3/CNC-PL7/ps7_cortexa9_0/standalone_domain/bsp/system.mss|system||
E:/Git-Repos/CNC-FPGA/Vitis3/CNC-PL7/zynq_fsbl/zynq_fsbl_bsp/system.mss|system_2||
E:/Git-Repos/CNC-FPGA/Vitis3/CNC-PL8/ps7_cortexa9_0/standalone_domain/bsp/system.mss|system_1||
E:/Git-Repos/CNC-FPGA/Vitis3/CNC-PL8/zynq_fsbl/zynq_fsbl_bsp/system.mss|system_0||

TRACE::2026-03-06.22:36:59::SCWMssOS::Sw design exists and opened at  E:/Git-Repos/CNC-FPGA/Vitis3/CNC-PL8/ps7_cortexa9_0/standalone_domain/bsp/system.mss
TRACE::2026-03-06.22:36:59::SCWPlatform::Trying to open the hw design at E:/Git-Repos/CNC-FPGA/Vitis3/CNC-PL8/hw/CNC_Top_wrapper.xsa
TRACE::2026-03-06.22:36:59::SCWPlatform::DSA given E:/Git-Repos/CNC-FPGA/Vitis3/CNC-PL8/hw/CNC_Top_wrapper.xsa
TRACE::2026-03-06.22:36:59::SCWPlatform::DSA absoulate path E:/Git-Repos/CNC-FPGA/Vitis3/CNC-PL8/hw/CNC_Top_wrapper.xsa
TRACE::2026-03-06.22:36:59::SCWPlatform::DSA directory E:/Git-Repos/CNC-FPGA/Vitis3/CNC-PL8/hw
TRACE::2026-03-06.22:36:59::SCWPlatform:: Platform Path E:/Git-Repos/CNC-FPGA/Vitis3/CNC-PL8/hw/CNC_Top_wrapper.xsa
TRACE::2026-03-06.22:36:59::SCWPlatform:: Unique name xilinx:zedboard::0.0
TRACE::2026-03-06.22:36:59::SCWPlatform::Trying to set the existing hwdb with name CNC_Top_wrapper_26
TRACE::2026-03-06.22:36:59::SCWPlatform::Opened existing hwdb CNC_Top_wrapper_26
TRACE::2026-03-06.22:36:59::SCWPlatform::Found the Hw Db part of the input DSA
TRACE::2026-03-06.22:36:59::SCWMssOS::Checking the sw design at  E:/Git-Repos/CNC-FPGA/Vitis3/CNC-PL8/ps7_cortexa9_0/standalone_domain/bsp/system.mss
TRACE::2026-03-06.22:36:59::SCWMssOS::DEBUG:  swdes dump  E:/Git-Repos/CNC-FPGA/Vitis3/CNC-PL7/ps7_cortexa9_0/standalone_domain/bsp/system.mss|system||
E:/Git-Repos/CNC-FPGA/Vitis3/CNC-PL7/zynq_fsbl/zynq_fsbl_bsp/system.mss|system_2||
E:/Git-Repos/CNC-FPGA/Vitis3/CNC-PL8/ps7_cortexa9_0/standalone_domain/bsp/system.mss|system_1||
E:/Git-Repos/CNC-FPGA/Vitis3/CNC-PL8/zynq_fsbl/zynq_fsbl_bsp/system.mss|system_0||

TRACE::2026-03-06.22:36:59::SCWMssOS::Sw design exists and opened at  E:/Git-Repos/CNC-FPGA/Vitis3/CNC-PL8/ps7_cortexa9_0/standalone_domain/bsp/system.mss
TRACE::2026-03-06.22:36:59::SCWWriter::formatted JSON is {
	"platformName":	"CNC-PL8",
	"sprVersion":	"2.0",
	"mode":	"gui",
	"dsaType":	"Fixed",
	"platformDesc":	"CNC-PL8",
	"platHandOff":	"E:/Git-Repos/CNC-FPGA/Zedboard-CNC/CNC_Top_wrapper.xsa",
	"platIntHandOff":	"<platformDir>/hw/CNC_Top_wrapper.xsa",
	"deviceType":	"zynq",
	"platIsPrebuiltAutogen":	"false",
	"platIsNoBootBsp":	"false",
	"platFsblTarget":	"ps7_cortexa9_0",
	"hasFsblMakeHasChanges":	"false",
	"hasPmufwMakeHasChanges":	"false",
	"fsblExtraCompilerFlags":	"-MMD -MP       -mcpu=cortex-a9 -mfpu=vfpv3 -mfloat-abi=hard ",
	"platPreBuiltFlag":	false,
	"platformSamplesDir":	"",
	"platActiveSys":	"CNC-PL8",
	"systems":	[{
			"systemName":	"CNC-PL8",
			"systemDesc":	"CNC-PL8",
			"sysIsBootAutoGen":	"true",
			"systemDispName":	"CNC-PL8",
			"sysActiveDom":	"standalone_domain",
			"sysDefaultDom":	"standalone_domain",
			"domains":	[{
					"domainName":	"zynq_fsbl",
					"domainDispName":	"zynq_fsbl",
					"domainDesc":	"FSBL Application BSP - Auto Generated.",
					"processors":	"ps7_cortexa9_0",
					"os":	"standalone",
					"sdxOs":	"standalone",
					"debugEnable":	"",
					"domRuntimes":	["cpp"],
					"swRepo":	"",
					"mssOsVer":	"9.2",
					"mssFile":	"",
					"md5Digest":	"8e05dff6cf2b7a5e245cc7c2f785ee81",
					"compatibleApp":	"zynq_fsbl",
					"domType":	"bootDomain",
					"arch":	"32-bit",
					"appSettings":	{
						"appCompilerFlags":	"",
						"appLinkerFlags":	""
					},
					"addedLibs":	["xilffs:5.3", "xilrsa:1.8"],
					"libOptions":	{
						"libsContainingOptions":	[]
					},
					"prebuiltLibs":	{
						"prebuiltIncPath":	[],
						"prebuiltLibPath":	[]
					},
					"isolation":	{
					}
				}, {
					"domainName":	"standalone_domain",
					"domainDispName":	"standalone_domain",
					"domainDesc":	"standalone_domain",
					"processors":	"ps7_cortexa9_0",
					"os":	"standalone",
					"sdxOs":	"standalone",
					"qemuArgs":	"<platformDir>/resources/CNC-PL8/standalone_domain/qemu_args.txt",
					"qemuData":	"<platformDir>/resources/CNC-PL8/standalone_domain/qemu",
					"debugEnable":	"False",
					"domRuntimes":	["cpp"],
					"swRepo":	"",
					"mssOsVer":	"9.2",
					"mssFile":	"",
					"md5Digest":	"aed75abb87964b40d6efb9b45e153c20",
					"compatibleApp":	"",
					"domType":	"mssDomain",
					"appSettings":	{
						"appCompilerFlags":	"",
						"appLinkerFlags":	""
					},
					"addedLibs":	[],
					"libOptions":	{
						"libsContainingOptions":	[]
					},
					"prebuiltLibs":	{
						"prebuiltIncPath":	[],
						"prebuiltLibPath":	[]
					},
					"isolation":	{
					}
				}]
		}]
}
LOG::2026-03-06.22:36:59::SCWPlatform::Started generating the artifacts platform CNC-PL8
TRACE::2026-03-06.22:36:59::SCWPlatform::Sanity checking of platform is completed
LOG::2026-03-06.22:36:59::SCWPlatform::Started generating the artifacts for system configuration CNC-PL8
LOG::2026-03-06.22:36:59::SCWSystem::Checking the domain zynq_fsbl
LOG::2026-03-06.22:36:59::SCWSystem::Doing application build for :  zynq_fsbl
TRACE::2026-03-06.22:36:59::SCWBDomain::Not a forced makefile updation, No changes are present. 
TRACE::2026-03-06.22:36:59::SCWDomain::Skipping the build for domain :  zynq_fsbl
LOG::2026-03-06.22:36:59::SCWSystem::Checking the domain standalone_domain
LOG::2026-03-06.22:36:59::SCWSystem::Not a boot domain 
LOG::2026-03-06.22:36:59::SCWSystem::Started Processing the domain standalone_domain
TRACE::2026-03-06.22:36:59::SCWDomain::Generating domain artifcats
TRACE::2026-03-06.22:36:59::SCWMssOS::Generating standalone artifcats
TRACE::2026-03-06.22:36:59::SCWMssOS::Copying the qemu file from  E:/Git-Repos/CNC-FPGA/Vitis3/CNC-PL8/resources/CNC-PL8/standalone_domain/qemu_args.txt To E:/Git-Repos/CNC-FPGA/Vitis3/CNC-PL8/export/CNC-PL8/sw/CNC-PL8/qemu/
TRACE::2026-03-06.22:36:59::SCWMssOS::Copying the qemu file from  E:/Git-Repos/CNC-FPGA/Vitis3/CNC-PL8/resources/CNC-PL8/standalone_domain/qemu_args.txt To E:/Git-Repos/CNC-FPGA/Vitis3/CNC-PL8/export/CNC-PL8/sw/CNC-PL8/standalone_domain/qemu/
TRACE::2026-03-06.22:36:59::SCWMssOS:: Copying the user libraries. 
TRACE::2026-03-06.22:36:59::SCWPlatform::Trying to open the hw design at E:/Git-Repos/CNC-FPGA/Vitis3/CNC-PL8/hw/CNC_Top_wrapper.xsa
TRACE::2026-03-06.22:36:59::SCWPlatform::DSA given E:/Git-Repos/CNC-FPGA/Vitis3/CNC-PL8/hw/CNC_Top_wrapper.xsa
TRACE::2026-03-06.22:36:59::SCWPlatform::DSA absoulate path E:/Git-Repos/CNC-FPGA/Vitis3/CNC-PL8/hw/CNC_Top_wrapper.xsa
TRACE::2026-03-06.22:36:59::SCWPlatform::DSA directory E:/Git-Repos/CNC-FPGA/Vitis3/CNC-PL8/hw
TRACE::2026-03-06.22:36:59::SCWPlatform:: Platform Path E:/Git-Repos/CNC-FPGA/Vitis3/CNC-PL8/hw/CNC_Top_wrapper.xsa
TRACE::2026-03-06.22:36:59::SCWPlatform:: Unique name xilinx:zedboard::0.0
TRACE::2026-03-06.22:36:59::SCWPlatform::Trying to set the existing hwdb with name CNC_Top_wrapper_26
TRACE::2026-03-06.22:36:59::SCWPlatform::Opened existing hwdb CNC_Top_wrapper_26
TRACE::2026-03-06.22:36:59::SCWPlatform::Found the Hw Db part of the input DSA
TRACE::2026-03-06.22:36:59::SCWMssOS::Checking the sw design at  E:/Git-Repos/CNC-FPGA/Vitis3/CNC-PL8/ps7_cortexa9_0/standalone_domain/bsp/system.mss
TRACE::2026-03-06.22:36:59::SCWMssOS::DEBUG:  swdes dump  E:/Git-Repos/CNC-FPGA/Vitis3/CNC-PL7/ps7_cortexa9_0/standalone_domain/bsp/system.mss|system||
E:/Git-Repos/CNC-FPGA/Vitis3/CNC-PL7/zynq_fsbl/zynq_fsbl_bsp/system.mss|system_2||
E:/Git-Repos/CNC-FPGA/Vitis3/CNC-PL8/ps7_cortexa9_0/standalone_domain/bsp/system.mss|system_1||
E:/Git-Repos/CNC-FPGA/Vitis3/CNC-PL8/zynq_fsbl/zynq_fsbl_bsp/system.mss|system_0||

TRACE::2026-03-06.22:36:59::SCWMssOS::Sw design exists and opened at  E:/Git-Repos/CNC-FPGA/Vitis3/CNC-PL8/ps7_cortexa9_0/standalone_domain/bsp/system.mss
TRACE::2026-03-06.22:36:59::SCWMssOS::Completed writing the mss file at E:/Git-Repos/CNC-FPGA/Vitis3/CNC-PL8/ps7_cortexa9_0/standalone_domain/bsp
TRACE::2026-03-06.22:36:59::SCWMssOS::Mss edits present, copying mssfile into export location E:/Git-Repos/CNC-FPGA/Vitis3/CNC-PL8/ps7_cortexa9_0/standalone_domain/bsp/system.mss
TRACE::2026-03-06.22:36:59::SCWMssOS::bsp generated is upto date with the mss file. Skipping bsp generation.
TRACE::2026-03-06.22:36:59::SCWMssOS::BSP is already built. skipping the bsp build ... 
TRACE::2026-03-06.22:36:59::SCWDomain::Skipping the build for domain :  standalone_domain
TRACE::2026-03-06.22:36:59::SCWMssOS::skipping the bsp build ... 
TRACE::2026-03-06.22:36:59::SCWMssOS::Copying to export directory.
TRACE::2026-03-06.22:36:59::SCWMssOS:: Checking if to create the Supporting Applications
TRACE::2026-03-06.22:36:59::SCWMssOS:: No Linux domain exists, trying to generate FSBL 
TRACE::2026-03-06.22:36:59::SCWMssOS:: Completed Standalone Artifacts creation 
LOG::2026-03-06.22:36:59::SCWSystem::Completed Processing the domain standalone_domain
LOG::2026-03-06.22:36:59::SCWSystem::Completed Processing the sysconfig CNC-PL8
LOG::2026-03-06.22:36:59::SCWPlatform::Completed generating the artifacts for system configuration CNC-PL8
TRACE::2026-03-06.22:36:59::SCWPlatform::Started preparing the platform 
TRACE::2026-03-06.22:36:59::SCWSystem::Writing the bif file for system config CNC-PL8
TRACE::2026-03-06.22:36:59::SCWSystem::dir created 
TRACE::2026-03-06.22:36:59::SCWSystem::Writing the bif 
TRACE::2026-03-06.22:36:59::SCWPlatform::Started writing the spfm file 
TRACE::2026-03-06.22:36:59::SCWPlatform::Started writing the xpfm file 
TRACE::2026-03-06.22:36:59::SCWPlatform::Completed generating the platform
TRACE::2026-03-06.22:36:59::SCWMssOS::Saving the mss changes E:/Git-Repos/CNC-FPGA/Vitis3/CNC-PL8/zynq_fsbl/zynq_fsbl_bsp/system.mss
TRACE::2026-03-06.22:36:59::SCWMssOS::Found a swdesign opened with the mssfile.
TRACE::2026-03-06.22:36:59::SCWMssOS::Completed writemss as part of save.
TRACE::2026-03-06.22:36:59::SCWMssOS::Commit changes completed.
TRACE::2026-03-06.22:36:59::SCWMssOS::Saving the mss changes E:/Git-Repos/CNC-FPGA/Vitis3/CNC-PL8/ps7_cortexa9_0/standalone_domain/bsp/system.mss
TRACE::2026-03-06.22:36:59::SCWMssOS::Found a swdesign opened with the mssfile.
TRACE::2026-03-06.22:36:59::SCWMssOS::Completed writemss as part of save.
TRACE::2026-03-06.22:36:59::SCWMssOS::Commit changes completed.
TRACE::2026-03-06.22:36:59::SCWPlatform::Trying to open the hw design at E:/Git-Repos/CNC-FPGA/Vitis3/CNC-PL8/hw/CNC_Top_wrapper.xsa
TRACE::2026-03-06.22:36:59::SCWPlatform::DSA given E:/Git-Repos/CNC-FPGA/Vitis3/CNC-PL8/hw/CNC_Top_wrapper.xsa
TRACE::2026-03-06.22:36:59::SCWPlatform::DSA absoulate path E:/Git-Repos/CNC-FPGA/Vitis3/CNC-PL8/hw/CNC_Top_wrapper.xsa
TRACE::2026-03-06.22:36:59::SCWPlatform::DSA directory E:/Git-Repos/CNC-FPGA/Vitis3/CNC-PL8/hw
TRACE::2026-03-06.22:36:59::SCWPlatform:: Platform Path E:/Git-Repos/CNC-FPGA/Vitis3/CNC-PL8/hw/CNC_Top_wrapper.xsa
TRACE::2026-03-06.22:36:59::SCWPlatform:: Unique name xilinx:zedboard::0.0
TRACE::2026-03-06.22:36:59::SCWPlatform::Trying to set the existing hwdb with name CNC_Top_wrapper_26
TRACE::2026-03-06.22:36:59::SCWPlatform::Opened existing hwdb CNC_Top_wrapper_26
TRACE::2026-03-06.22:36:59::SCWPlatform::Found the Hw Db part of the input DSA
TRACE::2026-03-06.22:36:59::SCWMssOS::Checking the sw design at  E:/Git-Repos/CNC-FPGA/Vitis3/CNC-PL8/zynq_fsbl/zynq_fsbl_bsp/system.mss
TRACE::2026-03-06.22:36:59::SCWMssOS::DEBUG:  swdes dump  E:/Git-Repos/CNC-FPGA/Vitis3/CNC-PL7/ps7_cortexa9_0/standalone_domain/bsp/system.mss|system||
E:/Git-Repos/CNC-FPGA/Vitis3/CNC-PL7/zynq_fsbl/zynq_fsbl_bsp/system.mss|system_2||
E:/Git-Repos/CNC-FPGA/Vitis3/CNC-PL8/ps7_cortexa9_0/standalone_domain/bsp/system.mss|system_1||
E:/Git-Repos/CNC-FPGA/Vitis3/CNC-PL8/zynq_fsbl/zynq_fsbl_bsp/system.mss|system_0||

TRACE::2026-03-06.22:36:59::SCWMssOS::Sw design exists and opened at  E:/Git-Repos/CNC-FPGA/Vitis3/CNC-PL8/zynq_fsbl/zynq_fsbl_bsp/system.mss
TRACE::2026-03-06.22:36:59::SCWPlatform::Trying to open the hw design at E:/Git-Repos/CNC-FPGA/Vitis3/CNC-PL8/hw/CNC_Top_wrapper.xsa
TRACE::2026-03-06.22:36:59::SCWPlatform::DSA given E:/Git-Repos/CNC-FPGA/Vitis3/CNC-PL8/hw/CNC_Top_wrapper.xsa
TRACE::2026-03-06.22:36:59::SCWPlatform::DSA absoulate path E:/Git-Repos/CNC-FPGA/Vitis3/CNC-PL8/hw/CNC_Top_wrapper.xsa
TRACE::2026-03-06.22:36:59::SCWPlatform::DSA directory E:/Git-Repos/CNC-FPGA/Vitis3/CNC-PL8/hw
TRACE::2026-03-06.22:36:59::SCWPlatform:: Platform Path E:/Git-Repos/CNC-FPGA/Vitis3/CNC-PL8/hw/CNC_Top_wrapper.xsa
TRACE::2026-03-06.22:36:59::SCWPlatform:: Unique name xilinx:zedboard::0.0
TRACE::2026-03-06.22:36:59::SCWPlatform::Trying to set the existing hwdb with name CNC_Top_wrapper_26
TRACE::2026-03-06.22:36:59::SCWPlatform::Opened existing hwdb CNC_Top_wrapper_26
TRACE::2026-03-06.22:36:59::SCWPlatform::Found the Hw Db part of the input DSA
TRACE::2026-03-06.22:36:59::SCWMssOS::Checking the sw design at  E:/Git-Repos/CNC-FPGA/Vitis3/CNC-PL8/zynq_fsbl/zynq_fsbl_bsp/system.mss
TRACE::2026-03-06.22:36:59::SCWMssOS::DEBUG:  swdes dump  E:/Git-Repos/CNC-FPGA/Vitis3/CNC-PL7/ps7_cortexa9_0/standalone_domain/bsp/system.mss|system||
E:/Git-Repos/CNC-FPGA/Vitis3/CNC-PL7/zynq_fsbl/zynq_fsbl_bsp/system.mss|system_2||
E:/Git-Repos/CNC-FPGA/Vitis3/CNC-PL8/ps7_cortexa9_0/standalone_domain/bsp/system.mss|system_1||
E:/Git-Repos/CNC-FPGA/Vitis3/CNC-PL8/zynq_fsbl/zynq_fsbl_bsp/system.mss|system_0||

TRACE::2026-03-06.22:36:59::SCWMssOS::Sw design exists and opened at  E:/Git-Repos/CNC-FPGA/Vitis3/CNC-PL8/zynq_fsbl/zynq_fsbl_bsp/system.mss
TRACE::2026-03-06.22:36:59::SCWPlatform::Trying to open the hw design at E:/Git-Repos/CNC-FPGA/Vitis3/CNC-PL8/hw/CNC_Top_wrapper.xsa
TRACE::2026-03-06.22:36:59::SCWPlatform::DSA given E:/Git-Repos/CNC-FPGA/Vitis3/CNC-PL8/hw/CNC_Top_wrapper.xsa
TRACE::2026-03-06.22:36:59::SCWPlatform::DSA absoulate path E:/Git-Repos/CNC-FPGA/Vitis3/CNC-PL8/hw/CNC_Top_wrapper.xsa
TRACE::2026-03-06.22:36:59::SCWPlatform::DSA directory E:/Git-Repos/CNC-FPGA/Vitis3/CNC-PL8/hw
TRACE::2026-03-06.22:36:59::SCWPlatform:: Platform Path E:/Git-Repos/CNC-FPGA/Vitis3/CNC-PL8/hw/CNC_Top_wrapper.xsa
TRACE::2026-03-06.22:36:59::SCWPlatform:: Unique name xilinx:zedboard::0.0
TRACE::2026-03-06.22:36:59::SCWPlatform::Trying to set the existing hwdb with name CNC_Top_wrapper_26
TRACE::2026-03-06.22:36:59::SCWPlatform::Opened existing hwdb CNC_Top_wrapper_26
TRACE::2026-03-06.22:36:59::SCWPlatform::Found the Hw Db part of the input DSA
TRACE::2026-03-06.22:36:59::SCWMssOS::Checking the sw design at  E:/Git-Repos/CNC-FPGA/Vitis3/CNC-PL8/zynq_fsbl/zynq_fsbl_bsp/system.mss
TRACE::2026-03-06.22:36:59::SCWMssOS::DEBUG:  swdes dump  E:/Git-Repos/CNC-FPGA/Vitis3/CNC-PL7/ps7_cortexa9_0/standalone_domain/bsp/system.mss|system||
E:/Git-Repos/CNC-FPGA/Vitis3/CNC-PL7/zynq_fsbl/zynq_fsbl_bsp/system.mss|system_2||
E:/Git-Repos/CNC-FPGA/Vitis3/CNC-PL8/ps7_cortexa9_0/standalone_domain/bsp/system.mss|system_1||
E:/Git-Repos/CNC-FPGA/Vitis3/CNC-PL8/zynq_fsbl/zynq_fsbl_bsp/system.mss|system_0||

TRACE::2026-03-06.22:36:59::SCWMssOS::Sw design exists and opened at  E:/Git-Repos/CNC-FPGA/Vitis3/CNC-PL8/zynq_fsbl/zynq_fsbl_bsp/system.mss
TRACE::2026-03-06.22:36:59::SCWPlatform::Trying to open the hw design at E:/Git-Repos/CNC-FPGA/Vitis3/CNC-PL8/hw/CNC_Top_wrapper.xsa
TRACE::2026-03-06.22:36:59::SCWPlatform::DSA given E:/Git-Repos/CNC-FPGA/Vitis3/CNC-PL8/hw/CNC_Top_wrapper.xsa
TRACE::2026-03-06.22:36:59::SCWPlatform::DSA absoulate path E:/Git-Repos/CNC-FPGA/Vitis3/CNC-PL8/hw/CNC_Top_wrapper.xsa
TRACE::2026-03-06.22:36:59::SCWPlatform::DSA directory E:/Git-Repos/CNC-FPGA/Vitis3/CNC-PL8/hw
TRACE::2026-03-06.22:36:59::SCWPlatform:: Platform Path E:/Git-Repos/CNC-FPGA/Vitis3/CNC-PL8/hw/CNC_Top_wrapper.xsa
TRACE::2026-03-06.22:36:59::SCWPlatform:: Unique name xilinx:zedboard::0.0
TRACE::2026-03-06.22:36:59::SCWPlatform::Trying to set the existing hwdb with name CNC_Top_wrapper_26
TRACE::2026-03-06.22:36:59::SCWPlatform::Opened existing hwdb CNC_Top_wrapper_26
TRACE::2026-03-06.22:36:59::SCWPlatform::Found the Hw Db part of the input DSA
TRACE::2026-03-06.22:36:59::SCWMssOS::Checking the sw design at  E:/Git-Repos/CNC-FPGA/Vitis3/CNC-PL8/ps7_cortexa9_0/standalone_domain/bsp/system.mss
TRACE::2026-03-06.22:36:59::SCWMssOS::DEBUG:  swdes dump  E:/Git-Repos/CNC-FPGA/Vitis3/CNC-PL7/ps7_cortexa9_0/standalone_domain/bsp/system.mss|system||
E:/Git-Repos/CNC-FPGA/Vitis3/CNC-PL7/zynq_fsbl/zynq_fsbl_bsp/system.mss|system_2||
E:/Git-Repos/CNC-FPGA/Vitis3/CNC-PL8/ps7_cortexa9_0/standalone_domain/bsp/system.mss|system_1||
E:/Git-Repos/CNC-FPGA/Vitis3/CNC-PL8/zynq_fsbl/zynq_fsbl_bsp/system.mss|system_0||

TRACE::2026-03-06.22:36:59::SCWMssOS::Sw design exists and opened at  E:/Git-Repos/CNC-FPGA/Vitis3/CNC-PL8/ps7_cortexa9_0/standalone_domain/bsp/system.mss
TRACE::2026-03-06.22:36:59::SCWPlatform::Trying to open the hw design at E:/Git-Repos/CNC-FPGA/Vitis3/CNC-PL8/hw/CNC_Top_wrapper.xsa
TRACE::2026-03-06.22:36:59::SCWPlatform::DSA given E:/Git-Repos/CNC-FPGA/Vitis3/CNC-PL8/hw/CNC_Top_wrapper.xsa
TRACE::2026-03-06.22:36:59::SCWPlatform::DSA absoulate path E:/Git-Repos/CNC-FPGA/Vitis3/CNC-PL8/hw/CNC_Top_wrapper.xsa
TRACE::2026-03-06.22:36:59::SCWPlatform::DSA directory E:/Git-Repos/CNC-FPGA/Vitis3/CNC-PL8/hw
TRACE::2026-03-06.22:36:59::SCWPlatform:: Platform Path E:/Git-Repos/CNC-FPGA/Vitis3/CNC-PL8/hw/CNC_Top_wrapper.xsa
TRACE::2026-03-06.22:36:59::SCWPlatform:: Unique name xilinx:zedboard::0.0
TRACE::2026-03-06.22:36:59::SCWPlatform::Trying to set the existing hwdb with name CNC_Top_wrapper_26
TRACE::2026-03-06.22:36:59::SCWPlatform::Opened existing hwdb CNC_Top_wrapper_26
TRACE::2026-03-06.22:36:59::SCWPlatform::Found the Hw Db part of the input DSA
TRACE::2026-03-06.22:36:59::SCWMssOS::Checking the sw design at  E:/Git-Repos/CNC-FPGA/Vitis3/CNC-PL8/ps7_cortexa9_0/standalone_domain/bsp/system.mss
TRACE::2026-03-06.22:36:59::SCWMssOS::DEBUG:  swdes dump  E:/Git-Repos/CNC-FPGA/Vitis3/CNC-PL7/ps7_cortexa9_0/standalone_domain/bsp/system.mss|system||
E:/Git-Repos/CNC-FPGA/Vitis3/CNC-PL7/zynq_fsbl/zynq_fsbl_bsp/system.mss|system_2||
E:/Git-Repos/CNC-FPGA/Vitis3/CNC-PL8/ps7_cortexa9_0/standalone_domain/bsp/system.mss|system_1||
E:/Git-Repos/CNC-FPGA/Vitis3/CNC-PL8/zynq_fsbl/zynq_fsbl_bsp/system.mss|system_0||

TRACE::2026-03-06.22:36:59::SCWMssOS::Sw design exists and opened at  E:/Git-Repos/CNC-FPGA/Vitis3/CNC-PL8/ps7_cortexa9_0/standalone_domain/bsp/system.mss
TRACE::2026-03-06.22:36:59::SCWPlatform::Trying to open the hw design at E:/Git-Repos/CNC-FPGA/Vitis3/CNC-PL8/hw/CNC_Top_wrapper.xsa
TRACE::2026-03-06.22:36:59::SCWPlatform::DSA given E:/Git-Repos/CNC-FPGA/Vitis3/CNC-PL8/hw/CNC_Top_wrapper.xsa
TRACE::2026-03-06.22:36:59::SCWPlatform::DSA absoulate path E:/Git-Repos/CNC-FPGA/Vitis3/CNC-PL8/hw/CNC_Top_wrapper.xsa
TRACE::2026-03-06.22:36:59::SCWPlatform::DSA directory E:/Git-Repos/CNC-FPGA/Vitis3/CNC-PL8/hw
TRACE::2026-03-06.22:36:59::SCWPlatform:: Platform Path E:/Git-Repos/CNC-FPGA/Vitis3/CNC-PL8/hw/CNC_Top_wrapper.xsa
TRACE::2026-03-06.22:36:59::SCWPlatform:: Unique name xilinx:zedboard::0.0
TRACE::2026-03-06.22:36:59::SCWPlatform::Trying to set the existing hwdb with name CNC_Top_wrapper_26
TRACE::2026-03-06.22:36:59::SCWPlatform::Opened existing hwdb CNC_Top_wrapper_26
TRACE::2026-03-06.22:36:59::SCWPlatform::Found the Hw Db part of the input DSA
TRACE::2026-03-06.22:36:59::SCWMssOS::Checking the sw design at  E:/Git-Repos/CNC-FPGA/Vitis3/CNC-PL8/ps7_cortexa9_0/standalone_domain/bsp/system.mss
TRACE::2026-03-06.22:36:59::SCWMssOS::DEBUG:  swdes dump  E:/Git-Repos/CNC-FPGA/Vitis3/CNC-PL7/ps7_cortexa9_0/standalone_domain/bsp/system.mss|system||
E:/Git-Repos/CNC-FPGA/Vitis3/CNC-PL7/zynq_fsbl/zynq_fsbl_bsp/system.mss|system_2||
E:/Git-Repos/CNC-FPGA/Vitis3/CNC-PL8/ps7_cortexa9_0/standalone_domain/bsp/system.mss|system_1||
E:/Git-Repos/CNC-FPGA/Vitis3/CNC-PL8/zynq_fsbl/zynq_fsbl_bsp/system.mss|system_0||

TRACE::2026-03-06.22:36:59::SCWMssOS::Sw design exists and opened at  E:/Git-Repos/CNC-FPGA/Vitis3/CNC-PL8/ps7_cortexa9_0/standalone_domain/bsp/system.mss
TRACE::2026-03-06.22:36:59::SCWWriter::formatted JSON is {
	"platformName":	"CNC-PL8",
	"sprVersion":	"2.0",
	"mode":	"gui",
	"dsaType":	"Fixed",
	"platformDesc":	"CNC-PL8",
	"platHandOff":	"E:/Git-Repos/CNC-FPGA/Zedboard-CNC/CNC_Top_wrapper.xsa",
	"platIntHandOff":	"<platformDir>/hw/CNC_Top_wrapper.xsa",
	"deviceType":	"zynq",
	"platIsPrebuiltAutogen":	"false",
	"platIsNoBootBsp":	"false",
	"platFsblTarget":	"ps7_cortexa9_0",
	"hasFsblMakeHasChanges":	"false",
	"hasPmufwMakeHasChanges":	"false",
	"fsblExtraCompilerFlags":	"-MMD -MP       -mcpu=cortex-a9 -mfpu=vfpv3 -mfloat-abi=hard ",
	"platPreBuiltFlag":	false,
	"platformSamplesDir":	"",
	"platActiveSys":	"CNC-PL8",
	"systems":	[{
			"systemName":	"CNC-PL8",
			"systemDesc":	"CNC-PL8",
			"sysIsBootAutoGen":	"true",
			"systemDispName":	"CNC-PL8",
			"sysActiveDom":	"standalone_domain",
			"sysDefaultDom":	"standalone_domain",
			"domains":	[{
					"domainName":	"zynq_fsbl",
					"domainDispName":	"zynq_fsbl",
					"domainDesc":	"FSBL Application BSP - Auto Generated.",
					"processors":	"ps7_cortexa9_0",
					"os":	"standalone",
					"sdxOs":	"standalone",
					"debugEnable":	"",
					"domRuntimes":	["cpp"],
					"swRepo":	"",
					"mssOsVer":	"9.2",
					"mssFile":	"",
					"md5Digest":	"8e05dff6cf2b7a5e245cc7c2f785ee81",
					"compatibleApp":	"zynq_fsbl",
					"domType":	"bootDomain",
					"arch":	"32-bit",
					"appSettings":	{
						"appCompilerFlags":	"",
						"appLinkerFlags":	""
					},
					"addedLibs":	["xilffs:5.3", "xilrsa:1.8"],
					"libOptions":	{
						"libsContainingOptions":	[]
					},
					"prebuiltLibs":	{
						"prebuiltIncPath":	[],
						"prebuiltLibPath":	[]
					},
					"isolation":	{
					}
				}, {
					"domainName":	"standalone_domain",
					"domainDispName":	"standalone_domain",
					"domainDesc":	"standalone_domain",
					"processors":	"ps7_cortexa9_0",
					"os":	"standalone",
					"sdxOs":	"standalone",
					"qemuArgs":	"<platformDir>/resources/CNC-PL8/standalone_domain/qemu_args.txt",
					"qemuData":	"<platformDir>/resources/CNC-PL8/standalone_domain/qemu",
					"debugEnable":	"False",
					"domRuntimes":	["cpp"],
					"swRepo":	"",
					"mssOsVer":	"9.2",
					"mssFile":	"",
					"md5Digest":	"aed75abb87964b40d6efb9b45e153c20",
					"compatibleApp":	"",
					"domType":	"mssDomain",
					"appSettings":	{
						"appCompilerFlags":	"",
						"appLinkerFlags":	""
					},
					"addedLibs":	[],
					"libOptions":	{
						"libsContainingOptions":	[]
					},
					"prebuiltLibs":	{
						"prebuiltIncPath":	[],
						"prebuiltLibPath":	[]
					},
					"isolation":	{
					}
				}]
		}]
}
KEYINFO::2026-03-06.22:36:59::SCWPlatform::updated the xpfm file.
TRACE::2026-03-06.22:36:59::SCWPlatform::Trying to open the hw design at E:/Git-Repos/CNC-FPGA/Vitis3/CNC-PL8/hw/CNC_Top_wrapper.xsa
TRACE::2026-03-06.22:36:59::SCWPlatform::DSA given E:/Git-Repos/CNC-FPGA/Vitis3/CNC-PL8/hw/CNC_Top_wrapper.xsa
TRACE::2026-03-06.22:36:59::SCWPlatform::DSA absoulate path E:/Git-Repos/CNC-FPGA/Vitis3/CNC-PL8/hw/CNC_Top_wrapper.xsa
TRACE::2026-03-06.22:36:59::SCWPlatform::DSA directory E:/Git-Repos/CNC-FPGA/Vitis3/CNC-PL8/hw
TRACE::2026-03-06.22:36:59::SCWPlatform:: Platform Path E:/Git-Repos/CNC-FPGA/Vitis3/CNC-PL8/hw/CNC_Top_wrapper.xsa
TRACE::2026-03-06.22:36:59::SCWPlatform:: Unique name xilinx:zedboard::0.0
TRACE::2026-03-06.22:36:59::SCWPlatform::Trying to set the existing hwdb with name CNC_Top_wrapper_26
TRACE::2026-03-06.22:36:59::SCWPlatform::Opened existing hwdb CNC_Top_wrapper_26
TRACE::2026-03-06.22:36:59::SCWPlatform::Found the Hw Db part of the input DSA
TRACE::2026-03-06.22:36:59::SCWMssOS::Checking the sw design at  E:/Git-Repos/CNC-FPGA/Vitis3/CNC-PL8/ps7_cortexa9_0/standalone_domain/bsp/system.mss
TRACE::2026-03-06.22:36:59::SCWMssOS::DEBUG:  swdes dump  E:/Git-Repos/CNC-FPGA/Vitis3/CNC-PL7/ps7_cortexa9_0/standalone_domain/bsp/system.mss|system||
E:/Git-Repos/CNC-FPGA/Vitis3/CNC-PL7/zynq_fsbl/zynq_fsbl_bsp/system.mss|system_2||
E:/Git-Repos/CNC-FPGA/Vitis3/CNC-PL8/ps7_cortexa9_0/standalone_domain/bsp/system.mss|system_1||
E:/Git-Repos/CNC-FPGA/Vitis3/CNC-PL8/zynq_fsbl/zynq_fsbl_bsp/system.mss|system_0||

TRACE::2026-03-06.22:36:59::SCWMssOS::Sw design exists and opened at  E:/Git-Repos/CNC-FPGA/Vitis3/CNC-PL8/ps7_cortexa9_0/standalone_domain/bsp/system.mss
TRACE::2026-03-06.22:36:59::SCWMssOS::Saving the mss changes E:/Git-Repos/CNC-FPGA/Vitis3/CNC-PL8/zynq_fsbl/zynq_fsbl_bsp/system.mss
TRACE::2026-03-06.22:36:59::SCWMssOS::Found a swdesign opened with the mssfile.
TRACE::2026-03-06.22:36:59::SCWMssOS::Completed writemss as part of save.
TRACE::2026-03-06.22:36:59::SCWMssOS::Commit changes completed.
TRACE::2026-03-06.22:36:59::SCWMssOS::Saving the mss changes E:/Git-Repos/CNC-FPGA/Vitis3/CNC-PL8/ps7_cortexa9_0/standalone_domain/bsp/system.mss
TRACE::2026-03-06.22:36:59::SCWMssOS::Found a swdesign opened with the mssfile.
TRACE::2026-03-06.22:36:59::SCWMssOS::Completed writemss as part of save.
TRACE::2026-03-06.22:36:59::SCWMssOS::Commit changes completed.
TRACE::2026-03-06.22:36:59::SCWPlatform::Trying to open the hw design at E:/Git-Repos/CNC-FPGA/Vitis3/CNC-PL8/hw/CNC_Top_wrapper.xsa
TRACE::2026-03-06.22:36:59::SCWPlatform::DSA given E:/Git-Repos/CNC-FPGA/Vitis3/CNC-PL8/hw/CNC_Top_wrapper.xsa
TRACE::2026-03-06.22:36:59::SCWPlatform::DSA absoulate path E:/Git-Repos/CNC-FPGA/Vitis3/CNC-PL8/hw/CNC_Top_wrapper.xsa
TRACE::2026-03-06.22:36:59::SCWPlatform::DSA directory E:/Git-Repos/CNC-FPGA/Vitis3/CNC-PL8/hw
TRACE::2026-03-06.22:36:59::SCWPlatform:: Platform Path E:/Git-Repos/CNC-FPGA/Vitis3/CNC-PL8/hw/CNC_Top_wrapper.xsa
TRACE::2026-03-06.22:36:59::SCWPlatform:: Unique name xilinx:zedboard::0.0
TRACE::2026-03-06.22:36:59::SCWPlatform::Trying to set the existing hwdb with name CNC_Top_wrapper_26
TRACE::2026-03-06.22:36:59::SCWPlatform::Opened existing hwdb CNC_Top_wrapper_26
TRACE::2026-03-06.22:36:59::SCWPlatform::Found the Hw Db part of the input DSA
TRACE::2026-03-06.22:36:59::SCWMssOS::Checking the sw design at  E:/Git-Repos/CNC-FPGA/Vitis3/CNC-PL8/zynq_fsbl/zynq_fsbl_bsp/system.mss
TRACE::2026-03-06.22:36:59::SCWMssOS::DEBUG:  swdes dump  E:/Git-Repos/CNC-FPGA/Vitis3/CNC-PL7/ps7_cortexa9_0/standalone_domain/bsp/system.mss|system||
E:/Git-Repos/CNC-FPGA/Vitis3/CNC-PL7/zynq_fsbl/zynq_fsbl_bsp/system.mss|system_2||
E:/Git-Repos/CNC-FPGA/Vitis3/CNC-PL8/ps7_cortexa9_0/standalone_domain/bsp/system.mss|system_1||
E:/Git-Repos/CNC-FPGA/Vitis3/CNC-PL8/zynq_fsbl/zynq_fsbl_bsp/system.mss|system_0||

TRACE::2026-03-06.22:36:59::SCWMssOS::Sw design exists and opened at  E:/Git-Repos/CNC-FPGA/Vitis3/CNC-PL8/zynq_fsbl/zynq_fsbl_bsp/system.mss
TRACE::2026-03-06.22:36:59::SCWPlatform::Trying to open the hw design at E:/Git-Repos/CNC-FPGA/Vitis3/CNC-PL8/hw/CNC_Top_wrapper.xsa
TRACE::2026-03-06.22:36:59::SCWPlatform::DSA given E:/Git-Repos/CNC-FPGA/Vitis3/CNC-PL8/hw/CNC_Top_wrapper.xsa
TRACE::2026-03-06.22:36:59::SCWPlatform::DSA absoulate path E:/Git-Repos/CNC-FPGA/Vitis3/CNC-PL8/hw/CNC_Top_wrapper.xsa
TRACE::2026-03-06.22:36:59::SCWPlatform::DSA directory E:/Git-Repos/CNC-FPGA/Vitis3/CNC-PL8/hw
TRACE::2026-03-06.22:36:59::SCWPlatform:: Platform Path E:/Git-Repos/CNC-FPGA/Vitis3/CNC-PL8/hw/CNC_Top_wrapper.xsa
TRACE::2026-03-06.22:36:59::SCWPlatform:: Unique name xilinx:zedboard::0.0
TRACE::2026-03-06.22:36:59::SCWPlatform::Trying to set the existing hwdb with name CNC_Top_wrapper_26
TRACE::2026-03-06.22:36:59::SCWPlatform::Opened existing hwdb CNC_Top_wrapper_26
TRACE::2026-03-06.22:36:59::SCWPlatform::Found the Hw Db part of the input DSA
TRACE::2026-03-06.22:36:59::SCWMssOS::Checking the sw design at  E:/Git-Repos/CNC-FPGA/Vitis3/CNC-PL8/zynq_fsbl/zynq_fsbl_bsp/system.mss
TRACE::2026-03-06.22:36:59::SCWMssOS::DEBUG:  swdes dump  E:/Git-Repos/CNC-FPGA/Vitis3/CNC-PL7/ps7_cortexa9_0/standalone_domain/bsp/system.mss|system||
E:/Git-Repos/CNC-FPGA/Vitis3/CNC-PL7/zynq_fsbl/zynq_fsbl_bsp/system.mss|system_2||
E:/Git-Repos/CNC-FPGA/Vitis3/CNC-PL8/ps7_cortexa9_0/standalone_domain/bsp/system.mss|system_1||
E:/Git-Repos/CNC-FPGA/Vitis3/CNC-PL8/zynq_fsbl/zynq_fsbl_bsp/system.mss|system_0||

TRACE::2026-03-06.22:36:59::SCWMssOS::Sw design exists and opened at  E:/Git-Repos/CNC-FPGA/Vitis3/CNC-PL8/zynq_fsbl/zynq_fsbl_bsp/system.mss
TRACE::2026-03-06.22:36:59::SCWPlatform::Trying to open the hw design at E:/Git-Repos/CNC-FPGA/Vitis3/CNC-PL8/hw/CNC_Top_wrapper.xsa
TRACE::2026-03-06.22:36:59::SCWPlatform::DSA given E:/Git-Repos/CNC-FPGA/Vitis3/CNC-PL8/hw/CNC_Top_wrapper.xsa
TRACE::2026-03-06.22:36:59::SCWPlatform::DSA absoulate path E:/Git-Repos/CNC-FPGA/Vitis3/CNC-PL8/hw/CNC_Top_wrapper.xsa
TRACE::2026-03-06.22:36:59::SCWPlatform::DSA directory E:/Git-Repos/CNC-FPGA/Vitis3/CNC-PL8/hw
TRACE::2026-03-06.22:36:59::SCWPlatform:: Platform Path E:/Git-Repos/CNC-FPGA/Vitis3/CNC-PL8/hw/CNC_Top_wrapper.xsa
TRACE::2026-03-06.22:36:59::SCWPlatform:: Unique name xilinx:zedboard::0.0
TRACE::2026-03-06.22:36:59::SCWPlatform::Trying to set the existing hwdb with name CNC_Top_wrapper_26
TRACE::2026-03-06.22:36:59::SCWPlatform::Opened existing hwdb CNC_Top_wrapper_26
TRACE::2026-03-06.22:36:59::SCWPlatform::Found the Hw Db part of the input DSA
TRACE::2026-03-06.22:36:59::SCWMssOS::Checking the sw design at  E:/Git-Repos/CNC-FPGA/Vitis3/CNC-PL8/zynq_fsbl/zynq_fsbl_bsp/system.mss
TRACE::2026-03-06.22:36:59::SCWMssOS::DEBUG:  swdes dump  E:/Git-Repos/CNC-FPGA/Vitis3/CNC-PL7/ps7_cortexa9_0/standalone_domain/bsp/system.mss|system||
E:/Git-Repos/CNC-FPGA/Vitis3/CNC-PL7/zynq_fsbl/zynq_fsbl_bsp/system.mss|system_2||
E:/Git-Repos/CNC-FPGA/Vitis3/CNC-PL8/ps7_cortexa9_0/standalone_domain/bsp/system.mss|system_1||
E:/Git-Repos/CNC-FPGA/Vitis3/CNC-PL8/zynq_fsbl/zynq_fsbl_bsp/system.mss|system_0||

TRACE::2026-03-06.22:36:59::SCWMssOS::Sw design exists and opened at  E:/Git-Repos/CNC-FPGA/Vitis3/CNC-PL8/zynq_fsbl/zynq_fsbl_bsp/system.mss
TRACE::2026-03-06.22:36:59::SCWPlatform::Trying to open the hw design at E:/Git-Repos/CNC-FPGA/Vitis3/CNC-PL8/hw/CNC_Top_wrapper.xsa
TRACE::2026-03-06.22:36:59::SCWPlatform::DSA given E:/Git-Repos/CNC-FPGA/Vitis3/CNC-PL8/hw/CNC_Top_wrapper.xsa
TRACE::2026-03-06.22:36:59::SCWPlatform::DSA absoulate path E:/Git-Repos/CNC-FPGA/Vitis3/CNC-PL8/hw/CNC_Top_wrapper.xsa
TRACE::2026-03-06.22:36:59::SCWPlatform::DSA directory E:/Git-Repos/CNC-FPGA/Vitis3/CNC-PL8/hw
TRACE::2026-03-06.22:36:59::SCWPlatform:: Platform Path E:/Git-Repos/CNC-FPGA/Vitis3/CNC-PL8/hw/CNC_Top_wrapper.xsa
TRACE::2026-03-06.22:36:59::SCWPlatform:: Unique name xilinx:zedboard::0.0
TRACE::2026-03-06.22:36:59::SCWPlatform::Trying to set the existing hwdb with name CNC_Top_wrapper_26
TRACE::2026-03-06.22:36:59::SCWPlatform::Opened existing hwdb CNC_Top_wrapper_26
TRACE::2026-03-06.22:36:59::SCWPlatform::Found the Hw Db part of the input DSA
TRACE::2026-03-06.22:36:59::SCWMssOS::Checking the sw design at  E:/Git-Repos/CNC-FPGA/Vitis3/CNC-PL8/ps7_cortexa9_0/standalone_domain/bsp/system.mss
TRACE::2026-03-06.22:36:59::SCWMssOS::DEBUG:  swdes dump  E:/Git-Repos/CNC-FPGA/Vitis3/CNC-PL7/ps7_cortexa9_0/standalone_domain/bsp/system.mss|system||
E:/Git-Repos/CNC-FPGA/Vitis3/CNC-PL7/zynq_fsbl/zynq_fsbl_bsp/system.mss|system_2||
E:/Git-Repos/CNC-FPGA/Vitis3/CNC-PL8/ps7_cortexa9_0/standalone_domain/bsp/system.mss|system_1||
E:/Git-Repos/CNC-FPGA/Vitis3/CNC-PL8/zynq_fsbl/zynq_fsbl_bsp/system.mss|system_0||

TRACE::2026-03-06.22:36:59::SCWMssOS::Sw design exists and opened at  E:/Git-Repos/CNC-FPGA/Vitis3/CNC-PL8/ps7_cortexa9_0/standalone_domain/bsp/system.mss
TRACE::2026-03-06.22:36:59::SCWPlatform::Trying to open the hw design at E:/Git-Repos/CNC-FPGA/Vitis3/CNC-PL8/hw/CNC_Top_wrapper.xsa
TRACE::2026-03-06.22:36:59::SCWPlatform::DSA given E:/Git-Repos/CNC-FPGA/Vitis3/CNC-PL8/hw/CNC_Top_wrapper.xsa
TRACE::2026-03-06.22:36:59::SCWPlatform::DSA absoulate path E:/Git-Repos/CNC-FPGA/Vitis3/CNC-PL8/hw/CNC_Top_wrapper.xsa
TRACE::2026-03-06.22:36:59::SCWPlatform::DSA directory E:/Git-Repos/CNC-FPGA/Vitis3/CNC-PL8/hw
TRACE::2026-03-06.22:36:59::SCWPlatform:: Platform Path E:/Git-Repos/CNC-FPGA/Vitis3/CNC-PL8/hw/CNC_Top_wrapper.xsa
TRACE::2026-03-06.22:36:59::SCWPlatform:: Unique name xilinx:zedboard::0.0
TRACE::2026-03-06.22:36:59::SCWPlatform::Trying to set the existing hwdb with name CNC_Top_wrapper_26
TRACE::2026-03-06.22:36:59::SCWPlatform::Opened existing hwdb CNC_Top_wrapper_26
TRACE::2026-03-06.22:36:59::SCWPlatform::Found the Hw Db part of the input DSA
TRACE::2026-03-06.22:36:59::SCWMssOS::Checking the sw design at  E:/Git-Repos/CNC-FPGA/Vitis3/CNC-PL8/ps7_cortexa9_0/standalone_domain/bsp/system.mss
TRACE::2026-03-06.22:36:59::SCWMssOS::DEBUG:  swdes dump  E:/Git-Repos/CNC-FPGA/Vitis3/CNC-PL7/ps7_cortexa9_0/standalone_domain/bsp/system.mss|system||
E:/Git-Repos/CNC-FPGA/Vitis3/CNC-PL7/zynq_fsbl/zynq_fsbl_bsp/system.mss|system_2||
E:/Git-Repos/CNC-FPGA/Vitis3/CNC-PL8/ps7_cortexa9_0/standalone_domain/bsp/system.mss|system_1||
E:/Git-Repos/CNC-FPGA/Vitis3/CNC-PL8/zynq_fsbl/zynq_fsbl_bsp/system.mss|system_0||

TRACE::2026-03-06.22:36:59::SCWMssOS::Sw design exists and opened at  E:/Git-Repos/CNC-FPGA/Vitis3/CNC-PL8/ps7_cortexa9_0/standalone_domain/bsp/system.mss
TRACE::2026-03-06.22:36:59::SCWPlatform::Trying to open the hw design at E:/Git-Repos/CNC-FPGA/Vitis3/CNC-PL8/hw/CNC_Top_wrapper.xsa
TRACE::2026-03-06.22:36:59::SCWPlatform::DSA given E:/Git-Repos/CNC-FPGA/Vitis3/CNC-PL8/hw/CNC_Top_wrapper.xsa
TRACE::2026-03-06.22:36:59::SCWPlatform::DSA absoulate path E:/Git-Repos/CNC-FPGA/Vitis3/CNC-PL8/hw/CNC_Top_wrapper.xsa
TRACE::2026-03-06.22:36:59::SCWPlatform::DSA directory E:/Git-Repos/CNC-FPGA/Vitis3/CNC-PL8/hw
TRACE::2026-03-06.22:36:59::SCWPlatform:: Platform Path E:/Git-Repos/CNC-FPGA/Vitis3/CNC-PL8/hw/CNC_Top_wrapper.xsa
TRACE::2026-03-06.22:36:59::SCWPlatform:: Unique name xilinx:zedboard::0.0
TRACE::2026-03-06.22:36:59::SCWPlatform::Trying to set the existing hwdb with name CNC_Top_wrapper_26
TRACE::2026-03-06.22:36:59::SCWPlatform::Opened existing hwdb CNC_Top_wrapper_26
TRACE::2026-03-06.22:36:59::SCWPlatform::Found the Hw Db part of the input DSA
TRACE::2026-03-06.22:36:59::SCWMssOS::Checking the sw design at  E:/Git-Repos/CNC-FPGA/Vitis3/CNC-PL8/ps7_cortexa9_0/standalone_domain/bsp/system.mss
TRACE::2026-03-06.22:36:59::SCWMssOS::DEBUG:  swdes dump  E:/Git-Repos/CNC-FPGA/Vitis3/CNC-PL7/ps7_cortexa9_0/standalone_domain/bsp/system.mss|system||
E:/Git-Repos/CNC-FPGA/Vitis3/CNC-PL7/zynq_fsbl/zynq_fsbl_bsp/system.mss|system_2||
E:/Git-Repos/CNC-FPGA/Vitis3/CNC-PL8/ps7_cortexa9_0/standalone_domain/bsp/system.mss|system_1||
E:/Git-Repos/CNC-FPGA/Vitis3/CNC-PL8/zynq_fsbl/zynq_fsbl_bsp/system.mss|system_0||

TRACE::2026-03-06.22:36:59::SCWMssOS::Sw design exists and opened at  E:/Git-Repos/CNC-FPGA/Vitis3/CNC-PL8/ps7_cortexa9_0/standalone_domain/bsp/system.mss
TRACE::2026-03-06.22:36:59::SCWWriter::formatted JSON is {
	"platformName":	"CNC-PL8",
	"sprVersion":	"2.0",
	"mode":	"gui",
	"dsaType":	"Fixed",
	"platformDesc":	"CNC-PL8",
	"platHandOff":	"E:/Git-Repos/CNC-FPGA/Zedboard-CNC/CNC_Top_wrapper.xsa",
	"platIntHandOff":	"<platformDir>/hw/CNC_Top_wrapper.xsa",
	"deviceType":	"zynq",
	"platIsPrebuiltAutogen":	"false",
	"platIsNoBootBsp":	"false",
	"platFsblTarget":	"ps7_cortexa9_0",
	"hasFsblMakeHasChanges":	"false",
	"hasPmufwMakeHasChanges":	"false",
	"fsblExtraCompilerFlags":	"-MMD -MP       -mcpu=cortex-a9 -mfpu=vfpv3 -mfloat-abi=hard ",
	"platPreBuiltFlag":	false,
	"platformSamplesDir":	"",
	"platActiveSys":	"CNC-PL8",
	"systems":	[{
			"systemName":	"CNC-PL8",
			"systemDesc":	"CNC-PL8",
			"sysIsBootAutoGen":	"true",
			"systemDispName":	"CNC-PL8",
			"sysActiveDom":	"standalone_domain",
			"sysDefaultDom":	"standalone_domain",
			"domains":	[{
					"domainName":	"zynq_fsbl",
					"domainDispName":	"zynq_fsbl",
					"domainDesc":	"FSBL Application BSP - Auto Generated.",
					"processors":	"ps7_cortexa9_0",
					"os":	"standalone",
					"sdxOs":	"standalone",
					"debugEnable":	"",
					"domRuntimes":	["cpp"],
					"swRepo":	"",
					"mssOsVer":	"9.2",
					"mssFile":	"",
					"md5Digest":	"8e05dff6cf2b7a5e245cc7c2f785ee81",
					"compatibleApp":	"zynq_fsbl",
					"domType":	"bootDomain",
					"arch":	"32-bit",
					"appSettings":	{
						"appCompilerFlags":	"",
						"appLinkerFlags":	""
					},
					"addedLibs":	["xilffs:5.3", "xilrsa:1.8"],
					"libOptions":	{
						"libsContainingOptions":	[]
					},
					"prebuiltLibs":	{
						"prebuiltIncPath":	[],
						"prebuiltLibPath":	[]
					},
					"isolation":	{
					}
				}, {
					"domainName":	"standalone_domain",
					"domainDispName":	"standalone_domain",
					"domainDesc":	"standalone_domain",
					"processors":	"ps7_cortexa9_0",
					"os":	"standalone",
					"sdxOs":	"standalone",
					"qemuArgs":	"<platformDir>/resources/CNC-PL8/standalone_domain/qemu_args.txt",
					"qemuData":	"<platformDir>/resources/CNC-PL8/standalone_domain/qemu",
					"debugEnable":	"False",
					"domRuntimes":	["cpp"],
					"swRepo":	"",
					"mssOsVer":	"9.2",
					"mssFile":	"",
					"md5Digest":	"aed75abb87964b40d6efb9b45e153c20",
					"compatibleApp":	"",
					"domType":	"mssDomain",
					"appSettings":	{
						"appCompilerFlags":	"",
						"appLinkerFlags":	""
					},
					"addedLibs":	[],
					"libOptions":	{
						"libsContainingOptions":	[]
					},
					"prebuiltLibs":	{
						"prebuiltIncPath":	[],
						"prebuiltLibPath":	[]
					},
					"isolation":	{
					}
				}]
		}]
}
TRACE::2026-03-06.22:36:59::SCWPlatform::Trying to open the hw design at E:/Git-Repos/CNC-FPGA/Vitis3/CNC-PL8/hw/CNC_Top_wrapper.xsa
TRACE::2026-03-06.22:36:59::SCWPlatform::DSA given E:/Git-Repos/CNC-FPGA/Vitis3/CNC-PL8/hw/CNC_Top_wrapper.xsa
TRACE::2026-03-06.22:36:59::SCWPlatform::DSA absoulate path E:/Git-Repos/CNC-FPGA/Vitis3/CNC-PL8/hw/CNC_Top_wrapper.xsa
TRACE::2026-03-06.22:36:59::SCWPlatform::DSA directory E:/Git-Repos/CNC-FPGA/Vitis3/CNC-PL8/hw
TRACE::2026-03-06.22:36:59::SCWPlatform:: Platform Path E:/Git-Repos/CNC-FPGA/Vitis3/CNC-PL8/hw/CNC_Top_wrapper.xsa
TRACE::2026-03-06.22:36:59::SCWPlatform:: Unique name xilinx:zedboard::0.0
TRACE::2026-03-06.22:36:59::SCWPlatform::Trying to set the existing hwdb with name CNC_Top_wrapper_26
TRACE::2026-03-06.22:36:59::SCWPlatform::Opened existing hwdb CNC_Top_wrapper_26
TRACE::2026-03-06.22:36:59::SCWPlatform::Found the Hw Db part of the input DSA
TRACE::2026-03-06.22:36:59::SCWMssOS::Checking the sw design at  E:/Git-Repos/CNC-FPGA/Vitis3/CNC-PL8/ps7_cortexa9_0/standalone_domain/bsp/system.mss
TRACE::2026-03-06.22:36:59::SCWMssOS::DEBUG:  swdes dump  E:/Git-Repos/CNC-FPGA/Vitis3/CNC-PL7/ps7_cortexa9_0/standalone_domain/bsp/system.mss|system||
E:/Git-Repos/CNC-FPGA/Vitis3/CNC-PL7/zynq_fsbl/zynq_fsbl_bsp/system.mss|system_2||
E:/Git-Repos/CNC-FPGA/Vitis3/CNC-PL8/ps7_cortexa9_0/standalone_domain/bsp/system.mss|system_1||
E:/Git-Repos/CNC-FPGA/Vitis3/CNC-PL8/zynq_fsbl/zynq_fsbl_bsp/system.mss|system_0||

TRACE::2026-03-06.22:36:59::SCWMssOS::Sw design exists and opened at  E:/Git-Repos/CNC-FPGA/Vitis3/CNC-PL8/ps7_cortexa9_0/standalone_domain/bsp/system.mss
TRACE::2026-03-06.22:36:59::SCWPlatform::Trying to open the hw design at E:/Git-Repos/CNC-FPGA/Vitis3/CNC-PL8/hw/CNC_Top_wrapper.xsa
TRACE::2026-03-06.22:36:59::SCWPlatform::DSA given E:/Git-Repos/CNC-FPGA/Vitis3/CNC-PL8/hw/CNC_Top_wrapper.xsa
TRACE::2026-03-06.22:36:59::SCWPlatform::DSA absoulate path E:/Git-Repos/CNC-FPGA/Vitis3/CNC-PL8/hw/CNC_Top_wrapper.xsa
TRACE::2026-03-06.22:36:59::SCWPlatform::DSA directory E:/Git-Repos/CNC-FPGA/Vitis3/CNC-PL8/hw
TRACE::2026-03-06.22:36:59::SCWPlatform:: Platform Path E:/Git-Repos/CNC-FPGA/Vitis3/CNC-PL8/hw/CNC_Top_wrapper.xsa
TRACE::2026-03-06.22:36:59::SCWPlatform:: Unique name xilinx:zedboard::0.0
TRACE::2026-03-06.22:36:59::SCWPlatform::Trying to set the existing hwdb with name CNC_Top_wrapper_26
TRACE::2026-03-06.22:36:59::SCWPlatform::Opened existing hwdb CNC_Top_wrapper_26
TRACE::2026-03-06.22:36:59::SCWPlatform::Found the Hw Db part of the input DSA
TRACE::2026-03-06.22:36:59::SCWMssOS::Checking the sw design at  E:/Git-Repos/CNC-FPGA/Vitis3/CNC-PL8/ps7_cortexa9_0/standalone_domain/bsp/system.mss
TRACE::2026-03-06.22:36:59::SCWMssOS::DEBUG:  swdes dump  E:/Git-Repos/CNC-FPGA/Vitis3/CNC-PL7/ps7_cortexa9_0/standalone_domain/bsp/system.mss|system||
E:/Git-Repos/CNC-FPGA/Vitis3/CNC-PL7/zynq_fsbl/zynq_fsbl_bsp/system.mss|system_2||
E:/Git-Repos/CNC-FPGA/Vitis3/CNC-PL8/ps7_cortexa9_0/standalone_domain/bsp/system.mss|system_1||
E:/Git-Repos/CNC-FPGA/Vitis3/CNC-PL8/zynq_fsbl/zynq_fsbl_bsp/system.mss|system_0||

TRACE::2026-03-06.22:36:59::SCWMssOS::Sw design exists and opened at  E:/Git-Repos/CNC-FPGA/Vitis3/CNC-PL8/ps7_cortexa9_0/standalone_domain/bsp/system.mss
TRACE::2026-03-06.22:36:59::SCWPlatform::Trying to open the hw design at E:/Git-Repos/CNC-FPGA/Vitis3/CNC-PL8/hw/CNC_Top_wrapper.xsa
TRACE::2026-03-06.22:36:59::SCWPlatform::DSA given E:/Git-Repos/CNC-FPGA/Vitis3/CNC-PL8/hw/CNC_Top_wrapper.xsa
TRACE::2026-03-06.22:36:59::SCWPlatform::DSA absoulate path E:/Git-Repos/CNC-FPGA/Vitis3/CNC-PL8/hw/CNC_Top_wrapper.xsa
TRACE::2026-03-06.22:36:59::SCWPlatform::DSA directory E:/Git-Repos/CNC-FPGA/Vitis3/CNC-PL8/hw
TRACE::2026-03-06.22:36:59::SCWPlatform:: Platform Path E:/Git-Repos/CNC-FPGA/Vitis3/CNC-PL8/hw/CNC_Top_wrapper.xsa
TRACE::2026-03-06.22:36:59::SCWPlatform:: Unique name xilinx:zedboard::0.0
TRACE::2026-03-06.22:36:59::SCWPlatform::Trying to set the existing hwdb with name CNC_Top_wrapper_26
TRACE::2026-03-06.22:36:59::SCWPlatform::Opened existing hwdb CNC_Top_wrapper_26
TRACE::2026-03-06.22:36:59::SCWPlatform::Found the Hw Db part of the input DSA
TRACE::2026-03-06.22:36:59::SCWMssOS::Checking the sw design at  E:/Git-Repos/CNC-FPGA/Vitis3/CNC-PL8/ps7_cortexa9_0/standalone_domain/bsp/system.mss
TRACE::2026-03-06.22:36:59::SCWMssOS::DEBUG:  swdes dump  E:/Git-Repos/CNC-FPGA/Vitis3/CNC-PL7/ps7_cortexa9_0/standalone_domain/bsp/system.mss|system||
E:/Git-Repos/CNC-FPGA/Vitis3/CNC-PL7/zynq_fsbl/zynq_fsbl_bsp/system.mss|system_2||
E:/Git-Repos/CNC-FPGA/Vitis3/CNC-PL8/ps7_cortexa9_0/standalone_domain/bsp/system.mss|system_1||
E:/Git-Repos/CNC-FPGA/Vitis3/CNC-PL8/zynq_fsbl/zynq_fsbl_bsp/system.mss|system_0||

TRACE::2026-03-06.22:36:59::SCWMssOS::Sw design exists and opened at  E:/Git-Repos/CNC-FPGA/Vitis3/CNC-PL8/ps7_cortexa9_0/standalone_domain/bsp/system.mss
TRACE::2026-03-06.22:36:59::SCWMssOS::Saving the mss changes E:/Git-Repos/CNC-FPGA/Vitis3/CNC-PL8/zynq_fsbl/zynq_fsbl_bsp/system.mss
TRACE::2026-03-06.22:36:59::SCWMssOS::Found a swdesign opened with the mssfile.
TRACE::2026-03-06.22:36:59::SCWMssOS::Completed writemss as part of save.
TRACE::2026-03-06.22:36:59::SCWMssOS::Commit changes completed.
TRACE::2026-03-06.22:36:59::SCWMssOS::Saving the mss changes E:/Git-Repos/CNC-FPGA/Vitis3/CNC-PL8/ps7_cortexa9_0/standalone_domain/bsp/system.mss
TRACE::2026-03-06.22:36:59::SCWMssOS::Found a swdesign opened with the mssfile.
TRACE::2026-03-06.22:36:59::SCWMssOS::Completed writemss as part of save.
TRACE::2026-03-06.22:36:59::SCWMssOS::Commit changes completed.
TRACE::2026-03-06.22:36:59::SCWPlatform::Trying to open the hw design at E:/Git-Repos/CNC-FPGA/Vitis3/CNC-PL8/hw/CNC_Top_wrapper.xsa
TRACE::2026-03-06.22:36:59::SCWPlatform::DSA given E:/Git-Repos/CNC-FPGA/Vitis3/CNC-PL8/hw/CNC_Top_wrapper.xsa
TRACE::2026-03-06.22:36:59::SCWPlatform::DSA absoulate path E:/Git-Repos/CNC-FPGA/Vitis3/CNC-PL8/hw/CNC_Top_wrapper.xsa
TRACE::2026-03-06.22:36:59::SCWPlatform::DSA directory E:/Git-Repos/CNC-FPGA/Vitis3/CNC-PL8/hw
TRACE::2026-03-06.22:36:59::SCWPlatform:: Platform Path E:/Git-Repos/CNC-FPGA/Vitis3/CNC-PL8/hw/CNC_Top_wrapper.xsa
TRACE::2026-03-06.22:36:59::SCWPlatform:: Unique name xilinx:zedboard::0.0
TRACE::2026-03-06.22:36:59::SCWPlatform::Trying to set the existing hwdb with name CNC_Top_wrapper_26
TRACE::2026-03-06.22:36:59::SCWPlatform::Opened existing hwdb CNC_Top_wrapper_26
TRACE::2026-03-06.22:36:59::SCWPlatform::Found the Hw Db part of the input DSA
TRACE::2026-03-06.22:36:59::SCWMssOS::Checking the sw design at  E:/Git-Repos/CNC-FPGA/Vitis3/CNC-PL8/zynq_fsbl/zynq_fsbl_bsp/system.mss
TRACE::2026-03-06.22:36:59::SCWMssOS::DEBUG:  swdes dump  E:/Git-Repos/CNC-FPGA/Vitis3/CNC-PL7/ps7_cortexa9_0/standalone_domain/bsp/system.mss|system||
E:/Git-Repos/CNC-FPGA/Vitis3/CNC-PL7/zynq_fsbl/zynq_fsbl_bsp/system.mss|system_2||
E:/Git-Repos/CNC-FPGA/Vitis3/CNC-PL8/ps7_cortexa9_0/standalone_domain/bsp/system.mss|system_1||
E:/Git-Repos/CNC-FPGA/Vitis3/CNC-PL8/zynq_fsbl/zynq_fsbl_bsp/system.mss|system_0||

TRACE::2026-03-06.22:36:59::SCWMssOS::Sw design exists and opened at  E:/Git-Repos/CNC-FPGA/Vitis3/CNC-PL8/zynq_fsbl/zynq_fsbl_bsp/system.mss
TRACE::2026-03-06.22:36:59::SCWPlatform::Trying to open the hw design at E:/Git-Repos/CNC-FPGA/Vitis3/CNC-PL8/hw/CNC_Top_wrapper.xsa
TRACE::2026-03-06.22:36:59::SCWPlatform::DSA given E:/Git-Repos/CNC-FPGA/Vitis3/CNC-PL8/hw/CNC_Top_wrapper.xsa
TRACE::2026-03-06.22:36:59::SCWPlatform::DSA absoulate path E:/Git-Repos/CNC-FPGA/Vitis3/CNC-PL8/hw/CNC_Top_wrapper.xsa
TRACE::2026-03-06.22:36:59::SCWPlatform::DSA directory E:/Git-Repos/CNC-FPGA/Vitis3/CNC-PL8/hw
TRACE::2026-03-06.22:36:59::SCWPlatform:: Platform Path E:/Git-Repos/CNC-FPGA/Vitis3/CNC-PL8/hw/CNC_Top_wrapper.xsa
TRACE::2026-03-06.22:36:59::SCWPlatform:: Unique name xilinx:zedboard::0.0
TRACE::2026-03-06.22:36:59::SCWPlatform::Trying to set the existing hwdb with name CNC_Top_wrapper_26
TRACE::2026-03-06.22:36:59::SCWPlatform::Opened existing hwdb CNC_Top_wrapper_26
TRACE::2026-03-06.22:36:59::SCWPlatform::Found the Hw Db part of the input DSA
TRACE::2026-03-06.22:36:59::SCWMssOS::Checking the sw design at  E:/Git-Repos/CNC-FPGA/Vitis3/CNC-PL8/zynq_fsbl/zynq_fsbl_bsp/system.mss
TRACE::2026-03-06.22:36:59::SCWMssOS::DEBUG:  swdes dump  E:/Git-Repos/CNC-FPGA/Vitis3/CNC-PL7/ps7_cortexa9_0/standalone_domain/bsp/system.mss|system||
E:/Git-Repos/CNC-FPGA/Vitis3/CNC-PL7/zynq_fsbl/zynq_fsbl_bsp/system.mss|system_2||
E:/Git-Repos/CNC-FPGA/Vitis3/CNC-PL8/ps7_cortexa9_0/standalone_domain/bsp/system.mss|system_1||
E:/Git-Repos/CNC-FPGA/Vitis3/CNC-PL8/zynq_fsbl/zynq_fsbl_bsp/system.mss|system_0||

TRACE::2026-03-06.22:36:59::SCWMssOS::Sw design exists and opened at  E:/Git-Repos/CNC-FPGA/Vitis3/CNC-PL8/zynq_fsbl/zynq_fsbl_bsp/system.mss
TRACE::2026-03-06.22:36:59::SCWPlatform::Trying to open the hw design at E:/Git-Repos/CNC-FPGA/Vitis3/CNC-PL8/hw/CNC_Top_wrapper.xsa
TRACE::2026-03-06.22:36:59::SCWPlatform::DSA given E:/Git-Repos/CNC-FPGA/Vitis3/CNC-PL8/hw/CNC_Top_wrapper.xsa
TRACE::2026-03-06.22:36:59::SCWPlatform::DSA absoulate path E:/Git-Repos/CNC-FPGA/Vitis3/CNC-PL8/hw/CNC_Top_wrapper.xsa
TRACE::2026-03-06.22:36:59::SCWPlatform::DSA directory E:/Git-Repos/CNC-FPGA/Vitis3/CNC-PL8/hw
TRACE::2026-03-06.22:36:59::SCWPlatform:: Platform Path E:/Git-Repos/CNC-FPGA/Vitis3/CNC-PL8/hw/CNC_Top_wrapper.xsa
TRACE::2026-03-06.22:36:59::SCWPlatform:: Unique name xilinx:zedboard::0.0
TRACE::2026-03-06.22:36:59::SCWPlatform::Trying to set the existing hwdb with name CNC_Top_wrapper_26
TRACE::2026-03-06.22:36:59::SCWPlatform::Opened existing hwdb CNC_Top_wrapper_26
TRACE::2026-03-06.22:36:59::SCWPlatform::Found the Hw Db part of the input DSA
TRACE::2026-03-06.22:36:59::SCWMssOS::Checking the sw design at  E:/Git-Repos/CNC-FPGA/Vitis3/CNC-PL8/zynq_fsbl/zynq_fsbl_bsp/system.mss
TRACE::2026-03-06.22:36:59::SCWMssOS::DEBUG:  swdes dump  E:/Git-Repos/CNC-FPGA/Vitis3/CNC-PL7/ps7_cortexa9_0/standalone_domain/bsp/system.mss|system||
E:/Git-Repos/CNC-FPGA/Vitis3/CNC-PL7/zynq_fsbl/zynq_fsbl_bsp/system.mss|system_2||
E:/Git-Repos/CNC-FPGA/Vitis3/CNC-PL8/ps7_cortexa9_0/standalone_domain/bsp/system.mss|system_1||
E:/Git-Repos/CNC-FPGA/Vitis3/CNC-PL8/zynq_fsbl/zynq_fsbl_bsp/system.mss|system_0||

TRACE::2026-03-06.22:36:59::SCWMssOS::Sw design exists and opened at  E:/Git-Repos/CNC-FPGA/Vitis3/CNC-PL8/zynq_fsbl/zynq_fsbl_bsp/system.mss
TRACE::2026-03-06.22:36:59::SCWPlatform::Trying to open the hw design at E:/Git-Repos/CNC-FPGA/Vitis3/CNC-PL8/hw/CNC_Top_wrapper.xsa
TRACE::2026-03-06.22:36:59::SCWPlatform::DSA given E:/Git-Repos/CNC-FPGA/Vitis3/CNC-PL8/hw/CNC_Top_wrapper.xsa
TRACE::2026-03-06.22:36:59::SCWPlatform::DSA absoulate path E:/Git-Repos/CNC-FPGA/Vitis3/CNC-PL8/hw/CNC_Top_wrapper.xsa
TRACE::2026-03-06.22:36:59::SCWPlatform::DSA directory E:/Git-Repos/CNC-FPGA/Vitis3/CNC-PL8/hw
TRACE::2026-03-06.22:36:59::SCWPlatform:: Platform Path E:/Git-Repos/CNC-FPGA/Vitis3/CNC-PL8/hw/CNC_Top_wrapper.xsa
TRACE::2026-03-06.22:36:59::SCWPlatform:: Unique name xilinx:zedboard::0.0
TRACE::2026-03-06.22:36:59::SCWPlatform::Trying to set the existing hwdb with name CNC_Top_wrapper_26
TRACE::2026-03-06.22:36:59::SCWPlatform::Opened existing hwdb CNC_Top_wrapper_26
TRACE::2026-03-06.22:36:59::SCWPlatform::Found the Hw Db part of the input DSA
TRACE::2026-03-06.22:36:59::SCWMssOS::Checking the sw design at  E:/Git-Repos/CNC-FPGA/Vitis3/CNC-PL8/ps7_cortexa9_0/standalone_domain/bsp/system.mss
TRACE::2026-03-06.22:36:59::SCWMssOS::DEBUG:  swdes dump  E:/Git-Repos/CNC-FPGA/Vitis3/CNC-PL7/ps7_cortexa9_0/standalone_domain/bsp/system.mss|system||
E:/Git-Repos/CNC-FPGA/Vitis3/CNC-PL7/zynq_fsbl/zynq_fsbl_bsp/system.mss|system_2||
E:/Git-Repos/CNC-FPGA/Vitis3/CNC-PL8/ps7_cortexa9_0/standalone_domain/bsp/system.mss|system_1||
E:/Git-Repos/CNC-FPGA/Vitis3/CNC-PL8/zynq_fsbl/zynq_fsbl_bsp/system.mss|system_0||

TRACE::2026-03-06.22:36:59::SCWMssOS::Sw design exists and opened at  E:/Git-Repos/CNC-FPGA/Vitis3/CNC-PL8/ps7_cortexa9_0/standalone_domain/bsp/system.mss
TRACE::2026-03-06.22:36:59::SCWPlatform::Trying to open the hw design at E:/Git-Repos/CNC-FPGA/Vitis3/CNC-PL8/hw/CNC_Top_wrapper.xsa
TRACE::2026-03-06.22:36:59::SCWPlatform::DSA given E:/Git-Repos/CNC-FPGA/Vitis3/CNC-PL8/hw/CNC_Top_wrapper.xsa
TRACE::2026-03-06.22:36:59::SCWPlatform::DSA absoulate path E:/Git-Repos/CNC-FPGA/Vitis3/CNC-PL8/hw/CNC_Top_wrapper.xsa
TRACE::2026-03-06.22:36:59::SCWPlatform::DSA directory E:/Git-Repos/CNC-FPGA/Vitis3/CNC-PL8/hw
TRACE::2026-03-06.22:36:59::SCWPlatform:: Platform Path E:/Git-Repos/CNC-FPGA/Vitis3/CNC-PL8/hw/CNC_Top_wrapper.xsa
TRACE::2026-03-06.22:36:59::SCWPlatform:: Unique name xilinx:zedboard::0.0
TRACE::2026-03-06.22:36:59::SCWPlatform::Trying to set the existing hwdb with name CNC_Top_wrapper_26
TRACE::2026-03-06.22:36:59::SCWPlatform::Opened existing hwdb CNC_Top_wrapper_26
TRACE::2026-03-06.22:36:59::SCWPlatform::Found the Hw Db part of the input DSA
TRACE::2026-03-06.22:36:59::SCWMssOS::Checking the sw design at  E:/Git-Repos/CNC-FPGA/Vitis3/CNC-PL8/ps7_cortexa9_0/standalone_domain/bsp/system.mss
TRACE::2026-03-06.22:36:59::SCWMssOS::DEBUG:  swdes dump  E:/Git-Repos/CNC-FPGA/Vitis3/CNC-PL7/ps7_cortexa9_0/standalone_domain/bsp/system.mss|system||
E:/Git-Repos/CNC-FPGA/Vitis3/CNC-PL7/zynq_fsbl/zynq_fsbl_bsp/system.mss|system_2||
E:/Git-Repos/CNC-FPGA/Vitis3/CNC-PL8/ps7_cortexa9_0/standalone_domain/bsp/system.mss|system_1||
E:/Git-Repos/CNC-FPGA/Vitis3/CNC-PL8/zynq_fsbl/zynq_fsbl_bsp/system.mss|system_0||

TRACE::2026-03-06.22:36:59::SCWMssOS::Sw design exists and opened at  E:/Git-Repos/CNC-FPGA/Vitis3/CNC-PL8/ps7_cortexa9_0/standalone_domain/bsp/system.mss
TRACE::2026-03-06.22:36:59::SCWPlatform::Trying to open the hw design at E:/Git-Repos/CNC-FPGA/Vitis3/CNC-PL8/hw/CNC_Top_wrapper.xsa
TRACE::2026-03-06.22:36:59::SCWPlatform::DSA given E:/Git-Repos/CNC-FPGA/Vitis3/CNC-PL8/hw/CNC_Top_wrapper.xsa
TRACE::2026-03-06.22:36:59::SCWPlatform::DSA absoulate path E:/Git-Repos/CNC-FPGA/Vitis3/CNC-PL8/hw/CNC_Top_wrapper.xsa
TRACE::2026-03-06.22:36:59::SCWPlatform::DSA directory E:/Git-Repos/CNC-FPGA/Vitis3/CNC-PL8/hw
TRACE::2026-03-06.22:36:59::SCWPlatform:: Platform Path E:/Git-Repos/CNC-FPGA/Vitis3/CNC-PL8/hw/CNC_Top_wrapper.xsa
TRACE::2026-03-06.22:36:59::SCWPlatform:: Unique name xilinx:zedboard::0.0
TRACE::2026-03-06.22:36:59::SCWPlatform::Trying to set the existing hwdb with name CNC_Top_wrapper_26
TRACE::2026-03-06.22:36:59::SCWPlatform::Opened existing hwdb CNC_Top_wrapper_26
TRACE::2026-03-06.22:36:59::SCWPlatform::Found the Hw Db part of the input DSA
TRACE::2026-03-06.22:36:59::SCWMssOS::Checking the sw design at  E:/Git-Repos/CNC-FPGA/Vitis3/CNC-PL8/ps7_cortexa9_0/standalone_domain/bsp/system.mss
TRACE::2026-03-06.22:36:59::SCWMssOS::DEBUG:  swdes dump  E:/Git-Repos/CNC-FPGA/Vitis3/CNC-PL7/ps7_cortexa9_0/standalone_domain/bsp/system.mss|system||
E:/Git-Repos/CNC-FPGA/Vitis3/CNC-PL7/zynq_fsbl/zynq_fsbl_bsp/system.mss|system_2||
E:/Git-Repos/CNC-FPGA/Vitis3/CNC-PL8/ps7_cortexa9_0/standalone_domain/bsp/system.mss|system_1||
E:/Git-Repos/CNC-FPGA/Vitis3/CNC-PL8/zynq_fsbl/zynq_fsbl_bsp/system.mss|system_0||

TRACE::2026-03-06.22:36:59::SCWMssOS::Sw design exists and opened at  E:/Git-Repos/CNC-FPGA/Vitis3/CNC-PL8/ps7_cortexa9_0/standalone_domain/bsp/system.mss
TRACE::2026-03-06.22:36:59::SCWWriter::formatted JSON is {
	"platformName":	"CNC-PL8",
	"sprVersion":	"2.0",
	"mode":	"gui",
	"dsaType":	"Fixed",
	"platformDesc":	"CNC-PL8",
	"platHandOff":	"E:/Git-Repos/CNC-FPGA/Zedboard-CNC/CNC_Top_wrapper.xsa",
	"platIntHandOff":	"<platformDir>/hw/CNC_Top_wrapper.xsa",
	"deviceType":	"zynq",
	"platIsPrebuiltAutogen":	"false",
	"platIsNoBootBsp":	"false",
	"platFsblTarget":	"ps7_cortexa9_0",
	"hasFsblMakeHasChanges":	"false",
	"hasPmufwMakeHasChanges":	"false",
	"fsblExtraCompilerFlags":	"-MMD -MP       -mcpu=cortex-a9 -mfpu=vfpv3 -mfloat-abi=hard ",
	"platPreBuiltFlag":	false,
	"platformSamplesDir":	"",
	"platActiveSys":	"CNC-PL8",
	"systems":	[{
			"systemName":	"CNC-PL8",
			"systemDesc":	"CNC-PL8",
			"sysIsBootAutoGen":	"true",
			"systemDispName":	"CNC-PL8",
			"sysActiveDom":	"standalone_domain",
			"sysDefaultDom":	"standalone_domain",
			"domains":	[{
					"domainName":	"zynq_fsbl",
					"domainDispName":	"zynq_fsbl",
					"domainDesc":	"FSBL Application BSP - Auto Generated.",
					"processors":	"ps7_cortexa9_0",
					"os":	"standalone",
					"sdxOs":	"standalone",
					"debugEnable":	"",
					"domRuntimes":	["cpp"],
					"swRepo":	"",
					"mssOsVer":	"9.2",
					"mssFile":	"",
					"md5Digest":	"8e05dff6cf2b7a5e245cc7c2f785ee81",
					"compatibleApp":	"zynq_fsbl",
					"domType":	"bootDomain",
					"arch":	"32-bit",
					"appSettings":	{
						"appCompilerFlags":	"",
						"appLinkerFlags":	""
					},
					"addedLibs":	["xilffs:5.3", "xilrsa:1.8"],
					"libOptions":	{
						"libsContainingOptions":	[]
					},
					"prebuiltLibs":	{
						"prebuiltIncPath":	[],
						"prebuiltLibPath":	[]
					},
					"isolation":	{
					}
				}, {
					"domainName":	"standalone_domain",
					"domainDispName":	"standalone on ps7_cortexa9_0",
					"domainDesc":	"standalone_domain",
					"processors":	"ps7_cortexa9_0",
					"os":	"standalone",
					"sdxOs":	"standalone",
					"qemuArgs":	"<platformDir>/resources/CNC-PL8/standalone_domain/qemu_args.txt",
					"qemuData":	"<platformDir>/resources/CNC-PL8/standalone_domain/qemu",
					"debugEnable":	"False",
					"domRuntimes":	["cpp"],
					"swRepo":	"",
					"mssOsVer":	"9.2",
					"mssFile":	"",
					"md5Digest":	"aed75abb87964b40d6efb9b45e153c20",
					"compatibleApp":	"",
					"domType":	"mssDomain",
					"appSettings":	{
						"appCompilerFlags":	"",
						"appLinkerFlags":	""
					},
					"addedLibs":	[],
					"libOptions":	{
						"libsContainingOptions":	[]
					},
					"prebuiltLibs":	{
						"prebuiltIncPath":	[],
						"prebuiltLibPath":	[]
					},
					"isolation":	{
					}
				}]
		}]
}
TRACE::2026-03-06.22:36:59::SCWMssOS::Saving the mss changes E:/Git-Repos/CNC-FPGA/Vitis3/CNC-PL8/zynq_fsbl/zynq_fsbl_bsp/system.mss
TRACE::2026-03-06.22:36:59::SCWMssOS::Found a swdesign opened with the mssfile.
TRACE::2026-03-06.22:36:59::SCWMssOS::Completed writemss as part of save.
TRACE::2026-03-06.22:36:59::SCWMssOS::Commit changes completed.
TRACE::2026-03-06.22:36:59::SCWMssOS::Saving the mss changes E:/Git-Repos/CNC-FPGA/Vitis3/CNC-PL8/ps7_cortexa9_0/standalone_domain/bsp/system.mss
TRACE::2026-03-06.22:36:59::SCWMssOS::Found a swdesign opened with the mssfile.
TRACE::2026-03-06.22:36:59::SCWMssOS::Completed writemss as part of save.
TRACE::2026-03-06.22:36:59::SCWMssOS::Commit changes completed.
TRACE::2026-03-06.22:36:59::SCWPlatform::Trying to open the hw design at E:/Git-Repos/CNC-FPGA/Vitis3/CNC-PL8/hw/CNC_Top_wrapper.xsa
TRACE::2026-03-06.22:36:59::SCWPlatform::DSA given E:/Git-Repos/CNC-FPGA/Vitis3/CNC-PL8/hw/CNC_Top_wrapper.xsa
TRACE::2026-03-06.22:36:59::SCWPlatform::DSA absoulate path E:/Git-Repos/CNC-FPGA/Vitis3/CNC-PL8/hw/CNC_Top_wrapper.xsa
TRACE::2026-03-06.22:36:59::SCWPlatform::DSA directory E:/Git-Repos/CNC-FPGA/Vitis3/CNC-PL8/hw
TRACE::2026-03-06.22:36:59::SCWPlatform:: Platform Path E:/Git-Repos/CNC-FPGA/Vitis3/CNC-PL8/hw/CNC_Top_wrapper.xsa
TRACE::2026-03-06.22:36:59::SCWPlatform:: Unique name xilinx:zedboard::0.0
TRACE::2026-03-06.22:36:59::SCWPlatform::Trying to set the existing hwdb with name CNC_Top_wrapper_26
TRACE::2026-03-06.22:36:59::SCWPlatform::Opened existing hwdb CNC_Top_wrapper_26
TRACE::2026-03-06.22:36:59::SCWPlatform::Found the Hw Db part of the input DSA
TRACE::2026-03-06.22:36:59::SCWMssOS::Checking the sw design at  E:/Git-Repos/CNC-FPGA/Vitis3/CNC-PL8/zynq_fsbl/zynq_fsbl_bsp/system.mss
TRACE::2026-03-06.22:36:59::SCWMssOS::DEBUG:  swdes dump  E:/Git-Repos/CNC-FPGA/Vitis3/CNC-PL7/ps7_cortexa9_0/standalone_domain/bsp/system.mss|system||
E:/Git-Repos/CNC-FPGA/Vitis3/CNC-PL7/zynq_fsbl/zynq_fsbl_bsp/system.mss|system_2||
E:/Git-Repos/CNC-FPGA/Vitis3/CNC-PL8/ps7_cortexa9_0/standalone_domain/bsp/system.mss|system_1||
E:/Git-Repos/CNC-FPGA/Vitis3/CNC-PL8/zynq_fsbl/zynq_fsbl_bsp/system.mss|system_0||

TRACE::2026-03-06.22:36:59::SCWMssOS::Sw design exists and opened at  E:/Git-Repos/CNC-FPGA/Vitis3/CNC-PL8/zynq_fsbl/zynq_fsbl_bsp/system.mss
TRACE::2026-03-06.22:36:59::SCWPlatform::Trying to open the hw design at E:/Git-Repos/CNC-FPGA/Vitis3/CNC-PL8/hw/CNC_Top_wrapper.xsa
TRACE::2026-03-06.22:36:59::SCWPlatform::DSA given E:/Git-Repos/CNC-FPGA/Vitis3/CNC-PL8/hw/CNC_Top_wrapper.xsa
TRACE::2026-03-06.22:36:59::SCWPlatform::DSA absoulate path E:/Git-Repos/CNC-FPGA/Vitis3/CNC-PL8/hw/CNC_Top_wrapper.xsa
TRACE::2026-03-06.22:36:59::SCWPlatform::DSA directory E:/Git-Repos/CNC-FPGA/Vitis3/CNC-PL8/hw
TRACE::2026-03-06.22:36:59::SCWPlatform:: Platform Path E:/Git-Repos/CNC-FPGA/Vitis3/CNC-PL8/hw/CNC_Top_wrapper.xsa
TRACE::2026-03-06.22:36:59::SCWPlatform:: Unique name xilinx:zedboard::0.0
TRACE::2026-03-06.22:36:59::SCWPlatform::Trying to set the existing hwdb with name CNC_Top_wrapper_26
TRACE::2026-03-06.22:36:59::SCWPlatform::Opened existing hwdb CNC_Top_wrapper_26
TRACE::2026-03-06.22:36:59::SCWPlatform::Found the Hw Db part of the input DSA
TRACE::2026-03-06.22:36:59::SCWMssOS::Checking the sw design at  E:/Git-Repos/CNC-FPGA/Vitis3/CNC-PL8/zynq_fsbl/zynq_fsbl_bsp/system.mss
TRACE::2026-03-06.22:36:59::SCWMssOS::DEBUG:  swdes dump  E:/Git-Repos/CNC-FPGA/Vitis3/CNC-PL7/ps7_cortexa9_0/standalone_domain/bsp/system.mss|system||
E:/Git-Repos/CNC-FPGA/Vitis3/CNC-PL7/zynq_fsbl/zynq_fsbl_bsp/system.mss|system_2||
E:/Git-Repos/CNC-FPGA/Vitis3/CNC-PL8/ps7_cortexa9_0/standalone_domain/bsp/system.mss|system_1||
E:/Git-Repos/CNC-FPGA/Vitis3/CNC-PL8/zynq_fsbl/zynq_fsbl_bsp/system.mss|system_0||

TRACE::2026-03-06.22:36:59::SCWMssOS::Sw design exists and opened at  E:/Git-Repos/CNC-FPGA/Vitis3/CNC-PL8/zynq_fsbl/zynq_fsbl_bsp/system.mss
TRACE::2026-03-06.22:36:59::SCWPlatform::Trying to open the hw design at E:/Git-Repos/CNC-FPGA/Vitis3/CNC-PL8/hw/CNC_Top_wrapper.xsa
TRACE::2026-03-06.22:36:59::SCWPlatform::DSA given E:/Git-Repos/CNC-FPGA/Vitis3/CNC-PL8/hw/CNC_Top_wrapper.xsa
TRACE::2026-03-06.22:36:59::SCWPlatform::DSA absoulate path E:/Git-Repos/CNC-FPGA/Vitis3/CNC-PL8/hw/CNC_Top_wrapper.xsa
TRACE::2026-03-06.22:36:59::SCWPlatform::DSA directory E:/Git-Repos/CNC-FPGA/Vitis3/CNC-PL8/hw
TRACE::2026-03-06.22:36:59::SCWPlatform:: Platform Path E:/Git-Repos/CNC-FPGA/Vitis3/CNC-PL8/hw/CNC_Top_wrapper.xsa
TRACE::2026-03-06.22:36:59::SCWPlatform:: Unique name xilinx:zedboard::0.0
TRACE::2026-03-06.22:36:59::SCWPlatform::Trying to set the existing hwdb with name CNC_Top_wrapper_26
TRACE::2026-03-06.22:36:59::SCWPlatform::Opened existing hwdb CNC_Top_wrapper_26
TRACE::2026-03-06.22:36:59::SCWPlatform::Found the Hw Db part of the input DSA
TRACE::2026-03-06.22:36:59::SCWMssOS::Checking the sw design at  E:/Git-Repos/CNC-FPGA/Vitis3/CNC-PL8/zynq_fsbl/zynq_fsbl_bsp/system.mss
TRACE::2026-03-06.22:36:59::SCWMssOS::DEBUG:  swdes dump  E:/Git-Repos/CNC-FPGA/Vitis3/CNC-PL7/ps7_cortexa9_0/standalone_domain/bsp/system.mss|system||
E:/Git-Repos/CNC-FPGA/Vitis3/CNC-PL7/zynq_fsbl/zynq_fsbl_bsp/system.mss|system_2||
E:/Git-Repos/CNC-FPGA/Vitis3/CNC-PL8/ps7_cortexa9_0/standalone_domain/bsp/system.mss|system_1||
E:/Git-Repos/CNC-FPGA/Vitis3/CNC-PL8/zynq_fsbl/zynq_fsbl_bsp/system.mss|system_0||

TRACE::2026-03-06.22:36:59::SCWMssOS::Sw design exists and opened at  E:/Git-Repos/CNC-FPGA/Vitis3/CNC-PL8/zynq_fsbl/zynq_fsbl_bsp/system.mss
TRACE::2026-03-06.22:36:59::SCWPlatform::Trying to open the hw design at E:/Git-Repos/CNC-FPGA/Vitis3/CNC-PL8/hw/CNC_Top_wrapper.xsa
TRACE::2026-03-06.22:36:59::SCWPlatform::DSA given E:/Git-Repos/CNC-FPGA/Vitis3/CNC-PL8/hw/CNC_Top_wrapper.xsa
TRACE::2026-03-06.22:36:59::SCWPlatform::DSA absoulate path E:/Git-Repos/CNC-FPGA/Vitis3/CNC-PL8/hw/CNC_Top_wrapper.xsa
TRACE::2026-03-06.22:36:59::SCWPlatform::DSA directory E:/Git-Repos/CNC-FPGA/Vitis3/CNC-PL8/hw
TRACE::2026-03-06.22:36:59::SCWPlatform:: Platform Path E:/Git-Repos/CNC-FPGA/Vitis3/CNC-PL8/hw/CNC_Top_wrapper.xsa
TRACE::2026-03-06.22:36:59::SCWPlatform:: Unique name xilinx:zedboard::0.0
TRACE::2026-03-06.22:36:59::SCWPlatform::Trying to set the existing hwdb with name CNC_Top_wrapper_26
TRACE::2026-03-06.22:36:59::SCWPlatform::Opened existing hwdb CNC_Top_wrapper_26
TRACE::2026-03-06.22:36:59::SCWPlatform::Found the Hw Db part of the input DSA
TRACE::2026-03-06.22:36:59::SCWMssOS::Checking the sw design at  E:/Git-Repos/CNC-FPGA/Vitis3/CNC-PL8/ps7_cortexa9_0/standalone_domain/bsp/system.mss
TRACE::2026-03-06.22:36:59::SCWMssOS::DEBUG:  swdes dump  E:/Git-Repos/CNC-FPGA/Vitis3/CNC-PL7/ps7_cortexa9_0/standalone_domain/bsp/system.mss|system||
E:/Git-Repos/CNC-FPGA/Vitis3/CNC-PL7/zynq_fsbl/zynq_fsbl_bsp/system.mss|system_2||
E:/Git-Repos/CNC-FPGA/Vitis3/CNC-PL8/ps7_cortexa9_0/standalone_domain/bsp/system.mss|system_1||
E:/Git-Repos/CNC-FPGA/Vitis3/CNC-PL8/zynq_fsbl/zynq_fsbl_bsp/system.mss|system_0||

TRACE::2026-03-06.22:36:59::SCWMssOS::Sw design exists and opened at  E:/Git-Repos/CNC-FPGA/Vitis3/CNC-PL8/ps7_cortexa9_0/standalone_domain/bsp/system.mss
TRACE::2026-03-06.22:36:59::SCWPlatform::Trying to open the hw design at E:/Git-Repos/CNC-FPGA/Vitis3/CNC-PL8/hw/CNC_Top_wrapper.xsa
TRACE::2026-03-06.22:36:59::SCWPlatform::DSA given E:/Git-Repos/CNC-FPGA/Vitis3/CNC-PL8/hw/CNC_Top_wrapper.xsa
TRACE::2026-03-06.22:36:59::SCWPlatform::DSA absoulate path E:/Git-Repos/CNC-FPGA/Vitis3/CNC-PL8/hw/CNC_Top_wrapper.xsa
TRACE::2026-03-06.22:36:59::SCWPlatform::DSA directory E:/Git-Repos/CNC-FPGA/Vitis3/CNC-PL8/hw
TRACE::2026-03-06.22:36:59::SCWPlatform:: Platform Path E:/Git-Repos/CNC-FPGA/Vitis3/CNC-PL8/hw/CNC_Top_wrapper.xsa
TRACE::2026-03-06.22:36:59::SCWPlatform:: Unique name xilinx:zedboard::0.0
TRACE::2026-03-06.22:36:59::SCWPlatform::Trying to set the existing hwdb with name CNC_Top_wrapper_26
TRACE::2026-03-06.22:36:59::SCWPlatform::Opened existing hwdb CNC_Top_wrapper_26
TRACE::2026-03-06.22:36:59::SCWPlatform::Found the Hw Db part of the input DSA
TRACE::2026-03-06.22:36:59::SCWMssOS::Checking the sw design at  E:/Git-Repos/CNC-FPGA/Vitis3/CNC-PL8/ps7_cortexa9_0/standalone_domain/bsp/system.mss
TRACE::2026-03-06.22:36:59::SCWMssOS::DEBUG:  swdes dump  E:/Git-Repos/CNC-FPGA/Vitis3/CNC-PL7/ps7_cortexa9_0/standalone_domain/bsp/system.mss|system||
E:/Git-Repos/CNC-FPGA/Vitis3/CNC-PL7/zynq_fsbl/zynq_fsbl_bsp/system.mss|system_2||
E:/Git-Repos/CNC-FPGA/Vitis3/CNC-PL8/ps7_cortexa9_0/standalone_domain/bsp/system.mss|system_1||
E:/Git-Repos/CNC-FPGA/Vitis3/CNC-PL8/zynq_fsbl/zynq_fsbl_bsp/system.mss|system_0||

TRACE::2026-03-06.22:36:59::SCWMssOS::Sw design exists and opened at  E:/Git-Repos/CNC-FPGA/Vitis3/CNC-PL8/ps7_cortexa9_0/standalone_domain/bsp/system.mss
TRACE::2026-03-06.22:36:59::SCWPlatform::Trying to open the hw design at E:/Git-Repos/CNC-FPGA/Vitis3/CNC-PL8/hw/CNC_Top_wrapper.xsa
TRACE::2026-03-06.22:36:59::SCWPlatform::DSA given E:/Git-Repos/CNC-FPGA/Vitis3/CNC-PL8/hw/CNC_Top_wrapper.xsa
TRACE::2026-03-06.22:36:59::SCWPlatform::DSA absoulate path E:/Git-Repos/CNC-FPGA/Vitis3/CNC-PL8/hw/CNC_Top_wrapper.xsa
TRACE::2026-03-06.22:36:59::SCWPlatform::DSA directory E:/Git-Repos/CNC-FPGA/Vitis3/CNC-PL8/hw
TRACE::2026-03-06.22:36:59::SCWPlatform:: Platform Path E:/Git-Repos/CNC-FPGA/Vitis3/CNC-PL8/hw/CNC_Top_wrapper.xsa
TRACE::2026-03-06.22:36:59::SCWPlatform:: Unique name xilinx:zedboard::0.0
TRACE::2026-03-06.22:36:59::SCWPlatform::Trying to set the existing hwdb with name CNC_Top_wrapper_26
TRACE::2026-03-06.22:36:59::SCWPlatform::Opened existing hwdb CNC_Top_wrapper_26
TRACE::2026-03-06.22:36:59::SCWPlatform::Found the Hw Db part of the input DSA
TRACE::2026-03-06.22:36:59::SCWMssOS::Checking the sw design at  E:/Git-Repos/CNC-FPGA/Vitis3/CNC-PL8/ps7_cortexa9_0/standalone_domain/bsp/system.mss
TRACE::2026-03-06.22:36:59::SCWMssOS::DEBUG:  swdes dump  E:/Git-Repos/CNC-FPGA/Vitis3/CNC-PL7/ps7_cortexa9_0/standalone_domain/bsp/system.mss|system||
E:/Git-Repos/CNC-FPGA/Vitis3/CNC-PL7/zynq_fsbl/zynq_fsbl_bsp/system.mss|system_2||
E:/Git-Repos/CNC-FPGA/Vitis3/CNC-PL8/ps7_cortexa9_0/standalone_domain/bsp/system.mss|system_1||
E:/Git-Repos/CNC-FPGA/Vitis3/CNC-PL8/zynq_fsbl/zynq_fsbl_bsp/system.mss|system_0||

TRACE::2026-03-06.22:36:59::SCWMssOS::Sw design exists and opened at  E:/Git-Repos/CNC-FPGA/Vitis3/CNC-PL8/ps7_cortexa9_0/standalone_domain/bsp/system.mss
TRACE::2026-03-06.22:36:59::SCWWriter::formatted JSON is {
	"platformName":	"CNC-PL8",
	"sprVersion":	"2.0",
	"mode":	"gui",
	"dsaType":	"Fixed",
	"platformDesc":	"CNC-PL8",
	"platHandOff":	"E:/Git-Repos/CNC-FPGA/Zedboard-CNC/CNC_Top_wrapper.xsa",
	"platIntHandOff":	"<platformDir>/hw/CNC_Top_wrapper.xsa",
	"deviceType":	"zynq",
	"platIsPrebuiltAutogen":	"false",
	"platIsNoBootBsp":	"false",
	"platFsblTarget":	"ps7_cortexa9_0",
	"hasFsblMakeHasChanges":	"false",
	"hasPmufwMakeHasChanges":	"false",
	"fsblExtraCompilerFlags":	"-MMD -MP       -mcpu=cortex-a9 -mfpu=vfpv3 -mfloat-abi=hard ",
	"platPreBuiltFlag":	false,
	"platformSamplesDir":	"",
	"platActiveSys":	"CNC-PL8",
	"systems":	[{
			"systemName":	"CNC-PL8",
			"systemDesc":	"CNC-PL8",
			"sysIsBootAutoGen":	"true",
			"systemDispName":	"CNC-PL8",
			"sysActiveDom":	"standalone_domain",
			"sysDefaultDom":	"standalone_domain",
			"domains":	[{
					"domainName":	"zynq_fsbl",
					"domainDispName":	"zynq_fsbl",
					"domainDesc":	"FSBL Application BSP - Auto Generated.",
					"processors":	"ps7_cortexa9_0",
					"os":	"standalone",
					"sdxOs":	"standalone",
					"debugEnable":	"",
					"domRuntimes":	["cpp"],
					"swRepo":	"",
					"mssOsVer":	"9.2",
					"mssFile":	"",
					"md5Digest":	"8e05dff6cf2b7a5e245cc7c2f785ee81",
					"compatibleApp":	"zynq_fsbl",
					"domType":	"bootDomain",
					"arch":	"32-bit",
					"appSettings":	{
						"appCompilerFlags":	"",
						"appLinkerFlags":	""
					},
					"addedLibs":	["xilffs:5.3", "xilrsa:1.8"],
					"libOptions":	{
						"libsContainingOptions":	[]
					},
					"prebuiltLibs":	{
						"prebuiltIncPath":	[],
						"prebuiltLibPath":	[]
					},
					"isolation":	{
					}
				}, {
					"domainName":	"standalone_domain",
					"domainDispName":	"standalone on ps7_cortexa9_0",
					"domainDesc":	"standalone_domain",
					"processors":	"ps7_cortexa9_0",
					"os":	"standalone",
					"sdxOs":	"standalone",
					"qemuArgs":	"<platformDir>/resources/CNC-PL8/standalone_domain/qemu_args.txt",
					"qemuData":	"<platformDir>/resources/CNC-PL8/standalone_domain/qemu",
					"debugEnable":	"False",
					"domRuntimes":	["cpp"],
					"swRepo":	"",
					"mssOsVer":	"9.2",
					"mssFile":	"",
					"md5Digest":	"aed75abb87964b40d6efb9b45e153c20",
					"compatibleApp":	"",
					"domType":	"mssDomain",
					"appSettings":	{
						"appCompilerFlags":	"",
						"appLinkerFlags":	""
					},
					"addedLibs":	[],
					"libOptions":	{
						"libsContainingOptions":	[]
					},
					"prebuiltLibs":	{
						"prebuiltIncPath":	[],
						"prebuiltLibPath":	[]
					},
					"isolation":	{
					}
				}]
		}]
}
TRACE::2026-03-06.22:36:59::SCWPlatform::Clearing the existing platform
TRACE::2026-03-06.22:36:59::SCWSystem::Clearing the existing sysconfig
TRACE::2026-03-06.22:36:59::SCWBDomain::clearing the fsbl build
TRACE::2026-03-06.22:36:59::SCWMssOS::Removing the swdes entry for  E:/Git-Repos/CNC-FPGA/Vitis3/CNC-PL8/zynq_fsbl/zynq_fsbl_bsp/system.mss
TRACE::2026-03-06.22:36:59::SCWMssOS::Removing the swdes entry for  E:/Git-Repos/CNC-FPGA/Vitis3/CNC-PL8/ps7_cortexa9_0/standalone_domain/bsp/system.mss
TRACE::2026-03-06.22:36:59::SCWSystem::Clearing the domains completed.
TRACE::2026-03-06.22:36:59::SCWPlatform::Clearing the opened hw db.
TRACE::2026-03-06.22:36:59::SCWPlatform::DSA given E:/Git-Repos/CNC-FPGA/Vitis3/CNC-PL8/hw/CNC_Top_wrapper.xsa
TRACE::2026-03-06.22:36:59::SCWPlatform::DSA absoulate path E:/Git-Repos/CNC-FPGA/Vitis3/CNC-PL8/hw/CNC_Top_wrapper.xsa
TRACE::2026-03-06.22:36:59::SCWPlatform:: Platform location is E:/Git-Repos/CNC-FPGA/Vitis3/CNC-PL8/hw
TRACE::2026-03-06.22:36:59::SCWPlatform:: Platform Path E:/Git-Repos/CNC-FPGA/Vitis3/CNC-PL8/hw/CNC_Top_wrapper.xsa
TRACE::2026-03-06.22:36:59::SCWPlatform:: Unique name xilinx:zedboard::0.0
TRACE::2026-03-06.22:36:59::SCWPlatform::Removing the HwDB with name E:/Git-Repos/CNC-FPGA/Vitis3/CNC-PL8/hw/CNC_Top_wrapper.xsa
TRACE::2026-03-06.22:36:59::SCWPlatform::Trying to open the hw design at E:/Git-Repos/CNC-FPGA/Vitis3/CNC-PL8/hw/CNC_Top_wrapper.xsa
TRACE::2026-03-06.22:36:59::SCWPlatform::DSA given E:/Git-Repos/CNC-FPGA/Vitis3/CNC-PL8/hw/CNC_Top_wrapper.xsa
TRACE::2026-03-06.22:36:59::SCWPlatform::DSA absoulate path E:/Git-Repos/CNC-FPGA/Vitis3/CNC-PL8/hw/CNC_Top_wrapper.xsa
TRACE::2026-03-06.22:36:59::SCWPlatform::DSA directory E:/Git-Repos/CNC-FPGA/Vitis3/CNC-PL8/hw
TRACE::2026-03-06.22:36:59::SCWPlatform:: Platform Path E:/Git-Repos/CNC-FPGA/Vitis3/CNC-PL8/hw/CNC_Top_wrapper.xsa
TRACE::2026-03-06.22:36:59::SCWPlatform:: Unique name xilinx:zedboard::0.0
TRACE::2026-03-06.22:36:59::SCWPlatform::Do not have an existing db opened. 
TRACE::2026-03-06.22:37:02::SCWPlatform::Opened new HwDB with name CNC_Top_wrapper_27
TRACE::2026-03-06.22:37:02::SCWReader::Active system found as  CNC-PL8
TRACE::2026-03-06.22:37:02::SCWReader::Handling sysconfig CNC-PL8
TRACE::2026-03-06.22:37:02::SCWDomain::checking for install qemu data   : 
TRACE::2026-03-06.22:37:02::SCWDomain:: Using the QEMU Data from install at  : C:/Xilinx/Vitis/2024.2/data/emulation/platforms/zynq/sw/a9_standalone/qemu/
TRACE::2026-03-06.22:37:02::SCWDomain:: Using the QEMU args  from install at  : C:/Xilinx/Vitis/2024.2/data/emulation/platforms/zynq/sw/a9_standalone/qemu/qemu_args.txt
TRACE::2026-03-06.22:37:02::SCWPlatform::Trying to open the hw design at E:/Git-Repos/CNC-FPGA/Vitis3/CNC-PL8/hw/CNC_Top_wrapper.xsa
TRACE::2026-03-06.22:37:02::SCWPlatform::DSA given E:/Git-Repos/CNC-FPGA/Vitis3/CNC-PL8/hw/CNC_Top_wrapper.xsa
TRACE::2026-03-06.22:37:02::SCWPlatform::DSA absoulate path E:/Git-Repos/CNC-FPGA/Vitis3/CNC-PL8/hw/CNC_Top_wrapper.xsa
TRACE::2026-03-06.22:37:02::SCWPlatform::DSA directory E:/Git-Repos/CNC-FPGA/Vitis3/CNC-PL8/hw
TRACE::2026-03-06.22:37:02::SCWPlatform:: Platform Path E:/Git-Repos/CNC-FPGA/Vitis3/CNC-PL8/hw/CNC_Top_wrapper.xsa
TRACE::2026-03-06.22:37:02::SCWPlatform:: Unique name xilinx:zedboard::0.0
TRACE::2026-03-06.22:37:02::SCWPlatform::Trying to set the existing hwdb with name CNC_Top_wrapper_27
TRACE::2026-03-06.22:37:02::SCWPlatform::Opened existing hwdb CNC_Top_wrapper_27
TRACE::2026-03-06.22:37:02::SCWPlatform::Found the Hw Db part of the input DSA
TRACE::2026-03-06.22:37:02::SCWPlatform::Trying to open the hw design at E:/Git-Repos/CNC-FPGA/Vitis3/CNC-PL8/hw/CNC_Top_wrapper.xsa
TRACE::2026-03-06.22:37:02::SCWPlatform::DSA given E:/Git-Repos/CNC-FPGA/Vitis3/CNC-PL8/hw/CNC_Top_wrapper.xsa
TRACE::2026-03-06.22:37:02::SCWPlatform::DSA absoulate path E:/Git-Repos/CNC-FPGA/Vitis3/CNC-PL8/hw/CNC_Top_wrapper.xsa
TRACE::2026-03-06.22:37:02::SCWPlatform::DSA directory E:/Git-Repos/CNC-FPGA/Vitis3/CNC-PL8/hw
TRACE::2026-03-06.22:37:02::SCWPlatform:: Platform Path E:/Git-Repos/CNC-FPGA/Vitis3/CNC-PL8/hw/CNC_Top_wrapper.xsa
TRACE::2026-03-06.22:37:02::SCWPlatform:: Unique name xilinx:zedboard::0.0
TRACE::2026-03-06.22:37:02::SCWPlatform::Trying to set the existing hwdb with name CNC_Top_wrapper_27
TRACE::2026-03-06.22:37:02::SCWPlatform::Opened existing hwdb CNC_Top_wrapper_27
TRACE::2026-03-06.22:37:02::SCWPlatform::Found the Hw Db part of the input DSA
TRACE::2026-03-06.22:37:02::SCWPlatform::Trying to open the hw design at E:/Git-Repos/CNC-FPGA/Vitis3/CNC-PL8/hw/CNC_Top_wrapper.xsa
TRACE::2026-03-06.22:37:02::SCWPlatform::DSA given E:/Git-Repos/CNC-FPGA/Vitis3/CNC-PL8/hw/CNC_Top_wrapper.xsa
TRACE::2026-03-06.22:37:02::SCWPlatform::DSA absoulate path E:/Git-Repos/CNC-FPGA/Vitis3/CNC-PL8/hw/CNC_Top_wrapper.xsa
TRACE::2026-03-06.22:37:02::SCWPlatform::DSA directory E:/Git-Repos/CNC-FPGA/Vitis3/CNC-PL8/hw
TRACE::2026-03-06.22:37:02::SCWPlatform:: Platform Path E:/Git-Repos/CNC-FPGA/Vitis3/CNC-PL8/hw/CNC_Top_wrapper.xsa
TRACE::2026-03-06.22:37:02::SCWPlatform:: Unique name xilinx:zedboard::0.0
TRACE::2026-03-06.22:37:02::SCWPlatform::Trying to set the existing hwdb with name CNC_Top_wrapper_27
TRACE::2026-03-06.22:37:02::SCWPlatform::Opened existing hwdb CNC_Top_wrapper_27
TRACE::2026-03-06.22:37:02::SCWPlatform::Found the Hw Db part of the input DSA
TRACE::2026-03-06.22:37:02::SCWReader::Boot application domain added for zynq_fsbl
TRACE::2026-03-06.22:37:02::SCWPlatform::Trying to open the hw design at E:/Git-Repos/CNC-FPGA/Vitis3/CNC-PL8/hw/CNC_Top_wrapper.xsa
TRACE::2026-03-06.22:37:02::SCWPlatform::DSA given E:/Git-Repos/CNC-FPGA/Vitis3/CNC-PL8/hw/CNC_Top_wrapper.xsa
TRACE::2026-03-06.22:37:02::SCWPlatform::DSA absoulate path E:/Git-Repos/CNC-FPGA/Vitis3/CNC-PL8/hw/CNC_Top_wrapper.xsa
TRACE::2026-03-06.22:37:02::SCWPlatform::DSA directory E:/Git-Repos/CNC-FPGA/Vitis3/CNC-PL8/hw
TRACE::2026-03-06.22:37:02::SCWPlatform:: Platform Path E:/Git-Repos/CNC-FPGA/Vitis3/CNC-PL8/hw/CNC_Top_wrapper.xsa
TRACE::2026-03-06.22:37:02::SCWPlatform:: Unique name xilinx:zedboard::0.0
TRACE::2026-03-06.22:37:02::SCWPlatform::Trying to set the existing hwdb with name CNC_Top_wrapper_27
TRACE::2026-03-06.22:37:02::SCWPlatform::Opened existing hwdb CNC_Top_wrapper_27
TRACE::2026-03-06.22:37:02::SCWPlatform::Found the Hw Db part of the input DSA
TRACE::2026-03-06.22:37:02::SCWMssOS::Checking the sw design at  E:/Git-Repos/CNC-FPGA/Vitis3/CNC-PL8/zynq_fsbl/zynq_fsbl_bsp/system.mss
TRACE::2026-03-06.22:37:02::SCWMssOS::DEBUG:  swdes dump  E:/Git-Repos/CNC-FPGA/Vitis3/CNC-PL7/ps7_cortexa9_0/standalone_domain/bsp/system.mss|system||
E:/Git-Repos/CNC-FPGA/Vitis3/CNC-PL7/zynq_fsbl/zynq_fsbl_bsp/system.mss|system_2||

TRACE::2026-03-06.22:37:02::SCWMssOS::No sw design opened at  E:/Git-Repos/CNC-FPGA/Vitis3/CNC-PL8/zynq_fsbl/zynq_fsbl_bsp/system.mss
TRACE::2026-03-06.22:37:02::SCWMssOS::mss exists loading the mss file  E:/Git-Repos/CNC-FPGA/Vitis3/CNC-PL8/zynq_fsbl/zynq_fsbl_bsp/system.mss
TRACE::2026-03-06.22:37:02::SCWMssOS::Opened the sw design from mss  E:/Git-Repos/CNC-FPGA/Vitis3/CNC-PL8/zynq_fsbl/zynq_fsbl_bsp/system.mss
TRACE::2026-03-06.22:37:02::SCWMssOS::Adding the swdes entry E:/Git-Repos/CNC-FPGA/Vitis3/CNC-PL8/zynq_fsbl/zynq_fsbl_bsp/system.mss with des name system_0
TRACE::2026-03-06.22:37:02::SCWMssOS::updating the scw layer about changes
TRACE::2026-03-06.22:37:02::SCWMssOS::Opened the sw design.  E:/Git-Repos/CNC-FPGA/Vitis3/CNC-PL8/zynq_fsbl/zynq_fsbl_bsp/system.mss
TRACE::2026-03-06.22:37:02::SCWPlatform::Trying to open the hw design at E:/Git-Repos/CNC-FPGA/Vitis3/CNC-PL8/hw/CNC_Top_wrapper.xsa
TRACE::2026-03-06.22:37:02::SCWPlatform::DSA given E:/Git-Repos/CNC-FPGA/Vitis3/CNC-PL8/hw/CNC_Top_wrapper.xsa
TRACE::2026-03-06.22:37:02::SCWPlatform::DSA absoulate path E:/Git-Repos/CNC-FPGA/Vitis3/CNC-PL8/hw/CNC_Top_wrapper.xsa
TRACE::2026-03-06.22:37:02::SCWPlatform::DSA directory E:/Git-Repos/CNC-FPGA/Vitis3/CNC-PL8/hw
TRACE::2026-03-06.22:37:02::SCWPlatform:: Platform Path E:/Git-Repos/CNC-FPGA/Vitis3/CNC-PL8/hw/CNC_Top_wrapper.xsa
TRACE::2026-03-06.22:37:02::SCWPlatform:: Unique name xilinx:zedboard::0.0
TRACE::2026-03-06.22:37:02::SCWPlatform::Trying to set the existing hwdb with name CNC_Top_wrapper_27
TRACE::2026-03-06.22:37:02::SCWPlatform::Opened existing hwdb CNC_Top_wrapper_27
TRACE::2026-03-06.22:37:02::SCWPlatform::Found the Hw Db part of the input DSA
TRACE::2026-03-06.22:37:02::SCWMssOS::Checking the sw design at  E:/Git-Repos/CNC-FPGA/Vitis3/CNC-PL8/zynq_fsbl/zynq_fsbl_bsp/system.mss
TRACE::2026-03-06.22:37:02::SCWMssOS::DEBUG:  swdes dump  E:/Git-Repos/CNC-FPGA/Vitis3/CNC-PL7/ps7_cortexa9_0/standalone_domain/bsp/system.mss|system||
E:/Git-Repos/CNC-FPGA/Vitis3/CNC-PL7/zynq_fsbl/zynq_fsbl_bsp/system.mss|system_2||
E:/Git-Repos/CNC-FPGA/Vitis3/CNC-PL8/zynq_fsbl/zynq_fsbl_bsp/system.mss|system_0||

TRACE::2026-03-06.22:37:02::SCWMssOS::Sw design exists and opened at  E:/Git-Repos/CNC-FPGA/Vitis3/CNC-PL8/zynq_fsbl/zynq_fsbl_bsp/system.mss
TRACE::2026-03-06.22:37:02::SCWMssOS:: library already available in sw design:  xilffs:5.3
TRACE::2026-03-06.22:37:02::SCWPlatform::Trying to open the hw design at E:/Git-Repos/CNC-FPGA/Vitis3/CNC-PL8/hw/CNC_Top_wrapper.xsa
TRACE::2026-03-06.22:37:02::SCWPlatform::DSA given E:/Git-Repos/CNC-FPGA/Vitis3/CNC-PL8/hw/CNC_Top_wrapper.xsa
TRACE::2026-03-06.22:37:02::SCWPlatform::DSA absoulate path E:/Git-Repos/CNC-FPGA/Vitis3/CNC-PL8/hw/CNC_Top_wrapper.xsa
TRACE::2026-03-06.22:37:02::SCWPlatform::DSA directory E:/Git-Repos/CNC-FPGA/Vitis3/CNC-PL8/hw
TRACE::2026-03-06.22:37:02::SCWPlatform:: Platform Path E:/Git-Repos/CNC-FPGA/Vitis3/CNC-PL8/hw/CNC_Top_wrapper.xsa
TRACE::2026-03-06.22:37:02::SCWPlatform:: Unique name xilinx:zedboard::0.0
TRACE::2026-03-06.22:37:02::SCWPlatform::Trying to set the existing hwdb with name CNC_Top_wrapper_27
TRACE::2026-03-06.22:37:02::SCWPlatform::Opened existing hwdb CNC_Top_wrapper_27
TRACE::2026-03-06.22:37:02::SCWPlatform::Found the Hw Db part of the input DSA
TRACE::2026-03-06.22:37:02::SCWMssOS::Checking the sw design at  E:/Git-Repos/CNC-FPGA/Vitis3/CNC-PL8/zynq_fsbl/zynq_fsbl_bsp/system.mss
TRACE::2026-03-06.22:37:02::SCWMssOS::DEBUG:  swdes dump  E:/Git-Repos/CNC-FPGA/Vitis3/CNC-PL7/ps7_cortexa9_0/standalone_domain/bsp/system.mss|system||
E:/Git-Repos/CNC-FPGA/Vitis3/CNC-PL7/zynq_fsbl/zynq_fsbl_bsp/system.mss|system_2||
E:/Git-Repos/CNC-FPGA/Vitis3/CNC-PL8/zynq_fsbl/zynq_fsbl_bsp/system.mss|system_0||

TRACE::2026-03-06.22:37:02::SCWMssOS::Sw design exists and opened at  E:/Git-Repos/CNC-FPGA/Vitis3/CNC-PL8/zynq_fsbl/zynq_fsbl_bsp/system.mss
TRACE::2026-03-06.22:37:02::SCWMssOS:: library already available in sw design:  xilrsa:1.8
TRACE::2026-03-06.22:37:02::SCWMssOS::Saving the mss changes E:/Git-Repos/CNC-FPGA/Vitis3/CNC-PL8/zynq_fsbl/zynq_fsbl_bsp/system.mss
TRACE::2026-03-06.22:37:02::SCWMssOS::Found a swdesign opened with the mssfile.
TRACE::2026-03-06.22:37:02::SCWMssOS::Completed writemss as part of save.
TRACE::2026-03-06.22:37:02::SCWMssOS::Commit changes completed.
TRACE::2026-03-06.22:37:02::SCWReader::Adding prebuilt librarypaths as   
TRACE::2026-03-06.22:37:02::SCWReader::Adding prebuilt incpaths  as   
TRACE::2026-03-06.22:37:02::SCWPlatform::Trying to open the hw design at E:/Git-Repos/CNC-FPGA/Vitis3/CNC-PL8/hw/CNC_Top_wrapper.xsa
TRACE::2026-03-06.22:37:02::SCWPlatform::DSA given E:/Git-Repos/CNC-FPGA/Vitis3/CNC-PL8/hw/CNC_Top_wrapper.xsa
TRACE::2026-03-06.22:37:02::SCWPlatform::DSA absoulate path E:/Git-Repos/CNC-FPGA/Vitis3/CNC-PL8/hw/CNC_Top_wrapper.xsa
TRACE::2026-03-06.22:37:02::SCWPlatform::DSA directory E:/Git-Repos/CNC-FPGA/Vitis3/CNC-PL8/hw
TRACE::2026-03-06.22:37:02::SCWPlatform:: Platform Path E:/Git-Repos/CNC-FPGA/Vitis3/CNC-PL8/hw/CNC_Top_wrapper.xsa
TRACE::2026-03-06.22:37:02::SCWPlatform:: Unique name xilinx:zedboard::0.0
TRACE::2026-03-06.22:37:02::SCWPlatform::Trying to set the existing hwdb with name CNC_Top_wrapper_27
TRACE::2026-03-06.22:37:02::SCWPlatform::Opened existing hwdb CNC_Top_wrapper_27
TRACE::2026-03-06.22:37:02::SCWPlatform::Found the Hw Db part of the input DSA
TRACE::2026-03-06.22:37:02::SCWMssOS::Checking the sw design at  E:/Git-Repos/CNC-FPGA/Vitis3/CNC-PL8/zynq_fsbl/zynq_fsbl_bsp/system.mss
TRACE::2026-03-06.22:37:02::SCWMssOS::DEBUG:  swdes dump  E:/Git-Repos/CNC-FPGA/Vitis3/CNC-PL7/ps7_cortexa9_0/standalone_domain/bsp/system.mss|system||
E:/Git-Repos/CNC-FPGA/Vitis3/CNC-PL7/zynq_fsbl/zynq_fsbl_bsp/system.mss|system_2||
E:/Git-Repos/CNC-FPGA/Vitis3/CNC-PL8/zynq_fsbl/zynq_fsbl_bsp/system.mss|system_0||

TRACE::2026-03-06.22:37:02::SCWMssOS::Sw design exists and opened at  E:/Git-Repos/CNC-FPGA/Vitis3/CNC-PL8/zynq_fsbl/zynq_fsbl_bsp/system.mss
TRACE::2026-03-06.22:37:02::SCWReader::No isolation master present  
TRACE::2026-03-06.22:37:02::SCWDomain::checking for install qemu data   : 
TRACE::2026-03-06.22:37:02::SCWDomain:: Using the QEMU Data from install at  : C:/Xilinx/Vitis/2024.2/data/emulation/platforms/zynq/sw/a9_standalone/qemu/
TRACE::2026-03-06.22:37:02::SCWDomain:: Using the QEMU args  from install at  : C:/Xilinx/Vitis/2024.2/data/emulation/platforms/zynq/sw/a9_standalone/qemu/qemu_args.txt
TRACE::2026-03-06.22:37:02::SCWPlatform::Trying to open the hw design at E:/Git-Repos/CNC-FPGA/Vitis3/CNC-PL8/hw/CNC_Top_wrapper.xsa
TRACE::2026-03-06.22:37:02::SCWPlatform::DSA given E:/Git-Repos/CNC-FPGA/Vitis3/CNC-PL8/hw/CNC_Top_wrapper.xsa
TRACE::2026-03-06.22:37:02::SCWPlatform::DSA absoulate path E:/Git-Repos/CNC-FPGA/Vitis3/CNC-PL8/hw/CNC_Top_wrapper.xsa
TRACE::2026-03-06.22:37:02::SCWPlatform::DSA directory E:/Git-Repos/CNC-FPGA/Vitis3/CNC-PL8/hw
TRACE::2026-03-06.22:37:02::SCWPlatform:: Platform Path E:/Git-Repos/CNC-FPGA/Vitis3/CNC-PL8/hw/CNC_Top_wrapper.xsa
TRACE::2026-03-06.22:37:02::SCWPlatform:: Unique name xilinx:zedboard::0.0
TRACE::2026-03-06.22:37:02::SCWPlatform::Trying to set the existing hwdb with name CNC_Top_wrapper_27
TRACE::2026-03-06.22:37:02::SCWPlatform::Opened existing hwdb CNC_Top_wrapper_27
TRACE::2026-03-06.22:37:02::SCWPlatform::Found the Hw Db part of the input DSA
TRACE::2026-03-06.22:37:02::SCWPlatform::Trying to open the hw design at E:/Git-Repos/CNC-FPGA/Vitis3/CNC-PL8/hw/CNC_Top_wrapper.xsa
TRACE::2026-03-06.22:37:02::SCWPlatform::DSA given E:/Git-Repos/CNC-FPGA/Vitis3/CNC-PL8/hw/CNC_Top_wrapper.xsa
TRACE::2026-03-06.22:37:02::SCWPlatform::DSA absoulate path E:/Git-Repos/CNC-FPGA/Vitis3/CNC-PL8/hw/CNC_Top_wrapper.xsa
TRACE::2026-03-06.22:37:02::SCWPlatform::DSA directory E:/Git-Repos/CNC-FPGA/Vitis3/CNC-PL8/hw
TRACE::2026-03-06.22:37:02::SCWPlatform:: Platform Path E:/Git-Repos/CNC-FPGA/Vitis3/CNC-PL8/hw/CNC_Top_wrapper.xsa
TRACE::2026-03-06.22:37:02::SCWPlatform:: Unique name xilinx:zedboard::0.0
TRACE::2026-03-06.22:37:02::SCWPlatform::Trying to set the existing hwdb with name CNC_Top_wrapper_27
TRACE::2026-03-06.22:37:02::SCWPlatform::Opened existing hwdb CNC_Top_wrapper_27
TRACE::2026-03-06.22:37:02::SCWPlatform::Found the Hw Db part of the input DSA
TRACE::2026-03-06.22:37:02::SCWPlatform::Trying to open the hw design at E:/Git-Repos/CNC-FPGA/Vitis3/CNC-PL8/hw/CNC_Top_wrapper.xsa
TRACE::2026-03-06.22:37:02::SCWPlatform::DSA given E:/Git-Repos/CNC-FPGA/Vitis3/CNC-PL8/hw/CNC_Top_wrapper.xsa
TRACE::2026-03-06.22:37:02::SCWPlatform::DSA absoulate path E:/Git-Repos/CNC-FPGA/Vitis3/CNC-PL8/hw/CNC_Top_wrapper.xsa
TRACE::2026-03-06.22:37:02::SCWPlatform::DSA directory E:/Git-Repos/CNC-FPGA/Vitis3/CNC-PL8/hw
TRACE::2026-03-06.22:37:02::SCWPlatform:: Platform Path E:/Git-Repos/CNC-FPGA/Vitis3/CNC-PL8/hw/CNC_Top_wrapper.xsa
TRACE::2026-03-06.22:37:02::SCWPlatform:: Unique name xilinx:zedboard::0.0
TRACE::2026-03-06.22:37:02::SCWPlatform::Trying to set the existing hwdb with name CNC_Top_wrapper_27
TRACE::2026-03-06.22:37:02::SCWPlatform::Opened existing hwdb CNC_Top_wrapper_27
TRACE::2026-03-06.22:37:02::SCWPlatform::Found the Hw Db part of the input DSA
TRACE::2026-03-06.22:37:02::SCWMssOS::Checking the sw design at  E:/Git-Repos/CNC-FPGA/Vitis3/CNC-PL8/ps7_cortexa9_0/standalone_domain/bsp/system.mss
TRACE::2026-03-06.22:37:02::SCWMssOS::DEBUG:  swdes dump  E:/Git-Repos/CNC-FPGA/Vitis3/CNC-PL7/ps7_cortexa9_0/standalone_domain/bsp/system.mss|system||
E:/Git-Repos/CNC-FPGA/Vitis3/CNC-PL7/zynq_fsbl/zynq_fsbl_bsp/system.mss|system_2||
E:/Git-Repos/CNC-FPGA/Vitis3/CNC-PL8/zynq_fsbl/zynq_fsbl_bsp/system.mss|system_0||

TRACE::2026-03-06.22:37:02::SCWMssOS::No sw design opened at  E:/Git-Repos/CNC-FPGA/Vitis3/CNC-PL8/ps7_cortexa9_0/standalone_domain/bsp/system.mss
TRACE::2026-03-06.22:37:02::SCWMssOS::mss exists loading the mss file  E:/Git-Repos/CNC-FPGA/Vitis3/CNC-PL8/ps7_cortexa9_0/standalone_domain/bsp/system.mss
TRACE::2026-03-06.22:37:02::SCWMssOS::Opened the sw design from mss  E:/Git-Repos/CNC-FPGA/Vitis3/CNC-PL8/ps7_cortexa9_0/standalone_domain/bsp/system.mss
TRACE::2026-03-06.22:37:02::SCWMssOS::Adding the swdes entry E:/Git-Repos/CNC-FPGA/Vitis3/CNC-PL8/ps7_cortexa9_0/standalone_domain/bsp/system.mss with des name system_1
TRACE::2026-03-06.22:37:02::SCWMssOS::updating the scw layer about changes
TRACE::2026-03-06.22:37:02::SCWMssOS::Opened the sw design.  E:/Git-Repos/CNC-FPGA/Vitis3/CNC-PL8/ps7_cortexa9_0/standalone_domain/bsp/system.mss
TRACE::2026-03-06.22:37:02::SCWMssOS::Saving the mss changes E:/Git-Repos/CNC-FPGA/Vitis3/CNC-PL8/ps7_cortexa9_0/standalone_domain/bsp/system.mss
TRACE::2026-03-06.22:37:02::SCWMssOS::Found a swdesign opened with the mssfile.
TRACE::2026-03-06.22:37:02::SCWMssOS::Completed writemss as part of save.
TRACE::2026-03-06.22:37:02::SCWMssOS::Commit changes completed.
TRACE::2026-03-06.22:37:02::SCWReader::Adding prebuilt librarypaths as   
TRACE::2026-03-06.22:37:02::SCWReader::Adding prebuilt incpaths  as   
TRACE::2026-03-06.22:37:02::SCWPlatform::Trying to open the hw design at E:/Git-Repos/CNC-FPGA/Vitis3/CNC-PL8/hw/CNC_Top_wrapper.xsa
TRACE::2026-03-06.22:37:02::SCWPlatform::DSA given E:/Git-Repos/CNC-FPGA/Vitis3/CNC-PL8/hw/CNC_Top_wrapper.xsa
TRACE::2026-03-06.22:37:02::SCWPlatform::DSA absoulate path E:/Git-Repos/CNC-FPGA/Vitis3/CNC-PL8/hw/CNC_Top_wrapper.xsa
TRACE::2026-03-06.22:37:02::SCWPlatform::DSA directory E:/Git-Repos/CNC-FPGA/Vitis3/CNC-PL8/hw
TRACE::2026-03-06.22:37:02::SCWPlatform:: Platform Path E:/Git-Repos/CNC-FPGA/Vitis3/CNC-PL8/hw/CNC_Top_wrapper.xsa
TRACE::2026-03-06.22:37:02::SCWPlatform:: Unique name xilinx:zedboard::0.0
TRACE::2026-03-06.22:37:02::SCWPlatform::Trying to set the existing hwdb with name CNC_Top_wrapper_27
TRACE::2026-03-06.22:37:02::SCWPlatform::Opened existing hwdb CNC_Top_wrapper_27
TRACE::2026-03-06.22:37:02::SCWPlatform::Found the Hw Db part of the input DSA
TRACE::2026-03-06.22:37:02::SCWMssOS::Checking the sw design at  E:/Git-Repos/CNC-FPGA/Vitis3/CNC-PL8/ps7_cortexa9_0/standalone_domain/bsp/system.mss
TRACE::2026-03-06.22:37:02::SCWMssOS::DEBUG:  swdes dump  E:/Git-Repos/CNC-FPGA/Vitis3/CNC-PL7/ps7_cortexa9_0/standalone_domain/bsp/system.mss|system||
E:/Git-Repos/CNC-FPGA/Vitis3/CNC-PL7/zynq_fsbl/zynq_fsbl_bsp/system.mss|system_2||
E:/Git-Repos/CNC-FPGA/Vitis3/CNC-PL8/ps7_cortexa9_0/standalone_domain/bsp/system.mss|system_1||
E:/Git-Repos/CNC-FPGA/Vitis3/CNC-PL8/zynq_fsbl/zynq_fsbl_bsp/system.mss|system_0||

TRACE::2026-03-06.22:37:02::SCWMssOS::Sw design exists and opened at  E:/Git-Repos/CNC-FPGA/Vitis3/CNC-PL8/ps7_cortexa9_0/standalone_domain/bsp/system.mss
TRACE::2026-03-06.22:37:02::SCWReader::No isolation master present  
TRACE::2026-03-06.22:37:20::SCWPlatform::Trying to open the hw design at E:/Git-Repos/CNC-FPGA/Vitis3/CNC-PL8/hw/CNC_Top_wrapper.xsa
TRACE::2026-03-06.22:37:20::SCWPlatform::DSA given E:/Git-Repos/CNC-FPGA/Vitis3/CNC-PL8/hw/CNC_Top_wrapper.xsa
TRACE::2026-03-06.22:37:20::SCWPlatform::DSA absoulate path E:/Git-Repos/CNC-FPGA/Vitis3/CNC-PL8/hw/CNC_Top_wrapper.xsa
TRACE::2026-03-06.22:37:20::SCWPlatform::DSA directory E:/Git-Repos/CNC-FPGA/Vitis3/CNC-PL8/hw
TRACE::2026-03-06.22:37:20::SCWPlatform:: Platform Path E:/Git-Repos/CNC-FPGA/Vitis3/CNC-PL8/hw/CNC_Top_wrapper.xsa
TRACE::2026-03-06.22:37:20::SCWPlatform:: Unique name xilinx:zedboard::0.0
TRACE::2026-03-06.22:37:20::SCWPlatform::Trying to set the existing hwdb with name CNC_Top_wrapper_27
TRACE::2026-03-06.22:37:20::SCWPlatform::Opened existing hwdb CNC_Top_wrapper_27
TRACE::2026-03-06.22:37:20::SCWPlatform::Found the Hw Db part of the input DSA
TRACE::2026-03-06.22:37:20::SCWMssOS::Checking the sw design at  E:/Git-Repos/CNC-FPGA/Vitis3/CNC-PL8/zynq_fsbl/zynq_fsbl_bsp/system.mss
TRACE::2026-03-06.22:37:20::SCWMssOS::DEBUG:  swdes dump  E:/Git-Repos/CNC-FPGA/Vitis3/CNC-PL7/ps7_cortexa9_0/standalone_domain/bsp/system.mss|system||
E:/Git-Repos/CNC-FPGA/Vitis3/CNC-PL7/zynq_fsbl/zynq_fsbl_bsp/system.mss|system_2||
E:/Git-Repos/CNC-FPGA/Vitis3/CNC-PL8/ps7_cortexa9_0/standalone_domain/bsp/system.mss|system_1||
E:/Git-Repos/CNC-FPGA/Vitis3/CNC-PL8/zynq_fsbl/zynq_fsbl_bsp/system.mss|system_0||

TRACE::2026-03-06.22:37:20::SCWMssOS::Sw design exists and opened at  E:/Git-Repos/CNC-FPGA/Vitis3/CNC-PL8/zynq_fsbl/zynq_fsbl_bsp/system.mss
TRACE::2026-03-06.22:37:21::SCWMssOS::In reload Mss file.
TRACE::2026-03-06.22:37:21::SCWPlatform::Trying to open the hw design at E:/Git-Repos/CNC-FPGA/Vitis3/CNC-PL8/hw/CNC_Top_wrapper.xsa
TRACE::2026-03-06.22:37:21::SCWPlatform::DSA given E:/Git-Repos/CNC-FPGA/Vitis3/CNC-PL8/hw/CNC_Top_wrapper.xsa
TRACE::2026-03-06.22:37:21::SCWPlatform::DSA absoulate path E:/Git-Repos/CNC-FPGA/Vitis3/CNC-PL8/hw/CNC_Top_wrapper.xsa
TRACE::2026-03-06.22:37:21::SCWPlatform::DSA directory E:/Git-Repos/CNC-FPGA/Vitis3/CNC-PL8/hw
TRACE::2026-03-06.22:37:21::SCWPlatform:: Platform Path E:/Git-Repos/CNC-FPGA/Vitis3/CNC-PL8/hw/CNC_Top_wrapper.xsa
TRACE::2026-03-06.22:37:21::SCWPlatform:: Unique name xilinx:zedboard::0.0
TRACE::2026-03-06.22:37:21::SCWPlatform::Trying to set the existing hwdb with name CNC_Top_wrapper_27
TRACE::2026-03-06.22:37:21::SCWPlatform::Opened existing hwdb CNC_Top_wrapper_27
TRACE::2026-03-06.22:37:21::SCWPlatform::Found the Hw Db part of the input DSA
TRACE::2026-03-06.22:37:21::SCWMssOS::Checking the sw design at  E:/Git-Repos/CNC-FPGA/Vitis3/CNC-PL8/zynq_fsbl/zynq_fsbl_bsp/system.mss
TRACE::2026-03-06.22:37:21::SCWMssOS::DEBUG:  swdes dump  E:/Git-Repos/CNC-FPGA/Vitis3/CNC-PL7/ps7_cortexa9_0/standalone_domain/bsp/system.mss|system||
E:/Git-Repos/CNC-FPGA/Vitis3/CNC-PL7/zynq_fsbl/zynq_fsbl_bsp/system.mss|system_2||
E:/Git-Repos/CNC-FPGA/Vitis3/CNC-PL8/ps7_cortexa9_0/standalone_domain/bsp/system.mss|system_1||

TRACE::2026-03-06.22:37:21::SCWMssOS::No sw design opened at  E:/Git-Repos/CNC-FPGA/Vitis3/CNC-PL8/zynq_fsbl/zynq_fsbl_bsp/system.mss
TRACE::2026-03-06.22:37:21::SCWMssOS::mss exists loading the mss file  E:/Git-Repos/CNC-FPGA/Vitis3/CNC-PL8/zynq_fsbl/zynq_fsbl_bsp/system.mss
TRACE::2026-03-06.22:37:21::SCWMssOS::Opened the sw design from mss  E:/Git-Repos/CNC-FPGA/Vitis3/CNC-PL8/zynq_fsbl/zynq_fsbl_bsp/system.mss
TRACE::2026-03-06.22:37:21::SCWMssOS::Adding the swdes entry E:/Git-Repos/CNC-FPGA/Vitis3/CNC-PL8/zynq_fsbl/zynq_fsbl_bsp/system.mss with des name system_0
TRACE::2026-03-06.22:37:21::SCWMssOS::updating the scw layer about changes
TRACE::2026-03-06.22:37:21::SCWMssOS::Opened the sw design.  E:/Git-Repos/CNC-FPGA/Vitis3/CNC-PL8/zynq_fsbl/zynq_fsbl_bsp/system.mss
TRACE::2026-03-06.22:37:21::SCWPlatform::Trying to open the hw design at E:/Git-Repos/CNC-FPGA/Vitis3/CNC-PL8/hw/CNC_Top_wrapper.xsa
TRACE::2026-03-06.22:37:21::SCWPlatform::DSA given E:/Git-Repos/CNC-FPGA/Vitis3/CNC-PL8/hw/CNC_Top_wrapper.xsa
TRACE::2026-03-06.22:37:21::SCWPlatform::DSA absoulate path E:/Git-Repos/CNC-FPGA/Vitis3/CNC-PL8/hw/CNC_Top_wrapper.xsa
TRACE::2026-03-06.22:37:21::SCWPlatform::DSA directory E:/Git-Repos/CNC-FPGA/Vitis3/CNC-PL8/hw
TRACE::2026-03-06.22:37:21::SCWPlatform:: Platform Path E:/Git-Repos/CNC-FPGA/Vitis3/CNC-PL8/hw/CNC_Top_wrapper.xsa
TRACE::2026-03-06.22:37:21::SCWPlatform:: Unique name xilinx:zedboard::0.0
TRACE::2026-03-06.22:37:21::SCWPlatform::Trying to set the existing hwdb with name CNC_Top_wrapper_27
TRACE::2026-03-06.22:37:21::SCWPlatform::Opened existing hwdb CNC_Top_wrapper_27
TRACE::2026-03-06.22:37:21::SCWPlatform::Found the Hw Db part of the input DSA
TRACE::2026-03-06.22:37:21::SCWMssOS::Checking the sw design at  E:/Git-Repos/CNC-FPGA/Vitis3/CNC-PL8/zynq_fsbl/zynq_fsbl_bsp/system.mss
TRACE::2026-03-06.22:37:21::SCWMssOS::DEBUG:  swdes dump  E:/Git-Repos/CNC-FPGA/Vitis3/CNC-PL7/ps7_cortexa9_0/standalone_domain/bsp/system.mss|system||
E:/Git-Repos/CNC-FPGA/Vitis3/CNC-PL7/zynq_fsbl/zynq_fsbl_bsp/system.mss|system_2||
E:/Git-Repos/CNC-FPGA/Vitis3/CNC-PL8/ps7_cortexa9_0/standalone_domain/bsp/system.mss|system_1||
E:/Git-Repos/CNC-FPGA/Vitis3/CNC-PL8/zynq_fsbl/zynq_fsbl_bsp/system.mss|system_0||

TRACE::2026-03-06.22:37:21::SCWMssOS::Sw design exists and opened at  E:/Git-Repos/CNC-FPGA/Vitis3/CNC-PL8/zynq_fsbl/zynq_fsbl_bsp/system.mss
TRACE::2026-03-06.22:37:21::SCWMssOS:: library already available in sw design:  xilffs:5.3
TRACE::2026-03-06.22:37:21::SCWPlatform::Trying to open the hw design at E:/Git-Repos/CNC-FPGA/Vitis3/CNC-PL8/hw/CNC_Top_wrapper.xsa
TRACE::2026-03-06.22:37:21::SCWPlatform::DSA given E:/Git-Repos/CNC-FPGA/Vitis3/CNC-PL8/hw/CNC_Top_wrapper.xsa
TRACE::2026-03-06.22:37:21::SCWPlatform::DSA absoulate path E:/Git-Repos/CNC-FPGA/Vitis3/CNC-PL8/hw/CNC_Top_wrapper.xsa
TRACE::2026-03-06.22:37:21::SCWPlatform::DSA directory E:/Git-Repos/CNC-FPGA/Vitis3/CNC-PL8/hw
TRACE::2026-03-06.22:37:21::SCWPlatform:: Platform Path E:/Git-Repos/CNC-FPGA/Vitis3/CNC-PL8/hw/CNC_Top_wrapper.xsa
TRACE::2026-03-06.22:37:21::SCWPlatform:: Unique name xilinx:zedboard::0.0
TRACE::2026-03-06.22:37:21::SCWPlatform::Trying to set the existing hwdb with name CNC_Top_wrapper_27
TRACE::2026-03-06.22:37:21::SCWPlatform::Opened existing hwdb CNC_Top_wrapper_27
TRACE::2026-03-06.22:37:21::SCWPlatform::Found the Hw Db part of the input DSA
TRACE::2026-03-06.22:37:21::SCWMssOS::Checking the sw design at  E:/Git-Repos/CNC-FPGA/Vitis3/CNC-PL8/zynq_fsbl/zynq_fsbl_bsp/system.mss
TRACE::2026-03-06.22:37:21::SCWMssOS::DEBUG:  swdes dump  E:/Git-Repos/CNC-FPGA/Vitis3/CNC-PL7/ps7_cortexa9_0/standalone_domain/bsp/system.mss|system||
E:/Git-Repos/CNC-FPGA/Vitis3/CNC-PL7/zynq_fsbl/zynq_fsbl_bsp/system.mss|system_2||
E:/Git-Repos/CNC-FPGA/Vitis3/CNC-PL8/ps7_cortexa9_0/standalone_domain/bsp/system.mss|system_1||
E:/Git-Repos/CNC-FPGA/Vitis3/CNC-PL8/zynq_fsbl/zynq_fsbl_bsp/system.mss|system_0||

TRACE::2026-03-06.22:37:21::SCWMssOS::Sw design exists and opened at  E:/Git-Repos/CNC-FPGA/Vitis3/CNC-PL8/zynq_fsbl/zynq_fsbl_bsp/system.mss
TRACE::2026-03-06.22:37:21::SCWMssOS:: library already available in sw design:  xilrsa:1.8
TRACE::2026-03-06.22:37:21::SCWMssOS::Saving the mss changes E:/Git-Repos/CNC-FPGA/Vitis3/CNC-PL8/zynq_fsbl/zynq_fsbl_bsp/system.mss
TRACE::2026-03-06.22:37:21::SCWMssOS::Found a swdesign opened with the mssfile.
TRACE::2026-03-06.22:37:21::SCWMssOS::Completed writemss as part of save.
TRACE::2026-03-06.22:37:21::SCWMssOS::Commit changes completed.
TRACE::2026-03-06.22:37:21::SCWPlatform::Trying to open the hw design at E:/Git-Repos/CNC-FPGA/Vitis3/CNC-PL8/hw/CNC_Top_wrapper.xsa
TRACE::2026-03-06.22:37:21::SCWPlatform::DSA given E:/Git-Repos/CNC-FPGA/Vitis3/CNC-PL8/hw/CNC_Top_wrapper.xsa
TRACE::2026-03-06.22:37:21::SCWPlatform::DSA absoulate path E:/Git-Repos/CNC-FPGA/Vitis3/CNC-PL8/hw/CNC_Top_wrapper.xsa
TRACE::2026-03-06.22:37:21::SCWPlatform::DSA directory E:/Git-Repos/CNC-FPGA/Vitis3/CNC-PL8/hw
TRACE::2026-03-06.22:37:21::SCWPlatform:: Platform Path E:/Git-Repos/CNC-FPGA/Vitis3/CNC-PL8/hw/CNC_Top_wrapper.xsa
TRACE::2026-03-06.22:37:21::SCWPlatform:: Unique name xilinx:zedboard::0.0
TRACE::2026-03-06.22:37:21::SCWPlatform::Trying to set the existing hwdb with name CNC_Top_wrapper_27
TRACE::2026-03-06.22:37:21::SCWPlatform::Opened existing hwdb CNC_Top_wrapper_27
TRACE::2026-03-06.22:37:21::SCWPlatform::Found the Hw Db part of the input DSA
TRACE::2026-03-06.22:37:21::SCWMssOS::Checking the sw design at  E:/Git-Repos/CNC-FPGA/Vitis3/CNC-PL8/zynq_fsbl/zynq_fsbl_bsp/system.mss
TRACE::2026-03-06.22:37:21::SCWMssOS::DEBUG:  swdes dump  E:/Git-Repos/CNC-FPGA/Vitis3/CNC-PL7/ps7_cortexa9_0/standalone_domain/bsp/system.mss|system||
E:/Git-Repos/CNC-FPGA/Vitis3/CNC-PL7/zynq_fsbl/zynq_fsbl_bsp/system.mss|system_2||
E:/Git-Repos/CNC-FPGA/Vitis3/CNC-PL8/ps7_cortexa9_0/standalone_domain/bsp/system.mss|system_1||
E:/Git-Repos/CNC-FPGA/Vitis3/CNC-PL8/zynq_fsbl/zynq_fsbl_bsp/system.mss|system_0||

TRACE::2026-03-06.22:37:21::SCWMssOS::Sw design exists and opened at  E:/Git-Repos/CNC-FPGA/Vitis3/CNC-PL8/zynq_fsbl/zynq_fsbl_bsp/system.mss
TRACE::2026-03-06.22:37:21::SCWMssOS::Removing the swdes entry for  E:/Git-Repos/CNC-FPGA/Vitis3/CNC-PL8/zynq_fsbl/zynq_fsbl_bsp/system.mss
TRACE::2026-03-06.22:37:22::SCWPlatform::Trying to open the hw design at E:/Git-Repos/CNC-FPGA/Vitis3/CNC-PL8/hw/CNC_Top_wrapper.xsa
TRACE::2026-03-06.22:37:22::SCWPlatform::DSA given E:/Git-Repos/CNC-FPGA/Vitis3/CNC-PL8/hw/CNC_Top_wrapper.xsa
TRACE::2026-03-06.22:37:22::SCWPlatform::DSA absoulate path E:/Git-Repos/CNC-FPGA/Vitis3/CNC-PL8/hw/CNC_Top_wrapper.xsa
TRACE::2026-03-06.22:37:22::SCWPlatform::DSA directory E:/Git-Repos/CNC-FPGA/Vitis3/CNC-PL8/hw
TRACE::2026-03-06.22:37:22::SCWPlatform:: Platform Path E:/Git-Repos/CNC-FPGA/Vitis3/CNC-PL8/hw/CNC_Top_wrapper.xsa
TRACE::2026-03-06.22:37:22::SCWPlatform:: Unique name xilinx:zedboard::0.0
TRACE::2026-03-06.22:37:22::SCWPlatform::Trying to set the existing hwdb with name CNC_Top_wrapper_27
TRACE::2026-03-06.22:37:22::SCWPlatform::Opened existing hwdb CNC_Top_wrapper_27
TRACE::2026-03-06.22:37:22::SCWPlatform::Found the Hw Db part of the input DSA
TRACE::2026-03-06.22:37:22::SCWMssOS::Checking the sw design at  E:/Git-Repos/CNC-FPGA/Vitis3/CNC-PL8/zynq_fsbl/zynq_fsbl_bsp/system.mss
TRACE::2026-03-06.22:37:22::SCWMssOS::DEBUG:  swdes dump  E:/Git-Repos/CNC-FPGA/Vitis3/CNC-PL7/ps7_cortexa9_0/standalone_domain/bsp/system.mss|system||
E:/Git-Repos/CNC-FPGA/Vitis3/CNC-PL7/zynq_fsbl/zynq_fsbl_bsp/system.mss|system_2||
E:/Git-Repos/CNC-FPGA/Vitis3/CNC-PL8/ps7_cortexa9_0/standalone_domain/bsp/system.mss|system_1||

TRACE::2026-03-06.22:37:22::SCWMssOS::No sw design opened at  E:/Git-Repos/CNC-FPGA/Vitis3/CNC-PL8/zynq_fsbl/zynq_fsbl_bsp/system.mss
TRACE::2026-03-06.22:37:22::SCWMssOS::mss exists loading the mss file  E:/Git-Repos/CNC-FPGA/Vitis3/CNC-PL8/zynq_fsbl/zynq_fsbl_bsp/system.mss
TRACE::2026-03-06.22:37:22::SCWMssOS::Opened the sw design from mss  E:/Git-Repos/CNC-FPGA/Vitis3/CNC-PL8/zynq_fsbl/zynq_fsbl_bsp/system.mss
TRACE::2026-03-06.22:37:22::SCWMssOS::Adding the swdes entry E:/Git-Repos/CNC-FPGA/Vitis3/CNC-PL8/zynq_fsbl/zynq_fsbl_bsp/system.mss with des name system_0
TRACE::2026-03-06.22:37:22::SCWMssOS::updating the scw layer about changes
TRACE::2026-03-06.22:37:22::SCWMssOS::Opened the sw design.  E:/Git-Repos/CNC-FPGA/Vitis3/CNC-PL8/zynq_fsbl/zynq_fsbl_bsp/system.mss
TRACE::2026-03-06.22:37:27::SCWMssOS::In reload Mss file.
TRACE::2026-03-06.22:37:27::SCWPlatform::Trying to open the hw design at E:/Git-Repos/CNC-FPGA/Vitis3/CNC-PL8/hw/CNC_Top_wrapper.xsa
TRACE::2026-03-06.22:37:27::SCWPlatform::DSA given E:/Git-Repos/CNC-FPGA/Vitis3/CNC-PL8/hw/CNC_Top_wrapper.xsa
TRACE::2026-03-06.22:37:27::SCWPlatform::DSA absoulate path E:/Git-Repos/CNC-FPGA/Vitis3/CNC-PL8/hw/CNC_Top_wrapper.xsa
TRACE::2026-03-06.22:37:27::SCWPlatform::DSA directory E:/Git-Repos/CNC-FPGA/Vitis3/CNC-PL8/hw
TRACE::2026-03-06.22:37:27::SCWPlatform:: Platform Path E:/Git-Repos/CNC-FPGA/Vitis3/CNC-PL8/hw/CNC_Top_wrapper.xsa
TRACE::2026-03-06.22:37:27::SCWPlatform:: Unique name xilinx:zedboard::0.0
TRACE::2026-03-06.22:37:27::SCWPlatform::Trying to set the existing hwdb with name CNC_Top_wrapper_27
TRACE::2026-03-06.22:37:27::SCWPlatform::Opened existing hwdb CNC_Top_wrapper_27
TRACE::2026-03-06.22:37:27::SCWPlatform::Found the Hw Db part of the input DSA
TRACE::2026-03-06.22:37:27::SCWMssOS::Checking the sw design at  E:/Git-Repos/CNC-FPGA/Vitis3/CNC-PL8/zynq_fsbl/zynq_fsbl_bsp/system.mss
TRACE::2026-03-06.22:37:27::SCWMssOS::DEBUG:  swdes dump  E:/Git-Repos/CNC-FPGA/Vitis3/CNC-PL7/ps7_cortexa9_0/standalone_domain/bsp/system.mss|system||
E:/Git-Repos/CNC-FPGA/Vitis3/CNC-PL7/zynq_fsbl/zynq_fsbl_bsp/system.mss|system_2||
E:/Git-Repos/CNC-FPGA/Vitis3/CNC-PL8/ps7_cortexa9_0/standalone_domain/bsp/system.mss|system_1||

TRACE::2026-03-06.22:37:27::SCWMssOS::No sw design opened at  E:/Git-Repos/CNC-FPGA/Vitis3/CNC-PL8/zynq_fsbl/zynq_fsbl_bsp/system.mss
TRACE::2026-03-06.22:37:27::SCWMssOS::mss exists loading the mss file  E:/Git-Repos/CNC-FPGA/Vitis3/CNC-PL8/zynq_fsbl/zynq_fsbl_bsp/system.mss
TRACE::2026-03-06.22:37:27::SCWMssOS::Opened the sw design from mss  E:/Git-Repos/CNC-FPGA/Vitis3/CNC-PL8/zynq_fsbl/zynq_fsbl_bsp/system.mss
TRACE::2026-03-06.22:37:27::SCWMssOS::Adding the swdes entry E:/Git-Repos/CNC-FPGA/Vitis3/CNC-PL8/zynq_fsbl/zynq_fsbl_bsp/system.mss with des name system_0
TRACE::2026-03-06.22:37:27::SCWMssOS::updating the scw layer about changes
TRACE::2026-03-06.22:37:27::SCWMssOS::Opened the sw design.  E:/Git-Repos/CNC-FPGA/Vitis3/CNC-PL8/zynq_fsbl/zynq_fsbl_bsp/system.mss
TRACE::2026-03-06.22:37:27::SCWPlatform::Trying to open the hw design at E:/Git-Repos/CNC-FPGA/Vitis3/CNC-PL8/hw/CNC_Top_wrapper.xsa
TRACE::2026-03-06.22:37:27::SCWPlatform::DSA given E:/Git-Repos/CNC-FPGA/Vitis3/CNC-PL8/hw/CNC_Top_wrapper.xsa
TRACE::2026-03-06.22:37:27::SCWPlatform::DSA absoulate path E:/Git-Repos/CNC-FPGA/Vitis3/CNC-PL8/hw/CNC_Top_wrapper.xsa
TRACE::2026-03-06.22:37:27::SCWPlatform::DSA directory E:/Git-Repos/CNC-FPGA/Vitis3/CNC-PL8/hw
TRACE::2026-03-06.22:37:27::SCWPlatform:: Platform Path E:/Git-Repos/CNC-FPGA/Vitis3/CNC-PL8/hw/CNC_Top_wrapper.xsa
TRACE::2026-03-06.22:37:27::SCWPlatform:: Unique name xilinx:zedboard::0.0
TRACE::2026-03-06.22:37:27::SCWPlatform::Trying to set the existing hwdb with name CNC_Top_wrapper_27
TRACE::2026-03-06.22:37:27::SCWPlatform::Opened existing hwdb CNC_Top_wrapper_27
TRACE::2026-03-06.22:37:27::SCWPlatform::Found the Hw Db part of the input DSA
TRACE::2026-03-06.22:37:27::SCWMssOS::Checking the sw design at  E:/Git-Repos/CNC-FPGA/Vitis3/CNC-PL8/zynq_fsbl/zynq_fsbl_bsp/system.mss
TRACE::2026-03-06.22:37:27::SCWMssOS::DEBUG:  swdes dump  E:/Git-Repos/CNC-FPGA/Vitis3/CNC-PL7/ps7_cortexa9_0/standalone_domain/bsp/system.mss|system||
E:/Git-Repos/CNC-FPGA/Vitis3/CNC-PL7/zynq_fsbl/zynq_fsbl_bsp/system.mss|system_2||
E:/Git-Repos/CNC-FPGA/Vitis3/CNC-PL8/ps7_cortexa9_0/standalone_domain/bsp/system.mss|system_1||
E:/Git-Repos/CNC-FPGA/Vitis3/CNC-PL8/zynq_fsbl/zynq_fsbl_bsp/system.mss|system_0||

TRACE::2026-03-06.22:37:27::SCWMssOS::Sw design exists and opened at  E:/Git-Repos/CNC-FPGA/Vitis3/CNC-PL8/zynq_fsbl/zynq_fsbl_bsp/system.mss
TRACE::2026-03-06.22:37:27::SCWMssOS:: library already available in sw design:  xilffs:5.3
TRACE::2026-03-06.22:37:27::SCWPlatform::Trying to open the hw design at E:/Git-Repos/CNC-FPGA/Vitis3/CNC-PL8/hw/CNC_Top_wrapper.xsa
TRACE::2026-03-06.22:37:27::SCWPlatform::DSA given E:/Git-Repos/CNC-FPGA/Vitis3/CNC-PL8/hw/CNC_Top_wrapper.xsa
TRACE::2026-03-06.22:37:27::SCWPlatform::DSA absoulate path E:/Git-Repos/CNC-FPGA/Vitis3/CNC-PL8/hw/CNC_Top_wrapper.xsa
TRACE::2026-03-06.22:37:27::SCWPlatform::DSA directory E:/Git-Repos/CNC-FPGA/Vitis3/CNC-PL8/hw
TRACE::2026-03-06.22:37:27::SCWPlatform:: Platform Path E:/Git-Repos/CNC-FPGA/Vitis3/CNC-PL8/hw/CNC_Top_wrapper.xsa
TRACE::2026-03-06.22:37:27::SCWPlatform:: Unique name xilinx:zedboard::0.0
TRACE::2026-03-06.22:37:27::SCWPlatform::Trying to set the existing hwdb with name CNC_Top_wrapper_27
TRACE::2026-03-06.22:37:27::SCWPlatform::Opened existing hwdb CNC_Top_wrapper_27
TRACE::2026-03-06.22:37:27::SCWPlatform::Found the Hw Db part of the input DSA
TRACE::2026-03-06.22:37:27::SCWMssOS::Checking the sw design at  E:/Git-Repos/CNC-FPGA/Vitis3/CNC-PL8/zynq_fsbl/zynq_fsbl_bsp/system.mss
TRACE::2026-03-06.22:37:27::SCWMssOS::DEBUG:  swdes dump  E:/Git-Repos/CNC-FPGA/Vitis3/CNC-PL7/ps7_cortexa9_0/standalone_domain/bsp/system.mss|system||
E:/Git-Repos/CNC-FPGA/Vitis3/CNC-PL7/zynq_fsbl/zynq_fsbl_bsp/system.mss|system_2||
E:/Git-Repos/CNC-FPGA/Vitis3/CNC-PL8/ps7_cortexa9_0/standalone_domain/bsp/system.mss|system_1||
E:/Git-Repos/CNC-FPGA/Vitis3/CNC-PL8/zynq_fsbl/zynq_fsbl_bsp/system.mss|system_0||

TRACE::2026-03-06.22:37:27::SCWMssOS::Sw design exists and opened at  E:/Git-Repos/CNC-FPGA/Vitis3/CNC-PL8/zynq_fsbl/zynq_fsbl_bsp/system.mss
TRACE::2026-03-06.22:37:27::SCWMssOS:: library already available in sw design:  xilrsa:1.8
TRACE::2026-03-06.22:37:27::SCWMssOS::Saving the mss changes E:/Git-Repos/CNC-FPGA/Vitis3/CNC-PL8/zynq_fsbl/zynq_fsbl_bsp/system.mss
TRACE::2026-03-06.22:37:27::SCWMssOS::Found a swdesign opened with the mssfile.
TRACE::2026-03-06.22:37:27::SCWMssOS::Completed writemss as part of save.
TRACE::2026-03-06.22:37:27::SCWMssOS::Commit changes completed.
TRACE::2026-03-06.22:37:27::SCWPlatform::Trying to open the hw design at E:/Git-Repos/CNC-FPGA/Vitis3/CNC-PL8/hw/CNC_Top_wrapper.xsa
TRACE::2026-03-06.22:37:27::SCWPlatform::DSA given E:/Git-Repos/CNC-FPGA/Vitis3/CNC-PL8/hw/CNC_Top_wrapper.xsa
TRACE::2026-03-06.22:37:27::SCWPlatform::DSA absoulate path E:/Git-Repos/CNC-FPGA/Vitis3/CNC-PL8/hw/CNC_Top_wrapper.xsa
TRACE::2026-03-06.22:37:27::SCWPlatform::DSA directory E:/Git-Repos/CNC-FPGA/Vitis3/CNC-PL8/hw
TRACE::2026-03-06.22:37:27::SCWPlatform:: Platform Path E:/Git-Repos/CNC-FPGA/Vitis3/CNC-PL8/hw/CNC_Top_wrapper.xsa
TRACE::2026-03-06.22:37:27::SCWPlatform:: Unique name xilinx:zedboard::0.0
TRACE::2026-03-06.22:37:27::SCWPlatform::Trying to set the existing hwdb with name CNC_Top_wrapper_27
TRACE::2026-03-06.22:37:27::SCWPlatform::Opened existing hwdb CNC_Top_wrapper_27
TRACE::2026-03-06.22:37:27::SCWPlatform::Found the Hw Db part of the input DSA
TRACE::2026-03-06.22:37:27::SCWMssOS::Checking the sw design at  E:/Git-Repos/CNC-FPGA/Vitis3/CNC-PL8/zynq_fsbl/zynq_fsbl_bsp/system.mss
TRACE::2026-03-06.22:37:27::SCWMssOS::DEBUG:  swdes dump  E:/Git-Repos/CNC-FPGA/Vitis3/CNC-PL7/ps7_cortexa9_0/standalone_domain/bsp/system.mss|system||
E:/Git-Repos/CNC-FPGA/Vitis3/CNC-PL7/zynq_fsbl/zynq_fsbl_bsp/system.mss|system_2||
E:/Git-Repos/CNC-FPGA/Vitis3/CNC-PL8/ps7_cortexa9_0/standalone_domain/bsp/system.mss|system_1||
E:/Git-Repos/CNC-FPGA/Vitis3/CNC-PL8/zynq_fsbl/zynq_fsbl_bsp/system.mss|system_0||

TRACE::2026-03-06.22:37:27::SCWMssOS::Sw design exists and opened at  E:/Git-Repos/CNC-FPGA/Vitis3/CNC-PL8/zynq_fsbl/zynq_fsbl_bsp/system.mss
TRACE::2026-03-06.22:37:27::SCWMssOS::Removing the swdes entry for  E:/Git-Repos/CNC-FPGA/Vitis3/CNC-PL8/zynq_fsbl/zynq_fsbl_bsp/system.mss
TRACE::2026-03-06.22:37:28::SCWPlatform::Trying to open the hw design at E:/Git-Repos/CNC-FPGA/Vitis3/CNC-PL8/hw/CNC_Top_wrapper.xsa
TRACE::2026-03-06.22:37:28::SCWPlatform::DSA given E:/Git-Repos/CNC-FPGA/Vitis3/CNC-PL8/hw/CNC_Top_wrapper.xsa
TRACE::2026-03-06.22:37:28::SCWPlatform::DSA absoulate path E:/Git-Repos/CNC-FPGA/Vitis3/CNC-PL8/hw/CNC_Top_wrapper.xsa
TRACE::2026-03-06.22:37:28::SCWPlatform::DSA directory E:/Git-Repos/CNC-FPGA/Vitis3/CNC-PL8/hw
TRACE::2026-03-06.22:37:28::SCWPlatform:: Platform Path E:/Git-Repos/CNC-FPGA/Vitis3/CNC-PL8/hw/CNC_Top_wrapper.xsa
TRACE::2026-03-06.22:37:28::SCWPlatform:: Unique name xilinx:zedboard::0.0
TRACE::2026-03-06.22:37:28::SCWPlatform::Trying to set the existing hwdb with name CNC_Top_wrapper_27
TRACE::2026-03-06.22:37:28::SCWPlatform::Opened existing hwdb CNC_Top_wrapper_27
TRACE::2026-03-06.22:37:28::SCWPlatform::Found the Hw Db part of the input DSA
TRACE::2026-03-06.22:37:28::SCWMssOS::Checking the sw design at  E:/Git-Repos/CNC-FPGA/Vitis3/CNC-PL8/ps7_cortexa9_0/standalone_domain/bsp/system.mss
TRACE::2026-03-06.22:37:28::SCWMssOS::DEBUG:  swdes dump  E:/Git-Repos/CNC-FPGA/Vitis3/CNC-PL7/ps7_cortexa9_0/standalone_domain/bsp/system.mss|system||
E:/Git-Repos/CNC-FPGA/Vitis3/CNC-PL7/zynq_fsbl/zynq_fsbl_bsp/system.mss|system_2||
E:/Git-Repos/CNC-FPGA/Vitis3/CNC-PL8/ps7_cortexa9_0/standalone_domain/bsp/system.mss|system_1||

TRACE::2026-03-06.22:37:28::SCWMssOS::Sw design exists and opened at  E:/Git-Repos/CNC-FPGA/Vitis3/CNC-PL8/ps7_cortexa9_0/standalone_domain/bsp/system.mss
TRACE::2026-03-06.22:37:29::SCWMssOS::In reload Mss file.
TRACE::2026-03-06.22:37:29::SCWPlatform::Trying to open the hw design at E:/Git-Repos/CNC-FPGA/Vitis3/CNC-PL8/hw/CNC_Top_wrapper.xsa
TRACE::2026-03-06.22:37:29::SCWPlatform::DSA given E:/Git-Repos/CNC-FPGA/Vitis3/CNC-PL8/hw/CNC_Top_wrapper.xsa
TRACE::2026-03-06.22:37:29::SCWPlatform::DSA absoulate path E:/Git-Repos/CNC-FPGA/Vitis3/CNC-PL8/hw/CNC_Top_wrapper.xsa
TRACE::2026-03-06.22:37:29::SCWPlatform::DSA directory E:/Git-Repos/CNC-FPGA/Vitis3/CNC-PL8/hw
TRACE::2026-03-06.22:37:29::SCWPlatform:: Platform Path E:/Git-Repos/CNC-FPGA/Vitis3/CNC-PL8/hw/CNC_Top_wrapper.xsa
TRACE::2026-03-06.22:37:29::SCWPlatform:: Unique name xilinx:zedboard::0.0
TRACE::2026-03-06.22:37:29::SCWPlatform::Trying to set the existing hwdb with name CNC_Top_wrapper_27
TRACE::2026-03-06.22:37:29::SCWPlatform::Opened existing hwdb CNC_Top_wrapper_27
TRACE::2026-03-06.22:37:29::SCWPlatform::Found the Hw Db part of the input DSA
TRACE::2026-03-06.22:37:29::SCWMssOS::Checking the sw design at  E:/Git-Repos/CNC-FPGA/Vitis3/CNC-PL8/ps7_cortexa9_0/standalone_domain/bsp/system.mss
TRACE::2026-03-06.22:37:29::SCWMssOS::DEBUG:  swdes dump  E:/Git-Repos/CNC-FPGA/Vitis3/CNC-PL7/ps7_cortexa9_0/standalone_domain/bsp/system.mss|system||
E:/Git-Repos/CNC-FPGA/Vitis3/CNC-PL7/zynq_fsbl/zynq_fsbl_bsp/system.mss|system_2||

TRACE::2026-03-06.22:37:29::SCWMssOS::No sw design opened at  E:/Git-Repos/CNC-FPGA/Vitis3/CNC-PL8/ps7_cortexa9_0/standalone_domain/bsp/system.mss
TRACE::2026-03-06.22:37:29::SCWMssOS::mss exists loading the mss file  E:/Git-Repos/CNC-FPGA/Vitis3/CNC-PL8/ps7_cortexa9_0/standalone_domain/bsp/system.mss
TRACE::2026-03-06.22:37:29::SCWMssOS::Opened the sw design from mss  E:/Git-Repos/CNC-FPGA/Vitis3/CNC-PL8/ps7_cortexa9_0/standalone_domain/bsp/system.mss
TRACE::2026-03-06.22:37:29::SCWMssOS::Adding the swdes entry E:/Git-Repos/CNC-FPGA/Vitis3/CNC-PL8/ps7_cortexa9_0/standalone_domain/bsp/system.mss with des name system_0
TRACE::2026-03-06.22:37:29::SCWMssOS::updating the scw layer about changes
TRACE::2026-03-06.22:37:29::SCWMssOS::Opened the sw design.  E:/Git-Repos/CNC-FPGA/Vitis3/CNC-PL8/ps7_cortexa9_0/standalone_domain/bsp/system.mss
TRACE::2026-03-06.22:37:29::SCWMssOS::Saving the mss changes E:/Git-Repos/CNC-FPGA/Vitis3/CNC-PL8/ps7_cortexa9_0/standalone_domain/bsp/system.mss
TRACE::2026-03-06.22:37:29::SCWMssOS::Found a swdesign opened with the mssfile.
TRACE::2026-03-06.22:37:29::SCWMssOS::Completed writemss as part of save.
TRACE::2026-03-06.22:37:29::SCWMssOS::Commit changes completed.
TRACE::2026-03-06.22:37:29::SCWPlatform::Trying to open the hw design at E:/Git-Repos/CNC-FPGA/Vitis3/CNC-PL8/hw/CNC_Top_wrapper.xsa
TRACE::2026-03-06.22:37:29::SCWPlatform::DSA given E:/Git-Repos/CNC-FPGA/Vitis3/CNC-PL8/hw/CNC_Top_wrapper.xsa
TRACE::2026-03-06.22:37:29::SCWPlatform::DSA absoulate path E:/Git-Repos/CNC-FPGA/Vitis3/CNC-PL8/hw/CNC_Top_wrapper.xsa
TRACE::2026-03-06.22:37:29::SCWPlatform::DSA directory E:/Git-Repos/CNC-FPGA/Vitis3/CNC-PL8/hw
TRACE::2026-03-06.22:37:29::SCWPlatform:: Platform Path E:/Git-Repos/CNC-FPGA/Vitis3/CNC-PL8/hw/CNC_Top_wrapper.xsa
TRACE::2026-03-06.22:37:29::SCWPlatform:: Unique name xilinx:zedboard::0.0
TRACE::2026-03-06.22:37:29::SCWPlatform::Trying to set the existing hwdb with name CNC_Top_wrapper_27
TRACE::2026-03-06.22:37:29::SCWPlatform::Opened existing hwdb CNC_Top_wrapper_27
TRACE::2026-03-06.22:37:29::SCWPlatform::Found the Hw Db part of the input DSA
TRACE::2026-03-06.22:37:29::SCWMssOS::Checking the sw design at  E:/Git-Repos/CNC-FPGA/Vitis3/CNC-PL8/ps7_cortexa9_0/standalone_domain/bsp/system.mss
TRACE::2026-03-06.22:37:29::SCWMssOS::DEBUG:  swdes dump  E:/Git-Repos/CNC-FPGA/Vitis3/CNC-PL7/ps7_cortexa9_0/standalone_domain/bsp/system.mss|system||
E:/Git-Repos/CNC-FPGA/Vitis3/CNC-PL7/zynq_fsbl/zynq_fsbl_bsp/system.mss|system_2||
E:/Git-Repos/CNC-FPGA/Vitis3/CNC-PL8/ps7_cortexa9_0/standalone_domain/bsp/system.mss|system_0||

TRACE::2026-03-06.22:37:29::SCWMssOS::Sw design exists and opened at  E:/Git-Repos/CNC-FPGA/Vitis3/CNC-PL8/ps7_cortexa9_0/standalone_domain/bsp/system.mss
TRACE::2026-03-06.22:37:29::SCWMssOS::Removing the swdes entry for  E:/Git-Repos/CNC-FPGA/Vitis3/CNC-PL8/ps7_cortexa9_0/standalone_domain/bsp/system.mss
TRACE::2026-03-06.22:37:29::SCWPlatform::Trying to open the hw design at E:/Git-Repos/CNC-FPGA/Vitis3/CNC-PL8/hw/CNC_Top_wrapper.xsa
TRACE::2026-03-06.22:37:29::SCWPlatform::DSA given E:/Git-Repos/CNC-FPGA/Vitis3/CNC-PL8/hw/CNC_Top_wrapper.xsa
TRACE::2026-03-06.22:37:29::SCWPlatform::DSA absoulate path E:/Git-Repos/CNC-FPGA/Vitis3/CNC-PL8/hw/CNC_Top_wrapper.xsa
TRACE::2026-03-06.22:37:29::SCWPlatform::DSA directory E:/Git-Repos/CNC-FPGA/Vitis3/CNC-PL8/hw
TRACE::2026-03-06.22:37:29::SCWPlatform:: Platform Path E:/Git-Repos/CNC-FPGA/Vitis3/CNC-PL8/hw/CNC_Top_wrapper.xsa
TRACE::2026-03-06.22:37:29::SCWPlatform:: Unique name xilinx:zedboard::0.0
TRACE::2026-03-06.22:37:29::SCWPlatform::Trying to set the existing hwdb with name CNC_Top_wrapper_27
TRACE::2026-03-06.22:37:29::SCWPlatform::Opened existing hwdb CNC_Top_wrapper_27
TRACE::2026-03-06.22:37:29::SCWPlatform::Found the Hw Db part of the input DSA
TRACE::2026-03-06.22:37:29::SCWMssOS::Checking the sw design at  E:/Git-Repos/CNC-FPGA/Vitis3/CNC-PL8/ps7_cortexa9_0/standalone_domain/bsp/system.mss
TRACE::2026-03-06.22:37:29::SCWMssOS::DEBUG:  swdes dump  E:/Git-Repos/CNC-FPGA/Vitis3/CNC-PL7/ps7_cortexa9_0/standalone_domain/bsp/system.mss|system||
E:/Git-Repos/CNC-FPGA/Vitis3/CNC-PL7/zynq_fsbl/zynq_fsbl_bsp/system.mss|system_2||

TRACE::2026-03-06.22:37:29::SCWMssOS::No sw design opened at  E:/Git-Repos/CNC-FPGA/Vitis3/CNC-PL8/ps7_cortexa9_0/standalone_domain/bsp/system.mss
TRACE::2026-03-06.22:37:29::SCWMssOS::mss exists loading the mss file  E:/Git-Repos/CNC-FPGA/Vitis3/CNC-PL8/ps7_cortexa9_0/standalone_domain/bsp/system.mss
TRACE::2026-03-06.22:37:29::SCWMssOS::Opened the sw design from mss  E:/Git-Repos/CNC-FPGA/Vitis3/CNC-PL8/ps7_cortexa9_0/standalone_domain/bsp/system.mss
TRACE::2026-03-06.22:37:29::SCWMssOS::Adding the swdes entry E:/Git-Repos/CNC-FPGA/Vitis3/CNC-PL8/ps7_cortexa9_0/standalone_domain/bsp/system.mss with des name system_0
TRACE::2026-03-06.22:37:29::SCWMssOS::updating the scw layer about changes
TRACE::2026-03-06.22:37:29::SCWMssOS::Opened the sw design.  E:/Git-Repos/CNC-FPGA/Vitis3/CNC-PL8/ps7_cortexa9_0/standalone_domain/bsp/system.mss
TRACE::2026-03-06.22:37:32::SCWPlatform::Trying to open the hw design at E:/Git-Repos/CNC-FPGA/Vitis3/CNC-PL8/hw/CNC_Top_wrapper.xsa
TRACE::2026-03-06.22:37:32::SCWPlatform::DSA given E:/Git-Repos/CNC-FPGA/Vitis3/CNC-PL8/hw/CNC_Top_wrapper.xsa
TRACE::2026-03-06.22:37:32::SCWPlatform::DSA absoulate path E:/Git-Repos/CNC-FPGA/Vitis3/CNC-PL8/hw/CNC_Top_wrapper.xsa
TRACE::2026-03-06.22:37:32::SCWPlatform::DSA directory E:/Git-Repos/CNC-FPGA/Vitis3/CNC-PL8/hw
TRACE::2026-03-06.22:37:32::SCWPlatform:: Platform Path E:/Git-Repos/CNC-FPGA/Vitis3/CNC-PL8/hw/CNC_Top_wrapper.xsa
TRACE::2026-03-06.22:37:32::SCWPlatform:: Unique name xilinx:zedboard::0.0
TRACE::2026-03-06.22:37:32::SCWPlatform::Trying to set the existing hwdb with name CNC_Top_wrapper_27
TRACE::2026-03-06.22:37:32::SCWPlatform::Opened existing hwdb CNC_Top_wrapper_27
TRACE::2026-03-06.22:37:32::SCWPlatform::Found the Hw Db part of the input DSA
TRACE::2026-03-06.22:37:32::SCWMssOS::Checking the sw design at  E:/Git-Repos/CNC-FPGA/Vitis3/CNC-PL8/ps7_cortexa9_0/standalone_domain/bsp/system.mss
TRACE::2026-03-06.22:37:32::SCWMssOS::DEBUG:  swdes dump  E:/Git-Repos/CNC-FPGA/Vitis3/CNC-PL7/ps7_cortexa9_0/standalone_domain/bsp/system.mss|system||
E:/Git-Repos/CNC-FPGA/Vitis3/CNC-PL7/zynq_fsbl/zynq_fsbl_bsp/system.mss|system_2||
E:/Git-Repos/CNC-FPGA/Vitis3/CNC-PL8/ps7_cortexa9_0/standalone_domain/bsp/system.mss|system_0||

TRACE::2026-03-06.22:37:32::SCWMssOS::Sw design exists and opened at  E:/Git-Repos/CNC-FPGA/Vitis3/CNC-PL8/ps7_cortexa9_0/standalone_domain/bsp/system.mss
TRACE::2026-03-06.22:37:32::SCWMssOS::Adding Library:  xilffs:5.3
TRACE::2026-03-06.22:37:32::SCWMssOS::Added Library:  xilffs
TRACE::2026-03-06.22:37:32::SCWPlatform::Trying to open the hw design at E:/Git-Repos/CNC-FPGA/Vitis3/CNC-PL8/hw/CNC_Top_wrapper.xsa
TRACE::2026-03-06.22:37:32::SCWPlatform::DSA given E:/Git-Repos/CNC-FPGA/Vitis3/CNC-PL8/hw/CNC_Top_wrapper.xsa
TRACE::2026-03-06.22:37:32::SCWPlatform::DSA absoulate path E:/Git-Repos/CNC-FPGA/Vitis3/CNC-PL8/hw/CNC_Top_wrapper.xsa
TRACE::2026-03-06.22:37:32::SCWPlatform::DSA directory E:/Git-Repos/CNC-FPGA/Vitis3/CNC-PL8/hw
TRACE::2026-03-06.22:37:32::SCWPlatform:: Platform Path E:/Git-Repos/CNC-FPGA/Vitis3/CNC-PL8/hw/CNC_Top_wrapper.xsa
TRACE::2026-03-06.22:37:32::SCWPlatform:: Unique name xilinx:zedboard::0.0
TRACE::2026-03-06.22:37:32::SCWPlatform::Trying to set the existing hwdb with name CNC_Top_wrapper_27
TRACE::2026-03-06.22:37:32::SCWPlatform::Opened existing hwdb CNC_Top_wrapper_27
TRACE::2026-03-06.22:37:32::SCWPlatform::Found the Hw Db part of the input DSA
TRACE::2026-03-06.22:37:32::SCWMssOS::Checking the sw design at  E:/Git-Repos/CNC-FPGA/Vitis3/CNC-PL8/ps7_cortexa9_0/standalone_domain/bsp/system.mss
TRACE::2026-03-06.22:37:32::SCWMssOS::DEBUG:  swdes dump  E:/Git-Repos/CNC-FPGA/Vitis3/CNC-PL7/ps7_cortexa9_0/standalone_domain/bsp/system.mss|system||
E:/Git-Repos/CNC-FPGA/Vitis3/CNC-PL7/zynq_fsbl/zynq_fsbl_bsp/system.mss|system_2||
E:/Git-Repos/CNC-FPGA/Vitis3/CNC-PL8/ps7_cortexa9_0/standalone_domain/bsp/system.mss|system_0||

TRACE::2026-03-06.22:37:32::SCWMssOS::Sw design exists and opened at  E:/Git-Repos/CNC-FPGA/Vitis3/CNC-PL8/ps7_cortexa9_0/standalone_domain/bsp/system.mss
TRACE::2026-03-06.22:37:32::SCWPlatform::Trying to open the hw design at E:/Git-Repos/CNC-FPGA/Vitis3/CNC-PL8/hw/CNC_Top_wrapper.xsa
TRACE::2026-03-06.22:37:32::SCWPlatform::DSA given E:/Git-Repos/CNC-FPGA/Vitis3/CNC-PL8/hw/CNC_Top_wrapper.xsa
TRACE::2026-03-06.22:37:32::SCWPlatform::DSA absoulate path E:/Git-Repos/CNC-FPGA/Vitis3/CNC-PL8/hw/CNC_Top_wrapper.xsa
TRACE::2026-03-06.22:37:32::SCWPlatform::DSA directory E:/Git-Repos/CNC-FPGA/Vitis3/CNC-PL8/hw
TRACE::2026-03-06.22:37:32::SCWPlatform:: Platform Path E:/Git-Repos/CNC-FPGA/Vitis3/CNC-PL8/hw/CNC_Top_wrapper.xsa
TRACE::2026-03-06.22:37:32::SCWPlatform:: Unique name xilinx:zedboard::0.0
TRACE::2026-03-06.22:37:32::SCWPlatform::Trying to set the existing hwdb with name CNC_Top_wrapper_27
TRACE::2026-03-06.22:37:32::SCWPlatform::Opened existing hwdb CNC_Top_wrapper_27
TRACE::2026-03-06.22:37:32::SCWPlatform::Found the Hw Db part of the input DSA
TRACE::2026-03-06.22:37:32::SCWMssOS::Checking the sw design at  E:/Git-Repos/CNC-FPGA/Vitis3/CNC-PL8/ps7_cortexa9_0/standalone_domain/bsp/system.mss
TRACE::2026-03-06.22:37:32::SCWMssOS::DEBUG:  swdes dump  E:/Git-Repos/CNC-FPGA/Vitis3/CNC-PL7/ps7_cortexa9_0/standalone_domain/bsp/system.mss|system||
E:/Git-Repos/CNC-FPGA/Vitis3/CNC-PL7/zynq_fsbl/zynq_fsbl_bsp/system.mss|system_2||
E:/Git-Repos/CNC-FPGA/Vitis3/CNC-PL8/ps7_cortexa9_0/standalone_domain/bsp/system.mss|system_0||

TRACE::2026-03-06.22:37:32::SCWMssOS::Sw design exists and opened at  E:/Git-Repos/CNC-FPGA/Vitis3/CNC-PL8/ps7_cortexa9_0/standalone_domain/bsp/system.mss
TRACE::2026-03-06.22:37:32::SCWMssOS::Adding Library:  xiltimer:2.1
TRACE::2026-03-06.22:37:32::SCWMssOS::Added Library:  xiltimer
TRACE::2026-03-06.22:37:32::SCWPlatform::Trying to open the hw design at E:/Git-Repos/CNC-FPGA/Vitis3/CNC-PL8/hw/CNC_Top_wrapper.xsa
TRACE::2026-03-06.22:37:32::SCWPlatform::DSA given E:/Git-Repos/CNC-FPGA/Vitis3/CNC-PL8/hw/CNC_Top_wrapper.xsa
TRACE::2026-03-06.22:37:32::SCWPlatform::DSA absoulate path E:/Git-Repos/CNC-FPGA/Vitis3/CNC-PL8/hw/CNC_Top_wrapper.xsa
TRACE::2026-03-06.22:37:32::SCWPlatform::DSA directory E:/Git-Repos/CNC-FPGA/Vitis3/CNC-PL8/hw
TRACE::2026-03-06.22:37:32::SCWPlatform:: Platform Path E:/Git-Repos/CNC-FPGA/Vitis3/CNC-PL8/hw/CNC_Top_wrapper.xsa
TRACE::2026-03-06.22:37:32::SCWPlatform:: Unique name xilinx:zedboard::0.0
TRACE::2026-03-06.22:37:32::SCWPlatform::Trying to set the existing hwdb with name CNC_Top_wrapper_27
TRACE::2026-03-06.22:37:32::SCWPlatform::Opened existing hwdb CNC_Top_wrapper_27
TRACE::2026-03-06.22:37:32::SCWPlatform::Found the Hw Db part of the input DSA
TRACE::2026-03-06.22:37:32::SCWMssOS::Checking the sw design at  E:/Git-Repos/CNC-FPGA/Vitis3/CNC-PL8/ps7_cortexa9_0/standalone_domain/bsp/system.mss
TRACE::2026-03-06.22:37:32::SCWMssOS::DEBUG:  swdes dump  E:/Git-Repos/CNC-FPGA/Vitis3/CNC-PL7/ps7_cortexa9_0/standalone_domain/bsp/system.mss|system||
E:/Git-Repos/CNC-FPGA/Vitis3/CNC-PL7/zynq_fsbl/zynq_fsbl_bsp/system.mss|system_2||
E:/Git-Repos/CNC-FPGA/Vitis3/CNC-PL8/ps7_cortexa9_0/standalone_domain/bsp/system.mss|system_0||

TRACE::2026-03-06.22:37:32::SCWMssOS::Sw design exists and opened at  E:/Git-Repos/CNC-FPGA/Vitis3/CNC-PL8/ps7_cortexa9_0/standalone_domain/bsp/system.mss
TRACE::2026-03-06.22:37:35::SCWMssOS::Saving the mss changes E:/Git-Repos/CNC-FPGA/Vitis3/CNC-PL8/zynq_fsbl/zynq_fsbl_bsp/system.mss
TRACE::2026-03-06.22:37:35::SCWMssOS::Adding the swdes entry, mss present, able to open swdb E:/Git-Repos/CNC-FPGA/Vitis3/CNC-PL8/zynq_fsbl/zynq_fsbl_bsp/system.mss with des name system_1
TRACE::2026-03-06.22:37:35::SCWMssOS::Writing the mss file completed E:/Git-Repos/CNC-FPGA/Vitis3/CNC-PL8/zynq_fsbl/zynq_fsbl_bsp/system.mss
TRACE::2026-03-06.22:37:35::SCWMssOS::Commit changes completed.
TRACE::2026-03-06.22:37:35::SCWMssOS::Saving the mss changes E:/Git-Repos/CNC-FPGA/Vitis3/CNC-PL8/ps7_cortexa9_0/standalone_domain/bsp/system.mss
TRACE::2026-03-06.22:37:35::SCWMssOS::Found a swdesign opened with the mssfile.
TRACE::2026-03-06.22:37:35::SCWMssOS::Completed writemss as part of save.
TRACE::2026-03-06.22:37:35::SCWMssOS::Commit changes completed.
TRACE::2026-03-06.22:37:35::SCWPlatform::Trying to open the hw design at E:/Git-Repos/CNC-FPGA/Vitis3/CNC-PL8/hw/CNC_Top_wrapper.xsa
TRACE::2026-03-06.22:37:35::SCWPlatform::DSA given E:/Git-Repos/CNC-FPGA/Vitis3/CNC-PL8/hw/CNC_Top_wrapper.xsa
TRACE::2026-03-06.22:37:35::SCWPlatform::DSA absoulate path E:/Git-Repos/CNC-FPGA/Vitis3/CNC-PL8/hw/CNC_Top_wrapper.xsa
TRACE::2026-03-06.22:37:35::SCWPlatform::DSA directory E:/Git-Repos/CNC-FPGA/Vitis3/CNC-PL8/hw
TRACE::2026-03-06.22:37:35::SCWPlatform:: Platform Path E:/Git-Repos/CNC-FPGA/Vitis3/CNC-PL8/hw/CNC_Top_wrapper.xsa
TRACE::2026-03-06.22:37:35::SCWPlatform:: Unique name xilinx:zedboard::0.0
TRACE::2026-03-06.22:37:35::SCWPlatform::Trying to set the existing hwdb with name CNC_Top_wrapper_27
TRACE::2026-03-06.22:37:35::SCWPlatform::Opened existing hwdb CNC_Top_wrapper_27
TRACE::2026-03-06.22:37:35::SCWPlatform::Found the Hw Db part of the input DSA
TRACE::2026-03-06.22:37:35::SCWMssOS::Checking the sw design at  E:/Git-Repos/CNC-FPGA/Vitis3/CNC-PL8/zynq_fsbl/zynq_fsbl_bsp/system.mss
TRACE::2026-03-06.22:37:35::SCWMssOS::DEBUG:  swdes dump  E:/Git-Repos/CNC-FPGA/Vitis3/CNC-PL7/ps7_cortexa9_0/standalone_domain/bsp/system.mss|system||
E:/Git-Repos/CNC-FPGA/Vitis3/CNC-PL7/zynq_fsbl/zynq_fsbl_bsp/system.mss|system_2||
E:/Git-Repos/CNC-FPGA/Vitis3/CNC-PL8/ps7_cortexa9_0/standalone_domain/bsp/system.mss|system_0||
E:/Git-Repos/CNC-FPGA/Vitis3/CNC-PL8/zynq_fsbl/zynq_fsbl_bsp/system.mss|system_1||

TRACE::2026-03-06.22:37:35::SCWMssOS::Sw design exists and opened at  E:/Git-Repos/CNC-FPGA/Vitis3/CNC-PL8/zynq_fsbl/zynq_fsbl_bsp/system.mss
TRACE::2026-03-06.22:37:35::SCWPlatform::Trying to open the hw design at E:/Git-Repos/CNC-FPGA/Vitis3/CNC-PL8/hw/CNC_Top_wrapper.xsa
TRACE::2026-03-06.22:37:35::SCWPlatform::DSA given E:/Git-Repos/CNC-FPGA/Vitis3/CNC-PL8/hw/CNC_Top_wrapper.xsa
TRACE::2026-03-06.22:37:35::SCWPlatform::DSA absoulate path E:/Git-Repos/CNC-FPGA/Vitis3/CNC-PL8/hw/CNC_Top_wrapper.xsa
TRACE::2026-03-06.22:37:35::SCWPlatform::DSA directory E:/Git-Repos/CNC-FPGA/Vitis3/CNC-PL8/hw
TRACE::2026-03-06.22:37:35::SCWPlatform:: Platform Path E:/Git-Repos/CNC-FPGA/Vitis3/CNC-PL8/hw/CNC_Top_wrapper.xsa
TRACE::2026-03-06.22:37:35::SCWPlatform:: Unique name xilinx:zedboard::0.0
TRACE::2026-03-06.22:37:35::SCWPlatform::Trying to set the existing hwdb with name CNC_Top_wrapper_27
TRACE::2026-03-06.22:37:35::SCWPlatform::Opened existing hwdb CNC_Top_wrapper_27
TRACE::2026-03-06.22:37:35::SCWPlatform::Found the Hw Db part of the input DSA
TRACE::2026-03-06.22:37:35::SCWMssOS::Checking the sw design at  E:/Git-Repos/CNC-FPGA/Vitis3/CNC-PL8/ps7_cortexa9_0/standalone_domain/bsp/system.mss
TRACE::2026-03-06.22:37:35::SCWMssOS::DEBUG:  swdes dump  E:/Git-Repos/CNC-FPGA/Vitis3/CNC-PL7/ps7_cortexa9_0/standalone_domain/bsp/system.mss|system||
E:/Git-Repos/CNC-FPGA/Vitis3/CNC-PL7/zynq_fsbl/zynq_fsbl_bsp/system.mss|system_2||
E:/Git-Repos/CNC-FPGA/Vitis3/CNC-PL8/ps7_cortexa9_0/standalone_domain/bsp/system.mss|system_0||
E:/Git-Repos/CNC-FPGA/Vitis3/CNC-PL8/zynq_fsbl/zynq_fsbl_bsp/system.mss|system_1||

TRACE::2026-03-06.22:37:35::SCWMssOS::Sw design exists and opened at  E:/Git-Repos/CNC-FPGA/Vitis3/CNC-PL8/ps7_cortexa9_0/standalone_domain/bsp/system.mss
TRACE::2026-03-06.22:37:35::SCWWriter::formatted JSON is {
	"platformName":	"CNC-PL8",
	"sprVersion":	"2.0",
	"mode":	"gui",
	"dsaType":	"Fixed",
	"platformDesc":	"CNC-PL8",
	"platHandOff":	"E:/Git-Repos/CNC-FPGA/Zedboard-CNC/CNC_Top_wrapper.xsa",
	"platIntHandOff":	"<platformDir>/hw/CNC_Top_wrapper.xsa",
	"deviceType":	"zynq",
	"platIsPrebuiltAutogen":	"false",
	"platIsNoBootBsp":	"false",
	"hasFsblMakeHasChanges":	"false",
	"hasPmufwMakeHasChanges":	"false",
	"fsblExtraCompilerFlags":	"-MMD -MP       -mcpu=cortex-a9 -mfpu=vfpv3 -mfloat-abi=hard ",
	"platPreBuiltFlag":	false,
	"platformSamplesDir":	"",
	"platActiveSys":	"CNC-PL8",
	"systems":	[{
			"systemName":	"CNC-PL8",
			"systemDesc":	"CNC-PL8",
			"sysIsBootAutoGen":	"true",
			"systemDispName":	"CNC-PL8",
			"sysActiveDom":	"standalone_domain",
			"sysDefaultDom":	"standalone_domain",
			"domains":	[{
					"domainName":	"zynq_fsbl",
					"domainDispName":	"zynq_fsbl",
					"domainDesc":	"FSBL Application BSP - Auto Generated.",
					"processors":	"ps7_cortexa9_0",
					"os":	"standalone",
					"sdxOs":	"standalone",
					"debugEnable":	"",
					"domRuntimes":	["cpp"],
					"swRepo":	"",
					"mssOsVer":	"9.2",
					"mssFile":	"",
					"md5Digest":	"8e05dff6cf2b7a5e245cc7c2f785ee81",
					"compatibleApp":	"zynq_fsbl",
					"domType":	"bootDomain",
					"arch":	"32-bit",
					"appSettings":	{
						"appCompilerFlags":	"",
						"appLinkerFlags":	""
					},
					"addedLibs":	["xilffs:5.3", "xilrsa:1.8"],
					"libOptions":	{
						"libsContainingOptions":	[]
					},
					"prebuiltLibs":	{
						"prebuiltIncPath":	[],
						"prebuiltLibPath":	[]
					},
					"isolation":	{
					}
				}, {
					"domainName":	"standalone_domain",
					"domainDispName":	"standalone on ps7_cortexa9_0",
					"domainDesc":	"standalone_domain",
					"processors":	"ps7_cortexa9_0",
					"os":	"standalone",
					"sdxOs":	"standalone",
					"qemuArgs":	"<platformDir>/resources/CNC-PL8/standalone_domain/qemu_args.txt",
					"qemuData":	"<platformDir>/resources/CNC-PL8/standalone_domain/qemu",
					"debugEnable":	"False",
					"domRuntimes":	["cpp"],
					"swRepo":	"",
					"mssOsVer":	"9.2",
					"mssFile":	"",
					"md5Digest":	"aed75abb87964b40d6efb9b45e153c20",
					"compatibleApp":	"",
					"domType":	"mssDomain",
					"appSettings":	{
						"appCompilerFlags":	"",
						"appLinkerFlags":	""
					},
					"addedLibs":	["xilffs:5.3", "xiltimer:2.1"],
					"libOptions":	{
						"libsContainingOptions":	[]
					},
					"prebuiltLibs":	{
						"prebuiltIncPath":	[],
						"prebuiltLibPath":	[]
					},
					"isolation":	{
					}
				}]
		}]
}
TRACE::2026-03-06.22:37:35::SCWMssOS::Saving the mss changes E:/Git-Repos/CNC-FPGA/Vitis3/CNC-PL8/ps7_cortexa9_0/standalone_domain/bsp/system.mss
TRACE::2026-03-06.22:37:35::SCWMssOS::Found a swdesign opened with the mssfile.
TRACE::2026-03-06.22:37:35::SCWMssOS::Completed writemss as part of save.
TRACE::2026-03-06.22:37:35::SCWMssOS::Commit changes completed.
TRACE::2026-03-06.22:37:35::SCWPlatform::Trying to open the hw design at E:/Git-Repos/CNC-FPGA/Vitis3/CNC-PL8/hw/CNC_Top_wrapper.xsa
TRACE::2026-03-06.22:37:35::SCWPlatform::DSA given E:/Git-Repos/CNC-FPGA/Vitis3/CNC-PL8/hw/CNC_Top_wrapper.xsa
TRACE::2026-03-06.22:37:35::SCWPlatform::DSA absoulate path E:/Git-Repos/CNC-FPGA/Vitis3/CNC-PL8/hw/CNC_Top_wrapper.xsa
TRACE::2026-03-06.22:37:35::SCWPlatform::DSA directory E:/Git-Repos/CNC-FPGA/Vitis3/CNC-PL8/hw
TRACE::2026-03-06.22:37:35::SCWPlatform:: Platform Path E:/Git-Repos/CNC-FPGA/Vitis3/CNC-PL8/hw/CNC_Top_wrapper.xsa
TRACE::2026-03-06.22:37:35::SCWPlatform:: Unique name xilinx:zedboard::0.0
TRACE::2026-03-06.22:37:35::SCWPlatform::Trying to set the existing hwdb with name CNC_Top_wrapper_27
TRACE::2026-03-06.22:37:35::SCWPlatform::Opened existing hwdb CNC_Top_wrapper_27
TRACE::2026-03-06.22:37:35::SCWPlatform::Found the Hw Db part of the input DSA
TRACE::2026-03-06.22:37:35::SCWMssOS::Checking the sw design at  E:/Git-Repos/CNC-FPGA/Vitis3/CNC-PL8/ps7_cortexa9_0/standalone_domain/bsp/system.mss
TRACE::2026-03-06.22:37:35::SCWMssOS::DEBUG:  swdes dump  E:/Git-Repos/CNC-FPGA/Vitis3/CNC-PL7/ps7_cortexa9_0/standalone_domain/bsp/system.mss|system||
E:/Git-Repos/CNC-FPGA/Vitis3/CNC-PL7/zynq_fsbl/zynq_fsbl_bsp/system.mss|system_2||
E:/Git-Repos/CNC-FPGA/Vitis3/CNC-PL8/ps7_cortexa9_0/standalone_domain/bsp/system.mss|system_0||
E:/Git-Repos/CNC-FPGA/Vitis3/CNC-PL8/zynq_fsbl/zynq_fsbl_bsp/system.mss|system_1||

TRACE::2026-03-06.22:37:35::SCWMssOS::Sw design exists and opened at  E:/Git-Repos/CNC-FPGA/Vitis3/CNC-PL8/ps7_cortexa9_0/standalone_domain/bsp/system.mss
TRACE::2026-03-06.22:37:35::SCWMssOS::Removing the swdes entry for  E:/Git-Repos/CNC-FPGA/Vitis3/CNC-PL8/ps7_cortexa9_0/standalone_domain/bsp/system.mss
TRACE::2026-03-06.22:37:35::SCWMssOS::In reload Mss file.
TRACE::2026-03-06.22:37:35::SCWPlatform::Trying to open the hw design at E:/Git-Repos/CNC-FPGA/Vitis3/CNC-PL8/hw/CNC_Top_wrapper.xsa
TRACE::2026-03-06.22:37:35::SCWPlatform::DSA given E:/Git-Repos/CNC-FPGA/Vitis3/CNC-PL8/hw/CNC_Top_wrapper.xsa
TRACE::2026-03-06.22:37:35::SCWPlatform::DSA absoulate path E:/Git-Repos/CNC-FPGA/Vitis3/CNC-PL8/hw/CNC_Top_wrapper.xsa
TRACE::2026-03-06.22:37:35::SCWPlatform::DSA directory E:/Git-Repos/CNC-FPGA/Vitis3/CNC-PL8/hw
TRACE::2026-03-06.22:37:35::SCWPlatform:: Platform Path E:/Git-Repos/CNC-FPGA/Vitis3/CNC-PL8/hw/CNC_Top_wrapper.xsa
TRACE::2026-03-06.22:37:35::SCWPlatform:: Unique name xilinx:zedboard::0.0
TRACE::2026-03-06.22:37:35::SCWPlatform::Trying to set the existing hwdb with name CNC_Top_wrapper_27
TRACE::2026-03-06.22:37:35::SCWPlatform::Opened existing hwdb CNC_Top_wrapper_27
TRACE::2026-03-06.22:37:35::SCWPlatform::Found the Hw Db part of the input DSA
TRACE::2026-03-06.22:37:35::SCWMssOS::Checking the sw design at  E:/Git-Repos/CNC-FPGA/Vitis3/CNC-PL8/ps7_cortexa9_0/standalone_domain/bsp/system.mss
TRACE::2026-03-06.22:37:35::SCWMssOS::DEBUG:  swdes dump  E:/Git-Repos/CNC-FPGA/Vitis3/CNC-PL7/ps7_cortexa9_0/standalone_domain/bsp/system.mss|system||
E:/Git-Repos/CNC-FPGA/Vitis3/CNC-PL7/zynq_fsbl/zynq_fsbl_bsp/system.mss|system_2||
E:/Git-Repos/CNC-FPGA/Vitis3/CNC-PL8/zynq_fsbl/zynq_fsbl_bsp/system.mss|system_1||

TRACE::2026-03-06.22:37:35::SCWMssOS::No sw design opened at  E:/Git-Repos/CNC-FPGA/Vitis3/CNC-PL8/ps7_cortexa9_0/standalone_domain/bsp/system.mss
TRACE::2026-03-06.22:37:35::SCWMssOS::mss exists loading the mss file  E:/Git-Repos/CNC-FPGA/Vitis3/CNC-PL8/ps7_cortexa9_0/standalone_domain/bsp/system.mss
TRACE::2026-03-06.22:37:35::SCWMssOS::Opened the sw design from mss  E:/Git-Repos/CNC-FPGA/Vitis3/CNC-PL8/ps7_cortexa9_0/standalone_domain/bsp/system.mss
TRACE::2026-03-06.22:37:35::SCWMssOS::Adding the swdes entry E:/Git-Repos/CNC-FPGA/Vitis3/CNC-PL8/ps7_cortexa9_0/standalone_domain/bsp/system.mss with des name system_0
TRACE::2026-03-06.22:37:35::SCWMssOS::updating the scw layer about changes
TRACE::2026-03-06.22:37:35::SCWMssOS::Opened the sw design.  E:/Git-Repos/CNC-FPGA/Vitis3/CNC-PL8/ps7_cortexa9_0/standalone_domain/bsp/system.mss
TRACE::2026-03-06.22:37:35::SCWPlatform::Trying to open the hw design at E:/Git-Repos/CNC-FPGA/Vitis3/CNC-PL8/hw/CNC_Top_wrapper.xsa
TRACE::2026-03-06.22:37:35::SCWPlatform::DSA given E:/Git-Repos/CNC-FPGA/Vitis3/CNC-PL8/hw/CNC_Top_wrapper.xsa
TRACE::2026-03-06.22:37:35::SCWPlatform::DSA absoulate path E:/Git-Repos/CNC-FPGA/Vitis3/CNC-PL8/hw/CNC_Top_wrapper.xsa
TRACE::2026-03-06.22:37:35::SCWPlatform::DSA directory E:/Git-Repos/CNC-FPGA/Vitis3/CNC-PL8/hw
TRACE::2026-03-06.22:37:35::SCWPlatform:: Platform Path E:/Git-Repos/CNC-FPGA/Vitis3/CNC-PL8/hw/CNC_Top_wrapper.xsa
TRACE::2026-03-06.22:37:35::SCWPlatform:: Unique name xilinx:zedboard::0.0
TRACE::2026-03-06.22:37:35::SCWPlatform::Trying to set the existing hwdb with name CNC_Top_wrapper_27
TRACE::2026-03-06.22:37:35::SCWPlatform::Opened existing hwdb CNC_Top_wrapper_27
TRACE::2026-03-06.22:37:35::SCWPlatform::Found the Hw Db part of the input DSA
TRACE::2026-03-06.22:37:35::SCWMssOS::Checking the sw design at  E:/Git-Repos/CNC-FPGA/Vitis3/CNC-PL8/ps7_cortexa9_0/standalone_domain/bsp/system.mss
TRACE::2026-03-06.22:37:35::SCWMssOS::DEBUG:  swdes dump  E:/Git-Repos/CNC-FPGA/Vitis3/CNC-PL7/ps7_cortexa9_0/standalone_domain/bsp/system.mss|system||
E:/Git-Repos/CNC-FPGA/Vitis3/CNC-PL7/zynq_fsbl/zynq_fsbl_bsp/system.mss|system_2||
E:/Git-Repos/CNC-FPGA/Vitis3/CNC-PL8/ps7_cortexa9_0/standalone_domain/bsp/system.mss|system_0||
E:/Git-Repos/CNC-FPGA/Vitis3/CNC-PL8/zynq_fsbl/zynq_fsbl_bsp/system.mss|system_1||

TRACE::2026-03-06.22:37:35::SCWMssOS::Sw design exists and opened at  E:/Git-Repos/CNC-FPGA/Vitis3/CNC-PL8/ps7_cortexa9_0/standalone_domain/bsp/system.mss
TRACE::2026-03-06.22:37:35::SCWMssOS:: library already available in sw design:  xilffs:5.3
TRACE::2026-03-06.22:37:35::SCWPlatform::Trying to open the hw design at E:/Git-Repos/CNC-FPGA/Vitis3/CNC-PL8/hw/CNC_Top_wrapper.xsa
TRACE::2026-03-06.22:37:35::SCWPlatform::DSA given E:/Git-Repos/CNC-FPGA/Vitis3/CNC-PL8/hw/CNC_Top_wrapper.xsa
TRACE::2026-03-06.22:37:35::SCWPlatform::DSA absoulate path E:/Git-Repos/CNC-FPGA/Vitis3/CNC-PL8/hw/CNC_Top_wrapper.xsa
TRACE::2026-03-06.22:37:35::SCWPlatform::DSA directory E:/Git-Repos/CNC-FPGA/Vitis3/CNC-PL8/hw
TRACE::2026-03-06.22:37:35::SCWPlatform:: Platform Path E:/Git-Repos/CNC-FPGA/Vitis3/CNC-PL8/hw/CNC_Top_wrapper.xsa
TRACE::2026-03-06.22:37:35::SCWPlatform:: Unique name xilinx:zedboard::0.0
TRACE::2026-03-06.22:37:35::SCWPlatform::Trying to set the existing hwdb with name CNC_Top_wrapper_27
TRACE::2026-03-06.22:37:35::SCWPlatform::Opened existing hwdb CNC_Top_wrapper_27
TRACE::2026-03-06.22:37:35::SCWPlatform::Found the Hw Db part of the input DSA
TRACE::2026-03-06.22:37:35::SCWMssOS::Checking the sw design at  E:/Git-Repos/CNC-FPGA/Vitis3/CNC-PL8/ps7_cortexa9_0/standalone_domain/bsp/system.mss
TRACE::2026-03-06.22:37:35::SCWMssOS::DEBUG:  swdes dump  E:/Git-Repos/CNC-FPGA/Vitis3/CNC-PL7/ps7_cortexa9_0/standalone_domain/bsp/system.mss|system||
E:/Git-Repos/CNC-FPGA/Vitis3/CNC-PL7/zynq_fsbl/zynq_fsbl_bsp/system.mss|system_2||
E:/Git-Repos/CNC-FPGA/Vitis3/CNC-PL8/ps7_cortexa9_0/standalone_domain/bsp/system.mss|system_0||
E:/Git-Repos/CNC-FPGA/Vitis3/CNC-PL8/zynq_fsbl/zynq_fsbl_bsp/system.mss|system_1||

TRACE::2026-03-06.22:37:35::SCWMssOS::Sw design exists and opened at  E:/Git-Repos/CNC-FPGA/Vitis3/CNC-PL8/ps7_cortexa9_0/standalone_domain/bsp/system.mss
TRACE::2026-03-06.22:37:35::SCWMssOS:: library already available in sw design:  xiltimer:2.1
TRACE::2026-03-06.22:37:35::SCWMssOS::Saving the mss changes E:/Git-Repos/CNC-FPGA/Vitis3/CNC-PL8/ps7_cortexa9_0/standalone_domain/bsp/system.mss
TRACE::2026-03-06.22:37:35::SCWMssOS::Found a swdesign opened with the mssfile.
TRACE::2026-03-06.22:37:35::SCWMssOS::Completed writemss as part of save.
TRACE::2026-03-06.22:37:35::SCWMssOS::Commit changes completed.
TRACE::2026-03-06.22:37:35::SCWPlatform::Trying to open the hw design at E:/Git-Repos/CNC-FPGA/Vitis3/CNC-PL8/hw/CNC_Top_wrapper.xsa
TRACE::2026-03-06.22:37:35::SCWPlatform::DSA given E:/Git-Repos/CNC-FPGA/Vitis3/CNC-PL8/hw/CNC_Top_wrapper.xsa
TRACE::2026-03-06.22:37:35::SCWPlatform::DSA absoulate path E:/Git-Repos/CNC-FPGA/Vitis3/CNC-PL8/hw/CNC_Top_wrapper.xsa
TRACE::2026-03-06.22:37:35::SCWPlatform::DSA directory E:/Git-Repos/CNC-FPGA/Vitis3/CNC-PL8/hw
TRACE::2026-03-06.22:37:35::SCWPlatform:: Platform Path E:/Git-Repos/CNC-FPGA/Vitis3/CNC-PL8/hw/CNC_Top_wrapper.xsa
TRACE::2026-03-06.22:37:35::SCWPlatform:: Unique name xilinx:zedboard::0.0
TRACE::2026-03-06.22:37:35::SCWPlatform::Trying to set the existing hwdb with name CNC_Top_wrapper_27
TRACE::2026-03-06.22:37:35::SCWPlatform::Opened existing hwdb CNC_Top_wrapper_27
TRACE::2026-03-06.22:37:35::SCWPlatform::Found the Hw Db part of the input DSA
TRACE::2026-03-06.22:37:35::SCWMssOS::Checking the sw design at  E:/Git-Repos/CNC-FPGA/Vitis3/CNC-PL8/ps7_cortexa9_0/standalone_domain/bsp/system.mss
TRACE::2026-03-06.22:37:35::SCWMssOS::DEBUG:  swdes dump  E:/Git-Repos/CNC-FPGA/Vitis3/CNC-PL7/ps7_cortexa9_0/standalone_domain/bsp/system.mss|system||
E:/Git-Repos/CNC-FPGA/Vitis3/CNC-PL7/zynq_fsbl/zynq_fsbl_bsp/system.mss|system_2||
E:/Git-Repos/CNC-FPGA/Vitis3/CNC-PL8/ps7_cortexa9_0/standalone_domain/bsp/system.mss|system_0||
E:/Git-Repos/CNC-FPGA/Vitis3/CNC-PL8/zynq_fsbl/zynq_fsbl_bsp/system.mss|system_1||

TRACE::2026-03-06.22:37:35::SCWMssOS::Sw design exists and opened at  E:/Git-Repos/CNC-FPGA/Vitis3/CNC-PL8/ps7_cortexa9_0/standalone_domain/bsp/system.mss
TRACE::2026-03-06.22:37:35::SCWMssOS::Removing the swdes entry for  E:/Git-Repos/CNC-FPGA/Vitis3/CNC-PL8/ps7_cortexa9_0/standalone_domain/bsp/system.mss
TRACE::2026-03-06.22:37:35::SCWPlatform::Trying to open the hw design at E:/Git-Repos/CNC-FPGA/Vitis3/CNC-PL8/hw/CNC_Top_wrapper.xsa
TRACE::2026-03-06.22:37:35::SCWPlatform::DSA given E:/Git-Repos/CNC-FPGA/Vitis3/CNC-PL8/hw/CNC_Top_wrapper.xsa
TRACE::2026-03-06.22:37:35::SCWPlatform::DSA absoulate path E:/Git-Repos/CNC-FPGA/Vitis3/CNC-PL8/hw/CNC_Top_wrapper.xsa
TRACE::2026-03-06.22:37:35::SCWPlatform::DSA directory E:/Git-Repos/CNC-FPGA/Vitis3/CNC-PL8/hw
TRACE::2026-03-06.22:37:35::SCWPlatform:: Platform Path E:/Git-Repos/CNC-FPGA/Vitis3/CNC-PL8/hw/CNC_Top_wrapper.xsa
TRACE::2026-03-06.22:37:35::SCWPlatform:: Unique name xilinx:zedboard::0.0
TRACE::2026-03-06.22:37:35::SCWPlatform::Trying to set the existing hwdb with name CNC_Top_wrapper_27
TRACE::2026-03-06.22:37:35::SCWPlatform::Opened existing hwdb CNC_Top_wrapper_27
TRACE::2026-03-06.22:37:35::SCWPlatform::Found the Hw Db part of the input DSA
TRACE::2026-03-06.22:37:35::SCWMssOS::Checking the sw design at  E:/Git-Repos/CNC-FPGA/Vitis3/CNC-PL8/ps7_cortexa9_0/standalone_domain/bsp/system.mss
TRACE::2026-03-06.22:37:35::SCWMssOS::DEBUG:  swdes dump  E:/Git-Repos/CNC-FPGA/Vitis3/CNC-PL7/ps7_cortexa9_0/standalone_domain/bsp/system.mss|system||
E:/Git-Repos/CNC-FPGA/Vitis3/CNC-PL7/zynq_fsbl/zynq_fsbl_bsp/system.mss|system_2||
E:/Git-Repos/CNC-FPGA/Vitis3/CNC-PL8/zynq_fsbl/zynq_fsbl_bsp/system.mss|system_1||

TRACE::2026-03-06.22:37:35::SCWMssOS::No sw design opened at  E:/Git-Repos/CNC-FPGA/Vitis3/CNC-PL8/ps7_cortexa9_0/standalone_domain/bsp/system.mss
TRACE::2026-03-06.22:37:35::SCWMssOS::mss exists loading the mss file  E:/Git-Repos/CNC-FPGA/Vitis3/CNC-PL8/ps7_cortexa9_0/standalone_domain/bsp/system.mss
TRACE::2026-03-06.22:37:35::SCWMssOS::Opened the sw design from mss  E:/Git-Repos/CNC-FPGA/Vitis3/CNC-PL8/ps7_cortexa9_0/standalone_domain/bsp/system.mss
TRACE::2026-03-06.22:37:35::SCWMssOS::Adding the swdes entry E:/Git-Repos/CNC-FPGA/Vitis3/CNC-PL8/ps7_cortexa9_0/standalone_domain/bsp/system.mss with des name system_0
TRACE::2026-03-06.22:37:35::SCWMssOS::updating the scw layer about changes
TRACE::2026-03-06.22:37:35::SCWMssOS::Opened the sw design.  E:/Git-Repos/CNC-FPGA/Vitis3/CNC-PL8/ps7_cortexa9_0/standalone_domain/bsp/system.mss
TRACE::2026-03-06.22:37:35::SCWMssOS::Completed writing the mss file at E:/Git-Repos/CNC-FPGA/Vitis3/CNC-PL8/ps7_cortexa9_0/standalone_domain/bsp
TRACE::2026-03-06.22:37:36::SCWMssOS::Forcing BSP Sources regeneration.
KEYINFO::2026-03-06.22:37:37::SCWMssOS::Removing file E:/Git-Repos/CNC-FPGA/Vitis3/CNC-PL8/ps7_cortexa9_0/standalone_domain/bsp\system_0.mss
LOG::2026-03-06.22:38:19::SCWPlatform::Started generating the artifacts platform CNC-PL8
TRACE::2026-03-06.22:38:19::SCWPlatform::Sanity checking of platform is completed
LOG::2026-03-06.22:38:19::SCWPlatform::Started generating the artifacts for system configuration CNC-PL8
LOG::2026-03-06.22:38:19::SCWSystem::Checking the domain zynq_fsbl
LOG::2026-03-06.22:38:19::SCWSystem::Doing application build for :  zynq_fsbl
TRACE::2026-03-06.22:38:19::SCWBDomain::Not a forced makefile updation, No changes are present. 
TRACE::2026-03-06.22:38:19::SCWDomain::Building the domain as part of full build :  zynq_fsbl
TRACE::2026-03-06.22:38:19::SCWPlatform::Trying to open the hw design at E:/Git-Repos/CNC-FPGA/Vitis3/CNC-PL8/hw/CNC_Top_wrapper.xsa
TRACE::2026-03-06.22:38:19::SCWPlatform::DSA given E:/Git-Repos/CNC-FPGA/Vitis3/CNC-PL8/hw/CNC_Top_wrapper.xsa
TRACE::2026-03-06.22:38:19::SCWPlatform::DSA absoulate path E:/Git-Repos/CNC-FPGA/Vitis3/CNC-PL8/hw/CNC_Top_wrapper.xsa
TRACE::2026-03-06.22:38:19::SCWPlatform::DSA directory E:/Git-Repos/CNC-FPGA/Vitis3/CNC-PL8/hw
TRACE::2026-03-06.22:38:19::SCWPlatform:: Platform Path E:/Git-Repos/CNC-FPGA/Vitis3/CNC-PL8/hw/CNC_Top_wrapper.xsa
TRACE::2026-03-06.22:38:19::SCWPlatform:: Unique name xilinx:zedboard::0.0
TRACE::2026-03-06.22:38:19::SCWPlatform::Trying to set the existing hwdb with name CNC_Top_wrapper_27
TRACE::2026-03-06.22:38:19::SCWPlatform::Opened existing hwdb CNC_Top_wrapper_27
TRACE::2026-03-06.22:38:19::SCWPlatform::Found the Hw Db part of the input DSA
TRACE::2026-03-06.22:38:19::SCWMssOS::Checking the sw design at  E:/Git-Repos/CNC-FPGA/Vitis3/CNC-PL8/zynq_fsbl/zynq_fsbl_bsp/system.mss
TRACE::2026-03-06.22:38:19::SCWMssOS::DEBUG:  swdes dump  E:/Git-Repos/CNC-FPGA/Vitis3/CNC-PL7/ps7_cortexa9_0/standalone_domain/bsp/system.mss|system||
E:/Git-Repos/CNC-FPGA/Vitis3/CNC-PL7/zynq_fsbl/zynq_fsbl_bsp/system.mss|system_2||
E:/Git-Repos/CNC-FPGA/Vitis3/CNC-PL8/zynq_fsbl/zynq_fsbl_bsp/system.mss|system_1||

TRACE::2026-03-06.22:38:19::SCWMssOS::Sw design exists and opened at  E:/Git-Repos/CNC-FPGA/Vitis3/CNC-PL8/zynq_fsbl/zynq_fsbl_bsp/system.mss
TRACE::2026-03-06.22:38:19::SCWBDomain::Completed writing the mss file at E:/Git-Repos/CNC-FPGA/Vitis3/CNC-PL8/zynq_fsbl/zynq_fsbl_bsp
TRACE::2026-03-06.22:38:19::SCWBDomain::bsp generated is upto date with the mss file. Skipping bsp generation.
TRACE::2026-03-06.22:38:19::SCWBDomain::Not a forced makefile updation, No changes are present. 
TRACE::2026-03-06.22:38:19::SCWBDomain::System Command Ran  E:&  cd  E:/Git-Repos/CNC-FPGA/Vitis3/CNC-PL8/zynq_fsbl& make -C  zynq_fsbl_bsp & make 
TRACE::2026-03-06.22:38:19::SCWBDomain::make: Entering directory 'E:/Git-Repos/CNC-FPGA/Vitis3/CNC-PL8/zynq_fsbl/zynq_fsbl_bsp'

TRACE::2026-03-06.22:38:19::SCWBDomain::make --no-print-directory seq_libs

TRACE::2026-03-06.22:38:20::SCWBDomain::"Running Make include in ps7_cortexa9_0/libsrc/coresightps_dcc_v1_11/src"

TRACE::2026-03-06.22:38:20::SCWBDomain::make -C ps7_cortexa9_0/libsrc/coresightps_dcc_v1_11/src -s include  "SHELL=CMD" "COMPILER=arm-none-eabi-gcc" "ASSEMBLER=arm-non
TRACE::2026-03-06.22:38:20::SCWBDomain::e-eabi-as" "ARCHIVER=arm-none-eabi-ar" "COMPILER_FLAGS=  -O2 -c" "EXTRA_COMPILER_FLAGS=-mcpu=cortex-a9 -mfpu=vfpv3 -mfloat-abi=
TRACE::2026-03-06.22:38:20::SCWBDomain::hard -nostartfiles -g -Wall -Wextra -fno-tree-loop-distribute-patterns"

TRACE::2026-03-06.22:38:20::SCWBDomain::"Running Make include in ps7_cortexa9_0/libsrc/cpu_cortexa9_v2_12/src"

TRACE::2026-03-06.22:38:20::SCWBDomain::make -C ps7_cortexa9_0/libsrc/cpu_cortexa9_v2_12/src -s include  "SHELL=CMD" "COMPILER=arm-none-eabi-gcc" "ASSEMBLER=arm-none-e
TRACE::2026-03-06.22:38:20::SCWBDomain::abi-as" "ARCHIVER=arm-none-eabi-ar" "COMPILER_FLAGS=  -O2 -c" "EXTRA_COMPILER_FLAGS=-mcpu=cortex-a9 -mfpu=vfpv3 -mfloat-abi=har
TRACE::2026-03-06.22:38:20::SCWBDomain::d -nostartfiles -g -Wall -Wextra -fno-tree-loop-distribute-patterns"

TRACE::2026-03-06.22:38:20::SCWBDomain::"Running Make include in ps7_cortexa9_0/libsrc/ddrps_v1_2/src"

TRACE::2026-03-06.22:38:20::SCWBDomain::make -C ps7_cortexa9_0/libsrc/ddrps_v1_2/src -s include  "SHELL=CMD" "COMPILER=arm-none-eabi-gcc" "ASSEMBLER=arm-none-eabi-as" 
TRACE::2026-03-06.22:38:20::SCWBDomain::"ARCHIVER=arm-none-eabi-ar" "COMPILER_FLAGS=  -O2 -c" "EXTRA_COMPILER_FLAGS=-mcpu=cortex-a9 -mfpu=vfpv3 -mfloat-abi=hard -nosta
TRACE::2026-03-06.22:38:20::SCWBDomain::rtfiles -g -Wall -Wextra -fno-tree-loop-distribute-patterns"

TRACE::2026-03-06.22:38:20::SCWBDomain::"Running Make include in ps7_cortexa9_0/libsrc/devcfg_v3_8/src"

TRACE::2026-03-06.22:38:20::SCWBDomain::make -C ps7_cortexa9_0/libsrc/devcfg_v3_8/src -s include  "SHELL=CMD" "COMPILER=arm-none-eabi-gcc" "ASSEMBLER=arm-none-eabi-as"
TRACE::2026-03-06.22:38:20::SCWBDomain:: "ARCHIVER=arm-none-eabi-ar" "COMPILER_FLAGS=  -O2 -c" "EXTRA_COMPILER_FLAGS=-mcpu=cortex-a9 -mfpu=vfpv3 -mfloat-abi=hard -nost
TRACE::2026-03-06.22:38:20::SCWBDomain::artfiles -g -Wall -Wextra -fno-tree-loop-distribute-patterns"

TRACE::2026-03-06.22:38:20::SCWBDomain::"Running Make include in ps7_cortexa9_0/libsrc/dmaps_v2_11/src"

TRACE::2026-03-06.22:38:20::SCWBDomain::make -C ps7_cortexa9_0/libsrc/dmaps_v2_11/src -s include  "SHELL=CMD" "COMPILER=arm-none-eabi-gcc" "ASSEMBLER=arm-none-eabi-as"
TRACE::2026-03-06.22:38:20::SCWBDomain:: "ARCHIVER=arm-none-eabi-ar" "COMPILER_FLAGS=  -O2 -c" "EXTRA_COMPILER_FLAGS=-mcpu=cortex-a9 -mfpu=vfpv3 -mfloat-abi=hard -nost
TRACE::2026-03-06.22:38:20::SCWBDomain::artfiles -g -Wall -Wextra -fno-tree-loop-distribute-patterns"

TRACE::2026-03-06.22:38:20::SCWBDomain::"Running Make include in ps7_cortexa9_0/libsrc/emacps_v3_21/src"

TRACE::2026-03-06.22:38:20::SCWBDomain::make -C ps7_cortexa9_0/libsrc/emacps_v3_21/src -s include  "SHELL=CMD" "COMPILER=arm-none-eabi-gcc" "ASSEMBLER=arm-none-eabi-as
TRACE::2026-03-06.22:38:20::SCWBDomain::" "ARCHIVER=arm-none-eabi-ar" "COMPILER_FLAGS=  -O2 -c" "EXTRA_COMPILER_FLAGS=-mcpu=cortex-a9 -mfpu=vfpv3 -mfloat-abi=hard -nos
TRACE::2026-03-06.22:38:20::SCWBDomain::tartfiles -g -Wall -Wextra -fno-tree-loop-distribute-patterns"

TRACE::2026-03-06.22:38:20::SCWBDomain::"Running Make include in ps7_cortexa9_0/libsrc/gpiops_v3_13/src"

TRACE::2026-03-06.22:38:20::SCWBDomain::make -C ps7_cortexa9_0/libsrc/gpiops_v3_13/src -s include  "SHELL=CMD" "COMPILER=arm-none-eabi-gcc" "ASSEMBLER=arm-none-eabi-as
TRACE::2026-03-06.22:38:20::SCWBDomain::" "ARCHIVER=arm-none-eabi-ar" "COMPILER_FLAGS=  -O2 -c" "EXTRA_COMPILER_FLAGS=-mcpu=cortex-a9 -mfpu=vfpv3 -mfloat-abi=hard -nos
TRACE::2026-03-06.22:38:20::SCWBDomain::tartfiles -g -Wall -Wextra -fno-tree-loop-distribute-patterns"

TRACE::2026-03-06.22:38:20::SCWBDomain::"Running Make include in ps7_cortexa9_0/libsrc/gpio_v4_12/src"

TRACE::2026-03-06.22:38:20::SCWBDomain::make -C ps7_cortexa9_0/libsrc/gpio_v4_12/src -s include  "SHELL=CMD" "COMPILER=arm-none-eabi-gcc" "ASSEMBLER=arm-none-eabi-as" 
TRACE::2026-03-06.22:38:20::SCWBDomain::"ARCHIVER=arm-none-eabi-ar" "COMPILER_FLAGS=  -O2 -c" "EXTRA_COMPILER_FLAGS=-mcpu=cortex-a9 -mfpu=vfpv3 -mfloat-abi=hard -nosta
TRACE::2026-03-06.22:38:20::SCWBDomain::rtfiles -g -Wall -Wextra -fno-tree-loop-distribute-patterns"

TRACE::2026-03-06.22:38:21::SCWBDomain::"Running Make include in ps7_cortexa9_0/libsrc/qspips_v3_13/src"

TRACE::2026-03-06.22:38:21::SCWBDomain::make -C ps7_cortexa9_0/libsrc/qspips_v3_13/src -s include  "SHELL=CMD" "COMPILER=arm-none-eabi-gcc" "ASSEMBLER=arm-none-eabi-as
TRACE::2026-03-06.22:38:21::SCWBDomain::" "ARCHIVER=arm-none-eabi-ar" "COMPILER_FLAGS=  -O2 -c" "EXTRA_COMPILER_FLAGS=-mcpu=cortex-a9 -mfpu=vfpv3 -mfloat-abi=hard -nos
TRACE::2026-03-06.22:38:21::SCWBDomain::tartfiles -g -Wall -Wextra -fno-tree-loop-distribute-patterns"

TRACE::2026-03-06.22:38:21::SCWBDomain::"Running Make include in ps7_cortexa9_0/libsrc/scugic_v5_4/src"

TRACE::2026-03-06.22:38:21::SCWBDomain::make -C ps7_cortexa9_0/libsrc/scugic_v5_4/src -s include  "SHELL=CMD" "COMPILER=arm-none-eabi-gcc" "ASSEMBLER=arm-none-eabi-as"
TRACE::2026-03-06.22:38:21::SCWBDomain:: "ARCHIVER=arm-none-eabi-ar" "COMPILER_FLAGS=  -O2 -c" "EXTRA_COMPILER_FLAGS=-mcpu=cortex-a9 -mfpu=vfpv3 -mfloat-abi=hard -nost
TRACE::2026-03-06.22:38:21::SCWBDomain::artfiles -g -Wall -Wextra -fno-tree-loop-distribute-patterns"

TRACE::2026-03-06.22:38:21::SCWBDomain::"Running Make include in ps7_cortexa9_0/libsrc/scutimer_v2_6/src"

TRACE::2026-03-06.22:38:21::SCWBDomain::make -C ps7_cortexa9_0/libsrc/scutimer_v2_6/src -s include  "SHELL=CMD" "COMPILER=arm-none-eabi-gcc" "ASSEMBLER=arm-none-eabi-a
TRACE::2026-03-06.22:38:21::SCWBDomain::s" "ARCHIVER=arm-none-eabi-ar" "COMPILER_FLAGS=  -O2 -c" "EXTRA_COMPILER_FLAGS=-mcpu=cortex-a9 -mfpu=vfpv3 -mfloat-abi=hard -no
TRACE::2026-03-06.22:38:21::SCWBDomain::startfiles -g -Wall -Wextra -fno-tree-loop-distribute-patterns"

TRACE::2026-03-06.22:38:21::SCWBDomain::"Running Make include in ps7_cortexa9_0/libsrc/scuwdt_v2_6/src"

TRACE::2026-03-06.22:38:21::SCWBDomain::make -C ps7_cortexa9_0/libsrc/scuwdt_v2_6/src -s include  "SHELL=CMD" "COMPILER=arm-none-eabi-gcc" "ASSEMBLER=arm-none-eabi-as"
TRACE::2026-03-06.22:38:21::SCWBDomain:: "ARCHIVER=arm-none-eabi-ar" "COMPILER_FLAGS=  -O2 -c" "EXTRA_COMPILER_FLAGS=-mcpu=cortex-a9 -mfpu=vfpv3 -mfloat-abi=hard -nost
TRACE::2026-03-06.22:38:21::SCWBDomain::artfiles -g -Wall -Wextra -fno-tree-loop-distribute-patterns"

TRACE::2026-03-06.22:38:21::SCWBDomain::"Running Make include in ps7_cortexa9_0/libsrc/sdps_v4_4/src"

TRACE::2026-03-06.22:38:21::SCWBDomain::make -C ps7_cortexa9_0/libsrc/sdps_v4_4/src -s include  "SHELL=CMD" "COMPILER=arm-none-eabi-gcc" "ASSEMBLER=arm-none-eabi-as" "
TRACE::2026-03-06.22:38:21::SCWBDomain::ARCHIVER=arm-none-eabi-ar" "COMPILER_FLAGS=  -O2 -c" "EXTRA_COMPILER_FLAGS=-mcpu=cortex-a9 -mfpu=vfpv3 -mfloat-abi=hard -nostar
TRACE::2026-03-06.22:38:21::SCWBDomain::tfiles -g -Wall -Wextra -fno-tree-loop-distribute-patterns"

TRACE::2026-03-06.22:38:21::SCWBDomain::"Running Make include in ps7_cortexa9_0/libsrc/standalone_v9_2/src"

TRACE::2026-03-06.22:38:21::SCWBDomain::make -C ps7_cortexa9_0/libsrc/standalone_v9_2/src -s include  "SHELL=CMD" "COMPILER=arm-none-eabi-gcc" "ASSEMBLER=arm-none-eabi
TRACE::2026-03-06.22:38:21::SCWBDomain::-as" "ARCHIVER=arm-none-eabi-ar" "COMPILER_FLAGS=  -O2 -c" "EXTRA_COMPILER_FLAGS=-mcpu=cortex-a9 -mfpu=vfpv3 -mfloat-abi=hard -
TRACE::2026-03-06.22:38:21::SCWBDomain::nostartfiles -g -Wall -Wextra -fno-tree-loop-distribute-patterns"

TRACE::2026-03-06.22:38:23::SCWBDomain::"Running Make include in ps7_cortexa9_0/libsrc/ttcps_v3_20/src"

TRACE::2026-03-06.22:38:23::SCWBDomain::make -C ps7_cortexa9_0/libsrc/ttcps_v3_20/src -s include  "SHELL=CMD" "COMPILER=arm-none-eabi-gcc" "ASSEMBLER=arm-none-eabi-as"
TRACE::2026-03-06.22:38:23::SCWBDomain:: "ARCHIVER=arm-none-eabi-ar" "COMPILER_FLAGS=  -O2 -c" "EXTRA_COMPILER_FLAGS=-mcpu=cortex-a9 -mfpu=vfpv3 -mfloat-abi=hard -nost
TRACE::2026-03-06.22:38:23::SCWBDomain::artfiles -g -Wall -Wextra -fno-tree-loop-distribute-patterns"

TRACE::2026-03-06.22:38:23::SCWBDomain::"Running Make include in ps7_cortexa9_0/libsrc/uartps_v3_15/src"

TRACE::2026-03-06.22:38:23::SCWBDomain::make -C ps7_cortexa9_0/libsrc/uartps_v3_15/src -s include  "SHELL=CMD" "COMPILER=arm-none-eabi-gcc" "ASSEMBLER=arm-none-eabi-as
TRACE::2026-03-06.22:38:23::SCWBDomain::" "ARCHIVER=arm-none-eabi-ar" "COMPILER_FLAGS=  -O2 -c" "EXTRA_COMPILER_FLAGS=-mcpu=cortex-a9 -mfpu=vfpv3 -mfloat-abi=hard -nos
TRACE::2026-03-06.22:38:23::SCWBDomain::tartfiles -g -Wall -Wextra -fno-tree-loop-distribute-patterns"

TRACE::2026-03-06.22:38:23::SCWBDomain::"Running Make include in ps7_cortexa9_0/libsrc/usbps_v2_9/src"

TRACE::2026-03-06.22:38:23::SCWBDomain::make -C ps7_cortexa9_0/libsrc/usbps_v2_9/src -s include  "SHELL=CMD" "COMPILER=arm-none-eabi-gcc" "ASSEMBLER=arm-none-eabi-as" 
TRACE::2026-03-06.22:38:23::SCWBDomain::"ARCHIVER=arm-none-eabi-ar" "COMPILER_FLAGS=  -O2 -c" "EXTRA_COMPILER_FLAGS=-mcpu=cortex-a9 -mfpu=vfpv3 -mfloat-abi=hard -nosta
TRACE::2026-03-06.22:38:23::SCWBDomain::rtfiles -g -Wall -Wextra -fno-tree-loop-distribute-patterns"

TRACE::2026-03-06.22:38:23::SCWBDomain::"Running Make include in ps7_cortexa9_0/libsrc/xadcps_v2_7/src"

TRACE::2026-03-06.22:38:23::SCWBDomain::make -C ps7_cortexa9_0/libsrc/xadcps_v2_7/src -s include  "SHELL=CMD" "COMPILER=arm-none-eabi-gcc" "ASSEMBLER=arm-none-eabi-as"
TRACE::2026-03-06.22:38:23::SCWBDomain:: "ARCHIVER=arm-none-eabi-ar" "COMPILER_FLAGS=  -O2 -c" "EXTRA_COMPILER_FLAGS=-mcpu=cortex-a9 -mfpu=vfpv3 -mfloat-abi=hard -nost
TRACE::2026-03-06.22:38:23::SCWBDomain::artfiles -g -Wall -Wextra -fno-tree-loop-distribute-patterns"

TRACE::2026-03-06.22:38:23::SCWBDomain::"Running Make include in ps7_cortexa9_0/libsrc/xilffs_v5_3/src"

TRACE::2026-03-06.22:38:23::SCWBDomain::make -C ps7_cortexa9_0/libsrc/xilffs_v5_3/src -s include  "SHELL=CMD" "COMPILER=arm-none-eabi-gcc" "ASSEMBLER=arm-none-eabi-as"
TRACE::2026-03-06.22:38:23::SCWBDomain:: "ARCHIVER=arm-none-eabi-ar" "COMPILER_FLAGS=  -O2 -c" "EXTRA_COMPILER_FLAGS=-mcpu=cortex-a9 -mfpu=vfpv3 -mfloat-abi=hard -nost
TRACE::2026-03-06.22:38:23::SCWBDomain::artfiles -g -Wall -Wextra -fno-tree-loop-distribute-patterns"

TRACE::2026-03-06.22:38:23::SCWBDomain::"Running Make include in ps7_cortexa9_0/libsrc/xilrsa_v1_8/src"

TRACE::2026-03-06.22:38:23::SCWBDomain::make -C ps7_cortexa9_0/libsrc/xilrsa_v1_8/src -s include  "SHELL=CMD" "COMPILER=arm-none-eabi-gcc" "ASSEMBLER=arm-none-eabi-as"
TRACE::2026-03-06.22:38:23::SCWBDomain:: "ARCHIVER=arm-none-eabi-ar" "COMPILER_FLAGS=  -O2 -c" "EXTRA_COMPILER_FLAGS=-mcpu=cortex-a9 -mfpu=vfpv3 -mfloat-abi=hard -nost
TRACE::2026-03-06.22:38:23::SCWBDomain::artfiles -g -Wall -Wextra -fno-tree-loop-distribute-patterns"

TRACE::2026-03-06.22:38:23::SCWBDomain::"Running Make libs in ps7_cortexa9_0/libsrc/xilrsa_v1_8/src"

TRACE::2026-03-06.22:38:23::SCWBDomain::make -C ps7_cortexa9_0/libsrc/xilrsa_v1_8/src -s libs  "SHELL=CMD" "COMPILER=arm-none-eabi-gcc" "ASSEMBLER=arm-none-eabi-as" "A
TRACE::2026-03-06.22:38:23::SCWBDomain::RCHIVER=arm-none-eabi-ar" "COMPILER_FLAGS=  -O2 -c" "EXTRA_COMPILER_FLAGS=-mcpu=cortex-a9 -mfpu=vfpv3 -mfloat-abi=hard -nostart
TRACE::2026-03-06.22:38:23::SCWBDomain::files -g -Wall -Wextra -fno-tree-loop-distribute-patterns"

TRACE::2026-03-06.22:38:24::SCWBDomain::'Finished building libraries sequentially.'

TRACE::2026-03-06.22:38:24::SCWBDomain::make -j 22 --no-print-directory par_libs

TRACE::2026-03-06.22:38:24::SCWBDomain::"Running Make include in ps7_cortexa9_0/libsrc/coresightps_dcc_v1_11/src"

TRACE::2026-03-06.22:38:24::SCWBDomain::make -C ps7_cortexa9_0/libsrc/coresightps_dcc_v1_11/src -s include  "SHELL=CMD" "COMPILER=arm-none-eabi-gcc" "ASSEMBLER=arm-non
TRACE::2026-03-06.22:38:24::SCWBDomain::e-eabi-as" "ARCHIVER=arm-none-eabi-ar" "COMPILER_FLAGS=  -O2 -c" "EXTRA_COMPILER_FLAGS=-mcpu=cortex-a9 -mfpu=vfpv3 -mfloat-abi=
TRACE::2026-03-06.22:38:24::SCWBDomain::hard -nostartfiles -g -Wall -Wextra -fno-tree-loop-distribute-patterns"

TRACE::2026-03-06.22:38:24::SCWBDomain::"Running Make include in ps7_cortexa9_0/libsrc/cpu_cortexa9_v2_12/src"

TRACE::2026-03-06.22:38:24::SCWBDomain::make -C ps7_cortexa9_0/libsrc/cpu_cortexa9_v2_12/src -s include  "SHELL=CMD" "COMPILER=arm-none-eabi-gcc" "ASSEMBLER=arm-none-e
TRACE::2026-03-06.22:38:24::SCWBDomain::abi-as" "ARCHIVER=arm-none-eabi-ar" "COMPILER_FLAGS=  -O2 -c" "EXTRA_COMPILER_FLAGS=-mcpu=cortex-a9 -mfpu=vfpv3 -mfloat-abi=har
TRACE::2026-03-06.22:38:24::SCWBDomain::d -nostartfiles -g -Wall -Wextra -fno-tree-loop-distribute-patterns"

TRACE::2026-03-06.22:38:24::SCWBDomain::"Running Make include in ps7_cortexa9_0/libsrc/ddrps_v1_2/src"

TRACE::2026-03-06.22:38:24::SCWBDomain::make -C ps7_cortexa9_0/libsrc/ddrps_v1_2/src -s include  "SHELL=CMD" "COMPILER=arm-none-eabi-gcc" "ASSEMBLER=arm-none-eabi-as" 
TRACE::2026-03-06.22:38:24::SCWBDomain::"ARCHIVER=arm-none-eabi-ar" "COMPILER_FLAGS=  -O2 -c" "EXTRA_COMPILER_FLAGS=-mcpu=cortex-a9 -mfpu=vfpv3 -mfloat-abi=hard -nosta
TRACE::2026-03-06.22:38:24::SCWBDomain::rtfiles -g -Wall -Wextra -fno-tree-loop-distribute-patterns"

TRACE::2026-03-06.22:38:24::SCWBDomain::"Running Make include in ps7_cortexa9_0/libsrc/devcfg_v3_8/src"

TRACE::2026-03-06.22:38:24::SCWBDomain::make -C ps7_cortexa9_0/libsrc/devcfg_v3_8/src -s include  "SHELL=CMD" "COMPILER=arm-none-eabi-gcc" "ASSEMBLER=arm-none-eabi-as"
TRACE::2026-03-06.22:38:24::SCWBDomain:: "ARCHIVER=arm-none-eabi-ar" "COMPILER_FLAGS=  -O2 -c" "EXTRA_COMPILER_FLAGS=-mcpu=cortex-a9 -mfpu=vfpv3 -mfloat-abi=hard -nost
TRACE::2026-03-06.22:38:24::SCWBDomain::artfiles -g -Wall -Wextra -fno-tree-loop-distribute-patterns"

TRACE::2026-03-06.22:38:24::SCWBDomain::"Running Make include in ps7_cortexa9_0/libsrc/dmaps_v2_11/src"

TRACE::2026-03-06.22:38:24::SCWBDomain::make -C ps7_cortexa9_0/libsrc/dmaps_v2_11/src -s include  "SHELL=CMD" "COMPILER=arm-none-eabi-gcc" "ASSEMBLER=arm-none-eabi-as"
TRACE::2026-03-06.22:38:24::SCWBDomain:: "ARCHIVER=arm-none-eabi-ar" "COMPILER_FLAGS=  -O2 -c" "EXTRA_COMPILER_FLAGS=-mcpu=cortex-a9 -mfpu=vfpv3 -mfloat-abi=hard -nost
TRACE::2026-03-06.22:38:24::SCWBDomain::artfiles -g -Wall -Wextra -fno-tree-loop-distribute-patterns"

TRACE::2026-03-06.22:38:24::SCWBDomain::"Running Make include in ps7_cortexa9_0/libsrc/emacps_v3_21/src"

TRACE::2026-03-06.22:38:24::SCWBDomain::make -C ps7_cortexa9_0/libsrc/emacps_v3_21/src -s include  "SHELL=CMD" "COMPILER=arm-none-eabi-gcc" "ASSEMBLER=arm-none-eabi-as
TRACE::2026-03-06.22:38:24::SCWBDomain::" "ARCHIVER=arm-none-eabi-ar" "COMPILER_FLAGS=  -O2 -c" "EXTRA_COMPILER_FLAGS=-mcpu=cortex-a9 -mfpu=vfpv3 -mfloat-abi=hard -nos
TRACE::2026-03-06.22:38:24::SCWBDomain::tartfiles -g -Wall -Wextra -fno-tree-loop-distribute-patterns"

TRACE::2026-03-06.22:38:24::SCWBDomain::"Running Make include in ps7_cortexa9_0/libsrc/gpiops_v3_13/src"

TRACE::2026-03-06.22:38:24::SCWBDomain::make -C ps7_cortexa9_0/libsrc/gpiops_v3_13/src -s include  "SHELL=CMD" "COMPILER=arm-none-eabi-gcc" "ASSEMBLER=arm-none-eabi-as
TRACE::2026-03-06.22:38:24::SCWBDomain::" "ARCHIVER=arm-none-eabi-ar" "COMPILER_FLAGS=  -O2 -c" "EXTRA_COMPILER_FLAGS=-mcpu=cortex-a9 -mfpu=vfpv3 -mfloat-abi=hard -nos
TRACE::2026-03-06.22:38:24::SCWBDomain::tartfiles -g -Wall -Wextra -fno-tree-loop-distribute-patterns"

TRACE::2026-03-06.22:38:24::SCWBDomain::"Running Make include in ps7_cortexa9_0/libsrc/gpio_v4_12/src"

TRACE::2026-03-06.22:38:24::SCWBDomain::make -C ps7_cortexa9_0/libsrc/gpio_v4_12/src -s include  "SHELL=CMD" "COMPILER=arm-none-eabi-gcc" "ASSEMBLER=arm-none-eabi-as" 
TRACE::2026-03-06.22:38:24::SCWBDomain::"ARCHIVER=arm-none-eabi-ar" "COMPILER_FLAGS=  -O2 -c" "EXTRA_COMPILER_FLAGS=-mcpu=cortex-a9 -mfpu=vfpv3 -mfloat-abi=hard -nosta
TRACE::2026-03-06.22:38:24::SCWBDomain::rtfiles -g -Wall -Wextra -fno-tree-loop-distribute-patterns"

TRACE::2026-03-06.22:38:24::SCWBDomain::"Running Make include in ps7_cortexa9_0/libsrc/qspips_v3_13/src"

TRACE::2026-03-06.22:38:24::SCWBDomain::make -C ps7_cortexa9_0/libsrc/qspips_v3_13/src -s include  "SHELL=CMD" "COMPILER=arm-none-eabi-gcc" "ASSEMBLER=arm-none-eabi-as
TRACE::2026-03-06.22:38:24::SCWBDomain::" "ARCHIVER=arm-none-eabi-ar" "COMPILER_FLAGS=  -O2 -c" "EXTRA_COMPILER_FLAGS=-mcpu=cortex-a9 -mfpu=vfpv3 -mfloat-abi=hard -nos
TRACE::2026-03-06.22:38:24::SCWBDomain::tartfiles -g -Wall -Wextra -fno-tree-loop-distribute-patterns"

TRACE::2026-03-06.22:38:24::SCWBDomain::"Running Make include in ps7_cortexa9_0/libsrc/scugic_v5_4/src"

TRACE::2026-03-06.22:38:24::SCWBDomain::make -C ps7_cortexa9_0/libsrc/scugic_v5_4/src -s include  "SHELL=CMD" "COMPILER=arm-none-eabi-gcc" "ASSEMBLER=arm-none-eabi-as"
TRACE::2026-03-06.22:38:24::SCWBDomain:: "ARCHIVER=arm-none-eabi-ar" "COMPILER_FLAGS=  -O2 -c" "EXTRA_COMPILER_FLAGS=-mcpu=cortex-a9 -mfpu=vfpv3 -mfloat-abi=hard -nost
TRACE::2026-03-06.22:38:24::SCWBDomain::artfiles -g -Wall -Wextra -fno-tree-loop-distribute-patterns"

TRACE::2026-03-06.22:38:24::SCWBDomain::"Running Make include in ps7_cortexa9_0/libsrc/scutimer_v2_6/src"

TRACE::2026-03-06.22:38:24::SCWBDomain::make -C ps7_cortexa9_0/libsrc/scutimer_v2_6/src -s include  "SHELL=CMD" "COMPILER=arm-none-eabi-gcc" "ASSEMBLER=arm-none-eabi-a
TRACE::2026-03-06.22:38:24::SCWBDomain::s" "ARCHIVER=arm-none-eabi-ar" "COMPILER_FLAGS=  -O2 -c" "EXTRA_COMPILER_FLAGS=-mcpu=cortex-a9 -mfpu=vfpv3 -mfloat-abi=hard -no
TRACE::2026-03-06.22:38:24::SCWBDomain::startfiles -g -Wall -Wextra -fno-tree-loop-distribute-patterns"

TRACE::2026-03-06.22:38:24::SCWBDomain::"Running Make include in ps7_cortexa9_0/libsrc/scuwdt_v2_6/src"

TRACE::2026-03-06.22:38:24::SCWBDomain::make -C ps7_cortexa9_0/libsrc/scuwdt_v2_6/src -s include  "SHELL=CMD" "COMPILER=arm-none-eabi-gcc" "ASSEMBLER=arm-none-eabi-as"
TRACE::2026-03-06.22:38:24::SCWBDomain:: "ARCHIVER=arm-none-eabi-ar" "COMPILER_FLAGS=  -O2 -c" "EXTRA_COMPILER_FLAGS=-mcpu=cortex-a9 -mfpu=vfpv3 -mfloat-abi=hard -nost
TRACE::2026-03-06.22:38:24::SCWBDomain::artfiles -g -Wall -Wextra -fno-tree-loop-distribute-patterns"

TRACE::2026-03-06.22:38:24::SCWBDomain::"Running Make include in ps7_cortexa9_0/libsrc/sdps_v4_4/src"

TRACE::2026-03-06.22:38:24::SCWBDomain::make -C ps7_cortexa9_0/libsrc/sdps_v4_4/src -s include  "SHELL=CMD" "COMPILER=arm-none-eabi-gcc" "ASSEMBLER=arm-none-eabi-as" "
TRACE::2026-03-06.22:38:24::SCWBDomain::ARCHIVER=arm-none-eabi-ar" "COMPILER_FLAGS=  -O2 -c" "EXTRA_COMPILER_FLAGS=-mcpu=cortex-a9 -mfpu=vfpv3 -mfloat-abi=hard -nostar
TRACE::2026-03-06.22:38:24::SCWBDomain::tfiles -g -Wall -Wextra -fno-tree-loop-distribute-patterns"

TRACE::2026-03-06.22:38:24::SCWBDomain::"Running Make include in ps7_cortexa9_0/libsrc/standalone_v9_2/src"

TRACE::2026-03-06.22:38:24::SCWBDomain::make -C ps7_cortexa9_0/libsrc/standalone_v9_2/src -s include  "SHELL=CMD" "COMPILER=arm-none-eabi-gcc" "ASSEMBLER=arm-none-eabi
TRACE::2026-03-06.22:38:24::SCWBDomain::-as" "ARCHIVER=arm-none-eabi-ar" "COMPILER_FLAGS=  -O2 -c" "EXTRA_COMPILER_FLAGS=-mcpu=cortex-a9 -mfpu=vfpv3 -mfloat-abi=hard -
TRACE::2026-03-06.22:38:24::SCWBDomain::nostartfiles -g -Wall -Wextra -fno-tree-loop-distribute-patterns"

TRACE::2026-03-06.22:38:24::SCWBDomain::"Running Make include in ps7_cortexa9_0/libsrc/ttcps_v3_20/src"

TRACE::2026-03-06.22:38:24::SCWBDomain::make -C ps7_cortexa9_0/libsrc/ttcps_v3_20/src -s include  "SHELL=CMD" "COMPILER=arm-none-eabi-gcc" "ASSEMBLER=arm-none-eabi-as"
TRACE::2026-03-06.22:38:24::SCWBDomain:: "ARCHIVER=arm-none-eabi-ar" "COMPILER_FLAGS=  -O2 -c" "EXTRA_COMPILER_FLAGS=-mcpu=cortex-a9 -mfpu=vfpv3 -mfloat-abi=hard -nost
TRACE::2026-03-06.22:38:24::SCWBDomain::artfiles -g -Wall -Wextra -fno-tree-loop-distribute-patterns"

TRACE::2026-03-06.22:38:24::SCWBDomain::"Running Make include in ps7_cortexa9_0/libsrc/uartps_v3_15/src"

TRACE::2026-03-06.22:38:24::SCWBDomain::make -C ps7_cortexa9_0/libsrc/uartps_v3_15/src -s include  "SHELL=CMD" "COMPILER=arm-none-eabi-gcc" "ASSEMBLER=arm-none-eabi-as
TRACE::2026-03-06.22:38:24::SCWBDomain::" "ARCHIVER=arm-none-eabi-ar" "COMPILER_FLAGS=  -O2 -c" "EXTRA_COMPILER_FLAGS=-mcpu=cortex-a9 -mfpu=vfpv3 -mfloat-abi=hard -nos
TRACE::2026-03-06.22:38:24::SCWBDomain::tartfiles -g -Wall -Wextra -fno-tree-loop-distribute-patterns"

TRACE::2026-03-06.22:38:24::SCWBDomain::"Running Make include in ps7_cortexa9_0/libsrc/usbps_v2_9/src"

TRACE::2026-03-06.22:38:24::SCWBDomain::make -C ps7_cortexa9_0/libsrc/usbps_v2_9/src -s include  "SHELL=CMD" "COMPILER=arm-none-eabi-gcc" "ASSEMBLER=arm-none-eabi-as" 
TRACE::2026-03-06.22:38:24::SCWBDomain::"ARCHIVER=arm-none-eabi-ar" "COMPILER_FLAGS=  -O2 -c" "EXTRA_COMPILER_FLAGS=-mcpu=cortex-a9 -mfpu=vfpv3 -mfloat-abi=hard -nosta
TRACE::2026-03-06.22:38:24::SCWBDomain::rtfiles -g -Wall -Wextra -fno-tree-loop-distribute-patterns"

TRACE::2026-03-06.22:38:24::SCWBDomain::"Running Make include in ps7_cortexa9_0/libsrc/xadcps_v2_7/src"

TRACE::2026-03-06.22:38:24::SCWBDomain::make -C ps7_cortexa9_0/libsrc/xadcps_v2_7/src -s include  "SHELL=CMD" "COMPILER=arm-none-eabi-gcc" "ASSEMBLER=arm-none-eabi-as"
TRACE::2026-03-06.22:38:24::SCWBDomain:: "ARCHIVER=arm-none-eabi-ar" "COMPILER_FLAGS=  -O2 -c" "EXTRA_COMPILER_FLAGS=-mcpu=cortex-a9 -mfpu=vfpv3 -mfloat-abi=hard -nost
TRACE::2026-03-06.22:38:24::SCWBDomain::artfiles -g -Wall -Wextra -fno-tree-loop-distribute-patterns"

TRACE::2026-03-06.22:38:24::SCWBDomain::"Running Make include in ps7_cortexa9_0/libsrc/xilffs_v5_3/src"

TRACE::2026-03-06.22:38:24::SCWBDomain::make -C ps7_cortexa9_0/libsrc/xilffs_v5_3/src -s include  "SHELL=CMD" "COMPILER=arm-none-eabi-gcc" "ASSEMBLER=arm-none-eabi-as"
TRACE::2026-03-06.22:38:24::SCWBDomain:: "ARCHIVER=arm-none-eabi-ar" "COMPILER_FLAGS=  -O2 -c" "EXTRA_COMPILER_FLAGS=-mcpu=cortex-a9 -mfpu=vfpv3 -mfloat-abi=hard -nost
TRACE::2026-03-06.22:38:24::SCWBDomain::artfiles -g -Wall -Wextra -fno-tree-loop-distribute-patterns"

TRACE::2026-03-06.22:38:24::SCWBDomain::"Running Make include in ps7_cortexa9_0/libsrc/xilrsa_v1_8/src"

TRACE::2026-03-06.22:38:24::SCWBDomain::make -C ps7_cortexa9_0/libsrc/xilrsa_v1_8/src -s include  "SHELL=CMD" "COMPILER=arm-none-eabi-gcc" "ASSEMBLER=arm-none-eabi-as"
TRACE::2026-03-06.22:38:24::SCWBDomain:: "ARCHIVER=arm-none-eabi-ar" "COMPILER_FLAGS=  -O2 -c" "EXTRA_COMPILER_FLAGS=-mcpu=cortex-a9 -mfpu=vfpv3 -mfloat-abi=hard -nost
TRACE::2026-03-06.22:38:24::SCWBDomain::artfiles -g -Wall -Wextra -fno-tree-loop-distribute-patterns"

TRACE::2026-03-06.22:38:24::SCWBDomain::"Running Make libs in ps7_cortexa9_0/libsrc/coresightps_dcc_v1_11/src"

TRACE::2026-03-06.22:38:24::SCWBDomain::make -C ps7_cortexa9_0/libsrc/coresightps_dcc_v1_11/src -s libs  "SHELL=CMD" "COMPILER=arm-none-eabi-gcc" "ASSEMBLER=arm-none-e
TRACE::2026-03-06.22:38:24::SCWBDomain::abi-as" "ARCHIVER=arm-none-eabi-ar" "COMPILER_FLAGS=  -O2 -c" "EXTRA_COMPILER_FLAGS=-mcpu=cortex-a9 -mfpu=vfpv3 -mfloat-abi=har
TRACE::2026-03-06.22:38:24::SCWBDomain::d -nostartfiles -g -Wall -Wextra -fno-tree-loop-distribute-patterns"

TRACE::2026-03-06.22:38:24::SCWBDomain::"Running Make libs in ps7_cortexa9_0/libsrc/cpu_cortexa9_v2_12/src"

TRACE::2026-03-06.22:38:24::SCWBDomain::make -C ps7_cortexa9_0/libsrc/cpu_cortexa9_v2_12/src -s libs  "SHELL=CMD" "COMPILER=arm-none-eabi-gcc" "ASSEMBLER=arm-none-eabi
TRACE::2026-03-06.22:38:24::SCWBDomain::-as" "ARCHIVER=arm-none-eabi-ar" "COMPILER_FLAGS=  -O2 -c" "EXTRA_COMPILER_FLAGS=-mcpu=cortex-a9 -mfpu=vfpv3 -mfloat-abi=hard -
TRACE::2026-03-06.22:38:24::SCWBDomain::nostartfiles -g -Wall -Wextra -fno-tree-loop-distribute-patterns"

TRACE::2026-03-06.22:38:24::SCWBDomain::"Running Make libs in ps7_cortexa9_0/libsrc/ddrps_v1_2/src"

TRACE::2026-03-06.22:38:24::SCWBDomain::make -C ps7_cortexa9_0/libsrc/ddrps_v1_2/src -s libs  "SHELL=CMD" "COMPILER=arm-none-eabi-gcc" "ASSEMBLER=arm-none-eabi-as" "AR
TRACE::2026-03-06.22:38:24::SCWBDomain::CHIVER=arm-none-eabi-ar" "COMPILER_FLAGS=  -O2 -c" "EXTRA_COMPILER_FLAGS=-mcpu=cortex-a9 -mfpu=vfpv3 -mfloat-abi=hard -nostartf
TRACE::2026-03-06.22:38:24::SCWBDomain::iles -g -Wall -Wextra -fno-tree-loop-distribute-patterns"

TRACE::2026-03-06.22:38:24::SCWBDomain::"Running Make libs in ps7_cortexa9_0/libsrc/devcfg_v3_8/src"

TRACE::2026-03-06.22:38:24::SCWBDomain::make -C ps7_cortexa9_0/libsrc/devcfg_v3_8/src -s libs  "SHELL=CMD" "COMPILER=arm-none-eabi-gcc" "ASSEMBLER=arm-none-eabi-as" "A
TRACE::2026-03-06.22:38:24::SCWBDomain::RCHIVER=arm-none-eabi-ar" "COMPILER_FLAGS=  -O2 -c" "EXTRA_COMPILER_FLAGS=-mcpu=cortex-a9 -mfpu=vfpv3 -mfloat-abi=hard -nostart
TRACE::2026-03-06.22:38:24::SCWBDomain::files -g -Wall -Wextra -fno-tree-loop-distribute-patterns"

TRACE::2026-03-06.22:38:24::SCWBDomain::"Running Make libs in ps7_cortexa9_0/libsrc/dmaps_v2_11/src"

TRACE::2026-03-06.22:38:24::SCWBDomain::make -C ps7_cortexa9_0/libsrc/dmaps_v2_11/src -s libs  "SHELL=CMD" "COMPILER=arm-none-eabi-gcc" "ASSEMBLER=arm-none-eabi-as" "A
TRACE::2026-03-06.22:38:24::SCWBDomain::RCHIVER=arm-none-eabi-ar" "COMPILER_FLAGS=  -O2 -c" "EXTRA_COMPILER_FLAGS=-mcpu=cortex-a9 -mfpu=vfpv3 -mfloat-abi=hard -nostart
TRACE::2026-03-06.22:38:24::SCWBDomain::files -g -Wall -Wextra -fno-tree-loop-distribute-patterns"

TRACE::2026-03-06.22:38:24::SCWBDomain::"Running Make libs in ps7_cortexa9_0/libsrc/emacps_v3_21/src"

TRACE::2026-03-06.22:38:24::SCWBDomain::make -C ps7_cortexa9_0/libsrc/emacps_v3_21/src -s libs  "SHELL=CMD" "COMPILER=arm-none-eabi-gcc" "ASSEMBLER=arm-none-eabi-as" "
TRACE::2026-03-06.22:38:24::SCWBDomain::ARCHIVER=arm-none-eabi-ar" "COMPILER_FLAGS=  -O2 -c" "EXTRA_COMPILER_FLAGS=-mcpu=cortex-a9 -mfpu=vfpv3 -mfloat-abi=hard -nostar
TRACE::2026-03-06.22:38:24::SCWBDomain::tfiles -g -Wall -Wextra -fno-tree-loop-distribute-patterns"

TRACE::2026-03-06.22:38:24::SCWBDomain::"Running Make libs in ps7_cortexa9_0/libsrc/gpiops_v3_13/src"

TRACE::2026-03-06.22:38:24::SCWBDomain::make -C ps7_cortexa9_0/libsrc/gpiops_v3_13/src -s libs  "SHELL=CMD" "COMPILER=arm-none-eabi-gcc" "ASSEMBLER=arm-none-eabi-as" "
TRACE::2026-03-06.22:38:24::SCWBDomain::ARCHIVER=arm-none-eabi-ar" "COMPILER_FLAGS=  -O2 -c" "EXTRA_COMPILER_FLAGS=-mcpu=cortex-a9 -mfpu=vfpv3 -mfloat-abi=hard -nostar
TRACE::2026-03-06.22:38:24::SCWBDomain::tfiles -g -Wall -Wextra -fno-tree-loop-distribute-patterns"

TRACE::2026-03-06.22:38:24::SCWBDomain::"Running Make libs in ps7_cortexa9_0/libsrc/gpio_v4_12/src"

TRACE::2026-03-06.22:38:24::SCWBDomain::make -C ps7_cortexa9_0/libsrc/gpio_v4_12/src -s libs  "SHELL=CMD" "COMPILER=arm-none-eabi-gcc" "ASSEMBLER=arm-none-eabi-as" "AR
TRACE::2026-03-06.22:38:24::SCWBDomain::CHIVER=arm-none-eabi-ar" "COMPILER_FLAGS=  -O2 -c" "EXTRA_COMPILER_FLAGS=-mcpu=cortex-a9 -mfpu=vfpv3 -mfloat-abi=hard -nostartf
TRACE::2026-03-06.22:38:24::SCWBDomain::iles -g -Wall -Wextra -fno-tree-loop-distribute-patterns"

TRACE::2026-03-06.22:38:24::SCWBDomain::"Running Make libs in ps7_cortexa9_0/libsrc/qspips_v3_13/src"

TRACE::2026-03-06.22:38:24::SCWBDomain::make -C ps7_cortexa9_0/libsrc/qspips_v3_13/src -s libs  "SHELL=CMD" "COMPILER=arm-none-eabi-gcc" "ASSEMBLER=arm-none-eabi-as" "
TRACE::2026-03-06.22:38:24::SCWBDomain::ARCHIVER=arm-none-eabi-ar" "COMPILER_FLAGS=  -O2 -c" "EXTRA_COMPILER_FLAGS=-mcpu=cortex-a9 -mfpu=vfpv3 -mfloat-abi=hard -nostar
TRACE::2026-03-06.22:38:24::SCWBDomain::tfiles -g -Wall -Wextra -fno-tree-loop-distribute-patterns"

TRACE::2026-03-06.22:38:24::SCWBDomain::"Running Make libs in ps7_cortexa9_0/libsrc/scugic_v5_4/src"

TRACE::2026-03-06.22:38:24::SCWBDomain::make -C ps7_cortexa9_0/libsrc/scugic_v5_4/src -s libs  "SHELL=CMD" "COMPILER=arm-none-eabi-gcc" "ASSEMBLER=arm-none-eabi-as" "A
TRACE::2026-03-06.22:38:24::SCWBDomain::RCHIVER=arm-none-eabi-ar" "COMPILER_FLAGS=  -O2 -c" "EXTRA_COMPILER_FLAGS=-mcpu=cortex-a9 -mfpu=vfpv3 -mfloat-abi=hard -nostart
TRACE::2026-03-06.22:38:24::SCWBDomain::files -g -Wall -Wextra -fno-tree-loop-distribute-patterns"

TRACE::2026-03-06.22:38:25::SCWBDomain::"Running Make libs in ps7_cortexa9_0/libsrc/scutimer_v2_6/src"

TRACE::2026-03-06.22:38:25::SCWBDomain::make -C ps7_cortexa9_0/libsrc/scutimer_v2_6/src -s libs  "SHELL=CMD" "COMPILER=arm-none-eabi-gcc" "ASSEMBLER=arm-none-eabi-as" 
TRACE::2026-03-06.22:38:25::SCWBDomain::"ARCHIVER=arm-none-eabi-ar" "COMPILER_FLAGS=  -O2 -c" "EXTRA_COMPILER_FLAGS=-mcpu=cortex-a9 -mfpu=vfpv3 -mfloat-abi=hard -nosta
TRACE::2026-03-06.22:38:25::SCWBDomain::rtfiles -g -Wall -Wextra -fno-tree-loop-distribute-patterns"

TRACE::2026-03-06.22:38:25::SCWBDomain::"Running Make libs in ps7_cortexa9_0/libsrc/scuwdt_v2_6/src"

TRACE::2026-03-06.22:38:25::SCWBDomain::make -C ps7_cortexa9_0/libsrc/scuwdt_v2_6/src -s libs  "SHELL=CMD" "COMPILER=arm-none-eabi-gcc" "ASSEMBLER=arm-none-eabi-as" "A
TRACE::2026-03-06.22:38:25::SCWBDomain::RCHIVER=arm-none-eabi-ar" "COMPILER_FLAGS=  -O2 -c" "EXTRA_COMPILER_FLAGS=-mcpu=cortex-a9 -mfpu=vfpv3 -mfloat-abi=hard -nostart
TRACE::2026-03-06.22:38:25::SCWBDomain::files -g -Wall -Wextra -fno-tree-loop-distribute-patterns"

TRACE::2026-03-06.22:38:26::SCWBDomain::"Running Make libs in ps7_cortexa9_0/libsrc/sdps_v4_4/src"

TRACE::2026-03-06.22:38:26::SCWBDomain::make -C ps7_cortexa9_0/libsrc/sdps_v4_4/src -s libs  "SHELL=CMD" "COMPILER=arm-none-eabi-gcc" "ASSEMBLER=arm-none-eabi-as" "ARC
TRACE::2026-03-06.22:38:26::SCWBDomain::HIVER=arm-none-eabi-ar" "COMPILER_FLAGS=  -O2 -c" "EXTRA_COMPILER_FLAGS=-mcpu=cortex-a9 -mfpu=vfpv3 -mfloat-abi=hard -nostartfi
TRACE::2026-03-06.22:38:26::SCWBDomain::les -g -Wall -Wextra -fno-tree-loop-distribute-patterns"

TRACE::2026-03-06.22:38:26::SCWBDomain::"Running Make libs in ps7_cortexa9_0/libsrc/standalone_v9_2/src"

TRACE::2026-03-06.22:38:26::SCWBDomain::make -C ps7_cortexa9_0/libsrc/standalone_v9_2/src -s libs  "SHELL=CMD" "COMPILER=arm-none-eabi-gcc" "ASSEMBLER=arm-none-eabi-as
TRACE::2026-03-06.22:38:26::SCWBDomain::" "ARCHIVER=arm-none-eabi-ar" "COMPILER_FLAGS=  -O2 -c" "EXTRA_COMPILER_FLAGS=-mcpu=cortex-a9 -mfpu=vfpv3 -mfloat-abi=hard -nos
TRACE::2026-03-06.22:38:26::SCWBDomain::tartfiles -g -Wall -Wextra -fno-tree-loop-distribute-patterns"

TRACE::2026-03-06.22:38:26::SCWBDomain::"Running Make libs in ps7_cortexa9_0/libsrc/ttcps_v3_20/src"

TRACE::2026-03-06.22:38:26::SCWBDomain::make -C ps7_cortexa9_0/libsrc/ttcps_v3_20/src -s libs  "SHELL=CMD" "COMPILER=arm-none-eabi-gcc" "ASSEMBLER=arm-none-eabi-as" "A
TRACE::2026-03-06.22:38:26::SCWBDomain::RCHIVER=arm-none-eabi-ar" "COMPILER_FLAGS=  -O2 -c" "EXTRA_COMPILER_FLAGS=-mcpu=cortex-a9 -mfpu=vfpv3 -mfloat-abi=hard -nostart
TRACE::2026-03-06.22:38:26::SCWBDomain::files -g -Wall -Wextra -fno-tree-loop-distribute-patterns"

TRACE::2026-03-06.22:38:26::SCWBDomain::"Running Make libs in ps7_cortexa9_0/libsrc/uartps_v3_15/src"

TRACE::2026-03-06.22:38:26::SCWBDomain::make -C ps7_cortexa9_0/libsrc/uartps_v3_15/src -s libs  "SHELL=CMD" "COMPILER=arm-none-eabi-gcc" "ASSEMBLER=arm-none-eabi-as" "
TRACE::2026-03-06.22:38:26::SCWBDomain::ARCHIVER=arm-none-eabi-ar" "COMPILER_FLAGS=  -O2 -c" "EXTRA_COMPILER_FLAGS=-mcpu=cortex-a9 -mfpu=vfpv3 -mfloat-abi=hard -nostar
TRACE::2026-03-06.22:38:26::SCWBDomain::tfiles -g -Wall -Wextra -fno-tree-loop-distribute-patterns"

TRACE::2026-03-06.22:38:26::SCWBDomain::"Running Make libs in ps7_cortexa9_0/libsrc/usbps_v2_9/src"

TRACE::2026-03-06.22:38:26::SCWBDomain::make -C ps7_cortexa9_0/libsrc/usbps_v2_9/src -s libs  "SHELL=CMD" "COMPILER=arm-none-eabi-gcc" "ASSEMBLER=arm-none-eabi-as" "AR
TRACE::2026-03-06.22:38:26::SCWBDomain::CHIVER=arm-none-eabi-ar" "COMPILER_FLAGS=  -O2 -c" "EXTRA_COMPILER_FLAGS=-mcpu=cortex-a9 -mfpu=vfpv3 -mfloat-abi=hard -nostartf
TRACE::2026-03-06.22:38:26::SCWBDomain::iles -g -Wall -Wextra -fno-tree-loop-distribute-patterns"

TRACE::2026-03-06.22:38:26::SCWBDomain::"Running Make libs in ps7_cortexa9_0/libsrc/xadcps_v2_7/src"

TRACE::2026-03-06.22:38:26::SCWBDomain::make -C ps7_cortexa9_0/libsrc/xadcps_v2_7/src -s libs  "SHELL=CMD" "COMPILER=arm-none-eabi-gcc" "ASSEMBLER=arm-none-eabi-as" "A
TRACE::2026-03-06.22:38:26::SCWBDomain::RCHIVER=arm-none-eabi-ar" "COMPILER_FLAGS=  -O2 -c" "EXTRA_COMPILER_FLAGS=-mcpu=cortex-a9 -mfpu=vfpv3 -mfloat-abi=hard -nostart
TRACE::2026-03-06.22:38:26::SCWBDomain::files -g -Wall -Wextra -fno-tree-loop-distribute-patterns"

TRACE::2026-03-06.22:38:26::SCWBDomain::"Running Make libs in ps7_cortexa9_0/libsrc/xilffs_v5_3/src"

TRACE::2026-03-06.22:38:26::SCWBDomain::make -C ps7_cortexa9_0/libsrc/xilffs_v5_3/src -s libs  "SHELL=CMD" "COMPILER=arm-none-eabi-gcc" "ASSEMBLER=arm-none-eabi-as" "A
TRACE::2026-03-06.22:38:26::SCWBDomain::RCHIVER=arm-none-eabi-ar" "COMPILER_FLAGS=  -O2 -c" "EXTRA_COMPILER_FLAGS=-mcpu=cortex-a9 -mfpu=vfpv3 -mfloat-abi=hard -nostart
TRACE::2026-03-06.22:38:26::SCWBDomain::files -g -Wall -Wextra -fno-tree-loop-distribute-patterns"

TRACE::2026-03-06.22:38:27::SCWBDomain::'Finished building libraries parallelly.'

TRACE::2026-03-06.22:38:27::SCWBDomain::make --no-print-directory archive

TRACE::2026-03-06.22:38:27::SCWBDomain::arm-none-eabi-ar -r  ps7_cortexa9_0/lib/libxil.a ps7_cortexa9_0/lib/_exit.o ps7_cortexa9_0/lib/_open.o ps7_cortexa9_0/lib/_sbrk
TRACE::2026-03-06.22:38:27::SCWBDomain::.o ps7_cortexa9_0/lib/abort.o ps7_cortexa9_0/lib/asm_vectors.o ps7_cortexa9_0/lib/boot.o ps7_cortexa9_0/lib/close.o ps7_cortexa
TRACE::2026-03-06.22:38:27::SCWBDomain::9_0/lib/cpputest_time.o ps7_cortexa9_0/lib/cpu_init.o ps7_cortexa9_0/lib/errno.o ps7_cortexa9_0/lib/fcntl.o ps7_cortexa9_0/lib/
TRACE::2026-03-06.22:38:27::SCWBDomain::fstat.o ps7_cortexa9_0/lib/getentropy.o ps7_cortexa9_0/lib/getpid.o ps7_cortexa9_0/lib/gettimeofday.o ps7_cortexa9_0/lib/inbyte
TRACE::2026-03-06.22:38:27::SCWBDomain::.o ps7_cortexa9_0/lib/isatty.o ps7_cortexa9_0/lib/kill.o ps7_cortexa9_0/lib/lseek.o ps7_cortexa9_0/lib/open.o ps7_cortexa9_0/li
TRACE::2026-03-06.22:38:27::SCWBDomain::b/outbyte.o ps7_cortexa9_0/lib/print.o ps7_cortexa9_0/lib/putnum.o ps7_cortexa9_0/lib/read.o ps7_cortexa9_0/lib/sbrk.o ps7_cort
TRACE::2026-03-06.22:38:27::SCWBDomain::exa9_0/lib/sleep.o ps7_cortexa9_0/lib/time.o ps7_cortexa9_0/lib/translation_table.o ps7_cortexa9_0/lib/unlink.o ps7_cortexa9_0/
TRACE::2026-03-06.22:38:27::SCWBDomain::lib/usleep.o ps7_cortexa9_0/lib/vectors.o ps7_cortexa9_0/lib/write.o ps7_cortexa9_0/lib/xadcps.o ps7_cortexa9_0/lib/xadcps_g.o 
TRACE::2026-03-06.22:38:27::SCWBDomain::ps7_cortexa9_0/lib/xadcps_intr.o ps7_cortexa9_0/lib/xadcps_selftest.o ps7_cortexa9_0/lib/xadcps_sinit.o ps7_cortexa9_0/lib/xcor
TRACE::2026-03-06.22:38:27::SCWBDomain::esightpsdcc.o ps7_cortexa9_0/lib/xdevcfg.o ps7_cortexa9_0/lib/xdevcfg_g.o ps7_cortexa9_0/lib/xdevcfg_hw.o ps7_cortexa9_0/lib/xd
TRACE::2026-03-06.22:38:27::SCWBDomain::evcfg_intr.o ps7_cortexa9_0/lib/xdevcfg_selftest.o ps7_cortexa9_0/lib/xdevcfg_sinit.o ps7_cortexa9_0/lib/xdmaps.o ps7_cortexa9_
TRACE::2026-03-06.22:38:27::SCWBDomain::0/lib/xdmaps_g.o ps7_cortexa9_0/lib/xdmaps_hw.o ps7_cortexa9_0/lib/xdmaps_selftest.o ps7_cortexa9_0/lib/xdmaps_sinit.o ps7_cort
TRACE::2026-03-06.22:38:27::SCWBDomain::exa9_0/lib/xemacps.o ps7_cortexa9_0/lib/xemacps_bdring.o ps7_cortexa9_0/lib/xemacps_control.o ps7_cortexa9_0/lib/xemacps_g.o ps
TRACE::2026-03-06.22:38:27::SCWBDomain::7_cortexa9_0/lib/xemacps_hw.o ps7_cortexa9_0/lib/xemacps_intr.o ps7_cortexa9_0/lib/xemacps_sinit.o ps7_cortexa9_0/lib/xgpio.o p
TRACE::2026-03-06.22:38:27::SCWBDomain::s7_cortexa9_0/lib/xgpio_extra.o ps7_cortexa9_0/lib/xgpio_g.o ps7_cortexa9_0/lib/xgpio_intr.o ps7_cortexa9_0/lib/xgpio_selftest.
TRACE::2026-03-06.22:38:27::SCWBDomain::o ps7_cortexa9_0/lib/xgpio_sinit.o ps7_cortexa9_0/lib/xgpiops.o ps7_cortexa9_0/lib/xgpiops_g.o ps7_cortexa9_0/lib/xgpiops_hw.o 
TRACE::2026-03-06.22:38:27::SCWBDomain::ps7_cortexa9_0/lib/xgpiops_intr.o ps7_cortexa9_0/lib/xgpiops_selftest.o ps7_cortexa9_0/lib/xgpiops_sinit.o ps7_cortexa9_0/lib/x
TRACE::2026-03-06.22:38:27::SCWBDomain::il-crt0.o ps7_cortexa9_0/lib/xil_assert.o ps7_cortexa9_0/lib/xil_cache.o ps7_cortexa9_0/lib/xil_clocking.o ps7_cortexa9_0/lib/x
TRACE::2026-03-06.22:38:27::SCWBDomain::il_exception.o ps7_cortexa9_0/lib/xil_mem.o ps7_cortexa9_0/lib/xil_misc_psreset_api.o ps7_cortexa9_0/lib/xil_mmu.o ps7_cortexa9
TRACE::2026-03-06.22:38:27::SCWBDomain::_0/lib/xil_printf.o ps7_cortexa9_0/lib/xil_sleepcommon.o ps7_cortexa9_0/lib/xil_sleeptimer.o ps7_cortexa9_0/lib/xil_spinlock.o 
TRACE::2026-03-06.22:38:27::SCWBDomain::ps7_cortexa9_0/lib/xil_sutil.o ps7_cortexa9_0/lib/xil_testcache.o ps7_cortexa9_0/lib/xil_testio.o ps7_cortexa9_0/lib/xil_testme
TRACE::2026-03-06.22:38:27::SCWBDomain::m.o ps7_cortexa9_0/lib/xil_util.o ps7_cortexa9_0/lib/xinterrupt_wrap.o ps7_cortexa9_0/lib/xl2cc_counter.o ps7_cortexa9_0/lib/xp
TRACE::2026-03-06.22:38:27::SCWBDomain::latform_info.o ps7_cortexa9_0/lib/xpm_counter.o ps7_cortexa9_0/lib/xpm_init.o ps7_cortexa9_0/lib/xqspips.o ps7_cortexa9_0/lib/x
TRACE::2026-03-06.22:38:27::SCWBDomain::qspips_g.o ps7_cortexa9_0/lib/xqspips_hw.o ps7_cortexa9_0/lib/xqspips_options.o ps7_cortexa9_0/lib/xqspips_selftest.o ps7_corte
TRACE::2026-03-06.22:38:27::SCWBDomain::xa9_0/lib/xqspips_sinit.o ps7_cortexa9_0/lib/xscugic.o ps7_cortexa9_0/lib/xscugic_g.o ps7_cortexa9_0/lib/xscugic_hw.o ps7_corte
TRACE::2026-03-06.22:38:27::SCWBDomain::xa9_0/lib/xscugic_intr.o ps7_cortexa9_0/lib/xscugic_selftest.o ps7_cortexa9_0/lib/xscugic_sinit.o ps7_cortexa9_0/lib/xscutimer.
TRACE::2026-03-06.22:38:27::SCWBDomain::o ps7_cortexa9_0/lib/xscutimer_g.o ps7_cortexa9_0/lib/xscutimer_selftest.o ps7_cortexa9_0/lib/xscutimer_sinit.o ps7_cortexa9_0/
TRACE::2026-03-06.22:38:27::SCWBDomain::lib/xscuwdt.o ps7_cortexa9_0/lib/xscuwdt_g.o ps7_cortexa9_0/lib/xscuwdt_selftest.o ps7_cortexa9_0/lib/xscuwdt_sinit.o ps7_corte
TRACE::2026-03-06.22:38:27::SCWBDomain::xa9_0/lib/xsdps.o ps7_cortexa9_0/lib/xsdps_card.o ps7_cortexa9_0/lib/xsdps_g.o ps7_cortexa9_0/lib/xsdps_host.o ps7_cortexa9_0/l
TRACE::2026-03-06.22:38:27::SCWBDomain::ib/xsdps_options.o ps7_cortexa9_0/lib/xsdps_sinit.o ps7_cortexa9_0/lib/xtime_l.o ps7_cortexa9_0/lib/xttcps.o ps7_cortexa9_0/lib
TRACE::2026-03-06.22:38:27::SCWBDomain::/xttcps_g.o ps7_cortexa9_0/lib/xttcps_options.o ps7_cortexa9_0/lib/xttcps_selftest.o ps7_cortexa9_0/lib/xttcps_sinit.o ps7_cort
TRACE::2026-03-06.22:38:27::SCWBDomain::exa9_0/lib/xuartps.o ps7_cortexa9_0/lib/xuartps_g.o ps7_cortexa9_0/lib/xuartps_hw.o ps7_cortexa9_0/lib/xuartps_intr.o ps7_corte
TRACE::2026-03-06.22:38:27::SCWBDomain::xa9_0/lib/xuartps_options.o ps7_cortexa9_0/lib/xuartps_selftest.o ps7_cortexa9_0/lib/xuartps_sinit.o ps7_cortexa9_0/lib/xusbps.
TRACE::2026-03-06.22:38:27::SCWBDomain::o ps7_cortexa9_0/lib/xusbps_endpoint.o ps7_cortexa9_0/lib/xusbps_g.o ps7_cortexa9_0/lib/xusbps_hw.o ps7_cortexa9_0/lib/xusbps_i
TRACE::2026-03-06.22:38:27::SCWBDomain::ntr.o ps7_cortexa9_0/lib/xusbps_sinit.o

TRACE::2026-03-06.22:38:28::SCWBDomain::'Finished building libraries'

TRACE::2026-03-06.22:38:28::SCWBDomain::make: Leaving directory 'E:/Git-Repos/CNC-FPGA/Vitis3/CNC-PL8/zynq_fsbl/zynq_fsbl_bsp'

TRACE::2026-03-06.22:38:28::SCWBDomain::arm-none-eabi-gcc  -O2 -c -MMD -MP       -mcpu=cortex-a9 -mfpu=vfpv3 -mfloat-abi=hard  -c sd.c -o sd.o -Izynq_fsbl_bsp/ps7_cort
TRACE::2026-03-06.22:38:28::SCWBDomain::exa9_0/include -I.

TRACE::2026-03-06.22:38:28::SCWBDomain::arm-none-eabi-gcc  -O2 -c -MMD -MP       -mcpu=cortex-a9 -mfpu=vfpv3 -mfloat-abi=hard  -c nand.c -o nand.o -Izynq_fsbl_bsp/ps7_
TRACE::2026-03-06.22:38:28::SCWBDomain::cortexa9_0/include -I.

TRACE::2026-03-06.22:38:28::SCWBDomain::arm-none-eabi-gcc  -O2 -c -MMD -MP       -mcpu=cortex-a9 -mfpu=vfpv3 -mfloat-abi=hard  -c nor.c -o nor.o -Izynq_fsbl_bsp/ps7_co
TRACE::2026-03-06.22:38:28::SCWBDomain::rtexa9_0/include -I.

TRACE::2026-03-06.22:38:28::SCWBDomain::arm-none-eabi-gcc  -O2 -c -MMD -MP       -mcpu=cortex-a9 -mfpu=vfpv3 -mfloat-abi=hard  -c image_mover.c -o image_mover.o -Izynq
TRACE::2026-03-06.22:38:28::SCWBDomain::_fsbl_bsp/ps7_cortexa9_0/include -I.

TRACE::2026-03-06.22:38:29::SCWBDomain::arm-none-eabi-gcc  -O2 -c -MMD -MP       -mcpu=cortex-a9 -mfpu=vfpv3 -mfloat-abi=hard  -c md5.c -o md5.o -Izynq_fsbl_bsp/ps7_co
TRACE::2026-03-06.22:38:29::SCWBDomain::rtexa9_0/include -I.

TRACE::2026-03-06.22:38:29::SCWBDomain::arm-none-eabi-gcc  -O2 -c -MMD -MP       -mcpu=cortex-a9 -mfpu=vfpv3 -mfloat-abi=hard  -c fsbl_hooks.c -o fsbl_hooks.o -Izynq_f
TRACE::2026-03-06.22:38:29::SCWBDomain::sbl_bsp/ps7_cortexa9_0/include -I.

TRACE::2026-03-06.22:38:29::SCWBDomain::arm-none-eabi-gcc  -O2 -c -MMD -MP       -mcpu=cortex-a9 -mfpu=vfpv3 -mfloat-abi=hard  -c main.c -o main.o -Izynq_fsbl_bsp/ps7_
TRACE::2026-03-06.22:38:29::SCWBDomain::cortexa9_0/include -I.

TRACE::2026-03-06.22:38:29::SCWBDomain::arm-none-eabi-gcc  -O2 -c -MMD -MP       -mcpu=cortex-a9 -mfpu=vfpv3 -mfloat-abi=hard  -c rsa.c -o rsa.o -Izynq_fsbl_bsp/ps7_co
TRACE::2026-03-06.22:38:29::SCWBDomain::rtexa9_0/include -I.

TRACE::2026-03-06.22:38:30::SCWBDomain::arm-none-eabi-gcc  -O2 -c -MMD -MP       -mcpu=cortex-a9 -mfpu=vfpv3 -mfloat-abi=hard  -c qspi.c -o qspi.o -Izynq_fsbl_bsp/ps7_
TRACE::2026-03-06.22:38:30::SCWBDomain::cortexa9_0/include -I.

TRACE::2026-03-06.22:38:30::SCWBDomain::arm-none-eabi-gcc  -O2 -c -MMD -MP       -mcpu=cortex-a9 -mfpu=vfpv3 -mfloat-abi=hard  -c ps7_init.c -o ps7_init.o -Izynq_fsbl_
TRACE::2026-03-06.22:38:30::SCWBDomain::bsp/ps7_cortexa9_0/include -I.

TRACE::2026-03-06.22:38:30::SCWBDomain::arm-none-eabi-gcc  -O2 -c -MMD -MP       -mcpu=cortex-a9 -mfpu=vfpv3 -mfloat-abi=hard  -c pcap.c -o pcap.o -Izynq_fsbl_bsp/ps7_
TRACE::2026-03-06.22:38:30::SCWBDomain::cortexa9_0/include -I.

TRACE::2026-03-06.22:38:30::SCWBDomain::arm-none-eabi-gcc  -O2 -c -MMD -MP       -mcpu=cortex-a9 -mfpu=vfpv3 -mfloat-abi=hard  -c fsbl_handoff.S -o fsbl_handoff.o -Izy
TRACE::2026-03-06.22:38:30::SCWBDomain::nq_fsbl_bsp/ps7_cortexa9_0/include -I.

TRACE::2026-03-06.22:38:31::SCWBDomain::arm-none-eabi-gcc -o fsbl.elf fsbl_handoff.o fsbl_hooks.o image_mover.o main.o md5.o nand.o nor.o pcap.o ps7_init.o qspi.o rsa.
TRACE::2026-03-06.22:38:31::SCWBDomain::o sd.o -MMD -MP       -mcpu=cortex-a9 -mfpu=vfpv3 -mfloat-abi=hard   -mcpu=cortex-a9 -mfpu=vfpv3 -mfloat-abi=hard -Wl,-build-id
TRACE::2026-03-06.22:38:31::SCWBDomain::=none -specs=Xilinx.spec  -lrsa -Wl,--start-group,-lxil,-lgcc,-lc,--end-group -Wl,--start-group,-lxilffs,-lxil,-lgcc,-lc,--end-
TRACE::2026-03-06.22:38:31::SCWBDomain::group -Wl,--start-group,-lrsa,-lxil,-lgcc,-lc,--end-group                                         -Wl,--gc-sections -Lzynq_fsbl
TRACE::2026-03-06.22:38:31::SCWBDomain::_bsp/ps7_cortexa9_0/lib -L./ -Tlscript.ld

LOG::2026-03-06.22:38:31::SCWSystem::Checking the domain standalone_domain
LOG::2026-03-06.22:38:31::SCWSystem::Not a boot domain 
LOG::2026-03-06.22:38:31::SCWSystem::Started Processing the domain standalone_domain
TRACE::2026-03-06.22:38:31::SCWDomain::Generating domain artifcats
TRACE::2026-03-06.22:38:31::SCWMssOS::Generating standalone artifcats
TRACE::2026-03-06.22:38:31::SCWMssOS::Copying the qemu file from  E:/Git-Repos/CNC-FPGA/Vitis3/CNC-PL8/resources/CNC-PL8/standalone_domain/qemu_args.txt To E:/Git-Repos/CNC-FPGA/Vitis3/CNC-PL8/export/CNC-PL8/sw/CNC-PL8/qemu/
TRACE::2026-03-06.22:38:31::SCWMssOS::Copying the qemu file from  E:/Git-Repos/CNC-FPGA/Vitis3/CNC-PL8/resources/CNC-PL8/standalone_domain/qemu_args.txt To E:/Git-Repos/CNC-FPGA/Vitis3/CNC-PL8/export/CNC-PL8/sw/CNC-PL8/standalone_domain/qemu/
TRACE::2026-03-06.22:38:31::SCWMssOS:: Copying the user libraries. 
TRACE::2026-03-06.22:38:31::SCWPlatform::Trying to open the hw design at E:/Git-Repos/CNC-FPGA/Vitis3/CNC-PL8/hw/CNC_Top_wrapper.xsa
TRACE::2026-03-06.22:38:31::SCWPlatform::DSA given E:/Git-Repos/CNC-FPGA/Vitis3/CNC-PL8/hw/CNC_Top_wrapper.xsa
TRACE::2026-03-06.22:38:31::SCWPlatform::DSA absoulate path E:/Git-Repos/CNC-FPGA/Vitis3/CNC-PL8/hw/CNC_Top_wrapper.xsa
TRACE::2026-03-06.22:38:31::SCWPlatform::DSA directory E:/Git-Repos/CNC-FPGA/Vitis3/CNC-PL8/hw
TRACE::2026-03-06.22:38:31::SCWPlatform:: Platform Path E:/Git-Repos/CNC-FPGA/Vitis3/CNC-PL8/hw/CNC_Top_wrapper.xsa
TRACE::2026-03-06.22:38:31::SCWPlatform:: Unique name xilinx:zedboard::0.0
TRACE::2026-03-06.22:38:31::SCWPlatform::Trying to set the existing hwdb with name CNC_Top_wrapper_27
TRACE::2026-03-06.22:38:31::SCWPlatform::Opened existing hwdb CNC_Top_wrapper_27
TRACE::2026-03-06.22:38:31::SCWPlatform::Found the Hw Db part of the input DSA
TRACE::2026-03-06.22:38:31::SCWMssOS::Checking the sw design at  E:/Git-Repos/CNC-FPGA/Vitis3/CNC-PL8/ps7_cortexa9_0/standalone_domain/bsp/system.mss
TRACE::2026-03-06.22:38:31::SCWMssOS::DEBUG:  swdes dump  E:/Git-Repos/CNC-FPGA/Vitis3/CNC-PL7/ps7_cortexa9_0/standalone_domain/bsp/system.mss|system||
E:/Git-Repos/CNC-FPGA/Vitis3/CNC-PL7/zynq_fsbl/zynq_fsbl_bsp/system.mss|system_2||
E:/Git-Repos/CNC-FPGA/Vitis3/CNC-PL8/zynq_fsbl/zynq_fsbl_bsp/system.mss|system_1||

TRACE::2026-03-06.22:38:31::SCWMssOS::No sw design opened at  E:/Git-Repos/CNC-FPGA/Vitis3/CNC-PL8/ps7_cortexa9_0/standalone_domain/bsp/system.mss
TRACE::2026-03-06.22:38:31::SCWMssOS::mss exists loading the mss file  E:/Git-Repos/CNC-FPGA/Vitis3/CNC-PL8/ps7_cortexa9_0/standalone_domain/bsp/system.mss
TRACE::2026-03-06.22:38:31::SCWMssOS::Opened the sw design from mss  E:/Git-Repos/CNC-FPGA/Vitis3/CNC-PL8/ps7_cortexa9_0/standalone_domain/bsp/system.mss
TRACE::2026-03-06.22:38:31::SCWMssOS::Adding the swdes entry E:/Git-Repos/CNC-FPGA/Vitis3/CNC-PL8/ps7_cortexa9_0/standalone_domain/bsp/system.mss with des name system_0
TRACE::2026-03-06.22:38:31::SCWMssOS::updating the scw layer about changes
TRACE::2026-03-06.22:38:31::SCWMssOS::Opened the sw design.  E:/Git-Repos/CNC-FPGA/Vitis3/CNC-PL8/ps7_cortexa9_0/standalone_domain/bsp/system.mss
TRACE::2026-03-06.22:38:31::SCWMssOS::Completed writing the mss file at E:/Git-Repos/CNC-FPGA/Vitis3/CNC-PL8/ps7_cortexa9_0/standalone_domain/bsp
TRACE::2026-03-06.22:38:31::SCWMssOS::Mss edits present, copying mssfile into export location E:/Git-Repos/CNC-FPGA/Vitis3/CNC-PL8/ps7_cortexa9_0/standalone_domain/bsp/system.mss
TRACE::2026-03-06.22:38:31::SCWMssOS::bsp generated is upto date with the mss file. Skipping bsp generation.
TRACE::2026-03-06.22:38:31::SCWMssOS::BSP is already built. skipping the bsp build ... 
TRACE::2026-03-06.22:38:31::SCWDomain::Building the domain as part of full build :  standalone_domain
TRACE::2026-03-06.22:38:31::SCWMssOS::doing bsp build ... 
TRACE::2026-03-06.22:38:31::SCWMssOS::System Command Ran  E: & cd  E:/Git-Repos/CNC-FPGA/Vitis3/CNC-PL8/ps7_cortexa9_0/standalone_domain/bsp & make 
TRACE::2026-03-06.22:38:31::SCWMssOS::make --no-print-directory seq_libs

TRACE::2026-03-06.22:38:31::SCWMssOS::'Finished building libraries sequentially.'

TRACE::2026-03-06.22:38:31::SCWMssOS::make -j 22 --no-print-directory par_libs

TRACE::2026-03-06.22:38:31::SCWMssOS::"Running Make include in ps7_cortexa9_0/libsrc/coresightps_dcc_v1_11/src"

TRACE::2026-03-06.22:38:31::SCWMssOS::make -C ps7_cortexa9_0/libsrc/coresightps_dcc_v1_11/src -s include  "SHELL=CMD" "COMPILER=arm-none-eabi-gcc" "ASSEMBLER=arm-non
TRACE::2026-03-06.22:38:31::SCWMssOS::e-eabi-as" "ARCHIVER=arm-none-eabi-ar" "COMPILER_FLAGS=  -O2 -c" "EXTRA_COMPILER_FLAGS=-mcpu=cortex-a9 -mfpu=vfpv3 -mfloat-abi=
TRACE::2026-03-06.22:38:31::SCWMssOS::hard -nostartfiles -g -Wall -Wextra -fno-tree-loop-distribute-patterns"

TRACE::2026-03-06.22:38:31::SCWMssOS::"Running Make include in ps7_cortexa9_0/libsrc/cpu_cortexa9_v2_12/src"

TRACE::2026-03-06.22:38:31::SCWMssOS::make -C ps7_cortexa9_0/libsrc/cpu_cortexa9_v2_12/src -s include  "SHELL=CMD" "COMPILER=arm-none-eabi-gcc" "ASSEMBLER=arm-none-e
TRACE::2026-03-06.22:38:31::SCWMssOS::abi-as" "ARCHIVER=arm-none-eabi-ar" "COMPILER_FLAGS=  -O2 -c" "EXTRA_COMPILER_FLAGS=-mcpu=cortex-a9 -mfpu=vfpv3 -mfloat-abi=har
TRACE::2026-03-06.22:38:31::SCWMssOS::d -nostartfiles -g -Wall -Wextra -fno-tree-loop-distribute-patterns"

TRACE::2026-03-06.22:38:31::SCWMssOS::"Running Make include in ps7_cortexa9_0/libsrc/ddrps_v1_2/src"

TRACE::2026-03-06.22:38:31::SCWMssOS::make -C ps7_cortexa9_0/libsrc/ddrps_v1_2/src -s include  "SHELL=CMD" "COMPILER=arm-none-eabi-gcc" "ASSEMBLER=arm-none-eabi-as" 
TRACE::2026-03-06.22:38:31::SCWMssOS::"ARCHIVER=arm-none-eabi-ar" "COMPILER_FLAGS=  -O2 -c" "EXTRA_COMPILER_FLAGS=-mcpu=cortex-a9 -mfpu=vfpv3 -mfloat-abi=hard -nosta
TRACE::2026-03-06.22:38:31::SCWMssOS::rtfiles -g -Wall -Wextra -fno-tree-loop-distribute-patterns"

TRACE::2026-03-06.22:38:31::SCWMssOS::"Running Make include in ps7_cortexa9_0/libsrc/devcfg_v3_8/src"

TRACE::2026-03-06.22:38:31::SCWMssOS::make -C ps7_cortexa9_0/libsrc/devcfg_v3_8/src -s include  "SHELL=CMD" "COMPILER=arm-none-eabi-gcc" "ASSEMBLER=arm-none-eabi-as"
TRACE::2026-03-06.22:38:31::SCWMssOS:: "ARCHIVER=arm-none-eabi-ar" "COMPILER_FLAGS=  -O2 -c" "EXTRA_COMPILER_FLAGS=-mcpu=cortex-a9 -mfpu=vfpv3 -mfloat-abi=hard -nost
TRACE::2026-03-06.22:38:31::SCWMssOS::artfiles -g -Wall -Wextra -fno-tree-loop-distribute-patterns"

TRACE::2026-03-06.22:38:31::SCWMssOS::"Running Make include in ps7_cortexa9_0/libsrc/dmaps_v2_11/src"

TRACE::2026-03-06.22:38:31::SCWMssOS::make -C ps7_cortexa9_0/libsrc/dmaps_v2_11/src -s include  "SHELL=CMD" "COMPILER=arm-none-eabi-gcc" "ASSEMBLER=arm-none-eabi-as"
TRACE::2026-03-06.22:38:31::SCWMssOS:: "ARCHIVER=arm-none-eabi-ar" "COMPILER_FLAGS=  -O2 -c" "EXTRA_COMPILER_FLAGS=-mcpu=cortex-a9 -mfpu=vfpv3 -mfloat-abi=hard -nost
TRACE::2026-03-06.22:38:31::SCWMssOS::artfiles -g -Wall -Wextra -fno-tree-loop-distribute-patterns"

TRACE::2026-03-06.22:38:31::SCWMssOS::"Running Make include in ps7_cortexa9_0/libsrc/emacps_v3_21/src"

TRACE::2026-03-06.22:38:31::SCWMssOS::make -C ps7_cortexa9_0/libsrc/emacps_v3_21/src -s include  "SHELL=CMD" "COMPILER=arm-none-eabi-gcc" "ASSEMBLER=arm-none-eabi-as
TRACE::2026-03-06.22:38:31::SCWMssOS::" "ARCHIVER=arm-none-eabi-ar" "COMPILER_FLAGS=  -O2 -c" "EXTRA_COMPILER_FLAGS=-mcpu=cortex-a9 -mfpu=vfpv3 -mfloat-abi=hard -nos
TRACE::2026-03-06.22:38:31::SCWMssOS::tartfiles -g -Wall -Wextra -fno-tree-loop-distribute-patterns"

TRACE::2026-03-06.22:38:31::SCWMssOS::"Running Make include in ps7_cortexa9_0/libsrc/gpiops_v3_13/src"

TRACE::2026-03-06.22:38:31::SCWMssOS::make -C ps7_cortexa9_0/libsrc/gpiops_v3_13/src -s include  "SHELL=CMD" "COMPILER=arm-none-eabi-gcc" "ASSEMBLER=arm-none-eabi-as
TRACE::2026-03-06.22:38:31::SCWMssOS::" "ARCHIVER=arm-none-eabi-ar" "COMPILER_FLAGS=  -O2 -c" "EXTRA_COMPILER_FLAGS=-mcpu=cortex-a9 -mfpu=vfpv3 -mfloat-abi=hard -nos
TRACE::2026-03-06.22:38:31::SCWMssOS::tartfiles -g -Wall -Wextra -fno-tree-loop-distribute-patterns"

TRACE::2026-03-06.22:38:31::SCWMssOS::"Running Make include in ps7_cortexa9_0/libsrc/gpio_v4_12/src"

TRACE::2026-03-06.22:38:31::SCWMssOS::make -C ps7_cortexa9_0/libsrc/gpio_v4_12/src -s include  "SHELL=CMD" "COMPILER=arm-none-eabi-gcc" "ASSEMBLER=arm-none-eabi-as" 
TRACE::2026-03-06.22:38:31::SCWMssOS::"ARCHIVER=arm-none-eabi-ar" "COMPILER_FLAGS=  -O2 -c" "EXTRA_COMPILER_FLAGS=-mcpu=cortex-a9 -mfpu=vfpv3 -mfloat-abi=hard -nosta
TRACE::2026-03-06.22:38:31::SCWMssOS::rtfiles -g -Wall -Wextra -fno-tree-loop-distribute-patterns"

TRACE::2026-03-06.22:38:31::SCWMssOS::"Running Make include in ps7_cortexa9_0/libsrc/qspips_v3_13/src"

TRACE::2026-03-06.22:38:31::SCWMssOS::make -C ps7_cortexa9_0/libsrc/qspips_v3_13/src -s include  "SHELL=CMD" "COMPILER=arm-none-eabi-gcc" "ASSEMBLER=arm-none-eabi-as
TRACE::2026-03-06.22:38:31::SCWMssOS::" "ARCHIVER=arm-none-eabi-ar" "COMPILER_FLAGS=  -O2 -c" "EXTRA_COMPILER_FLAGS=-mcpu=cortex-a9 -mfpu=vfpv3 -mfloat-abi=hard -nos
TRACE::2026-03-06.22:38:31::SCWMssOS::tartfiles -g -Wall -Wextra -fno-tree-loop-distribute-patterns"

TRACE::2026-03-06.22:38:31::SCWMssOS::"Running Make include in ps7_cortexa9_0/libsrc/scugic_v5_4/src"

TRACE::2026-03-06.22:38:31::SCWMssOS::make -C ps7_cortexa9_0/libsrc/scugic_v5_4/src -s include  "SHELL=CMD" "COMPILER=arm-none-eabi-gcc" "ASSEMBLER=arm-none-eabi-as"
TRACE::2026-03-06.22:38:31::SCWMssOS:: "ARCHIVER=arm-none-eabi-ar" "COMPILER_FLAGS=  -O2 -c" "EXTRA_COMPILER_FLAGS=-mcpu=cortex-a9 -mfpu=vfpv3 -mfloat-abi=hard -nost
TRACE::2026-03-06.22:38:31::SCWMssOS::artfiles -g -Wall -Wextra -fno-tree-loop-distribute-patterns"

TRACE::2026-03-06.22:38:31::SCWMssOS::"Running Make include in ps7_cortexa9_0/libsrc/scutimer_v2_6/src"

TRACE::2026-03-06.22:38:31::SCWMssOS::make -C ps7_cortexa9_0/libsrc/scutimer_v2_6/src -s include  "SHELL=CMD" "COMPILER=arm-none-eabi-gcc" "ASSEMBLER=arm-none-eabi-a
TRACE::2026-03-06.22:38:31::SCWMssOS::s" "ARCHIVER=arm-none-eabi-ar" "COMPILER_FLAGS=  -O2 -c" "EXTRA_COMPILER_FLAGS=-mcpu=cortex-a9 -mfpu=vfpv3 -mfloat-abi=hard -no
TRACE::2026-03-06.22:38:31::SCWMssOS::startfiles -g -Wall -Wextra -fno-tree-loop-distribute-patterns"

TRACE::2026-03-06.22:38:31::SCWMssOS::"Running Make include in ps7_cortexa9_0/libsrc/scuwdt_v2_6/src"

TRACE::2026-03-06.22:38:31::SCWMssOS::make -C ps7_cortexa9_0/libsrc/scuwdt_v2_6/src -s include  "SHELL=CMD" "COMPILER=arm-none-eabi-gcc" "ASSEMBLER=arm-none-eabi-as"
TRACE::2026-03-06.22:38:31::SCWMssOS:: "ARCHIVER=arm-none-eabi-ar" "COMPILER_FLAGS=  -O2 -c" "EXTRA_COMPILER_FLAGS=-mcpu=cortex-a9 -mfpu=vfpv3 -mfloat-abi=hard -nost
TRACE::2026-03-06.22:38:31::SCWMssOS::artfiles -g -Wall -Wextra -fno-tree-loop-distribute-patterns"

TRACE::2026-03-06.22:38:31::SCWMssOS::"Running Make include in ps7_cortexa9_0/libsrc/sdps_v4_4/src"

TRACE::2026-03-06.22:38:31::SCWMssOS::make -C ps7_cortexa9_0/libsrc/sdps_v4_4/src -s include  "SHELL=CMD" "COMPILER=arm-none-eabi-gcc" "ASSEMBLER=arm-none-eabi-as" "
TRACE::2026-03-06.22:38:31::SCWMssOS::ARCHIVER=arm-none-eabi-ar" "COMPILER_FLAGS=  -O2 -c" "EXTRA_COMPILER_FLAGS=-mcpu=cortex-a9 -mfpu=vfpv3 -mfloat-abi=hard -nostar
TRACE::2026-03-06.22:38:31::SCWMssOS::tfiles -g -Wall -Wextra -fno-tree-loop-distribute-patterns"

TRACE::2026-03-06.22:38:32::SCWMssOS::"Running Make include in ps7_cortexa9_0/libsrc/standalone_v9_2/src"

TRACE::2026-03-06.22:38:32::SCWMssOS::make -C ps7_cortexa9_0/libsrc/standalone_v9_2/src -s include  "SHELL=CMD" "COMPILER=arm-none-eabi-gcc" "ASSEMBLER=arm-none-eabi
TRACE::2026-03-06.22:38:32::SCWMssOS::-as" "ARCHIVER=arm-none-eabi-ar" "COMPILER_FLAGS=  -O2 -c" "EXTRA_COMPILER_FLAGS=-mcpu=cortex-a9 -mfpu=vfpv3 -mfloat-abi=hard -
TRACE::2026-03-06.22:38:32::SCWMssOS::nostartfiles -g -Wall -Wextra -fno-tree-loop-distribute-patterns"

TRACE::2026-03-06.22:38:32::SCWMssOS::"Running Make include in ps7_cortexa9_0/libsrc/ttcps_v3_20/src"

TRACE::2026-03-06.22:38:32::SCWMssOS::make -C ps7_cortexa9_0/libsrc/ttcps_v3_20/src -s include  "SHELL=CMD" "COMPILER=arm-none-eabi-gcc" "ASSEMBLER=arm-none-eabi-as"
TRACE::2026-03-06.22:38:32::SCWMssOS:: "ARCHIVER=arm-none-eabi-ar" "COMPILER_FLAGS=  -O2 -c" "EXTRA_COMPILER_FLAGS=-mcpu=cortex-a9 -mfpu=vfpv3 -mfloat-abi=hard -nost
TRACE::2026-03-06.22:38:32::SCWMssOS::artfiles -g -Wall -Wextra -fno-tree-loop-distribute-patterns"

TRACE::2026-03-06.22:38:32::SCWMssOS::"Running Make include in ps7_cortexa9_0/libsrc/uartps_v3_15/src"

TRACE::2026-03-06.22:38:32::SCWMssOS::make -C ps7_cortexa9_0/libsrc/uartps_v3_15/src -s include  "SHELL=CMD" "COMPILER=arm-none-eabi-gcc" "ASSEMBLER=arm-none-eabi-as
TRACE::2026-03-06.22:38:32::SCWMssOS::" "ARCHIVER=arm-none-eabi-ar" "COMPILER_FLAGS=  -O2 -c" "EXTRA_COMPILER_FLAGS=-mcpu=cortex-a9 -mfpu=vfpv3 -mfloat-abi=hard -nos
TRACE::2026-03-06.22:38:32::SCWMssOS::tartfiles -g -Wall -Wextra -fno-tree-loop-distribute-patterns"

TRACE::2026-03-06.22:38:32::SCWMssOS::"Running Make include in ps7_cortexa9_0/libsrc/usbps_v2_9/src"

TRACE::2026-03-06.22:38:32::SCWMssOS::make -C ps7_cortexa9_0/libsrc/usbps_v2_9/src -s include  "SHELL=CMD" "COMPILER=arm-none-eabi-gcc" "ASSEMBLER=arm-none-eabi-as" 
TRACE::2026-03-06.22:38:32::SCWMssOS::"ARCHIVER=arm-none-eabi-ar" "COMPILER_FLAGS=  -O2 -c" "EXTRA_COMPILER_FLAGS=-mcpu=cortex-a9 -mfpu=vfpv3 -mfloat-abi=hard -nosta
TRACE::2026-03-06.22:38:32::SCWMssOS::rtfiles -g -Wall -Wextra -fno-tree-loop-distribute-patterns"

TRACE::2026-03-06.22:38:32::SCWMssOS::"Running Make include in ps7_cortexa9_0/libsrc/xadcps_v2_7/src"

TRACE::2026-03-06.22:38:32::SCWMssOS::make -C ps7_cortexa9_0/libsrc/xadcps_v2_7/src -s include  "SHELL=CMD" "COMPILER=arm-none-eabi-gcc" "ASSEMBLER=arm-none-eabi-as"
TRACE::2026-03-06.22:38:32::SCWMssOS:: "ARCHIVER=arm-none-eabi-ar" "COMPILER_FLAGS=  -O2 -c" "EXTRA_COMPILER_FLAGS=-mcpu=cortex-a9 -mfpu=vfpv3 -mfloat-abi=hard -nost
TRACE::2026-03-06.22:38:32::SCWMssOS::artfiles -g -Wall -Wextra -fno-tree-loop-distribute-patterns"

TRACE::2026-03-06.22:38:32::SCWMssOS::"Running Make include in ps7_cortexa9_0/libsrc/xilffs_v5_3/src"

TRACE::2026-03-06.22:38:32::SCWMssOS::make -C ps7_cortexa9_0/libsrc/xilffs_v5_3/src -s include  "SHELL=CMD" "COMPILER=arm-none-eabi-gcc" "ASSEMBLER=arm-none-eabi-as"
TRACE::2026-03-06.22:38:32::SCWMssOS:: "ARCHIVER=arm-none-eabi-ar" "COMPILER_FLAGS=  -O2 -c" "EXTRA_COMPILER_FLAGS=-mcpu=cortex-a9 -mfpu=vfpv3 -mfloat-abi=hard -nost
TRACE::2026-03-06.22:38:32::SCWMssOS::artfiles -g -Wall -Wextra -fno-tree-loop-distribute-patterns"

TRACE::2026-03-06.22:38:32::SCWMssOS::"Running Make include in ps7_cortexa9_0/libsrc/xiltimer_v2_1/src"

TRACE::2026-03-06.22:38:32::SCWMssOS::make -C ps7_cortexa9_0/libsrc/xiltimer_v2_1/src -s include  "SHELL=CMD" "COMPILER=arm-none-eabi-gcc" "ASSEMBLER=arm-none-eabi-a
TRACE::2026-03-06.22:38:32::SCWMssOS::s" "ARCHIVER=arm-none-eabi-ar" "COMPILER_FLAGS=  -O2 -c" "EXTRA_COMPILER_FLAGS=-mcpu=cortex-a9 -mfpu=vfpv3 -mfloat-abi=hard -no
TRACE::2026-03-06.22:38:32::SCWMssOS::startfiles -g -Wall -Wextra -fno-tree-loop-distribute-patterns"

TRACE::2026-03-06.22:38:32::SCWMssOS::"Running Make libs in ps7_cortexa9_0/libsrc/coresightps_dcc_v1_11/src"

TRACE::2026-03-06.22:38:32::SCWMssOS::make -C ps7_cortexa9_0/libsrc/coresightps_dcc_v1_11/src -s libs  "SHELL=CMD" "COMPILER=arm-none-eabi-gcc" "ASSEMBLER=arm-none-e
TRACE::2026-03-06.22:38:32::SCWMssOS::abi-as" "ARCHIVER=arm-none-eabi-ar" "COMPILER_FLAGS=  -O2 -c" "EXTRA_COMPILER_FLAGS=-mcpu=cortex-a9 -mfpu=vfpv3 -mfloat-abi=har
TRACE::2026-03-06.22:38:32::SCWMssOS::d -nostartfiles -g -Wall -Wextra -fno-tree-loop-distribute-patterns"

TRACE::2026-03-06.22:38:32::SCWMssOS::"Running Make libs in ps7_cortexa9_0/libsrc/cpu_cortexa9_v2_12/src"

TRACE::2026-03-06.22:38:32::SCWMssOS::make -C ps7_cortexa9_0/libsrc/cpu_cortexa9_v2_12/src -s libs  "SHELL=CMD" "COMPILER=arm-none-eabi-gcc" "ASSEMBLER=arm-none-eabi
TRACE::2026-03-06.22:38:32::SCWMssOS::-as" "ARCHIVER=arm-none-eabi-ar" "COMPILER_FLAGS=  -O2 -c" "EXTRA_COMPILER_FLAGS=-mcpu=cortex-a9 -mfpu=vfpv3 -mfloat-abi=hard -
TRACE::2026-03-06.22:38:32::SCWMssOS::nostartfiles -g -Wall -Wextra -fno-tree-loop-distribute-patterns"

TRACE::2026-03-06.22:38:32::SCWMssOS::"Running Make libs in ps7_cortexa9_0/libsrc/ddrps_v1_2/src"

TRACE::2026-03-06.22:38:32::SCWMssOS::make -C ps7_cortexa9_0/libsrc/ddrps_v1_2/src -s libs  "SHELL=CMD" "COMPILER=arm-none-eabi-gcc" "ASSEMBLER=arm-none-eabi-as" "AR
TRACE::2026-03-06.22:38:32::SCWMssOS::CHIVER=arm-none-eabi-ar" "COMPILER_FLAGS=  -O2 -c" "EXTRA_COMPILER_FLAGS=-mcpu=cortex-a9 -mfpu=vfpv3 -mfloat-abi=hard -nostartf
TRACE::2026-03-06.22:38:32::SCWMssOS::iles -g -Wall -Wextra -fno-tree-loop-distribute-patterns"

TRACE::2026-03-06.22:38:32::SCWMssOS::"Running Make libs in ps7_cortexa9_0/libsrc/devcfg_v3_8/src"

TRACE::2026-03-06.22:38:32::SCWMssOS::make -C ps7_cortexa9_0/libsrc/devcfg_v3_8/src -s libs  "SHELL=CMD" "COMPILER=arm-none-eabi-gcc" "ASSEMBLER=arm-none-eabi-as" "A
TRACE::2026-03-06.22:38:32::SCWMssOS::RCHIVER=arm-none-eabi-ar" "COMPILER_FLAGS=  -O2 -c" "EXTRA_COMPILER_FLAGS=-mcpu=cortex-a9 -mfpu=vfpv3 -mfloat-abi=hard -nostart
TRACE::2026-03-06.22:38:32::SCWMssOS::files -g -Wall -Wextra -fno-tree-loop-distribute-patterns"

TRACE::2026-03-06.22:38:32::SCWMssOS::"Running Make libs in ps7_cortexa9_0/libsrc/dmaps_v2_11/src"

TRACE::2026-03-06.22:38:32::SCWMssOS::make -C ps7_cortexa9_0/libsrc/dmaps_v2_11/src -s libs  "SHELL=CMD" "COMPILER=arm-none-eabi-gcc" "ASSEMBLER=arm-none-eabi-as" "A
TRACE::2026-03-06.22:38:32::SCWMssOS::RCHIVER=arm-none-eabi-ar" "COMPILER_FLAGS=  -O2 -c" "EXTRA_COMPILER_FLAGS=-mcpu=cortex-a9 -mfpu=vfpv3 -mfloat-abi=hard -nostart
TRACE::2026-03-06.22:38:32::SCWMssOS::files -g -Wall -Wextra -fno-tree-loop-distribute-patterns"

TRACE::2026-03-06.22:38:32::SCWMssOS::"Running Make libs in ps7_cortexa9_0/libsrc/emacps_v3_21/src"

TRACE::2026-03-06.22:38:32::SCWMssOS::make -C ps7_cortexa9_0/libsrc/emacps_v3_21/src -s libs  "SHELL=CMD" "COMPILER=arm-none-eabi-gcc" "ASSEMBLER=arm-none-eabi-as" "
TRACE::2026-03-06.22:38:32::SCWMssOS::ARCHIVER=arm-none-eabi-ar" "COMPILER_FLAGS=  -O2 -c" "EXTRA_COMPILER_FLAGS=-mcpu=cortex-a9 -mfpu=vfpv3 -mfloat-abi=hard -nostar
TRACE::2026-03-06.22:38:32::SCWMssOS::tfiles -g -Wall -Wextra -fno-tree-loop-distribute-patterns"

TRACE::2026-03-06.22:38:32::SCWMssOS::"Running Make libs in ps7_cortexa9_0/libsrc/gpiops_v3_13/src"

TRACE::2026-03-06.22:38:32::SCWMssOS::make -C ps7_cortexa9_0/libsrc/gpiops_v3_13/src -s libs  "SHELL=CMD" "COMPILER=arm-none-eabi-gcc" "ASSEMBLER=arm-none-eabi-as" "
TRACE::2026-03-06.22:38:32::SCWMssOS::ARCHIVER=arm-none-eabi-ar" "COMPILER_FLAGS=  -O2 -c" "EXTRA_COMPILER_FLAGS=-mcpu=cortex-a9 -mfpu=vfpv3 -mfloat-abi=hard -nostar
TRACE::2026-03-06.22:38:32::SCWMssOS::tfiles -g -Wall -Wextra -fno-tree-loop-distribute-patterns"

TRACE::2026-03-06.22:38:32::SCWMssOS::"Running Make libs in ps7_cortexa9_0/libsrc/gpio_v4_12/src"

TRACE::2026-03-06.22:38:32::SCWMssOS::make -C ps7_cortexa9_0/libsrc/gpio_v4_12/src -s libs  "SHELL=CMD" "COMPILER=arm-none-eabi-gcc" "ASSEMBLER=arm-none-eabi-as" "AR
TRACE::2026-03-06.22:38:32::SCWMssOS::CHIVER=arm-none-eabi-ar" "COMPILER_FLAGS=  -O2 -c" "EXTRA_COMPILER_FLAGS=-mcpu=cortex-a9 -mfpu=vfpv3 -mfloat-abi=hard -nostartf
TRACE::2026-03-06.22:38:32::SCWMssOS::iles -g -Wall -Wextra -fno-tree-loop-distribute-patterns"

TRACE::2026-03-06.22:38:32::SCWMssOS::"Running Make libs in ps7_cortexa9_0/libsrc/qspips_v3_13/src"

TRACE::2026-03-06.22:38:32::SCWMssOS::make -C ps7_cortexa9_0/libsrc/qspips_v3_13/src -s libs  "SHELL=CMD" "COMPILER=arm-none-eabi-gcc" "ASSEMBLER=arm-none-eabi-as" "
TRACE::2026-03-06.22:38:32::SCWMssOS::ARCHIVER=arm-none-eabi-ar" "COMPILER_FLAGS=  -O2 -c" "EXTRA_COMPILER_FLAGS=-mcpu=cortex-a9 -mfpu=vfpv3 -mfloat-abi=hard -nostar
TRACE::2026-03-06.22:38:32::SCWMssOS::tfiles -g -Wall -Wextra -fno-tree-loop-distribute-patterns"

TRACE::2026-03-06.22:38:32::SCWMssOS::"Running Make libs in ps7_cortexa9_0/libsrc/scugic_v5_4/src"

TRACE::2026-03-06.22:38:32::SCWMssOS::make -C ps7_cortexa9_0/libsrc/scugic_v5_4/src -s libs  "SHELL=CMD" "COMPILER=arm-none-eabi-gcc" "ASSEMBLER=arm-none-eabi-as" "A
TRACE::2026-03-06.22:38:32::SCWMssOS::RCHIVER=arm-none-eabi-ar" "COMPILER_FLAGS=  -O2 -c" "EXTRA_COMPILER_FLAGS=-mcpu=cortex-a9 -mfpu=vfpv3 -mfloat-abi=hard -nostart
TRACE::2026-03-06.22:38:32::SCWMssOS::files -g -Wall -Wextra -fno-tree-loop-distribute-patterns"

TRACE::2026-03-06.22:38:32::SCWMssOS::"Running Make libs in ps7_cortexa9_0/libsrc/scutimer_v2_6/src"

TRACE::2026-03-06.22:38:33::SCWMssOS::make -C ps7_cortexa9_0/libsrc/scutimer_v2_6/src -s libs  "SHELL=CMD" "COMPILER=arm-none-eabi-gcc" "ASSEMBLER=arm-none-eabi-as" 
TRACE::2026-03-06.22:38:33::SCWMssOS::"ARCHIVER=arm-none-eabi-ar" "COMPILER_FLAGS=  -O2 -c" "EXTRA_COMPILER_FLAGS=-mcpu=cortex-a9 -mfpu=vfpv3 -mfloat-abi=hard -nosta
TRACE::2026-03-06.22:38:33::SCWMssOS::rtfiles -g -Wall -Wextra -fno-tree-loop-distribute-patterns"

TRACE::2026-03-06.22:38:33::SCWMssOS::"Running Make libs in ps7_cortexa9_0/libsrc/scuwdt_v2_6/src"

TRACE::2026-03-06.22:38:33::SCWMssOS::make -C ps7_cortexa9_0/libsrc/scuwdt_v2_6/src -s libs  "SHELL=CMD" "COMPILER=arm-none-eabi-gcc" "ASSEMBLER=arm-none-eabi-as" "A
TRACE::2026-03-06.22:38:33::SCWMssOS::RCHIVER=arm-none-eabi-ar" "COMPILER_FLAGS=  -O2 -c" "EXTRA_COMPILER_FLAGS=-mcpu=cortex-a9 -mfpu=vfpv3 -mfloat-abi=hard -nostart
TRACE::2026-03-06.22:38:33::SCWMssOS::files -g -Wall -Wextra -fno-tree-loop-distribute-patterns"

TRACE::2026-03-06.22:38:33::SCWMssOS::"Running Make libs in ps7_cortexa9_0/libsrc/sdps_v4_4/src"

TRACE::2026-03-06.22:38:33::SCWMssOS::make -C ps7_cortexa9_0/libsrc/sdps_v4_4/src -s libs  "SHELL=CMD" "COMPILER=arm-none-eabi-gcc" "ASSEMBLER=arm-none-eabi-as" "ARC
TRACE::2026-03-06.22:38:33::SCWMssOS::HIVER=arm-none-eabi-ar" "COMPILER_FLAGS=  -O2 -c" "EXTRA_COMPILER_FLAGS=-mcpu=cortex-a9 -mfpu=vfpv3 -mfloat-abi=hard -nostartfi
TRACE::2026-03-06.22:38:33::SCWMssOS::les -g -Wall -Wextra -fno-tree-loop-distribute-patterns"

TRACE::2026-03-06.22:38:33::SCWMssOS::"Running Make libs in ps7_cortexa9_0/libsrc/standalone_v9_2/src"

TRACE::2026-03-06.22:38:33::SCWMssOS::make -C ps7_cortexa9_0/libsrc/standalone_v9_2/src -s libs  "SHELL=CMD" "COMPILER=arm-none-eabi-gcc" "ASSEMBLER=arm-none-eabi-as
TRACE::2026-03-06.22:38:33::SCWMssOS::" "ARCHIVER=arm-none-eabi-ar" "COMPILER_FLAGS=  -O2 -c" "EXTRA_COMPILER_FLAGS=-mcpu=cortex-a9 -mfpu=vfpv3 -mfloat-abi=hard -nos
TRACE::2026-03-06.22:38:33::SCWMssOS::tartfiles -g -Wall -Wextra -fno-tree-loop-distribute-patterns"

TRACE::2026-03-06.22:38:33::SCWMssOS::"Running Make libs in ps7_cortexa9_0/libsrc/ttcps_v3_20/src"

TRACE::2026-03-06.22:38:33::SCWMssOS::make -C ps7_cortexa9_0/libsrc/ttcps_v3_20/src -s libs  "SHELL=CMD" "COMPILER=arm-none-eabi-gcc" "ASSEMBLER=arm-none-eabi-as" "A
TRACE::2026-03-06.22:38:33::SCWMssOS::RCHIVER=arm-none-eabi-ar" "COMPILER_FLAGS=  -O2 -c" "EXTRA_COMPILER_FLAGS=-mcpu=cortex-a9 -mfpu=vfpv3 -mfloat-abi=hard -nostart
TRACE::2026-03-06.22:38:33::SCWMssOS::files -g -Wall -Wextra -fno-tree-loop-distribute-patterns"

TRACE::2026-03-06.22:38:33::SCWMssOS::"Running Make libs in ps7_cortexa9_0/libsrc/uartps_v3_15/src"

TRACE::2026-03-06.22:38:33::SCWMssOS::make -C ps7_cortexa9_0/libsrc/uartps_v3_15/src -s libs  "SHELL=CMD" "COMPILER=arm-none-eabi-gcc" "ASSEMBLER=arm-none-eabi-as" "
TRACE::2026-03-06.22:38:33::SCWMssOS::ARCHIVER=arm-none-eabi-ar" "COMPILER_FLAGS=  -O2 -c" "EXTRA_COMPILER_FLAGS=-mcpu=cortex-a9 -mfpu=vfpv3 -mfloat-abi=hard -nostar
TRACE::2026-03-06.22:38:33::SCWMssOS::tfiles -g -Wall -Wextra -fno-tree-loop-distribute-patterns"

TRACE::2026-03-06.22:38:33::SCWMssOS::"Running Make libs in ps7_cortexa9_0/libsrc/usbps_v2_9/src"

TRACE::2026-03-06.22:38:33::SCWMssOS::make -C ps7_cortexa9_0/libsrc/usbps_v2_9/src -s libs  "SHELL=CMD" "COMPILER=arm-none-eabi-gcc" "ASSEMBLER=arm-none-eabi-as" "AR
TRACE::2026-03-06.22:38:33::SCWMssOS::CHIVER=arm-none-eabi-ar" "COMPILER_FLAGS=  -O2 -c" "EXTRA_COMPILER_FLAGS=-mcpu=cortex-a9 -mfpu=vfpv3 -mfloat-abi=hard -nostartf
TRACE::2026-03-06.22:38:33::SCWMssOS::iles -g -Wall -Wextra -fno-tree-loop-distribute-patterns"

TRACE::2026-03-06.22:38:33::SCWMssOS::"Running Make libs in ps7_cortexa9_0/libsrc/xadcps_v2_7/src"

TRACE::2026-03-06.22:38:33::SCWMssOS::make -C ps7_cortexa9_0/libsrc/xadcps_v2_7/src -s libs  "SHELL=CMD" "COMPILER=arm-none-eabi-gcc" "ASSEMBLER=arm-none-eabi-as" "A
TRACE::2026-03-06.22:38:33::SCWMssOS::RCHIVER=arm-none-eabi-ar" "COMPILER_FLAGS=  -O2 -c" "EXTRA_COMPILER_FLAGS=-mcpu=cortex-a9 -mfpu=vfpv3 -mfloat-abi=hard -nostart
TRACE::2026-03-06.22:38:33::SCWMssOS::files -g -Wall -Wextra -fno-tree-loop-distribute-patterns"

TRACE::2026-03-06.22:38:33::SCWMssOS::"Running Make libs in ps7_cortexa9_0/libsrc/xilffs_v5_3/src"

TRACE::2026-03-06.22:38:33::SCWMssOS::make -C ps7_cortexa9_0/libsrc/xilffs_v5_3/src -s libs  "SHELL=CMD" "COMPILER=arm-none-eabi-gcc" "ASSEMBLER=arm-none-eabi-as" "A
TRACE::2026-03-06.22:38:33::SCWMssOS::RCHIVER=arm-none-eabi-ar" "COMPILER_FLAGS=  -O2 -c" "EXTRA_COMPILER_FLAGS=-mcpu=cortex-a9 -mfpu=vfpv3 -mfloat-abi=hard -nostart
TRACE::2026-03-06.22:38:33::SCWMssOS::files -g -Wall -Wextra -fno-tree-loop-distribute-patterns"

TRACE::2026-03-06.22:38:33::SCWMssOS::"Running Make libs in ps7_cortexa9_0/libsrc/xiltimer_v2_1/src"

TRACE::2026-03-06.22:38:33::SCWMssOS::make -C ps7_cortexa9_0/libsrc/xiltimer_v2_1/src -s libs  "SHELL=CMD" "COMPILER=arm-none-eabi-gcc" "ASSEMBLER=arm-none-eabi-as" 
TRACE::2026-03-06.22:38:33::SCWMssOS::"ARCHIVER=arm-none-eabi-ar" "COMPILER_FLAGS=  -O2 -c" "EXTRA_COMPILER_FLAGS=-mcpu=cortex-a9 -mfpu=vfpv3 -mfloat-abi=hard -nosta
TRACE::2026-03-06.22:38:33::SCWMssOS::rtfiles -g -Wall -Wextra -fno-tree-loop-distribute-patterns"

TRACE::2026-03-06.22:38:33::SCWMssOS::"Compiling xiltimer Library"

TRACE::2026-03-06.22:38:34::SCWMssOS::'Finished building libraries parallelly.'

TRACE::2026-03-06.22:38:34::SCWMssOS::make --no-print-directory archive

TRACE::2026-03-06.22:38:34::SCWMssOS::arm-none-eabi-ar -r  ps7_cortexa9_0/lib/libxil.a ps7_cortexa9_0/lib/_exit.o ps7_cortexa9_0/lib/_open.o ps7_cortexa9_0/lib/_sbrk
TRACE::2026-03-06.22:38:34::SCWMssOS::.o ps7_cortexa9_0/lib/abort.o ps7_cortexa9_0/lib/asm_vectors.o ps7_cortexa9_0/lib/boot.o ps7_cortexa9_0/lib/close.o ps7_cortexa
TRACE::2026-03-06.22:38:34::SCWMssOS::9_0/lib/cpputest_time.o ps7_cortexa9_0/lib/cpu_init.o ps7_cortexa9_0/lib/errno.o ps7_cortexa9_0/lib/fcntl.o ps7_cortexa9_0/lib/
TRACE::2026-03-06.22:38:34::SCWMssOS::fstat.o ps7_cortexa9_0/lib/getentropy.o ps7_cortexa9_0/lib/getpid.o ps7_cortexa9_0/lib/gettimeofday.o ps7_cortexa9_0/lib/inbyte
TRACE::2026-03-06.22:38:34::SCWMssOS::.o ps7_cortexa9_0/lib/isatty.o ps7_cortexa9_0/lib/kill.o ps7_cortexa9_0/lib/lseek.o ps7_cortexa9_0/lib/open.o ps7_cortexa9_0/li
TRACE::2026-03-06.22:38:34::SCWMssOS::b/outbyte.o ps7_cortexa9_0/lib/print.o ps7_cortexa9_0/lib/putnum.o ps7_cortexa9_0/lib/read.o ps7_cortexa9_0/lib/sbrk.o ps7_cort
TRACE::2026-03-06.22:38:34::SCWMssOS::exa9_0/lib/time.o ps7_cortexa9_0/lib/translation_table.o ps7_cortexa9_0/lib/unlink.o ps7_cortexa9_0/lib/vectors.o ps7_cortexa9_
TRACE::2026-03-06.22:38:34::SCWMssOS::0/lib/write.o ps7_cortexa9_0/lib/xadcps.o ps7_cortexa9_0/lib/xadcps_g.o ps7_cortexa9_0/lib/xadcps_intr.o ps7_cortexa9_0/lib/xad
TRACE::2026-03-06.22:38:34::SCWMssOS::cps_selftest.o ps7_cortexa9_0/lib/xadcps_sinit.o ps7_cortexa9_0/lib/xcoresightpsdcc.o ps7_cortexa9_0/lib/xdevcfg.o ps7_cortexa9
TRACE::2026-03-06.22:38:34::SCWMssOS::_0/lib/xdevcfg_g.o ps7_cortexa9_0/lib/xdevcfg_hw.o ps7_cortexa9_0/lib/xdevcfg_intr.o ps7_cortexa9_0/lib/xdevcfg_selftest.o ps7_
TRACE::2026-03-06.22:38:34::SCWMssOS::cortexa9_0/lib/xdevcfg_sinit.o ps7_cortexa9_0/lib/xdmaps.o ps7_cortexa9_0/lib/xdmaps_g.o ps7_cortexa9_0/lib/xdmaps_hw.o ps7_cor
TRACE::2026-03-06.22:38:34::SCWMssOS::texa9_0/lib/xdmaps_selftest.o ps7_cortexa9_0/lib/xdmaps_sinit.o ps7_cortexa9_0/lib/xemacps.o ps7_cortexa9_0/lib/xemacps_bdring.
TRACE::2026-03-06.22:38:34::SCWMssOS::o ps7_cortexa9_0/lib/xemacps_control.o ps7_cortexa9_0/lib/xemacps_g.o ps7_cortexa9_0/lib/xemacps_hw.o ps7_cortexa9_0/lib/xemacp
TRACE::2026-03-06.22:38:34::SCWMssOS::s_intr.o ps7_cortexa9_0/lib/xemacps_sinit.o ps7_cortexa9_0/lib/xgpio.o ps7_cortexa9_0/lib/xgpio_extra.o ps7_cortexa9_0/lib/xgpi
TRACE::2026-03-06.22:38:34::SCWMssOS::o_g.o ps7_cortexa9_0/lib/xgpio_intr.o ps7_cortexa9_0/lib/xgpio_selftest.o ps7_cortexa9_0/lib/xgpio_sinit.o ps7_cortexa9_0/lib/x
TRACE::2026-03-06.22:38:34::SCWMssOS::gpiops.o ps7_cortexa9_0/lib/xgpiops_g.o ps7_cortexa9_0/lib/xgpiops_hw.o ps7_cortexa9_0/lib/xgpiops_intr.o ps7_cortexa9_0/lib/xg
TRACE::2026-03-06.22:38:34::SCWMssOS::piops_selftest.o ps7_cortexa9_0/lib/xgpiops_sinit.o ps7_cortexa9_0/lib/xil-crt0.o ps7_cortexa9_0/lib/xil_assert.o ps7_cortexa9_
TRACE::2026-03-06.22:38:34::SCWMssOS::0/lib/xil_cache.o ps7_cortexa9_0/lib/xil_clocking.o ps7_cortexa9_0/lib/xil_exception.o ps7_cortexa9_0/lib/xil_mem.o ps7_cortexa
TRACE::2026-03-06.22:38:34::SCWMssOS::9_0/lib/xil_misc_psreset_api.o ps7_cortexa9_0/lib/xil_mmu.o ps7_cortexa9_0/lib/xil_printf.o ps7_cortexa9_0/lib/xil_spinlock.o p
TRACE::2026-03-06.22:38:34::SCWMssOS::s7_cortexa9_0/lib/xil_sutil.o ps7_cortexa9_0/lib/xil_testcache.o ps7_cortexa9_0/lib/xil_testio.o ps7_cortexa9_0/lib/xil_testmem
TRACE::2026-03-06.22:38:34::SCWMssOS::.o ps7_cortexa9_0/lib/xil_util.o ps7_cortexa9_0/lib/xinterrupt_wrap.o ps7_cortexa9_0/lib/xl2cc_counter.o ps7_cortexa9_0/lib/xpl
TRACE::2026-03-06.22:38:34::SCWMssOS::atform_info.o ps7_cortexa9_0/lib/xpm_counter.o ps7_cortexa9_0/lib/xpm_init.o ps7_cortexa9_0/lib/xqspips.o ps7_cortexa9_0/lib/xq
TRACE::2026-03-06.22:38:34::SCWMssOS::spips_g.o ps7_cortexa9_0/lib/xqspips_hw.o ps7_cortexa9_0/lib/xqspips_options.o ps7_cortexa9_0/lib/xqspips_selftest.o ps7_cortex
TRACE::2026-03-06.22:38:34::SCWMssOS::a9_0/lib/xqspips_sinit.o ps7_cortexa9_0/lib/xscugic.o ps7_cortexa9_0/lib/xscugic_g.o ps7_cortexa9_0/lib/xscugic_hw.o ps7_cortex
TRACE::2026-03-06.22:38:34::SCWMssOS::a9_0/lib/xscugic_intr.o ps7_cortexa9_0/lib/xscugic_selftest.o ps7_cortexa9_0/lib/xscugic_sinit.o ps7_cortexa9_0/lib/xscutimer.o
TRACE::2026-03-06.22:38:34::SCWMssOS:: ps7_cortexa9_0/lib/xscutimer_g.o ps7_cortexa9_0/lib/xscutimer_selftest.o ps7_cortexa9_0/lib/xscutimer_sinit.o ps7_cortexa9_0/l
TRACE::2026-03-06.22:38:34::SCWMssOS::ib/xscuwdt.o ps7_cortexa9_0/lib/xscuwdt_g.o ps7_cortexa9_0/lib/xscuwdt_selftest.o ps7_cortexa9_0/lib/xscuwdt_sinit.o ps7_cortex
TRACE::2026-03-06.22:38:34::SCWMssOS::a9_0/lib/xsdps.o ps7_cortexa9_0/lib/xsdps_card.o ps7_cortexa9_0/lib/xsdps_g.o ps7_cortexa9_0/lib/xsdps_host.o ps7_cortexa9_0/li
TRACE::2026-03-06.22:38:34::SCWMssOS::b/xsdps_options.o ps7_cortexa9_0/lib/xsdps_sinit.o ps7_cortexa9_0/lib/xttcps.o ps7_cortexa9_0/lib/xttcps_g.o ps7_cortexa9_0/lib
TRACE::2026-03-06.22:38:34::SCWMssOS::/xttcps_options.o ps7_cortexa9_0/lib/xttcps_selftest.o ps7_cortexa9_0/lib/xttcps_sinit.o ps7_cortexa9_0/lib/xuartps.o ps7_corte
TRACE::2026-03-06.22:38:34::SCWMssOS::xa9_0/lib/xuartps_g.o ps7_cortexa9_0/lib/xuartps_hw.o ps7_cortexa9_0/lib/xuartps_intr.o ps7_cortexa9_0/lib/xuartps_options.o ps
TRACE::2026-03-06.22:38:34::SCWMssOS::7_cortexa9_0/lib/xuartps_selftest.o ps7_cortexa9_0/lib/xuartps_sinit.o ps7_cortexa9_0/lib/xusbps.o ps7_cortexa9_0/lib/xusbps_en
TRACE::2026-03-06.22:38:34::SCWMssOS::dpoint.o ps7_cortexa9_0/lib/xusbps_g.o ps7_cortexa9_0/lib/xusbps_hw.o ps7_cortexa9_0/lib/xusbps_intr.o ps7_cortexa9_0/lib/xusbp
TRACE::2026-03-06.22:38:34::SCWMssOS::s_sinit.o

TRACE::2026-03-06.22:38:34::SCWMssOS::'Finished building libraries'

TRACE::2026-03-06.22:38:35::SCWMssOS::Copying to export directory.
TRACE::2026-03-06.22:38:35::SCWMssOS:: Checking if to create the Supporting Applications
TRACE::2026-03-06.22:38:35::SCWMssOS:: No Linux domain exists, trying to generate FSBL 
LOG::2026-03-06.22:38:35::SCWSystem::Completed Processing the domain standalone_domain
LOG::2026-03-06.22:38:35::SCWSystem::Completed Processing the sysconfig CNC-PL8
LOG::2026-03-06.22:38:35::SCWPlatform::Completed generating the artifacts for system configuration CNC-PL8
TRACE::2026-03-06.22:38:35::SCWPlatform::Started preparing the platform 
TRACE::2026-03-06.22:38:35::SCWSystem::Writing the bif file for system config CNC-PL8
TRACE::2026-03-06.22:38:35::SCWSystem::dir created 
TRACE::2026-03-06.22:38:35::SCWSystem::Writing the bif 
TRACE::2026-03-06.22:38:35::SCWPlatform::Started writing the spfm file 
TRACE::2026-03-06.22:38:35::SCWPlatform::Started writing the xpfm file 
TRACE::2026-03-06.22:38:35::SCWPlatform::Completed generating the platform
TRACE::2026-03-06.22:38:35::SCWMssOS::Saving the mss changes E:/Git-Repos/CNC-FPGA/Vitis3/CNC-PL8/zynq_fsbl/zynq_fsbl_bsp/system.mss
TRACE::2026-03-06.22:38:35::SCWMssOS::Found a swdesign opened with the mssfile.
TRACE::2026-03-06.22:38:35::SCWMssOS::Completed writemss as part of save.
TRACE::2026-03-06.22:38:35::SCWMssOS::Commit changes completed.
TRACE::2026-03-06.22:38:35::SCWMssOS::Saving the mss changes E:/Git-Repos/CNC-FPGA/Vitis3/CNC-PL8/ps7_cortexa9_0/standalone_domain/bsp/system.mss
TRACE::2026-03-06.22:38:35::SCWMssOS::Found a swdesign opened with the mssfile.
TRACE::2026-03-06.22:38:35::SCWMssOS::Completed writemss as part of save.
TRACE::2026-03-06.22:38:35::SCWMssOS::Commit changes completed.
TRACE::2026-03-06.22:38:35::SCWPlatform::Trying to open the hw design at E:/Git-Repos/CNC-FPGA/Vitis3/CNC-PL8/hw/CNC_Top_wrapper.xsa
TRACE::2026-03-06.22:38:35::SCWPlatform::DSA given E:/Git-Repos/CNC-FPGA/Vitis3/CNC-PL8/hw/CNC_Top_wrapper.xsa
TRACE::2026-03-06.22:38:35::SCWPlatform::DSA absoulate path E:/Git-Repos/CNC-FPGA/Vitis3/CNC-PL8/hw/CNC_Top_wrapper.xsa
TRACE::2026-03-06.22:38:35::SCWPlatform::DSA directory E:/Git-Repos/CNC-FPGA/Vitis3/CNC-PL8/hw
TRACE::2026-03-06.22:38:35::SCWPlatform:: Platform Path E:/Git-Repos/CNC-FPGA/Vitis3/CNC-PL8/hw/CNC_Top_wrapper.xsa
TRACE::2026-03-06.22:38:35::SCWPlatform:: Unique name xilinx:zedboard::0.0
TRACE::2026-03-06.22:38:35::SCWPlatform::Trying to set the existing hwdb with name CNC_Top_wrapper_27
TRACE::2026-03-06.22:38:35::SCWPlatform::Opened existing hwdb CNC_Top_wrapper_27
TRACE::2026-03-06.22:38:35::SCWPlatform::Found the Hw Db part of the input DSA
TRACE::2026-03-06.22:38:35::SCWMssOS::Checking the sw design at  E:/Git-Repos/CNC-FPGA/Vitis3/CNC-PL8/zynq_fsbl/zynq_fsbl_bsp/system.mss
TRACE::2026-03-06.22:38:35::SCWMssOS::DEBUG:  swdes dump  E:/Git-Repos/CNC-FPGA/Vitis3/CNC-PL7/ps7_cortexa9_0/standalone_domain/bsp/system.mss|system||
E:/Git-Repos/CNC-FPGA/Vitis3/CNC-PL7/zynq_fsbl/zynq_fsbl_bsp/system.mss|system_2||
E:/Git-Repos/CNC-FPGA/Vitis3/CNC-PL8/ps7_cortexa9_0/standalone_domain/bsp/system.mss|system_0||
E:/Git-Repos/CNC-FPGA/Vitis3/CNC-PL8/zynq_fsbl/zynq_fsbl_bsp/system.mss|system_1||

TRACE::2026-03-06.22:38:35::SCWMssOS::Sw design exists and opened at  E:/Git-Repos/CNC-FPGA/Vitis3/CNC-PL8/zynq_fsbl/zynq_fsbl_bsp/system.mss
TRACE::2026-03-06.22:38:35::SCWPlatform::Trying to open the hw design at E:/Git-Repos/CNC-FPGA/Vitis3/CNC-PL8/hw/CNC_Top_wrapper.xsa
TRACE::2026-03-06.22:38:35::SCWPlatform::DSA given E:/Git-Repos/CNC-FPGA/Vitis3/CNC-PL8/hw/CNC_Top_wrapper.xsa
TRACE::2026-03-06.22:38:35::SCWPlatform::DSA absoulate path E:/Git-Repos/CNC-FPGA/Vitis3/CNC-PL8/hw/CNC_Top_wrapper.xsa
TRACE::2026-03-06.22:38:35::SCWPlatform::DSA directory E:/Git-Repos/CNC-FPGA/Vitis3/CNC-PL8/hw
TRACE::2026-03-06.22:38:35::SCWPlatform:: Platform Path E:/Git-Repos/CNC-FPGA/Vitis3/CNC-PL8/hw/CNC_Top_wrapper.xsa
TRACE::2026-03-06.22:38:35::SCWPlatform:: Unique name xilinx:zedboard::0.0
TRACE::2026-03-06.22:38:35::SCWPlatform::Trying to set the existing hwdb with name CNC_Top_wrapper_27
TRACE::2026-03-06.22:38:35::SCWPlatform::Opened existing hwdb CNC_Top_wrapper_27
TRACE::2026-03-06.22:38:35::SCWPlatform::Found the Hw Db part of the input DSA
TRACE::2026-03-06.22:38:35::SCWMssOS::Checking the sw design at  E:/Git-Repos/CNC-FPGA/Vitis3/CNC-PL8/ps7_cortexa9_0/standalone_domain/bsp/system.mss
TRACE::2026-03-06.22:38:35::SCWMssOS::DEBUG:  swdes dump  E:/Git-Repos/CNC-FPGA/Vitis3/CNC-PL7/ps7_cortexa9_0/standalone_domain/bsp/system.mss|system||
E:/Git-Repos/CNC-FPGA/Vitis3/CNC-PL7/zynq_fsbl/zynq_fsbl_bsp/system.mss|system_2||
E:/Git-Repos/CNC-FPGA/Vitis3/CNC-PL8/ps7_cortexa9_0/standalone_domain/bsp/system.mss|system_0||
E:/Git-Repos/CNC-FPGA/Vitis3/CNC-PL8/zynq_fsbl/zynq_fsbl_bsp/system.mss|system_1||

TRACE::2026-03-06.22:38:35::SCWMssOS::Sw design exists and opened at  E:/Git-Repos/CNC-FPGA/Vitis3/CNC-PL8/ps7_cortexa9_0/standalone_domain/bsp/system.mss
TRACE::2026-03-06.22:38:35::SCWWriter::formatted JSON is {
	"platformName":	"CNC-PL8",
	"sprVersion":	"2.0",
	"mode":	"gui",
	"dsaType":	"Fixed",
	"platformDesc":	"CNC-PL8",
	"platHandOff":	"E:/Git-Repos/CNC-FPGA/Zedboard-CNC/CNC_Top_wrapper.xsa",
	"platIntHandOff":	"<platformDir>/hw/CNC_Top_wrapper.xsa",
	"deviceType":	"zynq",
	"platIsPrebuiltAutogen":	"false",
	"platIsNoBootBsp":	"false",
	"hasFsblMakeHasChanges":	"false",
	"hasPmufwMakeHasChanges":	"false",
	"fsblExtraCompilerFlags":	"-MMD -MP       -mcpu=cortex-a9 -mfpu=vfpv3 -mfloat-abi=hard ",
	"platPreBuiltFlag":	false,
	"platformSamplesDir":	"",
	"platActiveSys":	"CNC-PL8",
	"systems":	[{
			"systemName":	"CNC-PL8",
			"systemDesc":	"CNC-PL8",
			"sysIsBootAutoGen":	"true",
			"systemDispName":	"CNC-PL8",
			"sysActiveDom":	"standalone_domain",
			"sysDefaultDom":	"standalone_domain",
			"domains":	[{
					"domainName":	"zynq_fsbl",
					"domainDispName":	"zynq_fsbl",
					"domainDesc":	"FSBL Application BSP - Auto Generated.",
					"processors":	"ps7_cortexa9_0",
					"os":	"standalone",
					"sdxOs":	"standalone",
					"debugEnable":	"",
					"domRuntimes":	["cpp"],
					"swRepo":	"",
					"mssOsVer":	"9.2",
					"mssFile":	"",
					"md5Digest":	"8e05dff6cf2b7a5e245cc7c2f785ee81",
					"compatibleApp":	"zynq_fsbl",
					"domType":	"bootDomain",
					"arch":	"32-bit",
					"appSettings":	{
						"appCompilerFlags":	"",
						"appLinkerFlags":	""
					},
					"addedLibs":	["xilffs:5.3", "xilrsa:1.8"],
					"libOptions":	{
						"libsContainingOptions":	[]
					},
					"prebuiltLibs":	{
						"prebuiltIncPath":	[],
						"prebuiltLibPath":	[]
					},
					"isolation":	{
					}
				}, {
					"domainName":	"standalone_domain",
					"domainDispName":	"standalone on ps7_cortexa9_0",
					"domainDesc":	"standalone_domain",
					"processors":	"ps7_cortexa9_0",
					"os":	"standalone",
					"sdxOs":	"standalone",
					"qemuArgs":	"<platformDir>/resources/CNC-PL8/standalone_domain/qemu_args.txt",
					"qemuData":	"<platformDir>/resources/CNC-PL8/standalone_domain/qemu",
					"debugEnable":	"False",
					"domRuntimes":	["cpp"],
					"swRepo":	"",
					"mssOsVer":	"9.2",
					"mssFile":	"",
					"md5Digest":	"c640075ff209ed2086a63792a36be901",
					"compatibleApp":	"",
					"domType":	"mssDomain",
					"appSettings":	{
						"appCompilerFlags":	"",
						"appLinkerFlags":	""
					},
					"addedLibs":	["xilffs:5.3", "xiltimer:2.1"],
					"libOptions":	{
						"libsContainingOptions":	[]
					},
					"prebuiltLibs":	{
						"prebuiltIncPath":	[],
						"prebuiltLibPath":	[]
					},
					"isolation":	{
					}
				}]
		}]
}
KEYINFO::2026-03-06.22:38:35::SCWPlatform::updated the xpfm file.
TRACE::2026-03-06.22:38:35::SCWPlatform::Trying to open the hw design at E:/Git-Repos/CNC-FPGA/Vitis3/CNC-PL8/hw/CNC_Top_wrapper.xsa
TRACE::2026-03-06.22:38:35::SCWPlatform::DSA given E:/Git-Repos/CNC-FPGA/Vitis3/CNC-PL8/hw/CNC_Top_wrapper.xsa
TRACE::2026-03-06.22:38:35::SCWPlatform::DSA absoulate path E:/Git-Repos/CNC-FPGA/Vitis3/CNC-PL8/hw/CNC_Top_wrapper.xsa
TRACE::2026-03-06.22:38:35::SCWPlatform::DSA directory E:/Git-Repos/CNC-FPGA/Vitis3/CNC-PL8/hw
TRACE::2026-03-06.22:38:35::SCWPlatform:: Platform Path E:/Git-Repos/CNC-FPGA/Vitis3/CNC-PL8/hw/CNC_Top_wrapper.xsa
TRACE::2026-03-06.22:38:35::SCWPlatform:: Unique name xilinx:zedboard::0.0
TRACE::2026-03-06.22:38:35::SCWPlatform::Trying to set the existing hwdb with name CNC_Top_wrapper_27
TRACE::2026-03-06.22:38:35::SCWPlatform::Opened existing hwdb CNC_Top_wrapper_27
TRACE::2026-03-06.22:38:35::SCWPlatform::Found the Hw Db part of the input DSA
TRACE::2026-03-06.22:38:35::SCWMssOS::Checking the sw design at  E:/Git-Repos/CNC-FPGA/Vitis3/CNC-PL8/ps7_cortexa9_0/standalone_domain/bsp/system.mss
TRACE::2026-03-06.22:38:35::SCWMssOS::DEBUG:  swdes dump  E:/Git-Repos/CNC-FPGA/Vitis3/CNC-PL7/ps7_cortexa9_0/standalone_domain/bsp/system.mss|system||
E:/Git-Repos/CNC-FPGA/Vitis3/CNC-PL7/zynq_fsbl/zynq_fsbl_bsp/system.mss|system_2||
E:/Git-Repos/CNC-FPGA/Vitis3/CNC-PL8/ps7_cortexa9_0/standalone_domain/bsp/system.mss|system_0||
E:/Git-Repos/CNC-FPGA/Vitis3/CNC-PL8/zynq_fsbl/zynq_fsbl_bsp/system.mss|system_1||

TRACE::2026-03-06.22:38:35::SCWMssOS::Sw design exists and opened at  E:/Git-Repos/CNC-FPGA/Vitis3/CNC-PL8/ps7_cortexa9_0/standalone_domain/bsp/system.mss
TRACE::2026-03-06.22:38:43::SCWBDomain::System Command Ran  E:&  cd  E:/Git-Repos/CNC-FPGA/Vitis3/CNC-PL8/zynq_fsbl & make clean
TRACE::2026-03-06.22:38:43::SCWBDomain::rm -rf  sd.o  nand.o  image_mover.o  md5.o  fsbl_hooks.o  main.o  nor.o  qspi.o  rsa.o  ps7_init.o  pcap.o  fsbl_handoff.o zynq
TRACE::2026-03-06.22:38:43::SCWBDomain::_fsbl_bsp/ps7_cortexa9_0/lib/libxil.a fsbl.elf *.o

TRACE::2026-03-06.22:38:43::SCWBDomain::System Command Ran  E:&  cd  E:/Git-Repos/CNC-FPGA/Vitis3/CNC-PL8/zynq_fsbl/zynq_fsbl_bsp & make clean
TRACE::2026-03-06.22:38:43::SCWBDomain::make -C ps7_cortexa9_0/libsrc/coresightps_dcc_v1_11/src -s clean 

TRACE::2026-03-06.22:38:43::SCWBDomain::make -C ps7_cortexa9_0/libsrc/cpu_cortexa9_v2_12/src -s clean 

TRACE::2026-03-06.22:38:43::SCWBDomain::make -C ps7_cortexa9_0/libsrc/ddrps_v1_2/src -s clean 

TRACE::2026-03-06.22:38:43::SCWBDomain::make -C ps7_cortexa9_0/libsrc/devcfg_v3_8/src -s clean 

TRACE::2026-03-06.22:38:44::SCWBDomain::make -C ps7_cortexa9_0/libsrc/dmaps_v2_11/src -s clean 

TRACE::2026-03-06.22:38:44::SCWBDomain::make -C ps7_cortexa9_0/libsrc/emacps_v3_21/src -s clean 

TRACE::2026-03-06.22:38:44::SCWBDomain::make -C ps7_cortexa9_0/libsrc/gpiops_v3_13/src -s clean 

TRACE::2026-03-06.22:38:44::SCWBDomain::make -C ps7_cortexa9_0/libsrc/gpio_v4_12/src -s clean 

TRACE::2026-03-06.22:38:44::SCWBDomain::make -C ps7_cortexa9_0/libsrc/qspips_v3_13/src -s clean 

TRACE::2026-03-06.22:38:44::SCWBDomain::make -C ps7_cortexa9_0/libsrc/scugic_v5_4/src -s clean 

TRACE::2026-03-06.22:38:44::SCWBDomain::make -C ps7_cortexa9_0/libsrc/scutimer_v2_6/src -s clean 

TRACE::2026-03-06.22:38:45::SCWBDomain::make -C ps7_cortexa9_0/libsrc/scuwdt_v2_6/src -s clean 

TRACE::2026-03-06.22:38:45::SCWBDomain::make -C ps7_cortexa9_0/libsrc/sdps_v4_4/src -s clean 

TRACE::2026-03-06.22:38:45::SCWBDomain::make -C ps7_cortexa9_0/libsrc/standalone_v9_2/src -s clean 

TRACE::2026-03-06.22:38:46::SCWBDomain::make -C ps7_cortexa9_0/libsrc/ttcps_v3_20/src -s clean 

TRACE::2026-03-06.22:38:46::SCWBDomain::make -C ps7_cortexa9_0/libsrc/uartps_v3_15/src -s clean 

TRACE::2026-03-06.22:38:46::SCWBDomain::make -C ps7_cortexa9_0/libsrc/usbps_v2_9/src -s clean 

TRACE::2026-03-06.22:38:46::SCWBDomain::make -C ps7_cortexa9_0/libsrc/xadcps_v2_7/src -s clean 

TRACE::2026-03-06.22:38:46::SCWBDomain::make -C ps7_cortexa9_0/libsrc/xilffs_v5_3/src -s clean 

TRACE::2026-03-06.22:38:46::SCWBDomain::make -C ps7_cortexa9_0/libsrc/xilrsa_v1_8/src -s clean 

TRACE::2026-03-06.22:38:46::SCWBDomain::rm -f ps7_cortexa9_0/lib/libxil.a

TRACE::2026-03-06.22:38:46::SCWMssOS::cleaning the bsp 
TRACE::2026-03-06.22:38:46::SCWMssOS::System Command Ran  E: & cd  E:/Git-Repos/CNC-FPGA/Vitis3/CNC-PL8/ps7_cortexa9_0/standalone_domain/bsp & make clean 
TRACE::2026-03-06.22:38:46::SCWMssOS::make -C ps7_cortexa9_0/libsrc/coresightps_dcc_v1_11/src -s clean 

TRACE::2026-03-06.22:38:46::SCWMssOS::make -C ps7_cortexa9_0/libsrc/cpu_cortexa9_v2_12/src -s clean 

TRACE::2026-03-06.22:38:47::SCWMssOS::make -C ps7_cortexa9_0/libsrc/ddrps_v1_2/src -s clean 

TRACE::2026-03-06.22:38:47::SCWMssOS::make -C ps7_cortexa9_0/libsrc/devcfg_v3_8/src -s clean 

TRACE::2026-03-06.22:38:47::SCWMssOS::make -C ps7_cortexa9_0/libsrc/dmaps_v2_11/src -s clean 

TRACE::2026-03-06.22:38:47::SCWMssOS::make -C ps7_cortexa9_0/libsrc/emacps_v3_21/src -s clean 

TRACE::2026-03-06.22:38:47::SCWMssOS::make -C ps7_cortexa9_0/libsrc/gpiops_v3_13/src -s clean 

TRACE::2026-03-06.22:38:47::SCWMssOS::make -C ps7_cortexa9_0/libsrc/gpio_v4_12/src -s clean 

TRACE::2026-03-06.22:38:47::SCWMssOS::make -C ps7_cortexa9_0/libsrc/qspips_v3_13/src -s clean 

TRACE::2026-03-06.22:38:47::SCWMssOS::make -C ps7_cortexa9_0/libsrc/scugic_v5_4/src -s clean 

TRACE::2026-03-06.22:38:48::SCWMssOS::make -C ps7_cortexa9_0/libsrc/scutimer_v2_6/src -s clean 

TRACE::2026-03-06.22:38:48::SCWMssOS::make -C ps7_cortexa9_0/libsrc/scuwdt_v2_6/src -s clean 

TRACE::2026-03-06.22:38:48::SCWMssOS::make -C ps7_cortexa9_0/libsrc/sdps_v4_4/src -s clean 

TRACE::2026-03-06.22:38:48::SCWMssOS::make -C ps7_cortexa9_0/libsrc/standalone_v9_2/src -s clean 

TRACE::2026-03-06.22:38:49::SCWMssOS::make -C ps7_cortexa9_0/libsrc/ttcps_v3_20/src -s clean 

TRACE::2026-03-06.22:38:49::SCWMssOS::make -C ps7_cortexa9_0/libsrc/uartps_v3_15/src -s clean 

TRACE::2026-03-06.22:38:49::SCWMssOS::make -C ps7_cortexa9_0/libsrc/usbps_v2_9/src -s clean 

TRACE::2026-03-06.22:38:49::SCWMssOS::make -C ps7_cortexa9_0/libsrc/xadcps_v2_7/src -s clean 

TRACE::2026-03-06.22:38:49::SCWMssOS::make -C ps7_cortexa9_0/libsrc/xilffs_v5_3/src -s clean 

TRACE::2026-03-06.22:38:49::SCWMssOS::make -C ps7_cortexa9_0/libsrc/xiltimer_v2_1/src -s clean 

TRACE::2026-03-06.22:38:49::SCWMssOS::rm -f ps7_cortexa9_0/lib/libxil.a

LOG::2026-03-06.22:38:57::SCWPlatform::Started generating the artifacts platform CNC-PL8
TRACE::2026-03-06.22:38:57::SCWPlatform::Sanity checking of platform is completed
LOG::2026-03-06.22:38:57::SCWPlatform::Started generating the artifacts for system configuration CNC-PL8
LOG::2026-03-06.22:38:57::SCWSystem::Checking the domain zynq_fsbl
LOG::2026-03-06.22:38:57::SCWSystem::Doing application build for :  zynq_fsbl
TRACE::2026-03-06.22:38:57::SCWBDomain::Not a forced makefile updation, No changes are present. 
TRACE::2026-03-06.22:38:57::SCWDomain::Building the domain as part of full build :  zynq_fsbl
TRACE::2026-03-06.22:38:57::SCWPlatform::Trying to open the hw design at E:/Git-Repos/CNC-FPGA/Vitis3/CNC-PL8/hw/CNC_Top_wrapper.xsa
TRACE::2026-03-06.22:38:57::SCWPlatform::DSA given E:/Git-Repos/CNC-FPGA/Vitis3/CNC-PL8/hw/CNC_Top_wrapper.xsa
TRACE::2026-03-06.22:38:57::SCWPlatform::DSA absoulate path E:/Git-Repos/CNC-FPGA/Vitis3/CNC-PL8/hw/CNC_Top_wrapper.xsa
TRACE::2026-03-06.22:38:57::SCWPlatform::DSA directory E:/Git-Repos/CNC-FPGA/Vitis3/CNC-PL8/hw
TRACE::2026-03-06.22:38:57::SCWPlatform:: Platform Path E:/Git-Repos/CNC-FPGA/Vitis3/CNC-PL8/hw/CNC_Top_wrapper.xsa
TRACE::2026-03-06.22:38:57::SCWPlatform:: Unique name xilinx:zedboard::0.0
TRACE::2026-03-06.22:38:57::SCWPlatform::Trying to set the existing hwdb with name CNC_Top_wrapper_27
TRACE::2026-03-06.22:38:57::SCWPlatform::Opened existing hwdb CNC_Top_wrapper_27
TRACE::2026-03-06.22:38:57::SCWPlatform::Found the Hw Db part of the input DSA
TRACE::2026-03-06.22:38:57::SCWMssOS::Checking the sw design at  E:/Git-Repos/CNC-FPGA/Vitis3/CNC-PL8/zynq_fsbl/zynq_fsbl_bsp/system.mss
TRACE::2026-03-06.22:38:57::SCWMssOS::DEBUG:  swdes dump  E:/Git-Repos/CNC-FPGA/Vitis3/CNC-PL7/ps7_cortexa9_0/standalone_domain/bsp/system.mss|system||
E:/Git-Repos/CNC-FPGA/Vitis3/CNC-PL7/zynq_fsbl/zynq_fsbl_bsp/system.mss|system_2||
E:/Git-Repos/CNC-FPGA/Vitis3/CNC-PL8/ps7_cortexa9_0/standalone_domain/bsp/system.mss|system_0||
E:/Git-Repos/CNC-FPGA/Vitis3/CNC-PL8/zynq_fsbl/zynq_fsbl_bsp/system.mss|system_1||

TRACE::2026-03-06.22:38:57::SCWMssOS::Sw design exists and opened at  E:/Git-Repos/CNC-FPGA/Vitis3/CNC-PL8/zynq_fsbl/zynq_fsbl_bsp/system.mss
TRACE::2026-03-06.22:38:57::SCWBDomain::Completed writing the mss file at E:/Git-Repos/CNC-FPGA/Vitis3/CNC-PL8/zynq_fsbl/zynq_fsbl_bsp
TRACE::2026-03-06.22:38:57::SCWBDomain::bsp generated is upto date with the mss file. Skipping bsp generation.
TRACE::2026-03-06.22:38:57::SCWBDomain::Not a forced makefile updation, No changes are present. 
TRACE::2026-03-06.22:38:57::SCWBDomain::System Command Ran  E:&  cd  E:/Git-Repos/CNC-FPGA/Vitis3/CNC-PL8/zynq_fsbl& make -C  zynq_fsbl_bsp & make 
TRACE::2026-03-06.22:38:57::SCWBDomain::make: Entering directory 'E:/Git-Repos/CNC-FPGA/Vitis3/CNC-PL8/zynq_fsbl/zynq_fsbl_bsp'

TRACE::2026-03-06.22:38:57::SCWBDomain::make --no-print-directory seq_libs

TRACE::2026-03-06.22:38:57::SCWBDomain::"Running Make include in ps7_cortexa9_0/libsrc/coresightps_dcc_v1_11/src"

TRACE::2026-03-06.22:38:57::SCWBDomain::make -C ps7_cortexa9_0/libsrc/coresightps_dcc_v1_11/src -s include  "SHELL=CMD" "COMPILER=arm-none-eabi-gcc" "ASSEMBLER=arm-non
TRACE::2026-03-06.22:38:57::SCWBDomain::e-eabi-as" "ARCHIVER=arm-none-eabi-ar" "COMPILER_FLAGS=  -O2 -c" "EXTRA_COMPILER_FLAGS=-mcpu=cortex-a9 -mfpu=vfpv3 -mfloat-abi=
TRACE::2026-03-06.22:38:57::SCWBDomain::hard -nostartfiles -g -Wall -Wextra -fno-tree-loop-distribute-patterns"

TRACE::2026-03-06.22:38:57::SCWBDomain::"Running Make include in ps7_cortexa9_0/libsrc/cpu_cortexa9_v2_12/src"

TRACE::2026-03-06.22:38:57::SCWBDomain::make -C ps7_cortexa9_0/libsrc/cpu_cortexa9_v2_12/src -s include  "SHELL=CMD" "COMPILER=arm-none-eabi-gcc" "ASSEMBLER=arm-none-e
TRACE::2026-03-06.22:38:57::SCWBDomain::abi-as" "ARCHIVER=arm-none-eabi-ar" "COMPILER_FLAGS=  -O2 -c" "EXTRA_COMPILER_FLAGS=-mcpu=cortex-a9 -mfpu=vfpv3 -mfloat-abi=har
TRACE::2026-03-06.22:38:57::SCWBDomain::d -nostartfiles -g -Wall -Wextra -fno-tree-loop-distribute-patterns"

TRACE::2026-03-06.22:38:57::SCWBDomain::"Running Make include in ps7_cortexa9_0/libsrc/ddrps_v1_2/src"

TRACE::2026-03-06.22:38:57::SCWBDomain::make -C ps7_cortexa9_0/libsrc/ddrps_v1_2/src -s include  "SHELL=CMD" "COMPILER=arm-none-eabi-gcc" "ASSEMBLER=arm-none-eabi-as" 
TRACE::2026-03-06.22:38:57::SCWBDomain::"ARCHIVER=arm-none-eabi-ar" "COMPILER_FLAGS=  -O2 -c" "EXTRA_COMPILER_FLAGS=-mcpu=cortex-a9 -mfpu=vfpv3 -mfloat-abi=hard -nosta
TRACE::2026-03-06.22:38:57::SCWBDomain::rtfiles -g -Wall -Wextra -fno-tree-loop-distribute-patterns"

TRACE::2026-03-06.22:38:57::SCWBDomain::"Running Make include in ps7_cortexa9_0/libsrc/devcfg_v3_8/src"

TRACE::2026-03-06.22:38:57::SCWBDomain::make -C ps7_cortexa9_0/libsrc/devcfg_v3_8/src -s include  "SHELL=CMD" "COMPILER=arm-none-eabi-gcc" "ASSEMBLER=arm-none-eabi-as"
TRACE::2026-03-06.22:38:57::SCWBDomain:: "ARCHIVER=arm-none-eabi-ar" "COMPILER_FLAGS=  -O2 -c" "EXTRA_COMPILER_FLAGS=-mcpu=cortex-a9 -mfpu=vfpv3 -mfloat-abi=hard -nost
TRACE::2026-03-06.22:38:57::SCWBDomain::artfiles -g -Wall -Wextra -fno-tree-loop-distribute-patterns"

TRACE::2026-03-06.22:38:57::SCWBDomain::"Running Make include in ps7_cortexa9_0/libsrc/dmaps_v2_11/src"

TRACE::2026-03-06.22:38:57::SCWBDomain::make -C ps7_cortexa9_0/libsrc/dmaps_v2_11/src -s include  "SHELL=CMD" "COMPILER=arm-none-eabi-gcc" "ASSEMBLER=arm-none-eabi-as"
TRACE::2026-03-06.22:38:57::SCWBDomain:: "ARCHIVER=arm-none-eabi-ar" "COMPILER_FLAGS=  -O2 -c" "EXTRA_COMPILER_FLAGS=-mcpu=cortex-a9 -mfpu=vfpv3 -mfloat-abi=hard -nost
TRACE::2026-03-06.22:38:57::SCWBDomain::artfiles -g -Wall -Wextra -fno-tree-loop-distribute-patterns"

TRACE::2026-03-06.22:38:58::SCWBDomain::"Running Make include in ps7_cortexa9_0/libsrc/emacps_v3_21/src"

TRACE::2026-03-06.22:38:58::SCWBDomain::make -C ps7_cortexa9_0/libsrc/emacps_v3_21/src -s include  "SHELL=CMD" "COMPILER=arm-none-eabi-gcc" "ASSEMBLER=arm-none-eabi-as
TRACE::2026-03-06.22:38:58::SCWBDomain::" "ARCHIVER=arm-none-eabi-ar" "COMPILER_FLAGS=  -O2 -c" "EXTRA_COMPILER_FLAGS=-mcpu=cortex-a9 -mfpu=vfpv3 -mfloat-abi=hard -nos
TRACE::2026-03-06.22:38:58::SCWBDomain::tartfiles -g -Wall -Wextra -fno-tree-loop-distribute-patterns"

TRACE::2026-03-06.22:38:58::SCWBDomain::"Running Make include in ps7_cortexa9_0/libsrc/gpiops_v3_13/src"

TRACE::2026-03-06.22:38:58::SCWBDomain::make -C ps7_cortexa9_0/libsrc/gpiops_v3_13/src -s include  "SHELL=CMD" "COMPILER=arm-none-eabi-gcc" "ASSEMBLER=arm-none-eabi-as
TRACE::2026-03-06.22:38:58::SCWBDomain::" "ARCHIVER=arm-none-eabi-ar" "COMPILER_FLAGS=  -O2 -c" "EXTRA_COMPILER_FLAGS=-mcpu=cortex-a9 -mfpu=vfpv3 -mfloat-abi=hard -nos
TRACE::2026-03-06.22:38:58::SCWBDomain::tartfiles -g -Wall -Wextra -fno-tree-loop-distribute-patterns"

TRACE::2026-03-06.22:38:58::SCWBDomain::"Running Make include in ps7_cortexa9_0/libsrc/gpio_v4_12/src"

TRACE::2026-03-06.22:38:58::SCWBDomain::make -C ps7_cortexa9_0/libsrc/gpio_v4_12/src -s include  "SHELL=CMD" "COMPILER=arm-none-eabi-gcc" "ASSEMBLER=arm-none-eabi-as" 
TRACE::2026-03-06.22:38:58::SCWBDomain::"ARCHIVER=arm-none-eabi-ar" "COMPILER_FLAGS=  -O2 -c" "EXTRA_COMPILER_FLAGS=-mcpu=cortex-a9 -mfpu=vfpv3 -mfloat-abi=hard -nosta
TRACE::2026-03-06.22:38:58::SCWBDomain::rtfiles -g -Wall -Wextra -fno-tree-loop-distribute-patterns"

TRACE::2026-03-06.22:38:58::SCWBDomain::"Running Make include in ps7_cortexa9_0/libsrc/qspips_v3_13/src"

TRACE::2026-03-06.22:38:58::SCWBDomain::make -C ps7_cortexa9_0/libsrc/qspips_v3_13/src -s include  "SHELL=CMD" "COMPILER=arm-none-eabi-gcc" "ASSEMBLER=arm-none-eabi-as
TRACE::2026-03-06.22:38:58::SCWBDomain::" "ARCHIVER=arm-none-eabi-ar" "COMPILER_FLAGS=  -O2 -c" "EXTRA_COMPILER_FLAGS=-mcpu=cortex-a9 -mfpu=vfpv3 -mfloat-abi=hard -nos
TRACE::2026-03-06.22:38:58::SCWBDomain::tartfiles -g -Wall -Wextra -fno-tree-loop-distribute-patterns"

TRACE::2026-03-06.22:38:58::SCWBDomain::"Running Make include in ps7_cortexa9_0/libsrc/scugic_v5_4/src"

TRACE::2026-03-06.22:38:58::SCWBDomain::make -C ps7_cortexa9_0/libsrc/scugic_v5_4/src -s include  "SHELL=CMD" "COMPILER=arm-none-eabi-gcc" "ASSEMBLER=arm-none-eabi-as"
TRACE::2026-03-06.22:38:58::SCWBDomain:: "ARCHIVER=arm-none-eabi-ar" "COMPILER_FLAGS=  -O2 -c" "EXTRA_COMPILER_FLAGS=-mcpu=cortex-a9 -mfpu=vfpv3 -mfloat-abi=hard -nost
TRACE::2026-03-06.22:38:58::SCWBDomain::artfiles -g -Wall -Wextra -fno-tree-loop-distribute-patterns"

TRACE::2026-03-06.22:38:58::SCWBDomain::"Running Make include in ps7_cortexa9_0/libsrc/scutimer_v2_6/src"

TRACE::2026-03-06.22:38:58::SCWBDomain::make -C ps7_cortexa9_0/libsrc/scutimer_v2_6/src -s include  "SHELL=CMD" "COMPILER=arm-none-eabi-gcc" "ASSEMBLER=arm-none-eabi-a
TRACE::2026-03-06.22:38:58::SCWBDomain::s" "ARCHIVER=arm-none-eabi-ar" "COMPILER_FLAGS=  -O2 -c" "EXTRA_COMPILER_FLAGS=-mcpu=cortex-a9 -mfpu=vfpv3 -mfloat-abi=hard -no
TRACE::2026-03-06.22:38:58::SCWBDomain::startfiles -g -Wall -Wextra -fno-tree-loop-distribute-patterns"

TRACE::2026-03-06.22:38:58::SCWBDomain::"Running Make include in ps7_cortexa9_0/libsrc/scuwdt_v2_6/src"

TRACE::2026-03-06.22:38:58::SCWBDomain::make -C ps7_cortexa9_0/libsrc/scuwdt_v2_6/src -s include  "SHELL=CMD" "COMPILER=arm-none-eabi-gcc" "ASSEMBLER=arm-none-eabi-as"
TRACE::2026-03-06.22:38:58::SCWBDomain:: "ARCHIVER=arm-none-eabi-ar" "COMPILER_FLAGS=  -O2 -c" "EXTRA_COMPILER_FLAGS=-mcpu=cortex-a9 -mfpu=vfpv3 -mfloat-abi=hard -nost
TRACE::2026-03-06.22:38:58::SCWBDomain::artfiles -g -Wall -Wextra -fno-tree-loop-distribute-patterns"

TRACE::2026-03-06.22:38:58::SCWBDomain::"Running Make include in ps7_cortexa9_0/libsrc/sdps_v4_4/src"

TRACE::2026-03-06.22:38:58::SCWBDomain::make -C ps7_cortexa9_0/libsrc/sdps_v4_4/src -s include  "SHELL=CMD" "COMPILER=arm-none-eabi-gcc" "ASSEMBLER=arm-none-eabi-as" "
TRACE::2026-03-06.22:38:58::SCWBDomain::ARCHIVER=arm-none-eabi-ar" "COMPILER_FLAGS=  -O2 -c" "EXTRA_COMPILER_FLAGS=-mcpu=cortex-a9 -mfpu=vfpv3 -mfloat-abi=hard -nostar
TRACE::2026-03-06.22:38:58::SCWBDomain::tfiles -g -Wall -Wextra -fno-tree-loop-distribute-patterns"

TRACE::2026-03-06.22:38:58::SCWBDomain::"Running Make include in ps7_cortexa9_0/libsrc/standalone_v9_2/src"

TRACE::2026-03-06.22:38:58::SCWBDomain::make -C ps7_cortexa9_0/libsrc/standalone_v9_2/src -s include  "SHELL=CMD" "COMPILER=arm-none-eabi-gcc" "ASSEMBLER=arm-none-eabi
TRACE::2026-03-06.22:38:58::SCWBDomain::-as" "ARCHIVER=arm-none-eabi-ar" "COMPILER_FLAGS=  -O2 -c" "EXTRA_COMPILER_FLAGS=-mcpu=cortex-a9 -mfpu=vfpv3 -mfloat-abi=hard -
TRACE::2026-03-06.22:38:58::SCWBDomain::nostartfiles -g -Wall -Wextra -fno-tree-loop-distribute-patterns"

TRACE::2026-03-06.22:38:58::SCWBDomain::"Running Make include in ps7_cortexa9_0/libsrc/ttcps_v3_20/src"

TRACE::2026-03-06.22:38:58::SCWBDomain::make -C ps7_cortexa9_0/libsrc/ttcps_v3_20/src -s include  "SHELL=CMD" "COMPILER=arm-none-eabi-gcc" "ASSEMBLER=arm-none-eabi-as"
TRACE::2026-03-06.22:38:58::SCWBDomain:: "ARCHIVER=arm-none-eabi-ar" "COMPILER_FLAGS=  -O2 -c" "EXTRA_COMPILER_FLAGS=-mcpu=cortex-a9 -mfpu=vfpv3 -mfloat-abi=hard -nost
TRACE::2026-03-06.22:38:58::SCWBDomain::artfiles -g -Wall -Wextra -fno-tree-loop-distribute-patterns"

TRACE::2026-03-06.22:38:58::SCWBDomain::"Running Make include in ps7_cortexa9_0/libsrc/uartps_v3_15/src"

TRACE::2026-03-06.22:38:58::SCWBDomain::make -C ps7_cortexa9_0/libsrc/uartps_v3_15/src -s include  "SHELL=CMD" "COMPILER=arm-none-eabi-gcc" "ASSEMBLER=arm-none-eabi-as
TRACE::2026-03-06.22:38:58::SCWBDomain::" "ARCHIVER=arm-none-eabi-ar" "COMPILER_FLAGS=  -O2 -c" "EXTRA_COMPILER_FLAGS=-mcpu=cortex-a9 -mfpu=vfpv3 -mfloat-abi=hard -nos
TRACE::2026-03-06.22:38:58::SCWBDomain::tartfiles -g -Wall -Wextra -fno-tree-loop-distribute-patterns"

TRACE::2026-03-06.22:38:58::SCWBDomain::"Running Make include in ps7_cortexa9_0/libsrc/usbps_v2_9/src"

TRACE::2026-03-06.22:38:58::SCWBDomain::make -C ps7_cortexa9_0/libsrc/usbps_v2_9/src -s include  "SHELL=CMD" "COMPILER=arm-none-eabi-gcc" "ASSEMBLER=arm-none-eabi-as" 
TRACE::2026-03-06.22:38:58::SCWBDomain::"ARCHIVER=arm-none-eabi-ar" "COMPILER_FLAGS=  -O2 -c" "EXTRA_COMPILER_FLAGS=-mcpu=cortex-a9 -mfpu=vfpv3 -mfloat-abi=hard -nosta
TRACE::2026-03-06.22:38:58::SCWBDomain::rtfiles -g -Wall -Wextra -fno-tree-loop-distribute-patterns"

TRACE::2026-03-06.22:38:58::SCWBDomain::"Running Make include in ps7_cortexa9_0/libsrc/xadcps_v2_7/src"

TRACE::2026-03-06.22:38:58::SCWBDomain::make -C ps7_cortexa9_0/libsrc/xadcps_v2_7/src -s include  "SHELL=CMD" "COMPILER=arm-none-eabi-gcc" "ASSEMBLER=arm-none-eabi-as"
TRACE::2026-03-06.22:38:58::SCWBDomain:: "ARCHIVER=arm-none-eabi-ar" "COMPILER_FLAGS=  -O2 -c" "EXTRA_COMPILER_FLAGS=-mcpu=cortex-a9 -mfpu=vfpv3 -mfloat-abi=hard -nost
TRACE::2026-03-06.22:38:58::SCWBDomain::artfiles -g -Wall -Wextra -fno-tree-loop-distribute-patterns"

TRACE::2026-03-06.22:38:58::SCWBDomain::"Running Make include in ps7_cortexa9_0/libsrc/xilffs_v5_3/src"

TRACE::2026-03-06.22:38:58::SCWBDomain::make -C ps7_cortexa9_0/libsrc/xilffs_v5_3/src -s include  "SHELL=CMD" "COMPILER=arm-none-eabi-gcc" "ASSEMBLER=arm-none-eabi-as"
TRACE::2026-03-06.22:38:58::SCWBDomain:: "ARCHIVER=arm-none-eabi-ar" "COMPILER_FLAGS=  -O2 -c" "EXTRA_COMPILER_FLAGS=-mcpu=cortex-a9 -mfpu=vfpv3 -mfloat-abi=hard -nost
TRACE::2026-03-06.22:38:58::SCWBDomain::artfiles -g -Wall -Wextra -fno-tree-loop-distribute-patterns"

TRACE::2026-03-06.22:38:58::SCWBDomain::"Running Make include in ps7_cortexa9_0/libsrc/xilrsa_v1_8/src"

TRACE::2026-03-06.22:38:58::SCWBDomain::make -C ps7_cortexa9_0/libsrc/xilrsa_v1_8/src -s include  "SHELL=CMD" "COMPILER=arm-none-eabi-gcc" "ASSEMBLER=arm-none-eabi-as"
TRACE::2026-03-06.22:38:58::SCWBDomain:: "ARCHIVER=arm-none-eabi-ar" "COMPILER_FLAGS=  -O2 -c" "EXTRA_COMPILER_FLAGS=-mcpu=cortex-a9 -mfpu=vfpv3 -mfloat-abi=hard -nost
TRACE::2026-03-06.22:38:58::SCWBDomain::artfiles -g -Wall -Wextra -fno-tree-loop-distribute-patterns"

TRACE::2026-03-06.22:38:59::SCWBDomain::"Running Make libs in ps7_cortexa9_0/libsrc/xilrsa_v1_8/src"

TRACE::2026-03-06.22:38:59::SCWBDomain::make -C ps7_cortexa9_0/libsrc/xilrsa_v1_8/src -s libs  "SHELL=CMD" "COMPILER=arm-none-eabi-gcc" "ASSEMBLER=arm-none-eabi-as" "A
TRACE::2026-03-06.22:38:59::SCWBDomain::RCHIVER=arm-none-eabi-ar" "COMPILER_FLAGS=  -O2 -c" "EXTRA_COMPILER_FLAGS=-mcpu=cortex-a9 -mfpu=vfpv3 -mfloat-abi=hard -nostart
TRACE::2026-03-06.22:38:59::SCWBDomain::files -g -Wall -Wextra -fno-tree-loop-distribute-patterns"

TRACE::2026-03-06.22:38:59::SCWBDomain::'Finished building libraries sequentially.'

TRACE::2026-03-06.22:38:59::SCWBDomain::make -j 22 --no-print-directory par_libs

TRACE::2026-03-06.22:38:59::SCWBDomain::"Running Make include in ps7_cortexa9_0/libsrc/coresightps_dcc_v1_11/src"

TRACE::2026-03-06.22:38:59::SCWBDomain::make -C ps7_cortexa9_0/libsrc/coresightps_dcc_v1_11/src -s include  "SHELL=CMD" "COMPILER=arm-none-eabi-gcc" "ASSEMBLER=arm-non
TRACE::2026-03-06.22:38:59::SCWBDomain::e-eabi-as" "ARCHIVER=arm-none-eabi-ar" "COMPILER_FLAGS=  -O2 -c" "EXTRA_COMPILER_FLAGS=-mcpu=cortex-a9 -mfpu=vfpv3 -mfloat-abi=
TRACE::2026-03-06.22:38:59::SCWBDomain::hard -nostartfiles -g -Wall -Wextra -fno-tree-loop-distribute-patterns"

TRACE::2026-03-06.22:38:59::SCWBDomain::"Running Make include in ps7_cortexa9_0/libsrc/cpu_cortexa9_v2_12/src"

TRACE::2026-03-06.22:38:59::SCWBDomain::make -C ps7_cortexa9_0/libsrc/cpu_cortexa9_v2_12/src -s include  "SHELL=CMD" "COMPILER=arm-none-eabi-gcc" "ASSEMBLER=arm-none-e
TRACE::2026-03-06.22:38:59::SCWBDomain::abi-as" "ARCHIVER=arm-none-eabi-ar" "COMPILER_FLAGS=  -O2 -c" "EXTRA_COMPILER_FLAGS=-mcpu=cortex-a9 -mfpu=vfpv3 -mfloat-abi=har
TRACE::2026-03-06.22:38:59::SCWBDomain::d -nostartfiles -g -Wall -Wextra -fno-tree-loop-distribute-patterns"

TRACE::2026-03-06.22:38:59::SCWBDomain::"Running Make include in ps7_cortexa9_0/libsrc/ddrps_v1_2/src"

TRACE::2026-03-06.22:38:59::SCWBDomain::make -C ps7_cortexa9_0/libsrc/ddrps_v1_2/src -s include  "SHELL=CMD" "COMPILER=arm-none-eabi-gcc" "ASSEMBLER=arm-none-eabi-as" 
TRACE::2026-03-06.22:38:59::SCWBDomain::"ARCHIVER=arm-none-eabi-ar" "COMPILER_FLAGS=  -O2 -c" "EXTRA_COMPILER_FLAGS=-mcpu=cortex-a9 -mfpu=vfpv3 -mfloat-abi=hard -nosta
TRACE::2026-03-06.22:38:59::SCWBDomain::rtfiles -g -Wall -Wextra -fno-tree-loop-distribute-patterns"

TRACE::2026-03-06.22:38:59::SCWBDomain::"Running Make include in ps7_cortexa9_0/libsrc/devcfg_v3_8/src"

TRACE::2026-03-06.22:38:59::SCWBDomain::make -C ps7_cortexa9_0/libsrc/devcfg_v3_8/src -s include  "SHELL=CMD" "COMPILER=arm-none-eabi-gcc" "ASSEMBLER=arm-none-eabi-as"
TRACE::2026-03-06.22:38:59::SCWBDomain:: "ARCHIVER=arm-none-eabi-ar" "COMPILER_FLAGS=  -O2 -c" "EXTRA_COMPILER_FLAGS=-mcpu=cortex-a9 -mfpu=vfpv3 -mfloat-abi=hard -nost
TRACE::2026-03-06.22:38:59::SCWBDomain::artfiles -g -Wall -Wextra -fno-tree-loop-distribute-patterns"

TRACE::2026-03-06.22:38:59::SCWBDomain::"Running Make include in ps7_cortexa9_0/libsrc/dmaps_v2_11/src"

TRACE::2026-03-06.22:38:59::SCWBDomain::make -C ps7_cortexa9_0/libsrc/dmaps_v2_11/src -s include  "SHELL=CMD" "COMPILER=arm-none-eabi-gcc" "ASSEMBLER=arm-none-eabi-as"
TRACE::2026-03-06.22:38:59::SCWBDomain:: "ARCHIVER=arm-none-eabi-ar" "COMPILER_FLAGS=  -O2 -c" "EXTRA_COMPILER_FLAGS=-mcpu=cortex-a9 -mfpu=vfpv3 -mfloat-abi=hard -nost
TRACE::2026-03-06.22:38:59::SCWBDomain::artfiles -g -Wall -Wextra -fno-tree-loop-distribute-patterns"

TRACE::2026-03-06.22:38:59::SCWBDomain::"Running Make include in ps7_cortexa9_0/libsrc/emacps_v3_21/src"

TRACE::2026-03-06.22:38:59::SCWBDomain::make -C ps7_cortexa9_0/libsrc/emacps_v3_21/src -s include  "SHELL=CMD" "COMPILER=arm-none-eabi-gcc" "ASSEMBLER=arm-none-eabi-as
TRACE::2026-03-06.22:38:59::SCWBDomain::" "ARCHIVER=arm-none-eabi-ar" "COMPILER_FLAGS=  -O2 -c" "EXTRA_COMPILER_FLAGS=-mcpu=cortex-a9 -mfpu=vfpv3 -mfloat-abi=hard -nos
TRACE::2026-03-06.22:38:59::SCWBDomain::tartfiles -g -Wall -Wextra -fno-tree-loop-distribute-patterns"

TRACE::2026-03-06.22:38:59::SCWBDomain::"Running Make include in ps7_cortexa9_0/libsrc/gpiops_v3_13/src"

TRACE::2026-03-06.22:38:59::SCWBDomain::make -C ps7_cortexa9_0/libsrc/gpiops_v3_13/src -s include  "SHELL=CMD" "COMPILER=arm-none-eabi-gcc" "ASSEMBLER=arm-none-eabi-as
TRACE::2026-03-06.22:38:59::SCWBDomain::" "ARCHIVER=arm-none-eabi-ar" "COMPILER_FLAGS=  -O2 -c" "EXTRA_COMPILER_FLAGS=-mcpu=cortex-a9 -mfpu=vfpv3 -mfloat-abi=hard -nos
TRACE::2026-03-06.22:38:59::SCWBDomain::tartfiles -g -Wall -Wextra -fno-tree-loop-distribute-patterns"

TRACE::2026-03-06.22:38:59::SCWBDomain::"Running Make include in ps7_cortexa9_0/libsrc/gpio_v4_12/src"

TRACE::2026-03-06.22:38:59::SCWBDomain::make -C ps7_cortexa9_0/libsrc/gpio_v4_12/src -s include  "SHELL=CMD" "COMPILER=arm-none-eabi-gcc" "ASSEMBLER=arm-none-eabi-as" 
TRACE::2026-03-06.22:38:59::SCWBDomain::"ARCHIVER=arm-none-eabi-ar" "COMPILER_FLAGS=  -O2 -c" "EXTRA_COMPILER_FLAGS=-mcpu=cortex-a9 -mfpu=vfpv3 -mfloat-abi=hard -nosta
TRACE::2026-03-06.22:38:59::SCWBDomain::rtfiles -g -Wall -Wextra -fno-tree-loop-distribute-patterns"

TRACE::2026-03-06.22:38:59::SCWBDomain::"Running Make include in ps7_cortexa9_0/libsrc/qspips_v3_13/src"

TRACE::2026-03-06.22:38:59::SCWBDomain::make -C ps7_cortexa9_0/libsrc/qspips_v3_13/src -s include  "SHELL=CMD" "COMPILER=arm-none-eabi-gcc" "ASSEMBLER=arm-none-eabi-as
TRACE::2026-03-06.22:38:59::SCWBDomain::" "ARCHIVER=arm-none-eabi-ar" "COMPILER_FLAGS=  -O2 -c" "EXTRA_COMPILER_FLAGS=-mcpu=cortex-a9 -mfpu=vfpv3 -mfloat-abi=hard -nos
TRACE::2026-03-06.22:38:59::SCWBDomain::tartfiles -g -Wall -Wextra -fno-tree-loop-distribute-patterns"

TRACE::2026-03-06.22:38:59::SCWBDomain::"Running Make include in ps7_cortexa9_0/libsrc/scugic_v5_4/src"

TRACE::2026-03-06.22:38:59::SCWBDomain::make -C ps7_cortexa9_0/libsrc/scugic_v5_4/src -s include  "SHELL=CMD" "COMPILER=arm-none-eabi-gcc" "ASSEMBLER=arm-none-eabi-as"
TRACE::2026-03-06.22:38:59::SCWBDomain:: "ARCHIVER=arm-none-eabi-ar" "COMPILER_FLAGS=  -O2 -c" "EXTRA_COMPILER_FLAGS=-mcpu=cortex-a9 -mfpu=vfpv3 -mfloat-abi=hard -nost
TRACE::2026-03-06.22:38:59::SCWBDomain::artfiles -g -Wall -Wextra -fno-tree-loop-distribute-patterns"

TRACE::2026-03-06.22:38:59::SCWBDomain::"Running Make include in ps7_cortexa9_0/libsrc/scutimer_v2_6/src"

TRACE::2026-03-06.22:38:59::SCWBDomain::make -C ps7_cortexa9_0/libsrc/scutimer_v2_6/src -s include  "SHELL=CMD" "COMPILER=arm-none-eabi-gcc" "ASSEMBLER=arm-none-eabi-a
TRACE::2026-03-06.22:38:59::SCWBDomain::s" "ARCHIVER=arm-none-eabi-ar" "COMPILER_FLAGS=  -O2 -c" "EXTRA_COMPILER_FLAGS=-mcpu=cortex-a9 -mfpu=vfpv3 -mfloat-abi=hard -no
TRACE::2026-03-06.22:38:59::SCWBDomain::startfiles -g -Wall -Wextra -fno-tree-loop-distribute-patterns"

TRACE::2026-03-06.22:38:59::SCWBDomain::"Running Make include in ps7_cortexa9_0/libsrc/scuwdt_v2_6/src"

TRACE::2026-03-06.22:38:59::SCWBDomain::make -C ps7_cortexa9_0/libsrc/scuwdt_v2_6/src -s include  "SHELL=CMD" "COMPILER=arm-none-eabi-gcc" "ASSEMBLER=arm-none-eabi-as"
TRACE::2026-03-06.22:38:59::SCWBDomain:: "ARCHIVER=arm-none-eabi-ar" "COMPILER_FLAGS=  -O2 -c" "EXTRA_COMPILER_FLAGS=-mcpu=cortex-a9 -mfpu=vfpv3 -mfloat-abi=hard -nost
TRACE::2026-03-06.22:38:59::SCWBDomain::artfiles -g -Wall -Wextra -fno-tree-loop-distribute-patterns"

TRACE::2026-03-06.22:38:59::SCWBDomain::"Running Make include in ps7_cortexa9_0/libsrc/sdps_v4_4/src"

TRACE::2026-03-06.22:38:59::SCWBDomain::make -C ps7_cortexa9_0/libsrc/sdps_v4_4/src -s include  "SHELL=CMD" "COMPILER=arm-none-eabi-gcc" "ASSEMBLER=arm-none-eabi-as" "
TRACE::2026-03-06.22:38:59::SCWBDomain::ARCHIVER=arm-none-eabi-ar" "COMPILER_FLAGS=  -O2 -c" "EXTRA_COMPILER_FLAGS=-mcpu=cortex-a9 -mfpu=vfpv3 -mfloat-abi=hard -nostar
TRACE::2026-03-06.22:38:59::SCWBDomain::tfiles -g -Wall -Wextra -fno-tree-loop-distribute-patterns"

TRACE::2026-03-06.22:38:59::SCWBDomain::"Running Make include in ps7_cortexa9_0/libsrc/standalone_v9_2/src"

TRACE::2026-03-06.22:38:59::SCWBDomain::make -C ps7_cortexa9_0/libsrc/standalone_v9_2/src -s include  "SHELL=CMD" "COMPILER=arm-none-eabi-gcc" "ASSEMBLER=arm-none-eabi
TRACE::2026-03-06.22:38:59::SCWBDomain::-as" "ARCHIVER=arm-none-eabi-ar" "COMPILER_FLAGS=  -O2 -c" "EXTRA_COMPILER_FLAGS=-mcpu=cortex-a9 -mfpu=vfpv3 -mfloat-abi=hard -
TRACE::2026-03-06.22:38:59::SCWBDomain::nostartfiles -g -Wall -Wextra -fno-tree-loop-distribute-patterns"

TRACE::2026-03-06.22:38:59::SCWBDomain::"Running Make include in ps7_cortexa9_0/libsrc/ttcps_v3_20/src"

TRACE::2026-03-06.22:38:59::SCWBDomain::make -C ps7_cortexa9_0/libsrc/ttcps_v3_20/src -s include  "SHELL=CMD" "COMPILER=arm-none-eabi-gcc" "ASSEMBLER=arm-none-eabi-as"
TRACE::2026-03-06.22:38:59::SCWBDomain:: "ARCHIVER=arm-none-eabi-ar" "COMPILER_FLAGS=  -O2 -c" "EXTRA_COMPILER_FLAGS=-mcpu=cortex-a9 -mfpu=vfpv3 -mfloat-abi=hard -nost
TRACE::2026-03-06.22:38:59::SCWBDomain::artfiles -g -Wall -Wextra -fno-tree-loop-distribute-patterns"

TRACE::2026-03-06.22:38:59::SCWBDomain::"Running Make include in ps7_cortexa9_0/libsrc/uartps_v3_15/src"

TRACE::2026-03-06.22:38:59::SCWBDomain::make -C ps7_cortexa9_0/libsrc/uartps_v3_15/src -s include  "SHELL=CMD" "COMPILER=arm-none-eabi-gcc" "ASSEMBLER=arm-none-eabi-as
TRACE::2026-03-06.22:38:59::SCWBDomain::" "ARCHIVER=arm-none-eabi-ar" "COMPILER_FLAGS=  -O2 -c" "EXTRA_COMPILER_FLAGS=-mcpu=cortex-a9 -mfpu=vfpv3 -mfloat-abi=hard -nos
TRACE::2026-03-06.22:38:59::SCWBDomain::tartfiles -g -Wall -Wextra -fno-tree-loop-distribute-patterns"

TRACE::2026-03-06.22:38:59::SCWBDomain::"Running Make include in ps7_cortexa9_0/libsrc/usbps_v2_9/src"

TRACE::2026-03-06.22:38:59::SCWBDomain::make -C ps7_cortexa9_0/libsrc/usbps_v2_9/src -s include  "SHELL=CMD" "COMPILER=arm-none-eabi-gcc" "ASSEMBLER=arm-none-eabi-as" 
TRACE::2026-03-06.22:38:59::SCWBDomain::"ARCHIVER=arm-none-eabi-ar" "COMPILER_FLAGS=  -O2 -c" "EXTRA_COMPILER_FLAGS=-mcpu=cortex-a9 -mfpu=vfpv3 -mfloat-abi=hard -nosta
TRACE::2026-03-06.22:38:59::SCWBDomain::rtfiles -g -Wall -Wextra -fno-tree-loop-distribute-patterns"

TRACE::2026-03-06.22:38:59::SCWBDomain::"Running Make include in ps7_cortexa9_0/libsrc/xadcps_v2_7/src"

TRACE::2026-03-06.22:38:59::SCWBDomain::make -C ps7_cortexa9_0/libsrc/xadcps_v2_7/src -s include  "SHELL=CMD" "COMPILER=arm-none-eabi-gcc" "ASSEMBLER=arm-none-eabi-as"
TRACE::2026-03-06.22:38:59::SCWBDomain:: "ARCHIVER=arm-none-eabi-ar" "COMPILER_FLAGS=  -O2 -c" "EXTRA_COMPILER_FLAGS=-mcpu=cortex-a9 -mfpu=vfpv3 -mfloat-abi=hard -nost
TRACE::2026-03-06.22:38:59::SCWBDomain::artfiles -g -Wall -Wextra -fno-tree-loop-distribute-patterns"

TRACE::2026-03-06.22:38:59::SCWBDomain::"Running Make include in ps7_cortexa9_0/libsrc/xilffs_v5_3/src"

TRACE::2026-03-06.22:38:59::SCWBDomain::make -C ps7_cortexa9_0/libsrc/xilffs_v5_3/src -s include  "SHELL=CMD" "COMPILER=arm-none-eabi-gcc" "ASSEMBLER=arm-none-eabi-as"
TRACE::2026-03-06.22:38:59::SCWBDomain:: "ARCHIVER=arm-none-eabi-ar" "COMPILER_FLAGS=  -O2 -c" "EXTRA_COMPILER_FLAGS=-mcpu=cortex-a9 -mfpu=vfpv3 -mfloat-abi=hard -nost
TRACE::2026-03-06.22:38:59::SCWBDomain::artfiles -g -Wall -Wextra -fno-tree-loop-distribute-patterns"

TRACE::2026-03-06.22:38:59::SCWBDomain::"Running Make include in ps7_cortexa9_0/libsrc/xilrsa_v1_8/src"

TRACE::2026-03-06.22:38:59::SCWBDomain::make -C ps7_cortexa9_0/libsrc/xilrsa_v1_8/src -s include  "SHELL=CMD" "COMPILER=arm-none-eabi-gcc" "ASSEMBLER=arm-none-eabi-as"
TRACE::2026-03-06.22:38:59::SCWBDomain:: "ARCHIVER=arm-none-eabi-ar" "COMPILER_FLAGS=  -O2 -c" "EXTRA_COMPILER_FLAGS=-mcpu=cortex-a9 -mfpu=vfpv3 -mfloat-abi=hard -nost
TRACE::2026-03-06.22:38:59::SCWBDomain::artfiles -g -Wall -Wextra -fno-tree-loop-distribute-patterns"

TRACE::2026-03-06.22:38:59::SCWBDomain::"Running Make libs in ps7_cortexa9_0/libsrc/coresightps_dcc_v1_11/src"

TRACE::2026-03-06.22:38:59::SCWBDomain::make -C ps7_cortexa9_0/libsrc/coresightps_dcc_v1_11/src -s libs  "SHELL=CMD" "COMPILER=arm-none-eabi-gcc" "ASSEMBLER=arm-none-e
TRACE::2026-03-06.22:38:59::SCWBDomain::abi-as" "ARCHIVER=arm-none-eabi-ar" "COMPILER_FLAGS=  -O2 -c" "EXTRA_COMPILER_FLAGS=-mcpu=cortex-a9 -mfpu=vfpv3 -mfloat-abi=har
TRACE::2026-03-06.22:38:59::SCWBDomain::d -nostartfiles -g -Wall -Wextra -fno-tree-loop-distribute-patterns"

TRACE::2026-03-06.22:38:59::SCWBDomain::"Running Make libs in ps7_cortexa9_0/libsrc/cpu_cortexa9_v2_12/src"

TRACE::2026-03-06.22:38:59::SCWBDomain::make -C ps7_cortexa9_0/libsrc/cpu_cortexa9_v2_12/src -s libs  "SHELL=CMD" "COMPILER=arm-none-eabi-gcc" "ASSEMBLER=arm-none-eabi
TRACE::2026-03-06.22:38:59::SCWBDomain::-as" "ARCHIVER=arm-none-eabi-ar" "COMPILER_FLAGS=  -O2 -c" "EXTRA_COMPILER_FLAGS=-mcpu=cortex-a9 -mfpu=vfpv3 -mfloat-abi=hard -
TRACE::2026-03-06.22:38:59::SCWBDomain::nostartfiles -g -Wall -Wextra -fno-tree-loop-distribute-patterns"

TRACE::2026-03-06.22:38:59::SCWBDomain::"Running Make libs in ps7_cortexa9_0/libsrc/ddrps_v1_2/src"

TRACE::2026-03-06.22:38:59::SCWBDomain::make -C ps7_cortexa9_0/libsrc/ddrps_v1_2/src -s libs  "SHELL=CMD" "COMPILER=arm-none-eabi-gcc" "ASSEMBLER=arm-none-eabi-as" "AR
TRACE::2026-03-06.22:38:59::SCWBDomain::CHIVER=arm-none-eabi-ar" "COMPILER_FLAGS=  -O2 -c" "EXTRA_COMPILER_FLAGS=-mcpu=cortex-a9 -mfpu=vfpv3 -mfloat-abi=hard -nostartf
TRACE::2026-03-06.22:38:59::SCWBDomain::iles -g -Wall -Wextra -fno-tree-loop-distribute-patterns"

TRACE::2026-03-06.22:38:59::SCWBDomain::"Running Make libs in ps7_cortexa9_0/libsrc/devcfg_v3_8/src"

TRACE::2026-03-06.22:38:59::SCWBDomain::make -C ps7_cortexa9_0/libsrc/devcfg_v3_8/src -s libs  "SHELL=CMD" "COMPILER=arm-none-eabi-gcc" "ASSEMBLER=arm-none-eabi-as" "A
TRACE::2026-03-06.22:38:59::SCWBDomain::RCHIVER=arm-none-eabi-ar" "COMPILER_FLAGS=  -O2 -c" "EXTRA_COMPILER_FLAGS=-mcpu=cortex-a9 -mfpu=vfpv3 -mfloat-abi=hard -nostart
TRACE::2026-03-06.22:38:59::SCWBDomain::files -g -Wall -Wextra -fno-tree-loop-distribute-patterns"

TRACE::2026-03-06.22:38:59::SCWBDomain::"Running Make libs in ps7_cortexa9_0/libsrc/dmaps_v2_11/src"

TRACE::2026-03-06.22:38:59::SCWBDomain::make -C ps7_cortexa9_0/libsrc/dmaps_v2_11/src -s libs  "SHELL=CMD" "COMPILER=arm-none-eabi-gcc" "ASSEMBLER=arm-none-eabi-as" "A
TRACE::2026-03-06.22:38:59::SCWBDomain::RCHIVER=arm-none-eabi-ar" "COMPILER_FLAGS=  -O2 -c" "EXTRA_COMPILER_FLAGS=-mcpu=cortex-a9 -mfpu=vfpv3 -mfloat-abi=hard -nostart
TRACE::2026-03-06.22:38:59::SCWBDomain::files -g -Wall -Wextra -fno-tree-loop-distribute-patterns"

TRACE::2026-03-06.22:38:59::SCWBDomain::"Running Make libs in ps7_cortexa9_0/libsrc/emacps_v3_21/src"

TRACE::2026-03-06.22:38:59::SCWBDomain::make -C ps7_cortexa9_0/libsrc/emacps_v3_21/src -s libs  "SHELL=CMD" "COMPILER=arm-none-eabi-gcc" "ASSEMBLER=arm-none-eabi-as" "
TRACE::2026-03-06.22:38:59::SCWBDomain::ARCHIVER=arm-none-eabi-ar" "COMPILER_FLAGS=  -O2 -c" "EXTRA_COMPILER_FLAGS=-mcpu=cortex-a9 -mfpu=vfpv3 -mfloat-abi=hard -nostar
TRACE::2026-03-06.22:38:59::SCWBDomain::tfiles -g -Wall -Wextra -fno-tree-loop-distribute-patterns"

TRACE::2026-03-06.22:38:59::SCWBDomain::"Running Make libs in ps7_cortexa9_0/libsrc/gpiops_v3_13/src"

TRACE::2026-03-06.22:38:59::SCWBDomain::make -C ps7_cortexa9_0/libsrc/gpiops_v3_13/src -s libs  "SHELL=CMD" "COMPILER=arm-none-eabi-gcc" "ASSEMBLER=arm-none-eabi-as" "
TRACE::2026-03-06.22:38:59::SCWBDomain::ARCHIVER=arm-none-eabi-ar" "COMPILER_FLAGS=  -O2 -c" "EXTRA_COMPILER_FLAGS=-mcpu=cortex-a9 -mfpu=vfpv3 -mfloat-abi=hard -nostar
TRACE::2026-03-06.22:38:59::SCWBDomain::tfiles -g -Wall -Wextra -fno-tree-loop-distribute-patterns"

TRACE::2026-03-06.22:38:59::SCWBDomain::"Running Make libs in ps7_cortexa9_0/libsrc/gpio_v4_12/src"

TRACE::2026-03-06.22:38:59::SCWBDomain::make -C ps7_cortexa9_0/libsrc/gpio_v4_12/src -s libs  "SHELL=CMD" "COMPILER=arm-none-eabi-gcc" "ASSEMBLER=arm-none-eabi-as" "AR
TRACE::2026-03-06.22:38:59::SCWBDomain::CHIVER=arm-none-eabi-ar" "COMPILER_FLAGS=  -O2 -c" "EXTRA_COMPILER_FLAGS=-mcpu=cortex-a9 -mfpu=vfpv3 -mfloat-abi=hard -nostartf
TRACE::2026-03-06.22:38:59::SCWBDomain::iles -g -Wall -Wextra -fno-tree-loop-distribute-patterns"

TRACE::2026-03-06.22:38:59::SCWBDomain::"Running Make libs in ps7_cortexa9_0/libsrc/qspips_v3_13/src"

TRACE::2026-03-06.22:38:59::SCWBDomain::make -C ps7_cortexa9_0/libsrc/qspips_v3_13/src -s libs  "SHELL=CMD" "COMPILER=arm-none-eabi-gcc" "ASSEMBLER=arm-none-eabi-as" "
TRACE::2026-03-06.22:38:59::SCWBDomain::ARCHIVER=arm-none-eabi-ar" "COMPILER_FLAGS=  -O2 -c" "EXTRA_COMPILER_FLAGS=-mcpu=cortex-a9 -mfpu=vfpv3 -mfloat-abi=hard -nostar
TRACE::2026-03-06.22:38:59::SCWBDomain::tfiles -g -Wall -Wextra -fno-tree-loop-distribute-patterns"

TRACE::2026-03-06.22:38:59::SCWBDomain::"Running Make libs in ps7_cortexa9_0/libsrc/scugic_v5_4/src"

TRACE::2026-03-06.22:38:59::SCWBDomain::make -C ps7_cortexa9_0/libsrc/scugic_v5_4/src -s libs  "SHELL=CMD" "COMPILER=arm-none-eabi-gcc" "ASSEMBLER=arm-none-eabi-as" "A
TRACE::2026-03-06.22:38:59::SCWBDomain::RCHIVER=arm-none-eabi-ar" "COMPILER_FLAGS=  -O2 -c" "EXTRA_COMPILER_FLAGS=-mcpu=cortex-a9 -mfpu=vfpv3 -mfloat-abi=hard -nostart
TRACE::2026-03-06.22:38:59::SCWBDomain::files -g -Wall -Wextra -fno-tree-loop-distribute-patterns"

TRACE::2026-03-06.22:38:59::SCWBDomain::"Running Make libs in ps7_cortexa9_0/libsrc/scutimer_v2_6/src"

TRACE::2026-03-06.22:38:59::SCWBDomain::make -C ps7_cortexa9_0/libsrc/scutimer_v2_6/src -s libs  "SHELL=CMD" "COMPILER=arm-none-eabi-gcc" "ASSEMBLER=arm-none-eabi-as" 
TRACE::2026-03-06.22:38:59::SCWBDomain::"ARCHIVER=arm-none-eabi-ar" "COMPILER_FLAGS=  -O2 -c" "EXTRA_COMPILER_FLAGS=-mcpu=cortex-a9 -mfpu=vfpv3 -mfloat-abi=hard -nosta
TRACE::2026-03-06.22:38:59::SCWBDomain::rtfiles -g -Wall -Wextra -fno-tree-loop-distribute-patterns"

TRACE::2026-03-06.22:39:00::SCWBDomain::"Running Make libs in ps7_cortexa9_0/libsrc/scuwdt_v2_6/src"

TRACE::2026-03-06.22:39:00::SCWBDomain::make -C ps7_cortexa9_0/libsrc/scuwdt_v2_6/src -s libs  "SHELL=CMD" "COMPILER=arm-none-eabi-gcc" "ASSEMBLER=arm-none-eabi-as" "A
TRACE::2026-03-06.22:39:00::SCWBDomain::RCHIVER=arm-none-eabi-ar" "COMPILER_FLAGS=  -O2 -c" "EXTRA_COMPILER_FLAGS=-mcpu=cortex-a9 -mfpu=vfpv3 -mfloat-abi=hard -nostart
TRACE::2026-03-06.22:39:00::SCWBDomain::files -g -Wall -Wextra -fno-tree-loop-distribute-patterns"

TRACE::2026-03-06.22:39:00::SCWBDomain::"Running Make libs in ps7_cortexa9_0/libsrc/sdps_v4_4/src"

TRACE::2026-03-06.22:39:00::SCWBDomain::make -C ps7_cortexa9_0/libsrc/sdps_v4_4/src -s libs  "SHELL=CMD" "COMPILER=arm-none-eabi-gcc" "ASSEMBLER=arm-none-eabi-as" "ARC
TRACE::2026-03-06.22:39:00::SCWBDomain::HIVER=arm-none-eabi-ar" "COMPILER_FLAGS=  -O2 -c" "EXTRA_COMPILER_FLAGS=-mcpu=cortex-a9 -mfpu=vfpv3 -mfloat-abi=hard -nostartfi
TRACE::2026-03-06.22:39:00::SCWBDomain::les -g -Wall -Wextra -fno-tree-loop-distribute-patterns"

TRACE::2026-03-06.22:39:00::SCWBDomain::"Running Make libs in ps7_cortexa9_0/libsrc/standalone_v9_2/src"

TRACE::2026-03-06.22:39:00::SCWBDomain::make -C ps7_cortexa9_0/libsrc/standalone_v9_2/src -s libs  "SHELL=CMD" "COMPILER=arm-none-eabi-gcc" "ASSEMBLER=arm-none-eabi-as
TRACE::2026-03-06.22:39:00::SCWBDomain::" "ARCHIVER=arm-none-eabi-ar" "COMPILER_FLAGS=  -O2 -c" "EXTRA_COMPILER_FLAGS=-mcpu=cortex-a9 -mfpu=vfpv3 -mfloat-abi=hard -nos
TRACE::2026-03-06.22:39:00::SCWBDomain::tartfiles -g -Wall -Wextra -fno-tree-loop-distribute-patterns"

TRACE::2026-03-06.22:39:00::SCWBDomain::"Running Make libs in ps7_cortexa9_0/libsrc/ttcps_v3_20/src"

TRACE::2026-03-06.22:39:00::SCWBDomain::make -C ps7_cortexa9_0/libsrc/ttcps_v3_20/src -s libs  "SHELL=CMD" "COMPILER=arm-none-eabi-gcc" "ASSEMBLER=arm-none-eabi-as" "A
TRACE::2026-03-06.22:39:00::SCWBDomain::RCHIVER=arm-none-eabi-ar" "COMPILER_FLAGS=  -O2 -c" "EXTRA_COMPILER_FLAGS=-mcpu=cortex-a9 -mfpu=vfpv3 -mfloat-abi=hard -nostart
TRACE::2026-03-06.22:39:00::SCWBDomain::files -g -Wall -Wextra -fno-tree-loop-distribute-patterns"

TRACE::2026-03-06.22:39:00::SCWBDomain::"Running Make libs in ps7_cortexa9_0/libsrc/uartps_v3_15/src"

TRACE::2026-03-06.22:39:00::SCWBDomain::make -C ps7_cortexa9_0/libsrc/uartps_v3_15/src -s libs  "SHELL=CMD" "COMPILER=arm-none-eabi-gcc" "ASSEMBLER=arm-none-eabi-as" "
TRACE::2026-03-06.22:39:00::SCWBDomain::ARCHIVER=arm-none-eabi-ar" "COMPILER_FLAGS=  -O2 -c" "EXTRA_COMPILER_FLAGS=-mcpu=cortex-a9 -mfpu=vfpv3 -mfloat-abi=hard -nostar
TRACE::2026-03-06.22:39:00::SCWBDomain::tfiles -g -Wall -Wextra -fno-tree-loop-distribute-patterns"

TRACE::2026-03-06.22:39:00::SCWBDomain::"Running Make libs in ps7_cortexa9_0/libsrc/usbps_v2_9/src"

TRACE::2026-03-06.22:39:00::SCWBDomain::make -C ps7_cortexa9_0/libsrc/usbps_v2_9/src -s libs  "SHELL=CMD" "COMPILER=arm-none-eabi-gcc" "ASSEMBLER=arm-none-eabi-as" "AR
TRACE::2026-03-06.22:39:00::SCWBDomain::CHIVER=arm-none-eabi-ar" "COMPILER_FLAGS=  -O2 -c" "EXTRA_COMPILER_FLAGS=-mcpu=cortex-a9 -mfpu=vfpv3 -mfloat-abi=hard -nostartf
TRACE::2026-03-06.22:39:00::SCWBDomain::iles -g -Wall -Wextra -fno-tree-loop-distribute-patterns"

TRACE::2026-03-06.22:39:00::SCWBDomain::"Running Make libs in ps7_cortexa9_0/libsrc/xadcps_v2_7/src"

TRACE::2026-03-06.22:39:00::SCWBDomain::make -C ps7_cortexa9_0/libsrc/xadcps_v2_7/src -s libs  "SHELL=CMD" "COMPILER=arm-none-eabi-gcc" "ASSEMBLER=arm-none-eabi-as" "A
TRACE::2026-03-06.22:39:00::SCWBDomain::RCHIVER=arm-none-eabi-ar" "COMPILER_FLAGS=  -O2 -c" "EXTRA_COMPILER_FLAGS=-mcpu=cortex-a9 -mfpu=vfpv3 -mfloat-abi=hard -nostart
TRACE::2026-03-06.22:39:00::SCWBDomain::files -g -Wall -Wextra -fno-tree-loop-distribute-patterns"

TRACE::2026-03-06.22:39:00::SCWBDomain::"Running Make libs in ps7_cortexa9_0/libsrc/xilffs_v5_3/src"

TRACE::2026-03-06.22:39:00::SCWBDomain::make -C ps7_cortexa9_0/libsrc/xilffs_v5_3/src -s libs  "SHELL=CMD" "COMPILER=arm-none-eabi-gcc" "ASSEMBLER=arm-none-eabi-as" "A
TRACE::2026-03-06.22:39:00::SCWBDomain::RCHIVER=arm-none-eabi-ar" "COMPILER_FLAGS=  -O2 -c" "EXTRA_COMPILER_FLAGS=-mcpu=cortex-a9 -mfpu=vfpv3 -mfloat-abi=hard -nostart
TRACE::2026-03-06.22:39:00::SCWBDomain::files -g -Wall -Wextra -fno-tree-loop-distribute-patterns"

TRACE::2026-03-06.22:39:01::SCWBDomain::'Finished building libraries parallelly.'

TRACE::2026-03-06.22:39:01::SCWBDomain::make --no-print-directory archive

TRACE::2026-03-06.22:39:02::SCWBDomain::arm-none-eabi-ar -r  ps7_cortexa9_0/lib/libxil.a ps7_cortexa9_0/lib/_exit.o ps7_cortexa9_0/lib/_open.o ps7_cortexa9_0/lib/_sbrk
TRACE::2026-03-06.22:39:02::SCWBDomain::.o ps7_cortexa9_0/lib/abort.o ps7_cortexa9_0/lib/asm_vectors.o ps7_cortexa9_0/lib/boot.o ps7_cortexa9_0/lib/close.o ps7_cortexa
TRACE::2026-03-06.22:39:02::SCWBDomain::9_0/lib/cpputest_time.o ps7_cortexa9_0/lib/cpu_init.o ps7_cortexa9_0/lib/errno.o ps7_cortexa9_0/lib/fcntl.o ps7_cortexa9_0/lib/
TRACE::2026-03-06.22:39:02::SCWBDomain::fstat.o ps7_cortexa9_0/lib/getentropy.o ps7_cortexa9_0/lib/getpid.o ps7_cortexa9_0/lib/gettimeofday.o ps7_cortexa9_0/lib/inbyte
TRACE::2026-03-06.22:39:02::SCWBDomain::.o ps7_cortexa9_0/lib/isatty.o ps7_cortexa9_0/lib/kill.o ps7_cortexa9_0/lib/lseek.o ps7_cortexa9_0/lib/open.o ps7_cortexa9_0/li
TRACE::2026-03-06.22:39:02::SCWBDomain::b/outbyte.o ps7_cortexa9_0/lib/print.o ps7_cortexa9_0/lib/putnum.o ps7_cortexa9_0/lib/read.o ps7_cortexa9_0/lib/sbrk.o ps7_cort
TRACE::2026-03-06.22:39:02::SCWBDomain::exa9_0/lib/sleep.o ps7_cortexa9_0/lib/time.o ps7_cortexa9_0/lib/translation_table.o ps7_cortexa9_0/lib/unlink.o ps7_cortexa9_0/
TRACE::2026-03-06.22:39:02::SCWBDomain::lib/usleep.o ps7_cortexa9_0/lib/vectors.o ps7_cortexa9_0/lib/write.o ps7_cortexa9_0/lib/xadcps.o ps7_cortexa9_0/lib/xadcps_g.o 
TRACE::2026-03-06.22:39:02::SCWBDomain::ps7_cortexa9_0/lib/xadcps_intr.o ps7_cortexa9_0/lib/xadcps_selftest.o ps7_cortexa9_0/lib/xadcps_sinit.o ps7_cortexa9_0/lib/xcor
TRACE::2026-03-06.22:39:02::SCWBDomain::esightpsdcc.o ps7_cortexa9_0/lib/xdevcfg.o ps7_cortexa9_0/lib/xdevcfg_g.o ps7_cortexa9_0/lib/xdevcfg_hw.o ps7_cortexa9_0/lib/xd
TRACE::2026-03-06.22:39:02::SCWBDomain::evcfg_intr.o ps7_cortexa9_0/lib/xdevcfg_selftest.o ps7_cortexa9_0/lib/xdevcfg_sinit.o ps7_cortexa9_0/lib/xdmaps.o ps7_cortexa9_
TRACE::2026-03-06.22:39:02::SCWBDomain::0/lib/xdmaps_g.o ps7_cortexa9_0/lib/xdmaps_hw.o ps7_cortexa9_0/lib/xdmaps_selftest.o ps7_cortexa9_0/lib/xdmaps_sinit.o ps7_cort
TRACE::2026-03-06.22:39:02::SCWBDomain::exa9_0/lib/xemacps.o ps7_cortexa9_0/lib/xemacps_bdring.o ps7_cortexa9_0/lib/xemacps_control.o ps7_cortexa9_0/lib/xemacps_g.o ps
TRACE::2026-03-06.22:39:02::SCWBDomain::7_cortexa9_0/lib/xemacps_hw.o ps7_cortexa9_0/lib/xemacps_intr.o ps7_cortexa9_0/lib/xemacps_sinit.o ps7_cortexa9_0/lib/xgpio.o p
TRACE::2026-03-06.22:39:02::SCWBDomain::s7_cortexa9_0/lib/xgpio_extra.o ps7_cortexa9_0/lib/xgpio_g.o ps7_cortexa9_0/lib/xgpio_intr.o ps7_cortexa9_0/lib/xgpio_selftest.
TRACE::2026-03-06.22:39:02::SCWBDomain::o ps7_cortexa9_0/lib/xgpio_sinit.o ps7_cortexa9_0/lib/xgpiops.o ps7_cortexa9_0/lib/xgpiops_g.o ps7_cortexa9_0/lib/xgpiops_hw.o 
TRACE::2026-03-06.22:39:02::SCWBDomain::ps7_cortexa9_0/lib/xgpiops_intr.o ps7_cortexa9_0/lib/xgpiops_selftest.o ps7_cortexa9_0/lib/xgpiops_sinit.o ps7_cortexa9_0/lib/x
TRACE::2026-03-06.22:39:02::SCWBDomain::il-crt0.o ps7_cortexa9_0/lib/xil_assert.o ps7_cortexa9_0/lib/xil_cache.o ps7_cortexa9_0/lib/xil_clocking.o ps7_cortexa9_0/lib/x
TRACE::2026-03-06.22:39:02::SCWBDomain::il_exception.o ps7_cortexa9_0/lib/xil_mem.o ps7_cortexa9_0/lib/xil_misc_psreset_api.o ps7_cortexa9_0/lib/xil_mmu.o ps7_cortexa9
TRACE::2026-03-06.22:39:02::SCWBDomain::_0/lib/xil_printf.o ps7_cortexa9_0/lib/xil_sleepcommon.o ps7_cortexa9_0/lib/xil_sleeptimer.o ps7_cortexa9_0/lib/xil_spinlock.o 
TRACE::2026-03-06.22:39:02::SCWBDomain::ps7_cortexa9_0/lib/xil_sutil.o ps7_cortexa9_0/lib/xil_testcache.o ps7_cortexa9_0/lib/xil_testio.o ps7_cortexa9_0/lib/xil_testme
TRACE::2026-03-06.22:39:02::SCWBDomain::m.o ps7_cortexa9_0/lib/xil_util.o ps7_cortexa9_0/lib/xinterrupt_wrap.o ps7_cortexa9_0/lib/xl2cc_counter.o ps7_cortexa9_0/lib/xp
TRACE::2026-03-06.22:39:02::SCWBDomain::latform_info.o ps7_cortexa9_0/lib/xpm_counter.o ps7_cortexa9_0/lib/xpm_init.o ps7_cortexa9_0/lib/xqspips.o ps7_cortexa9_0/lib/x
TRACE::2026-03-06.22:39:02::SCWBDomain::qspips_g.o ps7_cortexa9_0/lib/xqspips_hw.o ps7_cortexa9_0/lib/xqspips_options.o ps7_cortexa9_0/lib/xqspips_selftest.o ps7_corte
TRACE::2026-03-06.22:39:02::SCWBDomain::xa9_0/lib/xqspips_sinit.o ps7_cortexa9_0/lib/xscugic.o ps7_cortexa9_0/lib/xscugic_g.o ps7_cortexa9_0/lib/xscugic_hw.o ps7_corte
TRACE::2026-03-06.22:39:02::SCWBDomain::xa9_0/lib/xscugic_intr.o ps7_cortexa9_0/lib/xscugic_selftest.o ps7_cortexa9_0/lib/xscugic_sinit.o ps7_cortexa9_0/lib/xscutimer.
TRACE::2026-03-06.22:39:02::SCWBDomain::o ps7_cortexa9_0/lib/xscutimer_g.o ps7_cortexa9_0/lib/xscutimer_selftest.o ps7_cortexa9_0/lib/xscutimer_sinit.o ps7_cortexa9_0/
TRACE::2026-03-06.22:39:02::SCWBDomain::lib/xscuwdt.o ps7_cortexa9_0/lib/xscuwdt_g.o ps7_cortexa9_0/lib/xscuwdt_selftest.o ps7_cortexa9_0/lib/xscuwdt_sinit.o ps7_corte
TRACE::2026-03-06.22:39:02::SCWBDomain::xa9_0/lib/xsdps.o ps7_cortexa9_0/lib/xsdps_card.o ps7_cortexa9_0/lib/xsdps_g.o ps7_cortexa9_0/lib/xsdps_host.o ps7_cortexa9_0/l
TRACE::2026-03-06.22:39:02::SCWBDomain::ib/xsdps_options.o ps7_cortexa9_0/lib/xsdps_sinit.o ps7_cortexa9_0/lib/xtime_l.o ps7_cortexa9_0/lib/xttcps.o ps7_cortexa9_0/lib
TRACE::2026-03-06.22:39:02::SCWBDomain::/xttcps_g.o ps7_cortexa9_0/lib/xttcps_options.o ps7_cortexa9_0/lib/xttcps_selftest.o ps7_cortexa9_0/lib/xttcps_sinit.o ps7_cort
TRACE::2026-03-06.22:39:02::SCWBDomain::exa9_0/lib/xuartps.o ps7_cortexa9_0/lib/xuartps_g.o ps7_cortexa9_0/lib/xuartps_hw.o ps7_cortexa9_0/lib/xuartps_intr.o ps7_corte
TRACE::2026-03-06.22:39:02::SCWBDomain::xa9_0/lib/xuartps_options.o ps7_cortexa9_0/lib/xuartps_selftest.o ps7_cortexa9_0/lib/xuartps_sinit.o ps7_cortexa9_0/lib/xusbps.
TRACE::2026-03-06.22:39:02::SCWBDomain::o ps7_cortexa9_0/lib/xusbps_endpoint.o ps7_cortexa9_0/lib/xusbps_g.o ps7_cortexa9_0/lib/xusbps_hw.o ps7_cortexa9_0/lib/xusbps_i
TRACE::2026-03-06.22:39:02::SCWBDomain::ntr.o ps7_cortexa9_0/lib/xusbps_sinit.o

TRACE::2026-03-06.22:39:02::SCWBDomain::'Finished building libraries'

TRACE::2026-03-06.22:39:02::SCWBDomain::make: Leaving directory 'E:/Git-Repos/CNC-FPGA/Vitis3/CNC-PL8/zynq_fsbl/zynq_fsbl_bsp'

TRACE::2026-03-06.22:39:02::SCWBDomain::arm-none-eabi-gcc  -O2 -c -MMD -MP       -mcpu=cortex-a9 -mfpu=vfpv3 -mfloat-abi=hard  -c sd.c -o sd.o -Izynq_fsbl_bsp/ps7_cort
TRACE::2026-03-06.22:39:02::SCWBDomain::exa9_0/include -I.

TRACE::2026-03-06.22:39:02::SCWBDomain::arm-none-eabi-gcc  -O2 -c -MMD -MP       -mcpu=cortex-a9 -mfpu=vfpv3 -mfloat-abi=hard  -c nand.c -o nand.o -Izynq_fsbl_bsp/ps7_
TRACE::2026-03-06.22:39:02::SCWBDomain::cortexa9_0/include -I.

TRACE::2026-03-06.22:39:02::SCWBDomain::arm-none-eabi-gcc  -O2 -c -MMD -MP       -mcpu=cortex-a9 -mfpu=vfpv3 -mfloat-abi=hard  -c image_mover.c -o image_mover.o -Izynq
TRACE::2026-03-06.22:39:02::SCWBDomain::_fsbl_bsp/ps7_cortexa9_0/include -I.

TRACE::2026-03-06.22:39:02::SCWBDomain::arm-none-eabi-gcc  -O2 -c -MMD -MP       -mcpu=cortex-a9 -mfpu=vfpv3 -mfloat-abi=hard  -c md5.c -o md5.o -Izynq_fsbl_bsp/ps7_co
TRACE::2026-03-06.22:39:02::SCWBDomain::rtexa9_0/include -I.

TRACE::2026-03-06.22:39:03::SCWBDomain::arm-none-eabi-gcc  -O2 -c -MMD -MP       -mcpu=cortex-a9 -mfpu=vfpv3 -mfloat-abi=hard  -c fsbl_hooks.c -o fsbl_hooks.o -Izynq_f
TRACE::2026-03-06.22:39:03::SCWBDomain::sbl_bsp/ps7_cortexa9_0/include -I.

TRACE::2026-03-06.22:39:03::SCWBDomain::arm-none-eabi-gcc  -O2 -c -MMD -MP       -mcpu=cortex-a9 -mfpu=vfpv3 -mfloat-abi=hard  -c main.c -o main.o -Izynq_fsbl_bsp/ps7_
TRACE::2026-03-06.22:39:03::SCWBDomain::cortexa9_0/include -I.

TRACE::2026-03-06.22:39:03::SCWBDomain::arm-none-eabi-gcc  -O2 -c -MMD -MP       -mcpu=cortex-a9 -mfpu=vfpv3 -mfloat-abi=hard  -c rsa.c -o rsa.o -Izynq_fsbl_bsp/ps7_co
TRACE::2026-03-06.22:39:03::SCWBDomain::rtexa9_0/include -I.

TRACE::2026-03-06.22:39:03::SCWBDomain::arm-none-eabi-gcc  -O2 -c -MMD -MP       -mcpu=cortex-a9 -mfpu=vfpv3 -mfloat-abi=hard  -c nor.c -o nor.o -Izynq_fsbl_bsp/ps7_co
TRACE::2026-03-06.22:39:03::SCWBDomain::rtexa9_0/include -I.

TRACE::2026-03-06.22:39:04::SCWBDomain::arm-none-eabi-gcc  -O2 -c -MMD -MP       -mcpu=cortex-a9 -mfpu=vfpv3 -mfloat-abi=hard  -c qspi.c -o qspi.o -Izynq_fsbl_bsp/ps7_
TRACE::2026-03-06.22:39:04::SCWBDomain::cortexa9_0/include -I.

TRACE::2026-03-06.22:39:04::SCWBDomain::arm-none-eabi-gcc  -O2 -c -MMD -MP       -mcpu=cortex-a9 -mfpu=vfpv3 -mfloat-abi=hard  -c ps7_init.c -o ps7_init.o -Izynq_fsbl_
TRACE::2026-03-06.22:39:04::SCWBDomain::bsp/ps7_cortexa9_0/include -I.

TRACE::2026-03-06.22:39:04::SCWBDomain::arm-none-eabi-gcc  -O2 -c -MMD -MP       -mcpu=cortex-a9 -mfpu=vfpv3 -mfloat-abi=hard  -c pcap.c -o pcap.o -Izynq_fsbl_bsp/ps7_
TRACE::2026-03-06.22:39:04::SCWBDomain::cortexa9_0/include -I.

TRACE::2026-03-06.22:39:04::SCWBDomain::arm-none-eabi-gcc  -O2 -c -MMD -MP       -mcpu=cortex-a9 -mfpu=vfpv3 -mfloat-abi=hard  -c fsbl_handoff.S -o fsbl_handoff.o -Izy
TRACE::2026-03-06.22:39:04::SCWBDomain::nq_fsbl_bsp/ps7_cortexa9_0/include -I.

TRACE::2026-03-06.22:39:05::SCWBDomain::arm-none-eabi-gcc -o fsbl.elf fsbl_handoff.o fsbl_hooks.o image_mover.o main.o md5.o nand.o nor.o pcap.o ps7_init.o qspi.o rsa.
TRACE::2026-03-06.22:39:05::SCWBDomain::o sd.o -MMD -MP       -mcpu=cortex-a9 -mfpu=vfpv3 -mfloat-abi=hard   -mcpu=cortex-a9 -mfpu=vfpv3 -mfloat-abi=hard -Wl,-build-id
TRACE::2026-03-06.22:39:05::SCWBDomain::=none -specs=Xilinx.spec  -lrsa -Wl,--start-group,-lxil,-lgcc,-lc,--end-group -Wl,--start-group,-lxilffs,-lxil,-lgcc,-lc,--end-
TRACE::2026-03-06.22:39:05::SCWBDomain::group -Wl,--start-group,-lrsa,-lxil,-lgcc,-lc,--end-group                                         -Wl,--gc-sections -Lzynq_fsbl
TRACE::2026-03-06.22:39:05::SCWBDomain::_bsp/ps7_cortexa9_0/lib -L./ -Tlscript.ld

LOG::2026-03-06.22:39:05::SCWSystem::Checking the domain standalone_domain
LOG::2026-03-06.22:39:05::SCWSystem::Not a boot domain 
LOG::2026-03-06.22:39:05::SCWSystem::Started Processing the domain standalone_domain
TRACE::2026-03-06.22:39:05::SCWDomain::Generating domain artifcats
TRACE::2026-03-06.22:39:05::SCWMssOS::Generating standalone artifcats
TRACE::2026-03-06.22:39:05::SCWMssOS::Copying the qemu file from  E:/Git-Repos/CNC-FPGA/Vitis3/CNC-PL8/resources/CNC-PL8/standalone_domain/qemu_args.txt To E:/Git-Repos/CNC-FPGA/Vitis3/CNC-PL8/export/CNC-PL8/sw/CNC-PL8/qemu/
TRACE::2026-03-06.22:39:05::SCWMssOS::Copying the qemu file from  E:/Git-Repos/CNC-FPGA/Vitis3/CNC-PL8/resources/CNC-PL8/standalone_domain/qemu_args.txt To E:/Git-Repos/CNC-FPGA/Vitis3/CNC-PL8/export/CNC-PL8/sw/CNC-PL8/standalone_domain/qemu/
TRACE::2026-03-06.22:39:05::SCWMssOS:: Copying the user libraries. 
TRACE::2026-03-06.22:39:05::SCWPlatform::Trying to open the hw design at E:/Git-Repos/CNC-FPGA/Vitis3/CNC-PL8/hw/CNC_Top_wrapper.xsa
TRACE::2026-03-06.22:39:05::SCWPlatform::DSA given E:/Git-Repos/CNC-FPGA/Vitis3/CNC-PL8/hw/CNC_Top_wrapper.xsa
TRACE::2026-03-06.22:39:05::SCWPlatform::DSA absoulate path E:/Git-Repos/CNC-FPGA/Vitis3/CNC-PL8/hw/CNC_Top_wrapper.xsa
TRACE::2026-03-06.22:39:05::SCWPlatform::DSA directory E:/Git-Repos/CNC-FPGA/Vitis3/CNC-PL8/hw
TRACE::2026-03-06.22:39:05::SCWPlatform:: Platform Path E:/Git-Repos/CNC-FPGA/Vitis3/CNC-PL8/hw/CNC_Top_wrapper.xsa
TRACE::2026-03-06.22:39:05::SCWPlatform:: Unique name xilinx:zedboard::0.0
TRACE::2026-03-06.22:39:05::SCWPlatform::Trying to set the existing hwdb with name CNC_Top_wrapper_27
TRACE::2026-03-06.22:39:05::SCWPlatform::Opened existing hwdb CNC_Top_wrapper_27
TRACE::2026-03-06.22:39:05::SCWPlatform::Found the Hw Db part of the input DSA
TRACE::2026-03-06.22:39:05::SCWMssOS::Checking the sw design at  E:/Git-Repos/CNC-FPGA/Vitis3/CNC-PL8/ps7_cortexa9_0/standalone_domain/bsp/system.mss
TRACE::2026-03-06.22:39:05::SCWMssOS::DEBUG:  swdes dump  E:/Git-Repos/CNC-FPGA/Vitis3/CNC-PL7/ps7_cortexa9_0/standalone_domain/bsp/system.mss|system||
E:/Git-Repos/CNC-FPGA/Vitis3/CNC-PL7/zynq_fsbl/zynq_fsbl_bsp/system.mss|system_2||
E:/Git-Repos/CNC-FPGA/Vitis3/CNC-PL8/ps7_cortexa9_0/standalone_domain/bsp/system.mss|system_0||
E:/Git-Repos/CNC-FPGA/Vitis3/CNC-PL8/zynq_fsbl/zynq_fsbl_bsp/system.mss|system_1||

TRACE::2026-03-06.22:39:05::SCWMssOS::Sw design exists and opened at  E:/Git-Repos/CNC-FPGA/Vitis3/CNC-PL8/ps7_cortexa9_0/standalone_domain/bsp/system.mss
TRACE::2026-03-06.22:39:05::SCWMssOS::Completed writing the mss file at E:/Git-Repos/CNC-FPGA/Vitis3/CNC-PL8/ps7_cortexa9_0/standalone_domain/bsp
TRACE::2026-03-06.22:39:05::SCWMssOS::Mss edits present, copying mssfile into export location E:/Git-Repos/CNC-FPGA/Vitis3/CNC-PL8/ps7_cortexa9_0/standalone_domain/bsp/system.mss
TRACE::2026-03-06.22:39:05::SCWMssOS::bsp generated is upto date with the mss file. Skipping bsp generation.
TRACE::2026-03-06.22:39:05::SCWMssOS::BSP is already built. skipping the bsp build ... 
TRACE::2026-03-06.22:39:05::SCWDomain::Building the domain as part of full build :  standalone_domain
TRACE::2026-03-06.22:39:05::SCWMssOS::doing bsp build ... 
TRACE::2026-03-06.22:39:05::SCWMssOS::System Command Ran  E: & cd  E:/Git-Repos/CNC-FPGA/Vitis3/CNC-PL8/ps7_cortexa9_0/standalone_domain/bsp & make 
TRACE::2026-03-06.22:39:05::SCWMssOS::make --no-print-directory seq_libs

TRACE::2026-03-06.22:39:05::SCWMssOS::'Finished building libraries sequentially.'

TRACE::2026-03-06.22:39:05::SCWMssOS::make -j 22 --no-print-directory par_libs

TRACE::2026-03-06.22:39:05::SCWMssOS::"Running Make include in ps7_cortexa9_0/libsrc/coresightps_dcc_v1_11/src"

TRACE::2026-03-06.22:39:05::SCWMssOS::make -C ps7_cortexa9_0/libsrc/coresightps_dcc_v1_11/src -s include  "SHELL=CMD" "COMPILER=arm-none-eabi-gcc" "ASSEMBLER=arm-non
TRACE::2026-03-06.22:39:05::SCWMssOS::e-eabi-as" "ARCHIVER=arm-none-eabi-ar" "COMPILER_FLAGS=  -O2 -c" "EXTRA_COMPILER_FLAGS=-mcpu=cortex-a9 -mfpu=vfpv3 -mfloat-abi=
TRACE::2026-03-06.22:39:05::SCWMssOS::hard -nostartfiles -g -Wall -Wextra -fno-tree-loop-distribute-patterns"

TRACE::2026-03-06.22:39:05::SCWMssOS::"Running Make include in ps7_cortexa9_0/libsrc/cpu_cortexa9_v2_12/src"

TRACE::2026-03-06.22:39:05::SCWMssOS::make -C ps7_cortexa9_0/libsrc/cpu_cortexa9_v2_12/src -s include  "SHELL=CMD" "COMPILER=arm-none-eabi-gcc" "ASSEMBLER=arm-none-e
TRACE::2026-03-06.22:39:05::SCWMssOS::abi-as" "ARCHIVER=arm-none-eabi-ar" "COMPILER_FLAGS=  -O2 -c" "EXTRA_COMPILER_FLAGS=-mcpu=cortex-a9 -mfpu=vfpv3 -mfloat-abi=har
TRACE::2026-03-06.22:39:05::SCWMssOS::d -nostartfiles -g -Wall -Wextra -fno-tree-loop-distribute-patterns"

TRACE::2026-03-06.22:39:05::SCWMssOS::"Running Make include in ps7_cortexa9_0/libsrc/ddrps_v1_2/src"

TRACE::2026-03-06.22:39:05::SCWMssOS::make -C ps7_cortexa9_0/libsrc/ddrps_v1_2/src -s include  "SHELL=CMD" "COMPILER=arm-none-eabi-gcc" "ASSEMBLER=arm-none-eabi-as" 
TRACE::2026-03-06.22:39:05::SCWMssOS::"ARCHIVER=arm-none-eabi-ar" "COMPILER_FLAGS=  -O2 -c" "EXTRA_COMPILER_FLAGS=-mcpu=cortex-a9 -mfpu=vfpv3 -mfloat-abi=hard -nosta
TRACE::2026-03-06.22:39:05::SCWMssOS::rtfiles -g -Wall -Wextra -fno-tree-loop-distribute-patterns"

TRACE::2026-03-06.22:39:05::SCWMssOS::"Running Make include in ps7_cortexa9_0/libsrc/devcfg_v3_8/src"

TRACE::2026-03-06.22:39:05::SCWMssOS::make -C ps7_cortexa9_0/libsrc/devcfg_v3_8/src -s include  "SHELL=CMD" "COMPILER=arm-none-eabi-gcc" "ASSEMBLER=arm-none-eabi-as"
TRACE::2026-03-06.22:39:05::SCWMssOS:: "ARCHIVER=arm-none-eabi-ar" "COMPILER_FLAGS=  -O2 -c" "EXTRA_COMPILER_FLAGS=-mcpu=cortex-a9 -mfpu=vfpv3 -mfloat-abi=hard -nost
TRACE::2026-03-06.22:39:05::SCWMssOS::artfiles -g -Wall -Wextra -fno-tree-loop-distribute-patterns"

TRACE::2026-03-06.22:39:05::SCWMssOS::"Running Make include in ps7_cortexa9_0/libsrc/dmaps_v2_11/src"

TRACE::2026-03-06.22:39:05::SCWMssOS::make -C ps7_cortexa9_0/libsrc/dmaps_v2_11/src -s include  "SHELL=CMD" "COMPILER=arm-none-eabi-gcc" "ASSEMBLER=arm-none-eabi-as"
TRACE::2026-03-06.22:39:05::SCWMssOS:: "ARCHIVER=arm-none-eabi-ar" "COMPILER_FLAGS=  -O2 -c" "EXTRA_COMPILER_FLAGS=-mcpu=cortex-a9 -mfpu=vfpv3 -mfloat-abi=hard -nost
TRACE::2026-03-06.22:39:05::SCWMssOS::artfiles -g -Wall -Wextra -fno-tree-loop-distribute-patterns"

TRACE::2026-03-06.22:39:05::SCWMssOS::"Running Make include in ps7_cortexa9_0/libsrc/emacps_v3_21/src"

TRACE::2026-03-06.22:39:05::SCWMssOS::make -C ps7_cortexa9_0/libsrc/emacps_v3_21/src -s include  "SHELL=CMD" "COMPILER=arm-none-eabi-gcc" "ASSEMBLER=arm-none-eabi-as
TRACE::2026-03-06.22:39:05::SCWMssOS::" "ARCHIVER=arm-none-eabi-ar" "COMPILER_FLAGS=  -O2 -c" "EXTRA_COMPILER_FLAGS=-mcpu=cortex-a9 -mfpu=vfpv3 -mfloat-abi=hard -nos
TRACE::2026-03-06.22:39:05::SCWMssOS::tartfiles -g -Wall -Wextra -fno-tree-loop-distribute-patterns"

TRACE::2026-03-06.22:39:05::SCWMssOS::"Running Make include in ps7_cortexa9_0/libsrc/gpiops_v3_13/src"

TRACE::2026-03-06.22:39:05::SCWMssOS::make -C ps7_cortexa9_0/libsrc/gpiops_v3_13/src -s include  "SHELL=CMD" "COMPILER=arm-none-eabi-gcc" "ASSEMBLER=arm-none-eabi-as
TRACE::2026-03-06.22:39:05::SCWMssOS::" "ARCHIVER=arm-none-eabi-ar" "COMPILER_FLAGS=  -O2 -c" "EXTRA_COMPILER_FLAGS=-mcpu=cortex-a9 -mfpu=vfpv3 -mfloat-abi=hard -nos
TRACE::2026-03-06.22:39:05::SCWMssOS::tartfiles -g -Wall -Wextra -fno-tree-loop-distribute-patterns"

TRACE::2026-03-06.22:39:05::SCWMssOS::"Running Make include in ps7_cortexa9_0/libsrc/gpio_v4_12/src"

TRACE::2026-03-06.22:39:05::SCWMssOS::make -C ps7_cortexa9_0/libsrc/gpio_v4_12/src -s include  "SHELL=CMD" "COMPILER=arm-none-eabi-gcc" "ASSEMBLER=arm-none-eabi-as" 
TRACE::2026-03-06.22:39:05::SCWMssOS::"ARCHIVER=arm-none-eabi-ar" "COMPILER_FLAGS=  -O2 -c" "EXTRA_COMPILER_FLAGS=-mcpu=cortex-a9 -mfpu=vfpv3 -mfloat-abi=hard -nosta
TRACE::2026-03-06.22:39:05::SCWMssOS::rtfiles -g -Wall -Wextra -fno-tree-loop-distribute-patterns"

TRACE::2026-03-06.22:39:05::SCWMssOS::"Running Make include in ps7_cortexa9_0/libsrc/qspips_v3_13/src"

TRACE::2026-03-06.22:39:05::SCWMssOS::make -C ps7_cortexa9_0/libsrc/qspips_v3_13/src -s include  "SHELL=CMD" "COMPILER=arm-none-eabi-gcc" "ASSEMBLER=arm-none-eabi-as
TRACE::2026-03-06.22:39:05::SCWMssOS::" "ARCHIVER=arm-none-eabi-ar" "COMPILER_FLAGS=  -O2 -c" "EXTRA_COMPILER_FLAGS=-mcpu=cortex-a9 -mfpu=vfpv3 -mfloat-abi=hard -nos
TRACE::2026-03-06.22:39:05::SCWMssOS::tartfiles -g -Wall -Wextra -fno-tree-loop-distribute-patterns"

TRACE::2026-03-06.22:39:05::SCWMssOS::"Running Make include in ps7_cortexa9_0/libsrc/scugic_v5_4/src"

TRACE::2026-03-06.22:39:05::SCWMssOS::make -C ps7_cortexa9_0/libsrc/scugic_v5_4/src -s include  "SHELL=CMD" "COMPILER=arm-none-eabi-gcc" "ASSEMBLER=arm-none-eabi-as"
TRACE::2026-03-06.22:39:05::SCWMssOS:: "ARCHIVER=arm-none-eabi-ar" "COMPILER_FLAGS=  -O2 -c" "EXTRA_COMPILER_FLAGS=-mcpu=cortex-a9 -mfpu=vfpv3 -mfloat-abi=hard -nost
TRACE::2026-03-06.22:39:05::SCWMssOS::artfiles -g -Wall -Wextra -fno-tree-loop-distribute-patterns"

TRACE::2026-03-06.22:39:05::SCWMssOS::"Running Make include in ps7_cortexa9_0/libsrc/scutimer_v2_6/src"

TRACE::2026-03-06.22:39:05::SCWMssOS::make -C ps7_cortexa9_0/libsrc/scutimer_v2_6/src -s include  "SHELL=CMD" "COMPILER=arm-none-eabi-gcc" "ASSEMBLER=arm-none-eabi-a
TRACE::2026-03-06.22:39:05::SCWMssOS::s" "ARCHIVER=arm-none-eabi-ar" "COMPILER_FLAGS=  -O2 -c" "EXTRA_COMPILER_FLAGS=-mcpu=cortex-a9 -mfpu=vfpv3 -mfloat-abi=hard -no
TRACE::2026-03-06.22:39:05::SCWMssOS::startfiles -g -Wall -Wextra -fno-tree-loop-distribute-patterns"

TRACE::2026-03-06.22:39:05::SCWMssOS::"Running Make include in ps7_cortexa9_0/libsrc/scuwdt_v2_6/src"

TRACE::2026-03-06.22:39:05::SCWMssOS::make -C ps7_cortexa9_0/libsrc/scuwdt_v2_6/src -s include  "SHELL=CMD" "COMPILER=arm-none-eabi-gcc" "ASSEMBLER=arm-none-eabi-as"
TRACE::2026-03-06.22:39:05::SCWMssOS:: "ARCHIVER=arm-none-eabi-ar" "COMPILER_FLAGS=  -O2 -c" "EXTRA_COMPILER_FLAGS=-mcpu=cortex-a9 -mfpu=vfpv3 -mfloat-abi=hard -nost
TRACE::2026-03-06.22:39:05::SCWMssOS::artfiles -g -Wall -Wextra -fno-tree-loop-distribute-patterns"

TRACE::2026-03-06.22:39:05::SCWMssOS::"Running Make include in ps7_cortexa9_0/libsrc/sdps_v4_4/src"

TRACE::2026-03-06.22:39:05::SCWMssOS::make -C ps7_cortexa9_0/libsrc/sdps_v4_4/src -s include  "SHELL=CMD" "COMPILER=arm-none-eabi-gcc" "ASSEMBLER=arm-none-eabi-as" "
TRACE::2026-03-06.22:39:05::SCWMssOS::ARCHIVER=arm-none-eabi-ar" "COMPILER_FLAGS=  -O2 -c" "EXTRA_COMPILER_FLAGS=-mcpu=cortex-a9 -mfpu=vfpv3 -mfloat-abi=hard -nostar
TRACE::2026-03-06.22:39:05::SCWMssOS::tfiles -g -Wall -Wextra -fno-tree-loop-distribute-patterns"

TRACE::2026-03-06.22:39:05::SCWMssOS::"Running Make include in ps7_cortexa9_0/libsrc/standalone_v9_2/src"

TRACE::2026-03-06.22:39:05::SCWMssOS::make -C ps7_cortexa9_0/libsrc/standalone_v9_2/src -s include  "SHELL=CMD" "COMPILER=arm-none-eabi-gcc" "ASSEMBLER=arm-none-eabi
TRACE::2026-03-06.22:39:05::SCWMssOS::-as" "ARCHIVER=arm-none-eabi-ar" "COMPILER_FLAGS=  -O2 -c" "EXTRA_COMPILER_FLAGS=-mcpu=cortex-a9 -mfpu=vfpv3 -mfloat-abi=hard -
TRACE::2026-03-06.22:39:05::SCWMssOS::nostartfiles -g -Wall -Wextra -fno-tree-loop-distribute-patterns"

TRACE::2026-03-06.22:39:05::SCWMssOS::"Running Make include in ps7_cortexa9_0/libsrc/ttcps_v3_20/src"

TRACE::2026-03-06.22:39:05::SCWMssOS::make -C ps7_cortexa9_0/libsrc/ttcps_v3_20/src -s include  "SHELL=CMD" "COMPILER=arm-none-eabi-gcc" "ASSEMBLER=arm-none-eabi-as"
TRACE::2026-03-06.22:39:05::SCWMssOS:: "ARCHIVER=arm-none-eabi-ar" "COMPILER_FLAGS=  -O2 -c" "EXTRA_COMPILER_FLAGS=-mcpu=cortex-a9 -mfpu=vfpv3 -mfloat-abi=hard -nost
TRACE::2026-03-06.22:39:05::SCWMssOS::artfiles -g -Wall -Wextra -fno-tree-loop-distribute-patterns"

TRACE::2026-03-06.22:39:05::SCWMssOS::"Running Make include in ps7_cortexa9_0/libsrc/uartps_v3_15/src"

TRACE::2026-03-06.22:39:05::SCWMssOS::make -C ps7_cortexa9_0/libsrc/uartps_v3_15/src -s include  "SHELL=CMD" "COMPILER=arm-none-eabi-gcc" "ASSEMBLER=arm-none-eabi-as
TRACE::2026-03-06.22:39:05::SCWMssOS::" "ARCHIVER=arm-none-eabi-ar" "COMPILER_FLAGS=  -O2 -c" "EXTRA_COMPILER_FLAGS=-mcpu=cortex-a9 -mfpu=vfpv3 -mfloat-abi=hard -nos
TRACE::2026-03-06.22:39:05::SCWMssOS::tartfiles -g -Wall -Wextra -fno-tree-loop-distribute-patterns"

TRACE::2026-03-06.22:39:05::SCWMssOS::"Running Make include in ps7_cortexa9_0/libsrc/usbps_v2_9/src"

TRACE::2026-03-06.22:39:05::SCWMssOS::make -C ps7_cortexa9_0/libsrc/usbps_v2_9/src -s include  "SHELL=CMD" "COMPILER=arm-none-eabi-gcc" "ASSEMBLER=arm-none-eabi-as" 
TRACE::2026-03-06.22:39:05::SCWMssOS::"ARCHIVER=arm-none-eabi-ar" "COMPILER_FLAGS=  -O2 -c" "EXTRA_COMPILER_FLAGS=-mcpu=cortex-a9 -mfpu=vfpv3 -mfloat-abi=hard -nosta
TRACE::2026-03-06.22:39:05::SCWMssOS::rtfiles -g -Wall -Wextra -fno-tree-loop-distribute-patterns"

TRACE::2026-03-06.22:39:05::SCWMssOS::"Running Make include in ps7_cortexa9_0/libsrc/xadcps_v2_7/src"

TRACE::2026-03-06.22:39:05::SCWMssOS::make -C ps7_cortexa9_0/libsrc/xadcps_v2_7/src -s include  "SHELL=CMD" "COMPILER=arm-none-eabi-gcc" "ASSEMBLER=arm-none-eabi-as"
TRACE::2026-03-06.22:39:05::SCWMssOS:: "ARCHIVER=arm-none-eabi-ar" "COMPILER_FLAGS=  -O2 -c" "EXTRA_COMPILER_FLAGS=-mcpu=cortex-a9 -mfpu=vfpv3 -mfloat-abi=hard -nost
TRACE::2026-03-06.22:39:05::SCWMssOS::artfiles -g -Wall -Wextra -fno-tree-loop-distribute-patterns"

TRACE::2026-03-06.22:39:05::SCWMssOS::"Running Make include in ps7_cortexa9_0/libsrc/xilffs_v5_3/src"

TRACE::2026-03-06.22:39:05::SCWMssOS::make -C ps7_cortexa9_0/libsrc/xilffs_v5_3/src -s include  "SHELL=CMD" "COMPILER=arm-none-eabi-gcc" "ASSEMBLER=arm-none-eabi-as"
TRACE::2026-03-06.22:39:05::SCWMssOS:: "ARCHIVER=arm-none-eabi-ar" "COMPILER_FLAGS=  -O2 -c" "EXTRA_COMPILER_FLAGS=-mcpu=cortex-a9 -mfpu=vfpv3 -mfloat-abi=hard -nost
TRACE::2026-03-06.22:39:05::SCWMssOS::artfiles -g -Wall -Wextra -fno-tree-loop-distribute-patterns"

TRACE::2026-03-06.22:39:05::SCWMssOS::"Running Make include in ps7_cortexa9_0/libsrc/xiltimer_v2_1/src"

TRACE::2026-03-06.22:39:05::SCWMssOS::make -C ps7_cortexa9_0/libsrc/xiltimer_v2_1/src -s include  "SHELL=CMD" "COMPILER=arm-none-eabi-gcc" "ASSEMBLER=arm-none-eabi-a
TRACE::2026-03-06.22:39:05::SCWMssOS::s" "ARCHIVER=arm-none-eabi-ar" "COMPILER_FLAGS=  -O2 -c" "EXTRA_COMPILER_FLAGS=-mcpu=cortex-a9 -mfpu=vfpv3 -mfloat-abi=hard -no
TRACE::2026-03-06.22:39:05::SCWMssOS::startfiles -g -Wall -Wextra -fno-tree-loop-distribute-patterns"

TRACE::2026-03-06.22:39:05::SCWMssOS::"Running Make libs in ps7_cortexa9_0/libsrc/coresightps_dcc_v1_11/src"

TRACE::2026-03-06.22:39:05::SCWMssOS::make -C ps7_cortexa9_0/libsrc/coresightps_dcc_v1_11/src -s libs  "SHELL=CMD" "COMPILER=arm-none-eabi-gcc" "ASSEMBLER=arm-none-e
TRACE::2026-03-06.22:39:05::SCWMssOS::abi-as" "ARCHIVER=arm-none-eabi-ar" "COMPILER_FLAGS=  -O2 -c" "EXTRA_COMPILER_FLAGS=-mcpu=cortex-a9 -mfpu=vfpv3 -mfloat-abi=har
TRACE::2026-03-06.22:39:05::SCWMssOS::d -nostartfiles -g -Wall -Wextra -fno-tree-loop-distribute-patterns"

TRACE::2026-03-06.22:39:05::SCWMssOS::"Running Make libs in ps7_cortexa9_0/libsrc/cpu_cortexa9_v2_12/src"

TRACE::2026-03-06.22:39:05::SCWMssOS::make -C ps7_cortexa9_0/libsrc/cpu_cortexa9_v2_12/src -s libs  "SHELL=CMD" "COMPILER=arm-none-eabi-gcc" "ASSEMBLER=arm-none-eabi
TRACE::2026-03-06.22:39:05::SCWMssOS::-as" "ARCHIVER=arm-none-eabi-ar" "COMPILER_FLAGS=  -O2 -c" "EXTRA_COMPILER_FLAGS=-mcpu=cortex-a9 -mfpu=vfpv3 -mfloat-abi=hard -
TRACE::2026-03-06.22:39:05::SCWMssOS::nostartfiles -g -Wall -Wextra -fno-tree-loop-distribute-patterns"

TRACE::2026-03-06.22:39:05::SCWMssOS::"Running Make libs in ps7_cortexa9_0/libsrc/ddrps_v1_2/src"

TRACE::2026-03-06.22:39:05::SCWMssOS::make -C ps7_cortexa9_0/libsrc/ddrps_v1_2/src -s libs  "SHELL=CMD" "COMPILER=arm-none-eabi-gcc" "ASSEMBLER=arm-none-eabi-as" "AR
TRACE::2026-03-06.22:39:05::SCWMssOS::CHIVER=arm-none-eabi-ar" "COMPILER_FLAGS=  -O2 -c" "EXTRA_COMPILER_FLAGS=-mcpu=cortex-a9 -mfpu=vfpv3 -mfloat-abi=hard -nostartf
TRACE::2026-03-06.22:39:05::SCWMssOS::iles -g -Wall -Wextra -fno-tree-loop-distribute-patterns"

TRACE::2026-03-06.22:39:05::SCWMssOS::"Running Make libs in ps7_cortexa9_0/libsrc/devcfg_v3_8/src"

TRACE::2026-03-06.22:39:05::SCWMssOS::make -C ps7_cortexa9_0/libsrc/devcfg_v3_8/src -s libs  "SHELL=CMD" "COMPILER=arm-none-eabi-gcc" "ASSEMBLER=arm-none-eabi-as" "A
TRACE::2026-03-06.22:39:05::SCWMssOS::RCHIVER=arm-none-eabi-ar" "COMPILER_FLAGS=  -O2 -c" "EXTRA_COMPILER_FLAGS=-mcpu=cortex-a9 -mfpu=vfpv3 -mfloat-abi=hard -nostart
TRACE::2026-03-06.22:39:05::SCWMssOS::files -g -Wall -Wextra -fno-tree-loop-distribute-patterns"

TRACE::2026-03-06.22:39:05::SCWMssOS::"Running Make libs in ps7_cortexa9_0/libsrc/dmaps_v2_11/src"

TRACE::2026-03-06.22:39:05::SCWMssOS::make -C ps7_cortexa9_0/libsrc/dmaps_v2_11/src -s libs  "SHELL=CMD" "COMPILER=arm-none-eabi-gcc" "ASSEMBLER=arm-none-eabi-as" "A
TRACE::2026-03-06.22:39:05::SCWMssOS::RCHIVER=arm-none-eabi-ar" "COMPILER_FLAGS=  -O2 -c" "EXTRA_COMPILER_FLAGS=-mcpu=cortex-a9 -mfpu=vfpv3 -mfloat-abi=hard -nostart
TRACE::2026-03-06.22:39:05::SCWMssOS::files -g -Wall -Wextra -fno-tree-loop-distribute-patterns"

TRACE::2026-03-06.22:39:05::SCWMssOS::"Running Make libs in ps7_cortexa9_0/libsrc/emacps_v3_21/src"

TRACE::2026-03-06.22:39:06::SCWMssOS::make -C ps7_cortexa9_0/libsrc/emacps_v3_21/src -s libs  "SHELL=CMD" "COMPILER=arm-none-eabi-gcc" "ASSEMBLER=arm-none-eabi-as" "
TRACE::2026-03-06.22:39:06::SCWMssOS::ARCHIVER=arm-none-eabi-ar" "COMPILER_FLAGS=  -O2 -c" "EXTRA_COMPILER_FLAGS=-mcpu=cortex-a9 -mfpu=vfpv3 -mfloat-abi=hard -nostar
TRACE::2026-03-06.22:39:06::SCWMssOS::tfiles -g -Wall -Wextra -fno-tree-loop-distribute-patterns"

TRACE::2026-03-06.22:39:06::SCWMssOS::"Running Make libs in ps7_cortexa9_0/libsrc/gpiops_v3_13/src"

TRACE::2026-03-06.22:39:06::SCWMssOS::make -C ps7_cortexa9_0/libsrc/gpiops_v3_13/src -s libs  "SHELL=CMD" "COMPILER=arm-none-eabi-gcc" "ASSEMBLER=arm-none-eabi-as" "
TRACE::2026-03-06.22:39:06::SCWMssOS::ARCHIVER=arm-none-eabi-ar" "COMPILER_FLAGS=  -O2 -c" "EXTRA_COMPILER_FLAGS=-mcpu=cortex-a9 -mfpu=vfpv3 -mfloat-abi=hard -nostar
TRACE::2026-03-06.22:39:06::SCWMssOS::tfiles -g -Wall -Wextra -fno-tree-loop-distribute-patterns"

TRACE::2026-03-06.22:39:06::SCWMssOS::"Running Make libs in ps7_cortexa9_0/libsrc/gpio_v4_12/src"

TRACE::2026-03-06.22:39:06::SCWMssOS::make -C ps7_cortexa9_0/libsrc/gpio_v4_12/src -s libs  "SHELL=CMD" "COMPILER=arm-none-eabi-gcc" "ASSEMBLER=arm-none-eabi-as" "AR
TRACE::2026-03-06.22:39:06::SCWMssOS::CHIVER=arm-none-eabi-ar" "COMPILER_FLAGS=  -O2 -c" "EXTRA_COMPILER_FLAGS=-mcpu=cortex-a9 -mfpu=vfpv3 -mfloat-abi=hard -nostartf
TRACE::2026-03-06.22:39:06::SCWMssOS::iles -g -Wall -Wextra -fno-tree-loop-distribute-patterns"

TRACE::2026-03-06.22:39:06::SCWMssOS::"Running Make libs in ps7_cortexa9_0/libsrc/qspips_v3_13/src"

TRACE::2026-03-06.22:39:06::SCWMssOS::make -C ps7_cortexa9_0/libsrc/qspips_v3_13/src -s libs  "SHELL=CMD" "COMPILER=arm-none-eabi-gcc" "ASSEMBLER=arm-none-eabi-as" "
TRACE::2026-03-06.22:39:06::SCWMssOS::ARCHIVER=arm-none-eabi-ar" "COMPILER_FLAGS=  -O2 -c" "EXTRA_COMPILER_FLAGS=-mcpu=cortex-a9 -mfpu=vfpv3 -mfloat-abi=hard -nostar
TRACE::2026-03-06.22:39:06::SCWMssOS::tfiles -g -Wall -Wextra -fno-tree-loop-distribute-patterns"

TRACE::2026-03-06.22:39:06::SCWMssOS::"Running Make libs in ps7_cortexa9_0/libsrc/scugic_v5_4/src"

TRACE::2026-03-06.22:39:06::SCWMssOS::make -C ps7_cortexa9_0/libsrc/scugic_v5_4/src -s libs  "SHELL=CMD" "COMPILER=arm-none-eabi-gcc" "ASSEMBLER=arm-none-eabi-as" "A
TRACE::2026-03-06.22:39:06::SCWMssOS::RCHIVER=arm-none-eabi-ar" "COMPILER_FLAGS=  -O2 -c" "EXTRA_COMPILER_FLAGS=-mcpu=cortex-a9 -mfpu=vfpv3 -mfloat-abi=hard -nostart
TRACE::2026-03-06.22:39:06::SCWMssOS::files -g -Wall -Wextra -fno-tree-loop-distribute-patterns"

TRACE::2026-03-06.22:39:06::SCWMssOS::"Running Make libs in ps7_cortexa9_0/libsrc/scutimer_v2_6/src"

TRACE::2026-03-06.22:39:06::SCWMssOS::make -C ps7_cortexa9_0/libsrc/scutimer_v2_6/src -s libs  "SHELL=CMD" "COMPILER=arm-none-eabi-gcc" "ASSEMBLER=arm-none-eabi-as" 
TRACE::2026-03-06.22:39:06::SCWMssOS::"ARCHIVER=arm-none-eabi-ar" "COMPILER_FLAGS=  -O2 -c" "EXTRA_COMPILER_FLAGS=-mcpu=cortex-a9 -mfpu=vfpv3 -mfloat-abi=hard -nosta
TRACE::2026-03-06.22:39:06::SCWMssOS::rtfiles -g -Wall -Wextra -fno-tree-loop-distribute-patterns"

TRACE::2026-03-06.22:39:06::SCWMssOS::"Running Make libs in ps7_cortexa9_0/libsrc/scuwdt_v2_6/src"

TRACE::2026-03-06.22:39:06::SCWMssOS::make -C ps7_cortexa9_0/libsrc/scuwdt_v2_6/src -s libs  "SHELL=CMD" "COMPILER=arm-none-eabi-gcc" "ASSEMBLER=arm-none-eabi-as" "A
TRACE::2026-03-06.22:39:06::SCWMssOS::RCHIVER=arm-none-eabi-ar" "COMPILER_FLAGS=  -O2 -c" "EXTRA_COMPILER_FLAGS=-mcpu=cortex-a9 -mfpu=vfpv3 -mfloat-abi=hard -nostart
TRACE::2026-03-06.22:39:06::SCWMssOS::files -g -Wall -Wextra -fno-tree-loop-distribute-patterns"

TRACE::2026-03-06.22:39:06::SCWMssOS::"Running Make libs in ps7_cortexa9_0/libsrc/sdps_v4_4/src"

TRACE::2026-03-06.22:39:06::SCWMssOS::make -C ps7_cortexa9_0/libsrc/sdps_v4_4/src -s libs  "SHELL=CMD" "COMPILER=arm-none-eabi-gcc" "ASSEMBLER=arm-none-eabi-as" "ARC
TRACE::2026-03-06.22:39:06::SCWMssOS::HIVER=arm-none-eabi-ar" "COMPILER_FLAGS=  -O2 -c" "EXTRA_COMPILER_FLAGS=-mcpu=cortex-a9 -mfpu=vfpv3 -mfloat-abi=hard -nostartfi
TRACE::2026-03-06.22:39:06::SCWMssOS::les -g -Wall -Wextra -fno-tree-loop-distribute-patterns"

TRACE::2026-03-06.22:39:06::SCWMssOS::"Running Make libs in ps7_cortexa9_0/libsrc/standalone_v9_2/src"

TRACE::2026-03-06.22:39:06::SCWMssOS::make -C ps7_cortexa9_0/libsrc/standalone_v9_2/src -s libs  "SHELL=CMD" "COMPILER=arm-none-eabi-gcc" "ASSEMBLER=arm-none-eabi-as
TRACE::2026-03-06.22:39:06::SCWMssOS::" "ARCHIVER=arm-none-eabi-ar" "COMPILER_FLAGS=  -O2 -c" "EXTRA_COMPILER_FLAGS=-mcpu=cortex-a9 -mfpu=vfpv3 -mfloat-abi=hard -nos
TRACE::2026-03-06.22:39:06::SCWMssOS::tartfiles -g -Wall -Wextra -fno-tree-loop-distribute-patterns"

TRACE::2026-03-06.22:39:06::SCWMssOS::"Running Make libs in ps7_cortexa9_0/libsrc/ttcps_v3_20/src"

TRACE::2026-03-06.22:39:06::SCWMssOS::make -C ps7_cortexa9_0/libsrc/ttcps_v3_20/src -s libs  "SHELL=CMD" "COMPILER=arm-none-eabi-gcc" "ASSEMBLER=arm-none-eabi-as" "A
TRACE::2026-03-06.22:39:06::SCWMssOS::RCHIVER=arm-none-eabi-ar" "COMPILER_FLAGS=  -O2 -c" "EXTRA_COMPILER_FLAGS=-mcpu=cortex-a9 -mfpu=vfpv3 -mfloat-abi=hard -nostart
TRACE::2026-03-06.22:39:06::SCWMssOS::files -g -Wall -Wextra -fno-tree-loop-distribute-patterns"

TRACE::2026-03-06.22:39:06::SCWMssOS::"Running Make libs in ps7_cortexa9_0/libsrc/uartps_v3_15/src"

TRACE::2026-03-06.22:39:06::SCWMssOS::make -C ps7_cortexa9_0/libsrc/uartps_v3_15/src -s libs  "SHELL=CMD" "COMPILER=arm-none-eabi-gcc" "ASSEMBLER=arm-none-eabi-as" "
TRACE::2026-03-06.22:39:06::SCWMssOS::ARCHIVER=arm-none-eabi-ar" "COMPILER_FLAGS=  -O2 -c" "EXTRA_COMPILER_FLAGS=-mcpu=cortex-a9 -mfpu=vfpv3 -mfloat-abi=hard -nostar
TRACE::2026-03-06.22:39:06::SCWMssOS::tfiles -g -Wall -Wextra -fno-tree-loop-distribute-patterns"

TRACE::2026-03-06.22:39:06::SCWMssOS::"Running Make libs in ps7_cortexa9_0/libsrc/usbps_v2_9/src"

TRACE::2026-03-06.22:39:06::SCWMssOS::make -C ps7_cortexa9_0/libsrc/usbps_v2_9/src -s libs  "SHELL=CMD" "COMPILER=arm-none-eabi-gcc" "ASSEMBLER=arm-none-eabi-as" "AR
TRACE::2026-03-06.22:39:06::SCWMssOS::CHIVER=arm-none-eabi-ar" "COMPILER_FLAGS=  -O2 -c" "EXTRA_COMPILER_FLAGS=-mcpu=cortex-a9 -mfpu=vfpv3 -mfloat-abi=hard -nostartf
TRACE::2026-03-06.22:39:06::SCWMssOS::iles -g -Wall -Wextra -fno-tree-loop-distribute-patterns"

TRACE::2026-03-06.22:39:06::SCWMssOS::"Running Make libs in ps7_cortexa9_0/libsrc/xadcps_v2_7/src"

TRACE::2026-03-06.22:39:06::SCWMssOS::make -C ps7_cortexa9_0/libsrc/xadcps_v2_7/src -s libs  "SHELL=CMD" "COMPILER=arm-none-eabi-gcc" "ASSEMBLER=arm-none-eabi-as" "A
TRACE::2026-03-06.22:39:06::SCWMssOS::RCHIVER=arm-none-eabi-ar" "COMPILER_FLAGS=  -O2 -c" "EXTRA_COMPILER_FLAGS=-mcpu=cortex-a9 -mfpu=vfpv3 -mfloat-abi=hard -nostart
TRACE::2026-03-06.22:39:06::SCWMssOS::files -g -Wall -Wextra -fno-tree-loop-distribute-patterns"

TRACE::2026-03-06.22:39:06::SCWMssOS::"Running Make libs in ps7_cortexa9_0/libsrc/xilffs_v5_3/src"

TRACE::2026-03-06.22:39:06::SCWMssOS::make -C ps7_cortexa9_0/libsrc/xilffs_v5_3/src -s libs  "SHELL=CMD" "COMPILER=arm-none-eabi-gcc" "ASSEMBLER=arm-none-eabi-as" "A
TRACE::2026-03-06.22:39:06::SCWMssOS::RCHIVER=arm-none-eabi-ar" "COMPILER_FLAGS=  -O2 -c" "EXTRA_COMPILER_FLAGS=-mcpu=cortex-a9 -mfpu=vfpv3 -mfloat-abi=hard -nostart
TRACE::2026-03-06.22:39:06::SCWMssOS::files -g -Wall -Wextra -fno-tree-loop-distribute-patterns"

TRACE::2026-03-06.22:39:06::SCWMssOS::"Running Make libs in ps7_cortexa9_0/libsrc/xiltimer_v2_1/src"

TRACE::2026-03-06.22:39:06::SCWMssOS::make -C ps7_cortexa9_0/libsrc/xiltimer_v2_1/src -s libs  "SHELL=CMD" "COMPILER=arm-none-eabi-gcc" "ASSEMBLER=arm-none-eabi-as" 
TRACE::2026-03-06.22:39:06::SCWMssOS::"ARCHIVER=arm-none-eabi-ar" "COMPILER_FLAGS=  -O2 -c" "EXTRA_COMPILER_FLAGS=-mcpu=cortex-a9 -mfpu=vfpv3 -mfloat-abi=hard -nosta
TRACE::2026-03-06.22:39:06::SCWMssOS::rtfiles -g -Wall -Wextra -fno-tree-loop-distribute-patterns"

TRACE::2026-03-06.22:39:07::SCWMssOS::"Compiling xiltimer Library"

TRACE::2026-03-06.22:39:08::SCWMssOS::'Finished building libraries parallelly.'

TRACE::2026-03-06.22:39:08::SCWMssOS::make --no-print-directory archive

TRACE::2026-03-06.22:39:08::SCWMssOS::arm-none-eabi-ar -r  ps7_cortexa9_0/lib/libxil.a ps7_cortexa9_0/lib/_exit.o ps7_cortexa9_0/lib/_open.o ps7_cortexa9_0/lib/_sbrk
TRACE::2026-03-06.22:39:08::SCWMssOS::.o ps7_cortexa9_0/lib/abort.o ps7_cortexa9_0/lib/asm_vectors.o ps7_cortexa9_0/lib/boot.o ps7_cortexa9_0/lib/close.o ps7_cortexa
TRACE::2026-03-06.22:39:08::SCWMssOS::9_0/lib/cpputest_time.o ps7_cortexa9_0/lib/cpu_init.o ps7_cortexa9_0/lib/errno.o ps7_cortexa9_0/lib/fcntl.o ps7_cortexa9_0/lib/
TRACE::2026-03-06.22:39:08::SCWMssOS::fstat.o ps7_cortexa9_0/lib/getentropy.o ps7_cortexa9_0/lib/getpid.o ps7_cortexa9_0/lib/gettimeofday.o ps7_cortexa9_0/lib/inbyte
TRACE::2026-03-06.22:39:08::SCWMssOS::.o ps7_cortexa9_0/lib/isatty.o ps7_cortexa9_0/lib/kill.o ps7_cortexa9_0/lib/lseek.o ps7_cortexa9_0/lib/open.o ps7_cortexa9_0/li
TRACE::2026-03-06.22:39:08::SCWMssOS::b/outbyte.o ps7_cortexa9_0/lib/print.o ps7_cortexa9_0/lib/putnum.o ps7_cortexa9_0/lib/read.o ps7_cortexa9_0/lib/sbrk.o ps7_cort
TRACE::2026-03-06.22:39:08::SCWMssOS::exa9_0/lib/time.o ps7_cortexa9_0/lib/translation_table.o ps7_cortexa9_0/lib/unlink.o ps7_cortexa9_0/lib/vectors.o ps7_cortexa9_
TRACE::2026-03-06.22:39:08::SCWMssOS::0/lib/write.o ps7_cortexa9_0/lib/xadcps.o ps7_cortexa9_0/lib/xadcps_g.o ps7_cortexa9_0/lib/xadcps_intr.o ps7_cortexa9_0/lib/xad
TRACE::2026-03-06.22:39:08::SCWMssOS::cps_selftest.o ps7_cortexa9_0/lib/xadcps_sinit.o ps7_cortexa9_0/lib/xcoresightpsdcc.o ps7_cortexa9_0/lib/xdevcfg.o ps7_cortexa9
TRACE::2026-03-06.22:39:08::SCWMssOS::_0/lib/xdevcfg_g.o ps7_cortexa9_0/lib/xdevcfg_hw.o ps7_cortexa9_0/lib/xdevcfg_intr.o ps7_cortexa9_0/lib/xdevcfg_selftest.o ps7_
TRACE::2026-03-06.22:39:08::SCWMssOS::cortexa9_0/lib/xdevcfg_sinit.o ps7_cortexa9_0/lib/xdmaps.o ps7_cortexa9_0/lib/xdmaps_g.o ps7_cortexa9_0/lib/xdmaps_hw.o ps7_cor
TRACE::2026-03-06.22:39:08::SCWMssOS::texa9_0/lib/xdmaps_selftest.o ps7_cortexa9_0/lib/xdmaps_sinit.o ps7_cortexa9_0/lib/xemacps.o ps7_cortexa9_0/lib/xemacps_bdring.
TRACE::2026-03-06.22:39:08::SCWMssOS::o ps7_cortexa9_0/lib/xemacps_control.o ps7_cortexa9_0/lib/xemacps_g.o ps7_cortexa9_0/lib/xemacps_hw.o ps7_cortexa9_0/lib/xemacp
TRACE::2026-03-06.22:39:08::SCWMssOS::s_intr.o ps7_cortexa9_0/lib/xemacps_sinit.o ps7_cortexa9_0/lib/xgpio.o ps7_cortexa9_0/lib/xgpio_extra.o ps7_cortexa9_0/lib/xgpi
TRACE::2026-03-06.22:39:08::SCWMssOS::o_g.o ps7_cortexa9_0/lib/xgpio_intr.o ps7_cortexa9_0/lib/xgpio_selftest.o ps7_cortexa9_0/lib/xgpio_sinit.o ps7_cortexa9_0/lib/x
TRACE::2026-03-06.22:39:08::SCWMssOS::gpiops.o ps7_cortexa9_0/lib/xgpiops_g.o ps7_cortexa9_0/lib/xgpiops_hw.o ps7_cortexa9_0/lib/xgpiops_intr.o ps7_cortexa9_0/lib/xg
TRACE::2026-03-06.22:39:08::SCWMssOS::piops_selftest.o ps7_cortexa9_0/lib/xgpiops_sinit.o ps7_cortexa9_0/lib/xil-crt0.o ps7_cortexa9_0/lib/xil_assert.o ps7_cortexa9_
TRACE::2026-03-06.22:39:08::SCWMssOS::0/lib/xil_cache.o ps7_cortexa9_0/lib/xil_clocking.o ps7_cortexa9_0/lib/xil_exception.o ps7_cortexa9_0/lib/xil_mem.o ps7_cortexa
TRACE::2026-03-06.22:39:08::SCWMssOS::9_0/lib/xil_misc_psreset_api.o ps7_cortexa9_0/lib/xil_mmu.o ps7_cortexa9_0/lib/xil_printf.o ps7_cortexa9_0/lib/xil_spinlock.o p
TRACE::2026-03-06.22:39:08::SCWMssOS::s7_cortexa9_0/lib/xil_sutil.o ps7_cortexa9_0/lib/xil_testcache.o ps7_cortexa9_0/lib/xil_testio.o ps7_cortexa9_0/lib/xil_testmem
TRACE::2026-03-06.22:39:08::SCWMssOS::.o ps7_cortexa9_0/lib/xil_util.o ps7_cortexa9_0/lib/xinterrupt_wrap.o ps7_cortexa9_0/lib/xl2cc_counter.o ps7_cortexa9_0/lib/xpl
TRACE::2026-03-06.22:39:08::SCWMssOS::atform_info.o ps7_cortexa9_0/lib/xpm_counter.o ps7_cortexa9_0/lib/xpm_init.o ps7_cortexa9_0/lib/xqspips.o ps7_cortexa9_0/lib/xq
TRACE::2026-03-06.22:39:08::SCWMssOS::spips_g.o ps7_cortexa9_0/lib/xqspips_hw.o ps7_cortexa9_0/lib/xqspips_options.o ps7_cortexa9_0/lib/xqspips_selftest.o ps7_cortex
TRACE::2026-03-06.22:39:08::SCWMssOS::a9_0/lib/xqspips_sinit.o ps7_cortexa9_0/lib/xscugic.o ps7_cortexa9_0/lib/xscugic_g.o ps7_cortexa9_0/lib/xscugic_hw.o ps7_cortex
TRACE::2026-03-06.22:39:08::SCWMssOS::a9_0/lib/xscugic_intr.o ps7_cortexa9_0/lib/xscugic_selftest.o ps7_cortexa9_0/lib/xscugic_sinit.o ps7_cortexa9_0/lib/xscutimer.o
TRACE::2026-03-06.22:39:08::SCWMssOS:: ps7_cortexa9_0/lib/xscutimer_g.o ps7_cortexa9_0/lib/xscutimer_selftest.o ps7_cortexa9_0/lib/xscutimer_sinit.o ps7_cortexa9_0/l
TRACE::2026-03-06.22:39:08::SCWMssOS::ib/xscuwdt.o ps7_cortexa9_0/lib/xscuwdt_g.o ps7_cortexa9_0/lib/xscuwdt_selftest.o ps7_cortexa9_0/lib/xscuwdt_sinit.o ps7_cortex
TRACE::2026-03-06.22:39:08::SCWMssOS::a9_0/lib/xsdps.o ps7_cortexa9_0/lib/xsdps_card.o ps7_cortexa9_0/lib/xsdps_g.o ps7_cortexa9_0/lib/xsdps_host.o ps7_cortexa9_0/li
TRACE::2026-03-06.22:39:08::SCWMssOS::b/xsdps_options.o ps7_cortexa9_0/lib/xsdps_sinit.o ps7_cortexa9_0/lib/xttcps.o ps7_cortexa9_0/lib/xttcps_g.o ps7_cortexa9_0/lib
TRACE::2026-03-06.22:39:08::SCWMssOS::/xttcps_options.o ps7_cortexa9_0/lib/xttcps_selftest.o ps7_cortexa9_0/lib/xttcps_sinit.o ps7_cortexa9_0/lib/xuartps.o ps7_corte
TRACE::2026-03-06.22:39:08::SCWMssOS::xa9_0/lib/xuartps_g.o ps7_cortexa9_0/lib/xuartps_hw.o ps7_cortexa9_0/lib/xuartps_intr.o ps7_cortexa9_0/lib/xuartps_options.o ps
TRACE::2026-03-06.22:39:08::SCWMssOS::7_cortexa9_0/lib/xuartps_selftest.o ps7_cortexa9_0/lib/xuartps_sinit.o ps7_cortexa9_0/lib/xusbps.o ps7_cortexa9_0/lib/xusbps_en
TRACE::2026-03-06.22:39:08::SCWMssOS::dpoint.o ps7_cortexa9_0/lib/xusbps_g.o ps7_cortexa9_0/lib/xusbps_hw.o ps7_cortexa9_0/lib/xusbps_intr.o ps7_cortexa9_0/lib/xusbp
TRACE::2026-03-06.22:39:08::SCWMssOS::s_sinit.o

TRACE::2026-03-06.22:39:08::SCWMssOS::'Finished building libraries'

TRACE::2026-03-06.22:39:08::SCWMssOS::Copying to export directory.
TRACE::2026-03-06.22:39:08::SCWMssOS:: Checking if to create the Supporting Applications
TRACE::2026-03-06.22:39:08::SCWMssOS:: No Linux domain exists, trying to generate FSBL 
LOG::2026-03-06.22:39:08::SCWSystem::Completed Processing the domain standalone_domain
LOG::2026-03-06.22:39:08::SCWSystem::Completed Processing the sysconfig CNC-PL8
LOG::2026-03-06.22:39:08::SCWPlatform::Completed generating the artifacts for system configuration CNC-PL8
TRACE::2026-03-06.22:39:08::SCWPlatform::Started preparing the platform 
TRACE::2026-03-06.22:39:08::SCWSystem::Writing the bif file for system config CNC-PL8
TRACE::2026-03-06.22:39:08::SCWSystem::dir created 
TRACE::2026-03-06.22:39:08::SCWSystem::Writing the bif 
TRACE::2026-03-06.22:39:08::SCWPlatform::Started writing the spfm file 
TRACE::2026-03-06.22:39:08::SCWPlatform::Started writing the xpfm file 
TRACE::2026-03-06.22:39:08::SCWPlatform::Completed generating the platform
TRACE::2026-03-06.22:39:08::SCWMssOS::Saving the mss changes E:/Git-Repos/CNC-FPGA/Vitis3/CNC-PL8/zynq_fsbl/zynq_fsbl_bsp/system.mss
TRACE::2026-03-06.22:39:08::SCWMssOS::Found a swdesign opened with the mssfile.
TRACE::2026-03-06.22:39:08::SCWMssOS::Completed writemss as part of save.
TRACE::2026-03-06.22:39:08::SCWMssOS::Commit changes completed.
TRACE::2026-03-06.22:39:08::SCWMssOS::Saving the mss changes E:/Git-Repos/CNC-FPGA/Vitis3/CNC-PL8/ps7_cortexa9_0/standalone_domain/bsp/system.mss
TRACE::2026-03-06.22:39:08::SCWMssOS::Found a swdesign opened with the mssfile.
TRACE::2026-03-06.22:39:08::SCWMssOS::Completed writemss as part of save.
TRACE::2026-03-06.22:39:08::SCWMssOS::Commit changes completed.
TRACE::2026-03-06.22:39:08::SCWPlatform::Trying to open the hw design at E:/Git-Repos/CNC-FPGA/Vitis3/CNC-PL8/hw/CNC_Top_wrapper.xsa
TRACE::2026-03-06.22:39:08::SCWPlatform::DSA given E:/Git-Repos/CNC-FPGA/Vitis3/CNC-PL8/hw/CNC_Top_wrapper.xsa
TRACE::2026-03-06.22:39:08::SCWPlatform::DSA absoulate path E:/Git-Repos/CNC-FPGA/Vitis3/CNC-PL8/hw/CNC_Top_wrapper.xsa
TRACE::2026-03-06.22:39:08::SCWPlatform::DSA directory E:/Git-Repos/CNC-FPGA/Vitis3/CNC-PL8/hw
TRACE::2026-03-06.22:39:08::SCWPlatform:: Platform Path E:/Git-Repos/CNC-FPGA/Vitis3/CNC-PL8/hw/CNC_Top_wrapper.xsa
TRACE::2026-03-06.22:39:08::SCWPlatform:: Unique name xilinx:zedboard::0.0
TRACE::2026-03-06.22:39:08::SCWPlatform::Trying to set the existing hwdb with name CNC_Top_wrapper_27
TRACE::2026-03-06.22:39:08::SCWPlatform::Opened existing hwdb CNC_Top_wrapper_27
TRACE::2026-03-06.22:39:08::SCWPlatform::Found the Hw Db part of the input DSA
TRACE::2026-03-06.22:39:08::SCWMssOS::Checking the sw design at  E:/Git-Repos/CNC-FPGA/Vitis3/CNC-PL8/zynq_fsbl/zynq_fsbl_bsp/system.mss
TRACE::2026-03-06.22:39:08::SCWMssOS::DEBUG:  swdes dump  E:/Git-Repos/CNC-FPGA/Vitis3/CNC-PL7/ps7_cortexa9_0/standalone_domain/bsp/system.mss|system||
E:/Git-Repos/CNC-FPGA/Vitis3/CNC-PL7/zynq_fsbl/zynq_fsbl_bsp/system.mss|system_2||
E:/Git-Repos/CNC-FPGA/Vitis3/CNC-PL8/ps7_cortexa9_0/standalone_domain/bsp/system.mss|system_0||
E:/Git-Repos/CNC-FPGA/Vitis3/CNC-PL8/zynq_fsbl/zynq_fsbl_bsp/system.mss|system_1||

TRACE::2026-03-06.22:39:08::SCWMssOS::Sw design exists and opened at  E:/Git-Repos/CNC-FPGA/Vitis3/CNC-PL8/zynq_fsbl/zynq_fsbl_bsp/system.mss
TRACE::2026-03-06.22:39:08::SCWPlatform::Trying to open the hw design at E:/Git-Repos/CNC-FPGA/Vitis3/CNC-PL8/hw/CNC_Top_wrapper.xsa
TRACE::2026-03-06.22:39:08::SCWPlatform::DSA given E:/Git-Repos/CNC-FPGA/Vitis3/CNC-PL8/hw/CNC_Top_wrapper.xsa
TRACE::2026-03-06.22:39:08::SCWPlatform::DSA absoulate path E:/Git-Repos/CNC-FPGA/Vitis3/CNC-PL8/hw/CNC_Top_wrapper.xsa
TRACE::2026-03-06.22:39:08::SCWPlatform::DSA directory E:/Git-Repos/CNC-FPGA/Vitis3/CNC-PL8/hw
TRACE::2026-03-06.22:39:08::SCWPlatform:: Platform Path E:/Git-Repos/CNC-FPGA/Vitis3/CNC-PL8/hw/CNC_Top_wrapper.xsa
TRACE::2026-03-06.22:39:08::SCWPlatform:: Unique name xilinx:zedboard::0.0
TRACE::2026-03-06.22:39:08::SCWPlatform::Trying to set the existing hwdb with name CNC_Top_wrapper_27
TRACE::2026-03-06.22:39:08::SCWPlatform::Opened existing hwdb CNC_Top_wrapper_27
TRACE::2026-03-06.22:39:08::SCWPlatform::Found the Hw Db part of the input DSA
TRACE::2026-03-06.22:39:08::SCWMssOS::Checking the sw design at  E:/Git-Repos/CNC-FPGA/Vitis3/CNC-PL8/ps7_cortexa9_0/standalone_domain/bsp/system.mss
TRACE::2026-03-06.22:39:08::SCWMssOS::DEBUG:  swdes dump  E:/Git-Repos/CNC-FPGA/Vitis3/CNC-PL7/ps7_cortexa9_0/standalone_domain/bsp/system.mss|system||
E:/Git-Repos/CNC-FPGA/Vitis3/CNC-PL7/zynq_fsbl/zynq_fsbl_bsp/system.mss|system_2||
E:/Git-Repos/CNC-FPGA/Vitis3/CNC-PL8/ps7_cortexa9_0/standalone_domain/bsp/system.mss|system_0||
E:/Git-Repos/CNC-FPGA/Vitis3/CNC-PL8/zynq_fsbl/zynq_fsbl_bsp/system.mss|system_1||

TRACE::2026-03-06.22:39:08::SCWMssOS::Sw design exists and opened at  E:/Git-Repos/CNC-FPGA/Vitis3/CNC-PL8/ps7_cortexa9_0/standalone_domain/bsp/system.mss
TRACE::2026-03-06.22:39:08::SCWWriter::formatted JSON is {
	"platformName":	"CNC-PL8",
	"sprVersion":	"2.0",
	"mode":	"gui",
	"dsaType":	"Fixed",
	"platformDesc":	"CNC-PL8",
	"platHandOff":	"E:/Git-Repos/CNC-FPGA/Zedboard-CNC/CNC_Top_wrapper.xsa",
	"platIntHandOff":	"<platformDir>/hw/CNC_Top_wrapper.xsa",
	"deviceType":	"zynq",
	"platIsPrebuiltAutogen":	"false",
	"platIsNoBootBsp":	"false",
	"hasFsblMakeHasChanges":	"false",
	"hasPmufwMakeHasChanges":	"false",
	"fsblExtraCompilerFlags":	"-MMD -MP       -mcpu=cortex-a9 -mfpu=vfpv3 -mfloat-abi=hard ",
	"platPreBuiltFlag":	false,
	"platformSamplesDir":	"",
	"platActiveSys":	"CNC-PL8",
	"systems":	[{
			"systemName":	"CNC-PL8",
			"systemDesc":	"CNC-PL8",
			"sysIsBootAutoGen":	"true",
			"systemDispName":	"CNC-PL8",
			"sysActiveDom":	"standalone_domain",
			"sysDefaultDom":	"standalone_domain",
			"domains":	[{
					"domainName":	"zynq_fsbl",
					"domainDispName":	"zynq_fsbl",
					"domainDesc":	"FSBL Application BSP - Auto Generated.",
					"processors":	"ps7_cortexa9_0",
					"os":	"standalone",
					"sdxOs":	"standalone",
					"debugEnable":	"",
					"domRuntimes":	["cpp"],
					"swRepo":	"",
					"mssOsVer":	"9.2",
					"mssFile":	"",
					"md5Digest":	"8e05dff6cf2b7a5e245cc7c2f785ee81",
					"compatibleApp":	"zynq_fsbl",
					"domType":	"bootDomain",
					"arch":	"32-bit",
					"appSettings":	{
						"appCompilerFlags":	"",
						"appLinkerFlags":	""
					},
					"addedLibs":	["xilffs:5.3", "xilrsa:1.8"],
					"libOptions":	{
						"libsContainingOptions":	[]
					},
					"prebuiltLibs":	{
						"prebuiltIncPath":	[],
						"prebuiltLibPath":	[]
					},
					"isolation":	{
					}
				}, {
					"domainName":	"standalone_domain",
					"domainDispName":	"standalone on ps7_cortexa9_0",
					"domainDesc":	"standalone_domain",
					"processors":	"ps7_cortexa9_0",
					"os":	"standalone",
					"sdxOs":	"standalone",
					"qemuArgs":	"<platformDir>/resources/CNC-PL8/standalone_domain/qemu_args.txt",
					"qemuData":	"<platformDir>/resources/CNC-PL8/standalone_domain/qemu",
					"debugEnable":	"False",
					"domRuntimes":	["cpp"],
					"swRepo":	"",
					"mssOsVer":	"9.2",
					"mssFile":	"",
					"md5Digest":	"c640075ff209ed2086a63792a36be901",
					"compatibleApp":	"",
					"domType":	"mssDomain",
					"appSettings":	{
						"appCompilerFlags":	"",
						"appLinkerFlags":	""
					},
					"addedLibs":	["xilffs:5.3", "xiltimer:2.1"],
					"libOptions":	{
						"libsContainingOptions":	[]
					},
					"prebuiltLibs":	{
						"prebuiltIncPath":	[],
						"prebuiltLibPath":	[]
					},
					"isolation":	{
					}
				}]
		}]
}
KEYINFO::2026-03-06.22:39:08::SCWPlatform::updated the xpfm file.
TRACE::2026-03-06.22:39:09::SCWPlatform::Trying to open the hw design at E:/Git-Repos/CNC-FPGA/Vitis3/CNC-PL8/hw/CNC_Top_wrapper.xsa
TRACE::2026-03-06.22:39:09::SCWPlatform::DSA given E:/Git-Repos/CNC-FPGA/Vitis3/CNC-PL8/hw/CNC_Top_wrapper.xsa
TRACE::2026-03-06.22:39:09::SCWPlatform::DSA absoulate path E:/Git-Repos/CNC-FPGA/Vitis3/CNC-PL8/hw/CNC_Top_wrapper.xsa
TRACE::2026-03-06.22:39:09::SCWPlatform::DSA directory E:/Git-Repos/CNC-FPGA/Vitis3/CNC-PL8/hw
TRACE::2026-03-06.22:39:09::SCWPlatform:: Platform Path E:/Git-Repos/CNC-FPGA/Vitis3/CNC-PL8/hw/CNC_Top_wrapper.xsa
TRACE::2026-03-06.22:39:09::SCWPlatform:: Unique name xilinx:zedboard::0.0
TRACE::2026-03-06.22:39:09::SCWPlatform::Trying to set the existing hwdb with name CNC_Top_wrapper_27
TRACE::2026-03-06.22:39:09::SCWPlatform::Opened existing hwdb CNC_Top_wrapper_27
TRACE::2026-03-06.22:39:09::SCWPlatform::Found the Hw Db part of the input DSA
TRACE::2026-03-06.22:39:09::SCWMssOS::Checking the sw design at  E:/Git-Repos/CNC-FPGA/Vitis3/CNC-PL8/ps7_cortexa9_0/standalone_domain/bsp/system.mss
TRACE::2026-03-06.22:39:09::SCWMssOS::DEBUG:  swdes dump  E:/Git-Repos/CNC-FPGA/Vitis3/CNC-PL7/ps7_cortexa9_0/standalone_domain/bsp/system.mss|system||
E:/Git-Repos/CNC-FPGA/Vitis3/CNC-PL7/zynq_fsbl/zynq_fsbl_bsp/system.mss|system_2||
E:/Git-Repos/CNC-FPGA/Vitis3/CNC-PL8/ps7_cortexa9_0/standalone_domain/bsp/system.mss|system_0||
E:/Git-Repos/CNC-FPGA/Vitis3/CNC-PL8/zynq_fsbl/zynq_fsbl_bsp/system.mss|system_1||

TRACE::2026-03-06.22:39:09::SCWMssOS::Sw design exists and opened at  E:/Git-Repos/CNC-FPGA/Vitis3/CNC-PL8/ps7_cortexa9_0/standalone_domain/bsp/system.mss
TRACE::2026-03-06.22:43:47::SCWBDomain::System Command Ran  E:&  cd  E:/Git-Repos/CNC-FPGA/Vitis3/CNC-PL8/zynq_fsbl & make clean
TRACE::2026-03-06.22:43:47::SCWBDomain::rm -rf  sd.o  nand.o  image_mover.o  md5.o  fsbl_hooks.o  main.o  nor.o  qspi.o  rsa.o  ps7_init.o  pcap.o  fsbl_handoff.o zynq
TRACE::2026-03-06.22:43:47::SCWBDomain::_fsbl_bsp/ps7_cortexa9_0/lib/libxil.a fsbl.elf *.o

TRACE::2026-03-06.22:43:47::SCWBDomain::System Command Ran  E:&  cd  E:/Git-Repos/CNC-FPGA/Vitis3/CNC-PL8/zynq_fsbl/zynq_fsbl_bsp & make clean
TRACE::2026-03-06.22:43:47::SCWBDomain::make -C ps7_cortexa9_0/libsrc/coresightps_dcc_v1_11/src -s clean 

TRACE::2026-03-06.22:43:47::SCWBDomain::make -C ps7_cortexa9_0/libsrc/cpu_cortexa9_v2_12/src -s clean 

TRACE::2026-03-06.22:43:47::SCWBDomain::make -C ps7_cortexa9_0/libsrc/ddrps_v1_2/src -s clean 

TRACE::2026-03-06.22:43:47::SCWBDomain::make -C ps7_cortexa9_0/libsrc/devcfg_v3_8/src -s clean 

TRACE::2026-03-06.22:43:48::SCWBDomain::make -C ps7_cortexa9_0/libsrc/dmaps_v2_11/src -s clean 

TRACE::2026-03-06.22:43:48::SCWBDomain::make -C ps7_cortexa9_0/libsrc/emacps_v3_21/src -s clean 

TRACE::2026-03-06.22:43:48::SCWBDomain::make -C ps7_cortexa9_0/libsrc/gpiops_v3_13/src -s clean 

TRACE::2026-03-06.22:43:48::SCWBDomain::make -C ps7_cortexa9_0/libsrc/gpio_v4_12/src -s clean 

TRACE::2026-03-06.22:43:48::SCWBDomain::make -C ps7_cortexa9_0/libsrc/qspips_v3_13/src -s clean 

TRACE::2026-03-06.22:43:48::SCWBDomain::make -C ps7_cortexa9_0/libsrc/scugic_v5_4/src -s clean 

TRACE::2026-03-06.22:43:48::SCWBDomain::make -C ps7_cortexa9_0/libsrc/scutimer_v2_6/src -s clean 

TRACE::2026-03-06.22:43:48::SCWBDomain::make -C ps7_cortexa9_0/libsrc/scuwdt_v2_6/src -s clean 

TRACE::2026-03-06.22:43:49::SCWBDomain::make -C ps7_cortexa9_0/libsrc/sdps_v4_4/src -s clean 

TRACE::2026-03-06.22:43:49::SCWBDomain::make -C ps7_cortexa9_0/libsrc/standalone_v9_2/src -s clean 

TRACE::2026-03-06.22:43:49::SCWBDomain::make -C ps7_cortexa9_0/libsrc/ttcps_v3_20/src -s clean 

TRACE::2026-03-06.22:43:50::SCWBDomain::make -C ps7_cortexa9_0/libsrc/uartps_v3_15/src -s clean 

TRACE::2026-03-06.22:43:50::SCWBDomain::make -C ps7_cortexa9_0/libsrc/usbps_v2_9/src -s clean 

TRACE::2026-03-06.22:43:50::SCWBDomain::make -C ps7_cortexa9_0/libsrc/xadcps_v2_7/src -s clean 

TRACE::2026-03-06.22:43:50::SCWBDomain::make -C ps7_cortexa9_0/libsrc/xilffs_v5_3/src -s clean 

TRACE::2026-03-06.22:43:50::SCWBDomain::make -C ps7_cortexa9_0/libsrc/xilrsa_v1_8/src -s clean 

TRACE::2026-03-06.22:43:50::SCWBDomain::rm -f ps7_cortexa9_0/lib/libxil.a

TRACE::2026-03-06.22:43:50::SCWMssOS::cleaning the bsp 
TRACE::2026-03-06.22:43:50::SCWMssOS::System Command Ran  E: & cd  E:/Git-Repos/CNC-FPGA/Vitis3/CNC-PL8/ps7_cortexa9_0/standalone_domain/bsp & make clean 
TRACE::2026-03-06.22:43:50::SCWMssOS::make -C ps7_cortexa9_0/libsrc/coresightps_dcc_v1_11/src -s clean 

TRACE::2026-03-06.22:43:50::SCWMssOS::make -C ps7_cortexa9_0/libsrc/cpu_cortexa9_v2_12/src -s clean 

TRACE::2026-03-06.22:43:50::SCWMssOS::make -C ps7_cortexa9_0/libsrc/ddrps_v1_2/src -s clean 

TRACE::2026-03-06.22:43:50::SCWMssOS::make -C ps7_cortexa9_0/libsrc/devcfg_v3_8/src -s clean 

TRACE::2026-03-06.22:43:51::SCWMssOS::make -C ps7_cortexa9_0/libsrc/dmaps_v2_11/src -s clean 

TRACE::2026-03-06.22:43:51::SCWMssOS::make -C ps7_cortexa9_0/libsrc/emacps_v3_21/src -s clean 

TRACE::2026-03-06.22:43:51::SCWMssOS::make -C ps7_cortexa9_0/libsrc/gpiops_v3_13/src -s clean 

TRACE::2026-03-06.22:43:51::SCWMssOS::make -C ps7_cortexa9_0/libsrc/gpio_v4_12/src -s clean 

TRACE::2026-03-06.22:43:51::SCWMssOS::make -C ps7_cortexa9_0/libsrc/qspips_v3_13/src -s clean 

TRACE::2026-03-06.22:43:51::SCWMssOS::make -C ps7_cortexa9_0/libsrc/scugic_v5_4/src -s clean 

TRACE::2026-03-06.22:43:51::SCWMssOS::make -C ps7_cortexa9_0/libsrc/scutimer_v2_6/src -s clean 

TRACE::2026-03-06.22:43:52::SCWMssOS::make -C ps7_cortexa9_0/libsrc/scuwdt_v2_6/src -s clean 

TRACE::2026-03-06.22:43:52::SCWMssOS::make -C ps7_cortexa9_0/libsrc/sdps_v4_4/src -s clean 

TRACE::2026-03-06.22:43:52::SCWMssOS::make -C ps7_cortexa9_0/libsrc/standalone_v9_2/src -s clean 

TRACE::2026-03-06.22:43:52::SCWMssOS::make -C ps7_cortexa9_0/libsrc/ttcps_v3_20/src -s clean 

TRACE::2026-03-06.22:43:53::SCWMssOS::make -C ps7_cortexa9_0/libsrc/uartps_v3_15/src -s clean 

TRACE::2026-03-06.22:43:53::SCWMssOS::make -C ps7_cortexa9_0/libsrc/usbps_v2_9/src -s clean 

TRACE::2026-03-06.22:43:53::SCWMssOS::make -C ps7_cortexa9_0/libsrc/xadcps_v2_7/src -s clean 

TRACE::2026-03-06.22:43:53::SCWMssOS::make -C ps7_cortexa9_0/libsrc/xilffs_v5_3/src -s clean 

TRACE::2026-03-06.22:43:53::SCWMssOS::make -C ps7_cortexa9_0/libsrc/xiltimer_v2_1/src -s clean 

TRACE::2026-03-06.22:43:53::SCWMssOS::rm -f ps7_cortexa9_0/lib/libxil.a

LOG::2026-03-06.22:44:05::SCWPlatform::Started generating the artifacts platform CNC-PL8
TRACE::2026-03-06.22:44:05::SCWPlatform::Sanity checking of platform is completed
LOG::2026-03-06.22:44:05::SCWPlatform::Started generating the artifacts for system configuration CNC-PL8
LOG::2026-03-06.22:44:05::SCWSystem::Checking the domain zynq_fsbl
LOG::2026-03-06.22:44:05::SCWSystem::Doing application build for :  zynq_fsbl
TRACE::2026-03-06.22:44:05::SCWBDomain::Not a forced makefile updation, No changes are present. 
TRACE::2026-03-06.22:44:05::SCWDomain::Building the domain as part of full build :  zynq_fsbl
TRACE::2026-03-06.22:44:05::SCWPlatform::Trying to open the hw design at E:/Git-Repos/CNC-FPGA/Vitis3/CNC-PL8/hw/CNC_Top_wrapper.xsa
TRACE::2026-03-06.22:44:05::SCWPlatform::DSA given E:/Git-Repos/CNC-FPGA/Vitis3/CNC-PL8/hw/CNC_Top_wrapper.xsa
TRACE::2026-03-06.22:44:05::SCWPlatform::DSA absoulate path E:/Git-Repos/CNC-FPGA/Vitis3/CNC-PL8/hw/CNC_Top_wrapper.xsa
TRACE::2026-03-06.22:44:05::SCWPlatform::DSA directory E:/Git-Repos/CNC-FPGA/Vitis3/CNC-PL8/hw
TRACE::2026-03-06.22:44:05::SCWPlatform:: Platform Path E:/Git-Repos/CNC-FPGA/Vitis3/CNC-PL8/hw/CNC_Top_wrapper.xsa
TRACE::2026-03-06.22:44:05::SCWPlatform:: Unique name xilinx:zedboard::0.0
TRACE::2026-03-06.22:44:05::SCWPlatform::Trying to set the existing hwdb with name CNC_Top_wrapper_27
TRACE::2026-03-06.22:44:05::SCWPlatform::Opened existing hwdb CNC_Top_wrapper_27
TRACE::2026-03-06.22:44:05::SCWPlatform::Found the Hw Db part of the input DSA
TRACE::2026-03-06.22:44:05::SCWMssOS::Checking the sw design at  E:/Git-Repos/CNC-FPGA/Vitis3/CNC-PL8/zynq_fsbl/zynq_fsbl_bsp/system.mss
TRACE::2026-03-06.22:44:05::SCWMssOS::DEBUG:  swdes dump  E:/Git-Repos/CNC-FPGA/Vitis3/CNC-PL7/ps7_cortexa9_0/standalone_domain/bsp/system.mss|system||
E:/Git-Repos/CNC-FPGA/Vitis3/CNC-PL7/zynq_fsbl/zynq_fsbl_bsp/system.mss|system_2||
E:/Git-Repos/CNC-FPGA/Vitis3/CNC-PL8/ps7_cortexa9_0/standalone_domain/bsp/system.mss|system_0||
E:/Git-Repos/CNC-FPGA/Vitis3/CNC-PL8/zynq_fsbl/zynq_fsbl_bsp/system.mss|system_1||

TRACE::2026-03-06.22:44:05::SCWMssOS::Sw design exists and opened at  E:/Git-Repos/CNC-FPGA/Vitis3/CNC-PL8/zynq_fsbl/zynq_fsbl_bsp/system.mss
TRACE::2026-03-06.22:44:05::SCWBDomain::Completed writing the mss file at E:/Git-Repos/CNC-FPGA/Vitis3/CNC-PL8/zynq_fsbl/zynq_fsbl_bsp
TRACE::2026-03-06.22:44:05::SCWBDomain::bsp generated is upto date with the mss file. Skipping bsp generation.
TRACE::2026-03-06.22:44:05::SCWBDomain::Not a forced makefile updation, No changes are present. 
TRACE::2026-03-06.22:44:05::SCWBDomain::System Command Ran  E:&  cd  E:/Git-Repos/CNC-FPGA/Vitis3/CNC-PL8/zynq_fsbl& make -C  zynq_fsbl_bsp & make 
TRACE::2026-03-06.22:44:05::SCWBDomain::make: Entering directory 'E:/Git-Repos/CNC-FPGA/Vitis3/CNC-PL8/zynq_fsbl/zynq_fsbl_bsp'

TRACE::2026-03-06.22:44:05::SCWBDomain::make --no-print-directory seq_libs

TRACE::2026-03-06.22:44:05::SCWBDomain::"Running Make include in ps7_cortexa9_0/libsrc/coresightps_dcc_v1_11/src"

TRACE::2026-03-06.22:44:05::SCWBDomain::make -C ps7_cortexa9_0/libsrc/coresightps_dcc_v1_11/src -s include  "SHELL=CMD" "COMPILER=arm-none-eabi-gcc" "ASSEMBLER=arm-non
TRACE::2026-03-06.22:44:05::SCWBDomain::e-eabi-as" "ARCHIVER=arm-none-eabi-ar" "COMPILER_FLAGS=  -O2 -c" "EXTRA_COMPILER_FLAGS=-mcpu=cortex-a9 -mfpu=vfpv3 -mfloat-abi=
TRACE::2026-03-06.22:44:05::SCWBDomain::hard -nostartfiles -g -Wall -Wextra -fno-tree-loop-distribute-patterns"

TRACE::2026-03-06.22:44:05::SCWBDomain::"Running Make include in ps7_cortexa9_0/libsrc/cpu_cortexa9_v2_12/src"

TRACE::2026-03-06.22:44:05::SCWBDomain::make -C ps7_cortexa9_0/libsrc/cpu_cortexa9_v2_12/src -s include  "SHELL=CMD" "COMPILER=arm-none-eabi-gcc" "ASSEMBLER=arm-none-e
TRACE::2026-03-06.22:44:05::SCWBDomain::abi-as" "ARCHIVER=arm-none-eabi-ar" "COMPILER_FLAGS=  -O2 -c" "EXTRA_COMPILER_FLAGS=-mcpu=cortex-a9 -mfpu=vfpv3 -mfloat-abi=har
TRACE::2026-03-06.22:44:05::SCWBDomain::d -nostartfiles -g -Wall -Wextra -fno-tree-loop-distribute-patterns"

TRACE::2026-03-06.22:44:05::SCWBDomain::"Running Make include in ps7_cortexa9_0/libsrc/ddrps_v1_2/src"

TRACE::2026-03-06.22:44:05::SCWBDomain::make -C ps7_cortexa9_0/libsrc/ddrps_v1_2/src -s include  "SHELL=CMD" "COMPILER=arm-none-eabi-gcc" "ASSEMBLER=arm-none-eabi-as" 
TRACE::2026-03-06.22:44:05::SCWBDomain::"ARCHIVER=arm-none-eabi-ar" "COMPILER_FLAGS=  -O2 -c" "EXTRA_COMPILER_FLAGS=-mcpu=cortex-a9 -mfpu=vfpv3 -mfloat-abi=hard -nosta
TRACE::2026-03-06.22:44:05::SCWBDomain::rtfiles -g -Wall -Wextra -fno-tree-loop-distribute-patterns"

TRACE::2026-03-06.22:44:05::SCWBDomain::"Running Make include in ps7_cortexa9_0/libsrc/devcfg_v3_8/src"

TRACE::2026-03-06.22:44:05::SCWBDomain::make -C ps7_cortexa9_0/libsrc/devcfg_v3_8/src -s include  "SHELL=CMD" "COMPILER=arm-none-eabi-gcc" "ASSEMBLER=arm-none-eabi-as"
TRACE::2026-03-06.22:44:05::SCWBDomain:: "ARCHIVER=arm-none-eabi-ar" "COMPILER_FLAGS=  -O2 -c" "EXTRA_COMPILER_FLAGS=-mcpu=cortex-a9 -mfpu=vfpv3 -mfloat-abi=hard -nost
TRACE::2026-03-06.22:44:05::SCWBDomain::artfiles -g -Wall -Wextra -fno-tree-loop-distribute-patterns"

TRACE::2026-03-06.22:44:05::SCWBDomain::"Running Make include in ps7_cortexa9_0/libsrc/dmaps_v2_11/src"

TRACE::2026-03-06.22:44:05::SCWBDomain::make -C ps7_cortexa9_0/libsrc/dmaps_v2_11/src -s include  "SHELL=CMD" "COMPILER=arm-none-eabi-gcc" "ASSEMBLER=arm-none-eabi-as"
TRACE::2026-03-06.22:44:05::SCWBDomain:: "ARCHIVER=arm-none-eabi-ar" "COMPILER_FLAGS=  -O2 -c" "EXTRA_COMPILER_FLAGS=-mcpu=cortex-a9 -mfpu=vfpv3 -mfloat-abi=hard -nost
TRACE::2026-03-06.22:44:05::SCWBDomain::artfiles -g -Wall -Wextra -fno-tree-loop-distribute-patterns"

TRACE::2026-03-06.22:44:05::SCWBDomain::"Running Make include in ps7_cortexa9_0/libsrc/emacps_v3_21/src"

TRACE::2026-03-06.22:44:05::SCWBDomain::make -C ps7_cortexa9_0/libsrc/emacps_v3_21/src -s include  "SHELL=CMD" "COMPILER=arm-none-eabi-gcc" "ASSEMBLER=arm-none-eabi-as
TRACE::2026-03-06.22:44:05::SCWBDomain::" "ARCHIVER=arm-none-eabi-ar" "COMPILER_FLAGS=  -O2 -c" "EXTRA_COMPILER_FLAGS=-mcpu=cortex-a9 -mfpu=vfpv3 -mfloat-abi=hard -nos
TRACE::2026-03-06.22:44:05::SCWBDomain::tartfiles -g -Wall -Wextra -fno-tree-loop-distribute-patterns"

TRACE::2026-03-06.22:44:05::SCWBDomain::"Running Make include in ps7_cortexa9_0/libsrc/gpiops_v3_13/src"

TRACE::2026-03-06.22:44:05::SCWBDomain::make -C ps7_cortexa9_0/libsrc/gpiops_v3_13/src -s include  "SHELL=CMD" "COMPILER=arm-none-eabi-gcc" "ASSEMBLER=arm-none-eabi-as
TRACE::2026-03-06.22:44:05::SCWBDomain::" "ARCHIVER=arm-none-eabi-ar" "COMPILER_FLAGS=  -O2 -c" "EXTRA_COMPILER_FLAGS=-mcpu=cortex-a9 -mfpu=vfpv3 -mfloat-abi=hard -nos
TRACE::2026-03-06.22:44:05::SCWBDomain::tartfiles -g -Wall -Wextra -fno-tree-loop-distribute-patterns"

TRACE::2026-03-06.22:44:05::SCWBDomain::"Running Make include in ps7_cortexa9_0/libsrc/gpio_v4_12/src"

TRACE::2026-03-06.22:44:05::SCWBDomain::make -C ps7_cortexa9_0/libsrc/gpio_v4_12/src -s include  "SHELL=CMD" "COMPILER=arm-none-eabi-gcc" "ASSEMBLER=arm-none-eabi-as" 
TRACE::2026-03-06.22:44:05::SCWBDomain::"ARCHIVER=arm-none-eabi-ar" "COMPILER_FLAGS=  -O2 -c" "EXTRA_COMPILER_FLAGS=-mcpu=cortex-a9 -mfpu=vfpv3 -mfloat-abi=hard -nosta
TRACE::2026-03-06.22:44:05::SCWBDomain::rtfiles -g -Wall -Wextra -fno-tree-loop-distribute-patterns"

TRACE::2026-03-06.22:44:05::SCWBDomain::"Running Make include in ps7_cortexa9_0/libsrc/qspips_v3_13/src"

TRACE::2026-03-06.22:44:05::SCWBDomain::make -C ps7_cortexa9_0/libsrc/qspips_v3_13/src -s include  "SHELL=CMD" "COMPILER=arm-none-eabi-gcc" "ASSEMBLER=arm-none-eabi-as
TRACE::2026-03-06.22:44:05::SCWBDomain::" "ARCHIVER=arm-none-eabi-ar" "COMPILER_FLAGS=  -O2 -c" "EXTRA_COMPILER_FLAGS=-mcpu=cortex-a9 -mfpu=vfpv3 -mfloat-abi=hard -nos
TRACE::2026-03-06.22:44:05::SCWBDomain::tartfiles -g -Wall -Wextra -fno-tree-loop-distribute-patterns"

TRACE::2026-03-06.22:44:05::SCWBDomain::"Running Make include in ps7_cortexa9_0/libsrc/scugic_v5_4/src"

TRACE::2026-03-06.22:44:05::SCWBDomain::make -C ps7_cortexa9_0/libsrc/scugic_v5_4/src -s include  "SHELL=CMD" "COMPILER=arm-none-eabi-gcc" "ASSEMBLER=arm-none-eabi-as"
TRACE::2026-03-06.22:44:05::SCWBDomain:: "ARCHIVER=arm-none-eabi-ar" "COMPILER_FLAGS=  -O2 -c" "EXTRA_COMPILER_FLAGS=-mcpu=cortex-a9 -mfpu=vfpv3 -mfloat-abi=hard -nost
TRACE::2026-03-06.22:44:05::SCWBDomain::artfiles -g -Wall -Wextra -fno-tree-loop-distribute-patterns"

TRACE::2026-03-06.22:44:05::SCWBDomain::"Running Make include in ps7_cortexa9_0/libsrc/scutimer_v2_6/src"

TRACE::2026-03-06.22:44:05::SCWBDomain::make -C ps7_cortexa9_0/libsrc/scutimer_v2_6/src -s include  "SHELL=CMD" "COMPILER=arm-none-eabi-gcc" "ASSEMBLER=arm-none-eabi-a
TRACE::2026-03-06.22:44:05::SCWBDomain::s" "ARCHIVER=arm-none-eabi-ar" "COMPILER_FLAGS=  -O2 -c" "EXTRA_COMPILER_FLAGS=-mcpu=cortex-a9 -mfpu=vfpv3 -mfloat-abi=hard -no
TRACE::2026-03-06.22:44:05::SCWBDomain::startfiles -g -Wall -Wextra -fno-tree-loop-distribute-patterns"

TRACE::2026-03-06.22:44:05::SCWBDomain::"Running Make include in ps7_cortexa9_0/libsrc/scuwdt_v2_6/src"

TRACE::2026-03-06.22:44:05::SCWBDomain::make -C ps7_cortexa9_0/libsrc/scuwdt_v2_6/src -s include  "SHELL=CMD" "COMPILER=arm-none-eabi-gcc" "ASSEMBLER=arm-none-eabi-as"
TRACE::2026-03-06.22:44:05::SCWBDomain:: "ARCHIVER=arm-none-eabi-ar" "COMPILER_FLAGS=  -O2 -c" "EXTRA_COMPILER_FLAGS=-mcpu=cortex-a9 -mfpu=vfpv3 -mfloat-abi=hard -nost
TRACE::2026-03-06.22:44:05::SCWBDomain::artfiles -g -Wall -Wextra -fno-tree-loop-distribute-patterns"

TRACE::2026-03-06.22:44:05::SCWBDomain::"Running Make include in ps7_cortexa9_0/libsrc/sdps_v4_4/src"

TRACE::2026-03-06.22:44:05::SCWBDomain::make -C ps7_cortexa9_0/libsrc/sdps_v4_4/src -s include  "SHELL=CMD" "COMPILER=arm-none-eabi-gcc" "ASSEMBLER=arm-none-eabi-as" "
TRACE::2026-03-06.22:44:05::SCWBDomain::ARCHIVER=arm-none-eabi-ar" "COMPILER_FLAGS=  -O2 -c" "EXTRA_COMPILER_FLAGS=-mcpu=cortex-a9 -mfpu=vfpv3 -mfloat-abi=hard -nostar
TRACE::2026-03-06.22:44:05::SCWBDomain::tfiles -g -Wall -Wextra -fno-tree-loop-distribute-patterns"

TRACE::2026-03-06.22:44:05::SCWBDomain::"Running Make include in ps7_cortexa9_0/libsrc/standalone_v9_2/src"

TRACE::2026-03-06.22:44:05::SCWBDomain::make -C ps7_cortexa9_0/libsrc/standalone_v9_2/src -s include  "SHELL=CMD" "COMPILER=arm-none-eabi-gcc" "ASSEMBLER=arm-none-eabi
TRACE::2026-03-06.22:44:05::SCWBDomain::-as" "ARCHIVER=arm-none-eabi-ar" "COMPILER_FLAGS=  -O2 -c" "EXTRA_COMPILER_FLAGS=-mcpu=cortex-a9 -mfpu=vfpv3 -mfloat-abi=hard -
TRACE::2026-03-06.22:44:05::SCWBDomain::nostartfiles -g -Wall -Wextra -fno-tree-loop-distribute-patterns"

TRACE::2026-03-06.22:44:06::SCWBDomain::"Running Make include in ps7_cortexa9_0/libsrc/ttcps_v3_20/src"

TRACE::2026-03-06.22:44:06::SCWBDomain::make -C ps7_cortexa9_0/libsrc/ttcps_v3_20/src -s include  "SHELL=CMD" "COMPILER=arm-none-eabi-gcc" "ASSEMBLER=arm-none-eabi-as"
TRACE::2026-03-06.22:44:06::SCWBDomain:: "ARCHIVER=arm-none-eabi-ar" "COMPILER_FLAGS=  -O2 -c" "EXTRA_COMPILER_FLAGS=-mcpu=cortex-a9 -mfpu=vfpv3 -mfloat-abi=hard -nost
TRACE::2026-03-06.22:44:06::SCWBDomain::artfiles -g -Wall -Wextra -fno-tree-loop-distribute-patterns"

TRACE::2026-03-06.22:44:06::SCWBDomain::"Running Make include in ps7_cortexa9_0/libsrc/uartps_v3_15/src"

TRACE::2026-03-06.22:44:06::SCWBDomain::make -C ps7_cortexa9_0/libsrc/uartps_v3_15/src -s include  "SHELL=CMD" "COMPILER=arm-none-eabi-gcc" "ASSEMBLER=arm-none-eabi-as
TRACE::2026-03-06.22:44:06::SCWBDomain::" "ARCHIVER=arm-none-eabi-ar" "COMPILER_FLAGS=  -O2 -c" "EXTRA_COMPILER_FLAGS=-mcpu=cortex-a9 -mfpu=vfpv3 -mfloat-abi=hard -nos
TRACE::2026-03-06.22:44:06::SCWBDomain::tartfiles -g -Wall -Wextra -fno-tree-loop-distribute-patterns"

TRACE::2026-03-06.22:44:06::SCWBDomain::"Running Make include in ps7_cortexa9_0/libsrc/usbps_v2_9/src"

TRACE::2026-03-06.22:44:06::SCWBDomain::make -C ps7_cortexa9_0/libsrc/usbps_v2_9/src -s include  "SHELL=CMD" "COMPILER=arm-none-eabi-gcc" "ASSEMBLER=arm-none-eabi-as" 
TRACE::2026-03-06.22:44:06::SCWBDomain::"ARCHIVER=arm-none-eabi-ar" "COMPILER_FLAGS=  -O2 -c" "EXTRA_COMPILER_FLAGS=-mcpu=cortex-a9 -mfpu=vfpv3 -mfloat-abi=hard -nosta
TRACE::2026-03-06.22:44:06::SCWBDomain::rtfiles -g -Wall -Wextra -fno-tree-loop-distribute-patterns"

TRACE::2026-03-06.22:44:06::SCWBDomain::"Running Make include in ps7_cortexa9_0/libsrc/xadcps_v2_7/src"

TRACE::2026-03-06.22:44:06::SCWBDomain::make -C ps7_cortexa9_0/libsrc/xadcps_v2_7/src -s include  "SHELL=CMD" "COMPILER=arm-none-eabi-gcc" "ASSEMBLER=arm-none-eabi-as"
TRACE::2026-03-06.22:44:06::SCWBDomain:: "ARCHIVER=arm-none-eabi-ar" "COMPILER_FLAGS=  -O2 -c" "EXTRA_COMPILER_FLAGS=-mcpu=cortex-a9 -mfpu=vfpv3 -mfloat-abi=hard -nost
TRACE::2026-03-06.22:44:06::SCWBDomain::artfiles -g -Wall -Wextra -fno-tree-loop-distribute-patterns"

TRACE::2026-03-06.22:44:06::SCWBDomain::"Running Make include in ps7_cortexa9_0/libsrc/xilffs_v5_3/src"

TRACE::2026-03-06.22:44:06::SCWBDomain::make -C ps7_cortexa9_0/libsrc/xilffs_v5_3/src -s include  "SHELL=CMD" "COMPILER=arm-none-eabi-gcc" "ASSEMBLER=arm-none-eabi-as"
TRACE::2026-03-06.22:44:06::SCWBDomain:: "ARCHIVER=arm-none-eabi-ar" "COMPILER_FLAGS=  -O2 -c" "EXTRA_COMPILER_FLAGS=-mcpu=cortex-a9 -mfpu=vfpv3 -mfloat-abi=hard -nost
TRACE::2026-03-06.22:44:06::SCWBDomain::artfiles -g -Wall -Wextra -fno-tree-loop-distribute-patterns"

TRACE::2026-03-06.22:44:06::SCWBDomain::"Running Make include in ps7_cortexa9_0/libsrc/xilrsa_v1_8/src"

TRACE::2026-03-06.22:44:06::SCWBDomain::make -C ps7_cortexa9_0/libsrc/xilrsa_v1_8/src -s include  "SHELL=CMD" "COMPILER=arm-none-eabi-gcc" "ASSEMBLER=arm-none-eabi-as"
TRACE::2026-03-06.22:44:06::SCWBDomain:: "ARCHIVER=arm-none-eabi-ar" "COMPILER_FLAGS=  -O2 -c" "EXTRA_COMPILER_FLAGS=-mcpu=cortex-a9 -mfpu=vfpv3 -mfloat-abi=hard -nost
TRACE::2026-03-06.22:44:06::SCWBDomain::artfiles -g -Wall -Wextra -fno-tree-loop-distribute-patterns"

TRACE::2026-03-06.22:44:06::SCWBDomain::"Running Make libs in ps7_cortexa9_0/libsrc/xilrsa_v1_8/src"

TRACE::2026-03-06.22:44:06::SCWBDomain::make -C ps7_cortexa9_0/libsrc/xilrsa_v1_8/src -s libs  "SHELL=CMD" "COMPILER=arm-none-eabi-gcc" "ASSEMBLER=arm-none-eabi-as" "A
TRACE::2026-03-06.22:44:06::SCWBDomain::RCHIVER=arm-none-eabi-ar" "COMPILER_FLAGS=  -O2 -c" "EXTRA_COMPILER_FLAGS=-mcpu=cortex-a9 -mfpu=vfpv3 -mfloat-abi=hard -nostart
TRACE::2026-03-06.22:44:06::SCWBDomain::files -g -Wall -Wextra -fno-tree-loop-distribute-patterns"

TRACE::2026-03-06.22:44:06::SCWBDomain::'Finished building libraries sequentially.'

TRACE::2026-03-06.22:44:06::SCWBDomain::make -j 22 --no-print-directory par_libs

TRACE::2026-03-06.22:44:06::SCWBDomain::"Running Make include in ps7_cortexa9_0/libsrc/coresightps_dcc_v1_11/src"

TRACE::2026-03-06.22:44:06::SCWBDomain::make -C ps7_cortexa9_0/libsrc/coresightps_dcc_v1_11/src -s include  "SHELL=CMD" "COMPILER=arm-none-eabi-gcc" "ASSEMBLER=arm-non
TRACE::2026-03-06.22:44:06::SCWBDomain::e-eabi-as" "ARCHIVER=arm-none-eabi-ar" "COMPILER_FLAGS=  -O2 -c" "EXTRA_COMPILER_FLAGS=-mcpu=cortex-a9 -mfpu=vfpv3 -mfloat-abi=
TRACE::2026-03-06.22:44:06::SCWBDomain::hard -nostartfiles -g -Wall -Wextra -fno-tree-loop-distribute-patterns"

TRACE::2026-03-06.22:44:06::SCWBDomain::"Running Make include in ps7_cortexa9_0/libsrc/cpu_cortexa9_v2_12/src"

TRACE::2026-03-06.22:44:06::SCWBDomain::make -C ps7_cortexa9_0/libsrc/cpu_cortexa9_v2_12/src -s include  "SHELL=CMD" "COMPILER=arm-none-eabi-gcc" "ASSEMBLER=arm-none-e
TRACE::2026-03-06.22:44:06::SCWBDomain::abi-as" "ARCHIVER=arm-none-eabi-ar" "COMPILER_FLAGS=  -O2 -c" "EXTRA_COMPILER_FLAGS=-mcpu=cortex-a9 -mfpu=vfpv3 -mfloat-abi=har
TRACE::2026-03-06.22:44:06::SCWBDomain::d -nostartfiles -g -Wall -Wextra -fno-tree-loop-distribute-patterns"

TRACE::2026-03-06.22:44:06::SCWBDomain::"Running Make include in ps7_cortexa9_0/libsrc/ddrps_v1_2/src"

TRACE::2026-03-06.22:44:06::SCWBDomain::make -C ps7_cortexa9_0/libsrc/ddrps_v1_2/src -s include  "SHELL=CMD" "COMPILER=arm-none-eabi-gcc" "ASSEMBLER=arm-none-eabi-as" 
TRACE::2026-03-06.22:44:06::SCWBDomain::"ARCHIVER=arm-none-eabi-ar" "COMPILER_FLAGS=  -O2 -c" "EXTRA_COMPILER_FLAGS=-mcpu=cortex-a9 -mfpu=vfpv3 -mfloat-abi=hard -nosta
TRACE::2026-03-06.22:44:06::SCWBDomain::rtfiles -g -Wall -Wextra -fno-tree-loop-distribute-patterns"

TRACE::2026-03-06.22:44:06::SCWBDomain::"Running Make include in ps7_cortexa9_0/libsrc/devcfg_v3_8/src"

TRACE::2026-03-06.22:44:06::SCWBDomain::make -C ps7_cortexa9_0/libsrc/devcfg_v3_8/src -s include  "SHELL=CMD" "COMPILER=arm-none-eabi-gcc" "ASSEMBLER=arm-none-eabi-as"
TRACE::2026-03-06.22:44:06::SCWBDomain:: "ARCHIVER=arm-none-eabi-ar" "COMPILER_FLAGS=  -O2 -c" "EXTRA_COMPILER_FLAGS=-mcpu=cortex-a9 -mfpu=vfpv3 -mfloat-abi=hard -nost
TRACE::2026-03-06.22:44:06::SCWBDomain::artfiles -g -Wall -Wextra -fno-tree-loop-distribute-patterns"

TRACE::2026-03-06.22:44:06::SCWBDomain::"Running Make include in ps7_cortexa9_0/libsrc/dmaps_v2_11/src"

TRACE::2026-03-06.22:44:06::SCWBDomain::make -C ps7_cortexa9_0/libsrc/dmaps_v2_11/src -s include  "SHELL=CMD" "COMPILER=arm-none-eabi-gcc" "ASSEMBLER=arm-none-eabi-as"
TRACE::2026-03-06.22:44:06::SCWBDomain:: "ARCHIVER=arm-none-eabi-ar" "COMPILER_FLAGS=  -O2 -c" "EXTRA_COMPILER_FLAGS=-mcpu=cortex-a9 -mfpu=vfpv3 -mfloat-abi=hard -nost
TRACE::2026-03-06.22:44:06::SCWBDomain::artfiles -g -Wall -Wextra -fno-tree-loop-distribute-patterns"

TRACE::2026-03-06.22:44:06::SCWBDomain::"Running Make include in ps7_cortexa9_0/libsrc/emacps_v3_21/src"

TRACE::2026-03-06.22:44:06::SCWBDomain::make -C ps7_cortexa9_0/libsrc/emacps_v3_21/src -s include  "SHELL=CMD" "COMPILER=arm-none-eabi-gcc" "ASSEMBLER=arm-none-eabi-as
TRACE::2026-03-06.22:44:06::SCWBDomain::" "ARCHIVER=arm-none-eabi-ar" "COMPILER_FLAGS=  -O2 -c" "EXTRA_COMPILER_FLAGS=-mcpu=cortex-a9 -mfpu=vfpv3 -mfloat-abi=hard -nos
TRACE::2026-03-06.22:44:06::SCWBDomain::tartfiles -g -Wall -Wextra -fno-tree-loop-distribute-patterns"

TRACE::2026-03-06.22:44:06::SCWBDomain::"Running Make include in ps7_cortexa9_0/libsrc/gpiops_v3_13/src"

TRACE::2026-03-06.22:44:06::SCWBDomain::make -C ps7_cortexa9_0/libsrc/gpiops_v3_13/src -s include  "SHELL=CMD" "COMPILER=arm-none-eabi-gcc" "ASSEMBLER=arm-none-eabi-as
TRACE::2026-03-06.22:44:06::SCWBDomain::" "ARCHIVER=arm-none-eabi-ar" "COMPILER_FLAGS=  -O2 -c" "EXTRA_COMPILER_FLAGS=-mcpu=cortex-a9 -mfpu=vfpv3 -mfloat-abi=hard -nos
TRACE::2026-03-06.22:44:06::SCWBDomain::tartfiles -g -Wall -Wextra -fno-tree-loop-distribute-patterns"

TRACE::2026-03-06.22:44:06::SCWBDomain::"Running Make include in ps7_cortexa9_0/libsrc/gpio_v4_12/src"

TRACE::2026-03-06.22:44:06::SCWBDomain::make -C ps7_cortexa9_0/libsrc/gpio_v4_12/src -s include  "SHELL=CMD" "COMPILER=arm-none-eabi-gcc" "ASSEMBLER=arm-none-eabi-as" 
TRACE::2026-03-06.22:44:06::SCWBDomain::"ARCHIVER=arm-none-eabi-ar" "COMPILER_FLAGS=  -O2 -c" "EXTRA_COMPILER_FLAGS=-mcpu=cortex-a9 -mfpu=vfpv3 -mfloat-abi=hard -nosta
TRACE::2026-03-06.22:44:06::SCWBDomain::rtfiles -g -Wall -Wextra -fno-tree-loop-distribute-patterns"

TRACE::2026-03-06.22:44:06::SCWBDomain::"Running Make include in ps7_cortexa9_0/libsrc/qspips_v3_13/src"

TRACE::2026-03-06.22:44:06::SCWBDomain::make -C ps7_cortexa9_0/libsrc/qspips_v3_13/src -s include  "SHELL=CMD" "COMPILER=arm-none-eabi-gcc" "ASSEMBLER=arm-none-eabi-as
TRACE::2026-03-06.22:44:06::SCWBDomain::" "ARCHIVER=arm-none-eabi-ar" "COMPILER_FLAGS=  -O2 -c" "EXTRA_COMPILER_FLAGS=-mcpu=cortex-a9 -mfpu=vfpv3 -mfloat-abi=hard -nos
TRACE::2026-03-06.22:44:06::SCWBDomain::tartfiles -g -Wall -Wextra -fno-tree-loop-distribute-patterns"

TRACE::2026-03-06.22:44:06::SCWBDomain::"Running Make include in ps7_cortexa9_0/libsrc/scugic_v5_4/src"

TRACE::2026-03-06.22:44:06::SCWBDomain::make -C ps7_cortexa9_0/libsrc/scugic_v5_4/src -s include  "SHELL=CMD" "COMPILER=arm-none-eabi-gcc" "ASSEMBLER=arm-none-eabi-as"
TRACE::2026-03-06.22:44:06::SCWBDomain:: "ARCHIVER=arm-none-eabi-ar" "COMPILER_FLAGS=  -O2 -c" "EXTRA_COMPILER_FLAGS=-mcpu=cortex-a9 -mfpu=vfpv3 -mfloat-abi=hard -nost
TRACE::2026-03-06.22:44:06::SCWBDomain::artfiles -g -Wall -Wextra -fno-tree-loop-distribute-patterns"

TRACE::2026-03-06.22:44:06::SCWBDomain::"Running Make include in ps7_cortexa9_0/libsrc/scutimer_v2_6/src"

TRACE::2026-03-06.22:44:06::SCWBDomain::make -C ps7_cortexa9_0/libsrc/scutimer_v2_6/src -s include  "SHELL=CMD" "COMPILER=arm-none-eabi-gcc" "ASSEMBLER=arm-none-eabi-a
TRACE::2026-03-06.22:44:06::SCWBDomain::s" "ARCHIVER=arm-none-eabi-ar" "COMPILER_FLAGS=  -O2 -c" "EXTRA_COMPILER_FLAGS=-mcpu=cortex-a9 -mfpu=vfpv3 -mfloat-abi=hard -no
TRACE::2026-03-06.22:44:06::SCWBDomain::startfiles -g -Wall -Wextra -fno-tree-loop-distribute-patterns"

TRACE::2026-03-06.22:44:06::SCWBDomain::"Running Make include in ps7_cortexa9_0/libsrc/scuwdt_v2_6/src"

TRACE::2026-03-06.22:44:06::SCWBDomain::make -C ps7_cortexa9_0/libsrc/scuwdt_v2_6/src -s include  "SHELL=CMD" "COMPILER=arm-none-eabi-gcc" "ASSEMBLER=arm-none-eabi-as"
TRACE::2026-03-06.22:44:06::SCWBDomain:: "ARCHIVER=arm-none-eabi-ar" "COMPILER_FLAGS=  -O2 -c" "EXTRA_COMPILER_FLAGS=-mcpu=cortex-a9 -mfpu=vfpv3 -mfloat-abi=hard -nost
TRACE::2026-03-06.22:44:06::SCWBDomain::artfiles -g -Wall -Wextra -fno-tree-loop-distribute-patterns"

TRACE::2026-03-06.22:44:06::SCWBDomain::"Running Make include in ps7_cortexa9_0/libsrc/sdps_v4_4/src"

TRACE::2026-03-06.22:44:06::SCWBDomain::make -C ps7_cortexa9_0/libsrc/sdps_v4_4/src -s include  "SHELL=CMD" "COMPILER=arm-none-eabi-gcc" "ASSEMBLER=arm-none-eabi-as" "
TRACE::2026-03-06.22:44:06::SCWBDomain::ARCHIVER=arm-none-eabi-ar" "COMPILER_FLAGS=  -O2 -c" "EXTRA_COMPILER_FLAGS=-mcpu=cortex-a9 -mfpu=vfpv3 -mfloat-abi=hard -nostar
TRACE::2026-03-06.22:44:06::SCWBDomain::tfiles -g -Wall -Wextra -fno-tree-loop-distribute-patterns"

TRACE::2026-03-06.22:44:06::SCWBDomain::"Running Make include in ps7_cortexa9_0/libsrc/standalone_v9_2/src"

TRACE::2026-03-06.22:44:06::SCWBDomain::make -C ps7_cortexa9_0/libsrc/standalone_v9_2/src -s include  "SHELL=CMD" "COMPILER=arm-none-eabi-gcc" "ASSEMBLER=arm-none-eabi
TRACE::2026-03-06.22:44:06::SCWBDomain::-as" "ARCHIVER=arm-none-eabi-ar" "COMPILER_FLAGS=  -O2 -c" "EXTRA_COMPILER_FLAGS=-mcpu=cortex-a9 -mfpu=vfpv3 -mfloat-abi=hard -
TRACE::2026-03-06.22:44:06::SCWBDomain::nostartfiles -g -Wall -Wextra -fno-tree-loop-distribute-patterns"

TRACE::2026-03-06.22:44:06::SCWBDomain::"Running Make include in ps7_cortexa9_0/libsrc/ttcps_v3_20/src"

TRACE::2026-03-06.22:44:06::SCWBDomain::make -C ps7_cortexa9_0/libsrc/ttcps_v3_20/src -s include  "SHELL=CMD" "COMPILER=arm-none-eabi-gcc" "ASSEMBLER=arm-none-eabi-as"
TRACE::2026-03-06.22:44:06::SCWBDomain:: "ARCHIVER=arm-none-eabi-ar" "COMPILER_FLAGS=  -O2 -c" "EXTRA_COMPILER_FLAGS=-mcpu=cortex-a9 -mfpu=vfpv3 -mfloat-abi=hard -nost
TRACE::2026-03-06.22:44:06::SCWBDomain::artfiles -g -Wall -Wextra -fno-tree-loop-distribute-patterns"

TRACE::2026-03-06.22:44:06::SCWBDomain::"Running Make include in ps7_cortexa9_0/libsrc/uartps_v3_15/src"

TRACE::2026-03-06.22:44:06::SCWBDomain::make -C ps7_cortexa9_0/libsrc/uartps_v3_15/src -s include  "SHELL=CMD" "COMPILER=arm-none-eabi-gcc" "ASSEMBLER=arm-none-eabi-as
TRACE::2026-03-06.22:44:06::SCWBDomain::" "ARCHIVER=arm-none-eabi-ar" "COMPILER_FLAGS=  -O2 -c" "EXTRA_COMPILER_FLAGS=-mcpu=cortex-a9 -mfpu=vfpv3 -mfloat-abi=hard -nos
TRACE::2026-03-06.22:44:06::SCWBDomain::tartfiles -g -Wall -Wextra -fno-tree-loop-distribute-patterns"

TRACE::2026-03-06.22:44:06::SCWBDomain::"Running Make include in ps7_cortexa9_0/libsrc/usbps_v2_9/src"

TRACE::2026-03-06.22:44:06::SCWBDomain::make -C ps7_cortexa9_0/libsrc/usbps_v2_9/src -s include  "SHELL=CMD" "COMPILER=arm-none-eabi-gcc" "ASSEMBLER=arm-none-eabi-as" 
TRACE::2026-03-06.22:44:06::SCWBDomain::"ARCHIVER=arm-none-eabi-ar" "COMPILER_FLAGS=  -O2 -c" "EXTRA_COMPILER_FLAGS=-mcpu=cortex-a9 -mfpu=vfpv3 -mfloat-abi=hard -nosta
TRACE::2026-03-06.22:44:06::SCWBDomain::rtfiles -g -Wall -Wextra -fno-tree-loop-distribute-patterns"

TRACE::2026-03-06.22:44:07::SCWBDomain::"Running Make include in ps7_cortexa9_0/libsrc/xadcps_v2_7/src"

TRACE::2026-03-06.22:44:07::SCWBDomain::make -C ps7_cortexa9_0/libsrc/xadcps_v2_7/src -s include  "SHELL=CMD" "COMPILER=arm-none-eabi-gcc" "ASSEMBLER=arm-none-eabi-as"
TRACE::2026-03-06.22:44:07::SCWBDomain:: "ARCHIVER=arm-none-eabi-ar" "COMPILER_FLAGS=  -O2 -c" "EXTRA_COMPILER_FLAGS=-mcpu=cortex-a9 -mfpu=vfpv3 -mfloat-abi=hard -nost
TRACE::2026-03-06.22:44:07::SCWBDomain::artfiles -g -Wall -Wextra -fno-tree-loop-distribute-patterns"

TRACE::2026-03-06.22:44:07::SCWBDomain::"Running Make include in ps7_cortexa9_0/libsrc/xilffs_v5_3/src"

TRACE::2026-03-06.22:44:07::SCWBDomain::make -C ps7_cortexa9_0/libsrc/xilffs_v5_3/src -s include  "SHELL=CMD" "COMPILER=arm-none-eabi-gcc" "ASSEMBLER=arm-none-eabi-as"
TRACE::2026-03-06.22:44:07::SCWBDomain:: "ARCHIVER=arm-none-eabi-ar" "COMPILER_FLAGS=  -O2 -c" "EXTRA_COMPILER_FLAGS=-mcpu=cortex-a9 -mfpu=vfpv3 -mfloat-abi=hard -nost
TRACE::2026-03-06.22:44:07::SCWBDomain::artfiles -g -Wall -Wextra -fno-tree-loop-distribute-patterns"

TRACE::2026-03-06.22:44:07::SCWBDomain::"Running Make include in ps7_cortexa9_0/libsrc/xilrsa_v1_8/src"

TRACE::2026-03-06.22:44:07::SCWBDomain::make -C ps7_cortexa9_0/libsrc/xilrsa_v1_8/src -s include  "SHELL=CMD" "COMPILER=arm-none-eabi-gcc" "ASSEMBLER=arm-none-eabi-as"
TRACE::2026-03-06.22:44:07::SCWBDomain:: "ARCHIVER=arm-none-eabi-ar" "COMPILER_FLAGS=  -O2 -c" "EXTRA_COMPILER_FLAGS=-mcpu=cortex-a9 -mfpu=vfpv3 -mfloat-abi=hard -nost
TRACE::2026-03-06.22:44:07::SCWBDomain::artfiles -g -Wall -Wextra -fno-tree-loop-distribute-patterns"

TRACE::2026-03-06.22:44:07::SCWBDomain::"Running Make libs in ps7_cortexa9_0/libsrc/coresightps_dcc_v1_11/src"

TRACE::2026-03-06.22:44:07::SCWBDomain::make -C ps7_cortexa9_0/libsrc/coresightps_dcc_v1_11/src -s libs  "SHELL=CMD" "COMPILER=arm-none-eabi-gcc" "ASSEMBLER=arm-none-e
TRACE::2026-03-06.22:44:07::SCWBDomain::abi-as" "ARCHIVER=arm-none-eabi-ar" "COMPILER_FLAGS=  -O2 -c" "EXTRA_COMPILER_FLAGS=-mcpu=cortex-a9 -mfpu=vfpv3 -mfloat-abi=har
TRACE::2026-03-06.22:44:07::SCWBDomain::d -nostartfiles -g -Wall -Wextra -fno-tree-loop-distribute-patterns"

TRACE::2026-03-06.22:44:07::SCWBDomain::"Running Make libs in ps7_cortexa9_0/libsrc/cpu_cortexa9_v2_12/src"

TRACE::2026-03-06.22:44:07::SCWBDomain::make -C ps7_cortexa9_0/libsrc/cpu_cortexa9_v2_12/src -s libs  "SHELL=CMD" "COMPILER=arm-none-eabi-gcc" "ASSEMBLER=arm-none-eabi
TRACE::2026-03-06.22:44:07::SCWBDomain::-as" "ARCHIVER=arm-none-eabi-ar" "COMPILER_FLAGS=  -O2 -c" "EXTRA_COMPILER_FLAGS=-mcpu=cortex-a9 -mfpu=vfpv3 -mfloat-abi=hard -
TRACE::2026-03-06.22:44:07::SCWBDomain::nostartfiles -g -Wall -Wextra -fno-tree-loop-distribute-patterns"

TRACE::2026-03-06.22:44:07::SCWBDomain::"Running Make libs in ps7_cortexa9_0/libsrc/ddrps_v1_2/src"

TRACE::2026-03-06.22:44:07::SCWBDomain::make -C ps7_cortexa9_0/libsrc/ddrps_v1_2/src -s libs  "SHELL=CMD" "COMPILER=arm-none-eabi-gcc" "ASSEMBLER=arm-none-eabi-as" "AR
TRACE::2026-03-06.22:44:07::SCWBDomain::CHIVER=arm-none-eabi-ar" "COMPILER_FLAGS=  -O2 -c" "EXTRA_COMPILER_FLAGS=-mcpu=cortex-a9 -mfpu=vfpv3 -mfloat-abi=hard -nostartf
TRACE::2026-03-06.22:44:07::SCWBDomain::iles -g -Wall -Wextra -fno-tree-loop-distribute-patterns"

TRACE::2026-03-06.22:44:07::SCWBDomain::"Running Make libs in ps7_cortexa9_0/libsrc/devcfg_v3_8/src"

TRACE::2026-03-06.22:44:07::SCWBDomain::make -C ps7_cortexa9_0/libsrc/devcfg_v3_8/src -s libs  "SHELL=CMD" "COMPILER=arm-none-eabi-gcc" "ASSEMBLER=arm-none-eabi-as" "A
TRACE::2026-03-06.22:44:07::SCWBDomain::RCHIVER=arm-none-eabi-ar" "COMPILER_FLAGS=  -O2 -c" "EXTRA_COMPILER_FLAGS=-mcpu=cortex-a9 -mfpu=vfpv3 -mfloat-abi=hard -nostart
TRACE::2026-03-06.22:44:07::SCWBDomain::files -g -Wall -Wextra -fno-tree-loop-distribute-patterns"

TRACE::2026-03-06.22:44:07::SCWBDomain::"Running Make libs in ps7_cortexa9_0/libsrc/dmaps_v2_11/src"

TRACE::2026-03-06.22:44:07::SCWBDomain::make -C ps7_cortexa9_0/libsrc/dmaps_v2_11/src -s libs  "SHELL=CMD" "COMPILER=arm-none-eabi-gcc" "ASSEMBLER=arm-none-eabi-as" "A
TRACE::2026-03-06.22:44:07::SCWBDomain::RCHIVER=arm-none-eabi-ar" "COMPILER_FLAGS=  -O2 -c" "EXTRA_COMPILER_FLAGS=-mcpu=cortex-a9 -mfpu=vfpv3 -mfloat-abi=hard -nostart
TRACE::2026-03-06.22:44:07::SCWBDomain::files -g -Wall -Wextra -fno-tree-loop-distribute-patterns"

TRACE::2026-03-06.22:44:07::SCWBDomain::"Running Make libs in ps7_cortexa9_0/libsrc/emacps_v3_21/src"

TRACE::2026-03-06.22:44:07::SCWBDomain::make -C ps7_cortexa9_0/libsrc/emacps_v3_21/src -s libs  "SHELL=CMD" "COMPILER=arm-none-eabi-gcc" "ASSEMBLER=arm-none-eabi-as" "
TRACE::2026-03-06.22:44:07::SCWBDomain::ARCHIVER=arm-none-eabi-ar" "COMPILER_FLAGS=  -O2 -c" "EXTRA_COMPILER_FLAGS=-mcpu=cortex-a9 -mfpu=vfpv3 -mfloat-abi=hard -nostar
TRACE::2026-03-06.22:44:07::SCWBDomain::tfiles -g -Wall -Wextra -fno-tree-loop-distribute-patterns"

TRACE::2026-03-06.22:44:07::SCWBDomain::"Running Make libs in ps7_cortexa9_0/libsrc/gpiops_v3_13/src"

TRACE::2026-03-06.22:44:07::SCWBDomain::make -C ps7_cortexa9_0/libsrc/gpiops_v3_13/src -s libs  "SHELL=CMD" "COMPILER=arm-none-eabi-gcc" "ASSEMBLER=arm-none-eabi-as" "
TRACE::2026-03-06.22:44:07::SCWBDomain::ARCHIVER=arm-none-eabi-ar" "COMPILER_FLAGS=  -O2 -c" "EXTRA_COMPILER_FLAGS=-mcpu=cortex-a9 -mfpu=vfpv3 -mfloat-abi=hard -nostar
TRACE::2026-03-06.22:44:07::SCWBDomain::tfiles -g -Wall -Wextra -fno-tree-loop-distribute-patterns"

TRACE::2026-03-06.22:44:07::SCWBDomain::"Running Make libs in ps7_cortexa9_0/libsrc/gpio_v4_12/src"

TRACE::2026-03-06.22:44:07::SCWBDomain::make -C ps7_cortexa9_0/libsrc/gpio_v4_12/src -s libs  "SHELL=CMD" "COMPILER=arm-none-eabi-gcc" "ASSEMBLER=arm-none-eabi-as" "AR
TRACE::2026-03-06.22:44:07::SCWBDomain::CHIVER=arm-none-eabi-ar" "COMPILER_FLAGS=  -O2 -c" "EXTRA_COMPILER_FLAGS=-mcpu=cortex-a9 -mfpu=vfpv3 -mfloat-abi=hard -nostartf
TRACE::2026-03-06.22:44:07::SCWBDomain::iles -g -Wall -Wextra -fno-tree-loop-distribute-patterns"

TRACE::2026-03-06.22:44:07::SCWBDomain::"Running Make libs in ps7_cortexa9_0/libsrc/qspips_v3_13/src"

TRACE::2026-03-06.22:44:07::SCWBDomain::make -C ps7_cortexa9_0/libsrc/qspips_v3_13/src -s libs  "SHELL=CMD" "COMPILER=arm-none-eabi-gcc" "ASSEMBLER=arm-none-eabi-as" "
TRACE::2026-03-06.22:44:07::SCWBDomain::ARCHIVER=arm-none-eabi-ar" "COMPILER_FLAGS=  -O2 -c" "EXTRA_COMPILER_FLAGS=-mcpu=cortex-a9 -mfpu=vfpv3 -mfloat-abi=hard -nostar
TRACE::2026-03-06.22:44:07::SCWBDomain::tfiles -g -Wall -Wextra -fno-tree-loop-distribute-patterns"

TRACE::2026-03-06.22:44:07::SCWBDomain::"Running Make libs in ps7_cortexa9_0/libsrc/scugic_v5_4/src"

TRACE::2026-03-06.22:44:07::SCWBDomain::make -C ps7_cortexa9_0/libsrc/scugic_v5_4/src -s libs  "SHELL=CMD" "COMPILER=arm-none-eabi-gcc" "ASSEMBLER=arm-none-eabi-as" "A
TRACE::2026-03-06.22:44:07::SCWBDomain::RCHIVER=arm-none-eabi-ar" "COMPILER_FLAGS=  -O2 -c" "EXTRA_COMPILER_FLAGS=-mcpu=cortex-a9 -mfpu=vfpv3 -mfloat-abi=hard -nostart
TRACE::2026-03-06.22:44:07::SCWBDomain::files -g -Wall -Wextra -fno-tree-loop-distribute-patterns"

TRACE::2026-03-06.22:44:07::SCWBDomain::"Running Make libs in ps7_cortexa9_0/libsrc/scutimer_v2_6/src"

TRACE::2026-03-06.22:44:07::SCWBDomain::make -C ps7_cortexa9_0/libsrc/scutimer_v2_6/src -s libs  "SHELL=CMD" "COMPILER=arm-none-eabi-gcc" "ASSEMBLER=arm-none-eabi-as" 
TRACE::2026-03-06.22:44:07::SCWBDomain::"ARCHIVER=arm-none-eabi-ar" "COMPILER_FLAGS=  -O2 -c" "EXTRA_COMPILER_FLAGS=-mcpu=cortex-a9 -mfpu=vfpv3 -mfloat-abi=hard -nosta
TRACE::2026-03-06.22:44:07::SCWBDomain::rtfiles -g -Wall -Wextra -fno-tree-loop-distribute-patterns"

TRACE::2026-03-06.22:44:07::SCWBDomain::"Running Make libs in ps7_cortexa9_0/libsrc/scuwdt_v2_6/src"

TRACE::2026-03-06.22:44:07::SCWBDomain::make -C ps7_cortexa9_0/libsrc/scuwdt_v2_6/src -s libs  "SHELL=CMD" "COMPILER=arm-none-eabi-gcc" "ASSEMBLER=arm-none-eabi-as" "A
TRACE::2026-03-06.22:44:07::SCWBDomain::RCHIVER=arm-none-eabi-ar" "COMPILER_FLAGS=  -O2 -c" "EXTRA_COMPILER_FLAGS=-mcpu=cortex-a9 -mfpu=vfpv3 -mfloat-abi=hard -nostart
TRACE::2026-03-06.22:44:07::SCWBDomain::files -g -Wall -Wextra -fno-tree-loop-distribute-patterns"

TRACE::2026-03-06.22:44:07::SCWBDomain::"Running Make libs in ps7_cortexa9_0/libsrc/sdps_v4_4/src"

TRACE::2026-03-06.22:44:07::SCWBDomain::make -C ps7_cortexa9_0/libsrc/sdps_v4_4/src -s libs  "SHELL=CMD" "COMPILER=arm-none-eabi-gcc" "ASSEMBLER=arm-none-eabi-as" "ARC
TRACE::2026-03-06.22:44:07::SCWBDomain::HIVER=arm-none-eabi-ar" "COMPILER_FLAGS=  -O2 -c" "EXTRA_COMPILER_FLAGS=-mcpu=cortex-a9 -mfpu=vfpv3 -mfloat-abi=hard -nostartfi
TRACE::2026-03-06.22:44:07::SCWBDomain::les -g -Wall -Wextra -fno-tree-loop-distribute-patterns"

TRACE::2026-03-06.22:44:07::SCWBDomain::"Running Make libs in ps7_cortexa9_0/libsrc/standalone_v9_2/src"

TRACE::2026-03-06.22:44:07::SCWBDomain::make -C ps7_cortexa9_0/libsrc/standalone_v9_2/src -s libs  "SHELL=CMD" "COMPILER=arm-none-eabi-gcc" "ASSEMBLER=arm-none-eabi-as
TRACE::2026-03-06.22:44:07::SCWBDomain::" "ARCHIVER=arm-none-eabi-ar" "COMPILER_FLAGS=  -O2 -c" "EXTRA_COMPILER_FLAGS=-mcpu=cortex-a9 -mfpu=vfpv3 -mfloat-abi=hard -nos
TRACE::2026-03-06.22:44:07::SCWBDomain::tartfiles -g -Wall -Wextra -fno-tree-loop-distribute-patterns"

TRACE::2026-03-06.22:44:07::SCWBDomain::"Running Make libs in ps7_cortexa9_0/libsrc/ttcps_v3_20/src"

TRACE::2026-03-06.22:44:07::SCWBDomain::make -C ps7_cortexa9_0/libsrc/ttcps_v3_20/src -s libs  "SHELL=CMD" "COMPILER=arm-none-eabi-gcc" "ASSEMBLER=arm-none-eabi-as" "A
TRACE::2026-03-06.22:44:07::SCWBDomain::RCHIVER=arm-none-eabi-ar" "COMPILER_FLAGS=  -O2 -c" "EXTRA_COMPILER_FLAGS=-mcpu=cortex-a9 -mfpu=vfpv3 -mfloat-abi=hard -nostart
TRACE::2026-03-06.22:44:07::SCWBDomain::files -g -Wall -Wextra -fno-tree-loop-distribute-patterns"

TRACE::2026-03-06.22:44:07::SCWBDomain::"Running Make libs in ps7_cortexa9_0/libsrc/uartps_v3_15/src"

TRACE::2026-03-06.22:44:08::SCWBDomain::make -C ps7_cortexa9_0/libsrc/uartps_v3_15/src -s libs  "SHELL=CMD" "COMPILER=arm-none-eabi-gcc" "ASSEMBLER=arm-none-eabi-as" "
TRACE::2026-03-06.22:44:08::SCWBDomain::ARCHIVER=arm-none-eabi-ar" "COMPILER_FLAGS=  -O2 -c" "EXTRA_COMPILER_FLAGS=-mcpu=cortex-a9 -mfpu=vfpv3 -mfloat-abi=hard -nostar
TRACE::2026-03-06.22:44:08::SCWBDomain::tfiles -g -Wall -Wextra -fno-tree-loop-distribute-patterns"

TRACE::2026-03-06.22:44:08::SCWBDomain::"Running Make libs in ps7_cortexa9_0/libsrc/usbps_v2_9/src"

TRACE::2026-03-06.22:44:08::SCWBDomain::make -C ps7_cortexa9_0/libsrc/usbps_v2_9/src -s libs  "SHELL=CMD" "COMPILER=arm-none-eabi-gcc" "ASSEMBLER=arm-none-eabi-as" "AR
TRACE::2026-03-06.22:44:08::SCWBDomain::CHIVER=arm-none-eabi-ar" "COMPILER_FLAGS=  -O2 -c" "EXTRA_COMPILER_FLAGS=-mcpu=cortex-a9 -mfpu=vfpv3 -mfloat-abi=hard -nostartf
TRACE::2026-03-06.22:44:08::SCWBDomain::iles -g -Wall -Wextra -fno-tree-loop-distribute-patterns"

TRACE::2026-03-06.22:44:08::SCWBDomain::"Running Make libs in ps7_cortexa9_0/libsrc/xadcps_v2_7/src"

TRACE::2026-03-06.22:44:08::SCWBDomain::make -C ps7_cortexa9_0/libsrc/xadcps_v2_7/src -s libs  "SHELL=CMD" "COMPILER=arm-none-eabi-gcc" "ASSEMBLER=arm-none-eabi-as" "A
TRACE::2026-03-06.22:44:08::SCWBDomain::RCHIVER=arm-none-eabi-ar" "COMPILER_FLAGS=  -O2 -c" "EXTRA_COMPILER_FLAGS=-mcpu=cortex-a9 -mfpu=vfpv3 -mfloat-abi=hard -nostart
TRACE::2026-03-06.22:44:08::SCWBDomain::files -g -Wall -Wextra -fno-tree-loop-distribute-patterns"

TRACE::2026-03-06.22:44:08::SCWBDomain::"Running Make libs in ps7_cortexa9_0/libsrc/xilffs_v5_3/src"

TRACE::2026-03-06.22:44:08::SCWBDomain::make -C ps7_cortexa9_0/libsrc/xilffs_v5_3/src -s libs  "SHELL=CMD" "COMPILER=arm-none-eabi-gcc" "ASSEMBLER=arm-none-eabi-as" "A
TRACE::2026-03-06.22:44:08::SCWBDomain::RCHIVER=arm-none-eabi-ar" "COMPILER_FLAGS=  -O2 -c" "EXTRA_COMPILER_FLAGS=-mcpu=cortex-a9 -mfpu=vfpv3 -mfloat-abi=hard -nostart
TRACE::2026-03-06.22:44:08::SCWBDomain::files -g -Wall -Wextra -fno-tree-loop-distribute-patterns"

TRACE::2026-03-06.22:44:09::SCWBDomain::'Finished building libraries parallelly.'

TRACE::2026-03-06.22:44:09::SCWBDomain::make --no-print-directory archive

TRACE::2026-03-06.22:44:09::SCWBDomain::arm-none-eabi-ar -r  ps7_cortexa9_0/lib/libxil.a ps7_cortexa9_0/lib/_exit.o ps7_cortexa9_0/lib/_open.o ps7_cortexa9_0/lib/_sbrk
TRACE::2026-03-06.22:44:09::SCWBDomain::.o ps7_cortexa9_0/lib/abort.o ps7_cortexa9_0/lib/asm_vectors.o ps7_cortexa9_0/lib/boot.o ps7_cortexa9_0/lib/close.o ps7_cortexa
TRACE::2026-03-06.22:44:09::SCWBDomain::9_0/lib/cpputest_time.o ps7_cortexa9_0/lib/cpu_init.o ps7_cortexa9_0/lib/errno.o ps7_cortexa9_0/lib/fcntl.o ps7_cortexa9_0/lib/
TRACE::2026-03-06.22:44:09::SCWBDomain::fstat.o ps7_cortexa9_0/lib/getentropy.o ps7_cortexa9_0/lib/getpid.o ps7_cortexa9_0/lib/gettimeofday.o ps7_cortexa9_0/lib/inbyte
TRACE::2026-03-06.22:44:09::SCWBDomain::.o ps7_cortexa9_0/lib/isatty.o ps7_cortexa9_0/lib/kill.o ps7_cortexa9_0/lib/lseek.o ps7_cortexa9_0/lib/open.o ps7_cortexa9_0/li
TRACE::2026-03-06.22:44:09::SCWBDomain::b/outbyte.o ps7_cortexa9_0/lib/print.o ps7_cortexa9_0/lib/putnum.o ps7_cortexa9_0/lib/read.o ps7_cortexa9_0/lib/sbrk.o ps7_cort
TRACE::2026-03-06.22:44:09::SCWBDomain::exa9_0/lib/sleep.o ps7_cortexa9_0/lib/time.o ps7_cortexa9_0/lib/translation_table.o ps7_cortexa9_0/lib/unlink.o ps7_cortexa9_0/
TRACE::2026-03-06.22:44:09::SCWBDomain::lib/usleep.o ps7_cortexa9_0/lib/vectors.o ps7_cortexa9_0/lib/write.o ps7_cortexa9_0/lib/xadcps.o ps7_cortexa9_0/lib/xadcps_g.o 
TRACE::2026-03-06.22:44:09::SCWBDomain::ps7_cortexa9_0/lib/xadcps_intr.o ps7_cortexa9_0/lib/xadcps_selftest.o ps7_cortexa9_0/lib/xadcps_sinit.o ps7_cortexa9_0/lib/xcor
TRACE::2026-03-06.22:44:09::SCWBDomain::esightpsdcc.o ps7_cortexa9_0/lib/xdevcfg.o ps7_cortexa9_0/lib/xdevcfg_g.o ps7_cortexa9_0/lib/xdevcfg_hw.o ps7_cortexa9_0/lib/xd
TRACE::2026-03-06.22:44:09::SCWBDomain::evcfg_intr.o ps7_cortexa9_0/lib/xdevcfg_selftest.o ps7_cortexa9_0/lib/xdevcfg_sinit.o ps7_cortexa9_0/lib/xdmaps.o ps7_cortexa9_
TRACE::2026-03-06.22:44:09::SCWBDomain::0/lib/xdmaps_g.o ps7_cortexa9_0/lib/xdmaps_hw.o ps7_cortexa9_0/lib/xdmaps_selftest.o ps7_cortexa9_0/lib/xdmaps_sinit.o ps7_cort
TRACE::2026-03-06.22:44:09::SCWBDomain::exa9_0/lib/xemacps.o ps7_cortexa9_0/lib/xemacps_bdring.o ps7_cortexa9_0/lib/xemacps_control.o ps7_cortexa9_0/lib/xemacps_g.o ps
TRACE::2026-03-06.22:44:09::SCWBDomain::7_cortexa9_0/lib/xemacps_hw.o ps7_cortexa9_0/lib/xemacps_intr.o ps7_cortexa9_0/lib/xemacps_sinit.o ps7_cortexa9_0/lib/xgpio.o p
TRACE::2026-03-06.22:44:09::SCWBDomain::s7_cortexa9_0/lib/xgpio_extra.o ps7_cortexa9_0/lib/xgpio_g.o ps7_cortexa9_0/lib/xgpio_intr.o ps7_cortexa9_0/lib/xgpio_selftest.
TRACE::2026-03-06.22:44:09::SCWBDomain::o ps7_cortexa9_0/lib/xgpio_sinit.o ps7_cortexa9_0/lib/xgpiops.o ps7_cortexa9_0/lib/xgpiops_g.o ps7_cortexa9_0/lib/xgpiops_hw.o 
TRACE::2026-03-06.22:44:09::SCWBDomain::ps7_cortexa9_0/lib/xgpiops_intr.o ps7_cortexa9_0/lib/xgpiops_selftest.o ps7_cortexa9_0/lib/xgpiops_sinit.o ps7_cortexa9_0/lib/x
TRACE::2026-03-06.22:44:09::SCWBDomain::il-crt0.o ps7_cortexa9_0/lib/xil_assert.o ps7_cortexa9_0/lib/xil_cache.o ps7_cortexa9_0/lib/xil_clocking.o ps7_cortexa9_0/lib/x
TRACE::2026-03-06.22:44:09::SCWBDomain::il_exception.o ps7_cortexa9_0/lib/xil_mem.o ps7_cortexa9_0/lib/xil_misc_psreset_api.o ps7_cortexa9_0/lib/xil_mmu.o ps7_cortexa9
TRACE::2026-03-06.22:44:09::SCWBDomain::_0/lib/xil_printf.o ps7_cortexa9_0/lib/xil_sleepcommon.o ps7_cortexa9_0/lib/xil_sleeptimer.o ps7_cortexa9_0/lib/xil_spinlock.o 
TRACE::2026-03-06.22:44:09::SCWBDomain::ps7_cortexa9_0/lib/xil_sutil.o ps7_cortexa9_0/lib/xil_testcache.o ps7_cortexa9_0/lib/xil_testio.o ps7_cortexa9_0/lib/xil_testme
TRACE::2026-03-06.22:44:09::SCWBDomain::m.o ps7_cortexa9_0/lib/xil_util.o ps7_cortexa9_0/lib/xinterrupt_wrap.o ps7_cortexa9_0/lib/xl2cc_counter.o ps7_cortexa9_0/lib/xp
TRACE::2026-03-06.22:44:09::SCWBDomain::latform_info.o ps7_cortexa9_0/lib/xpm_counter.o ps7_cortexa9_0/lib/xpm_init.o ps7_cortexa9_0/lib/xqspips.o ps7_cortexa9_0/lib/x
TRACE::2026-03-06.22:44:09::SCWBDomain::qspips_g.o ps7_cortexa9_0/lib/xqspips_hw.o ps7_cortexa9_0/lib/xqspips_options.o ps7_cortexa9_0/lib/xqspips_selftest.o ps7_corte
TRACE::2026-03-06.22:44:09::SCWBDomain::xa9_0/lib/xqspips_sinit.o ps7_cortexa9_0/lib/xscugic.o ps7_cortexa9_0/lib/xscugic_g.o ps7_cortexa9_0/lib/xscugic_hw.o ps7_corte
TRACE::2026-03-06.22:44:09::SCWBDomain::xa9_0/lib/xscugic_intr.o ps7_cortexa9_0/lib/xscugic_selftest.o ps7_cortexa9_0/lib/xscugic_sinit.o ps7_cortexa9_0/lib/xscutimer.
TRACE::2026-03-06.22:44:09::SCWBDomain::o ps7_cortexa9_0/lib/xscutimer_g.o ps7_cortexa9_0/lib/xscutimer_selftest.o ps7_cortexa9_0/lib/xscutimer_sinit.o ps7_cortexa9_0/
TRACE::2026-03-06.22:44:09::SCWBDomain::lib/xscuwdt.o ps7_cortexa9_0/lib/xscuwdt_g.o ps7_cortexa9_0/lib/xscuwdt_selftest.o ps7_cortexa9_0/lib/xscuwdt_sinit.o ps7_corte
TRACE::2026-03-06.22:44:09::SCWBDomain::xa9_0/lib/xsdps.o ps7_cortexa9_0/lib/xsdps_card.o ps7_cortexa9_0/lib/xsdps_g.o ps7_cortexa9_0/lib/xsdps_host.o ps7_cortexa9_0/l
TRACE::2026-03-06.22:44:09::SCWBDomain::ib/xsdps_options.o ps7_cortexa9_0/lib/xsdps_sinit.o ps7_cortexa9_0/lib/xtime_l.o ps7_cortexa9_0/lib/xttcps.o ps7_cortexa9_0/lib
TRACE::2026-03-06.22:44:09::SCWBDomain::/xttcps_g.o ps7_cortexa9_0/lib/xttcps_options.o ps7_cortexa9_0/lib/xttcps_selftest.o ps7_cortexa9_0/lib/xttcps_sinit.o ps7_cort
TRACE::2026-03-06.22:44:09::SCWBDomain::exa9_0/lib/xuartps.o ps7_cortexa9_0/lib/xuartps_g.o ps7_cortexa9_0/lib/xuartps_hw.o ps7_cortexa9_0/lib/xuartps_intr.o ps7_corte
TRACE::2026-03-06.22:44:09::SCWBDomain::xa9_0/lib/xuartps_options.o ps7_cortexa9_0/lib/xuartps_selftest.o ps7_cortexa9_0/lib/xuartps_sinit.o ps7_cortexa9_0/lib/xusbps.
TRACE::2026-03-06.22:44:09::SCWBDomain::o ps7_cortexa9_0/lib/xusbps_endpoint.o ps7_cortexa9_0/lib/xusbps_g.o ps7_cortexa9_0/lib/xusbps_hw.o ps7_cortexa9_0/lib/xusbps_i
TRACE::2026-03-06.22:44:09::SCWBDomain::ntr.o ps7_cortexa9_0/lib/xusbps_sinit.o

TRACE::2026-03-06.22:44:09::SCWBDomain::'Finished building libraries'

TRACE::2026-03-06.22:44:09::SCWBDomain::make: Leaving directory 'E:/Git-Repos/CNC-FPGA/Vitis3/CNC-PL8/zynq_fsbl/zynq_fsbl_bsp'

TRACE::2026-03-06.22:44:09::SCWBDomain::arm-none-eabi-gcc  -O2 -c -MMD -MP       -mcpu=cortex-a9 -mfpu=vfpv3 -mfloat-abi=hard  -c sd.c -o sd.o -Izynq_fsbl_bsp/ps7_cort
TRACE::2026-03-06.22:44:09::SCWBDomain::exa9_0/include -I.

TRACE::2026-03-06.22:44:09::SCWBDomain::arm-none-eabi-gcc  -O2 -c -MMD -MP       -mcpu=cortex-a9 -mfpu=vfpv3 -mfloat-abi=hard  -c nand.c -o nand.o -Izynq_fsbl_bsp/ps7_
TRACE::2026-03-06.22:44:09::SCWBDomain::cortexa9_0/include -I.

TRACE::2026-03-06.22:44:10::SCWBDomain::arm-none-eabi-gcc  -O2 -c -MMD -MP       -mcpu=cortex-a9 -mfpu=vfpv3 -mfloat-abi=hard  -c image_mover.c -o image_mover.o -Izynq
TRACE::2026-03-06.22:44:10::SCWBDomain::_fsbl_bsp/ps7_cortexa9_0/include -I.

TRACE::2026-03-06.22:44:10::SCWBDomain::arm-none-eabi-gcc  -O2 -c -MMD -MP       -mcpu=cortex-a9 -mfpu=vfpv3 -mfloat-abi=hard  -c md5.c -o md5.o -Izynq_fsbl_bsp/ps7_co
TRACE::2026-03-06.22:44:10::SCWBDomain::rtexa9_0/include -I.

TRACE::2026-03-06.22:44:10::SCWBDomain::arm-none-eabi-gcc  -O2 -c -MMD -MP       -mcpu=cortex-a9 -mfpu=vfpv3 -mfloat-abi=hard  -c fsbl_hooks.c -o fsbl_hooks.o -Izynq_f
TRACE::2026-03-06.22:44:10::SCWBDomain::sbl_bsp/ps7_cortexa9_0/include -I.

TRACE::2026-03-06.22:44:10::SCWBDomain::arm-none-eabi-gcc  -O2 -c -MMD -MP       -mcpu=cortex-a9 -mfpu=vfpv3 -mfloat-abi=hard  -c main.c -o main.o -Izynq_fsbl_bsp/ps7_
TRACE::2026-03-06.22:44:10::SCWBDomain::cortexa9_0/include -I.

TRACE::2026-03-06.22:44:11::SCWBDomain::arm-none-eabi-gcc  -O2 -c -MMD -MP       -mcpu=cortex-a9 -mfpu=vfpv3 -mfloat-abi=hard  -c rsa.c -o rsa.o -Izynq_fsbl_bsp/ps7_co
TRACE::2026-03-06.22:44:11::SCWBDomain::rtexa9_0/include -I.

TRACE::2026-03-06.22:44:11::SCWBDomain::arm-none-eabi-gcc  -O2 -c -MMD -MP       -mcpu=cortex-a9 -mfpu=vfpv3 -mfloat-abi=hard  -c nor.c -o nor.o -Izynq_fsbl_bsp/ps7_co
TRACE::2026-03-06.22:44:11::SCWBDomain::rtexa9_0/include -I.

TRACE::2026-03-06.22:44:11::SCWBDomain::arm-none-eabi-gcc  -O2 -c -MMD -MP       -mcpu=cortex-a9 -mfpu=vfpv3 -mfloat-abi=hard  -c qspi.c -o qspi.o -Izynq_fsbl_bsp/ps7_
TRACE::2026-03-06.22:44:11::SCWBDomain::cortexa9_0/include -I.

TRACE::2026-03-06.22:44:11::SCWBDomain::arm-none-eabi-gcc  -O2 -c -MMD -MP       -mcpu=cortex-a9 -mfpu=vfpv3 -mfloat-abi=hard  -c ps7_init.c -o ps7_init.o -Izynq_fsbl_
TRACE::2026-03-06.22:44:11::SCWBDomain::bsp/ps7_cortexa9_0/include -I.

TRACE::2026-03-06.22:44:12::SCWBDomain::arm-none-eabi-gcc  -O2 -c -MMD -MP       -mcpu=cortex-a9 -mfpu=vfpv3 -mfloat-abi=hard  -c pcap.c -o pcap.o -Izynq_fsbl_bsp/ps7_
TRACE::2026-03-06.22:44:12::SCWBDomain::cortexa9_0/include -I.

TRACE::2026-03-06.22:44:12::SCWBDomain::arm-none-eabi-gcc  -O2 -c -MMD -MP       -mcpu=cortex-a9 -mfpu=vfpv3 -mfloat-abi=hard  -c fsbl_handoff.S -o fsbl_handoff.o -Izy
TRACE::2026-03-06.22:44:12::SCWBDomain::nq_fsbl_bsp/ps7_cortexa9_0/include -I.

TRACE::2026-03-06.22:44:12::SCWBDomain::arm-none-eabi-gcc -o fsbl.elf fsbl_handoff.o fsbl_hooks.o image_mover.o main.o md5.o nand.o nor.o pcap.o ps7_init.o qspi.o rsa.
TRACE::2026-03-06.22:44:12::SCWBDomain::o sd.o -MMD -MP       -mcpu=cortex-a9 -mfpu=vfpv3 -mfloat-abi=hard   -mcpu=cortex-a9 -mfpu=vfpv3 -mfloat-abi=hard -Wl,-build-id
TRACE::2026-03-06.22:44:12::SCWBDomain::=none -specs=Xilinx.spec  -lrsa -Wl,--start-group,-lxil,-lgcc,-lc,--end-group -Wl,--start-group,-lxilffs,-lxil,-lgcc,-lc,--end-
TRACE::2026-03-06.22:44:12::SCWBDomain::group -Wl,--start-group,-lrsa,-lxil,-lgcc,-lc,--end-group                                         -Wl,--gc-sections -Lzynq_fsbl
TRACE::2026-03-06.22:44:12::SCWBDomain::_bsp/ps7_cortexa9_0/lib -L./ -Tlscript.ld

LOG::2026-03-06.22:44:12::SCWSystem::Checking the domain standalone_domain
LOG::2026-03-06.22:44:12::SCWSystem::Not a boot domain 
LOG::2026-03-06.22:44:12::SCWSystem::Started Processing the domain standalone_domain
TRACE::2026-03-06.22:44:12::SCWDomain::Generating domain artifcats
TRACE::2026-03-06.22:44:12::SCWMssOS::Generating standalone artifcats
TRACE::2026-03-06.22:44:12::SCWMssOS::Copying the qemu file from  E:/Git-Repos/CNC-FPGA/Vitis3/CNC-PL8/resources/CNC-PL8/standalone_domain/qemu_args.txt To E:/Git-Repos/CNC-FPGA/Vitis3/CNC-PL8/export/CNC-PL8/sw/CNC-PL8/qemu/
TRACE::2026-03-06.22:44:12::SCWMssOS::Copying the qemu file from  E:/Git-Repos/CNC-FPGA/Vitis3/CNC-PL8/resources/CNC-PL8/standalone_domain/qemu_args.txt To E:/Git-Repos/CNC-FPGA/Vitis3/CNC-PL8/export/CNC-PL8/sw/CNC-PL8/standalone_domain/qemu/
TRACE::2026-03-06.22:44:12::SCWMssOS:: Copying the user libraries. 
TRACE::2026-03-06.22:44:12::SCWPlatform::Trying to open the hw design at E:/Git-Repos/CNC-FPGA/Vitis3/CNC-PL8/hw/CNC_Top_wrapper.xsa
TRACE::2026-03-06.22:44:12::SCWPlatform::DSA given E:/Git-Repos/CNC-FPGA/Vitis3/CNC-PL8/hw/CNC_Top_wrapper.xsa
TRACE::2026-03-06.22:44:12::SCWPlatform::DSA absoulate path E:/Git-Repos/CNC-FPGA/Vitis3/CNC-PL8/hw/CNC_Top_wrapper.xsa
TRACE::2026-03-06.22:44:12::SCWPlatform::DSA directory E:/Git-Repos/CNC-FPGA/Vitis3/CNC-PL8/hw
TRACE::2026-03-06.22:44:12::SCWPlatform:: Platform Path E:/Git-Repos/CNC-FPGA/Vitis3/CNC-PL8/hw/CNC_Top_wrapper.xsa
TRACE::2026-03-06.22:44:12::SCWPlatform:: Unique name xilinx:zedboard::0.0
TRACE::2026-03-06.22:44:12::SCWPlatform::Trying to set the existing hwdb with name CNC_Top_wrapper_27
TRACE::2026-03-06.22:44:12::SCWPlatform::Opened existing hwdb CNC_Top_wrapper_27
TRACE::2026-03-06.22:44:12::SCWPlatform::Found the Hw Db part of the input DSA
TRACE::2026-03-06.22:44:12::SCWMssOS::Checking the sw design at  E:/Git-Repos/CNC-FPGA/Vitis3/CNC-PL8/ps7_cortexa9_0/standalone_domain/bsp/system.mss
TRACE::2026-03-06.22:44:12::SCWMssOS::DEBUG:  swdes dump  E:/Git-Repos/CNC-FPGA/Vitis3/CNC-PL7/ps7_cortexa9_0/standalone_domain/bsp/system.mss|system||
E:/Git-Repos/CNC-FPGA/Vitis3/CNC-PL7/zynq_fsbl/zynq_fsbl_bsp/system.mss|system_2||
E:/Git-Repos/CNC-FPGA/Vitis3/CNC-PL8/ps7_cortexa9_0/standalone_domain/bsp/system.mss|system_0||
E:/Git-Repos/CNC-FPGA/Vitis3/CNC-PL8/zynq_fsbl/zynq_fsbl_bsp/system.mss|system_1||

TRACE::2026-03-06.22:44:12::SCWMssOS::Sw design exists and opened at  E:/Git-Repos/CNC-FPGA/Vitis3/CNC-PL8/ps7_cortexa9_0/standalone_domain/bsp/system.mss
TRACE::2026-03-06.22:44:12::SCWMssOS::Completed writing the mss file at E:/Git-Repos/CNC-FPGA/Vitis3/CNC-PL8/ps7_cortexa9_0/standalone_domain/bsp
TRACE::2026-03-06.22:44:12::SCWMssOS::Mss edits present, copying mssfile into export location E:/Git-Repos/CNC-FPGA/Vitis3/CNC-PL8/ps7_cortexa9_0/standalone_domain/bsp/system.mss
TRACE::2026-03-06.22:44:12::SCWMssOS::bsp generated is upto date with the mss file. Skipping bsp generation.
TRACE::2026-03-06.22:44:12::SCWMssOS::BSP is already built. skipping the bsp build ... 
TRACE::2026-03-06.22:44:12::SCWDomain::Building the domain as part of full build :  standalone_domain
TRACE::2026-03-06.22:44:12::SCWMssOS::doing bsp build ... 
TRACE::2026-03-06.22:44:12::SCWMssOS::System Command Ran  E: & cd  E:/Git-Repos/CNC-FPGA/Vitis3/CNC-PL8/ps7_cortexa9_0/standalone_domain/bsp & make 
TRACE::2026-03-06.22:44:12::SCWMssOS::make --no-print-directory seq_libs

TRACE::2026-03-06.22:44:12::SCWMssOS::'Finished building libraries sequentially.'

TRACE::2026-03-06.22:44:12::SCWMssOS::make -j 22 --no-print-directory par_libs

TRACE::2026-03-06.22:44:12::SCWMssOS::"Running Make include in ps7_cortexa9_0/libsrc/coresightps_dcc_v1_11/src"

TRACE::2026-03-06.22:44:12::SCWMssOS::make -C ps7_cortexa9_0/libsrc/coresightps_dcc_v1_11/src -s include  "SHELL=CMD" "COMPILER=arm-none-eabi-gcc" "ASSEMBLER=arm-non
TRACE::2026-03-06.22:44:12::SCWMssOS::e-eabi-as" "ARCHIVER=arm-none-eabi-ar" "COMPILER_FLAGS=  -O2 -c" "EXTRA_COMPILER_FLAGS=-mcpu=cortex-a9 -mfpu=vfpv3 -mfloat-abi=
TRACE::2026-03-06.22:44:12::SCWMssOS::hard -nostartfiles -g -Wall -Wextra -fno-tree-loop-distribute-patterns"

TRACE::2026-03-06.22:44:12::SCWMssOS::"Running Make include in ps7_cortexa9_0/libsrc/cpu_cortexa9_v2_12/src"

TRACE::2026-03-06.22:44:12::SCWMssOS::make -C ps7_cortexa9_0/libsrc/cpu_cortexa9_v2_12/src -s include  "SHELL=CMD" "COMPILER=arm-none-eabi-gcc" "ASSEMBLER=arm-none-e
TRACE::2026-03-06.22:44:12::SCWMssOS::abi-as" "ARCHIVER=arm-none-eabi-ar" "COMPILER_FLAGS=  -O2 -c" "EXTRA_COMPILER_FLAGS=-mcpu=cortex-a9 -mfpu=vfpv3 -mfloat-abi=har
TRACE::2026-03-06.22:44:12::SCWMssOS::d -nostartfiles -g -Wall -Wextra -fno-tree-loop-distribute-patterns"

TRACE::2026-03-06.22:44:12::SCWMssOS::"Running Make include in ps7_cortexa9_0/libsrc/ddrps_v1_2/src"

TRACE::2026-03-06.22:44:12::SCWMssOS::make -C ps7_cortexa9_0/libsrc/ddrps_v1_2/src -s include  "SHELL=CMD" "COMPILER=arm-none-eabi-gcc" "ASSEMBLER=arm-none-eabi-as" 
TRACE::2026-03-06.22:44:12::SCWMssOS::"ARCHIVER=arm-none-eabi-ar" "COMPILER_FLAGS=  -O2 -c" "EXTRA_COMPILER_FLAGS=-mcpu=cortex-a9 -mfpu=vfpv3 -mfloat-abi=hard -nosta
TRACE::2026-03-06.22:44:12::SCWMssOS::rtfiles -g -Wall -Wextra -fno-tree-loop-distribute-patterns"

TRACE::2026-03-06.22:44:12::SCWMssOS::"Running Make include in ps7_cortexa9_0/libsrc/devcfg_v3_8/src"

TRACE::2026-03-06.22:44:12::SCWMssOS::make -C ps7_cortexa9_0/libsrc/devcfg_v3_8/src -s include  "SHELL=CMD" "COMPILER=arm-none-eabi-gcc" "ASSEMBLER=arm-none-eabi-as"
TRACE::2026-03-06.22:44:12::SCWMssOS:: "ARCHIVER=arm-none-eabi-ar" "COMPILER_FLAGS=  -O2 -c" "EXTRA_COMPILER_FLAGS=-mcpu=cortex-a9 -mfpu=vfpv3 -mfloat-abi=hard -nost
TRACE::2026-03-06.22:44:12::SCWMssOS::artfiles -g -Wall -Wextra -fno-tree-loop-distribute-patterns"

TRACE::2026-03-06.22:44:12::SCWMssOS::"Running Make include in ps7_cortexa9_0/libsrc/dmaps_v2_11/src"

TRACE::2026-03-06.22:44:12::SCWMssOS::make -C ps7_cortexa9_0/libsrc/dmaps_v2_11/src -s include  "SHELL=CMD" "COMPILER=arm-none-eabi-gcc" "ASSEMBLER=arm-none-eabi-as"
TRACE::2026-03-06.22:44:12::SCWMssOS:: "ARCHIVER=arm-none-eabi-ar" "COMPILER_FLAGS=  -O2 -c" "EXTRA_COMPILER_FLAGS=-mcpu=cortex-a9 -mfpu=vfpv3 -mfloat-abi=hard -nost
TRACE::2026-03-06.22:44:12::SCWMssOS::artfiles -g -Wall -Wextra -fno-tree-loop-distribute-patterns"

TRACE::2026-03-06.22:44:12::SCWMssOS::"Running Make include in ps7_cortexa9_0/libsrc/emacps_v3_21/src"

TRACE::2026-03-06.22:44:12::SCWMssOS::make -C ps7_cortexa9_0/libsrc/emacps_v3_21/src -s include  "SHELL=CMD" "COMPILER=arm-none-eabi-gcc" "ASSEMBLER=arm-none-eabi-as
TRACE::2026-03-06.22:44:12::SCWMssOS::" "ARCHIVER=arm-none-eabi-ar" "COMPILER_FLAGS=  -O2 -c" "EXTRA_COMPILER_FLAGS=-mcpu=cortex-a9 -mfpu=vfpv3 -mfloat-abi=hard -nos
TRACE::2026-03-06.22:44:12::SCWMssOS::tartfiles -g -Wall -Wextra -fno-tree-loop-distribute-patterns"

TRACE::2026-03-06.22:44:12::SCWMssOS::"Running Make include in ps7_cortexa9_0/libsrc/gpiops_v3_13/src"

TRACE::2026-03-06.22:44:12::SCWMssOS::make -C ps7_cortexa9_0/libsrc/gpiops_v3_13/src -s include  "SHELL=CMD" "COMPILER=arm-none-eabi-gcc" "ASSEMBLER=arm-none-eabi-as
TRACE::2026-03-06.22:44:12::SCWMssOS::" "ARCHIVER=arm-none-eabi-ar" "COMPILER_FLAGS=  -O2 -c" "EXTRA_COMPILER_FLAGS=-mcpu=cortex-a9 -mfpu=vfpv3 -mfloat-abi=hard -nos
TRACE::2026-03-06.22:44:12::SCWMssOS::tartfiles -g -Wall -Wextra -fno-tree-loop-distribute-patterns"

TRACE::2026-03-06.22:44:12::SCWMssOS::"Running Make include in ps7_cortexa9_0/libsrc/gpio_v4_12/src"

TRACE::2026-03-06.22:44:12::SCWMssOS::make -C ps7_cortexa9_0/libsrc/gpio_v4_12/src -s include  "SHELL=CMD" "COMPILER=arm-none-eabi-gcc" "ASSEMBLER=arm-none-eabi-as" 
TRACE::2026-03-06.22:44:12::SCWMssOS::"ARCHIVER=arm-none-eabi-ar" "COMPILER_FLAGS=  -O2 -c" "EXTRA_COMPILER_FLAGS=-mcpu=cortex-a9 -mfpu=vfpv3 -mfloat-abi=hard -nosta
TRACE::2026-03-06.22:44:12::SCWMssOS::rtfiles -g -Wall -Wextra -fno-tree-loop-distribute-patterns"

TRACE::2026-03-06.22:44:12::SCWMssOS::"Running Make include in ps7_cortexa9_0/libsrc/qspips_v3_13/src"

TRACE::2026-03-06.22:44:12::SCWMssOS::make -C ps7_cortexa9_0/libsrc/qspips_v3_13/src -s include  "SHELL=CMD" "COMPILER=arm-none-eabi-gcc" "ASSEMBLER=arm-none-eabi-as
TRACE::2026-03-06.22:44:12::SCWMssOS::" "ARCHIVER=arm-none-eabi-ar" "COMPILER_FLAGS=  -O2 -c" "EXTRA_COMPILER_FLAGS=-mcpu=cortex-a9 -mfpu=vfpv3 -mfloat-abi=hard -nos
TRACE::2026-03-06.22:44:12::SCWMssOS::tartfiles -g -Wall -Wextra -fno-tree-loop-distribute-patterns"

TRACE::2026-03-06.22:44:12::SCWMssOS::"Running Make include in ps7_cortexa9_0/libsrc/scugic_v5_4/src"

TRACE::2026-03-06.22:44:12::SCWMssOS::make -C ps7_cortexa9_0/libsrc/scugic_v5_4/src -s include  "SHELL=CMD" "COMPILER=arm-none-eabi-gcc" "ASSEMBLER=arm-none-eabi-as"
TRACE::2026-03-06.22:44:12::SCWMssOS:: "ARCHIVER=arm-none-eabi-ar" "COMPILER_FLAGS=  -O2 -c" "EXTRA_COMPILER_FLAGS=-mcpu=cortex-a9 -mfpu=vfpv3 -mfloat-abi=hard -nost
TRACE::2026-03-06.22:44:12::SCWMssOS::artfiles -g -Wall -Wextra -fno-tree-loop-distribute-patterns"

TRACE::2026-03-06.22:44:13::SCWMssOS::"Running Make include in ps7_cortexa9_0/libsrc/scutimer_v2_6/src"

TRACE::2026-03-06.22:44:13::SCWMssOS::make -C ps7_cortexa9_0/libsrc/scutimer_v2_6/src -s include  "SHELL=CMD" "COMPILER=arm-none-eabi-gcc" "ASSEMBLER=arm-none-eabi-a
TRACE::2026-03-06.22:44:13::SCWMssOS::s" "ARCHIVER=arm-none-eabi-ar" "COMPILER_FLAGS=  -O2 -c" "EXTRA_COMPILER_FLAGS=-mcpu=cortex-a9 -mfpu=vfpv3 -mfloat-abi=hard -no
TRACE::2026-03-06.22:44:13::SCWMssOS::startfiles -g -Wall -Wextra -fno-tree-loop-distribute-patterns"

TRACE::2026-03-06.22:44:13::SCWMssOS::"Running Make include in ps7_cortexa9_0/libsrc/scuwdt_v2_6/src"

TRACE::2026-03-06.22:44:13::SCWMssOS::make -C ps7_cortexa9_0/libsrc/scuwdt_v2_6/src -s include  "SHELL=CMD" "COMPILER=arm-none-eabi-gcc" "ASSEMBLER=arm-none-eabi-as"
TRACE::2026-03-06.22:44:13::SCWMssOS:: "ARCHIVER=arm-none-eabi-ar" "COMPILER_FLAGS=  -O2 -c" "EXTRA_COMPILER_FLAGS=-mcpu=cortex-a9 -mfpu=vfpv3 -mfloat-abi=hard -nost
TRACE::2026-03-06.22:44:13::SCWMssOS::artfiles -g -Wall -Wextra -fno-tree-loop-distribute-patterns"

TRACE::2026-03-06.22:44:13::SCWMssOS::"Running Make include in ps7_cortexa9_0/libsrc/sdps_v4_4/src"

TRACE::2026-03-06.22:44:13::SCWMssOS::make -C ps7_cortexa9_0/libsrc/sdps_v4_4/src -s include  "SHELL=CMD" "COMPILER=arm-none-eabi-gcc" "ASSEMBLER=arm-none-eabi-as" "
TRACE::2026-03-06.22:44:13::SCWMssOS::ARCHIVER=arm-none-eabi-ar" "COMPILER_FLAGS=  -O2 -c" "EXTRA_COMPILER_FLAGS=-mcpu=cortex-a9 -mfpu=vfpv3 -mfloat-abi=hard -nostar
TRACE::2026-03-06.22:44:13::SCWMssOS::tfiles -g -Wall -Wextra -fno-tree-loop-distribute-patterns"

TRACE::2026-03-06.22:44:13::SCWMssOS::"Running Make include in ps7_cortexa9_0/libsrc/standalone_v9_2/src"

TRACE::2026-03-06.22:44:13::SCWMssOS::make -C ps7_cortexa9_0/libsrc/standalone_v9_2/src -s include  "SHELL=CMD" "COMPILER=arm-none-eabi-gcc" "ASSEMBLER=arm-none-eabi
TRACE::2026-03-06.22:44:13::SCWMssOS::-as" "ARCHIVER=arm-none-eabi-ar" "COMPILER_FLAGS=  -O2 -c" "EXTRA_COMPILER_FLAGS=-mcpu=cortex-a9 -mfpu=vfpv3 -mfloat-abi=hard -
TRACE::2026-03-06.22:44:13::SCWMssOS::nostartfiles -g -Wall -Wextra -fno-tree-loop-distribute-patterns"

TRACE::2026-03-06.22:44:13::SCWMssOS::"Running Make include in ps7_cortexa9_0/libsrc/ttcps_v3_20/src"

TRACE::2026-03-06.22:44:13::SCWMssOS::make -C ps7_cortexa9_0/libsrc/ttcps_v3_20/src -s include  "SHELL=CMD" "COMPILER=arm-none-eabi-gcc" "ASSEMBLER=arm-none-eabi-as"
TRACE::2026-03-06.22:44:13::SCWMssOS:: "ARCHIVER=arm-none-eabi-ar" "COMPILER_FLAGS=  -O2 -c" "EXTRA_COMPILER_FLAGS=-mcpu=cortex-a9 -mfpu=vfpv3 -mfloat-abi=hard -nost
TRACE::2026-03-06.22:44:13::SCWMssOS::artfiles -g -Wall -Wextra -fno-tree-loop-distribute-patterns"

TRACE::2026-03-06.22:44:13::SCWMssOS::"Running Make include in ps7_cortexa9_0/libsrc/uartps_v3_15/src"

TRACE::2026-03-06.22:44:13::SCWMssOS::make -C ps7_cortexa9_0/libsrc/uartps_v3_15/src -s include  "SHELL=CMD" "COMPILER=arm-none-eabi-gcc" "ASSEMBLER=arm-none-eabi-as
TRACE::2026-03-06.22:44:13::SCWMssOS::" "ARCHIVER=arm-none-eabi-ar" "COMPILER_FLAGS=  -O2 -c" "EXTRA_COMPILER_FLAGS=-mcpu=cortex-a9 -mfpu=vfpv3 -mfloat-abi=hard -nos
TRACE::2026-03-06.22:44:13::SCWMssOS::tartfiles -g -Wall -Wextra -fno-tree-loop-distribute-patterns"

TRACE::2026-03-06.22:44:13::SCWMssOS::"Running Make include in ps7_cortexa9_0/libsrc/usbps_v2_9/src"

TRACE::2026-03-06.22:44:13::SCWMssOS::make -C ps7_cortexa9_0/libsrc/usbps_v2_9/src -s include  "SHELL=CMD" "COMPILER=arm-none-eabi-gcc" "ASSEMBLER=arm-none-eabi-as" 
TRACE::2026-03-06.22:44:13::SCWMssOS::"ARCHIVER=arm-none-eabi-ar" "COMPILER_FLAGS=  -O2 -c" "EXTRA_COMPILER_FLAGS=-mcpu=cortex-a9 -mfpu=vfpv3 -mfloat-abi=hard -nosta
TRACE::2026-03-06.22:44:13::SCWMssOS::rtfiles -g -Wall -Wextra -fno-tree-loop-distribute-patterns"

TRACE::2026-03-06.22:44:13::SCWMssOS::"Running Make include in ps7_cortexa9_0/libsrc/xadcps_v2_7/src"

TRACE::2026-03-06.22:44:13::SCWMssOS::make -C ps7_cortexa9_0/libsrc/xadcps_v2_7/src -s include  "SHELL=CMD" "COMPILER=arm-none-eabi-gcc" "ASSEMBLER=arm-none-eabi-as"
TRACE::2026-03-06.22:44:13::SCWMssOS:: "ARCHIVER=arm-none-eabi-ar" "COMPILER_FLAGS=  -O2 -c" "EXTRA_COMPILER_FLAGS=-mcpu=cortex-a9 -mfpu=vfpv3 -mfloat-abi=hard -nost
TRACE::2026-03-06.22:44:13::SCWMssOS::artfiles -g -Wall -Wextra -fno-tree-loop-distribute-patterns"

TRACE::2026-03-06.22:44:13::SCWMssOS::"Running Make include in ps7_cortexa9_0/libsrc/xilffs_v5_3/src"

TRACE::2026-03-06.22:44:13::SCWMssOS::make -C ps7_cortexa9_0/libsrc/xilffs_v5_3/src -s include  "SHELL=CMD" "COMPILER=arm-none-eabi-gcc" "ASSEMBLER=arm-none-eabi-as"
TRACE::2026-03-06.22:44:13::SCWMssOS:: "ARCHIVER=arm-none-eabi-ar" "COMPILER_FLAGS=  -O2 -c" "EXTRA_COMPILER_FLAGS=-mcpu=cortex-a9 -mfpu=vfpv3 -mfloat-abi=hard -nost
TRACE::2026-03-06.22:44:13::SCWMssOS::artfiles -g -Wall -Wextra -fno-tree-loop-distribute-patterns"

TRACE::2026-03-06.22:44:13::SCWMssOS::"Running Make include in ps7_cortexa9_0/libsrc/xiltimer_v2_1/src"

TRACE::2026-03-06.22:44:13::SCWMssOS::make -C ps7_cortexa9_0/libsrc/xiltimer_v2_1/src -s include  "SHELL=CMD" "COMPILER=arm-none-eabi-gcc" "ASSEMBLER=arm-none-eabi-a
TRACE::2026-03-06.22:44:13::SCWMssOS::s" "ARCHIVER=arm-none-eabi-ar" "COMPILER_FLAGS=  -O2 -c" "EXTRA_COMPILER_FLAGS=-mcpu=cortex-a9 -mfpu=vfpv3 -mfloat-abi=hard -no
TRACE::2026-03-06.22:44:13::SCWMssOS::startfiles -g -Wall -Wextra -fno-tree-loop-distribute-patterns"

TRACE::2026-03-06.22:44:13::SCWMssOS::"Running Make libs in ps7_cortexa9_0/libsrc/coresightps_dcc_v1_11/src"

TRACE::2026-03-06.22:44:13::SCWMssOS::make -C ps7_cortexa9_0/libsrc/coresightps_dcc_v1_11/src -s libs  "SHELL=CMD" "COMPILER=arm-none-eabi-gcc" "ASSEMBLER=arm-none-e
TRACE::2026-03-06.22:44:13::SCWMssOS::abi-as" "ARCHIVER=arm-none-eabi-ar" "COMPILER_FLAGS=  -O2 -c" "EXTRA_COMPILER_FLAGS=-mcpu=cortex-a9 -mfpu=vfpv3 -mfloat-abi=har
TRACE::2026-03-06.22:44:13::SCWMssOS::d -nostartfiles -g -Wall -Wextra -fno-tree-loop-distribute-patterns"

TRACE::2026-03-06.22:44:13::SCWMssOS::"Running Make libs in ps7_cortexa9_0/libsrc/cpu_cortexa9_v2_12/src"

TRACE::2026-03-06.22:44:13::SCWMssOS::make -C ps7_cortexa9_0/libsrc/cpu_cortexa9_v2_12/src -s libs  "SHELL=CMD" "COMPILER=arm-none-eabi-gcc" "ASSEMBLER=arm-none-eabi
TRACE::2026-03-06.22:44:13::SCWMssOS::-as" "ARCHIVER=arm-none-eabi-ar" "COMPILER_FLAGS=  -O2 -c" "EXTRA_COMPILER_FLAGS=-mcpu=cortex-a9 -mfpu=vfpv3 -mfloat-abi=hard -
TRACE::2026-03-06.22:44:13::SCWMssOS::nostartfiles -g -Wall -Wextra -fno-tree-loop-distribute-patterns"

TRACE::2026-03-06.22:44:13::SCWMssOS::"Running Make libs in ps7_cortexa9_0/libsrc/ddrps_v1_2/src"

TRACE::2026-03-06.22:44:13::SCWMssOS::make -C ps7_cortexa9_0/libsrc/ddrps_v1_2/src -s libs  "SHELL=CMD" "COMPILER=arm-none-eabi-gcc" "ASSEMBLER=arm-none-eabi-as" "AR
TRACE::2026-03-06.22:44:13::SCWMssOS::CHIVER=arm-none-eabi-ar" "COMPILER_FLAGS=  -O2 -c" "EXTRA_COMPILER_FLAGS=-mcpu=cortex-a9 -mfpu=vfpv3 -mfloat-abi=hard -nostartf
TRACE::2026-03-06.22:44:13::SCWMssOS::iles -g -Wall -Wextra -fno-tree-loop-distribute-patterns"

TRACE::2026-03-06.22:44:13::SCWMssOS::"Running Make libs in ps7_cortexa9_0/libsrc/devcfg_v3_8/src"

TRACE::2026-03-06.22:44:13::SCWMssOS::make -C ps7_cortexa9_0/libsrc/devcfg_v3_8/src -s libs  "SHELL=CMD" "COMPILER=arm-none-eabi-gcc" "ASSEMBLER=arm-none-eabi-as" "A
TRACE::2026-03-06.22:44:13::SCWMssOS::RCHIVER=arm-none-eabi-ar" "COMPILER_FLAGS=  -O2 -c" "EXTRA_COMPILER_FLAGS=-mcpu=cortex-a9 -mfpu=vfpv3 -mfloat-abi=hard -nostart
TRACE::2026-03-06.22:44:13::SCWMssOS::files -g -Wall -Wextra -fno-tree-loop-distribute-patterns"

TRACE::2026-03-06.22:44:13::SCWMssOS::"Running Make libs in ps7_cortexa9_0/libsrc/dmaps_v2_11/src"

TRACE::2026-03-06.22:44:13::SCWMssOS::make -C ps7_cortexa9_0/libsrc/dmaps_v2_11/src -s libs  "SHELL=CMD" "COMPILER=arm-none-eabi-gcc" "ASSEMBLER=arm-none-eabi-as" "A
TRACE::2026-03-06.22:44:13::SCWMssOS::RCHIVER=arm-none-eabi-ar" "COMPILER_FLAGS=  -O2 -c" "EXTRA_COMPILER_FLAGS=-mcpu=cortex-a9 -mfpu=vfpv3 -mfloat-abi=hard -nostart
TRACE::2026-03-06.22:44:13::SCWMssOS::files -g -Wall -Wextra -fno-tree-loop-distribute-patterns"

TRACE::2026-03-06.22:44:13::SCWMssOS::"Running Make libs in ps7_cortexa9_0/libsrc/emacps_v3_21/src"

TRACE::2026-03-06.22:44:13::SCWMssOS::make -C ps7_cortexa9_0/libsrc/emacps_v3_21/src -s libs  "SHELL=CMD" "COMPILER=arm-none-eabi-gcc" "ASSEMBLER=arm-none-eabi-as" "
TRACE::2026-03-06.22:44:13::SCWMssOS::ARCHIVER=arm-none-eabi-ar" "COMPILER_FLAGS=  -O2 -c" "EXTRA_COMPILER_FLAGS=-mcpu=cortex-a9 -mfpu=vfpv3 -mfloat-abi=hard -nostar
TRACE::2026-03-06.22:44:13::SCWMssOS::tfiles -g -Wall -Wextra -fno-tree-loop-distribute-patterns"

TRACE::2026-03-06.22:44:13::SCWMssOS::"Running Make libs in ps7_cortexa9_0/libsrc/gpiops_v3_13/src"

TRACE::2026-03-06.22:44:13::SCWMssOS::make -C ps7_cortexa9_0/libsrc/gpiops_v3_13/src -s libs  "SHELL=CMD" "COMPILER=arm-none-eabi-gcc" "ASSEMBLER=arm-none-eabi-as" "
TRACE::2026-03-06.22:44:13::SCWMssOS::ARCHIVER=arm-none-eabi-ar" "COMPILER_FLAGS=  -O2 -c" "EXTRA_COMPILER_FLAGS=-mcpu=cortex-a9 -mfpu=vfpv3 -mfloat-abi=hard -nostar
TRACE::2026-03-06.22:44:13::SCWMssOS::tfiles -g -Wall -Wextra -fno-tree-loop-distribute-patterns"

TRACE::2026-03-06.22:44:13::SCWMssOS::"Running Make libs in ps7_cortexa9_0/libsrc/gpio_v4_12/src"

TRACE::2026-03-06.22:44:13::SCWMssOS::make -C ps7_cortexa9_0/libsrc/gpio_v4_12/src -s libs  "SHELL=CMD" "COMPILER=arm-none-eabi-gcc" "ASSEMBLER=arm-none-eabi-as" "AR
TRACE::2026-03-06.22:44:13::SCWMssOS::CHIVER=arm-none-eabi-ar" "COMPILER_FLAGS=  -O2 -c" "EXTRA_COMPILER_FLAGS=-mcpu=cortex-a9 -mfpu=vfpv3 -mfloat-abi=hard -nostartf
TRACE::2026-03-06.22:44:13::SCWMssOS::iles -g -Wall -Wextra -fno-tree-loop-distribute-patterns"

TRACE::2026-03-06.22:44:13::SCWMssOS::"Running Make libs in ps7_cortexa9_0/libsrc/qspips_v3_13/src"

TRACE::2026-03-06.22:44:13::SCWMssOS::make -C ps7_cortexa9_0/libsrc/qspips_v3_13/src -s libs  "SHELL=CMD" "COMPILER=arm-none-eabi-gcc" "ASSEMBLER=arm-none-eabi-as" "
TRACE::2026-03-06.22:44:13::SCWMssOS::ARCHIVER=arm-none-eabi-ar" "COMPILER_FLAGS=  -O2 -c" "EXTRA_COMPILER_FLAGS=-mcpu=cortex-a9 -mfpu=vfpv3 -mfloat-abi=hard -nostar
TRACE::2026-03-06.22:44:13::SCWMssOS::tfiles -g -Wall -Wextra -fno-tree-loop-distribute-patterns"

TRACE::2026-03-06.22:44:13::SCWMssOS::"Running Make libs in ps7_cortexa9_0/libsrc/scugic_v5_4/src"

TRACE::2026-03-06.22:44:13::SCWMssOS::make -C ps7_cortexa9_0/libsrc/scugic_v5_4/src -s libs  "SHELL=CMD" "COMPILER=arm-none-eabi-gcc" "ASSEMBLER=arm-none-eabi-as" "A
TRACE::2026-03-06.22:44:13::SCWMssOS::RCHIVER=arm-none-eabi-ar" "COMPILER_FLAGS=  -O2 -c" "EXTRA_COMPILER_FLAGS=-mcpu=cortex-a9 -mfpu=vfpv3 -mfloat-abi=hard -nostart
TRACE::2026-03-06.22:44:13::SCWMssOS::files -g -Wall -Wextra -fno-tree-loop-distribute-patterns"

TRACE::2026-03-06.22:44:13::SCWMssOS::"Running Make libs in ps7_cortexa9_0/libsrc/scutimer_v2_6/src"

TRACE::2026-03-06.22:44:13::SCWMssOS::make -C ps7_cortexa9_0/libsrc/scutimer_v2_6/src -s libs  "SHELL=CMD" "COMPILER=arm-none-eabi-gcc" "ASSEMBLER=arm-none-eabi-as" 
TRACE::2026-03-06.22:44:13::SCWMssOS::"ARCHIVER=arm-none-eabi-ar" "COMPILER_FLAGS=  -O2 -c" "EXTRA_COMPILER_FLAGS=-mcpu=cortex-a9 -mfpu=vfpv3 -mfloat-abi=hard -nosta
TRACE::2026-03-06.22:44:13::SCWMssOS::rtfiles -g -Wall -Wextra -fno-tree-loop-distribute-patterns"

TRACE::2026-03-06.22:44:13::SCWMssOS::"Running Make libs in ps7_cortexa9_0/libsrc/scuwdt_v2_6/src"

TRACE::2026-03-06.22:44:13::SCWMssOS::make -C ps7_cortexa9_0/libsrc/scuwdt_v2_6/src -s libs  "SHELL=CMD" "COMPILER=arm-none-eabi-gcc" "ASSEMBLER=arm-none-eabi-as" "A
TRACE::2026-03-06.22:44:13::SCWMssOS::RCHIVER=arm-none-eabi-ar" "COMPILER_FLAGS=  -O2 -c" "EXTRA_COMPILER_FLAGS=-mcpu=cortex-a9 -mfpu=vfpv3 -mfloat-abi=hard -nostart
TRACE::2026-03-06.22:44:13::SCWMssOS::files -g -Wall -Wextra -fno-tree-loop-distribute-patterns"

TRACE::2026-03-06.22:44:14::SCWMssOS::"Running Make libs in ps7_cortexa9_0/libsrc/sdps_v4_4/src"

TRACE::2026-03-06.22:44:14::SCWMssOS::make -C ps7_cortexa9_0/libsrc/sdps_v4_4/src -s libs  "SHELL=CMD" "COMPILER=arm-none-eabi-gcc" "ASSEMBLER=arm-none-eabi-as" "ARC
TRACE::2026-03-06.22:44:14::SCWMssOS::HIVER=arm-none-eabi-ar" "COMPILER_FLAGS=  -O2 -c" "EXTRA_COMPILER_FLAGS=-mcpu=cortex-a9 -mfpu=vfpv3 -mfloat-abi=hard -nostartfi
TRACE::2026-03-06.22:44:14::SCWMssOS::les -g -Wall -Wextra -fno-tree-loop-distribute-patterns"

TRACE::2026-03-06.22:44:14::SCWMssOS::"Running Make libs in ps7_cortexa9_0/libsrc/standalone_v9_2/src"

TRACE::2026-03-06.22:44:14::SCWMssOS::make -C ps7_cortexa9_0/libsrc/standalone_v9_2/src -s libs  "SHELL=CMD" "COMPILER=arm-none-eabi-gcc" "ASSEMBLER=arm-none-eabi-as
TRACE::2026-03-06.22:44:14::SCWMssOS::" "ARCHIVER=arm-none-eabi-ar" "COMPILER_FLAGS=  -O2 -c" "EXTRA_COMPILER_FLAGS=-mcpu=cortex-a9 -mfpu=vfpv3 -mfloat-abi=hard -nos
TRACE::2026-03-06.22:44:14::SCWMssOS::tartfiles -g -Wall -Wextra -fno-tree-loop-distribute-patterns"

TRACE::2026-03-06.22:44:14::SCWMssOS::"Running Make libs in ps7_cortexa9_0/libsrc/ttcps_v3_20/src"

TRACE::2026-03-06.22:44:14::SCWMssOS::make -C ps7_cortexa9_0/libsrc/ttcps_v3_20/src -s libs  "SHELL=CMD" "COMPILER=arm-none-eabi-gcc" "ASSEMBLER=arm-none-eabi-as" "A
TRACE::2026-03-06.22:44:14::SCWMssOS::RCHIVER=arm-none-eabi-ar" "COMPILER_FLAGS=  -O2 -c" "EXTRA_COMPILER_FLAGS=-mcpu=cortex-a9 -mfpu=vfpv3 -mfloat-abi=hard -nostart
TRACE::2026-03-06.22:44:14::SCWMssOS::files -g -Wall -Wextra -fno-tree-loop-distribute-patterns"

TRACE::2026-03-06.22:44:14::SCWMssOS::"Running Make libs in ps7_cortexa9_0/libsrc/uartps_v3_15/src"

TRACE::2026-03-06.22:44:14::SCWMssOS::make -C ps7_cortexa9_0/libsrc/uartps_v3_15/src -s libs  "SHELL=CMD" "COMPILER=arm-none-eabi-gcc" "ASSEMBLER=arm-none-eabi-as" "
TRACE::2026-03-06.22:44:14::SCWMssOS::ARCHIVER=arm-none-eabi-ar" "COMPILER_FLAGS=  -O2 -c" "EXTRA_COMPILER_FLAGS=-mcpu=cortex-a9 -mfpu=vfpv3 -mfloat-abi=hard -nostar
TRACE::2026-03-06.22:44:14::SCWMssOS::tfiles -g -Wall -Wextra -fno-tree-loop-distribute-patterns"

TRACE::2026-03-06.22:44:14::SCWMssOS::"Running Make libs in ps7_cortexa9_0/libsrc/usbps_v2_9/src"

TRACE::2026-03-06.22:44:14::SCWMssOS::make -C ps7_cortexa9_0/libsrc/usbps_v2_9/src -s libs  "SHELL=CMD" "COMPILER=arm-none-eabi-gcc" "ASSEMBLER=arm-none-eabi-as" "AR
TRACE::2026-03-06.22:44:14::SCWMssOS::CHIVER=arm-none-eabi-ar" "COMPILER_FLAGS=  -O2 -c" "EXTRA_COMPILER_FLAGS=-mcpu=cortex-a9 -mfpu=vfpv3 -mfloat-abi=hard -nostartf
TRACE::2026-03-06.22:44:14::SCWMssOS::iles -g -Wall -Wextra -fno-tree-loop-distribute-patterns"

TRACE::2026-03-06.22:44:14::SCWMssOS::"Running Make libs in ps7_cortexa9_0/libsrc/xadcps_v2_7/src"

TRACE::2026-03-06.22:44:14::SCWMssOS::make -C ps7_cortexa9_0/libsrc/xadcps_v2_7/src -s libs  "SHELL=CMD" "COMPILER=arm-none-eabi-gcc" "ASSEMBLER=arm-none-eabi-as" "A
TRACE::2026-03-06.22:44:14::SCWMssOS::RCHIVER=arm-none-eabi-ar" "COMPILER_FLAGS=  -O2 -c" "EXTRA_COMPILER_FLAGS=-mcpu=cortex-a9 -mfpu=vfpv3 -mfloat-abi=hard -nostart
TRACE::2026-03-06.22:44:14::SCWMssOS::files -g -Wall -Wextra -fno-tree-loop-distribute-patterns"

TRACE::2026-03-06.22:44:14::SCWMssOS::"Running Make libs in ps7_cortexa9_0/libsrc/xilffs_v5_3/src"

TRACE::2026-03-06.22:44:14::SCWMssOS::make -C ps7_cortexa9_0/libsrc/xilffs_v5_3/src -s libs  "SHELL=CMD" "COMPILER=arm-none-eabi-gcc" "ASSEMBLER=arm-none-eabi-as" "A
TRACE::2026-03-06.22:44:14::SCWMssOS::RCHIVER=arm-none-eabi-ar" "COMPILER_FLAGS=  -O2 -c" "EXTRA_COMPILER_FLAGS=-mcpu=cortex-a9 -mfpu=vfpv3 -mfloat-abi=hard -nostart
TRACE::2026-03-06.22:44:14::SCWMssOS::files -g -Wall -Wextra -fno-tree-loop-distribute-patterns"

TRACE::2026-03-06.22:44:14::SCWMssOS::"Running Make libs in ps7_cortexa9_0/libsrc/xiltimer_v2_1/src"

TRACE::2026-03-06.22:44:14::SCWMssOS::make -C ps7_cortexa9_0/libsrc/xiltimer_v2_1/src -s libs  "SHELL=CMD" "COMPILER=arm-none-eabi-gcc" "ASSEMBLER=arm-none-eabi-as" 
TRACE::2026-03-06.22:44:14::SCWMssOS::"ARCHIVER=arm-none-eabi-ar" "COMPILER_FLAGS=  -O2 -c" "EXTRA_COMPILER_FLAGS=-mcpu=cortex-a9 -mfpu=vfpv3 -mfloat-abi=hard -nosta
TRACE::2026-03-06.22:44:14::SCWMssOS::rtfiles -g -Wall -Wextra -fno-tree-loop-distribute-patterns"

TRACE::2026-03-06.22:44:14::SCWMssOS::"Compiling xiltimer Library"

TRACE::2026-03-06.22:44:15::SCWMssOS::'Finished building libraries parallelly.'

TRACE::2026-03-06.22:44:15::SCWMssOS::make --no-print-directory archive

TRACE::2026-03-06.22:44:15::SCWMssOS::arm-none-eabi-ar -r  ps7_cortexa9_0/lib/libxil.a ps7_cortexa9_0/lib/_exit.o ps7_cortexa9_0/lib/_open.o ps7_cortexa9_0/lib/_sbrk
TRACE::2026-03-06.22:44:15::SCWMssOS::.o ps7_cortexa9_0/lib/abort.o ps7_cortexa9_0/lib/asm_vectors.o ps7_cortexa9_0/lib/boot.o ps7_cortexa9_0/lib/close.o ps7_cortexa
TRACE::2026-03-06.22:44:15::SCWMssOS::9_0/lib/cpputest_time.o ps7_cortexa9_0/lib/cpu_init.o ps7_cortexa9_0/lib/errno.o ps7_cortexa9_0/lib/fcntl.o ps7_cortexa9_0/lib/
TRACE::2026-03-06.22:44:15::SCWMssOS::fstat.o ps7_cortexa9_0/lib/getentropy.o ps7_cortexa9_0/lib/getpid.o ps7_cortexa9_0/lib/gettimeofday.o ps7_cortexa9_0/lib/inbyte
TRACE::2026-03-06.22:44:15::SCWMssOS::.o ps7_cortexa9_0/lib/isatty.o ps7_cortexa9_0/lib/kill.o ps7_cortexa9_0/lib/lseek.o ps7_cortexa9_0/lib/open.o ps7_cortexa9_0/li
TRACE::2026-03-06.22:44:15::SCWMssOS::b/outbyte.o ps7_cortexa9_0/lib/print.o ps7_cortexa9_0/lib/putnum.o ps7_cortexa9_0/lib/read.o ps7_cortexa9_0/lib/sbrk.o ps7_cort
TRACE::2026-03-06.22:44:15::SCWMssOS::exa9_0/lib/time.o ps7_cortexa9_0/lib/translation_table.o ps7_cortexa9_0/lib/unlink.o ps7_cortexa9_0/lib/vectors.o ps7_cortexa9_
TRACE::2026-03-06.22:44:15::SCWMssOS::0/lib/write.o ps7_cortexa9_0/lib/xadcps.o ps7_cortexa9_0/lib/xadcps_g.o ps7_cortexa9_0/lib/xadcps_intr.o ps7_cortexa9_0/lib/xad
TRACE::2026-03-06.22:44:15::SCWMssOS::cps_selftest.o ps7_cortexa9_0/lib/xadcps_sinit.o ps7_cortexa9_0/lib/xcoresightpsdcc.o ps7_cortexa9_0/lib/xdevcfg.o ps7_cortexa9
TRACE::2026-03-06.22:44:15::SCWMssOS::_0/lib/xdevcfg_g.o ps7_cortexa9_0/lib/xdevcfg_hw.o ps7_cortexa9_0/lib/xdevcfg_intr.o ps7_cortexa9_0/lib/xdevcfg_selftest.o ps7_
TRACE::2026-03-06.22:44:15::SCWMssOS::cortexa9_0/lib/xdevcfg_sinit.o ps7_cortexa9_0/lib/xdmaps.o ps7_cortexa9_0/lib/xdmaps_g.o ps7_cortexa9_0/lib/xdmaps_hw.o ps7_cor
TRACE::2026-03-06.22:44:15::SCWMssOS::texa9_0/lib/xdmaps_selftest.o ps7_cortexa9_0/lib/xdmaps_sinit.o ps7_cortexa9_0/lib/xemacps.o ps7_cortexa9_0/lib/xemacps_bdring.
TRACE::2026-03-06.22:44:15::SCWMssOS::o ps7_cortexa9_0/lib/xemacps_control.o ps7_cortexa9_0/lib/xemacps_g.o ps7_cortexa9_0/lib/xemacps_hw.o ps7_cortexa9_0/lib/xemacp
TRACE::2026-03-06.22:44:15::SCWMssOS::s_intr.o ps7_cortexa9_0/lib/xemacps_sinit.o ps7_cortexa9_0/lib/xgpio.o ps7_cortexa9_0/lib/xgpio_extra.o ps7_cortexa9_0/lib/xgpi
TRACE::2026-03-06.22:44:15::SCWMssOS::o_g.o ps7_cortexa9_0/lib/xgpio_intr.o ps7_cortexa9_0/lib/xgpio_selftest.o ps7_cortexa9_0/lib/xgpio_sinit.o ps7_cortexa9_0/lib/x
TRACE::2026-03-06.22:44:15::SCWMssOS::gpiops.o ps7_cortexa9_0/lib/xgpiops_g.o ps7_cortexa9_0/lib/xgpiops_hw.o ps7_cortexa9_0/lib/xgpiops_intr.o ps7_cortexa9_0/lib/xg
TRACE::2026-03-06.22:44:15::SCWMssOS::piops_selftest.o ps7_cortexa9_0/lib/xgpiops_sinit.o ps7_cortexa9_0/lib/xil-crt0.o ps7_cortexa9_0/lib/xil_assert.o ps7_cortexa9_
TRACE::2026-03-06.22:44:15::SCWMssOS::0/lib/xil_cache.o ps7_cortexa9_0/lib/xil_clocking.o ps7_cortexa9_0/lib/xil_exception.o ps7_cortexa9_0/lib/xil_mem.o ps7_cortexa
TRACE::2026-03-06.22:44:15::SCWMssOS::9_0/lib/xil_misc_psreset_api.o ps7_cortexa9_0/lib/xil_mmu.o ps7_cortexa9_0/lib/xil_printf.o ps7_cortexa9_0/lib/xil_spinlock.o p
TRACE::2026-03-06.22:44:15::SCWMssOS::s7_cortexa9_0/lib/xil_sutil.o ps7_cortexa9_0/lib/xil_testcache.o ps7_cortexa9_0/lib/xil_testio.o ps7_cortexa9_0/lib/xil_testmem
TRACE::2026-03-06.22:44:15::SCWMssOS::.o ps7_cortexa9_0/lib/xil_util.o ps7_cortexa9_0/lib/xinterrupt_wrap.o ps7_cortexa9_0/lib/xl2cc_counter.o ps7_cortexa9_0/lib/xpl
TRACE::2026-03-06.22:44:15::SCWMssOS::atform_info.o ps7_cortexa9_0/lib/xpm_counter.o ps7_cortexa9_0/lib/xpm_init.o ps7_cortexa9_0/lib/xqspips.o ps7_cortexa9_0/lib/xq
TRACE::2026-03-06.22:44:15::SCWMssOS::spips_g.o ps7_cortexa9_0/lib/xqspips_hw.o ps7_cortexa9_0/lib/xqspips_options.o ps7_cortexa9_0/lib/xqspips_selftest.o ps7_cortex
TRACE::2026-03-06.22:44:15::SCWMssOS::a9_0/lib/xqspips_sinit.o ps7_cortexa9_0/lib/xscugic.o ps7_cortexa9_0/lib/xscugic_g.o ps7_cortexa9_0/lib/xscugic_hw.o ps7_cortex
TRACE::2026-03-06.22:44:15::SCWMssOS::a9_0/lib/xscugic_intr.o ps7_cortexa9_0/lib/xscugic_selftest.o ps7_cortexa9_0/lib/xscugic_sinit.o ps7_cortexa9_0/lib/xscutimer.o
TRACE::2026-03-06.22:44:15::SCWMssOS:: ps7_cortexa9_0/lib/xscutimer_g.o ps7_cortexa9_0/lib/xscutimer_selftest.o ps7_cortexa9_0/lib/xscutimer_sinit.o ps7_cortexa9_0/l
TRACE::2026-03-06.22:44:15::SCWMssOS::ib/xscuwdt.o ps7_cortexa9_0/lib/xscuwdt_g.o ps7_cortexa9_0/lib/xscuwdt_selftest.o ps7_cortexa9_0/lib/xscuwdt_sinit.o ps7_cortex
TRACE::2026-03-06.22:44:15::SCWMssOS::a9_0/lib/xsdps.o ps7_cortexa9_0/lib/xsdps_card.o ps7_cortexa9_0/lib/xsdps_g.o ps7_cortexa9_0/lib/xsdps_host.o ps7_cortexa9_0/li
TRACE::2026-03-06.22:44:15::SCWMssOS::b/xsdps_options.o ps7_cortexa9_0/lib/xsdps_sinit.o ps7_cortexa9_0/lib/xttcps.o ps7_cortexa9_0/lib/xttcps_g.o ps7_cortexa9_0/lib
TRACE::2026-03-06.22:44:15::SCWMssOS::/xttcps_options.o ps7_cortexa9_0/lib/xttcps_selftest.o ps7_cortexa9_0/lib/xttcps_sinit.o ps7_cortexa9_0/lib/xuartps.o ps7_corte
TRACE::2026-03-06.22:44:15::SCWMssOS::xa9_0/lib/xuartps_g.o ps7_cortexa9_0/lib/xuartps_hw.o ps7_cortexa9_0/lib/xuartps_intr.o ps7_cortexa9_0/lib/xuartps_options.o ps
TRACE::2026-03-06.22:44:15::SCWMssOS::7_cortexa9_0/lib/xuartps_selftest.o ps7_cortexa9_0/lib/xuartps_sinit.o ps7_cortexa9_0/lib/xusbps.o ps7_cortexa9_0/lib/xusbps_en
TRACE::2026-03-06.22:44:15::SCWMssOS::dpoint.o ps7_cortexa9_0/lib/xusbps_g.o ps7_cortexa9_0/lib/xusbps_hw.o ps7_cortexa9_0/lib/xusbps_intr.o ps7_cortexa9_0/lib/xusbp
TRACE::2026-03-06.22:44:15::SCWMssOS::s_sinit.o

TRACE::2026-03-06.22:44:15::SCWMssOS::'Finished building libraries'

TRACE::2026-03-06.22:44:16::SCWMssOS::Copying to export directory.
TRACE::2026-03-06.22:44:16::SCWMssOS:: Checking if to create the Supporting Applications
TRACE::2026-03-06.22:44:16::SCWMssOS:: No Linux domain exists, trying to generate FSBL 
LOG::2026-03-06.22:44:16::SCWSystem::Completed Processing the domain standalone_domain
LOG::2026-03-06.22:44:16::SCWSystem::Completed Processing the sysconfig CNC-PL8
LOG::2026-03-06.22:44:16::SCWPlatform::Completed generating the artifacts for system configuration CNC-PL8
TRACE::2026-03-06.22:44:16::SCWPlatform::Started preparing the platform 
TRACE::2026-03-06.22:44:16::SCWSystem::Writing the bif file for system config CNC-PL8
TRACE::2026-03-06.22:44:16::SCWSystem::dir created 
TRACE::2026-03-06.22:44:16::SCWSystem::Writing the bif 
TRACE::2026-03-06.22:44:16::SCWPlatform::Started writing the spfm file 
TRACE::2026-03-06.22:44:16::SCWPlatform::Started writing the xpfm file 
TRACE::2026-03-06.22:44:16::SCWPlatform::Completed generating the platform
TRACE::2026-03-06.22:44:16::SCWMssOS::Saving the mss changes E:/Git-Repos/CNC-FPGA/Vitis3/CNC-PL8/zynq_fsbl/zynq_fsbl_bsp/system.mss
TRACE::2026-03-06.22:44:16::SCWMssOS::Found a swdesign opened with the mssfile.
TRACE::2026-03-06.22:44:16::SCWMssOS::Completed writemss as part of save.
TRACE::2026-03-06.22:44:16::SCWMssOS::Commit changes completed.
TRACE::2026-03-06.22:44:16::SCWMssOS::Saving the mss changes E:/Git-Repos/CNC-FPGA/Vitis3/CNC-PL8/ps7_cortexa9_0/standalone_domain/bsp/system.mss
TRACE::2026-03-06.22:44:16::SCWMssOS::Found a swdesign opened with the mssfile.
TRACE::2026-03-06.22:44:16::SCWMssOS::Completed writemss as part of save.
TRACE::2026-03-06.22:44:16::SCWMssOS::Commit changes completed.
TRACE::2026-03-06.22:44:16::SCWPlatform::Trying to open the hw design at E:/Git-Repos/CNC-FPGA/Vitis3/CNC-PL8/hw/CNC_Top_wrapper.xsa
TRACE::2026-03-06.22:44:16::SCWPlatform::DSA given E:/Git-Repos/CNC-FPGA/Vitis3/CNC-PL8/hw/CNC_Top_wrapper.xsa
TRACE::2026-03-06.22:44:16::SCWPlatform::DSA absoulate path E:/Git-Repos/CNC-FPGA/Vitis3/CNC-PL8/hw/CNC_Top_wrapper.xsa
TRACE::2026-03-06.22:44:16::SCWPlatform::DSA directory E:/Git-Repos/CNC-FPGA/Vitis3/CNC-PL8/hw
TRACE::2026-03-06.22:44:16::SCWPlatform:: Platform Path E:/Git-Repos/CNC-FPGA/Vitis3/CNC-PL8/hw/CNC_Top_wrapper.xsa
TRACE::2026-03-06.22:44:16::SCWPlatform:: Unique name xilinx:zedboard::0.0
TRACE::2026-03-06.22:44:16::SCWPlatform::Trying to set the existing hwdb with name CNC_Top_wrapper_27
TRACE::2026-03-06.22:44:16::SCWPlatform::Opened existing hwdb CNC_Top_wrapper_27
TRACE::2026-03-06.22:44:16::SCWPlatform::Found the Hw Db part of the input DSA
TRACE::2026-03-06.22:44:16::SCWMssOS::Checking the sw design at  E:/Git-Repos/CNC-FPGA/Vitis3/CNC-PL8/zynq_fsbl/zynq_fsbl_bsp/system.mss
TRACE::2026-03-06.22:44:16::SCWMssOS::DEBUG:  swdes dump  E:/Git-Repos/CNC-FPGA/Vitis3/CNC-PL7/ps7_cortexa9_0/standalone_domain/bsp/system.mss|system||
E:/Git-Repos/CNC-FPGA/Vitis3/CNC-PL7/zynq_fsbl/zynq_fsbl_bsp/system.mss|system_2||
E:/Git-Repos/CNC-FPGA/Vitis3/CNC-PL8/ps7_cortexa9_0/standalone_domain/bsp/system.mss|system_0||
E:/Git-Repos/CNC-FPGA/Vitis3/CNC-PL8/zynq_fsbl/zynq_fsbl_bsp/system.mss|system_1||

TRACE::2026-03-06.22:44:16::SCWMssOS::Sw design exists and opened at  E:/Git-Repos/CNC-FPGA/Vitis3/CNC-PL8/zynq_fsbl/zynq_fsbl_bsp/system.mss
TRACE::2026-03-06.22:44:16::SCWPlatform::Trying to open the hw design at E:/Git-Repos/CNC-FPGA/Vitis3/CNC-PL8/hw/CNC_Top_wrapper.xsa
TRACE::2026-03-06.22:44:16::SCWPlatform::DSA given E:/Git-Repos/CNC-FPGA/Vitis3/CNC-PL8/hw/CNC_Top_wrapper.xsa
TRACE::2026-03-06.22:44:16::SCWPlatform::DSA absoulate path E:/Git-Repos/CNC-FPGA/Vitis3/CNC-PL8/hw/CNC_Top_wrapper.xsa
TRACE::2026-03-06.22:44:16::SCWPlatform::DSA directory E:/Git-Repos/CNC-FPGA/Vitis3/CNC-PL8/hw
TRACE::2026-03-06.22:44:16::SCWPlatform:: Platform Path E:/Git-Repos/CNC-FPGA/Vitis3/CNC-PL8/hw/CNC_Top_wrapper.xsa
TRACE::2026-03-06.22:44:16::SCWPlatform:: Unique name xilinx:zedboard::0.0
TRACE::2026-03-06.22:44:16::SCWPlatform::Trying to set the existing hwdb with name CNC_Top_wrapper_27
TRACE::2026-03-06.22:44:16::SCWPlatform::Opened existing hwdb CNC_Top_wrapper_27
TRACE::2026-03-06.22:44:16::SCWPlatform::Found the Hw Db part of the input DSA
TRACE::2026-03-06.22:44:16::SCWMssOS::Checking the sw design at  E:/Git-Repos/CNC-FPGA/Vitis3/CNC-PL8/ps7_cortexa9_0/standalone_domain/bsp/system.mss
TRACE::2026-03-06.22:44:16::SCWMssOS::DEBUG:  swdes dump  E:/Git-Repos/CNC-FPGA/Vitis3/CNC-PL7/ps7_cortexa9_0/standalone_domain/bsp/system.mss|system||
E:/Git-Repos/CNC-FPGA/Vitis3/CNC-PL7/zynq_fsbl/zynq_fsbl_bsp/system.mss|system_2||
E:/Git-Repos/CNC-FPGA/Vitis3/CNC-PL8/ps7_cortexa9_0/standalone_domain/bsp/system.mss|system_0||
E:/Git-Repos/CNC-FPGA/Vitis3/CNC-PL8/zynq_fsbl/zynq_fsbl_bsp/system.mss|system_1||

TRACE::2026-03-06.22:44:16::SCWMssOS::Sw design exists and opened at  E:/Git-Repos/CNC-FPGA/Vitis3/CNC-PL8/ps7_cortexa9_0/standalone_domain/bsp/system.mss
TRACE::2026-03-06.22:44:16::SCWWriter::formatted JSON is {
	"platformName":	"CNC-PL8",
	"sprVersion":	"2.0",
	"mode":	"gui",
	"dsaType":	"Fixed",
	"platformDesc":	"CNC-PL8",
	"platHandOff":	"E:/Git-Repos/CNC-FPGA/Zedboard-CNC/CNC_Top_wrapper.xsa",
	"platIntHandOff":	"<platformDir>/hw/CNC_Top_wrapper.xsa",
	"deviceType":	"zynq",
	"platIsPrebuiltAutogen":	"false",
	"platIsNoBootBsp":	"false",
	"hasFsblMakeHasChanges":	"false",
	"hasPmufwMakeHasChanges":	"false",
	"fsblExtraCompilerFlags":	"-MMD -MP       -mcpu=cortex-a9 -mfpu=vfpv3 -mfloat-abi=hard ",
	"platPreBuiltFlag":	false,
	"platformSamplesDir":	"",
	"platActiveSys":	"CNC-PL8",
	"systems":	[{
			"systemName":	"CNC-PL8",
			"systemDesc":	"CNC-PL8",
			"sysIsBootAutoGen":	"true",
			"systemDispName":	"CNC-PL8",
			"sysActiveDom":	"standalone_domain",
			"sysDefaultDom":	"standalone_domain",
			"domains":	[{
					"domainName":	"zynq_fsbl",
					"domainDispName":	"zynq_fsbl",
					"domainDesc":	"FSBL Application BSP - Auto Generated.",
					"processors":	"ps7_cortexa9_0",
					"os":	"standalone",
					"sdxOs":	"standalone",
					"debugEnable":	"",
					"domRuntimes":	["cpp"],
					"swRepo":	"",
					"mssOsVer":	"9.2",
					"mssFile":	"",
					"md5Digest":	"8e05dff6cf2b7a5e245cc7c2f785ee81",
					"compatibleApp":	"zynq_fsbl",
					"domType":	"bootDomain",
					"arch":	"32-bit",
					"appSettings":	{
						"appCompilerFlags":	"",
						"appLinkerFlags":	""
					},
					"addedLibs":	["xilffs:5.3", "xilrsa:1.8"],
					"libOptions":	{
						"libsContainingOptions":	[]
					},
					"prebuiltLibs":	{
						"prebuiltIncPath":	[],
						"prebuiltLibPath":	[]
					},
					"isolation":	{
					}
				}, {
					"domainName":	"standalone_domain",
					"domainDispName":	"standalone on ps7_cortexa9_0",
					"domainDesc":	"standalone_domain",
					"processors":	"ps7_cortexa9_0",
					"os":	"standalone",
					"sdxOs":	"standalone",
					"qemuArgs":	"<platformDir>/resources/CNC-PL8/standalone_domain/qemu_args.txt",
					"qemuData":	"<platformDir>/resources/CNC-PL8/standalone_domain/qemu",
					"debugEnable":	"False",
					"domRuntimes":	["cpp"],
					"swRepo":	"",
					"mssOsVer":	"9.2",
					"mssFile":	"",
					"md5Digest":	"c640075ff209ed2086a63792a36be901",
					"compatibleApp":	"",
					"domType":	"mssDomain",
					"appSettings":	{
						"appCompilerFlags":	"",
						"appLinkerFlags":	""
					},
					"addedLibs":	["xilffs:5.3", "xiltimer:2.1"],
					"libOptions":	{
						"libsContainingOptions":	[]
					},
					"prebuiltLibs":	{
						"prebuiltIncPath":	[],
						"prebuiltLibPath":	[]
					},
					"isolation":	{
					}
				}]
		}]
}
KEYINFO::2026-03-06.22:44:16::SCWPlatform::updated the xpfm file.
TRACE::2026-03-06.22:44:16::SCWPlatform::Trying to open the hw design at E:/Git-Repos/CNC-FPGA/Vitis3/CNC-PL8/hw/CNC_Top_wrapper.xsa
TRACE::2026-03-06.22:44:16::SCWPlatform::DSA given E:/Git-Repos/CNC-FPGA/Vitis3/CNC-PL8/hw/CNC_Top_wrapper.xsa
TRACE::2026-03-06.22:44:16::SCWPlatform::DSA absoulate path E:/Git-Repos/CNC-FPGA/Vitis3/CNC-PL8/hw/CNC_Top_wrapper.xsa
TRACE::2026-03-06.22:44:16::SCWPlatform::DSA directory E:/Git-Repos/CNC-FPGA/Vitis3/CNC-PL8/hw
TRACE::2026-03-06.22:44:16::SCWPlatform:: Platform Path E:/Git-Repos/CNC-FPGA/Vitis3/CNC-PL8/hw/CNC_Top_wrapper.xsa
TRACE::2026-03-06.22:44:16::SCWPlatform:: Unique name xilinx:zedboard::0.0
TRACE::2026-03-06.22:44:16::SCWPlatform::Trying to set the existing hwdb with name CNC_Top_wrapper_27
TRACE::2026-03-06.22:44:16::SCWPlatform::Opened existing hwdb CNC_Top_wrapper_27
TRACE::2026-03-06.22:44:16::SCWPlatform::Found the Hw Db part of the input DSA
TRACE::2026-03-06.22:44:16::SCWMssOS::Checking the sw design at  E:/Git-Repos/CNC-FPGA/Vitis3/CNC-PL8/ps7_cortexa9_0/standalone_domain/bsp/system.mss
TRACE::2026-03-06.22:44:16::SCWMssOS::DEBUG:  swdes dump  E:/Git-Repos/CNC-FPGA/Vitis3/CNC-PL7/ps7_cortexa9_0/standalone_domain/bsp/system.mss|system||
E:/Git-Repos/CNC-FPGA/Vitis3/CNC-PL7/zynq_fsbl/zynq_fsbl_bsp/system.mss|system_2||
E:/Git-Repos/CNC-FPGA/Vitis3/CNC-PL8/ps7_cortexa9_0/standalone_domain/bsp/system.mss|system_0||
E:/Git-Repos/CNC-FPGA/Vitis3/CNC-PL8/zynq_fsbl/zynq_fsbl_bsp/system.mss|system_1||

TRACE::2026-03-06.22:44:16::SCWMssOS::Sw design exists and opened at  E:/Git-Repos/CNC-FPGA/Vitis3/CNC-PL8/ps7_cortexa9_0/standalone_domain/bsp/system.mss
TRACE::2026-03-06.23:06:17::SCWPlatform::Trying to open the hw design at E:/Git-Repos/CNC-FPGA/Vitis3/CNC-PL8/hw/CNC_Top_wrapper.xsa
TRACE::2026-03-06.23:06:17::SCWPlatform::DSA given E:/Git-Repos/CNC-FPGA/Vitis3/CNC-PL8/hw/CNC_Top_wrapper.xsa
TRACE::2026-03-06.23:06:17::SCWPlatform::DSA absoulate path E:/Git-Repos/CNC-FPGA/Vitis3/CNC-PL8/hw/CNC_Top_wrapper.xsa
TRACE::2026-03-06.23:06:17::SCWPlatform::DSA directory E:/Git-Repos/CNC-FPGA/Vitis3/CNC-PL8/hw
TRACE::2026-03-06.23:06:17::SCWPlatform:: Platform Path E:/Git-Repos/CNC-FPGA/Vitis3/CNC-PL8/hw/CNC_Top_wrapper.xsa
TRACE::2026-03-06.23:06:17::SCWPlatform:: Unique name xilinx:zedboard::0.0
TRACE::2026-03-06.23:06:17::SCWPlatform::Do not have an existing db opened. 
TRACE::2026-03-06.23:06:19::SCWPlatform::Opened new HwDB with name CNC_Top_wrapper
TRACE::2026-03-06.23:06:19::SCWReader::Active system found as  CNC-PL8
TRACE::2026-03-06.23:06:19::SCWReader::Handling sysconfig CNC-PL8
TRACE::2026-03-06.23:06:19::SCWDomain::checking for install qemu data   : 
TRACE::2026-03-06.23:06:19::SCWDomain:: Using the QEMU Data from install at  : C:/Xilinx/Vitis/2024.2/data/emulation/platforms/zynq/sw/a9_standalone/qemu/
TRACE::2026-03-06.23:06:19::SCWDomain:: Using the QEMU args  from install at  : C:/Xilinx/Vitis/2024.2/data/emulation/platforms/zynq/sw/a9_standalone/qemu/qemu_args.txt
TRACE::2026-03-06.23:06:19::SCWPlatform::Trying to open the hw design at E:/Git-Repos/CNC-FPGA/Vitis3/CNC-PL8/hw/CNC_Top_wrapper.xsa
TRACE::2026-03-06.23:06:19::SCWPlatform::DSA given E:/Git-Repos/CNC-FPGA/Vitis3/CNC-PL8/hw/CNC_Top_wrapper.xsa
TRACE::2026-03-06.23:06:19::SCWPlatform::DSA absoulate path E:/Git-Repos/CNC-FPGA/Vitis3/CNC-PL8/hw/CNC_Top_wrapper.xsa
TRACE::2026-03-06.23:06:19::SCWPlatform::DSA directory E:/Git-Repos/CNC-FPGA/Vitis3/CNC-PL8/hw
TRACE::2026-03-06.23:06:19::SCWPlatform:: Platform Path E:/Git-Repos/CNC-FPGA/Vitis3/CNC-PL8/hw/CNC_Top_wrapper.xsa
TRACE::2026-03-06.23:06:19::SCWPlatform:: Unique name xilinx:zedboard::0.0
TRACE::2026-03-06.23:06:19::SCWPlatform::Trying to set the existing hwdb with name CNC_Top_wrapper
TRACE::2026-03-06.23:06:19::SCWPlatform::Opened existing hwdb CNC_Top_wrapper
TRACE::2026-03-06.23:06:19::SCWPlatform::Found the Hw Db part of the input DSA
TRACE::2026-03-06.23:06:19::SCWPlatform::Trying to open the hw design at E:/Git-Repos/CNC-FPGA/Vitis3/CNC-PL8/hw/CNC_Top_wrapper.xsa
TRACE::2026-03-06.23:06:19::SCWPlatform::DSA given E:/Git-Repos/CNC-FPGA/Vitis3/CNC-PL8/hw/CNC_Top_wrapper.xsa
TRACE::2026-03-06.23:06:19::SCWPlatform::DSA absoulate path E:/Git-Repos/CNC-FPGA/Vitis3/CNC-PL8/hw/CNC_Top_wrapper.xsa
TRACE::2026-03-06.23:06:19::SCWPlatform::DSA directory E:/Git-Repos/CNC-FPGA/Vitis3/CNC-PL8/hw
TRACE::2026-03-06.23:06:19::SCWPlatform:: Platform Path E:/Git-Repos/CNC-FPGA/Vitis3/CNC-PL8/hw/CNC_Top_wrapper.xsa
TRACE::2026-03-06.23:06:19::SCWPlatform:: Unique name xilinx:zedboard::0.0
TRACE::2026-03-06.23:06:19::SCWPlatform::Trying to set the existing hwdb with name CNC_Top_wrapper
TRACE::2026-03-06.23:06:19::SCWPlatform::Opened existing hwdb CNC_Top_wrapper
TRACE::2026-03-06.23:06:19::SCWPlatform::Found the Hw Db part of the input DSA
TRACE::2026-03-06.23:06:19::SCWPlatform::Trying to open the hw design at E:/Git-Repos/CNC-FPGA/Vitis3/CNC-PL8/hw/CNC_Top_wrapper.xsa
TRACE::2026-03-06.23:06:19::SCWPlatform::DSA given E:/Git-Repos/CNC-FPGA/Vitis3/CNC-PL8/hw/CNC_Top_wrapper.xsa
TRACE::2026-03-06.23:06:19::SCWPlatform::DSA absoulate path E:/Git-Repos/CNC-FPGA/Vitis3/CNC-PL8/hw/CNC_Top_wrapper.xsa
TRACE::2026-03-06.23:06:19::SCWPlatform::DSA directory E:/Git-Repos/CNC-FPGA/Vitis3/CNC-PL8/hw
TRACE::2026-03-06.23:06:19::SCWPlatform:: Platform Path E:/Git-Repos/CNC-FPGA/Vitis3/CNC-PL8/hw/CNC_Top_wrapper.xsa
TRACE::2026-03-06.23:06:19::SCWPlatform:: Unique name xilinx:zedboard::0.0
TRACE::2026-03-06.23:06:19::SCWPlatform::Trying to set the existing hwdb with name CNC_Top_wrapper
TRACE::2026-03-06.23:06:19::SCWPlatform::Opened existing hwdb CNC_Top_wrapper
TRACE::2026-03-06.23:06:19::SCWPlatform::Found the Hw Db part of the input DSA
TRACE::2026-03-06.23:06:19::SCWReader::Boot application domain added for zynq_fsbl
TRACE::2026-03-06.23:06:19::SCWPlatform::Trying to open the hw design at E:/Git-Repos/CNC-FPGA/Vitis3/CNC-PL8/hw/CNC_Top_wrapper.xsa
TRACE::2026-03-06.23:06:19::SCWPlatform::DSA given E:/Git-Repos/CNC-FPGA/Vitis3/CNC-PL8/hw/CNC_Top_wrapper.xsa
TRACE::2026-03-06.23:06:19::SCWPlatform::DSA absoulate path E:/Git-Repos/CNC-FPGA/Vitis3/CNC-PL8/hw/CNC_Top_wrapper.xsa
TRACE::2026-03-06.23:06:19::SCWPlatform::DSA directory E:/Git-Repos/CNC-FPGA/Vitis3/CNC-PL8/hw
TRACE::2026-03-06.23:06:19::SCWPlatform:: Platform Path E:/Git-Repos/CNC-FPGA/Vitis3/CNC-PL8/hw/CNC_Top_wrapper.xsa
TRACE::2026-03-06.23:06:19::SCWPlatform:: Unique name xilinx:zedboard::0.0
TRACE::2026-03-06.23:06:19::SCWPlatform::Trying to set the existing hwdb with name CNC_Top_wrapper
TRACE::2026-03-06.23:06:19::SCWPlatform::Opened existing hwdb CNC_Top_wrapper
TRACE::2026-03-06.23:06:19::SCWPlatform::Found the Hw Db part of the input DSA
TRACE::2026-03-06.23:06:19::SCWMssOS::Checking the sw design at  E:/Git-Repos/CNC-FPGA/Vitis3/CNC-PL8/zynq_fsbl/zynq_fsbl_bsp/system.mss
TRACE::2026-03-06.23:06:19::SCWMssOS::DEBUG:  swdes dump  
TRACE::2026-03-06.23:06:19::SCWMssOS::No sw design opened at  E:/Git-Repos/CNC-FPGA/Vitis3/CNC-PL8/zynq_fsbl/zynq_fsbl_bsp/system.mss
TRACE::2026-03-06.23:06:19::SCWMssOS::mss exists loading the mss file  E:/Git-Repos/CNC-FPGA/Vitis3/CNC-PL8/zynq_fsbl/zynq_fsbl_bsp/system.mss
TRACE::2026-03-06.23:06:19::SCWMssOS::Opened the sw design from mss  E:/Git-Repos/CNC-FPGA/Vitis3/CNC-PL8/zynq_fsbl/zynq_fsbl_bsp/system.mss
TRACE::2026-03-06.23:06:19::SCWMssOS::Adding the swdes entry E:/Git-Repos/CNC-FPGA/Vitis3/CNC-PL8/zynq_fsbl/zynq_fsbl_bsp/system.mss with des name system
TRACE::2026-03-06.23:06:19::SCWMssOS::updating the scw layer about changes
TRACE::2026-03-06.23:06:19::SCWMssOS::Opened the sw design.  E:/Git-Repos/CNC-FPGA/Vitis3/CNC-PL8/zynq_fsbl/zynq_fsbl_bsp/system.mss
TRACE::2026-03-06.23:06:19::SCWPlatform::Trying to open the hw design at E:/Git-Repos/CNC-FPGA/Vitis3/CNC-PL8/hw/CNC_Top_wrapper.xsa
TRACE::2026-03-06.23:06:19::SCWPlatform::DSA given E:/Git-Repos/CNC-FPGA/Vitis3/CNC-PL8/hw/CNC_Top_wrapper.xsa
TRACE::2026-03-06.23:06:19::SCWPlatform::DSA absoulate path E:/Git-Repos/CNC-FPGA/Vitis3/CNC-PL8/hw/CNC_Top_wrapper.xsa
TRACE::2026-03-06.23:06:19::SCWPlatform::DSA directory E:/Git-Repos/CNC-FPGA/Vitis3/CNC-PL8/hw
TRACE::2026-03-06.23:06:19::SCWPlatform:: Platform Path E:/Git-Repos/CNC-FPGA/Vitis3/CNC-PL8/hw/CNC_Top_wrapper.xsa
TRACE::2026-03-06.23:06:19::SCWPlatform:: Unique name xilinx:zedboard::0.0
TRACE::2026-03-06.23:06:19::SCWPlatform::Trying to set the existing hwdb with name CNC_Top_wrapper
TRACE::2026-03-06.23:06:19::SCWPlatform::Opened existing hwdb CNC_Top_wrapper
TRACE::2026-03-06.23:06:19::SCWPlatform::Found the Hw Db part of the input DSA
TRACE::2026-03-06.23:06:19::SCWMssOS::Checking the sw design at  E:/Git-Repos/CNC-FPGA/Vitis3/CNC-PL8/zynq_fsbl/zynq_fsbl_bsp/system.mss
TRACE::2026-03-06.23:06:19::SCWMssOS::DEBUG:  swdes dump  E:/Git-Repos/CNC-FPGA/Vitis3/CNC-PL8/zynq_fsbl/zynq_fsbl_bsp/system.mss|system||

TRACE::2026-03-06.23:06:19::SCWMssOS::Sw design exists and opened at  E:/Git-Repos/CNC-FPGA/Vitis3/CNC-PL8/zynq_fsbl/zynq_fsbl_bsp/system.mss
TRACE::2026-03-06.23:06:19::SCWMssOS:: library already available in sw design:  xilffs:5.3
TRACE::2026-03-06.23:06:19::SCWPlatform::Trying to open the hw design at E:/Git-Repos/CNC-FPGA/Vitis3/CNC-PL8/hw/CNC_Top_wrapper.xsa
TRACE::2026-03-06.23:06:19::SCWPlatform::DSA given E:/Git-Repos/CNC-FPGA/Vitis3/CNC-PL8/hw/CNC_Top_wrapper.xsa
TRACE::2026-03-06.23:06:19::SCWPlatform::DSA absoulate path E:/Git-Repos/CNC-FPGA/Vitis3/CNC-PL8/hw/CNC_Top_wrapper.xsa
TRACE::2026-03-06.23:06:19::SCWPlatform::DSA directory E:/Git-Repos/CNC-FPGA/Vitis3/CNC-PL8/hw
TRACE::2026-03-06.23:06:19::SCWPlatform:: Platform Path E:/Git-Repos/CNC-FPGA/Vitis3/CNC-PL8/hw/CNC_Top_wrapper.xsa
TRACE::2026-03-06.23:06:19::SCWPlatform:: Unique name xilinx:zedboard::0.0
TRACE::2026-03-06.23:06:19::SCWPlatform::Trying to set the existing hwdb with name CNC_Top_wrapper
TRACE::2026-03-06.23:06:19::SCWPlatform::Opened existing hwdb CNC_Top_wrapper
TRACE::2026-03-06.23:06:19::SCWPlatform::Found the Hw Db part of the input DSA
TRACE::2026-03-06.23:06:19::SCWMssOS::Checking the sw design at  E:/Git-Repos/CNC-FPGA/Vitis3/CNC-PL8/zynq_fsbl/zynq_fsbl_bsp/system.mss
TRACE::2026-03-06.23:06:19::SCWMssOS::DEBUG:  swdes dump  E:/Git-Repos/CNC-FPGA/Vitis3/CNC-PL8/zynq_fsbl/zynq_fsbl_bsp/system.mss|system||

TRACE::2026-03-06.23:06:19::SCWMssOS::Sw design exists and opened at  E:/Git-Repos/CNC-FPGA/Vitis3/CNC-PL8/zynq_fsbl/zynq_fsbl_bsp/system.mss
TRACE::2026-03-06.23:06:19::SCWMssOS:: library already available in sw design:  xilrsa:1.8
TRACE::2026-03-06.23:06:19::SCWMssOS::Saving the mss changes E:/Git-Repos/CNC-FPGA/Vitis3/CNC-PL8/zynq_fsbl/zynq_fsbl_bsp/system.mss
TRACE::2026-03-06.23:06:19::SCWMssOS::Found a swdesign opened with the mssfile.
TRACE::2026-03-06.23:06:19::SCWMssOS::Completed writemss as part of save.
TRACE::2026-03-06.23:06:19::SCWMssOS::Commit changes completed.
TRACE::2026-03-06.23:06:19::SCWReader::Adding prebuilt librarypaths as   
TRACE::2026-03-06.23:06:19::SCWReader::Adding prebuilt incpaths  as   
TRACE::2026-03-06.23:06:19::SCWPlatform::Trying to open the hw design at E:/Git-Repos/CNC-FPGA/Vitis3/CNC-PL8/hw/CNC_Top_wrapper.xsa
TRACE::2026-03-06.23:06:19::SCWPlatform::DSA given E:/Git-Repos/CNC-FPGA/Vitis3/CNC-PL8/hw/CNC_Top_wrapper.xsa
TRACE::2026-03-06.23:06:19::SCWPlatform::DSA absoulate path E:/Git-Repos/CNC-FPGA/Vitis3/CNC-PL8/hw/CNC_Top_wrapper.xsa
TRACE::2026-03-06.23:06:19::SCWPlatform::DSA directory E:/Git-Repos/CNC-FPGA/Vitis3/CNC-PL8/hw
TRACE::2026-03-06.23:06:19::SCWPlatform:: Platform Path E:/Git-Repos/CNC-FPGA/Vitis3/CNC-PL8/hw/CNC_Top_wrapper.xsa
TRACE::2026-03-06.23:06:19::SCWPlatform:: Unique name xilinx:zedboard::0.0
TRACE::2026-03-06.23:06:19::SCWPlatform::Trying to set the existing hwdb with name CNC_Top_wrapper
TRACE::2026-03-06.23:06:19::SCWPlatform::Opened existing hwdb CNC_Top_wrapper
TRACE::2026-03-06.23:06:19::SCWPlatform::Found the Hw Db part of the input DSA
TRACE::2026-03-06.23:06:19::SCWMssOS::Checking the sw design at  E:/Git-Repos/CNC-FPGA/Vitis3/CNC-PL8/zynq_fsbl/zynq_fsbl_bsp/system.mss
TRACE::2026-03-06.23:06:19::SCWMssOS::DEBUG:  swdes dump  E:/Git-Repos/CNC-FPGA/Vitis3/CNC-PL8/zynq_fsbl/zynq_fsbl_bsp/system.mss|system||

TRACE::2026-03-06.23:06:19::SCWMssOS::Sw design exists and opened at  E:/Git-Repos/CNC-FPGA/Vitis3/CNC-PL8/zynq_fsbl/zynq_fsbl_bsp/system.mss
TRACE::2026-03-06.23:06:19::SCWReader::No isolation master present  
TRACE::2026-03-06.23:06:19::SCWDomain::checking for install qemu data   : 
TRACE::2026-03-06.23:06:19::SCWDomain:: Using the QEMU Data from install at  : C:/Xilinx/Vitis/2024.2/data/emulation/platforms/zynq/sw/a9_standalone/qemu/
TRACE::2026-03-06.23:06:19::SCWDomain:: Using the QEMU args  from install at  : C:/Xilinx/Vitis/2024.2/data/emulation/platforms/zynq/sw/a9_standalone/qemu/qemu_args.txt
TRACE::2026-03-06.23:06:19::SCWPlatform::Trying to open the hw design at E:/Git-Repos/CNC-FPGA/Vitis3/CNC-PL8/hw/CNC_Top_wrapper.xsa
TRACE::2026-03-06.23:06:19::SCWPlatform::DSA given E:/Git-Repos/CNC-FPGA/Vitis3/CNC-PL8/hw/CNC_Top_wrapper.xsa
TRACE::2026-03-06.23:06:19::SCWPlatform::DSA absoulate path E:/Git-Repos/CNC-FPGA/Vitis3/CNC-PL8/hw/CNC_Top_wrapper.xsa
TRACE::2026-03-06.23:06:19::SCWPlatform::DSA directory E:/Git-Repos/CNC-FPGA/Vitis3/CNC-PL8/hw
TRACE::2026-03-06.23:06:19::SCWPlatform:: Platform Path E:/Git-Repos/CNC-FPGA/Vitis3/CNC-PL8/hw/CNC_Top_wrapper.xsa
TRACE::2026-03-06.23:06:19::SCWPlatform:: Unique name xilinx:zedboard::0.0
TRACE::2026-03-06.23:06:19::SCWPlatform::Trying to set the existing hwdb with name CNC_Top_wrapper
TRACE::2026-03-06.23:06:19::SCWPlatform::Opened existing hwdb CNC_Top_wrapper
TRACE::2026-03-06.23:06:19::SCWPlatform::Found the Hw Db part of the input DSA
TRACE::2026-03-06.23:06:19::SCWPlatform::Trying to open the hw design at E:/Git-Repos/CNC-FPGA/Vitis3/CNC-PL8/hw/CNC_Top_wrapper.xsa
TRACE::2026-03-06.23:06:19::SCWPlatform::DSA given E:/Git-Repos/CNC-FPGA/Vitis3/CNC-PL8/hw/CNC_Top_wrapper.xsa
TRACE::2026-03-06.23:06:19::SCWPlatform::DSA absoulate path E:/Git-Repos/CNC-FPGA/Vitis3/CNC-PL8/hw/CNC_Top_wrapper.xsa
TRACE::2026-03-06.23:06:19::SCWPlatform::DSA directory E:/Git-Repos/CNC-FPGA/Vitis3/CNC-PL8/hw
TRACE::2026-03-06.23:06:19::SCWPlatform:: Platform Path E:/Git-Repos/CNC-FPGA/Vitis3/CNC-PL8/hw/CNC_Top_wrapper.xsa
TRACE::2026-03-06.23:06:19::SCWPlatform:: Unique name xilinx:zedboard::0.0
TRACE::2026-03-06.23:06:19::SCWPlatform::Trying to set the existing hwdb with name CNC_Top_wrapper
TRACE::2026-03-06.23:06:19::SCWPlatform::Opened existing hwdb CNC_Top_wrapper
TRACE::2026-03-06.23:06:19::SCWPlatform::Found the Hw Db part of the input DSA
TRACE::2026-03-06.23:06:19::SCWPlatform::Trying to open the hw design at E:/Git-Repos/CNC-FPGA/Vitis3/CNC-PL8/hw/CNC_Top_wrapper.xsa
TRACE::2026-03-06.23:06:19::SCWPlatform::DSA given E:/Git-Repos/CNC-FPGA/Vitis3/CNC-PL8/hw/CNC_Top_wrapper.xsa
TRACE::2026-03-06.23:06:19::SCWPlatform::DSA absoulate path E:/Git-Repos/CNC-FPGA/Vitis3/CNC-PL8/hw/CNC_Top_wrapper.xsa
TRACE::2026-03-06.23:06:19::SCWPlatform::DSA directory E:/Git-Repos/CNC-FPGA/Vitis3/CNC-PL8/hw
TRACE::2026-03-06.23:06:19::SCWPlatform:: Platform Path E:/Git-Repos/CNC-FPGA/Vitis3/CNC-PL8/hw/CNC_Top_wrapper.xsa
TRACE::2026-03-06.23:06:19::SCWPlatform:: Unique name xilinx:zedboard::0.0
TRACE::2026-03-06.23:06:19::SCWPlatform::Trying to set the existing hwdb with name CNC_Top_wrapper
TRACE::2026-03-06.23:06:19::SCWPlatform::Opened existing hwdb CNC_Top_wrapper
TRACE::2026-03-06.23:06:19::SCWPlatform::Found the Hw Db part of the input DSA
TRACE::2026-03-06.23:06:19::SCWMssOS::Checking the sw design at  E:/Git-Repos/CNC-FPGA/Vitis3/CNC-PL8/ps7_cortexa9_0/standalone_domain/bsp/system.mss
TRACE::2026-03-06.23:06:19::SCWMssOS::DEBUG:  swdes dump  E:/Git-Repos/CNC-FPGA/Vitis3/CNC-PL8/zynq_fsbl/zynq_fsbl_bsp/system.mss|system||

TRACE::2026-03-06.23:06:19::SCWMssOS::No sw design opened at  E:/Git-Repos/CNC-FPGA/Vitis3/CNC-PL8/ps7_cortexa9_0/standalone_domain/bsp/system.mss
TRACE::2026-03-06.23:06:19::SCWMssOS::mss exists loading the mss file  E:/Git-Repos/CNC-FPGA/Vitis3/CNC-PL8/ps7_cortexa9_0/standalone_domain/bsp/system.mss
TRACE::2026-03-06.23:06:19::SCWMssOS::Opened the sw design from mss  E:/Git-Repos/CNC-FPGA/Vitis3/CNC-PL8/ps7_cortexa9_0/standalone_domain/bsp/system.mss
TRACE::2026-03-06.23:06:19::SCWMssOS::Adding the swdes entry E:/Git-Repos/CNC-FPGA/Vitis3/CNC-PL8/ps7_cortexa9_0/standalone_domain/bsp/system.mss with des name system_0
TRACE::2026-03-06.23:06:19::SCWMssOS::updating the scw layer about changes
TRACE::2026-03-06.23:06:19::SCWMssOS::Opened the sw design.  E:/Git-Repos/CNC-FPGA/Vitis3/CNC-PL8/ps7_cortexa9_0/standalone_domain/bsp/system.mss
TRACE::2026-03-06.23:06:19::SCWPlatform::Trying to open the hw design at E:/Git-Repos/CNC-FPGA/Vitis3/CNC-PL8/hw/CNC_Top_wrapper.xsa
TRACE::2026-03-06.23:06:19::SCWPlatform::DSA given E:/Git-Repos/CNC-FPGA/Vitis3/CNC-PL8/hw/CNC_Top_wrapper.xsa
TRACE::2026-03-06.23:06:19::SCWPlatform::DSA absoulate path E:/Git-Repos/CNC-FPGA/Vitis3/CNC-PL8/hw/CNC_Top_wrapper.xsa
TRACE::2026-03-06.23:06:19::SCWPlatform::DSA directory E:/Git-Repos/CNC-FPGA/Vitis3/CNC-PL8/hw
TRACE::2026-03-06.23:06:19::SCWPlatform:: Platform Path E:/Git-Repos/CNC-FPGA/Vitis3/CNC-PL8/hw/CNC_Top_wrapper.xsa
TRACE::2026-03-06.23:06:19::SCWPlatform:: Unique name xilinx:zedboard::0.0
TRACE::2026-03-06.23:06:19::SCWPlatform::Trying to set the existing hwdb with name CNC_Top_wrapper
TRACE::2026-03-06.23:06:19::SCWPlatform::Opened existing hwdb CNC_Top_wrapper
TRACE::2026-03-06.23:06:19::SCWPlatform::Found the Hw Db part of the input DSA
TRACE::2026-03-06.23:06:19::SCWMssOS::Checking the sw design at  E:/Git-Repos/CNC-FPGA/Vitis3/CNC-PL8/ps7_cortexa9_0/standalone_domain/bsp/system.mss
TRACE::2026-03-06.23:06:19::SCWMssOS::DEBUG:  swdes dump  E:/Git-Repos/CNC-FPGA/Vitis3/CNC-PL8/ps7_cortexa9_0/standalone_domain/bsp/system.mss|system_0||
E:/Git-Repos/CNC-FPGA/Vitis3/CNC-PL8/zynq_fsbl/zynq_fsbl_bsp/system.mss|system||

TRACE::2026-03-06.23:06:19::SCWMssOS::Sw design exists and opened at  E:/Git-Repos/CNC-FPGA/Vitis3/CNC-PL8/ps7_cortexa9_0/standalone_domain/bsp/system.mss
TRACE::2026-03-06.23:06:19::SCWMssOS:: library already available in sw design:  xilffs:5.3
TRACE::2026-03-06.23:06:19::SCWPlatform::Trying to open the hw design at E:/Git-Repos/CNC-FPGA/Vitis3/CNC-PL8/hw/CNC_Top_wrapper.xsa
TRACE::2026-03-06.23:06:19::SCWPlatform::DSA given E:/Git-Repos/CNC-FPGA/Vitis3/CNC-PL8/hw/CNC_Top_wrapper.xsa
TRACE::2026-03-06.23:06:19::SCWPlatform::DSA absoulate path E:/Git-Repos/CNC-FPGA/Vitis3/CNC-PL8/hw/CNC_Top_wrapper.xsa
TRACE::2026-03-06.23:06:19::SCWPlatform::DSA directory E:/Git-Repos/CNC-FPGA/Vitis3/CNC-PL8/hw
TRACE::2026-03-06.23:06:19::SCWPlatform:: Platform Path E:/Git-Repos/CNC-FPGA/Vitis3/CNC-PL8/hw/CNC_Top_wrapper.xsa
TRACE::2026-03-06.23:06:19::SCWPlatform:: Unique name xilinx:zedboard::0.0
TRACE::2026-03-06.23:06:19::SCWPlatform::Trying to set the existing hwdb with name CNC_Top_wrapper
TRACE::2026-03-06.23:06:19::SCWPlatform::Opened existing hwdb CNC_Top_wrapper
TRACE::2026-03-06.23:06:19::SCWPlatform::Found the Hw Db part of the input DSA
TRACE::2026-03-06.23:06:19::SCWMssOS::Checking the sw design at  E:/Git-Repos/CNC-FPGA/Vitis3/CNC-PL8/ps7_cortexa9_0/standalone_domain/bsp/system.mss
TRACE::2026-03-06.23:06:19::SCWMssOS::DEBUG:  swdes dump  E:/Git-Repos/CNC-FPGA/Vitis3/CNC-PL8/ps7_cortexa9_0/standalone_domain/bsp/system.mss|system_0||
E:/Git-Repos/CNC-FPGA/Vitis3/CNC-PL8/zynq_fsbl/zynq_fsbl_bsp/system.mss|system||

TRACE::2026-03-06.23:06:19::SCWMssOS::Sw design exists and opened at  E:/Git-Repos/CNC-FPGA/Vitis3/CNC-PL8/ps7_cortexa9_0/standalone_domain/bsp/system.mss
TRACE::2026-03-06.23:06:19::SCWMssOS:: library already available in sw design:  xiltimer:2.1
TRACE::2026-03-06.23:06:19::SCWMssOS::Saving the mss changes E:/Git-Repos/CNC-FPGA/Vitis3/CNC-PL8/ps7_cortexa9_0/standalone_domain/bsp/system.mss
TRACE::2026-03-06.23:06:19::SCWMssOS::Found a swdesign opened with the mssfile.
TRACE::2026-03-06.23:06:19::SCWMssOS::Completed writemss as part of save.
TRACE::2026-03-06.23:06:19::SCWMssOS::Commit changes completed.
TRACE::2026-03-06.23:06:19::SCWReader::Adding prebuilt librarypaths as   
TRACE::2026-03-06.23:06:19::SCWReader::Adding prebuilt incpaths  as   
TRACE::2026-03-06.23:06:19::SCWPlatform::Trying to open the hw design at E:/Git-Repos/CNC-FPGA/Vitis3/CNC-PL8/hw/CNC_Top_wrapper.xsa
TRACE::2026-03-06.23:06:19::SCWPlatform::DSA given E:/Git-Repos/CNC-FPGA/Vitis3/CNC-PL8/hw/CNC_Top_wrapper.xsa
TRACE::2026-03-06.23:06:19::SCWPlatform::DSA absoulate path E:/Git-Repos/CNC-FPGA/Vitis3/CNC-PL8/hw/CNC_Top_wrapper.xsa
TRACE::2026-03-06.23:06:19::SCWPlatform::DSA directory E:/Git-Repos/CNC-FPGA/Vitis3/CNC-PL8/hw
TRACE::2026-03-06.23:06:19::SCWPlatform:: Platform Path E:/Git-Repos/CNC-FPGA/Vitis3/CNC-PL8/hw/CNC_Top_wrapper.xsa
TRACE::2026-03-06.23:06:19::SCWPlatform:: Unique name xilinx:zedboard::0.0
TRACE::2026-03-06.23:06:19::SCWPlatform::Trying to set the existing hwdb with name CNC_Top_wrapper
TRACE::2026-03-06.23:06:19::SCWPlatform::Opened existing hwdb CNC_Top_wrapper
TRACE::2026-03-06.23:06:19::SCWPlatform::Found the Hw Db part of the input DSA
TRACE::2026-03-06.23:06:19::SCWMssOS::Checking the sw design at  E:/Git-Repos/CNC-FPGA/Vitis3/CNC-PL8/ps7_cortexa9_0/standalone_domain/bsp/system.mss
TRACE::2026-03-06.23:06:19::SCWMssOS::DEBUG:  swdes dump  E:/Git-Repos/CNC-FPGA/Vitis3/CNC-PL8/ps7_cortexa9_0/standalone_domain/bsp/system.mss|system_0||
E:/Git-Repos/CNC-FPGA/Vitis3/CNC-PL8/zynq_fsbl/zynq_fsbl_bsp/system.mss|system||

TRACE::2026-03-06.23:06:19::SCWMssOS::Sw design exists and opened at  E:/Git-Repos/CNC-FPGA/Vitis3/CNC-PL8/ps7_cortexa9_0/standalone_domain/bsp/system.mss
TRACE::2026-03-06.23:06:19::SCWReader::No isolation master present  
TRACE::2026-03-06.23:06:39::SCWPlatform::DSA given E:/Git-Repos/CNC-FPGA/Vitis3/CNC-PL8/tempdsa/CNC_Top_wrapper.xsa
TRACE::2026-03-06.23:06:39::SCWPlatform::DSA absoulate path E:/Git-Repos/CNC-FPGA/Vitis3/CNC-PL8/tempdsa/CNC_Top_wrapper.xsa
TRACE::2026-03-06.23:06:39::SCWPlatform:: Platform location is E:/Git-Repos/CNC-FPGA/Vitis3/CNC-PL8/tempdsa
TRACE::2026-03-06.23:06:39::SCWPlatform:: Platform Path E:/Git-Repos/CNC-FPGA/Vitis3/CNC-PL8/tempdsa/CNC_Top_wrapper.xsa
TRACE::2026-03-06.23:06:39::SCWPlatform:: Unique name xilinx:zedboard::0.0
TRACE::2026-03-06.23:06:41::SCWPlatform::Found the Hw Db part of the input DSA
TRACE::2026-03-06.23:06:41::SCWMssOS::Doing hw sync for the mss in domain: zynq_fsbl
TRACE::2026-03-06.23:06:41::SCWPlatform::Trying to open the hw design at E:/Git-Repos/CNC-FPGA/Vitis3/CNC-PL8/hw/CNC_Top_wrapper.xsa
TRACE::2026-03-06.23:06:41::SCWPlatform::DSA given E:/Git-Repos/CNC-FPGA/Vitis3/CNC-PL8/hw/CNC_Top_wrapper.xsa
TRACE::2026-03-06.23:06:41::SCWPlatform::DSA absoulate path E:/Git-Repos/CNC-FPGA/Vitis3/CNC-PL8/hw/CNC_Top_wrapper.xsa
TRACE::2026-03-06.23:06:41::SCWPlatform::DSA directory E:/Git-Repos/CNC-FPGA/Vitis3/CNC-PL8/hw
TRACE::2026-03-06.23:06:41::SCWPlatform:: Platform Path E:/Git-Repos/CNC-FPGA/Vitis3/CNC-PL8/hw/CNC_Top_wrapper.xsa
TRACE::2026-03-06.23:06:41::SCWPlatform:: Unique name xilinx:zedboard::0.0
TRACE::2026-03-06.23:06:41::SCWPlatform::Trying to set the existing hwdb with name CNC_Top_wrapper
TRACE::2026-03-06.23:06:41::SCWPlatform::Opened existing hwdb CNC_Top_wrapper
TRACE::2026-03-06.23:06:41::SCWPlatform::Found the Hw Db part of the input DSA
TRACE::2026-03-06.23:06:41::SCWPlatform::Trying to open the hw design at E:/Git-Repos/CNC-FPGA/Vitis3/CNC-PL8/hw/CNC_Top_wrapper.xsa
TRACE::2026-03-06.23:06:41::SCWPlatform::DSA given E:/Git-Repos/CNC-FPGA/Vitis3/CNC-PL8/hw/CNC_Top_wrapper.xsa
TRACE::2026-03-06.23:06:41::SCWPlatform::DSA absoulate path E:/Git-Repos/CNC-FPGA/Vitis3/CNC-PL8/hw/CNC_Top_wrapper.xsa
TRACE::2026-03-06.23:06:41::SCWPlatform::DSA directory E:/Git-Repos/CNC-FPGA/Vitis3/CNC-PL8/hw
TRACE::2026-03-06.23:06:41::SCWPlatform:: Platform Path E:/Git-Repos/CNC-FPGA/Vitis3/CNC-PL8/hw/CNC_Top_wrapper.xsa
TRACE::2026-03-06.23:06:41::SCWPlatform:: Unique name xilinx:zedboard::0.0
TRACE::2026-03-06.23:06:41::SCWPlatform::Trying to set the existing hwdb with name CNC_Top_wrapper
TRACE::2026-03-06.23:06:41::SCWPlatform::Opened existing hwdb CNC_Top_wrapper
TRACE::2026-03-06.23:06:41::SCWPlatform::Found the Hw Db part of the input DSA
TRACE::2026-03-06.23:06:41::SCWMssOS::Checking the sw design at  E:/Git-Repos/CNC-FPGA/Vitis3/CNC-PL8/zynq_fsbl/zynq_fsbl_bsp/system.mss
TRACE::2026-03-06.23:06:41::SCWMssOS::DEBUG:  swdes dump  E:/Git-Repos/CNC-FPGA/Vitis3/CNC-PL8/ps7_cortexa9_0/standalone_domain/bsp/system.mss|system_0||
E:/Git-Repos/CNC-FPGA/Vitis3/CNC-PL8/zynq_fsbl/zynq_fsbl_bsp/system.mss|system||

TRACE::2026-03-06.23:06:41::SCWMssOS::Sw design exists and opened at  E:/Git-Repos/CNC-FPGA/Vitis3/CNC-PL8/zynq_fsbl/zynq_fsbl_bsp/system.mss
TRACE::2026-03-06.23:06:41::SCWPlatform::Trying to open the hw design at E:/Git-Repos/CNC-FPGA/Vitis3/CNC-PL8/tempdsa/CNC_Top_wrapper.xsa
TRACE::2026-03-06.23:06:41::SCWPlatform::DSA given E:/Git-Repos/CNC-FPGA/Vitis3/CNC-PL8/tempdsa/CNC_Top_wrapper.xsa
TRACE::2026-03-06.23:06:41::SCWPlatform::DSA absoulate path E:/Git-Repos/CNC-FPGA/Vitis3/CNC-PL8/tempdsa/CNC_Top_wrapper.xsa
TRACE::2026-03-06.23:06:41::SCWPlatform::DSA directory E:/Git-Repos/CNC-FPGA/Vitis3/CNC-PL8/tempdsa
TRACE::2026-03-06.23:06:41::SCWPlatform:: Platform Path E:/Git-Repos/CNC-FPGA/Vitis3/CNC-PL8/tempdsa/CNC_Top_wrapper.xsa
TRACE::2026-03-06.23:06:41::SCWPlatform:: Unique name xilinx:zedboard::0.0
TRACE::2026-03-06.23:06:41::SCWPlatform::update - Opened existing hwdb CNC_Top_wrapper_0
TRACE::2026-03-06.23:06:41::SCWPlatform::Found the Hw Db part of the input DSA
TRACE::2026-03-06.23:06:41::SCWMssOS::Doing hw sync for the mss in domain: standalone_domain
TRACE::2026-03-06.23:06:41::SCWPlatform::Trying to open the hw design at E:/Git-Repos/CNC-FPGA/Vitis3/CNC-PL8/hw/CNC_Top_wrapper.xsa
TRACE::2026-03-06.23:06:41::SCWPlatform::DSA given E:/Git-Repos/CNC-FPGA/Vitis3/CNC-PL8/hw/CNC_Top_wrapper.xsa
TRACE::2026-03-06.23:06:41::SCWPlatform::DSA absoulate path E:/Git-Repos/CNC-FPGA/Vitis3/CNC-PL8/hw/CNC_Top_wrapper.xsa
TRACE::2026-03-06.23:06:41::SCWPlatform::DSA directory E:/Git-Repos/CNC-FPGA/Vitis3/CNC-PL8/hw
TRACE::2026-03-06.23:06:41::SCWPlatform:: Platform Path E:/Git-Repos/CNC-FPGA/Vitis3/CNC-PL8/hw/CNC_Top_wrapper.xsa
TRACE::2026-03-06.23:06:41::SCWPlatform:: Unique name xilinx:zedboard::0.0
TRACE::2026-03-06.23:06:41::SCWPlatform::Trying to set the existing hwdb with name CNC_Top_wrapper
TRACE::2026-03-06.23:06:41::SCWPlatform::Opened existing hwdb CNC_Top_wrapper
TRACE::2026-03-06.23:06:41::SCWPlatform::Found the Hw Db part of the input DSA
TRACE::2026-03-06.23:06:41::SCWPlatform::Trying to open the hw design at E:/Git-Repos/CNC-FPGA/Vitis3/CNC-PL8/hw/CNC_Top_wrapper.xsa
TRACE::2026-03-06.23:06:41::SCWPlatform::DSA given E:/Git-Repos/CNC-FPGA/Vitis3/CNC-PL8/hw/CNC_Top_wrapper.xsa
TRACE::2026-03-06.23:06:41::SCWPlatform::DSA absoulate path E:/Git-Repos/CNC-FPGA/Vitis3/CNC-PL8/hw/CNC_Top_wrapper.xsa
TRACE::2026-03-06.23:06:41::SCWPlatform::DSA directory E:/Git-Repos/CNC-FPGA/Vitis3/CNC-PL8/hw
TRACE::2026-03-06.23:06:41::SCWPlatform:: Platform Path E:/Git-Repos/CNC-FPGA/Vitis3/CNC-PL8/hw/CNC_Top_wrapper.xsa
TRACE::2026-03-06.23:06:41::SCWPlatform:: Unique name xilinx:zedboard::0.0
TRACE::2026-03-06.23:06:41::SCWPlatform::Trying to set the existing hwdb with name CNC_Top_wrapper
TRACE::2026-03-06.23:06:41::SCWPlatform::Opened existing hwdb CNC_Top_wrapper
TRACE::2026-03-06.23:06:41::SCWPlatform::Found the Hw Db part of the input DSA
TRACE::2026-03-06.23:06:41::SCWMssOS::Checking the sw design at  E:/Git-Repos/CNC-FPGA/Vitis3/CNC-PL8/ps7_cortexa9_0/standalone_domain/bsp/system.mss
TRACE::2026-03-06.23:06:41::SCWMssOS::DEBUG:  swdes dump  E:/Git-Repos/CNC-FPGA/Vitis3/CNC-PL8/ps7_cortexa9_0/standalone_domain/bsp/system.mss|system_0||
E:/Git-Repos/CNC-FPGA/Vitis3/CNC-PL8/zynq_fsbl/zynq_fsbl_bsp/system.mss|system||

TRACE::2026-03-06.23:06:41::SCWMssOS::Sw design exists and opened at  E:/Git-Repos/CNC-FPGA/Vitis3/CNC-PL8/ps7_cortexa9_0/standalone_domain/bsp/system.mss
TRACE::2026-03-06.23:06:41::SCWPlatform::Trying to open the hw design at E:/Git-Repos/CNC-FPGA/Vitis3/CNC-PL8/tempdsa/CNC_Top_wrapper.xsa
TRACE::2026-03-06.23:06:41::SCWPlatform::DSA given E:/Git-Repos/CNC-FPGA/Vitis3/CNC-PL8/tempdsa/CNC_Top_wrapper.xsa
TRACE::2026-03-06.23:06:41::SCWPlatform::DSA absoulate path E:/Git-Repos/CNC-FPGA/Vitis3/CNC-PL8/tempdsa/CNC_Top_wrapper.xsa
TRACE::2026-03-06.23:06:41::SCWPlatform::DSA directory E:/Git-Repos/CNC-FPGA/Vitis3/CNC-PL8/tempdsa
TRACE::2026-03-06.23:06:41::SCWPlatform:: Platform Path E:/Git-Repos/CNC-FPGA/Vitis3/CNC-PL8/tempdsa/CNC_Top_wrapper.xsa
TRACE::2026-03-06.23:06:41::SCWPlatform:: Unique name xilinx:zedboard::0.0
TRACE::2026-03-06.23:06:41::SCWPlatform::update - Opened existing hwdb CNC_Top_wrapper_0
TRACE::2026-03-06.23:06:41::SCWPlatform::Found the Hw Db part of the input DSA
TRACE::2026-03-06.23:06:41::SCWMssOS::Saving the mss changes E:/Git-Repos/CNC-FPGA/Vitis3/CNC-PL8/zynq_fsbl/zynq_fsbl_bsp/system.mss
TRACE::2026-03-06.23:06:41::SCWMssOS::Found a swdesign opened with the mssfile.
TRACE::2026-03-06.23:06:41::SCWMssOS::Completed writemss as part of save.
TRACE::2026-03-06.23:06:41::SCWMssOS::Commit changes completed.
TRACE::2026-03-06.23:06:41::SCWMssOS::Completed hw sync for the mss in domain: zynq_fsbl
TRACE::2026-03-06.23:06:41::SCWMssOS::Removing the swdes entry for  E:/Git-Repos/CNC-FPGA/Vitis3/CNC-PL8/zynq_fsbl/zynq_fsbl_bsp/system.mss
TRACE::2026-03-06.23:06:41::SCWMssOS::Saving the mss changes E:/Git-Repos/CNC-FPGA/Vitis3/CNC-PL8/ps7_cortexa9_0/standalone_domain/bsp/system.mss
TRACE::2026-03-06.23:06:41::SCWMssOS::Found a swdesign opened with the mssfile.
TRACE::2026-03-06.23:06:41::SCWMssOS::Completed writemss as part of save.
TRACE::2026-03-06.23:06:41::SCWMssOS::Commit changes completed.
TRACE::2026-03-06.23:06:41::SCWMssOS::Completed hw sync for the mss in domain: standalone_domain
TRACE::2026-03-06.23:06:41::SCWMssOS::Removing the swdes entry for  E:/Git-Repos/CNC-FPGA/Vitis3/CNC-PL8/ps7_cortexa9_0/standalone_domain/bsp/system.mss
TRACE::2026-03-06.23:06:41::SCWPlatform::Trying to open the hw design at E:/Git-Repos/CNC-FPGA/Vitis3/CNC-PL8/hw/CNC_Top_wrapper.xsa
TRACE::2026-03-06.23:06:41::SCWPlatform::DSA given E:/Git-Repos/CNC-FPGA/Vitis3/CNC-PL8/hw/CNC_Top_wrapper.xsa
TRACE::2026-03-06.23:06:41::SCWPlatform::DSA absoulate path E:/Git-Repos/CNC-FPGA/Vitis3/CNC-PL8/hw/CNC_Top_wrapper.xsa
TRACE::2026-03-06.23:06:41::SCWPlatform::DSA directory E:/Git-Repos/CNC-FPGA/Vitis3/CNC-PL8/hw
TRACE::2026-03-06.23:06:41::SCWPlatform:: Platform Path E:/Git-Repos/CNC-FPGA/Vitis3/CNC-PL8/hw/CNC_Top_wrapper.xsa
TRACE::2026-03-06.23:06:41::SCWPlatform:: Unique name xilinx:zedboard::0.0
TRACE::2026-03-06.23:06:41::SCWPlatform::Do not have an existing db opened. 
TRACE::2026-03-06.23:07:56::SCWPlatform::Clearing the existing platform
TRACE::2026-03-06.23:07:56::SCWSystem::Clearing the existing sysconfig
TRACE::2026-03-06.23:07:56::SCWBDomain::clearing the fsbl build
TRACE::2026-03-06.23:07:56::SCWSystem::Clearing the domains completed.
TRACE::2026-03-06.23:07:56::SCWPlatform::Clearing the opened hw db.
TRACE::2026-03-06.23:07:56::SCWPlatform::DSA given E:/Git-Repos/CNC-FPGA/Vitis3/CNC-PL8/hw/CNC_Top_wrapper.xsa
TRACE::2026-03-06.23:07:56::SCWPlatform::DSA absoulate path E:/Git-Repos/CNC-FPGA/Vitis3/CNC-PL8/hw/CNC_Top_wrapper.xsa
TRACE::2026-03-06.23:07:56::SCWPlatform:: Platform location is E:/Git-Repos/CNC-FPGA/Vitis3/CNC-PL8/hw
TRACE::2026-03-06.23:07:56::SCWPlatform:: Platform Path E:/Git-Repos/CNC-FPGA/Vitis3/CNC-PL8/hw/CNC_Top_wrapper.xsa
TRACE::2026-03-06.23:07:56::SCWPlatform:: Unique name xilinx:zedboard::0.0
TRACE::2026-03-06.23:07:56::SCWPlatform::Trying to open the hw design at E:/Git-Repos/CNC-FPGA/Vitis3/CNC-PL8/hw/CNC_Top_wrapper.xsa
TRACE::2026-03-06.23:07:56::SCWPlatform::DSA given E:/Git-Repos/CNC-FPGA/Vitis3/CNC-PL8/hw/CNC_Top_wrapper.xsa
TRACE::2026-03-06.23:07:56::SCWPlatform::DSA absoulate path E:/Git-Repos/CNC-FPGA/Vitis3/CNC-PL8/hw/CNC_Top_wrapper.xsa
TRACE::2026-03-06.23:07:56::SCWPlatform::DSA directory E:/Git-Repos/CNC-FPGA/Vitis3/CNC-PL8/hw
TRACE::2026-03-06.23:07:56::SCWPlatform:: Platform Path E:/Git-Repos/CNC-FPGA/Vitis3/CNC-PL8/hw/CNC_Top_wrapper.xsa
TRACE::2026-03-06.23:07:56::SCWPlatform:: Unique name xilinx:zedboard::0.0
TRACE::2026-03-06.23:07:56::SCWPlatform::Do not have an existing db opened. 
TRACE::2026-03-06.23:07:58::SCWPlatform::Opened new HwDB with name CNC_Top_wrapper_1
TRACE::2026-03-06.23:07:58::SCWReader::Active system found as  CNC-PL8
TRACE::2026-03-06.23:07:58::SCWReader::Handling sysconfig CNC-PL8
TRACE::2026-03-06.23:07:58::SCWDomain::checking for install qemu data   : 
TRACE::2026-03-06.23:07:58::SCWDomain:: Using the QEMU Data from install at  : C:/Xilinx/Vitis/2024.2/data/emulation/platforms/zynq/sw/a9_standalone/qemu/
TRACE::2026-03-06.23:07:58::SCWDomain:: Using the QEMU args  from install at  : C:/Xilinx/Vitis/2024.2/data/emulation/platforms/zynq/sw/a9_standalone/qemu/qemu_args.txt
TRACE::2026-03-06.23:07:58::SCWPlatform::Trying to open the hw design at E:/Git-Repos/CNC-FPGA/Vitis3/CNC-PL8/hw/CNC_Top_wrapper.xsa
TRACE::2026-03-06.23:07:58::SCWPlatform::DSA given E:/Git-Repos/CNC-FPGA/Vitis3/CNC-PL8/hw/CNC_Top_wrapper.xsa
TRACE::2026-03-06.23:07:58::SCWPlatform::DSA absoulate path E:/Git-Repos/CNC-FPGA/Vitis3/CNC-PL8/hw/CNC_Top_wrapper.xsa
TRACE::2026-03-06.23:07:58::SCWPlatform::DSA directory E:/Git-Repos/CNC-FPGA/Vitis3/CNC-PL8/hw
TRACE::2026-03-06.23:07:58::SCWPlatform:: Platform Path E:/Git-Repos/CNC-FPGA/Vitis3/CNC-PL8/hw/CNC_Top_wrapper.xsa
TRACE::2026-03-06.23:07:58::SCWPlatform:: Unique name xilinx:zedboard::0.0
TRACE::2026-03-06.23:07:58::SCWPlatform::Trying to set the existing hwdb with name CNC_Top_wrapper_1
TRACE::2026-03-06.23:07:58::SCWPlatform::Opened existing hwdb CNC_Top_wrapper_1
TRACE::2026-03-06.23:07:58::SCWPlatform::Found the Hw Db part of the input DSA
TRACE::2026-03-06.23:07:58::SCWPlatform::Trying to open the hw design at E:/Git-Repos/CNC-FPGA/Vitis3/CNC-PL8/hw/CNC_Top_wrapper.xsa
TRACE::2026-03-06.23:07:58::SCWPlatform::DSA given E:/Git-Repos/CNC-FPGA/Vitis3/CNC-PL8/hw/CNC_Top_wrapper.xsa
TRACE::2026-03-06.23:07:58::SCWPlatform::DSA absoulate path E:/Git-Repos/CNC-FPGA/Vitis3/CNC-PL8/hw/CNC_Top_wrapper.xsa
TRACE::2026-03-06.23:07:58::SCWPlatform::DSA directory E:/Git-Repos/CNC-FPGA/Vitis3/CNC-PL8/hw
TRACE::2026-03-06.23:07:58::SCWPlatform:: Platform Path E:/Git-Repos/CNC-FPGA/Vitis3/CNC-PL8/hw/CNC_Top_wrapper.xsa
TRACE::2026-03-06.23:07:58::SCWPlatform:: Unique name xilinx:zedboard::0.0
TRACE::2026-03-06.23:07:58::SCWPlatform::Trying to set the existing hwdb with name CNC_Top_wrapper_1
TRACE::2026-03-06.23:07:58::SCWPlatform::Opened existing hwdb CNC_Top_wrapper_1
TRACE::2026-03-06.23:07:58::SCWPlatform::Found the Hw Db part of the input DSA
TRACE::2026-03-06.23:07:58::SCWPlatform::Trying to open the hw design at E:/Git-Repos/CNC-FPGA/Vitis3/CNC-PL8/hw/CNC_Top_wrapper.xsa
TRACE::2026-03-06.23:07:58::SCWPlatform::DSA given E:/Git-Repos/CNC-FPGA/Vitis3/CNC-PL8/hw/CNC_Top_wrapper.xsa
TRACE::2026-03-06.23:07:58::SCWPlatform::DSA absoulate path E:/Git-Repos/CNC-FPGA/Vitis3/CNC-PL8/hw/CNC_Top_wrapper.xsa
TRACE::2026-03-06.23:07:58::SCWPlatform::DSA directory E:/Git-Repos/CNC-FPGA/Vitis3/CNC-PL8/hw
TRACE::2026-03-06.23:07:58::SCWPlatform:: Platform Path E:/Git-Repos/CNC-FPGA/Vitis3/CNC-PL8/hw/CNC_Top_wrapper.xsa
TRACE::2026-03-06.23:07:58::SCWPlatform:: Unique name xilinx:zedboard::0.0
TRACE::2026-03-06.23:07:58::SCWPlatform::Trying to set the existing hwdb with name CNC_Top_wrapper_1
TRACE::2026-03-06.23:07:58::SCWPlatform::Opened existing hwdb CNC_Top_wrapper_1
TRACE::2026-03-06.23:07:58::SCWPlatform::Found the Hw Db part of the input DSA
TRACE::2026-03-06.23:07:58::SCWReader::Boot application domain added for zynq_fsbl
TRACE::2026-03-06.23:07:58::SCWPlatform::Trying to open the hw design at E:/Git-Repos/CNC-FPGA/Vitis3/CNC-PL8/hw/CNC_Top_wrapper.xsa
TRACE::2026-03-06.23:07:58::SCWPlatform::DSA given E:/Git-Repos/CNC-FPGA/Vitis3/CNC-PL8/hw/CNC_Top_wrapper.xsa
TRACE::2026-03-06.23:07:58::SCWPlatform::DSA absoulate path E:/Git-Repos/CNC-FPGA/Vitis3/CNC-PL8/hw/CNC_Top_wrapper.xsa
TRACE::2026-03-06.23:07:58::SCWPlatform::DSA directory E:/Git-Repos/CNC-FPGA/Vitis3/CNC-PL8/hw
TRACE::2026-03-06.23:07:58::SCWPlatform:: Platform Path E:/Git-Repos/CNC-FPGA/Vitis3/CNC-PL8/hw/CNC_Top_wrapper.xsa
TRACE::2026-03-06.23:07:58::SCWPlatform:: Unique name xilinx:zedboard::0.0
TRACE::2026-03-06.23:07:58::SCWPlatform::Trying to set the existing hwdb with name CNC_Top_wrapper_1
TRACE::2026-03-06.23:07:58::SCWPlatform::Opened existing hwdb CNC_Top_wrapper_1
TRACE::2026-03-06.23:07:58::SCWPlatform::Found the Hw Db part of the input DSA
TRACE::2026-03-06.23:07:58::SCWMssOS::Checking the sw design at  E:/Git-Repos/CNC-FPGA/Vitis3/CNC-PL8/zynq_fsbl/zynq_fsbl_bsp/system.mss
TRACE::2026-03-06.23:07:58::SCWMssOS::DEBUG:  swdes dump  
TRACE::2026-03-06.23:07:58::SCWMssOS::No sw design opened at  E:/Git-Repos/CNC-FPGA/Vitis3/CNC-PL8/zynq_fsbl/zynq_fsbl_bsp/system.mss
TRACE::2026-03-06.23:07:58::SCWMssOS::mss exists loading the mss file  E:/Git-Repos/CNC-FPGA/Vitis3/CNC-PL8/zynq_fsbl/zynq_fsbl_bsp/system.mss
TRACE::2026-03-06.23:07:58::SCWMssOS::Opened the sw design from mss  E:/Git-Repos/CNC-FPGA/Vitis3/CNC-PL8/zynq_fsbl/zynq_fsbl_bsp/system.mss
TRACE::2026-03-06.23:07:58::SCWMssOS::Adding the swdes entry E:/Git-Repos/CNC-FPGA/Vitis3/CNC-PL8/zynq_fsbl/zynq_fsbl_bsp/system.mss with des name system
TRACE::2026-03-06.23:07:58::SCWMssOS::updating the scw layer about changes
TRACE::2026-03-06.23:07:58::SCWMssOS::Opened the sw design.  E:/Git-Repos/CNC-FPGA/Vitis3/CNC-PL8/zynq_fsbl/zynq_fsbl_bsp/system.mss
TRACE::2026-03-06.23:07:58::SCWPlatform::Trying to open the hw design at E:/Git-Repos/CNC-FPGA/Vitis3/CNC-PL8/hw/CNC_Top_wrapper.xsa
TRACE::2026-03-06.23:07:58::SCWPlatform::DSA given E:/Git-Repos/CNC-FPGA/Vitis3/CNC-PL8/hw/CNC_Top_wrapper.xsa
TRACE::2026-03-06.23:07:58::SCWPlatform::DSA absoulate path E:/Git-Repos/CNC-FPGA/Vitis3/CNC-PL8/hw/CNC_Top_wrapper.xsa
TRACE::2026-03-06.23:07:58::SCWPlatform::DSA directory E:/Git-Repos/CNC-FPGA/Vitis3/CNC-PL8/hw
TRACE::2026-03-06.23:07:58::SCWPlatform:: Platform Path E:/Git-Repos/CNC-FPGA/Vitis3/CNC-PL8/hw/CNC_Top_wrapper.xsa
TRACE::2026-03-06.23:07:58::SCWPlatform:: Unique name xilinx:zedboard::0.0
TRACE::2026-03-06.23:07:58::SCWPlatform::Trying to set the existing hwdb with name CNC_Top_wrapper_1
TRACE::2026-03-06.23:07:58::SCWPlatform::Opened existing hwdb CNC_Top_wrapper_1
TRACE::2026-03-06.23:07:58::SCWPlatform::Found the Hw Db part of the input DSA
TRACE::2026-03-06.23:07:58::SCWMssOS::Checking the sw design at  E:/Git-Repos/CNC-FPGA/Vitis3/CNC-PL8/zynq_fsbl/zynq_fsbl_bsp/system.mss
TRACE::2026-03-06.23:07:58::SCWMssOS::DEBUG:  swdes dump  E:/Git-Repos/CNC-FPGA/Vitis3/CNC-PL8/zynq_fsbl/zynq_fsbl_bsp/system.mss|system||

TRACE::2026-03-06.23:07:58::SCWMssOS::Sw design exists and opened at  E:/Git-Repos/CNC-FPGA/Vitis3/CNC-PL8/zynq_fsbl/zynq_fsbl_bsp/system.mss
TRACE::2026-03-06.23:07:58::SCWMssOS:: library already available in sw design:  xilffs:5.3
TRACE::2026-03-06.23:07:58::SCWPlatform::Trying to open the hw design at E:/Git-Repos/CNC-FPGA/Vitis3/CNC-PL8/hw/CNC_Top_wrapper.xsa
TRACE::2026-03-06.23:07:58::SCWPlatform::DSA given E:/Git-Repos/CNC-FPGA/Vitis3/CNC-PL8/hw/CNC_Top_wrapper.xsa
TRACE::2026-03-06.23:07:58::SCWPlatform::DSA absoulate path E:/Git-Repos/CNC-FPGA/Vitis3/CNC-PL8/hw/CNC_Top_wrapper.xsa
TRACE::2026-03-06.23:07:58::SCWPlatform::DSA directory E:/Git-Repos/CNC-FPGA/Vitis3/CNC-PL8/hw
TRACE::2026-03-06.23:07:58::SCWPlatform:: Platform Path E:/Git-Repos/CNC-FPGA/Vitis3/CNC-PL8/hw/CNC_Top_wrapper.xsa
TRACE::2026-03-06.23:07:58::SCWPlatform:: Unique name xilinx:zedboard::0.0
TRACE::2026-03-06.23:07:58::SCWPlatform::Trying to set the existing hwdb with name CNC_Top_wrapper_1
TRACE::2026-03-06.23:07:58::SCWPlatform::Opened existing hwdb CNC_Top_wrapper_1
TRACE::2026-03-06.23:07:58::SCWPlatform::Found the Hw Db part of the input DSA
TRACE::2026-03-06.23:07:58::SCWMssOS::Checking the sw design at  E:/Git-Repos/CNC-FPGA/Vitis3/CNC-PL8/zynq_fsbl/zynq_fsbl_bsp/system.mss
TRACE::2026-03-06.23:07:58::SCWMssOS::DEBUG:  swdes dump  E:/Git-Repos/CNC-FPGA/Vitis3/CNC-PL8/zynq_fsbl/zynq_fsbl_bsp/system.mss|system||

TRACE::2026-03-06.23:07:58::SCWMssOS::Sw design exists and opened at  E:/Git-Repos/CNC-FPGA/Vitis3/CNC-PL8/zynq_fsbl/zynq_fsbl_bsp/system.mss
TRACE::2026-03-06.23:07:58::SCWMssOS:: library already available in sw design:  xilrsa:1.8
TRACE::2026-03-06.23:07:58::SCWMssOS::Saving the mss changes E:/Git-Repos/CNC-FPGA/Vitis3/CNC-PL8/zynq_fsbl/zynq_fsbl_bsp/system.mss
TRACE::2026-03-06.23:07:58::SCWMssOS::Found a swdesign opened with the mssfile.
TRACE::2026-03-06.23:07:58::SCWMssOS::Completed writemss as part of save.
TRACE::2026-03-06.23:07:58::SCWMssOS::Commit changes completed.
TRACE::2026-03-06.23:07:58::SCWReader::Adding prebuilt librarypaths as   
TRACE::2026-03-06.23:07:58::SCWReader::Adding prebuilt incpaths  as   
TRACE::2026-03-06.23:07:58::SCWPlatform::Trying to open the hw design at E:/Git-Repos/CNC-FPGA/Vitis3/CNC-PL8/hw/CNC_Top_wrapper.xsa
TRACE::2026-03-06.23:07:58::SCWPlatform::DSA given E:/Git-Repos/CNC-FPGA/Vitis3/CNC-PL8/hw/CNC_Top_wrapper.xsa
TRACE::2026-03-06.23:07:58::SCWPlatform::DSA absoulate path E:/Git-Repos/CNC-FPGA/Vitis3/CNC-PL8/hw/CNC_Top_wrapper.xsa
TRACE::2026-03-06.23:07:58::SCWPlatform::DSA directory E:/Git-Repos/CNC-FPGA/Vitis3/CNC-PL8/hw
TRACE::2026-03-06.23:07:58::SCWPlatform:: Platform Path E:/Git-Repos/CNC-FPGA/Vitis3/CNC-PL8/hw/CNC_Top_wrapper.xsa
TRACE::2026-03-06.23:07:58::SCWPlatform:: Unique name xilinx:zedboard::0.0
TRACE::2026-03-06.23:07:58::SCWPlatform::Trying to set the existing hwdb with name CNC_Top_wrapper_1
TRACE::2026-03-06.23:07:58::SCWPlatform::Opened existing hwdb CNC_Top_wrapper_1
TRACE::2026-03-06.23:07:58::SCWPlatform::Found the Hw Db part of the input DSA
TRACE::2026-03-06.23:07:58::SCWMssOS::Checking the sw design at  E:/Git-Repos/CNC-FPGA/Vitis3/CNC-PL8/zynq_fsbl/zynq_fsbl_bsp/system.mss
TRACE::2026-03-06.23:07:58::SCWMssOS::DEBUG:  swdes dump  E:/Git-Repos/CNC-FPGA/Vitis3/CNC-PL8/zynq_fsbl/zynq_fsbl_bsp/system.mss|system||

TRACE::2026-03-06.23:07:58::SCWMssOS::Sw design exists and opened at  E:/Git-Repos/CNC-FPGA/Vitis3/CNC-PL8/zynq_fsbl/zynq_fsbl_bsp/system.mss
TRACE::2026-03-06.23:07:58::SCWReader::No isolation master present  
TRACE::2026-03-06.23:07:58::SCWDomain::checking for install qemu data   : 
TRACE::2026-03-06.23:07:58::SCWDomain:: Using the QEMU Data from install at  : C:/Xilinx/Vitis/2024.2/data/emulation/platforms/zynq/sw/a9_standalone/qemu/
TRACE::2026-03-06.23:07:58::SCWDomain:: Using the QEMU args  from install at  : C:/Xilinx/Vitis/2024.2/data/emulation/platforms/zynq/sw/a9_standalone/qemu/qemu_args.txt
TRACE::2026-03-06.23:07:58::SCWPlatform::Trying to open the hw design at E:/Git-Repos/CNC-FPGA/Vitis3/CNC-PL8/hw/CNC_Top_wrapper.xsa
TRACE::2026-03-06.23:07:58::SCWPlatform::DSA given E:/Git-Repos/CNC-FPGA/Vitis3/CNC-PL8/hw/CNC_Top_wrapper.xsa
TRACE::2026-03-06.23:07:58::SCWPlatform::DSA absoulate path E:/Git-Repos/CNC-FPGA/Vitis3/CNC-PL8/hw/CNC_Top_wrapper.xsa
TRACE::2026-03-06.23:07:58::SCWPlatform::DSA directory E:/Git-Repos/CNC-FPGA/Vitis3/CNC-PL8/hw
TRACE::2026-03-06.23:07:58::SCWPlatform:: Platform Path E:/Git-Repos/CNC-FPGA/Vitis3/CNC-PL8/hw/CNC_Top_wrapper.xsa
TRACE::2026-03-06.23:07:58::SCWPlatform:: Unique name xilinx:zedboard::0.0
TRACE::2026-03-06.23:07:58::SCWPlatform::Trying to set the existing hwdb with name CNC_Top_wrapper_1
TRACE::2026-03-06.23:07:58::SCWPlatform::Opened existing hwdb CNC_Top_wrapper_1
TRACE::2026-03-06.23:07:58::SCWPlatform::Found the Hw Db part of the input DSA
TRACE::2026-03-06.23:07:58::SCWPlatform::Trying to open the hw design at E:/Git-Repos/CNC-FPGA/Vitis3/CNC-PL8/hw/CNC_Top_wrapper.xsa
TRACE::2026-03-06.23:07:58::SCWPlatform::DSA given E:/Git-Repos/CNC-FPGA/Vitis3/CNC-PL8/hw/CNC_Top_wrapper.xsa
TRACE::2026-03-06.23:07:58::SCWPlatform::DSA absoulate path E:/Git-Repos/CNC-FPGA/Vitis3/CNC-PL8/hw/CNC_Top_wrapper.xsa
TRACE::2026-03-06.23:07:58::SCWPlatform::DSA directory E:/Git-Repos/CNC-FPGA/Vitis3/CNC-PL8/hw
TRACE::2026-03-06.23:07:58::SCWPlatform:: Platform Path E:/Git-Repos/CNC-FPGA/Vitis3/CNC-PL8/hw/CNC_Top_wrapper.xsa
TRACE::2026-03-06.23:07:58::SCWPlatform:: Unique name xilinx:zedboard::0.0
TRACE::2026-03-06.23:07:58::SCWPlatform::Trying to set the existing hwdb with name CNC_Top_wrapper_1
TRACE::2026-03-06.23:07:58::SCWPlatform::Opened existing hwdb CNC_Top_wrapper_1
TRACE::2026-03-06.23:07:58::SCWPlatform::Found the Hw Db part of the input DSA
TRACE::2026-03-06.23:07:58::SCWPlatform::Trying to open the hw design at E:/Git-Repos/CNC-FPGA/Vitis3/CNC-PL8/hw/CNC_Top_wrapper.xsa
TRACE::2026-03-06.23:07:58::SCWPlatform::DSA given E:/Git-Repos/CNC-FPGA/Vitis3/CNC-PL8/hw/CNC_Top_wrapper.xsa
TRACE::2026-03-06.23:07:58::SCWPlatform::DSA absoulate path E:/Git-Repos/CNC-FPGA/Vitis3/CNC-PL8/hw/CNC_Top_wrapper.xsa
TRACE::2026-03-06.23:07:58::SCWPlatform::DSA directory E:/Git-Repos/CNC-FPGA/Vitis3/CNC-PL8/hw
TRACE::2026-03-06.23:07:58::SCWPlatform:: Platform Path E:/Git-Repos/CNC-FPGA/Vitis3/CNC-PL8/hw/CNC_Top_wrapper.xsa
TRACE::2026-03-06.23:07:58::SCWPlatform:: Unique name xilinx:zedboard::0.0
TRACE::2026-03-06.23:07:58::SCWPlatform::Trying to set the existing hwdb with name CNC_Top_wrapper_1
TRACE::2026-03-06.23:07:58::SCWPlatform::Opened existing hwdb CNC_Top_wrapper_1
TRACE::2026-03-06.23:07:58::SCWPlatform::Found the Hw Db part of the input DSA
TRACE::2026-03-06.23:07:58::SCWMssOS::Checking the sw design at  E:/Git-Repos/CNC-FPGA/Vitis3/CNC-PL8/ps7_cortexa9_0/standalone_domain/bsp/system.mss
TRACE::2026-03-06.23:07:58::SCWMssOS::DEBUG:  swdes dump  E:/Git-Repos/CNC-FPGA/Vitis3/CNC-PL8/zynq_fsbl/zynq_fsbl_bsp/system.mss|system||

TRACE::2026-03-06.23:07:58::SCWMssOS::No sw design opened at  E:/Git-Repos/CNC-FPGA/Vitis3/CNC-PL8/ps7_cortexa9_0/standalone_domain/bsp/system.mss
TRACE::2026-03-06.23:07:58::SCWMssOS::mss exists loading the mss file  E:/Git-Repos/CNC-FPGA/Vitis3/CNC-PL8/ps7_cortexa9_0/standalone_domain/bsp/system.mss
TRACE::2026-03-06.23:07:58::SCWMssOS::Opened the sw design from mss  E:/Git-Repos/CNC-FPGA/Vitis3/CNC-PL8/ps7_cortexa9_0/standalone_domain/bsp/system.mss
TRACE::2026-03-06.23:07:58::SCWMssOS::Adding the swdes entry E:/Git-Repos/CNC-FPGA/Vitis3/CNC-PL8/ps7_cortexa9_0/standalone_domain/bsp/system.mss with des name system_0
TRACE::2026-03-06.23:07:58::SCWMssOS::updating the scw layer about changes
TRACE::2026-03-06.23:07:58::SCWMssOS::Opened the sw design.  E:/Git-Repos/CNC-FPGA/Vitis3/CNC-PL8/ps7_cortexa9_0/standalone_domain/bsp/system.mss
TRACE::2026-03-06.23:07:58::SCWPlatform::Trying to open the hw design at E:/Git-Repos/CNC-FPGA/Vitis3/CNC-PL8/hw/CNC_Top_wrapper.xsa
TRACE::2026-03-06.23:07:58::SCWPlatform::DSA given E:/Git-Repos/CNC-FPGA/Vitis3/CNC-PL8/hw/CNC_Top_wrapper.xsa
TRACE::2026-03-06.23:07:58::SCWPlatform::DSA absoulate path E:/Git-Repos/CNC-FPGA/Vitis3/CNC-PL8/hw/CNC_Top_wrapper.xsa
TRACE::2026-03-06.23:07:58::SCWPlatform::DSA directory E:/Git-Repos/CNC-FPGA/Vitis3/CNC-PL8/hw
TRACE::2026-03-06.23:07:58::SCWPlatform:: Platform Path E:/Git-Repos/CNC-FPGA/Vitis3/CNC-PL8/hw/CNC_Top_wrapper.xsa
TRACE::2026-03-06.23:07:58::SCWPlatform:: Unique name xilinx:zedboard::0.0
TRACE::2026-03-06.23:07:58::SCWPlatform::Trying to set the existing hwdb with name CNC_Top_wrapper_1
TRACE::2026-03-06.23:07:58::SCWPlatform::Opened existing hwdb CNC_Top_wrapper_1
TRACE::2026-03-06.23:07:58::SCWPlatform::Found the Hw Db part of the input DSA
TRACE::2026-03-06.23:07:58::SCWMssOS::Checking the sw design at  E:/Git-Repos/CNC-FPGA/Vitis3/CNC-PL8/ps7_cortexa9_0/standalone_domain/bsp/system.mss
TRACE::2026-03-06.23:07:58::SCWMssOS::DEBUG:  swdes dump  E:/Git-Repos/CNC-FPGA/Vitis3/CNC-PL8/ps7_cortexa9_0/standalone_domain/bsp/system.mss|system_0||
E:/Git-Repos/CNC-FPGA/Vitis3/CNC-PL8/zynq_fsbl/zynq_fsbl_bsp/system.mss|system||

TRACE::2026-03-06.23:07:58::SCWMssOS::Sw design exists and opened at  E:/Git-Repos/CNC-FPGA/Vitis3/CNC-PL8/ps7_cortexa9_0/standalone_domain/bsp/system.mss
TRACE::2026-03-06.23:07:58::SCWMssOS:: library already available in sw design:  xilffs:5.3
TRACE::2026-03-06.23:07:58::SCWPlatform::Trying to open the hw design at E:/Git-Repos/CNC-FPGA/Vitis3/CNC-PL8/hw/CNC_Top_wrapper.xsa
TRACE::2026-03-06.23:07:58::SCWPlatform::DSA given E:/Git-Repos/CNC-FPGA/Vitis3/CNC-PL8/hw/CNC_Top_wrapper.xsa
TRACE::2026-03-06.23:07:58::SCWPlatform::DSA absoulate path E:/Git-Repos/CNC-FPGA/Vitis3/CNC-PL8/hw/CNC_Top_wrapper.xsa
TRACE::2026-03-06.23:07:58::SCWPlatform::DSA directory E:/Git-Repos/CNC-FPGA/Vitis3/CNC-PL8/hw
TRACE::2026-03-06.23:07:58::SCWPlatform:: Platform Path E:/Git-Repos/CNC-FPGA/Vitis3/CNC-PL8/hw/CNC_Top_wrapper.xsa
TRACE::2026-03-06.23:07:58::SCWPlatform:: Unique name xilinx:zedboard::0.0
TRACE::2026-03-06.23:07:58::SCWPlatform::Trying to set the existing hwdb with name CNC_Top_wrapper_1
TRACE::2026-03-06.23:07:58::SCWPlatform::Opened existing hwdb CNC_Top_wrapper_1
TRACE::2026-03-06.23:07:58::SCWPlatform::Found the Hw Db part of the input DSA
TRACE::2026-03-06.23:07:58::SCWMssOS::Checking the sw design at  E:/Git-Repos/CNC-FPGA/Vitis3/CNC-PL8/ps7_cortexa9_0/standalone_domain/bsp/system.mss
TRACE::2026-03-06.23:07:58::SCWMssOS::DEBUG:  swdes dump  E:/Git-Repos/CNC-FPGA/Vitis3/CNC-PL8/ps7_cortexa9_0/standalone_domain/bsp/system.mss|system_0||
E:/Git-Repos/CNC-FPGA/Vitis3/CNC-PL8/zynq_fsbl/zynq_fsbl_bsp/system.mss|system||

TRACE::2026-03-06.23:07:58::SCWMssOS::Sw design exists and opened at  E:/Git-Repos/CNC-FPGA/Vitis3/CNC-PL8/ps7_cortexa9_0/standalone_domain/bsp/system.mss
TRACE::2026-03-06.23:07:58::SCWMssOS:: library already available in sw design:  xiltimer:2.1
TRACE::2026-03-06.23:07:58::SCWMssOS::Saving the mss changes E:/Git-Repos/CNC-FPGA/Vitis3/CNC-PL8/ps7_cortexa9_0/standalone_domain/bsp/system.mss
TRACE::2026-03-06.23:07:58::SCWMssOS::Found a swdesign opened with the mssfile.
TRACE::2026-03-06.23:07:58::SCWMssOS::Completed writemss as part of save.
TRACE::2026-03-06.23:07:58::SCWMssOS::Commit changes completed.
TRACE::2026-03-06.23:07:58::SCWReader::Adding prebuilt librarypaths as   
TRACE::2026-03-06.23:07:58::SCWReader::Adding prebuilt incpaths  as   
TRACE::2026-03-06.23:07:58::SCWPlatform::Trying to open the hw design at E:/Git-Repos/CNC-FPGA/Vitis3/CNC-PL8/hw/CNC_Top_wrapper.xsa
TRACE::2026-03-06.23:07:58::SCWPlatform::DSA given E:/Git-Repos/CNC-FPGA/Vitis3/CNC-PL8/hw/CNC_Top_wrapper.xsa
TRACE::2026-03-06.23:07:58::SCWPlatform::DSA absoulate path E:/Git-Repos/CNC-FPGA/Vitis3/CNC-PL8/hw/CNC_Top_wrapper.xsa
TRACE::2026-03-06.23:07:58::SCWPlatform::DSA directory E:/Git-Repos/CNC-FPGA/Vitis3/CNC-PL8/hw
TRACE::2026-03-06.23:07:58::SCWPlatform:: Platform Path E:/Git-Repos/CNC-FPGA/Vitis3/CNC-PL8/hw/CNC_Top_wrapper.xsa
TRACE::2026-03-06.23:07:58::SCWPlatform:: Unique name xilinx:zedboard::0.0
TRACE::2026-03-06.23:07:58::SCWPlatform::Trying to set the existing hwdb with name CNC_Top_wrapper_1
TRACE::2026-03-06.23:07:58::SCWPlatform::Opened existing hwdb CNC_Top_wrapper_1
TRACE::2026-03-06.23:07:58::SCWPlatform::Found the Hw Db part of the input DSA
TRACE::2026-03-06.23:07:58::SCWMssOS::Checking the sw design at  E:/Git-Repos/CNC-FPGA/Vitis3/CNC-PL8/ps7_cortexa9_0/standalone_domain/bsp/system.mss
TRACE::2026-03-06.23:07:58::SCWMssOS::DEBUG:  swdes dump  E:/Git-Repos/CNC-FPGA/Vitis3/CNC-PL8/ps7_cortexa9_0/standalone_domain/bsp/system.mss|system_0||
E:/Git-Repos/CNC-FPGA/Vitis3/CNC-PL8/zynq_fsbl/zynq_fsbl_bsp/system.mss|system||

TRACE::2026-03-06.23:07:58::SCWMssOS::Sw design exists and opened at  E:/Git-Repos/CNC-FPGA/Vitis3/CNC-PL8/ps7_cortexa9_0/standalone_domain/bsp/system.mss
TRACE::2026-03-06.23:07:58::SCWReader::No isolation master present  
