Copyright 1986-2022 Xilinx, Inc. All Rights Reserved. Copyright 2022-2024 Advanced Micro Devices, Inc. All Rights Reserved.
------------------------------------------------------------------------------------------------------------------------------------------------------------------------------------------------------------------------------------------------
| Tool Version : Vivado v.2024.2 (win64) Build 5239630 Fri Nov 08 22:35:27 MST 2024
| Date         : Thu Mar  5 13:28:40 2026
| Host         : OBSIDIAN running 64-bit major release  (build 9200)
| Command      : report_timing_summary -max_paths 10 -report_unconstrained -file SD_System_wrapper_timing_summary_routed.rpt -pb SD_System_wrapper_timing_summary_routed.pb -rpx SD_System_wrapper_timing_summary_routed.rpx -warn_on_violation
| Design       : SD_System_wrapper
| Device       : 7z020-clg484
| Speed File   : -1  PRODUCTION 1.12 2019-11-22
| Design State : Routed
------------------------------------------------------------------------------------------------------------------------------------------------------------------------------------------------------------------------------------------------

Timing Summary Report

------------------------------------------------------------------------------------------------
| Timer Settings
| --------------
------------------------------------------------------------------------------------------------

  Enable Multi Corner Analysis               :  Yes
  Enable Pessimism Removal                   :  Yes
  Pessimism Removal Resolution               :  Nearest Common Node
  Enable Input Delay Default Clock           :  No
  Enable Preset / Clear Arcs                 :  No
  Disable Flight Delays                      :  No
  Ignore I/O Paths                           :  No
  Timing Early Launch at Borrowing Latches   :  No
  Borrow Time for Max Delay Exceptions       :  Yes
  Merge Timing Exceptions                    :  Yes
  Inter-SLR Compensation                     :  Conservative

  Corner  Analyze    Analyze    
  Name    Max Paths  Min Paths  
  ------  ---------  ---------  
  Slow    Yes        Yes        
  Fast    Yes        Yes        


------------------------------------------------------------------------------------------------
| Report Methodology
| ------------------
------------------------------------------------------------------------------------------------

Rule       Severity  Description                    Violations  
---------  --------  -----------------------------  ----------  
TIMING-18  Warning   Missing input or output delay  9           

Note: This report is based on the most recent report_methodology run and may not be up-to-date. Run report_methodology on the current design for the latest report.



check_timing report

Table of Contents
-----------------
1. checking no_clock (0)
2. checking constant_clock (0)
3. checking pulse_width_clock (0)
4. checking unconstrained_internal_endpoints (0)
5. checking no_input_delay (1)
6. checking no_output_delay (5)
7. checking multiple_clock (0)
8. checking generated_clocks (0)
9. checking loops (0)
10. checking partial_input_delay (0)
11. checking partial_output_delay (0)
12. checking latch_loops (0)

1. checking no_clock (0)
------------------------
 There are 0 register/latch pins with no clock.


2. checking constant_clock (0)
------------------------------
 There are 0 register/latch pins with constant_clock.


3. checking pulse_width_clock (0)
---------------------------------
 There are 0 register/latch pins which need pulse_width check


4. checking unconstrained_internal_endpoints (0)
------------------------------------------------
 There are 0 pins that are not constrained for maximum delay.

 There are 0 pins that are not constrained for maximum delay due to constant clock.


5. checking no_input_delay (1)
------------------------------
 There is 1 input port with no input delay specified. (HIGH)

 There are 0 input ports with no input delay but user has a false path constraint.


6. checking no_output_delay (5)
-------------------------------
 There are 5 ports with no output delay specified. (HIGH)

 There are 0 ports with no output delay but user has a false path constraint

 There are 0 ports with no output delay but with a timing clock defined on it or propagating through it


7. checking multiple_clock (0)
------------------------------
 There are 0 register/latch pins with multiple clocks.


8. checking generated_clocks (0)
--------------------------------
 There are 0 generated clocks that are not connected to a clock source.


9. checking loops (0)
---------------------
 There are 0 combinational loops in the design.


10. checking partial_input_delay (0)
------------------------------------
 There are 0 input ports with partial input delay specified.


11. checking partial_output_delay (0)
-------------------------------------
 There are 0 ports with partial output delay specified.


12. checking latch_loops (0)
----------------------------
 There are 0 combinational latch loops in the design through latch input



------------------------------------------------------------------------------------------------
| Design Timing Summary
| ---------------------
------------------------------------------------------------------------------------------------

    WNS(ns)      TNS(ns)  TNS Failing Endpoints  TNS Total Endpoints      WHS(ns)      THS(ns)  THS Failing Endpoints  THS Total Endpoints     WPWS(ns)     TPWS(ns)  TPWS Failing Endpoints  TPWS Total Endpoints  
    -------      -------  ---------------------  -------------------      -------      -------  ---------------------  -------------------     --------     --------  ----------------------  --------------------  
      2.211        0.000                      0                 3027       -0.131       -0.131                      1                 3027        4.020        0.000                       0                  1499  


Timing constraints are not met.


------------------------------------------------------------------------------------------------
| Clock Summary
| -------------
------------------------------------------------------------------------------------------------

Clock       Waveform(ns)       Period(ns)      Frequency(MHz)
-----       ------------       ----------      --------------
clk_fpga_0  {0.000 5.000}      10.000          100.000         


------------------------------------------------------------------------------------------------
| Intra Clock Table
| -----------------
------------------------------------------------------------------------------------------------

Clock             WNS(ns)      TNS(ns)  TNS Failing Endpoints  TNS Total Endpoints      WHS(ns)      THS(ns)  THS Failing Endpoints  THS Total Endpoints     WPWS(ns)     TPWS(ns)  TPWS Failing Endpoints  TPWS Total Endpoints  
-----             -------      -------  ---------------------  -------------------      -------      -------  ---------------------  -------------------     --------     --------  ----------------------  --------------------  
clk_fpga_0          2.211        0.000                      0                 3027       -0.131       -0.131                      1                 3027        4.020        0.000                       0                  1499  


------------------------------------------------------------------------------------------------
| Inter Clock Table
| -----------------
------------------------------------------------------------------------------------------------

From Clock    To Clock          WNS(ns)      TNS(ns)  TNS Failing Endpoints  TNS Total Endpoints      WHS(ns)      THS(ns)  THS Failing Endpoints  THS Total Endpoints  
----------    --------          -------      -------  ---------------------  -------------------      -------      -------  ---------------------  -------------------  


------------------------------------------------------------------------------------------------
| Other Path Groups Table
| -----------------------
------------------------------------------------------------------------------------------------

Path Group    From Clock    To Clock          WNS(ns)      TNS(ns)  TNS Failing Endpoints  TNS Total Endpoints      WHS(ns)      THS(ns)  THS Failing Endpoints  THS Total Endpoints  
----------    ----------    --------          -------      -------  ---------------------  -------------------      -------      -------  ---------------------  -------------------  


------------------------------------------------------------------------------------------------
| User Ignored Path Table
| -----------------------
------------------------------------------------------------------------------------------------

Path Group    From Clock    To Clock    
----------    ----------    --------    
(none)                      clk_fpga_0    
(none)        clk_fpga_0    clk_fpga_0    


------------------------------------------------------------------------------------------------
| Unconstrained Path Table
| ------------------------
------------------------------------------------------------------------------------------------

Path Group    From Clock    To Clock    
----------    ----------    --------    
(none)        clk_fpga_0                  


------------------------------------------------------------------------------------------------
| Timing Details
| --------------
------------------------------------------------------------------------------------------------


---------------------------------------------------------------------------------------------------
From Clock:  clk_fpga_0
  To Clock:  clk_fpga_0

Setup :            0  Failing Endpoints,  Worst Slack        2.211ns,  Total Violation        0.000ns
Hold  :            1  Failing Endpoint ,  Worst Slack       -0.131ns,  Total Violation       -0.131ns
PW    :            0  Failing Endpoints,  Worst Slack        4.020ns,  Total Violation        0.000ns
---------------------------------------------------------------------------------------------------


Max Delay Paths
--------------------------------------------------------------------------------------
Slack (MET) :             2.211ns  (required time - arrival time)
  Source:                 <hidden>
                            (rising edge-triggered cell FDRE clocked by clk_fpga_0  {rise@0.000ns fall@5.000ns period=10.000ns})
  Destination:            <hidden>
                            (rising edge-triggered cell FDRE clocked by clk_fpga_0  {rise@0.000ns fall@5.000ns period=10.000ns})
  Path Group:             clk_fpga_0
  Path Type:              Setup (Max at Slow Process Corner)
  Requirement:            10.000ns  (clk_fpga_0 rise@10.000ns - clk_fpga_0 rise@0.000ns)
  Data Path Delay:        7.120ns  (logic 0.940ns (13.202%)  route 6.180ns (86.798%))
  Logic Levels:           2  (LUT4=1 LUT5=1)
  Clock Path Skew:        -0.310ns (DCD - SCD + CPR)
    Destination Clock Delay (DCD):    2.760ns = ( 12.760 - 10.000 ) 
    Source Clock Delay      (SCD):    3.185ns
    Clock Pessimism Removal (CPR):    0.115ns
  Clock Uncertainty:      0.154ns  ((TSJ^2 + TIJ^2)^1/2 + DJ) / 2 + PE
    Total System Jitter     (TSJ):    0.071ns
    Total Input Jitter      (TIJ):    0.300ns
    Discrete Jitter          (DJ):    0.000ns
    Phase Error              (PE):    0.000ns

    Location             Delay type                Incr(ns)  Path(ns)    Netlist Resource(s)
  -------------------------------------------------------------------    -------------------
                         (clock clk_fpga_0 rise edge)
                                                      0.000     0.000 r  
    PS7_X0Y0             PS7                          0.000     0.000 r  SD_System_i/processing_system7_0/inst/PS7_i/FCLKCLK[0]
                         net (fo=1, routed)           1.193     1.193    SD_System_i/processing_system7_0/inst/FCLK_CLK0
    BUFGCTRL_X0Y16       BUFG (Prop_bufg_I_O)         0.101     1.294 r  SD_System_i/processing_system7_0/inst/FCLK_CLK0_BUFG_inst/O
                         net (fo=1499, routed)        1.891     3.185    <hidden>
    SLICE_X29Y104        FDRE                                         r  <hidden>
  -------------------------------------------------------------------    -------------------
    SLICE_X29Y104        FDRE (Prop_fdre_C_Q)         0.456     3.641 f  <hidden>
                         net (fo=70, routed)          2.169     5.810    <hidden>
    SLICE_X27Y89         LUT5 (Prop_lut5_I4_O)        0.152     5.962 r  <hidden>
                         net (fo=7, routed)           0.440     6.402    <hidden>
    SLICE_X27Y91         LUT4 (Prop_lut4_I0_O)        0.332     6.734 r  <hidden>
                         net (fo=32, routed)          3.571    10.305    <hidden>
    SLICE_X17Y49         FDRE                                         r  <hidden>
  -------------------------------------------------------------------    -------------------

                         (clock clk_fpga_0 rise edge)
                                                     10.000    10.000 r  
    PS7_X0Y0             PS7                          0.000    10.000 r  SD_System_i/processing_system7_0/inst/PS7_i/FCLKCLK[0]
                         net (fo=1, routed)           1.088    11.088    SD_System_i/processing_system7_0/inst/FCLK_CLK0
    BUFGCTRL_X0Y16       BUFG (Prop_bufg_I_O)         0.091    11.179 r  SD_System_i/processing_system7_0/inst/FCLK_CLK0_BUFG_inst/O
                         net (fo=1499, routed)        1.581    12.760    <hidden>
    SLICE_X17Y49         FDRE                                         r  <hidden>
                         clock pessimism              0.115    12.875    
                         clock uncertainty           -0.154    12.721    
    SLICE_X17Y49         FDRE (Setup_fdre_C_CE)      -0.205    12.516    <hidden>
  -------------------------------------------------------------------
                         required time                         12.516    
                         arrival time                         -10.305    
  -------------------------------------------------------------------
                         slack                                  2.211    

Slack (MET) :             2.211ns  (required time - arrival time)
  Source:                 <hidden>
                            (rising edge-triggered cell FDRE clocked by clk_fpga_0  {rise@0.000ns fall@5.000ns period=10.000ns})
  Destination:            <hidden>
                            (rising edge-triggered cell FDRE clocked by clk_fpga_0  {rise@0.000ns fall@5.000ns period=10.000ns})
  Path Group:             clk_fpga_0
  Path Type:              Setup (Max at Slow Process Corner)
  Requirement:            10.000ns  (clk_fpga_0 rise@10.000ns - clk_fpga_0 rise@0.000ns)
  Data Path Delay:        7.120ns  (logic 0.940ns (13.202%)  route 6.180ns (86.798%))
  Logic Levels:           2  (LUT4=1 LUT5=1)
  Clock Path Skew:        -0.310ns (DCD - SCD + CPR)
    Destination Clock Delay (DCD):    2.760ns = ( 12.760 - 10.000 ) 
    Source Clock Delay      (SCD):    3.185ns
    Clock Pessimism Removal (CPR):    0.115ns
  Clock Uncertainty:      0.154ns  ((TSJ^2 + TIJ^2)^1/2 + DJ) / 2 + PE
    Total System Jitter     (TSJ):    0.071ns
    Total Input Jitter      (TIJ):    0.300ns
    Discrete Jitter          (DJ):    0.000ns
    Phase Error              (PE):    0.000ns

    Location             Delay type                Incr(ns)  Path(ns)    Netlist Resource(s)
  -------------------------------------------------------------------    -------------------
                         (clock clk_fpga_0 rise edge)
                                                      0.000     0.000 r  
    PS7_X0Y0             PS7                          0.000     0.000 r  SD_System_i/processing_system7_0/inst/PS7_i/FCLKCLK[0]
                         net (fo=1, routed)           1.193     1.193    SD_System_i/processing_system7_0/inst/FCLK_CLK0
    BUFGCTRL_X0Y16       BUFG (Prop_bufg_I_O)         0.101     1.294 r  SD_System_i/processing_system7_0/inst/FCLK_CLK0_BUFG_inst/O
                         net (fo=1499, routed)        1.891     3.185    <hidden>
    SLICE_X29Y104        FDRE                                         r  <hidden>
  -------------------------------------------------------------------    -------------------
    SLICE_X29Y104        FDRE (Prop_fdre_C_Q)         0.456     3.641 f  <hidden>
                         net (fo=70, routed)          2.169     5.810    <hidden>
    SLICE_X27Y89         LUT5 (Prop_lut5_I4_O)        0.152     5.962 r  <hidden>
                         net (fo=7, routed)           0.440     6.402    <hidden>
    SLICE_X27Y91         LUT4 (Prop_lut4_I0_O)        0.332     6.734 r  <hidden>
                         net (fo=32, routed)          3.571    10.305    <hidden>
    SLICE_X17Y49         FDRE                                         r  <hidden>
  -------------------------------------------------------------------    -------------------

                         (clock clk_fpga_0 rise edge)
                                                     10.000    10.000 r  
    PS7_X0Y0             PS7                          0.000    10.000 r  SD_System_i/processing_system7_0/inst/PS7_i/FCLKCLK[0]
                         net (fo=1, routed)           1.088    11.088    SD_System_i/processing_system7_0/inst/FCLK_CLK0
    BUFGCTRL_X0Y16       BUFG (Prop_bufg_I_O)         0.091    11.179 r  SD_System_i/processing_system7_0/inst/FCLK_CLK0_BUFG_inst/O
                         net (fo=1499, routed)        1.581    12.760    <hidden>
    SLICE_X17Y49         FDRE                                         r  <hidden>
                         clock pessimism              0.115    12.875    
                         clock uncertainty           -0.154    12.721    
    SLICE_X17Y49         FDRE (Setup_fdre_C_CE)      -0.205    12.516    <hidden>
  -------------------------------------------------------------------
                         required time                         12.516    
                         arrival time                         -10.305    
  -------------------------------------------------------------------
                         slack                                  2.211    

Slack (MET) :             2.211ns  (required time - arrival time)
  Source:                 <hidden>
                            (rising edge-triggered cell FDRE clocked by clk_fpga_0  {rise@0.000ns fall@5.000ns period=10.000ns})
  Destination:            <hidden>
                            (rising edge-triggered cell FDRE clocked by clk_fpga_0  {rise@0.000ns fall@5.000ns period=10.000ns})
  Path Group:             clk_fpga_0
  Path Type:              Setup (Max at Slow Process Corner)
  Requirement:            10.000ns  (clk_fpga_0 rise@10.000ns - clk_fpga_0 rise@0.000ns)
  Data Path Delay:        7.120ns  (logic 0.940ns (13.202%)  route 6.180ns (86.798%))
  Logic Levels:           2  (LUT4=1 LUT5=1)
  Clock Path Skew:        -0.310ns (DCD - SCD + CPR)
    Destination Clock Delay (DCD):    2.760ns = ( 12.760 - 10.000 ) 
    Source Clock Delay      (SCD):    3.185ns
    Clock Pessimism Removal (CPR):    0.115ns
  Clock Uncertainty:      0.154ns  ((TSJ^2 + TIJ^2)^1/2 + DJ) / 2 + PE
    Total System Jitter     (TSJ):    0.071ns
    Total Input Jitter      (TIJ):    0.300ns
    Discrete Jitter          (DJ):    0.000ns
    Phase Error              (PE):    0.000ns

    Location             Delay type                Incr(ns)  Path(ns)    Netlist Resource(s)
  -------------------------------------------------------------------    -------------------
                         (clock clk_fpga_0 rise edge)
                                                      0.000     0.000 r  
    PS7_X0Y0             PS7                          0.000     0.000 r  SD_System_i/processing_system7_0/inst/PS7_i/FCLKCLK[0]
                         net (fo=1, routed)           1.193     1.193    SD_System_i/processing_system7_0/inst/FCLK_CLK0
    BUFGCTRL_X0Y16       BUFG (Prop_bufg_I_O)         0.101     1.294 r  SD_System_i/processing_system7_0/inst/FCLK_CLK0_BUFG_inst/O
                         net (fo=1499, routed)        1.891     3.185    <hidden>
    SLICE_X29Y104        FDRE                                         r  <hidden>
  -------------------------------------------------------------------    -------------------
    SLICE_X29Y104        FDRE (Prop_fdre_C_Q)         0.456     3.641 f  <hidden>
                         net (fo=70, routed)          2.169     5.810    <hidden>
    SLICE_X27Y89         LUT5 (Prop_lut5_I4_O)        0.152     5.962 r  <hidden>
                         net (fo=7, routed)           0.440     6.402    <hidden>
    SLICE_X27Y91         LUT4 (Prop_lut4_I0_O)        0.332     6.734 r  <hidden>
                         net (fo=32, routed)          3.571    10.305    <hidden>
    SLICE_X17Y49         FDRE                                         r  <hidden>
  -------------------------------------------------------------------    -------------------

                         (clock clk_fpga_0 rise edge)
                                                     10.000    10.000 r  
    PS7_X0Y0             PS7                          0.000    10.000 r  SD_System_i/processing_system7_0/inst/PS7_i/FCLKCLK[0]
                         net (fo=1, routed)           1.088    11.088    SD_System_i/processing_system7_0/inst/FCLK_CLK0
    BUFGCTRL_X0Y16       BUFG (Prop_bufg_I_O)         0.091    11.179 r  SD_System_i/processing_system7_0/inst/FCLK_CLK0_BUFG_inst/O
                         net (fo=1499, routed)        1.581    12.760    <hidden>
    SLICE_X17Y49         FDRE                                         r  <hidden>
                         clock pessimism              0.115    12.875    
                         clock uncertainty           -0.154    12.721    
    SLICE_X17Y49         FDRE (Setup_fdre_C_CE)      -0.205    12.516    <hidden>
  -------------------------------------------------------------------
                         required time                         12.516    
                         arrival time                         -10.305    
  -------------------------------------------------------------------
                         slack                                  2.211    

Slack (MET) :             2.211ns  (required time - arrival time)
  Source:                 <hidden>
                            (rising edge-triggered cell FDRE clocked by clk_fpga_0  {rise@0.000ns fall@5.000ns period=10.000ns})
  Destination:            <hidden>
                            (rising edge-triggered cell FDRE clocked by clk_fpga_0  {rise@0.000ns fall@5.000ns period=10.000ns})
  Path Group:             clk_fpga_0
  Path Type:              Setup (Max at Slow Process Corner)
  Requirement:            10.000ns  (clk_fpga_0 rise@10.000ns - clk_fpga_0 rise@0.000ns)
  Data Path Delay:        7.120ns  (logic 0.940ns (13.202%)  route 6.180ns (86.798%))
  Logic Levels:           2  (LUT4=1 LUT5=1)
  Clock Path Skew:        -0.310ns (DCD - SCD + CPR)
    Destination Clock Delay (DCD):    2.760ns = ( 12.760 - 10.000 ) 
    Source Clock Delay      (SCD):    3.185ns
    Clock Pessimism Removal (CPR):    0.115ns
  Clock Uncertainty:      0.154ns  ((TSJ^2 + TIJ^2)^1/2 + DJ) / 2 + PE
    Total System Jitter     (TSJ):    0.071ns
    Total Input Jitter      (TIJ):    0.300ns
    Discrete Jitter          (DJ):    0.000ns
    Phase Error              (PE):    0.000ns

    Location             Delay type                Incr(ns)  Path(ns)    Netlist Resource(s)
  -------------------------------------------------------------------    -------------------
                         (clock clk_fpga_0 rise edge)
                                                      0.000     0.000 r  
    PS7_X0Y0             PS7                          0.000     0.000 r  SD_System_i/processing_system7_0/inst/PS7_i/FCLKCLK[0]
                         net (fo=1, routed)           1.193     1.193    SD_System_i/processing_system7_0/inst/FCLK_CLK0
    BUFGCTRL_X0Y16       BUFG (Prop_bufg_I_O)         0.101     1.294 r  SD_System_i/processing_system7_0/inst/FCLK_CLK0_BUFG_inst/O
                         net (fo=1499, routed)        1.891     3.185    <hidden>
    SLICE_X29Y104        FDRE                                         r  <hidden>
  -------------------------------------------------------------------    -------------------
    SLICE_X29Y104        FDRE (Prop_fdre_C_Q)         0.456     3.641 f  <hidden>
                         net (fo=70, routed)          2.169     5.810    <hidden>
    SLICE_X27Y89         LUT5 (Prop_lut5_I4_O)        0.152     5.962 r  <hidden>
                         net (fo=7, routed)           0.440     6.402    <hidden>
    SLICE_X27Y91         LUT4 (Prop_lut4_I0_O)        0.332     6.734 r  <hidden>
                         net (fo=32, routed)          3.571    10.305    <hidden>
    SLICE_X17Y49         FDRE                                         r  <hidden>
  -------------------------------------------------------------------    -------------------

                         (clock clk_fpga_0 rise edge)
                                                     10.000    10.000 r  
    PS7_X0Y0             PS7                          0.000    10.000 r  SD_System_i/processing_system7_0/inst/PS7_i/FCLKCLK[0]
                         net (fo=1, routed)           1.088    11.088    SD_System_i/processing_system7_0/inst/FCLK_CLK0
    BUFGCTRL_X0Y16       BUFG (Prop_bufg_I_O)         0.091    11.179 r  SD_System_i/processing_system7_0/inst/FCLK_CLK0_BUFG_inst/O
                         net (fo=1499, routed)        1.581    12.760    <hidden>
    SLICE_X17Y49         FDRE                                         r  <hidden>
                         clock pessimism              0.115    12.875    
                         clock uncertainty           -0.154    12.721    
    SLICE_X17Y49         FDRE (Setup_fdre_C_CE)      -0.205    12.516    <hidden>
  -------------------------------------------------------------------
                         required time                         12.516    
                         arrival time                         -10.305    
  -------------------------------------------------------------------
                         slack                                  2.211    

Slack (MET) :             2.211ns  (required time - arrival time)
  Source:                 <hidden>
                            (rising edge-triggered cell FDRE clocked by clk_fpga_0  {rise@0.000ns fall@5.000ns period=10.000ns})
  Destination:            <hidden>
                            (rising edge-triggered cell FDRE clocked by clk_fpga_0  {rise@0.000ns fall@5.000ns period=10.000ns})
  Path Group:             clk_fpga_0
  Path Type:              Setup (Max at Slow Process Corner)
  Requirement:            10.000ns  (clk_fpga_0 rise@10.000ns - clk_fpga_0 rise@0.000ns)
  Data Path Delay:        7.120ns  (logic 0.940ns (13.202%)  route 6.180ns (86.798%))
  Logic Levels:           2  (LUT4=1 LUT5=1)
  Clock Path Skew:        -0.310ns (DCD - SCD + CPR)
    Destination Clock Delay (DCD):    2.760ns = ( 12.760 - 10.000 ) 
    Source Clock Delay      (SCD):    3.185ns
    Clock Pessimism Removal (CPR):    0.115ns
  Clock Uncertainty:      0.154ns  ((TSJ^2 + TIJ^2)^1/2 + DJ) / 2 + PE
    Total System Jitter     (TSJ):    0.071ns
    Total Input Jitter      (TIJ):    0.300ns
    Discrete Jitter          (DJ):    0.000ns
    Phase Error              (PE):    0.000ns

    Location             Delay type                Incr(ns)  Path(ns)    Netlist Resource(s)
  -------------------------------------------------------------------    -------------------
                         (clock clk_fpga_0 rise edge)
                                                      0.000     0.000 r  
    PS7_X0Y0             PS7                          0.000     0.000 r  SD_System_i/processing_system7_0/inst/PS7_i/FCLKCLK[0]
                         net (fo=1, routed)           1.193     1.193    SD_System_i/processing_system7_0/inst/FCLK_CLK0
    BUFGCTRL_X0Y16       BUFG (Prop_bufg_I_O)         0.101     1.294 r  SD_System_i/processing_system7_0/inst/FCLK_CLK0_BUFG_inst/O
                         net (fo=1499, routed)        1.891     3.185    <hidden>
    SLICE_X29Y104        FDRE                                         r  <hidden>
  -------------------------------------------------------------------    -------------------
    SLICE_X29Y104        FDRE (Prop_fdre_C_Q)         0.456     3.641 f  <hidden>
                         net (fo=70, routed)          2.169     5.810    <hidden>
    SLICE_X27Y89         LUT5 (Prop_lut5_I4_O)        0.152     5.962 r  <hidden>
                         net (fo=7, routed)           0.440     6.402    <hidden>
    SLICE_X27Y91         LUT4 (Prop_lut4_I0_O)        0.332     6.734 r  <hidden>
                         net (fo=32, routed)          3.571    10.305    <hidden>
    SLICE_X17Y49         FDRE                                         r  <hidden>
  -------------------------------------------------------------------    -------------------

                         (clock clk_fpga_0 rise edge)
                                                     10.000    10.000 r  
    PS7_X0Y0             PS7                          0.000    10.000 r  SD_System_i/processing_system7_0/inst/PS7_i/FCLKCLK[0]
                         net (fo=1, routed)           1.088    11.088    SD_System_i/processing_system7_0/inst/FCLK_CLK0
    BUFGCTRL_X0Y16       BUFG (Prop_bufg_I_O)         0.091    11.179 r  SD_System_i/processing_system7_0/inst/FCLK_CLK0_BUFG_inst/O
                         net (fo=1499, routed)        1.581    12.760    <hidden>
    SLICE_X17Y49         FDRE                                         r  <hidden>
                         clock pessimism              0.115    12.875    
                         clock uncertainty           -0.154    12.721    
    SLICE_X17Y49         FDRE (Setup_fdre_C_CE)      -0.205    12.516    <hidden>
  -------------------------------------------------------------------
                         required time                         12.516    
                         arrival time                         -10.305    
  -------------------------------------------------------------------
                         slack                                  2.211    

Slack (MET) :             2.211ns  (required time - arrival time)
  Source:                 <hidden>
                            (rising edge-triggered cell FDRE clocked by clk_fpga_0  {rise@0.000ns fall@5.000ns period=10.000ns})
  Destination:            <hidden>
                            (rising edge-triggered cell FDRE clocked by clk_fpga_0  {rise@0.000ns fall@5.000ns period=10.000ns})
  Path Group:             clk_fpga_0
  Path Type:              Setup (Max at Slow Process Corner)
  Requirement:            10.000ns  (clk_fpga_0 rise@10.000ns - clk_fpga_0 rise@0.000ns)
  Data Path Delay:        7.120ns  (logic 0.940ns (13.202%)  route 6.180ns (86.798%))
  Logic Levels:           2  (LUT4=1 LUT5=1)
  Clock Path Skew:        -0.310ns (DCD - SCD + CPR)
    Destination Clock Delay (DCD):    2.760ns = ( 12.760 - 10.000 ) 
    Source Clock Delay      (SCD):    3.185ns
    Clock Pessimism Removal (CPR):    0.115ns
  Clock Uncertainty:      0.154ns  ((TSJ^2 + TIJ^2)^1/2 + DJ) / 2 + PE
    Total System Jitter     (TSJ):    0.071ns
    Total Input Jitter      (TIJ):    0.300ns
    Discrete Jitter          (DJ):    0.000ns
    Phase Error              (PE):    0.000ns

    Location             Delay type                Incr(ns)  Path(ns)    Netlist Resource(s)
  -------------------------------------------------------------------    -------------------
                         (clock clk_fpga_0 rise edge)
                                                      0.000     0.000 r  
    PS7_X0Y0             PS7                          0.000     0.000 r  SD_System_i/processing_system7_0/inst/PS7_i/FCLKCLK[0]
                         net (fo=1, routed)           1.193     1.193    SD_System_i/processing_system7_0/inst/FCLK_CLK0
    BUFGCTRL_X0Y16       BUFG (Prop_bufg_I_O)         0.101     1.294 r  SD_System_i/processing_system7_0/inst/FCLK_CLK0_BUFG_inst/O
                         net (fo=1499, routed)        1.891     3.185    <hidden>
    SLICE_X29Y104        FDRE                                         r  <hidden>
  -------------------------------------------------------------------    -------------------
    SLICE_X29Y104        FDRE (Prop_fdre_C_Q)         0.456     3.641 f  <hidden>
                         net (fo=70, routed)          2.169     5.810    <hidden>
    SLICE_X27Y89         LUT5 (Prop_lut5_I4_O)        0.152     5.962 r  <hidden>
                         net (fo=7, routed)           0.440     6.402    <hidden>
    SLICE_X27Y91         LUT4 (Prop_lut4_I0_O)        0.332     6.734 r  <hidden>
                         net (fo=32, routed)          3.571    10.305    <hidden>
    SLICE_X17Y49         FDRE                                         r  <hidden>
  -------------------------------------------------------------------    -------------------

                         (clock clk_fpga_0 rise edge)
                                                     10.000    10.000 r  
    PS7_X0Y0             PS7                          0.000    10.000 r  SD_System_i/processing_system7_0/inst/PS7_i/FCLKCLK[0]
                         net (fo=1, routed)           1.088    11.088    SD_System_i/processing_system7_0/inst/FCLK_CLK0
    BUFGCTRL_X0Y16       BUFG (Prop_bufg_I_O)         0.091    11.179 r  SD_System_i/processing_system7_0/inst/FCLK_CLK0_BUFG_inst/O
                         net (fo=1499, routed)        1.581    12.760    <hidden>
    SLICE_X17Y49         FDRE                                         r  <hidden>
                         clock pessimism              0.115    12.875    
                         clock uncertainty           -0.154    12.721    
    SLICE_X17Y49         FDRE (Setup_fdre_C_CE)      -0.205    12.516    <hidden>
  -------------------------------------------------------------------
                         required time                         12.516    
                         arrival time                         -10.305    
  -------------------------------------------------------------------
                         slack                                  2.211    

Slack (MET) :             2.534ns  (required time - arrival time)
  Source:                 <hidden>
                            (rising edge-triggered cell FDRE clocked by clk_fpga_0  {rise@0.000ns fall@5.000ns period=10.000ns})
  Destination:            SD_System_i/processing_system7_0/inst/PS7_i/MAXIGP0RID[11]
                            (rising edge-triggered cell PS7 clocked by clk_fpga_0  {rise@0.000ns fall@5.000ns period=10.000ns})
  Path Group:             clk_fpga_0
  Path Type:              Setup (Max at Slow Process Corner)
  Requirement:            10.000ns  (clk_fpga_0 rise@10.000ns - clk_fpga_0 rise@0.000ns)
  Data Path Delay:        6.722ns  (logic 0.580ns (8.629%)  route 6.142ns (91.371%))
  Logic Levels:           1  (LUT4=1)
  Clock Path Skew:        -0.020ns (DCD - SCD + CPR)
    Destination Clock Delay (DCD):    2.742ns = ( 12.742 - 10.000 ) 
    Source Clock Delay      (SCD):    2.991ns
    Clock Pessimism Removal (CPR):    0.229ns
  Clock Uncertainty:      0.154ns  ((TSJ^2 + TIJ^2)^1/2 + DJ) / 2 + PE
    Total System Jitter     (TSJ):    0.071ns
    Total Input Jitter      (TIJ):    0.300ns
    Discrete Jitter          (DJ):    0.000ns
    Phase Error              (PE):    0.000ns

    Location             Delay type                Incr(ns)  Path(ns)    Netlist Resource(s)
  -------------------------------------------------------------------    -------------------
                         (clock clk_fpga_0 rise edge)
                                                      0.000     0.000 r  
    PS7_X0Y0             PS7                          0.000     0.000 r  SD_System_i/processing_system7_0/inst/PS7_i/FCLKCLK[0]
                         net (fo=1, routed)           1.193     1.193    SD_System_i/processing_system7_0/inst/FCLK_CLK0
    BUFGCTRL_X0Y16       BUFG (Prop_bufg_I_O)         0.101     1.294 r  SD_System_i/processing_system7_0/inst/FCLK_CLK0_BUFG_inst/O
                         net (fo=1499, routed)        1.697     2.991    <hidden>
    SLICE_X28Y90         FDRE                                         r  <hidden>
  -------------------------------------------------------------------    -------------------
    SLICE_X28Y90         FDRE (Prop_fdre_C_Q)         0.456     3.447 r  <hidden>
                         net (fo=58, routed)          3.535     6.982    <hidden>
    SLICE_X19Y49         LUT4 (Prop_lut4_I1_O)        0.124     7.106 r  <hidden>
                         net (fo=1, routed)           2.607     9.713    SD_System_i/processing_system7_0/inst/M_AXI_GP0_RID[11]
    PS7_X0Y0             PS7                                          r  SD_System_i/processing_system7_0/inst/PS7_i/MAXIGP0RID[11]
  -------------------------------------------------------------------    -------------------

                         (clock clk_fpga_0 rise edge)
                                                     10.000    10.000 r  
    PS7_X0Y0             PS7                          0.000    10.000 r  SD_System_i/processing_system7_0/inst/PS7_i/FCLKCLK[0]
                         net (fo=1, routed)           1.088    11.088    SD_System_i/processing_system7_0/inst/FCLK_CLK0
    BUFGCTRL_X0Y16       BUFG (Prop_bufg_I_O)         0.091    11.179 r  SD_System_i/processing_system7_0/inst/FCLK_CLK0_BUFG_inst/O
                         net (fo=1499, routed)        1.562    12.742    SD_System_i/processing_system7_0/inst/M_AXI_GP0_ACLK
    PS7_X0Y0             PS7                                          r  SD_System_i/processing_system7_0/inst/PS7_i/MAXIGP0ACLK
                         clock pessimism              0.229    12.971    
                         clock uncertainty           -0.154    12.817    
    PS7_X0Y0             PS7 (Setup_ps7_MAXIGP0ACLK_MAXIGP0RID[11])
                                                     -0.570    12.247    SD_System_i/processing_system7_0/inst/PS7_i
  -------------------------------------------------------------------
                         required time                         12.247    
                         arrival time                          -9.713    
  -------------------------------------------------------------------
                         slack                                  2.534    

Slack (MET) :             2.625ns  (required time - arrival time)
  Source:                 <hidden>
                            (rising edge-triggered cell FDRE clocked by clk_fpga_0  {rise@0.000ns fall@5.000ns period=10.000ns})
  Destination:            <hidden>
                            (rising edge-triggered cell FDRE clocked by clk_fpga_0  {rise@0.000ns fall@5.000ns period=10.000ns})
  Path Group:             clk_fpga_0
  Path Type:              Setup (Max at Slow Process Corner)
  Requirement:            10.000ns  (clk_fpga_0 rise@10.000ns - clk_fpga_0 rise@0.000ns)
  Data Path Delay:        7.243ns  (logic 1.062ns (14.663%)  route 6.181ns (85.337%))
  Logic Levels:           3  (LUT2=1 LUT4=1 LUT6=1)
  Clock Path Skew:        -0.009ns (DCD - SCD + CPR)
    Destination Clock Delay (DCD):    2.704ns = ( 12.704 - 10.000 ) 
    Source Clock Delay      (SCD):    2.942ns
    Clock Pessimism Removal (CPR):    0.229ns
  Clock Uncertainty:      0.154ns  ((TSJ^2 + TIJ^2)^1/2 + DJ) / 2 + PE
    Total System Jitter     (TSJ):    0.071ns
    Total Input Jitter      (TIJ):    0.300ns
    Discrete Jitter          (DJ):    0.000ns
    Phase Error              (PE):    0.000ns

    Location             Delay type                Incr(ns)  Path(ns)    Netlist Resource(s)
  -------------------------------------------------------------------    -------------------
                         (clock clk_fpga_0 rise edge)
                                                      0.000     0.000 r  
    PS7_X0Y0             PS7                          0.000     0.000 r  SD_System_i/processing_system7_0/inst/PS7_i/FCLKCLK[0]
                         net (fo=1, routed)           1.193     1.193    SD_System_i/processing_system7_0/inst/FCLK_CLK0
    BUFGCTRL_X0Y16       BUFG (Prop_bufg_I_O)         0.101     1.294 r  SD_System_i/processing_system7_0/inst/FCLK_CLK0_BUFG_inst/O
                         net (fo=1499, routed)        1.648     2.942    <hidden>
    SLICE_X45Y88         FDRE                                         r  <hidden>
  -------------------------------------------------------------------    -------------------
    SLICE_X45Y88         FDRE (Prop_fdre_C_Q)         0.456     3.398 r  <hidden>
                         net (fo=30, routed)          1.285     4.683    <hidden>
    SLICE_X48Y90         LUT2 (Prop_lut2_I1_O)        0.150     4.833 r  <hidden>
                         net (fo=71, routed)          4.089     8.922    <hidden>
    SLICE_X31Y95         LUT4 (Prop_lut4_I0_O)        0.332     9.254 r  <hidden>
                         net (fo=1, routed)           0.806    10.061    <hidden>
    SLICE_X31Y94         LUT6 (Prop_lut6_I3_O)        0.124    10.185 r  <hidden>
                         net (fo=1, routed)           0.000    10.185    <hidden>
    SLICE_X31Y94         FDRE                                         r  <hidden>
  -------------------------------------------------------------------    -------------------

                         (clock clk_fpga_0 rise edge)
                                                     10.000    10.000 r  
    PS7_X0Y0             PS7                          0.000    10.000 r  SD_System_i/processing_system7_0/inst/PS7_i/FCLKCLK[0]
                         net (fo=1, routed)           1.088    11.088    SD_System_i/processing_system7_0/inst/FCLK_CLK0
    BUFGCTRL_X0Y16       BUFG (Prop_bufg_I_O)         0.091    11.179 r  SD_System_i/processing_system7_0/inst/FCLK_CLK0_BUFG_inst/O
                         net (fo=1499, routed)        1.525    12.704    <hidden>
    SLICE_X31Y94         FDRE                                         r  <hidden>
                         clock pessimism              0.229    12.933    
                         clock uncertainty           -0.154    12.779    
    SLICE_X31Y94         FDRE (Setup_fdre_C_D)        0.031    12.810    <hidden>
  -------------------------------------------------------------------
                         required time                         12.810    
                         arrival time                         -10.185    
  -------------------------------------------------------------------
                         slack                                  2.625    

Slack (MET) :             2.659ns  (required time - arrival time)
  Source:                 <hidden>
                            (rising edge-triggered cell FDRE clocked by clk_fpga_0  {rise@0.000ns fall@5.000ns period=10.000ns})
  Destination:            <hidden>
                            (rising edge-triggered cell FDRE clocked by clk_fpga_0  {rise@0.000ns fall@5.000ns period=10.000ns})
  Path Group:             clk_fpga_0
  Path Type:              Setup (Max at Slow Process Corner)
  Requirement:            10.000ns  (clk_fpga_0 rise@10.000ns - clk_fpga_0 rise@0.000ns)
  Data Path Delay:        7.208ns  (logic 1.062ns (14.733%)  route 6.146ns (85.267%))
  Logic Levels:           3  (LUT2=1 LUT5=1 LUT6=1)
  Clock Path Skew:        -0.009ns (DCD - SCD + CPR)
    Destination Clock Delay (DCD):    2.704ns = ( 12.704 - 10.000 ) 
    Source Clock Delay      (SCD):    2.942ns
    Clock Pessimism Removal (CPR):    0.229ns
  Clock Uncertainty:      0.154ns  ((TSJ^2 + TIJ^2)^1/2 + DJ) / 2 + PE
    Total System Jitter     (TSJ):    0.071ns
    Total Input Jitter      (TIJ):    0.300ns
    Discrete Jitter          (DJ):    0.000ns
    Phase Error              (PE):    0.000ns

    Location             Delay type                Incr(ns)  Path(ns)    Netlist Resource(s)
  -------------------------------------------------------------------    -------------------
                         (clock clk_fpga_0 rise edge)
                                                      0.000     0.000 r  
    PS7_X0Y0             PS7                          0.000     0.000 r  SD_System_i/processing_system7_0/inst/PS7_i/FCLKCLK[0]
                         net (fo=1, routed)           1.193     1.193    SD_System_i/processing_system7_0/inst/FCLK_CLK0
    BUFGCTRL_X0Y16       BUFG (Prop_bufg_I_O)         0.101     1.294 r  SD_System_i/processing_system7_0/inst/FCLK_CLK0_BUFG_inst/O
                         net (fo=1499, routed)        1.648     2.942    <hidden>
    SLICE_X45Y88         FDRE                                         r  <hidden>
  -------------------------------------------------------------------    -------------------
    SLICE_X45Y88         FDRE (Prop_fdre_C_Q)         0.456     3.398 r  <hidden>
                         net (fo=30, routed)          1.285     4.683    <hidden>
    SLICE_X48Y90         LUT2 (Prop_lut2_I1_O)        0.150     4.833 r  <hidden>
                         net (fo=71, routed)          3.762     8.595    <hidden>
    SLICE_X31Y97         LUT5 (Prop_lut5_I1_O)        0.332     8.927 r  <hidden>
                         net (fo=1, routed)           1.099    10.026    <hidden>
    SLICE_X31Y94         LUT6 (Prop_lut6_I5_O)        0.124    10.150 r  <hidden>
                         net (fo=1, routed)           0.000    10.150    <hidden>
    SLICE_X31Y94         FDRE                                         r  <hidden>
  -------------------------------------------------------------------    -------------------

                         (clock clk_fpga_0 rise edge)
                                                     10.000    10.000 r  
    PS7_X0Y0             PS7                          0.000    10.000 r  SD_System_i/processing_system7_0/inst/PS7_i/FCLKCLK[0]
                         net (fo=1, routed)           1.088    11.088    SD_System_i/processing_system7_0/inst/FCLK_CLK0
    BUFGCTRL_X0Y16       BUFG (Prop_bufg_I_O)         0.091    11.179 r  SD_System_i/processing_system7_0/inst/FCLK_CLK0_BUFG_inst/O
                         net (fo=1499, routed)        1.525    12.704    <hidden>
    SLICE_X31Y94         FDRE                                         r  <hidden>
                         clock pessimism              0.229    12.933    
                         clock uncertainty           -0.154    12.779    
    SLICE_X31Y94         FDRE (Setup_fdre_C_D)        0.031    12.810    <hidden>
  -------------------------------------------------------------------
                         required time                         12.810    
                         arrival time                         -10.150    
  -------------------------------------------------------------------
                         slack                                  2.659    

Slack (MET) :             2.787ns  (required time - arrival time)
  Source:                 <hidden>
                            (rising edge-triggered cell FDRE clocked by clk_fpga_0  {rise@0.000ns fall@5.000ns period=10.000ns})
  Destination:            SD_System_i/processing_system7_0/inst/PS7_i/MAXIGP0BID[9]
                            (rising edge-triggered cell PS7 clocked by clk_fpga_0  {rise@0.000ns fall@5.000ns period=10.000ns})
  Path Group:             clk_fpga_0
  Path Type:              Setup (Max at Slow Process Corner)
  Requirement:            10.000ns  (clk_fpga_0 rise@10.000ns - clk_fpga_0 rise@0.000ns)
  Data Path Delay:        6.176ns  (logic 0.642ns (10.395%)  route 5.534ns (89.605%))
  Logic Levels:           1  (LUT4=1)
  Clock Path Skew:        -0.312ns (DCD - SCD + CPR)
    Destination Clock Delay (DCD):    2.742ns = ( 12.742 - 10.000 ) 
    Source Clock Delay      (SCD):    3.182ns
    Clock Pessimism Removal (CPR):    0.129ns
  Clock Uncertainty:      0.154ns  ((TSJ^2 + TIJ^2)^1/2 + DJ) / 2 + PE
    Total System Jitter     (TSJ):    0.071ns
    Total Input Jitter      (TIJ):    0.300ns
    Discrete Jitter          (DJ):    0.000ns
    Phase Error              (PE):    0.000ns

    Location             Delay type                Incr(ns)  Path(ns)    Netlist Resource(s)
  -------------------------------------------------------------------    -------------------
                         (clock clk_fpga_0 rise edge)
                                                      0.000     0.000 r  
    PS7_X0Y0             PS7                          0.000     0.000 r  SD_System_i/processing_system7_0/inst/PS7_i/FCLKCLK[0]
                         net (fo=1, routed)           1.193     1.193    SD_System_i/processing_system7_0/inst/FCLK_CLK0
    BUFGCTRL_X0Y16       BUFG (Prop_bufg_I_O)         0.101     1.294 r  SD_System_i/processing_system7_0/inst/FCLK_CLK0_BUFG_inst/O
                         net (fo=1499, routed)        1.888     3.182    <hidden>
    SLICE_X26Y102        FDRE                                         r  <hidden>
  -------------------------------------------------------------------    -------------------
    SLICE_X26Y102        FDRE (Prop_fdre_C_Q)         0.518     3.700 r  <hidden>
                         net (fo=29, routed)          3.189     6.889    <hidden>
    SLICE_X22Y49         LUT4 (Prop_lut4_I2_O)        0.124     7.013 r  <hidden>
                         net (fo=1, routed)           2.345     9.358    SD_System_i/processing_system7_0/inst/M_AXI_GP0_BID[9]
    PS7_X0Y0             PS7                                          r  SD_System_i/processing_system7_0/inst/PS7_i/MAXIGP0BID[9]
  -------------------------------------------------------------------    -------------------

                         (clock clk_fpga_0 rise edge)
                                                     10.000    10.000 r  
    PS7_X0Y0             PS7                          0.000    10.000 r  SD_System_i/processing_system7_0/inst/PS7_i/FCLKCLK[0]
                         net (fo=1, routed)           1.088    11.088    SD_System_i/processing_system7_0/inst/FCLK_CLK0
    BUFGCTRL_X0Y16       BUFG (Prop_bufg_I_O)         0.091    11.179 r  SD_System_i/processing_system7_0/inst/FCLK_CLK0_BUFG_inst/O
                         net (fo=1499, routed)        1.562    12.742    SD_System_i/processing_system7_0/inst/M_AXI_GP0_ACLK
    PS7_X0Y0             PS7                                          r  SD_System_i/processing_system7_0/inst/PS7_i/MAXIGP0ACLK
                         clock pessimism              0.129    12.870    
                         clock uncertainty           -0.154    12.716    
    PS7_X0Y0             PS7 (Setup_ps7_MAXIGP0ACLK_MAXIGP0BID[9])
                                                     -0.571    12.145    SD_System_i/processing_system7_0/inst/PS7_i
  -------------------------------------------------------------------
                         required time                         12.145    
                         arrival time                          -9.358    
  -------------------------------------------------------------------
                         slack                                  2.787    





Min Delay Paths
--------------------------------------------------------------------------------------
Slack (VIOLATED) :        -0.131ns  (arrival time - required time)
  Source:                 <hidden>
                            (rising edge-triggered cell FDRE clocked by clk_fpga_0  {rise@0.000ns fall@5.000ns period=10.000ns})
  Destination:            <hidden>
                            (rising edge-triggered cell FDRE clocked by clk_fpga_0  {rise@0.000ns fall@5.000ns period=10.000ns})
  Path Group:             clk_fpga_0
  Path Type:              Hold (Min at Fast Process Corner)
  Requirement:            0.000ns  (clk_fpga_0 rise@0.000ns - clk_fpga_0 rise@0.000ns)
  Data Path Delay:        0.339ns  (logic 0.186ns (54.895%)  route 0.153ns (45.105%))
  Logic Levels:           1  (LUT5=1)
  Clock Path Skew:        0.349ns (DCD - SCD - CPR)
    Destination Clock Delay (DCD):    1.277ns
    Source Clock Delay      (SCD):    0.893ns
    Clock Pessimism Removal (CPR):    0.035ns

    Location             Delay type                Incr(ns)  Path(ns)    Netlist Resource(s)
  -------------------------------------------------------------------    -------------------
                         (clock clk_fpga_0 rise edge)
                                                      0.000     0.000 r  
    PS7_X0Y0             PS7                          0.000     0.000 r  SD_System_i/processing_system7_0/inst/PS7_i/FCLKCLK[0]
                         net (fo=1, routed)           0.310     0.310    SD_System_i/processing_system7_0/inst/FCLK_CLK0
    BUFGCTRL_X0Y16       BUFG (Prop_bufg_I_O)         0.026     0.336 r  SD_System_i/processing_system7_0/inst/FCLK_CLK0_BUFG_inst/O
                         net (fo=1499, routed)        0.557     0.893    <hidden>
    SLICE_X45Y99         FDRE                                         r  <hidden>
  -------------------------------------------------------------------    -------------------
    SLICE_X45Y99         FDRE (Prop_fdre_C_Q)         0.141     1.034 r  <hidden>
                         net (fo=1, routed)           0.153     1.186    <hidden>
    SLICE_X42Y100        LUT5 (Prop_lut5_I0_O)        0.045     1.231 r  <hidden>
                         net (fo=1, routed)           0.000     1.231    <hidden>
    SLICE_X42Y100        FDRE                                         r  <hidden>
  -------------------------------------------------------------------    -------------------

                         (clock clk_fpga_0 rise edge)
                                                      0.000     0.000 r  
    PS7_X0Y0             PS7                          0.000     0.000 r  SD_System_i/processing_system7_0/inst/PS7_i/FCLKCLK[0]
                         net (fo=1, routed)           0.337     0.337    SD_System_i/processing_system7_0/inst/FCLK_CLK0
    BUFGCTRL_X0Y16       BUFG (Prop_bufg_I_O)         0.029     0.366 r  SD_System_i/processing_system7_0/inst/FCLK_CLK0_BUFG_inst/O
                         net (fo=1499, routed)        0.911     1.277    <hidden>
    SLICE_X42Y100        FDRE                                         r  <hidden>
                         clock pessimism             -0.035     1.242    
    SLICE_X42Y100        FDRE (Hold_fdre_C_D)         0.121     1.363    <hidden>
  -------------------------------------------------------------------
                         required time                         -1.363    
                         arrival time                           1.231    
  -------------------------------------------------------------------
                         slack                                 -0.131    

Slack (MET) :             0.004ns  (arrival time - required time)
  Source:                 <hidden>
                            (rising edge-triggered cell FDRE clocked by clk_fpga_0  {rise@0.000ns fall@5.000ns period=10.000ns})
  Destination:            <hidden>
                            (rising edge-triggered cell FDRE clocked by clk_fpga_0  {rise@0.000ns fall@5.000ns period=10.000ns})
  Path Group:             clk_fpga_0
  Path Type:              Hold (Min at Fast Process Corner)
  Requirement:            0.000ns  (clk_fpga_0 rise@0.000ns - clk_fpga_0 rise@0.000ns)
  Data Path Delay:        0.381ns  (logic 0.141ns (37.026%)  route 0.240ns (62.974%))
  Logic Levels:           0  
  Clock Path Skew:        0.330ns (DCD - SCD - CPR)
    Destination Clock Delay (DCD):    1.278ns
    Source Clock Delay      (SCD):    0.913ns
    Clock Pessimism Removal (CPR):    0.035ns

    Location             Delay type                Incr(ns)  Path(ns)    Netlist Resource(s)
  -------------------------------------------------------------------    -------------------
                         (clock clk_fpga_0 rise edge)
                                                      0.000     0.000 r  
    PS7_X0Y0             PS7                          0.000     0.000 r  SD_System_i/processing_system7_0/inst/PS7_i/FCLKCLK[0]
                         net (fo=1, routed)           0.310     0.310    SD_System_i/processing_system7_0/inst/FCLK_CLK0
    BUFGCTRL_X0Y16       BUFG (Prop_bufg_I_O)         0.026     0.336 r  SD_System_i/processing_system7_0/inst/FCLK_CLK0_BUFG_inst/O
                         net (fo=1499, routed)        0.577     0.913    <hidden>
    SLICE_X31Y99         FDRE                                         r  <hidden>
  -------------------------------------------------------------------    -------------------
    SLICE_X31Y99         FDRE (Prop_fdre_C_Q)         0.141     1.054 r  <hidden>
                         net (fo=1, routed)           0.240     1.293    <hidden>
    SLICE_X33Y100        FDRE                                         r  <hidden>
  -------------------------------------------------------------------    -------------------

                         (clock clk_fpga_0 rise edge)
                                                      0.000     0.000 r  
    PS7_X0Y0             PS7                          0.000     0.000 r  SD_System_i/processing_system7_0/inst/PS7_i/FCLKCLK[0]
                         net (fo=1, routed)           0.337     0.337    SD_System_i/processing_system7_0/inst/FCLK_CLK0
    BUFGCTRL_X0Y16       BUFG (Prop_bufg_I_O)         0.029     0.366 r  SD_System_i/processing_system7_0/inst/FCLK_CLK0_BUFG_inst/O
                         net (fo=1499, routed)        0.912     1.278    <hidden>
    SLICE_X33Y100        FDRE                                         r  <hidden>
                         clock pessimism             -0.035     1.243    
    SLICE_X33Y100        FDRE (Hold_fdre_C_D)         0.047     1.290    <hidden>
  -------------------------------------------------------------------
                         required time                         -1.290    
                         arrival time                           1.293    
  -------------------------------------------------------------------
                         slack                                  0.004    

Slack (MET) :             0.035ns  (arrival time - required time)
  Source:                 <hidden>
                            (rising edge-triggered cell FDRE clocked by clk_fpga_0  {rise@0.000ns fall@5.000ns period=10.000ns})
  Destination:            <hidden>
                            (rising edge-triggered cell FDRE clocked by clk_fpga_0  {rise@0.000ns fall@5.000ns period=10.000ns})
  Path Group:             clk_fpga_0
  Path Type:              Hold (Min at Fast Process Corner)
  Requirement:            0.000ns  (clk_fpga_0 rise@0.000ns - clk_fpga_0 rise@0.000ns)
  Data Path Delay:        0.436ns  (logic 0.141ns (32.355%)  route 0.295ns (67.646%))
  Logic Levels:           0  
  Clock Path Skew:        0.330ns (DCD - SCD - CPR)
    Destination Clock Delay (DCD):    1.278ns
    Source Clock Delay      (SCD):    0.913ns
    Clock Pessimism Removal (CPR):    0.035ns

    Location             Delay type                Incr(ns)  Path(ns)    Netlist Resource(s)
  -------------------------------------------------------------------    -------------------
                         (clock clk_fpga_0 rise edge)
                                                      0.000     0.000 r  
    PS7_X0Y0             PS7                          0.000     0.000 r  SD_System_i/processing_system7_0/inst/PS7_i/FCLKCLK[0]
                         net (fo=1, routed)           0.310     0.310    SD_System_i/processing_system7_0/inst/FCLK_CLK0
    BUFGCTRL_X0Y16       BUFG (Prop_bufg_I_O)         0.026     0.336 r  SD_System_i/processing_system7_0/inst/FCLK_CLK0_BUFG_inst/O
                         net (fo=1499, routed)        0.577     0.913    <hidden>
    SLICE_X31Y99         FDRE                                         r  <hidden>
  -------------------------------------------------------------------    -------------------
    SLICE_X31Y99         FDRE (Prop_fdre_C_Q)         0.141     1.054 r  <hidden>
                         net (fo=1, routed)           0.295     1.348    <hidden>
    SLICE_X33Y100        FDRE                                         r  <hidden>
  -------------------------------------------------------------------    -------------------

                         (clock clk_fpga_0 rise edge)
                                                      0.000     0.000 r  
    PS7_X0Y0             PS7                          0.000     0.000 r  SD_System_i/processing_system7_0/inst/PS7_i/FCLKCLK[0]
                         net (fo=1, routed)           0.337     0.337    SD_System_i/processing_system7_0/inst/FCLK_CLK0
    BUFGCTRL_X0Y16       BUFG (Prop_bufg_I_O)         0.029     0.366 r  SD_System_i/processing_system7_0/inst/FCLK_CLK0_BUFG_inst/O
                         net (fo=1499, routed)        0.912     1.278    <hidden>
    SLICE_X33Y100        FDRE                                         r  <hidden>
                         clock pessimism             -0.035     1.243    
    SLICE_X33Y100        FDRE (Hold_fdre_C_D)         0.070     1.313    <hidden>
  -------------------------------------------------------------------
                         required time                         -1.313    
                         arrival time                           1.348    
  -------------------------------------------------------------------
                         slack                                  0.035    

Slack (MET) :             0.049ns  (arrival time - required time)
  Source:                 <hidden>
                            (rising edge-triggered cell FDCE clocked by clk_fpga_0  {rise@0.000ns fall@5.000ns period=10.000ns})
  Destination:            <hidden>
                            (rising edge-triggered cell FDRE clocked by clk_fpga_0  {rise@0.000ns fall@5.000ns period=10.000ns})
  Path Group:             clk_fpga_0
  Path Type:              Hold (Min at Fast Process Corner)
  Requirement:            0.000ns  (clk_fpga_0 rise@0.000ns - clk_fpga_0 rise@0.000ns)
  Data Path Delay:        0.328ns  (logic 0.148ns (45.098%)  route 0.180ns (54.902%))
  Logic Levels:           0  
  Clock Path Skew:        0.267ns (DCD - SCD - CPR)
    Destination Clock Delay (DCD):    1.190ns
    Source Clock Delay      (SCD):    0.888ns
    Clock Pessimism Removal (CPR):    0.035ns

    Location             Delay type                Incr(ns)  Path(ns)    Netlist Resource(s)
  -------------------------------------------------------------------    -------------------
                         (clock clk_fpga_0 rise edge)
                                                      0.000     0.000 r  
    PS7_X0Y0             PS7                          0.000     0.000 r  SD_System_i/processing_system7_0/inst/PS7_i/FCLKCLK[0]
                         net (fo=1, routed)           0.310     0.310    SD_System_i/processing_system7_0/inst/FCLK_CLK0
    BUFGCTRL_X0Y16       BUFG (Prop_bufg_I_O)         0.026     0.336 r  SD_System_i/processing_system7_0/inst/FCLK_CLK0_BUFG_inst/O
                         net (fo=1499, routed)        0.552     0.888    <hidden>
    SLICE_X50Y94         FDCE                                         r  <hidden>
  -------------------------------------------------------------------    -------------------
    SLICE_X50Y94         FDCE (Prop_fdce_C_Q)         0.148     1.036 r  <hidden>
                         net (fo=1, routed)           0.180     1.216    <hidden>
    SLICE_X48Y94         FDRE                                         r  <hidden>
  -------------------------------------------------------------------    -------------------

                         (clock clk_fpga_0 rise edge)
                                                      0.000     0.000 r  
    PS7_X0Y0             PS7                          0.000     0.000 r  SD_System_i/processing_system7_0/inst/PS7_i/FCLKCLK[0]
                         net (fo=1, routed)           0.337     0.337    SD_System_i/processing_system7_0/inst/FCLK_CLK0
    BUFGCTRL_X0Y16       BUFG (Prop_bufg_I_O)         0.029     0.366 r  SD_System_i/processing_system7_0/inst/FCLK_CLK0_BUFG_inst/O
                         net (fo=1499, routed)        0.824     1.190    <hidden>
    SLICE_X48Y94         FDRE                                         r  <hidden>
                         clock pessimism             -0.035     1.155    
    SLICE_X48Y94         FDRE (Hold_fdre_C_D)         0.012     1.167    <hidden>
  -------------------------------------------------------------------
                         required time                         -1.167    
                         arrival time                           1.216    
  -------------------------------------------------------------------
                         slack                                  0.049    

Slack (MET) :             0.058ns  (arrival time - required time)
  Source:                 SD_System_i/Z_GPIO/U0/gpio_core_1/Not_Dual.ALLOUT_ND.READ_REG_GEN[11].reg1_reg[11]/C
                            (rising edge-triggered cell FDRE clocked by clk_fpga_0  {rise@0.000ns fall@5.000ns period=10.000ns})
  Destination:            SD_System_i/Z_GPIO/U0/ip2bus_data_i_D1_reg[11]/D
                            (rising edge-triggered cell FDRE clocked by clk_fpga_0  {rise@0.000ns fall@5.000ns period=10.000ns})
  Path Group:             clk_fpga_0
  Path Type:              Hold (Min at Fast Process Corner)
  Requirement:            0.000ns  (clk_fpga_0 rise@0.000ns - clk_fpga_0 rise@0.000ns)
  Data Path Delay:        0.527ns  (logic 0.186ns (35.325%)  route 0.341ns (64.675%))
  Logic Levels:           1  (LUT6=1)
  Clock Path Skew:        0.348ns (DCD - SCD - CPR)
    Destination Clock Delay (DCD):    1.278ns
    Source Clock Delay      (SCD):    0.895ns
    Clock Pessimism Removal (CPR):    0.035ns

    Location             Delay type                Incr(ns)  Path(ns)    Netlist Resource(s)
  -------------------------------------------------------------------    -------------------
                         (clock clk_fpga_0 rise edge)
                                                      0.000     0.000 r  
    PS7_X0Y0             PS7                          0.000     0.000 r  SD_System_i/processing_system7_0/inst/PS7_i/FCLKCLK[0]
                         net (fo=1, routed)           0.310     0.310    SD_System_i/processing_system7_0/inst/FCLK_CLK0
    BUFGCTRL_X0Y16       BUFG (Prop_bufg_I_O)         0.026     0.336 r  SD_System_i/processing_system7_0/inst/FCLK_CLK0_BUFG_inst/O
                         net (fo=1499, routed)        0.559     0.895    SD_System_i/Z_GPIO/U0/gpio_core_1/s_axi_aclk
    SLICE_X33Y98         FDRE                                         r  SD_System_i/Z_GPIO/U0/gpio_core_1/Not_Dual.ALLOUT_ND.READ_REG_GEN[11].reg1_reg[11]/C
  -------------------------------------------------------------------    -------------------
    SLICE_X33Y98         FDRE (Prop_fdre_C_Q)         0.141     1.036 r  SD_System_i/Z_GPIO/U0/gpio_core_1/Not_Dual.ALLOUT_ND.READ_REG_GEN[11].reg1_reg[11]/Q
                         net (fo=1, routed)           0.341     1.376    SD_System_i/Z_GPIO/U0/gpio_core_1/Not_Dual.ALLOUT_ND.READ_REG_GEN[11].reg1_reg
    SLICE_X32Y101        LUT6 (Prop_lut6_I1_O)        0.045     1.421 r  SD_System_i/Z_GPIO/U0/gpio_core_1/ip2bus_data_i_D1[11]_i_1/O
                         net (fo=1, routed)           0.000     1.421    SD_System_i/Z_GPIO/U0/ip2bus_data[11]
    SLICE_X32Y101        FDRE                                         r  SD_System_i/Z_GPIO/U0/ip2bus_data_i_D1_reg[11]/D
  -------------------------------------------------------------------    -------------------

                         (clock clk_fpga_0 rise edge)
                                                      0.000     0.000 r  
    PS7_X0Y0             PS7                          0.000     0.000 r  SD_System_i/processing_system7_0/inst/PS7_i/FCLKCLK[0]
                         net (fo=1, routed)           0.337     0.337    SD_System_i/processing_system7_0/inst/FCLK_CLK0
    BUFGCTRL_X0Y16       BUFG (Prop_bufg_I_O)         0.029     0.366 r  SD_System_i/processing_system7_0/inst/FCLK_CLK0_BUFG_inst/O
                         net (fo=1499, routed)        0.912     1.278    SD_System_i/Z_GPIO/U0/s_axi_aclk
    SLICE_X32Y101        FDRE                                         r  SD_System_i/Z_GPIO/U0/ip2bus_data_i_D1_reg[11]/C
                         clock pessimism             -0.035     1.243    
    SLICE_X32Y101        FDRE (Hold_fdre_C_D)         0.120     1.363    SD_System_i/Z_GPIO/U0/ip2bus_data_i_D1_reg[11]
  -------------------------------------------------------------------
                         required time                         -1.363    
                         arrival time                           1.421    
  -------------------------------------------------------------------
                         slack                                  0.058    

Slack (MET) :             0.071ns  (arrival time - required time)
  Source:                 <hidden>
                            (rising edge-triggered cell FDRE clocked by clk_fpga_0  {rise@0.000ns fall@5.000ns period=10.000ns})
  Destination:            <hidden>
                            (rising edge-triggered cell FDRE clocked by clk_fpga_0  {rise@0.000ns fall@5.000ns period=10.000ns})
  Path Group:             clk_fpga_0
  Path Type:              Hold (Min at Fast Process Corner)
  Requirement:            0.000ns  (clk_fpga_0 rise@0.000ns - clk_fpga_0 rise@0.000ns)
  Data Path Delay:        0.314ns  (logic 0.141ns (44.852%)  route 0.173ns (55.148%))
  Logic Levels:           0  
  Clock Path Skew:        0.183ns (DCD - SCD - CPR)
    Destination Clock Delay (DCD):    1.210ns
    Source Clock Delay      (SCD):    0.992ns
    Clock Pessimism Removal (CPR):    0.035ns

    Location             Delay type                Incr(ns)  Path(ns)    Netlist Resource(s)
  -------------------------------------------------------------------    -------------------
                         (clock clk_fpga_0 rise edge)
                                                      0.000     0.000 r  
    PS7_X0Y0             PS7                          0.000     0.000 r  SD_System_i/processing_system7_0/inst/PS7_i/FCLKCLK[0]
                         net (fo=1, routed)           0.310     0.310    SD_System_i/processing_system7_0/inst/FCLK_CLK0
    BUFGCTRL_X0Y16       BUFG (Prop_bufg_I_O)         0.026     0.336 r  SD_System_i/processing_system7_0/inst/FCLK_CLK0_BUFG_inst/O
                         net (fo=1499, routed)        0.656     0.992    <hidden>
    SLICE_X27Y100        FDRE                                         r  <hidden>
  -------------------------------------------------------------------    -------------------
    SLICE_X27Y100        FDRE (Prop_fdre_C_Q)         0.141     1.133 r  <hidden>
                         net (fo=2, routed)           0.173     1.306    <hidden>
    SLICE_X26Y99         FDRE                                         r  <hidden>
  -------------------------------------------------------------------    -------------------

                         (clock clk_fpga_0 rise edge)
                                                      0.000     0.000 r  
    PS7_X0Y0             PS7                          0.000     0.000 r  SD_System_i/processing_system7_0/inst/PS7_i/FCLKCLK[0]
                         net (fo=1, routed)           0.337     0.337    SD_System_i/processing_system7_0/inst/FCLK_CLK0
    BUFGCTRL_X0Y16       BUFG (Prop_bufg_I_O)         0.029     0.366 r  SD_System_i/processing_system7_0/inst/FCLK_CLK0_BUFG_inst/O
                         net (fo=1499, routed)        0.844     1.210    <hidden>
    SLICE_X26Y99         FDRE                                         r  <hidden>
                         clock pessimism             -0.035     1.175    
    SLICE_X26Y99         FDRE (Hold_fdre_C_D)         0.060     1.235    <hidden>
  -------------------------------------------------------------------
                         required time                         -1.235    
                         arrival time                           1.306    
  -------------------------------------------------------------------
                         slack                                  0.071    

Slack (MET) :             0.076ns  (arrival time - required time)
  Source:                 <hidden>
                            (rising edge-triggered cell FDRE clocked by clk_fpga_0  {rise@0.000ns fall@5.000ns period=10.000ns})
  Destination:            <hidden>
                            (rising edge-triggered cell FDRE clocked by clk_fpga_0  {rise@0.000ns fall@5.000ns period=10.000ns})
  Path Group:             clk_fpga_0
  Path Type:              Hold (Min at Fast Process Corner)
  Requirement:            0.000ns  (clk_fpga_0 rise@0.000ns - clk_fpga_0 rise@0.000ns)
  Data Path Delay:        0.465ns  (logic 0.141ns (30.335%)  route 0.324ns (69.665%))
  Logic Levels:           0  
  Clock Path Skew:        0.330ns (DCD - SCD - CPR)
    Destination Clock Delay (DCD):    1.278ns
    Source Clock Delay      (SCD):    0.913ns
    Clock Pessimism Removal (CPR):    0.035ns

    Location             Delay type                Incr(ns)  Path(ns)    Netlist Resource(s)
  -------------------------------------------------------------------    -------------------
                         (clock clk_fpga_0 rise edge)
                                                      0.000     0.000 r  
    PS7_X0Y0             PS7                          0.000     0.000 r  SD_System_i/processing_system7_0/inst/PS7_i/FCLKCLK[0]
                         net (fo=1, routed)           0.310     0.310    SD_System_i/processing_system7_0/inst/FCLK_CLK0
    BUFGCTRL_X0Y16       BUFG (Prop_bufg_I_O)         0.026     0.336 r  SD_System_i/processing_system7_0/inst/FCLK_CLK0_BUFG_inst/O
                         net (fo=1499, routed)        0.577     0.913    <hidden>
    SLICE_X31Y99         FDRE                                         r  <hidden>
  -------------------------------------------------------------------    -------------------
    SLICE_X31Y99         FDRE (Prop_fdre_C_Q)         0.141     1.054 r  <hidden>
                         net (fo=1, routed)           0.324     1.377    <hidden>
    SLICE_X33Y100        FDRE                                         r  <hidden>
  -------------------------------------------------------------------    -------------------

                         (clock clk_fpga_0 rise edge)
                                                      0.000     0.000 r  
    PS7_X0Y0             PS7                          0.000     0.000 r  SD_System_i/processing_system7_0/inst/PS7_i/FCLKCLK[0]
                         net (fo=1, routed)           0.337     0.337    SD_System_i/processing_system7_0/inst/FCLK_CLK0
    BUFGCTRL_X0Y16       BUFG (Prop_bufg_I_O)         0.029     0.366 r  SD_System_i/processing_system7_0/inst/FCLK_CLK0_BUFG_inst/O
                         net (fo=1499, routed)        0.912     1.278    <hidden>
    SLICE_X33Y100        FDRE                                         r  <hidden>
                         clock pessimism             -0.035     1.243    
    SLICE_X33Y100        FDRE (Hold_fdre_C_D)         0.059     1.302    <hidden>
  -------------------------------------------------------------------
                         required time                         -1.302    
                         arrival time                           1.377    
  -------------------------------------------------------------------
                         slack                                  0.076    

Slack (MET) :             0.078ns  (arrival time - required time)
  Source:                 <hidden>
                            (rising edge-triggered cell FDSE clocked by clk_fpga_0  {rise@0.000ns fall@5.000ns period=10.000ns})
  Destination:            <hidden>
                            (rising edge-triggered cell FDRE clocked by clk_fpga_0  {rise@0.000ns fall@5.000ns period=10.000ns})
  Path Group:             clk_fpga_0
  Path Type:              Hold (Min at Fast Process Corner)
  Requirement:            0.000ns  (clk_fpga_0 rise@0.000ns - clk_fpga_0 rise@0.000ns)
  Data Path Delay:        0.458ns  (logic 0.186ns (40.600%)  route 0.272ns (59.400%))
  Logic Levels:           1  (LUT6=1)
  Clock Path Skew:        0.259ns (DCD - SCD - CPR)
    Destination Clock Delay (DCD):    1.187ns
    Source Clock Delay      (SCD):    0.893ns
    Clock Pessimism Removal (CPR):    0.035ns

    Location             Delay type                Incr(ns)  Path(ns)    Netlist Resource(s)
  -------------------------------------------------------------------    -------------------
                         (clock clk_fpga_0 rise edge)
                                                      0.000     0.000 r  
    PS7_X0Y0             PS7                          0.000     0.000 r  SD_System_i/processing_system7_0/inst/PS7_i/FCLKCLK[0]
                         net (fo=1, routed)           0.310     0.310    SD_System_i/processing_system7_0/inst/FCLK_CLK0
    BUFGCTRL_X0Y16       BUFG (Prop_bufg_I_O)         0.026     0.336 r  SD_System_i/processing_system7_0/inst/FCLK_CLK0_BUFG_inst/O
                         net (fo=1499, routed)        0.557     0.893    <hidden>
    SLICE_X47Y98         FDSE                                         r  <hidden>
  -------------------------------------------------------------------    -------------------
    SLICE_X47Y98         FDSE (Prop_fdse_C_Q)         0.141     1.034 r  <hidden>
                         net (fo=8, routed)           0.272     1.306    <hidden>
    SLICE_X50Y98         LUT6 (Prop_lut6_I4_O)        0.045     1.351 r  <hidden>
                         net (fo=2, routed)           0.000     1.351    <hidden>
    SLICE_X50Y98         FDRE                                         r  <hidden>
  -------------------------------------------------------------------    -------------------

                         (clock clk_fpga_0 rise edge)
                                                      0.000     0.000 r  
    PS7_X0Y0             PS7                          0.000     0.000 r  SD_System_i/processing_system7_0/inst/PS7_i/FCLKCLK[0]
                         net (fo=1, routed)           0.337     0.337    SD_System_i/processing_system7_0/inst/FCLK_CLK0
    BUFGCTRL_X0Y16       BUFG (Prop_bufg_I_O)         0.029     0.366 r  SD_System_i/processing_system7_0/inst/FCLK_CLK0_BUFG_inst/O
                         net (fo=1499, routed)        0.821     1.187    <hidden>
    SLICE_X50Y98         FDRE                                         r  <hidden>
                         clock pessimism             -0.035     1.152    
    SLICE_X50Y98         FDRE (Hold_fdre_C_D)         0.121     1.273    <hidden>
  -------------------------------------------------------------------
                         required time                         -1.273    
                         arrival time                           1.351    
  -------------------------------------------------------------------
                         slack                                  0.078    

Slack (MET) :             0.082ns  (arrival time - required time)
  Source:                 <hidden>
                            (rising edge-triggered cell FDSE clocked by clk_fpga_0  {rise@0.000ns fall@5.000ns period=10.000ns})
  Destination:            <hidden>
                            (rising edge-triggered cell FDRE clocked by clk_fpga_0  {rise@0.000ns fall@5.000ns period=10.000ns})
  Path Group:             clk_fpga_0
  Path Type:              Hold (Min at Fast Process Corner)
  Requirement:            0.000ns  (clk_fpga_0 rise@0.000ns - clk_fpga_0 rise@0.000ns)
  Data Path Delay:        0.462ns  (logic 0.186ns (40.237%)  route 0.276ns (59.764%))
  Logic Levels:           1  (LUT6=1)
  Clock Path Skew:        0.259ns (DCD - SCD - CPR)
    Destination Clock Delay (DCD):    1.187ns
    Source Clock Delay      (SCD):    0.893ns
    Clock Pessimism Removal (CPR):    0.035ns

    Location             Delay type                Incr(ns)  Path(ns)    Netlist Resource(s)
  -------------------------------------------------------------------    -------------------
                         (clock clk_fpga_0 rise edge)
                                                      0.000     0.000 r  
    PS7_X0Y0             PS7                          0.000     0.000 r  SD_System_i/processing_system7_0/inst/PS7_i/FCLKCLK[0]
                         net (fo=1, routed)           0.310     0.310    SD_System_i/processing_system7_0/inst/FCLK_CLK0
    BUFGCTRL_X0Y16       BUFG (Prop_bufg_I_O)         0.026     0.336 r  SD_System_i/processing_system7_0/inst/FCLK_CLK0_BUFG_inst/O
                         net (fo=1499, routed)        0.557     0.893    <hidden>
    SLICE_X44Y98         FDSE                                         r  <hidden>
  -------------------------------------------------------------------    -------------------
    SLICE_X44Y98         FDSE (Prop_fdse_C_Q)         0.141     1.034 f  <hidden>
                         net (fo=8, routed)           0.276     1.310    <hidden>
    SLICE_X50Y98         LUT6 (Prop_lut6_I4_O)        0.045     1.355 r  <hidden>
                         net (fo=2, routed)           0.000     1.355    <hidden>
    SLICE_X50Y98         FDRE                                         r  <hidden>
  -------------------------------------------------------------------    -------------------

                         (clock clk_fpga_0 rise edge)
                                                      0.000     0.000 r  
    PS7_X0Y0             PS7                          0.000     0.000 r  SD_System_i/processing_system7_0/inst/PS7_i/FCLKCLK[0]
                         net (fo=1, routed)           0.337     0.337    SD_System_i/processing_system7_0/inst/FCLK_CLK0
    BUFGCTRL_X0Y16       BUFG (Prop_bufg_I_O)         0.029     0.366 r  SD_System_i/processing_system7_0/inst/FCLK_CLK0_BUFG_inst/O
                         net (fo=1499, routed)        0.821     1.187    <hidden>
    SLICE_X50Y98         FDRE                                         r  <hidden>
                         clock pessimism             -0.035     1.152    
    SLICE_X50Y98         FDRE (Hold_fdre_C_D)         0.121     1.273    <hidden>
  -------------------------------------------------------------------
                         required time                         -1.273    
                         arrival time                           1.355    
  -------------------------------------------------------------------
                         slack                                  0.082    

Slack (MET) :             0.085ns  (arrival time - required time)
  Source:                 <hidden>
                            (rising edge-triggered cell FDRE clocked by clk_fpga_0  {rise@0.000ns fall@5.000ns period=10.000ns})
  Destination:            <hidden>
                            (rising edge-triggered cell FDRE clocked by clk_fpga_0  {rise@0.000ns fall@5.000ns period=10.000ns})
  Path Group:             clk_fpga_0
  Path Type:              Hold (Min at Fast Process Corner)
  Requirement:            0.000ns  (clk_fpga_0 rise@0.000ns - clk_fpga_0 rise@0.000ns)
  Data Path Delay:        0.387ns  (logic 0.186ns (48.020%)  route 0.201ns (51.980%))
  Logic Levels:           1  (LUT6=1)
  Clock Path Skew:        0.181ns (DCD - SCD - CPR)
    Destination Clock Delay (DCD):    1.191ns
    Source Clock Delay      (SCD):    0.975ns
    Clock Pessimism Removal (CPR):    0.035ns

    Location             Delay type                Incr(ns)  Path(ns)    Netlist Resource(s)
  -------------------------------------------------------------------    -------------------
                         (clock clk_fpga_0 rise edge)
                                                      0.000     0.000 r  
    PS7_X0Y0             PS7                          0.000     0.000 r  SD_System_i/processing_system7_0/inst/PS7_i/FCLKCLK[0]
                         net (fo=1, routed)           0.310     0.310    SD_System_i/processing_system7_0/inst/FCLK_CLK0
    BUFGCTRL_X0Y16       BUFG (Prop_bufg_I_O)         0.026     0.336 r  SD_System_i/processing_system7_0/inst/FCLK_CLK0_BUFG_inst/O
                         net (fo=1499, routed)        0.639     0.975    <hidden>
    SLICE_X40Y100        FDRE                                         r  <hidden>
  -------------------------------------------------------------------    -------------------
    SLICE_X40Y100        FDRE (Prop_fdre_C_Q)         0.141     1.116 r  <hidden>
                         net (fo=1, routed)           0.201     1.317    <hidden>
    SLICE_X38Y99         LUT6 (Prop_lut6_I0_O)        0.045     1.362 r  <hidden>
                         net (fo=1, routed)           0.000     1.362    <hidden>
    SLICE_X38Y99         FDRE                                         r  <hidden>
  -------------------------------------------------------------------    -------------------

                         (clock clk_fpga_0 rise edge)
                                                      0.000     0.000 r  
    PS7_X0Y0             PS7                          0.000     0.000 r  SD_System_i/processing_system7_0/inst/PS7_i/FCLKCLK[0]
                         net (fo=1, routed)           0.337     0.337    SD_System_i/processing_system7_0/inst/FCLK_CLK0
    BUFGCTRL_X0Y16       BUFG (Prop_bufg_I_O)         0.029     0.366 r  SD_System_i/processing_system7_0/inst/FCLK_CLK0_BUFG_inst/O
                         net (fo=1499, routed)        0.825     1.191    <hidden>
    SLICE_X38Y99         FDRE                                         r  <hidden>
                         clock pessimism             -0.035     1.156    
    SLICE_X38Y99         FDRE (Hold_fdre_C_D)         0.121     1.277    <hidden>
  -------------------------------------------------------------------
                         required time                         -1.277    
                         arrival time                           1.362    
  -------------------------------------------------------------------
                         slack                                  0.085    





Pulse Width Checks
--------------------------------------------------------------------------------------
Clock Name:         clk_fpga_0
Waveform(ns):       { 0.000 5.000 }
Period(ns):         10.000
Sources:            { SD_System_i/processing_system7_0/inst/PS7_i/FCLKCLK[0] }

Check Type        Corner  Lib Pin     Reference Pin  Required(ns)  Actual(ns)  Slack(ns)  Location        Pin
Min Period        n/a     BUFG/I      n/a            2.155         10.000      7.845      BUFGCTRL_X0Y16  SD_System_i/processing_system7_0/inst/FCLK_CLK0_BUFG_inst/I
Min Period        n/a     FDRE/C      n/a            1.000         10.000      9.000      SLICE_X42Y91    SD_System_i/COMMAND_GPIO/U0/ip2bus_data_i_D1_reg[0]/C
Min Period        n/a     FDRE/C      n/a            1.000         10.000      9.000      SLICE_X42Y91    SD_System_i/COMMAND_GPIO/U0/ip2bus_data_i_D1_reg[24]/C
Min Period        n/a     FDRE/C      n/a            1.000         10.000      9.000      SLICE_X43Y92    SD_System_i/COMMAND_GPIO/U0/ip2bus_data_i_D1_reg[25]/C
Min Period        n/a     FDRE/C      n/a            1.000         10.000      9.000      SLICE_X43Y92    SD_System_i/COMMAND_GPIO/U0/ip2bus_data_i_D1_reg[26]/C
Min Period        n/a     FDRE/C      n/a            1.000         10.000      9.000      SLICE_X43Y92    SD_System_i/COMMAND_GPIO/U0/ip2bus_data_i_D1_reg[27]/C
Min Period        n/a     FDRE/C      n/a            1.000         10.000      9.000      SLICE_X42Y91    SD_System_i/COMMAND_GPIO/U0/ip2bus_data_i_D1_reg[28]/C
Min Period        n/a     FDRE/C      n/a            1.000         10.000      9.000      SLICE_X42Y91    SD_System_i/COMMAND_GPIO/U0/ip2bus_data_i_D1_reg[29]/C
Min Period        n/a     FDRE/C      n/a            1.000         10.000      9.000      SLICE_X43Y92    SD_System_i/COMMAND_GPIO/U0/ip2bus_data_i_D1_reg[30]/C
Min Period        n/a     FDRE/C      n/a            1.000         10.000      9.000      SLICE_X44Y92    SD_System_i/COMMAND_GPIO/U0/ip2bus_data_i_D1_reg[31]/C
Low Pulse Width   Slow    SRL16E/CLK  n/a            0.980         5.000       4.020      SLICE_X46Y101   SD_System_i/axi_smc/inst/clk_map/psr_aclk/U0/EXT_LPF/POR_SRL_I/CLK
Low Pulse Width   Fast    SRL16E/CLK  n/a            0.980         5.000       4.020      SLICE_X46Y101   SD_System_i/axi_smc/inst/clk_map/psr_aclk/U0/EXT_LPF/POR_SRL_I/CLK
Low Pulse Width   Slow    SRL16E/CLK  n/a            0.980         5.000       4.020      SLICE_X34Y86    SD_System_i/rst_ps7_0_100M/U0/EXT_LPF/POR_SRL_I/CLK
Low Pulse Width   Fast    SRL16E/CLK  n/a            0.980         5.000       4.020      SLICE_X34Y86    SD_System_i/rst_ps7_0_100M/U0/EXT_LPF/POR_SRL_I/CLK
Low Pulse Width   Slow    FDRE/C      n/a            0.500         5.000       4.500      SLICE_X42Y91    SD_System_i/COMMAND_GPIO/U0/ip2bus_data_i_D1_reg[0]/C
Low Pulse Width   Fast    FDRE/C      n/a            0.500         5.000       4.500      SLICE_X42Y91    SD_System_i/COMMAND_GPIO/U0/ip2bus_data_i_D1_reg[0]/C
Low Pulse Width   Slow    FDRE/C      n/a            0.500         5.000       4.500      SLICE_X42Y91    SD_System_i/COMMAND_GPIO/U0/ip2bus_data_i_D1_reg[24]/C
Low Pulse Width   Fast    FDRE/C      n/a            0.500         5.000       4.500      SLICE_X42Y91    SD_System_i/COMMAND_GPIO/U0/ip2bus_data_i_D1_reg[24]/C
Low Pulse Width   Slow    FDRE/C      n/a            0.500         5.000       4.500      SLICE_X43Y92    SD_System_i/COMMAND_GPIO/U0/ip2bus_data_i_D1_reg[25]/C
Low Pulse Width   Fast    FDRE/C      n/a            0.500         5.000       4.500      SLICE_X43Y92    SD_System_i/COMMAND_GPIO/U0/ip2bus_data_i_D1_reg[25]/C
High Pulse Width  Slow    SRL16E/CLK  n/a            0.980         5.000       4.020      SLICE_X46Y101   SD_System_i/axi_smc/inst/clk_map/psr_aclk/U0/EXT_LPF/POR_SRL_I/CLK
High Pulse Width  Fast    SRL16E/CLK  n/a            0.980         5.000       4.020      SLICE_X46Y101   SD_System_i/axi_smc/inst/clk_map/psr_aclk/U0/EXT_LPF/POR_SRL_I/CLK
High Pulse Width  Slow    SRL16E/CLK  n/a            0.980         5.000       4.020      SLICE_X34Y86    SD_System_i/rst_ps7_0_100M/U0/EXT_LPF/POR_SRL_I/CLK
High Pulse Width  Fast    SRL16E/CLK  n/a            0.980         5.000       4.020      SLICE_X34Y86    SD_System_i/rst_ps7_0_100M/U0/EXT_LPF/POR_SRL_I/CLK
High Pulse Width  Slow    FDRE/C      n/a            0.500         5.000       4.500      SLICE_X42Y91    SD_System_i/COMMAND_GPIO/U0/ip2bus_data_i_D1_reg[0]/C
High Pulse Width  Fast    FDRE/C      n/a            0.500         5.000       4.500      SLICE_X42Y91    SD_System_i/COMMAND_GPIO/U0/ip2bus_data_i_D1_reg[0]/C
High Pulse Width  Slow    FDRE/C      n/a            0.500         5.000       4.500      SLICE_X42Y91    SD_System_i/COMMAND_GPIO/U0/ip2bus_data_i_D1_reg[24]/C
High Pulse Width  Fast    FDRE/C      n/a            0.500         5.000       4.500      SLICE_X42Y91    SD_System_i/COMMAND_GPIO/U0/ip2bus_data_i_D1_reg[24]/C
High Pulse Width  Slow    FDRE/C      n/a            0.500         5.000       4.500      SLICE_X43Y92    SD_System_i/COMMAND_GPIO/U0/ip2bus_data_i_D1_reg[25]/C
High Pulse Width  Fast    FDRE/C      n/a            0.500         5.000       4.500      SLICE_X43Y92    SD_System_i/COMMAND_GPIO/U0/ip2bus_data_i_D1_reg[25]/C



--------------------------------------------------------------------------------------
Path Group:  (none)
From Clock:  
  To Clock:  clk_fpga_0

Max Delay             2 Endpoints
Min Delay             2 Endpoints
--------------------------------------------------------------------------------------


Max Delay Paths
--------------------------------------------------------------------------------------
Slack:                    inf
  Source:                 sw0
                            (input port)
  Destination:            SD_System_i/INTERCONNECT_GPIO/U0/gpio_core_1/Dual.INPUT_DOUBLE_REGS5/GENERATE_LEVEL_P_S_CDC.MULTI_BIT.FOR_IN_cdc_to[0].CROSS2_PLEVEL_IN2SCNDRY_IN_cdc_to/D
                            (rising edge-triggered cell FDRE clocked by clk_fpga_0  {rise@0.000ns fall@5.000ns period=10.000ns})
  Path Group:             (none)
  Path Type:              Setup (Max at Slow Process Corner)
  Data Path Delay:        3.334ns  (logic 1.487ns (44.599%)  route 1.847ns (55.401%))
  Logic Levels:           1  (IBUF=1)
  Clock Path Skew:        2.959ns (DCD - SCD + CPR)
    Destination Clock Delay (DCD):    2.959ns
    Source Clock Delay      (SCD):    0.000ns
    Clock Pessimism Removal (CPR):    0.000ns
  Clock Uncertainty:      0.152ns  ((TSJ^2 + TIJ^2)^1/2 + DJ) / 2 + PE
    Total System Jitter     (TSJ):    0.050ns
    Total Input Jitter      (TIJ):    0.300ns
    Discrete Jitter          (DJ):    0.000ns
    Phase Error              (PE):    0.000ns
  Timing Exception:       False Path

    Location             Delay type                Incr(ns)  Path(ns)    Netlist Resource(s)
  -------------------------------------------------------------------    -------------------
    F22                                               0.000     0.000 r  sw0 (IN)
                         net (fo=0)                   0.000     0.000    sw0
    F22                  IBUF (Prop_ibuf_I_O)         1.487     1.487 r  sw0_IBUF_inst/O
                         net (fo=1, routed)           1.847     3.334    SD_System_i/INTERCONNECT_GPIO/U0/gpio_core_1/Dual.INPUT_DOUBLE_REGS5/gpio2_io_i[0]
    SLICE_X90Y100        FDRE                                         r  SD_System_i/INTERCONNECT_GPIO/U0/gpio_core_1/Dual.INPUT_DOUBLE_REGS5/GENERATE_LEVEL_P_S_CDC.MULTI_BIT.FOR_IN_cdc_to[0].CROSS2_PLEVEL_IN2SCNDRY_IN_cdc_to/D
  -------------------------------------------------------------------    -------------------

                         (clock clk_fpga_0 rise edge)
                                                      0.000     0.000 r  
    PS7_X0Y0             PS7                          0.000     0.000 r  SD_System_i/processing_system7_0/inst/PS7_i/FCLKCLK[0]
                         net (fo=1, routed)           1.088     1.088    SD_System_i/processing_system7_0/inst/FCLK_CLK0
    BUFGCTRL_X0Y16       BUFG (Prop_bufg_I_O)         0.091     1.179 r  SD_System_i/processing_system7_0/inst/FCLK_CLK0_BUFG_inst/O
                         net (fo=1499, routed)        1.780     2.959    SD_System_i/INTERCONNECT_GPIO/U0/gpio_core_1/Dual.INPUT_DOUBLE_REGS5/s_axi_aclk
    SLICE_X90Y100        FDRE                                         r  SD_System_i/INTERCONNECT_GPIO/U0/gpio_core_1/Dual.INPUT_DOUBLE_REGS5/GENERATE_LEVEL_P_S_CDC.MULTI_BIT.FOR_IN_cdc_to[0].CROSS2_PLEVEL_IN2SCNDRY_IN_cdc_to/C

Slack:                    inf
  Source:                 SD_System_i/processing_system7_0/inst/PS7_i/FCLKRESETN[0]
                            (internal pin)
  Destination:            SD_System_i/rst_ps7_0_100M/U0/EXT_LPF/ACTIVE_LOW_EXT.ACT_LO_EXT/GENERATE_LEVEL_P_S_CDC.SINGLE_BIT.CROSS_PLEVEL_IN2SCNDRY_IN_cdc_to/D
                            (rising edge-triggered cell FDRE clocked by clk_fpga_0  {rise@0.000ns fall@5.000ns period=10.000ns})
  Path Group:             (none)
  Path Type:              Setup (Max at Slow Process Corner)
  Data Path Delay:        1.264ns  (logic 0.124ns (9.813%)  route 1.140ns (90.187%))
  Logic Levels:           1  (LUT1=1)
  Clock Uncertainty:      0.152ns  ((TSJ^2 + TIJ^2)^1/2 + DJ) / 2 + PE
    Total System Jitter     (TSJ):    0.050ns
    Total Input Jitter      (TIJ):    0.300ns
    Discrete Jitter          (DJ):    0.000ns
    Phase Error              (PE):    0.000ns
  Timing Exception:       False Path

    Location             Delay type                Incr(ns)  Path(ns)    Netlist Resource(s)
  -------------------------------------------------------------------    -------------------
    PS7_X0Y0             PS7                          0.000     0.000 f  SD_System_i/processing_system7_0/inst/PS7_i/FCLKRESETN[0]
                         net (fo=1, routed)           1.140     1.140    SD_System_i/rst_ps7_0_100M/U0/EXT_LPF/ACTIVE_LOW_EXT.ACT_LO_EXT/ext_reset_in
    SLICE_X27Y86         LUT1 (Prop_lut1_I0_O)        0.124     1.264 r  SD_System_i/rst_ps7_0_100M/U0/EXT_LPF/ACTIVE_LOW_EXT.ACT_LO_EXT/GENERATE_LEVEL_P_S_CDC.SINGLE_BIT.CROSS_PLEVEL_IN2SCNDRY_IN_cdc_to_i_1/O
                         net (fo=1, routed)           0.000     1.264    SD_System_i/rst_ps7_0_100M/U0/EXT_LPF/ACTIVE_LOW_EXT.ACT_LO_EXT/exr_d1
    SLICE_X27Y86         FDRE                                         r  SD_System_i/rst_ps7_0_100M/U0/EXT_LPF/ACTIVE_LOW_EXT.ACT_LO_EXT/GENERATE_LEVEL_P_S_CDC.SINGLE_BIT.CROSS_PLEVEL_IN2SCNDRY_IN_cdc_to/D
  -------------------------------------------------------------------    -------------------

                         (clock clk_fpga_0 rise edge)
                                                      0.000     0.000 r  
    PS7_X0Y0             PS7                          0.000     0.000 r  SD_System_i/processing_system7_0/inst/PS7_i/FCLKCLK[0]
                         net (fo=1, routed)           1.088     1.088    SD_System_i/processing_system7_0/inst/FCLK_CLK0
    BUFGCTRL_X0Y16       BUFG (Prop_bufg_I_O)         0.091     1.179 r  SD_System_i/processing_system7_0/inst/FCLK_CLK0_BUFG_inst/O
                         net (fo=1499, routed)        1.516     2.695    SD_System_i/rst_ps7_0_100M/U0/EXT_LPF/ACTIVE_LOW_EXT.ACT_LO_EXT/slowest_sync_clk
    SLICE_X27Y86         FDRE                                         r  SD_System_i/rst_ps7_0_100M/U0/EXT_LPF/ACTIVE_LOW_EXT.ACT_LO_EXT/GENERATE_LEVEL_P_S_CDC.SINGLE_BIT.CROSS_PLEVEL_IN2SCNDRY_IN_cdc_to/C





Min Delay Paths
--------------------------------------------------------------------------------------
Slack:                    inf
  Source:                 SD_System_i/processing_system7_0/inst/PS7_i/FCLKRESETN[0]
                            (internal pin)
  Destination:            SD_System_i/rst_ps7_0_100M/U0/EXT_LPF/ACTIVE_LOW_EXT.ACT_LO_EXT/GENERATE_LEVEL_P_S_CDC.SINGLE_BIT.CROSS_PLEVEL_IN2SCNDRY_IN_cdc_to/D
                            (rising edge-triggered cell FDRE clocked by clk_fpga_0  {rise@0.000ns fall@5.000ns period=10.000ns})
  Path Group:             (none)
  Path Type:              Hold (Min at Fast Process Corner)
  Data Path Delay:        0.426ns  (logic 0.045ns (10.572%)  route 0.381ns (89.428%))
  Logic Levels:           1  (LUT1=1)
  Clock Uncertainty:      0.152ns  ((TSJ^2 + TIJ^2)^1/2 + DJ) / 2 + PE
    Total System Jitter     (TSJ):    0.050ns
    Total Input Jitter      (TIJ):    0.300ns
    Discrete Jitter          (DJ):    0.000ns
    Phase Error              (PE):    0.000ns
  Timing Exception:       False Path

    Location             Delay type                Incr(ns)  Path(ns)    Netlist Resource(s)
  -------------------------------------------------------------------    -------------------
    PS7_X0Y0             PS7                          0.000     0.000 f  SD_System_i/processing_system7_0/inst/PS7_i/FCLKRESETN[0]
                         net (fo=1, routed)           0.381     0.381    SD_System_i/rst_ps7_0_100M/U0/EXT_LPF/ACTIVE_LOW_EXT.ACT_LO_EXT/ext_reset_in
    SLICE_X27Y86         LUT1 (Prop_lut1_I0_O)        0.045     0.426 r  SD_System_i/rst_ps7_0_100M/U0/EXT_LPF/ACTIVE_LOW_EXT.ACT_LO_EXT/GENERATE_LEVEL_P_S_CDC.SINGLE_BIT.CROSS_PLEVEL_IN2SCNDRY_IN_cdc_to_i_1/O
                         net (fo=1, routed)           0.000     0.426    SD_System_i/rst_ps7_0_100M/U0/EXT_LPF/ACTIVE_LOW_EXT.ACT_LO_EXT/exr_d1
    SLICE_X27Y86         FDRE                                         r  SD_System_i/rst_ps7_0_100M/U0/EXT_LPF/ACTIVE_LOW_EXT.ACT_LO_EXT/GENERATE_LEVEL_P_S_CDC.SINGLE_BIT.CROSS_PLEVEL_IN2SCNDRY_IN_cdc_to/D
  -------------------------------------------------------------------    -------------------

                         (clock clk_fpga_0 rise edge)
                                                      0.000     0.000 r  
    PS7_X0Y0             PS7                          0.000     0.000 r  SD_System_i/processing_system7_0/inst/PS7_i/FCLKCLK[0]
                         net (fo=1, routed)           0.337     0.337    SD_System_i/processing_system7_0/inst/FCLK_CLK0
    BUFGCTRL_X0Y16       BUFG (Prop_bufg_I_O)         0.029     0.366 r  SD_System_i/processing_system7_0/inst/FCLK_CLK0_BUFG_inst/O
                         net (fo=1499, routed)        0.838     1.204    SD_System_i/rst_ps7_0_100M/U0/EXT_LPF/ACTIVE_LOW_EXT.ACT_LO_EXT/slowest_sync_clk
    SLICE_X27Y86         FDRE                                         r  SD_System_i/rst_ps7_0_100M/U0/EXT_LPF/ACTIVE_LOW_EXT.ACT_LO_EXT/GENERATE_LEVEL_P_S_CDC.SINGLE_BIT.CROSS_PLEVEL_IN2SCNDRY_IN_cdc_to/C

Slack:                    inf
  Source:                 sw0
                            (input port)
  Destination:            SD_System_i/INTERCONNECT_GPIO/U0/gpio_core_1/Dual.INPUT_DOUBLE_REGS5/GENERATE_LEVEL_P_S_CDC.MULTI_BIT.FOR_IN_cdc_to[0].CROSS2_PLEVEL_IN2SCNDRY_IN_cdc_to/D
                            (rising edge-triggered cell FDRE clocked by clk_fpga_0  {rise@0.000ns fall@5.000ns period=10.000ns})
  Path Group:             (none)
  Path Type:              Hold (Min at Fast Process Corner)
  Data Path Delay:        1.051ns  (logic 0.255ns (24.212%)  route 0.797ns (75.788%))
  Logic Levels:           1  (IBUF=1)
  Clock Path Skew:        1.329ns (DCD - SCD - CPR)
    Destination Clock Delay (DCD):    1.329ns
    Source Clock Delay      (SCD):    0.000ns
    Clock Pessimism Removal (CPR):    -0.000ns
  Timing Exception:       False Path

    Location             Delay type                Incr(ns)  Path(ns)    Netlist Resource(s)
  -------------------------------------------------------------------    -------------------
    F22                                               0.000     0.000 r  sw0 (IN)
                         net (fo=0)                   0.000     0.000    sw0
    F22                  IBUF (Prop_ibuf_I_O)         0.255     0.255 r  sw0_IBUF_inst/O
                         net (fo=1, routed)           0.797     1.051    SD_System_i/INTERCONNECT_GPIO/U0/gpio_core_1/Dual.INPUT_DOUBLE_REGS5/gpio2_io_i[0]
    SLICE_X90Y100        FDRE                                         r  SD_System_i/INTERCONNECT_GPIO/U0/gpio_core_1/Dual.INPUT_DOUBLE_REGS5/GENERATE_LEVEL_P_S_CDC.MULTI_BIT.FOR_IN_cdc_to[0].CROSS2_PLEVEL_IN2SCNDRY_IN_cdc_to/D
  -------------------------------------------------------------------    -------------------

                         (clock clk_fpga_0 rise edge)
                                                      0.000     0.000 r  
    PS7_X0Y0             PS7                          0.000     0.000 r  SD_System_i/processing_system7_0/inst/PS7_i/FCLKCLK[0]
                         net (fo=1, routed)           0.337     0.337    SD_System_i/processing_system7_0/inst/FCLK_CLK0
    BUFGCTRL_X0Y16       BUFG (Prop_bufg_I_O)         0.029     0.366 r  SD_System_i/processing_system7_0/inst/FCLK_CLK0_BUFG_inst/O
                         net (fo=1499, routed)        0.963     1.329    SD_System_i/INTERCONNECT_GPIO/U0/gpio_core_1/Dual.INPUT_DOUBLE_REGS5/s_axi_aclk
    SLICE_X90Y100        FDRE                                         r  SD_System_i/INTERCONNECT_GPIO/U0/gpio_core_1/Dual.INPUT_DOUBLE_REGS5/GENERATE_LEVEL_P_S_CDC.MULTI_BIT.FOR_IN_cdc_to[0].CROSS2_PLEVEL_IN2SCNDRY_IN_cdc_to/C





--------------------------------------------------------------------------------------
Path Group:  (none)
From Clock:  clk_fpga_0
  To Clock:  clk_fpga_0

Max Delay           130 Endpoints
Min Delay           130 Endpoints
--------------------------------------------------------------------------------------


Max Delay Paths
--------------------------------------------------------------------------------------
Slack:                    inf
  Source:                 SD_System_i/axi_smc/inst/clk_map/psr_aclk/U0/ACTIVE_LOW_BSR_OUT_DFF[0].FDRE_BSR_N/C
                            (rising edge-triggered cell FDRE clocked by clk_fpga_0  {rise@0.000ns fall@5.000ns period=10.000ns})
  Destination:            <hidden>
                            (recovery check against rising-edge clock clk_fpga_0  {rise@0.000ns fall@5.000ns period=10.000ns})
  Path Group:             (none)
  Path Type:              Recovery (Max at Slow Process Corner)
  Data Path Delay:        5.496ns  (logic 0.642ns (11.681%)  route 4.854ns (88.319%))
  Logic Levels:           1  (LUT1=1)
  Clock Path Skew:        -0.485ns (DCD - SCD + CPR)
    Destination Clock Delay (DCD):    2.652ns
    Source Clock Delay      (SCD):    3.137ns
    Clock Pessimism Removal (CPR):    0.000ns
  Clock Uncertainty:      0.154ns  ((TSJ^2 + TIJ^2)^1/2 + DJ) / 2 + PE
    Total System Jitter     (TSJ):    0.071ns
    Total Input Jitter      (TIJ):    0.300ns
    Discrete Jitter          (DJ):    0.000ns
    Phase Error              (PE):    0.000ns
  Timing Exception:       False Path

    Location             Delay type                Incr(ns)  Path(ns)    Netlist Resource(s)
  -------------------------------------------------------------------    -------------------
                         (clock clk_fpga_0 rise edge)
                                                      0.000     0.000 r  
    PS7_X0Y0             PS7                          0.000     0.000 r  SD_System_i/processing_system7_0/inst/PS7_i/FCLKCLK[0]
                         net (fo=1, routed)           1.193     1.193    SD_System_i/processing_system7_0/inst/FCLK_CLK0
    BUFGCTRL_X0Y16       BUFG (Prop_bufg_I_O)         0.101     1.294 r  SD_System_i/processing_system7_0/inst/FCLK_CLK0_BUFG_inst/O
                         net (fo=1499, routed)        1.843     3.137    SD_System_i/axi_smc/inst/clk_map/psr_aclk/U0/aclk
    SLICE_X46Y103        FDRE                                         r  SD_System_i/axi_smc/inst/clk_map/psr_aclk/U0/ACTIVE_LOW_BSR_OUT_DFF[0].FDRE_BSR_N/C
  -------------------------------------------------------------------    -------------------
    SLICE_X46Y103        FDRE (Prop_fdre_C_Q)         0.518     3.655 r  SD_System_i/axi_smc/inst/clk_map/psr_aclk/U0/ACTIVE_LOW_BSR_OUT_DFF[0].FDRE_BSR_N/Q
                         net (fo=43, routed)          4.467     8.122    <hidden>
    SLICE_X33Y84         LUT1 (Prop_lut1_I0_O)        0.124     8.246 f  <hidden>
                         net (fo=3, routed)           0.387     8.633    <hidden>
    SLICE_X33Y84         FDCE                                         f  <hidden>
  -------------------------------------------------------------------    -------------------

                         (clock clk_fpga_0 rise edge)
                                                      0.000     0.000 r  
    PS7_X0Y0             PS7                          0.000     0.000 r  SD_System_i/processing_system7_0/inst/PS7_i/FCLKCLK[0]
                         net (fo=1, routed)           1.088     1.088    SD_System_i/processing_system7_0/inst/FCLK_CLK0
    BUFGCTRL_X0Y16       BUFG (Prop_bufg_I_O)         0.091     1.179 r  SD_System_i/processing_system7_0/inst/FCLK_CLK0_BUFG_inst/O
                         net (fo=1499, routed)        1.473     2.652    <hidden>
    SLICE_X33Y84         FDCE                                         r  <hidden>

Slack:                    inf
  Source:                 SD_System_i/axi_smc/inst/clk_map/psr_aclk/U0/ACTIVE_LOW_BSR_OUT_DFF[0].FDRE_BSR_N/C
                            (rising edge-triggered cell FDRE clocked by clk_fpga_0  {rise@0.000ns fall@5.000ns period=10.000ns})
  Destination:            <hidden>
                            (recovery check against rising-edge clock clk_fpga_0  {rise@0.000ns fall@5.000ns period=10.000ns})
  Path Group:             (none)
  Path Type:              Recovery (Max at Slow Process Corner)
  Data Path Delay:        5.496ns  (logic 0.642ns (11.681%)  route 4.854ns (88.319%))
  Logic Levels:           1  (LUT1=1)
  Clock Path Skew:        -0.485ns (DCD - SCD + CPR)
    Destination Clock Delay (DCD):    2.652ns
    Source Clock Delay      (SCD):    3.137ns
    Clock Pessimism Removal (CPR):    0.000ns
  Clock Uncertainty:      0.154ns  ((TSJ^2 + TIJ^2)^1/2 + DJ) / 2 + PE
    Total System Jitter     (TSJ):    0.071ns
    Total Input Jitter      (TIJ):    0.300ns
    Discrete Jitter          (DJ):    0.000ns
    Phase Error              (PE):    0.000ns
  Timing Exception:       False Path

    Location             Delay type                Incr(ns)  Path(ns)    Netlist Resource(s)
  -------------------------------------------------------------------    -------------------
                         (clock clk_fpga_0 rise edge)
                                                      0.000     0.000 r  
    PS7_X0Y0             PS7                          0.000     0.000 r  SD_System_i/processing_system7_0/inst/PS7_i/FCLKCLK[0]
                         net (fo=1, routed)           1.193     1.193    SD_System_i/processing_system7_0/inst/FCLK_CLK0
    BUFGCTRL_X0Y16       BUFG (Prop_bufg_I_O)         0.101     1.294 r  SD_System_i/processing_system7_0/inst/FCLK_CLK0_BUFG_inst/O
                         net (fo=1499, routed)        1.843     3.137    SD_System_i/axi_smc/inst/clk_map/psr_aclk/U0/aclk
    SLICE_X46Y103        FDRE                                         r  SD_System_i/axi_smc/inst/clk_map/psr_aclk/U0/ACTIVE_LOW_BSR_OUT_DFF[0].FDRE_BSR_N/C
  -------------------------------------------------------------------    -------------------
    SLICE_X46Y103        FDRE (Prop_fdre_C_Q)         0.518     3.655 r  SD_System_i/axi_smc/inst/clk_map/psr_aclk/U0/ACTIVE_LOW_BSR_OUT_DFF[0].FDRE_BSR_N/Q
                         net (fo=43, routed)          4.467     8.122    <hidden>
    SLICE_X33Y84         LUT1 (Prop_lut1_I0_O)        0.124     8.246 f  <hidden>
                         net (fo=3, routed)           0.387     8.633    <hidden>
    SLICE_X33Y84         FDCE                                         f  <hidden>
  -------------------------------------------------------------------    -------------------

                         (clock clk_fpga_0 rise edge)
                                                      0.000     0.000 r  
    PS7_X0Y0             PS7                          0.000     0.000 r  SD_System_i/processing_system7_0/inst/PS7_i/FCLKCLK[0]
                         net (fo=1, routed)           1.088     1.088    SD_System_i/processing_system7_0/inst/FCLK_CLK0
    BUFGCTRL_X0Y16       BUFG (Prop_bufg_I_O)         0.091     1.179 r  SD_System_i/processing_system7_0/inst/FCLK_CLK0_BUFG_inst/O
                         net (fo=1499, routed)        1.473     2.652    <hidden>
    SLICE_X33Y84         FDCE                                         r  <hidden>

Slack:                    inf
  Source:                 SD_System_i/axi_smc/inst/clk_map/psr_aclk/U0/ACTIVE_LOW_BSR_OUT_DFF[0].FDRE_BSR_N/C
                            (rising edge-triggered cell FDRE clocked by clk_fpga_0  {rise@0.000ns fall@5.000ns period=10.000ns})
  Destination:            <hidden>
                            (recovery check against rising-edge clock clk_fpga_0  {rise@0.000ns fall@5.000ns period=10.000ns})
  Path Group:             (none)
  Path Type:              Recovery (Max at Slow Process Corner)
  Data Path Delay:        5.496ns  (logic 0.642ns (11.681%)  route 4.854ns (88.319%))
  Logic Levels:           1  (LUT1=1)
  Clock Path Skew:        -0.485ns (DCD - SCD + CPR)
    Destination Clock Delay (DCD):    2.652ns
    Source Clock Delay      (SCD):    3.137ns
    Clock Pessimism Removal (CPR):    0.000ns
  Clock Uncertainty:      0.154ns  ((TSJ^2 + TIJ^2)^1/2 + DJ) / 2 + PE
    Total System Jitter     (TSJ):    0.071ns
    Total Input Jitter      (TIJ):    0.300ns
    Discrete Jitter          (DJ):    0.000ns
    Phase Error              (PE):    0.000ns
  Timing Exception:       False Path

    Location             Delay type                Incr(ns)  Path(ns)    Netlist Resource(s)
  -------------------------------------------------------------------    -------------------
                         (clock clk_fpga_0 rise edge)
                                                      0.000     0.000 r  
    PS7_X0Y0             PS7                          0.000     0.000 r  SD_System_i/processing_system7_0/inst/PS7_i/FCLKCLK[0]
                         net (fo=1, routed)           1.193     1.193    SD_System_i/processing_system7_0/inst/FCLK_CLK0
    BUFGCTRL_X0Y16       BUFG (Prop_bufg_I_O)         0.101     1.294 r  SD_System_i/processing_system7_0/inst/FCLK_CLK0_BUFG_inst/O
                         net (fo=1499, routed)        1.843     3.137    SD_System_i/axi_smc/inst/clk_map/psr_aclk/U0/aclk
    SLICE_X46Y103        FDRE                                         r  SD_System_i/axi_smc/inst/clk_map/psr_aclk/U0/ACTIVE_LOW_BSR_OUT_DFF[0].FDRE_BSR_N/C
  -------------------------------------------------------------------    -------------------
    SLICE_X46Y103        FDRE (Prop_fdre_C_Q)         0.518     3.655 r  SD_System_i/axi_smc/inst/clk_map/psr_aclk/U0/ACTIVE_LOW_BSR_OUT_DFF[0].FDRE_BSR_N/Q
                         net (fo=43, routed)          4.467     8.122    <hidden>
    SLICE_X33Y84         LUT1 (Prop_lut1_I0_O)        0.124     8.246 f  <hidden>
                         net (fo=3, routed)           0.387     8.633    <hidden>
    SLICE_X33Y84         FDCE                                         f  <hidden>
  -------------------------------------------------------------------    -------------------

                         (clock clk_fpga_0 rise edge)
                                                      0.000     0.000 r  
    PS7_X0Y0             PS7                          0.000     0.000 r  SD_System_i/processing_system7_0/inst/PS7_i/FCLKCLK[0]
                         net (fo=1, routed)           1.088     1.088    SD_System_i/processing_system7_0/inst/FCLK_CLK0
    BUFGCTRL_X0Y16       BUFG (Prop_bufg_I_O)         0.091     1.179 r  SD_System_i/processing_system7_0/inst/FCLK_CLK0_BUFG_inst/O
                         net (fo=1499, routed)        1.473     2.652    <hidden>
    SLICE_X33Y84         FDCE                                         r  <hidden>

Slack:                    inf
  Source:                 SD_System_i/axi_smc/inst/clk_map/psr_aclk/U0/ACTIVE_LOW_BSR_OUT_DFF[0].FDRE_BSR_N/C
                            (rising edge-triggered cell FDRE clocked by clk_fpga_0  {rise@0.000ns fall@5.000ns period=10.000ns})
  Destination:            <hidden>
                            (recovery check against rising-edge clock clk_fpga_0  {rise@0.000ns fall@5.000ns period=10.000ns})
  Path Group:             (none)
  Path Type:              Recovery (Max at Slow Process Corner)
  Data Path Delay:        5.179ns  (logic 0.642ns (12.396%)  route 4.537ns (87.604%))
  Logic Levels:           1  (LUT1=1)
  Clock Path Skew:        -0.482ns (DCD - SCD + CPR)
    Destination Clock Delay (DCD):    2.655ns
    Source Clock Delay      (SCD):    3.137ns
    Clock Pessimism Removal (CPR):    0.000ns
  Clock Uncertainty:      0.154ns  ((TSJ^2 + TIJ^2)^1/2 + DJ) / 2 + PE
    Total System Jitter     (TSJ):    0.071ns
    Total Input Jitter      (TIJ):    0.300ns
    Discrete Jitter          (DJ):    0.000ns
    Phase Error              (PE):    0.000ns
  Timing Exception:       False Path

    Location             Delay type                Incr(ns)  Path(ns)    Netlist Resource(s)
  -------------------------------------------------------------------    -------------------
                         (clock clk_fpga_0 rise edge)
                                                      0.000     0.000 r  
    PS7_X0Y0             PS7                          0.000     0.000 r  SD_System_i/processing_system7_0/inst/PS7_i/FCLKCLK[0]
                         net (fo=1, routed)           1.193     1.193    SD_System_i/processing_system7_0/inst/FCLK_CLK0
    BUFGCTRL_X0Y16       BUFG (Prop_bufg_I_O)         0.101     1.294 r  SD_System_i/processing_system7_0/inst/FCLK_CLK0_BUFG_inst/O
                         net (fo=1499, routed)        1.843     3.137    SD_System_i/axi_smc/inst/clk_map/psr_aclk/U0/aclk
    SLICE_X46Y103        FDRE                                         r  SD_System_i/axi_smc/inst/clk_map/psr_aclk/U0/ACTIVE_LOW_BSR_OUT_DFF[0].FDRE_BSR_N/C
  -------------------------------------------------------------------    -------------------
    SLICE_X46Y103        FDRE (Prop_fdre_C_Q)         0.518     3.655 r  SD_System_i/axi_smc/inst/clk_map/psr_aclk/U0/ACTIVE_LOW_BSR_OUT_DFF[0].FDRE_BSR_N/Q
                         net (fo=43, routed)          4.150     7.805    <hidden>
    SLICE_X35Y87         LUT1 (Prop_lut1_I0_O)        0.124     7.929 f  <hidden>
                         net (fo=3, routed)           0.387     8.316    <hidden>
    SLICE_X35Y87         FDCE                                         f  <hidden>
  -------------------------------------------------------------------    -------------------

                         (clock clk_fpga_0 rise edge)
                                                      0.000     0.000 r  
    PS7_X0Y0             PS7                          0.000     0.000 r  SD_System_i/processing_system7_0/inst/PS7_i/FCLKCLK[0]
                         net (fo=1, routed)           1.088     1.088    SD_System_i/processing_system7_0/inst/FCLK_CLK0
    BUFGCTRL_X0Y16       BUFG (Prop_bufg_I_O)         0.091     1.179 r  SD_System_i/processing_system7_0/inst/FCLK_CLK0_BUFG_inst/O
                         net (fo=1499, routed)        1.476     2.655    <hidden>
    SLICE_X35Y87         FDCE                                         r  <hidden>

Slack:                    inf
  Source:                 SD_System_i/axi_smc/inst/clk_map/psr_aclk/U0/ACTIVE_LOW_BSR_OUT_DFF[0].FDRE_BSR_N/C
                            (rising edge-triggered cell FDRE clocked by clk_fpga_0  {rise@0.000ns fall@5.000ns period=10.000ns})
  Destination:            <hidden>
                            (recovery check against rising-edge clock clk_fpga_0  {rise@0.000ns fall@5.000ns period=10.000ns})
  Path Group:             (none)
  Path Type:              Recovery (Max at Slow Process Corner)
  Data Path Delay:        5.179ns  (logic 0.642ns (12.396%)  route 4.537ns (87.604%))
  Logic Levels:           1  (LUT1=1)
  Clock Path Skew:        -0.482ns (DCD - SCD + CPR)
    Destination Clock Delay (DCD):    2.655ns
    Source Clock Delay      (SCD):    3.137ns
    Clock Pessimism Removal (CPR):    0.000ns
  Clock Uncertainty:      0.154ns  ((TSJ^2 + TIJ^2)^1/2 + DJ) / 2 + PE
    Total System Jitter     (TSJ):    0.071ns
    Total Input Jitter      (TIJ):    0.300ns
    Discrete Jitter          (DJ):    0.000ns
    Phase Error              (PE):    0.000ns
  Timing Exception:       False Path

    Location             Delay type                Incr(ns)  Path(ns)    Netlist Resource(s)
  -------------------------------------------------------------------    -------------------
                         (clock clk_fpga_0 rise edge)
                                                      0.000     0.000 r  
    PS7_X0Y0             PS7                          0.000     0.000 r  SD_System_i/processing_system7_0/inst/PS7_i/FCLKCLK[0]
                         net (fo=1, routed)           1.193     1.193    SD_System_i/processing_system7_0/inst/FCLK_CLK0
    BUFGCTRL_X0Y16       BUFG (Prop_bufg_I_O)         0.101     1.294 r  SD_System_i/processing_system7_0/inst/FCLK_CLK0_BUFG_inst/O
                         net (fo=1499, routed)        1.843     3.137    SD_System_i/axi_smc/inst/clk_map/psr_aclk/U0/aclk
    SLICE_X46Y103        FDRE                                         r  SD_System_i/axi_smc/inst/clk_map/psr_aclk/U0/ACTIVE_LOW_BSR_OUT_DFF[0].FDRE_BSR_N/C
  -------------------------------------------------------------------    -------------------
    SLICE_X46Y103        FDRE (Prop_fdre_C_Q)         0.518     3.655 r  SD_System_i/axi_smc/inst/clk_map/psr_aclk/U0/ACTIVE_LOW_BSR_OUT_DFF[0].FDRE_BSR_N/Q
                         net (fo=43, routed)          4.150     7.805    <hidden>
    SLICE_X35Y87         LUT1 (Prop_lut1_I0_O)        0.124     7.929 f  <hidden>
                         net (fo=3, routed)           0.387     8.316    <hidden>
    SLICE_X35Y87         FDCE                                         f  <hidden>
  -------------------------------------------------------------------    -------------------

                         (clock clk_fpga_0 rise edge)
                                                      0.000     0.000 r  
    PS7_X0Y0             PS7                          0.000     0.000 r  SD_System_i/processing_system7_0/inst/PS7_i/FCLKCLK[0]
                         net (fo=1, routed)           1.088     1.088    SD_System_i/processing_system7_0/inst/FCLK_CLK0
    BUFGCTRL_X0Y16       BUFG (Prop_bufg_I_O)         0.091     1.179 r  SD_System_i/processing_system7_0/inst/FCLK_CLK0_BUFG_inst/O
                         net (fo=1499, routed)        1.476     2.655    <hidden>
    SLICE_X35Y87         FDCE                                         r  <hidden>

Slack:                    inf
  Source:                 SD_System_i/axi_smc/inst/clk_map/psr_aclk/U0/ACTIVE_LOW_BSR_OUT_DFF[0].FDRE_BSR_N/C
                            (rising edge-triggered cell FDRE clocked by clk_fpga_0  {rise@0.000ns fall@5.000ns period=10.000ns})
  Destination:            <hidden>
                            (recovery check against rising-edge clock clk_fpga_0  {rise@0.000ns fall@5.000ns period=10.000ns})
  Path Group:             (none)
  Path Type:              Recovery (Max at Slow Process Corner)
  Data Path Delay:        5.179ns  (logic 0.642ns (12.396%)  route 4.537ns (87.604%))
  Logic Levels:           1  (LUT1=1)
  Clock Path Skew:        -0.482ns (DCD - SCD + CPR)
    Destination Clock Delay (DCD):    2.655ns
    Source Clock Delay      (SCD):    3.137ns
    Clock Pessimism Removal (CPR):    0.000ns
  Clock Uncertainty:      0.154ns  ((TSJ^2 + TIJ^2)^1/2 + DJ) / 2 + PE
    Total System Jitter     (TSJ):    0.071ns
    Total Input Jitter      (TIJ):    0.300ns
    Discrete Jitter          (DJ):    0.000ns
    Phase Error              (PE):    0.000ns
  Timing Exception:       False Path

    Location             Delay type                Incr(ns)  Path(ns)    Netlist Resource(s)
  -------------------------------------------------------------------    -------------------
                         (clock clk_fpga_0 rise edge)
                                                      0.000     0.000 r  
    PS7_X0Y0             PS7                          0.000     0.000 r  SD_System_i/processing_system7_0/inst/PS7_i/FCLKCLK[0]
                         net (fo=1, routed)           1.193     1.193    SD_System_i/processing_system7_0/inst/FCLK_CLK0
    BUFGCTRL_X0Y16       BUFG (Prop_bufg_I_O)         0.101     1.294 r  SD_System_i/processing_system7_0/inst/FCLK_CLK0_BUFG_inst/O
                         net (fo=1499, routed)        1.843     3.137    SD_System_i/axi_smc/inst/clk_map/psr_aclk/U0/aclk
    SLICE_X46Y103        FDRE                                         r  SD_System_i/axi_smc/inst/clk_map/psr_aclk/U0/ACTIVE_LOW_BSR_OUT_DFF[0].FDRE_BSR_N/C
  -------------------------------------------------------------------    -------------------
    SLICE_X46Y103        FDRE (Prop_fdre_C_Q)         0.518     3.655 r  SD_System_i/axi_smc/inst/clk_map/psr_aclk/U0/ACTIVE_LOW_BSR_OUT_DFF[0].FDRE_BSR_N/Q
                         net (fo=43, routed)          4.150     7.805    <hidden>
    SLICE_X35Y87         LUT1 (Prop_lut1_I0_O)        0.124     7.929 f  <hidden>
                         net (fo=3, routed)           0.387     8.316    <hidden>
    SLICE_X35Y87         FDCE                                         f  <hidden>
  -------------------------------------------------------------------    -------------------

                         (clock clk_fpga_0 rise edge)
                                                      0.000     0.000 r  
    PS7_X0Y0             PS7                          0.000     0.000 r  SD_System_i/processing_system7_0/inst/PS7_i/FCLKCLK[0]
                         net (fo=1, routed)           1.088     1.088    SD_System_i/processing_system7_0/inst/FCLK_CLK0
    BUFGCTRL_X0Y16       BUFG (Prop_bufg_I_O)         0.091     1.179 r  SD_System_i/processing_system7_0/inst/FCLK_CLK0_BUFG_inst/O
                         net (fo=1499, routed)        1.476     2.655    <hidden>
    SLICE_X35Y87         FDCE                                         r  <hidden>

Slack:                    inf
  Source:                 SD_System_i/axi_smc/inst/clk_map/psr_aclk/U0/ACTIVE_LOW_BSR_OUT_DFF[0].FDRE_BSR_N/C
                            (rising edge-triggered cell FDRE clocked by clk_fpga_0  {rise@0.000ns fall@5.000ns period=10.000ns})
  Destination:            <hidden>
                            (recovery check against rising-edge clock clk_fpga_0  {rise@0.000ns fall@5.000ns period=10.000ns})
  Path Group:             (none)
  Path Type:              Recovery (Max at Slow Process Corner)
  Data Path Delay:        5.018ns  (logic 0.642ns (12.795%)  route 4.376ns (87.205%))
  Logic Levels:           1  (LUT1=1)
  Clock Path Skew:        -0.484ns (DCD - SCD + CPR)
    Destination Clock Delay (DCD):    2.653ns
    Source Clock Delay      (SCD):    3.137ns
    Clock Pessimism Removal (CPR):    0.000ns
  Clock Uncertainty:      0.154ns  ((TSJ^2 + TIJ^2)^1/2 + DJ) / 2 + PE
    Total System Jitter     (TSJ):    0.071ns
    Total Input Jitter      (TIJ):    0.300ns
    Discrete Jitter          (DJ):    0.000ns
    Phase Error              (PE):    0.000ns
  Timing Exception:       False Path

    Location             Delay type                Incr(ns)  Path(ns)    Netlist Resource(s)
  -------------------------------------------------------------------    -------------------
                         (clock clk_fpga_0 rise edge)
                                                      0.000     0.000 r  
    PS7_X0Y0             PS7                          0.000     0.000 r  SD_System_i/processing_system7_0/inst/PS7_i/FCLKCLK[0]
                         net (fo=1, routed)           1.193     1.193    SD_System_i/processing_system7_0/inst/FCLK_CLK0
    BUFGCTRL_X0Y16       BUFG (Prop_bufg_I_O)         0.101     1.294 r  SD_System_i/processing_system7_0/inst/FCLK_CLK0_BUFG_inst/O
                         net (fo=1499, routed)        1.843     3.137    SD_System_i/axi_smc/inst/clk_map/psr_aclk/U0/aclk
    SLICE_X46Y103        FDRE                                         r  SD_System_i/axi_smc/inst/clk_map/psr_aclk/U0/ACTIVE_LOW_BSR_OUT_DFF[0].FDRE_BSR_N/C
  -------------------------------------------------------------------    -------------------
    SLICE_X46Y103        FDRE (Prop_fdre_C_Q)         0.518     3.655 r  SD_System_i/axi_smc/inst/clk_map/psr_aclk/U0/ACTIVE_LOW_BSR_OUT_DFF[0].FDRE_BSR_N/Q
                         net (fo=43, routed)          3.988     7.643    <hidden>
    SLICE_X37Y86         LUT1 (Prop_lut1_I0_O)        0.124     7.767 f  <hidden>
                         net (fo=3, routed)           0.387     8.155    <hidden>
    SLICE_X37Y86         FDCE                                         f  <hidden>
  -------------------------------------------------------------------    -------------------

                         (clock clk_fpga_0 rise edge)
                                                      0.000     0.000 r  
    PS7_X0Y0             PS7                          0.000     0.000 r  SD_System_i/processing_system7_0/inst/PS7_i/FCLKCLK[0]
                         net (fo=1, routed)           1.088     1.088    SD_System_i/processing_system7_0/inst/FCLK_CLK0
    BUFGCTRL_X0Y16       BUFG (Prop_bufg_I_O)         0.091     1.179 r  SD_System_i/processing_system7_0/inst/FCLK_CLK0_BUFG_inst/O
                         net (fo=1499, routed)        1.474     2.653    <hidden>
    SLICE_X37Y86         FDCE                                         r  <hidden>

Slack:                    inf
  Source:                 SD_System_i/axi_smc/inst/clk_map/psr_aclk/U0/ACTIVE_LOW_BSR_OUT_DFF[0].FDRE_BSR_N/C
                            (rising edge-triggered cell FDRE clocked by clk_fpga_0  {rise@0.000ns fall@5.000ns period=10.000ns})
  Destination:            <hidden>
                            (recovery check against rising-edge clock clk_fpga_0  {rise@0.000ns fall@5.000ns period=10.000ns})
  Path Group:             (none)
  Path Type:              Recovery (Max at Slow Process Corner)
  Data Path Delay:        5.018ns  (logic 0.642ns (12.795%)  route 4.376ns (87.205%))
  Logic Levels:           1  (LUT1=1)
  Clock Path Skew:        -0.484ns (DCD - SCD + CPR)
    Destination Clock Delay (DCD):    2.653ns
    Source Clock Delay      (SCD):    3.137ns
    Clock Pessimism Removal (CPR):    0.000ns
  Clock Uncertainty:      0.154ns  ((TSJ^2 + TIJ^2)^1/2 + DJ) / 2 + PE
    Total System Jitter     (TSJ):    0.071ns
    Total Input Jitter      (TIJ):    0.300ns
    Discrete Jitter          (DJ):    0.000ns
    Phase Error              (PE):    0.000ns
  Timing Exception:       False Path

    Location             Delay type                Incr(ns)  Path(ns)    Netlist Resource(s)
  -------------------------------------------------------------------    -------------------
                         (clock clk_fpga_0 rise edge)
                                                      0.000     0.000 r  
    PS7_X0Y0             PS7                          0.000     0.000 r  SD_System_i/processing_system7_0/inst/PS7_i/FCLKCLK[0]
                         net (fo=1, routed)           1.193     1.193    SD_System_i/processing_system7_0/inst/FCLK_CLK0
    BUFGCTRL_X0Y16       BUFG (Prop_bufg_I_O)         0.101     1.294 r  SD_System_i/processing_system7_0/inst/FCLK_CLK0_BUFG_inst/O
                         net (fo=1499, routed)        1.843     3.137    SD_System_i/axi_smc/inst/clk_map/psr_aclk/U0/aclk
    SLICE_X46Y103        FDRE                                         r  SD_System_i/axi_smc/inst/clk_map/psr_aclk/U0/ACTIVE_LOW_BSR_OUT_DFF[0].FDRE_BSR_N/C
  -------------------------------------------------------------------    -------------------
    SLICE_X46Y103        FDRE (Prop_fdre_C_Q)         0.518     3.655 r  SD_System_i/axi_smc/inst/clk_map/psr_aclk/U0/ACTIVE_LOW_BSR_OUT_DFF[0].FDRE_BSR_N/Q
                         net (fo=43, routed)          3.988     7.643    <hidden>
    SLICE_X37Y86         LUT1 (Prop_lut1_I0_O)        0.124     7.767 f  <hidden>
                         net (fo=3, routed)           0.387     8.155    <hidden>
    SLICE_X37Y86         FDCE                                         f  <hidden>
  -------------------------------------------------------------------    -------------------

                         (clock clk_fpga_0 rise edge)
                                                      0.000     0.000 r  
    PS7_X0Y0             PS7                          0.000     0.000 r  SD_System_i/processing_system7_0/inst/PS7_i/FCLKCLK[0]
                         net (fo=1, routed)           1.088     1.088    SD_System_i/processing_system7_0/inst/FCLK_CLK0
    BUFGCTRL_X0Y16       BUFG (Prop_bufg_I_O)         0.091     1.179 r  SD_System_i/processing_system7_0/inst/FCLK_CLK0_BUFG_inst/O
                         net (fo=1499, routed)        1.474     2.653    <hidden>
    SLICE_X37Y86         FDCE                                         r  <hidden>

Slack:                    inf
  Source:                 SD_System_i/axi_smc/inst/clk_map/psr_aclk/U0/ACTIVE_LOW_BSR_OUT_DFF[0].FDRE_BSR_N/C
                            (rising edge-triggered cell FDRE clocked by clk_fpga_0  {rise@0.000ns fall@5.000ns period=10.000ns})
  Destination:            <hidden>
                            (recovery check against rising-edge clock clk_fpga_0  {rise@0.000ns fall@5.000ns period=10.000ns})
  Path Group:             (none)
  Path Type:              Recovery (Max at Slow Process Corner)
  Data Path Delay:        5.018ns  (logic 0.642ns (12.795%)  route 4.376ns (87.205%))
  Logic Levels:           1  (LUT1=1)
  Clock Path Skew:        -0.484ns (DCD - SCD + CPR)
    Destination Clock Delay (DCD):    2.653ns
    Source Clock Delay      (SCD):    3.137ns
    Clock Pessimism Removal (CPR):    0.000ns
  Clock Uncertainty:      0.154ns  ((TSJ^2 + TIJ^2)^1/2 + DJ) / 2 + PE
    Total System Jitter     (TSJ):    0.071ns
    Total Input Jitter      (TIJ):    0.300ns
    Discrete Jitter          (DJ):    0.000ns
    Phase Error              (PE):    0.000ns
  Timing Exception:       False Path

    Location             Delay type                Incr(ns)  Path(ns)    Netlist Resource(s)
  -------------------------------------------------------------------    -------------------
                         (clock clk_fpga_0 rise edge)
                                                      0.000     0.000 r  
    PS7_X0Y0             PS7                          0.000     0.000 r  SD_System_i/processing_system7_0/inst/PS7_i/FCLKCLK[0]
                         net (fo=1, routed)           1.193     1.193    SD_System_i/processing_system7_0/inst/FCLK_CLK0
    BUFGCTRL_X0Y16       BUFG (Prop_bufg_I_O)         0.101     1.294 r  SD_System_i/processing_system7_0/inst/FCLK_CLK0_BUFG_inst/O
                         net (fo=1499, routed)        1.843     3.137    SD_System_i/axi_smc/inst/clk_map/psr_aclk/U0/aclk
    SLICE_X46Y103        FDRE                                         r  SD_System_i/axi_smc/inst/clk_map/psr_aclk/U0/ACTIVE_LOW_BSR_OUT_DFF[0].FDRE_BSR_N/C
  -------------------------------------------------------------------    -------------------
    SLICE_X46Y103        FDRE (Prop_fdre_C_Q)         0.518     3.655 r  SD_System_i/axi_smc/inst/clk_map/psr_aclk/U0/ACTIVE_LOW_BSR_OUT_DFF[0].FDRE_BSR_N/Q
                         net (fo=43, routed)          3.988     7.643    <hidden>
    SLICE_X37Y86         LUT1 (Prop_lut1_I0_O)        0.124     7.767 f  <hidden>
                         net (fo=3, routed)           0.387     8.155    <hidden>
    SLICE_X37Y86         FDCE                                         f  <hidden>
  -------------------------------------------------------------------    -------------------

                         (clock clk_fpga_0 rise edge)
                                                      0.000     0.000 r  
    PS7_X0Y0             PS7                          0.000     0.000 r  SD_System_i/processing_system7_0/inst/PS7_i/FCLKCLK[0]
                         net (fo=1, routed)           1.088     1.088    SD_System_i/processing_system7_0/inst/FCLK_CLK0
    BUFGCTRL_X0Y16       BUFG (Prop_bufg_I_O)         0.091     1.179 r  SD_System_i/processing_system7_0/inst/FCLK_CLK0_BUFG_inst/O
                         net (fo=1499, routed)        1.474     2.653    <hidden>
    SLICE_X37Y86         FDCE                                         r  <hidden>

Slack:                    inf
  Source:                 SD_System_i/axi_smc/inst/clk_map/psr_aclk/U0/ACTIVE_LOW_BSR_OUT_DFF[0].FDRE_BSR_N/C
                            (rising edge-triggered cell FDRE clocked by clk_fpga_0  {rise@0.000ns fall@5.000ns period=10.000ns})
  Destination:            <hidden>
                            (recovery check against rising-edge clock clk_fpga_0  {rise@0.000ns fall@5.000ns period=10.000ns})
  Path Group:             (none)
  Path Type:              Recovery (Max at Slow Process Corner)
  Data Path Delay:        4.839ns  (logic 0.642ns (13.267%)  route 4.197ns (86.733%))
  Logic Levels:           1  (LUT1=1)
  Clock Path Skew:        -0.483ns (DCD - SCD + CPR)
    Destination Clock Delay (DCD):    2.654ns
    Source Clock Delay      (SCD):    3.137ns
    Clock Pessimism Removal (CPR):    0.000ns
  Clock Uncertainty:      0.154ns  ((TSJ^2 + TIJ^2)^1/2 + DJ) / 2 + PE
    Total System Jitter     (TSJ):    0.071ns
    Total Input Jitter      (TIJ):    0.300ns
    Discrete Jitter          (DJ):    0.000ns
    Phase Error              (PE):    0.000ns
  Timing Exception:       False Path

    Location             Delay type                Incr(ns)  Path(ns)    Netlist Resource(s)
  -------------------------------------------------------------------    -------------------
                         (clock clk_fpga_0 rise edge)
                                                      0.000     0.000 r  
    PS7_X0Y0             PS7                          0.000     0.000 r  SD_System_i/processing_system7_0/inst/PS7_i/FCLKCLK[0]
                         net (fo=1, routed)           1.193     1.193    SD_System_i/processing_system7_0/inst/FCLK_CLK0
    BUFGCTRL_X0Y16       BUFG (Prop_bufg_I_O)         0.101     1.294 r  SD_System_i/processing_system7_0/inst/FCLK_CLK0_BUFG_inst/O
                         net (fo=1499, routed)        1.843     3.137    SD_System_i/axi_smc/inst/clk_map/psr_aclk/U0/aclk
    SLICE_X46Y103        FDRE                                         r  SD_System_i/axi_smc/inst/clk_map/psr_aclk/U0/ACTIVE_LOW_BSR_OUT_DFF[0].FDRE_BSR_N/C
  -------------------------------------------------------------------    -------------------
    SLICE_X46Y103        FDRE (Prop_fdre_C_Q)         0.518     3.655 r  SD_System_i/axi_smc/inst/clk_map/psr_aclk/U0/ACTIVE_LOW_BSR_OUT_DFF[0].FDRE_BSR_N/Q
                         net (fo=43, routed)          3.549     7.204    <hidden>
    SLICE_X44Y88         LUT1 (Prop_lut1_I0_O)        0.124     7.328 f  <hidden>
                         net (fo=3, routed)           0.648     7.976    <hidden>
    SLICE_X44Y88         FDCE                                         f  <hidden>
  -------------------------------------------------------------------    -------------------

                         (clock clk_fpga_0 rise edge)
                                                      0.000     0.000 r  
    PS7_X0Y0             PS7                          0.000     0.000 r  SD_System_i/processing_system7_0/inst/PS7_i/FCLKCLK[0]
                         net (fo=1, routed)           1.088     1.088    SD_System_i/processing_system7_0/inst/FCLK_CLK0
    BUFGCTRL_X0Y16       BUFG (Prop_bufg_I_O)         0.091     1.179 r  SD_System_i/processing_system7_0/inst/FCLK_CLK0_BUFG_inst/O
                         net (fo=1499, routed)        1.475     2.654    <hidden>
    SLICE_X44Y88         FDCE                                         r  <hidden>





Min Delay Paths
--------------------------------------------------------------------------------------
Slack:                    inf
  Source:                 SD_System_i/axi_smc/inst/clk_map/psr_aclk/U0/ACTIVE_LOW_BSR_OUT_DFF[0].FDRE_BSR_N/C
                            (rising edge-triggered cell FDRE clocked by clk_fpga_0  {rise@0.000ns fall@5.000ns period=10.000ns})
  Destination:            <hidden>
                            (removal check against rising-edge clock clk_fpga_0  {rise@0.000ns fall@5.000ns period=10.000ns})
  Path Group:             (none)
  Path Type:              Removal (Min at Fast Process Corner)
  Data Path Delay:        0.649ns  (logic 0.209ns (32.210%)  route 0.440ns (67.790%))
  Logic Levels:           1  (LUT1=1)
  Clock Path Skew:        0.302ns (DCD - SCD - CPR)
    Destination Clock Delay (DCD):    1.276ns
    Source Clock Delay      (SCD):    0.974ns
    Clock Pessimism Removal (CPR):    -0.000ns
  Clock Uncertainty:      0.154ns  ((TSJ^2 + TIJ^2)^1/2 + DJ) / 2 + PE
    Total System Jitter     (TSJ):    0.071ns
    Total Input Jitter      (TIJ):    0.300ns
    Discrete Jitter          (DJ):    0.000ns
    Phase Error              (PE):    0.000ns
  Timing Exception:       False Path

    Location             Delay type                Incr(ns)  Path(ns)    Netlist Resource(s)
  -------------------------------------------------------------------    -------------------
                         (clock clk_fpga_0 rise edge)
                                                      0.000     0.000 r  
    PS7_X0Y0             PS7                          0.000     0.000 r  SD_System_i/processing_system7_0/inst/PS7_i/FCLKCLK[0]
                         net (fo=1, routed)           0.310     0.310    SD_System_i/processing_system7_0/inst/FCLK_CLK0
    BUFGCTRL_X0Y16       BUFG (Prop_bufg_I_O)         0.026     0.336 r  SD_System_i/processing_system7_0/inst/FCLK_CLK0_BUFG_inst/O
                         net (fo=1499, routed)        0.638     0.974    SD_System_i/axi_smc/inst/clk_map/psr_aclk/U0/aclk
    SLICE_X46Y103        FDRE                                         r  SD_System_i/axi_smc/inst/clk_map/psr_aclk/U0/ACTIVE_LOW_BSR_OUT_DFF[0].FDRE_BSR_N/C
  -------------------------------------------------------------------    -------------------
    SLICE_X46Y103        FDRE (Prop_fdre_C_Q)         0.164     1.138 r  SD_System_i/axi_smc/inst/clk_map/psr_aclk/U0/ACTIVE_LOW_BSR_OUT_DFF[0].FDRE_BSR_N/Q
                         net (fo=43, routed)          0.235     1.373    <hidden>
    SLICE_X42Y103        LUT1 (Prop_lut1_I0_O)        0.045     1.418 f  <hidden>
                         net (fo=3, routed)           0.204     1.623    <hidden>
    SLICE_X42Y103        FDCE                                         f  <hidden>
  -------------------------------------------------------------------    -------------------

                         (clock clk_fpga_0 rise edge)
                                                      0.000     0.000 r  
    PS7_X0Y0             PS7                          0.000     0.000 r  SD_System_i/processing_system7_0/inst/PS7_i/FCLKCLK[0]
                         net (fo=1, routed)           0.337     0.337    SD_System_i/processing_system7_0/inst/FCLK_CLK0
    BUFGCTRL_X0Y16       BUFG (Prop_bufg_I_O)         0.029     0.366 r  SD_System_i/processing_system7_0/inst/FCLK_CLK0_BUFG_inst/O
                         net (fo=1499, routed)        0.910     1.276    <hidden>
    SLICE_X42Y103        FDCE                                         r  <hidden>

Slack:                    inf
  Source:                 SD_System_i/axi_smc/inst/clk_map/psr_aclk/U0/ACTIVE_LOW_BSR_OUT_DFF[0].FDRE_BSR_N/C
                            (rising edge-triggered cell FDRE clocked by clk_fpga_0  {rise@0.000ns fall@5.000ns period=10.000ns})
  Destination:            <hidden>
                            (removal check against rising-edge clock clk_fpga_0  {rise@0.000ns fall@5.000ns period=10.000ns})
  Path Group:             (none)
  Path Type:              Removal (Min at Fast Process Corner)
  Data Path Delay:        0.649ns  (logic 0.209ns (32.210%)  route 0.440ns (67.790%))
  Logic Levels:           1  (LUT1=1)
  Clock Path Skew:        0.302ns (DCD - SCD - CPR)
    Destination Clock Delay (DCD):    1.276ns
    Source Clock Delay      (SCD):    0.974ns
    Clock Pessimism Removal (CPR):    -0.000ns
  Clock Uncertainty:      0.154ns  ((TSJ^2 + TIJ^2)^1/2 + DJ) / 2 + PE
    Total System Jitter     (TSJ):    0.071ns
    Total Input Jitter      (TIJ):    0.300ns
    Discrete Jitter          (DJ):    0.000ns
    Phase Error              (PE):    0.000ns
  Timing Exception:       False Path

    Location             Delay type                Incr(ns)  Path(ns)    Netlist Resource(s)
  -------------------------------------------------------------------    -------------------
                         (clock clk_fpga_0 rise edge)
                                                      0.000     0.000 r  
    PS7_X0Y0             PS7                          0.000     0.000 r  SD_System_i/processing_system7_0/inst/PS7_i/FCLKCLK[0]
                         net (fo=1, routed)           0.310     0.310    SD_System_i/processing_system7_0/inst/FCLK_CLK0
    BUFGCTRL_X0Y16       BUFG (Prop_bufg_I_O)         0.026     0.336 r  SD_System_i/processing_system7_0/inst/FCLK_CLK0_BUFG_inst/O
                         net (fo=1499, routed)        0.638     0.974    SD_System_i/axi_smc/inst/clk_map/psr_aclk/U0/aclk
    SLICE_X46Y103        FDRE                                         r  SD_System_i/axi_smc/inst/clk_map/psr_aclk/U0/ACTIVE_LOW_BSR_OUT_DFF[0].FDRE_BSR_N/C
  -------------------------------------------------------------------    -------------------
    SLICE_X46Y103        FDRE (Prop_fdre_C_Q)         0.164     1.138 r  SD_System_i/axi_smc/inst/clk_map/psr_aclk/U0/ACTIVE_LOW_BSR_OUT_DFF[0].FDRE_BSR_N/Q
                         net (fo=43, routed)          0.235     1.373    <hidden>
    SLICE_X42Y103        LUT1 (Prop_lut1_I0_O)        0.045     1.418 f  <hidden>
                         net (fo=3, routed)           0.204     1.623    <hidden>
    SLICE_X42Y103        FDCE                                         f  <hidden>
  -------------------------------------------------------------------    -------------------

                         (clock clk_fpga_0 rise edge)
                                                      0.000     0.000 r  
    PS7_X0Y0             PS7                          0.000     0.000 r  SD_System_i/processing_system7_0/inst/PS7_i/FCLKCLK[0]
                         net (fo=1, routed)           0.337     0.337    SD_System_i/processing_system7_0/inst/FCLK_CLK0
    BUFGCTRL_X0Y16       BUFG (Prop_bufg_I_O)         0.029     0.366 r  SD_System_i/processing_system7_0/inst/FCLK_CLK0_BUFG_inst/O
                         net (fo=1499, routed)        0.910     1.276    <hidden>
    SLICE_X42Y103        FDCE                                         r  <hidden>

Slack:                    inf
  Source:                 SD_System_i/axi_smc/inst/clk_map/psr_aclk/U0/ACTIVE_LOW_BSR_OUT_DFF[0].FDRE_BSR_N/C
                            (rising edge-triggered cell FDRE clocked by clk_fpga_0  {rise@0.000ns fall@5.000ns period=10.000ns})
  Destination:            <hidden>
                            (removal check against rising-edge clock clk_fpga_0  {rise@0.000ns fall@5.000ns period=10.000ns})
  Path Group:             (none)
  Path Type:              Removal (Min at Fast Process Corner)
  Data Path Delay:        0.649ns  (logic 0.209ns (32.210%)  route 0.440ns (67.790%))
  Logic Levels:           1  (LUT1=1)
  Clock Path Skew:        0.302ns (DCD - SCD - CPR)
    Destination Clock Delay (DCD):    1.276ns
    Source Clock Delay      (SCD):    0.974ns
    Clock Pessimism Removal (CPR):    -0.000ns
  Clock Uncertainty:      0.154ns  ((TSJ^2 + TIJ^2)^1/2 + DJ) / 2 + PE
    Total System Jitter     (TSJ):    0.071ns
    Total Input Jitter      (TIJ):    0.300ns
    Discrete Jitter          (DJ):    0.000ns
    Phase Error              (PE):    0.000ns
  Timing Exception:       False Path

    Location             Delay type                Incr(ns)  Path(ns)    Netlist Resource(s)
  -------------------------------------------------------------------    -------------------
                         (clock clk_fpga_0 rise edge)
                                                      0.000     0.000 r  
    PS7_X0Y0             PS7                          0.000     0.000 r  SD_System_i/processing_system7_0/inst/PS7_i/FCLKCLK[0]
                         net (fo=1, routed)           0.310     0.310    SD_System_i/processing_system7_0/inst/FCLK_CLK0
    BUFGCTRL_X0Y16       BUFG (Prop_bufg_I_O)         0.026     0.336 r  SD_System_i/processing_system7_0/inst/FCLK_CLK0_BUFG_inst/O
                         net (fo=1499, routed)        0.638     0.974    SD_System_i/axi_smc/inst/clk_map/psr_aclk/U0/aclk
    SLICE_X46Y103        FDRE                                         r  SD_System_i/axi_smc/inst/clk_map/psr_aclk/U0/ACTIVE_LOW_BSR_OUT_DFF[0].FDRE_BSR_N/C
  -------------------------------------------------------------------    -------------------
    SLICE_X46Y103        FDRE (Prop_fdre_C_Q)         0.164     1.138 r  SD_System_i/axi_smc/inst/clk_map/psr_aclk/U0/ACTIVE_LOW_BSR_OUT_DFF[0].FDRE_BSR_N/Q
                         net (fo=43, routed)          0.235     1.373    <hidden>
    SLICE_X42Y103        LUT1 (Prop_lut1_I0_O)        0.045     1.418 f  <hidden>
                         net (fo=3, routed)           0.204     1.623    <hidden>
    SLICE_X42Y103        FDCE                                         f  <hidden>
  -------------------------------------------------------------------    -------------------

                         (clock clk_fpga_0 rise edge)
                                                      0.000     0.000 r  
    PS7_X0Y0             PS7                          0.000     0.000 r  SD_System_i/processing_system7_0/inst/PS7_i/FCLKCLK[0]
                         net (fo=1, routed)           0.337     0.337    SD_System_i/processing_system7_0/inst/FCLK_CLK0
    BUFGCTRL_X0Y16       BUFG (Prop_bufg_I_O)         0.029     0.366 r  SD_System_i/processing_system7_0/inst/FCLK_CLK0_BUFG_inst/O
                         net (fo=1499, routed)        0.910     1.276    <hidden>
    SLICE_X42Y103        FDCE                                         r  <hidden>

Slack:                    inf
  Source:                 SD_System_i/axi_smc/inst/clk_map/psr_aclk/U0/ACTIVE_LOW_BSR_OUT_DFF[0].FDRE_BSR_N/C
                            (rising edge-triggered cell FDRE clocked by clk_fpga_0  {rise@0.000ns fall@5.000ns period=10.000ns})
  Destination:            <hidden>
                            (removal check against rising-edge clock clk_fpga_0  {rise@0.000ns fall@5.000ns period=10.000ns})
  Path Group:             (none)
  Path Type:              Removal (Min at Fast Process Corner)
  Data Path Delay:        0.704ns  (logic 0.209ns (29.673%)  route 0.495ns (70.327%))
  Logic Levels:           1  (LUT1=1)
  Clock Path Skew:        0.303ns (DCD - SCD - CPR)
    Destination Clock Delay (DCD):    1.277ns
    Source Clock Delay      (SCD):    0.974ns
    Clock Pessimism Removal (CPR):    -0.000ns
  Clock Uncertainty:      0.154ns  ((TSJ^2 + TIJ^2)^1/2 + DJ) / 2 + PE
    Total System Jitter     (TSJ):    0.071ns
    Total Input Jitter      (TIJ):    0.300ns
    Discrete Jitter          (DJ):    0.000ns
    Phase Error              (PE):    0.000ns
  Timing Exception:       False Path

    Location             Delay type                Incr(ns)  Path(ns)    Netlist Resource(s)
  -------------------------------------------------------------------    -------------------
                         (clock clk_fpga_0 rise edge)
                                                      0.000     0.000 r  
    PS7_X0Y0             PS7                          0.000     0.000 r  SD_System_i/processing_system7_0/inst/PS7_i/FCLKCLK[0]
                         net (fo=1, routed)           0.310     0.310    SD_System_i/processing_system7_0/inst/FCLK_CLK0
    BUFGCTRL_X0Y16       BUFG (Prop_bufg_I_O)         0.026     0.336 r  SD_System_i/processing_system7_0/inst/FCLK_CLK0_BUFG_inst/O
                         net (fo=1499, routed)        0.638     0.974    SD_System_i/axi_smc/inst/clk_map/psr_aclk/U0/aclk
    SLICE_X46Y103        FDRE                                         r  SD_System_i/axi_smc/inst/clk_map/psr_aclk/U0/ACTIVE_LOW_BSR_OUT_DFF[0].FDRE_BSR_N/C
  -------------------------------------------------------------------    -------------------
    SLICE_X46Y103        FDRE (Prop_fdre_C_Q)         0.164     1.138 r  SD_System_i/axi_smc/inst/clk_map/psr_aclk/U0/ACTIVE_LOW_BSR_OUT_DFF[0].FDRE_BSR_N/Q
                         net (fo=43, routed)          0.376     1.514    <hidden>
    SLICE_X43Y102        LUT1 (Prop_lut1_I0_O)        0.045     1.559 f  <hidden>
                         net (fo=3, routed)           0.119     1.678    <hidden>
    SLICE_X43Y102        FDCE                                         f  <hidden>
  -------------------------------------------------------------------    -------------------

                         (clock clk_fpga_0 rise edge)
                                                      0.000     0.000 r  
    PS7_X0Y0             PS7                          0.000     0.000 r  SD_System_i/processing_system7_0/inst/PS7_i/FCLKCLK[0]
                         net (fo=1, routed)           0.337     0.337    SD_System_i/processing_system7_0/inst/FCLK_CLK0
    BUFGCTRL_X0Y16       BUFG (Prop_bufg_I_O)         0.029     0.366 r  SD_System_i/processing_system7_0/inst/FCLK_CLK0_BUFG_inst/O
                         net (fo=1499, routed)        0.911     1.277    <hidden>
    SLICE_X43Y102        FDCE                                         r  <hidden>

Slack:                    inf
  Source:                 SD_System_i/axi_smc/inst/clk_map/psr_aclk/U0/ACTIVE_LOW_BSR_OUT_DFF[0].FDRE_BSR_N/C
                            (rising edge-triggered cell FDRE clocked by clk_fpga_0  {rise@0.000ns fall@5.000ns period=10.000ns})
  Destination:            <hidden>
                            (removal check against rising-edge clock clk_fpga_0  {rise@0.000ns fall@5.000ns period=10.000ns})
  Path Group:             (none)
  Path Type:              Removal (Min at Fast Process Corner)
  Data Path Delay:        0.704ns  (logic 0.209ns (29.673%)  route 0.495ns (70.327%))
  Logic Levels:           1  (LUT1=1)
  Clock Path Skew:        0.303ns (DCD - SCD - CPR)
    Destination Clock Delay (DCD):    1.277ns
    Source Clock Delay      (SCD):    0.974ns
    Clock Pessimism Removal (CPR):    -0.000ns
  Clock Uncertainty:      0.154ns  ((TSJ^2 + TIJ^2)^1/2 + DJ) / 2 + PE
    Total System Jitter     (TSJ):    0.071ns
    Total Input Jitter      (TIJ):    0.300ns
    Discrete Jitter          (DJ):    0.000ns
    Phase Error              (PE):    0.000ns
  Timing Exception:       False Path

    Location             Delay type                Incr(ns)  Path(ns)    Netlist Resource(s)
  -------------------------------------------------------------------    -------------------
                         (clock clk_fpga_0 rise edge)
                                                      0.000     0.000 r  
    PS7_X0Y0             PS7                          0.000     0.000 r  SD_System_i/processing_system7_0/inst/PS7_i/FCLKCLK[0]
                         net (fo=1, routed)           0.310     0.310    SD_System_i/processing_system7_0/inst/FCLK_CLK0
    BUFGCTRL_X0Y16       BUFG (Prop_bufg_I_O)         0.026     0.336 r  SD_System_i/processing_system7_0/inst/FCLK_CLK0_BUFG_inst/O
                         net (fo=1499, routed)        0.638     0.974    SD_System_i/axi_smc/inst/clk_map/psr_aclk/U0/aclk
    SLICE_X46Y103        FDRE                                         r  SD_System_i/axi_smc/inst/clk_map/psr_aclk/U0/ACTIVE_LOW_BSR_OUT_DFF[0].FDRE_BSR_N/C
  -------------------------------------------------------------------    -------------------
    SLICE_X46Y103        FDRE (Prop_fdre_C_Q)         0.164     1.138 r  SD_System_i/axi_smc/inst/clk_map/psr_aclk/U0/ACTIVE_LOW_BSR_OUT_DFF[0].FDRE_BSR_N/Q
                         net (fo=43, routed)          0.376     1.514    <hidden>
    SLICE_X43Y102        LUT1 (Prop_lut1_I0_O)        0.045     1.559 f  <hidden>
                         net (fo=3, routed)           0.119     1.678    <hidden>
    SLICE_X43Y102        FDCE                                         f  <hidden>
  -------------------------------------------------------------------    -------------------

                         (clock clk_fpga_0 rise edge)
                                                      0.000     0.000 r  
    PS7_X0Y0             PS7                          0.000     0.000 r  SD_System_i/processing_system7_0/inst/PS7_i/FCLKCLK[0]
                         net (fo=1, routed)           0.337     0.337    SD_System_i/processing_system7_0/inst/FCLK_CLK0
    BUFGCTRL_X0Y16       BUFG (Prop_bufg_I_O)         0.029     0.366 r  SD_System_i/processing_system7_0/inst/FCLK_CLK0_BUFG_inst/O
                         net (fo=1499, routed)        0.911     1.277    <hidden>
    SLICE_X43Y102        FDCE                                         r  <hidden>

Slack:                    inf
  Source:                 SD_System_i/axi_smc/inst/clk_map/psr_aclk/U0/ACTIVE_LOW_BSR_OUT_DFF[0].FDRE_BSR_N/C
                            (rising edge-triggered cell FDRE clocked by clk_fpga_0  {rise@0.000ns fall@5.000ns period=10.000ns})
  Destination:            <hidden>
                            (removal check against rising-edge clock clk_fpga_0  {rise@0.000ns fall@5.000ns period=10.000ns})
  Path Group:             (none)
  Path Type:              Removal (Min at Fast Process Corner)
  Data Path Delay:        0.704ns  (logic 0.209ns (29.673%)  route 0.495ns (70.327%))
  Logic Levels:           1  (LUT1=1)
  Clock Path Skew:        0.303ns (DCD - SCD - CPR)
    Destination Clock Delay (DCD):    1.277ns
    Source Clock Delay      (SCD):    0.974ns
    Clock Pessimism Removal (CPR):    -0.000ns
  Clock Uncertainty:      0.154ns  ((TSJ^2 + TIJ^2)^1/2 + DJ) / 2 + PE
    Total System Jitter     (TSJ):    0.071ns
    Total Input Jitter      (TIJ):    0.300ns
    Discrete Jitter          (DJ):    0.000ns
    Phase Error              (PE):    0.000ns
  Timing Exception:       False Path

    Location             Delay type                Incr(ns)  Path(ns)    Netlist Resource(s)
  -------------------------------------------------------------------    -------------------
                         (clock clk_fpga_0 rise edge)
                                                      0.000     0.000 r  
    PS7_X0Y0             PS7                          0.000     0.000 r  SD_System_i/processing_system7_0/inst/PS7_i/FCLKCLK[0]
                         net (fo=1, routed)           0.310     0.310    SD_System_i/processing_system7_0/inst/FCLK_CLK0
    BUFGCTRL_X0Y16       BUFG (Prop_bufg_I_O)         0.026     0.336 r  SD_System_i/processing_system7_0/inst/FCLK_CLK0_BUFG_inst/O
                         net (fo=1499, routed)        0.638     0.974    SD_System_i/axi_smc/inst/clk_map/psr_aclk/U0/aclk
    SLICE_X46Y103        FDRE                                         r  SD_System_i/axi_smc/inst/clk_map/psr_aclk/U0/ACTIVE_LOW_BSR_OUT_DFF[0].FDRE_BSR_N/C
  -------------------------------------------------------------------    -------------------
    SLICE_X46Y103        FDRE (Prop_fdre_C_Q)         0.164     1.138 r  SD_System_i/axi_smc/inst/clk_map/psr_aclk/U0/ACTIVE_LOW_BSR_OUT_DFF[0].FDRE_BSR_N/Q
                         net (fo=43, routed)          0.376     1.514    <hidden>
    SLICE_X43Y102        LUT1 (Prop_lut1_I0_O)        0.045     1.559 f  <hidden>
                         net (fo=3, routed)           0.119     1.678    <hidden>
    SLICE_X43Y102        FDCE                                         f  <hidden>
  -------------------------------------------------------------------    -------------------

                         (clock clk_fpga_0 rise edge)
                                                      0.000     0.000 r  
    PS7_X0Y0             PS7                          0.000     0.000 r  SD_System_i/processing_system7_0/inst/PS7_i/FCLKCLK[0]
                         net (fo=1, routed)           0.337     0.337    SD_System_i/processing_system7_0/inst/FCLK_CLK0
    BUFGCTRL_X0Y16       BUFG (Prop_bufg_I_O)         0.029     0.366 r  SD_System_i/processing_system7_0/inst/FCLK_CLK0_BUFG_inst/O
                         net (fo=1499, routed)        0.911     1.277    <hidden>
    SLICE_X43Y102        FDCE                                         r  <hidden>

Slack:                    inf
  Source:                 SD_System_i/axi_smc/inst/clk_map/psr_aclk/U0/ACTIVE_LOW_BSR_OUT_DFF[0].FDRE_BSR_N/C
                            (rising edge-triggered cell FDRE clocked by clk_fpga_0  {rise@0.000ns fall@5.000ns period=10.000ns})
  Destination:            <hidden>
                            (removal check against rising-edge clock clk_fpga_0  {rise@0.000ns fall@5.000ns period=10.000ns})
  Path Group:             (none)
  Path Type:              Removal (Min at Fast Process Corner)
  Data Path Delay:        0.775ns  (logic 0.209ns (26.954%)  route 0.566ns (73.046%))
  Logic Levels:           1  (LUT1=1)
  Clock Path Skew:        0.303ns (DCD - SCD - CPR)
    Destination Clock Delay (DCD):    1.277ns
    Source Clock Delay      (SCD):    0.974ns
    Clock Pessimism Removal (CPR):    -0.000ns
  Clock Uncertainty:      0.154ns  ((TSJ^2 + TIJ^2)^1/2 + DJ) / 2 + PE
    Total System Jitter     (TSJ):    0.071ns
    Total Input Jitter      (TIJ):    0.300ns
    Discrete Jitter          (DJ):    0.000ns
    Phase Error              (PE):    0.000ns
  Timing Exception:       False Path

    Location             Delay type                Incr(ns)  Path(ns)    Netlist Resource(s)
  -------------------------------------------------------------------    -------------------
                         (clock clk_fpga_0 rise edge)
                                                      0.000     0.000 r  
    PS7_X0Y0             PS7                          0.000     0.000 r  SD_System_i/processing_system7_0/inst/PS7_i/FCLKCLK[0]
                         net (fo=1, routed)           0.310     0.310    SD_System_i/processing_system7_0/inst/FCLK_CLK0
    BUFGCTRL_X0Y16       BUFG (Prop_bufg_I_O)         0.026     0.336 r  SD_System_i/processing_system7_0/inst/FCLK_CLK0_BUFG_inst/O
                         net (fo=1499, routed)        0.638     0.974    SD_System_i/axi_smc/inst/clk_map/psr_aclk/U0/aclk
    SLICE_X46Y103        FDRE                                         r  SD_System_i/axi_smc/inst/clk_map/psr_aclk/U0/ACTIVE_LOW_BSR_OUT_DFF[0].FDRE_BSR_N/C
  -------------------------------------------------------------------    -------------------
    SLICE_X46Y103        FDRE (Prop_fdre_C_Q)         0.164     1.138 r  SD_System_i/axi_smc/inst/clk_map/psr_aclk/U0/ACTIVE_LOW_BSR_OUT_DFF[0].FDRE_BSR_N/Q
                         net (fo=43, routed)          0.447     1.585    <hidden>
    SLICE_X47Y101        LUT1 (Prop_lut1_I0_O)        0.045     1.630 f  <hidden>
                         net (fo=3, routed)           0.119     1.749    <hidden>
    SLICE_X47Y101        FDCE                                         f  <hidden>
  -------------------------------------------------------------------    -------------------

                         (clock clk_fpga_0 rise edge)
                                                      0.000     0.000 r  
    PS7_X0Y0             PS7                          0.000     0.000 r  SD_System_i/processing_system7_0/inst/PS7_i/FCLKCLK[0]
                         net (fo=1, routed)           0.337     0.337    SD_System_i/processing_system7_0/inst/FCLK_CLK0
    BUFGCTRL_X0Y16       BUFG (Prop_bufg_I_O)         0.029     0.366 r  SD_System_i/processing_system7_0/inst/FCLK_CLK0_BUFG_inst/O
                         net (fo=1499, routed)        0.911     1.277    <hidden>
    SLICE_X47Y101        FDCE                                         r  <hidden>

Slack:                    inf
  Source:                 SD_System_i/axi_smc/inst/clk_map/psr_aclk/U0/ACTIVE_LOW_BSR_OUT_DFF[0].FDRE_BSR_N/C
                            (rising edge-triggered cell FDRE clocked by clk_fpga_0  {rise@0.000ns fall@5.000ns period=10.000ns})
  Destination:            <hidden>
                            (removal check against rising-edge clock clk_fpga_0  {rise@0.000ns fall@5.000ns period=10.000ns})
  Path Group:             (none)
  Path Type:              Removal (Min at Fast Process Corner)
  Data Path Delay:        0.775ns  (logic 0.209ns (26.954%)  route 0.566ns (73.046%))
  Logic Levels:           1  (LUT1=1)
  Clock Path Skew:        0.303ns (DCD - SCD - CPR)
    Destination Clock Delay (DCD):    1.277ns
    Source Clock Delay      (SCD):    0.974ns
    Clock Pessimism Removal (CPR):    -0.000ns
  Clock Uncertainty:      0.154ns  ((TSJ^2 + TIJ^2)^1/2 + DJ) / 2 + PE
    Total System Jitter     (TSJ):    0.071ns
    Total Input Jitter      (TIJ):    0.300ns
    Discrete Jitter          (DJ):    0.000ns
    Phase Error              (PE):    0.000ns
  Timing Exception:       False Path

    Location             Delay type                Incr(ns)  Path(ns)    Netlist Resource(s)
  -------------------------------------------------------------------    -------------------
                         (clock clk_fpga_0 rise edge)
                                                      0.000     0.000 r  
    PS7_X0Y0             PS7                          0.000     0.000 r  SD_System_i/processing_system7_0/inst/PS7_i/FCLKCLK[0]
                         net (fo=1, routed)           0.310     0.310    SD_System_i/processing_system7_0/inst/FCLK_CLK0
    BUFGCTRL_X0Y16       BUFG (Prop_bufg_I_O)         0.026     0.336 r  SD_System_i/processing_system7_0/inst/FCLK_CLK0_BUFG_inst/O
                         net (fo=1499, routed)        0.638     0.974    SD_System_i/axi_smc/inst/clk_map/psr_aclk/U0/aclk
    SLICE_X46Y103        FDRE                                         r  SD_System_i/axi_smc/inst/clk_map/psr_aclk/U0/ACTIVE_LOW_BSR_OUT_DFF[0].FDRE_BSR_N/C
  -------------------------------------------------------------------    -------------------
    SLICE_X46Y103        FDRE (Prop_fdre_C_Q)         0.164     1.138 r  SD_System_i/axi_smc/inst/clk_map/psr_aclk/U0/ACTIVE_LOW_BSR_OUT_DFF[0].FDRE_BSR_N/Q
                         net (fo=43, routed)          0.447     1.585    <hidden>
    SLICE_X47Y101        LUT1 (Prop_lut1_I0_O)        0.045     1.630 f  <hidden>
                         net (fo=3, routed)           0.119     1.749    <hidden>
    SLICE_X47Y101        FDCE                                         f  <hidden>
  -------------------------------------------------------------------    -------------------

                         (clock clk_fpga_0 rise edge)
                                                      0.000     0.000 r  
    PS7_X0Y0             PS7                          0.000     0.000 r  SD_System_i/processing_system7_0/inst/PS7_i/FCLKCLK[0]
                         net (fo=1, routed)           0.337     0.337    SD_System_i/processing_system7_0/inst/FCLK_CLK0
    BUFGCTRL_X0Y16       BUFG (Prop_bufg_I_O)         0.029     0.366 r  SD_System_i/processing_system7_0/inst/FCLK_CLK0_BUFG_inst/O
                         net (fo=1499, routed)        0.911     1.277    <hidden>
    SLICE_X47Y101        FDCE                                         r  <hidden>

Slack:                    inf
  Source:                 SD_System_i/axi_smc/inst/clk_map/psr_aclk/U0/ACTIVE_LOW_BSR_OUT_DFF[0].FDRE_BSR_N/C
                            (rising edge-triggered cell FDRE clocked by clk_fpga_0  {rise@0.000ns fall@5.000ns period=10.000ns})
  Destination:            <hidden>
                            (removal check against rising-edge clock clk_fpga_0  {rise@0.000ns fall@5.000ns period=10.000ns})
  Path Group:             (none)
  Path Type:              Removal (Min at Fast Process Corner)
  Data Path Delay:        0.775ns  (logic 0.209ns (26.954%)  route 0.566ns (73.046%))
  Logic Levels:           1  (LUT1=1)
  Clock Path Skew:        0.303ns (DCD - SCD - CPR)
    Destination Clock Delay (DCD):    1.277ns
    Source Clock Delay      (SCD):    0.974ns
    Clock Pessimism Removal (CPR):    -0.000ns
  Clock Uncertainty:      0.154ns  ((TSJ^2 + TIJ^2)^1/2 + DJ) / 2 + PE
    Total System Jitter     (TSJ):    0.071ns
    Total Input Jitter      (TIJ):    0.300ns
    Discrete Jitter          (DJ):    0.000ns
    Phase Error              (PE):    0.000ns
  Timing Exception:       False Path

    Location             Delay type                Incr(ns)  Path(ns)    Netlist Resource(s)
  -------------------------------------------------------------------    -------------------
                         (clock clk_fpga_0 rise edge)
                                                      0.000     0.000 r  
    PS7_X0Y0             PS7                          0.000     0.000 r  SD_System_i/processing_system7_0/inst/PS7_i/FCLKCLK[0]
                         net (fo=1, routed)           0.310     0.310    SD_System_i/processing_system7_0/inst/FCLK_CLK0
    BUFGCTRL_X0Y16       BUFG (Prop_bufg_I_O)         0.026     0.336 r  SD_System_i/processing_system7_0/inst/FCLK_CLK0_BUFG_inst/O
                         net (fo=1499, routed)        0.638     0.974    SD_System_i/axi_smc/inst/clk_map/psr_aclk/U0/aclk
    SLICE_X46Y103        FDRE                                         r  SD_System_i/axi_smc/inst/clk_map/psr_aclk/U0/ACTIVE_LOW_BSR_OUT_DFF[0].FDRE_BSR_N/C
  -------------------------------------------------------------------    -------------------
    SLICE_X46Y103        FDRE (Prop_fdre_C_Q)         0.164     1.138 r  SD_System_i/axi_smc/inst/clk_map/psr_aclk/U0/ACTIVE_LOW_BSR_OUT_DFF[0].FDRE_BSR_N/Q
                         net (fo=43, routed)          0.447     1.585    <hidden>
    SLICE_X47Y101        LUT1 (Prop_lut1_I0_O)        0.045     1.630 f  <hidden>
                         net (fo=3, routed)           0.119     1.749    <hidden>
    SLICE_X47Y101        FDCE                                         f  <hidden>
  -------------------------------------------------------------------    -------------------

                         (clock clk_fpga_0 rise edge)
                                                      0.000     0.000 r  
    PS7_X0Y0             PS7                          0.000     0.000 r  SD_System_i/processing_system7_0/inst/PS7_i/FCLKCLK[0]
                         net (fo=1, routed)           0.337     0.337    SD_System_i/processing_system7_0/inst/FCLK_CLK0
    BUFGCTRL_X0Y16       BUFG (Prop_bufg_I_O)         0.029     0.366 r  SD_System_i/processing_system7_0/inst/FCLK_CLK0_BUFG_inst/O
                         net (fo=1499, routed)        0.911     1.277    <hidden>
    SLICE_X47Y101        FDCE                                         r  <hidden>

Slack:                    inf
  Source:                 SD_System_i/axi_smc/inst/clk_map/psr_aclk/U0/ACTIVE_LOW_BSR_OUT_DFF[0].FDRE_BSR_N/C
                            (rising edge-triggered cell FDRE clocked by clk_fpga_0  {rise@0.000ns fall@5.000ns period=10.000ns})
  Destination:            <hidden>
                            (removal check against rising-edge clock clk_fpga_0  {rise@0.000ns fall@5.000ns period=10.000ns})
  Path Group:             (none)
  Path Type:              Removal (Min at Fast Process Corner)
  Data Path Delay:        0.807ns  (logic 0.209ns (25.898%)  route 0.598ns (74.102%))
  Logic Levels:           1  (LUT1=1)
  Clock Path Skew:        0.303ns (DCD - SCD - CPR)
    Destination Clock Delay (DCD):    1.277ns
    Source Clock Delay      (SCD):    0.974ns
    Clock Pessimism Removal (CPR):    -0.000ns
  Clock Uncertainty:      0.154ns  ((TSJ^2 + TIJ^2)^1/2 + DJ) / 2 + PE
    Total System Jitter     (TSJ):    0.071ns
    Total Input Jitter      (TIJ):    0.300ns
    Discrete Jitter          (DJ):    0.000ns
    Phase Error              (PE):    0.000ns
  Timing Exception:       False Path

    Location             Delay type                Incr(ns)  Path(ns)    Netlist Resource(s)
  -------------------------------------------------------------------    -------------------
                         (clock clk_fpga_0 rise edge)
                                                      0.000     0.000 r  
    PS7_X0Y0             PS7                          0.000     0.000 r  SD_System_i/processing_system7_0/inst/PS7_i/FCLKCLK[0]
                         net (fo=1, routed)           0.310     0.310    SD_System_i/processing_system7_0/inst/FCLK_CLK0
    BUFGCTRL_X0Y16       BUFG (Prop_bufg_I_O)         0.026     0.336 r  SD_System_i/processing_system7_0/inst/FCLK_CLK0_BUFG_inst/O
                         net (fo=1499, routed)        0.638     0.974    SD_System_i/axi_smc/inst/clk_map/psr_aclk/U0/aclk
    SLICE_X46Y103        FDRE                                         r  SD_System_i/axi_smc/inst/clk_map/psr_aclk/U0/ACTIVE_LOW_BSR_OUT_DFF[0].FDRE_BSR_N/C
  -------------------------------------------------------------------    -------------------
    SLICE_X46Y103        FDRE (Prop_fdre_C_Q)         0.164     1.138 r  SD_System_i/axi_smc/inst/clk_map/psr_aclk/U0/ACTIVE_LOW_BSR_OUT_DFF[0].FDRE_BSR_N/Q
                         net (fo=43, routed)          0.421     1.559    <hidden>
    SLICE_X40Y101        LUT1 (Prop_lut1_I0_O)        0.045     1.604 f  <hidden>
                         net (fo=3, routed)           0.177     1.781    <hidden>
    SLICE_X40Y101        FDCE                                         f  <hidden>
  -------------------------------------------------------------------    -------------------

                         (clock clk_fpga_0 rise edge)
                                                      0.000     0.000 r  
    PS7_X0Y0             PS7                          0.000     0.000 r  SD_System_i/processing_system7_0/inst/PS7_i/FCLKCLK[0]
                         net (fo=1, routed)           0.337     0.337    SD_System_i/processing_system7_0/inst/FCLK_CLK0
    BUFGCTRL_X0Y16       BUFG (Prop_bufg_I_O)         0.029     0.366 r  SD_System_i/processing_system7_0/inst/FCLK_CLK0_BUFG_inst/O
                         net (fo=1499, routed)        0.911     1.277    <hidden>
    SLICE_X40Y101        FDCE                                         r  <hidden>





--------------------------------------------------------------------------------------
Path Group:  (none)
From Clock:  clk_fpga_0
  To Clock:  

Max Delay             5 Endpoints
Min Delay             5 Endpoints
--------------------------------------------------------------------------------------


Max Delay Paths
--------------------------------------------------------------------------------------
Slack:                    inf
  Source:                 SD_System_i/Z_GPIO/U0/gpio_core_1/Not_Dual.gpio_Data_Out_reg[4]/C
                            (rising edge-triggered cell FDRE clocked by clk_fpga_0  {rise@0.000ns fall@5.000ns period=10.000ns})
  Destination:            led[2]
                            (output port)
  Path Group:             (none)
  Path Type:              Max at Slow Process Corner
  Data Path Delay:        12.086ns  (logic 4.428ns (36.639%)  route 7.658ns (63.361%))
  Logic Levels:           3  (LUT6=2 OBUF=1)
  Clock Uncertainty:      0.152ns  ((TSJ^2 + TIJ^2)^1/2 + DJ) / 2 + PE
    Total System Jitter     (TSJ):    0.050ns
    Total Input Jitter      (TIJ):    0.300ns
    Discrete Jitter          (DJ):    0.000ns
    Phase Error              (PE):    0.000ns

    Location             Delay type                Incr(ns)  Path(ns)    Netlist Resource(s)
  -------------------------------------------------------------------    -------------------
                         (clock clk_fpga_0 rise edge)
                                                      0.000     0.000 r  
    PS7_X0Y0             PS7                          0.000     0.000 r  SD_System_i/processing_system7_0/inst/PS7_i/FCLKCLK[0]
                         net (fo=1, routed)           1.193     1.193    SD_System_i/processing_system7_0/inst/FCLK_CLK0
    BUFGCTRL_X0Y16       BUFG (Prop_bufg_I_O)         0.101     1.294 r  SD_System_i/processing_system7_0/inst/FCLK_CLK0_BUFG_inst/O
                         net (fo=1499, routed)        1.845     3.139    SD_System_i/Z_GPIO/U0/gpio_core_1/s_axi_aclk
    SLICE_X34Y100        FDRE                                         r  SD_System_i/Z_GPIO/U0/gpio_core_1/Not_Dual.gpio_Data_Out_reg[4]/C
  -------------------------------------------------------------------    -------------------
    SLICE_X34Y100        FDRE (Prop_fdre_C_Q)         0.478     3.617 r  SD_System_i/Z_GPIO/U0/gpio_core_1/Not_Dual.gpio_Data_Out_reg[4]/Q
                         net (fo=2, routed)           1.311     4.928    SD_System_i/Interconnect_Manager_0/inst/Z[27]
    SLICE_X34Y99         LUT6 (Prop_lut6_I4_O)        0.295     5.223 r  SD_System_i/Interconnect_Manager_0/inst/led0_inferred__1/led[2]_INST_0_i_3/O
                         net (fo=1, routed)           1.157     6.380    SD_System_i/Interconnect_Manager_0/inst/led0_inferred__1/led[2]_INST_0_i_3_n_0
    SLICE_X35Y93         LUT6 (Prop_lut6_I2_O)        0.124     6.504 r  SD_System_i/Interconnect_Manager_0/inst/led0_inferred__1/led[2]_INST_0/O
                         net (fo=1, routed)           5.190    11.694    led_OBUF[2]
    U22                  OBUF (Prop_obuf_I_O)         3.531    15.225 r  led_OBUF[2]_inst/O
                         net (fo=0)                   0.000    15.225    led[2]
    U22                                                               r  led[2] (OUT)
  -------------------------------------------------------------------    -------------------

Slack:                    inf
  Source:                 SD_System_i/X_GPIO/U0/gpio_core_1/Not_Dual.gpio_Data_Out_reg[11]/C
                            (rising edge-triggered cell FDRE clocked by clk_fpga_0  {rise@0.000ns fall@5.000ns period=10.000ns})
  Destination:            led[0]
                            (output port)
  Path Group:             (none)
  Path Type:              Max at Slow Process Corner
  Data Path Delay:        11.549ns  (logic 4.288ns (37.131%)  route 7.261ns (62.869%))
  Logic Levels:           3  (LUT6=2 OBUF=1)
  Clock Uncertainty:      0.152ns  ((TSJ^2 + TIJ^2)^1/2 + DJ) / 2 + PE
    Total System Jitter     (TSJ):    0.050ns
    Total Input Jitter      (TIJ):    0.300ns
    Discrete Jitter          (DJ):    0.000ns
    Phase Error              (PE):    0.000ns

    Location             Delay type                Incr(ns)  Path(ns)    Netlist Resource(s)
  -------------------------------------------------------------------    -------------------
                         (clock clk_fpga_0 rise edge)
                                                      0.000     0.000 r  
    PS7_X0Y0             PS7                          0.000     0.000 r  SD_System_i/processing_system7_0/inst/PS7_i/FCLKCLK[0]
                         net (fo=1, routed)           1.193     1.193    SD_System_i/processing_system7_0/inst/FCLK_CLK0
    BUFGCTRL_X0Y16       BUFG (Prop_bufg_I_O)         0.101     1.294 r  SD_System_i/processing_system7_0/inst/FCLK_CLK0_BUFG_inst/O
                         net (fo=1499, routed)        1.700     2.994    SD_System_i/X_GPIO/U0/gpio_core_1/s_axi_aclk
    SLICE_X30Y97         FDRE                                         r  SD_System_i/X_GPIO/U0/gpio_core_1/Not_Dual.gpio_Data_Out_reg[11]/C
  -------------------------------------------------------------------    -------------------
    SLICE_X30Y97         FDRE (Prop_fdre_C_Q)         0.518     3.512 r  SD_System_i/X_GPIO/U0/gpio_core_1/Not_Dual.gpio_Data_Out_reg[11]/Q
                         net (fo=2, routed)           0.872     4.384    SD_System_i/Interconnect_Manager_0/inst/X[20]
    SLICE_X30Y97         LUT6 (Prop_lut6_I5_O)        0.124     4.508 r  SD_System_i/Interconnect_Manager_0/inst/led[0]_INST_0_i_4/O
                         net (fo=1, routed)           1.256     5.763    SD_System_i/Interconnect_Manager_0/inst/led[0]_INST_0_i_4_n_0
    SLICE_X36Y91         LUT6 (Prop_lut6_I3_O)        0.124     5.887 r  SD_System_i/Interconnect_Manager_0/inst/led[0]_INST_0/O
                         net (fo=1, routed)           5.134    11.021    led_OBUF[0]
    T22                  OBUF (Prop_obuf_I_O)         3.522    14.543 r  led_OBUF[0]_inst/O
                         net (fo=0)                   0.000    14.543    led[0]
    T22                                                               r  led[0] (OUT)
  -------------------------------------------------------------------    -------------------

Slack:                    inf
  Source:                 SD_System_i/Y_GPIO/U0/gpio_core_1/Not_Dual.gpio_Data_Out_reg[23]/C
                            (rising edge-triggered cell FDRE clocked by clk_fpga_0  {rise@0.000ns fall@5.000ns period=10.000ns})
  Destination:            led[1]
                            (output port)
  Path Group:             (none)
  Path Type:              Max at Slow Process Corner
  Data Path Delay:        11.403ns  (logic 4.417ns (38.733%)  route 6.986ns (61.267%))
  Logic Levels:           3  (LUT6=2 OBUF=1)
  Clock Uncertainty:      0.152ns  ((TSJ^2 + TIJ^2)^1/2 + DJ) / 2 + PE
    Total System Jitter     (TSJ):    0.050ns
    Total Input Jitter      (TIJ):    0.300ns
    Discrete Jitter          (DJ):    0.000ns
    Phase Error              (PE):    0.000ns

    Location             Delay type                Incr(ns)  Path(ns)    Netlist Resource(s)
  -------------------------------------------------------------------    -------------------
                         (clock clk_fpga_0 rise edge)
                                                      0.000     0.000 r  
    PS7_X0Y0             PS7                          0.000     0.000 r  SD_System_i/processing_system7_0/inst/PS7_i/FCLKCLK[0]
                         net (fo=1, routed)           1.193     1.193    SD_System_i/processing_system7_0/inst/FCLK_CLK0
    BUFGCTRL_X0Y16       BUFG (Prop_bufg_I_O)         0.101     1.294 r  SD_System_i/processing_system7_0/inst/FCLK_CLK0_BUFG_inst/O
                         net (fo=1499, routed)        1.698     2.992    SD_System_i/Y_GPIO/U0/gpio_core_1/s_axi_aclk
    SLICE_X30Y92         FDRE                                         r  SD_System_i/Y_GPIO/U0/gpio_core_1/Not_Dual.gpio_Data_Out_reg[23]/C
  -------------------------------------------------------------------    -------------------
    SLICE_X30Y92         FDRE (Prop_fdre_C_Q)         0.478     3.470 r  SD_System_i/Y_GPIO/U0/gpio_core_1/Not_Dual.gpio_Data_Out_reg[23]/Q
                         net (fo=2, routed)           0.917     4.387    SD_System_i/Interconnect_Manager_0/inst/Y[8]
    SLICE_X31Y91         LUT6 (Prop_lut6_I5_O)        0.301     4.688 r  SD_System_i/Interconnect_Manager_0/inst/led0_inferred__0/led[1]_INST_0_i_1/O
                         net (fo=1, routed)           0.892     5.579    SD_System_i/Interconnect_Manager_0/inst/led0_inferred__0/led[1]_INST_0_i_1_n_0
    SLICE_X34Y91         LUT6 (Prop_lut6_I0_O)        0.124     5.703 r  SD_System_i/Interconnect_Manager_0/inst/led0_inferred__0/led[1]_INST_0/O
                         net (fo=1, routed)           5.178    10.881    led_OBUF[1]
    T21                  OBUF (Prop_obuf_I_O)         3.514    14.395 r  led_OBUF[1]_inst/O
                         net (fo=0)                   0.000    14.395    led[1]
    T21                                                               r  led[1] (OUT)
  -------------------------------------------------------------------    -------------------

Slack:                    inf
  Source:                 SD_System_i/INTERCONNECT_GPIO/U0/gpio_core_1/Dual.gpio_Data_Out_reg[2]/C
                            (rising edge-triggered cell FDRE clocked by clk_fpga_0  {rise@0.000ns fall@5.000ns period=10.000ns})
  Destination:            led[4]
                            (output port)
  Path Group:             (none)
  Path Type:              Max at Slow Process Corner
  Data Path Delay:        11.241ns  (logic 4.303ns (38.277%)  route 6.938ns (61.723%))
  Logic Levels:           3  (LUT4=1 LUT5=1 OBUF=1)
  Clock Uncertainty:      0.152ns  ((TSJ^2 + TIJ^2)^1/2 + DJ) / 2 + PE
    Total System Jitter     (TSJ):    0.050ns
    Total Input Jitter      (TIJ):    0.300ns
    Discrete Jitter          (DJ):    0.000ns
    Phase Error              (PE):    0.000ns

    Location             Delay type                Incr(ns)  Path(ns)    Netlist Resource(s)
  -------------------------------------------------------------------    -------------------
                         (clock clk_fpga_0 rise edge)
                                                      0.000     0.000 r  
    PS7_X0Y0             PS7                          0.000     0.000 r  SD_System_i/processing_system7_0/inst/PS7_i/FCLKCLK[0]
                         net (fo=1, routed)           1.193     1.193    SD_System_i/processing_system7_0/inst/FCLK_CLK0
    BUFGCTRL_X0Y16       BUFG (Prop_bufg_I_O)         0.101     1.294 r  SD_System_i/processing_system7_0/inst/FCLK_CLK0_BUFG_inst/O
                         net (fo=1499, routed)        1.649     2.943    SD_System_i/INTERCONNECT_GPIO/U0/gpio_core_1/s_axi_aclk
    SLICE_X42Y89         FDRE                                         r  SD_System_i/INTERCONNECT_GPIO/U0/gpio_core_1/Dual.gpio_Data_Out_reg[2]/C
  -------------------------------------------------------------------    -------------------
    SLICE_X42Y89         FDRE (Prop_fdre_C_Q)         0.518     3.461 r  SD_System_i/INTERCONNECT_GPIO/U0/gpio_core_1/Dual.gpio_Data_Out_reg[2]/Q
                         net (fo=2, routed)           1.112     4.573    SD_System_i/Interconnect_Manager_0/inst/PS_Channel[5]
    SLICE_X42Y89         LUT4 (Prop_lut4_I2_O)        0.124     4.697 f  SD_System_i/Interconnect_Manager_0/inst/led0_inferred__3/led[4]_INST_0_i_1/O
                         net (fo=1, routed)           0.796     5.494    SD_System_i/Interconnect_Manager_0/inst/led0_inferred__3/led[4]_INST_0_i_1_n_0
    SLICE_X42Y89         LUT5 (Prop_lut5_I4_O)        0.124     5.618 r  SD_System_i/Interconnect_Manager_0/inst/led0_inferred__3/led[4]_INST_0/O
                         net (fo=1, routed)           5.030    10.647    led_OBUF[4]
    V22                  OBUF (Prop_obuf_I_O)         3.537    14.184 r  led_OBUF[4]_inst/O
                         net (fo=0)                   0.000    14.184    led[4]
    V22                                                               r  led[4] (OUT)
  -------------------------------------------------------------------    -------------------

Slack:                    inf
  Source:                 SD_System_i/COMMAND_GPIO/U0/gpio_core_1/Not_Dual.gpio_Data_Out_reg[3]/C
                            (rising edge-triggered cell FDRE clocked by clk_fpga_0  {rise@0.000ns fall@5.000ns period=10.000ns})
  Destination:            led[3]
                            (output port)
  Path Group:             (none)
  Path Type:              Max at Slow Process Corner
  Data Path Delay:        10.440ns  (logic 4.234ns (40.554%)  route 6.206ns (59.446%))
  Logic Levels:           3  (LUT4=1 LUT5=1 OBUF=1)
  Clock Uncertainty:      0.152ns  ((TSJ^2 + TIJ^2)^1/2 + DJ) / 2 + PE
    Total System Jitter     (TSJ):    0.050ns
    Total Input Jitter      (TIJ):    0.300ns
    Discrete Jitter          (DJ):    0.000ns
    Phase Error              (PE):    0.000ns

    Location             Delay type                Incr(ns)  Path(ns)    Netlist Resource(s)
  -------------------------------------------------------------------    -------------------
                         (clock clk_fpga_0 rise edge)
                                                      0.000     0.000 r  
    PS7_X0Y0             PS7                          0.000     0.000 r  SD_System_i/processing_system7_0/inst/PS7_i/FCLKCLK[0]
                         net (fo=1, routed)           1.193     1.193    SD_System_i/processing_system7_0/inst/FCLK_CLK0
    BUFGCTRL_X0Y16       BUFG (Prop_bufg_I_O)         0.101     1.294 r  SD_System_i/processing_system7_0/inst/FCLK_CLK0_BUFG_inst/O
                         net (fo=1499, routed)        1.650     2.944    SD_System_i/COMMAND_GPIO/U0/gpio_core_1/s_axi_aclk
    SLICE_X40Y92         FDRE                                         r  SD_System_i/COMMAND_GPIO/U0/gpio_core_1/Not_Dual.gpio_Data_Out_reg[3]/C
  -------------------------------------------------------------------    -------------------
    SLICE_X40Y92         FDRE (Prop_fdre_C_Q)         0.456     3.400 r  SD_System_i/COMMAND_GPIO/U0/gpio_core_1/Not_Dual.gpio_Data_Out_reg[3]/Q
                         net (fo=2, routed)           0.937     4.337    SD_System_i/Interconnect_Manager_0/inst/CMD[4]
    SLICE_X40Y92         LUT4 (Prop_lut4_I3_O)        0.124     4.461 f  SD_System_i/Interconnect_Manager_0/inst/led0_inferred__2/led[3]_INST_0_i_1/O
                         net (fo=1, routed)           0.280     4.741    SD_System_i/Interconnect_Manager_0/inst/led0_inferred__2/led[3]_INST_0_i_1_n_0
    SLICE_X40Y92         LUT5 (Prop_lut5_I4_O)        0.124     4.865 r  SD_System_i/Interconnect_Manager_0/inst/led0_inferred__2/led[3]_INST_0/O
                         net (fo=1, routed)           4.989     9.854    led_OBUF[3]
    U21                  OBUF (Prop_obuf_I_O)         3.530    13.384 r  led_OBUF[3]_inst/O
                         net (fo=0)                   0.000    13.384    led[3]
    U21                                                               r  led[3] (OUT)
  -------------------------------------------------------------------    -------------------





Min Delay Paths
--------------------------------------------------------------------------------------
Slack:                    inf
  Source:                 SD_System_i/INTERCONNECT_GPIO/U0/gpio_core_1/Dual.gpio_Data_Out_reg[7]/C
                            (rising edge-triggered cell FDRE clocked by clk_fpga_0  {rise@0.000ns fall@5.000ns period=10.000ns})
  Destination:            led[4]
                            (output port)
  Path Group:             (none)
  Path Type:              Min at Fast Process Corner
  Data Path Delay:        3.554ns  (logic 1.485ns (41.773%)  route 2.069ns (58.227%))
  Logic Levels:           2  (LUT5=1 OBUF=1)
  Clock Uncertainty:      0.152ns  ((TSJ^2 + TIJ^2)^1/2 + DJ) / 2 + PE
    Total System Jitter     (TSJ):    0.050ns
    Total Input Jitter      (TIJ):    0.300ns
    Discrete Jitter          (DJ):    0.000ns
    Phase Error              (PE):    0.000ns

    Location             Delay type                Incr(ns)  Path(ns)    Netlist Resource(s)
  -------------------------------------------------------------------    -------------------
                         (clock clk_fpga_0 rise edge)
                                                      0.000     0.000 r  
    PS7_X0Y0             PS7                          0.000     0.000 r  SD_System_i/processing_system7_0/inst/PS7_i/FCLKCLK[0]
                         net (fo=1, routed)           0.310     0.310    SD_System_i/processing_system7_0/inst/FCLK_CLK0
    BUFGCTRL_X0Y16       BUFG (Prop_bufg_I_O)         0.026     0.336 r  SD_System_i/processing_system7_0/inst/FCLK_CLK0_BUFG_inst/O
                         net (fo=1499, routed)        0.554     0.890    SD_System_i/INTERCONNECT_GPIO/U0/gpio_core_1/s_axi_aclk
    SLICE_X42Y89         FDRE                                         r  SD_System_i/INTERCONNECT_GPIO/U0/gpio_core_1/Dual.gpio_Data_Out_reg[7]/C
  -------------------------------------------------------------------    -------------------
    SLICE_X42Y89         FDRE (Prop_fdre_C_Q)         0.148     1.038 r  SD_System_i/INTERCONNECT_GPIO/U0/gpio_core_1/Dual.gpio_Data_Out_reg[7]/Q
                         net (fo=2, routed)           0.109     1.147    SD_System_i/Interconnect_Manager_0/inst/PS_Channel[0]
    SLICE_X42Y89         LUT5 (Prop_lut5_I0_O)        0.099     1.246 r  SD_System_i/Interconnect_Manager_0/inst/led0_inferred__3/led[4]_INST_0/O
                         net (fo=1, routed)           1.961     3.206    led_OBUF[4]
    V22                  OBUF (Prop_obuf_I_O)         1.238     4.444 r  led_OBUF[4]_inst/O
                         net (fo=0)                   0.000     4.444    led[4]
    V22                                                               r  led[4] (OUT)
  -------------------------------------------------------------------    -------------------

Slack:                    inf
  Source:                 SD_System_i/COMMAND_GPIO/U0/gpio_core_1/Not_Dual.gpio_Data_Out_reg[7]/C
                            (rising edge-triggered cell FDRE clocked by clk_fpga_0  {rise@0.000ns fall@5.000ns period=10.000ns})
  Destination:            led[3]
                            (output port)
  Path Group:             (none)
  Path Type:              Min at Fast Process Corner
  Data Path Delay:        3.563ns  (logic 1.458ns (40.908%)  route 2.106ns (59.092%))
  Logic Levels:           2  (LUT5=1 OBUF=1)
  Clock Uncertainty:      0.152ns  ((TSJ^2 + TIJ^2)^1/2 + DJ) / 2 + PE
    Total System Jitter     (TSJ):    0.050ns
    Total Input Jitter      (TIJ):    0.300ns
    Discrete Jitter          (DJ):    0.000ns
    Phase Error              (PE):    0.000ns

    Location             Delay type                Incr(ns)  Path(ns)    Netlist Resource(s)
  -------------------------------------------------------------------    -------------------
                         (clock clk_fpga_0 rise edge)
                                                      0.000     0.000 r  
    PS7_X0Y0             PS7                          0.000     0.000 r  SD_System_i/processing_system7_0/inst/PS7_i/FCLKCLK[0]
                         net (fo=1, routed)           0.310     0.310    SD_System_i/processing_system7_0/inst/FCLK_CLK0
    BUFGCTRL_X0Y16       BUFG (Prop_bufg_I_O)         0.026     0.336 r  SD_System_i/processing_system7_0/inst/FCLK_CLK0_BUFG_inst/O
                         net (fo=1499, routed)        0.555     0.891    SD_System_i/COMMAND_GPIO/U0/gpio_core_1/s_axi_aclk
    SLICE_X40Y92         FDRE                                         r  SD_System_i/COMMAND_GPIO/U0/gpio_core_1/Not_Dual.gpio_Data_Out_reg[7]/C
  -------------------------------------------------------------------    -------------------
    SLICE_X40Y92         FDRE (Prop_fdre_C_Q)         0.128     1.019 r  SD_System_i/COMMAND_GPIO/U0/gpio_core_1/Not_Dual.gpio_Data_Out_reg[7]/Q
                         net (fo=2, routed)           0.163     1.181    SD_System_i/Interconnect_Manager_0/inst/CMD[0]
    SLICE_X40Y92         LUT5 (Prop_lut5_I0_O)        0.099     1.280 r  SD_System_i/Interconnect_Manager_0/inst/led0_inferred__2/led[3]_INST_0/O
                         net (fo=1, routed)           1.943     3.223    led_OBUF[3]
    U21                  OBUF (Prop_obuf_I_O)         1.231     4.454 r  led_OBUF[3]_inst/O
                         net (fo=0)                   0.000     4.454    led[3]
    U21                                                               r  led[3] (OUT)
  -------------------------------------------------------------------    -------------------

Slack:                    inf
  Source:                 SD_System_i/X_GPIO/U0/gpio_core_1/Not_Dual.gpio_Data_Out_reg[27]/C
                            (rising edge-triggered cell FDRE clocked by clk_fpga_0  {rise@0.000ns fall@5.000ns period=10.000ns})
  Destination:            led[0]
                            (output port)
  Path Group:             (none)
  Path Type:              Min at Fast Process Corner
  Data Path Delay:        3.707ns  (logic 1.477ns (39.856%)  route 2.229ns (60.144%))
  Logic Levels:           3  (LUT6=2 OBUF=1)
  Clock Uncertainty:      0.152ns  ((TSJ^2 + TIJ^2)^1/2 + DJ) / 2 + PE
    Total System Jitter     (TSJ):    0.050ns
    Total Input Jitter      (TIJ):    0.300ns
    Discrete Jitter          (DJ):    0.000ns
    Phase Error              (PE):    0.000ns

    Location             Delay type                Incr(ns)  Path(ns)    Netlist Resource(s)
  -------------------------------------------------------------------    -------------------
                         (clock clk_fpga_0 rise edge)
                                                      0.000     0.000 r  
    PS7_X0Y0             PS7                          0.000     0.000 r  SD_System_i/processing_system7_0/inst/PS7_i/FCLKCLK[0]
                         net (fo=1, routed)           0.310     0.310    SD_System_i/processing_system7_0/inst/FCLK_CLK0
    BUFGCTRL_X0Y16       BUFG (Prop_bufg_I_O)         0.026     0.336 r  SD_System_i/processing_system7_0/inst/FCLK_CLK0_BUFG_inst/O
                         net (fo=1499, routed)        0.555     0.891    SD_System_i/X_GPIO/U0/gpio_core_1/s_axi_aclk
    SLICE_X38Y91         FDRE                                         r  SD_System_i/X_GPIO/U0/gpio_core_1/Not_Dual.gpio_Data_Out_reg[27]/C
  -------------------------------------------------------------------    -------------------
    SLICE_X38Y91         FDRE (Prop_fdre_C_Q)         0.164     1.055 r  SD_System_i/X_GPIO/U0/gpio_core_1/Not_Dual.gpio_Data_Out_reg[27]/Q
                         net (fo=2, routed)           0.127     1.181    SD_System_i/Interconnect_Manager_0/inst/X[4]
    SLICE_X38Y91         LUT6 (Prop_lut6_I2_O)        0.045     1.226 r  SD_System_i/Interconnect_Manager_0/inst/led[0]_INST_0_i_6/O
                         net (fo=1, routed)           0.099     1.325    SD_System_i/Interconnect_Manager_0/inst/led[0]_INST_0_i_6_n_0
    SLICE_X36Y91         LUT6 (Prop_lut6_I5_O)        0.045     1.370 r  SD_System_i/Interconnect_Manager_0/inst/led[0]_INST_0/O
                         net (fo=1, routed)           2.004     3.374    led_OBUF[0]
    T22                  OBUF (Prop_obuf_I_O)         1.223     4.597 r  led_OBUF[0]_inst/O
                         net (fo=0)                   0.000     4.597    led[0]
    T22                                                               r  led[0] (OUT)
  -------------------------------------------------------------------    -------------------

Slack:                    inf
  Source:                 SD_System_i/Y_GPIO/U0/gpio_core_1/Not_Dual.gpio_Data_Out_reg[1]/C
                            (rising edge-triggered cell FDRE clocked by clk_fpga_0  {rise@0.000ns fall@5.000ns period=10.000ns})
  Destination:            led[1]
                            (output port)
  Path Group:             (none)
  Path Type:              Min at Fast Process Corner
  Data Path Delay:        3.745ns  (logic 1.446ns (38.605%)  route 2.299ns (61.395%))
  Logic Levels:           3  (LUT6=2 OBUF=1)
  Clock Uncertainty:      0.152ns  ((TSJ^2 + TIJ^2)^1/2 + DJ) / 2 + PE
    Total System Jitter     (TSJ):    0.050ns
    Total Input Jitter      (TIJ):    0.300ns
    Discrete Jitter          (DJ):    0.000ns
    Phase Error              (PE):    0.000ns

    Location             Delay type                Incr(ns)  Path(ns)    Netlist Resource(s)
  -------------------------------------------------------------------    -------------------
                         (clock clk_fpga_0 rise edge)
                                                      0.000     0.000 r  
    PS7_X0Y0             PS7                          0.000     0.000 r  SD_System_i/processing_system7_0/inst/PS7_i/FCLKCLK[0]
                         net (fo=1, routed)           0.310     0.310    SD_System_i/processing_system7_0/inst/FCLK_CLK0
    BUFGCTRL_X0Y16       BUFG (Prop_bufg_I_O)         0.026     0.336 r  SD_System_i/processing_system7_0/inst/FCLK_CLK0_BUFG_inst/O
                         net (fo=1499, routed)        0.558     0.894    SD_System_i/Y_GPIO/U0/gpio_core_1/s_axi_aclk
    SLICE_X35Y94         FDRE                                         r  SD_System_i/Y_GPIO/U0/gpio_core_1/Not_Dual.gpio_Data_Out_reg[1]/C
  -------------------------------------------------------------------    -------------------
    SLICE_X35Y94         FDRE (Prop_fdre_C_Q)         0.141     1.035 r  SD_System_i/Y_GPIO/U0/gpio_core_1/Not_Dual.gpio_Data_Out_reg[1]/Q
                         net (fo=2, routed)           0.066     1.101    SD_System_i/Interconnect_Manager_0/inst/Y[30]
    SLICE_X34Y94         LUT6 (Prop_lut6_I0_O)        0.045     1.146 r  SD_System_i/Interconnect_Manager_0/inst/led0_inferred__0/led[1]_INST_0_i_3/O
                         net (fo=1, routed)           0.205     1.351    SD_System_i/Interconnect_Manager_0/inst/led0_inferred__0/led[1]_INST_0_i_3_n_0
    SLICE_X34Y91         LUT6 (Prop_lut6_I2_O)        0.045     1.396 r  SD_System_i/Interconnect_Manager_0/inst/led0_inferred__0/led[1]_INST_0/O
                         net (fo=1, routed)           2.028     3.424    led_OBUF[1]
    T21                  OBUF (Prop_obuf_I_O)         1.215     4.639 r  led_OBUF[1]_inst/O
                         net (fo=0)                   0.000     4.639    led[1]
    T21                                                               r  led[1] (OUT)
  -------------------------------------------------------------------    -------------------

Slack:                    inf
  Source:                 SD_System_i/Z_GPIO/U0/gpio_core_1/Not_Dual.gpio_Data_Out_reg[19]/C
                            (rising edge-triggered cell FDRE clocked by clk_fpga_0  {rise@0.000ns fall@5.000ns period=10.000ns})
  Destination:            led[2]
                            (output port)
  Path Group:             (none)
  Path Type:              Min at Fast Process Corner
  Data Path Delay:        3.815ns  (logic 1.463ns (38.348%)  route 2.352ns (61.652%))
  Logic Levels:           3  (LUT6=2 OBUF=1)
  Clock Uncertainty:      0.152ns  ((TSJ^2 + TIJ^2)^1/2 + DJ) / 2 + PE
    Total System Jitter     (TSJ):    0.050ns
    Total Input Jitter      (TIJ):    0.300ns
    Discrete Jitter          (DJ):    0.000ns
    Phase Error              (PE):    0.000ns

    Location             Delay type                Incr(ns)  Path(ns)    Netlist Resource(s)
  -------------------------------------------------------------------    -------------------
                         (clock clk_fpga_0 rise edge)
                                                      0.000     0.000 r  
    PS7_X0Y0             PS7                          0.000     0.000 r  SD_System_i/processing_system7_0/inst/PS7_i/FCLKCLK[0]
                         net (fo=1, routed)           0.310     0.310    SD_System_i/processing_system7_0/inst/FCLK_CLK0
    BUFGCTRL_X0Y16       BUFG (Prop_bufg_I_O)         0.026     0.336 r  SD_System_i/processing_system7_0/inst/FCLK_CLK0_BUFG_inst/O
                         net (fo=1499, routed)        0.557     0.893    SD_System_i/Z_GPIO/U0/gpio_core_1/s_axi_aclk
    SLICE_X33Y92         FDRE                                         r  SD_System_i/Z_GPIO/U0/gpio_core_1/Not_Dual.gpio_Data_Out_reg[19]/C
  -------------------------------------------------------------------    -------------------
    SLICE_X33Y92         FDRE (Prop_fdre_C_Q)         0.141     1.034 r  SD_System_i/Z_GPIO/U0/gpio_core_1/Not_Dual.gpio_Data_Out_reg[19]/Q
                         net (fo=2, routed)           0.120     1.153    SD_System_i/Interconnect_Manager_0/inst/Z[12]
    SLICE_X35Y92         LUT6 (Prop_lut6_I0_O)        0.045     1.198 r  SD_System_i/Interconnect_Manager_0/inst/led0_inferred__1/led[2]_INST_0_i_1/O
                         net (fo=1, routed)           0.184     1.382    SD_System_i/Interconnect_Manager_0/inst/led0_inferred__1/led[2]_INST_0_i_1_n_0
    SLICE_X35Y93         LUT6 (Prop_lut6_I0_O)        0.045     1.427 r  SD_System_i/Interconnect_Manager_0/inst/led0_inferred__1/led[2]_INST_0/O
                         net (fo=1, routed)           2.049     3.476    led_OBUF[2]
    U22                  OBUF (Prop_obuf_I_O)         1.232     4.708 r  led_OBUF[2]_inst/O
                         net (fo=0)                   0.000     4.708    led[2]
    U22                                                               r  led[2] (OUT)
  -------------------------------------------------------------------    -------------------





