; GCODE GENERATED BY IMAGE-TO-GCODE CONVERTER
; DATE: 09/03/2026, 22:42:34
; BED SIZE: 150x150mm

G21          ; SET UNITS TO MILLIMETERS
G90          ; ABSOLUTE POSITIONING
G0 Z5.00      ; PEN UP TO SAFE HEIGHT
G0 X0 Y0     ; MOVE TO ORIGIN

; BEGIN DRAWING
G0 X125.903 Y143.555   ; RAPID TO START
G1 Z0.00 F500    ; PEN DOWN
G4 P100           ; DWELL
G1 X129.414 Y142.495 F7200  ; DRAW LINE
G1 X133.081 Y137.549 F7200  ; DRAW LINE
G1 X139.453 Y135.571 F7200  ; DRAW LINE
G1 X140.590 Y129.325 F7200  ; DRAW LINE
G1 X144.445 Y126.765 F7200  ; DRAW LINE
G1 X146.631 Y117.700 F7200  ; DRAW LINE
G1 X141.702 Y106.779 F7200  ; DRAW LINE
G1 X132.495 Y102.100 F7200  ; DRAW LINE
G1 X103.638 Y93.604 F7200  ; DRAW LINE
G1 X99.536 Y84.082 F7200  ; DRAW LINE
G1 X87.671 Y84.668 F7200  ; DRAW LINE
G1 X76.904 Y80.713 F7200  ; DRAW LINE
G1 X73.144 Y74.533 F7200  ; DRAW LINE
G1 X75.220 Y70.166 F7200  ; DRAW LINE
G1 X81.246 Y71.505 F7200  ; DRAW LINE
G1 X84.741 Y66.650 F7200  ; DRAW LINE
G1 X89.937 Y64.053 F7200  ; DRAW LINE
G1 X89.355 Y53.613 F7200  ; DRAW LINE
G1 X83.716 Y54.199 F7200  ; DRAW LINE
G1 X82.471 Y52.295 F7200  ; DRAW LINE
G1 X90.871 Y51.673 F7200  ; DRAW LINE
G1 X102.905 Y59.033 F7200  ; DRAW LINE
G1 X116.016 Y51.929 F7200  ; DRAW LINE
G1 X113.599 Y40.430 F7200  ; DRAW LINE
G1 X104.077 Y46.289 F7200  ; DRAW LINE
G1 X93.311 Y42.188 F7200  ; DRAW LINE
G1 X98.511 Y37.793 F7200  ; DRAW LINE
G1 X107.593 Y33.252 F7200  ; DRAW LINE
G1 X150.000 Y30.762 F7200  ; DRAW LINE
G1 X107.813 Y33.105 F7200  ; DRAW LINE
G1 X112.207 Y31.714 F7200  ; DRAW LINE
G1 X116.162 Y27.173 F7200  ; DRAW LINE
G1 X115.576 Y15.454 F7200  ; DRAW LINE
G1 X118.506 Y1.172 F7200  ; DRAW LINE
G1 X129.565 Y3.662 F7200  ; DRAW LINE
G1 X127.295 Y2.271 F7200  ; DRAW LINE
G1 X134.326 Y0.073 F7200  ; DRAW LINE
G1 X128.833 Y1.904 F7200  ; DRAW LINE
G1 X118.359 Y0.220 F7200  ; DRAW LINE
G1 X115.137 Y16.040 F7200  ; DRAW LINE
G1 X110.815 Y24.023 F7200  ; DRAW LINE
G1 X102.874 Y21.441 F7200  ; DRAW LINE
G1 X98.537 Y14.681 F7200  ; DRAW LINE
G1 X109.424 Y0.073 F7200  ; DRAW LINE
G1 X103.345 Y7.910 F7200  ; DRAW LINE
G1 X96.313 Y5.273 F7200  ; DRAW LINE
G1 X92.651 Y6.592 F7200  ; DRAW LINE
G1 X83.940 Y18.573 F7200  ; DRAW LINE
G1 X67.749 Y27.686 F7200  ; DRAW LINE
G1 X52.148 Y13.257 F7200  ; DRAW LINE
G1 X62.481 Y12.333 F7200  ; DRAW LINE
G1 X65.254 Y9.826 F7200  ; DRAW LINE
G1 X64.746 Y6.372 F7200  ; DRAW LINE
G1 X61.011 Y0.000 F7200  ; DRAW LINE
G1 X64.819 Y9.961 F7200  ; DRAW LINE
G1 X60.352 Y0.000 F7200  ; DRAW LINE
G1 X59.985 Y1.465 F7200  ; DRAW LINE
G1 X55.225 Y0.000 F7200  ; DRAW LINE
G1 X54.126 Y2.490 F7200  ; DRAW LINE
G1 X51.701 Y-0.043 F7200  ; DRAW LINE
G1 X55.298 Y8.057 F7200  ; DRAW LINE
G1 X37.720 Y3.369 F7200  ; DRAW LINE
G1 X32.813 Y5.640 F7200  ; DRAW LINE
G1 X38.745 Y3.809 F7200  ; DRAW LINE
G1 X56.030 Y8.350 F7200  ; DRAW LINE
G1 X55.225 Y4.688 F7200  ; DRAW LINE
G1 X60.067 Y2.740 F7200  ; DRAW LINE
G1 X63.428 Y9.009 F7200  ; DRAW LINE
G1 X62.104 Y12.197 F7200  ; DRAW LINE
G1 X51.929 Y13.037 F7200  ; DRAW LINE
G1 X49.392 Y8.368 F7200  ; DRAW LINE
G1 X44.977 Y6.571 F7200  ; DRAW LINE
G1 X31.895 Y9.074 F7200  ; DRAW LINE
G1 X29.332 Y15.958 F7200  ; DRAW LINE
G1 X30.369 Y20.599 F7200  ; DRAW LINE
G1 X39.404 Y28.491 F7200  ; DRAW LINE
G1 X0.000 Y24.463 F7200  ; DRAW LINE
G1 X39.478 Y28.711 F7200  ; DRAW LINE
G1 X49.219 Y42.114 F7200  ; DRAW LINE
G1 X49.438 Y46.289 F7200  ; DRAW LINE
G1 X44.842 Y46.110 F7200  ; DRAW LINE
G1 X45.588 Y41.350 F7200  ; DRAW LINE
G1 X41.162 Y42.847 F7200  ; DRAW LINE
G1 X41.748 Y58.008 F7200  ; DRAW LINE
G1 X35.825 Y54.570 F7200  ; DRAW LINE
G1 X32.300 Y47.900 F7200  ; DRAW LINE
G1 X24.902 Y51.343 F7200  ; DRAW LINE
G1 X27.466 Y59.033 F7200  ; DRAW LINE
G1 X32.153 Y58.594 F7200  ; DRAW LINE
G1 X37.207 Y63.940 F7200  ; DRAW LINE
G1 X35.156 Y65.259 F7200  ; DRAW LINE
G1 X36.841 Y67.969 F7200  ; DRAW LINE
G1 X31.348 Y74.048 F7200  ; DRAW LINE
G1 X31.201 Y79.321 F7200  ; DRAW LINE
G1 X28.198 Y82.031 F7200  ; DRAW LINE
G1 X18.530 Y79.395 F7200  ; DRAW LINE
G1 X13.184 Y81.226 F7200  ; DRAW LINE
G1 X14.941 Y87.524 F7200  ; DRAW LINE
G1 X21.387 Y94.849 F7200  ; DRAW LINE
G1 X18.750 Y104.956 F7200  ; DRAW LINE
G1 X23.364 Y115.723 F7200  ; DRAW LINE
G1 X33.911 Y120.996 F7200  ; DRAW LINE
G1 X44.019 Y119.531 F7200  ; DRAW LINE
G1 X49.177 Y115.256 F7200  ; DRAW LINE
G1 X52.808 Y108.252 F7200  ; DRAW LINE
G1 X66.650 Y107.520 F7200  ; DRAW LINE
G1 X66.797 Y102.612 F7200  ; DRAW LINE
G1 X75.586 Y93.604 F7200  ; DRAW LINE
G1 X81.885 Y97.925 F7200  ; DRAW LINE
G1 X89.722 Y110.889 F7200  ; DRAW LINE
G1 X97.046 Y108.838 F7200  ; DRAW LINE
G1 X115.966 Y136.294 F7200  ; DRAW LINE
G1 X125.903 Y143.555 F7200  ; DRAW LINE
G0 Z5.00               ; PEN UP

G0 X125.537 Y143.115   ; RAPID TO START
G1 Z0.00 F500    ; PEN DOWN
G4 P100           ; DWELL
G1 X120.557 Y140.479 F7200  ; DRAW LINE
G1 X107.227 Y123.340 F7200  ; DRAW LINE
G1 X106.348 Y113.672 F7200  ; DRAW LINE
G1 X121.875 Y108.105 F7200  ; DRAW LINE
G1 X125.537 Y108.838 F7200  ; DRAW LINE
G1 X127.441 Y112.500 F7200  ; DRAW LINE
G1 X126.275 Y116.273 F7200  ; DRAW LINE
G1 X111.914 Y122.900 F7200  ; DRAW LINE
G1 X115.283 Y121.875 F7200  ; DRAW LINE
G1 X113.965 Y125.391 F7200  ; DRAW LINE
G1 X116.016 Y121.436 F7200  ; DRAW LINE
G1 X117.773 Y125.391 F7200  ; DRAW LINE
G1 X116.016 Y129.785 F7200  ; DRAW LINE
G1 X118.066 Y125.537 F7200  ; DRAW LINE
G1 X119.971 Y126.709 F7200  ; DRAW LINE
G1 X117.334 Y133.594 F7200  ; DRAW LINE
G1 X119.678 Y127.734 F7200  ; DRAW LINE
G1 X120.996 Y136.230 F7200  ; DRAW LINE
G1 X119.824 Y128.906 F7200  ; DRAW LINE
G1 X122.021 Y126.709 F7200  ; DRAW LINE
G1 X119.385 Y125.977 F7200  ; DRAW LINE
G1 X118.213 Y122.021 F7200  ; DRAW LINE
G1 X118.652 Y125.391 F7200  ; DRAW LINE
G1 X116.871 Y124.236 F7200  ; DRAW LINE
G1 X116.309 Y121.143 F7200  ; DRAW LINE
G1 X124.512 Y117.920 F7200  ; DRAW LINE
G1 X128.168 Y120.064 F7200  ; DRAW LINE
G1 X131.836 Y124.365 F7200  ; DRAW LINE
G1 X131.250 Y136.230 F7200  ; DRAW LINE
G1 X131.982 Y131.250 F7200  ; DRAW LINE
G1 X133.301 Y133.154 F7200  ; DRAW LINE
G1 X132.129 Y124.072 F7200  ; DRAW LINE
G1 X124.951 Y117.627 F7200  ; DRAW LINE
G1 X127.734 Y112.207 F7200  ; DRAW LINE
G1 X135.645 Y115.137 F7200  ; DRAW LINE
G1 X139.453 Y127.295 F7200  ; DRAW LINE
G1 X136.816 Y115.869 F7200  ; DRAW LINE
G1 X128.467 Y111.768 F7200  ; DRAW LINE
G1 X130.939 Y108.639 F7200  ; DRAW LINE
G1 X138.574 Y110.010 F7200  ; DRAW LINE
G1 X143.555 Y120.410 F7200  ; DRAW LINE
G1 X139.453 Y110.303 F7200  ; DRAW LINE
G1 X131.836 Y108.252 F7200  ; DRAW LINE
G1 X133.594 Y105.762 F7200  ; DRAW LINE
G1 X140.479 Y105.908 F7200  ; DRAW LINE
G1 X146.338 Y118.359 F7200  ; DRAW LINE
G1 X143.994 Y126.709 F7200  ; DRAW LINE
G1 X140.221 Y129.234 F7200  ; DRAW LINE
G1 X139.014 Y135.498 F7200  ; DRAW LINE
G1 X132.861 Y137.256 F7200  ; DRAW LINE
G1 X128.666 Y142.529 F7200  ; DRAW LINE
G1 X125.537 Y143.115 F7200  ; DRAW LINE
G0 Z5.00               ; PEN UP

G0 X35.156 Y120.703   ; RAPID TO START
G1 Z0.00 F500    ; PEN DOWN
G4 P100           ; DWELL
G1 X26.660 Y117.773 F7200  ; DRAW LINE
G1 X20.654 Y111.182 F7200  ; DRAW LINE
G1 X19.189 Y101.953 F7200  ; DRAW LINE
G1 X21.240 Y96.533 F7200  ; DRAW LINE
G1 X21.217 Y101.479 F7200  ; DRAW LINE
G1 X22.852 Y99.023 F7200  ; DRAW LINE
G1 X28.600 Y106.371 F7200  ; DRAW LINE
G1 X42.041 Y110.156 F7200  ; DRAW LINE
G1 X41.748 Y111.621 F7200  ; DRAW LINE
G1 X46.582 Y110.596 F7200  ; DRAW LINE
G1 X45.850 Y113.232 F7200  ; DRAW LINE
G1 X46.729 Y110.596 F7200  ; DRAW LINE
G1 X48.926 Y110.449 F7200  ; DRAW LINE
G1 X48.486 Y112.646 F7200  ; DRAW LINE
G1 X51.709 Y109.717 F7200  ; DRAW LINE
G1 X45.656 Y118.172 F7200  ; DRAW LINE
G1 X35.156 Y120.703 F7200  ; DRAW LINE
G0 Z5.00               ; PEN UP

G0 X105.322 Y119.385   ; RAPID TO START
G1 Z0.00 F500    ; PEN DOWN
G4 P100           ; DWELL
G1 X89.209 Y99.316 F7200  ; DRAW LINE
G1 X89.795 Y95.947 F7200  ; DRAW LINE
G1 X107.813 Y107.959 F7200  ; DRAW LINE
G1 X90.088 Y95.508 F7200  ; DRAW LINE
G1 X91.846 Y93.604 F7200  ; DRAW LINE
G1 X104.297 Y100.195 F7200  ; DRAW LINE
G1 X91.553 Y93.311 F7200  ; DRAW LINE
G1 X91.406 Y91.113 F7200  ; DRAW LINE
G1 X111.621 Y100.488 F7200  ; DRAW LINE
G1 X123.633 Y103.271 F7200  ; DRAW LINE
G1 X120.557 Y105.908 F7200  ; DRAW LINE
G1 X106.348 Y98.877 F7200  ; DRAW LINE
G1 X120.264 Y106.055 F7200  ; DRAW LINE
G1 X117.041 Y109.424 F7200  ; DRAW LINE
G1 X104.736 Y100.488 F7200  ; DRAW LINE
G1 X116.748 Y109.570 F7200  ; DRAW LINE
G1 X112.500 Y110.742 F7200  ; DRAW LINE
G1 X108.398 Y108.105 F7200  ; DRAW LINE
G1 X111.914 Y110.596 F7200  ; DRAW LINE
G1 X109.717 Y111.328 F7200  ; DRAW LINE
G1 X102.100 Y105.762 F7200  ; DRAW LINE
G1 X109.131 Y111.328 F7200  ; DRAW LINE
G1 X107.227 Y112.207 F7200  ; DRAW LINE
G1 X91.113 Y97.852 F7200  ; DRAW LINE
G1 X106.611 Y111.328 F7200  ; DRAW LINE
G1 X105.322 Y119.385 F7200  ; DRAW LINE
G0 Z5.00               ; PEN UP

G0 X127.588 Y111.914   ; RAPID TO START
G1 Z0.00 F500    ; PEN DOWN
G4 P100           ; DWELL
G1 X125.045 Y108.064 F7200  ; DRAW LINE
G1 X119.238 Y108.398 F7200  ; DRAW LINE
G1 X121.781 Y104.813 F7200  ; DRAW LINE
G1 X128.906 Y101.953 F7200  ; DRAW LINE
G1 X136.670 Y104.883 F7200  ; DRAW LINE
G1 X132.527 Y105.955 F7200  ; DRAW LINE
G1 X127.588 Y111.914 F7200  ; DRAW LINE
G0 Z5.00               ; PEN UP

G0 X90.967 Y110.889   ; RAPID TO START
G1 Z0.00 F500    ; PEN DOWN
G4 P100           ; DWELL
G1 X89.063 Y108.252 F7200  ; DRAW LINE
G1 X90.820 Y103.125 F7200  ; DRAW LINE
G1 X96.680 Y108.398 F7200  ; DRAW LINE
G1 X90.967 Y110.889 F7200  ; DRAW LINE
G0 Z5.00               ; PEN UP

G0 X44.971 Y110.303   ; RAPID TO START
G1 Z0.00 F500    ; PEN DOWN
G4 P100           ; DWELL
G1 X29.625 Y104.900 F7200  ; DRAW LINE
G1 X24.023 Y100.260 F7200  ; DRAW LINE
G1 X21.826 Y95.215 F7200  ; DRAW LINE
G1 X36.182 Y104.297 F7200  ; DRAW LINE
G1 X52.295 Y108.545 F7200  ; DRAW LINE
G1 X44.971 Y110.303 F7200  ; DRAW LINE
G0 Z5.00               ; PEN UP

G0 X88.916 Y109.277   ; RAPID TO START
G1 Z0.00 F500    ; PEN DOWN
G4 P100           ; DWELL
G1 X76.318 Y90.088 F7200  ; DRAW LINE
G1 X76.904 Y93.164 F7200  ; DRAW LINE
G1 X74.414 Y89.063 F7200  ; DRAW LINE
G1 X77.197 Y93.896 F7200  ; DRAW LINE
G1 X70.313 Y91.201 F7200  ; DRAW LINE
G1 X65.771 Y84.814 F7200  ; DRAW LINE
G1 X70.020 Y91.260 F7200  ; DRAW LINE
G1 X65.432 Y92.238 F7200  ; DRAW LINE
G1 X61.793 Y89.971 F7200  ; DRAW LINE
G1 X61.477 Y81.281 F7200  ; DRAW LINE
G1 X62.695 Y78.516 F7200  ; DRAW LINE
G1 X66.650 Y80.127 F7200  ; DRAW LINE
G1 X62.842 Y78.223 F7200  ; DRAW LINE
G1 X67.090 Y78.223 F7200  ; DRAW LINE
G1 X63.867 Y76.611 F7200  ; DRAW LINE
G1 X67.236 Y77.490 F7200  ; DRAW LINE
G1 X64.600 Y75.732 F7200  ; DRAW LINE
G1 X66.322 Y74.063 F7200  ; DRAW LINE
G1 X70.752 Y73.096 F7200  ; DRAW LINE
G1 X71.924 Y77.783 F7200  ; DRAW LINE
G1 X70.166 Y76.758 F7200  ; DRAW LINE
G1 X74.561 Y79.980 F7200  ; DRAW LINE
G1 X69.873 Y78.223 F7200  ; DRAW LINE
G1 X85.986 Y84.814 F7200  ; DRAW LINE
G1 X97.998 Y84.229 F7200  ; DRAW LINE
G1 X95.361 Y90.820 F7200  ; DRAW LINE
G1 X91.406 Y89.795 F7200  ; DRAW LINE
G1 X89.209 Y100.928 F7200  ; DRAW LINE
G1 X81.738 Y93.896 F7200  ; DRAW LINE
G1 X90.967 Y101.660 F7200  ; DRAW LINE
G1 X88.916 Y109.277 F7200  ; DRAW LINE
G0 Z5.00               ; PEN UP

G0 X60.791 Y108.545   ; RAPID TO START
G1 Z0.00 F500    ; PEN DOWN
G4 P100           ; DWELL
G1 X47.461 Y107.373 F7200  ; DRAW LINE
G1 X31.787 Y101.953 F7200  ; DRAW LINE
G1 X19.336 Y92.285 F7200  ; DRAW LINE
G1 X13.828 Y84.844 F7200  ; DRAW LINE
G1 X13.600 Y81.135 F7200  ; DRAW LINE
G1 X17.432 Y79.688 F7200  ; DRAW LINE
G1 X27.979 Y82.324 F7200  ; DRAW LINE
G1 X27.393 Y83.936 F7200  ; DRAW LINE
G1 X25.342 Y81.738 F7200  ; DRAW LINE
G1 X25.488 Y87.158 F7200  ; DRAW LINE
G1 X22.412 Y84.668 F7200  ; DRAW LINE
G1 X26.021 Y93.539 F7200  ; DRAW LINE
G1 X32.303 Y99.563 F7200  ; DRAW LINE
G1 X41.455 Y103.125 F7200  ; DRAW LINE
G1 X50.977 Y104.150 F7200  ; DRAW LINE
G1 X58.740 Y102.246 F7200  ; DRAW LINE
G1 X55.957 Y100.195 F7200  ; DRAW LINE
G1 X59.619 Y97.266 F7200  ; DRAW LINE
G1 X56.689 Y96.973 F7200  ; DRAW LINE
G1 X57.715 Y95.215 F7200  ; DRAW LINE
G1 X67.529 Y104.590 F7200  ; DRAW LINE
G1 X67.055 Y106.682 F7200  ; DRAW LINE
G1 X60.791 Y108.545 F7200  ; DRAW LINE
G0 Z5.00               ; PEN UP

G0 X123.926 Y103.125   ; RAPID TO START
G1 Z0.00 F500    ; PEN DOWN
G4 P100           ; DWELL
G1 X111.914 Y100.342 F7200  ; DRAW LINE
G1 X91.260 Y90.820 F7200  ; DRAW LINE
G1 X95.801 Y90.527 F7200  ; DRAW LINE
G1 X128.320 Y101.660 F7200  ; DRAW LINE
G1 X123.926 Y103.125 F7200  ; DRAW LINE
G0 Z5.00               ; PEN UP

G0 X66.504 Y102.246   ; RAPID TO START
G1 Z0.00 F500    ; PEN DOWN
G4 P100           ; DWELL
G1 X67.969 Y100.195 F7200  ; DRAW LINE
G1 X66.064 Y101.221 F7200  ; DRAW LINE
G1 X60.938 Y96.680 F7200  ; DRAW LINE
G1 X70.459 Y91.553 F7200  ; DRAW LINE
G1 X75.439 Y93.457 F7200  ; DRAW LINE
G1 X66.504 Y102.246 F7200  ; DRAW LINE
G0 Z5.00               ; PEN UP

G0 X43.799 Y101.953   ; RAPID TO START
G1 Z0.00 F500    ; PEN DOWN
G4 P100           ; DWELL
G1 X48.047 Y94.629 F7200  ; DRAW LINE
G1 X41.602 Y101.221 F7200  ; DRAW LINE
G1 X45.996 Y92.725 F7200  ; DRAW LINE
G1 X34.424 Y100.049 F7200  ; DRAW LINE
G1 X40.137 Y91.699 F7200  ; DRAW LINE
G1 X31.787 Y98.877 F7200  ; DRAW LINE
G1 X33.105 Y89.063 F7200  ; DRAW LINE
G1 X41.162 Y88.037 F7200  ; DRAW LINE
G1 X35.801 Y87.902 F7200  ; DRAW LINE
G1 X34.424 Y84.229 F7200  ; DRAW LINE
G1 X35.889 Y88.184 F7200  ; DRAW LINE
G1 X31.787 Y88.916 F7200  ; DRAW LINE
G1 X30.322 Y92.871 F7200  ; DRAW LINE
G1 X33.105 Y83.643 F7200  ; DRAW LINE
G1 X30.908 Y85.547 F7200  ; DRAW LINE
G1 X36.621 Y77.783 F7200  ; DRAW LINE
G1 X47.021 Y75.732 F7200  ; DRAW LINE
G1 X54.264 Y82.676 F7200  ; DRAW LINE
G1 X54.639 Y92.871 F7200  ; DRAW LINE
G1 X50.830 Y98.291 F7200  ; DRAW LINE
G1 X51.709 Y93.750 F7200  ; DRAW LINE
G1 X50.391 Y95.508 F7200  ; DRAW LINE
G1 X48.779 Y93.164 F7200  ; DRAW LINE
G1 X52.588 Y91.699 F7200  ; DRAW LINE
G1 X48.674 Y92.877 F7200  ; DRAW LINE
G1 X46.875 Y88.916 F7200  ; DRAW LINE
G1 X45.557 Y89.941 F7200  ; DRAW LINE
G1 X50.098 Y95.508 F7200  ; DRAW LINE
G1 X43.799 Y101.953 F7200  ; DRAW LINE
G0 Z5.00               ; PEN UP

G0 X60.645 Y96.533   ; RAPID TO START
G1 Z0.00 F500    ; PEN DOWN
G4 P100           ; DWELL
G1 X59.033 Y95.508 F7200  ; DRAW LINE
G1 X66.943 Y92.578 F7200  ; DRAW LINE
G1 X60.645 Y96.533 F7200  ; DRAW LINE
G0 Z5.00               ; PEN UP

G0 X58.740 Y95.361   ; RAPID TO START
G1 Z0.00 F500    ; PEN DOWN
G4 P100           ; DWELL
G1 X58.594 Y90.381 F7200  ; DRAW LINE
G1 X65.332 Y92.467 F7200  ; DRAW LINE
G1 X58.740 Y95.361 F7200  ; DRAW LINE
G0 Z5.00               ; PEN UP

G0 X56.104 Y94.922   ; RAPID TO START
G1 Z0.00 F500    ; PEN DOWN
G4 P100           ; DWELL
G1 X55.225 Y86.865 F7200  ; DRAW LINE
G1 X57.275 Y90.820 F7200  ; DRAW LINE
G1 X56.104 Y94.922 F7200  ; DRAW LINE
G0 Z5.00               ; PEN UP

G0 X56.250 Y93.604   ; RAPID TO START
G1 Z0.00 F500    ; PEN DOWN
G4 P100           ; DWELL
G1 X55.664 Y91.699 F7200  ; DRAW LINE
G1 X56.250 Y93.604 F7200  ; DRAW LINE
G0 Z5.00               ; PEN UP

G0 X101.660 Y92.725   ; RAPID TO START
G1 Z0.00 F500    ; PEN DOWN
G4 P100           ; DWELL
G1 X95.947 Y89.941 F7200  ; DRAW LINE
G1 X98.004 Y84.656 F7200  ; DRAW LINE
G1 X101.660 Y87.891 F7200  ; DRAW LINE
G1 X101.660 Y92.725 F7200  ; DRAW LINE
G0 Z5.00               ; PEN UP

G0 X56.250 Y91.113   ; RAPID TO START
G1 Z0.00 F500    ; PEN DOWN
G4 P100           ; DWELL
G1 X56.104 Y89.355 F7200  ; DRAW LINE
G1 X56.250 Y91.113 F7200  ; DRAW LINE
G0 Z5.00               ; PEN UP

G0 X61.816 Y90.820   ; RAPID TO START
G1 Z0.00 F500    ; PEN DOWN
G4 P100           ; DWELL
G1 X58.008 Y87.451 F7200  ; DRAW LINE
G1 X58.887 Y77.783 F7200  ; DRAW LINE
G1 X58.166 Y87.270 F7200  ; DRAW LINE
G1 X48.193 Y71.484 F7200  ; DRAW LINE
G1 X54.199 Y77.930 F7200  ; DRAW LINE
G1 X58.447 Y87.158 F7200  ; DRAW LINE
G1 X56.982 Y73.242 F7200  ; DRAW LINE
G1 X57.861 Y85.986 F7200  ; DRAW LINE
G1 X54.639 Y71.191 F7200  ; DRAW LINE
G1 X61.816 Y60.205 F7200  ; DRAW LINE
G1 X71.484 Y51.709 F7200  ; DRAW LINE
G1 X77.344 Y55.664 F7200  ; DRAW LINE
G1 X67.822 Y61.816 F7200  ; DRAW LINE
G1 X77.783 Y55.957 F7200  ; DRAW LINE
G1 X79.248 Y51.416 F7200  ; DRAW LINE
G1 X85.254 Y56.543 F7200  ; DRAW LINE
G1 X75.146 Y61.084 F7200  ; DRAW LINE
G1 X85.840 Y56.689 F7200  ; DRAW LINE
G1 X88.430 Y53.262 F7200  ; DRAW LINE
G1 X90.088 Y55.811 F7200  ; DRAW LINE
G1 X89.045 Y59.502 F7200  ; DRAW LINE
G1 X74.854 Y64.014 F7200  ; DRAW LINE
G1 X89.063 Y59.912 F7200  ; DRAW LINE
G1 X88.799 Y65.326 F7200  ; DRAW LINE
G1 X77.344 Y66.211 F7200  ; DRAW LINE
G1 X84.082 Y66.504 F7200  ; DRAW LINE
G1 X83.813 Y68.496 F7200  ; DRAW LINE
G1 X78.662 Y71.191 F7200  ; DRAW LINE
G1 X75.416 Y69.926 F7200  ; DRAW LINE
G1 X78.076 Y67.383 F7200  ; DRAW LINE
G1 X72.803 Y74.561 F7200  ; DRAW LINE
G1 X71.338 Y69.141 F7200  ; DRAW LINE
G1 X72.510 Y78.223 F7200  ; DRAW LINE
G1 X70.752 Y72.803 F7200  ; DRAW LINE
G1 X65.777 Y74.115 F7200  ; DRAW LINE
G1 X60.938 Y82.031 F7200  ; DRAW LINE
G1 X61.816 Y90.820 F7200  ; DRAW LINE
G0 Z5.00               ; PEN UP

G0 X57.422 Y90.674   ; RAPID TO START
G1 Z0.00 F500    ; PEN DOWN
G4 P100           ; DWELL
G1 X56.836 Y86.133 F7200  ; DRAW LINE
G1 X57.422 Y90.674 F7200  ; DRAW LINE
G0 Z5.00               ; PEN UP

G0 X56.104 Y87.451   ; RAPID TO START
G1 Z0.00 F500    ; PEN DOWN
G4 P100           ; DWELL
G1 X49.072 Y74.268 F7200  ; DRAW LINE
G1 X42.920 Y75.586 F7200  ; DRAW LINE
G1 X44.678 Y73.096 F7200  ; DRAW LINE
G1 X40.137 Y75.879 F7200  ; DRAW LINE
G1 X43.992 Y72.686 F7200  ; DRAW LINE
G1 X48.633 Y72.217 F7200  ; DRAW LINE
G1 X54.639 Y80.420 F7200  ; DRAW LINE
G1 X56.104 Y87.451 F7200  ; DRAW LINE
G0 Z5.00               ; PEN UP

G0 X28.271 Y84.521   ; RAPID TO START
G1 Z0.00 F500    ; PEN DOWN
G4 P100           ; DWELL
G1 X30.000 Y80.355 F7200  ; DRAW LINE
G1 X34.828 Y78.855 F7200  ; DRAW LINE
G1 X28.271 Y84.521 F7200  ; DRAW LINE
G0 Z5.00               ; PEN UP

G0 X13.770 Y83.350   ; RAPID TO START
G1 Z0.00 F500    ; PEN DOWN
G4 P100           ; DWELL
G1 X13.770 Y83.350 F7200  ; DRAW LINE
G0 Z5.00               ; PEN UP

G0 X30.908 Y81.445   ; RAPID TO START
G1 Z0.00 F500    ; PEN DOWN
G4 P100           ; DWELL
G1 X32.373 Y80.273 F7200  ; DRAW LINE
G1 X30.908 Y81.445 F7200  ; DRAW LINE
G0 Z5.00               ; PEN UP

G0 X76.611 Y80.566   ; RAPID TO START
G1 Z0.00 F500    ; PEN DOWN
G4 P100           ; DWELL
G1 X72.803 Y78.662 F7200  ; DRAW LINE
G1 X72.949 Y74.854 F7200  ; DRAW LINE
G1 X76.611 Y80.566 F7200  ; DRAW LINE
G0 Z5.00               ; PEN UP

G0 X55.518 Y80.127   ; RAPID TO START
G1 Z0.00 F500    ; PEN DOWN
G4 P100           ; DWELL
G1 X48.779 Y71.338 F7200  ; DRAW LINE
G1 X55.518 Y80.127 F7200  ; DRAW LINE
G0 Z5.00               ; PEN UP

G0 X52.441 Y79.541   ; RAPID TO START
G1 Z0.00 F500    ; PEN DOWN
G4 P100           ; DWELL
G1 X52.441 Y79.541 F7200  ; DRAW LINE
G0 Z5.00               ; PEN UP

G0 X31.641 Y79.248   ; RAPID TO START
G1 Z0.00 F500    ; PEN DOWN
G4 P100           ; DWELL
G1 X32.057 Y73.254 F7200  ; DRAW LINE
G1 X36.621 Y68.555 F7200  ; DRAW LINE
G1 X31.641 Y79.248 F7200  ; DRAW LINE
G0 Z5.00               ; PEN UP

G0 X33.252 Y78.662   ; RAPID TO START
G1 Z0.00 F500    ; PEN DOWN
G4 P100           ; DWELL
G1 X42.773 Y55.811 F7200  ; DRAW LINE
G1 X40.717 Y48.656 F7200  ; DRAW LINE
G1 X42.334 Y48.340 F7200  ; DRAW LINE
G1 X43.359 Y53.320 F7200  ; DRAW LINE
G1 X41.455 Y42.920 F7200  ; DRAW LINE
G1 X45.668 Y41.742 F7200  ; DRAW LINE
G1 X44.531 Y46.143 F7200  ; DRAW LINE
G1 X48.633 Y48.633 F7200  ; DRAW LINE
G1 X43.945 Y68.262 F7200  ; DRAW LINE
G1 X39.111 Y75.879 F7200  ; DRAW LINE
G1 X39.697 Y70.898 F7200  ; DRAW LINE
G1 X37.646 Y76.758 F7200  ; DRAW LINE
G1 X33.252 Y78.662 F7200  ; DRAW LINE
G0 Z5.00               ; PEN UP

G0 X55.225 Y77.051   ; RAPID TO START
G1 Z0.00 F500    ; PEN DOWN
G4 P100           ; DWELL
G1 X49.951 Y70.752 F7200  ; DRAW LINE
G1 X51.855 Y67.383 F7200  ; DRAW LINE
G1 X48.340 Y70.605 F7200  ; DRAW LINE
G1 X47.021 Y66.064 F7200  ; DRAW LINE
G1 X46.582 Y71.045 F7200  ; DRAW LINE
G1 X40.869 Y72.656 F7200  ; DRAW LINE
G1 X44.385 Y67.090 F7200  ; DRAW LINE
G1 X49.998 Y64.564 F7200  ; DRAW LINE
G1 X44.531 Y66.504 F7200  ; DRAW LINE
G1 X48.193 Y60.352 F7200  ; DRAW LINE
G1 X51.416 Y60.645 F7200  ; DRAW LINE
G1 X49.295 Y59.133 F7200  ; DRAW LINE
G1 X49.219 Y52.734 F7200  ; DRAW LINE
G1 X53.027 Y59.619 F7200  ; DRAW LINE
G1 X64.453 Y56.396 F7200  ; DRAW LINE
G1 X53.174 Y61.084 F7200  ; DRAW LINE
G1 X56.396 Y61.230 F7200  ; DRAW LINE
G1 X54.932 Y69.873 F7200  ; DRAW LINE
G1 X50.684 Y64.600 F7200  ; DRAW LINE
G1 X54.785 Y70.020 F7200  ; DRAW LINE
G1 X55.225 Y77.051 F7200  ; DRAW LINE
G0 Z5.00               ; PEN UP

G0 X39.258 Y76.318   ; RAPID TO START
G1 Z0.00 F500    ; PEN DOWN
G4 P100           ; DWELL
G1 X46.875 Y71.191 F7200  ; DRAW LINE
G1 X39.258 Y76.318 F7200  ; DRAW LINE
G0 Z5.00               ; PEN UP

G0 X40.283 Y74.561   ; RAPID TO START
G1 Z0.00 F500    ; PEN DOWN
G4 P100           ; DWELL
G1 X42.480 Y72.510 F7200  ; DRAW LINE
G1 X40.283 Y74.561 F7200  ; DRAW LINE
G0 Z5.00               ; PEN UP

G0 X47.461 Y72.070   ; RAPID TO START
G1 Z0.00 F500    ; PEN DOWN
G4 P100           ; DWELL
G1 X48.047 Y70.313 F7200  ; DRAW LINE
G1 X47.461 Y72.070 F7200  ; DRAW LINE
G0 Z5.00               ; PEN UP

G0 X48.193 Y71.191   ; RAPID TO START
G1 Z0.00 F500    ; PEN DOWN
G4 P100           ; DWELL
G1 X51.563 Y68.262 F7200  ; DRAW LINE
G1 X48.193 Y71.191 F7200  ; DRAW LINE
G0 Z5.00               ; PEN UP

G0 X47.021 Y70.752   ; RAPID TO START
G1 Z0.00 F500    ; PEN DOWN
G4 P100           ; DWELL
G1 X47.016 Y66.908 F7200  ; DRAW LINE
G1 X47.021 Y70.752 F7200  ; DRAW LINE
G0 Z5.00               ; PEN UP

G0 X51.709 Y68.262   ; RAPID TO START
G1 Z0.00 F500    ; PEN DOWN
G4 P100           ; DWELL
G1 X51.709 Y68.262 F7200  ; DRAW LINE
G0 Z5.00               ; PEN UP

G0 X56.250 Y67.529   ; RAPID TO START
G1 Z0.00 F500    ; PEN DOWN
G4 P100           ; DWELL
G1 X55.957 Y62.109 F7200  ; DRAW LINE
G1 X59.912 Y62.109 F7200  ; DRAW LINE
G1 X56.250 Y67.529 F7200  ; DRAW LINE
G0 Z5.00               ; PEN UP

G0 X37.500 Y66.797   ; RAPID TO START
G1 Z0.00 F500    ; PEN DOWN
G4 P100           ; DWELL
G1 X35.449 Y64.893 F7200  ; DRAW LINE
G1 X37.646 Y63.867 F7200  ; DRAW LINE
G1 X37.500 Y66.797 F7200  ; DRAW LINE
G0 Z5.00               ; PEN UP

G0 X46.875 Y66.650   ; RAPID TO START
G1 Z0.00 F500    ; PEN DOWN
G4 P100           ; DWELL
G1 X46.875 Y66.650 F7200  ; DRAW LINE
G0 Z5.00               ; PEN UP

G0 X38.672 Y64.453   ; RAPID TO START
G1 Z0.00 F500    ; PEN DOWN
G4 P100           ; DWELL
G1 X37.207 Y62.988 F7200  ; DRAW LINE
G1 X38.818 Y60.498 F7200  ; DRAW LINE
G1 X38.672 Y64.453 F7200  ; DRAW LINE
G0 Z5.00               ; PEN UP

G0 X44.824 Y64.160   ; RAPID TO START
G1 Z0.00 F500    ; PEN DOWN
G4 P100           ; DWELL
G1 X45.703 Y59.473 F7200  ; DRAW LINE
G1 X48.926 Y59.473 F7200  ; DRAW LINE
G1 X44.824 Y64.160 F7200  ; DRAW LINE
G0 Z5.00               ; PEN UP

G0 X36.914 Y62.549   ; RAPID TO START
G1 Z0.00 F500    ; PEN DOWN
G4 P100           ; DWELL
G1 X32.227 Y58.154 F7200  ; DRAW LINE
G1 X32.959 Y56.104 F7200  ; DRAW LINE
G1 X30.762 Y59.180 F7200  ; DRAW LINE
G1 X27.832 Y58.887 F7200  ; DRAW LINE
G1 X27.246 Y56.396 F7200  ; DRAW LINE
G1 X30.029 Y56.689 F7200  ; DRAW LINE
G1 X30.322 Y54.346 F7200  ; DRAW LINE
G1 X29.736 Y58.740 F7200  ; DRAW LINE
G1 X31.201 Y54.785 F7200  ; DRAW LINE
G1 X26.807 Y51.270 F7200  ; DRAW LINE
G1 X28.857 Y54.199 F7200  ; DRAW LINE
G1 X27.393 Y55.811 F7200  ; DRAW LINE
G1 X25.342 Y51.123 F7200  ; DRAW LINE
G1 X32.912 Y48.428 F7200  ; DRAW LINE
G1 X34.131 Y52.295 F7200  ; DRAW LINE
G1 X31.348 Y49.365 F7200  ; DRAW LINE
G1 X32.051 Y53.883 F7200  ; DRAW LINE
G1 X28.857 Y49.805 F7200  ; DRAW LINE
G1 X31.201 Y54.492 F7200  ; DRAW LINE
G1 X34.570 Y50.391 F7200  ; DRAW LINE
G1 X33.691 Y55.811 F7200  ; DRAW LINE
G1 X35.449 Y54.346 F7200  ; DRAW LINE
G1 X40.137 Y58.740 F7200  ; DRAW LINE
G1 X36.914 Y62.549 F7200  ; DRAW LINE
G0 Z5.00               ; PEN UP

G0 X60.059 Y61.963   ; RAPID TO START
G1 Z0.00 F500    ; PEN DOWN
G4 P100           ; DWELL
G1 X57.422 Y60.645 F7200  ; DRAW LINE
G1 X62.842 Y58.740 F7200  ; DRAW LINE
G1 X60.059 Y61.963 F7200  ; DRAW LINE
G0 Z5.00               ; PEN UP

G0 X40.137 Y61.523   ; RAPID TO START
G1 Z0.00 F500    ; PEN DOWN
G4 P100           ; DWELL
G1 X40.869 Y58.008 F7200  ; DRAW LINE
G1 X40.137 Y61.523 F7200  ; DRAW LINE
G0 Z5.00               ; PEN UP

G0 X48.779 Y59.180   ; RAPID TO START
G1 Z0.00 F500    ; PEN DOWN
G4 P100           ; DWELL
G1 X45.850 Y59.033 F7200  ; DRAW LINE
G1 X49.072 Y53.027 F7200  ; DRAW LINE
G1 X47.461 Y56.104 F7200  ; DRAW LINE
G1 X49.219 Y55.664 F7200  ; DRAW LINE
G1 X48.779 Y59.180 F7200  ; DRAW LINE
G0 Z5.00               ; PEN UP

G0 X101.660 Y58.740   ; RAPID TO START
G1 Z0.00 F500    ; PEN DOWN
G4 P100           ; DWELL
G1 X90.820 Y51.270 F7200  ; DRAW LINE
G1 X79.980 Y50.977 F7200  ; DRAW LINE
G1 X91.260 Y48.047 F7200  ; DRAW LINE
G1 X84.082 Y48.779 F7200  ; DRAW LINE
G1 X75.586 Y54.932 F7200  ; DRAW LINE
G1 X73.828 Y53.613 F7200  ; DRAW LINE
G1 X77.930 Y51.709 F7200  ; DRAW LINE
G1 X73.389 Y53.320 F7200  ; DRAW LINE
G1 X81.006 Y45.850 F7200  ; DRAW LINE
G1 X87.158 Y43.652 F7200  ; DRAW LINE
G1 X81.738 Y45.117 F7200  ; DRAW LINE
G1 X72.949 Y52.148 F7200  ; DRAW LINE
G1 X71.338 Y51.270 F7200  ; DRAW LINE
G1 X83.496 Y42.480 F7200  ; DRAW LINE
G1 X94.775 Y42.627 F7200  ; DRAW LINE
G1 X105.475 Y46.652 F7200  ; DRAW LINE
G1 X113.232 Y40.576 F7200  ; DRAW LINE
G1 X113.965 Y49.219 F7200  ; DRAW LINE
G1 X105.615 Y49.512 F7200  ; DRAW LINE
G1 X116.162 Y49.072 F7200  ; DRAW LINE
G1 X115.576 Y52.002 F7200  ; DRAW LINE
G1 X111.914 Y53.174 F7200  ; DRAW LINE
G1 X103.271 Y52.148 F7200  ; DRAW LINE
G1 X91.418 Y45.363 F7200  ; DRAW LINE
G1 X85.107 Y45.117 F7200  ; DRAW LINE
G1 X92.432 Y45.996 F7200  ; DRAW LINE
G1 X103.564 Y52.588 F7200  ; DRAW LINE
G1 X110.010 Y53.613 F7200  ; DRAW LINE
G1 X108.721 Y56.607 F7200  ; DRAW LINE
G1 X105.469 Y57.275 F7200  ; DRAW LINE
G1 X89.355 Y49.805 F7200  ; DRAW LINE
G1 X104.297 Y57.275 F7200  ; DRAW LINE
G1 X101.660 Y58.740 F7200  ; DRAW LINE
G0 Z5.00               ; PEN UP

G0 X62.988 Y58.594   ; RAPID TO START
G1 Z0.00 F500    ; PEN DOWN
G4 P100           ; DWELL
G1 X65.332 Y56.396 F7200  ; DRAW LINE
G1 X62.988 Y58.594 F7200  ; DRAW LINE
G0 Z5.00               ; PEN UP

G0 X53.467 Y58.301   ; RAPID TO START
G1 Z0.00 F500    ; PEN DOWN
G4 P100           ; DWELL
G1 X49.512 Y52.295 F7200  ; DRAW LINE
G1 X50.977 Y47.900 F7200  ; DRAW LINE
G1 X53.613 Y47.314 F7200  ; DRAW LINE
G1 X52.535 Y51.146 F7200  ; DRAW LINE
G1 X54.199 Y47.314 F7200  ; DRAW LINE
G1 X59.180 Y47.754 F7200  ; DRAW LINE
G1 X57.861 Y51.416 F7200  ; DRAW LINE
G1 X59.619 Y47.754 F7200  ; DRAW LINE
G1 X66.211 Y49.072 F7200  ; DRAW LINE
G1 X64.746 Y54.053 F7200  ; DRAW LINE
G1 X66.943 Y50.391 F7200  ; DRAW LINE
G1 X70.459 Y52.002 F7200  ; DRAW LINE
G1 X66.064 Y55.957 F7200  ; DRAW LINE
G1 X62.988 Y56.104 F7200  ; DRAW LINE
G1 X63.580 Y54.744 F7200  ; DRAW LINE
G1 X53.467 Y58.301 F7200  ; DRAW LINE
G0 Z5.00               ; PEN UP

G0 X29.736 Y56.396   ; RAPID TO START
G1 Z0.00 F500    ; PEN DOWN
G4 P100           ; DWELL
G1 X29.004 Y54.785 F7200  ; DRAW LINE
G1 X29.736 Y56.396 F7200  ; DRAW LINE
G0 Z5.00               ; PEN UP

G0 X85.107 Y56.250   ; RAPID TO START
G1 Z0.00 F500    ; PEN DOWN
G4 P100           ; DWELL
G1 X83.789 Y54.492 F7200  ; DRAW LINE
G1 X86.719 Y53.027 F7200  ; DRAW LINE
G1 X85.107 Y56.250 F7200  ; DRAW LINE
G0 Z5.00               ; PEN UP

G0 X47.021 Y55.371   ; RAPID TO START
G1 Z0.00 F500    ; PEN DOWN
G4 P100           ; DWELL
G1 X48.926 Y48.486 F7200  ; DRAW LINE
G1 X45.375 Y46.588 F7200  ; DRAW LINE
G1 X47.607 Y45.264 F7200  ; DRAW LINE
G1 X50.098 Y48.926 F7200  ; DRAW LINE
G1 X47.021 Y55.371 F7200  ; DRAW LINE
G0 Z5.00               ; PEN UP

G0 X76.465 Y55.371   ; RAPID TO START
G1 Z0.00 F500    ; PEN DOWN
G4 P100           ; DWELL
G1 X78.076 Y52.881 F7200  ; DRAW LINE
G1 X76.465 Y55.371 F7200  ; DRAW LINE
G0 Z5.00               ; PEN UP

G0 X70.313 Y51.709   ; RAPID TO START
G1 Z0.00 F500    ; PEN DOWN
G4 P100           ; DWELL
G1 X73.828 Y46.436 F7200  ; DRAW LINE
G1 X70.166 Y50.244 F7200  ; DRAW LINE
G1 X66.650 Y49.365 F7200  ; DRAW LINE
G1 X69.551 Y49.242 F7200  ; DRAW LINE
G1 X74.268 Y42.920 F7200  ; DRAW LINE
G1 X72.363 Y49.512 F7200  ; DRAW LINE
G1 X75.293 Y44.531 F7200  ; DRAW LINE
G1 X75.000 Y48.047 F7200  ; DRAW LINE
G1 X70.313 Y51.709 F7200  ; DRAW LINE
G0 Z5.00               ; PEN UP

G0 X67.822 Y49.512   ; RAPID TO START
G1 Z0.00 F500    ; PEN DOWN
G4 P100           ; DWELL
G1 X55.424 Y46.904 F7200  ; DRAW LINE
G1 X50.244 Y48.633 F7200  ; DRAW LINE
G1 X49.365 Y44.824 F7200  ; DRAW LINE
G1 X55.664 Y43.652 F7200  ; DRAW LINE
G1 X66.047 Y47.098 F7200  ; DRAW LINE
G1 X69.141 Y48.926 F7200  ; DRAW LINE
G1 X67.822 Y49.512 F7200  ; DRAW LINE
G0 Z5.00               ; PEN UP

G0 X69.287 Y48.926   ; RAPID TO START
G1 Z0.00 F500    ; PEN DOWN
G4 P100           ; DWELL
G1 X60.340 Y44.566 F7200  ; DRAW LINE
G1 X50.098 Y43.652 F7200  ; DRAW LINE
G1 X48.926 Y40.723 F7200  ; DRAW LINE
G1 X70.020 Y41.602 F7200  ; DRAW LINE
G1 X73.242 Y43.213 F7200  ; DRAW LINE
G1 X72.363 Y45.557 F7200  ; DRAW LINE
G1 X67.969 Y43.213 F7200  ; DRAW LINE
G1 X71.631 Y46.582 F7200  ; DRAW LINE
G1 X57.422 Y41.309 F7200  ; DRAW LINE
G1 X69.580 Y47.461 F7200  ; DRAW LINE
G1 X60.281 Y42.873 F7200  ; DRAW LINE
G1 X50.391 Y41.455 F7200  ; DRAW LINE
G1 X62.941 Y44.115 F7200  ; DRAW LINE
G1 X69.287 Y48.926 F7200  ; DRAW LINE
G0 Z5.00               ; PEN UP

G0 X70.166 Y48.047   ; RAPID TO START
G1 Z0.00 F500    ; PEN DOWN
G4 P100           ; DWELL
G1 X70.166 Y48.047 F7200  ; DRAW LINE
G0 Z5.00               ; PEN UP

G0 X70.459 Y47.754   ; RAPID TO START
G1 Z0.00 F500    ; PEN DOWN
G4 P100           ; DWELL
G1 X61.670 Y42.334 F7200  ; DRAW LINE
G1 X69.826 Y45.568 F7200  ; DRAW LINE
G1 X70.459 Y47.754 F7200  ; DRAW LINE
G0 Z5.00               ; PEN UP

G0 X75.439 Y47.754   ; RAPID TO START
G1 Z0.00 F500    ; PEN DOWN
G4 P100           ; DWELL
G1 X75.879 Y44.824 F7200  ; DRAW LINE
G1 X75.439 Y47.754 F7200  ; DRAW LINE
G0 Z5.00               ; PEN UP

G0 X76.465 Y46.436   ; RAPID TO START
G1 Z0.00 F500    ; PEN DOWN
G4 P100           ; DWELL
G1 X76.465 Y44.971 F7200  ; DRAW LINE
G1 X76.465 Y46.436 F7200  ; DRAW LINE
G0 Z5.00               ; PEN UP

G0 X77.783 Y45.264   ; RAPID TO START
G1 Z0.00 F500    ; PEN DOWN
G4 P100           ; DWELL
G1 X65.186 Y40.137 F7200  ; DRAW LINE
G1 X65.625 Y37.939 F7200  ; DRAW LINE
G1 X75.879 Y42.627 F7200  ; DRAW LINE
G1 X65.625 Y37.646 F7200  ; DRAW LINE
G1 X66.357 Y34.717 F7200  ; DRAW LINE
G1 X68.701 Y35.010 F7200  ; DRAW LINE
G1 X66.504 Y34.424 F7200  ; DRAW LINE
G1 X67.090 Y31.641 F7200  ; DRAW LINE
G1 X66.211 Y34.424 F7200  ; DRAW LINE
G1 X63.428 Y33.984 F7200  ; DRAW LINE
G1 X65.150 Y30.568 F7200  ; DRAW LINE
G1 X63.281 Y33.984 F7200  ; DRAW LINE
G1 X53.320 Y34.424 F7200  ; DRAW LINE
G1 X62.842 Y34.277 F7200  ; DRAW LINE
G1 X62.549 Y36.914 F7200  ; DRAW LINE
G1 X55.225 Y36.035 F7200  ; DRAW LINE
G1 X62.402 Y37.207 F7200  ; DRAW LINE
G1 X61.670 Y39.990 F7200  ; DRAW LINE
G1 X48.633 Y40.137 F7200  ; DRAW LINE
G1 X45.557 Y36.768 F7200  ; DRAW LINE
G1 X45.117 Y34.424 F7200  ; DRAW LINE
G1 X47.314 Y34.424 F7200  ; DRAW LINE
G1 X44.678 Y34.131 F7200  ; DRAW LINE
G1 X35.449 Y24.023 F7200  ; DRAW LINE
G1 X34.570 Y17.578 F7200  ; DRAW LINE
G1 X40.283 Y13.330 F7200  ; DRAW LINE
G1 X49.805 Y12.598 F7200  ; DRAW LINE
G1 X66.797 Y27.539 F7200  ; DRAW LINE
G1 X47.314 Y18.604 F7200  ; DRAW LINE
G1 X68.555 Y28.125 F7200  ; DRAW LINE
G1 X87.744 Y19.629 F7200  ; DRAW LINE
G1 X77.783 Y23.584 F7200  ; DRAW LINE
G1 X89.063 Y14.209 F7200  ; DRAW LINE
G1 X90.527 Y21.533 F7200  ; DRAW LINE
G1 X95.010 Y27.750 F7200  ; DRAW LINE
G1 X102.979 Y32.080 F7200  ; DRAW LINE
G1 X107.959 Y31.934 F7200  ; DRAW LINE
G1 X96.059 Y39.691 F7200  ; DRAW LINE
G1 X90.234 Y40.723 F7200  ; DRAW LINE
G1 X94.043 Y40.576 F7200  ; DRAW LINE
G1 X92.871 Y42.041 F7200  ; DRAW LINE
G1 X82.178 Y42.480 F7200  ; DRAW LINE
G1 X77.783 Y45.264 F7200  ; DRAW LINE
G0 Z5.00               ; PEN UP

G0 X64.453 Y40.137   ; RAPID TO START
G1 Z0.00 F500    ; PEN DOWN
G4 P100           ; DWELL
G1 X61.963 Y39.697 F7200  ; DRAW LINE
G1 X62.842 Y37.354 F7200  ; DRAW LINE
G1 X65.186 Y37.793 F7200  ; DRAW LINE
G1 X64.453 Y40.137 F7200  ; DRAW LINE
G0 Z5.00               ; PEN UP

G0 X64.893 Y37.500   ; RAPID TO START
G1 Z0.00 F500    ; PEN DOWN
G4 P100           ; DWELL
G1 X62.842 Y37.061 F7200  ; DRAW LINE
G1 X63.281 Y34.424 F7200  ; DRAW LINE
G1 X65.918 Y34.570 F7200  ; DRAW LINE
G1 X64.893 Y37.500 F7200  ; DRAW LINE
G0 Z5.00               ; PEN UP

G0 X106.201 Y31.934   ; RAPID TO START
G1 Z0.00 F500    ; PEN DOWN
G4 P100           ; DWELL
G1 X98.145 Y29.736 F7200  ; DRAW LINE
G1 X91.236 Y22.312 F7200  ; DRAW LINE
G1 X89.209 Y13.916 F7200  ; DRAW LINE
G1 X92.725 Y6.885 F7200  ; DRAW LINE
G1 X102.686 Y7.471 F7200  ; DRAW LINE
G1 X99.211 Y13.049 F7200  ; DRAW LINE
G1 X98.145 Y8.643 F7200  ; DRAW LINE
G1 X98.004 Y11.162 F7200  ; DRAW LINE
G1 X95.215 Y9.375 F7200  ; DRAW LINE
G1 X97.998 Y12.744 F7200  ; DRAW LINE
G1 X94.775 Y14.063 F7200  ; DRAW LINE
G1 X97.998 Y13.037 F7200  ; DRAW LINE
G1 X97.266 Y17.871 F7200  ; DRAW LINE
G1 X99.756 Y18.018 F7200  ; DRAW LINE
G1 X97.682 Y19.594 F7200  ; DRAW LINE
G1 X100.195 Y18.164 F7200  ; DRAW LINE
G1 X105.469 Y25.049 F7200  ; DRAW LINE
G1 X109.570 Y24.170 F7200  ; DRAW LINE
G1 X110.010 Y26.660 F7200  ; DRAW LINE
G1 X111.328 Y24.463 F7200  ; DRAW LINE
G1 X111.621 Y27.832 F7200  ; DRAW LINE
G1 X111.475 Y23.730 F7200  ; DRAW LINE
G1 X114.404 Y21.826 F7200  ; DRAW LINE
G1 X116.016 Y16.699 F7200  ; DRAW LINE
G1 X115.869 Y26.953 F7200  ; DRAW LINE
G1 X111.914 Y31.641 F7200  ; DRAW LINE
G1 X106.201 Y31.934 F7200  ; DRAW LINE
G0 Z5.00               ; PEN UP

G0 X33.984 Y22.705   ; RAPID TO START
G1 Z0.00 F500    ; PEN DOWN
G4 P100           ; DWELL
G1 X29.736 Y16.553 F7200  ; DRAW LINE
G1 X33.258 Y9.416 F7200  ; DRAW LINE
G1 X40.283 Y6.445 F7200  ; DRAW LINE
G1 X50.244 Y9.656 F7200  ; DRAW LINE
G1 X51.563 Y13.037 F7200  ; DRAW LINE
G1 X44.238 Y11.865 F7200  ; DRAW LINE
G1 X37.354 Y14.063 F7200  ; DRAW LINE
G1 X33.984 Y17.578 F7200  ; DRAW LINE
G1 X33.984 Y22.705 F7200  ; DRAW LINE
G0 Z5.00               ; PEN UP

G0 X63.721 Y10.693   ; RAPID TO START
G1 Z0.00 F500    ; PEN DOWN
G4 P100           ; DWELL
G1 X60.498 Y1.172 F7200  ; DRAW LINE
G1 X63.721 Y10.693 F7200  ; DRAW LINE
G0 Z5.00               ; PEN UP

G0 X55.225 Y3.662   ; RAPID TO START
G1 Z0.00 F500    ; PEN DOWN
G4 P100           ; DWELL
G1 X56.250 Y0.146 F7200  ; DRAW LINE
G1 X59.033 Y2.344 F7200  ; DRAW LINE
G1 X55.225 Y3.662 F7200  ; DRAW LINE
G0 Z5.00               ; PEN UP

G0 X123.999 Y139.453   ; RAPID TO START
G1 Z0.00 F500    ; PEN DOWN
G4 P100           ; DWELL
G1 X126.563 Y136.743 F7200  ; DRAW LINE
G1 X123.999 Y139.453 F7200  ; DRAW LINE
G0 Z5.00               ; PEN UP

G0 X136.157 Y133.594   ; RAPID TO START
G1 Z0.00 F500    ; PEN DOWN
G4 P100           ; DWELL
G1 X137.256 Y129.858 F7200  ; DRAW LINE
G1 X136.157 Y133.594 F7200  ; DRAW LINE
G0 Z5.00               ; PEN UP

G0 X115.063 Y129.053   ; RAPID TO START
G1 Z0.00 F500    ; PEN DOWN
G4 P100           ; DWELL
G1 X116.748 Y125.317 F7200  ; DRAW LINE
G1 X115.063 Y129.053 F7200  ; DRAW LINE
G0 Z5.00               ; PEN UP

G0 X125.244 Y125.977   ; RAPID TO START
G1 Z0.00 F500    ; PEN DOWN
G4 P100           ; DWELL
G1 X129.858 Y124.219 F7200  ; DRAW LINE
G1 X125.244 Y125.977 F7200  ; DRAW LINE
G0 Z5.00               ; PEN UP

G0 X124.292 Y124.951   ; RAPID TO START
G1 Z0.00 F500    ; PEN DOWN
G4 P100           ; DWELL
G1 X130.078 Y122.827 F7200  ; DRAW LINE
G1 X124.292 Y124.951 F7200  ; DRAW LINE
G0 Z5.00               ; PEN UP

G0 X142.163 Y124.951   ; RAPID TO START
G1 Z0.00 F500    ; PEN DOWN
G4 P100           ; DWELL
G1 X142.529 Y121.948 F7200  ; DRAW LINE
G1 X142.163 Y124.951 F7200  ; DRAW LINE
G0 Z5.00               ; PEN UP

G0 X124.438 Y123.926   ; RAPID TO START
G1 Z0.00 F500    ; PEN DOWN
G4 P100           ; DWELL
G1 X129.199 Y122.095 F7200  ; DRAW LINE
G1 X124.438 Y123.926 F7200  ; DRAW LINE
G0 Z5.00               ; PEN UP

G0 X131.909 Y119.531   ; RAPID TO START
G1 Z0.00 F500    ; PEN DOWN
G4 P100           ; DWELL
G1 X135.498 Y117.114 F7200  ; DRAW LINE
G1 X131.909 Y119.531 F7200  ; DRAW LINE
G0 Z5.00               ; PEN UP

G0 X130.884 Y118.945   ; RAPID TO START
G1 Z0.00 F500    ; PEN DOWN
G4 P100           ; DWELL
G1 X135.059 Y116.089 F7200  ; DRAW LINE
G1 X130.884 Y118.945 F7200  ; DRAW LINE
G0 Z5.00               ; PEN UP

G0 X40.649 Y118.506   ; RAPID TO START
G1 Z0.00 F500    ; PEN DOWN
G4 P100           ; DWELL
G1 X42.114 Y117.041 F7200  ; DRAW LINE
G1 X40.649 Y118.506 F7200  ; DRAW LINE
G0 Z5.00               ; PEN UP

G0 X117.407 Y118.506   ; RAPID TO START
G1 Z0.00 F500    ; PEN DOWN
G4 P100           ; DWELL
G1 X114.771 Y112.207 F7200  ; DRAW LINE
G1 X117.407 Y118.506 F7200  ; DRAW LINE
G0 Z5.00               ; PEN UP

G0 X130.591 Y117.920   ; RAPID TO START
G1 Z0.00 F500    ; PEN DOWN
G4 P100           ; DWELL
G1 X133.960 Y115.283 F7200  ; DRAW LINE
G1 X130.591 Y117.920 F7200  ; DRAW LINE
G0 Z5.00               ; PEN UP

G0 X39.917 Y117.773   ; RAPID TO START
G1 Z0.00 F500    ; PEN DOWN
G4 P100           ; DWELL
G1 X41.016 Y116.675 F7200  ; DRAW LINE
G1 X39.917 Y117.773 F7200  ; DRAW LINE
G0 Z5.00               ; PEN UP

G0 X115.210 Y117.627   ; RAPID TO START
G1 Z0.00 F500    ; PEN DOWN
G4 P100           ; DWELL
G1 X113.780 Y113.198 F7200  ; DRAW LINE
G1 X115.210 Y117.627 F7200  ; DRAW LINE
G0 Z5.00               ; PEN UP

G0 X39.185 Y116.895   ; RAPID TO START
G1 Z0.00 F500    ; PEN DOWN
G4 P100           ; DWELL
G1 X39.185 Y116.895 F7200  ; DRAW LINE
G0 Z5.00               ; PEN UP

G0 X117.407 Y116.895   ; RAPID TO START
G1 Z0.00 F500    ; PEN DOWN
G4 P100           ; DWELL
G1 X115.796 Y113.086 F7200  ; DRAW LINE
G1 X117.407 Y116.895 F7200  ; DRAW LINE
G0 Z5.00               ; PEN UP

G0 X44.312 Y116.748   ; RAPID TO START
G1 Z0.00 F500    ; PEN DOWN
G4 P100           ; DWELL
G1 X45.850 Y114.624 F7200  ; DRAW LINE
G1 X44.312 Y116.748 F7200  ; DRAW LINE
G0 Z5.00               ; PEN UP

G0 X121.216 Y116.748   ; RAPID TO START
G1 Z0.00 F500    ; PEN DOWN
G4 P100           ; DWELL
G1 X125.684 Y115.063 F7200  ; DRAW LINE
G1 X122.900 Y108.691 F7200  ; DRAW LINE
G1 X118.799 Y111.108 F7200  ; DRAW LINE
G1 X121.216 Y116.748 F7200  ; DRAW LINE
G0 Z5.00               ; PEN UP

G0 X121.436 Y116.455   ; RAPID TO START
G1 Z0.00 F500    ; PEN DOWN
G4 P100           ; DWELL
G1 X118.799 Y111.914 F7200  ; DRAW LINE
G1 X122.607 Y108.838 F7200  ; DRAW LINE
G1 X125.391 Y114.990 F7200  ; DRAW LINE
G1 X121.436 Y116.455 F7200  ; DRAW LINE
G0 Z5.00               ; PEN UP

G0 X144.141 Y116.748   ; RAPID TO START
G1 Z0.00 F500    ; PEN DOWN
G4 P100           ; DWELL
G1 X144.434 Y114.404 F7200  ; DRAW LINE
G1 X144.141 Y116.748 F7200  ; DRAW LINE
G0 Z5.00               ; PEN UP

G0 X43.286 Y116.309   ; RAPID TO START
G1 Z0.00 F500    ; PEN DOWN
G4 P100           ; DWELL
G1 X44.678 Y114.331 F7200  ; DRAW LINE
G1 X43.286 Y116.309 F7200  ; DRAW LINE
G0 Z5.00               ; PEN UP

G0 X42.261 Y115.430   ; RAPID TO START
G1 Z0.00 F500    ; PEN DOWN
G4 P100           ; DWELL
G1 X43.213 Y113.892 F7200  ; DRAW LINE
G1 X42.261 Y115.430 F7200  ; DRAW LINE
G0 Z5.00               ; PEN UP

G0 X41.016 Y114.404   ; RAPID TO START
G1 Z0.00 F500    ; PEN DOWN
G4 P100           ; DWELL
G1 X41.895 Y113.306 F7200  ; DRAW LINE
G1 X41.016 Y114.404 F7200  ; DRAW LINE
G0 Z5.00               ; PEN UP

G0 X46.509 Y114.404   ; RAPID TO START
G1 Z0.00 F500    ; PEN DOWN
G4 P100           ; DWELL
G1 X48.193 Y110.669 F7200  ; DRAW LINE
G1 X46.509 Y114.404 F7200  ; DRAW LINE
G0 Z5.00               ; PEN UP

G0 X40.063 Y113.672   ; RAPID TO START
G1 Z0.00 F500    ; PEN DOWN
G4 P100           ; DWELL
G1 X40.063 Y113.672 F7200  ; DRAW LINE
G0 Z5.00               ; PEN UP

G0 X136.011 Y113.672   ; RAPID TO START
G1 Z0.00 F500    ; PEN DOWN
G4 P100           ; DWELL
G1 X138.281 Y111.401 F7200  ; DRAW LINE
G1 X136.011 Y113.672 F7200  ; DRAW LINE
G0 Z5.00               ; PEN UP

G0 X135.278 Y113.232   ; RAPID TO START
G1 Z0.00 F500    ; PEN DOWN
G4 P100           ; DWELL
G1 X137.695 Y110.376 F7200  ; DRAW LINE
G1 X135.278 Y113.232 F7200  ; DRAW LINE
G0 Z5.00               ; PEN UP

G0 X43.945 Y112.793   ; RAPID TO START
G1 Z0.00 F500    ; PEN DOWN
G4 P100           ; DWELL
G1 X44.971 Y110.742 F7200  ; DRAW LINE
G1 X43.945 Y112.793 F7200  ; DRAW LINE
G0 Z5.00               ; PEN UP

G0 X134.692 Y112.646   ; RAPID TO START
G1 Z0.00 F500    ; PEN DOWN
G4 P100           ; DWELL
G1 X136.523 Y110.156 F7200  ; DRAW LINE
G1 X134.692 Y112.646 F7200  ; DRAW LINE
G0 Z5.00               ; PEN UP

G0 X24.243 Y112.354   ; RAPID TO START
G1 Z0.00 F500    ; PEN DOWN
G4 P100           ; DWELL
G1 X23.950 Y109.424 F7200  ; DRAW LINE
G1 X24.243 Y112.354 F7200  ; DRAW LINE
G0 Z5.00               ; PEN UP

G0 X25.195 Y112.207   ; RAPID TO START
G1 Z0.00 F500    ; PEN DOWN
G4 P100           ; DWELL
G1 X25.488 Y110.376 F7200  ; DRAW LINE
G1 X25.195 Y112.207 F7200  ; DRAW LINE
G0 Z5.00               ; PEN UP

G0 X26.660 Y112.207   ; RAPID TO START
G1 Z0.00 F500    ; PEN DOWN
G4 P100           ; DWELL
G1 X26.660 Y112.207 F7200  ; DRAW LINE
G0 Z5.00               ; PEN UP

G0 X42.700 Y112.061   ; RAPID TO START
G1 Z0.00 F500    ; PEN DOWN
G4 P100           ; DWELL
G1 X43.359 Y110.669 F7200  ; DRAW LINE
G1 X42.700 Y112.061 F7200  ; DRAW LINE
G0 Z5.00               ; PEN UP

G0 X47.095 Y109.424   ; RAPID TO START
G1 Z0.00 F500    ; PEN DOWN
G4 P100           ; DWELL
G1 X47.095 Y109.424 F7200  ; DRAW LINE
G0 Z5.00               ; PEN UP

G0 X27.466 Y109.277   ; RAPID TO START
G1 Z0.00 F500    ; PEN DOWN
G4 P100           ; DWELL
G1 X27.466 Y109.277 F7200  ; DRAW LINE
G0 Z5.00               ; PEN UP

G0 X48.853 Y109.277   ; RAPID TO START
G1 Z0.00 F500    ; PEN DOWN
G4 P100           ; DWELL
G1 X48.853 Y109.277 F7200  ; DRAW LINE
G0 Z5.00               ; PEN UP

G0 X25.928 Y108.691   ; RAPID TO START
G1 Z0.00 F500    ; PEN DOWN
G4 P100           ; DWELL
G1 X26.514 Y107.153 F7200  ; DRAW LINE
G1 X25.928 Y108.691 F7200  ; DRAW LINE
G0 Z5.00               ; PEN UP

G0 X138.940 Y108.691   ; RAPID TO START
G1 Z0.00 F500    ; PEN DOWN
G4 P100           ; DWELL
G1 X140.186 Y106.860 F7200  ; DRAW LINE
G1 X138.940 Y108.691 F7200  ; DRAW LINE
G0 Z5.00               ; PEN UP

G0 X138.062 Y108.545   ; RAPID TO START
G1 Z0.00 F500    ; PEN DOWN
G4 P100           ; DWELL
G1 X139.453 Y106.128 F7200  ; DRAW LINE
G1 X138.062 Y108.545 F7200  ; DRAW LINE
G0 Z5.00               ; PEN UP

G0 X137.476 Y108.105   ; RAPID TO START
G1 Z0.00 F500    ; PEN DOWN
G4 P100           ; DWELL
G1 X138.428 Y106.128 F7200  ; DRAW LINE
G1 X137.476 Y108.105 F7200  ; DRAW LINE
G0 Z5.00               ; PEN UP

G0 X24.316 Y107.813   ; RAPID TO START
G1 Z0.00 F500    ; PEN DOWN
G4 P100           ; DWELL
G1 X24.902 Y105.835 F7200  ; DRAW LINE
G1 X24.316 Y107.813 F7200  ; DRAW LINE
G0 Z5.00               ; PEN UP

G0 X22.852 Y107.080   ; RAPID TO START
G1 Z0.00 F500    ; PEN DOWN
G4 P100           ; DWELL
G1 X23.364 Y104.883 F7200  ; DRAW LINE
G1 X22.852 Y107.080 F7200  ; DRAW LINE
G0 Z5.00               ; PEN UP

G0 X50.757 Y106.787   ; RAPID TO START
G1 Z0.00 F500    ; PEN DOWN
G4 P100           ; DWELL
G1 X48.413 Y105.908 F7200  ; DRAW LINE
G1 X50.757 Y106.787 F7200  ; DRAW LINE
G0 Z5.00               ; PEN UP

G0 X59.253 Y106.641   ; RAPID TO START
G1 Z0.00 F500    ; PEN DOWN
G4 P100           ; DWELL
G1 X62.109 Y106.128 F7200  ; DRAW LINE
G1 X59.253 Y106.641 F7200  ; DRAW LINE
G0 Z5.00               ; PEN UP

G0 X63.647 Y106.494   ; RAPID TO START
G1 Z0.00 F500    ; PEN DOWN
G4 P100           ; DWELL
G1 X65.625 Y105.249 F7200  ; DRAW LINE
G1 X64.966 Y101.953 F7200  ; DRAW LINE
G1 X63.647 Y106.494 F7200  ; DRAW LINE
G0 Z5.00               ; PEN UP

G0 X21.167 Y106.055   ; RAPID TO START
G1 Z0.00 F500    ; PEN DOWN
G4 P100           ; DWELL
G1 X21.533 Y103.052 F7200  ; DRAW LINE
G1 X21.167 Y106.055 F7200  ; DRAW LINE
G0 Z5.00               ; PEN UP

G0 X51.050 Y106.055   ; RAPID TO START
G1 Z0.00 F500    ; PEN DOWN
G4 P100           ; DWELL
G1 X49.292 Y105.469 F7200  ; DRAW LINE
G1 X51.050 Y106.055 F7200  ; DRAW LINE
G0 Z5.00               ; PEN UP

G0 X27.026 Y105.908   ; RAPID TO START
G1 Z0.00 F500    ; PEN DOWN
G4 P100           ; DWELL
G1 X27.686 Y104.517 F7200  ; DRAW LINE
G1 X27.026 Y105.908 F7200  ; DRAW LINE
G0 Z5.00               ; PEN UP

G0 X58.374 Y105.908   ; RAPID TO START
G1 Z0.00 F500    ; PEN DOWN
G4 P100           ; DWELL
G1 X60.791 Y105.249 F7200  ; DRAW LINE
G1 X58.374 Y105.908 F7200  ; DRAW LINE
G0 Z5.00               ; PEN UP

G0 X57.495 Y105.176   ; RAPID TO START
G1 Z0.00 F500    ; PEN DOWN
G4 P100           ; DWELL
G1 X59.473 Y104.663 F7200  ; DRAW LINE
G1 X57.495 Y105.176 F7200  ; DRAW LINE
G0 Z5.00               ; PEN UP

G0 X25.415 Y105.029   ; RAPID TO START
G1 Z0.00 F500    ; PEN DOWN
G4 P100           ; DWELL
G1 X26.221 Y103.198 F7200  ; DRAW LINE
G1 X25.415 Y105.029 F7200  ; DRAW LINE
G0 Z5.00               ; PEN UP

G0 X49.585 Y105.029   ; RAPID TO START
G1 Z0.00 F500    ; PEN DOWN
G4 P100           ; DWELL
G1 X51.855 Y104.956 F7200  ; DRAW LINE
G1 X49.585 Y105.029 F7200  ; DRAW LINE
G0 Z5.00               ; PEN UP

G0 X63.940 Y104.736   ; RAPID TO START
G1 Z0.00 F500    ; PEN DOWN
G4 P100           ; DWELL
G1 X63.940 Y101.660 F7200  ; DRAW LINE
G1 X63.940 Y104.736 F7200  ; DRAW LINE
G0 Z5.00               ; PEN UP

G0 X21.680 Y104.590   ; RAPID TO START
G1 Z0.00 F500    ; PEN DOWN
G4 P100           ; DWELL
G1 X21.680 Y104.590 F7200  ; DRAW LINE
G0 Z5.00               ; PEN UP

G0 X55.957 Y104.590   ; RAPID TO START
G1 Z0.00 F500    ; PEN DOWN
G4 P100           ; DWELL
G1 X58.301 Y103.784 F7200  ; DRAW LINE
G1 X55.957 Y104.590 F7200  ; DRAW LINE
G0 Z5.00               ; PEN UP

G0 X62.476 Y104.297   ; RAPID TO START
G1 Z0.00 F500    ; PEN DOWN
G4 P100           ; DWELL
G1 X62.988 Y101.660 F7200  ; DRAW LINE
G1 X62.476 Y104.297 F7200  ; DRAW LINE
G0 Z5.00               ; PEN UP

G0 X23.804 Y104.004   ; RAPID TO START
G1 Z0.00 F500    ; PEN DOWN
G4 P100           ; DWELL
G1 X24.609 Y101.880 F7200  ; DRAW LINE
G1 X23.804 Y104.004 F7200  ; DRAW LINE
G0 Z5.00               ; PEN UP

G0 X61.157 Y103.711   ; RAPID TO START
G1 Z0.00 F500    ; PEN DOWN
G4 P100           ; DWELL
G1 X61.670 Y101.367 F7200  ; DRAW LINE
G1 X61.157 Y103.711 F7200  ; DRAW LINE
G0 Z5.00               ; PEN UP

G0 X59.839 Y102.979   ; RAPID TO START
G1 Z0.00 F500    ; PEN DOWN
G4 P100           ; DWELL
G1 X60.278 Y101.074 F7200  ; DRAW LINE
G1 X59.839 Y102.979 F7200  ; DRAW LINE
G0 Z5.00               ; PEN UP

G0 X22.266 Y102.832   ; RAPID TO START
G1 Z0.00 F500    ; PEN DOWN
G4 P100           ; DWELL
G1 X23.438 Y100.562 F7200  ; DRAW LINE
G1 X22.266 Y102.832 F7200  ; DRAW LINE
G0 Z5.00               ; PEN UP

G0 X65.698 Y100.488   ; RAPID TO START
G1 Z0.00 F500    ; PEN DOWN
G4 P100           ; DWELL
G1 X67.163 Y99.463 F7200  ; DRAW LINE
G1 X65.698 Y100.488 F7200  ; DRAW LINE
G0 Z5.00               ; PEN UP

G0 X62.915 Y100.342   ; RAPID TO START
G1 Z0.00 F500    ; PEN DOWN
G4 P100           ; DWELL
G1 X60.571 Y97.998 F7200  ; DRAW LINE
G1 X62.915 Y100.342 F7200  ; DRAW LINE
G0 Z5.00               ; PEN UP

G0 X60.278 Y100.195   ; RAPID TO START
G1 Z0.00 F500    ; PEN DOWN
G4 P100           ; DWELL
G1 X59.253 Y98.730 F7200  ; DRAW LINE
G1 X60.278 Y100.195 F7200  ; DRAW LINE
G0 Z5.00               ; PEN UP

G0 X61.377 Y100.195   ; RAPID TO START
G1 Z0.00 F500    ; PEN DOWN
G4 P100           ; DWELL
G1 X60.132 Y98.438 F7200  ; DRAW LINE
G1 X61.377 Y100.195 F7200  ; DRAW LINE
G0 Z5.00               ; PEN UP

G0 X58.667 Y99.902   ; RAPID TO START
G1 Z0.00 F500    ; PEN DOWN
G4 P100           ; DWELL
G1 X58.667 Y99.902 F7200  ; DRAW LINE
G0 Z5.00               ; PEN UP

G0 X65.405 Y99.463   ; RAPID TO START
G1 Z0.00 F500    ; PEN DOWN
G4 P100           ; DWELL
G1 X66.650 Y98.804 F7200  ; DRAW LINE
G1 X65.405 Y99.463 F7200  ; DRAW LINE
G0 Z5.00               ; PEN UP

G0 X64.819 Y98.291   ; RAPID TO START
G1 Z0.00 F500    ; PEN DOWN
G4 P100           ; DWELL
G1 X64.819 Y98.291 F7200  ; DRAW LINE
G0 Z5.00               ; PEN UP

G0 X70.825 Y98.291   ; RAPID TO START
G1 Z0.00 F500    ; PEN DOWN
G4 P100           ; DWELL
G1 X71.924 Y96.899 F7200  ; DRAW LINE
G1 X70.825 Y98.291 F7200  ; DRAW LINE
G0 Z5.00               ; PEN UP

G0 X69.800 Y97.998   ; RAPID TO START
G1 Z0.00 F500    ; PEN DOWN
G4 P100           ; DWELL
G1 X71.045 Y96.460 F7200  ; DRAW LINE
G1 X69.800 Y97.998 F7200  ; DRAW LINE
G0 Z5.00               ; PEN UP

G0 X64.014 Y97.266   ; RAPID TO START
G1 Z0.00 F500    ; PEN DOWN
G4 P100           ; DWELL
G1 X64.014 Y97.266 F7200  ; DRAW LINE
G0 Z5.00               ; PEN UP

G0 X69.067 Y96.973   ; RAPID TO START
G1 Z0.00 F500    ; PEN DOWN
G4 P100           ; DWELL
G1 X70.166 Y95.874 F7200  ; DRAW LINE
G1 X69.067 Y96.973 F7200  ; DRAW LINE
G0 Z5.00               ; PEN UP

G0 X72.437 Y96.240   ; RAPID TO START
G1 Z0.00 F500    ; PEN DOWN
G4 P100           ; DWELL
G1 X73.389 Y94.116 F7200  ; DRAW LINE
G1 X72.437 Y96.240 F7200  ; DRAW LINE
G0 Z5.00               ; PEN UP

G0 X71.558 Y95.508   ; RAPID TO START
G1 Z0.00 F500    ; PEN DOWN
G4 P100           ; DWELL
G1 X72.510 Y93.823 F7200  ; DRAW LINE
G1 X71.558 Y95.508 F7200  ; DRAW LINE
G0 Z5.00               ; PEN UP

G0 X79.614 Y95.215   ; RAPID TO START
G1 Z0.00 F500    ; PEN DOWN
G4 P100           ; DWELL
G1 X78.003 Y89.941 F7200  ; DRAW LINE
G1 X79.614 Y95.215 F7200  ; DRAW LINE
G0 Z5.00               ; PEN UP

G0 X70.532 Y94.775   ; RAPID TO START
G1 Z0.00 F500    ; PEN DOWN
G4 P100           ; DWELL
G1 X71.338 Y93.091 F7200  ; DRAW LINE
G1 X70.532 Y94.775 F7200  ; DRAW LINE
G0 Z5.00               ; PEN UP

G0 X23.804 Y94.482   ; RAPID TO START
G1 Z0.00 F500    ; PEN DOWN
G4 P100           ; DWELL
G1 X20.874 Y91.406 F7200  ; DRAW LINE
G1 X23.804 Y94.482 F7200  ; DRAW LINE
G0 Z5.00               ; PEN UP

G0 X69.434 Y94.189   ; RAPID TO START
G1 Z0.00 F500    ; PEN DOWN
G4 P100           ; DWELL
G1 X70.313 Y92.798 F7200  ; DRAW LINE
G1 X69.434 Y94.189 F7200  ; DRAW LINE
G0 Z5.00               ; PEN UP

G0 X90.747 Y94.043   ; RAPID TO START
G1 Z0.00 F500    ; PEN DOWN
G4 P100           ; DWELL
G1 X81.812 Y89.502 F7200  ; DRAW LINE
G1 X90.747 Y94.043 F7200  ; DRAW LINE
G0 Z5.00               ; PEN UP

G0 X23.657 Y93.164   ; RAPID TO START
G1 Z0.00 F500    ; PEN DOWN
G4 P100           ; DWELL
G1 X22.339 Y91.406 F7200  ; DRAW LINE
G1 X23.657 Y93.164 F7200  ; DRAW LINE
G0 Z5.00               ; PEN UP

G0 X24.683 Y92.725   ; RAPID TO START
G1 Z0.00 F500    ; PEN DOWN
G4 P100           ; DWELL
G1 X23.511 Y91.260 F7200  ; DRAW LINE
G1 X24.683 Y92.725 F7200  ; DRAW LINE
G0 Z5.00               ; PEN UP

G0 X48.853 Y91.406   ; RAPID TO START
G1 Z0.00 F500    ; PEN DOWN
G4 P100           ; DWELL
G1 X49.897 Y89.746 F7200  ; DRAW LINE
G1 X48.853 Y91.406 F7200  ; DRAW LINE
G0 Z5.00               ; PEN UP

G0 X44.019 Y91.113   ; RAPID TO START
G1 Z0.00 F500    ; PEN DOWN
G4 P100           ; DWELL
G1 X45.337 Y89.502 F7200  ; DRAW LINE
G1 X44.019 Y91.113 F7200  ; DRAW LINE
G0 Z5.00               ; PEN UP

G0 X22.046 Y89.941   ; RAPID TO START
G1 Z0.00 F500    ; PEN DOWN
G4 P100           ; DWELL
G1 X21.167 Y88.037 F7200  ; DRAW LINE
G1 X22.046 Y89.941 F7200  ; DRAW LINE
G0 Z5.00               ; PEN UP

G0 X52.808 Y89.941   ; RAPID TO START
G1 Z0.00 F500    ; PEN DOWN
G4 P100           ; DWELL
G1 X51.322 Y80.235 F7200  ; DRAW LINE
G1 X43.865 Y76.941 F7200  ; DRAW LINE
G1 X38.672 Y77.930 F7200  ; DRAW LINE
G1 X38.745 Y80.713 F7200  ; DRAW LINE
G1 X50.559 Y85.013 F7200  ; DRAW LINE
G1 X49.146 Y85.986 F7200  ; DRAW LINE
G1 X50.537 Y87.158 F7200  ; DRAW LINE
G1 X48.120 Y87.598 F7200  ; DRAW LINE
G1 X52.808 Y89.941 F7200  ; DRAW LINE
G0 Z5.00               ; PEN UP

G0 X52.002 Y87.891   ; RAPID TO START
G1 Z0.00 F500    ; PEN DOWN
G4 P100           ; DWELL
G1 X51.123 Y86.719 F7200  ; DRAW LINE
G1 X52.002 Y87.891 F7200  ; DRAW LINE
G0 Z5.00               ; PEN UP

G0 X52.002 Y85.693   ; RAPID TO START
G1 Z0.00 F500    ; PEN DOWN
G4 P100           ; DWELL
G1 X38.379 Y78.809 F7200  ; DRAW LINE
G1 X47.549 Y80.807 F7200  ; DRAW LINE
G1 X52.002 Y83.203 F7200  ; DRAW LINE
G1 X52.002 Y85.693 F7200  ; DRAW LINE
G0 Z5.00               ; PEN UP

G0 X52.881 Y83.789   ; RAPID TO START
G1 Z0.00 F500    ; PEN DOWN
G4 P100           ; DWELL
G1 X38.965 Y78.076 F7200  ; DRAW LINE
G1 X47.854 Y78.299 F7200  ; DRAW LINE
G1 X52.881 Y83.789 F7200  ; DRAW LINE
G0 Z5.00               ; PEN UP

G0 X20.874 Y89.795   ; RAPID TO START
G1 Z0.00 F500    ; PEN DOWN
G4 P100           ; DWELL
G1 X19.702 Y87.598 F7200  ; DRAW LINE
G1 X20.874 Y89.795 F7200  ; DRAW LINE
G0 Z5.00               ; PEN UP

G0 X22.998 Y89.795   ; RAPID TO START
G1 Z0.00 F500    ; PEN DOWN
G4 P100           ; DWELL
G1 X22.447 Y88.151 F7200  ; DRAW LINE
G1 X22.998 Y89.795 F7200  ; DRAW LINE
G0 Z5.00               ; PEN UP

G0 X41.821 Y89.648   ; RAPID TO START
G1 Z0.00 F500    ; PEN DOWN
G4 P100           ; DWELL
G1 X41.511 Y87.995 F7200  ; DRAW LINE
G1 X41.821 Y89.648 F7200  ; DRAW LINE
G0 Z5.00               ; PEN UP

G0 X94.995 Y89.648   ; RAPID TO START
G1 Z0.00 F500    ; PEN DOWN
G4 P100           ; DWELL
G1 X85.840 Y85.986 F7200  ; DRAW LINE
G1 X94.995 Y89.648 F7200  ; DRAW LINE
G0 Z5.00               ; PEN UP

G0 X68.921 Y89.502   ; RAPID TO START
G1 Z0.00 F500    ; PEN DOWN
G4 P100           ; DWELL
G1 X66.650 Y85.913 F7200  ; DRAW LINE
G1 X68.921 Y89.502 F7200  ; DRAW LINE
G0 Z5.00               ; PEN UP

G0 X19.409 Y89.355   ; RAPID TO START
G1 Z0.00 F500    ; PEN DOWN
G4 P100           ; DWELL
G1 X18.053 Y86.979 F7200  ; DRAW LINE
G1 X19.409 Y89.355 F7200  ; DRAW LINE
G0 Z5.00               ; PEN UP

G0 X18.530 Y89.209   ; RAPID TO START
G1 Z0.00 F500    ; PEN DOWN
G4 P100           ; DWELL
G1 X16.479 Y86.279 F7200  ; DRAW LINE
G1 X18.530 Y89.209 F7200  ; DRAW LINE
G0 Z5.00               ; PEN UP

G0 X44.824 Y88.916   ; RAPID TO START
G1 Z0.00 F500    ; PEN DOWN
G4 P100           ; DWELL
G1 X46.216 Y83.789 F7200  ; DRAW LINE
G1 X44.824 Y88.916 F7200  ; DRAW LINE
G0 Z5.00               ; PEN UP

G0 X85.327 Y88.916   ; RAPID TO START
G1 Z0.00 F500    ; PEN DOWN
G4 P100           ; DWELL
G1 X82.104 Y87.598 F7200  ; DRAW LINE
G1 X85.327 Y88.916 F7200  ; DRAW LINE
G0 Z5.00               ; PEN UP

G0 X90.308 Y88.623   ; RAPID TO START
G1 Z0.00 F500    ; PEN DOWN
G4 P100           ; DWELL
G1 X85.034 Y86.572 F7200  ; DRAW LINE
G1 X90.308 Y88.623 F7200  ; DRAW LINE
G0 Z5.00               ; PEN UP

G0 X79.761 Y87.891   ; RAPID TO START
G1 Z0.00 F500    ; PEN DOWN
G4 P100           ; DWELL
G1 X68.042 Y82.324 F7200  ; DRAW LINE
G1 X79.761 Y87.891 F7200  ; DRAW LINE
G0 Z5.00               ; PEN UP

G0 X79.614 Y87.012   ; RAPID TO START
G1 Z0.00 F500    ; PEN DOWN
G4 P100           ; DWELL
G1 X79.614 Y87.012 F7200  ; DRAW LINE
G0 Z5.00               ; PEN UP

G0 X37.134 Y86.865   ; RAPID TO START
G1 Z0.00 F500    ; PEN DOWN
G4 P100           ; DWELL
G1 X37.866 Y84.961 F7200  ; DRAW LINE
G1 X37.134 Y86.865 F7200  ; DRAW LINE
G0 Z5.00               ; PEN UP

G0 X21.021 Y86.426   ; RAPID TO START
G1 Z0.00 F500    ; PEN DOWN
G4 P100           ; DWELL
G1 X21.826 Y84.888 F7200  ; DRAW LINE
G1 X21.021 Y86.426 F7200  ; DRAW LINE
G0 Z5.00               ; PEN UP

G0 X85.034 Y86.426   ; RAPID TO START
G1 Z0.00 F500    ; PEN DOWN
G4 P100           ; DWELL
G1 X81.665 Y84.814 F7200  ; DRAW LINE
G1 X85.034 Y86.426 F7200  ; DRAW LINE
G0 Z5.00               ; PEN UP

G0 X78.735 Y86.279   ; RAPID TO START
G1 Z0.00 F500    ; PEN DOWN
G4 P100           ; DWELL
G1 X68.921 Y79.688 F7200  ; DRAW LINE
G1 X78.735 Y86.279 F7200  ; DRAW LINE
G0 Z5.00               ; PEN UP

G0 X19.702 Y85.986   ; RAPID TO START
G1 Z0.00 F500    ; PEN DOWN
G4 P100           ; DWELL
G1 X20.508 Y84.009 F7200  ; DRAW LINE
G1 X19.702 Y85.986 F7200  ; DRAW LINE
G0 Z5.00               ; PEN UP

G0 X18.384 Y85.400   ; RAPID TO START
G1 Z0.00 F500    ; PEN DOWN
G4 P100           ; DWELL
G1 X19.189 Y83.130 F7200  ; DRAW LINE
G1 X18.384 Y85.400 F7200  ; DRAW LINE
G0 Z5.00               ; PEN UP

G0 X17.065 Y85.107   ; RAPID TO START
G1 Z0.00 F500    ; PEN DOWN
G4 P100           ; DWELL
G1 X18.018 Y82.251 F7200  ; DRAW LINE
G1 X17.065 Y85.107 F7200  ; DRAW LINE
G0 Z5.00               ; PEN UP

G0 X23.511 Y84.668   ; RAPID TO START
G1 Z0.00 F500    ; PEN DOWN
G4 P100           ; DWELL
G1 X24.902 Y84.448 F7200  ; DRAW LINE
G1 X23.511 Y84.668 F7200  ; DRAW LINE
G0 Z5.00               ; PEN UP

G0 X40.283 Y84.375   ; RAPID TO START
G1 Z0.00 F500    ; PEN DOWN
G4 P100           ; DWELL
G1 X35.449 Y82.617 F7200  ; DRAW LINE
G1 X40.283 Y84.375 F7200  ; DRAW LINE
G0 Z5.00               ; PEN UP

G0 X20.874 Y83.789   ; RAPID TO START
G1 Z0.00 F500    ; PEN DOWN
G4 P100           ; DWELL
G1 X20.874 Y83.789 F7200  ; DRAW LINE
G0 Z5.00               ; PEN UP

G0 X24.536 Y83.496   ; RAPID TO START
G1 Z0.00 F500    ; PEN DOWN
G4 P100           ; DWELL
G1 X24.536 Y83.496 F7200  ; DRAW LINE
G0 Z5.00               ; PEN UP

G0 X15.454 Y83.350   ; RAPID TO START
G1 Z0.00 F500    ; PEN DOWN
G4 P100           ; DWELL
G1 X16.699 Y81.226 F7200  ; DRAW LINE
G1 X15.454 Y83.350 F7200  ; DRAW LINE
G0 Z5.00               ; PEN UP

G0 X19.556 Y82.617   ; RAPID TO START
G1 Z0.00 F500    ; PEN DOWN
G4 P100           ; DWELL
G1 X21.240 Y82.397 F7200  ; DRAW LINE
G1 X19.556 Y82.617 F7200  ; DRAW LINE
G0 Z5.00               ; PEN UP

G0 X24.683 Y82.617   ; RAPID TO START
G1 Z0.00 F500    ; PEN DOWN
G4 P100           ; DWELL
G1 X22.485 Y82.324 F7200  ; DRAW LINE
G1 X24.683 Y82.617 F7200  ; DRAW LINE
G0 Z5.00               ; PEN UP

G0 X68.481 Y82.178   ; RAPID TO START
G1 Z0.00 F500    ; PEN DOWN
G4 P100           ; DWELL
G1 X63.062 Y79.688 F7200  ; DRAW LINE
G1 X68.481 Y82.178 F7200  ; DRAW LINE
G0 Z5.00               ; PEN UP

G0 X24.390 Y81.885   ; RAPID TO START
G1 Z0.00 F500    ; PEN DOWN
G4 P100           ; DWELL
G1 X21.680 Y81.152 F7200  ; DRAW LINE
G1 X24.390 Y81.885 F7200  ; DRAW LINE
G0 Z5.00               ; PEN UP

G0 X18.384 Y81.738   ; RAPID TO START
G1 Z0.00 F500    ; PEN DOWN
G4 P100           ; DWELL
G1 X20.435 Y81.592 F7200  ; DRAW LINE
G1 X18.384 Y81.738 F7200  ; DRAW LINE
G0 Z5.00               ; PEN UP

G0 X17.212 Y81.152   ; RAPID TO START
G1 Z0.00 F500    ; PEN DOWN
G4 P100           ; DWELL
G1 X19.702 Y80.859 F7200  ; DRAW LINE
G1 X17.212 Y81.152 F7200  ; DRAW LINE
G0 Z5.00               ; PEN UP

G0 X59.985 Y80.713   ; RAPID TO START
G1 Z0.00 F500    ; PEN DOWN
G4 P100           ; DWELL
G1 X62.988 Y74.780 F7200  ; DRAW LINE
G1 X59.985 Y80.713 F7200  ; DRAW LINE
G0 Z5.00               ; PEN UP

G0 X75.220 Y79.395   ; RAPID TO START
G1 Z0.00 F500    ; PEN DOWN
G4 P100           ; DWELL
G1 X75.220 Y79.395 F7200  ; DRAW LINE
G0 Z5.00               ; PEN UP

G0 X49.585 Y78.369   ; RAPID TO START
G1 Z0.00 F500    ; PEN DOWN
G4 P100           ; DWELL
G1 X45.923 Y76.611 F7200  ; DRAW LINE
G1 X49.585 Y78.369 F7200  ; DRAW LINE
G0 Z5.00               ; PEN UP

G0 X73.755 Y77.783   ; RAPID TO START
G1 Z0.00 F500    ; PEN DOWN
G4 P100           ; DWELL
G1 X73.755 Y77.783 F7200  ; DRAW LINE
G0 Z5.00               ; PEN UP

G0 X74.194 Y77.490   ; RAPID TO START
G1 Z0.00 F500    ; PEN DOWN
G4 P100           ; DWELL
G1 X74.194 Y77.490 F7200  ; DRAW LINE
G0 Z5.00               ; PEN UP

G0 X62.476 Y73.389   ; RAPID TO START
G1 Z0.00 F500    ; PEN DOWN
G4 P100           ; DWELL
G1 X69.287 Y70.972 F7200  ; DRAW LINE
G1 X62.476 Y73.389 F7200  ; DRAW LINE
G0 Z5.00               ; PEN UP

G0 X48.999 Y69.141   ; RAPID TO START
G1 Z0.00 F500    ; PEN DOWN
G4 P100           ; DWELL
G1 X52.441 Y61.157 F7200  ; DRAW LINE
G1 X48.999 Y69.141 F7200  ; DRAW LINE
G0 Z5.00               ; PEN UP

G0 X41.528 Y68.115   ; RAPID TO START
G1 Z0.00 F500    ; PEN DOWN
G4 P100           ; DWELL
G1 X42.554 Y64.893 F7200  ; DRAW LINE
G1 X41.528 Y68.115 F7200  ; DRAW LINE
G0 Z5.00               ; PEN UP

G0 X41.602 Y67.822   ; RAPID TO START
G1 Z0.00 F500    ; PEN DOWN
G4 P100           ; DWELL
G1 X42.480 Y65.186 F7200  ; DRAW LINE
G1 X41.602 Y67.822 F7200  ; DRAW LINE
G0 Z5.00               ; PEN UP

G0 X42.993 Y61.084   ; RAPID TO START
G1 Z0.00 F500    ; PEN DOWN
G4 P100           ; DWELL
G1 X43.872 Y58.154 F7200  ; DRAW LINE
G1 X42.993 Y61.084 F7200  ; DRAW LINE
G0 Z5.00               ; PEN UP

G0 X43.213 Y60.791   ; RAPID TO START
G1 Z0.00 F500    ; PEN DOWN
G4 P100           ; DWELL
G1 X43.799 Y58.447 F7200  ; DRAW LINE
G1 X43.213 Y60.791 F7200  ; DRAW LINE
G0 Z5.00               ; PEN UP

G0 X53.687 Y60.791   ; RAPID TO START
G1 Z0.00 F500    ; PEN DOWN
G4 P100           ; DWELL
G1 X56.439 Y60.115 F7200  ; DRAW LINE
G1 X53.687 Y60.791 F7200  ; DRAW LINE
G0 Z5.00               ; PEN UP

G0 X51.636 Y60.352   ; RAPID TO START
G1 Z0.00 F500    ; PEN DOWN
G4 P100           ; DWELL
G1 X50.464 Y59.180 F7200  ; DRAW LINE
G1 X51.636 Y60.352 F7200  ; DRAW LINE
G0 Z5.00               ; PEN UP

G0 X35.229 Y57.715   ; RAPID TO START
G1 Z0.00 F500    ; PEN DOWN
G4 P100           ; DWELL
G1 X33.911 Y56.250 F7200  ; DRAW LINE
G1 X35.229 Y57.715 F7200  ; DRAW LINE
G0 Z5.00               ; PEN UP

G0 X28.052 Y57.568   ; RAPID TO START
G1 Z0.00 F500    ; PEN DOWN
G4 P100           ; DWELL
G1 X28.052 Y57.568 F7200  ; DRAW LINE
G0 Z5.00               ; PEN UP

G0 X35.669 Y57.568   ; RAPID TO START
G1 Z0.00 F500    ; PEN DOWN
G4 P100           ; DWELL
G1 X34.497 Y55.811 F7200  ; DRAW LINE
G1 X35.669 Y57.568 F7200  ; DRAW LINE
G0 Z5.00               ; PEN UP

G0 X53.540 Y57.422   ; RAPID TO START
G1 Z0.00 F500    ; PEN DOWN
G4 P100           ; DWELL
G1 X52.075 Y55.957 F7200  ; DRAW LINE
G1 X53.540 Y57.422 F7200  ; DRAW LINE
G0 Z5.00               ; PEN UP

G0 X33.179 Y56.982   ; RAPID TO START
G1 Z0.00 F500    ; PEN DOWN
G4 P100           ; DWELL
G1 X33.179 Y56.982 F7200  ; DRAW LINE
G0 Z5.00               ; PEN UP

G0 X55.005 Y56.250   ; RAPID TO START
G1 Z0.00 F500    ; PEN DOWN
G4 P100           ; DWELL
G1 X56.982 Y52.954 F7200  ; DRAW LINE
G1 X55.005 Y56.250 F7200  ; DRAW LINE
G0 Z5.00               ; PEN UP

G0 X32.739 Y55.371   ; RAPID TO START
G1 Z0.00 F500    ; PEN DOWN
G4 P100           ; DWELL
G1 X32.739 Y55.371 F7200  ; DRAW LINE
G0 Z5.00               ; PEN UP

G0 X44.385 Y54.639   ; RAPID TO START
G1 Z0.00 F500    ; PEN DOWN
G4 P100           ; DWELL
G1 X45.190 Y51.709 F7200  ; DRAW LINE
G1 X44.385 Y54.639 F7200  ; DRAW LINE
G0 Z5.00               ; PEN UP

G0 X44.824 Y54.346   ; RAPID TO START
G1 Z0.00 F500    ; PEN DOWN
G4 P100           ; DWELL
G1 X45.117 Y52.148 F7200  ; DRAW LINE
G1 X44.824 Y54.346 F7200  ; DRAW LINE
G0 Z5.00               ; PEN UP

G0 X26.733 Y54.492   ; RAPID TO START
G1 Z0.00 F500    ; PEN DOWN
G4 P100           ; DWELL
G1 X27.612 Y53.320 F7200  ; DRAW LINE
G1 X26.733 Y54.492 F7200  ; DRAW LINE
G0 Z5.00               ; PEN UP

G0 X51.196 Y54.492   ; RAPID TO START
G1 Z0.00 F500    ; PEN DOWN
G4 P100           ; DWELL
G1 X52.747 Y51.707 F7200  ; DRAW LINE
G1 X56.543 Y51.855 F7200  ; DRAW LINE
G1 X51.489 Y52.148 F7200  ; DRAW LINE
G1 X51.196 Y54.492 F7200  ; DRAW LINE
G0 Z5.00               ; PEN UP

G0 X63.354 Y54.346   ; RAPID TO START
G1 Z0.00 F500    ; PEN DOWN
G4 P100           ; DWELL
G1 X57.715 Y52.368 F7200  ; DRAW LINE
G1 X63.354 Y54.346 F7200  ; DRAW LINE
G0 Z5.00               ; PEN UP

G0 X66.870 Y54.346   ; RAPID TO START
G1 Z0.00 F500    ; PEN DOWN
G4 P100           ; DWELL
G1 X66.630 Y52.108 F7200  ; DRAW LINE
G1 X66.870 Y54.346 F7200  ; DRAW LINE
G0 Z5.00               ; PEN UP

G0 X28.638 Y52.734   ; RAPID TO START
G1 Z0.00 F500    ; PEN DOWN
G4 P100           ; DWELL
G1 X29.904 Y52.027 F7200  ; DRAW LINE
G1 X28.638 Y52.734 F7200  ; DRAW LINE
G0 Z5.00               ; PEN UP

G0 X73.901 Y52.441   ; RAPID TO START
G1 Z0.00 F500    ; PEN DOWN
G4 P100           ; DWELL
G1 X87.158 Y46.655 F7200  ; DRAW LINE
G1 X73.901 Y52.441 F7200  ; DRAW LINE
G0 Z5.00               ; PEN UP

G0 X30.981 Y51.709   ; RAPID TO START
G1 Z0.00 F500    ; PEN DOWN
G4 P100           ; DWELL
G1 X30.981 Y51.709 F7200  ; DRAW LINE
G0 Z5.00               ; PEN UP

G0 X33.032 Y50.830   ; RAPID TO START
G1 Z0.00 F500    ; PEN DOWN
G4 P100           ; DWELL
G1 X33.032 Y50.830 F7200  ; DRAW LINE
G0 Z5.00               ; PEN UP

G0 X65.405 Y47.461   ; RAPID TO START
G1 Z0.00 F500    ; PEN DOWN
G4 P100           ; DWELL
G1 X50.537 Y45.117 F7200  ; DRAW LINE
G1 X65.405 Y47.461 F7200  ; DRAW LINE
G0 Z5.00               ; PEN UP

G0 X72.437 Y44.678   ; RAPID TO START
G1 Z0.00 F500    ; PEN DOWN
G4 P100           ; DWELL
G1 X63.501 Y41.748 F7200  ; DRAW LINE
G1 X72.437 Y44.678 F7200  ; DRAW LINE
G0 Z5.00               ; PEN UP

G0 X78.882 Y42.188   ; RAPID TO START
G1 Z0.00 F500    ; PEN DOWN
G4 P100           ; DWELL
G1 X69.653 Y35.303 F7200  ; DRAW LINE
G1 X78.882 Y42.188 F7200  ; DRAW LINE
G0 Z5.00               ; PEN UP

G0 X74.194 Y40.430   ; RAPID TO START
G1 Z0.00 F500    ; PEN DOWN
G4 P100           ; DWELL
G1 X67.310 Y35.742 F7200  ; DRAW LINE
G1 X74.194 Y40.430 F7200  ; DRAW LINE
G0 Z5.00               ; PEN UP

G0 X79.761 Y40.137   ; RAPID TO START
G1 Z0.00 F500    ; PEN DOWN
G4 P100           ; DWELL
G1 X67.896 Y31.934 F7200  ; DRAW LINE
G1 X79.761 Y40.137 F7200  ; DRAW LINE
G0 Z5.00               ; PEN UP

G0 X84.155 Y40.137   ; RAPID TO START
G1 Z0.00 F500    ; PEN DOWN
G4 P100           ; DWELL
G1 X70.679 Y32.373 F7200  ; DRAW LINE
G1 X84.155 Y40.137 F7200  ; DRAW LINE
G0 Z5.00               ; PEN UP

G0 X52.954 Y38.965   ; RAPID TO START
G1 Z0.00 F500    ; PEN DOWN
G4 P100           ; DWELL
G1 X61.816 Y37.720 F7200  ; DRAW LINE
G1 X52.954 Y38.965 F7200  ; DRAW LINE
G0 Z5.00               ; PEN UP

G0 X48.633 Y37.793   ; RAPID TO START
G1 Z0.00 F500    ; PEN DOWN
G4 P100           ; DWELL
G1 X52.002 Y37.207 F7200  ; DRAW LINE
G1 X48.633 Y37.793 F7200  ; DRAW LINE
G0 Z5.00               ; PEN UP

G0 X98.218 Y35.156   ; RAPID TO START
G1 Z0.00 F500    ; PEN DOWN
G4 P100           ; DWELL
G1 X104.297 Y33.911 F7200  ; DRAW LINE
G1 X98.218 Y35.156 F7200  ; DRAW LINE
G0 Z5.00               ; PEN UP

G0 X88.696 Y35.010   ; RAPID TO START
G1 Z0.00 F500    ; PEN DOWN
G4 P100           ; DWELL
G1 X72.144 Y32.373 F7200  ; DRAW LINE
G1 X88.696 Y35.010 F7200  ; DRAW LINE
G0 Z5.00               ; PEN UP

G0 X88.916 Y35.010   ; RAPID TO START
G1 Z0.00 F500    ; PEN DOWN
G4 P100           ; DWELL
G1 X88.916 Y35.010 F7200  ; DRAW LINE
G0 Z5.00               ; PEN UP

G0 X50.244 Y34.277   ; RAPID TO START
G1 Z0.00 F500    ; PEN DOWN
G4 P100           ; DWELL
G1 X59.326 Y32.446 F7200  ; DRAW LINE
G1 X50.244 Y34.277 F7200  ; DRAW LINE
G0 Z5.00               ; PEN UP

G0 X62.915 Y32.227   ; RAPID TO START
G1 Z0.00 F500    ; PEN DOWN
G4 P100           ; DWELL
G1 X55.005 Y29.883 F7200  ; DRAW LINE
G1 X62.915 Y32.227 F7200  ; DRAW LINE
G0 Z5.00               ; PEN UP

G0 X67.163 Y31.494   ; RAPID TO START
G1 Z0.00 F500    ; PEN DOWN
G4 P100           ; DWELL
G1 X67.383 Y29.590 F7200  ; DRAW LINE
G1 X67.163 Y31.494 F7200  ; DRAW LINE
G0 Z5.00               ; PEN UP

G0 X61.304 Y30.469   ; RAPID TO START
G1 Z0.00 F500    ; PEN DOWN
G4 P100           ; DWELL
G1 X50.464 Y28.271 F7200  ; DRAW LINE
G1 X61.304 Y30.469 F7200  ; DRAW LINE
G0 Z5.00               ; PEN UP

G0 X65.259 Y29.883   ; RAPID TO START
G1 Z0.00 F500    ; PEN DOWN
G4 P100           ; DWELL
G1 X66.504 Y28.784 F7200  ; DRAW LINE
G1 X65.259 Y29.883 F7200  ; DRAW LINE
G0 Z5.00               ; PEN UP

G0 X70.679 Y28.711   ; RAPID TO START
G1 Z0.00 F500    ; PEN DOWN
G4 P100           ; DWELL
G1 X83.057 Y26.294 F7200  ; DRAW LINE
G1 X70.679 Y28.711 F7200  ; DRAW LINE
G0 Z5.00               ; PEN UP

G0 X122.974 Y27.979   ; RAPID TO START
G1 Z0.00 F500    ; PEN DOWN
G4 P100           ; DWELL
G1 X122.974 Y27.979 F7200  ; DRAW LINE
G0 Z5.00               ; PEN UP

G0 X113.892 Y26.953   ; RAPID TO START
G1 Z0.00 F500    ; PEN DOWN
G4 P100           ; DWELL
G1 X112.720 Y23.145 F7200  ; DRAW LINE
G1 X113.892 Y26.953 F7200  ; DRAW LINE
G0 Z5.00               ; PEN UP

G0 X124.585 Y24.756   ; RAPID TO START
G1 Z0.00 F500    ; PEN DOWN
G4 P100           ; DWELL
G1 X124.585 Y24.756 F7200  ; DRAW LINE
G0 Z5.00               ; PEN UP

G0 X102.026 Y24.023   ; RAPID TO START
G1 Z0.00 F500    ; PEN DOWN
G4 P100           ; DWELL
G1 X103.418 Y22.192 F7200  ; DRAW LINE
G1 X102.026 Y24.023 F7200  ; DRAW LINE
G0 Z5.00               ; PEN UP

G0 X59.839 Y22.559   ; RAPID TO START
G1 Z0.00 F500    ; PEN DOWN
G4 P100           ; DWELL
G1 X49.585 Y14.648 F7200  ; DRAW LINE
G1 X59.839 Y22.559 F7200  ; DRAW LINE
G0 Z5.00               ; PEN UP

G0 X13.989 Y21.387   ; RAPID TO START
G1 Z0.00 F500    ; PEN DOWN
G4 P100           ; DWELL
G1 X13.989 Y21.387 F7200  ; DRAW LINE
G0 Z5.00               ; PEN UP

G0 X12.158 Y20.508   ; RAPID TO START
G1 Z0.00 F500    ; PEN DOWN
G4 P100           ; DWELL
G1 X12.158 Y20.508 F7200  ; DRAW LINE
G0 Z5.00               ; PEN UP

G0 X73.462 Y19.922   ; RAPID TO START
G1 Z0.00 F500    ; PEN DOWN
G4 P100           ; DWELL
G1 X73.462 Y19.922 F7200  ; DRAW LINE
G0 Z5.00               ; PEN UP

G0 X71.558 Y19.189   ; RAPID TO START
G1 Z0.00 F500    ; PEN DOWN
G4 P100           ; DWELL
G1 X71.558 Y19.189 F7200  ; DRAW LINE
G0 Z5.00               ; PEN UP

G0 X112.427 Y18.896   ; RAPID TO START
G1 Z0.00 F500    ; PEN DOWN
G4 P100           ; DWELL
G1 X112.939 Y14.282 F7200  ; DRAW LINE
G1 X112.427 Y18.896 F7200  ; DRAW LINE
G0 Z5.00               ; PEN UP

G0 X104.370 Y16.260   ; RAPID TO START
G1 Z0.00 F500    ; PEN DOWN
G4 P100           ; DWELL
G1 X107.959 Y12.671 F7200  ; DRAW LINE
G1 X104.370 Y16.260 F7200  ; DRAW LINE
G0 Z5.00               ; PEN UP

G0 X145.239 Y14.355   ; RAPID TO START
G1 Z0.00 F500    ; PEN DOWN
G4 P100           ; DWELL
G1 X150.000 Y13.770 F7200  ; DRAW LINE
G1 X145.239 Y14.355 F7200  ; DRAW LINE
G0 Z5.00               ; PEN UP

G0 X144.946 Y14.209   ; RAPID TO START
G1 Z0.00 F500    ; PEN DOWN
G4 P100           ; DWELL
G1 X144.946 Y14.209 F7200  ; DRAW LINE
G0 Z5.00               ; PEN UP

G0 X148.169 Y13.770   ; RAPID TO START
G1 Z0.00 F500    ; PEN DOWN
G4 P100           ; DWELL
G1 X148.169 Y13.770 F7200  ; DRAW LINE
G0 Z5.00               ; PEN UP

G0 X99.023 Y12.598   ; RAPID TO START
G1 Z0.00 F500    ; PEN DOWN
G4 P100           ; DWELL
G1 X100.781 Y9.448 F7200  ; DRAW LINE
G1 X99.023 Y12.598 F7200  ; DRAW LINE
G0 Z5.00               ; PEN UP

G0 X98.364 Y12.451   ; RAPID TO START
G1 Z0.00 F500    ; PEN DOWN
G4 P100           ; DWELL
G1 X99.463 Y10.474 F7200  ; DRAW LINE
G1 X98.364 Y12.451 F7200  ; DRAW LINE
G0 Z5.00               ; PEN UP

G0 X99.829 Y12.305   ; RAPID TO START
G1 Z0.00 F500    ; PEN DOWN
G4 P100           ; DWELL
G1 X100.781 Y10.913 F7200  ; DRAW LINE
G1 X99.829 Y12.305 F7200  ; DRAW LINE
G0 Z5.00               ; PEN UP

G0 X100.562 Y12.158   ; RAPID TO START
G1 Z0.00 F500    ; PEN DOWN
G4 P100           ; DWELL
G1 X101.367 Y10.913 F7200  ; DRAW LINE
G1 X100.562 Y12.158 F7200  ; DRAW LINE
G0 Z5.00               ; PEN UP

G0 X59.106 Y11.279   ; RAPID TO START
G1 Z0.00 F500    ; PEN DOWN
G4 P100           ; DWELL
G1 X60.498 Y9.155 F7200  ; DRAW LINE
G1 X59.106 Y11.279 F7200  ; DRAW LINE
G0 Z5.00               ; PEN UP

G0 X6.079 Y8.789   ; RAPID TO START
G1 Z0.00 F500    ; PEN DOWN
G4 P100           ; DWELL
G1 X8.789 Y7.837 F7200  ; DRAW LINE
G1 X7.178 Y4.395 F7200  ; DRAW LINE
G1 X4.643 Y5.749 F7200  ; DRAW LINE
G1 X6.079 Y8.789 F7200  ; DRAW LINE
G0 Z5.00               ; PEN UP

G0 X6.445 Y8.643   ; RAPID TO START
G1 Z0.00 F500    ; PEN DOWN
G4 P100           ; DWELL
G1 X4.740 Y6.311 F7200  ; DRAW LINE
G1 X6.445 Y4.541 F7200  ; DRAW LINE
G1 X8.789 Y6.299 F7200  ; DRAW LINE
G1 X6.445 Y8.643 F7200  ; DRAW LINE
G0 Z5.00               ; PEN UP

G0 X19.409 Y8.057   ; RAPID TO START
G1 Z0.00 F500    ; PEN DOWN
G4 P100           ; DWELL
G1 X19.409 Y8.057 F7200  ; DRAW LINE
G0 Z5.00               ; PEN UP

G0 X11.646 Y7.910   ; RAPID TO START
G1 Z0.00 F500    ; PEN DOWN
G4 P100           ; DWELL
G1 X11.646 Y5.420 F7200  ; DRAW LINE
G1 X11.646 Y7.910 F7200  ; DRAW LINE
G0 Z5.00               ; PEN UP

G0 X15.088 Y7.910   ; RAPID TO START
G1 Z0.00 F500    ; PEN DOWN
G4 P100           ; DWELL
G1 X15.381 Y5.566 F7200  ; DRAW LINE
G1 X15.088 Y7.910 F7200  ; DRAW LINE
G0 Z5.00               ; PEN UP

G0 X13.696 Y7.324   ; RAPID TO START
G1 Z0.00 F500    ; PEN DOWN
G4 P100           ; DWELL
G1 X14.282 Y5.566 F7200  ; DRAW LINE
G1 X13.696 Y7.324 F7200  ; DRAW LINE
G0 Z5.00               ; PEN UP

G0 X13.916 Y7.031   ; RAPID TO START
G1 Z0.00 F500    ; PEN DOWN
G4 P100           ; DWELL
G1 X13.916 Y7.031 F7200  ; DRAW LINE
G0 Z5.00               ; PEN UP

G0 X16.479 Y7.324   ; RAPID TO START
G1 Z0.00 F500    ; PEN DOWN
G4 P100           ; DWELL
G1 X17.065 Y5.566 F7200  ; DRAW LINE
G1 X16.479 Y7.324 F7200  ; DRAW LINE
G0 Z5.00               ; PEN UP

G0 X16.699 Y7.031   ; RAPID TO START
G1 Z0.00 F500    ; PEN DOWN
G4 P100           ; DWELL
G1 X16.699 Y7.031 F7200  ; DRAW LINE
G0 Z5.00               ; PEN UP

G0 X18.677 Y7.324   ; RAPID TO START
G1 Z0.00 F500    ; PEN DOWN
G4 P100           ; DWELL
G1 X17.871 Y5.566 F7200  ; DRAW LINE
G1 X18.677 Y7.324 F7200  ; DRAW LINE
G0 Z5.00               ; PEN UP

G0 X20.874 Y7.324   ; RAPID TO START
G1 Z0.00 F500    ; PEN DOWN
G4 P100           ; DWELL
G1 X21.680 Y5.566 F7200  ; DRAW LINE
G1 X20.068 Y5.640 F7200  ; DRAW LINE
G1 X20.874 Y7.324 F7200  ; DRAW LINE
G0 Z5.00               ; PEN UP

G0 X22.632 Y7.324   ; RAPID TO START
G1 Z0.00 F500    ; PEN DOWN
G4 P100           ; DWELL
G1 X22.339 Y4.980 F7200  ; DRAW LINE
G1 X22.632 Y7.324 F7200  ; DRAW LINE
G0 Z5.00               ; PEN UP

G0 X22.705 Y6.885   ; RAPID TO START
G1 Z0.00 F500    ; PEN DOWN
G4 P100           ; DWELL
G1 X22.705 Y6.885 F7200  ; DRAW LINE
G0 Z5.00               ; PEN UP

G0 X25.562 Y7.324   ; RAPID TO START
G1 Z0.00 F500    ; PEN DOWN
G4 P100           ; DWELL
G1 X26.660 Y5.566 F7200  ; DRAW LINE
G1 X25.562 Y7.324 F7200  ; DRAW LINE
G0 Z5.00               ; PEN UP

G0 X25.781 Y6.299   ; RAPID TO START
G1 Z0.00 F500    ; PEN DOWN
G4 P100           ; DWELL
G1 X25.781 Y6.299 F7200  ; DRAW LINE
G0 Z5.00               ; PEN UP

G0 X27.905 Y7.324   ; RAPID TO START
G1 Z0.00 F500    ; PEN DOWN
G4 P100           ; DWELL
G1 X27.100 Y4.980 F7200  ; DRAW LINE
G1 X27.905 Y7.324 F7200  ; DRAW LINE
G0 Z5.00               ; PEN UP

G0 X27.832 Y6.885   ; RAPID TO START
G1 Z0.00 F500    ; PEN DOWN
G4 P100           ; DWELL
G1 X27.832 Y6.885 F7200  ; DRAW LINE
G0 Z5.00               ; PEN UP

G0 X29.956 Y7.324   ; RAPID TO START
G1 Z0.00 F500    ; PEN DOWN
G4 P100           ; DWELL
G1 X29.150 Y4.980 F7200  ; DRAW LINE
G1 X29.956 Y7.324 F7200  ; DRAW LINE
G0 Z5.00               ; PEN UP

G0 X29.590 Y6.885   ; RAPID TO START
G1 Z0.00 F500    ; PEN DOWN
G4 P100           ; DWELL
G1 X29.590 Y6.885 F7200  ; DRAW LINE
G0 Z5.00               ; PEN UP

G0 X19.189 Y7.178   ; RAPID TO START
G1 Z0.00 F500    ; PEN DOWN
G4 P100           ; DWELL
G1 X19.629 Y5.566 F7200  ; DRAW LINE
G1 X19.189 Y7.178 F7200  ; DRAW LINE
G0 Z5.00               ; PEN UP

G0 X144.214 Y7.031   ; RAPID TO START
G1 Z0.00 F500    ; PEN DOWN
G4 P100           ; DWELL
G1 X150.000 Y6.519 F7200  ; DRAW LINE
G1 X130.591 Y4.102 F7200  ; DRAW LINE
G1 X144.214 Y7.031 F7200  ; DRAW LINE
G0 Z5.00               ; PEN UP

G0 X6.665 Y3.076   ; RAPID TO START
G1 Z0.00 F500    ; PEN DOWN
G4 P100           ; DWELL
G1 X4.248 Y1.685 F7200  ; DRAW LINE
G1 X6.665 Y3.076 F7200  ; DRAW LINE
G0 Z5.00               ; PEN UP

G0 X10.620 Y3.076   ; RAPID TO START
G1 Z0.00 F500    ; PEN DOWN
G4 P100           ; DWELL
G1 X6.885 Y0.220 F7200  ; DRAW LINE
G1 X10.620 Y3.076 F7200  ; DRAW LINE
G0 Z5.00               ; PEN UP

G0 X22.192 Y3.076   ; RAPID TO START
G1 Z0.00 F500    ; PEN DOWN
G4 P100           ; DWELL
G1 X17.944 Y0.000 F7200  ; DRAW LINE
G1 X19.409 Y2.051 F7200  ; DRAW LINE
G1 X9.448 Y0.000 F7200  ; DRAW LINE
G1 X22.192 Y3.076 F7200  ; DRAW LINE
G0 Z5.00               ; PEN UP

G0 X53.394 Y1.025   ; RAPID TO START
G1 Z0.00 F500    ; PEN DOWN
G4 P100           ; DWELL
G1 X52.148 Y0.073 F7200  ; DRAW LINE
G1 X53.394 Y1.025 F7200  ; DRAW LINE
G0 Z5.00               ; PEN UP

G0 X53.687 Y0.439   ; RAPID TO START
G1 Z0.00 F500    ; PEN DOWN
G4 P100           ; DWELL
G1 X53.687 Y0.439 F7200  ; DRAW LINE
G0 Z5.00               ; PEN UP

G0 X54.712 Y0.293   ; RAPID TO START
G1 Z0.00 F500    ; PEN DOWN
G4 P100           ; DWELL
G1 X54.712 Y0.293 F7200  ; DRAW LINE
G0 Z5.00               ; PEN UP

G0 X0.000 Y150.000   ; RAPID TO START
G1 Z0.00 F500    ; PEN DOWN
G4 P100           ; DWELL
G1 X150.000 Y150.000 F7200  ; DRAW LINE
G1 X150.000 Y30.762 F7200  ; DRAW LINE
G1 X107.593 Y33.252 F7200  ; DRAW LINE
G1 X98.511 Y37.793 F7200  ; DRAW LINE
G1 X93.311 Y42.188 F7200  ; DRAW LINE
G1 X104.077 Y46.289 F7200  ; DRAW LINE
G1 X113.802 Y40.549 F7200  ; DRAW LINE
G1 X113.965 Y48.706 F7200  ; DRAW LINE
G1 X116.455 Y48.999 F7200  ; DRAW LINE
G1 X116.309 Y51.343 F7200  ; DRAW LINE
G1 X110.522 Y53.467 F7200  ; DRAW LINE
G1 X108.399 Y57.203 F7200  ; DRAW LINE
G1 X101.294 Y59.033 F7200  ; DRAW LINE
G1 X90.752 Y51.616 F7200  ; DRAW LINE
G1 X82.471 Y52.295 F7200  ; DRAW LINE
G1 X83.716 Y54.199 F7200  ; DRAW LINE
G1 X89.355 Y53.613 F7200  ; DRAW LINE
G1 X89.893 Y64.097 F7200  ; DRAW LINE
G1 X80.493 Y71.777 F7200  ; DRAW LINE
G1 X75.220 Y70.166 F7200  ; DRAW LINE
G1 X73.242 Y74.707 F7200  ; DRAW LINE
G1 X74.707 Y76.318 F7200  ; DRAW LINE
G1 X72.803 Y75.220 F7200  ; DRAW LINE
G1 X72.803 Y78.589 F7200  ; DRAW LINE
G1 X76.538 Y80.566 F7200  ; DRAW LINE
G1 X74.998 Y75.881 F7200  ; DRAW LINE
G1 X76.904 Y80.713 F7200  ; DRAW LINE
G1 X86.938 Y84.521 F7200  ; DRAW LINE
G1 X99.243 Y83.936 F7200  ; DRAW LINE
G1 X102.759 Y93.164 F7200  ; DRAW LINE
G1 X141.211 Y106.128 F7200  ; DRAW LINE
G1 X146.484 Y116.968 F7200  ; DRAW LINE
G1 X144.598 Y126.361 F7200  ; DRAW LINE
G1 X140.625 Y129.272 F7200  ; DRAW LINE
G1 X138.928 Y136.184 F7200  ; DRAW LINE
G1 X133.813 Y137.109 F7200  ; DRAW LINE
G1 X125.903 Y143.555 F7200  ; DRAW LINE
G1 X113.672 Y133.374 F7200  ; DRAW LINE
G1 X97.046 Y108.838 F7200  ; DRAW LINE
G1 X90.308 Y111.182 F7200  ; DRAW LINE
G1 X81.079 Y97.119 F7200  ; DRAW LINE
G1 X75.586 Y93.604 F7200  ; DRAW LINE
G1 X66.797 Y102.612 F7200  ; DRAW LINE
G1 X66.650 Y107.520 F7200  ; DRAW LINE
G1 X52.808 Y108.252 F7200  ; DRAW LINE
G1 X49.055 Y115.398 F7200  ; DRAW LINE
G1 X44.019 Y119.531 F7200  ; DRAW LINE
G1 X33.765 Y120.996 F7200  ; DRAW LINE
G1 X22.998 Y115.356 F7200  ; DRAW LINE
G1 X18.750 Y104.956 F7200  ; DRAW LINE
G1 X21.387 Y94.849 F7200  ; DRAW LINE
G1 X14.941 Y87.524 F7200  ; DRAW LINE
G1 X13.257 Y81.152 F7200  ; DRAW LINE
G1 X18.530 Y79.395 F7200  ; DRAW LINE
G1 X28.198 Y82.031 F7200  ; DRAW LINE
G1 X31.201 Y79.321 F7200  ; DRAW LINE
G1 X31.269 Y74.379 F7200  ; DRAW LINE
G1 X37.061 Y67.749 F7200  ; DRAW LINE
G1 X35.156 Y65.259 F7200  ; DRAW LINE
G1 X37.207 Y63.501 F7200  ; DRAW LINE
G1 X32.007 Y58.594 F7200  ; DRAW LINE
G1 X27.100 Y58.667 F7200  ; DRAW LINE
G1 X24.756 Y51.782 F7200  ; DRAW LINE
G1 X32.300 Y47.900 F7200  ; DRAW LINE
G1 X35.596 Y54.126 F7200  ; DRAW LINE
G1 X41.748 Y58.008 F7200  ; DRAW LINE
G1 X40.789 Y43.557 F7200  ; DRAW LINE
G1 X44.751 Y41.162 F7200  ; DRAW LINE
G1 X46.289 Y41.821 F7200  ; DRAW LINE
G1 X45.044 Y46.289 F7200  ; DRAW LINE
G1 X49.438 Y46.289 F7200  ; DRAW LINE
G1 X49.219 Y42.114 F7200  ; DRAW LINE
G1 X39.478 Y28.711 F7200  ; DRAW LINE
G1 X0.000 Y24.756 F7200  ; DRAW LINE
G1 X0.000 Y150.000 F7200  ; DRAW LINE
G0 Z5.00               ; PEN UP

G0 X75.293 Y79.395   ; RAPID TO START
G1 Z0.00 F500    ; PEN DOWN
G4 P100           ; DWELL
G1 X75.293 Y79.395 F7200  ; DRAW LINE
G0 Z5.00               ; PEN UP

G0 X73.535 Y78.516   ; RAPID TO START
G1 Z0.00 F500    ; PEN DOWN
G4 P100           ; DWELL
G1 X73.535 Y78.516 F7200  ; DRAW LINE
G0 Z5.00               ; PEN UP

G0 X73.828 Y77.783   ; RAPID TO START
G1 Z0.00 F500    ; PEN DOWN
G4 P100           ; DWELL
G1 X73.828 Y77.783 F7200  ; DRAW LINE
G0 Z5.00               ; PEN UP

G0 X74.268 Y77.490   ; RAPID TO START
G1 Z0.00 F500    ; PEN DOWN
G4 P100           ; DWELL
G1 X74.268 Y77.490 F7200  ; DRAW LINE
G0 Z5.00               ; PEN UP

G0 X125.464 Y143.115   ; RAPID TO START
G1 Z0.00 F500    ; PEN DOWN
G4 P100           ; DWELL
G1 X129.137 Y142.189 F7200  ; DRAW LINE
G1 X132.788 Y137.256 F7200  ; DRAW LINE
G1 X139.014 Y135.571 F7200  ; DRAW LINE
G1 X140.195 Y129.282 F7200  ; DRAW LINE
G1 X143.994 Y126.782 F7200  ; DRAW LINE
G1 X146.338 Y118.433 F7200  ; DRAW LINE
G1 X140.405 Y105.908 F7200  ; DRAW LINE
G1 X133.521 Y105.762 F7200  ; DRAW LINE
G1 X131.836 Y108.252 F7200  ; DRAW LINE
G1 X139.453 Y110.303 F7200  ; DRAW LINE
G1 X143.555 Y120.483 F7200  ; DRAW LINE
G1 X138.501 Y110.010 F7200  ; DRAW LINE
G1 X131.470 Y108.545 F7200  ; DRAW LINE
G1 X128.467 Y111.841 F7200  ; DRAW LINE
G1 X136.816 Y115.942 F7200  ; DRAW LINE
G1 X139.453 Y127.368 F7200  ; DRAW LINE
G1 X135.571 Y115.137 F7200  ; DRAW LINE
G1 X127.734 Y112.207 F7200  ; DRAW LINE
G1 X124.951 Y117.700 F7200  ; DRAW LINE
G1 X132.129 Y124.146 F7200  ; DRAW LINE
G1 X133.301 Y133.228 F7200  ; DRAW LINE
G1 X131.909 Y131.250 F7200  ; DRAW LINE
G1 X131.177 Y136.230 F7200  ; DRAW LINE
G1 X131.836 Y124.438 F7200  ; DRAW LINE
G1 X128.123 Y120.036 F7200  ; DRAW LINE
G1 X124.438 Y117.920 F7200  ; DRAW LINE
G1 X116.309 Y121.216 F7200  ; DRAW LINE
G1 X116.801 Y124.239 F7200  ; DRAW LINE
G1 X118.726 Y125.537 F7200  ; DRAW LINE
G1 X118.213 Y122.095 F7200  ; DRAW LINE
G1 X119.385 Y125.977 F7200  ; DRAW LINE
G1 X122.021 Y126.709 F7200  ; DRAW LINE
G1 X119.824 Y128.979 F7200  ; DRAW LINE
G1 X121.289 Y134.546 F7200  ; DRAW LINE
G1 X119.531 Y131.470 F7200  ; DRAW LINE
G1 X120.996 Y136.304 F7200  ; DRAW LINE
G1 X119.678 Y127.808 F7200  ; DRAW LINE
G1 X117.334 Y133.667 F7200  ; DRAW LINE
G1 X119.971 Y126.782 F7200  ; DRAW LINE
G1 X117.993 Y125.537 F7200  ; DRAW LINE
G1 X115.942 Y129.785 F7200  ; DRAW LINE
G1 X117.773 Y125.464 F7200  ; DRAW LINE
G1 X116.016 Y121.509 F7200  ; DRAW LINE
G1 X113.892 Y125.391 F7200  ; DRAW LINE
G1 X115.430 Y121.802 F7200  ; DRAW LINE
G1 X111.841 Y122.900 F7200  ; DRAW LINE
G1 X126.277 Y116.302 F7200  ; DRAW LINE
G1 X127.441 Y112.573 F7200  ; DRAW LINE
G1 X125.464 Y108.838 F7200  ; DRAW LINE
G1 X121.802 Y108.105 F7200  ; DRAW LINE
G1 X106.348 Y113.745 F7200  ; DRAW LINE
G1 X107.227 Y123.413 F7200  ; DRAW LINE
G1 X120.483 Y140.479 F7200  ; DRAW LINE
G1 X125.464 Y143.115 F7200  ; DRAW LINE
G0 Z5.00               ; PEN UP

G0 X124.072 Y139.453   ; RAPID TO START
G1 Z0.00 F500    ; PEN DOWN
G4 P100           ; DWELL
G1 X126.563 Y136.670 F7200  ; DRAW LINE
G1 X124.072 Y139.453 F7200  ; DRAW LINE
G0 Z5.00               ; PEN UP

G0 X136.230 Y133.594   ; RAPID TO START
G1 Z0.00 F500    ; PEN DOWN
G4 P100           ; DWELL
G1 X137.256 Y129.785 F7200  ; DRAW LINE
G1 X136.230 Y133.594 F7200  ; DRAW LINE
G0 Z5.00               ; PEN UP

G0 X115.137 Y129.053   ; RAPID TO START
G1 Z0.00 F500    ; PEN DOWN
G4 P100           ; DWELL
G1 X116.602 Y125.391 F7200  ; DRAW LINE
G1 X115.137 Y129.053 F7200  ; DRAW LINE
G0 Z5.00               ; PEN UP

G0 X125.244 Y125.977   ; RAPID TO START
G1 Z0.00 F500    ; PEN DOWN
G4 P100           ; DWELL
G1 X129.639 Y124.512 F7200  ; DRAW LINE
G1 X125.244 Y125.977 F7200  ; DRAW LINE
G0 Z5.00               ; PEN UP

G0 X124.365 Y124.951   ; RAPID TO START
G1 Z0.00 F500    ; PEN DOWN
G4 P100           ; DWELL
G1 X130.078 Y122.754 F7200  ; DRAW LINE
G1 X124.365 Y124.951 F7200  ; DRAW LINE
G0 Z5.00               ; PEN UP

G0 X142.236 Y124.951   ; RAPID TO START
G1 Z0.00 F500    ; PEN DOWN
G4 P100           ; DWELL
G1 X142.529 Y121.875 F7200  ; DRAW LINE
G1 X142.236 Y124.951 F7200  ; DRAW LINE
G0 Z5.00               ; PEN UP

G0 X129.785 Y124.512   ; RAPID TO START
G1 Z0.00 F500    ; PEN DOWN
G4 P100           ; DWELL
G1 X129.785 Y124.512 F7200  ; DRAW LINE
G0 Z5.00               ; PEN UP

G0 X124.512 Y123.926   ; RAPID TO START
G1 Z0.00 F500    ; PEN DOWN
G4 P100           ; DWELL
G1 X129.199 Y122.021 F7200  ; DRAW LINE
G1 X124.512 Y123.926 F7200  ; DRAW LINE
G0 Z5.00               ; PEN UP

G0 X131.982 Y119.531   ; RAPID TO START
G1 Z0.00 F500    ; PEN DOWN
G4 P100           ; DWELL
G1 X135.352 Y117.188 F7200  ; DRAW LINE
G1 X131.982 Y119.531 F7200  ; DRAW LINE
G0 Z5.00               ; PEN UP

G0 X131.250 Y118.652   ; RAPID TO START
G1 Z0.00 F500    ; PEN DOWN
G4 P100           ; DWELL
G1 X135.059 Y116.016 F7200  ; DRAW LINE
G1 X131.250 Y118.652 F7200  ; DRAW LINE
G0 Z5.00               ; PEN UP

G0 X117.480 Y118.506   ; RAPID TO START
G1 Z0.00 F500    ; PEN DOWN
G4 P100           ; DWELL
G1 X114.844 Y112.207 F7200  ; DRAW LINE
G1 X117.480 Y118.506 F7200  ; DRAW LINE
G0 Z5.00               ; PEN UP

G0 X130.811 Y117.773   ; RAPID TO START
G1 Z0.00 F500    ; PEN DOWN
G4 P100           ; DWELL
G1 X134.033 Y115.283 F7200  ; DRAW LINE
G1 X130.811 Y117.773 F7200  ; DRAW LINE
G0 Z5.00               ; PEN UP

G0 X115.283 Y117.627   ; RAPID TO START
G1 Z0.00 F500    ; PEN DOWN
G4 P100           ; DWELL
G1 X113.766 Y113.209 F7200  ; DRAW LINE
G1 X115.283 Y117.627 F7200  ; DRAW LINE
G0 Z5.00               ; PEN UP

G0 X117.334 Y116.748   ; RAPID TO START
G1 Z0.00 F500    ; PEN DOWN
G4 P100           ; DWELL
G1 X115.869 Y113.086 F7200  ; DRAW LINE
G1 X117.334 Y116.748 F7200  ; DRAW LINE
G0 Z5.00               ; PEN UP

G0 X121.289 Y116.748   ; RAPID TO START
G1 Z0.00 F500    ; PEN DOWN
G4 P100           ; DWELL
G1 X118.799 Y111.035 F7200  ; DRAW LINE
G1 X122.900 Y108.691 F7200  ; DRAW LINE
G1 X125.684 Y114.990 F7200  ; DRAW LINE
G1 X121.289 Y116.748 F7200  ; DRAW LINE
G0 Z5.00               ; PEN UP

G0 X144.141 Y116.748   ; RAPID TO START
G1 Z0.00 F500    ; PEN DOWN
G4 P100           ; DWELL
G1 X144.434 Y114.404 F7200  ; DRAW LINE
G1 X144.141 Y116.748 F7200  ; DRAW LINE
G0 Z5.00               ; PEN UP

G0 X136.084 Y113.672   ; RAPID TO START
G1 Z0.00 F500    ; PEN DOWN
G4 P100           ; DWELL
G1 X138.135 Y111.621 F7200  ; DRAW LINE
G1 X136.084 Y113.672 F7200  ; DRAW LINE
G0 Z5.00               ; PEN UP

G0 X135.352 Y113.232   ; RAPID TO START
G1 Z0.00 F500    ; PEN DOWN
G4 P100           ; DWELL
G1 X137.695 Y110.303 F7200  ; DRAW LINE
G1 X135.352 Y113.232 F7200  ; DRAW LINE
G0 Z5.00               ; PEN UP

G0 X134.766 Y112.646   ; RAPID TO START
G1 Z0.00 F500    ; PEN DOWN
G4 P100           ; DWELL
G1 X136.523 Y110.156 F7200  ; DRAW LINE
G1 X134.766 Y112.646 F7200  ; DRAW LINE
G0 Z5.00               ; PEN UP

G0 X139.014 Y108.691   ; RAPID TO START
G1 Z0.00 F500    ; PEN DOWN
G4 P100           ; DWELL
G1 X140.186 Y106.787 F7200  ; DRAW LINE
G1 X139.014 Y108.691 F7200  ; DRAW LINE
G0 Z5.00               ; PEN UP

G0 X138.135 Y108.545   ; RAPID TO START
G1 Z0.00 F500    ; PEN DOWN
G4 P100           ; DWELL
G1 X139.453 Y106.055 F7200  ; DRAW LINE
G1 X138.135 Y108.545 F7200  ; DRAW LINE
G0 Z5.00               ; PEN UP

G0 X137.549 Y108.105   ; RAPID TO START
G1 Z0.00 F500    ; PEN DOWN
G4 P100           ; DWELL
G1 X138.428 Y106.055 F7200  ; DRAW LINE
G1 X137.549 Y108.105 F7200  ; DRAW LINE
G0 Z5.00               ; PEN UP

G0 X35.083 Y120.703   ; RAPID TO START
G1 Z0.00 F500    ; PEN DOWN
G4 P100           ; DWELL
G1 X45.602 Y118.155 F7200  ; DRAW LINE
G1 X51.709 Y109.790 F7200  ; DRAW LINE
G1 X48.413 Y112.646 F7200  ; DRAW LINE
G1 X48.926 Y110.449 F7200  ; DRAW LINE
G1 X46.729 Y110.596 F7200  ; DRAW LINE
G1 X45.776 Y113.232 F7200  ; DRAW LINE
G1 X46.582 Y110.596 F7200  ; DRAW LINE
G1 X41.675 Y111.621 F7200  ; DRAW LINE
G1 X42.041 Y110.156 F7200  ; DRAW LINE
G1 X27.721 Y103.954 F7200  ; DRAW LINE
G1 X21.167 Y96.533 F7200  ; DRAW LINE
G1 X19.189 Y102.026 F7200  ; DRAW LINE
G1 X20.654 Y111.255 F7200  ; DRAW LINE
G1 X26.587 Y117.773 F7200  ; DRAW LINE
G1 X35.083 Y120.703 F7200  ; DRAW LINE
G0 Z5.00               ; PEN UP

G0 X40.723 Y118.506   ; RAPID TO START
G1 Z0.00 F500    ; PEN DOWN
G4 P100           ; DWELL
G1 X42.188 Y117.041 F7200  ; DRAW LINE
G1 X40.723 Y118.506 F7200  ; DRAW LINE
G0 Z5.00               ; PEN UP

G0 X39.990 Y117.773   ; RAPID TO START
G1 Z0.00 F500    ; PEN DOWN
G4 P100           ; DWELL
G1 X41.016 Y116.602 F7200  ; DRAW LINE
G1 X39.990 Y117.773 F7200  ; DRAW LINE
G0 Z5.00               ; PEN UP

G0 X39.258 Y116.895   ; RAPID TO START
G1 Z0.00 F500    ; PEN DOWN
G4 P100           ; DWELL
G1 X39.258 Y116.895 F7200  ; DRAW LINE
G0 Z5.00               ; PEN UP

G0 X44.385 Y116.748   ; RAPID TO START
G1 Z0.00 F500    ; PEN DOWN
G4 P100           ; DWELL
G1 X45.703 Y114.844 F7200  ; DRAW LINE
G1 X44.385 Y116.748 F7200  ; DRAW LINE
G0 Z5.00               ; PEN UP

G0 X43.359 Y116.309   ; RAPID TO START
G1 Z0.00 F500    ; PEN DOWN
G4 P100           ; DWELL
G1 X44.678 Y114.258 F7200  ; DRAW LINE
G1 X43.359 Y116.309 F7200  ; DRAW LINE
G0 Z5.00               ; PEN UP

G0 X42.334 Y115.430   ; RAPID TO START
G1 Z0.00 F500    ; PEN DOWN
G4 P100           ; DWELL
G1 X43.213 Y113.818 F7200  ; DRAW LINE
G1 X42.334 Y115.430 F7200  ; DRAW LINE
G0 Z5.00               ; PEN UP

G0 X41.016 Y114.404   ; RAPID TO START
G1 Z0.00 F500    ; PEN DOWN
G4 P100           ; DWELL
G1 X41.895 Y113.232 F7200  ; DRAW LINE
G1 X41.016 Y114.404 F7200  ; DRAW LINE
G0 Z5.00               ; PEN UP

G0 X46.582 Y114.404   ; RAPID TO START
G1 Z0.00 F500    ; PEN DOWN
G4 P100           ; DWELL
G1 X48.193 Y110.596 F7200  ; DRAW LINE
G1 X46.582 Y114.404 F7200  ; DRAW LINE
G0 Z5.00               ; PEN UP

G0 X40.137 Y113.672   ; RAPID TO START
G1 Z0.00 F500    ; PEN DOWN
G4 P100           ; DWELL
G1 X40.137 Y113.672 F7200  ; DRAW LINE
G0 Z5.00               ; PEN UP

G0 X43.945 Y112.793   ; RAPID TO START
G1 Z0.00 F500    ; PEN DOWN
G4 P100           ; DWELL
G1 X44.971 Y110.742 F7200  ; DRAW LINE
G1 X43.945 Y112.793 F7200  ; DRAW LINE
G0 Z5.00               ; PEN UP

G0 X24.316 Y112.354   ; RAPID TO START
G1 Z0.00 F500    ; PEN DOWN
G4 P100           ; DWELL
G1 X24.023 Y109.424 F7200  ; DRAW LINE
G1 X24.316 Y112.354 F7200  ; DRAW LINE
G0 Z5.00               ; PEN UP

G0 X25.195 Y112.207   ; RAPID TO START
G1 Z0.00 F500    ; PEN DOWN
G4 P100           ; DWELL
G1 X25.488 Y110.303 F7200  ; DRAW LINE
G1 X25.195 Y112.207 F7200  ; DRAW LINE
G0 Z5.00               ; PEN UP

G0 X26.660 Y112.207   ; RAPID TO START
G1 Z0.00 F500    ; PEN DOWN
G4 P100           ; DWELL
G1 X26.660 Y112.207 F7200  ; DRAW LINE
G0 Z5.00               ; PEN UP

G0 X42.773 Y112.061   ; RAPID TO START
G1 Z0.00 F500    ; PEN DOWN
G4 P100           ; DWELL
G1 X43.359 Y110.596 F7200  ; DRAW LINE
G1 X42.773 Y112.061 F7200  ; DRAW LINE
G0 Z5.00               ; PEN UP

G0 X27.539 Y109.277   ; RAPID TO START
G1 Z0.00 F500    ; PEN DOWN
G4 P100           ; DWELL
G1 X27.539 Y109.277 F7200  ; DRAW LINE
G0 Z5.00               ; PEN UP

G0 X25.928 Y108.691   ; RAPID TO START
G1 Z0.00 F500    ; PEN DOWN
G4 P100           ; DWELL
G1 X26.514 Y107.080 F7200  ; DRAW LINE
G1 X25.928 Y108.691 F7200  ; DRAW LINE
G0 Z5.00               ; PEN UP

G0 X24.316 Y107.813   ; RAPID TO START
G1 Z0.00 F500    ; PEN DOWN
G4 P100           ; DWELL
G1 X24.902 Y105.762 F7200  ; DRAW LINE
G1 X24.316 Y107.813 F7200  ; DRAW LINE
G0 Z5.00               ; PEN UP

G0 X22.852 Y107.080   ; RAPID TO START
G1 Z0.00 F500    ; PEN DOWN
G4 P100           ; DWELL
G1 X23.584 Y104.883 F7200  ; DRAW LINE
G1 X22.852 Y107.080 F7200  ; DRAW LINE
G0 Z5.00               ; PEN UP

G0 X28.564 Y106.348   ; RAPID TO START
G1 Z0.00 F500    ; PEN DOWN
G4 P100           ; DWELL
G1 X28.564 Y106.348 F7200  ; DRAW LINE
G0 Z5.00               ; PEN UP

G0 X21.240 Y106.055   ; RAPID TO START
G1 Z0.00 F500    ; PEN DOWN
G4 P100           ; DWELL
G1 X21.533 Y102.979 F7200  ; DRAW LINE
G1 X21.240 Y106.055 F7200  ; DRAW LINE
G0 Z5.00               ; PEN UP

G0 X27.100 Y105.908   ; RAPID TO START
G1 Z0.00 F500    ; PEN DOWN
G4 P100           ; DWELL
G1 X27.686 Y104.443 F7200  ; DRAW LINE
G1 X27.100 Y105.908 F7200  ; DRAW LINE
G0 Z5.00               ; PEN UP

G0 X25.488 Y105.029   ; RAPID TO START
G1 Z0.00 F500    ; PEN DOWN
G4 P100           ; DWELL
G1 X26.221 Y103.125 F7200  ; DRAW LINE
G1 X25.488 Y105.029 F7200  ; DRAW LINE
G0 Z5.00               ; PEN UP

G0 X21.680 Y104.590   ; RAPID TO START
G1 Z0.00 F500    ; PEN DOWN
G4 P100           ; DWELL
G1 X21.680 Y104.590 F7200  ; DRAW LINE
G0 Z5.00               ; PEN UP

G0 X23.877 Y104.004   ; RAPID TO START
G1 Z0.00 F500    ; PEN DOWN
G4 P100           ; DWELL
G1 X24.609 Y101.807 F7200  ; DRAW LINE
G1 X23.877 Y104.004 F7200  ; DRAW LINE
G0 Z5.00               ; PEN UP

G0 X22.266 Y102.832   ; RAPID TO START
G1 Z0.00 F500    ; PEN DOWN
G4 P100           ; DWELL
G1 X23.438 Y100.488 F7200  ; DRAW LINE
G1 X22.266 Y102.832 F7200  ; DRAW LINE
G0 Z5.00               ; PEN UP

G0 X21.240 Y101.514   ; RAPID TO START
G1 Z0.00 F500    ; PEN DOWN
G4 P100           ; DWELL
G1 X22.559 Y99.023 F7200  ; DRAW LINE
G1 X21.240 Y101.514 F7200  ; DRAW LINE
G0 Z5.00               ; PEN UP

G0 X105.396 Y119.678   ; RAPID TO START
G1 Z0.00 F500    ; PEN DOWN
G4 P100           ; DWELL
G1 X107.227 Y112.427 F7200  ; DRAW LINE
G1 X105.908 Y110.376 F7200  ; DRAW LINE
G1 X109.131 Y111.401 F7200  ; DRAW LINE
G1 X102.393 Y106.128 F7200  ; DRAW LINE
G1 X109.644 Y111.328 F7200  ; DRAW LINE
G1 X111.914 Y110.669 F7200  ; DRAW LINE
G1 X108.325 Y108.105 F7200  ; DRAW LINE
G1 X112.427 Y110.742 F7200  ; DRAW LINE
G1 X118.945 Y108.691 F7200  ; DRAW LINE
G1 X120.264 Y106.128 F7200  ; DRAW LINE
G1 X106.348 Y98.950 F7200  ; DRAW LINE
G1 X120.483 Y105.908 F7200  ; DRAW LINE
G1 X123.633 Y103.345 F7200  ; DRAW LINE
G1 X112.720 Y100.928 F7200  ; DRAW LINE
G1 X91.992 Y91.479 F7200  ; DRAW LINE
G1 X118.726 Y102.539 F7200  ; DRAW LINE
G1 X128.320 Y101.733 F7200  ; DRAW LINE
G1 X92.212 Y89.795 F7200  ; DRAW LINE
G1 X91.479 Y93.311 F7200  ; DRAW LINE
G1 X103.857 Y99.976 F7200  ; DRAW LINE
G1 X91.772 Y93.604 F7200  ; DRAW LINE
G1 X90.308 Y95.947 F7200  ; DRAW LINE
G1 X107.080 Y107.300 F7200  ; DRAW LINE
G1 X89.795 Y95.947 F7200  ; DRAW LINE
G1 X89.868 Y100.928 F7200  ; DRAW LINE
G1 X105.396 Y119.678 F7200  ; DRAW LINE
G0 Z5.00               ; PEN UP

G0 X105.908 Y110.303   ; RAPID TO START
G1 Z0.00 F500    ; PEN DOWN
G4 P100           ; DWELL
G1 X91.406 Y97.998 F7200  ; DRAW LINE
G1 X105.908 Y110.303 F7200  ; DRAW LINE
G0 Z5.00               ; PEN UP

G0 X116.602 Y108.984   ; RAPID TO START
G1 Z0.00 F500    ; PEN DOWN
G4 P100           ; DWELL
G1 X104.883 Y100.488 F7200  ; DRAW LINE
G1 X116.602 Y108.984 F7200  ; DRAW LINE
G0 Z5.00               ; PEN UP

G0 X107.813 Y107.959   ; RAPID TO START
G1 Z0.00 F500    ; PEN DOWN
G4 P100           ; DWELL
G1 X107.813 Y107.959 F7200  ; DRAW LINE
G0 Z5.00               ; PEN UP

G0 X107.373 Y107.666   ; RAPID TO START
G1 Z0.00 F500    ; PEN DOWN
G4 P100           ; DWELL
G1 X107.373 Y107.666 F7200  ; DRAW LINE
G0 Z5.00               ; PEN UP

G0 X104.150 Y100.342   ; RAPID TO START
G1 Z0.00 F500    ; PEN DOWN
G4 P100           ; DWELL
G1 X104.150 Y100.342 F7200  ; DRAW LINE
G0 Z5.00               ; PEN UP

G0 X91.699 Y91.406   ; RAPID TO START
G1 Z0.00 F500    ; PEN DOWN
G4 P100           ; DWELL
G1 X91.699 Y91.406 F7200  ; DRAW LINE
G0 Z5.00               ; PEN UP

G0 X121.362 Y116.455   ; RAPID TO START
G1 Z0.00 F500    ; PEN DOWN
G4 P100           ; DWELL
G1 X125.391 Y115.063 F7200  ; DRAW LINE
G1 X122.607 Y108.838 F7200  ; DRAW LINE
G1 X118.799 Y111.987 F7200  ; DRAW LINE
G1 X121.362 Y116.455 F7200  ; DRAW LINE
G0 Z5.00               ; PEN UP

G0 X127.588 Y111.914   ; RAPID TO START
G1 Z0.00 F500    ; PEN DOWN
G4 P100           ; DWELL
G1 X132.457 Y105.974 F7200  ; DRAW LINE
G1 X136.670 Y104.956 F7200  ; DRAW LINE
G1 X129.591 Y101.957 F7200  ; DRAW LINE
G1 X121.764 Y104.845 F7200  ; DRAW LINE
G1 X119.238 Y108.472 F7200  ; DRAW LINE
G1 X125.040 Y108.090 F7200  ; DRAW LINE
G1 X127.588 Y111.914 F7200  ; DRAW LINE
G0 Z5.00               ; PEN UP

G0 X90.894 Y110.889   ; RAPID TO START
G1 Z0.00 F500    ; PEN DOWN
G4 P100           ; DWELL
G1 X96.680 Y108.472 F7200  ; DRAW LINE
G1 X90.747 Y103.125 F7200  ; DRAW LINE
G1 X89.063 Y108.325 F7200  ; DRAW LINE
G1 X90.894 Y110.889 F7200  ; DRAW LINE
G0 Z5.00               ; PEN UP

G0 X44.897 Y110.303   ; RAPID TO START
G1 Z0.00 F500    ; PEN DOWN
G4 P100           ; DWELL
G1 X52.295 Y108.618 F7200  ; DRAW LINE
G1 X36.108 Y104.297 F7200  ; DRAW LINE
G1 X21.753 Y95.215 F7200  ; DRAW LINE
G1 X23.976 Y100.257 F7200  ; DRAW LINE
G1 X29.580 Y104.907 F7200  ; DRAW LINE
G1 X44.897 Y110.303 F7200  ; DRAW LINE
G0 Z5.00               ; PEN UP

G0 X47.168 Y109.424   ; RAPID TO START
G1 Z0.00 F500    ; PEN DOWN
G4 P100           ; DWELL
G1 X47.168 Y109.424 F7200  ; DRAW LINE
G0 Z5.00               ; PEN UP

G0 X48.926 Y109.277   ; RAPID TO START
G1 Z0.00 F500    ; PEN DOWN
G4 P100           ; DWELL
G1 X48.926 Y109.277 F7200  ; DRAW LINE
G0 Z5.00               ; PEN UP

G0 X88.843 Y109.277   ; RAPID TO START
G1 Z0.00 F500    ; PEN DOWN
G4 P100           ; DWELL
G1 X90.967 Y101.733 F7200  ; DRAW LINE
G1 X81.738 Y93.970 F7200  ; DRAW LINE
G1 X89.429 Y101.074 F7200  ; DRAW LINE
G1 X91.406 Y89.795 F7200  ; DRAW LINE
G1 X95.288 Y90.820 F7200  ; DRAW LINE
G1 X97.998 Y84.302 F7200  ; DRAW LINE
G1 X85.254 Y84.595 F7200  ; DRAW LINE
G1 X70.313 Y78.589 F7200  ; DRAW LINE
G1 X74.780 Y80.127 F7200  ; DRAW LINE
G1 X70.166 Y76.831 F7200  ; DRAW LINE
G1 X69.434 Y74.927 F7200  ; DRAW LINE
G1 X71.924 Y77.563 F7200  ; DRAW LINE
G1 X70.752 Y73.096 F7200  ; DRAW LINE
G1 X67.004 Y73.640 F7200  ; DRAW LINE
G1 X64.600 Y75.806 F7200  ; DRAW LINE
G1 X66.650 Y77.124 F7200  ; DRAW LINE
G1 X63.867 Y76.685 F7200  ; DRAW LINE
G1 X67.090 Y78.296 F7200  ; DRAW LINE
G1 X62.842 Y78.296 F7200  ; DRAW LINE
G1 X66.650 Y80.200 F7200  ; DRAW LINE
G1 X62.695 Y78.516 F7200  ; DRAW LINE
G1 X61.505 Y81.307 F7200  ; DRAW LINE
G1 X61.753 Y89.990 F7200  ; DRAW LINE
G1 X65.408 Y92.224 F7200  ; DRAW LINE
G1 X70.020 Y91.333 F7200  ; DRAW LINE
G1 X65.771 Y84.888 F7200  ; DRAW LINE
G1 X70.239 Y91.201 F7200  ; DRAW LINE
G1 X77.124 Y93.896 F7200  ; DRAW LINE
G1 X74.561 Y89.282 F7200  ; DRAW LINE
G1 X76.831 Y93.164 F7200  ; DRAW LINE
G1 X76.318 Y90.161 F7200  ; DRAW LINE
G1 X88.843 Y109.277 F7200  ; DRAW LINE
G0 Z5.00               ; PEN UP

G0 X79.541 Y95.068   ; RAPID TO START
G1 Z0.00 F500    ; PEN DOWN
G4 P100           ; DWELL
G1 X78.076 Y89.941 F7200  ; DRAW LINE
G1 X79.541 Y95.068 F7200  ; DRAW LINE
G0 Z5.00               ; PEN UP

G0 X90.820 Y94.043   ; RAPID TO START
G1 Z0.00 F500    ; PEN DOWN
G4 P100           ; DWELL
G1 X82.471 Y89.941 F7200  ; DRAW LINE
G1 X90.820 Y94.043 F7200  ; DRAW LINE
G0 Z5.00               ; PEN UP

G0 X82.178 Y89.941   ; RAPID TO START
G1 Z0.00 F500    ; PEN DOWN
G4 P100           ; DWELL
G1 X82.178 Y89.941 F7200  ; DRAW LINE
G0 Z5.00               ; PEN UP

G0 X95.068 Y89.648   ; RAPID TO START
G1 Z0.00 F500    ; PEN DOWN
G4 P100           ; DWELL
G1 X85.840 Y85.986 F7200  ; DRAW LINE
G1 X95.068 Y89.648 F7200  ; DRAW LINE
G0 Z5.00               ; PEN UP

G0 X68.994 Y89.502   ; RAPID TO START
G1 Z0.00 F500    ; PEN DOWN
G4 P100           ; DWELL
G1 X68.115 Y88.184 F7200  ; DRAW LINE
G1 X68.994 Y89.502 F7200  ; DRAW LINE
G0 Z5.00               ; PEN UP

G0 X85.400 Y88.916   ; RAPID TO START
G1 Z0.00 F500    ; PEN DOWN
G4 P100           ; DWELL
G1 X82.178 Y87.598 F7200  ; DRAW LINE
G1 X85.400 Y88.916 F7200  ; DRAW LINE
G0 Z5.00               ; PEN UP

G0 X90.381 Y88.623   ; RAPID TO START
G1 Z0.00 F500    ; PEN DOWN
G4 P100           ; DWELL
G1 X85.107 Y86.572 F7200  ; DRAW LINE
G1 X90.381 Y88.623 F7200  ; DRAW LINE
G0 Z5.00               ; PEN UP

G0 X67.969 Y88.184   ; RAPID TO START
G1 Z0.00 F500    ; PEN DOWN
G4 P100           ; DWELL
G1 X66.650 Y85.840 F7200  ; DRAW LINE
G1 X67.969 Y88.184 F7200  ; DRAW LINE
G0 Z5.00               ; PEN UP

G0 X79.395 Y87.744   ; RAPID TO START
G1 Z0.00 F500    ; PEN DOWN
G4 P100           ; DWELL
G1 X67.969 Y82.617 F7200  ; DRAW LINE
G1 X79.395 Y87.744 F7200  ; DRAW LINE
G0 Z5.00               ; PEN UP

G0 X79.688 Y87.012   ; RAPID TO START
G1 Z0.00 F500    ; PEN DOWN
G4 P100           ; DWELL
G1 X79.688 Y87.012 F7200  ; DRAW LINE
G0 Z5.00               ; PEN UP

G0 X85.107 Y86.426   ; RAPID TO START
G1 Z0.00 F500    ; PEN DOWN
G4 P100           ; DWELL
G1 X81.592 Y85.107 F7200  ; DRAW LINE
G1 X85.107 Y86.426 F7200  ; DRAW LINE
G0 Z5.00               ; PEN UP

G0 X78.516 Y86.133   ; RAPID TO START
G1 Z0.00 F500    ; PEN DOWN
G4 P100           ; DWELL
G1 X75.879 Y84.229 F7200  ; DRAW LINE
G1 X78.516 Y86.133 F7200  ; DRAW LINE
G0 Z5.00               ; PEN UP

G0 X75.586 Y84.229   ; RAPID TO START
G1 Z0.00 F500    ; PEN DOWN
G4 P100           ; DWELL
G1 X69.141 Y79.834 F7200  ; DRAW LINE
G1 X75.586 Y84.229 F7200  ; DRAW LINE
G0 Z5.00               ; PEN UP

G0 X67.822 Y81.885   ; RAPID TO START
G1 Z0.00 F500    ; PEN DOWN
G4 P100           ; DWELL
G1 X63.135 Y79.688 F7200  ; DRAW LINE
G1 X67.822 Y81.885 F7200  ; DRAW LINE
G0 Z5.00               ; PEN UP

G0 X67.090 Y77.637   ; RAPID TO START
G1 Z0.00 F500    ; PEN DOWN
G4 P100           ; DWELL
G1 X67.090 Y77.637 F7200  ; DRAW LINE
G0 Z5.00               ; PEN UP

G0 X60.718 Y108.545   ; RAPID TO START
G1 Z0.00 F500    ; PEN DOWN
G4 P100           ; DWELL
G1 X66.504 Y107.007 F7200  ; DRAW LINE
G1 X67.529 Y104.663 F7200  ; DRAW LINE
G1 X57.642 Y95.215 F7200  ; DRAW LINE
G1 X56.689 Y96.973 F7200  ; DRAW LINE
G1 X59.766 Y96.826 F7200  ; DRAW LINE
G1 X55.957 Y100.269 F7200  ; DRAW LINE
G1 X58.667 Y102.246 F7200  ; DRAW LINE
G1 X50.903 Y104.150 F7200  ; DRAW LINE
G1 X41.382 Y103.125 F7200  ; DRAW LINE
G1 X32.261 Y99.561 F7200  ; DRAW LINE
G1 X26.043 Y93.591 F7200  ; DRAW LINE
G1 X22.412 Y84.668 F7200  ; DRAW LINE
G1 X25.415 Y87.158 F7200  ; DRAW LINE
G1 X25.342 Y81.738 F7200  ; DRAW LINE
G1 X27.319 Y83.936 F7200  ; DRAW LINE
G1 X27.979 Y82.324 F7200  ; DRAW LINE
G1 X17.358 Y79.688 F7200  ; DRAW LINE
G1 X13.621 Y81.154 F7200  ; DRAW LINE
G1 X13.823 Y84.863 F7200  ; DRAW LINE
G1 X19.263 Y92.285 F7200  ; DRAW LINE
G1 X31.714 Y101.953 F7200  ; DRAW LINE
G1 X44.252 Y106.671 F7200  ; DRAW LINE
G1 X60.718 Y108.545 F7200  ; DRAW LINE
G0 Z5.00               ; PEN UP

G0 X50.830 Y106.787   ; RAPID TO START
G1 Z0.00 F500    ; PEN DOWN
G4 P100           ; DWELL
G1 X48.486 Y105.908 F7200  ; DRAW LINE
G1 X50.830 Y106.787 F7200  ; DRAW LINE
G0 Z5.00               ; PEN UP

G0 X59.326 Y106.641   ; RAPID TO START
G1 Z0.00 F500    ; PEN DOWN
G4 P100           ; DWELL
G1 X62.109 Y106.055 F7200  ; DRAW LINE
G1 X59.326 Y106.641 F7200  ; DRAW LINE
G0 Z5.00               ; PEN UP

G0 X63.721 Y106.494   ; RAPID TO START
G1 Z0.00 F500    ; PEN DOWN
G4 P100           ; DWELL
G1 X65.186 Y102.100 F7200  ; DRAW LINE
G1 X63.721 Y106.494 F7200  ; DRAW LINE
G0 Z5.00               ; PEN UP

G0 X51.123 Y106.055   ; RAPID TO START
G1 Z0.00 F500    ; PEN DOWN
G4 P100           ; DWELL
G1 X49.365 Y105.469 F7200  ; DRAW LINE
G1 X51.123 Y106.055 F7200  ; DRAW LINE
G0 Z5.00               ; PEN UP

G0 X58.447 Y105.908   ; RAPID TO START
G1 Z0.00 F500    ; PEN DOWN
G4 P100           ; DWELL
G1 X60.791 Y105.176 F7200  ; DRAW LINE
G1 X58.447 Y105.908 F7200  ; DRAW LINE
G0 Z5.00               ; PEN UP

G0 X57.568 Y105.176   ; RAPID TO START
G1 Z0.00 F500    ; PEN DOWN
G4 P100           ; DWELL
G1 X59.473 Y104.443 F7200  ; DRAW LINE
G1 X57.568 Y105.176 F7200  ; DRAW LINE
G0 Z5.00               ; PEN UP

G0 X49.658 Y105.029   ; RAPID TO START
G1 Z0.00 F500    ; PEN DOWN
G4 P100           ; DWELL
G1 X51.855 Y104.883 F7200  ; DRAW LINE
G1 X49.658 Y105.029 F7200  ; DRAW LINE
G0 Z5.00               ; PEN UP

G0 X64.014 Y104.736   ; RAPID TO START
G1 Z0.00 F500    ; PEN DOWN
G4 P100           ; DWELL
G1 X64.160 Y101.807 F7200  ; DRAW LINE
G1 X64.014 Y104.736 F7200  ; DRAW LINE
G0 Z5.00               ; PEN UP

G0 X55.957 Y104.590   ; RAPID TO START
G1 Z0.00 F500    ; PEN DOWN
G4 P100           ; DWELL
G1 X58.301 Y103.711 F7200  ; DRAW LINE
G1 X55.957 Y104.590 F7200  ; DRAW LINE
G0 Z5.00               ; PEN UP

G0 X62.549 Y104.297   ; RAPID TO START
G1 Z0.00 F500    ; PEN DOWN
G4 P100           ; DWELL
G1 X62.988 Y101.660 F7200  ; DRAW LINE
G1 X62.549 Y104.297 F7200  ; DRAW LINE
G0 Z5.00               ; PEN UP

G0 X61.230 Y103.711   ; RAPID TO START
G1 Z0.00 F500    ; PEN DOWN
G4 P100           ; DWELL
G1 X61.670 Y101.367 F7200  ; DRAW LINE
G1 X61.230 Y103.711 F7200  ; DRAW LINE
G0 Z5.00               ; PEN UP

G0 X59.912 Y102.979   ; RAPID TO START
G1 Z0.00 F500    ; PEN DOWN
G4 P100           ; DWELL
G1 X60.352 Y101.074 F7200  ; DRAW LINE
G1 X59.912 Y102.979 F7200  ; DRAW LINE
G0 Z5.00               ; PEN UP

G0 X60.352 Y100.195   ; RAPID TO START
G1 Z0.00 F500    ; PEN DOWN
G4 P100           ; DWELL
G1 X59.326 Y98.730 F7200  ; DRAW LINE
G1 X60.352 Y100.195 F7200  ; DRAW LINE
G0 Z5.00               ; PEN UP

G0 X61.377 Y100.195   ; RAPID TO START
G1 Z0.00 F500    ; PEN DOWN
G4 P100           ; DWELL
G1 X60.205 Y98.438 F7200  ; DRAW LINE
G1 X61.377 Y100.195 F7200  ; DRAW LINE
G0 Z5.00               ; PEN UP

G0 X62.842 Y100.195   ; RAPID TO START
G1 Z0.00 F500    ; PEN DOWN
G4 P100           ; DWELL
G1 X60.645 Y97.998 F7200  ; DRAW LINE
G1 X62.842 Y100.195 F7200  ; DRAW LINE
G0 Z5.00               ; PEN UP

G0 X58.740 Y99.902   ; RAPID TO START
G1 Z0.00 F500    ; PEN DOWN
G4 P100           ; DWELL
G1 X58.740 Y99.902 F7200  ; DRAW LINE
G0 Z5.00               ; PEN UP

G0 X23.584 Y94.336   ; RAPID TO START
G1 Z0.00 F500    ; PEN DOWN
G4 P100           ; DWELL
G1 X20.947 Y91.406 F7200  ; DRAW LINE
G1 X23.584 Y94.336 F7200  ; DRAW LINE
G0 Z5.00               ; PEN UP

G0 X23.730 Y93.164   ; RAPID TO START
G1 Z0.00 F500    ; PEN DOWN
G4 P100           ; DWELL
G1 X22.559 Y91.699 F7200  ; DRAW LINE
G1 X23.730 Y93.164 F7200  ; DRAW LINE
G0 Z5.00               ; PEN UP

G0 X24.463 Y92.578   ; RAPID TO START
G1 Z0.00 F500    ; PEN DOWN
G4 P100           ; DWELL
G1 X23.584 Y91.260 F7200  ; DRAW LINE
G1 X24.463 Y92.578 F7200  ; DRAW LINE
G0 Z5.00               ; PEN UP

G0 X22.119 Y89.941   ; RAPID TO START
G1 Z0.00 F500    ; PEN DOWN
G4 P100           ; DWELL
G1 X21.240 Y88.037 F7200  ; DRAW LINE
G1 X22.119 Y89.941 F7200  ; DRAW LINE
G0 Z5.00               ; PEN UP

G0 X20.947 Y89.795   ; RAPID TO START
G1 Z0.00 F500    ; PEN DOWN
G4 P100           ; DWELL
G1 X19.775 Y87.598 F7200  ; DRAW LINE
G1 X20.947 Y89.795 F7200  ; DRAW LINE
G0 Z5.00               ; PEN UP

G0 X22.998 Y89.795   ; RAPID TO START
G1 Z0.00 F500    ; PEN DOWN
G4 P100           ; DWELL
G1 X22.998 Y89.795 F7200  ; DRAW LINE
G0 Z5.00               ; PEN UP

G0 X22.998 Y89.502   ; RAPID TO START
G1 Z0.00 F500    ; PEN DOWN
G4 P100           ; DWELL
G1 X22.447 Y88.160 F7200  ; DRAW LINE
G1 X22.998 Y89.502 F7200  ; DRAW LINE
G0 Z5.00               ; PEN UP

G0 X19.482 Y89.355   ; RAPID TO START
G1 Z0.00 F500    ; PEN DOWN
G4 P100           ; DWELL
G1 X18.604 Y88.037 F7200  ; DRAW LINE
G1 X19.482 Y89.355 F7200  ; DRAW LINE
G0 Z5.00               ; PEN UP

G0 X18.604 Y89.209   ; RAPID TO START
G1 Z0.00 F500    ; PEN DOWN
G4 P100           ; DWELL
G1 X16.553 Y86.279 F7200  ; DRAW LINE
G1 X18.604 Y89.209 F7200  ; DRAW LINE
G0 Z5.00               ; PEN UP

G0 X18.457 Y88.037   ; RAPID TO START
G1 Z0.00 F500    ; PEN DOWN
G4 P100           ; DWELL
G1 X18.457 Y88.037 F7200  ; DRAW LINE
G0 Z5.00               ; PEN UP

G0 X22.705 Y87.012   ; RAPID TO START
G1 Z0.00 F500    ; PEN DOWN
G4 P100           ; DWELL
G1 X22.705 Y87.012 F7200  ; DRAW LINE
G0 Z5.00               ; PEN UP

G0 X21.094 Y86.426   ; RAPID TO START
G1 Z0.00 F500    ; PEN DOWN
G4 P100           ; DWELL
G1 X21.826 Y84.814 F7200  ; DRAW LINE
G1 X21.094 Y86.426 F7200  ; DRAW LINE
G0 Z5.00               ; PEN UP

G0 X19.775 Y85.986   ; RAPID TO START
G1 Z0.00 F500    ; PEN DOWN
G4 P100           ; DWELL
G1 X20.508 Y83.936 F7200  ; DRAW LINE
G1 X19.775 Y85.986 F7200  ; DRAW LINE
G0 Z5.00               ; PEN UP

G0 X18.457 Y85.400   ; RAPID TO START
G1 Z0.00 F500    ; PEN DOWN
G4 P100           ; DWELL
G1 X19.189 Y83.057 F7200  ; DRAW LINE
G1 X18.457 Y85.400 F7200  ; DRAW LINE
G0 Z5.00               ; PEN UP

G0 X17.139 Y85.107   ; RAPID TO START
G1 Z0.00 F500    ; PEN DOWN
G4 P100           ; DWELL
G1 X18.018 Y82.178 F7200  ; DRAW LINE
G1 X17.139 Y85.107 F7200  ; DRAW LINE
G0 Z5.00               ; PEN UP

G0 X23.584 Y84.668   ; RAPID TO START
G1 Z0.00 F500    ; PEN DOWN
G4 P100           ; DWELL
G1 X23.584 Y84.668 F7200  ; DRAW LINE
G0 Z5.00               ; PEN UP

G0 X20.947 Y83.789   ; RAPID TO START
G1 Z0.00 F500    ; PEN DOWN
G4 P100           ; DWELL
G1 X20.947 Y83.789 F7200  ; DRAW LINE
G0 Z5.00               ; PEN UP

G0 X24.609 Y83.496   ; RAPID TO START
G1 Z0.00 F500    ; PEN DOWN
G4 P100           ; DWELL
G1 X24.609 Y83.496 F7200  ; DRAW LINE
G0 Z5.00               ; PEN UP

G0 X15.527 Y83.350   ; RAPID TO START
G1 Z0.00 F500    ; PEN DOWN
G4 P100           ; DWELL
G1 X16.699 Y81.152 F7200  ; DRAW LINE
G1 X15.527 Y83.350 F7200  ; DRAW LINE
G0 Z5.00               ; PEN UP

G0 X19.629 Y82.617   ; RAPID TO START
G1 Z0.00 F500    ; PEN DOWN
G4 P100           ; DWELL
G1 X21.240 Y82.324 F7200  ; DRAW LINE
G1 X19.629 Y82.617 F7200  ; DRAW LINE
G0 Z5.00               ; PEN UP

G0 X24.316 Y82.471   ; RAPID TO START
G1 Z0.00 F500    ; PEN DOWN
G4 P100           ; DWELL
G1 X22.559 Y82.324 F7200  ; DRAW LINE
G1 X24.316 Y82.471 F7200  ; DRAW LINE
G0 Z5.00               ; PEN UP

G0 X18.457 Y81.738   ; RAPID TO START
G1 Z0.00 F500    ; PEN DOWN
G4 P100           ; DWELL
G1 X20.508 Y81.592 F7200  ; DRAW LINE
G1 X18.457 Y81.738 F7200  ; DRAW LINE
G0 Z5.00               ; PEN UP

G0 X23.877 Y81.738   ; RAPID TO START
G1 Z0.00 F500    ; PEN DOWN
G4 P100           ; DWELL
G1 X21.680 Y81.152 F7200  ; DRAW LINE
G1 X23.877 Y81.738 F7200  ; DRAW LINE
G0 Z5.00               ; PEN UP

G0 X17.285 Y81.152   ; RAPID TO START
G1 Z0.00 F500    ; PEN DOWN
G4 P100           ; DWELL
G1 X19.775 Y80.859 F7200  ; DRAW LINE
G1 X17.285 Y81.152 F7200  ; DRAW LINE
G0 Z5.00               ; PEN UP

G0 X66.504 Y102.246   ; RAPID TO START
G1 Z0.00 F500    ; PEN DOWN
G4 P100           ; DWELL
G1 X71.924 Y98.950 F7200  ; DRAW LINE
G1 X75.439 Y93.530 F7200  ; DRAW LINE
G1 X70.386 Y91.553 F7200  ; DRAW LINE
G1 X60.938 Y96.753 F7200  ; DRAW LINE
G1 X66.504 Y102.246 F7200  ; DRAW LINE
G0 Z5.00               ; PEN UP

G0 X66.211 Y101.221   ; RAPID TO START
G1 Z0.00 F500    ; PEN DOWN
G4 P100           ; DWELL
G1 X67.822 Y100.342 F7200  ; DRAW LINE
G1 X66.211 Y101.221 F7200  ; DRAW LINE
G0 Z5.00               ; PEN UP

G0 X65.771 Y100.488   ; RAPID TO START
G1 Z0.00 F500    ; PEN DOWN
G4 P100           ; DWELL
G1 X67.236 Y99.463 F7200  ; DRAW LINE
G1 X65.771 Y100.488 F7200  ; DRAW LINE
G0 Z5.00               ; PEN UP

G0 X65.479 Y99.463   ; RAPID TO START
G1 Z0.00 F500    ; PEN DOWN
G4 P100           ; DWELL
G1 X65.479 Y99.463 F7200  ; DRAW LINE
G0 Z5.00               ; PEN UP

G0 X64.893 Y98.291   ; RAPID TO START
G1 Z0.00 F500    ; PEN DOWN
G4 P100           ; DWELL
G1 X64.893 Y98.291 F7200  ; DRAW LINE
G0 Z5.00               ; PEN UP

G0 X70.898 Y98.291   ; RAPID TO START
G1 Z0.00 F500    ; PEN DOWN
G4 P100           ; DWELL
G1 X71.924 Y96.826 F7200  ; DRAW LINE
G1 X70.898 Y98.291 F7200  ; DRAW LINE
G0 Z5.00               ; PEN UP

G0 X69.873 Y97.998   ; RAPID TO START
G1 Z0.00 F500    ; PEN DOWN
G4 P100           ; DWELL
G1 X71.045 Y96.387 F7200  ; DRAW LINE
G1 X69.873 Y97.998 F7200  ; DRAW LINE
G0 Z5.00               ; PEN UP

G0 X64.014 Y97.266   ; RAPID TO START
G1 Z0.00 F500    ; PEN DOWN
G4 P100           ; DWELL
G1 X64.014 Y97.266 F7200  ; DRAW LINE
G0 Z5.00               ; PEN UP

G0 X69.141 Y96.973   ; RAPID TO START
G1 Z0.00 F500    ; PEN DOWN
G4 P100           ; DWELL
G1 X70.166 Y95.801 F7200  ; DRAW LINE
G1 X69.141 Y96.973 F7200  ; DRAW LINE
G0 Z5.00               ; PEN UP

G0 X72.510 Y96.240   ; RAPID TO START
G1 Z0.00 F500    ; PEN DOWN
G4 P100           ; DWELL
G1 X73.389 Y94.043 F7200  ; DRAW LINE
G1 X72.510 Y96.240 F7200  ; DRAW LINE
G0 Z5.00               ; PEN UP

G0 X71.631 Y95.508   ; RAPID TO START
G1 Z0.00 F500    ; PEN DOWN
G4 P100           ; DWELL
G1 X72.510 Y93.750 F7200  ; DRAW LINE
G1 X71.631 Y95.508 F7200  ; DRAW LINE
G0 Z5.00               ; PEN UP

G0 X70.605 Y94.775   ; RAPID TO START
G1 Z0.00 F500    ; PEN DOWN
G4 P100           ; DWELL
G1 X71.338 Y93.018 F7200  ; DRAW LINE
G1 X70.605 Y94.775 F7200  ; DRAW LINE
G0 Z5.00               ; PEN UP

G0 X69.434 Y94.189   ; RAPID TO START
G1 Z0.00 F500    ; PEN DOWN
G4 P100           ; DWELL
G1 X70.313 Y92.725 F7200  ; DRAW LINE
G1 X69.434 Y94.189 F7200  ; DRAW LINE
G0 Z5.00               ; PEN UP

G0 X43.726 Y102.100   ; RAPID TO START
G1 Z0.00 F500    ; PEN DOWN
G4 P100           ; DWELL
G1 X50.098 Y95.581 F7200  ; DRAW LINE
G1 X45.557 Y90.015 F7200  ; DRAW LINE
G1 X46.802 Y88.916 F7200  ; DRAW LINE
G1 X48.233 Y92.708 F7200  ; DRAW LINE
G1 X52.368 Y91.846 F7200  ; DRAW LINE
G1 X48.706 Y93.164 F7200  ; DRAW LINE
G1 X50.317 Y95.508 F7200  ; DRAW LINE
G1 X51.636 Y93.750 F7200  ; DRAW LINE
G1 X50.684 Y98.657 F7200  ; DRAW LINE
G1 X54.639 Y92.944 F7200  ; DRAW LINE
G1 X54.250 Y82.728 F7200  ; DRAW LINE
G1 X46.948 Y75.732 F7200  ; DRAW LINE
G1 X36.548 Y77.783 F7200  ; DRAW LINE
G1 X30.908 Y85.620 F7200  ; DRAW LINE
G1 X33.105 Y83.716 F7200  ; DRAW LINE
G1 X30.322 Y92.944 F7200  ; DRAW LINE
G1 X31.787 Y88.989 F7200  ; DRAW LINE
G1 X35.889 Y88.257 F7200  ; DRAW LINE
G1 X34.351 Y84.229 F7200  ; DRAW LINE
G1 X35.756 Y87.921 F7200  ; DRAW LINE
G1 X41.162 Y88.037 F7200  ; DRAW LINE
G1 X33.105 Y89.136 F7200  ; DRAW LINE
G1 X31.787 Y98.877 F7200  ; DRAW LINE
G1 X40.063 Y91.699 F7200  ; DRAW LINE
G1 X34.424 Y100.122 F7200  ; DRAW LINE
G1 X45.996 Y92.725 F7200  ; DRAW LINE
G1 X41.455 Y101.440 F7200  ; DRAW LINE
G1 X48.047 Y94.702 F7200  ; DRAW LINE
G1 X43.726 Y102.100 F7200  ; DRAW LINE
G0 Z5.00               ; PEN UP

G0 X48.926 Y91.406   ; RAPID TO START
G1 Z0.00 F500    ; PEN DOWN
G4 P100           ; DWELL
G1 X49.682 Y89.596 F7200  ; DRAW LINE
G1 X48.926 Y91.406 F7200  ; DRAW LINE
G0 Z5.00               ; PEN UP

G0 X44.092 Y91.113   ; RAPID TO START
G1 Z0.00 F500    ; PEN DOWN
G4 P100           ; DWELL
G1 X45.410 Y89.502 F7200  ; DRAW LINE
G1 X44.092 Y91.113 F7200  ; DRAW LINE
G0 Z5.00               ; PEN UP

G0 X52.881 Y89.941   ; RAPID TO START
G1 Z0.00 F500    ; PEN DOWN
G4 P100           ; DWELL
G1 X48.047 Y87.305 F7200  ; DRAW LINE
G1 X50.537 Y87.158 F7200  ; DRAW LINE
G1 X50.566 Y84.961 F7200  ; DRAW LINE
G1 X38.818 Y80.713 F7200  ; DRAW LINE
G1 X38.672 Y77.930 F7200  ; DRAW LINE
G1 X43.934 Y76.922 F7200  ; DRAW LINE
G1 X51.393 Y80.209 F7200  ; DRAW LINE
G1 X52.881 Y89.941 F7200  ; DRAW LINE
G0 Z5.00               ; PEN UP

G0 X41.895 Y89.648   ; RAPID TO START
G1 Z0.00 F500    ; PEN DOWN
G4 P100           ; DWELL
G1 X41.490 Y87.990 F7200  ; DRAW LINE
G1 X41.895 Y89.648 F7200  ; DRAW LINE
G0 Z5.00               ; PEN UP

G0 X44.824 Y88.916   ; RAPID TO START
G1 Z0.00 F500    ; PEN DOWN
G4 P100           ; DWELL
G1 X46.289 Y83.789 F7200  ; DRAW LINE
G1 X44.824 Y88.916 F7200  ; DRAW LINE
G0 Z5.00               ; PEN UP

G0 X37.207 Y86.865   ; RAPID TO START
G1 Z0.00 F500    ; PEN DOWN
G4 P100           ; DWELL
G1 X37.939 Y84.961 F7200  ; DRAW LINE
G1 X37.207 Y86.865 F7200  ; DRAW LINE
G0 Z5.00               ; PEN UP

G0 X45.703 Y84.814   ; RAPID TO START
G1 Z0.00 F500    ; PEN DOWN
G4 P100           ; DWELL
G1 X45.703 Y84.814 F7200  ; DRAW LINE
G0 Z5.00               ; PEN UP

G0 X40.283 Y84.375   ; RAPID TO START
G1 Z0.00 F500    ; PEN DOWN
G4 P100           ; DWELL
G1 X35.449 Y82.617 F7200  ; DRAW LINE
G1 X38.713 Y82.301 F7200  ; DRAW LINE
G1 X40.283 Y84.375 F7200  ; DRAW LINE
G0 Z5.00               ; PEN UP

G0 X44.678 Y83.496   ; RAPID TO START
G1 Z0.00 F500    ; PEN DOWN
G4 P100           ; DWELL
G1 X44.678 Y83.496 F7200  ; DRAW LINE
G0 Z5.00               ; PEN UP

G0 X49.658 Y78.369   ; RAPID TO START
G1 Z0.00 F500    ; PEN DOWN
G4 P100           ; DWELL
G1 X45.996 Y76.611 F7200  ; DRAW LINE
G1 X49.658 Y78.369 F7200  ; DRAW LINE
G0 Z5.00               ; PEN UP

G0 X60.571 Y96.533   ; RAPID TO START
G1 Z0.00 F500    ; PEN DOWN
G4 P100           ; DWELL
G1 X66.943 Y92.651 F7200  ; DRAW LINE
G1 X59.033 Y95.581 F7200  ; DRAW LINE
G1 X60.571 Y96.533 F7200  ; DRAW LINE
G0 Z5.00               ; PEN UP

G0 X58.667 Y95.361   ; RAPID TO START
G1 Z0.00 F500    ; PEN DOWN
G4 P100           ; DWELL
G1 X65.341 Y92.446 F7200  ; DRAW LINE
G1 X58.521 Y90.381 F7200  ; DRAW LINE
G1 X58.667 Y95.361 F7200  ; DRAW LINE
G0 Z5.00               ; PEN UP

G0 X56.030 Y94.922   ; RAPID TO START
G1 Z0.00 F500    ; PEN DOWN
G4 P100           ; DWELL
G1 X57.275 Y90.894 F7200  ; DRAW LINE
G1 X55.444 Y86.865 F7200  ; DRAW LINE
G1 X56.030 Y94.922 F7200  ; DRAW LINE
G0 Z5.00               ; PEN UP

G0 X102.026 Y92.871   ; RAPID TO START
G1 Z0.00 F500    ; PEN DOWN
G4 P100           ; DWELL
G1 X101.587 Y87.891 F7200  ; DRAW LINE
G1 X97.985 Y84.640 F7200  ; DRAW LINE
G1 X95.947 Y90.015 F7200  ; DRAW LINE
G1 X102.026 Y92.871 F7200  ; DRAW LINE
G0 Z5.00               ; PEN UP

G0 X56.177 Y91.113   ; RAPID TO START
G1 Z0.00 F500    ; PEN DOWN
G4 P100           ; DWELL
G1 X55.884 Y89.063 F7200  ; DRAW LINE
G1 X56.177 Y91.113 F7200  ; DRAW LINE
G0 Z5.00               ; PEN UP

G0 X62.036 Y90.967   ; RAPID TO START
G1 Z0.00 F500    ; PEN DOWN
G4 P100           ; DWELL
G1 X60.938 Y82.104 F7200  ; DRAW LINE
G1 X65.728 Y74.092 F7200  ; DRAW LINE
G1 X70.679 Y72.803 F7200  ; DRAW LINE
G1 X72.437 Y78.223 F7200  ; DRAW LINE
G1 X71.338 Y69.214 F7200  ; DRAW LINE
G1 X72.803 Y74.634 F7200  ; DRAW LINE
G1 X76.685 Y68.115 F7200  ; DRAW LINE
G1 X75.458 Y70.046 F7200  ; DRAW LINE
G1 X80.200 Y71.484 F7200  ; DRAW LINE
G1 X83.791 Y68.513 F7200  ; DRAW LINE
G1 X84.009 Y66.504 F7200  ; DRAW LINE
G1 X77.271 Y66.211 F7200  ; DRAW LINE
G1 X89.063 Y64.966 F7200  ; DRAW LINE
G1 X88.989 Y59.912 F7200  ; DRAW LINE
G1 X74.854 Y64.087 F7200  ; DRAW LINE
G1 X89.047 Y59.530 F7200  ; DRAW LINE
G1 X90.088 Y55.884 F7200  ; DRAW LINE
G1 X88.394 Y53.276 F7200  ; DRAW LINE
G1 X85.767 Y56.689 F7200  ; DRAW LINE
G1 X75.073 Y61.084 F7200  ; DRAW LINE
G1 X85.254 Y56.616 F7200  ; DRAW LINE
G1 X79.175 Y51.416 F7200  ; DRAW LINE
G1 X77.710 Y55.957 F7200  ; DRAW LINE
G1 X67.749 Y61.816 F7200  ; DRAW LINE
G1 X77.344 Y55.737 F7200  ; DRAW LINE
G1 X71.411 Y51.709 F7200  ; DRAW LINE
G1 X61.816 Y60.278 F7200  ; DRAW LINE
G1 X54.639 Y71.265 F7200  ; DRAW LINE
G1 X57.788 Y85.986 F7200  ; DRAW LINE
G1 X56.982 Y73.315 F7200  ; DRAW LINE
G1 X58.594 Y87.085 F7200  ; DRAW LINE
G1 X53.494 Y76.862 F7200  ; DRAW LINE
G1 X48.193 Y71.484 F7200  ; DRAW LINE
G1 X58.887 Y87.305 F7200  ; DRAW LINE
G1 X58.447 Y89.722 F7200  ; DRAW LINE
G1 X56.763 Y86.133 F7200  ; DRAW LINE
G1 X57.422 Y90.674 F7200  ; DRAW LINE
G1 X60.132 Y90.527 F7200  ; DRAW LINE
G1 X59.619 Y88.843 F7200  ; DRAW LINE
G1 X62.036 Y90.967 F7200  ; DRAW LINE
G0 Z5.00               ; PEN UP

G0 X59.033 Y87.305   ; RAPID TO START
G1 Z0.00 F500    ; PEN DOWN
G4 P100           ; DWELL
G1 X58.740 Y77.783 F7200  ; DRAW LINE
G1 X59.033 Y87.305 F7200  ; DRAW LINE
G0 Z5.00               ; PEN UP

G0 X60.059 Y80.713   ; RAPID TO START
G1 Z0.00 F500    ; PEN DOWN
G4 P100           ; DWELL
G1 X61.816 Y76.172 F7200  ; DRAW LINE
G1 X60.059 Y80.713 F7200  ; DRAW LINE
G0 Z5.00               ; PEN UP

G0 X61.963 Y76.172   ; RAPID TO START
G1 Z0.00 F500    ; PEN DOWN
G4 P100           ; DWELL
G1 X61.963 Y76.172 F7200  ; DRAW LINE
G0 Z5.00               ; PEN UP

G0 X62.256 Y75.732   ; RAPID TO START
G1 Z0.00 F500    ; PEN DOWN
G4 P100           ; DWELL
G1 X62.256 Y75.732 F7200  ; DRAW LINE
G0 Z5.00               ; PEN UP

G0 X62.842 Y75.000   ; RAPID TO START
G1 Z0.00 F500    ; PEN DOWN
G4 P100           ; DWELL
G1 X62.842 Y75.000 F7200  ; DRAW LINE
G0 Z5.00               ; PEN UP

G0 X62.549 Y73.389   ; RAPID TO START
G1 Z0.00 F500    ; PEN DOWN
G4 P100           ; DWELL
G1 X69.287 Y70.898 F7200  ; DRAW LINE
G1 X62.549 Y73.389 F7200  ; DRAW LINE
G0 Z5.00               ; PEN UP

G0 X51.929 Y87.891   ; RAPID TO START
G1 Z0.00 F500    ; PEN DOWN
G4 P100           ; DWELL
G1 X51.050 Y86.719 F7200  ; DRAW LINE
G1 X51.929 Y87.891 F7200  ; DRAW LINE
G0 Z5.00               ; PEN UP

G0 X56.104 Y87.451   ; RAPID TO START
G1 Z0.00 F500    ; PEN DOWN
G4 P100           ; DWELL
G1 X54.639 Y80.493 F7200  ; DRAW LINE
G1 X48.560 Y72.217 F7200  ; DRAW LINE
G1 X43.973 Y72.669 F7200  ; DRAW LINE
G1 X40.137 Y75.952 F7200  ; DRAW LINE
G1 X44.531 Y73.315 F7200  ; DRAW LINE
G1 X42.847 Y75.586 F7200  ; DRAW LINE
G1 X48.999 Y74.268 F7200  ; DRAW LINE
G1 X56.104 Y87.451 F7200  ; DRAW LINE
G0 Z5.00               ; PEN UP

G0 X52.441 Y79.102   ; RAPID TO START
G1 Z0.00 F500    ; PEN DOWN
G4 P100           ; DWELL
G1 X52.441 Y79.102 F7200  ; DRAW LINE
G0 Z5.00               ; PEN UP

G0 X51.563 Y77.637   ; RAPID TO START
G1 Z0.00 F500    ; PEN DOWN
G4 P100           ; DWELL
G1 X51.563 Y77.637 F7200  ; DRAW LINE
G0 Z5.00               ; PEN UP

G0 X48.193 Y74.854   ; RAPID TO START
G1 Z0.00 F500    ; PEN DOWN
G4 P100           ; DWELL
G1 X48.193 Y74.854 F7200  ; DRAW LINE
G0 Z5.00               ; PEN UP

G0 X51.929 Y85.693   ; RAPID TO START
G1 Z0.00 F500    ; PEN DOWN
G4 P100           ; DWELL
G1 X51.929 Y83.203 F7200  ; DRAW LINE
G1 X47.530 Y80.805 F7200  ; DRAW LINE
G1 X38.379 Y78.882 F7200  ; DRAW LINE
G1 X51.929 Y85.693 F7200  ; DRAW LINE
G0 Z5.00               ; PEN UP

G0 X28.198 Y84.521   ; RAPID TO START
G1 Z0.00 F500    ; PEN DOWN
G4 P100           ; DWELL
G1 X34.849 Y78.879 F7200  ; DRAW LINE
G1 X30.011 Y80.374 F7200  ; DRAW LINE
G1 X28.198 Y84.521 F7200  ; DRAW LINE
G0 Z5.00               ; PEN UP

G0 X52.808 Y83.789   ; RAPID TO START
G1 Z0.00 F500    ; PEN DOWN
G4 P100           ; DWELL
G1 X47.787 Y78.292 F7200  ; DRAW LINE
G1 X38.965 Y78.149 F7200  ; DRAW LINE
G1 X52.808 Y83.789 F7200  ; DRAW LINE
G0 Z5.00               ; PEN UP

G0 X30.908 Y81.445   ; RAPID TO START
G1 Z0.00 F500    ; PEN DOWN
G4 P100           ; DWELL
G1 X32.373 Y80.347 F7200  ; DRAW LINE
G1 X30.908 Y81.445 F7200  ; DRAW LINE
G0 Z5.00               ; PEN UP

G0 X55.444 Y80.127   ; RAPID TO START
G1 Z0.00 F500    ; PEN DOWN
G4 P100           ; DWELL
G1 X49.951 Y71.411 F7200  ; DRAW LINE
G1 X55.225 Y76.685 F7200  ; DRAW LINE
G1 X54.785 Y70.093 F7200  ; DRAW LINE
G1 X50.684 Y64.673 F7200  ; DRAW LINE
G1 X54.858 Y69.873 F7200  ; DRAW LINE
G1 X56.323 Y61.230 F7200  ; DRAW LINE
G1 X53.101 Y61.084 F7200  ; DRAW LINE
G1 X64.746 Y56.323 F7200  ; DRAW LINE
G1 X52.954 Y59.619 F7200  ; DRAW LINE
G1 X49.512 Y52.734 F7200  ; DRAW LINE
G1 X49.276 Y59.187 F7200  ; DRAW LINE
G1 X51.416 Y60.718 F7200  ; DRAW LINE
G1 X48.193 Y60.425 F7200  ; DRAW LINE
G1 X44.531 Y66.504 F7200  ; DRAW LINE
G1 X49.993 Y64.543 F7200  ; DRAW LINE
G1 X44.385 Y67.163 F7200  ; DRAW LINE
G1 X39.990 Y74.634 F7200  ; DRAW LINE
G1 X46.729 Y70.825 F7200  ; DRAW LINE
G1 X46.948 Y66.064 F7200  ; DRAW LINE
G1 X48.340 Y70.605 F7200  ; DRAW LINE
G1 X51.782 Y67.383 F7200  ; DRAW LINE
G1 X48.779 Y71.411 F7200  ; DRAW LINE
G1 X55.444 Y80.127 F7200  ; DRAW LINE
G0 Z5.00               ; PEN UP

G0 X45.264 Y71.045   ; RAPID TO START
G1 Z0.00 F500    ; PEN DOWN
G4 P100           ; DWELL
G1 X45.264 Y71.045 F7200  ; DRAW LINE
G0 Z5.00               ; PEN UP

G0 X49.072 Y69.141   ; RAPID TO START
G1 Z0.00 F500    ; PEN DOWN
G4 P100           ; DWELL
G1 X52.441 Y61.084 F7200  ; DRAW LINE
G1 X49.072 Y69.141 F7200  ; DRAW LINE
G0 Z5.00               ; PEN UP

G0 X53.760 Y60.791   ; RAPID TO START
G1 Z0.00 F500    ; PEN DOWN
G4 P100           ; DWELL
G1 X56.443 Y60.094 F7200  ; DRAW LINE
G1 X53.760 Y60.791 F7200  ; DRAW LINE
G0 Z5.00               ; PEN UP

G0 X51.709 Y60.352   ; RAPID TO START
G1 Z0.00 F500    ; PEN DOWN
G4 P100           ; DWELL
G1 X50.537 Y59.180 F7200  ; DRAW LINE
G1 X51.709 Y60.352 F7200  ; DRAW LINE
G0 Z5.00               ; PEN UP

G0 X31.567 Y79.248   ; RAPID TO START
G1 Z0.00 F500    ; PEN DOWN
G4 P100           ; DWELL
G1 X36.768 Y68.481 F7200  ; DRAW LINE
G1 X32.057 Y73.292 F7200  ; DRAW LINE
G1 X31.567 Y79.248 F7200  ; DRAW LINE
G0 Z5.00               ; PEN UP

G0 X33.252 Y78.662   ; RAPID TO START
G1 Z0.00 F500    ; PEN DOWN
G4 P100           ; DWELL
G1 X37.646 Y76.831 F7200  ; DRAW LINE
G1 X39.478 Y71.045 F7200  ; DRAW LINE
G1 X39.111 Y75.952 F7200  ; DRAW LINE
G1 X43.945 Y68.335 F7200  ; DRAW LINE
G1 X48.633 Y48.706 F7200  ; DRAW LINE
G1 X44.531 Y46.216 F7200  ; DRAW LINE
G1 X45.651 Y41.723 F7200  ; DRAW LINE
G1 X41.455 Y42.993 F7200  ; DRAW LINE
G1 X43.359 Y53.394 F7200  ; DRAW LINE
G1 X42.334 Y48.413 F7200  ; DRAW LINE
G1 X40.717 Y48.729 F7200  ; DRAW LINE
G1 X42.773 Y55.884 F7200  ; DRAW LINE
G1 X33.252 Y78.662 F7200  ; DRAW LINE
G0 Z5.00               ; PEN UP

G0 X41.602 Y68.115   ; RAPID TO START
G1 Z0.00 F500    ; PEN DOWN
G4 P100           ; DWELL
G1 X42.627 Y64.893 F7200  ; DRAW LINE
G1 X41.602 Y68.115 F7200  ; DRAW LINE
G0 Z5.00               ; PEN UP

G0 X43.066 Y61.084   ; RAPID TO START
G1 Z0.00 F500    ; PEN DOWN
G4 P100           ; DWELL
G1 X43.945 Y58.154 F7200  ; DRAW LINE
G1 X43.066 Y61.084 F7200  ; DRAW LINE
G0 Z5.00               ; PEN UP

G0 X44.385 Y54.639   ; RAPID TO START
G1 Z0.00 F500    ; PEN DOWN
G4 P100           ; DWELL
G1 X45.264 Y51.709 F7200  ; DRAW LINE
G1 X44.385 Y54.639 F7200  ; DRAW LINE
G0 Z5.00               ; PEN UP

G0 X39.185 Y76.318   ; RAPID TO START
G1 Z0.00 F500    ; PEN DOWN
G4 P100           ; DWELL
G1 X46.875 Y71.265 F7200  ; DRAW LINE
G1 X39.185 Y76.318 F7200  ; DRAW LINE
G0 Z5.00               ; PEN UP

G0 X47.388 Y72.070   ; RAPID TO START
G1 Z0.00 F500    ; PEN DOWN
G4 P100           ; DWELL
G1 X48.047 Y70.313 F7200  ; DRAW LINE
G1 X47.388 Y72.070 F7200  ; DRAW LINE
G0 Z5.00               ; PEN UP

G0 X48.193 Y71.191   ; RAPID TO START
G1 Z0.00 F500    ; PEN DOWN
G4 P100           ; DWELL
G1 X51.709 Y67.822 F7200  ; DRAW LINE
G1 X48.193 Y71.191 F7200  ; DRAW LINE
G0 Z5.00               ; PEN UP

G0 X47.021 Y70.752   ; RAPID TO START
G1 Z0.00 F500    ; PEN DOWN
G4 P100           ; DWELL
G1 X47.016 Y66.897 F7200  ; DRAW LINE
G1 X47.021 Y70.752 F7200  ; DRAW LINE
G0 Z5.00               ; PEN UP

G0 X41.602 Y67.822   ; RAPID TO START
G1 Z0.00 F500    ; PEN DOWN
G4 P100           ; DWELL
G1 X42.407 Y65.186 F7200  ; DRAW LINE
G1 X41.602 Y67.822 F7200  ; DRAW LINE
G0 Z5.00               ; PEN UP

G0 X56.177 Y67.529   ; RAPID TO START
G1 Z0.00 F500    ; PEN DOWN
G4 P100           ; DWELL
G1 X59.912 Y62.109 F7200  ; DRAW LINE
G1 X55.957 Y62.183 F7200  ; DRAW LINE
G1 X56.177 Y67.529 F7200  ; DRAW LINE
G0 Z5.00               ; PEN UP

G0 X37.427 Y66.797   ; RAPID TO START
G1 Z0.00 F500    ; PEN DOWN
G4 P100           ; DWELL
G1 X37.573 Y63.867 F7200  ; DRAW LINE
G1 X35.449 Y64.966 F7200  ; DRAW LINE
G1 X37.427 Y66.797 F7200  ; DRAW LINE
G0 Z5.00               ; PEN UP

G0 X46.875 Y66.650   ; RAPID TO START
G1 Z0.00 F500    ; PEN DOWN
G4 P100           ; DWELL
G1 X46.875 Y66.650 F7200  ; DRAW LINE
G0 Z5.00               ; PEN UP

G0 X38.599 Y64.453   ; RAPID TO START
G1 Z0.00 F500    ; PEN DOWN
G4 P100           ; DWELL
G1 X38.745 Y60.498 F7200  ; DRAW LINE
G1 X37.207 Y63.062 F7200  ; DRAW LINE
G1 X38.599 Y64.453 F7200  ; DRAW LINE
G0 Z5.00               ; PEN UP

G0 X44.751 Y64.160   ; RAPID TO START
G1 Z0.00 F500    ; PEN DOWN
G4 P100           ; DWELL
G1 X48.926 Y59.546 F7200  ; DRAW LINE
G1 X45.703 Y59.546 F7200  ; DRAW LINE
G1 X44.751 Y64.160 F7200  ; DRAW LINE
G0 Z5.00               ; PEN UP

G0 X36.841 Y62.549   ; RAPID TO START
G1 Z0.00 F500    ; PEN DOWN
G4 P100           ; DWELL
G1 X40.137 Y58.740 F7200  ; DRAW LINE
G1 X35.376 Y54.346 F7200  ; DRAW LINE
G1 X33.618 Y55.811 F7200  ; DRAW LINE
G1 X35.384 Y53.474 F7200  ; DRAW LINE
G1 X34.351 Y50.244 F7200  ; DRAW LINE
G1 X31.128 Y54.492 F7200  ; DRAW LINE
G1 X28.857 Y49.878 F7200  ; DRAW LINE
G1 X32.030 Y53.902 F7200  ; DRAW LINE
G1 X31.348 Y49.438 F7200  ; DRAW LINE
G1 X34.131 Y52.368 F7200  ; DRAW LINE
G1 X32.876 Y48.437 F7200  ; DRAW LINE
G1 X25.342 Y51.123 F7200  ; DRAW LINE
G1 X27.319 Y55.811 F7200  ; DRAW LINE
G1 X28.857 Y54.272 F7200  ; DRAW LINE
G1 X26.807 Y51.270 F7200  ; DRAW LINE
G1 X31.201 Y54.858 F7200  ; DRAW LINE
G1 X29.663 Y58.740 F7200  ; DRAW LINE
G1 X30.249 Y54.346 F7200  ; DRAW LINE
G1 X29.956 Y56.689 F7200  ; DRAW LINE
G1 X27.246 Y56.470 F7200  ; DRAW LINE
G1 X27.759 Y58.887 F7200  ; DRAW LINE
G1 X30.688 Y59.180 F7200  ; DRAW LINE
G1 X32.886 Y56.104 F7200  ; DRAW LINE
G1 X32.227 Y58.228 F7200  ; DRAW LINE
G1 X36.841 Y62.549 F7200  ; DRAW LINE
G0 Z5.00               ; PEN UP

G0 X35.303 Y57.715   ; RAPID TO START
G1 Z0.00 F500    ; PEN DOWN
G4 P100           ; DWELL
G1 X33.984 Y56.250 F7200  ; DRAW LINE
G1 X35.303 Y57.715 F7200  ; DRAW LINE
G0 Z5.00               ; PEN UP

G0 X28.125 Y57.568   ; RAPID TO START
G1 Z0.00 F500    ; PEN DOWN
G4 P100           ; DWELL
G1 X28.125 Y57.568 F7200  ; DRAW LINE
G0 Z5.00               ; PEN UP

G0 X35.449 Y57.275   ; RAPID TO START
G1 Z0.00 F500    ; PEN DOWN
G4 P100           ; DWELL
G1 X34.570 Y55.811 F7200  ; DRAW LINE
G1 X35.449 Y57.275 F7200  ; DRAW LINE
G0 Z5.00               ; PEN UP

G0 X33.252 Y56.982   ; RAPID TO START
G1 Z0.00 F500    ; PEN DOWN
G4 P100           ; DWELL
G1 X33.252 Y56.982 F7200  ; DRAW LINE
G0 Z5.00               ; PEN UP

G0 X32.813 Y55.371   ; RAPID TO START
G1 Z0.00 F500    ; PEN DOWN
G4 P100           ; DWELL
G1 X32.813 Y55.371 F7200  ; DRAW LINE
G0 Z5.00               ; PEN UP

G0 X26.807 Y54.492   ; RAPID TO START
G1 Z0.00 F500    ; PEN DOWN
G4 P100           ; DWELL
G1 X26.807 Y54.492 F7200  ; DRAW LINE
G0 Z5.00               ; PEN UP

G0 X26.514 Y54.199   ; RAPID TO START
G1 Z0.00 F500    ; PEN DOWN
G4 P100           ; DWELL
G1 X27.686 Y53.320 F7200  ; DRAW LINE
G1 X26.514 Y54.199 F7200  ; DRAW LINE
G0 Z5.00               ; PEN UP

G0 X27.539 Y53.906   ; RAPID TO START
G1 Z0.00 F500    ; PEN DOWN
G4 P100           ; DWELL
G1 X27.539 Y53.906 F7200  ; DRAW LINE
G0 Z5.00               ; PEN UP

G0 X28.711 Y52.588   ; RAPID TO START
G1 Z0.00 F500    ; PEN DOWN
G4 P100           ; DWELL
G1 X28.711 Y52.588 F7200  ; DRAW LINE
G0 Z5.00               ; PEN UP

G0 X31.055 Y51.709   ; RAPID TO START
G1 Z0.00 F500    ; PEN DOWN
G4 P100           ; DWELL
G1 X31.055 Y51.709 F7200  ; DRAW LINE
G0 Z5.00               ; PEN UP

G0 X33.105 Y50.830   ; RAPID TO START
G1 Z0.00 F500    ; PEN DOWN
G4 P100           ; DWELL
G1 X33.105 Y50.830 F7200  ; DRAW LINE
G0 Z5.00               ; PEN UP

G0 X33.105 Y50.537   ; RAPID TO START
G1 Z0.00 F500    ; PEN DOWN
G4 P100           ; DWELL
G1 X33.105 Y50.537 F7200  ; DRAW LINE
G0 Z5.00               ; PEN UP

G0 X59.985 Y61.963   ; RAPID TO START
G1 Z0.00 F500    ; PEN DOWN
G4 P100           ; DWELL
G1 X62.842 Y58.813 F7200  ; DRAW LINE
G1 X57.202 Y60.938 F7200  ; DRAW LINE
G1 X59.985 Y61.963 F7200  ; DRAW LINE
G0 Z5.00               ; PEN UP

G0 X40.063 Y61.523   ; RAPID TO START
G1 Z0.00 F500    ; PEN DOWN
G4 P100           ; DWELL
G1 X40.796 Y58.008 F7200  ; DRAW LINE
G1 X40.063 Y61.523 F7200  ; DRAW LINE
G0 Z5.00               ; PEN UP

G0 X43.140 Y60.791   ; RAPID TO START
G1 Z0.00 F500    ; PEN DOWN
G4 P100           ; DWELL
G1 X43.726 Y58.447 F7200  ; DRAW LINE
G1 X43.140 Y60.791 F7200  ; DRAW LINE
G0 Z5.00               ; PEN UP

G0 X48.706 Y59.180   ; RAPID TO START
G1 Z0.00 F500    ; PEN DOWN
G4 P100           ; DWELL
G1 X49.219 Y55.664 F7200  ; DRAW LINE
G1 X47.388 Y56.104 F7200  ; DRAW LINE
G1 X48.999 Y53.027 F7200  ; DRAW LINE
G1 X45.850 Y59.033 F7200  ; DRAW LINE
G1 X48.706 Y59.180 F7200  ; DRAW LINE
G0 Z5.00               ; PEN UP

G0 X101.587 Y58.740   ; RAPID TO START
G1 Z0.00 F500    ; PEN DOWN
G4 P100           ; DWELL
G1 X104.297 Y57.349 F7200  ; DRAW LINE
G1 X89.355 Y49.878 F7200  ; DRAW LINE
G1 X105.396 Y57.275 F7200  ; DRAW LINE
G1 X108.702 Y56.627 F7200  ; DRAW LINE
G1 X110.010 Y53.613 F7200  ; DRAW LINE
G1 X103.491 Y52.588 F7200  ; DRAW LINE
G1 X92.358 Y45.996 F7200  ; DRAW LINE
G1 X85.107 Y45.117 F7200  ; DRAW LINE
G1 X91.366 Y45.377 F7200  ; DRAW LINE
G1 X103.198 Y52.148 F7200  ; DRAW LINE
G1 X111.841 Y53.174 F7200  ; DRAW LINE
G1 X115.576 Y52.002 F7200  ; DRAW LINE
G1 X116.162 Y49.072 F7200  ; DRAW LINE
G1 X105.615 Y49.585 F7200  ; DRAW LINE
G1 X113.965 Y49.292 F7200  ; DRAW LINE
G1 X113.159 Y40.576 F7200  ; DRAW LINE
G1 X105.408 Y46.624 F7200  ; DRAW LINE
G1 X94.702 Y42.627 F7200  ; DRAW LINE
G1 X83.423 Y42.480 F7200  ; DRAW LINE
G1 X71.411 Y51.270 F7200  ; DRAW LINE
G1 X75.000 Y48.120 F7200  ; DRAW LINE
G1 X75.293 Y44.604 F7200  ; DRAW LINE
G1 X72.363 Y49.585 F7200  ; DRAW LINE
G1 X74.194 Y42.920 F7200  ; DRAW LINE
G1 X69.510 Y49.252 F7200  ; DRAW LINE
G1 X66.650 Y49.365 F7200  ; DRAW LINE
G1 X70.093 Y50.244 F7200  ; DRAW LINE
G1 X73.755 Y46.436 F7200  ; DRAW LINE
G1 X69.287 Y50.830 F7200  ; DRAW LINE
G1 X72.876 Y52.148 F7200  ; DRAW LINE
G1 X81.847 Y44.947 F7200  ; DRAW LINE
G1 X86.792 Y43.799 F7200  ; DRAW LINE
G1 X80.933 Y45.850 F7200  ; DRAW LINE
G1 X73.389 Y53.320 F7200  ; DRAW LINE
G1 X77.710 Y51.855 F7200  ; DRAW LINE
G1 X73.828 Y53.687 F7200  ; DRAW LINE
G1 X75.513 Y54.932 F7200  ; DRAW LINE
G1 X84.009 Y48.779 F7200  ; DRAW LINE
G1 X91.187 Y48.047 F7200  ; DRAW LINE
G1 X79.980 Y51.050 F7200  ; DRAW LINE
G1 X90.747 Y51.270 F7200  ; DRAW LINE
G1 X101.587 Y58.740 F7200  ; DRAW LINE
G0 Z5.00               ; PEN UP

G0 X73.975 Y52.441   ; RAPID TO START
G1 Z0.00 F500    ; PEN DOWN
G4 P100           ; DWELL
G1 X87.158 Y46.582 F7200  ; DRAW LINE
G1 X73.975 Y52.441 F7200  ; DRAW LINE
G0 Z5.00               ; PEN UP

G0 X62.915 Y58.594   ; RAPID TO START
G1 Z0.00 F500    ; PEN DOWN
G4 P100           ; DWELL
G1 X65.479 Y56.323 F7200  ; DRAW LINE
G1 X62.915 Y58.594 F7200  ; DRAW LINE
G0 Z5.00               ; PEN UP

G0 X53.394 Y58.301   ; RAPID TO START
G1 Z0.00 F500    ; PEN DOWN
G4 P100           ; DWELL
G1 X63.566 Y54.742 F7200  ; DRAW LINE
G1 X62.842 Y56.323 F7200  ; DRAW LINE
G1 X65.991 Y55.957 F7200  ; DRAW LINE
G1 X70.459 Y52.075 F7200  ; DRAW LINE
G1 X66.870 Y50.391 F7200  ; DRAW LINE
G1 X64.673 Y54.053 F7200  ; DRAW LINE
G1 X66.211 Y49.072 F7200  ; DRAW LINE
G1 X59.546 Y47.754 F7200  ; DRAW LINE
G1 X57.788 Y51.416 F7200  ; DRAW LINE
G1 X59.180 Y47.827 F7200  ; DRAW LINE
G1 X54.126 Y47.314 F7200  ; DRAW LINE
G1 X52.512 Y51.145 F7200  ; DRAW LINE
G1 X53.613 Y47.388 F7200  ; DRAW LINE
G1 X50.903 Y47.900 F7200  ; DRAW LINE
G1 X49.512 Y52.368 F7200  ; DRAW LINE
G1 X53.394 Y58.301 F7200  ; DRAW LINE
G0 Z5.00               ; PEN UP

G0 X53.613 Y57.422   ; RAPID TO START
G1 Z0.00 F500    ; PEN DOWN
G4 P100           ; DWELL
G1 X52.148 Y55.957 F7200  ; DRAW LINE
G1 X53.613 Y57.422 F7200  ; DRAW LINE
G0 Z5.00               ; PEN UP

G0 X55.078 Y56.250   ; RAPID TO START
G1 Z0.00 F500    ; PEN DOWN
G4 P100           ; DWELL
G1 X56.982 Y52.881 F7200  ; DRAW LINE
G1 X55.078 Y56.250 F7200  ; DRAW LINE
G0 Z5.00               ; PEN UP

G0 X51.270 Y54.492   ; RAPID TO START
G1 Z0.00 F500    ; PEN DOWN
G4 P100           ; DWELL
G1 X51.563 Y52.148 F7200  ; DRAW LINE
G1 X56.543 Y51.855 F7200  ; DRAW LINE
G1 X52.787 Y51.697 F7200  ; DRAW LINE
G1 X51.270 Y54.492 F7200  ; DRAW LINE
G0 Z5.00               ; PEN UP

G0 X63.428 Y54.346   ; RAPID TO START
G1 Z0.00 F500    ; PEN DOWN
G4 P100           ; DWELL
G1 X57.715 Y52.295 F7200  ; DRAW LINE
G1 X63.428 Y54.346 F7200  ; DRAW LINE
G0 Z5.00               ; PEN UP

G0 X66.943 Y54.346   ; RAPID TO START
G1 Z0.00 F500    ; PEN DOWN
G4 P100           ; DWELL
G1 X66.645 Y52.119 F7200  ; DRAW LINE
G1 X66.943 Y54.346 F7200  ; DRAW LINE
G0 Z5.00               ; PEN UP

G0 X29.663 Y56.396   ; RAPID TO START
G1 Z0.00 F500    ; PEN DOWN
G4 P100           ; DWELL
G1 X29.004 Y54.785 F7200  ; DRAW LINE
G1 X29.663 Y56.396 F7200  ; DRAW LINE
G0 Z5.00               ; PEN UP

G0 X85.034 Y56.250   ; RAPID TO START
G1 Z0.00 F500    ; PEN DOWN
G4 P100           ; DWELL
G1 X86.719 Y53.101 F7200  ; DRAW LINE
G1 X83.789 Y54.565 F7200  ; DRAW LINE
G1 X85.034 Y56.250 F7200  ; DRAW LINE
G0 Z5.00               ; PEN UP

G0 X46.948 Y55.371   ; RAPID TO START
G1 Z0.00 F500    ; PEN DOWN
G4 P100           ; DWELL
G1 X50.098 Y48.999 F7200  ; DRAW LINE
G1 X47.534 Y45.264 F7200  ; DRAW LINE
G1 X45.367 Y46.574 F7200  ; DRAW LINE
G1 X48.926 Y48.560 F7200  ; DRAW LINE
G1 X46.948 Y55.371 F7200  ; DRAW LINE
G0 Z5.00               ; PEN UP

G0 X76.392 Y55.371   ; RAPID TO START
G1 Z0.00 F500    ; PEN DOWN
G4 P100           ; DWELL
G1 X78.003 Y52.881 F7200  ; DRAW LINE
G1 X76.392 Y55.371 F7200  ; DRAW LINE
G0 Z5.00               ; PEN UP

G0 X44.751 Y54.346   ; RAPID TO START
G1 Z0.00 F500    ; PEN DOWN
G4 P100           ; DWELL
G1 X45.044 Y52.148 F7200  ; DRAW LINE
G1 X44.751 Y54.346 F7200  ; DRAW LINE
G0 Z5.00               ; PEN UP

G0 X67.749 Y49.512   ; RAPID TO START
G1 Z0.00 F500    ; PEN DOWN
G4 P100           ; DWELL
G1 X70.020 Y48.267 F7200  ; DRAW LINE
G1 X64.860 Y44.988 F7200  ; DRAW LINE
G1 X50.317 Y41.455 F7200  ; DRAW LINE
G1 X60.628 Y42.981 F7200  ; DRAW LINE
G1 X70.239 Y48.047 F7200  ; DRAW LINE
G1 X57.422 Y41.382 F7200  ; DRAW LINE
G1 X71.558 Y46.582 F7200  ; DRAW LINE
G1 X67.969 Y43.286 F7200  ; DRAW LINE
G1 X72.290 Y45.557 F7200  ; DRAW LINE
G1 X73.242 Y43.213 F7200  ; DRAW LINE
G1 X69.946 Y41.602 F7200  ; DRAW LINE
G1 X48.926 Y40.796 F7200  ; DRAW LINE
G1 X50.244 Y48.633 F7200  ; DRAW LINE
G1 X55.351 Y46.928 F7200  ; DRAW LINE
G1 X67.749 Y49.512 F7200  ; DRAW LINE
G0 Z5.00               ; PEN UP

G0 X68.994 Y48.926   ; RAPID TO START
G1 Z0.00 F500    ; PEN DOWN
G4 P100           ; DWELL
G1 X50.244 Y43.213 F7200  ; DRAW LINE
G1 X59.326 Y44.238 F7200  ; DRAW LINE
G1 X68.994 Y48.926 F7200  ; DRAW LINE
G0 Z5.00               ; PEN UP

G0 X65.039 Y47.314   ; RAPID TO START
G1 Z0.00 F500    ; PEN DOWN
G4 P100           ; DWELL
G1 X50.537 Y45.117 F7200  ; DRAW LINE
G1 X65.039 Y47.314 F7200  ; DRAW LINE
G0 Z5.00               ; PEN UP

G0 X72.070 Y44.531   ; RAPID TO START
G1 Z0.00 F500    ; PEN DOWN
G4 P100           ; DWELL
G1 X63.574 Y41.748 F7200  ; DRAW LINE
G1 X72.070 Y44.531 F7200  ; DRAW LINE
G0 Z5.00               ; PEN UP

G0 X70.386 Y47.754   ; RAPID TO START
G1 Z0.00 F500    ; PEN DOWN
G4 P100           ; DWELL
G1 X69.814 Y45.601 F7200  ; DRAW LINE
G1 X61.597 Y42.334 F7200  ; DRAW LINE
G1 X70.386 Y47.754 F7200  ; DRAW LINE
G0 Z5.00               ; PEN UP

G0 X75.366 Y47.754   ; RAPID TO START
G1 Z0.00 F500    ; PEN DOWN
G4 P100           ; DWELL
G1 X75.659 Y44.531 F7200  ; DRAW LINE
G1 X75.366 Y47.754 F7200  ; DRAW LINE
G0 Z5.00               ; PEN UP

G0 X76.465 Y46.436   ; RAPID TO START
G1 Z0.00 F500    ; PEN DOWN
G4 P100           ; DWELL
G1 X76.392 Y44.971 F7200  ; DRAW LINE
G1 X76.465 Y46.436 F7200  ; DRAW LINE
G0 Z5.00               ; PEN UP

G0 X77.710 Y45.264   ; RAPID TO START
G1 Z0.00 F500    ; PEN DOWN
G4 P100           ; DWELL
G1 X82.104 Y42.480 F7200  ; DRAW LINE
G1 X92.798 Y42.041 F7200  ; DRAW LINE
G1 X94.043 Y40.649 F7200  ; DRAW LINE
G1 X90.161 Y40.723 F7200  ; DRAW LINE
G1 X96.074 Y39.701 F7200  ; DRAW LINE
G1 X107.959 Y32.007 F7200  ; DRAW LINE
G1 X102.905 Y32.080 F7200  ; DRAW LINE
G1 X95.021 Y27.806 F7200  ; DRAW LINE
G1 X90.527 Y21.606 F7200  ; DRAW LINE
G1 X89.063 Y14.209 F7200  ; DRAW LINE
G1 X77.637 Y23.804 F7200  ; DRAW LINE
G1 X87.744 Y19.629 F7200  ; DRAW LINE
G1 X68.481 Y28.125 F7200  ; DRAW LINE
G1 X47.314 Y18.604 F7200  ; DRAW LINE
G1 X67.017 Y27.686 F7200  ; DRAW LINE
G1 X49.731 Y12.598 F7200  ; DRAW LINE
G1 X40.210 Y13.330 F7200  ; DRAW LINE
G1 X34.570 Y17.651 F7200  ; DRAW LINE
G1 X35.449 Y24.097 F7200  ; DRAW LINE
G1 X44.604 Y34.131 F7200  ; DRAW LINE
G1 X47.314 Y34.497 F7200  ; DRAW LINE
G1 X45.044 Y34.424 F7200  ; DRAW LINE
G1 X45.557 Y36.768 F7200  ; DRAW LINE
G1 X48.560 Y40.137 F7200  ; DRAW LINE
G1 X61.597 Y39.990 F7200  ; DRAW LINE
G1 X62.402 Y37.207 F7200  ; DRAW LINE
G1 X55.225 Y36.108 F7200  ; DRAW LINE
G1 X62.476 Y36.914 F7200  ; DRAW LINE
G1 X62.842 Y34.277 F7200  ; DRAW LINE
G1 X53.247 Y34.424 F7200  ; DRAW LINE
G1 X63.281 Y33.984 F7200  ; DRAW LINE
G1 X65.129 Y30.573 F7200  ; DRAW LINE
G1 X63.428 Y34.058 F7200  ; DRAW LINE
G1 X66.211 Y34.424 F7200  ; DRAW LINE
G1 X67.017 Y31.641 F7200  ; DRAW LINE
G1 X66.431 Y34.424 F7200  ; DRAW LINE
G1 X68.701 Y35.083 F7200  ; DRAW LINE
G1 X66.284 Y34.717 F7200  ; DRAW LINE
G1 X65.625 Y37.646 F7200  ; DRAW LINE
G1 X75.879 Y42.700 F7200  ; DRAW LINE
G1 X65.552 Y37.939 F7200  ; DRAW LINE
G1 X65.186 Y40.137 F7200  ; DRAW LINE
G1 X77.710 Y45.264 F7200  ; DRAW LINE
G0 Z5.00               ; PEN UP

G0 X78.955 Y42.188   ; RAPID TO START
G1 Z0.00 F500    ; PEN DOWN
G4 P100           ; DWELL
G1 X69.727 Y35.303 F7200  ; DRAW LINE
G1 X78.955 Y42.188 F7200  ; DRAW LINE
G0 Z5.00               ; PEN UP

G0 X73.975 Y40.283   ; RAPID TO START
G1 Z0.00 F500    ; PEN DOWN
G4 P100           ; DWELL
G1 X67.383 Y35.742 F7200  ; DRAW LINE
G1 X73.975 Y40.283 F7200  ; DRAW LINE
G0 Z5.00               ; PEN UP

G0 X79.834 Y40.137   ; RAPID TO START
G1 Z0.00 F500    ; PEN DOWN
G4 P100           ; DWELL
G1 X67.822 Y32.080 F7200  ; DRAW LINE
G1 X79.834 Y40.137 F7200  ; DRAW LINE
G0 Z5.00               ; PEN UP

G0 X84.229 Y40.137   ; RAPID TO START
G1 Z0.00 F500    ; PEN DOWN
G4 P100           ; DWELL
G1 X71.484 Y32.959 F7200  ; DRAW LINE
G1 X84.229 Y40.137 F7200  ; DRAW LINE
G0 Z5.00               ; PEN UP

G0 X53.027 Y38.965   ; RAPID TO START
G1 Z0.00 F500    ; PEN DOWN
G4 P100           ; DWELL
G1 X61.816 Y37.646 F7200  ; DRAW LINE
G1 X53.027 Y38.965 F7200  ; DRAW LINE
G0 Z5.00               ; PEN UP

G0 X48.633 Y37.793   ; RAPID TO START
G1 Z0.00 F500    ; PEN DOWN
G4 P100           ; DWELL
G1 X52.002 Y36.914 F7200  ; DRAW LINE
G1 X48.633 Y37.793 F7200  ; DRAW LINE
G0 Z5.00               ; PEN UP

G0 X98.291 Y35.156   ; RAPID TO START
G1 Z0.00 F500    ; PEN DOWN
G4 P100           ; DWELL
G1 X104.297 Y33.838 F7200  ; DRAW LINE
G1 X98.291 Y35.156 F7200  ; DRAW LINE
G0 Z5.00               ; PEN UP

G0 X88.770 Y35.010   ; RAPID TO START
G1 Z0.00 F500    ; PEN DOWN
G4 P100           ; DWELL
G1 X72.217 Y32.373 F7200  ; DRAW LINE
G1 X88.770 Y35.010 F7200  ; DRAW LINE
G0 Z5.00               ; PEN UP

G0 X88.916 Y35.010   ; RAPID TO START
G1 Z0.00 F500    ; PEN DOWN
G4 P100           ; DWELL
G1 X88.916 Y35.010 F7200  ; DRAW LINE
G0 Z5.00               ; PEN UP

G0 X50.244 Y34.277   ; RAPID TO START
G1 Z0.00 F500    ; PEN DOWN
G4 P100           ; DWELL
G1 X59.326 Y32.373 F7200  ; DRAW LINE
G1 X50.244 Y34.277 F7200  ; DRAW LINE
G0 Z5.00               ; PEN UP

G0 X71.191 Y32.959   ; RAPID TO START
G1 Z0.00 F500    ; PEN DOWN
G4 P100           ; DWELL
G1 X71.191 Y32.959 F7200  ; DRAW LINE
G0 Z5.00               ; PEN UP

G0 X62.988 Y32.227   ; RAPID TO START
G1 Z0.00 F500    ; PEN DOWN
G4 P100           ; DWELL
G1 X55.078 Y29.883 F7200  ; DRAW LINE
G1 X62.988 Y32.227 F7200  ; DRAW LINE
G0 Z5.00               ; PEN UP

G0 X67.236 Y31.494   ; RAPID TO START
G1 Z0.00 F500    ; PEN DOWN
G4 P100           ; DWELL
G1 X67.676 Y29.590 F7200  ; DRAW LINE
G1 X67.236 Y31.494 F7200  ; DRAW LINE
G0 Z5.00               ; PEN UP

G0 X61.377 Y30.469   ; RAPID TO START
G1 Z0.00 F500    ; PEN DOWN
G4 P100           ; DWELL
G1 X50.537 Y28.271 F7200  ; DRAW LINE
G1 X61.377 Y30.469 F7200  ; DRAW LINE
G0 Z5.00               ; PEN UP

G0 X65.332 Y29.883   ; RAPID TO START
G1 Z0.00 F500    ; PEN DOWN
G4 P100           ; DWELL
G1 X66.504 Y28.711 F7200  ; DRAW LINE
G1 X65.332 Y29.883 F7200  ; DRAW LINE
G0 Z5.00               ; PEN UP

G0 X70.752 Y28.711   ; RAPID TO START
G1 Z0.00 F500    ; PEN DOWN
G4 P100           ; DWELL
G1 X83.057 Y26.221 F7200  ; DRAW LINE
G1 X70.752 Y28.711 F7200  ; DRAW LINE
G0 Z5.00               ; PEN UP

G0 X59.619 Y22.412   ; RAPID TO START
G1 Z0.00 F500    ; PEN DOWN
G4 P100           ; DWELL
G1 X50.244 Y15.088 F7200  ; DRAW LINE
G1 X59.619 Y22.412 F7200  ; DRAW LINE
G0 Z5.00               ; PEN UP

G0 X64.380 Y40.137   ; RAPID TO START
G1 Z0.00 F500    ; PEN DOWN
G4 P100           ; DWELL
G1 X65.186 Y37.793 F7200  ; DRAW LINE
G1 X62.769 Y37.354 F7200  ; DRAW LINE
G1 X61.963 Y39.771 F7200  ; DRAW LINE
G1 X64.380 Y40.137 F7200  ; DRAW LINE
G0 Z5.00               ; PEN UP

G0 X64.819 Y37.500   ; RAPID TO START
G1 Z0.00 F500    ; PEN DOWN
G4 P100           ; DWELL
G1 X65.918 Y34.570 F7200  ; DRAW LINE
G1 X63.208 Y34.424 F7200  ; DRAW LINE
G1 X62.842 Y37.061 F7200  ; DRAW LINE
G1 X64.819 Y37.500 F7200  ; DRAW LINE
G0 Z5.00               ; PEN UP

G0 X107.813 Y33.105   ; RAPID TO START
G1 Z0.00 F500    ; PEN DOWN
G4 P100           ; DWELL
G1 X149.780 Y30.615 F7200  ; DRAW LINE
G1 X150.000 Y13.843 F7200  ; DRAW LINE
G1 X145.239 Y14.209 F7200  ; DRAW LINE
G1 X150.000 Y13.403 F7200  ; DRAW LINE
G1 X149.927 Y6.592 F7200  ; DRAW LINE
G1 X130.518 Y4.175 F7200  ; DRAW LINE
G1 X150.000 Y6.445 F7200  ; DRAW LINE
G1 X150.000 Y0.000 F7200  ; DRAW LINE
G1 X130.884 Y1.611 F7200  ; DRAW LINE
G1 X134.033 Y0.073 F7200  ; DRAW LINE
G1 X118.799 Y0.000 F7200  ; DRAW LINE
G1 X130.737 Y1.758 F7200  ; DRAW LINE
G1 X127.295 Y2.271 F7200  ; DRAW LINE
G1 X129.272 Y3.662 F7200  ; DRAW LINE
G1 X118.506 Y1.172 F7200  ; DRAW LINE
G1 X115.576 Y15.601 F7200  ; DRAW LINE
G1 X116.309 Y26.733 F7200  ; DRAW LINE
G1 X111.987 Y31.934 F7200  ; DRAW LINE
G1 X107.813 Y33.105 F7200  ; DRAW LINE
G0 Z5.00               ; PEN UP

G0 X124.951 Y28.125   ; RAPID TO START
G1 Z0.00 F500    ; PEN DOWN
G4 P100           ; DWELL
G1 X124.951 Y28.125 F7200  ; DRAW LINE
G0 Z5.00               ; PEN UP

G0 X123.047 Y27.979   ; RAPID TO START
G1 Z0.00 F500    ; PEN DOWN
G4 P100           ; DWELL
G1 X123.047 Y27.979 F7200  ; DRAW LINE
G0 Z5.00               ; PEN UP

G0 X124.658 Y24.756   ; RAPID TO START
G1 Z0.00 F500    ; PEN DOWN
G4 P100           ; DWELL
G1 X124.658 Y24.756 F7200  ; DRAW LINE
G0 Z5.00               ; PEN UP

G0 X144.873 Y14.063   ; RAPID TO START
G1 Z0.00 F500    ; PEN DOWN
G4 P100           ; DWELL
G1 X144.873 Y14.063 F7200  ; DRAW LINE
G0 Z5.00               ; PEN UP

G0 X148.242 Y13.770   ; RAPID TO START
G1 Z0.00 F500    ; PEN DOWN
G4 P100           ; DWELL
G1 X148.242 Y13.770 F7200  ; DRAW LINE
G0 Z5.00               ; PEN UP

G0 X106.128 Y31.934   ; RAPID TO START
G1 Z0.00 F500    ; PEN DOWN
G4 P100           ; DWELL
G1 X111.841 Y31.641 F7200  ; DRAW LINE
G1 X115.869 Y27.026 F7200  ; DRAW LINE
G1 X116.016 Y16.772 F7200  ; DRAW LINE
G1 X110.156 Y26.294 F7200  ; DRAW LINE
G1 X109.570 Y24.170 F7200  ; DRAW LINE
G1 X105.396 Y25.049 F7200  ; DRAW LINE
G1 X100.195 Y18.164 F7200  ; DRAW LINE
G1 X97.703 Y19.627 F7200  ; DRAW LINE
G1 X99.756 Y18.018 F7200  ; DRAW LINE
G1 X97.339 Y18.164 F7200  ; DRAW LINE
G1 X97.925 Y13.037 F7200  ; DRAW LINE
G1 X94.775 Y14.136 F7200  ; DRAW LINE
G1 X97.925 Y12.744 F7200  ; DRAW LINE
G1 X94.995 Y9.668 F7200  ; DRAW LINE
G1 X98.109 Y11.159 F7200  ; DRAW LINE
G1 X97.119 Y7.983 F7200  ; DRAW LINE
G1 X98.511 Y13.184 F7200  ; DRAW LINE
G1 X103.271 Y8.276 F7200  ; DRAW LINE
G1 X96.313 Y5.713 F7200  ; DRAW LINE
G1 X92.725 Y6.885 F7200  ; DRAW LINE
G1 X89.209 Y13.989 F7200  ; DRAW LINE
G1 X91.175 Y22.306 F7200  ; DRAW LINE
G1 X98.145 Y29.736 F7200  ; DRAW LINE
G1 X106.128 Y31.934 F7200  ; DRAW LINE
G0 Z5.00               ; PEN UP

G0 X111.621 Y27.832   ; RAPID TO START
G1 Z0.00 F500    ; PEN DOWN
G4 P100           ; DWELL
G1 X111.328 Y24.463 F7200  ; DRAW LINE
G1 X111.621 Y27.832 F7200  ; DRAW LINE
G0 Z5.00               ; PEN UP

G0 X113.965 Y26.953   ; RAPID TO START
G1 Z0.00 F500    ; PEN DOWN
G4 P100           ; DWELL
G1 X112.793 Y23.145 F7200  ; DRAW LINE
G1 X113.965 Y26.953 F7200  ; DRAW LINE
G0 Z5.00               ; PEN UP

G0 X102.100 Y24.023   ; RAPID TO START
G1 Z0.00 F500    ; PEN DOWN
G4 P100           ; DWELL
G1 X103.418 Y22.119 F7200  ; DRAW LINE
G1 X102.100 Y24.023 F7200  ; DRAW LINE
G0 Z5.00               ; PEN UP

G0 X99.023 Y12.598   ; RAPID TO START
G1 Z0.00 F500    ; PEN DOWN
G4 P100           ; DWELL
G1 X99.023 Y12.598 F7200  ; DRAW LINE
G0 Z5.00               ; PEN UP

G0 X98.438 Y12.451   ; RAPID TO START
G1 Z0.00 F500    ; PEN DOWN
G4 P100           ; DWELL
G1 X98.438 Y12.451 F7200  ; DRAW LINE
G0 Z5.00               ; PEN UP

G0 X99.902 Y12.305   ; RAPID TO START
G1 Z0.00 F500    ; PEN DOWN
G4 P100           ; DWELL
G1 X100.635 Y10.986 F7200  ; DRAW LINE
G1 X99.902 Y12.305 F7200  ; DRAW LINE
G0 Z5.00               ; PEN UP

G0 X100.635 Y12.158   ; RAPID TO START
G1 Z0.00 F500    ; PEN DOWN
G4 P100           ; DWELL
G1 X100.635 Y12.158 F7200  ; DRAW LINE
G0 Z5.00               ; PEN UP

G0 X99.023 Y11.426   ; RAPID TO START
G1 Z0.00 F500    ; PEN DOWN
G4 P100           ; DWELL
G1 X99.023 Y11.426 F7200  ; DRAW LINE
G0 Z5.00               ; PEN UP

G0 X99.756 Y11.279   ; RAPID TO START
G1 Z0.00 F500    ; PEN DOWN
G4 P100           ; DWELL
G1 X100.781 Y9.375 F7200  ; DRAW LINE
G1 X99.756 Y11.279 F7200  ; DRAW LINE
G0 Z5.00               ; PEN UP

G0 X38.599 Y28.564   ; RAPID TO START
G1 Z0.00 F500    ; PEN DOWN
G4 P100           ; DWELL
G1 X30.369 Y20.599 F7200  ; DRAW LINE
G1 X29.297 Y16.479 F7200  ; DRAW LINE
G1 X31.787 Y9.082 F7200  ; DRAW LINE
G1 X42.407 Y6.299 F7200  ; DRAW LINE
G1 X49.365 Y8.350 F7200  ; DRAW LINE
G1 X51.855 Y12.964 F7200  ; DRAW LINE
G1 X61.743 Y12.305 F7200  ; DRAW LINE
G1 X63.428 Y9.009 F7200  ; DRAW LINE
G1 X60.205 Y2.783 F7200  ; DRAW LINE
G1 X55.225 Y4.688 F7200  ; DRAW LINE
G1 X56.470 Y8.203 F7200  ; DRAW LINE
G1 X53.540 Y8.350 F7200  ; DRAW LINE
G1 X39.331 Y3.955 F7200  ; DRAW LINE
G1 X32.886 Y6.006 F7200  ; DRAW LINE
G1 X38.159 Y3.369 F7200  ; DRAW LINE
G1 X55.298 Y8.057 F7200  ; DRAW LINE
G1 X51.563 Y0.000 F7200  ; DRAW LINE
G1 X18.018 Y0.073 F7200  ; DRAW LINE
G1 X19.556 Y1.465 F7200  ; DRAW LINE
G1 X10.327 Y0.000 F7200  ; DRAW LINE
G1 X21.899 Y2.930 F7200  ; DRAW LINE
G1 X0.000 Y0.073 F7200  ; DRAW LINE
G1 X0.000 Y24.463 F7200  ; DRAW LINE
G1 X38.599 Y28.564 F7200  ; DRAW LINE
G0 Z5.00               ; PEN UP

G0 X14.063 Y21.387   ; RAPID TO START
G1 Z0.00 F500    ; PEN DOWN
G4 P100           ; DWELL
G1 X14.063 Y21.387 F7200  ; DRAW LINE
G0 Z5.00               ; PEN UP

G0 X12.158 Y20.508   ; RAPID TO START
G1 Z0.00 F500    ; PEN DOWN
G4 P100           ; DWELL
G1 X12.158 Y20.508 F7200  ; DRAW LINE
G0 Z5.00               ; PEN UP

G0 X59.180 Y11.279   ; RAPID TO START
G1 Z0.00 F500    ; PEN DOWN
G4 P100           ; DWELL
G1 X60.498 Y9.082 F7200  ; DRAW LINE
G1 X59.180 Y11.279 F7200  ; DRAW LINE
G0 Z5.00               ; PEN UP

G0 X6.152 Y8.789   ; RAPID TO START
G1 Z0.00 F500    ; PEN DOWN
G4 P100           ; DWELL
G1 X4.541 Y6.041 F7200  ; DRAW LINE
G1 X7.178 Y4.395 F7200  ; DRAW LINE
G1 X8.789 Y7.764 F7200  ; DRAW LINE
G1 X6.152 Y8.789 F7200  ; DRAW LINE
G0 Z5.00               ; PEN UP

G0 X19.482 Y8.057   ; RAPID TO START
G1 Z0.00 F500    ; PEN DOWN
G4 P100           ; DWELL
G1 X19.482 Y8.057 F7200  ; DRAW LINE
G0 Z5.00               ; PEN UP

G0 X11.719 Y7.910   ; RAPID TO START
G1 Z0.00 F500    ; PEN DOWN
G4 P100           ; DWELL
G1 X11.719 Y5.420 F7200  ; DRAW LINE
G1 X11.719 Y7.910 F7200  ; DRAW LINE
G0 Z5.00               ; PEN UP

G0 X15.088 Y7.910   ; RAPID TO START
G1 Z0.00 F500    ; PEN DOWN
G4 P100           ; DWELL
G1 X15.381 Y5.566 F7200  ; DRAW LINE
G1 X15.088 Y7.910 F7200  ; DRAW LINE
G0 Z5.00               ; PEN UP

G0 X13.770 Y7.324   ; RAPID TO START
G1 Z0.00 F500    ; PEN DOWN
G4 P100           ; DWELL
G1 X13.652 Y5.473 F7200  ; DRAW LINE
G1 X13.770 Y7.324 F7200  ; DRAW LINE
G0 Z5.00               ; PEN UP

G0 X16.553 Y7.324   ; RAPID TO START
G1 Z0.00 F500    ; PEN DOWN
G4 P100           ; DWELL
G1 X16.529 Y5.449 F7200  ; DRAW LINE
G1 X16.553 Y7.324 F7200  ; DRAW LINE
G0 Z5.00               ; PEN UP

G0 X18.750 Y7.324   ; RAPID TO START
G1 Z0.00 F500    ; PEN DOWN
G4 P100           ; DWELL
G1 X17.871 Y5.566 F7200  ; DRAW LINE
G1 X18.750 Y7.324 F7200  ; DRAW LINE
G0 Z5.00               ; PEN UP

G0 X20.947 Y7.324   ; RAPID TO START
G1 Z0.00 F500    ; PEN DOWN
G4 P100           ; DWELL
G1 X20.068 Y5.566 F7200  ; DRAW LINE
G1 X21.680 Y5.566 F7200  ; DRAW LINE
G1 X20.947 Y7.324 F7200  ; DRAW LINE
G0 Z5.00               ; PEN UP

G0 X22.705 Y7.324   ; RAPID TO START
G1 Z0.00 F500    ; PEN DOWN
G4 P100           ; DWELL
G1 X23.584 Y5.127 F7200  ; DRAW LINE
G1 X22.705 Y7.324 F7200  ; DRAW LINE
G0 Z5.00               ; PEN UP

G0 X25.635 Y7.324   ; RAPID TO START
G1 Z0.00 F500    ; PEN DOWN
G4 P100           ; DWELL
G1 X26.660 Y5.566 F7200  ; DRAW LINE
G1 X25.635 Y7.324 F7200  ; DRAW LINE
G0 Z5.00               ; PEN UP

G0 X27.979 Y7.324   ; RAPID TO START
G1 Z0.00 F500    ; PEN DOWN
G4 P100           ; DWELL
G1 X27.100 Y4.980 F7200  ; DRAW LINE
G1 X27.979 Y7.324 F7200  ; DRAW LINE
G0 Z5.00               ; PEN UP

G0 X30.029 Y7.324   ; RAPID TO START
G1 Z0.00 F500    ; PEN DOWN
G4 P100           ; DWELL
G1 X29.150 Y4.980 F7200  ; DRAW LINE
G1 X30.029 Y7.324 F7200  ; DRAW LINE
G0 Z5.00               ; PEN UP

G0 X19.189 Y7.178   ; RAPID TO START
G1 Z0.00 F500    ; PEN DOWN
G4 P100           ; DWELL
G1 X19.629 Y5.566 F7200  ; DRAW LINE
G1 X19.189 Y7.178 F7200  ; DRAW LINE
G0 Z5.00               ; PEN UP

G0 X24.170 Y6.006   ; RAPID TO START
G1 Z0.00 F500    ; PEN DOWN
G4 P100           ; DWELL
G1 X24.170 Y6.006 F7200  ; DRAW LINE
G0 Z5.00               ; PEN UP

G0 X6.738 Y3.076   ; RAPID TO START
G1 Z0.00 F500    ; PEN DOWN
G4 P100           ; DWELL
G1 X4.248 Y1.611 F7200  ; DRAW LINE
G1 X6.738 Y3.076 F7200  ; DRAW LINE
G0 Z5.00               ; PEN UP

G0 X10.254 Y2.930   ; RAPID TO START
G1 Z0.00 F500    ; PEN DOWN
G4 P100           ; DWELL
G1 X7.617 Y0.879 F7200  ; DRAW LINE
G1 X10.254 Y2.930 F7200  ; DRAW LINE
G0 Z5.00               ; PEN UP

G0 X20.068 Y1.758   ; RAPID TO START
G1 Z0.00 F500    ; PEN DOWN
G4 P100           ; DWELL
G1 X20.068 Y1.758 F7200  ; DRAW LINE
G0 Z5.00               ; PEN UP

G0 X67.749 Y27.686   ; RAPID TO START
G1 Z0.00 F500    ; PEN DOWN
G4 P100           ; DWELL
G1 X82.566 Y19.709 F7200  ; DRAW LINE
G1 X88.916 Y13.916 F7200  ; DRAW LINE
G1 X92.651 Y6.592 F7200  ; DRAW LINE
G1 X96.460 Y5.273 F7200  ; DRAW LINE
G1 X103.345 Y7.910 F7200  ; DRAW LINE
G1 X108.984 Y0.073 F7200  ; DRAW LINE
G1 X61.157 Y0.000 F7200  ; DRAW LINE
G1 X64.893 Y10.400 F7200  ; DRAW LINE
G1 X61.836 Y12.580 F7200  ; DRAW LINE
G1 X52.148 Y13.257 F7200  ; DRAW LINE
G1 X67.749 Y27.686 F7200  ; DRAW LINE
G0 Z5.00               ; PEN UP

G0 X73.535 Y19.922   ; RAPID TO START
G1 Z0.00 F500    ; PEN DOWN
G4 P100           ; DWELL
G1 X73.535 Y19.922 F7200  ; DRAW LINE
G0 Z5.00               ; PEN UP

G0 X78.809 Y19.482   ; RAPID TO START
G1 Z0.00 F500    ; PEN DOWN
G4 P100           ; DWELL
G1 X78.809 Y19.482 F7200  ; DRAW LINE
G0 Z5.00               ; PEN UP

G0 X71.631 Y19.189   ; RAPID TO START
G1 Z0.00 F500    ; PEN DOWN
G4 P100           ; DWELL
G1 X71.631 Y19.189 F7200  ; DRAW LINE
G0 Z5.00               ; PEN UP

G0 X108.179 Y24.023   ; RAPID TO START
G1 Z0.00 F500    ; PEN DOWN
G4 P100           ; DWELL
G1 X110.815 Y24.023 F7200  ; DRAW LINE
G1 X113.379 Y20.728 F7200  ; DRAW LINE
G1 X118.506 Y0.073 F7200  ; DRAW LINE
G1 X109.497 Y0.000 F7200  ; DRAW LINE
G1 X102.100 Y11.646 F7200  ; DRAW LINE
G1 X98.584 Y13.696 F7200  ; DRAW LINE
G1 X101.880 Y20.508 F7200  ; DRAW LINE
G1 X108.179 Y24.023 F7200  ; DRAW LINE
G0 Z5.00               ; PEN UP

G0 X112.500 Y18.896   ; RAPID TO START
G1 Z0.00 F500    ; PEN DOWN
G4 P100           ; DWELL
G1 X112.939 Y14.209 F7200  ; DRAW LINE
G1 X112.500 Y18.896 F7200  ; DRAW LINE
G0 Z5.00               ; PEN UP

G0 X104.443 Y16.260   ; RAPID TO START
G1 Z0.00 F500    ; PEN DOWN
G4 P100           ; DWELL
G1 X107.959 Y12.598 F7200  ; DRAW LINE
G1 X104.443 Y16.260 F7200  ; DRAW LINE
G0 Z5.00               ; PEN UP

G0 X33.911 Y22.705   ; RAPID TO START
G1 Z0.00 F500    ; PEN DOWN
G4 P100           ; DWELL
G1 X33.984 Y17.578 F7200  ; DRAW LINE
G1 X37.280 Y14.063 F7200  ; DRAW LINE
G1 X44.165 Y11.865 F7200  ; DRAW LINE
G1 X51.563 Y13.037 F7200  ; DRAW LINE
G1 X50.174 Y9.637 F7200  ; DRAW LINE
G1 X40.210 Y6.445 F7200  ; DRAW LINE
G1 X33.480 Y9.287 F7200  ; DRAW LINE
G1 X29.736 Y16.553 F7200  ; DRAW LINE
G1 X33.911 Y22.705 F7200  ; DRAW LINE
G0 Z5.00               ; PEN UP

G0 X63.721 Y10.693   ; RAPID TO START
G1 Z0.00 F500    ; PEN DOWN
G4 P100           ; DWELL
G1 X60.425 Y1.172 F7200  ; DRAW LINE
G1 X63.721 Y10.693 F7200  ; DRAW LINE
G0 Z5.00               ; PEN UP

G0 X64.673 Y10.107   ; RAPID TO START
G1 Z0.00 F500    ; PEN DOWN
G4 P100           ; DWELL
G1 X60.399 Y-0.033 F7200  ; DRAW LINE
G1 X64.673 Y10.107 F7200  ; DRAW LINE
G0 Z5.00               ; PEN UP

G0 X6.372 Y8.643   ; RAPID TO START
G1 Z0.00 F500    ; PEN DOWN
G4 P100           ; DWELL
G1 X8.789 Y6.372 F7200  ; DRAW LINE
G1 X6.372 Y4.541 F7200  ; DRAW LINE
G1 X4.775 Y6.313 F7200  ; DRAW LINE
G1 X6.372 Y8.643 F7200  ; DRAW LINE
G0 Z5.00               ; PEN UP

G0 X13.843 Y7.031   ; RAPID TO START
G1 Z0.00 F500    ; PEN DOWN
G4 P100           ; DWELL
G1 X13.843 Y7.031 F7200  ; DRAW LINE
G0 Z5.00               ; PEN UP

G0 X16.626 Y7.031   ; RAPID TO START
G1 Z0.00 F500    ; PEN DOWN
G4 P100           ; DWELL
G1 X16.626 Y7.031 F7200  ; DRAW LINE
G0 Z5.00               ; PEN UP

G0 X22.632 Y6.885   ; RAPID TO START
G1 Z0.00 F500    ; PEN DOWN
G4 P100           ; DWELL
G1 X22.632 Y6.885 F7200  ; DRAW LINE
G0 Z5.00               ; PEN UP

G0 X27.759 Y6.885   ; RAPID TO START
G1 Z0.00 F500    ; PEN DOWN
G4 P100           ; DWELL
G1 X27.759 Y6.885 F7200  ; DRAW LINE
G0 Z5.00               ; PEN UP

G0 X29.590 Y6.885   ; RAPID TO START
G1 Z0.00 F500    ; PEN DOWN
G4 P100           ; DWELL
G1 X29.590 Y6.885 F7200  ; DRAW LINE
G0 Z5.00               ; PEN UP

G0 X25.708 Y6.299   ; RAPID TO START
G1 Z0.00 F500    ; PEN DOWN
G4 P100           ; DWELL
G1 X25.708 Y6.299 F7200  ; DRAW LINE
G0 Z5.00               ; PEN UP

G0 X58.374 Y3.809   ; RAPID TO START
G1 Z0.00 F500    ; PEN DOWN
G4 P100           ; DWELL
G1 X58.374 Y3.809 F7200  ; DRAW LINE
G0 Z5.00               ; PEN UP

G0 X55.151 Y3.662   ; RAPID TO START
G1 Z0.00 F500    ; PEN DOWN
G4 P100           ; DWELL
G1 X59.033 Y2.417 F7200  ; DRAW LINE
G1 X56.177 Y0.146 F7200  ; DRAW LINE
G1 X55.151 Y3.662 F7200  ; DRAW LINE
G0 Z5.00               ; PEN UP

G0 X54.126 Y2.490   ; RAPID TO START
G1 Z0.00 F500    ; PEN DOWN
G4 P100           ; DWELL
G1 X55.225 Y0.000 F7200  ; DRAW LINE
G1 X51.855 Y0.000 F7200  ; DRAW LINE
G1 X54.126 Y2.490 F7200  ; DRAW LINE
G0 Z5.00               ; PEN UP

G0 X59.985 Y1.465   ; RAPID TO START
G1 Z0.00 F500    ; PEN DOWN
G4 P100           ; DWELL
G1 X57.422 Y0.073 F7200  ; DRAW LINE
G1 X59.985 Y1.465 F7200  ; DRAW LINE
G0 Z5.00               ; PEN UP

G0 X60.278 Y1.025   ; RAPID TO START
G1 Z0.00 F500    ; PEN DOWN
G4 P100           ; DWELL
G1 X60.278 Y1.025 F7200  ; DRAW LINE
G0 Z5.00               ; PEN UP

; END DRAWING
G0 Z5.00      ; PEN UP
G0 X0 Y0     ; RETURN TO ORIGIN
M2           ; PROGRAM END