; GCODE GENERATED BY IMAGE-TO-GCODE CONVERTER
; DATE: 09/03/2026, 22:09:45
; BED SIZE: 190x190mm

G21          ; SET UNITS TO MILLIMETERS
G90          ; ABSOLUTE POSITIONING
G0 Z5.00      ; PEN UP TO SAFE HEIGHT
G0 X0 Y0     ; MOVE TO ORIGIN

; BEGIN DRAWING
G0 X19.332 Y167.200   ; RAPID TO START
G1 Z0.00 F500    ; PEN DOWN
G4 P100           ; DWELL
G1 X22.407 Y165.943 F5400  ; DRAW LINE
G1 X20.995 Y160.882 F5400  ; DRAW LINE
G1 X24.747 Y154.470 F5400  ; DRAW LINE
G1 X27.636 Y153.216 F5400  ; DRAW LINE
G1 X29.688 Y146.775 F5400  ; DRAW LINE
G1 X31.635 Y146.727 F5400  ; DRAW LINE
G1 X32.063 Y142.880 F5400  ; DRAW LINE
G1 X37.145 Y137.988 F5400  ; DRAW LINE
G1 X36.765 Y135.898 F5400  ; DRAW LINE
G1 X43.510 Y125.685 F5400  ; DRAW LINE
G1 X47.072 Y124.735 F5400  ; DRAW LINE
G1 X52.203 Y128.535 F5400  ; DRAW LINE
G1 X57.285 Y129.580 F5400  ; DRAW LINE
G1 X63.286 Y136.015 F5400  ; DRAW LINE
G1 X72.438 Y137.465 F5400  ; DRAW LINE
G1 X81.225 Y142.928 F5400  ; DRAW LINE
G1 X84.273 Y155.288 F5400  ; DRAW LINE
G1 X87.958 Y158.804 F5400  ; DRAW LINE
G1 X92.293 Y160.170 F5400  ; DRAW LINE
G1 X99.424 Y158.447 F5400  ; DRAW LINE
G1 X103.170 Y153.852 F5400  ; DRAW LINE
G1 X104.025 Y147.012 F5400  ; DRAW LINE
G1 X101.840 Y135.993 F5400  ; DRAW LINE
G1 X111.245 Y134.995 F5400  ; DRAW LINE
G1 X119.225 Y163.542 F5400  ; DRAW LINE
G1 X123.120 Y166.725 F5400  ; DRAW LINE
G1 X111.990 Y135.412 F5400  ; DRAW LINE
G1 X114.672 Y132.769 F5400  ; DRAW LINE
G1 X114.570 Y129.153 F5400  ; DRAW LINE
G1 X110.817 Y126.160 F5400  ; DRAW LINE
G1 X105.104 Y128.844 F5400  ; DRAW LINE
G1 X99.133 Y128.440 F5400  ; DRAW LINE
G1 X97.660 Y119.177 F5400  ; DRAW LINE
G1 X92.720 Y110.532 F5400  ; DRAW LINE
G1 X101.934 Y120.072 F5400  ; DRAW LINE
G1 X108.822 Y124.033 F5400  ; DRAW LINE
G1 X117.511 Y122.404 F5400  ; DRAW LINE
G1 X119.510 Y118.987 F5400  ; DRAW LINE
G1 X115.363 Y93.988 F5400  ; DRAW LINE
G1 X105.260 Y76.713 F5400  ; DRAW LINE
G1 X104.310 Y67.498 F5400  ; DRAW LINE
G1 X100.831 Y57.714 F5400  ; DRAW LINE
G1 X96.903 Y55.258 F5400  ; DRAW LINE
G1 X90.543 Y56.770 F5400  ; DRAW LINE
G1 X89.009 Y58.922 F5400  ; DRAW LINE
G1 X89.110 Y63.127 F5400  ; DRAW LINE
G1 X84.455 Y71.582 F5400  ; DRAW LINE
G1 X86.972 Y76.000 F5400  ; DRAW LINE
G1 X92.862 Y77.805 F5400  ; DRAW LINE
G1 X96.622 Y82.292 F5400  ; DRAW LINE
G1 X98.230 Y87.448 F5400  ; DRAW LINE
G1 X97.565 Y90.725 F5400  ; DRAW LINE
G1 X88.588 Y79.420 F5400  ; DRAW LINE
G1 X79.987 Y72.897 F5400  ; DRAW LINE
G1 X64.457 Y68.875 F5400  ; DRAW LINE
G1 X53.485 Y71.060 F5400  ; DRAW LINE
G1 X57.665 Y61.322 F5400  ; DRAW LINE
G1 X65.502 Y52.345 F5400  ; DRAW LINE
G1 X77.450 Y45.046 F5400  ; DRAW LINE
G1 X79.040 Y40.708 F5400  ; DRAW LINE
G1 X77.472 Y36.290 F5400  ; DRAW LINE
G1 X70.347 Y35.055 F5400  ; DRAW LINE
G1 X64.505 Y37.335 F5400  ; DRAW LINE
G1 X53.971 Y54.437 F5400  ; DRAW LINE
G1 X34.770 Y66.073 F5400  ; DRAW LINE
G1 X31.635 Y75.953 F5400  ; DRAW LINE
G1 X25.555 Y85.927 F5400  ; DRAW LINE
G1 X25.935 Y96.282 F5400  ; DRAW LINE
G1 X33.564 Y101.421 F5400  ; DRAW LINE
G1 X38.428 Y100.985 F5400  ; DRAW LINE
G1 X54.720 Y92.910 F5400  ; DRAW LINE
G1 X56.240 Y112.338 F5400  ; DRAW LINE
G1 X52.392 Y112.195 F5400  ; DRAW LINE
G1 X43.843 Y107.540 F5400  ; DRAW LINE
G1 X39.805 Y107.635 F5400  ; DRAW LINE
G1 X37.050 Y102.980 F5400  ; DRAW LINE
G1 X34.723 Y102.125 F5400  ; DRAW LINE
G1 X32.965 Y103.787 F5400  ; DRAW LINE
G1 X35.530 Y110.295 F5400  ; DRAW LINE
G1 X28.643 Y112.385 F5400  ; DRAW LINE
G1 X26.363 Y116.850 F5400  ; DRAW LINE
G1 X14.867 Y113.050 F5400  ; DRAW LINE
G1 X12.360 Y113.548 F5400  ; DRAW LINE
G1 X14.393 Y116.850 F5400  ; DRAW LINE
G1 X31.825 Y125.067 F5400  ; DRAW LINE
G1 X24.838 Y128.017 F5400  ; DRAW LINE
G1 X24.273 Y132.430 F5400  ; DRAW LINE
G1 X39.235 Y128.915 F5400  ; DRAW LINE
G1 X34.926 Y133.773 F5400  ; DRAW LINE
G1 X35.150 Y135.423 F5400  ; DRAW LINE
G1 X31.920 Y137.370 F5400  ; DRAW LINE
G1 X31.730 Y139.983 F5400  ; DRAW LINE
G1 X28.405 Y142.738 F5400  ; DRAW LINE
G1 X26.885 Y146.680 F5400  ; DRAW LINE
G1 X24.035 Y147.678 F5400  ; DRAW LINE
G1 X22.468 Y152.000 F5400  ; DRAW LINE
G1 X17.806 Y154.255 F5400  ; DRAW LINE
G1 X16.720 Y159.505 F5400  ; DRAW LINE
G1 X13.395 Y161.072 F5400  ; DRAW LINE
G1 X11.875 Y166.725 F5400  ; DRAW LINE
G1 X16.672 Y165.775 F5400  ; DRAW LINE
G1 X19.332 Y167.200 F5400  ; DRAW LINE
G0 Z5.00               ; PEN UP

G0 X19.760 Y166.915   ; RAPID TO START
G1 Z0.00 F500    ; PEN DOWN
G4 P100           ; DWELL
G1 X17.290 Y165.680 F5400  ; DRAW LINE
G1 X20.995 Y165.775 F5400  ; DRAW LINE
G1 X20.995 Y162.830 F5400  ; DRAW LINE
G1 X16.154 Y160.976 F5400  ; DRAW LINE
G1 X13.300 Y164.730 F5400  ; DRAW LINE
G1 X13.965 Y160.835 F5400  ; DRAW LINE
G1 X17.355 Y159.953 F5400  ; DRAW LINE
G1 X21.185 Y161.595 F5400  ; DRAW LINE
G1 X22.295 Y165.372 F5400  ; DRAW LINE
G1 X19.760 Y166.915 F5400  ; DRAW LINE
G0 Z5.00               ; PEN UP

G0 X12.540 Y166.250   ; RAPID TO START
G1 Z0.00 F500    ; PEN DOWN
G4 P100           ; DWELL
G1 X17.575 Y161.215 F5400  ; DRAW LINE
G1 X12.540 Y166.250 F5400  ; DRAW LINE
G0 Z5.00               ; PEN UP

G0 X122.265 Y165.775   ; RAPID TO START
G1 Z0.00 F500    ; PEN DOWN
G4 P100           ; DWELL
G1 X122.265 Y165.775 F5400  ; DRAW LINE
G0 Z5.00               ; PEN UP

G0 X14.440 Y165.680   ; RAPID TO START
G1 Z0.00 F500    ; PEN DOWN
G4 P100           ; DWELL
G1 X16.625 Y162.355 F5400  ; DRAW LINE
G1 X19.110 Y161.679 F5400  ; DRAW LINE
G1 X14.440 Y165.680 F5400  ; DRAW LINE
G0 Z5.00               ; PEN UP

G0 X19.760 Y165.680   ; RAPID TO START
G1 Z0.00 F500    ; PEN DOWN
G4 P100           ; DWELL
G1 X18.715 Y165.205 F5400  ; DRAW LINE
G1 X20.235 Y162.640 F5400  ; DRAW LINE
G1 X21.185 Y164.673 F5400  ; DRAW LINE
G1 X19.760 Y165.680 F5400  ; DRAW LINE
G0 Z5.00               ; PEN UP

G0 X18.050 Y165.490   ; RAPID TO START
G1 Z0.00 F500    ; PEN DOWN
G4 P100           ; DWELL
G1 X16.340 Y164.920 F5400  ; DRAW LINE
G1 X19.475 Y161.975 F5400  ; DRAW LINE
G1 X18.050 Y165.490 F5400  ; DRAW LINE
G0 Z5.00               ; PEN UP

G0 X122.740 Y165.490   ; RAPID TO START
G1 Z0.00 F500    ; PEN DOWN
G4 P100           ; DWELL
G1 X119.795 Y163.020 F5400  ; DRAW LINE
G1 X122.740 Y165.490 F5400  ; DRAW LINE
G0 Z5.00               ; PEN UP

G0 X120.840 Y165.015   ; RAPID TO START
G1 Z0.00 F500    ; PEN DOWN
G4 P100           ; DWELL
G1 X120.840 Y165.015 F5400  ; DRAW LINE
G0 Z5.00               ; PEN UP

G0 X120.840 Y163.305   ; RAPID TO START
G1 Z0.00 F500    ; PEN DOWN
G4 P100           ; DWELL
G1 X119.248 Y159.980 F5400  ; DRAW LINE
G1 X120.840 Y163.305 F5400  ; DRAW LINE
G0 Z5.00               ; PEN UP

G0 X120.080 Y163.115   ; RAPID TO START
G1 Z0.00 F500    ; PEN DOWN
G4 P100           ; DWELL
G1 X120.080 Y163.115 F5400  ; DRAW LINE
G0 Z5.00               ; PEN UP

G0 X119.985 Y162.450   ; RAPID TO START
G1 Z0.00 F500    ; PEN DOWN
G4 P100           ; DWELL
G1 X119.985 Y162.450 F5400  ; DRAW LINE
G0 Z5.00               ; PEN UP

G0 X20.520 Y160.835   ; RAPID TO START
G1 Z0.00 F500    ; PEN DOWN
G4 P100           ; DWELL
G1 X21.945 Y157.700 F5400  ; DRAW LINE
G1 X19.190 Y160.075 F5400  ; DRAW LINE
G1 X25.175 Y151.335 F5400  ; DRAW LINE
G1 X20.706 Y158.266 F5400  ; DRAW LINE
G1 X18.525 Y159.980 F5400  ; DRAW LINE
G1 X22.515 Y155.040 F5400  ; DRAW LINE
G1 X17.480 Y159.600 F5400  ; DRAW LINE
G1 X26.220 Y148.200 F5400  ; DRAW LINE
G1 X26.634 Y151.065 F5400  ; DRAW LINE
G1 X20.520 Y160.835 F5400  ; DRAW LINE
G0 Z5.00               ; PEN UP

G0 X120.080 Y160.645   ; RAPID TO START
G1 Z0.00 F500    ; PEN DOWN
G4 P100           ; DWELL
G1 X120.080 Y160.645 F5400  ; DRAW LINE
G0 Z5.00               ; PEN UP

G0 X120.270 Y159.980   ; RAPID TO START
G1 Z0.00 F500    ; PEN DOWN
G4 P100           ; DWELL
G1 X119.035 Y159.410 F5400  ; DRAW LINE
G1 X120.270 Y159.980 F5400  ; DRAW LINE
G0 Z5.00               ; PEN UP

G0 X92.625 Y159.695   ; RAPID TO START
G1 Z0.00 F500    ; PEN DOWN
G4 P100           ; DWELL
G1 X87.400 Y157.225 F5400  ; DRAW LINE
G1 X91.804 Y156.860 F5400  ; DRAW LINE
G1 X93.290 Y157.890 F5400  ; DRAW LINE
G1 X92.625 Y159.695 F5400  ; DRAW LINE
G0 Z5.00               ; PEN UP

G0 X93.860 Y159.695   ; RAPID TO START
G1 Z0.00 F500    ; PEN DOWN
G4 P100           ; DWELL
G1 X94.799 Y156.894 F5400  ; DRAW LINE
G1 X99.560 Y156.560 F5400  ; DRAW LINE
G1 X97.804 Y158.703 F5400  ; DRAW LINE
G1 X93.860 Y159.695 F5400  ; DRAW LINE
G0 Z5.00               ; PEN UP

G0 X17.100 Y159.505   ; RAPID TO START
G1 Z0.00 F500    ; PEN DOWN
G4 P100           ; DWELL
G1 X17.765 Y154.850 F5400  ; DRAW LINE
G1 X21.755 Y153.045 F5400  ; DRAW LINE
G1 X17.955 Y158.365 F5400  ; DRAW LINE
G1 X18.905 Y154.945 F5400  ; DRAW LINE
G1 X17.575 Y155.895 F5400  ; DRAW LINE
G1 X17.100 Y159.505 F5400  ; DRAW LINE
G0 Z5.00               ; PEN UP

G0 X119.985 Y159.410   ; RAPID TO START
G1 Z0.00 F500    ; PEN DOWN
G4 P100           ; DWELL
G1 X119.985 Y159.410 F5400  ; DRAW LINE
G0 Z5.00               ; PEN UP

G0 X119.700 Y159.315   ; RAPID TO START
G1 Z0.00 F500    ; PEN DOWN
G4 P100           ; DWELL
G1 X119.700 Y159.315 F5400  ; DRAW LINE
G0 Z5.00               ; PEN UP

G0 X119.225 Y159.220   ; RAPID TO START
G1 Z0.00 F500    ; PEN DOWN
G4 P100           ; DWELL
G1 X119.225 Y159.220 F5400  ; DRAW LINE
G0 Z5.00               ; PEN UP

G0 X118.845 Y158.460   ; RAPID TO START
G1 Z0.00 F500    ; PEN DOWN
G4 P100           ; DWELL
G1 X118.845 Y158.460 F5400  ; DRAW LINE
G0 Z5.00               ; PEN UP

G0 X118.940 Y157.700   ; RAPID TO START
G1 Z0.00 F500    ; PEN DOWN
G4 P100           ; DWELL
G1 X118.583 Y156.245 F5400  ; DRAW LINE
G1 X118.940 Y157.700 F5400  ; DRAW LINE
G0 Z5.00               ; PEN UP

G0 X18.525 Y157.605   ; RAPID TO START
G1 Z0.00 F500    ; PEN DOWN
G4 P100           ; DWELL
G1 X20.520 Y154.660 F5400  ; DRAW LINE
G1 X18.525 Y157.605 F5400  ; DRAW LINE
G0 Z5.00               ; PEN UP

G0 X87.115 Y157.605   ; RAPID TO START
G1 Z0.00 F500    ; PEN DOWN
G4 P100           ; DWELL
G1 X84.645 Y154.850 F5400  ; DRAW LINE
G1 X87.115 Y157.605 F5400  ; DRAW LINE
G0 Z5.00               ; PEN UP

G0 X93.195 Y157.510   ; RAPID TO START
G1 Z0.00 F500    ; PEN DOWN
G4 P100           ; DWELL
G1 X87.586 Y156.807 F5400  ; DRAW LINE
G1 X87.875 Y153.425 F5400  ; DRAW LINE
G1 X92.435 Y153.425 F5400  ; DRAW LINE
G1 X93.195 Y157.510 F5400  ; DRAW LINE
G0 Z5.00               ; PEN UP

G0 X93.480 Y157.510   ; RAPID TO START
G1 Z0.00 F500    ; PEN DOWN
G4 P100           ; DWELL
G1 X93.860 Y153.193 F5400  ; DRAW LINE
G1 X98.325 Y152.570 F5400  ; DRAW LINE
G1 X99.370 Y156.275 F5400  ; DRAW LINE
G1 X93.480 Y157.510 F5400  ; DRAW LINE
G0 Z5.00               ; PEN UP

G0 X100.130 Y157.130   ; RAPID TO START
G1 Z0.00 F500    ; PEN DOWN
G4 P100           ; DWELL
G1 X102.410 Y153.995 F5400  ; DRAW LINE
G1 X100.130 Y157.130 F5400  ; DRAW LINE
G0 Z5.00               ; PEN UP

G0 X117.800 Y156.560   ; RAPID TO START
G1 Z0.00 F500    ; PEN DOWN
G4 P100           ; DWELL
G1 X118.560 Y155.705 F5400  ; DRAW LINE
G1 X117.800 Y156.560 F5400  ; DRAW LINE
G0 Z5.00               ; PEN UP

G0 X87.210 Y156.370   ; RAPID TO START
G1 Z0.00 F500    ; PEN DOWN
G4 P100           ; DWELL
G1 X84.455 Y154.470 F5400  ; DRAW LINE
G1 X83.980 Y151.525 F5400  ; DRAW LINE
G1 X87.305 Y152.650 F5400  ; DRAW LINE
G1 X87.210 Y156.370 F5400  ; DRAW LINE
G0 Z5.00               ; PEN UP

G0 X99.750 Y155.990   ; RAPID TO START
G1 Z0.00 F500    ; PEN DOWN
G4 P100           ; DWELL
G1 X98.990 Y151.810 F5400  ; DRAW LINE
G1 X102.402 Y150.887 F5400  ; DRAW LINE
G1 X102.695 Y153.615 F5400  ; DRAW LINE
G1 X99.750 Y155.990 F5400  ; DRAW LINE
G0 Z5.00               ; PEN UP

G0 X117.610 Y155.610   ; RAPID TO START
G1 Z0.00 F500    ; PEN DOWN
G4 P100           ; DWELL
G1 X118.275 Y154.565 F5400  ; DRAW LINE
G1 X117.610 Y155.610 F5400  ; DRAW LINE
G0 Z5.00               ; PEN UP

G0 X118.275 Y155.420   ; RAPID TO START
G1 Z0.00 F500    ; PEN DOWN
G4 P100           ; DWELL
G1 X118.275 Y155.420 F5400  ; DRAW LINE
G0 Z5.00               ; PEN UP

G0 X24.985 Y154.185   ; RAPID TO START
G1 Z0.00 F500    ; PEN DOWN
G4 P100           ; DWELL
G1 X27.265 Y152.475 F5400  ; DRAW LINE
G1 X27.455 Y151.050 F5400  ; DRAW LINE
G1 X25.255 Y153.554 F5400  ; DRAW LINE
G1 X26.813 Y152.270 F5400  ; DRAW LINE
G1 X27.170 Y148.485 F5400  ; DRAW LINE
G1 X27.497 Y152.764 F5400  ; DRAW LINE
G1 X24.985 Y154.185 F5400  ; DRAW LINE
G0 Z5.00               ; PEN UP

G0 X117.420 Y154.185   ; RAPID TO START
G1 Z0.00 F500    ; PEN DOWN
G4 P100           ; DWELL
G1 X117.420 Y154.185 F5400  ; DRAW LINE
G0 Z5.00               ; PEN UP

G0 X92.815 Y153.520   ; RAPID TO START
G1 Z0.00 F500    ; PEN DOWN
G4 P100           ; DWELL
G1 X87.970 Y153.045 F5400  ; DRAW LINE
G1 X88.350 Y149.530 F5400  ; DRAW LINE
G1 X92.340 Y149.625 F5400  ; DRAW LINE
G1 X92.815 Y153.520 F5400  ; DRAW LINE
G0 Z5.00               ; PEN UP

G0 X93.195 Y153.520   ; RAPID TO START
G1 Z0.00 F500    ; PEN DOWN
G4 P100           ; DWELL
G1 X93.290 Y149.625 F5400  ; DRAW LINE
G1 X97.280 Y149.245 F5400  ; DRAW LINE
G1 X98.230 Y152.285 F5400  ; DRAW LINE
G1 X93.195 Y153.520 F5400  ; DRAW LINE
G0 Z5.00               ; PEN UP

G0 X117.515 Y153.330   ; RAPID TO START
G1 Z0.00 F500    ; PEN DOWN
G4 P100           ; DWELL
G1 X117.515 Y153.330 F5400  ; DRAW LINE
G0 Z5.00               ; PEN UP

G0 X19.570 Y153.235   ; RAPID TO START
G1 Z0.00 F500    ; PEN DOWN
G4 P100           ; DWELL
G1 X22.245 Y152.346 F5400  ; DRAW LINE
G1 X19.570 Y153.235 F5400  ; DRAW LINE
G0 Z5.00               ; PEN UP

G0 X21.375 Y152.855   ; RAPID TO START
G1 Z0.00 F500    ; PEN DOWN
G4 P100           ; DWELL
G1 X21.375 Y152.855 F5400  ; DRAW LINE
G0 Z5.00               ; PEN UP

G0 X87.495 Y152.760   ; RAPID TO START
G1 Z0.00 F500    ; PEN DOWN
G4 P100           ; DWELL
G1 X84.170 Y151.145 F5400  ; DRAW LINE
G1 X85.595 Y148.200 F5400  ; DRAW LINE
G1 X88.160 Y149.435 F5400  ; DRAW LINE
G1 X87.495 Y152.760 F5400  ; DRAW LINE
G0 Z5.00               ; PEN UP

G0 X26.125 Y152.665   ; RAPID TO START
G1 Z0.00 F500    ; PEN DOWN
G4 P100           ; DWELL
G1 X26.125 Y152.665 F5400  ; DRAW LINE
G0 Z5.00               ; PEN UP

G0 X116.945 Y152.665   ; RAPID TO START
G1 Z0.00 F500    ; PEN DOWN
G4 P100           ; DWELL
G1 X116.945 Y152.665 F5400  ; DRAW LINE
G0 Z5.00               ; PEN UP

G0 X26.315 Y152.380   ; RAPID TO START
G1 Z0.00 F500    ; PEN DOWN
G4 P100           ; DWELL
G1 X26.315 Y152.380 F5400  ; DRAW LINE
G0 Z5.00               ; PEN UP

G0 X83.410 Y152.285   ; RAPID TO START
G1 Z0.00 F500    ; PEN DOWN
G4 P100           ; DWELL
G1 X82.532 Y148.865 F5400  ; DRAW LINE
G1 X83.410 Y152.285 F5400  ; DRAW LINE
G0 Z5.00               ; PEN UP

G0 X117.135 Y152.190   ; RAPID TO START
G1 Z0.00 F500    ; PEN DOWN
G4 P100           ; DWELL
G1 X117.135 Y152.190 F5400  ; DRAW LINE
G0 Z5.00               ; PEN UP

G0 X98.420 Y152.095   ; RAPID TO START
G1 Z0.00 F500    ; PEN DOWN
G4 P100           ; DWELL
G1 X98.135 Y148.105 F5400  ; DRAW LINE
G1 X101.175 Y147.915 F5400  ; DRAW LINE
G1 X102.410 Y150.670 F5400  ; DRAW LINE
G1 X98.420 Y152.095 F5400  ; DRAW LINE
G0 Z5.00               ; PEN UP

G0 X116.755 Y152.000   ; RAPID TO START
G1 Z0.00 F500    ; PEN DOWN
G4 P100           ; DWELL
G1 X116.375 Y150.670 F5400  ; DRAW LINE
G1 X116.755 Y152.000 F5400  ; DRAW LINE
G0 Z5.00               ; PEN UP

G0 X103.075 Y151.430   ; RAPID TO START
G1 Z0.00 F500    ; PEN DOWN
G4 P100           ; DWELL
G1 X103.455 Y150.005 F5400  ; DRAW LINE
G1 X103.075 Y151.430 F5400  ; DRAW LINE
G0 Z5.00               ; PEN UP

G0 X83.885 Y150.670   ; RAPID TO START
G1 Z0.00 F500    ; PEN DOWN
G4 P100           ; DWELL
G1 X82.650 Y148.485 F5400  ; DRAW LINE
G1 X83.885 Y146.205 F5400  ; DRAW LINE
G1 X83.885 Y150.670 F5400  ; DRAW LINE
G0 Z5.00               ; PEN UP

G0 X102.790 Y150.480   ; RAPID TO START
G1 Z0.00 F500    ; PEN DOWN
G4 P100           ; DWELL
G1 X101.350 Y146.741 F5400  ; DRAW LINE
G1 X103.265 Y145.065 F5400  ; DRAW LINE
G1 X102.790 Y150.480 F5400  ; DRAW LINE
G0 Z5.00               ; PEN UP

G0 X24.225 Y149.910   ; RAPID TO START
G1 Z0.00 F500    ; PEN DOWN
G4 P100           ; DWELL
G1 X25.069 Y147.242 F5400  ; DRAW LINE
G1 X28.975 Y148.010 F5400  ; DRAW LINE
G1 X26.885 Y147.725 F5400  ; DRAW LINE
G1 X28.500 Y149.150 F5400  ; DRAW LINE
G1 X25.365 Y148.010 F5400  ; DRAW LINE
G1 X24.225 Y149.910 F5400  ; DRAW LINE
G0 Z5.00               ; PEN UP

G0 X115.995 Y149.720   ; RAPID TO START
G1 Z0.00 F500    ; PEN DOWN
G4 P100           ; DWELL
G1 X115.995 Y149.720 F5400  ; DRAW LINE
G0 Z5.00               ; PEN UP

G0 X92.625 Y149.625   ; RAPID TO START
G1 Z0.00 F500    ; PEN DOWN
G4 P100           ; DWELL
G1 X88.445 Y149.150 F5400  ; DRAW LINE
G1 X88.920 Y145.920 F5400  ; DRAW LINE
G1 X91.960 Y145.730 F5400  ; DRAW LINE
G1 X92.625 Y149.625 F5400  ; DRAW LINE
G0 Z5.00               ; PEN UP

G0 X93.100 Y149.625   ; RAPID TO START
G1 Z0.00 F500    ; PEN DOWN
G4 P100           ; DWELL
G1 X92.720 Y146.205 F5400  ; DRAW LINE
G1 X96.140 Y145.635 F5400  ; DRAW LINE
G1 X97.185 Y148.960 F5400  ; DRAW LINE
G1 X93.100 Y149.625 F5400  ; DRAW LINE
G0 Z5.00               ; PEN UP

G0 X27.645 Y149.245   ; RAPID TO START
G1 Z0.00 F500    ; PEN DOWN
G4 P100           ; DWELL
G1 X27.645 Y149.245 F5400  ; DRAW LINE
G0 Z5.00               ; PEN UP

G0 X24.700 Y149.150   ; RAPID TO START
G1 Z0.00 F500    ; PEN DOWN
G4 P100           ; DWELL
G1 X25.365 Y148.390 F5400  ; DRAW LINE
G1 X24.700 Y149.150 F5400  ; DRAW LINE
G0 Z5.00               ; PEN UP

G0 X88.160 Y149.055   ; RAPID TO START
G1 Z0.00 F500    ; PEN DOWN
G4 P100           ; DWELL
G1 X85.215 Y148.105 F5400  ; DRAW LINE
G1 X86.830 Y144.875 F5400  ; DRAW LINE
G1 X88.730 Y146.015 F5400  ; DRAW LINE
G1 X88.160 Y149.055 F5400  ; DRAW LINE
G0 Z5.00               ; PEN UP

G0 X97.565 Y148.770   ; RAPID TO START
G1 Z0.00 F500    ; PEN DOWN
G4 P100           ; DWELL
G1 X96.425 Y145.730 F5400  ; DRAW LINE
G1 X98.420 Y144.305 F5400  ; DRAW LINE
G1 X100.890 Y147.630 F5400  ; DRAW LINE
G1 X97.565 Y148.770 F5400  ; DRAW LINE
G0 Z5.00               ; PEN UP

G0 X115.900 Y148.485   ; RAPID TO START
G1 Z0.00 F500    ; PEN DOWN
G4 P100           ; DWELL
G1 X115.900 Y148.485 F5400  ; DRAW LINE
G0 Z5.00               ; PEN UP

G0 X82.460 Y148.200   ; RAPID TO START
G1 Z0.00 F500    ; PEN DOWN
G4 P100           ; DWELL
G1 X82.460 Y148.200 F5400  ; DRAW LINE
G0 Z5.00               ; PEN UP

G0 X82.365 Y147.915   ; RAPID TO START
G1 Z0.00 F500    ; PEN DOWN
G4 P100           ; DWELL
G1 X81.985 Y144.970 F5400  ; DRAW LINE
G1 X82.365 Y147.915 F5400  ; DRAW LINE
G0 Z5.00               ; PEN UP

G0 X85.025 Y147.820   ; RAPID TO START
G1 Z0.00 F500    ; PEN DOWN
G4 P100           ; DWELL
G1 X83.885 Y145.825 F5400  ; DRAW LINE
G1 X85.310 Y143.640 F5400  ; DRAW LINE
G1 X85.025 Y147.820 F5400  ; DRAW LINE
G0 Z5.00               ; PEN UP

G0 X28.690 Y147.440   ; RAPID TO START
G1 Z0.00 F500    ; PEN DOWN
G4 P100           ; DWELL
G1 X30.685 Y144.400 F5400  ; DRAW LINE
G1 X28.690 Y147.440 F5400  ; DRAW LINE
G0 Z5.00               ; PEN UP

G0 X28.500 Y147.155   ; RAPID TO START
G1 Z0.00 F500    ; PEN DOWN
G4 P100           ; DWELL
G1 X29.830 Y143.830 F5400  ; DRAW LINE
G1 X28.500 Y147.155 F5400  ; DRAW LINE
G0 Z5.00               ; PEN UP

G0 X101.080 Y147.155   ; RAPID TO START
G1 Z0.00 F500    ; PEN DOWN
G4 P100           ; DWELL
G1 X99.845 Y143.640 F5400  ; DRAW LINE
G1 X101.840 Y145.255 F5400  ; DRAW LINE
G1 X101.080 Y147.155 F5400  ; DRAW LINE
G0 Z5.00               ; PEN UP

G0 X27.645 Y146.965   ; RAPID TO START
G1 Z0.00 F500    ; PEN DOWN
G4 P100           ; DWELL
G1 X29.640 Y143.640 F5400  ; DRAW LINE
G1 X27.645 Y146.965 F5400  ; DRAW LINE
G0 Z5.00               ; PEN UP

G0 X30.780 Y146.870   ; RAPID TO START
G1 Z0.00 F500    ; PEN DOWN
G4 P100           ; DWELL
G1 X30.780 Y146.870 F5400  ; DRAW LINE
G0 Z5.00               ; PEN UP

G0 X30.400 Y146.395   ; RAPID TO START
G1 Z0.00 F500    ; PEN DOWN
G4 P100           ; DWELL
G1 X31.289 Y144.993 F5400  ; DRAW LINE
G1 X29.640 Y142.975 F5400  ; DRAW LINE
G1 X31.730 Y144.970 F5400  ; DRAW LINE
G1 X30.400 Y146.395 F5400  ; DRAW LINE
G0 Z5.00               ; PEN UP

G0 X114.950 Y146.300   ; RAPID TO START
G1 Z0.00 F500    ; PEN DOWN
G4 P100           ; DWELL
G1 X114.950 Y146.300 F5400  ; DRAW LINE
G0 Z5.00               ; PEN UP

G0 X30.495 Y145.920   ; RAPID TO START
G1 Z0.00 F500    ; PEN DOWN
G4 P100           ; DWELL
G1 X30.875 Y144.970 F5400  ; DRAW LINE
G1 X30.495 Y145.920 F5400  ; DRAW LINE
G0 Z5.00               ; PEN UP

G0 X92.340 Y145.825   ; RAPID TO START
G1 Z0.00 F500    ; PEN DOWN
G4 P100           ; DWELL
G1 X89.015 Y145.540 F5400  ; DRAW LINE
G1 X89.490 Y142.785 F5400  ; DRAW LINE
G1 X91.960 Y142.690 F5400  ; DRAW LINE
G1 X92.340 Y145.825 F5400  ; DRAW LINE
G0 Z5.00               ; PEN UP

G0 X92.720 Y145.825   ; RAPID TO START
G1 Z0.00 F500    ; PEN DOWN
G4 P100           ; DWELL
G1 X92.530 Y142.880 F5400  ; DRAW LINE
G1 X94.799 Y142.272 F5400  ; DRAW LINE
G1 X96.045 Y145.350 F5400  ; DRAW LINE
G1 X92.720 Y145.825 F5400  ; DRAW LINE
G0 Z5.00               ; PEN UP

G0 X88.730 Y145.445   ; RAPID TO START
G1 Z0.00 F500    ; PEN DOWN
G4 P100           ; DWELL
G1 X86.450 Y144.780 F5400  ; DRAW LINE
G1 X87.780 Y142.025 F5400  ; DRAW LINE
G1 X89.300 Y142.595 F5400  ; DRAW LINE
G1 X88.730 Y145.445 F5400  ; DRAW LINE
G0 Z5.00               ; PEN UP

G0 X96.235 Y145.160   ; RAPID TO START
G1 Z0.00 F500    ; PEN DOWN
G4 P100           ; DWELL
G1 X95.380 Y142.215 F5400  ; DRAW LINE
G1 X97.139 Y141.573 F5400  ; DRAW LINE
G1 X99.180 Y144.305 F5400  ; DRAW LINE
G1 X96.235 Y145.160 F5400  ; DRAW LINE
G0 Z5.00               ; PEN UP

G0 X83.125 Y145.065   ; RAPID TO START
G1 Z0.00 F500    ; PEN DOWN
G4 P100           ; DWELL
G1 X83.786 Y138.312 F5400  ; DRAW LINE
G1 X87.518 Y135.960 F5400  ; DRAW LINE
G1 X88.920 Y137.370 F5400  ; DRAW LINE
G1 X83.125 Y145.065 F5400  ; DRAW LINE
G0 Z5.00               ; PEN UP

G0 X114.380 Y145.065   ; RAPID TO START
G1 Z0.00 F500    ; PEN DOWN
G4 P100           ; DWELL
G1 X114.380 Y145.065 F5400  ; DRAW LINE
G0 Z5.00               ; PEN UP

G0 X102.220 Y144.970   ; RAPID TO START
G1 Z0.00 F500    ; PEN DOWN
G4 P100           ; DWELL
G1 X102.220 Y142.310 F5400  ; DRAW LINE
G1 X103.265 Y144.590 F5400  ; DRAW LINE
G1 X102.220 Y144.970 F5400  ; DRAW LINE
G0 Z5.00               ; PEN UP

G0 X28.500 Y144.495   ; RAPID TO START
G1 Z0.00 F500    ; PEN DOWN
G4 P100           ; DWELL
G1 X28.975 Y142.485 F5400  ; DRAW LINE
G1 X33.725 Y140.600 F5400  ; DRAW LINE
G1 X33.250 Y142.405 F5400  ; DRAW LINE
G1 X30.115 Y142.595 F5400  ; DRAW LINE
G1 X28.500 Y144.495 F5400  ; DRAW LINE
G0 Z5.00               ; PEN UP

G0 X81.795 Y144.495   ; RAPID TO START
G1 Z0.00 F500    ; PEN DOWN
G4 P100           ; DWELL
G1 X81.890 Y139.840 F5400  ; DRAW LINE
G1 X81.795 Y144.495 F5400  ; DRAW LINE
G0 Z5.00               ; PEN UP

G0 X86.165 Y144.400   ; RAPID TO START
G1 Z0.00 F500    ; PEN DOWN
G4 P100           ; DWELL
G1 X86.830 Y141.550 F5400  ; DRAW LINE
G1 X86.165 Y144.400 F5400  ; DRAW LINE
G0 Z5.00               ; PEN UP

G0 X99.465 Y144.210   ; RAPID TO START
G1 Z0.00 F500    ; PEN DOWN
G4 P100           ; DWELL
G1 X98.135 Y141.835 F5400  ; DRAW LINE
G1 X99.465 Y144.210 F5400  ; DRAW LINE
G0 Z5.00               ; PEN UP

G0 X113.905 Y144.020   ; RAPID TO START
G1 Z0.00 F500    ; PEN DOWN
G4 P100           ; DWELL
G1 X113.905 Y144.020 F5400  ; DRAW LINE
G0 Z5.00               ; PEN UP

G0 X114.095 Y143.830   ; RAPID TO START
G1 Z0.00 F500    ; PEN DOWN
G4 P100           ; DWELL
G1 X113.582 Y141.664 F5400  ; DRAW LINE
G1 X114.095 Y143.830 F5400  ; DRAW LINE
G0 Z5.00               ; PEN UP

G0 X31.160 Y143.735   ; RAPID TO START
G1 Z0.00 F500    ; PEN DOWN
G4 P100           ; DWELL
G1 X31.160 Y143.735 F5400  ; DRAW LINE
G0 Z5.00               ; PEN UP

G0 X30.685 Y143.355   ; RAPID TO START
G1 Z0.00 F500    ; PEN DOWN
G4 P100           ; DWELL
G1 X30.685 Y143.355 F5400  ; DRAW LINE
G0 Z5.00               ; PEN UP

G0 X101.175 Y143.165   ; RAPID TO START
G1 Z0.00 F500    ; PEN DOWN
G4 P100           ; DWELL
G1 X94.525 Y137.180 F5400  ; DRAW LINE
G1 X95.190 Y135.660 F5400  ; DRAW LINE
G1 X97.356 Y134.805 F5400  ; DRAW LINE
G1 X99.161 Y135.941 F5400  ; DRAW LINE
G1 X101.175 Y143.165 F5400  ; DRAW LINE
G0 Z5.00               ; PEN UP

G0 X92.150 Y142.595   ; RAPID TO START
G1 Z0.00 F500    ; PEN DOWN
G4 P100           ; DWELL
G1 X89.585 Y142.405 F5400  ; DRAW LINE
G1 X90.155 Y139.935 F5400  ; DRAW LINE
G1 X91.865 Y139.840 F5400  ; DRAW LINE
G1 X92.150 Y142.595 F5400  ; DRAW LINE
G0 Z5.00               ; PEN UP

G0 X92.435 Y142.500   ; RAPID TO START
G1 Z0.00 F500    ; PEN DOWN
G4 P100           ; DWELL
G1 X92.435 Y139.840 F5400  ; DRAW LINE
G1 X93.887 Y139.646 F5400  ; DRAW LINE
G1 X94.905 Y142.120 F5400  ; DRAW LINE
G1 X92.435 Y142.500 F5400  ; DRAW LINE
G0 Z5.00               ; PEN UP

G0 X102.885 Y142.500   ; RAPID TO START
G1 Z0.00 F500    ; PEN DOWN
G4 P100           ; DWELL
G1 X101.840 Y137.655 F5400  ; DRAW LINE
G1 X102.885 Y142.500 F5400  ; DRAW LINE
G0 Z5.00               ; PEN UP

G0 X80.940 Y142.310   ; RAPID TO START
G1 Z0.00 F500    ; PEN DOWN
G4 P100           ; DWELL
G1 X79.420 Y140.980 F5400  ; DRAW LINE
G1 X80.940 Y142.310 F5400  ; DRAW LINE
G0 Z5.00               ; PEN UP

G0 X89.300 Y142.215   ; RAPID TO START
G1 Z0.00 F500    ; PEN DOWN
G4 P100           ; DWELL
G1 X87.685 Y141.835 F5400  ; DRAW LINE
G1 X89.266 Y139.536 F5400  ; DRAW LINE
G1 X89.300 Y142.215 F5400  ; DRAW LINE
G0 Z5.00               ; PEN UP

G0 X95.285 Y142.025   ; RAPID TO START
G1 Z0.00 F500    ; PEN DOWN
G4 P100           ; DWELL
G1 X94.905 Y139.080 F5400  ; DRAW LINE
G1 X97.280 Y141.360 F5400  ; DRAW LINE
G1 X95.285 Y142.025 F5400  ; DRAW LINE
G0 Z5.00               ; PEN UP

G0 X31.160 Y141.835   ; RAPID TO START
G1 Z0.00 F500    ; PEN DOWN
G4 P100           ; DWELL
G1 X33.535 Y138.700 F5400  ; DRAW LINE
G1 X31.160 Y141.835 F5400  ; DRAW LINE
G0 Z5.00               ; PEN UP

G0 X32.015 Y141.740   ; RAPID TO START
G1 Z0.00 F500    ; PEN DOWN
G4 P100           ; DWELL
G1 X34.960 Y138.130 F5400  ; DRAW LINE
G1 X32.015 Y141.740 F5400  ; DRAW LINE
G0 Z5.00               ; PEN UP

G0 X81.035 Y141.645   ; RAPID TO START
G1 Z0.00 F500    ; PEN DOWN
G4 P100           ; DWELL
G1 X80.393 Y139.635 F5400  ; DRAW LINE
G1 X81.035 Y141.645 F5400  ; DRAW LINE
G0 Z5.00               ; PEN UP

G0 X87.400 Y141.645   ; RAPID TO START
G1 Z0.00 F500    ; PEN DOWN
G4 P100           ; DWELL
G1 X88.160 Y139.935 F5400  ; DRAW LINE
G1 X87.400 Y141.645 F5400  ; DRAW LINE
G0 Z5.00               ; PEN UP

G0 X78.755 Y141.550   ; RAPID TO START
G1 Z0.00 F500    ; PEN DOWN
G4 P100           ; DWELL
G1 X77.330 Y139.650 F5400  ; DRAW LINE
G1 X78.755 Y141.550 F5400  ; DRAW LINE
G0 Z5.00               ; PEN UP

G0 X113.335 Y141.265   ; RAPID TO START
G1 Z0.00 F500    ; PEN DOWN
G4 P100           ; DWELL
G1 X113.335 Y141.265 F5400  ; DRAW LINE
G0 Z5.00               ; PEN UP

G0 X113.810 Y141.075   ; RAPID TO START
G1 Z0.00 F500    ; PEN DOWN
G4 P100           ; DWELL
G1 X113.810 Y141.075 F5400  ; DRAW LINE
G0 Z5.00               ; PEN UP

G0 X32.585 Y140.695   ; RAPID TO START
G1 Z0.00 F500    ; PEN DOWN
G4 P100           ; DWELL
G1 X34.295 Y138.225 F5400  ; DRAW LINE
G1 X32.585 Y140.695 F5400  ; DRAW LINE
G0 Z5.00               ; PEN UP

G0 X79.230 Y140.505   ; RAPID TO START
G1 Z0.00 F500    ; PEN DOWN
G4 P100           ; DWELL
G1 X77.710 Y139.365 F5400  ; DRAW LINE
G1 X78.945 Y137.845 F5400  ; DRAW LINE
G1 X80.180 Y139.270 F5400  ; DRAW LINE
G1 X79.230 Y140.505 F5400  ; DRAW LINE
G0 Z5.00               ; PEN UP

G0 X76.475 Y140.315   ; RAPID TO START
G1 Z0.00 F500    ; PEN DOWN
G4 P100           ; DWELL
G1 X74.860 Y139.270 F5400  ; DRAW LINE
G1 X75.525 Y138.225 F5400  ; DRAW LINE
G1 X76.475 Y140.315 F5400  ; DRAW LINE
G0 Z5.00               ; PEN UP

G0 X81.225 Y140.125   ; RAPID TO START
G1 Z0.00 F500    ; PEN DOWN
G4 P100           ; DWELL
G1 X81.320 Y138.795 F5400  ; DRAW LINE
G1 X81.225 Y140.125 F5400  ; DRAW LINE
G0 Z5.00               ; PEN UP

G0 X82.270 Y140.030   ; RAPID TO START
G1 Z0.00 F500    ; PEN DOWN
G4 P100           ; DWELL
G1 X82.338 Y138.765 F5400  ; DRAW LINE
G1 X82.270 Y140.030 F5400  ; DRAW LINE
G0 Z5.00               ; PEN UP

G0 X113.145 Y139.935   ; RAPID TO START
G1 Z0.00 F500    ; PEN DOWN
G4 P100           ; DWELL
G1 X112.860 Y138.890 F5400  ; DRAW LINE
G1 X113.145 Y139.935 F5400  ; DRAW LINE
G0 Z5.00               ; PEN UP

G0 X91.960 Y139.745   ; RAPID TO START
G1 Z0.00 F500    ; PEN DOWN
G4 P100           ; DWELL
G1 X90.250 Y139.555 F5400  ; DRAW LINE
G1 X91.200 Y137.180 F5400  ; DRAW LINE
G1 X91.960 Y139.745 F5400  ; DRAW LINE
G0 Z5.00               ; PEN UP

G0 X32.015 Y139.650   ; RAPID TO START
G1 Z0.00 F500    ; PEN DOWN
G4 P100           ; DWELL
G1 X32.228 Y137.450 F5400  ; DRAW LINE
G1 X36.013 Y137.606 F5400  ; DRAW LINE
G1 X36.575 Y136.325 F5400  ; DRAW LINE
G1 X36.480 Y138.130 F5400  ; DRAW LINE
G1 X32.870 Y137.750 F5400  ; DRAW LINE
G1 X32.015 Y139.650 F5400  ; DRAW LINE
G0 Z5.00               ; PEN UP

G0 X92.245 Y139.650   ; RAPID TO START
G1 Z0.00 F500    ; PEN DOWN
G4 P100           ; DWELL
G1 X92.697 Y137.032 F5400  ; DRAW LINE
G1 X93.860 Y139.365 F5400  ; DRAW LINE
G1 X92.245 Y139.650 F5400  ; DRAW LINE
G0 Z5.00               ; PEN UP

G0 X89.870 Y139.555   ; RAPID TO START
G1 Z0.00 F500    ; PEN DOWN
G4 P100           ; DWELL
G1 X88.825 Y139.365 F5400  ; DRAW LINE
G1 X90.155 Y136.990 F5400  ; DRAW LINE
G1 X89.870 Y139.555 F5400  ; DRAW LINE
G0 Z5.00               ; PEN UP

G0 X94.240 Y139.365   ; RAPID TO START
G1 Z0.00 F500    ; PEN DOWN
G4 P100           ; DWELL
G1 X93.575 Y137.845 F5400  ; DRAW LINE
G1 X94.240 Y139.365 F5400  ; DRAW LINE
G0 Z5.00               ; PEN UP

G0 X77.330 Y139.270   ; RAPID TO START
G1 Z0.00 F500    ; PEN DOWN
G4 P100           ; DWELL
G1 X75.620 Y138.035 F5400  ; DRAW LINE
G1 X76.760 Y135.945 F5400  ; DRAW LINE
G1 X78.660 Y137.655 F5400  ; DRAW LINE
G1 X77.330 Y139.270 F5400  ; DRAW LINE
G0 Z5.00               ; PEN UP

G0 X80.370 Y139.080   ; RAPID TO START
G1 Z0.00 F500    ; PEN DOWN
G4 P100           ; DWELL
G1 X78.945 Y137.465 F5400  ; DRAW LINE
G1 X80.203 Y136.200 F5400  ; DRAW LINE
G1 X81.320 Y137.940 F5400  ; DRAW LINE
G1 X80.370 Y139.080 F5400  ; DRAW LINE
G0 Z5.00               ; PEN UP

G0 X74.480 Y138.890   ; RAPID TO START
G1 Z0.00 F500    ; PEN DOWN
G4 P100           ; DWELL
G1 X73.340 Y136.705 F5400  ; DRAW LINE
G1 X74.480 Y138.890 F5400  ; DRAW LINE
G0 Z5.00               ; PEN UP

G0 X32.965 Y138.795   ; RAPID TO START
G1 Z0.00 F500    ; PEN DOWN
G4 P100           ; DWELL
G1 X34.295 Y137.940 F5400  ; DRAW LINE
G1 X32.965 Y138.795 F5400  ; DRAW LINE
G0 Z5.00               ; PEN UP

G0 X35.150 Y138.795   ; RAPID TO START
G1 Z0.00 F500    ; PEN DOWN
G4 P100           ; DWELL
G1 X36.290 Y138.225 F5400  ; DRAW LINE
G1 X35.150 Y138.795 F5400  ; DRAW LINE
G0 Z5.00               ; PEN UP

G0 X82.175 Y138.605   ; RAPID TO START
G1 Z0.00 F500    ; PEN DOWN
G4 P100           ; DWELL
G1 X83.315 Y134.805 F5400  ; DRAW LINE
G1 X84.835 Y135.375 F5400  ; DRAW LINE
G1 X82.175 Y138.605 F5400  ; DRAW LINE
G0 Z5.00               ; PEN UP

G0 X81.985 Y138.225   ; RAPID TO START
G1 Z0.00 F500    ; PEN DOWN
G4 P100           ; DWELL
G1 X83.125 Y134.710 F5400  ; DRAW LINE
G1 X81.985 Y138.225 F5400  ; DRAW LINE
G0 Z5.00               ; PEN UP

G0 X101.365 Y137.940   ; RAPID TO START
G1 Z0.00 F500    ; PEN DOWN
G4 P100           ; DWELL
G1 X101.365 Y137.940 F5400  ; DRAW LINE
G0 Z5.00               ; PEN UP

G0 X75.240 Y137.845   ; RAPID TO START
G1 Z0.00 F500    ; PEN DOWN
G4 P100           ; DWELL
G1 X73.625 Y136.515 F5400  ; DRAW LINE
G1 X76.475 Y135.660 F5400  ; DRAW LINE
G1 X75.240 Y137.845 F5400  ; DRAW LINE
G0 Z5.00               ; PEN UP

G0 X81.320 Y137.655   ; RAPID TO START
G1 Z0.00 F500    ; PEN DOWN
G4 P100           ; DWELL
G1 X80.370 Y135.850 F5400  ; DRAW LINE
G1 X81.605 Y135.090 F5400  ; DRAW LINE
G1 X81.320 Y137.655 F5400  ; DRAW LINE
G0 Z5.00               ; PEN UP

G0 X35.435 Y137.370   ; RAPID TO START
G1 Z0.00 F500    ; PEN DOWN
G4 P100           ; DWELL
G1 X37.430 Y134.330 F5400  ; DRAW LINE
G1 X35.435 Y137.370 F5400  ; DRAW LINE
G0 Z5.00               ; PEN UP

G0 X93.195 Y137.370   ; RAPID TO START
G1 Z0.00 F500    ; PEN DOWN
G4 P100           ; DWELL
G1 X93.195 Y137.370 F5400  ; DRAW LINE
G0 Z5.00               ; PEN UP

G0 X78.660 Y137.275   ; RAPID TO START
G1 Z0.00 F500    ; PEN DOWN
G4 P100           ; DWELL
G1 X77.140 Y135.755 F5400  ; DRAW LINE
G1 X78.850 Y134.140 F5400  ; DRAW LINE
G1 X79.990 Y135.660 F5400  ; DRAW LINE
G1 X78.660 Y137.275 F5400  ; DRAW LINE
G0 Z5.00               ; PEN UP

G0 X68.875 Y137.180   ; RAPID TO START
G1 Z0.00 F500    ; PEN DOWN
G4 P100           ; DWELL
G1 X68.400 Y136.040 F5400  ; DRAW LINE
G1 X72.960 Y136.800 F5400  ; DRAW LINE
G1 X68.875 Y137.180 F5400  ; DRAW LINE
G0 Z5.00               ; PEN UP

G0 X90.820 Y137.085   ; RAPID TO START
G1 Z0.00 F500    ; PEN DOWN
G4 P100           ; DWELL
G1 X89.680 Y136.515 F5400  ; DRAW LINE
G1 X91.200 Y135.945 F5400  ; DRAW LINE
G1 X93.636 Y136.511 F5400  ; DRAW LINE
G1 X90.820 Y137.085 F5400  ; DRAW LINE
G0 Z5.00               ; PEN UP

G0 X67.355 Y136.990   ; RAPID TO START
G1 Z0.00 F500    ; PEN DOWN
G4 P100           ; DWELL
G1 X65.170 Y136.230 F5400  ; DRAW LINE
G1 X65.265 Y134.900 F5400  ; DRAW LINE
G1 X68.115 Y135.945 F5400  ; DRAW LINE
G1 X67.355 Y136.990 F5400  ; DRAW LINE
G0 Z5.00               ; PEN UP

G0 X100.985 Y136.990   ; RAPID TO START
G1 Z0.00 F500    ; PEN DOWN
G4 P100           ; DWELL
G1 X100.985 Y136.990 F5400  ; DRAW LINE
G0 Z5.00               ; PEN UP

G0 X101.460 Y136.705   ; RAPID TO START
G1 Z0.00 F500    ; PEN DOWN
G4 P100           ; DWELL
G1 X100.130 Y133.855 F5400  ; DRAW LINE
G1 X101.460 Y136.705 F5400  ; DRAW LINE
G0 Z5.00               ; PEN UP

G0 X34.580 Y136.610   ; RAPID TO START
G1 Z0.00 F500    ; PEN DOWN
G4 P100           ; DWELL
G1 X37.050 Y134.140 F5400  ; DRAW LINE
G1 X34.580 Y136.610 F5400  ; DRAW LINE
G0 Z5.00               ; PEN UP

G0 X112.005 Y136.610   ; RAPID TO START
G1 Z0.00 F500    ; PEN DOWN
G4 P100           ; DWELL
G1 X112.005 Y136.610 F5400  ; DRAW LINE
G0 Z5.00               ; PEN UP

G0 X72.390 Y136.515   ; RAPID TO START
G1 Z0.00 F500    ; PEN DOWN
G4 P100           ; DWELL
G1 X69.046 Y135.949 F5400  ; DRAW LINE
G1 X70.300 Y134.045 F5400  ; DRAW LINE
G1 X73.914 Y135.048 F5400  ; DRAW LINE
G1 X72.390 Y136.515 F5400  ; DRAW LINE
G0 Z5.00               ; PEN UP

G0 X89.775 Y136.325   ; RAPID TO START
G1 Z0.00 F500    ; PEN DOWN
G4 P100           ; DWELL
G1 X88.825 Y135.185 F5400  ; DRAW LINE
G1 X90.345 Y134.045 F5400  ; DRAW LINE
G1 X89.775 Y136.325 F5400  ; DRAW LINE
G0 Z5.00               ; PEN UP

G0 X64.790 Y136.230   ; RAPID TO START
G1 Z0.00 F500    ; PEN DOWN
G4 P100           ; DWELL
G1 X62.225 Y134.710 F5400  ; DRAW LINE
G1 X62.510 Y133.095 F5400  ; DRAW LINE
G1 X65.048 Y134.790 F5400  ; DRAW LINE
G1 X64.790 Y136.230 F5400  ; DRAW LINE
G0 Z5.00               ; PEN UP

G0 X93.480 Y136.230   ; RAPID TO START
G1 Z0.00 F500    ; PEN DOWN
G4 P100           ; DWELL
G1 X93.005 Y133.665 F5400  ; DRAW LINE
G1 X94.905 Y134.425 F5400  ; DRAW LINE
G1 X93.480 Y136.230 F5400  ; DRAW LINE
G0 Z5.00               ; PEN UP

G0 X112.005 Y136.230   ; RAPID TO START
G1 Z0.00 F500    ; PEN DOWN
G4 P100           ; DWELL
G1 X112.005 Y136.230 F5400  ; DRAW LINE
G0 Z5.00               ; PEN UP

G0 X91.580 Y135.945   ; RAPID TO START
G1 Z0.00 F500    ; PEN DOWN
G4 P100           ; DWELL
G1 X90.535 Y133.855 F5400  ; DRAW LINE
G1 X92.720 Y133.665 F5400  ; DRAW LINE
G1 X91.580 Y135.945 F5400  ; DRAW LINE
G0 Z5.00               ; PEN UP

G0 X111.530 Y135.945   ; RAPID TO START
G1 Z0.00 F500    ; PEN DOWN
G4 P100           ; DWELL
G1 X111.530 Y135.945 F5400  ; DRAW LINE
G0 Z5.00               ; PEN UP

G0 X68.020 Y135.755   ; RAPID TO START
G1 Z0.00 F500    ; PEN DOWN
G4 P100           ; DWELL
G1 X65.440 Y134.782 F5400  ; DRAW LINE
G1 X67.929 Y134.079 F5400  ; DRAW LINE
G1 X66.785 Y132.525 F5400  ; DRAW LINE
G1 X70.110 Y133.950 F5400  ; DRAW LINE
G1 X68.020 Y135.755 F5400  ; DRAW LINE
G0 Z5.00               ; PEN UP

G0 X74.195 Y135.755   ; RAPID TO START
G1 Z0.00 F500    ; PEN DOWN
G4 P100           ; DWELL
G1 X75.525 Y135.375 F5400  ; DRAW LINE
G1 X74.195 Y135.755 F5400  ; DRAW LINE
G0 Z5.00               ; PEN UP

G0 X88.920 Y135.755   ; RAPID TO START
G1 Z0.00 F500    ; PEN DOWN
G4 P100           ; DWELL
G1 X86.640 Y134.615 F5400  ; DRAW LINE
G1 X87.115 Y133.570 F5400  ; DRAW LINE
G1 X88.920 Y135.755 F5400  ; DRAW LINE
G0 Z5.00               ; PEN UP

G0 X80.275 Y135.660   ; RAPID TO START
G1 Z0.00 F500    ; PEN DOWN
G4 P100           ; DWELL
G1 X78.850 Y133.855 F5400  ; DRAW LINE
G1 X80.370 Y132.905 F5400  ; DRAW LINE
G1 X81.320 Y134.425 F5400  ; DRAW LINE
G1 X80.275 Y135.660 F5400  ; DRAW LINE
G0 Z5.00               ; PEN UP

G0 X76.855 Y135.565   ; RAPID TO START
G1 Z0.00 F500    ; PEN DOWN
G4 P100           ; DWELL
G1 X78.333 Y133.593 F5400  ; DRAW LINE
G1 X76.855 Y135.565 F5400  ; DRAW LINE
G0 Z5.00               ; PEN UP

G0 X100.130 Y135.565   ; RAPID TO START
G1 Z0.00 F500    ; PEN DOWN
G4 P100           ; DWELL
G1 X99.750 Y133.570 F5400  ; DRAW LINE
G1 X100.130 Y135.565 F5400  ; DRAW LINE
G0 Z5.00               ; PEN UP

G0 X101.935 Y135.375   ; RAPID TO START
G1 Z0.00 F500    ; PEN DOWN
G4 P100           ; DWELL
G1 X103.831 Y134.216 F5400  ; DRAW LINE
G1 X101.935 Y135.375 F5400  ; DRAW LINE
G0 Z5.00               ; PEN UP

G0 X107.825 Y135.375   ; RAPID TO START
G1 Z0.00 F500    ; PEN DOWN
G4 P100           ; DWELL
G1 X107.825 Y135.375 F5400  ; DRAW LINE
G0 Z5.00               ; PEN UP

G0 X108.300 Y135.375   ; RAPID TO START
G1 Z0.00 F500    ; PEN DOWN
G4 P100           ; DWELL
G1 X108.300 Y135.375 F5400  ; DRAW LINE
G0 Z5.00               ; PEN UP

G0 X75.715 Y135.280   ; RAPID TO START
G1 Z0.00 F500    ; PEN DOWN
G4 P100           ; DWELL
G1 X74.765 Y134.900 F5400  ; DRAW LINE
G1 X76.570 Y133.950 F5400  ; DRAW LINE
G1 X75.715 Y135.280 F5400  ; DRAW LINE
G0 Z5.00               ; PEN UP

G0 X81.890 Y135.280   ; RAPID TO START
G1 Z0.00 F500    ; PEN DOWN
G4 P100           ; DWELL
G1 X81.890 Y135.280 F5400  ; DRAW LINE
G0 Z5.00               ; PEN UP

G0 X85.120 Y135.280   ; RAPID TO START
G1 Z0.00 F500    ; PEN DOWN
G4 P100           ; DWELL
G1 X83.672 Y134.619 F5400  ; DRAW LINE
G1 X85.215 Y131.765 F5400  ; DRAW LINE
G1 X86.830 Y133.760 F5400  ; DRAW LINE
G1 X85.120 Y135.280 F5400  ; DRAW LINE
G0 Z5.00               ; PEN UP

G0 X101.555 Y135.185   ; RAPID TO START
G1 Z0.00 F500    ; PEN DOWN
G4 P100           ; DWELL
G1 X101.555 Y135.185 F5400  ; DRAW LINE
G0 Z5.00               ; PEN UP

G0 X35.245 Y135.090   ; RAPID TO START
G1 Z0.00 F500    ; PEN DOWN
G4 P100           ; DWELL
G1 X36.005 Y133.285 F5400  ; DRAW LINE
G1 X37.958 Y133.828 F5400  ; DRAW LINE
G1 X37.544 Y131.864 F5400  ; DRAW LINE
G1 X38.319 Y134.136 F5400  ; DRAW LINE
G1 X35.245 Y135.090 F5400  ; DRAW LINE
G0 Z5.00               ; PEN UP

G0 X104.025 Y135.090   ; RAPID TO START
G1 Z0.00 F500    ; PEN DOWN
G4 P100           ; DWELL
G1 X106.495 Y133.950 F5400  ; DRAW LINE
G1 X104.025 Y135.090 F5400  ; DRAW LINE
G0 Z5.00               ; PEN UP

G0 X106.495 Y135.090   ; RAPID TO START
G1 Z0.00 F500    ; PEN DOWN
G4 P100           ; DWELL
G1 X107.065 Y131.480 F5400  ; DRAW LINE
G1 X105.640 Y129.105 F5400  ; DRAW LINE
G1 X107.635 Y132.145 F5400  ; DRAW LINE
G1 X106.495 Y135.090 F5400  ; DRAW LINE
G0 Z5.00               ; PEN UP

G0 X111.815 Y134.995   ; RAPID TO START
G1 Z0.00 F500    ; PEN DOWN
G4 P100           ; DWELL
G1 X111.815 Y134.995 F5400  ; DRAW LINE
G0 Z5.00               ; PEN UP

G0 X73.815 Y134.900   ; RAPID TO START
G1 Z0.00 F500    ; PEN DOWN
G4 P100           ; DWELL
G1 X70.775 Y133.855 F5400  ; DRAW LINE
G1 X72.865 Y131.290 F5400  ; DRAW LINE
G1 X76.095 Y132.715 F5400  ; DRAW LINE
G1 X73.815 Y134.900 F5400  ; DRAW LINE
G0 Z5.00               ; PEN UP

G0 X88.635 Y134.900   ; RAPID TO START
G1 Z0.00 F500    ; PEN DOWN
G4 P100           ; DWELL
G1 X87.305 Y133.285 F5400  ; DRAW LINE
G1 X89.395 Y131.385 F5400  ; DRAW LINE
G1 X90.155 Y133.760 F5400  ; DRAW LINE
G1 X88.635 Y134.900 F5400  ; DRAW LINE
G0 Z5.00               ; PEN UP

G0 X107.920 Y134.805   ; RAPID TO START
G1 Z0.00 F500    ; PEN DOWN
G4 P100           ; DWELL
G1 X106.210 Y128.535 F5400  ; DRAW LINE
G1 X108.585 Y132.525 F5400  ; DRAW LINE
G1 X107.920 Y134.805 F5400  ; DRAW LINE
G0 Z5.00               ; PEN UP

G0 X108.395 Y134.805   ; RAPID TO START
G1 Z0.00 F500    ; PEN DOWN
G4 P100           ; DWELL
G1 X109.250 Y130.435 F5400  ; DRAW LINE
G1 X110.105 Y133.760 F5400  ; DRAW LINE
G1 X109.155 Y134.710 F5400  ; DRAW LINE
G1 X109.250 Y131.670 F5400  ; DRAW LINE
G1 X108.395 Y134.805 F5400  ; DRAW LINE
G0 Z5.00               ; PEN UP

G0 X62.035 Y134.615   ; RAPID TO START
G1 Z0.00 F500    ; PEN DOWN
G4 P100           ; DWELL
G1 X59.280 Y131.955 F5400  ; DRAW LINE
G1 X59.755 Y130.435 F5400  ; DRAW LINE
G1 X62.035 Y134.615 F5400  ; DRAW LINE
G0 Z5.00               ; PEN UP

G0 X64.980 Y134.520   ; RAPID TO START
G1 Z0.00 F500    ; PEN DOWN
G4 P100           ; DWELL
G1 X62.320 Y132.715 F5400  ; DRAW LINE
G1 X66.097 Y133.840 F5400  ; DRAW LINE
G1 X64.980 Y134.520 F5400  ; DRAW LINE
G0 Z5.00               ; PEN UP

G0 X81.605 Y134.520   ; RAPID TO START
G1 Z0.00 F500    ; PEN DOWN
G4 P100           ; DWELL
G1 X80.469 Y132.430 F5400  ; DRAW LINE
G1 X81.605 Y134.520 F5400  ; DRAW LINE
G0 Z5.00               ; PEN UP

G0 X82.935 Y134.425   ; RAPID TO START
G1 Z0.00 F500    ; PEN DOWN
G4 P100           ; DWELL
G1 X84.835 Y131.195 F5400  ; DRAW LINE
G1 X84.550 Y133.665 F5400  ; DRAW LINE
G1 X82.935 Y134.425 F5400  ; DRAW LINE
G0 Z5.00               ; PEN UP

G0 X110.010 Y134.425   ; RAPID TO START
G1 Z0.00 F500    ; PEN DOWN
G4 P100           ; DWELL
G1 X109.725 Y130.530 F5400  ; DRAW LINE
G1 X111.006 Y132.495 F5400  ; DRAW LINE
G1 X110.010 Y134.425 F5400  ; DRAW LINE
G0 Z5.00               ; PEN UP

G0 X94.335 Y134.235   ; RAPID TO START
G1 Z0.00 F500    ; PEN DOWN
G4 P100           ; DWELL
G1 X93.480 Y131.385 F5400  ; DRAW LINE
G1 X96.045 Y132.810 F5400  ; DRAW LINE
G1 X94.335 Y134.235 F5400  ; DRAW LINE
G0 Z5.00               ; PEN UP

G0 X101.270 Y134.235   ; RAPID TO START
G1 Z0.00 F500    ; PEN DOWN
G4 P100           ; DWELL
G1 X100.035 Y132.050 F5400  ; DRAW LINE
G1 X101.270 Y134.235 F5400  ; DRAW LINE
G0 Z5.00               ; PEN UP

G0 X95.570 Y134.140   ; RAPID TO START
G1 Z0.00 F500    ; PEN DOWN
G4 P100           ; DWELL
G1 X96.235 Y133.095 F5400  ; DRAW LINE
G1 X95.570 Y134.140 F5400  ; DRAW LINE
G0 Z5.00               ; PEN UP

G0 X98.515 Y134.140   ; RAPID TO START
G1 Z0.00 F500    ; PEN DOWN
G4 P100           ; DWELL
G1 X96.425 Y133.000 F5400  ; DRAW LINE
G1 X97.303 Y130.990 F5400  ; DRAW LINE
G1 X99.674 Y133.220 F5400  ; DRAW LINE
G1 X98.515 Y134.140 F5400  ; DRAW LINE
G0 Z5.00               ; PEN UP

G0 X101.840 Y134.140   ; RAPID TO START
G1 Z0.00 F500    ; PEN DOWN
G4 P100           ; DWELL
G1 X101.175 Y132.240 F5400  ; DRAW LINE
G1 X103.360 Y132.050 F5400  ; DRAW LINE
G1 X103.740 Y133.950 F5400  ; DRAW LINE
G1 X101.840 Y134.140 F5400  ; DRAW LINE
G0 Z5.00               ; PEN UP

G0 X82.460 Y133.950   ; RAPID TO START
G1 Z0.00 F500    ; PEN DOWN
G4 P100           ; DWELL
G1 X82.365 Y131.480 F5400  ; DRAW LINE
G1 X82.460 Y133.950 F5400  ; DRAW LINE
G0 Z5.00               ; PEN UP

G0 X91.200 Y133.855   ; RAPID TO START
G1 Z0.00 F500    ; PEN DOWN
G4 P100           ; DWELL
G1 X89.680 Y131.385 F5400  ; DRAW LINE
G1 X93.195 Y131.195 F5400  ; DRAW LINE
G1 X91.200 Y133.855 F5400  ; DRAW LINE
G0 Z5.00               ; PEN UP

G0 X104.120 Y133.855   ; RAPID TO START
G1 Z0.00 F500    ; PEN DOWN
G4 P100           ; DWELL
G1 X103.645 Y132.050 F5400  ; DRAW LINE
G1 X106.020 Y131.765 F5400  ; DRAW LINE
G1 X106.400 Y133.665 F5400  ; DRAW LINE
G1 X104.120 Y133.855 F5400  ; DRAW LINE
G0 Z5.00               ; PEN UP

G0 X70.110 Y133.760   ; RAPID TO START
G1 Z0.00 F500    ; PEN DOWN
G4 P100           ; DWELL
G1 X67.237 Y132.434 F5400  ; DRAW LINE
G1 X70.205 Y129.770 F5400  ; DRAW LINE
G1 X72.675 Y131.765 F5400  ; DRAW LINE
G1 X70.110 Y133.760 F5400  ; DRAW LINE
G0 Z5.00               ; PEN UP

G0 X110.960 Y133.760   ; RAPID TO START
G1 Z0.00 F500    ; PEN DOWN
G4 P100           ; DWELL
G1 X111.815 Y131.385 F5400  ; DRAW LINE
G1 X112.290 Y133.095 F5400  ; DRAW LINE
G1 X110.960 Y133.760 F5400  ; DRAW LINE
G0 Z5.00               ; PEN UP

G0 X78.565 Y133.665   ; RAPID TO START
G1 Z0.00 F500    ; PEN DOWN
G4 P100           ; DWELL
G1 X79.705 Y131.860 F5400  ; DRAW LINE
G1 X78.565 Y133.665 F5400  ; DRAW LINE
G0 Z5.00               ; PEN UP

G0 X66.310 Y133.570   ; RAPID TO START
G1 Z0.00 F500    ; PEN DOWN
G4 P100           ; DWELL
G1 X63.270 Y131.765 F5400  ; DRAW LINE
G1 X63.650 Y129.960 F5400  ; DRAW LINE
G1 X66.310 Y133.570 F5400  ; DRAW LINE
G0 Z5.00               ; PEN UP

G0 X37.335 Y133.475   ; RAPID TO START
G1 Z0.00 F500    ; PEN DOWN
G4 P100           ; DWELL
G1 X37.335 Y133.475 F5400  ; DRAW LINE
G0 Z5.00               ; PEN UP

G0 X76.190 Y133.475   ; RAPID TO START
G1 Z0.00 F500    ; PEN DOWN
G4 P100           ; DWELL
G1 X77.330 Y133.190 F5400  ; DRAW LINE
G1 X76.190 Y133.475 F5400  ; DRAW LINE
G0 Z5.00               ; PEN UP

G0 X37.145 Y133.190   ; RAPID TO START
G1 Z0.00 F500    ; PEN DOWN
G4 P100           ; DWELL
G1 X37.145 Y133.190 F5400  ; DRAW LINE
G0 Z5.00               ; PEN UP

G0 X77.710 Y133.095   ; RAPID TO START
G1 Z0.00 F500    ; PEN DOWN
G4 P100           ; DWELL
G1 X76.570 Y132.525 F5400  ; DRAW LINE
G1 X77.615 Y131.670 F5400  ; DRAW LINE
G1 X73.245 Y131.100 F5400  ; DRAW LINE
G1 X75.810 Y127.680 F5400  ; DRAW LINE
G1 X78.185 Y129.770 F5400  ; DRAW LINE
G1 X77.805 Y131.575 F5400  ; DRAW LINE
G1 X78.280 Y130.245 F5400  ; DRAW LINE
G1 X79.230 Y131.100 F5400  ; DRAW LINE
G1 X77.710 Y133.095 F5400  ; DRAW LINE
G0 Z5.00               ; PEN UP

G0 X87.020 Y133.095   ; RAPID TO START
G1 Z0.00 F500    ; PEN DOWN
G4 P100           ; DWELL
G1 X85.500 Y131.480 F5400  ; DRAW LINE
G1 X88.255 Y128.250 F5400  ; DRAW LINE
G1 X89.110 Y131.480 F5400  ; DRAW LINE
G1 X87.020 Y133.095 F5400  ; DRAW LINE
G0 Z5.00               ; PEN UP

G0 X112.480 Y133.095   ; RAPID TO START
G1 Z0.00 F500    ; PEN DOWN
G4 P100           ; DWELL
G1 X112.195 Y131.290 F5400  ; DRAW LINE
G1 X112.480 Y133.095 F5400  ; DRAW LINE
G0 Z5.00               ; PEN UP

G0 X99.370 Y133.000   ; RAPID TO START
G1 Z0.00 F500    ; PEN DOWN
G4 P100           ; DWELL
G1 X97.660 Y130.245 F5400  ; DRAW LINE
G1 X99.370 Y133.000 F5400  ; DRAW LINE
G0 Z5.00               ; PEN UP

G0 X38.285 Y132.905   ; RAPID TO START
G1 Z0.00 F500    ; PEN DOWN
G4 P100           ; DWELL
G1 X39.045 Y131.195 F5400  ; DRAW LINE
G1 X38.285 Y132.905 F5400  ; DRAW LINE
G0 Z5.00               ; PEN UP

G0 X113.240 Y132.905   ; RAPID TO START
G1 Z0.00 F500    ; PEN DOWN
G4 P100           ; DWELL
G1 X113.240 Y132.905 F5400  ; DRAW LINE
G0 Z5.00               ; PEN UP

G0 X37.050 Y132.810   ; RAPID TO START
G1 Z0.00 F500    ; PEN DOWN
G4 P100           ; DWELL
G1 X37.050 Y132.810 F5400  ; DRAW LINE
G0 Z5.00               ; PEN UP

G0 X39.140 Y132.810   ; RAPID TO START
G1 Z0.00 F500    ; PEN DOWN
G4 P100           ; DWELL
G1 X38.593 Y130.188 F5400  ; DRAW LINE
G1 X39.140 Y132.810 F5400  ; DRAW LINE
G0 Z5.00               ; PEN UP

G0 X113.905 Y132.715   ; RAPID TO START
G1 Z0.00 F500    ; PEN DOWN
G4 P100           ; DWELL
G1 X113.050 Y131.195 F5400  ; DRAW LINE
G1 X113.905 Y132.715 F5400  ; DRAW LINE
G0 Z5.00               ; PEN UP

G0 X95.570 Y132.620   ; RAPID TO START
G1 Z0.00 F500    ; PEN DOWN
G4 P100           ; DWELL
G1 X93.579 Y131.176 F5400  ; DRAW LINE
G1 X93.860 Y128.060 F5400  ; DRAW LINE
G1 X97.280 Y130.530 F5400  ; DRAW LINE
G1 X95.570 Y132.620 F5400  ; DRAW LINE
G0 Z5.00               ; PEN UP

G0 X62.035 Y132.525   ; RAPID TO START
G1 Z0.00 F500    ; PEN DOWN
G4 P100           ; DWELL
G1 X59.755 Y130.055 F5400  ; DRAW LINE
G1 X60.800 Y129.675 F5400  ; DRAW LINE
G1 X62.035 Y132.525 F5400  ; DRAW LINE
G0 Z5.00               ; PEN UP

G0 X83.030 Y132.525   ; RAPID TO START
G1 Z0.00 F500    ; PEN DOWN
G4 P100           ; DWELL
G1 X83.600 Y131.195 F5400  ; DRAW LINE
G1 X83.030 Y132.525 F5400  ; DRAW LINE
G0 Z5.00               ; PEN UP

G0 X37.810 Y132.335   ; RAPID TO START
G1 Z0.00 F500    ; PEN DOWN
G4 P100           ; DWELL
G1 X38.570 Y131.195 F5400  ; DRAW LINE
G1 X37.810 Y132.335 F5400  ; DRAW LINE
G0 Z5.00               ; PEN UP

G0 X80.085 Y132.240   ; RAPID TO START
G1 Z0.00 F500    ; PEN DOWN
G4 P100           ; DWELL
G1 X82.080 Y130.530 F5400  ; DRAW LINE
G1 X80.085 Y132.240 F5400  ; DRAW LINE
G0 Z5.00               ; PEN UP

G0 X25.175 Y132.145   ; RAPID TO START
G1 Z0.00 F500    ; PEN DOWN
G4 P100           ; DWELL
G1 X24.248 Y129.850 F5400  ; DRAW LINE
G1 X25.175 Y132.145 F5400  ; DRAW LINE
G0 Z5.00               ; PEN UP

G0 X66.690 Y132.145   ; RAPID TO START
G1 Z0.00 F500    ; PEN DOWN
G4 P100           ; DWELL
G1 X63.650 Y129.675 F5400  ; DRAW LINE
G1 X68.400 Y128.155 F5400  ; DRAW LINE
G1 X69.715 Y130.648 F5400  ; DRAW LINE
G1 X66.690 Y132.145 F5400  ; DRAW LINE
G0 Z5.00               ; PEN UP

G0 X100.035 Y131.860   ; RAPID TO START
G1 Z0.00 F500    ; PEN DOWN
G4 P100           ; DWELL
G1 X98.895 Y129.770 F5400  ; DRAW LINE
G1 X100.700 Y129.960 F5400  ; DRAW LINE
G1 X100.035 Y131.860 F5400  ; DRAW LINE
G0 Z5.00               ; PEN UP

G0 X101.270 Y131.860   ; RAPID TO START
G1 Z0.00 F500    ; PEN DOWN
G4 P100           ; DWELL
G1 X100.909 Y130.184 F5400  ; DRAW LINE
G1 X103.170 Y130.150 F5400  ; DRAW LINE
G1 X103.360 Y131.765 F5400  ; DRAW LINE
G1 X101.270 Y131.860 F5400  ; DRAW LINE
G0 Z5.00               ; PEN UP

G0 X25.745 Y131.765   ; RAPID TO START
G1 Z0.00 F500    ; PEN DOWN
G4 P100           ; DWELL
G1 X25.555 Y128.155 F5400  ; DRAW LINE
G1 X25.745 Y131.765 F5400  ; DRAW LINE
G0 Z5.00               ; PEN UP

G0 X103.930 Y131.765   ; RAPID TO START
G1 Z0.00 F500    ; PEN DOWN
G4 P100           ; DWELL
G1 X103.645 Y130.245 F5400  ; DRAW LINE
G1 X106.020 Y131.385 F5400  ; DRAW LINE
G1 X103.930 Y131.765 F5400  ; DRAW LINE
G0 Z5.00               ; PEN UP

G0 X91.010 Y131.670   ; RAPID TO START
G1 Z0.00 F500    ; PEN DOWN
G4 P100           ; DWELL
G1 X88.445 Y128.060 F5400  ; DRAW LINE
G1 X93.575 Y127.680 F5400  ; DRAW LINE
G1 X93.290 Y130.625 F5400  ; DRAW LINE
G1 X91.010 Y131.670 F5400  ; DRAW LINE
G0 Z5.00               ; PEN UP

G0 X59.090 Y131.575   ; RAPID TO START
G1 Z0.00 F500    ; PEN DOWN
G4 P100           ; DWELL
G1 X57.855 Y129.580 F5400  ; DRAW LINE
G1 X59.470 Y130.150 F5400  ; DRAW LINE
G1 X59.090 Y131.575 F5400  ; DRAW LINE
G0 Z5.00               ; PEN UP

G0 X62.985 Y131.575   ; RAPID TO START
G1 Z0.00 F500    ; PEN DOWN
G4 P100           ; DWELL
G1 X61.275 Y129.485 F5400  ; DRAW LINE
G1 X63.228 Y129.493 F5400  ; DRAW LINE
G1 X62.985 Y131.575 F5400  ; DRAW LINE
G0 Z5.00               ; PEN UP

G0 X114.095 Y131.480   ; RAPID TO START
G1 Z0.00 F500    ; PEN DOWN
G4 P100           ; DWELL
G1 X112.765 Y130.720 F5400  ; DRAW LINE
G1 X114.095 Y131.480 F5400  ; DRAW LINE
G0 Z5.00               ; PEN UP

G0 X26.885 Y131.385   ; RAPID TO START
G1 Z0.00 F500    ; PEN DOWN
G4 P100           ; DWELL
G1 X25.635 Y129.322 F5400  ; DRAW LINE
G1 X26.885 Y127.395 F5400  ; DRAW LINE
G1 X26.885 Y131.385 F5400  ; DRAW LINE
G0 Z5.00               ; PEN UP

G0 X85.120 Y131.290   ; RAPID TO START
G1 Z0.00 F500    ; PEN DOWN
G4 P100           ; DWELL
G1 X87.590 Y126.445 F5400  ; DRAW LINE
G1 X87.563 Y129.443 F5400  ; DRAW LINE
G1 X85.120 Y131.290 F5400  ; DRAW LINE
G0 Z5.00               ; PEN UP

G0 X82.840 Y131.100   ; RAPID TO START
G1 Z0.00 F500    ; PEN DOWN
G4 P100           ; DWELL
G1 X84.645 Y128.630 F5400  ; DRAW LINE
G1 X82.840 Y131.100 F5400  ; DRAW LINE
G0 Z5.00               ; PEN UP

G0 X27.835 Y131.005   ; RAPID TO START
G1 Z0.00 F500    ; PEN DOWN
G4 P100           ; DWELL
G1 X26.855 Y128.372 F5400  ; DRAW LINE
G1 X28.025 Y127.110 F5400  ; DRAW LINE
G1 X28.880 Y131.005 F5400  ; DRAW LINE
G1 X27.835 Y131.005 F5400  ; DRAW LINE
G0 Z5.00               ; PEN UP

G0 X29.355 Y130.910   ; RAPID TO START
G1 Z0.00 F500    ; PEN DOWN
G4 P100           ; DWELL
G1 X28.785 Y127.110 F5400  ; DRAW LINE
G1 X29.355 Y130.910 F5400  ; DRAW LINE
G0 Z5.00               ; PEN UP

G0 X72.675 Y130.910   ; RAPID TO START
G1 Z0.00 F500    ; PEN DOWN
G4 P100           ; DWELL
G1 X70.395 Y129.485 F5400  ; DRAW LINE
G1 X73.055 Y126.255 F5400  ; DRAW LINE
G1 X75.624 Y128.174 F5400  ; DRAW LINE
G1 X72.675 Y130.910 F5400  ; DRAW LINE
G0 Z5.00               ; PEN UP

G0 X79.325 Y130.910   ; RAPID TO START
G1 Z0.00 F500    ; PEN DOWN
G4 P100           ; DWELL
G1 X79.610 Y129.390 F5400  ; DRAW LINE
G1 X79.325 Y130.910 F5400  ; DRAW LINE
G0 Z5.00               ; PEN UP

G0 X111.435 Y130.910   ; RAPID TO START
G1 Z0.00 F500    ; PEN DOWN
G4 P100           ; DWELL
G1 X111.245 Y129.580 F5400  ; DRAW LINE
G1 X111.435 Y130.910 F5400  ; DRAW LINE
G0 Z5.00               ; PEN UP

G0 X111.815 Y130.815   ; RAPID TO START
G1 Z0.00 F500    ; PEN DOWN
G4 P100           ; DWELL
G1 X111.815 Y129.295 F5400  ; DRAW LINE
G1 X111.815 Y130.815 F5400  ; DRAW LINE
G0 Z5.00               ; PEN UP

G0 X39.805 Y130.720   ; RAPID TO START
G1 Z0.00 F500    ; PEN DOWN
G4 P100           ; DWELL
G1 X40.470 Y129.485 F5400  ; DRAW LINE
G1 X39.805 Y130.720 F5400  ; DRAW LINE
G0 Z5.00               ; PEN UP

G0 X40.185 Y130.720   ; RAPID TO START
G1 Z0.00 F500    ; PEN DOWN
G4 P100           ; DWELL
G1 X40.185 Y130.720 F5400  ; DRAW LINE
G0 Z5.00               ; PEN UP

G0 X107.920 Y130.625   ; RAPID TO START
G1 Z0.00 F500    ; PEN DOWN
G4 P100           ; DWELL
G1 X106.434 Y128.752 F5400  ; DRAW LINE
G1 X107.825 Y129.580 F5400  ; DRAW LINE
G1 X107.635 Y127.585 F5400  ; DRAW LINE
G1 X109.155 Y129.960 F5400  ; DRAW LINE
G1 X107.920 Y130.625 F5400  ; DRAW LINE
G0 Z5.00               ; PEN UP

G0 X113.620 Y130.625   ; RAPID TO START
G1 Z0.00 F500    ; PEN DOWN
G4 P100           ; DWELL
G1 X113.620 Y130.625 F5400  ; DRAW LINE
G0 Z5.00               ; PEN UP

G0 X80.085 Y130.530   ; RAPID TO START
G1 Z0.00 F500    ; PEN DOWN
G4 P100           ; DWELL
G1 X81.320 Y128.155 F5400  ; DRAW LINE
G1 X81.890 Y129.865 F5400  ; DRAW LINE
G1 X80.085 Y130.530 F5400  ; DRAW LINE
G0 Z5.00               ; PEN UP

G0 X110.865 Y130.530   ; RAPID TO START
G1 Z0.00 F500    ; PEN DOWN
G4 P100           ; DWELL
G1 X110.865 Y130.530 F5400  ; DRAW LINE
G0 Z5.00               ; PEN UP

G0 X30.590 Y130.435   ; RAPID TO START
G1 Z0.00 F500    ; PEN DOWN
G4 P100           ; DWELL
G1 X30.590 Y126.920 F5400  ; DRAW LINE
G1 X30.590 Y130.435 F5400  ; DRAW LINE
G0 Z5.00               ; PEN UP

G0 X39.520 Y130.340   ; RAPID TO START
G1 Z0.00 F500    ; PEN DOWN
G4 P100           ; DWELL
G1 X40.280 Y129.105 F5400  ; DRAW LINE
G1 X39.520 Y130.340 F5400  ; DRAW LINE
G0 Z5.00               ; PEN UP

G0 X96.995 Y130.340   ; RAPID TO START
G1 Z0.00 F500    ; PEN DOWN
G4 P100           ; DWELL
G1 X94.495 Y128.869 F5400  ; DRAW LINE
G1 X93.860 Y125.970 F5400  ; DRAW LINE
G1 X96.995 Y130.340 F5400  ; DRAW LINE
G0 Z5.00               ; PEN UP

G0 X113.905 Y130.150   ; RAPID TO START
G1 Z0.00 F500    ; PEN DOWN
G4 P100           ; DWELL
G1 X113.905 Y130.150 F5400  ; DRAW LINE
G0 Z5.00               ; PEN UP

G0 X98.515 Y129.960   ; RAPID TO START
G1 Z0.00 F500    ; PEN DOWN
G4 P100           ; DWELL
G1 X97.561 Y126.624 F5400  ; DRAW LINE
G1 X98.515 Y129.960 F5400  ; DRAW LINE
G0 Z5.00               ; PEN UP

G0 X102.790 Y129.960   ; RAPID TO START
G1 Z0.00 F500    ; PEN DOWN
G4 P100           ; DWELL
G1 X100.795 Y129.105 F5400  ; DRAW LINE
G1 X102.790 Y129.960 F5400  ; DRAW LINE
G0 Z5.00               ; PEN UP

G0 X103.740 Y129.960   ; RAPID TO START
G1 Z0.00 F500    ; PEN DOWN
G4 P100           ; DWELL
G1 X105.070 Y129.200 F5400  ; DRAW LINE
G1 X103.740 Y129.960 F5400  ; DRAW LINE
G0 Z5.00               ; PEN UP

G0 X59.565 Y129.865   ; RAPID TO START
G1 Z0.00 F500    ; PEN DOWN
G4 P100           ; DWELL
G1 X59.565 Y129.865 F5400  ; DRAW LINE
G0 Z5.00               ; PEN UP

G0 X109.345 Y129.865   ; RAPID TO START
G1 Z0.00 F500    ; PEN DOWN
G4 P100           ; DWELL
G1 X107.825 Y127.395 F5400  ; DRAW LINE
G1 X109.345 Y129.865 F5400  ; DRAW LINE
G0 Z5.00               ; PEN UP

G0 X112.385 Y129.865   ; RAPID TO START
G1 Z0.00 F500    ; PEN DOWN
G4 P100           ; DWELL
G1 X112.385 Y129.865 F5400  ; DRAW LINE
G0 Z5.00               ; PEN UP

G0 X31.445 Y129.770   ; RAPID TO START
G1 Z0.00 F500    ; PEN DOWN
G4 P100           ; DWELL
G1 X31.730 Y125.970 F5400  ; DRAW LINE
G1 X32.490 Y129.485 F5400  ; DRAW LINE
G1 X31.445 Y129.770 F5400  ; DRAW LINE
G0 Z5.00               ; PEN UP

G0 X81.985 Y129.770   ; RAPID TO START
G1 Z0.00 F500    ; PEN DOWN
G4 P100           ; DWELL
G1 X81.415 Y127.965 F5400  ; DRAW LINE
G1 X84.265 Y126.920 F5400  ; DRAW LINE
G1 X84.455 Y128.440 F5400  ; DRAW LINE
G1 X81.985 Y129.770 F5400  ; DRAW LINE
G0 Z5.00               ; PEN UP

G0 X100.605 Y129.770   ; RAPID TO START
G1 Z0.00 F500    ; PEN DOWN
G4 P100           ; DWELL
G1 X98.895 Y129.390 F5400  ; DRAW LINE
G1 X100.605 Y129.770 F5400  ; DRAW LINE
G0 Z5.00               ; PEN UP

G0 X78.375 Y129.675   ; RAPID TO START
G1 Z0.00 F500    ; PEN DOWN
G4 P100           ; DWELL
G1 X76.095 Y127.490 F5400  ; DRAW LINE
G1 X77.710 Y125.495 F5400  ; DRAW LINE
G1 X79.515 Y128.630 F5400  ; DRAW LINE
G1 X78.375 Y129.675 F5400  ; DRAW LINE
G0 Z5.00               ; PEN UP

G0 X39.425 Y129.580   ; RAPID TO START
G1 Z0.00 F500    ; PEN DOWN
G4 P100           ; DWELL
G1 X40.470 Y128.535 F5400  ; DRAW LINE
G1 X39.425 Y129.580 F5400  ; DRAW LINE
G0 Z5.00               ; PEN UP

G0 X109.915 Y129.580   ; RAPID TO START
G1 Z0.00 F500    ; PEN DOWN
G4 P100           ; DWELL
G1 X109.915 Y129.580 F5400  ; DRAW LINE
G0 Z5.00               ; PEN UP

G0 X114.000 Y129.580   ; RAPID TO START
G1 Z0.00 F500    ; PEN DOWN
G4 P100           ; DWELL
G1 X114.000 Y129.580 F5400  ; DRAW LINE
G0 Z5.00               ; PEN UP

G0 X32.870 Y129.485   ; RAPID TO START
G1 Z0.00 F500    ; PEN DOWN
G4 P100           ; DWELL
G1 X32.395 Y125.400 F5400  ; DRAW LINE
G1 X34.105 Y129.295 F5400  ; DRAW LINE
G1 X32.870 Y129.485 F5400  ; DRAW LINE
G0 Z5.00               ; PEN UP

G0 X63.555 Y129.485   ; RAPID TO START
G1 Z0.00 F500    ; PEN DOWN
G4 P100           ; DWELL
G1 X65.660 Y128.843 F5400  ; DRAW LINE
G1 X63.555 Y129.485 F5400  ; DRAW LINE
G0 Z5.00               ; PEN UP

G0 X110.200 Y129.485   ; RAPID TO START
G1 Z0.00 F500    ; PEN DOWN
G4 P100           ; DWELL
G1 X110.200 Y129.485 F5400  ; DRAW LINE
G0 Z5.00               ; PEN UP

G0 X70.015 Y129.390   ; RAPID TO START
G1 Z0.00 F500    ; PEN DOWN
G4 P100           ; DWELL
G1 X68.590 Y127.965 F5400  ; DRAW LINE
G1 X72.865 Y126.065 F5400  ; DRAW LINE
G1 X72.295 Y128.345 F5400  ; DRAW LINE
G1 X70.015 Y129.390 F5400  ; DRAW LINE
G0 Z5.00               ; PEN UP

G0 X40.945 Y129.295   ; RAPID TO START
G1 Z0.00 F500    ; PEN DOWN
G4 P100           ; DWELL
G1 X41.705 Y126.540 F5400  ; DRAW LINE
G1 X40.945 Y129.295 F5400  ; DRAW LINE
G0 Z5.00               ; PEN UP

G0 X110.580 Y129.295   ; RAPID TO START
G1 Z0.00 F500    ; PEN DOWN
G4 P100           ; DWELL
G1 X110.580 Y129.295 F5400  ; DRAW LINE
G0 Z5.00               ; PEN UP

G0 X112.765 Y129.295   ; RAPID TO START
G1 Z0.00 F500    ; PEN DOWN
G4 P100           ; DWELL
G1 X112.765 Y129.295 F5400  ; DRAW LINE
G0 Z5.00               ; PEN UP

G0 X34.295 Y129.200   ; RAPID TO START
G1 Z0.00 F500    ; PEN DOWN
G4 P100           ; DWELL
G1 X33.345 Y125.970 F5400  ; DRAW LINE
G1 X35.625 Y128.725 F5400  ; DRAW LINE
G1 X34.295 Y129.200 F5400  ; DRAW LINE
G0 Z5.00               ; PEN UP

G0 X56.050 Y129.105   ; RAPID TO START
G1 Z0.00 F500    ; PEN DOWN
G4 P100           ; DWELL
G1 X47.595 Y124.640 F5400  ; DRAW LINE
G1 X51.015 Y117.515 F5400  ; DRAW LINE
G1 X48.165 Y111.435 F5400  ; DRAW LINE
G1 X50.848 Y113.350 F5400  ; DRAW LINE
G1 X50.730 Y111.910 F5400  ; DRAW LINE
G1 X62.415 Y114.190 F5400  ; DRAW LINE
G1 X68.126 Y117.405 F5400  ; DRAW LINE
G1 X53.770 Y117.420 F5400  ; DRAW LINE
G1 X58.330 Y117.325 F5400  ; DRAW LINE
G1 X63.122 Y119.582 F5400  ; DRAW LINE
G1 X67.450 Y123.690 F5400  ; DRAW LINE
G1 X66.025 Y125.590 F5400  ; DRAW LINE
G1 X69.255 Y121.790 F5400  ; DRAW LINE
G1 X71.535 Y113.620 F5400  ; DRAW LINE
G1 X74.670 Y108.965 F5400  ; DRAW LINE
G1 X72.390 Y125.685 F5400  ; DRAW LINE
G1 X65.455 Y128.630 F5400  ; DRAW LINE
G1 X56.050 Y129.105 F5400  ; DRAW LINE
G0 Z5.00               ; PEN UP

G0 X111.150 Y129.105   ; RAPID TO START
G1 Z0.00 F500    ; PEN DOWN
G4 P100           ; DWELL
G1 X111.150 Y129.105 F5400  ; DRAW LINE
G0 Z5.00               ; PEN UP

G0 X36.765 Y129.010   ; RAPID TO START
G1 Z0.00 F500    ; PEN DOWN
G4 P100           ; DWELL
G1 X39.854 Y126.449 F5400  ; DRAW LINE
G1 X41.230 Y122.360 F5400  ; DRAW LINE
G1 X42.180 Y122.835 F5400  ; DRAW LINE
G1 X40.565 Y127.110 F5400  ; DRAW LINE
G1 X36.765 Y129.010 F5400  ; DRAW LINE
G0 Z5.00               ; PEN UP

G0 X36.100 Y128.915   ; RAPID TO START
G1 Z0.00 F500    ; PEN DOWN
G4 P100           ; DWELL
G1 X41.040 Y122.075 F5400  ; DRAW LINE
G1 X39.938 Y125.951 F5400  ; DRAW LINE
G1 X36.100 Y128.915 F5400  ; DRAW LINE
G0 Z5.00               ; PEN UP

G0 X111.625 Y128.820   ; RAPID TO START
G1 Z0.00 F500    ; PEN DOWN
G4 P100           ; DWELL
G1 X111.165 Y127.908 F5400  ; DRAW LINE
G1 X111.625 Y128.820 F5400  ; DRAW LINE
G0 Z5.00               ; PEN UP

G0 X84.835 Y128.725   ; RAPID TO START
G1 Z0.00 F500    ; PEN DOWN
G4 P100           ; DWELL
G1 X84.455 Y126.635 F5400  ; DRAW LINE
G1 X87.020 Y125.970 F5400  ; DRAW LINE
G1 X84.835 Y128.725 F5400  ; DRAW LINE
G0 Z5.00               ; PEN UP

G0 X112.290 Y128.630   ; RAPID TO START
G1 Z0.00 F500    ; PEN DOWN
G4 P100           ; DWELL
G1 X111.720 Y127.680 F5400  ; DRAW LINE
G1 X112.290 Y128.630 F5400  ; DRAW LINE
G0 Z5.00               ; PEN UP

G0 X79.895 Y128.535   ; RAPID TO START
G1 Z0.00 F500    ; PEN DOWN
G4 P100           ; DWELL
G1 X78.185 Y125.020 F5400  ; DRAW LINE
G1 X79.705 Y123.880 F5400  ; DRAW LINE
G1 X81.130 Y127.585 F5400  ; DRAW LINE
G1 X79.895 Y128.535 F5400  ; DRAW LINE
G0 Z5.00               ; PEN UP

G0 X90.440 Y128.440   ; RAPID TO START
G1 Z0.00 F500    ; PEN DOWN
G4 P100           ; DWELL
G1 X88.255 Y127.775 F5400  ; DRAW LINE
G1 X87.856 Y125.856 F5400  ; DRAW LINE
G1 X93.670 Y125.685 F5400  ; DRAW LINE
G1 X93.115 Y127.650 F5400  ; DRAW LINE
G1 X90.440 Y128.440 F5400  ; DRAW LINE
G0 Z5.00               ; PEN UP

G0 X109.440 Y128.440   ; RAPID TO START
G1 Z0.00 F500    ; PEN DOWN
G4 P100           ; DWELL
G1 X109.440 Y128.440 F5400  ; DRAW LINE
G0 Z5.00               ; PEN UP

G0 X112.575 Y128.440   ; RAPID TO START
G1 Z0.00 F500    ; PEN DOWN
G4 P100           ; DWELL
G1 X112.575 Y128.440 F5400  ; DRAW LINE
G0 Z5.00               ; PEN UP

G0 X109.725 Y128.250   ; RAPID TO START
G1 Z0.00 F500    ; PEN DOWN
G4 P100           ; DWELL
G1 X109.725 Y128.250 F5400  ; DRAW LINE
G0 Z5.00               ; PEN UP

G0 X35.435 Y128.155   ; RAPID TO START
G1 Z0.00 F500    ; PEN DOWN
G4 P100           ; DWELL
G1 X39.995 Y121.695 F5400  ; DRAW LINE
G1 X38.585 Y125.803 F5400  ; DRAW LINE
G1 X35.435 Y128.155 F5400  ; DRAW LINE
G0 Z5.00               ; PEN UP

G0 X97.090 Y128.155   ; RAPID TO START
G1 Z0.00 F500    ; PEN DOWN
G4 P100           ; DWELL
G1 X94.905 Y125.400 F5400  ; DRAW LINE
G1 X97.280 Y126.065 F5400  ; DRAW LINE
G1 X97.090 Y128.155 F5400  ; DRAW LINE
G0 Z5.00               ; PEN UP

G0 X110.390 Y128.060   ; RAPID TO START
G1 Z0.00 F500    ; PEN DOWN
G4 P100           ; DWELL
G1 X110.390 Y128.060 F5400  ; DRAW LINE
G0 Z5.00               ; PEN UP

G0 X81.985 Y127.870   ; RAPID TO START
G1 Z0.00 F500    ; PEN DOWN
G4 P100           ; DWELL
G1 X79.895 Y123.690 F5400  ; DRAW LINE
G1 X83.030 Y122.455 F5400  ; DRAW LINE
G1 X84.170 Y126.065 F5400  ; DRAW LINE
G1 X83.220 Y122.550 F5400  ; DRAW LINE
G1 X85.310 Y122.360 F5400  ; DRAW LINE
G1 X86.260 Y123.975 F5400  ; DRAW LINE
G1 X86.355 Y121.505 F5400  ; DRAW LINE
G1 X87.020 Y125.590 F5400  ; DRAW LINE
G1 X81.985 Y127.870 F5400  ; DRAW LINE
G0 Z5.00               ; PEN UP

G0 X111.055 Y127.775   ; RAPID TO START
G1 Z0.00 F500    ; PEN DOWN
G4 P100           ; DWELL
G1 X110.485 Y126.920 F5400  ; DRAW LINE
G1 X111.055 Y127.775 F5400  ; DRAW LINE
G0 Z5.00               ; PEN UP

G0 X108.585 Y127.680   ; RAPID TO START
G1 Z0.00 F500    ; PEN DOWN
G4 P100           ; DWELL
G1 X108.585 Y127.680 F5400  ; DRAW LINE
G0 Z5.00               ; PEN UP

G0 X41.990 Y127.490   ; RAPID TO START
G1 Z0.00 F500    ; PEN DOWN
G4 P100           ; DWELL
G1 X41.990 Y127.490 F5400  ; DRAW LINE
G0 Z5.00               ; PEN UP

G0 X111.435 Y127.490   ; RAPID TO START
G1 Z0.00 F500    ; PEN DOWN
G4 P100           ; DWELL
G1 X110.770 Y126.635 F5400  ; DRAW LINE
G1 X111.435 Y127.490 F5400  ; DRAW LINE
G0 Z5.00               ; PEN UP

G0 X75.715 Y127.300   ; RAPID TO START
G1 Z0.00 F500    ; PEN DOWN
G4 P100           ; DWELL
G1 X73.245 Y126.065 F5400  ; DRAW LINE
G1 X74.195 Y122.360 F5400  ; DRAW LINE
G1 X77.330 Y125.020 F5400  ; DRAW LINE
G1 X75.715 Y127.300 F5400  ; DRAW LINE
G0 Z5.00               ; PEN UP

G0 X34.960 Y127.110   ; RAPID TO START
G1 Z0.00 F500    ; PEN DOWN
G4 P100           ; DWELL
G1 X38.095 Y123.405 F5400  ; DRAW LINE
G1 X34.960 Y127.110 F5400  ; DRAW LINE
G0 Z5.00               ; PEN UP

G0 X98.325 Y127.110   ; RAPID TO START
G1 Z0.00 F500    ; PEN DOWN
G4 P100           ; DWELL
G1 X97.565 Y122.550 F5400  ; DRAW LINE
G1 X98.325 Y127.110 F5400  ; DRAW LINE
G0 Z5.00               ; PEN UP

G0 X42.655 Y126.920   ; RAPID TO START
G1 Z0.00 F500    ; PEN DOWN
G4 P100           ; DWELL
G1 X42.180 Y125.590 F5400  ; DRAW LINE
G1 X42.655 Y126.920 F5400  ; DRAW LINE
G0 Z5.00               ; PEN UP

G0 X41.895 Y126.635   ; RAPID TO START
G1 Z0.00 F500    ; PEN DOWN
G4 P100           ; DWELL
G1 X41.895 Y126.635 F5400  ; DRAW LINE
G0 Z5.00               ; PEN UP

G0 X34.200 Y126.160   ; RAPID TO START
G1 Z0.00 F500    ; PEN DOWN
G4 P100           ; DWELL
G1 X36.575 Y123.405 F5400  ; DRAW LINE
G1 X34.200 Y126.160 F5400  ; DRAW LINE
G0 Z5.00               ; PEN UP

G0 X41.610 Y126.160   ; RAPID TO START
G1 Z0.00 F500    ; PEN DOWN
G4 P100           ; DWELL
G1 X41.610 Y126.160 F5400  ; DRAW LINE
G0 Z5.00               ; PEN UP

G0 X42.655 Y126.160   ; RAPID TO START
G1 Z0.00 F500    ; PEN DOWN
G4 P100           ; DWELL
G1 X42.655 Y126.160 F5400  ; DRAW LINE
G0 Z5.00               ; PEN UP

G0 X43.035 Y125.970   ; RAPID TO START
G1 Z0.00 F500    ; PEN DOWN
G4 P100           ; DWELL
G1 X42.560 Y124.830 F5400  ; DRAW LINE
G1 X44.270 Y124.450 F5400  ; DRAW LINE
G1 X43.035 Y125.970 F5400  ; DRAW LINE
G0 Z5.00               ; PEN UP

G0 X96.330 Y125.970   ; RAPID TO START
G1 Z0.00 F500    ; PEN DOWN
G4 P100           ; DWELL
G1 X95.000 Y121.600 F5400  ; DRAW LINE
G1 X97.375 Y122.075 F5400  ; DRAW LINE
G1 X96.330 Y125.970 F5400  ; DRAW LINE
G0 Z5.00               ; PEN UP

G0 X72.675 Y125.875   ; RAPID TO START
G1 Z0.00 F500    ; PEN DOWN
G4 P100           ; DWELL
G1 X73.055 Y121.505 F5400  ; DRAW LINE
G1 X74.161 Y123.800 F5400  ; DRAW LINE
G1 X72.675 Y125.875 F5400  ; DRAW LINE
G0 Z5.00               ; PEN UP

G0 X94.620 Y125.780   ; RAPID TO START
G1 Z0.00 F500    ; PEN DOWN
G4 P100           ; DWELL
G1 X94.620 Y125.780 F5400  ; DRAW LINE
G0 Z5.00               ; PEN UP

G0 X87.400 Y125.590   ; RAPID TO START
G1 Z0.00 F500    ; PEN DOWN
G4 P100           ; DWELL
G1 X86.545 Y121.315 F5400  ; DRAW LINE
G1 X87.685 Y123.025 F5400  ; DRAW LINE
G1 X87.210 Y121.695 F5400  ; DRAW LINE
G1 X90.155 Y121.410 F5400  ; DRAW LINE
G1 X90.250 Y124.735 F5400  ; DRAW LINE
G1 X87.400 Y125.590 F5400  ; DRAW LINE
G0 Z5.00               ; PEN UP

G0 X33.440 Y125.400   ; RAPID TO START
G1 Z0.00 F500    ; PEN DOWN
G4 P100           ; DWELL
G1 X32.585 Y124.640 F5400  ; DRAW LINE
G1 X35.245 Y123.120 F5400  ; DRAW LINE
G1 X33.440 Y125.400 F5400  ; DRAW LINE
G0 Z5.00               ; PEN UP

G0 X43.320 Y125.400   ; RAPID TO START
G1 Z0.00 F500    ; PEN DOWN
G4 P100           ; DWELL
G1 X43.320 Y125.400 F5400  ; DRAW LINE
G0 Z5.00               ; PEN UP

G0 X41.895 Y125.305   ; RAPID TO START
G1 Z0.00 F500    ; PEN DOWN
G4 P100           ; DWELL
G1 X42.560 Y123.310 F5400  ; DRAW LINE
G1 X41.895 Y125.305 F5400  ; DRAW LINE
G0 Z5.00               ; PEN UP

G0 X44.365 Y125.115   ; RAPID TO START
G1 Z0.00 F500    ; PEN DOWN
G4 P100           ; DWELL
G1 X46.371 Y124.385 F5400  ; DRAW LINE
G1 X44.365 Y125.115 F5400  ; DRAW LINE
G0 Z5.00               ; PEN UP

G0 X93.765 Y125.115   ; RAPID TO START
G1 Z0.00 F500    ; PEN DOWN
G4 P100           ; DWELL
G1 X91.390 Y124.640 F5400  ; DRAW LINE
G1 X91.105 Y121.125 F5400  ; DRAW LINE
G1 X94.810 Y121.505 F5400  ; DRAW LINE
G1 X93.765 Y125.115 F5400  ; DRAW LINE
G0 Z5.00               ; PEN UP

G0 X77.805 Y124.830   ; RAPID TO START
G1 Z0.00 F500    ; PEN DOWN
G4 P100           ; DWELL
G1 X75.240 Y121.695 F5400  ; DRAW LINE
G1 X77.995 Y119.795 F5400  ; DRAW LINE
G1 X79.515 Y123.310 F5400  ; DRAW LINE
G1 X77.805 Y124.830 F5400  ; DRAW LINE
G0 Z5.00               ; PEN UP

G0 X32.205 Y124.640   ; RAPID TO START
G1 Z0.00 F500    ; PEN DOWN
G4 P100           ; DWELL
G1 X33.820 Y122.740 F5400  ; DRAW LINE
G1 X32.205 Y124.640 F5400  ; DRAW LINE
G0 Z5.00               ; PEN UP

G0 X90.820 Y124.640   ; RAPID TO START
G1 Z0.00 F500    ; PEN DOWN
G4 P100           ; DWELL
G1 X90.820 Y121.030 F5400  ; DRAW LINE
G1 X90.820 Y124.640 F5400  ; DRAW LINE
G0 Z5.00               ; PEN UP

G0 X46.645 Y124.260   ; RAPID TO START
G1 Z0.00 F500    ; PEN DOWN
G4 P100           ; DWELL
G1 X45.505 Y123.880 F5400  ; DRAW LINE
G1 X49.685 Y121.125 F5400  ; DRAW LINE
G1 X46.645 Y124.260 F5400  ; DRAW LINE
G0 Z5.00               ; PEN UP

G0 X30.875 Y124.070   ; RAPID TO START
G1 Z0.00 F500    ; PEN DOWN
G4 P100           ; DWELL
G1 X32.585 Y122.550 F5400  ; DRAW LINE
G1 X30.875 Y124.070 F5400  ; DRAW LINE
G0 Z5.00               ; PEN UP

G0 X110.105 Y123.785   ; RAPID TO START
G1 Z0.00 F500    ; PEN DOWN
G4 P100           ; DWELL
G1 X100.814 Y118.408 F5400  ; DRAW LINE
G1 X85.264 Y101.255 F5400  ; DRAW LINE
G1 X75.715 Y83.600 F5400  ; DRAW LINE
G1 X76.665 Y87.210 F5400  ; DRAW LINE
G1 X72.105 Y84.170 F5400  ; DRAW LINE
G1 X55.290 Y93.005 F5400  ; DRAW LINE
G1 X65.014 Y85.215 F5400  ; DRAW LINE
G1 X67.640 Y78.945 F5400  ; DRAW LINE
G1 X63.992 Y85.477 F5400  ; DRAW LINE
G1 X53.717 Y92.895 F5400  ; DRAW LINE
G1 X38.190 Y100.510 F5400  ; DRAW LINE
G1 X31.681 Y100.020 F5400  ; DRAW LINE
G1 X26.273 Y95.650 F5400  ; DRAW LINE
G1 X25.555 Y88.255 F5400  ; DRAW LINE
G1 X32.110 Y76.285 F5400  ; DRAW LINE
G1 X33.440 Y70.015 F5400  ; DRAW LINE
G1 X38.285 Y66.595 F5400  ; DRAW LINE
G1 X34.295 Y77.995 F5400  ; DRAW LINE
G1 X29.070 Y84.170 F5400  ; DRAW LINE
G1 X34.770 Y78.755 F5400  ; DRAW LINE
G1 X42.465 Y66.310 F5400  ; DRAW LINE
G1 X48.735 Y69.255 F5400  ; DRAW LINE
G1 X42.940 Y78.850 F5400  ; DRAW LINE
G1 X49.210 Y70.110 F5400  ; DRAW LINE
G1 X50.160 Y72.200 F5400  ; DRAW LINE
G1 X50.000 Y78.139 F5400  ; DRAW LINE
G1 X46.915 Y82.498 F5400  ; DRAW LINE
G1 X42.465 Y85.215 F5400  ; DRAW LINE
G1 X38.475 Y94.050 F5400  ; DRAW LINE
G1 X41.230 Y90.440 F5400  ; DRAW LINE
G1 X39.425 Y95.190 F5400  ; DRAW LINE
G1 X42.940 Y85.595 F5400  ; DRAW LINE
G1 X48.207 Y82.004 F5400  ; DRAW LINE
G1 X53.010 Y72.010 F5400  ; DRAW LINE
G1 X55.100 Y70.965 F5400  ; DRAW LINE
G1 X66.500 Y69.730 F5400  ; DRAW LINE
G1 X83.030 Y75.240 F5400  ; DRAW LINE
G1 X90.322 Y82.069 F5400  ; DRAW LINE
G1 X97.375 Y91.675 F5400  ; DRAW LINE
G1 X98.135 Y102.125 F5400  ; DRAW LINE
G1 X104.310 Y113.335 F5400  ; DRAW LINE
G1 X104.785 Y118.370 F5400  ; DRAW LINE
G1 X104.595 Y115.045 F5400  ; DRAW LINE
G1 X107.540 Y119.605 F5400  ; DRAW LINE
G1 X99.465 Y104.120 F5400  ; DRAW LINE
G1 X106.970 Y104.975 F5400  ; DRAW LINE
G1 X112.955 Y102.600 F5400  ; DRAW LINE
G1 X113.430 Y107.350 F5400  ; DRAW LINE
G1 X118.085 Y114.380 F5400  ; DRAW LINE
G1 X117.234 Y110.550 F5400  ; DRAW LINE
G1 X113.810 Y106.305 F5400  ; DRAW LINE
G1 X113.525 Y101.935 F5400  ; DRAW LINE
G1 X115.900 Y99.180 F5400  ; DRAW LINE
G1 X118.940 Y118.560 F5400  ; DRAW LINE
G1 X117.409 Y121.695 F5400  ; DRAW LINE
G1 X110.105 Y123.785 F5400  ; DRAW LINE
G0 Z5.00               ; PEN UP

G0 X29.640 Y123.690   ; RAPID TO START
G1 Z0.00 F500    ; PEN DOWN
G4 P100           ; DWELL
G1 X28.785 Y123.025 F5400  ; DRAW LINE
G1 X31.065 Y122.265 F5400  ; DRAW LINE
G1 X29.640 Y123.690 F5400  ; DRAW LINE
G0 Z5.00               ; PEN UP

G0 X43.225 Y123.690   ; RAPID TO START
G1 Z0.00 F500    ; PEN DOWN
G4 P100           ; DWELL
G1 X48.450 Y121.410 F5400  ; DRAW LINE
G1 X43.225 Y123.690 F5400  ; DRAW LINE
G0 Z5.00               ; PEN UP

G0 X80.180 Y123.595   ; RAPID TO START
G1 Z0.00 F500    ; PEN DOWN
G4 P100           ; DWELL
G1 X78.090 Y119.700 F5400  ; DRAW LINE
G1 X80.845 Y119.035 F5400  ; DRAW LINE
G1 X78.090 Y119.415 F5400  ; DRAW LINE
G1 X76.855 Y117.230 F5400  ; DRAW LINE
G1 X77.235 Y120.840 F5400  ; DRAW LINE
G1 X74.955 Y121.410 F5400  ; DRAW LINE
G1 X73.340 Y119.890 F5400  ; DRAW LINE
G1 X74.765 Y117.135 F5400  ; DRAW LINE
G1 X73.530 Y117.420 F5400  ; DRAW LINE
G1 X74.172 Y113.050 F5400  ; DRAW LINE
G1 X76.760 Y117.040 F5400  ; DRAW LINE
G1 X76.380 Y115.615 F5400  ; DRAW LINE
G1 X78.565 Y115.520 F5400  ; DRAW LINE
G1 X76.095 Y115.425 F5400  ; DRAW LINE
G1 X74.290 Y112.765 F5400  ; DRAW LINE
G1 X76.285 Y111.910 F5400  ; DRAW LINE
G1 X74.385 Y112.290 F5400  ; DRAW LINE
G1 X75.825 Y107.768 F5400  ; DRAW LINE
G1 X82.935 Y121.790 F5400  ; DRAW LINE
G1 X80.180 Y123.595 F5400  ; DRAW LINE
G0 Z5.00               ; PEN UP

G0 X67.830 Y123.215   ; RAPID TO START
G1 Z0.00 F500    ; PEN DOWN
G4 P100           ; DWELL
G1 X61.465 Y117.800 F5400  ; DRAW LINE
G1 X69.065 Y119.795 F5400  ; DRAW LINE
G1 X67.830 Y123.215 F5400  ; DRAW LINE
G0 Z5.00               ; PEN UP

G0 X75.810 Y123.025   ; RAPID TO START
G1 Z0.00 F500    ; PEN DOWN
G4 P100           ; DWELL
G1 X74.195 Y121.790 F5400  ; DRAW LINE
G1 X75.810 Y123.025 F5400  ; DRAW LINE
G0 Z5.00               ; PEN UP

G0 X28.310 Y122.930   ; RAPID TO START
G1 Z0.00 F500    ; PEN DOWN
G4 P100           ; DWELL
G1 X29.032 Y120.878 F5400  ; DRAW LINE
G1 X29.830 Y121.695 F5400  ; DRAW LINE
G1 X28.310 Y122.930 F5400  ; DRAW LINE
G0 Z5.00               ; PEN UP

G0 X36.765 Y122.930   ; RAPID TO START
G1 Z0.00 F500    ; PEN DOWN
G4 P100           ; DWELL
G1 X37.688 Y120.829 F5400  ; DRAW LINE
G1 X36.765 Y122.930 F5400  ; DRAW LINE
G0 Z5.00               ; PEN UP

G0 X37.525 Y122.930   ; RAPID TO START
G1 Z0.00 F500    ; PEN DOWN
G4 P100           ; DWELL
G1 X38.760 Y121.315 F5400  ; DRAW LINE
G1 X37.525 Y122.930 F5400  ; DRAW LINE
G0 Z5.00               ; PEN UP

G0 X42.845 Y122.740   ; RAPID TO START
G1 Z0.00 F500    ; PEN DOWN
G4 P100           ; DWELL
G1 X47.595 Y120.270 F5400  ; DRAW LINE
G1 X49.020 Y116.945 F5400  ; DRAW LINE
G1 X47.952 Y121.494 F5400  ; DRAW LINE
G1 X42.845 Y122.740 F5400  ; DRAW LINE
G0 Z5.00               ; PEN UP

G0 X35.530 Y122.645   ; RAPID TO START
G1 Z0.00 F500    ; PEN DOWN
G4 P100           ; DWELL
G1 X36.955 Y120.555 F5400  ; DRAW LINE
G1 X35.530 Y122.645 F5400  ; DRAW LINE
G0 Z5.00               ; PEN UP

G0 X34.675 Y122.455   ; RAPID TO START
G1 Z0.00 F500    ; PEN DOWN
G4 P100           ; DWELL
G1 X35.963 Y120.198 F5400  ; DRAW LINE
G1 X34.675 Y122.455 F5400  ; DRAW LINE
G0 Z5.00               ; PEN UP

G0 X38.760 Y122.455   ; RAPID TO START
G1 Z0.00 F500    ; PEN DOWN
G4 P100           ; DWELL
G1 X39.102 Y121.357 F5400  ; DRAW LINE
G1 X38.760 Y122.455 F5400  ; DRAW LINE
G0 Z5.00               ; PEN UP

G0 X83.885 Y122.265   ; RAPID TO START
G1 Z0.00 F500    ; PEN DOWN
G4 P100           ; DWELL
G1 X81.890 Y117.990 F5400  ; DRAW LINE
G1 X85.215 Y117.135 F5400  ; DRAW LINE
G1 X85.215 Y122.075 F5400  ; DRAW LINE
G1 X83.885 Y122.265 F5400  ; DRAW LINE
G0 Z5.00               ; PEN UP

G0 X27.360 Y122.170   ; RAPID TO START
G1 Z0.00 F500    ; PEN DOWN
G4 P100           ; DWELL
G1 X28.215 Y117.800 F5400  ; DRAW LINE
G1 X28.766 Y120.593 F5400  ; DRAW LINE
G1 X27.360 Y122.170 F5400  ; DRAW LINE
G0 Z5.00               ; PEN UP

G0 X33.155 Y122.170   ; RAPID TO START
G1 Z0.00 F500    ; PEN DOWN
G4 P100           ; DWELL
G1 X35.150 Y119.985 F5400  ; DRAW LINE
G1 X33.155 Y122.170 F5400  ; DRAW LINE
G0 Z5.00               ; PEN UP

G0 X42.750 Y122.075   ; RAPID TO START
G1 Z0.00 F500    ; PEN DOWN
G4 P100           ; DWELL
G1 X43.415 Y121.220 F5400  ; DRAW LINE
G1 X42.750 Y122.075 F5400  ; DRAW LINE
G0 Z5.00               ; PEN UP

G0 X96.235 Y122.075   ; RAPID TO START
G1 Z0.00 F500    ; PEN DOWN
G4 P100           ; DWELL
G1 X95.285 Y118.180 F5400  ; DRAW LINE
G1 X96.995 Y118.560 F5400  ; DRAW LINE
G1 X97.375 Y121.695 F5400  ; DRAW LINE
G1 X96.235 Y122.075 F5400  ; DRAW LINE
G0 Z5.00               ; PEN UP

G0 X97.755 Y122.075   ; RAPID TO START
G1 Z0.00 F500    ; PEN DOWN
G4 P100           ; DWELL
G1 X97.565 Y120.840 F5400  ; DRAW LINE
G1 X97.755 Y122.075 F5400  ; DRAW LINE
G0 Z5.00               ; PEN UP

G0 X41.990 Y121.980   ; RAPID TO START
G1 Z0.00 F500    ; PEN DOWN
G4 P100           ; DWELL
G1 X42.750 Y119.795 F5400  ; DRAW LINE
G1 X41.990 Y121.980 F5400  ; DRAW LINE
G0 Z5.00               ; PEN UP

G0 X31.445 Y121.885   ; RAPID TO START
G1 Z0.00 F500    ; PEN DOWN
G4 P100           ; DWELL
G1 X34.200 Y119.415 F5400  ; DRAW LINE
G1 X31.445 Y121.885 F5400  ; DRAW LINE
G0 Z5.00               ; PEN UP

G0 X85.500 Y121.885   ; RAPID TO START
G1 Z0.00 F500    ; PEN DOWN
G4 P100           ; DWELL
G1 X85.466 Y118.541 F5400  ; DRAW LINE
G1 X85.500 Y121.885 F5400  ; DRAW LINE
G0 Z5.00               ; PEN UP

G0 X41.325 Y121.695   ; RAPID TO START
G1 Z0.00 F500    ; PEN DOWN
G4 P100           ; DWELL
G1 X41.895 Y118.845 F5400  ; DRAW LINE
G1 X41.325 Y121.695 F5400  ; DRAW LINE
G0 Z5.00               ; PEN UP

G0 X73.910 Y121.695   ; RAPID TO START
G1 Z0.00 F500    ; PEN DOWN
G4 P100           ; DWELL
G1 X73.245 Y120.080 F5400  ; DRAW LINE
G1 X73.910 Y121.695 F5400  ; DRAW LINE
G0 Z5.00               ; PEN UP

G0 X87.780 Y121.600   ; RAPID TO START
G1 Z0.00 F500    ; PEN DOWN
G4 P100           ; DWELL
G1 X86.735 Y119.320 F5400  ; DRAW LINE
G1 X89.205 Y117.135 F5400  ; DRAW LINE
G1 X90.630 Y120.840 F5400  ; DRAW LINE
G1 X87.780 Y121.600 F5400  ; DRAW LINE
G0 Z5.00               ; PEN UP

G0 X92.530 Y121.600   ; RAPID TO START
G1 Z0.00 F500    ; PEN DOWN
G4 P100           ; DWELL
G1 X90.535 Y117.230 F5400  ; DRAW LINE
G1 X93.385 Y118.845 F5400  ; DRAW LINE
G1 X93.670 Y121.600 F5400  ; DRAW LINE
G1 X92.530 Y121.600 F5400  ; DRAW LINE
G0 Z5.00               ; PEN UP

G0 X94.050 Y121.505   ; RAPID TO START
G1 Z0.00 F500    ; PEN DOWN
G4 P100           ; DWELL
G1 X94.145 Y117.610 F5400  ; DRAW LINE
G1 X94.050 Y121.505 F5400  ; DRAW LINE
G0 Z5.00               ; PEN UP

G0 X26.695 Y121.410   ; RAPID TO START
G1 Z0.00 F500    ; PEN DOWN
G4 P100           ; DWELL
G1 X25.650 Y120.935 F5400  ; DRAW LINE
G1 X26.600 Y117.515 F5400  ; DRAW LINE
G1 X27.740 Y117.610 F5400  ; DRAW LINE
G1 X26.695 Y121.410 F5400  ; DRAW LINE
G0 Z5.00               ; PEN UP

G0 X44.080 Y121.410   ; RAPID TO START
G1 Z0.00 F500    ; PEN DOWN
G4 P100           ; DWELL
G1 X48.070 Y115.900 F5400  ; DRAW LINE
G1 X47.785 Y119.700 F5400  ; DRAW LINE
G1 X44.080 Y121.410 F5400  ; DRAW LINE
G0 Z5.00               ; PEN UP

G0 X95.190 Y121.410   ; RAPID TO START
G1 Z0.00 F500    ; PEN DOWN
G4 P100           ; DWELL
G1 X94.715 Y118.370 F5400  ; DRAW LINE
G1 X95.190 Y121.410 F5400  ; DRAW LINE
G0 Z5.00               ; PEN UP

G0 X30.305 Y121.315   ; RAPID TO START
G1 Z0.00 F500    ; PEN DOWN
G4 P100           ; DWELL
G1 X29.830 Y119.510 F5400  ; DRAW LINE
G1 X33.155 Y118.085 F5400  ; DRAW LINE
G1 X30.305 Y121.315 F5400  ; DRAW LINE
G0 Z5.00               ; PEN UP

G0 X39.995 Y121.220   ; RAPID TO START
G1 Z0.00 F500    ; PEN DOWN
G4 P100           ; DWELL
G1 X40.850 Y117.895 F5400  ; DRAW LINE
G1 X41.435 Y120.266 F5400  ; DRAW LINE
G1 X39.995 Y121.220 F5400  ; DRAW LINE
G0 Z5.00               ; PEN UP

G0 X86.545 Y121.030   ; RAPID TO START
G1 Z0.00 F500    ; PEN DOWN
G4 P100           ; DWELL
G1 X85.785 Y118.465 F5400  ; DRAW LINE
G1 X88.445 Y117.420 F5400  ; DRAW LINE
G1 X86.260 Y119.035 F5400  ; DRAW LINE
G1 X86.545 Y121.030 F5400  ; DRAW LINE
G0 Z5.00               ; PEN UP

G0 X25.080 Y120.840   ; RAPID TO START
G1 Z0.00 F500    ; PEN DOWN
G4 P100           ; DWELL
G1 X24.130 Y120.365 F5400  ; DRAW LINE
G1 X26.125 Y117.325 F5400  ; DRAW LINE
G1 X25.080 Y120.840 F5400  ; DRAW LINE
G0 Z5.00               ; PEN UP

G0 X49.495 Y120.840   ; RAPID TO START
G1 Z0.00 F500    ; PEN DOWN
G4 P100           ; DWELL
G1 X50.065 Y118.085 F5400  ; DRAW LINE
G1 X49.495 Y120.840 F5400  ; DRAW LINE
G0 Z5.00               ; PEN UP

G0 X38.665 Y120.745   ; RAPID TO START
G1 Z0.00 F500    ; PEN DOWN
G4 P100           ; DWELL
G1 X39.710 Y117.135 F5400  ; DRAW LINE
G1 X40.424 Y119.411 F5400  ; DRAW LINE
G1 X38.665 Y120.745 F5400  ; DRAW LINE
G0 Z5.00               ; PEN UP

G0 X23.750 Y120.365   ; RAPID TO START
G1 Z0.00 F500    ; PEN DOWN
G4 P100           ; DWELL
G1 X22.610 Y119.795 F5400  ; DRAW LINE
G1 X23.750 Y116.280 F5400  ; DRAW LINE
G1 X25.080 Y117.705 F5400  ; DRAW LINE
G1 X23.750 Y120.365 F5400  ; DRAW LINE
G0 Z5.00               ; PEN UP

G0 X37.430 Y120.270   ; RAPID TO START
G1 Z0.00 F500    ; PEN DOWN
G4 P100           ; DWELL
G1 X39.235 Y116.850 F5400  ; DRAW LINE
G1 X37.430 Y120.270 F5400  ; DRAW LINE
G0 Z5.00               ; PEN UP

G0 X43.700 Y120.175   ; RAPID TO START
G1 Z0.00 F500    ; PEN DOWN
G4 P100           ; DWELL
G1 X43.035 Y119.225 F5400  ; DRAW LINE
G1 X45.931 Y117.941 F5400  ; DRAW LINE
G1 X47.310 Y115.235 F5400  ; DRAW LINE
G1 X47.055 Y118.416 F5400  ; DRAW LINE
G1 X43.700 Y120.175 F5400  ; DRAW LINE
G0 Z5.00               ; PEN UP

G0 X29.165 Y120.080   ; RAPID TO START
G1 Z0.00 F500    ; PEN DOWN
G4 P100           ; DWELL
G1 X29.769 Y117.853 F5400  ; DRAW LINE
G1 X32.870 Y116.850 F5400  ; DRAW LINE
G1 X29.165 Y120.080 F5400  ; DRAW LINE
G0 Z5.00               ; PEN UP

G0 X22.230 Y119.795   ; RAPID TO START
G1 Z0.00 F500    ; PEN DOWN
G4 P100           ; DWELL
G1 X22.325 Y115.995 F5400  ; DRAW LINE
G1 X23.507 Y117.306 F5400  ; DRAW LINE
G1 X22.230 Y119.795 F5400  ; DRAW LINE
G0 Z5.00               ; PEN UP

G0 X35.720 Y119.700   ; RAPID TO START
G1 Z0.00 F500    ; PEN DOWN
G4 P100           ; DWELL
G1 X38.418 Y116.561 F5400  ; DRAW LINE
G1 X38.019 Y118.636 F5400  ; DRAW LINE
G1 X35.720 Y119.700 F5400  ; DRAW LINE
G0 Z5.00               ; PEN UP

G0 X20.710 Y119.225   ; RAPID TO START
G1 Z0.00 F500    ; PEN DOWN
G4 P100           ; DWELL
G1 X21.945 Y115.900 F5400  ; DRAW LINE
G1 X20.710 Y119.225 F5400  ; DRAW LINE
G0 Z5.00               ; PEN UP

G0 X42.750 Y119.035   ; RAPID TO START
G1 Z0.00 F500    ; PEN DOWN
G4 P100           ; DWELL
G1 X45.790 Y114.190 F5400  ; DRAW LINE
G1 X46.835 Y114.855 F5400  ; DRAW LINE
G1 X45.547 Y118.032 F5400  ; DRAW LINE
G1 X42.750 Y119.035 F5400  ; DRAW LINE
G0 Z5.00               ; PEN UP

G0 X34.390 Y118.940   ; RAPID TO START
G1 Z0.00 F500    ; PEN DOWN
G4 P100           ; DWELL
G1 X34.078 Y116.626 F5400  ; DRAW LINE
G1 X37.430 Y115.900 F5400  ; DRAW LINE
G1 X36.518 Y118.362 F5400  ; DRAW LINE
G1 X34.390 Y118.940 F5400  ; DRAW LINE
G0 Z5.00               ; PEN UP

G0 X19.380 Y118.655   ; RAPID TO START
G1 Z0.00 F500    ; PEN DOWN
G4 P100           ; DWELL
G1 X18.407 Y118.176 F5400  ; DRAW LINE
G1 X19.665 Y115.330 F5400  ; DRAW LINE
G1 X20.710 Y116.333 F5400  ; DRAW LINE
G1 X19.380 Y118.655 F5400  ; DRAW LINE
G0 Z5.00               ; PEN UP

G0 X29.070 Y118.465   ; RAPID TO START
G1 Z0.00 F500    ; PEN DOWN
G4 P100           ; DWELL
G1 X29.545 Y116.409 F5400  ; DRAW LINE
G1 X32.680 Y115.805 F5400  ; DRAW LINE
G1 X29.070 Y118.465 F5400  ; DRAW LINE
G0 Z5.00               ; PEN UP

G0 X95.950 Y118.275   ; RAPID TO START
G1 Z0.00 F500    ; PEN DOWN
G4 P100           ; DWELL
G1 X93.860 Y115.045 F5400  ; DRAW LINE
G1 X95.950 Y116.090 F5400  ; DRAW LINE
G1 X95.950 Y118.275 F5400  ; DRAW LINE
G0 Z5.00               ; PEN UP

G0 X41.895 Y118.180   ; RAPID TO START
G1 Z0.00 F500    ; PEN DOWN
G4 P100           ; DWELL
G1 X41.135 Y117.325 F5400  ; DRAW LINE
G1 X43.320 Y116.470 F5400  ; DRAW LINE
G1 X44.840 Y113.335 F5400  ; DRAW LINE
G1 X45.144 Y116.276 F5400  ; DRAW LINE
G1 X41.895 Y118.180 F5400  ; DRAW LINE
G0 Z5.00               ; PEN UP

G0 X17.860 Y117.990   ; RAPID TO START
G1 Z0.00 F500    ; PEN DOWN
G4 P100           ; DWELL
G1 X18.240 Y114.855 F5400  ; DRAW LINE
G1 X19.285 Y115.140 F5400  ; DRAW LINE
G1 X17.860 Y117.990 F5400  ; DRAW LINE
G0 Z5.00               ; PEN UP

G0 X69.445 Y117.990   ; RAPID TO START
G1 Z0.00 F500    ; PEN DOWN
G4 P100           ; DWELL
G1 X66.690 Y114.380 F5400  ; DRAW LINE
G1 X68.237 Y108.384 F5400  ; DRAW LINE
G1 X70.775 Y106.210 F5400  ; DRAW LINE
G1 X70.490 Y101.840 F5400  ; DRAW LINE
G1 X65.835 Y114.950 F5400  ; DRAW LINE
G1 X63.745 Y113.620 F5400  ; DRAW LINE
G1 X63.650 Y110.770 F5400  ; DRAW LINE
G1 X65.512 Y105.982 F5400  ; DRAW LINE
G1 X67.640 Y104.690 F5400  ; DRAW LINE
G1 X67.925 Y100.510 F5400  ; DRAW LINE
G1 X63.650 Y108.395 F5400  ; DRAW LINE
G1 X62.795 Y113.430 F5400  ; DRAW LINE
G1 X60.420 Y112.575 F5400  ; DRAW LINE
G1 X60.295 Y108.384 F5400  ; DRAW LINE
G1 X62.347 Y104.234 F5400  ; DRAW LINE
G1 X64.695 Y103.075 F5400  ; DRAW LINE
G1 X65.550 Y98.705 F5400  ; DRAW LINE
G1 X60.139 Y106.985 F5400  ; DRAW LINE
G1 X59.470 Y112.575 F5400  ; DRAW LINE
G1 X56.810 Y112.385 F5400  ; DRAW LINE
G1 X55.385 Y105.545 F5400  ; DRAW LINE
G1 X56.240 Y98.610 F5400  ; DRAW LINE
G1 X68.400 Y91.200 F5400  ; DRAW LINE
G1 X72.200 Y98.990 F5400  ; DRAW LINE
G1 X64.030 Y95.475 F5400  ; DRAW LINE
G1 X58.520 Y100.605 F5400  ; DRAW LINE
G1 X64.125 Y95.950 F5400  ; DRAW LINE
G1 X72.485 Y99.560 F5400  ; DRAW LINE
G1 X75.240 Y107.065 F5400  ; DRAW LINE
G1 X69.445 Y117.990 F5400  ; DRAW LINE
G0 Z5.00               ; PEN UP

G0 X82.460 Y117.990   ; RAPID TO START
G1 Z0.00 F500    ; PEN DOWN
G4 P100           ; DWELL
G1 X80.275 Y114.095 F5400  ; DRAW LINE
G1 X83.600 Y113.240 F5400  ; DRAW LINE
G1 X85.120 Y116.660 F5400  ; DRAW LINE
G1 X82.460 Y117.990 F5400  ; DRAW LINE
G0 Z5.00               ; PEN UP

G0 X85.785 Y117.990   ; RAPID TO START
G1 Z0.00 F500    ; PEN DOWN
G4 P100           ; DWELL
G1 X85.405 Y117.040 F5400  ; DRAW LINE
G1 X87.100 Y117.397 F5400  ; DRAW LINE
G1 X85.785 Y117.990 F5400  ; DRAW LINE
G0 Z5.00               ; PEN UP

G0 X49.780 Y117.800   ; RAPID TO START
G1 Z0.00 F500    ; PEN DOWN
G4 P100           ; DWELL
G1 X48.070 Y114.190 F5400  ; DRAW LINE
G1 X49.210 Y114.000 F5400  ; DRAW LINE
G1 X49.780 Y117.800 F5400  ; DRAW LINE
G0 Z5.00               ; PEN UP

G0 X92.055 Y117.705   ; RAPID TO START
G1 Z0.00 F500    ; PEN DOWN
G4 P100           ; DWELL
G1 X90.440 Y116.660 F5400  ; DRAW LINE
G1 X94.145 Y117.325 F5400  ; DRAW LINE
G1 X92.055 Y117.705 F5400  ; DRAW LINE
G0 Z5.00               ; PEN UP

G0 X16.720 Y117.420   ; RAPID TO START
G1 Z0.00 F500    ; PEN DOWN
G4 P100           ; DWELL
G1 X16.910 Y114.475 F5400  ; DRAW LINE
G1 X17.932 Y115.303 F5400  ; DRAW LINE
G1 X16.720 Y117.420 F5400  ; DRAW LINE
G0 Z5.00               ; PEN UP

G0 X28.500 Y117.230   ; RAPID TO START
G1 Z0.00 F500    ; PEN DOWN
G4 P100           ; DWELL
G1 X29.344 Y115.167 F5400  ; DRAW LINE
G1 X32.300 Y114.760 F5400  ; DRAW LINE
G1 X28.500 Y117.230 F5400  ; DRAW LINE
G0 Z5.00               ; PEN UP

G0 X40.755 Y117.230   ; RAPID TO START
G1 Z0.00 F500    ; PEN DOWN
G4 P100           ; DWELL
G1 X44.460 Y113.050 F5400  ; DRAW LINE
G1 X43.795 Y115.615 F5400  ; DRAW LINE
G1 X40.755 Y117.230 F5400  ; DRAW LINE
G0 Z5.00               ; PEN UP

G0 X86.735 Y117.230   ; RAPID TO START
G1 Z0.00 F500    ; PEN DOWN
G4 P100           ; DWELL
G1 X84.835 Y115.330 F5400  ; DRAW LINE
G1 X88.354 Y116.139 F5400  ; DRAW LINE
G1 X86.735 Y117.230 F5400  ; DRAW LINE
G0 Z5.00               ; PEN UP

G0 X27.930 Y117.135   ; RAPID TO START
G1 Z0.00 F500    ; PEN DOWN
G4 P100           ; DWELL
G1 X28.215 Y113.240 F5400  ; DRAW LINE
G1 X36.195 Y110.865 F5400  ; DRAW LINE
G1 X28.405 Y114.190 F5400  ; DRAW LINE
G1 X27.930 Y117.135 F5400  ; DRAW LINE
G0 Z5.00               ; PEN UP

G0 X88.350 Y117.135   ; RAPID TO START
G1 Z0.00 F500    ; PEN DOWN
G4 P100           ; DWELL
G1 X88.350 Y117.135 F5400  ; DRAW LINE
G0 Z5.00               ; PEN UP

G0 X27.170 Y117.040   ; RAPID TO START
G1 Z0.00 F500    ; PEN DOWN
G4 P100           ; DWELL
G1 X27.170 Y117.040 F5400  ; DRAW LINE
G0 Z5.00               ; PEN UP

G0 X33.440 Y116.945   ; RAPID TO START
G1 Z0.00 F500    ; PEN DOWN
G4 P100           ; DWELL
G1 X34.519 Y114.893 F5400  ; DRAW LINE
G1 X37.430 Y115.520 F5400  ; DRAW LINE
G1 X33.440 Y116.945 F5400  ; DRAW LINE
G0 Z5.00               ; PEN UP

G0 X15.485 Y116.755   ; RAPID TO START
G1 Z0.00 F500    ; PEN DOWN
G4 P100           ; DWELL
G1 X15.485 Y113.905 F5400  ; DRAW LINE
G1 X16.625 Y114.380 F5400  ; DRAW LINE
G1 X15.485 Y116.755 F5400  ; DRAW LINE
G0 Z5.00               ; PEN UP

G0 X91.580 Y116.755   ; RAPID TO START
G1 Z0.00 F500    ; PEN DOWN
G4 P100           ; DWELL
G1 X90.915 Y115.235 F5400  ; DRAW LINE
G1 X93.290 Y114.570 F5400  ; DRAW LINE
G1 X93.955 Y116.375 F5400  ; DRAW LINE
G1 X91.580 Y116.755 F5400  ; DRAW LINE
G0 Z5.00               ; PEN UP

G0 X39.615 Y116.470   ; RAPID TO START
G1 Z0.00 F500    ; PEN DOWN
G4 P100           ; DWELL
G1 X41.610 Y115.140 F5400  ; DRAW LINE
G1 X37.810 Y115.235 F5400  ; DRAW LINE
G1 X41.230 Y114.570 F5400  ; DRAW LINE
G1 X42.750 Y111.720 F5400  ; DRAW LINE
G1 X43.027 Y114.581 F5400  ; DRAW LINE
G1 X39.615 Y116.470 F5400  ; DRAW LINE
G0 Z5.00               ; PEN UP

G0 X28.120 Y116.185   ; RAPID TO START
G1 Z0.00 F500    ; PEN DOWN
G4 P100           ; DWELL
G1 X29.450 Y113.810 F5400  ; DRAW LINE
G1 X31.920 Y113.620 F5400  ; DRAW LINE
G1 X28.120 Y116.185 F5400  ; DRAW LINE
G0 Z5.00               ; PEN UP

G0 X14.060 Y115.900   ; RAPID TO START
G1 Z0.00 F500    ; PEN DOWN
G4 P100           ; DWELL
G1 X14.926 Y113.628 F5400  ; DRAW LINE
G1 X14.060 Y115.900 F5400  ; DRAW LINE
G0 Z5.00               ; PEN UP

G0 X48.830 Y115.900   ; RAPID TO START
G1 Z0.00 F500    ; PEN DOWN
G4 P100           ; DWELL
G1 X47.215 Y114.380 F5400  ; DRAW LINE
G1 X48.830 Y115.900 F5400  ; DRAW LINE
G0 Z5.00               ; PEN UP

G0 X33.250 Y115.805   ; RAPID TO START
G1 Z0.00 F500    ; PEN DOWN
G4 P100           ; DWELL
G1 X33.991 Y113.848 F5400  ; DRAW LINE
G1 X36.860 Y113.810 F5400  ; DRAW LINE
G1 X33.250 Y115.805 F5400  ; DRAW LINE
G0 Z5.00               ; PEN UP

G0 X88.065 Y115.805   ; RAPID TO START
G1 Z0.00 F500    ; PEN DOWN
G4 P100           ; DWELL
G1 X84.645 Y114.950 F5400  ; DRAW LINE
G1 X83.923 Y113.031 F5400  ; DRAW LINE
G1 X88.065 Y115.805 F5400  ; DRAW LINE
G0 Z5.00               ; PEN UP

G0 X95.285 Y115.805   ; RAPID TO START
G1 Z0.00 F500    ; PEN DOWN
G4 P100           ; DWELL
G1 X93.290 Y113.905 F5400  ; DRAW LINE
G1 X94.430 Y113.525 F5400  ; DRAW LINE
G1 X95.285 Y115.805 F5400  ; DRAW LINE
G0 Z5.00               ; PEN UP

G0 X90.535 Y115.520   ; RAPID TO START
G1 Z0.00 F500    ; PEN DOWN
G4 P100           ; DWELL
G1 X91.105 Y114.665 F5400  ; DRAW LINE
G1 X90.535 Y115.520 F5400  ; DRAW LINE
G0 Z5.00               ; PEN UP

G0 X13.015 Y115.045   ; RAPID TO START
G1 Z0.00 F500    ; PEN DOWN
G4 P100           ; DWELL
G1 X13.870 Y113.430 F5400  ; DRAW LINE
G1 X13.015 Y115.045 F5400  ; DRAW LINE
G0 Z5.00               ; PEN UP

G0 X84.265 Y115.045   ; RAPID TO START
G1 Z0.00 F500    ; PEN DOWN
G4 P100           ; DWELL
G1 X83.980 Y113.620 F5400  ; DRAW LINE
G1 X84.265 Y115.045 F5400  ; DRAW LINE
G0 Z5.00               ; PEN UP

G0 X87.780 Y115.045   ; RAPID TO START
G1 Z0.00 F500    ; PEN DOWN
G4 P100           ; DWELL
G1 X85.595 Y113.620 F5400  ; DRAW LINE
G1 X87.400 Y113.335 F5400  ; DRAW LINE
G1 X87.780 Y115.045 F5400  ; DRAW LINE
G0 Z5.00               ; PEN UP

G0 X37.810 Y114.950   ; RAPID TO START
G1 Z0.00 F500    ; PEN DOWN
G4 P100           ; DWELL
G1 X37.335 Y114.000 F5400  ; DRAW LINE
G1 X40.417 Y113.506 F5400  ; DRAW LINE
G1 X42.370 Y111.245 F5400  ; DRAW LINE
G1 X41.420 Y114.190 F5400  ; DRAW LINE
G1 X37.810 Y114.950 F5400  ; DRAW LINE
G0 Z5.00               ; PEN UP

G0 X90.440 Y114.855   ; RAPID TO START
G1 Z0.00 F500    ; PEN DOWN
G4 P100           ; DWELL
G1 X90.440 Y114.855 F5400  ; DRAW LINE
G0 Z5.00               ; PEN UP

G0 X32.680 Y114.760   ; RAPID TO START
G1 Z0.00 F500    ; PEN DOWN
G4 P100           ; DWELL
G1 X33.565 Y112.647 F5400  ; DRAW LINE
G1 X36.742 Y112.978 F5400  ; DRAW LINE
G1 X32.680 Y114.760 F5400  ; DRAW LINE
G0 Z5.00               ; PEN UP

G0 X91.960 Y114.665   ; RAPID TO START
G1 Z0.00 F500    ; PEN DOWN
G4 P100           ; DWELL
G1 X93.100 Y113.977 F5400  ; DRAW LINE
G1 X91.960 Y114.665 F5400  ; DRAW LINE
G0 Z5.00               ; PEN UP

G0 X91.200 Y114.475   ; RAPID TO START
G1 Z0.00 F500    ; PEN DOWN
G4 P100           ; DWELL
G1 X91.960 Y112.005 F5400  ; DRAW LINE
G1 X92.815 Y113.525 F5400  ; DRAW LINE
G1 X91.200 Y114.475 F5400  ; DRAW LINE
G0 Z5.00               ; PEN UP

G0 X46.835 Y114.285   ; RAPID TO START
G1 Z0.00 F500    ; PEN DOWN
G4 P100           ; DWELL
G1 X43.700 Y111.720 F5400  ; DRAW LINE
G1 X46.930 Y112.385 F5400  ; DRAW LINE
G1 X46.835 Y114.285 F5400  ; DRAW LINE
G0 Z5.00               ; PEN UP

G0 X90.725 Y114.190   ; RAPID TO START
G1 Z0.00 F500    ; PEN DOWN
G4 P100           ; DWELL
G1 X89.205 Y111.150 F5400  ; DRAW LINE
G1 X91.694 Y112.290 F5400  ; DRAW LINE
G1 X90.725 Y114.190 F5400  ; DRAW LINE
G0 Z5.00               ; PEN UP

G0 X47.690 Y114.095   ; RAPID TO START
G1 Z0.00 F500    ; PEN DOWN
G4 P100           ; DWELL
G1 X47.310 Y111.530 F5400  ; DRAW LINE
G1 X49.020 Y113.810 F5400  ; DRAW LINE
G1 X47.690 Y114.095 F5400  ; DRAW LINE
G0 Z5.00               ; PEN UP

G0 X80.655 Y114.000   ; RAPID TO START
G1 Z0.00 F500    ; PEN DOWN
G4 P100           ; DWELL
G1 X78.185 Y110.390 F5400  ; DRAW LINE
G1 X81.700 Y109.345 F5400  ; DRAW LINE
G1 X83.520 Y112.860 F5400  ; DRAW LINE
G1 X80.655 Y114.000 F5400  ; DRAW LINE
G0 Z5.00               ; PEN UP

G0 X32.395 Y113.905   ; RAPID TO START
G1 Z0.00 F500    ; PEN DOWN
G4 P100           ; DWELL
G1 X33.638 Y111.522 F5400  ; DRAW LINE
G1 X37.335 Y112.385 F5400  ; DRAW LINE
G1 X33.980 Y112.336 F5400  ; DRAW LINE
G1 X32.395 Y113.905 F5400  ; DRAW LINE
G0 Z5.00               ; PEN UP

G0 X37.335 Y113.715   ; RAPID TO START
G1 Z0.00 F500    ; PEN DOWN
G4 P100           ; DWELL
G1 X37.335 Y113.715 F5400  ; DRAW LINE
G0 Z5.00               ; PEN UP

G0 X38.760 Y113.620   ; RAPID TO START
G1 Z0.00 F500    ; PEN DOWN
G4 P100           ; DWELL
G1 X37.905 Y112.670 F5400  ; DRAW LINE
G1 X39.805 Y112.290 F5400  ; DRAW LINE
G1 X40.755 Y109.820 F5400  ; DRAW LINE
G1 X41.177 Y112.332 F5400  ; DRAW LINE
G1 X38.760 Y113.620 F5400  ; DRAW LINE
G0 Z5.00               ; PEN UP

G0 X93.100 Y113.525   ; RAPID TO START
G1 Z0.00 F500    ; PEN DOWN
G4 P100           ; DWELL
G1 X92.625 Y112.480 F5400  ; DRAW LINE
G1 X93.100 Y113.525 F5400  ; DRAW LINE
G0 Z5.00               ; PEN UP

G0 X85.975 Y113.335   ; RAPID TO START
G1 Z0.00 F500    ; PEN DOWN
G4 P100           ; DWELL
G1 X83.885 Y112.765 F5400  ; DRAW LINE
G1 X82.053 Y109.417 F5400  ; DRAW LINE
G1 X87.020 Y109.345 F5400  ; DRAW LINE
G1 X87.400 Y113.050 F5400  ; DRAW LINE
G1 X85.975 Y113.335 F5400  ; DRAW LINE
G0 Z5.00               ; PEN UP

G0 X94.050 Y113.240   ; RAPID TO START
G1 Z0.00 F500    ; PEN DOWN
G4 P100           ; DWELL
G1 X94.050 Y113.240 F5400  ; DRAW LINE
G0 Z5.00               ; PEN UP

G0 X93.290 Y112.765   ; RAPID TO START
G1 Z0.00 F500    ; PEN DOWN
G4 P100           ; DWELL
G1 X91.390 Y110.865 F5400  ; DRAW LINE
G1 X93.290 Y112.765 F5400  ; DRAW LINE
G0 Z5.00               ; PEN UP

G0 X38.475 Y112.480   ; RAPID TO START
G1 Z0.00 F500    ; PEN DOWN
G4 P100           ; DWELL
G1 X37.335 Y111.435 F5400  ; DRAW LINE
G1 X39.326 Y110.899 F5400  ; DRAW LINE
G1 X39.995 Y108.680 F5400  ; DRAW LINE
G1 X40.090 Y111.625 F5400  ; DRAW LINE
G1 X38.475 Y112.480 F5400  ; DRAW LINE
G0 Z5.00               ; PEN UP

G0 X45.980 Y111.720   ; RAPID TO START
G1 Z0.00 F500    ; PEN DOWN
G4 P100           ; DWELL
G1 X47.245 Y110.971 F5400  ; DRAW LINE
G1 X45.980 Y111.720 F5400  ; DRAW LINE
G0 Z5.00               ; PEN UP

G0 X90.820 Y111.720   ; RAPID TO START
G1 Z0.00 F500    ; PEN DOWN
G4 P100           ; DWELL
G1 X87.305 Y108.870 F5400  ; DRAW LINE
G1 X89.490 Y109.155 F5400  ; DRAW LINE
G1 X90.820 Y111.720 F5400  ; DRAW LINE
G0 Z5.00               ; PEN UP

G0 X43.415 Y111.625   ; RAPID TO START
G1 Z0.00 F500    ; PEN DOWN
G4 P100           ; DWELL
G1 X41.610 Y109.155 F5400  ; DRAW LINE
G1 X44.099 Y109.972 F5400  ; DRAW LINE
G1 X43.415 Y111.625 F5400  ; DRAW LINE
G0 Z5.00               ; PEN UP

G0 X37.240 Y111.245   ; RAPID TO START
G1 Z0.00 F500    ; PEN DOWN
G4 P100           ; DWELL
G1 X39.330 Y107.635 F5400  ; DRAW LINE
G1 X39.235 Y110.770 F5400  ; DRAW LINE
G1 X37.240 Y111.245 F5400  ; DRAW LINE
G0 Z5.00               ; PEN UP

G0 X44.745 Y111.245   ; RAPID TO START
G1 Z0.00 F500    ; PEN DOWN
G4 P100           ; DWELL
G1 X42.085 Y108.775 F5400  ; DRAW LINE
G1 X46.740 Y110.580 F5400  ; DRAW LINE
G1 X44.745 Y111.245 F5400  ; DRAW LINE
G0 Z5.00               ; PEN UP

G0 X47.785 Y111.055   ; RAPID TO START
G1 Z0.00 F500    ; PEN DOWN
G4 P100           ; DWELL
G1 X42.750 Y107.920 F5400  ; DRAW LINE
G1 X47.211 Y109.364 F5400  ; DRAW LINE
G1 X48.830 Y110.675 F5400  ; DRAW LINE
G1 X47.785 Y111.055 F5400  ; DRAW LINE
G0 Z5.00               ; PEN UP

G0 X92.245 Y110.770   ; RAPID TO START
G1 Z0.00 F500    ; PEN DOWN
G4 P100           ; DWELL
G1 X89.707 Y109.478 F5400  ; DRAW LINE
G1 X89.680 Y106.723 F5400  ; DRAW LINE
G1 X92.245 Y110.770 F5400  ; DRAW LINE
G0 Z5.00               ; PEN UP

G0 X37.145 Y110.390   ; RAPID TO START
G1 Z0.00 F500    ; PEN DOWN
G4 P100           ; DWELL
G1 X35.625 Y108.775 F5400  ; DRAW LINE
G1 X37.810 Y108.870 F5400  ; DRAW LINE
G1 X38.760 Y106.685 F5400  ; DRAW LINE
G1 X38.711 Y109.482 F5400  ; DRAW LINE
G1 X37.145 Y110.390 F5400  ; DRAW LINE
G0 Z5.00               ; PEN UP

G0 X78.755 Y110.295   ; RAPID TO START
G1 Z0.00 F500    ; PEN DOWN
G4 P100           ; DWELL
G1 X76.665 Y107.540 F5400  ; DRAW LINE
G1 X79.990 Y107.160 F5400  ; DRAW LINE
G1 X81.510 Y108.965 F5400  ; DRAW LINE
G1 X78.755 Y110.295 F5400  ; DRAW LINE
G0 Z5.00               ; PEN UP

G0 X84.170 Y109.725   ; RAPID TO START
G1 Z0.00 F500    ; PEN DOWN
G4 P100           ; DWELL
G1 X80.180 Y107.160 F5400  ; DRAW LINE
G1 X86.355 Y108.585 F5400  ; DRAW LINE
G1 X84.170 Y109.725 F5400  ; DRAW LINE
G0 Z5.00               ; PEN UP

G0 X41.135 Y109.250   ; RAPID TO START
G1 Z0.00 F500    ; PEN DOWN
G4 P100           ; DWELL
G1 X41.135 Y109.250 F5400  ; DRAW LINE
G0 Z5.00               ; PEN UP

G0 X88.635 Y108.965   ; RAPID TO START
G1 Z0.00 F500    ; PEN DOWN
G4 P100           ; DWELL
G1 X85.975 Y107.730 F5400  ; DRAW LINE
G1 X85.215 Y105.165 F5400  ; DRAW LINE
G1 X89.395 Y106.305 F5400  ; DRAW LINE
G1 X88.635 Y108.965 F5400  ; DRAW LINE
G0 Z5.00               ; PEN UP

G0 X36.480 Y108.870   ; RAPID TO START
G1 Z0.00 F500    ; PEN DOWN
G4 P100           ; DWELL
G1 X35.340 Y107.540 F5400  ; DRAW LINE
G1 X37.240 Y107.445 F5400  ; DRAW LINE
G1 X38.095 Y105.260 F5400  ; DRAW LINE
G1 X38.262 Y107.954 F5400  ; DRAW LINE
G1 X36.480 Y108.870 F5400  ; DRAW LINE
G0 Z5.00               ; PEN UP

G0 X41.420 Y108.870   ; RAPID TO START
G1 Z0.00 F500    ; PEN DOWN
G4 P100           ; DWELL
G1 X40.280 Y108.110 F5400  ; DRAW LINE
G1 X42.290 Y108.194 F5400  ; DRAW LINE
G1 X41.420 Y108.870 F5400  ; DRAW LINE
G0 Z5.00               ; PEN UP

G0 X85.690 Y107.730   ; RAPID TO START
G1 Z0.00 F500    ; PEN DOWN
G4 P100           ; DWELL
G1 X79.800 Y106.590 F5400  ; DRAW LINE
G1 X79.515 Y104.880 F5400  ; DRAW LINE
G1 X79.515 Y106.685 F5400  ; DRAW LINE
G1 X75.905 Y107.255 F5400  ; DRAW LINE
G1 X73.910 Y102.220 F5400  ; DRAW LINE
G1 X77.045 Y101.650 F5400  ; DRAW LINE
G1 X83.832 Y104.591 F5400  ; DRAW LINE
G1 X78.755 Y102.980 F5400  ; DRAW LINE
G1 X76.000 Y105.070 F5400  ; DRAW LINE
G1 X84.645 Y104.595 F5400  ; DRAW LINE
G1 X85.690 Y107.730 F5400  ; DRAW LINE
G0 Z5.00               ; PEN UP

G0 X36.100 Y107.540   ; RAPID TO START
G1 Z0.00 F500    ; PEN DOWN
G4 P100           ; DWELL
G1 X34.865 Y106.590 F5400  ; DRAW LINE
G1 X36.765 Y106.210 F5400  ; DRAW LINE
G1 X37.430 Y104.215 F5400  ; DRAW LINE
G1 X37.715 Y106.210 F5400  ; DRAW LINE
G1 X36.100 Y107.540 F5400  ; DRAW LINE
G0 Z5.00               ; PEN UP

G0 X75.430 Y107.445   ; RAPID TO START
G1 Z0.00 F500    ; PEN DOWN
G4 P100           ; DWELL
G1 X75.430 Y107.445 F5400  ; DRAW LINE
G0 Z5.00               ; PEN UP

G0 X90.915 Y107.350   ; RAPID TO START
G1 Z0.00 F500    ; PEN DOWN
G4 P100           ; DWELL
G1 X89.680 Y105.925 F5400  ; DRAW LINE
G1 X90.915 Y107.350 F5400  ; DRAW LINE
G0 Z5.00               ; PEN UP

G0 X35.245 Y106.400   ; RAPID TO START
G1 Z0.00 F500    ; PEN DOWN
G4 P100           ; DWELL
G1 X34.485 Y105.545 F5400  ; DRAW LINE
G1 X36.480 Y103.170 F5400  ; DRAW LINE
G1 X36.955 Y105.545 F5400  ; DRAW LINE
G1 X35.245 Y106.400 F5400  ; DRAW LINE
G0 Z5.00               ; PEN UP

G0 X87.970 Y106.210   ; RAPID TO START
G1 Z0.00 F500    ; PEN DOWN
G4 P100           ; DWELL
G1 X84.930 Y104.500 F5400  ; DRAW LINE
G1 X88.350 Y104.880 F5400  ; DRAW LINE
G1 X89.395 Y105.925 F5400  ; DRAW LINE
G1 X87.970 Y106.210 F5400  ; DRAW LINE
G0 Z5.00               ; PEN UP

G0 X34.960 Y105.450   ; RAPID TO START
G1 Z0.00 F500    ; PEN DOWN
G4 P100           ; DWELL
G1 X34.010 Y104.595 F5400  ; DRAW LINE
G1 X35.815 Y102.790 F5400  ; DRAW LINE
G1 X34.960 Y105.450 F5400  ; DRAW LINE
G0 Z5.00               ; PEN UP

G0 X104.215 Y104.690   ; RAPID TO START
G1 Z0.00 F500    ; PEN DOWN
G4 P100           ; DWELL
G1 X100.890 Y104.120 F5400  ; DRAW LINE
G1 X100.225 Y101.650 F5400  ; DRAW LINE
G1 X104.511 Y101.635 F5400  ; DRAW LINE
G1 X104.215 Y104.690 F5400  ; DRAW LINE
G0 Z5.00               ; PEN UP

G0 X104.880 Y104.690   ; RAPID TO START
G1 Z0.00 F500    ; PEN DOWN
G4 P100           ; DWELL
G1 X104.785 Y101.650 F5400  ; DRAW LINE
G1 X108.802 Y102.292 F5400  ; DRAW LINE
G1 X111.625 Y99.750 F5400  ; DRAW LINE
G1 X112.100 Y102.600 F5400  ; DRAW LINE
G1 X104.880 Y104.690 F5400  ; DRAW LINE
G0 Z5.00               ; PEN UP

G0 X34.105 Y104.405   ; RAPID TO START
G1 Z0.00 F500    ; PEN DOWN
G4 P100           ; DWELL
G1 X33.535 Y103.360 F5400  ; DRAW LINE
G1 X35.348 Y102.630 F5400  ; DRAW LINE
G1 X34.105 Y104.405 F5400  ; DRAW LINE
G0 Z5.00               ; PEN UP

G0 X87.495 Y104.405   ; RAPID TO START
G1 Z0.00 F500    ; PEN DOWN
G4 P100           ; DWELL
G1 X84.550 Y104.025 F5400  ; DRAW LINE
G1 X82.555 Y101.080 F5400  ; DRAW LINE
G1 X84.360 Y104.120 F5400  ; DRAW LINE
G1 X77.520 Y100.890 F5400  ; DRAW LINE
G1 X82.365 Y100.890 F5400  ; DRAW LINE
G1 X87.495 Y104.405 F5400  ; DRAW LINE
G0 Z5.00               ; PEN UP

G0 X100.130 Y103.930   ; RAPID TO START
G1 Z0.00 F500    ; PEN DOWN
G4 P100           ; DWELL
G1 X98.800 Y102.125 F5400  ; DRAW LINE
G1 X99.845 Y101.650 F5400  ; DRAW LINE
G1 X100.130 Y103.930 F5400  ; DRAW LINE
G0 Z5.00               ; PEN UP

G0 X112.290 Y102.315   ; RAPID TO START
G1 Z0.00 F500    ; PEN DOWN
G4 P100           ; DWELL
G1 X111.815 Y99.465 F5400  ; DRAW LINE
G1 X112.290 Y102.315 F5400  ; DRAW LINE
G0 Z5.00               ; PEN UP

G0 X101.745 Y102.220   ; RAPID TO START
G1 Z0.00 F500    ; PEN DOWN
G4 P100           ; DWELL
G1 X100.035 Y101.270 F5400  ; DRAW LINE
G1 X99.370 Y97.565 F5400  ; DRAW LINE
G1 X104.120 Y97.090 F5400  ; DRAW LINE
G1 X104.500 Y101.175 F5400  ; DRAW LINE
G1 X101.745 Y102.220 F5400  ; DRAW LINE
G0 Z5.00               ; PEN UP

G0 X106.970 Y102.220   ; RAPID TO START
G1 Z0.00 F500    ; PEN DOWN
G4 P100           ; DWELL
G1 X104.690 Y101.080 F5400  ; DRAW LINE
G1 X104.310 Y97.185 F5400  ; DRAW LINE
G1 X108.205 Y97.185 F5400  ; DRAW LINE
G1 X110.390 Y95.000 F5400  ; DRAW LINE
G1 X111.116 Y99.913 F5400  ; DRAW LINE
G1 X106.970 Y102.220 F5400  ; DRAW LINE
G0 Z5.00               ; PEN UP

G0 X74.385 Y102.125   ; RAPID TO START
G1 Z0.00 F500    ; PEN DOWN
G4 P100           ; DWELL
G1 X73.055 Y99.845 F5400  ; DRAW LINE
G1 X76.380 Y101.460 F5400  ; DRAW LINE
G1 X74.385 Y102.125 F5400  ; DRAW LINE
G0 Z5.00               ; PEN UP

G0 X85.025 Y102.030   ; RAPID TO START
G1 Z0.00 F500    ; PEN DOWN
G4 P100           ; DWELL
G1 X80.845 Y98.040 F5400  ; DRAW LINE
G1 X85.025 Y102.030 F5400  ; DRAW LINE
G0 Z5.00               ; PEN UP

G0 X98.895 Y101.935   ; RAPID TO START
G1 Z0.00 F500    ; PEN DOWN
G4 P100           ; DWELL
G1 X97.945 Y98.040 F5400  ; DRAW LINE
G1 X99.085 Y97.565 F5400  ; DRAW LINE
G1 X98.895 Y101.935 F5400  ; DRAW LINE
G0 Z5.00               ; PEN UP

G0 X113.335 Y101.460   ; RAPID TO START
G1 Z0.00 F500    ; PEN DOWN
G4 P100           ; DWELL
G1 X113.050 Y99.655 F5400  ; DRAW LINE
G1 X115.520 Y96.995 F5400  ; DRAW LINE
G1 X113.335 Y101.460 F5400  ; DRAW LINE
G0 Z5.00               ; PEN UP

G0 X77.330 Y101.365   ; RAPID TO START
G1 Z0.00 F500    ; PEN DOWN
G4 P100           ; DWELL
G1 X77.330 Y101.365 F5400  ; DRAW LINE
G0 Z5.00               ; PEN UP

G0 X79.705 Y101.270   ; RAPID TO START
G1 Z0.00 F500    ; PEN DOWN
G4 P100           ; DWELL
G1 X76.380 Y99.275 F5400  ; DRAW LINE
G1 X76.855 Y100.985 F5400  ; DRAW LINE
G1 X74.195 Y99.750 F5400  ; DRAW LINE
G1 X75.335 Y98.230 F5400  ; DRAW LINE
G1 X73.074 Y99.408 F5400  ; DRAW LINE
G1 X71.915 Y97.185 F5400  ; DRAW LINE
G1 X74.290 Y95.760 F5400  ; DRAW LINE
G1 X76.380 Y99.085 F5400  ; DRAW LINE
G1 X75.810 Y97.945 F5400  ; DRAW LINE
G1 X79.515 Y97.755 F5400  ; DRAW LINE
G1 X75.525 Y97.660 F5400  ; DRAW LINE
G1 X74.480 Y95.665 F5400  ; DRAW LINE
G1 X78.470 Y95.950 F5400  ; DRAW LINE
G1 X81.510 Y100.510 F5400  ; DRAW LINE
G1 X79.705 Y101.270 F5400  ; DRAW LINE
G0 Z5.00               ; PEN UP

G0 X112.290 Y99.275   ; RAPID TO START
G1 Z0.00 F500    ; PEN DOWN
G4 P100           ; DWELL
G1 X110.675 Y94.905 F5400  ; DRAW LINE
G1 X112.290 Y99.275 F5400  ; DRAW LINE
G0 Z5.00               ; PEN UP

G0 X112.955 Y99.180   ; RAPID TO START
G1 Z0.00 F500    ; PEN DOWN
G4 P100           ; DWELL
G1 X111.910 Y95.000 F5400  ; DRAW LINE
G1 X113.905 Y93.575 F5400  ; DRAW LINE
G1 X115.178 Y96.839 F5400  ; DRAW LINE
G1 X112.955 Y99.180 F5400  ; DRAW LINE
G0 Z5.00               ; PEN UP

G0 X82.080 Y98.230   ; RAPID TO START
G1 Z0.00 F500    ; PEN DOWN
G4 P100           ; DWELL
G1 X79.325 Y96.140 F5400  ; DRAW LINE
G1 X82.080 Y98.230 F5400  ; DRAW LINE
G0 Z5.00               ; PEN UP

G0 X56.240 Y98.135   ; RAPID TO START
G1 Z0.00 F500    ; PEN DOWN
G4 P100           ; DWELL
G1 X57.190 Y94.810 F5400  ; DRAW LINE
G1 X57.665 Y96.900 F5400  ; DRAW LINE
G1 X56.240 Y98.135 F5400  ; DRAW LINE
G0 Z5.00               ; PEN UP

G0 X100.605 Y97.850   ; RAPID TO START
G1 Z0.00 F500    ; PEN DOWN
G4 P100           ; DWELL
G1 X98.990 Y93.385 F5400  ; DRAW LINE
G1 X103.455 Y92.720 F5400  ; DRAW LINE
G1 X104.025 Y96.710 F5400  ; DRAW LINE
G1 X100.605 Y97.850 F5400  ; DRAW LINE
G0 Z5.00               ; PEN UP

G0 X97.945 Y97.755   ; RAPID TO START
G1 Z0.00 F500    ; PEN DOWN
G4 P100           ; DWELL
G1 X98.705 Y93.575 F5400  ; DRAW LINE
G1 X99.085 Y97.185 F5400  ; DRAW LINE
G1 X97.945 Y97.755 F5400  ; DRAW LINE
G0 Z5.00               ; PEN UP

G0 X105.830 Y97.280   ; RAPID TO START
G1 Z0.00 F500    ; PEN DOWN
G4 P100           ; DWELL
G1 X104.215 Y96.425 F5400  ; DRAW LINE
G1 X103.645 Y92.530 F5400  ; DRAW LINE
G1 X106.780 Y92.720 F5400  ; DRAW LINE
G1 X109.060 Y90.915 F5400  ; DRAW LINE
G1 X110.295 Y94.430 F5400  ; DRAW LINE
G1 X105.830 Y97.280 F5400  ; DRAW LINE
G0 Z5.00               ; PEN UP

G0 X71.725 Y96.995   ; RAPID TO START
G1 Z0.00 F500    ; PEN DOWN
G4 P100           ; DWELL
G1 X70.585 Y93.860 F5400  ; DRAW LINE
G1 X73.055 Y92.720 F5400  ; DRAW LINE
G1 X73.910 Y95.095 F5400  ; DRAW LINE
G1 X72.390 Y94.715 F5400  ; DRAW LINE
G1 X73.910 Y95.475 F5400  ; DRAW LINE
G1 X71.725 Y96.995 F5400  ; DRAW LINE
G0 Z5.00               ; PEN UP

G0 X58.045 Y96.710   ; RAPID TO START
G1 Z0.00 F500    ; PEN DOWN
G4 P100           ; DWELL
G1 X57.285 Y94.620 F5400  ; DRAW LINE
G1 X59.375 Y93.480 F5400  ; DRAW LINE
G1 X59.945 Y95.095 F5400  ; DRAW LINE
G1 X58.045 Y96.710 F5400  ; DRAW LINE
G0 Z5.00               ; PEN UP

G0 X79.990 Y96.045   ; RAPID TO START
G1 Z0.00 F500    ; PEN DOWN
G4 P100           ; DWELL
G1 X77.235 Y95.285 F5400  ; DRAW LINE
G1 X76.000 Y92.530 F5400  ; DRAW LINE
G1 X78.470 Y92.530 F5400  ; DRAW LINE
G1 X79.990 Y96.045 F5400  ; DRAW LINE
G0 Z5.00               ; PEN UP

G0 X56.145 Y95.285   ; RAPID TO START
G1 Z0.00 F500    ; PEN DOWN
G4 P100           ; DWELL
G1 X56.715 Y92.910 F5400  ; DRAW LINE
G1 X56.145 Y95.285 F5400  ; DRAW LINE
G0 Z5.00               ; PEN UP

G0 X74.480 Y95.285   ; RAPID TO START
G1 Z0.00 F500    ; PEN DOWN
G4 P100           ; DWELL
G1 X73.340 Y92.720 F5400  ; DRAW LINE
G1 X75.715 Y92.435 F5400  ; DRAW LINE
G1 X76.855 Y95.285 F5400  ; DRAW LINE
G1 X74.480 Y95.285 F5400  ; DRAW LINE
G0 Z5.00               ; PEN UP

G0 X60.230 Y95.000   ; RAPID TO START
G1 Z0.00 F500    ; PEN DOWN
G4 P100           ; DWELL
G1 X59.470 Y93.290 F5400  ; DRAW LINE
G1 X61.655 Y91.865 F5400  ; DRAW LINE
G1 X62.320 Y93.575 F5400  ; DRAW LINE
G1 X60.230 Y95.000 F5400  ; DRAW LINE
G0 Z5.00               ; PEN UP

G0 X114.950 Y95.000   ; RAPID TO START
G1 Z0.00 F500    ; PEN DOWN
G4 P100           ; DWELL
G1 X114.015 Y93.043 F5400  ; DRAW LINE
G1 X114.950 Y95.000 F5400  ; DRAW LINE
G0 Z5.00               ; PEN UP

G0 X112.005 Y94.810   ; RAPID TO START
G1 Z0.00 F500    ; PEN DOWN
G4 P100           ; DWELL
G1 X109.725 Y90.820 F5400  ; DRAW LINE
G1 X111.682 Y89.745 F5400  ; DRAW LINE
G1 X113.620 Y93.005 F5400  ; DRAW LINE
G1 X112.005 Y94.810 F5400  ; DRAW LINE
G0 Z5.00               ; PEN UP

G0 X111.150 Y94.715   ; RAPID TO START
G1 Z0.00 F500    ; PEN DOWN
G4 P100           ; DWELL
G1 X109.250 Y90.820 F5400  ; DRAW LINE
G1 X111.150 Y94.715 F5400  ; DRAW LINE
G0 Z5.00               ; PEN UP

G0 X57.570 Y94.430   ; RAPID TO START
G1 Z0.00 F500    ; PEN DOWN
G4 P100           ; DWELL
G1 X56.810 Y92.720 F5400  ; DRAW LINE
G1 X58.805 Y91.675 F5400  ; DRAW LINE
G1 X57.570 Y94.430 F5400  ; DRAW LINE
G0 Z5.00               ; PEN UP

G0 X97.850 Y93.765   ; RAPID TO START
G1 Z0.00 F500    ; PEN DOWN
G4 P100           ; DWELL
G1 X98.800 Y89.775 F5400  ; DRAW LINE
G1 X97.850 Y93.765 F5400  ; DRAW LINE
G0 Z5.00               ; PEN UP

G0 X70.395 Y93.670   ; RAPID TO START
G1 Z0.00 F500    ; PEN DOWN
G4 P100           ; DWELL
G1 X69.160 Y91.105 F5400  ; DRAW LINE
G1 X71.535 Y89.870 F5400  ; DRAW LINE
G1 X72.865 Y92.530 F5400  ; DRAW LINE
G1 X70.395 Y93.670 F5400  ; DRAW LINE
G0 Z5.00               ; PEN UP

G0 X100.510 Y93.670   ; RAPID TO START
G1 Z0.00 F500    ; PEN DOWN
G4 P100           ; DWELL
G1 X98.990 Y93.005 F5400  ; DRAW LINE
G1 X98.990 Y89.585 F5400  ; DRAW LINE
G1 X102.600 Y88.730 F5400  ; DRAW LINE
G1 X103.360 Y92.340 F5400  ; DRAW LINE
G1 X100.510 Y93.670 F5400  ; DRAW LINE
G0 Z5.00               ; PEN UP

G0 X62.605 Y93.480   ; RAPID TO START
G1 Z0.00 F500    ; PEN DOWN
G4 P100           ; DWELL
G1 X61.845 Y91.485 F5400  ; DRAW LINE
G1 X64.600 Y90.060 F5400  ; DRAW LINE
G1 X65.265 Y91.960 F5400  ; DRAW LINE
G1 X62.605 Y93.480 F5400  ; DRAW LINE
G0 Z5.00               ; PEN UP

G0 X79.135 Y93.100   ; RAPID TO START
G1 Z0.00 F500    ; PEN DOWN
G4 P100           ; DWELL
G1 X79.135 Y93.100 F5400  ; DRAW LINE
G0 Z5.00               ; PEN UP

G0 X59.470 Y93.005   ; RAPID TO START
G1 Z0.00 F500    ; PEN DOWN
G4 P100           ; DWELL
G1 X58.900 Y91.390 F5400  ; DRAW LINE
G1 X60.895 Y90.060 F5400  ; DRAW LINE
G1 X61.294 Y92.135 F5400  ; DRAW LINE
G1 X59.470 Y93.005 F5400  ; DRAW LINE
G0 Z5.00               ; PEN UP

G0 X113.715 Y92.815   ; RAPID TO START
G1 Z0.00 F500    ; PEN DOWN
G4 P100           ; DWELL
G1 X112.195 Y89.490 F5400  ; DRAW LINE
G1 X113.715 Y92.815 F5400  ; DRAW LINE
G0 Z5.00               ; PEN UP

G0 X73.910 Y92.720   ; RAPID TO START
G1 Z0.00 F500    ; PEN DOWN
G4 P100           ; DWELL
G1 X71.915 Y89.965 F5400  ; DRAW LINE
G1 X74.613 Y90.269 F5400  ; DRAW LINE
G1 X75.525 Y92.245 F5400  ; DRAW LINE
G1 X73.910 Y92.720 F5400  ; DRAW LINE
G0 Z5.00               ; PEN UP

G0 X77.045 Y92.625   ; RAPID TO START
G1 Z0.00 F500    ; PEN DOWN
G4 P100           ; DWELL
G1 X75.905 Y90.440 F5400  ; DRAW LINE
G1 X78.185 Y92.055 F5400  ; DRAW LINE
G1 X77.045 Y92.625 F5400  ; DRAW LINE
G0 Z5.00               ; PEN UP

G0 X105.165 Y92.625   ; RAPID TO START
G1 Z0.00 F500    ; PEN DOWN
G4 P100           ; DWELL
G1 X103.455 Y91.865 F5400  ; DRAW LINE
G1 X102.790 Y88.445 F5400  ; DRAW LINE
G1 X107.255 Y87.020 F5400  ; DRAW LINE
G1 X108.718 Y90.862 F5400  ; DRAW LINE
G1 X105.165 Y92.625 F5400  ; DRAW LINE
G0 Z5.00               ; PEN UP

G0 X76.380 Y92.435   ; RAPID TO START
G1 Z0.00 F500    ; PEN DOWN
G4 P100           ; DWELL
G1 X74.765 Y90.155 F5400  ; DRAW LINE
G1 X76.380 Y92.435 F5400  ; DRAW LINE
G0 Z5.00               ; PEN UP

G0 X78.565 Y92.245   ; RAPID TO START
G1 Z0.00 F500    ; PEN DOWN
G4 P100           ; DWELL
G1 X77.520 Y90.573 F5400  ; DRAW LINE
G1 X78.565 Y92.245 F5400  ; DRAW LINE
G0 Z5.00               ; PEN UP

G0 X65.645 Y91.960   ; RAPID TO START
G1 Z0.00 F500    ; PEN DOWN
G4 P100           ; DWELL
G1 X64.737 Y89.809 F5400  ; DRAW LINE
G1 X67.830 Y88.920 F5400  ; DRAW LINE
G1 X68.590 Y90.915 F5400  ; DRAW LINE
G1 X65.645 Y91.960 F5400  ; DRAW LINE
G0 Z5.00               ; PEN UP

G0 X61.750 Y91.295   ; RAPID TO START
G1 Z0.00 F500    ; PEN DOWN
G4 P100           ; DWELL
G1 X61.180 Y89.775 F5400  ; DRAW LINE
G1 X63.840 Y88.255 F5400  ; DRAW LINE
G1 X64.163 Y90.242 F5400  ; DRAW LINE
G1 X61.750 Y91.295 F5400  ; DRAW LINE
G0 Z5.00               ; PEN UP

G0 X69.065 Y90.915   ; RAPID TO START
G1 Z0.00 F500    ; PEN DOWN
G4 P100           ; DWELL
G1 X67.925 Y88.635 F5400  ; DRAW LINE
G1 X70.300 Y87.685 F5400  ; DRAW LINE
G1 X71.155 Y89.395 F5400  ; DRAW LINE
G1 X69.065 Y90.915 F5400  ; DRAW LINE
G0 Z5.00               ; PEN UP

G0 X109.630 Y90.535   ; RAPID TO START
G1 Z0.00 F500    ; PEN DOWN
G4 P100           ; DWELL
G1 X107.540 Y86.925 F5400  ; DRAW LINE
G1 X109.820 Y86.165 F5400  ; DRAW LINE
G1 X111.625 Y89.205 F5400  ; DRAW LINE
G1 X109.630 Y90.535 F5400  ; DRAW LINE
G0 Z5.00               ; PEN UP

G0 X77.710 Y90.440   ; RAPID TO START
G1 Z0.00 F500    ; PEN DOWN
G4 P100           ; DWELL
G1 X76.475 Y88.825 F5400  ; DRAW LINE
G1 X77.710 Y90.440 F5400  ; DRAW LINE
G0 Z5.00               ; PEN UP

G0 X75.810 Y90.250   ; RAPID TO START
G1 Z0.00 F500    ; PEN DOWN
G4 P100           ; DWELL
G1 X73.245 Y87.495 F5400  ; DRAW LINE
G1 X75.905 Y88.160 F5400  ; DRAW LINE
G1 X76.855 Y89.965 F5400  ; DRAW LINE
G1 X75.810 Y90.250 F5400  ; DRAW LINE
G0 Z5.00               ; PEN UP

G0 X72.580 Y89.965   ; RAPID TO START
G1 Z0.00 F500    ; PEN DOWN
G4 P100           ; DWELL
G1 X73.625 Y89.680 F5400  ; DRAW LINE
G1 X72.580 Y89.965 F5400  ; DRAW LINE
G0 Z5.00               ; PEN UP

G0 X64.980 Y89.680   ; RAPID TO START
G1 Z0.00 F500    ; PEN DOWN
G4 P100           ; DWELL
G1 X64.030 Y88.065 F5400  ; DRAW LINE
G1 X66.880 Y86.925 F5400  ; DRAW LINE
G1 X67.450 Y88.920 F5400  ; DRAW LINE
G1 X64.980 Y89.680 F5400  ; DRAW LINE
G0 Z5.00               ; PEN UP

G0 X98.325 Y89.585   ; RAPID TO START
G1 Z0.00 F500    ; PEN DOWN
G4 P100           ; DWELL
G1 X99.085 Y86.830 F5400  ; DRAW LINE
G1 X98.325 Y89.585 F5400  ; DRAW LINE
G0 Z5.00               ; PEN UP

G0 X99.845 Y89.490   ; RAPID TO START
G1 Z0.00 F500    ; PEN DOWN
G4 P100           ; DWELL
G1 X99.370 Y86.355 F5400  ; DRAW LINE
G1 X101.555 Y85.500 F5400  ; DRAW LINE
G1 X102.315 Y88.540 F5400  ; DRAW LINE
G1 X99.845 Y89.490 F5400  ; DRAW LINE
G0 Z5.00               ; PEN UP

G0 X71.440 Y89.395   ; RAPID TO START
G1 Z0.00 F500    ; PEN DOWN
G4 P100           ; DWELL
G1 X70.585 Y87.590 F5400  ; DRAW LINE
G1 X72.865 Y87.115 F5400  ; DRAW LINE
G1 X73.720 Y89.205 F5400  ; DRAW LINE
G1 X71.440 Y89.395 F5400  ; DRAW LINE
G0 Z5.00               ; PEN UP

G0 X111.815 Y89.205   ; RAPID TO START
G1 Z0.00 F500    ; PEN DOWN
G4 P100           ; DWELL
G1 X110.200 Y85.975 F5400  ; DRAW LINE
G1 X111.815 Y89.205 F5400  ; DRAW LINE
G0 Z5.00               ; PEN UP

G0 X77.235 Y89.015   ; RAPID TO START
G1 Z0.00 F500    ; PEN DOWN
G4 P100           ; DWELL
G1 X75.810 Y87.115 F5400  ; DRAW LINE
G1 X77.235 Y89.015 F5400  ; DRAW LINE
G0 Z5.00               ; PEN UP

G0 X68.210 Y88.540   ; RAPID TO START
G1 Z0.00 F500    ; PEN DOWN
G4 P100           ; DWELL
G1 X67.070 Y86.830 F5400  ; DRAW LINE
G1 X69.635 Y86.165 F5400  ; DRAW LINE
G1 X70.053 Y87.742 F5400  ; DRAW LINE
G1 X68.210 Y88.540 F5400  ; DRAW LINE
G0 Z5.00               ; PEN UP

G0 X103.360 Y88.350   ; RAPID TO START
G1 Z0.00 F500    ; PEN DOWN
G4 P100           ; DWELL
G1 X101.650 Y84.930 F5400  ; DRAW LINE
G1 X105.165 Y83.790 F5400  ; DRAW LINE
G1 X107.065 Y86.640 F5400  ; DRAW LINE
G1 X103.360 Y88.350 F5400  ; DRAW LINE
G0 Z5.00               ; PEN UP

G0 X74.860 Y88.065   ; RAPID TO START
G1 Z0.00 F500    ; PEN DOWN
G4 P100           ; DWELL
G1 X73.150 Y85.405 F5400  ; DRAW LINE
G1 X75.335 Y86.735 F5400  ; DRAW LINE
G1 X74.860 Y88.065 F5400  ; DRAW LINE
G0 Z5.00               ; PEN UP

G0 X71.060 Y87.495   ; RAPID TO START
G1 Z0.00 F500    ; PEN DOWN
G4 P100           ; DWELL
G1 X69.825 Y86.070 F5400  ; DRAW LINE
G1 X71.915 Y84.930 F5400  ; DRAW LINE
G1 X72.580 Y87.020 F5400  ; DRAW LINE
G1 X71.060 Y87.495 F5400  ; DRAW LINE
G0 Z5.00               ; PEN UP

G0 X73.530 Y87.400   ; RAPID TO START
G1 Z0.00 F500    ; PEN DOWN
G4 P100           ; DWELL
G1 X72.200 Y84.835 F5400  ; DRAW LINE
G1 X73.530 Y87.400 F5400  ; DRAW LINE
G0 Z5.00               ; PEN UP

G0 X107.825 Y86.735   ; RAPID TO START
G1 Z0.00 F500    ; PEN DOWN
G4 P100           ; DWELL
G1 X105.355 Y83.600 F5400  ; DRAW LINE
G1 X107.445 Y82.460 F5400  ; DRAW LINE
G1 X109.535 Y85.595 F5400  ; DRAW LINE
G1 X107.825 Y86.735 F5400  ; DRAW LINE
G0 Z5.00               ; PEN UP

G0 X98.705 Y86.640   ; RAPID TO START
G1 Z0.00 F500    ; PEN DOWN
G4 P100           ; DWELL
G1 X98.101 Y83.676 F5400  ; DRAW LINE
G1 X98.705 Y86.640 F5400  ; DRAW LINE
G0 Z5.00               ; PEN UP

G0 X99.560 Y86.165   ; RAPID TO START
G1 Z0.00 F500    ; PEN DOWN
G4 P100           ; DWELL
G1 X98.420 Y83.410 F5400  ; DRAW LINE
G1 X100.320 Y82.555 F5400  ; DRAW LINE
G1 X101.365 Y84.930 F5400  ; DRAW LINE
G1 X99.560 Y86.165 F5400  ; DRAW LINE
G0 Z5.00               ; PEN UP

G0 X109.915 Y85.690   ; RAPID TO START
G1 Z0.00 F500    ; PEN DOWN
G4 P100           ; DWELL
G1 X107.825 Y82.308 F5400  ; DRAW LINE
G1 X109.915 Y85.690 F5400  ; DRAW LINE
G0 Z5.00               ; PEN UP

G0 X102.030 Y84.835   ; RAPID TO START
G1 Z0.00 F500    ; PEN DOWN
G4 P100           ; DWELL
G1 X100.415 Y82.175 F5400  ; DRAW LINE
G1 X103.265 Y80.560 F5400  ; DRAW LINE
G1 X104.785 Y83.315 F5400  ; DRAW LINE
G1 X102.030 Y84.835 F5400  ; DRAW LINE
G0 Z5.00               ; PEN UP

G0 X97.755 Y83.410   ; RAPID TO START
G1 Z0.00 F500    ; PEN DOWN
G4 P100           ; DWELL
G1 X97.090 Y82.080 F5400  ; DRAW LINE
G1 X97.755 Y83.410 F5400  ; DRAW LINE
G0 Z5.00               ; PEN UP

G0 X105.355 Y83.410   ; RAPID TO START
G1 Z0.00 F500    ; PEN DOWN
G4 P100           ; DWELL
G1 X103.455 Y80.370 F5400  ; DRAW LINE
G1 X105.545 Y79.705 F5400  ; DRAW LINE
G1 X107.160 Y81.985 F5400  ; DRAW LINE
G1 X105.355 Y83.410 F5400  ; DRAW LINE
G0 Z5.00               ; PEN UP

G0 X98.325 Y83.125   ; RAPID TO START
G1 Z0.00 F500    ; PEN DOWN
G4 P100           ; DWELL
G1 X96.520 Y80.845 F5400  ; DRAW LINE
G1 X98.515 Y79.705 F5400  ; DRAW LINE
G1 X100.035 Y81.985 F5400  ; DRAW LINE
G1 X98.325 Y83.125 F5400  ; DRAW LINE
G0 Z5.00               ; PEN UP

G0 X107.730 Y82.080   ; RAPID TO START
G1 Z0.00 F500    ; PEN DOWN
G4 P100           ; DWELL
G1 X105.830 Y79.599 F5400  ; DRAW LINE
G1 X107.730 Y82.080 F5400  ; DRAW LINE
G0 Z5.00               ; PEN UP

G0 X100.320 Y81.890   ; RAPID TO START
G1 Z0.00 F500    ; PEN DOWN
G4 P100           ; DWELL
G1 X98.705 Y79.515 F5400  ; DRAW LINE
G1 X101.935 Y77.900 F5400  ; DRAW LINE
G1 X102.600 Y81.035 F5400  ; DRAW LINE
G1 X100.320 Y81.890 F5400  ; DRAW LINE
G0 Z5.00               ; PEN UP

G0 X96.235 Y80.655   ; RAPID TO START
G1 Z0.00 F500    ; PEN DOWN
G4 P100           ; DWELL
G1 X94.430 Y78.945 F5400  ; DRAW LINE
G1 X96.995 Y79.515 F5400  ; DRAW LINE
G1 X96.520 Y77.900 F5400  ; DRAW LINE
G1 X98.230 Y79.325 F5400  ; DRAW LINE
G1 X96.235 Y80.655 F5400  ; DRAW LINE
G0 Z5.00               ; PEN UP

G0 X103.360 Y80.085   ; RAPID TO START
G1 Z0.00 F500    ; PEN DOWN
G4 P100           ; DWELL
G1 X102.125 Y77.710 F5400  ; DRAW LINE
G1 X104.120 Y76.855 F5400  ; DRAW LINE
G1 X105.260 Y79.230 F5400  ; DRAW LINE
G1 X103.360 Y80.085 F5400  ; DRAW LINE
G0 Z5.00               ; PEN UP

G0 X99.085 Y79.325   ; RAPID TO START
G1 Z0.00 F500    ; PEN DOWN
G4 P100           ; DWELL
G1 X96.995 Y77.710 F5400  ; DRAW LINE
G1 X100.700 Y75.810 F5400  ; DRAW LINE
G1 X101.608 Y78.071 F5400  ; DRAW LINE
G1 X99.085 Y79.325 F5400  ; DRAW LINE
G0 Z5.00               ; PEN UP

G0 X105.640 Y79.325   ; RAPID TO START
G1 Z0.00 F500    ; PEN DOWN
G4 P100           ; DWELL
G1 X104.310 Y76.559 F5400  ; DRAW LINE
G1 X105.640 Y79.325 F5400  ; DRAW LINE
G0 Z5.00               ; PEN UP

G0 X94.430 Y78.755   ; RAPID TO START
G1 Z0.00 F500    ; PEN DOWN
G4 P100           ; DWELL
G1 X94.430 Y78.755 F5400  ; DRAW LINE
G0 Z5.00               ; PEN UP

G0 X95.760 Y78.375   ; RAPID TO START
G1 Z0.00 F500    ; PEN DOWN
G4 P100           ; DWELL
G1 X93.670 Y77.520 F5400  ; DRAW LINE
G1 X95.536 Y77.083 F5400  ; DRAW LINE
G1 X95.760 Y78.375 F5400  ; DRAW LINE
G0 Z5.00               ; PEN UP

G0 X96.615 Y77.520   ; RAPID TO START
G1 Z0.00 F500    ; PEN DOWN
G4 P100           ; DWELL
G1 X95.285 Y76.665 F5400  ; DRAW LINE
G1 X99.180 Y74.575 F5400  ; DRAW LINE
G1 X100.320 Y75.430 F5400  ; DRAW LINE
G1 X96.615 Y77.520 F5400  ; DRAW LINE
G0 Z5.00               ; PEN UP

G0 X93.290 Y77.425   ; RAPID TO START
G1 Z0.00 F500    ; PEN DOWN
G4 P100           ; DWELL
G1 X94.240 Y76.760 F5400  ; DRAW LINE
G1 X93.290 Y77.425 F5400  ; DRAW LINE
G0 Z5.00               ; PEN UP

G0 X102.125 Y77.425   ; RAPID TO START
G1 Z0.00 F500    ; PEN DOWN
G4 P100           ; DWELL
G1 X100.890 Y75.620 F5400  ; DRAW LINE
G1 X103.360 Y74.385 F5400  ; DRAW LINE
G1 X103.740 Y76.855 F5400  ; DRAW LINE
G1 X102.125 Y77.425 F5400  ; DRAW LINE
G0 Z5.00               ; PEN UP

G0 X90.345 Y76.570   ; RAPID TO START
G1 Z0.00 F500    ; PEN DOWN
G4 P100           ; DWELL
G1 X92.055 Y76.475 F5400  ; DRAW LINE
G1 X90.345 Y76.570 F5400  ; DRAW LINE
G0 Z5.00               ; PEN UP

G0 X92.910 Y76.380   ; RAPID TO START
G1 Z0.00 F500    ; PEN DOWN
G4 P100           ; DWELL
G1 X90.820 Y75.810 F5400  ; DRAW LINE
G1 X97.660 Y72.675 F5400  ; DRAW LINE
G1 X98.230 Y73.910 F5400  ; DRAW LINE
G1 X92.910 Y76.380 F5400  ; DRAW LINE
G0 Z5.00               ; PEN UP

G0 X95.570 Y76.380   ; RAPID TO START
G1 Z0.00 F500    ; PEN DOWN
G4 P100           ; DWELL
G1 X98.895 Y74.290 F5400  ; DRAW LINE
G1 X95.570 Y76.380 F5400  ; DRAW LINE
G0 Z5.00               ; PEN UP

G0 X88.635 Y76.285   ; RAPID TO START
G1 Z0.00 F500    ; PEN DOWN
G4 P100           ; DWELL
G1 X86.070 Y73.910 F5400  ; DRAW LINE
G1 X89.110 Y74.670 F5400  ; DRAW LINE
G1 X88.635 Y76.285 F5400  ; DRAW LINE
G0 Z5.00               ; PEN UP

G0 X104.310 Y76.285   ; RAPID TO START
G1 Z0.00 F500    ; PEN DOWN
G4 P100           ; DWELL
G1 X103.550 Y74.100 F5400  ; DRAW LINE
G1 X104.310 Y76.285 F5400  ; DRAW LINE
G0 Z5.00               ; PEN UP

G0 X91.390 Y75.620   ; RAPID TO START
G1 Z0.00 F500    ; PEN DOWN
G4 P100           ; DWELL
G1 X89.490 Y74.765 F5400  ; DRAW LINE
G1 X97.375 Y72.010 F5400  ; DRAW LINE
G1 X95.175 Y74.613 F5400  ; DRAW LINE
G1 X91.390 Y75.620 F5400  ; DRAW LINE
G0 Z5.00               ; PEN UP

G0 X35.435 Y75.525   ; RAPID TO START
G1 Z0.00 F500    ; PEN DOWN
G4 P100           ; DWELL
G1 X39.045 Y66.405 F5400  ; DRAW LINE
G1 X41.705 Y66.215 F5400  ; DRAW LINE
G1 X35.435 Y75.525 F5400  ; DRAW LINE
G0 Z5.00               ; PEN UP

G0 X50.825 Y75.525   ; RAPID TO START
G1 Z0.00 F500    ; PEN DOWN
G4 P100           ; DWELL
G1 X51.965 Y71.535 F5400  ; DRAW LINE
G1 X50.825 Y75.525 F5400  ; DRAW LINE
G0 Z5.00               ; PEN UP

G0 X100.605 Y75.335   ; RAPID TO START
G1 Z0.00 F500    ; PEN DOWN
G4 P100           ; DWELL
G1 X99.560 Y74.385 F5400  ; DRAW LINE
G1 X102.885 Y72.200 F5400  ; DRAW LINE
G1 X102.885 Y74.480 F5400  ; DRAW LINE
G1 X100.605 Y75.335 F5400  ; DRAW LINE
G0 Z5.00               ; PEN UP

G0 X88.920 Y74.290   ; RAPID TO START
G1 Z0.00 F500    ; PEN DOWN
G4 P100           ; DWELL
G1 X85.025 Y71.155 F5400  ; DRAW LINE
G1 X89.680 Y63.270 F5400  ; DRAW LINE
G1 X89.874 Y58.296 F5400  ; DRAW LINE
G1 X92.435 Y56.430 F5400  ; DRAW LINE
G1 X98.291 Y56.346 F5400  ; DRAW LINE
G1 X100.225 Y59.660 F5400  ; DRAW LINE
G1 X99.708 Y68.476 F5400  ; DRAW LINE
G1 X94.844 Y73.085 F5400  ; DRAW LINE
G1 X88.920 Y74.290 F5400  ; DRAW LINE
G0 Z5.00               ; PEN UP

G0 X99.085 Y74.195   ; RAPID TO START
G1 Z0.00 F500    ; PEN DOWN
G4 P100           ; DWELL
G1 X97.755 Y72.485 F5400  ; DRAW LINE
G1 X102.600 Y69.255 F5400  ; DRAW LINE
G1 X102.456 Y72.455 F5400  ; DRAW LINE
G1 X99.085 Y74.195 F5400  ; DRAW LINE
G0 Z5.00               ; PEN UP

G0 X50.730 Y73.815   ; RAPID TO START
G1 Z0.00 F500    ; PEN DOWN
G4 P100           ; DWELL
G1 X50.350 Y68.590 F5400  ; DRAW LINE
G1 X51.870 Y70.680 F5400  ; DRAW LINE
G1 X50.730 Y73.815 F5400  ; DRAW LINE
G0 Z5.00               ; PEN UP

G0 X86.070 Y73.720   ; RAPID TO START
G1 Z0.00 F500    ; PEN DOWN
G4 P100           ; DWELL
G1 X86.070 Y73.720 F5400  ; DRAW LINE
G0 Z5.00               ; PEN UP

G0 X103.455 Y73.720   ; RAPID TO START
G1 Z0.00 F500    ; PEN DOWN
G4 P100           ; DWELL
G1 X103.170 Y71.630 F5400  ; DRAW LINE
G1 X103.455 Y73.720 F5400  ; DRAW LINE
G0 Z5.00               ; PEN UP

G0 X97.850 Y72.200   ; RAPID TO START
G1 Z0.00 F500    ; PEN DOWN
G4 P100           ; DWELL
G1 X101.745 Y66.880 F5400  ; DRAW LINE
G1 X101.270 Y70.585 F5400  ; DRAW LINE
G1 X97.850 Y72.200 F5400  ; DRAW LINE
G0 Z5.00               ; PEN UP

G0 X52.440 Y72.105   ; RAPID TO START
G1 Z0.00 F500    ; PEN DOWN
G4 P100           ; DWELL
G1 X53.485 Y67.830 F5400  ; DRAW LINE
G1 X52.440 Y72.105 F5400  ; DRAW LINE
G0 Z5.00               ; PEN UP

G0 X103.075 Y71.345   ; RAPID TO START
G1 Z0.00 F500    ; PEN DOWN
G4 P100           ; DWELL
G1 X102.790 Y69.065 F5400  ; DRAW LINE
G1 X103.075 Y71.345 F5400  ; DRAW LINE
G0 Z5.00               ; PEN UP

G0 X51.965 Y70.490   ; RAPID TO START
G1 Z0.00 F500    ; PEN DOWN
G4 P100           ; DWELL
G1 X50.540 Y68.400 F5400  ; DRAW LINE
G1 X52.178 Y65.805 F5400  ; DRAW LINE
G1 X53.390 Y67.260 F5400  ; DRAW LINE
G1 X51.965 Y70.490 F5400  ; DRAW LINE
G0 Z5.00               ; PEN UP

G0 X49.020 Y68.970   ; RAPID TO START
G1 Z0.00 F500    ; PEN DOWN
G4 P100           ; DWELL
G1 X44.270 Y65.930 F5400  ; DRAW LINE
G1 X46.075 Y64.695 F5400  ; DRAW LINE
G1 X50.255 Y67.165 F5400  ; DRAW LINE
G1 X49.020 Y68.970 F5400  ; DRAW LINE
G0 Z5.00               ; PEN UP

G0 X103.360 Y68.970   ; RAPID TO START
G1 Z0.00 F500    ; PEN DOWN
G4 P100           ; DWELL
G1 X101.935 Y66.690 F5400  ; DRAW LINE
G1 X103.740 Y67.545 F5400  ; DRAW LINE
G1 X103.360 Y68.970 F5400  ; DRAW LINE
G0 Z5.00               ; PEN UP

G0 X34.010 Y68.780   ; RAPID TO START
G1 Z0.00 F500    ; PEN DOWN
G4 P100           ; DWELL
G1 X37.240 Y64.695 F5400  ; DRAW LINE
G1 X40.090 Y64.315 F5400  ; DRAW LINE
G1 X34.010 Y68.780 F5400  ; DRAW LINE
G0 Z5.00               ; PEN UP

G0 X53.770 Y68.305   ; RAPID TO START
G1 Z0.00 F500    ; PEN DOWN
G4 P100           ; DWELL
G1 X54.815 Y64.980 F5400  ; DRAW LINE
G1 X53.770 Y68.305 F5400  ; DRAW LINE
G0 Z5.00               ; PEN UP

G0 X100.795 Y67.355   ; RAPID TO START
G1 Z0.00 F500    ; PEN DOWN
G4 P100           ; DWELL
G1 X100.985 Y65.550 F5400  ; DRAW LINE
G1 X100.795 Y67.355 F5400  ; DRAW LINE
G0 Z5.00               ; PEN UP

G0 X49.305 Y66.880   ; RAPID TO START
G1 Z0.00 F500    ; PEN DOWN
G4 P100           ; DWELL
G1 X46.265 Y64.315 F5400  ; DRAW LINE
G1 X49.020 Y62.035 F5400  ; DRAW LINE
G1 X51.965 Y64.410 F5400  ; DRAW LINE
G1 X49.305 Y66.880 F5400  ; DRAW LINE
G0 Z5.00               ; PEN UP

G0 X53.390 Y66.690   ; RAPID TO START
G1 Z0.00 F500    ; PEN DOWN
G4 P100           ; DWELL
G1 X52.440 Y64.220 F5400  ; DRAW LINE
G1 X53.675 Y62.700 F5400  ; DRAW LINE
G1 X54.815 Y64.315 F5400  ; DRAW LINE
G1 X53.390 Y66.690 F5400  ; DRAW LINE
G0 Z5.00               ; PEN UP

G0 X101.840 Y66.405   ; RAPID TO START
G1 Z0.00 F500    ; PEN DOWN
G4 P100           ; DWELL
G1 X100.795 Y64.030 F5400  ; DRAW LINE
G1 X102.030 Y63.840 F5400  ; DRAW LINE
G1 X101.840 Y66.405 F5400  ; DRAW LINE
G0 Z5.00               ; PEN UP

G0 X51.300 Y66.310   ; RAPID TO START
G1 Z0.00 F500    ; PEN DOWN
G4 P100           ; DWELL
G1 X52.155 Y64.790 F5400  ; DRAW LINE
G1 X51.300 Y66.310 F5400  ; DRAW LINE
G0 Z5.00               ; PEN UP

G0 X43.415 Y66.025   ; RAPID TO START
G1 Z0.00 F500    ; PEN DOWN
G4 P100           ; DWELL
G1 X45.330 Y64.684 F5400  ; DRAW LINE
G1 X43.415 Y66.025 F5400  ; DRAW LINE
G0 Z5.00               ; PEN UP

G0 X39.520 Y65.930   ; RAPID TO START
G1 Z0.00 F500    ; PEN DOWN
G4 P100           ; DWELL
G1 X42.085 Y63.555 F5400  ; DRAW LINE
G1 X43.225 Y64.695 F5400  ; DRAW LINE
G1 X39.520 Y65.930 F5400  ; DRAW LINE
G0 Z5.00               ; PEN UP

G0 X55.100 Y65.170   ; RAPID TO START
G1 Z0.00 F500    ; PEN DOWN
G4 P100           ; DWELL
G1 X56.145 Y62.890 F5400  ; DRAW LINE
G1 X55.100 Y65.170 F5400  ; DRAW LINE
G0 Z5.00               ; PEN UP

G0 X37.525 Y64.505   ; RAPID TO START
G1 Z0.00 F500    ; PEN DOWN
G4 P100           ; DWELL
G1 X44.745 Y60.990 F5400  ; DRAW LINE
G1 X37.525 Y64.505 F5400  ; DRAW LINE
G0 Z5.00               ; PEN UP

G0 X44.460 Y64.505   ; RAPID TO START
G1 Z0.00 F500    ; PEN DOWN
G4 P100           ; DWELL
G1 X48.355 Y62.035 F5400  ; DRAW LINE
G1 X44.460 Y64.505 F5400  ; DRAW LINE
G0 Z5.00               ; PEN UP

G0 X43.415 Y64.410   ; RAPID TO START
G1 Z0.00 F500    ; PEN DOWN
G4 P100           ; DWELL
G1 X42.275 Y63.270 F5400  ; DRAW LINE
G1 X45.600 Y60.800 F5400  ; DRAW LINE
G1 X46.550 Y61.940 F5400  ; DRAW LINE
G1 X43.415 Y64.410 F5400  ; DRAW LINE
G0 Z5.00               ; PEN UP

G0 X40.850 Y64.220   ; RAPID TO START
G1 Z0.00 F500    ; PEN DOWN
G4 P100           ; DWELL
G1 X40.850 Y64.220 F5400  ; DRAW LINE
G0 Z5.00               ; PEN UP

G0 X51.680 Y64.220   ; RAPID TO START
G1 Z0.00 F500    ; PEN DOWN
G4 P100           ; DWELL
G1 X49.305 Y61.655 F5400  ; DRAW LINE
G1 X51.395 Y59.850 F5400  ; DRAW LINE
G1 X53.675 Y62.130 F5400  ; DRAW LINE
G1 X51.680 Y64.220 F5400  ; DRAW LINE
G0 Z5.00               ; PEN UP

G0 X54.910 Y64.125   ; RAPID TO START
G1 Z0.00 F500    ; PEN DOWN
G4 P100           ; DWELL
G1 X54.055 Y62.035 F5400  ; DRAW LINE
G1 X55.286 Y60.583 F5400  ; DRAW LINE
G1 X54.910 Y64.125 F5400  ; DRAW LINE
G0 Z5.00               ; PEN UP

G0 X100.890 Y63.745   ; RAPID TO START
G1 Z0.00 F500    ; PEN DOWN
G4 P100           ; DWELL
G1 X101.270 Y61.085 F5400  ; DRAW LINE
G1 X101.935 Y63.650 F5400  ; DRAW LINE
G1 X100.890 Y63.745 F5400  ; DRAW LINE
G0 Z5.00               ; PEN UP

G0 X56.335 Y62.605   ; RAPID TO START
G1 Z0.00 F500    ; PEN DOWN
G4 P100           ; DWELL
G1 X56.335 Y62.605 F5400  ; DRAW LINE
G0 Z5.00               ; PEN UP

G0 X56.240 Y62.130   ; RAPID TO START
G1 Z0.00 F500    ; PEN DOWN
G4 P100           ; DWELL
G1 X55.765 Y59.945 F5400  ; DRAW LINE
G1 X57.285 Y58.615 F5400  ; DRAW LINE
G1 X56.240 Y62.130 F5400  ; DRAW LINE
G0 Z5.00               ; PEN UP

G0 X47.690 Y61.940   ; RAPID TO START
G1 Z0.00 F500    ; PEN DOWN
G4 P100           ; DWELL
G1 X49.780 Y60.135 F5400  ; DRAW LINE
G1 X47.025 Y61.750 F5400  ; DRAW LINE
G1 X45.885 Y60.515 F5400  ; DRAW LINE
G1 X48.260 Y58.805 F5400  ; DRAW LINE
G1 X50.825 Y59.755 F5400  ; DRAW LINE
G1 X47.690 Y61.940 F5400  ; DRAW LINE
G0 Z5.00               ; PEN UP

G0 X53.295 Y61.845   ; RAPID TO START
G1 Z0.00 F500    ; PEN DOWN
G4 P100           ; DWELL
G1 X51.585 Y59.470 F5400  ; DRAW LINE
G1 X53.390 Y57.760 F5400  ; DRAW LINE
G1 X55.195 Y60.230 F5400  ; DRAW LINE
G1 X53.295 Y61.845 F5400  ; DRAW LINE
G0 Z5.00               ; PEN UP

G0 X100.985 Y60.895   ; RAPID TO START
G1 Z0.00 F500    ; PEN DOWN
G4 P100           ; DWELL
G1 X100.510 Y58.330 F5400  ; DRAW LINE
G1 X100.985 Y60.895 F5400  ; DRAW LINE
G0 Z5.00               ; PEN UP

G0 X43.795 Y60.800   ; RAPID TO START
G1 Z0.00 F500    ; PEN DOWN
G4 P100           ; DWELL
G1 X47.785 Y58.710 F5400  ; DRAW LINE
G1 X43.795 Y60.800 F5400  ; DRAW LINE
G0 Z5.00               ; PEN UP

G0 X57.855 Y60.135   ; RAPID TO START
G1 Z0.00 F500    ; PEN DOWN
G4 P100           ; DWELL
G1 X57.665 Y58.045 F5400  ; DRAW LINE
G1 X59.375 Y56.620 F5400  ; DRAW LINE
G1 X59.470 Y58.995 F5400  ; DRAW LINE
G1 X57.855 Y60.135 F5400  ; DRAW LINE
G0 Z5.00               ; PEN UP

G0 X55.100 Y59.945   ; RAPID TO START
G1 Z0.00 F500    ; PEN DOWN
G4 P100           ; DWELL
G1 X53.675 Y58.235 F5400  ; DRAW LINE
G1 X55.028 Y55.640 F5400  ; DRAW LINE
G1 X57.190 Y58.140 F5400  ; DRAW LINE
G1 X55.100 Y59.945 F5400  ; DRAW LINE
G0 Z5.00               ; PEN UP

G0 X49.685 Y59.565   ; RAPID TO START
G1 Z0.00 F500    ; PEN DOWN
G4 P100           ; DWELL
G1 X48.735 Y58.520 F5400  ; DRAW LINE
G1 X50.730 Y57.190 F5400  ; DRAW LINE
G1 X53.010 Y57.665 F5400  ; DRAW LINE
G1 X49.685 Y59.565 F5400  ; DRAW LINE
G0 Z5.00               ; PEN UP

G0 X59.660 Y58.805   ; RAPID TO START
G1 Z0.00 F500    ; PEN DOWN
G4 P100           ; DWELL
G1 X60.990 Y54.720 F5400  ; DRAW LINE
G1 X61.845 Y56.240 F5400  ; DRAW LINE
G1 X59.660 Y58.805 F5400  ; DRAW LINE
G0 Z5.00               ; PEN UP

G0 X48.070 Y58.425   ; RAPID TO START
G1 Z0.00 F500    ; PEN DOWN
G4 P100           ; DWELL
G1 X49.115 Y57.855 F5400  ; DRAW LINE
G1 X48.070 Y58.425 F5400  ; DRAW LINE
G0 Z5.00               ; PEN UP

G0 X57.380 Y57.950   ; RAPID TO START
G1 Z0.00 F500    ; PEN DOWN
G4 P100           ; DWELL
G1 X55.385 Y55.575 F5400  ; DRAW LINE
G1 X56.430 Y53.580 F5400  ; DRAW LINE
G1 X59.185 Y56.335 F5400  ; DRAW LINE
G1 X57.380 Y57.950 F5400  ; DRAW LINE
G0 Z5.00               ; PEN UP

G0 X51.585 Y57.475   ; RAPID TO START
G1 Z0.00 F500    ; PEN DOWN
G4 P100           ; DWELL
G1 X54.720 Y55.670 F5400  ; DRAW LINE
G1 X51.585 Y57.475 F5400  ; DRAW LINE
G0 Z5.00               ; PEN UP

G0 X58.710 Y56.050   ; RAPID TO START
G1 Z0.00 F500    ; PEN DOWN
G4 P100           ; DWELL
G1 X56.597 Y53.306 F5400  ; DRAW LINE
G1 X58.615 Y51.680 F5400  ; DRAW LINE
G1 X60.990 Y53.675 F5400  ; DRAW LINE
G1 X58.710 Y56.050 F5400  ; DRAW LINE
G0 Z5.00               ; PEN UP

G0 X61.940 Y56.050   ; RAPID TO START
G1 Z0.00 F500    ; PEN DOWN
G4 P100           ; DWELL
G1 X61.150 Y53.876 F5400  ; DRAW LINE
G1 X63.175 Y51.965 F5400  ; DRAW LINE
G1 X61.940 Y56.050 F5400  ; DRAW LINE
G0 Z5.00               ; PEN UP

G0 X53.580 Y55.670   ; RAPID TO START
G1 Z0.00 F500    ; PEN DOWN
G4 P100           ; DWELL
G1 X56.050 Y53.485 F5400  ; DRAW LINE
G1 X53.580 Y55.670 F5400  ; DRAW LINE
G0 Z5.00               ; PEN UP

G0 X55.575 Y53.390   ; RAPID TO START
G1 Z0.00 F500    ; PEN DOWN
G4 P100           ; DWELL
G1 X57.490 Y51.669 F5400  ; DRAW LINE
G1 X55.575 Y53.390 F5400  ; DRAW LINE
G0 Z5.00               ; PEN UP

G0 X60.135 Y53.390   ; RAPID TO START
G1 Z0.00 F500    ; PEN DOWN
G4 P100           ; DWELL
G1 X58.900 Y51.395 F5400  ; DRAW LINE
G1 X60.230 Y49.685 F5400  ; DRAW LINE
G1 X62.700 Y51.870 F5400  ; DRAW LINE
G1 X60.135 Y53.390 F5400  ; DRAW LINE
G0 Z5.00               ; PEN UP

G0 X63.745 Y53.200   ; RAPID TO START
G1 Z0.00 F500    ; PEN DOWN
G4 P100           ; DWELL
G1 X63.365 Y51.775 F5400  ; DRAW LINE
G1 X65.835 Y49.685 F5400  ; DRAW LINE
G1 X63.745 Y53.200 F5400  ; DRAW LINE
G0 Z5.00               ; PEN UP

G0 X62.320 Y51.585   ; RAPID TO START
G1 Z0.00 F500    ; PEN DOWN
G4 P100           ; DWELL
G1 X60.420 Y49.590 F5400  ; DRAW LINE
G1 X62.225 Y46.645 F5400  ; DRAW LINE
G1 X65.474 Y49.586 F5400  ; DRAW LINE
G1 X62.320 Y51.585 F5400  ; DRAW LINE
G0 Z5.00               ; PEN UP

G0 X57.570 Y51.490   ; RAPID TO START
G1 Z0.00 F500    ; PEN DOWN
G4 P100           ; DWELL
G1 X58.615 Y49.115 F5400  ; DRAW LINE
G1 X59.850 Y49.400 F5400  ; DRAW LINE
G1 X57.570 Y51.490 F5400  ; DRAW LINE
G0 Z5.00               ; PEN UP

G0 X66.500 Y50.730   ; RAPID TO START
G1 Z0.00 F500    ; PEN DOWN
G4 P100           ; DWELL
G1 X66.120 Y49.305 F5400  ; DRAW LINE
G1 X68.495 Y47.595 F5400  ; DRAW LINE
G1 X68.875 Y49.115 F5400  ; DRAW LINE
G1 X66.500 Y50.730 F5400  ; DRAW LINE
G0 Z5.00               ; PEN UP

G0 X59.755 Y49.210   ; RAPID TO START
G1 Z0.00 F500    ; PEN DOWN
G4 P100           ; DWELL
G1 X58.710 Y48.735 F5400  ; DRAW LINE
G1 X59.945 Y45.980 F5400  ; DRAW LINE
G1 X61.845 Y46.550 F5400  ; DRAW LINE
G1 X59.755 Y49.210 F5400  ; DRAW LINE
G0 Z5.00               ; PEN UP

G0 X64.885 Y49.210   ; RAPID TO START
G1 Z0.00 F500    ; PEN DOWN
G4 P100           ; DWELL
G1 X62.415 Y46.455 F5400  ; DRAW LINE
G1 X64.695 Y43.510 F5400  ; DRAW LINE
G1 X68.039 Y47.340 F5400  ; DRAW LINE
G1 X64.885 Y49.210 F5400  ; DRAW LINE
G0 Z5.00               ; PEN UP

G0 X69.160 Y48.925   ; RAPID TO START
G1 Z0.00 F500    ; PEN DOWN
G4 P100           ; DWELL
G1 X68.685 Y47.215 F5400  ; DRAW LINE
G1 X71.440 Y45.125 F5400  ; DRAW LINE
G1 X72.390 Y47.500 F5400  ; DRAW LINE
G1 X69.160 Y48.925 F5400  ; DRAW LINE
G0 Z5.00               ; PEN UP

G0 X72.770 Y47.215   ; RAPID TO START
G1 Z0.00 F500    ; PEN DOWN
G4 P100           ; DWELL
G1 X71.725 Y44.745 F5400  ; DRAW LINE
G1 X75.050 Y44.175 F5400  ; DRAW LINE
G1 X73.340 Y43.415 F5400  ; DRAW LINE
G1 X75.715 Y41.705 F5400  ; DRAW LINE
G1 X76.475 Y45.220 F5400  ; DRAW LINE
G1 X72.770 Y47.215 F5400  ; DRAW LINE
G0 Z5.00               ; PEN UP

G0 X67.640 Y47.025   ; RAPID TO START
G1 Z0.00 F500    ; PEN DOWN
G4 P100           ; DWELL
G1 X64.980 Y43.700 F5400  ; DRAW LINE
G1 X67.450 Y40.375 F5400  ; DRAW LINE
G1 X68.400 Y43.130 F5400  ; DRAW LINE
G1 X71.174 Y44.775 F5400  ; DRAW LINE
G1 X67.640 Y47.025 F5400  ; DRAW LINE
G0 Z5.00               ; PEN UP

G0 X61.370 Y46.360   ; RAPID TO START
G1 Z0.00 F500    ; PEN DOWN
G4 P100           ; DWELL
G1 X60.325 Y45.695 F5400  ; DRAW LINE
G1 X62.130 Y43.320 F5400  ; DRAW LINE
G1 X64.220 Y43.415 F5400  ; DRAW LINE
G1 X61.370 Y46.360 F5400  ; DRAW LINE
G0 Z5.00               ; PEN UP

G0 X76.570 Y44.840   ; RAPID TO START
G1 Z0.00 F500    ; PEN DOWN
G4 P100           ; DWELL
G1 X75.966 Y41.743 F5400  ; DRAW LINE
G1 X78.470 Y39.900 F5400  ; DRAW LINE
G1 X76.570 Y44.840 F5400  ; DRAW LINE
G0 Z5.00               ; PEN UP

G0 X71.155 Y44.555   ; RAPID TO START
G1 Z0.00 F500    ; PEN DOWN
G4 P100           ; DWELL
G1 X68.062 Y42.146 F5400  ; DRAW LINE
G1 X68.590 Y39.140 F5400  ; DRAW LINE
G1 X72.542 Y43.605 F5400  ; DRAW LINE
G1 X71.155 Y44.555 F5400  ; DRAW LINE
G0 Z5.00               ; PEN UP

G0 X72.960 Y43.415   ; RAPID TO START
G1 Z0.00 F500    ; PEN DOWN
G4 P100           ; DWELL
G1 X68.875 Y39.045 F5400  ; DRAW LINE
G1 X70.965 Y37.050 F5400  ; DRAW LINE
G1 X72.428 Y40.204 F5400  ; DRAW LINE
G1 X75.430 Y41.515 F5400  ; DRAW LINE
G1 X72.960 Y43.415 F5400  ; DRAW LINE
G0 Z5.00               ; PEN UP

G0 X62.700 Y43.225   ; RAPID TO START
G1 Z0.00 F500    ; PEN DOWN
G4 P100           ; DWELL
G1 X64.030 Y40.375 F5400  ; DRAW LINE
G1 X66.785 Y40.375 F5400  ; DRAW LINE
G1 X62.700 Y43.225 F5400  ; DRAW LINE
G0 Z5.00               ; PEN UP

G0 X74.860 Y41.135   ; RAPID TO START
G1 Z0.00 F500    ; PEN DOWN
G4 P100           ; DWELL
G1 X71.976 Y39.250 F5400  ; DRAW LINE
G1 X72.010 Y36.070 F5400  ; DRAW LINE
G1 X78.177 Y38.106 F5400  ; DRAW LINE
G1 X78.470 Y39.425 F5400  ; DRAW LINE
G1 X74.860 Y41.135 F5400  ; DRAW LINE
G0 Z5.00               ; PEN UP

G0 X64.600 Y40.375   ; RAPID TO START
G1 Z0.00 F500    ; PEN DOWN
G4 P100           ; DWELL
G1 X65.170 Y37.525 F5400  ; DRAW LINE
G1 X70.110 Y37.145 F5400  ; DRAW LINE
G1 X64.600 Y40.375 F5400  ; DRAW LINE
G0 Z5.00               ; PEN UP

G0 X68.210 Y37.050   ; RAPID TO START
G1 Z0.00 F500    ; PEN DOWN
G4 P100           ; DWELL
G1 X71.915 Y35.720 F5400  ; DRAW LINE
G1 X68.210 Y37.050 F5400  ; DRAW LINE
G0 Z5.00               ; PEN UP

G0 X108.633 Y127.110   ; RAPID TO START
G1 Z0.00 F500    ; PEN DOWN
G4 P100           ; DWELL
G1 X108.633 Y127.110 F5400  ; DRAW LINE
G0 Z5.00               ; PEN UP

G0 X108.490 Y126.445   ; RAPID TO START
G1 Z0.00 F500    ; PEN DOWN
G4 P100           ; DWELL
G1 X108.490 Y126.445 F5400  ; DRAW LINE
G0 Z5.00               ; PEN UP

G0 X107.540 Y125.780   ; RAPID TO START
G1 Z0.00 F500    ; PEN DOWN
G4 P100           ; DWELL
G1 X107.540 Y125.780 F5400  ; DRAW LINE
G0 Z5.00               ; PEN UP

G0 X107.065 Y125.400   ; RAPID TO START
G1 Z0.00 F500    ; PEN DOWN
G4 P100           ; DWELL
G1 X107.065 Y125.400 F5400  ; DRAW LINE
G0 Z5.00               ; PEN UP

G0 X106.448 Y124.735   ; RAPID TO START
G1 Z0.00 F500    ; PEN DOWN
G4 P100           ; DWELL
G1 X106.448 Y124.735 F5400  ; DRAW LINE
G0 Z5.00               ; PEN UP

G0 X105.403 Y124.070   ; RAPID TO START
G1 Z0.00 F500    ; PEN DOWN
G4 P100           ; DWELL
G1 X104.453 Y122.645 F5400  ; DRAW LINE
G1 X100.605 Y122.787 F5400  ; DRAW LINE
G1 X105.403 Y124.070 F5400  ; DRAW LINE
G0 Z5.00               ; PEN UP

G0 X105.355 Y123.785   ; RAPID TO START
G1 Z0.00 F500    ; PEN DOWN
G4 P100           ; DWELL
G1 X105.355 Y123.785 F5400  ; DRAW LINE
G0 Z5.00               ; PEN UP

G0 X104.215 Y123.405   ; RAPID TO START
G1 Z0.00 F500    ; PEN DOWN
G4 P100           ; DWELL
G1 X104.215 Y123.405 F5400  ; DRAW LINE
G0 Z5.00               ; PEN UP

G0 X74.907 Y117.135   ; RAPID TO START
G1 Z0.00 F500    ; PEN DOWN
G4 P100           ; DWELL
G1 X74.907 Y117.135 F5400  ; DRAW LINE
G0 Z5.00               ; PEN UP

G0 X0.000 Y190.000   ; RAPID TO START
G1 Z0.00 F500    ; PEN DOWN
G4 P100           ; DWELL
G1 X134.330 Y190.000 F5400  ; DRAW LINE
G1 X134.330 Y0.000 F5400  ; DRAW LINE
G1 X0.000 Y0.000 F5400  ; DRAW LINE
G1 X0.000 Y190.000 F5400  ; DRAW LINE
G0 Z5.00               ; PEN UP

G0 X19.380 Y167.200   ; RAPID TO START
G1 Z0.00 F500    ; PEN DOWN
G4 P100           ; DWELL
G1 X16.720 Y165.775 F5400  ; DRAW LINE
G1 X11.875 Y166.725 F5400  ; DRAW LINE
G1 X13.395 Y161.025 F5400  ; DRAW LINE
G1 X16.720 Y159.505 F5400  ; DRAW LINE
G1 X17.818 Y154.234 F5400  ; DRAW LINE
G1 X22.515 Y152.000 F5400  ; DRAW LINE
G1 X23.837 Y147.885 F5400  ; DRAW LINE
G1 X26.885 Y146.680 F5400  ; DRAW LINE
G1 X28.405 Y142.690 F5400  ; DRAW LINE
G1 X31.730 Y139.935 F5400  ; DRAW LINE
G1 X31.920 Y137.370 F5400  ; DRAW LINE
G1 X35.150 Y135.375 F5400  ; DRAW LINE
G1 X34.926 Y133.741 F5400  ; DRAW LINE
G1 X39.235 Y128.915 F5400  ; DRAW LINE
G1 X24.491 Y132.529 F5400  ; DRAW LINE
G1 X23.465 Y131.385 F5400  ; DRAW LINE
G1 X24.837 Y127.984 F5400  ; DRAW LINE
G1 X31.825 Y125.020 F5400  ; DRAW LINE
G1 X14.440 Y116.850 F5400  ; DRAW LINE
G1 X12.346 Y113.540 F5400  ; DRAW LINE
G1 X14.915 Y113.050 F5400  ; DRAW LINE
G1 X26.410 Y116.850 F5400  ; DRAW LINE
G1 X27.740 Y113.050 F5400  ; DRAW LINE
G1 X35.530 Y110.295 F5400  ; DRAW LINE
G1 X32.965 Y103.740 F5400  ; DRAW LINE
G1 X34.770 Y102.125 F5400  ; DRAW LINE
G1 X37.050 Y102.980 F5400  ; DRAW LINE
G1 X39.805 Y107.635 F5400  ; DRAW LINE
G1 X43.890 Y107.540 F5400  ; DRAW LINE
G1 X52.440 Y112.195 F5400  ; DRAW LINE
G1 X56.145 Y112.480 F5400  ; DRAW LINE
G1 X54.720 Y92.910 F5400  ; DRAW LINE
G1 X38.475 Y100.985 F5400  ; DRAW LINE
G1 X33.584 Y101.403 F5400  ; DRAW LINE
G1 X25.935 Y96.235 F5400  ; DRAW LINE
G1 X25.555 Y85.880 F5400  ; DRAW LINE
G1 X31.635 Y75.905 F5400  ; DRAW LINE
G1 X34.770 Y66.025 F5400  ; DRAW LINE
G1 X54.002 Y54.435 F5400  ; DRAW LINE
G1 X64.505 Y37.335 F5400  ; DRAW LINE
G1 X70.395 Y35.055 F5400  ; DRAW LINE
G1 X77.520 Y36.290 F5400  ; DRAW LINE
G1 X79.040 Y40.660 F5400  ; DRAW LINE
G1 X77.444 Y45.022 F5400  ; DRAW LINE
G1 X65.550 Y52.345 F5400  ; DRAW LINE
G1 X57.665 Y61.275 F5400  ; DRAW LINE
G1 X53.485 Y71.060 F5400  ; DRAW LINE
G1 X64.505 Y68.875 F5400  ; DRAW LINE
G1 X80.013 Y72.888 F5400  ; DRAW LINE
G1 X88.635 Y79.420 F5400  ; DRAW LINE
G1 X97.565 Y90.725 F5400  ; DRAW LINE
G1 X98.230 Y87.400 F5400  ; DRAW LINE
G1 X96.619 Y82.262 F5400  ; DRAW LINE
G1 X92.910 Y77.805 F5400  ; DRAW LINE
G1 X87.020 Y76.000 F5400  ; DRAW LINE
G1 X84.455 Y71.535 F5400  ; DRAW LINE
G1 X89.110 Y63.080 F5400  ; DRAW LINE
G1 X90.140 Y57.080 F5400  ; DRAW LINE
G1 X96.372 Y55.229 F5400  ; DRAW LINE
G1 X100.544 Y57.270 F5400  ; DRAW LINE
G1 X104.310 Y67.450 F5400  ; DRAW LINE
G1 X105.260 Y76.665 F5400  ; DRAW LINE
G1 X112.301 Y87.028 F5400  ; DRAW LINE
G1 X115.733 Y95.239 F5400  ; DRAW LINE
G1 X119.510 Y118.940 F5400  ; DRAW LINE
G1 X117.557 Y122.417 F5400  ; DRAW LINE
G1 X108.851 Y124.021 F5400  ; DRAW LINE
G1 X101.977 Y120.053 F5400  ; DRAW LINE
G1 X92.720 Y110.485 F5400  ; DRAW LINE
G1 X97.660 Y119.130 F5400  ; DRAW LINE
G1 X99.180 Y128.440 F5400  ; DRAW LINE
G1 X105.119 Y128.835 F5400  ; DRAW LINE
G1 X110.865 Y126.160 F5400  ; DRAW LINE
G1 X114.570 Y129.105 F5400  ; DRAW LINE
G1 X114.669 Y132.734 F5400  ; DRAW LINE
G1 X111.986 Y135.379 F5400  ; DRAW LINE
G1 X123.120 Y166.725 F5400  ; DRAW LINE
G1 X119.225 Y163.495 F5400  ; DRAW LINE
G1 X111.245 Y134.995 F5400  ; DRAW LINE
G1 X101.840 Y135.945 F5400  ; DRAW LINE
G1 X104.025 Y146.965 F5400  ; DRAW LINE
G1 X103.170 Y153.805 F5400  ; DRAW LINE
G1 X99.450 Y158.449 F5400  ; DRAW LINE
G1 X92.340 Y160.170 F5400  ; DRAW LINE
G1 X87.974 Y158.813 F5400  ; DRAW LINE
G1 X84.299 Y155.253 F5400  ; DRAW LINE
G1 X81.225 Y142.880 F5400  ; DRAW LINE
G1 X72.485 Y137.465 F5400  ; DRAW LINE
G1 X63.319 Y136.025 F5400  ; DRAW LINE
G1 X57.285 Y129.580 F5400  ; DRAW LINE
G1 X52.250 Y128.535 F5400  ; DRAW LINE
G1 X47.120 Y124.735 F5400  ; DRAW LINE
G1 X43.510 Y125.685 F5400  ; DRAW LINE
G1 X36.765 Y135.850 F5400  ; DRAW LINE
G1 X37.145 Y137.940 F5400  ; DRAW LINE
G1 X31.540 Y143.640 F5400  ; DRAW LINE
G1 X31.635 Y146.680 F5400  ; DRAW LINE
G1 X29.735 Y146.775 F5400  ; DRAW LINE
G1 X27.630 Y153.178 F5400  ; DRAW LINE
G1 X24.795 Y154.470 F5400  ; DRAW LINE
G1 X20.995 Y160.835 F5400  ; DRAW LINE
G1 X22.401 Y165.904 F5400  ; DRAW LINE
G1 X19.380 Y167.200 F5400  ; DRAW LINE
G0 Z5.00               ; PEN UP

G0 X108.395 Y127.015   ; RAPID TO START
G1 Z0.00 F500    ; PEN DOWN
G4 P100           ; DWELL
G1 X108.395 Y127.015 F5400  ; DRAW LINE
G0 Z5.00               ; PEN UP

G0 X108.205 Y126.445   ; RAPID TO START
G1 Z0.00 F500    ; PEN DOWN
G4 P100           ; DWELL
G1 X108.205 Y126.445 F5400  ; DRAW LINE
G0 Z5.00               ; PEN UP

G0 X108.490 Y126.445   ; RAPID TO START
G1 Z0.00 F500    ; PEN DOWN
G4 P100           ; DWELL
G1 X108.490 Y126.445 F5400  ; DRAW LINE
G0 Z5.00               ; PEN UP

G0 X107.540 Y125.780   ; RAPID TO START
G1 Z0.00 F500    ; PEN DOWN
G4 P100           ; DWELL
G1 X107.540 Y125.780 F5400  ; DRAW LINE
G0 Z5.00               ; PEN UP

G0 X107.065 Y125.400   ; RAPID TO START
G1 Z0.00 F500    ; PEN DOWN
G4 P100           ; DWELL
G1 X107.065 Y125.400 F5400  ; DRAW LINE
G0 Z5.00               ; PEN UP

G0 X106.495 Y124.735   ; RAPID TO START
G1 Z0.00 F500    ; PEN DOWN
G4 P100           ; DWELL
G1 X106.495 Y124.735 F5400  ; DRAW LINE
G0 Z5.00               ; PEN UP

G0 X105.830 Y124.640   ; RAPID TO START
G1 Z0.00 F500    ; PEN DOWN
G4 P100           ; DWELL
G1 X105.830 Y124.640 F5400  ; DRAW LINE
G0 Z5.00               ; PEN UP

G0 X105.450 Y124.070   ; RAPID TO START
G1 Z0.00 F500    ; PEN DOWN
G4 P100           ; DWELL
G1 X100.605 Y122.740 F5400  ; DRAW LINE
G1 X104.500 Y122.645 F5400  ; DRAW LINE
G1 X105.450 Y124.070 F5400  ; DRAW LINE
G0 Z5.00               ; PEN UP

G0 X19.712 Y166.915   ; RAPID TO START
G1 Z0.00 F500    ; PEN DOWN
G4 P100           ; DWELL
G1 X22.308 Y165.388 F5400  ; DRAW LINE
G1 X21.137 Y161.595 F5400  ; DRAW LINE
G1 X17.307 Y159.953 F5400  ; DRAW LINE
G1 X13.965 Y160.835 F5400  ; DRAW LINE
G1 X13.252 Y164.730 F5400  ; DRAW LINE
G1 X16.134 Y160.980 F5400  ; DRAW LINE
G1 X20.995 Y162.877 F5400  ; DRAW LINE
G1 X21.149 Y165.631 F5400  ; DRAW LINE
G1 X17.290 Y165.727 F5400  ; DRAW LINE
G1 X19.712 Y166.915 F5400  ; DRAW LINE
G0 Z5.00               ; PEN UP

G0 X12.540 Y166.250   ; RAPID TO START
G1 Z0.00 F500    ; PEN DOWN
G4 P100           ; DWELL
G1 X17.575 Y161.262 F5400  ; DRAW LINE
G1 X12.540 Y166.250 F5400  ; DRAW LINE
G0 Z5.00               ; PEN UP

G0 X122.218 Y165.775   ; RAPID TO START
G1 Z0.00 F500    ; PEN DOWN
G4 P100           ; DWELL
G1 X122.218 Y165.775 F5400  ; DRAW LINE
G0 Z5.00               ; PEN UP

G0 X14.393 Y165.680   ; RAPID TO START
G1 Z0.00 F500    ; PEN DOWN
G4 P100           ; DWELL
G1 X19.093 Y161.691 F5400  ; DRAW LINE
G1 X16.625 Y162.403 F5400  ; DRAW LINE
G1 X14.393 Y165.680 F5400  ; DRAW LINE
G0 Z5.00               ; PEN UP

G0 X19.712 Y165.680   ; RAPID TO START
G1 Z0.00 F500    ; PEN DOWN
G4 P100           ; DWELL
G1 X21.180 Y164.716 F5400  ; DRAW LINE
G1 X20.188 Y162.640 F5400  ; DRAW LINE
G1 X18.715 Y165.252 F5400  ; DRAW LINE
G1 X19.712 Y165.680 F5400  ; DRAW LINE
G0 Z5.00               ; PEN UP

G0 X18.003 Y165.490   ; RAPID TO START
G1 Z0.00 F500    ; PEN DOWN
G4 P100           ; DWELL
G1 X19.855 Y162.165 F5400  ; DRAW LINE
G1 X16.340 Y164.968 F5400  ; DRAW LINE
G1 X18.003 Y165.490 F5400  ; DRAW LINE
G0 Z5.00               ; PEN UP

G0 X122.692 Y165.490   ; RAPID TO START
G1 Z0.00 F500    ; PEN DOWN
G4 P100           ; DWELL
G1 X119.748 Y163.020 F5400  ; DRAW LINE
G1 X122.692 Y165.490 F5400  ; DRAW LINE
G0 Z5.00               ; PEN UP

G0 X120.793 Y165.015   ; RAPID TO START
G1 Z0.00 F500    ; PEN DOWN
G4 P100           ; DWELL
G1 X120.793 Y165.015 F5400  ; DRAW LINE
G0 Z5.00               ; PEN UP

G0 X120.793 Y163.305   ; RAPID TO START
G1 Z0.00 F500    ; PEN DOWN
G4 P100           ; DWELL
G1 X119.234 Y159.974 F5400  ; DRAW LINE
G1 X120.793 Y163.305 F5400  ; DRAW LINE
G0 Z5.00               ; PEN UP

G0 X120.080 Y163.115   ; RAPID TO START
G1 Z0.00 F500    ; PEN DOWN
G4 P100           ; DWELL
G1 X119.748 Y161.785 F5400  ; DRAW LINE
G1 X120.080 Y163.115 F5400  ; DRAW LINE
G0 Z5.00               ; PEN UP

G0 X20.473 Y160.835   ; RAPID TO START
G1 Z0.00 F500    ; PEN DOWN
G4 P100           ; DWELL
G1 X26.625 Y151.104 F5400  ; DRAW LINE
G1 X26.172 Y148.200 F5400  ; DRAW LINE
G1 X17.480 Y159.648 F5400  ; DRAW LINE
G1 X22.468 Y155.040 F5400  ; DRAW LINE
G1 X18.525 Y159.980 F5400  ; DRAW LINE
G1 X20.665 Y158.272 F5400  ; DRAW LINE
G1 X25.128 Y151.335 F5400  ; DRAW LINE
G1 X19.190 Y160.123 F5400  ; DRAW LINE
G1 X21.803 Y157.795 F5400  ; DRAW LINE
G1 X20.473 Y160.835 F5400  ; DRAW LINE
G0 Z5.00               ; PEN UP

G0 X120.080 Y160.645   ; RAPID TO START
G1 Z0.00 F500    ; PEN DOWN
G4 P100           ; DWELL
G1 X120.080 Y160.645 F5400  ; DRAW LINE
G0 Z5.00               ; PEN UP

G0 X120.222 Y159.980   ; RAPID TO START
G1 Z0.00 F500    ; PEN DOWN
G4 P100           ; DWELL
G1 X118.987 Y159.410 F5400  ; DRAW LINE
G1 X120.222 Y159.980 F5400  ; DRAW LINE
G0 Z5.00               ; PEN UP

G0 X92.578 Y159.695   ; RAPID TO START
G1 Z0.00 F500    ; PEN DOWN
G4 P100           ; DWELL
G1 X93.290 Y157.938 F5400  ; DRAW LINE
G1 X91.784 Y156.878 F5400  ; DRAW LINE
G1 X87.400 Y157.273 F5400  ; DRAW LINE
G1 X92.578 Y159.695 F5400  ; DRAW LINE
G0 Z5.00               ; PEN UP

G0 X93.813 Y159.695   ; RAPID TO START
G1 Z0.00 F500    ; PEN DOWN
G4 P100           ; DWELL
G1 X97.788 Y158.711 F5400  ; DRAW LINE
G1 X99.560 Y156.560 F5400  ; DRAW LINE
G1 X95.376 Y156.565 F5400  ; DRAW LINE
G1 X93.813 Y159.695 F5400  ; DRAW LINE
G0 Z5.00               ; PEN UP

G0 X17.100 Y159.505   ; RAPID TO START
G1 Z0.00 F500    ; PEN DOWN
G4 P100           ; DWELL
G1 X18.003 Y155.325 F5400  ; DRAW LINE
G1 X17.955 Y158.412 F5400  ; DRAW LINE
G1 X21.755 Y153.045 F5400  ; DRAW LINE
G1 X17.765 Y154.898 F5400  ; DRAW LINE
G1 X17.100 Y159.505 F5400  ; DRAW LINE
G0 Z5.00               ; PEN UP

G0 X119.938 Y159.410   ; RAPID TO START
G1 Z0.00 F500    ; PEN DOWN
G4 P100           ; DWELL
G1 X118.465 Y158.650 F5400  ; DRAW LINE
G1 X119.938 Y159.410 F5400  ; DRAW LINE
G0 Z5.00               ; PEN UP

G0 X118.797 Y158.460   ; RAPID TO START
G1 Z0.00 F500    ; PEN DOWN
G4 P100           ; DWELL
G1 X118.797 Y158.460 F5400  ; DRAW LINE
G0 Z5.00               ; PEN UP

G0 X118.892 Y157.700   ; RAPID TO START
G1 Z0.00 F500    ; PEN DOWN
G4 P100           ; DWELL
G1 X118.596 Y156.248 F5400  ; DRAW LINE
G1 X118.892 Y157.700 F5400  ; DRAW LINE
G0 Z5.00               ; PEN UP

G0 X18.477 Y157.605   ; RAPID TO START
G1 Z0.00 F500    ; PEN DOWN
G4 P100           ; DWELL
G1 X20.520 Y154.660 F5400  ; DRAW LINE
G1 X18.477 Y157.605 F5400  ; DRAW LINE
G0 Z5.00               ; PEN UP

G0 X87.067 Y157.605   ; RAPID TO START
G1 Z0.00 F500    ; PEN DOWN
G4 P100           ; DWELL
G1 X84.645 Y154.850 F5400  ; DRAW LINE
G1 X87.067 Y157.605 F5400  ; DRAW LINE
G0 Z5.00               ; PEN UP

G0 X93.148 Y157.510   ; RAPID TO START
G1 Z0.00 F500    ; PEN DOWN
G4 P100           ; DWELL
G1 X92.388 Y153.425 F5400  ; DRAW LINE
G1 X87.875 Y153.472 F5400  ; DRAW LINE
G1 X87.588 Y156.833 F5400  ; DRAW LINE
G1 X93.148 Y157.510 F5400  ; DRAW LINE
G0 Z5.00               ; PEN UP

G0 X93.480 Y157.510   ; RAPID TO START
G1 Z0.00 F500    ; PEN DOWN
G4 P100           ; DWELL
G1 X99.323 Y156.275 F5400  ; DRAW LINE
G1 X98.278 Y152.570 F5400  ; DRAW LINE
G1 X93.861 Y153.227 F5400  ; DRAW LINE
G1 X93.480 Y157.510 F5400  ; DRAW LINE
G0 Z5.00               ; PEN UP

G0 X100.082 Y157.130   ; RAPID TO START
G1 Z0.00 F500    ; PEN DOWN
G4 P100           ; DWELL
G1 X102.410 Y153.995 F5400  ; DRAW LINE
G1 X100.082 Y157.130 F5400  ; DRAW LINE
G0 Z5.00               ; PEN UP

G0 X117.800 Y156.560   ; RAPID TO START
G1 Z0.00 F500    ; PEN DOWN
G4 P100           ; DWELL
G1 X118.560 Y155.752 F5400  ; DRAW LINE
G1 X117.800 Y156.560 F5400  ; DRAW LINE
G0 Z5.00               ; PEN UP

G0 X87.162 Y156.370   ; RAPID TO START
G1 Z0.00 F500    ; PEN DOWN
G4 P100           ; DWELL
G1 X87.293 Y152.649 F5400  ; DRAW LINE
G1 X83.980 Y151.572 F5400  ; DRAW LINE
G1 X84.407 Y154.470 F5400  ; DRAW LINE
G1 X87.162 Y156.370 F5400  ; DRAW LINE
G0 Z5.00               ; PEN UP

G0 X99.703 Y155.990   ; RAPID TO START
G1 Z0.00 F500    ; PEN DOWN
G4 P100           ; DWELL
G1 X102.695 Y153.615 F5400  ; DRAW LINE
G1 X102.695 Y151.050 F5400  ; DRAW LINE
G1 X98.990 Y151.858 F5400  ; DRAW LINE
G1 X99.703 Y155.990 F5400  ; DRAW LINE
G0 Z5.00               ; PEN UP

G0 X117.563 Y155.610   ; RAPID TO START
G1 Z0.00 F500    ; PEN DOWN
G4 P100           ; DWELL
G1 X118.275 Y154.565 F5400  ; DRAW LINE
G1 X117.563 Y155.610 F5400  ; DRAW LINE
G0 Z5.00               ; PEN UP

G0 X118.275 Y155.420   ; RAPID TO START
G1 Z0.00 F500    ; PEN DOWN
G4 P100           ; DWELL
G1 X118.275 Y155.420 F5400  ; DRAW LINE
G0 Z5.00               ; PEN UP

G0 X24.985 Y154.185   ; RAPID TO START
G1 Z0.00 F500    ; PEN DOWN
G4 P100           ; DWELL
G1 X27.494 Y152.808 F5400  ; DRAW LINE
G1 X27.170 Y148.485 F5400  ; DRAW LINE
G1 X25.256 Y153.569 F5400  ; DRAW LINE
G1 X27.407 Y151.050 F5400  ; DRAW LINE
G1 X27.265 Y152.523 F5400  ; DRAW LINE
G1 X24.985 Y154.185 F5400  ; DRAW LINE
G0 Z5.00               ; PEN UP

G0 X117.373 Y154.185   ; RAPID TO START
G1 Z0.00 F500    ; PEN DOWN
G4 P100           ; DWELL
G1 X117.373 Y154.185 F5400  ; DRAW LINE
G0 Z5.00               ; PEN UP

G0 X92.767 Y153.520   ; RAPID TO START
G1 Z0.00 F500    ; PEN DOWN
G4 P100           ; DWELL
G1 X92.293 Y149.625 F5400  ; DRAW LINE
G1 X88.350 Y149.577 F5400  ; DRAW LINE
G1 X87.970 Y153.045 F5400  ; DRAW LINE
G1 X92.767 Y153.520 F5400  ; DRAW LINE
G0 Z5.00               ; PEN UP

G0 X93.195 Y153.520   ; RAPID TO START
G1 Z0.00 F500    ; PEN DOWN
G4 P100           ; DWELL
G1 X98.230 Y152.285 F5400  ; DRAW LINE
G1 X97.233 Y149.245 F5400  ; DRAW LINE
G1 X93.290 Y149.625 F5400  ; DRAW LINE
G1 X93.195 Y153.520 F5400  ; DRAW LINE
G0 Z5.00               ; PEN UP

G0 X117.515 Y153.330   ; RAPID TO START
G1 Z0.00 F500    ; PEN DOWN
G4 P100           ; DWELL
G1 X117.515 Y153.330 F5400  ; DRAW LINE
G0 Z5.00               ; PEN UP

G0 X19.523 Y153.235   ; RAPID TO START
G1 Z0.00 F500    ; PEN DOWN
G4 P100           ; DWELL
G1 X22.252 Y152.355 F5400  ; DRAW LINE
G1 X19.523 Y153.235 F5400  ; DRAW LINE
G0 Z5.00               ; PEN UP

G0 X21.328 Y152.855   ; RAPID TO START
G1 Z0.00 F500    ; PEN DOWN
G4 P100           ; DWELL
G1 X21.328 Y152.855 F5400  ; DRAW LINE
G0 Z5.00               ; PEN UP

G0 X87.495 Y152.760   ; RAPID TO START
G1 Z0.00 F500    ; PEN DOWN
G4 P100           ; DWELL
G1 X88.160 Y149.483 F5400  ; DRAW LINE
G1 X85.547 Y148.200 F5400  ; DRAW LINE
G1 X84.170 Y151.145 F5400  ; DRAW LINE
G1 X87.495 Y152.760 F5400  ; DRAW LINE
G0 Z5.00               ; PEN UP

G0 X26.078 Y152.665   ; RAPID TO START
G1 Z0.00 F500    ; PEN DOWN
G4 P100           ; DWELL
G1 X26.078 Y152.665 F5400  ; DRAW LINE
G0 Z5.00               ; PEN UP

G0 X116.898 Y152.665   ; RAPID TO START
G1 Z0.00 F500    ; PEN DOWN
G4 P100           ; DWELL
G1 X116.328 Y150.670 F5400  ; DRAW LINE
G1 X116.898 Y152.665 F5400  ; DRAW LINE
G0 Z5.00               ; PEN UP

G0 X83.410 Y152.285   ; RAPID TO START
G1 Z0.00 F500    ; PEN DOWN
G4 P100           ; DWELL
G1 X82.601 Y148.851 F5400  ; DRAW LINE
G1 X83.410 Y152.285 F5400  ; DRAW LINE
G0 Z5.00               ; PEN UP

G0 X117.088 Y152.190   ; RAPID TO START
G1 Z0.00 F500    ; PEN DOWN
G4 P100           ; DWELL
G1 X116.898 Y151.050 F5400  ; DRAW LINE
G1 X117.088 Y152.190 F5400  ; DRAW LINE
G0 Z5.00               ; PEN UP

G0 X98.420 Y152.095   ; RAPID TO START
G1 Z0.00 F500    ; PEN DOWN
G4 P100           ; DWELL
G1 X102.410 Y150.670 F5400  ; DRAW LINE
G1 X101.175 Y147.915 F5400  ; DRAW LINE
G1 X98.135 Y148.153 F5400  ; DRAW LINE
G1 X98.420 Y152.095 F5400  ; DRAW LINE
G0 Z5.00               ; PEN UP

G0 X103.075 Y151.430   ; RAPID TO START
G1 Z0.00 F500    ; PEN DOWN
G4 P100           ; DWELL
G1 X103.455 Y150.005 F5400  ; DRAW LINE
G1 X103.075 Y151.430 F5400  ; DRAW LINE
G0 Z5.00               ; PEN UP

G0 X83.885 Y150.670   ; RAPID TO START
G1 Z0.00 F500    ; PEN DOWN
G4 P100           ; DWELL
G1 X83.838 Y146.205 F5400  ; DRAW LINE
G1 X82.650 Y148.532 F5400  ; DRAW LINE
G1 X83.885 Y150.670 F5400  ; DRAW LINE
G0 Z5.00               ; PEN UP

G0 X102.743 Y150.480   ; RAPID TO START
G1 Z0.00 F500    ; PEN DOWN
G4 P100           ; DWELL
G1 X103.265 Y145.065 F5400  ; DRAW LINE
G1 X101.359 Y146.762 F5400  ; DRAW LINE
G1 X102.743 Y150.480 F5400  ; DRAW LINE
G0 Z5.00               ; PEN UP

G0 X24.178 Y149.910   ; RAPID TO START
G1 Z0.00 F500    ; PEN DOWN
G4 P100           ; DWELL
G1 X25.317 Y148.010 F5400  ; DRAW LINE
G1 X28.453 Y149.150 F5400  ; DRAW LINE
G1 X26.885 Y147.773 F5400  ; DRAW LINE
G1 X28.975 Y148.058 F5400  ; DRAW LINE
G1 X25.070 Y147.268 F5400  ; DRAW LINE
G1 X24.178 Y149.910 F5400  ; DRAW LINE
G0 Z5.00               ; PEN UP

G0 X116.233 Y149.815   ; RAPID TO START
G1 Z0.00 F500    ; PEN DOWN
G4 P100           ; DWELL
G1 X116.233 Y149.815 F5400  ; DRAW LINE
G0 Z5.00               ; PEN UP

G0 X92.578 Y149.625   ; RAPID TO START
G1 Z0.00 F500    ; PEN DOWN
G4 P100           ; DWELL
G1 X92.530 Y146.347 F5400  ; DRAW LINE
G1 X89.069 Y145.794 F5400  ; DRAW LINE
G1 X88.445 Y149.150 F5400  ; DRAW LINE
G1 X92.578 Y149.625 F5400  ; DRAW LINE
G0 Z5.00               ; PEN UP

G0 X93.052 Y149.625   ; RAPID TO START
G1 Z0.00 F500    ; PEN DOWN
G4 P100           ; DWELL
G1 X97.185 Y148.960 F5400  ; DRAW LINE
G1 X96.093 Y145.635 F5400  ; DRAW LINE
G1 X92.720 Y146.252 F5400  ; DRAW LINE
G1 X93.052 Y149.625 F5400  ; DRAW LINE
G0 Z5.00               ; PEN UP

G0 X27.645 Y149.245   ; RAPID TO START
G1 Z0.00 F500    ; PEN DOWN
G4 P100           ; DWELL
G1 X27.645 Y149.245 F5400  ; DRAW LINE
G0 Z5.00               ; PEN UP

G0 X24.652 Y149.150   ; RAPID TO START
G1 Z0.00 F500    ; PEN DOWN
G4 P100           ; DWELL
G1 X25.317 Y148.390 F5400  ; DRAW LINE
G1 X24.652 Y149.150 F5400  ; DRAW LINE
G0 Z5.00               ; PEN UP

G0 X88.112 Y149.055   ; RAPID TO START
G1 Z0.00 F500    ; PEN DOWN
G4 P100           ; DWELL
G1 X88.730 Y146.063 F5400  ; DRAW LINE
G1 X86.782 Y144.875 F5400  ; DRAW LINE
G1 X85.215 Y148.105 F5400  ; DRAW LINE
G1 X88.112 Y149.055 F5400  ; DRAW LINE
G0 Z5.00               ; PEN UP

G0 X97.517 Y148.770   ; RAPID TO START
G1 Z0.00 F500    ; PEN DOWN
G4 P100           ; DWELL
G1 X100.890 Y147.630 F5400  ; DRAW LINE
G1 X98.373 Y144.305 F5400  ; DRAW LINE
G1 X96.462 Y145.511 F5400  ; DRAW LINE
G1 X97.517 Y148.770 F5400  ; DRAW LINE
G0 Z5.00               ; PEN UP

G0 X115.948 Y148.675   ; RAPID TO START
G1 Z0.00 F500    ; PEN DOWN
G4 P100           ; DWELL
G1 X115.567 Y147.630 F5400  ; DRAW LINE
G1 X115.948 Y148.675 F5400  ; DRAW LINE
G0 Z5.00               ; PEN UP

G0 X82.412 Y148.200   ; RAPID TO START
G1 Z0.00 F500    ; PEN DOWN
G4 P100           ; DWELL
G1 X81.938 Y144.970 F5400  ; DRAW LINE
G1 X82.412 Y148.200 F5400  ; DRAW LINE
G0 Z5.00               ; PEN UP

G0 X84.978 Y147.820   ; RAPID TO START
G1 Z0.00 F500    ; PEN DOWN
G4 P100           ; DWELL
G1 X85.263 Y143.640 F5400  ; DRAW LINE
G1 X83.885 Y145.873 F5400  ; DRAW LINE
G1 X84.978 Y147.820 F5400  ; DRAW LINE
G0 Z5.00               ; PEN UP

G0 X28.690 Y147.440   ; RAPID TO START
G1 Z0.00 F500    ; PEN DOWN
G4 P100           ; DWELL
G1 X30.685 Y144.447 F5400  ; DRAW LINE
G1 X28.690 Y147.440 F5400  ; DRAW LINE
G0 Z5.00               ; PEN UP

G0 X28.453 Y147.155   ; RAPID TO START
G1 Z0.00 F500    ; PEN DOWN
G4 P100           ; DWELL
G1 X29.830 Y143.830 F5400  ; DRAW LINE
G1 X28.453 Y147.155 F5400  ; DRAW LINE
G0 Z5.00               ; PEN UP

G0 X101.032 Y147.155   ; RAPID TO START
G1 Z0.00 F500    ; PEN DOWN
G4 P100           ; DWELL
G1 X101.840 Y145.303 F5400  ; DRAW LINE
G1 X99.845 Y143.640 F5400  ; DRAW LINE
G1 X101.032 Y147.155 F5400  ; DRAW LINE
G0 Z5.00               ; PEN UP

G0 X27.645 Y146.965   ; RAPID TO START
G1 Z0.00 F500    ; PEN DOWN
G4 P100           ; DWELL
G1 X29.640 Y143.640 F5400  ; DRAW LINE
G1 X27.645 Y146.965 F5400  ; DRAW LINE
G0 Z5.00               ; PEN UP

G0 X30.733 Y146.870   ; RAPID TO START
G1 Z0.00 F500    ; PEN DOWN
G4 P100           ; DWELL
G1 X30.733 Y146.870 F5400  ; DRAW LINE
G0 Z5.00               ; PEN UP

G0 X30.352 Y146.395   ; RAPID TO START
G1 Z0.00 F500    ; PEN DOWN
G4 P100           ; DWELL
G1 X31.730 Y145.017 F5400  ; DRAW LINE
G1 X29.593 Y142.975 F5400  ; DRAW LINE
G1 X31.289 Y145.040 F5400  ; DRAW LINE
G1 X30.352 Y146.395 F5400  ; DRAW LINE
G0 Z5.00               ; PEN UP

G0 X114.903 Y146.300   ; RAPID TO START
G1 Z0.00 F500    ; PEN DOWN
G4 P100           ; DWELL
G1 X114.903 Y146.300 F5400  ; DRAW LINE
G0 Z5.00               ; PEN UP

G0 X30.448 Y145.920   ; RAPID TO START
G1 Z0.00 F500    ; PEN DOWN
G4 P100           ; DWELL
G1 X30.828 Y144.970 F5400  ; DRAW LINE
G1 X30.448 Y145.920 F5400  ; DRAW LINE
G0 Z5.00               ; PEN UP

G0 X92.293 Y145.825   ; RAPID TO START
G1 Z0.00 F500    ; PEN DOWN
G4 P100           ; DWELL
G1 X91.912 Y142.690 F5400  ; DRAW LINE
G1 X89.490 Y142.832 F5400  ; DRAW LINE
G1 X89.015 Y145.540 F5400  ; DRAW LINE
G1 X92.293 Y145.825 F5400  ; DRAW LINE
G0 Z5.00               ; PEN UP

G0 X92.672 Y145.825   ; RAPID TO START
G1 Z0.00 F500    ; PEN DOWN
G4 P100           ; DWELL
G1 X96.045 Y145.350 F5400  ; DRAW LINE
G1 X94.778 Y142.275 F5400  ; DRAW LINE
G1 X92.530 Y142.928 F5400  ; DRAW LINE
G1 X92.672 Y145.825 F5400  ; DRAW LINE
G0 Z5.00               ; PEN UP

G0 X88.683 Y145.445   ; RAPID TO START
G1 Z0.00 F500    ; PEN DOWN
G4 P100           ; DWELL
G1 X89.300 Y142.642 F5400  ; DRAW LINE
G1 X87.733 Y142.025 F5400  ; DRAW LINE
G1 X86.450 Y144.780 F5400  ; DRAW LINE
G1 X88.683 Y145.445 F5400  ; DRAW LINE
G0 Z5.00               ; PEN UP

G0 X96.235 Y145.160   ; RAPID TO START
G1 Z0.00 F500    ; PEN DOWN
G4 P100           ; DWELL
G1 X99.133 Y144.305 F5400  ; DRAW LINE
G1 X97.110 Y141.577 F5400  ; DRAW LINE
G1 X95.380 Y142.262 F5400  ; DRAW LINE
G1 X96.235 Y145.160 F5400  ; DRAW LINE
G0 Z5.00               ; PEN UP

G0 X83.078 Y145.065   ; RAPID TO START
G1 Z0.00 F500    ; PEN DOWN
G4 P100           ; DWELL
G1 X88.920 Y137.417 F5400  ; DRAW LINE
G1 X87.475 Y135.956 F5400  ; DRAW LINE
G1 X83.800 Y138.348 F5400  ; DRAW LINE
G1 X83.078 Y145.065 F5400  ; DRAW LINE
G0 Z5.00               ; PEN UP

G0 X114.332 Y145.065   ; RAPID TO START
G1 Z0.00 F500    ; PEN DOWN
G4 P100           ; DWELL
G1 X113.715 Y143.735 F5400  ; DRAW LINE
G1 X114.332 Y145.065 F5400  ; DRAW LINE
G0 Z5.00               ; PEN UP

G0 X102.220 Y144.970   ; RAPID TO START
G1 Z0.00 F500    ; PEN DOWN
G4 P100           ; DWELL
G1 X103.265 Y144.637 F5400  ; DRAW LINE
G1 X102.172 Y142.310 F5400  ; DRAW LINE
G1 X102.220 Y144.970 F5400  ; DRAW LINE
G0 Z5.00               ; PEN UP

G0 X28.453 Y144.495   ; RAPID TO START
G1 Z0.00 F500    ; PEN DOWN
G4 P100           ; DWELL
G1 X30.067 Y142.595 F5400  ; DRAW LINE
G1 X33.203 Y142.405 F5400  ; DRAW LINE
G1 X34.960 Y138.130 F5400  ; DRAW LINE
G1 X32.822 Y141.645 F5400  ; DRAW LINE
G1 X28.770 Y142.701 F5400  ; DRAW LINE
G1 X28.453 Y144.495 F5400  ; DRAW LINE
G0 Z5.00               ; PEN UP

G0 X81.795 Y144.495   ; RAPID TO START
G1 Z0.00 F500    ; PEN DOWN
G4 P100           ; DWELL
G1 X81.843 Y139.840 F5400  ; DRAW LINE
G1 X81.795 Y144.495 F5400  ; DRAW LINE
G0 Z5.00               ; PEN UP

G0 X86.165 Y144.400   ; RAPID TO START
G1 Z0.00 F500    ; PEN DOWN
G4 P100           ; DWELL
G1 X86.782 Y141.550 F5400  ; DRAW LINE
G1 X86.165 Y144.400 F5400  ; DRAW LINE
G0 Z5.00               ; PEN UP

G0 X99.418 Y144.210   ; RAPID TO START
G1 Z0.00 F500    ; PEN DOWN
G4 P100           ; DWELL
G1 X98.088 Y141.835 F5400  ; DRAW LINE
G1 X99.418 Y144.210 F5400  ; DRAW LINE
G0 Z5.00               ; PEN UP

G0 X114.095 Y143.830   ; RAPID TO START
G1 Z0.00 F500    ; PEN DOWN
G4 P100           ; DWELL
G1 X113.596 Y141.694 F5400  ; DRAW LINE
G1 X114.095 Y143.830 F5400  ; DRAW LINE
G0 Z5.00               ; PEN UP

G0 X31.113 Y143.735   ; RAPID TO START
G1 Z0.00 F500    ; PEN DOWN
G4 P100           ; DWELL
G1 X31.635 Y142.880 F5400  ; DRAW LINE
G1 X31.113 Y143.735 F5400  ; DRAW LINE
G0 Z5.00               ; PEN UP

G0 X30.637 Y143.355   ; RAPID TO START
G1 Z0.00 F500    ; PEN DOWN
G4 P100           ; DWELL
G1 X30.637 Y143.355 F5400  ; DRAW LINE
G0 Z5.00               ; PEN UP

G0 X101.127 Y143.165   ; RAPID TO START
G1 Z0.00 F500    ; PEN DOWN
G4 P100           ; DWELL
G1 X99.849 Y137.014 F5400  ; DRAW LINE
G1 X96.472 Y134.805 F5400  ; DRAW LINE
G1 X94.525 Y137.227 F5400  ; DRAW LINE
G1 X101.127 Y143.165 F5400  ; DRAW LINE
G0 Z5.00               ; PEN UP

G0 X92.103 Y142.595   ; RAPID TO START
G1 Z0.00 F500    ; PEN DOWN
G4 P100           ; DWELL
G1 X91.817 Y139.840 F5400  ; DRAW LINE
G1 X90.155 Y139.983 F5400  ; DRAW LINE
G1 X89.585 Y142.405 F5400  ; DRAW LINE
G1 X92.103 Y142.595 F5400  ; DRAW LINE
G0 Z5.00               ; PEN UP

G0 X92.435 Y142.500   ; RAPID TO START
G1 Z0.00 F500    ; PEN DOWN
G4 P100           ; DWELL
G1 X94.905 Y142.120 F5400  ; DRAW LINE
G1 X93.860 Y139.640 F5400  ; DRAW LINE
G1 X92.340 Y140.077 F5400  ; DRAW LINE
G1 X92.435 Y142.500 F5400  ; DRAW LINE
G0 Z5.00               ; PEN UP

G0 X102.838 Y142.500   ; RAPID TO START
G1 Z0.00 F500    ; PEN DOWN
G4 P100           ; DWELL
G1 X101.793 Y137.655 F5400  ; DRAW LINE
G1 X102.838 Y142.500 F5400  ; DRAW LINE
G0 Z5.00               ; PEN UP

G0 X80.892 Y142.310   ; RAPID TO START
G1 Z0.00 F500    ; PEN DOWN
G4 P100           ; DWELL
G1 X79.420 Y140.980 F5400  ; DRAW LINE
G1 X80.892 Y142.310 F5400  ; DRAW LINE
G0 Z5.00               ; PEN UP

G0 X89.252 Y142.215   ; RAPID TO START
G1 Z0.00 F500    ; PEN DOWN
G4 P100           ; DWELL
G1 X89.251 Y139.538 F5400  ; DRAW LINE
G1 X87.685 Y141.835 F5400  ; DRAW LINE
G1 X89.252 Y142.215 F5400  ; DRAW LINE
G0 Z5.00               ; PEN UP

G0 X95.237 Y142.025   ; RAPID TO START
G1 Z0.00 F500    ; PEN DOWN
G4 P100           ; DWELL
G1 X97.280 Y141.407 F5400  ; DRAW LINE
G1 X94.858 Y139.080 F5400  ; DRAW LINE
G1 X95.237 Y142.025 F5400  ; DRAW LINE
G0 Z5.00               ; PEN UP

G0 X31.113 Y141.835   ; RAPID TO START
G1 Z0.00 F500    ; PEN DOWN
G4 P100           ; DWELL
G1 X33.535 Y138.748 F5400  ; DRAW LINE
G1 X31.113 Y141.835 F5400  ; DRAW LINE
G0 Z5.00               ; PEN UP

G0 X80.987 Y141.645   ; RAPID TO START
G1 Z0.00 F500    ; PEN DOWN
G4 P100           ; DWELL
G1 X80.371 Y139.652 F5400  ; DRAW LINE
G1 X80.987 Y141.645 F5400  ; DRAW LINE
G0 Z5.00               ; PEN UP

G0 X87.353 Y141.645   ; RAPID TO START
G1 Z0.00 F500    ; PEN DOWN
G4 P100           ; DWELL
G1 X88.255 Y139.792 F5400  ; DRAW LINE
G1 X87.353 Y141.645 F5400  ; DRAW LINE
G0 Z5.00               ; PEN UP

G0 X78.707 Y141.550   ; RAPID TO START
G1 Z0.00 F500    ; PEN DOWN
G4 P100           ; DWELL
G1 X77.330 Y139.650 F5400  ; DRAW LINE
G1 X78.707 Y141.550 F5400  ; DRAW LINE
G0 Z5.00               ; PEN UP

G0 X113.335 Y141.265   ; RAPID TO START
G1 Z0.00 F500    ; PEN DOWN
G4 P100           ; DWELL
G1 X113.335 Y141.265 F5400  ; DRAW LINE
G0 Z5.00               ; PEN UP

G0 X113.810 Y141.075   ; RAPID TO START
G1 Z0.00 F500    ; PEN DOWN
G4 P100           ; DWELL
G1 X113.810 Y141.075 F5400  ; DRAW LINE
G0 Z5.00               ; PEN UP

G0 X32.348 Y140.885   ; RAPID TO START
G1 Z0.00 F500    ; PEN DOWN
G4 P100           ; DWELL
G1 X34.295 Y138.225 F5400  ; DRAW LINE
G1 X32.348 Y140.885 F5400  ; DRAW LINE
G0 Z5.00               ; PEN UP

G0 X79.183 Y140.505   ; RAPID TO START
G1 Z0.00 F500    ; PEN DOWN
G4 P100           ; DWELL
G1 X80.180 Y139.317 F5400  ; DRAW LINE
G1 X78.898 Y137.845 F5400  ; DRAW LINE
G1 X77.710 Y139.412 F5400  ; DRAW LINE
G1 X79.183 Y140.505 F5400  ; DRAW LINE
G0 Z5.00               ; PEN UP

G0 X76.427 Y140.315   ; RAPID TO START
G1 Z0.00 F500    ; PEN DOWN
G4 P100           ; DWELL
G1 X77.140 Y139.412 F5400  ; DRAW LINE
G1 X73.293 Y136.705 F5400  ; DRAW LINE
G1 X76.427 Y140.315 F5400  ; DRAW LINE
G0 Z5.00               ; PEN UP

G0 X81.177 Y140.125   ; RAPID TO START
G1 Z0.00 F500    ; PEN DOWN
G4 P100           ; DWELL
G1 X81.320 Y138.843 F5400  ; DRAW LINE
G1 X81.177 Y140.125 F5400  ; DRAW LINE
G0 Z5.00               ; PEN UP

G0 X82.222 Y140.030   ; RAPID TO START
G1 Z0.00 F500    ; PEN DOWN
G4 P100           ; DWELL
G1 X82.321 Y138.772 F5400  ; DRAW LINE
G1 X82.222 Y140.030 F5400  ; DRAW LINE
G0 Z5.00               ; PEN UP

G0 X113.097 Y139.935   ; RAPID TO START
G1 Z0.00 F500    ; PEN DOWN
G4 P100           ; DWELL
G1 X112.813 Y138.890 F5400  ; DRAW LINE
G1 X113.097 Y139.935 F5400  ; DRAW LINE
G0 Z5.00               ; PEN UP

G0 X91.912 Y139.745   ; RAPID TO START
G1 Z0.00 F500    ; PEN DOWN
G4 P100           ; DWELL
G1 X91.153 Y137.180 F5400  ; DRAW LINE
G1 X90.250 Y139.555 F5400  ; DRAW LINE
G1 X91.912 Y139.745 F5400  ; DRAW LINE
G0 Z5.00               ; PEN UP

G0 X31.968 Y139.650   ; RAPID TO START
G1 Z0.00 F500    ; PEN DOWN
G4 P100           ; DWELL
G1 X32.822 Y137.750 F5400  ; DRAW LINE
G1 X36.955 Y137.798 F5400  ; DRAW LINE
G1 X36.528 Y136.325 F5400  ; DRAW LINE
G1 X36.205 Y137.575 F5400  ; DRAW LINE
G1 X32.220 Y137.489 F5400  ; DRAW LINE
G1 X31.968 Y139.650 F5400  ; DRAW LINE
G0 Z5.00               ; PEN UP

G0 X92.245 Y139.650   ; RAPID TO START
G1 Z0.00 F500    ; PEN DOWN
G4 P100           ; DWELL
G1 X93.860 Y139.412 F5400  ; DRAW LINE
G1 X92.910 Y137.085 F5400  ; DRAW LINE
G1 X92.245 Y139.650 F5400  ; DRAW LINE
G0 Z5.00               ; PEN UP

G0 X89.823 Y139.555   ; RAPID TO START
G1 Z0.00 F500    ; PEN DOWN
G4 P100           ; DWELL
G1 X90.108 Y136.990 F5400  ; DRAW LINE
G1 X88.825 Y139.365 F5400  ; DRAW LINE
G1 X89.823 Y139.555 F5400  ; DRAW LINE
G0 Z5.00               ; PEN UP

G0 X94.192 Y139.365   ; RAPID TO START
G1 Z0.00 F500    ; PEN DOWN
G4 P100           ; DWELL
G1 X93.528 Y137.845 F5400  ; DRAW LINE
G1 X94.192 Y139.365 F5400  ; DRAW LINE
G0 Z5.00               ; PEN UP

G0 X77.282 Y139.270   ; RAPID TO START
G1 Z0.00 F500    ; PEN DOWN
G4 P100           ; DWELL
G1 X78.660 Y137.702 F5400  ; DRAW LINE
G1 X76.998 Y135.945 F5400  ; DRAW LINE
G1 X76.047 Y137.750 F5400  ; DRAW LINE
G1 X76.475 Y135.660 F5400  ; DRAW LINE
G1 X73.625 Y136.563 F5400  ; DRAW LINE
G1 X77.282 Y139.270 F5400  ; DRAW LINE
G0 Z5.00               ; PEN UP

G0 X80.323 Y139.080   ; RAPID TO START
G1 Z0.00 F500    ; PEN DOWN
G4 P100           ; DWELL
G1 X81.320 Y137.988 F5400  ; DRAW LINE
G1 X80.216 Y136.203 F5400  ; DRAW LINE
G1 X78.945 Y137.465 F5400  ; DRAW LINE
G1 X80.323 Y139.080 F5400  ; DRAW LINE
G0 Z5.00               ; PEN UP

G0 X32.917 Y138.795   ; RAPID TO START
G1 Z0.00 F500    ; PEN DOWN
G4 P100           ; DWELL
G1 X34.295 Y137.988 F5400  ; DRAW LINE
G1 X32.917 Y138.795 F5400  ; DRAW LINE
G0 Z5.00               ; PEN UP

G0 X35.102 Y138.795   ; RAPID TO START
G1 Z0.00 F500    ; PEN DOWN
G4 P100           ; DWELL
G1 X36.242 Y138.225 F5400  ; DRAW LINE
G1 X35.102 Y138.795 F5400  ; DRAW LINE
G0 Z5.00               ; PEN UP

G0 X82.127 Y138.605   ; RAPID TO START
G1 Z0.00 F500    ; PEN DOWN
G4 P100           ; DWELL
G1 X84.835 Y135.423 F5400  ; DRAW LINE
G1 X83.315 Y134.805 F5400  ; DRAW LINE
G1 X82.603 Y137.750 F5400  ; DRAW LINE
G1 X82.745 Y134.615 F5400  ; DRAW LINE
G1 X82.127 Y138.605 F5400  ; DRAW LINE
G0 Z5.00               ; PEN UP

G0 X101.317 Y137.940   ; RAPID TO START
G1 Z0.00 F500    ; PEN DOWN
G4 P100           ; DWELL
G1 X101.317 Y137.940 F5400  ; DRAW LINE
G0 Z5.00               ; PEN UP

G0 X81.320 Y137.655   ; RAPID TO START
G1 Z0.00 F500    ; PEN DOWN
G4 P100           ; DWELL
G1 X81.558 Y135.090 F5400  ; DRAW LINE
G1 X80.370 Y135.850 F5400  ; DRAW LINE
G1 X81.320 Y137.655 F5400  ; DRAW LINE
G0 Z5.00               ; PEN UP

G0 X35.388 Y137.370   ; RAPID TO START
G1 Z0.00 F500    ; PEN DOWN
G4 P100           ; DWELL
G1 X37.430 Y134.330 F5400  ; DRAW LINE
G1 X34.580 Y136.468 F5400  ; DRAW LINE
G1 X36.765 Y134.947 F5400  ; DRAW LINE
G1 X35.388 Y137.370 F5400  ; DRAW LINE
G0 Z5.00               ; PEN UP

G0 X78.612 Y137.275   ; RAPID TO START
G1 Z0.00 F500    ; PEN DOWN
G4 P100           ; DWELL
G1 X79.895 Y136.752 F5400  ; DRAW LINE
G1 X79.040 Y134.377 F5400  ; DRAW LINE
G1 X81.225 Y135.327 F5400  ; DRAW LINE
G1 X80.323 Y132.905 F5400  ; DRAW LINE
G1 X77.140 Y135.803 F5400  ; DRAW LINE
G1 X78.612 Y137.275 F5400  ; DRAW LINE
G0 Z5.00               ; PEN UP

G0 X68.828 Y137.180   ; RAPID TO START
G1 Z0.00 F500    ; PEN DOWN
G4 P100           ; DWELL
G1 X72.960 Y136.847 F5400  ; DRAW LINE
G1 X68.400 Y136.040 F5400  ; DRAW LINE
G1 X68.828 Y137.180 F5400  ; DRAW LINE
G0 Z5.00               ; PEN UP

G0 X90.773 Y137.085   ; RAPID TO START
G1 Z0.00 F500    ; PEN DOWN
G4 P100           ; DWELL
G1 X93.633 Y136.502 F5400  ; DRAW LINE
G1 X91.153 Y135.945 F5400  ; DRAW LINE
G1 X89.680 Y136.515 F5400  ; DRAW LINE
G1 X90.773 Y137.085 F5400  ; DRAW LINE
G0 Z5.00               ; PEN UP

G0 X67.308 Y136.990   ; RAPID TO START
G1 Z0.00 F500    ; PEN DOWN
G4 P100           ; DWELL
G1 X68.115 Y135.945 F5400  ; DRAW LINE
G1 X65.265 Y134.900 F5400  ; DRAW LINE
G1 X65.170 Y136.278 F5400  ; DRAW LINE
G1 X67.308 Y136.990 F5400  ; DRAW LINE
G0 Z5.00               ; PEN UP

G0 X100.938 Y136.990   ; RAPID TO START
G1 Z0.00 F500    ; PEN DOWN
G4 P100           ; DWELL
G1 X100.938 Y136.990 F5400  ; DRAW LINE
G0 Z5.00               ; PEN UP

G0 X101.412 Y136.705   ; RAPID TO START
G1 Z0.00 F500    ; PEN DOWN
G4 P100           ; DWELL
G1 X100.130 Y133.903 F5400  ; DRAW LINE
G1 X101.412 Y136.705 F5400  ; DRAW LINE
G0 Z5.00               ; PEN UP

G0 X111.957 Y136.610   ; RAPID TO START
G1 Z0.00 F500    ; PEN DOWN
G4 P100           ; DWELL
G1 X111.957 Y136.610 F5400  ; DRAW LINE
G0 Z5.00               ; PEN UP

G0 X72.343 Y136.515   ; RAPID TO START
G1 Z0.00 F500    ; PEN DOWN
G4 P100           ; DWELL
G1 X73.965 Y135.139 F5400  ; DRAW LINE
G1 X70.300 Y134.045 F5400  ; DRAW LINE
G1 X69.038 Y135.949 F5400  ; DRAW LINE
G1 X72.343 Y136.515 F5400  ; DRAW LINE
G0 Z5.00               ; PEN UP

G0 X89.728 Y136.325   ; RAPID TO START
G1 Z0.00 F500    ; PEN DOWN
G4 P100           ; DWELL
G1 X90.297 Y134.045 F5400  ; DRAW LINE
G1 X88.825 Y135.233 F5400  ; DRAW LINE
G1 X89.728 Y136.325 F5400  ; DRAW LINE
G0 Z5.00               ; PEN UP

G0 X64.743 Y136.230   ; RAPID TO START
G1 Z0.00 F500    ; PEN DOWN
G4 P100           ; DWELL
G1 X65.012 Y134.783 F5400  ; DRAW LINE
G1 X62.462 Y133.095 F5400  ; DRAW LINE
G1 X62.225 Y134.757 F5400  ; DRAW LINE
G1 X64.743 Y136.230 F5400  ; DRAW LINE
G0 Z5.00               ; PEN UP

G0 X93.433 Y136.230   ; RAPID TO START
G1 Z0.00 F500    ; PEN DOWN
G4 P100           ; DWELL
G1 X94.905 Y134.425 F5400  ; DRAW LINE
G1 X93.005 Y133.665 F5400  ; DRAW LINE
G1 X93.433 Y136.230 F5400  ; DRAW LINE
G0 Z5.00               ; PEN UP

G0 X111.957 Y136.230   ; RAPID TO START
G1 Z0.00 F500    ; PEN DOWN
G4 P100           ; DWELL
G1 X111.957 Y136.230 F5400  ; DRAW LINE
G0 Z5.00               ; PEN UP

G0 X91.532 Y135.945   ; RAPID TO START
G1 Z0.00 F500    ; PEN DOWN
G4 P100           ; DWELL
G1 X92.672 Y133.665 F5400  ; DRAW LINE
G1 X90.535 Y133.855 F5400  ; DRAW LINE
G1 X91.532 Y135.945 F5400  ; DRAW LINE
G0 Z5.00               ; PEN UP

G0 X111.483 Y135.945   ; RAPID TO START
G1 Z0.00 F500    ; PEN DOWN
G4 P100           ; DWELL
G1 X111.483 Y135.945 F5400  ; DRAW LINE
G0 Z5.00               ; PEN UP

G0 X67.972 Y135.755   ; RAPID TO START
G1 Z0.00 F500    ; PEN DOWN
G4 P100           ; DWELL
G1 X70.110 Y133.998 F5400  ; DRAW LINE
G1 X66.785 Y132.525 F5400  ; DRAW LINE
G1 X67.930 Y134.070 F5400  ; DRAW LINE
G1 X65.428 Y134.769 F5400  ; DRAW LINE
G1 X67.972 Y135.755 F5400  ; DRAW LINE
G0 Z5.00               ; PEN UP

G0 X74.195 Y135.755   ; RAPID TO START
G1 Z0.00 F500    ; PEN DOWN
G4 P100           ; DWELL
G1 X75.525 Y135.423 F5400  ; DRAW LINE
G1 X74.195 Y135.755 F5400  ; DRAW LINE
G0 Z5.00               ; PEN UP

G0 X88.873 Y135.755   ; RAPID TO START
G1 Z0.00 F500    ; PEN DOWN
G4 P100           ; DWELL
G1 X87.067 Y133.570 F5400  ; DRAW LINE
G1 X86.640 Y134.662 F5400  ; DRAW LINE
G1 X88.873 Y135.755 F5400  ; DRAW LINE
G0 Z5.00               ; PEN UP

G0 X76.808 Y135.565   ; RAPID TO START
G1 Z0.00 F500    ; PEN DOWN
G4 P100           ; DWELL
G1 X78.326 Y133.610 F5400  ; DRAW LINE
G1 X76.808 Y135.565 F5400  ; DRAW LINE
G0 Z5.00               ; PEN UP

G0 X100.082 Y135.565   ; RAPID TO START
G1 Z0.00 F500    ; PEN DOWN
G4 P100           ; DWELL
G1 X99.703 Y133.570 F5400  ; DRAW LINE
G1 X100.082 Y135.565 F5400  ; DRAW LINE
G0 Z5.00               ; PEN UP

G0 X101.935 Y135.375   ; RAPID TO START
G1 Z0.00 F500    ; PEN DOWN
G4 P100           ; DWELL
G1 X103.828 Y134.233 F5400  ; DRAW LINE
G1 X101.935 Y135.375 F5400  ; DRAW LINE
G0 Z5.00               ; PEN UP

G0 X107.778 Y135.375   ; RAPID TO START
G1 Z0.00 F500    ; PEN DOWN
G4 P100           ; DWELL
G1 X107.778 Y135.375 F5400  ; DRAW LINE
G0 Z5.00               ; PEN UP

G0 X108.252 Y135.375   ; RAPID TO START
G1 Z0.00 F500    ; PEN DOWN
G4 P100           ; DWELL
G1 X108.252 Y135.375 F5400  ; DRAW LINE
G0 Z5.00               ; PEN UP

G0 X75.668 Y135.280   ; RAPID TO START
G1 Z0.00 F500    ; PEN DOWN
G4 P100           ; DWELL
G1 X76.570 Y133.950 F5400  ; DRAW LINE
G1 X74.765 Y133.332 F5400  ; DRAW LINE
G1 X76.095 Y132.762 F5400  ; DRAW LINE
G1 X72.865 Y131.290 F5400  ; DRAW LINE
G1 X70.775 Y133.903 F5400  ; DRAW LINE
G1 X75.668 Y135.280 F5400  ; DRAW LINE
G0 Z5.00               ; PEN UP

G0 X75.240 Y134.615   ; RAPID TO START
G1 Z0.00 F500    ; PEN DOWN
G4 P100           ; DWELL
G1 X75.240 Y134.615 F5400  ; DRAW LINE
G0 Z5.00               ; PEN UP

G0 X81.890 Y135.280   ; RAPID TO START
G1 Z0.00 F500    ; PEN DOWN
G4 P100           ; DWELL
G1 X81.890 Y135.280 F5400  ; DRAW LINE
G0 Z5.00               ; PEN UP

G0 X85.073 Y135.280   ; RAPID TO START
G1 Z0.00 F500    ; PEN DOWN
G4 P100           ; DWELL
G1 X86.830 Y133.095 F5400  ; DRAW LINE
G1 X85.215 Y131.765 F5400  ; DRAW LINE
G1 X84.787 Y133.475 F5400  ; DRAW LINE
G1 X84.265 Y131.005 F5400  ; DRAW LINE
G1 X82.935 Y134.425 F5400  ; DRAW LINE
G1 X84.692 Y133.475 F5400  ; DRAW LINE
G1 X83.668 Y134.674 F5400  ; DRAW LINE
G1 X85.073 Y135.280 F5400  ; DRAW LINE
G0 Z5.00               ; PEN UP

G0 X101.508 Y135.185   ; RAPID TO START
G1 Z0.00 F500    ; PEN DOWN
G4 P100           ; DWELL
G1 X101.508 Y135.185 F5400  ; DRAW LINE
G0 Z5.00               ; PEN UP

G0 X35.245 Y135.090   ; RAPID TO START
G1 Z0.00 F500    ; PEN DOWN
G4 P100           ; DWELL
G1 X38.283 Y134.144 F5400  ; DRAW LINE
G1 X37.527 Y131.867 F5400  ; DRAW LINE
G1 X38.027 Y133.751 F5400  ; DRAW LINE
G1 X35.958 Y133.285 F5400  ; DRAW LINE
G1 X35.245 Y135.090 F5400  ; DRAW LINE
G0 Z5.00               ; PEN UP

G0 X104.025 Y135.090   ; RAPID TO START
G1 Z0.00 F500    ; PEN DOWN
G4 P100           ; DWELL
G1 X106.495 Y133.998 F5400  ; DRAW LINE
G1 X104.025 Y135.090 F5400  ; DRAW LINE
G0 Z5.00               ; PEN UP

G0 X106.448 Y135.090   ; RAPID TO START
G1 Z0.00 F500    ; PEN DOWN
G4 P100           ; DWELL
G1 X107.635 Y133.998 F5400  ; DRAW LINE
G1 X106.495 Y130.767 F5400  ; DRAW LINE
G1 X107.540 Y134.662 F5400  ; DRAW LINE
G1 X108.490 Y131.907 F5400  ; DRAW LINE
G1 X108.395 Y134.805 F5400  ; DRAW LINE
G1 X109.392 Y131.955 F5400  ; DRAW LINE
G1 X109.155 Y134.710 F5400  ; DRAW LINE
G1 X110.914 Y133.439 F5400  ; DRAW LINE
G1 X110.580 Y130.910 F5400  ; DRAW LINE
G1 X108.300 Y131.528 F5400  ; DRAW LINE
G1 X107.160 Y130.197 F5400  ; DRAW LINE
G1 X109.392 Y129.865 F5400  ; DRAW LINE
G1 X108.157 Y127.300 F5400  ; DRAW LINE
G1 X108.110 Y128.582 F5400  ; DRAW LINE
G1 X107.635 Y127.585 F5400  ; DRAW LINE
G1 X105.895 Y128.719 F5400  ; DRAW LINE
G1 X106.400 Y130.577 F5400  ; DRAW LINE
G1 X105.593 Y129.105 F5400  ; DRAW LINE
G1 X107.065 Y131.528 F5400  ; DRAW LINE
G1 X106.448 Y135.090 F5400  ; DRAW LINE
G0 Z5.00               ; PEN UP

G0 X110.200 Y133.855   ; RAPID TO START
G1 Z0.00 F500    ; PEN DOWN
G4 P100           ; DWELL
G1 X110.105 Y131.480 F5400  ; DRAW LINE
G1 X110.200 Y133.855 F5400  ; DRAW LINE
G0 Z5.00               ; PEN UP

G0 X109.345 Y131.955   ; RAPID TO START
G1 Z0.00 F500    ; PEN DOWN
G4 P100           ; DWELL
G1 X109.345 Y131.955 F5400  ; DRAW LINE
G0 Z5.00               ; PEN UP

G0 X108.490 Y131.860   ; RAPID TO START
G1 Z0.00 F500    ; PEN DOWN
G4 P100           ; DWELL
G1 X108.490 Y131.860 F5400  ; DRAW LINE
G0 Z5.00               ; PEN UP

G0 X107.065 Y130.055   ; RAPID TO START
G1 Z0.00 F500    ; PEN DOWN
G4 P100           ; DWELL
G1 X106.590 Y129.105 F5400  ; DRAW LINE
G1 X107.065 Y130.055 F5400  ; DRAW LINE
G0 Z5.00               ; PEN UP

G0 X108.870 Y129.675   ; RAPID TO START
G1 Z0.00 F500    ; PEN DOWN
G4 P100           ; DWELL
G1 X108.300 Y128.725 F5400  ; DRAW LINE
G1 X108.870 Y129.675 F5400  ; DRAW LINE
G0 Z5.00               ; PEN UP

G0 X107.730 Y129.580   ; RAPID TO START
G1 Z0.00 F500    ; PEN DOWN
G4 P100           ; DWELL
G1 X107.730 Y129.580 F5400  ; DRAW LINE
G0 Z5.00               ; PEN UP

G0 X111.815 Y134.995   ; RAPID TO START
G1 Z0.00 F500    ; PEN DOWN
G4 P100           ; DWELL
G1 X111.815 Y134.995 F5400  ; DRAW LINE
G0 Z5.00               ; PEN UP

G0 X88.588 Y134.900   ; RAPID TO START
G1 Z0.00 F500    ; PEN DOWN
G4 P100           ; DWELL
G1 X90.155 Y133.808 F5400  ; DRAW LINE
G1 X89.347 Y131.385 F5400  ; DRAW LINE
G1 X87.305 Y133.285 F5400  ; DRAW LINE
G1 X88.588 Y134.900 F5400  ; DRAW LINE
G0 Z5.00               ; PEN UP

G0 X61.988 Y134.615   ; RAPID TO START
G1 Z0.00 F500    ; PEN DOWN
G4 P100           ; DWELL
G1 X60.230 Y131.053 F5400  ; DRAW LINE
G1 X62.795 Y132.002 F5400  ; DRAW LINE
G1 X60.563 Y129.580 F5400  ; DRAW LINE
G1 X59.280 Y132.002 F5400  ; DRAW LINE
G1 X61.988 Y134.615 F5400  ; DRAW LINE
G0 Z5.00               ; PEN UP

G0 X64.933 Y134.520   ; RAPID TO START
G1 Z0.00 F500    ; PEN DOWN
G4 P100           ; DWELL
G1 X66.094 Y133.834 F5400  ; DRAW LINE
G1 X62.320 Y132.762 F5400  ; DRAW LINE
G1 X64.933 Y134.520 F5400  ; DRAW LINE
G0 Z5.00               ; PEN UP

G0 X81.558 Y134.520   ; RAPID TO START
G1 Z0.00 F500    ; PEN DOWN
G4 P100           ; DWELL
G1 X80.606 Y132.390 F5400  ; DRAW LINE
G1 X81.558 Y134.520 F5400  ; DRAW LINE
G0 Z5.00               ; PEN UP

G0 X94.287 Y134.235   ; RAPID TO START
G1 Z0.00 F500    ; PEN DOWN
G4 P100           ; DWELL
G1 X96.045 Y132.810 F5400  ; DRAW LINE
G1 X93.433 Y131.385 F5400  ; DRAW LINE
G1 X94.287 Y134.235 F5400  ; DRAW LINE
G0 Z5.00               ; PEN UP

G0 X101.222 Y134.235   ; RAPID TO START
G1 Z0.00 F500    ; PEN DOWN
G4 P100           ; DWELL
G1 X99.987 Y132.050 F5400  ; DRAW LINE
G1 X101.222 Y134.235 F5400  ; DRAW LINE
G0 Z5.00               ; PEN UP

G0 X95.523 Y134.140   ; RAPID TO START
G1 Z0.00 F500    ; PEN DOWN
G4 P100           ; DWELL
G1 X96.188 Y133.095 F5400  ; DRAW LINE
G1 X95.523 Y134.140 F5400  ; DRAW LINE
G0 Z5.00               ; PEN UP

G0 X98.468 Y134.140   ; RAPID TO START
G1 Z0.00 F500    ; PEN DOWN
G4 P100           ; DWELL
G1 X99.669 Y133.236 F5400  ; DRAW LINE
G1 X97.281 Y131.007 F5400  ; DRAW LINE
G1 X96.425 Y133.048 F5400  ; DRAW LINE
G1 X98.468 Y134.140 F5400  ; DRAW LINE
G0 Z5.00               ; PEN UP

G0 X101.793 Y134.140   ; RAPID TO START
G1 Z0.00 F500    ; PEN DOWN
G4 P100           ; DWELL
G1 X103.740 Y133.950 F5400  ; DRAW LINE
G1 X103.360 Y132.050 F5400  ; DRAW LINE
G1 X101.175 Y132.287 F5400  ; DRAW LINE
G1 X101.793 Y134.140 F5400  ; DRAW LINE
G0 Z5.00               ; PEN UP

G0 X82.412 Y133.950   ; RAPID TO START
G1 Z0.00 F500    ; PEN DOWN
G4 P100           ; DWELL
G1 X82.080 Y130.530 F5400  ; DRAW LINE
G1 X79.800 Y131.243 F5400  ; DRAW LINE
G1 X81.938 Y131.765 F5400  ; DRAW LINE
G1 X82.412 Y133.950 F5400  ; DRAW LINE
G0 Z5.00               ; PEN UP

G0 X91.153 Y133.855   ; RAPID TO START
G1 Z0.00 F500    ; PEN DOWN
G4 P100           ; DWELL
G1 X92.910 Y133.238 F5400  ; DRAW LINE
G1 X93.195 Y131.195 F5400  ; DRAW LINE
G1 X89.680 Y131.385 F5400  ; DRAW LINE
G1 X91.153 Y133.855 F5400  ; DRAW LINE
G0 Z5.00               ; PEN UP

G0 X104.073 Y133.855   ; RAPID TO START
G1 Z0.00 F500    ; PEN DOWN
G4 P100           ; DWELL
G1 X106.400 Y133.665 F5400  ; DRAW LINE
G1 X106.020 Y131.765 F5400  ; DRAW LINE
G1 X103.645 Y132.050 F5400  ; DRAW LINE
G1 X104.073 Y133.855 F5400  ; DRAW LINE
G0 Z5.00               ; PEN UP

G0 X70.063 Y133.760   ; RAPID TO START
G1 Z0.00 F500    ; PEN DOWN
G4 P100           ; DWELL
G1 X72.675 Y131.148 F5400  ; DRAW LINE
G1 X70.157 Y129.770 F5400  ; DRAW LINE
G1 X69.397 Y131.290 F5400  ; DRAW LINE
G1 X69.920 Y129.532 F5400  ; DRAW LINE
G1 X68.353 Y128.155 F5400  ; DRAW LINE
G1 X63.650 Y129.722 F5400  ; DRAW LINE
G1 X70.063 Y133.760 F5400  ; DRAW LINE
G0 Z5.00               ; PEN UP

G0 X68.780 Y131.860   ; RAPID TO START
G1 Z0.00 F500    ; PEN DOWN
G4 P100           ; DWELL
G1 X68.780 Y131.860 F5400  ; DRAW LINE
G0 Z5.00               ; PEN UP

G0 X69.255 Y131.480   ; RAPID TO START
G1 Z0.00 F500    ; PEN DOWN
G4 P100           ; DWELL
G1 X69.255 Y131.480 F5400  ; DRAW LINE
G0 Z5.00               ; PEN UP

G0 X110.912 Y133.760   ; RAPID TO START
G1 Z0.00 F500    ; PEN DOWN
G4 P100           ; DWELL
G1 X112.290 Y133.142 F5400  ; DRAW LINE
G1 X111.767 Y131.385 F5400  ; DRAW LINE
G1 X110.912 Y133.760 F5400  ; DRAW LINE
G0 Z5.00               ; PEN UP

G0 X78.517 Y133.665   ; RAPID TO START
G1 Z0.00 F500    ; PEN DOWN
G4 P100           ; DWELL
G1 X79.657 Y131.860 F5400  ; DRAW LINE
G1 X78.517 Y133.665 F5400  ; DRAW LINE
G0 Z5.00               ; PEN UP

G0 X66.263 Y133.570   ; RAPID TO START
G1 Z0.00 F500    ; PEN DOWN
G4 P100           ; DWELL
G1 X63.602 Y129.960 F5400  ; DRAW LINE
G1 X63.270 Y131.813 F5400  ; DRAW LINE
G1 X66.263 Y133.570 F5400  ; DRAW LINE
G0 Z5.00               ; PEN UP

G0 X37.335 Y133.475   ; RAPID TO START
G1 Z0.00 F500    ; PEN DOWN
G4 P100           ; DWELL
G1 X37.335 Y133.475 F5400  ; DRAW LINE
G0 Z5.00               ; PEN UP

G0 X76.190 Y133.475   ; RAPID TO START
G1 Z0.00 F500    ; PEN DOWN
G4 P100           ; DWELL
G1 X77.330 Y133.238 F5400  ; DRAW LINE
G1 X76.190 Y133.475 F5400  ; DRAW LINE
G0 Z5.00               ; PEN UP

G0 X37.098 Y133.190   ; RAPID TO START
G1 Z0.00 F500    ; PEN DOWN
G4 P100           ; DWELL
G1 X37.098 Y133.190 F5400  ; DRAW LINE
G0 Z5.00               ; PEN UP

G0 X77.662 Y133.095   ; RAPID TO START
G1 Z0.00 F500    ; PEN DOWN
G4 P100           ; DWELL
G1 X79.230 Y131.528 F5400  ; DRAW LINE
G1 X77.995 Y129.532 F5400  ; DRAW LINE
G1 X79.525 Y130.905 F5400  ; DRAW LINE
G1 X79.515 Y128.678 F5400  ; DRAW LINE
G1 X74.195 Y122.360 F5400  ; DRAW LINE
G1 X73.767 Y125.210 F5400  ; DRAW LINE
G1 X73.245 Y121.552 F5400  ; DRAW LINE
G1 X76.523 Y121.315 F5400  ; DRAW LINE
G1 X75.810 Y122.597 F5400  ; DRAW LINE
G1 X74.168 Y121.944 F5400  ; DRAW LINE
G1 X80.892 Y128.250 F5400  ; DRAW LINE
G1 X80.085 Y130.530 F5400  ; DRAW LINE
G1 X81.890 Y129.912 F5400  ; DRAW LINE
G1 X79.135 Y122.313 F5400  ; DRAW LINE
G1 X81.938 Y123.310 F5400  ; DRAW LINE
G1 X79.895 Y123.690 F5400  ; DRAW LINE
G1 X81.368 Y127.775 F5400  ; DRAW LINE
G1 X83.743 Y127.300 F5400  ; DRAW LINE
G1 X81.415 Y127.965 F5400  ; DRAW LINE
G1 X81.985 Y129.770 F5400  ; DRAW LINE
G1 X84.455 Y128.440 F5400  ; DRAW LINE
G1 X84.218 Y126.255 F5400  ; DRAW LINE
G1 X86.213 Y126.350 F5400  ; DRAW LINE
G1 X84.455 Y126.635 F5400  ; DRAW LINE
G1 X85.073 Y128.725 F5400  ; DRAW LINE
G1 X87.020 Y126.207 F5400  ; DRAW LINE
G1 X86.355 Y121.505 F5400  ; DRAW LINE
G1 X86.260 Y124.022 F5400  ; DRAW LINE
G1 X83.362 Y122.265 F5400  ; DRAW LINE
G1 X84.075 Y126.112 F5400  ; DRAW LINE
G1 X80.845 Y115.852 F5400  ; DRAW LINE
G1 X81.700 Y117.800 F5400  ; DRAW LINE
G1 X84.787 Y117.325 F5400  ; DRAW LINE
G1 X81.890 Y118.418 F5400  ; DRAW LINE
G1 X83.030 Y121.838 F5400  ; DRAW LINE
G1 X85.215 Y121.838 F5400  ; DRAW LINE
G1 X85.120 Y116.707 F5400  ; DRAW LINE
G1 X80.655 Y107.873 F5400  ; DRAW LINE
G1 X83.552 Y109.630 F5400  ; DRAW LINE
G1 X86.735 Y109.108 F5400  ; DRAW LINE
G1 X83.090 Y107.299 F5400  ; DRAW LINE
G1 X78.422 Y107.160 F5400  ; DRAW LINE
G1 X74.955 Y109.013 F5400  ; DRAW LINE
G1 X72.675 Y125.875 F5400  ; DRAW LINE
G1 X76.998 Y126.825 F5400  ; DRAW LINE
G1 X76.095 Y127.537 F5400  ; DRAW LINE
G1 X77.948 Y129.485 F5400  ; DRAW LINE
G1 X75.810 Y127.680 F5400  ; DRAW LINE
G1 X75.192 Y129.960 F5400  ; DRAW LINE
G1 X75.620 Y127.537 F5400  ; DRAW LINE
G1 X73.055 Y126.255 F5400  ; DRAW LINE
G1 X72.343 Y128.440 F5400  ; DRAW LINE
G1 X72.865 Y126.065 F5400  ; DRAW LINE
G1 X68.590 Y127.965 F5400  ; DRAW LINE
G1 X69.968 Y129.390 F5400  ; DRAW LINE
G1 X72.153 Y128.535 F5400  ; DRAW LINE
G1 X70.537 Y129.770 F5400  ; DRAW LINE
G1 X74.813 Y130.340 F5400  ; DRAW LINE
G1 X73.245 Y131.148 F5400  ; DRAW LINE
G1 X77.662 Y133.095 F5400  ; DRAW LINE
G0 Z5.00               ; PEN UP

G0 X76.855 Y132.335   ; RAPID TO START
G1 Z0.00 F500    ; PEN DOWN
G4 P100           ; DWELL
G1 X76.855 Y132.335 F5400  ; DRAW LINE
G0 Z5.00               ; PEN UP

G0 X77.995 Y131.290   ; RAPID TO START
G1 Z0.00 F500    ; PEN DOWN
G4 P100           ; DWELL
G1 X77.995 Y131.290 F5400  ; DRAW LINE
G0 Z5.00               ; PEN UP

G0 X75.050 Y130.245   ; RAPID TO START
G1 Z0.00 F500    ; PEN DOWN
G4 P100           ; DWELL
G1 X75.050 Y130.245 F5400  ; DRAW LINE
G0 Z5.00               ; PEN UP

G0 X73.625 Y125.495   ; RAPID TO START
G1 Z0.00 F500    ; PEN DOWN
G4 P100           ; DWELL
G1 X73.625 Y125.495 F5400  ; DRAW LINE
G0 Z5.00               ; PEN UP

G0 X78.565 Y124.830   ; RAPID TO START
G1 Z0.00 F500    ; PEN DOWN
G4 P100           ; DWELL
G1 X79.325 Y124.070 F5400  ; DRAW LINE
G1 X78.565 Y124.830 F5400  ; DRAW LINE
G0 Z5.00               ; PEN UP

G0 X82.080 Y123.310   ; RAPID TO START
G1 Z0.00 F500    ; PEN DOWN
G4 P100           ; DWELL
G1 X82.080 Y123.310 F5400  ; DRAW LINE
G0 Z5.00               ; PEN UP

G0 X79.135 Y122.265   ; RAPID TO START
G1 Z0.00 F500    ; PEN DOWN
G4 P100           ; DWELL
G1 X79.135 Y122.265 F5400  ; DRAW LINE
G0 Z5.00               ; PEN UP

G0 X78.850 Y121.600   ; RAPID TO START
G1 Z0.00 F500    ; PEN DOWN
G4 P100           ; DWELL
G1 X78.850 Y121.600 F5400  ; DRAW LINE
G0 Z5.00               ; PEN UP

G0 X76.665 Y121.315   ; RAPID TO START
G1 Z0.00 F500    ; PEN DOWN
G4 P100           ; DWELL
G1 X76.665 Y121.315 F5400  ; DRAW LINE
G0 Z5.00               ; PEN UP

G0 X74.575 Y121.125   ; RAPID TO START
G1 Z0.00 F500    ; PEN DOWN
G4 P100           ; DWELL
G1 X74.575 Y121.125 F5400  ; DRAW LINE
G0 Z5.00               ; PEN UP

G0 X78.565 Y120.935   ; RAPID TO START
G1 Z0.00 F500    ; PEN DOWN
G4 P100           ; DWELL
G1 X77.805 Y119.035 F5400  ; DRAW LINE
G1 X80.655 Y119.130 F5400  ; DRAW LINE
G1 X78.090 Y119.605 F5400  ; DRAW LINE
G1 X78.565 Y120.935 F5400  ; DRAW LINE
G0 Z5.00               ; PEN UP

G0 X77.330 Y120.840   ; RAPID TO START
G1 Z0.00 F500    ; PEN DOWN
G4 P100           ; DWELL
G1 X77.330 Y120.840 F5400  ; DRAW LINE
G0 Z5.00               ; PEN UP

G0 X77.710 Y119.035   ; RAPID TO START
G1 Z0.00 F500    ; PEN DOWN
G4 P100           ; DWELL
G1 X77.710 Y119.035 F5400  ; DRAW LINE
G0 Z5.00               ; PEN UP

G0 X81.320 Y118.655   ; RAPID TO START
G1 Z0.00 F500    ; PEN DOWN
G4 P100           ; DWELL
G1 X81.320 Y118.655 F5400  ; DRAW LINE
G0 Z5.00               ; PEN UP

G0 X77.425 Y118.370   ; RAPID TO START
G1 Z0.00 F500    ; PEN DOWN
G4 P100           ; DWELL
G1 X76.950 Y117.230 F5400  ; DRAW LINE
G1 X77.425 Y118.370 F5400  ; DRAW LINE
G0 Z5.00               ; PEN UP

G0 X75.145 Y116.945   ; RAPID TO START
G1 Z0.00 F500    ; PEN DOWN
G4 P100           ; DWELL
G1 X75.145 Y116.945 F5400  ; DRAW LINE
G0 Z5.00               ; PEN UP

G0 X76.760 Y116.945   ; RAPID TO START
G1 Z0.00 F500    ; PEN DOWN
G4 P100           ; DWELL
G1 X76.285 Y115.900 F5400  ; DRAW LINE
G1 X76.760 Y116.945 F5400  ; DRAW LINE
G0 Z5.00               ; PEN UP

G0 X75.335 Y116.755   ; RAPID TO START
G1 Z0.00 F500    ; PEN DOWN
G4 P100           ; DWELL
G1 X75.335 Y116.755 F5400  ; DRAW LINE
G0 Z5.00               ; PEN UP

G0 X75.905 Y115.900   ; RAPID TO START
G1 Z0.00 F500    ; PEN DOWN
G4 P100           ; DWELL
G1 X78.090 Y115.615 F5400  ; DRAW LINE
G1 X75.905 Y115.900 F5400  ; DRAW LINE
G0 Z5.00               ; PEN UP

G0 X80.845 Y115.805   ; RAPID TO START
G1 Z0.00 F500    ; PEN DOWN
G4 P100           ; DWELL
G1 X79.040 Y111.815 F5400  ; DRAW LINE
G1 X80.085 Y113.905 F5400  ; DRAW LINE
G1 X83.030 Y113.525 F5400  ; DRAW LINE
G1 X80.275 Y114.095 F5400  ; DRAW LINE
G1 X80.845 Y115.805 F5400  ; DRAW LINE
G0 Z5.00               ; PEN UP

G0 X78.185 Y115.615   ; RAPID TO START
G1 Z0.00 F500    ; PEN DOWN
G4 P100           ; DWELL
G1 X78.185 Y115.615 F5400  ; DRAW LINE
G0 Z5.00               ; PEN UP

G0 X79.040 Y115.235   ; RAPID TO START
G1 Z0.00 F500    ; PEN DOWN
G4 P100           ; DWELL
G1 X79.040 Y115.235 F5400  ; DRAW LINE
G0 Z5.00               ; PEN UP

G0 X75.715 Y115.045   ; RAPID TO START
G1 Z0.00 F500    ; PEN DOWN
G4 P100           ; DWELL
G1 X75.715 Y115.045 F5400  ; DRAW LINE
G0 Z5.00               ; PEN UP

G0 X79.325 Y115.045   ; RAPID TO START
G1 Z0.00 F500    ; PEN DOWN
G4 P100           ; DWELL
G1 X79.325 Y115.045 F5400  ; DRAW LINE
G0 Z5.00               ; PEN UP

G0 X75.335 Y114.380   ; RAPID TO START
G1 Z0.00 F500    ; PEN DOWN
G4 P100           ; DWELL
G1 X75.335 Y114.380 F5400  ; DRAW LINE
G0 Z5.00               ; PEN UP

G0 X74.860 Y113.620   ; RAPID TO START
G1 Z0.00 F500    ; PEN DOWN
G4 P100           ; DWELL
G1 X74.860 Y113.620 F5400  ; DRAW LINE
G0 Z5.00               ; PEN UP

G0 X75.145 Y112.290   ; RAPID TO START
G1 Z0.00 F500    ; PEN DOWN
G4 P100           ; DWELL
G1 X76.285 Y111.910 F5400  ; DRAW LINE
G1 X75.145 Y112.290 F5400  ; DRAW LINE
G0 Z5.00               ; PEN UP

G0 X78.945 Y111.815   ; RAPID TO START
G1 Z0.00 F500    ; PEN DOWN
G4 P100           ; DWELL
G1 X77.900 Y109.915 F5400  ; DRAW LINE
G1 X80.465 Y110.105 F5400  ; DRAW LINE
G1 X78.185 Y110.390 F5400  ; DRAW LINE
G1 X78.945 Y111.815 F5400  ; DRAW LINE
G0 Z5.00               ; PEN UP

G0 X77.045 Y111.625   ; RAPID TO START
G1 Z0.00 F500    ; PEN DOWN
G4 P100           ; DWELL
G1 X77.045 Y111.625 F5400  ; DRAW LINE
G0 Z5.00               ; PEN UP

G0 X77.140 Y111.435   ; RAPID TO START
G1 Z0.00 F500    ; PEN DOWN
G4 P100           ; DWELL
G1 X77.140 Y111.435 F5400  ; DRAW LINE
G0 Z5.00               ; PEN UP

G0 X77.615 Y111.055   ; RAPID TO START
G1 Z0.00 F500    ; PEN DOWN
G4 P100           ; DWELL
G1 X77.615 Y111.055 F5400  ; DRAW LINE
G0 Z5.00               ; PEN UP

G0 X80.560 Y110.105   ; RAPID TO START
G1 Z0.00 F500    ; PEN DOWN
G4 P100           ; DWELL
G1 X80.560 Y110.105 F5400  ; DRAW LINE
G0 Z5.00               ; PEN UP

G0 X77.805 Y109.915   ; RAPID TO START
G1 Z0.00 F500    ; PEN DOWN
G4 P100           ; DWELL
G1 X77.805 Y109.915 F5400  ; DRAW LINE
G0 Z5.00               ; PEN UP

G0 X81.035 Y109.820   ; RAPID TO START
G1 Z0.00 F500    ; PEN DOWN
G4 P100           ; DWELL
G1 X81.035 Y109.820 F5400  ; DRAW LINE
G0 Z5.00               ; PEN UP

G0 X77.425 Y109.345   ; RAPID TO START
G1 Z0.00 F500    ; PEN DOWN
G4 P100           ; DWELL
G1 X77.425 Y109.345 F5400  ; DRAW LINE
G0 Z5.00               ; PEN UP

G0 X77.900 Y107.920   ; RAPID TO START
G1 Z0.00 F500    ; PEN DOWN
G4 P100           ; DWELL
G1 X79.040 Y107.445 F5400  ; DRAW LINE
G1 X77.900 Y107.920 F5400  ; DRAW LINE
G0 Z5.00               ; PEN UP

G0 X86.972 Y133.095   ; RAPID TO START
G1 Z0.00 F500    ; PEN DOWN
G4 P100           ; DWELL
G1 X89.205 Y130.673 F5400  ; DRAW LINE
G1 X88.207 Y128.250 F5400  ; DRAW LINE
G1 X87.638 Y129.390 F5400  ; DRAW LINE
G1 X87.590 Y126.445 F5400  ; DRAW LINE
G1 X84.455 Y130.673 F5400  ; DRAW LINE
G1 X86.877 Y130.435 F5400  ; DRAW LINE
G1 X85.500 Y131.480 F5400  ; DRAW LINE
G1 X86.972 Y133.095 F5400  ; DRAW LINE
G0 Z5.00               ; PEN UP

G0 X87.020 Y130.435   ; RAPID TO START
G1 Z0.00 F500    ; PEN DOWN
G4 P100           ; DWELL
G1 X87.590 Y129.390 F5400  ; DRAW LINE
G1 X87.020 Y130.435 F5400  ; DRAW LINE
G0 Z5.00               ; PEN UP

G0 X112.480 Y133.095   ; RAPID TO START
G1 Z0.00 F500    ; PEN DOWN
G4 P100           ; DWELL
G1 X112.148 Y131.290 F5400  ; DRAW LINE
G1 X112.480 Y133.095 F5400  ; DRAW LINE
G0 Z5.00               ; PEN UP

G0 X99.323 Y133.000   ; RAPID TO START
G1 Z0.00 F500    ; PEN DOWN
G4 P100           ; DWELL
G1 X97.660 Y130.292 F5400  ; DRAW LINE
G1 X99.323 Y133.000 F5400  ; DRAW LINE
G0 Z5.00               ; PEN UP

G0 X38.285 Y132.905   ; RAPID TO START
G1 Z0.00 F500    ; PEN DOWN
G4 P100           ; DWELL
G1 X39.045 Y131.195 F5400  ; DRAW LINE
G1 X38.285 Y132.905 F5400  ; DRAW LINE
G0 Z5.00               ; PEN UP

G0 X113.192 Y132.905   ; RAPID TO START
G1 Z0.00 F500    ; PEN DOWN
G4 P100           ; DWELL
G1 X113.192 Y132.905 F5400  ; DRAW LINE
G0 Z5.00               ; PEN UP

G0 X39.093 Y132.810   ; RAPID TO START
G1 Z0.00 F500    ; PEN DOWN
G4 P100           ; DWELL
G1 X38.705 Y130.199 F5400  ; DRAW LINE
G1 X39.093 Y132.810 F5400  ; DRAW LINE
G0 Z5.00               ; PEN UP

G0 X113.905 Y132.715   ; RAPID TO START
G1 Z0.00 F500    ; PEN DOWN
G4 P100           ; DWELL
G1 X113.002 Y131.195 F5400  ; DRAW LINE
G1 X113.905 Y132.715 F5400  ; DRAW LINE
G0 Z5.00               ; PEN UP

G0 X95.523 Y132.620   ; RAPID TO START
G1 Z0.00 F500    ; PEN DOWN
G4 P100           ; DWELL
G1 X97.280 Y130.530 F5400  ; DRAW LINE
G1 X93.813 Y128.060 F5400  ; DRAW LINE
G1 X93.589 Y131.209 F5400  ; DRAW LINE
G1 X95.523 Y132.620 F5400  ; DRAW LINE
G0 Z5.00               ; PEN UP

G0 X82.983 Y132.525   ; RAPID TO START
G1 Z0.00 F500    ; PEN DOWN
G4 P100           ; DWELL
G1 X83.600 Y131.195 F5400  ; DRAW LINE
G1 X82.983 Y132.525 F5400  ; DRAW LINE
G0 Z5.00               ; PEN UP

G0 X37.810 Y132.335   ; RAPID TO START
G1 Z0.00 F500    ; PEN DOWN
G4 P100           ; DWELL
G1 X38.665 Y131.053 F5400  ; DRAW LINE
G1 X37.810 Y132.335 F5400  ; DRAW LINE
G0 Z5.00               ; PEN UP

G0 X25.128 Y132.145   ; RAPID TO START
G1 Z0.00 F500    ; PEN DOWN
G4 P100           ; DWELL
G1 X24.248 Y129.844 F5400  ; DRAW LINE
G1 X25.128 Y132.145 F5400  ; DRAW LINE
G0 Z5.00               ; PEN UP

G0 X99.987 Y131.860   ; RAPID TO START
G1 Z0.00 F500    ; PEN DOWN
G4 P100           ; DWELL
G1 X100.700 Y129.960 F5400  ; DRAW LINE
G1 X98.847 Y129.770 F5400  ; DRAW LINE
G1 X99.987 Y131.860 F5400  ; DRAW LINE
G0 Z5.00               ; PEN UP

G0 X101.222 Y131.860   ; RAPID TO START
G1 Z0.00 F500    ; PEN DOWN
G4 P100           ; DWELL
G1 X103.360 Y131.765 F5400  ; DRAW LINE
G1 X103.170 Y130.150 F5400  ; DRAW LINE
G1 X100.879 Y130.186 F5400  ; DRAW LINE
G1 X101.222 Y131.860 F5400  ; DRAW LINE
G0 Z5.00               ; PEN UP

G0 X25.698 Y131.765   ; RAPID TO START
G1 Z0.00 F500    ; PEN DOWN
G4 P100           ; DWELL
G1 X25.555 Y128.155 F5400  ; DRAW LINE
G1 X25.698 Y131.765 F5400  ; DRAW LINE
G0 Z5.00               ; PEN UP

G0 X103.883 Y131.765   ; RAPID TO START
G1 Z0.00 F500    ; PEN DOWN
G4 P100           ; DWELL
G1 X106.020 Y131.433 F5400  ; DRAW LINE
G1 X103.597 Y130.245 F5400  ; DRAW LINE
G1 X103.883 Y131.765 F5400  ; DRAW LINE
G0 Z5.00               ; PEN UP

G0 X90.963 Y131.670   ; RAPID TO START
G1 Z0.00 F500    ; PEN DOWN
G4 P100           ; DWELL
G1 X93.290 Y130.673 F5400  ; DRAW LINE
G1 X93.575 Y127.680 F5400  ; DRAW LINE
G1 X88.445 Y128.060 F5400  ; DRAW LINE
G1 X90.963 Y131.670 F5400  ; DRAW LINE
G0 Z5.00               ; PEN UP

G0 X59.043 Y131.575   ; RAPID TO START
G1 Z0.00 F500    ; PEN DOWN
G4 P100           ; DWELL
G1 X59.470 Y130.197 F5400  ; DRAW LINE
G1 X57.855 Y129.580 F5400  ; DRAW LINE
G1 X59.043 Y131.575 F5400  ; DRAW LINE
G0 Z5.00               ; PEN UP

G0 X62.938 Y131.575   ; RAPID TO START
G1 Z0.00 F500    ; PEN DOWN
G4 P100           ; DWELL
G1 X63.193 Y129.496 F5400  ; DRAW LINE
G1 X61.275 Y129.485 F5400  ; DRAW LINE
G1 X62.938 Y131.575 F5400  ; DRAW LINE
G0 Z5.00               ; PEN UP

G0 X114.047 Y131.480   ; RAPID TO START
G1 Z0.00 F500    ; PEN DOWN
G4 P100           ; DWELL
G1 X112.765 Y130.720 F5400  ; DRAW LINE
G1 X114.047 Y131.480 F5400  ; DRAW LINE
G0 Z5.00               ; PEN UP

G0 X26.837 Y131.385   ; RAPID TO START
G1 Z0.00 F500    ; PEN DOWN
G4 P100           ; DWELL
G1 X26.885 Y127.395 F5400  ; DRAW LINE
G1 X25.620 Y129.346 F5400  ; DRAW LINE
G1 X26.837 Y131.385 F5400  ; DRAW LINE
G0 Z5.00               ; PEN UP

G0 X82.793 Y131.100   ; RAPID TO START
G1 Z0.00 F500    ; PEN DOWN
G4 P100           ; DWELL
G1 X84.597 Y128.630 F5400  ; DRAW LINE
G1 X82.793 Y131.100 F5400  ; DRAW LINE
G0 Z5.00               ; PEN UP

G0 X27.788 Y131.005   ; RAPID TO START
G1 Z0.00 F500    ; PEN DOWN
G4 P100           ; DWELL
G1 X28.880 Y130.767 F5400  ; DRAW LINE
G1 X27.977 Y127.110 F5400  ; DRAW LINE
G1 X26.859 Y128.384 F5400  ; DRAW LINE
G1 X27.788 Y131.005 F5400  ; DRAW LINE
G0 Z5.00               ; PEN UP

G0 X29.308 Y130.910   ; RAPID TO START
G1 Z0.00 F500    ; PEN DOWN
G4 P100           ; DWELL
G1 X30.305 Y130.720 F5400  ; DRAW LINE
G1 X28.738 Y127.110 F5400  ; DRAW LINE
G1 X29.308 Y130.910 F5400  ; DRAW LINE
G0 Z5.00               ; PEN UP

G0 X111.388 Y130.910   ; RAPID TO START
G1 Z0.00 F500    ; PEN DOWN
G4 P100           ; DWELL
G1 X111.245 Y129.580 F5400  ; DRAW LINE
G1 X111.388 Y130.910 F5400  ; DRAW LINE
G0 Z5.00               ; PEN UP

G0 X111.815 Y130.815   ; RAPID TO START
G1 Z0.00 F500    ; PEN DOWN
G4 P100           ; DWELL
G1 X111.767 Y129.295 F5400  ; DRAW LINE
G1 X111.815 Y130.815 F5400  ; DRAW LINE
G0 Z5.00               ; PEN UP

G0 X39.758 Y130.720   ; RAPID TO START
G1 Z0.00 F500    ; PEN DOWN
G4 P100           ; DWELL
G1 X40.470 Y129.485 F5400  ; DRAW LINE
G1 X39.758 Y130.720 F5400  ; DRAW LINE
G0 Z5.00               ; PEN UP

G0 X40.185 Y130.720   ; RAPID TO START
G1 Z0.00 F500    ; PEN DOWN
G4 P100           ; DWELL
G1 X40.185 Y130.720 F5400  ; DRAW LINE
G0 Z5.00               ; PEN UP

G0 X113.573 Y130.625   ; RAPID TO START
G1 Z0.00 F500    ; PEN DOWN
G4 P100           ; DWELL
G1 X113.573 Y130.625 F5400  ; DRAW LINE
G0 Z5.00               ; PEN UP

G0 X110.817 Y130.530   ; RAPID TO START
G1 Z0.00 F500    ; PEN DOWN
G4 P100           ; DWELL
G1 X110.817 Y130.530 F5400  ; DRAW LINE
G0 Z5.00               ; PEN UP

G0 X30.543 Y130.435   ; RAPID TO START
G1 Z0.00 F500    ; PEN DOWN
G4 P100           ; DWELL
G1 X30.590 Y126.920 F5400  ; DRAW LINE
G1 X30.543 Y130.435 F5400  ; DRAW LINE
G0 Z5.00               ; PEN UP

G0 X39.473 Y130.340   ; RAPID TO START
G1 Z0.00 F500    ; PEN DOWN
G4 P100           ; DWELL
G1 X40.280 Y129.153 F5400  ; DRAW LINE
G1 X39.473 Y130.340 F5400  ; DRAW LINE
G0 Z5.00               ; PEN UP

G0 X96.948 Y130.340   ; RAPID TO START
G1 Z0.00 F500    ; PEN DOWN
G4 P100           ; DWELL
G1 X93.860 Y125.970 F5400  ; DRAW LINE
G1 X94.473 Y128.882 F5400  ; DRAW LINE
G1 X96.948 Y130.340 F5400  ; DRAW LINE
G0 Z5.00               ; PEN UP

G0 X113.858 Y130.150   ; RAPID TO START
G1 Z0.00 F500    ; PEN DOWN
G4 P100           ; DWELL
G1 X113.858 Y130.150 F5400  ; DRAW LINE
G0 Z5.00               ; PEN UP

G0 X98.468 Y129.960   ; RAPID TO START
G1 Z0.00 F500    ; PEN DOWN
G4 P100           ; DWELL
G1 X97.525 Y126.638 F5400  ; DRAW LINE
G1 X98.468 Y129.960 F5400  ; DRAW LINE
G0 Z5.00               ; PEN UP

G0 X102.743 Y129.960   ; RAPID TO START
G1 Z0.00 F500    ; PEN DOWN
G4 P100           ; DWELL
G1 X100.795 Y129.153 F5400  ; DRAW LINE
G1 X102.743 Y129.960 F5400  ; DRAW LINE
G0 Z5.00               ; PEN UP

G0 X103.692 Y129.960   ; RAPID TO START
G1 Z0.00 F500    ; PEN DOWN
G4 P100           ; DWELL
G1 X105.070 Y129.200 F5400  ; DRAW LINE
G1 X103.692 Y129.960 F5400  ; DRAW LINE
G0 Z5.00               ; PEN UP

G0 X59.517 Y129.865   ; RAPID TO START
G1 Z0.00 F500    ; PEN DOWN
G4 P100           ; DWELL
G1 X59.517 Y129.865 F5400  ; DRAW LINE
G0 Z5.00               ; PEN UP

G0 X112.338 Y129.865   ; RAPID TO START
G1 Z0.00 F500    ; PEN DOWN
G4 P100           ; DWELL
G1 X112.338 Y129.865 F5400  ; DRAW LINE
G0 Z5.00               ; PEN UP

G0 X31.398 Y129.770   ; RAPID TO START
G1 Z0.00 F500    ; PEN DOWN
G4 P100           ; DWELL
G1 X32.490 Y129.532 F5400  ; DRAW LINE
G1 X31.683 Y125.970 F5400  ; DRAW LINE
G1 X31.398 Y129.770 F5400  ; DRAW LINE
G0 Z5.00               ; PEN UP

G0 X100.558 Y129.770   ; RAPID TO START
G1 Z0.00 F500    ; PEN DOWN
G4 P100           ; DWELL
G1 X99.133 Y128.820 F5400  ; DRAW LINE
G1 X100.558 Y129.770 F5400  ; DRAW LINE
G0 Z5.00               ; PEN UP

G0 X39.425 Y129.580   ; RAPID TO START
G1 Z0.00 F500    ; PEN DOWN
G4 P100           ; DWELL
G1 X40.450 Y128.507 F5400  ; DRAW LINE
G1 X39.425 Y129.580 F5400  ; DRAW LINE
G0 Z5.00               ; PEN UP

G0 X109.868 Y129.580   ; RAPID TO START
G1 Z0.00 F500    ; PEN DOWN
G4 P100           ; DWELL
G1 X109.868 Y129.580 F5400  ; DRAW LINE
G0 Z5.00               ; PEN UP

G0 X113.953 Y129.580   ; RAPID TO START
G1 Z0.00 F500    ; PEN DOWN
G4 P100           ; DWELL
G1 X113.953 Y129.580 F5400  ; DRAW LINE
G0 Z5.00               ; PEN UP

G0 X32.822 Y129.485   ; RAPID TO START
G1 Z0.00 F500    ; PEN DOWN
G4 P100           ; DWELL
G1 X34.105 Y129.295 F5400  ; DRAW LINE
G1 X32.348 Y125.400 F5400  ; DRAW LINE
G1 X32.822 Y129.485 F5400  ; DRAW LINE
G0 Z5.00               ; PEN UP

G0 X63.508 Y129.485   ; RAPID TO START
G1 Z0.00 F500    ; PEN DOWN
G4 P100           ; DWELL
G1 X65.666 Y128.843 F5400  ; DRAW LINE
G1 X63.508 Y129.485 F5400  ; DRAW LINE
G0 Z5.00               ; PEN UP

G0 X110.153 Y129.485   ; RAPID TO START
G1 Z0.00 F500    ; PEN DOWN
G4 P100           ; DWELL
G1 X110.153 Y129.485 F5400  ; DRAW LINE
G0 Z5.00               ; PEN UP

G0 X40.898 Y129.295   ; RAPID TO START
G1 Z0.00 F500    ; PEN DOWN
G4 P100           ; DWELL
G1 X41.657 Y126.540 F5400  ; DRAW LINE
G1 X40.898 Y129.295 F5400  ; DRAW LINE
G0 Z5.00               ; PEN UP

G0 X110.532 Y129.295   ; RAPID TO START
G1 Z0.00 F500    ; PEN DOWN
G4 P100           ; DWELL
G1 X110.532 Y129.295 F5400  ; DRAW LINE
G0 Z5.00               ; PEN UP

G0 X112.718 Y129.295   ; RAPID TO START
G1 Z0.00 F500    ; PEN DOWN
G4 P100           ; DWELL
G1 X112.718 Y129.295 F5400  ; DRAW LINE
G0 Z5.00               ; PEN UP

G0 X34.295 Y129.200   ; RAPID TO START
G1 Z0.00 F500    ; PEN DOWN
G4 P100           ; DWELL
G1 X35.625 Y128.773 F5400  ; DRAW LINE
G1 X33.297 Y125.970 F5400  ; DRAW LINE
G1 X34.295 Y129.200 F5400  ; DRAW LINE
G0 Z5.00               ; PEN UP

G0 X56.002 Y129.105   ; RAPID TO START
G1 Z0.00 F500    ; PEN DOWN
G4 P100           ; DWELL
G1 X65.407 Y128.630 F5400  ; DRAW LINE
G1 X72.390 Y125.733 F5400  ; DRAW LINE
G1 X74.670 Y109.013 F5400  ; DRAW LINE
G1 X71.535 Y113.668 F5400  ; DRAW LINE
G1 X69.255 Y121.838 F5400  ; DRAW LINE
G1 X66.073 Y125.495 F5400  ; DRAW LINE
G1 X67.450 Y123.737 F5400  ; DRAW LINE
G1 X63.083 Y119.573 F5400  ; DRAW LINE
G1 X58.282 Y117.325 F5400  ; DRAW LINE
G1 X53.818 Y117.230 F5400  ; DRAW LINE
G1 X68.114 Y117.418 F5400  ; DRAW LINE
G1 X62.367 Y114.190 F5400  ; DRAW LINE
G1 X50.682 Y111.910 F5400  ; DRAW LINE
G1 X50.861 Y113.362 F5400  ; DRAW LINE
G1 X48.165 Y111.435 F5400  ; DRAW LINE
G1 X51.015 Y117.563 F5400  ; DRAW LINE
G1 X47.595 Y124.688 F5400  ; DRAW LINE
G1 X56.002 Y129.105 F5400  ; DRAW LINE
G0 Z5.00               ; PEN UP

G0 X111.103 Y129.105   ; RAPID TO START
G1 Z0.00 F500    ; PEN DOWN
G4 P100           ; DWELL
G1 X111.103 Y129.105 F5400  ; DRAW LINE
G0 Z5.00               ; PEN UP

G0 X36.718 Y129.010   ; RAPID TO START
G1 Z0.00 F500    ; PEN DOWN
G4 P100           ; DWELL
G1 X40.565 Y127.157 F5400  ; DRAW LINE
G1 X42.180 Y122.882 F5400  ; DRAW LINE
G1 X41.230 Y122.407 F5400  ; DRAW LINE
G1 X39.868 Y126.434 F5400  ; DRAW LINE
G1 X36.718 Y129.010 F5400  ; DRAW LINE
G0 Z5.00               ; PEN UP

G0 X36.053 Y128.915   ; RAPID TO START
G1 Z0.00 F500    ; PEN DOWN
G4 P100           ; DWELL
G1 X39.926 Y125.986 F5400  ; DRAW LINE
G1 X41.040 Y122.075 F5400  ; DRAW LINE
G1 X36.053 Y128.915 F5400  ; DRAW LINE
G0 Z5.00               ; PEN UP

G0 X111.625 Y128.820   ; RAPID TO START
G1 Z0.00 F500    ; PEN DOWN
G4 P100           ; DWELL
G1 X111.625 Y128.820 F5400  ; DRAW LINE
G0 Z5.00               ; PEN UP

G0 X112.243 Y128.630   ; RAPID TO START
G1 Z0.00 F500    ; PEN DOWN
G4 P100           ; DWELL
G1 X111.672 Y127.680 F5400  ; DRAW LINE
G1 X112.243 Y128.630 F5400  ; DRAW LINE
G0 Z5.00               ; PEN UP

G0 X90.392 Y128.440   ; RAPID TO START
G1 Z0.00 F500    ; PEN DOWN
G4 P100           ; DWELL
G1 X93.129 Y127.680 F5400  ; DRAW LINE
G1 X93.670 Y125.733 F5400  ; DRAW LINE
G1 X88.057 Y125.725 F5400  ; DRAW LINE
G1 X88.255 Y127.775 F5400  ; DRAW LINE
G1 X90.392 Y128.440 F5400  ; DRAW LINE
G0 Z5.00               ; PEN UP

G0 X109.392 Y128.440   ; RAPID TO START
G1 Z0.00 F500    ; PEN DOWN
G4 P100           ; DWELL
G1 X109.392 Y128.440 F5400  ; DRAW LINE
G0 Z5.00               ; PEN UP

G0 X112.575 Y128.440   ; RAPID TO START
G1 Z0.00 F500    ; PEN DOWN
G4 P100           ; DWELL
G1 X112.575 Y128.440 F5400  ; DRAW LINE
G0 Z5.00               ; PEN UP

G0 X35.388 Y128.155   ; RAPID TO START
G1 Z0.00 F500    ; PEN DOWN
G4 P100           ; DWELL
G1 X38.594 Y125.806 F5400  ; DRAW LINE
G1 X39.995 Y121.695 F5400  ; DRAW LINE
G1 X35.388 Y128.155 F5400  ; DRAW LINE
G0 Z5.00               ; PEN UP

G0 X97.043 Y128.155   ; RAPID TO START
G1 Z0.00 F500    ; PEN DOWN
G4 P100           ; DWELL
G1 X97.280 Y126.065 F5400  ; DRAW LINE
G1 X95.047 Y125.305 F5400  ; DRAW LINE
G1 X97.043 Y128.155 F5400  ; DRAW LINE
G0 Z5.00               ; PEN UP

G0 X110.343 Y128.060   ; RAPID TO START
G1 Z0.00 F500    ; PEN DOWN
G4 P100           ; DWELL
G1 X110.343 Y128.060 F5400  ; DRAW LINE
G0 Z5.00               ; PEN UP

G0 X111.008 Y127.775   ; RAPID TO START
G1 Z0.00 F500    ; PEN DOWN
G4 P100           ; DWELL
G1 X110.770 Y126.635 F5400  ; DRAW LINE
G1 X111.008 Y127.775 F5400  ; DRAW LINE
G0 Z5.00               ; PEN UP

G0 X41.943 Y127.490   ; RAPID TO START
G1 Z0.00 F500    ; PEN DOWN
G4 P100           ; DWELL
G1 X41.943 Y127.490 F5400  ; DRAW LINE
G0 Z5.00               ; PEN UP

G0 X34.913 Y127.110   ; RAPID TO START
G1 Z0.00 F500    ; PEN DOWN
G4 P100           ; DWELL
G1 X38.095 Y123.405 F5400  ; DRAW LINE
G1 X34.913 Y127.110 F5400  ; DRAW LINE
G0 Z5.00               ; PEN UP

G0 X98.278 Y127.110   ; RAPID TO START
G1 Z0.00 F500    ; PEN DOWN
G4 P100           ; DWELL
G1 X97.707 Y122.550 F5400  ; DRAW LINE
G1 X98.278 Y127.110 F5400  ; DRAW LINE
G0 Z5.00               ; PEN UP

G0 X42.608 Y126.920   ; RAPID TO START
G1 Z0.00 F500    ; PEN DOWN
G4 P100           ; DWELL
G1 X42.133 Y125.590 F5400  ; DRAW LINE
G1 X42.608 Y126.920 F5400  ; DRAW LINE
G0 Z5.00               ; PEN UP

G0 X34.153 Y126.160   ; RAPID TO START
G1 Z0.00 F500    ; PEN DOWN
G4 P100           ; DWELL
G1 X36.575 Y123.453 F5400  ; DRAW LINE
G1 X34.153 Y126.160 F5400  ; DRAW LINE
G0 Z5.00               ; PEN UP

G0 X42.655 Y126.160   ; RAPID TO START
G1 Z0.00 F500    ; PEN DOWN
G4 P100           ; DWELL
G1 X42.655 Y126.160 F5400  ; DRAW LINE
G0 Z5.00               ; PEN UP

G0 X43.035 Y125.970   ; RAPID TO START
G1 Z0.00 F500    ; PEN DOWN
G4 P100           ; DWELL
G1 X44.270 Y124.450 F5400  ; DRAW LINE
G1 X42.560 Y124.877 F5400  ; DRAW LINE
G1 X43.035 Y125.970 F5400  ; DRAW LINE
G0 Z5.00               ; PEN UP

G0 X96.282 Y125.970   ; RAPID TO START
G1 Z0.00 F500    ; PEN DOWN
G4 P100           ; DWELL
G1 X97.375 Y122.123 F5400  ; DRAW LINE
G1 X95.000 Y121.647 F5400  ; DRAW LINE
G1 X96.282 Y125.970 F5400  ; DRAW LINE
G0 Z5.00               ; PEN UP

G0 X94.573 Y125.780   ; RAPID TO START
G1 Z0.00 F500    ; PEN DOWN
G4 P100           ; DWELL
G1 X94.573 Y125.780 F5400  ; DRAW LINE
G0 Z5.00               ; PEN UP

G0 X87.353 Y125.590   ; RAPID TO START
G1 Z0.00 F500    ; PEN DOWN
G4 P100           ; DWELL
G1 X90.345 Y124.593 F5400  ; DRAW LINE
G1 X90.108 Y121.410 F5400  ; DRAW LINE
G1 X87.210 Y121.695 F5400  ; DRAW LINE
G1 X87.685 Y123.073 F5400  ; DRAW LINE
G1 X86.545 Y121.362 F5400  ; DRAW LINE
G1 X87.353 Y125.590 F5400  ; DRAW LINE
G0 Z5.00               ; PEN UP

G0 X33.392 Y125.400   ; RAPID TO START
G1 Z0.00 F500    ; PEN DOWN
G4 P100           ; DWELL
G1 X35.245 Y123.168 F5400  ; DRAW LINE
G1 X32.585 Y124.688 F5400  ; DRAW LINE
G1 X33.392 Y125.400 F5400  ; DRAW LINE
G0 Z5.00               ; PEN UP

G0 X43.273 Y125.400   ; RAPID TO START
G1 Z0.00 F500    ; PEN DOWN
G4 P100           ; DWELL
G1 X43.273 Y125.400 F5400  ; DRAW LINE
G0 Z5.00               ; PEN UP

G0 X41.895 Y125.305   ; RAPID TO START
G1 Z0.00 F500    ; PEN DOWN
G4 P100           ; DWELL
G1 X42.513 Y123.310 F5400  ; DRAW LINE
G1 X41.895 Y125.305 F5400  ; DRAW LINE
G0 Z5.00               ; PEN UP

G0 X44.318 Y125.115   ; RAPID TO START
G1 Z0.00 F500    ; PEN DOWN
G4 P100           ; DWELL
G1 X46.357 Y124.407 F5400  ; DRAW LINE
G1 X44.318 Y125.115 F5400  ; DRAW LINE
G0 Z5.00               ; PEN UP

G0 X93.718 Y125.115   ; RAPID TO START
G1 Z0.00 F500    ; PEN DOWN
G4 P100           ; DWELL
G1 X94.810 Y121.552 F5400  ; DRAW LINE
G1 X91.105 Y121.125 F5400  ; DRAW LINE
G1 X91.390 Y124.640 F5400  ; DRAW LINE
G1 X93.718 Y125.115 F5400  ; DRAW LINE
G0 Z5.00               ; PEN UP

G0 X32.157 Y124.640   ; RAPID TO START
G1 Z0.00 F500    ; PEN DOWN
G4 P100           ; DWELL
G1 X33.820 Y122.740 F5400  ; DRAW LINE
G1 X32.157 Y124.640 F5400  ; DRAW LINE
G0 Z5.00               ; PEN UP

G0 X90.820 Y124.640   ; RAPID TO START
G1 Z0.00 F500    ; PEN DOWN
G4 P100           ; DWELL
G1 X90.773 Y121.030 F5400  ; DRAW LINE
G1 X90.820 Y124.640 F5400  ; DRAW LINE
G0 Z5.00               ; PEN UP

G0 X46.598 Y124.260   ; RAPID TO START
G1 Z0.00 F500    ; PEN DOWN
G4 P100           ; DWELL
G1 X49.685 Y121.125 F5400  ; DRAW LINE
G1 X45.505 Y123.880 F5400  ; DRAW LINE
G1 X46.598 Y124.260 F5400  ; DRAW LINE
G0 Z5.00               ; PEN UP

G0 X30.828 Y124.070   ; RAPID TO START
G1 Z0.00 F500    ; PEN DOWN
G4 P100           ; DWELL
G1 X32.585 Y122.550 F5400  ; DRAW LINE
G1 X30.828 Y124.070 F5400  ; DRAW LINE
G0 Z5.00               ; PEN UP

G0 X105.308 Y123.785   ; RAPID TO START
G1 Z0.00 F500    ; PEN DOWN
G4 P100           ; DWELL
G1 X105.308 Y123.785 F5400  ; DRAW LINE
G0 Z5.00               ; PEN UP

G0 X110.058 Y123.785   ; RAPID TO START
G1 Z0.00 F500    ; PEN DOWN
G4 P100           ; DWELL
G1 X117.410 Y121.713 F5400  ; DRAW LINE
G1 X118.940 Y118.608 F5400  ; DRAW LINE
G1 X115.853 Y99.180 F5400  ; DRAW LINE
G1 X113.525 Y101.983 F5400  ; DRAW LINE
G1 X113.810 Y106.352 F5400  ; DRAW LINE
G1 X117.231 Y110.570 F5400  ; DRAW LINE
G1 X118.085 Y114.427 F5400  ; DRAW LINE
G1 X113.430 Y107.397 F5400  ; DRAW LINE
G1 X112.955 Y102.600 F5400  ; DRAW LINE
G1 X106.922 Y104.975 F5400  ; DRAW LINE
G1 X99.465 Y104.120 F5400  ; DRAW LINE
G1 X107.540 Y119.653 F5400  ; DRAW LINE
G1 X104.595 Y115.045 F5400  ; DRAW LINE
G1 X104.785 Y118.418 F5400  ; DRAW LINE
G1 X104.310 Y113.335 F5400  ; DRAW LINE
G1 X98.135 Y102.172 F5400  ; DRAW LINE
G1 X97.375 Y91.722 F5400  ; DRAW LINE
G1 X90.304 Y82.074 F5400  ; DRAW LINE
G1 X82.302 Y74.761 F5400  ; DRAW LINE
G1 X66.453 Y69.730 F5400  ; DRAW LINE
G1 X55.053 Y70.965 F5400  ; DRAW LINE
G1 X53.010 Y72.010 F5400  ; DRAW LINE
G1 X48.653 Y81.400 F5400  ; DRAW LINE
G1 X42.940 Y85.642 F5400  ; DRAW LINE
G1 X39.377 Y95.190 F5400  ; DRAW LINE
G1 X41.230 Y90.487 F5400  ; DRAW LINE
G1 X38.475 Y94.002 F5400  ; DRAW LINE
G1 X42.465 Y85.263 F5400  ; DRAW LINE
G1 X46.907 Y82.522 F5400  ; DRAW LINE
G1 X50.000 Y78.187 F5400  ; DRAW LINE
G1 X50.160 Y72.248 F5400  ; DRAW LINE
G1 X49.163 Y70.110 F5400  ; DRAW LINE
G1 X42.892 Y78.850 F5400  ; DRAW LINE
G1 X48.735 Y69.302 F5400  ; DRAW LINE
G1 X42.465 Y66.310 F5400  ; DRAW LINE
G1 X34.723 Y78.755 F5400  ; DRAW LINE
G1 X29.023 Y84.170 F5400  ; DRAW LINE
G1 X34.295 Y78.043 F5400  ; DRAW LINE
G1 X38.285 Y66.642 F5400  ; DRAW LINE
G1 X33.440 Y70.063 F5400  ; DRAW LINE
G1 X32.110 Y76.332 F5400  ; DRAW LINE
G1 X25.555 Y88.302 F5400  ; DRAW LINE
G1 X26.270 Y95.662 F5400  ; DRAW LINE
G1 X31.670 Y100.029 F5400  ; DRAW LINE
G1 X38.142 Y100.510 F5400  ; DRAW LINE
G1 X53.669 Y92.895 F5400  ; DRAW LINE
G1 X64.885 Y84.597 F5400  ; DRAW LINE
G1 X67.593 Y78.945 F5400  ; DRAW LINE
G1 X64.997 Y85.223 F5400  ; DRAW LINE
G1 X55.290 Y93.005 F5400  ; DRAW LINE
G1 X72.058 Y84.170 F5400  ; DRAW LINE
G1 X76.618 Y87.210 F5400  ; DRAW LINE
G1 X75.810 Y83.838 F5400  ; DRAW LINE
G1 X85.266 Y101.267 F5400  ; DRAW LINE
G1 X91.105 Y106.210 F5400  ; DRAW LINE
G1 X100.770 Y118.405 F5400  ; DRAW LINE
G1 X110.058 Y123.785 F5400  ; DRAW LINE
G0 Z5.00               ; PEN UP

G0 X29.593 Y123.690   ; RAPID TO START
G1 Z0.00 F500    ; PEN DOWN
G4 P100           ; DWELL
G1 X31.065 Y122.265 F5400  ; DRAW LINE
G1 X28.785 Y123.025 F5400  ; DRAW LINE
G1 X29.593 Y123.690 F5400  ; DRAW LINE
G0 Z5.00               ; PEN UP

G0 X43.178 Y123.690   ; RAPID TO START
G1 Z0.00 F500    ; PEN DOWN
G4 P100           ; DWELL
G1 X48.450 Y121.457 F5400  ; DRAW LINE
G1 X43.178 Y123.690 F5400  ; DRAW LINE
G0 Z5.00               ; PEN UP

G0 X104.168 Y123.405   ; RAPID TO START
G1 Z0.00 F500    ; PEN DOWN
G4 P100           ; DWELL
G1 X104.168 Y123.405 F5400  ; DRAW LINE
G0 Z5.00               ; PEN UP

G0 X67.782 Y123.215   ; RAPID TO START
G1 Z0.00 F500    ; PEN DOWN
G4 P100           ; DWELL
G1 X69.065 Y119.795 F5400  ; DRAW LINE
G1 X61.465 Y117.847 F5400  ; DRAW LINE
G1 X67.782 Y123.215 F5400  ; DRAW LINE
G0 Z5.00               ; PEN UP

G0 X28.262 Y122.930   ; RAPID TO START
G1 Z0.00 F500    ; PEN DOWN
G4 P100           ; DWELL
G1 X29.165 Y120.935 F5400  ; DRAW LINE
G1 X28.262 Y122.930 F5400  ; DRAW LINE
G0 Z5.00               ; PEN UP

G0 X36.718 Y122.930   ; RAPID TO START
G1 Z0.00 F500    ; PEN DOWN
G4 P100           ; DWELL
G1 X37.681 Y120.846 F5400  ; DRAW LINE
G1 X36.718 Y122.930 F5400  ; DRAW LINE
G0 Z5.00               ; PEN UP

G0 X37.477 Y122.930   ; RAPID TO START
G1 Z0.00 F500    ; PEN DOWN
G4 P100           ; DWELL
G1 X38.760 Y121.362 F5400  ; DRAW LINE
G1 X37.477 Y122.930 F5400  ; DRAW LINE
G0 Z5.00               ; PEN UP

G0 X42.797 Y122.740   ; RAPID TO START
G1 Z0.00 F500    ; PEN DOWN
G4 P100           ; DWELL
G1 X47.962 Y121.521 F5400  ; DRAW LINE
G1 X48.973 Y116.945 F5400  ; DRAW LINE
G1 X47.547 Y120.270 F5400  ; DRAW LINE
G1 X42.797 Y122.740 F5400  ; DRAW LINE
G0 Z5.00               ; PEN UP

G0 X35.483 Y122.645   ; RAPID TO START
G1 Z0.00 F500    ; PEN DOWN
G4 P100           ; DWELL
G1 X36.955 Y120.555 F5400  ; DRAW LINE
G1 X35.483 Y122.645 F5400  ; DRAW LINE
G0 Z5.00               ; PEN UP

G0 X34.627 Y122.455   ; RAPID TO START
G1 Z0.00 F500    ; PEN DOWN
G4 P100           ; DWELL
G1 X35.937 Y120.233 F5400  ; DRAW LINE
G1 X34.627 Y122.455 F5400  ; DRAW LINE
G0 Z5.00               ; PEN UP

G0 X38.712 Y122.455   ; RAPID TO START
G1 Z0.00 F500    ; PEN DOWN
G4 P100           ; DWELL
G1 X39.235 Y121.410 F5400  ; DRAW LINE
G1 X38.712 Y122.455 F5400  ; DRAW LINE
G0 Z5.00               ; PEN UP

G0 X27.360 Y122.170   ; RAPID TO START
G1 Z0.00 F500    ; PEN DOWN
G4 P100           ; DWELL
G1 X28.766 Y120.640 F5400  ; DRAW LINE
G1 X28.168 Y117.800 F5400  ; DRAW LINE
G1 X27.360 Y122.170 F5400  ; DRAW LINE
G0 Z5.00               ; PEN UP

G0 X33.108 Y122.170   ; RAPID TO START
G1 Z0.00 F500    ; PEN DOWN
G4 P100           ; DWELL
G1 X35.150 Y119.985 F5400  ; DRAW LINE
G1 X33.108 Y122.170 F5400  ; DRAW LINE
G0 Z5.00               ; PEN UP

G0 X97.802 Y122.170   ; RAPID TO START
G1 Z0.00 F500    ; PEN DOWN
G4 P100           ; DWELL
G1 X97.517 Y120.840 F5400  ; DRAW LINE
G1 X97.802 Y122.170 F5400  ; DRAW LINE
G0 Z5.00               ; PEN UP

G0 X42.703 Y122.075   ; RAPID TO START
G1 Z0.00 F500    ; PEN DOWN
G4 P100           ; DWELL
G1 X43.415 Y121.220 F5400  ; DRAW LINE
G1 X42.703 Y122.075 F5400  ; DRAW LINE
G0 Z5.00               ; PEN UP

G0 X96.188 Y122.075   ; RAPID TO START
G1 Z0.00 F500    ; PEN DOWN
G4 P100           ; DWELL
G1 X97.375 Y121.742 F5400  ; DRAW LINE
G1 X96.995 Y118.608 F5400  ; DRAW LINE
G1 X95.237 Y118.180 F5400  ; DRAW LINE
G1 X96.188 Y122.075 F5400  ; DRAW LINE
G0 Z5.00               ; PEN UP

G0 X41.943 Y121.980   ; RAPID TO START
G1 Z0.00 F500    ; PEN DOWN
G4 P100           ; DWELL
G1 X42.703 Y119.795 F5400  ; DRAW LINE
G1 X41.943 Y121.980 F5400  ; DRAW LINE
G0 Z5.00               ; PEN UP

G0 X31.398 Y121.885   ; RAPID TO START
G1 Z0.00 F500    ; PEN DOWN
G4 P100           ; DWELL
G1 X34.200 Y119.463 F5400  ; DRAW LINE
G1 X31.398 Y121.885 F5400  ; DRAW LINE
G0 Z5.00               ; PEN UP

G0 X85.500 Y121.885   ; RAPID TO START
G1 Z0.00 F500    ; PEN DOWN
G4 P100           ; DWELL
G1 X85.451 Y118.546 F5400  ; DRAW LINE
G1 X85.500 Y121.885 F5400  ; DRAW LINE
G0 Z5.00               ; PEN UP

G0 X41.278 Y121.695   ; RAPID TO START
G1 Z0.00 F500    ; PEN DOWN
G4 P100           ; DWELL
G1 X41.848 Y118.845 F5400  ; DRAW LINE
G1 X41.278 Y121.695 F5400  ; DRAW LINE
G0 Z5.00               ; PEN UP

G0 X87.733 Y121.600   ; RAPID TO START
G1 Z0.00 F500    ; PEN DOWN
G4 P100           ; DWELL
G1 X90.630 Y120.888 F5400  ; DRAW LINE
G1 X89.157 Y117.135 F5400  ; DRAW LINE
G1 X86.735 Y119.367 F5400  ; DRAW LINE
G1 X87.733 Y121.600 F5400  ; DRAW LINE
G0 Z5.00               ; PEN UP

G0 X92.483 Y121.600   ; RAPID TO START
G1 Z0.00 F500    ; PEN DOWN
G4 P100           ; DWELL
G1 X93.670 Y121.600 F5400  ; DRAW LINE
G1 X93.385 Y118.892 F5400  ; DRAW LINE
G1 X90.487 Y117.230 F5400  ; DRAW LINE
G1 X92.483 Y121.600 F5400  ; DRAW LINE
G0 Z5.00               ; PEN UP

G0 X94.002 Y121.505   ; RAPID TO START
G1 Z0.00 F500    ; PEN DOWN
G4 P100           ; DWELL
G1 X94.097 Y117.610 F5400  ; DRAW LINE
G1 X94.002 Y121.505 F5400  ; DRAW LINE
G0 Z5.00               ; PEN UP

G0 X26.648 Y121.410   ; RAPID TO START
G1 Z0.00 F500    ; PEN DOWN
G4 P100           ; DWELL
G1 X27.692 Y117.610 F5400  ; DRAW LINE
G1 X26.600 Y117.515 F5400  ; DRAW LINE
G1 X26.648 Y121.410 F5400  ; DRAW LINE
G0 Z5.00               ; PEN UP

G0 X44.032 Y121.410   ; RAPID TO START
G1 Z0.00 F500    ; PEN DOWN
G4 P100           ; DWELL
G1 X47.785 Y119.748 F5400  ; DRAW LINE
G1 X48.023 Y115.900 F5400  ; DRAW LINE
G1 X44.032 Y121.410 F5400  ; DRAW LINE
G0 Z5.00               ; PEN UP

G0 X95.142 Y121.410   ; RAPID TO START
G1 Z0.00 F500    ; PEN DOWN
G4 P100           ; DWELL
G1 X94.668 Y118.370 F5400  ; DRAW LINE
G1 X95.142 Y121.410 F5400  ; DRAW LINE
G0 Z5.00               ; PEN UP

G0 X30.258 Y121.315   ; RAPID TO START
G1 Z0.00 F500    ; PEN DOWN
G4 P100           ; DWELL
G1 X33.155 Y118.085 F5400  ; DRAW LINE
G1 X29.684 Y119.697 F5400  ; DRAW LINE
G1 X30.258 Y121.315 F5400  ; DRAW LINE
G0 Z5.00               ; PEN UP

G0 X39.947 Y121.220   ; RAPID TO START
G1 Z0.00 F500    ; PEN DOWN
G4 P100           ; DWELL
G1 X41.417 Y120.287 F5400  ; DRAW LINE
G1 X40.803 Y117.895 F5400  ; DRAW LINE
G1 X39.947 Y121.220 F5400  ; DRAW LINE
G0 Z5.00               ; PEN UP

G0 X86.498 Y121.030   ; RAPID TO START
G1 Z0.00 F500    ; PEN DOWN
G4 P100           ; DWELL
G1 X86.260 Y119.035 F5400  ; DRAW LINE
G1 X88.445 Y117.420 F5400  ; DRAW LINE
G1 X85.785 Y118.513 F5400  ; DRAW LINE
G1 X86.498 Y121.030 F5400  ; DRAW LINE
G0 Z5.00               ; PEN UP

G0 X25.032 Y120.840   ; RAPID TO START
G1 Z0.00 F500    ; PEN DOWN
G4 P100           ; DWELL
G1 X26.078 Y117.325 F5400  ; DRAW LINE
G1 X25.032 Y120.840 F5400  ; DRAW LINE
G0 Z5.00               ; PEN UP

G0 X49.447 Y120.840   ; RAPID TO START
G1 Z0.00 F500    ; PEN DOWN
G4 P100           ; DWELL
G1 X50.065 Y118.085 F5400  ; DRAW LINE
G1 X49.447 Y120.840 F5400  ; DRAW LINE
G0 Z5.00               ; PEN UP

G0 X38.617 Y120.745   ; RAPID TO START
G1 Z0.00 F500    ; PEN DOWN
G4 P100           ; DWELL
G1 X40.420 Y119.431 F5400  ; DRAW LINE
G1 X39.663 Y117.135 F5400  ; DRAW LINE
G1 X38.617 Y120.745 F5400  ; DRAW LINE
G0 Z5.00               ; PEN UP

G0 X23.703 Y120.365   ; RAPID TO START
G1 Z0.00 F500    ; PEN DOWN
G4 P100           ; DWELL
G1 X25.080 Y117.752 F5400  ; DRAW LINE
G1 X23.703 Y116.280 F5400  ; DRAW LINE
G1 X22.610 Y119.843 F5400  ; DRAW LINE
G1 X23.703 Y120.365 F5400  ; DRAW LINE
G0 Z5.00               ; PEN UP

G0 X37.383 Y120.270   ; RAPID TO START
G1 Z0.00 F500    ; PEN DOWN
G4 P100           ; DWELL
G1 X38.950 Y119.558 F5400  ; DRAW LINE
G1 X39.188 Y116.850 F5400  ; DRAW LINE
G1 X37.383 Y120.270 F5400  ; DRAW LINE
G0 Z5.00               ; PEN UP

G0 X43.653 Y120.175   ; RAPID TO START
G1 Z0.00 F500    ; PEN DOWN
G4 P100           ; DWELL
G1 X47.046 Y118.439 F5400  ; DRAW LINE
G1 X47.263 Y115.235 F5400  ; DRAW LINE
G1 X45.897 Y117.925 F5400  ; DRAW LINE
G1 X43.035 Y119.225 F5400  ; DRAW LINE
G1 X43.653 Y120.175 F5400  ; DRAW LINE
G0 Z5.00               ; PEN UP

G0 X29.165 Y120.080   ; RAPID TO START
G1 Z0.00 F500    ; PEN DOWN
G4 P100           ; DWELL
G1 X32.822 Y116.850 F5400  ; DRAW LINE
G1 X29.755 Y117.887 F5400  ; DRAW LINE
G1 X29.165 Y120.080 F5400  ; DRAW LINE
G0 Z5.00               ; PEN UP

G0 X22.183 Y119.795   ; RAPID TO START
G1 Z0.00 F500    ; PEN DOWN
G4 P100           ; DWELL
G1 X23.495 Y117.326 F5400  ; DRAW LINE
G1 X22.325 Y115.995 F5400  ; DRAW LINE
G1 X22.183 Y119.795 F5400  ; DRAW LINE
G0 Z5.00               ; PEN UP

G0 X35.672 Y119.700   ; RAPID TO START
G1 Z0.00 F500    ; PEN DOWN
G4 P100           ; DWELL
G1 X38.004 Y118.668 F5400  ; DRAW LINE
G1 X38.403 Y116.582 F5400  ; DRAW LINE
G1 X35.672 Y119.700 F5400  ; DRAW LINE
G0 Z5.00               ; PEN UP

G0 X20.663 Y119.225   ; RAPID TO START
G1 Z0.00 F500    ; PEN DOWN
G4 P100           ; DWELL
G1 X21.898 Y115.900 F5400  ; DRAW LINE
G1 X20.663 Y119.225 F5400  ; DRAW LINE
G0 Z5.00               ; PEN UP

G0 X42.703 Y119.035   ; RAPID TO START
G1 Z0.00 F500    ; PEN DOWN
G4 P100           ; DWELL
G1 X45.545 Y118.077 F5400  ; DRAW LINE
G1 X46.835 Y114.855 F5400  ; DRAW LINE
G1 X45.790 Y114.190 F5400  ; DRAW LINE
G1 X42.703 Y119.035 F5400  ; DRAW LINE
G0 Z5.00               ; PEN UP

G0 X34.343 Y118.940   ; RAPID TO START
G1 Z0.00 F500    ; PEN DOWN
G4 P100           ; DWELL
G1 X36.525 Y118.384 F5400  ; DRAW LINE
G1 X37.430 Y115.948 F5400  ; DRAW LINE
G1 X34.092 Y116.656 F5400  ; DRAW LINE
G1 X34.343 Y118.940 F5400  ; DRAW LINE
G0 Z5.00               ; PEN UP

G0 X19.332 Y118.655   ; RAPID TO START
G1 Z0.00 F500    ; PEN DOWN
G4 P100           ; DWELL
G1 X20.714 Y116.370 F5400  ; DRAW LINE
G1 X19.665 Y115.330 F5400  ; DRAW LINE
G1 X19.332 Y118.655 F5400  ; DRAW LINE
G0 Z5.00               ; PEN UP

G0 X29.023 Y118.465   ; RAPID TO START
G1 Z0.00 F500    ; PEN DOWN
G4 P100           ; DWELL
G1 X32.680 Y115.852 F5400  ; DRAW LINE
G1 X29.543 Y116.440 F5400  ; DRAW LINE
G1 X29.023 Y118.465 F5400  ; DRAW LINE
G0 Z5.00               ; PEN UP

G0 X95.903 Y118.275   ; RAPID TO START
G1 Z0.00 F500    ; PEN DOWN
G4 P100           ; DWELL
G1 X96.136 Y116.445 F5400  ; DRAW LINE
G1 X93.813 Y115.045 F5400  ; DRAW LINE
G1 X95.903 Y118.275 F5400  ; DRAW LINE
G0 Z5.00               ; PEN UP

G0 X41.848 Y118.180   ; RAPID TO START
G1 Z0.00 F500    ; PEN DOWN
G4 P100           ; DWELL
G1 X45.135 Y116.299 F5400  ; DRAW LINE
G1 X44.793 Y113.335 F5400  ; DRAW LINE
G1 X41.135 Y117.325 F5400  ; DRAW LINE
G1 X41.848 Y118.180 F5400  ; DRAW LINE
G0 Z5.00               ; PEN UP

G0 X17.813 Y117.990   ; RAPID TO START
G1 Z0.00 F500    ; PEN DOWN
G4 P100           ; DWELL
G1 X19.285 Y115.140 F5400  ; DRAW LINE
G1 X18.240 Y114.855 F5400  ; DRAW LINE
G1 X17.813 Y117.990 F5400  ; DRAW LINE
G0 Z5.00               ; PEN UP

G0 X69.397 Y117.990   ; RAPID TO START
G1 Z0.00 F500    ; PEN DOWN
G4 P100           ; DWELL
G1 X75.240 Y107.112 F5400  ; DRAW LINE
G1 X72.438 Y99.560 F5400  ; DRAW LINE
G1 X64.078 Y95.950 F5400  ; DRAW LINE
G1 X58.520 Y100.653 F5400  ; DRAW LINE
G1 X63.983 Y95.475 F5400  ; DRAW LINE
G1 X72.200 Y98.990 F5400  ; DRAW LINE
G1 X68.353 Y91.200 F5400  ; DRAW LINE
G1 X56.240 Y98.657 F5400  ; DRAW LINE
G1 X55.385 Y105.593 F5400  ; DRAW LINE
G1 X56.810 Y112.385 F5400  ; DRAW LINE
G1 X59.422 Y112.575 F5400  ; DRAW LINE
G1 X60.148 Y107.011 F5400  ; DRAW LINE
G1 X65.502 Y98.705 F5400  ; DRAW LINE
G1 X64.695 Y103.123 F5400  ; DRAW LINE
G1 X62.359 Y104.263 F5400  ; DRAW LINE
G1 X60.281 Y108.417 F5400  ; DRAW LINE
G1 X60.420 Y112.623 F5400  ; DRAW LINE
G1 X62.795 Y113.430 F5400  ; DRAW LINE
G1 X63.650 Y108.442 F5400  ; DRAW LINE
G1 X67.925 Y100.558 F5400  ; DRAW LINE
G1 X67.640 Y104.690 F5400  ; DRAW LINE
G1 X65.503 Y106.020 F5400  ; DRAW LINE
G1 X63.650 Y110.817 F5400  ; DRAW LINE
G1 X63.745 Y113.668 F5400  ; DRAW LINE
G1 X65.835 Y114.950 F5400  ; DRAW LINE
G1 X70.442 Y101.840 F5400  ; DRAW LINE
G1 X70.775 Y106.257 F5400  ; DRAW LINE
G1 X68.223 Y108.417 F5400  ; DRAW LINE
G1 X66.690 Y114.427 F5400  ; DRAW LINE
G1 X69.397 Y117.990 F5400  ; DRAW LINE
G0 Z5.00               ; PEN UP

G0 X85.737 Y117.990   ; RAPID TO START
G1 Z0.00 F500    ; PEN DOWN
G4 P100           ; DWELL
G1 X87.110 Y117.411 F5400  ; DRAW LINE
G1 X85.405 Y117.040 F5400  ; DRAW LINE
G1 X85.737 Y117.990 F5400  ; DRAW LINE
G0 Z5.00               ; PEN UP

G0 X49.780 Y117.800   ; RAPID TO START
G1 Z0.00 F500    ; PEN DOWN
G4 P100           ; DWELL
G1 X49.163 Y114.000 F5400  ; DRAW LINE
G1 X48.070 Y114.190 F5400  ; DRAW LINE
G1 X49.780 Y117.800 F5400  ; DRAW LINE
G0 Z5.00               ; PEN UP

G0 X92.008 Y117.705   ; RAPID TO START
G1 Z0.00 F500    ; PEN DOWN
G4 P100           ; DWELL
G1 X94.145 Y117.373 F5400  ; DRAW LINE
G1 X90.392 Y116.660 F5400  ; DRAW LINE
G1 X92.008 Y117.705 F5400  ; DRAW LINE
G0 Z5.00               ; PEN UP

G0 X16.672 Y117.420   ; RAPID TO START
G1 Z0.00 F500    ; PEN DOWN
G4 P100           ; DWELL
G1 X17.944 Y115.348 F5400  ; DRAW LINE
G1 X16.910 Y114.475 F5400  ; DRAW LINE
G1 X16.672 Y117.420 F5400  ; DRAW LINE
G0 Z5.00               ; PEN UP

G0 X28.500 Y117.230   ; RAPID TO START
G1 Z0.00 F500    ; PEN DOWN
G4 P100           ; DWELL
G1 X32.252 Y114.760 F5400  ; DRAW LINE
G1 X29.322 Y115.193 F5400  ; DRAW LINE
G1 X28.500 Y117.230 F5400  ; DRAW LINE
G0 Z5.00               ; PEN UP

G0 X40.708 Y117.230   ; RAPID TO START
G1 Z0.00 F500    ; PEN DOWN
G4 P100           ; DWELL
G1 X43.795 Y115.662 F5400  ; DRAW LINE
G1 X44.460 Y113.097 F5400  ; DRAW LINE
G1 X40.708 Y117.230 F5400  ; DRAW LINE
G0 Z5.00               ; PEN UP

G0 X86.688 Y117.230   ; RAPID TO START
G1 Z0.00 F500    ; PEN DOWN
G4 P100           ; DWELL
G1 X88.396 Y116.206 F5400  ; DRAW LINE
G1 X84.835 Y115.330 F5400  ; DRAW LINE
G1 X86.688 Y117.230 F5400  ; DRAW LINE
G0 Z5.00               ; PEN UP

G0 X27.883 Y117.135   ; RAPID TO START
G1 Z0.00 F500    ; PEN DOWN
G4 P100           ; DWELL
G1 X28.405 Y114.190 F5400  ; DRAW LINE
G1 X36.148 Y110.865 F5400  ; DRAW LINE
G1 X28.215 Y113.240 F5400  ; DRAW LINE
G1 X27.883 Y117.135 F5400  ; DRAW LINE
G0 Z5.00               ; PEN UP

G0 X88.350 Y117.135   ; RAPID TO START
G1 Z0.00 F500    ; PEN DOWN
G4 P100           ; DWELL
G1 X88.350 Y117.135 F5400  ; DRAW LINE
G0 Z5.00               ; PEN UP

G0 X27.122 Y117.040   ; RAPID TO START
G1 Z0.00 F500    ; PEN DOWN
G4 P100           ; DWELL
G1 X27.122 Y117.040 F5400  ; DRAW LINE
G0 Z5.00               ; PEN UP

G0 X33.440 Y116.945   ; RAPID TO START
G1 Z0.00 F500    ; PEN DOWN
G4 P100           ; DWELL
G1 X37.430 Y115.567 F5400  ; DRAW LINE
G1 X34.864 Y114.750 F5400  ; DRAW LINE
G1 X33.440 Y116.945 F5400  ; DRAW LINE
G0 Z5.00               ; PEN UP

G0 X15.438 Y116.755   ; RAPID TO START
G1 Z0.00 F500    ; PEN DOWN
G4 P100           ; DWELL
G1 X16.625 Y114.427 F5400  ; DRAW LINE
G1 X15.485 Y113.905 F5400  ; DRAW LINE
G1 X15.438 Y116.755 F5400  ; DRAW LINE
G0 Z5.00               ; PEN UP

G0 X91.532 Y116.755   ; RAPID TO START
G1 Z0.00 F500    ; PEN DOWN
G4 P100           ; DWELL
G1 X93.955 Y116.422 F5400  ; DRAW LINE
G1 X93.243 Y114.570 F5400  ; DRAW LINE
G1 X90.915 Y115.282 F5400  ; DRAW LINE
G1 X91.532 Y116.755 F5400  ; DRAW LINE
G0 Z5.00               ; PEN UP

G0 X39.568 Y116.470   ; RAPID TO START
G1 Z0.00 F500    ; PEN DOWN
G4 P100           ; DWELL
G1 X43.012 Y114.614 F5400  ; DRAW LINE
G1 X42.703 Y111.720 F5400  ; DRAW LINE
G1 X41.182 Y114.570 F5400  ; DRAW LINE
G1 X37.810 Y115.282 F5400  ; DRAW LINE
G1 X41.468 Y115.235 F5400  ; DRAW LINE
G1 X39.568 Y116.470 F5400  ; DRAW LINE
G0 Z5.00               ; PEN UP

G0 X28.120 Y116.185   ; RAPID TO START
G1 Z0.00 F500    ; PEN DOWN
G4 P100           ; DWELL
G1 X31.920 Y113.620 F5400  ; DRAW LINE
G1 X29.402 Y113.810 F5400  ; DRAW LINE
G1 X28.120 Y116.185 F5400  ; DRAW LINE
G0 Z5.00               ; PEN UP

G0 X14.012 Y115.900   ; RAPID TO START
G1 Z0.00 F500    ; PEN DOWN
G4 P100           ; DWELL
G1 X14.738 Y113.578 F5400  ; DRAW LINE
G1 X14.012 Y115.900 F5400  ; DRAW LINE
G0 Z5.00               ; PEN UP

G0 X48.782 Y115.900   ; RAPID TO START
G1 Z0.00 F500    ; PEN DOWN
G4 P100           ; DWELL
G1 X47.215 Y114.380 F5400  ; DRAW LINE
G1 X48.782 Y115.900 F5400  ; DRAW LINE
G0 Z5.00               ; PEN UP

G0 X33.203 Y115.805   ; RAPID TO START
G1 Z0.00 F500    ; PEN DOWN
G4 P100           ; DWELL
G1 X36.813 Y113.810 F5400  ; DRAW LINE
G1 X33.969 Y113.874 F5400  ; DRAW LINE
G1 X33.203 Y115.805 F5400  ; DRAW LINE
G0 Z5.00               ; PEN UP

G0 X88.017 Y115.805   ; RAPID TO START
G1 Z0.00 F500    ; PEN DOWN
G4 P100           ; DWELL
G1 X83.892 Y113.052 F5400  ; DRAW LINE
G1 X84.645 Y114.950 F5400  ; DRAW LINE
G1 X88.017 Y115.805 F5400  ; DRAW LINE
G0 Z5.00               ; PEN UP

G0 X95.237 Y115.805   ; RAPID TO START
G1 Z0.00 F500    ; PEN DOWN
G4 P100           ; DWELL
G1 X94.383 Y113.525 F5400  ; DRAW LINE
G1 X93.290 Y113.953 F5400  ; DRAW LINE
G1 X95.237 Y115.805 F5400  ; DRAW LINE
G0 Z5.00               ; PEN UP

G0 X90.487 Y115.520   ; RAPID TO START
G1 Z0.00 F500    ; PEN DOWN
G4 P100           ; DWELL
G1 X90.868 Y114.570 F5400  ; DRAW LINE
G1 X90.487 Y115.520 F5400  ; DRAW LINE
G0 Z5.00               ; PEN UP

G0 X13.015 Y115.045   ; RAPID TO START
G1 Z0.00 F500    ; PEN DOWN
G4 P100           ; DWELL
G1 X13.870 Y113.430 F5400  ; DRAW LINE
G1 X13.015 Y115.045 F5400  ; DRAW LINE
G0 Z5.00               ; PEN UP

G0 X84.218 Y115.045   ; RAPID TO START
G1 Z0.00 F500    ; PEN DOWN
G4 P100           ; DWELL
G1 X83.933 Y113.620 F5400  ; DRAW LINE
G1 X84.218 Y115.045 F5400  ; DRAW LINE
G0 Z5.00               ; PEN UP

G0 X87.733 Y115.045   ; RAPID TO START
G1 Z0.00 F500    ; PEN DOWN
G4 P100           ; DWELL
G1 X87.353 Y113.335 F5400  ; DRAW LINE
G1 X85.737 Y113.430 F5400  ; DRAW LINE
G1 X87.733 Y115.045 F5400  ; DRAW LINE
G0 Z5.00               ; PEN UP

G0 X37.763 Y114.950   ; RAPID TO START
G1 Z0.00 F500    ; PEN DOWN
G4 P100           ; DWELL
G1 X41.420 Y114.190 F5400  ; DRAW LINE
G1 X42.370 Y111.293 F5400  ; DRAW LINE
G1 X37.763 Y114.950 F5400  ; DRAW LINE
G0 Z5.00               ; PEN UP

G0 X90.392 Y114.855   ; RAPID TO START
G1 Z0.00 F500    ; PEN DOWN
G4 P100           ; DWELL
G1 X90.392 Y114.855 F5400  ; DRAW LINE
G0 Z5.00               ; PEN UP

G0 X32.680 Y114.760   ; RAPID TO START
G1 Z0.00 F500    ; PEN DOWN
G4 P100           ; DWELL
G1 X36.725 Y112.991 F5400  ; DRAW LINE
G1 X33.571 Y112.678 F5400  ; DRAW LINE
G1 X32.680 Y114.760 F5400  ; DRAW LINE
G0 Z5.00               ; PEN UP

G0 X91.912 Y114.665   ; RAPID TO START
G1 Z0.00 F500    ; PEN DOWN
G4 P100           ; DWELL
G1 X93.106 Y114.008 F5400  ; DRAW LINE
G1 X91.912 Y114.665 F5400  ; DRAW LINE
G0 Z5.00               ; PEN UP

G0 X91.153 Y114.475   ; RAPID TO START
G1 Z0.00 F500    ; PEN DOWN
G4 P100           ; DWELL
G1 X92.815 Y113.573 F5400  ; DRAW LINE
G1 X91.960 Y112.005 F5400  ; DRAW LINE
G1 X91.153 Y114.475 F5400  ; DRAW LINE
G0 Z5.00               ; PEN UP

G0 X46.788 Y114.285   ; RAPID TO START
G1 Z0.00 F500    ; PEN DOWN
G4 P100           ; DWELL
G1 X46.883 Y112.385 F5400  ; DRAW LINE
G1 X43.700 Y111.720 F5400  ; DRAW LINE
G1 X46.788 Y114.285 F5400  ; DRAW LINE
G0 Z5.00               ; PEN UP

G0 X90.677 Y114.190   ; RAPID TO START
G1 Z0.00 F500    ; PEN DOWN
G4 P100           ; DWELL
G1 X91.672 Y112.302 F5400  ; DRAW LINE
G1 X89.157 Y111.150 F5400  ; DRAW LINE
G1 X90.677 Y114.190 F5400  ; DRAW LINE
G0 Z5.00               ; PEN UP

G0 X47.690 Y114.095   ; RAPID TO START
G1 Z0.00 F500    ; PEN DOWN
G4 P100           ; DWELL
G1 X49.020 Y113.810 F5400  ; DRAW LINE
G1 X47.263 Y111.530 F5400  ; DRAW LINE
G1 X47.690 Y114.095 F5400  ; DRAW LINE
G0 Z5.00               ; PEN UP

G0 X32.348 Y113.905   ; RAPID TO START
G1 Z0.00 F500    ; PEN DOWN
G4 P100           ; DWELL
G1 X33.932 Y112.336 F5400  ; DRAW LINE
G1 X37.335 Y112.433 F5400  ; DRAW LINE
G1 X34.057 Y111.416 F5400  ; DRAW LINE
G1 X32.348 Y113.905 F5400  ; DRAW LINE
G0 Z5.00               ; PEN UP

G0 X37.288 Y113.715   ; RAPID TO START
G1 Z0.00 F500    ; PEN DOWN
G4 P100           ; DWELL
G1 X37.288 Y113.715 F5400  ; DRAW LINE
G0 Z5.00               ; PEN UP

G0 X38.712 Y113.620   ; RAPID TO START
G1 Z0.00 F500    ; PEN DOWN
G4 P100           ; DWELL
G1 X41.174 Y112.376 F5400  ; DRAW LINE
G1 X40.755 Y109.820 F5400  ; DRAW LINE
G1 X40.129 Y111.951 F5400  ; DRAW LINE
G1 X37.905 Y112.718 F5400  ; DRAW LINE
G1 X38.712 Y113.620 F5400  ; DRAW LINE
G0 Z5.00               ; PEN UP

G0 X93.052 Y113.525   ; RAPID TO START
G1 Z0.00 F500    ; PEN DOWN
G4 P100           ; DWELL
G1 X92.578 Y112.480 F5400  ; DRAW LINE
G1 X93.052 Y113.525 F5400  ; DRAW LINE
G0 Z5.00               ; PEN UP

G0 X85.927 Y113.335   ; RAPID TO START
G1 Z0.00 F500    ; PEN DOWN
G4 P100           ; DWELL
G1 X87.400 Y113.097 F5400  ; DRAW LINE
G1 X86.972 Y109.345 F5400  ; DRAW LINE
G1 X82.032 Y109.410 F5400  ; DRAW LINE
G1 X83.885 Y112.765 F5400  ; DRAW LINE
G1 X85.927 Y113.335 F5400  ; DRAW LINE
G0 Z5.00               ; PEN UP

G0 X94.002 Y113.240   ; RAPID TO START
G1 Z0.00 F500    ; PEN DOWN
G4 P100           ; DWELL
G1 X94.002 Y113.240 F5400  ; DRAW LINE
G0 Z5.00               ; PEN UP

G0 X93.243 Y112.765   ; RAPID TO START
G1 Z0.00 F500    ; PEN DOWN
G4 P100           ; DWELL
G1 X91.343 Y110.865 F5400  ; DRAW LINE
G1 X93.243 Y112.765 F5400  ; DRAW LINE
G0 Z5.00               ; PEN UP

G0 X38.428 Y112.480   ; RAPID TO START
G1 Z0.00 F500    ; PEN DOWN
G4 P100           ; DWELL
G1 X40.090 Y111.672 F5400  ; DRAW LINE
G1 X39.947 Y108.680 F5400  ; DRAW LINE
G1 X39.294 Y110.914 F5400  ; DRAW LINE
G1 X37.335 Y111.435 F5400  ; DRAW LINE
G1 X38.428 Y112.480 F5400  ; DRAW LINE
G0 Z5.00               ; PEN UP

G0 X45.932 Y111.720   ; RAPID TO START
G1 Z0.00 F500    ; PEN DOWN
G4 P100           ; DWELL
G1 X47.229 Y110.976 F5400  ; DRAW LINE
G1 X45.932 Y111.720 F5400  ; DRAW LINE
G0 Z5.00               ; PEN UP

G0 X90.773 Y111.720   ; RAPID TO START
G1 Z0.00 F500    ; PEN DOWN
G4 P100           ; DWELL
G1 X89.490 Y109.155 F5400  ; DRAW LINE
G1 X87.305 Y108.870 F5400  ; DRAW LINE
G1 X90.773 Y111.720 F5400  ; DRAW LINE
G0 Z5.00               ; PEN UP

G0 X43.367 Y111.625   ; RAPID TO START
G1 Z0.00 F500    ; PEN DOWN
G4 P100           ; DWELL
G1 X44.084 Y109.966 F5400  ; DRAW LINE
G1 X41.563 Y109.155 F5400  ; DRAW LINE
G1 X43.367 Y111.625 F5400  ; DRAW LINE
G0 Z5.00               ; PEN UP

G0 X37.193 Y111.245   ; RAPID TO START
G1 Z0.00 F500    ; PEN DOWN
G4 P100           ; DWELL
G1 X39.445 Y110.417 F5400  ; DRAW LINE
G1 X39.282 Y107.635 F5400  ; DRAW LINE
G1 X37.193 Y111.245 F5400  ; DRAW LINE
G0 Z5.00               ; PEN UP

G0 X44.745 Y111.245   ; RAPID TO START
G1 Z0.00 F500    ; PEN DOWN
G4 P100           ; DWELL
G1 X46.693 Y110.580 F5400  ; DRAW LINE
G1 X42.085 Y108.823 F5400  ; DRAW LINE
G1 X44.745 Y111.245 F5400  ; DRAW LINE
G0 Z5.00               ; PEN UP

G0 X47.737 Y111.055   ; RAPID TO START
G1 Z0.00 F500    ; PEN DOWN
G4 P100           ; DWELL
G1 X48.925 Y110.960 F5400  ; DRAW LINE
G1 X47.173 Y109.373 F5400  ; DRAW LINE
G1 X42.703 Y107.920 F5400  ; DRAW LINE
G1 X47.737 Y111.055 F5400  ; DRAW LINE
G0 Z5.00               ; PEN UP

G0 X92.198 Y110.770   ; RAPID TO START
G1 Z0.00 F500    ; PEN DOWN
G4 P100           ; DWELL
G1 X89.644 Y106.731 F5400  ; DRAW LINE
G1 X89.699 Y109.495 F5400  ; DRAW LINE
G1 X92.198 Y110.770 F5400  ; DRAW LINE
G0 Z5.00               ; PEN UP

G0 X37.098 Y110.390   ; RAPID TO START
G1 Z0.00 F500    ; PEN DOWN
G4 P100           ; DWELL
G1 X38.847 Y109.251 F5400  ; DRAW LINE
G1 X38.712 Y106.685 F5400  ; DRAW LINE
G1 X37.763 Y108.870 F5400  ; DRAW LINE
G1 X35.625 Y108.775 F5400  ; DRAW LINE
G1 X37.098 Y110.390 F5400  ; DRAW LINE
G0 Z5.00               ; PEN UP

G0 X41.087 Y109.250   ; RAPID TO START
G1 Z0.00 F500    ; PEN DOWN
G4 P100           ; DWELL
G1 X41.087 Y109.250 F5400  ; DRAW LINE
G0 Z5.00               ; PEN UP

G0 X88.588 Y108.965   ; RAPID TO START
G1 Z0.00 F500    ; PEN DOWN
G4 P100           ; DWELL
G1 X89.395 Y106.305 F5400  ; DRAW LINE
G1 X85.215 Y105.165 F5400  ; DRAW LINE
G1 X85.975 Y107.778 F5400  ; DRAW LINE
G1 X88.588 Y108.965 F5400  ; DRAW LINE
G0 Z5.00               ; PEN UP

G0 X36.432 Y108.870   ; RAPID TO START
G1 Z0.00 F500    ; PEN DOWN
G4 P100           ; DWELL
G1 X38.256 Y107.996 F5400  ; DRAW LINE
G1 X38.047 Y105.260 F5400  ; DRAW LINE
G1 X37.193 Y107.445 F5400  ; DRAW LINE
G1 X35.340 Y107.540 F5400  ; DRAW LINE
G1 X36.432 Y108.870 F5400  ; DRAW LINE
G0 Z5.00               ; PEN UP

G0 X41.373 Y108.870   ; RAPID TO START
G1 Z0.00 F500    ; PEN DOWN
G4 P100           ; DWELL
G1 X42.273 Y108.206 F5400  ; DRAW LINE
G1 X40.280 Y108.110 F5400  ; DRAW LINE
G1 X41.373 Y108.870 F5400  ; DRAW LINE
G0 Z5.00               ; PEN UP

G0 X85.642 Y107.730   ; RAPID TO START
G1 Z0.00 F500    ; PEN DOWN
G4 P100           ; DWELL
G1 X84.597 Y104.595 F5400  ; DRAW LINE
G1 X79.325 Y104.737 F5400  ; DRAW LINE
G1 X78.755 Y103.028 F5400  ; DRAW LINE
G1 X83.739 Y104.557 F5400  ; DRAW LINE
G1 X75.192 Y102.125 F5400  ; DRAW LINE
G1 X76.142 Y101.175 F5400  ; DRAW LINE
G1 X73.008 Y99.845 F5400  ; DRAW LINE
G1 X75.145 Y102.172 F5400  ; DRAW LINE
G1 X73.910 Y102.220 F5400  ; DRAW LINE
G1 X75.858 Y107.255 F5400  ; DRAW LINE
G1 X79.468 Y106.685 F5400  ; DRAW LINE
G1 X79.515 Y104.927 F5400  ; DRAW LINE
G1 X79.800 Y106.590 F5400  ; DRAW LINE
G1 X85.642 Y107.730 F5400  ; DRAW LINE
G0 Z5.00               ; PEN UP

G0 X76.000 Y105.070   ; RAPID TO START
G1 Z0.00 F500    ; PEN DOWN
G4 P100           ; DWELL
G1 X78.185 Y104.595 F5400  ; DRAW LINE
G1 X76.000 Y105.070 F5400  ; DRAW LINE
G0 Z5.00               ; PEN UP

G0 X78.280 Y104.595   ; RAPID TO START
G1 Z0.00 F500    ; PEN DOWN
G4 P100           ; DWELL
G1 X78.280 Y104.595 F5400  ; DRAW LINE
G0 Z5.00               ; PEN UP

G0 X78.565 Y102.885   ; RAPID TO START
G1 Z0.00 F500    ; PEN DOWN
G4 P100           ; DWELL
G1 X78.565 Y102.885 F5400  ; DRAW LINE
G0 Z5.00               ; PEN UP

G0 X36.053 Y107.540   ; RAPID TO START
G1 Z0.00 F500    ; PEN DOWN
G4 P100           ; DWELL
G1 X37.715 Y106.257 F5400  ; DRAW LINE
G1 X37.383 Y104.215 F5400  ; DRAW LINE
G1 X36.765 Y106.210 F5400  ; DRAW LINE
G1 X34.865 Y106.638 F5400  ; DRAW LINE
G1 X36.053 Y107.540 F5400  ; DRAW LINE
G0 Z5.00               ; PEN UP

G0 X90.868 Y107.350   ; RAPID TO START
G1 Z0.00 F500    ; PEN DOWN
G4 P100           ; DWELL
G1 X89.633 Y105.925 F5400  ; DRAW LINE
G1 X90.868 Y107.350 F5400  ; DRAW LINE
G0 Z5.00               ; PEN UP

G0 X35.197 Y106.400   ; RAPID TO START
G1 Z0.00 F500    ; PEN DOWN
G4 P100           ; DWELL
G1 X36.955 Y105.593 F5400  ; DRAW LINE
G1 X36.432 Y103.170 F5400  ; DRAW LINE
G1 X35.197 Y106.400 F5400  ; DRAW LINE
G0 Z5.00               ; PEN UP

G0 X87.922 Y106.210   ; RAPID TO START
G1 Z0.00 F500    ; PEN DOWN
G4 P100           ; DWELL
G1 X89.395 Y105.972 F5400  ; DRAW LINE
G1 X88.302 Y104.880 F5400  ; DRAW LINE
G1 X84.930 Y104.547 F5400  ; DRAW LINE
G1 X87.922 Y106.210 F5400  ; DRAW LINE
G0 Z5.00               ; PEN UP

G0 X34.913 Y105.450   ; RAPID TO START
G1 Z0.00 F500    ; PEN DOWN
G4 P100           ; DWELL
G1 X35.767 Y102.790 F5400  ; DRAW LINE
G1 X34.010 Y104.595 F5400  ; DRAW LINE
G1 X34.913 Y105.450 F5400  ; DRAW LINE
G0 Z5.00               ; PEN UP

G0 X104.168 Y104.690   ; RAPID TO START
G1 Z0.00 F500    ; PEN DOWN
G4 P100           ; DWELL
G1 X104.499 Y101.652 F5400  ; DRAW LINE
G1 X100.177 Y101.650 F5400  ; DRAW LINE
G1 X100.843 Y104.120 F5400  ; DRAW LINE
G1 X104.168 Y104.690 F5400  ; DRAW LINE
G0 Z5.00               ; PEN UP

G0 X104.880 Y104.690   ; RAPID TO START
G1 Z0.00 F500    ; PEN DOWN
G4 P100           ; DWELL
G1 X112.100 Y102.647 F5400  ; DRAW LINE
G1 X111.625 Y99.750 F5400  ; DRAW LINE
G1 X108.800 Y102.292 F5400  ; DRAW LINE
G1 X104.785 Y101.650 F5400  ; DRAW LINE
G1 X104.880 Y104.690 F5400  ; DRAW LINE
G0 Z5.00               ; PEN UP

G0 X34.057 Y104.405   ; RAPID TO START
G1 Z0.00 F500    ; PEN DOWN
G4 P100           ; DWELL
G1 X35.361 Y102.646 F5400  ; DRAW LINE
G1 X33.535 Y103.407 F5400  ; DRAW LINE
G1 X34.057 Y104.405 F5400  ; DRAW LINE
G0 Z5.00               ; PEN UP

G0 X87.448 Y104.405   ; RAPID TO START
G1 Z0.00 F500    ; PEN DOWN
G4 P100           ; DWELL
G1 X82.317 Y100.890 F5400  ; DRAW LINE
G1 X77.520 Y100.890 F5400  ; DRAW LINE
G1 X83.267 Y104.025 F5400  ; DRAW LINE
G1 X84.360 Y104.120 F5400  ; DRAW LINE
G1 X83.220 Y101.745 F5400  ; DRAW LINE
G1 X84.550 Y104.025 F5400  ; DRAW LINE
G1 X87.448 Y104.405 F5400  ; DRAW LINE
G0 Z5.00               ; PEN UP

G0 X83.030 Y101.745   ; RAPID TO START
G1 Z0.00 F500    ; PEN DOWN
G4 P100           ; DWELL
G1 X83.030 Y101.745 F5400  ; DRAW LINE
G0 Z5.00               ; PEN UP

G0 X100.082 Y103.930   ; RAPID TO START
G1 Z0.00 F500    ; PEN DOWN
G4 P100           ; DWELL
G1 X99.797 Y101.650 F5400  ; DRAW LINE
G1 X98.800 Y102.125 F5400  ; DRAW LINE
G1 X100.082 Y103.930 F5400  ; DRAW LINE
G0 Z5.00               ; PEN UP

G0 X112.290 Y102.315   ; RAPID TO START
G1 Z0.00 F500    ; PEN DOWN
G4 P100           ; DWELL
G1 X111.815 Y99.465 F5400  ; DRAW LINE
G1 X112.290 Y102.315 F5400  ; DRAW LINE
G0 Z5.00               ; PEN UP

G0 X101.698 Y102.220   ; RAPID TO START
G1 Z0.00 F500    ; PEN DOWN
G4 P100           ; DWELL
G1 X104.500 Y101.222 F5400  ; DRAW LINE
G1 X104.120 Y97.090 F5400  ; DRAW LINE
G1 X99.370 Y97.565 F5400  ; DRAW LINE
G1 X100.035 Y101.270 F5400  ; DRAW LINE
G1 X101.698 Y102.220 F5400  ; DRAW LINE
G0 Z5.00               ; PEN UP

G0 X106.922 Y102.220   ; RAPID TO START
G1 Z0.00 F500    ; PEN DOWN
G4 P100           ; DWELL
G1 X111.134 Y99.934 F5400  ; DRAW LINE
G1 X110.343 Y95.000 F5400  ; DRAW LINE
G1 X108.157 Y97.185 F5400  ; DRAW LINE
G1 X104.310 Y97.185 F5400  ; DRAW LINE
G1 X104.690 Y101.127 F5400  ; DRAW LINE
G1 X106.922 Y102.220 F5400  ; DRAW LINE
G0 Z5.00               ; PEN UP

G0 X84.978 Y102.030   ; RAPID TO START
G1 Z0.00 F500    ; PEN DOWN
G4 P100           ; DWELL
G1 X80.892 Y97.945 F5400  ; DRAW LINE
G1 X84.978 Y102.030 F5400  ; DRAW LINE
G0 Z5.00               ; PEN UP

G0 X98.847 Y101.935   ; RAPID TO START
G1 Z0.00 F500    ; PEN DOWN
G4 P100           ; DWELL
G1 X99.037 Y97.565 F5400  ; DRAW LINE
G1 X97.945 Y98.088 F5400  ; DRAW LINE
G1 X98.847 Y101.935 F5400  ; DRAW LINE
G0 Z5.00               ; PEN UP

G0 X113.335 Y101.460   ; RAPID TO START
G1 Z0.00 F500    ; PEN DOWN
G4 P100           ; DWELL
G1 X115.472 Y96.995 F5400  ; DRAW LINE
G1 X113.145 Y99.465 F5400  ; DRAW LINE
G1 X113.335 Y101.460 F5400  ; DRAW LINE
G0 Z5.00               ; PEN UP

G0 X77.282 Y101.365   ; RAPID TO START
G1 Z0.00 F500    ; PEN DOWN
G4 P100           ; DWELL
G1 X77.282 Y101.365 F5400  ; DRAW LINE
G0 Z5.00               ; PEN UP

G0 X79.657 Y101.270   ; RAPID TO START
G1 Z0.00 F500    ; PEN DOWN
G4 P100           ; DWELL
G1 X81.510 Y100.558 F5400  ; DRAW LINE
G1 X78.422 Y95.950 F5400  ; DRAW LINE
G1 X74.480 Y95.665 F5400  ; DRAW LINE
G1 X76.285 Y99.037 F5400  ; DRAW LINE
G1 X74.290 Y95.760 F5400  ; DRAW LINE
G1 X71.915 Y97.185 F5400  ; DRAW LINE
G1 X72.868 Y99.301 F5400  ; DRAW LINE
G1 X75.050 Y98.705 F5400  ; DRAW LINE
G1 X74.148 Y99.750 F5400  ; DRAW LINE
G1 X79.657 Y101.270 F5400  ; DRAW LINE
G0 Z5.00               ; PEN UP

G0 X75.145 Y98.705   ; RAPID TO START
G1 Z0.00 F500    ; PEN DOWN
G4 P100           ; DWELL
G1 X75.145 Y98.705 F5400  ; DRAW LINE
G0 Z5.00               ; PEN UP

G0 X77.425 Y98.420   ; RAPID TO START
G1 Z0.00 F500    ; PEN DOWN
G4 P100           ; DWELL
G1 X79.515 Y97.755 F5400  ; DRAW LINE
G1 X77.425 Y98.420 F5400  ; DRAW LINE
G0 Z5.00               ; PEN UP

G0 X112.243 Y99.275   ; RAPID TO START
G1 Z0.00 F500    ; PEN DOWN
G4 P100           ; DWELL
G1 X110.675 Y94.905 F5400  ; DRAW LINE
G1 X112.243 Y99.275 F5400  ; DRAW LINE
G0 Z5.00               ; PEN UP

G0 X112.955 Y99.180   ; RAPID TO START
G1 Z0.00 F500    ; PEN DOWN
G4 P100           ; DWELL
G1 X115.187 Y96.881 F5400  ; DRAW LINE
G1 X113.905 Y93.575 F5400  ; DRAW LINE
G1 X111.910 Y95.000 F5400  ; DRAW LINE
G1 X112.955 Y99.180 F5400  ; DRAW LINE
G0 Z5.00               ; PEN UP

G0 X82.032 Y98.230   ; RAPID TO START
G1 Z0.00 F500    ; PEN DOWN
G4 P100           ; DWELL
G1 X79.325 Y96.188 F5400  ; DRAW LINE
G1 X82.032 Y98.230 F5400  ; DRAW LINE
G0 Z5.00               ; PEN UP

G0 X56.240 Y98.135   ; RAPID TO START
G1 Z0.00 F500    ; PEN DOWN
G4 P100           ; DWELL
G1 X57.665 Y96.948 F5400  ; DRAW LINE
G1 X57.142 Y94.810 F5400  ; DRAW LINE
G1 X56.240 Y98.135 F5400  ; DRAW LINE
G0 Z5.00               ; PEN UP

G0 X100.558 Y97.850   ; RAPID TO START
G1 Z0.00 F500    ; PEN DOWN
G4 P100           ; DWELL
G1 X104.025 Y96.757 F5400  ; DRAW LINE
G1 X103.455 Y92.720 F5400  ; DRAW LINE
G1 X98.990 Y93.385 F5400  ; DRAW LINE
G1 X100.558 Y97.850 F5400  ; DRAW LINE
G0 Z5.00               ; PEN UP

G0 X97.945 Y97.755   ; RAPID TO START
G1 Z0.00 F500    ; PEN DOWN
G4 P100           ; DWELL
G1 X99.085 Y97.233 F5400  ; DRAW LINE
G1 X98.657 Y93.575 F5400  ; DRAW LINE
G1 X97.945 Y97.755 F5400  ; DRAW LINE
G0 Z5.00               ; PEN UP

G0 X105.782 Y97.280   ; RAPID TO START
G1 Z0.00 F500    ; PEN DOWN
G4 P100           ; DWELL
G1 X110.295 Y94.477 F5400  ; DRAW LINE
G1 X109.060 Y90.915 F5400  ; DRAW LINE
G1 X106.733 Y92.720 F5400  ; DRAW LINE
G1 X103.645 Y92.530 F5400  ; DRAW LINE
G1 X104.215 Y96.472 F5400  ; DRAW LINE
G1 X105.782 Y97.280 F5400  ; DRAW LINE
G0 Z5.00               ; PEN UP

G0 X71.725 Y96.995   ; RAPID TO START
G1 Z0.00 F500    ; PEN DOWN
G4 P100           ; DWELL
G1 X73.910 Y95.475 F5400  ; DRAW LINE
G1 X72.390 Y94.763 F5400  ; DRAW LINE
G1 X73.910 Y95.095 F5400  ; DRAW LINE
G1 X71.487 Y89.870 F5400  ; DRAW LINE
G1 X69.160 Y91.105 F5400  ; DRAW LINE
G1 X70.395 Y93.670 F5400  ; DRAW LINE
G1 X72.248 Y93.195 F5400  ; DRAW LINE
G1 X70.585 Y93.860 F5400  ; DRAW LINE
G1 X71.725 Y96.995 F5400  ; DRAW LINE
G0 Z5.00               ; PEN UP

G0 X57.998 Y96.710   ; RAPID TO START
G1 Z0.00 F500    ; PEN DOWN
G4 P100           ; DWELL
G1 X59.945 Y95.142 F5400  ; DRAW LINE
G1 X59.375 Y93.480 F5400  ; DRAW LINE
G1 X57.285 Y94.668 F5400  ; DRAW LINE
G1 X57.998 Y96.710 F5400  ; DRAW LINE
G0 Z5.00               ; PEN UP

G0 X79.942 Y96.045   ; RAPID TO START
G1 Z0.00 F500    ; PEN DOWN
G4 P100           ; DWELL
G1 X78.422 Y92.530 F5400  ; DRAW LINE
G1 X76.000 Y92.530 F5400  ; DRAW LINE
G1 X77.188 Y95.285 F5400  ; DRAW LINE
G1 X79.942 Y96.045 F5400  ; DRAW LINE
G0 Z5.00               ; PEN UP

G0 X56.098 Y95.285   ; RAPID TO START
G1 Z0.00 F500    ; PEN DOWN
G4 P100           ; DWELL
G1 X56.715 Y92.910 F5400  ; DRAW LINE
G1 X56.098 Y95.285 F5400  ; DRAW LINE
G0 Z5.00               ; PEN UP

G0 X74.433 Y95.285   ; RAPID TO START
G1 Z0.00 F500    ; PEN DOWN
G4 P100           ; DWELL
G1 X76.808 Y95.285 F5400  ; DRAW LINE
G1 X75.668 Y92.435 F5400  ; DRAW LINE
G1 X73.340 Y92.720 F5400  ; DRAW LINE
G1 X74.433 Y95.285 F5400  ; DRAW LINE
G0 Z5.00               ; PEN UP

G0 X60.182 Y95.000   ; RAPID TO START
G1 Z0.00 F500    ; PEN DOWN
G4 P100           ; DWELL
G1 X62.320 Y93.623 F5400  ; DRAW LINE
G1 X61.608 Y91.865 F5400  ; DRAW LINE
G1 X59.470 Y93.338 F5400  ; DRAW LINE
G1 X60.182 Y95.000 F5400  ; DRAW LINE
G0 Z5.00               ; PEN UP

G0 X114.903 Y95.000   ; RAPID TO START
G1 Z0.00 F500    ; PEN DOWN
G4 P100           ; DWELL
G1 X114.024 Y93.065 F5400  ; DRAW LINE
G1 X114.903 Y95.000 F5400  ; DRAW LINE
G0 Z5.00               ; PEN UP

G0 X111.957 Y94.810   ; RAPID TO START
G1 Z0.00 F500    ; PEN DOWN
G4 P100           ; DWELL
G1 X113.620 Y93.052 F5400  ; DRAW LINE
G1 X111.674 Y89.748 F5400  ; DRAW LINE
G1 X109.725 Y90.867 F5400  ; DRAW LINE
G1 X111.957 Y94.810 F5400  ; DRAW LINE
G0 Z5.00               ; PEN UP

G0 X111.103 Y94.715   ; RAPID TO START
G1 Z0.00 F500    ; PEN DOWN
G4 P100           ; DWELL
G1 X109.250 Y90.867 F5400  ; DRAW LINE
G1 X111.103 Y94.715 F5400  ; DRAW LINE
G0 Z5.00               ; PEN UP

G0 X57.523 Y94.430   ; RAPID TO START
G1 Z0.00 F500    ; PEN DOWN
G4 P100           ; DWELL
G1 X58.805 Y91.675 F5400  ; DRAW LINE
G1 X56.810 Y92.767 F5400  ; DRAW LINE
G1 X57.523 Y94.430 F5400  ; DRAW LINE
G0 Z5.00               ; PEN UP

G0 X97.850 Y93.765   ; RAPID TO START
G1 Z0.00 F500    ; PEN DOWN
G4 P100           ; DWELL
G1 X98.800 Y89.775 F5400  ; DRAW LINE
G1 X97.850 Y93.765 F5400  ; DRAW LINE
G0 Z5.00               ; PEN UP

G0 X100.463 Y93.670   ; RAPID TO START
G1 Z0.00 F500    ; PEN DOWN
G4 P100           ; DWELL
G1 X103.360 Y92.388 F5400  ; DRAW LINE
G1 X102.600 Y88.730 F5400  ; DRAW LINE
G1 X98.990 Y89.632 F5400  ; DRAW LINE
G1 X98.990 Y93.052 F5400  ; DRAW LINE
G1 X100.463 Y93.670 F5400  ; DRAW LINE
G0 Z5.00               ; PEN UP

G0 X62.557 Y93.480   ; RAPID TO START
G1 Z0.00 F500    ; PEN DOWN
G4 P100           ; DWELL
G1 X65.265 Y92.007 F5400  ; DRAW LINE
G1 X64.600 Y90.060 F5400  ; DRAW LINE
G1 X61.845 Y91.485 F5400  ; DRAW LINE
G1 X62.557 Y93.480 F5400  ; DRAW LINE
G0 Z5.00               ; PEN UP

G0 X79.088 Y93.100   ; RAPID TO START
G1 Z0.00 F500    ; PEN DOWN
G4 P100           ; DWELL
G1 X79.088 Y93.100 F5400  ; DRAW LINE
G0 Z5.00               ; PEN UP

G0 X59.422 Y93.005   ; RAPID TO START
G1 Z0.00 F500    ; PEN DOWN
G4 P100           ; DWELL
G1 X61.285 Y92.150 F5400  ; DRAW LINE
G1 X60.848 Y90.060 F5400  ; DRAW LINE
G1 X58.900 Y91.390 F5400  ; DRAW LINE
G1 X59.422 Y93.005 F5400  ; DRAW LINE
G0 Z5.00               ; PEN UP

G0 X113.715 Y92.815   ; RAPID TO START
G1 Z0.00 F500    ; PEN DOWN
G4 P100           ; DWELL
G1 X112.148 Y89.490 F5400  ; DRAW LINE
G1 X113.715 Y92.815 F5400  ; DRAW LINE
G0 Z5.00               ; PEN UP

G0 X73.862 Y92.720   ; RAPID TO START
G1 Z0.00 F500    ; PEN DOWN
G4 P100           ; DWELL
G1 X75.525 Y92.293 F5400  ; DRAW LINE
G1 X74.598 Y90.280 F5400  ; DRAW LINE
G1 X71.915 Y89.965 F5400  ; DRAW LINE
G1 X73.862 Y92.720 F5400  ; DRAW LINE
G0 Z5.00               ; PEN UP

G0 X76.998 Y92.625   ; RAPID TO START
G1 Z0.00 F500    ; PEN DOWN
G4 P100           ; DWELL
G1 X78.185 Y92.102 F5400  ; DRAW LINE
G1 X75.905 Y90.440 F5400  ; DRAW LINE
G1 X76.998 Y92.625 F5400  ; DRAW LINE
G0 Z5.00               ; PEN UP

G0 X105.118 Y92.625   ; RAPID TO START
G1 Z0.00 F500    ; PEN DOWN
G4 P100           ; DWELL
G1 X108.713 Y90.882 F5400  ; DRAW LINE
G1 X107.207 Y87.020 F5400  ; DRAW LINE
G1 X102.790 Y88.445 F5400  ; DRAW LINE
G1 X103.455 Y91.912 F5400  ; DRAW LINE
G1 X105.118 Y92.625 F5400  ; DRAW LINE
G0 Z5.00               ; PEN UP

G0 X76.332 Y92.435   ; RAPID TO START
G1 Z0.00 F500    ; PEN DOWN
G4 P100           ; DWELL
G1 X74.718 Y90.155 F5400  ; DRAW LINE
G1 X76.332 Y92.435 F5400  ; DRAW LINE
G0 Z5.00               ; PEN UP

G0 X78.517 Y92.245   ; RAPID TO START
G1 Z0.00 F500    ; PEN DOWN
G4 P100           ; DWELL
G1 X77.484 Y90.581 F5400  ; DRAW LINE
G1 X78.517 Y92.245 F5400  ; DRAW LINE
G0 Z5.00               ; PEN UP

G0 X65.597 Y91.960   ; RAPID TO START
G1 Z0.00 F500    ; PEN DOWN
G4 P100           ; DWELL
G1 X68.590 Y90.915 F5400  ; DRAW LINE
G1 X66.832 Y86.925 F5400  ; DRAW LINE
G1 X64.030 Y88.065 F5400  ; DRAW LINE
G1 X64.647 Y89.585 F5400  ; DRAW LINE
G1 X67.213 Y89.205 F5400  ; DRAW LINE
G1 X64.744 Y89.830 F5400  ; DRAW LINE
G1 X65.597 Y91.960 F5400  ; DRAW LINE
G0 Z5.00               ; PEN UP

G0 X67.355 Y89.205   ; RAPID TO START
G1 Z0.00 F500    ; PEN DOWN
G4 P100           ; DWELL
G1 X67.355 Y89.205 F5400  ; DRAW LINE
G0 Z5.00               ; PEN UP

G0 X61.703 Y91.295   ; RAPID TO START
G1 Z0.00 F500    ; PEN DOWN
G4 P100           ; DWELL
G1 X64.166 Y90.263 F5400  ; DRAW LINE
G1 X63.793 Y88.255 F5400  ; DRAW LINE
G1 X61.180 Y89.775 F5400  ; DRAW LINE
G1 X61.703 Y91.295 F5400  ; DRAW LINE
G0 Z5.00               ; PEN UP

G0 X69.017 Y90.915   ; RAPID TO START
G1 Z0.00 F500    ; PEN DOWN
G4 P100           ; DWELL
G1 X71.155 Y89.442 F5400  ; DRAW LINE
G1 X70.252 Y87.685 F5400  ; DRAW LINE
G1 X67.925 Y88.635 F5400  ; DRAW LINE
G1 X69.017 Y90.915 F5400  ; DRAW LINE
G0 Z5.00               ; PEN UP

G0 X109.582 Y90.535   ; RAPID TO START
G1 Z0.00 F500    ; PEN DOWN
G4 P100           ; DWELL
G1 X111.625 Y89.252 F5400  ; DRAW LINE
G1 X109.773 Y86.165 F5400  ; DRAW LINE
G1 X107.540 Y86.925 F5400  ; DRAW LINE
G1 X109.582 Y90.535 F5400  ; DRAW LINE
G0 Z5.00               ; PEN UP

G0 X77.662 Y90.440   ; RAPID TO START
G1 Z0.00 F500    ; PEN DOWN
G4 P100           ; DWELL
G1 X76.475 Y88.825 F5400  ; DRAW LINE
G1 X77.662 Y90.440 F5400  ; DRAW LINE
G0 Z5.00               ; PEN UP

G0 X75.763 Y90.250   ; RAPID TO START
G1 Z0.00 F500    ; PEN DOWN
G4 P100           ; DWELL
G1 X76.855 Y90.013 F5400  ; DRAW LINE
G1 X75.858 Y88.160 F5400  ; DRAW LINE
G1 X73.245 Y87.495 F5400  ; DRAW LINE
G1 X75.763 Y90.250 F5400  ; DRAW LINE
G0 Z5.00               ; PEN UP

G0 X72.532 Y89.965   ; RAPID TO START
G1 Z0.00 F500    ; PEN DOWN
G4 P100           ; DWELL
G1 X73.625 Y89.727 F5400  ; DRAW LINE
G1 X72.532 Y89.965 F5400  ; DRAW LINE
G0 Z5.00               ; PEN UP

G0 X98.325 Y89.585   ; RAPID TO START
G1 Z0.00 F500    ; PEN DOWN
G4 P100           ; DWELL
G1 X99.085 Y86.877 F5400  ; DRAW LINE
G1 X98.325 Y89.585 F5400  ; DRAW LINE
G0 Z5.00               ; PEN UP

G0 X99.797 Y89.490   ; RAPID TO START
G1 Z0.00 F500    ; PEN DOWN
G4 P100           ; DWELL
G1 X102.315 Y88.588 F5400  ; DRAW LINE
G1 X101.555 Y85.500 F5400  ; DRAW LINE
G1 X99.370 Y86.355 F5400  ; DRAW LINE
G1 X99.797 Y89.490 F5400  ; DRAW LINE
G0 Z5.00               ; PEN UP

G0 X71.392 Y89.395   ; RAPID TO START
G1 Z0.00 F500    ; PEN DOWN
G4 P100           ; DWELL
G1 X73.720 Y89.205 F5400  ; DRAW LINE
G1 X72.865 Y87.115 F5400  ; DRAW LINE
G1 X70.537 Y87.590 F5400  ; DRAW LINE
G1 X71.392 Y89.395 F5400  ; DRAW LINE
G0 Z5.00               ; PEN UP

G0 X111.815 Y89.205   ; RAPID TO START
G1 Z0.00 F500    ; PEN DOWN
G4 P100           ; DWELL
G1 X110.153 Y85.975 F5400  ; DRAW LINE
G1 X111.815 Y89.205 F5400  ; DRAW LINE
G0 Z5.00               ; PEN UP

G0 X77.188 Y89.015   ; RAPID TO START
G1 Z0.00 F500    ; PEN DOWN
G4 P100           ; DWELL
G1 X75.763 Y87.115 F5400  ; DRAW LINE
G1 X77.188 Y89.015 F5400  ; DRAW LINE
G0 Z5.00               ; PEN UP

G0 X68.162 Y88.540   ; RAPID TO START
G1 Z0.00 F500    ; PEN DOWN
G4 P100           ; DWELL
G1 X70.039 Y87.780 F5400  ; DRAW LINE
G1 X69.635 Y86.165 F5400  ; DRAW LINE
G1 X67.070 Y86.830 F5400  ; DRAW LINE
G1 X68.162 Y88.540 F5400  ; DRAW LINE
G0 Z5.00               ; PEN UP

G0 X103.313 Y88.350   ; RAPID TO START
G1 Z0.00 F500    ; PEN DOWN
G4 P100           ; DWELL
G1 X107.065 Y86.688 F5400  ; DRAW LINE
G1 X105.118 Y83.790 F5400  ; DRAW LINE
G1 X101.650 Y84.930 F5400  ; DRAW LINE
G1 X103.313 Y88.350 F5400  ; DRAW LINE
G0 Z5.00               ; PEN UP

G0 X74.813 Y88.065   ; RAPID TO START
G1 Z0.00 F500    ; PEN DOWN
G4 P100           ; DWELL
G1 X75.335 Y86.735 F5400  ; DRAW LINE
G1 X73.150 Y85.405 F5400  ; DRAW LINE
G1 X74.813 Y88.065 F5400  ; DRAW LINE
G0 Z5.00               ; PEN UP

G0 X71.013 Y87.495   ; RAPID TO START
G1 Z0.00 F500    ; PEN DOWN
G4 P100           ; DWELL
G1 X72.580 Y87.067 F5400  ; DRAW LINE
G1 X71.868 Y84.930 F5400  ; DRAW LINE
G1 X69.825 Y86.117 F5400  ; DRAW LINE
G1 X71.013 Y87.495 F5400  ; DRAW LINE
G0 Z5.00               ; PEN UP

G0 X73.483 Y87.400   ; RAPID TO START
G1 Z0.00 F500    ; PEN DOWN
G4 P100           ; DWELL
G1 X72.153 Y84.835 F5400  ; DRAW LINE
G1 X73.483 Y87.400 F5400  ; DRAW LINE
G0 Z5.00               ; PEN UP

G0 X107.778 Y86.735   ; RAPID TO START
G1 Z0.00 F500    ; PEN DOWN
G4 P100           ; DWELL
G1 X109.535 Y85.642 F5400  ; DRAW LINE
G1 X107.398 Y82.460 F5400  ; DRAW LINE
G1 X105.355 Y83.600 F5400  ; DRAW LINE
G1 X107.778 Y86.735 F5400  ; DRAW LINE
G0 Z5.00               ; PEN UP

G0 X98.705 Y86.640   ; RAPID TO START
G1 Z0.00 F500    ; PEN DOWN
G4 P100           ; DWELL
G1 X98.086 Y83.681 F5400  ; DRAW LINE
G1 X98.705 Y86.640 F5400  ; DRAW LINE
G0 Z5.00               ; PEN UP

G0 X99.513 Y86.165   ; RAPID TO START
G1 Z0.00 F500    ; PEN DOWN
G4 P100           ; DWELL
G1 X101.365 Y84.977 F5400  ; DRAW LINE
G1 X100.320 Y82.555 F5400  ; DRAW LINE
G1 X98.420 Y83.410 F5400  ; DRAW LINE
G1 X99.513 Y86.165 F5400  ; DRAW LINE
G0 Z5.00               ; PEN UP

G0 X109.868 Y85.690   ; RAPID TO START
G1 Z0.00 F500    ; PEN DOWN
G4 P100           ; DWELL
G1 X107.789 Y82.316 F5400  ; DRAW LINE
G1 X109.868 Y85.690 F5400  ; DRAW LINE
G0 Z5.00               ; PEN UP

G0 X101.983 Y84.835   ; RAPID TO START
G1 Z0.00 F500    ; PEN DOWN
G4 P100           ; DWELL
G1 X104.785 Y83.362 F5400  ; DRAW LINE
G1 X103.175 Y80.532 F5400  ; DRAW LINE
G1 X100.415 Y82.175 F5400  ; DRAW LINE
G1 X101.983 Y84.835 F5400  ; DRAW LINE
G0 Z5.00               ; PEN UP

G0 X97.755 Y83.410   ; RAPID TO START
G1 Z0.00 F500    ; PEN DOWN
G4 P100           ; DWELL
G1 X97.090 Y82.127 F5400  ; DRAW LINE
G1 X97.755 Y83.410 F5400  ; DRAW LINE
G0 Z5.00               ; PEN UP

G0 X105.308 Y83.410   ; RAPID TO START
G1 Z0.00 F500    ; PEN DOWN
G4 P100           ; DWELL
G1 X107.160 Y82.032 F5400  ; DRAW LINE
G1 X105.545 Y79.705 F5400  ; DRAW LINE
G1 X103.455 Y80.370 F5400  ; DRAW LINE
G1 X105.308 Y83.410 F5400  ; DRAW LINE
G0 Z5.00               ; PEN UP

G0 X98.278 Y83.125   ; RAPID TO START
G1 Z0.00 F500    ; PEN DOWN
G4 P100           ; DWELL
G1 X100.035 Y82.032 F5400  ; DRAW LINE
G1 X98.468 Y79.705 F5400  ; DRAW LINE
G1 X96.520 Y80.845 F5400  ; DRAW LINE
G1 X98.278 Y83.125 F5400  ; DRAW LINE
G0 Z5.00               ; PEN UP

G0 X107.683 Y82.080   ; RAPID TO START
G1 Z0.00 F500    ; PEN DOWN
G4 P100           ; DWELL
G1 X105.832 Y79.611 F5400  ; DRAW LINE
G1 X107.683 Y82.080 F5400  ; DRAW LINE
G0 Z5.00               ; PEN UP

G0 X100.273 Y81.890   ; RAPID TO START
G1 Z0.00 F500    ; PEN DOWN
G4 P100           ; DWELL
G1 X102.600 Y81.082 F5400  ; DRAW LINE
G1 X101.888 Y77.900 F5400  ; DRAW LINE
G1 X98.705 Y79.515 F5400  ; DRAW LINE
G1 X100.273 Y81.890 F5400  ; DRAW LINE
G0 Z5.00               ; PEN UP

G0 X96.188 Y80.655   ; RAPID TO START
G1 Z0.00 F500    ; PEN DOWN
G4 P100           ; DWELL
G1 X98.230 Y79.373 F5400  ; DRAW LINE
G1 X96.520 Y77.900 F5400  ; DRAW LINE
G1 X96.995 Y79.563 F5400  ; DRAW LINE
G1 X94.430 Y78.945 F5400  ; DRAW LINE
G1 X96.188 Y80.655 F5400  ; DRAW LINE
G0 Z5.00               ; PEN UP

G0 X103.313 Y80.085   ; RAPID TO START
G1 Z0.00 F500    ; PEN DOWN
G4 P100           ; DWELL
G1 X105.260 Y79.278 F5400  ; DRAW LINE
G1 X104.073 Y76.855 F5400  ; DRAW LINE
G1 X102.125 Y77.757 F5400  ; DRAW LINE
G1 X103.313 Y80.085 F5400  ; DRAW LINE
G0 Z5.00               ; PEN UP

G0 X99.037 Y79.325   ; RAPID TO START
G1 Z0.00 F500    ; PEN DOWN
G4 P100           ; DWELL
G1 X101.595 Y78.082 F5400  ; DRAW LINE
G1 X100.653 Y75.810 F5400  ; DRAW LINE
G1 X96.995 Y77.710 F5400  ; DRAW LINE
G1 X99.037 Y79.325 F5400  ; DRAW LINE
G0 Z5.00               ; PEN UP

G0 X105.593 Y79.325   ; RAPID TO START
G1 Z0.00 F500    ; PEN DOWN
G4 P100           ; DWELL
G1 X104.359 Y76.543 F5400  ; DRAW LINE
G1 X105.593 Y79.325 F5400  ; DRAW LINE
G0 Z5.00               ; PEN UP

G0 X94.383 Y78.755   ; RAPID TO START
G1 Z0.00 F500    ; PEN DOWN
G4 P100           ; DWELL
G1 X94.383 Y78.755 F5400  ; DRAW LINE
G0 Z5.00               ; PEN UP

G0 X95.713 Y78.375   ; RAPID TO START
G1 Z0.00 F500    ; PEN DOWN
G4 P100           ; DWELL
G1 X95.510 Y77.077 F5400  ; DRAW LINE
G1 X93.670 Y77.567 F5400  ; DRAW LINE
G1 X95.713 Y78.375 F5400  ; DRAW LINE
G0 Z5.00               ; PEN UP

G0 X96.567 Y77.520   ; RAPID TO START
G1 Z0.00 F500    ; PEN DOWN
G4 P100           ; DWELL
G1 X100.320 Y75.477 F5400  ; DRAW LINE
G1 X99.133 Y74.575 F5400  ; DRAW LINE
G1 X95.285 Y76.713 F5400  ; DRAW LINE
G1 X96.567 Y77.520 F5400  ; DRAW LINE
G0 Z5.00               ; PEN UP

G0 X93.243 Y77.425   ; RAPID TO START
G1 Z0.00 F500    ; PEN DOWN
G4 P100           ; DWELL
G1 X94.192 Y76.760 F5400  ; DRAW LINE
G1 X93.243 Y77.425 F5400  ; DRAW LINE
G0 Z5.00               ; PEN UP

G0 X102.078 Y77.425   ; RAPID TO START
G1 Z0.00 F500    ; PEN DOWN
G4 P100           ; DWELL
G1 X103.740 Y76.903 F5400  ; DRAW LINE
G1 X103.313 Y74.385 F5400  ; DRAW LINE
G1 X100.890 Y75.668 F5400  ; DRAW LINE
G1 X102.078 Y77.425 F5400  ; DRAW LINE
G0 Z5.00               ; PEN UP

G0 X90.297 Y76.570   ; RAPID TO START
G1 Z0.00 F500    ; PEN DOWN
G4 P100           ; DWELL
G1 X92.055 Y76.522 F5400  ; DRAW LINE
G1 X90.297 Y76.570 F5400  ; DRAW LINE
G0 Z5.00               ; PEN UP

G0 X92.862 Y76.380   ; RAPID TO START
G1 Z0.00 F500    ; PEN DOWN
G4 P100           ; DWELL
G1 X98.230 Y73.957 F5400  ; DRAW LINE
G1 X97.660 Y72.675 F5400  ; DRAW LINE
G1 X90.820 Y75.858 F5400  ; DRAW LINE
G1 X92.862 Y76.380 F5400  ; DRAW LINE
G0 Z5.00               ; PEN UP

G0 X95.523 Y76.380   ; RAPID TO START
G1 Z0.00 F500    ; PEN DOWN
G4 P100           ; DWELL
G1 X98.895 Y74.338 F5400  ; DRAW LINE
G1 X95.523 Y76.380 F5400  ; DRAW LINE
G0 Z5.00               ; PEN UP

G0 X88.588 Y76.285   ; RAPID TO START
G1 Z0.00 F500    ; PEN DOWN
G4 P100           ; DWELL
G1 X89.063 Y74.670 F5400  ; DRAW LINE
G1 X86.070 Y73.957 F5400  ; DRAW LINE
G1 X88.588 Y76.285 F5400  ; DRAW LINE
G0 Z5.00               ; PEN UP

G0 X104.263 Y76.285   ; RAPID TO START
G1 Z0.00 F500    ; PEN DOWN
G4 P100           ; DWELL
G1 X103.930 Y74.005 F5400  ; DRAW LINE
G1 X104.263 Y76.285 F5400  ; DRAW LINE
G0 Z5.00               ; PEN UP

G0 X91.343 Y75.620   ; RAPID TO START
G1 Z0.00 F500    ; PEN DOWN
G4 P100           ; DWELL
G1 X95.139 Y74.613 F5400  ; DRAW LINE
G1 X97.375 Y72.010 F5400  ; DRAW LINE
G1 X89.490 Y74.813 F5400  ; DRAW LINE
G1 X91.343 Y75.620 F5400  ; DRAW LINE
G0 Z5.00               ; PEN UP

G0 X35.388 Y75.525   ; RAPID TO START
G1 Z0.00 F500    ; PEN DOWN
G4 P100           ; DWELL
G1 X41.705 Y66.263 F5400  ; DRAW LINE
G1 X39.045 Y66.405 F5400  ; DRAW LINE
G1 X35.388 Y75.525 F5400  ; DRAW LINE
G0 Z5.00               ; PEN UP

G0 X50.825 Y75.525   ; RAPID TO START
G1 Z0.00 F500    ; PEN DOWN
G4 P100           ; DWELL
G1 X51.918 Y71.535 F5400  ; DRAW LINE
G1 X50.825 Y75.525 F5400  ; DRAW LINE
G0 Z5.00               ; PEN UP

G0 X100.558 Y75.335   ; RAPID TO START
G1 Z0.00 F500    ; PEN DOWN
G4 P100           ; DWELL
G1 X102.885 Y74.528 F5400  ; DRAW LINE
G1 X102.838 Y72.200 F5400  ; DRAW LINE
G1 X99.560 Y74.433 F5400  ; DRAW LINE
G1 X100.558 Y75.335 F5400  ; DRAW LINE
G0 Z5.00               ; PEN UP

G0 X88.873 Y74.290   ; RAPID TO START
G1 Z0.00 F500    ; PEN DOWN
G4 P100           ; DWELL
G1 X94.808 Y73.081 F5400  ; DRAW LINE
G1 X99.726 Y68.519 F5400  ; DRAW LINE
G1 X100.225 Y59.708 F5400  ; DRAW LINE
G1 X98.286 Y56.365 F5400  ; DRAW LINE
G1 X92.388 Y56.430 F5400  ; DRAW LINE
G1 X89.897 Y58.327 F5400  ; DRAW LINE
G1 X89.680 Y63.317 F5400  ; DRAW LINE
G1 X85.025 Y71.203 F5400  ; DRAW LINE
G1 X88.873 Y74.290 F5400  ; DRAW LINE
G0 Z5.00               ; PEN UP

G0 X99.037 Y74.195   ; RAPID TO START
G1 Z0.00 F500    ; PEN DOWN
G4 P100           ; DWELL
G1 X102.440 Y72.487 F5400  ; DRAW LINE
G1 X102.600 Y69.255 F5400  ; DRAW LINE
G1 X97.755 Y72.532 F5400  ; DRAW LINE
G1 X99.037 Y74.195 F5400  ; DRAW LINE
G0 Z5.00               ; PEN UP

G0 X50.730 Y73.815   ; RAPID TO START
G1 Z0.00 F500    ; PEN DOWN
G4 P100           ; DWELL
G1 X51.870 Y70.680 F5400  ; DRAW LINE
G1 X50.303 Y68.590 F5400  ; DRAW LINE
G1 X50.730 Y73.815 F5400  ; DRAW LINE
G0 Z5.00               ; PEN UP

G0 X86.023 Y73.720   ; RAPID TO START
G1 Z0.00 F500    ; PEN DOWN
G4 P100           ; DWELL
G1 X86.023 Y73.720 F5400  ; DRAW LINE
G0 Z5.00               ; PEN UP

G0 X103.455 Y73.720   ; RAPID TO START
G1 Z0.00 F500    ; PEN DOWN
G4 P100           ; DWELL
G1 X103.170 Y71.630 F5400  ; DRAW LINE
G1 X103.455 Y73.720 F5400  ; DRAW LINE
G0 Z5.00               ; PEN UP

G0 X97.802 Y72.200   ; RAPID TO START
G1 Z0.00 F500    ; PEN DOWN
G4 P100           ; DWELL
G1 X101.270 Y70.632 F5400  ; DRAW LINE
G1 X101.698 Y66.880 F5400  ; DRAW LINE
G1 X97.802 Y72.200 F5400  ; DRAW LINE
G0 Z5.00               ; PEN UP

G0 X52.392 Y72.105   ; RAPID TO START
G1 Z0.00 F500    ; PEN DOWN
G4 P100           ; DWELL
G1 X53.438 Y67.830 F5400  ; DRAW LINE
G1 X52.392 Y72.105 F5400  ; DRAW LINE
G0 Z5.00               ; PEN UP

G0 X103.075 Y71.345   ; RAPID TO START
G1 Z0.00 F500    ; PEN DOWN
G4 P100           ; DWELL
G1 X102.790 Y69.065 F5400  ; DRAW LINE
G1 X103.075 Y71.345 F5400  ; DRAW LINE
G0 Z5.00               ; PEN UP

G0 X51.918 Y70.490   ; RAPID TO START
G1 Z0.00 F500    ; PEN DOWN
G4 P100           ; DWELL
G1 X53.390 Y67.308 F5400  ; DRAW LINE
G1 X52.255 Y65.807 F5400  ; DRAW LINE
G1 X50.540 Y68.448 F5400  ; DRAW LINE
G1 X51.918 Y70.490 F5400  ; DRAW LINE
G0 Z5.00               ; PEN UP

G0 X48.973 Y68.970   ; RAPID TO START
G1 Z0.00 F500    ; PEN DOWN
G4 P100           ; DWELL
G1 X50.255 Y67.165 F5400  ; DRAW LINE
G1 X46.075 Y64.695 F5400  ; DRAW LINE
G1 X44.270 Y65.930 F5400  ; DRAW LINE
G1 X48.973 Y68.970 F5400  ; DRAW LINE
G0 Z5.00               ; PEN UP

G0 X103.313 Y68.970   ; RAPID TO START
G1 Z0.00 F500    ; PEN DOWN
G4 P100           ; DWELL
G1 X103.740 Y67.593 F5400  ; DRAW LINE
G1 X101.935 Y66.690 F5400  ; DRAW LINE
G1 X103.313 Y68.970 F5400  ; DRAW LINE
G0 Z5.00               ; PEN UP

G0 X33.962 Y68.780   ; RAPID TO START
G1 Z0.00 F500    ; PEN DOWN
G4 P100           ; DWELL
G1 X40.090 Y64.315 F5400  ; DRAW LINE
G1 X37.193 Y64.695 F5400  ; DRAW LINE
G1 X33.962 Y68.780 F5400  ; DRAW LINE
G0 Z5.00               ; PEN UP

G0 X53.770 Y68.305   ; RAPID TO START
G1 Z0.00 F500    ; PEN DOWN
G4 P100           ; DWELL
G1 X54.767 Y64.980 F5400  ; DRAW LINE
G1 X53.770 Y68.305 F5400  ; DRAW LINE
G0 Z5.00               ; PEN UP

G0 X100.748 Y67.355   ; RAPID TO START
G1 Z0.00 F500    ; PEN DOWN
G4 P100           ; DWELL
G1 X100.938 Y65.550 F5400  ; DRAW LINE
G1 X100.748 Y67.355 F5400  ; DRAW LINE
G0 Z5.00               ; PEN UP

G0 X49.258 Y66.880   ; RAPID TO START
G1 Z0.00 F500    ; PEN DOWN
G4 P100           ; DWELL
G1 X51.965 Y64.410 F5400  ; DRAW LINE
G1 X48.973 Y62.035 F5400  ; DRAW LINE
G1 X46.265 Y64.362 F5400  ; DRAW LINE
G1 X49.258 Y66.880 F5400  ; DRAW LINE
G0 Z5.00               ; PEN UP

G0 X53.343 Y66.690   ; RAPID TO START
G1 Z0.00 F500    ; PEN DOWN
G4 P100           ; DWELL
G1 X54.815 Y64.362 F5400  ; DRAW LINE
G1 X53.627 Y62.700 F5400  ; DRAW LINE
G1 X52.440 Y64.267 F5400  ; DRAW LINE
G1 X53.343 Y66.690 F5400  ; DRAW LINE
G0 Z5.00               ; PEN UP

G0 X51.157 Y66.405   ; RAPID TO START
G1 Z0.00 F500    ; PEN DOWN
G4 P100           ; DWELL
G1 X52.155 Y64.837 F5400  ; DRAW LINE
G1 X51.157 Y66.405 F5400  ; DRAW LINE
G0 Z5.00               ; PEN UP

G0 X101.793 Y66.405   ; RAPID TO START
G1 Z0.00 F500    ; PEN DOWN
G4 P100           ; DWELL
G1 X101.983 Y63.840 F5400  ; DRAW LINE
G1 X100.795 Y64.030 F5400  ; DRAW LINE
G1 X101.793 Y66.405 F5400  ; DRAW LINE
G0 Z5.00               ; PEN UP

G0 X43.367 Y66.025   ; RAPID TO START
G1 Z0.00 F500    ; PEN DOWN
G4 P100           ; DWELL
G1 X45.313 Y64.696 F5400  ; DRAW LINE
G1 X43.367 Y66.025 F5400  ; DRAW LINE
G0 Z5.00               ; PEN UP

G0 X39.520 Y65.930   ; RAPID TO START
G1 Z0.00 F500    ; PEN DOWN
G4 P100           ; DWELL
G1 X43.225 Y64.742 F5400  ; DRAW LINE
G1 X42.038 Y63.555 F5400  ; DRAW LINE
G1 X39.520 Y65.930 F5400  ; DRAW LINE
G0 Z5.00               ; PEN UP

G0 X55.100 Y65.170   ; RAPID TO START
G1 Z0.00 F500    ; PEN DOWN
G4 P100           ; DWELL
G1 X56.145 Y62.890 F5400  ; DRAW LINE
G1 X55.100 Y65.170 F5400  ; DRAW LINE
G0 Z5.00               ; PEN UP

G0 X37.525 Y64.505   ; RAPID TO START
G1 Z0.00 F500    ; PEN DOWN
G4 P100           ; DWELL
G1 X44.745 Y61.037 F5400  ; DRAW LINE
G1 X37.525 Y64.505 F5400  ; DRAW LINE
G0 Z5.00               ; PEN UP

G0 X44.413 Y64.505   ; RAPID TO START
G1 Z0.00 F500    ; PEN DOWN
G4 P100           ; DWELL
G1 X48.307 Y62.035 F5400  ; DRAW LINE
G1 X44.413 Y64.505 F5400  ; DRAW LINE
G0 Z5.00               ; PEN UP

G0 X43.367 Y64.410   ; RAPID TO START
G1 Z0.00 F500    ; PEN DOWN
G4 P100           ; DWELL
G1 X46.550 Y61.988 F5400  ; DRAW LINE
G1 X45.553 Y60.800 F5400  ; DRAW LINE
G1 X42.275 Y63.317 F5400  ; DRAW LINE
G1 X43.367 Y64.410 F5400  ; DRAW LINE
G0 Z5.00               ; PEN UP

G0 X51.633 Y64.220   ; RAPID TO START
G1 Z0.00 F500    ; PEN DOWN
G4 P100           ; DWELL
G1 X53.675 Y62.177 F5400  ; DRAW LINE
G1 X51.395 Y59.850 F5400  ; DRAW LINE
G1 X49.305 Y61.702 F5400  ; DRAW LINE
G1 X51.633 Y64.220 F5400  ; DRAW LINE
G0 Z5.00               ; PEN UP

G0 X54.862 Y64.125   ; RAPID TO START
G1 Z0.00 F500    ; PEN DOWN
G4 P100           ; DWELL
G1 X55.295 Y60.582 F5400  ; DRAW LINE
G1 X54.055 Y62.082 F5400  ; DRAW LINE
G1 X54.862 Y64.125 F5400  ; DRAW LINE
G0 Z5.00               ; PEN UP

G0 X100.843 Y63.745   ; RAPID TO START
G1 Z0.00 F500    ; PEN DOWN
G4 P100           ; DWELL
G1 X101.935 Y63.650 F5400  ; DRAW LINE
G1 X101.222 Y61.085 F5400  ; DRAW LINE
G1 X100.843 Y63.745 F5400  ; DRAW LINE
G0 Z5.00               ; PEN UP

G0 X56.288 Y62.605   ; RAPID TO START
G1 Z0.00 F500    ; PEN DOWN
G4 P100           ; DWELL
G1 X56.288 Y62.605 F5400  ; DRAW LINE
G0 Z5.00               ; PEN UP

G0 X56.193 Y62.130   ; RAPID TO START
G1 Z0.00 F500    ; PEN DOWN
G4 P100           ; DWELL
G1 X57.285 Y58.615 F5400  ; DRAW LINE
G1 X55.765 Y59.993 F5400  ; DRAW LINE
G1 X56.193 Y62.130 F5400  ; DRAW LINE
G0 Z5.00               ; PEN UP

G0 X47.642 Y61.940   ; RAPID TO START
G1 Z0.00 F500    ; PEN DOWN
G4 P100           ; DWELL
G1 X50.825 Y59.755 F5400  ; DRAW LINE
G1 X48.212 Y58.805 F5400  ; DRAW LINE
G1 X45.885 Y60.563 F5400  ; DRAW LINE
G1 X46.977 Y61.750 F5400  ; DRAW LINE
G1 X49.733 Y60.135 F5400  ; DRAW LINE
G1 X47.642 Y61.940 F5400  ; DRAW LINE
G0 Z5.00               ; PEN UP

G0 X53.248 Y61.845   ; RAPID TO START
G1 Z0.00 F500    ; PEN DOWN
G4 P100           ; DWELL
G1 X55.195 Y60.278 F5400  ; DRAW LINE
G1 X53.343 Y57.760 F5400  ; DRAW LINE
G1 X51.585 Y59.518 F5400  ; DRAW LINE
G1 X53.248 Y61.845 F5400  ; DRAW LINE
G0 Z5.00               ; PEN UP

G0 X100.938 Y60.895   ; RAPID TO START
G1 Z0.00 F500    ; PEN DOWN
G4 P100           ; DWELL
G1 X100.463 Y58.330 F5400  ; DRAW LINE
G1 X100.938 Y60.895 F5400  ; DRAW LINE
G0 Z5.00               ; PEN UP

G0 X43.748 Y60.800   ; RAPID TO START
G1 Z0.00 F500    ; PEN DOWN
G4 P100           ; DWELL
G1 X47.785 Y58.757 F5400  ; DRAW LINE
G1 X43.748 Y60.800 F5400  ; DRAW LINE
G0 Z5.00               ; PEN UP

G0 X57.807 Y60.135   ; RAPID TO START
G1 Z0.00 F500    ; PEN DOWN
G4 P100           ; DWELL
G1 X59.470 Y59.042 F5400  ; DRAW LINE
G1 X59.375 Y56.667 F5400  ; DRAW LINE
G1 X57.807 Y60.135 F5400  ; DRAW LINE
G0 Z5.00               ; PEN UP

G0 X55.053 Y59.945   ; RAPID TO START
G1 Z0.00 F500    ; PEN DOWN
G4 P100           ; DWELL
G1 X57.190 Y58.188 F5400  ; DRAW LINE
G1 X55.105 Y55.642 F5400  ; DRAW LINE
G1 X53.675 Y57.333 F5400  ; DRAW LINE
G1 X55.053 Y59.945 F5400  ; DRAW LINE
G0 Z5.00               ; PEN UP

G0 X49.638 Y59.565   ; RAPID TO START
G1 Z0.00 F500    ; PEN DOWN
G4 P100           ; DWELL
G1 X52.962 Y57.665 F5400  ; DRAW LINE
G1 X50.682 Y57.190 F5400  ; DRAW LINE
G1 X48.735 Y58.567 F5400  ; DRAW LINE
G1 X49.638 Y59.565 F5400  ; DRAW LINE
G0 Z5.00               ; PEN UP

G0 X59.660 Y58.805   ; RAPID TO START
G1 Z0.00 F500    ; PEN DOWN
G4 P100           ; DWELL
G1 X61.845 Y56.287 F5400  ; DRAW LINE
G1 X60.943 Y54.720 F5400  ; DRAW LINE
G1 X59.660 Y58.805 F5400  ; DRAW LINE
G0 Z5.00               ; PEN UP

G0 X48.023 Y58.425   ; RAPID TO START
G1 Z0.00 F500    ; PEN DOWN
G4 P100           ; DWELL
G1 X49.115 Y57.903 F5400  ; DRAW LINE
G1 X48.023 Y58.425 F5400  ; DRAW LINE
G0 Z5.00               ; PEN UP

G0 X57.333 Y57.950   ; RAPID TO START
G1 Z0.00 F500    ; PEN DOWN
G4 P100           ; DWELL
G1 X59.185 Y56.382 F5400  ; DRAW LINE
G1 X56.383 Y53.580 F5400  ; DRAW LINE
G1 X55.385 Y55.623 F5400  ; DRAW LINE
G1 X57.333 Y57.950 F5400  ; DRAW LINE
G0 Z5.00               ; PEN UP

G0 X51.538 Y57.475   ; RAPID TO START
G1 Z0.00 F500    ; PEN DOWN
G4 P100           ; DWELL
G1 X54.720 Y55.718 F5400  ; DRAW LINE
G1 X51.538 Y57.475 F5400  ; DRAW LINE
G0 Z5.00               ; PEN UP

G0 X58.663 Y56.050   ; RAPID TO START
G1 Z0.00 F500    ; PEN DOWN
G4 P100           ; DWELL
G1 X60.990 Y53.722 F5400  ; DRAW LINE
G1 X58.615 Y51.680 F5400  ; DRAW LINE
G1 X56.591 Y53.330 F5400  ; DRAW LINE
G1 X58.663 Y56.050 F5400  ; DRAW LINE
G0 Z5.00               ; PEN UP

G0 X61.892 Y56.050   ; RAPID TO START
G1 Z0.00 F500    ; PEN DOWN
G4 P100           ; DWELL
G1 X63.175 Y51.965 F5400  ; DRAW LINE
G1 X61.227 Y53.655 F5400  ; DRAW LINE
G1 X61.892 Y56.050 F5400  ; DRAW LINE
G0 Z5.00               ; PEN UP

G0 X53.580 Y55.670   ; RAPID TO START
G1 Z0.00 F500    ; PEN DOWN
G4 P100           ; DWELL
G1 X56.050 Y53.532 F5400  ; DRAW LINE
G1 X53.580 Y55.670 F5400  ; DRAW LINE
G0 Z5.00               ; PEN UP

G0 X55.528 Y53.390   ; RAPID TO START
G1 Z0.00 F500    ; PEN DOWN
G4 P100           ; DWELL
G1 X57.473 Y51.681 F5400  ; DRAW LINE
G1 X55.528 Y53.390 F5400  ; DRAW LINE
G0 Z5.00               ; PEN UP

G0 X60.087 Y53.390   ; RAPID TO START
G1 Z0.00 F500    ; PEN DOWN
G4 P100           ; DWELL
G1 X62.700 Y51.917 F5400  ; DRAW LINE
G1 X60.230 Y49.685 F5400  ; DRAW LINE
G1 X58.900 Y51.442 F5400  ; DRAW LINE
G1 X60.087 Y53.390 F5400  ; DRAW LINE
G0 Z5.00               ; PEN UP

G0 X63.745 Y53.200   ; RAPID TO START
G1 Z0.00 F500    ; PEN DOWN
G4 P100           ; DWELL
G1 X66.215 Y50.968 F5400  ; DRAW LINE
G1 X65.787 Y49.685 F5400  ; DRAW LINE
G1 X63.365 Y51.822 F5400  ; DRAW LINE
G1 X63.745 Y53.200 F5400  ; DRAW LINE
G0 Z5.00               ; PEN UP

G0 X62.273 Y51.585   ; RAPID TO START
G1 Z0.00 F500    ; PEN DOWN
G4 P100           ; DWELL
G1 X65.481 Y49.577 F5400  ; DRAW LINE
G1 X62.178 Y46.645 F5400  ; DRAW LINE
G1 X60.420 Y49.637 F5400  ; DRAW LINE
G1 X62.273 Y51.585 F5400  ; DRAW LINE
G0 Z5.00               ; PEN UP

G0 X57.523 Y51.490   ; RAPID TO START
G1 Z0.00 F500    ; PEN DOWN
G4 P100           ; DWELL
G1 X59.850 Y49.400 F5400  ; DRAW LINE
G1 X58.568 Y49.115 F5400  ; DRAW LINE
G1 X57.523 Y51.490 F5400  ; DRAW LINE
G0 Z5.00               ; PEN UP

G0 X66.453 Y50.730   ; RAPID TO START
G1 Z0.00 F500    ; PEN DOWN
G4 P100           ; DWELL
G1 X68.875 Y49.162 F5400  ; DRAW LINE
G1 X68.448 Y47.595 F5400  ; DRAW LINE
G1 X66.120 Y49.352 F5400  ; DRAW LINE
G1 X66.453 Y50.730 F5400  ; DRAW LINE
G0 Z5.00               ; PEN UP

G0 X59.708 Y49.210   ; RAPID TO START
G1 Z0.00 F500    ; PEN DOWN
G4 P100           ; DWELL
G1 X61.845 Y46.550 F5400  ; DRAW LINE
G1 X59.945 Y45.980 F5400  ; DRAW LINE
G1 X58.710 Y48.782 F5400  ; DRAW LINE
G1 X59.708 Y49.210 F5400  ; DRAW LINE
G0 Z5.00               ; PEN UP

G0 X64.838 Y49.210   ; RAPID TO START
G1 Z0.00 F500    ; PEN DOWN
G4 P100           ; DWELL
G1 X68.034 Y47.356 F5400  ; DRAW LINE
G1 X64.647 Y43.510 F5400  ; DRAW LINE
G1 X62.415 Y46.502 F5400  ; DRAW LINE
G1 X64.838 Y49.210 F5400  ; DRAW LINE
G0 Z5.00               ; PEN UP

G0 X69.112 Y48.925   ; RAPID TO START
G1 Z0.00 F500    ; PEN DOWN
G4 P100           ; DWELL
G1 X72.390 Y47.500 F5400  ; DRAW LINE
G1 X71.392 Y45.125 F5400  ; DRAW LINE
G1 X68.685 Y47.262 F5400  ; DRAW LINE
G1 X69.112 Y48.925 F5400  ; DRAW LINE
G0 Z5.00               ; PEN UP

G0 X72.722 Y47.215   ; RAPID TO START
G1 Z0.00 F500    ; PEN DOWN
G4 P100           ; DWELL
G1 X76.475 Y45.268 F5400  ; DRAW LINE
G1 X75.715 Y41.752 F5400  ; DRAW LINE
G1 X73.340 Y43.415 F5400  ; DRAW LINE
G1 X75.050 Y44.222 F5400  ; DRAW LINE
G1 X71.725 Y44.792 F5400  ; DRAW LINE
G1 X72.722 Y47.215 F5400  ; DRAW LINE
G0 Z5.00               ; PEN UP

G0 X67.593 Y47.025   ; RAPID TO START
G1 Z0.00 F500    ; PEN DOWN
G4 P100           ; DWELL
G1 X71.169 Y44.791 F5400  ; DRAW LINE
G1 X68.400 Y43.178 F5400  ; DRAW LINE
G1 X67.450 Y40.375 F5400  ; DRAW LINE
G1 X64.980 Y43.748 F5400  ; DRAW LINE
G1 X67.593 Y47.025 F5400  ; DRAW LINE
G0 Z5.00               ; PEN UP

G0 X61.322 Y46.360   ; RAPID TO START
G1 Z0.00 F500    ; PEN DOWN
G4 P100           ; DWELL
G1 X64.220 Y43.463 F5400  ; DRAW LINE
G1 X62.083 Y43.320 F5400  ; DRAW LINE
G1 X60.325 Y45.743 F5400  ; DRAW LINE
G1 X61.322 Y46.360 F5400  ; DRAW LINE
G0 Z5.00               ; PEN UP

G0 X76.570 Y44.840   ; RAPID TO START
G1 Z0.00 F500    ; PEN DOWN
G4 P100           ; DWELL
G1 X78.470 Y39.900 F5400  ; DRAW LINE
G1 X75.969 Y41.778 F5400  ; DRAW LINE
G1 X76.570 Y44.840 F5400  ; DRAW LINE
G0 Z5.00               ; PEN UP

; END DRAWING
G0 Z5.00      ; PEN UP
G0 X0 Y0     ; RETURN TO ORIGIN
M2           ; PROGRAM END