Copyright 1986-2022 Xilinx, Inc. All Rights Reserved. Copyright 2022-2024 Advanced Micro Devices, Inc. All Rights Reserved.
------------------------------------------------------------------------------------------------------------------------------------------------------------------------------------------------------------------------------------------
| Tool Version : Vivado v.2024.2 (win64) Build 5239630 Fri Nov 08 22:35:27 MST 2024
| Date         : Thu Jun 26 22:27:46 2025
| Host         : Alex-PC running 64-bit major release  (build 9200)
| Command      : report_timing_summary -max_paths 10 -report_unconstrained -file CNC_Top_wrapper_timing_summary_routed.rpt -pb CNC_Top_wrapper_timing_summary_routed.pb -rpx CNC_Top_wrapper_timing_summary_routed.rpx -warn_on_violation
| Design       : CNC_Top_wrapper
| Device       : 7z020-clg484
| Speed File   : -1  PRODUCTION 1.12 2019-11-22
| Design State : Routed
------------------------------------------------------------------------------------------------------------------------------------------------------------------------------------------------------------------------------------------

Timing Summary Report

------------------------------------------------------------------------------------------------
| Timer Settings
| --------------
------------------------------------------------------------------------------------------------

  Enable Multi Corner Analysis               :  Yes
  Enable Pessimism Removal                   :  Yes
  Pessimism Removal Resolution               :  Nearest Common Node
  Enable Input Delay Default Clock           :  No
  Enable Preset / Clear Arcs                 :  No
  Disable Flight Delays                      :  No
  Ignore I/O Paths                           :  No
  Timing Early Launch at Borrowing Latches   :  No
  Borrow Time for Max Delay Exceptions       :  Yes
  Merge Timing Exceptions                    :  Yes
  Inter-SLR Compensation                     :  Conservative

  Corner  Analyze    Analyze    
  Name    Max Paths  Min Paths  
  ------  ---------  ---------  
  Slow    Yes        Yes        
  Fast    Yes        Yes        


------------------------------------------------------------------------------------------------
| Report Methodology
| ------------------
------------------------------------------------------------------------------------------------

Rule       Severity  Description                    Violations  
---------  --------  -----------------------------  ----------  
TIMING-18  Warning   Missing input or output delay  12          

Note: This report is based on the most recent report_methodology run and may not be up-to-date. Run report_methodology on the current design for the latest report.



check_timing report

Table of Contents
-----------------
1. checking no_clock (0)
2. checking constant_clock (0)
3. checking pulse_width_clock (0)
4. checking unconstrained_internal_endpoints (0)
5. checking no_input_delay (1)
6. checking no_output_delay (6)
7. checking multiple_clock (0)
8. checking generated_clocks (0)
9. checking loops (0)
10. checking partial_input_delay (0)
11. checking partial_output_delay (0)
12. checking latch_loops (0)

1. checking no_clock (0)
------------------------
 There are 0 register/latch pins with no clock.


2. checking constant_clock (0)
------------------------------
 There are 0 register/latch pins with constant_clock.


3. checking pulse_width_clock (0)
---------------------------------
 There are 0 register/latch pins which need pulse_width check


4. checking unconstrained_internal_endpoints (0)
------------------------------------------------
 There are 0 pins that are not constrained for maximum delay.

 There are 0 pins that are not constrained for maximum delay due to constant clock.


5. checking no_input_delay (1)
------------------------------
 There is 1 input port with no input delay specified. (HIGH)

 There are 0 input ports with no input delay but user has a false path constraint.


6. checking no_output_delay (6)
-------------------------------
 There are 6 ports with no output delay specified. (HIGH)

 There are 0 ports with no output delay but user has a false path constraint

 There are 0 ports with no output delay but with a timing clock defined on it or propagating through it


7. checking multiple_clock (0)
------------------------------
 There are 0 register/latch pins with multiple clocks.


8. checking generated_clocks (0)
--------------------------------
 There are 0 generated clocks that are not connected to a clock source.


9. checking loops (0)
---------------------
 There are 0 combinational loops in the design.


10. checking partial_input_delay (0)
------------------------------------
 There are 0 input ports with partial input delay specified.


11. checking partial_output_delay (0)
-------------------------------------
 There are 0 ports with partial output delay specified.


12. checking latch_loops (0)
----------------------------
 There are 0 combinational latch loops in the design through latch input



------------------------------------------------------------------------------------------------
| Design Timing Summary
| ---------------------
------------------------------------------------------------------------------------------------

    WNS(ns)      TNS(ns)  TNS Failing Endpoints  TNS Total Endpoints      WHS(ns)      THS(ns)  THS Failing Endpoints  THS Total Endpoints     WPWS(ns)     TPWS(ns)  TPWS Failing Endpoints  TPWS Total Endpoints  
    -------      -------  ---------------------  -------------------      -------      -------  ---------------------  -------------------     --------     --------  ----------------------  --------------------  
      0.806        0.000                      0                 1079        0.187        0.000                      0                 1079        3.000        0.000                       0                   445  


All user specified timing constraints are met.


------------------------------------------------------------------------------------------------
| Clock Summary
| -------------
------------------------------------------------------------------------------------------------

Clock                         Waveform(ns)       Period(ns)      Frequency(MHz)
-----                         ------------       ----------      --------------
sys_clock                     {0.000 5.000}      10.000          100.000         
  clk_out1_CNC_Top_clk_wiz_0  {0.000 5.000}      10.000          100.000         
  clkfbout_CNC_Top_clk_wiz_0  {0.000 5.000}      10.000          100.000         


------------------------------------------------------------------------------------------------
| Intra Clock Table
| -----------------
------------------------------------------------------------------------------------------------

Clock                             WNS(ns)      TNS(ns)  TNS Failing Endpoints  TNS Total Endpoints      WHS(ns)      THS(ns)  THS Failing Endpoints  THS Total Endpoints     WPWS(ns)     TPWS(ns)  TPWS Failing Endpoints  TPWS Total Endpoints  
-----                             -------      -------  ---------------------  -------------------      -------      -------  ---------------------  -------------------     --------     --------  ----------------------  --------------------  
sys_clock                                                                                                                                                                       3.000        0.000                       0                     1  
  clk_out1_CNC_Top_clk_wiz_0        0.806        0.000                      0                 1079        0.187        0.000                      0                 1079        4.500        0.000                       0                   441  
  clkfbout_CNC_Top_clk_wiz_0                                                                                                                                                    7.845        0.000                       0                     3  


------------------------------------------------------------------------------------------------
| Inter Clock Table
| -----------------
------------------------------------------------------------------------------------------------

From Clock    To Clock          WNS(ns)      TNS(ns)  TNS Failing Endpoints  TNS Total Endpoints      WHS(ns)      THS(ns)  THS Failing Endpoints  THS Total Endpoints  
----------    --------          -------      -------  ---------------------  -------------------      -------      -------  ---------------------  -------------------  


------------------------------------------------------------------------------------------------
| Other Path Groups Table
| -----------------------
------------------------------------------------------------------------------------------------

Path Group    From Clock    To Clock          WNS(ns)      TNS(ns)  TNS Failing Endpoints  TNS Total Endpoints      WHS(ns)      THS(ns)  THS Failing Endpoints  THS Total Endpoints  
----------    ----------    --------          -------      -------  ---------------------  -------------------      -------      -------  ---------------------  -------------------  


------------------------------------------------------------------------------------------------
| User Ignored Path Table
| -----------------------
------------------------------------------------------------------------------------------------

Path Group    From Clock    To Clock    
----------    ----------    --------    


------------------------------------------------------------------------------------------------
| Unconstrained Path Table
| ------------------------
------------------------------------------------------------------------------------------------

Path Group                  From Clock                  To Clock                  
----------                  ----------                  --------                  
(none)                                                                              
(none)                      clk_out1_CNC_Top_clk_wiz_0                              
(none)                      clkfbout_CNC_Top_clk_wiz_0                              
(none)                                                  clk_out1_CNC_Top_clk_wiz_0  


------------------------------------------------------------------------------------------------
| Timing Details
| --------------
------------------------------------------------------------------------------------------------


---------------------------------------------------------------------------------------------------
From Clock:  sys_clock
  To Clock:  sys_clock

Setup :           NA  Failing Endpoints,  Worst Slack           NA  ,  Total Violation           NA
Hold  :           NA  Failing Endpoints,  Worst Slack           NA  ,  Total Violation           NA
PW    :            0  Failing Endpoints,  Worst Slack        3.000ns,  Total Violation        0.000ns
---------------------------------------------------------------------------------------------------


Pulse Width Checks
--------------------------------------------------------------------------------------
Clock Name:         sys_clock
Waveform(ns):       { 0.000 5.000 }
Period(ns):         10.000
Sources:            { sys_clock }

Check Type        Corner  Lib Pin            Reference Pin  Required(ns)  Actual(ns)  Slack(ns)  Location         Pin
Min Period        n/a     MMCME2_ADV/CLKIN1  n/a            1.249         10.000      8.751      MMCME2_ADV_X1Y2  CNC_Top_i/clk_wiz/inst/mmcm_adv_inst/CLKIN1
Max Period        n/a     MMCME2_ADV/CLKIN1  n/a            100.000       10.000      90.000     MMCME2_ADV_X1Y2  CNC_Top_i/clk_wiz/inst/mmcm_adv_inst/CLKIN1
Low Pulse Width   Slow    MMCME2_ADV/CLKIN1  n/a            2.000         5.000       3.000      MMCME2_ADV_X1Y2  CNC_Top_i/clk_wiz/inst/mmcm_adv_inst/CLKIN1
Low Pulse Width   Fast    MMCME2_ADV/CLKIN1  n/a            2.000         5.000       3.000      MMCME2_ADV_X1Y2  CNC_Top_i/clk_wiz/inst/mmcm_adv_inst/CLKIN1
High Pulse Width  Slow    MMCME2_ADV/CLKIN1  n/a            2.000         5.000       3.000      MMCME2_ADV_X1Y2  CNC_Top_i/clk_wiz/inst/mmcm_adv_inst/CLKIN1
High Pulse Width  Fast    MMCME2_ADV/CLKIN1  n/a            2.000         5.000       3.000      MMCME2_ADV_X1Y2  CNC_Top_i/clk_wiz/inst/mmcm_adv_inst/CLKIN1



---------------------------------------------------------------------------------------------------
From Clock:  clk_out1_CNC_Top_clk_wiz_0
  To Clock:  clk_out1_CNC_Top_clk_wiz_0

Setup :            0  Failing Endpoints,  Worst Slack        0.806ns,  Total Violation        0.000ns
Hold  :            0  Failing Endpoints,  Worst Slack        0.187ns,  Total Violation        0.000ns
PW    :            0  Failing Endpoints,  Worst Slack        4.500ns,  Total Violation        0.000ns
---------------------------------------------------------------------------------------------------


Max Delay Paths
--------------------------------------------------------------------------------------
Slack (MET) :             0.806ns  (required time - arrival time)
  Source:                 CNC_Top_i/XYZ_Axis_Coordinator_0/inst/res_reg[0]/C
                            (rising edge-triggered cell FDRE clocked by clk_out1_CNC_Top_clk_wiz_0  {rise@0.000ns fall@5.000ns period=10.000ns})
  Destination:            CNC_Top_i/XYZ_Axis_Coordinator_0/inst/res_reg[63]/D
                            (rising edge-triggered cell FDRE clocked by clk_out1_CNC_Top_clk_wiz_0  {rise@0.000ns fall@5.000ns period=10.000ns})
  Path Group:             clk_out1_CNC_Top_clk_wiz_0
  Path Type:              Setup (Max at Slow Process Corner)
  Requirement:            10.000ns  (clk_out1_CNC_Top_clk_wiz_0 rise@10.000ns - clk_out1_CNC_Top_clk_wiz_0 rise@0.000ns)
  Data Path Delay:        8.866ns  (logic 6.141ns (69.265%)  route 2.725ns (30.735%))
  Logic Levels:           35  (CARRY4=32 LUT2=1 LUT3=1 LUT4=1)
  Clock Path Skew:        -0.056ns (DCD - SCD + CPR)
    Destination Clock Delay (DCD):    -2.096ns = ( 7.904 - 10.000 ) 
    Source Clock Delay      (SCD):    -1.410ns
    Clock Pessimism Removal (CPR):    0.630ns
  Clock Uncertainty:      0.074ns  ((TSJ^2 + DJ^2)^1/2) / 2 + PE
    Total System Jitter     (TSJ):    0.071ns
    Discrete Jitter          (DJ):    0.131ns
    Phase Error              (PE):    0.000ns

    Location             Delay type                Incr(ns)  Path(ns)    Netlist Resource(s)
  -------------------------------------------------------------------    -------------------
                         (clock clk_out1_CNC_Top_clk_wiz_0 rise edge)
                                                      0.000     0.000 r  
    C17                                               0.000     0.000 r  sys_clock (IN)
                         net (fo=0)                   0.000     0.000    CNC_Top_i/clk_wiz/inst/clk_in1
    C17                  IBUF (Prop_ibuf_I_O)         0.967     0.967 r  CNC_Top_i/clk_wiz/inst/clkin1_ibufg/O
                         net (fo=1, routed)           1.285     2.252    CNC_Top_i/clk_wiz/inst/clk_in1_CNC_Top_clk_wiz_0
    MMCME2_ADV_X1Y2      MMCME2_ADV (Prop_mmcme2_adv_CLKIN1_CLKOUT0)
                                                     -7.759    -5.507 r  CNC_Top_i/clk_wiz/inst/mmcm_adv_inst/CLKOUT0
                         net (fo=1, routed)           2.206    -3.301    CNC_Top_i/clk_wiz/inst/clk_out1_CNC_Top_clk_wiz_0
    BUFGCTRL_X0Y16       BUFG (Prop_bufg_I_O)         0.101    -3.200 r  CNC_Top_i/clk_wiz/inst/clkout1_buf/O
                         net (fo=439, routed)         1.790    -1.410    CNC_Top_i/XYZ_Axis_Coordinator_0/inst/clk
    SLICE_X99Y19         FDRE                                         r  CNC_Top_i/XYZ_Axis_Coordinator_0/inst/res_reg[0]/C
  -------------------------------------------------------------------    -------------------
    SLICE_X99Y19         FDRE (Prop_fdre_C_Q)         0.456    -0.954 r  CNC_Top_i/XYZ_Axis_Coordinator_0/inst/res_reg[0]/Q
                         net (fo=3, routed)           0.586    -0.368    CNC_Top_i/XYZ_Axis_Coordinator_0/inst/res_reg_n_0_[0]
    SLICE_X100Y19        LUT2 (Prop_lut2_I0_O)        0.124    -0.244 r  CNC_Top_i/XYZ_Axis_Coordinator_0/inst/val[7]_i_16/O
                         net (fo=1, routed)           0.000    -0.244    CNC_Top_i/XYZ_Axis_Coordinator_0/inst/val[7]_i_16_n_0
    SLICE_X100Y19        CARRY4 (Prop_carry4_S[0]_CO[3])
                                                      0.513     0.269 r  CNC_Top_i/XYZ_Axis_Coordinator_0/inst/val_reg[7]_i_10/CO[3]
                         net (fo=1, routed)           0.000     0.269    CNC_Top_i/XYZ_Axis_Coordinator_0/inst/val_reg[7]_i_10_n_0
    SLICE_X100Y20        CARRY4 (Prop_carry4_CI_CO[3])
                                                      0.117     0.386 r  CNC_Top_i/XYZ_Axis_Coordinator_0/inst/val_reg[11]_i_10/CO[3]
                         net (fo=1, routed)           0.000     0.386    CNC_Top_i/XYZ_Axis_Coordinator_0/inst/val_reg[11]_i_10_n_0
    SLICE_X100Y21        CARRY4 (Prop_carry4_CI_CO[3])
                                                      0.117     0.503 r  CNC_Top_i/XYZ_Axis_Coordinator_0/inst/val_reg[15]_i_10/CO[3]
                         net (fo=1, routed)           0.000     0.503    CNC_Top_i/XYZ_Axis_Coordinator_0/inst/val_reg[15]_i_10_n_0
    SLICE_X100Y22        CARRY4 (Prop_carry4_CI_CO[3])
                                                      0.117     0.620 r  CNC_Top_i/XYZ_Axis_Coordinator_0/inst/val_reg[19]_i_10/CO[3]
                         net (fo=1, routed)           0.000     0.620    CNC_Top_i/XYZ_Axis_Coordinator_0/inst/val_reg[19]_i_10_n_0
    SLICE_X100Y23        CARRY4 (Prop_carry4_CI_CO[3])
                                                      0.117     0.737 r  CNC_Top_i/XYZ_Axis_Coordinator_0/inst/val_reg[23]_i_10/CO[3]
                         net (fo=1, routed)           0.000     0.737    CNC_Top_i/XYZ_Axis_Coordinator_0/inst/val_reg[23]_i_10_n_0
    SLICE_X100Y24        CARRY4 (Prop_carry4_CI_CO[3])
                                                      0.117     0.854 r  CNC_Top_i/XYZ_Axis_Coordinator_0/inst/val_reg[27]_i_10/CO[3]
                         net (fo=1, routed)           0.009     0.863    CNC_Top_i/XYZ_Axis_Coordinator_0/inst/val_reg[27]_i_10_n_0
    SLICE_X100Y25        CARRY4 (Prop_carry4_CI_CO[3])
                                                      0.117     0.980 r  CNC_Top_i/XYZ_Axis_Coordinator_0/inst/val_reg[31]_i_10/CO[3]
                         net (fo=1, routed)           0.000     0.980    CNC_Top_i/XYZ_Axis_Coordinator_0/inst/val_reg[31]_i_10_n_0
    SLICE_X100Y26        CARRY4 (Prop_carry4_CI_CO[3])
                                                      0.117     1.097 r  CNC_Top_i/XYZ_Axis_Coordinator_0/inst/val_reg[35]_i_10/CO[3]
                         net (fo=1, routed)           0.000     1.097    CNC_Top_i/XYZ_Axis_Coordinator_0/inst/val_reg[35]_i_10_n_0
    SLICE_X100Y27        CARRY4 (Prop_carry4_CI_CO[3])
                                                      0.117     1.214 r  CNC_Top_i/XYZ_Axis_Coordinator_0/inst/val_reg[39]_i_10/CO[3]
                         net (fo=1, routed)           0.000     1.214    CNC_Top_i/XYZ_Axis_Coordinator_0/inst/val_reg[39]_i_10_n_0
    SLICE_X100Y28        CARRY4 (Prop_carry4_CI_CO[3])
                                                      0.117     1.331 r  CNC_Top_i/XYZ_Axis_Coordinator_0/inst/val_reg[43]_i_10/CO[3]
                         net (fo=1, routed)           0.000     1.331    CNC_Top_i/XYZ_Axis_Coordinator_0/inst/val_reg[43]_i_10_n_0
    SLICE_X100Y29        CARRY4 (Prop_carry4_CI_CO[3])
                                                      0.117     1.448 r  CNC_Top_i/XYZ_Axis_Coordinator_0/inst/val_reg[47]_i_10/CO[3]
                         net (fo=1, routed)           0.000     1.448    CNC_Top_i/XYZ_Axis_Coordinator_0/inst/val_reg[47]_i_10_n_0
    SLICE_X100Y30        CARRY4 (Prop_carry4_CI_CO[3])
                                                      0.117     1.565 r  CNC_Top_i/XYZ_Axis_Coordinator_0/inst/val_reg[51]_i_10/CO[3]
                         net (fo=1, routed)           0.000     1.565    CNC_Top_i/XYZ_Axis_Coordinator_0/inst/val_reg[51]_i_10_n_0
    SLICE_X100Y31        CARRY4 (Prop_carry4_CI_CO[3])
                                                      0.117     1.682 r  CNC_Top_i/XYZ_Axis_Coordinator_0/inst/val_reg[55]_i_10/CO[3]
                         net (fo=1, routed)           0.000     1.682    CNC_Top_i/XYZ_Axis_Coordinator_0/inst/val_reg[55]_i_10_n_0
    SLICE_X100Y32        CARRY4 (Prop_carry4_CI_CO[3])
                                                      0.117     1.799 r  CNC_Top_i/XYZ_Axis_Coordinator_0/inst/val_reg[59]_i_10/CO[3]
                         net (fo=1, routed)           0.000     1.799    CNC_Top_i/XYZ_Axis_Coordinator_0/inst/val_reg[59]_i_10_n_0
    SLICE_X100Y33        CARRY4 (Prop_carry4_CI_O[1])
                                                      0.323     2.122 r  CNC_Top_i/XYZ_Axis_Coordinator_0/inst/val_reg[63]_i_25/O[1]
                         net (fo=4, routed)           0.851     2.973    CNC_Top_i/XYZ_Axis_Coordinator_0/inst/val1__3[57]
    SLICE_X97Y28         LUT4 (Prop_lut4_I3_O)        0.306     3.279 r  CNC_Top_i/XYZ_Axis_Coordinator_0/inst/val[63]_i_20/O
                         net (fo=1, routed)           0.000     3.279    CNC_Top_i/XYZ_Axis_Coordinator_0/inst/val[63]_i_20_n_0
    SLICE_X97Y28         CARRY4 (Prop_carry4_S[0]_CO[3])
                                                      0.532     3.811 r  CNC_Top_i/XYZ_Axis_Coordinator_0/inst/val_reg[63]_i_4/CO[3]
                         net (fo=33, routed)          1.270     5.081    CNC_Top_i/XYZ_Axis_Coordinator_0/inst/val_reg[63]_i_4_n_0
    SLICE_X99Y19         LUT3 (Prop_lut3_I2_O)        0.124     5.205 r  CNC_Top_i/XYZ_Axis_Coordinator_0/inst/res[3]_i_3/O
                         net (fo=1, routed)           0.000     5.205    CNC_Top_i/XYZ_Axis_Coordinator_0/inst/res[3]_i_3_n_0
    SLICE_X99Y19         CARRY4 (Prop_carry4_S[0]_CO[3])
                                                      0.532     5.737 r  CNC_Top_i/XYZ_Axis_Coordinator_0/inst/res_reg[3]_i_1/CO[3]
                         net (fo=1, routed)           0.000     5.737    CNC_Top_i/XYZ_Axis_Coordinator_0/inst/res_reg[3]_i_1_n_0
    SLICE_X99Y20         CARRY4 (Prop_carry4_CI_CO[3])
                                                      0.114     5.851 r  CNC_Top_i/XYZ_Axis_Coordinator_0/inst/res_reg[7]_i_1/CO[3]
                         net (fo=1, routed)           0.000     5.851    CNC_Top_i/XYZ_Axis_Coordinator_0/inst/res_reg[7]_i_1_n_0
    SLICE_X99Y21         CARRY4 (Prop_carry4_CI_CO[3])
                                                      0.114     5.965 r  CNC_Top_i/XYZ_Axis_Coordinator_0/inst/res_reg[11]_i_1/CO[3]
                         net (fo=1, routed)           0.000     5.965    CNC_Top_i/XYZ_Axis_Coordinator_0/inst/res_reg[11]_i_1_n_0
    SLICE_X99Y22         CARRY4 (Prop_carry4_CI_CO[3])
                                                      0.114     6.079 r  CNC_Top_i/XYZ_Axis_Coordinator_0/inst/res_reg[15]_i_1/CO[3]
                         net (fo=1, routed)           0.000     6.079    CNC_Top_i/XYZ_Axis_Coordinator_0/inst/res_reg[15]_i_1_n_0
    SLICE_X99Y23         CARRY4 (Prop_carry4_CI_CO[3])
                                                      0.114     6.193 r  CNC_Top_i/XYZ_Axis_Coordinator_0/inst/res_reg[19]_i_1/CO[3]
                         net (fo=1, routed)           0.000     6.193    CNC_Top_i/XYZ_Axis_Coordinator_0/inst/res_reg[19]_i_1_n_0
    SLICE_X99Y24         CARRY4 (Prop_carry4_CI_CO[3])
                                                      0.114     6.307 r  CNC_Top_i/XYZ_Axis_Coordinator_0/inst/res_reg[23]_i_1/CO[3]
                         net (fo=1, routed)           0.009     6.316    CNC_Top_i/XYZ_Axis_Coordinator_0/inst/res_reg[23]_i_1_n_0
    SLICE_X99Y25         CARRY4 (Prop_carry4_CI_CO[3])
                                                      0.114     6.430 r  CNC_Top_i/XYZ_Axis_Coordinator_0/inst/res_reg[27]_i_1/CO[3]
                         net (fo=1, routed)           0.000     6.430    CNC_Top_i/XYZ_Axis_Coordinator_0/inst/res_reg[27]_i_1_n_0
    SLICE_X99Y26         CARRY4 (Prop_carry4_CI_CO[3])
                                                      0.114     6.544 r  CNC_Top_i/XYZ_Axis_Coordinator_0/inst/res_reg[31]_i_1/CO[3]
                         net (fo=1, routed)           0.000     6.544    CNC_Top_i/XYZ_Axis_Coordinator_0/inst/res_reg[31]_i_1_n_0
    SLICE_X99Y27         CARRY4 (Prop_carry4_CI_CO[3])
                                                      0.114     6.658 r  CNC_Top_i/XYZ_Axis_Coordinator_0/inst/res_reg[35]_i_1/CO[3]
                         net (fo=1, routed)           0.000     6.658    CNC_Top_i/XYZ_Axis_Coordinator_0/inst/res_reg[35]_i_1_n_0
    SLICE_X99Y28         CARRY4 (Prop_carry4_CI_CO[3])
                                                      0.114     6.772 r  CNC_Top_i/XYZ_Axis_Coordinator_0/inst/res_reg[39]_i_1/CO[3]
                         net (fo=1, routed)           0.000     6.772    CNC_Top_i/XYZ_Axis_Coordinator_0/inst/res_reg[39]_i_1_n_0
    SLICE_X99Y29         CARRY4 (Prop_carry4_CI_CO[3])
                                                      0.114     6.886 r  CNC_Top_i/XYZ_Axis_Coordinator_0/inst/res_reg[43]_i_1/CO[3]
                         net (fo=1, routed)           0.000     6.886    CNC_Top_i/XYZ_Axis_Coordinator_0/inst/res_reg[43]_i_1_n_0
    SLICE_X99Y30         CARRY4 (Prop_carry4_CI_CO[3])
                                                      0.114     7.000 r  CNC_Top_i/XYZ_Axis_Coordinator_0/inst/res_reg[47]_i_1/CO[3]
                         net (fo=1, routed)           0.000     7.000    CNC_Top_i/XYZ_Axis_Coordinator_0/inst/res_reg[47]_i_1_n_0
    SLICE_X99Y31         CARRY4 (Prop_carry4_CI_CO[3])
                                                      0.114     7.114 r  CNC_Top_i/XYZ_Axis_Coordinator_0/inst/res_reg[51]_i_1/CO[3]
                         net (fo=1, routed)           0.000     7.114    CNC_Top_i/XYZ_Axis_Coordinator_0/inst/res_reg[51]_i_1_n_0
    SLICE_X99Y32         CARRY4 (Prop_carry4_CI_CO[3])
                                                      0.114     7.228 r  CNC_Top_i/XYZ_Axis_Coordinator_0/inst/res_reg[55]_i_1/CO[3]
                         net (fo=1, routed)           0.000     7.228    CNC_Top_i/XYZ_Axis_Coordinator_0/inst/res_reg[55]_i_1_n_0
    SLICE_X99Y33         CARRY4 (Prop_carry4_CI_CO[3])
                                                      0.114     7.342 r  CNC_Top_i/XYZ_Axis_Coordinator_0/inst/res_reg[59]_i_1/CO[3]
                         net (fo=1, routed)           0.000     7.342    CNC_Top_i/XYZ_Axis_Coordinator_0/inst/res_reg[59]_i_1_n_0
    SLICE_X99Y34         CARRY4 (Prop_carry4_CI_CO[3])
                                                      0.114     7.456 r  CNC_Top_i/XYZ_Axis_Coordinator_0/inst/res_reg[63]_i_2/CO[3]
                         net (fo=1, routed)           0.000     7.456    CNC_Top_i/XYZ_Axis_Coordinator_0/inst/res1_in[63]
    SLICE_X99Y34         FDRE                                         r  CNC_Top_i/XYZ_Axis_Coordinator_0/inst/res_reg[63]/D
  -------------------------------------------------------------------    -------------------

                         (clock clk_out1_CNC_Top_clk_wiz_0 rise edge)
                                                     10.000    10.000 r  
    C17                                               0.000    10.000 r  sys_clock (IN)
                         net (fo=0)                   0.000    10.000    CNC_Top_i/clk_wiz/inst/clk_in1
    C17                  IBUF (Prop_ibuf_I_O)         0.833    10.833 r  CNC_Top_i/clk_wiz/inst/clkin1_ibufg/O
                         net (fo=1, routed)           1.162    11.995    CNC_Top_i/clk_wiz/inst/clk_in1_CNC_Top_clk_wiz_0
    MMCME2_ADV_X1Y2      MMCME2_ADV (Prop_mmcme2_adv_CLKIN1_CLKOUT0)
                                                     -7.814     4.181 r  CNC_Top_i/clk_wiz/inst/mmcm_adv_inst/CLKOUT0
                         net (fo=1, routed)           2.012     6.193    CNC_Top_i/clk_wiz/inst/clk_out1_CNC_Top_clk_wiz_0
    BUFGCTRL_X0Y16       BUFG (Prop_bufg_I_O)         0.091     6.284 r  CNC_Top_i/clk_wiz/inst/clkout1_buf/O
                         net (fo=439, routed)         1.619     7.904    CNC_Top_i/XYZ_Axis_Coordinator_0/inst/clk
    SLICE_X99Y34         FDRE                                         r  CNC_Top_i/XYZ_Axis_Coordinator_0/inst/res_reg[63]/C
                         clock pessimism              0.630     8.534    
                         clock uncertainty           -0.074     8.460    
    SLICE_X99Y34         FDRE (Setup_fdre_C_D)       -0.198     8.262    CNC_Top_i/XYZ_Axis_Coordinator_0/inst/res_reg[63]
  -------------------------------------------------------------------
                         required time                          8.262    
                         arrival time                          -7.456    
  -------------------------------------------------------------------
                         slack                                  0.806    

Slack (MET) :             0.846ns  (required time - arrival time)
  Source:                 CNC_Top_i/XYZ_Axis_Coordinator_0/inst/res_reg[0]/C
                            (rising edge-triggered cell FDRE clocked by clk_out1_CNC_Top_clk_wiz_0  {rise@0.000ns fall@5.000ns period=10.000ns})
  Destination:            CNC_Top_i/XYZ_Axis_Coordinator_0/inst/res_reg[61]/D
                            (rising edge-triggered cell FDRE clocked by clk_out1_CNC_Top_clk_wiz_0  {rise@0.000ns fall@5.000ns period=10.000ns})
  Path Group:             clk_out1_CNC_Top_clk_wiz_0
  Path Type:              Setup (Max at Slow Process Corner)
  Requirement:            10.000ns  (clk_out1_CNC_Top_clk_wiz_0 rise@10.000ns - clk_out1_CNC_Top_clk_wiz_0 rise@0.000ns)
  Data Path Delay:        9.086ns  (logic 6.361ns (70.010%)  route 2.725ns (29.990%))
  Logic Levels:           35  (CARRY4=32 LUT2=1 LUT3=1 LUT4=1)
  Clock Path Skew:        -0.056ns (DCD - SCD + CPR)
    Destination Clock Delay (DCD):    -2.096ns = ( 7.904 - 10.000 ) 
    Source Clock Delay      (SCD):    -1.410ns
    Clock Pessimism Removal (CPR):    0.630ns
  Clock Uncertainty:      0.074ns  ((TSJ^2 + DJ^2)^1/2) / 2 + PE
    Total System Jitter     (TSJ):    0.071ns
    Discrete Jitter          (DJ):    0.131ns
    Phase Error              (PE):    0.000ns

    Location             Delay type                Incr(ns)  Path(ns)    Netlist Resource(s)
  -------------------------------------------------------------------    -------------------
                         (clock clk_out1_CNC_Top_clk_wiz_0 rise edge)
                                                      0.000     0.000 r  
    C17                                               0.000     0.000 r  sys_clock (IN)
                         net (fo=0)                   0.000     0.000    CNC_Top_i/clk_wiz/inst/clk_in1
    C17                  IBUF (Prop_ibuf_I_O)         0.967     0.967 r  CNC_Top_i/clk_wiz/inst/clkin1_ibufg/O
                         net (fo=1, routed)           1.285     2.252    CNC_Top_i/clk_wiz/inst/clk_in1_CNC_Top_clk_wiz_0
    MMCME2_ADV_X1Y2      MMCME2_ADV (Prop_mmcme2_adv_CLKIN1_CLKOUT0)
                                                     -7.759    -5.507 r  CNC_Top_i/clk_wiz/inst/mmcm_adv_inst/CLKOUT0
                         net (fo=1, routed)           2.206    -3.301    CNC_Top_i/clk_wiz/inst/clk_out1_CNC_Top_clk_wiz_0
    BUFGCTRL_X0Y16       BUFG (Prop_bufg_I_O)         0.101    -3.200 r  CNC_Top_i/clk_wiz/inst/clkout1_buf/O
                         net (fo=439, routed)         1.790    -1.410    CNC_Top_i/XYZ_Axis_Coordinator_0/inst/clk
    SLICE_X99Y19         FDRE                                         r  CNC_Top_i/XYZ_Axis_Coordinator_0/inst/res_reg[0]/C
  -------------------------------------------------------------------    -------------------
    SLICE_X99Y19         FDRE (Prop_fdre_C_Q)         0.456    -0.954 r  CNC_Top_i/XYZ_Axis_Coordinator_0/inst/res_reg[0]/Q
                         net (fo=3, routed)           0.586    -0.368    CNC_Top_i/XYZ_Axis_Coordinator_0/inst/res_reg_n_0_[0]
    SLICE_X100Y19        LUT2 (Prop_lut2_I0_O)        0.124    -0.244 r  CNC_Top_i/XYZ_Axis_Coordinator_0/inst/val[7]_i_16/O
                         net (fo=1, routed)           0.000    -0.244    CNC_Top_i/XYZ_Axis_Coordinator_0/inst/val[7]_i_16_n_0
    SLICE_X100Y19        CARRY4 (Prop_carry4_S[0]_CO[3])
                                                      0.513     0.269 r  CNC_Top_i/XYZ_Axis_Coordinator_0/inst/val_reg[7]_i_10/CO[3]
                         net (fo=1, routed)           0.000     0.269    CNC_Top_i/XYZ_Axis_Coordinator_0/inst/val_reg[7]_i_10_n_0
    SLICE_X100Y20        CARRY4 (Prop_carry4_CI_CO[3])
                                                      0.117     0.386 r  CNC_Top_i/XYZ_Axis_Coordinator_0/inst/val_reg[11]_i_10/CO[3]
                         net (fo=1, routed)           0.000     0.386    CNC_Top_i/XYZ_Axis_Coordinator_0/inst/val_reg[11]_i_10_n_0
    SLICE_X100Y21        CARRY4 (Prop_carry4_CI_CO[3])
                                                      0.117     0.503 r  CNC_Top_i/XYZ_Axis_Coordinator_0/inst/val_reg[15]_i_10/CO[3]
                         net (fo=1, routed)           0.000     0.503    CNC_Top_i/XYZ_Axis_Coordinator_0/inst/val_reg[15]_i_10_n_0
    SLICE_X100Y22        CARRY4 (Prop_carry4_CI_CO[3])
                                                      0.117     0.620 r  CNC_Top_i/XYZ_Axis_Coordinator_0/inst/val_reg[19]_i_10/CO[3]
                         net (fo=1, routed)           0.000     0.620    CNC_Top_i/XYZ_Axis_Coordinator_0/inst/val_reg[19]_i_10_n_0
    SLICE_X100Y23        CARRY4 (Prop_carry4_CI_CO[3])
                                                      0.117     0.737 r  CNC_Top_i/XYZ_Axis_Coordinator_0/inst/val_reg[23]_i_10/CO[3]
                         net (fo=1, routed)           0.000     0.737    CNC_Top_i/XYZ_Axis_Coordinator_0/inst/val_reg[23]_i_10_n_0
    SLICE_X100Y24        CARRY4 (Prop_carry4_CI_CO[3])
                                                      0.117     0.854 r  CNC_Top_i/XYZ_Axis_Coordinator_0/inst/val_reg[27]_i_10/CO[3]
                         net (fo=1, routed)           0.009     0.863    CNC_Top_i/XYZ_Axis_Coordinator_0/inst/val_reg[27]_i_10_n_0
    SLICE_X100Y25        CARRY4 (Prop_carry4_CI_CO[3])
                                                      0.117     0.980 r  CNC_Top_i/XYZ_Axis_Coordinator_0/inst/val_reg[31]_i_10/CO[3]
                         net (fo=1, routed)           0.000     0.980    CNC_Top_i/XYZ_Axis_Coordinator_0/inst/val_reg[31]_i_10_n_0
    SLICE_X100Y26        CARRY4 (Prop_carry4_CI_CO[3])
                                                      0.117     1.097 r  CNC_Top_i/XYZ_Axis_Coordinator_0/inst/val_reg[35]_i_10/CO[3]
                         net (fo=1, routed)           0.000     1.097    CNC_Top_i/XYZ_Axis_Coordinator_0/inst/val_reg[35]_i_10_n_0
    SLICE_X100Y27        CARRY4 (Prop_carry4_CI_CO[3])
                                                      0.117     1.214 r  CNC_Top_i/XYZ_Axis_Coordinator_0/inst/val_reg[39]_i_10/CO[3]
                         net (fo=1, routed)           0.000     1.214    CNC_Top_i/XYZ_Axis_Coordinator_0/inst/val_reg[39]_i_10_n_0
    SLICE_X100Y28        CARRY4 (Prop_carry4_CI_CO[3])
                                                      0.117     1.331 r  CNC_Top_i/XYZ_Axis_Coordinator_0/inst/val_reg[43]_i_10/CO[3]
                         net (fo=1, routed)           0.000     1.331    CNC_Top_i/XYZ_Axis_Coordinator_0/inst/val_reg[43]_i_10_n_0
    SLICE_X100Y29        CARRY4 (Prop_carry4_CI_CO[3])
                                                      0.117     1.448 r  CNC_Top_i/XYZ_Axis_Coordinator_0/inst/val_reg[47]_i_10/CO[3]
                         net (fo=1, routed)           0.000     1.448    CNC_Top_i/XYZ_Axis_Coordinator_0/inst/val_reg[47]_i_10_n_0
    SLICE_X100Y30        CARRY4 (Prop_carry4_CI_CO[3])
                                                      0.117     1.565 r  CNC_Top_i/XYZ_Axis_Coordinator_0/inst/val_reg[51]_i_10/CO[3]
                         net (fo=1, routed)           0.000     1.565    CNC_Top_i/XYZ_Axis_Coordinator_0/inst/val_reg[51]_i_10_n_0
    SLICE_X100Y31        CARRY4 (Prop_carry4_CI_CO[3])
                                                      0.117     1.682 r  CNC_Top_i/XYZ_Axis_Coordinator_0/inst/val_reg[55]_i_10/CO[3]
                         net (fo=1, routed)           0.000     1.682    CNC_Top_i/XYZ_Axis_Coordinator_0/inst/val_reg[55]_i_10_n_0
    SLICE_X100Y32        CARRY4 (Prop_carry4_CI_CO[3])
                                                      0.117     1.799 r  CNC_Top_i/XYZ_Axis_Coordinator_0/inst/val_reg[59]_i_10/CO[3]
                         net (fo=1, routed)           0.000     1.799    CNC_Top_i/XYZ_Axis_Coordinator_0/inst/val_reg[59]_i_10_n_0
    SLICE_X100Y33        CARRY4 (Prop_carry4_CI_O[1])
                                                      0.323     2.122 r  CNC_Top_i/XYZ_Axis_Coordinator_0/inst/val_reg[63]_i_25/O[1]
                         net (fo=4, routed)           0.851     2.973    CNC_Top_i/XYZ_Axis_Coordinator_0/inst/val1__3[57]
    SLICE_X97Y28         LUT4 (Prop_lut4_I3_O)        0.306     3.279 r  CNC_Top_i/XYZ_Axis_Coordinator_0/inst/val[63]_i_20/O
                         net (fo=1, routed)           0.000     3.279    CNC_Top_i/XYZ_Axis_Coordinator_0/inst/val[63]_i_20_n_0
    SLICE_X97Y28         CARRY4 (Prop_carry4_S[0]_CO[3])
                                                      0.532     3.811 r  CNC_Top_i/XYZ_Axis_Coordinator_0/inst/val_reg[63]_i_4/CO[3]
                         net (fo=33, routed)          1.270     5.081    CNC_Top_i/XYZ_Axis_Coordinator_0/inst/val_reg[63]_i_4_n_0
    SLICE_X99Y19         LUT3 (Prop_lut3_I2_O)        0.124     5.205 r  CNC_Top_i/XYZ_Axis_Coordinator_0/inst/res[3]_i_3/O
                         net (fo=1, routed)           0.000     5.205    CNC_Top_i/XYZ_Axis_Coordinator_0/inst/res[3]_i_3_n_0
    SLICE_X99Y19         CARRY4 (Prop_carry4_S[0]_CO[3])
                                                      0.532     5.737 r  CNC_Top_i/XYZ_Axis_Coordinator_0/inst/res_reg[3]_i_1/CO[3]
                         net (fo=1, routed)           0.000     5.737    CNC_Top_i/XYZ_Axis_Coordinator_0/inst/res_reg[3]_i_1_n_0
    SLICE_X99Y20         CARRY4 (Prop_carry4_CI_CO[3])
                                                      0.114     5.851 r  CNC_Top_i/XYZ_Axis_Coordinator_0/inst/res_reg[7]_i_1/CO[3]
                         net (fo=1, routed)           0.000     5.851    CNC_Top_i/XYZ_Axis_Coordinator_0/inst/res_reg[7]_i_1_n_0
    SLICE_X99Y21         CARRY4 (Prop_carry4_CI_CO[3])
                                                      0.114     5.965 r  CNC_Top_i/XYZ_Axis_Coordinator_0/inst/res_reg[11]_i_1/CO[3]
                         net (fo=1, routed)           0.000     5.965    CNC_Top_i/XYZ_Axis_Coordinator_0/inst/res_reg[11]_i_1_n_0
    SLICE_X99Y22         CARRY4 (Prop_carry4_CI_CO[3])
                                                      0.114     6.079 r  CNC_Top_i/XYZ_Axis_Coordinator_0/inst/res_reg[15]_i_1/CO[3]
                         net (fo=1, routed)           0.000     6.079    CNC_Top_i/XYZ_Axis_Coordinator_0/inst/res_reg[15]_i_1_n_0
    SLICE_X99Y23         CARRY4 (Prop_carry4_CI_CO[3])
                                                      0.114     6.193 r  CNC_Top_i/XYZ_Axis_Coordinator_0/inst/res_reg[19]_i_1/CO[3]
                         net (fo=1, routed)           0.000     6.193    CNC_Top_i/XYZ_Axis_Coordinator_0/inst/res_reg[19]_i_1_n_0
    SLICE_X99Y24         CARRY4 (Prop_carry4_CI_CO[3])
                                                      0.114     6.307 r  CNC_Top_i/XYZ_Axis_Coordinator_0/inst/res_reg[23]_i_1/CO[3]
                         net (fo=1, routed)           0.009     6.316    CNC_Top_i/XYZ_Axis_Coordinator_0/inst/res_reg[23]_i_1_n_0
    SLICE_X99Y25         CARRY4 (Prop_carry4_CI_CO[3])
                                                      0.114     6.430 r  CNC_Top_i/XYZ_Axis_Coordinator_0/inst/res_reg[27]_i_1/CO[3]
                         net (fo=1, routed)           0.000     6.430    CNC_Top_i/XYZ_Axis_Coordinator_0/inst/res_reg[27]_i_1_n_0
    SLICE_X99Y26         CARRY4 (Prop_carry4_CI_CO[3])
                                                      0.114     6.544 r  CNC_Top_i/XYZ_Axis_Coordinator_0/inst/res_reg[31]_i_1/CO[3]
                         net (fo=1, routed)           0.000     6.544    CNC_Top_i/XYZ_Axis_Coordinator_0/inst/res_reg[31]_i_1_n_0
    SLICE_X99Y27         CARRY4 (Prop_carry4_CI_CO[3])
                                                      0.114     6.658 r  CNC_Top_i/XYZ_Axis_Coordinator_0/inst/res_reg[35]_i_1/CO[3]
                         net (fo=1, routed)           0.000     6.658    CNC_Top_i/XYZ_Axis_Coordinator_0/inst/res_reg[35]_i_1_n_0
    SLICE_X99Y28         CARRY4 (Prop_carry4_CI_CO[3])
                                                      0.114     6.772 r  CNC_Top_i/XYZ_Axis_Coordinator_0/inst/res_reg[39]_i_1/CO[3]
                         net (fo=1, routed)           0.000     6.772    CNC_Top_i/XYZ_Axis_Coordinator_0/inst/res_reg[39]_i_1_n_0
    SLICE_X99Y29         CARRY4 (Prop_carry4_CI_CO[3])
                                                      0.114     6.886 r  CNC_Top_i/XYZ_Axis_Coordinator_0/inst/res_reg[43]_i_1/CO[3]
                         net (fo=1, routed)           0.000     6.886    CNC_Top_i/XYZ_Axis_Coordinator_0/inst/res_reg[43]_i_1_n_0
    SLICE_X99Y30         CARRY4 (Prop_carry4_CI_CO[3])
                                                      0.114     7.000 r  CNC_Top_i/XYZ_Axis_Coordinator_0/inst/res_reg[47]_i_1/CO[3]
                         net (fo=1, routed)           0.000     7.000    CNC_Top_i/XYZ_Axis_Coordinator_0/inst/res_reg[47]_i_1_n_0
    SLICE_X99Y31         CARRY4 (Prop_carry4_CI_CO[3])
                                                      0.114     7.114 r  CNC_Top_i/XYZ_Axis_Coordinator_0/inst/res_reg[51]_i_1/CO[3]
                         net (fo=1, routed)           0.000     7.114    CNC_Top_i/XYZ_Axis_Coordinator_0/inst/res_reg[51]_i_1_n_0
    SLICE_X99Y32         CARRY4 (Prop_carry4_CI_CO[3])
                                                      0.114     7.228 r  CNC_Top_i/XYZ_Axis_Coordinator_0/inst/res_reg[55]_i_1/CO[3]
                         net (fo=1, routed)           0.000     7.228    CNC_Top_i/XYZ_Axis_Coordinator_0/inst/res_reg[55]_i_1_n_0
    SLICE_X99Y33         CARRY4 (Prop_carry4_CI_CO[3])
                                                      0.114     7.342 r  CNC_Top_i/XYZ_Axis_Coordinator_0/inst/res_reg[59]_i_1/CO[3]
                         net (fo=1, routed)           0.000     7.342    CNC_Top_i/XYZ_Axis_Coordinator_0/inst/res_reg[59]_i_1_n_0
    SLICE_X99Y34         CARRY4 (Prop_carry4_CI_O[1])
                                                      0.334     7.676 r  CNC_Top_i/XYZ_Axis_Coordinator_0/inst/res_reg[63]_i_2/O[1]
                         net (fo=1, routed)           0.000     7.676    CNC_Top_i/XYZ_Axis_Coordinator_0/inst/res1_in[61]
    SLICE_X99Y34         FDRE                                         r  CNC_Top_i/XYZ_Axis_Coordinator_0/inst/res_reg[61]/D
  -------------------------------------------------------------------    -------------------

                         (clock clk_out1_CNC_Top_clk_wiz_0 rise edge)
                                                     10.000    10.000 r  
    C17                                               0.000    10.000 r  sys_clock (IN)
                         net (fo=0)                   0.000    10.000    CNC_Top_i/clk_wiz/inst/clk_in1
    C17                  IBUF (Prop_ibuf_I_O)         0.833    10.833 r  CNC_Top_i/clk_wiz/inst/clkin1_ibufg/O
                         net (fo=1, routed)           1.162    11.995    CNC_Top_i/clk_wiz/inst/clk_in1_CNC_Top_clk_wiz_0
    MMCME2_ADV_X1Y2      MMCME2_ADV (Prop_mmcme2_adv_CLKIN1_CLKOUT0)
                                                     -7.814     4.181 r  CNC_Top_i/clk_wiz/inst/mmcm_adv_inst/CLKOUT0
                         net (fo=1, routed)           2.012     6.193    CNC_Top_i/clk_wiz/inst/clk_out1_CNC_Top_clk_wiz_0
    BUFGCTRL_X0Y16       BUFG (Prop_bufg_I_O)         0.091     6.284 r  CNC_Top_i/clk_wiz/inst/clkout1_buf/O
                         net (fo=439, routed)         1.619     7.904    CNC_Top_i/XYZ_Axis_Coordinator_0/inst/clk
    SLICE_X99Y34         FDRE                                         r  CNC_Top_i/XYZ_Axis_Coordinator_0/inst/res_reg[61]/C
                         clock pessimism              0.630     8.534    
                         clock uncertainty           -0.074     8.460    
    SLICE_X99Y34         FDRE (Setup_fdre_C_D)        0.062     8.522    CNC_Top_i/XYZ_Axis_Coordinator_0/inst/res_reg[61]
  -------------------------------------------------------------------
                         required time                          8.522    
                         arrival time                          -7.676    
  -------------------------------------------------------------------
                         slack                                  0.846    

Slack (MET) :             0.941ns  (required time - arrival time)
  Source:                 CNC_Top_i/XYZ_Axis_Coordinator_0/inst/res_reg[0]/C
                            (rising edge-triggered cell FDRE clocked by clk_out1_CNC_Top_clk_wiz_0  {rise@0.000ns fall@5.000ns period=10.000ns})
  Destination:            CNC_Top_i/XYZ_Axis_Coordinator_0/inst/res_reg[62]/D
                            (rising edge-triggered cell FDRE clocked by clk_out1_CNC_Top_clk_wiz_0  {rise@0.000ns fall@5.000ns period=10.000ns})
  Path Group:             clk_out1_CNC_Top_clk_wiz_0
  Path Type:              Setup (Max at Slow Process Corner)
  Requirement:            10.000ns  (clk_out1_CNC_Top_clk_wiz_0 rise@10.000ns - clk_out1_CNC_Top_clk_wiz_0 rise@0.000ns)
  Data Path Delay:        8.991ns  (logic 6.266ns (69.693%)  route 2.725ns (30.307%))
  Logic Levels:           35  (CARRY4=32 LUT2=1 LUT3=1 LUT4=1)
  Clock Path Skew:        -0.056ns (DCD - SCD + CPR)
    Destination Clock Delay (DCD):    -2.096ns = ( 7.904 - 10.000 ) 
    Source Clock Delay      (SCD):    -1.410ns
    Clock Pessimism Removal (CPR):    0.630ns
  Clock Uncertainty:      0.074ns  ((TSJ^2 + DJ^2)^1/2) / 2 + PE
    Total System Jitter     (TSJ):    0.071ns
    Discrete Jitter          (DJ):    0.131ns
    Phase Error              (PE):    0.000ns

    Location             Delay type                Incr(ns)  Path(ns)    Netlist Resource(s)
  -------------------------------------------------------------------    -------------------
                         (clock clk_out1_CNC_Top_clk_wiz_0 rise edge)
                                                      0.000     0.000 r  
    C17                                               0.000     0.000 r  sys_clock (IN)
                         net (fo=0)                   0.000     0.000    CNC_Top_i/clk_wiz/inst/clk_in1
    C17                  IBUF (Prop_ibuf_I_O)         0.967     0.967 r  CNC_Top_i/clk_wiz/inst/clkin1_ibufg/O
                         net (fo=1, routed)           1.285     2.252    CNC_Top_i/clk_wiz/inst/clk_in1_CNC_Top_clk_wiz_0
    MMCME2_ADV_X1Y2      MMCME2_ADV (Prop_mmcme2_adv_CLKIN1_CLKOUT0)
                                                     -7.759    -5.507 r  CNC_Top_i/clk_wiz/inst/mmcm_adv_inst/CLKOUT0
                         net (fo=1, routed)           2.206    -3.301    CNC_Top_i/clk_wiz/inst/clk_out1_CNC_Top_clk_wiz_0
    BUFGCTRL_X0Y16       BUFG (Prop_bufg_I_O)         0.101    -3.200 r  CNC_Top_i/clk_wiz/inst/clkout1_buf/O
                         net (fo=439, routed)         1.790    -1.410    CNC_Top_i/XYZ_Axis_Coordinator_0/inst/clk
    SLICE_X99Y19         FDRE                                         r  CNC_Top_i/XYZ_Axis_Coordinator_0/inst/res_reg[0]/C
  -------------------------------------------------------------------    -------------------
    SLICE_X99Y19         FDRE (Prop_fdre_C_Q)         0.456    -0.954 r  CNC_Top_i/XYZ_Axis_Coordinator_0/inst/res_reg[0]/Q
                         net (fo=3, routed)           0.586    -0.368    CNC_Top_i/XYZ_Axis_Coordinator_0/inst/res_reg_n_0_[0]
    SLICE_X100Y19        LUT2 (Prop_lut2_I0_O)        0.124    -0.244 r  CNC_Top_i/XYZ_Axis_Coordinator_0/inst/val[7]_i_16/O
                         net (fo=1, routed)           0.000    -0.244    CNC_Top_i/XYZ_Axis_Coordinator_0/inst/val[7]_i_16_n_0
    SLICE_X100Y19        CARRY4 (Prop_carry4_S[0]_CO[3])
                                                      0.513     0.269 r  CNC_Top_i/XYZ_Axis_Coordinator_0/inst/val_reg[7]_i_10/CO[3]
                         net (fo=1, routed)           0.000     0.269    CNC_Top_i/XYZ_Axis_Coordinator_0/inst/val_reg[7]_i_10_n_0
    SLICE_X100Y20        CARRY4 (Prop_carry4_CI_CO[3])
                                                      0.117     0.386 r  CNC_Top_i/XYZ_Axis_Coordinator_0/inst/val_reg[11]_i_10/CO[3]
                         net (fo=1, routed)           0.000     0.386    CNC_Top_i/XYZ_Axis_Coordinator_0/inst/val_reg[11]_i_10_n_0
    SLICE_X100Y21        CARRY4 (Prop_carry4_CI_CO[3])
                                                      0.117     0.503 r  CNC_Top_i/XYZ_Axis_Coordinator_0/inst/val_reg[15]_i_10/CO[3]
                         net (fo=1, routed)           0.000     0.503    CNC_Top_i/XYZ_Axis_Coordinator_0/inst/val_reg[15]_i_10_n_0
    SLICE_X100Y22        CARRY4 (Prop_carry4_CI_CO[3])
                                                      0.117     0.620 r  CNC_Top_i/XYZ_Axis_Coordinator_0/inst/val_reg[19]_i_10/CO[3]
                         net (fo=1, routed)           0.000     0.620    CNC_Top_i/XYZ_Axis_Coordinator_0/inst/val_reg[19]_i_10_n_0
    SLICE_X100Y23        CARRY4 (Prop_carry4_CI_CO[3])
                                                      0.117     0.737 r  CNC_Top_i/XYZ_Axis_Coordinator_0/inst/val_reg[23]_i_10/CO[3]
                         net (fo=1, routed)           0.000     0.737    CNC_Top_i/XYZ_Axis_Coordinator_0/inst/val_reg[23]_i_10_n_0
    SLICE_X100Y24        CARRY4 (Prop_carry4_CI_CO[3])
                                                      0.117     0.854 r  CNC_Top_i/XYZ_Axis_Coordinator_0/inst/val_reg[27]_i_10/CO[3]
                         net (fo=1, routed)           0.009     0.863    CNC_Top_i/XYZ_Axis_Coordinator_0/inst/val_reg[27]_i_10_n_0
    SLICE_X100Y25        CARRY4 (Prop_carry4_CI_CO[3])
                                                      0.117     0.980 r  CNC_Top_i/XYZ_Axis_Coordinator_0/inst/val_reg[31]_i_10/CO[3]
                         net (fo=1, routed)           0.000     0.980    CNC_Top_i/XYZ_Axis_Coordinator_0/inst/val_reg[31]_i_10_n_0
    SLICE_X100Y26        CARRY4 (Prop_carry4_CI_CO[3])
                                                      0.117     1.097 r  CNC_Top_i/XYZ_Axis_Coordinator_0/inst/val_reg[35]_i_10/CO[3]
                         net (fo=1, routed)           0.000     1.097    CNC_Top_i/XYZ_Axis_Coordinator_0/inst/val_reg[35]_i_10_n_0
    SLICE_X100Y27        CARRY4 (Prop_carry4_CI_CO[3])
                                                      0.117     1.214 r  CNC_Top_i/XYZ_Axis_Coordinator_0/inst/val_reg[39]_i_10/CO[3]
                         net (fo=1, routed)           0.000     1.214    CNC_Top_i/XYZ_Axis_Coordinator_0/inst/val_reg[39]_i_10_n_0
    SLICE_X100Y28        CARRY4 (Prop_carry4_CI_CO[3])
                                                      0.117     1.331 r  CNC_Top_i/XYZ_Axis_Coordinator_0/inst/val_reg[43]_i_10/CO[3]
                         net (fo=1, routed)           0.000     1.331    CNC_Top_i/XYZ_Axis_Coordinator_0/inst/val_reg[43]_i_10_n_0
    SLICE_X100Y29        CARRY4 (Prop_carry4_CI_CO[3])
                                                      0.117     1.448 r  CNC_Top_i/XYZ_Axis_Coordinator_0/inst/val_reg[47]_i_10/CO[3]
                         net (fo=1, routed)           0.000     1.448    CNC_Top_i/XYZ_Axis_Coordinator_0/inst/val_reg[47]_i_10_n_0
    SLICE_X100Y30        CARRY4 (Prop_carry4_CI_CO[3])
                                                      0.117     1.565 r  CNC_Top_i/XYZ_Axis_Coordinator_0/inst/val_reg[51]_i_10/CO[3]
                         net (fo=1, routed)           0.000     1.565    CNC_Top_i/XYZ_Axis_Coordinator_0/inst/val_reg[51]_i_10_n_0
    SLICE_X100Y31        CARRY4 (Prop_carry4_CI_CO[3])
                                                      0.117     1.682 r  CNC_Top_i/XYZ_Axis_Coordinator_0/inst/val_reg[55]_i_10/CO[3]
                         net (fo=1, routed)           0.000     1.682    CNC_Top_i/XYZ_Axis_Coordinator_0/inst/val_reg[55]_i_10_n_0
    SLICE_X100Y32        CARRY4 (Prop_carry4_CI_CO[3])
                                                      0.117     1.799 r  CNC_Top_i/XYZ_Axis_Coordinator_0/inst/val_reg[59]_i_10/CO[3]
                         net (fo=1, routed)           0.000     1.799    CNC_Top_i/XYZ_Axis_Coordinator_0/inst/val_reg[59]_i_10_n_0
    SLICE_X100Y33        CARRY4 (Prop_carry4_CI_O[1])
                                                      0.323     2.122 r  CNC_Top_i/XYZ_Axis_Coordinator_0/inst/val_reg[63]_i_25/O[1]
                         net (fo=4, routed)           0.851     2.973    CNC_Top_i/XYZ_Axis_Coordinator_0/inst/val1__3[57]
    SLICE_X97Y28         LUT4 (Prop_lut4_I3_O)        0.306     3.279 r  CNC_Top_i/XYZ_Axis_Coordinator_0/inst/val[63]_i_20/O
                         net (fo=1, routed)           0.000     3.279    CNC_Top_i/XYZ_Axis_Coordinator_0/inst/val[63]_i_20_n_0
    SLICE_X97Y28         CARRY4 (Prop_carry4_S[0]_CO[3])
                                                      0.532     3.811 r  CNC_Top_i/XYZ_Axis_Coordinator_0/inst/val_reg[63]_i_4/CO[3]
                         net (fo=33, routed)          1.270     5.081    CNC_Top_i/XYZ_Axis_Coordinator_0/inst/val_reg[63]_i_4_n_0
    SLICE_X99Y19         LUT3 (Prop_lut3_I2_O)        0.124     5.205 r  CNC_Top_i/XYZ_Axis_Coordinator_0/inst/res[3]_i_3/O
                         net (fo=1, routed)           0.000     5.205    CNC_Top_i/XYZ_Axis_Coordinator_0/inst/res[3]_i_3_n_0
    SLICE_X99Y19         CARRY4 (Prop_carry4_S[0]_CO[3])
                                                      0.532     5.737 r  CNC_Top_i/XYZ_Axis_Coordinator_0/inst/res_reg[3]_i_1/CO[3]
                         net (fo=1, routed)           0.000     5.737    CNC_Top_i/XYZ_Axis_Coordinator_0/inst/res_reg[3]_i_1_n_0
    SLICE_X99Y20         CARRY4 (Prop_carry4_CI_CO[3])
                                                      0.114     5.851 r  CNC_Top_i/XYZ_Axis_Coordinator_0/inst/res_reg[7]_i_1/CO[3]
                         net (fo=1, routed)           0.000     5.851    CNC_Top_i/XYZ_Axis_Coordinator_0/inst/res_reg[7]_i_1_n_0
    SLICE_X99Y21         CARRY4 (Prop_carry4_CI_CO[3])
                                                      0.114     5.965 r  CNC_Top_i/XYZ_Axis_Coordinator_0/inst/res_reg[11]_i_1/CO[3]
                         net (fo=1, routed)           0.000     5.965    CNC_Top_i/XYZ_Axis_Coordinator_0/inst/res_reg[11]_i_1_n_0
    SLICE_X99Y22         CARRY4 (Prop_carry4_CI_CO[3])
                                                      0.114     6.079 r  CNC_Top_i/XYZ_Axis_Coordinator_0/inst/res_reg[15]_i_1/CO[3]
                         net (fo=1, routed)           0.000     6.079    CNC_Top_i/XYZ_Axis_Coordinator_0/inst/res_reg[15]_i_1_n_0
    SLICE_X99Y23         CARRY4 (Prop_carry4_CI_CO[3])
                                                      0.114     6.193 r  CNC_Top_i/XYZ_Axis_Coordinator_0/inst/res_reg[19]_i_1/CO[3]
                         net (fo=1, routed)           0.000     6.193    CNC_Top_i/XYZ_Axis_Coordinator_0/inst/res_reg[19]_i_1_n_0
    SLICE_X99Y24         CARRY4 (Prop_carry4_CI_CO[3])
                                                      0.114     6.307 r  CNC_Top_i/XYZ_Axis_Coordinator_0/inst/res_reg[23]_i_1/CO[3]
                         net (fo=1, routed)           0.009     6.316    CNC_Top_i/XYZ_Axis_Coordinator_0/inst/res_reg[23]_i_1_n_0
    SLICE_X99Y25         CARRY4 (Prop_carry4_CI_CO[3])
                                                      0.114     6.430 r  CNC_Top_i/XYZ_Axis_Coordinator_0/inst/res_reg[27]_i_1/CO[3]
                         net (fo=1, routed)           0.000     6.430    CNC_Top_i/XYZ_Axis_Coordinator_0/inst/res_reg[27]_i_1_n_0
    SLICE_X99Y26         CARRY4 (Prop_carry4_CI_CO[3])
                                                      0.114     6.544 r  CNC_Top_i/XYZ_Axis_Coordinator_0/inst/res_reg[31]_i_1/CO[3]
                         net (fo=1, routed)           0.000     6.544    CNC_Top_i/XYZ_Axis_Coordinator_0/inst/res_reg[31]_i_1_n_0
    SLICE_X99Y27         CARRY4 (Prop_carry4_CI_CO[3])
                                                      0.114     6.658 r  CNC_Top_i/XYZ_Axis_Coordinator_0/inst/res_reg[35]_i_1/CO[3]
                         net (fo=1, routed)           0.000     6.658    CNC_Top_i/XYZ_Axis_Coordinator_0/inst/res_reg[35]_i_1_n_0
    SLICE_X99Y28         CARRY4 (Prop_carry4_CI_CO[3])
                                                      0.114     6.772 r  CNC_Top_i/XYZ_Axis_Coordinator_0/inst/res_reg[39]_i_1/CO[3]
                         net (fo=1, routed)           0.000     6.772    CNC_Top_i/XYZ_Axis_Coordinator_0/inst/res_reg[39]_i_1_n_0
    SLICE_X99Y29         CARRY4 (Prop_carry4_CI_CO[3])
                                                      0.114     6.886 r  CNC_Top_i/XYZ_Axis_Coordinator_0/inst/res_reg[43]_i_1/CO[3]
                         net (fo=1, routed)           0.000     6.886    CNC_Top_i/XYZ_Axis_Coordinator_0/inst/res_reg[43]_i_1_n_0
    SLICE_X99Y30         CARRY4 (Prop_carry4_CI_CO[3])
                                                      0.114     7.000 r  CNC_Top_i/XYZ_Axis_Coordinator_0/inst/res_reg[47]_i_1/CO[3]
                         net (fo=1, routed)           0.000     7.000    CNC_Top_i/XYZ_Axis_Coordinator_0/inst/res_reg[47]_i_1_n_0
    SLICE_X99Y31         CARRY4 (Prop_carry4_CI_CO[3])
                                                      0.114     7.114 r  CNC_Top_i/XYZ_Axis_Coordinator_0/inst/res_reg[51]_i_1/CO[3]
                         net (fo=1, routed)           0.000     7.114    CNC_Top_i/XYZ_Axis_Coordinator_0/inst/res_reg[51]_i_1_n_0
    SLICE_X99Y32         CARRY4 (Prop_carry4_CI_CO[3])
                                                      0.114     7.228 r  CNC_Top_i/XYZ_Axis_Coordinator_0/inst/res_reg[55]_i_1/CO[3]
                         net (fo=1, routed)           0.000     7.228    CNC_Top_i/XYZ_Axis_Coordinator_0/inst/res_reg[55]_i_1_n_0
    SLICE_X99Y33         CARRY4 (Prop_carry4_CI_CO[3])
                                                      0.114     7.342 r  CNC_Top_i/XYZ_Axis_Coordinator_0/inst/res_reg[59]_i_1/CO[3]
                         net (fo=1, routed)           0.000     7.342    CNC_Top_i/XYZ_Axis_Coordinator_0/inst/res_reg[59]_i_1_n_0
    SLICE_X99Y34         CARRY4 (Prop_carry4_CI_O[2])
                                                      0.239     7.581 r  CNC_Top_i/XYZ_Axis_Coordinator_0/inst/res_reg[63]_i_2/O[2]
                         net (fo=1, routed)           0.000     7.581    CNC_Top_i/XYZ_Axis_Coordinator_0/inst/res1_in[62]
    SLICE_X99Y34         FDRE                                         r  CNC_Top_i/XYZ_Axis_Coordinator_0/inst/res_reg[62]/D
  -------------------------------------------------------------------    -------------------

                         (clock clk_out1_CNC_Top_clk_wiz_0 rise edge)
                                                     10.000    10.000 r  
    C17                                               0.000    10.000 r  sys_clock (IN)
                         net (fo=0)                   0.000    10.000    CNC_Top_i/clk_wiz/inst/clk_in1
    C17                  IBUF (Prop_ibuf_I_O)         0.833    10.833 r  CNC_Top_i/clk_wiz/inst/clkin1_ibufg/O
                         net (fo=1, routed)           1.162    11.995    CNC_Top_i/clk_wiz/inst/clk_in1_CNC_Top_clk_wiz_0
    MMCME2_ADV_X1Y2      MMCME2_ADV (Prop_mmcme2_adv_CLKIN1_CLKOUT0)
                                                     -7.814     4.181 r  CNC_Top_i/clk_wiz/inst/mmcm_adv_inst/CLKOUT0
                         net (fo=1, routed)           2.012     6.193    CNC_Top_i/clk_wiz/inst/clk_out1_CNC_Top_clk_wiz_0
    BUFGCTRL_X0Y16       BUFG (Prop_bufg_I_O)         0.091     6.284 r  CNC_Top_i/clk_wiz/inst/clkout1_buf/O
                         net (fo=439, routed)         1.619     7.904    CNC_Top_i/XYZ_Axis_Coordinator_0/inst/clk
    SLICE_X99Y34         FDRE                                         r  CNC_Top_i/XYZ_Axis_Coordinator_0/inst/res_reg[62]/C
                         clock pessimism              0.630     8.534    
                         clock uncertainty           -0.074     8.460    
    SLICE_X99Y34         FDRE (Setup_fdre_C_D)        0.062     8.522    CNC_Top_i/XYZ_Axis_Coordinator_0/inst/res_reg[62]
  -------------------------------------------------------------------
                         required time                          8.522    
                         arrival time                          -7.581    
  -------------------------------------------------------------------
                         slack                                  0.941    

Slack (MET) :             0.957ns  (required time - arrival time)
  Source:                 CNC_Top_i/XYZ_Axis_Coordinator_0/inst/res_reg[0]/C
                            (rising edge-triggered cell FDRE clocked by clk_out1_CNC_Top_clk_wiz_0  {rise@0.000ns fall@5.000ns period=10.000ns})
  Destination:            CNC_Top_i/XYZ_Axis_Coordinator_0/inst/res_reg[60]/D
                            (rising edge-triggered cell FDRE clocked by clk_out1_CNC_Top_clk_wiz_0  {rise@0.000ns fall@5.000ns period=10.000ns})
  Path Group:             clk_out1_CNC_Top_clk_wiz_0
  Path Type:              Setup (Max at Slow Process Corner)
  Requirement:            10.000ns  (clk_out1_CNC_Top_clk_wiz_0 rise@10.000ns - clk_out1_CNC_Top_clk_wiz_0 rise@0.000ns)
  Data Path Delay:        8.975ns  (logic 6.250ns (69.639%)  route 2.725ns (30.361%))
  Logic Levels:           35  (CARRY4=32 LUT2=1 LUT3=1 LUT4=1)
  Clock Path Skew:        -0.056ns (DCD - SCD + CPR)
    Destination Clock Delay (DCD):    -2.096ns = ( 7.904 - 10.000 ) 
    Source Clock Delay      (SCD):    -1.410ns
    Clock Pessimism Removal (CPR):    0.630ns
  Clock Uncertainty:      0.074ns  ((TSJ^2 + DJ^2)^1/2) / 2 + PE
    Total System Jitter     (TSJ):    0.071ns
    Discrete Jitter          (DJ):    0.131ns
    Phase Error              (PE):    0.000ns

    Location             Delay type                Incr(ns)  Path(ns)    Netlist Resource(s)
  -------------------------------------------------------------------    -------------------
                         (clock clk_out1_CNC_Top_clk_wiz_0 rise edge)
                                                      0.000     0.000 r  
    C17                                               0.000     0.000 r  sys_clock (IN)
                         net (fo=0)                   0.000     0.000    CNC_Top_i/clk_wiz/inst/clk_in1
    C17                  IBUF (Prop_ibuf_I_O)         0.967     0.967 r  CNC_Top_i/clk_wiz/inst/clkin1_ibufg/O
                         net (fo=1, routed)           1.285     2.252    CNC_Top_i/clk_wiz/inst/clk_in1_CNC_Top_clk_wiz_0
    MMCME2_ADV_X1Y2      MMCME2_ADV (Prop_mmcme2_adv_CLKIN1_CLKOUT0)
                                                     -7.759    -5.507 r  CNC_Top_i/clk_wiz/inst/mmcm_adv_inst/CLKOUT0
                         net (fo=1, routed)           2.206    -3.301    CNC_Top_i/clk_wiz/inst/clk_out1_CNC_Top_clk_wiz_0
    BUFGCTRL_X0Y16       BUFG (Prop_bufg_I_O)         0.101    -3.200 r  CNC_Top_i/clk_wiz/inst/clkout1_buf/O
                         net (fo=439, routed)         1.790    -1.410    CNC_Top_i/XYZ_Axis_Coordinator_0/inst/clk
    SLICE_X99Y19         FDRE                                         r  CNC_Top_i/XYZ_Axis_Coordinator_0/inst/res_reg[0]/C
  -------------------------------------------------------------------    -------------------
    SLICE_X99Y19         FDRE (Prop_fdre_C_Q)         0.456    -0.954 r  CNC_Top_i/XYZ_Axis_Coordinator_0/inst/res_reg[0]/Q
                         net (fo=3, routed)           0.586    -0.368    CNC_Top_i/XYZ_Axis_Coordinator_0/inst/res_reg_n_0_[0]
    SLICE_X100Y19        LUT2 (Prop_lut2_I0_O)        0.124    -0.244 r  CNC_Top_i/XYZ_Axis_Coordinator_0/inst/val[7]_i_16/O
                         net (fo=1, routed)           0.000    -0.244    CNC_Top_i/XYZ_Axis_Coordinator_0/inst/val[7]_i_16_n_0
    SLICE_X100Y19        CARRY4 (Prop_carry4_S[0]_CO[3])
                                                      0.513     0.269 r  CNC_Top_i/XYZ_Axis_Coordinator_0/inst/val_reg[7]_i_10/CO[3]
                         net (fo=1, routed)           0.000     0.269    CNC_Top_i/XYZ_Axis_Coordinator_0/inst/val_reg[7]_i_10_n_0
    SLICE_X100Y20        CARRY4 (Prop_carry4_CI_CO[3])
                                                      0.117     0.386 r  CNC_Top_i/XYZ_Axis_Coordinator_0/inst/val_reg[11]_i_10/CO[3]
                         net (fo=1, routed)           0.000     0.386    CNC_Top_i/XYZ_Axis_Coordinator_0/inst/val_reg[11]_i_10_n_0
    SLICE_X100Y21        CARRY4 (Prop_carry4_CI_CO[3])
                                                      0.117     0.503 r  CNC_Top_i/XYZ_Axis_Coordinator_0/inst/val_reg[15]_i_10/CO[3]
                         net (fo=1, routed)           0.000     0.503    CNC_Top_i/XYZ_Axis_Coordinator_0/inst/val_reg[15]_i_10_n_0
    SLICE_X100Y22        CARRY4 (Prop_carry4_CI_CO[3])
                                                      0.117     0.620 r  CNC_Top_i/XYZ_Axis_Coordinator_0/inst/val_reg[19]_i_10/CO[3]
                         net (fo=1, routed)           0.000     0.620    CNC_Top_i/XYZ_Axis_Coordinator_0/inst/val_reg[19]_i_10_n_0
    SLICE_X100Y23        CARRY4 (Prop_carry4_CI_CO[3])
                                                      0.117     0.737 r  CNC_Top_i/XYZ_Axis_Coordinator_0/inst/val_reg[23]_i_10/CO[3]
                         net (fo=1, routed)           0.000     0.737    CNC_Top_i/XYZ_Axis_Coordinator_0/inst/val_reg[23]_i_10_n_0
    SLICE_X100Y24        CARRY4 (Prop_carry4_CI_CO[3])
                                                      0.117     0.854 r  CNC_Top_i/XYZ_Axis_Coordinator_0/inst/val_reg[27]_i_10/CO[3]
                         net (fo=1, routed)           0.009     0.863    CNC_Top_i/XYZ_Axis_Coordinator_0/inst/val_reg[27]_i_10_n_0
    SLICE_X100Y25        CARRY4 (Prop_carry4_CI_CO[3])
                                                      0.117     0.980 r  CNC_Top_i/XYZ_Axis_Coordinator_0/inst/val_reg[31]_i_10/CO[3]
                         net (fo=1, routed)           0.000     0.980    CNC_Top_i/XYZ_Axis_Coordinator_0/inst/val_reg[31]_i_10_n_0
    SLICE_X100Y26        CARRY4 (Prop_carry4_CI_CO[3])
                                                      0.117     1.097 r  CNC_Top_i/XYZ_Axis_Coordinator_0/inst/val_reg[35]_i_10/CO[3]
                         net (fo=1, routed)           0.000     1.097    CNC_Top_i/XYZ_Axis_Coordinator_0/inst/val_reg[35]_i_10_n_0
    SLICE_X100Y27        CARRY4 (Prop_carry4_CI_CO[3])
                                                      0.117     1.214 r  CNC_Top_i/XYZ_Axis_Coordinator_0/inst/val_reg[39]_i_10/CO[3]
                         net (fo=1, routed)           0.000     1.214    CNC_Top_i/XYZ_Axis_Coordinator_0/inst/val_reg[39]_i_10_n_0
    SLICE_X100Y28        CARRY4 (Prop_carry4_CI_CO[3])
                                                      0.117     1.331 r  CNC_Top_i/XYZ_Axis_Coordinator_0/inst/val_reg[43]_i_10/CO[3]
                         net (fo=1, routed)           0.000     1.331    CNC_Top_i/XYZ_Axis_Coordinator_0/inst/val_reg[43]_i_10_n_0
    SLICE_X100Y29        CARRY4 (Prop_carry4_CI_CO[3])
                                                      0.117     1.448 r  CNC_Top_i/XYZ_Axis_Coordinator_0/inst/val_reg[47]_i_10/CO[3]
                         net (fo=1, routed)           0.000     1.448    CNC_Top_i/XYZ_Axis_Coordinator_0/inst/val_reg[47]_i_10_n_0
    SLICE_X100Y30        CARRY4 (Prop_carry4_CI_CO[3])
                                                      0.117     1.565 r  CNC_Top_i/XYZ_Axis_Coordinator_0/inst/val_reg[51]_i_10/CO[3]
                         net (fo=1, routed)           0.000     1.565    CNC_Top_i/XYZ_Axis_Coordinator_0/inst/val_reg[51]_i_10_n_0
    SLICE_X100Y31        CARRY4 (Prop_carry4_CI_CO[3])
                                                      0.117     1.682 r  CNC_Top_i/XYZ_Axis_Coordinator_0/inst/val_reg[55]_i_10/CO[3]
                         net (fo=1, routed)           0.000     1.682    CNC_Top_i/XYZ_Axis_Coordinator_0/inst/val_reg[55]_i_10_n_0
    SLICE_X100Y32        CARRY4 (Prop_carry4_CI_CO[3])
                                                      0.117     1.799 r  CNC_Top_i/XYZ_Axis_Coordinator_0/inst/val_reg[59]_i_10/CO[3]
                         net (fo=1, routed)           0.000     1.799    CNC_Top_i/XYZ_Axis_Coordinator_0/inst/val_reg[59]_i_10_n_0
    SLICE_X100Y33        CARRY4 (Prop_carry4_CI_O[1])
                                                      0.323     2.122 r  CNC_Top_i/XYZ_Axis_Coordinator_0/inst/val_reg[63]_i_25/O[1]
                         net (fo=4, routed)           0.851     2.973    CNC_Top_i/XYZ_Axis_Coordinator_0/inst/val1__3[57]
    SLICE_X97Y28         LUT4 (Prop_lut4_I3_O)        0.306     3.279 r  CNC_Top_i/XYZ_Axis_Coordinator_0/inst/val[63]_i_20/O
                         net (fo=1, routed)           0.000     3.279    CNC_Top_i/XYZ_Axis_Coordinator_0/inst/val[63]_i_20_n_0
    SLICE_X97Y28         CARRY4 (Prop_carry4_S[0]_CO[3])
                                                      0.532     3.811 r  CNC_Top_i/XYZ_Axis_Coordinator_0/inst/val_reg[63]_i_4/CO[3]
                         net (fo=33, routed)          1.270     5.081    CNC_Top_i/XYZ_Axis_Coordinator_0/inst/val_reg[63]_i_4_n_0
    SLICE_X99Y19         LUT3 (Prop_lut3_I2_O)        0.124     5.205 r  CNC_Top_i/XYZ_Axis_Coordinator_0/inst/res[3]_i_3/O
                         net (fo=1, routed)           0.000     5.205    CNC_Top_i/XYZ_Axis_Coordinator_0/inst/res[3]_i_3_n_0
    SLICE_X99Y19         CARRY4 (Prop_carry4_S[0]_CO[3])
                                                      0.532     5.737 r  CNC_Top_i/XYZ_Axis_Coordinator_0/inst/res_reg[3]_i_1/CO[3]
                         net (fo=1, routed)           0.000     5.737    CNC_Top_i/XYZ_Axis_Coordinator_0/inst/res_reg[3]_i_1_n_0
    SLICE_X99Y20         CARRY4 (Prop_carry4_CI_CO[3])
                                                      0.114     5.851 r  CNC_Top_i/XYZ_Axis_Coordinator_0/inst/res_reg[7]_i_1/CO[3]
                         net (fo=1, routed)           0.000     5.851    CNC_Top_i/XYZ_Axis_Coordinator_0/inst/res_reg[7]_i_1_n_0
    SLICE_X99Y21         CARRY4 (Prop_carry4_CI_CO[3])
                                                      0.114     5.965 r  CNC_Top_i/XYZ_Axis_Coordinator_0/inst/res_reg[11]_i_1/CO[3]
                         net (fo=1, routed)           0.000     5.965    CNC_Top_i/XYZ_Axis_Coordinator_0/inst/res_reg[11]_i_1_n_0
    SLICE_X99Y22         CARRY4 (Prop_carry4_CI_CO[3])
                                                      0.114     6.079 r  CNC_Top_i/XYZ_Axis_Coordinator_0/inst/res_reg[15]_i_1/CO[3]
                         net (fo=1, routed)           0.000     6.079    CNC_Top_i/XYZ_Axis_Coordinator_0/inst/res_reg[15]_i_1_n_0
    SLICE_X99Y23         CARRY4 (Prop_carry4_CI_CO[3])
                                                      0.114     6.193 r  CNC_Top_i/XYZ_Axis_Coordinator_0/inst/res_reg[19]_i_1/CO[3]
                         net (fo=1, routed)           0.000     6.193    CNC_Top_i/XYZ_Axis_Coordinator_0/inst/res_reg[19]_i_1_n_0
    SLICE_X99Y24         CARRY4 (Prop_carry4_CI_CO[3])
                                                      0.114     6.307 r  CNC_Top_i/XYZ_Axis_Coordinator_0/inst/res_reg[23]_i_1/CO[3]
                         net (fo=1, routed)           0.009     6.316    CNC_Top_i/XYZ_Axis_Coordinator_0/inst/res_reg[23]_i_1_n_0
    SLICE_X99Y25         CARRY4 (Prop_carry4_CI_CO[3])
                                                      0.114     6.430 r  CNC_Top_i/XYZ_Axis_Coordinator_0/inst/res_reg[27]_i_1/CO[3]
                         net (fo=1, routed)           0.000     6.430    CNC_Top_i/XYZ_Axis_Coordinator_0/inst/res_reg[27]_i_1_n_0
    SLICE_X99Y26         CARRY4 (Prop_carry4_CI_CO[3])
                                                      0.114     6.544 r  CNC_Top_i/XYZ_Axis_Coordinator_0/inst/res_reg[31]_i_1/CO[3]
                         net (fo=1, routed)           0.000     6.544    CNC_Top_i/XYZ_Axis_Coordinator_0/inst/res_reg[31]_i_1_n_0
    SLICE_X99Y27         CARRY4 (Prop_carry4_CI_CO[3])
                                                      0.114     6.658 r  CNC_Top_i/XYZ_Axis_Coordinator_0/inst/res_reg[35]_i_1/CO[3]
                         net (fo=1, routed)           0.000     6.658    CNC_Top_i/XYZ_Axis_Coordinator_0/inst/res_reg[35]_i_1_n_0
    SLICE_X99Y28         CARRY4 (Prop_carry4_CI_CO[3])
                                                      0.114     6.772 r  CNC_Top_i/XYZ_Axis_Coordinator_0/inst/res_reg[39]_i_1/CO[3]
                         net (fo=1, routed)           0.000     6.772    CNC_Top_i/XYZ_Axis_Coordinator_0/inst/res_reg[39]_i_1_n_0
    SLICE_X99Y29         CARRY4 (Prop_carry4_CI_CO[3])
                                                      0.114     6.886 r  CNC_Top_i/XYZ_Axis_Coordinator_0/inst/res_reg[43]_i_1/CO[3]
                         net (fo=1, routed)           0.000     6.886    CNC_Top_i/XYZ_Axis_Coordinator_0/inst/res_reg[43]_i_1_n_0
    SLICE_X99Y30         CARRY4 (Prop_carry4_CI_CO[3])
                                                      0.114     7.000 r  CNC_Top_i/XYZ_Axis_Coordinator_0/inst/res_reg[47]_i_1/CO[3]
                         net (fo=1, routed)           0.000     7.000    CNC_Top_i/XYZ_Axis_Coordinator_0/inst/res_reg[47]_i_1_n_0
    SLICE_X99Y31         CARRY4 (Prop_carry4_CI_CO[3])
                                                      0.114     7.114 r  CNC_Top_i/XYZ_Axis_Coordinator_0/inst/res_reg[51]_i_1/CO[3]
                         net (fo=1, routed)           0.000     7.114    CNC_Top_i/XYZ_Axis_Coordinator_0/inst/res_reg[51]_i_1_n_0
    SLICE_X99Y32         CARRY4 (Prop_carry4_CI_CO[3])
                                                      0.114     7.228 r  CNC_Top_i/XYZ_Axis_Coordinator_0/inst/res_reg[55]_i_1/CO[3]
                         net (fo=1, routed)           0.000     7.228    CNC_Top_i/XYZ_Axis_Coordinator_0/inst/res_reg[55]_i_1_n_0
    SLICE_X99Y33         CARRY4 (Prop_carry4_CI_CO[3])
                                                      0.114     7.342 r  CNC_Top_i/XYZ_Axis_Coordinator_0/inst/res_reg[59]_i_1/CO[3]
                         net (fo=1, routed)           0.000     7.342    CNC_Top_i/XYZ_Axis_Coordinator_0/inst/res_reg[59]_i_1_n_0
    SLICE_X99Y34         CARRY4 (Prop_carry4_CI_O[0])
                                                      0.223     7.565 r  CNC_Top_i/XYZ_Axis_Coordinator_0/inst/res_reg[63]_i_2/O[0]
                         net (fo=1, routed)           0.000     7.565    CNC_Top_i/XYZ_Axis_Coordinator_0/inst/res1_in[60]
    SLICE_X99Y34         FDRE                                         r  CNC_Top_i/XYZ_Axis_Coordinator_0/inst/res_reg[60]/D
  -------------------------------------------------------------------    -------------------

                         (clock clk_out1_CNC_Top_clk_wiz_0 rise edge)
                                                     10.000    10.000 r  
    C17                                               0.000    10.000 r  sys_clock (IN)
                         net (fo=0)                   0.000    10.000    CNC_Top_i/clk_wiz/inst/clk_in1
    C17                  IBUF (Prop_ibuf_I_O)         0.833    10.833 r  CNC_Top_i/clk_wiz/inst/clkin1_ibufg/O
                         net (fo=1, routed)           1.162    11.995    CNC_Top_i/clk_wiz/inst/clk_in1_CNC_Top_clk_wiz_0
    MMCME2_ADV_X1Y2      MMCME2_ADV (Prop_mmcme2_adv_CLKIN1_CLKOUT0)
                                                     -7.814     4.181 r  CNC_Top_i/clk_wiz/inst/mmcm_adv_inst/CLKOUT0
                         net (fo=1, routed)           2.012     6.193    CNC_Top_i/clk_wiz/inst/clk_out1_CNC_Top_clk_wiz_0
    BUFGCTRL_X0Y16       BUFG (Prop_bufg_I_O)         0.091     6.284 r  CNC_Top_i/clk_wiz/inst/clkout1_buf/O
                         net (fo=439, routed)         1.619     7.904    CNC_Top_i/XYZ_Axis_Coordinator_0/inst/clk
    SLICE_X99Y34         FDRE                                         r  CNC_Top_i/XYZ_Axis_Coordinator_0/inst/res_reg[60]/C
                         clock pessimism              0.630     8.534    
                         clock uncertainty           -0.074     8.460    
    SLICE_X99Y34         FDRE (Setup_fdre_C_D)        0.062     8.522    CNC_Top_i/XYZ_Axis_Coordinator_0/inst/res_reg[60]
  -------------------------------------------------------------------
                         required time                          8.522    
                         arrival time                          -7.565    
  -------------------------------------------------------------------
                         slack                                  0.957    

Slack (MET) :             0.959ns  (required time - arrival time)
  Source:                 CNC_Top_i/XYZ_Axis_Coordinator_0/inst/res_reg[0]/C
                            (rising edge-triggered cell FDRE clocked by clk_out1_CNC_Top_clk_wiz_0  {rise@0.000ns fall@5.000ns period=10.000ns})
  Destination:            CNC_Top_i/XYZ_Axis_Coordinator_0/inst/res_reg[57]/D
                            (rising edge-triggered cell FDRE clocked by clk_out1_CNC_Top_clk_wiz_0  {rise@0.000ns fall@5.000ns period=10.000ns})
  Path Group:             clk_out1_CNC_Top_clk_wiz_0
  Path Type:              Setup (Max at Slow Process Corner)
  Requirement:            10.000ns  (clk_out1_CNC_Top_clk_wiz_0 rise@10.000ns - clk_out1_CNC_Top_clk_wiz_0 rise@0.000ns)
  Data Path Delay:        8.972ns  (logic 6.247ns (69.629%)  route 2.725ns (30.371%))
  Logic Levels:           34  (CARRY4=31 LUT2=1 LUT3=1 LUT4=1)
  Clock Path Skew:        -0.057ns (DCD - SCD + CPR)
    Destination Clock Delay (DCD):    -2.097ns = ( 7.903 - 10.000 ) 
    Source Clock Delay      (SCD):    -1.410ns
    Clock Pessimism Removal (CPR):    0.630ns
  Clock Uncertainty:      0.074ns  ((TSJ^2 + DJ^2)^1/2) / 2 + PE
    Total System Jitter     (TSJ):    0.071ns
    Discrete Jitter          (DJ):    0.131ns
    Phase Error              (PE):    0.000ns

    Location             Delay type                Incr(ns)  Path(ns)    Netlist Resource(s)
  -------------------------------------------------------------------    -------------------
                         (clock clk_out1_CNC_Top_clk_wiz_0 rise edge)
                                                      0.000     0.000 r  
    C17                                               0.000     0.000 r  sys_clock (IN)
                         net (fo=0)                   0.000     0.000    CNC_Top_i/clk_wiz/inst/clk_in1
    C17                  IBUF (Prop_ibuf_I_O)         0.967     0.967 r  CNC_Top_i/clk_wiz/inst/clkin1_ibufg/O
                         net (fo=1, routed)           1.285     2.252    CNC_Top_i/clk_wiz/inst/clk_in1_CNC_Top_clk_wiz_0
    MMCME2_ADV_X1Y2      MMCME2_ADV (Prop_mmcme2_adv_CLKIN1_CLKOUT0)
                                                     -7.759    -5.507 r  CNC_Top_i/clk_wiz/inst/mmcm_adv_inst/CLKOUT0
                         net (fo=1, routed)           2.206    -3.301    CNC_Top_i/clk_wiz/inst/clk_out1_CNC_Top_clk_wiz_0
    BUFGCTRL_X0Y16       BUFG (Prop_bufg_I_O)         0.101    -3.200 r  CNC_Top_i/clk_wiz/inst/clkout1_buf/O
                         net (fo=439, routed)         1.790    -1.410    CNC_Top_i/XYZ_Axis_Coordinator_0/inst/clk
    SLICE_X99Y19         FDRE                                         r  CNC_Top_i/XYZ_Axis_Coordinator_0/inst/res_reg[0]/C
  -------------------------------------------------------------------    -------------------
    SLICE_X99Y19         FDRE (Prop_fdre_C_Q)         0.456    -0.954 r  CNC_Top_i/XYZ_Axis_Coordinator_0/inst/res_reg[0]/Q
                         net (fo=3, routed)           0.586    -0.368    CNC_Top_i/XYZ_Axis_Coordinator_0/inst/res_reg_n_0_[0]
    SLICE_X100Y19        LUT2 (Prop_lut2_I0_O)        0.124    -0.244 r  CNC_Top_i/XYZ_Axis_Coordinator_0/inst/val[7]_i_16/O
                         net (fo=1, routed)           0.000    -0.244    CNC_Top_i/XYZ_Axis_Coordinator_0/inst/val[7]_i_16_n_0
    SLICE_X100Y19        CARRY4 (Prop_carry4_S[0]_CO[3])
                                                      0.513     0.269 r  CNC_Top_i/XYZ_Axis_Coordinator_0/inst/val_reg[7]_i_10/CO[3]
                         net (fo=1, routed)           0.000     0.269    CNC_Top_i/XYZ_Axis_Coordinator_0/inst/val_reg[7]_i_10_n_0
    SLICE_X100Y20        CARRY4 (Prop_carry4_CI_CO[3])
                                                      0.117     0.386 r  CNC_Top_i/XYZ_Axis_Coordinator_0/inst/val_reg[11]_i_10/CO[3]
                         net (fo=1, routed)           0.000     0.386    CNC_Top_i/XYZ_Axis_Coordinator_0/inst/val_reg[11]_i_10_n_0
    SLICE_X100Y21        CARRY4 (Prop_carry4_CI_CO[3])
                                                      0.117     0.503 r  CNC_Top_i/XYZ_Axis_Coordinator_0/inst/val_reg[15]_i_10/CO[3]
                         net (fo=1, routed)           0.000     0.503    CNC_Top_i/XYZ_Axis_Coordinator_0/inst/val_reg[15]_i_10_n_0
    SLICE_X100Y22        CARRY4 (Prop_carry4_CI_CO[3])
                                                      0.117     0.620 r  CNC_Top_i/XYZ_Axis_Coordinator_0/inst/val_reg[19]_i_10/CO[3]
                         net (fo=1, routed)           0.000     0.620    CNC_Top_i/XYZ_Axis_Coordinator_0/inst/val_reg[19]_i_10_n_0
    SLICE_X100Y23        CARRY4 (Prop_carry4_CI_CO[3])
                                                      0.117     0.737 r  CNC_Top_i/XYZ_Axis_Coordinator_0/inst/val_reg[23]_i_10/CO[3]
                         net (fo=1, routed)           0.000     0.737    CNC_Top_i/XYZ_Axis_Coordinator_0/inst/val_reg[23]_i_10_n_0
    SLICE_X100Y24        CARRY4 (Prop_carry4_CI_CO[3])
                                                      0.117     0.854 r  CNC_Top_i/XYZ_Axis_Coordinator_0/inst/val_reg[27]_i_10/CO[3]
                         net (fo=1, routed)           0.009     0.863    CNC_Top_i/XYZ_Axis_Coordinator_0/inst/val_reg[27]_i_10_n_0
    SLICE_X100Y25        CARRY4 (Prop_carry4_CI_CO[3])
                                                      0.117     0.980 r  CNC_Top_i/XYZ_Axis_Coordinator_0/inst/val_reg[31]_i_10/CO[3]
                         net (fo=1, routed)           0.000     0.980    CNC_Top_i/XYZ_Axis_Coordinator_0/inst/val_reg[31]_i_10_n_0
    SLICE_X100Y26        CARRY4 (Prop_carry4_CI_CO[3])
                                                      0.117     1.097 r  CNC_Top_i/XYZ_Axis_Coordinator_0/inst/val_reg[35]_i_10/CO[3]
                         net (fo=1, routed)           0.000     1.097    CNC_Top_i/XYZ_Axis_Coordinator_0/inst/val_reg[35]_i_10_n_0
    SLICE_X100Y27        CARRY4 (Prop_carry4_CI_CO[3])
                                                      0.117     1.214 r  CNC_Top_i/XYZ_Axis_Coordinator_0/inst/val_reg[39]_i_10/CO[3]
                         net (fo=1, routed)           0.000     1.214    CNC_Top_i/XYZ_Axis_Coordinator_0/inst/val_reg[39]_i_10_n_0
    SLICE_X100Y28        CARRY4 (Prop_carry4_CI_CO[3])
                                                      0.117     1.331 r  CNC_Top_i/XYZ_Axis_Coordinator_0/inst/val_reg[43]_i_10/CO[3]
                         net (fo=1, routed)           0.000     1.331    CNC_Top_i/XYZ_Axis_Coordinator_0/inst/val_reg[43]_i_10_n_0
    SLICE_X100Y29        CARRY4 (Prop_carry4_CI_CO[3])
                                                      0.117     1.448 r  CNC_Top_i/XYZ_Axis_Coordinator_0/inst/val_reg[47]_i_10/CO[3]
                         net (fo=1, routed)           0.000     1.448    CNC_Top_i/XYZ_Axis_Coordinator_0/inst/val_reg[47]_i_10_n_0
    SLICE_X100Y30        CARRY4 (Prop_carry4_CI_CO[3])
                                                      0.117     1.565 r  CNC_Top_i/XYZ_Axis_Coordinator_0/inst/val_reg[51]_i_10/CO[3]
                         net (fo=1, routed)           0.000     1.565    CNC_Top_i/XYZ_Axis_Coordinator_0/inst/val_reg[51]_i_10_n_0
    SLICE_X100Y31        CARRY4 (Prop_carry4_CI_CO[3])
                                                      0.117     1.682 r  CNC_Top_i/XYZ_Axis_Coordinator_0/inst/val_reg[55]_i_10/CO[3]
                         net (fo=1, routed)           0.000     1.682    CNC_Top_i/XYZ_Axis_Coordinator_0/inst/val_reg[55]_i_10_n_0
    SLICE_X100Y32        CARRY4 (Prop_carry4_CI_CO[3])
                                                      0.117     1.799 r  CNC_Top_i/XYZ_Axis_Coordinator_0/inst/val_reg[59]_i_10/CO[3]
                         net (fo=1, routed)           0.000     1.799    CNC_Top_i/XYZ_Axis_Coordinator_0/inst/val_reg[59]_i_10_n_0
    SLICE_X100Y33        CARRY4 (Prop_carry4_CI_O[1])
                                                      0.323     2.122 r  CNC_Top_i/XYZ_Axis_Coordinator_0/inst/val_reg[63]_i_25/O[1]
                         net (fo=4, routed)           0.851     2.973    CNC_Top_i/XYZ_Axis_Coordinator_0/inst/val1__3[57]
    SLICE_X97Y28         LUT4 (Prop_lut4_I3_O)        0.306     3.279 r  CNC_Top_i/XYZ_Axis_Coordinator_0/inst/val[63]_i_20/O
                         net (fo=1, routed)           0.000     3.279    CNC_Top_i/XYZ_Axis_Coordinator_0/inst/val[63]_i_20_n_0
    SLICE_X97Y28         CARRY4 (Prop_carry4_S[0]_CO[3])
                                                      0.532     3.811 r  CNC_Top_i/XYZ_Axis_Coordinator_0/inst/val_reg[63]_i_4/CO[3]
                         net (fo=33, routed)          1.270     5.081    CNC_Top_i/XYZ_Axis_Coordinator_0/inst/val_reg[63]_i_4_n_0
    SLICE_X99Y19         LUT3 (Prop_lut3_I2_O)        0.124     5.205 r  CNC_Top_i/XYZ_Axis_Coordinator_0/inst/res[3]_i_3/O
                         net (fo=1, routed)           0.000     5.205    CNC_Top_i/XYZ_Axis_Coordinator_0/inst/res[3]_i_3_n_0
    SLICE_X99Y19         CARRY4 (Prop_carry4_S[0]_CO[3])
                                                      0.532     5.737 r  CNC_Top_i/XYZ_Axis_Coordinator_0/inst/res_reg[3]_i_1/CO[3]
                         net (fo=1, routed)           0.000     5.737    CNC_Top_i/XYZ_Axis_Coordinator_0/inst/res_reg[3]_i_1_n_0
    SLICE_X99Y20         CARRY4 (Prop_carry4_CI_CO[3])
                                                      0.114     5.851 r  CNC_Top_i/XYZ_Axis_Coordinator_0/inst/res_reg[7]_i_1/CO[3]
                         net (fo=1, routed)           0.000     5.851    CNC_Top_i/XYZ_Axis_Coordinator_0/inst/res_reg[7]_i_1_n_0
    SLICE_X99Y21         CARRY4 (Prop_carry4_CI_CO[3])
                                                      0.114     5.965 r  CNC_Top_i/XYZ_Axis_Coordinator_0/inst/res_reg[11]_i_1/CO[3]
                         net (fo=1, routed)           0.000     5.965    CNC_Top_i/XYZ_Axis_Coordinator_0/inst/res_reg[11]_i_1_n_0
    SLICE_X99Y22         CARRY4 (Prop_carry4_CI_CO[3])
                                                      0.114     6.079 r  CNC_Top_i/XYZ_Axis_Coordinator_0/inst/res_reg[15]_i_1/CO[3]
                         net (fo=1, routed)           0.000     6.079    CNC_Top_i/XYZ_Axis_Coordinator_0/inst/res_reg[15]_i_1_n_0
    SLICE_X99Y23         CARRY4 (Prop_carry4_CI_CO[3])
                                                      0.114     6.193 r  CNC_Top_i/XYZ_Axis_Coordinator_0/inst/res_reg[19]_i_1/CO[3]
                         net (fo=1, routed)           0.000     6.193    CNC_Top_i/XYZ_Axis_Coordinator_0/inst/res_reg[19]_i_1_n_0
    SLICE_X99Y24         CARRY4 (Prop_carry4_CI_CO[3])
                                                      0.114     6.307 r  CNC_Top_i/XYZ_Axis_Coordinator_0/inst/res_reg[23]_i_1/CO[3]
                         net (fo=1, routed)           0.009     6.316    CNC_Top_i/XYZ_Axis_Coordinator_0/inst/res_reg[23]_i_1_n_0
    SLICE_X99Y25         CARRY4 (Prop_carry4_CI_CO[3])
                                                      0.114     6.430 r  CNC_Top_i/XYZ_Axis_Coordinator_0/inst/res_reg[27]_i_1/CO[3]
                         net (fo=1, routed)           0.000     6.430    CNC_Top_i/XYZ_Axis_Coordinator_0/inst/res_reg[27]_i_1_n_0
    SLICE_X99Y26         CARRY4 (Prop_carry4_CI_CO[3])
                                                      0.114     6.544 r  CNC_Top_i/XYZ_Axis_Coordinator_0/inst/res_reg[31]_i_1/CO[3]
                         net (fo=1, routed)           0.000     6.544    CNC_Top_i/XYZ_Axis_Coordinator_0/inst/res_reg[31]_i_1_n_0
    SLICE_X99Y27         CARRY4 (Prop_carry4_CI_CO[3])
                                                      0.114     6.658 r  CNC_Top_i/XYZ_Axis_Coordinator_0/inst/res_reg[35]_i_1/CO[3]
                         net (fo=1, routed)           0.000     6.658    CNC_Top_i/XYZ_Axis_Coordinator_0/inst/res_reg[35]_i_1_n_0
    SLICE_X99Y28         CARRY4 (Prop_carry4_CI_CO[3])
                                                      0.114     6.772 r  CNC_Top_i/XYZ_Axis_Coordinator_0/inst/res_reg[39]_i_1/CO[3]
                         net (fo=1, routed)           0.000     6.772    CNC_Top_i/XYZ_Axis_Coordinator_0/inst/res_reg[39]_i_1_n_0
    SLICE_X99Y29         CARRY4 (Prop_carry4_CI_CO[3])
                                                      0.114     6.886 r  CNC_Top_i/XYZ_Axis_Coordinator_0/inst/res_reg[43]_i_1/CO[3]
                         net (fo=1, routed)           0.000     6.886    CNC_Top_i/XYZ_Axis_Coordinator_0/inst/res_reg[43]_i_1_n_0
    SLICE_X99Y30         CARRY4 (Prop_carry4_CI_CO[3])
                                                      0.114     7.000 r  CNC_Top_i/XYZ_Axis_Coordinator_0/inst/res_reg[47]_i_1/CO[3]
                         net (fo=1, routed)           0.000     7.000    CNC_Top_i/XYZ_Axis_Coordinator_0/inst/res_reg[47]_i_1_n_0
    SLICE_X99Y31         CARRY4 (Prop_carry4_CI_CO[3])
                                                      0.114     7.114 r  CNC_Top_i/XYZ_Axis_Coordinator_0/inst/res_reg[51]_i_1/CO[3]
                         net (fo=1, routed)           0.000     7.114    CNC_Top_i/XYZ_Axis_Coordinator_0/inst/res_reg[51]_i_1_n_0
    SLICE_X99Y32         CARRY4 (Prop_carry4_CI_CO[3])
                                                      0.114     7.228 r  CNC_Top_i/XYZ_Axis_Coordinator_0/inst/res_reg[55]_i_1/CO[3]
                         net (fo=1, routed)           0.000     7.228    CNC_Top_i/XYZ_Axis_Coordinator_0/inst/res_reg[55]_i_1_n_0
    SLICE_X99Y33         CARRY4 (Prop_carry4_CI_O[1])
                                                      0.334     7.562 r  CNC_Top_i/XYZ_Axis_Coordinator_0/inst/res_reg[59]_i_1/O[1]
                         net (fo=1, routed)           0.000     7.562    CNC_Top_i/XYZ_Axis_Coordinator_0/inst/res1_in[57]
    SLICE_X99Y33         FDRE                                         r  CNC_Top_i/XYZ_Axis_Coordinator_0/inst/res_reg[57]/D
  -------------------------------------------------------------------    -------------------

                         (clock clk_out1_CNC_Top_clk_wiz_0 rise edge)
                                                     10.000    10.000 r  
    C17                                               0.000    10.000 r  sys_clock (IN)
                         net (fo=0)                   0.000    10.000    CNC_Top_i/clk_wiz/inst/clk_in1
    C17                  IBUF (Prop_ibuf_I_O)         0.833    10.833 r  CNC_Top_i/clk_wiz/inst/clkin1_ibufg/O
                         net (fo=1, routed)           1.162    11.995    CNC_Top_i/clk_wiz/inst/clk_in1_CNC_Top_clk_wiz_0
    MMCME2_ADV_X1Y2      MMCME2_ADV (Prop_mmcme2_adv_CLKIN1_CLKOUT0)
                                                     -7.814     4.181 r  CNC_Top_i/clk_wiz/inst/mmcm_adv_inst/CLKOUT0
                         net (fo=1, routed)           2.012     6.193    CNC_Top_i/clk_wiz/inst/clk_out1_CNC_Top_clk_wiz_0
    BUFGCTRL_X0Y16       BUFG (Prop_bufg_I_O)         0.091     6.284 r  CNC_Top_i/clk_wiz/inst/clkout1_buf/O
                         net (fo=439, routed)         1.618     7.903    CNC_Top_i/XYZ_Axis_Coordinator_0/inst/clk
    SLICE_X99Y33         FDRE                                         r  CNC_Top_i/XYZ_Axis_Coordinator_0/inst/res_reg[57]/C
                         clock pessimism              0.630     8.533    
                         clock uncertainty           -0.074     8.459    
    SLICE_X99Y33         FDRE (Setup_fdre_C_D)        0.062     8.521    CNC_Top_i/XYZ_Axis_Coordinator_0/inst/res_reg[57]
  -------------------------------------------------------------------
                         required time                          8.521    
                         arrival time                          -7.562    
  -------------------------------------------------------------------
                         slack                                  0.959    

Slack (MET) :             0.980ns  (required time - arrival time)
  Source:                 CNC_Top_i/XYZ_Axis_Coordinator_0/inst/res_reg[0]/C
                            (rising edge-triggered cell FDRE clocked by clk_out1_CNC_Top_clk_wiz_0  {rise@0.000ns fall@5.000ns period=10.000ns})
  Destination:            CNC_Top_i/XYZ_Axis_Coordinator_0/inst/res_reg[59]/D
                            (rising edge-triggered cell FDRE clocked by clk_out1_CNC_Top_clk_wiz_0  {rise@0.000ns fall@5.000ns period=10.000ns})
  Path Group:             clk_out1_CNC_Top_clk_wiz_0
  Path Type:              Setup (Max at Slow Process Corner)
  Requirement:            10.000ns  (clk_out1_CNC_Top_clk_wiz_0 rise@10.000ns - clk_out1_CNC_Top_clk_wiz_0 rise@0.000ns)
  Data Path Delay:        8.951ns  (logic 6.226ns (69.557%)  route 2.725ns (30.443%))
  Logic Levels:           34  (CARRY4=31 LUT2=1 LUT3=1 LUT4=1)
  Clock Path Skew:        -0.057ns (DCD - SCD + CPR)
    Destination Clock Delay (DCD):    -2.097ns = ( 7.903 - 10.000 ) 
    Source Clock Delay      (SCD):    -1.410ns
    Clock Pessimism Removal (CPR):    0.630ns
  Clock Uncertainty:      0.074ns  ((TSJ^2 + DJ^2)^1/2) / 2 + PE
    Total System Jitter     (TSJ):    0.071ns
    Discrete Jitter          (DJ):    0.131ns
    Phase Error              (PE):    0.000ns

    Location             Delay type                Incr(ns)  Path(ns)    Netlist Resource(s)
  -------------------------------------------------------------------    -------------------
                         (clock clk_out1_CNC_Top_clk_wiz_0 rise edge)
                                                      0.000     0.000 r  
    C17                                               0.000     0.000 r  sys_clock (IN)
                         net (fo=0)                   0.000     0.000    CNC_Top_i/clk_wiz/inst/clk_in1
    C17                  IBUF (Prop_ibuf_I_O)         0.967     0.967 r  CNC_Top_i/clk_wiz/inst/clkin1_ibufg/O
                         net (fo=1, routed)           1.285     2.252    CNC_Top_i/clk_wiz/inst/clk_in1_CNC_Top_clk_wiz_0
    MMCME2_ADV_X1Y2      MMCME2_ADV (Prop_mmcme2_adv_CLKIN1_CLKOUT0)
                                                     -7.759    -5.507 r  CNC_Top_i/clk_wiz/inst/mmcm_adv_inst/CLKOUT0
                         net (fo=1, routed)           2.206    -3.301    CNC_Top_i/clk_wiz/inst/clk_out1_CNC_Top_clk_wiz_0
    BUFGCTRL_X0Y16       BUFG (Prop_bufg_I_O)         0.101    -3.200 r  CNC_Top_i/clk_wiz/inst/clkout1_buf/O
                         net (fo=439, routed)         1.790    -1.410    CNC_Top_i/XYZ_Axis_Coordinator_0/inst/clk
    SLICE_X99Y19         FDRE                                         r  CNC_Top_i/XYZ_Axis_Coordinator_0/inst/res_reg[0]/C
  -------------------------------------------------------------------    -------------------
    SLICE_X99Y19         FDRE (Prop_fdre_C_Q)         0.456    -0.954 r  CNC_Top_i/XYZ_Axis_Coordinator_0/inst/res_reg[0]/Q
                         net (fo=3, routed)           0.586    -0.368    CNC_Top_i/XYZ_Axis_Coordinator_0/inst/res_reg_n_0_[0]
    SLICE_X100Y19        LUT2 (Prop_lut2_I0_O)        0.124    -0.244 r  CNC_Top_i/XYZ_Axis_Coordinator_0/inst/val[7]_i_16/O
                         net (fo=1, routed)           0.000    -0.244    CNC_Top_i/XYZ_Axis_Coordinator_0/inst/val[7]_i_16_n_0
    SLICE_X100Y19        CARRY4 (Prop_carry4_S[0]_CO[3])
                                                      0.513     0.269 r  CNC_Top_i/XYZ_Axis_Coordinator_0/inst/val_reg[7]_i_10/CO[3]
                         net (fo=1, routed)           0.000     0.269    CNC_Top_i/XYZ_Axis_Coordinator_0/inst/val_reg[7]_i_10_n_0
    SLICE_X100Y20        CARRY4 (Prop_carry4_CI_CO[3])
                                                      0.117     0.386 r  CNC_Top_i/XYZ_Axis_Coordinator_0/inst/val_reg[11]_i_10/CO[3]
                         net (fo=1, routed)           0.000     0.386    CNC_Top_i/XYZ_Axis_Coordinator_0/inst/val_reg[11]_i_10_n_0
    SLICE_X100Y21        CARRY4 (Prop_carry4_CI_CO[3])
                                                      0.117     0.503 r  CNC_Top_i/XYZ_Axis_Coordinator_0/inst/val_reg[15]_i_10/CO[3]
                         net (fo=1, routed)           0.000     0.503    CNC_Top_i/XYZ_Axis_Coordinator_0/inst/val_reg[15]_i_10_n_0
    SLICE_X100Y22        CARRY4 (Prop_carry4_CI_CO[3])
                                                      0.117     0.620 r  CNC_Top_i/XYZ_Axis_Coordinator_0/inst/val_reg[19]_i_10/CO[3]
                         net (fo=1, routed)           0.000     0.620    CNC_Top_i/XYZ_Axis_Coordinator_0/inst/val_reg[19]_i_10_n_0
    SLICE_X100Y23        CARRY4 (Prop_carry4_CI_CO[3])
                                                      0.117     0.737 r  CNC_Top_i/XYZ_Axis_Coordinator_0/inst/val_reg[23]_i_10/CO[3]
                         net (fo=1, routed)           0.000     0.737    CNC_Top_i/XYZ_Axis_Coordinator_0/inst/val_reg[23]_i_10_n_0
    SLICE_X100Y24        CARRY4 (Prop_carry4_CI_CO[3])
                                                      0.117     0.854 r  CNC_Top_i/XYZ_Axis_Coordinator_0/inst/val_reg[27]_i_10/CO[3]
                         net (fo=1, routed)           0.009     0.863    CNC_Top_i/XYZ_Axis_Coordinator_0/inst/val_reg[27]_i_10_n_0
    SLICE_X100Y25        CARRY4 (Prop_carry4_CI_CO[3])
                                                      0.117     0.980 r  CNC_Top_i/XYZ_Axis_Coordinator_0/inst/val_reg[31]_i_10/CO[3]
                         net (fo=1, routed)           0.000     0.980    CNC_Top_i/XYZ_Axis_Coordinator_0/inst/val_reg[31]_i_10_n_0
    SLICE_X100Y26        CARRY4 (Prop_carry4_CI_CO[3])
                                                      0.117     1.097 r  CNC_Top_i/XYZ_Axis_Coordinator_0/inst/val_reg[35]_i_10/CO[3]
                         net (fo=1, routed)           0.000     1.097    CNC_Top_i/XYZ_Axis_Coordinator_0/inst/val_reg[35]_i_10_n_0
    SLICE_X100Y27        CARRY4 (Prop_carry4_CI_CO[3])
                                                      0.117     1.214 r  CNC_Top_i/XYZ_Axis_Coordinator_0/inst/val_reg[39]_i_10/CO[3]
                         net (fo=1, routed)           0.000     1.214    CNC_Top_i/XYZ_Axis_Coordinator_0/inst/val_reg[39]_i_10_n_0
    SLICE_X100Y28        CARRY4 (Prop_carry4_CI_CO[3])
                                                      0.117     1.331 r  CNC_Top_i/XYZ_Axis_Coordinator_0/inst/val_reg[43]_i_10/CO[3]
                         net (fo=1, routed)           0.000     1.331    CNC_Top_i/XYZ_Axis_Coordinator_0/inst/val_reg[43]_i_10_n_0
    SLICE_X100Y29        CARRY4 (Prop_carry4_CI_CO[3])
                                                      0.117     1.448 r  CNC_Top_i/XYZ_Axis_Coordinator_0/inst/val_reg[47]_i_10/CO[3]
                         net (fo=1, routed)           0.000     1.448    CNC_Top_i/XYZ_Axis_Coordinator_0/inst/val_reg[47]_i_10_n_0
    SLICE_X100Y30        CARRY4 (Prop_carry4_CI_CO[3])
                                                      0.117     1.565 r  CNC_Top_i/XYZ_Axis_Coordinator_0/inst/val_reg[51]_i_10/CO[3]
                         net (fo=1, routed)           0.000     1.565    CNC_Top_i/XYZ_Axis_Coordinator_0/inst/val_reg[51]_i_10_n_0
    SLICE_X100Y31        CARRY4 (Prop_carry4_CI_CO[3])
                                                      0.117     1.682 r  CNC_Top_i/XYZ_Axis_Coordinator_0/inst/val_reg[55]_i_10/CO[3]
                         net (fo=1, routed)           0.000     1.682    CNC_Top_i/XYZ_Axis_Coordinator_0/inst/val_reg[55]_i_10_n_0
    SLICE_X100Y32        CARRY4 (Prop_carry4_CI_CO[3])
                                                      0.117     1.799 r  CNC_Top_i/XYZ_Axis_Coordinator_0/inst/val_reg[59]_i_10/CO[3]
                         net (fo=1, routed)           0.000     1.799    CNC_Top_i/XYZ_Axis_Coordinator_0/inst/val_reg[59]_i_10_n_0
    SLICE_X100Y33        CARRY4 (Prop_carry4_CI_O[1])
                                                      0.323     2.122 r  CNC_Top_i/XYZ_Axis_Coordinator_0/inst/val_reg[63]_i_25/O[1]
                         net (fo=4, routed)           0.851     2.973    CNC_Top_i/XYZ_Axis_Coordinator_0/inst/val1__3[57]
    SLICE_X97Y28         LUT4 (Prop_lut4_I3_O)        0.306     3.279 r  CNC_Top_i/XYZ_Axis_Coordinator_0/inst/val[63]_i_20/O
                         net (fo=1, routed)           0.000     3.279    CNC_Top_i/XYZ_Axis_Coordinator_0/inst/val[63]_i_20_n_0
    SLICE_X97Y28         CARRY4 (Prop_carry4_S[0]_CO[3])
                                                      0.532     3.811 r  CNC_Top_i/XYZ_Axis_Coordinator_0/inst/val_reg[63]_i_4/CO[3]
                         net (fo=33, routed)          1.270     5.081    CNC_Top_i/XYZ_Axis_Coordinator_0/inst/val_reg[63]_i_4_n_0
    SLICE_X99Y19         LUT3 (Prop_lut3_I2_O)        0.124     5.205 r  CNC_Top_i/XYZ_Axis_Coordinator_0/inst/res[3]_i_3/O
                         net (fo=1, routed)           0.000     5.205    CNC_Top_i/XYZ_Axis_Coordinator_0/inst/res[3]_i_3_n_0
    SLICE_X99Y19         CARRY4 (Prop_carry4_S[0]_CO[3])
                                                      0.532     5.737 r  CNC_Top_i/XYZ_Axis_Coordinator_0/inst/res_reg[3]_i_1/CO[3]
                         net (fo=1, routed)           0.000     5.737    CNC_Top_i/XYZ_Axis_Coordinator_0/inst/res_reg[3]_i_1_n_0
    SLICE_X99Y20         CARRY4 (Prop_carry4_CI_CO[3])
                                                      0.114     5.851 r  CNC_Top_i/XYZ_Axis_Coordinator_0/inst/res_reg[7]_i_1/CO[3]
                         net (fo=1, routed)           0.000     5.851    CNC_Top_i/XYZ_Axis_Coordinator_0/inst/res_reg[7]_i_1_n_0
    SLICE_X99Y21         CARRY4 (Prop_carry4_CI_CO[3])
                                                      0.114     5.965 r  CNC_Top_i/XYZ_Axis_Coordinator_0/inst/res_reg[11]_i_1/CO[3]
                         net (fo=1, routed)           0.000     5.965    CNC_Top_i/XYZ_Axis_Coordinator_0/inst/res_reg[11]_i_1_n_0
    SLICE_X99Y22         CARRY4 (Prop_carry4_CI_CO[3])
                                                      0.114     6.079 r  CNC_Top_i/XYZ_Axis_Coordinator_0/inst/res_reg[15]_i_1/CO[3]
                         net (fo=1, routed)           0.000     6.079    CNC_Top_i/XYZ_Axis_Coordinator_0/inst/res_reg[15]_i_1_n_0
    SLICE_X99Y23         CARRY4 (Prop_carry4_CI_CO[3])
                                                      0.114     6.193 r  CNC_Top_i/XYZ_Axis_Coordinator_0/inst/res_reg[19]_i_1/CO[3]
                         net (fo=1, routed)           0.000     6.193    CNC_Top_i/XYZ_Axis_Coordinator_0/inst/res_reg[19]_i_1_n_0
    SLICE_X99Y24         CARRY4 (Prop_carry4_CI_CO[3])
                                                      0.114     6.307 r  CNC_Top_i/XYZ_Axis_Coordinator_0/inst/res_reg[23]_i_1/CO[3]
                         net (fo=1, routed)           0.009     6.316    CNC_Top_i/XYZ_Axis_Coordinator_0/inst/res_reg[23]_i_1_n_0
    SLICE_X99Y25         CARRY4 (Prop_carry4_CI_CO[3])
                                                      0.114     6.430 r  CNC_Top_i/XYZ_Axis_Coordinator_0/inst/res_reg[27]_i_1/CO[3]
                         net (fo=1, routed)           0.000     6.430    CNC_Top_i/XYZ_Axis_Coordinator_0/inst/res_reg[27]_i_1_n_0
    SLICE_X99Y26         CARRY4 (Prop_carry4_CI_CO[3])
                                                      0.114     6.544 r  CNC_Top_i/XYZ_Axis_Coordinator_0/inst/res_reg[31]_i_1/CO[3]
                         net (fo=1, routed)           0.000     6.544    CNC_Top_i/XYZ_Axis_Coordinator_0/inst/res_reg[31]_i_1_n_0
    SLICE_X99Y27         CARRY4 (Prop_carry4_CI_CO[3])
                                                      0.114     6.658 r  CNC_Top_i/XYZ_Axis_Coordinator_0/inst/res_reg[35]_i_1/CO[3]
                         net (fo=1, routed)           0.000     6.658    CNC_Top_i/XYZ_Axis_Coordinator_0/inst/res_reg[35]_i_1_n_0
    SLICE_X99Y28         CARRY4 (Prop_carry4_CI_CO[3])
                                                      0.114     6.772 r  CNC_Top_i/XYZ_Axis_Coordinator_0/inst/res_reg[39]_i_1/CO[3]
                         net (fo=1, routed)           0.000     6.772    CNC_Top_i/XYZ_Axis_Coordinator_0/inst/res_reg[39]_i_1_n_0
    SLICE_X99Y29         CARRY4 (Prop_carry4_CI_CO[3])
                                                      0.114     6.886 r  CNC_Top_i/XYZ_Axis_Coordinator_0/inst/res_reg[43]_i_1/CO[3]
                         net (fo=1, routed)           0.000     6.886    CNC_Top_i/XYZ_Axis_Coordinator_0/inst/res_reg[43]_i_1_n_0
    SLICE_X99Y30         CARRY4 (Prop_carry4_CI_CO[3])
                                                      0.114     7.000 r  CNC_Top_i/XYZ_Axis_Coordinator_0/inst/res_reg[47]_i_1/CO[3]
                         net (fo=1, routed)           0.000     7.000    CNC_Top_i/XYZ_Axis_Coordinator_0/inst/res_reg[47]_i_1_n_0
    SLICE_X99Y31         CARRY4 (Prop_carry4_CI_CO[3])
                                                      0.114     7.114 r  CNC_Top_i/XYZ_Axis_Coordinator_0/inst/res_reg[51]_i_1/CO[3]
                         net (fo=1, routed)           0.000     7.114    CNC_Top_i/XYZ_Axis_Coordinator_0/inst/res_reg[51]_i_1_n_0
    SLICE_X99Y32         CARRY4 (Prop_carry4_CI_CO[3])
                                                      0.114     7.228 r  CNC_Top_i/XYZ_Axis_Coordinator_0/inst/res_reg[55]_i_1/CO[3]
                         net (fo=1, routed)           0.000     7.228    CNC_Top_i/XYZ_Axis_Coordinator_0/inst/res_reg[55]_i_1_n_0
    SLICE_X99Y33         CARRY4 (Prop_carry4_CI_O[3])
                                                      0.313     7.541 r  CNC_Top_i/XYZ_Axis_Coordinator_0/inst/res_reg[59]_i_1/O[3]
                         net (fo=1, routed)           0.000     7.541    CNC_Top_i/XYZ_Axis_Coordinator_0/inst/res1_in[59]
    SLICE_X99Y33         FDRE                                         r  CNC_Top_i/XYZ_Axis_Coordinator_0/inst/res_reg[59]/D
  -------------------------------------------------------------------    -------------------

                         (clock clk_out1_CNC_Top_clk_wiz_0 rise edge)
                                                     10.000    10.000 r  
    C17                                               0.000    10.000 r  sys_clock (IN)
                         net (fo=0)                   0.000    10.000    CNC_Top_i/clk_wiz/inst/clk_in1
    C17                  IBUF (Prop_ibuf_I_O)         0.833    10.833 r  CNC_Top_i/clk_wiz/inst/clkin1_ibufg/O
                         net (fo=1, routed)           1.162    11.995    CNC_Top_i/clk_wiz/inst/clk_in1_CNC_Top_clk_wiz_0
    MMCME2_ADV_X1Y2      MMCME2_ADV (Prop_mmcme2_adv_CLKIN1_CLKOUT0)
                                                     -7.814     4.181 r  CNC_Top_i/clk_wiz/inst/mmcm_adv_inst/CLKOUT0
                         net (fo=1, routed)           2.012     6.193    CNC_Top_i/clk_wiz/inst/clk_out1_CNC_Top_clk_wiz_0
    BUFGCTRL_X0Y16       BUFG (Prop_bufg_I_O)         0.091     6.284 r  CNC_Top_i/clk_wiz/inst/clkout1_buf/O
                         net (fo=439, routed)         1.618     7.903    CNC_Top_i/XYZ_Axis_Coordinator_0/inst/clk
    SLICE_X99Y33         FDRE                                         r  CNC_Top_i/XYZ_Axis_Coordinator_0/inst/res_reg[59]/C
                         clock pessimism              0.630     8.533    
                         clock uncertainty           -0.074     8.459    
    SLICE_X99Y33         FDRE (Setup_fdre_C_D)        0.062     8.521    CNC_Top_i/XYZ_Axis_Coordinator_0/inst/res_reg[59]
  -------------------------------------------------------------------
                         required time                          8.521    
                         arrival time                          -7.541    
  -------------------------------------------------------------------
                         slack                                  0.980    

Slack (MET) :             1.054ns  (required time - arrival time)
  Source:                 CNC_Top_i/XYZ_Axis_Coordinator_0/inst/res_reg[0]/C
                            (rising edge-triggered cell FDRE clocked by clk_out1_CNC_Top_clk_wiz_0  {rise@0.000ns fall@5.000ns period=10.000ns})
  Destination:            CNC_Top_i/XYZ_Axis_Coordinator_0/inst/res_reg[58]/D
                            (rising edge-triggered cell FDRE clocked by clk_out1_CNC_Top_clk_wiz_0  {rise@0.000ns fall@5.000ns period=10.000ns})
  Path Group:             clk_out1_CNC_Top_clk_wiz_0
  Path Type:              Setup (Max at Slow Process Corner)
  Requirement:            10.000ns  (clk_out1_CNC_Top_clk_wiz_0 rise@10.000ns - clk_out1_CNC_Top_clk_wiz_0 rise@0.000ns)
  Data Path Delay:        8.877ns  (logic 6.152ns (69.304%)  route 2.725ns (30.696%))
  Logic Levels:           34  (CARRY4=31 LUT2=1 LUT3=1 LUT4=1)
  Clock Path Skew:        -0.057ns (DCD - SCD + CPR)
    Destination Clock Delay (DCD):    -2.097ns = ( 7.903 - 10.000 ) 
    Source Clock Delay      (SCD):    -1.410ns
    Clock Pessimism Removal (CPR):    0.630ns
  Clock Uncertainty:      0.074ns  ((TSJ^2 + DJ^2)^1/2) / 2 + PE
    Total System Jitter     (TSJ):    0.071ns
    Discrete Jitter          (DJ):    0.131ns
    Phase Error              (PE):    0.000ns

    Location             Delay type                Incr(ns)  Path(ns)    Netlist Resource(s)
  -------------------------------------------------------------------    -------------------
                         (clock clk_out1_CNC_Top_clk_wiz_0 rise edge)
                                                      0.000     0.000 r  
    C17                                               0.000     0.000 r  sys_clock (IN)
                         net (fo=0)                   0.000     0.000    CNC_Top_i/clk_wiz/inst/clk_in1
    C17                  IBUF (Prop_ibuf_I_O)         0.967     0.967 r  CNC_Top_i/clk_wiz/inst/clkin1_ibufg/O
                         net (fo=1, routed)           1.285     2.252    CNC_Top_i/clk_wiz/inst/clk_in1_CNC_Top_clk_wiz_0
    MMCME2_ADV_X1Y2      MMCME2_ADV (Prop_mmcme2_adv_CLKIN1_CLKOUT0)
                                                     -7.759    -5.507 r  CNC_Top_i/clk_wiz/inst/mmcm_adv_inst/CLKOUT0
                         net (fo=1, routed)           2.206    -3.301    CNC_Top_i/clk_wiz/inst/clk_out1_CNC_Top_clk_wiz_0
    BUFGCTRL_X0Y16       BUFG (Prop_bufg_I_O)         0.101    -3.200 r  CNC_Top_i/clk_wiz/inst/clkout1_buf/O
                         net (fo=439, routed)         1.790    -1.410    CNC_Top_i/XYZ_Axis_Coordinator_0/inst/clk
    SLICE_X99Y19         FDRE                                         r  CNC_Top_i/XYZ_Axis_Coordinator_0/inst/res_reg[0]/C
  -------------------------------------------------------------------    -------------------
    SLICE_X99Y19         FDRE (Prop_fdre_C_Q)         0.456    -0.954 r  CNC_Top_i/XYZ_Axis_Coordinator_0/inst/res_reg[0]/Q
                         net (fo=3, routed)           0.586    -0.368    CNC_Top_i/XYZ_Axis_Coordinator_0/inst/res_reg_n_0_[0]
    SLICE_X100Y19        LUT2 (Prop_lut2_I0_O)        0.124    -0.244 r  CNC_Top_i/XYZ_Axis_Coordinator_0/inst/val[7]_i_16/O
                         net (fo=1, routed)           0.000    -0.244    CNC_Top_i/XYZ_Axis_Coordinator_0/inst/val[7]_i_16_n_0
    SLICE_X100Y19        CARRY4 (Prop_carry4_S[0]_CO[3])
                                                      0.513     0.269 r  CNC_Top_i/XYZ_Axis_Coordinator_0/inst/val_reg[7]_i_10/CO[3]
                         net (fo=1, routed)           0.000     0.269    CNC_Top_i/XYZ_Axis_Coordinator_0/inst/val_reg[7]_i_10_n_0
    SLICE_X100Y20        CARRY4 (Prop_carry4_CI_CO[3])
                                                      0.117     0.386 r  CNC_Top_i/XYZ_Axis_Coordinator_0/inst/val_reg[11]_i_10/CO[3]
                         net (fo=1, routed)           0.000     0.386    CNC_Top_i/XYZ_Axis_Coordinator_0/inst/val_reg[11]_i_10_n_0
    SLICE_X100Y21        CARRY4 (Prop_carry4_CI_CO[3])
                                                      0.117     0.503 r  CNC_Top_i/XYZ_Axis_Coordinator_0/inst/val_reg[15]_i_10/CO[3]
                         net (fo=1, routed)           0.000     0.503    CNC_Top_i/XYZ_Axis_Coordinator_0/inst/val_reg[15]_i_10_n_0
    SLICE_X100Y22        CARRY4 (Prop_carry4_CI_CO[3])
                                                      0.117     0.620 r  CNC_Top_i/XYZ_Axis_Coordinator_0/inst/val_reg[19]_i_10/CO[3]
                         net (fo=1, routed)           0.000     0.620    CNC_Top_i/XYZ_Axis_Coordinator_0/inst/val_reg[19]_i_10_n_0
    SLICE_X100Y23        CARRY4 (Prop_carry4_CI_CO[3])
                                                      0.117     0.737 r  CNC_Top_i/XYZ_Axis_Coordinator_0/inst/val_reg[23]_i_10/CO[3]
                         net (fo=1, routed)           0.000     0.737    CNC_Top_i/XYZ_Axis_Coordinator_0/inst/val_reg[23]_i_10_n_0
    SLICE_X100Y24        CARRY4 (Prop_carry4_CI_CO[3])
                                                      0.117     0.854 r  CNC_Top_i/XYZ_Axis_Coordinator_0/inst/val_reg[27]_i_10/CO[3]
                         net (fo=1, routed)           0.009     0.863    CNC_Top_i/XYZ_Axis_Coordinator_0/inst/val_reg[27]_i_10_n_0
    SLICE_X100Y25        CARRY4 (Prop_carry4_CI_CO[3])
                                                      0.117     0.980 r  CNC_Top_i/XYZ_Axis_Coordinator_0/inst/val_reg[31]_i_10/CO[3]
                         net (fo=1, routed)           0.000     0.980    CNC_Top_i/XYZ_Axis_Coordinator_0/inst/val_reg[31]_i_10_n_0
    SLICE_X100Y26        CARRY4 (Prop_carry4_CI_CO[3])
                                                      0.117     1.097 r  CNC_Top_i/XYZ_Axis_Coordinator_0/inst/val_reg[35]_i_10/CO[3]
                         net (fo=1, routed)           0.000     1.097    CNC_Top_i/XYZ_Axis_Coordinator_0/inst/val_reg[35]_i_10_n_0
    SLICE_X100Y27        CARRY4 (Prop_carry4_CI_CO[3])
                                                      0.117     1.214 r  CNC_Top_i/XYZ_Axis_Coordinator_0/inst/val_reg[39]_i_10/CO[3]
                         net (fo=1, routed)           0.000     1.214    CNC_Top_i/XYZ_Axis_Coordinator_0/inst/val_reg[39]_i_10_n_0
    SLICE_X100Y28        CARRY4 (Prop_carry4_CI_CO[3])
                                                      0.117     1.331 r  CNC_Top_i/XYZ_Axis_Coordinator_0/inst/val_reg[43]_i_10/CO[3]
                         net (fo=1, routed)           0.000     1.331    CNC_Top_i/XYZ_Axis_Coordinator_0/inst/val_reg[43]_i_10_n_0
    SLICE_X100Y29        CARRY4 (Prop_carry4_CI_CO[3])
                                                      0.117     1.448 r  CNC_Top_i/XYZ_Axis_Coordinator_0/inst/val_reg[47]_i_10/CO[3]
                         net (fo=1, routed)           0.000     1.448    CNC_Top_i/XYZ_Axis_Coordinator_0/inst/val_reg[47]_i_10_n_0
    SLICE_X100Y30        CARRY4 (Prop_carry4_CI_CO[3])
                                                      0.117     1.565 r  CNC_Top_i/XYZ_Axis_Coordinator_0/inst/val_reg[51]_i_10/CO[3]
                         net (fo=1, routed)           0.000     1.565    CNC_Top_i/XYZ_Axis_Coordinator_0/inst/val_reg[51]_i_10_n_0
    SLICE_X100Y31        CARRY4 (Prop_carry4_CI_CO[3])
                                                      0.117     1.682 r  CNC_Top_i/XYZ_Axis_Coordinator_0/inst/val_reg[55]_i_10/CO[3]
                         net (fo=1, routed)           0.000     1.682    CNC_Top_i/XYZ_Axis_Coordinator_0/inst/val_reg[55]_i_10_n_0
    SLICE_X100Y32        CARRY4 (Prop_carry4_CI_CO[3])
                                                      0.117     1.799 r  CNC_Top_i/XYZ_Axis_Coordinator_0/inst/val_reg[59]_i_10/CO[3]
                         net (fo=1, routed)           0.000     1.799    CNC_Top_i/XYZ_Axis_Coordinator_0/inst/val_reg[59]_i_10_n_0
    SLICE_X100Y33        CARRY4 (Prop_carry4_CI_O[1])
                                                      0.323     2.122 r  CNC_Top_i/XYZ_Axis_Coordinator_0/inst/val_reg[63]_i_25/O[1]
                         net (fo=4, routed)           0.851     2.973    CNC_Top_i/XYZ_Axis_Coordinator_0/inst/val1__3[57]
    SLICE_X97Y28         LUT4 (Prop_lut4_I3_O)        0.306     3.279 r  CNC_Top_i/XYZ_Axis_Coordinator_0/inst/val[63]_i_20/O
                         net (fo=1, routed)           0.000     3.279    CNC_Top_i/XYZ_Axis_Coordinator_0/inst/val[63]_i_20_n_0
    SLICE_X97Y28         CARRY4 (Prop_carry4_S[0]_CO[3])
                                                      0.532     3.811 r  CNC_Top_i/XYZ_Axis_Coordinator_0/inst/val_reg[63]_i_4/CO[3]
                         net (fo=33, routed)          1.270     5.081    CNC_Top_i/XYZ_Axis_Coordinator_0/inst/val_reg[63]_i_4_n_0
    SLICE_X99Y19         LUT3 (Prop_lut3_I2_O)        0.124     5.205 r  CNC_Top_i/XYZ_Axis_Coordinator_0/inst/res[3]_i_3/O
                         net (fo=1, routed)           0.000     5.205    CNC_Top_i/XYZ_Axis_Coordinator_0/inst/res[3]_i_3_n_0
    SLICE_X99Y19         CARRY4 (Prop_carry4_S[0]_CO[3])
                                                      0.532     5.737 r  CNC_Top_i/XYZ_Axis_Coordinator_0/inst/res_reg[3]_i_1/CO[3]
                         net (fo=1, routed)           0.000     5.737    CNC_Top_i/XYZ_Axis_Coordinator_0/inst/res_reg[3]_i_1_n_0
    SLICE_X99Y20         CARRY4 (Prop_carry4_CI_CO[3])
                                                      0.114     5.851 r  CNC_Top_i/XYZ_Axis_Coordinator_0/inst/res_reg[7]_i_1/CO[3]
                         net (fo=1, routed)           0.000     5.851    CNC_Top_i/XYZ_Axis_Coordinator_0/inst/res_reg[7]_i_1_n_0
    SLICE_X99Y21         CARRY4 (Prop_carry4_CI_CO[3])
                                                      0.114     5.965 r  CNC_Top_i/XYZ_Axis_Coordinator_0/inst/res_reg[11]_i_1/CO[3]
                         net (fo=1, routed)           0.000     5.965    CNC_Top_i/XYZ_Axis_Coordinator_0/inst/res_reg[11]_i_1_n_0
    SLICE_X99Y22         CARRY4 (Prop_carry4_CI_CO[3])
                                                      0.114     6.079 r  CNC_Top_i/XYZ_Axis_Coordinator_0/inst/res_reg[15]_i_1/CO[3]
                         net (fo=1, routed)           0.000     6.079    CNC_Top_i/XYZ_Axis_Coordinator_0/inst/res_reg[15]_i_1_n_0
    SLICE_X99Y23         CARRY4 (Prop_carry4_CI_CO[3])
                                                      0.114     6.193 r  CNC_Top_i/XYZ_Axis_Coordinator_0/inst/res_reg[19]_i_1/CO[3]
                         net (fo=1, routed)           0.000     6.193    CNC_Top_i/XYZ_Axis_Coordinator_0/inst/res_reg[19]_i_1_n_0
    SLICE_X99Y24         CARRY4 (Prop_carry4_CI_CO[3])
                                                      0.114     6.307 r  CNC_Top_i/XYZ_Axis_Coordinator_0/inst/res_reg[23]_i_1/CO[3]
                         net (fo=1, routed)           0.009     6.316    CNC_Top_i/XYZ_Axis_Coordinator_0/inst/res_reg[23]_i_1_n_0
    SLICE_X99Y25         CARRY4 (Prop_carry4_CI_CO[3])
                                                      0.114     6.430 r  CNC_Top_i/XYZ_Axis_Coordinator_0/inst/res_reg[27]_i_1/CO[3]
                         net (fo=1, routed)           0.000     6.430    CNC_Top_i/XYZ_Axis_Coordinator_0/inst/res_reg[27]_i_1_n_0
    SLICE_X99Y26         CARRY4 (Prop_carry4_CI_CO[3])
                                                      0.114     6.544 r  CNC_Top_i/XYZ_Axis_Coordinator_0/inst/res_reg[31]_i_1/CO[3]
                         net (fo=1, routed)           0.000     6.544    CNC_Top_i/XYZ_Axis_Coordinator_0/inst/res_reg[31]_i_1_n_0
    SLICE_X99Y27         CARRY4 (Prop_carry4_CI_CO[3])
                                                      0.114     6.658 r  CNC_Top_i/XYZ_Axis_Coordinator_0/inst/res_reg[35]_i_1/CO[3]
                         net (fo=1, routed)           0.000     6.658    CNC_Top_i/XYZ_Axis_Coordinator_0/inst/res_reg[35]_i_1_n_0
    SLICE_X99Y28         CARRY4 (Prop_carry4_CI_CO[3])
                                                      0.114     6.772 r  CNC_Top_i/XYZ_Axis_Coordinator_0/inst/res_reg[39]_i_1/CO[3]
                         net (fo=1, routed)           0.000     6.772    CNC_Top_i/XYZ_Axis_Coordinator_0/inst/res_reg[39]_i_1_n_0
    SLICE_X99Y29         CARRY4 (Prop_carry4_CI_CO[3])
                                                      0.114     6.886 r  CNC_Top_i/XYZ_Axis_Coordinator_0/inst/res_reg[43]_i_1/CO[3]
                         net (fo=1, routed)           0.000     6.886    CNC_Top_i/XYZ_Axis_Coordinator_0/inst/res_reg[43]_i_1_n_0
    SLICE_X99Y30         CARRY4 (Prop_carry4_CI_CO[3])
                                                      0.114     7.000 r  CNC_Top_i/XYZ_Axis_Coordinator_0/inst/res_reg[47]_i_1/CO[3]
                         net (fo=1, routed)           0.000     7.000    CNC_Top_i/XYZ_Axis_Coordinator_0/inst/res_reg[47]_i_1_n_0
    SLICE_X99Y31         CARRY4 (Prop_carry4_CI_CO[3])
                                                      0.114     7.114 r  CNC_Top_i/XYZ_Axis_Coordinator_0/inst/res_reg[51]_i_1/CO[3]
                         net (fo=1, routed)           0.000     7.114    CNC_Top_i/XYZ_Axis_Coordinator_0/inst/res_reg[51]_i_1_n_0
    SLICE_X99Y32         CARRY4 (Prop_carry4_CI_CO[3])
                                                      0.114     7.228 r  CNC_Top_i/XYZ_Axis_Coordinator_0/inst/res_reg[55]_i_1/CO[3]
                         net (fo=1, routed)           0.000     7.228    CNC_Top_i/XYZ_Axis_Coordinator_0/inst/res_reg[55]_i_1_n_0
    SLICE_X99Y33         CARRY4 (Prop_carry4_CI_O[2])
                                                      0.239     7.467 r  CNC_Top_i/XYZ_Axis_Coordinator_0/inst/res_reg[59]_i_1/O[2]
                         net (fo=1, routed)           0.000     7.467    CNC_Top_i/XYZ_Axis_Coordinator_0/inst/res1_in[58]
    SLICE_X99Y33         FDRE                                         r  CNC_Top_i/XYZ_Axis_Coordinator_0/inst/res_reg[58]/D
  -------------------------------------------------------------------    -------------------

                         (clock clk_out1_CNC_Top_clk_wiz_0 rise edge)
                                                     10.000    10.000 r  
    C17                                               0.000    10.000 r  sys_clock (IN)
                         net (fo=0)                   0.000    10.000    CNC_Top_i/clk_wiz/inst/clk_in1
    C17                  IBUF (Prop_ibuf_I_O)         0.833    10.833 r  CNC_Top_i/clk_wiz/inst/clkin1_ibufg/O
                         net (fo=1, routed)           1.162    11.995    CNC_Top_i/clk_wiz/inst/clk_in1_CNC_Top_clk_wiz_0
    MMCME2_ADV_X1Y2      MMCME2_ADV (Prop_mmcme2_adv_CLKIN1_CLKOUT0)
                                                     -7.814     4.181 r  CNC_Top_i/clk_wiz/inst/mmcm_adv_inst/CLKOUT0
                         net (fo=1, routed)           2.012     6.193    CNC_Top_i/clk_wiz/inst/clk_out1_CNC_Top_clk_wiz_0
    BUFGCTRL_X0Y16       BUFG (Prop_bufg_I_O)         0.091     6.284 r  CNC_Top_i/clk_wiz/inst/clkout1_buf/O
                         net (fo=439, routed)         1.618     7.903    CNC_Top_i/XYZ_Axis_Coordinator_0/inst/clk
    SLICE_X99Y33         FDRE                                         r  CNC_Top_i/XYZ_Axis_Coordinator_0/inst/res_reg[58]/C
                         clock pessimism              0.630     8.533    
                         clock uncertainty           -0.074     8.459    
    SLICE_X99Y33         FDRE (Setup_fdre_C_D)        0.062     8.521    CNC_Top_i/XYZ_Axis_Coordinator_0/inst/res_reg[58]
  -------------------------------------------------------------------
                         required time                          8.521    
                         arrival time                          -7.467    
  -------------------------------------------------------------------
                         slack                                  1.054    

Slack (MET) :             1.070ns  (required time - arrival time)
  Source:                 CNC_Top_i/XYZ_Axis_Coordinator_0/inst/res_reg[0]/C
                            (rising edge-triggered cell FDRE clocked by clk_out1_CNC_Top_clk_wiz_0  {rise@0.000ns fall@5.000ns period=10.000ns})
  Destination:            CNC_Top_i/XYZ_Axis_Coordinator_0/inst/res_reg[56]/D
                            (rising edge-triggered cell FDRE clocked by clk_out1_CNC_Top_clk_wiz_0  {rise@0.000ns fall@5.000ns period=10.000ns})
  Path Group:             clk_out1_CNC_Top_clk_wiz_0
  Path Type:              Setup (Max at Slow Process Corner)
  Requirement:            10.000ns  (clk_out1_CNC_Top_clk_wiz_0 rise@10.000ns - clk_out1_CNC_Top_clk_wiz_0 rise@0.000ns)
  Data Path Delay:        8.861ns  (logic 6.136ns (69.248%)  route 2.725ns (30.752%))
  Logic Levels:           34  (CARRY4=31 LUT2=1 LUT3=1 LUT4=1)
  Clock Path Skew:        -0.057ns (DCD - SCD + CPR)
    Destination Clock Delay (DCD):    -2.097ns = ( 7.903 - 10.000 ) 
    Source Clock Delay      (SCD):    -1.410ns
    Clock Pessimism Removal (CPR):    0.630ns
  Clock Uncertainty:      0.074ns  ((TSJ^2 + DJ^2)^1/2) / 2 + PE
    Total System Jitter     (TSJ):    0.071ns
    Discrete Jitter          (DJ):    0.131ns
    Phase Error              (PE):    0.000ns

    Location             Delay type                Incr(ns)  Path(ns)    Netlist Resource(s)
  -------------------------------------------------------------------    -------------------
                         (clock clk_out1_CNC_Top_clk_wiz_0 rise edge)
                                                      0.000     0.000 r  
    C17                                               0.000     0.000 r  sys_clock (IN)
                         net (fo=0)                   0.000     0.000    CNC_Top_i/clk_wiz/inst/clk_in1
    C17                  IBUF (Prop_ibuf_I_O)         0.967     0.967 r  CNC_Top_i/clk_wiz/inst/clkin1_ibufg/O
                         net (fo=1, routed)           1.285     2.252    CNC_Top_i/clk_wiz/inst/clk_in1_CNC_Top_clk_wiz_0
    MMCME2_ADV_X1Y2      MMCME2_ADV (Prop_mmcme2_adv_CLKIN1_CLKOUT0)
                                                     -7.759    -5.507 r  CNC_Top_i/clk_wiz/inst/mmcm_adv_inst/CLKOUT0
                         net (fo=1, routed)           2.206    -3.301    CNC_Top_i/clk_wiz/inst/clk_out1_CNC_Top_clk_wiz_0
    BUFGCTRL_X0Y16       BUFG (Prop_bufg_I_O)         0.101    -3.200 r  CNC_Top_i/clk_wiz/inst/clkout1_buf/O
                         net (fo=439, routed)         1.790    -1.410    CNC_Top_i/XYZ_Axis_Coordinator_0/inst/clk
    SLICE_X99Y19         FDRE                                         r  CNC_Top_i/XYZ_Axis_Coordinator_0/inst/res_reg[0]/C
  -------------------------------------------------------------------    -------------------
    SLICE_X99Y19         FDRE (Prop_fdre_C_Q)         0.456    -0.954 r  CNC_Top_i/XYZ_Axis_Coordinator_0/inst/res_reg[0]/Q
                         net (fo=3, routed)           0.586    -0.368    CNC_Top_i/XYZ_Axis_Coordinator_0/inst/res_reg_n_0_[0]
    SLICE_X100Y19        LUT2 (Prop_lut2_I0_O)        0.124    -0.244 r  CNC_Top_i/XYZ_Axis_Coordinator_0/inst/val[7]_i_16/O
                         net (fo=1, routed)           0.000    -0.244    CNC_Top_i/XYZ_Axis_Coordinator_0/inst/val[7]_i_16_n_0
    SLICE_X100Y19        CARRY4 (Prop_carry4_S[0]_CO[3])
                                                      0.513     0.269 r  CNC_Top_i/XYZ_Axis_Coordinator_0/inst/val_reg[7]_i_10/CO[3]
                         net (fo=1, routed)           0.000     0.269    CNC_Top_i/XYZ_Axis_Coordinator_0/inst/val_reg[7]_i_10_n_0
    SLICE_X100Y20        CARRY4 (Prop_carry4_CI_CO[3])
                                                      0.117     0.386 r  CNC_Top_i/XYZ_Axis_Coordinator_0/inst/val_reg[11]_i_10/CO[3]
                         net (fo=1, routed)           0.000     0.386    CNC_Top_i/XYZ_Axis_Coordinator_0/inst/val_reg[11]_i_10_n_0
    SLICE_X100Y21        CARRY4 (Prop_carry4_CI_CO[3])
                                                      0.117     0.503 r  CNC_Top_i/XYZ_Axis_Coordinator_0/inst/val_reg[15]_i_10/CO[3]
                         net (fo=1, routed)           0.000     0.503    CNC_Top_i/XYZ_Axis_Coordinator_0/inst/val_reg[15]_i_10_n_0
    SLICE_X100Y22        CARRY4 (Prop_carry4_CI_CO[3])
                                                      0.117     0.620 r  CNC_Top_i/XYZ_Axis_Coordinator_0/inst/val_reg[19]_i_10/CO[3]
                         net (fo=1, routed)           0.000     0.620    CNC_Top_i/XYZ_Axis_Coordinator_0/inst/val_reg[19]_i_10_n_0
    SLICE_X100Y23        CARRY4 (Prop_carry4_CI_CO[3])
                                                      0.117     0.737 r  CNC_Top_i/XYZ_Axis_Coordinator_0/inst/val_reg[23]_i_10/CO[3]
                         net (fo=1, routed)           0.000     0.737    CNC_Top_i/XYZ_Axis_Coordinator_0/inst/val_reg[23]_i_10_n_0
    SLICE_X100Y24        CARRY4 (Prop_carry4_CI_CO[3])
                                                      0.117     0.854 r  CNC_Top_i/XYZ_Axis_Coordinator_0/inst/val_reg[27]_i_10/CO[3]
                         net (fo=1, routed)           0.009     0.863    CNC_Top_i/XYZ_Axis_Coordinator_0/inst/val_reg[27]_i_10_n_0
    SLICE_X100Y25        CARRY4 (Prop_carry4_CI_CO[3])
                                                      0.117     0.980 r  CNC_Top_i/XYZ_Axis_Coordinator_0/inst/val_reg[31]_i_10/CO[3]
                         net (fo=1, routed)           0.000     0.980    CNC_Top_i/XYZ_Axis_Coordinator_0/inst/val_reg[31]_i_10_n_0
    SLICE_X100Y26        CARRY4 (Prop_carry4_CI_CO[3])
                                                      0.117     1.097 r  CNC_Top_i/XYZ_Axis_Coordinator_0/inst/val_reg[35]_i_10/CO[3]
                         net (fo=1, routed)           0.000     1.097    CNC_Top_i/XYZ_Axis_Coordinator_0/inst/val_reg[35]_i_10_n_0
    SLICE_X100Y27        CARRY4 (Prop_carry4_CI_CO[3])
                                                      0.117     1.214 r  CNC_Top_i/XYZ_Axis_Coordinator_0/inst/val_reg[39]_i_10/CO[3]
                         net (fo=1, routed)           0.000     1.214    CNC_Top_i/XYZ_Axis_Coordinator_0/inst/val_reg[39]_i_10_n_0
    SLICE_X100Y28        CARRY4 (Prop_carry4_CI_CO[3])
                                                      0.117     1.331 r  CNC_Top_i/XYZ_Axis_Coordinator_0/inst/val_reg[43]_i_10/CO[3]
                         net (fo=1, routed)           0.000     1.331    CNC_Top_i/XYZ_Axis_Coordinator_0/inst/val_reg[43]_i_10_n_0
    SLICE_X100Y29        CARRY4 (Prop_carry4_CI_CO[3])
                                                      0.117     1.448 r  CNC_Top_i/XYZ_Axis_Coordinator_0/inst/val_reg[47]_i_10/CO[3]
                         net (fo=1, routed)           0.000     1.448    CNC_Top_i/XYZ_Axis_Coordinator_0/inst/val_reg[47]_i_10_n_0
    SLICE_X100Y30        CARRY4 (Prop_carry4_CI_CO[3])
                                                      0.117     1.565 r  CNC_Top_i/XYZ_Axis_Coordinator_0/inst/val_reg[51]_i_10/CO[3]
                         net (fo=1, routed)           0.000     1.565    CNC_Top_i/XYZ_Axis_Coordinator_0/inst/val_reg[51]_i_10_n_0
    SLICE_X100Y31        CARRY4 (Prop_carry4_CI_CO[3])
                                                      0.117     1.682 r  CNC_Top_i/XYZ_Axis_Coordinator_0/inst/val_reg[55]_i_10/CO[3]
                         net (fo=1, routed)           0.000     1.682    CNC_Top_i/XYZ_Axis_Coordinator_0/inst/val_reg[55]_i_10_n_0
    SLICE_X100Y32        CARRY4 (Prop_carry4_CI_CO[3])
                                                      0.117     1.799 r  CNC_Top_i/XYZ_Axis_Coordinator_0/inst/val_reg[59]_i_10/CO[3]
                         net (fo=1, routed)           0.000     1.799    CNC_Top_i/XYZ_Axis_Coordinator_0/inst/val_reg[59]_i_10_n_0
    SLICE_X100Y33        CARRY4 (Prop_carry4_CI_O[1])
                                                      0.323     2.122 r  CNC_Top_i/XYZ_Axis_Coordinator_0/inst/val_reg[63]_i_25/O[1]
                         net (fo=4, routed)           0.851     2.973    CNC_Top_i/XYZ_Axis_Coordinator_0/inst/val1__3[57]
    SLICE_X97Y28         LUT4 (Prop_lut4_I3_O)        0.306     3.279 r  CNC_Top_i/XYZ_Axis_Coordinator_0/inst/val[63]_i_20/O
                         net (fo=1, routed)           0.000     3.279    CNC_Top_i/XYZ_Axis_Coordinator_0/inst/val[63]_i_20_n_0
    SLICE_X97Y28         CARRY4 (Prop_carry4_S[0]_CO[3])
                                                      0.532     3.811 r  CNC_Top_i/XYZ_Axis_Coordinator_0/inst/val_reg[63]_i_4/CO[3]
                         net (fo=33, routed)          1.270     5.081    CNC_Top_i/XYZ_Axis_Coordinator_0/inst/val_reg[63]_i_4_n_0
    SLICE_X99Y19         LUT3 (Prop_lut3_I2_O)        0.124     5.205 r  CNC_Top_i/XYZ_Axis_Coordinator_0/inst/res[3]_i_3/O
                         net (fo=1, routed)           0.000     5.205    CNC_Top_i/XYZ_Axis_Coordinator_0/inst/res[3]_i_3_n_0
    SLICE_X99Y19         CARRY4 (Prop_carry4_S[0]_CO[3])
                                                      0.532     5.737 r  CNC_Top_i/XYZ_Axis_Coordinator_0/inst/res_reg[3]_i_1/CO[3]
                         net (fo=1, routed)           0.000     5.737    CNC_Top_i/XYZ_Axis_Coordinator_0/inst/res_reg[3]_i_1_n_0
    SLICE_X99Y20         CARRY4 (Prop_carry4_CI_CO[3])
                                                      0.114     5.851 r  CNC_Top_i/XYZ_Axis_Coordinator_0/inst/res_reg[7]_i_1/CO[3]
                         net (fo=1, routed)           0.000     5.851    CNC_Top_i/XYZ_Axis_Coordinator_0/inst/res_reg[7]_i_1_n_0
    SLICE_X99Y21         CARRY4 (Prop_carry4_CI_CO[3])
                                                      0.114     5.965 r  CNC_Top_i/XYZ_Axis_Coordinator_0/inst/res_reg[11]_i_1/CO[3]
                         net (fo=1, routed)           0.000     5.965    CNC_Top_i/XYZ_Axis_Coordinator_0/inst/res_reg[11]_i_1_n_0
    SLICE_X99Y22         CARRY4 (Prop_carry4_CI_CO[3])
                                                      0.114     6.079 r  CNC_Top_i/XYZ_Axis_Coordinator_0/inst/res_reg[15]_i_1/CO[3]
                         net (fo=1, routed)           0.000     6.079    CNC_Top_i/XYZ_Axis_Coordinator_0/inst/res_reg[15]_i_1_n_0
    SLICE_X99Y23         CARRY4 (Prop_carry4_CI_CO[3])
                                                      0.114     6.193 r  CNC_Top_i/XYZ_Axis_Coordinator_0/inst/res_reg[19]_i_1/CO[3]
                         net (fo=1, routed)           0.000     6.193    CNC_Top_i/XYZ_Axis_Coordinator_0/inst/res_reg[19]_i_1_n_0
    SLICE_X99Y24         CARRY4 (Prop_carry4_CI_CO[3])
                                                      0.114     6.307 r  CNC_Top_i/XYZ_Axis_Coordinator_0/inst/res_reg[23]_i_1/CO[3]
                         net (fo=1, routed)           0.009     6.316    CNC_Top_i/XYZ_Axis_Coordinator_0/inst/res_reg[23]_i_1_n_0
    SLICE_X99Y25         CARRY4 (Prop_carry4_CI_CO[3])
                                                      0.114     6.430 r  CNC_Top_i/XYZ_Axis_Coordinator_0/inst/res_reg[27]_i_1/CO[3]
                         net (fo=1, routed)           0.000     6.430    CNC_Top_i/XYZ_Axis_Coordinator_0/inst/res_reg[27]_i_1_n_0
    SLICE_X99Y26         CARRY4 (Prop_carry4_CI_CO[3])
                                                      0.114     6.544 r  CNC_Top_i/XYZ_Axis_Coordinator_0/inst/res_reg[31]_i_1/CO[3]
                         net (fo=1, routed)           0.000     6.544    CNC_Top_i/XYZ_Axis_Coordinator_0/inst/res_reg[31]_i_1_n_0
    SLICE_X99Y27         CARRY4 (Prop_carry4_CI_CO[3])
                                                      0.114     6.658 r  CNC_Top_i/XYZ_Axis_Coordinator_0/inst/res_reg[35]_i_1/CO[3]
                         net (fo=1, routed)           0.000     6.658    CNC_Top_i/XYZ_Axis_Coordinator_0/inst/res_reg[35]_i_1_n_0
    SLICE_X99Y28         CARRY4 (Prop_carry4_CI_CO[3])
                                                      0.114     6.772 r  CNC_Top_i/XYZ_Axis_Coordinator_0/inst/res_reg[39]_i_1/CO[3]
                         net (fo=1, routed)           0.000     6.772    CNC_Top_i/XYZ_Axis_Coordinator_0/inst/res_reg[39]_i_1_n_0
    SLICE_X99Y29         CARRY4 (Prop_carry4_CI_CO[3])
                                                      0.114     6.886 r  CNC_Top_i/XYZ_Axis_Coordinator_0/inst/res_reg[43]_i_1/CO[3]
                         net (fo=1, routed)           0.000     6.886    CNC_Top_i/XYZ_Axis_Coordinator_0/inst/res_reg[43]_i_1_n_0
    SLICE_X99Y30         CARRY4 (Prop_carry4_CI_CO[3])
                                                      0.114     7.000 r  CNC_Top_i/XYZ_Axis_Coordinator_0/inst/res_reg[47]_i_1/CO[3]
                         net (fo=1, routed)           0.000     7.000    CNC_Top_i/XYZ_Axis_Coordinator_0/inst/res_reg[47]_i_1_n_0
    SLICE_X99Y31         CARRY4 (Prop_carry4_CI_CO[3])
                                                      0.114     7.114 r  CNC_Top_i/XYZ_Axis_Coordinator_0/inst/res_reg[51]_i_1/CO[3]
                         net (fo=1, routed)           0.000     7.114    CNC_Top_i/XYZ_Axis_Coordinator_0/inst/res_reg[51]_i_1_n_0
    SLICE_X99Y32         CARRY4 (Prop_carry4_CI_CO[3])
                                                      0.114     7.228 r  CNC_Top_i/XYZ_Axis_Coordinator_0/inst/res_reg[55]_i_1/CO[3]
                         net (fo=1, routed)           0.000     7.228    CNC_Top_i/XYZ_Axis_Coordinator_0/inst/res_reg[55]_i_1_n_0
    SLICE_X99Y33         CARRY4 (Prop_carry4_CI_O[0])
                                                      0.223     7.451 r  CNC_Top_i/XYZ_Axis_Coordinator_0/inst/res_reg[59]_i_1/O[0]
                         net (fo=1, routed)           0.000     7.451    CNC_Top_i/XYZ_Axis_Coordinator_0/inst/res1_in[56]
    SLICE_X99Y33         FDRE                                         r  CNC_Top_i/XYZ_Axis_Coordinator_0/inst/res_reg[56]/D
  -------------------------------------------------------------------    -------------------

                         (clock clk_out1_CNC_Top_clk_wiz_0 rise edge)
                                                     10.000    10.000 r  
    C17                                               0.000    10.000 r  sys_clock (IN)
                         net (fo=0)                   0.000    10.000    CNC_Top_i/clk_wiz/inst/clk_in1
    C17                  IBUF (Prop_ibuf_I_O)         0.833    10.833 r  CNC_Top_i/clk_wiz/inst/clkin1_ibufg/O
                         net (fo=1, routed)           1.162    11.995    CNC_Top_i/clk_wiz/inst/clk_in1_CNC_Top_clk_wiz_0
    MMCME2_ADV_X1Y2      MMCME2_ADV (Prop_mmcme2_adv_CLKIN1_CLKOUT0)
                                                     -7.814     4.181 r  CNC_Top_i/clk_wiz/inst/mmcm_adv_inst/CLKOUT0
                         net (fo=1, routed)           2.012     6.193    CNC_Top_i/clk_wiz/inst/clk_out1_CNC_Top_clk_wiz_0
    BUFGCTRL_X0Y16       BUFG (Prop_bufg_I_O)         0.091     6.284 r  CNC_Top_i/clk_wiz/inst/clkout1_buf/O
                         net (fo=439, routed)         1.618     7.903    CNC_Top_i/XYZ_Axis_Coordinator_0/inst/clk
    SLICE_X99Y33         FDRE                                         r  CNC_Top_i/XYZ_Axis_Coordinator_0/inst/res_reg[56]/C
                         clock pessimism              0.630     8.533    
                         clock uncertainty           -0.074     8.459    
    SLICE_X99Y33         FDRE (Setup_fdre_C_D)        0.062     8.521    CNC_Top_i/XYZ_Axis_Coordinator_0/inst/res_reg[56]
  -------------------------------------------------------------------
                         required time                          8.521    
                         arrival time                          -7.451    
  -------------------------------------------------------------------
                         slack                                  1.070    

Slack (MET) :             1.072ns  (required time - arrival time)
  Source:                 CNC_Top_i/XYZ_Axis_Coordinator_0/inst/res_reg[0]/C
                            (rising edge-triggered cell FDRE clocked by clk_out1_CNC_Top_clk_wiz_0  {rise@0.000ns fall@5.000ns period=10.000ns})
  Destination:            CNC_Top_i/XYZ_Axis_Coordinator_0/inst/res_reg[53]/D
                            (rising edge-triggered cell FDRE clocked by clk_out1_CNC_Top_clk_wiz_0  {rise@0.000ns fall@5.000ns period=10.000ns})
  Path Group:             clk_out1_CNC_Top_clk_wiz_0
  Path Type:              Setup (Max at Slow Process Corner)
  Requirement:            10.000ns  (clk_out1_CNC_Top_clk_wiz_0 rise@10.000ns - clk_out1_CNC_Top_clk_wiz_0 rise@0.000ns)
  Data Path Delay:        8.858ns  (logic 6.133ns (69.238%)  route 2.725ns (30.762%))
  Logic Levels:           33  (CARRY4=30 LUT2=1 LUT3=1 LUT4=1)
  Clock Path Skew:        -0.058ns (DCD - SCD + CPR)
    Destination Clock Delay (DCD):    -2.098ns = ( 7.902 - 10.000 ) 
    Source Clock Delay      (SCD):    -1.410ns
    Clock Pessimism Removal (CPR):    0.630ns
  Clock Uncertainty:      0.074ns  ((TSJ^2 + DJ^2)^1/2) / 2 + PE
    Total System Jitter     (TSJ):    0.071ns
    Discrete Jitter          (DJ):    0.131ns
    Phase Error              (PE):    0.000ns

    Location             Delay type                Incr(ns)  Path(ns)    Netlist Resource(s)
  -------------------------------------------------------------------    -------------------
                         (clock clk_out1_CNC_Top_clk_wiz_0 rise edge)
                                                      0.000     0.000 r  
    C17                                               0.000     0.000 r  sys_clock (IN)
                         net (fo=0)                   0.000     0.000    CNC_Top_i/clk_wiz/inst/clk_in1
    C17                  IBUF (Prop_ibuf_I_O)         0.967     0.967 r  CNC_Top_i/clk_wiz/inst/clkin1_ibufg/O
                         net (fo=1, routed)           1.285     2.252    CNC_Top_i/clk_wiz/inst/clk_in1_CNC_Top_clk_wiz_0
    MMCME2_ADV_X1Y2      MMCME2_ADV (Prop_mmcme2_adv_CLKIN1_CLKOUT0)
                                                     -7.759    -5.507 r  CNC_Top_i/clk_wiz/inst/mmcm_adv_inst/CLKOUT0
                         net (fo=1, routed)           2.206    -3.301    CNC_Top_i/clk_wiz/inst/clk_out1_CNC_Top_clk_wiz_0
    BUFGCTRL_X0Y16       BUFG (Prop_bufg_I_O)         0.101    -3.200 r  CNC_Top_i/clk_wiz/inst/clkout1_buf/O
                         net (fo=439, routed)         1.790    -1.410    CNC_Top_i/XYZ_Axis_Coordinator_0/inst/clk
    SLICE_X99Y19         FDRE                                         r  CNC_Top_i/XYZ_Axis_Coordinator_0/inst/res_reg[0]/C
  -------------------------------------------------------------------    -------------------
    SLICE_X99Y19         FDRE (Prop_fdre_C_Q)         0.456    -0.954 r  CNC_Top_i/XYZ_Axis_Coordinator_0/inst/res_reg[0]/Q
                         net (fo=3, routed)           0.586    -0.368    CNC_Top_i/XYZ_Axis_Coordinator_0/inst/res_reg_n_0_[0]
    SLICE_X100Y19        LUT2 (Prop_lut2_I0_O)        0.124    -0.244 r  CNC_Top_i/XYZ_Axis_Coordinator_0/inst/val[7]_i_16/O
                         net (fo=1, routed)           0.000    -0.244    CNC_Top_i/XYZ_Axis_Coordinator_0/inst/val[7]_i_16_n_0
    SLICE_X100Y19        CARRY4 (Prop_carry4_S[0]_CO[3])
                                                      0.513     0.269 r  CNC_Top_i/XYZ_Axis_Coordinator_0/inst/val_reg[7]_i_10/CO[3]
                         net (fo=1, routed)           0.000     0.269    CNC_Top_i/XYZ_Axis_Coordinator_0/inst/val_reg[7]_i_10_n_0
    SLICE_X100Y20        CARRY4 (Prop_carry4_CI_CO[3])
                                                      0.117     0.386 r  CNC_Top_i/XYZ_Axis_Coordinator_0/inst/val_reg[11]_i_10/CO[3]
                         net (fo=1, routed)           0.000     0.386    CNC_Top_i/XYZ_Axis_Coordinator_0/inst/val_reg[11]_i_10_n_0
    SLICE_X100Y21        CARRY4 (Prop_carry4_CI_CO[3])
                                                      0.117     0.503 r  CNC_Top_i/XYZ_Axis_Coordinator_0/inst/val_reg[15]_i_10/CO[3]
                         net (fo=1, routed)           0.000     0.503    CNC_Top_i/XYZ_Axis_Coordinator_0/inst/val_reg[15]_i_10_n_0
    SLICE_X100Y22        CARRY4 (Prop_carry4_CI_CO[3])
                                                      0.117     0.620 r  CNC_Top_i/XYZ_Axis_Coordinator_0/inst/val_reg[19]_i_10/CO[3]
                         net (fo=1, routed)           0.000     0.620    CNC_Top_i/XYZ_Axis_Coordinator_0/inst/val_reg[19]_i_10_n_0
    SLICE_X100Y23        CARRY4 (Prop_carry4_CI_CO[3])
                                                      0.117     0.737 r  CNC_Top_i/XYZ_Axis_Coordinator_0/inst/val_reg[23]_i_10/CO[3]
                         net (fo=1, routed)           0.000     0.737    CNC_Top_i/XYZ_Axis_Coordinator_0/inst/val_reg[23]_i_10_n_0
    SLICE_X100Y24        CARRY4 (Prop_carry4_CI_CO[3])
                                                      0.117     0.854 r  CNC_Top_i/XYZ_Axis_Coordinator_0/inst/val_reg[27]_i_10/CO[3]
                         net (fo=1, routed)           0.009     0.863    CNC_Top_i/XYZ_Axis_Coordinator_0/inst/val_reg[27]_i_10_n_0
    SLICE_X100Y25        CARRY4 (Prop_carry4_CI_CO[3])
                                                      0.117     0.980 r  CNC_Top_i/XYZ_Axis_Coordinator_0/inst/val_reg[31]_i_10/CO[3]
                         net (fo=1, routed)           0.000     0.980    CNC_Top_i/XYZ_Axis_Coordinator_0/inst/val_reg[31]_i_10_n_0
    SLICE_X100Y26        CARRY4 (Prop_carry4_CI_CO[3])
                                                      0.117     1.097 r  CNC_Top_i/XYZ_Axis_Coordinator_0/inst/val_reg[35]_i_10/CO[3]
                         net (fo=1, routed)           0.000     1.097    CNC_Top_i/XYZ_Axis_Coordinator_0/inst/val_reg[35]_i_10_n_0
    SLICE_X100Y27        CARRY4 (Prop_carry4_CI_CO[3])
                                                      0.117     1.214 r  CNC_Top_i/XYZ_Axis_Coordinator_0/inst/val_reg[39]_i_10/CO[3]
                         net (fo=1, routed)           0.000     1.214    CNC_Top_i/XYZ_Axis_Coordinator_0/inst/val_reg[39]_i_10_n_0
    SLICE_X100Y28        CARRY4 (Prop_carry4_CI_CO[3])
                                                      0.117     1.331 r  CNC_Top_i/XYZ_Axis_Coordinator_0/inst/val_reg[43]_i_10/CO[3]
                         net (fo=1, routed)           0.000     1.331    CNC_Top_i/XYZ_Axis_Coordinator_0/inst/val_reg[43]_i_10_n_0
    SLICE_X100Y29        CARRY4 (Prop_carry4_CI_CO[3])
                                                      0.117     1.448 r  CNC_Top_i/XYZ_Axis_Coordinator_0/inst/val_reg[47]_i_10/CO[3]
                         net (fo=1, routed)           0.000     1.448    CNC_Top_i/XYZ_Axis_Coordinator_0/inst/val_reg[47]_i_10_n_0
    SLICE_X100Y30        CARRY4 (Prop_carry4_CI_CO[3])
                                                      0.117     1.565 r  CNC_Top_i/XYZ_Axis_Coordinator_0/inst/val_reg[51]_i_10/CO[3]
                         net (fo=1, routed)           0.000     1.565    CNC_Top_i/XYZ_Axis_Coordinator_0/inst/val_reg[51]_i_10_n_0
    SLICE_X100Y31        CARRY4 (Prop_carry4_CI_CO[3])
                                                      0.117     1.682 r  CNC_Top_i/XYZ_Axis_Coordinator_0/inst/val_reg[55]_i_10/CO[3]
                         net (fo=1, routed)           0.000     1.682    CNC_Top_i/XYZ_Axis_Coordinator_0/inst/val_reg[55]_i_10_n_0
    SLICE_X100Y32        CARRY4 (Prop_carry4_CI_CO[3])
                                                      0.117     1.799 r  CNC_Top_i/XYZ_Axis_Coordinator_0/inst/val_reg[59]_i_10/CO[3]
                         net (fo=1, routed)           0.000     1.799    CNC_Top_i/XYZ_Axis_Coordinator_0/inst/val_reg[59]_i_10_n_0
    SLICE_X100Y33        CARRY4 (Prop_carry4_CI_O[1])
                                                      0.323     2.122 r  CNC_Top_i/XYZ_Axis_Coordinator_0/inst/val_reg[63]_i_25/O[1]
                         net (fo=4, routed)           0.851     2.973    CNC_Top_i/XYZ_Axis_Coordinator_0/inst/val1__3[57]
    SLICE_X97Y28         LUT4 (Prop_lut4_I3_O)        0.306     3.279 r  CNC_Top_i/XYZ_Axis_Coordinator_0/inst/val[63]_i_20/O
                         net (fo=1, routed)           0.000     3.279    CNC_Top_i/XYZ_Axis_Coordinator_0/inst/val[63]_i_20_n_0
    SLICE_X97Y28         CARRY4 (Prop_carry4_S[0]_CO[3])
                                                      0.532     3.811 r  CNC_Top_i/XYZ_Axis_Coordinator_0/inst/val_reg[63]_i_4/CO[3]
                         net (fo=33, routed)          1.270     5.081    CNC_Top_i/XYZ_Axis_Coordinator_0/inst/val_reg[63]_i_4_n_0
    SLICE_X99Y19         LUT3 (Prop_lut3_I2_O)        0.124     5.205 r  CNC_Top_i/XYZ_Axis_Coordinator_0/inst/res[3]_i_3/O
                         net (fo=1, routed)           0.000     5.205    CNC_Top_i/XYZ_Axis_Coordinator_0/inst/res[3]_i_3_n_0
    SLICE_X99Y19         CARRY4 (Prop_carry4_S[0]_CO[3])
                                                      0.532     5.737 r  CNC_Top_i/XYZ_Axis_Coordinator_0/inst/res_reg[3]_i_1/CO[3]
                         net (fo=1, routed)           0.000     5.737    CNC_Top_i/XYZ_Axis_Coordinator_0/inst/res_reg[3]_i_1_n_0
    SLICE_X99Y20         CARRY4 (Prop_carry4_CI_CO[3])
                                                      0.114     5.851 r  CNC_Top_i/XYZ_Axis_Coordinator_0/inst/res_reg[7]_i_1/CO[3]
                         net (fo=1, routed)           0.000     5.851    CNC_Top_i/XYZ_Axis_Coordinator_0/inst/res_reg[7]_i_1_n_0
    SLICE_X99Y21         CARRY4 (Prop_carry4_CI_CO[3])
                                                      0.114     5.965 r  CNC_Top_i/XYZ_Axis_Coordinator_0/inst/res_reg[11]_i_1/CO[3]
                         net (fo=1, routed)           0.000     5.965    CNC_Top_i/XYZ_Axis_Coordinator_0/inst/res_reg[11]_i_1_n_0
    SLICE_X99Y22         CARRY4 (Prop_carry4_CI_CO[3])
                                                      0.114     6.079 r  CNC_Top_i/XYZ_Axis_Coordinator_0/inst/res_reg[15]_i_1/CO[3]
                         net (fo=1, routed)           0.000     6.079    CNC_Top_i/XYZ_Axis_Coordinator_0/inst/res_reg[15]_i_1_n_0
    SLICE_X99Y23         CARRY4 (Prop_carry4_CI_CO[3])
                                                      0.114     6.193 r  CNC_Top_i/XYZ_Axis_Coordinator_0/inst/res_reg[19]_i_1/CO[3]
                         net (fo=1, routed)           0.000     6.193    CNC_Top_i/XYZ_Axis_Coordinator_0/inst/res_reg[19]_i_1_n_0
    SLICE_X99Y24         CARRY4 (Prop_carry4_CI_CO[3])
                                                      0.114     6.307 r  CNC_Top_i/XYZ_Axis_Coordinator_0/inst/res_reg[23]_i_1/CO[3]
                         net (fo=1, routed)           0.009     6.316    CNC_Top_i/XYZ_Axis_Coordinator_0/inst/res_reg[23]_i_1_n_0
    SLICE_X99Y25         CARRY4 (Prop_carry4_CI_CO[3])
                                                      0.114     6.430 r  CNC_Top_i/XYZ_Axis_Coordinator_0/inst/res_reg[27]_i_1/CO[3]
                         net (fo=1, routed)           0.000     6.430    CNC_Top_i/XYZ_Axis_Coordinator_0/inst/res_reg[27]_i_1_n_0
    SLICE_X99Y26         CARRY4 (Prop_carry4_CI_CO[3])
                                                      0.114     6.544 r  CNC_Top_i/XYZ_Axis_Coordinator_0/inst/res_reg[31]_i_1/CO[3]
                         net (fo=1, routed)           0.000     6.544    CNC_Top_i/XYZ_Axis_Coordinator_0/inst/res_reg[31]_i_1_n_0
    SLICE_X99Y27         CARRY4 (Prop_carry4_CI_CO[3])
                                                      0.114     6.658 r  CNC_Top_i/XYZ_Axis_Coordinator_0/inst/res_reg[35]_i_1/CO[3]
                         net (fo=1, routed)           0.000     6.658    CNC_Top_i/XYZ_Axis_Coordinator_0/inst/res_reg[35]_i_1_n_0
    SLICE_X99Y28         CARRY4 (Prop_carry4_CI_CO[3])
                                                      0.114     6.772 r  CNC_Top_i/XYZ_Axis_Coordinator_0/inst/res_reg[39]_i_1/CO[3]
                         net (fo=1, routed)           0.000     6.772    CNC_Top_i/XYZ_Axis_Coordinator_0/inst/res_reg[39]_i_1_n_0
    SLICE_X99Y29         CARRY4 (Prop_carry4_CI_CO[3])
                                                      0.114     6.886 r  CNC_Top_i/XYZ_Axis_Coordinator_0/inst/res_reg[43]_i_1/CO[3]
                         net (fo=1, routed)           0.000     6.886    CNC_Top_i/XYZ_Axis_Coordinator_0/inst/res_reg[43]_i_1_n_0
    SLICE_X99Y30         CARRY4 (Prop_carry4_CI_CO[3])
                                                      0.114     7.000 r  CNC_Top_i/XYZ_Axis_Coordinator_0/inst/res_reg[47]_i_1/CO[3]
                         net (fo=1, routed)           0.000     7.000    CNC_Top_i/XYZ_Axis_Coordinator_0/inst/res_reg[47]_i_1_n_0
    SLICE_X99Y31         CARRY4 (Prop_carry4_CI_CO[3])
                                                      0.114     7.114 r  CNC_Top_i/XYZ_Axis_Coordinator_0/inst/res_reg[51]_i_1/CO[3]
                         net (fo=1, routed)           0.000     7.114    CNC_Top_i/XYZ_Axis_Coordinator_0/inst/res_reg[51]_i_1_n_0
    SLICE_X99Y32         CARRY4 (Prop_carry4_CI_O[1])
                                                      0.334     7.448 r  CNC_Top_i/XYZ_Axis_Coordinator_0/inst/res_reg[55]_i_1/O[1]
                         net (fo=1, routed)           0.000     7.448    CNC_Top_i/XYZ_Axis_Coordinator_0/inst/res1_in[53]
    SLICE_X99Y32         FDRE                                         r  CNC_Top_i/XYZ_Axis_Coordinator_0/inst/res_reg[53]/D
  -------------------------------------------------------------------    -------------------

                         (clock clk_out1_CNC_Top_clk_wiz_0 rise edge)
                                                     10.000    10.000 r  
    C17                                               0.000    10.000 r  sys_clock (IN)
                         net (fo=0)                   0.000    10.000    CNC_Top_i/clk_wiz/inst/clk_in1
    C17                  IBUF (Prop_ibuf_I_O)         0.833    10.833 r  CNC_Top_i/clk_wiz/inst/clkin1_ibufg/O
                         net (fo=1, routed)           1.162    11.995    CNC_Top_i/clk_wiz/inst/clk_in1_CNC_Top_clk_wiz_0
    MMCME2_ADV_X1Y2      MMCME2_ADV (Prop_mmcme2_adv_CLKIN1_CLKOUT0)
                                                     -7.814     4.181 r  CNC_Top_i/clk_wiz/inst/mmcm_adv_inst/CLKOUT0
                         net (fo=1, routed)           2.012     6.193    CNC_Top_i/clk_wiz/inst/clk_out1_CNC_Top_clk_wiz_0
    BUFGCTRL_X0Y16       BUFG (Prop_bufg_I_O)         0.091     6.284 r  CNC_Top_i/clk_wiz/inst/clkout1_buf/O
                         net (fo=439, routed)         1.617     7.902    CNC_Top_i/XYZ_Axis_Coordinator_0/inst/clk
    SLICE_X99Y32         FDRE                                         r  CNC_Top_i/XYZ_Axis_Coordinator_0/inst/res_reg[53]/C
                         clock pessimism              0.630     8.532    
                         clock uncertainty           -0.074     8.458    
    SLICE_X99Y32         FDRE (Setup_fdre_C_D)        0.062     8.520    CNC_Top_i/XYZ_Axis_Coordinator_0/inst/res_reg[53]
  -------------------------------------------------------------------
                         required time                          8.520    
                         arrival time                          -7.448    
  -------------------------------------------------------------------
                         slack                                  1.072    

Slack (MET) :             1.093ns  (required time - arrival time)
  Source:                 CNC_Top_i/XYZ_Axis_Coordinator_0/inst/res_reg[0]/C
                            (rising edge-triggered cell FDRE clocked by clk_out1_CNC_Top_clk_wiz_0  {rise@0.000ns fall@5.000ns period=10.000ns})
  Destination:            CNC_Top_i/XYZ_Axis_Coordinator_0/inst/res_reg[55]/D
                            (rising edge-triggered cell FDRE clocked by clk_out1_CNC_Top_clk_wiz_0  {rise@0.000ns fall@5.000ns period=10.000ns})
  Path Group:             clk_out1_CNC_Top_clk_wiz_0
  Path Type:              Setup (Max at Slow Process Corner)
  Requirement:            10.000ns  (clk_out1_CNC_Top_clk_wiz_0 rise@10.000ns - clk_out1_CNC_Top_clk_wiz_0 rise@0.000ns)
  Data Path Delay:        8.837ns  (logic 6.112ns (69.165%)  route 2.725ns (30.835%))
  Logic Levels:           33  (CARRY4=30 LUT2=1 LUT3=1 LUT4=1)
  Clock Path Skew:        -0.058ns (DCD - SCD + CPR)
    Destination Clock Delay (DCD):    -2.098ns = ( 7.902 - 10.000 ) 
    Source Clock Delay      (SCD):    -1.410ns
    Clock Pessimism Removal (CPR):    0.630ns
  Clock Uncertainty:      0.074ns  ((TSJ^2 + DJ^2)^1/2) / 2 + PE
    Total System Jitter     (TSJ):    0.071ns
    Discrete Jitter          (DJ):    0.131ns
    Phase Error              (PE):    0.000ns

    Location             Delay type                Incr(ns)  Path(ns)    Netlist Resource(s)
  -------------------------------------------------------------------    -------------------
                         (clock clk_out1_CNC_Top_clk_wiz_0 rise edge)
                                                      0.000     0.000 r  
    C17                                               0.000     0.000 r  sys_clock (IN)
                         net (fo=0)                   0.000     0.000    CNC_Top_i/clk_wiz/inst/clk_in1
    C17                  IBUF (Prop_ibuf_I_O)         0.967     0.967 r  CNC_Top_i/clk_wiz/inst/clkin1_ibufg/O
                         net (fo=1, routed)           1.285     2.252    CNC_Top_i/clk_wiz/inst/clk_in1_CNC_Top_clk_wiz_0
    MMCME2_ADV_X1Y2      MMCME2_ADV (Prop_mmcme2_adv_CLKIN1_CLKOUT0)
                                                     -7.759    -5.507 r  CNC_Top_i/clk_wiz/inst/mmcm_adv_inst/CLKOUT0
                         net (fo=1, routed)           2.206    -3.301    CNC_Top_i/clk_wiz/inst/clk_out1_CNC_Top_clk_wiz_0
    BUFGCTRL_X0Y16       BUFG (Prop_bufg_I_O)         0.101    -3.200 r  CNC_Top_i/clk_wiz/inst/clkout1_buf/O
                         net (fo=439, routed)         1.790    -1.410    CNC_Top_i/XYZ_Axis_Coordinator_0/inst/clk
    SLICE_X99Y19         FDRE                                         r  CNC_Top_i/XYZ_Axis_Coordinator_0/inst/res_reg[0]/C
  -------------------------------------------------------------------    -------------------
    SLICE_X99Y19         FDRE (Prop_fdre_C_Q)         0.456    -0.954 r  CNC_Top_i/XYZ_Axis_Coordinator_0/inst/res_reg[0]/Q
                         net (fo=3, routed)           0.586    -0.368    CNC_Top_i/XYZ_Axis_Coordinator_0/inst/res_reg_n_0_[0]
    SLICE_X100Y19        LUT2 (Prop_lut2_I0_O)        0.124    -0.244 r  CNC_Top_i/XYZ_Axis_Coordinator_0/inst/val[7]_i_16/O
                         net (fo=1, routed)           0.000    -0.244    CNC_Top_i/XYZ_Axis_Coordinator_0/inst/val[7]_i_16_n_0
    SLICE_X100Y19        CARRY4 (Prop_carry4_S[0]_CO[3])
                                                      0.513     0.269 r  CNC_Top_i/XYZ_Axis_Coordinator_0/inst/val_reg[7]_i_10/CO[3]
                         net (fo=1, routed)           0.000     0.269    CNC_Top_i/XYZ_Axis_Coordinator_0/inst/val_reg[7]_i_10_n_0
    SLICE_X100Y20        CARRY4 (Prop_carry4_CI_CO[3])
                                                      0.117     0.386 r  CNC_Top_i/XYZ_Axis_Coordinator_0/inst/val_reg[11]_i_10/CO[3]
                         net (fo=1, routed)           0.000     0.386    CNC_Top_i/XYZ_Axis_Coordinator_0/inst/val_reg[11]_i_10_n_0
    SLICE_X100Y21        CARRY4 (Prop_carry4_CI_CO[3])
                                                      0.117     0.503 r  CNC_Top_i/XYZ_Axis_Coordinator_0/inst/val_reg[15]_i_10/CO[3]
                         net (fo=1, routed)           0.000     0.503    CNC_Top_i/XYZ_Axis_Coordinator_0/inst/val_reg[15]_i_10_n_0
    SLICE_X100Y22        CARRY4 (Prop_carry4_CI_CO[3])
                                                      0.117     0.620 r  CNC_Top_i/XYZ_Axis_Coordinator_0/inst/val_reg[19]_i_10/CO[3]
                         net (fo=1, routed)           0.000     0.620    CNC_Top_i/XYZ_Axis_Coordinator_0/inst/val_reg[19]_i_10_n_0
    SLICE_X100Y23        CARRY4 (Prop_carry4_CI_CO[3])
                                                      0.117     0.737 r  CNC_Top_i/XYZ_Axis_Coordinator_0/inst/val_reg[23]_i_10/CO[3]
                         net (fo=1, routed)           0.000     0.737    CNC_Top_i/XYZ_Axis_Coordinator_0/inst/val_reg[23]_i_10_n_0
    SLICE_X100Y24        CARRY4 (Prop_carry4_CI_CO[3])
                                                      0.117     0.854 r  CNC_Top_i/XYZ_Axis_Coordinator_0/inst/val_reg[27]_i_10/CO[3]
                         net (fo=1, routed)           0.009     0.863    CNC_Top_i/XYZ_Axis_Coordinator_0/inst/val_reg[27]_i_10_n_0
    SLICE_X100Y25        CARRY4 (Prop_carry4_CI_CO[3])
                                                      0.117     0.980 r  CNC_Top_i/XYZ_Axis_Coordinator_0/inst/val_reg[31]_i_10/CO[3]
                         net (fo=1, routed)           0.000     0.980    CNC_Top_i/XYZ_Axis_Coordinator_0/inst/val_reg[31]_i_10_n_0
    SLICE_X100Y26        CARRY4 (Prop_carry4_CI_CO[3])
                                                      0.117     1.097 r  CNC_Top_i/XYZ_Axis_Coordinator_0/inst/val_reg[35]_i_10/CO[3]
                         net (fo=1, routed)           0.000     1.097    CNC_Top_i/XYZ_Axis_Coordinator_0/inst/val_reg[35]_i_10_n_0
    SLICE_X100Y27        CARRY4 (Prop_carry4_CI_CO[3])
                                                      0.117     1.214 r  CNC_Top_i/XYZ_Axis_Coordinator_0/inst/val_reg[39]_i_10/CO[3]
                         net (fo=1, routed)           0.000     1.214    CNC_Top_i/XYZ_Axis_Coordinator_0/inst/val_reg[39]_i_10_n_0
    SLICE_X100Y28        CARRY4 (Prop_carry4_CI_CO[3])
                                                      0.117     1.331 r  CNC_Top_i/XYZ_Axis_Coordinator_0/inst/val_reg[43]_i_10/CO[3]
                         net (fo=1, routed)           0.000     1.331    CNC_Top_i/XYZ_Axis_Coordinator_0/inst/val_reg[43]_i_10_n_0
    SLICE_X100Y29        CARRY4 (Prop_carry4_CI_CO[3])
                                                      0.117     1.448 r  CNC_Top_i/XYZ_Axis_Coordinator_0/inst/val_reg[47]_i_10/CO[3]
                         net (fo=1, routed)           0.000     1.448    CNC_Top_i/XYZ_Axis_Coordinator_0/inst/val_reg[47]_i_10_n_0
    SLICE_X100Y30        CARRY4 (Prop_carry4_CI_CO[3])
                                                      0.117     1.565 r  CNC_Top_i/XYZ_Axis_Coordinator_0/inst/val_reg[51]_i_10/CO[3]
                         net (fo=1, routed)           0.000     1.565    CNC_Top_i/XYZ_Axis_Coordinator_0/inst/val_reg[51]_i_10_n_0
    SLICE_X100Y31        CARRY4 (Prop_carry4_CI_CO[3])
                                                      0.117     1.682 r  CNC_Top_i/XYZ_Axis_Coordinator_0/inst/val_reg[55]_i_10/CO[3]
                         net (fo=1, routed)           0.000     1.682    CNC_Top_i/XYZ_Axis_Coordinator_0/inst/val_reg[55]_i_10_n_0
    SLICE_X100Y32        CARRY4 (Prop_carry4_CI_CO[3])
                                                      0.117     1.799 r  CNC_Top_i/XYZ_Axis_Coordinator_0/inst/val_reg[59]_i_10/CO[3]
                         net (fo=1, routed)           0.000     1.799    CNC_Top_i/XYZ_Axis_Coordinator_0/inst/val_reg[59]_i_10_n_0
    SLICE_X100Y33        CARRY4 (Prop_carry4_CI_O[1])
                                                      0.323     2.122 r  CNC_Top_i/XYZ_Axis_Coordinator_0/inst/val_reg[63]_i_25/O[1]
                         net (fo=4, routed)           0.851     2.973    CNC_Top_i/XYZ_Axis_Coordinator_0/inst/val1__3[57]
    SLICE_X97Y28         LUT4 (Prop_lut4_I3_O)        0.306     3.279 r  CNC_Top_i/XYZ_Axis_Coordinator_0/inst/val[63]_i_20/O
                         net (fo=1, routed)           0.000     3.279    CNC_Top_i/XYZ_Axis_Coordinator_0/inst/val[63]_i_20_n_0
    SLICE_X97Y28         CARRY4 (Prop_carry4_S[0]_CO[3])
                                                      0.532     3.811 r  CNC_Top_i/XYZ_Axis_Coordinator_0/inst/val_reg[63]_i_4/CO[3]
                         net (fo=33, routed)          1.270     5.081    CNC_Top_i/XYZ_Axis_Coordinator_0/inst/val_reg[63]_i_4_n_0
    SLICE_X99Y19         LUT3 (Prop_lut3_I2_O)        0.124     5.205 r  CNC_Top_i/XYZ_Axis_Coordinator_0/inst/res[3]_i_3/O
                         net (fo=1, routed)           0.000     5.205    CNC_Top_i/XYZ_Axis_Coordinator_0/inst/res[3]_i_3_n_0
    SLICE_X99Y19         CARRY4 (Prop_carry4_S[0]_CO[3])
                                                      0.532     5.737 r  CNC_Top_i/XYZ_Axis_Coordinator_0/inst/res_reg[3]_i_1/CO[3]
                         net (fo=1, routed)           0.000     5.737    CNC_Top_i/XYZ_Axis_Coordinator_0/inst/res_reg[3]_i_1_n_0
    SLICE_X99Y20         CARRY4 (Prop_carry4_CI_CO[3])
                                                      0.114     5.851 r  CNC_Top_i/XYZ_Axis_Coordinator_0/inst/res_reg[7]_i_1/CO[3]
                         net (fo=1, routed)           0.000     5.851    CNC_Top_i/XYZ_Axis_Coordinator_0/inst/res_reg[7]_i_1_n_0
    SLICE_X99Y21         CARRY4 (Prop_carry4_CI_CO[3])
                                                      0.114     5.965 r  CNC_Top_i/XYZ_Axis_Coordinator_0/inst/res_reg[11]_i_1/CO[3]
                         net (fo=1, routed)           0.000     5.965    CNC_Top_i/XYZ_Axis_Coordinator_0/inst/res_reg[11]_i_1_n_0
    SLICE_X99Y22         CARRY4 (Prop_carry4_CI_CO[3])
                                                      0.114     6.079 r  CNC_Top_i/XYZ_Axis_Coordinator_0/inst/res_reg[15]_i_1/CO[3]
                         net (fo=1, routed)           0.000     6.079    CNC_Top_i/XYZ_Axis_Coordinator_0/inst/res_reg[15]_i_1_n_0
    SLICE_X99Y23         CARRY4 (Prop_carry4_CI_CO[3])
                                                      0.114     6.193 r  CNC_Top_i/XYZ_Axis_Coordinator_0/inst/res_reg[19]_i_1/CO[3]
                         net (fo=1, routed)           0.000     6.193    CNC_Top_i/XYZ_Axis_Coordinator_0/inst/res_reg[19]_i_1_n_0
    SLICE_X99Y24         CARRY4 (Prop_carry4_CI_CO[3])
                                                      0.114     6.307 r  CNC_Top_i/XYZ_Axis_Coordinator_0/inst/res_reg[23]_i_1/CO[3]
                         net (fo=1, routed)           0.009     6.316    CNC_Top_i/XYZ_Axis_Coordinator_0/inst/res_reg[23]_i_1_n_0
    SLICE_X99Y25         CARRY4 (Prop_carry4_CI_CO[3])
                                                      0.114     6.430 r  CNC_Top_i/XYZ_Axis_Coordinator_0/inst/res_reg[27]_i_1/CO[3]
                         net (fo=1, routed)           0.000     6.430    CNC_Top_i/XYZ_Axis_Coordinator_0/inst/res_reg[27]_i_1_n_0
    SLICE_X99Y26         CARRY4 (Prop_carry4_CI_CO[3])
                                                      0.114     6.544 r  CNC_Top_i/XYZ_Axis_Coordinator_0/inst/res_reg[31]_i_1/CO[3]
                         net (fo=1, routed)           0.000     6.544    CNC_Top_i/XYZ_Axis_Coordinator_0/inst/res_reg[31]_i_1_n_0
    SLICE_X99Y27         CARRY4 (Prop_carry4_CI_CO[3])
                                                      0.114     6.658 r  CNC_Top_i/XYZ_Axis_Coordinator_0/inst/res_reg[35]_i_1/CO[3]
                         net (fo=1, routed)           0.000     6.658    CNC_Top_i/XYZ_Axis_Coordinator_0/inst/res_reg[35]_i_1_n_0
    SLICE_X99Y28         CARRY4 (Prop_carry4_CI_CO[3])
                                                      0.114     6.772 r  CNC_Top_i/XYZ_Axis_Coordinator_0/inst/res_reg[39]_i_1/CO[3]
                         net (fo=1, routed)           0.000     6.772    CNC_Top_i/XYZ_Axis_Coordinator_0/inst/res_reg[39]_i_1_n_0
    SLICE_X99Y29         CARRY4 (Prop_carry4_CI_CO[3])
                                                      0.114     6.886 r  CNC_Top_i/XYZ_Axis_Coordinator_0/inst/res_reg[43]_i_1/CO[3]
                         net (fo=1, routed)           0.000     6.886    CNC_Top_i/XYZ_Axis_Coordinator_0/inst/res_reg[43]_i_1_n_0
    SLICE_X99Y30         CARRY4 (Prop_carry4_CI_CO[3])
                                                      0.114     7.000 r  CNC_Top_i/XYZ_Axis_Coordinator_0/inst/res_reg[47]_i_1/CO[3]
                         net (fo=1, routed)           0.000     7.000    CNC_Top_i/XYZ_Axis_Coordinator_0/inst/res_reg[47]_i_1_n_0
    SLICE_X99Y31         CARRY4 (Prop_carry4_CI_CO[3])
                                                      0.114     7.114 r  CNC_Top_i/XYZ_Axis_Coordinator_0/inst/res_reg[51]_i_1/CO[3]
                         net (fo=1, routed)           0.000     7.114    CNC_Top_i/XYZ_Axis_Coordinator_0/inst/res_reg[51]_i_1_n_0
    SLICE_X99Y32         CARRY4 (Prop_carry4_CI_O[3])
                                                      0.313     7.427 r  CNC_Top_i/XYZ_Axis_Coordinator_0/inst/res_reg[55]_i_1/O[3]
                         net (fo=1, routed)           0.000     7.427    CNC_Top_i/XYZ_Axis_Coordinator_0/inst/res1_in[55]
    SLICE_X99Y32         FDRE                                         r  CNC_Top_i/XYZ_Axis_Coordinator_0/inst/res_reg[55]/D
  -------------------------------------------------------------------    -------------------

                         (clock clk_out1_CNC_Top_clk_wiz_0 rise edge)
                                                     10.000    10.000 r  
    C17                                               0.000    10.000 r  sys_clock (IN)
                         net (fo=0)                   0.000    10.000    CNC_Top_i/clk_wiz/inst/clk_in1
    C17                  IBUF (Prop_ibuf_I_O)         0.833    10.833 r  CNC_Top_i/clk_wiz/inst/clkin1_ibufg/O
                         net (fo=1, routed)           1.162    11.995    CNC_Top_i/clk_wiz/inst/clk_in1_CNC_Top_clk_wiz_0
    MMCME2_ADV_X1Y2      MMCME2_ADV (Prop_mmcme2_adv_CLKIN1_CLKOUT0)
                                                     -7.814     4.181 r  CNC_Top_i/clk_wiz/inst/mmcm_adv_inst/CLKOUT0
                         net (fo=1, routed)           2.012     6.193    CNC_Top_i/clk_wiz/inst/clk_out1_CNC_Top_clk_wiz_0
    BUFGCTRL_X0Y16       BUFG (Prop_bufg_I_O)         0.091     6.284 r  CNC_Top_i/clk_wiz/inst/clkout1_buf/O
                         net (fo=439, routed)         1.617     7.902    CNC_Top_i/XYZ_Axis_Coordinator_0/inst/clk
    SLICE_X99Y32         FDRE                                         r  CNC_Top_i/XYZ_Axis_Coordinator_0/inst/res_reg[55]/C
                         clock pessimism              0.630     8.532    
                         clock uncertainty           -0.074     8.458    
    SLICE_X99Y32         FDRE (Setup_fdre_C_D)        0.062     8.520    CNC_Top_i/XYZ_Axis_Coordinator_0/inst/res_reg[55]
  -------------------------------------------------------------------
                         required time                          8.520    
                         arrival time                          -7.427    
  -------------------------------------------------------------------
                         slack                                  1.093    





Min Delay Paths
--------------------------------------------------------------------------------------
Slack (MET) :             0.187ns  (arrival time - required time)
  Source:                 CNC_Top_i/XYZ_Axis_Coordinator_0/inst/i_reg[5]/C
                            (rising edge-triggered cell FDRE clocked by clk_out1_CNC_Top_clk_wiz_0  {rise@0.000ns fall@5.000ns period=10.000ns})
  Destination:            CNC_Top_i/XYZ_Axis_Coordinator_0/inst/squareroot_running_reg/D
                            (rising edge-triggered cell FDRE clocked by clk_out1_CNC_Top_clk_wiz_0  {rise@0.000ns fall@5.000ns period=10.000ns})
  Path Group:             clk_out1_CNC_Top_clk_wiz_0
  Path Type:              Hold (Min at Fast Process Corner)
  Requirement:            0.000ns  (clk_out1_CNC_Top_clk_wiz_0 rise@0.000ns - clk_out1_CNC_Top_clk_wiz_0 rise@0.000ns)
  Data Path Delay:        0.320ns  (logic 0.186ns (58.190%)  route 0.134ns (41.810%))
  Logic Levels:           1  (LUT6=1)
  Clock Path Skew:        0.013ns (DCD - SCD - CPR)
    Destination Clock Delay (DCD):    -0.881ns
    Source Clock Delay      (SCD):    -0.643ns
    Clock Pessimism Removal (CPR):    -0.251ns

    Location             Delay type                Incr(ns)  Path(ns)    Netlist Resource(s)
  -------------------------------------------------------------------    -------------------
                         (clock clk_out1_CNC_Top_clk_wiz_0 rise edge)
                                                      0.000     0.000 r  
    C17                                               0.000     0.000 r  sys_clock (IN)
                         net (fo=0)                   0.000     0.000    CNC_Top_i/clk_wiz/inst/clk_in1
    C17                  IBUF (Prop_ibuf_I_O)         0.196     0.196 r  CNC_Top_i/clk_wiz/inst/clkin1_ibufg/O
                         net (fo=1, routed)           0.440     0.636    CNC_Top_i/clk_wiz/inst/clk_in1_CNC_Top_clk_wiz_0
    MMCME2_ADV_X1Y2      MMCME2_ADV (Prop_mmcme2_adv_CLKIN1_CLKOUT0)
                                                     -2.613    -1.977 r  CNC_Top_i/clk_wiz/inst/mmcm_adv_inst/CLKOUT0
                         net (fo=1, routed)           0.696    -1.280    CNC_Top_i/clk_wiz/inst/clk_out1_CNC_Top_clk_wiz_0
    BUFGCTRL_X0Y16       BUFG (Prop_bufg_I_O)         0.026    -1.254 r  CNC_Top_i/clk_wiz/inst/clkout1_buf/O
                         net (fo=439, routed)         0.611    -0.643    CNC_Top_i/XYZ_Axis_Coordinator_0/inst/clk
    SLICE_X103Y37        FDRE                                         r  CNC_Top_i/XYZ_Axis_Coordinator_0/inst/i_reg[5]/C
  -------------------------------------------------------------------    -------------------
    SLICE_X103Y37        FDRE (Prop_fdre_C_Q)         0.141    -0.502 f  CNC_Top_i/XYZ_Axis_Coordinator_0/inst/i_reg[5]/Q
                         net (fo=10, routed)          0.134    -0.369    CNC_Top_i/XYZ_Axis_Coordinator_0/inst/i[5]
    SLICE_X102Y37        LUT6 (Prop_lut6_I1_O)        0.045    -0.324 r  CNC_Top_i/XYZ_Axis_Coordinator_0/inst/squareroot_running_i_1/O
                         net (fo=1, routed)           0.000    -0.324    CNC_Top_i/XYZ_Axis_Coordinator_0/inst/squareroot_running_i_1_n_0
    SLICE_X102Y37        FDRE                                         r  CNC_Top_i/XYZ_Axis_Coordinator_0/inst/squareroot_running_reg/D
  -------------------------------------------------------------------    -------------------

                         (clock clk_out1_CNC_Top_clk_wiz_0 rise edge)
                                                      0.000     0.000 r  
    C17                                               0.000     0.000 r  sys_clock (IN)
                         net (fo=0)                   0.000     0.000    CNC_Top_i/clk_wiz/inst/clk_in1
    C17                  IBUF (Prop_ibuf_I_O)         0.385     0.385 r  CNC_Top_i/clk_wiz/inst/clkin1_ibufg/O
                         net (fo=1, routed)           0.480     0.865    CNC_Top_i/clk_wiz/inst/clk_in1_CNC_Top_clk_wiz_0
    MMCME2_ADV_X1Y2      MMCME2_ADV (Prop_mmcme2_adv_CLKIN1_CLKOUT0)
                                                     -3.407    -2.542 r  CNC_Top_i/clk_wiz/inst/mmcm_adv_inst/CLKOUT0
                         net (fo=1, routed)           0.752    -1.790    CNC_Top_i/clk_wiz/inst/clk_out1_CNC_Top_clk_wiz_0
    BUFGCTRL_X0Y16       BUFG (Prop_bufg_I_O)         0.029    -1.761 r  CNC_Top_i/clk_wiz/inst/clkout1_buf/O
                         net (fo=439, routed)         0.880    -0.881    CNC_Top_i/XYZ_Axis_Coordinator_0/inst/clk
    SLICE_X102Y37        FDRE                                         r  CNC_Top_i/XYZ_Axis_Coordinator_0/inst/squareroot_running_reg/C
                         clock pessimism              0.251    -0.630    
    SLICE_X102Y37        FDRE (Hold_fdre_C_D)         0.120    -0.510    CNC_Top_i/XYZ_Axis_Coordinator_0/inst/squareroot_running_reg
  -------------------------------------------------------------------
                         required time                          0.510    
                         arrival time                          -0.324    
  -------------------------------------------------------------------
                         slack                                  0.187    

Slack (MET) :             0.202ns  (arrival time - required time)
  Source:                 CNC_Top_i/XYZ_Axis_Coordinator_0/inst/res_reg[31]/C
                            (rising edge-triggered cell FDRE clocked by clk_out1_CNC_Top_clk_wiz_0  {rise@0.000ns fall@5.000ns period=10.000ns})
  Destination:            CNC_Top_i/XYZ_Axis_Coordinator_0/inst/distance_reg[31]/D
                            (rising edge-triggered cell FDRE clocked by clk_out1_CNC_Top_clk_wiz_0  {rise@0.000ns fall@5.000ns period=10.000ns})
  Path Group:             clk_out1_CNC_Top_clk_wiz_0
  Path Type:              Hold (Min at Fast Process Corner)
  Requirement:            0.000ns  (clk_out1_CNC_Top_clk_wiz_0 rise@0.000ns - clk_out1_CNC_Top_clk_wiz_0 rise@0.000ns)
  Data Path Delay:        0.318ns  (logic 0.141ns (44.402%)  route 0.177ns (55.598%))
  Logic Levels:           0  
  Clock Path Skew:        0.033ns (DCD - SCD - CPR)
    Destination Clock Delay (DCD):    -0.893ns
    Source Clock Delay      (SCD):    -0.652ns
    Clock Pessimism Removal (CPR):    -0.274ns

    Location             Delay type                Incr(ns)  Path(ns)    Netlist Resource(s)
  -------------------------------------------------------------------    -------------------
                         (clock clk_out1_CNC_Top_clk_wiz_0 rise edge)
                                                      0.000     0.000 r  
    C17                                               0.000     0.000 r  sys_clock (IN)
                         net (fo=0)                   0.000     0.000    CNC_Top_i/clk_wiz/inst/clk_in1
    C17                  IBUF (Prop_ibuf_I_O)         0.196     0.196 r  CNC_Top_i/clk_wiz/inst/clkin1_ibufg/O
                         net (fo=1, routed)           0.440     0.636    CNC_Top_i/clk_wiz/inst/clk_in1_CNC_Top_clk_wiz_0
    MMCME2_ADV_X1Y2      MMCME2_ADV (Prop_mmcme2_adv_CLKIN1_CLKOUT0)
                                                     -2.613    -1.977 r  CNC_Top_i/clk_wiz/inst/mmcm_adv_inst/CLKOUT0
                         net (fo=1, routed)           0.696    -1.280    CNC_Top_i/clk_wiz/inst/clk_out1_CNC_Top_clk_wiz_0
    BUFGCTRL_X0Y16       BUFG (Prop_bufg_I_O)         0.026    -1.254 r  CNC_Top_i/clk_wiz/inst/clkout1_buf/O
                         net (fo=439, routed)         0.602    -0.652    CNC_Top_i/XYZ_Axis_Coordinator_0/inst/clk
    SLICE_X99Y26         FDRE                                         r  CNC_Top_i/XYZ_Axis_Coordinator_0/inst/res_reg[31]/C
  -------------------------------------------------------------------    -------------------
    SLICE_X99Y26         FDRE (Prop_fdre_C_Q)         0.141    -0.511 r  CNC_Top_i/XYZ_Axis_Coordinator_0/inst/res_reg[31]/Q
                         net (fo=5, routed)           0.177    -0.335    CNC_Top_i/XYZ_Axis_Coordinator_0/inst/res_reg_n_0_[31]
    SLICE_X94Y26         FDRE                                         r  CNC_Top_i/XYZ_Axis_Coordinator_0/inst/distance_reg[31]/D
  -------------------------------------------------------------------    -------------------

                         (clock clk_out1_CNC_Top_clk_wiz_0 rise edge)
                                                      0.000     0.000 r  
    C17                                               0.000     0.000 r  sys_clock (IN)
                         net (fo=0)                   0.000     0.000    CNC_Top_i/clk_wiz/inst/clk_in1
    C17                  IBUF (Prop_ibuf_I_O)         0.385     0.385 r  CNC_Top_i/clk_wiz/inst/clkin1_ibufg/O
                         net (fo=1, routed)           0.480     0.865    CNC_Top_i/clk_wiz/inst/clk_in1_CNC_Top_clk_wiz_0
    MMCME2_ADV_X1Y2      MMCME2_ADV (Prop_mmcme2_adv_CLKIN1_CLKOUT0)
                                                     -3.407    -2.542 r  CNC_Top_i/clk_wiz/inst/mmcm_adv_inst/CLKOUT0
                         net (fo=1, routed)           0.752    -1.790    CNC_Top_i/clk_wiz/inst/clk_out1_CNC_Top_clk_wiz_0
    BUFGCTRL_X0Y16       BUFG (Prop_bufg_I_O)         0.029    -1.761 r  CNC_Top_i/clk_wiz/inst/clkout1_buf/O
                         net (fo=439, routed)         0.868    -0.893    CNC_Top_i/XYZ_Axis_Coordinator_0/inst/clk
    SLICE_X94Y26         FDRE                                         r  CNC_Top_i/XYZ_Axis_Coordinator_0/inst/distance_reg[31]/C
                         clock pessimism              0.274    -0.619    
    SLICE_X94Y26         FDRE (Hold_fdre_C_D)         0.083    -0.536    CNC_Top_i/XYZ_Axis_Coordinator_0/inst/distance_reg[31]
  -------------------------------------------------------------------
                         required time                          0.536    
                         arrival time                          -0.335    
  -------------------------------------------------------------------
                         slack                                  0.202    

Slack (MET) :             0.213ns  (arrival time - required time)
  Source:                 CNC_Top_i/XYZ_Axis_Coordinator_0/inst/bit_reg[46]/C
                            (rising edge-triggered cell FDRE clocked by clk_out1_CNC_Top_clk_wiz_0  {rise@0.000ns fall@5.000ns period=10.000ns})
  Destination:            CNC_Top_i/XYZ_Axis_Coordinator_0/inst/bit_reg[44]/D
                            (rising edge-triggered cell FDRE clocked by clk_out1_CNC_Top_clk_wiz_0  {rise@0.000ns fall@5.000ns period=10.000ns})
  Path Group:             clk_out1_CNC_Top_clk_wiz_0
  Path Type:              Hold (Min at Fast Process Corner)
  Requirement:            0.000ns  (clk_out1_CNC_Top_clk_wiz_0 rise@0.000ns - clk_out1_CNC_Top_clk_wiz_0 rise@0.000ns)
  Data Path Delay:        0.309ns  (logic 0.141ns (45.575%)  route 0.168ns (54.425%))
  Logic Levels:           0  
  Clock Path Skew:        0.013ns (DCD - SCD - CPR)
    Destination Clock Delay (DCD):    -0.891ns
    Source Clock Delay      (SCD):    -0.650ns
    Clock Pessimism Removal (CPR):    -0.254ns

    Location             Delay type                Incr(ns)  Path(ns)    Netlist Resource(s)
  -------------------------------------------------------------------    -------------------
                         (clock clk_out1_CNC_Top_clk_wiz_0 rise edge)
                                                      0.000     0.000 r  
    C17                                               0.000     0.000 r  sys_clock (IN)
                         net (fo=0)                   0.000     0.000    CNC_Top_i/clk_wiz/inst/clk_in1
    C17                  IBUF (Prop_ibuf_I_O)         0.196     0.196 r  CNC_Top_i/clk_wiz/inst/clkin1_ibufg/O
                         net (fo=1, routed)           0.440     0.636    CNC_Top_i/clk_wiz/inst/clk_in1_CNC_Top_clk_wiz_0
    MMCME2_ADV_X1Y2      MMCME2_ADV (Prop_mmcme2_adv_CLKIN1_CLKOUT0)
                                                     -2.613    -1.977 r  CNC_Top_i/clk_wiz/inst/mmcm_adv_inst/CLKOUT0
                         net (fo=1, routed)           0.696    -1.280    CNC_Top_i/clk_wiz/inst/clk_out1_CNC_Top_clk_wiz_0
    BUFGCTRL_X0Y16       BUFG (Prop_bufg_I_O)         0.026    -1.254 r  CNC_Top_i/clk_wiz/inst/clkout1_buf/O
                         net (fo=439, routed)         0.604    -0.650    CNC_Top_i/XYZ_Axis_Coordinator_0/inst/clk
    SLICE_X101Y27        FDRE                                         r  CNC_Top_i/XYZ_Axis_Coordinator_0/inst/bit_reg[46]/C
  -------------------------------------------------------------------    -------------------
    SLICE_X101Y27        FDRE (Prop_fdre_C_Q)         0.141    -0.509 r  CNC_Top_i/XYZ_Axis_Coordinator_0/inst/bit_reg[46]/Q
                         net (fo=6, routed)           0.168    -0.341    CNC_Top_i/XYZ_Axis_Coordinator_0/inst/bit_reg_n_0_[46]
    SLICE_X100Y27        FDRE                                         r  CNC_Top_i/XYZ_Axis_Coordinator_0/inst/bit_reg[44]/D
  -------------------------------------------------------------------    -------------------

                         (clock clk_out1_CNC_Top_clk_wiz_0 rise edge)
                                                      0.000     0.000 r  
    C17                                               0.000     0.000 r  sys_clock (IN)
                         net (fo=0)                   0.000     0.000    CNC_Top_i/clk_wiz/inst/clk_in1
    C17                  IBUF (Prop_ibuf_I_O)         0.385     0.385 r  CNC_Top_i/clk_wiz/inst/clkin1_ibufg/O
                         net (fo=1, routed)           0.480     0.865    CNC_Top_i/clk_wiz/inst/clk_in1_CNC_Top_clk_wiz_0
    MMCME2_ADV_X1Y2      MMCME2_ADV (Prop_mmcme2_adv_CLKIN1_CLKOUT0)
                                                     -3.407    -2.542 r  CNC_Top_i/clk_wiz/inst/mmcm_adv_inst/CLKOUT0
                         net (fo=1, routed)           0.752    -1.790    CNC_Top_i/clk_wiz/inst/clk_out1_CNC_Top_clk_wiz_0
    BUFGCTRL_X0Y16       BUFG (Prop_bufg_I_O)         0.029    -1.761 r  CNC_Top_i/clk_wiz/inst/clkout1_buf/O
                         net (fo=439, routed)         0.870    -0.891    CNC_Top_i/XYZ_Axis_Coordinator_0/inst/clk
    SLICE_X100Y27        FDRE                                         r  CNC_Top_i/XYZ_Axis_Coordinator_0/inst/bit_reg[44]/C
                         clock pessimism              0.254    -0.637    
    SLICE_X100Y27        FDRE (Hold_fdre_C_D)         0.083    -0.554    CNC_Top_i/XYZ_Axis_Coordinator_0/inst/bit_reg[44]
  -------------------------------------------------------------------
                         required time                          0.554    
                         arrival time                          -0.341    
  -------------------------------------------------------------------
                         slack                                  0.213    

Slack (MET) :             0.214ns  (arrival time - required time)
  Source:                 CNC_Top_i/GCODE_Parser_0/inst/curr_line_reg[0]/C
                            (rising edge-triggered cell FDRE clocked by clk_out1_CNC_Top_clk_wiz_0  {rise@0.000ns fall@5.000ns period=10.000ns})
  Destination:            CNC_Top_i/GCODE_Parser_0/inst/curr_line_reg[3]/D
                            (rising edge-triggered cell FDRE clocked by clk_out1_CNC_Top_clk_wiz_0  {rise@0.000ns fall@5.000ns period=10.000ns})
  Path Group:             clk_out1_CNC_Top_clk_wiz_0
  Path Type:              Hold (Min at Fast Process Corner)
  Requirement:            0.000ns  (clk_out1_CNC_Top_clk_wiz_0 rise@0.000ns - clk_out1_CNC_Top_clk_wiz_0 rise@0.000ns)
  Data Path Delay:        0.318ns  (logic 0.186ns (58.435%)  route 0.132ns (41.565%))
  Logic Levels:           1  (LUT4=1)
  Clock Path Skew:        0.013ns (DCD - SCD - CPR)
    Destination Clock Delay (DCD):    -0.915ns
    Source Clock Delay      (SCD):    -0.675ns
    Clock Pessimism Removal (CPR):    -0.253ns

    Location             Delay type                Incr(ns)  Path(ns)    Netlist Resource(s)
  -------------------------------------------------------------------    -------------------
                         (clock clk_out1_CNC_Top_clk_wiz_0 rise edge)
                                                      0.000     0.000 r  
    C17                                               0.000     0.000 r  sys_clock (IN)
                         net (fo=0)                   0.000     0.000    CNC_Top_i/clk_wiz/inst/clk_in1
    C17                  IBUF (Prop_ibuf_I_O)         0.196     0.196 r  CNC_Top_i/clk_wiz/inst/clkin1_ibufg/O
                         net (fo=1, routed)           0.440     0.636    CNC_Top_i/clk_wiz/inst/clk_in1_CNC_Top_clk_wiz_0
    MMCME2_ADV_X1Y2      MMCME2_ADV (Prop_mmcme2_adv_CLKIN1_CLKOUT0)
                                                     -2.613    -1.977 r  CNC_Top_i/clk_wiz/inst/mmcm_adv_inst/CLKOUT0
                         net (fo=1, routed)           0.696    -1.280    CNC_Top_i/clk_wiz/inst/clk_out1_CNC_Top_clk_wiz_0
    BUFGCTRL_X0Y16       BUFG (Prop_bufg_I_O)         0.026    -1.254 r  CNC_Top_i/clk_wiz/inst/clkout1_buf/O
                         net (fo=439, routed)         0.579    -0.675    CNC_Top_i/GCODE_Parser_0/inst/clk
    SLICE_X79Y20         FDRE                                         r  CNC_Top_i/GCODE_Parser_0/inst/curr_line_reg[0]/C
  -------------------------------------------------------------------    -------------------
    SLICE_X79Y20         FDRE (Prop_fdre_C_Q)         0.141    -0.534 r  CNC_Top_i/GCODE_Parser_0/inst/curr_line_reg[0]/Q
                         net (fo=12, routed)          0.132    -0.402    CNC_Top_i/GCODE_Parser_0/inst/curr_line_reg[0]
    SLICE_X78Y20         LUT4 (Prop_lut4_I1_O)        0.045    -0.357 r  CNC_Top_i/GCODE_Parser_0/inst/curr_line_rep[3]_i_1/O
                         net (fo=2, routed)           0.000    -0.357    CNC_Top_i/GCODE_Parser_0/inst/curr_line_rep[3]_i_1_n_0
    SLICE_X78Y20         FDRE                                         r  CNC_Top_i/GCODE_Parser_0/inst/curr_line_reg[3]/D
  -------------------------------------------------------------------    -------------------

                         (clock clk_out1_CNC_Top_clk_wiz_0 rise edge)
                                                      0.000     0.000 r  
    C17                                               0.000     0.000 r  sys_clock (IN)
                         net (fo=0)                   0.000     0.000    CNC_Top_i/clk_wiz/inst/clk_in1
    C17                  IBUF (Prop_ibuf_I_O)         0.385     0.385 r  CNC_Top_i/clk_wiz/inst/clkin1_ibufg/O
                         net (fo=1, routed)           0.480     0.865    CNC_Top_i/clk_wiz/inst/clk_in1_CNC_Top_clk_wiz_0
    MMCME2_ADV_X1Y2      MMCME2_ADV (Prop_mmcme2_adv_CLKIN1_CLKOUT0)
                                                     -3.407    -2.542 r  CNC_Top_i/clk_wiz/inst/mmcm_adv_inst/CLKOUT0
                         net (fo=1, routed)           0.752    -1.790    CNC_Top_i/clk_wiz/inst/clk_out1_CNC_Top_clk_wiz_0
    BUFGCTRL_X0Y16       BUFG (Prop_bufg_I_O)         0.029    -1.761 r  CNC_Top_i/clk_wiz/inst/clkout1_buf/O
                         net (fo=439, routed)         0.846    -0.915    CNC_Top_i/GCODE_Parser_0/inst/clk
    SLICE_X78Y20         FDRE                                         r  CNC_Top_i/GCODE_Parser_0/inst/curr_line_reg[3]/C
                         clock pessimism              0.253    -0.662    
    SLICE_X78Y20         FDRE (Hold_fdre_C_D)         0.091    -0.571    CNC_Top_i/GCODE_Parser_0/inst/curr_line_reg[3]
  -------------------------------------------------------------------
                         required time                          0.571    
                         arrival time                          -0.357    
  -------------------------------------------------------------------
                         slack                                  0.214    

Slack (MET) :             0.218ns  (arrival time - required time)
  Source:                 CNC_Top_i/XYZ_Axis_Coordinator_0/inst/res_reg[0]/C
                            (rising edge-triggered cell FDRE clocked by clk_out1_CNC_Top_clk_wiz_0  {rise@0.000ns fall@5.000ns period=10.000ns})
  Destination:            CNC_Top_i/XYZ_Axis_Coordinator_0/inst/distance_reg[0]/D
                            (rising edge-triggered cell FDRE clocked by clk_out1_CNC_Top_clk_wiz_0  {rise@0.000ns fall@5.000ns period=10.000ns})
  Path Group:             clk_out1_CNC_Top_clk_wiz_0
  Path Type:              Hold (Min at Fast Process Corner)
  Requirement:            0.000ns  (clk_out1_CNC_Top_clk_wiz_0 rise@0.000ns - clk_out1_CNC_Top_clk_wiz_0 rise@0.000ns)
  Data Path Delay:        0.322ns  (logic 0.141ns (43.738%)  route 0.181ns (56.262%))
  Logic Levels:           0  
  Clock Path Skew:        0.034ns (DCD - SCD - CPR)
    Destination Clock Delay (DCD):    -0.888ns
    Source Clock Delay      (SCD):    -0.648ns
    Clock Pessimism Removal (CPR):    -0.274ns

    Location             Delay type                Incr(ns)  Path(ns)    Netlist Resource(s)
  -------------------------------------------------------------------    -------------------
                         (clock clk_out1_CNC_Top_clk_wiz_0 rise edge)
                                                      0.000     0.000 r  
    C17                                               0.000     0.000 r  sys_clock (IN)
                         net (fo=0)                   0.000     0.000    CNC_Top_i/clk_wiz/inst/clk_in1
    C17                  IBUF (Prop_ibuf_I_O)         0.196     0.196 r  CNC_Top_i/clk_wiz/inst/clkin1_ibufg/O
                         net (fo=1, routed)           0.440     0.636    CNC_Top_i/clk_wiz/inst/clk_in1_CNC_Top_clk_wiz_0
    MMCME2_ADV_X1Y2      MMCME2_ADV (Prop_mmcme2_adv_CLKIN1_CLKOUT0)
                                                     -2.613    -1.977 r  CNC_Top_i/clk_wiz/inst/mmcm_adv_inst/CLKOUT0
                         net (fo=1, routed)           0.696    -1.280    CNC_Top_i/clk_wiz/inst/clk_out1_CNC_Top_clk_wiz_0
    BUFGCTRL_X0Y16       BUFG (Prop_bufg_I_O)         0.026    -1.254 r  CNC_Top_i/clk_wiz/inst/clkout1_buf/O
                         net (fo=439, routed)         0.606    -0.648    CNC_Top_i/XYZ_Axis_Coordinator_0/inst/clk
    SLICE_X99Y19         FDRE                                         r  CNC_Top_i/XYZ_Axis_Coordinator_0/inst/res_reg[0]/C
  -------------------------------------------------------------------    -------------------
    SLICE_X99Y19         FDRE (Prop_fdre_C_Q)         0.141    -0.507 r  CNC_Top_i/XYZ_Axis_Coordinator_0/inst/res_reg[0]/Q
                         net (fo=3, routed)           0.181    -0.326    CNC_Top_i/XYZ_Axis_Coordinator_0/inst/res_reg_n_0_[0]
    SLICE_X97Y19         FDRE                                         r  CNC_Top_i/XYZ_Axis_Coordinator_0/inst/distance_reg[0]/D
  -------------------------------------------------------------------    -------------------

                         (clock clk_out1_CNC_Top_clk_wiz_0 rise edge)
                                                      0.000     0.000 r  
    C17                                               0.000     0.000 r  sys_clock (IN)
                         net (fo=0)                   0.000     0.000    CNC_Top_i/clk_wiz/inst/clk_in1
    C17                  IBUF (Prop_ibuf_I_O)         0.385     0.385 r  CNC_Top_i/clk_wiz/inst/clkin1_ibufg/O
                         net (fo=1, routed)           0.480     0.865    CNC_Top_i/clk_wiz/inst/clk_in1_CNC_Top_clk_wiz_0
    MMCME2_ADV_X1Y2      MMCME2_ADV (Prop_mmcme2_adv_CLKIN1_CLKOUT0)
                                                     -3.407    -2.542 r  CNC_Top_i/clk_wiz/inst/mmcm_adv_inst/CLKOUT0
                         net (fo=1, routed)           0.752    -1.790    CNC_Top_i/clk_wiz/inst/clk_out1_CNC_Top_clk_wiz_0
    BUFGCTRL_X0Y16       BUFG (Prop_bufg_I_O)         0.029    -1.761 r  CNC_Top_i/clk_wiz/inst/clkout1_buf/O
                         net (fo=439, routed)         0.873    -0.888    CNC_Top_i/XYZ_Axis_Coordinator_0/inst/clk
    SLICE_X97Y19         FDRE                                         r  CNC_Top_i/XYZ_Axis_Coordinator_0/inst/distance_reg[0]/C
                         clock pessimism              0.274    -0.614    
    SLICE_X97Y19         FDRE (Hold_fdre_C_D)         0.070    -0.544    CNC_Top_i/XYZ_Axis_Coordinator_0/inst/distance_reg[0]
  -------------------------------------------------------------------
                         required time                          0.544    
                         arrival time                          -0.326    
  -------------------------------------------------------------------
                         slack                                  0.218    

Slack (MET) :             0.221ns  (arrival time - required time)
  Source:                 CNC_Top_i/XYZ_Axis_Coordinator_0/inst/bit_reg[40]/C
                            (rising edge-triggered cell FDRE clocked by clk_out1_CNC_Top_clk_wiz_0  {rise@0.000ns fall@5.000ns period=10.000ns})
  Destination:            CNC_Top_i/XYZ_Axis_Coordinator_0/inst/bit_reg[38]/D
                            (rising edge-triggered cell FDRE clocked by clk_out1_CNC_Top_clk_wiz_0  {rise@0.000ns fall@5.000ns period=10.000ns})
  Path Group:             clk_out1_CNC_Top_clk_wiz_0
  Path Type:              Hold (Min at Fast Process Corner)
  Requirement:            0.000ns  (clk_out1_CNC_Top_clk_wiz_0 rise@0.000ns - clk_out1_CNC_Top_clk_wiz_0 rise@0.000ns)
  Data Path Delay:        0.304ns  (logic 0.164ns (53.859%)  route 0.140ns (46.141%))
  Logic Levels:           0  
  Clock Path Skew:        0.013ns (DCD - SCD - CPR)
    Destination Clock Delay (DCD):    -0.891ns
    Source Clock Delay      (SCD):    -0.650ns
    Clock Pessimism Removal (CPR):    -0.254ns

    Location             Delay type                Incr(ns)  Path(ns)    Netlist Resource(s)
  -------------------------------------------------------------------    -------------------
                         (clock clk_out1_CNC_Top_clk_wiz_0 rise edge)
                                                      0.000     0.000 r  
    C17                                               0.000     0.000 r  sys_clock (IN)
                         net (fo=0)                   0.000     0.000    CNC_Top_i/clk_wiz/inst/clk_in1
    C17                  IBUF (Prop_ibuf_I_O)         0.196     0.196 r  CNC_Top_i/clk_wiz/inst/clkin1_ibufg/O
                         net (fo=1, routed)           0.440     0.636    CNC_Top_i/clk_wiz/inst/clk_in1_CNC_Top_clk_wiz_0
    MMCME2_ADV_X1Y2      MMCME2_ADV (Prop_mmcme2_adv_CLKIN1_CLKOUT0)
                                                     -2.613    -1.977 r  CNC_Top_i/clk_wiz/inst/mmcm_adv_inst/CLKOUT0
                         net (fo=1, routed)           0.696    -1.280    CNC_Top_i/clk_wiz/inst/clk_out1_CNC_Top_clk_wiz_0
    BUFGCTRL_X0Y16       BUFG (Prop_bufg_I_O)         0.026    -1.254 r  CNC_Top_i/clk_wiz/inst/clkout1_buf/O
                         net (fo=439, routed)         0.604    -0.650    CNC_Top_i/XYZ_Axis_Coordinator_0/inst/clk
    SLICE_X100Y27        FDRE                                         r  CNC_Top_i/XYZ_Axis_Coordinator_0/inst/bit_reg[40]/C
  -------------------------------------------------------------------    -------------------
    SLICE_X100Y27        FDRE (Prop_fdre_C_Q)         0.164    -0.486 r  CNC_Top_i/XYZ_Axis_Coordinator_0/inst/bit_reg[40]/Q
                         net (fo=6, routed)           0.140    -0.346    CNC_Top_i/XYZ_Axis_Coordinator_0/inst/bit_reg_n_0_[40]
    SLICE_X101Y27        FDRE                                         r  CNC_Top_i/XYZ_Axis_Coordinator_0/inst/bit_reg[38]/D
  -------------------------------------------------------------------    -------------------

                         (clock clk_out1_CNC_Top_clk_wiz_0 rise edge)
                                                      0.000     0.000 r  
    C17                                               0.000     0.000 r  sys_clock (IN)
                         net (fo=0)                   0.000     0.000    CNC_Top_i/clk_wiz/inst/clk_in1
    C17                  IBUF (Prop_ibuf_I_O)         0.385     0.385 r  CNC_Top_i/clk_wiz/inst/clkin1_ibufg/O
                         net (fo=1, routed)           0.480     0.865    CNC_Top_i/clk_wiz/inst/clk_in1_CNC_Top_clk_wiz_0
    MMCME2_ADV_X1Y2      MMCME2_ADV (Prop_mmcme2_adv_CLKIN1_CLKOUT0)
                                                     -3.407    -2.542 r  CNC_Top_i/clk_wiz/inst/mmcm_adv_inst/CLKOUT0
                         net (fo=1, routed)           0.752    -1.790    CNC_Top_i/clk_wiz/inst/clk_out1_CNC_Top_clk_wiz_0
    BUFGCTRL_X0Y16       BUFG (Prop_bufg_I_O)         0.029    -1.761 r  CNC_Top_i/clk_wiz/inst/clkout1_buf/O
                         net (fo=439, routed)         0.870    -0.891    CNC_Top_i/XYZ_Axis_Coordinator_0/inst/clk
    SLICE_X101Y27        FDRE                                         r  CNC_Top_i/XYZ_Axis_Coordinator_0/inst/bit_reg[38]/C
                         clock pessimism              0.254    -0.637    
    SLICE_X101Y27        FDRE (Hold_fdre_C_D)         0.070    -0.567    CNC_Top_i/XYZ_Axis_Coordinator_0/inst/bit_reg[38]
  -------------------------------------------------------------------
                         required time                          0.567    
                         arrival time                          -0.346    
  -------------------------------------------------------------------
                         slack                                  0.221    

Slack (MET) :             0.222ns  (arrival time - required time)
  Source:                 CNC_Top_i/GCODE_Parser_0/inst/curr_line_reg[4]/C
                            (rising edge-triggered cell FDRE clocked by clk_out1_CNC_Top_clk_wiz_0  {rise@0.000ns fall@5.000ns period=10.000ns})
  Destination:            CNC_Top_i/GCODE_Parser_0/inst/enable_reg/D
                            (rising edge-triggered cell FDRE clocked by clk_out1_CNC_Top_clk_wiz_0  {rise@0.000ns fall@5.000ns period=10.000ns})
  Path Group:             clk_out1_CNC_Top_clk_wiz_0
  Path Type:              Hold (Min at Fast Process Corner)
  Requirement:            0.000ns  (clk_out1_CNC_Top_clk_wiz_0 rise@0.000ns - clk_out1_CNC_Top_clk_wiz_0 rise@0.000ns)
  Data Path Delay:        0.328ns  (logic 0.186ns (56.648%)  route 0.142ns (43.352%))
  Logic Levels:           1  (LUT6=1)
  Clock Path Skew:        0.014ns (DCD - SCD - CPR)
    Destination Clock Delay (DCD):    -0.916ns
    Source Clock Delay      (SCD):    -0.676ns
    Clock Pessimism Removal (CPR):    -0.254ns

    Location             Delay type                Incr(ns)  Path(ns)    Netlist Resource(s)
  -------------------------------------------------------------------    -------------------
                         (clock clk_out1_CNC_Top_clk_wiz_0 rise edge)
                                                      0.000     0.000 r  
    C17                                               0.000     0.000 r  sys_clock (IN)
                         net (fo=0)                   0.000     0.000    CNC_Top_i/clk_wiz/inst/clk_in1
    C17                  IBUF (Prop_ibuf_I_O)         0.196     0.196 r  CNC_Top_i/clk_wiz/inst/clkin1_ibufg/O
                         net (fo=1, routed)           0.440     0.636    CNC_Top_i/clk_wiz/inst/clk_in1_CNC_Top_clk_wiz_0
    MMCME2_ADV_X1Y2      MMCME2_ADV (Prop_mmcme2_adv_CLKIN1_CLKOUT0)
                                                     -2.613    -1.977 r  CNC_Top_i/clk_wiz/inst/mmcm_adv_inst/CLKOUT0
                         net (fo=1, routed)           0.696    -1.280    CNC_Top_i/clk_wiz/inst/clk_out1_CNC_Top_clk_wiz_0
    BUFGCTRL_X0Y16       BUFG (Prop_bufg_I_O)         0.026    -1.254 r  CNC_Top_i/clk_wiz/inst/clkout1_buf/O
                         net (fo=439, routed)         0.578    -0.676    CNC_Top_i/GCODE_Parser_0/inst/clk
    SLICE_X79Y22         FDRE                                         r  CNC_Top_i/GCODE_Parser_0/inst/curr_line_reg[4]/C
  -------------------------------------------------------------------    -------------------
    SLICE_X79Y22         FDRE (Prop_fdre_C_Q)         0.141    -0.535 f  CNC_Top_i/GCODE_Parser_0/inst/curr_line_reg[4]/Q
                         net (fo=6, routed)           0.142    -0.393    CNC_Top_i/GCODE_Parser_0/inst/curr_line_reg[4]
    SLICE_X78Y21         LUT6 (Prop_lut6_I2_O)        0.045    -0.348 r  CNC_Top_i/GCODE_Parser_0/inst/enable_i_1/O
                         net (fo=1, routed)           0.000    -0.348    CNC_Top_i/GCODE_Parser_0/inst/enable_i_1_n_0
    SLICE_X78Y21         FDRE                                         r  CNC_Top_i/GCODE_Parser_0/inst/enable_reg/D
  -------------------------------------------------------------------    -------------------

                         (clock clk_out1_CNC_Top_clk_wiz_0 rise edge)
                                                      0.000     0.000 r  
    C17                                               0.000     0.000 r  sys_clock (IN)
                         net (fo=0)                   0.000     0.000    CNC_Top_i/clk_wiz/inst/clk_in1
    C17                  IBUF (Prop_ibuf_I_O)         0.385     0.385 r  CNC_Top_i/clk_wiz/inst/clkin1_ibufg/O
                         net (fo=1, routed)           0.480     0.865    CNC_Top_i/clk_wiz/inst/clk_in1_CNC_Top_clk_wiz_0
    MMCME2_ADV_X1Y2      MMCME2_ADV (Prop_mmcme2_adv_CLKIN1_CLKOUT0)
                                                     -3.407    -2.542 r  CNC_Top_i/clk_wiz/inst/mmcm_adv_inst/CLKOUT0
                         net (fo=1, routed)           0.752    -1.790    CNC_Top_i/clk_wiz/inst/clk_out1_CNC_Top_clk_wiz_0
    BUFGCTRL_X0Y16       BUFG (Prop_bufg_I_O)         0.029    -1.761 r  CNC_Top_i/clk_wiz/inst/clkout1_buf/O
                         net (fo=439, routed)         0.845    -0.916    CNC_Top_i/GCODE_Parser_0/inst/clk
    SLICE_X78Y21         FDRE                                         r  CNC_Top_i/GCODE_Parser_0/inst/enable_reg/C
                         clock pessimism              0.254    -0.662    
    SLICE_X78Y21         FDRE (Hold_fdre_C_D)         0.092    -0.570    CNC_Top_i/GCODE_Parser_0/inst/enable_reg
  -------------------------------------------------------------------
                         required time                          0.570    
                         arrival time                          -0.348    
  -------------------------------------------------------------------
                         slack                                  0.222    

Slack (MET) :             0.224ns  (arrival time - required time)
  Source:                 CNC_Top_i/XYZ_Axis_Coordinator_0/inst/res_reg[14]/C
                            (rising edge-triggered cell FDRE clocked by clk_out1_CNC_Top_clk_wiz_0  {rise@0.000ns fall@5.000ns period=10.000ns})
  Destination:            CNC_Top_i/XYZ_Axis_Coordinator_0/inst/distance_reg[14]/D
                            (rising edge-triggered cell FDRE clocked by clk_out1_CNC_Top_clk_wiz_0  {rise@0.000ns fall@5.000ns period=10.000ns})
  Path Group:             clk_out1_CNC_Top_clk_wiz_0
  Path Type:              Hold (Min at Fast Process Corner)
  Requirement:            0.000ns  (clk_out1_CNC_Top_clk_wiz_0 rise@0.000ns - clk_out1_CNC_Top_clk_wiz_0 rise@0.000ns)
  Data Path Delay:        0.308ns  (logic 0.141ns (45.836%)  route 0.167ns (54.164%))
  Logic Levels:           0  
  Clock Path Skew:        0.033ns (DCD - SCD - CPR)
    Destination Clock Delay (DCD):    -0.891ns
    Source Clock Delay      (SCD):    -0.650ns
    Clock Pessimism Removal (CPR):    -0.274ns

    Location             Delay type                Incr(ns)  Path(ns)    Netlist Resource(s)
  -------------------------------------------------------------------    -------------------
                         (clock clk_out1_CNC_Top_clk_wiz_0 rise edge)
                                                      0.000     0.000 r  
    C17                                               0.000     0.000 r  sys_clock (IN)
                         net (fo=0)                   0.000     0.000    CNC_Top_i/clk_wiz/inst/clk_in1
    C17                  IBUF (Prop_ibuf_I_O)         0.196     0.196 r  CNC_Top_i/clk_wiz/inst/clkin1_ibufg/O
                         net (fo=1, routed)           0.440     0.636    CNC_Top_i/clk_wiz/inst/clk_in1_CNC_Top_clk_wiz_0
    MMCME2_ADV_X1Y2      MMCME2_ADV (Prop_mmcme2_adv_CLKIN1_CLKOUT0)
                                                     -2.613    -1.977 r  CNC_Top_i/clk_wiz/inst/mmcm_adv_inst/CLKOUT0
                         net (fo=1, routed)           0.696    -1.280    CNC_Top_i/clk_wiz/inst/clk_out1_CNC_Top_clk_wiz_0
    BUFGCTRL_X0Y16       BUFG (Prop_bufg_I_O)         0.026    -1.254 r  CNC_Top_i/clk_wiz/inst/clkout1_buf/O
                         net (fo=439, routed)         0.604    -0.650    CNC_Top_i/XYZ_Axis_Coordinator_0/inst/clk
    SLICE_X99Y22         FDRE                                         r  CNC_Top_i/XYZ_Axis_Coordinator_0/inst/res_reg[14]/C
  -------------------------------------------------------------------    -------------------
    SLICE_X99Y22         FDRE (Prop_fdre_C_Q)         0.141    -0.509 r  CNC_Top_i/XYZ_Axis_Coordinator_0/inst/res_reg[14]/Q
                         net (fo=5, routed)           0.167    -0.343    CNC_Top_i/XYZ_Axis_Coordinator_0/inst/res_reg_n_0_[14]
    SLICE_X95Y22         FDRE                                         r  CNC_Top_i/XYZ_Axis_Coordinator_0/inst/distance_reg[14]/D
  -------------------------------------------------------------------    -------------------

                         (clock clk_out1_CNC_Top_clk_wiz_0 rise edge)
                                                      0.000     0.000 r  
    C17                                               0.000     0.000 r  sys_clock (IN)
                         net (fo=0)                   0.000     0.000    CNC_Top_i/clk_wiz/inst/clk_in1
    C17                  IBUF (Prop_ibuf_I_O)         0.385     0.385 r  CNC_Top_i/clk_wiz/inst/clkin1_ibufg/O
                         net (fo=1, routed)           0.480     0.865    CNC_Top_i/clk_wiz/inst/clk_in1_CNC_Top_clk_wiz_0
    MMCME2_ADV_X1Y2      MMCME2_ADV (Prop_mmcme2_adv_CLKIN1_CLKOUT0)
                                                     -3.407    -2.542 r  CNC_Top_i/clk_wiz/inst/mmcm_adv_inst/CLKOUT0
                         net (fo=1, routed)           0.752    -1.790    CNC_Top_i/clk_wiz/inst/clk_out1_CNC_Top_clk_wiz_0
    BUFGCTRL_X0Y16       BUFG (Prop_bufg_I_O)         0.029    -1.761 r  CNC_Top_i/clk_wiz/inst/clkout1_buf/O
                         net (fo=439, routed)         0.870    -0.891    CNC_Top_i/XYZ_Axis_Coordinator_0/inst/clk
    SLICE_X95Y22         FDRE                                         r  CNC_Top_i/XYZ_Axis_Coordinator_0/inst/distance_reg[14]/C
                         clock pessimism              0.274    -0.617    
    SLICE_X95Y22         FDRE (Hold_fdre_C_D)         0.051    -0.566    CNC_Top_i/XYZ_Axis_Coordinator_0/inst/distance_reg[14]
  -------------------------------------------------------------------
                         required time                          0.566    
                         arrival time                          -0.343    
  -------------------------------------------------------------------
                         slack                                  0.224    

Slack (MET) :             0.228ns  (arrival time - required time)
  Source:                 CNC_Top_i/XYZ_Axis_Coordinator_0/inst/bit_reg[24]/C
                            (rising edge-triggered cell FDRE clocked by clk_out1_CNC_Top_clk_wiz_0  {rise@0.000ns fall@5.000ns period=10.000ns})
  Destination:            CNC_Top_i/XYZ_Axis_Coordinator_0/inst/bit_reg[22]/D
                            (rising edge-triggered cell FDRE clocked by clk_out1_CNC_Top_clk_wiz_0  {rise@0.000ns fall@5.000ns period=10.000ns})
  Path Group:             clk_out1_CNC_Top_clk_wiz_0
  Path Type:              Hold (Min at Fast Process Corner)
  Requirement:            0.000ns  (clk_out1_CNC_Top_clk_wiz_0 rise@0.000ns - clk_out1_CNC_Top_clk_wiz_0 rise@0.000ns)
  Data Path Delay:        0.325ns  (logic 0.164ns (50.457%)  route 0.161ns (49.543%))
  Logic Levels:           0  
  Clock Path Skew:        0.012ns (DCD - SCD - CPR)
    Destination Clock Delay (DCD):    -0.894ns
    Source Clock Delay      (SCD):    -0.652ns
    Clock Pessimism Removal (CPR):    -0.254ns

    Location             Delay type                Incr(ns)  Path(ns)    Netlist Resource(s)
  -------------------------------------------------------------------    -------------------
                         (clock clk_out1_CNC_Top_clk_wiz_0 rise edge)
                                                      0.000     0.000 r  
    C17                                               0.000     0.000 r  sys_clock (IN)
                         net (fo=0)                   0.000     0.000    CNC_Top_i/clk_wiz/inst/clk_in1
    C17                  IBUF (Prop_ibuf_I_O)         0.196     0.196 r  CNC_Top_i/clk_wiz/inst/clkin1_ibufg/O
                         net (fo=1, routed)           0.440     0.636    CNC_Top_i/clk_wiz/inst/clk_in1_CNC_Top_clk_wiz_0
    MMCME2_ADV_X1Y2      MMCME2_ADV (Prop_mmcme2_adv_CLKIN1_CLKOUT0)
                                                     -2.613    -1.977 r  CNC_Top_i/clk_wiz/inst/mmcm_adv_inst/CLKOUT0
                         net (fo=1, routed)           0.696    -1.280    CNC_Top_i/clk_wiz/inst/clk_out1_CNC_Top_clk_wiz_0
    BUFGCTRL_X0Y16       BUFG (Prop_bufg_I_O)         0.026    -1.254 r  CNC_Top_i/clk_wiz/inst/clkout1_buf/O
                         net (fo=439, routed)         0.602    -0.652    CNC_Top_i/XYZ_Axis_Coordinator_0/inst/clk
    SLICE_X100Y26        FDRE                                         r  CNC_Top_i/XYZ_Axis_Coordinator_0/inst/bit_reg[24]/C
  -------------------------------------------------------------------    -------------------
    SLICE_X100Y26        FDRE (Prop_fdre_C_Q)         0.164    -0.488 r  CNC_Top_i/XYZ_Axis_Coordinator_0/inst/bit_reg[24]/Q
                         net (fo=6, routed)           0.161    -0.327    CNC_Top_i/XYZ_Axis_Coordinator_0/inst/bit_reg_n_0_[24]
    SLICE_X100Y25        FDRE                                         r  CNC_Top_i/XYZ_Axis_Coordinator_0/inst/bit_reg[22]/D
  -------------------------------------------------------------------    -------------------

                         (clock clk_out1_CNC_Top_clk_wiz_0 rise edge)
                                                      0.000     0.000 r  
    C17                                               0.000     0.000 r  sys_clock (IN)
                         net (fo=0)                   0.000     0.000    CNC_Top_i/clk_wiz/inst/clk_in1
    C17                  IBUF (Prop_ibuf_I_O)         0.385     0.385 r  CNC_Top_i/clk_wiz/inst/clkin1_ibufg/O
                         net (fo=1, routed)           0.480     0.865    CNC_Top_i/clk_wiz/inst/clk_in1_CNC_Top_clk_wiz_0
    MMCME2_ADV_X1Y2      MMCME2_ADV (Prop_mmcme2_adv_CLKIN1_CLKOUT0)
                                                     -3.407    -2.542 r  CNC_Top_i/clk_wiz/inst/mmcm_adv_inst/CLKOUT0
                         net (fo=1, routed)           0.752    -1.790    CNC_Top_i/clk_wiz/inst/clk_out1_CNC_Top_clk_wiz_0
    BUFGCTRL_X0Y16       BUFG (Prop_bufg_I_O)         0.029    -1.761 r  CNC_Top_i/clk_wiz/inst/clkout1_buf/O
                         net (fo=439, routed)         0.867    -0.894    CNC_Top_i/XYZ_Axis_Coordinator_0/inst/clk
    SLICE_X100Y25        FDRE                                         r  CNC_Top_i/XYZ_Axis_Coordinator_0/inst/bit_reg[22]/C
                         clock pessimism              0.254    -0.640    
    SLICE_X100Y25        FDRE (Hold_fdre_C_D)         0.085    -0.555    CNC_Top_i/XYZ_Axis_Coordinator_0/inst/bit_reg[22]
  -------------------------------------------------------------------
                         required time                          0.555    
                         arrival time                          -0.327    
  -------------------------------------------------------------------
                         slack                                  0.228    

Slack (MET) :             0.228ns  (arrival time - required time)
  Source:                 CNC_Top_i/DriverController_Z/inst/clk_counter_reg[0]/C
                            (rising edge-triggered cell FDRE clocked by clk_out1_CNC_Top_clk_wiz_0  {rise@0.000ns fall@5.000ns period=10.000ns})
  Destination:            CNC_Top_i/DriverController_Z/inst/clk_counter_reg[1]/D
                            (rising edge-triggered cell FDRE clocked by clk_out1_CNC_Top_clk_wiz_0  {rise@0.000ns fall@5.000ns period=10.000ns})
  Path Group:             clk_out1_CNC_Top_clk_wiz_0
  Path Type:              Hold (Min at Fast Process Corner)
  Requirement:            0.000ns  (clk_out1_CNC_Top_clk_wiz_0 rise@0.000ns - clk_out1_CNC_Top_clk_wiz_0 rise@0.000ns)
  Data Path Delay:        0.333ns  (logic 0.265ns (79.557%)  route 0.068ns (20.443%))
  Logic Levels:           1  (CARRY4=1)
  Clock Path Skew:        0.000ns (DCD - SCD - CPR)
    Destination Clock Delay (DCD):    -0.907ns
    Source Clock Delay      (SCD):    -0.667ns
    Clock Pessimism Removal (CPR):    -0.240ns

    Location             Delay type                Incr(ns)  Path(ns)    Netlist Resource(s)
  -------------------------------------------------------------------    -------------------
                         (clock clk_out1_CNC_Top_clk_wiz_0 rise edge)
                                                      0.000     0.000 r  
    C17                                               0.000     0.000 r  sys_clock (IN)
                         net (fo=0)                   0.000     0.000    CNC_Top_i/clk_wiz/inst/clk_in1
    C17                  IBUF (Prop_ibuf_I_O)         0.196     0.196 r  CNC_Top_i/clk_wiz/inst/clkin1_ibufg/O
                         net (fo=1, routed)           0.440     0.636    CNC_Top_i/clk_wiz/inst/clk_in1_CNC_Top_clk_wiz_0
    MMCME2_ADV_X1Y2      MMCME2_ADV (Prop_mmcme2_adv_CLKIN1_CLKOUT0)
                                                     -2.613    -1.977 r  CNC_Top_i/clk_wiz/inst/mmcm_adv_inst/CLKOUT0
                         net (fo=1, routed)           0.696    -1.280    CNC_Top_i/clk_wiz/inst/clk_out1_CNC_Top_clk_wiz_0
    BUFGCTRL_X0Y16       BUFG (Prop_bufg_I_O)         0.026    -1.254 r  CNC_Top_i/clk_wiz/inst/clkout1_buf/O
                         net (fo=439, routed)         0.587    -0.667    CNC_Top_i/DriverController_Z/inst/clk
    SLICE_X73Y41         FDRE                                         r  CNC_Top_i/DriverController_Z/inst/clk_counter_reg[0]/C
  -------------------------------------------------------------------    -------------------
    SLICE_X73Y41         FDRE (Prop_fdre_C_Q)         0.141    -0.526 r  CNC_Top_i/DriverController_Z/inst/clk_counter_reg[0]/Q
                         net (fo=6, routed)           0.068    -0.458    CNC_Top_i/DriverController_Z/inst/clk_counter_reg[0]
    SLICE_X73Y41         CARRY4 (Prop_carry4_DI[0]_O[1])
                                                      0.124    -0.334 r  CNC_Top_i/DriverController_Z/inst/clk_counter_reg[0]_i_2/O[1]
                         net (fo=1, routed)           0.000    -0.334    CNC_Top_i/DriverController_Z/inst/clk_counter_reg[0]_i_2_n_6
    SLICE_X73Y41         FDRE                                         r  CNC_Top_i/DriverController_Z/inst/clk_counter_reg[1]/D
  -------------------------------------------------------------------    -------------------

                         (clock clk_out1_CNC_Top_clk_wiz_0 rise edge)
                                                      0.000     0.000 r  
    C17                                               0.000     0.000 r  sys_clock (IN)
                         net (fo=0)                   0.000     0.000    CNC_Top_i/clk_wiz/inst/clk_in1
    C17                  IBUF (Prop_ibuf_I_O)         0.385     0.385 r  CNC_Top_i/clk_wiz/inst/clkin1_ibufg/O
                         net (fo=1, routed)           0.480     0.865    CNC_Top_i/clk_wiz/inst/clk_in1_CNC_Top_clk_wiz_0
    MMCME2_ADV_X1Y2      MMCME2_ADV (Prop_mmcme2_adv_CLKIN1_CLKOUT0)
                                                     -3.407    -2.542 r  CNC_Top_i/clk_wiz/inst/mmcm_adv_inst/CLKOUT0
                         net (fo=1, routed)           0.752    -1.790    CNC_Top_i/clk_wiz/inst/clk_out1_CNC_Top_clk_wiz_0
    BUFGCTRL_X0Y16       BUFG (Prop_bufg_I_O)         0.029    -1.761 r  CNC_Top_i/clk_wiz/inst/clkout1_buf/O
                         net (fo=439, routed)         0.854    -0.907    CNC_Top_i/DriverController_Z/inst/clk
    SLICE_X73Y41         FDRE                                         r  CNC_Top_i/DriverController_Z/inst/clk_counter_reg[1]/C
                         clock pessimism              0.240    -0.667    
    SLICE_X73Y41         FDRE (Hold_fdre_C_D)         0.105    -0.562    CNC_Top_i/DriverController_Z/inst/clk_counter_reg[1]
  -------------------------------------------------------------------
                         required time                          0.562    
                         arrival time                          -0.334    
  -------------------------------------------------------------------
                         slack                                  0.228    





Pulse Width Checks
--------------------------------------------------------------------------------------
Clock Name:         clk_out1_CNC_Top_clk_wiz_0
Waveform(ns):       { 0.000 5.000 }
Period(ns):         10.000
Sources:            { CNC_Top_i/clk_wiz/inst/mmcm_adv_inst/CLKOUT0 }

Check Type        Corner  Lib Pin             Reference Pin  Required(ns)  Actual(ns)  Slack(ns)  Location         Pin
Min Period        n/a     RAMB18E1/CLKARDCLK  n/a            2.576         10.000      7.424      RAMB18_X4Y8      CNC_Top_i/GCODE_Parser_0/inst/curr_line_reg_rep/CLKARDCLK
Min Period        n/a     RAMB18E1/CLKARDCLK  n/a            2.576         10.000      7.424      RAMB18_X4Y9      CNC_Top_i/GCODE_Parser_0/inst/curr_line_reg_rep__0/CLKARDCLK
Min Period        n/a     BUFG/I              n/a            2.155         10.000      7.845      BUFGCTRL_X0Y16   CNC_Top_i/clk_wiz/inst/clkout1_buf/I
Min Period        n/a     MMCME2_ADV/CLKOUT0  n/a            1.249         10.000      8.751      MMCME2_ADV_X1Y2  CNC_Top_i/clk_wiz/inst/mmcm_adv_inst/CLKOUT0
Min Period        n/a     FDRE/C              n/a            1.000         10.000      9.000      SLICE_X73Y41     CNC_Top_i/DriverController_Z/inst/clk_counter_reg[0]/C
Min Period        n/a     FDRE/C              n/a            1.000         10.000      9.000      SLICE_X73Y43     CNC_Top_i/DriverController_Z/inst/clk_counter_reg[10]/C
Min Period        n/a     FDRE/C              n/a            1.000         10.000      9.000      SLICE_X73Y43     CNC_Top_i/DriverController_Z/inst/clk_counter_reg[11]/C
Min Period        n/a     FDRE/C              n/a            1.000         10.000      9.000      SLICE_X73Y44     CNC_Top_i/DriverController_Z/inst/clk_counter_reg[12]/C
Min Period        n/a     FDRE/C              n/a            1.000         10.000      9.000      SLICE_X73Y44     CNC_Top_i/DriverController_Z/inst/clk_counter_reg[13]/C
Min Period        n/a     FDRE/C              n/a            1.000         10.000      9.000      SLICE_X73Y44     CNC_Top_i/DriverController_Z/inst/clk_counter_reg[14]/C
Max Period        n/a     MMCME2_ADV/CLKOUT0  n/a            213.360       10.000      203.360    MMCME2_ADV_X1Y2  CNC_Top_i/clk_wiz/inst/mmcm_adv_inst/CLKOUT0
Low Pulse Width   Slow    FDRE/C              n/a            0.500         5.000       4.500      SLICE_X73Y41     CNC_Top_i/DriverController_Z/inst/clk_counter_reg[0]/C
Low Pulse Width   Fast    FDRE/C              n/a            0.500         5.000       4.500      SLICE_X73Y41     CNC_Top_i/DriverController_Z/inst/clk_counter_reg[0]/C
Low Pulse Width   Slow    FDRE/C              n/a            0.500         5.000       4.500      SLICE_X73Y43     CNC_Top_i/DriverController_Z/inst/clk_counter_reg[10]/C
Low Pulse Width   Fast    FDRE/C              n/a            0.500         5.000       4.500      SLICE_X73Y43     CNC_Top_i/DriverController_Z/inst/clk_counter_reg[10]/C
Low Pulse Width   Slow    FDRE/C              n/a            0.500         5.000       4.500      SLICE_X73Y43     CNC_Top_i/DriverController_Z/inst/clk_counter_reg[11]/C
Low Pulse Width   Fast    FDRE/C              n/a            0.500         5.000       4.500      SLICE_X73Y43     CNC_Top_i/DriverController_Z/inst/clk_counter_reg[11]/C
Low Pulse Width   Slow    FDRE/C              n/a            0.500         5.000       4.500      SLICE_X73Y44     CNC_Top_i/DriverController_Z/inst/clk_counter_reg[12]/C
Low Pulse Width   Fast    FDRE/C              n/a            0.500         5.000       4.500      SLICE_X73Y44     CNC_Top_i/DriverController_Z/inst/clk_counter_reg[12]/C
Low Pulse Width   Slow    FDRE/C              n/a            0.500         5.000       4.500      SLICE_X73Y44     CNC_Top_i/DriverController_Z/inst/clk_counter_reg[13]/C
Low Pulse Width   Fast    FDRE/C              n/a            0.500         5.000       4.500      SLICE_X73Y44     CNC_Top_i/DriverController_Z/inst/clk_counter_reg[13]/C
High Pulse Width  Slow    FDRE/C              n/a            0.500         5.000       4.500      SLICE_X73Y41     CNC_Top_i/DriverController_Z/inst/clk_counter_reg[0]/C
High Pulse Width  Fast    FDRE/C              n/a            0.500         5.000       4.500      SLICE_X73Y41     CNC_Top_i/DriverController_Z/inst/clk_counter_reg[0]/C
High Pulse Width  Slow    FDRE/C              n/a            0.500         5.000       4.500      SLICE_X73Y43     CNC_Top_i/DriverController_Z/inst/clk_counter_reg[10]/C
High Pulse Width  Fast    FDRE/C              n/a            0.500         5.000       4.500      SLICE_X73Y43     CNC_Top_i/DriverController_Z/inst/clk_counter_reg[10]/C
High Pulse Width  Slow    FDRE/C              n/a            0.500         5.000       4.500      SLICE_X73Y43     CNC_Top_i/DriverController_Z/inst/clk_counter_reg[11]/C
High Pulse Width  Fast    FDRE/C              n/a            0.500         5.000       4.500      SLICE_X73Y43     CNC_Top_i/DriverController_Z/inst/clk_counter_reg[11]/C
High Pulse Width  Slow    FDRE/C              n/a            0.500         5.000       4.500      SLICE_X73Y44     CNC_Top_i/DriverController_Z/inst/clk_counter_reg[12]/C
High Pulse Width  Fast    FDRE/C              n/a            0.500         5.000       4.500      SLICE_X73Y44     CNC_Top_i/DriverController_Z/inst/clk_counter_reg[12]/C
High Pulse Width  Slow    FDRE/C              n/a            0.500         5.000       4.500      SLICE_X73Y44     CNC_Top_i/DriverController_Z/inst/clk_counter_reg[13]/C
High Pulse Width  Fast    FDRE/C              n/a            0.500         5.000       4.500      SLICE_X73Y44     CNC_Top_i/DriverController_Z/inst/clk_counter_reg[13]/C



---------------------------------------------------------------------------------------------------
From Clock:  clkfbout_CNC_Top_clk_wiz_0
  To Clock:  clkfbout_CNC_Top_clk_wiz_0

Setup :           NA  Failing Endpoints,  Worst Slack           NA  ,  Total Violation           NA
Hold  :           NA  Failing Endpoints,  Worst Slack           NA  ,  Total Violation           NA
PW    :            0  Failing Endpoints,  Worst Slack        7.845ns,  Total Violation        0.000ns
---------------------------------------------------------------------------------------------------


Pulse Width Checks
--------------------------------------------------------------------------------------
Clock Name:         clkfbout_CNC_Top_clk_wiz_0
Waveform(ns):       { 0.000 5.000 }
Period(ns):         10.000
Sources:            { CNC_Top_i/clk_wiz/inst/mmcm_adv_inst/CLKFBOUT }

Check Type  Corner  Lib Pin              Reference Pin  Required(ns)  Actual(ns)  Slack(ns)  Location         Pin
Min Period  n/a     BUFG/I               n/a            2.155         10.000      7.845      BUFGCTRL_X0Y17   CNC_Top_i/clk_wiz/inst/clkf_buf/I
Min Period  n/a     MMCME2_ADV/CLKFBOUT  n/a            1.249         10.000      8.751      MMCME2_ADV_X1Y2  CNC_Top_i/clk_wiz/inst/mmcm_adv_inst/CLKFBOUT
Min Period  n/a     MMCME2_ADV/CLKFBIN   n/a            1.249         10.000      8.751      MMCME2_ADV_X1Y2  CNC_Top_i/clk_wiz/inst/mmcm_adv_inst/CLKFBIN
Max Period  n/a     MMCME2_ADV/CLKFBIN   n/a            100.000       10.000      90.000     MMCME2_ADV_X1Y2  CNC_Top_i/clk_wiz/inst/mmcm_adv_inst/CLKFBIN
Max Period  n/a     MMCME2_ADV/CLKFBOUT  n/a            213.360       10.000      203.360    MMCME2_ADV_X1Y2  CNC_Top_i/clk_wiz/inst/mmcm_adv_inst/CLKFBOUT



--------------------------------------------------------------------------------------
Path Group:  (none)
From Clock:  
  To Clock:  

Max Delay             2 Endpoints
Min Delay             2 Endpoints
--------------------------------------------------------------------------------------


Max Delay Paths
--------------------------------------------------------------------------------------
Slack:                    inf
  Source:                 right
                            (input port)
  Destination:            drv_reset
                            (output port)
  Path Group:             (none)
  Path Type:              Max at Slow Process Corner
  Data Path Delay:        12.178ns  (logic 5.178ns (42.521%)  route 6.999ns (57.479%))
  Logic Levels:           3  (IBUF=1 LUT1=1 OBUF=1)

    Location             Delay type                Incr(ns)  Path(ns)    Netlist Resource(s)
  -------------------------------------------------------------------    -------------------
    R18                                               0.000     0.000 f  right (IN)
                         net (fo=0)                   0.000     0.000    right
    R18                  IBUF (Prop_ibuf_I_O)         1.459     1.459 f  right_IBUF_inst/O
                         net (fo=221, routed)         1.364     2.823    CNC_Top_i/A4988_Driver_IO/reset
    SLICE_X104Y46        LUT1 (Prop_lut1_I0_O)        0.124     2.947 r  CNC_Top_i/A4988_Driver_IO/drv_reset_INST_0/O
                         net (fo=2, routed)           5.636     8.583    drv_reset_OBUF
    Y10                  OBUF (Prop_obuf_I_O)         3.595    12.178 r  drv_reset_OBUF_inst/O
                         net (fo=0)                   0.000    12.178    drv_reset
    Y10                                                               r  drv_reset (OUT)
  -------------------------------------------------------------------    -------------------

Slack:                    inf
  Source:                 right
                            (input port)
  Destination:            led[3]
                            (output port)
  Path Group:             (none)
  Path Type:              Max at Slow Process Corner
  Data Path Delay:        8.558ns  (logic 5.113ns (59.747%)  route 3.445ns (40.253%))
  Logic Levels:           3  (IBUF=1 LUT1=1 OBUF=1)

    Location             Delay type                Incr(ns)  Path(ns)    Netlist Resource(s)
  -------------------------------------------------------------------    -------------------
    R18                                               0.000     0.000 f  right (IN)
                         net (fo=0)                   0.000     0.000    right
    R18                  IBUF (Prop_ibuf_I_O)         1.459     1.459 f  right_IBUF_inst/O
                         net (fo=221, routed)         1.364     2.823    CNC_Top_i/A4988_Driver_IO/reset
    SLICE_X104Y46        LUT1 (Prop_lut1_I0_O)        0.124     2.947 r  CNC_Top_i/A4988_Driver_IO/drv_reset_INST_0/O
                         net (fo=2, routed)           2.081     5.028    led_OBUF[3]
    U21                  OBUF (Prop_obuf_I_O)         3.530     8.558 r  led_OBUF[3]_inst/O
                         net (fo=0)                   0.000     8.558    led[3]
    U21                                                               r  led[3] (OUT)
  -------------------------------------------------------------------    -------------------





Min Delay Paths
--------------------------------------------------------------------------------------
Slack:                    inf
  Source:                 right
                            (input port)
  Destination:            led[3]
                            (output port)
  Path Group:             (none)
  Path Type:              Min at Fast Process Corner
  Data Path Delay:        2.655ns  (logic 1.503ns (56.614%)  route 1.152ns (43.386%))
  Logic Levels:           3  (IBUF=1 LUT1=1 OBUF=1)

    Location             Delay type                Incr(ns)  Path(ns)    Netlist Resource(s)
  -------------------------------------------------------------------    -------------------
    R18                                               0.000     0.000 f  right (IN)
                         net (fo=0)                   0.000     0.000    right
    R18                  IBUF (Prop_ibuf_I_O)         0.227     0.227 f  right_IBUF_inst/O
                         net (fo=221, routed)         0.613     0.840    CNC_Top_i/A4988_Driver_IO/reset
    SLICE_X104Y46        LUT1 (Prop_lut1_I0_O)        0.045     0.885 r  CNC_Top_i/A4988_Driver_IO/drv_reset_INST_0/O
                         net (fo=2, routed)           0.539     1.424    led_OBUF[3]
    U21                  OBUF (Prop_obuf_I_O)         1.231     2.655 r  led_OBUF[3]_inst/O
                         net (fo=0)                   0.000     2.655    led[3]
    U21                                                               r  led[3] (OUT)
  -------------------------------------------------------------------    -------------------

Slack:                    inf
  Source:                 right
                            (input port)
  Destination:            drv_reset
                            (output port)
  Path Group:             (none)
  Path Type:              Min at Fast Process Corner
  Data Path Delay:        4.398ns  (logic 1.567ns (35.639%)  route 2.830ns (64.361%))
  Logic Levels:           3  (IBUF=1 LUT1=1 OBUF=1)

    Location             Delay type                Incr(ns)  Path(ns)    Netlist Resource(s)
  -------------------------------------------------------------------    -------------------
    R18                                               0.000     0.000 f  right (IN)
                         net (fo=0)                   0.000     0.000    right
    R18                  IBUF (Prop_ibuf_I_O)         0.227     0.227 f  right_IBUF_inst/O
                         net (fo=221, routed)         0.613     0.840    CNC_Top_i/A4988_Driver_IO/reset
    SLICE_X104Y46        LUT1 (Prop_lut1_I0_O)        0.045     0.885 r  CNC_Top_i/A4988_Driver_IO/drv_reset_INST_0/O
                         net (fo=2, routed)           2.218     3.103    drv_reset_OBUF
    Y10                  OBUF (Prop_obuf_I_O)         1.295     4.398 r  drv_reset_OBUF_inst/O
                         net (fo=0)                   0.000     4.398    drv_reset
    Y10                                                               r  drv_reset (OUT)
  -------------------------------------------------------------------    -------------------





--------------------------------------------------------------------------------------
Path Group:  (none)
From Clock:  clk_out1_CNC_Top_clk_wiz_0
  To Clock:  

Max Delay             6 Endpoints
Min Delay             6 Endpoints
--------------------------------------------------------------------------------------


Max Delay Paths
--------------------------------------------------------------------------------------
Slack:                    inf
  Source:                 CNC_Top_i/DriverController_Z/inst/en_reg/C
                            (rising edge-triggered cell FDRE clocked by clk_out1_CNC_Top_clk_wiz_0  {rise@0.000ns fall@5.000ns period=10.000ns})
  Destination:            drv_enable
                            (output port)
  Path Group:             (none)
  Path Type:              Max at Slow Process Corner
  Data Path Delay:        8.802ns  (logic 4.200ns (47.716%)  route 4.602ns (52.284%))
  Logic Levels:           2  (LUT1=1 OBUF=1)
  Clock Uncertainty:      0.169ns  ((TSJ^2 + DJ^2)^1/2) / 2 + PE
    Total System Jitter     (TSJ):    0.050ns
    Discrete Jitter          (DJ):    0.131ns
    Phase Error              (PE):    0.099ns

    Location             Delay type                Incr(ns)  Path(ns)    Netlist Resource(s)
  -------------------------------------------------------------------    -------------------
                         (clock clk_out1_CNC_Top_clk_wiz_0 rise edge)
                                                      0.000     0.000 r  
    C17                                               0.000     0.000 r  sys_clock (IN)
                         net (fo=0)                   0.000     0.000    CNC_Top_i/clk_wiz/inst/clk_in1
    C17                  IBUF (Prop_ibuf_I_O)         0.967     0.967 r  CNC_Top_i/clk_wiz/inst/clkin1_ibufg/O
                         net (fo=1, routed)           1.285     2.252    CNC_Top_i/clk_wiz/inst/clk_in1_CNC_Top_clk_wiz_0
    MMCME2_ADV_X1Y2      MMCME2_ADV (Prop_mmcme2_adv_CLKIN1_CLKOUT0)
                                                     -7.759    -5.507 r  CNC_Top_i/clk_wiz/inst/mmcm_adv_inst/CLKOUT0
                         net (fo=1, routed)           2.206    -3.301    CNC_Top_i/clk_wiz/inst/clk_out1_CNC_Top_clk_wiz_0
    BUFGCTRL_X0Y16       BUFG (Prop_bufg_I_O)         0.101    -3.200 r  CNC_Top_i/clk_wiz/inst/clkout1_buf/O
                         net (fo=439, routed)         1.730    -1.470    CNC_Top_i/DriverController_Z/inst/clk
    SLICE_X71Y38         FDRE                                         r  CNC_Top_i/DriverController_Z/inst/en_reg/C
  -------------------------------------------------------------------    -------------------
    SLICE_X71Y38         FDRE (Prop_fdre_C_Q)         0.456    -1.014 f  CNC_Top_i/DriverController_Z/inst/en_reg/Q
                         net (fo=2, routed)           0.415    -0.599    CNC_Top_i/A4988_Driver_IO/enable
    SLICE_X71Y38         LUT1 (Prop_lut1_I0_O)        0.124    -0.475 r  CNC_Top_i/A4988_Driver_IO/drv_enable_INST_0/O
                         net (fo=2, routed)           4.187     3.712    drv_enable_OBUF
    AB11                 OBUF (Prop_obuf_I_O)         3.620     7.332 r  drv_enable_OBUF_inst/O
                         net (fo=0)                   0.000     7.332    drv_enable
    AB11                                                              r  drv_enable (OUT)
  -------------------------------------------------------------------    -------------------

Slack:                    inf
  Source:                 CNC_Top_i/DriverController_Z/inst/step_reg_lopt_replica/C
                            (rising edge-triggered cell FDRE clocked by clk_out1_CNC_Top_clk_wiz_0  {rise@0.000ns fall@5.000ns period=10.000ns})
  Destination:            drv_step
                            (output port)
  Path Group:             (none)
  Path Type:              Max at Slow Process Corner
  Data Path Delay:        8.123ns  (logic 4.071ns (50.121%)  route 4.052ns (49.879%))
  Logic Levels:           1  (OBUF=1)
  Clock Uncertainty:      0.169ns  ((TSJ^2 + DJ^2)^1/2) / 2 + PE
    Total System Jitter     (TSJ):    0.050ns
    Discrete Jitter          (DJ):    0.131ns
    Phase Error              (PE):    0.099ns

    Location             Delay type                Incr(ns)  Path(ns)    Netlist Resource(s)
  -------------------------------------------------------------------    -------------------
                         (clock clk_out1_CNC_Top_clk_wiz_0 rise edge)
                                                      0.000     0.000 r  
    C17                                               0.000     0.000 r  sys_clock (IN)
                         net (fo=0)                   0.000     0.000    CNC_Top_i/clk_wiz/inst/clk_in1
    C17                  IBUF (Prop_ibuf_I_O)         0.967     0.967 r  CNC_Top_i/clk_wiz/inst/clkin1_ibufg/O
                         net (fo=1, routed)           1.285     2.252    CNC_Top_i/clk_wiz/inst/clk_in1_CNC_Top_clk_wiz_0
    MMCME2_ADV_X1Y2      MMCME2_ADV (Prop_mmcme2_adv_CLKIN1_CLKOUT0)
                                                     -7.759    -5.507 r  CNC_Top_i/clk_wiz/inst/mmcm_adv_inst/CLKOUT0
                         net (fo=1, routed)           2.206    -3.301    CNC_Top_i/clk_wiz/inst/clk_out1_CNC_Top_clk_wiz_0
    BUFGCTRL_X0Y16       BUFG (Prop_bufg_I_O)         0.101    -3.200 r  CNC_Top_i/clk_wiz/inst/clkout1_buf/O
                         net (fo=439, routed)         1.731    -1.469    CNC_Top_i/DriverController_Z/inst/clk
    SLICE_X72Y38         FDRE                                         r  CNC_Top_i/DriverController_Z/inst/step_reg_lopt_replica/C
  -------------------------------------------------------------------    -------------------
    SLICE_X72Y38         FDRE (Prop_fdre_C_Q)         0.456    -1.013 r  CNC_Top_i/DriverController_Z/inst/step_reg_lopt_replica/Q
                         net (fo=1, routed)           4.052     3.039    lopt_2
    AA11                 OBUF (Prop_obuf_I_O)         3.615     6.654 r  drv_step_OBUF_inst/O
                         net (fo=0)                   0.000     6.654    drv_step
    AA11                                                              r  drv_step (OUT)
  -------------------------------------------------------------------    -------------------

Slack:                    inf
  Source:                 CNC_Top_i/DriverController_Z/inst/en_reg/C
                            (rising edge-triggered cell FDRE clocked by clk_out1_CNC_Top_clk_wiz_0  {rise@0.000ns fall@5.000ns period=10.000ns})
  Destination:            led[0]
                            (output port)
  Path Group:             (none)
  Path Type:              Max at Slow Process Corner
  Data Path Delay:        7.836ns  (logic 4.102ns (52.350%)  route 3.734ns (47.650%))
  Logic Levels:           2  (LUT1=1 OBUF=1)
  Clock Uncertainty:      0.169ns  ((TSJ^2 + DJ^2)^1/2) / 2 + PE
    Total System Jitter     (TSJ):    0.050ns
    Discrete Jitter          (DJ):    0.131ns
    Phase Error              (PE):    0.099ns

    Location             Delay type                Incr(ns)  Path(ns)    Netlist Resource(s)
  -------------------------------------------------------------------    -------------------
                         (clock clk_out1_CNC_Top_clk_wiz_0 rise edge)
                                                      0.000     0.000 r  
    C17                                               0.000     0.000 r  sys_clock (IN)
                         net (fo=0)                   0.000     0.000    CNC_Top_i/clk_wiz/inst/clk_in1
    C17                  IBUF (Prop_ibuf_I_O)         0.967     0.967 r  CNC_Top_i/clk_wiz/inst/clkin1_ibufg/O
                         net (fo=1, routed)           1.285     2.252    CNC_Top_i/clk_wiz/inst/clk_in1_CNC_Top_clk_wiz_0
    MMCME2_ADV_X1Y2      MMCME2_ADV (Prop_mmcme2_adv_CLKIN1_CLKOUT0)
                                                     -7.759    -5.507 r  CNC_Top_i/clk_wiz/inst/mmcm_adv_inst/CLKOUT0
                         net (fo=1, routed)           2.206    -3.301    CNC_Top_i/clk_wiz/inst/clk_out1_CNC_Top_clk_wiz_0
    BUFGCTRL_X0Y16       BUFG (Prop_bufg_I_O)         0.101    -3.200 r  CNC_Top_i/clk_wiz/inst/clkout1_buf/O
                         net (fo=439, routed)         1.730    -1.470    CNC_Top_i/DriverController_Z/inst/clk
    SLICE_X71Y38         FDRE                                         r  CNC_Top_i/DriverController_Z/inst/en_reg/C
  -------------------------------------------------------------------    -------------------
    SLICE_X71Y38         FDRE (Prop_fdre_C_Q)         0.456    -1.014 f  CNC_Top_i/DriverController_Z/inst/en_reg/Q
                         net (fo=2, routed)           0.415    -0.599    CNC_Top_i/A4988_Driver_IO/enable
    SLICE_X71Y38         LUT1 (Prop_lut1_I0_O)        0.124    -0.475 r  CNC_Top_i/A4988_Driver_IO/drv_enable_INST_0/O
                         net (fo=2, routed)           3.319     2.844    led_OBUF[0]
    T22                  OBUF (Prop_obuf_I_O)         3.522     6.367 r  led_OBUF[0]_inst/O
                         net (fo=0)                   0.000     6.367    led[0]
    T22                                                               r  led[0] (OUT)
  -------------------------------------------------------------------    -------------------

Slack:                    inf
  Source:                 CNC_Top_i/DriverController_Z/inst/dir_out_reg_lopt_replica/C
                            (rising edge-triggered cell FDRE clocked by clk_out1_CNC_Top_clk_wiz_0  {rise@0.000ns fall@5.000ns period=10.000ns})
  Destination:            drv_direction
                            (output port)
  Path Group:             (none)
  Path Type:              Max at Slow Process Corner
  Data Path Delay:        7.524ns  (logic 4.058ns (53.933%)  route 3.466ns (46.067%))
  Logic Levels:           1  (OBUF=1)
  Clock Uncertainty:      0.169ns  ((TSJ^2 + DJ^2)^1/2) / 2 + PE
    Total System Jitter     (TSJ):    0.050ns
    Discrete Jitter          (DJ):    0.131ns
    Phase Error              (PE):    0.099ns

    Location             Delay type                Incr(ns)  Path(ns)    Netlist Resource(s)
  -------------------------------------------------------------------    -------------------
                         (clock clk_out1_CNC_Top_clk_wiz_0 rise edge)
                                                      0.000     0.000 r  
    C17                                               0.000     0.000 r  sys_clock (IN)
                         net (fo=0)                   0.000     0.000    CNC_Top_i/clk_wiz/inst/clk_in1
    C17                  IBUF (Prop_ibuf_I_O)         0.967     0.967 r  CNC_Top_i/clk_wiz/inst/clkin1_ibufg/O
                         net (fo=1, routed)           1.285     2.252    CNC_Top_i/clk_wiz/inst/clk_in1_CNC_Top_clk_wiz_0
    MMCME2_ADV_X1Y2      MMCME2_ADV (Prop_mmcme2_adv_CLKIN1_CLKOUT0)
                                                     -7.759    -5.507 r  CNC_Top_i/clk_wiz/inst/mmcm_adv_inst/CLKOUT0
                         net (fo=1, routed)           2.206    -3.301    CNC_Top_i/clk_wiz/inst/clk_out1_CNC_Top_clk_wiz_0
    BUFGCTRL_X0Y16       BUFG (Prop_bufg_I_O)         0.101    -3.200 r  CNC_Top_i/clk_wiz/inst/clkout1_buf/O
                         net (fo=439, routed)         1.729    -1.471    CNC_Top_i/DriverController_Z/inst/clk
    SLICE_X72Y36         FDRE                                         r  CNC_Top_i/DriverController_Z/inst/dir_out_reg_lopt_replica/C
  -------------------------------------------------------------------    -------------------
    SLICE_X72Y36         FDRE (Prop_fdre_C_Q)         0.456    -1.015 r  CNC_Top_i/DriverController_Z/inst/dir_out_reg_lopt_replica/Q
                         net (fo=1, routed)           3.466     2.451    lopt
    Y11                  OBUF (Prop_obuf_I_O)         3.602     6.053 r  drv_direction_OBUF_inst/O
                         net (fo=0)                   0.000     6.053    drv_direction
    Y11                                                               r  drv_direction (OUT)
  -------------------------------------------------------------------    -------------------

Slack:                    inf
  Source:                 CNC_Top_i/DriverController_Z/inst/dir_out_reg/C
                            (rising edge-triggered cell FDRE clocked by clk_out1_CNC_Top_clk_wiz_0  {rise@0.000ns fall@5.000ns period=10.000ns})
  Destination:            led[1]
                            (output port)
  Path Group:             (none)
  Path Type:              Max at Slow Process Corner
  Data Path Delay:        7.253ns  (logic 3.970ns (54.732%)  route 3.283ns (45.268%))
  Logic Levels:           1  (OBUF=1)
  Clock Uncertainty:      0.169ns  ((TSJ^2 + DJ^2)^1/2) / 2 + PE
    Total System Jitter     (TSJ):    0.050ns
    Discrete Jitter          (DJ):    0.131ns
    Phase Error              (PE):    0.099ns

    Location             Delay type                Incr(ns)  Path(ns)    Netlist Resource(s)
  -------------------------------------------------------------------    -------------------
                         (clock clk_out1_CNC_Top_clk_wiz_0 rise edge)
                                                      0.000     0.000 r  
    C17                                               0.000     0.000 r  sys_clock (IN)
                         net (fo=0)                   0.000     0.000    CNC_Top_i/clk_wiz/inst/clk_in1
    C17                  IBUF (Prop_ibuf_I_O)         0.967     0.967 r  CNC_Top_i/clk_wiz/inst/clkin1_ibufg/O
                         net (fo=1, routed)           1.285     2.252    CNC_Top_i/clk_wiz/inst/clk_in1_CNC_Top_clk_wiz_0
    MMCME2_ADV_X1Y2      MMCME2_ADV (Prop_mmcme2_adv_CLKIN1_CLKOUT0)
                                                     -7.759    -5.507 r  CNC_Top_i/clk_wiz/inst/mmcm_adv_inst/CLKOUT0
                         net (fo=1, routed)           2.206    -3.301    CNC_Top_i/clk_wiz/inst/clk_out1_CNC_Top_clk_wiz_0
    BUFGCTRL_X0Y16       BUFG (Prop_bufg_I_O)         0.101    -3.200 r  CNC_Top_i/clk_wiz/inst/clkout1_buf/O
                         net (fo=439, routed)         1.732    -1.468    CNC_Top_i/DriverController_Z/inst/clk
    SLICE_X72Y39         FDRE                                         r  CNC_Top_i/DriverController_Z/inst/dir_out_reg/C
  -------------------------------------------------------------------    -------------------
    SLICE_X72Y39         FDRE (Prop_fdre_C_Q)         0.456    -1.012 r  CNC_Top_i/DriverController_Z/inst/dir_out_reg/Q
                         net (fo=1, routed)           3.283     2.271    drv_direction_OBUF
    T21                  OBUF (Prop_obuf_I_O)         3.514     5.785 r  led_OBUF[1]_inst/O
                         net (fo=0)                   0.000     5.785    led[1]
    T21                                                               r  led[1] (OUT)
  -------------------------------------------------------------------    -------------------

Slack:                    inf
  Source:                 CNC_Top_i/DriverController_Z/inst/step_reg/C
                            (rising edge-triggered cell FDRE clocked by clk_out1_CNC_Top_clk_wiz_0  {rise@0.000ns fall@5.000ns period=10.000ns})
  Destination:            led[2]
                            (output port)
  Path Group:             (none)
  Path Type:              Max at Slow Process Corner
  Data Path Delay:        7.111ns  (logic 3.987ns (56.069%)  route 3.124ns (43.931%))
  Logic Levels:           1  (OBUF=1)
  Clock Uncertainty:      0.169ns  ((TSJ^2 + DJ^2)^1/2) / 2 + PE
    Total System Jitter     (TSJ):    0.050ns
    Discrete Jitter          (DJ):    0.131ns
    Phase Error              (PE):    0.099ns

    Location             Delay type                Incr(ns)  Path(ns)    Netlist Resource(s)
  -------------------------------------------------------------------    -------------------
                         (clock clk_out1_CNC_Top_clk_wiz_0 rise edge)
                                                      0.000     0.000 r  
    C17                                               0.000     0.000 r  sys_clock (IN)
                         net (fo=0)                   0.000     0.000    CNC_Top_i/clk_wiz/inst/clk_in1
    C17                  IBUF (Prop_ibuf_I_O)         0.967     0.967 r  CNC_Top_i/clk_wiz/inst/clkin1_ibufg/O
                         net (fo=1, routed)           1.285     2.252    CNC_Top_i/clk_wiz/inst/clk_in1_CNC_Top_clk_wiz_0
    MMCME2_ADV_X1Y2      MMCME2_ADV (Prop_mmcme2_adv_CLKIN1_CLKOUT0)
                                                     -7.759    -5.507 r  CNC_Top_i/clk_wiz/inst/mmcm_adv_inst/CLKOUT0
                         net (fo=1, routed)           2.206    -3.301    CNC_Top_i/clk_wiz/inst/clk_out1_CNC_Top_clk_wiz_0
    BUFGCTRL_X0Y16       BUFG (Prop_bufg_I_O)         0.101    -3.200 r  CNC_Top_i/clk_wiz/inst/clkout1_buf/O
                         net (fo=439, routed)         1.733    -1.467    CNC_Top_i/DriverController_Z/inst/clk
    SLICE_X72Y42         FDRE                                         r  CNC_Top_i/DriverController_Z/inst/step_reg/C
  -------------------------------------------------------------------    -------------------
    SLICE_X72Y42         FDRE (Prop_fdre_C_Q)         0.456    -1.011 r  CNC_Top_i/DriverController_Z/inst/step_reg/Q
                         net (fo=1, routed)           3.124     2.113    drv_step_OBUF
    U22                  OBUF (Prop_obuf_I_O)         3.531     5.644 r  led_OBUF[2]_inst/O
                         net (fo=0)                   0.000     5.644    led[2]
    U22                                                               r  led[2] (OUT)
  -------------------------------------------------------------------    -------------------





Min Delay Paths
--------------------------------------------------------------------------------------
Slack:                    inf
  Source:                 CNC_Top_i/DriverController_Z/inst/step_reg/C
                            (rising edge-triggered cell FDRE clocked by clk_out1_CNC_Top_clk_wiz_0  {rise@0.000ns fall@5.000ns period=10.000ns})
  Destination:            led[2]
                            (output port)
  Path Group:             (none)
  Path Type:              Min at Fast Process Corner
  Data Path Delay:        2.386ns  (logic 1.373ns (57.545%)  route 1.013ns (42.455%))
  Logic Levels:           1  (OBUF=1)
  Clock Uncertainty:      0.169ns  ((TSJ^2 + DJ^2)^1/2) / 2 + PE
    Total System Jitter     (TSJ):    0.050ns
    Discrete Jitter          (DJ):    0.131ns
    Phase Error              (PE):    0.099ns

    Location             Delay type                Incr(ns)  Path(ns)    Netlist Resource(s)
  -------------------------------------------------------------------    -------------------
                         (clock clk_out1_CNC_Top_clk_wiz_0 rise edge)
                                                      0.000     0.000 r  
    C17                                               0.000     0.000 r  sys_clock (IN)
                         net (fo=0)                   0.000     0.000    CNC_Top_i/clk_wiz/inst/clk_in1
    C17                  IBUF (Prop_ibuf_I_O)         0.196     0.196 r  CNC_Top_i/clk_wiz/inst/clkin1_ibufg/O
                         net (fo=1, routed)           0.440     0.636    CNC_Top_i/clk_wiz/inst/clk_in1_CNC_Top_clk_wiz_0
    MMCME2_ADV_X1Y2      MMCME2_ADV (Prop_mmcme2_adv_CLKIN1_CLKOUT0)
                                                     -2.613    -1.977 r  CNC_Top_i/clk_wiz/inst/mmcm_adv_inst/CLKOUT0
                         net (fo=1, routed)           0.696    -1.280    CNC_Top_i/clk_wiz/inst/clk_out1_CNC_Top_clk_wiz_0
    BUFGCTRL_X0Y16       BUFG (Prop_bufg_I_O)         0.026    -1.254 r  CNC_Top_i/clk_wiz/inst/clkout1_buf/O
                         net (fo=439, routed)         0.587    -0.667    CNC_Top_i/DriverController_Z/inst/clk
    SLICE_X72Y42         FDRE                                         r  CNC_Top_i/DriverController_Z/inst/step_reg/C
  -------------------------------------------------------------------    -------------------
    SLICE_X72Y42         FDRE (Prop_fdre_C_Q)         0.141    -0.526 r  CNC_Top_i/DriverController_Z/inst/step_reg/Q
                         net (fo=1, routed)           1.013     0.486    drv_step_OBUF
    U22                  OBUF (Prop_obuf_I_O)         1.232     1.718 r  led_OBUF[2]_inst/O
                         net (fo=0)                   0.000     1.718    led[2]
    U22                                                               r  led[2] (OUT)
  -------------------------------------------------------------------    -------------------

Slack:                    inf
  Source:                 CNC_Top_i/DriverController_Z/inst/dir_out_reg/C
                            (rising edge-triggered cell FDRE clocked by clk_out1_CNC_Top_clk_wiz_0  {rise@0.000ns fall@5.000ns period=10.000ns})
  Destination:            led[1]
                            (output port)
  Path Group:             (none)
  Path Type:              Min at Fast Process Corner
  Data Path Delay:        2.452ns  (logic 1.356ns (55.292%)  route 1.096ns (44.708%))
  Logic Levels:           1  (OBUF=1)
  Clock Uncertainty:      0.169ns  ((TSJ^2 + DJ^2)^1/2) / 2 + PE
    Total System Jitter     (TSJ):    0.050ns
    Discrete Jitter          (DJ):    0.131ns
    Phase Error              (PE):    0.099ns

    Location             Delay type                Incr(ns)  Path(ns)    Netlist Resource(s)
  -------------------------------------------------------------------    -------------------
                         (clock clk_out1_CNC_Top_clk_wiz_0 rise edge)
                                                      0.000     0.000 r  
    C17                                               0.000     0.000 r  sys_clock (IN)
                         net (fo=0)                   0.000     0.000    CNC_Top_i/clk_wiz/inst/clk_in1
    C17                  IBUF (Prop_ibuf_I_O)         0.196     0.196 r  CNC_Top_i/clk_wiz/inst/clkin1_ibufg/O
                         net (fo=1, routed)           0.440     0.636    CNC_Top_i/clk_wiz/inst/clk_in1_CNC_Top_clk_wiz_0
    MMCME2_ADV_X1Y2      MMCME2_ADV (Prop_mmcme2_adv_CLKIN1_CLKOUT0)
                                                     -2.613    -1.977 r  CNC_Top_i/clk_wiz/inst/mmcm_adv_inst/CLKOUT0
                         net (fo=1, routed)           0.696    -1.280    CNC_Top_i/clk_wiz/inst/clk_out1_CNC_Top_clk_wiz_0
    BUFGCTRL_X0Y16       BUFG (Prop_bufg_I_O)         0.026    -1.254 r  CNC_Top_i/clk_wiz/inst/clkout1_buf/O
                         net (fo=439, routed)         0.586    -0.668    CNC_Top_i/DriverController_Z/inst/clk
    SLICE_X72Y39         FDRE                                         r  CNC_Top_i/DriverController_Z/inst/dir_out_reg/C
  -------------------------------------------------------------------    -------------------
    SLICE_X72Y39         FDRE (Prop_fdre_C_Q)         0.141    -0.527 r  CNC_Top_i/DriverController_Z/inst/dir_out_reg/Q
                         net (fo=1, routed)           1.096     0.569    drv_direction_OBUF
    T21                  OBUF (Prop_obuf_I_O)         1.215     1.784 r  led_OBUF[1]_inst/O
                         net (fo=0)                   0.000     1.784    led[1]
    T21                                                               r  led[1] (OUT)
  -------------------------------------------------------------------    -------------------

Slack:                    inf
  Source:                 CNC_Top_i/DriverController_Z/inst/dir_out_reg_lopt_replica/C
                            (rising edge-triggered cell FDRE clocked by clk_out1_CNC_Top_clk_wiz_0  {rise@0.000ns fall@5.000ns period=10.000ns})
  Destination:            drv_direction
                            (output port)
  Path Group:             (none)
  Path Type:              Min at Fast Process Corner
  Data Path Delay:        2.621ns  (logic 1.443ns (55.056%)  route 1.178ns (44.944%))
  Logic Levels:           1  (OBUF=1)
  Clock Uncertainty:      0.169ns  ((TSJ^2 + DJ^2)^1/2) / 2 + PE
    Total System Jitter     (TSJ):    0.050ns
    Discrete Jitter          (DJ):    0.131ns
    Phase Error              (PE):    0.099ns

    Location             Delay type                Incr(ns)  Path(ns)    Netlist Resource(s)
  -------------------------------------------------------------------    -------------------
                         (clock clk_out1_CNC_Top_clk_wiz_0 rise edge)
                                                      0.000     0.000 r  
    C17                                               0.000     0.000 r  sys_clock (IN)
                         net (fo=0)                   0.000     0.000    CNC_Top_i/clk_wiz/inst/clk_in1
    C17                  IBUF (Prop_ibuf_I_O)         0.196     0.196 r  CNC_Top_i/clk_wiz/inst/clkin1_ibufg/O
                         net (fo=1, routed)           0.440     0.636    CNC_Top_i/clk_wiz/inst/clk_in1_CNC_Top_clk_wiz_0
    MMCME2_ADV_X1Y2      MMCME2_ADV (Prop_mmcme2_adv_CLKIN1_CLKOUT0)
                                                     -2.613    -1.977 r  CNC_Top_i/clk_wiz/inst/mmcm_adv_inst/CLKOUT0
                         net (fo=1, routed)           0.696    -1.280    CNC_Top_i/clk_wiz/inst/clk_out1_CNC_Top_clk_wiz_0
    BUFGCTRL_X0Y16       BUFG (Prop_bufg_I_O)         0.026    -1.254 r  CNC_Top_i/clk_wiz/inst/clkout1_buf/O
                         net (fo=439, routed)         0.584    -0.670    CNC_Top_i/DriverController_Z/inst/clk
    SLICE_X72Y36         FDRE                                         r  CNC_Top_i/DriverController_Z/inst/dir_out_reg_lopt_replica/C
  -------------------------------------------------------------------    -------------------
    SLICE_X72Y36         FDRE (Prop_fdre_C_Q)         0.141    -0.529 r  CNC_Top_i/DriverController_Z/inst/dir_out_reg_lopt_replica/Q
                         net (fo=1, routed)           1.178     0.649    lopt
    Y11                  OBUF (Prop_obuf_I_O)         1.302     1.951 r  drv_direction_OBUF_inst/O
                         net (fo=0)                   0.000     1.951    drv_direction
    Y11                                                               r  drv_direction (OUT)
  -------------------------------------------------------------------    -------------------

Slack:                    inf
  Source:                 CNC_Top_i/DriverController_Z/inst/en_reg/C
                            (rising edge-triggered cell FDRE clocked by clk_out1_CNC_Top_clk_wiz_0  {rise@0.000ns fall@5.000ns period=10.000ns})
  Destination:            led[0]
                            (output port)
  Path Group:             (none)
  Path Type:              Min at Fast Process Corner
  Data Path Delay:        2.696ns  (logic 1.409ns (52.266%)  route 1.287ns (47.734%))
  Logic Levels:           2  (LUT1=1 OBUF=1)
  Clock Uncertainty:      0.169ns  ((TSJ^2 + DJ^2)^1/2) / 2 + PE
    Total System Jitter     (TSJ):    0.050ns
    Discrete Jitter          (DJ):    0.131ns
    Phase Error              (PE):    0.099ns

    Location             Delay type                Incr(ns)  Path(ns)    Netlist Resource(s)
  -------------------------------------------------------------------    -------------------
                         (clock clk_out1_CNC_Top_clk_wiz_0 rise edge)
                                                      0.000     0.000 r  
    C17                                               0.000     0.000 r  sys_clock (IN)
                         net (fo=0)                   0.000     0.000    CNC_Top_i/clk_wiz/inst/clk_in1
    C17                  IBUF (Prop_ibuf_I_O)         0.196     0.196 r  CNC_Top_i/clk_wiz/inst/clkin1_ibufg/O
                         net (fo=1, routed)           0.440     0.636    CNC_Top_i/clk_wiz/inst/clk_in1_CNC_Top_clk_wiz_0
    MMCME2_ADV_X1Y2      MMCME2_ADV (Prop_mmcme2_adv_CLKIN1_CLKOUT0)
                                                     -2.613    -1.977 r  CNC_Top_i/clk_wiz/inst/mmcm_adv_inst/CLKOUT0
                         net (fo=1, routed)           0.696    -1.280    CNC_Top_i/clk_wiz/inst/clk_out1_CNC_Top_clk_wiz_0
    BUFGCTRL_X0Y16       BUFG (Prop_bufg_I_O)         0.026    -1.254 r  CNC_Top_i/clk_wiz/inst/clkout1_buf/O
                         net (fo=439, routed)         0.585    -0.669    CNC_Top_i/DriverController_Z/inst/clk
    SLICE_X71Y38         FDRE                                         r  CNC_Top_i/DriverController_Z/inst/en_reg/C
  -------------------------------------------------------------------    -------------------
    SLICE_X71Y38         FDRE (Prop_fdre_C_Q)         0.141    -0.528 f  CNC_Top_i/DriverController_Z/inst/en_reg/Q
                         net (fo=2, routed)           0.147    -0.381    CNC_Top_i/A4988_Driver_IO/enable
    SLICE_X71Y38         LUT1 (Prop_lut1_I0_O)        0.045    -0.336 r  CNC_Top_i/A4988_Driver_IO/drv_enable_INST_0/O
                         net (fo=2, routed)           1.140     0.804    led_OBUF[0]
    T22                  OBUF (Prop_obuf_I_O)         1.223     2.027 r  led_OBUF[0]_inst/O
                         net (fo=0)                   0.000     2.027    led[0]
    T22                                                               r  led[0] (OUT)
  -------------------------------------------------------------------    -------------------

Slack:                    inf
  Source:                 CNC_Top_i/DriverController_Z/inst/step_reg_lopt_replica/C
                            (rising edge-triggered cell FDRE clocked by clk_out1_CNC_Top_clk_wiz_0  {rise@0.000ns fall@5.000ns period=10.000ns})
  Destination:            drv_step
                            (output port)
  Path Group:             (none)
  Path Type:              Min at Fast Process Corner
  Data Path Delay:        2.967ns  (logic 1.457ns (49.086%)  route 1.511ns (50.914%))
  Logic Levels:           1  (OBUF=1)
  Clock Uncertainty:      0.169ns  ((TSJ^2 + DJ^2)^1/2) / 2 + PE
    Total System Jitter     (TSJ):    0.050ns
    Discrete Jitter          (DJ):    0.131ns
    Phase Error              (PE):    0.099ns

    Location             Delay type                Incr(ns)  Path(ns)    Netlist Resource(s)
  -------------------------------------------------------------------    -------------------
                         (clock clk_out1_CNC_Top_clk_wiz_0 rise edge)
                                                      0.000     0.000 r  
    C17                                               0.000     0.000 r  sys_clock (IN)
                         net (fo=0)                   0.000     0.000    CNC_Top_i/clk_wiz/inst/clk_in1
    C17                  IBUF (Prop_ibuf_I_O)         0.196     0.196 r  CNC_Top_i/clk_wiz/inst/clkin1_ibufg/O
                         net (fo=1, routed)           0.440     0.636    CNC_Top_i/clk_wiz/inst/clk_in1_CNC_Top_clk_wiz_0
    MMCME2_ADV_X1Y2      MMCME2_ADV (Prop_mmcme2_adv_CLKIN1_CLKOUT0)
                                                     -2.613    -1.977 r  CNC_Top_i/clk_wiz/inst/mmcm_adv_inst/CLKOUT0
                         net (fo=1, routed)           0.696    -1.280    CNC_Top_i/clk_wiz/inst/clk_out1_CNC_Top_clk_wiz_0
    BUFGCTRL_X0Y16       BUFG (Prop_bufg_I_O)         0.026    -1.254 r  CNC_Top_i/clk_wiz/inst/clkout1_buf/O
                         net (fo=439, routed)         0.586    -0.668    CNC_Top_i/DriverController_Z/inst/clk
    SLICE_X72Y38         FDRE                                         r  CNC_Top_i/DriverController_Z/inst/step_reg_lopt_replica/C
  -------------------------------------------------------------------    -------------------
    SLICE_X72Y38         FDRE (Prop_fdre_C_Q)         0.141    -0.527 r  CNC_Top_i/DriverController_Z/inst/step_reg_lopt_replica/Q
                         net (fo=1, routed)           1.511     0.983    lopt_2
    AA11                 OBUF (Prop_obuf_I_O)         1.316     2.299 r  drv_step_OBUF_inst/O
                         net (fo=0)                   0.000     2.299    drv_step
    AA11                                                              r  drv_step (OUT)
  -------------------------------------------------------------------    -------------------

Slack:                    inf
  Source:                 CNC_Top_i/DriverController_Z/inst/en_reg/C
                            (rising edge-triggered cell FDRE clocked by clk_out1_CNC_Top_clk_wiz_0  {rise@0.000ns fall@5.000ns period=10.000ns})
  Destination:            drv_enable
                            (output port)
  Path Group:             (none)
  Path Type:              Min at Fast Process Corner
  Data Path Delay:        3.206ns  (logic 1.506ns (46.974%)  route 1.700ns (53.026%))
  Logic Levels:           2  (LUT1=1 OBUF=1)
  Clock Uncertainty:      0.169ns  ((TSJ^2 + DJ^2)^1/2) / 2 + PE
    Total System Jitter     (TSJ):    0.050ns
    Discrete Jitter          (DJ):    0.131ns
    Phase Error              (PE):    0.099ns

    Location             Delay type                Incr(ns)  Path(ns)    Netlist Resource(s)
  -------------------------------------------------------------------    -------------------
                         (clock clk_out1_CNC_Top_clk_wiz_0 rise edge)
                                                      0.000     0.000 r  
    C17                                               0.000     0.000 r  sys_clock (IN)
                         net (fo=0)                   0.000     0.000    CNC_Top_i/clk_wiz/inst/clk_in1
    C17                  IBUF (Prop_ibuf_I_O)         0.196     0.196 r  CNC_Top_i/clk_wiz/inst/clkin1_ibufg/O
                         net (fo=1, routed)           0.440     0.636    CNC_Top_i/clk_wiz/inst/clk_in1_CNC_Top_clk_wiz_0
    MMCME2_ADV_X1Y2      MMCME2_ADV (Prop_mmcme2_adv_CLKIN1_CLKOUT0)
                                                     -2.613    -1.977 r  CNC_Top_i/clk_wiz/inst/mmcm_adv_inst/CLKOUT0
                         net (fo=1, routed)           0.696    -1.280    CNC_Top_i/clk_wiz/inst/clk_out1_CNC_Top_clk_wiz_0
    BUFGCTRL_X0Y16       BUFG (Prop_bufg_I_O)         0.026    -1.254 r  CNC_Top_i/clk_wiz/inst/clkout1_buf/O
                         net (fo=439, routed)         0.585    -0.669    CNC_Top_i/DriverController_Z/inst/clk
    SLICE_X71Y38         FDRE                                         r  CNC_Top_i/DriverController_Z/inst/en_reg/C
  -------------------------------------------------------------------    -------------------
    SLICE_X71Y38         FDRE (Prop_fdre_C_Q)         0.141    -0.528 f  CNC_Top_i/DriverController_Z/inst/en_reg/Q
                         net (fo=2, routed)           0.147    -0.381    CNC_Top_i/A4988_Driver_IO/enable
    SLICE_X71Y38         LUT1 (Prop_lut1_I0_O)        0.045    -0.336 r  CNC_Top_i/A4988_Driver_IO/drv_enable_INST_0/O
                         net (fo=2, routed)           1.553     1.216    drv_enable_OBUF
    AB11                 OBUF (Prop_obuf_I_O)         1.320     2.536 r  drv_enable_OBUF_inst/O
                         net (fo=0)                   0.000     2.536    drv_enable
    AB11                                                              r  drv_enable (OUT)
  -------------------------------------------------------------------    -------------------





--------------------------------------------------------------------------------------
Path Group:  (none)
From Clock:  clkfbout_CNC_Top_clk_wiz_0
  To Clock:  

Max Delay             1 Endpoint
Min Delay             1 Endpoint
--------------------------------------------------------------------------------------


Max Delay Paths
--------------------------------------------------------------------------------------
Slack:                    inf
  Source:                 CNC_Top_i/clk_wiz/inst/mmcm_adv_inst/CLKFBOUT
                            (clock source 'clkfbout_CNC_Top_clk_wiz_0'  {rise@0.000ns fall@5.000ns period=10.000ns})
  Destination:            CNC_Top_i/clk_wiz/inst/mmcm_adv_inst/CLKFBIN
  Path Group:             (none)
  Path Type:              Max at Fast Process Corner
  Data Path Delay:        1.726ns  (logic 0.029ns (1.680%)  route 1.697ns (98.320%))
  Logic Levels:           1  (BUFG=1)
  Clock Uncertainty:      0.148ns  ((TSJ^2 + DJ^2)^1/2) / 2 + PE
    Total System Jitter     (TSJ):    0.050ns
    Discrete Jitter          (DJ):    0.086ns
    Phase Error              (PE):    0.099ns

    Location             Delay type                Incr(ns)  Path(ns)    Netlist Resource(s)
  -------------------------------------------------------------------    -------------------
                         (clock clkfbout_CNC_Top_clk_wiz_0 fall edge)
                                                      5.000     5.000 f  
    C17                                               0.000     5.000 f  sys_clock (IN)
                         net (fo=0)                   0.000     5.000    CNC_Top_i/clk_wiz/inst/clk_in1
    C17                  IBUF (Prop_ibuf_I_O)         0.385     5.385 f  CNC_Top_i/clk_wiz/inst/clkin1_ibufg/O
                         net (fo=1, routed)           0.480     5.865    CNC_Top_i/clk_wiz/inst/clk_in1_CNC_Top_clk_wiz_0
  -------------------------------------------------------------------    -------------------
    MMCME2_ADV_X1Y2      MMCME2_ADV (Prop_mmcme2_adv_CLKIN1_CLKFBOUT)
                                                     -3.407     2.458 f  CNC_Top_i/clk_wiz/inst/mmcm_adv_inst/CLKFBOUT
                         net (fo=1, routed)           0.752     3.210    CNC_Top_i/clk_wiz/inst/clkfbout_CNC_Top_clk_wiz_0
    BUFGCTRL_X0Y17       BUFG (Prop_bufg_I_O)         0.029     3.239 f  CNC_Top_i/clk_wiz/inst/clkf_buf/O
                         net (fo=1, routed)           0.945     4.184    CNC_Top_i/clk_wiz/inst/clkfbout_buf_CNC_Top_clk_wiz_0
    MMCME2_ADV_X1Y2      MMCME2_ADV                                   f  CNC_Top_i/clk_wiz/inst/mmcm_adv_inst/CLKFBIN
  -------------------------------------------------------------------    -------------------





Min Delay Paths
--------------------------------------------------------------------------------------
Slack:                    inf
  Source:                 CNC_Top_i/clk_wiz/inst/mmcm_adv_inst/CLKFBOUT
                            (clock source 'clkfbout_CNC_Top_clk_wiz_0'  {rise@0.000ns fall@5.000ns period=10.000ns})
  Destination:            CNC_Top_i/clk_wiz/inst/mmcm_adv_inst/CLKFBIN
  Path Group:             (none)
  Path Type:              Min at Slow Process Corner
  Data Path Delay:        3.873ns  (logic 0.091ns (2.349%)  route 3.782ns (97.651%))
  Logic Levels:           1  (BUFG=1)
  Clock Uncertainty:      0.148ns  ((TSJ^2 + DJ^2)^1/2) / 2 + PE
    Total System Jitter     (TSJ):    0.050ns
    Discrete Jitter          (DJ):    0.086ns
    Phase Error              (PE):    0.099ns

    Location             Delay type                Incr(ns)  Path(ns)    Netlist Resource(s)
  -------------------------------------------------------------------    -------------------
                         (clock clkfbout_CNC_Top_clk_wiz_0 rise edge)
                                                      0.000     0.000 r  
    C17                                               0.000     0.000 r  sys_clock (IN)
                         net (fo=0)                   0.000     0.000    CNC_Top_i/clk_wiz/inst/clk_in1
    C17                  IBUF (Prop_ibuf_I_O)         0.833     0.833 r  CNC_Top_i/clk_wiz/inst/clkin1_ibufg/O
                         net (fo=1, routed)           1.162     1.995    CNC_Top_i/clk_wiz/inst/clk_in1_CNC_Top_clk_wiz_0
  -------------------------------------------------------------------    -------------------
    MMCME2_ADV_X1Y2      MMCME2_ADV (Prop_mmcme2_adv_CLKIN1_CLKFBOUT)
                                                     -7.814    -5.819 r  CNC_Top_i/clk_wiz/inst/mmcm_adv_inst/CLKFBOUT
                         net (fo=1, routed)           2.012    -3.807    CNC_Top_i/clk_wiz/inst/clkfbout_CNC_Top_clk_wiz_0
    BUFGCTRL_X0Y17       BUFG (Prop_bufg_I_O)         0.091    -3.716 r  CNC_Top_i/clk_wiz/inst/clkf_buf/O
                         net (fo=1, routed)           1.770    -1.946    CNC_Top_i/clk_wiz/inst/clkfbout_buf_CNC_Top_clk_wiz_0
    MMCME2_ADV_X1Y2      MMCME2_ADV                                   r  CNC_Top_i/clk_wiz/inst/mmcm_adv_inst/CLKFBIN
  -------------------------------------------------------------------    -------------------





--------------------------------------------------------------------------------------
Path Group:  (none)
From Clock:  
  To Clock:  clk_out1_CNC_Top_clk_wiz_0

Max Delay           453 Endpoints
Min Delay           453 Endpoints
--------------------------------------------------------------------------------------


Max Delay Paths
--------------------------------------------------------------------------------------
Slack:                    inf
  Source:                 right
                            (input port)
  Destination:            CNC_Top_i/XYZ_Axis_Coordinator_0/inst/cycles_per_step_x_reg[31]/R
                            (rising edge-triggered cell FDRE clocked by clk_out1_CNC_Top_clk_wiz_0  {rise@0.000ns fall@5.000ns period=10.000ns})
  Path Group:             (none)
  Path Type:              Setup (Max at Slow Process Corner)
  Data Path Delay:        12.396ns  (logic 1.583ns (12.773%)  route 10.813ns (87.227%))
  Logic Levels:           2  (IBUF=1 LUT6=1)
  Clock Path Skew:        -2.233ns (DCD - SCD + CPR)
    Destination Clock Delay (DCD):    -2.233ns
    Source Clock Delay      (SCD):    0.000ns
    Clock Pessimism Removal (CPR):    0.000ns
  Clock Uncertainty:      0.169ns  ((TSJ^2 + DJ^2)^1/2) / 2 + PE
    Total System Jitter     (TSJ):    0.050ns
    Discrete Jitter          (DJ):    0.131ns
    Phase Error              (PE):    0.099ns

    Location             Delay type                Incr(ns)  Path(ns)    Netlist Resource(s)
  -------------------------------------------------------------------    -------------------
    R18                                               0.000     0.000 r  right (IN)
                         net (fo=0)                   0.000     0.000    right
    R18                  IBUF (Prop_ibuf_I_O)         1.459     1.459 r  right_IBUF_inst/O
                         net (fo=221, routed)         9.060    10.519    CNC_Top_i/XYZ_Axis_Coordinator_0/inst/rst
    SLICE_X82Y37         LUT6 (Prop_lut6_I0_O)        0.124    10.643 r  CNC_Top_i/XYZ_Axis_Coordinator_0/inst/cycles_per_step_x[31]_i_1/O
                         net (fo=32, routed)          1.753    12.396    CNC_Top_i/XYZ_Axis_Coordinator_0/inst/cycles_per_step_x[31]_i_1_n_0
    SLICE_X50Y46         FDRE                                         r  CNC_Top_i/XYZ_Axis_Coordinator_0/inst/cycles_per_step_x_reg[31]/R
  -------------------------------------------------------------------    -------------------

                         (clock clk_out1_CNC_Top_clk_wiz_0 rise edge)
                                                      0.000     0.000 r  
    C17                                               0.000     0.000 r  sys_clock (IN)
                         net (fo=0)                   0.000     0.000    CNC_Top_i/clk_wiz/inst/clk_in1
    C17                  IBUF (Prop_ibuf_I_O)         0.833     0.833 r  CNC_Top_i/clk_wiz/inst/clkin1_ibufg/O
                         net (fo=1, routed)           1.162     1.995    CNC_Top_i/clk_wiz/inst/clk_in1_CNC_Top_clk_wiz_0
    MMCME2_ADV_X1Y2      MMCME2_ADV (Prop_mmcme2_adv_CLKIN1_CLKOUT0)
                                                     -7.814    -5.819 r  CNC_Top_i/clk_wiz/inst/mmcm_adv_inst/CLKOUT0
                         net (fo=1, routed)           2.012    -3.807    CNC_Top_i/clk_wiz/inst/clk_out1_CNC_Top_clk_wiz_0
    BUFGCTRL_X0Y16       BUFG (Prop_bufg_I_O)         0.091    -3.716 r  CNC_Top_i/clk_wiz/inst/clkout1_buf/O
                         net (fo=439, routed)         1.482    -2.233    CNC_Top_i/XYZ_Axis_Coordinator_0/inst/clk
    SLICE_X50Y46         FDRE                                         r  CNC_Top_i/XYZ_Axis_Coordinator_0/inst/cycles_per_step_x_reg[31]/C

Slack:                    inf
  Source:                 right
                            (input port)
  Destination:            CNC_Top_i/XYZ_Axis_Coordinator_0/inst/cycles_per_step_x_reg[30]/R
                            (rising edge-triggered cell FDRE clocked by clk_out1_CNC_Top_clk_wiz_0  {rise@0.000ns fall@5.000ns period=10.000ns})
  Path Group:             (none)
  Path Type:              Setup (Max at Slow Process Corner)
  Data Path Delay:        12.256ns  (logic 1.583ns (12.919%)  route 10.673ns (87.081%))
  Logic Levels:           2  (IBUF=1 LUT6=1)
  Clock Path Skew:        -2.233ns (DCD - SCD + CPR)
    Destination Clock Delay (DCD):    -2.233ns
    Source Clock Delay      (SCD):    0.000ns
    Clock Pessimism Removal (CPR):    0.000ns
  Clock Uncertainty:      0.169ns  ((TSJ^2 + DJ^2)^1/2) / 2 + PE
    Total System Jitter     (TSJ):    0.050ns
    Discrete Jitter          (DJ):    0.131ns
    Phase Error              (PE):    0.099ns

    Location             Delay type                Incr(ns)  Path(ns)    Netlist Resource(s)
  -------------------------------------------------------------------    -------------------
    R18                                               0.000     0.000 r  right (IN)
                         net (fo=0)                   0.000     0.000    right
    R18                  IBUF (Prop_ibuf_I_O)         1.459     1.459 r  right_IBUF_inst/O
                         net (fo=221, routed)         9.060    10.519    CNC_Top_i/XYZ_Axis_Coordinator_0/inst/rst
    SLICE_X82Y37         LUT6 (Prop_lut6_I0_O)        0.124    10.643 r  CNC_Top_i/XYZ_Axis_Coordinator_0/inst/cycles_per_step_x[31]_i_1/O
                         net (fo=32, routed)          1.613    12.256    CNC_Top_i/XYZ_Axis_Coordinator_0/inst/cycles_per_step_x[31]_i_1_n_0
    SLICE_X52Y45         FDRE                                         r  CNC_Top_i/XYZ_Axis_Coordinator_0/inst/cycles_per_step_x_reg[30]/R
  -------------------------------------------------------------------    -------------------

                         (clock clk_out1_CNC_Top_clk_wiz_0 rise edge)
                                                      0.000     0.000 r  
    C17                                               0.000     0.000 r  sys_clock (IN)
                         net (fo=0)                   0.000     0.000    CNC_Top_i/clk_wiz/inst/clk_in1
    C17                  IBUF (Prop_ibuf_I_O)         0.833     0.833 r  CNC_Top_i/clk_wiz/inst/clkin1_ibufg/O
                         net (fo=1, routed)           1.162     1.995    CNC_Top_i/clk_wiz/inst/clk_in1_CNC_Top_clk_wiz_0
    MMCME2_ADV_X1Y2      MMCME2_ADV (Prop_mmcme2_adv_CLKIN1_CLKOUT0)
                                                     -7.814    -5.819 r  CNC_Top_i/clk_wiz/inst/mmcm_adv_inst/CLKOUT0
                         net (fo=1, routed)           2.012    -3.807    CNC_Top_i/clk_wiz/inst/clk_out1_CNC_Top_clk_wiz_0
    BUFGCTRL_X0Y16       BUFG (Prop_bufg_I_O)         0.091    -3.716 r  CNC_Top_i/clk_wiz/inst/clkout1_buf/O
                         net (fo=439, routed)         1.482    -2.233    CNC_Top_i/XYZ_Axis_Coordinator_0/inst/clk
    SLICE_X52Y45         FDRE                                         r  CNC_Top_i/XYZ_Axis_Coordinator_0/inst/cycles_per_step_x_reg[30]/C

Slack:                    inf
  Source:                 right
                            (input port)
  Destination:            CNC_Top_i/XYZ_Axis_Coordinator_0/inst/cycles_per_step_x_reg[26]/R
                            (rising edge-triggered cell FDRE clocked by clk_out1_CNC_Top_clk_wiz_0  {rise@0.000ns fall@5.000ns period=10.000ns})
  Path Group:             (none)
  Path Type:              Setup (Max at Slow Process Corner)
  Data Path Delay:        12.161ns  (logic 1.583ns (13.021%)  route 10.577ns (86.979%))
  Logic Levels:           2  (IBUF=1 LUT6=1)
  Clock Path Skew:        -2.161ns (DCD - SCD + CPR)
    Destination Clock Delay (DCD):    -2.161ns
    Source Clock Delay      (SCD):    0.000ns
    Clock Pessimism Removal (CPR):    0.000ns
  Clock Uncertainty:      0.169ns  ((TSJ^2 + DJ^2)^1/2) / 2 + PE
    Total System Jitter     (TSJ):    0.050ns
    Discrete Jitter          (DJ):    0.131ns
    Phase Error              (PE):    0.099ns

    Location             Delay type                Incr(ns)  Path(ns)    Netlist Resource(s)
  -------------------------------------------------------------------    -------------------
    R18                                               0.000     0.000 r  right (IN)
                         net (fo=0)                   0.000     0.000    right
    R18                  IBUF (Prop_ibuf_I_O)         1.459     1.459 r  right_IBUF_inst/O
                         net (fo=221, routed)         9.060    10.519    CNC_Top_i/XYZ_Axis_Coordinator_0/inst/rst
    SLICE_X82Y37         LUT6 (Prop_lut6_I0_O)        0.124    10.643 r  CNC_Top_i/XYZ_Axis_Coordinator_0/inst/cycles_per_step_x[31]_i_1/O
                         net (fo=32, routed)          1.518    12.161    CNC_Top_i/XYZ_Axis_Coordinator_0/inst/cycles_per_step_x[31]_i_1_n_0
    SLICE_X59Y46         FDRE                                         r  CNC_Top_i/XYZ_Axis_Coordinator_0/inst/cycles_per_step_x_reg[26]/R
  -------------------------------------------------------------------    -------------------

                         (clock clk_out1_CNC_Top_clk_wiz_0 rise edge)
                                                      0.000     0.000 r  
    C17                                               0.000     0.000 r  sys_clock (IN)
                         net (fo=0)                   0.000     0.000    CNC_Top_i/clk_wiz/inst/clk_in1
    C17                  IBUF (Prop_ibuf_I_O)         0.833     0.833 r  CNC_Top_i/clk_wiz/inst/clkin1_ibufg/O
                         net (fo=1, routed)           1.162     1.995    CNC_Top_i/clk_wiz/inst/clk_in1_CNC_Top_clk_wiz_0
    MMCME2_ADV_X1Y2      MMCME2_ADV (Prop_mmcme2_adv_CLKIN1_CLKOUT0)
                                                     -7.814    -5.819 r  CNC_Top_i/clk_wiz/inst/mmcm_adv_inst/CLKOUT0
                         net (fo=1, routed)           2.012    -3.807    CNC_Top_i/clk_wiz/inst/clk_out1_CNC_Top_clk_wiz_0
    BUFGCTRL_X0Y16       BUFG (Prop_bufg_I_O)         0.091    -3.716 r  CNC_Top_i/clk_wiz/inst/clkout1_buf/O
                         net (fo=439, routed)         1.554    -2.161    CNC_Top_i/XYZ_Axis_Coordinator_0/inst/clk
    SLICE_X59Y46         FDRE                                         r  CNC_Top_i/XYZ_Axis_Coordinator_0/inst/cycles_per_step_x_reg[26]/C

Slack:                    inf
  Source:                 right
                            (input port)
  Destination:            CNC_Top_i/XYZ_Axis_Coordinator_0/inst/cycles_per_step_x_reg[29]/R
                            (rising edge-triggered cell FDRE clocked by clk_out1_CNC_Top_clk_wiz_0  {rise@0.000ns fall@5.000ns period=10.000ns})
  Path Group:             (none)
  Path Type:              Setup (Max at Slow Process Corner)
  Data Path Delay:        12.153ns  (logic 1.583ns (13.029%)  route 10.570ns (86.971%))
  Logic Levels:           2  (IBUF=1 LUT6=1)
  Clock Path Skew:        -2.161ns (DCD - SCD + CPR)
    Destination Clock Delay (DCD):    -2.161ns
    Source Clock Delay      (SCD):    0.000ns
    Clock Pessimism Removal (CPR):    0.000ns
  Clock Uncertainty:      0.169ns  ((TSJ^2 + DJ^2)^1/2) / 2 + PE
    Total System Jitter     (TSJ):    0.050ns
    Discrete Jitter          (DJ):    0.131ns
    Phase Error              (PE):    0.099ns

    Location             Delay type                Incr(ns)  Path(ns)    Netlist Resource(s)
  -------------------------------------------------------------------    -------------------
    R18                                               0.000     0.000 r  right (IN)
                         net (fo=0)                   0.000     0.000    right
    R18                  IBUF (Prop_ibuf_I_O)         1.459     1.459 r  right_IBUF_inst/O
                         net (fo=221, routed)         9.060    10.519    CNC_Top_i/XYZ_Axis_Coordinator_0/inst/rst
    SLICE_X82Y37         LUT6 (Prop_lut6_I0_O)        0.124    10.643 r  CNC_Top_i/XYZ_Axis_Coordinator_0/inst/cycles_per_step_x[31]_i_1/O
                         net (fo=32, routed)          1.510    12.153    CNC_Top_i/XYZ_Axis_Coordinator_0/inst/cycles_per_step_x[31]_i_1_n_0
    SLICE_X54Y47         FDRE                                         r  CNC_Top_i/XYZ_Axis_Coordinator_0/inst/cycles_per_step_x_reg[29]/R
  -------------------------------------------------------------------    -------------------

                         (clock clk_out1_CNC_Top_clk_wiz_0 rise edge)
                                                      0.000     0.000 r  
    C17                                               0.000     0.000 r  sys_clock (IN)
                         net (fo=0)                   0.000     0.000    CNC_Top_i/clk_wiz/inst/clk_in1
    C17                  IBUF (Prop_ibuf_I_O)         0.833     0.833 r  CNC_Top_i/clk_wiz/inst/clkin1_ibufg/O
                         net (fo=1, routed)           1.162     1.995    CNC_Top_i/clk_wiz/inst/clk_in1_CNC_Top_clk_wiz_0
    MMCME2_ADV_X1Y2      MMCME2_ADV (Prop_mmcme2_adv_CLKIN1_CLKOUT0)
                                                     -7.814    -5.819 r  CNC_Top_i/clk_wiz/inst/mmcm_adv_inst/CLKOUT0
                         net (fo=1, routed)           2.012    -3.807    CNC_Top_i/clk_wiz/inst/clk_out1_CNC_Top_clk_wiz_0
    BUFGCTRL_X0Y16       BUFG (Prop_bufg_I_O)         0.091    -3.716 r  CNC_Top_i/clk_wiz/inst/clkout1_buf/O
                         net (fo=439, routed)         1.554    -2.161    CNC_Top_i/XYZ_Axis_Coordinator_0/inst/clk
    SLICE_X54Y47         FDRE                                         r  CNC_Top_i/XYZ_Axis_Coordinator_0/inst/cycles_per_step_x_reg[29]/C

Slack:                    inf
  Source:                 right
                            (input port)
  Destination:            CNC_Top_i/XYZ_Axis_Coordinator_0/inst/cycles_per_step_x_reg[28]/R
                            (rising edge-triggered cell FDRE clocked by clk_out1_CNC_Top_clk_wiz_0  {rise@0.000ns fall@5.000ns period=10.000ns})
  Path Group:             (none)
  Path Type:              Setup (Max at Slow Process Corner)
  Data Path Delay:        12.115ns  (logic 1.583ns (13.070%)  route 10.532ns (86.930%))
  Logic Levels:           2  (IBUF=1 LUT6=1)
  Clock Path Skew:        -2.161ns (DCD - SCD + CPR)
    Destination Clock Delay (DCD):    -2.161ns
    Source Clock Delay      (SCD):    0.000ns
    Clock Pessimism Removal (CPR):    0.000ns
  Clock Uncertainty:      0.169ns  ((TSJ^2 + DJ^2)^1/2) / 2 + PE
    Total System Jitter     (TSJ):    0.050ns
    Discrete Jitter          (DJ):    0.131ns
    Phase Error              (PE):    0.099ns

    Location             Delay type                Incr(ns)  Path(ns)    Netlist Resource(s)
  -------------------------------------------------------------------    -------------------
    R18                                               0.000     0.000 r  right (IN)
                         net (fo=0)                   0.000     0.000    right
    R18                  IBUF (Prop_ibuf_I_O)         1.459     1.459 r  right_IBUF_inst/O
                         net (fo=221, routed)         9.060    10.519    CNC_Top_i/XYZ_Axis_Coordinator_0/inst/rst
    SLICE_X82Y37         LUT6 (Prop_lut6_I0_O)        0.124    10.643 r  CNC_Top_i/XYZ_Axis_Coordinator_0/inst/cycles_per_step_x[31]_i_1/O
                         net (fo=32, routed)          1.472    12.115    CNC_Top_i/XYZ_Axis_Coordinator_0/inst/cycles_per_step_x[31]_i_1_n_0
    SLICE_X56Y46         FDRE                                         r  CNC_Top_i/XYZ_Axis_Coordinator_0/inst/cycles_per_step_x_reg[28]/R
  -------------------------------------------------------------------    -------------------

                         (clock clk_out1_CNC_Top_clk_wiz_0 rise edge)
                                                      0.000     0.000 r  
    C17                                               0.000     0.000 r  sys_clock (IN)
                         net (fo=0)                   0.000     0.000    CNC_Top_i/clk_wiz/inst/clk_in1
    C17                  IBUF (Prop_ibuf_I_O)         0.833     0.833 r  CNC_Top_i/clk_wiz/inst/clkin1_ibufg/O
                         net (fo=1, routed)           1.162     1.995    CNC_Top_i/clk_wiz/inst/clk_in1_CNC_Top_clk_wiz_0
    MMCME2_ADV_X1Y2      MMCME2_ADV (Prop_mmcme2_adv_CLKIN1_CLKOUT0)
                                                     -7.814    -5.819 r  CNC_Top_i/clk_wiz/inst/mmcm_adv_inst/CLKOUT0
                         net (fo=1, routed)           2.012    -3.807    CNC_Top_i/clk_wiz/inst/clk_out1_CNC_Top_clk_wiz_0
    BUFGCTRL_X0Y16       BUFG (Prop_bufg_I_O)         0.091    -3.716 r  CNC_Top_i/clk_wiz/inst/clkout1_buf/O
                         net (fo=439, routed)         1.554    -2.161    CNC_Top_i/XYZ_Axis_Coordinator_0/inst/clk
    SLICE_X56Y46         FDRE                                         r  CNC_Top_i/XYZ_Axis_Coordinator_0/inst/cycles_per_step_x_reg[28]/C

Slack:                    inf
  Source:                 right
                            (input port)
  Destination:            CNC_Top_i/XYZ_Axis_Coordinator_0/inst/cycles_per_step_x_reg[27]/R
                            (rising edge-triggered cell FDRE clocked by clk_out1_CNC_Top_clk_wiz_0  {rise@0.000ns fall@5.000ns period=10.000ns})
  Path Group:             (none)
  Path Type:              Setup (Max at Slow Process Corner)
  Data Path Delay:        12.044ns  (logic 1.583ns (13.147%)  route 10.461ns (86.853%))
  Logic Levels:           2  (IBUF=1 LUT6=1)
  Clock Path Skew:        -2.161ns (DCD - SCD + CPR)
    Destination Clock Delay (DCD):    -2.161ns
    Source Clock Delay      (SCD):    0.000ns
    Clock Pessimism Removal (CPR):    0.000ns
  Clock Uncertainty:      0.169ns  ((TSJ^2 + DJ^2)^1/2) / 2 + PE
    Total System Jitter     (TSJ):    0.050ns
    Discrete Jitter          (DJ):    0.131ns
    Phase Error              (PE):    0.099ns

    Location             Delay type                Incr(ns)  Path(ns)    Netlist Resource(s)
  -------------------------------------------------------------------    -------------------
    R18                                               0.000     0.000 r  right (IN)
                         net (fo=0)                   0.000     0.000    right
    R18                  IBUF (Prop_ibuf_I_O)         1.459     1.459 r  right_IBUF_inst/O
                         net (fo=221, routed)         9.060    10.519    CNC_Top_i/XYZ_Axis_Coordinator_0/inst/rst
    SLICE_X82Y37         LUT6 (Prop_lut6_I0_O)        0.124    10.643 r  CNC_Top_i/XYZ_Axis_Coordinator_0/inst/cycles_per_step_x[31]_i_1/O
                         net (fo=32, routed)          1.401    12.044    CNC_Top_i/XYZ_Axis_Coordinator_0/inst/cycles_per_step_x[31]_i_1_n_0
    SLICE_X57Y45         FDRE                                         r  CNC_Top_i/XYZ_Axis_Coordinator_0/inst/cycles_per_step_x_reg[27]/R
  -------------------------------------------------------------------    -------------------

                         (clock clk_out1_CNC_Top_clk_wiz_0 rise edge)
                                                      0.000     0.000 r  
    C17                                               0.000     0.000 r  sys_clock (IN)
                         net (fo=0)                   0.000     0.000    CNC_Top_i/clk_wiz/inst/clk_in1
    C17                  IBUF (Prop_ibuf_I_O)         0.833     0.833 r  CNC_Top_i/clk_wiz/inst/clkin1_ibufg/O
                         net (fo=1, routed)           1.162     1.995    CNC_Top_i/clk_wiz/inst/clk_in1_CNC_Top_clk_wiz_0
    MMCME2_ADV_X1Y2      MMCME2_ADV (Prop_mmcme2_adv_CLKIN1_CLKOUT0)
                                                     -7.814    -5.819 r  CNC_Top_i/clk_wiz/inst/mmcm_adv_inst/CLKOUT0
                         net (fo=1, routed)           2.012    -3.807    CNC_Top_i/clk_wiz/inst/clk_out1_CNC_Top_clk_wiz_0
    BUFGCTRL_X0Y16       BUFG (Prop_bufg_I_O)         0.091    -3.716 r  CNC_Top_i/clk_wiz/inst/clkout1_buf/O
                         net (fo=439, routed)         1.554    -2.161    CNC_Top_i/XYZ_Axis_Coordinator_0/inst/clk
    SLICE_X57Y45         FDRE                                         r  CNC_Top_i/XYZ_Axis_Coordinator_0/inst/cycles_per_step_x_reg[27]/C

Slack:                    inf
  Source:                 right
                            (input port)
  Destination:            CNC_Top_i/XYZ_Axis_Coordinator_0/inst/clk_counter_reg[4]/R
                            (rising edge-triggered cell FDRE clocked by clk_out1_CNC_Top_clk_wiz_0  {rise@0.000ns fall@5.000ns period=10.000ns})
  Path Group:             (none)
  Path Type:              Setup (Max at Slow Process Corner)
  Data Path Delay:        12.002ns  (logic 1.583ns (13.192%)  route 10.419ns (86.808%))
  Logic Levels:           2  (IBUF=1 LUT3=1)
  Clock Path Skew:        -2.171ns (DCD - SCD + CPR)
    Destination Clock Delay (DCD):    -2.171ns
    Source Clock Delay      (SCD):    0.000ns
    Clock Pessimism Removal (CPR):    0.000ns
  Clock Uncertainty:      0.169ns  ((TSJ^2 + DJ^2)^1/2) / 2 + PE
    Total System Jitter     (TSJ):    0.050ns
    Discrete Jitter          (DJ):    0.131ns
    Phase Error              (PE):    0.099ns

    Location             Delay type                Incr(ns)  Path(ns)    Netlist Resource(s)
  -------------------------------------------------------------------    -------------------
    R18                                               0.000     0.000 r  right (IN)
                         net (fo=0)                   0.000     0.000    right
    R18                  IBUF (Prop_ibuf_I_O)         1.459     1.459 r  right_IBUF_inst/O
                         net (fo=221, routed)         8.425     9.885    CNC_Top_i/XYZ_Axis_Coordinator_0/inst/rst
    SLICE_X71Y37         LUT3 (Prop_lut3_I0_O)        0.124    10.009 r  CNC_Top_i/XYZ_Axis_Coordinator_0/inst/clk_counter[0]_i_1/O
                         net (fo=64, routed)          1.994    12.002    CNC_Top_i/XYZ_Axis_Coordinator_0/inst/clk_counter[0]_i_1_n_0
    SLICE_X73Y26         FDRE                                         r  CNC_Top_i/XYZ_Axis_Coordinator_0/inst/clk_counter_reg[4]/R
  -------------------------------------------------------------------    -------------------

                         (clock clk_out1_CNC_Top_clk_wiz_0 rise edge)
                                                      0.000     0.000 r  
    C17                                               0.000     0.000 r  sys_clock (IN)
                         net (fo=0)                   0.000     0.000    CNC_Top_i/clk_wiz/inst/clk_in1
    C17                  IBUF (Prop_ibuf_I_O)         0.833     0.833 r  CNC_Top_i/clk_wiz/inst/clkin1_ibufg/O
                         net (fo=1, routed)           1.162     1.995    CNC_Top_i/clk_wiz/inst/clk_in1_CNC_Top_clk_wiz_0
    MMCME2_ADV_X1Y2      MMCME2_ADV (Prop_mmcme2_adv_CLKIN1_CLKOUT0)
                                                     -7.814    -5.819 r  CNC_Top_i/clk_wiz/inst/mmcm_adv_inst/CLKOUT0
                         net (fo=1, routed)           2.012    -3.807    CNC_Top_i/clk_wiz/inst/clk_out1_CNC_Top_clk_wiz_0
    BUFGCTRL_X0Y16       BUFG (Prop_bufg_I_O)         0.091    -3.716 r  CNC_Top_i/clk_wiz/inst/clkout1_buf/O
                         net (fo=439, routed)         1.544    -2.171    CNC_Top_i/XYZ_Axis_Coordinator_0/inst/clk
    SLICE_X73Y26         FDRE                                         r  CNC_Top_i/XYZ_Axis_Coordinator_0/inst/clk_counter_reg[4]/C

Slack:                    inf
  Source:                 right
                            (input port)
  Destination:            CNC_Top_i/XYZ_Axis_Coordinator_0/inst/clk_counter_reg[5]/R
                            (rising edge-triggered cell FDRE clocked by clk_out1_CNC_Top_clk_wiz_0  {rise@0.000ns fall@5.000ns period=10.000ns})
  Path Group:             (none)
  Path Type:              Setup (Max at Slow Process Corner)
  Data Path Delay:        12.002ns  (logic 1.583ns (13.192%)  route 10.419ns (86.808%))
  Logic Levels:           2  (IBUF=1 LUT3=1)
  Clock Path Skew:        -2.171ns (DCD - SCD + CPR)
    Destination Clock Delay (DCD):    -2.171ns
    Source Clock Delay      (SCD):    0.000ns
    Clock Pessimism Removal (CPR):    0.000ns
  Clock Uncertainty:      0.169ns  ((TSJ^2 + DJ^2)^1/2) / 2 + PE
    Total System Jitter     (TSJ):    0.050ns
    Discrete Jitter          (DJ):    0.131ns
    Phase Error              (PE):    0.099ns

    Location             Delay type                Incr(ns)  Path(ns)    Netlist Resource(s)
  -------------------------------------------------------------------    -------------------
    R18                                               0.000     0.000 r  right (IN)
                         net (fo=0)                   0.000     0.000    right
    R18                  IBUF (Prop_ibuf_I_O)         1.459     1.459 r  right_IBUF_inst/O
                         net (fo=221, routed)         8.425     9.885    CNC_Top_i/XYZ_Axis_Coordinator_0/inst/rst
    SLICE_X71Y37         LUT3 (Prop_lut3_I0_O)        0.124    10.009 r  CNC_Top_i/XYZ_Axis_Coordinator_0/inst/clk_counter[0]_i_1/O
                         net (fo=64, routed)          1.994    12.002    CNC_Top_i/XYZ_Axis_Coordinator_0/inst/clk_counter[0]_i_1_n_0
    SLICE_X73Y26         FDRE                                         r  CNC_Top_i/XYZ_Axis_Coordinator_0/inst/clk_counter_reg[5]/R
  -------------------------------------------------------------------    -------------------

                         (clock clk_out1_CNC_Top_clk_wiz_0 rise edge)
                                                      0.000     0.000 r  
    C17                                               0.000     0.000 r  sys_clock (IN)
                         net (fo=0)                   0.000     0.000    CNC_Top_i/clk_wiz/inst/clk_in1
    C17                  IBUF (Prop_ibuf_I_O)         0.833     0.833 r  CNC_Top_i/clk_wiz/inst/clkin1_ibufg/O
                         net (fo=1, routed)           1.162     1.995    CNC_Top_i/clk_wiz/inst/clk_in1_CNC_Top_clk_wiz_0
    MMCME2_ADV_X1Y2      MMCME2_ADV (Prop_mmcme2_adv_CLKIN1_CLKOUT0)
                                                     -7.814    -5.819 r  CNC_Top_i/clk_wiz/inst/mmcm_adv_inst/CLKOUT0
                         net (fo=1, routed)           2.012    -3.807    CNC_Top_i/clk_wiz/inst/clk_out1_CNC_Top_clk_wiz_0
    BUFGCTRL_X0Y16       BUFG (Prop_bufg_I_O)         0.091    -3.716 r  CNC_Top_i/clk_wiz/inst/clkout1_buf/O
                         net (fo=439, routed)         1.544    -2.171    CNC_Top_i/XYZ_Axis_Coordinator_0/inst/clk
    SLICE_X73Y26         FDRE                                         r  CNC_Top_i/XYZ_Axis_Coordinator_0/inst/clk_counter_reg[5]/C

Slack:                    inf
  Source:                 right
                            (input port)
  Destination:            CNC_Top_i/XYZ_Axis_Coordinator_0/inst/clk_counter_reg[6]/R
                            (rising edge-triggered cell FDRE clocked by clk_out1_CNC_Top_clk_wiz_0  {rise@0.000ns fall@5.000ns period=10.000ns})
  Path Group:             (none)
  Path Type:              Setup (Max at Slow Process Corner)
  Data Path Delay:        12.002ns  (logic 1.583ns (13.192%)  route 10.419ns (86.808%))
  Logic Levels:           2  (IBUF=1 LUT3=1)
  Clock Path Skew:        -2.171ns (DCD - SCD + CPR)
    Destination Clock Delay (DCD):    -2.171ns
    Source Clock Delay      (SCD):    0.000ns
    Clock Pessimism Removal (CPR):    0.000ns
  Clock Uncertainty:      0.169ns  ((TSJ^2 + DJ^2)^1/2) / 2 + PE
    Total System Jitter     (TSJ):    0.050ns
    Discrete Jitter          (DJ):    0.131ns
    Phase Error              (PE):    0.099ns

    Location             Delay type                Incr(ns)  Path(ns)    Netlist Resource(s)
  -------------------------------------------------------------------    -------------------
    R18                                               0.000     0.000 r  right (IN)
                         net (fo=0)                   0.000     0.000    right
    R18                  IBUF (Prop_ibuf_I_O)         1.459     1.459 r  right_IBUF_inst/O
                         net (fo=221, routed)         8.425     9.885    CNC_Top_i/XYZ_Axis_Coordinator_0/inst/rst
    SLICE_X71Y37         LUT3 (Prop_lut3_I0_O)        0.124    10.009 r  CNC_Top_i/XYZ_Axis_Coordinator_0/inst/clk_counter[0]_i_1/O
                         net (fo=64, routed)          1.994    12.002    CNC_Top_i/XYZ_Axis_Coordinator_0/inst/clk_counter[0]_i_1_n_0
    SLICE_X73Y26         FDRE                                         r  CNC_Top_i/XYZ_Axis_Coordinator_0/inst/clk_counter_reg[6]/R
  -------------------------------------------------------------------    -------------------

                         (clock clk_out1_CNC_Top_clk_wiz_0 rise edge)
                                                      0.000     0.000 r  
    C17                                               0.000     0.000 r  sys_clock (IN)
                         net (fo=0)                   0.000     0.000    CNC_Top_i/clk_wiz/inst/clk_in1
    C17                  IBUF (Prop_ibuf_I_O)         0.833     0.833 r  CNC_Top_i/clk_wiz/inst/clkin1_ibufg/O
                         net (fo=1, routed)           1.162     1.995    CNC_Top_i/clk_wiz/inst/clk_in1_CNC_Top_clk_wiz_0
    MMCME2_ADV_X1Y2      MMCME2_ADV (Prop_mmcme2_adv_CLKIN1_CLKOUT0)
                                                     -7.814    -5.819 r  CNC_Top_i/clk_wiz/inst/mmcm_adv_inst/CLKOUT0
                         net (fo=1, routed)           2.012    -3.807    CNC_Top_i/clk_wiz/inst/clk_out1_CNC_Top_clk_wiz_0
    BUFGCTRL_X0Y16       BUFG (Prop_bufg_I_O)         0.091    -3.716 r  CNC_Top_i/clk_wiz/inst/clkout1_buf/O
                         net (fo=439, routed)         1.544    -2.171    CNC_Top_i/XYZ_Axis_Coordinator_0/inst/clk
    SLICE_X73Y26         FDRE                                         r  CNC_Top_i/XYZ_Axis_Coordinator_0/inst/clk_counter_reg[6]/C

Slack:                    inf
  Source:                 right
                            (input port)
  Destination:            CNC_Top_i/XYZ_Axis_Coordinator_0/inst/clk_counter_reg[7]/R
                            (rising edge-triggered cell FDRE clocked by clk_out1_CNC_Top_clk_wiz_0  {rise@0.000ns fall@5.000ns period=10.000ns})
  Path Group:             (none)
  Path Type:              Setup (Max at Slow Process Corner)
  Data Path Delay:        12.002ns  (logic 1.583ns (13.192%)  route 10.419ns (86.808%))
  Logic Levels:           2  (IBUF=1 LUT3=1)
  Clock Path Skew:        -2.171ns (DCD - SCD + CPR)
    Destination Clock Delay (DCD):    -2.171ns
    Source Clock Delay      (SCD):    0.000ns
    Clock Pessimism Removal (CPR):    0.000ns
  Clock Uncertainty:      0.169ns  ((TSJ^2 + DJ^2)^1/2) / 2 + PE
    Total System Jitter     (TSJ):    0.050ns
    Discrete Jitter          (DJ):    0.131ns
    Phase Error              (PE):    0.099ns

    Location             Delay type                Incr(ns)  Path(ns)    Netlist Resource(s)
  -------------------------------------------------------------------    -------------------
    R18                                               0.000     0.000 r  right (IN)
                         net (fo=0)                   0.000     0.000    right
    R18                  IBUF (Prop_ibuf_I_O)         1.459     1.459 r  right_IBUF_inst/O
                         net (fo=221, routed)         8.425     9.885    CNC_Top_i/XYZ_Axis_Coordinator_0/inst/rst
    SLICE_X71Y37         LUT3 (Prop_lut3_I0_O)        0.124    10.009 r  CNC_Top_i/XYZ_Axis_Coordinator_0/inst/clk_counter[0]_i_1/O
                         net (fo=64, routed)          1.994    12.002    CNC_Top_i/XYZ_Axis_Coordinator_0/inst/clk_counter[0]_i_1_n_0
    SLICE_X73Y26         FDRE                                         r  CNC_Top_i/XYZ_Axis_Coordinator_0/inst/clk_counter_reg[7]/R
  -------------------------------------------------------------------    -------------------

                         (clock clk_out1_CNC_Top_clk_wiz_0 rise edge)
                                                      0.000     0.000 r  
    C17                                               0.000     0.000 r  sys_clock (IN)
                         net (fo=0)                   0.000     0.000    CNC_Top_i/clk_wiz/inst/clk_in1
    C17                  IBUF (Prop_ibuf_I_O)         0.833     0.833 r  CNC_Top_i/clk_wiz/inst/clkin1_ibufg/O
                         net (fo=1, routed)           1.162     1.995    CNC_Top_i/clk_wiz/inst/clk_in1_CNC_Top_clk_wiz_0
    MMCME2_ADV_X1Y2      MMCME2_ADV (Prop_mmcme2_adv_CLKIN1_CLKOUT0)
                                                     -7.814    -5.819 r  CNC_Top_i/clk_wiz/inst/mmcm_adv_inst/CLKOUT0
                         net (fo=1, routed)           2.012    -3.807    CNC_Top_i/clk_wiz/inst/clk_out1_CNC_Top_clk_wiz_0
    BUFGCTRL_X0Y16       BUFG (Prop_bufg_I_O)         0.091    -3.716 r  CNC_Top_i/clk_wiz/inst/clkout1_buf/O
                         net (fo=439, routed)         1.544    -2.171    CNC_Top_i/XYZ_Axis_Coordinator_0/inst/clk
    SLICE_X73Y26         FDRE                                         r  CNC_Top_i/XYZ_Axis_Coordinator_0/inst/clk_counter_reg[7]/C





Min Delay Paths
--------------------------------------------------------------------------------------
Slack:                    inf
  Source:                 right
                            (input port)
  Destination:            CNC_Top_i/XYZ_Axis_Coordinator_0/inst/squareroot_running_reg/R
                            (rising edge-triggered cell FDRE clocked by clk_out1_CNC_Top_clk_wiz_0  {rise@0.000ns fall@5.000ns period=10.000ns})
  Path Group:             (none)
  Path Type:              Hold (Min at Fast Process Corner)
  Data Path Delay:        1.143ns  (logic 0.227ns (19.903%)  route 0.915ns (80.097%))
  Logic Levels:           1  (IBUF=1)
  Clock Path Skew:        -0.881ns (DCD - SCD - CPR)
    Destination Clock Delay (DCD):    -0.881ns
    Source Clock Delay      (SCD):    0.000ns
    Clock Pessimism Removal (CPR):    -0.000ns

    Location             Delay type                Incr(ns)  Path(ns)    Netlist Resource(s)
  -------------------------------------------------------------------    -------------------
    R18                                               0.000     0.000 r  right (IN)
                         net (fo=0)                   0.000     0.000    right
    R18                  IBUF (Prop_ibuf_I_O)         0.227     0.227 r  right_IBUF_inst/O
                         net (fo=221, routed)         0.915     1.143    CNC_Top_i/XYZ_Axis_Coordinator_0/inst/rst
    SLICE_X102Y37        FDRE                                         r  CNC_Top_i/XYZ_Axis_Coordinator_0/inst/squareroot_running_reg/R
  -------------------------------------------------------------------    -------------------

                         (clock clk_out1_CNC_Top_clk_wiz_0 rise edge)
                                                      0.000     0.000 r  
    C17                                               0.000     0.000 r  sys_clock (IN)
                         net (fo=0)                   0.000     0.000    CNC_Top_i/clk_wiz/inst/clk_in1
    C17                  IBUF (Prop_ibuf_I_O)         0.385     0.385 r  CNC_Top_i/clk_wiz/inst/clkin1_ibufg/O
                         net (fo=1, routed)           0.480     0.865    CNC_Top_i/clk_wiz/inst/clk_in1_CNC_Top_clk_wiz_0
    MMCME2_ADV_X1Y2      MMCME2_ADV (Prop_mmcme2_adv_CLKIN1_CLKOUT0)
                                                     -3.407    -2.542 r  CNC_Top_i/clk_wiz/inst/mmcm_adv_inst/CLKOUT0
                         net (fo=1, routed)           0.752    -1.790    CNC_Top_i/clk_wiz/inst/clk_out1_CNC_Top_clk_wiz_0
    BUFGCTRL_X0Y16       BUFG (Prop_bufg_I_O)         0.029    -1.761 r  CNC_Top_i/clk_wiz/inst/clkout1_buf/O
                         net (fo=439, routed)         0.880    -0.881    CNC_Top_i/XYZ_Axis_Coordinator_0/inst/clk
    SLICE_X102Y37        FDRE                                         r  CNC_Top_i/XYZ_Axis_Coordinator_0/inst/squareroot_running_reg/C

Slack:                    inf
  Source:                 right
                            (input port)
  Destination:            CNC_Top_i/XYZ_Axis_Coordinator_0/inst/bit_reg[62]/R
                            (rising edge-triggered cell FDRE clocked by clk_out1_CNC_Top_clk_wiz_0  {rise@0.000ns fall@5.000ns period=10.000ns})
  Path Group:             (none)
  Path Type:              Hold (Min at Fast Process Corner)
  Data Path Delay:        1.168ns  (logic 0.227ns (19.469%)  route 0.941ns (80.531%))
  Logic Levels:           1  (IBUF=1)
  Clock Path Skew:        -0.884ns (DCD - SCD - CPR)
    Destination Clock Delay (DCD):    -0.884ns
    Source Clock Delay      (SCD):    0.000ns
    Clock Pessimism Removal (CPR):    -0.000ns

    Location             Delay type                Incr(ns)  Path(ns)    Netlist Resource(s)
  -------------------------------------------------------------------    -------------------
    R18                                               0.000     0.000 r  right (IN)
                         net (fo=0)                   0.000     0.000    right
    R18                  IBUF (Prop_ibuf_I_O)         0.227     0.227 r  right_IBUF_inst/O
                         net (fo=221, routed)         0.941     1.168    CNC_Top_i/XYZ_Axis_Coordinator_0/inst/rst
    SLICE_X101Y34        FDRE                                         r  CNC_Top_i/XYZ_Axis_Coordinator_0/inst/bit_reg[62]/R
  -------------------------------------------------------------------    -------------------

                         (clock clk_out1_CNC_Top_clk_wiz_0 rise edge)
                                                      0.000     0.000 r  
    C17                                               0.000     0.000 r  sys_clock (IN)
                         net (fo=0)                   0.000     0.000    CNC_Top_i/clk_wiz/inst/clk_in1
    C17                  IBUF (Prop_ibuf_I_O)         0.385     0.385 r  CNC_Top_i/clk_wiz/inst/clkin1_ibufg/O
                         net (fo=1, routed)           0.480     0.865    CNC_Top_i/clk_wiz/inst/clk_in1_CNC_Top_clk_wiz_0
    MMCME2_ADV_X1Y2      MMCME2_ADV (Prop_mmcme2_adv_CLKIN1_CLKOUT0)
                                                     -3.407    -2.542 r  CNC_Top_i/clk_wiz/inst/mmcm_adv_inst/CLKOUT0
                         net (fo=1, routed)           0.752    -1.790    CNC_Top_i/clk_wiz/inst/clk_out1_CNC_Top_clk_wiz_0
    BUFGCTRL_X0Y16       BUFG (Prop_bufg_I_O)         0.029    -1.761 r  CNC_Top_i/clk_wiz/inst/clkout1_buf/O
                         net (fo=439, routed)         0.877    -0.884    CNC_Top_i/XYZ_Axis_Coordinator_0/inst/clk
    SLICE_X101Y34        FDRE                                         r  CNC_Top_i/XYZ_Axis_Coordinator_0/inst/bit_reg[62]/C

Slack:                    inf
  Source:                 right
                            (input port)
  Destination:            CNC_Top_i/XYZ_Axis_Coordinator_0/inst/i_reg[5]/D
                            (rising edge-triggered cell FDRE clocked by clk_out1_CNC_Top_clk_wiz_0  {rise@0.000ns fall@5.000ns period=10.000ns})
  Path Group:             (none)
  Path Type:              Hold (Min at Fast Process Corner)
  Data Path Delay:        1.251ns  (logic 0.272ns (21.786%)  route 0.978ns (78.214%))
  Logic Levels:           2  (IBUF=1 LUT6=1)
  Clock Path Skew:        -0.881ns (DCD - SCD - CPR)
    Destination Clock Delay (DCD):    -0.881ns
    Source Clock Delay      (SCD):    0.000ns
    Clock Pessimism Removal (CPR):    -0.000ns

    Location             Delay type                Incr(ns)  Path(ns)    Netlist Resource(s)
  -------------------------------------------------------------------    -------------------
    R18                                               0.000     0.000 f  right (IN)
                         net (fo=0)                   0.000     0.000    right
    R18                  IBUF (Prop_ibuf_I_O)         0.227     0.227 f  right_IBUF_inst/O
                         net (fo=221, routed)         0.978     1.206    CNC_Top_i/XYZ_Axis_Coordinator_0/inst/rst
    SLICE_X103Y37        LUT6 (Prop_lut6_I5_O)        0.045     1.251 r  CNC_Top_i/XYZ_Axis_Coordinator_0/inst/i[5]_i_1/O
                         net (fo=1, routed)           0.000     1.251    CNC_Top_i/XYZ_Axis_Coordinator_0/inst/i[5]_i_1_n_0
    SLICE_X103Y37        FDRE                                         r  CNC_Top_i/XYZ_Axis_Coordinator_0/inst/i_reg[5]/D
  -------------------------------------------------------------------    -------------------

                         (clock clk_out1_CNC_Top_clk_wiz_0 rise edge)
                                                      0.000     0.000 r  
    C17                                               0.000     0.000 r  sys_clock (IN)
                         net (fo=0)                   0.000     0.000    CNC_Top_i/clk_wiz/inst/clk_in1
    C17                  IBUF (Prop_ibuf_I_O)         0.385     0.385 r  CNC_Top_i/clk_wiz/inst/clkin1_ibufg/O
                         net (fo=1, routed)           0.480     0.865    CNC_Top_i/clk_wiz/inst/clk_in1_CNC_Top_clk_wiz_0
    MMCME2_ADV_X1Y2      MMCME2_ADV (Prop_mmcme2_adv_CLKIN1_CLKOUT0)
                                                     -3.407    -2.542 r  CNC_Top_i/clk_wiz/inst/mmcm_adv_inst/CLKOUT0
                         net (fo=1, routed)           0.752    -1.790    CNC_Top_i/clk_wiz/inst/clk_out1_CNC_Top_clk_wiz_0
    BUFGCTRL_X0Y16       BUFG (Prop_bufg_I_O)         0.029    -1.761 r  CNC_Top_i/clk_wiz/inst/clkout1_buf/O
                         net (fo=439, routed)         0.880    -0.881    CNC_Top_i/XYZ_Axis_Coordinator_0/inst/clk
    SLICE_X103Y37        FDRE                                         r  CNC_Top_i/XYZ_Axis_Coordinator_0/inst/i_reg[5]/C

Slack:                    inf
  Source:                 right
                            (input port)
  Destination:            CNC_Top_i/XYZ_Axis_Coordinator_0/inst/val_reg[60]/R
                            (rising edge-triggered cell FDRE clocked by clk_out1_CNC_Top_clk_wiz_0  {rise@0.000ns fall@5.000ns period=10.000ns})
  Path Group:             (none)
  Path Type:              Hold (Min at Fast Process Corner)
  Data Path Delay:        1.277ns  (logic 0.227ns (17.818%)  route 1.049ns (82.182%))
  Logic Levels:           1  (IBUF=1)
  Clock Path Skew:        -0.885ns (DCD - SCD - CPR)
    Destination Clock Delay (DCD):    -0.885ns
    Source Clock Delay      (SCD):    0.000ns
    Clock Pessimism Removal (CPR):    -0.000ns

    Location             Delay type                Incr(ns)  Path(ns)    Netlist Resource(s)
  -------------------------------------------------------------------    -------------------
    R18                                               0.000     0.000 r  right (IN)
                         net (fo=0)                   0.000     0.000    right
    R18                  IBUF (Prop_ibuf_I_O)         0.227     0.227 r  right_IBUF_inst/O
                         net (fo=221, routed)         1.049     1.277    CNC_Top_i/XYZ_Axis_Coordinator_0/inst/rst
    SLICE_X98Y33         FDRE                                         r  CNC_Top_i/XYZ_Axis_Coordinator_0/inst/val_reg[60]/R
  -------------------------------------------------------------------    -------------------

                         (clock clk_out1_CNC_Top_clk_wiz_0 rise edge)
                                                      0.000     0.000 r  
    C17                                               0.000     0.000 r  sys_clock (IN)
                         net (fo=0)                   0.000     0.000    CNC_Top_i/clk_wiz/inst/clk_in1
    C17                  IBUF (Prop_ibuf_I_O)         0.385     0.385 r  CNC_Top_i/clk_wiz/inst/clkin1_ibufg/O
                         net (fo=1, routed)           0.480     0.865    CNC_Top_i/clk_wiz/inst/clk_in1_CNC_Top_clk_wiz_0
    MMCME2_ADV_X1Y2      MMCME2_ADV (Prop_mmcme2_adv_CLKIN1_CLKOUT0)
                                                     -3.407    -2.542 r  CNC_Top_i/clk_wiz/inst/mmcm_adv_inst/CLKOUT0
                         net (fo=1, routed)           0.752    -1.790    CNC_Top_i/clk_wiz/inst/clk_out1_CNC_Top_clk_wiz_0
    BUFGCTRL_X0Y16       BUFG (Prop_bufg_I_O)         0.029    -1.761 r  CNC_Top_i/clk_wiz/inst/clkout1_buf/O
                         net (fo=439, routed)         0.876    -0.885    CNC_Top_i/XYZ_Axis_Coordinator_0/inst/clk
    SLICE_X98Y33         FDRE                                         r  CNC_Top_i/XYZ_Axis_Coordinator_0/inst/val_reg[60]/C

Slack:                    inf
  Source:                 right
                            (input port)
  Destination:            CNC_Top_i/XYZ_Axis_Coordinator_0/inst/val_reg[61]/R
                            (rising edge-triggered cell FDRE clocked by clk_out1_CNC_Top_clk_wiz_0  {rise@0.000ns fall@5.000ns period=10.000ns})
  Path Group:             (none)
  Path Type:              Hold (Min at Fast Process Corner)
  Data Path Delay:        1.277ns  (logic 0.227ns (17.818%)  route 1.049ns (82.182%))
  Logic Levels:           1  (IBUF=1)
  Clock Path Skew:        -0.885ns (DCD - SCD - CPR)
    Destination Clock Delay (DCD):    -0.885ns
    Source Clock Delay      (SCD):    0.000ns
    Clock Pessimism Removal (CPR):    -0.000ns

    Location             Delay type                Incr(ns)  Path(ns)    Netlist Resource(s)
  -------------------------------------------------------------------    -------------------
    R18                                               0.000     0.000 r  right (IN)
                         net (fo=0)                   0.000     0.000    right
    R18                  IBUF (Prop_ibuf_I_O)         0.227     0.227 r  right_IBUF_inst/O
                         net (fo=221, routed)         1.049     1.277    CNC_Top_i/XYZ_Axis_Coordinator_0/inst/rst
    SLICE_X98Y33         FDRE                                         r  CNC_Top_i/XYZ_Axis_Coordinator_0/inst/val_reg[61]/R
  -------------------------------------------------------------------    -------------------

                         (clock clk_out1_CNC_Top_clk_wiz_0 rise edge)
                                                      0.000     0.000 r  
    C17                                               0.000     0.000 r  sys_clock (IN)
                         net (fo=0)                   0.000     0.000    CNC_Top_i/clk_wiz/inst/clk_in1
    C17                  IBUF (Prop_ibuf_I_O)         0.385     0.385 r  CNC_Top_i/clk_wiz/inst/clkin1_ibufg/O
                         net (fo=1, routed)           0.480     0.865    CNC_Top_i/clk_wiz/inst/clk_in1_CNC_Top_clk_wiz_0
    MMCME2_ADV_X1Y2      MMCME2_ADV (Prop_mmcme2_adv_CLKIN1_CLKOUT0)
                                                     -3.407    -2.542 r  CNC_Top_i/clk_wiz/inst/mmcm_adv_inst/CLKOUT0
                         net (fo=1, routed)           0.752    -1.790    CNC_Top_i/clk_wiz/inst/clk_out1_CNC_Top_clk_wiz_0
    BUFGCTRL_X0Y16       BUFG (Prop_bufg_I_O)         0.029    -1.761 r  CNC_Top_i/clk_wiz/inst/clkout1_buf/O
                         net (fo=439, routed)         0.876    -0.885    CNC_Top_i/XYZ_Axis_Coordinator_0/inst/clk
    SLICE_X98Y33         FDRE                                         r  CNC_Top_i/XYZ_Axis_Coordinator_0/inst/val_reg[61]/C

Slack:                    inf
  Source:                 right
                            (input port)
  Destination:            CNC_Top_i/XYZ_Axis_Coordinator_0/inst/val_reg[62]/R
                            (rising edge-triggered cell FDRE clocked by clk_out1_CNC_Top_clk_wiz_0  {rise@0.000ns fall@5.000ns period=10.000ns})
  Path Group:             (none)
  Path Type:              Hold (Min at Fast Process Corner)
  Data Path Delay:        1.277ns  (logic 0.227ns (17.818%)  route 1.049ns (82.182%))
  Logic Levels:           1  (IBUF=1)
  Clock Path Skew:        -0.885ns (DCD - SCD - CPR)
    Destination Clock Delay (DCD):    -0.885ns
    Source Clock Delay      (SCD):    0.000ns
    Clock Pessimism Removal (CPR):    -0.000ns

    Location             Delay type                Incr(ns)  Path(ns)    Netlist Resource(s)
  -------------------------------------------------------------------    -------------------
    R18                                               0.000     0.000 r  right (IN)
                         net (fo=0)                   0.000     0.000    right
    R18                  IBUF (Prop_ibuf_I_O)         0.227     0.227 r  right_IBUF_inst/O
                         net (fo=221, routed)         1.049     1.277    CNC_Top_i/XYZ_Axis_Coordinator_0/inst/rst
    SLICE_X98Y33         FDRE                                         r  CNC_Top_i/XYZ_Axis_Coordinator_0/inst/val_reg[62]/R
  -------------------------------------------------------------------    -------------------

                         (clock clk_out1_CNC_Top_clk_wiz_0 rise edge)
                                                      0.000     0.000 r  
    C17                                               0.000     0.000 r  sys_clock (IN)
                         net (fo=0)                   0.000     0.000    CNC_Top_i/clk_wiz/inst/clk_in1
    C17                  IBUF (Prop_ibuf_I_O)         0.385     0.385 r  CNC_Top_i/clk_wiz/inst/clkin1_ibufg/O
                         net (fo=1, routed)           0.480     0.865    CNC_Top_i/clk_wiz/inst/clk_in1_CNC_Top_clk_wiz_0
    MMCME2_ADV_X1Y2      MMCME2_ADV (Prop_mmcme2_adv_CLKIN1_CLKOUT0)
                                                     -3.407    -2.542 r  CNC_Top_i/clk_wiz/inst/mmcm_adv_inst/CLKOUT0
                         net (fo=1, routed)           0.752    -1.790    CNC_Top_i/clk_wiz/inst/clk_out1_CNC_Top_clk_wiz_0
    BUFGCTRL_X0Y16       BUFG (Prop_bufg_I_O)         0.029    -1.761 r  CNC_Top_i/clk_wiz/inst/clkout1_buf/O
                         net (fo=439, routed)         0.876    -0.885    CNC_Top_i/XYZ_Axis_Coordinator_0/inst/clk
    SLICE_X98Y33         FDRE                                         r  CNC_Top_i/XYZ_Axis_Coordinator_0/inst/val_reg[62]/C

Slack:                    inf
  Source:                 right
                            (input port)
  Destination:            CNC_Top_i/XYZ_Axis_Coordinator_0/inst/val_reg[63]/R
                            (rising edge-triggered cell FDRE clocked by clk_out1_CNC_Top_clk_wiz_0  {rise@0.000ns fall@5.000ns period=10.000ns})
  Path Group:             (none)
  Path Type:              Hold (Min at Fast Process Corner)
  Data Path Delay:        1.277ns  (logic 0.227ns (17.818%)  route 1.049ns (82.182%))
  Logic Levels:           1  (IBUF=1)
  Clock Path Skew:        -0.885ns (DCD - SCD - CPR)
    Destination Clock Delay (DCD):    -0.885ns
    Source Clock Delay      (SCD):    0.000ns
    Clock Pessimism Removal (CPR):    -0.000ns

    Location             Delay type                Incr(ns)  Path(ns)    Netlist Resource(s)
  -------------------------------------------------------------------    -------------------
    R18                                               0.000     0.000 r  right (IN)
                         net (fo=0)                   0.000     0.000    right
    R18                  IBUF (Prop_ibuf_I_O)         0.227     0.227 r  right_IBUF_inst/O
                         net (fo=221, routed)         1.049     1.277    CNC_Top_i/XYZ_Axis_Coordinator_0/inst/rst
    SLICE_X98Y33         FDRE                                         r  CNC_Top_i/XYZ_Axis_Coordinator_0/inst/val_reg[63]/R
  -------------------------------------------------------------------    -------------------

                         (clock clk_out1_CNC_Top_clk_wiz_0 rise edge)
                                                      0.000     0.000 r  
    C17                                               0.000     0.000 r  sys_clock (IN)
                         net (fo=0)                   0.000     0.000    CNC_Top_i/clk_wiz/inst/clk_in1
    C17                  IBUF (Prop_ibuf_I_O)         0.385     0.385 r  CNC_Top_i/clk_wiz/inst/clkin1_ibufg/O
                         net (fo=1, routed)           0.480     0.865    CNC_Top_i/clk_wiz/inst/clk_in1_CNC_Top_clk_wiz_0
    MMCME2_ADV_X1Y2      MMCME2_ADV (Prop_mmcme2_adv_CLKIN1_CLKOUT0)
                                                     -3.407    -2.542 r  CNC_Top_i/clk_wiz/inst/mmcm_adv_inst/CLKOUT0
                         net (fo=1, routed)           0.752    -1.790    CNC_Top_i/clk_wiz/inst/clk_out1_CNC_Top_clk_wiz_0
    BUFGCTRL_X0Y16       BUFG (Prop_bufg_I_O)         0.029    -1.761 r  CNC_Top_i/clk_wiz/inst/clkout1_buf/O
                         net (fo=439, routed)         0.876    -0.885    CNC_Top_i/XYZ_Axis_Coordinator_0/inst/clk
    SLICE_X98Y33         FDRE                                         r  CNC_Top_i/XYZ_Axis_Coordinator_0/inst/val_reg[63]/C

Slack:                    inf
  Source:                 right
                            (input port)
  Destination:            CNC_Top_i/XYZ_Axis_Coordinator_0/inst/result_ready_reg/S
                            (rising edge-triggered cell FDSE clocked by clk_out1_CNC_Top_clk_wiz_0  {rise@0.000ns fall@5.000ns period=10.000ns})
  Path Group:             (none)
  Path Type:              Hold (Min at Fast Process Corner)
  Data Path Delay:        1.298ns  (logic 0.227ns (17.530%)  route 1.070ns (82.470%))
  Logic Levels:           1  (IBUF=1)
  Clock Path Skew:        -0.882ns (DCD - SCD - CPR)
    Destination Clock Delay (DCD):    -0.882ns
    Source Clock Delay      (SCD):    0.000ns
    Clock Pessimism Removal (CPR):    -0.000ns

    Location             Delay type                Incr(ns)  Path(ns)    Netlist Resource(s)
  -------------------------------------------------------------------    -------------------
    R18                                               0.000     0.000 r  right (IN)
                         net (fo=0)                   0.000     0.000    right
    R18                  IBUF (Prop_ibuf_I_O)         0.227     0.227 r  right_IBUF_inst/O
                         net (fo=221, routed)         1.070     1.298    CNC_Top_i/XYZ_Axis_Coordinator_0/inst/rst
    SLICE_X98Y37         FDSE                                         r  CNC_Top_i/XYZ_Axis_Coordinator_0/inst/result_ready_reg/S
  -------------------------------------------------------------------    -------------------

                         (clock clk_out1_CNC_Top_clk_wiz_0 rise edge)
                                                      0.000     0.000 r  
    C17                                               0.000     0.000 r  sys_clock (IN)
                         net (fo=0)                   0.000     0.000    CNC_Top_i/clk_wiz/inst/clk_in1
    C17                  IBUF (Prop_ibuf_I_O)         0.385     0.385 r  CNC_Top_i/clk_wiz/inst/clkin1_ibufg/O
                         net (fo=1, routed)           0.480     0.865    CNC_Top_i/clk_wiz/inst/clk_in1_CNC_Top_clk_wiz_0
    MMCME2_ADV_X1Y2      MMCME2_ADV (Prop_mmcme2_adv_CLKIN1_CLKOUT0)
                                                     -3.407    -2.542 r  CNC_Top_i/clk_wiz/inst/mmcm_adv_inst/CLKOUT0
                         net (fo=1, routed)           0.752    -1.790    CNC_Top_i/clk_wiz/inst/clk_out1_CNC_Top_clk_wiz_0
    BUFGCTRL_X0Y16       BUFG (Prop_bufg_I_O)         0.029    -1.761 r  CNC_Top_i/clk_wiz/inst/clkout1_buf/O
                         net (fo=439, routed)         0.879    -0.882    CNC_Top_i/XYZ_Axis_Coordinator_0/inst/clk
    SLICE_X98Y37         FDSE                                         r  CNC_Top_i/XYZ_Axis_Coordinator_0/inst/result_ready_reg/C

Slack:                    inf
  Source:                 right
                            (input port)
  Destination:            CNC_Top_i/XYZ_Axis_Coordinator_0/inst/val_reg[56]/R
                            (rising edge-triggered cell FDRE clocked by clk_out1_CNC_Top_clk_wiz_0  {rise@0.000ns fall@5.000ns period=10.000ns})
  Path Group:             (none)
  Path Type:              Hold (Min at Fast Process Corner)
  Data Path Delay:        1.420ns  (logic 0.227ns (16.017%)  route 1.193ns (83.983%))
  Logic Levels:           1  (IBUF=1)
  Clock Path Skew:        -0.886ns (DCD - SCD - CPR)
    Destination Clock Delay (DCD):    -0.886ns
    Source Clock Delay      (SCD):    0.000ns
    Clock Pessimism Removal (CPR):    -0.000ns

    Location             Delay type                Incr(ns)  Path(ns)    Netlist Resource(s)
  -------------------------------------------------------------------    -------------------
    R18                                               0.000     0.000 r  right (IN)
                         net (fo=0)                   0.000     0.000    right
    R18                  IBUF (Prop_ibuf_I_O)         0.227     0.227 r  right_IBUF_inst/O
                         net (fo=221, routed)         1.193     1.420    CNC_Top_i/XYZ_Axis_Coordinator_0/inst/rst
    SLICE_X98Y32         FDRE                                         r  CNC_Top_i/XYZ_Axis_Coordinator_0/inst/val_reg[56]/R
  -------------------------------------------------------------------    -------------------

                         (clock clk_out1_CNC_Top_clk_wiz_0 rise edge)
                                                      0.000     0.000 r  
    C17                                               0.000     0.000 r  sys_clock (IN)
                         net (fo=0)                   0.000     0.000    CNC_Top_i/clk_wiz/inst/clk_in1
    C17                  IBUF (Prop_ibuf_I_O)         0.385     0.385 r  CNC_Top_i/clk_wiz/inst/clkin1_ibufg/O
                         net (fo=1, routed)           0.480     0.865    CNC_Top_i/clk_wiz/inst/clk_in1_CNC_Top_clk_wiz_0
    MMCME2_ADV_X1Y2      MMCME2_ADV (Prop_mmcme2_adv_CLKIN1_CLKOUT0)
                                                     -3.407    -2.542 r  CNC_Top_i/clk_wiz/inst/mmcm_adv_inst/CLKOUT0
                         net (fo=1, routed)           0.752    -1.790    CNC_Top_i/clk_wiz/inst/clk_out1_CNC_Top_clk_wiz_0
    BUFGCTRL_X0Y16       BUFG (Prop_bufg_I_O)         0.029    -1.761 r  CNC_Top_i/clk_wiz/inst/clkout1_buf/O
                         net (fo=439, routed)         0.875    -0.886    CNC_Top_i/XYZ_Axis_Coordinator_0/inst/clk
    SLICE_X98Y32         FDRE                                         r  CNC_Top_i/XYZ_Axis_Coordinator_0/inst/val_reg[56]/C

Slack:                    inf
  Source:                 right
                            (input port)
  Destination:            CNC_Top_i/XYZ_Axis_Coordinator_0/inst/val_reg[57]/R
                            (rising edge-triggered cell FDRE clocked by clk_out1_CNC_Top_clk_wiz_0  {rise@0.000ns fall@5.000ns period=10.000ns})
  Path Group:             (none)
  Path Type:              Hold (Min at Fast Process Corner)
  Data Path Delay:        1.420ns  (logic 0.227ns (16.017%)  route 1.193ns (83.983%))
  Logic Levels:           1  (IBUF=1)
  Clock Path Skew:        -0.886ns (DCD - SCD - CPR)
    Destination Clock Delay (DCD):    -0.886ns
    Source Clock Delay      (SCD):    0.000ns
    Clock Pessimism Removal (CPR):    -0.000ns

    Location             Delay type                Incr(ns)  Path(ns)    Netlist Resource(s)
  -------------------------------------------------------------------    -------------------
    R18                                               0.000     0.000 r  right (IN)
                         net (fo=0)                   0.000     0.000    right
    R18                  IBUF (Prop_ibuf_I_O)         0.227     0.227 r  right_IBUF_inst/O
                         net (fo=221, routed)         1.193     1.420    CNC_Top_i/XYZ_Axis_Coordinator_0/inst/rst
    SLICE_X98Y32         FDRE                                         r  CNC_Top_i/XYZ_Axis_Coordinator_0/inst/val_reg[57]/R
  -------------------------------------------------------------------    -------------------

                         (clock clk_out1_CNC_Top_clk_wiz_0 rise edge)
                                                      0.000     0.000 r  
    C17                                               0.000     0.000 r  sys_clock (IN)
                         net (fo=0)                   0.000     0.000    CNC_Top_i/clk_wiz/inst/clk_in1
    C17                  IBUF (Prop_ibuf_I_O)         0.385     0.385 r  CNC_Top_i/clk_wiz/inst/clkin1_ibufg/O
                         net (fo=1, routed)           0.480     0.865    CNC_Top_i/clk_wiz/inst/clk_in1_CNC_Top_clk_wiz_0
    MMCME2_ADV_X1Y2      MMCME2_ADV (Prop_mmcme2_adv_CLKIN1_CLKOUT0)
                                                     -3.407    -2.542 r  CNC_Top_i/clk_wiz/inst/mmcm_adv_inst/CLKOUT0
                         net (fo=1, routed)           0.752    -1.790    CNC_Top_i/clk_wiz/inst/clk_out1_CNC_Top_clk_wiz_0
    BUFGCTRL_X0Y16       BUFG (Prop_bufg_I_O)         0.029    -1.761 r  CNC_Top_i/clk_wiz/inst/clkout1_buf/O
                         net (fo=439, routed)         0.875    -0.886    CNC_Top_i/XYZ_Axis_Coordinator_0/inst/clk
    SLICE_X98Y32         FDRE                                         r  CNC_Top_i/XYZ_Axis_Coordinator_0/inst/val_reg[57]/C





