Copyright 1986-2022 Xilinx, Inc. All Rights Reserved. Copyright 2022-2024 Advanced Micro Devices, Inc. All Rights Reserved.
-----------------------------------------------------------------------------------------------------------------------------------------------------------------------------------
| Tool Version : Vivado v.2024.2 (win64) Build 5239630 Fri Nov 08 22:35:27 MST 2024
| Date         : Wed Mar 18 16:11:33 2026
| Host         : OBSIDIAN running 64-bit major release  (build 9200)
| Command      : report_methodology -file CNC_Top_wrapper_methodology_drc_routed.rpt -pb CNC_Top_wrapper_methodology_drc_routed.pb -rpx CNC_Top_wrapper_methodology_drc_routed.rpx
| Design       : CNC_Top_wrapper
| Device       : xc7z020clg484-1
| Speed File   : -1
| Design State : Fully Routed
-----------------------------------------------------------------------------------------------------------------------------------------------------------------------------------

Report Methodology

Table of Contents
-----------------
1. REPORT SUMMARY
2. REPORT DETAILS

1. REPORT SUMMARY
-----------------
            Netlist: netlist
          Floorplan: design_1
      Design limits: <entire design considered>
             Max checks: <unlimited>
             Checks found: 622
+-----------+------------------+------------------------------------------------+--------+
| Rule      | Severity         | Description                                    | Checks |
+-----------+------------------+------------------------------------------------+--------+
| TIMING-6  | Critical Warning | No common primary clock between related clocks | 1      |
| TIMING-7  | Critical Warning | No common node between related clocks          | 1      |
| LUTAR-1   | Warning          | LUT drives async reset alert                   | 4      |
| TIMING-16 | Warning          | Large setup violation                          | 592    |
| TIMING-18 | Warning          | Missing input or output delay                  | 24     |
+-----------+------------------+------------------------------------------------+--------+

2. REPORT DETAILS
-----------------
TIMING-6#1 Critical Warning
No common primary clock between related clocks  
The clocks clk_fpga_0 and clk_out1_CNC_Top_clk_wiz_0 are related (timed together) but they have no common primary clock. The design could fail in hardware. To find a timing path between these clocks, run the following command: report_timing -from [get_clocks clk_fpga_0] -to [get_clocks clk_out1_CNC_Top_clk_wiz_0]
Related violations: <none>

TIMING-7#1 Critical Warning
No common node between related clocks  
The clocks clk_fpga_0 and clk_out1_CNC_Top_clk_wiz_0 are related (timed together) but they have no common node. The design could fail in hardware. To find a timing path between these clocks, run the following command: report_timing -from [get_clocks clk_fpga_0] -to [get_clocks clk_out1_CNC_Top_clk_wiz_0]
Related violations: <none>

LUTAR-1#1 Warning
LUT drives async reset alert  
LUT cell dbg_hub/inst/BSCANID.u_xsdbm_id/CORE_XSDB.UUT_MASTER/U_ICON_INTERFACE/U_CMD6_RD/U_RD_FIFO/SUBCORE_FIFO.xsdbm_v3_0_3_rdfifo_inst/inst_fifo_gen/gconvfifo.rf/grf.rf/rstblk/ngwrdrst.grst.g7serrst.gwrrd_rst_sync_stage[2].rrst_inst/ngwrdrst.grst.g7serrst.rd_rst_reg[2]_i_1, with 2 or more inputs, drives asynchronous preset/clear pin(s) dbg_hub/inst/BSCANID.u_xsdbm_id/CORE_XSDB.UUT_MASTER/U_ICON_INTERFACE/U_CMD6_RD/U_RD_FIFO/SUBCORE_FIFO.xsdbm_v3_0_3_rdfifo_inst/inst_fifo_gen/gconvfifo.rf/grf.rf/rstblk/ngwrdrst.grst.g7serrst.rd_rst_reg_reg[0]/PRE,
dbg_hub/inst/BSCANID.u_xsdbm_id/CORE_XSDB.UUT_MASTER/U_ICON_INTERFACE/U_CMD6_RD/U_RD_FIFO/SUBCORE_FIFO.xsdbm_v3_0_3_rdfifo_inst/inst_fifo_gen/gconvfifo.rf/grf.rf/rstblk/ngwrdrst.grst.g7serrst.rd_rst_reg_reg[1]/PRE
dbg_hub/inst/BSCANID.u_xsdbm_id/CORE_XSDB.UUT_MASTER/U_ICON_INTERFACE/U_CMD6_RD/U_RD_FIFO/SUBCORE_FIFO.xsdbm_v3_0_3_rdfifo_inst/inst_fifo_gen/gconvfifo.rf/grf.rf/rstblk/ngwrdrst.grst.g7serrst.rd_rst_reg_reg[2]/PRE. The LUT may glitch and trigger an unexpected reset, even if it is a properly timed path.
Related violations: <none>

LUTAR-1#2 Warning
LUT drives async reset alert  
LUT cell dbg_hub/inst/BSCANID.u_xsdbm_id/CORE_XSDB.UUT_MASTER/U_ICON_INTERFACE/U_CMD6_RD/U_RD_FIFO/SUBCORE_FIFO.xsdbm_v3_0_3_rdfifo_inst/inst_fifo_gen/gconvfifo.rf/grf.rf/rstblk/ngwrdrst.grst.g7serrst.gwrrd_rst_sync_stage[2].wrst_inst/ngwrdrst.grst.g7serrst.wr_rst_reg[2]_i_1, with 2 or more inputs, drives asynchronous preset/clear pin(s) dbg_hub/inst/BSCANID.u_xsdbm_id/CORE_XSDB.UUT_MASTER/U_ICON_INTERFACE/U_CMD6_RD/U_RD_FIFO/SUBCORE_FIFO.xsdbm_v3_0_3_rdfifo_inst/inst_fifo_gen/gconvfifo.rf/grf.rf/rstblk/ngwrdrst.grst.g7serrst.wr_rst_reg_reg[0]/PRE,
dbg_hub/inst/BSCANID.u_xsdbm_id/CORE_XSDB.UUT_MASTER/U_ICON_INTERFACE/U_CMD6_RD/U_RD_FIFO/SUBCORE_FIFO.xsdbm_v3_0_3_rdfifo_inst/inst_fifo_gen/gconvfifo.rf/grf.rf/rstblk/ngwrdrst.grst.g7serrst.wr_rst_reg_reg[1]/PRE
dbg_hub/inst/BSCANID.u_xsdbm_id/CORE_XSDB.UUT_MASTER/U_ICON_INTERFACE/U_CMD6_RD/U_RD_FIFO/SUBCORE_FIFO.xsdbm_v3_0_3_rdfifo_inst/inst_fifo_gen/gconvfifo.rf/grf.rf/rstblk/ngwrdrst.grst.g7serrst.wr_rst_reg_reg[2]/PRE. The LUT may glitch and trigger an unexpected reset, even if it is a properly timed path.
Related violations: <none>

LUTAR-1#3 Warning
LUT drives async reset alert  
LUT cell dbg_hub/inst/BSCANID.u_xsdbm_id/CORE_XSDB.UUT_MASTER/U_ICON_INTERFACE/U_CMD6_WR/U_WR_FIFO/SUBCORE_FIFO.xsdbm_v3_0_3_wrfifo_inst/inst_fifo_gen/gconvfifo.rf/grf.rf/rstblk/ngwrdrst.grst.g7serrst.gwrrd_rst_sync_stage[2].rrst_inst/ngwrdrst.grst.g7serrst.rd_rst_reg[2]_i_1, with 2 or more inputs, drives asynchronous preset/clear pin(s) dbg_hub/inst/BSCANID.u_xsdbm_id/CORE_XSDB.UUT_MASTER/U_ICON_INTERFACE/U_CMD6_WR/U_WR_FIFO/SUBCORE_FIFO.xsdbm_v3_0_3_wrfifo_inst/inst_fifo_gen/gconvfifo.rf/grf.rf/rstblk/ngwrdrst.grst.g7serrst.rd_rst_reg_reg[0]/PRE,
dbg_hub/inst/BSCANID.u_xsdbm_id/CORE_XSDB.UUT_MASTER/U_ICON_INTERFACE/U_CMD6_WR/U_WR_FIFO/SUBCORE_FIFO.xsdbm_v3_0_3_wrfifo_inst/inst_fifo_gen/gconvfifo.rf/grf.rf/rstblk/ngwrdrst.grst.g7serrst.rd_rst_reg_reg[1]/PRE
dbg_hub/inst/BSCANID.u_xsdbm_id/CORE_XSDB.UUT_MASTER/U_ICON_INTERFACE/U_CMD6_WR/U_WR_FIFO/SUBCORE_FIFO.xsdbm_v3_0_3_wrfifo_inst/inst_fifo_gen/gconvfifo.rf/grf.rf/rstblk/ngwrdrst.grst.g7serrst.rd_rst_reg_reg[2]/PRE. The LUT may glitch and trigger an unexpected reset, even if it is a properly timed path.
Related violations: <none>

LUTAR-1#4 Warning
LUT drives async reset alert  
LUT cell dbg_hub/inst/BSCANID.u_xsdbm_id/CORE_XSDB.UUT_MASTER/U_ICON_INTERFACE/U_CMD6_WR/U_WR_FIFO/SUBCORE_FIFO.xsdbm_v3_0_3_wrfifo_inst/inst_fifo_gen/gconvfifo.rf/grf.rf/rstblk/ngwrdrst.grst.g7serrst.gwrrd_rst_sync_stage[2].wrst_inst/ngwrdrst.grst.g7serrst.wr_rst_reg[2]_i_1, with 2 or more inputs, drives asynchronous preset/clear pin(s) dbg_hub/inst/BSCANID.u_xsdbm_id/CORE_XSDB.UUT_MASTER/U_ICON_INTERFACE/U_CMD6_WR/U_WR_FIFO/SUBCORE_FIFO.xsdbm_v3_0_3_wrfifo_inst/inst_fifo_gen/gconvfifo.rf/grf.rf/rstblk/ngwrdrst.grst.g7serrst.wr_rst_reg_reg[0]/PRE,
dbg_hub/inst/BSCANID.u_xsdbm_id/CORE_XSDB.UUT_MASTER/U_ICON_INTERFACE/U_CMD6_WR/U_WR_FIFO/SUBCORE_FIFO.xsdbm_v3_0_3_wrfifo_inst/inst_fifo_gen/gconvfifo.rf/grf.rf/rstblk/ngwrdrst.grst.g7serrst.wr_rst_reg_reg[1]/PRE
dbg_hub/inst/BSCANID.u_xsdbm_id/CORE_XSDB.UUT_MASTER/U_ICON_INTERFACE/U_CMD6_WR/U_WR_FIFO/SUBCORE_FIFO.xsdbm_v3_0_3_wrfifo_inst/inst_fifo_gen/gconvfifo.rf/grf.rf/rstblk/ngwrdrst.grst.g7serrst.wr_rst_reg_reg[2]/PRE. The LUT may glitch and trigger an unexpected reset, even if it is a properly timed path.
Related violations: <none>

TIMING-16#1 Warning
Large setup violation  
There is a large setup violation of -1.001 ns between CNC_Top_i/XYZ_Axis_Coordinator/inst/res_reg[1]/C (clocked by clk_out1_CNC_Top_clk_wiz_0) and CNC_Top_i/XYZ_Axis_Coordinator/inst/res_reg[5]/D (clocked by clk_out1_CNC_Top_clk_wiz_0). Large setup violations at the end of those stages might be difficult to fix during the post-placement implementation flow and could be the result of non-optimal XDC constraints or non-optimal design architecture
Related violations: <none>

TIMING-16#2 Warning
Large setup violation  
There is a large setup violation of -1.005 ns between CNC_Top_i/XYZ_Axis_Coordinator/inst/res_reg[1]/C (clocked by clk_out1_CNC_Top_clk_wiz_0) and CNC_Top_i/XYZ_Axis_Coordinator/inst/res_reg[8]/D (clocked by clk_out1_CNC_Top_clk_wiz_0). Large setup violations at the end of those stages might be difficult to fix during the post-placement implementation flow and could be the result of non-optimal XDC constraints or non-optimal design architecture
Related violations: <none>

TIMING-16#3 Warning
Large setup violation  
There is a large setup violation of -1.019 ns between CNC_Top_i/XYZ_Axis_Coordinator/inst/target_pos_x_reg[0]/C (clocked by clk_out1_CNC_Top_clk_wiz_0) and CNC_Top_i/XYZ_Axis_Coordinator/inst/cycles_per_step_x_reg[34]/CE (clocked by clk_out1_CNC_Top_clk_wiz_0). Large setup violations at the end of those stages might be difficult to fix during the post-placement implementation flow and could be the result of non-optimal XDC constraints or non-optimal design architecture
Related violations: <none>

TIMING-16#4 Warning
Large setup violation  
There is a large setup violation of -1.019 ns between CNC_Top_i/XYZ_Axis_Coordinator/inst/target_pos_x_reg[0]/C (clocked by clk_out1_CNC_Top_clk_wiz_0) and CNC_Top_i/XYZ_Axis_Coordinator/inst/cycles_per_step_x_reg[42]/CE (clocked by clk_out1_CNC_Top_clk_wiz_0). Large setup violations at the end of those stages might be difficult to fix during the post-placement implementation flow and could be the result of non-optimal XDC constraints or non-optimal design architecture
Related violations: <none>

TIMING-16#5 Warning
Large setup violation  
There is a large setup violation of -1.019 ns between CNC_Top_i/XYZ_Axis_Coordinator/inst/target_pos_x_reg[0]/C (clocked by clk_out1_CNC_Top_clk_wiz_0) and CNC_Top_i/XYZ_Axis_Coordinator/inst/cycles_per_step_x_reg[43]/CE (clocked by clk_out1_CNC_Top_clk_wiz_0). Large setup violations at the end of those stages might be difficult to fix during the post-placement implementation flow and could be the result of non-optimal XDC constraints or non-optimal design architecture
Related violations: <none>

TIMING-16#6 Warning
Large setup violation  
There is a large setup violation of -1.019 ns between CNC_Top_i/XYZ_Axis_Coordinator/inst/target_pos_x_reg[0]/C (clocked by clk_out1_CNC_Top_clk_wiz_0) and CNC_Top_i/XYZ_Axis_Coordinator/inst/cycles_per_step_x_reg[46]/CE (clocked by clk_out1_CNC_Top_clk_wiz_0). Large setup violations at the end of those stages might be difficult to fix during the post-placement implementation flow and could be the result of non-optimal XDC constraints or non-optimal design architecture
Related violations: <none>

TIMING-16#7 Warning
Large setup violation  
There is a large setup violation of -1.020 ns between CNC_Top_i/ACK_GPIO/U0/gpio_core_1/Not_Dual.gpio_Data_Out_reg[1]/C (clocked by clk_fpga_0) and CNC_Top_i/GCODE_Parser/inst/y_reg[0]/CE (clocked by clk_out1_CNC_Top_clk_wiz_0). Large setup violations at the end of those stages might be difficult to fix during the post-placement implementation flow and could be the result of non-optimal XDC constraints or non-optimal design architecture
Related violations: <none>

TIMING-16#8 Warning
Large setup violation  
There is a large setup violation of -1.020 ns between CNC_Top_i/ACK_GPIO/U0/gpio_core_1/Not_Dual.gpio_Data_Out_reg[1]/C (clocked by clk_fpga_0) and CNC_Top_i/GCODE_Parser/inst/y_reg[12]/CE (clocked by clk_out1_CNC_Top_clk_wiz_0). Large setup violations at the end of those stages might be difficult to fix during the post-placement implementation flow and could be the result of non-optimal XDC constraints or non-optimal design architecture
Related violations: <none>

TIMING-16#9 Warning
Large setup violation  
There is a large setup violation of -1.020 ns between CNC_Top_i/ACK_GPIO/U0/gpio_core_1/Not_Dual.gpio_Data_Out_reg[1]/C (clocked by clk_fpga_0) and CNC_Top_i/GCODE_Parser/inst/y_reg[1]/CE (clocked by clk_out1_CNC_Top_clk_wiz_0). Large setup violations at the end of those stages might be difficult to fix during the post-placement implementation flow and could be the result of non-optimal XDC constraints or non-optimal design architecture
Related violations: <none>

TIMING-16#10 Warning
Large setup violation  
There is a large setup violation of -1.020 ns between CNC_Top_i/ACK_GPIO/U0/gpio_core_1/Not_Dual.gpio_Data_Out_reg[1]/C (clocked by clk_fpga_0) and CNC_Top_i/GCODE_Parser/inst/y_reg[2]/CE (clocked by clk_out1_CNC_Top_clk_wiz_0). Large setup violations at the end of those stages might be difficult to fix during the post-placement implementation flow and could be the result of non-optimal XDC constraints or non-optimal design architecture
Related violations: <none>

TIMING-16#11 Warning
Large setup violation  
There is a large setup violation of -1.021 ns between CNC_Top_i/XYZ_Axis_Coordinator/inst/res_reg[1]/C (clocked by clk_out1_CNC_Top_clk_wiz_0) and CNC_Top_i/XYZ_Axis_Coordinator/inst/res_reg[10]/D (clocked by clk_out1_CNC_Top_clk_wiz_0). Large setup violations at the end of those stages might be difficult to fix during the post-placement implementation flow and could be the result of non-optimal XDC constraints or non-optimal design architecture
Related violations: <none>

TIMING-16#12 Warning
Large setup violation  
There is a large setup violation of -1.024 ns between CNC_Top_i/axi_smc/inst/switchboards/i_nodes/i_r_node/inst/inst_mi_handler/gen_normal_area.gen_fi_regulator.inst_fi_regulator/allow_transfer_r_reg/C (clocked by clk_fpga_0) and CNC_Top_i/axi_smc/inst/switchboards/i_nodes/i_r_node/inst/inst_mi_handler/gen_normal_area.inst_fifo_node_payld/gen_reg_fifo.inst_reg_fifo/gen_single_rank.data_reg[43]/D (clocked by clk_fpga_0). Large setup violations at the end of those stages might be difficult to fix during the post-placement implementation flow and could be the result of non-optimal XDC constraints or non-optimal design architecture
Related violations: <none>

TIMING-16#13 Warning
Large setup violation  
There is a large setup violation of -1.064 ns between CNC_Top_i/XYZ_Axis_Coordinator/inst/state_reg[0]/C (clocked by clk_out1_CNC_Top_clk_wiz_0) and CNC_Top_i/XYZ_Axis_Coordinator/inst/cycles_per_step_x_reg[35]/R (clocked by clk_out1_CNC_Top_clk_wiz_0). Large setup violations at the end of those stages might be difficult to fix during the post-placement implementation flow and could be the result of non-optimal XDC constraints or non-optimal design architecture
Related violations: <none>

TIMING-16#14 Warning
Large setup violation  
There is a large setup violation of -1.064 ns between CNC_Top_i/XYZ_Axis_Coordinator/inst/state_reg[0]/C (clocked by clk_out1_CNC_Top_clk_wiz_0) and CNC_Top_i/XYZ_Axis_Coordinator/inst/cycles_per_step_x_reg[36]/R (clocked by clk_out1_CNC_Top_clk_wiz_0). Large setup violations at the end of those stages might be difficult to fix during the post-placement implementation flow and could be the result of non-optimal XDC constraints or non-optimal design architecture
Related violations: <none>

TIMING-16#15 Warning
Large setup violation  
There is a large setup violation of -1.064 ns between CNC_Top_i/XYZ_Axis_Coordinator/inst/state_reg[0]/C (clocked by clk_out1_CNC_Top_clk_wiz_0) and CNC_Top_i/XYZ_Axis_Coordinator/inst/cycles_per_step_x_reg[40]/R (clocked by clk_out1_CNC_Top_clk_wiz_0). Large setup violations at the end of those stages might be difficult to fix during the post-placement implementation flow and could be the result of non-optimal XDC constraints or non-optimal design architecture
Related violations: <none>

TIMING-16#16 Warning
Large setup violation  
There is a large setup violation of -1.095 ns between CNC_Top_i/XYZ_Axis_Coordinator/inst/res_reg[1]/C (clocked by clk_out1_CNC_Top_clk_wiz_0) and CNC_Top_i/XYZ_Axis_Coordinator/inst/res_reg[11]/D (clocked by clk_out1_CNC_Top_clk_wiz_0). Large setup violations at the end of those stages might be difficult to fix during the post-placement implementation flow and could be the result of non-optimal XDC constraints or non-optimal design architecture
Related violations: <none>

TIMING-16#17 Warning
Large setup violation  
There is a large setup violation of -1.115 ns between CNC_Top_i/XYZ_Axis_Coordinator/inst/res_reg[1]/C (clocked by clk_out1_CNC_Top_clk_wiz_0) and CNC_Top_i/XYZ_Axis_Coordinator/inst/val_reg[44]/CE (clocked by clk_out1_CNC_Top_clk_wiz_0). Large setup violations at the end of those stages might be difficult to fix during the post-placement implementation flow and could be the result of non-optimal XDC constraints or non-optimal design architecture
Related violations: <none>

TIMING-16#18 Warning
Large setup violation  
There is a large setup violation of -1.115 ns between CNC_Top_i/XYZ_Axis_Coordinator/inst/res_reg[1]/C (clocked by clk_out1_CNC_Top_clk_wiz_0) and CNC_Top_i/XYZ_Axis_Coordinator/inst/val_reg[45]/CE (clocked by clk_out1_CNC_Top_clk_wiz_0). Large setup violations at the end of those stages might be difficult to fix during the post-placement implementation flow and could be the result of non-optimal XDC constraints or non-optimal design architecture
Related violations: <none>

TIMING-16#19 Warning
Large setup violation  
There is a large setup violation of -1.115 ns between CNC_Top_i/XYZ_Axis_Coordinator/inst/res_reg[1]/C (clocked by clk_out1_CNC_Top_clk_wiz_0) and CNC_Top_i/XYZ_Axis_Coordinator/inst/val_reg[46]/CE (clocked by clk_out1_CNC_Top_clk_wiz_0). Large setup violations at the end of those stages might be difficult to fix during the post-placement implementation flow and could be the result of non-optimal XDC constraints or non-optimal design architecture
Related violations: <none>

TIMING-16#20 Warning
Large setup violation  
There is a large setup violation of -1.115 ns between CNC_Top_i/XYZ_Axis_Coordinator/inst/res_reg[1]/C (clocked by clk_out1_CNC_Top_clk_wiz_0) and CNC_Top_i/XYZ_Axis_Coordinator/inst/val_reg[47]/CE (clocked by clk_out1_CNC_Top_clk_wiz_0). Large setup violations at the end of those stages might be difficult to fix during the post-placement implementation flow and could be the result of non-optimal XDC constraints or non-optimal design architecture
Related violations: <none>

TIMING-16#21 Warning
Large setup violation  
There is a large setup violation of -1.116 ns between CNC_Top_i/XYZ_Axis_Coordinator/inst/res_reg[1]/C (clocked by clk_out1_CNC_Top_clk_wiz_0) and CNC_Top_i/XYZ_Axis_Coordinator/inst/res_reg[9]/D (clocked by clk_out1_CNC_Top_clk_wiz_0). Large setup violations at the end of those stages might be difficult to fix during the post-placement implementation flow and could be the result of non-optimal XDC constraints or non-optimal design architecture
Related violations: <none>

TIMING-16#22 Warning
Large setup violation  
There is a large setup violation of -1.119 ns between CNC_Top_i/XYZ_Axis_Coordinator/inst/res_reg[1]/C (clocked by clk_out1_CNC_Top_clk_wiz_0) and CNC_Top_i/XYZ_Axis_Coordinator/inst/res_reg[12]/D (clocked by clk_out1_CNC_Top_clk_wiz_0). Large setup violations at the end of those stages might be difficult to fix during the post-placement implementation flow and could be the result of non-optimal XDC constraints or non-optimal design architecture
Related violations: <none>

TIMING-16#23 Warning
Large setup violation  
There is a large setup violation of -1.126 ns between CNC_Top_i/XYZ_Axis_Coordinator/inst/target_pos_x_reg[0]/C (clocked by clk_out1_CNC_Top_clk_wiz_0) and CNC_Top_i/XYZ_Axis_Coordinator/inst/cycles_per_step_x_reg[18]/CE (clocked by clk_out1_CNC_Top_clk_wiz_0). Large setup violations at the end of those stages might be difficult to fix during the post-placement implementation flow and could be the result of non-optimal XDC constraints or non-optimal design architecture
Related violations: <none>

TIMING-16#24 Warning
Large setup violation  
There is a large setup violation of -1.135 ns between CNC_Top_i/XYZ_Axis_Coordinator/inst/res_reg[1]/C (clocked by clk_out1_CNC_Top_clk_wiz_0) and CNC_Top_i/XYZ_Axis_Coordinator/inst/res_reg[14]/D (clocked by clk_out1_CNC_Top_clk_wiz_0). Large setup violations at the end of those stages might be difficult to fix during the post-placement implementation flow and could be the result of non-optimal XDC constraints or non-optimal design architecture
Related violations: <none>

TIMING-16#25 Warning
Large setup violation  
There is a large setup violation of -1.176 ns between CNC_Top_i/XYZ_Axis_Coordinator/inst/state_reg[0]/C (clocked by clk_out1_CNC_Top_clk_wiz_0) and CNC_Top_i/XYZ_Axis_Coordinator/inst/cycles_per_step_x_reg[11]/R (clocked by clk_out1_CNC_Top_clk_wiz_0). Large setup violations at the end of those stages might be difficult to fix during the post-placement implementation flow and could be the result of non-optimal XDC constraints or non-optimal design architecture
Related violations: <none>

TIMING-16#26 Warning
Large setup violation  
There is a large setup violation of -1.176 ns between CNC_Top_i/XYZ_Axis_Coordinator/inst/state_reg[0]/C (clocked by clk_out1_CNC_Top_clk_wiz_0) and CNC_Top_i/XYZ_Axis_Coordinator/inst/cycles_per_step_x_reg[17]/R (clocked by clk_out1_CNC_Top_clk_wiz_0). Large setup violations at the end of those stages might be difficult to fix during the post-placement implementation flow and could be the result of non-optimal XDC constraints or non-optimal design architecture
Related violations: <none>

TIMING-16#27 Warning
Large setup violation  
There is a large setup violation of -1.176 ns between CNC_Top_i/XYZ_Axis_Coordinator/inst/state_reg[0]/C (clocked by clk_out1_CNC_Top_clk_wiz_0) and CNC_Top_i/XYZ_Axis_Coordinator/inst/cycles_per_step_x_reg[20]/R (clocked by clk_out1_CNC_Top_clk_wiz_0). Large setup violations at the end of those stages might be difficult to fix during the post-placement implementation flow and could be the result of non-optimal XDC constraints or non-optimal design architecture
Related violations: <none>

TIMING-16#28 Warning
Large setup violation  
There is a large setup violation of -1.176 ns between CNC_Top_i/XYZ_Axis_Coordinator/inst/state_reg[0]/C (clocked by clk_out1_CNC_Top_clk_wiz_0) and CNC_Top_i/XYZ_Axis_Coordinator/inst/cycles_per_step_x_reg[22]/R (clocked by clk_out1_CNC_Top_clk_wiz_0). Large setup violations at the end of those stages might be difficult to fix during the post-placement implementation flow and could be the result of non-optimal XDC constraints or non-optimal design architecture
Related violations: <none>

TIMING-16#29 Warning
Large setup violation  
There is a large setup violation of -1.209 ns between CNC_Top_i/XYZ_Axis_Coordinator/inst/res_reg[1]/C (clocked by clk_out1_CNC_Top_clk_wiz_0) and CNC_Top_i/XYZ_Axis_Coordinator/inst/res_reg[15]/D (clocked by clk_out1_CNC_Top_clk_wiz_0). Large setup violations at the end of those stages might be difficult to fix during the post-placement implementation flow and could be the result of non-optimal XDC constraints or non-optimal design architecture
Related violations: <none>

TIMING-16#30 Warning
Large setup violation  
There is a large setup violation of -1.212 ns between CNC_Top_i/XYZ_Axis_Coordinator/inst/state_reg[0]/C (clocked by clk_out1_CNC_Top_clk_wiz_0) and CNC_Top_i/XYZ_Axis_Coordinator/inst/cycles_per_step_y_reg[43]/R (clocked by clk_out1_CNC_Top_clk_wiz_0). Large setup violations at the end of those stages might be difficult to fix during the post-placement implementation flow and could be the result of non-optimal XDC constraints or non-optimal design architecture
Related violations: <none>

TIMING-16#31 Warning
Large setup violation  
There is a large setup violation of -1.212 ns between CNC_Top_i/XYZ_Axis_Coordinator/inst/state_reg[0]/C (clocked by clk_out1_CNC_Top_clk_wiz_0) and CNC_Top_i/XYZ_Axis_Coordinator/inst/cycles_per_step_y_reg[44]/R (clocked by clk_out1_CNC_Top_clk_wiz_0). Large setup violations at the end of those stages might be difficult to fix during the post-placement implementation flow and could be the result of non-optimal XDC constraints or non-optimal design architecture
Related violations: <none>

TIMING-16#32 Warning
Large setup violation  
There is a large setup violation of -1.230 ns between CNC_Top_i/XYZ_Axis_Coordinator/inst/res_reg[1]/C (clocked by clk_out1_CNC_Top_clk_wiz_0) and CNC_Top_i/XYZ_Axis_Coordinator/inst/res_reg[13]/D (clocked by clk_out1_CNC_Top_clk_wiz_0). Large setup violations at the end of those stages might be difficult to fix during the post-placement implementation flow and could be the result of non-optimal XDC constraints or non-optimal design architecture
Related violations: <none>

TIMING-16#33 Warning
Large setup violation  
There is a large setup violation of -1.234 ns between CNC_Top_i/XYZ_Axis_Coordinator/inst/res_reg[1]/C (clocked by clk_out1_CNC_Top_clk_wiz_0) and CNC_Top_i/XYZ_Axis_Coordinator/inst/res_reg[16]/D (clocked by clk_out1_CNC_Top_clk_wiz_0). Large setup violations at the end of those stages might be difficult to fix during the post-placement implementation flow and could be the result of non-optimal XDC constraints or non-optimal design architecture
Related violations: <none>

TIMING-16#34 Warning
Large setup violation  
There is a large setup violation of -1.243 ns between CNC_Top_i/ACK_GPIO/U0/gpio_core_1/Not_Dual.gpio_Data_Out_reg[1]/C (clocked by clk_fpga_0) and CNC_Top_i/GCODE_Parser/inst/x_reg[27]/CE (clocked by clk_out1_CNC_Top_clk_wiz_0). Large setup violations at the end of those stages might be difficult to fix during the post-placement implementation flow and could be the result of non-optimal XDC constraints or non-optimal design architecture
Related violations: <none>

TIMING-16#35 Warning
Large setup violation  
There is a large setup violation of -1.243 ns between CNC_Top_i/ACK_GPIO/U0/gpio_core_1/Not_Dual.gpio_Data_Out_reg[1]/C (clocked by clk_fpga_0) and CNC_Top_i/GCODE_Parser/inst/x_reg[28]/CE (clocked by clk_out1_CNC_Top_clk_wiz_0). Large setup violations at the end of those stages might be difficult to fix during the post-placement implementation flow and could be the result of non-optimal XDC constraints or non-optimal design architecture
Related violations: <none>

TIMING-16#36 Warning
Large setup violation  
There is a large setup violation of -1.243 ns between CNC_Top_i/ACK_GPIO/U0/gpio_core_1/Not_Dual.gpio_Data_Out_reg[1]/C (clocked by clk_fpga_0) and CNC_Top_i/GCODE_Parser/inst/x_reg[31]/CE (clocked by clk_out1_CNC_Top_clk_wiz_0). Large setup violations at the end of those stages might be difficult to fix during the post-placement implementation flow and could be the result of non-optimal XDC constraints or non-optimal design architecture
Related violations: <none>

TIMING-16#37 Warning
Large setup violation  
There is a large setup violation of -1.250 ns between CNC_Top_i/XYZ_Axis_Coordinator/inst/res_reg[1]/C (clocked by clk_out1_CNC_Top_clk_wiz_0) and CNC_Top_i/XYZ_Axis_Coordinator/inst/res_reg[18]/D (clocked by clk_out1_CNC_Top_clk_wiz_0). Large setup violations at the end of those stages might be difficult to fix during the post-placement implementation flow and could be the result of non-optimal XDC constraints or non-optimal design architecture
Related violations: <none>

TIMING-16#38 Warning
Large setup violation  
There is a large setup violation of -1.264 ns between CNC_Top_i/XYZ_Axis_Coordinator/inst/res_reg[1]/C (clocked by clk_out1_CNC_Top_clk_wiz_0) and CNC_Top_i/XYZ_Axis_Coordinator/inst/val_reg[48]/CE (clocked by clk_out1_CNC_Top_clk_wiz_0). Large setup violations at the end of those stages might be difficult to fix during the post-placement implementation flow and could be the result of non-optimal XDC constraints or non-optimal design architecture
Related violations: <none>

TIMING-16#39 Warning
Large setup violation  
There is a large setup violation of -1.264 ns between CNC_Top_i/XYZ_Axis_Coordinator/inst/res_reg[1]/C (clocked by clk_out1_CNC_Top_clk_wiz_0) and CNC_Top_i/XYZ_Axis_Coordinator/inst/val_reg[49]/CE (clocked by clk_out1_CNC_Top_clk_wiz_0). Large setup violations at the end of those stages might be difficult to fix during the post-placement implementation flow and could be the result of non-optimal XDC constraints or non-optimal design architecture
Related violations: <none>

TIMING-16#40 Warning
Large setup violation  
There is a large setup violation of -1.264 ns between CNC_Top_i/XYZ_Axis_Coordinator/inst/res_reg[1]/C (clocked by clk_out1_CNC_Top_clk_wiz_0) and CNC_Top_i/XYZ_Axis_Coordinator/inst/val_reg[50]/CE (clocked by clk_out1_CNC_Top_clk_wiz_0). Large setup violations at the end of those stages might be difficult to fix during the post-placement implementation flow and could be the result of non-optimal XDC constraints or non-optimal design architecture
Related violations: <none>

TIMING-16#41 Warning
Large setup violation  
There is a large setup violation of -1.264 ns between CNC_Top_i/XYZ_Axis_Coordinator/inst/res_reg[1]/C (clocked by clk_out1_CNC_Top_clk_wiz_0) and CNC_Top_i/XYZ_Axis_Coordinator/inst/val_reg[51]/CE (clocked by clk_out1_CNC_Top_clk_wiz_0). Large setup violations at the end of those stages might be difficult to fix during the post-placement implementation flow and could be the result of non-optimal XDC constraints or non-optimal design architecture
Related violations: <none>

TIMING-16#42 Warning
Large setup violation  
There is a large setup violation of -1.271 ns between CNC_Top_i/XYZ_Axis_Coordinator/inst/state_reg[0]/C (clocked by clk_out1_CNC_Top_clk_wiz_0) and CNC_Top_i/XYZ_Axis_Coordinator/inst/cycles_per_step_x_reg[15]/R (clocked by clk_out1_CNC_Top_clk_wiz_0). Large setup violations at the end of those stages might be difficult to fix during the post-placement implementation flow and could be the result of non-optimal XDC constraints or non-optimal design architecture
Related violations: <none>

TIMING-16#43 Warning
Large setup violation  
There is a large setup violation of -1.271 ns between CNC_Top_i/XYZ_Axis_Coordinator/inst/state_reg[0]/C (clocked by clk_out1_CNC_Top_clk_wiz_0) and CNC_Top_i/XYZ_Axis_Coordinator/inst/cycles_per_step_x_reg[16]/R (clocked by clk_out1_CNC_Top_clk_wiz_0). Large setup violations at the end of those stages might be difficult to fix during the post-placement implementation flow and could be the result of non-optimal XDC constraints or non-optimal design architecture
Related violations: <none>

TIMING-16#44 Warning
Large setup violation  
There is a large setup violation of -1.271 ns between CNC_Top_i/XYZ_Axis_Coordinator/inst/state_reg[0]/C (clocked by clk_out1_CNC_Top_clk_wiz_0) and CNC_Top_i/XYZ_Axis_Coordinator/inst/cycles_per_step_x_reg[5]/R (clocked by clk_out1_CNC_Top_clk_wiz_0). Large setup violations at the end of those stages might be difficult to fix during the post-placement implementation flow and could be the result of non-optimal XDC constraints or non-optimal design architecture
Related violations: <none>

TIMING-16#45 Warning
Large setup violation  
There is a large setup violation of -1.271 ns between CNC_Top_i/XYZ_Axis_Coordinator/inst/state_reg[0]/C (clocked by clk_out1_CNC_Top_clk_wiz_0) and CNC_Top_i/XYZ_Axis_Coordinator/inst/cycles_per_step_x_reg[9]/R (clocked by clk_out1_CNC_Top_clk_wiz_0). Large setup violations at the end of those stages might be difficult to fix during the post-placement implementation flow and could be the result of non-optimal XDC constraints or non-optimal design architecture
Related violations: <none>

TIMING-16#46 Warning
Large setup violation  
There is a large setup violation of -1.292 ns between CNC_Top_i/axi_smc/inst/switchboards/i_nodes/i_r_node/inst/inst_mi_handler/gen_normal_area.gen_fi_regulator.inst_fi_regulator/allow_transfer_r_reg/C (clocked by clk_fpga_0) and CNC_Top_i/axi_smc/inst/switchboards/i_nodes/i_r_node/inst/inst_mi_handler/gen_normal_area.inst_fifo_node_payld/gen_reg_fifo.inst_reg_fifo/gen_single_rank.data_reg[40]/D (clocked by clk_fpga_0). Large setup violations at the end of those stages might be difficult to fix during the post-placement implementation flow and could be the result of non-optimal XDC constraints or non-optimal design architecture
Related violations: <none>

TIMING-16#47 Warning
Large setup violation  
There is a large setup violation of -1.293 ns between CNC_Top_i/XYZ_Axis_Coordinator/inst/state_reg[0]/C (clocked by clk_out1_CNC_Top_clk_wiz_0) and CNC_Top_i/XYZ_Axis_Coordinator/inst/cycles_per_step_x_reg[0]/R (clocked by clk_out1_CNC_Top_clk_wiz_0). Large setup violations at the end of those stages might be difficult to fix during the post-placement implementation flow and could be the result of non-optimal XDC constraints or non-optimal design architecture
Related violations: <none>

TIMING-16#48 Warning
Large setup violation  
There is a large setup violation of -1.293 ns between CNC_Top_i/XYZ_Axis_Coordinator/inst/state_reg[0]/C (clocked by clk_out1_CNC_Top_clk_wiz_0) and CNC_Top_i/XYZ_Axis_Coordinator/inst/cycles_per_step_x_reg[21]/R (clocked by clk_out1_CNC_Top_clk_wiz_0). Large setup violations at the end of those stages might be difficult to fix during the post-placement implementation flow and could be the result of non-optimal XDC constraints or non-optimal design architecture
Related violations: <none>

TIMING-16#49 Warning
Large setup violation  
There is a large setup violation of -1.293 ns between CNC_Top_i/XYZ_Axis_Coordinator/inst/state_reg[0]/C (clocked by clk_out1_CNC_Top_clk_wiz_0) and CNC_Top_i/XYZ_Axis_Coordinator/inst/cycles_per_step_x_reg[24]/R (clocked by clk_out1_CNC_Top_clk_wiz_0). Large setup violations at the end of those stages might be difficult to fix during the post-placement implementation flow and could be the result of non-optimal XDC constraints or non-optimal design architecture
Related violations: <none>

TIMING-16#50 Warning
Large setup violation  
There is a large setup violation of -1.293 ns between CNC_Top_i/XYZ_Axis_Coordinator/inst/state_reg[0]/C (clocked by clk_out1_CNC_Top_clk_wiz_0) and CNC_Top_i/XYZ_Axis_Coordinator/inst/cycles_per_step_x_reg[2]/R (clocked by clk_out1_CNC_Top_clk_wiz_0). Large setup violations at the end of those stages might be difficult to fix during the post-placement implementation flow and could be the result of non-optimal XDC constraints or non-optimal design architecture
Related violations: <none>

TIMING-16#51 Warning
Large setup violation  
There is a large setup violation of -1.324 ns between CNC_Top_i/XYZ_Axis_Coordinator/inst/res_reg[1]/C (clocked by clk_out1_CNC_Top_clk_wiz_0) and CNC_Top_i/XYZ_Axis_Coordinator/inst/res_reg[19]/D (clocked by clk_out1_CNC_Top_clk_wiz_0). Large setup violations at the end of those stages might be difficult to fix during the post-placement implementation flow and could be the result of non-optimal XDC constraints or non-optimal design architecture
Related violations: <none>

TIMING-16#52 Warning
Large setup violation  
There is a large setup violation of -1.343 ns between CNC_Top_i/ACK_GPIO/U0/gpio_core_1/Not_Dual.gpio_Data_Out_reg[1]/C (clocked by clk_fpga_0) and CNC_Top_i/GCODE_Parser/inst/x_reg[0]/CE (clocked by clk_out1_CNC_Top_clk_wiz_0). Large setup violations at the end of those stages might be difficult to fix during the post-placement implementation flow and could be the result of non-optimal XDC constraints or non-optimal design architecture
Related violations: <none>

TIMING-16#53 Warning
Large setup violation  
There is a large setup violation of -1.343 ns between CNC_Top_i/ACK_GPIO/U0/gpio_core_1/Not_Dual.gpio_Data_Out_reg[1]/C (clocked by clk_fpga_0) and CNC_Top_i/GCODE_Parser/inst/x_reg[6]/CE (clocked by clk_out1_CNC_Top_clk_wiz_0). Large setup violations at the end of those stages might be difficult to fix during the post-placement implementation flow and could be the result of non-optimal XDC constraints or non-optimal design architecture
Related violations: <none>

TIMING-16#54 Warning
Large setup violation  
There is a large setup violation of -1.343 ns between CNC_Top_i/ACK_GPIO/U0/gpio_core_1/Not_Dual.gpio_Data_Out_reg[1]/C (clocked by clk_fpga_0) and CNC_Top_i/GCODE_Parser/inst/x_reg[7]/CE (clocked by clk_out1_CNC_Top_clk_wiz_0). Large setup violations at the end of those stages might be difficult to fix during the post-placement implementation flow and could be the result of non-optimal XDC constraints or non-optimal design architecture
Related violations: <none>

TIMING-16#55 Warning
Large setup violation  
There is a large setup violation of -1.343 ns between CNC_Top_i/ACK_GPIO/U0/gpio_core_1/Not_Dual.gpio_Data_Out_reg[1]/C (clocked by clk_fpga_0) and CNC_Top_i/GCODE_Parser/inst/x_reg[8]/CE (clocked by clk_out1_CNC_Top_clk_wiz_0). Large setup violations at the end of those stages might be difficult to fix during the post-placement implementation flow and could be the result of non-optimal XDC constraints or non-optimal design architecture
Related violations: <none>

TIMING-16#56 Warning
Large setup violation  
There is a large setup violation of -1.345 ns between CNC_Top_i/XYZ_Axis_Coordinator/inst/res_reg[1]/C (clocked by clk_out1_CNC_Top_clk_wiz_0) and CNC_Top_i/XYZ_Axis_Coordinator/inst/res_reg[17]/D (clocked by clk_out1_CNC_Top_clk_wiz_0). Large setup violations at the end of those stages might be difficult to fix during the post-placement implementation flow and could be the result of non-optimal XDC constraints or non-optimal design architecture
Related violations: <none>

TIMING-16#57 Warning
Large setup violation  
There is a large setup violation of -1.348 ns between CNC_Top_i/ACK_GPIO/U0/gpio_core_1/Not_Dual.gpio_Data_Out_reg[1]/C (clocked by clk_fpga_0) and CNC_Top_i/GCODE_Parser/inst/z_reg[27]/R (clocked by clk_out1_CNC_Top_clk_wiz_0). Large setup violations at the end of those stages might be difficult to fix during the post-placement implementation flow and could be the result of non-optimal XDC constraints or non-optimal design architecture
Related violations: <none>

TIMING-16#58 Warning
Large setup violation  
There is a large setup violation of -1.348 ns between CNC_Top_i/ACK_GPIO/U0/gpio_core_1/Not_Dual.gpio_Data_Out_reg[1]/C (clocked by clk_fpga_0) and CNC_Top_i/GCODE_Parser/inst/z_reg[29]/R (clocked by clk_out1_CNC_Top_clk_wiz_0). Large setup violations at the end of those stages might be difficult to fix during the post-placement implementation flow and could be the result of non-optimal XDC constraints or non-optimal design architecture
Related violations: <none>

TIMING-16#59 Warning
Large setup violation  
There is a large setup violation of -1.349 ns between CNC_Top_i/ACK_GPIO/U0/gpio_core_1/Not_Dual.gpio_Data_Out_reg[1]/C (clocked by clk_fpga_0) and CNC_Top_i/GCODE_Parser/inst/z_reg[15]/R (clocked by clk_out1_CNC_Top_clk_wiz_0). Large setup violations at the end of those stages might be difficult to fix during the post-placement implementation flow and could be the result of non-optimal XDC constraints or non-optimal design architecture
Related violations: <none>

TIMING-16#60 Warning
Large setup violation  
There is a large setup violation of -1.349 ns between CNC_Top_i/ACK_GPIO/U0/gpio_core_1/Not_Dual.gpio_Data_Out_reg[1]/C (clocked by clk_fpga_0) and CNC_Top_i/GCODE_Parser/inst/z_reg[16]/R (clocked by clk_out1_CNC_Top_clk_wiz_0). Large setup violations at the end of those stages might be difficult to fix during the post-placement implementation flow and could be the result of non-optimal XDC constraints or non-optimal design architecture
Related violations: <none>

TIMING-16#61 Warning
Large setup violation  
There is a large setup violation of -1.349 ns between CNC_Top_i/ACK_GPIO/U0/gpio_core_1/Not_Dual.gpio_Data_Out_reg[1]/C (clocked by clk_fpga_0) and CNC_Top_i/GCODE_Parser/inst/z_reg[22]/R (clocked by clk_out1_CNC_Top_clk_wiz_0). Large setup violations at the end of those stages might be difficult to fix during the post-placement implementation flow and could be the result of non-optimal XDC constraints or non-optimal design architecture
Related violations: <none>

TIMING-16#62 Warning
Large setup violation  
There is a large setup violation of -1.349 ns between CNC_Top_i/ACK_GPIO/U0/gpio_core_1/Not_Dual.gpio_Data_Out_reg[1]/C (clocked by clk_fpga_0) and CNC_Top_i/GCODE_Parser/inst/z_reg[25]/R (clocked by clk_out1_CNC_Top_clk_wiz_0). Large setup violations at the end of those stages might be difficult to fix during the post-placement implementation flow and could be the result of non-optimal XDC constraints or non-optimal design architecture
Related violations: <none>

TIMING-16#63 Warning
Large setup violation  
There is a large setup violation of -1.349 ns between CNC_Top_i/XYZ_Axis_Coordinator/inst/res_reg[1]/C (clocked by clk_out1_CNC_Top_clk_wiz_0) and CNC_Top_i/XYZ_Axis_Coordinator/inst/res_reg[20]/D (clocked by clk_out1_CNC_Top_clk_wiz_0). Large setup violations at the end of those stages might be difficult to fix during the post-placement implementation flow and could be the result of non-optimal XDC constraints or non-optimal design architecture
Related violations: <none>

TIMING-16#64 Warning
Large setup violation  
There is a large setup violation of -1.365 ns between CNC_Top_i/XYZ_Axis_Coordinator/inst/res_reg[1]/C (clocked by clk_out1_CNC_Top_clk_wiz_0) and CNC_Top_i/XYZ_Axis_Coordinator/inst/res_reg[22]/D (clocked by clk_out1_CNC_Top_clk_wiz_0). Large setup violations at the end of those stages might be difficult to fix during the post-placement implementation flow and could be the result of non-optimal XDC constraints or non-optimal design architecture
Related violations: <none>

TIMING-16#65 Warning
Large setup violation  
There is a large setup violation of -1.388 ns between CNC_Top_i/XYZ_Axis_Coordinator/inst/state_reg[0]/C (clocked by clk_out1_CNC_Top_clk_wiz_0) and CNC_Top_i/XYZ_Axis_Coordinator/inst/cycles_per_step_x_reg[12]/R (clocked by clk_out1_CNC_Top_clk_wiz_0). Large setup violations at the end of those stages might be difficult to fix during the post-placement implementation flow and could be the result of non-optimal XDC constraints or non-optimal design architecture
Related violations: <none>

TIMING-16#66 Warning
Large setup violation  
There is a large setup violation of -1.388 ns between CNC_Top_i/XYZ_Axis_Coordinator/inst/state_reg[0]/C (clocked by clk_out1_CNC_Top_clk_wiz_0) and CNC_Top_i/XYZ_Axis_Coordinator/inst/cycles_per_step_x_reg[14]/R (clocked by clk_out1_CNC_Top_clk_wiz_0). Large setup violations at the end of those stages might be difficult to fix during the post-placement implementation flow and could be the result of non-optimal XDC constraints or non-optimal design architecture
Related violations: <none>

TIMING-16#67 Warning
Large setup violation  
There is a large setup violation of -1.388 ns between CNC_Top_i/XYZ_Axis_Coordinator/inst/state_reg[0]/C (clocked by clk_out1_CNC_Top_clk_wiz_0) and CNC_Top_i/XYZ_Axis_Coordinator/inst/cycles_per_step_x_reg[28]/R (clocked by clk_out1_CNC_Top_clk_wiz_0). Large setup violations at the end of those stages might be difficult to fix during the post-placement implementation flow and could be the result of non-optimal XDC constraints or non-optimal design architecture
Related violations: <none>

TIMING-16#68 Warning
Large setup violation  
There is a large setup violation of -1.388 ns between CNC_Top_i/XYZ_Axis_Coordinator/inst/state_reg[0]/C (clocked by clk_out1_CNC_Top_clk_wiz_0) and CNC_Top_i/XYZ_Axis_Coordinator/inst/cycles_per_step_x_reg[29]/R (clocked by clk_out1_CNC_Top_clk_wiz_0). Large setup violations at the end of those stages might be difficult to fix during the post-placement implementation flow and could be the result of non-optimal XDC constraints or non-optimal design architecture
Related violations: <none>

TIMING-16#69 Warning
Large setup violation  
There is a large setup violation of -1.388 ns between CNC_Top_i/XYZ_Axis_Coordinator/inst/target_pos_x_reg[0]/C (clocked by clk_out1_CNC_Top_clk_wiz_0) and CNC_Top_i/XYZ_Axis_Coordinator/inst/cycles_per_step_x_reg[15]/CE (clocked by clk_out1_CNC_Top_clk_wiz_0). Large setup violations at the end of those stages might be difficult to fix during the post-placement implementation flow and could be the result of non-optimal XDC constraints or non-optimal design architecture
Related violations: <none>

TIMING-16#70 Warning
Large setup violation  
There is a large setup violation of -1.388 ns between CNC_Top_i/XYZ_Axis_Coordinator/inst/target_pos_x_reg[0]/C (clocked by clk_out1_CNC_Top_clk_wiz_0) and CNC_Top_i/XYZ_Axis_Coordinator/inst/cycles_per_step_x_reg[16]/CE (clocked by clk_out1_CNC_Top_clk_wiz_0). Large setup violations at the end of those stages might be difficult to fix during the post-placement implementation flow and could be the result of non-optimal XDC constraints or non-optimal design architecture
Related violations: <none>

TIMING-16#71 Warning
Large setup violation  
There is a large setup violation of -1.388 ns between CNC_Top_i/XYZ_Axis_Coordinator/inst/target_pos_x_reg[0]/C (clocked by clk_out1_CNC_Top_clk_wiz_0) and CNC_Top_i/XYZ_Axis_Coordinator/inst/cycles_per_step_x_reg[5]/CE (clocked by clk_out1_CNC_Top_clk_wiz_0). Large setup violations at the end of those stages might be difficult to fix during the post-placement implementation flow and could be the result of non-optimal XDC constraints or non-optimal design architecture
Related violations: <none>

TIMING-16#72 Warning
Large setup violation  
There is a large setup violation of -1.388 ns between CNC_Top_i/XYZ_Axis_Coordinator/inst/target_pos_x_reg[0]/C (clocked by clk_out1_CNC_Top_clk_wiz_0) and CNC_Top_i/XYZ_Axis_Coordinator/inst/cycles_per_step_x_reg[9]/CE (clocked by clk_out1_CNC_Top_clk_wiz_0). Large setup violations at the end of those stages might be difficult to fix during the post-placement implementation flow and could be the result of non-optimal XDC constraints or non-optimal design architecture
Related violations: <none>

TIMING-16#73 Warning
Large setup violation  
There is a large setup violation of -1.413 ns between CNC_Top_i/XYZ_Axis_Coordinator/inst/res_reg[1]/C (clocked by clk_out1_CNC_Top_clk_wiz_0) and CNC_Top_i/XYZ_Axis_Coordinator/inst/val_reg[52]/CE (clocked by clk_out1_CNC_Top_clk_wiz_0). Large setup violations at the end of those stages might be difficult to fix during the post-placement implementation flow and could be the result of non-optimal XDC constraints or non-optimal design architecture
Related violations: <none>

TIMING-16#74 Warning
Large setup violation  
There is a large setup violation of -1.413 ns between CNC_Top_i/XYZ_Axis_Coordinator/inst/res_reg[1]/C (clocked by clk_out1_CNC_Top_clk_wiz_0) and CNC_Top_i/XYZ_Axis_Coordinator/inst/val_reg[53]/CE (clocked by clk_out1_CNC_Top_clk_wiz_0). Large setup violations at the end of those stages might be difficult to fix during the post-placement implementation flow and could be the result of non-optimal XDC constraints or non-optimal design architecture
Related violations: <none>

TIMING-16#75 Warning
Large setup violation  
There is a large setup violation of -1.413 ns between CNC_Top_i/XYZ_Axis_Coordinator/inst/res_reg[1]/C (clocked by clk_out1_CNC_Top_clk_wiz_0) and CNC_Top_i/XYZ_Axis_Coordinator/inst/val_reg[54]/CE (clocked by clk_out1_CNC_Top_clk_wiz_0). Large setup violations at the end of those stages might be difficult to fix during the post-placement implementation flow and could be the result of non-optimal XDC constraints or non-optimal design architecture
Related violations: <none>

TIMING-16#76 Warning
Large setup violation  
There is a large setup violation of -1.413 ns between CNC_Top_i/XYZ_Axis_Coordinator/inst/res_reg[1]/C (clocked by clk_out1_CNC_Top_clk_wiz_0) and CNC_Top_i/XYZ_Axis_Coordinator/inst/val_reg[55]/CE (clocked by clk_out1_CNC_Top_clk_wiz_0). Large setup violations at the end of those stages might be difficult to fix during the post-placement implementation flow and could be the result of non-optimal XDC constraints or non-optimal design architecture
Related violations: <none>

TIMING-16#77 Warning
Large setup violation  
There is a large setup violation of -1.413 ns between CNC_Top_i/XYZ_Axis_Coordinator/inst/state_reg[0]/C (clocked by clk_out1_CNC_Top_clk_wiz_0) and CNC_Top_i/XYZ_Axis_Coordinator/inst/cycles_per_step_x_reg[10]/R (clocked by clk_out1_CNC_Top_clk_wiz_0). Large setup violations at the end of those stages might be difficult to fix during the post-placement implementation flow and could be the result of non-optimal XDC constraints or non-optimal design architecture
Related violations: <none>

TIMING-16#78 Warning
Large setup violation  
There is a large setup violation of -1.413 ns between CNC_Top_i/XYZ_Axis_Coordinator/inst/state_reg[0]/C (clocked by clk_out1_CNC_Top_clk_wiz_0) and CNC_Top_i/XYZ_Axis_Coordinator/inst/cycles_per_step_x_reg[7]/R (clocked by clk_out1_CNC_Top_clk_wiz_0). Large setup violations at the end of those stages might be difficult to fix during the post-placement implementation flow and could be the result of non-optimal XDC constraints or non-optimal design architecture
Related violations: <none>

TIMING-16#79 Warning
Large setup violation  
There is a large setup violation of -1.439 ns between CNC_Top_i/XYZ_Axis_Coordinator/inst/res_reg[1]/C (clocked by clk_out1_CNC_Top_clk_wiz_0) and CNC_Top_i/XYZ_Axis_Coordinator/inst/res_reg[23]/D (clocked by clk_out1_CNC_Top_clk_wiz_0). Large setup violations at the end of those stages might be difficult to fix during the post-placement implementation flow and could be the result of non-optimal XDC constraints or non-optimal design architecture
Related violations: <none>

TIMING-16#80 Warning
Large setup violation  
There is a large setup violation of -1.445 ns between CNC_Top_i/axi_smc/inst/switchboards/i_nodes/i_r_node/inst/inst_mi_handler/gen_normal_area.gen_fi_regulator.inst_fi_regulator/allow_transfer_r_reg/C (clocked by clk_fpga_0) and CNC_Top_i/axi_smc/inst/switchboards/i_nodes/i_r_node/inst/inst_mi_handler/gen_normal_area.inst_fifo_node_payld/gen_reg_fifo.inst_reg_fifo/gen_single_rank.data_reg[38]/D (clocked by clk_fpga_0). Large setup violations at the end of those stages might be difficult to fix during the post-placement implementation flow and could be the result of non-optimal XDC constraints or non-optimal design architecture
Related violations: <none>

TIMING-16#81 Warning
Large setup violation  
There is a large setup violation of -1.448 ns between CNC_Top_i/XYZ_Axis_Coordinator/inst/state_reg[0]/C (clocked by clk_out1_CNC_Top_clk_wiz_0) and CNC_Top_i/XYZ_Axis_Coordinator/inst/cycles_per_step_x_reg[19]/R (clocked by clk_out1_CNC_Top_clk_wiz_0). Large setup violations at the end of those stages might be difficult to fix during the post-placement implementation flow and could be the result of non-optimal XDC constraints or non-optimal design architecture
Related violations: <none>

TIMING-16#82 Warning
Large setup violation  
There is a large setup violation of -1.448 ns between CNC_Top_i/XYZ_Axis_Coordinator/inst/state_reg[0]/C (clocked by clk_out1_CNC_Top_clk_wiz_0) and CNC_Top_i/XYZ_Axis_Coordinator/inst/cycles_per_step_x_reg[1]/R (clocked by clk_out1_CNC_Top_clk_wiz_0). Large setup violations at the end of those stages might be difficult to fix during the post-placement implementation flow and could be the result of non-optimal XDC constraints or non-optimal design architecture
Related violations: <none>

TIMING-16#83 Warning
Large setup violation  
There is a large setup violation of -1.448 ns between CNC_Top_i/XYZ_Axis_Coordinator/inst/state_reg[0]/C (clocked by clk_out1_CNC_Top_clk_wiz_0) and CNC_Top_i/XYZ_Axis_Coordinator/inst/cycles_per_step_x_reg[3]/R (clocked by clk_out1_CNC_Top_clk_wiz_0). Large setup violations at the end of those stages might be difficult to fix during the post-placement implementation flow and could be the result of non-optimal XDC constraints or non-optimal design architecture
Related violations: <none>

TIMING-16#84 Warning
Large setup violation  
There is a large setup violation of -1.460 ns between CNC_Top_i/XYZ_Axis_Coordinator/inst/res_reg[1]/C (clocked by clk_out1_CNC_Top_clk_wiz_0) and CNC_Top_i/XYZ_Axis_Coordinator/inst/res_reg[21]/D (clocked by clk_out1_CNC_Top_clk_wiz_0). Large setup violations at the end of those stages might be difficult to fix during the post-placement implementation flow and could be the result of non-optimal XDC constraints or non-optimal design architecture
Related violations: <none>

TIMING-16#85 Warning
Large setup violation  
There is a large setup violation of -1.464 ns between CNC_Top_i/XYZ_Axis_Coordinator/inst/res_reg[1]/C (clocked by clk_out1_CNC_Top_clk_wiz_0) and CNC_Top_i/XYZ_Axis_Coordinator/inst/res_reg[24]/D (clocked by clk_out1_CNC_Top_clk_wiz_0). Large setup violations at the end of those stages might be difficult to fix during the post-placement implementation flow and could be the result of non-optimal XDC constraints or non-optimal design architecture
Related violations: <none>

TIMING-16#86 Warning
Large setup violation  
There is a large setup violation of -1.479 ns between CNC_Top_i/XYZ_Axis_Coordinator/inst/target_pos_x_reg[0]/C (clocked by clk_out1_CNC_Top_clk_wiz_0) and CNC_Top_i/XYZ_Axis_Coordinator/inst/cycles_per_step_x_reg[35]/CE (clocked by clk_out1_CNC_Top_clk_wiz_0). Large setup violations at the end of those stages might be difficult to fix during the post-placement implementation flow and could be the result of non-optimal XDC constraints or non-optimal design architecture
Related violations: <none>

TIMING-16#87 Warning
Large setup violation  
There is a large setup violation of -1.479 ns between CNC_Top_i/XYZ_Axis_Coordinator/inst/target_pos_x_reg[0]/C (clocked by clk_out1_CNC_Top_clk_wiz_0) and CNC_Top_i/XYZ_Axis_Coordinator/inst/cycles_per_step_x_reg[36]/CE (clocked by clk_out1_CNC_Top_clk_wiz_0). Large setup violations at the end of those stages might be difficult to fix during the post-placement implementation flow and could be the result of non-optimal XDC constraints or non-optimal design architecture
Related violations: <none>

TIMING-16#88 Warning
Large setup violation  
There is a large setup violation of -1.479 ns between CNC_Top_i/XYZ_Axis_Coordinator/inst/target_pos_x_reg[0]/C (clocked by clk_out1_CNC_Top_clk_wiz_0) and CNC_Top_i/XYZ_Axis_Coordinator/inst/cycles_per_step_x_reg[40]/CE (clocked by clk_out1_CNC_Top_clk_wiz_0). Large setup violations at the end of those stages might be difficult to fix during the post-placement implementation flow and could be the result of non-optimal XDC constraints or non-optimal design architecture
Related violations: <none>

TIMING-16#89 Warning
Large setup violation  
There is a large setup violation of -1.480 ns between CNC_Top_i/XYZ_Axis_Coordinator/inst/res_reg[1]/C (clocked by clk_out1_CNC_Top_clk_wiz_0) and CNC_Top_i/XYZ_Axis_Coordinator/inst/res_reg[26]/D (clocked by clk_out1_CNC_Top_clk_wiz_0). Large setup violations at the end of those stages might be difficult to fix during the post-placement implementation flow and could be the result of non-optimal XDC constraints or non-optimal design architecture
Related violations: <none>

TIMING-16#90 Warning
Large setup violation  
There is a large setup violation of -1.515 ns between CNC_Top_i/XYZ_Axis_Coordinator/inst/target_pos_x_reg[0]/C (clocked by clk_out1_CNC_Top_clk_wiz_0) and CNC_Top_i/XYZ_Axis_Coordinator/inst/cycles_per_step_x_reg[33]/CE (clocked by clk_out1_CNC_Top_clk_wiz_0). Large setup violations at the end of those stages might be difficult to fix during the post-placement implementation flow and could be the result of non-optimal XDC constraints or non-optimal design architecture
Related violations: <none>

TIMING-16#91 Warning
Large setup violation  
There is a large setup violation of -1.515 ns between CNC_Top_i/XYZ_Axis_Coordinator/inst/target_pos_x_reg[0]/C (clocked by clk_out1_CNC_Top_clk_wiz_0) and CNC_Top_i/XYZ_Axis_Coordinator/inst/cycles_per_step_x_reg[37]/CE (clocked by clk_out1_CNC_Top_clk_wiz_0). Large setup violations at the end of those stages might be difficult to fix during the post-placement implementation flow and could be the result of non-optimal XDC constraints or non-optimal design architecture
Related violations: <none>

TIMING-16#92 Warning
Large setup violation  
There is a large setup violation of -1.515 ns between CNC_Top_i/XYZ_Axis_Coordinator/inst/target_pos_x_reg[0]/C (clocked by clk_out1_CNC_Top_clk_wiz_0) and CNC_Top_i/XYZ_Axis_Coordinator/inst/cycles_per_step_x_reg[38]/CE (clocked by clk_out1_CNC_Top_clk_wiz_0). Large setup violations at the end of those stages might be difficult to fix during the post-placement implementation flow and could be the result of non-optimal XDC constraints or non-optimal design architecture
Related violations: <none>

TIMING-16#93 Warning
Large setup violation  
There is a large setup violation of -1.543 ns between CNC_Top_i/XYZ_Axis_Coordinator/inst/state_reg[0]/C (clocked by clk_out1_CNC_Top_clk_wiz_0) and CNC_Top_i/XYZ_Axis_Coordinator/inst/cycles_per_step_x_reg[8]/R (clocked by clk_out1_CNC_Top_clk_wiz_0). Large setup violations at the end of those stages might be difficult to fix during the post-placement implementation flow and could be the result of non-optimal XDC constraints or non-optimal design architecture
Related violations: <none>

TIMING-16#94 Warning
Large setup violation  
There is a large setup violation of -1.551 ns between CNC_Top_i/XYZ_Axis_Coordinator/inst/target_pos_x_reg[0]/C (clocked by clk_out1_CNC_Top_clk_wiz_0) and CNC_Top_i/XYZ_Axis_Coordinator/inst/cycles_per_step_x_reg[12]/CE (clocked by clk_out1_CNC_Top_clk_wiz_0). Large setup violations at the end of those stages might be difficult to fix during the post-placement implementation flow and could be the result of non-optimal XDC constraints or non-optimal design architecture
Related violations: <none>

TIMING-16#95 Warning
Large setup violation  
There is a large setup violation of -1.551 ns between CNC_Top_i/XYZ_Axis_Coordinator/inst/target_pos_x_reg[0]/C (clocked by clk_out1_CNC_Top_clk_wiz_0) and CNC_Top_i/XYZ_Axis_Coordinator/inst/cycles_per_step_x_reg[14]/CE (clocked by clk_out1_CNC_Top_clk_wiz_0). Large setup violations at the end of those stages might be difficult to fix during the post-placement implementation flow and could be the result of non-optimal XDC constraints or non-optimal design architecture
Related violations: <none>

TIMING-16#96 Warning
Large setup violation  
There is a large setup violation of -1.551 ns between CNC_Top_i/XYZ_Axis_Coordinator/inst/target_pos_x_reg[0]/C (clocked by clk_out1_CNC_Top_clk_wiz_0) and CNC_Top_i/XYZ_Axis_Coordinator/inst/cycles_per_step_x_reg[28]/CE (clocked by clk_out1_CNC_Top_clk_wiz_0). Large setup violations at the end of those stages might be difficult to fix during the post-placement implementation flow and could be the result of non-optimal XDC constraints or non-optimal design architecture
Related violations: <none>

TIMING-16#97 Warning
Large setup violation  
There is a large setup violation of -1.551 ns between CNC_Top_i/XYZ_Axis_Coordinator/inst/target_pos_x_reg[0]/C (clocked by clk_out1_CNC_Top_clk_wiz_0) and CNC_Top_i/XYZ_Axis_Coordinator/inst/cycles_per_step_x_reg[29]/CE (clocked by clk_out1_CNC_Top_clk_wiz_0). Large setup violations at the end of those stages might be difficult to fix during the post-placement implementation flow and could be the result of non-optimal XDC constraints or non-optimal design architecture
Related violations: <none>

TIMING-16#98 Warning
Large setup violation  
There is a large setup violation of -1.554 ns between CNC_Top_i/XYZ_Axis_Coordinator/inst/res_reg[1]/C (clocked by clk_out1_CNC_Top_clk_wiz_0) and CNC_Top_i/XYZ_Axis_Coordinator/inst/res_reg[27]/D (clocked by clk_out1_CNC_Top_clk_wiz_0). Large setup violations at the end of those stages might be difficult to fix during the post-placement implementation flow and could be the result of non-optimal XDC constraints or non-optimal design architecture
Related violations: <none>

TIMING-16#99 Warning
Large setup violation  
There is a large setup violation of -1.564 ns between CNC_Top_i/XYZ_Axis_Coordinator/inst/res_reg[1]/C (clocked by clk_out1_CNC_Top_clk_wiz_0) and CNC_Top_i/XYZ_Axis_Coordinator/inst/val_reg[56]/CE (clocked by clk_out1_CNC_Top_clk_wiz_0). Large setup violations at the end of those stages might be difficult to fix during the post-placement implementation flow and could be the result of non-optimal XDC constraints or non-optimal design architecture
Related violations: <none>

TIMING-16#100 Warning
Large setup violation  
There is a large setup violation of -1.564 ns between CNC_Top_i/XYZ_Axis_Coordinator/inst/res_reg[1]/C (clocked by clk_out1_CNC_Top_clk_wiz_0) and CNC_Top_i/XYZ_Axis_Coordinator/inst/val_reg[57]/CE (clocked by clk_out1_CNC_Top_clk_wiz_0). Large setup violations at the end of those stages might be difficult to fix during the post-placement implementation flow and could be the result of non-optimal XDC constraints or non-optimal design architecture
Related violations: <none>

TIMING-16#101 Warning
Large setup violation  
There is a large setup violation of -1.564 ns between CNC_Top_i/XYZ_Axis_Coordinator/inst/res_reg[1]/C (clocked by clk_out1_CNC_Top_clk_wiz_0) and CNC_Top_i/XYZ_Axis_Coordinator/inst/val_reg[58]/CE (clocked by clk_out1_CNC_Top_clk_wiz_0). Large setup violations at the end of those stages might be difficult to fix during the post-placement implementation flow and could be the result of non-optimal XDC constraints or non-optimal design architecture
Related violations: <none>

TIMING-16#102 Warning
Large setup violation  
There is a large setup violation of -1.564 ns between CNC_Top_i/XYZ_Axis_Coordinator/inst/res_reg[1]/C (clocked by clk_out1_CNC_Top_clk_wiz_0) and CNC_Top_i/XYZ_Axis_Coordinator/inst/val_reg[59]/CE (clocked by clk_out1_CNC_Top_clk_wiz_0). Large setup violations at the end of those stages might be difficult to fix during the post-placement implementation flow and could be the result of non-optimal XDC constraints or non-optimal design architecture
Related violations: <none>

TIMING-16#103 Warning
Large setup violation  
There is a large setup violation of -1.575 ns between CNC_Top_i/XYZ_Axis_Coordinator/inst/res_reg[1]/C (clocked by clk_out1_CNC_Top_clk_wiz_0) and CNC_Top_i/XYZ_Axis_Coordinator/inst/res_reg[25]/D (clocked by clk_out1_CNC_Top_clk_wiz_0). Large setup violations at the end of those stages might be difficult to fix during the post-placement implementation flow and could be the result of non-optimal XDC constraints or non-optimal design architecture
Related violations: <none>

TIMING-16#104 Warning
Large setup violation  
There is a large setup violation of -1.580 ns between CNC_Top_i/XYZ_Axis_Coordinator/inst/res_reg[1]/C (clocked by clk_out1_CNC_Top_clk_wiz_0) and CNC_Top_i/XYZ_Axis_Coordinator/inst/res_reg[28]/D (clocked by clk_out1_CNC_Top_clk_wiz_0). Large setup violations at the end of those stages might be difficult to fix during the post-placement implementation flow and could be the result of non-optimal XDC constraints or non-optimal design architecture
Related violations: <none>

TIMING-16#105 Warning
Large setup violation  
There is a large setup violation of -1.586 ns between CNC_Top_i/XYZ_Axis_Coordinator/inst/state_reg[0]/C (clocked by clk_out1_CNC_Top_clk_wiz_0) and CNC_Top_i/XYZ_Axis_Coordinator/inst/cycles_per_step_x_reg[30]/R (clocked by clk_out1_CNC_Top_clk_wiz_0). Large setup violations at the end of those stages might be difficult to fix during the post-placement implementation flow and could be the result of non-optimal XDC constraints or non-optimal design architecture
Related violations: <none>

TIMING-16#106 Warning
Large setup violation  
There is a large setup violation of -1.586 ns between CNC_Top_i/XYZ_Axis_Coordinator/inst/state_reg[0]/C (clocked by clk_out1_CNC_Top_clk_wiz_0) and CNC_Top_i/XYZ_Axis_Coordinator/inst/cycles_per_step_x_reg[31]/R (clocked by clk_out1_CNC_Top_clk_wiz_0). Large setup violations at the end of those stages might be difficult to fix during the post-placement implementation flow and could be the result of non-optimal XDC constraints or non-optimal design architecture
Related violations: <none>

TIMING-16#107 Warning
Large setup violation  
There is a large setup violation of -1.586 ns between CNC_Top_i/XYZ_Axis_Coordinator/inst/state_reg[0]/C (clocked by clk_out1_CNC_Top_clk_wiz_0) and CNC_Top_i/XYZ_Axis_Coordinator/inst/cycles_per_step_x_reg[32]/R (clocked by clk_out1_CNC_Top_clk_wiz_0). Large setup violations at the end of those stages might be difficult to fix during the post-placement implementation flow and could be the result of non-optimal XDC constraints or non-optimal design architecture
Related violations: <none>

TIMING-16#108 Warning
Large setup violation  
There is a large setup violation of -1.586 ns between CNC_Top_i/XYZ_Axis_Coordinator/inst/state_reg[0]/C (clocked by clk_out1_CNC_Top_clk_wiz_0) and CNC_Top_i/XYZ_Axis_Coordinator/inst/cycles_per_step_x_reg[4]/R (clocked by clk_out1_CNC_Top_clk_wiz_0). Large setup violations at the end of those stages might be difficult to fix during the post-placement implementation flow and could be the result of non-optimal XDC constraints or non-optimal design architecture
Related violations: <none>

TIMING-16#109 Warning
Large setup violation  
There is a large setup violation of -1.592 ns between CNC_Top_i/ACK_GPIO/U0/gpio_core_1/Not_Dual.gpio_Data_Out_reg[1]/C (clocked by clk_fpga_0) and CNC_Top_i/GCODE_Parser/inst/x_reg[1]/CE (clocked by clk_out1_CNC_Top_clk_wiz_0). Large setup violations at the end of those stages might be difficult to fix during the post-placement implementation flow and could be the result of non-optimal XDC constraints or non-optimal design architecture
Related violations: <none>

TIMING-16#110 Warning
Large setup violation  
There is a large setup violation of -1.592 ns between CNC_Top_i/ACK_GPIO/U0/gpio_core_1/Not_Dual.gpio_Data_Out_reg[1]/C (clocked by clk_fpga_0) and CNC_Top_i/GCODE_Parser/inst/x_reg[4]/CE (clocked by clk_out1_CNC_Top_clk_wiz_0). Large setup violations at the end of those stages might be difficult to fix during the post-placement implementation flow and could be the result of non-optimal XDC constraints or non-optimal design architecture
Related violations: <none>

TIMING-16#111 Warning
Large setup violation  
There is a large setup violation of -1.592 ns between CNC_Top_i/ACK_GPIO/U0/gpio_core_1/Not_Dual.gpio_Data_Out_reg[1]/C (clocked by clk_fpga_0) and CNC_Top_i/GCODE_Parser/inst/x_reg[5]/CE (clocked by clk_out1_CNC_Top_clk_wiz_0). Large setup violations at the end of those stages might be difficult to fix during the post-placement implementation flow and could be the result of non-optimal XDC constraints or non-optimal design architecture
Related violations: <none>

TIMING-16#112 Warning
Large setup violation  
There is a large setup violation of -1.595 ns between CNC_Top_i/ACK_GPIO/U0/gpio_core_1/Not_Dual.gpio_Data_Out_reg[1]/C (clocked by clk_fpga_0) and CNC_Top_i/GCODE_Parser/inst/x_reg[18]/CE (clocked by clk_out1_CNC_Top_clk_wiz_0). Large setup violations at the end of those stages might be difficult to fix during the post-placement implementation flow and could be the result of non-optimal XDC constraints or non-optimal design architecture
Related violations: <none>

TIMING-16#113 Warning
Large setup violation  
There is a large setup violation of -1.595 ns between CNC_Top_i/ACK_GPIO/U0/gpio_core_1/Not_Dual.gpio_Data_Out_reg[1]/C (clocked by clk_fpga_0) and CNC_Top_i/GCODE_Parser/inst/x_reg[19]/CE (clocked by clk_out1_CNC_Top_clk_wiz_0). Large setup violations at the end of those stages might be difficult to fix during the post-placement implementation flow and could be the result of non-optimal XDC constraints or non-optimal design architecture
Related violations: <none>

TIMING-16#114 Warning
Large setup violation  
There is a large setup violation of -1.595 ns between CNC_Top_i/ACK_GPIO/U0/gpio_core_1/Not_Dual.gpio_Data_Out_reg[1]/C (clocked by clk_fpga_0) and CNC_Top_i/GCODE_Parser/inst/x_reg[20]/CE (clocked by clk_out1_CNC_Top_clk_wiz_0). Large setup violations at the end of those stages might be difficult to fix during the post-placement implementation flow and could be the result of non-optimal XDC constraints or non-optimal design architecture
Related violations: <none>

TIMING-16#115 Warning
Large setup violation  
There is a large setup violation of -1.595 ns between CNC_Top_i/ACK_GPIO/U0/gpio_core_1/Not_Dual.gpio_Data_Out_reg[1]/C (clocked by clk_fpga_0) and CNC_Top_i/GCODE_Parser/inst/x_reg[25]/CE (clocked by clk_out1_CNC_Top_clk_wiz_0). Large setup violations at the end of those stages might be difficult to fix during the post-placement implementation flow and could be the result of non-optimal XDC constraints or non-optimal design architecture
Related violations: <none>

TIMING-16#116 Warning
Large setup violation  
There is a large setup violation of -1.596 ns between CNC_Top_i/XYZ_Axis_Coordinator/inst/res_reg[1]/C (clocked by clk_out1_CNC_Top_clk_wiz_0) and CNC_Top_i/XYZ_Axis_Coordinator/inst/res_reg[30]/D (clocked by clk_out1_CNC_Top_clk_wiz_0). Large setup violations at the end of those stages might be difficult to fix during the post-placement implementation flow and could be the result of non-optimal XDC constraints or non-optimal design architecture
Related violations: <none>

TIMING-16#117 Warning
Large setup violation  
There is a large setup violation of -1.611 ns between CNC_Top_i/XYZ_Axis_Coordinator/inst/target_pos_x_reg[0]/C (clocked by clk_out1_CNC_Top_clk_wiz_0) and CNC_Top_i/XYZ_Axis_Coordinator/inst/cycles_per_step_x_reg[13]/CE (clocked by clk_out1_CNC_Top_clk_wiz_0). Large setup violations at the end of those stages might be difficult to fix during the post-placement implementation flow and could be the result of non-optimal XDC constraints or non-optimal design architecture
Related violations: <none>

TIMING-16#118 Warning
Large setup violation  
There is a large setup violation of -1.611 ns between CNC_Top_i/XYZ_Axis_Coordinator/inst/target_pos_x_reg[0]/C (clocked by clk_out1_CNC_Top_clk_wiz_0) and CNC_Top_i/XYZ_Axis_Coordinator/inst/cycles_per_step_x_reg[23]/CE (clocked by clk_out1_CNC_Top_clk_wiz_0). Large setup violations at the end of those stages might be difficult to fix during the post-placement implementation flow and could be the result of non-optimal XDC constraints or non-optimal design architecture
Related violations: <none>

TIMING-16#119 Warning
Large setup violation  
There is a large setup violation of -1.611 ns between CNC_Top_i/XYZ_Axis_Coordinator/inst/target_pos_x_reg[0]/C (clocked by clk_out1_CNC_Top_clk_wiz_0) and CNC_Top_i/XYZ_Axis_Coordinator/inst/cycles_per_step_x_reg[25]/CE (clocked by clk_out1_CNC_Top_clk_wiz_0). Large setup violations at the end of those stages might be difficult to fix during the post-placement implementation flow and could be the result of non-optimal XDC constraints or non-optimal design architecture
Related violations: <none>

TIMING-16#120 Warning
Large setup violation  
There is a large setup violation of -1.611 ns between CNC_Top_i/XYZ_Axis_Coordinator/inst/target_pos_x_reg[0]/C (clocked by clk_out1_CNC_Top_clk_wiz_0) and CNC_Top_i/XYZ_Axis_Coordinator/inst/cycles_per_step_x_reg[27]/CE (clocked by clk_out1_CNC_Top_clk_wiz_0). Large setup violations at the end of those stages might be difficult to fix during the post-placement implementation flow and could be the result of non-optimal XDC constraints or non-optimal design architecture
Related violations: <none>

TIMING-16#121 Warning
Large setup violation  
There is a large setup violation of -1.614 ns between CNC_Top_i/XYZ_Axis_Coordinator/inst/target_pos_x_reg[0]/C (clocked by clk_out1_CNC_Top_clk_wiz_0) and CNC_Top_i/XYZ_Axis_Coordinator/inst/cycles_per_step_x_reg[11]/CE (clocked by clk_out1_CNC_Top_clk_wiz_0). Large setup violations at the end of those stages might be difficult to fix during the post-placement implementation flow and could be the result of non-optimal XDC constraints or non-optimal design architecture
Related violations: <none>

TIMING-16#122 Warning
Large setup violation  
There is a large setup violation of -1.614 ns between CNC_Top_i/XYZ_Axis_Coordinator/inst/target_pos_x_reg[0]/C (clocked by clk_out1_CNC_Top_clk_wiz_0) and CNC_Top_i/XYZ_Axis_Coordinator/inst/cycles_per_step_x_reg[17]/CE (clocked by clk_out1_CNC_Top_clk_wiz_0). Large setup violations at the end of those stages might be difficult to fix during the post-placement implementation flow and could be the result of non-optimal XDC constraints or non-optimal design architecture
Related violations: <none>

TIMING-16#123 Warning
Large setup violation  
There is a large setup violation of -1.614 ns between CNC_Top_i/XYZ_Axis_Coordinator/inst/target_pos_x_reg[0]/C (clocked by clk_out1_CNC_Top_clk_wiz_0) and CNC_Top_i/XYZ_Axis_Coordinator/inst/cycles_per_step_x_reg[20]/CE (clocked by clk_out1_CNC_Top_clk_wiz_0). Large setup violations at the end of those stages might be difficult to fix during the post-placement implementation flow and could be the result of non-optimal XDC constraints or non-optimal design architecture
Related violations: <none>

TIMING-16#124 Warning
Large setup violation  
There is a large setup violation of -1.614 ns between CNC_Top_i/XYZ_Axis_Coordinator/inst/target_pos_x_reg[0]/C (clocked by clk_out1_CNC_Top_clk_wiz_0) and CNC_Top_i/XYZ_Axis_Coordinator/inst/cycles_per_step_x_reg[22]/CE (clocked by clk_out1_CNC_Top_clk_wiz_0). Large setup violations at the end of those stages might be difficult to fix during the post-placement implementation flow and could be the result of non-optimal XDC constraints or non-optimal design architecture
Related violations: <none>

TIMING-16#125 Warning
Large setup violation  
There is a large setup violation of -1.670 ns between CNC_Top_i/XYZ_Axis_Coordinator/inst/res_reg[1]/C (clocked by clk_out1_CNC_Top_clk_wiz_0) and CNC_Top_i/XYZ_Axis_Coordinator/inst/res_reg[31]/D (clocked by clk_out1_CNC_Top_clk_wiz_0). Large setup violations at the end of those stages might be difficult to fix during the post-placement implementation flow and could be the result of non-optimal XDC constraints or non-optimal design architecture
Related violations: <none>

TIMING-16#126 Warning
Large setup violation  
There is a large setup violation of -1.679 ns between CNC_Top_i/XYZ_Axis_Coordinator/inst/target_pos_x_reg[0]/C (clocked by clk_out1_CNC_Top_clk_wiz_0) and CNC_Top_i/XYZ_Axis_Coordinator/inst/cycles_per_step_x_reg[10]/CE (clocked by clk_out1_CNC_Top_clk_wiz_0). Large setup violations at the end of those stages might be difficult to fix during the post-placement implementation flow and could be the result of non-optimal XDC constraints or non-optimal design architecture
Related violations: <none>

TIMING-16#127 Warning
Large setup violation  
There is a large setup violation of -1.679 ns between CNC_Top_i/XYZ_Axis_Coordinator/inst/target_pos_x_reg[0]/C (clocked by clk_out1_CNC_Top_clk_wiz_0) and CNC_Top_i/XYZ_Axis_Coordinator/inst/cycles_per_step_x_reg[7]/CE (clocked by clk_out1_CNC_Top_clk_wiz_0). Large setup violations at the end of those stages might be difficult to fix during the post-placement implementation flow and could be the result of non-optimal XDC constraints or non-optimal design architecture
Related violations: <none>

TIMING-16#128 Warning
Large setup violation  
There is a large setup violation of -1.691 ns between CNC_Top_i/XYZ_Axis_Coordinator/inst/res_reg[1]/C (clocked by clk_out1_CNC_Top_clk_wiz_0) and CNC_Top_i/XYZ_Axis_Coordinator/inst/res_reg[29]/D (clocked by clk_out1_CNC_Top_clk_wiz_0). Large setup violations at the end of those stages might be difficult to fix during the post-placement implementation flow and could be the result of non-optimal XDC constraints or non-optimal design architecture
Related violations: <none>

TIMING-16#129 Warning
Large setup violation  
There is a large setup violation of -1.695 ns between CNC_Top_i/XYZ_Axis_Coordinator/inst/res_reg[1]/C (clocked by clk_out1_CNC_Top_clk_wiz_0) and CNC_Top_i/XYZ_Axis_Coordinator/inst/res_reg[32]/D (clocked by clk_out1_CNC_Top_clk_wiz_0). Large setup violations at the end of those stages might be difficult to fix during the post-placement implementation flow and could be the result of non-optimal XDC constraints or non-optimal design architecture
Related violations: <none>

TIMING-16#130 Warning
Large setup violation  
There is a large setup violation of -1.704 ns between CNC_Top_i/XYZ_Axis_Coordinator/inst/res_reg[1]/C (clocked by clk_out1_CNC_Top_clk_wiz_0) and CNC_Top_i/XYZ_Axis_Coordinator/inst/val_reg[60]/CE (clocked by clk_out1_CNC_Top_clk_wiz_0). Large setup violations at the end of those stages might be difficult to fix during the post-placement implementation flow and could be the result of non-optimal XDC constraints or non-optimal design architecture
Related violations: <none>

TIMING-16#131 Warning
Large setup violation  
There is a large setup violation of -1.704 ns between CNC_Top_i/XYZ_Axis_Coordinator/inst/res_reg[1]/C (clocked by clk_out1_CNC_Top_clk_wiz_0) and CNC_Top_i/XYZ_Axis_Coordinator/inst/val_reg[61]/CE (clocked by clk_out1_CNC_Top_clk_wiz_0). Large setup violations at the end of those stages might be difficult to fix during the post-placement implementation flow and could be the result of non-optimal XDC constraints or non-optimal design architecture
Related violations: <none>

TIMING-16#132 Warning
Large setup violation  
There is a large setup violation of -1.704 ns between CNC_Top_i/XYZ_Axis_Coordinator/inst/res_reg[1]/C (clocked by clk_out1_CNC_Top_clk_wiz_0) and CNC_Top_i/XYZ_Axis_Coordinator/inst/val_reg[62]/CE (clocked by clk_out1_CNC_Top_clk_wiz_0). Large setup violations at the end of those stages might be difficult to fix during the post-placement implementation flow and could be the result of non-optimal XDC constraints or non-optimal design architecture
Related violations: <none>

TIMING-16#133 Warning
Large setup violation  
There is a large setup violation of -1.704 ns between CNC_Top_i/XYZ_Axis_Coordinator/inst/res_reg[1]/C (clocked by clk_out1_CNC_Top_clk_wiz_0) and CNC_Top_i/XYZ_Axis_Coordinator/inst/val_reg[63]/CE (clocked by clk_out1_CNC_Top_clk_wiz_0). Large setup violations at the end of those stages might be difficult to fix during the post-placement implementation flow and could be the result of non-optimal XDC constraints or non-optimal design architecture
Related violations: <none>

TIMING-16#134 Warning
Large setup violation  
There is a large setup violation of -1.711 ns between CNC_Top_i/XYZ_Axis_Coordinator/inst/res_reg[1]/C (clocked by clk_out1_CNC_Top_clk_wiz_0) and CNC_Top_i/XYZ_Axis_Coordinator/inst/res_reg[34]/D (clocked by clk_out1_CNC_Top_clk_wiz_0). Large setup violations at the end of those stages might be difficult to fix during the post-placement implementation flow and could be the result of non-optimal XDC constraints or non-optimal design architecture
Related violations: <none>

TIMING-16#135 Warning
Large setup violation  
There is a large setup violation of -1.732 ns between CNC_Top_i/ACK_GPIO/U0/gpio_core_1/Not_Dual.gpio_Data_Out_reg[1]/C (clocked by clk_fpga_0) and CNC_Top_i/GCODE_Parser/inst/x_reg[21]/CE (clocked by clk_out1_CNC_Top_clk_wiz_0). Large setup violations at the end of those stages might be difficult to fix during the post-placement implementation flow and could be the result of non-optimal XDC constraints or non-optimal design architecture
Related violations: <none>

TIMING-16#136 Warning
Large setup violation  
There is a large setup violation of -1.732 ns between CNC_Top_i/ACK_GPIO/U0/gpio_core_1/Not_Dual.gpio_Data_Out_reg[1]/C (clocked by clk_fpga_0) and CNC_Top_i/GCODE_Parser/inst/x_reg[26]/CE (clocked by clk_out1_CNC_Top_clk_wiz_0). Large setup violations at the end of those stages might be difficult to fix during the post-placement implementation flow and could be the result of non-optimal XDC constraints or non-optimal design architecture
Related violations: <none>

TIMING-16#137 Warning
Large setup violation  
There is a large setup violation of -1.732 ns between CNC_Top_i/ACK_GPIO/U0/gpio_core_1/Not_Dual.gpio_Data_Out_reg[1]/C (clocked by clk_fpga_0) and CNC_Top_i/GCODE_Parser/inst/x_reg[29]/CE (clocked by clk_out1_CNC_Top_clk_wiz_0). Large setup violations at the end of those stages might be difficult to fix during the post-placement implementation flow and could be the result of non-optimal XDC constraints or non-optimal design architecture
Related violations: <none>

TIMING-16#138 Warning
Large setup violation  
There is a large setup violation of -1.732 ns between CNC_Top_i/ACK_GPIO/U0/gpio_core_1/Not_Dual.gpio_Data_Out_reg[1]/C (clocked by clk_fpga_0) and CNC_Top_i/GCODE_Parser/inst/x_reg[30]/CE (clocked by clk_out1_CNC_Top_clk_wiz_0). Large setup violations at the end of those stages might be difficult to fix during the post-placement implementation flow and could be the result of non-optimal XDC constraints or non-optimal design architecture
Related violations: <none>

TIMING-16#139 Warning
Large setup violation  
There is a large setup violation of -1.745 ns between CNC_Top_i/XYZ_Axis_Coordinator/inst/target_pos_x_reg[0]/C (clocked by clk_out1_CNC_Top_clk_wiz_0) and CNC_Top_i/XYZ_Axis_Coordinator/inst/cycles_per_step_x_reg[39]/CE (clocked by clk_out1_CNC_Top_clk_wiz_0). Large setup violations at the end of those stages might be difficult to fix during the post-placement implementation flow and could be the result of non-optimal XDC constraints or non-optimal design architecture
Related violations: <none>

TIMING-16#140 Warning
Large setup violation  
There is a large setup violation of -1.745 ns between CNC_Top_i/XYZ_Axis_Coordinator/inst/target_pos_x_reg[0]/C (clocked by clk_out1_CNC_Top_clk_wiz_0) and CNC_Top_i/XYZ_Axis_Coordinator/inst/cycles_per_step_x_reg[41]/CE (clocked by clk_out1_CNC_Top_clk_wiz_0). Large setup violations at the end of those stages might be difficult to fix during the post-placement implementation flow and could be the result of non-optimal XDC constraints or non-optimal design architecture
Related violations: <none>

TIMING-16#141 Warning
Large setup violation  
There is a large setup violation of -1.745 ns between CNC_Top_i/XYZ_Axis_Coordinator/inst/target_pos_x_reg[0]/C (clocked by clk_out1_CNC_Top_clk_wiz_0) and CNC_Top_i/XYZ_Axis_Coordinator/inst/cycles_per_step_x_reg[6]/CE (clocked by clk_out1_CNC_Top_clk_wiz_0). Large setup violations at the end of those stages might be difficult to fix during the post-placement implementation flow and could be the result of non-optimal XDC constraints or non-optimal design architecture
Related violations: <none>

TIMING-16#142 Warning
Large setup violation  
There is a large setup violation of -1.785 ns between CNC_Top_i/XYZ_Axis_Coordinator/inst/res_reg[1]/C (clocked by clk_out1_CNC_Top_clk_wiz_0) and CNC_Top_i/XYZ_Axis_Coordinator/inst/res_reg[35]/D (clocked by clk_out1_CNC_Top_clk_wiz_0). Large setup violations at the end of those stages might be difficult to fix during the post-placement implementation flow and could be the result of non-optimal XDC constraints or non-optimal design architecture
Related violations: <none>

TIMING-16#143 Warning
Large setup violation  
There is a large setup violation of -1.806 ns between CNC_Top_i/XYZ_Axis_Coordinator/inst/res_reg[1]/C (clocked by clk_out1_CNC_Top_clk_wiz_0) and CNC_Top_i/XYZ_Axis_Coordinator/inst/res_reg[33]/D (clocked by clk_out1_CNC_Top_clk_wiz_0). Large setup violations at the end of those stages might be difficult to fix during the post-placement implementation flow and could be the result of non-optimal XDC constraints or non-optimal design architecture
Related violations: <none>

TIMING-16#144 Warning
Large setup violation  
There is a large setup violation of -1.809 ns between CNC_Top_i/XYZ_Axis_Coordinator/inst/res_reg[1]/C (clocked by clk_out1_CNC_Top_clk_wiz_0) and CNC_Top_i/XYZ_Axis_Coordinator/inst/res_reg[36]/D (clocked by clk_out1_CNC_Top_clk_wiz_0). Large setup violations at the end of those stages might be difficult to fix during the post-placement implementation flow and could be the result of non-optimal XDC constraints or non-optimal design architecture
Related violations: <none>

TIMING-16#145 Warning
Large setup violation  
There is a large setup violation of -1.825 ns between CNC_Top_i/XYZ_Axis_Coordinator/inst/res_reg[1]/C (clocked by clk_out1_CNC_Top_clk_wiz_0) and CNC_Top_i/XYZ_Axis_Coordinator/inst/res_reg[38]/D (clocked by clk_out1_CNC_Top_clk_wiz_0). Large setup violations at the end of those stages might be difficult to fix during the post-placement implementation flow and could be the result of non-optimal XDC constraints or non-optimal design architecture
Related violations: <none>

TIMING-16#146 Warning
Large setup violation  
There is a large setup violation of -1.867 ns between CNC_Top_i/ACK_GPIO/U0/gpio_core_1/Not_Dual.gpio_Data_Out_reg[1]/C (clocked by clk_fpga_0) and CNC_Top_i/GCODE_Parser/inst/x_reg[17]/CE (clocked by clk_out1_CNC_Top_clk_wiz_0). Large setup violations at the end of those stages might be difficult to fix during the post-placement implementation flow and could be the result of non-optimal XDC constraints or non-optimal design architecture
Related violations: <none>

TIMING-16#147 Warning
Large setup violation  
There is a large setup violation of -1.867 ns between CNC_Top_i/ACK_GPIO/U0/gpio_core_1/Not_Dual.gpio_Data_Out_reg[1]/C (clocked by clk_fpga_0) and CNC_Top_i/GCODE_Parser/inst/x_reg[22]/CE (clocked by clk_out1_CNC_Top_clk_wiz_0). Large setup violations at the end of those stages might be difficult to fix during the post-placement implementation flow and could be the result of non-optimal XDC constraints or non-optimal design architecture
Related violations: <none>

TIMING-16#148 Warning
Large setup violation  
There is a large setup violation of -1.878 ns between CNC_Top_i/XYZ_Axis_Coordinator/inst/state_reg[0]/C (clocked by clk_out1_CNC_Top_clk_wiz_0) and CNC_Top_i/XYZ_Axis_Coordinator/inst/cycles_per_step_x_reg[39]/R (clocked by clk_out1_CNC_Top_clk_wiz_0). Large setup violations at the end of those stages might be difficult to fix during the post-placement implementation flow and could be the result of non-optimal XDC constraints or non-optimal design architecture
Related violations: <none>

TIMING-16#149 Warning
Large setup violation  
There is a large setup violation of -1.878 ns between CNC_Top_i/XYZ_Axis_Coordinator/inst/state_reg[0]/C (clocked by clk_out1_CNC_Top_clk_wiz_0) and CNC_Top_i/XYZ_Axis_Coordinator/inst/cycles_per_step_x_reg[41]/R (clocked by clk_out1_CNC_Top_clk_wiz_0). Large setup violations at the end of those stages might be difficult to fix during the post-placement implementation flow and could be the result of non-optimal XDC constraints or non-optimal design architecture
Related violations: <none>

TIMING-16#150 Warning
Large setup violation  
There is a large setup violation of -1.878 ns between CNC_Top_i/XYZ_Axis_Coordinator/inst/state_reg[0]/C (clocked by clk_out1_CNC_Top_clk_wiz_0) and CNC_Top_i/XYZ_Axis_Coordinator/inst/cycles_per_step_x_reg[6]/R (clocked by clk_out1_CNC_Top_clk_wiz_0). Large setup violations at the end of those stages might be difficult to fix during the post-placement implementation flow and could be the result of non-optimal XDC constraints or non-optimal design architecture
Related violations: <none>

TIMING-16#151 Warning
Large setup violation  
There is a large setup violation of -1.899 ns between CNC_Top_i/XYZ_Axis_Coordinator/inst/res_reg[1]/C (clocked by clk_out1_CNC_Top_clk_wiz_0) and CNC_Top_i/XYZ_Axis_Coordinator/inst/res_reg[39]/D (clocked by clk_out1_CNC_Top_clk_wiz_0). Large setup violations at the end of those stages might be difficult to fix during the post-placement implementation flow and could be the result of non-optimal XDC constraints or non-optimal design architecture
Related violations: <none>

TIMING-16#152 Warning
Large setup violation  
There is a large setup violation of -1.920 ns between CNC_Top_i/XYZ_Axis_Coordinator/inst/res_reg[1]/C (clocked by clk_out1_CNC_Top_clk_wiz_0) and CNC_Top_i/XYZ_Axis_Coordinator/inst/res_reg[37]/D (clocked by clk_out1_CNC_Top_clk_wiz_0). Large setup violations at the end of those stages might be difficult to fix during the post-placement implementation flow and could be the result of non-optimal XDC constraints or non-optimal design architecture
Related violations: <none>

TIMING-16#153 Warning
Large setup violation  
There is a large setup violation of -1.924 ns between CNC_Top_i/XYZ_Axis_Coordinator/inst/res_reg[1]/C (clocked by clk_out1_CNC_Top_clk_wiz_0) and CNC_Top_i/XYZ_Axis_Coordinator/inst/res_reg[40]/D (clocked by clk_out1_CNC_Top_clk_wiz_0). Large setup violations at the end of those stages might be difficult to fix during the post-placement implementation flow and could be the result of non-optimal XDC constraints or non-optimal design architecture
Related violations: <none>

TIMING-16#154 Warning
Large setup violation  
There is a large setup violation of -1.940 ns between CNC_Top_i/XYZ_Axis_Coordinator/inst/res_reg[1]/C (clocked by clk_out1_CNC_Top_clk_wiz_0) and CNC_Top_i/XYZ_Axis_Coordinator/inst/res_reg[42]/D (clocked by clk_out1_CNC_Top_clk_wiz_0). Large setup violations at the end of those stages might be difficult to fix during the post-placement implementation flow and could be the result of non-optimal XDC constraints or non-optimal design architecture
Related violations: <none>

TIMING-16#155 Warning
Large setup violation  
There is a large setup violation of -1.987 ns between CNC_Top_i/XYZ_Axis_Coordinator/inst/target_pos_x_reg[0]/C (clocked by clk_out1_CNC_Top_clk_wiz_0) and CNC_Top_i/XYZ_Axis_Coordinator/inst/cycles_per_step_x_reg[8]/CE (clocked by clk_out1_CNC_Top_clk_wiz_0). Large setup violations at the end of those stages might be difficult to fix during the post-placement implementation flow and could be the result of non-optimal XDC constraints or non-optimal design architecture
Related violations: <none>

TIMING-16#156 Warning
Large setup violation  
There is a large setup violation of -1.999 ns between CNC_Top_i/XYZ_Axis_Coordinator/inst/target_pos_z_reg[5]/C (clocked by clk_out1_CNC_Top_clk_wiz_0) and CNC_Top_i/XYZ_Axis_Coordinator/inst/direction_change_buffer_reg[1]/D (clocked by clk_out1_CNC_Top_clk_wiz_0). Large setup violations at the end of those stages might be difficult to fix during the post-placement implementation flow and could be the result of non-optimal XDC constraints or non-optimal design architecture
Related violations: <none>

TIMING-16#157 Warning
Large setup violation  
There is a large setup violation of -10.032 ns between CNC_Top_i/XYZ_Axis_Coordinator/inst/target_pos_z_reg[2]/C (clocked by clk_out1_CNC_Top_clk_wiz_0) and CNC_Top_i/XYZ_Axis_Coordinator/inst/val_reg[18]/D (clocked by clk_out1_CNC_Top_clk_wiz_0). Large setup violations at the end of those stages might be difficult to fix during the post-placement implementation flow and could be the result of non-optimal XDC constraints or non-optimal design architecture
Related violations: <none>

TIMING-16#158 Warning
Large setup violation  
There is a large setup violation of -10.136 ns between CNC_Top_i/XYZ_Axis_Coordinator/inst/target_pos_z_reg[2]/C (clocked by clk_out1_CNC_Top_clk_wiz_0) and CNC_Top_i/XYZ_Axis_Coordinator/inst/val_reg[19]/D (clocked by clk_out1_CNC_Top_clk_wiz_0). Large setup violations at the end of those stages might be difficult to fix during the post-placement implementation flow and could be the result of non-optimal XDC constraints or non-optimal design architecture
Related violations: <none>

TIMING-16#159 Warning
Large setup violation  
There is a large setup violation of -10.406 ns between CNC_Top_i/XYZ_Axis_Coordinator/inst/target_pos_z_reg[2]/C (clocked by clk_out1_CNC_Top_clk_wiz_0) and CNC_Top_i/XYZ_Axis_Coordinator/inst/val_reg[20]/D (clocked by clk_out1_CNC_Top_clk_wiz_0). Large setup violations at the end of those stages might be difficult to fix during the post-placement implementation flow and could be the result of non-optimal XDC constraints or non-optimal design architecture
Related violations: <none>

TIMING-16#160 Warning
Large setup violation  
There is a large setup violation of -10.517 ns between CNC_Top_i/XYZ_Axis_Coordinator/inst/target_pos_z_reg[2]/C (clocked by clk_out1_CNC_Top_clk_wiz_0) and CNC_Top_i/XYZ_Axis_Coordinator/inst/val_reg[21]/D (clocked by clk_out1_CNC_Top_clk_wiz_0). Large setup violations at the end of those stages might be difficult to fix during the post-placement implementation flow and could be the result of non-optimal XDC constraints or non-optimal design architecture
Related violations: <none>

TIMING-16#161 Warning
Large setup violation  
There is a large setup violation of -10.868 ns between CNC_Top_i/XYZ_Axis_Coordinator/inst/target_pos_y_reg[8]/C (clocked by clk_out1_CNC_Top_clk_wiz_0) and CNC_Top_i/XYZ_Axis_Coordinator/inst/val_reg[22]/D (clocked by clk_out1_CNC_Top_clk_wiz_0). Large setup violations at the end of those stages might be difficult to fix during the post-placement implementation flow and could be the result of non-optimal XDC constraints or non-optimal design architecture
Related violations: <none>

TIMING-16#162 Warning
Large setup violation  
There is a large setup violation of -10.972 ns between CNC_Top_i/XYZ_Axis_Coordinator/inst/target_pos_y_reg[8]/C (clocked by clk_out1_CNC_Top_clk_wiz_0) and CNC_Top_i/XYZ_Axis_Coordinator/inst/val_reg[23]/D (clocked by clk_out1_CNC_Top_clk_wiz_0). Large setup violations at the end of those stages might be difficult to fix during the post-placement implementation flow and could be the result of non-optimal XDC constraints or non-optimal design architecture
Related violations: <none>

TIMING-16#163 Warning
Large setup violation  
There is a large setup violation of -100.161 ns between CNC_Top_i/XYZ_Axis_Coordinator/inst/target_pos_z_reg[2]/C (clocked by clk_out1_CNC_Top_clk_wiz_0) and CNC_Top_i/XYZ_Axis_Coordinator/inst/cycles_per_step_z_reg[31]/D (clocked by clk_out1_CNC_Top_clk_wiz_0). Large setup violations at the end of those stages might be difficult to fix during the post-placement implementation flow and could be the result of non-optimal XDC constraints or non-optimal design architecture
Related violations: <none>

TIMING-16#164 Warning
Large setup violation  
There is a large setup violation of -101.778 ns between CNC_Top_i/XYZ_Axis_Coordinator/inst/target_pos_y_reg[8]/C (clocked by clk_out1_CNC_Top_clk_wiz_0) and CNC_Top_i/XYZ_Axis_Coordinator/inst/cycles_per_step_y_reg[32]/D (clocked by clk_out1_CNC_Top_clk_wiz_0). Large setup violations at the end of those stages might be difficult to fix during the post-placement implementation flow and could be the result of non-optimal XDC constraints or non-optimal design architecture
Related violations: <none>

TIMING-16#165 Warning
Large setup violation  
There is a large setup violation of -103.380 ns between CNC_Top_i/XYZ_Axis_Coordinator/inst/target_pos_x_reg[14]/C (clocked by clk_out1_CNC_Top_clk_wiz_0) and CNC_Top_i/XYZ_Axis_Coordinator/inst/cycles_per_step_x_reg[30]/D (clocked by clk_out1_CNC_Top_clk_wiz_0). Large setup violations at the end of those stages might be difficult to fix during the post-placement implementation flow and could be the result of non-optimal XDC constraints or non-optimal design architecture
Related violations: <none>

TIMING-16#166 Warning
Large setup violation  
There is a large setup violation of -104.925 ns between CNC_Top_i/XYZ_Axis_Coordinator/inst/target_pos_z_reg[2]/C (clocked by clk_out1_CNC_Top_clk_wiz_0) and CNC_Top_i/XYZ_Axis_Coordinator/inst/cycles_per_step_z_reg[30]/D (clocked by clk_out1_CNC_Top_clk_wiz_0). Large setup violations at the end of those stages might be difficult to fix during the post-placement implementation flow and could be the result of non-optimal XDC constraints or non-optimal design architecture
Related violations: <none>

TIMING-16#167 Warning
Large setup violation  
There is a large setup violation of -106.748 ns between CNC_Top_i/XYZ_Axis_Coordinator/inst/target_pos_y_reg[8]/C (clocked by clk_out1_CNC_Top_clk_wiz_0) and CNC_Top_i/XYZ_Axis_Coordinator/inst/cycles_per_step_y_reg[31]/D (clocked by clk_out1_CNC_Top_clk_wiz_0). Large setup violations at the end of those stages might be difficult to fix during the post-placement implementation flow and could be the result of non-optimal XDC constraints or non-optimal design architecture
Related violations: <none>

TIMING-16#168 Warning
Large setup violation  
There is a large setup violation of -107.441 ns between CNC_Top_i/XYZ_Axis_Coordinator/inst/target_pos_x_reg[14]/C (clocked by clk_out1_CNC_Top_clk_wiz_0) and CNC_Top_i/XYZ_Axis_Coordinator/inst/cycles_per_step_x_reg[29]/D (clocked by clk_out1_CNC_Top_clk_wiz_0). Large setup violations at the end of those stages might be difficult to fix during the post-placement implementation flow and could be the result of non-optimal XDC constraints or non-optimal design architecture
Related violations: <none>

TIMING-16#169 Warning
Large setup violation  
There is a large setup violation of -109.117 ns between CNC_Top_i/XYZ_Axis_Coordinator/inst/target_pos_z_reg[2]/C (clocked by clk_out1_CNC_Top_clk_wiz_0) and CNC_Top_i/XYZ_Axis_Coordinator/inst/cycles_per_step_z_reg[29]/D (clocked by clk_out1_CNC_Top_clk_wiz_0). Large setup violations at the end of those stages might be difficult to fix during the post-placement implementation flow and could be the result of non-optimal XDC constraints or non-optimal design architecture
Related violations: <none>

TIMING-16#170 Warning
Large setup violation  
There is a large setup violation of -11.293 ns between CNC_Top_i/XYZ_Axis_Coordinator/inst/target_pos_y_reg[8]/C (clocked by clk_out1_CNC_Top_clk_wiz_0) and CNC_Top_i/XYZ_Axis_Coordinator/inst/val_reg[24]/D (clocked by clk_out1_CNC_Top_clk_wiz_0). Large setup violations at the end of those stages might be difficult to fix during the post-placement implementation flow and could be the result of non-optimal XDC constraints or non-optimal design architecture
Related violations: <none>

TIMING-16#171 Warning
Large setup violation  
There is a large setup violation of -11.407 ns between CNC_Top_i/XYZ_Axis_Coordinator/inst/target_pos_y_reg[8]/C (clocked by clk_out1_CNC_Top_clk_wiz_0) and CNC_Top_i/XYZ_Axis_Coordinator/inst/val_reg[25]/D (clocked by clk_out1_CNC_Top_clk_wiz_0). Large setup violations at the end of those stages might be difficult to fix during the post-placement implementation flow and could be the result of non-optimal XDC constraints or non-optimal design architecture
Related violations: <none>

TIMING-16#172 Warning
Large setup violation  
There is a large setup violation of -11.530 ns between CNC_Top_i/XYZ_Axis_Coordinator/inst/target_pos_y_reg[8]/C (clocked by clk_out1_CNC_Top_clk_wiz_0) and CNC_Top_i/XYZ_Axis_Coordinator/inst/val_reg[26]/D (clocked by clk_out1_CNC_Top_clk_wiz_0). Large setup violations at the end of those stages might be difficult to fix during the post-placement implementation flow and could be the result of non-optimal XDC constraints or non-optimal design architecture
Related violations: <none>

TIMING-16#173 Warning
Large setup violation  
There is a large setup violation of -11.589 ns between CNC_Top_i/XYZ_Axis_Coordinator/inst/target_pos_y_reg[8]/C (clocked by clk_out1_CNC_Top_clk_wiz_0) and CNC_Top_i/XYZ_Axis_Coordinator/inst/val_reg[27]/D (clocked by clk_out1_CNC_Top_clk_wiz_0). Large setup violations at the end of those stages might be difficult to fix during the post-placement implementation flow and could be the result of non-optimal XDC constraints or non-optimal design architecture
Related violations: <none>

TIMING-16#174 Warning
Large setup violation  
There is a large setup violation of -11.715 ns between CNC_Top_i/XYZ_Axis_Coordinator/inst/target_pos_x_reg[14]/C (clocked by clk_out1_CNC_Top_clk_wiz_0) and CNC_Top_i/XYZ_Axis_Coordinator/inst/cycles_per_step_x_reg[51]/D (clocked by clk_out1_CNC_Top_clk_wiz_0). Large setup violations at the end of those stages might be difficult to fix during the post-placement implementation flow and could be the result of non-optimal XDC constraints or non-optimal design architecture
Related violations: <none>

TIMING-16#175 Warning
Large setup violation  
There is a large setup violation of -11.739 ns between CNC_Top_i/XYZ_Axis_Coordinator/inst/target_pos_y_reg[8]/C (clocked by clk_out1_CNC_Top_clk_wiz_0) and CNC_Top_i/XYZ_Axis_Coordinator/inst/val_reg[28]/D (clocked by clk_out1_CNC_Top_clk_wiz_0). Large setup violations at the end of those stages might be difficult to fix during the post-placement implementation flow and could be the result of non-optimal XDC constraints or non-optimal design architecture
Related violations: <none>

TIMING-16#176 Warning
Large setup violation  
There is a large setup violation of -11.755 ns between CNC_Top_i/XYZ_Axis_Coordinator/inst/target_pos_y_reg[8]/C (clocked by clk_out1_CNC_Top_clk_wiz_0) and CNC_Top_i/XYZ_Axis_Coordinator/inst/val_reg[30]/D (clocked by clk_out1_CNC_Top_clk_wiz_0). Large setup violations at the end of those stages might be difficult to fix during the post-placement implementation flow and could be the result of non-optimal XDC constraints or non-optimal design architecture
Related violations: <none>

TIMING-16#177 Warning
Large setup violation  
There is a large setup violation of -11.829 ns between CNC_Top_i/XYZ_Axis_Coordinator/inst/target_pos_y_reg[8]/C (clocked by clk_out1_CNC_Top_clk_wiz_0) and CNC_Top_i/XYZ_Axis_Coordinator/inst/val_reg[31]/D (clocked by clk_out1_CNC_Top_clk_wiz_0). Large setup violations at the end of those stages might be difficult to fix during the post-placement implementation flow and could be the result of non-optimal XDC constraints or non-optimal design architecture
Related violations: <none>

TIMING-16#178 Warning
Large setup violation  
There is a large setup violation of -11.850 ns between CNC_Top_i/XYZ_Axis_Coordinator/inst/target_pos_y_reg[8]/C (clocked by clk_out1_CNC_Top_clk_wiz_0) and CNC_Top_i/XYZ_Axis_Coordinator/inst/val_reg[29]/D (clocked by clk_out1_CNC_Top_clk_wiz_0). Large setup violations at the end of those stages might be difficult to fix during the post-placement implementation flow and could be the result of non-optimal XDC constraints or non-optimal design architecture
Related violations: <none>

TIMING-16#179 Warning
Large setup violation  
There is a large setup violation of -11.855 ns between CNC_Top_i/XYZ_Axis_Coordinator/inst/target_pos_y_reg[8]/C (clocked by clk_out1_CNC_Top_clk_wiz_0) and CNC_Top_i/XYZ_Axis_Coordinator/inst/val_reg[32]/D (clocked by clk_out1_CNC_Top_clk_wiz_0). Large setup violations at the end of those stages might be difficult to fix during the post-placement implementation flow and could be the result of non-optimal XDC constraints or non-optimal design architecture
Related violations: <none>

TIMING-16#180 Warning
Large setup violation  
There is a large setup violation of -11.871 ns between CNC_Top_i/XYZ_Axis_Coordinator/inst/target_pos_y_reg[8]/C (clocked by clk_out1_CNC_Top_clk_wiz_0) and CNC_Top_i/XYZ_Axis_Coordinator/inst/val_reg[34]/D (clocked by clk_out1_CNC_Top_clk_wiz_0). Large setup violations at the end of those stages might be difficult to fix during the post-placement implementation flow and could be the result of non-optimal XDC constraints or non-optimal design architecture
Related violations: <none>

TIMING-16#181 Warning
Large setup violation  
There is a large setup violation of -11.945 ns between CNC_Top_i/XYZ_Axis_Coordinator/inst/target_pos_y_reg[8]/C (clocked by clk_out1_CNC_Top_clk_wiz_0) and CNC_Top_i/XYZ_Axis_Coordinator/inst/val_reg[35]/D (clocked by clk_out1_CNC_Top_clk_wiz_0). Large setup violations at the end of those stages might be difficult to fix during the post-placement implementation flow and could be the result of non-optimal XDC constraints or non-optimal design architecture
Related violations: <none>

TIMING-16#182 Warning
Large setup violation  
There is a large setup violation of -11.966 ns between CNC_Top_i/XYZ_Axis_Coordinator/inst/target_pos_y_reg[8]/C (clocked by clk_out1_CNC_Top_clk_wiz_0) and CNC_Top_i/XYZ_Axis_Coordinator/inst/val_reg[33]/D (clocked by clk_out1_CNC_Top_clk_wiz_0). Large setup violations at the end of those stages might be difficult to fix during the post-placement implementation flow and could be the result of non-optimal XDC constraints or non-optimal design architecture
Related violations: <none>

TIMING-16#183 Warning
Large setup violation  
There is a large setup violation of -11.978 ns between CNC_Top_i/XYZ_Axis_Coordinator/inst/target_pos_y_reg[8]/C (clocked by clk_out1_CNC_Top_clk_wiz_0) and CNC_Top_i/XYZ_Axis_Coordinator/inst/val_reg[36]/D (clocked by clk_out1_CNC_Top_clk_wiz_0). Large setup violations at the end of those stages might be difficult to fix during the post-placement implementation flow and could be the result of non-optimal XDC constraints or non-optimal design architecture
Related violations: <none>

TIMING-16#184 Warning
Large setup violation  
There is a large setup violation of -11.994 ns between CNC_Top_i/XYZ_Axis_Coordinator/inst/target_pos_y_reg[8]/C (clocked by clk_out1_CNC_Top_clk_wiz_0) and CNC_Top_i/XYZ_Axis_Coordinator/inst/val_reg[38]/D (clocked by clk_out1_CNC_Top_clk_wiz_0). Large setup violations at the end of those stages might be difficult to fix during the post-placement implementation flow and could be the result of non-optimal XDC constraints or non-optimal design architecture
Related violations: <none>

TIMING-16#185 Warning
Large setup violation  
There is a large setup violation of -110.799 ns between CNC_Top_i/XYZ_Axis_Coordinator/inst/target_pos_y_reg[8]/C (clocked by clk_out1_CNC_Top_clk_wiz_0) and CNC_Top_i/XYZ_Axis_Coordinator/inst/cycles_per_step_y_reg[30]/D (clocked by clk_out1_CNC_Top_clk_wiz_0). Large setup violations at the end of those stages might be difficult to fix during the post-placement implementation flow and could be the result of non-optimal XDC constraints or non-optimal design architecture
Related violations: <none>

TIMING-16#186 Warning
Large setup violation  
There is a large setup violation of -112.065 ns between CNC_Top_i/XYZ_Axis_Coordinator/inst/target_pos_x_reg[14]/C (clocked by clk_out1_CNC_Top_clk_wiz_0) and CNC_Top_i/XYZ_Axis_Coordinator/inst/cycles_per_step_x_reg[28]/D (clocked by clk_out1_CNC_Top_clk_wiz_0). Large setup violations at the end of those stages might be difficult to fix during the post-placement implementation flow and could be the result of non-optimal XDC constraints or non-optimal design architecture
Related violations: <none>

TIMING-16#187 Warning
Large setup violation  
There is a large setup violation of -113.445 ns between CNC_Top_i/XYZ_Axis_Coordinator/inst/target_pos_z_reg[2]/C (clocked by clk_out1_CNC_Top_clk_wiz_0) and CNC_Top_i/XYZ_Axis_Coordinator/inst/cycles_per_step_z_reg[28]/D (clocked by clk_out1_CNC_Top_clk_wiz_0). Large setup violations at the end of those stages might be difficult to fix during the post-placement implementation flow and could be the result of non-optimal XDC constraints or non-optimal design architecture
Related violations: <none>

TIMING-16#188 Warning
Large setup violation  
There is a large setup violation of -114.778 ns between CNC_Top_i/XYZ_Axis_Coordinator/inst/target_pos_y_reg[8]/C (clocked by clk_out1_CNC_Top_clk_wiz_0) and CNC_Top_i/XYZ_Axis_Coordinator/inst/cycles_per_step_y_reg[29]/D (clocked by clk_out1_CNC_Top_clk_wiz_0). Large setup violations at the end of those stages might be difficult to fix during the post-placement implementation flow and could be the result of non-optimal XDC constraints or non-optimal design architecture
Related violations: <none>

TIMING-16#189 Warning
Large setup violation  
There is a large setup violation of -116.120 ns between CNC_Top_i/XYZ_Axis_Coordinator/inst/target_pos_x_reg[14]/C (clocked by clk_out1_CNC_Top_clk_wiz_0) and CNC_Top_i/XYZ_Axis_Coordinator/inst/cycles_per_step_x_reg[27]/D (clocked by clk_out1_CNC_Top_clk_wiz_0). Large setup violations at the end of those stages might be difficult to fix during the post-placement implementation flow and could be the result of non-optimal XDC constraints or non-optimal design architecture
Related violations: <none>

TIMING-16#190 Warning
Large setup violation  
There is a large setup violation of -118.308 ns between CNC_Top_i/XYZ_Axis_Coordinator/inst/target_pos_z_reg[2]/C (clocked by clk_out1_CNC_Top_clk_wiz_0) and CNC_Top_i/XYZ_Axis_Coordinator/inst/cycles_per_step_z_reg[27]/D (clocked by clk_out1_CNC_Top_clk_wiz_0). Large setup violations at the end of those stages might be difficult to fix during the post-placement implementation flow and could be the result of non-optimal XDC constraints or non-optimal design architecture
Related violations: <none>

TIMING-16#191 Warning
Large setup violation  
There is a large setup violation of -118.692 ns between CNC_Top_i/XYZ_Axis_Coordinator/inst/target_pos_x_reg[14]/C (clocked by clk_out1_CNC_Top_clk_wiz_0) and CNC_Top_i/XYZ_Axis_Coordinator/inst/cycles_per_step_x_reg[26]/D (clocked by clk_out1_CNC_Top_clk_wiz_0). Large setup violations at the end of those stages might be difficult to fix during the post-placement implementation flow and could be the result of non-optimal XDC constraints or non-optimal design architecture
Related violations: <none>

TIMING-16#192 Warning
Large setup violation  
There is a large setup violation of -119.013 ns between CNC_Top_i/XYZ_Axis_Coordinator/inst/target_pos_y_reg[8]/C (clocked by clk_out1_CNC_Top_clk_wiz_0) and CNC_Top_i/XYZ_Axis_Coordinator/inst/cycles_per_step_y_reg[28]/D (clocked by clk_out1_CNC_Top_clk_wiz_0). Large setup violations at the end of those stages might be difficult to fix during the post-placement implementation flow and could be the result of non-optimal XDC constraints or non-optimal design architecture
Related violations: <none>

TIMING-16#193 Warning
Large setup violation  
There is a large setup violation of -12.068 ns between CNC_Top_i/XYZ_Axis_Coordinator/inst/target_pos_y_reg[8]/C (clocked by clk_out1_CNC_Top_clk_wiz_0) and CNC_Top_i/XYZ_Axis_Coordinator/inst/val_reg[39]/D (clocked by clk_out1_CNC_Top_clk_wiz_0). Large setup violations at the end of those stages might be difficult to fix during the post-placement implementation flow and could be the result of non-optimal XDC constraints or non-optimal design architecture
Related violations: <none>

TIMING-16#194 Warning
Large setup violation  
There is a large setup violation of -12.089 ns between CNC_Top_i/XYZ_Axis_Coordinator/inst/target_pos_y_reg[8]/C (clocked by clk_out1_CNC_Top_clk_wiz_0) and CNC_Top_i/XYZ_Axis_Coordinator/inst/val_reg[37]/D (clocked by clk_out1_CNC_Top_clk_wiz_0). Large setup violations at the end of those stages might be difficult to fix during the post-placement implementation flow and could be the result of non-optimal XDC constraints or non-optimal design architecture
Related violations: <none>

TIMING-16#195 Warning
Large setup violation  
There is a large setup violation of -12.090 ns between CNC_Top_i/XYZ_Axis_Coordinator/inst/target_pos_y_reg[8]/C (clocked by clk_out1_CNC_Top_clk_wiz_0) and CNC_Top_i/XYZ_Axis_Coordinator/inst/val_reg[40]/D (clocked by clk_out1_CNC_Top_clk_wiz_0). Large setup violations at the end of those stages might be difficult to fix during the post-placement implementation flow and could be the result of non-optimal XDC constraints or non-optimal design architecture
Related violations: <none>

TIMING-16#196 Warning
Large setup violation  
There is a large setup violation of -12.106 ns between CNC_Top_i/XYZ_Axis_Coordinator/inst/target_pos_y_reg[8]/C (clocked by clk_out1_CNC_Top_clk_wiz_0) and CNC_Top_i/XYZ_Axis_Coordinator/inst/val_reg[42]/D (clocked by clk_out1_CNC_Top_clk_wiz_0). Large setup violations at the end of those stages might be difficult to fix during the post-placement implementation flow and could be the result of non-optimal XDC constraints or non-optimal design architecture
Related violations: <none>

TIMING-16#197 Warning
Large setup violation  
There is a large setup violation of -12.180 ns between CNC_Top_i/XYZ_Axis_Coordinator/inst/target_pos_y_reg[8]/C (clocked by clk_out1_CNC_Top_clk_wiz_0) and CNC_Top_i/XYZ_Axis_Coordinator/inst/val_reg[43]/D (clocked by clk_out1_CNC_Top_clk_wiz_0). Large setup violations at the end of those stages might be difficult to fix during the post-placement implementation flow and could be the result of non-optimal XDC constraints or non-optimal design architecture
Related violations: <none>

TIMING-16#198 Warning
Large setup violation  
There is a large setup violation of -12.201 ns between CNC_Top_i/XYZ_Axis_Coordinator/inst/target_pos_y_reg[8]/C (clocked by clk_out1_CNC_Top_clk_wiz_0) and CNC_Top_i/XYZ_Axis_Coordinator/inst/val_reg[41]/D (clocked by clk_out1_CNC_Top_clk_wiz_0). Large setup violations at the end of those stages might be difficult to fix during the post-placement implementation flow and could be the result of non-optimal XDC constraints or non-optimal design architecture
Related violations: <none>

TIMING-16#199 Warning
Large setup violation  
There is a large setup violation of -12.241 ns between CNC_Top_i/XYZ_Axis_Coordinator/inst/target_pos_y_reg[8]/C (clocked by clk_out1_CNC_Top_clk_wiz_0) and CNC_Top_i/XYZ_Axis_Coordinator/inst/val_reg[44]/D (clocked by clk_out1_CNC_Top_clk_wiz_0). Large setup violations at the end of those stages might be difficult to fix during the post-placement implementation flow and could be the result of non-optimal XDC constraints or non-optimal design architecture
Related violations: <none>

TIMING-16#200 Warning
Large setup violation  
There is a large setup violation of -12.257 ns between CNC_Top_i/XYZ_Axis_Coordinator/inst/target_pos_y_reg[8]/C (clocked by clk_out1_CNC_Top_clk_wiz_0) and CNC_Top_i/XYZ_Axis_Coordinator/inst/val_reg[46]/D (clocked by clk_out1_CNC_Top_clk_wiz_0). Large setup violations at the end of those stages might be difficult to fix during the post-placement implementation flow and could be the result of non-optimal XDC constraints or non-optimal design architecture
Related violations: <none>

TIMING-16#201 Warning
Large setup violation  
There is a large setup violation of -12.331 ns between CNC_Top_i/XYZ_Axis_Coordinator/inst/target_pos_y_reg[8]/C (clocked by clk_out1_CNC_Top_clk_wiz_0) and CNC_Top_i/XYZ_Axis_Coordinator/inst/val_reg[47]/D (clocked by clk_out1_CNC_Top_clk_wiz_0). Large setup violations at the end of those stages might be difficult to fix during the post-placement implementation flow and could be the result of non-optimal XDC constraints or non-optimal design architecture
Related violations: <none>

TIMING-16#202 Warning
Large setup violation  
There is a large setup violation of -12.352 ns between CNC_Top_i/XYZ_Axis_Coordinator/inst/target_pos_y_reg[8]/C (clocked by clk_out1_CNC_Top_clk_wiz_0) and CNC_Top_i/XYZ_Axis_Coordinator/inst/val_reg[45]/D (clocked by clk_out1_CNC_Top_clk_wiz_0). Large setup violations at the end of those stages might be difficult to fix during the post-placement implementation flow and could be the result of non-optimal XDC constraints or non-optimal design architecture
Related violations: <none>

TIMING-16#203 Warning
Large setup violation  
There is a large setup violation of -12.353 ns between CNC_Top_i/XYZ_Axis_Coordinator/inst/target_pos_y_reg[8]/C (clocked by clk_out1_CNC_Top_clk_wiz_0) and CNC_Top_i/XYZ_Axis_Coordinator/inst/val_reg[48]/D (clocked by clk_out1_CNC_Top_clk_wiz_0). Large setup violations at the end of those stages might be difficult to fix during the post-placement implementation flow and could be the result of non-optimal XDC constraints or non-optimal design architecture
Related violations: <none>

TIMING-16#204 Warning
Large setup violation  
There is a large setup violation of -12.369 ns between CNC_Top_i/XYZ_Axis_Coordinator/inst/target_pos_y_reg[8]/C (clocked by clk_out1_CNC_Top_clk_wiz_0) and CNC_Top_i/XYZ_Axis_Coordinator/inst/val_reg[50]/D (clocked by clk_out1_CNC_Top_clk_wiz_0). Large setup violations at the end of those stages might be difficult to fix during the post-placement implementation flow and could be the result of non-optimal XDC constraints or non-optimal design architecture
Related violations: <none>

TIMING-16#205 Warning
Large setup violation  
There is a large setup violation of -12.443 ns between CNC_Top_i/XYZ_Axis_Coordinator/inst/target_pos_y_reg[8]/C (clocked by clk_out1_CNC_Top_clk_wiz_0) and CNC_Top_i/XYZ_Axis_Coordinator/inst/val_reg[51]/D (clocked by clk_out1_CNC_Top_clk_wiz_0). Large setup violations at the end of those stages might be difficult to fix during the post-placement implementation flow and could be the result of non-optimal XDC constraints or non-optimal design architecture
Related violations: <none>

TIMING-16#206 Warning
Large setup violation  
There is a large setup violation of -12.464 ns between CNC_Top_i/XYZ_Axis_Coordinator/inst/target_pos_y_reg[8]/C (clocked by clk_out1_CNC_Top_clk_wiz_0) and CNC_Top_i/XYZ_Axis_Coordinator/inst/val_reg[49]/D (clocked by clk_out1_CNC_Top_clk_wiz_0). Large setup violations at the end of those stages might be difficult to fix during the post-placement implementation flow and could be the result of non-optimal XDC constraints or non-optimal design architecture
Related violations: <none>

TIMING-16#207 Warning
Large setup violation  
There is a large setup violation of -12.466 ns between CNC_Top_i/XYZ_Axis_Coordinator/inst/target_pos_y_reg[8]/C (clocked by clk_out1_CNC_Top_clk_wiz_0) and CNC_Top_i/XYZ_Axis_Coordinator/inst/val_reg[52]/D (clocked by clk_out1_CNC_Top_clk_wiz_0). Large setup violations at the end of those stages might be difficult to fix during the post-placement implementation flow and could be the result of non-optimal XDC constraints or non-optimal design architecture
Related violations: <none>

TIMING-16#208 Warning
Large setup violation  
There is a large setup violation of -12.482 ns between CNC_Top_i/XYZ_Axis_Coordinator/inst/target_pos_y_reg[8]/C (clocked by clk_out1_CNC_Top_clk_wiz_0) and CNC_Top_i/XYZ_Axis_Coordinator/inst/val_reg[54]/D (clocked by clk_out1_CNC_Top_clk_wiz_0). Large setup violations at the end of those stages might be difficult to fix during the post-placement implementation flow and could be the result of non-optimal XDC constraints or non-optimal design architecture
Related violations: <none>

TIMING-16#209 Warning
Large setup violation  
There is a large setup violation of -12.556 ns between CNC_Top_i/XYZ_Axis_Coordinator/inst/target_pos_y_reg[8]/C (clocked by clk_out1_CNC_Top_clk_wiz_0) and CNC_Top_i/XYZ_Axis_Coordinator/inst/val_reg[55]/D (clocked by clk_out1_CNC_Top_clk_wiz_0). Large setup violations at the end of those stages might be difficult to fix during the post-placement implementation flow and could be the result of non-optimal XDC constraints or non-optimal design architecture
Related violations: <none>

TIMING-16#210 Warning
Large setup violation  
There is a large setup violation of -12.577 ns between CNC_Top_i/XYZ_Axis_Coordinator/inst/target_pos_y_reg[8]/C (clocked by clk_out1_CNC_Top_clk_wiz_0) and CNC_Top_i/XYZ_Axis_Coordinator/inst/val_reg[53]/D (clocked by clk_out1_CNC_Top_clk_wiz_0). Large setup violations at the end of those stages might be difficult to fix during the post-placement implementation flow and could be the result of non-optimal XDC constraints or non-optimal design architecture
Related violations: <none>

TIMING-16#211 Warning
Large setup violation  
There is a large setup violation of -12.580 ns between CNC_Top_i/XYZ_Axis_Coordinator/inst/target_pos_y_reg[8]/C (clocked by clk_out1_CNC_Top_clk_wiz_0) and CNC_Top_i/XYZ_Axis_Coordinator/inst/val_reg[56]/D (clocked by clk_out1_CNC_Top_clk_wiz_0). Large setup violations at the end of those stages might be difficult to fix during the post-placement implementation flow and could be the result of non-optimal XDC constraints or non-optimal design architecture
Related violations: <none>

TIMING-16#212 Warning
Large setup violation  
There is a large setup violation of -12.669 ns between CNC_Top_i/XYZ_Axis_Coordinator/inst/target_pos_x_reg[14]/C (clocked by clk_out1_CNC_Top_clk_wiz_0) and CNC_Top_i/XYZ_Axis_Coordinator/inst/val_reg[58]/D (clocked by clk_out1_CNC_Top_clk_wiz_0). Large setup violations at the end of those stages might be difficult to fix during the post-placement implementation flow and could be the result of non-optimal XDC constraints or non-optimal design architecture
Related violations: <none>

TIMING-16#213 Warning
Large setup violation  
There is a large setup violation of -12.691 ns between CNC_Top_i/XYZ_Axis_Coordinator/inst/target_pos_y_reg[8]/C (clocked by clk_out1_CNC_Top_clk_wiz_0) and CNC_Top_i/XYZ_Axis_Coordinator/inst/val_reg[57]/D (clocked by clk_out1_CNC_Top_clk_wiz_0). Large setup violations at the end of those stages might be difficult to fix during the post-placement implementation flow and could be the result of non-optimal XDC constraints or non-optimal design architecture
Related violations: <none>

TIMING-16#214 Warning
Large setup violation  
There is a large setup violation of -12.728 ns between CNC_Top_i/XYZ_Axis_Coordinator/inst/target_pos_x_reg[14]/C (clocked by clk_out1_CNC_Top_clk_wiz_0) and CNC_Top_i/XYZ_Axis_Coordinator/inst/val_reg[59]/D (clocked by clk_out1_CNC_Top_clk_wiz_0). Large setup violations at the end of those stages might be difficult to fix during the post-placement implementation flow and could be the result of non-optimal XDC constraints or non-optimal design architecture
Related violations: <none>

TIMING-16#215 Warning
Large setup violation  
There is a large setup violation of -12.876 ns between CNC_Top_i/XYZ_Axis_Coordinator/inst/target_pos_x_reg[14]/C (clocked by clk_out1_CNC_Top_clk_wiz_0) and CNC_Top_i/XYZ_Axis_Coordinator/inst/val_reg[60]/D (clocked by clk_out1_CNC_Top_clk_wiz_0). Large setup violations at the end of those stages might be difficult to fix during the post-placement implementation flow and could be the result of non-optimal XDC constraints or non-optimal design architecture
Related violations: <none>

TIMING-16#216 Warning
Large setup violation  
There is a large setup violation of -12.892 ns between CNC_Top_i/XYZ_Axis_Coordinator/inst/target_pos_x_reg[14]/C (clocked by clk_out1_CNC_Top_clk_wiz_0) and CNC_Top_i/XYZ_Axis_Coordinator/inst/val_reg[62]/D (clocked by clk_out1_CNC_Top_clk_wiz_0). Large setup violations at the end of those stages might be difficult to fix during the post-placement implementation flow and could be the result of non-optimal XDC constraints or non-optimal design architecture
Related violations: <none>

TIMING-16#217 Warning
Large setup violation  
There is a large setup violation of -12.966 ns between CNC_Top_i/XYZ_Axis_Coordinator/inst/target_pos_x_reg[14]/C (clocked by clk_out1_CNC_Top_clk_wiz_0) and CNC_Top_i/XYZ_Axis_Coordinator/inst/val_reg[63]/D (clocked by clk_out1_CNC_Top_clk_wiz_0). Large setup violations at the end of those stages might be difficult to fix during the post-placement implementation flow and could be the result of non-optimal XDC constraints or non-optimal design architecture
Related violations: <none>

TIMING-16#218 Warning
Large setup violation  
There is a large setup violation of -12.987 ns between CNC_Top_i/XYZ_Axis_Coordinator/inst/target_pos_x_reg[14]/C (clocked by clk_out1_CNC_Top_clk_wiz_0) and CNC_Top_i/XYZ_Axis_Coordinator/inst/val_reg[61]/D (clocked by clk_out1_CNC_Top_clk_wiz_0). Large setup violations at the end of those stages might be difficult to fix during the post-placement implementation flow and could be the result of non-optimal XDC constraints or non-optimal design architecture
Related violations: <none>

TIMING-16#219 Warning
Large setup violation  
There is a large setup violation of -122.756 ns between CNC_Top_i/XYZ_Axis_Coordinator/inst/target_pos_z_reg[2]/C (clocked by clk_out1_CNC_Top_clk_wiz_0) and CNC_Top_i/XYZ_Axis_Coordinator/inst/cycles_per_step_z_reg[26]/D (clocked by clk_out1_CNC_Top_clk_wiz_0). Large setup violations at the end of those stages might be difficult to fix during the post-placement implementation flow and could be the result of non-optimal XDC constraints or non-optimal design architecture
Related violations: <none>

TIMING-16#220 Warning
Large setup violation  
There is a large setup violation of -123.680 ns between CNC_Top_i/XYZ_Axis_Coordinator/inst/target_pos_y_reg[8]/C (clocked by clk_out1_CNC_Top_clk_wiz_0) and CNC_Top_i/XYZ_Axis_Coordinator/inst/cycles_per_step_y_reg[27]/D (clocked by clk_out1_CNC_Top_clk_wiz_0). Large setup violations at the end of those stages might be difficult to fix during the post-placement implementation flow and could be the result of non-optimal XDC constraints or non-optimal design architecture
Related violations: <none>

TIMING-16#221 Warning
Large setup violation  
There is a large setup violation of -123.860 ns between CNC_Top_i/XYZ_Axis_Coordinator/inst/target_pos_x_reg[14]/C (clocked by clk_out1_CNC_Top_clk_wiz_0) and CNC_Top_i/XYZ_Axis_Coordinator/inst/cycles_per_step_x_reg[25]/D (clocked by clk_out1_CNC_Top_clk_wiz_0). Large setup violations at the end of those stages might be difficult to fix during the post-placement implementation flow and could be the result of non-optimal XDC constraints or non-optimal design architecture
Related violations: <none>

TIMING-16#222 Warning
Large setup violation  
There is a large setup violation of -126.440 ns between CNC_Top_i/XYZ_Axis_Coordinator/inst/target_pos_z_reg[2]/C (clocked by clk_out1_CNC_Top_clk_wiz_0) and CNC_Top_i/XYZ_Axis_Coordinator/inst/cycles_per_step_z_reg[25]/D (clocked by clk_out1_CNC_Top_clk_wiz_0). Large setup violations at the end of those stages might be difficult to fix during the post-placement implementation flow and could be the result of non-optimal XDC constraints or non-optimal design architecture
Related violations: <none>

TIMING-16#223 Warning
Large setup violation  
There is a large setup violation of -128.272 ns between CNC_Top_i/XYZ_Axis_Coordinator/inst/target_pos_y_reg[8]/C (clocked by clk_out1_CNC_Top_clk_wiz_0) and CNC_Top_i/XYZ_Axis_Coordinator/inst/cycles_per_step_y_reg[26]/D (clocked by clk_out1_CNC_Top_clk_wiz_0). Large setup violations at the end of those stages might be difficult to fix during the post-placement implementation flow and could be the result of non-optimal XDC constraints or non-optimal design architecture
Related violations: <none>

TIMING-16#224 Warning
Large setup violation  
There is a large setup violation of -128.702 ns between CNC_Top_i/XYZ_Axis_Coordinator/inst/target_pos_x_reg[14]/C (clocked by clk_out1_CNC_Top_clk_wiz_0) and CNC_Top_i/XYZ_Axis_Coordinator/inst/cycles_per_step_x_reg[24]/D (clocked by clk_out1_CNC_Top_clk_wiz_0). Large setup violations at the end of those stages might be difficult to fix during the post-placement implementation flow and could be the result of non-optimal XDC constraints or non-optimal design architecture
Related violations: <none>

TIMING-16#225 Warning
Large setup violation  
There is a large setup violation of -131.364 ns between CNC_Top_i/XYZ_Axis_Coordinator/inst/target_pos_z_reg[2]/C (clocked by clk_out1_CNC_Top_clk_wiz_0) and CNC_Top_i/XYZ_Axis_Coordinator/inst/cycles_per_step_z_reg[24]/D (clocked by clk_out1_CNC_Top_clk_wiz_0). Large setup violations at the end of those stages might be difficult to fix during the post-placement implementation flow and could be the result of non-optimal XDC constraints or non-optimal design architecture
Related violations: <none>

TIMING-16#226 Warning
Large setup violation  
There is a large setup violation of -132.418 ns between CNC_Top_i/XYZ_Axis_Coordinator/inst/target_pos_y_reg[8]/C (clocked by clk_out1_CNC_Top_clk_wiz_0) and CNC_Top_i/XYZ_Axis_Coordinator/inst/cycles_per_step_y_reg[25]/D (clocked by clk_out1_CNC_Top_clk_wiz_0). Large setup violations at the end of those stages might be difficult to fix during the post-placement implementation flow and could be the result of non-optimal XDC constraints or non-optimal design architecture
Related violations: <none>

TIMING-16#227 Warning
Large setup violation  
There is a large setup violation of -133.286 ns between CNC_Top_i/XYZ_Axis_Coordinator/inst/target_pos_x_reg[14]/C (clocked by clk_out1_CNC_Top_clk_wiz_0) and CNC_Top_i/XYZ_Axis_Coordinator/inst/cycles_per_step_x_reg[23]/D (clocked by clk_out1_CNC_Top_clk_wiz_0). Large setup violations at the end of those stages might be difficult to fix during the post-placement implementation flow and could be the result of non-optimal XDC constraints or non-optimal design architecture
Related violations: <none>

TIMING-16#228 Warning
Large setup violation  
There is a large setup violation of -136.480 ns between CNC_Top_i/XYZ_Axis_Coordinator/inst/target_pos_x_reg[14]/C (clocked by clk_out1_CNC_Top_clk_wiz_0) and CNC_Top_i/XYZ_Axis_Coordinator/inst/cycles_per_step_x_reg[22]/D (clocked by clk_out1_CNC_Top_clk_wiz_0). Large setup violations at the end of those stages might be difficult to fix during the post-placement implementation flow and could be the result of non-optimal XDC constraints or non-optimal design architecture
Related violations: <none>

TIMING-16#229 Warning
Large setup violation  
There is a large setup violation of -136.850 ns between CNC_Top_i/XYZ_Axis_Coordinator/inst/target_pos_z_reg[2]/C (clocked by clk_out1_CNC_Top_clk_wiz_0) and CNC_Top_i/XYZ_Axis_Coordinator/inst/cycles_per_step_z_reg[23]/D (clocked by clk_out1_CNC_Top_clk_wiz_0). Large setup violations at the end of those stages might be difficult to fix during the post-placement implementation flow and could be the result of non-optimal XDC constraints or non-optimal design architecture
Related violations: <none>

TIMING-16#230 Warning
Large setup violation  
There is a large setup violation of -137.526 ns between CNC_Top_i/XYZ_Axis_Coordinator/inst/target_pos_y_reg[8]/C (clocked by clk_out1_CNC_Top_clk_wiz_0) and CNC_Top_i/XYZ_Axis_Coordinator/inst/cycles_per_step_y_reg[24]/D (clocked by clk_out1_CNC_Top_clk_wiz_0). Large setup violations at the end of those stages might be difficult to fix during the post-placement implementation flow and could be the result of non-optimal XDC constraints or non-optimal design architecture
Related violations: <none>

TIMING-16#231 Warning
Large setup violation  
There is a large setup violation of -139.790 ns between CNC_Top_i/XYZ_Axis_Coordinator/inst/target_pos_z_reg[2]/C (clocked by clk_out1_CNC_Top_clk_wiz_0) and CNC_Top_i/XYZ_Axis_Coordinator/inst/cycles_per_step_z_reg[22]/D (clocked by clk_out1_CNC_Top_clk_wiz_0). Large setup violations at the end of those stages might be difficult to fix during the post-placement implementation flow and could be the result of non-optimal XDC constraints or non-optimal design architecture
Related violations: <none>

TIMING-16#232 Warning
Large setup violation  
There is a large setup violation of -142.586 ns between CNC_Top_i/XYZ_Axis_Coordinator/inst/target_pos_y_reg[8]/C (clocked by clk_out1_CNC_Top_clk_wiz_0) and CNC_Top_i/XYZ_Axis_Coordinator/inst/cycles_per_step_y_reg[23]/D (clocked by clk_out1_CNC_Top_clk_wiz_0). Large setup violations at the end of those stages might be difficult to fix during the post-placement implementation flow and could be the result of non-optimal XDC constraints or non-optimal design architecture
Related violations: <none>

TIMING-16#233 Warning
Large setup violation  
There is a large setup violation of -143.603 ns between CNC_Top_i/XYZ_Axis_Coordinator/inst/target_pos_x_reg[14]/C (clocked by clk_out1_CNC_Top_clk_wiz_0) and CNC_Top_i/XYZ_Axis_Coordinator/inst/cycles_per_step_x_reg[21]/D (clocked by clk_out1_CNC_Top_clk_wiz_0). Large setup violations at the end of those stages might be difficult to fix during the post-placement implementation flow and could be the result of non-optimal XDC constraints or non-optimal design architecture
Related violations: <none>

TIMING-16#234 Warning
Large setup violation  
There is a large setup violation of -144.652 ns between CNC_Top_i/XYZ_Axis_Coordinator/inst/target_pos_z_reg[2]/C (clocked by clk_out1_CNC_Top_clk_wiz_0) and CNC_Top_i/XYZ_Axis_Coordinator/inst/cycles_per_step_z_reg[21]/D (clocked by clk_out1_CNC_Top_clk_wiz_0). Large setup violations at the end of those stages might be difficult to fix during the post-placement implementation flow and could be the result of non-optimal XDC constraints or non-optimal design architecture
Related violations: <none>

TIMING-16#235 Warning
Large setup violation  
There is a large setup violation of -147.104 ns between CNC_Top_i/XYZ_Axis_Coordinator/inst/target_pos_x_reg[14]/C (clocked by clk_out1_CNC_Top_clk_wiz_0) and CNC_Top_i/XYZ_Axis_Coordinator/inst/cycles_per_step_x_reg[20]/D (clocked by clk_out1_CNC_Top_clk_wiz_0). Large setup violations at the end of those stages might be difficult to fix during the post-placement implementation flow and could be the result of non-optimal XDC constraints or non-optimal design architecture
Related violations: <none>

TIMING-16#236 Warning
Large setup violation  
There is a large setup violation of -147.554 ns between CNC_Top_i/XYZ_Axis_Coordinator/inst/target_pos_y_reg[8]/C (clocked by clk_out1_CNC_Top_clk_wiz_0) and CNC_Top_i/XYZ_Axis_Coordinator/inst/cycles_per_step_y_reg[22]/D (clocked by clk_out1_CNC_Top_clk_wiz_0). Large setup violations at the end of those stages might be difficult to fix during the post-placement implementation flow and could be the result of non-optimal XDC constraints or non-optimal design architecture
Related violations: <none>

TIMING-16#237 Warning
Large setup violation  
There is a large setup violation of -149.758 ns between CNC_Top_i/XYZ_Axis_Coordinator/inst/target_pos_z_reg[2]/C (clocked by clk_out1_CNC_Top_clk_wiz_0) and CNC_Top_i/XYZ_Axis_Coordinator/inst/cycles_per_step_z_reg[20]/D (clocked by clk_out1_CNC_Top_clk_wiz_0). Large setup violations at the end of those stages might be difficult to fix during the post-placement implementation flow and could be the result of non-optimal XDC constraints or non-optimal design architecture
Related violations: <none>

TIMING-16#238 Warning
Large setup violation  
There is a large setup violation of -15.754 ns between CNC_Top_i/XYZ_Axis_Coordinator/inst/target_pos_z_reg[2]/C (clocked by clk_out1_CNC_Top_clk_wiz_0) and CNC_Top_i/XYZ_Axis_Coordinator/inst/cycles_per_step_z_reg[50]/D (clocked by clk_out1_CNC_Top_clk_wiz_0). Large setup violations at the end of those stages might be difficult to fix during the post-placement implementation flow and could be the result of non-optimal XDC constraints or non-optimal design architecture
Related violations: <none>

TIMING-16#239 Warning
Large setup violation  
There is a large setup violation of -152.044 ns between CNC_Top_i/XYZ_Axis_Coordinator/inst/target_pos_x_reg[14]/C (clocked by clk_out1_CNC_Top_clk_wiz_0) and CNC_Top_i/XYZ_Axis_Coordinator/inst/cycles_per_step_x_reg[19]/D (clocked by clk_out1_CNC_Top_clk_wiz_0). Large setup violations at the end of those stages might be difficult to fix during the post-placement implementation flow and could be the result of non-optimal XDC constraints or non-optimal design architecture
Related violations: <none>

TIMING-16#240 Warning
Large setup violation  
There is a large setup violation of -152.193 ns between CNC_Top_i/XYZ_Axis_Coordinator/inst/target_pos_y_reg[8]/C (clocked by clk_out1_CNC_Top_clk_wiz_0) and CNC_Top_i/XYZ_Axis_Coordinator/inst/cycles_per_step_y_reg[21]/D (clocked by clk_out1_CNC_Top_clk_wiz_0). Large setup violations at the end of those stages might be difficult to fix during the post-placement implementation flow and could be the result of non-optimal XDC constraints or non-optimal design architecture
Related violations: <none>

TIMING-16#241 Warning
Large setup violation  
There is a large setup violation of -153.314 ns between CNC_Top_i/XYZ_Axis_Coordinator/inst/target_pos_z_reg[2]/C (clocked by clk_out1_CNC_Top_clk_wiz_0) and CNC_Top_i/XYZ_Axis_Coordinator/inst/cycles_per_step_z_reg[19]/D (clocked by clk_out1_CNC_Top_clk_wiz_0). Large setup violations at the end of those stages might be difficult to fix during the post-placement implementation flow and could be the result of non-optimal XDC constraints or non-optimal design architecture
Related violations: <none>

TIMING-16#242 Warning
Large setup violation  
There is a large setup violation of -154.499 ns between CNC_Top_i/XYZ_Axis_Coordinator/inst/target_pos_x_reg[14]/C (clocked by clk_out1_CNC_Top_clk_wiz_0) and CNC_Top_i/XYZ_Axis_Coordinator/inst/cycles_per_step_x_reg[18]/D (clocked by clk_out1_CNC_Top_clk_wiz_0). Large setup violations at the end of those stages might be difficult to fix during the post-placement implementation flow and could be the result of non-optimal XDC constraints or non-optimal design architecture
Related violations: <none>

TIMING-16#243 Warning
Large setup violation  
There is a large setup violation of -156.762 ns between CNC_Top_i/XYZ_Axis_Coordinator/inst/target_pos_y_reg[8]/C (clocked by clk_out1_CNC_Top_clk_wiz_0) and CNC_Top_i/XYZ_Axis_Coordinator/inst/cycles_per_step_y_reg[20]/D (clocked by clk_out1_CNC_Top_clk_wiz_0). Large setup violations at the end of those stages might be difficult to fix during the post-placement implementation flow and could be the result of non-optimal XDC constraints or non-optimal design architecture
Related violations: <none>

TIMING-16#244 Warning
Large setup violation  
There is a large setup violation of -157.752 ns between CNC_Top_i/XYZ_Axis_Coordinator/inst/target_pos_z_reg[2]/C (clocked by clk_out1_CNC_Top_clk_wiz_0) and CNC_Top_i/XYZ_Axis_Coordinator/inst/cycles_per_step_z_reg[18]/D (clocked by clk_out1_CNC_Top_clk_wiz_0). Large setup violations at the end of those stages might be difficult to fix during the post-placement implementation flow and could be the result of non-optimal XDC constraints or non-optimal design architecture
Related violations: <none>

TIMING-16#245 Warning
Large setup violation  
There is a large setup violation of -16.006 ns between CNC_Top_i/XYZ_Axis_Coordinator/inst/target_pos_x_reg[14]/C (clocked by clk_out1_CNC_Top_clk_wiz_0) and CNC_Top_i/XYZ_Axis_Coordinator/inst/cycles_per_step_x_reg[50]/D (clocked by clk_out1_CNC_Top_clk_wiz_0). Large setup violations at the end of those stages might be difficult to fix during the post-placement implementation flow and could be the result of non-optimal XDC constraints or non-optimal design architecture
Related violations: <none>

TIMING-16#246 Warning
Large setup violation  
There is a large setup violation of -160.717 ns between CNC_Top_i/XYZ_Axis_Coordinator/inst/target_pos_y_reg[8]/C (clocked by clk_out1_CNC_Top_clk_wiz_0) and CNC_Top_i/XYZ_Axis_Coordinator/inst/cycles_per_step_y_reg[19]/D (clocked by clk_out1_CNC_Top_clk_wiz_0). Large setup violations at the end of those stages might be difficult to fix during the post-placement implementation flow and could be the result of non-optimal XDC constraints or non-optimal design architecture
Related violations: <none>

TIMING-16#247 Warning
Large setup violation  
There is a large setup violation of -161.004 ns between CNC_Top_i/XYZ_Axis_Coordinator/inst/target_pos_x_reg[14]/C (clocked by clk_out1_CNC_Top_clk_wiz_0) and CNC_Top_i/XYZ_Axis_Coordinator/inst/cycles_per_step_x_reg[17]/D (clocked by clk_out1_CNC_Top_clk_wiz_0). Large setup violations at the end of those stages might be difficult to fix during the post-placement implementation flow and could be the result of non-optimal XDC constraints or non-optimal design architecture
Related violations: <none>

TIMING-16#248 Warning
Large setup violation  
There is a large setup violation of -161.906 ns between CNC_Top_i/XYZ_Axis_Coordinator/inst/target_pos_z_reg[2]/C (clocked by clk_out1_CNC_Top_clk_wiz_0) and CNC_Top_i/XYZ_Axis_Coordinator/inst/cycles_per_step_z_reg[17]/D (clocked by clk_out1_CNC_Top_clk_wiz_0). Large setup violations at the end of those stages might be difficult to fix during the post-placement implementation flow and could be the result of non-optimal XDC constraints or non-optimal design architecture
Related violations: <none>

TIMING-16#249 Warning
Large setup violation  
There is a large setup violation of -165.134 ns between CNC_Top_i/XYZ_Axis_Coordinator/inst/target_pos_x_reg[14]/C (clocked by clk_out1_CNC_Top_clk_wiz_0) and CNC_Top_i/XYZ_Axis_Coordinator/inst/cycles_per_step_x_reg[16]/D (clocked by clk_out1_CNC_Top_clk_wiz_0). Large setup violations at the end of those stages might be difficult to fix during the post-placement implementation flow and could be the result of non-optimal XDC constraints or non-optimal design architecture
Related violations: <none>

TIMING-16#250 Warning
Large setup violation  
There is a large setup violation of -166.129 ns between CNC_Top_i/XYZ_Axis_Coordinator/inst/target_pos_y_reg[8]/C (clocked by clk_out1_CNC_Top_clk_wiz_0) and CNC_Top_i/XYZ_Axis_Coordinator/inst/cycles_per_step_y_reg[18]/D (clocked by clk_out1_CNC_Top_clk_wiz_0). Large setup violations at the end of those stages might be difficult to fix during the post-placement implementation flow and could be the result of non-optimal XDC constraints or non-optimal design architecture
Related violations: <none>

TIMING-16#251 Warning
Large setup violation  
There is a large setup violation of -167.083 ns between CNC_Top_i/XYZ_Axis_Coordinator/inst/target_pos_z_reg[2]/C (clocked by clk_out1_CNC_Top_clk_wiz_0) and CNC_Top_i/XYZ_Axis_Coordinator/inst/cycles_per_step_z_reg[16]/D (clocked by clk_out1_CNC_Top_clk_wiz_0). Large setup violations at the end of those stages might be difficult to fix during the post-placement implementation flow and could be the result of non-optimal XDC constraints or non-optimal design architecture
Related violations: <none>

TIMING-16#252 Warning
Large setup violation  
There is a large setup violation of -168.742 ns between CNC_Top_i/XYZ_Axis_Coordinator/inst/target_pos_y_reg[8]/C (clocked by clk_out1_CNC_Top_clk_wiz_0) and CNC_Top_i/XYZ_Axis_Coordinator/inst/cycles_per_step_y_reg[17]/D (clocked by clk_out1_CNC_Top_clk_wiz_0). Large setup violations at the end of those stages might be difficult to fix during the post-placement implementation flow and could be the result of non-optimal XDC constraints or non-optimal design architecture
Related violations: <none>

TIMING-16#253 Warning
Large setup violation  
There is a large setup violation of -169.210 ns between CNC_Top_i/XYZ_Axis_Coordinator/inst/target_pos_x_reg[14]/C (clocked by clk_out1_CNC_Top_clk_wiz_0) and CNC_Top_i/XYZ_Axis_Coordinator/inst/cycles_per_step_x_reg[15]/D (clocked by clk_out1_CNC_Top_clk_wiz_0). Large setup violations at the end of those stages might be difficult to fix during the post-placement implementation flow and could be the result of non-optimal XDC constraints or non-optimal design architecture
Related violations: <none>

TIMING-16#254 Warning
Large setup violation  
There is a large setup violation of -170.863 ns between CNC_Top_i/XYZ_Axis_Coordinator/inst/target_pos_z_reg[2]/C (clocked by clk_out1_CNC_Top_clk_wiz_0) and CNC_Top_i/XYZ_Axis_Coordinator/inst/cycles_per_step_z_reg[15]/D (clocked by clk_out1_CNC_Top_clk_wiz_0). Large setup violations at the end of those stages might be difficult to fix during the post-placement implementation flow and could be the result of non-optimal XDC constraints or non-optimal design architecture
Related violations: <none>

TIMING-16#255 Warning
Large setup violation  
There is a large setup violation of -172.809 ns between CNC_Top_i/XYZ_Axis_Coordinator/inst/target_pos_y_reg[8]/C (clocked by clk_out1_CNC_Top_clk_wiz_0) and CNC_Top_i/XYZ_Axis_Coordinator/inst/cycles_per_step_y_reg[16]/D (clocked by clk_out1_CNC_Top_clk_wiz_0). Large setup violations at the end of those stages might be difficult to fix during the post-placement implementation flow and could be the result of non-optimal XDC constraints or non-optimal design architecture
Related violations: <none>

TIMING-16#256 Warning
Large setup violation  
There is a large setup violation of -173.619 ns between CNC_Top_i/XYZ_Axis_Coordinator/inst/target_pos_x_reg[14]/C (clocked by clk_out1_CNC_Top_clk_wiz_0) and CNC_Top_i/XYZ_Axis_Coordinator/inst/cycles_per_step_x_reg[14]/D (clocked by clk_out1_CNC_Top_clk_wiz_0). Large setup violations at the end of those stages might be difficult to fix during the post-placement implementation flow and could be the result of non-optimal XDC constraints or non-optimal design architecture
Related violations: <none>

TIMING-16#257 Warning
Large setup violation  
There is a large setup violation of -175.193 ns between CNC_Top_i/XYZ_Axis_Coordinator/inst/target_pos_z_reg[2]/C (clocked by clk_out1_CNC_Top_clk_wiz_0) and CNC_Top_i/XYZ_Axis_Coordinator/inst/cycles_per_step_z_reg[14]/D (clocked by clk_out1_CNC_Top_clk_wiz_0). Large setup violations at the end of those stages might be difficult to fix during the post-placement implementation flow and could be the result of non-optimal XDC constraints or non-optimal design architecture
Related violations: <none>

TIMING-16#258 Warning
Large setup violation  
There is a large setup violation of -178.063 ns between CNC_Top_i/XYZ_Axis_Coordinator/inst/target_pos_x_reg[14]/C (clocked by clk_out1_CNC_Top_clk_wiz_0) and CNC_Top_i/XYZ_Axis_Coordinator/inst/cycles_per_step_x_reg[13]/D (clocked by clk_out1_CNC_Top_clk_wiz_0). Large setup violations at the end of those stages might be difficult to fix during the post-placement implementation flow and could be the result of non-optimal XDC constraints or non-optimal design architecture
Related violations: <none>

TIMING-16#259 Warning
Large setup violation  
There is a large setup violation of -178.944 ns between CNC_Top_i/XYZ_Axis_Coordinator/inst/target_pos_y_reg[8]/C (clocked by clk_out1_CNC_Top_clk_wiz_0) and CNC_Top_i/XYZ_Axis_Coordinator/inst/cycles_per_step_y_reg[15]/D (clocked by clk_out1_CNC_Top_clk_wiz_0). Large setup violations at the end of those stages might be difficult to fix during the post-placement implementation flow and could be the result of non-optimal XDC constraints or non-optimal design architecture
Related violations: <none>

TIMING-16#260 Warning
Large setup violation  
There is a large setup violation of -179.815 ns between CNC_Top_i/XYZ_Axis_Coordinator/inst/target_pos_z_reg[2]/C (clocked by clk_out1_CNC_Top_clk_wiz_0) and CNC_Top_i/XYZ_Axis_Coordinator/inst/cycles_per_step_z_reg[13]/D (clocked by clk_out1_CNC_Top_clk_wiz_0). Large setup violations at the end of those stages might be difficult to fix during the post-placement implementation flow and could be the result of non-optimal XDC constraints or non-optimal design architecture
Related violations: <none>

TIMING-16#261 Warning
Large setup violation  
There is a large setup violation of -181.372 ns between CNC_Top_i/XYZ_Axis_Coordinator/inst/target_pos_x_reg[14]/C (clocked by clk_out1_CNC_Top_clk_wiz_0) and CNC_Top_i/XYZ_Axis_Coordinator/inst/cycles_per_step_x_reg[12]/D (clocked by clk_out1_CNC_Top_clk_wiz_0). Large setup violations at the end of those stages might be difficult to fix during the post-placement implementation flow and could be the result of non-optimal XDC constraints or non-optimal design architecture
Related violations: <none>

TIMING-16#262 Warning
Large setup violation  
There is a large setup violation of -182.014 ns between CNC_Top_i/XYZ_Axis_Coordinator/inst/target_pos_y_reg[8]/C (clocked by clk_out1_CNC_Top_clk_wiz_0) and CNC_Top_i/XYZ_Axis_Coordinator/inst/cycles_per_step_y_reg[14]/D (clocked by clk_out1_CNC_Top_clk_wiz_0). Large setup violations at the end of those stages might be difficult to fix during the post-placement implementation flow and could be the result of non-optimal XDC constraints or non-optimal design architecture
Related violations: <none>

TIMING-16#263 Warning
Large setup violation  
There is a large setup violation of -182.816 ns between CNC_Top_i/XYZ_Axis_Coordinator/inst/target_pos_z_reg[2]/C (clocked by clk_out1_CNC_Top_clk_wiz_0) and CNC_Top_i/XYZ_Axis_Coordinator/inst/cycles_per_step_z_reg[12]/D (clocked by clk_out1_CNC_Top_clk_wiz_0). Large setup violations at the end of those stages might be difficult to fix during the post-placement implementation flow and could be the result of non-optimal XDC constraints or non-optimal design architecture
Related violations: <none>

TIMING-16#264 Warning
Large setup violation  
There is a large setup violation of -186.288 ns between CNC_Top_i/XYZ_Axis_Coordinator/inst/target_pos_x_reg[14]/C (clocked by clk_out1_CNC_Top_clk_wiz_0) and CNC_Top_i/XYZ_Axis_Coordinator/inst/cycles_per_step_x_reg[11]/D (clocked by clk_out1_CNC_Top_clk_wiz_0). Large setup violations at the end of those stages might be difficult to fix during the post-placement implementation flow and could be the result of non-optimal XDC constraints or non-optimal design architecture
Related violations: <none>

TIMING-16#265 Warning
Large setup violation  
There is a large setup violation of -186.891 ns between CNC_Top_i/XYZ_Axis_Coordinator/inst/target_pos_y_reg[8]/C (clocked by clk_out1_CNC_Top_clk_wiz_0) and CNC_Top_i/XYZ_Axis_Coordinator/inst/cycles_per_step_y_reg[13]/D (clocked by clk_out1_CNC_Top_clk_wiz_0). Large setup violations at the end of those stages might be difficult to fix during the post-placement implementation flow and could be the result of non-optimal XDC constraints or non-optimal design architecture
Related violations: <none>

TIMING-16#266 Warning
Large setup violation  
There is a large setup violation of -188.090 ns between CNC_Top_i/XYZ_Axis_Coordinator/inst/target_pos_z_reg[2]/C (clocked by clk_out1_CNC_Top_clk_wiz_0) and CNC_Top_i/XYZ_Axis_Coordinator/inst/cycles_per_step_z_reg[11]/D (clocked by clk_out1_CNC_Top_clk_wiz_0). Large setup violations at the end of those stages might be difficult to fix during the post-placement implementation flow and could be the result of non-optimal XDC constraints or non-optimal design architecture
Related violations: <none>

TIMING-16#267 Warning
Large setup violation  
There is a large setup violation of -19.707 ns between CNC_Top_i/XYZ_Axis_Coordinator/inst/target_pos_y_reg[8]/C (clocked by clk_out1_CNC_Top_clk_wiz_0) and CNC_Top_i/XYZ_Axis_Coordinator/inst/cycles_per_step_y_reg[51]/D (clocked by clk_out1_CNC_Top_clk_wiz_0). Large setup violations at the end of those stages might be difficult to fix during the post-placement implementation flow and could be the result of non-optimal XDC constraints or non-optimal design architecture
Related violations: <none>

TIMING-16#268 Warning
Large setup violation  
There is a large setup violation of -19.731 ns between CNC_Top_i/XYZ_Axis_Coordinator/inst/target_pos_x_reg[14]/C (clocked by clk_out1_CNC_Top_clk_wiz_0) and CNC_Top_i/XYZ_Axis_Coordinator/inst/cycles_per_step_x_reg[49]/D (clocked by clk_out1_CNC_Top_clk_wiz_0). Large setup violations at the end of those stages might be difficult to fix during the post-placement implementation flow and could be the result of non-optimal XDC constraints or non-optimal design architecture
Related violations: <none>

TIMING-16#269 Warning
Large setup violation  
There is a large setup violation of -19.792 ns between CNC_Top_i/XYZ_Axis_Coordinator/inst/target_pos_z_reg[2]/C (clocked by clk_out1_CNC_Top_clk_wiz_0) and CNC_Top_i/XYZ_Axis_Coordinator/inst/cycles_per_step_z_reg[49]/D (clocked by clk_out1_CNC_Top_clk_wiz_0). Large setup violations at the end of those stages might be difficult to fix during the post-placement implementation flow and could be the result of non-optimal XDC constraints or non-optimal design architecture
Related violations: <none>

TIMING-16#270 Warning
Large setup violation  
There is a large setup violation of -190.268 ns between CNC_Top_i/XYZ_Axis_Coordinator/inst/target_pos_y_reg[8]/C (clocked by clk_out1_CNC_Top_clk_wiz_0) and CNC_Top_i/XYZ_Axis_Coordinator/inst/cycles_per_step_y_reg[12]/D (clocked by clk_out1_CNC_Top_clk_wiz_0). Large setup violations at the end of those stages might be difficult to fix during the post-placement implementation flow and could be the result of non-optimal XDC constraints or non-optimal design architecture
Related violations: <none>

TIMING-16#271 Warning
Large setup violation  
There is a large setup violation of -190.833 ns between CNC_Top_i/XYZ_Axis_Coordinator/inst/target_pos_x_reg[14]/C (clocked by clk_out1_CNC_Top_clk_wiz_0) and CNC_Top_i/XYZ_Axis_Coordinator/inst/cycles_per_step_x_reg[10]/D (clocked by clk_out1_CNC_Top_clk_wiz_0). Large setup violations at the end of those stages might be difficult to fix during the post-placement implementation flow and could be the result of non-optimal XDC constraints or non-optimal design architecture
Related violations: <none>

TIMING-16#272 Warning
Large setup violation  
There is a large setup violation of -192.131 ns between CNC_Top_i/XYZ_Axis_Coordinator/inst/target_pos_z_reg[2]/C (clocked by clk_out1_CNC_Top_clk_wiz_0) and CNC_Top_i/XYZ_Axis_Coordinator/inst/cycles_per_step_z_reg[10]/D (clocked by clk_out1_CNC_Top_clk_wiz_0). Large setup violations at the end of those stages might be difficult to fix during the post-placement implementation flow and could be the result of non-optimal XDC constraints or non-optimal design architecture
Related violations: <none>

TIMING-16#273 Warning
Large setup violation  
There is a large setup violation of -194.915 ns between CNC_Top_i/XYZ_Axis_Coordinator/inst/target_pos_y_reg[8]/C (clocked by clk_out1_CNC_Top_clk_wiz_0) and CNC_Top_i/XYZ_Axis_Coordinator/inst/cycles_per_step_y_reg[11]/D (clocked by clk_out1_CNC_Top_clk_wiz_0). Large setup violations at the end of those stages might be difficult to fix during the post-placement implementation flow and could be the result of non-optimal XDC constraints or non-optimal design architecture
Related violations: <none>

TIMING-16#274 Warning
Large setup violation  
There is a large setup violation of -196.209 ns between CNC_Top_i/XYZ_Axis_Coordinator/inst/target_pos_x_reg[14]/C (clocked by clk_out1_CNC_Top_clk_wiz_0) and CNC_Top_i/XYZ_Axis_Coordinator/inst/cycles_per_step_x_reg[9]/D (clocked by clk_out1_CNC_Top_clk_wiz_0). Large setup violations at the end of those stages might be difficult to fix during the post-placement implementation flow and could be the result of non-optimal XDC constraints or non-optimal design architecture
Related violations: <none>

TIMING-16#275 Warning
Large setup violation  
There is a large setup violation of -196.876 ns between CNC_Top_i/XYZ_Axis_Coordinator/inst/target_pos_z_reg[2]/C (clocked by clk_out1_CNC_Top_clk_wiz_0) and CNC_Top_i/XYZ_Axis_Coordinator/inst/cycles_per_step_z_reg[9]/D (clocked by clk_out1_CNC_Top_clk_wiz_0). Large setup violations at the end of those stages might be difficult to fix during the post-placement implementation flow and could be the result of non-optimal XDC constraints or non-optimal design architecture
Related violations: <none>

TIMING-16#276 Warning
Large setup violation  
There is a large setup violation of -199.702 ns between CNC_Top_i/XYZ_Axis_Coordinator/inst/target_pos_x_reg[14]/C (clocked by clk_out1_CNC_Top_clk_wiz_0) and CNC_Top_i/XYZ_Axis_Coordinator/inst/cycles_per_step_x_reg[8]/D (clocked by clk_out1_CNC_Top_clk_wiz_0). Large setup violations at the end of those stages might be difficult to fix during the post-placement implementation flow and could be the result of non-optimal XDC constraints or non-optimal design architecture
Related violations: <none>

TIMING-16#277 Warning
Large setup violation  
There is a large setup violation of -199.965 ns between CNC_Top_i/XYZ_Axis_Coordinator/inst/target_pos_y_reg[8]/C (clocked by clk_out1_CNC_Top_clk_wiz_0) and CNC_Top_i/XYZ_Axis_Coordinator/inst/cycles_per_step_y_reg[10]/D (clocked by clk_out1_CNC_Top_clk_wiz_0). Large setup violations at the end of those stages might be difficult to fix during the post-placement implementation flow and could be the result of non-optimal XDC constraints or non-optimal design architecture
Related violations: <none>

TIMING-16#278 Warning
Large setup violation  
There is a large setup violation of -2.014 ns between CNC_Top_i/XYZ_Axis_Coordinator/inst/res_reg[1]/C (clocked by clk_out1_CNC_Top_clk_wiz_0) and CNC_Top_i/XYZ_Axis_Coordinator/inst/res_reg[43]/D (clocked by clk_out1_CNC_Top_clk_wiz_0). Large setup violations at the end of those stages might be difficult to fix during the post-placement implementation flow and could be the result of non-optimal XDC constraints or non-optimal design architecture
Related violations: <none>

TIMING-16#279 Warning
Large setup violation  
There is a large setup violation of -2.023 ns between CNC_Top_i/XYZ_Axis_Coordinator/inst/target_pos_x_reg[0]/C (clocked by clk_out1_CNC_Top_clk_wiz_0) and CNC_Top_i/XYZ_Axis_Coordinator/inst/cycles_per_step_x_reg[19]/CE (clocked by clk_out1_CNC_Top_clk_wiz_0). Large setup violations at the end of those stages might be difficult to fix during the post-placement implementation flow and could be the result of non-optimal XDC constraints or non-optimal design architecture
Related violations: <none>

TIMING-16#280 Warning
Large setup violation  
There is a large setup violation of -2.023 ns between CNC_Top_i/XYZ_Axis_Coordinator/inst/target_pos_x_reg[0]/C (clocked by clk_out1_CNC_Top_clk_wiz_0) and CNC_Top_i/XYZ_Axis_Coordinator/inst/cycles_per_step_x_reg[1]/CE (clocked by clk_out1_CNC_Top_clk_wiz_0). Large setup violations at the end of those stages might be difficult to fix during the post-placement implementation flow and could be the result of non-optimal XDC constraints or non-optimal design architecture
Related violations: <none>

TIMING-16#281 Warning
Large setup violation  
There is a large setup violation of -2.023 ns between CNC_Top_i/XYZ_Axis_Coordinator/inst/target_pos_x_reg[0]/C (clocked by clk_out1_CNC_Top_clk_wiz_0) and CNC_Top_i/XYZ_Axis_Coordinator/inst/cycles_per_step_x_reg[3]/CE (clocked by clk_out1_CNC_Top_clk_wiz_0). Large setup violations at the end of those stages might be difficult to fix during the post-placement implementation flow and could be the result of non-optimal XDC constraints or non-optimal design architecture
Related violations: <none>

TIMING-16#282 Warning
Large setup violation  
There is a large setup violation of -2.035 ns between CNC_Top_i/XYZ_Axis_Coordinator/inst/res_reg[1]/C (clocked by clk_out1_CNC_Top_clk_wiz_0) and CNC_Top_i/XYZ_Axis_Coordinator/inst/res_reg[41]/D (clocked by clk_out1_CNC_Top_clk_wiz_0). Large setup violations at the end of those stages might be difficult to fix during the post-placement implementation flow and could be the result of non-optimal XDC constraints or non-optimal design architecture
Related violations: <none>

TIMING-16#283 Warning
Large setup violation  
There is a large setup violation of -2.040 ns between CNC_Top_i/XYZ_Axis_Coordinator/inst/res_reg[1]/C (clocked by clk_out1_CNC_Top_clk_wiz_0) and CNC_Top_i/XYZ_Axis_Coordinator/inst/res_reg[44]/D (clocked by clk_out1_CNC_Top_clk_wiz_0). Large setup violations at the end of those stages might be difficult to fix during the post-placement implementation flow and could be the result of non-optimal XDC constraints or non-optimal design architecture
Related violations: <none>

TIMING-16#284 Warning
Large setup violation  
There is a large setup violation of -2.056 ns between CNC_Top_i/XYZ_Axis_Coordinator/inst/res_reg[1]/C (clocked by clk_out1_CNC_Top_clk_wiz_0) and CNC_Top_i/XYZ_Axis_Coordinator/inst/res_reg[46]/D (clocked by clk_out1_CNC_Top_clk_wiz_0). Large setup violations at the end of those stages might be difficult to fix during the post-placement implementation flow and could be the result of non-optimal XDC constraints or non-optimal design architecture
Related violations: <none>

TIMING-16#285 Warning
Large setup violation  
There is a large setup violation of -2.130 ns between CNC_Top_i/ACK_GPIO/U0/gpio_core_1/Not_Dual.gpio_Data_Out_reg[1]/C (clocked by clk_fpga_0) and CNC_Top_i/GCODE_Parser/inst/speed_reg[1]/R (clocked by clk_out1_CNC_Top_clk_wiz_0). Large setup violations at the end of those stages might be difficult to fix during the post-placement implementation flow and could be the result of non-optimal XDC constraints or non-optimal design architecture
Related violations: <none>

TIMING-16#286 Warning
Large setup violation  
There is a large setup violation of -2.130 ns between CNC_Top_i/ACK_GPIO/U0/gpio_core_1/Not_Dual.gpio_Data_Out_reg[1]/C (clocked by clk_fpga_0) and CNC_Top_i/GCODE_Parser/inst/speed_reg[6]/R (clocked by clk_out1_CNC_Top_clk_wiz_0). Large setup violations at the end of those stages might be difficult to fix during the post-placement implementation flow and could be the result of non-optimal XDC constraints or non-optimal design architecture
Related violations: <none>

TIMING-16#287 Warning
Large setup violation  
There is a large setup violation of -2.130 ns between CNC_Top_i/ACK_GPIO/U0/gpio_core_1/Not_Dual.gpio_Data_Out_reg[1]/C (clocked by clk_fpga_0) and CNC_Top_i/GCODE_Parser/inst/speed_reg[7]/R (clocked by clk_out1_CNC_Top_clk_wiz_0). Large setup violations at the end of those stages might be difficult to fix during the post-placement implementation flow and could be the result of non-optimal XDC constraints or non-optimal design architecture
Related violations: <none>

TIMING-16#288 Warning
Large setup violation  
There is a large setup violation of -2.130 ns between CNC_Top_i/XYZ_Axis_Coordinator/inst/res_reg[1]/C (clocked by clk_out1_CNC_Top_clk_wiz_0) and CNC_Top_i/XYZ_Axis_Coordinator/inst/res_reg[47]/D (clocked by clk_out1_CNC_Top_clk_wiz_0). Large setup violations at the end of those stages might be difficult to fix during the post-placement implementation flow and could be the result of non-optimal XDC constraints or non-optimal design architecture
Related violations: <none>

TIMING-16#289 Warning
Large setup violation  
There is a large setup violation of -2.151 ns between CNC_Top_i/XYZ_Axis_Coordinator/inst/res_reg[1]/C (clocked by clk_out1_CNC_Top_clk_wiz_0) and CNC_Top_i/XYZ_Axis_Coordinator/inst/res_reg[45]/D (clocked by clk_out1_CNC_Top_clk_wiz_0). Large setup violations at the end of those stages might be difficult to fix during the post-placement implementation flow and could be the result of non-optimal XDC constraints or non-optimal design architecture
Related violations: <none>

TIMING-16#290 Warning
Large setup violation  
There is a large setup violation of -2.155 ns between CNC_Top_i/XYZ_Axis_Coordinator/inst/res_reg[1]/C (clocked by clk_out1_CNC_Top_clk_wiz_0) and CNC_Top_i/XYZ_Axis_Coordinator/inst/res_reg[48]/D (clocked by clk_out1_CNC_Top_clk_wiz_0). Large setup violations at the end of those stages might be difficult to fix during the post-placement implementation flow and could be the result of non-optimal XDC constraints or non-optimal design architecture
Related violations: <none>

TIMING-16#291 Warning
Large setup violation  
There is a large setup violation of -2.158 ns between CNC_Top_i/ACK_GPIO/U0/gpio_core_1/Not_Dual.gpio_Data_Out_reg[1]/C (clocked by clk_fpga_0) and CNC_Top_i/GCODE_Parser/inst/speed_reg[0]/R (clocked by clk_out1_CNC_Top_clk_wiz_0). Large setup violations at the end of those stages might be difficult to fix during the post-placement implementation flow and could be the result of non-optimal XDC constraints or non-optimal design architecture
Related violations: <none>

TIMING-16#292 Warning
Large setup violation  
There is a large setup violation of -2.171 ns between CNC_Top_i/XYZ_Axis_Coordinator/inst/res_reg[1]/C (clocked by clk_out1_CNC_Top_clk_wiz_0) and CNC_Top_i/XYZ_Axis_Coordinator/inst/res_reg[50]/D (clocked by clk_out1_CNC_Top_clk_wiz_0). Large setup violations at the end of those stages might be difficult to fix during the post-placement implementation flow and could be the result of non-optimal XDC constraints or non-optimal design architecture
Related violations: <none>

TIMING-16#293 Warning
Large setup violation  
There is a large setup violation of -2.176 ns between CNC_Top_i/XYZ_Axis_Coordinator/inst/target_pos_z_reg[5]/C (clocked by clk_out1_CNC_Top_clk_wiz_0) and CNC_Top_i/XYZ_Axis_Coordinator/inst/direction_change_buffer_reg[2]/D (clocked by clk_out1_CNC_Top_clk_wiz_0). Large setup violations at the end of those stages might be difficult to fix during the post-placement implementation flow and could be the result of non-optimal XDC constraints or non-optimal design architecture
Related violations: <none>

TIMING-16#294 Warning
Large setup violation  
There is a large setup violation of -2.200 ns between CNC_Top_i/XYZ_Axis_Coordinator/inst/target_pos_x_reg[0]/C (clocked by clk_out1_CNC_Top_clk_wiz_0) and CNC_Top_i/XYZ_Axis_Coordinator/inst/cycles_per_step_x_reg[30]/CE (clocked by clk_out1_CNC_Top_clk_wiz_0). Large setup violations at the end of those stages might be difficult to fix during the post-placement implementation flow and could be the result of non-optimal XDC constraints or non-optimal design architecture
Related violations: <none>

TIMING-16#295 Warning
Large setup violation  
There is a large setup violation of -2.200 ns between CNC_Top_i/XYZ_Axis_Coordinator/inst/target_pos_x_reg[0]/C (clocked by clk_out1_CNC_Top_clk_wiz_0) and CNC_Top_i/XYZ_Axis_Coordinator/inst/cycles_per_step_x_reg[31]/CE (clocked by clk_out1_CNC_Top_clk_wiz_0). Large setup violations at the end of those stages might be difficult to fix during the post-placement implementation flow and could be the result of non-optimal XDC constraints or non-optimal design architecture
Related violations: <none>

TIMING-16#296 Warning
Large setup violation  
There is a large setup violation of -2.200 ns between CNC_Top_i/XYZ_Axis_Coordinator/inst/target_pos_x_reg[0]/C (clocked by clk_out1_CNC_Top_clk_wiz_0) and CNC_Top_i/XYZ_Axis_Coordinator/inst/cycles_per_step_x_reg[32]/CE (clocked by clk_out1_CNC_Top_clk_wiz_0). Large setup violations at the end of those stages might be difficult to fix during the post-placement implementation flow and could be the result of non-optimal XDC constraints or non-optimal design architecture
Related violations: <none>

TIMING-16#297 Warning
Large setup violation  
There is a large setup violation of -2.200 ns between CNC_Top_i/XYZ_Axis_Coordinator/inst/target_pos_x_reg[0]/C (clocked by clk_out1_CNC_Top_clk_wiz_0) and CNC_Top_i/XYZ_Axis_Coordinator/inst/cycles_per_step_x_reg[4]/CE (clocked by clk_out1_CNC_Top_clk_wiz_0). Large setup violations at the end of those stages might be difficult to fix during the post-placement implementation flow and could be the result of non-optimal XDC constraints or non-optimal design architecture
Related violations: <none>

TIMING-16#298 Warning
Large setup violation  
There is a large setup violation of -2.203 ns between CNC_Top_i/ACK_GPIO/U0/gpio_core_1/Not_Dual.gpio_Data_Out_reg[1]/C (clocked by clk_fpga_0) and CNC_Top_i/GCODE_Parser/inst/x_reg[16]/CE (clocked by clk_out1_CNC_Top_clk_wiz_0). Large setup violations at the end of those stages might be difficult to fix during the post-placement implementation flow and could be the result of non-optimal XDC constraints or non-optimal design architecture
Related violations: <none>

TIMING-16#299 Warning
Large setup violation  
There is a large setup violation of -2.203 ns between CNC_Top_i/ACK_GPIO/U0/gpio_core_1/Not_Dual.gpio_Data_Out_reg[1]/C (clocked by clk_fpga_0) and CNC_Top_i/GCODE_Parser/inst/x_reg[23]/CE (clocked by clk_out1_CNC_Top_clk_wiz_0). Large setup violations at the end of those stages might be difficult to fix during the post-placement implementation flow and could be the result of non-optimal XDC constraints or non-optimal design architecture
Related violations: <none>

TIMING-16#300 Warning
Large setup violation  
There is a large setup violation of -2.203 ns between CNC_Top_i/ACK_GPIO/U0/gpio_core_1/Not_Dual.gpio_Data_Out_reg[1]/C (clocked by clk_fpga_0) and CNC_Top_i/GCODE_Parser/inst/x_reg[24]/CE (clocked by clk_out1_CNC_Top_clk_wiz_0). Large setup violations at the end of those stages might be difficult to fix during the post-placement implementation flow and could be the result of non-optimal XDC constraints or non-optimal design architecture
Related violations: <none>

TIMING-16#301 Warning
Large setup violation  
There is a large setup violation of -2.245 ns between CNC_Top_i/XYZ_Axis_Coordinator/inst/res_reg[1]/C (clocked by clk_out1_CNC_Top_clk_wiz_0) and CNC_Top_i/XYZ_Axis_Coordinator/inst/res_reg[51]/D (clocked by clk_out1_CNC_Top_clk_wiz_0). Large setup violations at the end of those stages might be difficult to fix during the post-placement implementation flow and could be the result of non-optimal XDC constraints or non-optimal design architecture
Related violations: <none>

TIMING-16#302 Warning
Large setup violation  
There is a large setup violation of -2.266 ns between CNC_Top_i/XYZ_Axis_Coordinator/inst/res_reg[1]/C (clocked by clk_out1_CNC_Top_clk_wiz_0) and CNC_Top_i/XYZ_Axis_Coordinator/inst/res_reg[49]/D (clocked by clk_out1_CNC_Top_clk_wiz_0). Large setup violations at the end of those stages might be difficult to fix during the post-placement implementation flow and could be the result of non-optimal XDC constraints or non-optimal design architecture
Related violations: <none>

TIMING-16#303 Warning
Large setup violation  
There is a large setup violation of -2.271 ns between CNC_Top_i/XYZ_Axis_Coordinator/inst/res_reg[1]/C (clocked by clk_out1_CNC_Top_clk_wiz_0) and CNC_Top_i/XYZ_Axis_Coordinator/inst/res_reg[52]/D (clocked by clk_out1_CNC_Top_clk_wiz_0). Large setup violations at the end of those stages might be difficult to fix during the post-placement implementation flow and could be the result of non-optimal XDC constraints or non-optimal design architecture
Related violations: <none>

TIMING-16#304 Warning
Large setup violation  
There is a large setup violation of -2.287 ns between CNC_Top_i/XYZ_Axis_Coordinator/inst/res_reg[1]/C (clocked by clk_out1_CNC_Top_clk_wiz_0) and CNC_Top_i/XYZ_Axis_Coordinator/inst/res_reg[54]/D (clocked by clk_out1_CNC_Top_clk_wiz_0). Large setup violations at the end of those stages might be difficult to fix during the post-placement implementation flow and could be the result of non-optimal XDC constraints or non-optimal design architecture
Related violations: <none>

TIMING-16#305 Warning
Large setup violation  
There is a large setup violation of -2.299 ns between CNC_Top_i/XYZ_Axis_Coordinator/inst/target_pos_z_reg[5]/C (clocked by clk_out1_CNC_Top_clk_wiz_0) and CNC_Top_i/XYZ_Axis_Coordinator/inst/direction_change_buffer_reg[3]/D (clocked by clk_out1_CNC_Top_clk_wiz_0). Large setup violations at the end of those stages might be difficult to fix during the post-placement implementation flow and could be the result of non-optimal XDC constraints or non-optimal design architecture
Related violations: <none>

TIMING-16#306 Warning
Large setup violation  
There is a large setup violation of -2.344 ns between CNC_Top_i/XYZ_Axis_Coordinator/inst/target_pos_x_reg[0]/C (clocked by clk_out1_CNC_Top_clk_wiz_0) and CNC_Top_i/XYZ_Axis_Coordinator/inst/cycles_per_step_x_reg[0]/CE (clocked by clk_out1_CNC_Top_clk_wiz_0). Large setup violations at the end of those stages might be difficult to fix during the post-placement implementation flow and could be the result of non-optimal XDC constraints or non-optimal design architecture
Related violations: <none>

TIMING-16#307 Warning
Large setup violation  
There is a large setup violation of -2.344 ns between CNC_Top_i/XYZ_Axis_Coordinator/inst/target_pos_x_reg[0]/C (clocked by clk_out1_CNC_Top_clk_wiz_0) and CNC_Top_i/XYZ_Axis_Coordinator/inst/cycles_per_step_x_reg[21]/CE (clocked by clk_out1_CNC_Top_clk_wiz_0). Large setup violations at the end of those stages might be difficult to fix during the post-placement implementation flow and could be the result of non-optimal XDC constraints or non-optimal design architecture
Related violations: <none>

TIMING-16#308 Warning
Large setup violation  
There is a large setup violation of -2.344 ns between CNC_Top_i/XYZ_Axis_Coordinator/inst/target_pos_x_reg[0]/C (clocked by clk_out1_CNC_Top_clk_wiz_0) and CNC_Top_i/XYZ_Axis_Coordinator/inst/cycles_per_step_x_reg[24]/CE (clocked by clk_out1_CNC_Top_clk_wiz_0). Large setup violations at the end of those stages might be difficult to fix during the post-placement implementation flow and could be the result of non-optimal XDC constraints or non-optimal design architecture
Related violations: <none>

TIMING-16#309 Warning
Large setup violation  
There is a large setup violation of -2.344 ns between CNC_Top_i/XYZ_Axis_Coordinator/inst/target_pos_x_reg[0]/C (clocked by clk_out1_CNC_Top_clk_wiz_0) and CNC_Top_i/XYZ_Axis_Coordinator/inst/cycles_per_step_x_reg[2]/CE (clocked by clk_out1_CNC_Top_clk_wiz_0). Large setup violations at the end of those stages might be difficult to fix during the post-placement implementation flow and could be the result of non-optimal XDC constraints or non-optimal design architecture
Related violations: <none>

TIMING-16#310 Warning
Large setup violation  
There is a large setup violation of -2.358 ns between CNC_Top_i/XYZ_Axis_Coordinator/inst/target_pos_z_reg[5]/C (clocked by clk_out1_CNC_Top_clk_wiz_0) and CNC_Top_i/XYZ_Axis_Coordinator/inst/direction_change_buffer_reg[4]/D (clocked by clk_out1_CNC_Top_clk_wiz_0). Large setup violations at the end of those stages might be difficult to fix during the post-placement implementation flow and could be the result of non-optimal XDC constraints or non-optimal design architecture
Related violations: <none>

TIMING-16#311 Warning
Large setup violation  
There is a large setup violation of -2.361 ns between CNC_Top_i/XYZ_Axis_Coordinator/inst/res_reg[1]/C (clocked by clk_out1_CNC_Top_clk_wiz_0) and CNC_Top_i/XYZ_Axis_Coordinator/inst/res_reg[55]/D (clocked by clk_out1_CNC_Top_clk_wiz_0). Large setup violations at the end of those stages might be difficult to fix during the post-placement implementation flow and could be the result of non-optimal XDC constraints or non-optimal design architecture
Related violations: <none>

TIMING-16#312 Warning
Large setup violation  
There is a large setup violation of -2.382 ns between CNC_Top_i/XYZ_Axis_Coordinator/inst/res_reg[1]/C (clocked by clk_out1_CNC_Top_clk_wiz_0) and CNC_Top_i/XYZ_Axis_Coordinator/inst/res_reg[53]/D (clocked by clk_out1_CNC_Top_clk_wiz_0). Large setup violations at the end of those stages might be difficult to fix during the post-placement implementation flow and could be the result of non-optimal XDC constraints or non-optimal design architecture
Related violations: <none>

TIMING-16#313 Warning
Large setup violation  
There is a large setup violation of -2.429 ns between CNC_Top_i/XYZ_Axis_Coordinator/inst/res_reg[1]/C (clocked by clk_out1_CNC_Top_clk_wiz_0) and CNC_Top_i/XYZ_Axis_Coordinator/inst/res_reg[56]/D (clocked by clk_out1_CNC_Top_clk_wiz_0). Large setup violations at the end of those stages might be difficult to fix during the post-placement implementation flow and could be the result of non-optimal XDC constraints or non-optimal design architecture
Related violations: <none>

TIMING-16#314 Warning
Large setup violation  
There is a large setup violation of -2.445 ns between CNC_Top_i/XYZ_Axis_Coordinator/inst/res_reg[1]/C (clocked by clk_out1_CNC_Top_clk_wiz_0) and CNC_Top_i/XYZ_Axis_Coordinator/inst/res_reg[58]/D (clocked by clk_out1_CNC_Top_clk_wiz_0). Large setup violations at the end of those stages might be difficult to fix during the post-placement implementation flow and could be the result of non-optimal XDC constraints or non-optimal design architecture
Related violations: <none>

TIMING-16#315 Warning
Large setup violation  
There is a large setup violation of -2.478 ns between CNC_Top_i/ACK_GPIO/U0/gpio_core_1/Not_Dual.gpio_Data_Out_reg[1]/C (clocked by clk_fpga_0) and CNC_Top_i/GCODE_Parser/inst/x_reg[10]/CE (clocked by clk_out1_CNC_Top_clk_wiz_0). Large setup violations at the end of those stages might be difficult to fix during the post-placement implementation flow and could be the result of non-optimal XDC constraints or non-optimal design architecture
Related violations: <none>

TIMING-16#316 Warning
Large setup violation  
There is a large setup violation of -2.478 ns between CNC_Top_i/ACK_GPIO/U0/gpio_core_1/Not_Dual.gpio_Data_Out_reg[1]/C (clocked by clk_fpga_0) and CNC_Top_i/GCODE_Parser/inst/x_reg[3]/CE (clocked by clk_out1_CNC_Top_clk_wiz_0). Large setup violations at the end of those stages might be difficult to fix during the post-placement implementation flow and could be the result of non-optimal XDC constraints or non-optimal design architecture
Related violations: <none>

TIMING-16#317 Warning
Large setup violation  
There is a large setup violation of -2.478 ns between CNC_Top_i/ACK_GPIO/U0/gpio_core_1/Not_Dual.gpio_Data_Out_reg[1]/C (clocked by clk_fpga_0) and CNC_Top_i/GCODE_Parser/inst/x_reg[9]/CE (clocked by clk_out1_CNC_Top_clk_wiz_0). Large setup violations at the end of those stages might be difficult to fix during the post-placement implementation flow and could be the result of non-optimal XDC constraints or non-optimal design architecture
Related violations: <none>

TIMING-16#318 Warning
Large setup violation  
There is a large setup violation of -2.499 ns between CNC_Top_i/ACK_GPIO/U0/gpio_core_1/Not_Dual.gpio_Data_Out_reg[1]/C (clocked by clk_fpga_0) and CNC_Top_i/GCODE_Parser/inst/x_reg[12]/CE (clocked by clk_out1_CNC_Top_clk_wiz_0). Large setup violations at the end of those stages might be difficult to fix during the post-placement implementation flow and could be the result of non-optimal XDC constraints or non-optimal design architecture
Related violations: <none>

TIMING-16#319 Warning
Large setup violation  
There is a large setup violation of -2.499 ns between CNC_Top_i/ACK_GPIO/U0/gpio_core_1/Not_Dual.gpio_Data_Out_reg[1]/C (clocked by clk_fpga_0) and CNC_Top_i/GCODE_Parser/inst/x_reg[13]/CE (clocked by clk_out1_CNC_Top_clk_wiz_0). Large setup violations at the end of those stages might be difficult to fix during the post-placement implementation flow and could be the result of non-optimal XDC constraints or non-optimal design architecture
Related violations: <none>

TIMING-16#320 Warning
Large setup violation  
There is a large setup violation of -2.499 ns between CNC_Top_i/ACK_GPIO/U0/gpio_core_1/Not_Dual.gpio_Data_Out_reg[1]/C (clocked by clk_fpga_0) and CNC_Top_i/GCODE_Parser/inst/x_reg[14]/CE (clocked by clk_out1_CNC_Top_clk_wiz_0). Large setup violations at the end of those stages might be difficult to fix during the post-placement implementation flow and could be the result of non-optimal XDC constraints or non-optimal design architecture
Related violations: <none>

TIMING-16#321 Warning
Large setup violation  
There is a large setup violation of -2.499 ns between CNC_Top_i/ACK_GPIO/U0/gpio_core_1/Not_Dual.gpio_Data_Out_reg[1]/C (clocked by clk_fpga_0) and CNC_Top_i/GCODE_Parser/inst/x_reg[15]/CE (clocked by clk_out1_CNC_Top_clk_wiz_0). Large setup violations at the end of those stages might be difficult to fix during the post-placement implementation flow and could be the result of non-optimal XDC constraints or non-optimal design architecture
Related violations: <none>

TIMING-16#322 Warning
Large setup violation  
There is a large setup violation of -2.508 ns between CNC_Top_i/XYZ_Axis_Coordinator/inst/target_pos_z_reg[5]/C (clocked by clk_out1_CNC_Top_clk_wiz_0) and CNC_Top_i/XYZ_Axis_Coordinator/inst/direction_change_buffer_reg[5]/D (clocked by clk_out1_CNC_Top_clk_wiz_0). Large setup violations at the end of those stages might be difficult to fix during the post-placement implementation flow and could be the result of non-optimal XDC constraints or non-optimal design architecture
Related violations: <none>

TIMING-16#323 Warning
Large setup violation  
There is a large setup violation of -2.519 ns between CNC_Top_i/XYZ_Axis_Coordinator/inst/res_reg[1]/C (clocked by clk_out1_CNC_Top_clk_wiz_0) and CNC_Top_i/XYZ_Axis_Coordinator/inst/res_reg[59]/D (clocked by clk_out1_CNC_Top_clk_wiz_0). Large setup violations at the end of those stages might be difficult to fix during the post-placement implementation flow and could be the result of non-optimal XDC constraints or non-optimal design architecture
Related violations: <none>

TIMING-16#324 Warning
Large setup violation  
There is a large setup violation of -2.524 ns between CNC_Top_i/XYZ_Axis_Coordinator/inst/target_pos_z_reg[5]/C (clocked by clk_out1_CNC_Top_clk_wiz_0) and CNC_Top_i/XYZ_Axis_Coordinator/inst/direction_change_buffer_reg[7]/D (clocked by clk_out1_CNC_Top_clk_wiz_0). Large setup violations at the end of those stages might be difficult to fix during the post-placement implementation flow and could be the result of non-optimal XDC constraints or non-optimal design architecture
Related violations: <none>

TIMING-16#325 Warning
Large setup violation  
There is a large setup violation of -2.540 ns between CNC_Top_i/XYZ_Axis_Coordinator/inst/res_reg[1]/C (clocked by clk_out1_CNC_Top_clk_wiz_0) and CNC_Top_i/XYZ_Axis_Coordinator/inst/res_reg[57]/D (clocked by clk_out1_CNC_Top_clk_wiz_0). Large setup violations at the end of those stages might be difficult to fix during the post-placement implementation flow and could be the result of non-optimal XDC constraints or non-optimal design architecture
Related violations: <none>

TIMING-16#326 Warning
Large setup violation  
There is a large setup violation of -2.541 ns between CNC_Top_i/XYZ_Axis_Coordinator/inst/res_reg[1]/C (clocked by clk_out1_CNC_Top_clk_wiz_0) and CNC_Top_i/XYZ_Axis_Coordinator/inst/res_reg[60]/D (clocked by clk_out1_CNC_Top_clk_wiz_0). Large setup violations at the end of those stages might be difficult to fix during the post-placement implementation flow and could be the result of non-optimal XDC constraints or non-optimal design architecture
Related violations: <none>

TIMING-16#327 Warning
Large setup violation  
There is a large setup violation of -2.557 ns between CNC_Top_i/XYZ_Axis_Coordinator/inst/res_reg[1]/C (clocked by clk_out1_CNC_Top_clk_wiz_0) and CNC_Top_i/XYZ_Axis_Coordinator/inst/res_reg[62]/D (clocked by clk_out1_CNC_Top_clk_wiz_0). Large setup violations at the end of those stages might be difficult to fix during the post-placement implementation flow and could be the result of non-optimal XDC constraints or non-optimal design architecture
Related violations: <none>

TIMING-16#328 Warning
Large setup violation  
There is a large setup violation of -2.598 ns between CNC_Top_i/XYZ_Axis_Coordinator/inst/target_pos_z_reg[5]/C (clocked by clk_out1_CNC_Top_clk_wiz_0) and CNC_Top_i/XYZ_Axis_Coordinator/inst/direction_change_buffer_reg[8]/D (clocked by clk_out1_CNC_Top_clk_wiz_0). Large setup violations at the end of those stages might be difficult to fix during the post-placement implementation flow and could be the result of non-optimal XDC constraints or non-optimal design architecture
Related violations: <none>

TIMING-16#329 Warning
Large setup violation  
There is a large setup violation of -2.614 ns between CNC_Top_i/ACK_GPIO/U0/gpio_core_1/Not_Dual.gpio_Data_Out_reg[1]/C (clocked by clk_fpga_0) and CNC_Top_i/GCODE_Parser/inst/x_reg[11]/CE (clocked by clk_out1_CNC_Top_clk_wiz_0). Large setup violations at the end of those stages might be difficult to fix during the post-placement implementation flow and could be the result of non-optimal XDC constraints or non-optimal design architecture
Related violations: <none>

TIMING-16#330 Warning
Large setup violation  
There is a large setup violation of -2.614 ns between CNC_Top_i/ACK_GPIO/U0/gpio_core_1/Not_Dual.gpio_Data_Out_reg[1]/C (clocked by clk_fpga_0) and CNC_Top_i/GCODE_Parser/inst/x_reg[2]/CE (clocked by clk_out1_CNC_Top_clk_wiz_0). Large setup violations at the end of those stages might be difficult to fix during the post-placement implementation flow and could be the result of non-optimal XDC constraints or non-optimal design architecture
Related violations: <none>

TIMING-16#331 Warning
Large setup violation  
There is a large setup violation of -2.619 ns between CNC_Top_i/XYZ_Axis_Coordinator/inst/target_pos_z_reg[5]/C (clocked by clk_out1_CNC_Top_clk_wiz_0) and CNC_Top_i/XYZ_Axis_Coordinator/inst/direction_change_buffer_reg[6]/D (clocked by clk_out1_CNC_Top_clk_wiz_0). Large setup violations at the end of those stages might be difficult to fix during the post-placement implementation flow and could be the result of non-optimal XDC constraints or non-optimal design architecture
Related violations: <none>

TIMING-16#332 Warning
Large setup violation  
There is a large setup violation of -2.624 ns between CNC_Top_i/XYZ_Axis_Coordinator/inst/target_pos_z_reg[5]/C (clocked by clk_out1_CNC_Top_clk_wiz_0) and CNC_Top_i/XYZ_Axis_Coordinator/inst/direction_change_buffer_reg[9]/D (clocked by clk_out1_CNC_Top_clk_wiz_0). Large setup violations at the end of those stages might be difficult to fix during the post-placement implementation flow and could be the result of non-optimal XDC constraints or non-optimal design architecture
Related violations: <none>

TIMING-16#333 Warning
Large setup violation  
There is a large setup violation of -2.639 ns between CNC_Top_i/XYZ_Axis_Coordinator/inst/state_reg[0]/C (clocked by clk_out1_CNC_Top_clk_wiz_0) and CNC_Top_i/XYZ_Axis_Coordinator/inst/cycles_per_step_x_result1/RSTB (clocked by clk_out1_CNC_Top_clk_wiz_0). Large setup violations at the end of those stages might be difficult to fix during the post-placement implementation flow and could be the result of non-optimal XDC constraints or non-optimal design architecture
Related violations: <none>

TIMING-16#334 Warning
Large setup violation  
There is a large setup violation of -2.640 ns between CNC_Top_i/XYZ_Axis_Coordinator/inst/target_pos_z_reg[5]/C (clocked by clk_out1_CNC_Top_clk_wiz_0) and CNC_Top_i/XYZ_Axis_Coordinator/inst/direction_change_buffer_reg[11]/D (clocked by clk_out1_CNC_Top_clk_wiz_0). Large setup violations at the end of those stages might be difficult to fix during the post-placement implementation flow and could be the result of non-optimal XDC constraints or non-optimal design architecture
Related violations: <none>

TIMING-16#335 Warning
Large setup violation  
There is a large setup violation of -2.652 ns between CNC_Top_i/XYZ_Axis_Coordinator/inst/res_reg[1]/C (clocked by clk_out1_CNC_Top_clk_wiz_0) and CNC_Top_i/XYZ_Axis_Coordinator/inst/res_reg[61]/D (clocked by clk_out1_CNC_Top_clk_wiz_0). Large setup violations at the end of those stages might be difficult to fix during the post-placement implementation flow and could be the result of non-optimal XDC constraints or non-optimal design architecture
Related violations: <none>

TIMING-16#336 Warning
Large setup violation  
There is a large setup violation of -2.692 ns between CNC_Top_i/XYZ_Axis_Coordinator/inst/res_reg[1]/C (clocked by clk_out1_CNC_Top_clk_wiz_0) and CNC_Top_i/XYZ_Axis_Coordinator/inst/res_reg[63]/D (clocked by clk_out1_CNC_Top_clk_wiz_0). Large setup violations at the end of those stages might be difficult to fix during the post-placement implementation flow and could be the result of non-optimal XDC constraints or non-optimal design architecture
Related violations: <none>

TIMING-16#337 Warning
Large setup violation  
There is a large setup violation of -2.714 ns between CNC_Top_i/XYZ_Axis_Coordinator/inst/target_pos_z_reg[5]/C (clocked by clk_out1_CNC_Top_clk_wiz_0) and CNC_Top_i/XYZ_Axis_Coordinator/inst/direction_change_buffer_reg[12]/D (clocked by clk_out1_CNC_Top_clk_wiz_0). Large setup violations at the end of those stages might be difficult to fix during the post-placement implementation flow and could be the result of non-optimal XDC constraints or non-optimal design architecture
Related violations: <none>

TIMING-16#338 Warning
Large setup violation  
There is a large setup violation of -2.735 ns between CNC_Top_i/XYZ_Axis_Coordinator/inst/target_pos_z_reg[5]/C (clocked by clk_out1_CNC_Top_clk_wiz_0) and CNC_Top_i/XYZ_Axis_Coordinator/inst/direction_change_buffer_reg[10]/D (clocked by clk_out1_CNC_Top_clk_wiz_0). Large setup violations at the end of those stages might be difficult to fix during the post-placement implementation flow and could be the result of non-optimal XDC constraints or non-optimal design architecture
Related violations: <none>

TIMING-16#339 Warning
Large setup violation  
There is a large setup violation of -2.739 ns between CNC_Top_i/XYZ_Axis_Coordinator/inst/target_pos_z_reg[5]/C (clocked by clk_out1_CNC_Top_clk_wiz_0) and CNC_Top_i/XYZ_Axis_Coordinator/inst/direction_change_buffer_reg[13]/D (clocked by clk_out1_CNC_Top_clk_wiz_0). Large setup violations at the end of those stages might be difficult to fix during the post-placement implementation flow and could be the result of non-optimal XDC constraints or non-optimal design architecture
Related violations: <none>

TIMING-16#340 Warning
Large setup violation  
There is a large setup violation of -2.755 ns between CNC_Top_i/XYZ_Axis_Coordinator/inst/target_pos_z_reg[5]/C (clocked by clk_out1_CNC_Top_clk_wiz_0) and CNC_Top_i/XYZ_Axis_Coordinator/inst/direction_change_buffer_reg[15]/D (clocked by clk_out1_CNC_Top_clk_wiz_0). Large setup violations at the end of those stages might be difficult to fix during the post-placement implementation flow and could be the result of non-optimal XDC constraints or non-optimal design architecture
Related violations: <none>

TIMING-16#341 Warning
Large setup violation  
There is a large setup violation of -2.829 ns between CNC_Top_i/XYZ_Axis_Coordinator/inst/target_pos_z_reg[5]/C (clocked by clk_out1_CNC_Top_clk_wiz_0) and CNC_Top_i/XYZ_Axis_Coordinator/inst/direction_change_buffer_reg[16]/D (clocked by clk_out1_CNC_Top_clk_wiz_0). Large setup violations at the end of those stages might be difficult to fix during the post-placement implementation flow and could be the result of non-optimal XDC constraints or non-optimal design architecture
Related violations: <none>

TIMING-16#342 Warning
Large setup violation  
There is a large setup violation of -2.850 ns between CNC_Top_i/XYZ_Axis_Coordinator/inst/target_pos_z_reg[5]/C (clocked by clk_out1_CNC_Top_clk_wiz_0) and CNC_Top_i/XYZ_Axis_Coordinator/inst/direction_change_buffer_reg[14]/D (clocked by clk_out1_CNC_Top_clk_wiz_0). Large setup violations at the end of those stages might be difficult to fix during the post-placement implementation flow and could be the result of non-optimal XDC constraints or non-optimal design architecture
Related violations: <none>

TIMING-16#343 Warning
Large setup violation  
There is a large setup violation of -2.853 ns between CNC_Top_i/XYZ_Axis_Coordinator/inst/target_pos_z_reg[5]/C (clocked by clk_out1_CNC_Top_clk_wiz_0) and CNC_Top_i/XYZ_Axis_Coordinator/inst/direction_change_buffer_reg[17]/D (clocked by clk_out1_CNC_Top_clk_wiz_0). Large setup violations at the end of those stages might be difficult to fix during the post-placement implementation flow and could be the result of non-optimal XDC constraints or non-optimal design architecture
Related violations: <none>

TIMING-16#344 Warning
Large setup violation  
There is a large setup violation of -2.869 ns between CNC_Top_i/XYZ_Axis_Coordinator/inst/target_pos_z_reg[5]/C (clocked by clk_out1_CNC_Top_clk_wiz_0) and CNC_Top_i/XYZ_Axis_Coordinator/inst/direction_change_buffer_reg[19]/D (clocked by clk_out1_CNC_Top_clk_wiz_0). Large setup violations at the end of those stages might be difficult to fix during the post-placement implementation flow and could be the result of non-optimal XDC constraints or non-optimal design architecture
Related violations: <none>

TIMING-16#345 Warning
Large setup violation  
There is a large setup violation of -2.943 ns between CNC_Top_i/XYZ_Axis_Coordinator/inst/target_pos_z_reg[5]/C (clocked by clk_out1_CNC_Top_clk_wiz_0) and CNC_Top_i/XYZ_Axis_Coordinator/inst/direction_change_buffer_reg[20]/D (clocked by clk_out1_CNC_Top_clk_wiz_0). Large setup violations at the end of those stages might be difficult to fix during the post-placement implementation flow and could be the result of non-optimal XDC constraints or non-optimal design architecture
Related violations: <none>

TIMING-16#346 Warning
Large setup violation  
There is a large setup violation of -2.964 ns between CNC_Top_i/XYZ_Axis_Coordinator/inst/target_pos_z_reg[5]/C (clocked by clk_out1_CNC_Top_clk_wiz_0) and CNC_Top_i/XYZ_Axis_Coordinator/inst/direction_change_buffer_reg[18]/D (clocked by clk_out1_CNC_Top_clk_wiz_0). Large setup violations at the end of those stages might be difficult to fix during the post-placement implementation flow and could be the result of non-optimal XDC constraints or non-optimal design architecture
Related violations: <none>

TIMING-16#347 Warning
Large setup violation  
There is a large setup violation of -2.968 ns between CNC_Top_i/XYZ_Axis_Coordinator/inst/target_pos_z_reg[5]/C (clocked by clk_out1_CNC_Top_clk_wiz_0) and CNC_Top_i/XYZ_Axis_Coordinator/inst/direction_change_buffer_reg[21]/D (clocked by clk_out1_CNC_Top_clk_wiz_0). Large setup violations at the end of those stages might be difficult to fix during the post-placement implementation flow and could be the result of non-optimal XDC constraints or non-optimal design architecture
Related violations: <none>

TIMING-16#348 Warning
Large setup violation  
There is a large setup violation of -2.982 ns between CNC_Top_i/XYZ_Axis_Coordinator/inst/state_reg[0]/C (clocked by clk_out1_CNC_Top_clk_wiz_0) and CNC_Top_i/XYZ_Axis_Coordinator/inst/cycles_per_step_x_result1__0/RSTB (clocked by clk_out1_CNC_Top_clk_wiz_0). Large setup violations at the end of those stages might be difficult to fix during the post-placement implementation flow and could be the result of non-optimal XDC constraints or non-optimal design architecture
Related violations: <none>

TIMING-16#349 Warning
Large setup violation  
There is a large setup violation of -2.984 ns between CNC_Top_i/XYZ_Axis_Coordinator/inst/target_pos_z_reg[5]/C (clocked by clk_out1_CNC_Top_clk_wiz_0) and CNC_Top_i/XYZ_Axis_Coordinator/inst/direction_change_buffer_reg[23]/D (clocked by clk_out1_CNC_Top_clk_wiz_0). Large setup violations at the end of those stages might be difficult to fix during the post-placement implementation flow and could be the result of non-optimal XDC constraints or non-optimal design architecture
Related violations: <none>

TIMING-16#350 Warning
Large setup violation  
There is a large setup violation of -201.707 ns between CNC_Top_i/XYZ_Axis_Coordinator/inst/target_pos_z_reg[2]/C (clocked by clk_out1_CNC_Top_clk_wiz_0) and CNC_Top_i/XYZ_Axis_Coordinator/inst/cycles_per_step_z_reg[8]/D (clocked by clk_out1_CNC_Top_clk_wiz_0). Large setup violations at the end of those stages might be difficult to fix during the post-placement implementation flow and could be the result of non-optimal XDC constraints or non-optimal design architecture
Related violations: <none>

TIMING-16#351 Warning
Large setup violation  
There is a large setup violation of -204.330 ns between CNC_Top_i/XYZ_Axis_Coordinator/inst/target_pos_y_reg[8]/C (clocked by clk_out1_CNC_Top_clk_wiz_0) and CNC_Top_i/XYZ_Axis_Coordinator/inst/cycles_per_step_y_reg[9]/D (clocked by clk_out1_CNC_Top_clk_wiz_0). Large setup violations at the end of those stages might be difficult to fix during the post-placement implementation flow and could be the result of non-optimal XDC constraints or non-optimal design architecture
Related violations: <none>

TIMING-16#352 Warning
Large setup violation  
There is a large setup violation of -204.341 ns between CNC_Top_i/XYZ_Axis_Coordinator/inst/target_pos_x_reg[14]/C (clocked by clk_out1_CNC_Top_clk_wiz_0) and CNC_Top_i/XYZ_Axis_Coordinator/inst/cycles_per_step_x_reg[7]/D (clocked by clk_out1_CNC_Top_clk_wiz_0). Large setup violations at the end of those stages might be difficult to fix during the post-placement implementation flow and could be the result of non-optimal XDC constraints or non-optimal design architecture
Related violations: <none>

TIMING-16#353 Warning
Large setup violation  
There is a large setup violation of -205.778 ns between CNC_Top_i/XYZ_Axis_Coordinator/inst/target_pos_z_reg[2]/C (clocked by clk_out1_CNC_Top_clk_wiz_0) and CNC_Top_i/XYZ_Axis_Coordinator/inst/cycles_per_step_z_reg[7]/D (clocked by clk_out1_CNC_Top_clk_wiz_0). Large setup violations at the end of those stages might be difficult to fix during the post-placement implementation flow and could be the result of non-optimal XDC constraints or non-optimal design architecture
Related violations: <none>

TIMING-16#354 Warning
Large setup violation  
There is a large setup violation of -209.265 ns between CNC_Top_i/XYZ_Axis_Coordinator/inst/target_pos_x_reg[14]/C (clocked by clk_out1_CNC_Top_clk_wiz_0) and CNC_Top_i/XYZ_Axis_Coordinator/inst/cycles_per_step_x_reg[6]/D (clocked by clk_out1_CNC_Top_clk_wiz_0). Large setup violations at the end of those stages might be difficult to fix during the post-placement implementation flow and could be the result of non-optimal XDC constraints or non-optimal design architecture
Related violations: <none>

TIMING-16#355 Warning
Large setup violation  
There is a large setup violation of -210.051 ns between CNC_Top_i/XYZ_Axis_Coordinator/inst/target_pos_z_reg[2]/C (clocked by clk_out1_CNC_Top_clk_wiz_0) and CNC_Top_i/XYZ_Axis_Coordinator/inst/cycles_per_step_z_reg[6]/D (clocked by clk_out1_CNC_Top_clk_wiz_0). Large setup violations at the end of those stages might be difficult to fix during the post-placement implementation flow and could be the result of non-optimal XDC constraints or non-optimal design architecture
Related violations: <none>

TIMING-16#356 Warning
Large setup violation  
There is a large setup violation of -210.121 ns between CNC_Top_i/XYZ_Axis_Coordinator/inst/target_pos_y_reg[8]/C (clocked by clk_out1_CNC_Top_clk_wiz_0) and CNC_Top_i/XYZ_Axis_Coordinator/inst/cycles_per_step_y_reg[8]/D (clocked by clk_out1_CNC_Top_clk_wiz_0). Large setup violations at the end of those stages might be difficult to fix during the post-placement implementation flow and could be the result of non-optimal XDC constraints or non-optimal design architecture
Related violations: <none>

TIMING-16#357 Warning
Large setup violation  
There is a large setup violation of -212.769 ns between CNC_Top_i/XYZ_Axis_Coordinator/inst/target_pos_x_reg[14]/C (clocked by clk_out1_CNC_Top_clk_wiz_0) and CNC_Top_i/XYZ_Axis_Coordinator/inst/cycles_per_step_x_reg[5]/D (clocked by clk_out1_CNC_Top_clk_wiz_0). Large setup violations at the end of those stages might be difficult to fix during the post-placement implementation flow and could be the result of non-optimal XDC constraints or non-optimal design architecture
Related violations: <none>

TIMING-16#358 Warning
Large setup violation  
There is a large setup violation of -214.126 ns between CNC_Top_i/XYZ_Axis_Coordinator/inst/target_pos_y_reg[8]/C (clocked by clk_out1_CNC_Top_clk_wiz_0) and CNC_Top_i/XYZ_Axis_Coordinator/inst/cycles_per_step_y_reg[7]/D (clocked by clk_out1_CNC_Top_clk_wiz_0). Large setup violations at the end of those stages might be difficult to fix during the post-placement implementation flow and could be the result of non-optimal XDC constraints or non-optimal design architecture
Related violations: <none>

TIMING-16#359 Warning
Large setup violation  
There is a large setup violation of -214.218 ns between CNC_Top_i/XYZ_Axis_Coordinator/inst/target_pos_z_reg[2]/C (clocked by clk_out1_CNC_Top_clk_wiz_0) and CNC_Top_i/XYZ_Axis_Coordinator/inst/cycles_per_step_z_reg[5]/D (clocked by clk_out1_CNC_Top_clk_wiz_0). Large setup violations at the end of those stages might be difficult to fix during the post-placement implementation flow and could be the result of non-optimal XDC constraints or non-optimal design architecture
Related violations: <none>

TIMING-16#360 Warning
Large setup violation  
There is a large setup violation of -217.757 ns between CNC_Top_i/XYZ_Axis_Coordinator/inst/target_pos_y_reg[8]/C (clocked by clk_out1_CNC_Top_clk_wiz_0) and CNC_Top_i/XYZ_Axis_Coordinator/inst/cycles_per_step_y_reg[6]/D (clocked by clk_out1_CNC_Top_clk_wiz_0). Large setup violations at the end of those stages might be difficult to fix during the post-placement implementation flow and could be the result of non-optimal XDC constraints or non-optimal design architecture
Related violations: <none>

TIMING-16#361 Warning
Large setup violation  
There is a large setup violation of -218.232 ns between CNC_Top_i/XYZ_Axis_Coordinator/inst/target_pos_x_reg[14]/C (clocked by clk_out1_CNC_Top_clk_wiz_0) and CNC_Top_i/XYZ_Axis_Coordinator/inst/cycles_per_step_x_reg[4]/D (clocked by clk_out1_CNC_Top_clk_wiz_0). Large setup violations at the end of those stages might be difficult to fix during the post-placement implementation flow and could be the result of non-optimal XDC constraints or non-optimal design architecture
Related violations: <none>

TIMING-16#362 Warning
Large setup violation  
There is a large setup violation of -219.487 ns between CNC_Top_i/XYZ_Axis_Coordinator/inst/target_pos_z_reg[2]/C (clocked by clk_out1_CNC_Top_clk_wiz_0) and CNC_Top_i/XYZ_Axis_Coordinator/inst/cycles_per_step_z_reg[4]/D (clocked by clk_out1_CNC_Top_clk_wiz_0). Large setup violations at the end of those stages might be difficult to fix during the post-placement implementation flow and could be the result of non-optimal XDC constraints or non-optimal design architecture
Related violations: <none>

TIMING-16#363 Warning
Large setup violation  
There is a large setup violation of -222.021 ns between CNC_Top_i/XYZ_Axis_Coordinator/inst/target_pos_y_reg[8]/C (clocked by clk_out1_CNC_Top_clk_wiz_0) and CNC_Top_i/XYZ_Axis_Coordinator/inst/cycles_per_step_y_reg[5]/D (clocked by clk_out1_CNC_Top_clk_wiz_0). Large setup violations at the end of those stages might be difficult to fix during the post-placement implementation flow and could be the result of non-optimal XDC constraints or non-optimal design architecture
Related violations: <none>

TIMING-16#364 Warning
Large setup violation  
There is a large setup violation of -222.038 ns between CNC_Top_i/XYZ_Axis_Coordinator/inst/target_pos_x_reg[14]/C (clocked by clk_out1_CNC_Top_clk_wiz_0) and CNC_Top_i/XYZ_Axis_Coordinator/inst/cycles_per_step_x_reg[3]/D (clocked by clk_out1_CNC_Top_clk_wiz_0). Large setup violations at the end of those stages might be difficult to fix during the post-placement implementation flow and could be the result of non-optimal XDC constraints or non-optimal design architecture
Related violations: <none>

TIMING-16#365 Warning
Large setup violation  
There is a large setup violation of -223.754 ns between CNC_Top_i/XYZ_Axis_Coordinator/inst/target_pos_z_reg[2]/C (clocked by clk_out1_CNC_Top_clk_wiz_0) and CNC_Top_i/XYZ_Axis_Coordinator/inst/cycles_per_step_z_reg[3]/D (clocked by clk_out1_CNC_Top_clk_wiz_0). Large setup violations at the end of those stages might be difficult to fix during the post-placement implementation flow and could be the result of non-optimal XDC constraints or non-optimal design architecture
Related violations: <none>

TIMING-16#366 Warning
Large setup violation  
There is a large setup violation of -226.507 ns between CNC_Top_i/XYZ_Axis_Coordinator/inst/target_pos_x_reg[14]/C (clocked by clk_out1_CNC_Top_clk_wiz_0) and CNC_Top_i/XYZ_Axis_Coordinator/inst/cycles_per_step_x_reg[2]/D (clocked by clk_out1_CNC_Top_clk_wiz_0). Large setup violations at the end of those stages might be difficult to fix during the post-placement implementation flow and could be the result of non-optimal XDC constraints or non-optimal design architecture
Related violations: <none>

TIMING-16#367 Warning
Large setup violation  
There is a large setup violation of -226.767 ns between CNC_Top_i/XYZ_Axis_Coordinator/inst/target_pos_y_reg[8]/C (clocked by clk_out1_CNC_Top_clk_wiz_0) and CNC_Top_i/XYZ_Axis_Coordinator/inst/cycles_per_step_y_reg[4]/D (clocked by clk_out1_CNC_Top_clk_wiz_0). Large setup violations at the end of those stages might be difficult to fix during the post-placement implementation flow and could be the result of non-optimal XDC constraints or non-optimal design architecture
Related violations: <none>

TIMING-16#368 Warning
Large setup violation  
There is a large setup violation of -228.418 ns between CNC_Top_i/XYZ_Axis_Coordinator/inst/target_pos_z_reg[2]/C (clocked by clk_out1_CNC_Top_clk_wiz_0) and CNC_Top_i/XYZ_Axis_Coordinator/inst/cycles_per_step_z_reg[2]/D (clocked by clk_out1_CNC_Top_clk_wiz_0). Large setup violations at the end of those stages might be difficult to fix during the post-placement implementation flow and could be the result of non-optimal XDC constraints or non-optimal design architecture
Related violations: <none>

TIMING-16#369 Warning
Large setup violation  
There is a large setup violation of -23.106 ns between CNC_Top_i/XYZ_Axis_Coordinator/inst/target_pos_y_reg[8]/C (clocked by clk_out1_CNC_Top_clk_wiz_0) and CNC_Top_i/XYZ_Axis_Coordinator/inst/cycles_per_step_y_reg[50]/D (clocked by clk_out1_CNC_Top_clk_wiz_0). Large setup violations at the end of those stages might be difficult to fix during the post-placement implementation flow and could be the result of non-optimal XDC constraints or non-optimal design architecture
Related violations: <none>

TIMING-16#370 Warning
Large setup violation  
There is a large setup violation of -230.839 ns between CNC_Top_i/XYZ_Axis_Coordinator/inst/target_pos_x_reg[14]/C (clocked by clk_out1_CNC_Top_clk_wiz_0) and CNC_Top_i/XYZ_Axis_Coordinator/inst/cycles_per_step_x_reg[1]/D (clocked by clk_out1_CNC_Top_clk_wiz_0). Large setup violations at the end of those stages might be difficult to fix during the post-placement implementation flow and could be the result of non-optimal XDC constraints or non-optimal design architecture
Related violations: <none>

TIMING-16#371 Warning
Large setup violation  
There is a large setup violation of -231.539 ns between CNC_Top_i/XYZ_Axis_Coordinator/inst/target_pos_y_reg[8]/C (clocked by clk_out1_CNC_Top_clk_wiz_0) and CNC_Top_i/XYZ_Axis_Coordinator/inst/cycles_per_step_y_reg[3]/D (clocked by clk_out1_CNC_Top_clk_wiz_0). Large setup violations at the end of those stages might be difficult to fix during the post-placement implementation flow and could be the result of non-optimal XDC constraints or non-optimal design architecture
Related violations: <none>

TIMING-16#372 Warning
Large setup violation  
There is a large setup violation of -231.776 ns between CNC_Top_i/XYZ_Axis_Coordinator/inst/target_pos_z_reg[2]/C (clocked by clk_out1_CNC_Top_clk_wiz_0) and CNC_Top_i/XYZ_Axis_Coordinator/inst/cycles_per_step_z_reg[1]/D (clocked by clk_out1_CNC_Top_clk_wiz_0). Large setup violations at the end of those stages might be difficult to fix during the post-placement implementation flow and could be the result of non-optimal XDC constraints or non-optimal design architecture
Related violations: <none>

TIMING-16#373 Warning
Large setup violation  
There is a large setup violation of -234.872 ns between CNC_Top_i/XYZ_Axis_Coordinator/inst/target_pos_x_reg[14]/C (clocked by clk_out1_CNC_Top_clk_wiz_0) and CNC_Top_i/XYZ_Axis_Coordinator/inst/cycles_per_step_x_reg[0]/D (clocked by clk_out1_CNC_Top_clk_wiz_0). Large setup violations at the end of those stages might be difficult to fix during the post-placement implementation flow and could be the result of non-optimal XDC constraints or non-optimal design architecture
Related violations: <none>

TIMING-16#374 Warning
Large setup violation  
There is a large setup violation of -235.139 ns between CNC_Top_i/XYZ_Axis_Coordinator/inst/target_pos_y_reg[8]/C (clocked by clk_out1_CNC_Top_clk_wiz_0) and CNC_Top_i/XYZ_Axis_Coordinator/inst/cycles_per_step_y_reg[2]/D (clocked by clk_out1_CNC_Top_clk_wiz_0). Large setup violations at the end of those stages might be difficult to fix during the post-placement implementation flow and could be the result of non-optimal XDC constraints or non-optimal design architecture
Related violations: <none>

TIMING-16#375 Warning
Large setup violation  
There is a large setup violation of -235.354 ns between CNC_Top_i/XYZ_Axis_Coordinator/inst/target_pos_z_reg[2]/C (clocked by clk_out1_CNC_Top_clk_wiz_0) and CNC_Top_i/XYZ_Axis_Coordinator/inst/cycles_per_step_z_reg[0]/D (clocked by clk_out1_CNC_Top_clk_wiz_0). Large setup violations at the end of those stages might be difficult to fix during the post-placement implementation flow and could be the result of non-optimal XDC constraints or non-optimal design architecture
Related violations: <none>

TIMING-16#376 Warning
Large setup violation  
There is a large setup violation of -239.883 ns between CNC_Top_i/XYZ_Axis_Coordinator/inst/target_pos_y_reg[8]/C (clocked by clk_out1_CNC_Top_clk_wiz_0) and CNC_Top_i/XYZ_Axis_Coordinator/inst/cycles_per_step_y_reg[1]/D (clocked by clk_out1_CNC_Top_clk_wiz_0). Large setup violations at the end of those stages might be difficult to fix during the post-placement implementation flow and could be the result of non-optimal XDC constraints or non-optimal design architecture
Related violations: <none>

TIMING-16#377 Warning
Large setup violation  
There is a large setup violation of -24.115 ns between CNC_Top_i/XYZ_Axis_Coordinator/inst/target_pos_x_reg[14]/C (clocked by clk_out1_CNC_Top_clk_wiz_0) and CNC_Top_i/XYZ_Axis_Coordinator/inst/cycles_per_step_x_reg[48]/D (clocked by clk_out1_CNC_Top_clk_wiz_0). Large setup violations at the end of those stages might be difficult to fix during the post-placement implementation flow and could be the result of non-optimal XDC constraints or non-optimal design architecture
Related violations: <none>

TIMING-16#378 Warning
Large setup violation  
There is a large setup violation of -244.706 ns between CNC_Top_i/XYZ_Axis_Coordinator/inst/target_pos_y_reg[8]/C (clocked by clk_out1_CNC_Top_clk_wiz_0) and CNC_Top_i/XYZ_Axis_Coordinator/inst/cycles_per_step_y_reg[0]/D (clocked by clk_out1_CNC_Top_clk_wiz_0). Large setup violations at the end of those stages might be difficult to fix during the post-placement implementation flow and could be the result of non-optimal XDC constraints or non-optimal design architecture
Related violations: <none>

TIMING-16#379 Warning
Large setup violation  
There is a large setup violation of -25.351 ns between CNC_Top_i/XYZ_Axis_Coordinator/inst/target_pos_z_reg[2]/C (clocked by clk_out1_CNC_Top_clk_wiz_0) and CNC_Top_i/XYZ_Axis_Coordinator/inst/cycles_per_step_z_reg[48]/D (clocked by clk_out1_CNC_Top_clk_wiz_0). Large setup violations at the end of those stages might be difficult to fix during the post-placement implementation flow and could be the result of non-optimal XDC constraints or non-optimal design architecture
Related violations: <none>

TIMING-16#380 Warning
Large setup violation  
There is a large setup violation of -29.126 ns between CNC_Top_i/XYZ_Axis_Coordinator/inst/target_pos_x_reg[14]/C (clocked by clk_out1_CNC_Top_clk_wiz_0) and CNC_Top_i/XYZ_Axis_Coordinator/inst/cycles_per_step_x_reg[47]/D (clocked by clk_out1_CNC_Top_clk_wiz_0). Large setup violations at the end of those stages might be difficult to fix during the post-placement implementation flow and could be the result of non-optimal XDC constraints or non-optimal design architecture
Related violations: <none>

TIMING-16#381 Warning
Large setup violation  
There is a large setup violation of -29.631 ns between CNC_Top_i/XYZ_Axis_Coordinator/inst/target_pos_z_reg[2]/C (clocked by clk_out1_CNC_Top_clk_wiz_0) and CNC_Top_i/XYZ_Axis_Coordinator/inst/cycles_per_step_z_reg[47]/D (clocked by clk_out1_CNC_Top_clk_wiz_0). Large setup violations at the end of those stages might be difficult to fix during the post-placement implementation flow and could be the result of non-optimal XDC constraints or non-optimal design architecture
Related violations: <none>

TIMING-16#382 Warning
Large setup violation  
There is a large setup violation of -29.931 ns between CNC_Top_i/XYZ_Axis_Coordinator/inst/target_pos_y_reg[8]/C (clocked by clk_out1_CNC_Top_clk_wiz_0) and CNC_Top_i/XYZ_Axis_Coordinator/inst/cycles_per_step_y_reg[49]/D (clocked by clk_out1_CNC_Top_clk_wiz_0). Large setup violations at the end of those stages might be difficult to fix during the post-placement implementation flow and could be the result of non-optimal XDC constraints or non-optimal design architecture
Related violations: <none>

TIMING-16#383 Warning
Large setup violation  
There is a large setup violation of -3.058 ns between CNC_Top_i/XYZ_Axis_Coordinator/inst/target_pos_z_reg[5]/C (clocked by clk_out1_CNC_Top_clk_wiz_0) and CNC_Top_i/XYZ_Axis_Coordinator/inst/direction_change_buffer_reg[24]/D (clocked by clk_out1_CNC_Top_clk_wiz_0). Large setup violations at the end of those stages might be difficult to fix during the post-placement implementation flow and could be the result of non-optimal XDC constraints or non-optimal design architecture
Related violations: <none>

TIMING-16#384 Warning
Large setup violation  
There is a large setup violation of -3.079 ns between CNC_Top_i/XYZ_Axis_Coordinator/inst/target_pos_z_reg[5]/C (clocked by clk_out1_CNC_Top_clk_wiz_0) and CNC_Top_i/XYZ_Axis_Coordinator/inst/direction_change_buffer_reg[22]/D (clocked by clk_out1_CNC_Top_clk_wiz_0). Large setup violations at the end of those stages might be difficult to fix during the post-placement implementation flow and could be the result of non-optimal XDC constraints or non-optimal design architecture
Related violations: <none>

TIMING-16#385 Warning
Large setup violation  
There is a large setup violation of -3.084 ns between CNC_Top_i/XYZ_Axis_Coordinator/inst/target_pos_z_reg[5]/C (clocked by clk_out1_CNC_Top_clk_wiz_0) and CNC_Top_i/XYZ_Axis_Coordinator/inst/direction_change_buffer_reg[25]/D (clocked by clk_out1_CNC_Top_clk_wiz_0). Large setup violations at the end of those stages might be difficult to fix during the post-placement implementation flow and could be the result of non-optimal XDC constraints or non-optimal design architecture
Related violations: <none>

TIMING-16#386 Warning
Large setup violation  
There is a large setup violation of -3.100 ns between CNC_Top_i/XYZ_Axis_Coordinator/inst/target_pos_z_reg[5]/C (clocked by clk_out1_CNC_Top_clk_wiz_0) and CNC_Top_i/XYZ_Axis_Coordinator/inst/direction_change_buffer_reg[27]/D (clocked by clk_out1_CNC_Top_clk_wiz_0). Large setup violations at the end of those stages might be difficult to fix during the post-placement implementation flow and could be the result of non-optimal XDC constraints or non-optimal design architecture
Related violations: <none>

TIMING-16#387 Warning
Large setup violation  
There is a large setup violation of -3.174 ns between CNC_Top_i/XYZ_Axis_Coordinator/inst/target_pos_z_reg[5]/C (clocked by clk_out1_CNC_Top_clk_wiz_0) and CNC_Top_i/XYZ_Axis_Coordinator/inst/direction_change_buffer_reg[28]/D (clocked by clk_out1_CNC_Top_clk_wiz_0). Large setup violations at the end of those stages might be difficult to fix during the post-placement implementation flow and could be the result of non-optimal XDC constraints or non-optimal design architecture
Related violations: <none>

TIMING-16#388 Warning
Large setup violation  
There is a large setup violation of -3.195 ns between CNC_Top_i/XYZ_Axis_Coordinator/inst/target_pos_z_reg[5]/C (clocked by clk_out1_CNC_Top_clk_wiz_0) and CNC_Top_i/XYZ_Axis_Coordinator/inst/direction_change_buffer_reg[26]/D (clocked by clk_out1_CNC_Top_clk_wiz_0). Large setup violations at the end of those stages might be difficult to fix during the post-placement implementation flow and could be the result of non-optimal XDC constraints or non-optimal design architecture
Related violations: <none>

TIMING-16#389 Warning
Large setup violation  
There is a large setup violation of -3.199 ns between CNC_Top_i/XYZ_Axis_Coordinator/inst/target_pos_z_reg[5]/C (clocked by clk_out1_CNC_Top_clk_wiz_0) and CNC_Top_i/XYZ_Axis_Coordinator/inst/direction_change_buffer_reg[29]/D (clocked by clk_out1_CNC_Top_clk_wiz_0). Large setup violations at the end of those stages might be difficult to fix during the post-placement implementation flow and could be the result of non-optimal XDC constraints or non-optimal design architecture
Related violations: <none>

TIMING-16#390 Warning
Large setup violation  
There is a large setup violation of -3.215 ns between CNC_Top_i/XYZ_Axis_Coordinator/inst/target_pos_z_reg[5]/C (clocked by clk_out1_CNC_Top_clk_wiz_0) and CNC_Top_i/XYZ_Axis_Coordinator/inst/direction_change_buffer_reg[31]/D (clocked by clk_out1_CNC_Top_clk_wiz_0). Large setup violations at the end of those stages might be difficult to fix during the post-placement implementation flow and could be the result of non-optimal XDC constraints or non-optimal design architecture
Related violations: <none>

TIMING-16#391 Warning
Large setup violation  
There is a large setup violation of -3.310 ns between CNC_Top_i/XYZ_Axis_Coordinator/inst/target_pos_z_reg[5]/C (clocked by clk_out1_CNC_Top_clk_wiz_0) and CNC_Top_i/XYZ_Axis_Coordinator/inst/direction_change_buffer_reg[30]/D (clocked by clk_out1_CNC_Top_clk_wiz_0). Large setup violations at the end of those stages might be difficult to fix during the post-placement implementation flow and could be the result of non-optimal XDC constraints or non-optimal design architecture
Related violations: <none>

TIMING-16#392 Warning
Large setup violation  
There is a large setup violation of -3.363 ns between CNC_Top_i/XYZ_Axis_Coordinator/inst/target_pos_z_reg[5]/C (clocked by clk_out1_CNC_Top_clk_wiz_0) and CNC_Top_i/XYZ_Axis_Coordinator/inst/current_speed_reg[7]/CE (clocked by clk_out1_CNC_Top_clk_wiz_0). Large setup violations at the end of those stages might be difficult to fix during the post-placement implementation flow and could be the result of non-optimal XDC constraints or non-optimal design architecture
Related violations: <none>

TIMING-16#393 Warning
Large setup violation  
There is a large setup violation of -3.466 ns between CNC_Top_i/XYZ_Axis_Coordinator/inst/target_pos_z_reg[5]/C (clocked by clk_out1_CNC_Top_clk_wiz_0) and CNC_Top_i/XYZ_Axis_Coordinator/inst/current_speed_reg[0]/D (clocked by clk_out1_CNC_Top_clk_wiz_0). Large setup violations at the end of those stages might be difficult to fix during the post-placement implementation flow and could be the result of non-optimal XDC constraints or non-optimal design architecture
Related violations: <none>

TIMING-16#394 Warning
Large setup violation  
There is a large setup violation of -3.520 ns between CNC_Top_i/XYZ_Axis_Coordinator/inst/state_reg[0]/C (clocked by clk_out1_CNC_Top_clk_wiz_0) and CNC_Top_i/XYZ_Axis_Coordinator/inst/cycles_per_step_y_result1/RSTB (clocked by clk_out1_CNC_Top_clk_wiz_0). Large setup violations at the end of those stages might be difficult to fix during the post-placement implementation flow and could be the result of non-optimal XDC constraints or non-optimal design architecture
Related violations: <none>

TIMING-16#395 Warning
Large setup violation  
There is a large setup violation of -3.546 ns between CNC_Top_i/XYZ_Axis_Coordinator/inst/target_pos_z_reg[5]/C (clocked by clk_out1_CNC_Top_clk_wiz_0) and CNC_Top_i/XYZ_Axis_Coordinator/inst/current_speed_reg[2]/CE (clocked by clk_out1_CNC_Top_clk_wiz_0). Large setup violations at the end of those stages might be difficult to fix during the post-placement implementation flow and could be the result of non-optimal XDC constraints or non-optimal design architecture
Related violations: <none>

TIMING-16#396 Warning
Large setup violation  
There is a large setup violation of -3.606 ns between CNC_Top_i/XYZ_Axis_Coordinator/inst/target_pos_z_reg[5]/C (clocked by clk_out1_CNC_Top_clk_wiz_0) and CNC_Top_i/XYZ_Axis_Coordinator/inst/current_speed_reg[6]/CE (clocked by clk_out1_CNC_Top_clk_wiz_0). Large setup violations at the end of those stages might be difficult to fix during the post-placement implementation flow and could be the result of non-optimal XDC constraints or non-optimal design architecture
Related violations: <none>

TIMING-16#397 Warning
Large setup violation  
There is a large setup violation of -3.658 ns between CNC_Top_i/XYZ_Axis_Coordinator/inst/state_reg[0]/C (clocked by clk_out1_CNC_Top_clk_wiz_0) and CNC_Top_i/XYZ_Axis_Coordinator/inst/cycles_per_step_y_result1__0/RSTB (clocked by clk_out1_CNC_Top_clk_wiz_0). Large setup violations at the end of those stages might be difficult to fix during the post-placement implementation flow and could be the result of non-optimal XDC constraints or non-optimal design architecture
Related violations: <none>

TIMING-16#398 Warning
Large setup violation  
There is a large setup violation of -3.664 ns between CNC_Top_i/XYZ_Axis_Coordinator/inst/target_pos_z_reg[5]/C (clocked by clk_out1_CNC_Top_clk_wiz_0) and CNC_Top_i/XYZ_Axis_Coordinator/inst/current_speed_reg[1]/D (clocked by clk_out1_CNC_Top_clk_wiz_0). Large setup violations at the end of those stages might be difficult to fix during the post-placement implementation flow and could be the result of non-optimal XDC constraints or non-optimal design architecture
Related violations: <none>

TIMING-16#399 Warning
Large setup violation  
There is a large setup violation of -3.873 ns between CNC_Top_i/XYZ_Axis_Coordinator/inst/target_pos_z_reg[5]/C (clocked by clk_out1_CNC_Top_clk_wiz_0) and CNC_Top_i/XYZ_Axis_Coordinator/inst/current_speed_reg[0]/CE (clocked by clk_out1_CNC_Top_clk_wiz_0). Large setup violations at the end of those stages might be difficult to fix during the post-placement implementation flow and could be the result of non-optimal XDC constraints or non-optimal design architecture
Related violations: <none>

TIMING-16#400 Warning
Large setup violation  
There is a large setup violation of -3.873 ns between CNC_Top_i/XYZ_Axis_Coordinator/inst/target_pos_z_reg[5]/C (clocked by clk_out1_CNC_Top_clk_wiz_0) and CNC_Top_i/XYZ_Axis_Coordinator/inst/current_speed_reg[4]/CE (clocked by clk_out1_CNC_Top_clk_wiz_0). Large setup violations at the end of those stages might be difficult to fix during the post-placement implementation flow and could be the result of non-optimal XDC constraints or non-optimal design architecture
Related violations: <none>

TIMING-16#401 Warning
Large setup violation  
There is a large setup violation of -3.873 ns between CNC_Top_i/XYZ_Axis_Coordinator/inst/target_pos_z_reg[5]/C (clocked by clk_out1_CNC_Top_clk_wiz_0) and CNC_Top_i/XYZ_Axis_Coordinator/inst/current_speed_reg[5]/CE (clocked by clk_out1_CNC_Top_clk_wiz_0). Large setup violations at the end of those stages might be difficult to fix during the post-placement implementation flow and could be the result of non-optimal XDC constraints or non-optimal design architecture
Related violations: <none>

TIMING-16#402 Warning
Large setup violation  
There is a large setup violation of -3.928 ns between CNC_Top_i/XYZ_Axis_Coordinator/inst/target_pos_z_reg[5]/C (clocked by clk_out1_CNC_Top_clk_wiz_0) and CNC_Top_i/XYZ_Axis_Coordinator/inst/current_speed_reg[3]/D (clocked by clk_out1_CNC_Top_clk_wiz_0). Large setup violations at the end of those stages might be difficult to fix during the post-placement implementation flow and could be the result of non-optimal XDC constraints or non-optimal design architecture
Related violations: <none>

TIMING-16#403 Warning
Large setup violation  
There is a large setup violation of -3.981 ns between CNC_Top_i/XYZ_Axis_Coordinator/inst/target_pos_z_reg[5]/C (clocked by clk_out1_CNC_Top_clk_wiz_0) and CNC_Top_i/XYZ_Axis_Coordinator/inst/current_speed_reg[1]/CE (clocked by clk_out1_CNC_Top_clk_wiz_0). Large setup violations at the end of those stages might be difficult to fix during the post-placement implementation flow and could be the result of non-optimal XDC constraints or non-optimal design architecture
Related violations: <none>

TIMING-16#404 Warning
Large setup violation  
There is a large setup violation of -3.981 ns between CNC_Top_i/XYZ_Axis_Coordinator/inst/target_pos_z_reg[5]/C (clocked by clk_out1_CNC_Top_clk_wiz_0) and CNC_Top_i/XYZ_Axis_Coordinator/inst/current_speed_reg[3]/CE (clocked by clk_out1_CNC_Top_clk_wiz_0). Large setup violations at the end of those stages might be difficult to fix during the post-placement implementation flow and could be the result of non-optimal XDC constraints or non-optimal design architecture
Related violations: <none>

TIMING-16#405 Warning
Large setup violation  
There is a large setup violation of -33.495 ns between CNC_Top_i/XYZ_Axis_Coordinator/inst/target_pos_x_reg[14]/C (clocked by clk_out1_CNC_Top_clk_wiz_0) and CNC_Top_i/XYZ_Axis_Coordinator/inst/cycles_per_step_x_reg[46]/D (clocked by clk_out1_CNC_Top_clk_wiz_0). Large setup violations at the end of those stages might be difficult to fix during the post-placement implementation flow and could be the result of non-optimal XDC constraints or non-optimal design architecture
Related violations: <none>

TIMING-16#406 Warning
Large setup violation  
There is a large setup violation of -34.300 ns between CNC_Top_i/XYZ_Axis_Coordinator/inst/target_pos_z_reg[2]/C (clocked by clk_out1_CNC_Top_clk_wiz_0) and CNC_Top_i/XYZ_Axis_Coordinator/inst/cycles_per_step_z_reg[46]/D (clocked by clk_out1_CNC_Top_clk_wiz_0). Large setup violations at the end of those stages might be difficult to fix during the post-placement implementation flow and could be the result of non-optimal XDC constraints or non-optimal design architecture
Related violations: <none>

TIMING-16#407 Warning
Large setup violation  
There is a large setup violation of -34.974 ns between CNC_Top_i/XYZ_Axis_Coordinator/inst/target_pos_y_reg[8]/C (clocked by clk_out1_CNC_Top_clk_wiz_0) and CNC_Top_i/XYZ_Axis_Coordinator/inst/cycles_per_step_y_reg[48]/D (clocked by clk_out1_CNC_Top_clk_wiz_0). Large setup violations at the end of those stages might be difficult to fix during the post-placement implementation flow and could be the result of non-optimal XDC constraints or non-optimal design architecture
Related violations: <none>

TIMING-16#408 Warning
Large setup violation  
There is a large setup violation of -37.425 ns between CNC_Top_i/XYZ_Axis_Coordinator/inst/target_pos_x_reg[14]/C (clocked by clk_out1_CNC_Top_clk_wiz_0) and CNC_Top_i/XYZ_Axis_Coordinator/inst/cycles_per_step_x_reg[45]/D (clocked by clk_out1_CNC_Top_clk_wiz_0). Large setup violations at the end of those stages might be difficult to fix during the post-placement implementation flow and could be the result of non-optimal XDC constraints or non-optimal design architecture
Related violations: <none>

TIMING-16#409 Warning
Large setup violation  
There is a large setup violation of -37.722 ns between CNC_Top_i/XYZ_Axis_Coordinator/inst/target_pos_y_reg[8]/C (clocked by clk_out1_CNC_Top_clk_wiz_0) and CNC_Top_i/XYZ_Axis_Coordinator/inst/cycles_per_step_y_reg[47]/D (clocked by clk_out1_CNC_Top_clk_wiz_0). Large setup violations at the end of those stages might be difficult to fix during the post-placement implementation flow and could be the result of non-optimal XDC constraints or non-optimal design architecture
Related violations: <none>

TIMING-16#410 Warning
Large setup violation  
There is a large setup violation of -39.431 ns between CNC_Top_i/XYZ_Axis_Coordinator/inst/target_pos_z_reg[2]/C (clocked by clk_out1_CNC_Top_clk_wiz_0) and CNC_Top_i/XYZ_Axis_Coordinator/inst/cycles_per_step_z_reg[45]/D (clocked by clk_out1_CNC_Top_clk_wiz_0). Large setup violations at the end of those stages might be difficult to fix during the post-placement implementation flow and could be the result of non-optimal XDC constraints or non-optimal design architecture
Related violations: <none>

TIMING-16#411 Warning
Large setup violation  
There is a large setup violation of -4.066 ns between CNC_Top_i/XYZ_Axis_Coordinator/inst/target_pos_y_reg[8]/C (clocked by clk_out1_CNC_Top_clk_wiz_0) and CNC_Top_i/XYZ_Axis_Coordinator/inst/val_reg[0]/D (clocked by clk_out1_CNC_Top_clk_wiz_0). Large setup violations at the end of those stages might be difficult to fix during the post-placement implementation flow and could be the result of non-optimal XDC constraints or non-optimal design architecture
Related violations: <none>

TIMING-16#412 Warning
Large setup violation  
There is a large setup violation of -4.175 ns between CNC_Top_i/XYZ_Axis_Coordinator/inst/target_pos_z_reg[5]/C (clocked by clk_out1_CNC_Top_clk_wiz_0) and CNC_Top_i/XYZ_Axis_Coordinator/inst/current_speed_reg[2]/D (clocked by clk_out1_CNC_Top_clk_wiz_0). Large setup violations at the end of those stages might be difficult to fix during the post-placement implementation flow and could be the result of non-optimal XDC constraints or non-optimal design architecture
Related violations: <none>

TIMING-16#413 Warning
Large setup violation  
There is a large setup violation of -4.208 ns between CNC_Top_i/XYZ_Axis_Coordinator/inst/target_pos_z_reg[5]/C (clocked by clk_out1_CNC_Top_clk_wiz_0) and CNC_Top_i/XYZ_Axis_Coordinator/inst/direction_change_buffer_reg[29]/CE (clocked by clk_out1_CNC_Top_clk_wiz_0). Large setup violations at the end of those stages might be difficult to fix during the post-placement implementation flow and could be the result of non-optimal XDC constraints or non-optimal design architecture
Related violations: <none>

TIMING-16#414 Warning
Large setup violation  
There is a large setup violation of -4.208 ns between CNC_Top_i/XYZ_Axis_Coordinator/inst/target_pos_z_reg[5]/C (clocked by clk_out1_CNC_Top_clk_wiz_0) and CNC_Top_i/XYZ_Axis_Coordinator/inst/direction_change_buffer_reg[30]/CE (clocked by clk_out1_CNC_Top_clk_wiz_0). Large setup violations at the end of those stages might be difficult to fix during the post-placement implementation flow and could be the result of non-optimal XDC constraints or non-optimal design architecture
Related violations: <none>

TIMING-16#415 Warning
Large setup violation  
There is a large setup violation of -4.208 ns between CNC_Top_i/XYZ_Axis_Coordinator/inst/target_pos_z_reg[5]/C (clocked by clk_out1_CNC_Top_clk_wiz_0) and CNC_Top_i/XYZ_Axis_Coordinator/inst/direction_change_buffer_reg[31]/CE (clocked by clk_out1_CNC_Top_clk_wiz_0). Large setup violations at the end of those stages might be difficult to fix during the post-placement implementation flow and could be the result of non-optimal XDC constraints or non-optimal design architecture
Related violations: <none>

TIMING-16#416 Warning
Large setup violation  
There is a large setup violation of -4.245 ns between CNC_Top_i/XYZ_Axis_Coordinator/inst/target_pos_z_reg[5]/C (clocked by clk_out1_CNC_Top_clk_wiz_0) and CNC_Top_i/XYZ_Axis_Coordinator/inst/current_speed_reg[6]/D (clocked by clk_out1_CNC_Top_clk_wiz_0). Large setup violations at the end of those stages might be difficult to fix during the post-placement implementation flow and could be the result of non-optimal XDC constraints or non-optimal design architecture
Related violations: <none>

TIMING-16#417 Warning
Large setup violation  
There is a large setup violation of -4.272 ns between CNC_Top_i/XYZ_Axis_Coordinator/inst/target_pos_z_reg[5]/C (clocked by clk_out1_CNC_Top_clk_wiz_0) and CNC_Top_i/XYZ_Axis_Coordinator/inst/cycles_per_step_z_result1__1/B[1] (clocked by clk_out1_CNC_Top_clk_wiz_0). Large setup violations at the end of those stages might be difficult to fix during the post-placement implementation flow and could be the result of non-optimal XDC constraints or non-optimal design architecture
Related violations: <none>

TIMING-16#418 Warning
Large setup violation  
There is a large setup violation of -4.274 ns between CNC_Top_i/XYZ_Axis_Coordinator/inst/target_pos_z_reg[5]/C (clocked by clk_out1_CNC_Top_clk_wiz_0) and CNC_Top_i/XYZ_Axis_Coordinator/inst/cycles_per_step_z_result1__2/B[1] (clocked by clk_out1_CNC_Top_clk_wiz_0). Large setup violations at the end of those stages might be difficult to fix during the post-placement implementation flow and could be the result of non-optimal XDC constraints or non-optimal design architecture
Related violations: <none>

TIMING-16#419 Warning
Large setup violation  
There is a large setup violation of -4.367 ns between CNC_Top_i/XYZ_Axis_Coordinator/inst/target_pos_z_reg[5]/C (clocked by clk_out1_CNC_Top_clk_wiz_0) and CNC_Top_i/XYZ_Axis_Coordinator/inst/direction_change_buffer_reg[25]/CE (clocked by clk_out1_CNC_Top_clk_wiz_0). Large setup violations at the end of those stages might be difficult to fix during the post-placement implementation flow and could be the result of non-optimal XDC constraints or non-optimal design architecture
Related violations: <none>

TIMING-16#420 Warning
Large setup violation  
There is a large setup violation of -4.367 ns between CNC_Top_i/XYZ_Axis_Coordinator/inst/target_pos_z_reg[5]/C (clocked by clk_out1_CNC_Top_clk_wiz_0) and CNC_Top_i/XYZ_Axis_Coordinator/inst/direction_change_buffer_reg[26]/CE (clocked by clk_out1_CNC_Top_clk_wiz_0). Large setup violations at the end of those stages might be difficult to fix during the post-placement implementation flow and could be the result of non-optimal XDC constraints or non-optimal design architecture
Related violations: <none>

TIMING-16#421 Warning
Large setup violation  
There is a large setup violation of -4.367 ns between CNC_Top_i/XYZ_Axis_Coordinator/inst/target_pos_z_reg[5]/C (clocked by clk_out1_CNC_Top_clk_wiz_0) and CNC_Top_i/XYZ_Axis_Coordinator/inst/direction_change_buffer_reg[27]/CE (clocked by clk_out1_CNC_Top_clk_wiz_0). Large setup violations at the end of those stages might be difficult to fix during the post-placement implementation flow and could be the result of non-optimal XDC constraints or non-optimal design architecture
Related violations: <none>

TIMING-16#422 Warning
Large setup violation  
There is a large setup violation of -4.367 ns between CNC_Top_i/XYZ_Axis_Coordinator/inst/target_pos_z_reg[5]/C (clocked by clk_out1_CNC_Top_clk_wiz_0) and CNC_Top_i/XYZ_Axis_Coordinator/inst/direction_change_buffer_reg[28]/CE (clocked by clk_out1_CNC_Top_clk_wiz_0). Large setup violations at the end of those stages might be difficult to fix during the post-placement implementation flow and could be the result of non-optimal XDC constraints or non-optimal design architecture
Related violations: <none>

TIMING-16#423 Warning
Large setup violation  
There is a large setup violation of -4.422 ns between CNC_Top_i/XYZ_Axis_Coordinator/inst/target_pos_z_reg[5]/C (clocked by clk_out1_CNC_Top_clk_wiz_0) and CNC_Top_i/XYZ_Axis_Coordinator/inst/current_speed_reg[7]/D (clocked by clk_out1_CNC_Top_clk_wiz_0). Large setup violations at the end of those stages might be difficult to fix during the post-placement implementation flow and could be the result of non-optimal XDC constraints or non-optimal design architecture
Related violations: <none>

TIMING-16#424 Warning
Large setup violation  
There is a large setup violation of -4.478 ns between CNC_Top_i/XYZ_Axis_Coordinator/inst/target_pos_z_reg[5]/C (clocked by clk_out1_CNC_Top_clk_wiz_0) and CNC_Top_i/XYZ_Axis_Coordinator/inst/direction_change_buffer_reg[29]/R (clocked by clk_out1_CNC_Top_clk_wiz_0). Large setup violations at the end of those stages might be difficult to fix during the post-placement implementation flow and could be the result of non-optimal XDC constraints or non-optimal design architecture
Related violations: <none>

TIMING-16#425 Warning
Large setup violation  
There is a large setup violation of -4.478 ns between CNC_Top_i/XYZ_Axis_Coordinator/inst/target_pos_z_reg[5]/C (clocked by clk_out1_CNC_Top_clk_wiz_0) and CNC_Top_i/XYZ_Axis_Coordinator/inst/direction_change_buffer_reg[30]/R (clocked by clk_out1_CNC_Top_clk_wiz_0). Large setup violations at the end of those stages might be difficult to fix during the post-placement implementation flow and could be the result of non-optimal XDC constraints or non-optimal design architecture
Related violations: <none>

TIMING-16#426 Warning
Large setup violation  
There is a large setup violation of -4.478 ns between CNC_Top_i/XYZ_Axis_Coordinator/inst/target_pos_z_reg[5]/C (clocked by clk_out1_CNC_Top_clk_wiz_0) and CNC_Top_i/XYZ_Axis_Coordinator/inst/direction_change_buffer_reg[31]/R (clocked by clk_out1_CNC_Top_clk_wiz_0). Large setup violations at the end of those stages might be difficult to fix during the post-placement implementation flow and could be the result of non-optimal XDC constraints or non-optimal design architecture
Related violations: <none>

TIMING-16#427 Warning
Large setup violation  
There is a large setup violation of -4.505 ns between CNC_Top_i/XYZ_Axis_Coordinator/inst/target_pos_z_reg[5]/C (clocked by clk_out1_CNC_Top_clk_wiz_0) and CNC_Top_i/XYZ_Axis_Coordinator/inst/direction_change_buffer_reg[21]/CE (clocked by clk_out1_CNC_Top_clk_wiz_0). Large setup violations at the end of those stages might be difficult to fix during the post-placement implementation flow and could be the result of non-optimal XDC constraints or non-optimal design architecture
Related violations: <none>

TIMING-16#428 Warning
Large setup violation  
There is a large setup violation of -4.505 ns between CNC_Top_i/XYZ_Axis_Coordinator/inst/target_pos_z_reg[5]/C (clocked by clk_out1_CNC_Top_clk_wiz_0) and CNC_Top_i/XYZ_Axis_Coordinator/inst/direction_change_buffer_reg[22]/CE (clocked by clk_out1_CNC_Top_clk_wiz_0). Large setup violations at the end of those stages might be difficult to fix during the post-placement implementation flow and could be the result of non-optimal XDC constraints or non-optimal design architecture
Related violations: <none>

TIMING-16#429 Warning
Large setup violation  
There is a large setup violation of -4.505 ns between CNC_Top_i/XYZ_Axis_Coordinator/inst/target_pos_z_reg[5]/C (clocked by clk_out1_CNC_Top_clk_wiz_0) and CNC_Top_i/XYZ_Axis_Coordinator/inst/direction_change_buffer_reg[23]/CE (clocked by clk_out1_CNC_Top_clk_wiz_0). Large setup violations at the end of those stages might be difficult to fix during the post-placement implementation flow and could be the result of non-optimal XDC constraints or non-optimal design architecture
Related violations: <none>

TIMING-16#430 Warning
Large setup violation  
There is a large setup violation of -4.505 ns between CNC_Top_i/XYZ_Axis_Coordinator/inst/target_pos_z_reg[5]/C (clocked by clk_out1_CNC_Top_clk_wiz_0) and CNC_Top_i/XYZ_Axis_Coordinator/inst/direction_change_buffer_reg[24]/CE (clocked by clk_out1_CNC_Top_clk_wiz_0). Large setup violations at the end of those stages might be difficult to fix during the post-placement implementation flow and could be the result of non-optimal XDC constraints or non-optimal design architecture
Related violations: <none>

TIMING-16#431 Warning
Large setup violation  
There is a large setup violation of -4.527 ns between CNC_Top_i/XYZ_Axis_Coordinator/inst/target_pos_z_reg[5]/C (clocked by clk_out1_CNC_Top_clk_wiz_0) and CNC_Top_i/XYZ_Axis_Coordinator/inst/direction_change_buffer_reg[17]/CE (clocked by clk_out1_CNC_Top_clk_wiz_0). Large setup violations at the end of those stages might be difficult to fix during the post-placement implementation flow and could be the result of non-optimal XDC constraints or non-optimal design architecture
Related violations: <none>

TIMING-16#432 Warning
Large setup violation  
There is a large setup violation of -4.527 ns between CNC_Top_i/XYZ_Axis_Coordinator/inst/target_pos_z_reg[5]/C (clocked by clk_out1_CNC_Top_clk_wiz_0) and CNC_Top_i/XYZ_Axis_Coordinator/inst/direction_change_buffer_reg[18]/CE (clocked by clk_out1_CNC_Top_clk_wiz_0). Large setup violations at the end of those stages might be difficult to fix during the post-placement implementation flow and could be the result of non-optimal XDC constraints or non-optimal design architecture
Related violations: <none>

TIMING-16#433 Warning
Large setup violation  
There is a large setup violation of -4.527 ns between CNC_Top_i/XYZ_Axis_Coordinator/inst/target_pos_z_reg[5]/C (clocked by clk_out1_CNC_Top_clk_wiz_0) and CNC_Top_i/XYZ_Axis_Coordinator/inst/direction_change_buffer_reg[19]/CE (clocked by clk_out1_CNC_Top_clk_wiz_0). Large setup violations at the end of those stages might be difficult to fix during the post-placement implementation flow and could be the result of non-optimal XDC constraints or non-optimal design architecture
Related violations: <none>

TIMING-16#434 Warning
Large setup violation  
There is a large setup violation of -4.527 ns between CNC_Top_i/XYZ_Axis_Coordinator/inst/target_pos_z_reg[5]/C (clocked by clk_out1_CNC_Top_clk_wiz_0) and CNC_Top_i/XYZ_Axis_Coordinator/inst/direction_change_buffer_reg[20]/CE (clocked by clk_out1_CNC_Top_clk_wiz_0). Large setup violations at the end of those stages might be difficult to fix during the post-placement implementation flow and could be the result of non-optimal XDC constraints or non-optimal design architecture
Related violations: <none>

TIMING-16#435 Warning
Large setup violation  
There is a large setup violation of -4.587 ns between CNC_Top_i/XYZ_Axis_Coordinator/inst/target_pos_z_reg[5]/C (clocked by clk_out1_CNC_Top_clk_wiz_0) and CNC_Top_i/XYZ_Axis_Coordinator/inst/direction_change_buffer_reg[21]/R (clocked by clk_out1_CNC_Top_clk_wiz_0). Large setup violations at the end of those stages might be difficult to fix during the post-placement implementation flow and could be the result of non-optimal XDC constraints or non-optimal design architecture
Related violations: <none>

TIMING-16#436 Warning
Large setup violation  
There is a large setup violation of -4.587 ns between CNC_Top_i/XYZ_Axis_Coordinator/inst/target_pos_z_reg[5]/C (clocked by clk_out1_CNC_Top_clk_wiz_0) and CNC_Top_i/XYZ_Axis_Coordinator/inst/direction_change_buffer_reg[22]/R (clocked by clk_out1_CNC_Top_clk_wiz_0). Large setup violations at the end of those stages might be difficult to fix during the post-placement implementation flow and could be the result of non-optimal XDC constraints or non-optimal design architecture
Related violations: <none>

TIMING-16#437 Warning
Large setup violation  
There is a large setup violation of -4.587 ns between CNC_Top_i/XYZ_Axis_Coordinator/inst/target_pos_z_reg[5]/C (clocked by clk_out1_CNC_Top_clk_wiz_0) and CNC_Top_i/XYZ_Axis_Coordinator/inst/direction_change_buffer_reg[23]/R (clocked by clk_out1_CNC_Top_clk_wiz_0). Large setup violations at the end of those stages might be difficult to fix during the post-placement implementation flow and could be the result of non-optimal XDC constraints or non-optimal design architecture
Related violations: <none>

TIMING-16#438 Warning
Large setup violation  
There is a large setup violation of -4.587 ns between CNC_Top_i/XYZ_Axis_Coordinator/inst/target_pos_z_reg[5]/C (clocked by clk_out1_CNC_Top_clk_wiz_0) and CNC_Top_i/XYZ_Axis_Coordinator/inst/direction_change_buffer_reg[24]/R (clocked by clk_out1_CNC_Top_clk_wiz_0). Large setup violations at the end of those stages might be difficult to fix during the post-placement implementation flow and could be the result of non-optimal XDC constraints or non-optimal design architecture
Related violations: <none>

TIMING-16#439 Warning
Large setup violation  
There is a large setup violation of -4.658 ns between CNC_Top_i/XYZ_Axis_Coordinator/inst/target_pos_z_reg[5]/C (clocked by clk_out1_CNC_Top_clk_wiz_0) and CNC_Top_i/XYZ_Axis_Coordinator/inst/cycles_per_step_z_result1__1/B[0] (clocked by clk_out1_CNC_Top_clk_wiz_0). Large setup violations at the end of those stages might be difficult to fix during the post-placement implementation flow and could be the result of non-optimal XDC constraints or non-optimal design architecture
Related violations: <none>

TIMING-16#440 Warning
Large setup violation  
There is a large setup violation of -4.660 ns between CNC_Top_i/XYZ_Axis_Coordinator/inst/target_pos_z_reg[5]/C (clocked by clk_out1_CNC_Top_clk_wiz_0) and CNC_Top_i/XYZ_Axis_Coordinator/inst/cycles_per_step_z_result1__2/B[0] (clocked by clk_out1_CNC_Top_clk_wiz_0). Large setup violations at the end of those stages might be difficult to fix during the post-placement implementation flow and could be the result of non-optimal XDC constraints or non-optimal design architecture
Related violations: <none>

TIMING-16#441 Warning
Large setup violation  
There is a large setup violation of -4.677 ns between CNC_Top_i/XYZ_Axis_Coordinator/inst/target_pos_z_reg[5]/C (clocked by clk_out1_CNC_Top_clk_wiz_0) and CNC_Top_i/XYZ_Axis_Coordinator/inst/direction_change_buffer_reg[13]/CE (clocked by clk_out1_CNC_Top_clk_wiz_0). Large setup violations at the end of those stages might be difficult to fix during the post-placement implementation flow and could be the result of non-optimal XDC constraints or non-optimal design architecture
Related violations: <none>

TIMING-16#442 Warning
Large setup violation  
There is a large setup violation of -4.677 ns between CNC_Top_i/XYZ_Axis_Coordinator/inst/target_pos_z_reg[5]/C (clocked by clk_out1_CNC_Top_clk_wiz_0) and CNC_Top_i/XYZ_Axis_Coordinator/inst/direction_change_buffer_reg[14]/CE (clocked by clk_out1_CNC_Top_clk_wiz_0). Large setup violations at the end of those stages might be difficult to fix during the post-placement implementation flow and could be the result of non-optimal XDC constraints or non-optimal design architecture
Related violations: <none>

TIMING-16#443 Warning
Large setup violation  
There is a large setup violation of -4.677 ns between CNC_Top_i/XYZ_Axis_Coordinator/inst/target_pos_z_reg[5]/C (clocked by clk_out1_CNC_Top_clk_wiz_0) and CNC_Top_i/XYZ_Axis_Coordinator/inst/direction_change_buffer_reg[15]/CE (clocked by clk_out1_CNC_Top_clk_wiz_0). Large setup violations at the end of those stages might be difficult to fix during the post-placement implementation flow and could be the result of non-optimal XDC constraints or non-optimal design architecture
Related violations: <none>

TIMING-16#444 Warning
Large setup violation  
There is a large setup violation of -4.677 ns between CNC_Top_i/XYZ_Axis_Coordinator/inst/target_pos_z_reg[5]/C (clocked by clk_out1_CNC_Top_clk_wiz_0) and CNC_Top_i/XYZ_Axis_Coordinator/inst/direction_change_buffer_reg[16]/CE (clocked by clk_out1_CNC_Top_clk_wiz_0). Large setup violations at the end of those stages might be difficult to fix during the post-placement implementation flow and could be the result of non-optimal XDC constraints or non-optimal design architecture
Related violations: <none>

TIMING-16#445 Warning
Large setup violation  
There is a large setup violation of -4.679 ns between CNC_Top_i/XYZ_Axis_Coordinator/inst/target_pos_z_reg[5]/C (clocked by clk_out1_CNC_Top_clk_wiz_0) and CNC_Top_i/XYZ_Axis_Coordinator/inst/direction_change_buffer_reg[0]/CE (clocked by clk_out1_CNC_Top_clk_wiz_0). Large setup violations at the end of those stages might be difficult to fix during the post-placement implementation flow and could be the result of non-optimal XDC constraints or non-optimal design architecture
Related violations: <none>

TIMING-16#446 Warning
Large setup violation  
There is a large setup violation of -4.694 ns between CNC_Top_i/XYZ_Axis_Coordinator/inst/target_pos_z_reg[5]/C (clocked by clk_out1_CNC_Top_clk_wiz_0) and CNC_Top_i/XYZ_Axis_Coordinator/inst/current_speed_reg[5]/D (clocked by clk_out1_CNC_Top_clk_wiz_0). Large setup violations at the end of those stages might be difficult to fix during the post-placement implementation flow and could be the result of non-optimal XDC constraints or non-optimal design architecture
Related violations: <none>

TIMING-16#447 Warning
Large setup violation  
There is a large setup violation of -4.816 ns between CNC_Top_i/XYZ_Axis_Coordinator/inst/target_pos_z_reg[5]/C (clocked by clk_out1_CNC_Top_clk_wiz_0) and CNC_Top_i/XYZ_Axis_Coordinator/inst/direction_change_buffer_reg[10]/CE (clocked by clk_out1_CNC_Top_clk_wiz_0). Large setup violations at the end of those stages might be difficult to fix during the post-placement implementation flow and could be the result of non-optimal XDC constraints or non-optimal design architecture
Related violations: <none>

TIMING-16#448 Warning
Large setup violation  
There is a large setup violation of -4.816 ns between CNC_Top_i/XYZ_Axis_Coordinator/inst/target_pos_z_reg[5]/C (clocked by clk_out1_CNC_Top_clk_wiz_0) and CNC_Top_i/XYZ_Axis_Coordinator/inst/direction_change_buffer_reg[11]/CE (clocked by clk_out1_CNC_Top_clk_wiz_0). Large setup violations at the end of those stages might be difficult to fix during the post-placement implementation flow and could be the result of non-optimal XDC constraints or non-optimal design architecture
Related violations: <none>

TIMING-16#449 Warning
Large setup violation  
There is a large setup violation of -4.816 ns between CNC_Top_i/XYZ_Axis_Coordinator/inst/target_pos_z_reg[5]/C (clocked by clk_out1_CNC_Top_clk_wiz_0) and CNC_Top_i/XYZ_Axis_Coordinator/inst/direction_change_buffer_reg[12]/CE (clocked by clk_out1_CNC_Top_clk_wiz_0). Large setup violations at the end of those stages might be difficult to fix during the post-placement implementation flow and could be the result of non-optimal XDC constraints or non-optimal design architecture
Related violations: <none>

TIMING-16#450 Warning
Large setup violation  
There is a large setup violation of -4.816 ns between CNC_Top_i/XYZ_Axis_Coordinator/inst/target_pos_z_reg[5]/C (clocked by clk_out1_CNC_Top_clk_wiz_0) and CNC_Top_i/XYZ_Axis_Coordinator/inst/direction_change_buffer_reg[9]/CE (clocked by clk_out1_CNC_Top_clk_wiz_0). Large setup violations at the end of those stages might be difficult to fix during the post-placement implementation flow and could be the result of non-optimal XDC constraints or non-optimal design architecture
Related violations: <none>

TIMING-16#451 Warning
Large setup violation  
There is a large setup violation of -4.827 ns between CNC_Top_i/XYZ_Axis_Coordinator/inst/target_pos_z_reg[5]/C (clocked by clk_out1_CNC_Top_clk_wiz_0) and CNC_Top_i/XYZ_Axis_Coordinator/inst/direction_change_buffer_reg[5]/CE (clocked by clk_out1_CNC_Top_clk_wiz_0). Large setup violations at the end of those stages might be difficult to fix during the post-placement implementation flow and could be the result of non-optimal XDC constraints or non-optimal design architecture
Related violations: <none>

TIMING-16#452 Warning
Large setup violation  
There is a large setup violation of -4.827 ns between CNC_Top_i/XYZ_Axis_Coordinator/inst/target_pos_z_reg[5]/C (clocked by clk_out1_CNC_Top_clk_wiz_0) and CNC_Top_i/XYZ_Axis_Coordinator/inst/direction_change_buffer_reg[6]/CE (clocked by clk_out1_CNC_Top_clk_wiz_0). Large setup violations at the end of those stages might be difficult to fix during the post-placement implementation flow and could be the result of non-optimal XDC constraints or non-optimal design architecture
Related violations: <none>

TIMING-16#453 Warning
Large setup violation  
There is a large setup violation of -4.827 ns between CNC_Top_i/XYZ_Axis_Coordinator/inst/target_pos_z_reg[5]/C (clocked by clk_out1_CNC_Top_clk_wiz_0) and CNC_Top_i/XYZ_Axis_Coordinator/inst/direction_change_buffer_reg[7]/CE (clocked by clk_out1_CNC_Top_clk_wiz_0). Large setup violations at the end of those stages might be difficult to fix during the post-placement implementation flow and could be the result of non-optimal XDC constraints or non-optimal design architecture
Related violations: <none>

TIMING-16#454 Warning
Large setup violation  
There is a large setup violation of -4.827 ns between CNC_Top_i/XYZ_Axis_Coordinator/inst/target_pos_z_reg[5]/C (clocked by clk_out1_CNC_Top_clk_wiz_0) and CNC_Top_i/XYZ_Axis_Coordinator/inst/direction_change_buffer_reg[8]/CE (clocked by clk_out1_CNC_Top_clk_wiz_0). Large setup violations at the end of those stages might be difficult to fix during the post-placement implementation flow and could be the result of non-optimal XDC constraints or non-optimal design architecture
Related violations: <none>

TIMING-16#455 Warning
Large setup violation  
There is a large setup violation of -4.852 ns between CNC_Top_i/XYZ_Axis_Coordinator/inst/target_pos_z_reg[5]/C (clocked by clk_out1_CNC_Top_clk_wiz_0) and CNC_Top_i/XYZ_Axis_Coordinator/inst/cycles_per_step_z_result1__2/CEB2 (clocked by clk_out1_CNC_Top_clk_wiz_0). Large setup violations at the end of those stages might be difficult to fix during the post-placement implementation flow and could be the result of non-optimal XDC constraints or non-optimal design architecture
Related violations: <none>

TIMING-16#456 Warning
Large setup violation  
There is a large setup violation of -4.871 ns between CNC_Top_i/XYZ_Axis_Coordinator/inst/target_pos_z_reg[5]/C (clocked by clk_out1_CNC_Top_clk_wiz_0) and CNC_Top_i/XYZ_Axis_Coordinator/inst/cycles_per_step_z_result1__1/B[7] (clocked by clk_out1_CNC_Top_clk_wiz_0). Large setup violations at the end of those stages might be difficult to fix during the post-placement implementation flow and could be the result of non-optimal XDC constraints or non-optimal design architecture
Related violations: <none>

TIMING-16#457 Warning
Large setup violation  
There is a large setup violation of -4.873 ns between CNC_Top_i/XYZ_Axis_Coordinator/inst/target_pos_z_reg[5]/C (clocked by clk_out1_CNC_Top_clk_wiz_0) and CNC_Top_i/XYZ_Axis_Coordinator/inst/cycles_per_step_z_result1__2/B[7] (clocked by clk_out1_CNC_Top_clk_wiz_0). Large setup violations at the end of those stages might be difficult to fix during the post-placement implementation flow and could be the result of non-optimal XDC constraints or non-optimal design architecture
Related violations: <none>

TIMING-16#458 Warning
Large setup violation  
There is a large setup violation of -4.896 ns between CNC_Top_i/XYZ_Axis_Coordinator/inst/target_pos_z_reg[5]/C (clocked by clk_out1_CNC_Top_clk_wiz_0) and CNC_Top_i/XYZ_Axis_Coordinator/inst/direction_change_buffer_reg[25]/R (clocked by clk_out1_CNC_Top_clk_wiz_0). Large setup violations at the end of those stages might be difficult to fix during the post-placement implementation flow and could be the result of non-optimal XDC constraints or non-optimal design architecture
Related violations: <none>

TIMING-16#459 Warning
Large setup violation  
There is a large setup violation of -4.896 ns between CNC_Top_i/XYZ_Axis_Coordinator/inst/target_pos_z_reg[5]/C (clocked by clk_out1_CNC_Top_clk_wiz_0) and CNC_Top_i/XYZ_Axis_Coordinator/inst/direction_change_buffer_reg[26]/R (clocked by clk_out1_CNC_Top_clk_wiz_0). Large setup violations at the end of those stages might be difficult to fix during the post-placement implementation flow and could be the result of non-optimal XDC constraints or non-optimal design architecture
Related violations: <none>

TIMING-16#460 Warning
Large setup violation  
There is a large setup violation of -4.896 ns between CNC_Top_i/XYZ_Axis_Coordinator/inst/target_pos_z_reg[5]/C (clocked by clk_out1_CNC_Top_clk_wiz_0) and CNC_Top_i/XYZ_Axis_Coordinator/inst/direction_change_buffer_reg[27]/R (clocked by clk_out1_CNC_Top_clk_wiz_0). Large setup violations at the end of those stages might be difficult to fix during the post-placement implementation flow and could be the result of non-optimal XDC constraints or non-optimal design architecture
Related violations: <none>

TIMING-16#461 Warning
Large setup violation  
There is a large setup violation of -4.896 ns between CNC_Top_i/XYZ_Axis_Coordinator/inst/target_pos_z_reg[5]/C (clocked by clk_out1_CNC_Top_clk_wiz_0) and CNC_Top_i/XYZ_Axis_Coordinator/inst/direction_change_buffer_reg[28]/R (clocked by clk_out1_CNC_Top_clk_wiz_0). Large setup violations at the end of those stages might be difficult to fix during the post-placement implementation flow and could be the result of non-optimal XDC constraints or non-optimal design architecture
Related violations: <none>

TIMING-16#462 Warning
Large setup violation  
There is a large setup violation of -4.902 ns between CNC_Top_i/XYZ_Axis_Coordinator/inst/target_pos_z_reg[5]/C (clocked by clk_out1_CNC_Top_clk_wiz_0) and CNC_Top_i/XYZ_Axis_Coordinator/inst/direction_change_buffer_reg[17]/R (clocked by clk_out1_CNC_Top_clk_wiz_0). Large setup violations at the end of those stages might be difficult to fix during the post-placement implementation flow and could be the result of non-optimal XDC constraints or non-optimal design architecture
Related violations: <none>

TIMING-16#463 Warning
Large setup violation  
There is a large setup violation of -4.902 ns between CNC_Top_i/XYZ_Axis_Coordinator/inst/target_pos_z_reg[5]/C (clocked by clk_out1_CNC_Top_clk_wiz_0) and CNC_Top_i/XYZ_Axis_Coordinator/inst/direction_change_buffer_reg[18]/R (clocked by clk_out1_CNC_Top_clk_wiz_0). Large setup violations at the end of those stages might be difficult to fix during the post-placement implementation flow and could be the result of non-optimal XDC constraints or non-optimal design architecture
Related violations: <none>

TIMING-16#464 Warning
Large setup violation  
There is a large setup violation of -4.902 ns between CNC_Top_i/XYZ_Axis_Coordinator/inst/target_pos_z_reg[5]/C (clocked by clk_out1_CNC_Top_clk_wiz_0) and CNC_Top_i/XYZ_Axis_Coordinator/inst/direction_change_buffer_reg[19]/R (clocked by clk_out1_CNC_Top_clk_wiz_0). Large setup violations at the end of those stages might be difficult to fix during the post-placement implementation flow and could be the result of non-optimal XDC constraints or non-optimal design architecture
Related violations: <none>

TIMING-16#465 Warning
Large setup violation  
There is a large setup violation of -4.902 ns between CNC_Top_i/XYZ_Axis_Coordinator/inst/target_pos_z_reg[5]/C (clocked by clk_out1_CNC_Top_clk_wiz_0) and CNC_Top_i/XYZ_Axis_Coordinator/inst/direction_change_buffer_reg[20]/R (clocked by clk_out1_CNC_Top_clk_wiz_0). Large setup violations at the end of those stages might be difficult to fix during the post-placement implementation flow and could be the result of non-optimal XDC constraints or non-optimal design architecture
Related violations: <none>

TIMING-16#466 Warning
Large setup violation  
There is a large setup violation of -4.917 ns between CNC_Top_i/XYZ_Axis_Coordinator/inst/target_pos_z_reg[5]/C (clocked by clk_out1_CNC_Top_clk_wiz_0) and CNC_Top_i/XYZ_Axis_Coordinator/inst/cycles_per_step_z_result1__1/B[3] (clocked by clk_out1_CNC_Top_clk_wiz_0). Large setup violations at the end of those stages might be difficult to fix during the post-placement implementation flow and could be the result of non-optimal XDC constraints or non-optimal design architecture
Related violations: <none>

TIMING-16#467 Warning
Large setup violation  
There is a large setup violation of -4.919 ns between CNC_Top_i/XYZ_Axis_Coordinator/inst/target_pos_z_reg[5]/C (clocked by clk_out1_CNC_Top_clk_wiz_0) and CNC_Top_i/XYZ_Axis_Coordinator/inst/cycles_per_step_z_result1__2/B[3] (clocked by clk_out1_CNC_Top_clk_wiz_0). Large setup violations at the end of those stages might be difficult to fix during the post-placement implementation flow and could be the result of non-optimal XDC constraints or non-optimal design architecture
Related violations: <none>

TIMING-16#468 Warning
Large setup violation  
There is a large setup violation of -4.966 ns between CNC_Top_i/XYZ_Axis_Coordinator/inst/target_pos_z_reg[5]/C (clocked by clk_out1_CNC_Top_clk_wiz_0) and CNC_Top_i/XYZ_Axis_Coordinator/inst/direction_change_buffer_reg[1]/CE (clocked by clk_out1_CNC_Top_clk_wiz_0). Large setup violations at the end of those stages might be difficult to fix during the post-placement implementation flow and could be the result of non-optimal XDC constraints or non-optimal design architecture
Related violations: <none>

TIMING-16#469 Warning
Large setup violation  
There is a large setup violation of -4.966 ns between CNC_Top_i/XYZ_Axis_Coordinator/inst/target_pos_z_reg[5]/C (clocked by clk_out1_CNC_Top_clk_wiz_0) and CNC_Top_i/XYZ_Axis_Coordinator/inst/direction_change_buffer_reg[2]/CE (clocked by clk_out1_CNC_Top_clk_wiz_0). Large setup violations at the end of those stages might be difficult to fix during the post-placement implementation flow and could be the result of non-optimal XDC constraints or non-optimal design architecture
Related violations: <none>

TIMING-16#470 Warning
Large setup violation  
There is a large setup violation of -4.966 ns between CNC_Top_i/XYZ_Axis_Coordinator/inst/target_pos_z_reg[5]/C (clocked by clk_out1_CNC_Top_clk_wiz_0) and CNC_Top_i/XYZ_Axis_Coordinator/inst/direction_change_buffer_reg[3]/CE (clocked by clk_out1_CNC_Top_clk_wiz_0). Large setup violations at the end of those stages might be difficult to fix during the post-placement implementation flow and could be the result of non-optimal XDC constraints or non-optimal design architecture
Related violations: <none>

TIMING-16#471 Warning
Large setup violation  
There is a large setup violation of -4.966 ns between CNC_Top_i/XYZ_Axis_Coordinator/inst/target_pos_z_reg[5]/C (clocked by clk_out1_CNC_Top_clk_wiz_0) and CNC_Top_i/XYZ_Axis_Coordinator/inst/direction_change_buffer_reg[4]/CE (clocked by clk_out1_CNC_Top_clk_wiz_0). Large setup violations at the end of those stages might be difficult to fix during the post-placement implementation flow and could be the result of non-optimal XDC constraints or non-optimal design architecture
Related violations: <none>

TIMING-16#472 Warning
Large setup violation  
There is a large setup violation of -4.994 ns between CNC_Top_i/XYZ_Axis_Coordinator/inst/target_pos_z_reg[5]/C (clocked by clk_out1_CNC_Top_clk_wiz_0) and CNC_Top_i/XYZ_Axis_Coordinator/inst/cycles_per_step_z_result1__1/CEB2 (clocked by clk_out1_CNC_Top_clk_wiz_0). Large setup violations at the end of those stages might be difficult to fix during the post-placement implementation flow and could be the result of non-optimal XDC constraints or non-optimal design architecture
Related violations: <none>

TIMING-16#473 Warning
Large setup violation  
There is a large setup violation of -42.468 ns between CNC_Top_i/XYZ_Axis_Coordinator/inst/target_pos_x_reg[14]/C (clocked by clk_out1_CNC_Top_clk_wiz_0) and CNC_Top_i/XYZ_Axis_Coordinator/inst/cycles_per_step_x_reg[44]/D (clocked by clk_out1_CNC_Top_clk_wiz_0). Large setup violations at the end of those stages might be difficult to fix during the post-placement implementation flow and could be the result of non-optimal XDC constraints or non-optimal design architecture
Related violations: <none>

TIMING-16#474 Warning
Large setup violation  
There is a large setup violation of -42.665 ns between CNC_Top_i/XYZ_Axis_Coordinator/inst/target_pos_y_reg[8]/C (clocked by clk_out1_CNC_Top_clk_wiz_0) and CNC_Top_i/XYZ_Axis_Coordinator/inst/cycles_per_step_y_reg[46]/D (clocked by clk_out1_CNC_Top_clk_wiz_0). Large setup violations at the end of those stages might be difficult to fix during the post-placement implementation flow and could be the result of non-optimal XDC constraints or non-optimal design architecture
Related violations: <none>

TIMING-16#475 Warning
Large setup violation  
There is a large setup violation of -43.589 ns between CNC_Top_i/XYZ_Axis_Coordinator/inst/target_pos_z_reg[2]/C (clocked by clk_out1_CNC_Top_clk_wiz_0) and CNC_Top_i/XYZ_Axis_Coordinator/inst/cycles_per_step_z_reg[44]/D (clocked by clk_out1_CNC_Top_clk_wiz_0). Large setup violations at the end of those stages might be difficult to fix during the post-placement implementation flow and could be the result of non-optimal XDC constraints or non-optimal design architecture
Related violations: <none>

TIMING-16#476 Warning
Large setup violation  
There is a large setup violation of -47.163 ns between CNC_Top_i/XYZ_Axis_Coordinator/inst/target_pos_x_reg[14]/C (clocked by clk_out1_CNC_Top_clk_wiz_0) and CNC_Top_i/XYZ_Axis_Coordinator/inst/cycles_per_step_x_reg[43]/D (clocked by clk_out1_CNC_Top_clk_wiz_0). Large setup violations at the end of those stages might be difficult to fix during the post-placement implementation flow and could be the result of non-optimal XDC constraints or non-optimal design architecture
Related violations: <none>

TIMING-16#477 Warning
Large setup violation  
There is a large setup violation of -47.566 ns between CNC_Top_i/XYZ_Axis_Coordinator/inst/target_pos_z_reg[2]/C (clocked by clk_out1_CNC_Top_clk_wiz_0) and CNC_Top_i/XYZ_Axis_Coordinator/inst/cycles_per_step_z_reg[43]/D (clocked by clk_out1_CNC_Top_clk_wiz_0). Large setup violations at the end of those stages might be difficult to fix during the post-placement implementation flow and could be the result of non-optimal XDC constraints or non-optimal design architecture
Related violations: <none>

TIMING-16#478 Warning
Large setup violation  
There is a large setup violation of -47.878 ns between CNC_Top_i/XYZ_Axis_Coordinator/inst/target_pos_y_reg[8]/C (clocked by clk_out1_CNC_Top_clk_wiz_0) and CNC_Top_i/XYZ_Axis_Coordinator/inst/cycles_per_step_y_reg[45]/D (clocked by clk_out1_CNC_Top_clk_wiz_0). Large setup violations at the end of those stages might be difficult to fix during the post-placement implementation flow and could be the result of non-optimal XDC constraints or non-optimal design architecture
Related violations: <none>

TIMING-16#479 Warning
Large setup violation  
There is a large setup violation of -5.023 ns between CNC_Top_i/XYZ_Axis_Coordinator/inst/target_pos_z_reg[5]/C (clocked by clk_out1_CNC_Top_clk_wiz_0) and CNC_Top_i/XYZ_Axis_Coordinator/inst/current_speed_reg[4]/D (clocked by clk_out1_CNC_Top_clk_wiz_0). Large setup violations at the end of those stages might be difficult to fix during the post-placement implementation flow and could be the result of non-optimal XDC constraints or non-optimal design architecture
Related violations: <none>

TIMING-16#480 Warning
Large setup violation  
There is a large setup violation of -5.053 ns between CNC_Top_i/XYZ_Axis_Coordinator/inst/target_pos_z_reg[5]/C (clocked by clk_out1_CNC_Top_clk_wiz_0) and CNC_Top_i/XYZ_Axis_Coordinator/inst/direction_change_buffer_reg[13]/R (clocked by clk_out1_CNC_Top_clk_wiz_0). Large setup violations at the end of those stages might be difficult to fix during the post-placement implementation flow and could be the result of non-optimal XDC constraints or non-optimal design architecture
Related violations: <none>

TIMING-16#481 Warning
Large setup violation  
There is a large setup violation of -5.053 ns between CNC_Top_i/XYZ_Axis_Coordinator/inst/target_pos_z_reg[5]/C (clocked by clk_out1_CNC_Top_clk_wiz_0) and CNC_Top_i/XYZ_Axis_Coordinator/inst/direction_change_buffer_reg[14]/R (clocked by clk_out1_CNC_Top_clk_wiz_0). Large setup violations at the end of those stages might be difficult to fix during the post-placement implementation flow and could be the result of non-optimal XDC constraints or non-optimal design architecture
Related violations: <none>

TIMING-16#482 Warning
Large setup violation  
There is a large setup violation of -5.053 ns between CNC_Top_i/XYZ_Axis_Coordinator/inst/target_pos_z_reg[5]/C (clocked by clk_out1_CNC_Top_clk_wiz_0) and CNC_Top_i/XYZ_Axis_Coordinator/inst/direction_change_buffer_reg[15]/R (clocked by clk_out1_CNC_Top_clk_wiz_0). Large setup violations at the end of those stages might be difficult to fix during the post-placement implementation flow and could be the result of non-optimal XDC constraints or non-optimal design architecture
Related violations: <none>

TIMING-16#483 Warning
Large setup violation  
There is a large setup violation of -5.053 ns between CNC_Top_i/XYZ_Axis_Coordinator/inst/target_pos_z_reg[5]/C (clocked by clk_out1_CNC_Top_clk_wiz_0) and CNC_Top_i/XYZ_Axis_Coordinator/inst/direction_change_buffer_reg[16]/R (clocked by clk_out1_CNC_Top_clk_wiz_0). Large setup violations at the end of those stages might be difficult to fix during the post-placement implementation flow and could be the result of non-optimal XDC constraints or non-optimal design architecture
Related violations: <none>

TIMING-16#484 Warning
Large setup violation  
There is a large setup violation of -5.221 ns between CNC_Top_i/XYZ_Axis_Coordinator/inst/target_pos_z_reg[5]/C (clocked by clk_out1_CNC_Top_clk_wiz_0) and CNC_Top_i/XYZ_Axis_Coordinator/inst/direction_change_buffer_reg[10]/R (clocked by clk_out1_CNC_Top_clk_wiz_0). Large setup violations at the end of those stages might be difficult to fix during the post-placement implementation flow and could be the result of non-optimal XDC constraints or non-optimal design architecture
Related violations: <none>

TIMING-16#485 Warning
Large setup violation  
There is a large setup violation of -5.221 ns between CNC_Top_i/XYZ_Axis_Coordinator/inst/target_pos_z_reg[5]/C (clocked by clk_out1_CNC_Top_clk_wiz_0) and CNC_Top_i/XYZ_Axis_Coordinator/inst/direction_change_buffer_reg[11]/R (clocked by clk_out1_CNC_Top_clk_wiz_0). Large setup violations at the end of those stages might be difficult to fix during the post-placement implementation flow and could be the result of non-optimal XDC constraints or non-optimal design architecture
Related violations: <none>

TIMING-16#486 Warning
Large setup violation  
There is a large setup violation of -5.221 ns between CNC_Top_i/XYZ_Axis_Coordinator/inst/target_pos_z_reg[5]/C (clocked by clk_out1_CNC_Top_clk_wiz_0) and CNC_Top_i/XYZ_Axis_Coordinator/inst/direction_change_buffer_reg[12]/R (clocked by clk_out1_CNC_Top_clk_wiz_0). Large setup violations at the end of those stages might be difficult to fix during the post-placement implementation flow and could be the result of non-optimal XDC constraints or non-optimal design architecture
Related violations: <none>

TIMING-16#487 Warning
Large setup violation  
There is a large setup violation of -5.221 ns between CNC_Top_i/XYZ_Axis_Coordinator/inst/target_pos_z_reg[5]/C (clocked by clk_out1_CNC_Top_clk_wiz_0) and CNC_Top_i/XYZ_Axis_Coordinator/inst/direction_change_buffer_reg[9]/R (clocked by clk_out1_CNC_Top_clk_wiz_0). Large setup violations at the end of those stages might be difficult to fix during the post-placement implementation flow and could be the result of non-optimal XDC constraints or non-optimal design architecture
Related violations: <none>

TIMING-16#488 Warning
Large setup violation  
There is a large setup violation of -5.225 ns between CNC_Top_i/XYZ_Axis_Coordinator/inst/target_pos_z_reg[5]/C (clocked by clk_out1_CNC_Top_clk_wiz_0) and CNC_Top_i/XYZ_Axis_Coordinator/inst/direction_change_buffer_reg[0]/R (clocked by clk_out1_CNC_Top_clk_wiz_0). Large setup violations at the end of those stages might be difficult to fix during the post-placement implementation flow and could be the result of non-optimal XDC constraints or non-optimal design architecture
Related violations: <none>

TIMING-16#489 Warning
Large setup violation  
There is a large setup violation of -5.282 ns between CNC_Top_i/XYZ_Axis_Coordinator/inst/target_pos_z_reg[5]/C (clocked by clk_out1_CNC_Top_clk_wiz_0) and CNC_Top_i/XYZ_Axis_Coordinator/inst/cycles_per_step_z_result1__1/B[2] (clocked by clk_out1_CNC_Top_clk_wiz_0). Large setup violations at the end of those stages might be difficult to fix during the post-placement implementation flow and could be the result of non-optimal XDC constraints or non-optimal design architecture
Related violations: <none>

TIMING-16#490 Warning
Large setup violation  
There is a large setup violation of -5.284 ns between CNC_Top_i/XYZ_Axis_Coordinator/inst/target_pos_z_reg[5]/C (clocked by clk_out1_CNC_Top_clk_wiz_0) and CNC_Top_i/XYZ_Axis_Coordinator/inst/cycles_per_step_z_result1__2/B[2] (clocked by clk_out1_CNC_Top_clk_wiz_0). Large setup violations at the end of those stages might be difficult to fix during the post-placement implementation flow and could be the result of non-optimal XDC constraints or non-optimal design architecture
Related violations: <none>

TIMING-16#491 Warning
Large setup violation  
There is a large setup violation of -5.334 ns between CNC_Top_i/XYZ_Axis_Coordinator/inst/target_pos_z_reg[5]/C (clocked by clk_out1_CNC_Top_clk_wiz_0) and CNC_Top_i/XYZ_Axis_Coordinator/inst/cycles_per_step_z_result1__1/B[4] (clocked by clk_out1_CNC_Top_clk_wiz_0). Large setup violations at the end of those stages might be difficult to fix during the post-placement implementation flow and could be the result of non-optimal XDC constraints or non-optimal design architecture
Related violations: <none>

TIMING-16#492 Warning
Large setup violation  
There is a large setup violation of -5.336 ns between CNC_Top_i/XYZ_Axis_Coordinator/inst/target_pos_z_reg[5]/C (clocked by clk_out1_CNC_Top_clk_wiz_0) and CNC_Top_i/XYZ_Axis_Coordinator/inst/cycles_per_step_z_result1__2/B[4] (clocked by clk_out1_CNC_Top_clk_wiz_0). Large setup violations at the end of those stages might be difficult to fix during the post-placement implementation flow and could be the result of non-optimal XDC constraints or non-optimal design architecture
Related violations: <none>

TIMING-16#493 Warning
Large setup violation  
There is a large setup violation of -5.352 ns between CNC_Top_i/XYZ_Axis_Coordinator/inst/target_pos_z_reg[5]/C (clocked by clk_out1_CNC_Top_clk_wiz_0) and CNC_Top_i/XYZ_Axis_Coordinator/inst/direction_change_buffer_reg[5]/R (clocked by clk_out1_CNC_Top_clk_wiz_0). Large setup violations at the end of those stages might be difficult to fix during the post-placement implementation flow and could be the result of non-optimal XDC constraints or non-optimal design architecture
Related violations: <none>

TIMING-16#494 Warning
Large setup violation  
There is a large setup violation of -5.352 ns between CNC_Top_i/XYZ_Axis_Coordinator/inst/target_pos_z_reg[5]/C (clocked by clk_out1_CNC_Top_clk_wiz_0) and CNC_Top_i/XYZ_Axis_Coordinator/inst/direction_change_buffer_reg[6]/R (clocked by clk_out1_CNC_Top_clk_wiz_0). Large setup violations at the end of those stages might be difficult to fix during the post-placement implementation flow and could be the result of non-optimal XDC constraints or non-optimal design architecture
Related violations: <none>

TIMING-16#495 Warning
Large setup violation  
There is a large setup violation of -5.352 ns between CNC_Top_i/XYZ_Axis_Coordinator/inst/target_pos_z_reg[5]/C (clocked by clk_out1_CNC_Top_clk_wiz_0) and CNC_Top_i/XYZ_Axis_Coordinator/inst/direction_change_buffer_reg[7]/R (clocked by clk_out1_CNC_Top_clk_wiz_0). Large setup violations at the end of those stages might be difficult to fix during the post-placement implementation flow and could be the result of non-optimal XDC constraints or non-optimal design architecture
Related violations: <none>

TIMING-16#496 Warning
Large setup violation  
There is a large setup violation of -5.352 ns between CNC_Top_i/XYZ_Axis_Coordinator/inst/target_pos_z_reg[5]/C (clocked by clk_out1_CNC_Top_clk_wiz_0) and CNC_Top_i/XYZ_Axis_Coordinator/inst/direction_change_buffer_reg[8]/R (clocked by clk_out1_CNC_Top_clk_wiz_0). Large setup violations at the end of those stages might be difficult to fix during the post-placement implementation flow and could be the result of non-optimal XDC constraints or non-optimal design architecture
Related violations: <none>

TIMING-16#497 Warning
Large setup violation  
There is a large setup violation of -5.354 ns between CNC_Top_i/XYZ_Axis_Coordinator/inst/target_pos_z_reg[5]/C (clocked by clk_out1_CNC_Top_clk_wiz_0) and CNC_Top_i/XYZ_Axis_Coordinator/inst/direction_change_buffer_reg[1]/R (clocked by clk_out1_CNC_Top_clk_wiz_0). Large setup violations at the end of those stages might be difficult to fix during the post-placement implementation flow and could be the result of non-optimal XDC constraints or non-optimal design architecture
Related violations: <none>

TIMING-16#498 Warning
Large setup violation  
There is a large setup violation of -5.354 ns between CNC_Top_i/XYZ_Axis_Coordinator/inst/target_pos_z_reg[5]/C (clocked by clk_out1_CNC_Top_clk_wiz_0) and CNC_Top_i/XYZ_Axis_Coordinator/inst/direction_change_buffer_reg[2]/R (clocked by clk_out1_CNC_Top_clk_wiz_0). Large setup violations at the end of those stages might be difficult to fix during the post-placement implementation flow and could be the result of non-optimal XDC constraints or non-optimal design architecture
Related violations: <none>

TIMING-16#499 Warning
Large setup violation  
There is a large setup violation of -5.354 ns between CNC_Top_i/XYZ_Axis_Coordinator/inst/target_pos_z_reg[5]/C (clocked by clk_out1_CNC_Top_clk_wiz_0) and CNC_Top_i/XYZ_Axis_Coordinator/inst/direction_change_buffer_reg[3]/R (clocked by clk_out1_CNC_Top_clk_wiz_0). Large setup violations at the end of those stages might be difficult to fix during the post-placement implementation flow and could be the result of non-optimal XDC constraints or non-optimal design architecture
Related violations: <none>

TIMING-16#500 Warning
Large setup violation  
There is a large setup violation of -5.354 ns between CNC_Top_i/XYZ_Axis_Coordinator/inst/target_pos_z_reg[5]/C (clocked by clk_out1_CNC_Top_clk_wiz_0) and CNC_Top_i/XYZ_Axis_Coordinator/inst/direction_change_buffer_reg[4]/R (clocked by clk_out1_CNC_Top_clk_wiz_0). Large setup violations at the end of those stages might be difficult to fix during the post-placement implementation flow and could be the result of non-optimal XDC constraints or non-optimal design architecture
Related violations: <none>

TIMING-16#501 Warning
Large setup violation  
There is a large setup violation of -5.387 ns between CNC_Top_i/XYZ_Axis_Coordinator/inst/target_pos_z_reg[5]/C (clocked by clk_out1_CNC_Top_clk_wiz_0) and CNC_Top_i/XYZ_Axis_Coordinator/inst/cycles_per_step_z_result1__1/B[6] (clocked by clk_out1_CNC_Top_clk_wiz_0). Large setup violations at the end of those stages might be difficult to fix during the post-placement implementation flow and could be the result of non-optimal XDC constraints or non-optimal design architecture
Related violations: <none>

TIMING-16#502 Warning
Large setup violation  
There is a large setup violation of -5.389 ns between CNC_Top_i/XYZ_Axis_Coordinator/inst/target_pos_z_reg[5]/C (clocked by clk_out1_CNC_Top_clk_wiz_0) and CNC_Top_i/XYZ_Axis_Coordinator/inst/cycles_per_step_z_result1__2/B[6] (clocked by clk_out1_CNC_Top_clk_wiz_0). Large setup violations at the end of those stages might be difficult to fix during the post-placement implementation flow and could be the result of non-optimal XDC constraints or non-optimal design architecture
Related violations: <none>

TIMING-16#503 Warning
Large setup violation  
There is a large setup violation of -5.393 ns between CNC_Top_i/XYZ_Axis_Coordinator/inst/target_pos_z_reg[2]/C (clocked by clk_out1_CNC_Top_clk_wiz_0) and CNC_Top_i/XYZ_Axis_Coordinator/inst/val_reg[1]/D (clocked by clk_out1_CNC_Top_clk_wiz_0). Large setup violations at the end of those stages might be difficult to fix during the post-placement implementation flow and could be the result of non-optimal XDC constraints or non-optimal design architecture
Related violations: <none>

TIMING-16#504 Warning
Large setup violation  
There is a large setup violation of -5.425 ns between CNC_Top_i/XYZ_Axis_Coordinator/inst/target_pos_z_reg[5]/C (clocked by clk_out1_CNC_Top_clk_wiz_0) and CNC_Top_i/XYZ_Axis_Coordinator/inst/cycles_per_step_z_result1__1/B[5] (clocked by clk_out1_CNC_Top_clk_wiz_0). Large setup violations at the end of those stages might be difficult to fix during the post-placement implementation flow and could be the result of non-optimal XDC constraints or non-optimal design architecture
Related violations: <none>

TIMING-16#505 Warning
Large setup violation  
There is a large setup violation of -5.427 ns between CNC_Top_i/XYZ_Axis_Coordinator/inst/target_pos_z_reg[5]/C (clocked by clk_out1_CNC_Top_clk_wiz_0) and CNC_Top_i/XYZ_Axis_Coordinator/inst/cycles_per_step_z_result1__2/B[5] (clocked by clk_out1_CNC_Top_clk_wiz_0). Large setup violations at the end of those stages might be difficult to fix during the post-placement implementation flow and could be the result of non-optimal XDC constraints or non-optimal design architecture
Related violations: <none>

TIMING-16#506 Warning
Large setup violation  
There is a large setup violation of -5.746 ns between CNC_Top_i/XYZ_Axis_Coordinator/inst/target_pos_z_reg[2]/C (clocked by clk_out1_CNC_Top_clk_wiz_0) and CNC_Top_i/XYZ_Axis_Coordinator/inst/val_reg[2]/D (clocked by clk_out1_CNC_Top_clk_wiz_0). Large setup violations at the end of those stages might be difficult to fix during the post-placement implementation flow and could be the result of non-optimal XDC constraints or non-optimal design architecture
Related violations: <none>

TIMING-16#507 Warning
Large setup violation  
There is a large setup violation of -50.713 ns between CNC_Top_i/XYZ_Axis_Coordinator/inst/target_pos_y_reg[8]/C (clocked by clk_out1_CNC_Top_clk_wiz_0) and CNC_Top_i/XYZ_Axis_Coordinator/inst/cycles_per_step_y_reg[44]/D (clocked by clk_out1_CNC_Top_clk_wiz_0). Large setup violations at the end of those stages might be difficult to fix during the post-placement implementation flow and could be the result of non-optimal XDC constraints or non-optimal design architecture
Related violations: <none>

TIMING-16#508 Warning
Large setup violation  
There is a large setup violation of -51.804 ns between CNC_Top_i/XYZ_Axis_Coordinator/inst/target_pos_x_reg[14]/C (clocked by clk_out1_CNC_Top_clk_wiz_0) and CNC_Top_i/XYZ_Axis_Coordinator/inst/cycles_per_step_x_reg[42]/D (clocked by clk_out1_CNC_Top_clk_wiz_0). Large setup violations at the end of those stages might be difficult to fix during the post-placement implementation flow and could be the result of non-optimal XDC constraints or non-optimal design architecture
Related violations: <none>

TIMING-16#509 Warning
Large setup violation  
There is a large setup violation of -51.829 ns between CNC_Top_i/XYZ_Axis_Coordinator/inst/target_pos_z_reg[2]/C (clocked by clk_out1_CNC_Top_clk_wiz_0) and CNC_Top_i/XYZ_Axis_Coordinator/inst/cycles_per_step_z_reg[42]/D (clocked by clk_out1_CNC_Top_clk_wiz_0). Large setup violations at the end of those stages might be difficult to fix during the post-placement implementation flow and could be the result of non-optimal XDC constraints or non-optimal design architecture
Related violations: <none>

TIMING-16#510 Warning
Large setup violation  
There is a large setup violation of -54.783 ns between CNC_Top_i/XYZ_Axis_Coordinator/inst/target_pos_y_reg[8]/C (clocked by clk_out1_CNC_Top_clk_wiz_0) and CNC_Top_i/XYZ_Axis_Coordinator/inst/cycles_per_step_y_reg[43]/D (clocked by clk_out1_CNC_Top_clk_wiz_0). Large setup violations at the end of those stages might be difficult to fix during the post-placement implementation flow and could be the result of non-optimal XDC constraints or non-optimal design architecture
Related violations: <none>

TIMING-16#511 Warning
Large setup violation  
There is a large setup violation of -55.867 ns between CNC_Top_i/XYZ_Axis_Coordinator/inst/target_pos_z_reg[2]/C (clocked by clk_out1_CNC_Top_clk_wiz_0) and CNC_Top_i/XYZ_Axis_Coordinator/inst/cycles_per_step_z_reg[41]/D (clocked by clk_out1_CNC_Top_clk_wiz_0). Large setup violations at the end of those stages might be difficult to fix during the post-placement implementation flow and could be the result of non-optimal XDC constraints or non-optimal design architecture
Related violations: <none>

TIMING-16#512 Warning
Large setup violation  
There is a large setup violation of -56.409 ns between CNC_Top_i/XYZ_Axis_Coordinator/inst/target_pos_x_reg[14]/C (clocked by clk_out1_CNC_Top_clk_wiz_0) and CNC_Top_i/XYZ_Axis_Coordinator/inst/cycles_per_step_x_reg[41]/D (clocked by clk_out1_CNC_Top_clk_wiz_0). Large setup violations at the end of those stages might be difficult to fix during the post-placement implementation flow and could be the result of non-optimal XDC constraints or non-optimal design architecture
Related violations: <none>

TIMING-16#513 Warning
Large setup violation  
There is a large setup violation of -59.485 ns between CNC_Top_i/XYZ_Axis_Coordinator/inst/target_pos_z_reg[2]/C (clocked by clk_out1_CNC_Top_clk_wiz_0) and CNC_Top_i/XYZ_Axis_Coordinator/inst/cycles_per_step_z_reg[40]/D (clocked by clk_out1_CNC_Top_clk_wiz_0). Large setup violations at the end of those stages might be difficult to fix during the post-placement implementation flow and could be the result of non-optimal XDC constraints or non-optimal design architecture
Related violations: <none>

TIMING-16#514 Warning
Large setup violation  
There is a large setup violation of -6.007 ns between CNC_Top_i/XYZ_Axis_Coordinator/inst/target_pos_y_reg[8]/C (clocked by clk_out1_CNC_Top_clk_wiz_0) and CNC_Top_i/XYZ_Axis_Coordinator/inst/val_reg[3]/D (clocked by clk_out1_CNC_Top_clk_wiz_0). Large setup violations at the end of those stages might be difficult to fix during the post-placement implementation flow and could be the result of non-optimal XDC constraints or non-optimal design architecture
Related violations: <none>

TIMING-16#515 Warning
Large setup violation  
There is a large setup violation of -6.384 ns between CNC_Top_i/XYZ_Axis_Coordinator/inst/target_pos_y_reg[8]/C (clocked by clk_out1_CNC_Top_clk_wiz_0) and CNC_Top_i/XYZ_Axis_Coordinator/inst/val_reg[4]/D (clocked by clk_out1_CNC_Top_clk_wiz_0). Large setup violations at the end of those stages might be difficult to fix during the post-placement implementation flow and could be the result of non-optimal XDC constraints or non-optimal design architecture
Related violations: <none>

TIMING-16#516 Warning
Large setup violation  
There is a large setup violation of -6.400 ns between CNC_Top_i/XYZ_Axis_Coordinator/inst/target_pos_y_reg[8]/C (clocked by clk_out1_CNC_Top_clk_wiz_0) and CNC_Top_i/XYZ_Axis_Coordinator/inst/val_reg[6]/D (clocked by clk_out1_CNC_Top_clk_wiz_0). Large setup violations at the end of those stages might be difficult to fix during the post-placement implementation flow and could be the result of non-optimal XDC constraints or non-optimal design architecture
Related violations: <none>

TIMING-16#517 Warning
Large setup violation  
There is a large setup violation of -6.473 ns between CNC_Top_i/XYZ_Axis_Coordinator/inst/target_pos_y_reg[8]/C (clocked by clk_out1_CNC_Top_clk_wiz_0) and CNC_Top_i/XYZ_Axis_Coordinator/inst/val_reg[7]/D (clocked by clk_out1_CNC_Top_clk_wiz_0). Large setup violations at the end of those stages might be difficult to fix during the post-placement implementation flow and could be the result of non-optimal XDC constraints or non-optimal design architecture
Related violations: <none>

TIMING-16#518 Warning
Large setup violation  
There is a large setup violation of -6.495 ns between CNC_Top_i/XYZ_Axis_Coordinator/inst/target_pos_y_reg[8]/C (clocked by clk_out1_CNC_Top_clk_wiz_0) and CNC_Top_i/XYZ_Axis_Coordinator/inst/val_reg[5]/D (clocked by clk_out1_CNC_Top_clk_wiz_0). Large setup violations at the end of those stages might be difficult to fix during the post-placement implementation flow and could be the result of non-optimal XDC constraints or non-optimal design architecture
Related violations: <none>

TIMING-16#519 Warning
Large setup violation  
There is a large setup violation of -6.500 ns between CNC_Top_i/XYZ_Axis_Coordinator/inst/target_pos_y_reg[8]/C (clocked by clk_out1_CNC_Top_clk_wiz_0) and CNC_Top_i/XYZ_Axis_Coordinator/inst/val_reg[8]/D (clocked by clk_out1_CNC_Top_clk_wiz_0). Large setup violations at the end of those stages might be difficult to fix during the post-placement implementation flow and could be the result of non-optimal XDC constraints or non-optimal design architecture
Related violations: <none>

TIMING-16#520 Warning
Large setup violation  
There is a large setup violation of -6.516 ns between CNC_Top_i/XYZ_Axis_Coordinator/inst/target_pos_y_reg[8]/C (clocked by clk_out1_CNC_Top_clk_wiz_0) and CNC_Top_i/XYZ_Axis_Coordinator/inst/val_reg[10]/D (clocked by clk_out1_CNC_Top_clk_wiz_0). Large setup violations at the end of those stages might be difficult to fix during the post-placement implementation flow and could be the result of non-optimal XDC constraints or non-optimal design architecture
Related violations: <none>

TIMING-16#521 Warning
Large setup violation  
There is a large setup violation of -6.589 ns between CNC_Top_i/XYZ_Axis_Coordinator/inst/target_pos_y_reg[8]/C (clocked by clk_out1_CNC_Top_clk_wiz_0) and CNC_Top_i/XYZ_Axis_Coordinator/inst/val_reg[11]/D (clocked by clk_out1_CNC_Top_clk_wiz_0). Large setup violations at the end of those stages might be difficult to fix during the post-placement implementation flow and could be the result of non-optimal XDC constraints or non-optimal design architecture
Related violations: <none>

TIMING-16#522 Warning
Large setup violation  
There is a large setup violation of -6.608 ns between CNC_Top_i/XYZ_Axis_Coordinator/inst/target_pos_z_reg[5]/C (clocked by clk_out1_CNC_Top_clk_wiz_0) and CNC_Top_i/XYZ_Axis_Coordinator/inst/cycles_per_step_x_result1/B[1] (clocked by clk_out1_CNC_Top_clk_wiz_0). Large setup violations at the end of those stages might be difficult to fix during the post-placement implementation flow and could be the result of non-optimal XDC constraints or non-optimal design architecture
Related violations: <none>

TIMING-16#523 Warning
Large setup violation  
There is a large setup violation of -6.610 ns between CNC_Top_i/XYZ_Axis_Coordinator/inst/target_pos_y_reg[8]/C (clocked by clk_out1_CNC_Top_clk_wiz_0) and CNC_Top_i/XYZ_Axis_Coordinator/inst/val_reg[9]/D (clocked by clk_out1_CNC_Top_clk_wiz_0). Large setup violations at the end of those stages might be difficult to fix during the post-placement implementation flow and could be the result of non-optimal XDC constraints or non-optimal design architecture
Related violations: <none>

TIMING-16#524 Warning
Large setup violation  
There is a large setup violation of -6.611 ns between CNC_Top_i/XYZ_Axis_Coordinator/inst/target_pos_z_reg[5]/C (clocked by clk_out1_CNC_Top_clk_wiz_0) and CNC_Top_i/XYZ_Axis_Coordinator/inst/cycles_per_step_x_result1__0/B[1] (clocked by clk_out1_CNC_Top_clk_wiz_0). Large setup violations at the end of those stages might be difficult to fix during the post-placement implementation flow and could be the result of non-optimal XDC constraints or non-optimal design architecture
Related violations: <none>

TIMING-16#525 Warning
Large setup violation  
There is a large setup violation of -6.615 ns between CNC_Top_i/XYZ_Axis_Coordinator/inst/target_pos_y_reg[8]/C (clocked by clk_out1_CNC_Top_clk_wiz_0) and CNC_Top_i/XYZ_Axis_Coordinator/inst/val_reg[12]/D (clocked by clk_out1_CNC_Top_clk_wiz_0). Large setup violations at the end of those stages might be difficult to fix during the post-placement implementation flow and could be the result of non-optimal XDC constraints or non-optimal design architecture
Related violations: <none>

TIMING-16#526 Warning
Large setup violation  
There is a large setup violation of -6.630 ns between CNC_Top_i/XYZ_Axis_Coordinator/inst/target_pos_y_reg[8]/C (clocked by clk_out1_CNC_Top_clk_wiz_0) and CNC_Top_i/XYZ_Axis_Coordinator/inst/val_reg[14]/D (clocked by clk_out1_CNC_Top_clk_wiz_0). Large setup violations at the end of those stages might be difficult to fix during the post-placement implementation flow and could be the result of non-optimal XDC constraints or non-optimal design architecture
Related violations: <none>

TIMING-16#527 Warning
Large setup violation  
There is a large setup violation of -6.704 ns between CNC_Top_i/XYZ_Axis_Coordinator/inst/target_pos_y_reg[8]/C (clocked by clk_out1_CNC_Top_clk_wiz_0) and CNC_Top_i/XYZ_Axis_Coordinator/inst/val_reg[15]/D (clocked by clk_out1_CNC_Top_clk_wiz_0). Large setup violations at the end of those stages might be difficult to fix during the post-placement implementation flow and could be the result of non-optimal XDC constraints or non-optimal design architecture
Related violations: <none>

TIMING-16#528 Warning
Large setup violation  
There is a large setup violation of -6.725 ns between CNC_Top_i/XYZ_Axis_Coordinator/inst/target_pos_y_reg[8]/C (clocked by clk_out1_CNC_Top_clk_wiz_0) and CNC_Top_i/XYZ_Axis_Coordinator/inst/val_reg[13]/D (clocked by clk_out1_CNC_Top_clk_wiz_0). Large setup violations at the end of those stages might be difficult to fix during the post-placement implementation flow and could be the result of non-optimal XDC constraints or non-optimal design architecture
Related violations: <none>

TIMING-16#529 Warning
Large setup violation  
There is a large setup violation of -6.728 ns between CNC_Top_i/XYZ_Axis_Coordinator/inst/target_pos_y_reg[8]/C (clocked by clk_out1_CNC_Top_clk_wiz_0) and CNC_Top_i/XYZ_Axis_Coordinator/inst/val_reg[16]/D (clocked by clk_out1_CNC_Top_clk_wiz_0). Large setup violations at the end of those stages might be difficult to fix during the post-placement implementation flow and could be the result of non-optimal XDC constraints or non-optimal design architecture
Related violations: <none>

TIMING-16#530 Warning
Large setup violation  
There is a large setup violation of -6.796 ns between CNC_Top_i/XYZ_Axis_Coordinator/inst/target_pos_z_reg[5]/C (clocked by clk_out1_CNC_Top_clk_wiz_0) and CNC_Top_i/XYZ_Axis_Coordinator/inst/cycles_per_step_x_result1/B[0] (clocked by clk_out1_CNC_Top_clk_wiz_0). Large setup violations at the end of those stages might be difficult to fix during the post-placement implementation flow and could be the result of non-optimal XDC constraints or non-optimal design architecture
Related violations: <none>

TIMING-16#531 Warning
Large setup violation  
There is a large setup violation of -6.799 ns between CNC_Top_i/XYZ_Axis_Coordinator/inst/target_pos_z_reg[5]/C (clocked by clk_out1_CNC_Top_clk_wiz_0) and CNC_Top_i/XYZ_Axis_Coordinator/inst/cycles_per_step_x_result1__0/B[0] (clocked by clk_out1_CNC_Top_clk_wiz_0). Large setup violations at the end of those stages might be difficult to fix during the post-placement implementation flow and could be the result of non-optimal XDC constraints or non-optimal design architecture
Related violations: <none>

TIMING-16#532 Warning
Large setup violation  
There is a large setup violation of -60.394 ns between CNC_Top_i/XYZ_Axis_Coordinator/inst/target_pos_y_reg[8]/C (clocked by clk_out1_CNC_Top_clk_wiz_0) and CNC_Top_i/XYZ_Axis_Coordinator/inst/cycles_per_step_y_reg[42]/D (clocked by clk_out1_CNC_Top_clk_wiz_0). Large setup violations at the end of those stages might be difficult to fix during the post-placement implementation flow and could be the result of non-optimal XDC constraints or non-optimal design architecture
Related violations: <none>

TIMING-16#533 Warning
Large setup violation  
There is a large setup violation of -60.508 ns between CNC_Top_i/XYZ_Axis_Coordinator/inst/target_pos_x_reg[14]/C (clocked by clk_out1_CNC_Top_clk_wiz_0) and CNC_Top_i/XYZ_Axis_Coordinator/inst/cycles_per_step_x_reg[40]/D (clocked by clk_out1_CNC_Top_clk_wiz_0). Large setup violations at the end of those stages might be difficult to fix during the post-placement implementation flow and could be the result of non-optimal XDC constraints or non-optimal design architecture
Related violations: <none>

TIMING-16#534 Warning
Large setup violation  
There is a large setup violation of -63.756 ns between CNC_Top_i/XYZ_Axis_Coordinator/inst/target_pos_y_reg[8]/C (clocked by clk_out1_CNC_Top_clk_wiz_0) and CNC_Top_i/XYZ_Axis_Coordinator/inst/cycles_per_step_y_reg[41]/D (clocked by clk_out1_CNC_Top_clk_wiz_0). Large setup violations at the end of those stages might be difficult to fix during the post-placement implementation flow and could be the result of non-optimal XDC constraints or non-optimal design architecture
Related violations: <none>

TIMING-16#535 Warning
Large setup violation  
There is a large setup violation of -64.566 ns between CNC_Top_i/XYZ_Axis_Coordinator/inst/target_pos_z_reg[2]/C (clocked by clk_out1_CNC_Top_clk_wiz_0) and CNC_Top_i/XYZ_Axis_Coordinator/inst/cycles_per_step_z_reg[39]/D (clocked by clk_out1_CNC_Top_clk_wiz_0). Large setup violations at the end of those stages might be difficult to fix during the post-placement implementation flow and could be the result of non-optimal XDC constraints or non-optimal design architecture
Related violations: <none>

TIMING-16#536 Warning
Large setup violation  
There is a large setup violation of -65.036 ns between CNC_Top_i/XYZ_Axis_Coordinator/inst/target_pos_x_reg[14]/C (clocked by clk_out1_CNC_Top_clk_wiz_0) and CNC_Top_i/XYZ_Axis_Coordinator/inst/cycles_per_step_x_reg[39]/D (clocked by clk_out1_CNC_Top_clk_wiz_0). Large setup violations at the end of those stages might be difficult to fix during the post-placement implementation flow and could be the result of non-optimal XDC constraints or non-optimal design architecture
Related violations: <none>

TIMING-16#537 Warning
Large setup violation  
There is a large setup violation of -68.248 ns between CNC_Top_i/XYZ_Axis_Coordinator/inst/target_pos_y_reg[8]/C (clocked by clk_out1_CNC_Top_clk_wiz_0) and CNC_Top_i/XYZ_Axis_Coordinator/inst/cycles_per_step_y_reg[40]/D (clocked by clk_out1_CNC_Top_clk_wiz_0). Large setup violations at the end of those stages might be difficult to fix during the post-placement implementation flow and could be the result of non-optimal XDC constraints or non-optimal design architecture
Related violations: <none>

TIMING-16#538 Warning
Large setup violation  
There is a large setup violation of -68.715 ns between CNC_Top_i/XYZ_Axis_Coordinator/inst/target_pos_x_reg[14]/C (clocked by clk_out1_CNC_Top_clk_wiz_0) and CNC_Top_i/XYZ_Axis_Coordinator/inst/cycles_per_step_x_reg[38]/D (clocked by clk_out1_CNC_Top_clk_wiz_0). Large setup violations at the end of those stages might be difficult to fix during the post-placement implementation flow and could be the result of non-optimal XDC constraints or non-optimal design architecture
Related violations: <none>

TIMING-16#539 Warning
Large setup violation  
There is a large setup violation of -69.517 ns between CNC_Top_i/XYZ_Axis_Coordinator/inst/target_pos_z_reg[2]/C (clocked by clk_out1_CNC_Top_clk_wiz_0) and CNC_Top_i/XYZ_Axis_Coordinator/inst/cycles_per_step_z_reg[38]/D (clocked by clk_out1_CNC_Top_clk_wiz_0). Large setup violations at the end of those stages might be difficult to fix during the post-placement implementation flow and could be the result of non-optimal XDC constraints or non-optimal design architecture
Related violations: <none>

TIMING-16#540 Warning
Large setup violation  
There is a large setup violation of -7.277 ns between CNC_Top_i/XYZ_Axis_Coordinator/inst/target_pos_z_reg[5]/C (clocked by clk_out1_CNC_Top_clk_wiz_0) and CNC_Top_i/XYZ_Axis_Coordinator/inst/cycles_per_step_x_result1/B[6] (clocked by clk_out1_CNC_Top_clk_wiz_0). Large setup violations at the end of those stages might be difficult to fix during the post-placement implementation flow and could be the result of non-optimal XDC constraints or non-optimal design architecture
Related violations: <none>

TIMING-16#541 Warning
Large setup violation  
There is a large setup violation of -7.280 ns between CNC_Top_i/XYZ_Axis_Coordinator/inst/target_pos_z_reg[5]/C (clocked by clk_out1_CNC_Top_clk_wiz_0) and CNC_Top_i/XYZ_Axis_Coordinator/inst/cycles_per_step_x_result1__0/B[6] (clocked by clk_out1_CNC_Top_clk_wiz_0). Large setup violations at the end of those stages might be difficult to fix during the post-placement implementation flow and could be the result of non-optimal XDC constraints or non-optimal design architecture
Related violations: <none>

TIMING-16#542 Warning
Large setup violation  
There is a large setup violation of -7.338 ns between CNC_Top_i/XYZ_Axis_Coordinator/inst/target_pos_z_reg[5]/C (clocked by clk_out1_CNC_Top_clk_wiz_0) and CNC_Top_i/XYZ_Axis_Coordinator/inst/cycles_per_step_y_result1__0/B[1] (clocked by clk_out1_CNC_Top_clk_wiz_0). Large setup violations at the end of those stages might be difficult to fix during the post-placement implementation flow and could be the result of non-optimal XDC constraints or non-optimal design architecture
Related violations: <none>

TIMING-16#543 Warning
Large setup violation  
There is a large setup violation of -7.341 ns between CNC_Top_i/XYZ_Axis_Coordinator/inst/target_pos_z_reg[5]/C (clocked by clk_out1_CNC_Top_clk_wiz_0) and CNC_Top_i/XYZ_Axis_Coordinator/inst/cycles_per_step_y_result1/B[1] (clocked by clk_out1_CNC_Top_clk_wiz_0). Large setup violations at the end of those stages might be difficult to fix during the post-placement implementation flow and could be the result of non-optimal XDC constraints or non-optimal design architecture
Related violations: <none>

TIMING-16#544 Warning
Large setup violation  
There is a large setup violation of -7.436 ns between CNC_Top_i/XYZ_Axis_Coordinator/inst/target_pos_z_reg[5]/C (clocked by clk_out1_CNC_Top_clk_wiz_0) and CNC_Top_i/XYZ_Axis_Coordinator/inst/cycles_per_step_y_result1__0/B[0] (clocked by clk_out1_CNC_Top_clk_wiz_0). Large setup violations at the end of those stages might be difficult to fix during the post-placement implementation flow and could be the result of non-optimal XDC constraints or non-optimal design architecture
Related violations: <none>

TIMING-16#545 Warning
Large setup violation  
There is a large setup violation of -7.439 ns between CNC_Top_i/XYZ_Axis_Coordinator/inst/target_pos_z_reg[5]/C (clocked by clk_out1_CNC_Top_clk_wiz_0) and CNC_Top_i/XYZ_Axis_Coordinator/inst/cycles_per_step_y_result1/B[0] (clocked by clk_out1_CNC_Top_clk_wiz_0). Large setup violations at the end of those stages might be difficult to fix during the post-placement implementation flow and could be the result of non-optimal XDC constraints or non-optimal design architecture
Related violations: <none>

TIMING-16#546 Warning
Large setup violation  
There is a large setup violation of -7.460 ns between CNC_Top_i/XYZ_Axis_Coordinator/inst/target_pos_z_reg[5]/C (clocked by clk_out1_CNC_Top_clk_wiz_0) and CNC_Top_i/XYZ_Axis_Coordinator/inst/cycles_per_step_x_result1/B[7] (clocked by clk_out1_CNC_Top_clk_wiz_0). Large setup violations at the end of those stages might be difficult to fix during the post-placement implementation flow and could be the result of non-optimal XDC constraints or non-optimal design architecture
Related violations: <none>

TIMING-16#547 Warning
Large setup violation  
There is a large setup violation of -7.463 ns between CNC_Top_i/XYZ_Axis_Coordinator/inst/target_pos_z_reg[5]/C (clocked by clk_out1_CNC_Top_clk_wiz_0) and CNC_Top_i/XYZ_Axis_Coordinator/inst/cycles_per_step_x_result1__0/B[7] (clocked by clk_out1_CNC_Top_clk_wiz_0). Large setup violations at the end of those stages might be difficult to fix during the post-placement implementation flow and could be the result of non-optimal XDC constraints or non-optimal design architecture
Related violations: <none>

TIMING-16#548 Warning
Large setup violation  
There is a large setup violation of -7.707 ns between CNC_Top_i/XYZ_Axis_Coordinator/inst/target_pos_z_reg[5]/C (clocked by clk_out1_CNC_Top_clk_wiz_0) and CNC_Top_i/XYZ_Axis_Coordinator/inst/cycles_per_step_x_result1/B[2] (clocked by clk_out1_CNC_Top_clk_wiz_0). Large setup violations at the end of those stages might be difficult to fix during the post-placement implementation flow and could be the result of non-optimal XDC constraints or non-optimal design architecture
Related violations: <none>

TIMING-16#549 Warning
Large setup violation  
There is a large setup violation of -7.710 ns between CNC_Top_i/XYZ_Axis_Coordinator/inst/target_pos_z_reg[5]/C (clocked by clk_out1_CNC_Top_clk_wiz_0) and CNC_Top_i/XYZ_Axis_Coordinator/inst/cycles_per_step_x_result1__0/B[2] (clocked by clk_out1_CNC_Top_clk_wiz_0). Large setup violations at the end of those stages might be difficult to fix during the post-placement implementation flow and could be the result of non-optimal XDC constraints or non-optimal design architecture
Related violations: <none>

TIMING-16#550 Warning
Large setup violation  
There is a large setup violation of -7.768 ns between CNC_Top_i/XYZ_Axis_Coordinator/inst/target_pos_z_reg[5]/C (clocked by clk_out1_CNC_Top_clk_wiz_0) and CNC_Top_i/XYZ_Axis_Coordinator/inst/cycles_per_step_x_result1/CEB2 (clocked by clk_out1_CNC_Top_clk_wiz_0). Large setup violations at the end of those stages might be difficult to fix during the post-placement implementation flow and could be the result of non-optimal XDC constraints or non-optimal design architecture
Related violations: <none>

TIMING-16#551 Warning
Large setup violation  
There is a large setup violation of -7.780 ns between CNC_Top_i/XYZ_Axis_Coordinator/inst/target_pos_z_reg[5]/C (clocked by clk_out1_CNC_Top_clk_wiz_0) and CNC_Top_i/XYZ_Axis_Coordinator/inst/cycles_per_step_x_result1__0/B[3] (clocked by clk_out1_CNC_Top_clk_wiz_0). Large setup violations at the end of those stages might be difficult to fix during the post-placement implementation flow and could be the result of non-optimal XDC constraints or non-optimal design architecture
Related violations: <none>

TIMING-16#552 Warning
Large setup violation  
There is a large setup violation of -7.934 ns between CNC_Top_i/XYZ_Axis_Coordinator/inst/target_pos_z_reg[5]/C (clocked by clk_out1_CNC_Top_clk_wiz_0) and CNC_Top_i/XYZ_Axis_Coordinator/inst/cycles_per_step_y_result1__0/B[7] (clocked by clk_out1_CNC_Top_clk_wiz_0). Large setup violations at the end of those stages might be difficult to fix during the post-placement implementation flow and could be the result of non-optimal XDC constraints or non-optimal design architecture
Related violations: <none>

TIMING-16#553 Warning
Large setup violation  
There is a large setup violation of -7.937 ns between CNC_Top_i/XYZ_Axis_Coordinator/inst/target_pos_z_reg[5]/C (clocked by clk_out1_CNC_Top_clk_wiz_0) and CNC_Top_i/XYZ_Axis_Coordinator/inst/cycles_per_step_y_result1/B[7] (clocked by clk_out1_CNC_Top_clk_wiz_0). Large setup violations at the end of those stages might be difficult to fix during the post-placement implementation flow and could be the result of non-optimal XDC constraints or non-optimal design architecture
Related violations: <none>

TIMING-16#554 Warning
Large setup violation  
There is a large setup violation of -7.966 ns between CNC_Top_i/XYZ_Axis_Coordinator/inst/target_pos_z_reg[5]/C (clocked by clk_out1_CNC_Top_clk_wiz_0) and CNC_Top_i/XYZ_Axis_Coordinator/inst/cycles_per_step_x_result1/B[3] (clocked by clk_out1_CNC_Top_clk_wiz_0). Large setup violations at the end of those stages might be difficult to fix during the post-placement implementation flow and could be the result of non-optimal XDC constraints or non-optimal design architecture
Related violations: <none>

TIMING-16#555 Warning
Large setup violation  
There is a large setup violation of -7.986 ns between CNC_Top_i/XYZ_Axis_Coordinator/inst/target_pos_z_reg[5]/C (clocked by clk_out1_CNC_Top_clk_wiz_0) and CNC_Top_i/XYZ_Axis_Coordinator/inst/cycles_per_step_x_result1__0/CEB2 (clocked by clk_out1_CNC_Top_clk_wiz_0). Large setup violations at the end of those stages might be difficult to fix during the post-placement implementation flow and could be the result of non-optimal XDC constraints or non-optimal design architecture
Related violations: <none>

TIMING-16#556 Warning
Large setup violation  
There is a large setup violation of -72.609 ns between CNC_Top_i/XYZ_Axis_Coordinator/inst/target_pos_y_reg[8]/C (clocked by clk_out1_CNC_Top_clk_wiz_0) and CNC_Top_i/XYZ_Axis_Coordinator/inst/cycles_per_step_y_reg[39]/D (clocked by clk_out1_CNC_Top_clk_wiz_0). Large setup violations at the end of those stages might be difficult to fix during the post-placement implementation flow and could be the result of non-optimal XDC constraints or non-optimal design architecture
Related violations: <none>

TIMING-16#557 Warning
Large setup violation  
There is a large setup violation of -73.734 ns between CNC_Top_i/XYZ_Axis_Coordinator/inst/target_pos_z_reg[2]/C (clocked by clk_out1_CNC_Top_clk_wiz_0) and CNC_Top_i/XYZ_Axis_Coordinator/inst/cycles_per_step_z_reg[37]/D (clocked by clk_out1_CNC_Top_clk_wiz_0). Large setup violations at the end of those stages might be difficult to fix during the post-placement implementation flow and could be the result of non-optimal XDC constraints or non-optimal design architecture
Related violations: <none>

TIMING-16#558 Warning
Large setup violation  
There is a large setup violation of -73.980 ns between CNC_Top_i/XYZ_Axis_Coordinator/inst/target_pos_x_reg[14]/C (clocked by clk_out1_CNC_Top_clk_wiz_0) and CNC_Top_i/XYZ_Axis_Coordinator/inst/cycles_per_step_x_reg[37]/D (clocked by clk_out1_CNC_Top_clk_wiz_0). Large setup violations at the end of those stages might be difficult to fix during the post-placement implementation flow and could be the result of non-optimal XDC constraints or non-optimal design architecture
Related violations: <none>

TIMING-16#559 Warning
Large setup violation  
There is a large setup violation of -76.314 ns between CNC_Top_i/XYZ_Axis_Coordinator/inst/target_pos_y_reg[8]/C (clocked by clk_out1_CNC_Top_clk_wiz_0) and CNC_Top_i/XYZ_Axis_Coordinator/inst/cycles_per_step_y_reg[38]/D (clocked by clk_out1_CNC_Top_clk_wiz_0). Large setup violations at the end of those stages might be difficult to fix during the post-placement implementation flow and could be the result of non-optimal XDC constraints or non-optimal design architecture
Related violations: <none>

TIMING-16#560 Warning
Large setup violation  
There is a large setup violation of -76.876 ns between CNC_Top_i/XYZ_Axis_Coordinator/inst/target_pos_x_reg[14]/C (clocked by clk_out1_CNC_Top_clk_wiz_0) and CNC_Top_i/XYZ_Axis_Coordinator/inst/cycles_per_step_x_reg[36]/D (clocked by clk_out1_CNC_Top_clk_wiz_0). Large setup violations at the end of those stages might be difficult to fix during the post-placement implementation flow and could be the result of non-optimal XDC constraints or non-optimal design architecture
Related violations: <none>

TIMING-16#561 Warning
Large setup violation  
There is a large setup violation of -78.862 ns between CNC_Top_i/XYZ_Axis_Coordinator/inst/target_pos_z_reg[2]/C (clocked by clk_out1_CNC_Top_clk_wiz_0) and CNC_Top_i/XYZ_Axis_Coordinator/inst/cycles_per_step_z_reg[36]/D (clocked by clk_out1_CNC_Top_clk_wiz_0). Large setup violations at the end of those stages might be difficult to fix during the post-placement implementation flow and could be the result of non-optimal XDC constraints or non-optimal design architecture
Related violations: <none>

TIMING-16#562 Warning
Large setup violation  
There is a large setup violation of -8.008 ns between CNC_Top_i/XYZ_Axis_Coordinator/inst/target_pos_z_reg[5]/C (clocked by clk_out1_CNC_Top_clk_wiz_0) and CNC_Top_i/XYZ_Axis_Coordinator/inst/cycles_per_step_y_result1__0/B[6] (clocked by clk_out1_CNC_Top_clk_wiz_0). Large setup violations at the end of those stages might be difficult to fix during the post-placement implementation flow and could be the result of non-optimal XDC constraints or non-optimal design architecture
Related violations: <none>

TIMING-16#563 Warning
Large setup violation  
There is a large setup violation of -8.011 ns between CNC_Top_i/XYZ_Axis_Coordinator/inst/target_pos_z_reg[5]/C (clocked by clk_out1_CNC_Top_clk_wiz_0) and CNC_Top_i/XYZ_Axis_Coordinator/inst/cycles_per_step_y_result1/B[6] (clocked by clk_out1_CNC_Top_clk_wiz_0). Large setup violations at the end of those stages might be difficult to fix during the post-placement implementation flow and could be the result of non-optimal XDC constraints or non-optimal design architecture
Related violations: <none>

TIMING-16#564 Warning
Large setup violation  
There is a large setup violation of -8.180 ns between CNC_Top_i/XYZ_Axis_Coordinator/inst/target_pos_z_reg[5]/C (clocked by clk_out1_CNC_Top_clk_wiz_0) and CNC_Top_i/XYZ_Axis_Coordinator/inst/cycles_per_step_x_result1/B[4] (clocked by clk_out1_CNC_Top_clk_wiz_0). Large setup violations at the end of those stages might be difficult to fix during the post-placement implementation flow and could be the result of non-optimal XDC constraints or non-optimal design architecture
Related violations: <none>

TIMING-16#565 Warning
Large setup violation  
There is a large setup violation of -8.183 ns between CNC_Top_i/XYZ_Axis_Coordinator/inst/target_pos_z_reg[5]/C (clocked by clk_out1_CNC_Top_clk_wiz_0) and CNC_Top_i/XYZ_Axis_Coordinator/inst/cycles_per_step_x_result1__0/B[4] (clocked by clk_out1_CNC_Top_clk_wiz_0). Large setup violations at the end of those stages might be difficult to fix during the post-placement implementation flow and could be the result of non-optimal XDC constraints or non-optimal design architecture
Related violations: <none>

TIMING-16#566 Warning
Large setup violation  
There is a large setup violation of -8.294 ns between CNC_Top_i/XYZ_Axis_Coordinator/inst/target_pos_z_reg[5]/C (clocked by clk_out1_CNC_Top_clk_wiz_0) and CNC_Top_i/XYZ_Axis_Coordinator/inst/cycles_per_step_y_result1__0/B[2] (clocked by clk_out1_CNC_Top_clk_wiz_0). Large setup violations at the end of those stages might be difficult to fix during the post-placement implementation flow and could be the result of non-optimal XDC constraints or non-optimal design architecture
Related violations: <none>

TIMING-16#567 Warning
Large setup violation  
There is a large setup violation of -8.297 ns between CNC_Top_i/XYZ_Axis_Coordinator/inst/target_pos_z_reg[5]/C (clocked by clk_out1_CNC_Top_clk_wiz_0) and CNC_Top_i/XYZ_Axis_Coordinator/inst/cycles_per_step_y_result1/B[2] (clocked by clk_out1_CNC_Top_clk_wiz_0). Large setup violations at the end of those stages might be difficult to fix during the post-placement implementation flow and could be the result of non-optimal XDC constraints or non-optimal design architecture
Related violations: <none>

TIMING-16#568 Warning
Large setup violation  
There is a large setup violation of -8.405 ns between CNC_Top_i/XYZ_Axis_Coordinator/inst/target_pos_z_reg[5]/C (clocked by clk_out1_CNC_Top_clk_wiz_0) and CNC_Top_i/XYZ_Axis_Coordinator/inst/cycles_per_step_x_result1/B[5] (clocked by clk_out1_CNC_Top_clk_wiz_0). Large setup violations at the end of those stages might be difficult to fix during the post-placement implementation flow and could be the result of non-optimal XDC constraints or non-optimal design architecture
Related violations: <none>

TIMING-16#569 Warning
Large setup violation  
There is a large setup violation of -8.408 ns between CNC_Top_i/XYZ_Axis_Coordinator/inst/target_pos_z_reg[5]/C (clocked by clk_out1_CNC_Top_clk_wiz_0) and CNC_Top_i/XYZ_Axis_Coordinator/inst/cycles_per_step_x_result1__0/B[5] (clocked by clk_out1_CNC_Top_clk_wiz_0). Large setup violations at the end of those stages might be difficult to fix during the post-placement implementation flow and could be the result of non-optimal XDC constraints or non-optimal design architecture
Related violations: <none>

TIMING-16#570 Warning
Large setup violation  
There is a large setup violation of -8.500 ns between CNC_Top_i/XYZ_Axis_Coordinator/inst/target_pos_z_reg[5]/C (clocked by clk_out1_CNC_Top_clk_wiz_0) and CNC_Top_i/XYZ_Axis_Coordinator/inst/cycles_per_step_y_result1__0/B[3] (clocked by clk_out1_CNC_Top_clk_wiz_0). Large setup violations at the end of those stages might be difficult to fix during the post-placement implementation flow and could be the result of non-optimal XDC constraints or non-optimal design architecture
Related violations: <none>

TIMING-16#571 Warning
Large setup violation  
There is a large setup violation of -8.579 ns between CNC_Top_i/XYZ_Axis_Coordinator/inst/target_pos_z_reg[5]/C (clocked by clk_out1_CNC_Top_clk_wiz_0) and CNC_Top_i/XYZ_Axis_Coordinator/inst/cycles_per_step_y_result1/CEB2 (clocked by clk_out1_CNC_Top_clk_wiz_0). Large setup violations at the end of those stages might be difficult to fix during the post-placement implementation flow and could be the result of non-optimal XDC constraints or non-optimal design architecture
Related violations: <none>

TIMING-16#572 Warning
Large setup violation  
There is a large setup violation of -8.692 ns between CNC_Top_i/XYZ_Axis_Coordinator/inst/target_pos_z_reg[5]/C (clocked by clk_out1_CNC_Top_clk_wiz_0) and CNC_Top_i/XYZ_Axis_Coordinator/inst/cycles_per_step_y_result1/B[3] (clocked by clk_out1_CNC_Top_clk_wiz_0). Large setup violations at the end of those stages might be difficult to fix during the post-placement implementation flow and could be the result of non-optimal XDC constraints or non-optimal design architecture
Related violations: <none>

TIMING-16#573 Warning
Large setup violation  
There is a large setup violation of -8.720 ns between CNC_Top_i/XYZ_Axis_Coordinator/inst/target_pos_z_reg[5]/C (clocked by clk_out1_CNC_Top_clk_wiz_0) and CNC_Top_i/XYZ_Axis_Coordinator/inst/cycles_per_step_y_result1__0/CEB2 (clocked by clk_out1_CNC_Top_clk_wiz_0). Large setup violations at the end of those stages might be difficult to fix during the post-placement implementation flow and could be the result of non-optimal XDC constraints or non-optimal design architecture
Related violations: <none>

TIMING-16#574 Warning
Large setup violation  
There is a large setup violation of -8.740 ns between CNC_Top_i/XYZ_Axis_Coordinator/inst/target_pos_z_reg[5]/C (clocked by clk_out1_CNC_Top_clk_wiz_0) and CNC_Top_i/XYZ_Axis_Coordinator/inst/cycles_per_step_y_result1__0/B[5] (clocked by clk_out1_CNC_Top_clk_wiz_0). Large setup violations at the end of those stages might be difficult to fix during the post-placement implementation flow and could be the result of non-optimal XDC constraints or non-optimal design architecture
Related violations: <none>

TIMING-16#575 Warning
Large setup violation  
There is a large setup violation of -8.743 ns between CNC_Top_i/XYZ_Axis_Coordinator/inst/target_pos_z_reg[5]/C (clocked by clk_out1_CNC_Top_clk_wiz_0) and CNC_Top_i/XYZ_Axis_Coordinator/inst/cycles_per_step_y_result1/B[5] (clocked by clk_out1_CNC_Top_clk_wiz_0). Large setup violations at the end of those stages might be difficult to fix during the post-placement implementation flow and could be the result of non-optimal XDC constraints or non-optimal design architecture
Related violations: <none>

TIMING-16#576 Warning
Large setup violation  
There is a large setup violation of -8.915 ns between CNC_Top_i/XYZ_Axis_Coordinator/inst/target_pos_z_reg[5]/C (clocked by clk_out1_CNC_Top_clk_wiz_0) and CNC_Top_i/XYZ_Axis_Coordinator/inst/cycles_per_step_y_result1__0/B[4] (clocked by clk_out1_CNC_Top_clk_wiz_0). Large setup violations at the end of those stages might be difficult to fix during the post-placement implementation flow and could be the result of non-optimal XDC constraints or non-optimal design architecture
Related violations: <none>

TIMING-16#577 Warning
Large setup violation  
There is a large setup violation of -8.918 ns between CNC_Top_i/XYZ_Axis_Coordinator/inst/target_pos_z_reg[5]/C (clocked by clk_out1_CNC_Top_clk_wiz_0) and CNC_Top_i/XYZ_Axis_Coordinator/inst/cycles_per_step_y_result1/B[4] (clocked by clk_out1_CNC_Top_clk_wiz_0). Large setup violations at the end of those stages might be difficult to fix during the post-placement implementation flow and could be the result of non-optimal XDC constraints or non-optimal design architecture
Related violations: <none>

TIMING-16#578 Warning
Large setup violation  
There is a large setup violation of -80.974 ns between CNC_Top_i/XYZ_Axis_Coordinator/inst/target_pos_y_reg[8]/C (clocked by clk_out1_CNC_Top_clk_wiz_0) and CNC_Top_i/XYZ_Axis_Coordinator/inst/cycles_per_step_y_reg[37]/D (clocked by clk_out1_CNC_Top_clk_wiz_0). Large setup violations at the end of those stages might be difficult to fix during the post-placement implementation flow and could be the result of non-optimal XDC constraints or non-optimal design architecture
Related violations: <none>

TIMING-16#579 Warning
Large setup violation  
There is a large setup violation of -81.925 ns between CNC_Top_i/XYZ_Axis_Coordinator/inst/target_pos_x_reg[14]/C (clocked by clk_out1_CNC_Top_clk_wiz_0) and CNC_Top_i/XYZ_Axis_Coordinator/inst/cycles_per_step_x_reg[35]/D (clocked by clk_out1_CNC_Top_clk_wiz_0). Large setup violations at the end of those stages might be difficult to fix during the post-placement implementation flow and could be the result of non-optimal XDC constraints or non-optimal design architecture
Related violations: <none>

TIMING-16#580 Warning
Large setup violation  
There is a large setup violation of -82.017 ns between CNC_Top_i/XYZ_Axis_Coordinator/inst/target_pos_z_reg[2]/C (clocked by clk_out1_CNC_Top_clk_wiz_0) and CNC_Top_i/XYZ_Axis_Coordinator/inst/cycles_per_step_z_reg[35]/D (clocked by clk_out1_CNC_Top_clk_wiz_0). Large setup violations at the end of those stages might be difficult to fix during the post-placement implementation flow and could be the result of non-optimal XDC constraints or non-optimal design architecture
Related violations: <none>

TIMING-16#581 Warning
Large setup violation  
There is a large setup violation of -85.446 ns between CNC_Top_i/XYZ_Axis_Coordinator/inst/target_pos_x_reg[14]/C (clocked by clk_out1_CNC_Top_clk_wiz_0) and CNC_Top_i/XYZ_Axis_Coordinator/inst/cycles_per_step_x_reg[34]/D (clocked by clk_out1_CNC_Top_clk_wiz_0). Large setup violations at the end of those stages might be difficult to fix during the post-placement implementation flow and could be the result of non-optimal XDC constraints or non-optimal design architecture
Related violations: <none>

TIMING-16#582 Warning
Large setup violation  
There is a large setup violation of -85.584 ns between CNC_Top_i/XYZ_Axis_Coordinator/inst/target_pos_y_reg[8]/C (clocked by clk_out1_CNC_Top_clk_wiz_0) and CNC_Top_i/XYZ_Axis_Coordinator/inst/cycles_per_step_y_reg[36]/D (clocked by clk_out1_CNC_Top_clk_wiz_0). Large setup violations at the end of those stages might be difficult to fix during the post-placement implementation flow and could be the result of non-optimal XDC constraints or non-optimal design architecture
Related violations: <none>

TIMING-16#583 Warning
Large setup violation  
There is a large setup violation of -86.908 ns between CNC_Top_i/XYZ_Axis_Coordinator/inst/target_pos_z_reg[2]/C (clocked by clk_out1_CNC_Top_clk_wiz_0) and CNC_Top_i/XYZ_Axis_Coordinator/inst/cycles_per_step_z_reg[34]/D (clocked by clk_out1_CNC_Top_clk_wiz_0). Large setup violations at the end of those stages might be difficult to fix during the post-placement implementation flow and could be the result of non-optimal XDC constraints or non-optimal design architecture
Related violations: <none>

TIMING-16#584 Warning
Large setup violation  
There is a large setup violation of -88.839 ns between CNC_Top_i/XYZ_Axis_Coordinator/inst/target_pos_x_reg[14]/C (clocked by clk_out1_CNC_Top_clk_wiz_0) and CNC_Top_i/XYZ_Axis_Coordinator/inst/cycles_per_step_x_reg[33]/D (clocked by clk_out1_CNC_Top_clk_wiz_0). Large setup violations at the end of those stages might be difficult to fix during the post-placement implementation flow and could be the result of non-optimal XDC constraints or non-optimal design architecture
Related violations: <none>

TIMING-16#585 Warning
Large setup violation  
There is a large setup violation of -89.318 ns between CNC_Top_i/XYZ_Axis_Coordinator/inst/target_pos_y_reg[8]/C (clocked by clk_out1_CNC_Top_clk_wiz_0) and CNC_Top_i/XYZ_Axis_Coordinator/inst/cycles_per_step_y_reg[35]/D (clocked by clk_out1_CNC_Top_clk_wiz_0). Large setup violations at the end of those stages might be difficult to fix during the post-placement implementation flow and could be the result of non-optimal XDC constraints or non-optimal design architecture
Related violations: <none>

TIMING-16#586 Warning
Large setup violation  
There is a large setup violation of -9.645 ns between CNC_Top_i/XYZ_Axis_Coordinator/inst/target_pos_z_reg[2]/C (clocked by clk_out1_CNC_Top_clk_wiz_0) and CNC_Top_i/XYZ_Axis_Coordinator/inst/val_reg[17]/D (clocked by clk_out1_CNC_Top_clk_wiz_0). Large setup violations at the end of those stages might be difficult to fix during the post-placement implementation flow and could be the result of non-optimal XDC constraints or non-optimal design architecture
Related violations: <none>

TIMING-16#587 Warning
Large setup violation  
There is a large setup violation of -91.651 ns between CNC_Top_i/XYZ_Axis_Coordinator/inst/target_pos_z_reg[2]/C (clocked by clk_out1_CNC_Top_clk_wiz_0) and CNC_Top_i/XYZ_Axis_Coordinator/inst/cycles_per_step_z_reg[33]/D (clocked by clk_out1_CNC_Top_clk_wiz_0). Large setup violations at the end of those stages might be difficult to fix during the post-placement implementation flow and could be the result of non-optimal XDC constraints or non-optimal design architecture
Related violations: <none>

TIMING-16#588 Warning
Large setup violation  
There is a large setup violation of -93.612 ns between CNC_Top_i/XYZ_Axis_Coordinator/inst/target_pos_y_reg[8]/C (clocked by clk_out1_CNC_Top_clk_wiz_0) and CNC_Top_i/XYZ_Axis_Coordinator/inst/cycles_per_step_y_reg[34]/D (clocked by clk_out1_CNC_Top_clk_wiz_0). Large setup violations at the end of those stages might be difficult to fix during the post-placement implementation flow and could be the result of non-optimal XDC constraints or non-optimal design architecture
Related violations: <none>

TIMING-16#589 Warning
Large setup violation  
There is a large setup violation of -94.473 ns between CNC_Top_i/XYZ_Axis_Coordinator/inst/target_pos_x_reg[14]/C (clocked by clk_out1_CNC_Top_clk_wiz_0) and CNC_Top_i/XYZ_Axis_Coordinator/inst/cycles_per_step_x_reg[32]/D (clocked by clk_out1_CNC_Top_clk_wiz_0). Large setup violations at the end of those stages might be difficult to fix during the post-placement implementation flow and could be the result of non-optimal XDC constraints or non-optimal design architecture
Related violations: <none>

TIMING-16#590 Warning
Large setup violation  
There is a large setup violation of -95.149 ns between CNC_Top_i/XYZ_Axis_Coordinator/inst/target_pos_z_reg[2]/C (clocked by clk_out1_CNC_Top_clk_wiz_0) and CNC_Top_i/XYZ_Axis_Coordinator/inst/cycles_per_step_z_reg[32]/D (clocked by clk_out1_CNC_Top_clk_wiz_0). Large setup violations at the end of those stages might be difficult to fix during the post-placement implementation flow and could be the result of non-optimal XDC constraints or non-optimal design architecture
Related violations: <none>

TIMING-16#591 Warning
Large setup violation  
There is a large setup violation of -98.466 ns between CNC_Top_i/XYZ_Axis_Coordinator/inst/target_pos_y_reg[8]/C (clocked by clk_out1_CNC_Top_clk_wiz_0) and CNC_Top_i/XYZ_Axis_Coordinator/inst/cycles_per_step_y_reg[33]/D (clocked by clk_out1_CNC_Top_clk_wiz_0). Large setup violations at the end of those stages might be difficult to fix during the post-placement implementation flow and could be the result of non-optimal XDC constraints or non-optimal design architecture
Related violations: <none>

TIMING-16#592 Warning
Large setup violation  
There is a large setup violation of -99.192 ns between CNC_Top_i/XYZ_Axis_Coordinator/inst/target_pos_x_reg[14]/C (clocked by clk_out1_CNC_Top_clk_wiz_0) and CNC_Top_i/XYZ_Axis_Coordinator/inst/cycles_per_step_x_reg[31]/D (clocked by clk_out1_CNC_Top_clk_wiz_0). Large setup violations at the end of those stages might be difficult to fix during the post-placement implementation flow and could be the result of non-optimal XDC constraints or non-optimal design architecture
Related violations: <none>

TIMING-18#1 Warning
Missing input or output delay  
An input delay is missing on Down relative to the rising and/or falling clock edge(s) of sys_clock.
Related violations: <none>

TIMING-18#2 Warning
Missing input or output delay  
An input delay is missing on Left relative to the rising and/or falling clock edge(s) of sys_clock.
Related violations: <none>

TIMING-18#3 Warning
Missing input or output delay  
An input delay is missing on Middle relative to the rising and/or falling clock edge(s) of sys_clock.
Related violations: <none>

TIMING-18#4 Warning
Missing input or output delay  
An input delay is missing on ResetSwitch relative to the rising and/or falling clock edge(s) of sys_clock.
Related violations: <none>

TIMING-18#5 Warning
Missing input or output delay  
An input delay is missing on Right relative to the rising and/or falling clock edge(s) of sys_clock.
Related violations: <none>

TIMING-18#6 Warning
Missing input or output delay  
An input delay is missing on Up relative to the rising and/or falling clock edge(s) of sys_clock.
Related violations: <none>

TIMING-18#7 Warning
Missing input or output delay  
An input delay is missing on Zswitch relative to the rising and/or falling clock edge(s) of sys_clock.
Related violations: <none>

TIMING-18#8 Warning
Missing input or output delay  
An output delay is missing on directionX relative to the rising and/or falling clock edge(s) of sys_clock.
Related violations: <none>

TIMING-18#9 Warning
Missing input or output delay  
An output delay is missing on directionY relative to the rising and/or falling clock edge(s) of sys_clock.
Related violations: <none>

TIMING-18#10 Warning
Missing input or output delay  
An output delay is missing on directionZ relative to the rising and/or falling clock edge(s) of sys_clock.
Related violations: <none>

TIMING-18#11 Warning
Missing input or output delay  
An output delay is missing on enableX relative to the rising and/or falling clock edge(s) of sys_clock.
Related violations: <none>

TIMING-18#12 Warning
Missing input or output delay  
An output delay is missing on enableY relative to the rising and/or falling clock edge(s) of sys_clock.
Related violations: <none>

TIMING-18#13 Warning
Missing input or output delay  
An output delay is missing on enableZ relative to the rising and/or falling clock edge(s) of sys_clock.
Related violations: <none>

TIMING-18#14 Warning
Missing input or output delay  
An output delay is missing on led[0] relative to the rising and/or falling clock edge(s) of clk_fpga_0, sys_clock.
Related violations: <none>

TIMING-18#15 Warning
Missing input or output delay  
An output delay is missing on led[1] relative to the rising and/or falling clock edge(s) of clk_fpga_0, sys_clock.
Related violations: <none>

TIMING-18#16 Warning
Missing input or output delay  
An output delay is missing on led[2] relative to the rising and/or falling clock edge(s) of clk_fpga_0, sys_clock.
Related violations: <none>

TIMING-18#17 Warning
Missing input or output delay  
An output delay is missing on led[3] relative to the rising and/or falling clock edge(s) of clk_fpga_0, sys_clock.
Related violations: <none>

TIMING-18#18 Warning
Missing input or output delay  
An output delay is missing on led[4] relative to the rising and/or falling clock edge(s) of clk_fpga_0, sys_clock.
Related violations: <none>

TIMING-18#19 Warning
Missing input or output delay  
An output delay is missing on led[5] relative to the rising and/or falling clock edge(s) of clk_fpga_0, sys_clock.
Related violations: <none>

TIMING-18#20 Warning
Missing input or output delay  
An output delay is missing on led[6] relative to the rising and/or falling clock edge(s) of clk_fpga_0, sys_clock.
Related violations: <none>

TIMING-18#21 Warning
Missing input or output delay  
An output delay is missing on led[7] relative to the rising and/or falling clock edge(s) of clk_fpga_0, sys_clock.
Related violations: <none>

TIMING-18#22 Warning
Missing input or output delay  
An output delay is missing on stepX relative to the rising and/or falling clock edge(s) of sys_clock.
Related violations: <none>

TIMING-18#23 Warning
Missing input or output delay  
An output delay is missing on stepY relative to the rising and/or falling clock edge(s) of sys_clock.
Related violations: <none>

TIMING-18#24 Warning
Missing input or output delay  
An output delay is missing on stepZ relative to the rising and/or falling clock edge(s) of sys_clock.
Related violations: <none>


