
*** Running vivado
    with args -log CNC_Top_wrapper.vdi -applog -m64 -product Vivado -messageDb vivado.pb -mode batch -source CNC_Top_wrapper.tcl -notrace



****** Vivado v2024.2 (64-bit)
  **** SW Build 5239630 on Fri Nov 08 22:35:27 MST 2024
  **** IP Build 5239520 on Sun Nov 10 16:12:51 MST 2024
  **** SharedData Build 5239561 on Fri Nov 08 14:39:27 MST 2024
  **** Start of session at: Mon Mar 30 23:48:59 2026
    ** Copyright 1986-2022 Xilinx, Inc. All Rights Reserved.
    ** Copyright 2022-2024 Advanced Micro Devices, Inc. All Rights Reserved.

source CNC_Top_wrapper.tcl -notrace
INFO: [IP_Flow 19-234] Refreshing IP repositories
INFO: [IP_Flow 19-1704] No user IP repositories specified
INFO: [IP_Flow 19-2313] Loaded Vivado IP repository 'C:/Xilinx/Vivado/2024.2/data/ip'.
add_files: Time (s): cpu = 00:00:07 ; elapsed = 00:00:07 . Memory (MB): peak = 445.082 ; gain = 75.770
Command: link_design -top CNC_Top_wrapper -part xc7z020clg484-1
Design is defaulting to srcset: sources_1
Design is defaulting to constrset: constrs_1
INFO: [Device 21-403] Loading part xc7z020clg484-1
Netlist sorting complete. Time (s): cpu = 00:00:01 ; elapsed = 00:00:01 . Memory (MB): peak = 815.898 ; gain = 0.000
INFO: [Netlist 29-17] Analyzing 2214 Unisim elements for replacement
INFO: [Netlist 29-28] Unisim Transformation completed in 0 CPU seconds
INFO: [Project 1-479] Netlist was created with Vivado 2024.2
INFO: [Project 1-570] Preparing netlist for logic optimization
Parsing XDC File [e:/Git-Repos/CNC-FPGA/Zedboard-CNC/Zedboard-CNC.gen/sources_1/bd/CNC_Top/ip/CNC_Top_clk_wiz_0/CNC_Top_clk_wiz_0_board.xdc] for cell 'CNC_Top_i/clk_wiz/inst'
Finished Parsing XDC File [e:/Git-Repos/CNC-FPGA/Zedboard-CNC/Zedboard-CNC.gen/sources_1/bd/CNC_Top/ip/CNC_Top_clk_wiz_0/CNC_Top_clk_wiz_0_board.xdc] for cell 'CNC_Top_i/clk_wiz/inst'
Parsing XDC File [e:/Git-Repos/CNC-FPGA/Zedboard-CNC/Zedboard-CNC.gen/sources_1/bd/CNC_Top/ip/CNC_Top_clk_wiz_0/CNC_Top_clk_wiz_0.xdc] for cell 'CNC_Top_i/clk_wiz/inst'
INFO: [Timing 38-35] Done setting XDC timing constraints. [e:/Git-Repos/CNC-FPGA/Zedboard-CNC/Zedboard-CNC.gen/sources_1/bd/CNC_Top/ip/CNC_Top_clk_wiz_0/CNC_Top_clk_wiz_0.xdc:54]
INFO: [Timing 38-2] Deriving generated clocks [e:/Git-Repos/CNC-FPGA/Zedboard-CNC/Zedboard-CNC.gen/sources_1/bd/CNC_Top/ip/CNC_Top_clk_wiz_0/CNC_Top_clk_wiz_0.xdc:54]
get_clocks: Time (s): cpu = 00:00:08 ; elapsed = 00:00:08 . Memory (MB): peak = 1651.852 ; gain = 574.820
Finished Parsing XDC File [e:/Git-Repos/CNC-FPGA/Zedboard-CNC/Zedboard-CNC.gen/sources_1/bd/CNC_Top/ip/CNC_Top_clk_wiz_0/CNC_Top_clk_wiz_0.xdc] for cell 'CNC_Top_i/clk_wiz/inst'
Parsing XDC File [e:/Git-Repos/CNC-FPGA/Zedboard-CNC/Zedboard-CNC.gen/sources_1/bd/CNC_Top/ip/CNC_Top_vio_0_0/CNC_Top_vio_0_0.xdc] for cell 'CNC_Top_i/VIO'
Finished Parsing XDC File [e:/Git-Repos/CNC-FPGA/Zedboard-CNC/Zedboard-CNC.gen/sources_1/bd/CNC_Top/ip/CNC_Top_vio_0_0/CNC_Top_vio_0_0.xdc] for cell 'CNC_Top_i/VIO'
Parsing XDC File [e:/Git-Repos/CNC-FPGA/Zedboard-CNC/Zedboard-CNC.gen/sources_1/bd/CNC_Top/ip/CNC_Top_processing_system7_0_0/CNC_Top_processing_system7_0_0.xdc] for cell 'CNC_Top_i/processing_system7_0/inst'
Finished Parsing XDC File [e:/Git-Repos/CNC-FPGA/Zedboard-CNC/Zedboard-CNC.gen/sources_1/bd/CNC_Top/ip/CNC_Top_processing_system7_0_0/CNC_Top_processing_system7_0_0.xdc] for cell 'CNC_Top_i/processing_system7_0/inst'
Parsing XDC File [e:/Git-Repos/CNC-FPGA/Zedboard-CNC/Zedboard-CNC.gen/sources_1/bd/CNC_Top/ip/CNC_Top_axi_gpio_0_0/CNC_Top_axi_gpio_0_0_board.xdc] for cell 'CNC_Top_i/X_GPIO/U0'
Finished Parsing XDC File [e:/Git-Repos/CNC-FPGA/Zedboard-CNC/Zedboard-CNC.gen/sources_1/bd/CNC_Top/ip/CNC_Top_axi_gpio_0_0/CNC_Top_axi_gpio_0_0_board.xdc] for cell 'CNC_Top_i/X_GPIO/U0'
Parsing XDC File [e:/Git-Repos/CNC-FPGA/Zedboard-CNC/Zedboard-CNC.gen/sources_1/bd/CNC_Top/ip/CNC_Top_axi_gpio_0_0/CNC_Top_axi_gpio_0_0.xdc] for cell 'CNC_Top_i/X_GPIO/U0'
Finished Parsing XDC File [e:/Git-Repos/CNC-FPGA/Zedboard-CNC/Zedboard-CNC.gen/sources_1/bd/CNC_Top/ip/CNC_Top_axi_gpio_0_0/CNC_Top_axi_gpio_0_0.xdc] for cell 'CNC_Top_i/X_GPIO/U0'
Parsing XDC File [e:/Git-Repos/CNC-FPGA/Zedboard-CNC/Zedboard-CNC.gen/sources_1/bd/CNC_Top/ip/CNC_Top_axi_smc_0/bd_0/ip/ip_1/bd_0a6d_psr_aclk_0_board.xdc] for cell 'CNC_Top_i/axi_smc/inst/clk_map/psr_aclk/U0'
Finished Parsing XDC File [e:/Git-Repos/CNC-FPGA/Zedboard-CNC/Zedboard-CNC.gen/sources_1/bd/CNC_Top/ip/CNC_Top_axi_smc_0/bd_0/ip/ip_1/bd_0a6d_psr_aclk_0_board.xdc] for cell 'CNC_Top_i/axi_smc/inst/clk_map/psr_aclk/U0'
Parsing XDC File [e:/Git-Repos/CNC-FPGA/Zedboard-CNC/Zedboard-CNC.gen/sources_1/bd/CNC_Top/ip/CNC_Top_axi_smc_0/bd_0/ip/ip_1/bd_0a6d_psr_aclk_0.xdc] for cell 'CNC_Top_i/axi_smc/inst/clk_map/psr_aclk/U0'
Finished Parsing XDC File [e:/Git-Repos/CNC-FPGA/Zedboard-CNC/Zedboard-CNC.gen/sources_1/bd/CNC_Top/ip/CNC_Top_axi_smc_0/bd_0/ip/ip_1/bd_0a6d_psr_aclk_0.xdc] for cell 'CNC_Top_i/axi_smc/inst/clk_map/psr_aclk/U0'
Parsing XDC File [e:/Git-Repos/CNC-FPGA/Zedboard-CNC/Zedboard-CNC.gen/sources_1/bd/CNC_Top/ip/CNC_Top_axi_smc_0/smartconnect.xdc] for cell 'CNC_Top_i/axi_smc/inst'
Finished Parsing XDC File [e:/Git-Repos/CNC-FPGA/Zedboard-CNC/Zedboard-CNC.gen/sources_1/bd/CNC_Top/ip/CNC_Top_axi_smc_0/smartconnect.xdc] for cell 'CNC_Top_i/axi_smc/inst'
Parsing XDC File [e:/Git-Repos/CNC-FPGA/Zedboard-CNC/Zedboard-CNC.gen/sources_1/bd/CNC_Top/ip/CNC_Top_rst_ps7_0_100M_0/CNC_Top_rst_ps7_0_100M_0_board.xdc] for cell 'CNC_Top_i/rst_ps7_0_100M/U0'
Finished Parsing XDC File [e:/Git-Repos/CNC-FPGA/Zedboard-CNC/Zedboard-CNC.gen/sources_1/bd/CNC_Top/ip/CNC_Top_rst_ps7_0_100M_0/CNC_Top_rst_ps7_0_100M_0_board.xdc] for cell 'CNC_Top_i/rst_ps7_0_100M/U0'
Parsing XDC File [e:/Git-Repos/CNC-FPGA/Zedboard-CNC/Zedboard-CNC.gen/sources_1/bd/CNC_Top/ip/CNC_Top_rst_ps7_0_100M_0/CNC_Top_rst_ps7_0_100M_0.xdc] for cell 'CNC_Top_i/rst_ps7_0_100M/U0'
WARNING: [Vivado_Tcl 4-921] Waiver ID 'CDC-11' -to list should not be empty. [e:/Git-Repos/CNC-FPGA/Zedboard-CNC/Zedboard-CNC.gen/sources_1/bd/CNC_Top/ip/CNC_Top_rst_ps7_0_100M_0/CNC_Top_rst_ps7_0_100M_0.xdc:50]
Finished Parsing XDC File [e:/Git-Repos/CNC-FPGA/Zedboard-CNC/Zedboard-CNC.gen/sources_1/bd/CNC_Top/ip/CNC_Top_rst_ps7_0_100M_0/CNC_Top_rst_ps7_0_100M_0.xdc] for cell 'CNC_Top_i/rst_ps7_0_100M/U0'
Parsing XDC File [e:/Git-Repos/CNC-FPGA/Zedboard-CNC/Zedboard-CNC.gen/sources_1/bd/CNC_Top/ip/CNC_Top_axi_gpio_0_1/CNC_Top_axi_gpio_0_1_board.xdc] for cell 'CNC_Top_i/Y_GPIO/U0'
Finished Parsing XDC File [e:/Git-Repos/CNC-FPGA/Zedboard-CNC/Zedboard-CNC.gen/sources_1/bd/CNC_Top/ip/CNC_Top_axi_gpio_0_1/CNC_Top_axi_gpio_0_1_board.xdc] for cell 'CNC_Top_i/Y_GPIO/U0'
Parsing XDC File [e:/Git-Repos/CNC-FPGA/Zedboard-CNC/Zedboard-CNC.gen/sources_1/bd/CNC_Top/ip/CNC_Top_axi_gpio_0_1/CNC_Top_axi_gpio_0_1.xdc] for cell 'CNC_Top_i/Y_GPIO/U0'
Finished Parsing XDC File [e:/Git-Repos/CNC-FPGA/Zedboard-CNC/Zedboard-CNC.gen/sources_1/bd/CNC_Top/ip/CNC_Top_axi_gpio_0_1/CNC_Top_axi_gpio_0_1.xdc] for cell 'CNC_Top_i/Y_GPIO/U0'
Parsing XDC File [e:/Git-Repos/CNC-FPGA/Zedboard-CNC/Zedboard-CNC.gen/sources_1/bd/CNC_Top/ip/CNC_Top_axi_gpio_0_2/CNC_Top_axi_gpio_0_2_board.xdc] for cell 'CNC_Top_i/Z_GPIO/U0'
Finished Parsing XDC File [e:/Git-Repos/CNC-FPGA/Zedboard-CNC/Zedboard-CNC.gen/sources_1/bd/CNC_Top/ip/CNC_Top_axi_gpio_0_2/CNC_Top_axi_gpio_0_2_board.xdc] for cell 'CNC_Top_i/Z_GPIO/U0'
Parsing XDC File [e:/Git-Repos/CNC-FPGA/Zedboard-CNC/Zedboard-CNC.gen/sources_1/bd/CNC_Top/ip/CNC_Top_axi_gpio_0_2/CNC_Top_axi_gpio_0_2.xdc] for cell 'CNC_Top_i/Z_GPIO/U0'
Finished Parsing XDC File [e:/Git-Repos/CNC-FPGA/Zedboard-CNC/Zedboard-CNC.gen/sources_1/bd/CNC_Top/ip/CNC_Top_axi_gpio_0_2/CNC_Top_axi_gpio_0_2.xdc] for cell 'CNC_Top_i/Z_GPIO/U0'
Parsing XDC File [e:/Git-Repos/CNC-FPGA/Zedboard-CNC/Zedboard-CNC.gen/sources_1/bd/CNC_Top/ip/CNC_Top_axi_gpio_0_3/CNC_Top_axi_gpio_0_3_board.xdc] for cell 'CNC_Top_i/SPEED_GPIO/U0'
Finished Parsing XDC File [e:/Git-Repos/CNC-FPGA/Zedboard-CNC/Zedboard-CNC.gen/sources_1/bd/CNC_Top/ip/CNC_Top_axi_gpio_0_3/CNC_Top_axi_gpio_0_3_board.xdc] for cell 'CNC_Top_i/SPEED_GPIO/U0'
Parsing XDC File [e:/Git-Repos/CNC-FPGA/Zedboard-CNC/Zedboard-CNC.gen/sources_1/bd/CNC_Top/ip/CNC_Top_axi_gpio_0_3/CNC_Top_axi_gpio_0_3.xdc] for cell 'CNC_Top_i/SPEED_GPIO/U0'
Finished Parsing XDC File [e:/Git-Repos/CNC-FPGA/Zedboard-CNC/Zedboard-CNC.gen/sources_1/bd/CNC_Top/ip/CNC_Top_axi_gpio_0_3/CNC_Top_axi_gpio_0_3.xdc] for cell 'CNC_Top_i/SPEED_GPIO/U0'
Parsing XDC File [e:/Git-Repos/CNC-FPGA/Zedboard-CNC/Zedboard-CNC.gen/sources_1/bd/CNC_Top/ip/CNC_Top_axi_gpio_0_4/CNC_Top_axi_gpio_0_4_board.xdc] for cell 'CNC_Top_i/ACK_GPIO/U0'
Finished Parsing XDC File [e:/Git-Repos/CNC-FPGA/Zedboard-CNC/Zedboard-CNC.gen/sources_1/bd/CNC_Top/ip/CNC_Top_axi_gpio_0_4/CNC_Top_axi_gpio_0_4_board.xdc] for cell 'CNC_Top_i/ACK_GPIO/U0'
Parsing XDC File [e:/Git-Repos/CNC-FPGA/Zedboard-CNC/Zedboard-CNC.gen/sources_1/bd/CNC_Top/ip/CNC_Top_axi_gpio_0_4/CNC_Top_axi_gpio_0_4.xdc] for cell 'CNC_Top_i/ACK_GPIO/U0'
Finished Parsing XDC File [e:/Git-Repos/CNC-FPGA/Zedboard-CNC/Zedboard-CNC.gen/sources_1/bd/CNC_Top/ip/CNC_Top_axi_gpio_0_4/CNC_Top_axi_gpio_0_4.xdc] for cell 'CNC_Top_i/ACK_GPIO/U0'
Parsing XDC File [e:/Git-Repos/CNC-FPGA/Zedboard-CNC/Zedboard-CNC.gen/sources_1/bd/CNC_Top/ip/CNC_Top_axi_gpio_0_5/CNC_Top_axi_gpio_0_5_board.xdc] for cell 'CNC_Top_i/REQ_GPIO/U0'
Finished Parsing XDC File [e:/Git-Repos/CNC-FPGA/Zedboard-CNC/Zedboard-CNC.gen/sources_1/bd/CNC_Top/ip/CNC_Top_axi_gpio_0_5/CNC_Top_axi_gpio_0_5_board.xdc] for cell 'CNC_Top_i/REQ_GPIO/U0'
Parsing XDC File [e:/Git-Repos/CNC-FPGA/Zedboard-CNC/Zedboard-CNC.gen/sources_1/bd/CNC_Top/ip/CNC_Top_axi_gpio_0_5/CNC_Top_axi_gpio_0_5.xdc] for cell 'CNC_Top_i/REQ_GPIO/U0'
Finished Parsing XDC File [e:/Git-Repos/CNC-FPGA/Zedboard-CNC/Zedboard-CNC.gen/sources_1/bd/CNC_Top/ip/CNC_Top_axi_gpio_0_5/CNC_Top_axi_gpio_0_5.xdc] for cell 'CNC_Top_i/REQ_GPIO/U0'
Parsing XDC File [e:/Git-Repos/CNC-FPGA/Zedboard-CNC/Zedboard-CNC.gen/sources_1/bd/CNC_Top/ip/CNC_Top_axi_gpio_0_6/CNC_Top_axi_gpio_0_6_board.xdc] for cell 'CNC_Top_i/MOUNT_OK_GPIO/U0'
Finished Parsing XDC File [e:/Git-Repos/CNC-FPGA/Zedboard-CNC/Zedboard-CNC.gen/sources_1/bd/CNC_Top/ip/CNC_Top_axi_gpio_0_6/CNC_Top_axi_gpio_0_6_board.xdc] for cell 'CNC_Top_i/MOUNT_OK_GPIO/U0'
Parsing XDC File [e:/Git-Repos/CNC-FPGA/Zedboard-CNC/Zedboard-CNC.gen/sources_1/bd/CNC_Top/ip/CNC_Top_axi_gpio_0_6/CNC_Top_axi_gpio_0_6.xdc] for cell 'CNC_Top_i/MOUNT_OK_GPIO/U0'
Finished Parsing XDC File [e:/Git-Repos/CNC-FPGA/Zedboard-CNC/Zedboard-CNC.gen/sources_1/bd/CNC_Top/ip/CNC_Top_axi_gpio_0_6/CNC_Top_axi_gpio_0_6.xdc] for cell 'CNC_Top_i/MOUNT_OK_GPIO/U0'
Parsing XDC File [e:/Git-Repos/CNC-FPGA/Zedboard-CNC/Zedboard-CNC.gen/sources_1/bd/CNC_Top/ip/CNC_Top_axi_gpio_0_7/CNC_Top_axi_gpio_0_7_board.xdc] for cell 'CNC_Top_i/MOUNT_FAIL_GPIO/U0'
Finished Parsing XDC File [e:/Git-Repos/CNC-FPGA/Zedboard-CNC/Zedboard-CNC.gen/sources_1/bd/CNC_Top/ip/CNC_Top_axi_gpio_0_7/CNC_Top_axi_gpio_0_7_board.xdc] for cell 'CNC_Top_i/MOUNT_FAIL_GPIO/U0'
Parsing XDC File [e:/Git-Repos/CNC-FPGA/Zedboard-CNC/Zedboard-CNC.gen/sources_1/bd/CNC_Top/ip/CNC_Top_axi_gpio_0_7/CNC_Top_axi_gpio_0_7.xdc] for cell 'CNC_Top_i/MOUNT_FAIL_GPIO/U0'
Finished Parsing XDC File [e:/Git-Repos/CNC-FPGA/Zedboard-CNC/Zedboard-CNC.gen/sources_1/bd/CNC_Top/ip/CNC_Top_axi_gpio_0_7/CNC_Top_axi_gpio_0_7.xdc] for cell 'CNC_Top_i/MOUNT_FAIL_GPIO/U0'
Parsing XDC File [e:/Git-Repos/CNC-FPGA/Zedboard-CNC/Zedboard-CNC.gen/sources_1/bd/CNC_Top/ip/CNC_Top_axi_gpio_0_8/CNC_Top_axi_gpio_0_8_board.xdc] for cell 'CNC_Top_i/MOUNT_REQ_GPIO/U0'
Finished Parsing XDC File [e:/Git-Repos/CNC-FPGA/Zedboard-CNC/Zedboard-CNC.gen/sources_1/bd/CNC_Top/ip/CNC_Top_axi_gpio_0_8/CNC_Top_axi_gpio_0_8_board.xdc] for cell 'CNC_Top_i/MOUNT_REQ_GPIO/U0'
Parsing XDC File [e:/Git-Repos/CNC-FPGA/Zedboard-CNC/Zedboard-CNC.gen/sources_1/bd/CNC_Top/ip/CNC_Top_axi_gpio_0_8/CNC_Top_axi_gpio_0_8.xdc] for cell 'CNC_Top_i/MOUNT_REQ_GPIO/U0'
Finished Parsing XDC File [e:/Git-Repos/CNC-FPGA/Zedboard-CNC/Zedboard-CNC.gen/sources_1/bd/CNC_Top/ip/CNC_Top_axi_gpio_0_8/CNC_Top_axi_gpio_0_8.xdc] for cell 'CNC_Top_i/MOUNT_REQ_GPIO/U0'
Parsing XDC File [e:/Git-Repos/CNC-FPGA/Zedboard-CNC/Zedboard-CNC.gen/sources_1/bd/CNC_Top/ip/CNC_Top_axi_gpio_0_9/CNC_Top_axi_gpio_0_9_board.xdc] for cell 'CNC_Top_i/LAST_LINE_GPIO/U0'
Finished Parsing XDC File [e:/Git-Repos/CNC-FPGA/Zedboard-CNC/Zedboard-CNC.gen/sources_1/bd/CNC_Top/ip/CNC_Top_axi_gpio_0_9/CNC_Top_axi_gpio_0_9_board.xdc] for cell 'CNC_Top_i/LAST_LINE_GPIO/U0'
Parsing XDC File [e:/Git-Repos/CNC-FPGA/Zedboard-CNC/Zedboard-CNC.gen/sources_1/bd/CNC_Top/ip/CNC_Top_axi_gpio_0_9/CNC_Top_axi_gpio_0_9.xdc] for cell 'CNC_Top_i/LAST_LINE_GPIO/U0'
Finished Parsing XDC File [e:/Git-Repos/CNC-FPGA/Zedboard-CNC/Zedboard-CNC.gen/sources_1/bd/CNC_Top/ip/CNC_Top_axi_gpio_0_9/CNC_Top_axi_gpio_0_9.xdc] for cell 'CNC_Top_i/LAST_LINE_GPIO/U0'
Parsing XDC File [E:/Git-Repos/CNC-FPGA/Zedboard-CNC/Zedboard-CNC.srcs/constrs_1/new/cnc_constraints.xdc]
WARNING: [Constraints 18-402] set_multicycle_path: 'CNC_Top_i/XYZ_Axis_Coordinator/inst/curr_pos_x_reg[13]_i_1' is not a valid startpoint. [E:/Git-Repos/CNC-FPGA/Zedboard-CNC/Zedboard-CNC.srcs/constrs_1/new/cnc_constraints.xdc:100]
Resolution: A valid start point is a main or generated clock pin or port, a clock pin of a sequential cell, or a primary input or inout port. Please validate that all the objects returned by your query belong to this list.
WARNING: [Constraints 18-402] set_multicycle_path: 'CNC_Top_i/XYZ_Axis_Coordinator/inst/curr_pos_x_reg[17]_i_1' is not a valid startpoint. [E:/Git-Repos/CNC-FPGA/Zedboard-CNC/Zedboard-CNC.srcs/constrs_1/new/cnc_constraints.xdc:100]
Resolution: A valid start point is a main or generated clock pin or port, a clock pin of a sequential cell, or a primary input or inout port. Please validate that all the objects returned by your query belong to this list.
WARNING: [Constraints 18-402] set_multicycle_path: 'CNC_Top_i/XYZ_Axis_Coordinator/inst/curr_pos_x_reg[1]_i_2' is not a valid startpoint. [E:/Git-Repos/CNC-FPGA/Zedboard-CNC/Zedboard-CNC.srcs/constrs_1/new/cnc_constraints.xdc:100]
Resolution: A valid start point is a main or generated clock pin or port, a clock pin of a sequential cell, or a primary input or inout port. Please validate that all the objects returned by your query belong to this list.
WARNING: [Constraints 18-402] set_multicycle_path: 'CNC_Top_i/XYZ_Axis_Coordinator/inst/curr_pos_x_reg[21]_i_1' is not a valid startpoint. [E:/Git-Repos/CNC-FPGA/Zedboard-CNC/Zedboard-CNC.srcs/constrs_1/new/cnc_constraints.xdc:100]
Resolution: A valid start point is a main or generated clock pin or port, a clock pin of a sequential cell, or a primary input or inout port. Please validate that all the objects returned by your query belong to this list.
WARNING: [Constraints 18-402] set_multicycle_path: 'CNC_Top_i/XYZ_Axis_Coordinator/inst/curr_pos_x_reg[25]_i_1' is not a valid startpoint. [E:/Git-Repos/CNC-FPGA/Zedboard-CNC/Zedboard-CNC.srcs/constrs_1/new/cnc_constraints.xdc:100]
Resolution: A valid start point is a main or generated clock pin or port, a clock pin of a sequential cell, or a primary input or inout port. Please validate that all the objects returned by your query belong to this list.
WARNING: [Constraints 18-402] set_multicycle_path: 'CNC_Top_i/XYZ_Axis_Coordinator/inst/curr_pos_x_reg[29]_i_1' is not a valid startpoint. [E:/Git-Repos/CNC-FPGA/Zedboard-CNC/Zedboard-CNC.srcs/constrs_1/new/cnc_constraints.xdc:100]
Resolution: A valid start point is a main or generated clock pin or port, a clock pin of a sequential cell, or a primary input or inout port. Please validate that all the objects returned by your query belong to this list.
WARNING: [Constraints 18-402] set_multicycle_path: 'CNC_Top_i/XYZ_Axis_Coordinator/inst/curr_pos_x_reg[5]_i_1' is not a valid startpoint. [E:/Git-Repos/CNC-FPGA/Zedboard-CNC/Zedboard-CNC.srcs/constrs_1/new/cnc_constraints.xdc:100]
Resolution: A valid start point is a main or generated clock pin or port, a clock pin of a sequential cell, or a primary input or inout port. Please validate that all the objects returned by your query belong to this list.
WARNING: [Constraints 18-402] set_multicycle_path: 'CNC_Top_i/XYZ_Axis_Coordinator/inst/curr_pos_x_reg[9]_i_1' is not a valid startpoint. [E:/Git-Repos/CNC-FPGA/Zedboard-CNC/Zedboard-CNC.srcs/constrs_1/new/cnc_constraints.xdc:100]
Resolution: A valid start point is a main or generated clock pin or port, a clock pin of a sequential cell, or a primary input or inout port. Please validate that all the objects returned by your query belong to this list.
WARNING: [Constraints 18-402] set_multicycle_path: 'CNC_Top_i/XYZ_Axis_Coordinator/inst/curr_pos_y_reg[13]_i_1' is not a valid startpoint. [E:/Git-Repos/CNC-FPGA/Zedboard-CNC/Zedboard-CNC.srcs/constrs_1/new/cnc_constraints.xdc:100]
Resolution: A valid start point is a main or generated clock pin or port, a clock pin of a sequential cell, or a primary input or inout port. Please validate that all the objects returned by your query belong to this list.
WARNING: [Constraints 18-402] set_multicycle_path: 'CNC_Top_i/XYZ_Axis_Coordinator/inst/curr_pos_y_reg[17]_i_1' is not a valid startpoint. [E:/Git-Repos/CNC-FPGA/Zedboard-CNC/Zedboard-CNC.srcs/constrs_1/new/cnc_constraints.xdc:100]
Resolution: A valid start point is a main or generated clock pin or port, a clock pin of a sequential cell, or a primary input or inout port. Please validate that all the objects returned by your query belong to this list.
WARNING: [Constraints 18-402] set_multicycle_path: 'CNC_Top_i/XYZ_Axis_Coordinator/inst/curr_pos_y_reg[1]_i_2' is not a valid startpoint. [E:/Git-Repos/CNC-FPGA/Zedboard-CNC/Zedboard-CNC.srcs/constrs_1/new/cnc_constraints.xdc:100]
Resolution: A valid start point is a main or generated clock pin or port, a clock pin of a sequential cell, or a primary input or inout port. Please validate that all the objects returned by your query belong to this list.
WARNING: [Constraints 18-402] set_multicycle_path: 'CNC_Top_i/XYZ_Axis_Coordinator/inst/curr_pos_y_reg[21]_i_1' is not a valid startpoint. [E:/Git-Repos/CNC-FPGA/Zedboard-CNC/Zedboard-CNC.srcs/constrs_1/new/cnc_constraints.xdc:100]
Resolution: A valid start point is a main or generated clock pin or port, a clock pin of a sequential cell, or a primary input or inout port. Please validate that all the objects returned by your query belong to this list.
WARNING: [Constraints 18-402] set_multicycle_path: 'CNC_Top_i/XYZ_Axis_Coordinator/inst/curr_pos_y_reg[25]_i_1' is not a valid startpoint. [E:/Git-Repos/CNC-FPGA/Zedboard-CNC/Zedboard-CNC.srcs/constrs_1/new/cnc_constraints.xdc:100]
Resolution: A valid start point is a main or generated clock pin or port, a clock pin of a sequential cell, or a primary input or inout port. Please validate that all the objects returned by your query belong to this list.
WARNING: [Constraints 18-402] set_multicycle_path: 'CNC_Top_i/XYZ_Axis_Coordinator/inst/curr_pos_y_reg[29]_i_1' is not a valid startpoint. [E:/Git-Repos/CNC-FPGA/Zedboard-CNC/Zedboard-CNC.srcs/constrs_1/new/cnc_constraints.xdc:100]
Resolution: A valid start point is a main or generated clock pin or port, a clock pin of a sequential cell, or a primary input or inout port. Please validate that all the objects returned by your query belong to this list.
WARNING: [Constraints 18-402] set_multicycle_path: 'CNC_Top_i/XYZ_Axis_Coordinator/inst/curr_pos_y_reg[5]_i_1' is not a valid startpoint. [E:/Git-Repos/CNC-FPGA/Zedboard-CNC/Zedboard-CNC.srcs/constrs_1/new/cnc_constraints.xdc:100]
Resolution: A valid start point is a main or generated clock pin or port, a clock pin of a sequential cell, or a primary input or inout port. Please validate that all the objects returned by your query belong to this list.
WARNING: [Constraints 18-402] set_multicycle_path: 'CNC_Top_i/XYZ_Axis_Coordinator/inst/curr_pos_y_reg[9]_i_1' is not a valid startpoint. [E:/Git-Repos/CNC-FPGA/Zedboard-CNC/Zedboard-CNC.srcs/constrs_1/new/cnc_constraints.xdc:100]
Resolution: A valid start point is a main or generated clock pin or port, a clock pin of a sequential cell, or a primary input or inout port. Please validate that all the objects returned by your query belong to this list.
WARNING: [Constraints 18-402] set_multicycle_path: 'CNC_Top_i/XYZ_Axis_Coordinator/inst/curr_pos_z_reg[0]_i_11' is not a valid startpoint. [E:/Git-Repos/CNC-FPGA/Zedboard-CNC/Zedboard-CNC.srcs/constrs_1/new/cnc_constraints.xdc:100]
Resolution: A valid start point is a main or generated clock pin or port, a clock pin of a sequential cell, or a primary input or inout port. Please validate that all the objects returned by your query belong to this list.
WARNING: [Constraints 18-402] set_multicycle_path: 'CNC_Top_i/XYZ_Axis_Coordinator/inst/curr_pos_z_reg[0]_i_2' is not a valid startpoint. [E:/Git-Repos/CNC-FPGA/Zedboard-CNC/Zedboard-CNC.srcs/constrs_1/new/cnc_constraints.xdc:100]
Resolution: A valid start point is a main or generated clock pin or port, a clock pin of a sequential cell, or a primary input or inout port. Please validate that all the objects returned by your query belong to this list.
WARNING: [Constraints 18-402] set_multicycle_path: 'CNC_Top_i/XYZ_Axis_Coordinator/inst/curr_pos_z_reg[0]_i_20' is not a valid startpoint. [E:/Git-Repos/CNC-FPGA/Zedboard-CNC/Zedboard-CNC.srcs/constrs_1/new/cnc_constraints.xdc:100]
Resolution: A valid start point is a main or generated clock pin or port, a clock pin of a sequential cell, or a primary input or inout port. Please validate that all the objects returned by your query belong to this list.
WARNING: [Constraints 18-402] set_multicycle_path: 'CNC_Top_i/XYZ_Axis_Coordinator/inst/curr_pos_z_reg[0]_i_29' is not a valid startpoint. [E:/Git-Repos/CNC-FPGA/Zedboard-CNC/Zedboard-CNC.srcs/constrs_1/new/cnc_constraints.xdc:100]
Resolution: A valid start point is a main or generated clock pin or port, a clock pin of a sequential cell, or a primary input or inout port. Please validate that all the objects returned by your query belong to this list.
WARNING: [Constraints 18-402] set_multicycle_path: 'CNC_Top_i/XYZ_Axis_Coordinator/inst/curr_pos_z_reg[0]_i_5' is not a valid startpoint. [E:/Git-Repos/CNC-FPGA/Zedboard-CNC/Zedboard-CNC.srcs/constrs_1/new/cnc_constraints.xdc:100]
Resolution: A valid start point is a main or generated clock pin or port, a clock pin of a sequential cell, or a primary input or inout port. Please validate that all the objects returned by your query belong to this list.
WARNING: [Constraints 18-402] set_multicycle_path: 'CNC_Top_i/XYZ_Axis_Coordinator/inst/curr_pos_z_reg[12]_i_1' is not a valid startpoint. [E:/Git-Repos/CNC-FPGA/Zedboard-CNC/Zedboard-CNC.srcs/constrs_1/new/cnc_constraints.xdc:100]
Resolution: A valid start point is a main or generated clock pin or port, a clock pin of a sequential cell, or a primary input or inout port. Please validate that all the objects returned by your query belong to this list.
WARNING: [Constraints 18-402] set_multicycle_path: 'CNC_Top_i/XYZ_Axis_Coordinator/inst/curr_pos_z_reg[16]_i_1' is not a valid startpoint. [E:/Git-Repos/CNC-FPGA/Zedboard-CNC/Zedboard-CNC.srcs/constrs_1/new/cnc_constraints.xdc:100]
Resolution: A valid start point is a main or generated clock pin or port, a clock pin of a sequential cell, or a primary input or inout port. Please validate that all the objects returned by your query belong to this list.
WARNING: [Constraints 18-402] set_multicycle_path: 'CNC_Top_i/XYZ_Axis_Coordinator/inst/curr_pos_z_reg[20]_i_1' is not a valid startpoint. [E:/Git-Repos/CNC-FPGA/Zedboard-CNC/Zedboard-CNC.srcs/constrs_1/new/cnc_constraints.xdc:100]
Resolution: A valid start point is a main or generated clock pin or port, a clock pin of a sequential cell, or a primary input or inout port. Please validate that all the objects returned by your query belong to this list.
WARNING: [Constraints 18-402] set_multicycle_path: 'CNC_Top_i/XYZ_Axis_Coordinator/inst/curr_pos_z_reg[24]_i_1' is not a valid startpoint. [E:/Git-Repos/CNC-FPGA/Zedboard-CNC/Zedboard-CNC.srcs/constrs_1/new/cnc_constraints.xdc:100]
Resolution: A valid start point is a main or generated clock pin or port, a clock pin of a sequential cell, or a primary input or inout port. Please validate that all the objects returned by your query belong to this list.
WARNING: [Constraints 18-402] set_multicycle_path: 'CNC_Top_i/XYZ_Axis_Coordinator/inst/curr_pos_z_reg[28]_i_1' is not a valid startpoint. [E:/Git-Repos/CNC-FPGA/Zedboard-CNC/Zedboard-CNC.srcs/constrs_1/new/cnc_constraints.xdc:100]
Resolution: A valid start point is a main or generated clock pin or port, a clock pin of a sequential cell, or a primary input or inout port. Please validate that all the objects returned by your query belong to this list.
WARNING: [Constraints 18-402] set_multicycle_path: 'CNC_Top_i/XYZ_Axis_Coordinator/inst/curr_pos_z_reg[4]_i_1' is not a valid startpoint. [E:/Git-Repos/CNC-FPGA/Zedboard-CNC/Zedboard-CNC.srcs/constrs_1/new/cnc_constraints.xdc:100]
Resolution: A valid start point is a main or generated clock pin or port, a clock pin of a sequential cell, or a primary input or inout port. Please validate that all the objects returned by your query belong to this list.
WARNING: [Constraints 18-402] set_multicycle_path: 'CNC_Top_i/XYZ_Axis_Coordinator/inst/curr_pos_z_reg[8]_i_1' is not a valid startpoint. [E:/Git-Repos/CNC-FPGA/Zedboard-CNC/Zedboard-CNC.srcs/constrs_1/new/cnc_constraints.xdc:100]
Resolution: A valid start point is a main or generated clock pin or port, a clock pin of a sequential cell, or a primary input or inout port. Please validate that all the objects returned by your query belong to this list.
WARNING: [Constraints 18-402] set_multicycle_path: 'CNC_Top_i/XYZ_Axis_Coordinator/inst/curr_pos_x_reg[13]_i_1' is not a valid startpoint. [E:/Git-Repos/CNC-FPGA/Zedboard-CNC/Zedboard-CNC.srcs/constrs_1/new/cnc_constraints.xdc:101]
Resolution: A valid start point is a main or generated clock pin or port, a clock pin of a sequential cell, or a primary input or inout port. Please validate that all the objects returned by your query belong to this list.
WARNING: [Constraints 18-402] set_multicycle_path: 'CNC_Top_i/XYZ_Axis_Coordinator/inst/curr_pos_x_reg[17]_i_1' is not a valid startpoint. [E:/Git-Repos/CNC-FPGA/Zedboard-CNC/Zedboard-CNC.srcs/constrs_1/new/cnc_constraints.xdc:101]
Resolution: A valid start point is a main or generated clock pin or port, a clock pin of a sequential cell, or a primary input or inout port. Please validate that all the objects returned by your query belong to this list.
WARNING: [Constraints 18-402] set_multicycle_path: 'CNC_Top_i/XYZ_Axis_Coordinator/inst/curr_pos_x_reg[1]_i_2' is not a valid startpoint. [E:/Git-Repos/CNC-FPGA/Zedboard-CNC/Zedboard-CNC.srcs/constrs_1/new/cnc_constraints.xdc:101]
Resolution: A valid start point is a main or generated clock pin or port, a clock pin of a sequential cell, or a primary input or inout port. Please validate that all the objects returned by your query belong to this list.
WARNING: [Constraints 18-402] set_multicycle_path: 'CNC_Top_i/XYZ_Axis_Coordinator/inst/curr_pos_x_reg[21]_i_1' is not a valid startpoint. [E:/Git-Repos/CNC-FPGA/Zedboard-CNC/Zedboard-CNC.srcs/constrs_1/new/cnc_constraints.xdc:101]
Resolution: A valid start point is a main or generated clock pin or port, a clock pin of a sequential cell, or a primary input or inout port. Please validate that all the objects returned by your query belong to this list.
WARNING: [Constraints 18-402] set_multicycle_path: 'CNC_Top_i/XYZ_Axis_Coordinator/inst/curr_pos_x_reg[25]_i_1' is not a valid startpoint. [E:/Git-Repos/CNC-FPGA/Zedboard-CNC/Zedboard-CNC.srcs/constrs_1/new/cnc_constraints.xdc:101]
Resolution: A valid start point is a main or generated clock pin or port, a clock pin of a sequential cell, or a primary input or inout port. Please validate that all the objects returned by your query belong to this list.
WARNING: [Constraints 18-402] set_multicycle_path: 'CNC_Top_i/XYZ_Axis_Coordinator/inst/curr_pos_x_reg[29]_i_1' is not a valid startpoint. [E:/Git-Repos/CNC-FPGA/Zedboard-CNC/Zedboard-CNC.srcs/constrs_1/new/cnc_constraints.xdc:101]
Resolution: A valid start point is a main or generated clock pin or port, a clock pin of a sequential cell, or a primary input or inout port. Please validate that all the objects returned by your query belong to this list.
WARNING: [Constraints 18-402] set_multicycle_path: 'CNC_Top_i/XYZ_Axis_Coordinator/inst/curr_pos_x_reg[5]_i_1' is not a valid startpoint. [E:/Git-Repos/CNC-FPGA/Zedboard-CNC/Zedboard-CNC.srcs/constrs_1/new/cnc_constraints.xdc:101]
Resolution: A valid start point is a main or generated clock pin or port, a clock pin of a sequential cell, or a primary input or inout port. Please validate that all the objects returned by your query belong to this list.
WARNING: [Constraints 18-402] set_multicycle_path: 'CNC_Top_i/XYZ_Axis_Coordinator/inst/curr_pos_x_reg[9]_i_1' is not a valid startpoint. [E:/Git-Repos/CNC-FPGA/Zedboard-CNC/Zedboard-CNC.srcs/constrs_1/new/cnc_constraints.xdc:101]
Resolution: A valid start point is a main or generated clock pin or port, a clock pin of a sequential cell, or a primary input or inout port. Please validate that all the objects returned by your query belong to this list.
WARNING: [Constraints 18-402] set_multicycle_path: 'CNC_Top_i/XYZ_Axis_Coordinator/inst/curr_pos_y_reg[13]_i_1' is not a valid startpoint. [E:/Git-Repos/CNC-FPGA/Zedboard-CNC/Zedboard-CNC.srcs/constrs_1/new/cnc_constraints.xdc:101]
Resolution: A valid start point is a main or generated clock pin or port, a clock pin of a sequential cell, or a primary input or inout port. Please validate that all the objects returned by your query belong to this list.
WARNING: [Constraints 18-402] set_multicycle_path: 'CNC_Top_i/XYZ_Axis_Coordinator/inst/curr_pos_y_reg[17]_i_1' is not a valid startpoint. [E:/Git-Repos/CNC-FPGA/Zedboard-CNC/Zedboard-CNC.srcs/constrs_1/new/cnc_constraints.xdc:101]
Resolution: A valid start point is a main or generated clock pin or port, a clock pin of a sequential cell, or a primary input or inout port. Please validate that all the objects returned by your query belong to this list.
WARNING: [Constraints 18-402] set_multicycle_path: 'CNC_Top_i/XYZ_Axis_Coordinator/inst/curr_pos_y_reg[1]_i_2' is not a valid startpoint. [E:/Git-Repos/CNC-FPGA/Zedboard-CNC/Zedboard-CNC.srcs/constrs_1/new/cnc_constraints.xdc:101]
Resolution: A valid start point is a main or generated clock pin or port, a clock pin of a sequential cell, or a primary input or inout port. Please validate that all the objects returned by your query belong to this list.
WARNING: [Constraints 18-402] set_multicycle_path: 'CNC_Top_i/XYZ_Axis_Coordinator/inst/curr_pos_y_reg[21]_i_1' is not a valid startpoint. [E:/Git-Repos/CNC-FPGA/Zedboard-CNC/Zedboard-CNC.srcs/constrs_1/new/cnc_constraints.xdc:101]
Resolution: A valid start point is a main or generated clock pin or port, a clock pin of a sequential cell, or a primary input or inout port. Please validate that all the objects returned by your query belong to this list.
WARNING: [Constraints 18-402] set_multicycle_path: 'CNC_Top_i/XYZ_Axis_Coordinator/inst/curr_pos_y_reg[25]_i_1' is not a valid startpoint. [E:/Git-Repos/CNC-FPGA/Zedboard-CNC/Zedboard-CNC.srcs/constrs_1/new/cnc_constraints.xdc:101]
Resolution: A valid start point is a main or generated clock pin or port, a clock pin of a sequential cell, or a primary input or inout port. Please validate that all the objects returned by your query belong to this list.
WARNING: [Constraints 18-402] set_multicycle_path: 'CNC_Top_i/XYZ_Axis_Coordinator/inst/curr_pos_y_reg[29]_i_1' is not a valid startpoint. [E:/Git-Repos/CNC-FPGA/Zedboard-CNC/Zedboard-CNC.srcs/constrs_1/new/cnc_constraints.xdc:101]
Resolution: A valid start point is a main or generated clock pin or port, a clock pin of a sequential cell, or a primary input or inout port. Please validate that all the objects returned by your query belong to this list.
WARNING: [Constraints 18-402] set_multicycle_path: 'CNC_Top_i/XYZ_Axis_Coordinator/inst/curr_pos_y_reg[5]_i_1' is not a valid startpoint. [E:/Git-Repos/CNC-FPGA/Zedboard-CNC/Zedboard-CNC.srcs/constrs_1/new/cnc_constraints.xdc:101]
Resolution: A valid start point is a main or generated clock pin or port, a clock pin of a sequential cell, or a primary input or inout port. Please validate that all the objects returned by your query belong to this list.
WARNING: [Constraints 18-402] set_multicycle_path: 'CNC_Top_i/XYZ_Axis_Coordinator/inst/curr_pos_y_reg[9]_i_1' is not a valid startpoint. [E:/Git-Repos/CNC-FPGA/Zedboard-CNC/Zedboard-CNC.srcs/constrs_1/new/cnc_constraints.xdc:101]
Resolution: A valid start point is a main or generated clock pin or port, a clock pin of a sequential cell, or a primary input or inout port. Please validate that all the objects returned by your query belong to this list.
WARNING: [Constraints 18-402] set_multicycle_path: 'CNC_Top_i/XYZ_Axis_Coordinator/inst/curr_pos_z_reg[0]_i_11' is not a valid startpoint. [E:/Git-Repos/CNC-FPGA/Zedboard-CNC/Zedboard-CNC.srcs/constrs_1/new/cnc_constraints.xdc:101]
Resolution: A valid start point is a main or generated clock pin or port, a clock pin of a sequential cell, or a primary input or inout port. Please validate that all the objects returned by your query belong to this list.
WARNING: [Constraints 18-402] set_multicycle_path: 'CNC_Top_i/XYZ_Axis_Coordinator/inst/curr_pos_z_reg[0]_i_2' is not a valid startpoint. [E:/Git-Repos/CNC-FPGA/Zedboard-CNC/Zedboard-CNC.srcs/constrs_1/new/cnc_constraints.xdc:101]
Resolution: A valid start point is a main or generated clock pin or port, a clock pin of a sequential cell, or a primary input or inout port. Please validate that all the objects returned by your query belong to this list.
WARNING: [Constraints 18-402] set_multicycle_path: 'CNC_Top_i/XYZ_Axis_Coordinator/inst/curr_pos_z_reg[0]_i_20' is not a valid startpoint. [E:/Git-Repos/CNC-FPGA/Zedboard-CNC/Zedboard-CNC.srcs/constrs_1/new/cnc_constraints.xdc:101]
Resolution: A valid start point is a main or generated clock pin or port, a clock pin of a sequential cell, or a primary input or inout port. Please validate that all the objects returned by your query belong to this list.
WARNING: [Constraints 18-402] set_multicycle_path: 'CNC_Top_i/XYZ_Axis_Coordinator/inst/curr_pos_z_reg[0]_i_29' is not a valid startpoint. [E:/Git-Repos/CNC-FPGA/Zedboard-CNC/Zedboard-CNC.srcs/constrs_1/new/cnc_constraints.xdc:101]
Resolution: A valid start point is a main or generated clock pin or port, a clock pin of a sequential cell, or a primary input or inout port. Please validate that all the objects returned by your query belong to this list.
WARNING: [Constraints 18-402] set_multicycle_path: 'CNC_Top_i/XYZ_Axis_Coordinator/inst/curr_pos_z_reg[0]_i_5' is not a valid startpoint. [E:/Git-Repos/CNC-FPGA/Zedboard-CNC/Zedboard-CNC.srcs/constrs_1/new/cnc_constraints.xdc:101]
Resolution: A valid start point is a main or generated clock pin or port, a clock pin of a sequential cell, or a primary input or inout port. Please validate that all the objects returned by your query belong to this list.
WARNING: [Constraints 18-402] set_multicycle_path: 'CNC_Top_i/XYZ_Axis_Coordinator/inst/curr_pos_z_reg[12]_i_1' is not a valid startpoint. [E:/Git-Repos/CNC-FPGA/Zedboard-CNC/Zedboard-CNC.srcs/constrs_1/new/cnc_constraints.xdc:101]
Resolution: A valid start point is a main or generated clock pin or port, a clock pin of a sequential cell, or a primary input or inout port. Please validate that all the objects returned by your query belong to this list.
WARNING: [Constraints 18-402] set_multicycle_path: 'CNC_Top_i/XYZ_Axis_Coordinator/inst/curr_pos_z_reg[16]_i_1' is not a valid startpoint. [E:/Git-Repos/CNC-FPGA/Zedboard-CNC/Zedboard-CNC.srcs/constrs_1/new/cnc_constraints.xdc:101]
Resolution: A valid start point is a main or generated clock pin or port, a clock pin of a sequential cell, or a primary input or inout port. Please validate that all the objects returned by your query belong to this list.
WARNING: [Constraints 18-402] set_multicycle_path: 'CNC_Top_i/XYZ_Axis_Coordinator/inst/curr_pos_z_reg[20]_i_1' is not a valid startpoint. [E:/Git-Repos/CNC-FPGA/Zedboard-CNC/Zedboard-CNC.srcs/constrs_1/new/cnc_constraints.xdc:101]
Resolution: A valid start point is a main or generated clock pin or port, a clock pin of a sequential cell, or a primary input or inout port. Please validate that all the objects returned by your query belong to this list.
WARNING: [Constraints 18-402] set_multicycle_path: 'CNC_Top_i/XYZ_Axis_Coordinator/inst/curr_pos_z_reg[24]_i_1' is not a valid startpoint. [E:/Git-Repos/CNC-FPGA/Zedboard-CNC/Zedboard-CNC.srcs/constrs_1/new/cnc_constraints.xdc:101]
Resolution: A valid start point is a main or generated clock pin or port, a clock pin of a sequential cell, or a primary input or inout port. Please validate that all the objects returned by your query belong to this list.
WARNING: [Constraints 18-402] set_multicycle_path: 'CNC_Top_i/XYZ_Axis_Coordinator/inst/curr_pos_z_reg[28]_i_1' is not a valid startpoint. [E:/Git-Repos/CNC-FPGA/Zedboard-CNC/Zedboard-CNC.srcs/constrs_1/new/cnc_constraints.xdc:101]
Resolution: A valid start point is a main or generated clock pin or port, a clock pin of a sequential cell, or a primary input or inout port. Please validate that all the objects returned by your query belong to this list.
WARNING: [Constraints 18-402] set_multicycle_path: 'CNC_Top_i/XYZ_Axis_Coordinator/inst/curr_pos_z_reg[4]_i_1' is not a valid startpoint. [E:/Git-Repos/CNC-FPGA/Zedboard-CNC/Zedboard-CNC.srcs/constrs_1/new/cnc_constraints.xdc:101]
Resolution: A valid start point is a main or generated clock pin or port, a clock pin of a sequential cell, or a primary input or inout port. Please validate that all the objects returned by your query belong to this list.
WARNING: [Constraints 18-402] set_multicycle_path: 'CNC_Top_i/XYZ_Axis_Coordinator/inst/curr_pos_z_reg[8]_i_1' is not a valid startpoint. [E:/Git-Repos/CNC-FPGA/Zedboard-CNC/Zedboard-CNC.srcs/constrs_1/new/cnc_constraints.xdc:101]
Resolution: A valid start point is a main or generated clock pin or port, a clock pin of a sequential cell, or a primary input or inout port. Please validate that all the objects returned by your query belong to this list.
WARNING: [Constraints 18-401] set_multicycle_path: 'CNC_Top_i/XYZ_Axis_Coordinator/inst/cycles_per_step_y_result1__0_i_1' is not a valid endpoint. [E:/Git-Repos/CNC-FPGA/Zedboard-CNC/Zedboard-CNC.srcs/constrs_1/new/cnc_constraints.xdc:103]
Resolution: A valid end point is a data pin of a sequential cell or a primary output or inout port. Please validate that all the objects returned by your query belong to this list.
WARNING: [Constraints 18-401] set_multicycle_path: 'CNC_Top_i/XYZ_Axis_Coordinator/inst/cycles_per_step_y_result1__0_i_10' is not a valid endpoint. [E:/Git-Repos/CNC-FPGA/Zedboard-CNC/Zedboard-CNC.srcs/constrs_1/new/cnc_constraints.xdc:103]
Resolution: A valid end point is a data pin of a sequential cell or a primary output or inout port. Please validate that all the objects returned by your query belong to this list.
WARNING: [Constraints 18-401] set_multicycle_path: 'CNC_Top_i/XYZ_Axis_Coordinator/inst/cycles_per_step_y_result1__0_i_11' is not a valid endpoint. [E:/Git-Repos/CNC-FPGA/Zedboard-CNC/Zedboard-CNC.srcs/constrs_1/new/cnc_constraints.xdc:103]
Resolution: A valid end point is a data pin of a sequential cell or a primary output or inout port. Please validate that all the objects returned by your query belong to this list.
WARNING: [Constraints 18-401] set_multicycle_path: 'CNC_Top_i/XYZ_Axis_Coordinator/inst/cycles_per_step_y_result1__0_i_12' is not a valid endpoint. [E:/Git-Repos/CNC-FPGA/Zedboard-CNC/Zedboard-CNC.srcs/constrs_1/new/cnc_constraints.xdc:103]
Resolution: A valid end point is a data pin of a sequential cell or a primary output or inout port. Please validate that all the objects returned by your query belong to this list.
WARNING: [Constraints 18-401] set_multicycle_path: 'CNC_Top_i/XYZ_Axis_Coordinator/inst/cycles_per_step_y_result1__0_i_13' is not a valid endpoint. [E:/Git-Repos/CNC-FPGA/Zedboard-CNC/Zedboard-CNC.srcs/constrs_1/new/cnc_constraints.xdc:103]
Resolution: A valid end point is a data pin of a sequential cell or a primary output or inout port. Please validate that all the objects returned by your query belong to this list.
WARNING: [Constraints 18-401] set_multicycle_path: 'CNC_Top_i/XYZ_Axis_Coordinator/inst/cycles_per_step_y_result1__0_i_14' is not a valid endpoint. [E:/Git-Repos/CNC-FPGA/Zedboard-CNC/Zedboard-CNC.srcs/constrs_1/new/cnc_constraints.xdc:103]
Resolution: A valid end point is a data pin of a sequential cell or a primary output or inout port. Please validate that all the objects returned by your query belong to this list.
WARNING: [Constraints 18-401] set_multicycle_path: 'CNC_Top_i/XYZ_Axis_Coordinator/inst/cycles_per_step_y_result1__0_i_15' is not a valid endpoint. [E:/Git-Repos/CNC-FPGA/Zedboard-CNC/Zedboard-CNC.srcs/constrs_1/new/cnc_constraints.xdc:103]
Resolution: A valid end point is a data pin of a sequential cell or a primary output or inout port. Please validate that all the objects returned by your query belong to this list.
WARNING: [Constraints 18-401] set_multicycle_path: 'CNC_Top_i/XYZ_Axis_Coordinator/inst/cycles_per_step_y_result1__0_i_16' is not a valid endpoint. [E:/Git-Repos/CNC-FPGA/Zedboard-CNC/Zedboard-CNC.srcs/constrs_1/new/cnc_constraints.xdc:103]
Resolution: A valid end point is a data pin of a sequential cell or a primary output or inout port. Please validate that all the objects returned by your query belong to this list.
WARNING: [Constraints 18-401] set_multicycle_path: 'CNC_Top_i/XYZ_Axis_Coordinator/inst/cycles_per_step_y_result1__0_i_17' is not a valid endpoint. [E:/Git-Repos/CNC-FPGA/Zedboard-CNC/Zedboard-CNC.srcs/constrs_1/new/cnc_constraints.xdc:103]
Resolution: A valid end point is a data pin of a sequential cell or a primary output or inout port. Please validate that all the objects returned by your query belong to this list.
WARNING: [Constraints 18-401] set_multicycle_path: 'CNC_Top_i/XYZ_Axis_Coordinator/inst/cycles_per_step_y_result1__0_i_18' is not a valid endpoint. [E:/Git-Repos/CNC-FPGA/Zedboard-CNC/Zedboard-CNC.srcs/constrs_1/new/cnc_constraints.xdc:103]
Resolution: A valid end point is a data pin of a sequential cell or a primary output or inout port. Please validate that all the objects returned by your query belong to this list.
WARNING: [Constraints 18-401] set_multicycle_path: 'CNC_Top_i/XYZ_Axis_Coordinator/inst/cycles_per_step_y_result1__0_i_19' is not a valid endpoint. [E:/Git-Repos/CNC-FPGA/Zedboard-CNC/Zedboard-CNC.srcs/constrs_1/new/cnc_constraints.xdc:103]
Resolution: A valid end point is a data pin of a sequential cell or a primary output or inout port. Please validate that all the objects returned by your query belong to this list.
WARNING: [Constraints 18-401] set_multicycle_path: 'CNC_Top_i/XYZ_Axis_Coordinator/inst/cycles_per_step_y_result1__0_i_2' is not a valid endpoint. [E:/Git-Repos/CNC-FPGA/Zedboard-CNC/Zedboard-CNC.srcs/constrs_1/new/cnc_constraints.xdc:103]
Resolution: A valid end point is a data pin of a sequential cell or a primary output or inout port. Please validate that all the objects returned by your query belong to this list.
WARNING: [Constraints 18-401] set_multicycle_path: 'CNC_Top_i/XYZ_Axis_Coordinator/inst/cycles_per_step_y_result1__0_i_20' is not a valid endpoint. [E:/Git-Repos/CNC-FPGA/Zedboard-CNC/Zedboard-CNC.srcs/constrs_1/new/cnc_constraints.xdc:103]
Resolution: A valid end point is a data pin of a sequential cell or a primary output or inout port. Please validate that all the objects returned by your query belong to this list.
WARNING: [Constraints 18-401] set_multicycle_path: 'CNC_Top_i/XYZ_Axis_Coordinator/inst/cycles_per_step_y_result1__0_i_21' is not a valid endpoint. [E:/Git-Repos/CNC-FPGA/Zedboard-CNC/Zedboard-CNC.srcs/constrs_1/new/cnc_constraints.xdc:103]
Resolution: A valid end point is a data pin of a sequential cell or a primary output or inout port. Please validate that all the objects returned by your query belong to this list.
WARNING: [Constraints 18-401] set_multicycle_path: 'CNC_Top_i/XYZ_Axis_Coordinator/inst/cycles_per_step_y_result1__0_i_22' is not a valid endpoint. [E:/Git-Repos/CNC-FPGA/Zedboard-CNC/Zedboard-CNC.srcs/constrs_1/new/cnc_constraints.xdc:103]
Resolution: A valid end point is a data pin of a sequential cell or a primary output or inout port. Please validate that all the objects returned by your query belong to this list.
WARNING: [Constraints 18-401] set_multicycle_path: 'CNC_Top_i/XYZ_Axis_Coordinator/inst/cycles_per_step_y_result1__0_i_23' is not a valid endpoint. [E:/Git-Repos/CNC-FPGA/Zedboard-CNC/Zedboard-CNC.srcs/constrs_1/new/cnc_constraints.xdc:103]
Resolution: A valid end point is a data pin of a sequential cell or a primary output or inout port. Please validate that all the objects returned by your query belong to this list.
WARNING: [Constraints 18-401] set_multicycle_path: 'CNC_Top_i/XYZ_Axis_Coordinator/inst/cycles_per_step_y_result1__0_i_24' is not a valid endpoint. [E:/Git-Repos/CNC-FPGA/Zedboard-CNC/Zedboard-CNC.srcs/constrs_1/new/cnc_constraints.xdc:103]
Resolution: A valid end point is a data pin of a sequential cell or a primary output or inout port. Please validate that all the objects returned by your query belong to this list.
WARNING: [Constraints 18-401] set_multicycle_path: 'CNC_Top_i/XYZ_Axis_Coordinator/inst/cycles_per_step_y_result1__0_i_25' is not a valid endpoint. [E:/Git-Repos/CNC-FPGA/Zedboard-CNC/Zedboard-CNC.srcs/constrs_1/new/cnc_constraints.xdc:103]
Resolution: A valid end point is a data pin of a sequential cell or a primary output or inout port. Please validate that all the objects returned by your query belong to this list.
WARNING: [Constraints 18-401] set_multicycle_path: 'CNC_Top_i/XYZ_Axis_Coordinator/inst/cycles_per_step_y_result1__0_i_26' is not a valid endpoint. [E:/Git-Repos/CNC-FPGA/Zedboard-CNC/Zedboard-CNC.srcs/constrs_1/new/cnc_constraints.xdc:103]
Resolution: A valid end point is a data pin of a sequential cell or a primary output or inout port. Please validate that all the objects returned by your query belong to this list.
WARNING: [Constraints 18-401] set_multicycle_path: 'CNC_Top_i/XYZ_Axis_Coordinator/inst/cycles_per_step_y_result1__0_i_27' is not a valid endpoint. [E:/Git-Repos/CNC-FPGA/Zedboard-CNC/Zedboard-CNC.srcs/constrs_1/new/cnc_constraints.xdc:103]
Resolution: A valid end point is a data pin of a sequential cell or a primary output or inout port. Please validate that all the objects returned by your query belong to this list.
WARNING: [Constraints 18-401] set_multicycle_path: 'CNC_Top_i/XYZ_Axis_Coordinator/inst/cycles_per_step_y_result1__0_i_28' is not a valid endpoint. [E:/Git-Repos/CNC-FPGA/Zedboard-CNC/Zedboard-CNC.srcs/constrs_1/new/cnc_constraints.xdc:103]
Resolution: A valid end point is a data pin of a sequential cell or a primary output or inout port. Please validate that all the objects returned by your query belong to this list.
WARNING: [Constraints 18-401] set_multicycle_path: 'CNC_Top_i/XYZ_Axis_Coordinator/inst/cycles_per_step_y_result1__0_i_29' is not a valid endpoint. [E:/Git-Repos/CNC-FPGA/Zedboard-CNC/Zedboard-CNC.srcs/constrs_1/new/cnc_constraints.xdc:103]
Resolution: A valid end point is a data pin of a sequential cell or a primary output or inout port. Please validate that all the objects returned by your query belong to this list.
WARNING: [Constraints 18-401] set_multicycle_path: 'CNC_Top_i/XYZ_Axis_Coordinator/inst/cycles_per_step_y_result1__0_i_3' is not a valid endpoint. [E:/Git-Repos/CNC-FPGA/Zedboard-CNC/Zedboard-CNC.srcs/constrs_1/new/cnc_constraints.xdc:103]
Resolution: A valid end point is a data pin of a sequential cell or a primary output or inout port. Please validate that all the objects returned by your query belong to this list.
WARNING: [Constraints 18-401] set_multicycle_path: 'CNC_Top_i/XYZ_Axis_Coordinator/inst/cycles_per_step_y_result1__0_i_30' is not a valid endpoint. [E:/Git-Repos/CNC-FPGA/Zedboard-CNC/Zedboard-CNC.srcs/constrs_1/new/cnc_constraints.xdc:103]
Resolution: A valid end point is a data pin of a sequential cell or a primary output or inout port. Please validate that all the objects returned by your query belong to this list.
WARNING: [Constraints 18-401] set_multicycle_path: 'CNC_Top_i/XYZ_Axis_Coordinator/inst/cycles_per_step_y_result1__0_i_31' is not a valid endpoint. [E:/Git-Repos/CNC-FPGA/Zedboard-CNC/Zedboard-CNC.srcs/constrs_1/new/cnc_constraints.xdc:103]
Resolution: A valid end point is a data pin of a sequential cell or a primary output or inout port. Please validate that all the objects returned by your query belong to this list.
WARNING: [Constraints 18-401] set_multicycle_path: 'CNC_Top_i/XYZ_Axis_Coordinator/inst/cycles_per_step_y_result1__0_i_32' is not a valid endpoint. [E:/Git-Repos/CNC-FPGA/Zedboard-CNC/Zedboard-CNC.srcs/constrs_1/new/cnc_constraints.xdc:103]
Resolution: A valid end point is a data pin of a sequential cell or a primary output or inout port. Please validate that all the objects returned by your query belong to this list.
WARNING: [Constraints 18-401] set_multicycle_path: 'CNC_Top_i/XYZ_Axis_Coordinator/inst/cycles_per_step_y_result1__0_i_33' is not a valid endpoint. [E:/Git-Repos/CNC-FPGA/Zedboard-CNC/Zedboard-CNC.srcs/constrs_1/new/cnc_constraints.xdc:103]
Resolution: A valid end point is a data pin of a sequential cell or a primary output or inout port. Please validate that all the objects returned by your query belong to this list.
WARNING: [Constraints 18-401] set_multicycle_path: 'CNC_Top_i/XYZ_Axis_Coordinator/inst/cycles_per_step_y_result1__0_i_34' is not a valid endpoint. [E:/Git-Repos/CNC-FPGA/Zedboard-CNC/Zedboard-CNC.srcs/constrs_1/new/cnc_constraints.xdc:103]
Resolution: A valid end point is a data pin of a sequential cell or a primary output or inout port. Please validate that all the objects returned by your query belong to this list.
WARNING: [Constraints 18-401] set_multicycle_path: 'CNC_Top_i/XYZ_Axis_Coordinator/inst/cycles_per_step_y_result1__0_i_35' is not a valid endpoint. [E:/Git-Repos/CNC-FPGA/Zedboard-CNC/Zedboard-CNC.srcs/constrs_1/new/cnc_constraints.xdc:103]
Resolution: A valid end point is a data pin of a sequential cell or a primary output or inout port. Please validate that all the objects returned by your query belong to this list.
WARNING: [Constraints 18-401] set_multicycle_path: 'CNC_Top_i/XYZ_Axis_Coordinator/inst/cycles_per_step_y_result1__0_i_36' is not a valid endpoint. [E:/Git-Repos/CNC-FPGA/Zedboard-CNC/Zedboard-CNC.srcs/constrs_1/new/cnc_constraints.xdc:103]
Resolution: A valid end point is a data pin of a sequential cell or a primary output or inout port. Please validate that all the objects returned by your query belong to this list.
WARNING: [Constraints 18-401] set_multicycle_path: 'CNC_Top_i/XYZ_Axis_Coordinator/inst/cycles_per_step_y_result1__0_i_37' is not a valid endpoint. [E:/Git-Repos/CNC-FPGA/Zedboard-CNC/Zedboard-CNC.srcs/constrs_1/new/cnc_constraints.xdc:103]
Resolution: A valid end point is a data pin of a sequential cell or a primary output or inout port. Please validate that all the objects returned by your query belong to this list.
WARNING: [Constraints 18-401] set_multicycle_path: 'CNC_Top_i/XYZ_Axis_Coordinator/inst/cycles_per_step_y_result1__0_i_38' is not a valid endpoint. [E:/Git-Repos/CNC-FPGA/Zedboard-CNC/Zedboard-CNC.srcs/constrs_1/new/cnc_constraints.xdc:103]
Resolution: A valid end point is a data pin of a sequential cell or a primary output or inout port. Please validate that all the objects returned by your query belong to this list.
WARNING: [Constraints 18-401] set_multicycle_path: 'CNC_Top_i/XYZ_Axis_Coordinator/inst/cycles_per_step_y_result1__0_i_39' is not a valid endpoint. [E:/Git-Repos/CNC-FPGA/Zedboard-CNC/Zedboard-CNC.srcs/constrs_1/new/cnc_constraints.xdc:103]
Resolution: A valid end point is a data pin of a sequential cell or a primary output or inout port. Please validate that all the objects returned by your query belong to this list.
WARNING: [Constraints 18-401] set_multicycle_path: 'CNC_Top_i/XYZ_Axis_Coordinator/inst/cycles_per_step_y_result1__0_i_4' is not a valid endpoint. [E:/Git-Repos/CNC-FPGA/Zedboard-CNC/Zedboard-CNC.srcs/constrs_1/new/cnc_constraints.xdc:103]
Resolution: A valid end point is a data pin of a sequential cell or a primary output or inout port. Please validate that all the objects returned by your query belong to this list.
WARNING: [Constraints 18-401] set_multicycle_path: 'CNC_Top_i/XYZ_Axis_Coordinator/inst/cycles_per_step_y_result1__0_i_40' is not a valid endpoint. [E:/Git-Repos/CNC-FPGA/Zedboard-CNC/Zedboard-CNC.srcs/constrs_1/new/cnc_constraints.xdc:103]
Resolution: A valid end point is a data pin of a sequential cell or a primary output or inout port. Please validate that all the objects returned by your query belong to this list.
WARNING: [Constraints 18-401] set_multicycle_path: 'CNC_Top_i/XYZ_Axis_Coordinator/inst/cycles_per_step_y_result1__0_i_41' is not a valid endpoint. [E:/Git-Repos/CNC-FPGA/Zedboard-CNC/Zedboard-CNC.srcs/constrs_1/new/cnc_constraints.xdc:103]
Resolution: A valid end point is a data pin of a sequential cell or a primary output or inout port. Please validate that all the objects returned by your query belong to this list.
WARNING: [Constraints 18-401] set_multicycle_path: 'CNC_Top_i/XYZ_Axis_Coordinator/inst/cycles_per_step_y_result1__0_i_42' is not a valid endpoint. [E:/Git-Repos/CNC-FPGA/Zedboard-CNC/Zedboard-CNC.srcs/constrs_1/new/cnc_constraints.xdc:103]
Resolution: A valid end point is a data pin of a sequential cell or a primary output or inout port. Please validate that all the objects returned by your query belong to this list.
WARNING: [Constraints 18-401] set_multicycle_path: 'CNC_Top_i/XYZ_Axis_Coordinator/inst/cycles_per_step_y_result1__0_i_43' is not a valid endpoint. [E:/Git-Repos/CNC-FPGA/Zedboard-CNC/Zedboard-CNC.srcs/constrs_1/new/cnc_constraints.xdc:103]
Resolution: A valid end point is a data pin of a sequential cell or a primary output or inout port. Please validate that all the objects returned by your query belong to this list.
WARNING: [Constraints 18-401] set_multicycle_path: 'CNC_Top_i/XYZ_Axis_Coordinator/inst/cycles_per_step_y_result1__0_i_44' is not a valid endpoint. [E:/Git-Repos/CNC-FPGA/Zedboard-CNC/Zedboard-CNC.srcs/constrs_1/new/cnc_constraints.xdc:103]
Resolution: A valid end point is a data pin of a sequential cell or a primary output or inout port. Please validate that all the objects returned by your query belong to this list.
WARNING: [Constraints 18-401] set_multicycle_path: 'CNC_Top_i/XYZ_Axis_Coordinator/inst/cycles_per_step_y_result1__0_i_45' is not a valid endpoint. [E:/Git-Repos/CNC-FPGA/Zedboard-CNC/Zedboard-CNC.srcs/constrs_1/new/cnc_constraints.xdc:103]
Resolution: A valid end point is a data pin of a sequential cell or a primary output or inout port. Please validate that all the objects returned by your query belong to this list.
WARNING: [Constraints 18-401] set_multicycle_path: 'CNC_Top_i/XYZ_Axis_Coordinator/inst/cycles_per_step_y_result1__0_i_46' is not a valid endpoint. [E:/Git-Repos/CNC-FPGA/Zedboard-CNC/Zedboard-CNC.srcs/constrs_1/new/cnc_constraints.xdc:103]
Resolution: A valid end point is a data pin of a sequential cell or a primary output or inout port. Please validate that all the objects returned by your query belong to this list.
WARNING: [Constraints 18-401] set_multicycle_path: 'CNC_Top_i/XYZ_Axis_Coordinator/inst/cycles_per_step_y_result1__0_i_47' is not a valid endpoint. [E:/Git-Repos/CNC-FPGA/Zedboard-CNC/Zedboard-CNC.srcs/constrs_1/new/cnc_constraints.xdc:103]
Resolution: A valid end point is a data pin of a sequential cell or a primary output or inout port. Please validate that all the objects returned by your query belong to this list.
WARNING: [Constraints 18-401] set_multicycle_path: 'CNC_Top_i/XYZ_Axis_Coordinator/inst/cycles_per_step_y_result1__0_i_48' is not a valid endpoint. [E:/Git-Repos/CNC-FPGA/Zedboard-CNC/Zedboard-CNC.srcs/constrs_1/new/cnc_constraints.xdc:103]
Resolution: A valid end point is a data pin of a sequential cell or a primary output or inout port. Please validate that all the objects returned by your query belong to this list.
WARNING: [Constraints 18-401] set_multicycle_path: 'CNC_Top_i/XYZ_Axis_Coordinator/inst/cycles_per_step_y_result1__0_i_49' is not a valid endpoint. [E:/Git-Repos/CNC-FPGA/Zedboard-CNC/Zedboard-CNC.srcs/constrs_1/new/cnc_constraints.xdc:103]
Resolution: A valid end point is a data pin of a sequential cell or a primary output or inout port. Please validate that all the objects returned by your query belong to this list.
WARNING: [Constraints 18-401] set_multicycle_path: 'CNC_Top_i/XYZ_Axis_Coordinator/inst/cycles_per_step_y_result1__0_i_5' is not a valid endpoint. [E:/Git-Repos/CNC-FPGA/Zedboard-CNC/Zedboard-CNC.srcs/constrs_1/new/cnc_constraints.xdc:103]
Resolution: A valid end point is a data pin of a sequential cell or a primary output or inout port. Please validate that all the objects returned by your query belong to this list.
WARNING: [Constraints 18-401] set_multicycle_path: 'CNC_Top_i/XYZ_Axis_Coordinator/inst/cycles_per_step_y_result1__0_i_50' is not a valid endpoint. [E:/Git-Repos/CNC-FPGA/Zedboard-CNC/Zedboard-CNC.srcs/constrs_1/new/cnc_constraints.xdc:103]
Resolution: A valid end point is a data pin of a sequential cell or a primary output or inout port. Please validate that all the objects returned by your query belong to this list.
WARNING: [Constraints 18-401] set_multicycle_path: 'CNC_Top_i/XYZ_Axis_Coordinator/inst/cycles_per_step_y_result1__0_i_51' is not a valid endpoint. [E:/Git-Repos/CNC-FPGA/Zedboard-CNC/Zedboard-CNC.srcs/constrs_1/new/cnc_constraints.xdc:103]
Resolution: A valid end point is a data pin of a sequential cell or a primary output or inout port. Please validate that all the objects returned by your query belong to this list.
WARNING: [Constraints 18-401] set_multicycle_path: 'CNC_Top_i/XYZ_Axis_Coordinator/inst/cycles_per_step_y_result1__0_i_52' is not a valid endpoint. [E:/Git-Repos/CNC-FPGA/Zedboard-CNC/Zedboard-CNC.srcs/constrs_1/new/cnc_constraints.xdc:103]
Resolution: A valid end point is a data pin of a sequential cell or a primary output or inout port. Please validate that all the objects returned by your query belong to this list.
WARNING: [Constraints 18-401] set_multicycle_path: 'CNC_Top_i/XYZ_Axis_Coordinator/inst/cycles_per_step_y_result1__0_i_53' is not a valid endpoint. [E:/Git-Repos/CNC-FPGA/Zedboard-CNC/Zedboard-CNC.srcs/constrs_1/new/cnc_constraints.xdc:103]
Resolution: A valid end point is a data pin of a sequential cell or a primary output or inout port. Please validate that all the objects returned by your query belong to this list.
WARNING: [Constraints 18-401] set_multicycle_path: 'CNC_Top_i/XYZ_Axis_Coordinator/inst/cycles_per_step_y_result1__0_i_54' is not a valid endpoint. [E:/Git-Repos/CNC-FPGA/Zedboard-CNC/Zedboard-CNC.srcs/constrs_1/new/cnc_constraints.xdc:103]
Resolution: A valid end point is a data pin of a sequential cell or a primary output or inout port. Please validate that all the objects returned by your query belong to this list.
WARNING: [Constraints 18-401] set_multicycle_path: 'CNC_Top_i/XYZ_Axis_Coordinator/inst/cycles_per_step_y_result1__0_i_55' is not a valid endpoint. [E:/Git-Repos/CNC-FPGA/Zedboard-CNC/Zedboard-CNC.srcs/constrs_1/new/cnc_constraints.xdc:103]
Resolution: A valid end point is a data pin of a sequential cell or a primary output or inout port. Please validate that all the objects returned by your query belong to this list.
WARNING: [Constraints 18-401] set_multicycle_path: 'CNC_Top_i/XYZ_Axis_Coordinator/inst/cycles_per_step_y_result1__0_i_56' is not a valid endpoint. [E:/Git-Repos/CNC-FPGA/Zedboard-CNC/Zedboard-CNC.srcs/constrs_1/new/cnc_constraints.xdc:103]
Resolution: A valid end point is a data pin of a sequential cell or a primary output or inout port. Please validate that all the objects returned by your query belong to this list.
WARNING: [Constraints 18-401] set_multicycle_path: 'CNC_Top_i/XYZ_Axis_Coordinator/inst/cycles_per_step_y_result1__0_i_57' is not a valid endpoint. [E:/Git-Repos/CNC-FPGA/Zedboard-CNC/Zedboard-CNC.srcs/constrs_1/new/cnc_constraints.xdc:103]
Resolution: A valid end point is a data pin of a sequential cell or a primary output or inout port. Please validate that all the objects returned by your query belong to this list.
WARNING: [Constraints 18-401] set_multicycle_path: 'CNC_Top_i/XYZ_Axis_Coordinator/inst/cycles_per_step_y_result1__0_i_58' is not a valid endpoint. [E:/Git-Repos/CNC-FPGA/Zedboard-CNC/Zedboard-CNC.srcs/constrs_1/new/cnc_constraints.xdc:103]
Resolution: A valid end point is a data pin of a sequential cell or a primary output or inout port. Please validate that all the objects returned by your query belong to this list.
WARNING: [Constraints 18-401] set_multicycle_path: 'CNC_Top_i/XYZ_Axis_Coordinator/inst/cycles_per_step_y_result1__0_i_59' is not a valid endpoint. [E:/Git-Repos/CNC-FPGA/Zedboard-CNC/Zedboard-CNC.srcs/constrs_1/new/cnc_constraints.xdc:103]
Resolution: A valid end point is a data pin of a sequential cell or a primary output or inout port. Please validate that all the objects returned by your query belong to this list.
WARNING: [Constraints 18-401] set_multicycle_path: 'CNC_Top_i/XYZ_Axis_Coordinator/inst/cycles_per_step_y_result1__0_i_6' is not a valid endpoint. [E:/Git-Repos/CNC-FPGA/Zedboard-CNC/Zedboard-CNC.srcs/constrs_1/new/cnc_constraints.xdc:103]
Resolution: A valid end point is a data pin of a sequential cell or a primary output or inout port. Please validate that all the objects returned by your query belong to this list.
WARNING: [Constraints 18-401] set_multicycle_path: 'CNC_Top_i/XYZ_Axis_Coordinator/inst/cycles_per_step_y_result1__0_i_60' is not a valid endpoint. [E:/Git-Repos/CNC-FPGA/Zedboard-CNC/Zedboard-CNC.srcs/constrs_1/new/cnc_constraints.xdc:103]
Resolution: A valid end point is a data pin of a sequential cell or a primary output or inout port. Please validate that all the objects returned by your query belong to this list.
WARNING: [Constraints 18-401] set_multicycle_path: 'CNC_Top_i/XYZ_Axis_Coordinator/inst/cycles_per_step_y_result1__0_i_61' is not a valid endpoint. [E:/Git-Repos/CNC-FPGA/Zedboard-CNC/Zedboard-CNC.srcs/constrs_1/new/cnc_constraints.xdc:103]
Resolution: A valid end point is a data pin of a sequential cell or a primary output or inout port. Please validate that all the objects returned by your query belong to this list.
WARNING: [Constraints 18-401] set_multicycle_path: 'CNC_Top_i/XYZ_Axis_Coordinator/inst/cycles_per_step_y_result1__0_i_62' is not a valid endpoint. [E:/Git-Repos/CNC-FPGA/Zedboard-CNC/Zedboard-CNC.srcs/constrs_1/new/cnc_constraints.xdc:103]
Resolution: A valid end point is a data pin of a sequential cell or a primary output or inout port. Please validate that all the objects returned by your query belong to this list.
WARNING: [Constraints 18-401] set_multicycle_path: 'CNC_Top_i/XYZ_Axis_Coordinator/inst/cycles_per_step_y_result1__0_i_63' is not a valid endpoint. [E:/Git-Repos/CNC-FPGA/Zedboard-CNC/Zedboard-CNC.srcs/constrs_1/new/cnc_constraints.xdc:103]
Resolution: A valid end point is a data pin of a sequential cell or a primary output or inout port. Please validate that all the objects returned by your query belong to this list.
WARNING: [Constraints 18-401] set_multicycle_path: 'CNC_Top_i/XYZ_Axis_Coordinator/inst/cycles_per_step_y_result1__0_i_64' is not a valid endpoint. [E:/Git-Repos/CNC-FPGA/Zedboard-CNC/Zedboard-CNC.srcs/constrs_1/new/cnc_constraints.xdc:103]
Resolution: A valid end point is a data pin of a sequential cell or a primary output or inout port. Please validate that all the objects returned by your query belong to this list.
WARNING: [Constraints 18-401] set_multicycle_path: 'CNC_Top_i/XYZ_Axis_Coordinator/inst/cycles_per_step_y_result1__0_i_65' is not a valid endpoint. [E:/Git-Repos/CNC-FPGA/Zedboard-CNC/Zedboard-CNC.srcs/constrs_1/new/cnc_constraints.xdc:103]
Resolution: A valid end point is a data pin of a sequential cell or a primary output or inout port. Please validate that all the objects returned by your query belong to this list.
WARNING: [Constraints 18-401] set_multicycle_path: 'CNC_Top_i/XYZ_Axis_Coordinator/inst/cycles_per_step_y_result1__0_i_66' is not a valid endpoint. [E:/Git-Repos/CNC-FPGA/Zedboard-CNC/Zedboard-CNC.srcs/constrs_1/new/cnc_constraints.xdc:103]
Resolution: A valid end point is a data pin of a sequential cell or a primary output or inout port. Please validate that all the objects returned by your query belong to this list.
WARNING: [Constraints 18-401] set_multicycle_path: 'CNC_Top_i/XYZ_Axis_Coordinator/inst/cycles_per_step_y_result1__0_i_67' is not a valid endpoint. [E:/Git-Repos/CNC-FPGA/Zedboard-CNC/Zedboard-CNC.srcs/constrs_1/new/cnc_constraints.xdc:103]
Resolution: A valid end point is a data pin of a sequential cell or a primary output or inout port. Please validate that all the objects returned by your query belong to this list.
WARNING: [Constraints 18-401] set_multicycle_path: 'CNC_Top_i/XYZ_Axis_Coordinator/inst/cycles_per_step_y_result1__0_i_68' is not a valid endpoint. [E:/Git-Repos/CNC-FPGA/Zedboard-CNC/Zedboard-CNC.srcs/constrs_1/new/cnc_constraints.xdc:103]
Resolution: A valid end point is a data pin of a sequential cell or a primary output or inout port. Please validate that all the objects returned by your query belong to this list.
WARNING: [Constraints 18-401] set_multicycle_path: 'CNC_Top_i/XYZ_Axis_Coordinator/inst/cycles_per_step_y_result1__0_i_69' is not a valid endpoint. [E:/Git-Repos/CNC-FPGA/Zedboard-CNC/Zedboard-CNC.srcs/constrs_1/new/cnc_constraints.xdc:103]
Resolution: A valid end point is a data pin of a sequential cell or a primary output or inout port. Please validate that all the objects returned by your query belong to this list.
WARNING: [Constraints 18-401] set_multicycle_path: 'CNC_Top_i/XYZ_Axis_Coordinator/inst/cycles_per_step_y_result1__0_i_7' is not a valid endpoint. [E:/Git-Repos/CNC-FPGA/Zedboard-CNC/Zedboard-CNC.srcs/constrs_1/new/cnc_constraints.xdc:103]
Resolution: A valid end point is a data pin of a sequential cell or a primary output or inout port. Please validate that all the objects returned by your query belong to this list.
WARNING: [Constraints 18-401] set_multicycle_path: 'CNC_Top_i/XYZ_Axis_Coordinator/inst/cycles_per_step_y_result1__0_i_70' is not a valid endpoint. [E:/Git-Repos/CNC-FPGA/Zedboard-CNC/Zedboard-CNC.srcs/constrs_1/new/cnc_constraints.xdc:103]
Resolution: A valid end point is a data pin of a sequential cell or a primary output or inout port. Please validate that all the objects returned by your query belong to this list.
WARNING: [Constraints 18-401] set_multicycle_path: 'CNC_Top_i/XYZ_Axis_Coordinator/inst/cycles_per_step_y_result1__0_i_71' is not a valid endpoint. [E:/Git-Repos/CNC-FPGA/Zedboard-CNC/Zedboard-CNC.srcs/constrs_1/new/cnc_constraints.xdc:103]
Resolution: A valid end point is a data pin of a sequential cell or a primary output or inout port. Please validate that all the objects returned by your query belong to this list.
WARNING: [Constraints 18-401] set_multicycle_path: 'CNC_Top_i/XYZ_Axis_Coordinator/inst/cycles_per_step_y_result1__0_i_8' is not a valid endpoint. [E:/Git-Repos/CNC-FPGA/Zedboard-CNC/Zedboard-CNC.srcs/constrs_1/new/cnc_constraints.xdc:103]
Resolution: A valid end point is a data pin of a sequential cell or a primary output or inout port. Please validate that all the objects returned by your query belong to this list.
WARNING: [Constraints 18-401] set_multicycle_path: 'CNC_Top_i/XYZ_Axis_Coordinator/inst/cycles_per_step_y_result1__0_i_9' is not a valid endpoint. [E:/Git-Repos/CNC-FPGA/Zedboard-CNC/Zedboard-CNC.srcs/constrs_1/new/cnc_constraints.xdc:103]
Resolution: A valid end point is a data pin of a sequential cell or a primary output or inout port. Please validate that all the objects returned by your query belong to this list.
WARNING: [Constraints 18-401] set_multicycle_path: 'CNC_Top_i/XYZ_Axis_Coordinator/inst/cycles_per_step_y_result1_i_1' is not a valid endpoint. [E:/Git-Repos/CNC-FPGA/Zedboard-CNC/Zedboard-CNC.srcs/constrs_1/new/cnc_constraints.xdc:103]
Resolution: A valid end point is a data pin of a sequential cell or a primary output or inout port. Please validate that all the objects returned by your query belong to this list.
WARNING: [Constraints 18-401] set_multicycle_path: 'CNC_Top_i/XYZ_Axis_Coordinator/inst/cycles_per_step_y_result1_i_10' is not a valid endpoint. [E:/Git-Repos/CNC-FPGA/Zedboard-CNC/Zedboard-CNC.srcs/constrs_1/new/cnc_constraints.xdc:103]
Resolution: A valid end point is a data pin of a sequential cell or a primary output or inout port. Please validate that all the objects returned by your query belong to this list.
WARNING: [Constraints 18-401] set_multicycle_path: 'CNC_Top_i/XYZ_Axis_Coordinator/inst/cycles_per_step_y_result1_i_11' is not a valid endpoint. [E:/Git-Repos/CNC-FPGA/Zedboard-CNC/Zedboard-CNC.srcs/constrs_1/new/cnc_constraints.xdc:103]
Resolution: A valid end point is a data pin of a sequential cell or a primary output or inout port. Please validate that all the objects returned by your query belong to this list.
WARNING: [Constraints 18-401] set_multicycle_path: 'CNC_Top_i/XYZ_Axis_Coordinator/inst/cycles_per_step_y_result1_i_12' is not a valid endpoint. [E:/Git-Repos/CNC-FPGA/Zedboard-CNC/Zedboard-CNC.srcs/constrs_1/new/cnc_constraints.xdc:103]
Resolution: A valid end point is a data pin of a sequential cell or a primary output or inout port. Please validate that all the objects returned by your query belong to this list.
WARNING: [Constraints 18-401] set_multicycle_path: 'CNC_Top_i/XYZ_Axis_Coordinator/inst/cycles_per_step_y_result1_i_13' is not a valid endpoint. [E:/Git-Repos/CNC-FPGA/Zedboard-CNC/Zedboard-CNC.srcs/constrs_1/new/cnc_constraints.xdc:103]
Resolution: A valid end point is a data pin of a sequential cell or a primary output or inout port. Please validate that all the objects returned by your query belong to this list.
WARNING: [Constraints 18-401] set_multicycle_path: 'CNC_Top_i/XYZ_Axis_Coordinator/inst/cycles_per_step_y_result1_i_14' is not a valid endpoint. [E:/Git-Repos/CNC-FPGA/Zedboard-CNC/Zedboard-CNC.srcs/constrs_1/new/cnc_constraints.xdc:103]
Resolution: A valid end point is a data pin of a sequential cell or a primary output or inout port. Please validate that all the objects returned by your query belong to this list.
WARNING: [Constraints 18-401] set_multicycle_path: 'CNC_Top_i/XYZ_Axis_Coordinator/inst/cycles_per_step_y_result1_i_15' is not a valid endpoint. [E:/Git-Repos/CNC-FPGA/Zedboard-CNC/Zedboard-CNC.srcs/constrs_1/new/cnc_constraints.xdc:103]
Resolution: A valid end point is a data pin of a sequential cell or a primary output or inout port. Please validate that all the objects returned by your query belong to this list.
WARNING: [Constraints 18-401] set_multicycle_path: 'CNC_Top_i/XYZ_Axis_Coordinator/inst/cycles_per_step_y_result1_i_16' is not a valid endpoint. [E:/Git-Repos/CNC-FPGA/Zedboard-CNC/Zedboard-CNC.srcs/constrs_1/new/cnc_constraints.xdc:103]
Resolution: A valid end point is a data pin of a sequential cell or a primary output or inout port. Please validate that all the objects returned by your query belong to this list.
WARNING: [Constraints 18-401] set_multicycle_path: 'CNC_Top_i/XYZ_Axis_Coordinator/inst/cycles_per_step_y_result1_i_17' is not a valid endpoint. [E:/Git-Repos/CNC-FPGA/Zedboard-CNC/Zedboard-CNC.srcs/constrs_1/new/cnc_constraints.xdc:103]
Resolution: A valid end point is a data pin of a sequential cell or a primary output or inout port. Please validate that all the objects returned by your query belong to this list.
WARNING: [Constraints 18-401] set_multicycle_path: 'CNC_Top_i/XYZ_Axis_Coordinator/inst/cycles_per_step_y_result1_i_18' is not a valid endpoint. [E:/Git-Repos/CNC-FPGA/Zedboard-CNC/Zedboard-CNC.srcs/constrs_1/new/cnc_constraints.xdc:103]
Resolution: A valid end point is a data pin of a sequential cell or a primary output or inout port. Please validate that all the objects returned by your query belong to this list.
WARNING: [Constraints 18-401] set_multicycle_path: 'CNC_Top_i/XYZ_Axis_Coordinator/inst/cycles_per_step_y_result1_i_19' is not a valid endpoint. [E:/Git-Repos/CNC-FPGA/Zedboard-CNC/Zedboard-CNC.srcs/constrs_1/new/cnc_constraints.xdc:103]
Resolution: A valid end point is a data pin of a sequential cell or a primary output or inout port. Please validate that all the objects returned by your query belong to this list.
WARNING: [Constraints 18-401] set_multicycle_path: 'CNC_Top_i/XYZ_Axis_Coordinator/inst/cycles_per_step_y_result1_i_2' is not a valid endpoint. [E:/Git-Repos/CNC-FPGA/Zedboard-CNC/Zedboard-CNC.srcs/constrs_1/new/cnc_constraints.xdc:103]
Resolution: A valid end point is a data pin of a sequential cell or a primary output or inout port. Please validate that all the objects returned by your query belong to this list.
WARNING: [Constraints 18-401] set_multicycle_path: 'CNC_Top_i/XYZ_Axis_Coordinator/inst/cycles_per_step_y_result1_i_20' is not a valid endpoint. [E:/Git-Repos/CNC-FPGA/Zedboard-CNC/Zedboard-CNC.srcs/constrs_1/new/cnc_constraints.xdc:103]
Resolution: A valid end point is a data pin of a sequential cell or a primary output or inout port. Please validate that all the objects returned by your query belong to this list.
WARNING: [Constraints 18-401] set_multicycle_path: 'CNC_Top_i/XYZ_Axis_Coordinator/inst/cycles_per_step_y_result1_i_21' is not a valid endpoint. [E:/Git-Repos/CNC-FPGA/Zedboard-CNC/Zedboard-CNC.srcs/constrs_1/new/cnc_constraints.xdc:103]
Resolution: A valid end point is a data pin of a sequential cell or a primary output or inout port. Please validate that all the objects returned by your query belong to this list.
WARNING: [Constraints 18-401] set_multicycle_path: 'CNC_Top_i/XYZ_Axis_Coordinator/inst/cycles_per_step_y_result1_i_22' is not a valid endpoint. [E:/Git-Repos/CNC-FPGA/Zedboard-CNC/Zedboard-CNC.srcs/constrs_1/new/cnc_constraints.xdc:103]
Resolution: A valid end point is a data pin of a sequential cell or a primary output or inout port. Please validate that all the objects returned by your query belong to this list.
WARNING: [Constraints 18-401] set_multicycle_path: 'CNC_Top_i/XYZ_Axis_Coordinator/inst/cycles_per_step_y_result1_i_23' is not a valid endpoint. [E:/Git-Repos/CNC-FPGA/Zedboard-CNC/Zedboard-CNC.srcs/constrs_1/new/cnc_constraints.xdc:103]
Resolution: A valid end point is a data pin of a sequential cell or a primary output or inout port. Please validate that all the objects returned by your query belong to this list.
WARNING: [Constraints 18-401] set_multicycle_path: 'CNC_Top_i/XYZ_Axis_Coordinator/inst/cycles_per_step_y_result1_i_24' is not a valid endpoint. [E:/Git-Repos/CNC-FPGA/Zedboard-CNC/Zedboard-CNC.srcs/constrs_1/new/cnc_constraints.xdc:103]
Resolution: A valid end point is a data pin of a sequential cell or a primary output or inout port. Please validate that all the objects returned by your query belong to this list.
WARNING: [Constraints 18-401] set_multicycle_path: 'CNC_Top_i/XYZ_Axis_Coordinator/inst/cycles_per_step_y_result1_i_25' is not a valid endpoint. [E:/Git-Repos/CNC-FPGA/Zedboard-CNC/Zedboard-CNC.srcs/constrs_1/new/cnc_constraints.xdc:103]
Resolution: A valid end point is a data pin of a sequential cell or a primary output or inout port. Please validate that all the objects returned by your query belong to this list.
WARNING: [Constraints 18-401] set_multicycle_path: 'CNC_Top_i/XYZ_Axis_Coordinator/inst/cycles_per_step_y_result1_i_26' is not a valid endpoint. [E:/Git-Repos/CNC-FPGA/Zedboard-CNC/Zedboard-CNC.srcs/constrs_1/new/cnc_constraints.xdc:103]
Resolution: A valid end point is a data pin of a sequential cell or a primary output or inout port. Please validate that all the objects returned by your query belong to this list.
WARNING: [Constraints 18-401] set_multicycle_path: 'CNC_Top_i/XYZ_Axis_Coordinator/inst/cycles_per_step_y_result1_i_27' is not a valid endpoint. [E:/Git-Repos/CNC-FPGA/Zedboard-CNC/Zedboard-CNC.srcs/constrs_1/new/cnc_constraints.xdc:103]
Resolution: A valid end point is a data pin of a sequential cell or a primary output or inout port. Please validate that all the objects returned by your query belong to this list.
WARNING: [Constraints 18-401] set_multicycle_path: 'CNC_Top_i/XYZ_Axis_Coordinator/inst/cycles_per_step_y_result1_i_28' is not a valid endpoint. [E:/Git-Repos/CNC-FPGA/Zedboard-CNC/Zedboard-CNC.srcs/constrs_1/new/cnc_constraints.xdc:103]
Resolution: A valid end point is a data pin of a sequential cell or a primary output or inout port. Please validate that all the objects returned by your query belong to this list.
WARNING: [Constraints 18-401] set_multicycle_path: 'CNC_Top_i/XYZ_Axis_Coordinator/inst/cycles_per_step_y_result1_i_29' is not a valid endpoint. [E:/Git-Repos/CNC-FPGA/Zedboard-CNC/Zedboard-CNC.srcs/constrs_1/new/cnc_constraints.xdc:103]
Resolution: A valid end point is a data pin of a sequential cell or a primary output or inout port. Please validate that all the objects returned by your query belong to this list.
WARNING: [Constraints 18-401] set_multicycle_path: 'CNC_Top_i/XYZ_Axis_Coordinator/inst/cycles_per_step_y_result1_i_3' is not a valid endpoint. [E:/Git-Repos/CNC-FPGA/Zedboard-CNC/Zedboard-CNC.srcs/constrs_1/new/cnc_constraints.xdc:103]
Resolution: A valid end point is a data pin of a sequential cell or a primary output or inout port. Please validate that all the objects returned by your query belong to this list.
WARNING: [Constraints 18-401] set_multicycle_path: 'CNC_Top_i/XYZ_Axis_Coordinator/inst/cycles_per_step_y_result1_i_30' is not a valid endpoint. [E:/Git-Repos/CNC-FPGA/Zedboard-CNC/Zedboard-CNC.srcs/constrs_1/new/cnc_constraints.xdc:103]
Resolution: A valid end point is a data pin of a sequential cell or a primary output or inout port. Please validate that all the objects returned by your query belong to this list.
WARNING: [Constraints 18-401] set_multicycle_path: 'CNC_Top_i/XYZ_Axis_Coordinator/inst/cycles_per_step_y_result1_i_31' is not a valid endpoint. [E:/Git-Repos/CNC-FPGA/Zedboard-CNC/Zedboard-CNC.srcs/constrs_1/new/cnc_constraints.xdc:103]
Resolution: A valid end point is a data pin of a sequential cell or a primary output or inout port. Please validate that all the objects returned by your query belong to this list.
WARNING: [Constraints 18-401] set_multicycle_path: 'CNC_Top_i/XYZ_Axis_Coordinator/inst/cycles_per_step_y_result1_i_32' is not a valid endpoint. [E:/Git-Repos/CNC-FPGA/Zedboard-CNC/Zedboard-CNC.srcs/constrs_1/new/cnc_constraints.xdc:103]
Resolution: A valid end point is a data pin of a sequential cell or a primary output or inout port. Please validate that all the objects returned by your query belong to this list.
WARNING: [Constraints 18-401] set_multicycle_path: 'CNC_Top_i/XYZ_Axis_Coordinator/inst/cycles_per_step_y_result1_i_33' is not a valid endpoint. [E:/Git-Repos/CNC-FPGA/Zedboard-CNC/Zedboard-CNC.srcs/constrs_1/new/cnc_constraints.xdc:103]
Resolution: A valid end point is a data pin of a sequential cell or a primary output or inout port. Please validate that all the objects returned by your query belong to this list.
WARNING: [Constraints 18-401] set_multicycle_path: 'CNC_Top_i/XYZ_Axis_Coordinator/inst/cycles_per_step_y_result1_i_34' is not a valid endpoint. [E:/Git-Repos/CNC-FPGA/Zedboard-CNC/Zedboard-CNC.srcs/constrs_1/new/cnc_constraints.xdc:103]
Resolution: A valid end point is a data pin of a sequential cell or a primary output or inout port. Please validate that all the objects returned by your query belong to this list.
WARNING: [Constraints 18-401] set_multicycle_path: 'CNC_Top_i/XYZ_Axis_Coordinator/inst/cycles_per_step_y_result1_i_35' is not a valid endpoint. [E:/Git-Repos/CNC-FPGA/Zedboard-CNC/Zedboard-CNC.srcs/constrs_1/new/cnc_constraints.xdc:103]
Resolution: A valid end point is a data pin of a sequential cell or a primary output or inout port. Please validate that all the objects returned by your query belong to this list.
INFO: [Common 17-14] Message 'Constraints 18-401' appears 100 times and further instances of the messages will be disabled. Use the Tcl command set_msg_config to change the current settings. [E:/Git-Repos/CNC-FPGA/Zedboard-CNC/Zedboard-CNC.srcs/constrs_1/new/cnc_constraints.xdc:103]
WARNING: [Constraints 18-402] set_multicycle_path: 'CNC_Top_i/XYZ_Axis_Coordinator/inst/curr_pos_x_reg[13]_i_1' is not a valid startpoint. [E:/Git-Repos/CNC-FPGA/Zedboard-CNC/Zedboard-CNC.srcs/constrs_1/new/cnc_constraints.xdc:109]
Resolution: A valid start point is a main or generated clock pin or port, a clock pin of a sequential cell, or a primary input or inout port. Please validate that all the objects returned by your query belong to this list.
WARNING: [Constraints 18-402] set_multicycle_path: 'CNC_Top_i/XYZ_Axis_Coordinator/inst/curr_pos_x_reg[17]_i_1' is not a valid startpoint. [E:/Git-Repos/CNC-FPGA/Zedboard-CNC/Zedboard-CNC.srcs/constrs_1/new/cnc_constraints.xdc:109]
Resolution: A valid start point is a main or generated clock pin or port, a clock pin of a sequential cell, or a primary input or inout port. Please validate that all the objects returned by your query belong to this list.
WARNING: [Constraints 18-402] set_multicycle_path: 'CNC_Top_i/XYZ_Axis_Coordinator/inst/curr_pos_x_reg[1]_i_2' is not a valid startpoint. [E:/Git-Repos/CNC-FPGA/Zedboard-CNC/Zedboard-CNC.srcs/constrs_1/new/cnc_constraints.xdc:109]
Resolution: A valid start point is a main or generated clock pin or port, a clock pin of a sequential cell, or a primary input or inout port. Please validate that all the objects returned by your query belong to this list.
WARNING: [Constraints 18-402] set_multicycle_path: 'CNC_Top_i/XYZ_Axis_Coordinator/inst/curr_pos_x_reg[21]_i_1' is not a valid startpoint. [E:/Git-Repos/CNC-FPGA/Zedboard-CNC/Zedboard-CNC.srcs/constrs_1/new/cnc_constraints.xdc:109]
Resolution: A valid start point is a main or generated clock pin or port, a clock pin of a sequential cell, or a primary input or inout port. Please validate that all the objects returned by your query belong to this list.
WARNING: [Constraints 18-402] set_multicycle_path: 'CNC_Top_i/XYZ_Axis_Coordinator/inst/curr_pos_x_reg[25]_i_1' is not a valid startpoint. [E:/Git-Repos/CNC-FPGA/Zedboard-CNC/Zedboard-CNC.srcs/constrs_1/new/cnc_constraints.xdc:109]
Resolution: A valid start point is a main or generated clock pin or port, a clock pin of a sequential cell, or a primary input or inout port. Please validate that all the objects returned by your query belong to this list.
WARNING: [Constraints 18-402] set_multicycle_path: 'CNC_Top_i/XYZ_Axis_Coordinator/inst/curr_pos_x_reg[29]_i_1' is not a valid startpoint. [E:/Git-Repos/CNC-FPGA/Zedboard-CNC/Zedboard-CNC.srcs/constrs_1/new/cnc_constraints.xdc:109]
Resolution: A valid start point is a main or generated clock pin or port, a clock pin of a sequential cell, or a primary input or inout port. Please validate that all the objects returned by your query belong to this list.
WARNING: [Constraints 18-402] set_multicycle_path: 'CNC_Top_i/XYZ_Axis_Coordinator/inst/curr_pos_x_reg[5]_i_1' is not a valid startpoint. [E:/Git-Repos/CNC-FPGA/Zedboard-CNC/Zedboard-CNC.srcs/constrs_1/new/cnc_constraints.xdc:109]
Resolution: A valid start point is a main or generated clock pin or port, a clock pin of a sequential cell, or a primary input or inout port. Please validate that all the objects returned by your query belong to this list.
WARNING: [Constraints 18-402] set_multicycle_path: 'CNC_Top_i/XYZ_Axis_Coordinator/inst/curr_pos_x_reg[9]_i_1' is not a valid startpoint. [E:/Git-Repos/CNC-FPGA/Zedboard-CNC/Zedboard-CNC.srcs/constrs_1/new/cnc_constraints.xdc:109]
Resolution: A valid start point is a main or generated clock pin or port, a clock pin of a sequential cell, or a primary input or inout port. Please validate that all the objects returned by your query belong to this list.
WARNING: [Constraints 18-402] set_multicycle_path: 'CNC_Top_i/XYZ_Axis_Coordinator/inst/curr_pos_y_reg[13]_i_1' is not a valid startpoint. [E:/Git-Repos/CNC-FPGA/Zedboard-CNC/Zedboard-CNC.srcs/constrs_1/new/cnc_constraints.xdc:109]
Resolution: A valid start point is a main or generated clock pin or port, a clock pin of a sequential cell, or a primary input or inout port. Please validate that all the objects returned by your query belong to this list.
WARNING: [Constraints 18-402] set_multicycle_path: 'CNC_Top_i/XYZ_Axis_Coordinator/inst/curr_pos_y_reg[17]_i_1' is not a valid startpoint. [E:/Git-Repos/CNC-FPGA/Zedboard-CNC/Zedboard-CNC.srcs/constrs_1/new/cnc_constraints.xdc:109]
Resolution: A valid start point is a main or generated clock pin or port, a clock pin of a sequential cell, or a primary input or inout port. Please validate that all the objects returned by your query belong to this list.
WARNING: [Constraints 18-402] set_multicycle_path: 'CNC_Top_i/XYZ_Axis_Coordinator/inst/curr_pos_y_reg[1]_i_2' is not a valid startpoint. [E:/Git-Repos/CNC-FPGA/Zedboard-CNC/Zedboard-CNC.srcs/constrs_1/new/cnc_constraints.xdc:109]
Resolution: A valid start point is a main or generated clock pin or port, a clock pin of a sequential cell, or a primary input or inout port. Please validate that all the objects returned by your query belong to this list.
WARNING: [Constraints 18-402] set_multicycle_path: 'CNC_Top_i/XYZ_Axis_Coordinator/inst/curr_pos_y_reg[21]_i_1' is not a valid startpoint. [E:/Git-Repos/CNC-FPGA/Zedboard-CNC/Zedboard-CNC.srcs/constrs_1/new/cnc_constraints.xdc:109]
Resolution: A valid start point is a main or generated clock pin or port, a clock pin of a sequential cell, or a primary input or inout port. Please validate that all the objects returned by your query belong to this list.
WARNING: [Constraints 18-402] set_multicycle_path: 'CNC_Top_i/XYZ_Axis_Coordinator/inst/curr_pos_y_reg[25]_i_1' is not a valid startpoint. [E:/Git-Repos/CNC-FPGA/Zedboard-CNC/Zedboard-CNC.srcs/constrs_1/new/cnc_constraints.xdc:109]
Resolution: A valid start point is a main or generated clock pin or port, a clock pin of a sequential cell, or a primary input or inout port. Please validate that all the objects returned by your query belong to this list.
WARNING: [Constraints 18-402] set_multicycle_path: 'CNC_Top_i/XYZ_Axis_Coordinator/inst/curr_pos_y_reg[29]_i_1' is not a valid startpoint. [E:/Git-Repos/CNC-FPGA/Zedboard-CNC/Zedboard-CNC.srcs/constrs_1/new/cnc_constraints.xdc:109]
Resolution: A valid start point is a main or generated clock pin or port, a clock pin of a sequential cell, or a primary input or inout port. Please validate that all the objects returned by your query belong to this list.
WARNING: [Constraints 18-402] set_multicycle_path: 'CNC_Top_i/XYZ_Axis_Coordinator/inst/curr_pos_y_reg[5]_i_1' is not a valid startpoint. [E:/Git-Repos/CNC-FPGA/Zedboard-CNC/Zedboard-CNC.srcs/constrs_1/new/cnc_constraints.xdc:109]
Resolution: A valid start point is a main or generated clock pin or port, a clock pin of a sequential cell, or a primary input or inout port. Please validate that all the objects returned by your query belong to this list.
WARNING: [Constraints 18-402] set_multicycle_path: 'CNC_Top_i/XYZ_Axis_Coordinator/inst/curr_pos_y_reg[9]_i_1' is not a valid startpoint. [E:/Git-Repos/CNC-FPGA/Zedboard-CNC/Zedboard-CNC.srcs/constrs_1/new/cnc_constraints.xdc:109]
Resolution: A valid start point is a main or generated clock pin or port, a clock pin of a sequential cell, or a primary input or inout port. Please validate that all the objects returned by your query belong to this list.
WARNING: [Constraints 18-402] set_multicycle_path: 'CNC_Top_i/XYZ_Axis_Coordinator/inst/curr_pos_z_reg[0]_i_11' is not a valid startpoint. [E:/Git-Repos/CNC-FPGA/Zedboard-CNC/Zedboard-CNC.srcs/constrs_1/new/cnc_constraints.xdc:109]
Resolution: A valid start point is a main or generated clock pin or port, a clock pin of a sequential cell, or a primary input or inout port. Please validate that all the objects returned by your query belong to this list.
WARNING: [Constraints 18-402] set_multicycle_path: 'CNC_Top_i/XYZ_Axis_Coordinator/inst/curr_pos_z_reg[0]_i_2' is not a valid startpoint. [E:/Git-Repos/CNC-FPGA/Zedboard-CNC/Zedboard-CNC.srcs/constrs_1/new/cnc_constraints.xdc:109]
Resolution: A valid start point is a main or generated clock pin or port, a clock pin of a sequential cell, or a primary input or inout port. Please validate that all the objects returned by your query belong to this list.
WARNING: [Constraints 18-402] set_multicycle_path: 'CNC_Top_i/XYZ_Axis_Coordinator/inst/curr_pos_z_reg[0]_i_20' is not a valid startpoint. [E:/Git-Repos/CNC-FPGA/Zedboard-CNC/Zedboard-CNC.srcs/constrs_1/new/cnc_constraints.xdc:109]
Resolution: A valid start point is a main or generated clock pin or port, a clock pin of a sequential cell, or a primary input or inout port. Please validate that all the objects returned by your query belong to this list.
WARNING: [Constraints 18-402] set_multicycle_path: 'CNC_Top_i/XYZ_Axis_Coordinator/inst/curr_pos_z_reg[0]_i_29' is not a valid startpoint. [E:/Git-Repos/CNC-FPGA/Zedboard-CNC/Zedboard-CNC.srcs/constrs_1/new/cnc_constraints.xdc:109]
Resolution: A valid start point is a main or generated clock pin or port, a clock pin of a sequential cell, or a primary input or inout port. Please validate that all the objects returned by your query belong to this list.
WARNING: [Constraints 18-402] set_multicycle_path: 'CNC_Top_i/XYZ_Axis_Coordinator/inst/curr_pos_z_reg[0]_i_5' is not a valid startpoint. [E:/Git-Repos/CNC-FPGA/Zedboard-CNC/Zedboard-CNC.srcs/constrs_1/new/cnc_constraints.xdc:109]
Resolution: A valid start point is a main or generated clock pin or port, a clock pin of a sequential cell, or a primary input or inout port. Please validate that all the objects returned by your query belong to this list.
WARNING: [Constraints 18-402] set_multicycle_path: 'CNC_Top_i/XYZ_Axis_Coordinator/inst/curr_pos_z_reg[12]_i_1' is not a valid startpoint. [E:/Git-Repos/CNC-FPGA/Zedboard-CNC/Zedboard-CNC.srcs/constrs_1/new/cnc_constraints.xdc:109]
Resolution: A valid start point is a main or generated clock pin or port, a clock pin of a sequential cell, or a primary input or inout port. Please validate that all the objects returned by your query belong to this list.
WARNING: [Constraints 18-402] set_multicycle_path: 'CNC_Top_i/XYZ_Axis_Coordinator/inst/curr_pos_z_reg[16]_i_1' is not a valid startpoint. [E:/Git-Repos/CNC-FPGA/Zedboard-CNC/Zedboard-CNC.srcs/constrs_1/new/cnc_constraints.xdc:109]
Resolution: A valid start point is a main or generated clock pin or port, a clock pin of a sequential cell, or a primary input or inout port. Please validate that all the objects returned by your query belong to this list.
WARNING: [Constraints 18-402] set_multicycle_path: 'CNC_Top_i/XYZ_Axis_Coordinator/inst/curr_pos_z_reg[20]_i_1' is not a valid startpoint. [E:/Git-Repos/CNC-FPGA/Zedboard-CNC/Zedboard-CNC.srcs/constrs_1/new/cnc_constraints.xdc:109]
Resolution: A valid start point is a main or generated clock pin or port, a clock pin of a sequential cell, or a primary input or inout port. Please validate that all the objects returned by your query belong to this list.
WARNING: [Constraints 18-402] set_multicycle_path: 'CNC_Top_i/XYZ_Axis_Coordinator/inst/curr_pos_z_reg[24]_i_1' is not a valid startpoint. [E:/Git-Repos/CNC-FPGA/Zedboard-CNC/Zedboard-CNC.srcs/constrs_1/new/cnc_constraints.xdc:109]
Resolution: A valid start point is a main or generated clock pin or port, a clock pin of a sequential cell, or a primary input or inout port. Please validate that all the objects returned by your query belong to this list.
WARNING: [Constraints 18-402] set_multicycle_path: 'CNC_Top_i/XYZ_Axis_Coordinator/inst/curr_pos_z_reg[28]_i_1' is not a valid startpoint. [E:/Git-Repos/CNC-FPGA/Zedboard-CNC/Zedboard-CNC.srcs/constrs_1/new/cnc_constraints.xdc:109]
Resolution: A valid start point is a main or generated clock pin or port, a clock pin of a sequential cell, or a primary input or inout port. Please validate that all the objects returned by your query belong to this list.
WARNING: [Constraints 18-402] set_multicycle_path: 'CNC_Top_i/XYZ_Axis_Coordinator/inst/curr_pos_z_reg[4]_i_1' is not a valid startpoint. [E:/Git-Repos/CNC-FPGA/Zedboard-CNC/Zedboard-CNC.srcs/constrs_1/new/cnc_constraints.xdc:109]
Resolution: A valid start point is a main or generated clock pin or port, a clock pin of a sequential cell, or a primary input or inout port. Please validate that all the objects returned by your query belong to this list.
WARNING: [Constraints 18-402] set_multicycle_path: 'CNC_Top_i/XYZ_Axis_Coordinator/inst/curr_pos_z_reg[8]_i_1' is not a valid startpoint. [E:/Git-Repos/CNC-FPGA/Zedboard-CNC/Zedboard-CNC.srcs/constrs_1/new/cnc_constraints.xdc:109]
Resolution: A valid start point is a main or generated clock pin or port, a clock pin of a sequential cell, or a primary input or inout port. Please validate that all the objects returned by your query belong to this list.
WARNING: [Constraints 18-402] set_multicycle_path: 'CNC_Top_i/XYZ_Axis_Coordinator/inst/curr_pos_x_reg[13]_i_1' is not a valid startpoint. [E:/Git-Repos/CNC-FPGA/Zedboard-CNC/Zedboard-CNC.srcs/constrs_1/new/cnc_constraints.xdc:110]
Resolution: A valid start point is a main or generated clock pin or port, a clock pin of a sequential cell, or a primary input or inout port. Please validate that all the objects returned by your query belong to this list.
WARNING: [Constraints 18-402] set_multicycle_path: 'CNC_Top_i/XYZ_Axis_Coordinator/inst/curr_pos_x_reg[17]_i_1' is not a valid startpoint. [E:/Git-Repos/CNC-FPGA/Zedboard-CNC/Zedboard-CNC.srcs/constrs_1/new/cnc_constraints.xdc:110]
Resolution: A valid start point is a main or generated clock pin or port, a clock pin of a sequential cell, or a primary input or inout port. Please validate that all the objects returned by your query belong to this list.
WARNING: [Constraints 18-402] set_multicycle_path: 'CNC_Top_i/XYZ_Axis_Coordinator/inst/curr_pos_x_reg[1]_i_2' is not a valid startpoint. [E:/Git-Repos/CNC-FPGA/Zedboard-CNC/Zedboard-CNC.srcs/constrs_1/new/cnc_constraints.xdc:110]
Resolution: A valid start point is a main or generated clock pin or port, a clock pin of a sequential cell, or a primary input or inout port. Please validate that all the objects returned by your query belong to this list.
WARNING: [Constraints 18-402] set_multicycle_path: 'CNC_Top_i/XYZ_Axis_Coordinator/inst/curr_pos_x_reg[21]_i_1' is not a valid startpoint. [E:/Git-Repos/CNC-FPGA/Zedboard-CNC/Zedboard-CNC.srcs/constrs_1/new/cnc_constraints.xdc:110]
Resolution: A valid start point is a main or generated clock pin or port, a clock pin of a sequential cell, or a primary input or inout port. Please validate that all the objects returned by your query belong to this list.
WARNING: [Constraints 18-402] set_multicycle_path: 'CNC_Top_i/XYZ_Axis_Coordinator/inst/curr_pos_x_reg[25]_i_1' is not a valid startpoint. [E:/Git-Repos/CNC-FPGA/Zedboard-CNC/Zedboard-CNC.srcs/constrs_1/new/cnc_constraints.xdc:110]
Resolution: A valid start point is a main or generated clock pin or port, a clock pin of a sequential cell, or a primary input or inout port. Please validate that all the objects returned by your query belong to this list.
WARNING: [Constraints 18-402] set_multicycle_path: 'CNC_Top_i/XYZ_Axis_Coordinator/inst/curr_pos_x_reg[29]_i_1' is not a valid startpoint. [E:/Git-Repos/CNC-FPGA/Zedboard-CNC/Zedboard-CNC.srcs/constrs_1/new/cnc_constraints.xdc:110]
Resolution: A valid start point is a main or generated clock pin or port, a clock pin of a sequential cell, or a primary input or inout port. Please validate that all the objects returned by your query belong to this list.
WARNING: [Constraints 18-402] set_multicycle_path: 'CNC_Top_i/XYZ_Axis_Coordinator/inst/curr_pos_x_reg[5]_i_1' is not a valid startpoint. [E:/Git-Repos/CNC-FPGA/Zedboard-CNC/Zedboard-CNC.srcs/constrs_1/new/cnc_constraints.xdc:110]
Resolution: A valid start point is a main or generated clock pin or port, a clock pin of a sequential cell, or a primary input or inout port. Please validate that all the objects returned by your query belong to this list.
WARNING: [Constraints 18-402] set_multicycle_path: 'CNC_Top_i/XYZ_Axis_Coordinator/inst/curr_pos_x_reg[9]_i_1' is not a valid startpoint. [E:/Git-Repos/CNC-FPGA/Zedboard-CNC/Zedboard-CNC.srcs/constrs_1/new/cnc_constraints.xdc:110]
Resolution: A valid start point is a main or generated clock pin or port, a clock pin of a sequential cell, or a primary input or inout port. Please validate that all the objects returned by your query belong to this list.
WARNING: [Constraints 18-402] set_multicycle_path: 'CNC_Top_i/XYZ_Axis_Coordinator/inst/curr_pos_y_reg[13]_i_1' is not a valid startpoint. [E:/Git-Repos/CNC-FPGA/Zedboard-CNC/Zedboard-CNC.srcs/constrs_1/new/cnc_constraints.xdc:110]
Resolution: A valid start point is a main or generated clock pin or port, a clock pin of a sequential cell, or a primary input or inout port. Please validate that all the objects returned by your query belong to this list.
WARNING: [Constraints 18-402] set_multicycle_path: 'CNC_Top_i/XYZ_Axis_Coordinator/inst/curr_pos_y_reg[17]_i_1' is not a valid startpoint. [E:/Git-Repos/CNC-FPGA/Zedboard-CNC/Zedboard-CNC.srcs/constrs_1/new/cnc_constraints.xdc:110]
Resolution: A valid start point is a main or generated clock pin or port, a clock pin of a sequential cell, or a primary input or inout port. Please validate that all the objects returned by your query belong to this list.
WARNING: [Constraints 18-402] set_multicycle_path: 'CNC_Top_i/XYZ_Axis_Coordinator/inst/curr_pos_y_reg[1]_i_2' is not a valid startpoint. [E:/Git-Repos/CNC-FPGA/Zedboard-CNC/Zedboard-CNC.srcs/constrs_1/new/cnc_constraints.xdc:110]
Resolution: A valid start point is a main or generated clock pin or port, a clock pin of a sequential cell, or a primary input or inout port. Please validate that all the objects returned by your query belong to this list.
WARNING: [Constraints 18-402] set_multicycle_path: 'CNC_Top_i/XYZ_Axis_Coordinator/inst/curr_pos_y_reg[21]_i_1' is not a valid startpoint. [E:/Git-Repos/CNC-FPGA/Zedboard-CNC/Zedboard-CNC.srcs/constrs_1/new/cnc_constraints.xdc:110]
Resolution: A valid start point is a main or generated clock pin or port, a clock pin of a sequential cell, or a primary input or inout port. Please validate that all the objects returned by your query belong to this list.
WARNING: [Constraints 18-402] set_multicycle_path: 'CNC_Top_i/XYZ_Axis_Coordinator/inst/curr_pos_y_reg[25]_i_1' is not a valid startpoint. [E:/Git-Repos/CNC-FPGA/Zedboard-CNC/Zedboard-CNC.srcs/constrs_1/new/cnc_constraints.xdc:110]
Resolution: A valid start point is a main or generated clock pin or port, a clock pin of a sequential cell, or a primary input or inout port. Please validate that all the objects returned by your query belong to this list.
WARNING: [Constraints 18-402] set_multicycle_path: 'CNC_Top_i/XYZ_Axis_Coordinator/inst/curr_pos_y_reg[29]_i_1' is not a valid startpoint. [E:/Git-Repos/CNC-FPGA/Zedboard-CNC/Zedboard-CNC.srcs/constrs_1/new/cnc_constraints.xdc:110]
Resolution: A valid start point is a main or generated clock pin or port, a clock pin of a sequential cell, or a primary input or inout port. Please validate that all the objects returned by your query belong to this list.
WARNING: [Constraints 18-402] set_multicycle_path: 'CNC_Top_i/XYZ_Axis_Coordinator/inst/curr_pos_y_reg[5]_i_1' is not a valid startpoint. [E:/Git-Repos/CNC-FPGA/Zedboard-CNC/Zedboard-CNC.srcs/constrs_1/new/cnc_constraints.xdc:110]
Resolution: A valid start point is a main or generated clock pin or port, a clock pin of a sequential cell, or a primary input or inout port. Please validate that all the objects returned by your query belong to this list.
WARNING: [Constraints 18-402] set_multicycle_path: 'CNC_Top_i/XYZ_Axis_Coordinator/inst/curr_pos_y_reg[9]_i_1' is not a valid startpoint. [E:/Git-Repos/CNC-FPGA/Zedboard-CNC/Zedboard-CNC.srcs/constrs_1/new/cnc_constraints.xdc:110]
Resolution: A valid start point is a main or generated clock pin or port, a clock pin of a sequential cell, or a primary input or inout port. Please validate that all the objects returned by your query belong to this list.
INFO: [Common 17-14] Message 'Constraints 18-402' appears 100 times and further instances of the messages will be disabled. Use the Tcl command set_msg_config to change the current settings. [E:/Git-Repos/CNC-FPGA/Zedboard-CNC/Zedboard-CNC.srcs/constrs_1/new/cnc_constraints.xdc:110]
Finished Parsing XDC File [E:/Git-Repos/CNC-FPGA/Zedboard-CNC/Zedboard-CNC.srcs/constrs_1/new/cnc_constraints.xdc]
INFO: [Project 1-1714] 133 XPM XDC files have been applied to the design.
INFO: [Opt 31-138] Pushed 0 inverter(s) to 0 load pin(s).
INFO: [Project 1-1687] 1 scoped IP constraints or related sub-commands were skipped due to synthesis logic optimizations usually triggered by constant connectivity or unconnected output pins. To review the skipped constraints and messages, run the command 'set_param netlist.IPMsgFiltering false' before opening the design.
Netlist sorting complete. Time (s): cpu = 00:00:00 ; elapsed = 00:00:00.006 . Memory (MB): peak = 1656.848 ; gain = 0.000
INFO: [Project 1-111] Unisim Transformation Summary:
No Unisim elements were transformed.

16 Infos, 201 Warnings, 0 Critical Warnings and 0 Errors encountered.
link_design completed successfully
link_design: Time (s): cpu = 00:00:20 ; elapsed = 00:00:23 . Memory (MB): peak = 1656.848 ; gain = 1211.766
Command: opt_design -directive RuntimeOptimized
INFO: [Vivado_Tcl 4-136] Directive used for opt_design is: RuntimeOptimized
Attempting to get a license for feature 'Implementation' and/or device 'xc7z020'
INFO: [Common 17-349] Got license for feature 'Implementation' and/or device 'xc7z020'
Running DRC as a precondition to command opt_design

Starting DRC Task
INFO: [DRC 23-27] Running DRC with 2 threads
INFO: [Project 1-461] DRC finished with 0 Errors
INFO: [Project 1-462] Please refer to the DRC report (report_drc) for more information.

Time (s): cpu = 00:00:02 ; elapsed = 00:00:02 . Memory (MB): peak = 1656.848 ; gain = 0.000

Starting Logic Optimization Task

Phase 1 Initialization

Phase 1.1 Core Generation And Design Setup

Phase 1.1.1 Generate And Synthesize Debug Cores
INFO: [Chipscope 16-329] Generating Script for core instance : dbg_hub 
INFO: [IP_Flow 19-3806] Processing IP xilinx.com:ip:xsdbm:3.0 for cell dbg_hub_CV.
INFO: [Chipscope 16-469] Using cached IP synthesis design for IP xilinx.com:ip:xsdbm:3.0, cache-ID = 35f9a0fa91973c7b.
Done building netlist checker database: Time (s): cpu = 00:00:00 ; elapsed = 00:00:00.006 . Memory (MB): peak = 2010.797 ; gain = 0.000
Netlist sorting complete. Time (s): cpu = 00:00:00 ; elapsed = 00:00:00.027 . Memory (MB): peak = 2087.395 ; gain = 0.000
Phase 1.1.1 Generate And Synthesize Debug Cores | Checksum: 18ff67343

Time (s): cpu = 00:00:03 ; elapsed = 00:00:21 . Memory (MB): peak = 2087.395 ; gain = 107.375
Phase 1.1 Core Generation And Design Setup | Checksum: 18ff67343

Time (s): cpu = 00:00:03 ; elapsed = 00:00:21 . Memory (MB): peak = 2087.395 ; gain = 107.375

Phase 1.2 Setup Constraints And Sort Netlist
Phase 1.2 Setup Constraints And Sort Netlist | Checksum: 18ff67343

Time (s): cpu = 00:00:03 ; elapsed = 00:00:21 . Memory (MB): peak = 2087.395 ; gain = 107.375
Phase 1 Initialization | Checksum: 18ff67343

Time (s): cpu = 00:00:03 ; elapsed = 00:00:21 . Memory (MB): peak = 2087.395 ; gain = 107.375

Phase 2 Timer Update And Timing Data Collection

Phase 2.1 Timer Update
Phase 2.1 Timer Update | Checksum: 18ff67343

Time (s): cpu = 00:00:04 ; elapsed = 00:00:21 . Memory (MB): peak = 2087.395 ; gain = 107.375

Phase 2.2 Timing Data Collection
Phase 2.2 Timing Data Collection | Checksum: 18ff67343

Time (s): cpu = 00:00:04 ; elapsed = 00:00:22 . Memory (MB): peak = 2087.395 ; gain = 107.375
Phase 2 Timer Update And Timing Data Collection | Checksum: 18ff67343

Time (s): cpu = 00:00:04 ; elapsed = 00:00:22 . Memory (MB): peak = 2087.395 ; gain = 107.375

Phase 3 Retarget
INFO: [Opt 31-1851] Number of loadless carry chains removed were: 0
INFO: [Opt 31-1834] Total Chains To Be Transformed Were: 0 AND Number of Transformed insts Created are: 0
INFO: [Opt 31-138] Pushed 28 inverter(s) to 202 load pin(s).
INFO: [Opt 31-49] Retargeted 0 cell(s).
Phase 3 Retarget | Checksum: 20655f675

Time (s): cpu = 00:00:05 ; elapsed = 00:00:22 . Memory (MB): peak = 2087.395 ; gain = 107.375
Retarget | Checksum: 20655f675
INFO: [Opt 31-389] Phase Retarget created 1 cells and removed 60 cells
INFO: [Opt 31-1021] In phase Retarget, 351 netlist objects are constrained preventing optimization. Please run opt_design with -debug_log to get more detail. 

Phase 4 Constant propagation
INFO: [Opt 31-138] Pushed 0 inverter(s) to 0 load pin(s).
Phase 4 Constant propagation | Checksum: 25d39176a

Time (s): cpu = 00:00:05 ; elapsed = 00:00:22 . Memory (MB): peak = 2087.395 ; gain = 107.375
Constant propagation | Checksum: 25d39176a
INFO: [Opt 31-389] Phase Constant propagation created 0 cells and removed 0 cells
INFO: [Opt 31-1021] In phase Constant propagation, 350 netlist objects are constrained preventing optimization. Please run opt_design with -debug_log to get more detail. 

Phase 5 Sweep
INFO: [Constraints 18-11670] Building netlist checker database with flags, 0x8
Done building netlist checker database: Time (s): cpu = 00:00:00 ; elapsed = 00:00:00.008 . Memory (MB): peak = 2087.395 ; gain = 0.000
INFO: [Constraints 18-11670] Building netlist checker database with flags, 0x8
Done building netlist checker database: Time (s): cpu = 00:00:00 ; elapsed = 00:00:00.007 . Memory (MB): peak = 2087.395 ; gain = 0.000
Phase 5 Sweep | Checksum: 226d41d2d

Time (s): cpu = 00:00:08 ; elapsed = 00:00:25 . Memory (MB): peak = 2087.395 ; gain = 107.375
Sweep | Checksum: 226d41d2d
INFO: [Opt 31-389] Phase Sweep created 0 cells and removed 300 cells
INFO: [Opt 31-1021] In phase Sweep, 1274 netlist objects are constrained preventing optimization. Please run opt_design with -debug_log to get more detail. 

Phase 6 BUFG optimization
Phase 6 BUFG optimization | Checksum: 226d41d2d

Time (s): cpu = 00:00:08 ; elapsed = 00:00:25 . Memory (MB): peak = 2087.395 ; gain = 107.375
BUFG optimization | Checksum: 226d41d2d
INFO: [Opt 31-662] Phase BUFG optimization created 0 cells of which 0 are BUFGs and removed 0 cells.

Phase 7 Shift Register Optimization
INFO: [Opt 31-1064] SRL Remap converted 0 SRLs to 0 registers and converted 0 registers of register chains to 0 SRLs
Phase 7 Shift Register Optimization | Checksum: 226d41d2d

Time (s): cpu = 00:00:08 ; elapsed = 00:00:26 . Memory (MB): peak = 2087.395 ; gain = 107.375
Shift Register Optimization | Checksum: 226d41d2d
INFO: [Opt 31-389] Phase Shift Register Optimization created 0 cells and removed 0 cells

Phase 8 Post Processing Netlist
Phase 8 Post Processing Netlist | Checksum: 226d41d2d

Time (s): cpu = 00:00:08 ; elapsed = 00:00:26 . Memory (MB): peak = 2087.395 ; gain = 107.375
Post Processing Netlist | Checksum: 226d41d2d
INFO: [Opt 31-389] Phase Post Processing Netlist created 0 cells and removed 0 cells
INFO: [Opt 31-1021] In phase Post Processing Netlist, 403 netlist objects are constrained preventing optimization. Please run opt_design with -debug_log to get more detail. 

Phase 9 Finalization

Phase 9.1 Finalizing Design Cores and Updating Shapes
Phase 9.1 Finalizing Design Cores and Updating Shapes | Checksum: 195b4d0c9

Time (s): cpu = 00:00:09 ; elapsed = 00:00:26 . Memory (MB): peak = 2087.395 ; gain = 107.375

Phase 9.2 Verifying Netlist Connectivity

Starting Connectivity Check Task

Time (s): cpu = 00:00:00 ; elapsed = 00:00:00.046 . Memory (MB): peak = 2087.395 ; gain = 0.000
Phase 9.2 Verifying Netlist Connectivity | Checksum: 195b4d0c9

Time (s): cpu = 00:00:09 ; elapsed = 00:00:27 . Memory (MB): peak = 2087.395 ; gain = 107.375
Phase 9 Finalization | Checksum: 195b4d0c9

Time (s): cpu = 00:00:09 ; elapsed = 00:00:27 . Memory (MB): peak = 2087.395 ; gain = 107.375
Opt_design Change Summary
=========================


-------------------------------------------------------------------------------------------------------------------------
|  Phase                        |  #Cells created  |  #Cells Removed  |  #Constrained objects preventing optimizations  |
-------------------------------------------------------------------------------------------------------------------------
|  Retarget                     |               1  |              60  |                                            351  |
|  Constant propagation         |               0  |               0  |                                            350  |
|  Sweep                        |               0  |             300  |                                           1274  |
|  BUFG optimization            |               0  |               0  |                                              0  |
|  Shift Register Optimization  |               0  |               0  |                                              0  |
|  Post Processing Netlist      |               0  |               0  |                                            403  |
-------------------------------------------------------------------------------------------------------------------------


Ending Logic Optimization Task | Checksum: 195b4d0c9

Time (s): cpu = 00:00:09 ; elapsed = 00:00:27 . Memory (MB): peak = 2087.395 ; gain = 107.375

Starting Netlist Obfuscation Task
Netlist sorting complete. Time (s): cpu = 00:00:00 ; elapsed = 00:00:00.006 . Memory (MB): peak = 2087.395 ; gain = 0.000
Ending Netlist Obfuscation Task | Checksum: 195b4d0c9

Time (s): cpu = 00:00:00 ; elapsed = 00:00:00.012 . Memory (MB): peak = 2087.395 ; gain = 0.000
INFO: [Common 17-83] Releasing license: Implementation
47 Infos, 201 Warnings, 0 Critical Warnings and 0 Errors encountered.
opt_design completed successfully
opt_design: Time (s): cpu = 00:00:14 ; elapsed = 00:00:32 . Memory (MB): peak = 2087.395 ; gain = 430.547
INFO: [Vivado 12-24828] Executing command : report_drc -file CNC_Top_wrapper_drc_opted.rpt -pb CNC_Top_wrapper_drc_opted.pb -rpx CNC_Top_wrapper_drc_opted.rpx
Command: report_drc -file CNC_Top_wrapper_drc_opted.rpt -pb CNC_Top_wrapper_drc_opted.pb -rpx CNC_Top_wrapper_drc_opted.rpx
INFO: [IP_Flow 19-1839] IP Catalog is up to date.
INFO: [DRC 23-27] Running DRC with 2 threads
INFO: [Vivado_Tcl 2-168] The results of DRC are in file E:/Git-Repos/CNC-FPGA/Zedboard-CNC/Zedboard-CNC.runs/impl_1/CNC_Top_wrapper_drc_opted.rpt.
report_drc completed successfully
INFO: [Timing 38-35] Done setting XDC timing constraints.
INFO: [Timing 38-480] Writing timing data to binary archive.
Wrote PlaceDB: Time (s): cpu = 00:00:00 ; elapsed = 00:00:00.023 . Memory (MB): peak = 2087.395 ; gain = 0.000
Wrote PulsedLatchDB: Time (s): cpu = 00:00:00 ; elapsed = 00:00:00 . Memory (MB): peak = 2087.395 ; gain = 0.000
Writing XDEF routing.
Write ShapeDB Complete: Time (s): cpu = 00:00:00 ; elapsed = 00:00:00.050 . Memory (MB): peak = 2087.395 ; gain = 0.000
Writing XDEF routing logical nets.
Writing XDEF routing special nets.
Wrote RouteStorage: Time (s): cpu = 00:00:01 ; elapsed = 00:00:00.052 . Memory (MB): peak = 2087.395 ; gain = 0.000
Wrote Netlist Cache: Time (s): cpu = 00:00:00 ; elapsed = 00:00:00.001 . Memory (MB): peak = 2087.395 ; gain = 0.000
Wrote Device Cache: Time (s): cpu = 00:00:00 ; elapsed = 00:00:00.016 . Memory (MB): peak = 2087.395 ; gain = 0.000
Write Physdb Complete: Time (s): cpu = 00:00:01 ; elapsed = 00:00:00.102 . Memory (MB): peak = 2087.395 ; gain = 0.000
INFO: [Common 17-1381] The checkpoint 'E:/Git-Repos/CNC-FPGA/Zedboard-CNC/Zedboard-CNC.runs/impl_1/CNC_Top_wrapper_opt.dcp' has been generated.
INFO: [Chipscope 16-240] Debug cores have already been implemented
Command: place_design -directive Quick
Attempting to get a license for feature 'Implementation' and/or device 'xc7z020'
INFO: [Common 17-349] Got license for feature 'Implementation' and/or device 'xc7z020'
INFO: [Common 17-83] Releasing license: Implementation
INFO: [DRC 23-27] Running DRC with 2 threads
INFO: [Vivado_Tcl 4-198] DRC finished with 0 Errors
INFO: [Vivado_Tcl 4-199] Please refer to the DRC report (report_drc) for more information.
INFO: [Vivado_Tcl 4-2302] The placer was invoked with the 'Quick' directive.
Running DRC as a precondition to command place_design
INFO: [DRC 23-27] Running DRC with 2 threads
INFO: [Vivado_Tcl 4-198] DRC finished with 0 Errors
INFO: [Vivado_Tcl 4-199] Please refer to the DRC report (report_drc) for more information.
INFO: [Place 30-611] Multithreading enabled for place_design using a maximum of 2 CPUs

Starting Placer Task

Phase 1 Placer Initialization

Phase 1.1 Placer Initialization Netlist Sorting
Netlist sorting complete. Time (s): cpu = 00:00:00 ; elapsed = 00:00:00.005 . Memory (MB): peak = 2103.402 ; gain = 0.000
Phase 1.1 Placer Initialization Netlist Sorting | Checksum: cde7d3c5

Time (s): cpu = 00:00:00 ; elapsed = 00:00:00.018 . Memory (MB): peak = 2103.402 ; gain = 0.000
Netlist sorting complete. Time (s): cpu = 00:00:00 ; elapsed = 00:00:00.005 . Memory (MB): peak = 2103.402 ; gain = 0.000

Phase 1.2 IO Placement/ Clock Placement/ Build Placer Device
Phase 1.2 IO Placement/ Clock Placement/ Build Placer Device | Checksum: ec89f4bd

Time (s): cpu = 00:00:01 ; elapsed = 00:00:01 . Memory (MB): peak = 2103.402 ; gain = 0.000

Phase 1.3 Build Placer Netlist Model
Phase 1.3 Build Placer Netlist Model | Checksum: 17868ca09

Time (s): cpu = 00:00:02 ; elapsed = 00:00:02 . Memory (MB): peak = 2103.402 ; gain = 0.000

Phase 1.4 Constrain Clocks/Macros
Phase 1.4 Constrain Clocks/Macros | Checksum: 17868ca09

Time (s): cpu = 00:00:02 ; elapsed = 00:00:02 . Memory (MB): peak = 2103.402 ; gain = 0.000
Phase 1 Placer Initialization | Checksum: 17868ca09

Time (s): cpu = 00:00:02 ; elapsed = 00:00:02 . Memory (MB): peak = 2103.402 ; gain = 0.000

Phase 2 Global Placement

Phase 2.1 Floorplanning
Phase 2.1 Floorplanning | Checksum: 17868ca09

Time (s): cpu = 00:00:02 ; elapsed = 00:00:02 . Memory (MB): peak = 2103.402 ; gain = 0.000

Phase 2.2 Update Timing before SLR Path Opt
Phase 2.2 Update Timing before SLR Path Opt | Checksum: 17868ca09

Time (s): cpu = 00:00:02 ; elapsed = 00:00:02 . Memory (MB): peak = 2103.402 ; gain = 0.000

Phase 2.3 Post-Processing in Floorplanning
Phase 2.3 Post-Processing in Floorplanning | Checksum: 17868ca09

Time (s): cpu = 00:00:02 ; elapsed = 00:00:02 . Memory (MB): peak = 2103.402 ; gain = 0.000

Phase 2.4 Global Place Phase1
Phase 2.4 Global Place Phase1 | Checksum: fc11cf08

Time (s): cpu = 00:00:07 ; elapsed = 00:00:06 . Memory (MB): peak = 2103.402 ; gain = 0.000

Phase 2.5 Global Place Phase2
Phase 2.5 Global Place Phase2 | Checksum: c53e4fdb

Time (s): cpu = 00:00:07 ; elapsed = 00:00:06 . Memory (MB): peak = 2103.402 ; gain = 0.000
Phase 2 Global Placement | Checksum: c53e4fdb

Time (s): cpu = 00:00:07 ; elapsed = 00:00:06 . Memory (MB): peak = 2103.402 ; gain = 0.000

Phase 3 Detail Placement

Phase 3.1 Commit Multi Column Macros
Phase 3.1 Commit Multi Column Macros | Checksum: c53e4fdb

Time (s): cpu = 00:00:07 ; elapsed = 00:00:06 . Memory (MB): peak = 2103.402 ; gain = 0.000

Phase 3.2 Commit Most Macros & LUTRAMs
Phase 3.2 Commit Most Macros & LUTRAMs | Checksum: 142358711

Time (s): cpu = 00:00:08 ; elapsed = 00:00:07 . Memory (MB): peak = 2103.402 ; gain = 0.000

Phase 3.3 Area Swap Optimization
Phase 3.3 Area Swap Optimization | Checksum: 15e5c82bf

Time (s): cpu = 00:00:08 ; elapsed = 00:00:07 . Memory (MB): peak = 2103.402 ; gain = 0.000

Phase 3.4 Pipeline Register Optimization
Phase 3.4 Pipeline Register Optimization | Checksum: 15e5c82bf

Time (s): cpu = 00:00:08 ; elapsed = 00:00:07 . Memory (MB): peak = 2103.402 ; gain = 0.000

Phase 3.5 Small Shape Detail Placement
Phase 3.5 Small Shape Detail Placement | Checksum: 174d5823d

Time (s): cpu = 00:00:10 ; elapsed = 00:00:09 . Memory (MB): peak = 2103.402 ; gain = 0.000

Phase 3.6 Re-assign LUT pins
Phase 3.6 Re-assign LUT pins | Checksum: 174d5823d

Time (s): cpu = 00:00:11 ; elapsed = 00:00:10 . Memory (MB): peak = 2103.402 ; gain = 0.000

Phase 3.7 Pipeline Register Optimization
Phase 3.7 Pipeline Register Optimization | Checksum: 174d5823d

Time (s): cpu = 00:00:11 ; elapsed = 00:00:10 . Memory (MB): peak = 2103.402 ; gain = 0.000
Phase 3 Detail Placement | Checksum: 174d5823d

Time (s): cpu = 00:00:11 ; elapsed = 00:00:10 . Memory (MB): peak = 2103.402 ; gain = 0.000

Phase 4 Post Placement Optimization and Clean-Up

Phase 4.1 Post Commit Optimization
Phase 4.1 Post Commit Optimization | Checksum: 174d5823d

Time (s): cpu = 00:00:12 ; elapsed = 00:00:10 . Memory (MB): peak = 2103.402 ; gain = 0.000

Phase 4.2 Post Placement Cleanup
Phase 4.2 Post Placement Cleanup | Checksum: 174d5823d

Time (s): cpu = 00:00:12 ; elapsed = 00:00:10 . Memory (MB): peak = 2103.402 ; gain = 0.000

Phase 4.3 Placer Reporting

Phase 4.3.1 Print Estimated Congestion
INFO: [Place 30-612] Post-Placement Estimated Congestion 
 ____________________________________________________
|           | Global Congestion | Short Congestion  |
| Direction | Region Size       | Region Size       |
|___________|___________________|___________________|
|      North|                1x1|                2x2|
|___________|___________________|___________________|
|      South|                1x1|                2x2|
|___________|___________________|___________________|
|       East|                1x1|                1x1|
|___________|___________________|___________________|
|       West|                1x1|                1x1|
|___________|___________________|___________________|

Phase 4.3.1 Print Estimated Congestion | Checksum: 174d5823d

Time (s): cpu = 00:00:12 ; elapsed = 00:00:10 . Memory (MB): peak = 2103.402 ; gain = 0.000
Phase 4.3 Placer Reporting | Checksum: 174d5823d

Time (s): cpu = 00:00:12 ; elapsed = 00:00:10 . Memory (MB): peak = 2103.402 ; gain = 0.000

Phase 4.4 Final Placement Cleanup
Netlist sorting complete. Time (s): cpu = 00:00:00 ; elapsed = 00:00:00.007 . Memory (MB): peak = 2103.402 ; gain = 0.000

Time (s): cpu = 00:00:12 ; elapsed = 00:00:10 . Memory (MB): peak = 2103.402 ; gain = 0.000
Phase 4 Post Placement Optimization and Clean-Up | Checksum: 1b7e4838b

Time (s): cpu = 00:00:12 ; elapsed = 00:00:10 . Memory (MB): peak = 2103.402 ; gain = 0.000
Ending Placer Task | Checksum: 166514468

Time (s): cpu = 00:00:12 ; elapsed = 00:00:10 . Memory (MB): peak = 2103.402 ; gain = 0.000
66 Infos, 201 Warnings, 0 Critical Warnings and 0 Errors encountered.
place_design completed successfully
place_design: Time (s): cpu = 00:00:17 ; elapsed = 00:00:13 . Memory (MB): peak = 2103.402 ; gain = 0.000
INFO: [Vivado 12-24838] Running report commands "report_control_sets, report_io, report_utilization" in parallel.
Running report generation with 2 threads.
INFO: [Vivado 12-24828] Executing command : report_io -file CNC_Top_wrapper_io_placed.rpt
report_io: Time (s): cpu = 00:00:01 ; elapsed = 00:00:00.101 . Memory (MB): peak = 2103.402 ; gain = 0.000
INFO: [Vivado 12-24828] Executing command : report_utilization -file CNC_Top_wrapper_utilization_placed.rpt -pb CNC_Top_wrapper_utilization_placed.pb
INFO: [Vivado 12-24828] Executing command : report_control_sets -verbose -file CNC_Top_wrapper_control_sets_placed.rpt
report_control_sets: Time (s): cpu = 00:00:00 ; elapsed = 00:00:00.032 . Memory (MB): peak = 2103.402 ; gain = 0.000
INFO: [Timing 38-480] Writing timing data to binary archive.
Write ShapeDB Complete: Time (s): cpu = 00:00:00 ; elapsed = 00:00:00.077 . Memory (MB): peak = 2121.594 ; gain = 15.512
Wrote PlaceDB: Time (s): cpu = 00:00:05 ; elapsed = 00:00:02 . Memory (MB): peak = 2140.367 ; gain = 34.285
Wrote PulsedLatchDB: Time (s): cpu = 00:00:00 ; elapsed = 00:00:00 . Memory (MB): peak = 2140.367 ; gain = 0.000
Writing XDEF routing.
Writing XDEF routing logical nets.
Writing XDEF routing special nets.
Wrote RouteStorage: Time (s): cpu = 00:00:00 ; elapsed = 00:00:00.042 . Memory (MB): peak = 2140.367 ; gain = 0.000
Wrote Netlist Cache: Time (s): cpu = 00:00:00 ; elapsed = 00:00:00.028 . Memory (MB): peak = 2140.367 ; gain = 0.000
Wrote Device Cache: Time (s): cpu = 00:00:00 ; elapsed = 00:00:00.015 . Memory (MB): peak = 2140.367 ; gain = 0.000
Write Physdb Complete: Time (s): cpu = 00:00:05 ; elapsed = 00:00:03 . Memory (MB): peak = 2140.367 ; gain = 34.285
INFO: [Common 17-1381] The checkpoint 'E:/Git-Repos/CNC-FPGA/Zedboard-CNC/Zedboard-CNC.runs/impl_1/CNC_Top_wrapper_placed.dcp' has been generated.
write_checkpoint: Time (s): cpu = 00:00:06 ; elapsed = 00:00:06 . Memory (MB): peak = 2140.367 ; gain = 36.965
Command: route_design -directive Quick
Attempting to get a license for feature 'Implementation' and/or device 'xc7z020'
INFO: [Common 17-349] Got license for feature 'Implementation' and/or device 'xc7z020'


Starting Routing Task
INFO: [Route 35-270] Using Router directive 'Quick'.
INFO: [Route 35-254] Multithreading enabled for route_design using a maximum of 2 CPUs

Phase 1 Build RT Design
Checksum: PlaceDB: cdfc8a84 ConstDB: 0 ShapeSum: 825b46f4 RouteDB: 15f972f0
Post Restoration Checksum: NetGraph: 5114b455 | NumContArr: 8d637111 | Constraints: c2a8fa9d | Timing: c2a8fa9d
Phase 1 Build RT Design | Checksum: 263ca1aa0

Time (s): cpu = 00:00:12 ; elapsed = 00:00:10 . Memory (MB): peak = 2204.141 ; gain = 63.773

Phase 2 Router Initialization

Phase 2.1 Fix Topology Constraints
Phase 2.1 Fix Topology Constraints | Checksum: 263ca1aa0

Time (s): cpu = 00:00:13 ; elapsed = 00:00:10 . Memory (MB): peak = 2210.516 ; gain = 70.148

Phase 2.2 Pre Route Cleanup
Phase 2.2 Pre Route Cleanup | Checksum: 263ca1aa0

Time (s): cpu = 00:00:13 ; elapsed = 00:00:10 . Memory (MB): peak = 2210.516 ; gain = 70.148
 Number of Nodes with overlaps = 0

Router Utilization Summary
  Global Vertical Routing Utilization    = 0 %
  Global Horizontal Routing Utilization  = 0 %
  Routable Net Status*
  *Does not include unroutable nets such as driverless and loadless.
  Run report_route_status for detailed report.
  Number of Failed Nets               = 16063
    (Failed Nets is the sum of unrouted and partially routed nets)
  Number of Unrouted Nets             = 16063
  Number of Partially Routed Nets     = 0
  Number of Node Overlaps             = 0

Phase 2 Router Initialization | Checksum: 228ae0a8f

Time (s): cpu = 00:00:14 ; elapsed = 00:00:12 . Memory (MB): peak = 2244.098 ; gain = 103.730

Phase 3 Global Routing
Phase 3 Global Routing | Checksum: 228ae0a8f

Time (s): cpu = 00:00:14 ; elapsed = 00:00:12 . Memory (MB): peak = 2244.098 ; gain = 103.730

Phase 4 Initial Routing

Phase 4.1 Initial Net Routing Pass
Phase 4.1 Initial Net Routing Pass | Checksum: 245a0ee1f

Time (s): cpu = 00:00:16 ; elapsed = 00:00:13 . Memory (MB): peak = 2244.098 ; gain = 103.730
Phase 4 Initial Routing | Checksum: 245a0ee1f

Time (s): cpu = 00:00:16 ; elapsed = 00:00:13 . Memory (MB): peak = 2244.098 ; gain = 103.730

Phase 5 Rip-up And Reroute

Phase 5.1 Global Iteration 0
 Number of Nodes with overlaps = 241
 Number of Nodes with overlaps = 0
Phase 5.1 Global Iteration 0 | Checksum: 2891008d2

Time (s): cpu = 00:00:18 ; elapsed = 00:00:14 . Memory (MB): peak = 2244.098 ; gain = 103.730
Phase 5 Rip-up And Reroute | Checksum: 2891008d2

Time (s): cpu = 00:00:18 ; elapsed = 00:00:14 . Memory (MB): peak = 2244.098 ; gain = 103.730

Phase 6 Delay and Skew Optimization
Phase 6 Delay and Skew Optimization | Checksum: 2891008d2

Time (s): cpu = 00:00:19 ; elapsed = 00:00:14 . Memory (MB): peak = 2244.098 ; gain = 103.730

Phase 7 Post Hold Fix

Phase 7.1 Hold Fix Iter
Phase 7.1 Hold Fix Iter | Checksum: 2891008d2

Time (s): cpu = 00:00:19 ; elapsed = 00:00:14 . Memory (MB): peak = 2244.098 ; gain = 103.730
Phase 7 Post Hold Fix | Checksum: 2891008d2

Time (s): cpu = 00:00:19 ; elapsed = 00:00:14 . Memory (MB): peak = 2244.098 ; gain = 103.730

Phase 8 Route finalize

Router Utilization Summary
  Global Vertical Routing Utilization    = 2.88609 %
  Global Horizontal Routing Utilization  = 3.74755 %
  Routable Net Status*
  *Does not include unroutable nets such as driverless and loadless.
  Run report_route_status for detailed report.
  Number of Failed Nets               = 0
    (Failed Nets is the sum of unrouted and partially routed nets)
  Number of Unrouted Nets             = 0
  Number of Partially Routed Nets     = 0
  Number of Node Overlaps             = 0


--GLOBAL Congestion:
Utilization threshold used for congestion level computation: 0.85
Congestion Report
North Dir 1x1 Area, Max Cong = 60.3604%, No Congested Regions.
South Dir 1x1 Area, Max Cong = 56.7568%, No Congested Regions.
East Dir 1x1 Area, Max Cong = 67.6471%, No Congested Regions.
West Dir 1x1 Area, Max Cong = 55.8824%, No Congested Regions.

------------------------------
Reporting congestion hotspots
------------------------------
Direction: North
----------------
Congested clusters found at Level 0
Effective congestion level: 0 Aspect Ratio: 1 Sparse Ratio: 0
Direction: South
----------------
Congested clusters found at Level 0
Effective congestion level: 0 Aspect Ratio: 1 Sparse Ratio: 0
Direction: East
----------------
Congested clusters found at Level 0
Effective congestion level: 0 Aspect Ratio: 1 Sparse Ratio: 0
Direction: West
----------------
Congested clusters found at Level 0
Effective congestion level: 0 Aspect Ratio: 1 Sparse Ratio: 0

Phase 8 Route finalize | Checksum: 2891008d2

Time (s): cpu = 00:00:19 ; elapsed = 00:00:14 . Memory (MB): peak = 2244.098 ; gain = 103.730

Phase 9 Verifying routed nets

 Verification completed successfully
Phase 9 Verifying routed nets | Checksum: 2891008d2

Time (s): cpu = 00:00:19 ; elapsed = 00:00:14 . Memory (MB): peak = 2244.098 ; gain = 103.730

Phase 10 Depositing Routes
Phase 10 Depositing Routes | Checksum: 226081d3a

Time (s): cpu = 00:00:20 ; elapsed = 00:00:16 . Memory (MB): peak = 2244.098 ; gain = 103.730

Phase 11 Post Process Routing
Phase 11 Post Process Routing | Checksum: 226081d3a

Time (s): cpu = 00:00:20 ; elapsed = 00:00:16 . Memory (MB): peak = 2244.098 ; gain = 103.730
Total Elapsed time in route_design: 15.748 secs

Phase 12 Post-Route Event Processing
Phase 12 Post-Route Event Processing | Checksum: 1ca755b20

Time (s): cpu = 00:00:21 ; elapsed = 00:00:16 . Memory (MB): peak = 2244.098 ; gain = 103.730
INFO: [Route 35-16] Router Completed Successfully
Ending Routing Task | Checksum: 1ca755b20

Time (s): cpu = 00:00:21 ; elapsed = 00:00:16 . Memory (MB): peak = 2244.098 ; gain = 103.730

Routing Is Done.
INFO: [Common 17-83] Releasing license: Implementation
77 Infos, 201 Warnings, 0 Critical Warnings and 0 Errors encountered.
route_design completed successfully
route_design: Time (s): cpu = 00:00:22 ; elapsed = 00:00:16 . Memory (MB): peak = 2244.098 ; gain = 103.730
INFO: [Vivado 12-24828] Executing command : report_drc -file CNC_Top_wrapper_drc_routed.rpt -pb CNC_Top_wrapper_drc_routed.pb -rpx CNC_Top_wrapper_drc_routed.rpx
Command: report_drc -file CNC_Top_wrapper_drc_routed.rpt -pb CNC_Top_wrapper_drc_routed.pb -rpx CNC_Top_wrapper_drc_routed.rpx
INFO: [IP_Flow 19-1839] IP Catalog is up to date.
INFO: [DRC 23-27] Running DRC with 2 threads
INFO: [Vivado_Tcl 2-168] The results of DRC are in file E:/Git-Repos/CNC-FPGA/Zedboard-CNC/Zedboard-CNC.runs/impl_1/CNC_Top_wrapper_drc_routed.rpt.
report_drc completed successfully
report_drc: Time (s): cpu = 00:00:10 ; elapsed = 00:00:06 . Memory (MB): peak = 2301.246 ; gain = 57.148
INFO: [Vivado 12-24828] Executing command : report_methodology -file CNC_Top_wrapper_methodology_drc_routed.rpt -pb CNC_Top_wrapper_methodology_drc_routed.pb -rpx CNC_Top_wrapper_methodology_drc_routed.rpx
Command: report_methodology -file CNC_Top_wrapper_methodology_drc_routed.rpt -pb CNC_Top_wrapper_methodology_drc_routed.pb -rpx CNC_Top_wrapper_methodology_drc_routed.rpx
INFO: [Timing 38-35] Done setting XDC timing constraints.
INFO: [DRC 23-133] Running Methodology with 2 threads
INFO: [Vivado_Tcl 2-1520] The results of Report Methodology are in file E:/Git-Repos/CNC-FPGA/Zedboard-CNC/Zedboard-CNC.runs/impl_1/CNC_Top_wrapper_methodology_drc_routed.rpt.
report_methodology completed successfully
report_methodology: Time (s): cpu = 00:00:18 ; elapsed = 00:00:10 . Memory (MB): peak = 2397.508 ; gain = 96.262
INFO: [Vivado 12-24828] Executing command : report_timing_summary -max_paths 10 -report_unconstrained -file CNC_Top_wrapper_timing_summary_routed.rpt -pb CNC_Top_wrapper_timing_summary_routed.pb -rpx CNC_Top_wrapper_timing_summary_routed.rpx -warn_on_violation 
INFO: [Timing 38-35] Done setting XDC timing constraints.
INFO: [Timing 38-91] UpdateTimingParams: Speed grade: -1, Delay Type: min_max.
INFO: [Timing 38-191] Multithreading enabled for timing update using a maximum of 2 CPUs
CRITICAL WARNING: [Timing 38-282] The design failed to meet the timing requirements. Please see the timing summary report for details on the timing violations.
WARNING: [Timing 38-436] There are set_bus_skew constraint(s) in this design. Please run report_bus_skew to ensure that bus skew requirements are met.
INFO: [Vivado 12-24838] Running report commands "report_incremental_reuse, report_route_status" in parallel.
Running report generation with 2 threads.
INFO: [Vivado 12-24828] Executing command : report_incremental_reuse -file CNC_Top_wrapper_incremental_reuse_routed.rpt
INFO: [Vivado_Tcl 4-1062] Incremental flow is disabled. No incremental reuse Info to report.
INFO: [Vivado 12-24828] Executing command : report_route_status -file CNC_Top_wrapper_route_status.rpt -pb CNC_Top_wrapper_route_status.pb
INFO: [Vivado 12-24828] Executing command : report_power -file CNC_Top_wrapper_power_routed.rpt -pb CNC_Top_wrapper_power_summary_routed.pb -rpx CNC_Top_wrapper_power_routed.rpx
Command: report_power -file CNC_Top_wrapper_power_routed.rpt -pb CNC_Top_wrapper_power_summary_routed.pb -rpx CNC_Top_wrapper_power_routed.rpx
Running Vector-less Activity Propagation...

Finished Running Vector-less Activity Propagation
WARNING: [Power 33-332] Found switching activity that implies high-fanout reset nets being asserted for excessive periods of time which may result in inaccurate power analysis.
Resolution: To review and fix problems, please run Power Constraints Advisor in the GUI from Tools > Power Constraints Advisor or run report_power with the -advisory option to generate a text report.
94 Infos, 203 Warnings, 1 Critical Warnings and 0 Errors encountered.
report_power completed successfully
INFO: [Vivado 12-24828] Executing command : report_clock_utilization -file CNC_Top_wrapper_clock_utilization_routed.rpt
INFO: [Vivado 12-24828] Executing command : report_bus_skew -warn_on_violation -file CNC_Top_wrapper_bus_skew_routed.rpt -pb CNC_Top_wrapper_bus_skew_routed.pb -rpx CNC_Top_wrapper_bus_skew_routed.rpx
INFO: [Timing 38-91] UpdateTimingParams: Speed grade: -1, Delay Type: min_max.
INFO: [Timing 38-191] Multithreading enabled for timing update using a maximum of 2 CPUs
generate_parallel_reports: Time (s): cpu = 00:00:37 ; elapsed = 00:00:22 . Memory (MB): peak = 2443.438 ; gain = 199.340
INFO: [Timing 38-480] Writing timing data to binary archive.
Write ShapeDB Complete: Time (s): cpu = 00:00:00 ; elapsed = 00:00:00.068 . Memory (MB): peak = 2479.707 ; gain = 18.355
Wrote PlaceDB: Time (s): cpu = 00:00:05 ; elapsed = 00:00:02 . Memory (MB): peak = 2514.902 ; gain = 53.180
Wrote PulsedLatchDB: Time (s): cpu = 00:00:00 ; elapsed = 00:00:00 . Memory (MB): peak = 2514.902 ; gain = 0.000
Writing XDEF routing.
Writing XDEF routing logical nets.
Writing XDEF routing special nets.
Wrote RouteStorage: Time (s): cpu = 00:00:00 ; elapsed = 00:00:00.185 . Memory (MB): peak = 2514.902 ; gain = 0.000
Wrote Netlist Cache: Time (s): cpu = 00:00:00 ; elapsed = 00:00:00.028 . Memory (MB): peak = 2514.902 ; gain = 0.000
Wrote Device Cache: Time (s): cpu = 00:00:00 ; elapsed = 00:00:00.011 . Memory (MB): peak = 2514.902 ; gain = 0.000
Write Physdb Complete: Time (s): cpu = 00:00:05 ; elapsed = 00:00:02 . Memory (MB): peak = 2514.902 ; gain = 53.180
INFO: [Common 17-1381] The checkpoint 'E:/Git-Repos/CNC-FPGA/Zedboard-CNC/Zedboard-CNC.runs/impl_1/CNC_Top_wrapper_routed.dcp' has been generated.
Command: write_bitstream -force CNC_Top_wrapper.bit
Attempting to get a license for feature 'Implementation' and/or device 'xc7z020'
INFO: [Common 17-349] Got license for feature 'Implementation' and/or device 'xc7z020'
Running DRC as a precondition to command write_bitstream
INFO: [IP_Flow 19-1839] IP Catalog is up to date.
INFO: [DRC 23-27] Running DRC with 2 threads
INFO: [Vivado 12-3199] DRC finished with 0 Errors
INFO: [Vivado 12-3200] Please refer to the DRC report (report_drc) for more information.
INFO: [Designutils 20-2272] Running write_bitstream with 2 threads.
Loading data files...
Loading site data...
Loading route data...
Processing options...
Creating bitmap...
Creating bitstream...
Writing bitstream ./CNC_Top_wrapper.bit...
INFO: [Vivado 12-1842] Bitgen Completed Successfully.
INFO: [Project 1-1876] WebTalk data collection is mandatory when using a ULT device. To see the specific WebTalk data collected for your design, open the usage_statistics_webtalk.html or usage_statistics_webtalk.xml file in the implementation directory.
INFO: [Common 17-83] Releasing license: Implementation
109 Infos, 203 Warnings, 1 Critical Warnings and 0 Errors encountered.
write_bitstream completed successfully
write_bitstream: Time (s): cpu = 00:00:31 ; elapsed = 00:00:21 . Memory (MB): peak = 2992.727 ; gain = 477.824
INFO: [Common 17-206] Exiting Vivado at Mon Mar 30 23:51:41 2026...

*** Halting run - EA reset detected ***


*** Running vivado
    with args -log CNC_Top_wrapper.vdi -applog -m64 -product Vivado -messageDb vivado.pb -mode batch -source CNC_Top_wrapper.tcl -notrace



****** Vivado v2024.2 (64-bit)
  **** SW Build 5239630 on Fri Nov 08 22:35:27 MST 2024
  **** IP Build 5239520 on Sun Nov 10 16:12:51 MST 2024
  **** SharedData Build 5239561 on Fri Nov 08 14:39:27 MST 2024
  **** Start of session at: Mon Mar 30 23:59:31 2026
    ** Copyright 1986-2022 Xilinx, Inc. All Rights Reserved.
    ** Copyright 2022-2024 Advanced Micro Devices, Inc. All Rights Reserved.

source CNC_Top_wrapper.tcl -notrace
INFO: [IP_Flow 19-234] Refreshing IP repositories
INFO: [IP_Flow 19-1704] No user IP repositories specified
INFO: [IP_Flow 19-2313] Loaded Vivado IP repository 'C:/Xilinx/Vivado/2024.2/data/ip'.
Command: link_design -top CNC_Top_wrapper -part xc7z020clg484-1
Design is defaulting to srcset: sources_1
Design is defaulting to constrset: constrs_1
INFO: [Device 21-403] Loading part xc7z020clg484-1
Netlist sorting complete. Time (s): cpu = 00:00:01 ; elapsed = 00:00:00.657 . Memory (MB): peak = 815.898 ; gain = 0.000
INFO: [Netlist 29-17] Analyzing 2214 Unisim elements for replacement
INFO: [Netlist 29-28] Unisim Transformation completed in 0 CPU seconds
INFO: [Project 1-479] Netlist was created with Vivado 2024.2
INFO: [Project 1-570] Preparing netlist for logic optimization
Parsing XDC File [e:/Git-Repos/CNC-FPGA/Zedboard-CNC/Zedboard-CNC.gen/sources_1/bd/CNC_Top/ip/CNC_Top_clk_wiz_0/CNC_Top_clk_wiz_0_board.xdc] for cell 'CNC_Top_i/clk_wiz/inst'
Finished Parsing XDC File [e:/Git-Repos/CNC-FPGA/Zedboard-CNC/Zedboard-CNC.gen/sources_1/bd/CNC_Top/ip/CNC_Top_clk_wiz_0/CNC_Top_clk_wiz_0_board.xdc] for cell 'CNC_Top_i/clk_wiz/inst'
Parsing XDC File [e:/Git-Repos/CNC-FPGA/Zedboard-CNC/Zedboard-CNC.gen/sources_1/bd/CNC_Top/ip/CNC_Top_clk_wiz_0/CNC_Top_clk_wiz_0.xdc] for cell 'CNC_Top_i/clk_wiz/inst'
INFO: [Timing 38-35] Done setting XDC timing constraints. [e:/Git-Repos/CNC-FPGA/Zedboard-CNC/Zedboard-CNC.gen/sources_1/bd/CNC_Top/ip/CNC_Top_clk_wiz_0/CNC_Top_clk_wiz_0.xdc:54]
INFO: [Timing 38-2] Deriving generated clocks [e:/Git-Repos/CNC-FPGA/Zedboard-CNC/Zedboard-CNC.gen/sources_1/bd/CNC_Top/ip/CNC_Top_clk_wiz_0/CNC_Top_clk_wiz_0.xdc:54]
get_clocks: Time (s): cpu = 00:00:06 ; elapsed = 00:00:06 . Memory (MB): peak = 1653.457 ; gain = 576.031
Finished Parsing XDC File [e:/Git-Repos/CNC-FPGA/Zedboard-CNC/Zedboard-CNC.gen/sources_1/bd/CNC_Top/ip/CNC_Top_clk_wiz_0/CNC_Top_clk_wiz_0.xdc] for cell 'CNC_Top_i/clk_wiz/inst'
Parsing XDC File [e:/Git-Repos/CNC-FPGA/Zedboard-CNC/Zedboard-CNC.gen/sources_1/bd/CNC_Top/ip/CNC_Top_vio_0_0/CNC_Top_vio_0_0.xdc] for cell 'CNC_Top_i/VIO'
Finished Parsing XDC File [e:/Git-Repos/CNC-FPGA/Zedboard-CNC/Zedboard-CNC.gen/sources_1/bd/CNC_Top/ip/CNC_Top_vio_0_0/CNC_Top_vio_0_0.xdc] for cell 'CNC_Top_i/VIO'
Parsing XDC File [e:/Git-Repos/CNC-FPGA/Zedboard-CNC/Zedboard-CNC.gen/sources_1/bd/CNC_Top/ip/CNC_Top_processing_system7_0_0/CNC_Top_processing_system7_0_0.xdc] for cell 'CNC_Top_i/processing_system7_0/inst'
Finished Parsing XDC File [e:/Git-Repos/CNC-FPGA/Zedboard-CNC/Zedboard-CNC.gen/sources_1/bd/CNC_Top/ip/CNC_Top_processing_system7_0_0/CNC_Top_processing_system7_0_0.xdc] for cell 'CNC_Top_i/processing_system7_0/inst'
Parsing XDC File [e:/Git-Repos/CNC-FPGA/Zedboard-CNC/Zedboard-CNC.gen/sources_1/bd/CNC_Top/ip/CNC_Top_axi_gpio_0_0/CNC_Top_axi_gpio_0_0_board.xdc] for cell 'CNC_Top_i/X_GPIO/U0'
Finished Parsing XDC File [e:/Git-Repos/CNC-FPGA/Zedboard-CNC/Zedboard-CNC.gen/sources_1/bd/CNC_Top/ip/CNC_Top_axi_gpio_0_0/CNC_Top_axi_gpio_0_0_board.xdc] for cell 'CNC_Top_i/X_GPIO/U0'
Parsing XDC File [e:/Git-Repos/CNC-FPGA/Zedboard-CNC/Zedboard-CNC.gen/sources_1/bd/CNC_Top/ip/CNC_Top_axi_gpio_0_0/CNC_Top_axi_gpio_0_0.xdc] for cell 'CNC_Top_i/X_GPIO/U0'
Finished Parsing XDC File [e:/Git-Repos/CNC-FPGA/Zedboard-CNC/Zedboard-CNC.gen/sources_1/bd/CNC_Top/ip/CNC_Top_axi_gpio_0_0/CNC_Top_axi_gpio_0_0.xdc] for cell 'CNC_Top_i/X_GPIO/U0'
Parsing XDC File [e:/Git-Repos/CNC-FPGA/Zedboard-CNC/Zedboard-CNC.gen/sources_1/bd/CNC_Top/ip/CNC_Top_axi_smc_0/bd_0/ip/ip_1/bd_0a6d_psr_aclk_0_board.xdc] for cell 'CNC_Top_i/axi_smc/inst/clk_map/psr_aclk/U0'
Finished Parsing XDC File [e:/Git-Repos/CNC-FPGA/Zedboard-CNC/Zedboard-CNC.gen/sources_1/bd/CNC_Top/ip/CNC_Top_axi_smc_0/bd_0/ip/ip_1/bd_0a6d_psr_aclk_0_board.xdc] for cell 'CNC_Top_i/axi_smc/inst/clk_map/psr_aclk/U0'
Parsing XDC File [e:/Git-Repos/CNC-FPGA/Zedboard-CNC/Zedboard-CNC.gen/sources_1/bd/CNC_Top/ip/CNC_Top_axi_smc_0/bd_0/ip/ip_1/bd_0a6d_psr_aclk_0.xdc] for cell 'CNC_Top_i/axi_smc/inst/clk_map/psr_aclk/U0'
Finished Parsing XDC File [e:/Git-Repos/CNC-FPGA/Zedboard-CNC/Zedboard-CNC.gen/sources_1/bd/CNC_Top/ip/CNC_Top_axi_smc_0/bd_0/ip/ip_1/bd_0a6d_psr_aclk_0.xdc] for cell 'CNC_Top_i/axi_smc/inst/clk_map/psr_aclk/U0'
Parsing XDC File [e:/Git-Repos/CNC-FPGA/Zedboard-CNC/Zedboard-CNC.gen/sources_1/bd/CNC_Top/ip/CNC_Top_axi_smc_0/smartconnect.xdc] for cell 'CNC_Top_i/axi_smc/inst'
Finished Parsing XDC File [e:/Git-Repos/CNC-FPGA/Zedboard-CNC/Zedboard-CNC.gen/sources_1/bd/CNC_Top/ip/CNC_Top_axi_smc_0/smartconnect.xdc] for cell 'CNC_Top_i/axi_smc/inst'
Parsing XDC File [e:/Git-Repos/CNC-FPGA/Zedboard-CNC/Zedboard-CNC.gen/sources_1/bd/CNC_Top/ip/CNC_Top_rst_ps7_0_100M_0/CNC_Top_rst_ps7_0_100M_0_board.xdc] for cell 'CNC_Top_i/rst_ps7_0_100M/U0'
Finished Parsing XDC File [e:/Git-Repos/CNC-FPGA/Zedboard-CNC/Zedboard-CNC.gen/sources_1/bd/CNC_Top/ip/CNC_Top_rst_ps7_0_100M_0/CNC_Top_rst_ps7_0_100M_0_board.xdc] for cell 'CNC_Top_i/rst_ps7_0_100M/U0'
Parsing XDC File [e:/Git-Repos/CNC-FPGA/Zedboard-CNC/Zedboard-CNC.gen/sources_1/bd/CNC_Top/ip/CNC_Top_rst_ps7_0_100M_0/CNC_Top_rst_ps7_0_100M_0.xdc] for cell 'CNC_Top_i/rst_ps7_0_100M/U0'
WARNING: [Vivado_Tcl 4-921] Waiver ID 'CDC-11' -to list should not be empty. [e:/Git-Repos/CNC-FPGA/Zedboard-CNC/Zedboard-CNC.gen/sources_1/bd/CNC_Top/ip/CNC_Top_rst_ps7_0_100M_0/CNC_Top_rst_ps7_0_100M_0.xdc:50]
Finished Parsing XDC File [e:/Git-Repos/CNC-FPGA/Zedboard-CNC/Zedboard-CNC.gen/sources_1/bd/CNC_Top/ip/CNC_Top_rst_ps7_0_100M_0/CNC_Top_rst_ps7_0_100M_0.xdc] for cell 'CNC_Top_i/rst_ps7_0_100M/U0'
Parsing XDC File [e:/Git-Repos/CNC-FPGA/Zedboard-CNC/Zedboard-CNC.gen/sources_1/bd/CNC_Top/ip/CNC_Top_axi_gpio_0_1/CNC_Top_axi_gpio_0_1_board.xdc] for cell 'CNC_Top_i/Y_GPIO/U0'
Finished Parsing XDC File [e:/Git-Repos/CNC-FPGA/Zedboard-CNC/Zedboard-CNC.gen/sources_1/bd/CNC_Top/ip/CNC_Top_axi_gpio_0_1/CNC_Top_axi_gpio_0_1_board.xdc] for cell 'CNC_Top_i/Y_GPIO/U0'
Parsing XDC File [e:/Git-Repos/CNC-FPGA/Zedboard-CNC/Zedboard-CNC.gen/sources_1/bd/CNC_Top/ip/CNC_Top_axi_gpio_0_1/CNC_Top_axi_gpio_0_1.xdc] for cell 'CNC_Top_i/Y_GPIO/U0'
Finished Parsing XDC File [e:/Git-Repos/CNC-FPGA/Zedboard-CNC/Zedboard-CNC.gen/sources_1/bd/CNC_Top/ip/CNC_Top_axi_gpio_0_1/CNC_Top_axi_gpio_0_1.xdc] for cell 'CNC_Top_i/Y_GPIO/U0'
Parsing XDC File [e:/Git-Repos/CNC-FPGA/Zedboard-CNC/Zedboard-CNC.gen/sources_1/bd/CNC_Top/ip/CNC_Top_axi_gpio_0_2/CNC_Top_axi_gpio_0_2_board.xdc] for cell 'CNC_Top_i/Z_GPIO/U0'
Finished Parsing XDC File [e:/Git-Repos/CNC-FPGA/Zedboard-CNC/Zedboard-CNC.gen/sources_1/bd/CNC_Top/ip/CNC_Top_axi_gpio_0_2/CNC_Top_axi_gpio_0_2_board.xdc] for cell 'CNC_Top_i/Z_GPIO/U0'
Parsing XDC File [e:/Git-Repos/CNC-FPGA/Zedboard-CNC/Zedboard-CNC.gen/sources_1/bd/CNC_Top/ip/CNC_Top_axi_gpio_0_2/CNC_Top_axi_gpio_0_2.xdc] for cell 'CNC_Top_i/Z_GPIO/U0'
Finished Parsing XDC File [e:/Git-Repos/CNC-FPGA/Zedboard-CNC/Zedboard-CNC.gen/sources_1/bd/CNC_Top/ip/CNC_Top_axi_gpio_0_2/CNC_Top_axi_gpio_0_2.xdc] for cell 'CNC_Top_i/Z_GPIO/U0'
Parsing XDC File [e:/Git-Repos/CNC-FPGA/Zedboard-CNC/Zedboard-CNC.gen/sources_1/bd/CNC_Top/ip/CNC_Top_axi_gpio_0_3/CNC_Top_axi_gpio_0_3_board.xdc] for cell 'CNC_Top_i/SPEED_GPIO/U0'
Finished Parsing XDC File [e:/Git-Repos/CNC-FPGA/Zedboard-CNC/Zedboard-CNC.gen/sources_1/bd/CNC_Top/ip/CNC_Top_axi_gpio_0_3/CNC_Top_axi_gpio_0_3_board.xdc] for cell 'CNC_Top_i/SPEED_GPIO/U0'
Parsing XDC File [e:/Git-Repos/CNC-FPGA/Zedboard-CNC/Zedboard-CNC.gen/sources_1/bd/CNC_Top/ip/CNC_Top_axi_gpio_0_3/CNC_Top_axi_gpio_0_3.xdc] for cell 'CNC_Top_i/SPEED_GPIO/U0'
Finished Parsing XDC File [e:/Git-Repos/CNC-FPGA/Zedboard-CNC/Zedboard-CNC.gen/sources_1/bd/CNC_Top/ip/CNC_Top_axi_gpio_0_3/CNC_Top_axi_gpio_0_3.xdc] for cell 'CNC_Top_i/SPEED_GPIO/U0'
Parsing XDC File [e:/Git-Repos/CNC-FPGA/Zedboard-CNC/Zedboard-CNC.gen/sources_1/bd/CNC_Top/ip/CNC_Top_axi_gpio_0_4/CNC_Top_axi_gpio_0_4_board.xdc] for cell 'CNC_Top_i/ACK_GPIO/U0'
Finished Parsing XDC File [e:/Git-Repos/CNC-FPGA/Zedboard-CNC/Zedboard-CNC.gen/sources_1/bd/CNC_Top/ip/CNC_Top_axi_gpio_0_4/CNC_Top_axi_gpio_0_4_board.xdc] for cell 'CNC_Top_i/ACK_GPIO/U0'
Parsing XDC File [e:/Git-Repos/CNC-FPGA/Zedboard-CNC/Zedboard-CNC.gen/sources_1/bd/CNC_Top/ip/CNC_Top_axi_gpio_0_4/CNC_Top_axi_gpio_0_4.xdc] for cell 'CNC_Top_i/ACK_GPIO/U0'
Finished Parsing XDC File [e:/Git-Repos/CNC-FPGA/Zedboard-CNC/Zedboard-CNC.gen/sources_1/bd/CNC_Top/ip/CNC_Top_axi_gpio_0_4/CNC_Top_axi_gpio_0_4.xdc] for cell 'CNC_Top_i/ACK_GPIO/U0'
Parsing XDC File [e:/Git-Repos/CNC-FPGA/Zedboard-CNC/Zedboard-CNC.gen/sources_1/bd/CNC_Top/ip/CNC_Top_axi_gpio_0_5/CNC_Top_axi_gpio_0_5_board.xdc] for cell 'CNC_Top_i/REQ_GPIO/U0'
Finished Parsing XDC File [e:/Git-Repos/CNC-FPGA/Zedboard-CNC/Zedboard-CNC.gen/sources_1/bd/CNC_Top/ip/CNC_Top_axi_gpio_0_5/CNC_Top_axi_gpio_0_5_board.xdc] for cell 'CNC_Top_i/REQ_GPIO/U0'
Parsing XDC File [e:/Git-Repos/CNC-FPGA/Zedboard-CNC/Zedboard-CNC.gen/sources_1/bd/CNC_Top/ip/CNC_Top_axi_gpio_0_5/CNC_Top_axi_gpio_0_5.xdc] for cell 'CNC_Top_i/REQ_GPIO/U0'
Finished Parsing XDC File [e:/Git-Repos/CNC-FPGA/Zedboard-CNC/Zedboard-CNC.gen/sources_1/bd/CNC_Top/ip/CNC_Top_axi_gpio_0_5/CNC_Top_axi_gpio_0_5.xdc] for cell 'CNC_Top_i/REQ_GPIO/U0'
Parsing XDC File [e:/Git-Repos/CNC-FPGA/Zedboard-CNC/Zedboard-CNC.gen/sources_1/bd/CNC_Top/ip/CNC_Top_axi_gpio_0_6/CNC_Top_axi_gpio_0_6_board.xdc] for cell 'CNC_Top_i/MOUNT_OK_GPIO/U0'
Finished Parsing XDC File [e:/Git-Repos/CNC-FPGA/Zedboard-CNC/Zedboard-CNC.gen/sources_1/bd/CNC_Top/ip/CNC_Top_axi_gpio_0_6/CNC_Top_axi_gpio_0_6_board.xdc] for cell 'CNC_Top_i/MOUNT_OK_GPIO/U0'
Parsing XDC File [e:/Git-Repos/CNC-FPGA/Zedboard-CNC/Zedboard-CNC.gen/sources_1/bd/CNC_Top/ip/CNC_Top_axi_gpio_0_6/CNC_Top_axi_gpio_0_6.xdc] for cell 'CNC_Top_i/MOUNT_OK_GPIO/U0'
Finished Parsing XDC File [e:/Git-Repos/CNC-FPGA/Zedboard-CNC/Zedboard-CNC.gen/sources_1/bd/CNC_Top/ip/CNC_Top_axi_gpio_0_6/CNC_Top_axi_gpio_0_6.xdc] for cell 'CNC_Top_i/MOUNT_OK_GPIO/U0'
Parsing XDC File [e:/Git-Repos/CNC-FPGA/Zedboard-CNC/Zedboard-CNC.gen/sources_1/bd/CNC_Top/ip/CNC_Top_axi_gpio_0_7/CNC_Top_axi_gpio_0_7_board.xdc] for cell 'CNC_Top_i/MOUNT_FAIL_GPIO/U0'
Finished Parsing XDC File [e:/Git-Repos/CNC-FPGA/Zedboard-CNC/Zedboard-CNC.gen/sources_1/bd/CNC_Top/ip/CNC_Top_axi_gpio_0_7/CNC_Top_axi_gpio_0_7_board.xdc] for cell 'CNC_Top_i/MOUNT_FAIL_GPIO/U0'
Parsing XDC File [e:/Git-Repos/CNC-FPGA/Zedboard-CNC/Zedboard-CNC.gen/sources_1/bd/CNC_Top/ip/CNC_Top_axi_gpio_0_7/CNC_Top_axi_gpio_0_7.xdc] for cell 'CNC_Top_i/MOUNT_FAIL_GPIO/U0'
Finished Parsing XDC File [e:/Git-Repos/CNC-FPGA/Zedboard-CNC/Zedboard-CNC.gen/sources_1/bd/CNC_Top/ip/CNC_Top_axi_gpio_0_7/CNC_Top_axi_gpio_0_7.xdc] for cell 'CNC_Top_i/MOUNT_FAIL_GPIO/U0'
Parsing XDC File [e:/Git-Repos/CNC-FPGA/Zedboard-CNC/Zedboard-CNC.gen/sources_1/bd/CNC_Top/ip/CNC_Top_axi_gpio_0_8/CNC_Top_axi_gpio_0_8_board.xdc] for cell 'CNC_Top_i/MOUNT_REQ_GPIO/U0'
Finished Parsing XDC File [e:/Git-Repos/CNC-FPGA/Zedboard-CNC/Zedboard-CNC.gen/sources_1/bd/CNC_Top/ip/CNC_Top_axi_gpio_0_8/CNC_Top_axi_gpio_0_8_board.xdc] for cell 'CNC_Top_i/MOUNT_REQ_GPIO/U0'
Parsing XDC File [e:/Git-Repos/CNC-FPGA/Zedboard-CNC/Zedboard-CNC.gen/sources_1/bd/CNC_Top/ip/CNC_Top_axi_gpio_0_8/CNC_Top_axi_gpio_0_8.xdc] for cell 'CNC_Top_i/MOUNT_REQ_GPIO/U0'
Finished Parsing XDC File [e:/Git-Repos/CNC-FPGA/Zedboard-CNC/Zedboard-CNC.gen/sources_1/bd/CNC_Top/ip/CNC_Top_axi_gpio_0_8/CNC_Top_axi_gpio_0_8.xdc] for cell 'CNC_Top_i/MOUNT_REQ_GPIO/U0'
Parsing XDC File [e:/Git-Repos/CNC-FPGA/Zedboard-CNC/Zedboard-CNC.gen/sources_1/bd/CNC_Top/ip/CNC_Top_axi_gpio_0_9/CNC_Top_axi_gpio_0_9_board.xdc] for cell 'CNC_Top_i/LAST_LINE_GPIO/U0'
Finished Parsing XDC File [e:/Git-Repos/CNC-FPGA/Zedboard-CNC/Zedboard-CNC.gen/sources_1/bd/CNC_Top/ip/CNC_Top_axi_gpio_0_9/CNC_Top_axi_gpio_0_9_board.xdc] for cell 'CNC_Top_i/LAST_LINE_GPIO/U0'
Parsing XDC File [e:/Git-Repos/CNC-FPGA/Zedboard-CNC/Zedboard-CNC.gen/sources_1/bd/CNC_Top/ip/CNC_Top_axi_gpio_0_9/CNC_Top_axi_gpio_0_9.xdc] for cell 'CNC_Top_i/LAST_LINE_GPIO/U0'
Finished Parsing XDC File [e:/Git-Repos/CNC-FPGA/Zedboard-CNC/Zedboard-CNC.gen/sources_1/bd/CNC_Top/ip/CNC_Top_axi_gpio_0_9/CNC_Top_axi_gpio_0_9.xdc] for cell 'CNC_Top_i/LAST_LINE_GPIO/U0'
Parsing XDC File [E:/Git-Repos/CNC-FPGA/Zedboard-CNC/Zedboard-CNC.srcs/constrs_1/new/cnc_constraints.xdc]
WARNING: [Constraints 18-402] set_multicycle_path: 'CNC_Top_i/XYZ_Axis_Coordinator/inst/curr_pos_x_reg[13]_i_1' is not a valid startpoint. [E:/Git-Repos/CNC-FPGA/Zedboard-CNC/Zedboard-CNC.srcs/constrs_1/new/cnc_constraints.xdc:100]
Resolution: A valid start point is a main or generated clock pin or port, a clock pin of a sequential cell, or a primary input or inout port. Please validate that all the objects returned by your query belong to this list.
WARNING: [Constraints 18-402] set_multicycle_path: 'CNC_Top_i/XYZ_Axis_Coordinator/inst/curr_pos_x_reg[17]_i_1' is not a valid startpoint. [E:/Git-Repos/CNC-FPGA/Zedboard-CNC/Zedboard-CNC.srcs/constrs_1/new/cnc_constraints.xdc:100]
Resolution: A valid start point is a main or generated clock pin or port, a clock pin of a sequential cell, or a primary input or inout port. Please validate that all the objects returned by your query belong to this list.
WARNING: [Constraints 18-402] set_multicycle_path: 'CNC_Top_i/XYZ_Axis_Coordinator/inst/curr_pos_x_reg[1]_i_2' is not a valid startpoint. [E:/Git-Repos/CNC-FPGA/Zedboard-CNC/Zedboard-CNC.srcs/constrs_1/new/cnc_constraints.xdc:100]
Resolution: A valid start point is a main or generated clock pin or port, a clock pin of a sequential cell, or a primary input or inout port. Please validate that all the objects returned by your query belong to this list.
WARNING: [Constraints 18-402] set_multicycle_path: 'CNC_Top_i/XYZ_Axis_Coordinator/inst/curr_pos_x_reg[21]_i_1' is not a valid startpoint. [E:/Git-Repos/CNC-FPGA/Zedboard-CNC/Zedboard-CNC.srcs/constrs_1/new/cnc_constraints.xdc:100]
Resolution: A valid start point is a main or generated clock pin or port, a clock pin of a sequential cell, or a primary input or inout port. Please validate that all the objects returned by your query belong to this list.
WARNING: [Constraints 18-402] set_multicycle_path: 'CNC_Top_i/XYZ_Axis_Coordinator/inst/curr_pos_x_reg[25]_i_1' is not a valid startpoint. [E:/Git-Repos/CNC-FPGA/Zedboard-CNC/Zedboard-CNC.srcs/constrs_1/new/cnc_constraints.xdc:100]
Resolution: A valid start point is a main or generated clock pin or port, a clock pin of a sequential cell, or a primary input or inout port. Please validate that all the objects returned by your query belong to this list.
WARNING: [Constraints 18-402] set_multicycle_path: 'CNC_Top_i/XYZ_Axis_Coordinator/inst/curr_pos_x_reg[29]_i_1' is not a valid startpoint. [E:/Git-Repos/CNC-FPGA/Zedboard-CNC/Zedboard-CNC.srcs/constrs_1/new/cnc_constraints.xdc:100]
Resolution: A valid start point is a main or generated clock pin or port, a clock pin of a sequential cell, or a primary input or inout port. Please validate that all the objects returned by your query belong to this list.
WARNING: [Constraints 18-402] set_multicycle_path: 'CNC_Top_i/XYZ_Axis_Coordinator/inst/curr_pos_x_reg[5]_i_1' is not a valid startpoint. [E:/Git-Repos/CNC-FPGA/Zedboard-CNC/Zedboard-CNC.srcs/constrs_1/new/cnc_constraints.xdc:100]
Resolution: A valid start point is a main or generated clock pin or port, a clock pin of a sequential cell, or a primary input or inout port. Please validate that all the objects returned by your query belong to this list.
WARNING: [Constraints 18-402] set_multicycle_path: 'CNC_Top_i/XYZ_Axis_Coordinator/inst/curr_pos_x_reg[9]_i_1' is not a valid startpoint. [E:/Git-Repos/CNC-FPGA/Zedboard-CNC/Zedboard-CNC.srcs/constrs_1/new/cnc_constraints.xdc:100]
Resolution: A valid start point is a main or generated clock pin or port, a clock pin of a sequential cell, or a primary input or inout port. Please validate that all the objects returned by your query belong to this list.
WARNING: [Constraints 18-402] set_multicycle_path: 'CNC_Top_i/XYZ_Axis_Coordinator/inst/curr_pos_y_reg[13]_i_1' is not a valid startpoint. [E:/Git-Repos/CNC-FPGA/Zedboard-CNC/Zedboard-CNC.srcs/constrs_1/new/cnc_constraints.xdc:100]
Resolution: A valid start point is a main or generated clock pin or port, a clock pin of a sequential cell, or a primary input or inout port. Please validate that all the objects returned by your query belong to this list.
WARNING: [Constraints 18-402] set_multicycle_path: 'CNC_Top_i/XYZ_Axis_Coordinator/inst/curr_pos_y_reg[17]_i_1' is not a valid startpoint. [E:/Git-Repos/CNC-FPGA/Zedboard-CNC/Zedboard-CNC.srcs/constrs_1/new/cnc_constraints.xdc:100]
Resolution: A valid start point is a main or generated clock pin or port, a clock pin of a sequential cell, or a primary input or inout port. Please validate that all the objects returned by your query belong to this list.
WARNING: [Constraints 18-402] set_multicycle_path: 'CNC_Top_i/XYZ_Axis_Coordinator/inst/curr_pos_y_reg[1]_i_2' is not a valid startpoint. [E:/Git-Repos/CNC-FPGA/Zedboard-CNC/Zedboard-CNC.srcs/constrs_1/new/cnc_constraints.xdc:100]
Resolution: A valid start point is a main or generated clock pin or port, a clock pin of a sequential cell, or a primary input or inout port. Please validate that all the objects returned by your query belong to this list.
WARNING: [Constraints 18-402] set_multicycle_path: 'CNC_Top_i/XYZ_Axis_Coordinator/inst/curr_pos_y_reg[21]_i_1' is not a valid startpoint. [E:/Git-Repos/CNC-FPGA/Zedboard-CNC/Zedboard-CNC.srcs/constrs_1/new/cnc_constraints.xdc:100]
Resolution: A valid start point is a main or generated clock pin or port, a clock pin of a sequential cell, or a primary input or inout port. Please validate that all the objects returned by your query belong to this list.
WARNING: [Constraints 18-402] set_multicycle_path: 'CNC_Top_i/XYZ_Axis_Coordinator/inst/curr_pos_y_reg[25]_i_1' is not a valid startpoint. [E:/Git-Repos/CNC-FPGA/Zedboard-CNC/Zedboard-CNC.srcs/constrs_1/new/cnc_constraints.xdc:100]
Resolution: A valid start point is a main or generated clock pin or port, a clock pin of a sequential cell, or a primary input or inout port. Please validate that all the objects returned by your query belong to this list.
WARNING: [Constraints 18-402] set_multicycle_path: 'CNC_Top_i/XYZ_Axis_Coordinator/inst/curr_pos_y_reg[29]_i_1' is not a valid startpoint. [E:/Git-Repos/CNC-FPGA/Zedboard-CNC/Zedboard-CNC.srcs/constrs_1/new/cnc_constraints.xdc:100]
Resolution: A valid start point is a main or generated clock pin or port, a clock pin of a sequential cell, or a primary input or inout port. Please validate that all the objects returned by your query belong to this list.
WARNING: [Constraints 18-402] set_multicycle_path: 'CNC_Top_i/XYZ_Axis_Coordinator/inst/curr_pos_y_reg[5]_i_1' is not a valid startpoint. [E:/Git-Repos/CNC-FPGA/Zedboard-CNC/Zedboard-CNC.srcs/constrs_1/new/cnc_constraints.xdc:100]
Resolution: A valid start point is a main or generated clock pin or port, a clock pin of a sequential cell, or a primary input or inout port. Please validate that all the objects returned by your query belong to this list.
WARNING: [Constraints 18-402] set_multicycle_path: 'CNC_Top_i/XYZ_Axis_Coordinator/inst/curr_pos_y_reg[9]_i_1' is not a valid startpoint. [E:/Git-Repos/CNC-FPGA/Zedboard-CNC/Zedboard-CNC.srcs/constrs_1/new/cnc_constraints.xdc:100]
Resolution: A valid start point is a main or generated clock pin or port, a clock pin of a sequential cell, or a primary input or inout port. Please validate that all the objects returned by your query belong to this list.
WARNING: [Constraints 18-402] set_multicycle_path: 'CNC_Top_i/XYZ_Axis_Coordinator/inst/curr_pos_z_reg[0]_i_11' is not a valid startpoint. [E:/Git-Repos/CNC-FPGA/Zedboard-CNC/Zedboard-CNC.srcs/constrs_1/new/cnc_constraints.xdc:100]
Resolution: A valid start point is a main or generated clock pin or port, a clock pin of a sequential cell, or a primary input or inout port. Please validate that all the objects returned by your query belong to this list.
WARNING: [Constraints 18-402] set_multicycle_path: 'CNC_Top_i/XYZ_Axis_Coordinator/inst/curr_pos_z_reg[0]_i_2' is not a valid startpoint. [E:/Git-Repos/CNC-FPGA/Zedboard-CNC/Zedboard-CNC.srcs/constrs_1/new/cnc_constraints.xdc:100]
Resolution: A valid start point is a main or generated clock pin or port, a clock pin of a sequential cell, or a primary input or inout port. Please validate that all the objects returned by your query belong to this list.
WARNING: [Constraints 18-402] set_multicycle_path: 'CNC_Top_i/XYZ_Axis_Coordinator/inst/curr_pos_z_reg[0]_i_20' is not a valid startpoint. [E:/Git-Repos/CNC-FPGA/Zedboard-CNC/Zedboard-CNC.srcs/constrs_1/new/cnc_constraints.xdc:100]
Resolution: A valid start point is a main or generated clock pin or port, a clock pin of a sequential cell, or a primary input or inout port. Please validate that all the objects returned by your query belong to this list.
WARNING: [Constraints 18-402] set_multicycle_path: 'CNC_Top_i/XYZ_Axis_Coordinator/inst/curr_pos_z_reg[0]_i_29' is not a valid startpoint. [E:/Git-Repos/CNC-FPGA/Zedboard-CNC/Zedboard-CNC.srcs/constrs_1/new/cnc_constraints.xdc:100]
Resolution: A valid start point is a main or generated clock pin or port, a clock pin of a sequential cell, or a primary input or inout port. Please validate that all the objects returned by your query belong to this list.
WARNING: [Constraints 18-402] set_multicycle_path: 'CNC_Top_i/XYZ_Axis_Coordinator/inst/curr_pos_z_reg[0]_i_5' is not a valid startpoint. [E:/Git-Repos/CNC-FPGA/Zedboard-CNC/Zedboard-CNC.srcs/constrs_1/new/cnc_constraints.xdc:100]
Resolution: A valid start point is a main or generated clock pin or port, a clock pin of a sequential cell, or a primary input or inout port. Please validate that all the objects returned by your query belong to this list.
WARNING: [Constraints 18-402] set_multicycle_path: 'CNC_Top_i/XYZ_Axis_Coordinator/inst/curr_pos_z_reg[12]_i_1' is not a valid startpoint. [E:/Git-Repos/CNC-FPGA/Zedboard-CNC/Zedboard-CNC.srcs/constrs_1/new/cnc_constraints.xdc:100]
Resolution: A valid start point is a main or generated clock pin or port, a clock pin of a sequential cell, or a primary input or inout port. Please validate that all the objects returned by your query belong to this list.
WARNING: [Constraints 18-402] set_multicycle_path: 'CNC_Top_i/XYZ_Axis_Coordinator/inst/curr_pos_z_reg[16]_i_1' is not a valid startpoint. [E:/Git-Repos/CNC-FPGA/Zedboard-CNC/Zedboard-CNC.srcs/constrs_1/new/cnc_constraints.xdc:100]
Resolution: A valid start point is a main or generated clock pin or port, a clock pin of a sequential cell, or a primary input or inout port. Please validate that all the objects returned by your query belong to this list.
WARNING: [Constraints 18-402] set_multicycle_path: 'CNC_Top_i/XYZ_Axis_Coordinator/inst/curr_pos_z_reg[20]_i_1' is not a valid startpoint. [E:/Git-Repos/CNC-FPGA/Zedboard-CNC/Zedboard-CNC.srcs/constrs_1/new/cnc_constraints.xdc:100]
Resolution: A valid start point is a main or generated clock pin or port, a clock pin of a sequential cell, or a primary input or inout port. Please validate that all the objects returned by your query belong to this list.
WARNING: [Constraints 18-402] set_multicycle_path: 'CNC_Top_i/XYZ_Axis_Coordinator/inst/curr_pos_z_reg[24]_i_1' is not a valid startpoint. [E:/Git-Repos/CNC-FPGA/Zedboard-CNC/Zedboard-CNC.srcs/constrs_1/new/cnc_constraints.xdc:100]
Resolution: A valid start point is a main or generated clock pin or port, a clock pin of a sequential cell, or a primary input or inout port. Please validate that all the objects returned by your query belong to this list.
WARNING: [Constraints 18-402] set_multicycle_path: 'CNC_Top_i/XYZ_Axis_Coordinator/inst/curr_pos_z_reg[28]_i_1' is not a valid startpoint. [E:/Git-Repos/CNC-FPGA/Zedboard-CNC/Zedboard-CNC.srcs/constrs_1/new/cnc_constraints.xdc:100]
Resolution: A valid start point is a main or generated clock pin or port, a clock pin of a sequential cell, or a primary input or inout port. Please validate that all the objects returned by your query belong to this list.
WARNING: [Constraints 18-402] set_multicycle_path: 'CNC_Top_i/XYZ_Axis_Coordinator/inst/curr_pos_z_reg[4]_i_1' is not a valid startpoint. [E:/Git-Repos/CNC-FPGA/Zedboard-CNC/Zedboard-CNC.srcs/constrs_1/new/cnc_constraints.xdc:100]
Resolution: A valid start point is a main or generated clock pin or port, a clock pin of a sequential cell, or a primary input or inout port. Please validate that all the objects returned by your query belong to this list.
WARNING: [Constraints 18-402] set_multicycle_path: 'CNC_Top_i/XYZ_Axis_Coordinator/inst/curr_pos_z_reg[8]_i_1' is not a valid startpoint. [E:/Git-Repos/CNC-FPGA/Zedboard-CNC/Zedboard-CNC.srcs/constrs_1/new/cnc_constraints.xdc:100]
Resolution: A valid start point is a main or generated clock pin or port, a clock pin of a sequential cell, or a primary input or inout port. Please validate that all the objects returned by your query belong to this list.
WARNING: [Constraints 18-402] set_multicycle_path: 'CNC_Top_i/XYZ_Axis_Coordinator/inst/curr_pos_x_reg[13]_i_1' is not a valid startpoint. [E:/Git-Repos/CNC-FPGA/Zedboard-CNC/Zedboard-CNC.srcs/constrs_1/new/cnc_constraints.xdc:101]
Resolution: A valid start point is a main or generated clock pin or port, a clock pin of a sequential cell, or a primary input or inout port. Please validate that all the objects returned by your query belong to this list.
WARNING: [Constraints 18-402] set_multicycle_path: 'CNC_Top_i/XYZ_Axis_Coordinator/inst/curr_pos_x_reg[17]_i_1' is not a valid startpoint. [E:/Git-Repos/CNC-FPGA/Zedboard-CNC/Zedboard-CNC.srcs/constrs_1/new/cnc_constraints.xdc:101]
Resolution: A valid start point is a main or generated clock pin or port, a clock pin of a sequential cell, or a primary input or inout port. Please validate that all the objects returned by your query belong to this list.
WARNING: [Constraints 18-402] set_multicycle_path: 'CNC_Top_i/XYZ_Axis_Coordinator/inst/curr_pos_x_reg[1]_i_2' is not a valid startpoint. [E:/Git-Repos/CNC-FPGA/Zedboard-CNC/Zedboard-CNC.srcs/constrs_1/new/cnc_constraints.xdc:101]
Resolution: A valid start point is a main or generated clock pin or port, a clock pin of a sequential cell, or a primary input or inout port. Please validate that all the objects returned by your query belong to this list.
WARNING: [Constraints 18-402] set_multicycle_path: 'CNC_Top_i/XYZ_Axis_Coordinator/inst/curr_pos_x_reg[21]_i_1' is not a valid startpoint. [E:/Git-Repos/CNC-FPGA/Zedboard-CNC/Zedboard-CNC.srcs/constrs_1/new/cnc_constraints.xdc:101]
Resolution: A valid start point is a main or generated clock pin or port, a clock pin of a sequential cell, or a primary input or inout port. Please validate that all the objects returned by your query belong to this list.
WARNING: [Constraints 18-402] set_multicycle_path: 'CNC_Top_i/XYZ_Axis_Coordinator/inst/curr_pos_x_reg[25]_i_1' is not a valid startpoint. [E:/Git-Repos/CNC-FPGA/Zedboard-CNC/Zedboard-CNC.srcs/constrs_1/new/cnc_constraints.xdc:101]
Resolution: A valid start point is a main or generated clock pin or port, a clock pin of a sequential cell, or a primary input or inout port. Please validate that all the objects returned by your query belong to this list.
WARNING: [Constraints 18-402] set_multicycle_path: 'CNC_Top_i/XYZ_Axis_Coordinator/inst/curr_pos_x_reg[29]_i_1' is not a valid startpoint. [E:/Git-Repos/CNC-FPGA/Zedboard-CNC/Zedboard-CNC.srcs/constrs_1/new/cnc_constraints.xdc:101]
Resolution: A valid start point is a main or generated clock pin or port, a clock pin of a sequential cell, or a primary input or inout port. Please validate that all the objects returned by your query belong to this list.
WARNING: [Constraints 18-402] set_multicycle_path: 'CNC_Top_i/XYZ_Axis_Coordinator/inst/curr_pos_x_reg[5]_i_1' is not a valid startpoint. [E:/Git-Repos/CNC-FPGA/Zedboard-CNC/Zedboard-CNC.srcs/constrs_1/new/cnc_constraints.xdc:101]
Resolution: A valid start point is a main or generated clock pin or port, a clock pin of a sequential cell, or a primary input or inout port. Please validate that all the objects returned by your query belong to this list.
WARNING: [Constraints 18-402] set_multicycle_path: 'CNC_Top_i/XYZ_Axis_Coordinator/inst/curr_pos_x_reg[9]_i_1' is not a valid startpoint. [E:/Git-Repos/CNC-FPGA/Zedboard-CNC/Zedboard-CNC.srcs/constrs_1/new/cnc_constraints.xdc:101]
Resolution: A valid start point is a main or generated clock pin or port, a clock pin of a sequential cell, or a primary input or inout port. Please validate that all the objects returned by your query belong to this list.
WARNING: [Constraints 18-402] set_multicycle_path: 'CNC_Top_i/XYZ_Axis_Coordinator/inst/curr_pos_y_reg[13]_i_1' is not a valid startpoint. [E:/Git-Repos/CNC-FPGA/Zedboard-CNC/Zedboard-CNC.srcs/constrs_1/new/cnc_constraints.xdc:101]
Resolution: A valid start point is a main or generated clock pin or port, a clock pin of a sequential cell, or a primary input or inout port. Please validate that all the objects returned by your query belong to this list.
WARNING: [Constraints 18-402] set_multicycle_path: 'CNC_Top_i/XYZ_Axis_Coordinator/inst/curr_pos_y_reg[17]_i_1' is not a valid startpoint. [E:/Git-Repos/CNC-FPGA/Zedboard-CNC/Zedboard-CNC.srcs/constrs_1/new/cnc_constraints.xdc:101]
Resolution: A valid start point is a main or generated clock pin or port, a clock pin of a sequential cell, or a primary input or inout port. Please validate that all the objects returned by your query belong to this list.
WARNING: [Constraints 18-402] set_multicycle_path: 'CNC_Top_i/XYZ_Axis_Coordinator/inst/curr_pos_y_reg[1]_i_2' is not a valid startpoint. [E:/Git-Repos/CNC-FPGA/Zedboard-CNC/Zedboard-CNC.srcs/constrs_1/new/cnc_constraints.xdc:101]
Resolution: A valid start point is a main or generated clock pin or port, a clock pin of a sequential cell, or a primary input or inout port. Please validate that all the objects returned by your query belong to this list.
WARNING: [Constraints 18-402] set_multicycle_path: 'CNC_Top_i/XYZ_Axis_Coordinator/inst/curr_pos_y_reg[21]_i_1' is not a valid startpoint. [E:/Git-Repos/CNC-FPGA/Zedboard-CNC/Zedboard-CNC.srcs/constrs_1/new/cnc_constraints.xdc:101]
Resolution: A valid start point is a main or generated clock pin or port, a clock pin of a sequential cell, or a primary input or inout port. Please validate that all the objects returned by your query belong to this list.
WARNING: [Constraints 18-402] set_multicycle_path: 'CNC_Top_i/XYZ_Axis_Coordinator/inst/curr_pos_y_reg[25]_i_1' is not a valid startpoint. [E:/Git-Repos/CNC-FPGA/Zedboard-CNC/Zedboard-CNC.srcs/constrs_1/new/cnc_constraints.xdc:101]
Resolution: A valid start point is a main or generated clock pin or port, a clock pin of a sequential cell, or a primary input or inout port. Please validate that all the objects returned by your query belong to this list.
WARNING: [Constraints 18-402] set_multicycle_path: 'CNC_Top_i/XYZ_Axis_Coordinator/inst/curr_pos_y_reg[29]_i_1' is not a valid startpoint. [E:/Git-Repos/CNC-FPGA/Zedboard-CNC/Zedboard-CNC.srcs/constrs_1/new/cnc_constraints.xdc:101]
Resolution: A valid start point is a main or generated clock pin or port, a clock pin of a sequential cell, or a primary input or inout port. Please validate that all the objects returned by your query belong to this list.
WARNING: [Constraints 18-402] set_multicycle_path: 'CNC_Top_i/XYZ_Axis_Coordinator/inst/curr_pos_y_reg[5]_i_1' is not a valid startpoint. [E:/Git-Repos/CNC-FPGA/Zedboard-CNC/Zedboard-CNC.srcs/constrs_1/new/cnc_constraints.xdc:101]
Resolution: A valid start point is a main or generated clock pin or port, a clock pin of a sequential cell, or a primary input or inout port. Please validate that all the objects returned by your query belong to this list.
WARNING: [Constraints 18-402] set_multicycle_path: 'CNC_Top_i/XYZ_Axis_Coordinator/inst/curr_pos_y_reg[9]_i_1' is not a valid startpoint. [E:/Git-Repos/CNC-FPGA/Zedboard-CNC/Zedboard-CNC.srcs/constrs_1/new/cnc_constraints.xdc:101]
Resolution: A valid start point is a main or generated clock pin or port, a clock pin of a sequential cell, or a primary input or inout port. Please validate that all the objects returned by your query belong to this list.
WARNING: [Constraints 18-402] set_multicycle_path: 'CNC_Top_i/XYZ_Axis_Coordinator/inst/curr_pos_z_reg[0]_i_11' is not a valid startpoint. [E:/Git-Repos/CNC-FPGA/Zedboard-CNC/Zedboard-CNC.srcs/constrs_1/new/cnc_constraints.xdc:101]
Resolution: A valid start point is a main or generated clock pin or port, a clock pin of a sequential cell, or a primary input or inout port. Please validate that all the objects returned by your query belong to this list.
WARNING: [Constraints 18-402] set_multicycle_path: 'CNC_Top_i/XYZ_Axis_Coordinator/inst/curr_pos_z_reg[0]_i_2' is not a valid startpoint. [E:/Git-Repos/CNC-FPGA/Zedboard-CNC/Zedboard-CNC.srcs/constrs_1/new/cnc_constraints.xdc:101]
Resolution: A valid start point is a main or generated clock pin or port, a clock pin of a sequential cell, or a primary input or inout port. Please validate that all the objects returned by your query belong to this list.
WARNING: [Constraints 18-402] set_multicycle_path: 'CNC_Top_i/XYZ_Axis_Coordinator/inst/curr_pos_z_reg[0]_i_20' is not a valid startpoint. [E:/Git-Repos/CNC-FPGA/Zedboard-CNC/Zedboard-CNC.srcs/constrs_1/new/cnc_constraints.xdc:101]
Resolution: A valid start point is a main or generated clock pin or port, a clock pin of a sequential cell, or a primary input or inout port. Please validate that all the objects returned by your query belong to this list.
WARNING: [Constraints 18-402] set_multicycle_path: 'CNC_Top_i/XYZ_Axis_Coordinator/inst/curr_pos_z_reg[0]_i_29' is not a valid startpoint. [E:/Git-Repos/CNC-FPGA/Zedboard-CNC/Zedboard-CNC.srcs/constrs_1/new/cnc_constraints.xdc:101]
Resolution: A valid start point is a main or generated clock pin or port, a clock pin of a sequential cell, or a primary input or inout port. Please validate that all the objects returned by your query belong to this list.
WARNING: [Constraints 18-402] set_multicycle_path: 'CNC_Top_i/XYZ_Axis_Coordinator/inst/curr_pos_z_reg[0]_i_5' is not a valid startpoint. [E:/Git-Repos/CNC-FPGA/Zedboard-CNC/Zedboard-CNC.srcs/constrs_1/new/cnc_constraints.xdc:101]
Resolution: A valid start point is a main or generated clock pin or port, a clock pin of a sequential cell, or a primary input or inout port. Please validate that all the objects returned by your query belong to this list.
WARNING: [Constraints 18-402] set_multicycle_path: 'CNC_Top_i/XYZ_Axis_Coordinator/inst/curr_pos_z_reg[12]_i_1' is not a valid startpoint. [E:/Git-Repos/CNC-FPGA/Zedboard-CNC/Zedboard-CNC.srcs/constrs_1/new/cnc_constraints.xdc:101]
Resolution: A valid start point is a main or generated clock pin or port, a clock pin of a sequential cell, or a primary input or inout port. Please validate that all the objects returned by your query belong to this list.
WARNING: [Constraints 18-402] set_multicycle_path: 'CNC_Top_i/XYZ_Axis_Coordinator/inst/curr_pos_z_reg[16]_i_1' is not a valid startpoint. [E:/Git-Repos/CNC-FPGA/Zedboard-CNC/Zedboard-CNC.srcs/constrs_1/new/cnc_constraints.xdc:101]
Resolution: A valid start point is a main or generated clock pin or port, a clock pin of a sequential cell, or a primary input or inout port. Please validate that all the objects returned by your query belong to this list.
WARNING: [Constraints 18-402] set_multicycle_path: 'CNC_Top_i/XYZ_Axis_Coordinator/inst/curr_pos_z_reg[20]_i_1' is not a valid startpoint. [E:/Git-Repos/CNC-FPGA/Zedboard-CNC/Zedboard-CNC.srcs/constrs_1/new/cnc_constraints.xdc:101]
Resolution: A valid start point is a main or generated clock pin or port, a clock pin of a sequential cell, or a primary input or inout port. Please validate that all the objects returned by your query belong to this list.
WARNING: [Constraints 18-402] set_multicycle_path: 'CNC_Top_i/XYZ_Axis_Coordinator/inst/curr_pos_z_reg[24]_i_1' is not a valid startpoint. [E:/Git-Repos/CNC-FPGA/Zedboard-CNC/Zedboard-CNC.srcs/constrs_1/new/cnc_constraints.xdc:101]
Resolution: A valid start point is a main or generated clock pin or port, a clock pin of a sequential cell, or a primary input or inout port. Please validate that all the objects returned by your query belong to this list.
WARNING: [Constraints 18-402] set_multicycle_path: 'CNC_Top_i/XYZ_Axis_Coordinator/inst/curr_pos_z_reg[28]_i_1' is not a valid startpoint. [E:/Git-Repos/CNC-FPGA/Zedboard-CNC/Zedboard-CNC.srcs/constrs_1/new/cnc_constraints.xdc:101]
Resolution: A valid start point is a main or generated clock pin or port, a clock pin of a sequential cell, or a primary input or inout port. Please validate that all the objects returned by your query belong to this list.
WARNING: [Constraints 18-402] set_multicycle_path: 'CNC_Top_i/XYZ_Axis_Coordinator/inst/curr_pos_z_reg[4]_i_1' is not a valid startpoint. [E:/Git-Repos/CNC-FPGA/Zedboard-CNC/Zedboard-CNC.srcs/constrs_1/new/cnc_constraints.xdc:101]
Resolution: A valid start point is a main or generated clock pin or port, a clock pin of a sequential cell, or a primary input or inout port. Please validate that all the objects returned by your query belong to this list.
WARNING: [Constraints 18-402] set_multicycle_path: 'CNC_Top_i/XYZ_Axis_Coordinator/inst/curr_pos_z_reg[8]_i_1' is not a valid startpoint. [E:/Git-Repos/CNC-FPGA/Zedboard-CNC/Zedboard-CNC.srcs/constrs_1/new/cnc_constraints.xdc:101]
Resolution: A valid start point is a main or generated clock pin or port, a clock pin of a sequential cell, or a primary input or inout port. Please validate that all the objects returned by your query belong to this list.
WARNING: [Constraints 18-401] set_multicycle_path: 'CNC_Top_i/XYZ_Axis_Coordinator/inst/cycles_per_step_y_result1__0_i_1' is not a valid endpoint. [E:/Git-Repos/CNC-FPGA/Zedboard-CNC/Zedboard-CNC.srcs/constrs_1/new/cnc_constraints.xdc:103]
Resolution: A valid end point is a data pin of a sequential cell or a primary output or inout port. Please validate that all the objects returned by your query belong to this list.
WARNING: [Constraints 18-401] set_multicycle_path: 'CNC_Top_i/XYZ_Axis_Coordinator/inst/cycles_per_step_y_result1__0_i_10' is not a valid endpoint. [E:/Git-Repos/CNC-FPGA/Zedboard-CNC/Zedboard-CNC.srcs/constrs_1/new/cnc_constraints.xdc:103]
Resolution: A valid end point is a data pin of a sequential cell or a primary output or inout port. Please validate that all the objects returned by your query belong to this list.
WARNING: [Constraints 18-401] set_multicycle_path: 'CNC_Top_i/XYZ_Axis_Coordinator/inst/cycles_per_step_y_result1__0_i_11' is not a valid endpoint. [E:/Git-Repos/CNC-FPGA/Zedboard-CNC/Zedboard-CNC.srcs/constrs_1/new/cnc_constraints.xdc:103]
Resolution: A valid end point is a data pin of a sequential cell or a primary output or inout port. Please validate that all the objects returned by your query belong to this list.
WARNING: [Constraints 18-401] set_multicycle_path: 'CNC_Top_i/XYZ_Axis_Coordinator/inst/cycles_per_step_y_result1__0_i_12' is not a valid endpoint. [E:/Git-Repos/CNC-FPGA/Zedboard-CNC/Zedboard-CNC.srcs/constrs_1/new/cnc_constraints.xdc:103]
Resolution: A valid end point is a data pin of a sequential cell or a primary output or inout port. Please validate that all the objects returned by your query belong to this list.
WARNING: [Constraints 18-401] set_multicycle_path: 'CNC_Top_i/XYZ_Axis_Coordinator/inst/cycles_per_step_y_result1__0_i_13' is not a valid endpoint. [E:/Git-Repos/CNC-FPGA/Zedboard-CNC/Zedboard-CNC.srcs/constrs_1/new/cnc_constraints.xdc:103]
Resolution: A valid end point is a data pin of a sequential cell or a primary output or inout port. Please validate that all the objects returned by your query belong to this list.
WARNING: [Constraints 18-401] set_multicycle_path: 'CNC_Top_i/XYZ_Axis_Coordinator/inst/cycles_per_step_y_result1__0_i_14' is not a valid endpoint. [E:/Git-Repos/CNC-FPGA/Zedboard-CNC/Zedboard-CNC.srcs/constrs_1/new/cnc_constraints.xdc:103]
Resolution: A valid end point is a data pin of a sequential cell or a primary output or inout port. Please validate that all the objects returned by your query belong to this list.
WARNING: [Constraints 18-401] set_multicycle_path: 'CNC_Top_i/XYZ_Axis_Coordinator/inst/cycles_per_step_y_result1__0_i_15' is not a valid endpoint. [E:/Git-Repos/CNC-FPGA/Zedboard-CNC/Zedboard-CNC.srcs/constrs_1/new/cnc_constraints.xdc:103]
Resolution: A valid end point is a data pin of a sequential cell or a primary output or inout port. Please validate that all the objects returned by your query belong to this list.
WARNING: [Constraints 18-401] set_multicycle_path: 'CNC_Top_i/XYZ_Axis_Coordinator/inst/cycles_per_step_y_result1__0_i_16' is not a valid endpoint. [E:/Git-Repos/CNC-FPGA/Zedboard-CNC/Zedboard-CNC.srcs/constrs_1/new/cnc_constraints.xdc:103]
Resolution: A valid end point is a data pin of a sequential cell or a primary output or inout port. Please validate that all the objects returned by your query belong to this list.
WARNING: [Constraints 18-401] set_multicycle_path: 'CNC_Top_i/XYZ_Axis_Coordinator/inst/cycles_per_step_y_result1__0_i_17' is not a valid endpoint. [E:/Git-Repos/CNC-FPGA/Zedboard-CNC/Zedboard-CNC.srcs/constrs_1/new/cnc_constraints.xdc:103]
Resolution: A valid end point is a data pin of a sequential cell or a primary output or inout port. Please validate that all the objects returned by your query belong to this list.
WARNING: [Constraints 18-401] set_multicycle_path: 'CNC_Top_i/XYZ_Axis_Coordinator/inst/cycles_per_step_y_result1__0_i_18' is not a valid endpoint. [E:/Git-Repos/CNC-FPGA/Zedboard-CNC/Zedboard-CNC.srcs/constrs_1/new/cnc_constraints.xdc:103]
Resolution: A valid end point is a data pin of a sequential cell or a primary output or inout port. Please validate that all the objects returned by your query belong to this list.
WARNING: [Constraints 18-401] set_multicycle_path: 'CNC_Top_i/XYZ_Axis_Coordinator/inst/cycles_per_step_y_result1__0_i_19' is not a valid endpoint. [E:/Git-Repos/CNC-FPGA/Zedboard-CNC/Zedboard-CNC.srcs/constrs_1/new/cnc_constraints.xdc:103]
Resolution: A valid end point is a data pin of a sequential cell or a primary output or inout port. Please validate that all the objects returned by your query belong to this list.
WARNING: [Constraints 18-401] set_multicycle_path: 'CNC_Top_i/XYZ_Axis_Coordinator/inst/cycles_per_step_y_result1__0_i_2' is not a valid endpoint. [E:/Git-Repos/CNC-FPGA/Zedboard-CNC/Zedboard-CNC.srcs/constrs_1/new/cnc_constraints.xdc:103]
Resolution: A valid end point is a data pin of a sequential cell or a primary output or inout port. Please validate that all the objects returned by your query belong to this list.
WARNING: [Constraints 18-401] set_multicycle_path: 'CNC_Top_i/XYZ_Axis_Coordinator/inst/cycles_per_step_y_result1__0_i_20' is not a valid endpoint. [E:/Git-Repos/CNC-FPGA/Zedboard-CNC/Zedboard-CNC.srcs/constrs_1/new/cnc_constraints.xdc:103]
Resolution: A valid end point is a data pin of a sequential cell or a primary output or inout port. Please validate that all the objects returned by your query belong to this list.
WARNING: [Constraints 18-401] set_multicycle_path: 'CNC_Top_i/XYZ_Axis_Coordinator/inst/cycles_per_step_y_result1__0_i_21' is not a valid endpoint. [E:/Git-Repos/CNC-FPGA/Zedboard-CNC/Zedboard-CNC.srcs/constrs_1/new/cnc_constraints.xdc:103]
Resolution: A valid end point is a data pin of a sequential cell or a primary output or inout port. Please validate that all the objects returned by your query belong to this list.
WARNING: [Constraints 18-401] set_multicycle_path: 'CNC_Top_i/XYZ_Axis_Coordinator/inst/cycles_per_step_y_result1__0_i_22' is not a valid endpoint. [E:/Git-Repos/CNC-FPGA/Zedboard-CNC/Zedboard-CNC.srcs/constrs_1/new/cnc_constraints.xdc:103]
Resolution: A valid end point is a data pin of a sequential cell or a primary output or inout port. Please validate that all the objects returned by your query belong to this list.
WARNING: [Constraints 18-401] set_multicycle_path: 'CNC_Top_i/XYZ_Axis_Coordinator/inst/cycles_per_step_y_result1__0_i_23' is not a valid endpoint. [E:/Git-Repos/CNC-FPGA/Zedboard-CNC/Zedboard-CNC.srcs/constrs_1/new/cnc_constraints.xdc:103]
Resolution: A valid end point is a data pin of a sequential cell or a primary output or inout port. Please validate that all the objects returned by your query belong to this list.
WARNING: [Constraints 18-401] set_multicycle_path: 'CNC_Top_i/XYZ_Axis_Coordinator/inst/cycles_per_step_y_result1__0_i_24' is not a valid endpoint. [E:/Git-Repos/CNC-FPGA/Zedboard-CNC/Zedboard-CNC.srcs/constrs_1/new/cnc_constraints.xdc:103]
Resolution: A valid end point is a data pin of a sequential cell or a primary output or inout port. Please validate that all the objects returned by your query belong to this list.
WARNING: [Constraints 18-401] set_multicycle_path: 'CNC_Top_i/XYZ_Axis_Coordinator/inst/cycles_per_step_y_result1__0_i_25' is not a valid endpoint. [E:/Git-Repos/CNC-FPGA/Zedboard-CNC/Zedboard-CNC.srcs/constrs_1/new/cnc_constraints.xdc:103]
Resolution: A valid end point is a data pin of a sequential cell or a primary output or inout port. Please validate that all the objects returned by your query belong to this list.
WARNING: [Constraints 18-401] set_multicycle_path: 'CNC_Top_i/XYZ_Axis_Coordinator/inst/cycles_per_step_y_result1__0_i_26' is not a valid endpoint. [E:/Git-Repos/CNC-FPGA/Zedboard-CNC/Zedboard-CNC.srcs/constrs_1/new/cnc_constraints.xdc:103]
Resolution: A valid end point is a data pin of a sequential cell or a primary output or inout port. Please validate that all the objects returned by your query belong to this list.
WARNING: [Constraints 18-401] set_multicycle_path: 'CNC_Top_i/XYZ_Axis_Coordinator/inst/cycles_per_step_y_result1__0_i_27' is not a valid endpoint. [E:/Git-Repos/CNC-FPGA/Zedboard-CNC/Zedboard-CNC.srcs/constrs_1/new/cnc_constraints.xdc:103]
Resolution: A valid end point is a data pin of a sequential cell or a primary output or inout port. Please validate that all the objects returned by your query belong to this list.
WARNING: [Constraints 18-401] set_multicycle_path: 'CNC_Top_i/XYZ_Axis_Coordinator/inst/cycles_per_step_y_result1__0_i_28' is not a valid endpoint. [E:/Git-Repos/CNC-FPGA/Zedboard-CNC/Zedboard-CNC.srcs/constrs_1/new/cnc_constraints.xdc:103]
Resolution: A valid end point is a data pin of a sequential cell or a primary output or inout port. Please validate that all the objects returned by your query belong to this list.
WARNING: [Constraints 18-401] set_multicycle_path: 'CNC_Top_i/XYZ_Axis_Coordinator/inst/cycles_per_step_y_result1__0_i_29' is not a valid endpoint. [E:/Git-Repos/CNC-FPGA/Zedboard-CNC/Zedboard-CNC.srcs/constrs_1/new/cnc_constraints.xdc:103]
Resolution: A valid end point is a data pin of a sequential cell or a primary output or inout port. Please validate that all the objects returned by your query belong to this list.
WARNING: [Constraints 18-401] set_multicycle_path: 'CNC_Top_i/XYZ_Axis_Coordinator/inst/cycles_per_step_y_result1__0_i_3' is not a valid endpoint. [E:/Git-Repos/CNC-FPGA/Zedboard-CNC/Zedboard-CNC.srcs/constrs_1/new/cnc_constraints.xdc:103]
Resolution: A valid end point is a data pin of a sequential cell or a primary output or inout port. Please validate that all the objects returned by your query belong to this list.
WARNING: [Constraints 18-401] set_multicycle_path: 'CNC_Top_i/XYZ_Axis_Coordinator/inst/cycles_per_step_y_result1__0_i_30' is not a valid endpoint. [E:/Git-Repos/CNC-FPGA/Zedboard-CNC/Zedboard-CNC.srcs/constrs_1/new/cnc_constraints.xdc:103]
Resolution: A valid end point is a data pin of a sequential cell or a primary output or inout port. Please validate that all the objects returned by your query belong to this list.
WARNING: [Constraints 18-401] set_multicycle_path: 'CNC_Top_i/XYZ_Axis_Coordinator/inst/cycles_per_step_y_result1__0_i_31' is not a valid endpoint. [E:/Git-Repos/CNC-FPGA/Zedboard-CNC/Zedboard-CNC.srcs/constrs_1/new/cnc_constraints.xdc:103]
Resolution: A valid end point is a data pin of a sequential cell or a primary output or inout port. Please validate that all the objects returned by your query belong to this list.
WARNING: [Constraints 18-401] set_multicycle_path: 'CNC_Top_i/XYZ_Axis_Coordinator/inst/cycles_per_step_y_result1__0_i_32' is not a valid endpoint. [E:/Git-Repos/CNC-FPGA/Zedboard-CNC/Zedboard-CNC.srcs/constrs_1/new/cnc_constraints.xdc:103]
Resolution: A valid end point is a data pin of a sequential cell or a primary output or inout port. Please validate that all the objects returned by your query belong to this list.
WARNING: [Constraints 18-401] set_multicycle_path: 'CNC_Top_i/XYZ_Axis_Coordinator/inst/cycles_per_step_y_result1__0_i_33' is not a valid endpoint. [E:/Git-Repos/CNC-FPGA/Zedboard-CNC/Zedboard-CNC.srcs/constrs_1/new/cnc_constraints.xdc:103]
Resolution: A valid end point is a data pin of a sequential cell or a primary output or inout port. Please validate that all the objects returned by your query belong to this list.
WARNING: [Constraints 18-401] set_multicycle_path: 'CNC_Top_i/XYZ_Axis_Coordinator/inst/cycles_per_step_y_result1__0_i_34' is not a valid endpoint. [E:/Git-Repos/CNC-FPGA/Zedboard-CNC/Zedboard-CNC.srcs/constrs_1/new/cnc_constraints.xdc:103]
Resolution: A valid end point is a data pin of a sequential cell or a primary output or inout port. Please validate that all the objects returned by your query belong to this list.
WARNING: [Constraints 18-401] set_multicycle_path: 'CNC_Top_i/XYZ_Axis_Coordinator/inst/cycles_per_step_y_result1__0_i_35' is not a valid endpoint. [E:/Git-Repos/CNC-FPGA/Zedboard-CNC/Zedboard-CNC.srcs/constrs_1/new/cnc_constraints.xdc:103]
Resolution: A valid end point is a data pin of a sequential cell or a primary output or inout port. Please validate that all the objects returned by your query belong to this list.
WARNING: [Constraints 18-401] set_multicycle_path: 'CNC_Top_i/XYZ_Axis_Coordinator/inst/cycles_per_step_y_result1__0_i_36' is not a valid endpoint. [E:/Git-Repos/CNC-FPGA/Zedboard-CNC/Zedboard-CNC.srcs/constrs_1/new/cnc_constraints.xdc:103]
Resolution: A valid end point is a data pin of a sequential cell or a primary output or inout port. Please validate that all the objects returned by your query belong to this list.
WARNING: [Constraints 18-401] set_multicycle_path: 'CNC_Top_i/XYZ_Axis_Coordinator/inst/cycles_per_step_y_result1__0_i_37' is not a valid endpoint. [E:/Git-Repos/CNC-FPGA/Zedboard-CNC/Zedboard-CNC.srcs/constrs_1/new/cnc_constraints.xdc:103]
Resolution: A valid end point is a data pin of a sequential cell or a primary output or inout port. Please validate that all the objects returned by your query belong to this list.
WARNING: [Constraints 18-401] set_multicycle_path: 'CNC_Top_i/XYZ_Axis_Coordinator/inst/cycles_per_step_y_result1__0_i_38' is not a valid endpoint. [E:/Git-Repos/CNC-FPGA/Zedboard-CNC/Zedboard-CNC.srcs/constrs_1/new/cnc_constraints.xdc:103]
Resolution: A valid end point is a data pin of a sequential cell or a primary output or inout port. Please validate that all the objects returned by your query belong to this list.
WARNING: [Constraints 18-401] set_multicycle_path: 'CNC_Top_i/XYZ_Axis_Coordinator/inst/cycles_per_step_y_result1__0_i_39' is not a valid endpoint. [E:/Git-Repos/CNC-FPGA/Zedboard-CNC/Zedboard-CNC.srcs/constrs_1/new/cnc_constraints.xdc:103]
Resolution: A valid end point is a data pin of a sequential cell or a primary output or inout port. Please validate that all the objects returned by your query belong to this list.
WARNING: [Constraints 18-401] set_multicycle_path: 'CNC_Top_i/XYZ_Axis_Coordinator/inst/cycles_per_step_y_result1__0_i_4' is not a valid endpoint. [E:/Git-Repos/CNC-FPGA/Zedboard-CNC/Zedboard-CNC.srcs/constrs_1/new/cnc_constraints.xdc:103]
Resolution: A valid end point is a data pin of a sequential cell or a primary output or inout port. Please validate that all the objects returned by your query belong to this list.
WARNING: [Constraints 18-401] set_multicycle_path: 'CNC_Top_i/XYZ_Axis_Coordinator/inst/cycles_per_step_y_result1__0_i_40' is not a valid endpoint. [E:/Git-Repos/CNC-FPGA/Zedboard-CNC/Zedboard-CNC.srcs/constrs_1/new/cnc_constraints.xdc:103]
Resolution: A valid end point is a data pin of a sequential cell or a primary output or inout port. Please validate that all the objects returned by your query belong to this list.
WARNING: [Constraints 18-401] set_multicycle_path: 'CNC_Top_i/XYZ_Axis_Coordinator/inst/cycles_per_step_y_result1__0_i_41' is not a valid endpoint. [E:/Git-Repos/CNC-FPGA/Zedboard-CNC/Zedboard-CNC.srcs/constrs_1/new/cnc_constraints.xdc:103]
Resolution: A valid end point is a data pin of a sequential cell or a primary output or inout port. Please validate that all the objects returned by your query belong to this list.
WARNING: [Constraints 18-401] set_multicycle_path: 'CNC_Top_i/XYZ_Axis_Coordinator/inst/cycles_per_step_y_result1__0_i_42' is not a valid endpoint. [E:/Git-Repos/CNC-FPGA/Zedboard-CNC/Zedboard-CNC.srcs/constrs_1/new/cnc_constraints.xdc:103]
Resolution: A valid end point is a data pin of a sequential cell or a primary output or inout port. Please validate that all the objects returned by your query belong to this list.
WARNING: [Constraints 18-401] set_multicycle_path: 'CNC_Top_i/XYZ_Axis_Coordinator/inst/cycles_per_step_y_result1__0_i_43' is not a valid endpoint. [E:/Git-Repos/CNC-FPGA/Zedboard-CNC/Zedboard-CNC.srcs/constrs_1/new/cnc_constraints.xdc:103]
Resolution: A valid end point is a data pin of a sequential cell or a primary output or inout port. Please validate that all the objects returned by your query belong to this list.
WARNING: [Constraints 18-401] set_multicycle_path: 'CNC_Top_i/XYZ_Axis_Coordinator/inst/cycles_per_step_y_result1__0_i_44' is not a valid endpoint. [E:/Git-Repos/CNC-FPGA/Zedboard-CNC/Zedboard-CNC.srcs/constrs_1/new/cnc_constraints.xdc:103]
Resolution: A valid end point is a data pin of a sequential cell or a primary output or inout port. Please validate that all the objects returned by your query belong to this list.
WARNING: [Constraints 18-401] set_multicycle_path: 'CNC_Top_i/XYZ_Axis_Coordinator/inst/cycles_per_step_y_result1__0_i_45' is not a valid endpoint. [E:/Git-Repos/CNC-FPGA/Zedboard-CNC/Zedboard-CNC.srcs/constrs_1/new/cnc_constraints.xdc:103]
Resolution: A valid end point is a data pin of a sequential cell or a primary output or inout port. Please validate that all the objects returned by your query belong to this list.
WARNING: [Constraints 18-401] set_multicycle_path: 'CNC_Top_i/XYZ_Axis_Coordinator/inst/cycles_per_step_y_result1__0_i_46' is not a valid endpoint. [E:/Git-Repos/CNC-FPGA/Zedboard-CNC/Zedboard-CNC.srcs/constrs_1/new/cnc_constraints.xdc:103]
Resolution: A valid end point is a data pin of a sequential cell or a primary output or inout port. Please validate that all the objects returned by your query belong to this list.
WARNING: [Constraints 18-401] set_multicycle_path: 'CNC_Top_i/XYZ_Axis_Coordinator/inst/cycles_per_step_y_result1__0_i_47' is not a valid endpoint. [E:/Git-Repos/CNC-FPGA/Zedboard-CNC/Zedboard-CNC.srcs/constrs_1/new/cnc_constraints.xdc:103]
Resolution: A valid end point is a data pin of a sequential cell or a primary output or inout port. Please validate that all the objects returned by your query belong to this list.
WARNING: [Constraints 18-401] set_multicycle_path: 'CNC_Top_i/XYZ_Axis_Coordinator/inst/cycles_per_step_y_result1__0_i_48' is not a valid endpoint. [E:/Git-Repos/CNC-FPGA/Zedboard-CNC/Zedboard-CNC.srcs/constrs_1/new/cnc_constraints.xdc:103]
Resolution: A valid end point is a data pin of a sequential cell or a primary output or inout port. Please validate that all the objects returned by your query belong to this list.
WARNING: [Constraints 18-401] set_multicycle_path: 'CNC_Top_i/XYZ_Axis_Coordinator/inst/cycles_per_step_y_result1__0_i_49' is not a valid endpoint. [E:/Git-Repos/CNC-FPGA/Zedboard-CNC/Zedboard-CNC.srcs/constrs_1/new/cnc_constraints.xdc:103]
Resolution: A valid end point is a data pin of a sequential cell or a primary output or inout port. Please validate that all the objects returned by your query belong to this list.
WARNING: [Constraints 18-401] set_multicycle_path: 'CNC_Top_i/XYZ_Axis_Coordinator/inst/cycles_per_step_y_result1__0_i_5' is not a valid endpoint. [E:/Git-Repos/CNC-FPGA/Zedboard-CNC/Zedboard-CNC.srcs/constrs_1/new/cnc_constraints.xdc:103]
Resolution: A valid end point is a data pin of a sequential cell or a primary output or inout port. Please validate that all the objects returned by your query belong to this list.
WARNING: [Constraints 18-401] set_multicycle_path: 'CNC_Top_i/XYZ_Axis_Coordinator/inst/cycles_per_step_y_result1__0_i_50' is not a valid endpoint. [E:/Git-Repos/CNC-FPGA/Zedboard-CNC/Zedboard-CNC.srcs/constrs_1/new/cnc_constraints.xdc:103]
Resolution: A valid end point is a data pin of a sequential cell or a primary output or inout port. Please validate that all the objects returned by your query belong to this list.
WARNING: [Constraints 18-401] set_multicycle_path: 'CNC_Top_i/XYZ_Axis_Coordinator/inst/cycles_per_step_y_result1__0_i_51' is not a valid endpoint. [E:/Git-Repos/CNC-FPGA/Zedboard-CNC/Zedboard-CNC.srcs/constrs_1/new/cnc_constraints.xdc:103]
Resolution: A valid end point is a data pin of a sequential cell or a primary output or inout port. Please validate that all the objects returned by your query belong to this list.
WARNING: [Constraints 18-401] set_multicycle_path: 'CNC_Top_i/XYZ_Axis_Coordinator/inst/cycles_per_step_y_result1__0_i_52' is not a valid endpoint. [E:/Git-Repos/CNC-FPGA/Zedboard-CNC/Zedboard-CNC.srcs/constrs_1/new/cnc_constraints.xdc:103]
Resolution: A valid end point is a data pin of a sequential cell or a primary output or inout port. Please validate that all the objects returned by your query belong to this list.
WARNING: [Constraints 18-401] set_multicycle_path: 'CNC_Top_i/XYZ_Axis_Coordinator/inst/cycles_per_step_y_result1__0_i_53' is not a valid endpoint. [E:/Git-Repos/CNC-FPGA/Zedboard-CNC/Zedboard-CNC.srcs/constrs_1/new/cnc_constraints.xdc:103]
Resolution: A valid end point is a data pin of a sequential cell or a primary output or inout port. Please validate that all the objects returned by your query belong to this list.
WARNING: [Constraints 18-401] set_multicycle_path: 'CNC_Top_i/XYZ_Axis_Coordinator/inst/cycles_per_step_y_result1__0_i_54' is not a valid endpoint. [E:/Git-Repos/CNC-FPGA/Zedboard-CNC/Zedboard-CNC.srcs/constrs_1/new/cnc_constraints.xdc:103]
Resolution: A valid end point is a data pin of a sequential cell or a primary output or inout port. Please validate that all the objects returned by your query belong to this list.
WARNING: [Constraints 18-401] set_multicycle_path: 'CNC_Top_i/XYZ_Axis_Coordinator/inst/cycles_per_step_y_result1__0_i_55' is not a valid endpoint. [E:/Git-Repos/CNC-FPGA/Zedboard-CNC/Zedboard-CNC.srcs/constrs_1/new/cnc_constraints.xdc:103]
Resolution: A valid end point is a data pin of a sequential cell or a primary output or inout port. Please validate that all the objects returned by your query belong to this list.
WARNING: [Constraints 18-401] set_multicycle_path: 'CNC_Top_i/XYZ_Axis_Coordinator/inst/cycles_per_step_y_result1__0_i_56' is not a valid endpoint. [E:/Git-Repos/CNC-FPGA/Zedboard-CNC/Zedboard-CNC.srcs/constrs_1/new/cnc_constraints.xdc:103]
Resolution: A valid end point is a data pin of a sequential cell or a primary output or inout port. Please validate that all the objects returned by your query belong to this list.
WARNING: [Constraints 18-401] set_multicycle_path: 'CNC_Top_i/XYZ_Axis_Coordinator/inst/cycles_per_step_y_result1__0_i_57' is not a valid endpoint. [E:/Git-Repos/CNC-FPGA/Zedboard-CNC/Zedboard-CNC.srcs/constrs_1/new/cnc_constraints.xdc:103]
Resolution: A valid end point is a data pin of a sequential cell or a primary output or inout port. Please validate that all the objects returned by your query belong to this list.
WARNING: [Constraints 18-401] set_multicycle_path: 'CNC_Top_i/XYZ_Axis_Coordinator/inst/cycles_per_step_y_result1__0_i_58' is not a valid endpoint. [E:/Git-Repos/CNC-FPGA/Zedboard-CNC/Zedboard-CNC.srcs/constrs_1/new/cnc_constraints.xdc:103]
Resolution: A valid end point is a data pin of a sequential cell or a primary output or inout port. Please validate that all the objects returned by your query belong to this list.
WARNING: [Constraints 18-401] set_multicycle_path: 'CNC_Top_i/XYZ_Axis_Coordinator/inst/cycles_per_step_y_result1__0_i_59' is not a valid endpoint. [E:/Git-Repos/CNC-FPGA/Zedboard-CNC/Zedboard-CNC.srcs/constrs_1/new/cnc_constraints.xdc:103]
Resolution: A valid end point is a data pin of a sequential cell or a primary output or inout port. Please validate that all the objects returned by your query belong to this list.
WARNING: [Constraints 18-401] set_multicycle_path: 'CNC_Top_i/XYZ_Axis_Coordinator/inst/cycles_per_step_y_result1__0_i_6' is not a valid endpoint. [E:/Git-Repos/CNC-FPGA/Zedboard-CNC/Zedboard-CNC.srcs/constrs_1/new/cnc_constraints.xdc:103]
Resolution: A valid end point is a data pin of a sequential cell or a primary output or inout port. Please validate that all the objects returned by your query belong to this list.
WARNING: [Constraints 18-401] set_multicycle_path: 'CNC_Top_i/XYZ_Axis_Coordinator/inst/cycles_per_step_y_result1__0_i_60' is not a valid endpoint. [E:/Git-Repos/CNC-FPGA/Zedboard-CNC/Zedboard-CNC.srcs/constrs_1/new/cnc_constraints.xdc:103]
Resolution: A valid end point is a data pin of a sequential cell or a primary output or inout port. Please validate that all the objects returned by your query belong to this list.
WARNING: [Constraints 18-401] set_multicycle_path: 'CNC_Top_i/XYZ_Axis_Coordinator/inst/cycles_per_step_y_result1__0_i_61' is not a valid endpoint. [E:/Git-Repos/CNC-FPGA/Zedboard-CNC/Zedboard-CNC.srcs/constrs_1/new/cnc_constraints.xdc:103]
Resolution: A valid end point is a data pin of a sequential cell or a primary output or inout port. Please validate that all the objects returned by your query belong to this list.
WARNING: [Constraints 18-401] set_multicycle_path: 'CNC_Top_i/XYZ_Axis_Coordinator/inst/cycles_per_step_y_result1__0_i_62' is not a valid endpoint. [E:/Git-Repos/CNC-FPGA/Zedboard-CNC/Zedboard-CNC.srcs/constrs_1/new/cnc_constraints.xdc:103]
Resolution: A valid end point is a data pin of a sequential cell or a primary output or inout port. Please validate that all the objects returned by your query belong to this list.
WARNING: [Constraints 18-401] set_multicycle_path: 'CNC_Top_i/XYZ_Axis_Coordinator/inst/cycles_per_step_y_result1__0_i_63' is not a valid endpoint. [E:/Git-Repos/CNC-FPGA/Zedboard-CNC/Zedboard-CNC.srcs/constrs_1/new/cnc_constraints.xdc:103]
Resolution: A valid end point is a data pin of a sequential cell or a primary output or inout port. Please validate that all the objects returned by your query belong to this list.
WARNING: [Constraints 18-401] set_multicycle_path: 'CNC_Top_i/XYZ_Axis_Coordinator/inst/cycles_per_step_y_result1__0_i_64' is not a valid endpoint. [E:/Git-Repos/CNC-FPGA/Zedboard-CNC/Zedboard-CNC.srcs/constrs_1/new/cnc_constraints.xdc:103]
Resolution: A valid end point is a data pin of a sequential cell or a primary output or inout port. Please validate that all the objects returned by your query belong to this list.
WARNING: [Constraints 18-401] set_multicycle_path: 'CNC_Top_i/XYZ_Axis_Coordinator/inst/cycles_per_step_y_result1__0_i_65' is not a valid endpoint. [E:/Git-Repos/CNC-FPGA/Zedboard-CNC/Zedboard-CNC.srcs/constrs_1/new/cnc_constraints.xdc:103]
Resolution: A valid end point is a data pin of a sequential cell or a primary output or inout port. Please validate that all the objects returned by your query belong to this list.
WARNING: [Constraints 18-401] set_multicycle_path: 'CNC_Top_i/XYZ_Axis_Coordinator/inst/cycles_per_step_y_result1__0_i_66' is not a valid endpoint. [E:/Git-Repos/CNC-FPGA/Zedboard-CNC/Zedboard-CNC.srcs/constrs_1/new/cnc_constraints.xdc:103]
Resolution: A valid end point is a data pin of a sequential cell or a primary output or inout port. Please validate that all the objects returned by your query belong to this list.
WARNING: [Constraints 18-401] set_multicycle_path: 'CNC_Top_i/XYZ_Axis_Coordinator/inst/cycles_per_step_y_result1__0_i_67' is not a valid endpoint. [E:/Git-Repos/CNC-FPGA/Zedboard-CNC/Zedboard-CNC.srcs/constrs_1/new/cnc_constraints.xdc:103]
Resolution: A valid end point is a data pin of a sequential cell or a primary output or inout port. Please validate that all the objects returned by your query belong to this list.
WARNING: [Constraints 18-401] set_multicycle_path: 'CNC_Top_i/XYZ_Axis_Coordinator/inst/cycles_per_step_y_result1__0_i_68' is not a valid endpoint. [E:/Git-Repos/CNC-FPGA/Zedboard-CNC/Zedboard-CNC.srcs/constrs_1/new/cnc_constraints.xdc:103]
Resolution: A valid end point is a data pin of a sequential cell or a primary output or inout port. Please validate that all the objects returned by your query belong to this list.
WARNING: [Constraints 18-401] set_multicycle_path: 'CNC_Top_i/XYZ_Axis_Coordinator/inst/cycles_per_step_y_result1__0_i_69' is not a valid endpoint. [E:/Git-Repos/CNC-FPGA/Zedboard-CNC/Zedboard-CNC.srcs/constrs_1/new/cnc_constraints.xdc:103]
Resolution: A valid end point is a data pin of a sequential cell or a primary output or inout port. Please validate that all the objects returned by your query belong to this list.
WARNING: [Constraints 18-401] set_multicycle_path: 'CNC_Top_i/XYZ_Axis_Coordinator/inst/cycles_per_step_y_result1__0_i_7' is not a valid endpoint. [E:/Git-Repos/CNC-FPGA/Zedboard-CNC/Zedboard-CNC.srcs/constrs_1/new/cnc_constraints.xdc:103]
Resolution: A valid end point is a data pin of a sequential cell or a primary output or inout port. Please validate that all the objects returned by your query belong to this list.
WARNING: [Constraints 18-401] set_multicycle_path: 'CNC_Top_i/XYZ_Axis_Coordinator/inst/cycles_per_step_y_result1__0_i_70' is not a valid endpoint. [E:/Git-Repos/CNC-FPGA/Zedboard-CNC/Zedboard-CNC.srcs/constrs_1/new/cnc_constraints.xdc:103]
Resolution: A valid end point is a data pin of a sequential cell or a primary output or inout port. Please validate that all the objects returned by your query belong to this list.
WARNING: [Constraints 18-401] set_multicycle_path: 'CNC_Top_i/XYZ_Axis_Coordinator/inst/cycles_per_step_y_result1__0_i_71' is not a valid endpoint. [E:/Git-Repos/CNC-FPGA/Zedboard-CNC/Zedboard-CNC.srcs/constrs_1/new/cnc_constraints.xdc:103]
Resolution: A valid end point is a data pin of a sequential cell or a primary output or inout port. Please validate that all the objects returned by your query belong to this list.
WARNING: [Constraints 18-401] set_multicycle_path: 'CNC_Top_i/XYZ_Axis_Coordinator/inst/cycles_per_step_y_result1__0_i_8' is not a valid endpoint. [E:/Git-Repos/CNC-FPGA/Zedboard-CNC/Zedboard-CNC.srcs/constrs_1/new/cnc_constraints.xdc:103]
Resolution: A valid end point is a data pin of a sequential cell or a primary output or inout port. Please validate that all the objects returned by your query belong to this list.
WARNING: [Constraints 18-401] set_multicycle_path: 'CNC_Top_i/XYZ_Axis_Coordinator/inst/cycles_per_step_y_result1__0_i_9' is not a valid endpoint. [E:/Git-Repos/CNC-FPGA/Zedboard-CNC/Zedboard-CNC.srcs/constrs_1/new/cnc_constraints.xdc:103]
Resolution: A valid end point is a data pin of a sequential cell or a primary output or inout port. Please validate that all the objects returned by your query belong to this list.
WARNING: [Constraints 18-401] set_multicycle_path: 'CNC_Top_i/XYZ_Axis_Coordinator/inst/cycles_per_step_y_result1_i_1' is not a valid endpoint. [E:/Git-Repos/CNC-FPGA/Zedboard-CNC/Zedboard-CNC.srcs/constrs_1/new/cnc_constraints.xdc:103]
Resolution: A valid end point is a data pin of a sequential cell or a primary output or inout port. Please validate that all the objects returned by your query belong to this list.
WARNING: [Constraints 18-401] set_multicycle_path: 'CNC_Top_i/XYZ_Axis_Coordinator/inst/cycles_per_step_y_result1_i_10' is not a valid endpoint. [E:/Git-Repos/CNC-FPGA/Zedboard-CNC/Zedboard-CNC.srcs/constrs_1/new/cnc_constraints.xdc:103]
Resolution: A valid end point is a data pin of a sequential cell or a primary output or inout port. Please validate that all the objects returned by your query belong to this list.
WARNING: [Constraints 18-401] set_multicycle_path: 'CNC_Top_i/XYZ_Axis_Coordinator/inst/cycles_per_step_y_result1_i_11' is not a valid endpoint. [E:/Git-Repos/CNC-FPGA/Zedboard-CNC/Zedboard-CNC.srcs/constrs_1/new/cnc_constraints.xdc:103]
Resolution: A valid end point is a data pin of a sequential cell or a primary output or inout port. Please validate that all the objects returned by your query belong to this list.
WARNING: [Constraints 18-401] set_multicycle_path: 'CNC_Top_i/XYZ_Axis_Coordinator/inst/cycles_per_step_y_result1_i_12' is not a valid endpoint. [E:/Git-Repos/CNC-FPGA/Zedboard-CNC/Zedboard-CNC.srcs/constrs_1/new/cnc_constraints.xdc:103]
Resolution: A valid end point is a data pin of a sequential cell or a primary output or inout port. Please validate that all the objects returned by your query belong to this list.
WARNING: [Constraints 18-401] set_multicycle_path: 'CNC_Top_i/XYZ_Axis_Coordinator/inst/cycles_per_step_y_result1_i_13' is not a valid endpoint. [E:/Git-Repos/CNC-FPGA/Zedboard-CNC/Zedboard-CNC.srcs/constrs_1/new/cnc_constraints.xdc:103]
Resolution: A valid end point is a data pin of a sequential cell or a primary output or inout port. Please validate that all the objects returned by your query belong to this list.
WARNING: [Constraints 18-401] set_multicycle_path: 'CNC_Top_i/XYZ_Axis_Coordinator/inst/cycles_per_step_y_result1_i_14' is not a valid endpoint. [E:/Git-Repos/CNC-FPGA/Zedboard-CNC/Zedboard-CNC.srcs/constrs_1/new/cnc_constraints.xdc:103]
Resolution: A valid end point is a data pin of a sequential cell or a primary output or inout port. Please validate that all the objects returned by your query belong to this list.
WARNING: [Constraints 18-401] set_multicycle_path: 'CNC_Top_i/XYZ_Axis_Coordinator/inst/cycles_per_step_y_result1_i_15' is not a valid endpoint. [E:/Git-Repos/CNC-FPGA/Zedboard-CNC/Zedboard-CNC.srcs/constrs_1/new/cnc_constraints.xdc:103]
Resolution: A valid end point is a data pin of a sequential cell or a primary output or inout port. Please validate that all the objects returned by your query belong to this list.
WARNING: [Constraints 18-401] set_multicycle_path: 'CNC_Top_i/XYZ_Axis_Coordinator/inst/cycles_per_step_y_result1_i_16' is not a valid endpoint. [E:/Git-Repos/CNC-FPGA/Zedboard-CNC/Zedboard-CNC.srcs/constrs_1/new/cnc_constraints.xdc:103]
Resolution: A valid end point is a data pin of a sequential cell or a primary output or inout port. Please validate that all the objects returned by your query belong to this list.
WARNING: [Constraints 18-401] set_multicycle_path: 'CNC_Top_i/XYZ_Axis_Coordinator/inst/cycles_per_step_y_result1_i_17' is not a valid endpoint. [E:/Git-Repos/CNC-FPGA/Zedboard-CNC/Zedboard-CNC.srcs/constrs_1/new/cnc_constraints.xdc:103]
Resolution: A valid end point is a data pin of a sequential cell or a primary output or inout port. Please validate that all the objects returned by your query belong to this list.
WARNING: [Constraints 18-401] set_multicycle_path: 'CNC_Top_i/XYZ_Axis_Coordinator/inst/cycles_per_step_y_result1_i_18' is not a valid endpoint. [E:/Git-Repos/CNC-FPGA/Zedboard-CNC/Zedboard-CNC.srcs/constrs_1/new/cnc_constraints.xdc:103]
Resolution: A valid end point is a data pin of a sequential cell or a primary output or inout port. Please validate that all the objects returned by your query belong to this list.
WARNING: [Constraints 18-401] set_multicycle_path: 'CNC_Top_i/XYZ_Axis_Coordinator/inst/cycles_per_step_y_result1_i_19' is not a valid endpoint. [E:/Git-Repos/CNC-FPGA/Zedboard-CNC/Zedboard-CNC.srcs/constrs_1/new/cnc_constraints.xdc:103]
Resolution: A valid end point is a data pin of a sequential cell or a primary output or inout port. Please validate that all the objects returned by your query belong to this list.
WARNING: [Constraints 18-401] set_multicycle_path: 'CNC_Top_i/XYZ_Axis_Coordinator/inst/cycles_per_step_y_result1_i_2' is not a valid endpoint. [E:/Git-Repos/CNC-FPGA/Zedboard-CNC/Zedboard-CNC.srcs/constrs_1/new/cnc_constraints.xdc:103]
Resolution: A valid end point is a data pin of a sequential cell or a primary output or inout port. Please validate that all the objects returned by your query belong to this list.
WARNING: [Constraints 18-401] set_multicycle_path: 'CNC_Top_i/XYZ_Axis_Coordinator/inst/cycles_per_step_y_result1_i_20' is not a valid endpoint. [E:/Git-Repos/CNC-FPGA/Zedboard-CNC/Zedboard-CNC.srcs/constrs_1/new/cnc_constraints.xdc:103]
Resolution: A valid end point is a data pin of a sequential cell or a primary output or inout port. Please validate that all the objects returned by your query belong to this list.
WARNING: [Constraints 18-401] set_multicycle_path: 'CNC_Top_i/XYZ_Axis_Coordinator/inst/cycles_per_step_y_result1_i_21' is not a valid endpoint. [E:/Git-Repos/CNC-FPGA/Zedboard-CNC/Zedboard-CNC.srcs/constrs_1/new/cnc_constraints.xdc:103]
Resolution: A valid end point is a data pin of a sequential cell or a primary output or inout port. Please validate that all the objects returned by your query belong to this list.
WARNING: [Constraints 18-401] set_multicycle_path: 'CNC_Top_i/XYZ_Axis_Coordinator/inst/cycles_per_step_y_result1_i_22' is not a valid endpoint. [E:/Git-Repos/CNC-FPGA/Zedboard-CNC/Zedboard-CNC.srcs/constrs_1/new/cnc_constraints.xdc:103]
Resolution: A valid end point is a data pin of a sequential cell or a primary output or inout port. Please validate that all the objects returned by your query belong to this list.
WARNING: [Constraints 18-401] set_multicycle_path: 'CNC_Top_i/XYZ_Axis_Coordinator/inst/cycles_per_step_y_result1_i_23' is not a valid endpoint. [E:/Git-Repos/CNC-FPGA/Zedboard-CNC/Zedboard-CNC.srcs/constrs_1/new/cnc_constraints.xdc:103]
Resolution: A valid end point is a data pin of a sequential cell or a primary output or inout port. Please validate that all the objects returned by your query belong to this list.
WARNING: [Constraints 18-401] set_multicycle_path: 'CNC_Top_i/XYZ_Axis_Coordinator/inst/cycles_per_step_y_result1_i_24' is not a valid endpoint. [E:/Git-Repos/CNC-FPGA/Zedboard-CNC/Zedboard-CNC.srcs/constrs_1/new/cnc_constraints.xdc:103]
Resolution: A valid end point is a data pin of a sequential cell or a primary output or inout port. Please validate that all the objects returned by your query belong to this list.
WARNING: [Constraints 18-401] set_multicycle_path: 'CNC_Top_i/XYZ_Axis_Coordinator/inst/cycles_per_step_y_result1_i_25' is not a valid endpoint. [E:/Git-Repos/CNC-FPGA/Zedboard-CNC/Zedboard-CNC.srcs/constrs_1/new/cnc_constraints.xdc:103]
Resolution: A valid end point is a data pin of a sequential cell or a primary output or inout port. Please validate that all the objects returned by your query belong to this list.
WARNING: [Constraints 18-401] set_multicycle_path: 'CNC_Top_i/XYZ_Axis_Coordinator/inst/cycles_per_step_y_result1_i_26' is not a valid endpoint. [E:/Git-Repos/CNC-FPGA/Zedboard-CNC/Zedboard-CNC.srcs/constrs_1/new/cnc_constraints.xdc:103]
Resolution: A valid end point is a data pin of a sequential cell or a primary output or inout port. Please validate that all the objects returned by your query belong to this list.
WARNING: [Constraints 18-401] set_multicycle_path: 'CNC_Top_i/XYZ_Axis_Coordinator/inst/cycles_per_step_y_result1_i_27' is not a valid endpoint. [E:/Git-Repos/CNC-FPGA/Zedboard-CNC/Zedboard-CNC.srcs/constrs_1/new/cnc_constraints.xdc:103]
Resolution: A valid end point is a data pin of a sequential cell or a primary output or inout port. Please validate that all the objects returned by your query belong to this list.
WARNING: [Constraints 18-401] set_multicycle_path: 'CNC_Top_i/XYZ_Axis_Coordinator/inst/cycles_per_step_y_result1_i_28' is not a valid endpoint. [E:/Git-Repos/CNC-FPGA/Zedboard-CNC/Zedboard-CNC.srcs/constrs_1/new/cnc_constraints.xdc:103]
Resolution: A valid end point is a data pin of a sequential cell or a primary output or inout port. Please validate that all the objects returned by your query belong to this list.
WARNING: [Constraints 18-401] set_multicycle_path: 'CNC_Top_i/XYZ_Axis_Coordinator/inst/cycles_per_step_y_result1_i_29' is not a valid endpoint. [E:/Git-Repos/CNC-FPGA/Zedboard-CNC/Zedboard-CNC.srcs/constrs_1/new/cnc_constraints.xdc:103]
Resolution: A valid end point is a data pin of a sequential cell or a primary output or inout port. Please validate that all the objects returned by your query belong to this list.
WARNING: [Constraints 18-401] set_multicycle_path: 'CNC_Top_i/XYZ_Axis_Coordinator/inst/cycles_per_step_y_result1_i_3' is not a valid endpoint. [E:/Git-Repos/CNC-FPGA/Zedboard-CNC/Zedboard-CNC.srcs/constrs_1/new/cnc_constraints.xdc:103]
Resolution: A valid end point is a data pin of a sequential cell or a primary output or inout port. Please validate that all the objects returned by your query belong to this list.
WARNING: [Constraints 18-401] set_multicycle_path: 'CNC_Top_i/XYZ_Axis_Coordinator/inst/cycles_per_step_y_result1_i_30' is not a valid endpoint. [E:/Git-Repos/CNC-FPGA/Zedboard-CNC/Zedboard-CNC.srcs/constrs_1/new/cnc_constraints.xdc:103]
Resolution: A valid end point is a data pin of a sequential cell or a primary output or inout port. Please validate that all the objects returned by your query belong to this list.
WARNING: [Constraints 18-401] set_multicycle_path: 'CNC_Top_i/XYZ_Axis_Coordinator/inst/cycles_per_step_y_result1_i_31' is not a valid endpoint. [E:/Git-Repos/CNC-FPGA/Zedboard-CNC/Zedboard-CNC.srcs/constrs_1/new/cnc_constraints.xdc:103]
Resolution: A valid end point is a data pin of a sequential cell or a primary output or inout port. Please validate that all the objects returned by your query belong to this list.
WARNING: [Constraints 18-401] set_multicycle_path: 'CNC_Top_i/XYZ_Axis_Coordinator/inst/cycles_per_step_y_result1_i_32' is not a valid endpoint. [E:/Git-Repos/CNC-FPGA/Zedboard-CNC/Zedboard-CNC.srcs/constrs_1/new/cnc_constraints.xdc:103]
Resolution: A valid end point is a data pin of a sequential cell or a primary output or inout port. Please validate that all the objects returned by your query belong to this list.
WARNING: [Constraints 18-401] set_multicycle_path: 'CNC_Top_i/XYZ_Axis_Coordinator/inst/cycles_per_step_y_result1_i_33' is not a valid endpoint. [E:/Git-Repos/CNC-FPGA/Zedboard-CNC/Zedboard-CNC.srcs/constrs_1/new/cnc_constraints.xdc:103]
Resolution: A valid end point is a data pin of a sequential cell or a primary output or inout port. Please validate that all the objects returned by your query belong to this list.
WARNING: [Constraints 18-401] set_multicycle_path: 'CNC_Top_i/XYZ_Axis_Coordinator/inst/cycles_per_step_y_result1_i_34' is not a valid endpoint. [E:/Git-Repos/CNC-FPGA/Zedboard-CNC/Zedboard-CNC.srcs/constrs_1/new/cnc_constraints.xdc:103]
Resolution: A valid end point is a data pin of a sequential cell or a primary output or inout port. Please validate that all the objects returned by your query belong to this list.
WARNING: [Constraints 18-401] set_multicycle_path: 'CNC_Top_i/XYZ_Axis_Coordinator/inst/cycles_per_step_y_result1_i_35' is not a valid endpoint. [E:/Git-Repos/CNC-FPGA/Zedboard-CNC/Zedboard-CNC.srcs/constrs_1/new/cnc_constraints.xdc:103]
Resolution: A valid end point is a data pin of a sequential cell or a primary output or inout port. Please validate that all the objects returned by your query belong to this list.
INFO: [Common 17-14] Message 'Constraints 18-401' appears 100 times and further instances of the messages will be disabled. Use the Tcl command set_msg_config to change the current settings. [E:/Git-Repos/CNC-FPGA/Zedboard-CNC/Zedboard-CNC.srcs/constrs_1/new/cnc_constraints.xdc:103]
WARNING: [Constraints 18-402] set_multicycle_path: 'CNC_Top_i/XYZ_Axis_Coordinator/inst/curr_pos_x_reg[13]_i_1' is not a valid startpoint. [E:/Git-Repos/CNC-FPGA/Zedboard-CNC/Zedboard-CNC.srcs/constrs_1/new/cnc_constraints.xdc:109]
Resolution: A valid start point is a main or generated clock pin or port, a clock pin of a sequential cell, or a primary input or inout port. Please validate that all the objects returned by your query belong to this list.
WARNING: [Constraints 18-402] set_multicycle_path: 'CNC_Top_i/XYZ_Axis_Coordinator/inst/curr_pos_x_reg[17]_i_1' is not a valid startpoint. [E:/Git-Repos/CNC-FPGA/Zedboard-CNC/Zedboard-CNC.srcs/constrs_1/new/cnc_constraints.xdc:109]
Resolution: A valid start point is a main or generated clock pin or port, a clock pin of a sequential cell, or a primary input or inout port. Please validate that all the objects returned by your query belong to this list.
WARNING: [Constraints 18-402] set_multicycle_path: 'CNC_Top_i/XYZ_Axis_Coordinator/inst/curr_pos_x_reg[1]_i_2' is not a valid startpoint. [E:/Git-Repos/CNC-FPGA/Zedboard-CNC/Zedboard-CNC.srcs/constrs_1/new/cnc_constraints.xdc:109]
Resolution: A valid start point is a main or generated clock pin or port, a clock pin of a sequential cell, or a primary input or inout port. Please validate that all the objects returned by your query belong to this list.
WARNING: [Constraints 18-402] set_multicycle_path: 'CNC_Top_i/XYZ_Axis_Coordinator/inst/curr_pos_x_reg[21]_i_1' is not a valid startpoint. [E:/Git-Repos/CNC-FPGA/Zedboard-CNC/Zedboard-CNC.srcs/constrs_1/new/cnc_constraints.xdc:109]
Resolution: A valid start point is a main or generated clock pin or port, a clock pin of a sequential cell, or a primary input or inout port. Please validate that all the objects returned by your query belong to this list.
WARNING: [Constraints 18-402] set_multicycle_path: 'CNC_Top_i/XYZ_Axis_Coordinator/inst/curr_pos_x_reg[25]_i_1' is not a valid startpoint. [E:/Git-Repos/CNC-FPGA/Zedboard-CNC/Zedboard-CNC.srcs/constrs_1/new/cnc_constraints.xdc:109]
Resolution: A valid start point is a main or generated clock pin or port, a clock pin of a sequential cell, or a primary input or inout port. Please validate that all the objects returned by your query belong to this list.
WARNING: [Constraints 18-402] set_multicycle_path: 'CNC_Top_i/XYZ_Axis_Coordinator/inst/curr_pos_x_reg[29]_i_1' is not a valid startpoint. [E:/Git-Repos/CNC-FPGA/Zedboard-CNC/Zedboard-CNC.srcs/constrs_1/new/cnc_constraints.xdc:109]
Resolution: A valid start point is a main or generated clock pin or port, a clock pin of a sequential cell, or a primary input or inout port. Please validate that all the objects returned by your query belong to this list.
WARNING: [Constraints 18-402] set_multicycle_path: 'CNC_Top_i/XYZ_Axis_Coordinator/inst/curr_pos_x_reg[5]_i_1' is not a valid startpoint. [E:/Git-Repos/CNC-FPGA/Zedboard-CNC/Zedboard-CNC.srcs/constrs_1/new/cnc_constraints.xdc:109]
Resolution: A valid start point is a main or generated clock pin or port, a clock pin of a sequential cell, or a primary input or inout port. Please validate that all the objects returned by your query belong to this list.
WARNING: [Constraints 18-402] set_multicycle_path: 'CNC_Top_i/XYZ_Axis_Coordinator/inst/curr_pos_x_reg[9]_i_1' is not a valid startpoint. [E:/Git-Repos/CNC-FPGA/Zedboard-CNC/Zedboard-CNC.srcs/constrs_1/new/cnc_constraints.xdc:109]
Resolution: A valid start point is a main or generated clock pin or port, a clock pin of a sequential cell, or a primary input or inout port. Please validate that all the objects returned by your query belong to this list.
WARNING: [Constraints 18-402] set_multicycle_path: 'CNC_Top_i/XYZ_Axis_Coordinator/inst/curr_pos_y_reg[13]_i_1' is not a valid startpoint. [E:/Git-Repos/CNC-FPGA/Zedboard-CNC/Zedboard-CNC.srcs/constrs_1/new/cnc_constraints.xdc:109]
Resolution: A valid start point is a main or generated clock pin or port, a clock pin of a sequential cell, or a primary input or inout port. Please validate that all the objects returned by your query belong to this list.
WARNING: [Constraints 18-402] set_multicycle_path: 'CNC_Top_i/XYZ_Axis_Coordinator/inst/curr_pos_y_reg[17]_i_1' is not a valid startpoint. [E:/Git-Repos/CNC-FPGA/Zedboard-CNC/Zedboard-CNC.srcs/constrs_1/new/cnc_constraints.xdc:109]
Resolution: A valid start point is a main or generated clock pin or port, a clock pin of a sequential cell, or a primary input or inout port. Please validate that all the objects returned by your query belong to this list.
WARNING: [Constraints 18-402] set_multicycle_path: 'CNC_Top_i/XYZ_Axis_Coordinator/inst/curr_pos_y_reg[1]_i_2' is not a valid startpoint. [E:/Git-Repos/CNC-FPGA/Zedboard-CNC/Zedboard-CNC.srcs/constrs_1/new/cnc_constraints.xdc:109]
Resolution: A valid start point is a main or generated clock pin or port, a clock pin of a sequential cell, or a primary input or inout port. Please validate that all the objects returned by your query belong to this list.
WARNING: [Constraints 18-402] set_multicycle_path: 'CNC_Top_i/XYZ_Axis_Coordinator/inst/curr_pos_y_reg[21]_i_1' is not a valid startpoint. [E:/Git-Repos/CNC-FPGA/Zedboard-CNC/Zedboard-CNC.srcs/constrs_1/new/cnc_constraints.xdc:109]
Resolution: A valid start point is a main or generated clock pin or port, a clock pin of a sequential cell, or a primary input or inout port. Please validate that all the objects returned by your query belong to this list.
WARNING: [Constraints 18-402] set_multicycle_path: 'CNC_Top_i/XYZ_Axis_Coordinator/inst/curr_pos_y_reg[25]_i_1' is not a valid startpoint. [E:/Git-Repos/CNC-FPGA/Zedboard-CNC/Zedboard-CNC.srcs/constrs_1/new/cnc_constraints.xdc:109]
Resolution: A valid start point is a main or generated clock pin or port, a clock pin of a sequential cell, or a primary input or inout port. Please validate that all the objects returned by your query belong to this list.
WARNING: [Constraints 18-402] set_multicycle_path: 'CNC_Top_i/XYZ_Axis_Coordinator/inst/curr_pos_y_reg[29]_i_1' is not a valid startpoint. [E:/Git-Repos/CNC-FPGA/Zedboard-CNC/Zedboard-CNC.srcs/constrs_1/new/cnc_constraints.xdc:109]
Resolution: A valid start point is a main or generated clock pin or port, a clock pin of a sequential cell, or a primary input or inout port. Please validate that all the objects returned by your query belong to this list.
WARNING: [Constraints 18-402] set_multicycle_path: 'CNC_Top_i/XYZ_Axis_Coordinator/inst/curr_pos_y_reg[5]_i_1' is not a valid startpoint. [E:/Git-Repos/CNC-FPGA/Zedboard-CNC/Zedboard-CNC.srcs/constrs_1/new/cnc_constraints.xdc:109]
Resolution: A valid start point is a main or generated clock pin or port, a clock pin of a sequential cell, or a primary input or inout port. Please validate that all the objects returned by your query belong to this list.
WARNING: [Constraints 18-402] set_multicycle_path: 'CNC_Top_i/XYZ_Axis_Coordinator/inst/curr_pos_y_reg[9]_i_1' is not a valid startpoint. [E:/Git-Repos/CNC-FPGA/Zedboard-CNC/Zedboard-CNC.srcs/constrs_1/new/cnc_constraints.xdc:109]
Resolution: A valid start point is a main or generated clock pin or port, a clock pin of a sequential cell, or a primary input or inout port. Please validate that all the objects returned by your query belong to this list.
WARNING: [Constraints 18-402] set_multicycle_path: 'CNC_Top_i/XYZ_Axis_Coordinator/inst/curr_pos_z_reg[0]_i_11' is not a valid startpoint. [E:/Git-Repos/CNC-FPGA/Zedboard-CNC/Zedboard-CNC.srcs/constrs_1/new/cnc_constraints.xdc:109]
Resolution: A valid start point is a main or generated clock pin or port, a clock pin of a sequential cell, or a primary input or inout port. Please validate that all the objects returned by your query belong to this list.
WARNING: [Constraints 18-402] set_multicycle_path: 'CNC_Top_i/XYZ_Axis_Coordinator/inst/curr_pos_z_reg[0]_i_2' is not a valid startpoint. [E:/Git-Repos/CNC-FPGA/Zedboard-CNC/Zedboard-CNC.srcs/constrs_1/new/cnc_constraints.xdc:109]
Resolution: A valid start point is a main or generated clock pin or port, a clock pin of a sequential cell, or a primary input or inout port. Please validate that all the objects returned by your query belong to this list.
WARNING: [Constraints 18-402] set_multicycle_path: 'CNC_Top_i/XYZ_Axis_Coordinator/inst/curr_pos_z_reg[0]_i_20' is not a valid startpoint. [E:/Git-Repos/CNC-FPGA/Zedboard-CNC/Zedboard-CNC.srcs/constrs_1/new/cnc_constraints.xdc:109]
Resolution: A valid start point is a main or generated clock pin or port, a clock pin of a sequential cell, or a primary input or inout port. Please validate that all the objects returned by your query belong to this list.
WARNING: [Constraints 18-402] set_multicycle_path: 'CNC_Top_i/XYZ_Axis_Coordinator/inst/curr_pos_z_reg[0]_i_29' is not a valid startpoint. [E:/Git-Repos/CNC-FPGA/Zedboard-CNC/Zedboard-CNC.srcs/constrs_1/new/cnc_constraints.xdc:109]
Resolution: A valid start point is a main or generated clock pin or port, a clock pin of a sequential cell, or a primary input or inout port. Please validate that all the objects returned by your query belong to this list.
WARNING: [Constraints 18-402] set_multicycle_path: 'CNC_Top_i/XYZ_Axis_Coordinator/inst/curr_pos_z_reg[0]_i_5' is not a valid startpoint. [E:/Git-Repos/CNC-FPGA/Zedboard-CNC/Zedboard-CNC.srcs/constrs_1/new/cnc_constraints.xdc:109]
Resolution: A valid start point is a main or generated clock pin or port, a clock pin of a sequential cell, or a primary input or inout port. Please validate that all the objects returned by your query belong to this list.
WARNING: [Constraints 18-402] set_multicycle_path: 'CNC_Top_i/XYZ_Axis_Coordinator/inst/curr_pos_z_reg[12]_i_1' is not a valid startpoint. [E:/Git-Repos/CNC-FPGA/Zedboard-CNC/Zedboard-CNC.srcs/constrs_1/new/cnc_constraints.xdc:109]
Resolution: A valid start point is a main or generated clock pin or port, a clock pin of a sequential cell, or a primary input or inout port. Please validate that all the objects returned by your query belong to this list.
WARNING: [Constraints 18-402] set_multicycle_path: 'CNC_Top_i/XYZ_Axis_Coordinator/inst/curr_pos_z_reg[16]_i_1' is not a valid startpoint. [E:/Git-Repos/CNC-FPGA/Zedboard-CNC/Zedboard-CNC.srcs/constrs_1/new/cnc_constraints.xdc:109]
Resolution: A valid start point is a main or generated clock pin or port, a clock pin of a sequential cell, or a primary input or inout port. Please validate that all the objects returned by your query belong to this list.
WARNING: [Constraints 18-402] set_multicycle_path: 'CNC_Top_i/XYZ_Axis_Coordinator/inst/curr_pos_z_reg[20]_i_1' is not a valid startpoint. [E:/Git-Repos/CNC-FPGA/Zedboard-CNC/Zedboard-CNC.srcs/constrs_1/new/cnc_constraints.xdc:109]
Resolution: A valid start point is a main or generated clock pin or port, a clock pin of a sequential cell, or a primary input or inout port. Please validate that all the objects returned by your query belong to this list.
WARNING: [Constraints 18-402] set_multicycle_path: 'CNC_Top_i/XYZ_Axis_Coordinator/inst/curr_pos_z_reg[24]_i_1' is not a valid startpoint. [E:/Git-Repos/CNC-FPGA/Zedboard-CNC/Zedboard-CNC.srcs/constrs_1/new/cnc_constraints.xdc:109]
Resolution: A valid start point is a main or generated clock pin or port, a clock pin of a sequential cell, or a primary input or inout port. Please validate that all the objects returned by your query belong to this list.
WARNING: [Constraints 18-402] set_multicycle_path: 'CNC_Top_i/XYZ_Axis_Coordinator/inst/curr_pos_z_reg[28]_i_1' is not a valid startpoint. [E:/Git-Repos/CNC-FPGA/Zedboard-CNC/Zedboard-CNC.srcs/constrs_1/new/cnc_constraints.xdc:109]
Resolution: A valid start point is a main or generated clock pin or port, a clock pin of a sequential cell, or a primary input or inout port. Please validate that all the objects returned by your query belong to this list.
WARNING: [Constraints 18-402] set_multicycle_path: 'CNC_Top_i/XYZ_Axis_Coordinator/inst/curr_pos_z_reg[4]_i_1' is not a valid startpoint. [E:/Git-Repos/CNC-FPGA/Zedboard-CNC/Zedboard-CNC.srcs/constrs_1/new/cnc_constraints.xdc:109]
Resolution: A valid start point is a main or generated clock pin or port, a clock pin of a sequential cell, or a primary input or inout port. Please validate that all the objects returned by your query belong to this list.
WARNING: [Constraints 18-402] set_multicycle_path: 'CNC_Top_i/XYZ_Axis_Coordinator/inst/curr_pos_z_reg[8]_i_1' is not a valid startpoint. [E:/Git-Repos/CNC-FPGA/Zedboard-CNC/Zedboard-CNC.srcs/constrs_1/new/cnc_constraints.xdc:109]
Resolution: A valid start point is a main or generated clock pin or port, a clock pin of a sequential cell, or a primary input or inout port. Please validate that all the objects returned by your query belong to this list.
WARNING: [Constraints 18-402] set_multicycle_path: 'CNC_Top_i/XYZ_Axis_Coordinator/inst/curr_pos_x_reg[13]_i_1' is not a valid startpoint. [E:/Git-Repos/CNC-FPGA/Zedboard-CNC/Zedboard-CNC.srcs/constrs_1/new/cnc_constraints.xdc:110]
Resolution: A valid start point is a main or generated clock pin or port, a clock pin of a sequential cell, or a primary input or inout port. Please validate that all the objects returned by your query belong to this list.
WARNING: [Constraints 18-402] set_multicycle_path: 'CNC_Top_i/XYZ_Axis_Coordinator/inst/curr_pos_x_reg[17]_i_1' is not a valid startpoint. [E:/Git-Repos/CNC-FPGA/Zedboard-CNC/Zedboard-CNC.srcs/constrs_1/new/cnc_constraints.xdc:110]
Resolution: A valid start point is a main or generated clock pin or port, a clock pin of a sequential cell, or a primary input or inout port. Please validate that all the objects returned by your query belong to this list.
WARNING: [Constraints 18-402] set_multicycle_path: 'CNC_Top_i/XYZ_Axis_Coordinator/inst/curr_pos_x_reg[1]_i_2' is not a valid startpoint. [E:/Git-Repos/CNC-FPGA/Zedboard-CNC/Zedboard-CNC.srcs/constrs_1/new/cnc_constraints.xdc:110]
Resolution: A valid start point is a main or generated clock pin or port, a clock pin of a sequential cell, or a primary input or inout port. Please validate that all the objects returned by your query belong to this list.
WARNING: [Constraints 18-402] set_multicycle_path: 'CNC_Top_i/XYZ_Axis_Coordinator/inst/curr_pos_x_reg[21]_i_1' is not a valid startpoint. [E:/Git-Repos/CNC-FPGA/Zedboard-CNC/Zedboard-CNC.srcs/constrs_1/new/cnc_constraints.xdc:110]
Resolution: A valid start point is a main or generated clock pin or port, a clock pin of a sequential cell, or a primary input or inout port. Please validate that all the objects returned by your query belong to this list.
WARNING: [Constraints 18-402] set_multicycle_path: 'CNC_Top_i/XYZ_Axis_Coordinator/inst/curr_pos_x_reg[25]_i_1' is not a valid startpoint. [E:/Git-Repos/CNC-FPGA/Zedboard-CNC/Zedboard-CNC.srcs/constrs_1/new/cnc_constraints.xdc:110]
Resolution: A valid start point is a main or generated clock pin or port, a clock pin of a sequential cell, or a primary input or inout port. Please validate that all the objects returned by your query belong to this list.
WARNING: [Constraints 18-402] set_multicycle_path: 'CNC_Top_i/XYZ_Axis_Coordinator/inst/curr_pos_x_reg[29]_i_1' is not a valid startpoint. [E:/Git-Repos/CNC-FPGA/Zedboard-CNC/Zedboard-CNC.srcs/constrs_1/new/cnc_constraints.xdc:110]
Resolution: A valid start point is a main or generated clock pin or port, a clock pin of a sequential cell, or a primary input or inout port. Please validate that all the objects returned by your query belong to this list.
WARNING: [Constraints 18-402] set_multicycle_path: 'CNC_Top_i/XYZ_Axis_Coordinator/inst/curr_pos_x_reg[5]_i_1' is not a valid startpoint. [E:/Git-Repos/CNC-FPGA/Zedboard-CNC/Zedboard-CNC.srcs/constrs_1/new/cnc_constraints.xdc:110]
Resolution: A valid start point is a main or generated clock pin or port, a clock pin of a sequential cell, or a primary input or inout port. Please validate that all the objects returned by your query belong to this list.
WARNING: [Constraints 18-402] set_multicycle_path: 'CNC_Top_i/XYZ_Axis_Coordinator/inst/curr_pos_x_reg[9]_i_1' is not a valid startpoint. [E:/Git-Repos/CNC-FPGA/Zedboard-CNC/Zedboard-CNC.srcs/constrs_1/new/cnc_constraints.xdc:110]
Resolution: A valid start point is a main or generated clock pin or port, a clock pin of a sequential cell, or a primary input or inout port. Please validate that all the objects returned by your query belong to this list.
WARNING: [Constraints 18-402] set_multicycle_path: 'CNC_Top_i/XYZ_Axis_Coordinator/inst/curr_pos_y_reg[13]_i_1' is not a valid startpoint. [E:/Git-Repos/CNC-FPGA/Zedboard-CNC/Zedboard-CNC.srcs/constrs_1/new/cnc_constraints.xdc:110]
Resolution: A valid start point is a main or generated clock pin or port, a clock pin of a sequential cell, or a primary input or inout port. Please validate that all the objects returned by your query belong to this list.
WARNING: [Constraints 18-402] set_multicycle_path: 'CNC_Top_i/XYZ_Axis_Coordinator/inst/curr_pos_y_reg[17]_i_1' is not a valid startpoint. [E:/Git-Repos/CNC-FPGA/Zedboard-CNC/Zedboard-CNC.srcs/constrs_1/new/cnc_constraints.xdc:110]
Resolution: A valid start point is a main or generated clock pin or port, a clock pin of a sequential cell, or a primary input or inout port. Please validate that all the objects returned by your query belong to this list.
WARNING: [Constraints 18-402] set_multicycle_path: 'CNC_Top_i/XYZ_Axis_Coordinator/inst/curr_pos_y_reg[1]_i_2' is not a valid startpoint. [E:/Git-Repos/CNC-FPGA/Zedboard-CNC/Zedboard-CNC.srcs/constrs_1/new/cnc_constraints.xdc:110]
Resolution: A valid start point is a main or generated clock pin or port, a clock pin of a sequential cell, or a primary input or inout port. Please validate that all the objects returned by your query belong to this list.
WARNING: [Constraints 18-402] set_multicycle_path: 'CNC_Top_i/XYZ_Axis_Coordinator/inst/curr_pos_y_reg[21]_i_1' is not a valid startpoint. [E:/Git-Repos/CNC-FPGA/Zedboard-CNC/Zedboard-CNC.srcs/constrs_1/new/cnc_constraints.xdc:110]
Resolution: A valid start point is a main or generated clock pin or port, a clock pin of a sequential cell, or a primary input or inout port. Please validate that all the objects returned by your query belong to this list.
WARNING: [Constraints 18-402] set_multicycle_path: 'CNC_Top_i/XYZ_Axis_Coordinator/inst/curr_pos_y_reg[25]_i_1' is not a valid startpoint. [E:/Git-Repos/CNC-FPGA/Zedboard-CNC/Zedboard-CNC.srcs/constrs_1/new/cnc_constraints.xdc:110]
Resolution: A valid start point is a main or generated clock pin or port, a clock pin of a sequential cell, or a primary input or inout port. Please validate that all the objects returned by your query belong to this list.
WARNING: [Constraints 18-402] set_multicycle_path: 'CNC_Top_i/XYZ_Axis_Coordinator/inst/curr_pos_y_reg[29]_i_1' is not a valid startpoint. [E:/Git-Repos/CNC-FPGA/Zedboard-CNC/Zedboard-CNC.srcs/constrs_1/new/cnc_constraints.xdc:110]
Resolution: A valid start point is a main or generated clock pin or port, a clock pin of a sequential cell, or a primary input or inout port. Please validate that all the objects returned by your query belong to this list.
WARNING: [Constraints 18-402] set_multicycle_path: 'CNC_Top_i/XYZ_Axis_Coordinator/inst/curr_pos_y_reg[5]_i_1' is not a valid startpoint. [E:/Git-Repos/CNC-FPGA/Zedboard-CNC/Zedboard-CNC.srcs/constrs_1/new/cnc_constraints.xdc:110]
Resolution: A valid start point is a main or generated clock pin or port, a clock pin of a sequential cell, or a primary input or inout port. Please validate that all the objects returned by your query belong to this list.
WARNING: [Constraints 18-402] set_multicycle_path: 'CNC_Top_i/XYZ_Axis_Coordinator/inst/curr_pos_y_reg[9]_i_1' is not a valid startpoint. [E:/Git-Repos/CNC-FPGA/Zedboard-CNC/Zedboard-CNC.srcs/constrs_1/new/cnc_constraints.xdc:110]
Resolution: A valid start point is a main or generated clock pin or port, a clock pin of a sequential cell, or a primary input or inout port. Please validate that all the objects returned by your query belong to this list.
INFO: [Common 17-14] Message 'Constraints 18-402' appears 100 times and further instances of the messages will be disabled. Use the Tcl command set_msg_config to change the current settings. [E:/Git-Repos/CNC-FPGA/Zedboard-CNC/Zedboard-CNC.srcs/constrs_1/new/cnc_constraints.xdc:110]
Finished Parsing XDC File [E:/Git-Repos/CNC-FPGA/Zedboard-CNC/Zedboard-CNC.srcs/constrs_1/new/cnc_constraints.xdc]
INFO: [Project 1-1714] 133 XPM XDC files have been applied to the design.
INFO: [Opt 31-138] Pushed 0 inverter(s) to 0 load pin(s).
INFO: [Project 1-1687] 1 scoped IP constraints or related sub-commands were skipped due to synthesis logic optimizations usually triggered by constant connectivity or unconnected output pins. To review the skipped constraints and messages, run the command 'set_param netlist.IPMsgFiltering false' before opening the design.
Netlist sorting complete. Time (s): cpu = 00:00:00 ; elapsed = 00:00:00.003 . Memory (MB): peak = 1660.445 ; gain = 0.000
INFO: [Project 1-111] Unisim Transformation Summary:
No Unisim elements were transformed.

16 Infos, 201 Warnings, 0 Critical Warnings and 0 Errors encountered.
link_design completed successfully
link_design: Time (s): cpu = 00:00:14 ; elapsed = 00:00:17 . Memory (MB): peak = 1660.445 ; gain = 1215.602
Command: opt_design -directive RuntimeOptimized
INFO: [Vivado_Tcl 4-136] Directive used for opt_design is: RuntimeOptimized
Attempting to get a license for feature 'Implementation' and/or device 'xc7z020'
INFO: [Common 17-349] Got license for feature 'Implementation' and/or device 'xc7z020'
Running DRC as a precondition to command opt_design

Starting DRC Task
INFO: [DRC 23-27] Running DRC with 2 threads
INFO: [Project 1-461] DRC finished with 0 Errors
INFO: [Project 1-462] Please refer to the DRC report (report_drc) for more information.

Time (s): cpu = 00:00:02 ; elapsed = 00:00:00.915 . Memory (MB): peak = 1660.445 ; gain = 0.000

Starting Logic Optimization Task

Phase 1 Initialization

Phase 1.1 Core Generation And Design Setup

Phase 1.1.1 Generate And Synthesize Debug Cores
INFO: [Chipscope 16-329] Generating Script for core instance : dbg_hub 
INFO: [IP_Flow 19-3806] Processing IP xilinx.com:ip:xsdbm:3.0 for cell dbg_hub_CV.
INFO: [Chipscope 16-469] Using cached IP synthesis design for IP xilinx.com:ip:xsdbm:3.0, cache-ID = 35f9a0fa91973c7b.
Done building netlist checker database: Time (s): cpu = 00:00:00 ; elapsed = 00:00:00.005 . Memory (MB): peak = 2017.934 ; gain = 0.000
Netlist sorting complete. Time (s): cpu = 00:00:00 ; elapsed = 00:00:00.019 . Memory (MB): peak = 2095.594 ; gain = 0.000
Phase 1.1.1 Generate And Synthesize Debug Cores | Checksum: 226d81c7a

Time (s): cpu = 00:00:02 ; elapsed = 00:00:15 . Memory (MB): peak = 2095.594 ; gain = 109.574
Phase 1.1 Core Generation And Design Setup | Checksum: 226d81c7a

Time (s): cpu = 00:00:02 ; elapsed = 00:00:15 . Memory (MB): peak = 2095.594 ; gain = 109.574

Phase 1.2 Setup Constraints And Sort Netlist
Phase 1.2 Setup Constraints And Sort Netlist | Checksum: 226d81c7a

Time (s): cpu = 00:00:02 ; elapsed = 00:00:15 . Memory (MB): peak = 2095.594 ; gain = 109.574
Phase 1 Initialization | Checksum: 226d81c7a

Time (s): cpu = 00:00:02 ; elapsed = 00:00:15 . Memory (MB): peak = 2095.594 ; gain = 109.574

Phase 2 Timer Update And Timing Data Collection

Phase 2.1 Timer Update
Phase 2.1 Timer Update | Checksum: 226d81c7a

Time (s): cpu = 00:00:03 ; elapsed = 00:00:15 . Memory (MB): peak = 2095.594 ; gain = 109.574

Phase 2.2 Timing Data Collection
Phase 2.2 Timing Data Collection | Checksum: 226d81c7a

Time (s): cpu = 00:00:03 ; elapsed = 00:00:15 . Memory (MB): peak = 2095.594 ; gain = 109.574
Phase 2 Timer Update And Timing Data Collection | Checksum: 226d81c7a

Time (s): cpu = 00:00:03 ; elapsed = 00:00:15 . Memory (MB): peak = 2095.594 ; gain = 109.574

Phase 3 Retarget
INFO: [Opt 31-1851] Number of loadless carry chains removed were: 0
INFO: [Opt 31-1834] Total Chains To Be Transformed Were: 0 AND Number of Transformed insts Created are: 0
INFO: [Opt 31-138] Pushed 28 inverter(s) to 200 load pin(s).
INFO: [Opt 31-49] Retargeted 0 cell(s).
Phase 3 Retarget | Checksum: 180e1de41

Time (s): cpu = 00:00:03 ; elapsed = 00:00:16 . Memory (MB): peak = 2095.594 ; gain = 109.574
Retarget | Checksum: 180e1de41
INFO: [Opt 31-389] Phase Retarget created 1 cells and removed 60 cells
INFO: [Opt 31-1021] In phase Retarget, 351 netlist objects are constrained preventing optimization. Please run opt_design with -debug_log to get more detail. 

Phase 4 Constant propagation
INFO: [Opt 31-138] Pushed 0 inverter(s) to 0 load pin(s).
Phase 4 Constant propagation | Checksum: 115bcfec4

Time (s): cpu = 00:00:03 ; elapsed = 00:00:16 . Memory (MB): peak = 2095.594 ; gain = 109.574
Constant propagation | Checksum: 115bcfec4
INFO: [Opt 31-389] Phase Constant propagation created 0 cells and removed 0 cells
INFO: [Opt 31-1021] In phase Constant propagation, 350 netlist objects are constrained preventing optimization. Please run opt_design with -debug_log to get more detail. 

Phase 5 Sweep
INFO: [Constraints 18-11670] Building netlist checker database with flags, 0x8
Done building netlist checker database: Time (s): cpu = 00:00:00 ; elapsed = 00:00:00.006 . Memory (MB): peak = 2095.594 ; gain = 0.000
INFO: [Constraints 18-11670] Building netlist checker database with flags, 0x8
Done building netlist checker database: Time (s): cpu = 00:00:00 ; elapsed = 00:00:00.004 . Memory (MB): peak = 2095.594 ; gain = 0.000
Phase 5 Sweep | Checksum: 189123177

Time (s): cpu = 00:00:05 ; elapsed = 00:00:18 . Memory (MB): peak = 2095.594 ; gain = 109.574
Sweep | Checksum: 189123177
INFO: [Opt 31-389] Phase Sweep created 0 cells and removed 300 cells
INFO: [Opt 31-1021] In phase Sweep, 1277 netlist objects are constrained preventing optimization. Please run opt_design with -debug_log to get more detail. 

Phase 6 BUFG optimization
Phase 6 BUFG optimization | Checksum: 189123177

Time (s): cpu = 00:00:05 ; elapsed = 00:00:18 . Memory (MB): peak = 2095.594 ; gain = 109.574
BUFG optimization | Checksum: 189123177
INFO: [Opt 31-662] Phase BUFG optimization created 0 cells of which 0 are BUFGs and removed 0 cells.

Phase 7 Shift Register Optimization
INFO: [Opt 31-1064] SRL Remap converted 0 SRLs to 0 registers and converted 0 registers of register chains to 0 SRLs
Phase 7 Shift Register Optimization | Checksum: 189123177

Time (s): cpu = 00:00:05 ; elapsed = 00:00:18 . Memory (MB): peak = 2095.594 ; gain = 109.574
Shift Register Optimization | Checksum: 189123177
INFO: [Opt 31-389] Phase Shift Register Optimization created 0 cells and removed 0 cells

Phase 8 Post Processing Netlist
Phase 8 Post Processing Netlist | Checksum: 189123177

Time (s): cpu = 00:00:05 ; elapsed = 00:00:18 . Memory (MB): peak = 2095.594 ; gain = 109.574
Post Processing Netlist | Checksum: 189123177
INFO: [Opt 31-389] Phase Post Processing Netlist created 0 cells and removed 0 cells
INFO: [Opt 31-1021] In phase Post Processing Netlist, 403 netlist objects are constrained preventing optimization. Please run opt_design with -debug_log to get more detail. 

Phase 9 Finalization

Phase 9.1 Finalizing Design Cores and Updating Shapes
Phase 9.1 Finalizing Design Cores and Updating Shapes | Checksum: 117b30a71

Time (s): cpu = 00:00:06 ; elapsed = 00:00:19 . Memory (MB): peak = 2095.594 ; gain = 109.574

Phase 9.2 Verifying Netlist Connectivity

Starting Connectivity Check Task

Time (s): cpu = 00:00:00 ; elapsed = 00:00:00.033 . Memory (MB): peak = 2095.594 ; gain = 0.000
Phase 9.2 Verifying Netlist Connectivity | Checksum: 117b30a71

Time (s): cpu = 00:00:06 ; elapsed = 00:00:19 . Memory (MB): peak = 2095.594 ; gain = 109.574
Phase 9 Finalization | Checksum: 117b30a71

Time (s): cpu = 00:00:06 ; elapsed = 00:00:19 . Memory (MB): peak = 2095.594 ; gain = 109.574
Opt_design Change Summary
=========================


-------------------------------------------------------------------------------------------------------------------------
|  Phase                        |  #Cells created  |  #Cells Removed  |  #Constrained objects preventing optimizations  |
-------------------------------------------------------------------------------------------------------------------------
|  Retarget                     |               1  |              60  |                                            351  |
|  Constant propagation         |               0  |               0  |                                            350  |
|  Sweep                        |               0  |             300  |                                           1277  |
|  BUFG optimization            |               0  |               0  |                                              0  |
|  Shift Register Optimization  |               0  |               0  |                                              0  |
|  Post Processing Netlist      |               0  |               0  |                                            403  |
-------------------------------------------------------------------------------------------------------------------------


Ending Logic Optimization Task | Checksum: 117b30a71

Time (s): cpu = 00:00:06 ; elapsed = 00:00:19 . Memory (MB): peak = 2095.594 ; gain = 109.574

Starting Netlist Obfuscation Task
Netlist sorting complete. Time (s): cpu = 00:00:00 ; elapsed = 00:00:00.004 . Memory (MB): peak = 2095.594 ; gain = 0.000
Ending Netlist Obfuscation Task | Checksum: 117b30a71

Time (s): cpu = 00:00:00 ; elapsed = 00:00:00.007 . Memory (MB): peak = 2095.594 ; gain = 0.000
INFO: [Common 17-83] Releasing license: Implementation
47 Infos, 201 Warnings, 0 Critical Warnings and 0 Errors encountered.
opt_design completed successfully
opt_design: Time (s): cpu = 00:00:10 ; elapsed = 00:00:22 . Memory (MB): peak = 2095.594 ; gain = 435.148
INFO: [Vivado 12-24828] Executing command : report_drc -file CNC_Top_wrapper_drc_opted.rpt -pb CNC_Top_wrapper_drc_opted.pb -rpx CNC_Top_wrapper_drc_opted.rpx
Command: report_drc -file CNC_Top_wrapper_drc_opted.rpt -pb CNC_Top_wrapper_drc_opted.pb -rpx CNC_Top_wrapper_drc_opted.rpx
INFO: [IP_Flow 19-1839] IP Catalog is up to date.
INFO: [DRC 23-27] Running DRC with 2 threads
INFO: [Vivado_Tcl 2-168] The results of DRC are in file E:/Git-Repos/CNC-FPGA/Zedboard-CNC/Zedboard-CNC.runs/impl_1/CNC_Top_wrapper_drc_opted.rpt.
report_drc completed successfully
INFO: [Timing 38-35] Done setting XDC timing constraints.
INFO: [Timing 38-480] Writing timing data to binary archive.
Wrote PlaceDB: Time (s): cpu = 00:00:00 ; elapsed = 00:00:00.014 . Memory (MB): peak = 2095.594 ; gain = 0.000
Wrote PulsedLatchDB: Time (s): cpu = 00:00:00 ; elapsed = 00:00:00 . Memory (MB): peak = 2095.594 ; gain = 0.000
Writing XDEF routing.
Writing XDEF routing logical nets.
Write ShapeDB Complete: Time (s): cpu = 00:00:00 ; elapsed = 00:00:00.045 . Memory (MB): peak = 2095.594 ; gain = 0.000
Writing XDEF routing special nets.
Wrote RouteStorage: Time (s): cpu = 00:00:00 ; elapsed = 00:00:00.035 . Memory (MB): peak = 2095.594 ; gain = 0.000
Wrote Netlist Cache: Time (s): cpu = 00:00:00 ; elapsed = 00:00:00 . Memory (MB): peak = 2095.594 ; gain = 0.000
Wrote Device Cache: Time (s): cpu = 00:00:00 ; elapsed = 00:00:00.014 . Memory (MB): peak = 2095.594 ; gain = 0.000
Write Physdb Complete: Time (s): cpu = 00:00:00 ; elapsed = 00:00:00.072 . Memory (MB): peak = 2095.594 ; gain = 0.000
INFO: [Common 17-1381] The checkpoint 'E:/Git-Repos/CNC-FPGA/Zedboard-CNC/Zedboard-CNC.runs/impl_1/CNC_Top_wrapper_opt.dcp' has been generated.
INFO: [Chipscope 16-240] Debug cores have already been implemented
Command: place_design -directive Quick
Attempting to get a license for feature 'Implementation' and/or device 'xc7z020'
INFO: [Common 17-349] Got license for feature 'Implementation' and/or device 'xc7z020'
INFO: [Common 17-83] Releasing license: Implementation
INFO: [DRC 23-27] Running DRC with 2 threads
INFO: [Vivado_Tcl 4-198] DRC finished with 0 Errors
INFO: [Vivado_Tcl 4-199] Please refer to the DRC report (report_drc) for more information.
INFO: [Vivado_Tcl 4-2302] The placer was invoked with the 'Quick' directive.
Running DRC as a precondition to command place_design
INFO: [DRC 23-27] Running DRC with 2 threads
INFO: [Vivado_Tcl 4-198] DRC finished with 0 Errors
INFO: [Vivado_Tcl 4-199] Please refer to the DRC report (report_drc) for more information.
INFO: [Place 30-611] Multithreading enabled for place_design using a maximum of 2 CPUs

Starting Placer Task

Phase 1 Placer Initialization

Phase 1.1 Placer Initialization Netlist Sorting
Netlist sorting complete. Time (s): cpu = 00:00:00 ; elapsed = 00:00:00.005 . Memory (MB): peak = 2105.352 ; gain = 0.000
Phase 1.1 Placer Initialization Netlist Sorting | Checksum: c6fc54bf

Time (s): cpu = 00:00:00 ; elapsed = 00:00:00.014 . Memory (MB): peak = 2105.352 ; gain = 0.000
Netlist sorting complete. Time (s): cpu = 00:00:00 ; elapsed = 00:00:00.003 . Memory (MB): peak = 2105.352 ; gain = 0.000

Phase 1.2 IO Placement/ Clock Placement/ Build Placer Device
Phase 1.2 IO Placement/ Clock Placement/ Build Placer Device | Checksum: 18bacc84b

Time (s): cpu = 00:00:01 ; elapsed = 00:00:00.675 . Memory (MB): peak = 2105.352 ; gain = 0.000

Phase 1.3 Build Placer Netlist Model
Phase 1.3 Build Placer Netlist Model | Checksum: 26bd3068c

Time (s): cpu = 00:00:01 ; elapsed = 00:00:01 . Memory (MB): peak = 2105.352 ; gain = 0.000

Phase 1.4 Constrain Clocks/Macros
Phase 1.4 Constrain Clocks/Macros | Checksum: 26bd3068c

Time (s): cpu = 00:00:01 ; elapsed = 00:00:01 . Memory (MB): peak = 2105.352 ; gain = 0.000
Phase 1 Placer Initialization | Checksum: 26bd3068c

Time (s): cpu = 00:00:01 ; elapsed = 00:00:01 . Memory (MB): peak = 2105.352 ; gain = 0.000

Phase 2 Global Placement

Phase 2.1 Floorplanning
Phase 2.1 Floorplanning | Checksum: 26bd3068c

Time (s): cpu = 00:00:01 ; elapsed = 00:00:01 . Memory (MB): peak = 2105.352 ; gain = 0.000

Phase 2.2 Update Timing before SLR Path Opt
Phase 2.2 Update Timing before SLR Path Opt | Checksum: 26bd3068c

Time (s): cpu = 00:00:01 ; elapsed = 00:00:01 . Memory (MB): peak = 2105.352 ; gain = 0.000

Phase 2.3 Post-Processing in Floorplanning
Phase 2.3 Post-Processing in Floorplanning | Checksum: 26bd3068c

Time (s): cpu = 00:00:01 ; elapsed = 00:00:01 . Memory (MB): peak = 2105.352 ; gain = 0.000

Phase 2.4 Global Place Phase1
Phase 2.4 Global Place Phase1 | Checksum: 216476fba

Time (s): cpu = 00:00:04 ; elapsed = 00:00:04 . Memory (MB): peak = 2105.352 ; gain = 0.000

Phase 2.5 Global Place Phase2
Phase 2.5 Global Place Phase2 | Checksum: 242cda2c4

Time (s): cpu = 00:00:05 ; elapsed = 00:00:04 . Memory (MB): peak = 2105.352 ; gain = 0.000
Phase 2 Global Placement | Checksum: 242cda2c4

Time (s): cpu = 00:00:05 ; elapsed = 00:00:04 . Memory (MB): peak = 2105.352 ; gain = 0.000

Phase 3 Detail Placement

Phase 3.1 Commit Multi Column Macros
Phase 3.1 Commit Multi Column Macros | Checksum: 242cda2c4

Time (s): cpu = 00:00:05 ; elapsed = 00:00:04 . Memory (MB): peak = 2105.352 ; gain = 0.000

Phase 3.2 Commit Most Macros & LUTRAMs
Phase 3.2 Commit Most Macros & LUTRAMs | Checksum: 224921404

Time (s): cpu = 00:00:05 ; elapsed = 00:00:05 . Memory (MB): peak = 2105.352 ; gain = 0.000

Phase 3.3 Area Swap Optimization
Phase 3.3 Area Swap Optimization | Checksum: 27edd2f90

Time (s): cpu = 00:00:06 ; elapsed = 00:00:05 . Memory (MB): peak = 2105.352 ; gain = 0.000

Phase 3.4 Pipeline Register Optimization
Phase 3.4 Pipeline Register Optimization | Checksum: 27edd2f90

Time (s): cpu = 00:00:06 ; elapsed = 00:00:05 . Memory (MB): peak = 2105.352 ; gain = 0.000

Phase 3.5 Small Shape Detail Placement
Phase 3.5 Small Shape Detail Placement | Checksum: 200872420

Time (s): cpu = 00:00:07 ; elapsed = 00:00:06 . Memory (MB): peak = 2105.352 ; gain = 0.000

Phase 3.6 Re-assign LUT pins
Phase 3.6 Re-assign LUT pins | Checksum: 200872420

Time (s): cpu = 00:00:08 ; elapsed = 00:00:07 . Memory (MB): peak = 2105.352 ; gain = 0.000

Phase 3.7 Pipeline Register Optimization
Phase 3.7 Pipeline Register Optimization | Checksum: 200872420

Time (s): cpu = 00:00:08 ; elapsed = 00:00:07 . Memory (MB): peak = 2105.352 ; gain = 0.000
Phase 3 Detail Placement | Checksum: 200872420

Time (s): cpu = 00:00:08 ; elapsed = 00:00:07 . Memory (MB): peak = 2105.352 ; gain = 0.000

Phase 4 Post Placement Optimization and Clean-Up

Phase 4.1 Post Commit Optimization
Phase 4.1 Post Commit Optimization | Checksum: 200872420

Time (s): cpu = 00:00:08 ; elapsed = 00:00:07 . Memory (MB): peak = 2105.352 ; gain = 0.000

Phase 4.2 Post Placement Cleanup
Phase 4.2 Post Placement Cleanup | Checksum: 200872420

Time (s): cpu = 00:00:08 ; elapsed = 00:00:07 . Memory (MB): peak = 2105.352 ; gain = 0.000

Phase 4.3 Placer Reporting

Phase 4.3.1 Print Estimated Congestion
INFO: [Place 30-612] Post-Placement Estimated Congestion 
 ____________________________________________________
|           | Global Congestion | Short Congestion  |
| Direction | Region Size       | Region Size       |
|___________|___________________|___________________|
|      North|                1x1|                4x4|
|___________|___________________|___________________|
|      South|                2x2|                2x2|
|___________|___________________|___________________|
|       East|                1x1|                1x1|
|___________|___________________|___________________|
|       West|                1x1|                1x1|
|___________|___________________|___________________|

Phase 4.3.1 Print Estimated Congestion | Checksum: 200872420

Time (s): cpu = 00:00:08 ; elapsed = 00:00:07 . Memory (MB): peak = 2105.352 ; gain = 0.000
Phase 4.3 Placer Reporting | Checksum: 200872420

Time (s): cpu = 00:00:08 ; elapsed = 00:00:07 . Memory (MB): peak = 2105.352 ; gain = 0.000

Phase 4.4 Final Placement Cleanup
Netlist sorting complete. Time (s): cpu = 00:00:00 ; elapsed = 00:00:00.005 . Memory (MB): peak = 2105.352 ; gain = 0.000

Time (s): cpu = 00:00:08 ; elapsed = 00:00:07 . Memory (MB): peak = 2105.352 ; gain = 0.000
Phase 4 Post Placement Optimization and Clean-Up | Checksum: 174f3ebb4

Time (s): cpu = 00:00:08 ; elapsed = 00:00:07 . Memory (MB): peak = 2105.352 ; gain = 0.000
Ending Placer Task | Checksum: 10296b10b

Time (s): cpu = 00:00:09 ; elapsed = 00:00:07 . Memory (MB): peak = 2105.352 ; gain = 0.000
66 Infos, 201 Warnings, 0 Critical Warnings and 0 Errors encountered.
place_design completed successfully
place_design: Time (s): cpu = 00:00:12 ; elapsed = 00:00:09 . Memory (MB): peak = 2105.352 ; gain = 0.000
INFO: [Vivado 12-24838] Running report commands "report_control_sets, report_io, report_utilization" in parallel.
Running report generation with 2 threads.
INFO: [Vivado 12-24828] Executing command : report_io -file CNC_Top_wrapper_io_placed.rpt
report_io: Time (s): cpu = 00:00:00 ; elapsed = 00:00:00.061 . Memory (MB): peak = 2105.352 ; gain = 0.000
INFO: [Vivado 12-24828] Executing command : report_utilization -file CNC_Top_wrapper_utilization_placed.rpt -pb CNC_Top_wrapper_utilization_placed.pb
INFO: [Vivado 12-24828] Executing command : report_control_sets -verbose -file CNC_Top_wrapper_control_sets_placed.rpt
report_control_sets: Time (s): cpu = 00:00:00 ; elapsed = 00:00:00.024 . Memory (MB): peak = 2105.352 ; gain = 0.000
INFO: [Timing 38-480] Writing timing data to binary archive.
Write ShapeDB Complete: Time (s): cpu = 00:00:00 ; elapsed = 00:00:00.049 . Memory (MB): peak = 2126.867 ; gain = 19.023
Wrote PlaceDB: Time (s): cpu = 00:00:03 ; elapsed = 00:00:00.927 . Memory (MB): peak = 2142.719 ; gain = 34.859
Wrote PulsedLatchDB: Time (s): cpu = 00:00:00 ; elapsed = 00:00:00 . Memory (MB): peak = 2142.719 ; gain = 0.000
Writing XDEF routing.
Writing XDEF routing logical nets.
Writing XDEF routing special nets.
Wrote RouteStorage: Time (s): cpu = 00:00:00 ; elapsed = 00:00:00.033 . Memory (MB): peak = 2142.719 ; gain = 0.000
Wrote Netlist Cache: Time (s): cpu = 00:00:00 ; elapsed = 00:00:00.027 . Memory (MB): peak = 2142.719 ; gain = 0.000
Wrote Device Cache: Time (s): cpu = 00:00:00 ; elapsed = 00:00:00.010 . Memory (MB): peak = 2142.719 ; gain = 0.000
Write Physdb Complete: Time (s): cpu = 00:00:03 ; elapsed = 00:00:01 . Memory (MB): peak = 2142.719 ; gain = 34.859
INFO: [Common 17-1381] The checkpoint 'E:/Git-Repos/CNC-FPGA/Zedboard-CNC/Zedboard-CNC.runs/impl_1/CNC_Top_wrapper_placed.dcp' has been generated.
Command: route_design -directive Quick
Attempting to get a license for feature 'Implementation' and/or device 'xc7z020'
INFO: [Common 17-349] Got license for feature 'Implementation' and/or device 'xc7z020'


Starting Routing Task
INFO: [Route 35-270] Using Router directive 'Quick'.
INFO: [Route 35-254] Multithreading enabled for route_design using a maximum of 2 CPUs

Phase 1 Build RT Design
Checksum: PlaceDB: ce5c569c ConstDB: 0 ShapeSum: 1e40e77f RouteDB: 15f972f0
Post Restoration Checksum: NetGraph: 93c5d025 | NumContArr: b037e58f | Constraints: c2a8fa9d | Timing: c2a8fa9d
Phase 1 Build RT Design | Checksum: 2c94faaee

Time (s): cpu = 00:00:09 ; elapsed = 00:00:07 . Memory (MB): peak = 2205.277 ; gain = 62.559

Phase 2 Router Initialization

Phase 2.1 Fix Topology Constraints
Phase 2.1 Fix Topology Constraints | Checksum: 2c94faaee

Time (s): cpu = 00:00:09 ; elapsed = 00:00:07 . Memory (MB): peak = 2212.082 ; gain = 69.363

Phase 2.2 Pre Route Cleanup
Phase 2.2 Pre Route Cleanup | Checksum: 2c94faaee

Time (s): cpu = 00:00:09 ; elapsed = 00:00:07 . Memory (MB): peak = 2212.082 ; gain = 69.363
 Number of Nodes with overlaps = 0

Router Utilization Summary
  Global Vertical Routing Utilization    = 0 %
  Global Horizontal Routing Utilization  = 0 %
  Routable Net Status*
  *Does not include unroutable nets such as driverless and loadless.
  Run report_route_status for detailed report.
  Number of Failed Nets               = 16250
    (Failed Nets is the sum of unrouted and partially routed nets)
  Number of Unrouted Nets             = 16250
  Number of Partially Routed Nets     = 0
  Number of Node Overlaps             = 0

Phase 2 Router Initialization | Checksum: 271753129

Time (s): cpu = 00:00:10 ; elapsed = 00:00:08 . Memory (MB): peak = 2246.238 ; gain = 103.520

Phase 3 Global Routing
Phase 3 Global Routing | Checksum: 271753129

Time (s): cpu = 00:00:10 ; elapsed = 00:00:08 . Memory (MB): peak = 2246.238 ; gain = 103.520

Phase 4 Initial Routing

Phase 4.1 Initial Net Routing Pass
Phase 4.1 Initial Net Routing Pass | Checksum: 1db6301b3

Time (s): cpu = 00:00:12 ; elapsed = 00:00:09 . Memory (MB): peak = 2246.238 ; gain = 103.520
Phase 4 Initial Routing | Checksum: 1db6301b3

Time (s): cpu = 00:00:12 ; elapsed = 00:00:09 . Memory (MB): peak = 2246.238 ; gain = 103.520

Phase 5 Rip-up And Reroute

Phase 5.1 Global Iteration 0
 Number of Nodes with overlaps = 214
 Number of Nodes with overlaps = 1
 Number of Nodes with overlaps = 0
Phase 5.1 Global Iteration 0 | Checksum: 3123c96f7

Time (s): cpu = 00:00:13 ; elapsed = 00:00:10 . Memory (MB): peak = 2246.238 ; gain = 103.520
Phase 5 Rip-up And Reroute | Checksum: 3123c96f7

Time (s): cpu = 00:00:13 ; elapsed = 00:00:10 . Memory (MB): peak = 2246.238 ; gain = 103.520

Phase 6 Delay and Skew Optimization
Phase 6 Delay and Skew Optimization | Checksum: 3123c96f7

Time (s): cpu = 00:00:13 ; elapsed = 00:00:10 . Memory (MB): peak = 2246.238 ; gain = 103.520

Phase 7 Post Hold Fix

Phase 7.1 Hold Fix Iter
Phase 7.1 Hold Fix Iter | Checksum: 3123c96f7

Time (s): cpu = 00:00:13 ; elapsed = 00:00:10 . Memory (MB): peak = 2246.238 ; gain = 103.520
Phase 7 Post Hold Fix | Checksum: 3123c96f7

Time (s): cpu = 00:00:13 ; elapsed = 00:00:10 . Memory (MB): peak = 2246.238 ; gain = 103.520

Phase 8 Route finalize

Router Utilization Summary
  Global Vertical Routing Utilization    = 3.52454 %
  Global Horizontal Routing Utilization  = 3.96154 %
  Routable Net Status*
  *Does not include unroutable nets such as driverless and loadless.
  Run report_route_status for detailed report.
  Number of Failed Nets               = 0
    (Failed Nets is the sum of unrouted and partially routed nets)
  Number of Unrouted Nets             = 0
  Number of Partially Routed Nets     = 0
  Number of Node Overlaps             = 0


--GLOBAL Congestion:
Utilization threshold used for congestion level computation: 0.85
Congestion Report
North Dir 1x1 Area, Max Cong = 74.7748%, No Congested Regions.
South Dir 1x1 Area, Max Cong = 54.0541%, No Congested Regions.
East Dir 1x1 Area, Max Cong = 64.7059%, No Congested Regions.
West Dir 1x1 Area, Max Cong = 69.1176%, No Congested Regions.

------------------------------
Reporting congestion hotspots
------------------------------
Direction: North
----------------
Congested clusters found at Level 0
Effective congestion level: 0 Aspect Ratio: 1 Sparse Ratio: 0
Direction: South
----------------
Congested clusters found at Level 0
Effective congestion level: 0 Aspect Ratio: 1 Sparse Ratio: 0
Direction: East
----------------
Congested clusters found at Level 0
Effective congestion level: 0 Aspect Ratio: 1 Sparse Ratio: 0
Direction: West
----------------
Congested clusters found at Level 0
Effective congestion level: 0 Aspect Ratio: 1 Sparse Ratio: 0

Phase 8 Route finalize | Checksum: 3123c96f7

Time (s): cpu = 00:00:13 ; elapsed = 00:00:10 . Memory (MB): peak = 2246.238 ; gain = 103.520

Phase 9 Verifying routed nets

 Verification completed successfully
Phase 9 Verifying routed nets | Checksum: 3123c96f7

Time (s): cpu = 00:00:14 ; elapsed = 00:00:10 . Memory (MB): peak = 2246.238 ; gain = 103.520

Phase 10 Depositing Routes
Phase 10 Depositing Routes | Checksum: 2301f73b2

Time (s): cpu = 00:00:15 ; elapsed = 00:00:11 . Memory (MB): peak = 2246.238 ; gain = 103.520

Phase 11 Post Process Routing
Phase 11 Post Process Routing | Checksum: 2301f73b2

Time (s): cpu = 00:00:15 ; elapsed = 00:00:11 . Memory (MB): peak = 2246.238 ; gain = 103.520
Total Elapsed time in route_design: 10.585 secs

Phase 12 Post-Route Event Processing
Phase 12 Post-Route Event Processing | Checksum: 12d7b773f

Time (s): cpu = 00:00:15 ; elapsed = 00:00:11 . Memory (MB): peak = 2246.238 ; gain = 103.520
INFO: [Route 35-16] Router Completed Successfully
Ending Routing Task | Checksum: 12d7b773f

Time (s): cpu = 00:00:15 ; elapsed = 00:00:11 . Memory (MB): peak = 2246.238 ; gain = 103.520

Routing Is Done.
INFO: [Common 17-83] Releasing license: Implementation
77 Infos, 201 Warnings, 0 Critical Warnings and 0 Errors encountered.
route_design completed successfully
route_design: Time (s): cpu = 00:00:15 ; elapsed = 00:00:11 . Memory (MB): peak = 2246.238 ; gain = 103.520
INFO: [Vivado 12-24828] Executing command : report_drc -file CNC_Top_wrapper_drc_routed.rpt -pb CNC_Top_wrapper_drc_routed.pb -rpx CNC_Top_wrapper_drc_routed.rpx
Command: report_drc -file CNC_Top_wrapper_drc_routed.rpt -pb CNC_Top_wrapper_drc_routed.pb -rpx CNC_Top_wrapper_drc_routed.rpx
INFO: [IP_Flow 19-1839] IP Catalog is up to date.
INFO: [DRC 23-27] Running DRC with 2 threads
INFO: [Vivado_Tcl 2-168] The results of DRC are in file E:/Git-Repos/CNC-FPGA/Zedboard-CNC/Zedboard-CNC.runs/impl_1/CNC_Top_wrapper_drc_routed.rpt.
report_drc completed successfully
INFO: [Vivado 12-24828] Executing command : report_methodology -file CNC_Top_wrapper_methodology_drc_routed.rpt -pb CNC_Top_wrapper_methodology_drc_routed.pb -rpx CNC_Top_wrapper_methodology_drc_routed.rpx
Command: report_methodology -file CNC_Top_wrapper_methodology_drc_routed.rpt -pb CNC_Top_wrapper_methodology_drc_routed.pb -rpx CNC_Top_wrapper_methodology_drc_routed.rpx
INFO: [Timing 38-35] Done setting XDC timing constraints.
INFO: [DRC 23-133] Running Methodology with 2 threads
INFO: [Vivado_Tcl 2-1520] The results of Report Methodology are in file E:/Git-Repos/CNC-FPGA/Zedboard-CNC/Zedboard-CNC.runs/impl_1/CNC_Top_wrapper_methodology_drc_routed.rpt.
report_methodology completed successfully
report_methodology: Time (s): cpu = 00:00:12 ; elapsed = 00:00:06 . Memory (MB): peak = 2399.727 ; gain = 93.281
INFO: [Vivado 12-24828] Executing command : report_timing_summary -max_paths 10 -report_unconstrained -file CNC_Top_wrapper_timing_summary_routed.rpt -pb CNC_Top_wrapper_timing_summary_routed.pb -rpx CNC_Top_wrapper_timing_summary_routed.rpx -warn_on_violation 
INFO: [Timing 38-35] Done setting XDC timing constraints.
INFO: [Timing 38-91] UpdateTimingParams: Speed grade: -1, Delay Type: min_max.
INFO: [Timing 38-191] Multithreading enabled for timing update using a maximum of 2 CPUs
CRITICAL WARNING: [Timing 38-282] The design failed to meet the timing requirements. Please see the timing summary report for details on the timing violations.
WARNING: [Timing 38-436] There are set_bus_skew constraint(s) in this design. Please run report_bus_skew to ensure that bus skew requirements are met.
INFO: [Vivado 12-24838] Running report commands "report_incremental_reuse, report_route_status" in parallel.
Running report generation with 2 threads.
INFO: [Vivado 12-24828] Executing command : report_incremental_reuse -file CNC_Top_wrapper_incremental_reuse_routed.rpt
INFO: [Vivado_Tcl 4-1062] Incremental flow is disabled. No incremental reuse Info to report.
INFO: [Vivado 12-24828] Executing command : report_route_status -file CNC_Top_wrapper_route_status.rpt -pb CNC_Top_wrapper_route_status.pb
INFO: [Vivado 12-24828] Executing command : report_power -file CNC_Top_wrapper_power_routed.rpt -pb CNC_Top_wrapper_power_summary_routed.pb -rpx CNC_Top_wrapper_power_routed.rpx
Command: report_power -file CNC_Top_wrapper_power_routed.rpt -pb CNC_Top_wrapper_power_summary_routed.pb -rpx CNC_Top_wrapper_power_routed.rpx
Running Vector-less Activity Propagation...

Finished Running Vector-less Activity Propagation
WARNING: [Power 33-332] Found switching activity that implies high-fanout reset nets being asserted for excessive periods of time which may result in inaccurate power analysis.
Resolution: To review and fix problems, please run Power Constraints Advisor in the GUI from Tools > Power Constraints Advisor or run report_power with the -advisory option to generate a text report.
94 Infos, 203 Warnings, 1 Critical Warnings and 0 Errors encountered.
report_power completed successfully
INFO: [Vivado 12-24828] Executing command : report_clock_utilization -file CNC_Top_wrapper_clock_utilization_routed.rpt
INFO: [Vivado 12-24828] Executing command : report_bus_skew -warn_on_violation -file CNC_Top_wrapper_bus_skew_routed.rpt -pb CNC_Top_wrapper_bus_skew_routed.pb -rpx CNC_Top_wrapper_bus_skew_routed.rpx
INFO: [Timing 38-91] UpdateTimingParams: Speed grade: -1, Delay Type: min_max.
INFO: [Timing 38-191] Multithreading enabled for timing update using a maximum of 2 CPUs
generate_parallel_reports: Time (s): cpu = 00:00:23 ; elapsed = 00:00:14 . Memory (MB): peak = 2451.176 ; gain = 204.938
INFO: [Timing 38-480] Writing timing data to binary archive.
Write ShapeDB Complete: Time (s): cpu = 00:00:00 ; elapsed = 00:00:00.044 . Memory (MB): peak = 2486.887 ; gain = 17.781
Wrote PlaceDB: Time (s): cpu = 00:00:03 ; elapsed = 00:00:00.912 . Memory (MB): peak = 2521.992 ; gain = 52.887
Wrote PulsedLatchDB: Time (s): cpu = 00:00:00 ; elapsed = 00:00:00 . Memory (MB): peak = 2521.992 ; gain = 0.000
Writing XDEF routing.
Writing XDEF routing logical nets.
Writing XDEF routing special nets.
Wrote RouteStorage: Time (s): cpu = 00:00:00 ; elapsed = 00:00:00.123 . Memory (MB): peak = 2521.992 ; gain = 0.000
Wrote Netlist Cache: Time (s): cpu = 00:00:00 ; elapsed = 00:00:00.023 . Memory (MB): peak = 2521.992 ; gain = 0.000
Wrote Device Cache: Time (s): cpu = 00:00:00 ; elapsed = 00:00:00.009 . Memory (MB): peak = 2521.992 ; gain = 0.000
Write Physdb Complete: Time (s): cpu = 00:00:03 ; elapsed = 00:00:01 . Memory (MB): peak = 2521.992 ; gain = 52.887
INFO: [Common 17-1381] The checkpoint 'E:/Git-Repos/CNC-FPGA/Zedboard-CNC/Zedboard-CNC.runs/impl_1/CNC_Top_wrapper_routed.dcp' has been generated.
Command: write_bitstream -force CNC_Top_wrapper.bit
Attempting to get a license for feature 'Implementation' and/or device 'xc7z020'
INFO: [Common 17-349] Got license for feature 'Implementation' and/or device 'xc7z020'
Running DRC as a precondition to command write_bitstream
INFO: [IP_Flow 19-1839] IP Catalog is up to date.
INFO: [DRC 23-27] Running DRC with 2 threads
INFO: [Vivado 12-3199] DRC finished with 0 Errors
INFO: [Vivado 12-3200] Please refer to the DRC report (report_drc) for more information.
INFO: [Designutils 20-2272] Running write_bitstream with 2 threads.
Loading data files...
Loading site data...
Loading route data...
Processing options...
Creating bitmap...
Creating bitstream...
Writing bitstream ./CNC_Top_wrapper.bit...
INFO: [Vivado 12-1842] Bitgen Completed Successfully.
INFO: [Project 1-1876] WebTalk data collection is mandatory when using a ULT device. To see the specific WebTalk data collected for your design, open the usage_statistics_webtalk.html or usage_statistics_webtalk.xml file in the implementation directory.
INFO: [Common 17-83] Releasing license: Implementation
109 Infos, 203 Warnings, 1 Critical Warnings and 0 Errors encountered.
write_bitstream completed successfully
write_bitstream: Time (s): cpu = 00:00:21 ; elapsed = 00:00:15 . Memory (MB): peak = 2999.520 ; gain = 477.527
INFO: [Common 17-206] Exiting Vivado at Tue Mar 31 00:01:23 2026...
